#ifndef BOTTLE_CLEAN_H
#define BOTTLE_CLEAN_H



#define IMAGE_WIDTH  240
#define IMAGE_HEIGHT 240

const uint16_t  bottle_clean_data[] PROGMEM = {  0x8CF4, 0x8CF4, 0x8CF5, 0x8CF5, 0x8CF4, 0x8CF4, 0x8CF5, 0x8CF5, 0x8CF4, 0x8CF4, 0x8CD4, 0x8CD4,
  0x8CD4, 0x8CD4, 0x8CD4, 0x84B4, 0x84B4, 0x84B4, 0x84B4, 0x8493, 0x8493, 0x7C93, 0x7C73, 0x7C73,
  0x7C73, 0x7452, 0x7452, 0x7432, 0x7432, 0x6C11, 0x6BF1, 0x6BF1, 0x63D1, 0x63D0, 0x5BB0, 0x5B90,
  0x5B8F, 0x536F, 0x534F, 0x532E, 0x4B2E, 0x4B0E, 0x42ED, 0x42ED, 0x42CD, 0x3ACD, 0x3AAC, 0x3A8C,
  0x328C, 0x326B, 0x326B, 0x324B, 0x2A2B, 0x2A2A, 0x2A0A, 0x220A, 0x21E9, 0x21C9, 0x19C9, 0x19C9,
  0x19A9, 0x19A8, 0x1988, 0x1188, 0x1188, 0x1188, 0x1167, 0x1167, 0x1147, 0x1147, 0x0947, 0x0947,
  0x0947, 0x0947, 0x0947, 0x0927, 0x0927, 0x0927, 0x0927, 0x0926, 0x0926, 0x0106, 0x0106, 0x0106,
  0x0106, 0x0106, 0x0106, 0x0106, 0x0106, 0x0106, 0x0106, 0x0106, 0x0106, 0x0106, 0x0106, 0x0106,
  0x0106, 0x0126, 0x0126, 0x0126, 0x0126, 0x0106, 0x0106, 0x0106, 0x0106, 0x00C5, 0x00A4, 0x0063,
  0x0043, 0x0022, 0x0002, 0x0002, 0x0001, 0x0001, 0x0000, 0x0000, 0x0000, 0x0000, 0x0000, 0x0000,
  0x0000, 0x0000, 0x0000, 0x0000, 0x0000, 0x0000, 0x0001, 0x0001, 0x0002, 0x0002, 0x0022, 0x0043,
  0x0063, 0x0084, 0x00A5, 0x00C5, 0x0106, 0x0106, 0x0106, 0x0127, 0x0127, 0x0127, 0x0106, 0x0106,
  0x0106, 0x0106, 0x0106, 0x0106, 0x0106, 0x0106, 0x0106, 0x0106, 0x0106, 0x0106, 0x0106, 0x0106,
  0x0106, 0x0926, 0x0926, 0x0927, 0x0927, 0x0927, 0x0927, 0x0927, 0x0927, 0x0947, 0x0947, 0x0947,
  0x0947, 0x1147, 0x1168, 0x1168, 0x1168, 0x1168, 0x1188, 0x1988, 0x19A9, 0x19A9, 0x19A9, 0x19C9,
  0x19C9, 0x21C9, 0x21E9, 0x21EA, 0x220A, 0x2A0A, 0x2A2A, 0x2A4B, 0x324B, 0x326B, 0x326B, 0x3A8C,
  0x3A8C, 0x3AAC, 0x42CD, 0x42ED, 0x4AED, 0x4B0E, 0x4B2E, 0x534F, 0x534F, 0x5B6F, 0x5B90, 0x5B90,
  0x63B0, 0x63D0, 0x63D1, 0x6BF1, 0x6BF1, 0x6C12, 0x7432, 0x7432, 0x7452, 0x7C52, 0x7C53, 0x7C73,
  0x8493, 0x8493, 0x8493, 0x84B4, 0x84B4, 0x84B4, 0x8CD4, 0x8CD4, 0x8CD4, 0x8CD4, 0x8CF5, 0x8CF5,
  0x94F5, 0x94F5, 0x94F5, 0x94F5, 0x9515, 0x9515, 0x9515, 0x9515, 0x9515, 0x9515, 0x9515, 0x9515,
  0x8CF4, 0x8CF4, 0x8CF5, 0x8CF5, 0x8CF5, 0x8CF4, 0x8CF5, 0x8CF4, 0x8CF4, 0x8CF4, 0x8CD4, 0x8CD4,
  0x8CD4, 0x8CD4, 0x8CD4, 0x84B4, 0x84B4, 0x84B4, 0x84B4, 0x8493, 0x8493, 0x7C93, 0x7C73, 0x7C73,
  0x7C73, 0x7452, 0x7452, 0x7432, 0x7432, 0x6C11, 0x6BF1, 0x6BF1, 0x63D1, 0x63B0, 0x5BB0, 0x5B90,
  0x5B8F, 0x536F, 0x534F, 0x532E, 0x4B2E, 0x4B0E, 0x42ED, 0x42ED, 0x42CD, 0x3AAC, 0x3AAC, 0x3A8C,
  0x326C, 0x326B, 0x324B, 0x324B, 0x2A2B, 0x2A2A, 0x2A0A, 0x220A, 0x21E9, 0x21C9, 0x19C9, 0x19C9,
  0x19A9, 0x19A8, 0x1988, 0x1188, 0x1188, 0x1168, 0x1167, 0x1167, 0x0947, 0x0947, 0x0947, 0x0947,
  0x0947, 0x0947, 0x0947, 0x0927, 0x0927, 0x0927, 0x0926, 0x0926, 0x0906, 0x0106, 0x0106, 0x0106,
  0x0106, 0x0106, 0x0106, 0x0106, 0x0106, 0x0106, 0x0106, 0x0106, 0x0106, 0x0126, 0x0127, 0x0126,
  0x0106, 0x00E6, 0x00C5, 0x00A4, 0x0063, 0x0022, 0x0001, 0x0001, 0x0000, 0x0000, 0x0000, 0x0001,
  0x0042, 0x08A4, 0x1126, 0x1946, 0x19A7, 0x1A6A, 0x22AB, 0x22CB, 0x22EC, 0x2AEC, 0x2AEC, 0x2B0C,
  0x230C, 0x22EC, 0x22EC, 0x22CC, 0x22CC, 0x22AB, 0x226A, 0x19C8, 0x1146, 0x1126, 0x08A4, 0x0842,
  0x0002, 0x0000, 0x0000, 0x0000, 0x0000, 0x0001, 0x0042, 0x0084, 0x00A5, 0x00C5, 0x00E6, 0x0106,
  0x0106, 0x0127, 0x0106, 0x0106, 0x0106, 0x0106, 0x0106, 0x0106, 0x0106, 0x0106, 0x0106, 0x0106,
  0x0106, 0x0106, 0x0926, 0x0926, 0x0926, 0x0927, 0x0927, 0x0927, 0x0927, 0x0947, 0x0947, 0x0947,
  0x0947, 0x0947, 0x1167, 0x1168, 0x1168, 0x1168, 0x1188, 0x1188, 0x19A8, 0x19A9, 0x19A9, 0x19C9,
  0x19C9, 0x21C9, 0x21E9, 0x21EA, 0x220A, 0x2A0A, 0x2A2A, 0x2A2B, 0x324B, 0x326B, 0x326B, 0x3A8C,
  0x3A8C, 0x3AAC, 0x42CD, 0x42CD, 0x42ED, 0x4B0E, 0x4B2E, 0x534E, 0x534F, 0x536F, 0x5B8F, 0x5B90,
  0x63B0, 0x63B0, 0x63D1, 0x6BF1, 0x6BF1, 0x6C11, 0x7432, 0x7432, 0x7452, 0x7C52, 0x7C53, 0x7C73,
  0x7C93, 0x8493, 0x8493, 0x8494, 0x84B4, 0x84B4, 0x8CD4, 0x8CD4, 0x8CD4, 0x8CD4, 0x8CF5, 0x8CF5,
  0x8CF5, 0x94F5, 0x94F5, 0x94F5, 0x9515, 0x9515, 0x9515, 0x9515, 0x9515, 0x9515, 0x9515, 0x9515,
  0x8CF5, 0x8CF5, 0x8CF5, 0x8CF5, 0x8CF5, 0x8CF5, 0x8CF5, 0x8CF4, 0x8CF4, 0x8CF4, 0x8CD4, 0x8CD4,
  0x8CD4, 0x8CD4, 0x8CD4, 0x8CD4, 0x84B4, 0x84B4, 0x84B3, 0x8493, 0x8493, 0x7C93, 0x7C73, 0x7C73,
  0x7C73, 0x7452, 0x7452, 0x7432, 0x7432, 0x6C11, 0x6BF1, 0x6BF1, 0x63D0, 0x63B0, 0x5BB0, 0x5B90,
  0x5B8F, 0x536F, 0x534F, 0x4B2E, 0x4B0E, 0x4B0E, 0x4AED, 0x42ED, 0x42CD, 0x3AAC, 0x3AAC, 0x3A8C,
  0x328C, 0x326B, 0x326B, 0x324B, 0x2A2B, 0x2A2A, 0x2A0A, 0x220A, 0x21EA, 0x21E9, 0x19C9, 0x19C9,
  0x19A9, 0x19A8, 0x1988, 0x1188, 0x1188, 0x1188, 0x1168, 0x1167, 0x1167, 0x0947, 0x0947, 0x0947,
  0x0947, 0x0947, 0x0927, 0x0927, 0x0927, 0x0927, 0x0926, 0x0926, 0x0106, 0x0106, 0x0106, 0x0106,
  0x0106, 0x0106, 0x0106, 0x0106, 0x0106, 0x0126, 0x0106, 0x0106, 0x0106, 0x00E6, 0x00C5, 0x0064,
  0x0022, 0x0001, 0x0000, 0x0000, 0x0001, 0x0883, 0x1167, 0x226A, 0x2B6E, 0x3452, 0x3D55, 0x3E39,
  0x3EDB, 0x3F3D, 0x47BF, 0x47FF, 0x3FFF, 0x3FFF, 0x3FFF, 0x47FF, 0x3FFF, 0x3FFF, 0x3FFF, 0x3FFF,
  0x3FFF, 0x3FFF, 0x3FFF, 0x3FFF, 0x3FFF, 0x3FFF, 0x3FFF, 0x3FFF, 0x3FFF, 0x3FDF, 0x3F3D, 0x3EDB,
  0x3E39, 0x3535, 0x34F4, 0x2BAF, 0x22CC, 0x1166, 0x0883, 0x0001, 0x0000, 0x0000, 0x0001, 0x0002,
  0x0063, 0x00C5, 0x00E6, 0x0106, 0x0126, 0x0126, 0x0126, 0x0106, 0x0106, 0x0106, 0x0106, 0x0106,
  0x0106, 0x0106, 0x0106, 0x0926, 0x0927, 0x0927, 0x0927, 0x0927, 0x0927, 0x0947, 0x0947, 0x0947,
  0x0947, 0x0947, 0x1167, 0x1168, 0x1168, 0x1188, 0x1188, 0x1188, 0x19A8, 0x19A9, 0x19A9, 0x19A9,
  0x19C9, 0x21C9, 0x21EA, 0x21EA, 0x220A, 0x2A0A, 0x2A2A, 0x2A2B, 0x324B, 0x324B, 0x326B, 0x3A8C,
  0x3A8C, 0x3AAC, 0x42CD, 0x42ED, 0x42ED, 0x4B0E, 0x4B2E, 0x534E, 0x534F, 0x536F, 0x5B6F, 0x5B90,
  0x63B0, 0x63D0, 0x63D1, 0x6BF1, 0x6BF1, 0x6C11, 0x7412, 0x7432, 0x7432, 0x7C52, 0x7C53, 0x7C73,
  0x7C73, 0x8493, 0x8493, 0x84B4, 0x84B4, 0x84B4, 0x8CD4, 0x8CD4, 0x8CD4, 0x8CD4, 0x8CF5, 0x8CF5,
  0x8CF5, 0x94F5, 0x94F5, 0x94F5, 0x94F5, 0x9515, 0x9515, 0x9515, 0x9515, 0x9515, 0x9515, 0x9515,
  0x8CF4, 0x8CF5, 0x8CF4, 0x8CF4, 0x8CF4, 0x8CF4, 0x8CF4, 0x8CF4, 0x8CF4, 0x8CF4, 0x8CD4, 0x8CD4,
  0x8CD4, 0x8CD4, 0x8CD4, 0x84B4, 0x84B4, 0x84B4, 0x84B4, 0x8493, 0x8493, 0x7C93, 0x7C73, 0x7C73,
  0x7C53, 0x7452, 0x7432, 0x7432, 0x7412, 0x6C11, 0x6BF1, 0x63D1, 0x63D0, 0x63B0, 0x5B90, 0x5B90,
  0x5B6F, 0x534F, 0x534E, 0x4B2E, 0x4B0E, 0x4B0E, 0x42ED, 0x42ED, 0x42CD, 0x3AAC, 0x3AAC, 0x3A8C,
  0x326C, 0x326B, 0x324B, 0x324B, 0x2A2A, 0x2A0A, 0x220A, 0x21EA, 0x21E9, 0x21E9, 0x19C9, 0x19C9,
  0x19A9, 0x19A8, 0x1988, 0x1188, 0x1188, 0x1168, 0x1168, 0x1167, 0x0947, 0x0947, 0x0947, 0x0947,
  0x0947, 0x0927, 0x0927, 0x0927, 0x0927, 0x0926, 0x0926, 0x0906, 0x0106, 0x0106, 0x0106, 0x0106,
  0x0106, 0x0126, 0x0127, 0x0127, 0x0106, 0x00E5, 0x00A4, 0x0063, 0x0002, 0x0000, 0x0000, 0x0022,
  0x1105, 0x2229, 0x2B6E, 0x34B3, 0x3DF8, 0x3F3C, 0x3FFF, 0x3FFF, 0x3FFF, 0x37FF, 0x37FF, 0x3FFF,
  0x3FFF, 0x3FFF, 0x3FFF, 0x3FFF, 0x3F9E, 0x3F3C, 0x473C, 0x46FB, 0x3E7A, 0x3E39, 0x3DF8, 0x3DF7,
  0x3DD7, 0x3DD7, 0x3DF8, 0x3DF8, 0x3659, 0x3EBA, 0x3F1C, 0x3F5D, 0x379E, 0x37FF, 0x37FF, 0x3FFF,
  0x37FF, 0x3FFF, 0x37FF, 0x3FFF, 0x3FFF, 0x3FFF, 0x3F3C, 0x3E18, 0x34D3, 0x2B4D, 0x19E8, 0x10E4,
  0x0002, 0x0000, 0x0000, 0x0001, 0x0043, 0x00A4, 0x00E5, 0x0106, 0x0127, 0x0127, 0x0126, 0x0106,
  0x0106, 0x0106, 0x0106, 0x0106, 0x0126, 0x0927, 0x0927, 0x0927, 0x0927, 0x0927, 0x0947, 0x0947,
  0x0947, 0x0947, 0x1147, 0x1168, 0x1168, 0x1168, 0x1188, 0x1188, 0x1988, 0x19A8, 0x19A9, 0x19A9,
  0x19C9, 0x21C9, 0x21E9, 0x21EA, 0x220A, 0x2A0A, 0x2A2A, 0x2A2B, 0x324B, 0x324B, 0x326B, 0x326C,
  0x3A8C, 0x3AAC, 0x42CD, 0x42CD, 0x42ED, 0x4B0E, 0x4B0E, 0x532E, 0x534F, 0x536F, 0x5B6F, 0x5B90,
  0x5BB0, 0x63B0, 0x63D1, 0x6BF1, 0x6BF1, 0x6C11, 0x7412, 0x7432, 0x7432, 0x7452, 0x7C53, 0x7C73,
  0x7C73, 0x8493, 0x8493, 0x8494, 0x84B4, 0x84B4, 0x8CB4, 0x8CD4, 0x8CD4, 0x8CD4, 0x8CD4, 0x8CF5,
  0x8CF5, 0x8CF5, 0x94F5, 0x94F5, 0x94F5, 0x9515, 0x94F5, 0x94F5, 0x94F5, 0x94F5, 0x9515, 0x9515,
  0x8CF4, 0x8CF4, 0x8CF5, 0x8CF4, 0x8CF4, 0x8CF4, 0x8CF4, 0x8CF4, 0x8CF4, 0x8CD4, 0x8CD4, 0x8CD4,
  0x8CD4, 0x8CD4, 0x8CB4, 0x84B4, 0x84B4, 0x84B4, 0x84B4, 0x8493, 0x8493, 0x7C93, 0x7C73, 0x7C73,
  0x7C53, 0x7452, 0x7432, 0x7432, 0x7412, 0x6C11, 0x6BF1, 0x63D1, 0x63D0, 0x63B0, 0x5B90, 0x5B8F,
  0x5B6F, 0x534F, 0x532E, 0x4B2E, 0x4B0E, 0x4AED, 0x42ED, 0x42ED, 0x42CD, 0x3AAC, 0x3AAC, 0x3A8C,
  0x326B, 0x326B, 0x324B, 0x2A4B, 0x2A2A, 0x2A0A, 0x220A, 0x21EA, 0x21E9, 0x21C9, 0x19C9, 0x19C9,
  0x19A9, 0x19A8, 0x1188, 0x1188, 0x1168, 0x1168, 0x1167, 0x1147, 0x0947, 0x0947, 0x0947, 0x0947,
  0x0947, 0x0927, 0x0927, 0x0927, 0x0926, 0x0926, 0x0926, 0x0106, 0x0106, 0x0106, 0x0126, 0x0127,
  0x0127, 0x0106, 0x00C5, 0x0084, 0x0002, 0x0000, 0x0000, 0x0863, 0x19A7, 0x2B2D, 0x3CD3, 0x4659,
  0x479E, 0x47FF, 0x3FFF, 0x3FFF, 0x3FFF, 0x3FFF, 0x3FFF, 0x479E, 0x46FB, 0x3E39, 0x3D55, 0x3431,
  0x2B8E, 0x228B, 0x19E9, 0x19E9, 0x1126, 0x08C4, 0x08C4, 0x08A4, 0x0063, 0x0043, 0x0022, 0x0002,
  0x0002, 0x0002, 0x0002, 0x0002, 0x0043, 0x0084, 0x08A4, 0x08A4, 0x08E5, 0x11A8, 0x19E9, 0x1A4A,
  0x234E, 0x2BD0, 0x3514, 0x3DD7, 0x3EDB, 0x3FBE, 0x3FFF, 0x3FFF, 0x3FFF, 0x3FFF, 0x3FFF, 0x3F7D,
  0x3E59, 0x3CF4, 0x2B4E, 0x19A7, 0x0863, 0x0000, 0x0000, 0x0022, 0x0084, 0x00E6, 0x0106, 0x0127,
  0x0127, 0x0127, 0x0106, 0x0106, 0x0106, 0x0127, 0x0127, 0x0927, 0x0927, 0x0927, 0x0927, 0x0947,
  0x0947, 0x0947, 0x0947, 0x1167, 0x1168, 0x1168, 0x1188, 0x1188, 0x1188, 0x19A8, 0x19A9, 0x19A9,
  0x19C9, 0x19C9, 0x21E9, 0x21EA, 0x21EA, 0x220A, 0x2A0A, 0x2A2A, 0x2A2B, 0x324B, 0x324B, 0x326C,
  0x3A8C, 0x3AAC, 0x3AAD, 0x42CD, 0x42ED, 0x42ED, 0x4B0E, 0x4B2E, 0x534F, 0x534F, 0x5B6F, 0x5B90,
  0x5B90, 0x63B0, 0x63D0, 0x6BD1, 0x6BF1, 0x6BF1, 0x7412, 0x7432, 0x7432, 0x7432, 0x7C52, 0x7C73,
  0x7C73, 0x7C73, 0x8493, 0x8494, 0x84B4, 0x84B4, 0x8CB4, 0x8CD4, 0x8CD4, 0x8CD4, 0x8CD4, 0x8CF5,
  0x8CF5, 0x8CF5, 0x94F5, 0x94F5, 0x94F5, 0x94F5, 0x94F5, 0x94F5, 0x9515, 0x94F5, 0x94F5, 0x94F5,
  0x8CF4, 0x8CD4, 0x8CF4, 0x8CF4, 0x8CF4, 0x8CD4, 0x8CD4, 0x8CD4, 0x8CD4, 0x8CD4, 0x8CD4, 0x8CD4,
  0x8CD4, 0x8CD4, 0x84B4, 0x84B4, 0x84B4, 0x84B4, 0x8493, 0x8493, 0x8493, 0x7C73, 0x7C73, 0x7C73,
  0x7C52, 0x7452, 0x7432, 0x7432, 0x6C12, 0x6C11, 0x6BF1, 0x63D1, 0x63D0, 0x63B0, 0x5B90, 0x5B8F,
  0x536F, 0x534F, 0x532E, 0x4B0E, 0x4B0E, 0x4AED, 0x42ED, 0x42CD, 0x42CD, 0x3AAC, 0x3A8C, 0x328C,
  0x326B, 0x326B, 0x324B, 0x2A2B, 0x2A2A, 0x2A0A, 0x220A, 0x21E9, 0x21E9, 0x19C9, 0x19C9, 0x19A9,
  0x19A8, 0x1988, 0x1188, 0x1188, 0x1168, 0x1167, 0x1167, 0x0947, 0x0947, 0x0947, 0x0947, 0x0947,
  0x0927, 0x0927, 0x0927, 0x0926, 0x0926, 0x0906, 0x0126, 0x0126, 0x0127, 0x0127, 0x0106, 0x00C5,
  0x0063, 0x0001, 0x0000, 0x0002, 0x1146, 0x2B2D, 0x3CF4, 0x46BA, 0x3FFF, 0x3FFF, 0x3FFF, 0x3FFF,
  0x3FFF, 0x3F7E, 0x469A, 0x3D76, 0x3C72, 0x2B0D, 0x19E9, 0x1146, 0x0884, 0x0043, 0x0002, 0x0002,
  0x0002, 0x0002, 0x0023, 0x0023, 0x0044, 0x0064, 0x0064, 0x0084, 0x0084, 0x0084, 0x0085, 0x0085,
  0x0085, 0x0084, 0x0084, 0x0085, 0x0085, 0x0084, 0x0064, 0x0064, 0x0044, 0x0023, 0x0023, 0x0003,
  0x0002, 0x0001, 0x0001, 0x0002, 0x0863, 0x1146, 0x1A2A, 0x2B8E, 0x3514, 0x3E7A, 0x3FBE, 0x37FF,
  0x37FF, 0x37FF, 0x3FFF, 0x3FFF, 0x46DB, 0x3D35, 0x2B0D, 0x1146, 0x0001, 0x0000, 0x0002, 0x0064,
  0x00C5, 0x0106, 0x0127, 0x0127, 0x0126, 0x0106, 0x0106, 0x0906, 0x0927, 0x0927, 0x0927, 0x0927,
  0x0947, 0x0947, 0x0947, 0x0947, 0x1167, 0x1168, 0x1168, 0x1188, 0x1188, 0x1988, 0x19A8, 0x19A9,
  0x19A9, 0x19C9, 0x19C9, 0x21E9, 0x21EA, 0x220A, 0x2A0A, 0x2A2A, 0x2A2B, 0x324B, 0x324B, 0x326B,
  0x3A8C, 0x3A8C, 0x3AAC, 0x42CD, 0x42CD, 0x42ED, 0x4B0E, 0x4B2E, 0x532E, 0x534F, 0x536F, 0x5B6F,
  0x5B90, 0x63B0, 0x63B0, 0x63D1, 0x6BF1, 0x6BF1, 0x6C12, 0x7412, 0x7432, 0x7432, 0x7C52, 0x7C53,
  0x7C73, 0x7C73, 0x8493, 0x8493, 0x8493, 0x84B4, 0x84B4, 0x8CB4, 0x8CD4, 0x8CD4, 0x8CD4, 0x8CD4,
  0x8CD4, 0x8CF5, 0x8CF5, 0x94F5, 0x94F5, 0x94F5, 0x94F5, 0x94F5, 0x94F5, 0x94F5, 0x94F5, 0x94F5,
  0x8CD4, 0x8CD4, 0x8CF4, 0x8CF4, 0x8CF4, 0x8CD4, 0x8CD4, 0x8CD4, 0x8CD4, 0x8CD4, 0x8CD4, 0x8CD4,
  0x8CD4, 0x8CB4, 0x84B4, 0x84B4, 0x84B4, 0x84B3, 0x8493, 0x8493, 0x7C93, 0x7C73, 0x7C73, 0x7C53,
  0x7452, 0x7452, 0x7432, 0x7432, 0x6C11, 0x6BF1, 0x63F1, 0x63D0, 0x63B0, 0x5BB0, 0x5B90, 0x5B6F,
  0x536F, 0x534F, 0x4B2E, 0x4B0E, 0x4B0E, 0x42ED, 0x42CD, 0x42CD, 0x3AAC, 0x3AAC, 0x3A8C, 0x326C,
  0x326B, 0x324B, 0x324B, 0x2A2A, 0x2A0A, 0x2A0A, 0x21EA, 0x21E9, 0x21C9, 0x19C9, 0x19A9, 0x19A8,
  0x1988, 0x1188, 0x1188, 0x1168, 0x1168, 0x1167, 0x1167, 0x0947, 0x0947, 0x0947, 0x0927, 0x0927,
  0x0927, 0x0927, 0x0926, 0x0926, 0x0926, 0x0127, 0x0127, 0x0106, 0x00C5, 0x0084, 0x0002, 0x0001,
  0x0022, 0x19A7, 0x33F0, 0x4638, 0x47BE, 0x3FFF, 0x3FFF, 0x3FFF, 0x3FFF, 0x471C, 0x4576, 0x33F0,
  0x1A4A, 0x0905, 0x0043, 0x0002, 0x0002, 0x0002, 0x0023, 0x0044, 0x0084, 0x0084, 0x00A5, 0x00A5,
  0x00A5, 0x00A5, 0x0085, 0x00A5, 0x00A5, 0x00A5, 0x00A5, 0x0084, 0x0084, 0x0084, 0x0084, 0x0084,
  0x0084, 0x0084, 0x0084, 0x0084, 0x0085, 0x0084, 0x0084, 0x0084, 0x0085, 0x0085, 0x0084, 0x0085,
  0x00A5, 0x00A5, 0x00A5, 0x0084, 0x0064, 0x0043, 0x0003, 0x0002, 0x0002, 0x0043, 0x1126, 0x228B,
  0x3451, 0x3DF8, 0x3F5D, 0x3FFF, 0x3FFF, 0x37FF, 0x3FFF, 0x479E, 0x45F7, 0x33AF, 0x1987, 0x0001,
  0x0000, 0x0002, 0x0084, 0x0106, 0x0127, 0x0127, 0x0126, 0x0106, 0x0106, 0x0927, 0x0927, 0x0927,
  0x0927, 0x0947, 0x0947, 0x0947, 0x1147, 0x1168, 0x1168, 0x1168, 0x1188, 0x1188, 0x1988, 0x19A8,
  0x19A9, 0x19A9, 0x19C9, 0x21E9, 0x21E9, 0x21EA, 0x220A, 0x2A0A, 0x2A2B, 0x2A2B, 0x324B, 0x326B,
  0x326C, 0x3A8C, 0x3AAC, 0x42AD, 0x42CD, 0x42ED, 0x4AEE, 0x4B0E, 0x532E, 0x534F, 0x534F, 0x5B6F,
  0x5B90, 0x5BB0, 0x63B0, 0x63D0, 0x6BD1, 0x6BF1, 0x6C11, 0x6C12, 0x7412, 0x7432, 0x7452, 0x7C53,
  0x7C73, 0x7C73, 0x8493, 0x8493, 0x8493, 0x84B4, 0x84B4, 0x8CB4, 0x8CD4, 0x8CD4, 0x8CD4, 0x8CD4,
  0x8CD4, 0x8CF5, 0x8CF5, 0x8CF5, 0x94F5, 0x94F5, 0x94F5, 0x94F5, 0x94F5, 0x94F5, 0x94F5, 0x94F5,
  0x8CD4, 0x8CD4, 0x8CD4, 0x8CD4, 0x8CD4, 0x8CD4, 0x8CD4, 0x8CD4, 0x8CD4, 0x8CD4, 0x8CD4, 0x8CD4,
  0x8CB4, 0x84B4, 0x84B4, 0x84B4, 0x84B4, 0x8493, 0x8493, 0x8493, 0x7C73, 0x7C73, 0x7C73, 0x7C52,
  0x7452, 0x7432, 0x7432, 0x6C12, 0x6C11, 0x6BF1, 0x63D1, 0x63D0, 0x63B0, 0x5B90, 0x5B8F, 0x5B6F,
  0x534F, 0x534E, 0x4B2E, 0x4B0E, 0x4AED, 0x42ED, 0x42CD, 0x42CD, 0x3AAC, 0x3A8C, 0x3A8C, 0x326C,
  0x326B, 0x324B, 0x2A2B, 0x2A2A, 0x2A0A, 0x220A, 0x21E9, 0x21E9, 0x19C9, 0x19A9, 0x19A9, 0x19A8,
  0x1188, 0x1188, 0x1188, 0x1168, 0x1167, 0x1147, 0x0947, 0x0947, 0x0947, 0x0927, 0x0927, 0x0927,
  0x0926, 0x0926, 0x0927, 0x0947, 0x0127, 0x00E5, 0x0084, 0x0002, 0x0000, 0x0042, 0x2209, 0x3C51,
  0x4679, 0x3FFF, 0x3FFF, 0x3FFF, 0x3FFF, 0x477E, 0x3DB7, 0x33F0, 0x1A0A, 0x08C5, 0x0022, 0x0002,
  0x0003, 0x0064, 0x0084, 0x00A5, 0x00A5, 0x00A5, 0x00A5, 0x0085, 0x0085, 0x0084, 0x0084, 0x0084,
  0x00A5, 0x0085, 0x0064, 0x0044, 0x0023, 0x0003, 0x0003, 0x0085, 0x0085, 0x0085, 0x00A5, 0x00A5,
  0x00A5, 0x0085, 0x0064, 0x0064, 0x0064, 0x0085, 0x0085, 0x0084, 0x0084, 0x0084, 0x0084, 0x0084,
  0x0084, 0x0064, 0x0064, 0x0064, 0x0064, 0x0084, 0x0084, 0x0085, 0x0085, 0x0084, 0x0043, 0x0002,
  0x0001, 0x0022, 0x08C5, 0x224A, 0x3451, 0x3E38, 0x3F9E, 0x37FF, 0x3FFF, 0x3FFF, 0x3FDF, 0x4638,
  0x33AF, 0x1966, 0x0001, 0x0001, 0x0023, 0x00A4, 0x0106, 0x0127, 0x0947, 0x0127, 0x0926, 0x0927,
  0x0927, 0x0927, 0x0947, 0x0947, 0x0947, 0x0947, 0x1168, 0x1168, 0x1188, 0x1188, 0x1188, 0x1988,
  0x19A8, 0x19A9, 0x19C9, 0x19C9, 0x21C9, 0x21EA, 0x21EA, 0x2A0A, 0x2A2A, 0x2A2A, 0x2A2B, 0x324B,
  0x326B, 0x3A8C, 0x3A8C, 0x3AAC, 0x42CD, 0x42CD, 0x42ED, 0x4B0E, 0x4B2E, 0x532E, 0x534F, 0x536F,
  0x5B8F, 0x5B90, 0x63B0, 0x63B0, 0x63D1, 0x6BF1, 0x6BF1, 0x6C11, 0x7412, 0x7432, 0x7432, 0x7C52,
  0x7C53, 0x7C73, 0x7C73, 0x8493, 0x8493, 0x84B4, 0x84B4, 0x84B4, 0x8CB4, 0x8CD4, 0x8CD4, 0x8CD4,
  0x8CD4, 0x8CD4, 0x8CD4, 0x8CF5, 0x8CF5, 0x94F5, 0x8CF5, 0x8CF5, 0x94F5, 0x94F5, 0x94F5, 0x8CF5,
  0x8CD4, 0x8CD4, 0x8CD4, 0x8CD4, 0x8CD4, 0x8CD4, 0x8CD4, 0x8CD4, 0x8CD4, 0x8CD4, 0x8CD4, 0x8CB4,
  0x84B4, 0x84B4, 0x84B4, 0x84B4, 0x84B3, 0x8493, 0x8493, 0x7C93, 0x7C73, 0x7C73, 0x7C73, 0x7C52,
  0x7452, 0x7432, 0x7432, 0x6C12, 0x6C11, 0x6BF1, 0x63D0, 0x63B0, 0x63B0, 0x5B90, 0x5B8F, 0x536F,
  0x534F, 0x532E, 0x4B2E, 0x4B0E, 0x42ED, 0x42ED, 0x42CD, 0x3ACD, 0x3AAC, 0x3A8C, 0x328C, 0x326B,
  0x324B, 0x2A4B, 0x2A2A, 0x2A0A, 0x220A, 0x21EA, 0x21E9, 0x21C9, 0x19C9, 0x19A9, 0x19A8, 0x1988,
  0x1188, 0x1188, 0x1168, 0x1167, 0x1167, 0x0947, 0x0947, 0x0947, 0x0947, 0x0927, 0x0926, 0x0927,
  0x0947, 0x0927, 0x0106, 0x00E5, 0x0043, 0x0001, 0x0002, 0x19A7, 0x3410, 0x467A, 0x47FF, 0x3FFF,
  0x3FFF, 0x47FF, 0x469A, 0x3CD3, 0x22CC, 0x1126, 0x0023, 0x0002, 0x0023, 0x0084, 0x00A5, 0x00A5,
  0x00A5, 0x0085, 0x0084, 0x0084, 0x00A5, 0x0064, 0x0043, 0x0085, 0x0084, 0x0085, 0x00A5, 0x0044,
  0x0003, 0x0002, 0x0884, 0x2167, 0x3A2A, 0x52AC, 0x52ED, 0x08C5, 0x0085, 0x0065, 0x0023, 0x0003,
  0x0002, 0x0043, 0x0063, 0x08C5, 0x08C5, 0x0084, 0x0085, 0x0084, 0x0084, 0x0084, 0x0064, 0x0064,
  0x0064, 0x0064, 0x0064, 0x0064, 0x0064, 0x0064, 0x0064, 0x0064, 0x0064, 0x0084, 0x0084, 0x0085,
  0x00A5, 0x0084, 0x0044, 0x0003, 0x0002, 0x0043, 0x1126, 0x22EC, 0x3D14, 0x46FC, 0x47FF, 0x3FFF,
  0x3FFF, 0x47BE, 0x45D7, 0x2B0D, 0x08C4, 0x0001, 0x0001, 0x0064, 0x00E6, 0x0127, 0x0927, 0x0927,
  0x0926, 0x0927, 0x0927, 0x0927, 0x0947, 0x0947, 0x1147, 0x1168, 0x1168, 0x1168, 0x1188, 0x1188,
  0x1188, 0x19A8, 0x19A9, 0x19C9, 0x19C9, 0x21E9, 0x21EA, 0x220A, 0x2A0A, 0x2A2A, 0x2A2A, 0x324B,
  0x324B, 0x326C, 0x3A8C, 0x3AAC, 0x3AAD, 0x42CD, 0x42ED, 0x4B0E, 0x4B0E, 0x4B2E, 0x532F, 0x534F,
  0x5B6F, 0x5B90, 0x5B90, 0x63B0, 0x63D0, 0x6BD1, 0x6BF1, 0x6C11, 0x6C11, 0x7432, 0x7432, 0x7452,
  0x7C53, 0x7C73, 0x7C73, 0x7C73, 0x8493, 0x8493, 0x84B4, 0x84B4, 0x84B4, 0x8CB4, 0x8CD4, 0x8CD4,
  0x8CD4, 0x8CD4, 0x8CD4, 0x8CF4, 0x8CF4, 0x8CF5, 0x8CF5, 0x8CF4, 0x8CF5, 0x8CF5, 0x8CF5, 0x8CF5,
  0x8CD4, 0x8CD4, 0x8CD4, 0x8CD4, 0x8CD4, 0x8CD4, 0x8CD4, 0x8CD4, 0x8CD4, 0x8CB4, 0x84B4, 0x84B4,
  0x84B4, 0x84B4, 0x84B3, 0x84B3, 0x8493, 0x8493, 0x7C93, 0x7C73, 0x7C73, 0x7C73, 0x7C52, 0x7452,
  0x7432, 0x7432, 0x7412, 0x6C11, 0x6BF1, 0x6BF1, 0x63D0, 0x63B0, 0x5B90, 0x5B8F, 0x5B6F, 0x536F,
  0x534F, 0x4B2E, 0x4B0E, 0x4B0E, 0x42ED, 0x42CD, 0x42CD, 0x3AAC, 0x3AAC, 0x3A8C, 0x326C, 0x326B,
  0x324B, 0x2A2B, 0x2A2A, 0x2A0A, 0x21EA, 0x21EA, 0x21C9, 0x19C9, 0x19A9, 0x19A8, 0x19A8, 0x1188,
  0x1188, 0x1168, 0x1168, 0x1167, 0x0947, 0x0947, 0x0947, 0x0947, 0x0927, 0x0927, 0x0947, 0x0947,
  0x0106, 0x00A4, 0x0022, 0x0000, 0x08A4, 0x332D, 0x4618, 0x47DF, 0x37FF, 0x37FF, 0x3FFF, 0x4679,
  0x3431, 0x2209, 0x0884, 0x0002, 0x0023, 0x0064, 0x00A5, 0x00A5, 0x00A5, 0x00A5, 0x0085, 0x0085,
  0x0085, 0x0085, 0x0085, 0x0085, 0x0002, 0x1926, 0x5B0D, 0x0884, 0x00A5, 0x0023, 0x0002, 0x1906,
  0x5B2D, 0x9D15, 0xAE1A, 0xC6FE, 0xDF7F, 0xFFFF, 0xAD76, 0x0001, 0x0023, 0x1926, 0x424A, 0x73F0,
  0x94F4, 0xB619, 0xCEBB, 0xEFBF, 0xB5D7, 0x18E5, 0x0085, 0x00A5, 0x0085, 0x0085, 0x0084, 0x0084,
  0x0064, 0x0064, 0x0064, 0x0064, 0x0064, 0x0064, 0x0064, 0x0064, 0x0064, 0x0084, 0x0064, 0x0064,
  0x0084, 0x0084, 0x0084, 0x0085, 0x0085, 0x0084, 0x0044, 0x0002, 0x0002, 0x08A4, 0x222A, 0x3CD3,
  0x471C, 0x3FFF, 0x37FF, 0x3FFF, 0x475D, 0x3CF4, 0x2229, 0x0042, 0x0000, 0x0022, 0x00C5, 0x0106,
  0x0947, 0x0127, 0x0927, 0x0927, 0x0947, 0x0947, 0x0947, 0x1147, 0x1168, 0x1168, 0x1168, 0x1188,
  0x1188, 0x1988, 0x19A9, 0x19A9, 0x19C9, 0x21C9, 0x21E9, 0x21EA, 0x220A, 0x2A0A, 0x2A2A, 0x2A2B,
  0x324B, 0x326B, 0x326C, 0x3A8C, 0x3AAC, 0x42AD, 0x42CD, 0x4AED, 0x4B0E, 0x4B0E, 0x532E, 0x534F,
  0x536F, 0x5B6F, 0x5B90, 0x63B0, 0x63B0, 0x63D1, 0x6BF1, 0x6BF1, 0x6C11, 0x7412, 0x7432, 0x7432,
  0x7C52, 0x7C52, 0x7C73, 0x7C73, 0x8493, 0x8493, 0x8493, 0x84B4, 0x84B4, 0x84B4, 0x8CB4, 0x8CB4,
  0x8CD4, 0x8CD4, 0x8CD4, 0x8CD4, 0x8CD4, 0x8CF4, 0x8CD4, 0x8CD4, 0x8CF4, 0x8CD4, 0x8CD4, 0x8CD4,
  0x8CD4, 0x8CB4, 0x8CD4, 0x8CD4, 0x8CD4, 0x8CD4, 0x8CB4, 0x8CB4, 0x84B4, 0x84B4, 0x84B4, 0x84B4,
  0x84B4, 0x84B3, 0x8493, 0x8493, 0x8493, 0x7C93, 0x7C73, 0x7C73, 0x7C73, 0x7C52, 0x7452, 0x7432,
  0x7432, 0x7432, 0x6C11, 0x6C11, 0x6BF1, 0x63D1, 0x63B0, 0x63B0, 0x5B90, 0x5B6F, 0x536F, 0x534F,
  0x534E, 0x4B2E, 0x4B0E, 0x4AED, 0x42ED, 0x42CD, 0x3ACC, 0x3AAC, 0x3A8C, 0x328C, 0x326B, 0x324B,
  0x2A4B, 0x2A2A, 0x2A0A, 0x220A, 0x21EA, 0x21E9, 0x19C9, 0x19C9, 0x19A8, 0x19A8, 0x1188, 0x1188,
  0x1168, 0x1168, 0x1167, 0x1167, 0x0947, 0x0947, 0x0947, 0x0947, 0x0947, 0x0927, 0x0106, 0x0084,
  0x0001, 0x0001, 0x1987, 0x3C51, 0x471C, 0x3FFF, 0x37FF, 0x3FFF, 0x471C, 0x3CD3, 0x224A, 0x0884,
  0x0003, 0x0064, 0x00A5, 0x00C6, 0x00C5, 0x00A5, 0x00A5, 0x0085, 0x0085, 0x0085, 0x0085, 0x0085,
  0x0084, 0x00A5, 0x0064, 0x0023, 0x632D, 0xE73C, 0x4A8C, 0x0003, 0x0003, 0x31A8, 0x9D35, 0xCF1D,
  0xD79F, 0xCF7F, 0xCF5F, 0xD77F, 0xEFBF, 0x94F4, 0x2125, 0x632E, 0xAD76, 0xDF1D, 0xE7BF, 0xEFDF,
  0xF7FF, 0xF7FF, 0xDF5E, 0x7BF0, 0x0863, 0x0002, 0x0003, 0x0003, 0x0023, 0x0044, 0x0085, 0x0085,
  0x00A5, 0x00A5, 0x00A5, 0x0085, 0x0085, 0x0064, 0x0064, 0x0064, 0x0064, 0x0064, 0x0064, 0x0064,
  0x0064, 0x0064, 0x0084, 0x0084, 0x0084, 0x0084, 0x0084, 0x00A5, 0x00A5, 0x0064, 0x0023, 0x0002,
  0x08C5, 0x2ACC, 0x3D76, 0x477D, 0x3FFF, 0x37FF, 0x47FF, 0x4679, 0x338E, 0x10E4, 0x0000, 0x0002,
  0x00A5, 0x0106, 0x0927, 0x0947, 0x0927, 0x0927, 0x0947, 0x0947, 0x0947, 0x1147, 0x1168, 0x1168,
  0x1188, 0x1188, 0x19A8, 0x19A9, 0x19A9, 0x19C9, 0x19C9, 0x21E9, 0x21EA, 0x220A, 0x2A0A, 0x2A2A,
  0x2A4B, 0x324B, 0x326C, 0x3A8C, 0x3A8C, 0x3AAC, 0x42CD, 0x42ED, 0x4AEE, 0x4B0E, 0x4B2E, 0x534F,
  0x534F, 0x5B6F, 0x5B90, 0x5B90, 0x63B0, 0x63D0, 0x63D1, 0x6BF1, 0x6BF1, 0x6C11, 0x7412, 0x7432,
  0x7432, 0x7C52, 0x7C52, 0x7C73, 0x7C73, 0x8493, 0x8493, 0x8493, 0x8494, 0x84B4, 0x84B4, 0x8CB4,
  0x8CB4, 0x8CB4, 0x8CD4, 0x8CD4, 0x8CD4, 0x8CD4, 0x8CD4, 0x8CD4, 0x8CD4, 0x8CD4, 0x8CD4, 0x8CD4,
  0x84B4, 0x8CB4, 0x8CB4, 0x84B4, 0x8CB4, 0x8CB4, 0x84B4, 0x84B4, 0x84B4, 0x84B4, 0x84B4, 0x84B4,
  0x84B4, 0x8493, 0x8493, 0x8493, 0x7C93, 0x7C73, 0x7C73, 0x7C73, 0x7C52, 0x7C52, 0x7452, 0x7432,
  0x7432, 0x6C12, 0x6C11, 0x6BF1, 0x6BF1, 0x63D0, 0x63B0, 0x5B90, 0x5B90, 0x5B6F, 0x536F, 0x534F,
  0x532E, 0x4B0E, 0x4B0E, 0x42ED, 0x42CD, 0x42CD, 0x3AAC, 0x3AAC, 0x3A8C, 0x326C, 0x326B, 0x324B,
  0x2A2B, 0x2A2A, 0x2A0A, 0x220A, 0x21E9, 0x21C9, 0x19C9, 0x19A9, 0x19A8, 0x1188, 0x1188, 0x1168,
  0x1168, 0x1167, 0x0947, 0x0947, 0x0947, 0x0947, 0x0947, 0x0947, 0x0106, 0x0084, 0x0001, 0x0022,
  0x224A, 0x4576, 0x47DE, 0x37FF, 0x37FF, 0x3FDF, 0x3DD7, 0x2B0D, 0x1105, 0x0023, 0x0044, 0x00A5,
  0x00C6, 0x00C5, 0x00A5, 0x00A5, 0x00A5, 0x00A5, 0x0085, 0x0085, 0x0085, 0x0085, 0x0085, 0x0085,
  0x00A5, 0x0044, 0x10A4, 0x9D35, 0xFFFF, 0x9492, 0x0000, 0x1926, 0x9D14, 0xE79F, 0xDFBF, 0xBF1F,
  0xB6BE, 0xCF1E, 0xDF7F, 0xEFDF, 0xD6DC, 0x9D15, 0xE75E, 0xF7FF, 0xF7FF, 0xEFBF, 0xDF7F, 0xDF5E,
  0xDF5E, 0xD75E, 0xC69B, 0xAD96, 0xB5D7, 0xA535, 0x8431, 0x73D0, 0x4A6B, 0x2167, 0x08A4, 0x0023,
  0x0002, 0x0002, 0x0002, 0x0002, 0x0002, 0x08A5, 0x08C5, 0x0064, 0x0064, 0x0064, 0x0084, 0x0064,
  0x0064, 0x0084, 0x0084, 0x0084, 0x0084, 0x0084, 0x0084, 0x0084, 0x0084, 0x0085, 0x00A5, 0x00C5,
  0x0085, 0x0023, 0x0023, 0x1126, 0x338F, 0x4638, 0x3FFF, 0x37FF, 0x3FFF, 0x475D, 0x3C92, 0x1987,
  0x0001, 0x0001, 0x0084, 0x0106, 0x0947, 0x0947, 0x0927, 0x0947, 0x0947, 0x0947, 0x0947, 0x1168,
  0x1168, 0x1188, 0x1188, 0x1988, 0x19A9, 0x19A9, 0x19C9, 0x21C9, 0x21EA, 0x21EA, 0x220A, 0x2A0A,
  0x2A2B, 0x324B, 0x324B, 0x326C, 0x3A8C, 0x3AAC, 0x42AD, 0x42CD, 0x42ED, 0x4B0E, 0x4B0E, 0x532E,
  0x534F, 0x534F, 0x5B6F, 0x5B90, 0x63B0, 0x63B0, 0x63D0, 0x6BD1, 0x6BF1, 0x6BF1, 0x6C12, 0x7412,
  0x7432, 0x7432, 0x7C52, 0x7C53, 0x7C73, 0x7C73, 0x8493, 0x8493, 0x8493, 0x84B4, 0x84B4, 0x84B4,
  0x8CB4, 0x8CB4, 0x8CB4, 0x8CD4, 0x8CD4, 0x8CD4, 0x8CD4, 0x8CD4, 0x8CD4, 0x8CD4, 0x8CD4, 0x8CD4,
  0x84B4, 0x84B4, 0x84B4, 0x84B4, 0x84B4, 0x84B4, 0x84B4, 0x84B4, 0x84B4, 0x84B4, 0x84B4, 0x84B3,
  0x8493, 0x8493, 0x8493, 0x7C73, 0x7C73, 0x7C73, 0x7C73, 0x7C53, 0x7C52, 0x7452, 0x7432, 0x7432,
  0x7412, 0x6C11, 0x6BF1, 0x6BF1, 0x63D1, 0x63D0, 0x63B0, 0x5B90, 0x5B8F, 0x5B6F, 0x534F, 0x534E,
  0x4B2E, 0x4B0E, 0x42ED, 0x42ED, 0x42CD, 0x3ACD, 0x3AAC, 0x3A8C, 0x328C, 0x326B, 0x324B, 0x2A4B,
  0x2A2B, 0x2A0A, 0x220A, 0x21EA, 0x21C9, 0x19C9, 0x19A9, 0x19A8, 0x1188, 0x1188, 0x1168, 0x1168,
  0x1167, 0x0947, 0x0947, 0x0947, 0x0968, 0x0947, 0x0906, 0x0084, 0x0001, 0x0022, 0x2A8B, 0x4618,
  0x47FF, 0x37FF, 0x3FFF, 0x479E, 0x3D35, 0x19C9, 0x0043, 0x0044, 0x00A5, 0x00C6, 0x00C6, 0x00A5,
  0x00A5, 0x00A5, 0x00A5, 0x00A5, 0x00A5, 0x00A5, 0x0085, 0x00A5, 0x00A5, 0x0085, 0x0085, 0x00A5,
  0x0024, 0x2126, 0xC69A, 0xD79F, 0xF7FF, 0x2146, 0x4229, 0xDF3C, 0xEFFF, 0xC71F, 0xAE9E, 0xBEDE,
  0xD75F, 0xE7BF, 0xEFBF, 0xEFBF, 0xEFBF, 0xF7FF, 0xEFBF, 0xE77F, 0xDF7F, 0xDF5F, 0xD75F, 0xDF7F,
  0xDF7F, 0xDF7F, 0xEFBF, 0xEFFF, 0xEFFF, 0xEFFF, 0xEFFF, 0xF7FF, 0xEFDF, 0xE77E, 0xC67A, 0x94F5,
  0x7C11, 0x8452, 0x8452, 0x7C11, 0xA535, 0xC659, 0x2126, 0x0044, 0x0084, 0x0064, 0x0064, 0x0064,
  0x0084, 0x0084, 0x0084, 0x0084, 0x0084, 0x0084, 0x0084, 0x0084, 0x0084, 0x0085, 0x0085, 0x00A5,
  0x00A5, 0x00C5, 0x00C6, 0x0085, 0x0044, 0x0064, 0x2209, 0x3CD3, 0x477D, 0x3FFF, 0x37FF, 0x47BE,
  0x4555, 0x2209, 0x0001, 0x0001, 0x0084, 0x00E6, 0x0947, 0x0947, 0x0947, 0x0947, 0x0947, 0x0947,
  0x1168, 0x1168, 0x1188, 0x1188, 0x1988, 0x19A9, 0x19A9, 0x19C9, 0x21E9, 0x21E9, 0x21EA, 0x220A,
  0x2A2A, 0x2A2B, 0x324B, 0x326B, 0x326C, 0x3A8C, 0x3AAC, 0x42CD, 0x42CD, 0x42ED, 0x4B0E, 0x4B2E,
  0x532F, 0x534F, 0x5B6F, 0x5B70, 0x5B90, 0x63B0, 0x63B0, 0x63D1, 0x6BD1, 0x6BF1, 0x6C11, 0x7412,
  0x7432, 0x7432, 0x7452, 0x7C52, 0x7C73, 0x7C73, 0x7C73, 0x8493, 0x8493, 0x8493, 0x8493, 0x84B4,
  0x84B4, 0x84B4, 0x8CB4, 0x8CB4, 0x8CD4, 0x8CB4, 0x8CD4, 0x8CD4, 0x8CD4, 0x8CD4, 0x8CD4, 0x8CD4,
  0x84B4, 0x84B4, 0x84B4, 0x84B4, 0x84B4, 0x84B4, 0x84B4, 0x84B4, 0x8493, 0x8493, 0x8493, 0x8493,
  0x8493, 0x8493, 0x7C73, 0x7C73, 0x7C73, 0x7C73, 0x7C53, 0x7C52, 0x7452, 0x7432, 0x7432, 0x7412,
  0x6C11, 0x6C11, 0x6BF1, 0x6BD1, 0x63D0, 0x63B0, 0x5B90, 0x5B8F, 0x5B6F, 0x536F, 0x534F, 0x532E,
  0x4B2E, 0x4B0E, 0x42ED, 0x42CD, 0x42CD, 0x3AAC, 0x3A8C, 0x3A8C, 0x326C, 0x326B, 0x324B, 0x2A2B,
  0x2A2A, 0x220A, 0x21EA, 0x21E9, 0x19C9, 0x19C9, 0x19A9, 0x19A8, 0x1188, 0x1188, 0x1168, 0x1168,
  0x0947, 0x0947, 0x0967, 0x0947, 0x00E6, 0x0084, 0x0001, 0x0022, 0x2A8B, 0x4E18, 0x47FF, 0x37FF,
  0x3FFF, 0x477D, 0x3C92, 0x1988, 0x0023, 0x0064, 0x00C6, 0x00E6, 0x00C6, 0x00A5, 0x00A5, 0x00A5,
  0x00A5, 0x00A5, 0x00A5, 0x00A5, 0x00A5, 0x00A5, 0x00A5, 0x0065, 0x0044, 0x00A5, 0x00A5, 0x0044,
  0x2126, 0xD6FC, 0xCF7F, 0xDF7F, 0xDEFC, 0x8C93, 0xEFDF, 0xE7BF, 0xCF3E, 0xBEDE, 0xCF3F, 0xEFBF,
  0xE79F, 0xE7BF, 0xEFBF, 0xE79F, 0xE79F, 0xDF5F, 0xD75F, 0xD73F, 0xCF1F, 0xCF1F, 0xD75F, 0xDF5F,
  0xD75F, 0xD75F, 0xD75F, 0xCF3E, 0xCF1E, 0xC71E, 0xC6FE, 0xB6DE, 0xAE9E, 0xB6BF, 0xBEFF, 0xCF5F,
  0xE7DF, 0xF7FF, 0xF7FF, 0xF7FF, 0xFFFF, 0x632D, 0x0002, 0x0085, 0x0084, 0x0084, 0x0084, 0x0064,
  0x0064, 0x0084, 0x0084, 0x0084, 0x0084, 0x0084, 0x0084, 0x0084, 0x0085, 0x0085, 0x0085, 0x0085,
  0x00A5, 0x00A5, 0x00A5, 0x00C6, 0x00E7, 0x00E6, 0x0085, 0x0023, 0x1146, 0x3411, 0x3F1C, 0x3FFF,
  0x37FF, 0x47FF, 0x45B7, 0x2229, 0x0001, 0x0001, 0x0084, 0x0127, 0x0948, 0x0947, 0x0947, 0x0947,
  0x0947, 0x1168, 0x1168, 0x1168, 0x1188, 0x1988, 0x19A9, 0x19A9, 0x19C9, 0x21C9, 0x21E9, 0x21EA,
  0x2A0A, 0x2A2A, 0x2A2B, 0x324B, 0x326B, 0x3A8C, 0x3A8C, 0x3AAD, 0x42CD, 0x42ED, 0x4AEE, 0x4B0E,
  0x532E, 0x534F, 0x536F, 0x5B6F, 0x5B90, 0x5B90, 0x63B0, 0x63D0, 0x63D1, 0x6BF1, 0x6BF1, 0x6C11,
  0x7412, 0x7432, 0x7432, 0x7C52, 0x7C53, 0x7C73, 0x7C73, 0x7C73, 0x8473, 0x8493, 0x8493, 0x8493,
  0x84B4, 0x84B4, 0x84B4, 0x84B4, 0x8CB4, 0x8CB4, 0x8CD4, 0x8CD4, 0x8CD4, 0x8CB4, 0x8CD4, 0x8CD4,
  0x84B3, 0x84B4, 0x84B4, 0x84B4, 0x84B3, 0x84B3, 0x8493, 0x8493, 0x8493, 0x8493, 0x8493, 0x8493,
  0x8493, 0x7C73, 0x7C73, 0x7C73, 0x7C73, 0x7C53, 0x7C52, 0x7452, 0x7432, 0x7432, 0x7432, 0x6C11,
  0x6C11, 0x6BF1, 0x6BF1, 0x63D1, 0x63B0, 0x63B0, 0x5B90, 0x5B6F, 0x536F, 0x534F, 0x534E, 0x4B2E,
  0x4B0E, 0x42ED, 0x42CD, 0x42CD, 0x3AAC, 0x3AAC, 0x3A8C, 0x328C, 0x326B, 0x324B, 0x2A4B, 0x2A2A,
  0x2A0A, 0x220A, 0x21EA, 0x19C9, 0x19C9, 0x19A9, 0x19A8, 0x1188, 0x1188, 0x1168, 0x1168, 0x0947,
  0x0968, 0x0968, 0x0907, 0x00A5, 0x0002, 0x0001, 0x224A, 0x4618, 0x47FF, 0x37FF, 0x3FFF, 0x471C,
  0x3411, 0x1146, 0x0023, 0x0085, 0x00E6, 0x00C6, 0x00C6, 0x00C6, 0x00C5, 0x00A5, 0x00A5, 0x00A5,
  0x00A5, 0x00A5, 0x00A5, 0x00A5, 0x00A5, 0x00A5, 0x0064, 0x2168, 0x636E, 0x0044, 0x0085, 0x08A4,
  0xCEBA, 0xDF9F, 0xBEDE, 0xEFBF, 0xE77E, 0xEFDF, 0xDF9F, 0xD75F, 0xBEFE, 0xDF7F, 0xF7DF, 0xE79F,
  0xCF1F, 0xBEDE, 0xC71E, 0xCF3F, 0xCF3F, 0xCF3F, 0xD73F, 0xDF7F, 0xE79F, 0xE79F, 0xE79F, 0xDF7F,
  0xD75F, 0xD75F, 0xD75F, 0xD75F, 0xDF7F, 0xDF7F, 0xCF3F, 0xCF3F, 0xDF5F, 0xE79F, 0xEFBF, 0xE79F,
  0xDF7F, 0xD75E, 0xDF7E, 0xD73D, 0x6B8F, 0x0023, 0x00A5, 0x0084, 0x0084, 0x0084, 0x0084, 0x0064,
  0x0064, 0x0084, 0x0084, 0x0084, 0x0084, 0x0084, 0x0084, 0x0084, 0x0084, 0x0085, 0x0085, 0x0085,
  0x00A5, 0x00A5, 0x00A5, 0x00C5, 0x00E6, 0x00E6, 0x00E7, 0x00E7, 0x00A5, 0x0002, 0x08C4, 0x33CF,
  0x4EFC, 0x3FFF, 0x37FF, 0x3FFF, 0x3DB6, 0x2229, 0x0001, 0x0002, 0x00A5, 0x0927, 0x0968, 0x0947,
  0x0947, 0x0947, 0x1167, 0x1168, 0x1168, 0x1188, 0x1188, 0x19A9, 0x19A9, 0x19C9, 0x21C9, 0x21EA,
  0x21EA, 0x2A0A, 0x2A2B, 0x2A4B, 0x324B, 0x326C, 0x3A8C, 0x3AAC, 0x42AD, 0x42CD, 0x42ED, 0x4B0E,
  0x4B0E, 0x532E, 0x534F, 0x5B6F, 0x5B6F, 0x5B90, 0x63B0, 0x63B0, 0x63B0, 0x6BD1, 0x6BF1, 0x6BF1,
  0x7411, 0x7412, 0x7432, 0x7432, 0x7C52, 0x7C53, 0x7C73, 0x7C73, 0x7C73, 0x8473, 0x8493, 0x8493,
  0x8493, 0x84B4, 0x84B4, 0x84B4, 0x84B4, 0x8CB4, 0x8CB4, 0x8CB4, 0x8CB4, 0x8CB4, 0x8CB4, 0x8CB4,
  0x8493, 0x8493, 0x8493, 0x8493, 0x8493, 0x8493, 0x8493, 0x8493, 0x8493, 0x8493, 0x8493, 0x7C93,
  0x7C73, 0x7C73, 0x7C73, 0x7C73, 0x7C52, 0x7C52, 0x7452, 0x7432, 0x7432, 0x7432, 0x6C11, 0x6BF1,
  0x6BF1, 0x6BF1, 0x63D0, 0x63B0, 0x63B0, 0x5B90, 0x5B8F, 0x5B6F, 0x534F, 0x534F, 0x532E, 0x4B2E,
  0x4B0E, 0x42ED, 0x42CD, 0x3AAD, 0x3AAC, 0x3A8C, 0x328C, 0x326B, 0x324B, 0x2A4B, 0x2A2A, 0x2A0A,
  0x220A, 0x21EA, 0x19C9, 0x19C9, 0x19A9, 0x19A8, 0x1188, 0x1188, 0x1168, 0x1168, 0x0968, 0x0968,
  0x0927, 0x00C5, 0x0023, 0x0001, 0x19A7, 0x3D76, 0x47FF, 0x37FF, 0x3FFF, 0x4F3D, 0x3411, 0x0906,
  0x0023, 0x00A5, 0x00E6, 0x00C6, 0x00C6, 0x00C6, 0x00C6, 0x00A5, 0x00A5, 0x00A5, 0x00A5, 0x00A5,
  0x00A5, 0x00A5, 0x00A5, 0x00A5, 0x00A5, 0x00C5, 0x0002, 0x8452, 0xE73C, 0x0043, 0x0003, 0x9D14,
  0xE7DF, 0xBEBE, 0xCF3F, 0xF7DF, 0xEFBF, 0xE79F, 0xDF7F, 0xC71F, 0xE79F, 0xF7DF, 0xDF7F, 0xCF3F,
  0xCF3F, 0xCF3F, 0xC6FE, 0xC71F, 0xD75F, 0xE79F, 0xF7DF, 0xF7DF, 0xEFBF, 0xDF7F, 0xC71F, 0xB6DF,
  0xAEBE, 0xB6BE, 0xB6DF, 0xCF3F, 0xE79F, 0xF7DF, 0xF7DF, 0xF7DF, 0xEFDF, 0xEFBF, 0xEFBF, 0xEFBF,
  0xEFBF, 0xEFBF, 0xF7FF, 0xAD96, 0x18E4, 0x0023, 0x0003, 0x0065, 0x00A5, 0x0084, 0x0084, 0x0084,
  0x0084, 0x0084, 0x0084, 0x0064, 0x0084, 0x0084, 0x0084, 0x0084, 0x0084, 0x0085, 0x0085, 0x0085,
  0x00A5, 0x00A5, 0x00A5, 0x00C6, 0x00E6, 0x00E6, 0x00E7, 0x00E6, 0x00E6, 0x0107, 0x00A5, 0x0001,
  0x0862, 0x2B4D, 0x46BB, 0x47FF, 0x37FF, 0x47FF, 0x3D55, 0x19A7, 0x0000, 0x0002, 0x00C5, 0x0947,
  0x0948, 0x0947, 0x0947, 0x0947, 0x1168, 0x1168, 0x1188, 0x1188, 0x19A8, 0x19A9, 0x19C9, 0x21C9,
  0x21EA, 0x220A, 0x2A0A, 0x2A2B, 0x2A4B, 0x326B, 0x326C, 0x3A8C, 0x3AAC, 0x42CD, 0x42CD, 0x4AEE,
  0x4B0E, 0x4B2E, 0x532F, 0x534F, 0x5B6F, 0x5B6F, 0x5B90, 0x6390, 0x63B0, 0x63D0, 0x6BD1, 0x6BF1,
  0x6BF1, 0x6C11, 0x7412, 0x7432, 0x7432, 0x7452, 0x7C52, 0x7C53, 0x7C73, 0x7C73, 0x7C73, 0x8493,
  0x8493, 0x8493, 0x8494, 0x84B4, 0x84B4, 0x84B4, 0x84B4, 0x84B4, 0x84B4, 0x84B4, 0x84B4, 0x84B4,
  0x8493, 0x8493, 0x8493, 0x8493, 0x8493, 0x8493, 0x8493, 0x8493, 0x8493, 0x7C73, 0x7C73, 0x7C73,
  0x7C73, 0x7C73, 0x7C52, 0x7C52, 0x7452, 0x7432, 0x7432, 0x7432, 0x7412, 0x7411, 0x6BF1, 0x6BF1,
  0x6BF1, 0x63D1, 0x63D0, 0x63B0, 0x5B90, 0x5B8F, 0x5B6F, 0x536F, 0x534F, 0x532E, 0x4B2E, 0x4B0E,
  0x42ED, 0x42CD, 0x3ACD, 0x3AAC, 0x3A8C, 0x328C, 0x326B, 0x324B, 0x2A4B, 0x2A2B, 0x2A0A, 0x220A,
  0x21EA, 0x21C9, 0x19C9, 0x19A9, 0x19A9, 0x1188, 0x1188, 0x1168, 0x0968, 0x0988, 0x0947, 0x00E6,
  0x0064, 0x0001, 0x1126, 0x3CF3, 0x47DF, 0x37FF, 0x3FFF, 0x475D, 0x3C31, 0x1126, 0x0043, 0x00A5,
  0x00E6, 0x00C6, 0x00C6, 0x00C6, 0x00C6, 0x00C6, 0x00C5, 0x00A5, 0x00A5, 0x00A5, 0x00A5, 0x00A5,
  0x00A5, 0x00A5, 0x00A5, 0x00A5, 0x00A5, 0x00A5, 0x0043, 0xB5D8, 0xF7FF, 0x2147, 0x2167, 0xEFDF,
  0xBEFF, 0xC6FE, 0xDF5F, 0xF7FF, 0xEFBF, 0xEF9F, 0xCF3F, 0xE79F, 0xF7FF, 0xE77F, 0xD73F, 0xD75F,
  0xD75F, 0xCF3F, 0xDF5F, 0xEFBF, 0xEFBF, 0xEFBF, 0xEFBF, 0xE77F, 0xDF7F, 0xD73F, 0xCF3F, 0xC71F,
  0xC71F, 0xBEFF, 0xBEDF, 0xAEBE, 0xAEBE, 0xC71F, 0xDF7F, 0xEFBF, 0xEFBF, 0xE79F, 0xDF7F, 0xD75F,
  0xD77F, 0xDF7F, 0xE79F, 0xEFDF, 0xEFBF, 0xAD96, 0x52CC, 0x08A4, 0x0002, 0x0064, 0x00A5, 0x0084,
  0x0084, 0x0084, 0x0084, 0x0084, 0x0084, 0x0084, 0x0084, 0x0084, 0x0084, 0x0085, 0x0085, 0x0085,
  0x0085, 0x00A5, 0x00A5, 0x00C6, 0x00E6, 0x00E6, 0x00E6, 0x00E7, 0x00E6, 0x00E6, 0x0107, 0x0907,
  0x0085, 0x0001, 0x0021, 0x2B2D, 0x4EDB, 0x47FF, 0x37FF, 0x47BE, 0x3CD3, 0x1125, 0x0000, 0x0043,
  0x00E5, 0x0947, 0x0948, 0x0947, 0x0947, 0x1168, 0x1168, 0x1188, 0x1188, 0x1988, 0x19A9, 0x19C9,
  0x21C9, 0x21EA, 0x220A, 0x2A0A, 0x2A2B, 0x324B, 0x326B, 0x3A8C, 0x3A8C, 0x3AAD, 0x42CD, 0x42ED,
  0x4AEE, 0x4B0E, 0x4B2E, 0x532F, 0x534F, 0x5B6F, 0x5B6F, 0x5B90, 0x6390, 0x63B0, 0x63D1, 0x6BD1,
  0x6BF1, 0x6BF1, 0x6C11, 0x7412, 0x7432, 0x7432, 0x7452, 0x7C52, 0x7C53, 0x7C73, 0x7C73, 0x7C73,
  0x8493, 0x8493, 0x8493, 0x8493, 0x8493, 0x8494, 0x84B4, 0x84B4, 0x84B4, 0x84B4, 0x84B4, 0x84B4,
  0x8493, 0x8493, 0x8473, 0x8493, 0x8493, 0x7C93, 0x7C73, 0x7C73, 0x7C73, 0x7C73, 0x7C73, 0x7C73,
  0x7C53, 0x7C52, 0x7C52, 0x7452, 0x7432, 0x7432, 0x7432, 0x7411, 0x6C11, 0x6BF1, 0x6BF1, 0x6BD1,
  0x63D0, 0x63B0, 0x63B0, 0x5B90, 0x5B8F, 0x5B6F, 0x534F, 0x534F, 0x532E, 0x4B2E, 0x4B0E, 0x42ED,
  0x42ED, 0x42CD, 0x3AAC, 0x3A8C, 0x328C, 0x326B, 0x324B, 0x2A4B, 0x2A2B, 0x2A2A, 0x220A, 0x21EA,
  0x21E9, 0x19C9, 0x19A9, 0x19A8, 0x1188, 0x1188, 0x1168, 0x0988, 0x0988, 0x0927, 0x0084, 0x0002,
  0x0883, 0x3410, 0x477D, 0x37FF, 0x3FFF, 0x4F9E, 0x3C92, 0x1147, 0x0044, 0x00A5, 0x00E6, 0x00C6,
  0x00C6, 0x00C6, 0x00C6, 0x00C6, 0x00C6, 0x00C6, 0x00A6, 0x00C5, 0x00A5, 0x00A5, 0x00A5, 0x00A5,
  0x00A5, 0x00A5, 0x00A5, 0x00A5, 0x00A5, 0x0065, 0x1106, 0xCEDC, 0xEFFF, 0x632D, 0x73D0, 0xEFFF,
  0xBEFE, 0xCF1F, 0xEFBF, 0xF7DF, 0xF7DF, 0xE79F, 0xE79F, 0xF7DF, 0xEFBF, 0xE79F, 0xE79F, 0xE79F,
  0xE79F, 0xE79F, 0xF7DF, 0xF7DF, 0xF7DF, 0xEFBF, 0xE79F, 0xE79F, 0xE79F, 0xE79F, 0xE79F, 0xEFBF,
  0xEFBF, 0xE79F, 0xE79F, 0xDF7F, 0xC71F, 0xB6DF, 0xC71F, 0xD75F, 0xD75F, 0xCF3F, 0xC71F, 0xBEFF,
  0xBEDF, 0xAE9E, 0xA67E, 0x9E5E, 0xA69F, 0xBF1F, 0xD79F, 0xC69B, 0x6B8E, 0x10C5, 0x0002, 0x0044,
  0x00A5, 0x0084, 0x0064, 0x0084, 0x0084, 0x0084, 0x0084, 0x0084, 0x0084, 0x0085, 0x0085, 0x0085,
  0x0085, 0x00A5, 0x00A5, 0x00C6, 0x00E6, 0x00E6, 0x00E7, 0x00E7, 0x00E6, 0x00E6, 0x00E6, 0x08C6,
  0x1107, 0x5250, 0x39AD, 0x0802, 0x0021, 0x336E, 0x473D, 0x3FFF, 0x37FF, 0x4F7D, 0x33F0, 0x0862,
  0x0000, 0x0063, 0x0106, 0x0948, 0x0947, 0x0947, 0x1168, 0x1168, 0x1168, 0x1188, 0x1988, 0x19A9,
  0x19A9, 0x21C9, 0x21EA, 0x220A, 0x2A2A, 0x2A2B, 0x324B, 0x326B, 0x328C, 0x3A8C, 0x3AAD, 0x42CD,
  0x42ED, 0x4AEE, 0x4B0E, 0x4B2E, 0x532F, 0x534F, 0x5B6F, 0x5B6F, 0x5B90, 0x6390, 0x63B0, 0x63D0,
  0x6BD1, 0x6BF1, 0x6BF1, 0x6C11, 0x7412, 0x7432, 0x7432, 0x7432, 0x7C52, 0x7C52, 0x7C53, 0x7C73,
  0x7C73, 0x8473, 0x8473, 0x8493, 0x8493, 0x8493, 0x8493, 0x8493, 0x8493, 0x8493, 0x8493, 0x8493,
  0x7C73, 0x7C73, 0x7C73, 0x7C73, 0x7C73, 0x7C73, 0x7C73, 0x7C73, 0x7C73, 0x7C73, 0x7C52, 0x7C52,
  0x7C52, 0x7452, 0x7432, 0x7432, 0x7432, 0x7412, 0x7411, 0x6C11, 0x6BF1, 0x6BF1, 0x6BD1, 0x63D0,
  0x63B0, 0x63B0, 0x5B90, 0x5B8F, 0x5B6F, 0x536F, 0x534F, 0x532E, 0x4B2E, 0x4B0E, 0x4AED, 0x42ED,
  0x42CD, 0x3AAC, 0x3A8C, 0x328C, 0x326B, 0x324B, 0x2A4B, 0x2A2B, 0x2A2A, 0x220A, 0x21EA, 0x21E9,
  0x19C9, 0x19A9, 0x19A9, 0x1188, 0x1188, 0x1168, 0x1188, 0x0968, 0x00C5, 0x0023, 0x0002, 0x2ACC,
  0x4EBB, 0x3FFF, 0x37FF, 0x47FF, 0x3D15, 0x1987, 0x0044, 0x00A5, 0x00E6, 0x00E6, 0x00C6, 0x00C6,
  0x00C6, 0x00C6, 0x00C6, 0x00C6, 0x00C6, 0x00C6, 0x00C6, 0x00C5, 0x00A5, 0x00A5, 0x00A5, 0x00A5,
  0x00A5, 0x00A5, 0x00A5, 0x00A5, 0x00A5, 0x0064, 0x2167, 0xDF5E, 0xD77F, 0xC69A, 0xCE9A, 0xD77F,
  0xC71F, 0xD75F, 0xF7DF, 0xF7DF, 0xEFBF, 0xEFBF, 0xF7DF, 0xF7DF, 0xE79F, 0xE79F, 0xEFBF, 0xEFBF,
  0xE79F, 0xDF5F, 0xDF5F, 0xD75F, 0xDF7F, 0xDF7F, 0xDF5F, 0xD75F, 0xDF5F, 0xD75F, 0xDF7F, 0xDF7F,
  0xDF7F, 0xDF7F, 0xDF7F, 0xDF7F, 0xDF7F, 0xD75F, 0xDF7F, 0xE79F, 0xD75F, 0xD75F, 0xCF3F, 0xC71F,
  0xC71F, 0xB6DF, 0xAEBF, 0x9E5F, 0x963E, 0x8DFE, 0x8E1E, 0xB6DF, 0xDFBF, 0xD6FC, 0x7C11, 0x1905,
  0x0002, 0x0044, 0x0085, 0x0084, 0x0084, 0x0084, 0x0084, 0x0084, 0x0084, 0x0085, 0x0085, 0x0085,
  0x00A5, 0x00A5, 0x00A5, 0x00C6, 0x00E6, 0x00E6, 0x00E7, 0x00E7, 0x00E6, 0x00E6, 0x0107, 0x0063,
  0x0022, 0x520F, 0x62B2, 0x62B2, 0x316A, 0x0001, 0x0882, 0x3C51, 0x4FBF, 0x37FF, 0x3FFF, 0x46DB,
  0x2ACB, 0x0001, 0x0001, 0x00A5, 0x0927, 0x0968, 0x0947, 0x0947, 0x1168, 0x1168, 0x1188, 0x1988,
  0x19A9, 0x19C9, 0x21E9, 0x21EA, 0x220A, 0x2A2B, 0x2A2B, 0x324B, 0x326C, 0x3A8C, 0x3AAC, 0x3AAD,
  0x42CD, 0x42ED, 0x4B0E, 0x4B0E, 0x532E, 0x534F, 0x534F, 0x5B6F, 0x5B6F, 0x5B90, 0x63B0, 0x63B0,
  0x63D1, 0x6BD1, 0x6BF1, 0x6BF1, 0x6C11, 0x7412, 0x7412, 0x7432, 0x7432, 0x7C52, 0x7C52, 0x7C52,
  0x7C73, 0x7C73, 0x7C73, 0x8473, 0x8493, 0x8493, 0x8493, 0x8493, 0x8493, 0x8493, 0x8493, 0x8493,
  0x7C73, 0x7C73, 0x7C73, 0x7C73, 0x7C73, 0x7C73, 0x7C53, 0x7C52, 0x7C52, 0x7C52, 0x7C52, 0x7452,
  0x7452, 0x7432, 0x7432, 0x7432, 0x7411, 0x6C11, 0x6C11, 0x6BF1, 0x6BF1, 0x63D1, 0x63D0, 0x63B0,
  0x63B0, 0x5B90, 0x5B8F, 0x5B6F, 0x536F, 0x534F, 0x532E, 0x4B2E, 0x4B0E, 0x4AED, 0x42ED, 0x42CD,
  0x3AAC, 0x3AAC, 0x328C, 0x326B, 0x324B, 0x2A4B, 0x2A2A, 0x2A0A, 0x220A, 0x21EA, 0x21E9, 0x19C9,
  0x19A9, 0x11A8, 0x1188, 0x1188, 0x1188, 0x0988, 0x0906, 0x0084, 0x0001, 0x1946, 0x45B7, 0x47FF,
  0x37FF, 0x47FF, 0x4618, 0x224A, 0x0043, 0x00A5, 0x0107, 0x00E6, 0x00C6, 0x00C6, 0x00C6, 0x00C6,
  0x00C6, 0x00C6, 0x00C6, 0x00C6, 0x00C6, 0x00C6, 0x00C6, 0x00A5, 0x00A5, 0x00A5, 0x00A5, 0x00A5,
  0x00A5, 0x00A5, 0x00A5, 0x00A5, 0x00C6, 0x0085, 0x2167, 0xE77E, 0xCF3F, 0xE79F, 0xEF9F, 0xCF1F,
  0xCF1F, 0xE79F, 0xEFBF, 0xEFBF, 0xEFDF, 0xF7DF, 0xF7FF, 0xEFBF, 0xEFBF, 0xEFBF, 0xE79F, 0xE79F,
  0xE79F, 0xE79F, 0xE79F, 0xE79F, 0xE79F, 0xE79F, 0xDF7F, 0xDF7F, 0xDF7F, 0xD75F, 0xDF5F, 0xDF5F,
  0xD75F, 0xD75F, 0xD75F, 0xCF3F, 0xC71F, 0xCF3F, 0xCF3F, 0xCF3F, 0xDF7F, 0xDF7F, 0xDF7F, 0xDF7F,
  0xD77F, 0xCF3F, 0xCF3F, 0xBEFF, 0x9E5E, 0x963E, 0x963E, 0x9E5E, 0x961E, 0xAE9F, 0xDFBF, 0xD73D,
  0x8410, 0x18E5, 0x0002, 0x0044, 0x0084, 0x0084, 0x0084, 0x0084, 0x0084, 0x0085, 0x0085, 0x0085,
  0x00A5, 0x00A5, 0x00A5, 0x00C6, 0x00C6, 0x00E6, 0x00E7, 0x00E7, 0x00E6, 0x00E6, 0x00E7, 0x0064,
  0x0001, 0x49EE, 0x5A51, 0x5251, 0x5A72, 0x5251, 0x2108, 0x0000, 0x1145, 0x3D55, 0x47FF, 0x37FF,
  0x3FFF, 0x3D96, 0x1146, 0x0000, 0x0043, 0x0106, 0x0948, 0x0968, 0x1147, 0x1168, 0x1168, 0x1188,
  0x1188, 0x19A9, 0x19C9, 0x21EA, 0x21EA, 0x220A, 0x2A2B, 0x2A4B, 0x324B, 0x326C, 0x3A8C, 0x3AAC,
  0x42CD, 0x42CD, 0x42ED, 0x4B0E, 0x4B0E, 0x532E, 0x532F, 0x534F, 0x5B6F, 0x5B6F, 0x5B90, 0x63B0,
  0x63B0, 0x63D1, 0x6BD1, 0x6BF1, 0x6BF1, 0x6C11, 0x7412, 0x7412, 0x7432, 0x7432, 0x7452, 0x7C52,
  0x7C52, 0x7C53, 0x7C73, 0x7C73, 0x7C73, 0x7C73, 0x8473, 0x8473, 0x8493, 0x8473, 0x8493, 0x8493,
  0x7C73, 0x7C52, 0x7C52, 0x7C52, 0x7C52, 0x7C52, 0x7C52, 0x7C52, 0x7C52, 0x7452, 0x7432, 0x7432,
  0x7432, 0x7432, 0x7412, 0x6C11, 0x6C11, 0x6BF1, 0x6BF1, 0x6BF1, 0x63D1, 0x63D0, 0x63B0, 0x63B0,
  0x5B90, 0x5B8F, 0x5B6F, 0x536F, 0x534F, 0x534E, 0x4B2E, 0x4B0E, 0x4AED, 0x42ED, 0x42CD, 0x3AAC,
  0x3AAC, 0x328C, 0x326B, 0x324B, 0x2A4B, 0x2A2A, 0x2A0A, 0x220A, 0x21EA, 0x21E9, 0x19C9, 0x19A9,
  0x19A9, 0x1188, 0x1188, 0x11A9, 0x0947, 0x00C5, 0x0023, 0x0022, 0x338F, 0x479E, 0x37FF, 0x3FFF,
  0x471C, 0x2B4E, 0x0064, 0x0065, 0x0107, 0x00E6, 0x00C6, 0x00C6, 0x00C6, 0x00C6, 0x00C6, 0x00C6,
  0x00C6, 0x00C6, 0x00C6, 0x00C6, 0x00C6, 0x00C6, 0x00C5, 0x00A5, 0x00A5, 0x00A5, 0x00A5, 0x00A5,
  0x00A5, 0x00C6, 0x00A6, 0x0044, 0x0003, 0x0023, 0x10C4, 0xCEBB, 0xDF9F, 0xDF5F, 0xEFDF, 0xD75F,
  0xD73F, 0xEF9F, 0xF7DF, 0xF7DF, 0xF7FF, 0xF7DF, 0xF7DF, 0xF7DF, 0xF7DF, 0xF7DF, 0xF7DF, 0xF7DF,
  0xF7DF, 0xF7DF, 0xEFBF, 0xEFBF, 0xE79F, 0xE79F, 0xDF7F, 0xDF7F, 0xD75F, 0xCF1F, 0xC71F, 0xBEDF,
  0xB6DF, 0xB6DF, 0xB6BF, 0xB6BF, 0xB6DF, 0xBEFF, 0xC71F, 0xC71F, 0xBEFF, 0xBEFF, 0xCF3F, 0xD77F,
  0xD75F, 0xCF3F, 0xC71F, 0xC6FF, 0xC6FF, 0xBEDF, 0xB6DF, 0xB6BF, 0xB6DF, 0xB6DE, 0xBEDE, 0xD77F,
  0xFFFF, 0xFFFF, 0x94D3, 0x1906, 0x0064, 0x0084, 0x0084, 0x0084, 0x0084, 0x0085, 0x0085, 0x0085,
  0x0085, 0x00A5, 0x00A5, 0x00C6, 0x00C6, 0x00E6, 0x00E6, 0x00E7, 0x00E6, 0x00E6, 0x0107, 0x0063,
  0x0022, 0x49EE, 0x5A51, 0x5A51, 0x4A10, 0x5210, 0x4A31, 0x4210, 0x18C6, 0x0000, 0x2228, 0x4E7A,
  0x3FFF, 0x37FF, 0x3F9E, 0x33F0, 0x0842, 0x0001, 0x0084, 0x0927, 0x0968, 0x0947, 0x1168, 0x1168,
  0x1188, 0x1989, 0x19A9, 0x19C9, 0x21EA, 0x21EA, 0x2A0A, 0x2A2B, 0x2A4B, 0x326B, 0x326C, 0x3A8C,
  0x3AAC, 0x42CD, 0x42CD, 0x42ED, 0x4AEE, 0x4B0E, 0x4B2E, 0x532F, 0x534F, 0x5B6F, 0x5B6F, 0x5B90,
  0x63B0, 0x63B0, 0x63D0, 0x63D1, 0x6BF1, 0x6BF1, 0x6BF1, 0x6C11, 0x7412, 0x7432, 0x7432, 0x7432,
  0x7C52, 0x7C52, 0x7C53, 0x7C73, 0x7C73, 0x7C73, 0x7C73, 0x7C73, 0x7C73, 0x7C73, 0x7C73, 0x7C73,
  0x7C52, 0x7C52, 0x7C52, 0x7C52, 0x7C52, 0x7C52, 0x7C52, 0x7432, 0x7432, 0x7432, 0x7432, 0x7432,
  0x7432, 0x7411, 0x6C11, 0x6C11, 0x6BF1, 0x6BF1, 0x6BD1, 0x63D0, 0x63D0, 0x63B0, 0x63B0, 0x5B90,
  0x5B8F, 0x5B6F, 0x536F, 0x534F, 0x534E, 0x4B2E, 0x4B0E, 0x4B0D, 0x42ED, 0x42CD, 0x3AAC, 0x3AAC,
  0x3A8C, 0x326B, 0x324B, 0x2A2B, 0x2A2A, 0x220A, 0x220A, 0x21EA, 0x19C9, 0x19C9, 0x19A9, 0x19A9,
  0x1188, 0x11A9, 0x1188, 0x0906, 0x0084, 0x0002, 0x1967, 0x45D7, 0x3FFF, 0x37FF, 0x47FF, 0x3CB3,
  0x1106, 0x0044, 0x00E6, 0x00E6, 0x00E6, 0x00E6, 0x00C6, 0x00C6, 0x00E6, 0x00C6, 0x00C6, 0x00C6,
  0x00C6, 0x00C6, 0x00C6, 0x00C6, 0x00C6, 0x00C6, 0x00C5, 0x00A5, 0x00A5, 0x00A5, 0x00A5, 0x00C5,
  0x00A6, 0x0023, 0x0064, 0x3A09, 0x7C11, 0xB5D7, 0xCE9B, 0xDF3E, 0xE7BF, 0xEFBF, 0xF7DF, 0xEFBF,
  0xDF5F, 0xEFBF, 0xF7DF, 0xF7DF, 0xF7FF, 0xF7DF, 0xEFBF, 0xEFBF, 0xEFBF, 0xE79F, 0xDF7F, 0xDF5F,
  0xDF7F, 0xEF9F, 0xE79F, 0xE79F, 0xDF7F, 0xDF5F, 0xD73F, 0xCF3F, 0xD75F, 0xD73F, 0xC71F, 0xB6DF,
  0xAEBE, 0xAE9E, 0xA67E, 0xA67E, 0xA67E, 0xB6DF, 0xC71F, 0xCF1F, 0xBEFF, 0xB6DF, 0xB6DF, 0xBEFF,
  0xCF1F, 0xCF3F, 0xBEFF, 0xAEBF, 0xB6DF, 0xCF3F, 0xDF7F, 0xDF7F, 0xD75F, 0xCF3F, 0xDF7F, 0xD6FC,
  0xC67A, 0x94D3, 0x5B0D, 0x10E5, 0x0064, 0x0084, 0x0084, 0x0084, 0x0084, 0x0085, 0x0085, 0x0085,
  0x00A5, 0x00A5, 0x00A5, 0x00C6, 0x00C6, 0x00E6, 0x00E6, 0x00E6, 0x00E6, 0x00E6, 0x0907, 0x0063,
  0x0022, 0x49EF, 0x5231, 0x5A51, 0x5230, 0x5230, 0x4A30, 0x4A30, 0x5272, 0x41EE, 0x0822, 0x0020,
  0x33CF, 0x479E, 0x37FF, 0x3FFF, 0x4659, 0x2208, 0x0000, 0x0043, 0x0906, 0x0968, 0x0948, 0x1168,
  0x1168, 0x1188, 0x19A9, 0x19A9, 0x19C9, 0x21EA, 0x220A, 0x2A0A, 0x2A2B, 0x2A4B, 0x326B, 0x326C,
  0x3A8C, 0x3AAC, 0x42AD, 0x42CD, 0x42ED, 0x4AEE, 0x4B0E, 0x4B2E, 0x532F, 0x534F, 0x5B6F, 0x5B6F,
  0x5B90, 0x6390, 0x63B0, 0x63B0, 0x63D1, 0x6BD1, 0x6BF1, 0x6BF1, 0x6C11, 0x7412, 0x7432, 0x7432,
  0x7432, 0x7432, 0x7452, 0x7C52, 0x7C53, 0x7C73, 0x7C73, 0x7C73, 0x7C73, 0x7C73, 0x7C73, 0x7C73,
  0x7432, 0x7432, 0x7432, 0x7432, 0x7432, 0x7432, 0x7432, 0x7432, 0x7432, 0x7432, 0x7412, 0x7411,
  0x6C11, 0x6C11, 0x6BF1, 0x6BF1, 0x6BF1, 0x63D1, 0x63D0, 0x63B0, 0x63B0, 0x63B0, 0x5B90, 0x5B8F,
  0x5B6F, 0x534F, 0x534F, 0x532E, 0x4B2E, 0x4B0E, 0x4B0D, 0x42ED, 0x42CD, 0x3AAC, 0x3AAC, 0x3A8C,
  0x326C, 0x326B, 0x2A4B, 0x2A2A, 0x220A, 0x220A, 0x21EA, 0x19C9, 0x19C9, 0x19A9, 0x11A8, 0x1188,
  0x11A9, 0x0968, 0x00C5, 0x0023, 0x0002, 0x3B6E, 0x4F9E, 0x37FF, 0x3FFF, 0x4EBB, 0x226B, 0x0023,
  0x00C6, 0x0106, 0x00E6, 0x00E6, 0x00E6, 0x00E6, 0x00E6, 0x00C6, 0x00C6, 0x00C6, 0x00C6, 0x00C6,
  0x00C6, 0x00C6, 0x00C6, 0x00C6, 0x00C6, 0x00C6, 0x00A5, 0x00A5, 0x00A5, 0x00A5, 0x00C6, 0x0065,
  0x0023, 0x52AC, 0xBE39, 0xE79F, 0xF7FF, 0xEFDF, 0xE7BF, 0xDF7F, 0xDF7F, 0xEFBF, 0xF7DF, 0xF7DF,
  0xEFBF, 0xEFBF, 0xF7DF, 0xF7DF, 0xF7DF, 0xF7DF, 0xEFBF, 0xF7DF, 0xF7DF, 0xEFBF, 0xEFBF, 0xE79F,
  0xE79F, 0xEF9F, 0xE79F, 0xE77F, 0xE77F, 0xDF7F, 0xD75F, 0xCF3F, 0xC71F, 0xB6DE, 0xAE9E, 0xA67E,
  0xA67E, 0x9E5E, 0xA67E, 0x9E5E, 0x961E, 0x9E5E, 0xAEBF, 0xCF3F, 0xD75F, 0xC6FF, 0xB6DF, 0xB6BF,
  0xB6BE, 0xB6DF, 0xC71F, 0xA69E, 0x9E5E, 0xB6DF, 0xC71F, 0xC71F, 0xCF3F, 0xDF7F, 0xEFDF, 0x9CF4,
  0x0022, 0x0001, 0x0003, 0x0044, 0x0084, 0x0084, 0x0084, 0x0084, 0x0084, 0x0085, 0x0085, 0x0085,
  0x00A5, 0x00A5, 0x00A5, 0x00C6, 0x00C6, 0x00C6, 0x00E6, 0x00E6, 0x00E6, 0x00E6, 0x00E7, 0x0063,
  0x0002, 0x41CE, 0x5231, 0x5231, 0x5231, 0x4A11, 0x4A11, 0x41F0, 0x41F0, 0x4A10, 0x420E, 0x2128,
  0x0000, 0x1124, 0x45B6, 0x3FFF, 0x2FFF, 0x3FDF, 0x3451, 0x0842, 0x0001, 0x00A5, 0x0948, 0x0968,
  0x0968, 0x1168, 0x1188, 0x19A9, 0x19A9, 0x19C9, 0x21EA, 0x220A, 0x2A0A, 0x2A2B, 0x324B, 0x326C,
  0x328C, 0x3A8C, 0x3AAC, 0x42CD, 0x42CD, 0x42ED, 0x4AEE, 0x4B0E, 0x532E, 0x532E, 0x534F, 0x5B6F,
  0x5B6F, 0x5B90, 0x5B90, 0x63B0, 0x63B0, 0x63D0, 0x6BD1, 0x6BF1, 0x6BF1, 0x6C11, 0x7411, 0x7412,
  0x7432, 0x7432, 0x7432, 0x7432, 0x7452, 0x7C52, 0x7C52, 0x7C52, 0x7C52, 0x7C52, 0x7C52, 0x7C52,
  0x7432, 0x7432, 0x7432, 0x7432, 0x7432, 0x7412, 0x7412, 0x7412, 0x7411, 0x6C11, 0x6C11, 0x6C11,
  0x6BF1, 0x6BF1, 0x6BF1, 0x6BD1, 0x63D0, 0x63D0, 0x63B0, 0x63B0, 0x5B90, 0x5B90, 0x5B6F, 0x5B6F,
  0x534F, 0x534F, 0x532E, 0x4B2E, 0x4B0E, 0x4B0D, 0x42ED, 0x42CD, 0x3AAC, 0x3AAC, 0x3A8C, 0x326C,
  0x326B, 0x2A4B, 0x2A2B, 0x2A0A, 0x220A, 0x21EA, 0x21E9, 0x19C9, 0x19A9, 0x11A8, 0x1188, 0x11A9,
  0x0947, 0x00A5, 0x0002, 0x10E5, 0x4596, 0x47FF, 0x37FF, 0x4FFF, 0x3CD3, 0x08C5, 0x0085, 0x0107,
  0x00E6, 0x00E6, 0x00E6, 0x00E6, 0x00E6, 0x00E6, 0x00E6, 0x00C6, 0x00C6, 0x00C6, 0x00C6, 0x00C6,
  0x00C6, 0x00C6, 0x00C6, 0x00C6, 0x00C6, 0x00C6, 0x00A6, 0x00A5, 0x00A5, 0x00A6, 0x0023, 0x2988,
  0xBDD7, 0xFFFF, 0xF7FF, 0xE79F, 0xDF7F, 0xE77F, 0xE79F, 0xE79F, 0xE79F, 0xE79F, 0xF7FF, 0xF7FF,
  0xF7FF, 0xF7DF, 0xF7DF, 0xF7DF, 0xF7DF, 0xF7BF, 0xF7DF, 0xF7DF, 0xF7DF, 0xEFBF, 0xEFBF, 0xEFBF,
  0xEF9F, 0xEFBF, 0xEFBF, 0xE79F, 0xDF7F, 0xDF7F, 0xDF7F, 0xDF7F, 0xDF7F, 0xDF7F, 0xCF3F, 0xBEDF,
  0xB6DF, 0xAE9F, 0xA67E, 0xBEFF, 0xCF3F, 0xC71F, 0xCF3F, 0xCF1F, 0xD75F, 0xDF7F, 0xCF3F, 0xB6DF,
  0xAE9F, 0x963E, 0xA67E, 0xBEFF, 0xAE9E, 0x963E, 0xC6FF, 0xDF7F, 0xBEFF, 0xC71F, 0xC71F, 0xDFBF,
  0xB5D7, 0x10A4, 0x0044, 0x0085, 0x0084, 0x0084, 0x0084, 0x0084, 0x0085, 0x0085, 0x0085, 0x0085,
  0x00A5, 0x00A5, 0x00A5, 0x00C6, 0x00C6, 0x00C6, 0x00E6, 0x00E6, 0x00E6, 0x00E6, 0x00E6, 0x0063,
  0x0001, 0x41CF, 0x5211, 0x41F0, 0x4A11, 0x4A11, 0x4A11, 0x41F0, 0x41D0, 0x41CE, 0x41EC, 0x41CC,
  0x298A, 0x0863, 0x0000, 0x2B2D, 0x4F7D, 0x37FF, 0x3FFF, 0x4659, 0x1986, 0x0000, 0x0084, 0x0927,
  0x0968, 0x0968, 0x1168, 0x1188, 0x19A9, 0x19C9, 0x19C9, 0x21EA, 0x220A, 0x2A2B, 0x2A2B, 0x324B,
  0x326C, 0x328C, 0x3A8C, 0x3AAC, 0x42CD, 0x42CD, 0x42ED, 0x4AEE, 0x4B0E, 0x4B2E, 0x532E, 0x534F,
  0x5B6F, 0x5B6F, 0x5B90, 0x5B90, 0x63B0, 0x63B0, 0x63D0, 0x6BD1, 0x6BF1, 0x6BF1, 0x6BF1, 0x6C11,
  0x7411, 0x7412, 0x7432, 0x7432, 0x7432, 0x7432, 0x7452, 0x7C52, 0x7C52, 0x7C52, 0x7452, 0x7452,
  0x7411, 0x7411, 0x7411, 0x7411, 0x7411, 0x7411, 0x7411, 0x6C11, 0x6C11, 0x6C11, 0x6BF1, 0x6BF1,
  0x6BF1, 0x6BF1, 0x63D1, 0x63D0, 0x63B0, 0x63B0, 0x63B0, 0x5B90, 0x5B8F, 0x5B6F, 0x5B6F, 0x534F,
  0x534F, 0x532E, 0x4B2E, 0x4B0E, 0x4B0E, 0x42ED, 0x42CD, 0x42CD, 0x3AAC, 0x3A8C, 0x326B, 0x326B,
  0x2A4B, 0x2A2B, 0x220A, 0x220A, 0x21EA, 0x19C9, 0x19C9, 0x19A9, 0x1188, 0x1188, 0x11A9, 0x0906,
  0x0064, 0x0001, 0x2A8B, 0x4F3C, 0x37FF, 0x3FFF, 0x4F1C, 0x2ACC, 0x0044, 0x00C6, 0x0107, 0x00E6,
  0x00E6, 0x00E6, 0x00E6, 0x00E6, 0x00E6, 0x00E6, 0x00E6, 0x00C6, 0x00C6, 0x00C6, 0x00C6, 0x00C6,
  0x00C6, 0x00C6, 0x00C6, 0x00C6, 0x00C6, 0x00C6, 0x00A6, 0x00A5, 0x00C6, 0x0085, 0x5AEC, 0xEF7D,
  0xF7DF, 0xD6FC, 0xCEBB, 0xDF1D, 0xEFBF, 0xF7DF, 0xF7DF, 0xF7DF, 0xEFBF, 0xE7BF, 0xDF7F, 0xE79F,
  0xF7DF, 0xF7DF, 0xF7DF, 0xF7DF, 0xF7DF, 0xEFBF, 0xE79F, 0xDF5F, 0xDF5F, 0xE77F, 0xE77F, 0xDF7F,
  0xD75F, 0xD73F, 0xE77F, 0xE79F, 0xDF7F, 0xD73F, 0xD73F, 0xE77F, 0xDF5F, 0xD73F, 0xD75F, 0xD73F,
  0xD75F, 0xBEFF, 0xAE9F, 0xAE9E, 0xCF3F, 0xEFBF, 0xE79F, 0xE79F, 0xDF7F, 0xD75F, 0xE77F, 0xDF7F,
  0xAE9E, 0xA67E, 0x963E, 0x9E3E, 0xBEDF, 0xBEFF, 0x963E, 0xD75F, 0xEFBF, 0xCF3F, 0xC71F, 0xBEDE,
  0xEFDF, 0xD6BA, 0x2146, 0x0043, 0x0085, 0x0084, 0x0084, 0x0084, 0x0084, 0x0085, 0x0085, 0x00A5,
  0x00C6, 0x00C6, 0x00A5, 0x00C6, 0x00C6, 0x00C6, 0x00E6, 0x00E6, 0x00E6, 0x00E6, 0x00E7, 0x0063,
  0x0001, 0x41CE, 0x5211, 0x41D0, 0x49F1, 0x4A11, 0x41D1, 0x41D1, 0x41F1, 0x41CE, 0x398A, 0x2927,
  0x3168, 0x3189, 0x2106, 0x0000, 0x1104, 0x4576, 0x3FFF, 0x2FFF, 0x479E, 0x2B2D, 0x0000, 0x0022,
  0x0106, 0x0968, 0x0968, 0x1188, 0x1189, 0x19A9, 0x19C9, 0x21C9, 0x21EA, 0x220A, 0x2A2B, 0x2A2B,
  0x324B, 0x326C, 0x328C, 0x3A8C, 0x3AAC, 0x42AD, 0x42CD, 0x42ED, 0x4AEE, 0x4B0E, 0x4B2E, 0x532F,
  0x534F, 0x536F, 0x5B6F, 0x5B8F, 0x5B90, 0x63B0, 0x63B0, 0x63D0, 0x63D1, 0x6BD1, 0x6BF1, 0x6BF1,
  0x6C11, 0x7411, 0x7412, 0x7412, 0x7432, 0x7432, 0x7432, 0x7432, 0x7432, 0x7432, 0x7432, 0x7432,
  0x6C11, 0x6C11, 0x7411, 0x6C11, 0x6C11, 0x6C11, 0x6C11, 0x6C11, 0x6C11, 0x6BF1, 0x6BF1, 0x6BF1,
  0x6BD1, 0x63D1, 0x63D0, 0x63B0, 0x63B0, 0x63B0, 0x5B90, 0x5B90, 0x5B6F, 0x5B6F, 0x534F, 0x534F,
  0x532E, 0x4B2E, 0x4B0E, 0x4AED, 0x42ED, 0x42CD, 0x42CD, 0x3AAC, 0x3A8C, 0x326C, 0x326B, 0x2A4B,
  0x2A2B, 0x2A0A, 0x21EA, 0x21EA, 0x19E9, 0x19C9, 0x19A9, 0x1188, 0x1188, 0x1188, 0x00E6, 0x0043,
  0x0022, 0x3C52, 0x47FF, 0x37FF, 0x47FF, 0x4515, 0x1106, 0x0065, 0x0107, 0x00E6, 0x00E6, 0x00E6,
  0x00E6, 0x00E6, 0x00E6, 0x00E6, 0x00E6, 0x00E6, 0x00C6, 0x00C6, 0x00C6, 0x00C6, 0x00C6, 0x00C6,
  0x00C6, 0x00C6, 0x00C6, 0x00C6, 0x00C6, 0x00C6, 0x00A6, 0x00A5, 0x00A5, 0x00A5, 0x320A, 0x2188,
  0x1106, 0x0023, 0x2987, 0xC659, 0xEFBF, 0xE79F, 0xDF5F, 0xD73F, 0xD75F, 0xD75F, 0xDF5F, 0xE79F,
  0xD75F, 0xF7DF, 0xE79F, 0xEFBF, 0xF7DF, 0xEFBF, 0xEFBF, 0xE77F, 0xD73F, 0xD75F, 0xE77F, 0xE77F,
  0xDF7F, 0xD73F, 0xC6FF, 0xCF1F, 0xCF3F, 0xCF1E, 0xC6FF, 0xCF3F, 0xDF7F, 0xDF5F, 0xCF3F, 0xC71F,
  0xB6DF, 0xB6DF, 0xBEFF, 0xB6DF, 0xB6DF, 0xD75F, 0xDF7F, 0xCF3F, 0xC71F, 0xCF3F, 0xC6FF, 0xD75F,
  0xCF3F, 0xB6DF, 0x9E5E, 0x963E, 0x9E5E, 0xCF3F, 0xC71F, 0xBEFF, 0xE79F, 0xEFBF, 0xDF7F, 0xC71F,
  0xBEDE, 0xEFFF, 0xD6DB, 0x0884, 0x0044, 0x0085, 0x0084, 0x0084, 0x0084, 0x0085, 0x00A5, 0x0064,
  0x0003, 0x0023, 0x00A5, 0x00C6, 0x00E6, 0x00C6, 0x00E6, 0x00E6, 0x00E6, 0x00C6, 0x00E7, 0x0064,
  0x0001, 0x41CE, 0x5232, 0x41F1, 0x41D2, 0x4A12, 0x41D1, 0x39B1, 0x41D1, 0x41EF, 0x316A, 0x2106,
  0x3147, 0x3168, 0x3188, 0x2947, 0x1063, 0x0000, 0x2B6E, 0x47BE, 0x37FF, 0x3FFF, 0x4514, 0x0863,
  0x0001, 0x00A5, 0x0968, 0x1188, 0x1188, 0x1189, 0x19A9, 0x19C9, 0x19CA, 0x21EA, 0x220A, 0x2A2B,
  0x2A2B, 0x324B, 0x326C, 0x328C, 0x3A8C, 0x3AAC, 0x42CD, 0x42CD, 0x42ED, 0x4AEE, 0x4B0E, 0x4B2E,
  0x532F, 0x534F, 0x534F, 0x5B6F, 0x5B6F, 0x5B90, 0x63B0, 0x63B0, 0x63B0, 0x63D1, 0x6BD1, 0x6BF1,
  0x6BF1, 0x6BF1, 0x6C11, 0x6C11, 0x7412, 0x7412, 0x7412, 0x7432, 0x7432, 0x7432, 0x7432, 0x7432,
  0x6BF1, 0x6BF1, 0x6BF1, 0x6BF1, 0x6BF1, 0x6BF1, 0x6BF1, 0x6BF1, 0x6BF1, 0x6BD1, 0x63D1, 0x63D0,
  0x63D0, 0x63B0, 0x63B0, 0x63B0, 0x5B90, 0x5B90, 0x5B8F, 0x5B6F, 0x5B6F, 0x534F, 0x534F, 0x532E,
  0x4B2E, 0x4B0E, 0x4AED, 0x42ED, 0x42CD, 0x42CD, 0x3AAC, 0x3A8C, 0x326C, 0x326B, 0x2A4B, 0x2A2A,
  0x2A2A, 0x220A, 0x21EA, 0x19C9, 0x19C9, 0x19A9, 0x1188, 0x11A9, 0x0968, 0x00C5, 0x0002, 0x1905,
  0x4DF8, 0x47FF, 0x37FF, 0x4FBE, 0x336E, 0x0044, 0x00E6, 0x0927, 0x0107, 0x0107, 0x0107, 0x0107,
  0x0107, 0x0107, 0x00E7, 0x00E6, 0x00E6, 0x00E7, 0x00E6, 0x00E6, 0x00E6, 0x00E6, 0x00E6, 0x00E6,
  0x00E6, 0x00C6, 0x00C6, 0x00C6, 0x00C6, 0x00C6, 0x00C6, 0x00A5, 0x00A5, 0x00A5, 0x0044, 0x0065,
  0x0002, 0x632D, 0xEF7D, 0xF7DF, 0xCF1E, 0xC71F, 0xCF3F, 0xD73F, 0xD75F, 0xE77F, 0xF7DF, 0xD75F,
  0xD75F, 0xFFFF, 0xC6FF, 0xDF7F, 0xEFBF, 0xDF7F, 0xE79F, 0xE77F, 0xDF7F, 0xBEFF, 0xBEDE, 0xDF7F,
  0xDF5F, 0xD75F, 0xCF3F, 0xC6FF, 0xBEDE, 0xAEBE, 0xB6DE, 0xC71F, 0xD73F, 0xD75F, 0xCF3F, 0xC6FF,
  0xA69E, 0x9E5E, 0xAE9E, 0xB6DF, 0xBEFF, 0xC71F, 0xB6DF, 0xBEFF, 0xB6DF, 0xBEFF, 0xC71F, 0xC71F,
  0xBEFF, 0xD77F, 0xB6DF, 0x9E5E, 0xA67E, 0xB6BF, 0xCF3F, 0xCF3F, 0xD75F, 0xE79F, 0xEFBF, 0xF7DF,
  0xCF3F, 0xC6FE, 0xE7DF, 0xB5D7, 0x0043, 0x0085, 0x0085, 0x0084, 0x0085, 0x0085, 0x0064, 0x0906,
  0x2BD0, 0x2BD0, 0x08C5, 0x0085, 0x00E6, 0x00C6, 0x00E6, 0x00E6, 0x00E6, 0x00E6, 0x00E7, 0x0063,
  0x0001, 0x49CE, 0x5212, 0x49F2, 0x41D2, 0x41D2, 0x39B1, 0x39B0, 0x318E, 0x41CF, 0x39AB, 0x3127,
  0x3148, 0x3989, 0x2926, 0x20E4, 0x20E5, 0x18C5, 0x0000, 0x19A7, 0x469A, 0x37FF, 0x37FF, 0x4E9A,
  0x1987, 0x0000, 0x0083, 0x0947, 0x1189, 0x1188, 0x11A9, 0x19A9, 0x19C9, 0x21EA, 0x21EA, 0x220A,
  0x2A2B, 0x2A2B, 0x324B, 0x326B, 0x328C, 0x3A8C, 0x3AAC, 0x3AAD, 0x42CD, 0x42ED, 0x4AEE, 0x4B0E,
  0x4B2E, 0x532E, 0x534F, 0x534F, 0x5B6F, 0x5B6F, 0x5B90, 0x6390, 0x63B0, 0x63B0, 0x63D0, 0x63D1,
  0x6BF1, 0x6BF1, 0x6BF1, 0x6BF1, 0x6C11, 0x7411, 0x7411, 0x7412, 0x7411, 0x7411, 0x7412, 0x7412,
  0x6BF1, 0x6BF1, 0x6BF1, 0x6BF1, 0x6BF1, 0x6BF1, 0x6BD1, 0x6BD1, 0x63D0, 0x63D0, 0x63D0, 0x63B0,
  0x63B0, 0x63B0, 0x6390, 0x5B90, 0x5B8F, 0x5B6F, 0x5B6F, 0x536F, 0x534F, 0x534E, 0x532E, 0x4B2E,
  0x4B0E, 0x4AED, 0x42ED, 0x42CD, 0x42CD, 0x3AAC, 0x3A8C, 0x328C, 0x326B, 0x2A4B, 0x2A2A, 0x2A0A,
  0x220A, 0x21EA, 0x19C9, 0x19C9, 0x19A9, 0x11A8, 0x11A9, 0x0947, 0x00A5, 0x0002, 0x2209, 0x4F3C,
  0x37FF, 0x3FDF, 0x45F7, 0x1106, 0x0001, 0x0064, 0x0064, 0x0044, 0x0064, 0x0064, 0x0064, 0x0064,
  0x0064, 0x0064, 0x0064, 0x0064, 0x0064, 0x0064, 0x0064, 0x0044, 0x0044, 0x0044, 0x0044, 0x0065,
  0x00C6, 0x00E6, 0x00C6, 0x00C6, 0x00C6, 0x00C6, 0x00A6, 0x00A5, 0x00A5, 0x00A5, 0x00A6, 0x0023,
  0x9492, 0xFFFF, 0xDF7F, 0xCF3F, 0xCF3F, 0xD73F, 0xE79F, 0xE79F, 0xE79F, 0xEFBF, 0xEFBF, 0xAE9E,
  0xDF7F, 0xF7DF, 0x963E, 0xBEDE, 0xD73F, 0xD73F, 0xD75F, 0xD75F, 0xCF1F, 0xCF3F, 0xAEBE, 0xCF3F,
  0xD75F, 0xD73F, 0xCF3F, 0xC71F, 0xC6FF, 0xB6BF, 0xA67E, 0xB6BF, 0xC71F, 0xCF3F, 0xCF3F, 0xC71F,
  0xAE9F, 0xA67E, 0xA67E, 0x9E5E, 0xAE9E, 0xBEDF, 0xAEBF, 0xA67E, 0xB6BF, 0xB6BF, 0xB6BF, 0xBEDF,
  0xBEFF, 0xCF3F, 0xE79F, 0xB6BF, 0xAEBF, 0xBEFF, 0xBEFF, 0xCF3F, 0xD75F, 0xDF7F, 0xDF7F, 0xE79F,
  0xF7DF, 0xD75F, 0xC71E, 0xE7DF, 0x94B3, 0x0001, 0x0084, 0x0085, 0x0085, 0x0085, 0x0064, 0x469A,
  0x3FFF, 0x47FF, 0x3D14, 0x0023, 0x00E6, 0x00C6, 0x00E6, 0x00E6, 0x00E6, 0x00E6, 0x00E7, 0x0043,
  0x0001, 0x49CE, 0x5232, 0x4A12, 0x41D2, 0x39B1, 0x3190, 0x398F, 0x316D, 0x41CE, 0x41CE, 0x39AC,
  0x398A, 0x398A, 0x1883, 0x18A3, 0x20C4, 0x20C4, 0x20E5, 0x0001, 0x0841, 0x3CF4, 0x47FF, 0x2FFF,
  0x4F9E, 0x2ACB, 0x0000, 0x0043, 0x0927, 0x11A9, 0x1188, 0x1189, 0x19A9, 0x19C9, 0x21C9, 0x21EA,
  0x220A, 0x2A2A, 0x2A2B, 0x324B, 0x326C, 0x328C, 0x3A8C, 0x3AAC, 0x3AAD, 0x42CD, 0x42ED, 0x4AED,
  0x4B0E, 0x4B2E, 0x532E, 0x534F, 0x534F, 0x5B6F, 0x5B6F, 0x5B90, 0x6390, 0x63B0, 0x63B0, 0x63D0,
  0x63D0, 0x6BD1, 0x6BF1, 0x6BF1, 0x6BF1, 0x6BF1, 0x6C11, 0x6C11, 0x6C11, 0x6C11, 0x6C11, 0x7411,
  0x6BD1, 0x6BD1, 0x6BD1, 0x6BD0, 0x63D0, 0x6BD0, 0x63D0, 0x63D0, 0x63D0, 0x63B0, 0x63B0, 0x63B0,
  0x63B0, 0x5B90, 0x5B8F, 0x5B8F, 0x5B6F, 0x5B6F, 0x536F, 0x534F, 0x534E, 0x532E, 0x4B0E, 0x4B0E,
  0x42ED, 0x42ED, 0x42CD, 0x3ACC, 0x3AAC, 0x3A8C, 0x328C, 0x326B, 0x2A4B, 0x2A2B, 0x2A2A, 0x220A,
  0x21EA, 0x19C9, 0x19C9, 0x19A9, 0x11A9, 0x11C9, 0x0927, 0x0064, 0x0001, 0x332E, 0x4FDF, 0x37FF,
  0x37DF, 0x473D, 0x2B8F, 0x1B0D, 0x238F, 0x236E, 0x236E, 0x236E, 0x236F, 0x236F, 0x236F, 0x236F,
  0x236F, 0x236E, 0x236E, 0x236F, 0x236F, 0x236F, 0x236F, 0x236F, 0x236F, 0x236F, 0x236F, 0x228B,
  0x08E5, 0x0065, 0x00E6, 0x00C6, 0x00C6, 0x00C6, 0x00A5, 0x00A5, 0x00A5, 0x00A6, 0x0003, 0x94B3,
  0xFFFF, 0xD73E, 0xD75F, 0xDF7F, 0xD75F, 0xD75F, 0xE79F, 0xE79F, 0xE79F, 0xE79F, 0xCF1F, 0x9E5E,
  0xDF7F, 0xBEDE, 0x85FE, 0xAEBE, 0xBEFF, 0xCF3F, 0xDF7F, 0xCF1F, 0xB6DF, 0xB6BE, 0xB6BE, 0xBEFE,
  0xCF3F, 0xDF7F, 0xDF7F, 0xCF3F, 0xC71F, 0xCF1F, 0xBEFF, 0xAEBE, 0xB6BE, 0xC71F, 0xCF3F, 0xCF3F,
  0xCF3F, 0xBEFF, 0xB6BF, 0xAEBF, 0xAEBF, 0xD75F, 0xC71F, 0xC6FF, 0xA67E, 0xAEBE, 0xCF1F, 0xAEBF,
  0xB6DF, 0xBEFF, 0xDF7F, 0xDF7F, 0xC71F, 0xC71F, 0xC71F, 0xCF1F, 0xD75F, 0xDF7F, 0xE79F, 0xDF7F,
  0xE79F, 0xEFDF, 0xE79F, 0xCF1E, 0xEFFF, 0x94B3, 0x0022, 0x0064, 0x00A5, 0x0044, 0x11C8, 0x47FF,
  0x3FDF, 0x3FDF, 0x35F8, 0x0043, 0x00E6, 0x00E6, 0x00E7, 0x00E6, 0x00E6, 0x00C6, 0x00E7, 0x0063,
  0x0001, 0x49EF, 0x5232, 0x41F1, 0x41D1, 0x39D2, 0x3191, 0x3190, 0x39AF, 0x41CE, 0x41CE, 0x41CF,
  0x41CD, 0x41AC, 0x20C5, 0x18A3, 0x18C4, 0x18A3, 0x18C3, 0x2105, 0x1083, 0x0000, 0x2B4D, 0x4FDF,
  0x37FF, 0x47FF, 0x3C31, 0x0000, 0x0002, 0x0906, 0x11A9, 0x1188, 0x11A9, 0x19A9, 0x19C9, 0x19EA,
  0x21EA, 0x220A, 0x2A2B, 0x2A2B, 0x324B, 0x326B, 0x328C, 0x3A8C, 0x3AAC, 0x42AD, 0x42CD, 0x42ED,
  0x4AEE, 0x4B0E, 0x4B2E, 0x532E, 0x534F, 0x534F, 0x5B6F, 0x5B6F, 0x5B8F, 0x5B90, 0x63B0, 0x63B0,
  0x63D0, 0x63D0, 0x63D1, 0x6BD1, 0x6BF1, 0x6BF1, 0x6BF1, 0x6BF1, 0x6BF1, 0x6BF1, 0x6BF1, 0x6BF1,
  0x63D0, 0x63D0, 0x63D0, 0x63D0, 0x63D0, 0x63B0, 0x63B0, 0x63B0, 0x63B0, 0x63B0, 0x63B0, 0x6390,
  0x5B90, 0x5B8F, 0x5B6F, 0x5B6F, 0x536F, 0x534F, 0x534F, 0x532E, 0x532E, 0x4B0E, 0x4B0E, 0x42ED,
  0x42ED, 0x42CD, 0x3AAC, 0x3AAC, 0x3A8C, 0x328C, 0x326B, 0x324B, 0x2A2B, 0x2A2A, 0x220A, 0x21EA,
  0x19C9, 0x19C9, 0x19A9, 0x11A9, 0x11C9, 0x0906, 0x0043, 0x0022, 0x3C72, 0x47FF, 0x2FFF, 0x47FF,
  0x4FFF, 0x47FF, 0x4FFF, 0x4FFF, 0x47FF, 0x47FF, 0x47FF, 0x47FF, 0x47FF, 0x4FFF, 0x47FF, 0x47FF,
  0x47FF, 0x47FF, 0x47FF, 0x47FF, 0x47FF, 0x47FF, 0x47FF, 0x47FF, 0x47FF, 0x47FF, 0x47FF, 0x4FFF,
  0x46FB, 0x1A4A, 0x0044, 0x00E6, 0x00C6, 0x00C6, 0x00A5, 0x00A5, 0x00C6, 0x0003, 0x7C11, 0xF7FF,
  0xCF1E, 0xDF7F, 0xE79F, 0xE79F, 0xDF7F, 0xE79F, 0xD75F, 0xDF5F, 0xEFDF, 0xCF3F, 0xAEBE, 0xA67E,
  0xA69E, 0x8E1E, 0x965E, 0xA67E, 0xB6DE, 0xC71F, 0xCF3F, 0xD75F, 0xBEFF, 0xBEDF, 0xA67E, 0xBEFF,
  0xCF3F, 0xC71F, 0xEFBF, 0xDF7F, 0xD75F, 0xCF3F, 0xD75F, 0xD75F, 0xBEFF, 0xB6DF, 0xCF3F, 0xCF3F,
  0xDF7F, 0xD75F, 0xD75F, 0xC71F, 0xBEFF, 0xBF1F, 0xD75F, 0xE7BF, 0xC71F, 0xAEBE, 0xC71F, 0xCF3F,
  0xAEBF, 0xC6FF, 0xCF3F, 0xD75F, 0xCF3F, 0xC71F, 0xC71F, 0xCF3F, 0xD75F, 0xD75F, 0xDF9F, 0xE79F,
  0xE79F, 0xEFBF, 0xF7DF, 0xFFFF, 0xF7FF, 0xFFFF, 0xC659, 0x10A5, 0x00A5, 0x0003, 0x236F, 0x47FF,
  0x3FDF, 0x47FF, 0x232E, 0x0023, 0x0106, 0x0064, 0x0044, 0x0044, 0x00C6, 0x00E6, 0x00E6, 0x0063,
  0x0001, 0x4A0F, 0x5A52, 0x4A11, 0x49F1, 0x49F2, 0x39B2, 0x39B1, 0x41D0, 0x41EF, 0x49EE, 0x4A0F,
  0x4A0F, 0x49EE, 0x39AB, 0x2106, 0x20C4, 0x18C4, 0x18A3, 0x20C4, 0x20E5, 0x18C4, 0x0000, 0x19E7,
  0x46FC, 0x37FF, 0x3FFF, 0x3D76, 0x0862, 0x0001, 0x00E6, 0x1189, 0x1189, 0x1189, 0x19A9, 0x19C9,
  0x19EA, 0x21EA, 0x220A, 0x2A2A, 0x2A2B, 0x324B, 0x326B, 0x326C, 0x3A8C, 0x3AAC, 0x3AAD, 0x42CD,
  0x42ED, 0x4AED, 0x4B0E, 0x4B2E, 0x532E, 0x534E, 0x534F, 0x5B6F, 0x5B6F, 0x5B8F, 0x5B90, 0x63B0,
  0x63B0, 0x63B0, 0x63B0, 0x63D0, 0x63D1, 0x6BD1, 0x6BD1, 0x6BF1, 0x6BF1, 0x6BF1, 0x6BF1, 0x6BF1,
  0x63B0, 0x63B0, 0x63B0, 0x63B0, 0x63B0, 0x63B0, 0x63B0, 0x63B0, 0x6390, 0x5B90, 0x5B8F, 0x5B8F,
  0x5B8F, 0x5B6F, 0x5B6F, 0x534F, 0x534F, 0x534E, 0x532E, 0x4B2E, 0x4B0E, 0x4B0E, 0x42ED, 0x42ED,
  0x42CD, 0x42CD, 0x3AAC, 0x3A8C, 0x3A8C, 0x326B, 0x324B, 0x2A4B, 0x2A2A, 0x220A, 0x21EA, 0x19E9,
  0x19C9, 0x19A9, 0x11A9, 0x11A9, 0x0906, 0x0023, 0x0863, 0x4D96, 0x3FFF, 0x37FF, 0x4FBE, 0x33B0,
  0x1A29, 0x1A4A, 0x1A09, 0x1A09, 0x1209, 0x1209, 0x1208, 0x11E8, 0x11E8, 0x11E8, 0x19E8, 0x19E8,
  0x11E8, 0x11E8, 0x11E8, 0x11E8, 0x11E8, 0x11E8, 0x11E8, 0x11E8, 0x11E8, 0x11E9, 0x1A6A, 0x3D55,
  0x3FFF, 0x47BE, 0x11C8, 0x00A5, 0x00E6, 0x00C6, 0x00A5, 0x00C6, 0x0023, 0x4A6A, 0xFFFF, 0xD73E,
  0xE79F, 0xE79F, 0xE77F, 0xE77F, 0xE79F, 0xD75F, 0xC71F, 0xE79F, 0xE79F, 0xBEFF, 0xB6BE, 0xAE9E,
  0xAE9E, 0xAE9E, 0xAE9E, 0xBEFF, 0xC71F, 0xBEFF, 0xBEFF, 0xD75F, 0xD75F, 0xDF5F, 0xCF1F, 0xB6BE,
  0xCF3F, 0xC71F, 0xDF7F, 0xEFBF, 0xE79F, 0xE79F, 0xD75F, 0xDF7F, 0xDF7F, 0xCF3F, 0xDF7F, 0xE79F,
  0xD75F, 0xD75F, 0xCF3F, 0xC71F, 0xBEFF, 0xBEFF, 0xC6FF, 0xEFDF, 0xEFDF, 0xCF5F, 0xB6DF, 0xD77F,
  0xB6DF, 0xCF3F, 0xDF7F, 0xCF3F, 0xCF3F, 0xCF3F, 0xC71F, 0xCF3F, 0xD75F, 0xCF3F, 0xD75F, 0xE79F,
  0xE79F, 0xEFBF, 0xEF9E, 0xDEFB, 0xDEDB, 0x9D14, 0x73F0, 0x10E6, 0x0085, 0x0002, 0x3493, 0x47FF,
  0x3FFF, 0x4F7D, 0x0906, 0x00A5, 0x0043, 0x22CC, 0x45F8, 0x34B3, 0x00C5, 0x00C6, 0x00E7, 0x0063,
  0x0001, 0x520F, 0x5A51, 0x5A51, 0x5A52, 0x4A11, 0x49F1, 0x4A11, 0x4A11, 0x4A10, 0x4A0F, 0x5230,
  0x4A2F, 0x49EE, 0x41EC, 0x3169, 0x20E4, 0x20C4, 0x18A3, 0x18A3, 0x18A3, 0x18A4, 0x18E6, 0x0000,
  0x08A3, 0x45D7, 0x3FFF, 0x37FF, 0x4679, 0x1104, 0x0000, 0x00A5, 0x0988, 0x1189, 0x1189, 0x19A9,
  0x19C9, 0x19EA, 0x21EA, 0x220A, 0x2A2A, 0x2A2B, 0x2A4B, 0x326B, 0x326C, 0x3A8C, 0x3AAC, 0x3AAD,
  0x42CD, 0x42ED, 0x4AED, 0x4B0E, 0x4B0E, 0x532E, 0x532E, 0x534F, 0x536F, 0x5B6F, 0x5B8F, 0x5B90,
  0x6390, 0x63B0, 0x63B0, 0x63B0, 0x63B0, 0x63D0, 0x63D0, 0x63D0, 0x6BD0, 0x6BD1, 0x6BD0, 0x6BD1,
  0x63B0, 0x63B0, 0x63B0, 0x63B0, 0x63B0, 0x6390, 0x6390, 0x5B90, 0x5B8F, 0x5B8F, 0x5B6F, 0x5B6F,
  0x5B6F, 0x5B6F, 0x534F, 0x534E, 0x534E, 0x532E, 0x4B2E, 0x4B0E, 0x4B0D, 0x42ED, 0x42ED, 0x42CD,
  0x3ACC, 0x3AAC, 0x3A8C, 0x326C, 0x326B, 0x324B, 0x2A4B, 0x2A2A, 0x220A, 0x21EA, 0x19C9, 0x19C9,
  0x19A9, 0x11A9, 0x11A9, 0x00E6, 0x0002, 0x1105, 0x4E59, 0x3FFF, 0x37FF, 0x4EFB, 0x19C8, 0x0003,
  0x0044, 0x0023, 0x0023, 0x0001, 0x0000, 0x0000, 0x0001, 0x0002, 0x0001, 0x0001, 0x0001, 0x0001,
  0x0001, 0x0001, 0x0001, 0x0001, 0x0001, 0x0001, 0x0001, 0x0001, 0x0001, 0x0002, 0x0001, 0x0000,
  0x35B7, 0x3FFF, 0x34B3, 0x0044, 0x00E6, 0x00C6, 0x00A5, 0x00A5, 0x0884, 0xD6DB, 0xEFDF, 0xE79F,
  0xF7DF, 0xDF5F, 0xDF7F, 0xE79F, 0xE79F, 0xC6FF, 0xCF3F, 0xEFBF, 0xD75F, 0xC71F, 0xBEFF, 0xB6DF,
  0xBEFF, 0xBEDF, 0xB6DF, 0xD75F, 0xCF3F, 0xBEFF, 0xC71F, 0xCF3F, 0xDF7F, 0xD75F, 0xF7DF, 0xD73F,
  0xC71F, 0xCF3F, 0xD75F, 0xEFDF, 0xEFBF, 0xEFBF, 0xDF7F, 0xDF7F, 0xDF7F, 0xDF7F, 0xD75F, 0xEFBF,
  0xDF7F, 0xCF5F, 0xCF3F, 0xC71F, 0xBEFF, 0xBEFF, 0xBEFF, 0xE7BF, 0xEFBF, 0xEFDF, 0xCF5F, 0xD75F,
  0xCF3F, 0xC71F, 0xE79F, 0xD75F, 0xCF3F, 0xCF3F, 0xCF3F, 0xCF3F, 0xD75F, 0xD75F, 0xCF5F, 0xD75F,
  0xE79F, 0xE7BF, 0xE75D, 0x2966, 0x0023, 0x0002, 0x0002, 0x0064, 0x00A5, 0x0022, 0x45D7, 0x3FFF,
  0x47FF, 0x3472, 0x0003, 0x0044, 0x224A, 0x4FFF, 0x3FFF, 0x47FF, 0x2C11, 0x0044, 0x0107, 0x0063,
  0x0001, 0x49EE, 0x5A52, 0x5A72, 0x5A71, 0x5231, 0x5231, 0x5231, 0x4A30, 0x41CD, 0x39AC, 0x41ED,
  0x49EE, 0x4A0E, 0x41CC, 0x2927, 0x18C4, 0x18C4, 0x18A3, 0x18A3, 0x18A3, 0x18A3, 0x18A4, 0x18E5,
  0x0842, 0x0000, 0x3CB3, 0x3FFF, 0x37FF, 0x471C, 0x21E8, 0x0000, 0x0084, 0x0968, 0x11A9, 0x1188,
  0x19A9, 0x19C9, 0x19CA, 0x21EA, 0x220A, 0x2A2A, 0x2A2B, 0x2A4B, 0x326B, 0x326C, 0x3A8C, 0x3A8C,
  0x3AAD, 0x42CD, 0x42ED, 0x4AED, 0x4B0E, 0x4B0E, 0x4B2E, 0x532E, 0x534F, 0x534F, 0x5B6F, 0x5B6F,
  0x5B8F, 0x5B90, 0x6390, 0x63B0, 0x63B0, 0x63B0, 0x63B0, 0x63B0, 0x63D0, 0x63D0, 0x63D0, 0x63D0,
  0x5B90, 0x5B90, 0x5B8F, 0x5B8F, 0x5B8F, 0x5B8F, 0x5B8F, 0x5B6F, 0x5B6F, 0x5B6F, 0x5B6F, 0x536F,
  0x536F, 0x534F, 0x534E, 0x532E, 0x532E, 0x4B2E, 0x4B0E, 0x4B0D, 0x42ED, 0x42ED, 0x42CD, 0x3AAC,
  0x3AAC, 0x3A8C, 0x326C, 0x326B, 0x324B, 0x2A4B, 0x2A2A, 0x220A, 0x21EA, 0x21E9, 0x19C9, 0x19A9,
  0x11C9, 0x1188, 0x00C5, 0x0002, 0x1966, 0x4EFC, 0x3FFF, 0x3FFF, 0x4E7A, 0x1106, 0x0044, 0x00E6,
  0x00A5, 0x0085, 0x0002, 0x19E8, 0x2BF0, 0x33F0, 0x08C4, 0x0042, 0x0063, 0x0042, 0x0043, 0x0043,
  0x0043, 0x0043, 0x0043, 0x0043, 0x0043, 0x0043, 0x0063, 0x0063, 0x0063, 0x0063, 0x0084, 0x0001,
  0x230D, 0x3FFF, 0x3576, 0x0064, 0x00E7, 0x00C6, 0x00C6, 0x0003, 0x6B6E, 0xFFFF, 0xE77F, 0xEFBF,
  0xEFBF, 0xE79F, 0xE79F, 0xF7DF, 0xD75F, 0xBEDE, 0xD75F, 0xEFBF, 0xE79F, 0xD75F, 0xCF3F, 0xC6FF,
  0xCF3F, 0xBEFF, 0xCF1F, 0xDF7F, 0xC71F, 0xBEFF, 0xC71F, 0xCF3F, 0xD75F, 0xDF7F, 0xEFBF, 0xEFBF,
  0xD73F, 0xD75F, 0xD75F, 0xDF7F, 0xF7DF, 0xEFBF, 0xDF7F, 0xDF7F, 0xDF7F, 0xDF7F, 0xD75F, 0xEFBF,
  0xEFBF, 0xDF7F, 0xD75F, 0xC71F, 0xBEFF, 0xBEFF, 0xB6DF, 0xDF9F, 0xEFBF, 0xE79F, 0xE7BF, 0xDF7F,
  0xD75F, 0xBEFF, 0xF7DF, 0xEFBF, 0xD75F, 0xD75F, 0xCF3F, 0xCF3F, 0xD77F, 0xDF7F, 0xD75F, 0xD75F,
  0xD75F, 0xEF9F, 0xFFFF, 0xB5D7, 0x0003, 0x00A5, 0x00A5, 0x0085, 0x00A5, 0x0043, 0x4659, 0x37FF,
  0x475D, 0x0905, 0x0044, 0x0864, 0x4EFB, 0x3FFF, 0x37BE, 0x47FF, 0x232E, 0x0064, 0x0107, 0x0063,
  0x0001, 0x49EE, 0x5A51, 0x5230, 0x5A51, 0x5251, 0x4A0F, 0x4A0F, 0x41CD, 0x3969, 0x39AA, 0x3969,
  0x3989, 0x41EC, 0x3989, 0x2105, 0x18A3, 0x18A3, 0x18A3, 0x18A3, 0x18C5, 0x20E6, 0x18C3, 0x18E6,
  0x216B, 0x18E7, 0x0000, 0x33CF, 0x47FF, 0x37FF, 0x4FBE, 0x226A, 0x0000, 0x0084, 0x0968, 0x11A9,
  0x1188, 0x19A9, 0x19C9, 0x19C9, 0x21EA, 0x220A, 0x2A0A, 0x2A2B, 0x2A4B, 0x324B, 0x326B, 0x3A8C,
  0x3A8C, 0x3AAC, 0x42CD, 0x42CD, 0x42ED, 0x4B0E, 0x4B0E, 0x4B2E, 0x532E, 0x534E, 0x534F, 0x5B6F,
  0x5B6F, 0x5B6F, 0x5B8F, 0x5B90, 0x5B90, 0x63B0, 0x63B0, 0x63B0, 0x63B0, 0x63B0, 0x63B0, 0x63B0,
  0x5B8F, 0x5B8F, 0x5B6F, 0x5B6F, 0x5B6F, 0x5B6F, 0x5B6F, 0x5B6F, 0x5B6F, 0x534F, 0x534F, 0x534E,
  0x534E, 0x532E, 0x532E, 0x4B2E, 0x4B0E, 0x4B0E, 0x4B0D, 0x42ED, 0x42CD, 0x42CD, 0x3AAC, 0x3AAC,
  0x3A8C, 0x326B, 0x326B, 0x324B, 0x2A4B, 0x2A2A, 0x220A, 0x220A, 0x21E9, 0x19C9, 0x19A9, 0x11C9,
  0x1188, 0x00A5, 0x0002, 0x21E8, 0x4F5D, 0x3FFF, 0x47FF, 0x45D7, 0x08A5, 0x0085, 0x00C6, 0x0084,
  0x0084, 0x0001, 0x3410, 0x4FFF, 0x3FFF, 0x3FFF, 0x469A, 0x0883, 0x0022, 0x0042, 0x0042, 0x0042,
  0x0022, 0x0022, 0x0022, 0x0022, 0x0042, 0x0042, 0x0042, 0x0042, 0x0042, 0x0043, 0x0063, 0x0001,
  0x22AB, 0x47FF, 0x3DB7, 0x0064, 0x00E7, 0x00C6, 0x00C6, 0x0064, 0xC659, 0xF7FF, 0xEFBF, 0xEFDF,
  0xEFBF, 0xE79F, 0xEFBF, 0xEFBF, 0xBEDE, 0xC71F, 0xE79F, 0xEFBF, 0xDF7F, 0xDF7F, 0xC71F, 0xC71F,
  0xD75F, 0xC71F, 0xD73F, 0xE79F, 0xCF1F, 0xC71F, 0xC6FF, 0xD75F, 0xDF7F, 0xEFBF, 0xEFBF, 0xF7DF,
  0xE79F, 0xD75F, 0xD75F, 0xDF7F, 0xF7DF, 0xEFDF, 0xE79F, 0xDF7F, 0xDF7F, 0xDF7F, 0xE79F, 0xE79F,
  0xF7FF, 0xEFBF, 0xDF7F, 0xDF7F, 0xCF3F, 0xBEFF, 0xBEFF, 0xDF7F, 0xEFBF, 0xAEDE, 0xEFBF, 0xEFBF,
  0xDF7F, 0xC71F, 0xEFDF, 0xF7FF, 0xE79F, 0xDF7F, 0xD75F, 0xCF3F, 0xDF7F, 0xE79F, 0xDF7F, 0xDF7F,
  0xD75F, 0xE79F, 0xEFBF, 0xFFFF, 0x5AEC, 0x0003, 0x0085, 0x0084, 0x0064, 0x08E5, 0x475D, 0x47FF,
  0x2B4E, 0x0002, 0x0002, 0x3C52, 0x47FF, 0x37BE, 0x47FF, 0x3DD7, 0x0044, 0x00E6, 0x00E7, 0x0063,
  0x0001, 0x49CD, 0x5230, 0x4A0F, 0x5230, 0x522F, 0x41ED, 0x41ED, 0x39AB, 0x3127, 0x3148, 0x2926,
  0x2906, 0x2906, 0x2906, 0x20E4, 0x18A3, 0x18A4, 0x18A4, 0x18C5, 0x294C, 0x298F, 0x212A, 0x1909,
  0x192C, 0x216D, 0x1908, 0x0000, 0x2AEC, 0x47DF, 0x37FF, 0x47DF, 0x2B2D, 0x0000, 0x0063, 0x0968,
  0x11A9, 0x1189, 0x19A9, 0x19C9, 0x19C9, 0x21EA, 0x220A, 0x220A, 0x2A2B, 0x2A4B, 0x324B, 0x326B,
  0x3A8C, 0x3A8C, 0x3AAC, 0x42CD, 0x42CD, 0x42ED, 0x4B0E, 0x4B0E, 0x4B0E, 0x532E, 0x532E, 0x534F,
  0x534F, 0x5B6F, 0x5B6F, 0x5B6F, 0x5B8F, 0x5B8F, 0x5B90, 0x5B90, 0x6390, 0x63B0, 0x6390, 0x6390,
  0x5B6F, 0x5B6F, 0x5B6F, 0x5B6F, 0x5B6F, 0x5B6F, 0x5B6F, 0x534F, 0x534F, 0x534E, 0x534E, 0x534E,
  0x532E, 0x4B2E, 0x4B2E, 0x4B0E, 0x4B0E, 0x4AED, 0x42ED, 0x42CD, 0x42CD, 0x3AAC, 0x3A8C, 0x3A8C,
  0x326B, 0x326B, 0x324B, 0x2A4B, 0x2A2A, 0x220A, 0x220A, 0x21E9, 0x19C9, 0x19A9, 0x19C9, 0x1188,
  0x00A5, 0x0001, 0x224A, 0x57BE, 0x3FFF, 0x47FF, 0x4576, 0x0884, 0x00C6, 0x00E6, 0x0085, 0x0084,
  0x0002, 0x19E9, 0x47FF, 0x37FF, 0x37DF, 0x37DF, 0x3FFF, 0x34D4, 0x0000, 0x0043, 0x0022, 0x0022,
  0x0022, 0x0022, 0x0022, 0x0022, 0x0042, 0x0022, 0x0022, 0x0042, 0x0042, 0x0042, 0x0063, 0x0001,
  0x22CB, 0x47FF, 0x3DF7, 0x0064, 0x00E6, 0x00C6, 0x0065, 0x29A8, 0xF7DF, 0xFFFF, 0xF7BF, 0xE79F,
  0xDF7F, 0xEFBF, 0xF7DF, 0xD75F, 0xB6BE, 0xD75F, 0xF7DF, 0xDF7F, 0xE79F, 0xE79F, 0xC6FF, 0xD75F,
  0xD75F, 0xC71F, 0xCF3F, 0xEFBF, 0xCF3F, 0xBEDE, 0xCF3F, 0xD75F, 0xE79F, 0xEFBF, 0xF7DF, 0xEFBF,
  0xEFDF, 0xE79F, 0xCF3F, 0xDF7F, 0xE79F, 0xE79F, 0xFFFF, 0xE79F, 0xDF7F, 0xE79F, 0xEFBF, 0xEFDF,
  0xDF5E, 0xF7DF, 0xEFBF, 0xE79F, 0xE79F, 0xCF3F, 0xBEFF, 0xE79F, 0xE79F, 0x4C9B, 0xDF9F, 0xF7DF,
  0xE79F, 0xBEFF, 0xEFBF, 0xF7FF, 0xDF7F, 0xE79F, 0xDF7F, 0xD75F, 0xD75F, 0xEFBF, 0xE79F, 0xDF7F,
  0xDF7F, 0xD75F, 0xEF9F, 0xFFFF, 0xCE9A, 0x0043, 0x0085, 0x0085, 0x0044, 0x19C8, 0x4FFF, 0x467A,
  0x0042, 0x0003, 0x1987, 0x4FDF, 0x3FDF, 0x3FFF, 0x4EBA, 0x08E6, 0x00A5, 0x00E6, 0x00E7, 0x0063,
  0x0001, 0x41AC, 0x520F, 0x522F, 0x522F, 0x49EE, 0x49ED, 0x41AA, 0x41CB, 0x3147, 0x2906, 0x2905,
  0x2906, 0x20E4, 0x20E5, 0x18C3, 0x18A4, 0x20C4, 0x18C4, 0x18C6, 0x216E, 0x214F, 0x214E, 0x18E8,
  0x10A5, 0x190A, 0x39EF, 0x216A, 0x0000, 0x2249, 0x4FBF, 0x37FF, 0x47FF, 0x3BEF, 0x0000, 0x0063,
  0x0948, 0x11A9, 0x11A9, 0x19A9, 0x19C9, 0x19C9, 0x21EA, 0x21EA, 0x2A0A, 0x2A2B, 0x2A4B, 0x324B,
  0x326B, 0x328C, 0x3A8C, 0x3AAC, 0x42CD, 0x42CD, 0x42ED, 0x4AED, 0x4B0E, 0x4B0E, 0x4B2E, 0x532E,
  0x534E, 0x534F, 0x534F, 0x5B6F, 0x5B6F, 0x5B8F, 0x5B8F, 0x5B8F, 0x5B8F, 0x5B90, 0x5B8F, 0x5B8F,
  0x534F, 0x534F, 0x534F, 0x534F, 0x534F, 0x534F, 0x534E, 0x534E, 0x534E, 0x532E, 0x532E, 0x4B2E,
  0x4B2E, 0x4B0E, 0x4B0E, 0x4B0D, 0x42ED, 0x42CD, 0x42CD, 0x42CD, 0x3AAC, 0x3A8C, 0x3A8C, 0x326B,
  0x326B, 0x324B, 0x2A2B, 0x2A2A, 0x220A, 0x220A, 0x21E9, 0x19C9, 0x19A9, 0x11C9, 0x1188, 0x00A5,
  0x0001, 0x2A6A, 0x4FDF, 0x37FF, 0x47FF, 0x4D55, 0x0064, 0x00C6, 0x00E6, 0x00A5, 0x0084, 0x0064,
  0x0042, 0x469A, 0x37FF, 0x37FF, 0x37FF, 0x37FF, 0x37FF, 0x47FF, 0x1187, 0x0001, 0x0042, 0x0022,
  0x0022, 0x0022, 0x0022, 0x0022, 0x0022, 0x0022, 0x0022, 0x0042, 0x0042, 0x0042, 0x0063, 0x0001,
  0x22CB, 0x47FF, 0x3DF7, 0x0064, 0x00E6, 0x08E6, 0x0023, 0x73F0, 0xFFFF, 0x94D3, 0xBDF8, 0xE7BF,
  0xDF7F, 0xF7DF, 0xEFBF, 0xC6FE, 0xCF3F, 0xE7BF, 0xEFDF, 0xDF7F, 0xE79F, 0xE79F, 0xBEFF, 0xD75F,
  0xE79F, 0xC71F, 0xD75F, 0xF7DF, 0xCF3F, 0xB6DE, 0xD75F, 0xD75F, 0xE79F, 0xE79F, 0xF7FF, 0xF7DF,
  0xEFBF, 0xEFDF, 0xDF7F, 0xCF3F, 0xF7DF, 0xA65D, 0xC71E, 0xFFFF, 0xEFDF, 0xE79F, 0xE79F, 0xFFFF,
  0xAE5D, 0xB67D, 0xFFFF, 0xE7BF, 0xEFBF, 0xEFBF, 0xC71F, 0xEFBF, 0xE77F, 0x02D8, 0x8DFC, 0xFFFF,
  0xEFBF, 0xD75F, 0xEFBF, 0xFFFF, 0xBEFE, 0xEFDF, 0xF7DF, 0xDF7F, 0xD75F, 0xEFBF, 0xEFBF, 0xE79F,
  0xDF7F, 0xD75F, 0xEFBF, 0xF7DF, 0xFFFF, 0x4A8B, 0x0023, 0x00A5, 0x0003, 0x22CC, 0x57FF, 0x228B,
  0x0002, 0x0023, 0x45F8, 0x3FFF, 0x47FF, 0x45F8, 0x08C5, 0x0085, 0x00E6, 0x00C6, 0x00E7, 0x0063,
  0x0001, 0x39AC, 0x520F, 0x522F, 0x522F, 0x522F, 0x5250, 0x520E, 0x522D, 0x520D, 0x49EC, 0x3989,
  0x3969, 0x2906, 0x20C4, 0x18A3, 0x18A3, 0x20C4, 0x18C4, 0x18C6, 0x212C, 0x214E, 0x214D, 0x192A,
  0x2107, 0x2906, 0x3168, 0x296B, 0x216C, 0x0002, 0x19C6, 0x4F3D, 0x37FF, 0x4FFF, 0x3C31, 0x0000,
  0x0043, 0x0948, 0x11A9, 0x1188, 0x19A9, 0x19C9, 0x19C9, 0x21EA, 0x220A, 0x220A, 0x2A2B, 0x2A4B,
  0x324B, 0x326B, 0x328C, 0x3A8C, 0x3AAC, 0x42CD, 0x42CD, 0x42ED, 0x42ED, 0x4B0D, 0x4B0E, 0x4B2E,
  0x532E, 0x532E, 0x534E, 0x534F, 0x534F, 0x5B6F, 0x5B6F, 0x5B6F, 0x5B6F, 0x5B6F, 0x5B6F, 0x5B6F,
  0x534E, 0x534E, 0x534E, 0x534E, 0x532E, 0x532E, 0x532E, 0x532E, 0x532E, 0x4B2E, 0x4B0E, 0x4B0E,
  0x4B0E, 0x4B0D, 0x4AED, 0x42ED, 0x42CD, 0x42CD, 0x42AC, 0x3AAC, 0x3A8C, 0x3A8C, 0x326B, 0x324B,
  0x324B, 0x2A2B, 0x2A2A, 0x220A, 0x21EA, 0x21E9, 0x19C9, 0x19A9, 0x11A9, 0x1188, 0x00C5, 0x0001,
  0x2A6A, 0x57DF, 0x37DF, 0x47FF, 0x3CF4, 0x0064, 0x00E6, 0x00E6, 0x00A5, 0x0084, 0x0084, 0x0001,
  0x2B6E, 0x47FF, 0x37FF, 0x37FF, 0x37FF, 0x37FF, 0x37FF, 0x37FF, 0x3DF8, 0x0000, 0x0042, 0x0022,
  0x0022, 0x0022, 0x0022, 0x0022, 0x0022, 0x0022, 0x0022, 0x0022, 0x0022, 0x0022, 0x0043, 0x0001,
  0x22CB, 0x47FF, 0x3DF8, 0x0064, 0x00E6, 0x00C6, 0x0044, 0x7BF0, 0x4A6B, 0x1905, 0xEF9F, 0xDF7F,
  0xEFBF, 0xF7FF, 0xDF7F, 0xCF1F, 0xEFBF, 0xF7DF, 0xEFBF, 0xE79F, 0xDF7F, 0xEF9F, 0xC71F, 0xDF5F,
  0xDF7F, 0xC71F, 0xD75F, 0xF7DF, 0xCF3F, 0xBEFF, 0xCF3F, 0xDF7F, 0xEFBF, 0xDF7F, 0xF7DF, 0xFFFF,
  0xEFBF, 0xEFDF, 0xEFBF, 0xCF3F, 0xF7FF, 0x9DFC, 0x1BFA, 0x9E5D, 0xFFDF, 0xFFFF, 0xEFBF, 0xF7FF,
  0xCEFE, 0x3C5A, 0xEFBF, 0xF7DF, 0xE79F, 0xF7DF, 0xD77F, 0xEFBF, 0xBEBD, 0x0318, 0x33B9, 0xEF9F,
  0xFFFF, 0xB69D, 0xCF1E, 0xFFFF, 0x753B, 0xB67D, 0xFFFF, 0xEFBF, 0xEFBF, 0xEFBF, 0xEF9F, 0xDF7F,
  0xE79F, 0xD75F, 0xEFBF, 0xFFFF, 0xFFFF, 0x94B3, 0x0002, 0x00A5, 0x0002, 0x3472, 0x4659, 0x0001,
  0x0002, 0x22AB, 0x47FF, 0x47FF, 0x3D14, 0x0864, 0x0085, 0x00E6, 0x00C6, 0x00E6, 0x00E6, 0x0043,
  0x0001, 0x398C, 0x5A50, 0x520D, 0x49CC, 0x522F, 0x6291, 0x5A71, 0x5A71, 0x5A71, 0x5A70, 0x524F,
  0x5250, 0x49EE, 0x2907, 0x2106, 0x2907, 0x2107, 0x18E8, 0x212A, 0x294D, 0x2991, 0x296F, 0x318E,
  0x39AC, 0x41C9, 0x41EB, 0x296C, 0x216D, 0x29B0, 0x0002, 0x1104, 0x4F1C, 0x37FF, 0x47FF, 0x3C10,
  0x0000, 0x0063, 0x0947, 0x11A9, 0x1188, 0x11A9, 0x19A9, 0x19C9, 0x21E9, 0x220A, 0x2A0A, 0x2A2A,
  0x2A4B, 0x324B, 0x326B, 0x328C, 0x3A8C, 0x3AAC, 0x3AAC, 0x42CD, 0x42CD, 0x42ED, 0x4AED, 0x4B0E,
  0x4B0E, 0x4B2E, 0x532E, 0x532E, 0x534E, 0x534F, 0x534F, 0x536F, 0x536F, 0x5B6F, 0x534F, 0x5B6F,
  0x532E, 0x532E, 0x532E, 0x532E, 0x532E, 0x532E, 0x532E, 0x4B2E, 0x4B2E, 0x4B0E, 0x4B0D, 0x4B0D,
  0x4AED, 0x42ED, 0x42ED, 0x42CD, 0x42CD, 0x42AC, 0x3AAC, 0x3A8C, 0x3A8C, 0x326B, 0x324B, 0x2A4B,
  0x2A2B, 0x2A2A, 0x220A, 0x220A, 0x21E9, 0x19C9, 0x19A9, 0x19C9, 0x1188, 0x00A5, 0x0001, 0x2A4A,
  0x57DF, 0x37DF, 0x47FF, 0x3CD3, 0x0023, 0x00E6, 0x00E6, 0x00C6, 0x0085, 0x0084, 0x0043, 0x08A4,
  0x475D, 0x37FF, 0x37FF, 0x37FF, 0x37FF, 0x37FF, 0x37FF, 0x37FF, 0x3FFF, 0x22AB, 0x0000, 0x0042,
  0x0022, 0x0022, 0x0022, 0x0022, 0x0022, 0x0022, 0x0022, 0x0022, 0x0022, 0x0042, 0x0043, 0x0001,
  0x22CB, 0x47FF, 0x3DF8, 0x0064, 0x00E6, 0x00C6, 0x00A5, 0x0064, 0x0001, 0x8C52, 0xF7FF, 0xDF5E,
  0xF7DF, 0xF7FF, 0xD75F, 0xD75F, 0xEFBF, 0xF7DF, 0xEFBF, 0xE79F, 0xDF7F, 0xEFBF, 0xCF3F, 0xDF7F,
  0xE77F, 0xCF3F, 0xDF7F, 0xF7DF, 0xD75F, 0xC71F, 0xCF1F, 0xDF7F, 0xFFFF, 0xC6FE, 0x6D5C, 0xEFDF,
  0xFFFF, 0xFFFF, 0xF7FF, 0xE79F, 0xE7BF, 0xCEDE, 0x2338, 0x34BC, 0x551C, 0xBEDE, 0xFFFF, 0xFFFF,
  0xEF7F, 0x2B99, 0x6DDD, 0xFFDF, 0xEFBF, 0xF7DF, 0xE79F, 0xF7FF, 0x74DA, 0x02D7, 0x0AB7, 0xBE5C,
  0xFFFF, 0x54DB, 0x855B, 0xFFFF, 0x3BD9, 0x2B99, 0xFFFF, 0xF7DF, 0xEFBF, 0xEFBF, 0xEFBF, 0xEFBF,
  0xE79F, 0xD75F, 0xEFDF, 0xD6BA, 0xEF9E, 0xCE59, 0x0002, 0x00A5, 0x0043, 0x0947, 0x0906, 0x0023,
  0x0063, 0x471C, 0x47DF, 0x33CF, 0x0002, 0x0003, 0x0084, 0x0064, 0x00C6, 0x00C6, 0x00E6, 0x0064,
  0x0001, 0x41CD, 0x5A70, 0x49EC, 0x49CC, 0x5A50, 0x6271, 0x6291, 0x5A71, 0x5250, 0x4A10, 0x4A10,
  0x4A30, 0x4A30, 0x41CE, 0x318D, 0x296C, 0x294C, 0x296E, 0x31AF, 0x39AE, 0x39D0, 0x39F1, 0x4210,
  0x41CB, 0x49EB, 0x4A2E, 0x298F, 0x216F, 0x214E, 0x21B0, 0x0024, 0x1104, 0x4F1C, 0x37FF, 0x47FF,
  0x3C11, 0x0000, 0x0043, 0x0947, 0x11A9, 0x1188, 0x19A9, 0x19C9, 0x19C9, 0x21EA, 0x220A, 0x2A0A,
  0x2A2A, 0x2A4B, 0x324B, 0x326B, 0x328C, 0x3A8C, 0x3AAC, 0x3AAC, 0x42CD, 0x42CD, 0x42ED, 0x4AED,
  0x4B0D, 0x4B0E, 0x4B0E, 0x4B2E, 0x532E, 0x534E, 0x534E, 0x534E, 0x534F, 0x534F, 0x534F, 0x534F,
  0x4B2E, 0x4B2E, 0x4B2E, 0x4B2E, 0x4B0E, 0x4B0E, 0x4B0E, 0x4B0E, 0x4B0E, 0x4B0D, 0x4AED, 0x42ED,
  0x42ED, 0x42CD, 0x42CD, 0x42CC, 0x3AAC, 0x3AAC, 0x3A8C, 0x328C, 0x326B, 0x324B, 0x2A4B, 0x2A2A,
  0x2A2A, 0x220A, 0x21EA, 0x21E9, 0x19C9, 0x19A9, 0x11C9, 0x11A8, 0x00C5, 0x0002, 0x19E9, 0x4FBE,
  0x37DF, 0x47FF, 0x3D14, 0x0044, 0x00E6, 0x00E6, 0x00C6, 0x00A5, 0x0064, 0x0084, 0x0001, 0x3452,
  0x3FFF, 0x37DF, 0x37FF, 0x47FF, 0x46FB, 0x479E, 0x3FFF, 0x37FF, 0x37FF, 0x46BA, 0x0021, 0x0022,
  0x0022, 0x0022, 0x0022, 0x0022, 0x0022, 0x0022, 0x0022, 0x0022, 0x0022, 0x0022, 0x0043, 0x0001,
  0x22CB, 0x47FF, 0x45F7, 0x0084, 0x00E6, 0x00C6, 0x00A5, 0x00C6, 0x00A4, 0xCE79, 0xE7BF, 0xEFBF,
  0xF7FF, 0xF7DF, 0xDF5F, 0xE79F, 0xF7DF, 0xF7DF, 0xEFBF, 0xDF7F, 0xE79F, 0xE79F, 0xE79F, 0xEFBF,
  0xEFBF, 0xCF3F, 0xE79F, 0xF7DF, 0xE79F, 0xC71F, 0xC71F, 0xE79F, 0xFFFF, 0xE77F, 0x1379, 0x44FC,
  0xA6BE, 0xC73E, 0xDF7F, 0xFFFF, 0xF7DF, 0xEFBF, 0x1A35, 0x1AB6, 0x241A, 0x2C9B, 0x5D1C, 0xBEBE,
  0xFFFF, 0x4B97, 0x0AF8, 0x9E9E, 0xFFFF, 0xEFBF, 0xE79F, 0xEF9F, 0x2295, 0x01D3, 0x0276, 0xA5DB,
  0xE73E, 0x01B4, 0x2B78, 0xBE7D, 0x1A75, 0x0256, 0x95BC, 0xFFFF, 0xEFBF, 0xEFBF, 0xEFBF, 0xFFFF,
  0xEFBF, 0xD73E, 0xF7FF, 0x9CF3, 0x29A8, 0xA535, 0x0043, 0x0084, 0x0084, 0x0023, 0x0064, 0x0002,
  0x3CB3, 0x4EBB, 0x11A7, 0x0002, 0x0002, 0x22CC, 0x4EBB, 0x238F, 0x0024, 0x00E6, 0x00E7, 0x0064,
  0x0001, 0x41AC, 0x5A30, 0x524F, 0x5A50, 0x5A72, 0x5A71, 0x5A71, 0x5231, 0x4A11, 0x41D2, 0x41F1,
  0x4A0F, 0x4A30, 0x41F0, 0x39AE, 0x214B, 0x294E, 0x31B1, 0x39D0, 0x420F, 0x4A31, 0x41F0, 0x318B,
  0x20E6, 0x2928, 0x296C, 0x2991, 0x2170, 0x190D, 0x110F, 0x1972, 0x0024, 0x1104, 0x4F1C, 0x37FF,
  0x47FF, 0x3C10, 0x0000, 0x0043, 0x0947, 0x11A9, 0x1188, 0x19A9, 0x19A9, 0x19C9, 0x21EA, 0x220A,
  0x220A, 0x2A2A, 0x2A4B, 0x324B, 0x326B, 0x326C, 0x3A8C, 0x3A8C, 0x3AAC, 0x42CD, 0x42CD, 0x42ED,
  0x42ED, 0x4AED, 0x4B0D, 0x4B0E, 0x4B0E, 0x4B2E, 0x532E, 0x532E, 0x532E, 0x534E, 0x534E, 0x534E,
  0x4B0E, 0x4B0E, 0x4B0E, 0x4B0E, 0x4B0E, 0x4B0D, 0x4B0D, 0x4B0D, 0x4AED, 0x42ED, 0x42ED, 0x42ED,
  0x42CD, 0x42CD, 0x42AC, 0x3AAC, 0x3A8C, 0x3A8C, 0x326B, 0x326B, 0x324B, 0x2A4B, 0x2A2A, 0x2A0A,
  0x220A, 0x21E9, 0x21E9, 0x19C9, 0x19A9, 0x11A9, 0x11A9, 0x00C5, 0x0002, 0x1967, 0x577D, 0x37FF,
  0x47FF, 0x4576, 0x0064, 0x00E6, 0x00E6, 0x00C6, 0x00A5, 0x0084, 0x0084, 0x0022, 0x1166, 0x47BE,
  0x37DF, 0x3FFF, 0x469A, 0x1186, 0x0042, 0x08E4, 0x3E39, 0x37FF, 0x2FDF, 0x3FFF, 0x22EC, 0x0000,
  0x0042, 0x0022, 0x0022, 0x0022, 0x0022, 0x0022, 0x0022, 0x0022, 0x0022, 0x0042, 0x0043, 0x0001,
  0x22CB, 0x47FF, 0x3DF7, 0x0084, 0x00E6, 0x00C6, 0x00C6, 0x0065, 0x29A8, 0xEF9E, 0xEF9F, 0xFFFF,
  0xF7FF, 0xF7DF, 0xE77F, 0xEFBF, 0xF7DF, 0xEFBF, 0xE79F, 0xEFBF, 0xEFBF, 0xE79F, 0xEFBF, 0xF7DF,
  0xEFBF, 0xD75F, 0xEFBF, 0xF7DF, 0xEFBF, 0xD75F, 0xD73F, 0xE79F, 0xFFFF, 0xE77F, 0x1B59, 0x0A97,
  0x1359, 0x44DB, 0x6DFD, 0x8E3D, 0xEF9F, 0xFFFF, 0x4336, 0x0153, 0x01B3, 0x1AB5, 0x2399, 0x1BDA,
  0x9E5E, 0x8D3A, 0x0112, 0x23B9, 0xD77F, 0xF7BF, 0xEFDF, 0xB5FB, 0x0131, 0x01B3, 0x0255, 0xA5FB,
  0x63B6, 0x0111, 0x01F4, 0x1254, 0x01F4, 0x02B7, 0x02B7, 0x9E1D, 0xFFFF, 0xE79F, 0xF7DF, 0xF7DF,
  0xFFFF, 0xDF5E, 0xEFDF, 0xAD76, 0x0001, 0x0064, 0x0084, 0x0064, 0x0084, 0x0084, 0x0064, 0x00A4,
  0x2B6E, 0x0083, 0x0002, 0x0043, 0x3C92, 0x4FFF, 0x57FF, 0x2BF0, 0x0044, 0x0107, 0x00E7, 0x0064,
  0x0001, 0x398C, 0x4A0E, 0x5A50, 0x6291, 0x6292, 0x4A10, 0x41F0, 0x4A11, 0x41F1, 0x41F1, 0x41F0,
  0x4A10, 0x4A30, 0x41CD, 0x294A, 0x212B, 0x318F, 0x4211, 0x4A31, 0x4A51, 0x4A51, 0x39F0, 0x2128,
  0x18A4, 0x10A5, 0x10EA, 0x2171, 0x2150, 0x1930, 0x112F, 0x192F, 0x1992, 0x0044, 0x1104, 0x4F1C,
  0x37FF, 0x4FFF, 0x3BF0, 0x0000, 0x0063, 0x0948, 0x11A9, 0x1188, 0x19A9, 0x19A9, 0x19C9, 0x21EA,
  0x21EA, 0x220A, 0x2A2A, 0x2A4B, 0x324B, 0x326B, 0x326B, 0x3A8C, 0x3A8C, 0x3AAC, 0x42CC, 0x42CD,
  0x42CD, 0x42ED, 0x42ED, 0x4AED, 0x4B0E, 0x4B0E, 0x4B0E, 0x4B2E, 0x4B2E, 0x532E, 0x532E, 0x532E,
  0x4AED, 0x4AED, 0x4B0D, 0x4B0D, 0x4B0D, 0x4AED, 0x4AED, 0x42ED, 0x42ED, 0x42CD, 0x42CD, 0x42CD,
  0x42CD, 0x3AAC, 0x3AAC, 0x3A8C, 0x3A8C, 0x326B, 0x326B, 0x324B, 0x2A4B, 0x2A2A, 0x2A0A, 0x220A,
  0x21E9, 0x21E9, 0x19C9, 0x19A9, 0x11A9, 0x11A9, 0x00E5, 0x0043, 0x1105, 0x571C, 0x3FFF, 0x3FFF,
  0x4576, 0x0064, 0x00E6, 0x00E6, 0x00C6, 0x00A5, 0x0084, 0x0064, 0x0084, 0x0000, 0x3535, 0x3FFF,
  0x2FBE, 0x47FF, 0x2B0D, 0x0000, 0x0042, 0x0000, 0x1146, 0x47BE, 0x37FF, 0x37FF, 0x3EFB, 0x0042,
  0x0021, 0x0022, 0x0022, 0x0022, 0x0022, 0x0022, 0x0022, 0x0022, 0x0022, 0x0022, 0x0043, 0x0000,
  0x22CB, 0x47FF, 0x3DF7, 0x0084, 0x00E7, 0x00C6, 0x00C6, 0x0024, 0x52ED, 0xF7FF, 0xEFBF, 0xFFFF,
  0xF7FF, 0xF7DF, 0xEFBF, 0xEFBF, 0xEFBF, 0xEF9F, 0xEFBF, 0xEFBF, 0xEFBF, 0xEFBF, 0xE7BF, 0xEFBF,
  0xF7DF, 0xDF7F, 0xEFBF, 0xEFBF, 0xEFDF, 0xE79F, 0xDF7F, 0xF7DF, 0xFFFF, 0xDF3E, 0x1339, 0x0297,
  0x0236, 0x0256, 0x2378, 0x44DB, 0x557C, 0xEFFF, 0x8CB9, 0x0132, 0x01D3, 0x0172, 0x0172, 0x09D3,
  0x0A55, 0x22F6, 0x0192, 0x0132, 0x6CDA, 0xFFFF, 0xFFFF, 0x4B14, 0x0111, 0x0192, 0x0A55, 0x5375,
  0x0150, 0x01B2, 0x0131, 0x00F0, 0x0192, 0x01B4, 0x0237, 0x33D9, 0xF7BF, 0xEFBF, 0xF7DF, 0xF7DF,
  0xFFFF, 0xEF9F, 0xEFFF, 0xA555, 0x0002, 0x0085, 0x0064, 0x0084, 0x0084, 0x0084, 0x0084, 0x0064,
  0x0002, 0x0002, 0x0863, 0x45D7, 0x57FF, 0x46BA, 0x22CC, 0x0064, 0x00E6, 0x00E6, 0x00E7, 0x0064,
  0x0001, 0x39AC, 0x4A0E, 0x5250, 0x6271, 0x6292, 0x4A11, 0x41D0, 0x41F0, 0x39B0, 0x39CF, 0x41EF,
  0x41EE, 0x316A, 0x20E5, 0x20E5, 0x316A, 0x4210, 0x4A0E, 0x318A, 0x398A, 0x318C, 0x298C, 0x214C,
  0x216F, 0x194F, 0x112F, 0x1972, 0x2193, 0x1954, 0x1952, 0x2170, 0x2191, 0x21D4, 0x0024, 0x1944,
  0x579E, 0x37FF, 0x4FFF, 0x336E, 0x0000, 0x0084, 0x0968, 0x11A9, 0x1188, 0x11A9, 0x19A9, 0x19C9,
  0x21EA, 0x220A, 0x2A0A, 0x2A2A, 0x2A4B, 0x324B, 0x324B, 0x326B, 0x326B, 0x3A8C, 0x3AAC, 0x3AAC,
  0x42CD, 0x42CD, 0x42CD, 0x42ED, 0x4AED, 0x4B0D, 0x4B0E, 0x4B0E, 0x4B0E, 0x4B0E, 0x4B0E, 0x4B2E,
  0x42ED, 0x42ED, 0x4AED, 0x42ED, 0x4AED, 0x42ED, 0x42ED, 0x42CD, 0x42CD, 0x42CC, 0x42AC, 0x3AAC,
  0x3AAC, 0x3A8C, 0x3A8C, 0x3A8C, 0x326B, 0x324B, 0x324B, 0x2A4B, 0x2A2A, 0x2A0A, 0x220A, 0x21E9,
  0x19C9, 0x19C9, 0x19A9, 0x11A8, 0x11A9, 0x00E5, 0x0043, 0x0883, 0x4E9A, 0x3FFF, 0x3FFF, 0x4DF8,
  0x0064, 0x00C6, 0x0107, 0x00E6, 0x00A5, 0x0085, 0x0064, 0x0084, 0x0002, 0x19C8, 0x47FF, 0x37FF,
  0x37DF, 0x3FFF, 0x230C, 0x0000, 0x0042, 0x0021, 0x0842, 0x471C, 0x37FF, 0x37DF, 0x3FFF, 0x2B6E,
  0x0000, 0x0042, 0x0022, 0x0022, 0x0022, 0x0022, 0x0022, 0x0022, 0x0022, 0x0022, 0x0043, 0x0000,
  0x22CB, 0x47FF, 0x3DF7, 0x0064, 0x00E7, 0x00C6, 0x00E6, 0x0003, 0x73F0, 0xFFFF, 0xF7BF, 0xA555,
  0xFFFF, 0xF7FF, 0xF7DF, 0xF7BF, 0xEFBF, 0xEFBF, 0xEFBF, 0xEFBF, 0xEFBF, 0xF7DF, 0xEFBF, 0xEFBF,
  0xF7DF, 0xE79F, 0xEFBF, 0xF7DF, 0xF7DF, 0xE79F, 0xE79F, 0xFFFF, 0xFFFF, 0xB67D, 0x02F8, 0x0B38,
  0x0276, 0x0215, 0x01D4, 0x0A14, 0x1B37, 0x4CDB, 0x6479, 0x0152, 0x01B3, 0x01B2, 0x01B2, 0x0192,
  0x0151, 0x0151, 0x0192, 0x0172, 0x19D3, 0xD77E, 0xB61B, 0x0110, 0x0191, 0x0171, 0x09F3, 0x0171,
  0x0130, 0x00CF, 0x3232, 0x8CD8, 0xCEBD, 0xC6BD, 0x647A, 0x0297, 0xC69D, 0xFFFF, 0xF7DF, 0xF7DF,
  0xFFFF, 0xFFDF, 0xFFFF, 0xA555, 0x0002, 0x00A5, 0x0084, 0x0084, 0x0084, 0x0084, 0x0084, 0x0085,
  0x0064, 0x1146, 0x4EFC, 0x4FBE, 0x33F0, 0x08A4, 0x0043, 0x00E6, 0x00E6, 0x00C6, 0x00E7, 0x0064,
  0x0002, 0x39AC, 0x520F, 0x5A50, 0x5A71, 0x6292, 0x5A72, 0x4A10, 0x41CD, 0x39AB, 0x39AC, 0x398C,
  0x3147, 0x18A4, 0x18A4, 0x18A3, 0x3149, 0x41EE, 0x39AC, 0x2927, 0x2949, 0x31AE, 0x31F2, 0x3A14,
  0x31F4, 0x2171, 0x10EE, 0x10CD, 0x190E, 0x10EE, 0x110F, 0x2171, 0x29D5, 0x21B5, 0x21D5, 0x0002,
  0x2208, 0x4FDF, 0x2FFF, 0x4FFF, 0x2A8B, 0x0000, 0x0084, 0x1189, 0x1188, 0x11A8, 0x19A9, 0x19C9,
  0x19C9, 0x21E9, 0x21EA, 0x220A, 0x2A2A, 0x2A2B, 0x324B, 0x324B, 0x326B, 0x3A8C, 0x3A8C, 0x3A8C,
  0x3AAC, 0x42AC, 0x42CD, 0x42CD, 0x42ED, 0x42ED, 0x4AED, 0x4AED, 0x4B0D, 0x4B0E, 0x4B0D, 0x4B0E,
  0x42CD, 0x42CD, 0x42CD, 0x42CD, 0x42ED, 0x42CD, 0x42CD, 0x42CD, 0x42AC, 0x3AAC, 0x3AAC, 0x3AAC,
  0x3A8C, 0x3A8C, 0x326B, 0x326B, 0x324B, 0x2A4B, 0x2A2A, 0x2A2A, 0x2A0A, 0x220A, 0x21E9, 0x19C9,
  0x19C9, 0x19A9, 0x11A8, 0x11A9, 0x0906, 0x0064, 0x0042, 0x45F8, 0x3FFF, 0x37FF, 0x4E9A, 0x08C5,
  0x00A6, 0x0106, 0x00E6, 0x00C5, 0x00A5, 0x0084, 0x0064, 0x0064, 0x0022, 0x4638, 0x37FF, 0x37FF,
  0x37DF, 0x3FFF, 0x2B4D, 0x0000, 0x0042, 0x0001, 0x0862, 0x473C, 0x2FFF, 0x37FF, 0x2FFF, 0x475D,
  0x08A3, 0x0021, 0x0022, 0x0022, 0x0022, 0x0022, 0x0022, 0x0022, 0x0022, 0x0022, 0x0043, 0x0000,
  0x22CB, 0x47FF, 0x3DD7, 0x0064, 0x00E7, 0x00C6, 0x00E6, 0x0003, 0xB5B7, 0xFFDF, 0x4A8B, 0x4A8C,
  0xFFFF, 0xF7DF, 0xF7DF, 0xEFBF, 0xEFBF, 0xF7DF, 0xF7BF, 0xEF9F, 0xF7DF, 0xEFDF, 0xEF9F, 0xEFBF,
  0xEFDF, 0xEFBF, 0xEFBF, 0xF7DF, 0xF7FF, 0xE79F, 0xEFDF, 0xE79F, 0xC6FE, 0x959B, 0x02B8, 0x0AB7,
  0x01D4, 0x0215, 0x0214, 0x01F4, 0x01B3, 0x01D4, 0x01B3, 0x01B3, 0x0192, 0x0192, 0x0192, 0x0192,
  0x0192, 0x0171, 0x0171, 0x0192, 0x0131, 0x3BD7, 0x2AB4, 0x0130, 0x0171, 0x0151, 0x0171, 0x00CF,
  0x1990, 0x94F8, 0xF7DF, 0xFFFF, 0xEF9E, 0x8CB8, 0x4BF8, 0x0235, 0x84D9, 0xFFFF, 0xEFBF, 0xF7DF,
  0xEF9E, 0xF7BF, 0xFFFF, 0x94D3, 0x0002, 0x00A5, 0x0084, 0x0084, 0x0084, 0x0085, 0x0084, 0x0085,
  0x0023, 0x22CC, 0x3CB3, 0x0905, 0x0002, 0x00A5, 0x00E6, 0x00E6, 0x00E6, 0x00C6, 0x00E6, 0x0064,
  0x0022, 0x39AC, 0x41CD, 0x522F, 0x5A71, 0x5A71, 0x5A71, 0x5251, 0x49ED, 0x41CB, 0x398A, 0x28E5,
  0x20C4, 0x18A3, 0x18A3, 0x18A4, 0x3149, 0x41CD, 0x49EE, 0x4A30, 0x39F0, 0x214D, 0x0847, 0x0803,
  0x0821, 0x0040, 0x08E3, 0x1124, 0x1103, 0x1123, 0x0882, 0x0001, 0x0002, 0x0847, 0x110E, 0x21F3,
  0x0022, 0x2A8A, 0x4FFF, 0x37FF, 0x4FDF, 0x1A08, 0x0000, 0x00C5, 0x11A9, 0x1188, 0x11A8, 0x19A9,
  0x19A9, 0x19C9, 0x21E9, 0x21EA, 0x220A, 0x2A2A, 0x2A2B, 0x2A4B, 0x324B, 0x326B, 0x326C, 0x3A8C,
  0x3A8C, 0x3AAC, 0x3AAC, 0x42CC, 0x42CD, 0x42CD, 0x42CD, 0x42ED, 0x42ED, 0x4AED, 0x42ED, 0x4AED,
  0x42CC, 0x42CC, 0x42CD, 0x42CC, 0x42CD, 0x42CC, 0x42AC, 0x3AAC, 0x3AAC, 0x3A8C, 0x3A8C, 0x3A8C,
  0x3A8C, 0x326B, 0x326B, 0x324B, 0x324B, 0x2A2A, 0x2A2A, 0x2A0A, 0x21EA, 0x21E9, 0x19C9, 0x19A9,
  0x19A8, 0x1188, 0x11A9, 0x0927, 0x0064, 0x0002, 0x4535, 0x47FF, 0x37FF, 0x4F1C, 0x1126, 0x0085,
  0x0107, 0x00E6, 0x00C5, 0x00A5, 0x0084, 0x0064, 0x0084, 0x0001, 0x22AB, 0x47FF, 0x2FFF, 0x37FF,
  0x37DF, 0x3FFF, 0x2BCF, 0x0000, 0x0042, 0x0001, 0x10E4, 0x479E, 0x37FF, 0x37FF, 0x37FF, 0x3FFF,
  0x3472, 0x0000, 0x0042, 0x0022, 0x0022, 0x0022, 0x0022, 0x0022, 0x0022, 0x0022, 0x0042, 0x0000,
  0x22CB, 0x47FF, 0x3DF7, 0x0084, 0x00E7, 0x00C6, 0x00A6, 0x08C5, 0xA534, 0x31E9, 0x0002, 0x5B2E,
  0xFFFF, 0xFFDF, 0xF7FF, 0xF7BF, 0xEFBF, 0xF7DF, 0xEFBF, 0xEFBF, 0xF7DF, 0xE79F, 0xEFBF, 0xEFBF,
  0xEFBF, 0xEFBF, 0xEFBF, 0xF7FF, 0xFFFF, 0xF7DF, 0xFFFF, 0xA63D, 0x855B, 0x74DA, 0x0237, 0x01B4,
  0x01B3, 0x0992, 0x0172, 0x0112, 0x0152, 0x0173, 0x0193, 0x01B3, 0x01B2, 0x0192, 0x0192, 0x0171,
  0x0171, 0x0171, 0x0171, 0x0171, 0x0192, 0x0192, 0x0192, 0x0151, 0x0171, 0x0171, 0x00AE, 0x4292,
  0xE73D, 0xFFFF, 0xFFFF, 0xAD99, 0x1991, 0x00D1, 0x01B3, 0x01B4, 0x6417, 0xFFFF, 0xF7BF, 0xFFFF,
  0xC65A, 0xD6BB, 0xFFFF, 0x52CC, 0x0003, 0x0085, 0x0084, 0x0084, 0x0084, 0x0084, 0x0085, 0x0085,
  0x0085, 0x0043, 0x0002, 0x0064, 0x00C6, 0x00A5, 0x00C5, 0x00C6, 0x00C6, 0x00C6, 0x00E6, 0x0063,
  0x0001, 0x39AD, 0x41EE, 0x49ED, 0x524F, 0x5A70, 0x5A71, 0x5A70, 0x522F, 0x49ED, 0x3148, 0x20C4,
  0x18A3, 0x1883, 0x18A4, 0x2907, 0x316B, 0x4A31, 0x4A11, 0x18C9, 0x0002, 0x08A2, 0x2ACA, 0x3CD3,
  0x4679, 0x46DB, 0x479E, 0x4FDF, 0x4FDF, 0x4FDF, 0x4F3C, 0x4E79, 0x3C92, 0x2289, 0x10C2, 0x0003,
  0x08A7, 0x0000, 0x33AF, 0x4FFF, 0x37FF, 0x4F5D, 0x1125, 0x0000, 0x08E6, 0x11A9, 0x1188, 0x1188,
  0x19A9, 0x19C9, 0x19C9, 0x21E9, 0x21EA, 0x220A, 0x2A0A, 0x2A2A, 0x2A2B, 0x324B, 0x326B, 0x326B,
  0x3A8C, 0x3A8C, 0x3AAC, 0x3AAC, 0x3AAC, 0x42CC, 0x42CD, 0x42CD, 0x42CD, 0x42ED, 0x42ED, 0x42ED,
  0x42AC, 0x42AC, 0x42AC, 0x42AC, 0x42AC, 0x3AAC, 0x3AAC, 0x3AAC, 0x3A8C, 0x3A8C, 0x3A8B, 0x326B,
  0x326B, 0x326B, 0x324B, 0x2A4B, 0x2A2A, 0x2A2A, 0x2A0A, 0x21EA, 0x21E9, 0x19C9, 0x19A9, 0x19A8,
  0x1188, 0x11A8, 0x0967, 0x0084, 0x0001, 0x3C31, 0x47FF, 0x37FF, 0x4F9E, 0x19E9, 0x0064, 0x0106,
  0x00E6, 0x00C6, 0x00A5, 0x0084, 0x0064, 0x0064, 0x0063, 0x0022, 0x46BA, 0x37FF, 0x37FF, 0x37FF,
  0x37DF, 0x3FFF, 0x3492, 0x0000, 0x0042, 0x0000, 0x1986, 0x47FF, 0x2FFF, 0x37FF, 0x37FF, 0x37FF,
  0x47BE, 0x1125, 0x0001, 0x0022, 0x0022, 0x0022, 0x0022, 0x0022, 0x0022, 0x0022, 0x0043, 0x0000,
  0x22CB, 0x47FF, 0x3DF7, 0x0084, 0x00E7, 0x00C6, 0x00A6, 0x08C6, 0x0084, 0x0064, 0x0044, 0x52CC,
  0xFFFF, 0xFFDF, 0xF7DF, 0xF7BF, 0xF7DF, 0xF7FF, 0xEFBF, 0xEFBF, 0xEFBF, 0xE79F, 0xEFBF, 0xEFBF,
  0xEF9F, 0xEFBF, 0xF7DF, 0xF7DF, 0xFFFF, 0xDF7F, 0xEFDF, 0x441A, 0x545A, 0x4337, 0x3AF6, 0xB5DB,
  0xD6DD, 0xDEFD, 0xCE9C, 0xA559, 0x6BF6, 0x3A93, 0x11B1, 0x0110, 0x00F1, 0x0151, 0x0172, 0x0191,
  0x0171, 0x0171, 0x0171, 0x0171, 0x0192, 0x0171, 0x0171, 0x0151, 0x00D0, 0x00EF, 0x8476, 0xFFFF,
  0xF7DF, 0xC65B, 0x4292, 0x006F, 0x0151, 0x01D3, 0x01D3, 0x0173, 0x63B6, 0xFFFF, 0xEF9F, 0xFFFF,
  0xBDF8, 0xBDF8, 0xDF1C, 0x0863, 0x0064, 0x0064, 0x0084, 0x0064, 0x0084, 0x0084, 0x0085, 0x0085,
  0x0084, 0x0085, 0x00A5, 0x00A5, 0x00A5, 0x00A5, 0x00C5, 0x00C6, 0x00C6, 0x00C6, 0x08E6, 0x0084,
  0x0022, 0x39AD, 0x49EF, 0x49ED, 0x522E, 0x5A50, 0x5A70, 0x5250, 0x522E, 0x4A0D, 0x398A, 0x2907,
  0x20C5, 0x20A4, 0x2928, 0x41CD, 0x4A32, 0x292A, 0x0000, 0x1985, 0x3D13, 0x4F7E, 0x47FF, 0x3FFF,
  0x3FFF, 0x3FFF, 0x3FFF, 0x3FFF, 0x47FF, 0x3FFF, 0x3FFF, 0x3FFF, 0x3FFF, 0x47FF, 0x4F9E, 0x3D55,
  0x2208, 0x0000, 0x0000, 0x3C51, 0x47FF, 0x37FF, 0x4E9A, 0x0862, 0x0022, 0x0926, 0x11A9, 0x1188,
  0x1188, 0x19A9, 0x19C9, 0x19C9, 0x21E9, 0x21EA, 0x220A, 0x2A0A, 0x2A2A, 0x2A4B, 0x324B, 0x326B,
  0x326B, 0x328C, 0x3A8C, 0x3A8C, 0x3AAC, 0x3AAC, 0x3AAC, 0x42AC, 0x42CC, 0x42CD, 0x42CD, 0x42CD,
  0x3AAC, 0x3AAC, 0x3AAC, 0x3AAC, 0x3AAC, 0x3A8C, 0x3A8C, 0x3A8C, 0x3A8B, 0x326B, 0x326B, 0x326B,
  0x324B, 0x324B, 0x2A2A, 0x2A2A, 0x2A0A, 0x220A, 0x21EA, 0x21E9, 0x19C9, 0x19C9, 0x19A8, 0x1188,
  0x1188, 0x0968, 0x00A5, 0x0001, 0x2AEC, 0x4FFF, 0x37DF, 0x4FDF, 0x224A, 0x0044, 0x0107, 0x00C6,
  0x00C6, 0x00A5, 0x0084, 0x0084, 0x0064, 0x0084, 0x0001, 0x2B2D, 0x3FFF, 0x37FF, 0x37FF, 0x37FF,
  0x37DF, 0x37FF, 0x3514, 0x0000, 0x0042, 0x0000, 0x19C8, 0x47FF, 0x2FFF, 0x37FF, 0x37FF, 0x37FF,
  0x3FFF, 0x3D55, 0x0000, 0x0022, 0x0022, 0x0022, 0x0022, 0x0022, 0x0022, 0x0022, 0x0043, 0x0001,
  0x22AB, 0x47FF, 0x3DF7, 0x0084, 0x00E7, 0x00C6, 0x00C6, 0x00A5, 0x00A6, 0x00C6, 0x0024, 0x5AED,
  0xFFFF, 0xF7DF, 0xF7DF, 0xF7DF, 0xF7DF, 0xF7FF, 0xEFBF, 0xF7DF, 0xEFBF, 0xE79F, 0xEFBF, 0xEFBF,
  0xEF9F, 0xEFBF, 0xFFFF, 0xF7DF, 0xFFFF, 0x6DBD, 0x7DFD, 0x1318, 0x2318, 0xA5DB, 0xDEFD, 0xDF3D,
  0xFFFF, 0xFFFF, 0xFFFF, 0xFFFF, 0xFFFF, 0xFFFF, 0xEF5E, 0xBE1A, 0x73F6, 0x3272, 0x0150, 0x00EF,
  0x00F0, 0x0171, 0x0171, 0x0171, 0x0171, 0x0192, 0x0171, 0x0991, 0x5B95, 0xD6BC, 0xFFFF, 0xFFFF,
  0xE77F, 0xC65C, 0xA538, 0x5313, 0x0130, 0x0152, 0x01D3, 0x0111, 0x63D6, 0xFFFF, 0xEF9F, 0xFFFF,
  0x7BF0, 0x8C72, 0x73D0, 0x0002, 0x0085, 0x0064, 0x0064, 0x0064, 0x0084, 0x0084, 0x0084, 0x0085,
  0x0085, 0x0085, 0x0085, 0x0085, 0x00A5, 0x00A5, 0x00A5, 0x00C6, 0x00C6, 0x0065, 0x0044, 0x0001,
  0x0000, 0x0868, 0x316E, 0x5231, 0x522F, 0x4A0F, 0x4A0E, 0x4A0D, 0x49ED, 0x49ED, 0x49EE, 0x49EE,
  0x3989, 0x3148, 0x41AD, 0x4211, 0x0844, 0x0861, 0x3CB2, 0x4FFF, 0x3FFF, 0x37FF, 0x47FF, 0x47FF,
  0x475D, 0x4659, 0x3D96, 0x3CB3, 0x3431, 0x3CF3, 0x45B6, 0x46DB, 0x4FBF, 0x3FFF, 0x3FFF, 0x3FFF,
  0x4FFF, 0x4DB6, 0x1966, 0x0000, 0x4535, 0x47FF, 0x3FFF, 0x4576, 0x0000, 0x0042, 0x0947, 0x1189,
  0x1188, 0x1188, 0x19A9, 0x19C9, 0x19C9, 0x21E9, 0x220A, 0x220A, 0x2A0A, 0x2A2A, 0x2A4B, 0x324B,
  0x326B, 0x326B, 0x326B, 0x3A8C, 0x3A8C, 0x3AAC, 0x3AAC, 0x3AAC, 0x3AAC, 0x42AC, 0x42AC, 0x42AC,
  0x3A8C, 0x3A8C, 0x3A8C, 0x3A8C, 0x3A8C, 0x3A8C, 0x3A8B, 0x326B, 0x326B, 0x326B, 0x324B, 0x324B,
  0x2A4B, 0x2A2A, 0x2A2A, 0x2A0A, 0x220A, 0x21E9, 0x21E9, 0x21C9, 0x19C9, 0x19A8, 0x1188, 0x1168,
  0x1188, 0x00C5, 0x0002, 0x21E9, 0x57DF, 0x37DF, 0x4FFF, 0x334E, 0x0023, 0x0107, 0x00C6, 0x00C6,
  0x00A5, 0x0085, 0x0064, 0x0064, 0x0064, 0x0043, 0x08A4, 0x473C, 0x37FF, 0x37FF, 0x37FF, 0x37FF,
  0x37DF, 0x37FF, 0x3514, 0x0000, 0x0062, 0x0000, 0x22CC, 0x47FF, 0x37FF, 0x37FF, 0x37FF, 0x37FF,
  0x2FFF, 0x47FF, 0x19E8, 0x0000, 0x0042, 0x0022, 0x0022, 0x0022, 0x0022, 0x0022, 0x0043, 0x0001,
  0x22CB, 0x47FF, 0x3DF7, 0x0085, 0x00E7, 0x00C6, 0x00C6, 0x00A5, 0x00A5, 0x00C5, 0x0024, 0x4A8C,
  0xFFFF, 0xF7DF, 0xFFFF, 0xF7DF, 0xF7DF, 0xF7DF, 0xEFBF, 0xF7DF, 0xF7DF, 0xEF9F, 0xEFBF, 0xF7DF,
  0xEFBF, 0xF7DF, 0xFFFF, 0xF7FF, 0xF7DF, 0x553C, 0x4CBB, 0x0257, 0x43D9, 0x6C9A, 0x09D5, 0x01D3,
  0x2254, 0x4B35, 0x63B6, 0xA5BA, 0xDF3E, 0xFFFF, 0xFFFF, 0xFFFF, 0xFFFF, 0xFFFF, 0xD6BC, 0xCE7B,
  0x74D9, 0x00F0, 0x0171, 0x0191, 0x0171, 0x0192, 0x0111, 0x95FC, 0xBEBD, 0xA5DC, 0xDF5E, 0xCE7A,
  0xBDF7, 0xE75C, 0xFFFF, 0xFFFF, 0xC63A, 0x21D1, 0x0131, 0x0111, 0x63B5, 0xFFFF, 0xF7BF, 0xFFFF,
  0x31E9, 0x2167, 0x1906, 0x0044, 0x0084, 0x0084, 0x0064, 0x0064, 0x0064, 0x0084, 0x0084, 0x0085,
  0x0085, 0x0085, 0x0085, 0x0085, 0x0085, 0x00A5, 0x00A5, 0x0023, 0x0084, 0x2988, 0x52CC, 0x6B6E,
  0x7BD0, 0x52CD, 0x2988, 0x10C8, 0x292B, 0x41EE, 0x41ED, 0x41CB, 0x39AB, 0x41CC, 0x49ED, 0x4A0E,
  0x49EC, 0x4A0E, 0x39CF, 0x0001, 0x19E7, 0x471C, 0x3FFF, 0x37FF, 0x47FF, 0x4F3C, 0x3C72, 0x2208,
  0x0882, 0x0000, 0x0000, 0x0000, 0x0000, 0x0000, 0x0000, 0x0000, 0x1124, 0x2B4D, 0x4618, 0x4FFF,
  0x3FFF, 0x3FFF, 0x4F9E, 0x334D, 0x0000, 0x4576, 0x3FFF, 0x3FFF, 0x3C51, 0x0000, 0x0063, 0x0968,
  0x1188, 0x1188, 0x1188, 0x19A9, 0x19C9, 0x19C9, 0x21E9, 0x21EA, 0x220A, 0x2A0A, 0x2A2A, 0x2A4B,
  0x324B, 0x324B, 0x326B, 0x326B, 0x328C, 0x3A8C, 0x3A8C, 0x3A8C, 0x3AAC, 0x3AAC, 0x3AAC, 0x3AAC,
  0x3A8B, 0x3A8B, 0x3A8C, 0x3A8B, 0x326B, 0x326B, 0x326B, 0x326B, 0x324B, 0x324B, 0x324B, 0x2A4B,
  0x2A2A, 0x2A2A, 0x2A0A, 0x220A, 0x21E9, 0x21E9, 0x19C9, 0x19A9, 0x19A8, 0x1188, 0x1168, 0x11A8,
  0x08E6, 0x0023, 0x10E5, 0x573C, 0x37FF, 0x47FF, 0x3C72, 0x0002, 0x0107, 0x00C6, 0x00C6, 0x00A5,
  0x0085, 0x0084, 0x0064, 0x0064, 0x0084, 0x0000, 0x3451, 0x3FFF, 0x37DF, 0x37FF, 0x37FF, 0x37FF,
  0x37DF, 0x37FF, 0x3514, 0x0000, 0x0062, 0x0000, 0x2B2D, 0x3FFF, 0x37DF, 0x37FF, 0x37FF, 0x37FF,
  0x37FF, 0x37FF, 0x3E18, 0x0000, 0x0022, 0x0022, 0x0022, 0x0022, 0x0022, 0x0022, 0x0043, 0x0000,
  0x22CB, 0x47FF, 0x3DF7, 0x0084, 0x00E7, 0x00C6, 0x00C6, 0x00A5, 0x00A5, 0x00A5, 0x0065, 0x2167,
  0xF7BF, 0xFFFF, 0xFFFF, 0xF7DF, 0xF7DF, 0xFFFF, 0xF7DF, 0xFFFF, 0xF7DF, 0xEFBF, 0xF7DF, 0xF7DF,
  0xEFDF, 0xF7DF, 0xF7FF, 0xFFFF, 0xE79F, 0x449B, 0x23B9, 0x0297, 0x0256, 0x01B4, 0x0235, 0x01B4,
  0x0173, 0x3AB4, 0x8477, 0xC67C, 0xBE5B, 0xD71D, 0xCEBD, 0xD73E, 0xFFFF, 0xFFFF, 0xFFFF, 0xFFFF,
  0x7C97, 0x2AB4, 0x2315, 0x0130, 0x0192, 0x0192, 0x0191, 0x7477, 0x4B74, 0xA5B9, 0xEF7E, 0x8C51,
  0x528A, 0x0841, 0x2945, 0x94D3, 0xFFFF, 0xDEFC, 0x3293, 0x00AF, 0x84B6, 0xFFFF, 0xFFFF, 0xDEFB,
  0x0885, 0x0085, 0x0064, 0x0085, 0x0064, 0x0084, 0x0084, 0x0084, 0x0084, 0x0064, 0x0084, 0x0084,
  0x0084, 0x0084, 0x0085, 0x0085, 0x00A5, 0x0023, 0x0884, 0x6B8E, 0xB5B6, 0xCE79, 0xDEFB, 0xDE99,
  0xDEBA, 0xEF5C, 0xE6FB, 0xB595, 0x52AB, 0x0844, 0x18C7, 0x398B, 0x3989, 0x41AA, 0x49ED, 0x520E,
  0x5A70, 0x41CD, 0x0000, 0x2B2C, 0x4FFF, 0x37FF, 0x3FFF, 0x4FBE, 0x3C10, 0x08A3, 0x0000, 0x0000,
  0x0000, 0x0000, 0x0020, 0x0020, 0x0020, 0x0020, 0x0021, 0x41EB, 0x0000, 0x0000, 0x0000, 0x19E8,
  0x3D96, 0x4FFF, 0x3FFF, 0x4FFF, 0x3C72, 0x0000, 0x45B6, 0x3FFF, 0x47FF, 0x2ACB, 0x0000, 0x00A4,
  0x0989, 0x1188, 0x1188, 0x11A9, 0x19A9, 0x19C9, 0x19C9, 0x21E9, 0x21EA, 0x220A, 0x2A2A, 0x2A2A,
  0x2A2B, 0x2A4B, 0x324B, 0x326B, 0x326B, 0x328B, 0x3A8C, 0x3A8C, 0x3A8C, 0x3A8C, 0x3AAC, 0x3AAC,
  0x326B, 0x326B, 0x326B, 0x326B, 0x326B, 0x326B, 0x326B, 0x324B, 0x324B, 0x2A2B, 0x2A2A, 0x2A2A,
  0x2A2A, 0x2A0A, 0x220A, 0x21E9, 0x21E9, 0x19C9, 0x19A9, 0x19A8, 0x1188, 0x1168, 0x1188, 0x0927,
  0x0063, 0x0822, 0x4E18, 0x37FF, 0x3FFF, 0x4596, 0x0043, 0x00E6, 0x00E6, 0x00C6, 0x00A5, 0x0085,
  0x0084, 0x0064, 0x0064, 0x0064, 0x0023, 0x1105, 0x479E, 0x2FFF, 0x37FF, 0x37FF, 0x37FF, 0x37FF,
  0x37DF, 0x37FF, 0x3535, 0x0000, 0x0062, 0x0000, 0x3472, 0x3FFF, 0x37DF, 0x37FF, 0x37FF, 0x37FF,
  0x37FF, 0x37FF, 0x3FFF, 0x226A, 0x0000, 0x0042, 0x0022, 0x0022, 0x0022, 0x0022, 0x0043, 0x0001,
  0x22CB, 0x47FF, 0x3DF7, 0x0085, 0x00E7, 0x00C6, 0x00C6, 0x00A5, 0x00A5, 0x00A5, 0x00A5, 0x0084,
  0xCE9A, 0xEF7E, 0xFFFF, 0xF7DF, 0xF7DF, 0xFFFF, 0xF7DF, 0xFFFF, 0xF7FF, 0xEFBF, 0xF7DF, 0xF7DF,
  0xF7DF, 0xF7DF, 0xF7DF, 0xFFFF, 0xCEDE, 0x1B9A, 0x0AB7, 0x0277, 0x0236, 0x0235, 0x0193, 0x3AD5,
  0xD6BC, 0xFFFF, 0xFFFF, 0xFFFF, 0xFFFF, 0xFFFF, 0xE77F, 0x9D9B, 0x957A, 0xAE5C, 0x957A, 0xDF1D,
  0x9D38, 0x8DBB, 0x1A32, 0x0150, 0x0191, 0x0171, 0x09D2, 0x3336, 0x4AED, 0xAD76, 0xFFFF, 0xEF7D,
  0xCE79, 0xAD96, 0x0861, 0x0000, 0x7BF0, 0xFFFF, 0x8CF8, 0x000C, 0x9D17, 0xFFFF, 0xE75E, 0x8CB4,
  0x0044, 0x0085, 0x0085, 0x0085, 0x0065, 0x0084, 0x0064, 0x0084, 0x0084, 0x0084, 0x0064, 0x0084,
  0x0084, 0x0084, 0x0084, 0x00A5, 0x0023, 0x31A8, 0xCE79, 0xDEFB, 0xCE38, 0xCE59, 0xC618, 0xDEBA,
  0xE73C, 0xB5B6, 0xCE59, 0xF7BE, 0xFFFF, 0xAD55, 0x0863, 0x1085, 0x3148, 0x41AA, 0x4A0D, 0x5A50,
  0x41ED, 0x0000, 0x338E, 0x4FFF, 0x37FF, 0x3FFF, 0x4659, 0x1986, 0x0000, 0x0000, 0x0020, 0x0000,
  0x0000, 0x0000, 0x0000, 0x0000, 0x0000, 0x0000, 0x0843, 0x9C3A, 0x18E5, 0x0020, 0x0000, 0x0000,
  0x0821, 0x2AEC, 0x577E, 0x3FFF, 0x4FFF, 0x44B3, 0x0000, 0x4EDB, 0x37FF, 0x4F9E, 0x1946, 0x0001,
  0x08E6, 0x1189, 0x1168, 0x1188, 0x11A8, 0x19A9, 0x19C9, 0x19C9, 0x21E9, 0x21EA, 0x220A, 0x2A0A,
  0x2A2A, 0x2A2A, 0x2A4B, 0x324B, 0x326B, 0x326B, 0x326B, 0x326B, 0x3A8C, 0x3A8C, 0x3A8C, 0x3A8C,
  0x326B, 0x326B, 0x326B, 0x324B, 0x324B, 0x324B, 0x324B, 0x2A4B, 0x2A2A, 0x2A2A, 0x2A2A, 0x2A0A,
  0x220A, 0x21E9, 0x21E9, 0x21C9, 0x19C9, 0x19A9, 0x19A8, 0x1188, 0x1188, 0x1188, 0x0967, 0x00A4,
  0x0001, 0x3C92, 0x47FF, 0x37FF, 0x4E9A, 0x0884, 0x00C6, 0x00E6, 0x00C6, 0x00A5, 0x0085, 0x0084,
  0x0084, 0x0064, 0x0064, 0x0084, 0x0001, 0x34F4, 0x37FF, 0x37FF, 0x37FF, 0x37FF, 0x37FF, 0x37FF,
  0x37FF, 0x37FF, 0x3D96, 0x0000, 0x0042, 0x0000, 0x3514, 0x3FFF, 0x37DF, 0x37FF, 0x37FF, 0x37FF,
  0x37FF, 0x37FF, 0x37FF, 0x469A, 0x0041, 0x0022, 0x0022, 0x0022, 0x0022, 0x0022, 0x0043, 0x0001,
  0x22CB, 0x47FF, 0x3DF7, 0x0085, 0x00E7, 0x00C6, 0x00C6, 0x00A5, 0x00A5, 0x00A5, 0x00C6, 0x0003,
  0x8C72, 0xA535, 0xF7BE, 0xFFFF, 0xF7DF, 0xF7DF, 0xF7DF, 0xF7DF, 0xFFFF, 0xF7DF, 0xF7DF, 0xFFFF,
  0xF7DF, 0xF7DF, 0xEFBF, 0xFFFF, 0xB61C, 0x0256, 0x0276, 0x0256, 0x0276, 0x01B4, 0x4B35, 0xFFFF,
  0xFFFF, 0xBDF7, 0xEF7E, 0xEFBF, 0xF7DF, 0xBDF7, 0xC618, 0xA534, 0x8CD6, 0x2294, 0x0111, 0x0992,
  0x2274, 0x0192, 0x0151, 0x0191, 0x0171, 0x0191, 0x0193, 0x11F0, 0x2966, 0xDF3E, 0xFFFF, 0x7BCF,
  0x0000, 0x8C72, 0x8472, 0x0000, 0x0000, 0xDEFB, 0x8CF8, 0x000B, 0x9D17, 0xFFFF, 0x32F5, 0x6BF5,
  0x31C9, 0x0044, 0x0085, 0x0085, 0x0084, 0x0064, 0x0084, 0x0084, 0x0064, 0x0084, 0x0064, 0x0084,
  0x0084, 0x0064, 0x0085, 0x0023, 0x2987, 0xEF5C, 0xD679, 0xC5F7, 0xEF3C, 0xE71C, 0xF79E, 0xAD76,
  0x5B0C, 0x18E4, 0x10A2, 0x9492, 0xEF7D, 0xFFFF, 0xBDD7, 0x0023, 0x2928, 0x49EC, 0x5A4F, 0x4A2F,
  0x0000, 0x22AB, 0x4FFF, 0x37DF, 0x3FFF, 0x46FB, 0x0000, 0x0000, 0x0021, 0x0000, 0x0000, 0x0000,
  0x0000, 0x7331, 0x4A2A, 0x0000, 0x0000, 0x0000, 0x2926, 0xACD9, 0x0000, 0x0000, 0x0861, 0xA4B7,
  0x9C77, 0x0000, 0x1945, 0x569A, 0x3FFF, 0x4FFF, 0x3BEF, 0x10E4, 0x4FDF, 0x37FF, 0x4E7A, 0x0842,
  0x0042, 0x0947, 0x1188, 0x1168, 0x1188, 0x11A8, 0x19A9, 0x19C9, 0x19C9, 0x21E9, 0x21EA, 0x220A,
  0x2A0A, 0x2A2A, 0x2A2A, 0x2A2B, 0x324B, 0x324B, 0x326B, 0x326B, 0x326B, 0x326B, 0x326B, 0x326B,
  0x324B, 0x324B, 0x324B, 0x324B, 0x324B, 0x2A4B, 0x2A2A, 0x2A2A, 0x2A2A, 0x2A0A, 0x2A0A, 0x220A,
  0x21E9, 0x21E9, 0x21C9, 0x19C9, 0x19A9, 0x19A8, 0x1188, 0x1188, 0x1167, 0x0988, 0x00C5, 0x0001,
  0x2A8B, 0x4FFF, 0x2FFF, 0x4F9E, 0x1987, 0x0044, 0x00E6, 0x00C6, 0x00A5, 0x00A5, 0x0084, 0x0084,
  0x0064, 0x0064, 0x0064, 0x0022, 0x1187, 0x47DF, 0x37FF, 0x37FF, 0x37FF, 0x37FF, 0x37FF, 0x37FF,
  0x37FF, 0x37FF, 0x3DF8, 0x0000, 0x0042, 0x0000, 0x3DD7, 0x3FFF, 0x37FF, 0x37FF, 0x37FF, 0x37FF,
  0x37FF, 0x37FF, 0x37FF, 0x3FFF, 0x2B4D, 0x0000, 0x0042, 0x0022, 0x0022, 0x0022, 0x0043, 0x0001,
  0x22CB, 0x47FF, 0x3DF7, 0x0085, 0x00E7, 0x00C6, 0x00C6, 0x00A5, 0x00A5, 0x00A5, 0x00A5, 0x0044,
  0x3A2A, 0x634D, 0xA535, 0xFFFF, 0xF7BF, 0xF7DF, 0xFFFF, 0xFFFF, 0xFFFF, 0xFFFF, 0xFFFF, 0xFFFF,
  0xF7FF, 0xF7FF, 0xF7DF, 0xFFFF, 0xB63C, 0x01D5, 0x0276, 0x0256, 0x0256, 0x09D3, 0xDF1D, 0xFFDF,
  0x4229, 0x738E, 0xFFFF, 0xF7DF, 0xCE79, 0x0000, 0x0000, 0x8C92, 0x39E7, 0x84B7, 0x0151, 0x0192,
  0x0151, 0x0171, 0x0192, 0x0171, 0x0192, 0x0171, 0x01B3, 0x0069, 0x52CB, 0xEFBF, 0xEF9F, 0xC659,
  0x52CB, 0xBE19, 0xA597, 0x0000, 0x0000, 0x8C71, 0x9D38, 0x000A, 0xCE5A, 0xD77F, 0x1275, 0x4B35,
  0x4AED, 0x0003, 0x0085, 0x0085, 0x0064, 0x0064, 0x0064, 0x0064, 0x0064, 0x0064, 0x0064, 0x0084,
  0x0084, 0x0084, 0x0084, 0x0043, 0xC618, 0xDEDA, 0xC5F7, 0xE71C, 0xF79E, 0xDEDB, 0x4228, 0x0000,
  0x0062, 0x1082, 0x0000, 0x2945, 0xEF5D, 0xF79E, 0xFFDE, 0x18E5, 0x20E6, 0x520C, 0x5A71, 0x1084,
  0x1124, 0x4FBF, 0x37FF, 0x3FFF, 0x37FF, 0x37DF, 0x3555, 0x0861, 0x0000, 0x0000, 0x0000, 0x0000,
  0x1082, 0xC53F, 0xCD7F, 0x0842, 0x2105, 0xB4FA, 0xBD1C, 0xA47A, 0x49EC, 0x41CA, 0x9C57, 0xF65F,
  0xACD9, 0x0862, 0x0000, 0x0882, 0x5659, 0x47FF, 0x57FF, 0x2208, 0x2B0C, 0x47FF, 0x3FFF, 0x44B3,
  0x0000, 0x0063, 0x0968, 0x0968, 0x1168, 0x1188, 0x1188, 0x19A9, 0x19C9, 0x19C9, 0x21E9, 0x21E9,
  0x220A, 0x2A0A, 0x2A2A, 0x2A2A, 0x2A2A, 0x2A4B, 0x324B, 0x324B, 0x326B, 0x326B, 0x326B, 0x326B,
  0x2A4B, 0x2A4B, 0x2A4B, 0x2A2A, 0x2A2A, 0x2A2A, 0x2A2A, 0x2A0A, 0x2A0A, 0x220A, 0x21E9, 0x21E9,
  0x21E9, 0x21C9, 0x19C9, 0x19A8, 0x19A8, 0x1188, 0x1188, 0x1167, 0x1188, 0x0926, 0x0022, 0x10C4,
  0x4F5D, 0x37FF, 0x47FF, 0x2B0D, 0x0023, 0x00E6, 0x00C6, 0x00A5, 0x00A5, 0x0085, 0x0084, 0x0064,
  0x0064, 0x0064, 0x0064, 0x0001, 0x3DD7, 0x37FF, 0x37FF, 0x37FF, 0x37FF, 0x37FF, 0x37FF, 0x37FF,
  0x37FF, 0x37FF, 0x3E9A, 0x0001, 0x0022, 0x0001, 0x469A, 0x37FF, 0x37FF, 0x37FF, 0x37FF, 0x37FF,
  0x37FF, 0x37FF, 0x37FF, 0x37FF, 0x46FB, 0x0062, 0x0022, 0x0042, 0x0022, 0x0022, 0x0043, 0x0001,
  0x22AB, 0x47FF, 0x3DF7, 0x0085, 0x00E7, 0x00C6, 0x00A6, 0x00A5, 0x00A5, 0x00A5, 0x00A5, 0x00A5,
  0x00A5, 0x1906, 0x2167, 0xF7BE, 0xF7DF, 0xEFBF, 0xFFFF, 0xFFFF, 0xC67D, 0x8D1B, 0xB65D, 0xFFFF,
  0xFFFF, 0xF7FF, 0xF7DF, 0xFFFF, 0xC63C, 0x01B5, 0x0276, 0x0255, 0x0215, 0x1A33, 0xFFFF, 0x7BEF,
  0x0000, 0xBDF8, 0xF7FF, 0xEFBF, 0xEF7E, 0x4228, 0x5B0C, 0xF7BE, 0x1081, 0x52CD, 0x1A55, 0x0171,
  0x0192, 0x0171, 0x0191, 0x0191, 0x0192, 0x0171, 0x01D3, 0x0069, 0x52CB, 0xEFDF, 0xE75E, 0xF7DF,
  0xFFFF, 0xEFFF, 0x9D56, 0x0000, 0x0000, 0x73CE, 0x5311, 0x006C, 0xDEDC, 0x7E7E, 0x4C99, 0x3B36,
  0x532D, 0x0003, 0x0085, 0x0064, 0x0064, 0x0064, 0x0064, 0x0064, 0x0064, 0x0085, 0x0085, 0x0044,
  0x0044, 0x0064, 0x0001, 0x52CC, 0xE71B, 0xC618, 0xD699, 0xF79E, 0xF7DF, 0x31A7, 0x0000, 0x0862,
  0x10E4, 0x10C3, 0x0861, 0x10A3, 0xE73C, 0xFFFF, 0xFFDF, 0x2105, 0x18A6, 0x522E, 0x316B, 0x0000,
  0x4639, 0x3FFF, 0x47FF, 0x4EFB, 0x479E, 0x37FF, 0x3FFF, 0x3DD7, 0x0041, 0x0000, 0x1085, 0x0000,
  0x0821, 0x8BD7, 0xBCBF, 0x8BB7, 0x8C15, 0xD57F, 0xBCFF, 0xA45F, 0xC53F, 0xC51F, 0xA41F, 0xC55E,
  0x39A6, 0x0000, 0x4A0D, 0x0821, 0x0882, 0x571C, 0x3FFF, 0x577D, 0x0862, 0x3D75, 0x3FFF, 0x47FF,
  0x228B, 0x0000, 0x00C5, 0x0988, 0x1167, 0x1188, 0x1188, 0x11A8, 0x19A8, 0x19C9, 0x19C9, 0x21E9,
  0x21E9, 0x220A, 0x220A, 0x2A0A, 0x2A2A, 0x2A2A, 0x2A2A, 0x2A4B, 0x324B, 0x324B, 0x324B, 0x324B,
  0x2A2A, 0x2A2A, 0x2A2A, 0x2A2A, 0x2A2A, 0x2A0A, 0x2A0A, 0x220A, 0x220A, 0x21E9, 0x21E9, 0x21C9,
  0x19C9, 0x19C9, 0x19A8, 0x19A8, 0x1188, 0x1188, 0x1167, 0x1168, 0x0947, 0x0064, 0x0001, 0x4596,
  0x3FFF, 0x3FFF, 0x3CD4, 0x0002, 0x00A6, 0x00C6, 0x00C6, 0x00A5, 0x00A5, 0x0084, 0x0084, 0x0064,
  0x0064, 0x0084, 0x0002, 0x228B, 0x47FF, 0x2FFF, 0x37FF, 0x37FF, 0x37FF, 0x37FF, 0x37FF, 0x37FF,
  0x37FF, 0x37FF, 0x3EDB, 0x0000, 0x0000, 0x0001, 0x471C, 0x37FF, 0x37FF, 0x37FF, 0x37FF, 0x37FF,
  0x37FF, 0x37FF, 0x37FF, 0x37FF, 0x3FFF, 0x2BAF, 0x0000, 0x0042, 0x0022, 0x0042, 0x0043, 0x0001,
  0x22CB, 0x47FF, 0x3DF7, 0x0085, 0x00E7, 0x00C6, 0x00A6, 0x00A5, 0x00A5, 0x00A5, 0x00A5, 0x00A5,
  0x00A5, 0x0085, 0x0023, 0x52CC, 0xFFFF, 0xF7DF, 0xFFFF, 0x953A, 0x01D6, 0x0216, 0x01F6, 0x4399,
  0xE77E, 0xFFFF, 0xF7DF, 0xFFFF, 0xCEBD, 0x01D4, 0x0256, 0x0235, 0x0256, 0x01D3, 0xE73E, 0x4228,
  0x0000, 0xB5B7, 0xF7FF, 0xEF9F, 0xFFFF, 0xFFFF, 0xFFFF, 0xEFBF, 0x2145, 0x08A4, 0x1214, 0x0172,
  0x0192, 0x0192, 0x0192, 0x0192, 0x0192, 0x0192, 0x01D3, 0x008A, 0x4A8A, 0xE79F, 0xEF9E, 0xEFBF,
  0xF7BF, 0xCF3F, 0x8493, 0x0000, 0x0000, 0x31EA, 0x010E, 0x118F, 0xD71D, 0x6E3E, 0x23B8, 0x32B5,
  0x5B0D, 0x0003, 0x0085, 0x0064, 0x0064, 0x0064, 0x0064, 0x0064, 0x0064, 0x0002, 0x0002, 0x08A4,
  0x1906, 0x1906, 0x10A4, 0xBDF8, 0xF7BE, 0xDEDB, 0xE73C, 0xFFFF, 0xBDF7, 0x0000, 0x0042, 0x0882,
  0x10A3, 0x1904, 0x0021, 0x4229, 0xFFDF, 0xFFFF, 0xCE79, 0x0862, 0x18C7, 0x4A2F, 0x0801, 0x2AEC,
  0x4FFF, 0x3FDF, 0x4FBE, 0x10E4, 0x19C7, 0x4F9E, 0x37FF, 0x3FFF, 0x3DD7, 0x0020, 0x6291, 0x6B11,
  0x0000, 0x41CC, 0xB4BF, 0xB47F, 0xC53F, 0xBCFF, 0xCD7F, 0xDDDF, 0xA45E, 0x939E, 0x8B7F, 0x8BDA,
  0x526E, 0x5A77, 0x8378, 0x2106, 0x0001, 0x2A69, 0x57FF, 0x47FF, 0x3CD3, 0x0841, 0x4F5D, 0x37FF,
  0x4F5D, 0x10E4, 0x0021, 0x0906, 0x0988, 0x1167, 0x1168, 0x1188, 0x1188, 0x19A9, 0x19C9, 0x19C9,
  0x21E9, 0x21E9, 0x21EA, 0x220A, 0x2A0A, 0x2A0A, 0x2A2A, 0x2A2A, 0x2A2A, 0x2A4B, 0x2A2A, 0x2A4A,
  0x2A2A, 0x2A2A, 0x2A0A, 0x2A0A, 0x2A0A, 0x2A0A, 0x220A, 0x21E9, 0x21E9, 0x21E9, 0x21C9, 0x19C9,
  0x19A9, 0x19A8, 0x19A8, 0x1188, 0x1188, 0x1167, 0x0967, 0x0968, 0x00A4, 0x0000, 0x336E, 0x47FF,
  0x37FF, 0x4EDB, 0x0884, 0x0023, 0x1A4A, 0x0906, 0x00A5, 0x00A5, 0x0085, 0x0084, 0x0064, 0x0064,
  0x0064, 0x0064, 0x0042, 0x3EBA, 0x37FF, 0x37FF, 0x37FF, 0x37FF, 0x37FF, 0x37FF, 0x37FF, 0x37FF,
  0x37FF, 0x37FF, 0x3FFF, 0x2BAF, 0x0904, 0x2BF0, 0x3FFF, 0x37FF, 0x37FF, 0x37FF, 0x37FF, 0x37FF,
  0x37FF, 0x37FF, 0x37FF, 0x37FF, 0x37FF, 0x475D, 0x0883, 0x0021, 0x0042, 0x0042, 0x0063, 0x0001,
  0x22CB, 0x47FF, 0x3DF8, 0x0085, 0x00E7, 0x00C6, 0x00A6, 0x00A5, 0x00A5, 0x00A5, 0x00A5, 0x00A5,
  0x00A5, 0x00A5, 0x00A6, 0x0003, 0x634E, 0xFFBE, 0xCEDD, 0x0216, 0x0298, 0x0297, 0x0237, 0x01F6,
  0x3358, 0xF7DF, 0xFFDF, 0xFFFF, 0xEF7E, 0x1255, 0x0236, 0x0236, 0x0276, 0x01B4, 0xA59B, 0x52AA,
  0x0000, 0x94D3, 0xEFDF, 0xE79F, 0xF7DF, 0xFFDF, 0xEF9F, 0xC73F, 0x2965, 0x0001, 0x0192, 0x0192,
  0x0192, 0x0192, 0x0192, 0x0192, 0x01B3, 0x01B2, 0x01B3, 0x012F, 0x2125, 0xAE9D, 0xC6FE, 0xE77E,
  0xBEDE, 0xBF3F, 0x4ACC, 0x0000, 0x0020, 0x016F, 0x0151, 0x29CF, 0xC6FD, 0x5DDD, 0x33F8, 0x3AD4,
  0x5B2E, 0x0003, 0x0085, 0x0065, 0x0064, 0x0064, 0x0064, 0x0064, 0x0064, 0x632D, 0xBDD7, 0xE71C,
  0xEF7D, 0xE73C, 0xE71C, 0xD6BA, 0xB596, 0xAD75, 0xC618, 0xE73C, 0xEF7D, 0x73AE, 0x0841, 0x0001,
  0x0882, 0x10E4, 0x0041, 0xBDD7, 0xFFFF, 0xFFFF, 0x8431, 0x0000, 0x2929, 0x316B, 0x0020, 0x4EDB,
  0x3FFF, 0x4FFF, 0x2B8E, 0x0000, 0x0000, 0x19E8, 0x4F9E, 0x37FF, 0x3FFF, 0x3DD7, 0x10A2, 0xA4D8,
  0x9C78, 0x72D8, 0xA41E, 0xAC5E, 0xB4BF, 0xC55F, 0xD5DF, 0xCD5F, 0xB4BF, 0x93BE, 0x93BD, 0x93BE,
  0x93DE, 0x7AFF, 0x7B3A, 0xC53D, 0x526C, 0x0000, 0x4DB7, 0x3FFF, 0x57FF, 0x1104, 0x226A, 0x4FFF,
  0x3FFF, 0x4576, 0x0000, 0x0063, 0x0968, 0x0968, 0x0967, 0x1168, 0x1188, 0x19A8, 0x19A9, 0x19C9,
  0x19C9, 0x21C9, 0x21E9, 0x21EA, 0x220A, 0x220A, 0x2A0A, 0x2A2A, 0x2A2A, 0x2A2A, 0x2A2A, 0x2A2A,
  0x2A0A, 0x2A0A, 0x2A0A, 0x220A, 0x220A, 0x21E9, 0x21E9, 0x21E9, 0x21E9, 0x19C9, 0x19C9, 0x19A8,
  0x19A8, 0x1988, 0x1188, 0x1188, 0x1167, 0x0947, 0x0968, 0x00E5, 0x0001, 0x1966, 0x4FBE, 0x37FF,
  0x4FFF, 0x224A, 0x0001, 0x1A09, 0x4DB7, 0x0064, 0x00C6, 0x00A5, 0x0085, 0x0084, 0x0064, 0x0064,
  0x0084, 0x0001, 0x2B0D, 0x3FFF, 0x37FF, 0x37FF, 0x37FF, 0x37FF, 0x37FF, 0x37FF, 0x37FF, 0x37FF,
  0x37FF, 0x37FF, 0x37FF, 0x47FF, 0x4F9E, 0x4FFF, 0x37FF, 0x37FF, 0x37FF, 0x37FF, 0x37FF, 0x37FF,
  0x37FF, 0x37FF, 0x37FF, 0x37FF, 0x37FF, 0x3FFF, 0x3472, 0x0000, 0x0043, 0x0042, 0x0063, 0x0001,
  0x22CB, 0x47FF, 0x3DF8, 0x0085, 0x00E7, 0x00C6, 0x00C6, 0x00A5, 0x00A5, 0x00A5, 0x00A5, 0x00A5,
  0x00A5, 0x00A5, 0x0085, 0x00C6, 0x0002, 0x73AF, 0x647B, 0x0A36, 0x85DC, 0x75DD, 0x545A, 0x0A98,
  0x0217, 0x5CFB, 0xFFFF, 0xF7FF, 0xFFFF, 0x3B17, 0x0215, 0x0256, 0x0256, 0x0215, 0x3358, 0x6B6E,
  0x0000, 0x4A8B, 0xE7DF, 0xCF1E, 0xE79F, 0xE79F, 0xB6DE, 0xA65C, 0x1081, 0x0065, 0x01D4, 0x0192,
  0x0192, 0x0192, 0x01B2, 0x01B3, 0x01B3, 0x01B3, 0x01D4, 0x01F4, 0x0045, 0x6B8E, 0xB71F, 0x9E7F,
  0xA69E, 0x7C32, 0x0820, 0x0000, 0x096C, 0x01D3, 0x010F, 0x2A11, 0x9E9D, 0x455C, 0x0276, 0x4B34,
  0x3A29, 0x0003, 0x0085, 0x0064, 0x0064, 0x0064, 0x0085, 0x0003, 0x4A8B, 0xFFFF, 0xFFDE, 0xF79D,
  0xF79D, 0xF79D, 0xF79D, 0xDEFB, 0xC5F7, 0xAD75, 0x9471, 0x7BCF, 0x7BCF, 0xAD55, 0xB596, 0x7BF0,
  0x4A4A, 0x2104, 0xAD55, 0xFFFF, 0xFFDF, 0xFFFF, 0x4209, 0x0003, 0x31AF, 0x1045, 0x1A69, 0x47FF,
  0x3FFF, 0x469A, 0x0000, 0x0000, 0x0021, 0x0000, 0x19C7, 0x4F7D, 0x37FF, 0x47FF, 0x3DF7, 0x0020,
  0x6B52, 0xA47F, 0x9C1E, 0xB49F, 0xBCDF, 0xC55F, 0xC55F, 0xD5DF, 0xCD7F, 0xBD1F, 0xB4BF, 0xAC5E,
  0x8B7E, 0x72DE, 0x93DF, 0xAC7F, 0x2946, 0x0000, 0x1986, 0x57DF, 0x3FFF, 0x3CD3, 0x0000, 0x45B6,
  0x37FF, 0x47FF, 0x2AAB, 0x0000, 0x00A5, 0x0968, 0x0947, 0x1167, 0x1168, 0x1188, 0x11A8, 0x19A9,
  0x19C9, 0x19C9, 0x19C9, 0x21E9, 0x21E9, 0x21E9, 0x220A, 0x2A0A, 0x2A0A, 0x2A0A, 0x2A0A, 0x2A0A,
  0x21EA, 0x21EA, 0x2209, 0x21E9, 0x21E9, 0x21E9, 0x21C9, 0x21C9, 0x19C9, 0x19A8, 0x19A8, 0x19A8,
  0x1188, 0x1188, 0x1168, 0x1167, 0x0947, 0x0947, 0x0927, 0x0043, 0x0021, 0x4E39, 0x37FF, 0x47FF,
  0x3CB3, 0x0001, 0x0063, 0x56FB, 0x3535, 0x0003, 0x00C6, 0x00A5, 0x0084, 0x0084, 0x0064, 0x0064,
  0x0043, 0x0883, 0x46FC, 0x37FF, 0x37FF, 0x37FF, 0x37FF, 0x37FF, 0x37FF, 0x37FF, 0x37FF, 0x37FF,
  0x37FF, 0x37FF, 0x47FF, 0x2C31, 0x0904, 0x1A08, 0x473C, 0x37FF, 0x37FF, 0x37FF, 0x37FF, 0x37FF,
  0x37FF, 0x37FF, 0x37FF, 0x37FF, 0x37FF, 0x37FF, 0x47BE, 0x1146, 0x0001, 0x0043, 0x0063, 0x0001,
  0x22AB, 0x47FF, 0x3DF8, 0x0085, 0x00E7, 0x00C6, 0x00C6, 0x00A5, 0x00A5, 0x00A5, 0x00A5, 0x00A5,
  0x00A5, 0x00A5, 0x00A5, 0x00C6, 0x0024, 0x636F, 0x2B59, 0x33D9, 0x6E5E, 0x351C, 0x7E9E, 0x54BB,
  0x0217, 0x02D8, 0x75FD, 0xFFFF, 0xFFFF, 0x7479, 0x01B5, 0x0276, 0x0235, 0x0255, 0x0236, 0x4BF7,
  0x1904, 0x0000, 0x9D56, 0xBF5F, 0x9E7E, 0x965E, 0xAF3F, 0x73F0, 0x0000, 0x01B0, 0x01D4, 0x01B2,
  0x0192, 0x0192, 0x01B3, 0x01B3, 0x01D3, 0x01D4, 0x01F5, 0x01D3, 0x01B2, 0x08E7, 0x634E, 0x5B6E,
  0x31C8, 0x0021, 0x00C6, 0x01AF, 0x01B2, 0x0170, 0x0110, 0x2A72, 0x8E9E, 0x247B, 0x0215, 0x63B4,
  0x1926, 0x0044, 0x0064, 0x0064, 0x0064, 0x0064, 0x0085, 0x0002, 0x9D14, 0xFFDF, 0xDEDA, 0xDEBA,
  0xEF3C, 0xE73C, 0xEF5C, 0xEF5D, 0xF77D, 0xEF5C, 0xF77D, 0xE71B, 0xCE38, 0x9CD2, 0x9CB2, 0xCE38,
  0xE6FB, 0xEF5D, 0xFFFF, 0xFFFF, 0xFFFF, 0xAD75, 0x0000, 0x20EB, 0x39F2, 0x0000, 0x3D96, 0x3FFF,
  0x47FF, 0x2AEC, 0x0000, 0x0020, 0x0000, 0x0000, 0x0000, 0x1124, 0x4EDB, 0x3FFF, 0x47FF, 0x3DD7,
  0x0000, 0x4A6D, 0xBD3F, 0xBCFF, 0xBCFF, 0xC53F, 0xD5BF, 0xF6BF, 0xE65F, 0xD5BF, 0xCD7F, 0xBCFE,
  0x8B9E, 0x93BF, 0x9BDF, 0x5A37, 0x0000, 0x0000, 0x0000, 0x4596, 0x3FFF, 0x4F7D, 0x0882, 0x10C4,
  0x4FBE, 0x37FF, 0x4F1C, 0x0883, 0x0021, 0x0906, 0x0968, 0x0947, 0x1168, 0x1168, 0x1188, 0x19A8,
  0x19A8, 0x19A9, 0x19C9, 0x21C9, 0x21C9, 0x21C9, 0x21E9, 0x21E9, 0x21EA, 0x220A, 0x220A, 0x220A,
  0x21E9, 0x21E9, 0x21E9, 0x21E9, 0x21E9, 0x21C9, 0x19C9, 0x19C9, 0x19A8, 0x19A8, 0x19A8, 0x1188,
  0x1188, 0x1168, 0x1167, 0x0947, 0x0947, 0x0967, 0x00A4, 0x0000, 0x338F, 0x47FF, 0x37FF, 0x46DB,
  0x0884, 0x0001, 0x3CD3, 0x57FF, 0x236F, 0x0044, 0x00C6, 0x00A5, 0x0085, 0x0084, 0x0064, 0x0084,
  0x0001, 0x2BAF, 0x47FF, 0x37FF, 0x37FF, 0x37FF, 0x37FF, 0x37FF, 0x37FF, 0x37FF, 0x37FF, 0x37FF,
  0x37FF, 0x3FFF, 0x3D96, 0x0000, 0x0001, 0x0000, 0x22AB, 0x47FF, 0x37FF, 0x37FF, 0x37FF, 0x37FF,
  0x37FF, 0x37FF, 0x37FF, 0x37FF, 0x37FF, 0x37DF, 0x3FFF, 0x3514, 0x0000, 0x0063, 0x0063, 0x0001,
  0x22CB, 0x47FF, 0x3DF8, 0x0085, 0x00E7, 0x00C6, 0x00A6, 0x00A5, 0x00A5, 0x00A5, 0x00A5, 0x00A5,
  0x00A5, 0x00A5, 0x00A5, 0x00C6, 0x0003, 0x6BB0, 0x22D7, 0x347A, 0x34FC, 0x1C3B, 0x247C, 0x4D9D,
  0x4C7B, 0x0298, 0x0298, 0x5C7A, 0xEFDF, 0xEF7E, 0x0A15, 0x0256, 0x0256, 0x0235, 0x0255, 0x0277,
  0x1AF5, 0x0948, 0x1082, 0x8C71, 0xAE1A, 0xA5FA, 0x73F0, 0x0884, 0x016F, 0x01D4, 0x01B2, 0x01B3,
  0x01B3, 0x01B3, 0x01B3, 0x01D3, 0x0173, 0x3BB7, 0x1296, 0x0172, 0x01D3, 0x01D4, 0x010F, 0x00ED,
  0x0170, 0x01B2, 0x01B2, 0x0171, 0x0150, 0x0171, 0x00EF, 0x2AB3, 0x6DFD, 0x0B39, 0x0A14, 0x7413,
  0x0064, 0x0065, 0x0064, 0x0064, 0x0064, 0x0064, 0x0064, 0x0884, 0xCE79, 0xEF7D, 0xEF3C, 0xE6FB,
  0xE71B, 0xE71B, 0xEF3C, 0xE71C, 0xE6FB, 0xDEDA, 0xDEB9, 0xDEBA, 0xE6FB, 0xE71B, 0xDEDA, 0xDEBA,
  0xC617, 0xBDD6, 0xD699, 0xC617, 0xB5B6, 0x2968, 0x0044, 0x49F1, 0x316D, 0x0882, 0x4F7E, 0x37FF,
  0x477D, 0x0882, 0x0000, 0x0000, 0x10A3, 0x0841, 0x0041, 0x0000, 0x08A2, 0x4EBA, 0x3FFF, 0x3FFF,
  0x4618, 0x0000, 0x420A, 0xCDBF, 0xCD7F, 0xD5DF, 0xB518, 0x632D, 0xB578, 0xE67F, 0xCD7F, 0xBC9F,
  0xAC5F, 0x62B5, 0x835B, 0x8C16, 0x3188, 0x10C5, 0x0000, 0x2AAB, 0x4FFF, 0x47FF, 0x2B2D, 0x0000,
  0x338E, 0x47FF, 0x3FFF, 0x3452, 0x0000, 0x0063, 0x0947, 0x0947, 0x0947, 0x1168, 0x1168, 0x1188,
  0x19A8, 0x19A8, 0x19A9, 0x19C9, 0x19C9, 0x19C9, 0x21C9, 0x21E9, 0x21E9, 0x21E9, 0x21E9, 0x21E9,
  0x21E9, 0x21E9, 0x21E9, 0x21C9, 0x21C9, 0x19C9, 0x19A9, 0x19A8, 0x19A8, 0x1988, 0x1188, 0x1188,
  0x1167, 0x1167, 0x0947, 0x0947, 0x0947, 0x08E5, 0x0002, 0x1105, 0x4F9E, 0x37FF, 0x47FF, 0x222A,
  0x0001, 0x228B, 0x57FF, 0x47FF, 0x120A, 0x0085, 0x00C5, 0x00A5, 0x0085, 0x0084, 0x0064, 0x0044,
  0x0883, 0x471C, 0x37FF, 0x37FF, 0x37FF, 0x37FF, 0x37FF, 0x37FF, 0x37FF, 0x37FF, 0x37FF, 0x37FF,
  0x37DF, 0x3FFF, 0x23AF, 0x0000, 0x0083, 0x0021, 0x08E4, 0x4FFF, 0x37FF, 0x37FF, 0x37FF, 0x37FF,
  0x37FF, 0x37FF, 0x37FF, 0x37FF, 0x37FF, 0x37FF, 0x37FF, 0x47DF, 0x1126, 0x0002, 0x0063, 0x0001,
  0x22CC, 0x47FF, 0x3DF8, 0x0085, 0x00E7, 0x00C6, 0x00A6, 0x00A5, 0x00A5, 0x00A5, 0x00A5, 0x00A5,
  0x00A5, 0x00A5, 0x00A5, 0x00C6, 0x0003, 0x6B8F, 0x3AF7, 0x02D7, 0x245B, 0x0BBA, 0x2C5B, 0x6E1D,
  0xA73F, 0x3BFA, 0x0257, 0x0216, 0x2318, 0xBE7D, 0x955B, 0x01D5, 0x0256, 0x0255, 0x0235, 0x0235,
  0x0236, 0x0B18, 0x0A53, 0x010B, 0x11AC, 0x118D, 0x00EC, 0x01B3, 0x01B3, 0x0192, 0x01B3, 0x01B3,
  0x01B3, 0x01B3, 0x01B3, 0x01D3, 0x0193, 0x2295, 0x757B, 0x11B2, 0x0192, 0x0171, 0x0192, 0x0192,
  0x0171, 0x0150, 0x0150, 0x0150, 0x0150, 0x0170, 0x00CF, 0x3B75, 0x4D1C, 0x01D5, 0x3B35, 0x52ED,
  0x0004, 0x0085, 0x0064, 0x0064, 0x0064, 0x0085, 0x0023, 0x3A2A, 0xE73C, 0xE71C, 0xE71B, 0xEF3C,
  0xE71B, 0xE71B, 0xEF3C, 0xE71B, 0xE71B, 0xE6FB, 0xDEDA, 0xDEBA, 0xDEDA, 0xDE99, 0xDEB9, 0xE6DA,
  0xEF5C, 0xF77D, 0xDEDA, 0xCE38, 0x6B6F, 0x0003, 0x18E8, 0x6AB5, 0x20C8, 0x11C6, 0x4FFF, 0x3FFF,
  0x3D76, 0x0000, 0x0000, 0x0000, 0x5AAE, 0x8374, 0x0000, 0x7B74, 0x41A9, 0x0861, 0x3D75, 0x3FFF,
  0x3FFF, 0x45F8, 0x0000, 0x4A4A, 0xE65F, 0xDE1F, 0xC59B, 0x3166, 0x528B, 0xF6FF, 0xF6BF, 0x9C38,
  0x5A52, 0x292B, 0xCD9C, 0xBCFF, 0x833D, 0xAC9E, 0x1083, 0x0882, 0x577E, 0x3FFF, 0x3D35, 0x0000,
  0x0000, 0x4E59, 0x37FF, 0x4FDF, 0x1966, 0x0001, 0x00C5, 0x0968, 0x0947, 0x0947, 0x1168, 0x1188,
  0x1188, 0x1988, 0x19A8, 0x19A8, 0x19A9, 0x19C9, 0x19C9, 0x21C9, 0x21C9, 0x21E9, 0x21C9, 0x21E9,
  0x21C9, 0x21C9, 0x19C9, 0x19C9, 0x19C9, 0x19A8, 0x19A8, 0x19A8, 0x1988, 0x1188, 0x1167, 0x1167,
  0x1167, 0x0947, 0x0947, 0x0947, 0x0926, 0x0043, 0x0000, 0x4576, 0x37FF, 0x3FFF, 0x3CB3, 0x0001,
  0x0084, 0x4E7A, 0x47FF, 0x46DB, 0x08C6, 0x00C6, 0x00C5, 0x00A5, 0x0085, 0x0084, 0x0085, 0x0002,
  0x228B, 0x47FF, 0x37FF, 0x37FF, 0x37FF, 0x37FF, 0x37FF, 0x37FF, 0x37FF, 0x37FF, 0x37FF, 0x37FF,
  0x37FF, 0x37FF, 0x3E79, 0x0021, 0x0000, 0x0000, 0x33CF, 0x47FF, 0x37FF, 0x37FF, 0x37FF, 0x37FF,
  0x37FF, 0x37FF, 0x37FF, 0x37FF, 0x37FF, 0x37FF, 0x37FF, 0x3FFF, 0x2B6E, 0x0001, 0x0084, 0x0001,
  0x22AB, 0x47FF, 0x3DF8, 0x0085, 0x00E7, 0x00C6, 0x00A6, 0x00A5, 0x00A5, 0x00A5, 0x00A5, 0x00A5,
  0x00A5, 0x00A5, 0x00A5, 0x00A6, 0x0024, 0x4AAC, 0x6418, 0x01B4, 0x0B7A, 0x0319, 0x5D7C, 0x767E,
  0x663E, 0x65BD, 0x02D8, 0x02D8, 0x0277, 0x0236, 0x3BB8, 0x0296, 0x0255, 0x0256, 0x0255, 0x0235,
  0x0235, 0x0235, 0x0256, 0x0277, 0x0215, 0x01F5, 0x01F5, 0x01B3, 0x0192, 0x01B2, 0x01B2, 0x01B2,
  0x01B2, 0x01B2, 0x01B3, 0x01B3, 0x01D3, 0x0132, 0x3316, 0x5C78, 0x0111, 0x0191, 0x0171, 0x0150,
  0x0150, 0x0171, 0x0170, 0x0150, 0x0150, 0x0170, 0x00CF, 0x6437, 0x33F8, 0x01B4, 0x84D7, 0x10C5,
  0x0065, 0x0064, 0x0064, 0x0064, 0x0064, 0x0085, 0x0001, 0x94B3, 0xF79E, 0xE73C, 0xEF5C, 0xF77D,
  0xEF5C, 0xEF3C, 0xE71B, 0xE6FB, 0xE6FA, 0xE6DA, 0xDEDA, 0xD699, 0xE6FA, 0xE6FA, 0xDE99, 0xD679,
  0xDEDA, 0xE71B, 0xEF5C, 0xFFDE, 0x94B3, 0x0002, 0x39AD, 0x62B3, 0x1844, 0x2B4D, 0x47FF, 0x47FF,
  0x2B8E, 0x0000, 0x39A9, 0x1062, 0x18A3, 0xC55C, 0x4A2A, 0xBD3A, 0xA4D8, 0x1083, 0x28E5, 0x4659,
  0x37FF, 0x3FFF, 0x4E18, 0x0000, 0x52AB, 0xDE3F, 0xDDDF, 0xE65F, 0xFF1F, 0xDEBB, 0x7BB0, 0x3188,
  0x18C4, 0xACB9, 0xE5FF, 0x937F, 0x9BFF, 0x9C37, 0x0841, 0x0000, 0x4618, 0x3FFF, 0x469A, 0x1084,
  0x0863, 0x19A7, 0x4FFF, 0x37FF, 0x45D7, 0x0000, 0x0042, 0x0927, 0x0967, 0x0947, 0x1167, 0x1168,
  0x1168, 0x1188, 0x1188, 0x19A8, 0x19A8, 0x19A8, 0x19C9, 0x19C9, 0x19C9, 0x19C9, 0x21C9, 0x21C9,
  0x19C8, 0x19C8, 0x19C9, 0x19A8, 0x19A8, 0x19A8, 0x19A8, 0x1188, 0x1188, 0x1168, 0x1167, 0x1167,
  0x0947, 0x0947, 0x0926, 0x0947, 0x00A4, 0x0000, 0x2A8A, 0x47FF, 0x2FFF, 0x4EFB, 0x0883, 0x0043,
  0x330F, 0x5F9F, 0x4FFF, 0x3493, 0x0044, 0x00E6, 0x00A5, 0x00A5, 0x0085, 0x0084, 0x0085, 0x0001,
  0x2BCF, 0x3FFF, 0x37DF, 0x3FFF, 0x37FF, 0x37FF, 0x37FF, 0x37FF, 0x37FF, 0x37FF, 0x37FF, 0x37FF,
  0x37FF, 0x37FF, 0x3FFF, 0x3E7A, 0x3451, 0x3D96, 0x47FF, 0x37FF, 0x37FF, 0x37FF, 0x37FF, 0x37FF,
  0x37FF, 0x37FF, 0x37FF, 0x37FF, 0x37FF, 0x37FF, 0x37DF, 0x3FFF, 0x2BD0, 0x0000, 0x0084, 0x0001,
  0x22AB, 0x47FF, 0x3DF8, 0x0085, 0x00E7, 0x00C6, 0x00A6, 0x00A5, 0x00A5, 0x00A5, 0x00A5, 0x00A5,
  0x00A5, 0x00A5, 0x00A5, 0x00A5, 0x0065, 0x1967, 0x8D39, 0x0194, 0x02D8, 0x0319, 0x557D, 0x55BD,
  0x247C, 0x44FC, 0x2C3B, 0x0298, 0x02B8, 0x02D8, 0x0277, 0x0276, 0x0256, 0x0256, 0x0255, 0x0235,
  0x0235, 0x0215, 0x0214, 0x01F4, 0x01F3, 0x01D3, 0x01B3, 0x01B2, 0x0192, 0x0192, 0x01B2, 0x01B2,
  0x0192, 0x0192, 0x0192, 0x01B2, 0x01B3, 0x0192, 0x09F3, 0x753A, 0x0131, 0x0171, 0x0151, 0x0150,
  0x0150, 0x0150, 0x0150, 0x0150, 0x0150, 0x0150, 0x00EF, 0x6478, 0x0AB7, 0x6479, 0x424A, 0x0003,
  0x0085, 0x0064, 0x0064, 0x0064, 0x0084, 0x0023, 0x1906, 0xEF5D, 0xFFDE, 0xEF3C, 0xE6FB, 0xEF3C,
  0xF7BE, 0xF77D, 0xEF5C, 0xEF3C, 0xE6FB, 0xE6FB, 0xDEDA, 0xD699, 0xE6DA, 0xE6FA, 0xDEB9, 0xDEB9,
  0xE6FB, 0xEF3B, 0xE6FB, 0xEF3B, 0x9CF3, 0x0004, 0x41F0, 0x5A72, 0x0802, 0x3472, 0x3FFF, 0x47FF,
  0x2229, 0x0000, 0xB51A, 0xCD9C, 0x0000, 0x8BB4, 0xE63E, 0xA49A, 0xBD3B, 0x7318, 0x9B7E, 0x859C,
  0x3EBB, 0x47FF, 0x3FFF, 0x4618, 0x0041, 0x524B, 0xDE1F, 0xCD7F, 0xDE3F, 0x9435, 0x8393, 0xCD9E,
  0x9C1C, 0xAC5D, 0xBCDF, 0x8B7A, 0x2929, 0x0040, 0x0000, 0x0000, 0x3D35, 0x3FFF, 0x475D, 0x1905,
  0x31CB, 0x0000, 0x4515, 0x37FF, 0x47FF, 0x2AAB, 0x0000, 0x00A5, 0x0968, 0x0947, 0x0947, 0x1147,
  0x1167, 0x1168, 0x1188, 0x1188, 0x1988, 0x1988, 0x19A8, 0x19A9, 0x19A8, 0x19A9, 0x19A9, 0x19C9,
  0x19A8, 0x19A8, 0x19A8, 0x19A8, 0x19A8, 0x19A8, 0x1188, 0x1188, 0x1168, 0x1167, 0x1167, 0x0947,
  0x0947, 0x0926, 0x0947, 0x0106, 0x0022, 0x0862, 0x4EFB, 0x37FF, 0x47FF, 0x226A, 0x0000, 0x29CA,
  0x4C54, 0x4FFF, 0x57FF, 0x22ED, 0x0044, 0x00C6, 0x00A5, 0x00A5, 0x0085, 0x0084, 0x0084, 0x0002,
  0x22CC, 0x47FF, 0x37FF, 0x37FF, 0x37FF, 0x37FF, 0x37FF, 0x37FF, 0x37FF, 0x37FF, 0x37FF, 0x37FF,
  0x37FF, 0x37FF, 0x37FF, 0x37FF, 0x3FFF, 0x37FF, 0x37FF, 0x37FF, 0x37FF, 0x37FF, 0x37FF, 0x37FF,
  0x37FF, 0x37FF, 0x37FF, 0x37FF, 0x37FF, 0x37FF, 0x2FFF, 0x47FF, 0x1A4A, 0x0001, 0x0063, 0x0001,
  0x22AB, 0x47FF, 0x3DF8, 0x0085, 0x00E7, 0x00C6, 0x00A6, 0x00A5, 0x00A5, 0x00A5, 0x00A5, 0x00A5,
  0x00A5, 0x00A5, 0x0085, 0x0085, 0x00A6, 0x0003, 0x8CD4, 0x3317, 0x0215, 0x02F9, 0x34BC, 0x4D5D,
  0x02D9, 0x0B9A, 0x2CBC, 0x2C7B, 0x02D9, 0x02D8, 0x02D8, 0x0297, 0x0276, 0x0256, 0x0255, 0x0235,
  0x0215, 0x0214, 0x01F4, 0x01F4, 0x01D3, 0x01D3, 0x01B2, 0x0192, 0x0192, 0x0192, 0x0192, 0x0192,
  0x0192, 0x0192, 0x01B2, 0x01B2, 0x01B3, 0x0132, 0x43B7, 0x6C77, 0x00F0, 0x0191, 0x0150, 0x0150,
  0x0150, 0x0150, 0x0150, 0x0150, 0x0150, 0x0150, 0x010F, 0x7519, 0x7CF8, 0x5B0C, 0x0002, 0x0085,
  0x0064, 0x0064, 0x0064, 0x0064, 0x0064, 0x0043, 0xBDF8, 0xBDF7, 0xB575, 0xC617, 0xCE38, 0xCE58,
  0xD679, 0xC617, 0xBDD6, 0xC617, 0xD699, 0xDEBA, 0xE6FB, 0xDEDA, 0xDEDA, 0xDEBA, 0xDEBA, 0xDEBA,
  0xDEDA, 0xE71B, 0xF79E, 0xEF3C, 0xAD75, 0x0025, 0x41D0, 0x4A32, 0x0001, 0x3492, 0x47FF, 0x47FF,
  0x1A08, 0x0000, 0x18E4, 0x8BB5, 0x7B52, 0xBD1B, 0xE63F, 0xCD9F, 0xCD9F, 0xA41E, 0xAC9D, 0xA45C,
  0x3989, 0x2BCF, 0x4FFF, 0x3FFF, 0x4EFB, 0x00A2, 0x3187, 0xDE7E, 0xCD9F, 0xC53F, 0xD57F, 0xC4FF,
  0xD5BF, 0x93BD, 0xAC3F, 0x4A0D, 0x0000, 0x0000, 0x0021, 0x0000, 0x3CD3, 0x47FF, 0x4FFF, 0x1145,
  0x5A6F, 0x1084, 0x08C4, 0x4F7E, 0x37FF, 0x4EFB, 0x0862, 0x0022, 0x0906, 0x0947, 0x0947, 0x0947,
  0x1167, 0x1167, 0x1168, 0x1188, 0x1188, 0x1188, 0x19A8, 0x19A8, 0x19A8, 0x19A8, 0x19A8, 0x19A8,
  0x19A8, 0x19A8, 0x19A8, 0x19A8, 0x1988, 0x1188, 0x1188, 0x1167, 0x1167, 0x1147, 0x0947, 0x0947,
  0x0926, 0x0926, 0x0947, 0x0084, 0x0000, 0x33CF, 0x3FFF, 0x37FF, 0x4596, 0x0000, 0x08A5, 0x4B51,
  0x4C13, 0x57FF, 0x4F9E, 0x0947, 0x00A5, 0x00C5, 0x00A5, 0x0085, 0x0085, 0x0084, 0x0064, 0x0064,
  0x0042, 0x45F8, 0x4FFF, 0x47DF, 0x47FF, 0x47FF, 0x4FFF, 0x47FF, 0x47FF, 0x47FF, 0x47FF, 0x47FF,
  0x47FF, 0x47FF, 0x47FF, 0x47DF, 0x47DF, 0x47DF, 0x47FF, 0x47FF, 0x47FF, 0x47FF, 0x47FF, 0x47FF,
  0x47FF, 0x47FF, 0x47FF, 0x47FF, 0x47FF, 0x47DF, 0x4FFF, 0x3DB7, 0x0021, 0x0043, 0x0063, 0x0001,
  0x228B, 0x47FF, 0x3DF8, 0x0085, 0x00E7, 0x00C6, 0x00A5, 0x00A5, 0x00A5, 0x00A5, 0x00A5, 0x00A6,
  0x00A6, 0x00A5, 0x0085, 0x0085, 0x00A5, 0x0045, 0x2167, 0x9DBA, 0x01D5, 0x0256, 0x0B39, 0x4D7D,
  0x559D, 0x4D5D, 0x55BD, 0x96BE, 0x4D3C, 0x0B39, 0x02D8, 0x0297, 0x0276, 0x0255, 0x0235, 0x0235,
  0x0214, 0x01F4, 0x01F4, 0x01D3, 0x01D3, 0x01B3, 0x01B2, 0x0192, 0x0192, 0x0192, 0x0192, 0x0192,
  0x0192, 0x0192, 0x0192, 0x0192, 0x01B2, 0x0152, 0x5CD9, 0x2A93, 0x0131, 0x0171, 0x0150, 0x0150,
  0x0150, 0x0150, 0x0150, 0x0150, 0x0150, 0x010F, 0x2211, 0x8CD5, 0x1063, 0x0003, 0x0064, 0x0064,
  0x0064, 0x0064, 0x0064, 0x0064, 0x0084, 0x0043, 0xA514, 0xEF5D, 0xF7BE, 0xFFFF, 0xFFFF, 0xFFFF,
  0xFFFF, 0xFFFF, 0xFFFF, 0xF77D, 0xE71B, 0xD699, 0xCE17, 0xC617, 0xCE58, 0xD678, 0xDEDA, 0xE6FB,
  0xE71B, 0xF79D, 0xF7BE, 0xF77C, 0x632D, 0x0027, 0x3990, 0x39D0, 0x0001, 0x3492, 0x47FF, 0x4FFF,
  0x19E8, 0x0000, 0x0000, 0x0000, 0x8394, 0xD57F, 0xDE1E, 0xEE9F, 0xCD9E, 0xD5BF, 0x83B5, 0x9C3A,
  0xA4F6, 0x0000, 0x2BCF, 0x3FDF, 0x3FFF, 0x4F1C, 0x0904, 0x2945, 0xD63E, 0xB4BF, 0xBCDE, 0xC51F,
  0xDDFF, 0xC53F, 0xB49F, 0xC55D, 0x5230, 0x0000, 0x0021, 0x0000, 0x3CB3, 0x47FF, 0x4FFF, 0x0924,
  0x624F, 0x4A0D, 0x0000, 0x33AF, 0x3FFF, 0x3FFF, 0x33AF, 0x0000, 0x00A4, 0x0947, 0x0927, 0x0947,
  0x0947, 0x1167, 0x1167, 0x1168, 0x1188, 0x1188, 0x1188, 0x1988, 0x1988, 0x19A8, 0x1988, 0x19A8,
  0x1188, 0x1988, 0x1988, 0x1188, 0x1188, 0x1188, 0x1167, 0x1167, 0x0947, 0x0947, 0x0947, 0x0926,
  0x0926, 0x0947, 0x00E5, 0x0001, 0x10C4, 0x4F7D, 0x2FFF, 0x47DF, 0x1967, 0x0001, 0x328C, 0x5351,
  0x43D2, 0x5FFF, 0x4618, 0x0064, 0x00C6, 0x00C6, 0x00A5, 0x0085, 0x0085, 0x0085, 0x0084, 0x0064,
  0x0064, 0x08A4, 0x1146, 0x1167, 0x1167, 0x1146, 0x1146, 0x1167, 0x1167, 0x1167, 0x1167, 0x1146,
  0x1167, 0x1167, 0x1167, 0x1146, 0x1167, 0x1167, 0x1166, 0x1167, 0x1146, 0x1167, 0x1167, 0x1146,
  0x1167, 0x1167, 0x1146, 0x1146, 0x1167, 0x1146, 0x1166, 0x0883, 0x0043, 0x0064, 0x0084, 0x0002,
  0x228B, 0x47FF, 0x3E18, 0x0085, 0x00E7, 0x00C6, 0x00A5, 0x00A5, 0x00A5, 0x00A6, 0x0085, 0x0024,
  0x0024, 0x00A6, 0x00A5, 0x0085, 0x0085, 0x00A6, 0x0004, 0x52CC, 0x957B, 0x01B5, 0x0235, 0x0AD7,
  0x2C3A, 0x557C, 0x553C, 0x22F7, 0x0AB7, 0x1359, 0x02B8, 0x0297, 0x0256, 0x0235, 0x0215, 0x0214,
  0x01F4, 0x01D3, 0x01D3, 0x01D3, 0x01B3, 0x01B3, 0x01B2, 0x0192, 0x0191, 0x0171, 0x0191, 0x0171,
  0x0192, 0x0191, 0x0192, 0x0192, 0x0192, 0x0192, 0x0151, 0x0151, 0x0171, 0x0151, 0x0150, 0x0150,
  0x0150, 0x0150, 0x0150, 0x0150, 0x0150, 0x00AE, 0x5BB5, 0x632D, 0x0002, 0x0085, 0x0064, 0x0064,
  0x0064, 0x0064, 0x0064, 0x0084, 0x0085, 0x0000, 0x5AEC, 0xF7BE, 0x83EF, 0xBDB6, 0xC617, 0xC5F7,
  0xBDD7, 0xB596, 0xAD55, 0xCE59, 0xE71C, 0xF7BE, 0xFFDF, 0xF7BE, 0xEF5D, 0xD699, 0xD679, 0xD679,
  0xDEBA, 0xEF5D, 0xFFBE, 0xEF5C, 0x2967, 0x108A, 0x212E, 0x31D0, 0x0001, 0x3C92, 0x47FF, 0x4FFF,
  0x2249, 0x0000, 0x3168, 0x522D, 0x9434, 0xDE1F, 0xE65F, 0xBD1D, 0xBD1E, 0xAC9D, 0xB4DC, 0xCD5F,
  0xD5DD, 0x41B0, 0x41CD, 0x67FF, 0x3FFF, 0x3FFF, 0x4F7E, 0x11C7, 0x2905, 0xCDBD, 0xCD7F, 0xAC7E,
  0xB4BF, 0xAC5E, 0xC53D, 0xC51E, 0xCD7F, 0x3188, 0x0000, 0x0000, 0x3D14, 0x3FFF, 0x4FDF, 0x0924,
  0x5A2E, 0x7334, 0x0863, 0x0041, 0x46BA, 0x37FF, 0x4F5D, 0x10C3, 0x0001, 0x0106, 0x0947, 0x0927,
  0x0947, 0x0947, 0x1147, 0x1167, 0x1167, 0x1168, 0x1188, 0x1188, 0x1188, 0x1188, 0x1988, 0x1988,
  0x1188, 0x1188, 0x1188, 0x1188, 0x1168, 0x1167, 0x1167, 0x0947, 0x0947, 0x0927, 0x0926, 0x0926,
  0x0106, 0x0927, 0x0063, 0x0000, 0x44B3, 0x3FFF, 0x3FFF, 0x3CB3, 0x0000, 0x1947, 0x5392, 0x4B10,
  0x43F2, 0x5FFF, 0x4596, 0x0023, 0x00C6, 0x0023, 0x0003, 0x0085, 0x0023, 0x0002, 0x0044, 0x0044,
  0x0002, 0x0002, 0x0002, 0x0000, 0x0000, 0x0002, 0x0002, 0x0000, 0x0000, 0x0000, 0x0001, 0x0002,
  0x0001, 0x0000, 0x0001, 0x0002, 0x0000, 0x0001, 0x0001, 0x0000, 0x0002, 0x0000, 0x0000, 0x0002,
  0x0001, 0x0000, 0x0002, 0x0001, 0x0000, 0x0000, 0x0000, 0x0043, 0x0002, 0x0001, 0x0043, 0x0002,
  0x226A, 0x47FF, 0x3E18, 0x0085, 0x00E7, 0x00A6, 0x00A5, 0x00A5, 0x00A6, 0x0065, 0x00A5, 0x4ACB,
  0x426A, 0x0064, 0x0085, 0x00A5, 0x0085, 0x0085, 0x00A6, 0x0003, 0x630D, 0x955A, 0x1A76, 0x01B4,
  0x01F5, 0x0277, 0x0257, 0x0277, 0x0276, 0x0AD8, 0x543A, 0x0297, 0x0276, 0x0235, 0x0215, 0x01F4,
  0x01F4, 0x01D3, 0x01D3, 0x01B3, 0x01B2, 0x01B2, 0x0192, 0x0192, 0x0171, 0x0171, 0x0171, 0x0171,
  0x0171, 0x0171, 0x0171, 0x0171, 0x0171, 0x0171, 0x0171, 0x0171, 0x0150, 0x0150, 0x0150, 0x0150,
  0x0150, 0x0150, 0x0150, 0x012F, 0x0150, 0x00AE, 0x8D18, 0x2967, 0x0023, 0x0064, 0x0064, 0x0064,
  0x0064, 0x0064, 0x0085, 0x0023, 0x0043, 0x73AF, 0xC638, 0x8C31, 0xA4F3, 0xC618, 0xCE58, 0xCE58,
  0xC5F7, 0xAD54, 0xA513, 0xA4F3, 0x94B2, 0x94B2, 0x94B3, 0xAD34, 0xCE59, 0xEF5D, 0xFFDE, 0xEF3C,
  0xDE9A, 0xE71B, 0xFFDE, 0xDEDA, 0x1086, 0x18ED, 0x210D, 0x4212, 0x1003, 0x3C71, 0x47FF, 0x4FFF,
  0x338E, 0x0000, 0x7331, 0xE5FF, 0xA43E, 0xD5DE, 0xDE3F, 0xDDFF, 0xD5BF, 0xCD9F, 0xCD7E, 0xE61F,
  0x7372, 0x627A, 0xC5DF, 0x4BF0, 0x4618, 0x47FF, 0x3FFF, 0x57DF, 0x1A08, 0x18A3, 0xC57D, 0xBCBF,
  0xC51E, 0xA41F, 0x6AB4, 0x0041, 0x18E4, 0x0862, 0x0000, 0x0000, 0x4596, 0x3FFF, 0x4F3C, 0x0862,
  0x6270, 0x7B34, 0x420C, 0x0000, 0x2A8B, 0x47FF, 0x37FF, 0x3C72, 0x0000, 0x0084, 0x0947, 0x0927,
  0x0927, 0x0947, 0x0947, 0x0947, 0x1167, 0x1167, 0x1167, 0x1168, 0x1168, 0x1188, 0x1188, 0x1188,
  0x1167, 0x1168, 0x1168, 0x1167, 0x1167, 0x1167, 0x1167, 0x0947, 0x0947, 0x0926, 0x0926, 0x0906,
  0x0927, 0x00C5, 0x0000, 0x1146, 0x4FDF, 0x37FF, 0x4F5D, 0x08A4, 0x0022, 0x430F, 0x4B50, 0x4B0F,
  0x4C12, 0x5FFF, 0x4DB7, 0x0023, 0x00A5, 0x2B0D, 0x334E, 0x0023, 0x1A2A, 0x3BD0, 0x08E5, 0x08A5,
  0x33B0, 0x224A, 0x00A4, 0x33AF, 0x338F, 0x0084, 0x0084, 0x33AF, 0x3431, 0x3451, 0x224A, 0x0001,
  0x19C8, 0x3BD0, 0x1A09, 0x0022, 0x3BD0, 0x19C8, 0x1A29, 0x3BAF, 0x0906, 0x2B4E, 0x2B8E, 0x0022,
  0x224A, 0x33D0, 0x0063, 0x08E5, 0x3C92, 0x45D7, 0x2B2D, 0x0001, 0x1A09, 0x3C72, 0x1187, 0x0001,
  0x226A, 0x4FFF, 0x3DF8, 0x0085, 0x00E7, 0x00A6, 0x00A5, 0x00A6, 0x0065, 0x1927, 0xA5F9, 0x7479,
  0x857A, 0x8D35, 0x0064, 0x00A6, 0x00A6, 0x00A6, 0x00A6, 0x00C6, 0x0004, 0x39E9, 0x9D57, 0x5C3A,
  0x0A77, 0x01F6, 0x0297, 0x02B8, 0x0257, 0x0297, 0xDF5F, 0x4C7B, 0x0237, 0x0235, 0x0215, 0x01F4,
  0x01D3, 0x01B3, 0x01B3, 0x01B3, 0x0192, 0x0192, 0x0192, 0x0191, 0x0171, 0x0171, 0x0171, 0x0171,
  0x0171, 0x0171, 0x0191, 0x0171, 0x0171, 0x0171, 0x0150, 0x0150, 0x0151, 0x0150, 0x0150, 0x0150,
  0x0150, 0x0150, 0x012F, 0x012F, 0x00EE, 0x2232, 0x9D56, 0x0002, 0x0064, 0x0064, 0x0064, 0x0064,
  0x0064, 0x0085, 0x0003, 0x2126, 0xBDF7, 0xD6BA, 0x840F, 0x73AE, 0xA534, 0xB596, 0xA535, 0xA535,
  0xA534, 0xBDD6, 0xC5F7, 0xC638, 0xD699, 0xE71B, 0xDEFB, 0xD679, 0xA514, 0xA4F3, 0xA4F3, 0xDEBA,
  0xFFFF, 0xEF5D, 0xF77D, 0xC638, 0x0026, 0x214F, 0x212E, 0x4213, 0x1886, 0x2B4D, 0x4FFF, 0x47FF,
  0x3CD3, 0x0000, 0x0000, 0x5A6E, 0x8396, 0xACD9, 0xF6DF, 0xE65E, 0xB518, 0xA4D5, 0xD5BE, 0xD5DF,
  0x62D0, 0x8375, 0x7B92, 0x3968, 0x0000, 0x34D3, 0x47FF, 0x37DF, 0x4FFF, 0x1A49, 0x1883, 0xACFA,
  0xA43B, 0x62B2, 0xCD5E, 0x9C17, 0x41EC, 0x0000, 0x0000, 0x0841, 0x4F3C, 0x3FFF, 0x4679, 0x0801,
  0x72F2, 0x72F2, 0x62D1, 0x08A5, 0x0000, 0x4E38, 0x37FF, 0x4F9E, 0x1105, 0x0001, 0x00E5, 0x0947,
  0x0927, 0x0947, 0x0947, 0x0947, 0x0947, 0x1147, 0x1167, 0x1167, 0x1167, 0x1168, 0x1167, 0x1168,
  0x1167, 0x1167, 0x1167, 0x1167, 0x1147, 0x1147, 0x0947, 0x0947, 0x0927, 0x0926, 0x0906, 0x0126,
  0x0126, 0x0043, 0x0000, 0x4555, 0x37FF, 0x47FF, 0x33AF, 0x0000, 0x21A9, 0x4B71, 0x3ACE, 0x4B0F,
  0x4C13, 0x5FFF, 0x4DB6, 0x0023, 0x0044, 0x5E9A, 0x6FFF, 0x0884, 0x4D35, 0x77FF, 0x228B, 0x19C8,
  0x77FF, 0x3C31, 0x2209, 0x67FF, 0x5FFF, 0x08C5, 0x0084, 0x67BF, 0x57FF, 0x57DF, 0x5FFF, 0x19C8,
  0x2B2D, 0x6FFF, 0x569A, 0x0022, 0x67FF, 0x33D0, 0x3C93, 0x6FFF, 0x224A, 0x4EFC, 0x67FF, 0x08A4,
  0x3C72, 0x67FF, 0x0883, 0x45D8, 0x5FFF, 0x579E, 0x5FFF, 0x19E8, 0x22CC, 0x67FF, 0x22EC, 0x0000,
  0x228B, 0x4FFF, 0x3DF8, 0x0085, 0x00E7, 0x00A6, 0x00C6, 0x08E6, 0x0024, 0x7431, 0x64BB, 0x0090,
  0x0090, 0x6C99, 0x5B4E, 0x0024, 0x0045, 0x0003, 0x0003, 0x0065, 0x00C6, 0x0025, 0x0885, 0x636E,
  0x94F7, 0x74FB, 0x3C1A, 0x2B58, 0x53F9, 0xC69D, 0xFFFF, 0xD73E, 0x1319, 0x0235, 0x0215, 0x01F4,
  0x01D3, 0x01B3, 0x01B2, 0x0192, 0x0192, 0x0192, 0x0191, 0x0171, 0x0171, 0x0171, 0x0171, 0x0171,
  0x0151, 0x0110, 0x0110, 0x0130, 0x0130, 0x0151, 0x0191, 0x0191, 0x014F, 0x010F, 0x0150, 0x0150,
  0x0150, 0x0150, 0x012F, 0x0150, 0x008E, 0x9559, 0x426A, 0x0002, 0x0064, 0x0064, 0x0064, 0x0064,
  0x0084, 0x0023, 0x2987, 0xD6BA, 0x528A, 0x18A2, 0x6B2C, 0x7C10, 0x6B6F, 0x52EE, 0x4A8D, 0x322B,
  0x1949, 0x29CA, 0x320B, 0x428C, 0x52CC, 0x6B6F, 0x9CD3, 0xC639, 0xEF3C, 0xEF5C, 0xB595, 0xAD34,
  0xD699, 0xF79E, 0xFFFF, 0x8431, 0x0028, 0x39B0, 0x39AF, 0x4A32, 0x292A, 0x11A6, 0x4FFF, 0x3FFF,
  0x4E9A, 0x0000, 0x18C4, 0x8BD3, 0xC53B, 0xCD5D, 0xEEBF, 0xE65E, 0x5ACC, 0x39C8, 0xE65F, 0xE63F,
  0x83D3, 0x8BD5, 0xBD3D, 0xE67F, 0x9454, 0x20A5, 0x34D3, 0x47FF, 0x37DF, 0x4FFF, 0x1A8A, 0x28E5,
  0x8C14, 0x0000, 0x62AF, 0xCD5F, 0xBCFF, 0x18E5, 0x0000, 0x1A08, 0x47FF, 0x3FFF, 0x3CF3, 0x1001,
  0x8354, 0x7312, 0x62D0, 0x21AA, 0x0000, 0x21E8, 0x47FF, 0x37FF, 0x3CD3, 0x0000, 0x0063, 0x0947,
  0x0927, 0x0927, 0x0927, 0x0947, 0x0947, 0x0947, 0x1147, 0x1167, 0x1167, 0x1167, 0x1167, 0x1167,
  0x1167, 0x1167, 0x1167, 0x1167, 0x1147, 0x0947, 0x0947, 0x0927, 0x0926, 0x0926, 0x0106, 0x0127,
  0x00C5, 0x0000, 0x19A7, 0x4FFF, 0x37FF, 0x46FB, 0x0862, 0x0063, 0x3ACE, 0x3AAE, 0x3AAE, 0x42EF,
  0x4412, 0x5FFF, 0x4DB6, 0x0044, 0x0023, 0x3CB4, 0x5FFF, 0x1967, 0x4D97, 0x57DF, 0x33D0, 0x228B,
  0x67DF, 0x226A, 0x338F, 0x57FF, 0x57DF, 0x224A, 0x0002, 0x577D, 0x4639, 0x19A8, 0x57FF, 0x34F4,
  0x2A8B, 0x57FF, 0x57FF, 0x1987, 0x4EDB, 0x33AF, 0x2C31, 0x57DF, 0x1A09, 0x4639, 0x57FF, 0x22AB,
  0x2BCF, 0x5FDF, 0x1966, 0x4FDF, 0x45D7, 0x10A4, 0x67FF, 0x4515, 0x1A09, 0x5FDF, 0x22AB, 0x0000,
  0x22AB, 0x4FFF, 0x3DF8, 0x0085, 0x00E7, 0x00C6, 0x0024, 0x0004, 0x0003, 0x8515, 0x1A96, 0x0171,
  0x01B2, 0x09D2, 0x7CD5, 0x0002, 0x3A8B, 0x84F5, 0x6C11, 0x1106, 0x0065, 0x00C6, 0x0085, 0x0003,
  0x08A4, 0x4A6A, 0xE73C, 0xFFDF, 0xFFFF, 0xFFFF, 0xFFFF, 0xFFFF, 0x9E5E, 0x02D8, 0x0235, 0x01F4,
  0x01D3, 0x01B3, 0x01B2, 0x0192, 0x0192, 0x0192, 0x0171, 0x0171, 0x0171, 0x0171, 0x0151, 0x00F0,
  0x11B0, 0x3AD2, 0x5374, 0x5BD5, 0x63D4, 0x53F5, 0x4C16, 0x6497, 0x7518, 0x3AD3, 0x0110, 0x0150,
  0x0150, 0x012F, 0x014F, 0x00CF, 0x4B56, 0x9D14, 0x0002, 0x0064, 0x0064, 0x0064, 0x0064, 0x0064,
  0x0064, 0x0863, 0xC639, 0x39C7, 0x0800, 0x5AAA, 0x62EB, 0x31E8, 0x29C8, 0x31E9, 0x29C9, 0x3A4C,
  0x324D, 0x322C, 0x320B, 0x2168, 0x1927, 0x31E9, 0x3A09, 0x31A9, 0xA515, 0x9471, 0xC638, 0xFFFF,
  0xC618, 0xDEFB, 0xAD55, 0x422C, 0x18EB, 0x5A31, 0x5230, 0x5251, 0x41AE, 0x0861, 0x4F3D, 0x3FFF,
  0x57FF, 0x0904, 0x3147, 0xCD9C, 0xDDFF, 0xCD5F, 0xEEBF, 0xDE1F, 0xDE3F, 0xDE3D, 0xEE9F, 0xEEBF,
  0xC51E, 0xBCDF, 0xC53F, 0xDDDF, 0xC57F, 0xA45B, 0x1883, 0x34B2, 0x4FFF, 0x37DF, 0x4FFF, 0x2BAF,
  0x0800, 0x0021, 0x0000, 0x0862, 0x2927, 0x0041, 0x0000, 0x3492, 0x3FFF, 0x47FF, 0x22CB, 0x28C6,
  0x8BB6, 0x7332, 0x5A8F, 0x196A, 0x10E6, 0x0000, 0x3D55, 0x37FF, 0x479E, 0x1125, 0x0000, 0x00E6,
  0x0947, 0x0926, 0x0927, 0x0927, 0x0947, 0x0947, 0x0947, 0x1147, 0x1147, 0x1167, 0x1167, 0x1167,
  0x1167, 0x1167, 0x1147, 0x1147, 0x0947, 0x0947, 0x0947, 0x0926, 0x0926, 0x0906, 0x0106, 0x0126,
  0x0063, 0x0000, 0x4576, 0x37FF, 0x47FF, 0x2B4E, 0x0000, 0x21CA, 0x3ACE, 0x324C, 0x328D, 0x42EF,
  0x43F2, 0x5FFF, 0x4DB6, 0x0044, 0x0024, 0x33D0, 0x6FFF, 0x2A8B, 0x567A, 0x5FFF, 0x44D4, 0x33F0,
  0x6FFF, 0x1105, 0x4576, 0x4EBB, 0x57DF, 0x3451, 0x0001, 0x5F9E, 0x4659, 0x0842, 0x57FF, 0x3DB7,
  0x2AAB, 0x5FDF, 0x57DF, 0x3C31, 0x4E7A, 0x33CF, 0x3411, 0x5FFF, 0x1A09, 0x4E7A, 0x4FDF, 0x4576,
  0x3431, 0x5FBE, 0x2209, 0x57FF, 0x3D14, 0x0000, 0x226B, 0x0925, 0x1A6A, 0x5FFF, 0x228B, 0x0000,
  0x228B, 0x4FFF, 0x3E18, 0x0085, 0x00C6, 0x0064, 0x42CC, 0x7472, 0x3A09, 0x7C94, 0x1A55, 0x0172,
  0x0192, 0x0171, 0x5BB3, 0x4ACC, 0x85DC, 0x2A75, 0x43D9, 0xA5D9, 0x10E6, 0x0085, 0x0085, 0x00A6,
  0x00A6, 0x0001, 0x94B3, 0xFFFF, 0xF7DF, 0xFFFF, 0xFFFF, 0xFFFF, 0xFFFF, 0x6DBD, 0x02F9, 0x01F5,
  0x01F4, 0x01B3, 0x01B2, 0x0192, 0x0192, 0x0192, 0x0171, 0x0171, 0x0171, 0x0151, 0x11B1, 0x6C16,
  0x7435, 0x4313, 0x2231, 0x0970, 0x014F, 0x0130, 0x010F, 0x012F, 0x094F, 0x1A32, 0x0130, 0x0150,
  0x012F, 0x0150, 0x00EF, 0x19F2, 0xBE5A, 0x10C4, 0x0044, 0x0064, 0x0064, 0x0064, 0x0064, 0x0085,
  0x0002, 0x5B0D, 0x8C51, 0x0000, 0x41E7, 0x5269, 0x2125, 0x2987, 0x29A8, 0x10E6, 0x1127, 0x322C,
  0x29EB, 0x2168, 0x320B, 0x1107, 0x08A5, 0x31CA, 0x2988, 0x2988, 0x2968, 0x39C8, 0x62CC, 0x8410,
  0xEF5D, 0xD69A, 0x0001, 0x210B, 0x5251, 0x5A51, 0x5A71, 0x5231, 0x5252, 0x0801, 0x3CB2, 0x47FF,
  0x47FF, 0x3CB2, 0x0000, 0x0000, 0x4209, 0xDDDF, 0xDE1F, 0xE65F, 0xAC7E, 0xEEBF, 0x6B4E, 0x7BD0,
  0xE63F, 0xAC9E, 0x93DD, 0xC51E, 0xBCDE, 0xD57F, 0x39A8, 0x0000, 0x3C51, 0x4FFF, 0x37DF, 0x4FFF,
  0x33CF, 0x0000, 0x0021, 0x0000, 0x0000, 0x0000, 0x0841, 0x4F1C, 0x3FFF, 0x4F9E, 0x08A2, 0x5A4F,
  0x8B95, 0x7B32, 0x5AAF, 0x1128, 0x1969, 0x0001, 0x1966, 0x47BE, 0x37FF, 0x3CD3, 0x0000, 0x0084,
  0x0147, 0x0926, 0x0927, 0x0927, 0x0927, 0x0947, 0x0947, 0x1147, 0x1147, 0x1147, 0x1147, 0x1147,
  0x0947, 0x0947, 0x0947, 0x0947, 0x0947, 0x0947, 0x0927, 0x0926, 0x0906, 0x0106, 0x0927, 0x00C5,
  0x0000, 0x19A7, 0x4FFF, 0x37FF, 0x4F1C, 0x0863, 0x0084, 0x3A8E, 0x326D, 0x326C, 0x2A6D, 0x42EF,
  0x4412, 0x57FF, 0x4DB6, 0x0043, 0x0044, 0x2ACC, 0x6FFF, 0x3C31, 0x5EDB, 0x57DF, 0x4DF8, 0x4535,
  0x5FBE, 0x0863, 0x5F3D, 0x4576, 0x571C, 0x4E38, 0x0001, 0x575D, 0x4F5D, 0x4535, 0x5FFF, 0x2BAF,
  0x228B, 0x5FBF, 0x45F8, 0x4E7A, 0x4E9A, 0x2BAF, 0x3410, 0x5FFF, 0x19E8, 0x4EBA, 0x4E7A, 0x56FC,
  0x4E18, 0x5F3D, 0x2209, 0x57FF, 0x3472, 0x08E4, 0x2A8B, 0x19A7, 0x1A4A, 0x57FF, 0x1A8B, 0x0001,
  0x226B, 0x4FFF, 0x4638, 0x0085, 0x0064, 0x7493, 0x6DDD, 0x4BD8, 0x74F9, 0x963A, 0x11B2, 0x0172,
  0x0191, 0x0130, 0x4B96, 0x95DA, 0x1213, 0x008D, 0x004E, 0x5BD7, 0x638F, 0x0004, 0x00A6, 0x0085,
  0x00A5, 0x0044, 0x424B, 0xE73C, 0xF7BE, 0xE71C, 0xFFFF, 0xFFFF, 0xFFFF, 0xFFFF, 0x967E, 0x139A,
  0x01D5, 0x01B3, 0x01B3, 0x0192, 0x0192, 0x0192, 0x0191, 0x0171, 0x0191, 0x0131, 0x4315, 0x63F6,
  0x00D0, 0x0110, 0x0110, 0x0151, 0x0172, 0x0192, 0x0171, 0x0171, 0x0150, 0x0110, 0x0150, 0x012F,
  0x012F, 0x012F, 0x0930, 0xB67C, 0x3A29, 0x0002, 0x0064, 0x0064, 0x0064, 0x0064, 0x0064, 0x0085,
  0x0002, 0x94D3, 0x3186, 0x1882, 0x4A49, 0x3186, 0x2966, 0x2146, 0x4A8D, 0x9D77, 0x1905, 0x1927,
  0x31CA, 0x1906, 0x2989, 0x1106, 0x0884, 0x2968, 0x39EA, 0x10A3, 0x2947, 0x2106, 0x7BAF, 0x6B4E,
  0x20E4, 0xBDD7, 0x528B, 0x20C9, 0x7B34, 0x6291, 0x6292, 0x5230, 0x5A73, 0x28E8, 0x1185, 0x57FF,
  0x3FFF, 0x57BE, 0x10E4, 0x0000, 0x0000, 0xA498, 0xCD3F, 0xDE1E, 0xE63F, 0xB519, 0x39E7, 0x8BD4,
  0xC51F, 0xAC9D, 0xB4DE, 0xAC7D, 0xAC5F, 0x6B10, 0x0020, 0x0041, 0x0000, 0x3410, 0x4FFF, 0x37DF,
  0x4FFF, 0x33CF, 0x0000, 0x0021, 0x0021, 0x0000, 0x33AF, 0x47FF, 0x47FF, 0x3CD3, 0x0801, 0x8375,
  0x8373, 0x8373, 0x62D0, 0x0907, 0x1989, 0x08C5, 0x0000, 0x3D15, 0x37FF, 0x479E, 0x1105, 0x0001,
  0x00E5, 0x0927, 0x0906, 0x0926, 0x0927, 0x0927, 0x0947, 0x0947, 0x0947, 0x0947, 0x0947, 0x1147,
  0x0947, 0x0947, 0x0947, 0x0947, 0x0947, 0x0947, 0x0927, 0x0926, 0x0926, 0x0126, 0x0127, 0x0063,
  0x0000, 0x4535, 0x37FF, 0x47FF, 0x338E, 0x0000, 0x21EA, 0x328E, 0x2A4C, 0x2A4C, 0x2A6D, 0x3ACF,
  0x4413, 0x57FF, 0x4DB6, 0x0023, 0x0065, 0x19A8, 0x67FF, 0x4D56, 0x567A, 0x565A, 0x571C, 0x56BB,
  0x4E39, 0x1105, 0x67FF, 0x338F, 0x4E39, 0x579E, 0x1084, 0x4EFC, 0x4FFF, 0x5FFF, 0x4EBB, 0x0062,
  0x2B0D, 0x5FFF, 0x33AF, 0x57DF, 0x57FF, 0x2B2D, 0x33F0, 0x5FFF, 0x19E8, 0x56FC, 0x3D55, 0x567A,
  0x57FF, 0x56FB, 0x2229, 0x5FFF, 0x2BD0, 0x22CC, 0x77FF, 0x4596, 0x1A09, 0x67FF, 0x1A6B, 0x0001,
  0x226B, 0x4FFF, 0x4639, 0x0023, 0x322A, 0x7D3B, 0x00B0, 0x00F0, 0x00D0, 0x8D9A, 0x2232, 0x0151,
  0x0191, 0x0110, 0x4396, 0x861E, 0x0151, 0x012F, 0x0150, 0x09B2, 0x7494, 0x0064, 0x00A5, 0x0085,
  0x0085, 0x0085, 0x00A5, 0x2987, 0xDEFB, 0x634E, 0xE75D, 0xFFFF, 0xFFDF, 0xE7BF, 0x8EBE, 0xBF5F,
  0x341B, 0x01D5, 0x01D3, 0x01B2, 0x01B2, 0x0192, 0x0192, 0x0191, 0x0171, 0x0191, 0x0151, 0x0110,
  0x0192, 0x0192, 0x01F4, 0x0AB7, 0x0B18, 0x0AB6, 0x0171, 0x0151, 0x0150, 0x0150, 0x0130, 0x0150,
  0x012F, 0x00D0, 0xA5DB, 0x5AEB, 0x0002, 0x0085, 0x0064, 0x0064, 0x0064, 0x0064, 0x0064, 0x0044,
  0x10E5, 0x9CF3, 0x0000, 0x39A6, 0x39C7, 0x3187, 0x29A9, 0x1947, 0x1927, 0x9D78, 0x3A2A, 0x0085,
  0x322D, 0x2147, 0x2988, 0x1927, 0x08A4, 0x10C4, 0x31CA, 0x1083, 0x0862, 0x10A3, 0x39C8, 0x7B8F,
  0x6B4E, 0x1882, 0xBDD7, 0x10A6, 0x6291, 0x6A92, 0x6272, 0x5A72, 0x4A11, 0x4A31, 0x0000, 0x45B6,
  0x47FF, 0x47FF, 0x4576, 0x0000, 0x422C, 0xBD1F, 0xDDDF, 0xE63F, 0xE61F, 0xE67E, 0xDE3E, 0xCD9F,
  0xC55E, 0xC53E, 0xBCFF, 0xBCDF, 0x9BDF, 0x292C, 0x0000, 0x0000, 0x0000, 0x0000, 0x33F0, 0x4FFF,
  0x37DE, 0x4FFF, 0x2B2C, 0x0000, 0x0000, 0x1124, 0x4F9E, 0x37FF, 0x57DF, 0x08E3, 0x41AA, 0x8BB5,
  0x7B32, 0x8374, 0x62D0, 0x08E7, 0x1148, 0x1169, 0x0021, 0x1987, 0x47DF, 0x37FF, 0x3492, 0x0000,
  0x0063, 0x0127, 0x0926, 0x0926, 0x0926, 0x0927, 0x0927, 0x0947, 0x0947, 0x0947, 0x0947, 0x0947,
  0x0947, 0x0947, 0x0947, 0x0947, 0x0947, 0x0927, 0x0926, 0x0926, 0x0906, 0x0127, 0x00E5, 0x0001,
  0x1926, 0x4FBE, 0x37FF, 0x4F1C, 0x0863, 0x0064, 0x326D, 0x2A2C, 0x2A2C, 0x2A4C, 0x2A6C, 0x3AAE,
  0x4433, 0x5FFF, 0x4DB6, 0x0003, 0x00A6, 0x08A5, 0x673C, 0x579E, 0x5618, 0x338E, 0x5FDF, 0x5FDF,
  0x3C72, 0x222A, 0x67FF, 0x5FDF, 0x57FF, 0x57FF, 0x1967, 0x573D, 0x4618, 0x4535, 0x5F5D, 0x0021,
  0x2B0D, 0x5FFF, 0x19A7, 0x56DB, 0x57FF, 0x2B0C, 0x33F0, 0x5FFF, 0x1A09, 0x573C, 0x3492, 0x3C52,
  0x57FF, 0x4EFB, 0x2209, 0x5FFF, 0x3CB3, 0x0062, 0x57BE, 0x3DB7, 0x0062, 0x226A, 0x08C5, 0x0002,
  0x222A, 0x4FFF, 0x4639, 0x0002, 0x532E, 0x3B16, 0x0110, 0x09B1, 0x00EF, 0x53B5, 0x3314, 0x0111,
  0x0191, 0x0110, 0x32F4, 0x865D, 0x0131, 0x0130, 0x0171, 0x0110, 0x6C77, 0x1947, 0x0065, 0x0085,
  0x0085, 0x0085, 0x00A6, 0x0003, 0x52CD, 0x10E6, 0x52AC, 0xFFFF, 0xFFDF, 0xFFFE, 0x763E, 0x5DFE,
  0xCF7F, 0x6D5C, 0x0277, 0x0193, 0x0192, 0x01B2, 0x0192, 0x0192, 0x0171, 0x0171, 0x0191, 0x0192,
  0x0171, 0x0171, 0x01D3, 0x01D3, 0x01D2, 0x0171, 0x0150, 0x0150, 0x0150, 0x0130, 0x014F, 0x010F,
  0x00D0, 0x95BC, 0x6BAE, 0x0001, 0x0085, 0x0064, 0x0064, 0x0064, 0x0064, 0x0064, 0x0064, 0x0002,
  0x3A09, 0x8410, 0x0000, 0x4A28, 0x39C8, 0x3A0A, 0x4AEE, 0x198B, 0x0023, 0x08A5, 0x1106, 0x1129,
  0x21ED, 0x2147, 0x31A8, 0x1947, 0x08A4, 0x0063, 0x2988, 0x6B2D, 0x2946, 0x0021, 0x62EC, 0x5A6A,
  0x83F1, 0x3986, 0x7BCF, 0x5ACC, 0x312B, 0x6A93, 0x5A52, 0x5251, 0x41D0, 0x4A32, 0x20C8, 0x1165,
  0x4FFF, 0x37DF, 0x57FF, 0x22AA, 0x28E4, 0x9C59, 0x9436, 0x5AEC, 0xB4BB, 0xE63F, 0xE65F, 0xE65F,
  0xEEBF, 0xEE7F, 0xA4B8, 0x9C57, 0xACD9, 0xB4DB, 0x7BB1, 0x6B0E, 0x2926, 0x0020, 0x0000, 0x33EF,
  0x4FFF, 0x37DF, 0x4FFF, 0x2AEC, 0x0020, 0x4659, 0x3FFF, 0x47FF, 0x3C72, 0x0000, 0x8B94, 0x8333,
  0x7332, 0x8373, 0x62D0, 0x08E6, 0x0907, 0x198A, 0x1107, 0x0000, 0x45B6, 0x37FF, 0x477D, 0x08A3,
  0x0001, 0x00E6, 0x0127, 0x0906, 0x0926, 0x0926, 0x0927, 0x0927, 0x0927, 0x0927, 0x0927, 0x0947,
  0x0947, 0x0947, 0x0927, 0x0927, 0x0927, 0x0926, 0x0926, 0x0926, 0x0106, 0x0147, 0x0084, 0x0000,
  0x3C31, 0x3FFF, 0x47FF, 0x33AF, 0x0000, 0x1989, 0x326D, 0x2A0B, 0x2A2C, 0x2A2C, 0x2A4C, 0x3A8E,
  0x4412, 0x5FFF, 0x4DB6, 0x0023, 0x00C6, 0x0043, 0x55D7, 0x5FFF, 0x4576, 0x1967, 0x5FFF, 0x5FFF,
  0x2AEC, 0x33AF, 0x67FF, 0x33F0, 0x4596, 0x5FFF, 0x2A8B, 0x4EDB, 0x45F8, 0x2A6B, 0x6FFF, 0x1A2A,
  0x226B, 0x67DF, 0x0905, 0x3C93, 0x5FDF, 0x2B0D, 0x33D0, 0x5FDF, 0x19E8, 0x4EFC, 0x3D14, 0x1987,
  0x5FFF, 0x4F1C, 0x1926, 0x57BE, 0x4EDB, 0x1987, 0x579E, 0x3D96, 0x08E5, 0x338F, 0x1126, 0x0002,
  0x224A, 0x57FF, 0x4679, 0x0023, 0x5B4E, 0x32F6, 0x0151, 0x0191, 0x00F0, 0x4314, 0x4376, 0x0111,
  0x0191, 0x0131, 0x22B4, 0x8EDE, 0x0193, 0x0130, 0x0171, 0x00EF, 0x4B96, 0x3A6B, 0x0024, 0x00A5,
  0x0085, 0x0085, 0x0085, 0x00A6, 0x0064, 0x00A6, 0x0024, 0x5AED, 0xF7DE, 0xFFFF, 0xB71E, 0x3D9D,
  0x4DDE, 0xAF3F, 0xAEFF, 0x2C1B, 0x01F5, 0x0192, 0x01B2, 0x0192, 0x0192, 0x0171, 0x0171, 0x0171,
  0x0171, 0x0171, 0x0151, 0x0150, 0x0150, 0x0150, 0x0150, 0x0150, 0x012F, 0x0150, 0x00CF, 0x0951,
  0xA5DB, 0x6B8E, 0x0001, 0x0064, 0x0064, 0x0064, 0x0064, 0x0064, 0x0064, 0x0064, 0x0084, 0x0002,
  0x6B8E, 0x62EC, 0x0820, 0x4208, 0x39E9, 0x31C9, 0x31EA, 0x3292, 0x42EF, 0x1926, 0x0064, 0x1969,
  0x198A, 0x1106, 0x2147, 0x2147, 0x2988, 0x31CA, 0x528C, 0x732D, 0x5A6A, 0x0001, 0x5249, 0x834C,
  0x5A49, 0x5AAB, 0x41E8, 0x7BEF, 0x1088, 0x5A72, 0x5211, 0x5212, 0x41D1, 0x41D0, 0x5251, 0x0000,
  0x3472, 0x47FF, 0x3FDF, 0x57BE, 0x11A6, 0x0000, 0x0841, 0x0000, 0x8B9A, 0x7310, 0x83D1, 0x5ACC,
  0x8C32, 0xEE5F, 0x6AEE, 0x0000, 0x0862, 0xDE1E, 0xF69F, 0xFEDF, 0x9455, 0x0000, 0x0021, 0x0000,
  0x338E, 0x4FFF, 0x3FFF, 0x4FBE, 0x4639, 0x3FFF, 0x3FFF, 0x4EDB, 0x0020, 0x520D, 0x8B95, 0x7B32,
  0x7B32, 0x7B32, 0x5AAF, 0x00C6, 0x00E6, 0x1149, 0x3A0D, 0x0000, 0x2249, 0x47FF, 0x37FF, 0x2B8E,
  0x0000, 0x00A4, 0x0127, 0x0106, 0x0906, 0x0926, 0x0926, 0x0926, 0x0927, 0x0927, 0x0927, 0x0927,
  0x0927, 0x0927, 0x0927, 0x0926, 0x0926, 0x0926, 0x0926, 0x0106, 0x0126, 0x00E6, 0x0022, 0x0883,
  0x4F3C, 0x37FF, 0x4F5D, 0x0883, 0x0042, 0x2A4C, 0x2A2C, 0x220B, 0x2A0B, 0x2A2B, 0x2A2C, 0x3A8E,
  0x4433, 0x5FFF, 0x45B6, 0x0023, 0x00E6, 0x0003, 0x4CD4, 0x6FFF, 0x3C52, 0x0022, 0x67BF, 0x6FFF,
  0x2229, 0x4E5A, 0x67DE, 0x0000, 0x222A, 0x6FFF, 0x4CB3, 0x5F1C, 0x56FC, 0x10C4, 0x6FFF, 0x4DF7,
  0x2AAB, 0x77FF, 0x1187, 0x2229, 0x77FF, 0x2B6E, 0x3C31, 0x67FF, 0x2229, 0x577D, 0x4E18, 0x0000,
  0x673C, 0x67FF, 0x0863, 0x3C92, 0x5FFF, 0x5FFF, 0x57FF, 0x3CF4, 0x334E, 0x7FFF, 0x332D, 0x0000,
  0x224A, 0x57FF, 0x467A, 0x0000, 0x7432, 0x3338, 0x0151, 0x0191, 0x0110, 0x3AD3, 0x5C37, 0x00F0,
  0x0191, 0x0151, 0x1213, 0xA71E, 0x1255, 0x0130, 0x0171, 0x0110, 0x2A94, 0x5B6F, 0x0003, 0x00A5,
  0x0085, 0x0085, 0x0085, 0x00A5, 0x00A6, 0x00A6, 0x00C6, 0x0024, 0x31EA, 0xD6BA, 0xCF9F, 0x4DBE,
  0x55FE, 0x3D9D, 0x869E, 0xCF9F, 0x75BD, 0x02B7, 0x0193, 0x0192, 0x0192, 0x0192, 0x0171, 0x0171,
  0x0171, 0x0171, 0x0171, 0x0171, 0x0150, 0x0150, 0x0150, 0x0150, 0x014F, 0x008E, 0x2A33, 0xB65B,
  0x52AB, 0x0001, 0x0085, 0x0064, 0x0064, 0x0064, 0x0064, 0x0064, 0x0064, 0x0064, 0x0084, 0x0002,
  0x94B3, 0x39A7, 0x1882, 0x4229, 0x31C8, 0x4A8B, 0x7C97, 0x4C1C, 0x7D5E, 0x31E9, 0x0022, 0x19AB,
  0x08C5, 0x08A4, 0x10E5, 0x1927, 0x31EA, 0x2989, 0x4A4B, 0x62AB, 0x7B0C, 0x1062, 0x5228, 0x8BCE,
  0x6ACA, 0x4A09, 0x3125, 0x8C71, 0x0867, 0x4A11, 0x41D0, 0x3990, 0x41D0, 0x4A11, 0x6293, 0x49EE,
  0x0000, 0x4E7A, 0x47FF, 0x3FFF, 0x577D, 0x19A7, 0x0000, 0x1905, 0xD57F, 0x62AE, 0x0000, 0x0000,
  0x2925, 0xE5FF, 0x7310, 0x0000, 0x0000, 0x526C, 0xACD8, 0x9455, 0x18E4, 0x0000, 0x0000, 0x0020,
  0x0000, 0x226A, 0x477E, 0x47FF, 0x47FF, 0x3FDF, 0x4FBF, 0x1145, 0x28E6, 0x8B95, 0x7B32, 0x7B53,
  0x7312, 0x7311, 0x5AAF, 0x00C6, 0x00C6, 0x1128, 0x5290, 0x10A5, 0x0020, 0x4E9A, 0x37FF, 0x469A,
  0x0021, 0x0042, 0x0106, 0x0126, 0x0106, 0x0906, 0x0926, 0x0926, 0x0926, 0x0926, 0x0926, 0x0927,
  0x0926, 0x0926, 0x0926, 0x0926, 0x0926, 0x0926, 0x0926, 0x0106, 0x0127, 0x00A4, 0x0000, 0x2B0D,
  0x47FF, 0x3FFF, 0x3472, 0x0000, 0x1127, 0x2A4C, 0x21EB, 0x220B, 0x220B, 0x220B, 0x222B, 0x328D,
  0x4433, 0x57FF, 0x45B6, 0x0023, 0x00C6, 0x0044, 0x19C9, 0x330D, 0x1147, 0x0043, 0x226B, 0x2B0D,
  0x08C5, 0x2AEC, 0x226B, 0x0063, 0x08E5, 0x330D, 0x2209, 0x2A8B, 0x2AAB, 0x0022, 0x2AAB, 0x22AB,
  0x1146, 0x2B0C, 0x08E5, 0x0064, 0x330C, 0x1167, 0x1187, 0x330C, 0x08E5, 0x228B, 0x1A2A, 0x0042,
  0x1A09, 0x22EC, 0x0063, 0x0063, 0x2B4E, 0x2BAF, 0x1A2A, 0x0906, 0x0926, 0x2B2D, 0x08C5, 0x0002,
  0x220A, 0x57FF, 0x4EFC, 0x6C31, 0x9D76, 0x2B17, 0x0151, 0x0191, 0x0130, 0x2A72, 0x74B8, 0x0131,
  0x0192, 0x0151, 0x0171, 0xA71E, 0x2AF6, 0x0131, 0x0171, 0x0151, 0x11B2, 0x7453, 0x0043, 0x00A6,
  0x0085, 0x0085, 0x00A5, 0x00A6, 0x00A6, 0x00A6, 0x00A6, 0x00E6, 0x0024, 0x1926, 0xC73E, 0x4DDE,
  0x4DDD, 0x55DE, 0x459D, 0x55DE, 0xA71F, 0xB6FE, 0x447B, 0x0256, 0x0193, 0x0192, 0x0192, 0x0192,
  0x0171, 0x0171, 0x0151, 0x0150, 0x0150, 0x0150, 0x0170, 0x0130, 0x00AF, 0x53B8, 0xAE19, 0x31A7,
  0x0002, 0x0085, 0x0064, 0x0064, 0x0064, 0x0064, 0x0064, 0x0064, 0x0064, 0x0064, 0x0044, 0x0864,
  0xA534, 0x18A2, 0x3985, 0x39E8, 0x31A8, 0x2126, 0x324F, 0x4B56, 0x428D, 0x10E5, 0x0042, 0x0907,
  0x08E7, 0x0063, 0x0063, 0x10E6, 0x2988, 0x31C9, 0x4A2B, 0x6B0C, 0x5229, 0x10A3, 0x62AA, 0x62CB,
  0x49E8, 0x49E8, 0x4A08, 0x9CF4, 0x0026, 0x41D0, 0x398E, 0x318F, 0x49F0, 0x6271, 0x5A71, 0x7B55,
  0x3969, 0x0082, 0x4F1C, 0x47FF, 0x3FFF, 0x579E, 0x2AAB, 0x0000, 0x6AEE, 0x4209, 0x0020, 0x0020,
  0x1082, 0xCDDC, 0x2946, 0x0000, 0x0000, 0x0000, 0x0000, 0x0000, 0x0000, 0x0020, 0x0020, 0x0000,
  0x0000, 0x1145, 0x4F3C, 0x3FDF, 0x3FDF, 0x57FF, 0x1A49, 0x0822, 0x8353, 0x7B32, 0x7B53, 0x7B53,
  0x7B32, 0x7B32, 0x62AF, 0x00A5, 0x00A5, 0x1107, 0x52B0, 0x31CB, 0x0000, 0x336E, 0x3FFF, 0x47FF,
  0x2229, 0x0000, 0x00C4, 0x0127, 0x0106, 0x0906, 0x0926, 0x0926, 0x0926, 0x0926, 0x0926, 0x0926,
  0x0926, 0x0926, 0x0926, 0x0926, 0x0926, 0x0926, 0x0106, 0x0106, 0x0106, 0x0043, 0x0021, 0x4659,
  0x37FF, 0x47BE, 0x1126, 0x0001, 0x21EA, 0x2A2C, 0x21EB, 0x21EB, 0x220B, 0x220B, 0x220B, 0x326D,
  0x4433, 0x57FF, 0x45B6, 0x0023, 0x00C6, 0x00A5, 0x0044, 0x0003, 0x0044, 0x0084, 0x0003, 0x0002,
  0x0064, 0x0002, 0x0003, 0x0064, 0x0064, 0x0002, 0x0003, 0x0002, 0x0002, 0x0064, 0x0002, 0x0002,
  0x0043, 0x0002, 0x0044, 0x0064, 0x0002, 0x0023, 0x0023, 0x0002, 0x0043, 0x0002, 0x0002, 0x0064,
  0x0023, 0x0002, 0x0064, 0x0064, 0x0002, 0x0002, 0x0002, 0x0043, 0x0044, 0x0002, 0x0064, 0x0003,
  0x19C9, 0x56BC, 0x09B0, 0x3AD3, 0xBEFD, 0x3357, 0x0172, 0x0171, 0x0151, 0x19B1, 0x855A, 0x0152,
  0x0171, 0x0171, 0x00F0, 0x963C, 0x4C7A, 0x0152, 0x0151, 0x0191, 0x0131, 0x7475, 0x08C5, 0x0085,
  0x0085, 0x00A5, 0x00A6, 0x00A6, 0x00A6, 0x00A6, 0x00A6, 0x00A6, 0x00E7, 0x00C6, 0xAE7B, 0x561F,
  0x4DDD, 0x459D, 0x4DBD, 0x4DBE, 0x459D, 0x765E, 0xCF7F, 0xA6BE, 0x2C3A, 0x0216, 0x0193, 0x0171,
  0x0171, 0x0171, 0x0171, 0x0171, 0x0170, 0x0150, 0x00CF, 0x0951, 0x853A, 0x94F4, 0x0883, 0x0003,
  0x0085, 0x0064, 0x0064, 0x0064, 0x0064, 0x0064, 0x0064, 0x0064, 0x0064, 0x0064, 0x0003, 0x2167,
  0x9CD3, 0x0800, 0x4A08, 0x31C7, 0x2987, 0x1906, 0x0023, 0x0884, 0x0884, 0x08C5, 0x08E6, 0x08C5,
  0x0063, 0x0063, 0x29CA, 0x2168, 0x31C9, 0x39E9, 0x9CB3, 0xDE59, 0x39A8, 0x10A3, 0x72EB, 0x62AA,
  0x39A7, 0x4A08, 0x5ACB, 0x7BD0, 0x0827, 0x5231, 0x49F0, 0x5231, 0x6272, 0x6291, 0x6AB2, 0x72F3,
  0x8B76, 0x2927, 0x08E3, 0x56DB, 0x47FF, 0x3FFF, 0x4FFF, 0x3CF4, 0x00A2, 0x0000, 0x0000, 0x0000,
  0x0021, 0x3187, 0x0000, 0x0000, 0x0000, 0x0020, 0x0020, 0x0021, 0x0000, 0x0000, 0x0000, 0x0861,
  0x33AF, 0x4FDF, 0x3FFF, 0x3FFF, 0x4FDF, 0x22AB, 0x0000, 0x6AD1, 0x72CF, 0x6AAE, 0x6ACF, 0x7311,
  0x7310, 0x7311, 0x5A8E, 0x00A5, 0x00A5, 0x1107, 0x4A6F, 0x424E, 0x0042, 0x0883, 0x475D, 0x37FF,
  0x4535, 0x0000, 0x0063, 0x0127, 0x0106, 0x0106, 0x0906, 0x0906, 0x0926, 0x0926, 0x0906, 0x0926,
  0x0926, 0x0926, 0x0926, 0x0926, 0x0906, 0x0106, 0x0106, 0x0127, 0x00C5, 0x0001, 0x21C8, 0x4FFF,
  0x37FF, 0x4596, 0x0000, 0x08C5, 0x2A4D, 0x220B, 0x220B, 0x21EB, 0x220B, 0x220B, 0x222C, 0x326D,
  0x4412, 0x57FF, 0x45B6, 0x0023, 0x00C6, 0x0085, 0x0085, 0x00A5, 0x0084, 0x0085, 0x0085, 0x00A5,
  0x0064, 0x00A5, 0x0084, 0x0064, 0x0084, 0x0085, 0x00A5, 0x0085, 0x0085, 0x0064, 0x0084, 0x0085,
  0x0084, 0x0084, 0x0084, 0x0064, 0x0085, 0x0084, 0x0064, 0x0085, 0x0064, 0x0084, 0x0085, 0x0084,
  0x0064, 0x0084, 0x0084, 0x0064, 0x0085, 0x00A5, 0x0085, 0x0084, 0x0064, 0x0085, 0x0084, 0x0003,
  0x4B0D, 0x32D5, 0x00EF, 0x008F, 0x4B75, 0x4C19, 0x0132, 0x0191, 0x0151, 0x1190, 0x8DDB, 0x0A76,
  0x01B2, 0x0192, 0x00D0, 0x757B, 0x85DC, 0x0277, 0x0171, 0x0151, 0x00EF, 0x6C55, 0x21A8, 0x0045,
  0x00A6, 0x00A6, 0x00A5, 0x00A6, 0x00C6, 0x00C6, 0x00C6, 0x0065, 0x0004, 0x08A5, 0xC6BB, 0x55DE,
  0x457D, 0x459D, 0x459D, 0x459D, 0x4DBE, 0x45BD, 0x4DDE, 0x9EFF, 0xDFBF, 0x9E9E, 0x4CDC, 0x1338,
  0x01D5, 0x0152, 0x0131, 0x0111, 0x0131, 0x0172, 0x4377, 0xB65C, 0x5B2D, 0x0002, 0x0044, 0x0085,
  0x0064, 0x0064, 0x0064, 0x0064, 0x0064, 0x0064, 0x0064, 0x0064, 0x0064, 0x0064, 0x0002, 0x4A8B,
  0x7BEF, 0x0800, 0x4A49, 0x4208, 0x29C9, 0x1948, 0x0043, 0x0084, 0x1107, 0x08C5, 0x08E7, 0x1128,
  0x0001, 0x3A4B, 0x7C95, 0x6BB3, 0x31C9, 0x6B4D, 0xCE5A, 0x8431, 0x0022, 0x2125, 0x628A, 0x626A,
  0x3986, 0x3986, 0x5AEC, 0x4A6B, 0x18CB, 0x6273, 0x6272, 0x6292, 0x6292, 0x6271, 0x6AB3, 0x6292,
  0x72D3, 0x93F8, 0x3968, 0x0061, 0x4DD7, 0x4FFF, 0x37FF, 0x47FF, 0x4FBE, 0x44F4, 0x21E8, 0x0021,
  0x0000, 0x0000, 0x0000, 0x0000, 0x0000, 0x0000, 0x0000, 0x0000, 0x0000, 0x1165, 0x2BCF, 0x4EFB,
  0x47FF, 0x37FF, 0x47FF, 0x4F3C, 0x19E7, 0x0801, 0x72F2, 0x8B74, 0x72F0, 0x6AAE, 0x628E, 0x6AAE,
  0x6ACE, 0x72CF, 0x5A8E, 0x00A5, 0x00A5, 0x1107, 0x526F, 0x4A4E, 0x2127, 0x0000, 0x4514, 0x3FFF,
  0x479E, 0x10E4, 0x0001, 0x00E6, 0x0126, 0x0106, 0x0106, 0x0906, 0x0906, 0x0906, 0x0906, 0x0906,
  0x0926, 0x0926, 0x0926, 0x0906, 0x0906, 0x0106, 0x0106, 0x0127, 0x0083, 0x0000, 0x3CB3, 0x3FFF,
  0x47FF, 0x228B, 0x0000, 0x1989, 0x2A4D, 0x21EB, 0x220B, 0x21EB, 0x21EB, 0x220B, 0x222C, 0x326D,
  0x4412, 0x5FFF, 0x45B6, 0x0023, 0x00C6, 0x0084, 0x0064, 0x0023, 0x00A4, 0x0043, 0x0064, 0x0043,
  0x0084, 0x0023, 0x00A5, 0x0063, 0x0043, 0x0063, 0x0002, 0x0043, 0x0064, 0x0043, 0x0043, 0x0064,
  0x0023, 0x0084, 0x0023, 0x0064, 0x0043, 0x0023, 0x0063, 0x0064, 0x0063, 0x0063, 0x0043, 0x0063,
  0x0084, 0x0044, 0x0023, 0x0084, 0x0064, 0x0043, 0x0063, 0x0064, 0x0063, 0x0064, 0x08A4, 0x0043,
  0x53D2, 0x09F3, 0x0171, 0x0151, 0x2272, 0x6CD9, 0x0152, 0x0191, 0x0171, 0x0170, 0x85FB, 0x1B17,
  0x0A13, 0x0191, 0x00F0, 0x5C99, 0x9E9E, 0x0B7A, 0x0AD7, 0x0A96, 0x0171, 0x5BF5, 0x3A6B, 0x0024,
  0x00A6, 0x00A6, 0x00C6, 0x00A6, 0x0065, 0x0024, 0x0064, 0x31C9, 0x73B0, 0xCE78, 0xD77F, 0x351C,
  0x2CBC, 0x24BC, 0x459D, 0x4DBD, 0x459D, 0x4DBD, 0x4DBD, 0x3D7D, 0x55DD, 0xA6FF, 0xDFDF, 0xDFBF,
  0xAE9E, 0x7D9C, 0x6D5B, 0x7D7C, 0x95FC, 0x96BE, 0xA69A, 0x2967, 0x0002, 0x00A5, 0x0064, 0x0064,
  0x0064, 0x0064, 0x0064, 0x0064, 0x0064, 0x0064, 0x0064, 0x0064, 0x0064, 0x0084, 0x0001, 0x73AF,
  0x5ACB, 0x1061, 0x4A49, 0x8494, 0x29EB, 0x08E6, 0x0043, 0x1106, 0x1127, 0x08A5, 0x08E7, 0x326D,
  0x1947, 0x8453, 0xADFB, 0x6BB3, 0x9CF5, 0xD69C, 0x7BD1, 0x2967, 0x0863, 0x2946, 0x628A, 0x41A7,
  0x41A7, 0x3145, 0x6B6E, 0x2128, 0x398E, 0x6A93, 0x6A93, 0x6AB3, 0x6292, 0x5A72, 0x6292, 0x6AB3,
  0x72D3, 0x8355, 0x9C19, 0x4A0C, 0x0000, 0x2B8E, 0x57BF, 0x47FF, 0x3FFF, 0x47FF, 0x4FFF, 0x4EBA,
  0x3C92, 0x2B0C, 0x19C7, 0x1145, 0x1145, 0x1A49, 0x2B0C, 0x3492, 0x4679, 0x4FFF, 0x47FF, 0x3FFF,
  0x3FFF, 0x4FFF, 0x4575, 0x0882, 0x20A4, 0x7B33, 0x8354, 0x7B32, 0x7B31, 0x6AAF, 0x6AAF, 0x6AAE,
  0x6AAE, 0x72F0, 0x5A8E, 0x00A5, 0x00A5, 0x1107, 0x528F, 0x422D, 0x39EC, 0x0000, 0x2209, 0x47FF,
  0x3FFF, 0x338E, 0x0000, 0x00A4, 0x0126, 0x00E6, 0x0106, 0x0106, 0x0906, 0x0906, 0x0906, 0x0906,
  0x0926, 0x0906, 0x0906, 0x0906, 0x0106, 0x0106, 0x0127, 0x00E5, 0x0002, 0x0883, 0x4F3D, 0x37FF,
  0x46FB, 0x0063, 0x0043, 0x2A0B, 0x220C, 0x21EB, 0x21EB, 0x21EB, 0x21EB, 0x220B, 0x220B, 0x324D,
  0x4412, 0x5FFF, 0x4596, 0x0044, 0x0064, 0x2ACC, 0x4C92, 0x2AED, 0x773C, 0x4472, 0x4D14, 0x4431,
  0x4CD3, 0x228B, 0x76FB, 0x4CD4, 0x330C, 0x6EFB, 0x4472, 0x3BAF, 0x4C92, 0x5596, 0x3BAF, 0x3B8F,
  0x2B6E, 0x773C, 0x33B0, 0x0043, 0x6638, 0x5E9A, 0x55B7, 0x4472, 0x3C31, 0x4492, 0x4C72, 0x4C93,
  0x6EDB, 0x08E6, 0x11A8, 0x76FC, 0x3BF0, 0x4492, 0x4D76, 0x2AAC, 0x6EBA, 0x3B8E, 0x76DB, 0x10E5,
  0x43D4, 0x01B3, 0x0171, 0x0130, 0x11D0, 0x7CF9, 0x0193, 0x0171, 0x0191, 0x0130, 0x857A, 0x1256,
  0x0130, 0x0171, 0x00F0, 0x3B76, 0x9EBE, 0x01F6, 0x0255, 0x0234, 0x0130, 0x3B13, 0x532E, 0x0004,
  0x00C6, 0x0085, 0x0024, 0x0064, 0x29A9, 0x7BF0, 0xC617, 0xF7BD, 0xFFFE, 0xFFFF, 0x4D3D, 0x34DC,
  0x453D, 0x037A, 0x13DB, 0x2CDC, 0x457D, 0x3D7D, 0x3D7D, 0x459D, 0x3D7D, 0x2D3D, 0x459D, 0x867E,
  0xBF7F, 0xD7FF, 0xDFFF, 0xDFFF, 0xB75F, 0x9F7F, 0x8472, 0x0001, 0x0023, 0x0002, 0x0044, 0x0085,
  0x0064, 0x0064, 0x0064, 0x0064, 0x0064, 0x0064, 0x0064, 0x0064, 0x0064, 0x0084, 0x0002, 0x9492,
  0x3186, 0x1882, 0x7C10, 0xD71D, 0x4B30, 0x0065, 0x0084, 0x08C5, 0x1927, 0x08E6, 0x530E, 0xB67D,
  0x84B5, 0xCEFE, 0x5B70, 0x2147, 0xCE9C, 0xC65B, 0x9D37, 0x6BB0, 0x2126, 0x41C7, 0x6ACA, 0x3965,
  0x626A, 0x39A7, 0x8C31, 0x0867, 0x5A72, 0x72D4, 0x72D4, 0x6AB3, 0x6273, 0x6293, 0x62B2, 0x72D3,
  0x6AB3, 0x7314, 0x8375, 0x93F8, 0x6B11, 0x1021, 0x1124, 0x3D75, 0x4FFF, 0x47FF, 0x3FFF, 0x3FFF,
  0x47FF, 0x47FF, 0x47FF, 0x4FDF, 0x4FFF, 0x4FFF, 0x4FFF, 0x47FF, 0x3FFF, 0x3FFF, 0x3FFF, 0x4FFF,
  0x4638, 0x1A49, 0x0801, 0x520D, 0x8BB6, 0x7B13, 0x7B33, 0x7B53, 0x7331, 0x72D0, 0x7B31, 0x7B11,
  0x6ACF, 0x7B11, 0x628F, 0x00A5, 0x00A5, 0x1107, 0x526F, 0x41EC, 0x4A4E, 0x10A4, 0x0021, 0x46DB,
  0x37FF, 0x4659, 0x0021, 0x0042, 0x0106, 0x0106, 0x0106, 0x0106, 0x0106, 0x0906, 0x0906, 0x0906,
  0x0906, 0x0906, 0x0906, 0x0106, 0x0106, 0x0106, 0x0127, 0x00A4, 0x0000, 0x330C, 0x47FF, 0x3FFF,
  0x3431, 0x0000, 0x1127, 0x2A4C, 0x21EB, 0x21EB, 0x21EB, 0x21EB, 0x21EB, 0x220B, 0x220B, 0x326D,
  0x4412, 0x5FFF, 0x45B6, 0x0044, 0x0044, 0x2B2E, 0x55D7, 0x5E39, 0x338F, 0x19A7, 0x5E9A, 0x5E9A,
  0x5556, 0x5DF8, 0x44D4, 0x5596, 0x5596, 0x4DB7, 0x5618, 0x5E18, 0x4CF4, 0x675D, 0x5576, 0x4CD4,
  0x5659, 0x226B, 0x222A, 0x0002, 0x3C31, 0x5EBB, 0x4451, 0x5DD7, 0x4D76, 0x4D55, 0x5DF8, 0x5E7A,
  0x22AC, 0x0043, 0x5597, 0x4D35, 0x1105, 0x669A, 0x5F1C, 0x3B8F, 0x77FF, 0x4CD4, 0x77FF, 0x1945,
  0x5435, 0x01B3, 0x0171, 0x0171, 0x0150, 0x7D3A, 0x01F4, 0x0171, 0x0171, 0x0110, 0x7D3A, 0x1AD7,
  0x0130, 0x0171, 0x0111, 0x2AD4, 0xA6DE, 0x01F6, 0x01F4, 0x0192, 0x00EF, 0x2273, 0x6BF1, 0x0003,
  0x0024, 0x1106, 0x634E, 0xBDB5, 0xF718, 0xFFFC, 0xFFFE, 0xFFDC, 0xFFFE, 0x6D9D, 0x0BFB, 0x34DC,
  0x661E, 0x03BB, 0x035A, 0x037A, 0x1C3B, 0x3D3D, 0x3D5D, 0x3D5D, 0x3D5D, 0x457D, 0x3D5D, 0x353D,
  0x355D, 0x5DFE, 0x55DD, 0x459D, 0x2D1C, 0x761E, 0xF7BE, 0xCE99, 0x9CF3, 0x5B0D, 0x10E5, 0x0002,
  0x0064, 0x0085, 0x0084, 0x0064, 0x0064, 0x0064, 0x0064, 0x0064, 0x0064, 0x0064, 0x0063, 0x9CF4,
  0x1082, 0x39A6, 0x6B6E, 0xADB7, 0x3A4C, 0x08C6, 0x0063, 0x08A4, 0x322C, 0x4ACE, 0x73D1, 0xBE5B,
  0xB63C, 0xBE3B, 0x29CA, 0x2147, 0xB5B8, 0xC63A, 0xADB9, 0x298A, 0x52ED, 0x5ACB, 0x3166, 0x18A3,
  0x5209, 0x4A29, 0x7BF0, 0x0028, 0x6AD4, 0x72D4, 0x6AB4, 0x6A93, 0x6293, 0x5A72, 0x6AD3, 0x6AD3,
  0x5A52, 0x6273, 0x6AB3, 0x6AD4, 0x8376, 0x7336, 0x314A, 0x0800, 0x1165, 0x3471, 0x46DB, 0x4FFF,
  0x47FF, 0x47FF, 0x3FFF, 0x3FFF, 0x3FFF, 0x47FF, 0x47FF, 0x47FF, 0x4FFF, 0x473D, 0x34D3, 0x11C6,
  0x0000, 0x3127, 0x7B74, 0x93B7, 0x8354, 0x7B33, 0x7B12, 0x7B32, 0x7331, 0x72F0, 0x8352, 0x7B52,
  0x72F0, 0x7B31, 0x62AF, 0x00A5, 0x00A5, 0x1107, 0x526F, 0x41EC, 0x420C, 0x3189, 0x0000, 0x3C31,
  0x3FFF, 0x47FF, 0x19C8, 0x0000, 0x00A4, 0x0106, 0x0106, 0x0106, 0x0106, 0x0906, 0x0906, 0x0106,
  0x0906, 0x0906, 0x0106, 0x0106, 0x0106, 0x0106, 0x0106, 0x0063, 0x0000, 0x4596, 0x37FF, 0x47DF,
  0x1167, 0x0001, 0x21CA, 0x220B, 0x21EA, 0x21EB, 0x21EB, 0x21EB, 0x21EB, 0x220B, 0x222C, 0x326D,
  0x4433, 0x57FF, 0x4DB6, 0x0044, 0x0044, 0x22AC, 0x55B7, 0x5576, 0x3C11, 0x338F, 0x55B7, 0x5EDC,
  0x55F8, 0x5DF8, 0x3BCF, 0x4D14, 0x4D35, 0x5EBB, 0x55D7, 0x4D55, 0x4D14, 0x5E18, 0x66FC, 0x5555,
  0x4DB7, 0x4472, 0x3BF0, 0x0001, 0x228B, 0x5597, 0x22AB, 0x6FBE, 0x5F1C, 0x4D14, 0x4CD3, 0x4535,
  0x5E79, 0x0001, 0x5E18, 0x2ACD, 0x0064, 0x65F8, 0x5597, 0x4C72, 0x6EFC, 0x5F1D, 0x675D, 0x1946,
  0x5415, 0x0193, 0x0171, 0x0171, 0x0151, 0x7D5A, 0x0A56, 0x0151, 0x0170, 0x010F, 0x6CF9, 0x1AD7,
  0x0131, 0x0171, 0x0131, 0x1A32, 0x9EDE, 0x12B7, 0x0193, 0x0191, 0x0130, 0x1213, 0x6C33, 0x0043,
  0x8C71, 0xEF5B, 0xFFDB, 0xFF16, 0xF6B4, 0xF759, 0xFFDC, 0xDF5D, 0x555D, 0x0BFB, 0x1C5C, 0x1C5C,
  0x8E9E, 0x243B, 0x033A, 0x035A, 0x037A, 0x13DB, 0x2CBC, 0x3D3D, 0x353D, 0x3D5D, 0x3D5D, 0x3D5D,
  0x351D, 0x6E5E, 0x7E9E, 0x353D, 0x2D1D, 0xAEFE, 0xFFFE, 0xFF9A, 0xFFDB, 0xFFFE, 0xEF5C, 0x6B8E,
  0x0884, 0x0003, 0x0003, 0x0044, 0x0064, 0x0085, 0x0084, 0x0064, 0x0064, 0x0023, 0x2147, 0x9492,
  0x0820, 0x4A6A, 0x7BF0, 0x9515, 0x29A8, 0x10E6, 0x0023, 0x2A0A, 0x6BF2, 0x7BF0, 0x8432, 0xADB7,
  0xA598, 0xB5D9, 0x1107, 0x52AD, 0xC65B, 0xC67C, 0x7455, 0x63F3, 0x9D57, 0x9538, 0x8CF6, 0x8C72,
  0x524A, 0x62EC, 0x31C9, 0x292C, 0x7B15, 0x72B3, 0x72D4, 0x72D4, 0x6AB3, 0x6273, 0x72D4, 0x6AD4,
  0x5A52, 0x5252, 0x5253, 0x6294, 0x62B4, 0x5A74, 0x5AB5, 0x4211, 0x1089, 0x0002, 0x0021, 0x1165,
  0x1AEB, 0x3492, 0x3575, 0x3555, 0x3575, 0x3534, 0x2BEF, 0x1ACB, 0x0986, 0x0062, 0x0801, 0x3929,
  0x7313, 0x93F7, 0x8374, 0x8353, 0x8374, 0x7B32, 0x6AB0, 0x628E, 0x6AAF, 0x6ACF, 0x7311, 0x7B32,
  0x7310, 0x7B31, 0x62AF, 0x00A5, 0x00A5, 0x1107, 0x526E, 0x41CA, 0x41AA, 0x39EC, 0x0001, 0x1967,
  0x47DF, 0x3FFF, 0x3451, 0x0000, 0x0083, 0x0106, 0x0106, 0x0106, 0x0106, 0x0906, 0x0106, 0x0906,
  0x0106, 0x0106, 0x0106, 0x0106, 0x0106, 0x0126, 0x00C5, 0x0001, 0x10E5, 0x4F9E, 0x37FF, 0x4638,
  0x0001, 0x0084, 0x2A2C, 0x21EA, 0x21EA, 0x21EA, 0x21EA, 0x21EB, 0x21EB, 0x21EB, 0x220B, 0x2A2C,
  0x3C33, 0x5FFF, 0x45B6, 0x0044, 0x0044, 0x22CC, 0x55B7, 0x55D7, 0x3CB3, 0x5E39, 0x4D15, 0x5619,
  0x5F1C, 0x5DF8, 0x3BF0, 0x4D55, 0x4D34, 0x5EBB, 0x4CF4, 0x4431, 0x5596, 0x5452, 0x5F3C, 0x55D7,
  0x5597, 0x44D4, 0x5DF8, 0x0000, 0x2AED, 0x55B7, 0x2B2E, 0x55B7, 0x4535, 0x4D75, 0x4D35, 0x0001,
  0x6F1C, 0x19A8, 0x5596, 0x336F, 0x1967, 0x6F5D, 0x5EDB, 0x5D56, 0x5DD8, 0x5F3D, 0x669B, 0x1966,
  0x5C35, 0x01B3, 0x0192, 0x0192, 0x0151, 0x7D9B, 0x1297, 0x0151, 0x0170, 0x00EF, 0x6CB8, 0x2B38,
  0x0131, 0x0171, 0x0151, 0x11D1, 0x96BE, 0x1AD7, 0x01B3, 0x0171, 0x0150, 0x0991, 0x7494, 0xBDD6,
  0xFFFB, 0xFF79, 0xF759, 0xF6F6, 0xF6F6, 0xF6F6, 0xFFDB, 0xA65D, 0x035A, 0x1C5C, 0x1C5C, 0x0BFB,
  0x5D9D, 0x555C, 0x02D9, 0x0339, 0x035A, 0x0B9A, 0x0B9A, 0x247C, 0x353D, 0x353D, 0x353D, 0x3D5D,
  0x353D, 0x55BD, 0x5DFD, 0x351C, 0x34FC, 0x9E9E, 0x8E1D, 0xFFBB, 0xF738, 0xF717, 0xFFDC, 0xFFFC,
  0xD677, 0x8C50, 0x424A, 0x1927, 0x0044, 0x0003, 0x0003, 0x0023, 0x0084, 0x0003, 0x4A8B, 0x738E,
  0x1082, 0x632C, 0x9492, 0xBE38, 0x6BD0, 0x10E6, 0x0043, 0x1927, 0x8431, 0x9472, 0x8C93, 0x9D15,
  0x8CD6, 0xBE5C, 0x94D5, 0xAD98, 0xBE3B, 0xB63B, 0x7D38, 0x5499, 0x0152, 0x0152, 0x09B3, 0x4335,
  0x7477, 0xA5D8, 0x426C, 0x084A, 0x62B4, 0x7B14, 0x72D4, 0x72D4, 0x6AB4, 0x6A93, 0x72F4, 0x7314,
  0x6293, 0x5A53, 0x5A73, 0x5A74, 0x5254, 0x5234, 0x39D2, 0x3191, 0x3192, 0x31B2, 0x316F, 0x290A,
  0x1865, 0x0802, 0x0000, 0x0000, 0x0000, 0x0801, 0x1002, 0x28C6, 0x418A, 0x5A70, 0x7B75, 0x8B96,
  0x8354, 0x8374, 0x8374, 0x8373, 0x7312, 0x628F, 0x5A4D, 0x5A6D, 0x626D, 0x626D, 0x6AAE, 0x6AAF,
  0x6ACF, 0x72F0, 0x5A6E, 0x00A5, 0x00A5, 0x1107, 0x524D, 0x41CB, 0x39A9, 0x41EC, 0x10C5, 0x0000,
  0x4E39, 0x37FF, 0x469A, 0x0021, 0x0022, 0x00E6, 0x0106, 0x0106, 0x0106, 0x0106, 0x0106, 0x0106,
  0x0106, 0x0106, 0x0106, 0x0106, 0x0106, 0x0126, 0x00A4, 0x0000, 0x330D, 0x47FF, 0x3FFF, 0x338F,
  0x0000, 0x1148, 0x2A2C, 0x19CA, 0x21CA, 0x21CA, 0x21CA, 0x21EB, 0x21EB, 0x21EB, 0x220B, 0x2A2C,
  0x3C12, 0x5FFF, 0x45B6, 0x0044, 0x0044, 0x2AED, 0x5DD7, 0x4472, 0x775D, 0x5576, 0x5576, 0x4C93,
  0x66DB, 0x330D, 0x6F3C, 0x55D7, 0x44B3, 0x5556, 0x5D96, 0x5DF8, 0x5596, 0x5451, 0x4D14, 0x5DB7,
  0x5535, 0x6EFB, 0x4D35, 0x0001, 0x2B2E, 0x5DF8, 0x2AED, 0x5576, 0x4CD4, 0x5535, 0x65D7, 0x55F8,
  0x6F1C, 0x08E5, 0x334E, 0x775D, 0x6619, 0x4431, 0x4CD4, 0x7FDF, 0x6596, 0x6E59, 0x6E9A, 0x1166,
  0x5C34, 0x0214, 0x01B3, 0x01B2, 0x0151, 0x7DDB, 0x22F8, 0x0151, 0x0170, 0x00AE, 0x5C76, 0x3BB9,
  0x0131, 0x0171, 0x0171, 0x0191, 0x967D, 0x1AD7, 0x0193, 0x0171, 0x0191, 0x00EF, 0x9579, 0xFFFC,
  0xEED6, 0xF717, 0xFF7A, 0xFF79, 0xF716, 0xF6F6, 0xFF38, 0xFFFC, 0x7D9D, 0x039B, 0x141C, 0x13FB,
  0x1C3B, 0x6E1D, 0x0319, 0x02F9, 0x033A, 0x0B9A, 0x0BBA, 0x0B9A, 0x141B, 0x351C, 0x353D, 0x353D,
  0x3D3D, 0x353D, 0x3D3D, 0x24BC, 0x451C, 0x75BD, 0x02F9, 0xAE5D, 0xFFDB, 0xEE94, 0xF738, 0xF717,
  0xFEF5, 0xFF15, 0xF6D5, 0xE653, 0xBD52, 0x7BAD, 0x4249, 0x1926, 0x0084, 0x0001, 0x634E, 0x5269,
  0x3165, 0x632C, 0xA534, 0xBDD6, 0x5AED, 0x10E6, 0x0084, 0x1927, 0x738F, 0x8C31, 0x94D4, 0x94F6,
  0x84B6, 0x8D5A, 0xC6BD, 0xCF3F, 0xB67D, 0xB65B, 0xB69C, 0x2B79, 0x01F6, 0x01D4, 0x0193, 0x00CF,
  0x00F0, 0x19D2, 0x7478, 0x6BB2, 0x0889, 0x5232, 0x6294, 0x6293, 0x6AB3, 0x72D4, 0x7B15, 0x7B35,
  0x72D4, 0x6AD4, 0x6294, 0x5A55, 0x4A14, 0x4A34, 0x41F3, 0x39D2, 0x41D1, 0x39B0, 0x4A12, 0x6AF5,
  0x8377, 0x6AD4, 0x39CE, 0x296E, 0x39D0, 0x5A72, 0x7B35, 0x93D7, 0x93D6, 0x8374, 0x8394, 0x8374,
  0x8374, 0x8BD5, 0x8BB4, 0x8BB4, 0x7B32, 0x5A4D, 0x522D, 0x5A6E, 0x5A2D, 0x520B, 0x5A4C, 0x5A2C,
  0x5A6D, 0x6AAF, 0x526D, 0x00A5, 0x00A5, 0x1907, 0x524E, 0x41EC, 0x39AA, 0x41CC, 0x3189, 0x0000,
  0x33AF, 0x3FFF, 0x3FFF, 0x19A7, 0x0000, 0x00C5, 0x0126, 0x0106, 0x0106, 0x0106, 0x0106, 0x0106,
  0x0106, 0x0106, 0x0106, 0x0106, 0x0106, 0x0106, 0x0043, 0x0000, 0x45B6, 0x37FF, 0x4FDF, 0x1987,
  0x0002, 0x21CA, 0x220B, 0x21CA, 0x21CA, 0x21CA, 0x21CA, 0x21EA, 0x21EB, 0x21EB, 0x220B, 0x2A2C,
  0x4412, 0x5FFF, 0x45B6, 0x0044, 0x00C6, 0x1147, 0x19C9, 0x00A5, 0x2AAC, 0x0927, 0x1188, 0x0926,
  0x19C9, 0x0043, 0x224B, 0x1147, 0x0926, 0x11A8, 0x1167, 0x19C9, 0x1188, 0x1167, 0x0906, 0x1988,
  0x08E6, 0x22AC, 0x0926, 0x0064, 0x0906, 0x11C9, 0x08C6, 0x1167, 0x0947, 0x1167, 0x1147, 0x1A2A,
  0x11C9, 0x0044, 0x0084, 0x222A, 0x19E9, 0x08E6, 0x1147, 0x2A8B, 0x19A8, 0x224B, 0x330E, 0x08C4,
  0x6C95, 0x0A56, 0x01D4, 0x0192, 0x0131, 0x85DB, 0x2B37, 0x0131, 0x0191, 0x00CF, 0x5C35, 0x3BD9,
  0x0131, 0x0171, 0x0171, 0x0171, 0x967D, 0x2B38, 0x01B3, 0x0192, 0x0191, 0x00F0, 0x84B7, 0xFFB9,
  0xF717, 0xF717, 0xFF59, 0xFF7A, 0xF737, 0xF6D5, 0xF6F6, 0xFF79, 0xFFFD, 0x961E, 0x13FB, 0x141B,
  0x0BBB, 0x3D3D, 0x2C1B, 0x02B8, 0x0319, 0x035A, 0x0B9A, 0x0B9A, 0x037A, 0x0BBA, 0x2CBC, 0x353C,
  0x353D, 0x351C, 0x34FC, 0x249B, 0x5D3C, 0x551C, 0x0B7A, 0x3399, 0xF79C, 0xEE93, 0xF717, 0xF6F6,
  0xF694, 0xEEB4, 0xEE31, 0xEE51, 0xFED4, 0xFF16, 0xFEF5, 0xEEB6, 0xCDF5, 0x94B1, 0x94B3, 0x2904,
  0x62CA, 0x9491, 0xB575, 0xBDB6, 0x52EC, 0x08A5, 0x1106, 0x424A, 0x9CB2, 0x9CB2, 0xAD96, 0x9516,
  0x9517, 0xBE7C, 0xB67C, 0xBEBE, 0xB67D, 0x9DDA, 0xC6DC, 0x4C7B, 0x0278, 0x0A55, 0x0172, 0x0172,
  0x0171, 0x0151, 0x00D0, 0x4336, 0x7432, 0x0869, 0x4A13, 0x6294, 0x6293, 0x6AB4, 0x7B15, 0x7B15,
  0x7B15, 0x7B15, 0x72F5, 0x6295, 0x4A14, 0x4A35, 0x39D2, 0x39D2, 0x5A54, 0x62B4, 0x72D4, 0x72F4,
  0x72F4, 0x5230, 0x398D, 0x398E, 0x41F0, 0x6272, 0x8334, 0x8B94, 0x8B94, 0x93F5, 0x9C16, 0x9415,
  0x93F5, 0x93D5, 0x8BB4, 0x8B94, 0x7B53, 0x628E, 0x522C, 0x5A4D, 0x5A4D, 0x520B, 0x5A2B, 0x5A4C,
  0x5A4C, 0x62AE, 0x524D, 0x00A5, 0x00A5, 0x1907, 0x5A6F, 0x522E, 0x4A0C, 0x49EC, 0x4A0D, 0x0021,
  0x1146, 0x47DF, 0x37FF, 0x3431, 0x0000, 0x0084, 0x0106, 0x0106, 0x0106, 0x0106, 0x0106, 0x0106,
  0x0106, 0x0106, 0x0106, 0x0106, 0x0106, 0x00C5, 0x0001, 0x10C4, 0x4F7D, 0x37FF, 0x469A, 0x0022,
  0x00A4, 0x2A2C, 0x21EA, 0x21CA, 0x21CA, 0x21CA, 0x21CA, 0x21EA, 0x21EB, 0x21EB, 0x220B, 0x2A0C,
  0x4412, 0x5FFF, 0x45B6, 0x0044, 0x00E7, 0x00C6, 0x0085, 0x00C6, 0x0044, 0x00A5, 0x0085, 0x00A5,
  0x0085, 0x00A6, 0x0044, 0x0085, 0x00A5, 0x0064, 0x0085, 0x0064, 0x0065, 0x0085, 0x00A5, 0x0065,
  0x0085, 0x0023, 0x0085, 0x00A5, 0x0085, 0x0044, 0x0085, 0x0064, 0x0085, 0x0064, 0x0085, 0x0044,
  0x0044, 0x00A5, 0x0085, 0x0044, 0x0044, 0x00A5, 0x0085, 0x0044, 0x0065, 0x0085, 0x0065, 0x0064,
  0x7494, 0x1AB7, 0x0215, 0x0A55, 0x00F1, 0x7D3A, 0x3397, 0x0110, 0x0191, 0x00F0, 0x6477, 0x441A,
  0x0132, 0x0192, 0x0171, 0x0171, 0x96BD, 0x3B78, 0x0194, 0x0214, 0x01B2, 0x0110, 0x63F6, 0xFFBA,
  0xF717, 0xFF58, 0xF6F6, 0xFF7A, 0xFF79, 0xF717, 0xF6B4, 0xF717, 0xFF7A, 0xFFDB, 0xCF3E, 0x247C,
  0x03DB, 0x143B, 0x1C1B, 0x02F8, 0x02F9, 0x0339, 0x0339, 0x0339, 0x0B5A, 0x035A, 0x037A, 0x13FB,
  0x247C, 0x247B, 0x2CDC, 0x1BFA, 0x6CDB, 0x1B38, 0x13FA, 0x1AF9, 0xE71B, 0xF672, 0xF717, 0xF717,
  0xEE10, 0xF6B4, 0xF693, 0xEE11, 0xEE31, 0xEE73, 0xF6B4, 0xF6B4, 0xFED4, 0xFF57, 0xBDD6, 0x1061,
  0x83EF, 0xB576, 0xDEDA, 0xBDD6, 0x424A, 0x0085, 0x18E6, 0x94B4, 0xBDB5, 0xBDB5, 0xCE5A, 0x7434,
  0x9516, 0xBE7C, 0xBE9D, 0xBE9D, 0xAE5D, 0x95BA, 0xA5FA, 0xBEBC, 0x33FA, 0x037A, 0x0B7A, 0x02B7,
  0x0215, 0x01F5, 0x01B3, 0x006E, 0x5396, 0x426D, 0x18CD, 0x6294, 0x72F4, 0x6AB4, 0x72F5, 0x72F5,
  0x7B35, 0x7B15, 0x7B35, 0x72F5, 0x5254, 0x5254, 0x41D2, 0x41D2, 0x6AB4, 0x72F5, 0x7B35, 0x8355,
  0x7B15, 0x5A51, 0x520F, 0x6291, 0x7313, 0x8335, 0x93B6, 0x93F5, 0x93D5, 0x9C36, 0x9C36, 0x9C36,
  0x9C15, 0x93D5, 0x8BB5, 0x8374, 0x7B53, 0x72D0, 0x6AD0, 0x72F0, 0x6AAF, 0x5A4C, 0x5A4C, 0x5A4C,
  0x5A6C, 0x628E, 0x524D, 0x00A5, 0x00A5, 0x1927, 0x628F, 0x62B0, 0x6AD1, 0x626F, 0x6290, 0x18E6,
  0x0000, 0x4659, 0x37FF, 0x3E7A, 0x0021, 0x0042, 0x00E6, 0x0106, 0x0106, 0x0106, 0x0106, 0x0106,
  0x0106, 0x0106, 0x0106, 0x0106, 0x0106, 0x0084, 0x0000, 0x2ACC, 0x47FF, 0x3FFF, 0x3C72, 0x0000,
  0x1147, 0x222C, 0x19CA, 0x21CA, 0x21CA, 0x21CA, 0x21CA, 0x21EA, 0x21EB, 0x21EB, 0x220B, 0x2A2C,
  0x4412, 0x5FFF, 0x45B6, 0x0064, 0x0907, 0x0085, 0x0085, 0x0044, 0x00A6, 0x0044, 0x00A5, 0x0044,
  0x0023, 0x0064, 0x0023, 0x0064, 0x0023, 0x0064, 0x0085, 0x0064, 0x0064, 0x0044, 0x0023, 0x0064,
  0x0044, 0x0064, 0x0044, 0x0023, 0x0003, 0x00A5, 0x0064, 0x0044, 0x0044, 0x0044, 0x0003, 0x0044,
  0x0044, 0x0044, 0x0064, 0x0044, 0x0085, 0x0003, 0x0024, 0x0064, 0x0064, 0x0064, 0x0085, 0x0024,
  0x7473, 0x2338, 0x01D4, 0x0214, 0x0152, 0x5C18, 0x2B57, 0x0131, 0x0191, 0x00F0, 0x5C36, 0x4CBC,
  0x01D4, 0x01B3, 0x0172, 0x0192, 0x8E9D, 0x441A, 0x02B7, 0x0A55, 0x0192, 0x0131, 0x3AF5, 0xFFBA,
  0xF737, 0xFF38, 0xF716, 0xF717, 0xFF9A, 0xFF9A, 0xF6F7, 0xF6B4, 0xFF38, 0xF758, 0xFF79, 0xDF5C,
  0x551C, 0x03BB, 0x0BFB, 0x0B7A, 0x02F8, 0x0319, 0x0B59, 0x02B8, 0x02D8, 0x02F9, 0x0319, 0x02F9,
  0x0319, 0x0B79, 0x0339, 0x1AF7, 0x4BB8, 0x0256, 0x0AD8, 0x2B39, 0xF73A, 0xEE51, 0xF6F6, 0xF6F7,
  0xEE10, 0xF673, 0xF693, 0xEE10, 0xF672, 0xEE31, 0xEE52, 0xF673, 0xE632, 0xFEF6, 0x8430, 0x2903,
  0x9CB2, 0xC5F7, 0xDEDA, 0xB5B6, 0x39E8, 0x0043, 0x3A2A, 0x9D16, 0xA535, 0xD69B, 0xCE9B, 0x7412,
  0x9516, 0xBE7C, 0xBE9D, 0xA5FA, 0x8D58, 0xA5D9, 0x6C55, 0xAE1A, 0xF7DF, 0x95BD, 0x3C5B, 0x243B,
  0x13DB, 0x0B7A, 0x02B7, 0x0173, 0x2A95, 0x634F, 0x18CB, 0x72F4, 0x8335, 0x72F4, 0x72D5, 0x7315,
  0x7B15, 0x7B15, 0x8335, 0x8335, 0x62B5, 0x5A54, 0x5234, 0x6294, 0x7315, 0x7B15, 0x7B35, 0x8375,
  0x8355, 0x8375, 0x8BB5, 0x93D5, 0x93F6, 0x93F6, 0x9C16, 0xA436, 0xA456, 0xA456, 0x9C36, 0x9C36,
  0x93F5, 0x8BB4, 0x8B94, 0x8B94, 0x8373, 0x72F1, 0x7312, 0x7311, 0x6AAF, 0x628E, 0x5A4C, 0x5A4C,
  0x5A2B, 0x62AE, 0x524D, 0x00A5, 0x00A5, 0x1928, 0x62B0, 0x62B0, 0x6AB0, 0x6290, 0x62B1, 0x41EC,
  0x0000, 0x3C31, 0x3FFF, 0x47DF, 0x1987, 0x0000, 0x00C5, 0x0106, 0x00E6, 0x0106, 0x0106, 0x0106,
  0x0106, 0x0106, 0x00E6, 0x0106, 0x0106, 0x0063, 0x0000, 0x4514, 0x37FF, 0x47FF, 0x19E9, 0x0001,
  0x21CA, 0x220B, 0x19CA, 0x19CA, 0x21CA, 0x19CA, 0x21CA, 0x21CA, 0x21EB, 0x21EB, 0x220C, 0x2A2C,
  0x4432, 0x5FFF, 0x4DB6, 0x0065, 0x00A6, 0x332E, 0x336F, 0x3B90, 0x19A8, 0x5555, 0x0926, 0x4432,
  0x5535, 0x19E9, 0x5515, 0x1A09, 0x4D35, 0x1A4A, 0x1A0A, 0x332E, 0x330D, 0x338F, 0x5D55, 0x222A,
  0x3BF0, 0x332E, 0x334F, 0x4493, 0x4472, 0x0043, 0x224B, 0x3BF1, 0x334E, 0x2AEC, 0x55B7, 0x336F,
  0x2B0D, 0x334E, 0x220A, 0x3B8F, 0x1188, 0x5556, 0x4452, 0x43D0, 0x32ED, 0x3B6F, 0x43D0, 0x0084,
  0x6432, 0x2358, 0x01D4, 0x01B2, 0x0111, 0x4BD7, 0x2B37, 0x0152, 0x01D3, 0x0111, 0x5417, 0x54FC,
  0x01B4, 0x0214, 0x01F4, 0x01B3, 0x7E1D, 0x5C7A, 0x0132, 0x0151, 0x0151, 0x0130, 0x2233, 0xF75B,
  0xFF37, 0xF717, 0xFF38, 0xF716, 0xFF37, 0xFFBB, 0xFF9A, 0xF717, 0xEE94, 0xF717, 0xFF78, 0xFFD8,
  0xFFFC, 0x95DD, 0x13BA, 0x035A, 0x0339, 0x0319, 0x0B39, 0x0277, 0x0256, 0x0277, 0x0277, 0x0277,
  0x0277, 0x0297, 0x0216, 0x3AD5, 0x1A97, 0x0A96, 0x01D6, 0x74BA, 0xFF36, 0xEE31, 0xF6F6, 0xEE94,
  0xEE10, 0xF672, 0xF673, 0xEE10, 0xF693, 0xEE52, 0xEE31, 0xEE52, 0xE5F0, 0xFF38, 0x528B, 0x41A5,
  0xAD13, 0xC618, 0xD679, 0x9CF3, 0x3A09, 0x0884, 0x3A0B, 0xA558, 0x7C54, 0xB5D9, 0xB5F9, 0x6370,
  0xADB8, 0xADFA, 0x9558, 0x9578, 0xA61A, 0xB67B, 0x9DD9, 0xE75D, 0xFFFF, 0xFFFF, 0xFFFF, 0xAE7D,
  0x34BC, 0x34DC, 0x13BA, 0x0277, 0x3317, 0x632F, 0x290D, 0x8356, 0x8355, 0x7B15, 0x6294, 0x5A74,
  0x72D5, 0x7B15, 0x8335, 0x8376, 0x7B35, 0x6AB4, 0x6AB4, 0x7B15, 0x7B35, 0x7B35, 0x7B34, 0x7B35,
  0x8355, 0x8BB5, 0x93F6, 0x9C16, 0x9C36, 0x9C36, 0xA456, 0xA477, 0xA477, 0x9C56, 0x9C36, 0x9C36,
  0x93D4, 0x8373, 0x8B94, 0x8BB4, 0x93D4, 0x8373, 0x6AF1, 0x628F, 0x5A4D, 0x5A4D, 0x5A2B, 0x520B,
  0x520B, 0x628E, 0x524D, 0x0085, 0x00A5, 0x1928, 0x62B0, 0x5A6F, 0x5A4E, 0x5A4F, 0x5A70, 0x5A90,
  0x0001, 0x2209, 0x47FF, 0x3FFF, 0x33CF, 0x0000, 0x0084, 0x0106, 0x00E6, 0x00E6, 0x0106, 0x0106,
  0x0106, 0x0106, 0x00E6, 0x0106, 0x00E5, 0x0022, 0x0863, 0x4F1C, 0x37FF, 0x4F1C, 0x0063, 0x0064,
  0x220B, 0x21EB, 0x21CA, 0x21CA, 0x21CA, 0x19CA, 0x21CA, 0x21CA, 0x21EB, 0x21EB, 0x222C, 0x2A0C,
  0x4432, 0x5FFF, 0x4DB6, 0x00A5, 0x0085, 0x4CF5, 0x5596, 0x5E19, 0x332E, 0x87FF, 0x228B, 0x5DD7,
  0x667A, 0x5D55, 0x67BF, 0x4472, 0x77FF, 0x2B8F, 0x1188, 0x6EDB, 0x5DB7, 0x6659, 0x5DB7, 0x6618,
  0x5E18, 0x4D35, 0x5DD7, 0x5618, 0x66DB, 0x22AC, 0x2B0D, 0x5E18, 0x4CF4, 0x5576, 0x6659, 0x19E8,
  0x5E39, 0x5E59, 0x3BD0, 0x6639, 0x08C4, 0x671C, 0x5597, 0x5D76, 0x4472, 0x5DB7, 0x5E18, 0x00E6,
  0x5C12, 0x2BDA, 0x01D4, 0x01D3, 0x0131, 0x4396, 0x341A, 0x01B4, 0x01B3, 0x0131, 0x3396, 0x5CBB,
  0x0112, 0x0171, 0x0151, 0x0235, 0x563E, 0x7D9B, 0x01D5, 0x0255, 0x01B3, 0x01B3, 0x2296, 0xEF3A,
  0xF6F5, 0xF6F6, 0xF6F6, 0xFF37, 0xF716, 0xFF37, 0xFF9A, 0xFFBB, 0xFF99, 0xFFBA, 0xDF1C, 0x9D79,
  0x8D59, 0xFFFE, 0xDF1C, 0x649A, 0x0AB8, 0x02B8, 0x0319, 0x0297, 0x0215, 0x0215, 0x0215, 0x0215,
  0x01F5, 0x01D4, 0x0172, 0x2294, 0x0215, 0x01F6, 0x32D7, 0xEF19, 0xF651, 0xEE52, 0xF717, 0xEE52,
  0xEE31, 0xF693, 0xF693, 0xEDEF, 0xF693, 0xF6B4, 0xF672, 0xEE52, 0xEE31, 0xEEF9, 0x31A6, 0x736D,
  0xAD34, 0xC618, 0xD679, 0x9492, 0x2167, 0x0884, 0x73F2, 0xD6BC, 0xB5D9, 0xCE9B, 0xBDD8, 0x6BF2,
  0xBE7B, 0x8D17, 0x9DB9, 0x85FC, 0x22B7, 0x2358, 0x3398, 0x4376, 0x4B33, 0x7437, 0xBE5C, 0xFFFF,
  0xB6DE, 0x13DA, 0x0B7A, 0x0339, 0x3B77, 0x4A8D, 0x314E, 0x8B76, 0x8B75, 0x8355, 0x6294, 0x5A74,
  0x6AB4, 0x72F5, 0x7B35, 0x8355, 0x7B35, 0x7B35, 0x7B35, 0x8355, 0x8355, 0x8334, 0x8354, 0x8375,
  0x8B75, 0x93B5, 0x93F6, 0x9C16, 0x9C36, 0xA456, 0xA456, 0xA456, 0xA457, 0xA456, 0x9C36, 0x93F4,
  0x7B31, 0x7311, 0x8393, 0x93D5, 0x93D4, 0x7B52, 0x628E, 0x5A2C, 0x5A4D, 0x522C, 0x520A, 0x520A,
  0x522B, 0x62AE, 0x5A6D, 0x00A5, 0x00A5, 0x1928, 0x62B1, 0x524F, 0x524E, 0x5A4F, 0x5A4F, 0x62B1,
  0x10A5, 0x0042, 0x4F3C, 0x37FF, 0x4618, 0x0000, 0x0043, 0x0106, 0x0106, 0x00E6, 0x00E6, 0x0106,
  0x0106, 0x0106, 0x00E6, 0x0106, 0x00A4, 0x0000, 0x2209, 0x47FF, 0x3FFF, 0x3D35, 0x0000, 0x1106,
  0x222C, 0x21CA, 0x21CA, 0x21EB, 0x21EB, 0x21CA, 0x19CA, 0x21CA, 0x21EB, 0x21EB, 0x222C, 0x2A0C,
  0x4412, 0x5FFF, 0x4DB6, 0x08A6, 0x00A6, 0x4473, 0x669A, 0x5619, 0x43F0, 0x667A, 0x3C11, 0x5D96,
  0x5E7A, 0x4431, 0x565A, 0x5536, 0x677E, 0x33B0, 0x0001, 0x669A, 0x5555, 0x5597, 0x332E, 0x6659,
  0x55D8, 0x4CF4, 0x4D55, 0x55D7, 0x5E59, 0x19C9, 0x228C, 0x673C, 0x5E9A, 0x4CB3, 0x669A, 0x2A8A,
  0x54F4, 0x65F8, 0x4CD3, 0x5597, 0x0000, 0x4514, 0x3BF1, 0x5576, 0x5E9A, 0x4D35, 0x55B7, 0x00C5,
  0x5BB0, 0x341A, 0x0215, 0x01D3, 0x0152, 0x3B36, 0x4C9B, 0x0152, 0x0171, 0x00F0, 0x2B15, 0x655D,
  0x0216, 0x0256, 0x01F4, 0x0AB6, 0x2B76, 0x19F2, 0x01D3, 0x01D2, 0x01B3, 0x01D3, 0x0193, 0xD6BA,
  0xFEF5, 0xF6D5, 0xF6D5, 0xF6F6, 0xFF37, 0xF6F6, 0xF717, 0xFFFC, 0xBE9C, 0x5396, 0x0970, 0x0111,
  0x00D1, 0x6C38, 0xFFB8, 0xFF36, 0xCE38, 0x6439, 0x1B1A, 0x01F6, 0x01B5, 0x0194, 0x0194, 0x01B4,
  0x0192, 0x0172, 0x0152, 0x00F2, 0x0174, 0x4B97, 0xE6D9, 0xF6B3, 0xEE51, 0xF6B4, 0xF718, 0xEE10,
  0xEE31, 0xF6B4, 0xEE72, 0xEE10, 0xEE31, 0xF6D5, 0xF693, 0xEE52, 0xF672, 0xCE16, 0x2924, 0x8C50,
  0xB555, 0xCE59, 0xCE79, 0x8430, 0x1905, 0x08A4, 0x9537, 0xD6BC, 0xBDFB, 0xEF5E, 0xD69B, 0xADFA,
  0xBE7B, 0xA5BA, 0xBF3E, 0x33B9, 0x0297, 0x0B79, 0x0194, 0x0152, 0x0111, 0x00D0, 0x00F0, 0x3293,
  0xB61B, 0xBF1F, 0x1BFB, 0x0319, 0x5479, 0x3A0B, 0x41D0, 0x9396, 0x8B75, 0x8B76, 0x7B35, 0x8335,
  0x7B35, 0x7314, 0x7B35, 0x8354, 0x8354, 0x8374, 0x8374, 0x8375, 0x8355, 0x8354, 0x8374, 0x8374,
  0x8B75, 0x93D5, 0x93F5, 0x93F5, 0x9C16, 0x9C36, 0x9C36, 0x9C36, 0x9C36, 0x9C36, 0x9415, 0x8352,
  0x628E, 0x628E, 0x6AAF, 0x7311, 0x8393, 0x7311, 0x626D, 0x520B, 0x522C, 0x49CA, 0x41C9, 0x49EA,
  0x522C, 0x6AAF, 0x5A6D, 0x00A5, 0x00A5, 0x2128, 0x6AD1, 0x5A6F, 0x6270, 0x6270, 0x522E, 0x62B0,
  0x2969, 0x0000, 0x4555, 0x37FF, 0x479E, 0x10E4, 0x0001, 0x00E5, 0x0106, 0x00E6, 0x00E6, 0x00E6,
  0x0106, 0x0106, 0x00E5, 0x0106, 0x0083, 0x0000, 0x33F0, 0x3FFF, 0x47FF, 0x2B2D, 0x0000, 0x1989,
  0x220C, 0x21CA, 0x19CA, 0x1189, 0x1169, 0x19AA, 0x21EB, 0x21EB, 0x21EB, 0x220B, 0x222C, 0x2A0C,
  0x3C12, 0x5FFF, 0x4DB6, 0x00A5, 0x00A6, 0x4C73, 0x5EBB, 0x4DF8, 0x5535, 0x76FC, 0x5556, 0x55D8,
  0x6F9E, 0x2229, 0x5576, 0x667A, 0x667A, 0x33D0, 0x0000, 0x4D35, 0x4431, 0x5DF8, 0x338E, 0x6EBB,
  0x5DD7, 0x4493, 0x5597, 0x55F8, 0x6F3D, 0x0043, 0x2AED, 0x66BA, 0x55B7, 0x4CF4, 0x55B7, 0x21E9,
  0x5E7A, 0x66BB, 0x5555, 0x4D55, 0x0000, 0x55B7, 0x3BF1, 0x5535, 0x5618, 0x4D35, 0x3BF1, 0x0044,
  0x5B6E, 0x4C5B, 0x01F5, 0x01B2, 0x0152, 0x2AD5, 0x4C9A, 0x01B4, 0x0214, 0x0235, 0x2378, 0x653B,
  0x01F3, 0x0171, 0x0191, 0x0150, 0x00EF, 0x0131, 0x0150, 0x0131, 0x0171, 0x0172, 0x0111, 0xB5D8,
  0xFF36, 0xF6B5, 0xF6F6, 0xF6D5, 0xF6D5, 0xF6F6, 0xFFFB, 0x8CD9, 0x0111, 0x00F0, 0x0151, 0x01B2,
  0x0152, 0x42F5, 0xFFBA, 0xF6D5, 0xFED4, 0xFF56, 0xE6B8, 0xAD77, 0x7C77, 0x4B15, 0x2A74, 0x11B3,
  0x0972, 0x1192, 0x3253, 0x6394, 0xBDB7, 0xFEF4, 0xF692, 0xEE52, 0xF693, 0xFF38, 0xEE94, 0xEE10,
  0xF673, 0xF6D4, 0xEE10, 0xEE10, 0xEE10, 0xF6B4, 0xF6B4, 0xEE72, 0xFED4, 0xA4D2, 0x3944, 0x9471,
  0xB576, 0xC619, 0xCE7A, 0x73AF, 0x0884, 0x29A8, 0xB5FB, 0xBDDB, 0xCE3A, 0xDEDC, 0xADB9, 0xADD9,
  0xB63A, 0x9578, 0xBEFD, 0x5D5C, 0x039A, 0x1379, 0x01B4, 0x01F4, 0x01B3, 0x0192, 0x0171, 0x00EF,
  0x00AF, 0x5B75, 0x75FC, 0x0BDB, 0x64FA, 0x29AB, 0x5A53, 0x8B96, 0x8355, 0x8355, 0x8355, 0x8335,
  0x8B76, 0x8356, 0x93B7, 0x9BD8, 0x93B7, 0x9BD7, 0x9BD7, 0x9BF7, 0x9BF8, 0x9BF7, 0x9BF7, 0x9BF7,
  0x9C17, 0xA417, 0xA438, 0xAC58, 0xAC58, 0xAC58, 0xAC58, 0xAC78, 0xAC78, 0xAC98, 0xA458, 0x8BB4,
  0x7B31, 0x72F0, 0x7B31, 0x8B73, 0x93D5, 0x8B94, 0x8373, 0x6AD0, 0x5A6E, 0x5A6E, 0x5A6E, 0x628E,
  0x6AAF, 0x7B11, 0x6AD0, 0x00A5, 0x00A5, 0x2149, 0x72F3, 0x6AD2, 0x72F3, 0x72F2, 0x6AB1, 0x6AF3,
  0x4A2D, 0x0000, 0x332D, 0x47FF, 0x3FFF, 0x22AB, 0x0000, 0x00A4, 0x0106, 0x00E6, 0x00E6, 0x00E6,
  0x00E6, 0x00E6, 0x00E6, 0x00E5, 0x0043, 0x0001, 0x45D7, 0x37FF, 0x4FDF, 0x1987, 0x0002, 0x21EA,
  0x220B, 0x19AA, 0x324C, 0x9456, 0x6330, 0x29EA, 0x1168, 0x19AA, 0x21EB, 0x21EB, 0x220C, 0x2A0C,
  0x4432, 0x5FFF, 0x4DB6, 0x08A6, 0x0086, 0x5515, 0x5596, 0x5E19, 0x6E59, 0x4C72, 0x6E5A, 0x6618,
  0x65F8, 0x5D55, 0x5D15, 0x65D7, 0x65D7, 0x3C31, 0x0000, 0x4D96, 0x3B8F, 0x4473, 0x7F7D, 0x5493,
  0x5DB7, 0x6F1C, 0x4493, 0x5D76, 0x6659, 0x2ACC, 0x22CD, 0x5E18, 0x4CF4, 0x5D96, 0x6659, 0x4493,
  0x5DF8, 0x5D35, 0x6EBB, 0x6F7D, 0x334D, 0x5DB7, 0x4452, 0x5D35, 0x4452, 0x5DB6, 0x5535, 0x00A5,
  0x5B4D, 0x64FC, 0x01D5, 0x01B2, 0x0172, 0x1255, 0x343A, 0x0215, 0x0214, 0x0192, 0x09F3, 0x1191,
  0x0110, 0x0130, 0x0130, 0x0151, 0x0192, 0x0172, 0x0171, 0x0192, 0x0192, 0x01B3, 0x0111, 0x8CF7,
  0xFF57, 0xEEB5, 0xF6D5, 0xF6F6, 0xF6B4, 0xFFDA, 0x9519, 0x00D1, 0x0191, 0x0191, 0x0171, 0x01B2,
  0x00F1, 0x9D59, 0xFF77, 0xF694, 0xF694, 0xF694, 0xF6B3, 0xFEF4, 0xFF14, 0xFEF5, 0xF6D5, 0xDE75,
  0xD635, 0xDE54, 0xF6D5, 0xFF14, 0xFED3, 0xEE52, 0xEE31, 0xF693, 0xFF37, 0xF737, 0xEE10, 0xEE31,
  0xF6D5, 0xF673, 0xEE10, 0xEE31, 0xEE10, 0xF693, 0xF6D5, 0xEE72, 0xFF57, 0x738D, 0x49E5, 0x9CD3,
  0xAD55, 0xD65A, 0xD69B, 0x426B, 0x0023, 0x4AAD, 0xCE7D, 0xC61A, 0xCE5A, 0xD67B, 0x9D37, 0xB61A,
  0xADF9, 0xAE1A, 0xDF3D, 0xD73E, 0x2C1B, 0x02D9, 0x01F5, 0x01D4, 0x01D4, 0x0172, 0x0171, 0x0171,
  0x0171, 0x00AF, 0x19B0, 0x4D3B, 0x6D3A, 0x190A, 0x5A73, 0x8355, 0x7B35, 0x7B35, 0x7B15, 0x8B97,
  0x93B6, 0x7312, 0x5A6E, 0x5A6E, 0x5A4D, 0x5A4D, 0x5A6E, 0x5A6E, 0x626E, 0x626E, 0x626E, 0x628E,
  0x628E, 0x5A6E, 0x628E, 0x628E, 0x628E, 0x5A8E, 0x628E, 0x62AE, 0x628E, 0x62AE, 0x628E, 0x5A2C,
  0x522C, 0x522B, 0x520C, 0x522C, 0x5A2C, 0x522C, 0x49EB, 0x41EB, 0x3989, 0x3989, 0x3969, 0x3989,
  0x3989, 0x41CA, 0x3989, 0x0022, 0x0022, 0x1084, 0x398A, 0x398A, 0x41AB, 0x41AB, 0x39AA, 0x41CB,
  0x420C, 0x0021, 0x1125, 0x47BE, 0x37FF, 0x3492, 0x0000, 0x0063, 0x0106, 0x00E6, 0x00E6, 0x00E6,
  0x0106, 0x00E6, 0x0106, 0x00C5, 0x0002, 0x0883, 0x4F3C, 0x37FF, 0x46FB, 0x0043, 0x0084, 0x220B,
  0x21EB, 0x19CA, 0x326C, 0xB49D, 0xC4DF, 0xB4BC, 0x83F5, 0x324B, 0x0969, 0x21CB, 0x220B, 0x29EB,
  0x4433, 0x5FFF, 0x45B7, 0x0085, 0x0107, 0x222B, 0x224B, 0x224B, 0x2AAC, 0x08C5, 0x32AC, 0x2A8C,
  0x19EA, 0x2AAC, 0x222A, 0x19A9, 0x19C9, 0x1988, 0x0064, 0x19EA, 0x1147, 0x08E6, 0x332E, 0x0084,
  0x1A0A, 0x3BD0, 0x08E6, 0x2A4B, 0x19E9, 0x1188, 0x0927, 0x224B, 0x222A, 0x21E9, 0x330D, 0x332E,
  0x19A8, 0x1987, 0x2A8B, 0x2ACC, 0x19E9, 0x19E9, 0x19A9, 0x21EA, 0x19C9, 0x2A2A, 0x330E, 0x0065,
  0x532D, 0x64DC, 0x01B5, 0x01B3, 0x01B3, 0x1AD7, 0x2B15, 0x00EF, 0x0151, 0x0151, 0x0151, 0x0172,
  0x0192, 0x0192, 0x0172, 0x0172, 0x0172, 0x0171, 0x0172, 0x0192, 0x0192, 0x01B2, 0x0131, 0x63F6,
  0xFF99, 0xEE94, 0xF6B5, 0xEEB5, 0xFF98, 0xB63B, 0x0111, 0x0171, 0x0172, 0x0171, 0x01B2, 0x0111,
  0x4B14, 0xFF77, 0xF693, 0xF717, 0xF716, 0xF694, 0xF694, 0xEE73, 0xEE52, 0xEE52, 0xEE31, 0xF672,
  0xF692, 0xF692, 0xEE52, 0xEE52, 0xEE52, 0xEE72, 0xF6F6, 0xFF58, 0xFF58, 0xEE52, 0xEE31, 0xF672,
  0xF6D5, 0xEE30, 0xEE31, 0xEE31, 0xEE31, 0xEE52, 0xF6F6, 0xF652, 0xFF59, 0x5269, 0x5247, 0x9CD3,
  0xB576, 0xCE38, 0xC618, 0x3A0A, 0x0023, 0x73B0, 0xCE7A, 0xCE59, 0xCE39, 0xD6BB, 0x9D37, 0x9D79,
  0xA5B9, 0xB63A, 0xE75D, 0xFFFF, 0xF7BF, 0x9E7E, 0x243B, 0x02B8, 0x0257, 0x0256, 0x01F4, 0x0172,
  0x0151, 0x0191, 0x00F0, 0x2337, 0x861A, 0x088A, 0x39F2, 0x6273, 0x6AD4, 0x72D5, 0x8B97, 0x49CB,
  0x0000, 0x0000, 0x0020, 0x0020, 0x0021, 0x0021, 0x0021, 0x0021, 0x0021, 0x0021, 0x0020, 0x0041,
  0x0041, 0x0041, 0x0041, 0x0041, 0x0041, 0x0061, 0x0061, 0x0061, 0x0061, 0x0041, 0x0041, 0x0061,
  0x0061, 0x0062, 0x0062, 0x0082, 0x0082, 0x0082, 0x0082, 0x0082, 0x0082, 0x00A2, 0x00A2, 0x00A2,
  0x00A2, 0x00A2, 0x00A3, 0x10C3, 0x10C3, 0x08C3, 0x00A2, 0x08A2, 0x08A2, 0x08A2, 0x00A2, 0x0000,
  0x0000, 0x0001, 0x0001, 0x4679, 0x37FF, 0x4679, 0x0021, 0x0022, 0x00C5, 0x00E6, 0x00E5, 0x00E6,
  0x0106, 0x00E6, 0x0106, 0x00A4, 0x0001, 0x21E8, 0x4FFF, 0x3FFF, 0x4576, 0x0000, 0x1127, 0x220B,
  0x21EB, 0x19AA, 0x428D, 0xB49D, 0xAC1D, 0xB49E, 0xBC7F, 0xBCDD, 0x7BB3, 0x19A9, 0x19CB, 0x2A0C,
  0x4433, 0x5FFF, 0x4596, 0x00A6, 0x0948, 0x00E7, 0x00C7, 0x00C6, 0x00A6, 0x00E7, 0x00A6, 0x0085,
  0x0085, 0x0065, 0x0085, 0x0085, 0x0085, 0x00A5, 0x00C6, 0x0085, 0x00A6, 0x00A6, 0x0044, 0x00C6,
  0x0085, 0x0024, 0x00A6, 0x0064, 0x0065, 0x0085, 0x00A5, 0x0064, 0x0065, 0x0065, 0x0044, 0x0024,
  0x0085, 0x0085, 0x0064, 0x0044, 0x0085, 0x0085, 0x00A5, 0x0085, 0x0085, 0x0085, 0x0065, 0x0024,
  0x530C, 0x6D1C, 0x0216, 0x0A76, 0x0234, 0x1A95, 0x2AD4, 0x0131, 0x0171, 0x0171, 0x0192, 0x0192,
  0x0192, 0x0192, 0x0192, 0x0192, 0x0192, 0x0192, 0x0172, 0x0192, 0x0192, 0x01B2, 0x0152, 0x3AF4,
  0xFFDC, 0xF6B5, 0xF6B5, 0xF6D5, 0xE75C, 0x1A34, 0x0151, 0x0192, 0x0172, 0x0192, 0x0152, 0x19F3,
  0xEF19, 0xFED3, 0xF673, 0xEE51, 0xF6D5, 0xF717, 0xF6F6, 0xF6D5, 0xF6B4, 0xF693, 0xF672, 0xEE52,
  0xEE52, 0xEE52, 0xF672, 0xF693, 0xF6D5, 0xF738, 0xF717, 0xF716, 0xF694, 0xEE30, 0xEE51, 0xF6D5,
  0xEE72, 0xEE10, 0xEE31, 0xEE31, 0xEE31, 0xEE31, 0xF6D5, 0xF693, 0xE6B7, 0x3144, 0x62C9, 0xA534,
  0xBDD8, 0xD69C, 0xB5B8, 0x31EA, 0x10E6, 0xAD77, 0xBDF8, 0xC5F9, 0xD65A, 0xC619, 0x7C76, 0xA5DB,
  0x9D98, 0xAE3A, 0xB69C, 0xC6DE, 0xEF9F, 0xFFFF, 0xFFFF, 0xA6BE, 0x44BC, 0x0B19, 0x0278, 0x0297,
  0x01D4, 0x0151, 0x0171, 0x0A14, 0x7CD5, 0x088A, 0x2991, 0x4A11, 0x6AB4, 0x8397, 0x3127, 0x0882,
  0x54B3, 0x66BB, 0x673D, 0x673D, 0x673D, 0x673D, 0x5F5D, 0x675D, 0x675D, 0x5F5D, 0x5F5D, 0x5F5D,
  0x5F7D, 0x5F7D, 0x5F7D, 0x5F9E, 0x5F9E, 0x5F9E, 0x5F9E, 0x577E, 0x57BE, 0x5FFF, 0x67FF, 0x67FF,
  0x67FF, 0x5FFF, 0x5FFF, 0x57DF, 0x579E, 0x57BF, 0x57BE, 0x57BE, 0x57BE, 0x57BE, 0x57BE, 0x57BE,
  0x57BF, 0x57BE, 0x57BF, 0x57BE, 0x57BE, 0x57BE, 0x5FBF, 0x57BF, 0x57BF, 0x5FBF, 0x67BF, 0x5EFC,
  0x5535, 0x1104, 0x0000, 0x3CB3, 0x3FFF, 0x47BE, 0x1105, 0x0001, 0x00C5, 0x00E6, 0x00E5, 0x00E6,
  0x00E6, 0x00E6, 0x0106, 0x0084, 0x0000, 0x338F, 0x47FF, 0x47FF, 0x2B8F, 0x0000, 0x19A9, 0x220C,
  0x21EB, 0x1169, 0x6350, 0xBCBF, 0xAC3E, 0xAC1E, 0xB47D, 0xAC1E, 0xC4DF, 0xACD9, 0x324C, 0x19AB,
  0x4C94, 0x5FFF, 0x4DF8, 0x0044, 0x00A6, 0x00A6, 0x0086, 0x0086, 0x0086, 0x0085, 0x0085, 0x0085,
  0x0085, 0x0065, 0x0065, 0x0065, 0x0044, 0x0044, 0x0044, 0x0044, 0x0044, 0x0044, 0x0044, 0x0044,
  0x0044, 0x0044, 0x0024, 0x0044, 0x0044, 0x0044, 0x0024, 0x0044, 0x0044, 0x0044, 0x0044, 0x0044,
  0x0024, 0x0024, 0x0044, 0x0044, 0x0024, 0x0044, 0x0044, 0x0044, 0x0024, 0x0085, 0x0908, 0x0043,
  0x7CF4, 0x6D3C, 0x0112, 0x0191, 0x0192, 0x0152, 0x0152, 0x0171, 0x0171, 0x0171, 0x0172, 0x0192,
  0x0192, 0x0172, 0x0172, 0x0192, 0x0152, 0x0172, 0x0192, 0x0192, 0x0192, 0x01D4, 0x01F4, 0x1A55,
  0xF7DE, 0xF6F6, 0xF6B5, 0xFFFD, 0x5C9B, 0x0112, 0x01B2, 0x0172, 0x0192, 0x01B3, 0x0152, 0xC63A,
  0xFF35, 0xF6B5, 0xF6B4, 0xF672, 0xEE51, 0xEE51, 0xF673, 0xF6B4, 0xF6D5, 0xF6F6, 0xF716, 0xF717,
  0xF717, 0xF716, 0xF717, 0xF738, 0xF6F6, 0xEE72, 0xF694, 0xFF16, 0xEE51, 0xEE31, 0xF6B4, 0xF6B3,
  0xEE10, 0xEE31, 0xEE31, 0xEE31, 0xEE31, 0xEE30, 0xF6B4, 0xFEF5, 0xC5D6, 0x28E3, 0x7BAD, 0xC5D8,
  0xD6BC, 0x947C, 0x94F9, 0x4ACF, 0x6BB2, 0xBDDA, 0x94B7, 0xAD37, 0xB5B8, 0xA578, 0x7C98, 0xAE1B,
  0x8D37, 0x7E1D, 0x1BBA, 0x01B5, 0x11F4, 0x4315, 0x8CF8, 0xE73D, 0xFFFF, 0xE7DF, 0x859C, 0x1BBB,
  0x033A, 0x0297, 0x0193, 0x12B7, 0x84D5, 0x0868, 0x2992, 0x4A12, 0x8378, 0x522E, 0x0061, 0x7EFC,
  0x6FFF, 0x5FFF, 0x5FFF, 0x5FFF, 0x57FF, 0x57FF, 0x57FF, 0x57FF, 0x57FF, 0x57FF, 0x57FF, 0x57FF,
  0x57FF, 0x4FFF, 0x4FFF, 0x47FF, 0x4FFF, 0x4FFF, 0x47FF, 0x47FF, 0x4FBE, 0x34B2, 0x22AA, 0x1A08,
  0x1A08, 0x22EC, 0x3514, 0x47DF, 0x3FFF, 0x3FFF, 0x3FFF, 0x3FFF, 0x47FF, 0x47FF, 0x47FF, 0x47FF,
  0x47FF, 0x47FF, 0x47FF, 0x47FF, 0x47FF, 0x47FF, 0x4FFF, 0x47FF, 0x47FF, 0x4FFF, 0x4FFF, 0x57FF,
  0x67FF, 0x5EDB, 0x0841, 0x2229, 0x3FFF, 0x3FFF, 0x224A, 0x0000, 0x0084, 0x0106, 0x00E5, 0x00E5,
  0x00E5, 0x0106, 0x00E5, 0x0063, 0x0000, 0x4535, 0x3FFF, 0x4FFF, 0x19E9, 0x0001, 0x21EB, 0x21EB,
  0x220B, 0x1189, 0x6BB1, 0xBC9F, 0xA41D, 0xA41E, 0xAC3E, 0xB47E, 0xAC1D, 0xBC7F, 0xC57D, 0x3A2D,
  0x3BD2, 0x67FF, 0x57BE, 0x3C93, 0x2B6F, 0x3390, 0x2B6F, 0x2B6F, 0x338F, 0x2B6F, 0x2B6F, 0x2B6F,
  0x2B6F, 0x2B6F, 0x2B6F, 0x2B4F, 0x2B4E, 0x2B6F, 0x2B6F, 0x2B6F, 0x2B4F, 0x2B4E, 0x2B4F, 0x2B4F,
  0x2B4E, 0x2B6F, 0x2B4F, 0x2B2E, 0x2B4E, 0x2B6F, 0x2B6F, 0x2B6F, 0x2B6F, 0x2B8F, 0x2B8F, 0x2B8F,
  0x2B6F, 0x2B8F, 0x2B8F, 0x2B8F, 0x2B8F, 0x2B8F, 0x2B8F, 0x2B8F, 0x33F1, 0x228C, 0x0001, 0x636F,
  0x85BA, 0x4C79, 0x0153, 0x0192, 0x0171, 0x01B3, 0x0192, 0x0171, 0x0171, 0x0192, 0x0192, 0x0172,
  0x0193, 0x0214, 0x0AB7, 0x0B39, 0x1359, 0x1378, 0x0AB6, 0x0215, 0x0256, 0x0256, 0x02D8, 0x0277,
  0xC6FE, 0xFF79, 0xFF99, 0x855B, 0x1399, 0x01D4, 0x0192, 0x0192, 0x01B2, 0x0132, 0x7CD9, 0xFF77,
  0xF693, 0xF6F6, 0xF6D5, 0xF693, 0xEE52, 0xEE52, 0xEE31, 0xEE30, 0xEE10, 0xEE31, 0xEE31, 0xEE52,
  0xEE72, 0xEE52, 0xEE31, 0xEE10, 0xEE10, 0xEE51, 0xFF17, 0xF6B4, 0xEE10, 0xF693, 0xF6B4, 0xEE31,
  0xEE31, 0xEE31, 0xEE31, 0xEE31, 0xEE31, 0xEE31, 0xEE52, 0xFF37, 0x9471, 0x30E2, 0x8C0F, 0xBD98,
  0xC5DC, 0x8C5B, 0x6BD5, 0x3A70, 0x94B6, 0xB57A, 0x9CD7, 0xCE3C, 0xC63B, 0x8CB6, 0x8CF9, 0xADFB,
  0xA5DA, 0x5D5C, 0x0237, 0x0236, 0x01D4, 0x0132, 0x00AF, 0x0150, 0x4B35, 0xADBA, 0xFFFF, 0xD77F,
  0x2C7B, 0x141B, 0x0235, 0x1B19, 0x94F5, 0x0048, 0x39D3, 0x6295, 0x8B97, 0x0822, 0x54D3, 0x6FFF,
  0x57DF, 0x5FFF, 0x5FFF, 0x57FF, 0x57FF, 0x57FF, 0x57FF, 0x57FF, 0x57FF, 0x57FF, 0x57FF, 0x57FF,
  0x4FFF, 0x4FFF, 0x4FFF, 0x4FFF, 0x4FFF, 0x47DF, 0x4FFF, 0x3CF4, 0x1104, 0x2249, 0x3492, 0x3DB7,
  0x3DB6, 0x3451, 0x2249, 0x1966, 0x3514, 0x47FF, 0x3FDF, 0x3FFF, 0x47FF, 0x47FF, 0x47FF, 0x47FF,
  0x47FF, 0x47FF, 0x47FF, 0x47FF, 0x47FF, 0x47FF, 0x47FF, 0x4FFF, 0x4FFF, 0x4FFF, 0x4FFF, 0x57FF,
  0x57DF, 0x6FFF, 0x2A8B, 0x0841, 0x479E, 0x3FFF, 0x33F0, 0x0000, 0x0083, 0x00E6, 0x00E5, 0x00E5,
  0x00E5, 0x0106, 0x00C5, 0x0022, 0x0022, 0x4E9A, 0x3FFF, 0x4F5D, 0x08A4, 0x0064, 0x220B, 0x21CA,
  0x21EB, 0x11AA, 0x52EF, 0xB47E, 0xA41D, 0xB49E, 0xA3FD, 0xB47E, 0xAC3E, 0xB47E, 0xB45F, 0xC53C,
  0x29EA, 0x569B, 0x67FF, 0x5FFF, 0x5FFF, 0x5FFF, 0x5FFF, 0x5FFF, 0x5FFF, 0x5FFF, 0x57FF, 0x5FFF,
  0x57FF, 0x57FF, 0x57FF, 0x57FF, 0x57FF, 0x57FF, 0x57FF, 0x57FF, 0x57FF, 0x57FF, 0x57FF, 0x57FF,
  0x57FF, 0x57FF, 0x57FF, 0x4FFF, 0x4FFF, 0x4FFF, 0x57FF, 0x57FF, 0x57FF, 0x4FFF, 0x57FF, 0x57FF,
  0x57FF, 0x57FF, 0x57FF, 0x57FF, 0x57FF, 0x57FF, 0x5FFF, 0x5FFF, 0x67BE, 0x0926, 0x52AC, 0xF7BD,
  0x6CB9, 0x4CBB, 0x0194, 0x0214, 0x01B3, 0x0192, 0x0192, 0x0192, 0x0192, 0x0172, 0x0193, 0x0276,
  0x139A, 0x1C3C, 0x1C7C, 0x245C, 0x12F7, 0x01B3, 0x0172, 0x0172, 0x0193, 0x01D4, 0x0277, 0x01F5,
  0x2AF8, 0xFFFE, 0x8DBB, 0x00F1, 0x0214, 0x0AF8, 0x0192, 0x01B2, 0x0131, 0x3AF6, 0xFF9A, 0xF672,
  0xF694, 0xF6D5, 0xF6F6, 0xF716, 0xF694, 0xEE31, 0xEE51, 0xEE51, 0xEE31, 0xEE31, 0xEE31, 0xEE31,
  0xEE31, 0xEE31, 0xEE31, 0xEE51, 0xEE31, 0xF6B4, 0xF6F6, 0xEE31, 0xF6B4, 0xF6D4, 0xEE51, 0xEE31,
  0xEE31, 0xEE31, 0xEE31, 0xEE51, 0xEE51, 0xEE51, 0xEE31, 0xFF59, 0x632C, 0x4183, 0x9C91, 0xAD58,
  0xBD7B, 0xA51B, 0x3A2E, 0x194B, 0x9D1A, 0xB599, 0xAD36, 0xC5FA, 0xAD99, 0x8CB6, 0x84B7, 0xA61B,
  0x9E1B, 0xB6BE, 0x0196, 0x01D5, 0x0235, 0x01F4, 0x01B3, 0x0151, 0x00F0, 0x00D0, 0x19D2, 0x9519,
  0xB6FE, 0x1C5B, 0x02B8, 0x2BBA, 0x6BD1, 0x10AB, 0x7B36, 0x8B77, 0x7B34, 0x0821, 0x66FB, 0x5FFF,
  0x5FFF, 0x5FFF, 0x57FF, 0x57FF, 0x57FF, 0x57FF, 0x4FFF, 0x4FFF, 0x4FFF, 0x4FFF, 0x4FFF, 0x4FFF,
  0x4FFF, 0x4FFF, 0x4FFF, 0x47FF, 0x3FFF, 0x47FF, 0x3431, 0x08E4, 0x4638, 0x47FF, 0x4FFF, 0x4659,
  0x4659, 0x4FFF, 0x47FF, 0x4659, 0x11C7, 0x2BAF, 0x4FFF, 0x3FFF, 0x3FFF, 0x47FF, 0x47FF, 0x47FF,
  0x47FF, 0x3FFF, 0x3FFF, 0x47FF, 0x47FF, 0x47FF, 0x47FF, 0x47FF, 0x4FFF, 0x47FF, 0x4FFF, 0x57FF,
  0x57DF, 0x67FF, 0x3BF0, 0x0000, 0x467A, 0x3FFF, 0x3D76, 0x0000, 0x0063, 0x00E5, 0x00E6, 0x00E6,
  0x00E5, 0x0106, 0x00A4, 0x0001, 0x10E5, 0x4F9E, 0x3FFF, 0x4639, 0x0001, 0x08E5, 0x222C, 0x21CA,
  0x21EB, 0x19CA, 0x3A6C, 0xB4BD, 0xAC1E, 0xAC3E, 0xB45E, 0xAC5E, 0xB49E, 0xB49E, 0xB49E, 0xD53F,
  0x8C14, 0x0928, 0x44D5, 0x567B, 0x56DC, 0x56BB, 0x56BB, 0x56BB, 0x4EBB, 0x4EBB, 0x4EBB, 0x4EBB,
  0x4EBB, 0x4EBB, 0x4EBB, 0x4EBB, 0x4E9B, 0x4EBB, 0x4E9B, 0x469B, 0x469B, 0x469B, 0x469A, 0x469A,
  0x469A, 0x469A, 0x469A, 0x469A, 0x469A, 0x467A, 0x469A, 0x467A, 0x467A, 0x467A, 0x469A, 0x467A,
  0x467A, 0x467A, 0x467A, 0x467A, 0x4E9A, 0x4E9A, 0x467A, 0x66FC, 0x11A8, 0x39E9, 0xFFBB, 0xFF9A,
  0x7CD9, 0x449A, 0x01D5, 0x01B3, 0x0192, 0x0192, 0x01B3, 0x0172, 0x0151, 0x0A55, 0x141B, 0x1C9C,
  0x1C9C, 0x243B, 0x1B58, 0x09D3, 0x0131, 0x0172, 0x0132, 0x0215, 0x1379, 0x1BB9, 0x1338, 0x1297,
  0x4BD8, 0x8E3D, 0x1275, 0x0151, 0x0171, 0x01D4, 0x0215, 0x01B3, 0x0992, 0xD6BB, 0xFEB2, 0xF673,
  0xF672, 0xF672, 0xF672, 0xF6B4, 0xF6D5, 0xF693, 0xEE31, 0xEE31, 0xEE31, 0xEE31, 0xEE31, 0xEE31,
  0xEE31, 0xEE31, 0xEE31, 0xEE31, 0xF6B4, 0xF6B4, 0xEE31, 0xEE52, 0xF6B3, 0xF652, 0xEE31, 0xEE31,
  0xEE31, 0xEE31, 0xEE51, 0xEE51, 0xEE51, 0xEE51, 0xEE30, 0xF719, 0x4207, 0x6287, 0xA513, 0x9CD8,
  0xBD9D, 0xAD5B, 0x112B, 0x42F2, 0x8458, 0x9498, 0xA517, 0xCE3B, 0xA57B, 0x7C56, 0x8CD8, 0x84F8,
  0xA63C, 0xFFFF, 0xB69E, 0x2379, 0x0257, 0x01D5, 0x01B3, 0x01B3, 0x01B3, 0x01B3, 0x0152, 0x00D0,
  0x1AD6, 0x2C7B, 0x0298, 0x441A, 0x4AAD, 0x190D, 0x7B56, 0x8B97, 0x6AD2, 0x0020, 0x5EFB, 0x5FFF,
  0x57FF, 0x57FF, 0x5FFF, 0x5FFF, 0x57FF, 0x57FF, 0x4FFF, 0x4FFF, 0x4FFF, 0x4FFF, 0x4FFF, 0x4FFF,
  0x4FFF, 0x47FF, 0x47FF, 0x47FF, 0x47FF, 0x3D96, 0x10A3, 0x4F5D, 0x3FFF, 0x3FFF, 0x4659, 0x0000,
  0x0000, 0x3E39, 0x37FF, 0x3FFF, 0x47FF, 0x19E8, 0x3451, 0x47FF, 0x3FFF, 0x3FFF, 0x3FFF, 0x3FFF,
  0x47FF, 0x3FFF, 0x3FFF, 0x3FFF, 0x47FF, 0x47FF, 0x47FF, 0x47FF, 0x4FFF, 0x4FFF, 0x4FFF, 0x57FF,
  0x57DF, 0x67FF, 0x4CB3, 0x0000, 0x4535, 0x37FF, 0x3EBB, 0x0021, 0x0022, 0x00C5, 0x00E6, 0x00E5,
  0x00E5, 0x0106, 0x0084, 0x0000, 0x2209, 0x47FF, 0x3FFF, 0x3CF4, 0x0000, 0x1147, 0x220C, 0x21EB,
  0x21EB, 0x21EB, 0x19C9, 0xAC99, 0xBCBF, 0xA41E, 0xB49E, 0xB47E, 0xBCDE, 0xBCBE, 0xC4FE, 0xBCDE,
  0xD57E, 0x324B, 0x0908, 0x218A, 0x21EB, 0x21CB, 0x21CB, 0x21EB, 0x21CB, 0x21CB, 0x21CB, 0x21CA,
  0x21AA, 0x21CB, 0x21EB, 0x21AA, 0x198A, 0x1989, 0x1969, 0x1969, 0x1969, 0x1149, 0x1148, 0x1128,
  0x1128, 0x1128, 0x1128, 0x1128, 0x1107, 0x1107, 0x1107, 0x1128, 0x1107, 0x1127, 0x1107, 0x1107,
  0x1107, 0x1107, 0x1128, 0x1128, 0x1128, 0x1128, 0x19CA, 0x2A4B, 0x2127, 0xEF3A, 0xF716, 0xFFBA,
  0x749A, 0x343A, 0x0216, 0x01D3, 0x0172, 0x0172, 0x0152, 0x01F4, 0x13BA, 0x1CBD, 0x247C, 0x1BBA,
  0x0A96, 0x01D4, 0x01D4, 0x01B3, 0x01B3, 0x0174, 0x2B79, 0x4C17, 0x1A53, 0x0971, 0x1234, 0x43F9,
  0x33F9, 0x3B77, 0x1A13, 0x0172, 0x0192, 0x01B3, 0x0214, 0x00F1, 0x84D9, 0xFF56, 0xEE31, 0xF652,
  0xEE52, 0xF672, 0xEE51, 0xEE31, 0xEE52, 0xF672, 0xEE51, 0xEE31, 0xEE31, 0xEE31, 0xEE31, 0xEE31,
  0xEE31, 0xEE31, 0xEE31, 0xF693, 0xF693, 0xEE31, 0xEE51, 0xEE51, 0xEE31, 0xF652, 0xEE51, 0xEE31,
  0xEE31, 0xEE51, 0xF652, 0xEE51, 0xEE31, 0xEE31, 0xF651, 0xE697, 0x3984, 0x734B, 0x9CD4, 0x9CB8,
  0xBD9E, 0x8C98, 0x08EB, 0x5375, 0x8CB7, 0x7BF6, 0xBDDA, 0xB59B, 0x9D5B, 0x7435, 0xA5BA, 0xA61B,
  0xAE7C, 0xEFBF, 0xFFFF, 0xDFDF, 0x657D, 0x44BB, 0x0277, 0x01B5, 0x01D4, 0x0193, 0x0193, 0x01B3,
  0x0131, 0x1A34, 0x1339, 0x445B, 0x298A, 0x3190, 0x8356, 0x8B97, 0x72F3, 0x0000, 0x5EDB, 0x5FFF,
  0x57FF, 0x57FF, 0x5FFF, 0x57FF, 0x57FF, 0x4FFF, 0x4FFF, 0x4FFF, 0x4FFF, 0x47FF, 0x47FF, 0x47FF,
  0x47FF, 0x47FF, 0x47FF, 0x3FFF, 0x4FDF, 0x1125, 0x4618, 0x47FF, 0x3FBE, 0x47FF, 0x3DB6, 0x0000,
  0x0000, 0x3535, 0x3FFF, 0x3FDF, 0x3FFF, 0x4F9E, 0x1145, 0x46FB, 0x3FFF, 0x3FFF, 0x3FFF, 0x3FFF,
  0x47FF, 0x3FFF, 0x3FFF, 0x3FFF, 0x47FF, 0x47FF, 0x47FF, 0x4FFF, 0x4FFF, 0x4FFF, 0x4FFF, 0x4FFF,
  0x57DF, 0x67FF, 0x4C92, 0x0000, 0x33CF, 0x3FFF, 0x3F9E, 0x10E4, 0x0001, 0x00C4, 0x00E6, 0x00E5,
  0x00E5, 0x00E6, 0x0063, 0x0000, 0x334E, 0x47FF, 0x3FFF, 0x3410, 0x0000, 0x19A9, 0x220C, 0x21EB,
  0x21EB, 0x220B, 0x11A9, 0x7392, 0xCD1F, 0xB47E, 0xAC5E, 0xB47E, 0xBCDE, 0xC51E, 0xC51E, 0xC4FE,
  0xCD1F, 0x8C15, 0x0989, 0x19EB, 0x19AA, 0x118A, 0x11AA, 0x11AA, 0x1189, 0x198A, 0x118A, 0x118A,
  0x1169, 0x0948, 0x0928, 0x0928, 0x0928, 0x0928, 0x0948, 0x0928, 0x0927, 0x0907, 0x0907, 0x0907,
  0x0907, 0x0907, 0x00E7, 0x00E6, 0x00E6, 0x00E6, 0x00E6, 0x00E6, 0x00E6, 0x00E6, 0x00E6, 0x00E6,
  0x00E6, 0x00E6, 0x00E6, 0x00E6, 0x0907, 0x00C6, 0x3A8C, 0x320A, 0xC616, 0xFF78, 0xF718, 0xFFBA,
  0x7CDA, 0x2C5A, 0x0236, 0x0256, 0x0215, 0x0215, 0x1338, 0x141B, 0x1378, 0x0A96, 0x0214, 0x0193,
  0x01D4, 0x0236, 0x01D4, 0x0193, 0x01D4, 0x44DB, 0x53D6, 0x090F, 0x0130, 0x0172, 0x01B3, 0x0152,
  0x0173, 0x3B36, 0x0193, 0x01B2, 0x0192, 0x01B2, 0x0172, 0x2234, 0xF77B, 0xF651, 0xEE52, 0xEE31,
  0xEE51, 0xEE51, 0xEE51, 0xEE51, 0xEE51, 0xEE51, 0xEE31, 0xEE31, 0xEE31, 0xEE31, 0xEE31, 0xEE31,
  0xEE52, 0xF672, 0xF693, 0xF672, 0xEE30, 0xEE51, 0xEE51, 0xEE51, 0xF672, 0xF652, 0xEE51, 0xEE31,
  0xEE31, 0xEE51, 0xF652, 0xEE51, 0xEE51, 0xEE31, 0xFEB3, 0xC5D6, 0x28E2, 0x944F, 0x9CF4, 0xAD38,
  0xC5DD, 0x52D1, 0x114C, 0x5B95, 0x8455, 0xA516, 0xBDFC, 0x8479, 0x9D5A, 0x7C97, 0x9DDB, 0x9DDB,
  0xAE7C, 0x44DC, 0x54BB, 0xAD9A, 0xEF7E, 0xFFFF, 0xAEFF, 0x3C5B, 0x0236, 0x01F4, 0x01B3, 0x01D4,
  0x01D3, 0x0152, 0x1AD6, 0x753B, 0x212A, 0x5253, 0x7B36, 0x7B36, 0x6AB2, 0x0000, 0x5EDB, 0x57FF,
  0x57FF, 0x57FF, 0x57FF, 0x57FF, 0x57FF, 0x4FFF, 0x4FFF, 0x4FFF, 0x47FF, 0x47FF, 0x47FF, 0x47FF,
  0x47FF, 0x47FF, 0x3FFF, 0x47FF, 0x3D55, 0x2208, 0x57FF, 0x3FDF, 0x3FFF, 0x47FF, 0x45D7, 0x0000,
  0x0000, 0x3D96, 0x3FFF, 0x3FFF, 0x3FDF, 0x4FFF, 0x2BF0, 0x2B6E, 0x4FFF, 0x3FDF, 0x3FFF, 0x3FFF,
  0x3FFF, 0x3FFF, 0x3FFF, 0x3FFF, 0x3FFF, 0x47FF, 0x47FF, 0x4FFF, 0x4FFF, 0x4FFF, 0x4FFF, 0x57FF,
  0x57DF, 0x67FF, 0x43F0, 0x0000, 0x2A8B, 0x47FF, 0x3FFF, 0x2229, 0x0000, 0x0084, 0x00E6, 0x00E5,
  0x00E5, 0x00E5, 0x0043, 0x0000, 0x3C92, 0x3FFF, 0x47FF, 0x22EC, 0x0001, 0x220B, 0x2A2C, 0x220B,
  0x220B, 0x21EB, 0x19EB, 0x2A2C, 0xC55D, 0xBC9E, 0xB49E, 0xB4BE, 0xBCBE, 0xCD5E, 0xCD3E, 0xCD7E,
  0xBCBF, 0xB49B, 0x21E9, 0x19CB, 0x19AA, 0x19AA, 0x118A, 0x19AA, 0x19AA, 0x0949, 0x0107, 0x0947,
  0x21A9, 0x2A0A, 0x320B, 0x320B, 0x29CA, 0x0927, 0x00E6, 0x00E7, 0x0928, 0x0907, 0x0907, 0x0907,
  0x08E7, 0x08E7, 0x08E7, 0x00E7, 0x00E6, 0x00C6, 0x00E6, 0x00E6, 0x00C6, 0x00C6, 0x00C6, 0x00C6,
  0x00C6, 0x00C6, 0x00C6, 0x00E6, 0x0907, 0x0907, 0x52CC, 0x94B3, 0xFF77, 0xF6F6, 0xF738, 0xFFB9,
  0x957B, 0x241A, 0x0A97, 0x0172, 0x01D3, 0x0235, 0x0A55, 0x0172, 0x0151, 0x0193, 0x0193, 0x0235,
  0x0235, 0x0192, 0x0193, 0x01D4, 0x455D, 0x53F6, 0x00AF, 0x0192, 0x0192, 0x0192, 0x0192, 0x0172,
  0x01D3, 0x0235, 0x01B3, 0x01B3, 0x0192, 0x01B2, 0x00F0, 0x955A, 0xFF35, 0xEE11, 0xEE51, 0xEE51,
  0xEE51, 0xEE51, 0xEE31, 0xEE31, 0xEE31, 0xEE31, 0xEE31, 0xEE31, 0xEE31, 0xEE31, 0xEE31, 0xEE31,
  0xEE52, 0xEE52, 0xEE31, 0xEE31, 0xEE51, 0xEE51, 0xEE51, 0xF652, 0xF672, 0xEE51, 0xEE51, 0xEE31,
  0xEE31, 0xF652, 0xF672, 0xEE51, 0xEE52, 0xEE10, 0xFF15, 0x9CB2, 0x3943, 0x9CB1, 0xAD55, 0xB576,
  0xD67D, 0x4290, 0x19AE, 0x7436, 0x8433, 0x7C33, 0xAD78, 0x94FA, 0x94D9, 0x84B7, 0x95DB, 0x9DDB,
  0x7DFD, 0x3CBC, 0x139A, 0x01D4, 0x1191, 0x63B6, 0xEF3D, 0xFFFF, 0x757C, 0x02B8, 0x0215, 0x01B4,
  0x01B3, 0x01B3, 0x0A76, 0x8538, 0x10A9, 0x62B4, 0x7315, 0x6AD6, 0x5A71, 0x0000, 0x5EDB, 0x5FFF,
  0x5FFF, 0x5FFF, 0x57FF, 0x57FF, 0x57FF, 0x57FF, 0x4FFF, 0x4FFF, 0x4FFF, 0x47FF, 0x47FF, 0x47FF,
  0x3FFF, 0x47FF, 0x3FDF, 0x47FF, 0x230C, 0x3410, 0x4FFF, 0x3FDF, 0x47FF, 0x47FF, 0x4E59, 0x0000,
  0x0000, 0x4679, 0x3FFF, 0x3FFF, 0x3FFF, 0x3FFF, 0x3E39, 0x19C8, 0x4FFF, 0x3FFF, 0x3FFF, 0x3FFF,
  0x3FFF, 0x3FFF, 0x3FFF, 0x47FF, 0x47FF, 0x47FF, 0x47FF, 0x4FFF, 0x4FFF, 0x57FF, 0x57FF, 0x57FF,
  0x57DF, 0x67FF, 0x3B6E, 0x0000, 0x19A7, 0x47DF, 0x3FFF, 0x2B6E, 0x0000, 0x0063, 0x00E6, 0x00E5,
  0x00E5, 0x00C5, 0x0042, 0x0001, 0x45B7, 0x3FFF, 0x4FFF, 0x11C8, 0x0023, 0x2A2C, 0x11A9, 0x1189,
  0x19EB, 0x220C, 0x2A0C, 0x118A, 0x7BF3, 0xDDBF, 0xBCDE, 0xBCDE, 0xC51E, 0xC4FE, 0xD5BF, 0xCD7E,
  0xBC9E, 0xC4FD, 0x322B, 0x11AA, 0x19AA, 0x19AA, 0x19CB, 0x1169, 0x0968, 0x428D, 0x7BB3, 0x9C58,
  0xAC9B, 0xB49D, 0xB45E, 0xAC3E, 0xAC1D, 0x8BB8, 0x6B12, 0x31EA, 0x00C5, 0x00C7, 0x0908, 0x0907,
  0x0907, 0x08E7, 0x08E7, 0x08E7, 0x00E6, 0x00E6, 0x00E6, 0x00E6, 0x00E6, 0x00C6, 0x00E6, 0x00C6,
  0x00C6, 0x00C6, 0x00C6, 0x08E7, 0x00A6, 0x29A9, 0x8472, 0xEEF7, 0xF737, 0xFF59, 0xF717, 0xFFB9,
  0xA59B, 0x23DA, 0x12F7, 0x0152, 0x0151, 0x0131, 0x0131, 0x0192, 0x01B3, 0x01B3, 0x0235, 0x01F4,
  0x0172, 0x0193, 0x01D4, 0x249C, 0x64F9, 0x00EF, 0x0192, 0x0192, 0x0192, 0x0192, 0x0192, 0x0192,
  0x0192, 0x01F4, 0x01F4, 0x01D3, 0x0192, 0x0151, 0x1A14, 0xEEF8, 0xF651, 0xEE52, 0xEE51, 0xEE31,
  0xEE51, 0xEE31, 0xEE31, 0xEE31, 0xEE31, 0xEE31, 0xEE31, 0xEE31, 0xEE31, 0xEE31, 0xEE31, 0xEE31,
  0xEE31, 0xEE31, 0xEE31, 0xEE31, 0xEE31, 0xEE51, 0xEE51, 0xEE51, 0xEE51, 0xEE31, 0xEE31, 0xEE31,
  0xEE31, 0xF652, 0xF672, 0xF652, 0xEE52, 0xEE10, 0xFF36, 0x6B4D, 0x5205, 0x9CB1, 0x94B4, 0xA517,
  0xCE5C, 0x320D, 0x220F, 0x8497, 0x7C15, 0x8475, 0x7C34, 0x94D9, 0x8CB7, 0x6BF5, 0x8D19, 0x959A,
  0x95FB, 0x3C3A, 0x02F9, 0x0277, 0x0193, 0x00F1, 0x0972, 0x9539, 0xFFFF, 0x75FD, 0x035A, 0x0AD8,
  0x0297, 0x01B4, 0x2B9A, 0x6413, 0x0069, 0x5A95, 0x62B5, 0x6295, 0x5A71, 0x0000, 0x5EDB, 0x57FF,
  0x5FFF, 0x57FF, 0x57FF, 0x57FF, 0x57FF, 0x57FF, 0x4FFF, 0x4FFF, 0x47FF, 0x47FF, 0x47FF, 0x47FF,
  0x3FFF, 0x47FF, 0x3FDF, 0x4FFF, 0x228A, 0x3CD3, 0x47FF, 0x47DF, 0x47FF, 0x47FF, 0x46DB, 0x0021,
  0x0021, 0x46FB, 0x3FFF, 0x3FFF, 0x3FFF, 0x3FFF, 0x3EFB, 0x1987, 0x4FFF, 0x3FFF, 0x3FFF, 0x3FFF,
  0x3FFF, 0x3FFF, 0x47FF, 0x47FF, 0x47FF, 0x47FF, 0x47FF, 0x4FFF, 0x4FFF, 0x57FF, 0x57FF, 0x57FF,
  0x57DF, 0x67FF, 0x334D, 0x0000, 0x08C4, 0x475D, 0x37FF, 0x3492, 0x0000, 0x0042, 0x00E5, 0x00E5,
  0x00E5, 0x00A4, 0x0022, 0x0021, 0x467A, 0x37FF, 0x579E, 0x08C4, 0x10E5, 0xA4B9, 0x9C96, 0x6B91,
  0x322B, 0x1189, 0x220B, 0x220C, 0x21EA, 0xC57A, 0xD57F, 0xC4FE, 0xCD3E, 0xC53E, 0xD59E, 0xD59E,
  0xC4DE, 0xC51E, 0x428C, 0x118A, 0x19CB, 0x19CB, 0x0948, 0x3A6C, 0x9C37, 0xC4DE, 0xC4DF, 0xBC7F,
  0xB43F, 0xA3DE, 0xA3BE, 0xA3BE, 0xA3DE, 0xA3BF, 0xABFF, 0xA3DD, 0x8376, 0x3A4C, 0x08E7, 0x0907,
  0x0907, 0x0907, 0x08E7, 0x08E7, 0x00E7, 0x00E7, 0x00E6, 0x00E6, 0x00E6, 0x00E6, 0x00C6, 0x00C6,
  0x00C6, 0x00C6, 0x00C6, 0x0907, 0x0065, 0x6B8F, 0xE6F7, 0xFF79, 0xFF79, 0xF737, 0xF717, 0xFF98,
  0xBE5C, 0x1BDA, 0x1B38, 0x01B3, 0x0192, 0x0192, 0x0192, 0x0192, 0x01B3, 0x01D3, 0x01B2, 0x0171,
  0x01B3, 0x01B3, 0x0339, 0x5D9C, 0x2A32, 0x0152, 0x0192, 0x0192, 0x0192, 0x0192, 0x0192, 0x0192,
  0x0192, 0x0192, 0x0215, 0x01D3, 0x0192, 0x0152, 0x853B, 0xFEF4, 0xEE11, 0xEE51, 0xEE31, 0xEE31,
  0xEE31, 0xEE31, 0xEE31, 0xEE51, 0xEE31, 0xEE31, 0xEE31, 0xEE31, 0xEE31, 0xEE31, 0xEE31, 0xEE31,
  0xEE31, 0xEE31, 0xEE31, 0xEE31, 0xEE31, 0xEE31, 0xEE51, 0xEE31, 0xEE31, 0xEE31, 0xEE31, 0xEE31,
  0xEE31, 0xF672, 0xF672, 0xF652, 0xEE52, 0xEE10, 0xFF17, 0x41C7, 0x62A7, 0x8C50, 0x8C74, 0xB579,
  0xC5FA, 0x218B, 0x42D2, 0x8CB6, 0x7C57, 0x8474, 0x7C36, 0x8CF8, 0x7414, 0x8D18, 0x7C76, 0x84F8,
  0xB67B, 0x651B, 0x0217, 0x02D8, 0x0235, 0x01D3, 0x0193, 0x0111, 0x4335, 0xBE7C, 0x863E, 0x1C7C,
  0x0B9A, 0x0298, 0x549B, 0x426D, 0x008C, 0x5AB5, 0x62B5, 0x6296, 0x5272, 0x0000, 0x56BB, 0x57FF,
  0x57FF, 0x57FF, 0x57FF, 0x57FF, 0x57FF, 0x57FF, 0x4FFF, 0x4FFF, 0x4FFF, 0x47FF, 0x47FF, 0x47FF,
  0x3FFF, 0x3FFF, 0x3FDF, 0x4FFF, 0x1AAB, 0x3CB3, 0x47FF, 0x47DF, 0x47FF, 0x47FF, 0x4F5D, 0x0021,
  0x0000, 0x4F5D, 0x3FFF, 0x3FFF, 0x37FF, 0x37FF, 0x3E59, 0x2209, 0x47FF, 0x3FFF, 0x3FFF, 0x47FF,
  0x3FFF, 0x3FFF, 0x47FF, 0x47FF, 0x47FF, 0x47FF, 0x4FFF, 0x4FFF, 0x4FFF, 0x57FF, 0x57FF, 0x5FFF,
  0x5FDF, 0x6FFF, 0x334D, 0x0022, 0x0021, 0x467A, 0x37FF, 0x3DB7, 0x0000, 0x0042, 0x00C5, 0x00E6,
  0x00E6, 0x00A4, 0x0001, 0x10A4, 0x4F5D, 0x37FF, 0x4EDB, 0x0022, 0x2987, 0xDDBF, 0xD53F, 0xDD9F,
  0xCD7D, 0x8413, 0x21EB, 0x19CB, 0x19EB, 0x42AD, 0xE63E, 0xCD5F, 0xCD5E, 0xD59E, 0xD5BE, 0xD5BE,
  0xC4FE, 0xCD5E, 0x3A6C, 0x11AA, 0x19AB, 0x1148, 0x73D2, 0xD59E, 0xC4BF, 0xBC7E, 0xB45E, 0xAC1E,
  0xA3FE, 0xAC1E, 0xAC3E, 0xB45E, 0xB45E, 0xA3DD, 0x9B9E, 0xA3DF, 0x9418, 0x426C, 0x0907, 0x0907,
  0x0907, 0x0907, 0x08E7, 0x00E7, 0x00E7, 0x00E7, 0x00E7, 0x00E6, 0x00E7, 0x00E7, 0x00E6, 0x00C6,
  0x00C6, 0x00C6, 0x08E6, 0x00C6, 0x1127, 0xDE76, 0xFF58, 0xFF9B, 0xF737, 0xF737, 0xF738, 0xFF58,
  0xD6FC, 0x241B, 0x1B99, 0x0193, 0x01B3, 0x0192, 0x0192, 0x0192, 0x0192, 0x0192, 0x0172, 0x0192,
  0x0193, 0x0215, 0x24BD, 0x5C78, 0x0131, 0x0192, 0x0192, 0x0192, 0x0192, 0x0192, 0x0192, 0x01B2,
  0x01B3, 0x01B3, 0x01B3, 0x01B3, 0x0152, 0x1AD8, 0xEF3A, 0xF630, 0xEE51, 0xEE31, 0xEE31, 0xEE31,
  0xEE31, 0xEE31, 0xEE31, 0xEE31, 0xEE31, 0xEE31, 0xEE31, 0xEE31, 0xEE31, 0xEE31, 0xEE31, 0xEE31,
  0xEE31, 0xEE31, 0xEE31, 0xEE31, 0xEE31, 0xEE31, 0xEE31, 0xEE31, 0xEE31, 0xEE31, 0xEE31, 0xEE31,
  0xEE51, 0xF693, 0xF672, 0xF652, 0xEE51, 0xF651, 0xDE77, 0x20E3, 0x7B6B, 0x9492, 0xAD35, 0xBDF7,
  0xA536, 0x114A, 0x5B94, 0x9CF7, 0x94F6, 0x6BD2, 0x6B92, 0x8CD7, 0x5332, 0x7C77, 0x7456, 0x8D18,
  0xAE5B, 0xDF5D, 0x751B, 0x02D8, 0x02D8, 0x01F4, 0x01B3, 0x01D4, 0x0152, 0x0112, 0x63B6, 0x4CDB,
  0x0319, 0x0339, 0x8D9B, 0x216A, 0x10EE, 0x5A95, 0x5275, 0x5276, 0x5272, 0x0000, 0x56BB, 0x57FF,
  0x57FF, 0x57FF, 0x57FF, 0x57FF, 0x57FF, 0x4FFF, 0x4FFF, 0x4FFF, 0x4FFF, 0x47FF, 0x47FF, 0x3FFF,
  0x3FFF, 0x3FFF, 0x3FDF, 0x47FF, 0x2BCF, 0x2B0D, 0x4FFF, 0x3FDF, 0x47FF, 0x47FF, 0x57FF, 0x3C72,
  0x3410, 0x47FF, 0x37FF, 0x3FFF, 0x37DF, 0x47FF, 0x3472, 0x2B4D, 0x4FFF, 0x3FDF, 0x3FFF, 0x3FFF,
  0x3FFF, 0x3FFF, 0x47FF, 0x47FF, 0x47FF, 0x47FF, 0x47FF, 0x4FFF, 0x4FFF, 0x57FF, 0x57FF, 0x5FFF,
  0x5FFF, 0x6FFF, 0x2ACC, 0x0925, 0x0000, 0x3D76, 0x37FF, 0x46BA, 0x0042, 0x0001, 0x00A4, 0x00E6,
  0x0106, 0x0084, 0x0001, 0x21C8, 0x4FFF, 0x3FFF, 0x4618, 0x0000, 0x424B, 0xD57F, 0xCD7E, 0xCD3E,
  0xCD3E, 0xE5BF, 0xC57B, 0x42CD, 0x19AB, 0x11AB, 0x6BB1, 0xE61F, 0xCD5E, 0xDDDE, 0xDDFF, 0xDDDE,
  0xCD3F, 0xCD7C, 0x2A0B, 0x19AB, 0x1189, 0x9CB6, 0xE5BF, 0xC4DE, 0xC4FE, 0xB47E, 0xABFE, 0xAC3E,
  0xB47E, 0xAC1E, 0xA3FE, 0xA3FE, 0xA3FE, 0xABFF, 0x9C1B, 0x52AE, 0x0926, 0x00E7, 0x0928, 0x0907,
  0x0907, 0x0907, 0x08E7, 0x08E7, 0x00E7, 0x00E7, 0x08E7, 0x00E7, 0x00E7, 0x00E7, 0x00E6, 0x00E6,
  0x00C6, 0x00C6, 0x08E7, 0x0064, 0x73AF, 0xFFBB, 0xFFBC, 0xFF38, 0xF717, 0xF717, 0xF6F7, 0xF717,
  0xEF3B, 0x341A, 0x13BA, 0x01B3, 0x01D3, 0x01B3, 0x01B3, 0x0192, 0x0192, 0x0192, 0x0192, 0x01B3,
  0x0193, 0x0297, 0x351D, 0x3AF4, 0x0131, 0x0192, 0x0192, 0x0192, 0x01B2, 0x01B3, 0x01B2, 0x01B3,
  0x01B3, 0x01B3, 0x01B3, 0x0192, 0x01D4, 0x961D, 0xFEF3, 0xEE10, 0xEE51, 0xEE31, 0xEE31, 0xEE31,
  0xEE31, 0xEE31, 0xEE31, 0xEE31, 0xEE31, 0xEE31, 0xEE31, 0xEE31, 0xEE31, 0xEE31, 0xEE31, 0xEE31,
  0xEE31, 0xEE31, 0xEE31, 0xEE31, 0xEE31, 0xEE31, 0xEE31, 0xEE31, 0xEE31, 0xEE31, 0xEE31, 0xEE31,
  0xEE51, 0xF693, 0xF672, 0xF672, 0xEE31, 0xFEB3, 0xB594, 0x28E2, 0x9CB0, 0xAD54, 0xD679, 0xB5B5,
  0x8C73, 0x090A, 0x6C15, 0x9CF6, 0x6B91, 0x6391, 0x6BD2, 0x94F7, 0x5B53, 0x7C98, 0x7436, 0x9D99,
  0xB65B, 0xCE9B, 0xCE38, 0xA65D, 0x1BFB, 0x0278, 0x01F5, 0x01D4, 0x01D4, 0x01B3, 0x00F1, 0x4419,
  0x139A, 0x1B9A, 0x9D98, 0x0047, 0x2171, 0x5256, 0x39F4, 0x4215, 0x5252, 0x0000, 0x56BB, 0x57FF,
  0x57FF, 0x57FF, 0x57FF, 0x4FFF, 0x47FF, 0x4FFF, 0x4FFF, 0x4FFF, 0x4FFF, 0x47FF, 0x47FF, 0x3FFF,
  0x3FFF, 0x3FFF, 0x3FFF, 0x3FFF, 0x46BA, 0x1145, 0x57DF, 0x3FFF, 0x47DF, 0x4FFF, 0x3D76, 0x19E7,
  0x2AEB, 0x4F3C, 0x3FFF, 0x3FFF, 0x3FDF, 0x4FFF, 0x1986, 0x4639, 0x47FF, 0x47FF, 0x47FF, 0x47FF,
  0x3FFF, 0x3FFF, 0x47FF, 0x47FF, 0x47FF, 0x47FF, 0x47FF, 0x4FFF, 0x4FFF, 0x4FFF, 0x57FF, 0x5FFF,
  0x57FF, 0x6FFF, 0x2A49, 0x22AB, 0x0000, 0x3452, 0x37FF, 0x479E, 0x10E4, 0x0000, 0x00A4, 0x00E6,
  0x0106, 0x0083, 0x0000, 0x226A, 0x4FFF, 0x3FFF, 0x3CF4, 0x0000, 0x630F, 0xD55F, 0xCD7E, 0xD59E,
  0xD57E, 0xCD7E, 0xDD9F, 0xE61F, 0x6350, 0x11AA, 0x19CB, 0x8413, 0xF65F, 0xCD5E, 0xE61F, 0xDDFE,
  0xE5DF, 0xBD79, 0x1189, 0x1189, 0x9C96, 0xDDBF, 0xC4FE, 0xCD3E, 0xB47E, 0xB47E, 0xBCBE, 0xBCBE,
  0xA3FE, 0xA3FE, 0xAC1E, 0xA3DE, 0xBCBF, 0x83D4, 0x1988, 0x0107, 0x1149, 0x1148, 0x0927, 0x0907,
  0x0907, 0x0907, 0x08E7, 0x08E7, 0x00E7, 0x00E7, 0x00E7, 0x00E7, 0x00E7, 0x00E6, 0x00E7, 0x00E7,
  0x00E6, 0x08E7, 0x00E7, 0x0064, 0xCE78, 0xFFFD, 0xF738, 0xF6F6, 0xF738, 0xFF99, 0xFFDB, 0xF77A,
  0xF7BC, 0x447B, 0x0BFB, 0x01F4, 0x01B3, 0x01B3, 0x0192, 0x0192, 0x0192, 0x01B3, 0x0193, 0x01B3,
  0x0172, 0x0B18, 0x2CBC, 0x1213, 0x0172, 0x0192, 0x0192, 0x0192, 0x01B3, 0x01B3, 0x01B3, 0x01B3,
  0x01B3, 0x01B3, 0x01B3, 0x0193, 0x2BDA, 0xF77B, 0xEE30, 0xEE51, 0xEE31, 0xEE51, 0xEE51, 0xEE31,
  0xEE31, 0xEE31, 0xEE31, 0xEE51, 0xEE31, 0xEE31, 0xEE31, 0xEE31, 0xEE31, 0xEE31, 0xEE31, 0xEE31,
  0xEE31, 0xEE31, 0xEE31, 0xEE31, 0xEE31, 0xEE31, 0xEE31, 0xEE31, 0xEE31, 0xEE31, 0xEE31, 0xEE31,
  0xEE51, 0xF693, 0xF672, 0xF672, 0xEE30, 0xFF15, 0x9471, 0x41A4, 0xA4F2, 0xBDD7, 0xEF3C, 0xC619,
  0x5310, 0x114C, 0x7CB7, 0x8C73, 0x6371, 0x6BB2, 0x73F4, 0x6BD3, 0x5B10, 0x8497, 0x7C76, 0xA5B9,
  0xBE3A, 0xC67A, 0x8430, 0xB5D7, 0xF7DF, 0x85BD, 0x0319, 0x0216, 0x01B4, 0x01D4, 0x0193, 0x3317,
  0x2C5B, 0x4CDD, 0x7C31, 0x0027, 0x52B6, 0x5A75, 0x39F4, 0x4A35, 0x5253, 0x0021, 0x5EBB, 0x57FF,
  0x57FF, 0x57FF, 0x4FFF, 0x4FFF, 0x4FFF, 0x4FFF, 0x4FFF, 0x4FFF, 0x47FF, 0x47FF, 0x47FF, 0x3FFF,
  0x3FFF, 0x3FFF, 0x47FF, 0x3FFF, 0x4FFF, 0x22CB, 0x2B4D, 0x4FFF, 0x3FDE, 0x57FF, 0x19A7, 0x0000,
  0x0000, 0x3CF4, 0x47FF, 0x3FBE, 0x47FF, 0x236E, 0x226A, 0x4FFF, 0x3FFF, 0x47FF, 0x3FFF, 0x3FFF,
  0x3FFF, 0x3FFF, 0x47FF, 0x47FF, 0x47FF, 0x47FF, 0x4FFF, 0x4FFF, 0x4FFF, 0x57FF, 0x57FF, 0x5FFF,
  0x57FF, 0x6FFF, 0x2187, 0x3B2D, 0x0000, 0x2B2D, 0x3FFF, 0x3FFF, 0x19C8, 0x0000, 0x0083, 0x00E6,
  0x00E6, 0x0063, 0x0000, 0x2B0D, 0x47FF, 0x47FF, 0x3C51, 0x0000, 0x8413, 0xE5DF, 0xCD5E, 0xDDDF,
  0xD59E, 0xDDBE, 0xD59E, 0xDD9F, 0xE61F, 0x530F, 0x19CB, 0x11AA, 0x8454, 0xF6BF, 0xE65F, 0xE63F,
  0xEE7F, 0x5B50, 0x0108, 0x8413, 0xE61F, 0xCD5E, 0xD59E, 0xC51E, 0xC51E, 0xC4FE, 0xBC9E, 0xAC3E,
  0xB45E, 0xB45E, 0xAC1E, 0xC4FF, 0x7391, 0x0107, 0x0949, 0x1169, 0x1148, 0x0928, 0x0928, 0x0907,
  0x0907, 0x0907, 0x08E7, 0x08E7, 0x08E7, 0x08E7, 0x00E7, 0x00E7, 0x00E7, 0x00E6, 0x00E7, 0x00E7,
  0x00E7, 0x00E6, 0x0085, 0x73D0, 0xFF9A, 0xF717, 0xF6F6, 0xFFBB, 0xFFFD, 0xBEFE, 0x7DBD, 0x3CFC,
  0x9EDF, 0x755C, 0x03FB, 0x0A76, 0x01B3, 0x01B3, 0x01B3, 0x01B3, 0x01B3, 0x01B3, 0x01B3, 0x01B3,
  0x0172, 0x1379, 0x245B, 0x09B2, 0x0172, 0x0192, 0x0192, 0x0192, 0x01B3, 0x01B3, 0x01B3, 0x01B3,
  0x01B3, 0x01B3, 0x01B3, 0x02B8, 0x9E3E, 0xFF15, 0xEE10, 0xEE51, 0xEE31, 0xEE31, 0xEE31, 0xEE31,
  0xEE31, 0xEE31, 0xEE31, 0xEE31, 0xEE31, 0xEE31, 0xEE31, 0xEE31, 0xEE31, 0xEE31, 0xEE31, 0xEE31,
  0xEE31, 0xEE31, 0xEE31, 0xEE31, 0xEE31, 0xEE31, 0xEE31, 0xEE31, 0xEE31, 0xEE31, 0xEE31, 0xEE31,
  0xF651, 0xF6B3, 0xF673, 0xF672, 0xEE10, 0xFF58, 0x630B, 0x5226, 0xA513, 0xC619, 0xAD56, 0xBDF8,
  0x3A4E, 0x19AD, 0x8D18, 0x7C32, 0x6BB2, 0x6351, 0x6BF3, 0x6393, 0x5B10, 0x8CB6, 0x8496, 0xA59A,
  0xBE3A, 0xCE7A, 0xBDF7, 0x7C32, 0xD69A, 0xDEFB, 0xC6FE, 0x44BC, 0x02B8, 0x01D4, 0x01B4, 0x0A15,
  0x13DA, 0x7DDE, 0x3A4A, 0x10EB, 0x6B16, 0x62D5, 0x5A75, 0x5A75, 0x6293, 0x0021, 0x5EBA, 0x57FF,
  0x57FF, 0x4FFF, 0x4FFF, 0x4FFF, 0x4FFF, 0x4FFF, 0x4FFF, 0x47FF, 0x47FF, 0x47FF, 0x47FF, 0x3FFF,
  0x3FFF, 0x3FFF, 0x47FF, 0x47FF, 0x3FFF, 0x4F7E, 0x1966, 0x2C51, 0x4FFF, 0x4FFF, 0x4618, 0x11E7,
  0x1A29, 0x3F1C, 0x3FFF, 0x4FFF, 0x2C10, 0x1104, 0x4F7D, 0x3FFF, 0x47FF, 0x47FF, 0x3FFF, 0x3FFF,
  0x3FFF, 0x47FF, 0x47FF, 0x47FF, 0x47FF, 0x47FF, 0x4FFF, 0x4FFF, 0x4FFF, 0x57FF, 0x57FF, 0x5FFF,
  0x57FF, 0x6FFF, 0x1945, 0x3B6E, 0x0042, 0x2249, 0x3FFF, 0x3FFF, 0x226A, 0x0000, 0x0063, 0x00E6,
  0x00E5, 0x0063, 0x0000, 0x33F0, 0x47FF, 0x4FFF, 0x2B2D, 0x0000, 0xA4F7, 0xE5FF, 0xD57E, 0xDDDE,
  0xE61F, 0xDDFF, 0xDDFF, 0xDDDE, 0xD59F, 0xDDFE, 0x4ACE, 0x19CB, 0x11AA, 0x7BF2, 0xF6DF, 0xDDFD,
  0x5B50, 0x096A, 0x42AD, 0xE5FE, 0xDDDF, 0xDDDF, 0xCD5E, 0xD57E, 0xC4DE, 0xC4DE, 0xC4FE, 0xBCDE,
  0xBC9E, 0xBC9E, 0xD53F, 0x73B2, 0x0107, 0x118A, 0x1169, 0x1148, 0x1148, 0x0928, 0x0928, 0x0907,
  0x0907, 0x0907, 0x08E7, 0x08E7, 0x08E7, 0x08E7, 0x08E7, 0x00E7, 0x00E7, 0x00E7, 0x00E7, 0x00E7,
  0x00E7, 0x00A5, 0xAD75, 0xFF78, 0xF6F6, 0xFF9B, 0xFFFE, 0xBEDE, 0x44DC, 0x035A, 0x0319, 0x037A,
  0x54BC, 0x961D, 0x03DB, 0x0AF8, 0x0193, 0x01D3, 0x01B3, 0x01B3, 0x01B3, 0x01B3, 0x01B3, 0x01D3,
  0x0172, 0x0B38, 0x245B, 0x09B2, 0x0193, 0x0193, 0x0192, 0x01B3, 0x01B3, 0x01B3, 0x01B3, 0x01B3,
  0x01D3, 0x01B3, 0x0215, 0x2C7C, 0xF75A, 0xEE30, 0xEE51, 0xEE31, 0xEE31, 0xEE31, 0xEE31, 0xEE31,
  0xEE31, 0xEE31, 0xEE31, 0xEE31, 0xEE31, 0xEE31, 0xEE31, 0xEE31, 0xEE31, 0xEE31, 0xEE31, 0xEE31,
  0xEE31, 0xEE31, 0xEE31, 0xEE31, 0xEE31, 0xEE31, 0xEE31, 0xEE31, 0xEE31, 0xEE31, 0xEE31, 0xEE31,
  0xF693, 0xF6B4, 0xF693, 0xF672, 0xEE30, 0xF75A, 0x39C6, 0x6AE8, 0xBDB5, 0xBDD7, 0xC5F7, 0xA558,
  0x29CC, 0x42D1, 0x8D17, 0x6BB1, 0x7C13, 0x6B90, 0x7C34, 0x5B72, 0x5B32, 0x8498, 0x8D18, 0xADBB,
  0xB5D8, 0xD6BA, 0x9450, 0x8C0F, 0x9CF3, 0x94D3, 0xCF9F, 0x553C, 0x1C7C, 0x1359, 0x01D4, 0x01B4,
  0x0297, 0x8D99, 0x10E6, 0x190C, 0x5AB4, 0x5AB5, 0x5A75, 0x6296, 0x62B4, 0x0021, 0x56BA, 0x5FFF,
  0x57FF, 0x4FFF, 0x4FFF, 0x4FFF, 0x4FFF, 0x4FFF, 0x47FF, 0x47FF, 0x47FF, 0x47FF, 0x3FFF, 0x3FFF,
  0x3FFF, 0x3FFF, 0x3FFF, 0x3FFF, 0x3FFF, 0x47FF, 0x4F7D, 0x19E8, 0x2229, 0x3E18, 0x4FFF, 0x57FF,
  0x57FF, 0x47FF, 0x3E18, 0x2249, 0x19A7, 0x4F5D, 0x3FFF, 0x3FFF, 0x3FFF, 0x3FFF, 0x47FF, 0x47FF,
  0x47FF, 0x47FF, 0x47FF, 0x47FF, 0x47FF, 0x47FF, 0x47FF, 0x4FFF, 0x4FFF, 0x4FFF, 0x57FF, 0x5FFF,
  0x5FFF, 0x6FFF, 0x1925, 0x5431, 0x08E4, 0x1166, 0x47FF, 0x3FFF, 0x2B8E, 0x0000, 0x0063, 0x00E5,
  0x00E5, 0x0042, 0x0000, 0x3D14, 0x3FFF, 0x4FFF, 0x228B, 0x0000, 0xBD79, 0xEE3F, 0xDDFE, 0xDDFF,
  0xE61F, 0xE65F, 0xE61F, 0xE61F, 0xDDFE, 0xE5FF, 0xCDBC, 0x2A0B, 0x220D, 0x0149, 0x83F4, 0x9476,
  0x0949, 0x19EB, 0xACF8, 0xE5FF, 0xDE1F, 0xD57E, 0xD59E, 0xC51E, 0xCD3E, 0xD57E, 0xC4FE, 0xC4FE,
  0xC4DE, 0xE5BF, 0x8C14, 0x0928, 0x19AA, 0x1169, 0x1169, 0x1149, 0x1148, 0x0928, 0x0928, 0x0907,
  0x0907, 0x0907, 0x0907, 0x08E7, 0x08E7, 0x08E7, 0x08E7, 0x08E7, 0x00E7, 0x00E7, 0x00E7, 0x0907,
  0x0065, 0x73D1, 0xFFFB, 0xEED6, 0xFFDC, 0xFFFE, 0x7D5C, 0x0319, 0x0236, 0x0215, 0x0216, 0x02D9,
  0x1B9A, 0xA65D, 0x13DB, 0x13FB, 0x01D4, 0x01D3, 0x01D3, 0x01B3, 0x01B3, 0x01B3, 0x01B3, 0x01D4,
  0x0192, 0x02F8, 0x13BA, 0x01B3, 0x0193, 0x0193, 0x01B3, 0x01B3, 0x01B3, 0x01B3, 0x01B3, 0x01D3,
  0x01B3, 0x0214, 0x035A, 0xB6BD, 0xFE92, 0xEE31, 0xEE51, 0xEE31, 0xEE31, 0xEE31, 0xEE31, 0xEE31,
  0xEE31, 0xEE31, 0xEE31, 0xEE31, 0xEE31, 0xEE31, 0xEE31, 0xEE31, 0xEE31, 0xEE31, 0xEE31, 0xEE31,
  0xEE31, 0xEE31, 0xEE31, 0xEE31, 0xEE31, 0xEE31, 0xEE31, 0xEE31, 0xEE31, 0xEE31, 0xEE31, 0xEE51,
  0xF693, 0xF6B4, 0xF693, 0xEE52, 0xF672, 0xDE98, 0x20C2, 0x9C4E, 0xC5F6, 0xC5F6, 0x9CB2, 0x94F7,
  0x196A, 0x63F5, 0x7C75, 0x6BB2, 0x94F6, 0x8C74, 0x94D6, 0x5310, 0x6373, 0x8477, 0x9519, 0xB5DB,
  0xC619, 0xCE58, 0x83EE, 0xCE38, 0x736C, 0xCE9A, 0x96BE, 0x247B, 0x0BDB, 0x143B, 0x0235, 0x0193,
  0x22D7, 0xA576, 0x0003, 0x08C9, 0x4233, 0x5275, 0x5275, 0x62B6, 0x6AB4, 0x0021, 0x56BA, 0x57FF,
  0x57FF, 0x57FF, 0x4FFF, 0x4FFF, 0x4FFF, 0x4FFF, 0x47FF, 0x47FF, 0x47FF, 0x47FF, 0x3FFF, 0x3FFF,
  0x3FFF, 0x3FFF, 0x3FFF, 0x3FFF, 0x3FFF, 0x3FDF, 0x3FFF, 0x4FFF, 0x3472, 0x19A7, 0x1966, 0x1A29,
  0x19E8, 0x1145, 0x1166, 0x3451, 0x4FFF, 0x3FFF, 0x3FDF, 0x3FFF, 0x3FFF, 0x3FFF, 0x47FF, 0x47FF,
  0x3FFF, 0x47FF, 0x47FF, 0x47FF, 0x47FF, 0x47FF, 0x47FF, 0x47FF, 0x4FFF, 0x4FFF, 0x57FF, 0x5FFF,
  0x57FF, 0x6FFF, 0x10E4, 0x5472, 0x1105, 0x08C4, 0x47BE, 0x3FFF, 0x3410, 0x0000, 0x0062, 0x00C5,
  0x00C5, 0x0042, 0x0000, 0x45B7, 0x3FFF, 0x4FFF, 0x1167, 0x0043, 0xD5DC, 0xE61F, 0xE61E, 0xE61F,
  0xE61F, 0xE65F, 0xE63F, 0xE63F, 0xE63F, 0xDE1E, 0xEE5F, 0x9475, 0x118A, 0x220C, 0x428E, 0xAD37,
  0x118B, 0x42AD, 0xE61F, 0xE61F, 0xDDDF, 0xD5BE, 0xDDFF, 0xD59F, 0xDDBF, 0xCD5E, 0xCD3E, 0xCD3F,
  0xEE1F, 0x8C54, 0x1169, 0x19CB, 0x19AA, 0x1189, 0x1169, 0x1148, 0x1148, 0x0928, 0x0928, 0x0907,
  0x0907, 0x0907, 0x0907, 0x08E7, 0x08E7, 0x08E7, 0x08E7, 0x08E7, 0x00E7, 0x00E7, 0x00E7, 0x00E7,
  0x00A6, 0xCE58, 0xFF58, 0xF77A, 0xFFFE, 0x64BB, 0x0277, 0x01F5, 0x0174, 0x0216, 0x3338, 0x64DB,
  0x44DC, 0xA69E, 0x2C1B, 0x0C1C, 0x0297, 0x0193, 0x01D4, 0x01D3, 0x01D3, 0x01D3, 0x01D3, 0x01D4,
  0x01D4, 0x02F8, 0x0359, 0x01D4, 0x0193, 0x01B3, 0x01B3, 0x01B3, 0x01B3, 0x01B3, 0x01D3, 0x0193,
  0x0214, 0x035A, 0x85FE, 0xFF37, 0xEE31, 0xEE52, 0xEE51, 0xEE31, 0xEE31, 0xEE31, 0xEE31, 0xEE31,
  0xEE31, 0xEE31, 0xEE31, 0xEE31, 0xEE31, 0xEE31, 0xEE31, 0xEE31, 0xEE31, 0xEE31, 0xEE31, 0xEE31,
  0xEE31, 0xEE31, 0xEE31, 0xEE31, 0xEE31, 0xEE31, 0xEE31, 0xEE31, 0xEE31, 0xEE31, 0xEE51, 0xEE51,
  0xF673, 0xF693, 0xF672, 0xEE31, 0xFEF5, 0xB595, 0x28E2, 0xB531, 0xBDB4, 0xBDD6, 0xB596, 0xADB9,
  0x29CA, 0x7C75, 0x2A50, 0x8CB5, 0xBDFC, 0x94B8, 0x73F3, 0x4A8E, 0x94F7, 0x8CB7, 0xA53A, 0xAD79,
  0xCE18, 0xD657, 0x93CB, 0xA4B0, 0x6B0C, 0xAEBD, 0x7E5E, 0x4D3C, 0x037A, 0x02B8, 0x0235, 0x0193,
  0x32F7, 0xFF78, 0x738D, 0x0004, 0x4A73, 0x5A75, 0x4A54, 0x62B5, 0x72F4, 0x0021, 0x4E9A, 0x57FF,
  0x4FFF, 0x4FFF, 0x4FFF, 0x4FFF, 0x4FFF, 0x47FF, 0x47FF, 0x47FF, 0x3FFF, 0x47FF, 0x47FF, 0x47FF,
  0x3FFF, 0x3FFF, 0x47FF, 0x47FF, 0x47FF, 0x3FFF, 0x47FF, 0x47FF, 0x4FFF, 0x4FFF, 0x3E59, 0x3535,
  0x3576, 0x3EBA, 0x4FFF, 0x47FF, 0x3FFF, 0x47FF, 0x47FF, 0x3FFF, 0x47FF, 0x47FF, 0x47FF, 0x47FF,
  0x47FF, 0x47FF, 0x47FF, 0x47FF, 0x4FFF, 0x47FF, 0x4FFF, 0x47FF, 0x4FFF, 0x4FFF, 0x4FFF, 0x57FF,
  0x57FF, 0x67FF, 0x08C4, 0x5492, 0x1966, 0x0042, 0x475D, 0x3FFF, 0x34F4, 0x0000, 0x0042, 0x00E5,
  0x00C4, 0x0022, 0x0001, 0x4E18, 0x3FFF, 0x4FBE, 0x1125, 0x0022, 0xA4F6, 0xFEFF, 0xDDFE, 0xE61F,
  0xE61F, 0xE63F, 0xEE9F, 0xEE7F, 0xE63F, 0xE61F, 0xE61F, 0xE61E, 0x324C, 0x19CB, 0x2A2C, 0xBD98,
  0x118A, 0x6BB1, 0xF6BF, 0xDDFE, 0xD59E, 0xE61F, 0xD5BF, 0xDDBF, 0xD59E, 0xD57E, 0xE5DF, 0xE61F,
  0x73D2, 0x0969, 0x19CB, 0x118A, 0x1169, 0x0949, 0x0949, 0x1149, 0x1149, 0x1148, 0x0928, 0x0927,
  0x0907, 0x0907, 0x0907, 0x08E7, 0x08E7, 0x08E7, 0x08E7, 0x08E7, 0x08E7, 0x08E7, 0x0907, 0x00A6,
  0x3A2A, 0xFFFD, 0xF758, 0xFFFD, 0x6CDB, 0x01D4, 0x00F1, 0x19F4, 0x647A, 0xA61D, 0x8DFD, 0x4C9B,
  0x1276, 0x7499, 0x5D1C, 0x03BB, 0x0B9A, 0x01D4, 0x01F4, 0x01F4, 0x01F4, 0x01D4, 0x01D4, 0x01F4,
  0x01F5, 0x0319, 0x035A, 0x0297, 0x0193, 0x01B3, 0x01D4, 0x01D4, 0x01D3, 0x01B3, 0x01B3, 0x0A96,
  0x039A, 0x5D3D, 0xFF7A, 0xEE30, 0xEE52, 0xEE51, 0xEE51, 0xEE31, 0xEE31, 0xEE31, 0xEE31, 0xEE31,
  0xEE31, 0xEE31, 0xEE31, 0xEE31, 0xEE31, 0xEE31, 0xEE31, 0xEE31, 0xEE31, 0xEE31, 0xEE31, 0xEE31,
  0xEE31, 0xEE31, 0xEE31, 0xEE31, 0xEE31, 0xEE31, 0xEE31, 0xEE31, 0xEE31, 0xEE31, 0xEE31, 0xEE51,
  0xF693, 0xF6B3, 0xF672, 0xEE10, 0xFF57, 0x8410, 0x4184, 0xB552, 0xB552, 0xB554, 0xBDF7, 0x6B90,
  0x2168, 0x8474, 0x7CB6, 0xA577, 0x9CF6, 0x94B6, 0x6B92, 0x6BB2, 0xADBA, 0xAD99, 0xBDDB, 0xBDD9,
  0xD658, 0xB512, 0x8B29, 0x83AD, 0x7BAD, 0x867E, 0x65DD, 0x453C, 0x1C5B, 0x0B19, 0x0215, 0x0174,
  0x53D8, 0xFED3, 0xFF79, 0x31A9, 0x18EB, 0x6AD6, 0x5A75, 0x62D5, 0x6AF4, 0x0021, 0x4E9A, 0x57FF,
  0x4FFF, 0x4FFF, 0x4EBA, 0x4DF7, 0x4E79, 0x4FFF, 0x47FF, 0x45F7, 0x473C, 0x46FC, 0x45F7, 0x4659,
  0x4FFF, 0x46DB, 0x45F7, 0x4618, 0x4659, 0x4618, 0x473D, 0x4FFF, 0x45F7, 0x3F9E, 0x47FF, 0x471C,
  0x4679, 0x46DB, 0x47FF, 0x3FFF, 0x4F9E, 0x45D7, 0x4EDB, 0x47FF, 0x3E7A, 0x3DF8, 0x4618, 0x4679,
  0x3E18, 0x45F7, 0x3E38, 0x46FB, 0x4618, 0x47FF, 0x4FBE, 0x45F7, 0x45F8, 0x45F8, 0x579E, 0x57FF,
  0x57FF, 0x6FBE, 0x0842, 0x6535, 0x2A4A, 0x0000, 0x46DB, 0x3FFF, 0x3D96, 0x0000, 0x0042, 0x00C5,
  0x00C5, 0x0022, 0x0842, 0x4EDB, 0x3FFF, 0x57BE, 0x0905, 0x0064, 0x19CA, 0xAD37, 0xFF5F, 0xEE7F,
  0xE61F, 0xE63F, 0xEE7F, 0xEE9F, 0xEE7F, 0xE61F, 0xDDDE, 0xF63F, 0x8414, 0x11AA, 0x19CB, 0x9CF5,
  0x21CA, 0x8474, 0xFF1F, 0xCD7E, 0xE63F, 0xD5BF, 0xCD5E, 0xD59F, 0xEE1F, 0xEE5F, 0xBD7A, 0x326C,
  0x0108, 0x21EA, 0x324C, 0x3A6D, 0x428E, 0x322C, 0x2A0A, 0x1168, 0x0107, 0x0928, 0x1148, 0x0928,
  0x0907, 0x0907, 0x0907, 0x0907, 0x08E7, 0x0907, 0x08E7, 0x08E7, 0x08E7, 0x08E7, 0x0907, 0x0065,
  0x6B8F, 0xFFFE, 0xFFFD, 0x6CDB, 0x0111, 0x29F2, 0x84FA, 0x8E1D, 0x653C, 0x2378, 0x01B3, 0x0110,
  0x00D0, 0x2A94, 0x85FD, 0x037A, 0x143C, 0x02D8, 0x01B4, 0x01F4, 0x01F4, 0x01F4, 0x01F4, 0x0215,
  0x0235, 0x0319, 0x0B7A, 0x0B9A, 0x02D8, 0x01F4, 0x01D4, 0x01D4, 0x0215, 0x0A96, 0x0B39, 0x03BB,
  0x4D1D, 0xF79C, 0xF693, 0xEE72, 0xEE52, 0xEE52, 0xEE51, 0xEE51, 0xEE31, 0xEE31, 0xEE31, 0xEE31,
  0xEE31, 0xEE31, 0xEE31, 0xEE31, 0xEE31, 0xEE31, 0xEE31, 0xEE31, 0xEE31, 0xEE31, 0xEE31, 0xEE31,
  0xEE31, 0xEE31, 0xEE31, 0xEE31, 0xEE31, 0xEE31, 0xEE31, 0xEE31, 0xEE31, 0xEE31, 0xEE51, 0xF672,
  0xF6B4, 0xF693, 0xF672, 0xEE10, 0xFF79, 0x5AAB, 0x5A46, 0xB572, 0xB573, 0xB552, 0xC618, 0x31EA,
  0x1107, 0xA536, 0xADB8, 0x634F, 0x7BF0, 0xB5B6, 0x8C94, 0x73D2, 0xCE7B, 0xBDF9, 0xDEBC, 0xC5F8,
  0xDEBA, 0x9C4F, 0x72A7, 0x72EA, 0x83EF, 0x65BE, 0x3D1C, 0x34DC, 0x1C5C, 0x0B18, 0x01D4, 0x0153,
  0x9D57, 0xFEB3, 0xF6B4, 0xC5F6, 0x0024, 0x5273, 0x6AF5, 0x62B5, 0x6AD5, 0x0021, 0x4E59, 0x4FFF,
  0x4FDF, 0x57FF, 0x228A, 0x0000, 0x0000, 0x2B8E, 0x57DF, 0x0000, 0x34B3, 0x2B6E, 0x0000, 0x0000,
  0x2AEC, 0x2ACC, 0x0000, 0x0000, 0x08E4, 0x08A3, 0x2B4D, 0x4EDB, 0x0000, 0x471C, 0x47FF, 0x19C7,
  0x0000, 0x0000, 0x2BCF, 0x57DF, 0x19C7, 0x0000, 0x0000, 0x45B6, 0x1145, 0x0000, 0x0000, 0x0042,
  0x0000, 0x0000, 0x0862, 0x2B4D, 0x0000, 0x4FDF, 0x46DB, 0x0000, 0x0000, 0x0000, 0x4E59, 0x5FFF,
  0x57FF, 0x6F7D, 0x0000, 0x6596, 0x32CB, 0x0000, 0x46BA, 0x3FFF, 0x3DD7, 0x0000, 0x0022, 0x00C5,
  0x00C4, 0x0022, 0x0863, 0x4F1C, 0x3FFF, 0x4F3C, 0x0884, 0x00A4, 0x2A2C, 0x19AA, 0x8453, 0xDE9C,
  0xFF1F, 0xF6BF, 0xEE7F, 0xEE5F, 0xE63F, 0xEE7F, 0xDDDE, 0xEE3F, 0xB53A, 0x220C, 0x118A, 0x8CB4,
  0x3A6D, 0x8454, 0xF67F, 0xD5DE, 0xE63F, 0xDDDF, 0xF67F, 0xEE9F, 0xA4F7, 0x4ACE, 0x19CA, 0x4ACE,
  0x8C54, 0xB51A, 0xCD5D, 0xCD1E, 0xC4DF, 0xC4DE, 0xC4FD, 0xA439, 0x6B33, 0x29E9, 0x00E6, 0x0928,
  0x0927, 0x0907, 0x0907, 0x0907, 0x08E7, 0x08E7, 0x08E7, 0x08E7, 0x0907, 0x08E7, 0x0907, 0x0065,
  0x7C11, 0xFFFF, 0x853B, 0x0153, 0x6BF7, 0x8DFD, 0x4439, 0x0214, 0x0132, 0x0110, 0x0130, 0x0151,
  0x0192, 0x0132, 0x857B, 0x44DC, 0x039B, 0x13FB, 0x0AF8, 0x01F5, 0x01F5, 0x01F4, 0x01F5, 0x0215,
  0x02D8, 0x0BDB, 0x0BDB, 0x03BB, 0x0BFB, 0x03BB, 0x037A, 0x0379, 0x039A, 0x03BB, 0x13DB, 0x6D3C,
  0xF79D, 0xF6F5, 0xF6B4, 0xF672, 0xEE52, 0xEE52, 0xEE51, 0xEE51, 0xEE31, 0xEE51, 0xEE51, 0xEE51,
  0xEE31, 0xEE31, 0xEE31, 0xEE31, 0xEE31, 0xEE31, 0xEE31, 0xEE31, 0xEE31, 0xEE31, 0xEE31, 0xEE31,
  0xEE51, 0xEE51, 0xEE31, 0xEE31, 0xEE31, 0xEE31, 0xEE31, 0xEE31, 0xEE31, 0xEE51, 0xEE51, 0xF672,
  0xF6B4, 0xF693, 0xEE72, 0xEE30, 0xF75A, 0x39A6, 0x7B4A, 0xBDB3, 0xC5D4, 0xC5F5, 0xBDD7, 0x1927,
  0x29C9, 0x9515, 0x94F5, 0x8C92, 0x8C71, 0xC617, 0xAD76, 0x8C53, 0xC639, 0xBDF8, 0xC5F8, 0x9CD2,
  0xD637, 0x8B6B, 0x8329, 0x5A27, 0x8CB4, 0x4D7E, 0x1C5B, 0x1C5C, 0x13DB, 0x02D8, 0x01D5, 0x09D4,
  0xDEDA, 0xF6F5, 0xEE53, 0xFF37, 0x52ED, 0x0888, 0x5293, 0x62B5, 0x62B4, 0x0021, 0x4E39, 0x57FF,
  0x4FDF, 0x57FF, 0x1A6A, 0x11C7, 0x3C71, 0x0000, 0x56BB, 0x0041, 0x3CD3, 0x230C, 0x19E8, 0x3CF4,
  0x0000, 0x567A, 0x22CB, 0x1104, 0x5EDB, 0x2BAE, 0x1145, 0x3BF0, 0x19A7, 0x57FF, 0x4FFF, 0x1186,
  0x2B8F, 0x33F0, 0x08A3, 0x4D97, 0x0000, 0x4DF8, 0x1186, 0x2249, 0x55F8, 0x0000, 0x3D34, 0x4EBA,
  0x2B8E, 0x0021, 0x56DB, 0x3492, 0x0841, 0x4FFF, 0x4EFB, 0x0000, 0x4535, 0x573C, 0x4FBE, 0x57FF,
  0x57FF, 0x6F3C, 0x0000, 0x65B7, 0x330C, 0x0000, 0x469A, 0x37FF, 0x467A, 0x0001, 0x0021, 0x00A4,
  0x00A4, 0x0001, 0x0863, 0x4F3C, 0x3FFF, 0x4EBA, 0x0022, 0x08C6, 0x2A6D, 0x2A4D, 0x19EB, 0x222C,
  0x63D1, 0xAD58, 0xDE7D, 0xFEDF, 0xF67F, 0xEE7F, 0xEE5F, 0xEE3F, 0xAD39, 0x222C, 0x11AB, 0x94B5,
  0x42CE, 0x532F, 0xFF5F, 0xFEFF, 0xF67F, 0xE63E, 0x94B6, 0x3A6C, 0x530F, 0xA4D7, 0xDE1D, 0xE61F,
  0xDD9F, 0xCD1F, 0xC4BF, 0xBC9E, 0xB45E, 0xABFE, 0xA3DE, 0xABDF, 0xAC1F, 0xB45D, 0x6330, 0x00E6,
  0x0928, 0x0907, 0x0907, 0x0907, 0x0907, 0x0907, 0x0907, 0x0907, 0x0907, 0x0907, 0x0907, 0x0086,
  0x52EC, 0xE79F, 0x0216, 0x5C7A, 0x651B, 0x01B3, 0x00F0, 0x0151, 0x0171, 0x0150, 0x0150, 0x0151,
  0x0171, 0x0193, 0x1339, 0x75BD, 0x4CDC, 0x03DB, 0x0BFC, 0x0BBB, 0x0B19, 0x0AF8, 0x02F8, 0x033A,
  0x13FB, 0x2CBC, 0x3CFC, 0x4D5D, 0x553D, 0x451D, 0x44BC, 0x449C, 0x54FC, 0x8DDD, 0xD73E, 0xFFBA,
  0xFF58, 0xF6F6, 0xF6F6, 0xEE72, 0xEE52, 0xEE52, 0xEE51, 0xEE51, 0xEE51, 0xEE31, 0xEE31, 0xEE51,
  0xEE51, 0xEE51, 0xEE51, 0xEE51, 0xEE31, 0xEE31, 0xEE31, 0xEE31, 0xEE31, 0xEE31, 0xEE51, 0xEE31,
  0xEE31, 0xEE51, 0xEE51, 0xEE51, 0xEE31, 0xEE31, 0xEE31, 0xEE31, 0xEE31, 0xEE51, 0xEE31, 0xF693,
  0xF6B4, 0xF693, 0xEE51, 0xF672, 0xDEB9, 0x2903, 0xA4AF, 0xBD72, 0xBD93, 0xDEB9, 0x7BF0, 0x10C6,
  0x426C, 0x9D14, 0x94D4, 0x8451, 0x94B2, 0xCE79, 0x8C72, 0xAD76, 0xCE59, 0xC638, 0xBDD7, 0xC5B5,
  0xB553, 0x7AE8, 0x836A, 0x5A06, 0x9598, 0x24DD, 0x1C5B, 0x0BBB, 0x0BBA, 0x0B39, 0x0216, 0x7CDA,
  0xFFDA, 0xEE94, 0xF717, 0xF651, 0xC5D4, 0x0065, 0x194C, 0x4210, 0x5253, 0x0022, 0x4E38, 0x57FF,
  0x4FDF, 0x57FF, 0x1A49, 0x11E8, 0x5F9E, 0x0000, 0x4535, 0x0082, 0x34D3, 0x230C, 0x19C7, 0x45B6,
  0x0000, 0x4F7D, 0x2B6E, 0x1146, 0x57FF, 0x3E59, 0x0862, 0x1104, 0x3492, 0x4FFF, 0x4FFF, 0x1986,
  0x19E8, 0x11A7, 0x33F0, 0x3C11, 0x0021, 0x5FFF, 0x236D, 0x1145, 0x4EDB, 0x0000, 0x467A, 0x4FFF,
  0x3471, 0x0821, 0x57FF, 0x2CD3, 0x0841, 0x4FFF, 0x4EFB, 0x0000, 0x22EC, 0x3D14, 0x57FF, 0x57FF,
  0x57FF, 0x671C, 0x0000, 0x6E39, 0x3B8E, 0x0000, 0x467A, 0x37FF, 0x46FB, 0x0042, 0x0001, 0x0083,
  0x00A4, 0x0001, 0x10A4, 0x4F5D, 0x3FFF, 0x46BA, 0x0022, 0x08C6, 0x2A4C, 0x19EB, 0x328D, 0x4B30,
  0x42CF, 0x3AEE, 0x326C, 0x63B1, 0xAD58, 0xD63C, 0xDE5D, 0xD5FD, 0x73D1, 0x2A2C, 0x096A, 0x9CF6,
  0x6BB2, 0x116A, 0x94D5, 0xA4D6, 0x8C75, 0x2A0C, 0x19AA, 0xA4F7, 0xF69F, 0xF67F, 0xE5FF, 0xCD5E,
  0xBCBE, 0xC4FE, 0xC51E, 0xC4FE, 0xBCDE, 0xBCBE, 0xB45D, 0xAC1D, 0x9BBD, 0xA3BE, 0xBC7F, 0x7372,
  0x00C6, 0x0928, 0x0907, 0x0907, 0x0907, 0x0907, 0x0907, 0x0907, 0x0907, 0x0907, 0x0928, 0x0045,
  0x73F0, 0x5D1C, 0x13DB, 0x2378, 0x0111, 0x0151, 0x0191, 0x0171, 0x0171, 0x0151, 0x0171, 0x0171,
  0x0172, 0x0276, 0x039B, 0x0BDB, 0x653C, 0x757D, 0x3C7C, 0x1C3C, 0x145C, 0x147C, 0x1C5C, 0x2CFC,
  0x5DFD, 0x55DD, 0x4DBD, 0x55DE, 0x353C, 0x969E, 0xFFFF, 0xFFDE, 0xFFFE, 0xFFFC, 0xFF58, 0xF717,
  0xFF79, 0xF716, 0xF716, 0xF673, 0xEE52, 0xEE52, 0xEE52, 0xEE51, 0xEE51, 0xEE51, 0xEE51, 0xEE51,
  0xEE51, 0xEE31, 0xEE51, 0xEE51, 0xEE31, 0xEE31, 0xEE31, 0xEE31, 0xEE31, 0xEE31, 0xEE31, 0xEE51,
  0xEE31, 0xEE51, 0xEE31, 0xEE31, 0xEE31, 0xEE51, 0xEE51, 0xEE31, 0xEE51, 0xEE51, 0xEE51, 0xF693,
  0xF6D4, 0xF693, 0xEE31, 0xFED4, 0xB595, 0x28E1, 0xB531, 0xBD92, 0xBD93, 0xDEB9, 0x630C, 0x1906,
  0x52CC, 0x9D13, 0x8451, 0x8431, 0xAD75, 0xCE59, 0x7BCF, 0xBDB6, 0xD699, 0xD658, 0xC5D5, 0xCE16,
  0xACD1, 0x8329, 0x8329, 0x62A9, 0xB67C, 0x145C, 0x1C5C, 0x13DB, 0x13BA, 0x0319, 0x23BA, 0x9559,
  0xB5F8, 0xFF15, 0xF6F7, 0xEE11, 0xFEF6, 0x3A2A, 0x0086, 0x08C7, 0x192A, 0x0043, 0x4E38, 0x57FF,
  0x4FDF, 0x57FF, 0x1A49, 0x11A7, 0x5F7D, 0x0000, 0x44F4, 0x0882, 0x34B3, 0x2B8E, 0x0000, 0x0001,
  0x1A08, 0x5FDF, 0x22CB, 0x1966, 0x4FFF, 0x4FDF, 0x1125, 0x0000, 0x4F1C, 0x47FF, 0x57FF, 0x19E8,
  0x0082, 0x0062, 0x3D14, 0x338E, 0x0883, 0x5FDF, 0x234D, 0x0904, 0x4E79, 0x0000, 0x4638, 0x4FFF,
  0x3451, 0x0821, 0x57FF, 0x2CB3, 0x0841, 0x57DF, 0x4EDB, 0x0001, 0x0083, 0x1125, 0x57BE, 0x4FFF,
  0x57FF, 0x66BA, 0x0000, 0x76FC, 0x4410, 0x0000, 0x3DD8, 0x37FF, 0x471C, 0x0862, 0x0001, 0x0083,
  0x00A4, 0x0001, 0x10E5, 0x4F7E, 0x3FFF, 0x4E9A, 0x0022, 0x0907, 0x2A6C, 0x7C14, 0xBD1C, 0xD57E,
  0xDDDF, 0xB4DB, 0x8C36, 0x220B, 0x098A, 0x2A6D, 0x2A2D, 0x8454, 0x3A6D, 0x8474, 0x0109, 0xBDB9,
  0x7C32, 0x0129, 0x6371, 0x324D, 0x00E8, 0x428D, 0xE67E, 0xF65F, 0xDE1E, 0xDDFE, 0xDDDE, 0xD57E,
  0xCD1E, 0xC4FE, 0xC4DE, 0xBC9F, 0xBC7F, 0xCCFF, 0xCD1F, 0xCD3F, 0xC4FF, 0xAC3E, 0x9B9E, 0xBC9F,
  0x4AAC, 0x00E7, 0x0928, 0x0907, 0x0907, 0x0907, 0x0907, 0x0907, 0x0907, 0x0907, 0x00A6, 0x29E9,
  0xA65D, 0x0BDB, 0x12F7, 0x0131, 0x0171, 0x0171, 0x0150, 0x0171, 0x0171, 0x0171, 0x0151, 0x0193,
  0x0276, 0x0B7A, 0x13FB, 0x143B, 0x0BFB, 0x2C5B, 0x5CFC, 0x651C, 0x5CFC, 0x4CDC, 0x553C, 0x3D1C,
  0x249C, 0x145C, 0x143C, 0x03FB, 0x4D3D, 0xF7DF, 0xFFDD, 0xFFBC, 0xFF9B, 0xF738, 0xF6F6, 0xFF37,
  0xFF79, 0xFF37, 0xF716, 0xF672, 0xEE72, 0xEE52, 0xEE52, 0xEE51, 0xEE51, 0xEE51, 0xEE51, 0xEE51,
  0xEE51, 0xEE51, 0xEE51, 0xEE31, 0xEE51, 0xEE51, 0xEE51, 0xEE51, 0xEE31, 0xEE31, 0xEE31, 0xEE51,
  0xEE51, 0xEE31, 0xEE31, 0xEE51, 0xEE31, 0xEE51, 0xEE51, 0xEE31, 0xEE51, 0xEE51, 0xEE51, 0xF6B3,
  0xF6D5, 0xF693, 0xEE31, 0xFF36, 0x83EF, 0x4183, 0xCDF4, 0xBD92, 0xC5B4, 0xCE37, 0x4A6A, 0x2167,
  0x632D, 0x9CD2, 0x8430, 0x840F, 0xB5B6, 0xB5D6, 0x7BCF, 0xC638, 0xD6BA, 0xC5D5, 0xBD31, 0xCDD4,
  0x9C0D, 0x7AC7, 0x8B6A, 0x5AAA, 0xD7BF, 0x4D3D, 0x03DB, 0x039B, 0x037A, 0x0B5A, 0x855B, 0x21D0,
  0x0951, 0xDEF9, 0xFF36, 0xEE73, 0xFEB3, 0x8410, 0x0044, 0x08C7, 0x08E8, 0x0023, 0x4E38, 0x57FF,
  0x4FDF, 0x57FF, 0x1A28, 0x1A08, 0x5F9E, 0x0000, 0x4D55, 0x0882, 0x34D3, 0x234D, 0x1145, 0x0925,
  0x3BAF, 0x67FF, 0x1A8A, 0x1966, 0x57FF, 0x4FFF, 0x228B, 0x1187, 0x57FF, 0x47FF, 0x57FF, 0x1166,
  0x3492, 0x4555, 0x08C4, 0x3C10, 0x0041, 0x67FF, 0x230C, 0x1125, 0x4E9A, 0x0000, 0x4638, 0x4FFF,
  0x3471, 0x0821, 0x57FF, 0x2CB2, 0x0842, 0x5FFF, 0x4F3D, 0x0000, 0x4618, 0x57FF, 0x4FFF, 0x4FFF,
  0x57FF, 0x5E39, 0x0000, 0x777D, 0x3C51, 0x0000, 0x4596, 0x37FF, 0x473C, 0x0883, 0x0001, 0x00A4,
  0x00A4, 0x0001, 0x1105, 0x4F9E, 0x47FF, 0x469A, 0x0001, 0x1988, 0xACFA, 0xCCFF, 0xBC9E, 0xBCFE,
  0xCD5E, 0xCD1F, 0xC4FE, 0xC55C, 0x6371, 0x11AB, 0x118B, 0x8453, 0x4ACE, 0x9CF6, 0x3A4D, 0xCDDD,
  0xBD99, 0x530F, 0xD67C, 0x116A, 0x4AEE, 0xF71E, 0xEE5F, 0xE67F, 0xEE9F, 0xE65F, 0xE63F, 0xEE7F,
  0xEE5F, 0xDDBF, 0xD59E, 0xB51A, 0x9C97, 0x8C55, 0x8C35, 0x8C14, 0x9436, 0xA459, 0xAC7D, 0xB41F,
  0x9C79, 0x0106, 0x0928, 0x0907, 0x0907, 0x0907, 0x0907, 0x0907, 0x0907, 0x0928, 0x0085, 0xA5D7,
  0x451D, 0x0255, 0x0151, 0x0192, 0x0192, 0x0171, 0x0171, 0x0171, 0x0172, 0x0172, 0x0214, 0x0B39,
  0x0BBB, 0x141B, 0x141B, 0x141B, 0x1C3B, 0x143B, 0x0C1B, 0x143C, 0x1C5C, 0x1C3C, 0x143C, 0x141B,
  0x143C, 0x1C7C, 0x0C1B, 0x4CFC, 0xFFFE, 0xFF9B, 0xFFBB, 0xFF9A, 0xFF9B, 0xFF38, 0xF717, 0xFF38,
  0xFF79, 0xFF37, 0xF6F5, 0xF672, 0xF672, 0xEE52, 0xEE52, 0xEE52, 0xEE51, 0xEE51, 0xEE51, 0xEE51,
  0xEE51, 0xEE51, 0xEE51, 0xEE51, 0xEE51, 0xEE51, 0xEE51, 0xEE31, 0xEE51, 0xEE51, 0xEE51, 0xEE51,
  0xEE51, 0xEE51, 0xEE51, 0xEE51, 0xEE51, 0xEE51, 0xEE51, 0xEE51, 0xEE51, 0xEE51, 0xEE51, 0xF6B4,
  0xF6D5, 0xF693, 0xEE10, 0xFF79, 0x62EB, 0x6287, 0xC5D3, 0xC5D3, 0xDE97, 0xA4F2, 0x39E8, 0x31C8,
  0x6B8D, 0x8C4F, 0x9491, 0x8C30, 0xB595, 0x9CF2, 0x9492, 0xC5F7, 0xD699, 0xC5B5, 0xACAF, 0xC593,
  0x8B4A, 0x7266, 0x6267, 0x736C, 0x9EDF, 0x661D, 0x765E, 0x657D, 0x6D3C, 0x8DFD, 0x42D3, 0x0151,
  0x0131, 0x5334, 0xFFBA, 0xEE93, 0xF651, 0xCE16, 0x0064, 0x0044, 0x0908, 0x0002, 0x4DF8, 0x57FF,
  0x4FDF, 0x57FF, 0x1A29, 0x1166, 0x2B6E, 0x0000, 0x5EDB, 0x0021, 0x3CD3, 0x22EC, 0x19C8, 0x33F0,
  0x0041, 0x67FF, 0x1AAB, 0x1146, 0x57FF, 0x4FFF, 0x1A6A, 0x19E8, 0x57FF, 0x47DF, 0x4FFF, 0x1166,
  0x226A, 0x1A29, 0x08E4, 0x4D76, 0x0000, 0x44D4, 0x08C3, 0x22EC, 0x4EFB, 0x0000, 0x4618, 0x4FFF,
  0x2C51, 0x0000, 0x57FF, 0x2CB3, 0x0000, 0x3CF3, 0x4596, 0x0020, 0x336E, 0x34D3, 0x473D, 0x4FFF,
  0x5FFF, 0x5DB7, 0x0000, 0x777E, 0x4451, 0x0000, 0x3D35, 0x37FF, 0x475D, 0x08A4, 0x0001, 0x0084,
  0x00A4, 0x0001, 0x1105, 0x4F9E, 0x47FF, 0x4659, 0x0021, 0xA4B7, 0xCD1F, 0xB47D, 0xC4FE, 0xC51E,
  0xC4FE, 0xCD7E, 0xCD7E, 0xD59F, 0xE61F, 0x9CF6, 0x19AA, 0x3A8D, 0xAD57, 0x7BF3, 0xC59B, 0xC51E,
  0xCDDB, 0xD63B, 0xACD9, 0x3A4C, 0xF75E, 0xF6DF, 0xEEDF, 0xEEBF, 0xE63F, 0xD5BE, 0xD57E, 0xD5BE,
  0xCDDD, 0x7C12, 0x2A0B, 0x19CA, 0x0948, 0x0107, 0x00E7, 0x0107, 0x0907, 0x1147, 0x320A, 0x62F3,
  0xBD5B, 0x21A9, 0x00E7, 0x0927, 0x0907, 0x0907, 0x0907, 0x0907, 0x0928, 0x0086, 0x4AED, 0x969F,
  0x0236, 0x0171, 0x0192, 0x0192, 0x0192, 0x0171, 0x0171, 0x01B3, 0x0235, 0x02F8, 0x0BBB, 0x13FB,
  0x13FB, 0x141B, 0x141B, 0x141B, 0x141B, 0x143B, 0x1C5C, 0x1C5C, 0x1C5C, 0x145C, 0x1C5C, 0x1C5C,
  0x1C5C, 0x0C1B, 0x3CBC, 0xF7DE, 0xFFBA, 0xFF7A, 0xFF9B, 0xFF9A, 0xFFBB, 0xF738, 0xF717, 0xFF79,
  0xFF79, 0xFF37, 0xF6B4, 0xF673, 0xF672, 0xEE52, 0xEE52, 0xEE52, 0xEE52, 0xEE51, 0xEE51, 0xEE51,
  0xEE51, 0xEE51, 0xEE51, 0xEE51, 0xEE51, 0xEE51, 0xEE51, 0xEE51, 0xEE51, 0xEE31, 0xEE51, 0xEE51,
  0xEE51, 0xEE51, 0xEE51, 0xEE51, 0xEE51, 0xEE51, 0xEE51, 0xEE51, 0xEE51, 0xEE51, 0xEE52, 0xF6D5,
  0xF6D5, 0xF673, 0xEE31, 0xEF19, 0x3985, 0x838A, 0xB510, 0xBD93, 0xCE15, 0x9450, 0x3187, 0x4229,
  0x7BEF, 0x94B1, 0x94B2, 0x9CD2, 0xCE59, 0x840E, 0xAD54, 0xBDD5, 0xD6BA, 0xB554, 0xA46E, 0xB4D0,
  0x7AC8, 0x7286, 0x4163, 0x9471, 0x65DF, 0x0C3B, 0x34FC, 0x555D, 0x54FC, 0x1B18, 0x0111, 0x0192,
  0x01F4, 0x00D0, 0xA578, 0xFF35, 0xE611, 0xF693, 0xAD53, 0x0884, 0x00A6, 0x0001, 0x4DB7, 0x57FF,
  0x4FDF, 0x57FF, 0x22EC, 0x0861, 0x0882, 0x3C92, 0x57FF, 0x0862, 0x3D14, 0x2B6D, 0x19E8, 0x56BA,
  0x0041, 0x45F8, 0x234D, 0x19A7, 0x4FFF, 0x4FFF, 0x226A, 0x1A49, 0x4FFF, 0x47DF, 0x4FFF, 0x2229,
  0x0020, 0x0882, 0x3D14, 0x57DF, 0x2229, 0x0000, 0x1104, 0x4EFB, 0x46BB, 0x0861, 0x4638, 0x4FFF,
  0x3492, 0x0882, 0x57FF, 0x3514, 0x0861, 0x0000, 0x336E, 0x1125, 0x0000, 0x0800, 0x4659, 0x4FFF,
  0x5FFF, 0x5575, 0x0000, 0x779E, 0x3C51, 0x0000, 0x3D14, 0x37FF, 0x477D, 0x10E4, 0x0000, 0x0084,
  0x00A4, 0x0001, 0x10E5, 0x4F7E, 0x47FF, 0x35D6, 0x420A, 0xDDBF, 0xB49D, 0xC4FE, 0xCD5E, 0xC51E,
  0xC53E, 0xCD7E, 0xCD9E, 0xD5FE, 0xD5BE, 0xF69F, 0xBD9A, 0x116A, 0x94B6, 0xBD7C, 0xCD5E, 0xCD3F,
  0xC5BB, 0xDE7C, 0xBD5B, 0xC61A, 0xF71F, 0xDE1E, 0xDDFE, 0xCD7E, 0xC51E, 0xBCDE, 0xB47E, 0xB45E,
  0xAC1D, 0xAC9D, 0x6B52, 0x0968, 0x19AB, 0x19AA, 0x198A, 0x1189, 0x1169, 0x0949, 0x0908, 0x00C6,
  0x320A, 0x21A9, 0x0107, 0x0928, 0x0907, 0x0907, 0x0907, 0x0907, 0x0908, 0x08A6, 0xAE39, 0x2BDB,
  0x0152, 0x01B2, 0x0192, 0x0192, 0x0192, 0x01B3, 0x0215, 0x02B8, 0x0B7A, 0x0BDB, 0x13FB, 0x13FB,
  0x13FB, 0x141B, 0x141B, 0x141B, 0x141B, 0x143B, 0x143B, 0x143C, 0x143C, 0x1C3C, 0x1C5C, 0x1C7C,
  0x145C, 0x2C7C, 0xE77E, 0xFFBA, 0xFFBB, 0xFFBB, 0xFF9A, 0xFF9A, 0xFFBB, 0xFF38, 0xF717, 0xFF79,
  0xFF58, 0xFF37, 0xF6B4, 0xF673, 0xF693, 0xEE72, 0xEE52, 0xEE52, 0xEE52, 0xEE52, 0xEE51, 0xEE52,
  0xEE51, 0xEE51, 0xEE51, 0xEE51, 0xEE51, 0xEE51, 0xEE51, 0xEE51, 0xEE51, 0xEE51, 0xEE51, 0xEE51,
  0xEE51, 0xEE51, 0xEE51, 0xEE51, 0xEE51, 0xEE51, 0xEE51, 0xEE51, 0xEE51, 0xEE51, 0xF672, 0xF6D5,
  0xF6D4, 0xEE72, 0xF672, 0xDEB8, 0x3984, 0x83AC, 0xAD32, 0xACF1, 0xC5D5, 0x9450, 0x528A, 0x7BEF,
  0xAD33, 0xAD34, 0xA513, 0xC5F7, 0xC5F7, 0x8C2F, 0xAD33, 0xC617, 0xCE38, 0xAD12, 0xA491, 0xA46F,
  0x7266, 0x6A46, 0x28C2, 0xA596, 0x3D5E, 0x1C7C, 0x145C, 0x0BFB, 0x033A, 0x0236, 0x0171, 0x0171,
  0x01B2, 0x01B3, 0x1191, 0xE6F9, 0xF672, 0xE5F0, 0xF692, 0xB553, 0x0863, 0x0000, 0x4575, 0x57FF,
  0x4FDF, 0x4FFF, 0x579E, 0x577D, 0x4FBE, 0x4FFF, 0x47FF, 0x4F5D, 0x47DF, 0x4F9E, 0x4F7D, 0x47FF,
  0x4F5D, 0x479E, 0x4F9E, 0x4F7D, 0x47FF, 0x47FF, 0x4F9E, 0x4F9E, 0x47FF, 0x47FF, 0x4FFF, 0x4F9E,
  0x4F7D, 0x57DF, 0x4FFF, 0x47FF, 0x57FF, 0x4EDB, 0x57BF, 0x47FF, 0x47DF, 0x4F5D, 0x4FDF, 0x47FF,
  0x47BE, 0x4F5D, 0x47FF, 0x4FBE, 0x577D, 0x4F7E, 0x4FBE, 0x4F7D, 0x4F7D, 0x579E, 0x4FFF, 0x4FFF,
  0x5FFF, 0x5575, 0x0000, 0x77BE, 0x4471, 0x0000, 0x4534, 0x37FF, 0x479E, 0x1105, 0x0000, 0x0083,
  0x00A4, 0x0001, 0x10E5, 0x4F7E, 0x47FF, 0x3D95, 0x93F4, 0xD55F, 0xBCFE, 0xC4FE, 0xBCFE, 0xBCFE,
  0xC55E, 0xCD5E, 0xC53E, 0xC53E, 0xD5BE, 0xDE1E, 0xF69F, 0xB579, 0x324D, 0xDDFE, 0xD59E, 0xCD5E,
  0xD61D, 0xE65E, 0xF6FF, 0xFF5F, 0xFEFF, 0xE63F, 0xDDDF, 0xCD3E, 0xBCDE, 0xBCBE, 0xAC5E, 0xA41E,
  0xA3FE, 0xAC1E, 0xCCFF, 0x6B72, 0x0949, 0x19AA, 0x1189, 0x1169, 0x1169, 0x1148, 0x1148, 0x1149,
  0x0107, 0x0907, 0x0928, 0x0907, 0x0907, 0x0907, 0x0907, 0x0928, 0x0086, 0x638F, 0x865E, 0x0194,
  0x01B2, 0x01B2, 0x01B2, 0x01B3, 0x01F4, 0x0256, 0x0339, 0x0BBA, 0x0BDB, 0x0BDB, 0x13DB, 0x13FB,
  0x13FB, 0x13FB, 0x141B, 0x141B, 0x141B, 0x141B, 0x143C, 0x1C3C, 0x1C5C, 0x1C3C, 0x1C5C, 0x1C7C,
  0x1C5C, 0xD73F, 0xFFDB, 0xF77A, 0xFFBB, 0xFFBB, 0xFF9A, 0xFF7A, 0xFF9A, 0xFF59, 0xFF37, 0xFF79,
  0xFF58, 0xFF37, 0xF694, 0xF693, 0xF693, 0xEE72, 0xEE52, 0xEE52, 0xEE52, 0xEE52, 0xEE51, 0xEE52,
  0xEE51, 0xEE51, 0xEE51, 0xEE51, 0xEE51, 0xEE51, 0xEE51, 0xEE51, 0xEE51, 0xEE51, 0xEE51, 0xEE51,
  0xEE51, 0xEE51, 0xEE51, 0xEE51, 0xEE51, 0xEE51, 0xEE51, 0xEE51, 0xEE52, 0xEE51, 0xF693, 0xF6F5,
  0xF6B4, 0xEE52, 0xF6B4, 0xCE37, 0x49C5, 0x62A8, 0x732B, 0x62A9, 0x5247, 0x2924, 0x18C3, 0x2944,
  0x528A, 0x6B4D, 0x9471, 0xBDB6, 0xC617, 0xAD33, 0xAD33, 0xB595, 0xB553, 0xA490, 0xA4D1, 0x8B8B,
  0x7245, 0x59E4, 0x2903, 0xBEBC, 0x24DD, 0x1C7C, 0x1C7C, 0x1C5C, 0x0B59, 0x0235, 0x0151, 0x0171,
  0x0151, 0x01B2, 0x0111, 0x42D4, 0xFF17, 0xEE10, 0xE5F0, 0xFEB3, 0x73AE, 0x0000, 0x4534, 0x57FF,
  0x47DF, 0x4FFF, 0x4FFF, 0x4FFF, 0x47FF, 0x47FF, 0x47FF, 0x47FF, 0x47FF, 0x47FF, 0x47FF, 0x47FF,
  0x47FF, 0x47FF, 0x47FF, 0x47FF, 0x47FF, 0x47FF, 0x47FF, 0x47FF, 0x47FF, 0x47FF, 0x47FF, 0x47FF,
  0x47FF, 0x47FF, 0x47DF, 0x47FF, 0x47FF, 0x47FF, 0x47FF, 0x47DF, 0x3FFF, 0x47FF, 0x47FF, 0x3FFF,
  0x3FFF, 0x3FFF, 0x3FFF, 0x47FF, 0x4FFF, 0x47FF, 0x47FF, 0x47FF, 0x4FFF, 0x4FFF, 0x4FFF, 0x4FDF,
  0x5FFF, 0x4D34, 0x0821, 0x7FFF, 0x4451, 0x0000, 0x4514, 0x3FFF, 0x479E, 0x1125, 0x0000, 0x0083,
  0x00A4, 0x0001, 0x10E5, 0x577D, 0x47FF, 0x55D6, 0xC51A, 0xD59F, 0xCD5F, 0xCD3F, 0xCD1F, 0xD55F,
  0xD57F, 0xDDBF, 0xE5FF, 0xE61F, 0xDE1E, 0xDE3E, 0xE63E, 0xEE7F, 0x9CF6, 0xBD3A, 0xE65F, 0xCD7E,
  0xE63F, 0xD5BE, 0xEEDF, 0xDE9D, 0x7C14, 0x9CF7, 0xC5BB, 0xDDFE, 0xE5BF, 0xCD1F, 0xB4BE, 0xAC3D,
  0x9BDD, 0xA3DD, 0xA3FE, 0xB49D, 0x2A2B, 0x118A, 0x198A, 0x1169, 0x1169, 0x1148, 0x0928, 0x0928,
  0x0928, 0x0928, 0x0928, 0x0907, 0x0907, 0x0907, 0x0907, 0x0928, 0x08C6, 0x9E1A, 0x1BBA, 0x0172,
  0x01D3, 0x01B3, 0x01B3, 0x01D4, 0x0215, 0x0B59, 0x0BDB, 0x13DB, 0x13DB, 0x13FB, 0x13FB, 0x13FB,
  0x13FB, 0x13FB, 0x141B, 0x141B, 0x141B, 0x141B, 0x143B, 0x143C, 0x145C, 0x1C5C, 0x1C7C, 0x0C1C,
  0x965E, 0xFFFC, 0xF75A, 0xFF9B, 0xFF9B, 0xFFBC, 0xFF9B, 0xFF7A, 0xFF79, 0xFF79, 0xFF58, 0xFF9A,
  0xFF37, 0xFF17, 0xF693, 0xF693, 0xF6D5, 0xF673, 0xEE72, 0xEE52, 0xEE72, 0xEE52, 0xEE52, 0xEE52,
  0xEE52, 0xEE52, 0xEE52, 0xEE51, 0xEE51, 0xEE51, 0xEE51, 0xEE51, 0xEE51, 0xEE51, 0xEE51, 0xEE51,
  0xEE51, 0xEE51, 0xEE51, 0xEE51, 0xEE51, 0xEE51, 0xEE52, 0xEE52, 0xEE52, 0xEE52, 0xF6D4, 0xF6D5,
  0xF693, 0xEE31, 0xFF16, 0xAD75, 0x4184, 0x6288, 0x62A8, 0x7B6C, 0x7B8C, 0x6B2B, 0x5268, 0x2945,
  0x18A2, 0x0820, 0x0000, 0x18A3, 0x4A28, 0x7BAE, 0x9CB2, 0xB575, 0xBDB5, 0xB532, 0x9C4E, 0x938A,
  0x6204, 0x4143, 0x4A07, 0xE79F, 0x1C7C, 0x1C7C, 0x1C7C, 0x143B, 0x02F8, 0x0256, 0x0151, 0x0171,
  0x0171, 0x0130, 0x01D3, 0x00F1, 0x7C76, 0xFF14, 0xE611, 0xF671, 0xB573, 0x0000, 0x44F4, 0x57FF,
  0x4FDF, 0x4FFF, 0x4FFF, 0x4FFF, 0x4FFF, 0x4FFF, 0x4FFF, 0x47FF, 0x47FF, 0x47FF, 0x4FFF, 0x47FF,
  0x4FFF, 0x57FF, 0x57FF, 0x4FFF, 0x47FF, 0x57FF, 0x4FFF, 0x4FFF, 0x57FF, 0x57FF, 0x4FFF, 0x4FFF,
  0x57FF, 0x47FF, 0x4FFF, 0x4FFF, 0x47FF, 0x47FF, 0x47FF, 0x57FF, 0x4FFF, 0x47FF, 0x47FF, 0x4FFF,
  0x4FFF, 0x4FFF, 0x47FF, 0x47FF, 0x47FF, 0x47FF, 0x4FFF, 0x4FFF, 0x4FFF, 0x4FFF, 0x4FFF, 0x57DF,
  0x67FF, 0x4451, 0x0862, 0x7FFF, 0x4451, 0x0000, 0x3D14, 0x3FFF, 0x47BF, 0x1146, 0x0000, 0x0083,
  0x00A4, 0x0001, 0x10C4, 0x577D, 0x3FFF, 0x6EDB, 0xE63E, 0xD5DF, 0xC55C, 0xACB9, 0x9C58, 0x8416,
  0x7414, 0x6BD3, 0x63B3, 0x4B30, 0x5351, 0x6C13, 0x9CD7, 0xE65F, 0xEE9F, 0xDDDE, 0xE63F, 0xDDFE,
  0xD5DE, 0xD59E, 0xE65F, 0xD61E, 0x73B2, 0x6350, 0x324C, 0x2A2B, 0x73B2, 0xBD5B, 0xD59F, 0xC4FF,
  0xA3FE, 0x9BBD, 0x9BBD, 0xAC1F, 0x6332, 0x0948, 0x19AA, 0x1189, 0x1169, 0x1148, 0x0928, 0x0928,
  0x0928, 0x0928, 0x0928, 0x0908, 0x0907, 0x0907, 0x0928, 0x00A6, 0x4AAC, 0x7E7F, 0x0277, 0x01B3,
  0x01D4, 0x01D3, 0x01B3, 0x0256, 0x0B9A, 0x0BFB, 0x0BDB, 0x13DB, 0x13FB, 0x13FB, 0x13FB, 0x13FB,
  0x13FB, 0x13FB, 0x141B, 0x141B, 0x143B, 0x143B, 0x1C3B, 0x1C3C, 0x1C5C, 0x1C5C, 0x143C, 0x553D,
  0xFFDD, 0xFF79, 0xFF9B, 0xFF9B, 0xFF9B, 0xFFBC, 0xFF9A, 0xFF7A, 0xFF59, 0xFF9A, 0xFF59, 0xFF9A,
  0xFF37, 0xF6F6, 0xF673, 0xF6B4, 0xFF37, 0xF6B4, 0xEE72, 0xEE72, 0xEE52, 0xEE72, 0xEE52, 0xEE52,
  0xEE52, 0xEE52, 0xEE52, 0xEE52, 0xEE52, 0xEE51, 0xEE51, 0xEE51, 0xEE51, 0xEE52, 0xEE51, 0xEE51,
  0xEE51, 0xEE52, 0xEE51, 0xEE51, 0xEE52, 0xEE52, 0xEE52, 0xEE52, 0xEE52, 0xF693, 0xF6D5, 0xF6D5,
  0xEE52, 0xEE52, 0xF693, 0xE6FB, 0x3985, 0x7B4B, 0xBDB5, 0xD635, 0xE6B7, 0xD655, 0xD676, 0xE6D9,
  0xC5F5, 0x9CB1, 0x62EB, 0x39C7, 0x18C3, 0x1040, 0x20C3, 0x4A28, 0x7BAE, 0xAD12, 0x9C2D, 0x7AC8,
  0x51A3, 0x2081, 0x736D, 0xFFFF, 0x2C9C, 0x145C, 0x1C7C, 0x141B, 0x02D8, 0x0276, 0x0151, 0x0171,
  0x0171, 0x0151, 0x0150, 0x01B2, 0x0132, 0xC63A, 0xF6B3, 0xF630, 0xB594, 0x0001, 0x4472, 0x5FFF,
  0x4FDF, 0x4FFF, 0x4FFF, 0x4FFF, 0x4FFF, 0x47FF, 0x47FF, 0x47FF, 0x3FFF, 0x47FF, 0x47FF, 0x4FFF,
  0x44FC, 0x225A, 0x1A5A, 0x34BB, 0x57FF, 0x2ADA, 0x34FC, 0x577F, 0x2ABA, 0x19D9, 0x459D, 0x457D,
  0x2279, 0x5FBF, 0x2BBB, 0x347B, 0x4FFF, 0x4FFF, 0x467D, 0x2279, 0x227A, 0x46BE, 0x4F7F, 0x2AB9,
  0x227A, 0x2218, 0x4EBE, 0x47FF, 0x47FF, 0x47FF, 0x4FFF, 0x4FFF, 0x4FFF, 0x4FFF, 0x57FF, 0x5FDF,
  0x67FF, 0x3BCF, 0x0862, 0x7FFF, 0x4451, 0x0000, 0x4514, 0x3FFF, 0x47DF, 0x1166, 0x0000, 0x0083,
  0x00A4, 0x0001, 0x10C5, 0x577D, 0x37FF, 0x979F, 0xA496, 0x428D, 0x430F, 0x2A6C, 0x224C, 0x2A6D,
  0x2A6D, 0x220C, 0x19EC, 0x63F2, 0xCE7B, 0xEF1E, 0xE67E, 0xE63F, 0xDE3E, 0xDE1F, 0xE63F, 0xEE9F,
  0xE65F, 0xE67F, 0xDDFF, 0xDDDF, 0xEE7F, 0xE63F, 0xCDBD, 0x8476, 0x222C, 0x11AA, 0x63B1, 0xAD19,
  0xCD7E, 0xBCBF, 0xA3BE, 0x9BBE, 0x9419, 0x1188, 0x118A, 0x1189, 0x1169, 0x1148, 0x1148, 0x0928,
  0x0928, 0x0928, 0x0928, 0x0928, 0x0908, 0x0908, 0x0928, 0x0085, 0x8515, 0x561F, 0x0297, 0x01B3,
  0x01B3, 0x01B3, 0x02B7, 0x0BDB, 0x0BFB, 0x0BDB, 0x13DB, 0x13DB, 0x13FB, 0x13FB, 0x13FB, 0x13FB,
  0x141B, 0x141B, 0x141B, 0x141B, 0x143B, 0x143B, 0x143B, 0x1C5C, 0x1C5C, 0x1C5C, 0x1C7C, 0xE79E,
  0xFF9A, 0xF77A, 0xFF9B, 0xFF9A, 0xFFDC, 0xFFBB, 0xFFBB, 0xFF59, 0xFF58, 0xFF9A, 0xFF79, 0xFF9A,
  0xFF37, 0xF6F6, 0xEE72, 0xF6F5, 0xFF58, 0xF6F5, 0xEE52, 0xF672, 0xEE72, 0xEE72, 0xEE72, 0xEE52,
  0xEE52, 0xEE52, 0xEE52, 0xEE52, 0xEE52, 0xEE52, 0xEE52, 0xEE52, 0xEE52, 0xEE52, 0xEE52, 0xEE52,
  0xEE52, 0xEE52, 0xEE52, 0xEE52, 0xEE52, 0xEE52, 0xEE72, 0xEE52, 0xF672, 0xF6D4, 0xF6F5, 0xF6B4,
  0xEE52, 0xEE72, 0xEE31, 0xF6D6, 0xCE78, 0x6B0B, 0xAD11, 0xDE55, 0xDE55, 0xDE54, 0xD634, 0xDE97,
  0xE6B7, 0xDE55, 0xDE34, 0xCDF3, 0xBD93, 0xA4F1, 0x6B2C, 0x3145, 0x1081, 0x3985, 0x62C9, 0x8329,
  0x6204, 0x0820, 0xAD54, 0xFFFF, 0x34BC, 0x143C, 0x1C5C, 0x0BBA, 0x02D8, 0x0276, 0x0151, 0x0171,
  0x0171, 0x0171, 0x0151, 0x0171, 0x0110, 0x2A53, 0xF75A, 0xF610, 0xB595, 0x0001, 0x3BAF, 0x5FFF,
  0x4FDF, 0x4FFF, 0x57FF, 0x4FFF, 0x4FFF, 0x57FF, 0x57FF, 0x57FF, 0x57FF, 0x57FF, 0x47FF, 0x57FF,
  0x2B7B, 0x0019, 0x19D9, 0x0018, 0x4D9D, 0x08FA, 0x2BBB, 0x33FC, 0x0018, 0x1A1A, 0x2B1A, 0x3BFC,
  0x0019, 0x555D, 0x0018, 0x4DDD, 0x4FFF, 0x577F, 0x08F8, 0x0919, 0x08D9, 0x11BA, 0x56FE, 0x0018,
  0x119A, 0x1A39, 0x4EBE, 0x47FF, 0x47FF, 0x4FFF, 0x4FFF, 0x4FFF, 0x4FFF, 0x4FFF, 0x57FF, 0x57DF,
  0x6FFF, 0x3B8E, 0x0883, 0x87FF, 0x4C30, 0x0000, 0x4514, 0x3FFF, 0x47DF, 0x1166, 0x0000, 0x0084,
  0x00A4, 0x0001, 0x10A4, 0x4F5D, 0x3FFF, 0x6EDB, 0x0022, 0x0927, 0x4B30, 0x3ACF, 0x3AAF, 0x3ACF,
  0x3AAF, 0x3ACF, 0xBE3A, 0xFFFF, 0xFF7F, 0xEEDF, 0xE65F, 0xDE1E, 0xE67F, 0xD5DE, 0xEEBF, 0xEEBF,
  0xDE1F, 0xF71F, 0xE65F, 0xE61F, 0xEE7F, 0xE63F, 0xEEBF, 0xFFFF, 0xFFFF, 0x9537, 0x016B, 0x19CB,
  0x3A6C, 0x8C35, 0xBCDD, 0xAC3F, 0x9C1C, 0x220A, 0x116A, 0x1189, 0x1169, 0x1148, 0x0948, 0x0928,
  0x0928, 0x0928, 0x0928, 0x0928, 0x0928, 0x0928, 0x0928, 0x0907, 0x9E3A, 0x355E, 0x0B7A, 0x0297,
  0x0255, 0x0B39, 0x0BDB, 0x0BDB, 0x13DB, 0x13DB, 0x0BDB, 0x13DB, 0x13DB, 0x13DB, 0x13DB, 0x13FB,
  0x141B, 0x141B, 0x141B, 0x141B, 0x143B, 0x143B, 0x1C3C, 0x1C5C, 0x1C7C, 0x0C1C, 0x8E1E, 0xFFFC,
  0xF75A, 0xFF9B, 0xFFBB, 0xFFBB, 0xFFDD, 0xFFBB, 0xFFBB, 0xF717, 0xFF59, 0xFF9A, 0xFF9A, 0xFF7A,
  0xFF37, 0xF6D5, 0xEE73, 0xF716, 0xFF58, 0xFF37, 0xEE73, 0xEE72, 0xEE72, 0xEE72, 0xEE72, 0xEE52,
  0xEE52, 0xEE52, 0xEE52, 0xEE52, 0xEE52, 0xEE52, 0xEE52, 0xEE52, 0xEE52, 0xEE52, 0xEE52, 0xEE52,
  0xEE52, 0xEE52, 0xEE52, 0xEE52, 0xEE52, 0xEE52, 0xEE72, 0xEE52, 0xF6B4, 0xF6D5, 0xF6F5, 0xF693,
  0xEE52, 0xEE72, 0xEE72, 0xE631, 0xFF79, 0xE6FB, 0x738D, 0x62EA, 0x7B6B, 0xACAE, 0xE675, 0xEEF7,
  0xF739, 0xEF19, 0xE6D7, 0xCD91, 0xCDB2, 0xFFBC, 0xEF3A, 0xC593, 0x9C90, 0x62CA, 0x39A6, 0x6288,
  0x49A4, 0x18E3, 0xE73B, 0xF7DE, 0x451D, 0x143B, 0x143C, 0x0B9A, 0x02D8, 0x0276, 0x0151, 0x0171,
  0x0171, 0x0171, 0x0151, 0x0150, 0x0171, 0x00CF, 0x6C16, 0xFF55, 0xAD32, 0x0000, 0x3B6D, 0x5FFF,
  0x4FDF, 0x4FFF, 0x4FFF, 0x4FFF, 0x4F1E, 0x1199, 0x1159, 0x1159, 0x1159, 0x10F8, 0x463E, 0x57FF,
  0x2B9C, 0x08FA, 0x77FF, 0x00BA, 0x3BBC, 0x19BA, 0x33DB, 0x1A9B, 0x115A, 0x6FFF, 0x5FFF, 0x2BDC,
  0x093A, 0x1A3A, 0x19FA, 0x5FFF, 0x4FFF, 0x4E1D, 0x0017, 0x563E, 0x4DFD, 0x0018, 0x55DD, 0x0079,
  0x4DBD, 0x67FF, 0x4FFF, 0x47FF, 0x4FFF, 0x4FFF, 0x4FFF, 0x4FFF, 0x4FFF, 0x57FF, 0x57FF, 0x57DF,
  0x6FFF, 0x3B4D, 0x08A3, 0x87FF, 0x4410, 0x0000, 0x4534, 0x3FFF, 0x47DF, 0x1166, 0x0000, 0x0083,
  0x0083, 0x0001, 0x0883, 0x4F3C, 0x47FF, 0x569A, 0x0022, 0x1988, 0x53B2, 0x3ACF, 0x3ACF, 0x3ACF,
  0x4B51, 0xA598, 0xF79E, 0xE71D, 0xEF5E, 0xF73E, 0xF73F, 0xF75F, 0xF75F, 0xE69E, 0xF75F, 0xF73F,
  0xE6BE, 0xEF3E, 0xE69D, 0xCE1B, 0xC5F9, 0xBD98, 0xA556, 0x8C93, 0x6390, 0x3A4C, 0x19CC, 0x3ACF,
  0x096A, 0x0949, 0x324B, 0x9457, 0xB4BE, 0x2A0A, 0x1169, 0x1169, 0x1149, 0x1148, 0x0948, 0x0928,
  0x0928, 0x0928, 0x0928, 0x0928, 0x0928, 0x0928, 0x0108, 0x2168, 0x9EBC, 0x24DD, 0x0BDB, 0x0BDB,
  0x0BDB, 0x0BDB, 0x0BDB, 0x13DB, 0x13FB, 0x13DB, 0x13DB, 0x0BDB, 0x0BDB, 0x13DB, 0x13FB, 0x13FB,
  0x13FB, 0x141B, 0x141B, 0x141B, 0x143B, 0x1C3C, 0x1C5C, 0x1C7C, 0x145C, 0x4D3D, 0xFFFE, 0xFF9B,
  0xFF9B, 0xFF9B, 0xFFBB, 0xFFDD, 0xFFDD, 0xFFBB, 0xFF9A, 0xF717, 0xFF59, 0xFFBB, 0xFF9B, 0xFF59,
  0xFF38, 0xF6B4, 0xEE73, 0xFF16, 0xFF79, 0xFF58, 0xF6D5, 0xEE72, 0xF673, 0xEE72, 0xF672, 0xEE72,
  0xEE52, 0xEE52, 0xEE52, 0xEE52, 0xEE52, 0xEE52, 0xEE52, 0xEE52, 0xEE52, 0xEE52, 0xEE52, 0xEE52,
  0xEE52, 0xEE52, 0xEE52, 0xEE52, 0xEE52, 0xEE72, 0xEE52, 0xF672, 0xF6F6, 0xFEF6, 0xFF16, 0xF693,
  0xEE72, 0xEE72, 0xEE72, 0xEE72, 0xF6B4, 0xFF79, 0xFFFD, 0xD699, 0x9471, 0x62EA, 0x5A68, 0x7B6B,
  0x9C4E, 0xC593, 0xE6D8, 0xEEB7, 0xF739, 0xF739, 0xDE35, 0xDE55, 0xD655, 0xC616, 0x738E, 0x3986,
  0x0000, 0x9471, 0xEFBD, 0xBF1D, 0x4D7D, 0x0C1B, 0x143B, 0x0B7A, 0x02F9, 0x0276, 0x0151, 0x0171,
  0x0171, 0x0171, 0x0171, 0x0150, 0x0150, 0x0171, 0x00CF, 0xBDD7, 0xB593, 0x0000, 0x332D, 0x5FFF,
  0x4FDF, 0x4FFF, 0x4FFF, 0x4FFF, 0x4F5F, 0x2B7B, 0x2BBB, 0x2BDB, 0x2BDB, 0x2BBB, 0x56FE, 0x57FF,
  0x33BC, 0x0059, 0x337C, 0x0039, 0x551C, 0x115A, 0x2BDB, 0x4D9D, 0x0018, 0x117A, 0x571E, 0x3C7C,
  0x0059, 0x005A, 0x33DC, 0x57FF, 0x4FFF, 0x45DD, 0x0018, 0x56DE, 0x4E9E, 0x0018, 0x4CFC, 0x08FA,
  0x00B9, 0x11B9, 0x579F, 0x47FF, 0x4FFF, 0x47FF, 0x4FFF, 0x4FFF, 0x4FFF, 0x57FF, 0x57FF, 0x5FDF,
  0x6FFF, 0x330C, 0x10C4, 0x8FFF, 0x3BCF, 0x0000, 0x4555, 0x37FF, 0x47BF, 0x1146, 0x0000, 0x0083,
  0x00A4, 0x0021, 0x0863, 0x4F3C, 0x3FFF, 0x56DB, 0x0043, 0x1947, 0x5BD2, 0x4B50, 0x4330, 0x7CB5,
  0x8D17, 0x5BD2, 0x4B30, 0x42EF, 0x4B0F, 0x4B50, 0x4B30, 0x4B0F, 0x4B2F, 0x532F, 0x42CE, 0x326C,
  0x2A0B, 0x21CA, 0x21CA, 0x198A, 0x00C7, 0x00A6, 0x0086, 0x0066, 0x0087, 0x0109, 0x11AB, 0x3AEF,
  0x19CB, 0x19CB, 0x118A, 0x0948, 0x8433, 0x2A0B, 0x1169, 0x1169, 0x1169, 0x1148, 0x0948, 0x0928,
  0x0928, 0x0928, 0x0928, 0x0928, 0x0928, 0x0908, 0x0928, 0x10E6, 0x961A, 0x2CFD, 0x0BDB, 0x0BDB,
  0x0BBA, 0x0BDB, 0x13DB, 0x13DB, 0x13FB, 0x13FB, 0x13DB, 0x13DB, 0x13DB, 0x13DB, 0x13FB, 0x13FB,
  0x141B, 0x141B, 0x143B, 0x143B, 0x1C3B, 0x1C5C, 0x1C7C, 0x1C7C, 0x143C, 0xC75F, 0xFFFD, 0xFF9B,
  0xFF9B, 0xFFBB, 0xFFDC, 0xFFFE, 0xFFBC, 0xFFBC, 0xFF59, 0xF737, 0xFF58, 0xFFBB, 0xFFBB, 0xFF58,
  0xFF37, 0xF6B4, 0xF693, 0xFF17, 0xFF79, 0xFF58, 0xFF37, 0xF693, 0xEE73, 0xF672, 0xEE72, 0xEE72,
  0xEE72, 0xEE72, 0xEE72, 0xEE52, 0xEE52, 0xEE52, 0xEE52, 0xEE52, 0xEE52, 0xEE52, 0xEE52, 0xEE52,
  0xEE72, 0xEE72, 0xF672, 0xEE72, 0xEE72, 0xEE52, 0xEE72, 0xFF16, 0xFF16, 0xFF16, 0xF6F6, 0xEE72,
  0xF672, 0xEE73, 0xEE73, 0xEE72, 0xF716, 0xF737, 0xF717, 0xFF58, 0xFFFC, 0xFFBD, 0xD679, 0x94B3,
  0x6B4D, 0x5289, 0x4A48, 0x738C, 0x83AC, 0x734A, 0x838C, 0x734B, 0x5A88, 0x5226, 0x5248, 0x1062,
  0x632C, 0xFFFE, 0x965B, 0x5DFE, 0x5DBD, 0x0C1B, 0x1C5C, 0x0B5A, 0x02F9, 0x0256, 0x0151, 0x0171,
  0x0151, 0x0171, 0x0171, 0x0151, 0x0150, 0x0171, 0x0110, 0x2A32, 0x7DDA, 0x0000, 0x332D, 0x67FF,
  0x4FDF, 0x4FFF, 0x4FFF, 0x4FFF, 0x57FF, 0x56BE, 0x447C, 0x3C5C, 0x3C7C, 0x345C, 0x4EDE, 0x57FF,
  0x33DC, 0x0059, 0x0059, 0x19FA, 0x6FFF, 0x08FA, 0x237B, 0x67FF, 0x3CBC, 0x0059, 0x1A1A, 0x447D,
  0x001A, 0x005A, 0x19DA, 0x57DF, 0x4FFF, 0x45DD, 0x0018, 0x56FF, 0x4EBE, 0x0038, 0x4D1C, 0x00DA,
  0x19FA, 0x2AFA, 0x579F, 0x4FFF, 0x4FFF, 0x47FF, 0x4FFF, 0x4FFF, 0x4FFF, 0x57FF, 0x5FFF, 0x5FFF,
  0x6FFF, 0x2AAB, 0x1925, 0x8FFF, 0x330C, 0x0000, 0x45B7, 0x3FFF, 0x479E, 0x1105, 0x0000, 0x0083,
  0x00C4, 0x0022, 0x0862, 0x4F1C, 0x3FFF, 0x4F3D, 0x00A4, 0x1927, 0x5BF2, 0x5391, 0x5BD2, 0x9D98,
  0x9D99, 0x7495, 0x6C54, 0x6413, 0x5BD3, 0x53B2, 0x4B71, 0x4330, 0x3B10, 0x32AF, 0x328E, 0x2A8E,
  0x222D, 0x19EC, 0x19EC, 0x11CC, 0x116A, 0x094A, 0x0929, 0x0908, 0x0929, 0x116A, 0x118B, 0x4330,
  0x19CB, 0x19AA, 0x19AA, 0x19AA, 0x1169, 0x118A, 0x1189, 0x1169, 0x1169, 0x1148, 0x1148, 0x0948,
  0x0928, 0x0928, 0x0928, 0x0928, 0x0928, 0x0907, 0x0928, 0x0085, 0x9DD8, 0x3D5E, 0x0BBA, 0x13FB,
  0x13DB, 0x13DB, 0x13DB, 0x13FB, 0x13FB, 0x13DB, 0x13DB, 0x13FB, 0x13FB, 0x13FB, 0x13DB, 0x13FB,
  0x141B, 0x141B, 0x143B, 0x1C3B, 0x1C5C, 0x1C7C, 0x249C, 0x143C, 0x65DD, 0xF7FF, 0xFFDD, 0xFFBC,
  0xFF9A, 0xFFBB, 0xFFFD, 0xFFFE, 0xFFDC, 0xFFDC, 0xFF38, 0xF738, 0xFF58, 0xFFBB, 0xFFBB, 0xFF58,
  0xFF37, 0xF6B4, 0xF693, 0xFF37, 0xFF79, 0xFF58, 0xFF38, 0xF6F5, 0xEE72, 0xF693, 0xF672, 0xEE72,
  0xEE72, 0xEE72, 0xEE72, 0xEE72, 0xEE72, 0xEE72, 0xEE72, 0xEE52, 0xEE52, 0xEE52, 0xEE72, 0xEE52,
  0xEE72, 0xEE72, 0xEE72, 0xEE72, 0xEE72, 0xEE52, 0xF6F5, 0xFF37, 0xFF16, 0xFF37, 0xF6D5, 0xEE72,
  0xF673, 0xF673, 0xF693, 0xEE93, 0xFF17, 0xFF37, 0xFF38, 0xF717, 0xF6D5, 0xF6D5, 0xFF99, 0xFFFC,
  0xFFFE, 0xFFFE, 0xEF5C, 0xCE99, 0xAD55, 0x8410, 0x6B4D, 0x5269, 0x528A, 0x6B4C, 0x83EF, 0xC5F7,
  0xFFFF, 0xA6BE, 0x2CFD, 0x65FE, 0x6E1D, 0x143C, 0x1C9C, 0x0B5A, 0x02D8, 0x0235, 0x0151, 0x0171,
  0x0151, 0x0151, 0x0151, 0x0151, 0x0151, 0x0150, 0x0171, 0x0110, 0x555A, 0x00A3, 0x32EC, 0x5FFF,
  0x4FDF, 0x4FFF, 0x4FFF, 0x4FFF, 0x57DF, 0x347B, 0x1A3A, 0x11FA, 0x1219, 0x19D9, 0x463E, 0x5FFF,
  0x2B9B, 0x117A, 0x43DC, 0x00B9, 0x677F, 0x113A, 0x2BDC, 0x4EDE, 0x67FF, 0x3C5C, 0x08D9, 0x43FC,
  0x00DA, 0x3B9B, 0x0039, 0x567E, 0x4FFF, 0x4E7E, 0x0018, 0x4DFD, 0x4D9D, 0x0018, 0x559C, 0x0099,
  0x4DDD, 0x5FFF, 0x47FF, 0x4FFF, 0x47FF, 0x4FFF, 0x4FFF, 0x4FFF, 0x4FFF, 0x57FF, 0x5FFF, 0x5FFF,
  0x77FF, 0x2A4A, 0x19A7, 0x97FF, 0x2A29, 0x0000, 0x4E18, 0x3FFF, 0x475D, 0x08A3, 0x0001, 0x00A4,
  0x00C4, 0x0022, 0x0022, 0x4EBB, 0x3FFF, 0x579E, 0x0905, 0x08C5, 0x63F3, 0x5BB2, 0x63F2, 0x9D98,
  0x9558, 0x6C34, 0x6413, 0x6413, 0x5BF3, 0x5391, 0x4B51, 0x4330, 0x4310, 0x3AEF, 0x32AE, 0x328E,
  0x222D, 0x19CB, 0x19CB, 0x118A, 0x094A, 0x0949, 0x0929, 0x00E8, 0x0929, 0x096A, 0x11AB, 0x4330,
  0x19AA, 0x19AA, 0x11AA, 0x19AA, 0x19AA, 0x118A, 0x1189, 0x1169, 0x1169, 0x1148, 0x1148, 0x0948,
  0x0928, 0x0928, 0x0928, 0x0928, 0x0928, 0x0907, 0x0928, 0x0085, 0x8535, 0x4DBF, 0x0BBA, 0x141B,
  0x13FB, 0x13FB, 0x13FB, 0x13FB, 0x13FB, 0x13FB, 0x13FB, 0x13FB, 0x141B, 0x13FB, 0x13FB, 0x141B,
  0x141B, 0x143B, 0x1C3B, 0x1C5C, 0x1C5C, 0x1C7C, 0x145C, 0x3CFC, 0xAF7F, 0xFFDD, 0xFFBB, 0xFFDC,
  0xFFBB, 0xFFDD, 0xFFFE, 0xFFFD, 0xFFDC, 0xFF9B, 0xF738, 0xFF58, 0xFF59, 0xFFBB, 0xFFBB, 0xFF58,
  0xF6F6, 0xF6B4, 0xF6B4, 0xFF37, 0xFF79, 0xFF58, 0xFF37, 0xFF37, 0xF6B4, 0xF673, 0xF673, 0xEE72,
  0xEE72, 0xEE72, 0xEE72, 0xEE72, 0xEE72, 0xEE72, 0xEE72, 0xEE72, 0xEE52, 0xEE72, 0xEE72, 0xEE72,
  0xEE72, 0xEE72, 0xF672, 0xF672, 0xEE52, 0xF6D5, 0xFF37, 0xFF16, 0xFF16, 0xFF37, 0xF693, 0xEE72,
  0xF673, 0xF693, 0xF693, 0xF6B4, 0xFF57, 0xFF38, 0xFF38, 0xF717, 0xF6D5, 0xF6D5, 0xF717, 0xF717,
  0xF717, 0xF738, 0xFFBB, 0xFFFC, 0xFFFF, 0xFFFF, 0xFFFF, 0xFFFF, 0xFFFF, 0xFFFF, 0xFFFF, 0xBF5F,
  0x55BD, 0x147C, 0x1CBC, 0x5DDD, 0x763E, 0x143C, 0x1C9C, 0x0B7A, 0x02B8, 0x0235, 0x0151, 0x0171,
  0x0171, 0x0171, 0x0171, 0x0171, 0x0151, 0x0151, 0x0171, 0x00F0, 0x44FA, 0x1145, 0x2ACB, 0x5FFF,
  0x4FDF, 0x4FFF, 0x4FFF, 0x4FFF, 0x4FFF, 0x57FF, 0x57FF, 0x57FF, 0x5FFF, 0x5FFF, 0x4FFF, 0x5FFF,
  0x2B5B, 0x0099, 0x663E, 0x0018, 0x4C9C, 0x08FA, 0x33DB, 0x2B3B, 0x0038, 0x0039, 0x229A, 0x3C5C,
  0x0019, 0x5E1D, 0x0019, 0x2B7C, 0x57FF, 0x57BF, 0x115A, 0x0059, 0x0059, 0x119A, 0x5EFE, 0x0018,
  0x3D3D, 0x4FFF, 0x47FF, 0x4FFF, 0x4FFF, 0x4FFF, 0x4FFF, 0x4FFF, 0x4FFF, 0x57FF, 0x57FF, 0x5FFF,
  0x77FF, 0x21C8, 0x2229, 0x97FF, 0x2209, 0x0000, 0x4EBA, 0x3FFF, 0x471C, 0x0862, 0x0001, 0x00A4,
  0x00C4, 0x0042, 0x0001, 0x4DF8, 0x3FFF, 0x57DF, 0x1146, 0x0084, 0x6413, 0x63F2, 0x63F2, 0x9D98,
  0x8D58, 0x6434, 0x6413, 0x5BF3, 0x5BF3, 0x4B71, 0x4330, 0x4330, 0x430F, 0x3ACF, 0x32AE, 0x2A6D,
  0x220C, 0x19AB, 0x19EC, 0x11AB, 0x096A, 0x096A, 0x0929, 0x00E8, 0x0949, 0x096A, 0x11AB, 0x3B10,
  0x118A, 0x19AA, 0x19AA, 0x11AA, 0x118A, 0x118A, 0x1189, 0x1169, 0x1169, 0x1148, 0x1148, 0x0948,
  0x0948, 0x0928, 0x0928, 0x0928, 0x0908, 0x0907, 0x0928, 0x0086, 0x63D0, 0x767F, 0x03BA, 0x141B,
  0x13FB, 0x13FB, 0x13FB, 0x13FB, 0x13FB, 0x13FB, 0x13FB, 0x13FB, 0x141B, 0x141B, 0x141B, 0x141B,
  0x143B, 0x1C3B, 0x1C3B, 0x1C5C, 0x1C7C, 0x145C, 0x247C, 0x7EDF, 0xCF9F, 0xFF9B, 0xFFBC, 0xFFDD,
  0xFFDD, 0xFFFE, 0xFFFD, 0xFFDD, 0xFFDC, 0xFF59, 0xFF59, 0xFF59, 0xFF79, 0xFFDC, 0xFF9A, 0xFF58,
  0xF6F5, 0xF6B4, 0xF6B4, 0xFF38, 0xFF79, 0xFF58, 0xFF38, 0xFF37, 0xFF17, 0xF693, 0xF693, 0xF673,
  0xF672, 0xEE72, 0xEE72, 0xEE72, 0xEE72, 0xEE72, 0xEE72, 0xEE72, 0xEE72, 0xEE72, 0xEE72, 0xEE72,
  0xF672, 0xEE72, 0xF693, 0xEE72, 0xF6B4, 0xFF37, 0xFF17, 0xFF37, 0xFF37, 0xF716, 0xEE72, 0xF693,
  0xF693, 0xF693, 0xF673, 0xF6D5, 0xFF58, 0xFF58, 0xFF58, 0xF6F6, 0xF6D5, 0xF6D5, 0xFF38, 0xFF38,
  0xFF58, 0xF738, 0xFF9B, 0xFF7A, 0xF79B, 0xFF9B, 0xF79B, 0xFFDD, 0xFFDD, 0xFFBC, 0xFFDE, 0x459D,
  0x24FD, 0x249C, 0x1CBC, 0x5DDD, 0x867E, 0x143C, 0x1C7C, 0x13DB, 0x02B8, 0x01F4, 0x0151, 0x0171,
  0x0171, 0x0171, 0x0171, 0x0171, 0x0171, 0x0171, 0x0171, 0x0111, 0x44BA, 0x1165, 0x22AB, 0x5FFF,
  0x4FDF, 0x4FFF, 0x4FFF, 0x4FFF, 0x4FFF, 0x4FFF, 0x4FFF, 0x4FFF, 0x4FFF, 0x47FF, 0x4FFF, 0x57FF,
  0x455D, 0x2B7B, 0x5FBF, 0x2B9C, 0x44DC, 0x3BFB, 0x3D7C, 0x4EBE, 0x227B, 0x227A, 0x573E, 0x45FE,
  0x2B1B, 0x579F, 0x341C, 0x33BB, 0x57FF, 0x4FFF, 0x4E9E, 0x22DB, 0x225A, 0x4E7D, 0x57BF, 0x2B3A,
  0x465E, 0x4FFF, 0x47FF, 0x4FFF, 0x4FFF, 0x4FFF, 0x4FFF, 0x57FF, 0x57FF, 0x57FF, 0x57FF, 0x57FF,
  0x77FF, 0x1946, 0x2A8A, 0x97FF, 0x19E8, 0x0000, 0x46DB, 0x3FFF, 0x3EBB, 0x0021, 0x0001, 0x00C4,
  0x00C5, 0x0042, 0x0000, 0x45B7, 0x47FF, 0x4FFF, 0x1A2A, 0x0043, 0x63F2, 0x63F3, 0x6413, 0x9DB9,
  0x9558, 0x6C54, 0x63F3, 0x5BF3, 0x5BF3, 0x4B71, 0x4330, 0x4310, 0x3B0F, 0x3ACF, 0x32AE, 0x2A4D,
  0x222D, 0x11AB, 0x19CC, 0x11AB, 0x096A, 0x096A, 0x0929, 0x00E8, 0x0929, 0x096A, 0x11AC, 0x3B30,
  0x118A, 0x11AA, 0x118A, 0x118A, 0x118A, 0x1189, 0x1189, 0x1169, 0x1169, 0x1148, 0x1148, 0x1148,
  0x0948, 0x0928, 0x0928, 0x0928, 0x0908, 0x0907, 0x0928, 0x00A6, 0x322A, 0x9EDE, 0x039A, 0x141B,
  0x141B, 0x141B, 0x141B, 0x13FB, 0x141B, 0x13FB, 0x13FB, 0x141B, 0x141B, 0x141B, 0x143B, 0x141B,
  0x143B, 0x1C3C, 0x1C5C, 0x1C7C, 0x1C5C, 0x147C, 0x765E, 0xA75E, 0xFFDD, 0xFFBC, 0xFFFE, 0xFFFF,
  0xFFFE, 0xFFFE, 0xFFFD, 0xFFFD, 0xFFBC, 0xFF59, 0xFF59, 0xFF59, 0xFF9A, 0xFFDC, 0xFF7A, 0xFF58,
  0xF6D5, 0xF6B4, 0xF6B4, 0xFF58, 0xFF79, 0xFF58, 0xFF58, 0xFF37, 0xFF37, 0xF6F6, 0xF693, 0xF693,
  0xEE73, 0xEE72, 0xEE72, 0xEE72, 0xEE72, 0xEE72, 0xEE72, 0xEE72, 0xEE72, 0xEE72, 0xEE72, 0xEE72,
  0xF672, 0xF673, 0xEE72, 0xF693, 0xFF37, 0xFF17, 0xFF37, 0xFF37, 0xFF37, 0xF6B4, 0xEE72, 0xF693,
  0xF693, 0xF693, 0xF673, 0xF716, 0xFF58, 0xFF58, 0xFF58, 0xF6F6, 0xF6F6, 0xF6D5, 0xFF58, 0xFF38,
  0xFF58, 0xFF59, 0xFFDC, 0xE73B, 0xEF7C, 0xFFDD, 0xFF9B, 0xFFBC, 0xFFDD, 0xFFDD, 0xFFDE, 0x5DFD,
  0x2CFD, 0x1C7C, 0x147C, 0x5D9D, 0x8E9E, 0x0C3C, 0x1C7C, 0x13FB, 0x02F9, 0x01F4, 0x0151, 0x0172,
  0x0171, 0x0171, 0x0171, 0x0171, 0x0171, 0x0151, 0x0171, 0x00F1, 0x4CDA, 0x19A6, 0x22AB, 0x5FFF,
  0x4FDF, 0x4FFF, 0x57FF, 0x4FFF, 0x4FFF, 0x4FFF, 0x4FFF, 0x4FFF, 0x47FF, 0x4FFF, 0x4FFF, 0x47FF,
  0x4FFF, 0x57FF, 0x47FF, 0x57FF, 0x4FFF, 0x4FFF, 0x4FFF, 0x4FFF, 0x5FFF, 0x57FF, 0x47FF, 0x4FFF,
  0x57FF, 0x47FF, 0x57FF, 0x57FF, 0x47FF, 0x47FF, 0x4FFF, 0x57FF, 0x57FF, 0x4FFF, 0x47FF, 0x57FF,
  0x4FFF, 0x47FF, 0x4FFF, 0x4FFF, 0x47FF, 0x4FFF, 0x4FFF, 0x4FFF, 0x57FF, 0x57FF, 0x57FF, 0x57FF,
  0x6FFF, 0x1946, 0x32CB, 0x97FF, 0x10E4, 0x0842, 0x4F3D, 0x3FFF, 0x3DF7, 0x0000, 0x0021, 0x00C4,
  0x00E5, 0x0063, 0x0000, 0x44F4, 0x47FF, 0x4FFF, 0x2AAB, 0x0001, 0x5BD1, 0x6413, 0x6413, 0x9DB9,
  0x9578, 0x6C55, 0x63F3, 0x5BF3, 0x5BD3, 0x5392, 0x4330, 0x4310, 0x3AEF, 0x3AEF, 0x32AE, 0x2A4D,
  0x222D, 0x19AB, 0x19CC, 0x11AB, 0x096A, 0x096A, 0x0929, 0x00E8, 0x0929, 0x094A, 0x11CC, 0x4330,
  0x1169, 0x118A, 0x118A, 0x118A, 0x1189, 0x1189, 0x1169, 0x1169, 0x1169, 0x1148, 0x1148, 0x1148,
  0x0948, 0x0928, 0x0928, 0x0928, 0x0908, 0x0907, 0x0907, 0x0908, 0x00A6, 0xAE59, 0x349D, 0x039A,
  0x1C5B, 0x141B, 0x141B, 0x141B, 0x141B, 0x141B, 0x141B, 0x141B, 0x143B, 0x143B, 0x143B, 0x143B,
  0x143B, 0x1C3B, 0x1C5B, 0x1C7C, 0x2CFD, 0xB73F, 0xEFFF, 0xFFFF, 0xFFFF, 0xFFFF, 0xE71B, 0xC659,
  0xFFFF, 0xFFFD, 0xFFFD, 0xFFFD, 0xFF7A, 0xFF59, 0xFF59, 0xFF59, 0xFFBB, 0xFFDC, 0xFF7A, 0xFF58,
  0xF6D5, 0xF6D5, 0xF6B5, 0xFF59, 0xFF79, 0xFF58, 0xFF58, 0xFF37, 0xFF17, 0xFF37, 0xF6F5, 0xF693,
  0xEE93, 0xEE73, 0xEE73, 0xEE72, 0xEE73, 0xEE73, 0xEE72, 0xEE72, 0xEE73, 0xEE73, 0xF672, 0xEE72,
  0xF693, 0xEE72, 0xF693, 0xFF37, 0xFF37, 0xFF37, 0xFF37, 0xFF37, 0xFF17, 0xEE73, 0xF693, 0xF693,
  0xF693, 0xF693, 0xF6B4, 0xFF37, 0xFF58, 0xFF58, 0xFF38, 0xF717, 0xF6B5, 0xF6F6, 0xFF58, 0xFF58,
  0xFF58, 0xF779, 0xFFFF, 0x9CF3, 0x94B2, 0xFFFF, 0xFF9B, 0xFFBC, 0xFFDD, 0xFFDD, 0xEFDF, 0x55FE,
  0x2CFD, 0x145C, 0x0C3C, 0x75DD, 0x9EDE, 0x0C1C, 0x1C5C, 0x13FB, 0x033A, 0x01F4, 0x0151, 0x0172,
  0x0171, 0x0171, 0x0171, 0x0171, 0x0171, 0x0150, 0x0171, 0x0111, 0x44FB, 0x1A08, 0x228B, 0x5FFF,
  0x4FDF, 0x57FF, 0x4FFF, 0x4FFF, 0x57FF, 0x5FFF, 0x4FFF, 0x57FF, 0x57FF, 0x47FF, 0x57FF, 0x4FFF,
  0x57FF, 0x57FF, 0x57FF, 0x57FF, 0x57FF, 0x57FF, 0x57FF, 0x57FF, 0x47FF, 0x4FFF, 0x57FF, 0x4FFF,
  0x4FFF, 0x57FF, 0x57FF, 0x57FF, 0x47FF, 0x4FFF, 0x4FFF, 0x47FF, 0x4FFF, 0x57FF, 0x57FF, 0x47FF,
  0x4FFF, 0x57FF, 0x4FFF, 0x4FFF, 0x57FF, 0x4FFF, 0x5FFF, 0x57FF, 0x4FFF, 0x57FF, 0x57FF, 0x57FF,
  0x6FFF, 0x1125, 0x3B4E, 0x8FFF, 0x0862, 0x10E4, 0x4FBF, 0x3FFF, 0x3DB6, 0x0000, 0x0022, 0x00A4,
  0x00E5, 0x0063, 0x0000, 0x33D0, 0x47FF, 0x4FFF, 0x336E, 0x0000, 0x5370, 0x6C54, 0x63F3, 0x9DB9,
  0x9578, 0x6C75, 0x63F3, 0x5BF3, 0x5BF3, 0x53B2, 0x4350, 0x430F, 0x3AEF, 0x3ACF, 0x328E, 0x2A6D,
  0x222D, 0x11AB, 0x19CC, 0x11AB, 0x096A, 0x096A, 0x0929, 0x00E8, 0x0929, 0x094A, 0x19EC, 0x4330,
  0x1169, 0x118A, 0x118A, 0x118A, 0x1189, 0x1189, 0x1169, 0x1169, 0x1169, 0x1148, 0x1148, 0x1148,
  0x1148, 0x0928, 0x0928, 0x0928, 0x0928, 0x0908, 0x0907, 0x0928, 0x00A6, 0x52ED, 0xBF3F, 0x037A,
  0x145B, 0x247B, 0x13FB, 0x141B, 0x141B, 0x141B, 0x141B, 0x143B, 0x1C3B, 0x143B, 0x143B, 0x141B,
  0x143B, 0x1C7C, 0x2CFC, 0x6E5F, 0xCF9F, 0x7BF0, 0x8C93, 0xDEFB, 0xA576, 0x52ED, 0x08E6, 0x21A8,
  0xFFFE, 0xFFFD, 0xFFFD, 0xFFBC, 0xFF59, 0xFF79, 0xFF59, 0xFF7A, 0xFFDC, 0xFFDC, 0xFF7A, 0xFF58,
  0xF6D5, 0xF6D5, 0xF6D5, 0xFF59, 0xFF7A, 0xFF79, 0xFF59, 0xFF58, 0xFF37, 0xFF37, 0xFF37, 0xF6D5,
  0xEE93, 0xF693, 0xF673, 0xEE73, 0xEE73, 0xEE73, 0xEE73, 0xEE73, 0xF673, 0xF673, 0xF673, 0xF693,
  0xEE72, 0xF693, 0xFF38, 0xFF58, 0xFF37, 0xFF37, 0xFF37, 0xFF38, 0xF6B4, 0xEE73, 0xF693, 0xF693,
  0xF693, 0xEE73, 0xF6D5, 0xFF58, 0xFF58, 0xFF58, 0xFF37, 0xFF38, 0xEE73, 0xF6F6, 0xFF58, 0xFF58,
  0xFF58, 0xFF7A, 0xFFFF, 0x8CB2, 0x2987, 0xFFFF, 0xFF9B, 0xFFBC, 0xFFDD, 0xFFDD, 0xFFFF, 0x55FE,
  0x24BC, 0x1C5C, 0x0C3C, 0x75FD, 0xAEFE, 0x0C1B, 0x1C7C, 0x143B, 0x0B7A, 0x01F4, 0x0151, 0x0172,
  0x0172, 0x0171, 0x0171, 0x0171, 0x0171, 0x0151, 0x0171, 0x00F1, 0x44FB, 0x2AAA, 0x19E8, 0x5FFF,
  0x4FFF, 0x4FFF, 0x4FFF, 0x57FF, 0x459D, 0x229A, 0x56FE, 0x22BA, 0x3C1B, 0x5FFF, 0x1A7A, 0x4D5D,
  0x3C3B, 0x227A, 0x1A3A, 0x3C1B, 0x3C3B, 0x227A, 0x1A39, 0x345B, 0x5FFF, 0x2BDB, 0x1139, 0x33FB,
  0x349B, 0x229A, 0x231B, 0x1A79, 0x455C, 0x22BA, 0x457D, 0x5FFF, 0x2B9B, 0x1159, 0x2B3B, 0x57DF,
  0x461E, 0x2239, 0x4E1D, 0x463E, 0x229A, 0x56FE, 0x22B9, 0x3CDB, 0x57FF, 0x57FF, 0x57FF, 0x57FF,
  0x77FF, 0x10E4, 0x43AF, 0x879E, 0x0001, 0x1966, 0x4FFF, 0x3FFF, 0x3D14, 0x0000, 0x0042, 0x00A4,
  0x00E5, 0x0063, 0x0000, 0x22AB, 0x4FFF, 0x47FF, 0x3CB3, 0x0000, 0x4AEE, 0x7495, 0x6413, 0x9D98,
  0x9578, 0x7475, 0x6413, 0x5BF3, 0x5BF3, 0x53B2, 0x4B50, 0x430F, 0x3ACF, 0x32CF, 0x328E, 0x2A4D,
  0x222D, 0x118A, 0x19CC, 0x11AB, 0x116A, 0x118A, 0x0929, 0x00E8, 0x0949, 0x094A, 0x1A0D, 0x3B10,
  0x1149, 0x118A, 0x1189, 0x1189, 0x1189, 0x1169, 0x1169, 0x1169, 0x1169, 0x1148, 0x1148, 0x1148,
  0x1148, 0x0928, 0x0928, 0x0928, 0x0928, 0x0928, 0x0928, 0x0907, 0x0928, 0x0065, 0x8492, 0xAF1F,
  0x1C3C, 0x1C9C, 0x143B, 0x141B, 0x1C5B, 0x1C5B, 0x247C, 0x1C5B, 0x143B, 0x145B, 0x1C7B, 0x24DC,
  0x45BE, 0x7E9F, 0xB73F, 0xBE19, 0x4A6B, 0x0065, 0x00C6, 0x0907, 0x0086, 0x00A6, 0x00C7, 0x1988,
  0xF79D, 0xFFFD, 0xFFFE, 0xFF7A, 0xFF7A, 0xFF7A, 0xFF59, 0xFF9A, 0xFFDC, 0xFFBC, 0xFF9A, 0xF717,
  0xF6D5, 0xF6D5, 0xF6F5, 0xFF59, 0xFF7A, 0xFF79, 0xFF59, 0xFF58, 0xFF37, 0xFF37, 0xFF37, 0xFF37,
  0xF6F5, 0xEE93, 0xEE93, 0xEE93, 0xEE73, 0xEE73, 0xEE73, 0xEE73, 0xEE73, 0xEE73, 0xF693, 0xF673,
  0xF694, 0xFF37, 0xFF58, 0xFF38, 0xFF38, 0xFF37, 0xFF38, 0xF6F6, 0xEE72, 0xF693, 0xEE93, 0xF693,
  0xF693, 0xF693, 0xFF37, 0xFF59, 0xFF58, 0xFF58, 0xFF38, 0xF717, 0xEE52, 0xF716, 0xFF79, 0xFF59,
  0xFF58, 0xFF9B, 0xFFFF, 0x73F0, 0x0002, 0xBDF7, 0xFFFF, 0xFF9C, 0xFFDD, 0xFFDD, 0xFFFF, 0x5E1E,
  0x1C9C, 0x1C5C, 0x0C1B, 0x75FD, 0xAEDE, 0x0C1B, 0x1C7C, 0x143B, 0x0BDB, 0x01D4, 0x0171, 0x0192,
  0x0172, 0x0171, 0x0171, 0x0171, 0x0171, 0x0171, 0x0171, 0x00F1, 0x44DB, 0x2B2C, 0x1146, 0x5FFF,
  0x4FFF, 0x4FFF, 0x4FDF, 0x57FF, 0x3C5C, 0x0018, 0x5E5D, 0x009A, 0x08B9, 0x677E, 0x0079, 0x443C,
  0x227B, 0x0019, 0x08D9, 0x337A, 0x221B, 0x0039, 0x0919, 0x447C, 0x4CFC, 0x0018, 0x19BA, 0x19F9,
  0x2B1A, 0x0059, 0x0039, 0x0919, 0x4C7C, 0x0019, 0x3D1D, 0x4D5C, 0x0018, 0x19DA, 0x0019, 0x3CBC,
  0x4D9D, 0x0018, 0x339B, 0x451D, 0x0019, 0x569D, 0x0018, 0x2B3A, 0x5FFF, 0x57DF, 0x5FFF, 0x5FFF,
  0x6FFF, 0x0883, 0x4C32, 0x86FC, 0x0000, 0x226B, 0x47FF, 0x3FFF, 0x2C10, 0x0000, 0x0042, 0x00C5,
  0x00E5, 0x0083, 0x0001, 0x2209, 0x4FFF, 0x47FF, 0x4DB7, 0x0000, 0x324B, 0x7CB5, 0x6413, 0x9D98,
  0x9578, 0x7495, 0x6413, 0x5BF3, 0x5BF3, 0x5BD2, 0x4B51, 0x4310, 0x3AEF, 0x3ACF, 0x32AE, 0x2A6D,
  0x222D, 0x118B, 0x19CC, 0x118B, 0x116A, 0x118A, 0x0929, 0x0108, 0x094A, 0x094A, 0x224E, 0x32CF,
  0x1149, 0x11AA, 0x1189, 0x1189, 0x1189, 0x1189, 0x1169, 0x1169, 0x1169, 0x1169, 0x1148, 0x1148,
  0x1148, 0x0948, 0x0928, 0x0928, 0x0928, 0x0928, 0x0928, 0x0907, 0x0907, 0x0928, 0x0085, 0x6B8E,
  0xB65B, 0x869E, 0x7EBF, 0x5E3F, 0x5E1F, 0x561F, 0x5E5F, 0x669F, 0x6EBF, 0x76DF, 0x8F1F, 0xAF5F,
  0xAE9B, 0x9D35, 0x52CC, 0x00A6, 0x00A6, 0x0928, 0x0928, 0x0908, 0x0928, 0x0928, 0x0928, 0x00E6,
  0xD6BA, 0xFFFE, 0xFFBC, 0xFF7A, 0xFF7A, 0xFF7A, 0xFF79, 0xFFBC, 0xFFDC, 0xFFBB, 0xFF9A, 0xF6F6,
  0xF6D5, 0xF6D5, 0xF717, 0xFF79, 0xFF79, 0xFF79, 0xFF79, 0xFF79, 0xFF37, 0xFF37, 0xFF37, 0xFF37,
  0xFF38, 0xF716, 0xF6B4, 0xEE93, 0xF693, 0xF693, 0xF693, 0xEE93, 0xF693, 0xF693, 0xEE73, 0xF6B4,
  0xFF38, 0xFF58, 0xFF38, 0xFF38, 0xFF58, 0xFF37, 0xFF58, 0xF6B4, 0xF693, 0xF693, 0xF693, 0xF693,
  0xEE93, 0xF6D5, 0xFF59, 0xFF58, 0xFF58, 0xFF38, 0xFF58, 0xF6B4, 0xEE73, 0xFF58, 0xFF79, 0xFF79,
  0xFF59, 0xFF9C, 0xFFFF, 0x636F, 0x0024, 0x2168, 0xEF5D, 0xFFDE, 0xFFDD, 0xFFBC, 0xFFFE, 0x96BE,
  0x251D, 0x1C5C, 0x03FB, 0x863E, 0xA6BE, 0x0C1B, 0x249C, 0x1C3B, 0x143C, 0x0215, 0x0172, 0x0192,
  0x0192, 0x0192, 0x0172, 0x0171, 0x0171, 0x0171, 0x0171, 0x00F1, 0x449A, 0x334D, 0x1105, 0x5FFF,
  0x4FFF, 0x4FFF, 0x4FDF, 0x57FF, 0x3C9C, 0x0059, 0x563D, 0x095A, 0x0019, 0x4D1C, 0x093A, 0x445C,
  0x227B, 0x119A, 0x77FF, 0x67FF, 0x115A, 0x22FB, 0x77FF, 0x67FF, 0x1139, 0x119A, 0x67FF, 0x4F5F,
  0x67DF, 0x2B5C, 0x08B9, 0x67FF, 0x56DE, 0x0018, 0x4CFD, 0x22BA, 0x00F9, 0x6FFF, 0x11BA, 0x19FA,
  0x4D3D, 0x0019, 0x11DA, 0x4C7C, 0x0099, 0x5EDE, 0x0099, 0x33BB, 0x57FF, 0x57DF, 0x57FF, 0x5FFF,
  0x779E, 0x0001, 0x5CD4, 0x7E7A, 0x0000, 0x2AAB, 0x47FF, 0x3FFF, 0x33CF, 0x0000, 0x0042, 0x00C5,
  0x00E6, 0x0084, 0x0001, 0x1105, 0x57BE, 0x3FFF, 0x5679, 0x0001, 0x21A8, 0x7CB5, 0x6C33, 0x9D98,
  0x9599, 0x7495, 0x6413, 0x6413, 0x5BF3, 0x5BD3, 0x4B51, 0x4310, 0x3AEF, 0x3ACF, 0x32AE, 0x2A6D,
  0x222D, 0x118B, 0x19CB, 0x118B, 0x116A, 0x118A, 0x0929, 0x0109, 0x094A, 0x094A, 0x2A8F, 0x32AE,
  0x0949, 0x118A, 0x1189, 0x1189, 0x1189, 0x1189, 0x1189, 0x1169, 0x1169, 0x1169, 0x1148, 0x1148,
  0x1148, 0x0948, 0x0948, 0x0928, 0x0928, 0x0928, 0x0928, 0x0907, 0x0907, 0x0908, 0x0928, 0x0086,
  0x1106, 0x4A8B, 0x6BD0, 0x8CF4, 0x9535, 0x8D15, 0x8D16, 0x9535, 0x9535, 0x8CF4, 0x6BD0, 0x4A8B,
  0x1927, 0x0085, 0x00A6, 0x0928, 0x0928, 0x0908, 0x0908, 0x0908, 0x0908, 0x0908, 0x0928, 0x00A5,
  0xAD96, 0xFFFF, 0xFF9C, 0xFF7A, 0xFF9A, 0xFF7A, 0xFF7A, 0xFFDD, 0xFFDC, 0xFFBB, 0xFF7A, 0xF6F6,
  0xF6D5, 0xF6D5, 0xFF58, 0xFF7A, 0xFF79, 0xFF79, 0xFF79, 0xFF9A, 0xFF58, 0xFF37, 0xFF37, 0xFF37,
  0xFF38, 0xFF37, 0xF717, 0xF6B4, 0xF693, 0xF693, 0xF693, 0xF693, 0xF693, 0xF693, 0xF6F6, 0xFF58,
  0xFF58, 0xFF38, 0xFF58, 0xFF58, 0xFF38, 0xFF58, 0xF6F6, 0xEE73, 0xF693, 0xF693, 0xF693, 0xF693,
  0xEE73, 0xFF37, 0xFF79, 0xFF58, 0xFF58, 0xFF58, 0xFF38, 0xEE73, 0xF6D5, 0xFF59, 0xFF79, 0xFF79,
  0xFF79, 0xFFDC, 0xFFFF, 0x4ACD, 0x0085, 0x0065, 0x5B0D, 0xFFFF, 0xFFDD, 0xFFBC, 0xFFDD, 0xEFBF,
  0x459D, 0x24DC, 0x03FB, 0x863E, 0x9E7E, 0x041B, 0x249C, 0x1C5B, 0x145C, 0x02F8, 0x0152, 0x0192,
  0x0192, 0x0192, 0x0172, 0x0171, 0x0171, 0x0171, 0x0171, 0x00F1, 0x4459, 0x3B6D, 0x10E5, 0x5FFF,
  0x4FFF, 0x4FFF, 0x4FDF, 0x57FF, 0x3C7C, 0x0039, 0x5E3D, 0x095A, 0x001A, 0x32FB, 0x111A, 0x443C,
  0x229B, 0x08BA, 0x2B3B, 0x55FD, 0x11FB, 0x091A, 0x2B3A, 0x4E3D, 0x0059, 0x2B7B, 0x57FF, 0x47FF,
  0x57FF, 0x2B3B, 0x0899, 0x5FFF, 0x4EBE, 0x0018, 0x449C, 0x11DA, 0x11BA, 0x5FFF, 0x1A7B, 0x095A,
  0x44BC, 0x0039, 0x00DA, 0x2ADB, 0x08FA, 0x5EBE, 0x0078, 0x3C3C, 0x57FF, 0x4FDF, 0x57FF, 0x5FFF,
  0x779E, 0x0000, 0x5D35, 0x6555, 0x0000, 0x3BD0, 0x3FFF, 0x47FF, 0x2B0C, 0x0000, 0x0063, 0x00E5,
  0x00E5, 0x00A4, 0x0022, 0x0883, 0x571C, 0x3FFF, 0x575D, 0x0884, 0x08E5, 0x7CB5, 0x7495, 0x9577,
  0x9DB9, 0x7CD6, 0x6C34, 0x6413, 0x5BF3, 0x5BF3, 0x4B91, 0x4330, 0x3B0F, 0x3ACF, 0x32AE, 0x2A8E,
  0x222D, 0x11AB, 0x19CC, 0x118B, 0x118B, 0x118A, 0x0929, 0x0129, 0x096A, 0x0129, 0x32CF, 0x2A6D,
  0x1169, 0x11AA, 0x118A, 0x118A, 0x1189, 0x1189, 0x1189, 0x1169, 0x1169, 0x1169, 0x1169, 0x1148,
  0x1148, 0x0948, 0x0948, 0x0928, 0x0928, 0x0928, 0x0928, 0x0927, 0x0907, 0x0907, 0x0907, 0x0928,
  0x0907, 0x00A6, 0x0085, 0x0085, 0x0085, 0x0085, 0x0085, 0x0085, 0x0085, 0x0085, 0x0085, 0x00A6,
  0x0107, 0x0928, 0x0928, 0x0908, 0x0908, 0x0928, 0x0928, 0x0928, 0x0928, 0x0928, 0x0928, 0x0065,
  0xA535, 0xFFFF, 0xFF9B, 0xFF7A, 0xFF9A, 0xFF7A, 0xFF9B, 0xFFDD, 0xFFDC, 0xFF9B, 0xFF38, 0xF6F6,
  0xF6F6, 0xFF58, 0xFF79, 0xFF79, 0xFF7A, 0xFF7A, 0xFF7A, 0xFF9A, 0xFF79, 0xFF37, 0xFF37, 0xF717,
  0xFF37, 0xFF37, 0xF717, 0xF716, 0xF6D5, 0xF6B4, 0xF6D5, 0xF6B4, 0xF6B5, 0xFF38, 0xFF59, 0xFF58,
  0xFF58, 0xFF58, 0xFF58, 0xFF58, 0xFF58, 0xFF58, 0xF693, 0xF693, 0xF693, 0xF693, 0xF694, 0xEE93,
  0xF6D5, 0xFF79, 0xFF58, 0xFF58, 0xFF58, 0xFF79, 0xF6D5, 0xEE73, 0xF6D5, 0xFF79, 0xFF79, 0xFF79,
  0xFF7A, 0xFFDD, 0xFFFE, 0x3A2A, 0x0085, 0x0907, 0x0044, 0xB596, 0xFFFF, 0xFFFF, 0xFFFE, 0xFFFF,
  0xE7DF, 0x3D3C, 0x0C9C, 0x8E9E, 0x9E3D, 0x03FB, 0x249C, 0x1C5C, 0x143B, 0x0BDB, 0x01D3, 0x0172,
  0x0192, 0x0172, 0x0172, 0x0171, 0x0171, 0x0171, 0x0171, 0x00F0, 0x3BF9, 0x3B6D, 0x08E4, 0x67FF,
  0x4FFF, 0x57FF, 0x4FDF, 0x57FF, 0x3C9C, 0x0038, 0x563D, 0x091A, 0x21FA, 0x117A, 0x007A, 0x445C,
  0x229B, 0x005A, 0x1139, 0x44FB, 0x1A3B, 0x009A, 0x1199, 0x557C, 0x0059, 0x33DB, 0x57DF, 0x47BF,
  0x57FF, 0x2B3B, 0x0899, 0x5FFF, 0x4EDE, 0x0018, 0x449C, 0x11DB, 0x11BA, 0x67FF, 0x22BB, 0x095A,
  0x449C, 0x08FA, 0x223A, 0x08FA, 0x093A, 0x5F1E, 0x0099, 0x347C, 0x57FF, 0x4FDF, 0x57FF, 0x5FFF,
  0x6F7D, 0x0000, 0x6DB7, 0x5451, 0x0000, 0x4514, 0x3FFF, 0x47FF, 0x19E8, 0x0000, 0x0083, 0x00E6,
  0x00E5, 0x00A4, 0x0042, 0x0001, 0x4E39, 0x3FFF, 0x57DF, 0x1988, 0x0043, 0x7494, 0x7CD6, 0x8D37,
  0xA5DA, 0x84F7, 0x6C54, 0x6413, 0x5BD2, 0x5BD2, 0x53B2, 0x4330, 0x4310, 0x3ACF, 0x32AE, 0x2A8E,
  0x222D, 0x11AB, 0x19EC, 0x118B, 0x118B, 0x118A, 0x0929, 0x0929, 0x096A, 0x0929, 0x3B10, 0x19EC,
  0x0949, 0x116A, 0x1189, 0x118A, 0x118A, 0x118A, 0x11AA, 0x1189, 0x1189, 0x1169, 0x1169, 0x1169,
  0x1148, 0x1148, 0x0948, 0x0928, 0x0928, 0x0928, 0x0928, 0x0928, 0x0907, 0x0907, 0x0907, 0x0907,
  0x0907, 0x0928, 0x0928, 0x0928, 0x0928, 0x0928, 0x0928, 0x0928, 0x0948, 0x0928, 0x0928, 0x0928,
  0x0908, 0x0908, 0x0928, 0x0928, 0x0928, 0x0928, 0x0928, 0x0928, 0x0928, 0x0928, 0x1148, 0x0085,
  0x8C93, 0xFFFF, 0xF77B, 0xFF9A, 0xFF9B, 0xFF7A, 0xFFBC, 0xFFDD, 0xFFBC, 0xFF7A, 0xF737, 0xF6F6,
  0xFF38, 0xFF9A, 0xFF7A, 0xFF7A, 0xFF7A, 0xFF7A, 0xFF7A, 0xFF7A, 0xFF9A, 0xFF38, 0xFF37, 0xFF37,
  0xF717, 0xFF37, 0xFF37, 0xFF37, 0xF716, 0xF6D5, 0xF6F6, 0xF717, 0xFF58, 0xFF59, 0xFF58, 0xFF58,
  0xFF58, 0xFF58, 0xFF58, 0xFF58, 0xFF79, 0xF6D5, 0xF693, 0xF694, 0xF693, 0xF694, 0xF693, 0xF6B4,
  0xFF58, 0xFF59, 0xFF58, 0xFF58, 0xFF58, 0xFF58, 0xEE93, 0xEE93, 0xF6F6, 0xFF79, 0xFF7A, 0xFF79,
  0xFF9B, 0xFFDD, 0xFFFE, 0x320A, 0x0065, 0x08E7, 0x00A6, 0x10E6, 0x94B3, 0xC638, 0xEF5C, 0xE75C,
  0xC638, 0xC73F, 0x1CFD, 0x5E3E, 0xAEBE, 0x0BFB, 0x1C7C, 0x1C5C, 0x1C5B, 0x141C, 0x02D7, 0x0152,
  0x0192, 0x0172, 0x0172, 0x0171, 0x0171, 0x0171, 0x0171, 0x0110, 0x33B9, 0x3B6D, 0x08E4, 0x67FF,
  0x4FFF, 0x57FF, 0x4FDF, 0x57FF, 0x347C, 0x0039, 0x5E5D, 0x00DA, 0x43DB, 0x119A, 0x001A, 0x44BC,
  0x1A5B, 0x1179, 0x67FF, 0x5FFF, 0x1159, 0x231B, 0x6FFF, 0x5FDF, 0x00B9, 0x22DA, 0x67FF, 0x4FFF,
  0x57FF, 0x2B3B, 0x08B9, 0x5FFF, 0x4EDE, 0x0018, 0x44DC, 0x227B, 0x095A, 0x6FFF, 0x11FB, 0x11FA,
  0x4CFD, 0x091A, 0x4CBC, 0x0019, 0x08FA, 0x67DF, 0x22DA, 0x459D, 0x57FF, 0x57FF, 0x57FF, 0x5FFF,
  0x6F5D, 0x0001, 0x7619, 0x32CB, 0x0000, 0x4E39, 0x37FF, 0x4FBE, 0x1105, 0x0000, 0x00A4, 0x00E6,
  0x00E5, 0x00C5, 0x0063, 0x0001, 0x4555, 0x3FFF, 0x57FF, 0x2AAC, 0x0001, 0x7453, 0x8D58, 0x8D57,
  0xA5FA, 0x8517, 0x7495, 0x6434, 0x5BF3, 0x5BD2, 0x5BF3, 0x4B71, 0x4310, 0x3AEF, 0x32AF, 0x2A8E,
  0x224D, 0x11CB, 0x19EC, 0x11AB, 0x118B, 0x118B, 0x0929, 0x0929, 0x096A, 0x094A, 0x53B2, 0x2A0B,
  0x21EB, 0x21CA, 0x19AA, 0x1989, 0x1148, 0x0928, 0x0907, 0x0907, 0x1148, 0x1169, 0x1169, 0x1148,
  0x1148, 0x1148, 0x0948, 0x0928, 0x0928, 0x0928, 0x0928, 0x0928, 0x0927, 0x0907, 0x0907, 0x0907,
  0x0907, 0x0907, 0x0907, 0x0907, 0x0907, 0x0907, 0x0927, 0x0907, 0x0927, 0x0907, 0x0907, 0x0928,
  0x0928, 0x0928, 0x0928, 0x0928, 0x0928, 0x0928, 0x0928, 0x0928, 0x0928, 0x0928, 0x1148, 0x0086,
  0x638F, 0xFFFF, 0xF79B, 0xFFBB, 0xFF9B, 0xFF9B, 0xFFDD, 0xFFDC, 0xFFBC, 0xFF59, 0xF6F6, 0xF717,
  0xFF9A, 0xFF9A, 0xFF7A, 0xFF7A, 0xFF7A, 0xFF9A, 0xFF7A, 0xFF7A, 0xFF9A, 0xFF79, 0xF717, 0xFF37,
  0xF717, 0xF717, 0xFF37, 0xFF38, 0xFF38, 0xF737, 0xFF38, 0xFF79, 0xFF59, 0xFF59, 0xFF59, 0xFF59,
  0xFF59, 0xFF59, 0xFF58, 0xFF79, 0xF717, 0xEE93, 0xF6B4, 0xF694, 0xF6B4, 0xF693, 0xF693, 0xFF58,
  0xFF79, 0xFF79, 0xFF79, 0xFF58, 0xFF79, 0xF6D5, 0xEE93, 0xF694, 0xFF38, 0xFF79, 0xFF7A, 0xFF59,
  0xFFBC, 0xFFDC, 0xFFFE, 0x320A, 0x0065, 0x00C6, 0x00C6, 0x00A6, 0x0044, 0x0064, 0x1106, 0x1106,
  0x0023, 0x634E, 0xD77E, 0x7EBF, 0x86DE, 0x34BC, 0x145C, 0x1C7C, 0x1C7C, 0x143B, 0x13FB, 0x01D4,
  0x0172, 0x0192, 0x0172, 0x0172, 0x0171, 0x0171, 0x0171, 0x0110, 0x3398, 0x4BAF, 0x08A3, 0x5FFF,
  0x4FFF, 0x4FFF, 0x4FDF, 0x57FF, 0x343C, 0x0018, 0x5E5E, 0x0019, 0x449C, 0x333B, 0x0019, 0x4C9C,
  0x221B, 0x0919, 0x57FF, 0x57FF, 0x1979, 0x00BA, 0x11BA, 0x457C, 0x339B, 0x0018, 0x2B3B, 0x1A7A,
  0x5FFF, 0x22FB, 0x0059, 0x5FFF, 0x56BE, 0x0018, 0x44DC, 0x3C9C, 0x0019, 0x2B3B, 0x0019, 0x3CBC,
  0x451D, 0x0059, 0x66DE, 0x009A, 0x091A, 0x671E, 0x223A, 0x459C, 0x57FF, 0x57FF, 0x57FF, 0x5FFF,
  0x673D, 0x0042, 0x85F8, 0x1966, 0x0021, 0x571C, 0x37FF, 0x46FB, 0x0842, 0x0001, 0x00A4, 0x00E5,
  0x00E5, 0x00E5, 0x0063, 0x0000, 0x3C10, 0x47FF, 0x4FFF, 0x3C11, 0x0000, 0x5B6F, 0x95B9, 0x8D37,
  0xA61A, 0x8D58, 0x7CD6, 0x6C34, 0x6413, 0x5BF2, 0x5BF3, 0x53D2, 0x4330, 0x3AEF, 0x32AF, 0x328E,
  0x224D, 0x19CB, 0x19EC, 0x11AB, 0x11AB, 0x118B, 0x0949, 0x094A, 0x094A, 0x1A0C, 0x8E7D, 0x7E7D,
  0x867D, 0x867D, 0x8E5C, 0x8E5C, 0x861A, 0x7DB9, 0x7516, 0x53F2, 0x220B, 0x1148, 0x1169, 0x1169,
  0x1148, 0x1148, 0x1148, 0x0948, 0x0928, 0x0928, 0x0928, 0x0928, 0x0927, 0x0907, 0x0927, 0x0907,
  0x0907, 0x0907, 0x0907, 0x0927, 0x0927, 0x0928, 0x0927, 0x0927, 0x0928, 0x0907, 0x0907, 0x0928,
  0x0928, 0x0928, 0x0928, 0x0928, 0x0928, 0x0928, 0x0928, 0x0928, 0x0928, 0x0928, 0x1148, 0x00A6,
  0x636F, 0xFFFF, 0xFF9B, 0xFFBC, 0xFF9B, 0xFFBC, 0xFFFD, 0xFFDC, 0xFFBB, 0xF717, 0xF717, 0xFFDC,
  0xFFBC, 0xFF7A, 0xFF9A, 0xFF9A, 0xFF9A, 0xFF9A, 0xFF7A, 0xFF9A, 0xFF9A, 0xFF9A, 0xFF38, 0xF737,
  0xF737, 0xF717, 0xFF37, 0xFF38, 0xFF38, 0xFF59, 0xFF79, 0xFF59, 0xFF59, 0xFF59, 0xFF59, 0xFF59,
  0xFF59, 0xFF59, 0xFF79, 0xFF58, 0xF693, 0xF6B4, 0xF6B4, 0xF6B4, 0xF6B4, 0xEE93, 0xF717, 0xFF79,
  0xFF59, 0xFF79, 0xFF59, 0xFF79, 0xFF38, 0xEE93, 0xF694, 0xF6B4, 0xFF79, 0xFF59, 0xFF79, 0xFF79,
  0xFFDD, 0xFFDC, 0xFFFE, 0x31E9, 0x0065, 0x00C6, 0x00C6, 0x00C6, 0x00C6, 0x00C6, 0x00A6, 0x00A6,
  0x00E7, 0x0024, 0x3A0A, 0xE71B, 0xC7DF, 0x4DBD, 0x145C, 0x249C, 0x1C7C, 0x143B, 0x143B, 0x0BBA,
  0x01B3, 0x0171, 0x0192, 0x0192, 0x0172, 0x0172, 0x0171, 0x00F0, 0x3377, 0x5C93, 0x0042, 0x57BE,
  0x4FFF, 0x4FFF, 0x4FFF, 0x4FFF, 0x3CDC, 0x1179, 0x5EBE, 0x199A, 0x455C, 0x4E3E, 0x1139, 0x555D,
  0x333B, 0x2259, 0x5FFF, 0x57FF, 0x2ABA, 0x115A, 0x08D9, 0x3CBC, 0x677F, 0x221A, 0x0899, 0x1A7A,
  0x5FFF, 0x2BBB, 0x19B9, 0x57FF, 0x56FE, 0x1139, 0x3D1D, 0x5F9F, 0x1A1A, 0x08B9, 0x22BB, 0x57DF,
  0x3D3D, 0x1199, 0x5FFF, 0x2B3B, 0x1A7A, 0x567E, 0x0878, 0x3C3A, 0x57FF, 0x57DF, 0x57FF, 0x5FFF,
  0x671C, 0x0862, 0x7D76, 0x0062, 0x1105, 0x4FDF, 0x37FF, 0x45F7, 0x0000, 0x0022, 0x00C4, 0x00E5,
  0x00C5, 0x00E6, 0x0083, 0x0001, 0x2AAB, 0x4FFF, 0x47FF, 0x4D76, 0x0000, 0x3A8B, 0x9E1A, 0x8537,
  0xAE1A, 0x9DFA, 0x84F7, 0x6C54, 0x6C54, 0x6413, 0x5BF3, 0x5BF3, 0x4B51, 0x3AEF, 0x32CF, 0x2A8E,
  0x2A4D, 0x19CC, 0x19EC, 0x19CC, 0x11CC, 0x118B, 0x096A, 0x096A, 0x092A, 0x4392, 0x767F, 0x65DD,
  0x65FE, 0x6E1E, 0x765F, 0x767F, 0x769F, 0x76BF, 0x7EBF, 0x86FF, 0x96FE, 0x220B, 0x1148, 0x1169,
  0x1169, 0x1148, 0x1148, 0x1148, 0x0928, 0x0928, 0x0928, 0x0928, 0x0927, 0x0907, 0x0907, 0x0907,
  0x0907, 0x0907, 0x0907, 0x0907, 0x0907, 0x0907, 0x0927, 0x0927, 0x0928, 0x0927, 0x0907, 0x0928,
  0x0928, 0x0928, 0x0928, 0x0928, 0x0928, 0x0928, 0x0928, 0x0928, 0x0928, 0x0928, 0x1148, 0x00A6,
  0x5B2E, 0xFFFF, 0xFFBC, 0xFFBC, 0xFF9B, 0xFFDD, 0xFFDC, 0xFFDD, 0xFF7A, 0xF717, 0xFFBB, 0xFFDD,
  0xFF9A, 0xFF9A, 0xFF9A, 0xFF9A, 0xFF9A, 0xFF9A, 0xFF9A, 0xFF9A, 0xFF9A, 0xFF9A, 0xFF9A, 0xF738,
  0xF738, 0xF717, 0xF717, 0xFF37, 0xFF79, 0xFF79, 0xFF79, 0xFF79, 0xFF59, 0xFF59, 0xFF59, 0xFF59,
  0xFF79, 0xFF79, 0xFF79, 0xF6B4, 0xF6B4, 0xF6B4, 0xF6B4, 0xF6B4, 0xEE93, 0xF716, 0xFF79, 0xFF79,
  0xFF79, 0xFF79, 0xFF59, 0xFF9A, 0xF6D5, 0xEE94, 0xEE93, 0xF6D5, 0xFF79, 0xFF79, 0xFF79, 0xFF9A,
  0xFFFD, 0xFFDD, 0xFFFF, 0x31E9, 0x0065, 0x00C6, 0x00C6, 0x00C6, 0x00C6, 0x00C6, 0x00C6, 0x00C6,
  0x00C6, 0x08E7, 0x0065, 0x10E6, 0xB575, 0xD7FF, 0x3D3D, 0x0C3B, 0x249C, 0x1C5C, 0x143B, 0x141B,
  0x0BBA, 0x01B3, 0x0151, 0x0192, 0x0172, 0x0172, 0x0171, 0x0111, 0x4C59, 0x6D13, 0x0021, 0x5F9E,
  0x4FFF, 0x4FFF, 0x4FFF, 0x4FFF, 0x57FF, 0x57FF, 0x4FFF, 0x57FF, 0x4FFF, 0x4FFF, 0x57FF, 0x4FFF,
  0x57FF, 0x57FF, 0x4FFF, 0x4FFF, 0x57FF, 0x57FF, 0x57FF, 0x4FFF, 0x4FFF, 0x57FF, 0x57DF, 0x57FF,
  0x4FFF, 0x4FFF, 0x5FFF, 0x4FFF, 0x4FFF, 0x57FF, 0x4FFF, 0x4FFF, 0x57FF, 0x57BF, 0x57FF, 0x4FFF,
  0x57FF, 0x57FF, 0x4FFF, 0x57FF, 0x57FF, 0x57FF, 0x57BF, 0x57FF, 0x57FF, 0x57FF, 0x57FF, 0x57FF,
  0x669A, 0x0862, 0x5C72, 0x0000, 0x2A6A, 0x4FFF, 0x3FFF, 0x3492, 0x0000, 0x0042, 0x00E5, 0x00E5,
  0x00E5, 0x0106, 0x00A4, 0x0001, 0x1967, 0x57DF, 0x47FF, 0x56BA, 0x0002, 0x2167, 0xA63A, 0x8D58,
  0xAE3B, 0xB69C, 0x95B9, 0x7495, 0x6C75, 0x6434, 0x6413, 0x5C13, 0x5BD3, 0x4330, 0x32AF, 0x2A8E,
  0x222D, 0x19CC, 0x19EC, 0x11AB, 0x11AB, 0x118B, 0x096A, 0x11AB, 0x19ED, 0x6D59, 0x65FE, 0x5DBD,
  0x65DD, 0x5DDD, 0x5DDD, 0x4D7D, 0x3CDC, 0x2C7C, 0x44FC, 0x7E7E, 0x9F5F, 0x328D, 0x0928, 0x1189,
  0x1169, 0x1148, 0x1148, 0x1148, 0x0928, 0x0928, 0x0928, 0x0928, 0x0927, 0x0907, 0x0907, 0x0907,
  0x0907, 0x0907, 0x0907, 0x0907, 0x0907, 0x0907, 0x0927, 0x0927, 0x0927, 0x0927, 0x0927, 0x0928,
  0x0928, 0x0928, 0x0928, 0x0928, 0x0928, 0x0928, 0x0928, 0x0928, 0x0928, 0x0928, 0x1148, 0x00A6,
  0x530E, 0xFFFF, 0xFFBC, 0xFFBC, 0xFFBC, 0xFFFE, 0xFFFD, 0xFFDD, 0xF738, 0xFF9B, 0xFFFD, 0xFFBC,
  0xFF9B, 0xFF9A, 0xFF9A, 0xFF9A, 0xFF9A, 0xFF9A, 0xFF9A, 0xFF9A, 0xFF9A, 0xFF9A, 0xFFBB, 0xFF59,
  0xFF38, 0xF738, 0xFF58, 0xFF7A, 0xFF79, 0xFF79, 0xFF79, 0xFF79, 0xFF79, 0xFF59, 0xFF59, 0xFF79,
  0xFF79, 0xFF7A, 0xF6B5, 0xF694, 0xF6B4, 0xF6B4, 0xF6B4, 0xF694, 0xF717, 0xFF79, 0xFF79, 0xFF79,
  0xFF79, 0xFF79, 0xFF9A, 0xF738, 0xEE93, 0xF6B4, 0xEE93, 0xF717, 0xFF79, 0xFF79, 0xFF79, 0xFFDC,
  0xFFFD, 0xFFDD, 0xFFFF, 0x3A4B, 0x0065, 0x00C6, 0x00C6, 0x00C6, 0x00C6, 0x00C6, 0x00C6, 0x00C6,
  0x00C6, 0x00C6, 0x08E7, 0x00A6, 0x0024, 0x632D, 0xD75E, 0x65DE, 0x0C3B, 0x1C7C, 0x247C, 0x1C3B,
  0x143B, 0x13FB, 0x0A76, 0x01F4, 0x0276, 0x0192, 0x0192, 0x00F1, 0x7E1D, 0x65D7, 0x0000, 0x4DB6,
  0x5FFF, 0x4FDF, 0x4FDF, 0x4FDF, 0x47DF, 0x47DF, 0x47DF, 0x47DF, 0x47DF, 0x4FDF, 0x4FFF, 0x4FDF,
  0x4FDF, 0x47DF, 0x4FDF, 0x4FDF, 0x4FDF, 0x47FF, 0x47FF, 0x47DF, 0x47DF, 0x47DF, 0x4FFF, 0x4FDF,
  0x4FDF, 0x47FF, 0x4FFF, 0x4FDF, 0x47DF, 0x47FF, 0x47FF, 0x4FDF, 0x47DF, 0x47FF, 0x47DF, 0x4FDF,
  0x4FFF, 0x4FFF, 0x4FDF, 0x4FDF, 0x4FFF, 0x4FDF, 0x4FFF, 0x4FFF, 0x57FF, 0x57FF, 0x57BF, 0x67FF,
  0x4492, 0x0841, 0x53F0, 0x0000, 0x3BCF, 0x47FF, 0x47FF, 0x2B0D, 0x0000, 0x0062, 0x00E5, 0x00E5,
  0x00E5, 0x0106, 0x00A4, 0x0022, 0x0863, 0x571C, 0x3FFF, 0x579E, 0x10E5, 0x0063, 0x963A, 0xAEDD,
  0xAE7B, 0xA67C, 0x9E3B, 0x8D99, 0x7D38, 0x74D6, 0x6C75, 0x6434, 0x5C13, 0x5BF3, 0x5392, 0x4B71,
  0x4351, 0x3B10, 0x3AF0, 0x32D0, 0x32B0, 0x32B0, 0x32D0, 0x3B31, 0x74D6, 0x96DE, 0x5DFD, 0x5DBD,
  0x451D, 0x2C7C, 0x23FC, 0x2C3C, 0x44FD, 0x6DFD, 0x8EDE, 0x9F3F, 0xB7BF, 0x3ACD, 0x0928, 0x1989,
  0x1169, 0x1169, 0x1148, 0x1148, 0x1148, 0x1148, 0x0928, 0x0928, 0x0927, 0x0927, 0x0907, 0x0907,
  0x0907, 0x0907, 0x0907, 0x0907, 0x0907, 0x0907, 0x0928, 0x0927, 0x0927, 0x0928, 0x0928, 0x0928,
  0x0928, 0x0928, 0x0928, 0x0928, 0x0928, 0x0928, 0x0928, 0x0928, 0x0928, 0x0928, 0x1148, 0x00A6,
  0x634E, 0xFFFF, 0xFFDD, 0xFFDD, 0xFFFE, 0xFFFE, 0xFFFE, 0xFFBC, 0xFF9B, 0xFFFE, 0xFFFD, 0xFFDC,
  0xFF9B, 0xFF9A, 0xFF9A, 0xFF9A, 0xFF9B, 0xFF9B, 0xFF9A, 0xFF9A, 0xFF9A, 0xFF9A, 0xFF9B, 0xFF9A,
  0xFF58, 0xFF79, 0xFF9A, 0xFF9A, 0xFF7A, 0xFF7A, 0xFF7A, 0xFF79, 0xFF79, 0xFF79, 0xFF59, 0xFF79,
  0xFF9A, 0xF6D5, 0xEE94, 0xF6B4, 0xF6B4, 0xF6B4, 0xF6B4, 0xF717, 0xFF7A, 0xFF79, 0xFF79, 0xFF9A,
  0xFF7A, 0xFF9A, 0xFF9A, 0xEEB4, 0xEEB4, 0xEEB4, 0xEEB4, 0xFF59, 0xFF79, 0xFF7A, 0xFF9A, 0xFFFD,
  0xFFFD, 0xFFBC, 0xFFFF, 0x5B0D, 0x0065, 0x08E7, 0x00C6, 0x00C6, 0x00C6, 0x00C6, 0x00C6, 0x00C6,
  0x00C6, 0x00C6, 0x00C6, 0x00E6, 0x08E7, 0x0045, 0x29A8, 0xC638, 0xAEFF, 0x2CBD, 0x0C5B, 0x1C7C,
  0x247B, 0x1C7C, 0x143B, 0x0BDB, 0x02B7, 0x0172, 0x0112, 0x2AF7, 0xCFBE, 0x5E9B, 0x11E7, 0x0041,
  0x5E38, 0x67FF, 0x5FFF, 0x5FFF, 0x5FFF, 0x5FFF, 0x5FFF, 0x5FFF, 0x5FFF, 0x5FFF, 0x5FFF, 0x5FFF,
  0x5FFF, 0x5FFF, 0x5FFF, 0x57FF, 0x57FF, 0x5FFF, 0x57FF, 0x57FF, 0x57FF, 0x5FFF, 0x5FFF, 0x5FFF,
  0x5FFF, 0x5FFF, 0x5FFF, 0x57FF, 0x57FF, 0x57FF, 0x57FF, 0x57FF, 0x57FF, 0x57FF, 0x57FF, 0x57FF,
  0x57FF, 0x57FF, 0x57FF, 0x57FF, 0x57FF, 0x57FF, 0x57FF, 0x57FF, 0x57FF, 0x5FFF, 0x67FF, 0x6F1C,
  0x0841, 0x3AEC, 0x4BAF, 0x0000, 0x4555, 0x3FFF, 0x47FF, 0x19E8, 0x0000, 0x0063, 0x00E5, 0x00E5,
  0x00E5, 0x0106, 0x00C5, 0x0043, 0x0001, 0x4DD7, 0x47FF, 0x57FF, 0x2A4A, 0x0000, 0x6D56, 0x9FBF,
  0xBF7F, 0xCF7F, 0xC73E, 0xBEFD, 0xB67C, 0xA61A, 0x9DB9, 0x8D58, 0x8537, 0x7CF6, 0x6C96, 0x6455,
  0x5C14, 0x5BF3, 0x5BF3, 0x5C13, 0x6C95, 0x8537, 0x95F9, 0xA67C, 0x863D, 0x44FD, 0x34BD, 0x2C5C,
  0x2C5C, 0x44DC, 0x5D9D, 0x763E, 0x7E9E, 0x86BF, 0x8EFF, 0x9F5F, 0xB7BF, 0x3A8D, 0x0928, 0x1169,
  0x0949, 0x0948, 0x0928, 0x0928, 0x0908, 0x0907, 0x0907, 0x0907, 0x0907, 0x08E7, 0x00E7, 0x00E7,
  0x00E7, 0x00E7, 0x00E7, 0x00E7, 0x00E7, 0x00E7, 0x00E7, 0x00E7, 0x0107, 0x0107, 0x0107, 0x0107,
  0x0907, 0x0907, 0x0907, 0x0907, 0x0907, 0x0907, 0x0107, 0x0107, 0x0107, 0x0107, 0x0928, 0x0065,
  0x8472, 0xFFFF, 0xFFDE, 0xFFFF, 0xFFFF, 0xFFFE, 0xFFFE, 0xFFFD, 0xFFFE, 0xFFFD, 0xFFFD, 0xFFBC,
  0xFFBB, 0xFFBB, 0xFF9B, 0xFFBB, 0xFFBB, 0xFF9B, 0xFF9A, 0xFF9A, 0xFF9A, 0xFF9A, 0xFF9A, 0xFFBB,
  0xFF9A, 0xFF9A, 0xFF9B, 0xFF9A, 0xFF9A, 0xFF9A, 0xFF7A, 0xFF7A, 0xFF79, 0xFF79, 0xFF79, 0xFF7A,
  0xF6D6, 0xEE74, 0xEE94, 0xEE94, 0xEE94, 0xEE94, 0xF717, 0xFF9A, 0xFF9A, 0xFF9A, 0xFF9A, 0xFF9A,
  0xFF9A, 0xFFBB, 0xF6F7, 0xEE73, 0xEE94, 0xEE74, 0xEEB5, 0xFF79, 0xFF7A, 0xFF79, 0xFFBB, 0xFFFD,
  0xFFDD, 0xFFBC, 0xFFFF, 0x73D0, 0x0004, 0x00C6, 0x00A6, 0x00A6, 0x00A6, 0x00A6, 0x00A6, 0x00A6,
  0x00A6, 0x00A6, 0x00A6, 0x00A6, 0x00A6, 0x00C7, 0x0065, 0x0044, 0x738E, 0xB65B, 0x7E1E, 0x34DC,
  0x0C5C, 0x145C, 0x143B, 0x0C1B, 0x0339, 0x01F6, 0x2AF7, 0xDFDF, 0x6B6E, 0x11C8, 0x87BE, 0x2229,
  0x0000, 0x1987, 0x2B0D, 0x338F, 0x3BF0, 0x3BF0, 0x3C31, 0x3C31, 0x3C10, 0x3C51, 0x4472, 0x44B3,
  0x44B3, 0x44D3, 0x44D3, 0x44D3, 0x44D3, 0x44F4, 0x44F4, 0x44F4, 0x4514, 0x4514, 0x4514, 0x4514,
  0x4514, 0x4534, 0x4555, 0x4555, 0x4D76, 0x4D76, 0x4D76, 0x4D76, 0x4D76, 0x4D76, 0x4576, 0x4D76,
  0x4D96, 0x4D96, 0x4DB7, 0x4DB7, 0x4DD7, 0x4DD7, 0x4DD7, 0x4E7A, 0x56BB, 0x5639, 0x4C72, 0x0862,
  0x1104, 0x877D, 0x21A7, 0x0000, 0x56FB, 0x37FF, 0x479E, 0x10E4, 0x0000, 0x0083, 0x00E6, 0x00E5,
  0x00E5, 0x0106, 0x0106, 0x0063, 0x0000, 0x4472, 0x4FFF, 0x4FFF, 0x3C11, 0x0000, 0x3B8F, 0x7F3F,
  0x769E, 0x86FF, 0x973F, 0x9F3F, 0x9F5F, 0xAF7F, 0xAF5F, 0xB75E, 0xB73E, 0xB73E, 0xAEFD, 0xA6DD,
  0xA6BC, 0x9E9D, 0x965D, 0x863D, 0x7DFD, 0x5D3D, 0x3C9D, 0x23DC, 0x1BBB, 0x3C9C, 0x557D, 0x65DD,
  0x6E1E, 0x6E1D, 0x65FE, 0x6E1E, 0x767E, 0x86BF, 0x971F, 0x9F7F, 0xAFBF, 0x430E, 0x29EA, 0x2A0B,
  0x29EA, 0x21CA, 0x21CA, 0x21CA, 0x21CA, 0x21CA, 0x21C9, 0x21A9, 0x21A9, 0x21A9, 0x21A9, 0x21A9,
  0x2189, 0x21A9, 0x21A9, 0x21C9, 0x21C9, 0x21C9, 0x21C9, 0x21C9, 0x21C9, 0x21A9, 0x21A9, 0x21C9,
  0x29C9, 0x29C9, 0x21C9, 0x21A9, 0x21A9, 0x21A9, 0x21A9, 0x29CA, 0x29CA, 0x29CA, 0x29EA, 0x21A9,
  0xCE9A, 0xFFFF, 0xFFFE, 0xFFFF, 0xFFFE, 0xFFFE, 0xFFFE, 0xFFFE, 0xFFFE, 0xFFFD, 0xFFDD, 0xFFDC,
  0xFFDD, 0xFFDC, 0xFFBC, 0xFFBC, 0xFFDC, 0xFFBB, 0xFFBB, 0xFFBB, 0xFFBB, 0xFFBB, 0xFFBB, 0xFFBB,
  0xFFBB, 0xFFBB, 0xFFBB, 0xFFBB, 0xFFBB, 0xFFBB, 0xFF9B, 0xFF9A, 0xFFBB, 0xFF9B, 0xFFBB, 0xF759,
  0xF6F6, 0xF717, 0xF737, 0xF758, 0xFF7A, 0xFF7A, 0xFFDC, 0xFFDB, 0xFFDC, 0xFFDC, 0xFFDB, 0xFFBB,
  0xFFDB, 0xFF9A, 0xEED5, 0xEEB5, 0xEED5, 0xF6F6, 0xF737, 0xFFBB, 0xFFBB, 0xFFBB, 0xFFFD, 0xFFFD,
  0xFFFD, 0xFFDD, 0xFFFF, 0xAD76, 0x1127, 0x1989, 0x1968, 0x1968, 0x1968, 0x1968, 0x1968, 0x1948,
  0x1147, 0x1148, 0x1148, 0x1948, 0x1968, 0x1948, 0x1948, 0x1148, 0x00A6, 0x2168, 0x8473, 0xBEDD,
  0x9E9E, 0x6DBD, 0x4D5D, 0x451C, 0x44DC, 0x7D7C, 0xBEDC, 0x5B6F, 0x0002, 0x0001, 0x330D, 0x777E,
  0x5514, 0x2A28, 0x1104, 0x0862, 0x0020, 0x0000, 0x0000, 0x0000, 0x0000, 0x0000, 0x0000, 0x0000,
  0x0000, 0x0000, 0x0000, 0x0000, 0x0000, 0x0000, 0x0000, 0x0000, 0x0000, 0x0000, 0x0000, 0x0000,
  0x0000, 0x0000, 0x0000, 0x0000, 0x0000, 0x0000, 0x0000, 0x0000, 0x0000, 0x0000, 0x0000, 0x0000,
  0x0000, 0x0000, 0x0000, 0x0000, 0x0000, 0x0000, 0x0000, 0x0000, 0x0000, 0x0000, 0x0000, 0x2A08,
  0x771C, 0x777D, 0x0021, 0x1105, 0x57DF, 0x37FF, 0x469A, 0x0021, 0x0001, 0x00A4, 0x00E5, 0x00C5,
  0x00E5, 0x00E6, 0x0106, 0x0083, 0x0001, 0x330C, 0x57FF, 0x47FF, 0x55B7, 0x0000, 0x2209, 0x45BE,
  0x2C9D, 0x247C, 0x1C7D, 0x1C7D, 0x143C, 0x143C, 0x141C, 0x141C, 0x1BFC, 0x1BDB, 0x1BDB, 0x13BC,
  0x1BBC, 0x139B, 0x13BB, 0x1BDB, 0x1BBB, 0x23FB, 0x3C9C, 0x4D5D, 0x65FD, 0x6E3E, 0x65FD, 0x5DBD,
  0x5DBD, 0x5DBD, 0x65FD, 0x6E3E, 0x767E, 0x767E, 0x86DF, 0x973F, 0x973F, 0x9F1E, 0x9EFE, 0x9EDE,
  0x96DE, 0x96BD, 0x96BD, 0x96BD, 0x96BD, 0x969D, 0x8E9D, 0x8E9D, 0x8E9D, 0x8E9D, 0x8E7D, 0x8E7D,
  0x865D, 0x867D, 0x867D, 0x867D, 0x865D, 0x867D, 0x867D, 0x867D, 0x867D, 0x867D, 0x867D, 0x867D,
  0x8E7D, 0x867D, 0x8E7D, 0x8E9D, 0x8E9D, 0x969D, 0x96BE, 0x96BE, 0x96BE, 0x96BE, 0x969D, 0x8EBE,
  0x971F, 0x96DE, 0x8EBE, 0x8EBE, 0x8EDE, 0x96DE, 0x96DF, 0x8EDF, 0x8EDE, 0x8EBE, 0x8EBE, 0x8EBE,
  0x8EBE, 0x8EBE, 0x8EBE, 0x8EBE, 0x8EBE, 0x8EBE, 0x96DE, 0x96FE, 0x96FE, 0x96DE, 0x96DE, 0x96DE,
  0x96FE, 0x96DE, 0x8EBE, 0x8EBE, 0x8EBE, 0x8EBE, 0x8E9E, 0x8E9D, 0x869D, 0x7E5D, 0x7E3D, 0x761C,
  0x761D, 0x761D, 0x75FD, 0x761D, 0x75FD, 0x75FD, 0x75DC, 0x75FC, 0x75FD, 0x7DFC, 0x7DFC, 0x7E1C,
  0x7E1C, 0x75FC, 0x75DC, 0x75FC, 0x75FC, 0x761C, 0x75FC, 0x7DFD, 0x7E1D, 0x7E1D, 0x7E3D, 0x7E1D,
  0x7E1D, 0x7E1D, 0x7E1D, 0x75FD, 0x65BC, 0x659C, 0x657B, 0x657B, 0x657B, 0x659C, 0x659C, 0x657B,
  0x5D5B, 0x5D5B, 0x5D5B, 0x659B, 0x6DBC, 0x65BC, 0x6DDC, 0x6DDC, 0x6E1D, 0x6DFD, 0x555B, 0x65DD,
  0x8E9E, 0x967D, 0x969E, 0x96BE, 0x8E9E, 0x75BC, 0x3C39, 0x3417, 0x553B, 0x553B, 0x3C36, 0x44FA,
  0x561E, 0x66DF, 0x66BF, 0x665D, 0x5E1C, 0x5E1C, 0x5E1C, 0x5E1C, 0x5E3C, 0x5E1B, 0x5DFA, 0x5D78,
  0x5D77, 0x5D98, 0x5D97, 0x6597, 0x6597, 0x5D97, 0x6597, 0x65B7, 0x65B7, 0x5D97, 0x5D97, 0x6597,
  0x6577, 0x6576, 0x5D76, 0x5D56, 0x54F5, 0x54D4, 0x54D4, 0x5CD4, 0x54D4, 0x54D4, 0x5493, 0x5493,
  0x5473, 0x5473, 0x5473, 0x4C11, 0x4BF0, 0x4BF0, 0x4BF0, 0x4BF0, 0x4BD0, 0x5493, 0x6E19, 0x7FBF,
  0x77FF, 0x6618, 0x0000, 0x2A8B, 0x47FF, 0x3FFF, 0x3D14, 0x0000, 0x0042, 0x00C5, 0x00E5, 0x00E5,
  0x00E5, 0x00E6, 0x0106, 0x00A4, 0x0002, 0x1987, 0x57DF, 0x3FFF, 0x5F3D, 0x0884, 0x08C5, 0x661C,
  0x4DFE, 0x459E, 0x457D, 0x455D, 0x453D, 0x451D, 0x453D, 0x453D, 0x4D3D, 0x4D5D, 0x559D, 0x5DDE,
  0x6E1E, 0x763E, 0x767E, 0x7EBE, 0x86DF, 0x86DF, 0x7E9E, 0x767E, 0x765E, 0x765E, 0x767E, 0x765E,
  0x767E, 0x767E, 0x767E, 0x767E, 0x7E9E, 0x7E9E, 0x7E9E, 0x7EBF, 0x7E9E, 0x7E9F, 0x7E9F, 0x7EBF,
  0x7E9F, 0x7E9F, 0x7E9F, 0x7E9F, 0x7E9F, 0x767E, 0x7E9E, 0x7E9E, 0x7E9F, 0x7EBF, 0x7EDF, 0x7EDF,
  0x7EDF, 0x7EDF, 0x7E9F, 0x769F, 0x767E, 0x769E, 0x7E9F, 0x7E9F, 0x7EBF, 0x7EBF, 0x7EBF, 0x7EBF,
  0x7EBF, 0x7EBF, 0x7EBF, 0x7EBF, 0x7EBF, 0x7EBF, 0x7EDF, 0x86DF, 0x86DF, 0x86DF, 0x86FF, 0x86FF,
  0x86DF, 0x86DF, 0x86DF, 0x86FF, 0x86DF, 0x86DF, 0x86DF, 0x86DF, 0x86DF, 0x86DF, 0x86DF, 0x86DF,
  0x86FF, 0x86DF, 0x7EBF, 0x86DF, 0x86DF, 0x86DF, 0x86DF, 0x86DF, 0x86DF, 0x86DF, 0x86DF, 0x86DF,
  0x86DF, 0x86BF, 0x7EBF, 0x7E9F, 0x7E9F, 0x7EBF, 0x7E9F, 0x7E9F, 0x6E5E, 0x661E, 0x65FE, 0x5DDE,
  0x5DDE, 0x559D, 0x4D7D, 0x4D5D, 0x4D5D, 0x4D5D, 0x453C, 0x453D, 0x455D, 0x455D, 0x4D5D, 0x4D5D,
  0x455D, 0x453D, 0x453D, 0x453C, 0x453C, 0x4D5D, 0x4D5D, 0x4D5C, 0x4D5C, 0x4D5C, 0x4D5D, 0x455D,
  0x4D5D, 0x4D7D, 0x4D5D, 0x4D5C, 0x453C, 0x451C, 0x451C, 0x451C, 0x451C, 0x451C, 0x451C, 0x451C,
  0x451C, 0x451C, 0x451C, 0x4D3C, 0x4D3C, 0x4D5C, 0x557D, 0x559D, 0x5DBD, 0x5DDD, 0x5DFE, 0x5DDD,
  0x559D, 0x559D, 0x5DBD, 0x65FD, 0x5DDD, 0x557C, 0x5DBD, 0x65FE, 0x65DD, 0x65FD, 0x65FE, 0x5DDD,
  0x5D9C, 0x557C, 0x4D5C, 0x4D5D, 0x4D5D, 0x4D5D, 0x4D5D, 0x4D7D, 0x559D, 0x55BE, 0x5DDE, 0x5E1E,
  0x5E1F, 0x5E1E, 0x5E3F, 0x5E3F, 0x5E3F, 0x663F, 0x663E, 0x663E, 0x663F, 0x665F, 0x665F, 0x665F,
  0x665F, 0x665F, 0x6E9F, 0x6E9F, 0x76DF, 0x76DF, 0x76FF, 0x76FF, 0x76FF, 0x7F1F, 0x7F1F, 0x7F1F,
  0x7F3F, 0x7F3F, 0x7F3F, 0x7F5F, 0x7F5F, 0x877F, 0x877F, 0x877F, 0x877F, 0x7F5F, 0x773F, 0x6EFE,
  0x7FFF, 0x4451, 0x0000, 0x3C72, 0x3FFF, 0x47FF, 0x2B4D, 0x0000, 0x0063, 0x00E5, 0x00E5, 0x00E5,
  0x00E5, 0x00E5, 0x0106, 0x00C5, 0x0042, 0x0863, 0x56DB, 0x3FFF, 0x5FFF, 0x222A, 0x0001, 0x6DD8,
  0x87FF, 0x879F, 0x8F9F, 0x8F9F, 0x8F7F, 0x8F9F, 0x8F7F, 0x8F7F, 0x8F7F, 0x8F7F, 0x8F5F, 0x8F3F,
  0x871F, 0x86FF, 0x7EDF, 0x7EBF, 0x769E, 0x6E5E, 0x6E3E, 0x6E1E, 0x6E1E, 0x661E, 0x661E, 0x6E3E,
  0x661E, 0x6E1E, 0x6E3E, 0x6E3E, 0x6E3E, 0x6E3E, 0x6E3E, 0x6E3E, 0x6E1E, 0x6E1E, 0x6E1E, 0x6E3E,
  0x6E3E, 0x6E1E, 0x6E3E, 0x6E3E, 0x6E1E, 0x765F, 0x7EBF, 0x871F, 0x871F, 0x86DF, 0x7E7D, 0x75FB,
  0x75FA, 0x763C, 0x7E9D, 0x86FF, 0x871F, 0x7EFF, 0x769F, 0x767E, 0x7E9E, 0x7E9E, 0x7E9E, 0x767E,
  0x767E, 0x765E, 0x765E, 0x765E, 0x6E3E, 0x6E3E, 0x6E3E, 0x6E3E, 0x6E3E, 0x6E3E, 0x6E3E, 0x763E,
  0x6E3E, 0x6E1E, 0x6E3E, 0x6E3E, 0x6E3E, 0x6E3E, 0x6E1E, 0x6E1E, 0x65FE, 0x65FE, 0x5DDE, 0x5DDE,
  0x5DBD, 0x55BD, 0x559D, 0x559D, 0x557D, 0x557D, 0x557D, 0x557D, 0x4D5D, 0x4D5D, 0x4D5D, 0x4D5D,
  0x4D5D, 0x4D5D, 0x4D5D, 0x451C, 0x451C, 0x451C, 0x451C, 0x451C, 0x453C, 0x453C, 0x451C, 0x44FC,
  0x451C, 0x451C, 0x451C, 0x451C, 0x451C, 0x44FC, 0x3CFC, 0x3CFC, 0x44FC, 0x3CFC, 0x3CFC, 0x44FC,
  0x44FC, 0x44FC, 0x3CFC, 0x3CDC, 0x3CDB, 0x3CDC, 0x3CDC, 0x3CDC, 0x3CBB, 0x3CBB, 0x3CBB, 0x3CBB,
  0x3CBB, 0x3CBB, 0x349B, 0x349B, 0x347B, 0x347B, 0x347B, 0x349B, 0x347B, 0x347B, 0x347B, 0x347B,
  0x347B, 0x349B, 0x349B, 0x349B, 0x349B, 0x349B, 0x3CBB, 0x3CDC, 0x3CDC, 0x3CFC, 0x3CDC, 0x3CDC,
  0x3CDC, 0x3CBB, 0x3CDC, 0x3CDC, 0x3CDC, 0x44FC, 0x44FC, 0x44FC, 0x44DB, 0x3CDB, 0x3CBB, 0x3CDB,
  0x3CDC, 0x3CDB, 0x349B, 0x347B, 0x2C7B, 0x2C5B, 0x2C7B, 0x347B, 0x34BB, 0x34BB, 0x34BB, 0x3CDB,
  0x3CDB, 0x34BB, 0x349B, 0x3CDB, 0x3CDB, 0x3CBB, 0x34BB, 0x34BB, 0x3CDB, 0x3CDB, 0x3CDB, 0x34BB,
  0x3CDB, 0x3CFC, 0x3CFC, 0x451C, 0x453C, 0x4D5C, 0x4D5C, 0x4D7C, 0x559D, 0x559D, 0x55BD, 0x55BD,
  0x55BD, 0x5DFD, 0x65FD, 0x5DFD, 0x5E1D, 0x661D, 0x663D, 0x663E, 0x6E5E, 0x6E5E, 0x6E7E, 0x66BE,
  0x7F7F, 0x2A6A, 0x0000, 0x4E39, 0x37FF, 0x4FFF, 0x1987, 0x0000, 0x0083, 0x00E6, 0x00E5, 0x00E5,
  0x00E5, 0x00E5, 0x0106, 0x0106, 0x0063, 0x0001, 0x4D35, 0x47FF, 0x4FFF, 0x3C11, 0x0000, 0x43D0,
  0x7FFF, 0x775F, 0x7F7F, 0x877F, 0x875F, 0x875F, 0x875F, 0x875F, 0x875F, 0x875F, 0x875F, 0x875F,
  0x873F, 0x873F, 0x875F, 0x873F, 0x7EFF, 0x7EFF, 0x7EFF, 0x7EDF, 0x7EBF, 0x76BF, 0x76BF, 0x76BF,
  0x7EDF, 0x76BF, 0x76BF, 0x76BF, 0x76BF, 0x76BF, 0x76BE, 0x76BE, 0x76BF, 0x76BF, 0x7EBF, 0x7EBF,
  0x76BE, 0x769E, 0x6E5E, 0x6E5F, 0x769F, 0x6DDB, 0x54B5, 0x32CC, 0x21A7, 0x08A3, 0x0862, 0x0001,
  0x0000, 0x0021, 0x0042, 0x1105, 0x32AC, 0x5495, 0x6E5D, 0x6E9F, 0x663F, 0x661D, 0x663E, 0x663E,
  0x663E, 0x6E5E, 0x663E, 0x6E3E, 0x6E3E, 0x6E5E, 0x6E5E, 0x6E3E, 0x663E, 0x663E, 0x663E, 0x665E,
  0x6E5E, 0x6E5E, 0x663E, 0x663E, 0x663E, 0x661E, 0x5E1E, 0x5E1E, 0x5E1E, 0x5DFD, 0x5DFD, 0x5DFD,
  0x55DD, 0x55DD, 0x55DD, 0x55DD, 0x55DD, 0x55BD, 0x55BD, 0x55DD, 0x55BD, 0x55DD, 0x55BD, 0x55BD,
  0x55BD, 0x4D9D, 0x4D9D, 0x4DBD, 0x4D9D, 0x4D7D, 0x4D9D, 0x4D9D, 0x4D7D, 0x4D7D, 0x4D7D, 0x4D7D,
  0x4D7D, 0x4D9D, 0x4D9D, 0x4D9D, 0x4D7D, 0x4D9D, 0x4D9D, 0x4D7D, 0x455D, 0x455C, 0x455C, 0x455C,
  0x455C, 0x453C, 0x453C, 0x453C, 0x3D3C, 0x455C, 0x453C, 0x455C, 0x455C, 0x455C, 0x3D3C, 0x3D1C,
  0x3D1C, 0x3D1C, 0x3D1C, 0x3D1C, 0x3CFC, 0x3D1C, 0x3D1C, 0x3CFC, 0x34DC, 0x34FC, 0x3CFC, 0x3CFC,
  0x3CFC, 0x34FC, 0x34FC, 0x34DC, 0x34DC, 0x34DB, 0x34DC, 0x3D1C, 0x3D1C, 0x3CFC, 0x3CFC, 0x3D1C,
  0x3D1C, 0x3CFC, 0x3D1C, 0x3D1C, 0x3D3C, 0x3D3C, 0x3D3C, 0x3D3C, 0x455C, 0x455C, 0x453C, 0x455C,
  0x453C, 0x453C, 0x453C, 0x3D3C, 0x3D3C, 0x3D1C, 0x3D3C, 0x455C, 0x455C, 0x455C, 0x455C, 0x455C,
  0x457C, 0x455C, 0x457C, 0x457C, 0x457C, 0x457D, 0x4D7D, 0x457C, 0x457D, 0x4D9D, 0x4D9D, 0x4DBD,
  0x55BD, 0x55DD, 0x55DD, 0x55FD, 0x55FD, 0x5DFD, 0x5DFD, 0x5E1D, 0x5E1E, 0x663E, 0x665E, 0x665E,
  0x663E, 0x665E, 0x6E7E, 0x6E9E, 0x6E9E, 0x6E9E, 0x6E9E, 0x769E, 0x76BE, 0x76BE, 0x76BE, 0x773F,
  0x7EFE, 0x0883, 0x10A4, 0x579E, 0x37FF, 0x4F1C, 0x0862, 0x0001, 0x00A4, 0x00E5, 0x00E5, 0x00E5,
  0x00E5, 0x00E5, 0x00E6, 0x0106, 0x0084, 0x0001, 0x330D, 0x4FFF, 0x47FF, 0x4E18, 0x0001, 0x21E9,
  0x6FBF, 0x66FF, 0x66DF, 0x669F, 0x667F, 0x669F, 0x667F, 0x665F, 0x665F, 0x663F, 0x5E1E, 0x5DDE,
  0x55BE, 0x559E, 0x4D3D, 0x451D, 0x451D, 0x451D, 0x44FD, 0x3CDD, 0x3CBD, 0x3CBD, 0x3CBD, 0x3C7C,
  0x343C, 0x341C, 0x2BFB, 0x2BFC, 0x2BFC, 0x2BDB, 0x2BBB, 0x2BDC, 0x2BFC, 0x2C1C, 0x341C, 0x341C,
  0x343C, 0x347D, 0x457F, 0x457B, 0x2AAD, 0x0000, 0x0001, 0x1145, 0x2ACC, 0x3C31, 0x4D96, 0x4DF8,
  0x4DF8, 0x4576, 0x3C31, 0x2AAB, 0x0904, 0x0000, 0x0882, 0x332E, 0x4DDB, 0x457F, 0x34BD, 0x343C,
  0x343C, 0x345C, 0x345C, 0x345C, 0x347C, 0x345C, 0x343C, 0x343C, 0x343C, 0x343C, 0x2C1C, 0x2C1C,
  0x341C, 0x341C, 0x2C1C, 0x343C, 0x2C1C, 0x2BFC, 0x23DB, 0x23BB, 0x23BB, 0x23BB, 0x23BB, 0x239B,
  0x239B, 0x239B, 0x239B, 0x239B, 0x239B, 0x239B, 0x239B, 0x239B, 0x239B, 0x237B, 0x237B, 0x237B,
  0x237B, 0x237B, 0x237B, 0x237B, 0x1B5A, 0x1B5A, 0x1B3A, 0x1B3A, 0x1B3A, 0x1B3A, 0x1B3A, 0x1B3A,
  0x1B5A, 0x1B3A, 0x1B1A, 0x1B1A, 0x1B3A, 0x1B3A, 0x1B1A, 0x1B1A, 0x1B1A, 0x1B1A, 0x1B1A, 0x12FA,
  0x131A, 0x131A, 0x12FA, 0x12D9, 0x12D9, 0x12D9, 0x12D9, 0x12D9, 0x12D9, 0x12D9, 0x12B9, 0x12B9,
  0x12B9, 0x12B9, 0x12B9, 0x12B9, 0x12B9, 0x1299, 0x0A99, 0x0A99, 0x0A99, 0x0A99, 0x0A99, 0x0A99,
  0x0A78, 0x0A78, 0x0A78, 0x0A78, 0x0A99, 0x0A79, 0x0A78, 0x0A78, 0x0A99, 0x0A78, 0x0A78, 0x0A99,
  0x0A99, 0x0A78, 0x0A79, 0x0A79, 0x0A79, 0x0A79, 0x0A79, 0x0A79, 0x0A78, 0x0A78, 0x0A58, 0x0A78,
  0x0A79, 0x0A99, 0x0A99, 0x0A99, 0x0A99, 0x0A99, 0x0A79, 0x1299, 0x12B9, 0x12D9, 0x12D9, 0x12D9,
  0x12D9, 0x12FA, 0x12FA, 0x12FA, 0x131A, 0x131A, 0x131A, 0x133A, 0x133A, 0x135A, 0x1B5A, 0x1B7A,
  0x1B9B, 0x1BBB, 0x23DB, 0x23FB, 0x23FB, 0x241C, 0x2C1C, 0x2C3C, 0x2C7C, 0x347C, 0x34BD, 0x34BD,
  0x3CDD, 0x3CFD, 0x3CFD, 0x3CFD, 0x44FD, 0x455D, 0x4D5E, 0x4D5E, 0x4D7E, 0x4D5D, 0x453D, 0x563F,
  0x4CF6, 0x0000, 0x2A8B, 0x4FFF, 0x37FF, 0x3D76, 0x0000, 0x0042, 0x00C5, 0x00E5, 0x00E5, 0x00E5,
  0x00E5, 0x00E5, 0x00E5, 0x0106, 0x00A4, 0x0002, 0x1126, 0x57BF, 0x3FFF, 0x5FBE, 0x1126, 0x0042,
  0x6E9B, 0x6F5F, 0x6EFF, 0x669F, 0x669F, 0x667F, 0x667F, 0x667F, 0x5E5F, 0x563F, 0x4DFE, 0x45BE,
  0x457E, 0x453E, 0x3CFD, 0x3CDD, 0x34FD, 0x34BD, 0x34BD, 0x2C9D, 0x2C7D, 0x2C5D, 0x2C3C, 0x23FC,
  0x23BB, 0x23BB, 0x23BB, 0x239B, 0x1B9B, 0x1B9B, 0x239B, 0x237B, 0x239B, 0x239B, 0x23BB, 0x23BB,
  0x2C3D, 0x347D, 0x1A6E, 0x0000, 0x08A3, 0x3C11, 0x5EFB, 0x67FF, 0x5FFF, 0x5FFF, 0x57FF, 0x57FF,
  0x57FF, 0x57FF, 0x57FF, 0x5FFF, 0x5FFF, 0x569A, 0x3BF0, 0x08C3, 0x0000, 0x126E, 0x34BE, 0x2C9D,
  0x23FC, 0x241C, 0x243C, 0x241C, 0x23FC, 0x23FC, 0x23FC, 0x23DC, 0x23DC, 0x23DC, 0x23DC, 0x23BC,
  0x23BB, 0x23BB, 0x23DC, 0x2BFC, 0x23DC, 0x23BB, 0x23BC, 0x239B, 0x237B, 0x237B, 0x235B, 0x235B,
  0x235B, 0x235B, 0x237B, 0x235B, 0x235B, 0x235B, 0x1B5B, 0x237B, 0x237B, 0x235B, 0x235B, 0x235B,
  0x235A, 0x235A, 0x235A, 0x235A, 0x235A, 0x1B3A, 0x1B3A, 0x1B1A, 0x1B3A, 0x1B5A, 0x233A, 0x233A,
  0x235A, 0x1B3A, 0x1B1A, 0x1B3A, 0x233A, 0x233A, 0x1B3A, 0x1B3A, 0x1B3A, 0x1B3A, 0x1B3A, 0x233A,
  0x233A, 0x1B3A, 0x1B3A, 0x233A, 0x2339, 0x1B1A, 0x1B1A, 0x1B19, 0x1B19, 0x1B39, 0x1B19, 0x2319,
  0x1B19, 0x231A, 0x1B19, 0x1B19, 0x1AF9, 0x1AF9, 0x1AF9, 0x1AF9, 0x1B19, 0x1B19, 0x1B19, 0x1B19,
  0x1AF9, 0x1AF9, 0x1B19, 0x1B19, 0x2319, 0x2319, 0x2319, 0x1B19, 0x1B19, 0x1B19, 0x1B19, 0x1B19,
  0x1B19, 0x1B19, 0x1B19, 0x1AF9, 0x1B19, 0x1B19, 0x1B19, 0x1B19, 0x2319, 0x2319, 0x1B19, 0x1B19,
  0x2319, 0x2319, 0x1B19, 0x1B19, 0x1B19, 0x1B19, 0x2319, 0x2319, 0x1B3A, 0x233A, 0x233A, 0x233A,
  0x233A, 0x233A, 0x235A, 0x235A, 0x235A, 0x235A, 0x235A, 0x237A, 0x237A, 0x237B, 0x237B, 0x2B7B,
  0x2BBB, 0x2BDB, 0x2BDC, 0x2BFC, 0x2C1C, 0x2C1C, 0x2C1C, 0x2C1C, 0x345C, 0x347D, 0x349D, 0x3CBD,
  0x3CFD, 0x3CFD, 0x3D1D, 0x3CFD, 0x3CFD, 0x453E, 0x453E, 0x455E, 0x4D7E, 0x453E, 0x3CFD, 0x55FF,
  0x334F, 0x0000, 0x3C52, 0x47FF, 0x3FFF, 0x2B2D, 0x0000, 0x0062, 0x00E5, 0x00E5, 0x00E5, 0x00E5,
  0x00E5, 0x00E5, 0x00E5, 0x0106, 0x00C5, 0x0063, 0x0001, 0x5659, 0x47FF, 0x57FF, 0x3B6E, 0x0000,
  0x5CD3, 0x87FF, 0x7FFF, 0x87FF, 0x87FF, 0x7FFF, 0x7FFF, 0x7FFF, 0x7FFF, 0x77FF, 0x77FF, 0x77FF,
  0x6FFF, 0x6FFF, 0x6FFF, 0x6FFF, 0x67FF, 0x67FF, 0x5FFF, 0x5FFF, 0x5FFF, 0x5FFF, 0x57FF, 0x57FF,
  0x57FF, 0x57FF, 0x4FFF, 0x57FF, 0x4FFF, 0x4FFF, 0x4FFF, 0x57FF, 0x57FF, 0x57FF, 0x57FF, 0x5FFF,
  0x5EDA, 0x1985, 0x0881, 0x4472, 0x5FBF, 0x57FF, 0x4FFF, 0x4FDF, 0x4FFF, 0x4FFF, 0x57FF, 0x57FF,
  0x57FF, 0x57FF, 0x4FFF, 0x4FDF, 0x4FFF, 0x57FF, 0x5FFF, 0x67DF, 0x4492, 0x10A2, 0x1965, 0x5EFB,
  0x5FFF, 0x57FF, 0x57FF, 0x57FF, 0x57FF, 0x57FF, 0x57FF, 0x57FF, 0x57FF, 0x57FF, 0x5FFF, 0x5FFF,
  0x5FFF, 0x5FFF, 0x57FF, 0x57FF, 0x57FF, 0x57FF, 0x57FF, 0x57FF, 0x57FF, 0x57FF, 0x4FFF, 0x4FFF,
  0x4FFF, 0x57FF, 0x57FF, 0x57FF, 0x57FF, 0x4FFF, 0x57FF, 0x57FF, 0x57FF, 0x4FFF, 0x4FFF, 0x57FF,
  0x57FF, 0x4FFF, 0x4FFF, 0x4FFF, 0x4FFF, 0x4FFF, 0x4FFF, 0x4FFF, 0x4FFF, 0x4FFF, 0x4FFF, 0x4FFF,
  0x4FFF, 0x4FFF, 0x47FF, 0x4FFF, 0x4FFF, 0x4FFF, 0x4FFF, 0x4FFF, 0x4FFF, 0x47FF, 0x4FFF, 0x4FFF,
  0x4FFF, 0x4FFF, 0x4FFF, 0x4FFF, 0x4FFF, 0x4FFF, 0x47FF, 0x47FF, 0x4FFF, 0x4FFF, 0x47FF, 0x4FFF,
  0x47FF, 0x4FFF, 0x4FFF, 0x4FFF, 0x47FF, 0x47FF, 0x47FF, 0x47FF, 0x47FF, 0x47FF, 0x4FFF, 0x4FFF,
  0x47FF, 0x47FF, 0x47FF, 0x47FF, 0x4FFF, 0x47FF, 0x47FF, 0x47FF, 0x47FF, 0x47FF, 0x47FF, 0x47FF,
  0x47FF, 0x47FF, 0x47FF, 0x47FF, 0x47FF, 0x47FF, 0x47FF, 0x47FF, 0x47FF, 0x47FF, 0x47FF, 0x47FF,
  0x47FF, 0x47FF, 0x47FF, 0x47FF, 0x47FF, 0x47FF, 0x47FF, 0x47FF, 0x4FFF, 0x47FF, 0x47FF, 0x4FFF,
  0x4FFF, 0x4FFF, 0x4FFF, 0x4FFF, 0x57FF, 0x4FFF, 0x4FFF, 0x57FF, 0x57FF, 0x57FF, 0x57FF, 0x5FFF,
  0x5FFF, 0x67FF, 0x67FF, 0x67FF, 0x67FF, 0x67FF, 0x67FF, 0x67FF, 0x5FFF, 0x5FFF, 0x5FFF, 0x67FF,
  0x6FFF, 0x6FFF, 0x6FFF, 0x6FFF, 0x77FF, 0x6FFF, 0x77FF, 0x77FF, 0x77FF, 0x77FF, 0x77FF, 0x8FFF,
  0x21E8, 0x0000, 0x5639, 0x3FFF, 0x47DF, 0x1166, 0x0000, 0x0083, 0x00E6, 0x00C5, 0x00E5, 0x00E5,
  0x00E5, 0x00E5, 0x00E5, 0x00E6, 0x00E5, 0x0063, 0x0001, 0x4431, 0x4FFF, 0x4FFF, 0x55B7, 0x0001,
  0x2A4A, 0x87FF, 0x77FF, 0x7FFF, 0x77FF, 0x77FF, 0x77FF, 0x6FFF, 0x6FFF, 0x67FF, 0x5FFF, 0x67FF,
  0x5FFF, 0x57FF, 0x57FF, 0x57FF, 0x57FF, 0x4FFF, 0x4FFF, 0x4FFF, 0x4FFF, 0x47FF, 0x47FF, 0x47FF,
  0x47FF, 0x47FF, 0x47FF, 0x47FF, 0x3FFF, 0x47FF, 0x47FF, 0x47FF, 0x47FF, 0x47DF, 0x4FFF, 0x4555,
  0x0000, 0x226A, 0x5F3D, 0x5FFF, 0x4FFF, 0x47DF, 0x57FF, 0x5FFF, 0x5FBE, 0x4E59, 0x4DD7, 0x4DD7,
  0x45F8, 0x4E38, 0x575D, 0x5FFF, 0x5FFF, 0x4FFF, 0x4FDF, 0x4FFF, 0x57FF, 0x5F5D, 0x226A, 0x0000,
  0x4555, 0x5FFF, 0x4FDF, 0x47FF, 0x4FFF, 0x47FF, 0x4FFF, 0x4FFF, 0x47FF, 0x47FF, 0x4FFF, 0x47FF,
  0x57FF, 0x57FF, 0x57FF, 0x57FF, 0x4FFF, 0x47FF, 0x47FF, 0x47FF, 0x47DF, 0x47FF, 0x57FF, 0x4FFF,
  0x4FFF, 0x47FF, 0x4FDF, 0x47FF, 0x4FFF, 0x57FF, 0x4FFF, 0x47FF, 0x47FF, 0x4FFF, 0x4FFF, 0x47FF,
  0x4FFF, 0x47FF, 0x47FF, 0x4FFF, 0x4FFF, 0x4FFF, 0x4FFF, 0x4FFF, 0x4FFF, 0x47FF, 0x47FF, 0x47FF,
  0x47FF, 0x4FFF, 0x4FFF, 0x47FF, 0x3FFF, 0x3FDF, 0x47FF, 0x4FFF, 0x4FFF, 0x4FFF, 0x47FF, 0x3FFF,
  0x47FF, 0x4FFF, 0x47FF, 0x3FFF, 0x47FF, 0x4FFF, 0x47FF, 0x3FFF, 0x3FFF, 0x3FFF, 0x47FF, 0x47FF,
  0x4FFF, 0x47FF, 0x3FDF, 0x3FFF, 0x3FFF, 0x47FF, 0x47FF, 0x47FF, 0x47FF, 0x3FFF, 0x3FDF, 0x3FFF,
  0x47FF, 0x47FF, 0x47FF, 0x47FF, 0x47FF, 0x47FF, 0x3FFF, 0x3FFF, 0x3FFF, 0x3FFF, 0x47FF, 0x47FF,
  0x3FFF, 0x47FF, 0x47FF, 0x47FF, 0x47FF, 0x47FF, 0x47FF, 0x37FF, 0x47FF, 0x47FF, 0x3FFF, 0x3FFF,
  0x3FFF, 0x37FF, 0x37FF, 0x37FF, 0x37FF, 0x37FF, 0x37FF, 0x37FF, 0x37FF, 0x37FF, 0x37FF, 0x37FF,
  0x3FFF, 0x3FFF, 0x3FFF, 0x3FFF, 0x47FF, 0x3FFF, 0x47FF, 0x47FF, 0x47FF, 0x3FFF, 0x47FF, 0x47FF,
  0x4FFF, 0x57FF, 0x57FF, 0x57FF, 0x5FFF, 0x57FF, 0x4FFF, 0x4FFF, 0x57FF, 0x4FFF, 0x57FF, 0x57FF,
  0x5FFF, 0x5FFF, 0x5FFF, 0x5FFF, 0x67FF, 0x67FF, 0x67FF, 0x6FFF, 0x6FFF, 0x6FFF, 0x6FFF, 0x7EFC,
  0x0022, 0x10E5, 0x57BE, 0x37FF, 0x46BB, 0x0021, 0x0001, 0x00A4, 0x00E6, 0x00C5, 0x00E5, 0x00E5,
  0x00E5, 0x00E5, 0x00E5, 0x00E5, 0x0106, 0x0084, 0x0002, 0x21A8, 0x57FF, 0x3FFF, 0x5F7E, 0x10E5,
  0x0063, 0x7EFC, 0x77FF, 0x7FFF, 0x7FFF, 0x77FF, 0x77FF, 0x6FFF, 0x6FFF, 0x67FF, 0x67FF, 0x5FFF,
  0x5FFF, 0x5FFF, 0x57FF, 0x4FFF, 0x4FFF, 0x4FFF, 0x47FF, 0x47FF, 0x47FF, 0x47FF, 0x3FFF, 0x3FFF,
  0x3FFF, 0x47FF, 0x47FF, 0x47FF, 0x47FF, 0x47FF, 0x47FF, 0x4FFF, 0x47DF, 0x4FFF, 0x4535, 0x0000,
  0x33F0, 0x57FF, 0x4FFF, 0x57DF, 0x57FF, 0x5FFF, 0x5EBA, 0x336E, 0x1125, 0x0001, 0x0000, 0x0000,
  0x0000, 0x0001, 0x08A3, 0x1A09, 0x3C51, 0x575D, 0x5FFF, 0x4FFF, 0x4FDF, 0x4FFF, 0x5FFF, 0x3C51,
  0x0000, 0x3CB3, 0x57FF, 0x47DF, 0x4FFF, 0x4FFF, 0x4FFF, 0x4FFF, 0x4FFF, 0x4FFF, 0x4FFF, 0x57FF,
  0x3C72, 0x2BAE, 0x33CF, 0x3C31, 0x4DF7, 0x57FF, 0x4FFF, 0x4FFF, 0x4FFF, 0x4E9A, 0x338E, 0x22CC,
  0x3C30, 0x577D, 0x4FFF, 0x4FFF, 0x3D14, 0x33AE, 0x4535, 0x57FF, 0x4EFB, 0x33AE, 0x3492, 0x577D,
  0x19E8, 0x2B2D, 0x4576, 0x23AF, 0x2BCF, 0x2BAF, 0x2BCF, 0x33CF, 0x3C31, 0x4FBF, 0x47FF, 0x47FF,
  0x4F9E, 0x33F0, 0x33AE, 0x4EBA, 0x4FFF, 0x4FFF, 0x4EBA, 0x33CF, 0x22ED, 0x338E, 0x4638, 0x4FFF,
  0x3492, 0x2BAE, 0x3D76, 0x4FFF, 0x471C, 0x2BAF, 0x2BCF, 0x4F7D, 0x47FF, 0x4FFF, 0x3D14, 0x22AB,
  0x22CC, 0x4555, 0x57FF, 0x47FF, 0x46DB, 0x33AF, 0x33F0, 0x33EF, 0x3C71, 0x4E9A, 0x4FFF, 0x47FF,
  0x3D14, 0x33AE, 0x2BEF, 0x33F0, 0x2BCF, 0x3492, 0x4FFF, 0x47FF, 0x47FF, 0x4679, 0x2BAE, 0x3430,
  0x4E9A, 0x2BCF, 0x2BCF, 0x2BAF, 0x2BAF, 0x33CF, 0x3410, 0x4F5D, 0x3431, 0x33AE, 0x46BA, 0x47FF,
  0x3FFF, 0x3FFF, 0x3FFF, 0x3FFF, 0x3FFF, 0x37FF, 0x3FFF, 0x47FF, 0x3FFF, 0x47FF, 0x47FF, 0x47FF,
  0x47FF, 0x3FFF, 0x47FF, 0x47FF, 0x47FF, 0x47FF, 0x47FF, 0x3FFF, 0x3FFF, 0x4FFF, 0x47FF, 0x47FF,
  0x57FF, 0x67FF, 0x5FFF, 0x5FFF, 0x67FF, 0x5FFF, 0x57FF, 0x4FFF, 0x57FF, 0x57FF, 0x57FF, 0x57FF,
  0x4FFF, 0x57FF, 0x5FFF, 0x5FFF, 0x5FFF, 0x67FF, 0x67FF, 0x6FFF, 0x6FFF, 0x77DF, 0x7FFF, 0x5CF3,
  0x0000, 0x332D, 0x4FFF, 0x3FFF, 0x3C92, 0x0000, 0x0042, 0x00C5, 0x00E5, 0x00C5, 0x00E5, 0x00E5,
  0x00E5, 0x00E5, 0x00E5, 0x00E5, 0x0106, 0x00A4, 0x0043, 0x0042, 0x56BA, 0x3FFF, 0x5FFF, 0x330D,
  0x0000, 0x5492, 0x87FF, 0x77DF, 0x77FF, 0x77FF, 0x6FFF, 0x67FF, 0x67FF, 0x67FF, 0x67FF, 0x67FF,
  0x57FF, 0x4FFF, 0x57FF, 0x4FFF, 0x4FFF, 0x47FF, 0x47FF, 0x47FF, 0x47FF, 0x3FFF, 0x47FF, 0x3FFF,
  0x47FF, 0x3FFF, 0x3FFF, 0x47FF, 0x3FFF, 0x47FF, 0x47FF, 0x47FF, 0x4FFF, 0x4596, 0x0000, 0x3CB3,
  0x57FF, 0x47FF, 0x4FFF, 0x4FFF, 0x5FFF, 0x3C52, 0x0842, 0x0000, 0x0002, 0x0042, 0x0043, 0x0043,
  0x0042, 0x0042, 0x0002, 0x0001, 0x0000, 0x08C3, 0x4D35, 0x5FFF, 0x4FFF, 0x4FFF, 0x47FF, 0x5FFF,
  0x4CF4, 0x0000, 0x4514, 0x57FF, 0x47FF, 0x4FFF, 0x4FFF, 0x4FFF, 0x4FFF, 0x4FFF, 0x47FF, 0x5FFF,
  0x10E4, 0x0000, 0x0000, 0x0000, 0x0000, 0x2B0C, 0x57FF, 0x4FFF, 0x4E79, 0x0862, 0x0000, 0x0000,
  0x0000, 0x1946, 0x573C, 0x57FF, 0x1A29, 0x0000, 0x0883, 0x5FDF, 0x4E18, 0x0000, 0x1145, 0x4E59,
  0x0000, 0x1146, 0x19E8, 0x0000, 0x0000, 0x0000, 0x0000, 0x0000, 0x0000, 0x577D, 0x47FF, 0x47FF,
  0x4F1C, 0x0000, 0x0000, 0x4535, 0x57FF, 0x4596, 0x0841, 0x0000, 0x0000, 0x0000, 0x1166, 0x5FFF,
  0x0925, 0x0000, 0x0883, 0x57BE, 0x46BA, 0x0000, 0x0000, 0x4EDB, 0x4FFF, 0x2B6E, 0x0000, 0x0000,
  0x0000, 0x0000, 0x33CF, 0x57FF, 0x3D96, 0x0000, 0x0000, 0x0000, 0x0000, 0x0021, 0x44D3, 0x57FF,
  0x1A09, 0x0000, 0x0000, 0x0000, 0x0000, 0x0883, 0x57FF, 0x3FFF, 0x47FF, 0x3D14, 0x0000, 0x0883,
  0x4CF4, 0x0000, 0x0000, 0x0000, 0x0000, 0x0000, 0x0000, 0x569A, 0x0083, 0x0000, 0x3D14, 0x47FF,
  0x3FDF, 0x3FFF, 0x3FFF, 0x3FFF, 0x3FFF, 0x3FFF, 0x3FFF, 0x37FF, 0x3FFF, 0x47FF, 0x47FF, 0x47FF,
  0x47FF, 0x3FFF, 0x47FF, 0x47FF, 0x37FF, 0x3FFF, 0x47FF, 0x3FFF, 0x3FFF, 0x47FF, 0x47FF, 0x3FFF,
  0x4FFF, 0x67FF, 0x67FF, 0x5FFF, 0x67FF, 0x67FF, 0x57FF, 0x4FFF, 0x4FFF, 0x4FFF, 0x47FF, 0x4FFF,
  0x4FFF, 0x57FF, 0x5FFF, 0x5FFF, 0x5FFF, 0x6FFF, 0x6FFF, 0x77FF, 0x77FF, 0x77FF, 0x87FF, 0x2A6A,
  0x0000, 0x4D76, 0x47FF, 0x4FFF, 0x2209, 0x0000, 0x0063, 0x00E6, 0x00C5, 0x00E5, 0x00E5, 0x00E5,
  0x00E6, 0x00E6, 0x00E6, 0x00E5, 0x0106, 0x00C5, 0x0063, 0x0001, 0x4431, 0x4FFF, 0x4FFF, 0x4D76,
  0x0001, 0x21C8, 0x8FFF, 0x6FFF, 0x77FF, 0x77FF, 0x6FFF, 0x5FFF, 0x5FFF, 0x67FF, 0x67FF, 0x67FF,
  0x57FF, 0x4FFF, 0x4FFF, 0x4FFF, 0x47FF, 0x47FF, 0x47FF, 0x47FF, 0x47FF, 0x47FF, 0x47FF, 0x3FFF,
  0x47FF, 0x3FFF, 0x47FF, 0x3FFF, 0x3FFF, 0x47FF, 0x47FF, 0x47FF, 0x56DB, 0x0000, 0x3BF0, 0x57FF,
  0x47DF, 0x4FFF, 0x47FF, 0x5FFF, 0x3BF0, 0x0000, 0x0022, 0x0043, 0x0042, 0x0042, 0x0042, 0x0042,
  0x0042, 0x0042, 0x0042, 0x0043, 0x0063, 0x0002, 0x0000, 0x44F4, 0x57FF, 0x4FFF, 0x57FF, 0x4FDF,
  0x67FF, 0x3C92, 0x0000, 0x569A, 0x57FF, 0x4FFF, 0x4FFF, 0x4FFF, 0x4FFF, 0x4FFF, 0x4FFF, 0x5FFF,
  0x1987, 0x0021, 0x2229, 0x32EC, 0x0022, 0x0000, 0x3CF3, 0x5FFF, 0x2229, 0x0000, 0x19E8, 0x4CD3,
  0x08C4, 0x0000, 0x2B4D, 0x5FFF, 0x228B, 0x0021, 0x0000, 0x4DD7, 0x4EBA, 0x0020, 0x1187, 0x5F9E,
  0x0925, 0x1125, 0x4D14, 0x338E, 0x22AB, 0x0042, 0x0883, 0x2B2D, 0x33F0, 0x4FBF, 0x47FF, 0x47FF,
  0x4F3C, 0x0883, 0x0020, 0x45D7, 0x57BE, 0x08A4, 0x0000, 0x1987, 0x4514, 0x338E, 0x1A29, 0x5FFF,
  0x11A7, 0x0022, 0x0000, 0x4596, 0x4F3C, 0x0021, 0x0083, 0x579E, 0x4E79, 0x0000, 0x0021, 0x3C31,
  0x338E, 0x0001, 0x0001, 0x56FC, 0x4659, 0x0020, 0x08A4, 0x3BD0, 0x19A7, 0x0000, 0x0883, 0x5FDF,
  0x22EC, 0x0020, 0x1166, 0x2B8E, 0x232D, 0x3431, 0x4FFF, 0x3FDF, 0x47FF, 0x3D55, 0x0020, 0x0905,
  0x5638, 0x2B8E, 0x228A, 0x0022, 0x0883, 0x2B2D, 0x2BCF, 0x46FB, 0x0905, 0x0020, 0x3D55, 0x4FFF,
  0x3FDF, 0x37FF, 0x3FFF, 0x3FFF, 0x3FFF, 0x3FFF, 0x37FF, 0x37FF, 0x47FF, 0x4FFF, 0x4FFF, 0x3FFF,
  0x3FFF, 0x47FF, 0x47FF, 0x3FFF, 0x37FF, 0x37FF, 0x3FFF, 0x47FF, 0x37FF, 0x3FFF, 0x47FF, 0x3FFF,
  0x3FFF, 0x57FF, 0x4FFF, 0x47FF, 0x4FFF, 0x57FF, 0x47FF, 0x47FF, 0x47FF, 0x4FFF, 0x4FFF, 0x4FFF,
  0x57FF, 0x5FFF, 0x6FFF, 0x67FF, 0x67FF, 0x6FFF, 0x6FFF, 0x6FFF, 0x77FF, 0x77FF, 0x7F3C, 0x0863,
  0x0883, 0x575D, 0x3FFF, 0x4F1C, 0x0862, 0x0001, 0x0084, 0x00E6, 0x00E5, 0x00E5, 0x00E5, 0x00E5,
  0x00E6, 0x00E6, 0x00E6, 0x00E6, 0x00E6, 0x00E6, 0x0083, 0x0001, 0x21A8, 0x5FFF, 0x47FF, 0x5F7D,
  0x1106, 0x0022, 0x7639, 0x77FF, 0x77FF, 0x77FF, 0x6FFF, 0x67FF, 0x67FF, 0x5FFF, 0x5FFF, 0x57FF,
  0x57FF, 0x4FFF, 0x4FFF, 0x4FFF, 0x47FF, 0x47FF, 0x47FF, 0x3FFF, 0x47FF, 0x47FF, 0x3FFF, 0x3FFF,
  0x47FF, 0x47FF, 0x3FFF, 0x3FFF, 0x47FF, 0x47FF, 0x47FF, 0x5FFF, 0x1145, 0x2229, 0x5FFF, 0x47DF,
  0x4FFF, 0x47FF, 0x57FF, 0x55D7, 0x0000, 0x0043, 0x0042, 0x0022, 0x0022, 0x0022, 0x0042, 0x0042,
  0x0042, 0x0042, 0x0042, 0x0042, 0x0042, 0x0042, 0x0022, 0x0862, 0x5F1C, 0x57FF, 0x57FF, 0x57FF,
  0x57DF, 0x67FF, 0x2AAB, 0x1104, 0x67DF, 0x57FF, 0x57FF, 0x4FFF, 0x4FFF, 0x4FFF, 0x4FFF, 0x5FFF,
  0x1987, 0x0000, 0x3C72, 0x6FFF, 0x2A6A, 0x0000, 0x1A09, 0x5F5D, 0x0083, 0x0000, 0x4D96, 0x67FF,
  0x33F0, 0x0000, 0x1125, 0x67FF, 0x22AB, 0x0001, 0x0001, 0x2B2D, 0x569A, 0x0000, 0x1145, 0x67FF,
  0x22EC, 0x1A08, 0x5FFF, 0x5FFF, 0x4E38, 0x0000, 0x0883, 0x5FBE, 0x4FFF, 0x47FF, 0x47FF, 0x47FF,
  0x4F3C, 0x0862, 0x0000, 0x4E59, 0x4576, 0x0000, 0x0883, 0x571C, 0x4FFF, 0x4FFF, 0x475D, 0x57FF,
  0x11C7, 0x0001, 0x0000, 0x2ACC, 0x5F1C, 0x0000, 0x0062, 0x5FDF, 0x33AF, 0x0000, 0x19C8, 0x5FFF,
  0x57FF, 0x1105, 0x0000, 0x3CF4, 0x4E9A, 0x0000, 0x08E5, 0x57FF, 0x4E9A, 0x0001, 0x0001, 0x56FB,
  0x232D, 0x0000, 0x2B4D, 0x67FF, 0x57FF, 0x4FFF, 0x47FF, 0x47DF, 0x4FFF, 0x3D55, 0x0000, 0x0883,
  0x575D, 0x57FF, 0x4DD7, 0x0000, 0x08C4, 0x5FFF, 0x4FFF, 0x4F9E, 0x08C4, 0x0000, 0x45F8, 0x47FF,
  0x37FF, 0x3FFF, 0x37FF, 0x37FF, 0x3FFF, 0x3FFF, 0x3FFF, 0x47FF, 0x47FF, 0x47FF, 0x47FF, 0x47FF,
  0x47FF, 0x3FFF, 0x3FFF, 0x47FF, 0x2FFF, 0x2FFF, 0x37FF, 0x4FFF, 0x3FFF, 0x37FF, 0x37FF, 0x37FF,
  0x37FF, 0x3FFF, 0x3FFF, 0x4FFF, 0x47FF, 0x47FF, 0x47FF, 0x47FF, 0x47FF, 0x4FFF, 0x4FFF, 0x4FFF,
  0x5FFF, 0x67FF, 0x6FFF, 0x67FF, 0x67FF, 0x6FFF, 0x6FFF, 0x77FF, 0x77DF, 0x7FFF, 0x5CF4, 0x0000,
  0x32EC, 0x4FFF, 0x3FFF, 0x3CD3, 0x0000, 0x0042, 0x00A4, 0x00E6, 0x00E5, 0x00E5, 0x00E5, 0x00E5,
  0x0106, 0x00E6, 0x00E6, 0x00E6, 0x00E5, 0x0126, 0x00A4, 0x0043, 0x0022, 0x569A, 0x47FF, 0x5FFF,
  0x3BAF, 0x0000, 0x438F, 0x87FF, 0x6FFF, 0x6FFF, 0x6FFF, 0x6FFF, 0x6FFF, 0x5FFF, 0x5FFF, 0x57FF,
  0x4FFF, 0x4FFF, 0x4FFF, 0x4FFF, 0x47FF, 0x47FF, 0x3FFF, 0x47FF, 0x47FF, 0x3FFF, 0x3FFF, 0x3FFF,
  0x3FFF, 0x47FF, 0x3FFF, 0x3FFF, 0x47FF, 0x3FDF, 0x4FFF, 0x3C72, 0x0841, 0x5F5D, 0x4FFF, 0x4FFF,
  0x4FFF, 0x4FFF, 0x5FFF, 0x226A, 0x0000, 0x0043, 0x0022, 0x0042, 0x0022, 0x0022, 0x0042, 0x0022,
  0x0022, 0x0022, 0x0042, 0x0042, 0x0022, 0x0022, 0x0063, 0x0000, 0x3C92, 0x5FFF, 0x57DF, 0x5FFF,
  0x5FFF, 0x5FFF, 0x6FBE, 0x0882, 0x33CF, 0x5FFF, 0x57FF, 0x4FFF, 0x4FFF, 0x4FFF, 0x4FFF, 0x5FFF,
  0x1967, 0x0000, 0x33F0, 0x5FFF, 0x3C92, 0x0000, 0x0946, 0x5679, 0x0022, 0x0001, 0x4E59, 0x4FDF,
  0x3D35, 0x0000, 0x0042, 0x5F5D, 0x22EC, 0x0000, 0x0001, 0x08C4, 0x4D35, 0x0000, 0x1146, 0x67FF,
  0x338E, 0x4659, 0x4FFF, 0x4FDF, 0x45D7, 0x0000, 0x0863, 0x571C, 0x47DF, 0x4FFF, 0x4FFF, 0x47FF,
  0x4F3C, 0x0863, 0x0000, 0x4E38, 0x2B6E, 0x0000, 0x2A8B, 0x57FF, 0x4FFF, 0x57FF, 0x57FF, 0x57FF,
  0x19C8, 0x0001, 0x0063, 0x08A4, 0x55F7, 0x0022, 0x0083, 0x5FBE, 0x228B, 0x0000, 0x226A, 0x4FFF,
  0x4FFF, 0x1A29, 0x0000, 0x33CF, 0x4E59, 0x0000, 0x08C4, 0x5FFF, 0x45D7, 0x0001, 0x0001, 0x5F3D,
  0x22EC, 0x0000, 0x11A7, 0x33CF, 0x236E, 0x4EDB, 0x47FF, 0x47DF, 0x4FFF, 0x3D55, 0x0000, 0x0883,
  0x4F1C, 0x47DF, 0x4576, 0x0000, 0x08A3, 0x573C, 0x47DF, 0x579E, 0x08C4, 0x0001, 0x469A, 0x3FFF,
  0x37FF, 0x37FF, 0x37FF, 0x3FFF, 0x3FFF, 0x3FFF, 0x3FFF, 0x3FFF, 0x47FF, 0x47FF, 0x47FF, 0x57FF,
  0x47FF, 0x47FF, 0x4FFF, 0x2FFF, 0x27FF, 0x2FFF, 0x37FF, 0x37FF, 0x37FF, 0x2FFF, 0x2FFF, 0x37FF,
  0x37FF, 0x37FF, 0x3FFF, 0x47FF, 0x47FF, 0x47FF, 0x47FF, 0x47FF, 0x4FFF, 0x4FFF, 0x4FFF, 0x57FF,
  0x67FF, 0x67FF, 0x6FFF, 0x67FF, 0x6FFF, 0x6FFF, 0x6FFF, 0x77FF, 0x6FFF, 0x87FF, 0x2A4A, 0x0000,
  0x5596, 0x47FF, 0x47FF, 0x2208, 0x0000, 0x0063, 0x00E6, 0x00E5, 0x00E5, 0x00E5, 0x00E5, 0x00E5,
  0x0106, 0x0106, 0x00E6, 0x00E6, 0x00E5, 0x0106, 0x00E5, 0x0063, 0x0001, 0x3BCF, 0x57FF, 0x4FFF,
  0x5E9A, 0x0042, 0x10E5, 0x7F7D, 0x77FF, 0x77FF, 0x77FF, 0x6FFF, 0x6FFF, 0x67FF, 0x57FF, 0x4FFF,
  0x4FFF, 0x57FF, 0x47FF, 0x47FF, 0x47FF, 0x47FF, 0x3FFF, 0x3FFF, 0x3FFF, 0x3FFF, 0x3FFF, 0x3FFF,
  0x47FF, 0x3FFF, 0x3FFF, 0x3FFF, 0x3FFF, 0x3FFF, 0x5FDF, 0x0883, 0x3C51, 0x57FF, 0x4FDF, 0x4FFF,
  0x4FFF, 0x4FFF, 0x5FFF, 0x1125, 0x0001, 0x0042, 0x0022, 0x0022, 0x0022, 0x0022, 0x0022, 0x0022,
  0x0022, 0x0022, 0x0042, 0x0022, 0x0022, 0x0022, 0x0043, 0x0000, 0x2ACC, 0x5FFF, 0x57FF, 0x5FFF,
  0x5FFF, 0x5FDF, 0x67FF, 0x4D14, 0x0000, 0x675D, 0x57FF, 0x57FF, 0x4FFF, 0x4FFF, 0x4FFF, 0x5FFF,
  0x1987, 0x0000, 0x3C10, 0x5FFF, 0x3CD3, 0x0000, 0x0925, 0x5618, 0x0042, 0x0002, 0x4E7A, 0x4FFF,
  0x45D7, 0x0001, 0x0001, 0x571C, 0x22EC, 0x0000, 0x1A09, 0x0001, 0x3B0C, 0x0022, 0x1146, 0x5FFF,
  0x4FFF, 0x4FFF, 0x4FFF, 0x57FF, 0x45D7, 0x0000, 0x0883, 0x573C, 0x47FF, 0x47FF, 0x47FF, 0x47FF,
  0x4F3C, 0x0863, 0x0000, 0x5618, 0x228A, 0x0000, 0x3C51, 0x5FBE, 0x19C8, 0x2229, 0x22AB, 0x5FBE,
  0x11C8, 0x0022, 0x32EC, 0x0000, 0x438E, 0x0883, 0x0063, 0x5F9E, 0x1A29, 0x0000, 0x2ACC, 0x57FF,
  0x57FF, 0x228B, 0x0000, 0x334D, 0x5659, 0x0000, 0x0042, 0x2229, 0x08E5, 0x0000, 0x19C8, 0x67FF,
  0x228B, 0x0000, 0x0001, 0x0000, 0x0000, 0x4DD7, 0x4FFF, 0x47DF, 0x4FFF, 0x3D55, 0x0000, 0x0883,
  0x4F1C, 0x4FFF, 0x4576, 0x0000, 0x08C4, 0x577D, 0x47FF, 0x57FF, 0x19A7, 0x0000, 0x4EDB, 0x3FFF,
  0x3FFF, 0x37FF, 0x37FF, 0x37FF, 0x37FF, 0x37FF, 0x2FFF, 0x2FFF, 0x37FF, 0x3FFF, 0x3FFF, 0x47FF,
  0x3FFF, 0x47FF, 0x3FFF, 0x37FF, 0x27FF, 0x27FF, 0x2FFF, 0x2FFF, 0x37FF, 0x37FF, 0x3FFF, 0x3FFF,
  0x37FF, 0x3FFF, 0x37FF, 0x3FFF, 0x47FF, 0x3FFF, 0x47FF, 0x47FF, 0x47FF, 0x47FF, 0x4FFF, 0x57FF,
  0x5FFF, 0x67FF, 0x6FFF, 0x6FFF, 0x6FFF, 0x6FFF, 0x6FFF, 0x77FF, 0x77FF, 0x7EFB, 0x0042, 0x10E5,
  0x5F9E, 0x3FFF, 0x4EDB, 0x0041, 0x0001, 0x0084, 0x0106, 0x00E5, 0x00E5, 0x00E5, 0x00E5, 0x00E5,
  0x0106, 0x0106, 0x0106, 0x0106, 0x00E6, 0x00E6, 0x0106, 0x0084, 0x0023, 0x1105, 0x5F9E, 0x47FF,
  0x67FF, 0x2A4A, 0x0000, 0x64F4, 0x7FFF, 0x77DF, 0x77FF, 0x6FFF, 0x6FFF, 0x67FF, 0x5FFF, 0x57FF,
  0x57FF, 0x57FF, 0x47FF, 0x47FF, 0x47FF, 0x47FF, 0x47FF, 0x3FFF, 0x3FFF, 0x3FFF, 0x3FFF, 0x47FF,
  0x3FFF, 0x47FF, 0x3FFF, 0x3FFF, 0x3FDF, 0x47FF, 0x4D55, 0x0821, 0x5F7D, 0x4FFF, 0x4FFF, 0x4FFF,
  0x4FFF, 0x4FFF, 0x5FDF, 0x1125, 0x0001, 0x0042, 0x0022, 0x0043, 0x0042, 0x0042, 0x0022, 0x0022,
  0x0022, 0x0022, 0x0042, 0x0042, 0x0043, 0x0042, 0x0063, 0x0041, 0x226A, 0x5FFF, 0x4FFF, 0x57FF,
  0x5FFF, 0x5FFF, 0x5FFF, 0x67DF, 0x08A3, 0x4410, 0x67FF, 0x57DF, 0x57FF, 0x4FFF, 0x4FFF, 0x5FFF,
  0x1987, 0x0000, 0x3C10, 0x5FFF, 0x3CD3, 0x0000, 0x0905, 0x5638, 0x0062, 0x0001, 0x4E59, 0x4FFF,
  0x45F8, 0x0001, 0x0001, 0x56FB, 0x22EC, 0x0000, 0x4410, 0x0042, 0x08A3, 0x0001, 0x1146, 0x5FFF,
  0x47FF, 0x4FFF, 0x4FFF, 0x57FF, 0x45D7, 0x0000, 0x0883, 0x5F3C, 0x47FF, 0x47FF, 0x47FF, 0x47FF,
  0x4F3C, 0x0863, 0x0000, 0x5618, 0x228A, 0x0000, 0x3C72, 0x5F5D, 0x1105, 0x0000, 0x0021, 0x5F7E,
  0x11E8, 0x0000, 0x54F3, 0x08C4, 0x08E4, 0x0083, 0x0063, 0x5FDF, 0x22CC, 0x0000, 0x2ACB, 0x57FF,
  0x57FF, 0x228B, 0x0000, 0x334D, 0x5E79, 0x0000, 0x0043, 0x0000, 0x0001, 0x1187, 0x571C, 0x57FF,
  0x228B, 0x0000, 0x0905, 0x1A4A, 0x19A7, 0x4E59, 0x4FFF, 0x47DF, 0x4FFF, 0x3D55, 0x0000, 0x0883,
  0x4F1C, 0x4FFF, 0x4576, 0x0000, 0x08C4, 0x577D, 0x3FFF, 0x4FFF, 0x19C7, 0x0000, 0x573D, 0x3FFF,
  0x37FF, 0x37FF, 0x37FF, 0x37FF, 0x37FF, 0x2FFF, 0x2FFF, 0x37FF, 0x3FFF, 0x3FFF, 0x47FF, 0x4FFF,
  0x57FF, 0x4FFF, 0x3FFF, 0x4FFF, 0x37FF, 0x27FF, 0x2FFF, 0x37FF, 0x37FF, 0x37FF, 0x47FF, 0x47FF,
  0x37FF, 0x3FFF, 0x37FF, 0x37FF, 0x47FF, 0x4FFF, 0x3FFF, 0x47FF, 0x47FF, 0x47FF, 0x47FF, 0x57FF,
  0x5FFF, 0x6FFF, 0x6FFF, 0x6FFF, 0x6FFF, 0x6FFF, 0x77FF, 0x6FDF, 0x87FF, 0x4C31, 0x0000, 0x43AF,
  0x57FF, 0x47FF, 0x3C31, 0x0000, 0x0042, 0x00C5, 0x00E6, 0x00E5, 0x00E5, 0x00E5, 0x00E5, 0x00E5,
  0x0106, 0x0106, 0x0106, 0x0106, 0x0106, 0x00E6, 0x0126, 0x00A4, 0x0063, 0x0001, 0x4D14, 0x4FFF,
  0x57FF, 0x5555, 0x0001, 0x2A2A, 0x87FF, 0x6FFF, 0x77FF, 0x6FFF, 0x6FFF, 0x6FFF, 0x67FF, 0x67FF,
  0x67FF, 0x5FFF, 0x57FF, 0x57FF, 0x47FF, 0x47FF, 0x3FFF, 0x47FF, 0x3FFF, 0x47FF, 0x3FFF, 0x3FFF,
  0x3FFF, 0x3FFF, 0x3FFF, 0x47FF, 0x3FFF, 0x57FF, 0x21E8, 0x22AB, 0x5FFF, 0x4FFF, 0x4FFF, 0x4FFF,
  0x4FFF, 0x4FFF, 0x5FFF, 0x0883, 0x2ACC, 0x226A, 0x0000, 0x0000, 0x0001, 0x0022, 0x0042, 0x0022,
  0x0022, 0x0042, 0x0001, 0x0000, 0x0000, 0x0000, 0x336E, 0x3B6E, 0x226A, 0x5FFF, 0x4FDF, 0x57FF,
  0x57FF, 0x5FFF, 0x5FDF, 0x67FF, 0x3BCF, 0x1105, 0x6FFF, 0x57FF, 0x57FF, 0x4FFF, 0x4FFF, 0x5FFF,
  0x1987, 0x0000, 0x3C11, 0x67FF, 0x33D0, 0x0000, 0x1187, 0x5EBA, 0x0042, 0x0001, 0x4E38, 0x4FFF,
  0x4555, 0x0000, 0x0021, 0x5F3C, 0x2AEC, 0x0000, 0x55B7, 0x226A, 0x0000, 0x0001, 0x1946, 0x5FFF,
  0x4FFF, 0x4FFF, 0x4FFF, 0x57FF, 0x45D7, 0x0000, 0x0883, 0x5F1C, 0x4FFF, 0x4FFF, 0x4FFF, 0x47FF,
  0x573C, 0x0862, 0x0000, 0x5618, 0x2B2D, 0x0000, 0x2AEC, 0x5FFF, 0x56FB, 0x0022, 0x00A3, 0x679E,
  0x19E8, 0x0000, 0x5618, 0x2B0D, 0x0000, 0x0002, 0x0883, 0x5FFF, 0x2B4E, 0x0000, 0x2A4A, 0x57FF,
  0x57FF, 0x19C8, 0x0000, 0x3C31, 0x5679, 0x0000, 0x1166, 0x4451, 0x0000, 0x1187, 0x5FBE, 0x4FFF,
  0x22AB, 0x0000, 0x2B0C, 0x5FFF, 0x57FF, 0x4FFF, 0x47FF, 0x47DF, 0x4FFF, 0x3D35, 0x0000, 0x0883,
  0x4F1C, 0x4FFF, 0x4576, 0x0000, 0x08C4, 0x577D, 0x47FF, 0x4FFF, 0x2B6E, 0x1A09, 0x57FF, 0x3FFF,
  0x3FFF, 0x37FF, 0x37FF, 0x37FF, 0x2FFF, 0x2FFF, 0x37FF, 0x2FFF, 0x37FF, 0x47FF, 0x3FFF, 0x3FFF,
  0x3FFF, 0x2FFF, 0x47FF, 0x3FFF, 0x2FFF, 0x2FFF, 0x27FF, 0x2FFF, 0x2FFF, 0x2FFF, 0x2FFF, 0x37FF,
  0x37FF, 0x37FF, 0x37FF, 0x3FFF, 0x47FF, 0x4FFF, 0x47FF, 0x47FF, 0x47FF, 0x4FFF, 0x57FF, 0x67FF,
  0x67FF, 0x6FFF, 0x6FFF, 0x77FF, 0x77FF, 0x77FF, 0x77FF, 0x77FF, 0x87BE, 0x1925, 0x0021, 0x5EBB,
  0x47FF, 0x4FDF, 0x1966, 0x0001, 0x0063, 0x00E6, 0x00E5, 0x00E5, 0x00E5, 0x00E5, 0x00E5, 0x00E5,
  0x0106, 0x0106, 0x0106, 0x0106, 0x0106, 0x0106, 0x0106, 0x0106, 0x0084, 0x0002, 0x2A29, 0x5FFF,
  0x47FF, 0x5F9E, 0x1147, 0x0022, 0x7659, 0x77FF, 0x77FF, 0x6FFF, 0x6FFF, 0x6FFF, 0x67FF, 0x67FF,
  0x67FF, 0x5FFF, 0x57FF, 0x4FFF, 0x47FF, 0x4FFF, 0x47FF, 0x47FF, 0x3FFF, 0x47FF, 0x3FFF, 0x3FFF,
  0x3FFF, 0x3FFF, 0x3FFF, 0x3FFF, 0x3FFF, 0x577E, 0x0842, 0x4D96, 0x57FF, 0x4FFF, 0x57FF, 0x4FFF,
  0x4FFF, 0x4FFF, 0x5FFF, 0x10C4, 0x3452, 0x338E, 0x4DD7, 0x2B2D, 0x1125, 0x0021, 0x0000, 0x0022,
  0x0022, 0x0000, 0x08C4, 0x226A, 0x22CB, 0x32CB, 0x3431, 0x44B3, 0x3C31, 0x5FFF, 0x4FDF, 0x57FF,
  0x57FF, 0x5FFF, 0x5FFF, 0x5FFF, 0x66BB, 0x0822, 0x66DB, 0x5FFF, 0x57FF, 0x57FF, 0x4FFF, 0x5FFF,
  0x1187, 0x0000, 0x3BF0, 0x66BB, 0x1105, 0x0000, 0x2B4E, 0x67BF, 0x08A3, 0x0000, 0x3BAF, 0x6FFF,
  0x2B2D, 0x0000, 0x10E5, 0x6FFF, 0x22AB, 0x0000, 0x5618, 0x4596, 0x0000, 0x0002, 0x1946, 0x5FFF,
  0x4FFF, 0x4FFF, 0x4FFF, 0x57FF, 0x45D7, 0x0000, 0x0863, 0x571C, 0x4FFF, 0x4FFF, 0x4FFF, 0x47FF,
  0x573C, 0x0863, 0x0000, 0x4E59, 0x44F3, 0x0000, 0x08C4, 0x5F5D, 0x573D, 0x0001, 0x0083, 0x677D,
  0x19E8, 0x0000, 0x4E18, 0x4DD7, 0x0000, 0x0022, 0x0883, 0x5FFF, 0x3C92, 0x0000, 0x10E5, 0x5F9E,
  0x5EFB, 0x0883, 0x0000, 0x5618, 0x4E79, 0x0000, 0x0905, 0x5F3C, 0x08E5, 0x0000, 0x44B3, 0x5FFF,
  0x1A8A, 0x0000, 0x228A, 0x571C, 0x4EFB, 0x573C, 0x4FFF, 0x4FDF, 0x57FF, 0x4535, 0x0000, 0x0883,
  0x571C, 0x4FFF, 0x4576, 0x0000, 0x08C4, 0x577D, 0x4FFF, 0x4FFF, 0x5659, 0x55D7, 0x4FFF, 0x47FF,
  0x47FF, 0x47FF, 0x3FFF, 0x37FF, 0x37FF, 0x37FF, 0x2FFF, 0x37FF, 0x37FF, 0x3FFF, 0x37FF, 0x37FF,
  0x37FF, 0x3FFF, 0x2FFF, 0x37FF, 0x37FF, 0x2FFF, 0x27FF, 0x27FF, 0x27FF, 0x27FF, 0x37FF, 0x37FF,
  0x37FF, 0x37FF, 0x37FF, 0x3FFF, 0x4FFF, 0x4FFF, 0x47FF, 0x4FFF, 0x4FFF, 0x57FF, 0x5FFF, 0x67FF,
  0x67FF, 0x6FFF, 0x6FFF, 0x77FF, 0x77FF, 0x77FF, 0x77DF, 0x87FF, 0x6576, 0x0000, 0x2A4A, 0x5FFF,
  0x3FFF, 0x4618, 0x0000, 0x0022, 0x0084, 0x0106, 0x00E5, 0x00E5, 0x00E5, 0x00E5, 0x00E5, 0x00E6,
  0x0906, 0x0106, 0x0906, 0x0106, 0x0106, 0x0106, 0x0106, 0x0127, 0x00A4, 0x0063, 0x0042, 0x569A,
  0x47FF, 0x57FF, 0x4472, 0x0000, 0x3B0D, 0x87FF, 0x6FFF, 0x77FF, 0x77FF, 0x6FFF, 0x6FFF, 0x67FF,
  0x5FFF, 0x4FFF, 0x57FF, 0x4FFF, 0x47FF, 0x4FFF, 0x47FF, 0x47FF, 0x3FFF, 0x47FF, 0x47FF, 0x3FFF,
  0x3FFF, 0x47FF, 0x47FF, 0x47FF, 0x47FF, 0x4DF8, 0x0842, 0x5F5D, 0x4FFF, 0x4FFF, 0x4FFF, 0x4FFF,
  0x57FF, 0x4FDF, 0x57FF, 0x232D, 0x4451, 0x224A, 0x4FFF, 0x57FF, 0x5F9E, 0x5659, 0x22AB, 0x0021,
  0x0001, 0x338E, 0x5F7D, 0x67FF, 0x5FFF, 0x5E9A, 0x224A, 0x5619, 0x4E7A, 0x4FFF, 0x4FFF, 0x57FF,
  0x57FF, 0x5FFF, 0x5FFF, 0x5FFF, 0x67FF, 0x08C4, 0x4CF4, 0x67FF, 0x57FF, 0x57FF, 0x4FFF, 0x5FFF,
  0x1146, 0x0001, 0x0063, 0x0022, 0x0000, 0x0862, 0x56BB, 0x5FFF, 0x3BAF, 0x0000, 0x0042, 0x19A7,
  0x0022, 0x0000, 0x3BCF, 0x67FF, 0x226A, 0x0000, 0x4576, 0x67DF, 0x10E4, 0x0000, 0x1146, 0x5FFF,
  0x47FF, 0x4FFF, 0x4FFF, 0x4FFF, 0x45D7, 0x0000, 0x0863, 0x571C, 0x4FFF, 0x4FFF, 0x4FFF, 0x4FFF,
  0x573C, 0x0862, 0x0000, 0x45D7, 0x5F7D, 0x0883, 0x0000, 0x1166, 0x1A29, 0x0000, 0x0022, 0x677D,
  0x11E8, 0x0000, 0x3D96, 0x5FDF, 0x08A4, 0x0000, 0x08A4, 0x57BE, 0x573C, 0x0042, 0x0000, 0x1146,
  0x1105, 0x0000, 0x10E5, 0x5FDF, 0x45D7, 0x0000, 0x08A4, 0x5FFF, 0x2B4E, 0x0000, 0x1987, 0x67FF,
  0x1A8A, 0x0000, 0x0022, 0x0042, 0x0021, 0x1105, 0x57BE, 0x4FFF, 0x57FF, 0x4535, 0x0000, 0x0863,
  0x4F1C, 0x4FFF, 0x4575, 0x0000, 0x08A4, 0x577D, 0x4FFF, 0x4F5D, 0x0083, 0x0000, 0x4618, 0x3FFF,
  0x3FFF, 0x3FFF, 0x3FFF, 0x3FFF, 0x2FFF, 0x37FF, 0x37FF, 0x37FF, 0x2FFF, 0x37FF, 0x2FFF, 0x3FFF,
  0x47FF, 0x3FFF, 0x2FFF, 0x37FF, 0x3FFF, 0x2FFF, 0x27FF, 0x37FF, 0x3FFF, 0x3FFF, 0x37FF, 0x37FF,
  0x3FFF, 0x47FF, 0x47FF, 0x4FFF, 0x4FFF, 0x4FFF, 0x57FF, 0x5FFF, 0x57FF, 0x57FF, 0x57FF, 0x5FFF,
  0x67FF, 0x6FFF, 0x77FF, 0x77FF, 0x77FF, 0x77FF, 0x77FF, 0x8FFF, 0x2A4A, 0x0000, 0x5576, 0x47FF,
  0x47FF, 0x2B2D, 0x0000, 0x0042, 0x00E5, 0x00E6, 0x00E5, 0x00E5, 0x00E5, 0x00E6, 0x0106, 0x0106,
  0x0906, 0x0906, 0x0906, 0x0906, 0x0106, 0x0106, 0x0106, 0x0126, 0x00E5, 0x0084, 0x0001, 0x3B8E,
  0x57FF, 0x47FF, 0x5F5D, 0x10E5, 0x0063, 0x76BB, 0x77FF, 0x77FF, 0x77FF, 0x77FF, 0x6FFF, 0x6FFF,
  0x5FFF, 0x57FF, 0x57FF, 0x4FFF, 0x47FF, 0x4FFF, 0x47FF, 0x47FF, 0x47FF, 0x47FF, 0x47FF, 0x47FF,
  0x3FFF, 0x47FF, 0x47FF, 0x47DF, 0x4FFF, 0x3C92, 0x10E4, 0x67FF, 0x57FF, 0x4FFF, 0x57FF, 0x57FF,
  0x57FF, 0x57FF, 0x4FFF, 0x4F1C, 0x5D76, 0x0904, 0x4F9E, 0x4FFF, 0x4FFF, 0x67FF, 0x2B4E, 0x0000,
  0x0001, 0x5659, 0x4FFF, 0x47BE, 0x57FF, 0x5659, 0x1966, 0x67FF, 0x4FFF, 0x4FFF, 0x4FFF, 0x57FF,
  0x57FF, 0x5FFF, 0x5FFF, 0x57FF, 0x67FF, 0x21E8, 0x334D, 0x6FFF, 0x57DF, 0x57FF, 0x57FF, 0x5FFF,
  0x1987, 0x0042, 0x0083, 0x08A4, 0x2229, 0x5639, 0x57FF, 0x4FFF, 0x67DF, 0x32EC, 0x0001, 0x0000,
  0x0042, 0x2B0D, 0x5FBF, 0x5FFF, 0x228B, 0x0021, 0x44F4, 0x67FF, 0x33AF, 0x0021, 0x19A7, 0x5FFF,
  0x4FFF, 0x4FFF, 0x4FFF, 0x57FF, 0x45F7, 0x0041, 0x0883, 0x5F1C, 0x4FFF, 0x4FFF, 0x4FFF, 0x4FFF,
  0x573C, 0x0882, 0x0000, 0x4596, 0x57FF, 0x55D7, 0x1165, 0x0000, 0x0000, 0x0863, 0x2B0D, 0x5FDF,
  0x11C7, 0x0000, 0x3D35, 0x5FFF, 0x33D0, 0x0041, 0x1105, 0x577D, 0x57FF, 0x4D76, 0x1104, 0x0000,
  0x0000, 0x1966, 0x4E38, 0x4FFF, 0x45D7, 0x0021, 0x08E4, 0x5FDF, 0x4E9A, 0x0862, 0x0042, 0x4E9A,
  0x230C, 0x0020, 0x0063, 0x0042, 0x0021, 0x0905, 0x57BE, 0x4FFF, 0x57FF, 0x3D55, 0x0000, 0x0883,
  0x4F1C, 0x4FFF, 0x4576, 0x0020, 0x1105, 0x5F9E, 0x4FFF, 0x577D, 0x10E4, 0x0000, 0x4618, 0x47FF,
  0x3FFF, 0x3FFF, 0x47FF, 0x3FFF, 0x37FF, 0x37FF, 0x3FFF, 0x37FF, 0x3FFF, 0x3FFF, 0x37FF, 0x3FFF,
  0x3FFF, 0x3FFF, 0x37FF, 0x37FF, 0x3FFF, 0x47FF, 0x4FFF, 0x47FF, 0x3FFF, 0x37FF, 0x37FF, 0x3FFF,
  0x3FFF, 0x4FFF, 0x5FFF, 0x67FF, 0x67FF, 0x5FFF, 0x5FFF, 0x57FF, 0x57FF, 0x5FFF, 0x57FF, 0x5FFF,
  0x67FF, 0x6FFF, 0x77FF, 0x77FF, 0x77FF, 0x77FF, 0x77FF, 0x7EBA, 0x0021, 0x1925, 0x5FBE, 0x3FFF,
  0x579E, 0x08A3, 0x0001, 0x0084, 0x0106, 0x00E5, 0x00E6, 0x00E6, 0x0106, 0x0106, 0x0106, 0x0106,
  0x0926, 0x0926, 0x0926, 0x0926, 0x0906, 0x0106, 0x0106, 0x0106, 0x0126, 0x0084, 0x0043, 0x10C5,
  0x5F7D, 0x47FF, 0x57FF, 0x4431, 0x0000, 0x434E, 0x87FF, 0x6FFF, 0x6FFF, 0x6FFF, 0x6FFF, 0x6FFF,
  0x5FFF, 0x5FFF, 0x57FF, 0x4FFF, 0x47FF, 0x47FF, 0x47FF, 0x47FF, 0x47FF, 0x47FF, 0x3FFF, 0x47FF,
  0x3FFF, 0x3FFF, 0x47FF, 0x47DF, 0x57FF, 0x2B6E, 0x21E8, 0x6FFF, 0x57FF, 0x5FFF, 0x57FF, 0x57FF,
  0x57FF, 0x57FF, 0x4FFF, 0x57FF, 0x4DD7, 0x0000, 0x226A, 0x3CD4, 0x34F4, 0x3CB3, 0x0021, 0x1A09,
  0x0000, 0x2208, 0x6FFF, 0x5FFF, 0x67BE, 0x336E, 0x0863, 0x579E, 0x57FF, 0x57FF, 0x57FF, 0x57FF,
  0x57FF, 0x5FFF, 0x5FFF, 0x5FDF, 0x6FFF, 0x2ACB, 0x2209, 0x6FFF, 0x57FF, 0x57FF, 0x57FF, 0x5FFF,
  0x5F1C, 0x573C, 0x5F5D, 0x5F7D, 0x5FFF, 0x57FF, 0x57FF, 0x57FF, 0x57FF, 0x67FF, 0x569A, 0x55F8,
  0x5EFB, 0x5FFF, 0x57FF, 0x57FF, 0x573C, 0x56FC, 0x579E, 0x57FF, 0x5FBE, 0x56FC, 0x571C, 0x57FF,
  0x57FF, 0x4FFF, 0x4FFF, 0x57FF, 0x57BE, 0x571C, 0x56FC, 0x5FDF, 0x57FF, 0x57FF, 0x4FFF, 0x4FFF,
  0x57DF, 0x56DB, 0x4EBB, 0x57BE, 0x4FFF, 0x57FF, 0x5FFF, 0x5679, 0x4E18, 0x5F3D, 0x5FFF, 0x4FFF,
  0x4EDB, 0x4EBA, 0x579E, 0x57FF, 0x57DF, 0x571C, 0x571C, 0x57FF, 0x4FFF, 0x57FF, 0x5F9E, 0x4E18,
  0x5659, 0x5FDF, 0x57FF, 0x4FFF, 0x4FBF, 0x4EFC, 0x4F1C, 0x57FF, 0x57FF, 0x573D, 0x571C, 0x57BE,
  0x575D, 0x56FB, 0x4EFB, 0x56FC, 0x56FB, 0x571C, 0x57FF, 0x57FF, 0x57FF, 0x579E, 0x4EBB, 0x4EFB,
  0x57DF, 0x4FFF, 0x4F9E, 0x56FB, 0x571C, 0x4FFF, 0x4FFF, 0x57FF, 0x56FB, 0x569A, 0x5FFF, 0x4FFF,
  0x47FF, 0x47FF, 0x3FFF, 0x47FF, 0x47FF, 0x3FFF, 0x3FFF, 0x3FFF, 0x3FFF, 0x3FFF, 0x37FF, 0x2FFF,
  0x3FFF, 0x3FFF, 0x37FF, 0x3FFF, 0x47FF, 0x3FFF, 0x3FFF, 0x3FFF, 0x37FF, 0x2FFF, 0x2FFF, 0x37FF,
  0x37FF, 0x37FF, 0x6FFF, 0x77FF, 0x6FFF, 0x6FFF, 0x67FF, 0x67FF, 0x57FF, 0x57FF, 0x57FF, 0x5FFF,
  0x67FF, 0x6FFF, 0x77FF, 0x77FF, 0x77FF, 0x77FF, 0x8FFF, 0x436E, 0x0000, 0x4C92, 0x4FFF, 0x47FF,
  0x3CD3, 0x0000, 0x0042, 0x00C5, 0x0106, 0x00E5, 0x00E6, 0x0106, 0x0106, 0x0106, 0x0106, 0x0906,
  0x0926, 0x0926, 0x0926, 0x0926, 0x0926, 0x0926, 0x0926, 0x0106, 0x0127, 0x00C5, 0x0084, 0x0001,
  0x4452, 0x57FF, 0x47FF, 0x5F5D, 0x08E5, 0x0883, 0x7EFC, 0x77FF, 0x6FFF, 0x6FFF, 0x67FF, 0x5FFF,
  0x5FFF, 0x57FF, 0x4FFF, 0x47FF, 0x47FF, 0x47FF, 0x4FFF, 0x47FF, 0x47FF, 0x3FFF, 0x37FF, 0x3FFF,
  0x47FF, 0x3FFF, 0x3FFF, 0x3FDF, 0x4FFF, 0x232D, 0x2A4A, 0x77FF, 0x5FFF, 0x5FFF, 0x5FFF, 0x57FF,
  0x57FF, 0x4FFF, 0x4FDF, 0x57FF, 0x33F0, 0x0000, 0x0001, 0x0000, 0x0000, 0x0000, 0x19E8, 0x679E,
  0x3472, 0x0000, 0x1A09, 0x1A09, 0x0925, 0x0002, 0x0000, 0x4DD7, 0x5FFF, 0x57DF, 0x57FF, 0x57FF,
  0x57FF, 0x5FFF, 0x5FFF, 0x5FDF, 0x6FFF, 0x3BCF, 0x1987, 0x6FFF, 0x57FF, 0x5FFF, 0x5FFF, 0x57DF,
  0x57FF, 0x57FF, 0x57FF, 0x57FF, 0x57FF, 0x57FF, 0x57DF, 0x57DF, 0x57FF, 0x57FF, 0x57FF, 0x57FF,
  0x57FF, 0x57FF, 0x57DF, 0x57FF, 0x57FF, 0x57FF, 0x4FFF, 0x57DF, 0x57FF, 0x57FF, 0x57FF, 0x57FF,
  0x57FF, 0x57FF, 0x4FDF, 0x57FF, 0x57FF, 0x57FF, 0x57FF, 0x57FF, 0x57DF, 0x57DF, 0x57DF, 0x57DF,
  0x57FF, 0x57FF, 0x57FF, 0x4FFF, 0x57FF, 0x57FF, 0x57FF, 0x57FF, 0x57FF, 0x4FFF, 0x4FDF, 0x4FDF,
  0x4FFF, 0x4FFF, 0x4FFF, 0x57FF, 0x4FFF, 0x4FFF, 0x4FFF, 0x4FFF, 0x4FDF, 0x4FDF, 0x4FFF, 0x57FF,
  0x4FFF, 0x4FFF, 0x4FDF, 0x57FF, 0x4FFF, 0x4FFF, 0x4FFF, 0x4FFF, 0x57FF, 0x4FFF, 0x4FFF, 0x57FF,
  0x4FFF, 0x4FFF, 0x4FFF, 0x4FFF, 0x57FF, 0x4FFF, 0x4FDF, 0x57DF, 0x57DF, 0x57FF, 0x57FF, 0x4FFF,
  0x4FFF, 0x4FDF, 0x4FFF, 0x4FFF, 0x4FFF, 0x4FFF, 0x4FFF, 0x4FDF, 0x4FFF, 0x57FF, 0x57FF, 0x57DF,
  0x47DF, 0x47FF, 0x3FFF, 0x3FDF, 0x47DF, 0x4FFF, 0x3FFF, 0x3FDF, 0x47FF, 0x37FF, 0x47DF, 0x47FF,
  0x47FF, 0x4FFF, 0x47FF, 0x47FF, 0x47FF, 0x37FF, 0x2FFF, 0x3FFF, 0x37FF, 0x3FFF, 0x37FF, 0x2FFF,
  0x3FFF, 0x37FF, 0x4FFF, 0x5FFF, 0x6FFF, 0x6FFF, 0x6FFF, 0x6FFF, 0x67FF, 0x67FF, 0x5FFF, 0x5FFF,
  0x67FF, 0x6FFF, 0x77FF, 0x77FF, 0x77FF, 0x7FFF, 0x7F1C, 0x0062, 0x10C4, 0x5F7D, 0x3FFF, 0x4FFF,
  0x19A7, 0x0001, 0x0063, 0x0106, 0x00E5, 0x00E5, 0x0106, 0x0106, 0x0106, 0x0906, 0x0906, 0x0906,
  0x0926, 0x0926, 0x0926, 0x0926, 0x0926, 0x0926, 0x0926, 0x0926, 0x0106, 0x0126, 0x0084, 0x0043,
  0x1126, 0x5F9E, 0x3FFF, 0x57FF, 0x4411, 0x0000, 0x4B8F, 0x87FF, 0x6FFF, 0x6FFF, 0x67FF, 0x5FFF,
  0x57FF, 0x57FF, 0x4FFF, 0x4FFF, 0x47FF, 0x47FF, 0x47FF, 0x47FF, 0x3FFF, 0x47FF, 0x3FFF, 0x3FFF,
  0x3FFF, 0x3FFF, 0x47FF, 0x47DF, 0x57FF, 0x230D, 0x2A49, 0x77FF, 0x67FF, 0x5FFF, 0x67FF, 0x67FF,
  0x5FFF, 0x5FFF, 0x57FF, 0x57FF, 0x5EFB, 0x1966, 0x0000, 0x0001, 0x0063, 0x0000, 0x4492, 0x6FFF,
  0x6FFF, 0x1166, 0x0000, 0x0001, 0x0000, 0x0000, 0x1986, 0x5F1C, 0x5FFF, 0x5FFF, 0x67FF, 0x67FF,
  0x5FFF, 0x5FFF, 0x5FFF, 0x5FDF, 0x6FFF, 0x4411, 0x1986, 0x77FF, 0x5FFF, 0x5FFF, 0x5FFF, 0x67FF,
  0x5FFF, 0x57FF, 0x57FF, 0x67FF, 0x5FFF, 0x57FF, 0x5FFF, 0x67FF, 0x5FFF, 0x57FF, 0x57FF, 0x5FFF,
  0x57FF, 0x57FF, 0x5FFF, 0x5FFF, 0x57FF, 0x5FFF, 0x5FFF, 0x5FFF, 0x5FFF, 0x57FF, 0x57FF, 0x57FF,
  0x57FF, 0x57FF, 0x5FFF, 0x57FF, 0x57FF, 0x5FFF, 0x57FF, 0x57FF, 0x5FFF, 0x5FFF, 0x67FF, 0x5FFF,
  0x57FF, 0x57FF, 0x5FFF, 0x5FFF, 0x5FFF, 0x57FF, 0x57FF, 0x5FFF, 0x57FF, 0x57FF, 0x5FFF, 0x5FFF,
  0x57FF, 0x5FFF, 0x5FFF, 0x57FF, 0x5FFF, 0x5FFF, 0x4FFF, 0x57FF, 0x5FFF, 0x57FF, 0x57FF, 0x57FF,
  0x57FF, 0x57FF, 0x57FF, 0x57FF, 0x57FF, 0x5FFF, 0x5FFF, 0x5FFF, 0x57FF, 0x57FF, 0x4FFF, 0x57FF,
  0x57FF, 0x57FF, 0x57FF, 0x57FF, 0x57FF, 0x57FF, 0x57FF, 0x57FF, 0x5FFF, 0x57FF, 0x57FF, 0x57FF,
  0x57FF, 0x5FFF, 0x5FFF, 0x5FFF, 0x57FF, 0x4FFF, 0x57FF, 0x5FFF, 0x57FF, 0x4FFF, 0x57FF, 0x5FFF,
  0x5FFF, 0x57FF, 0x4FFF, 0x57FF, 0x57FF, 0x57FF, 0x57FF, 0x57FF, 0x4FFF, 0x4FFF, 0x57FF, 0x57FF,
  0x4FFF, 0x4FFF, 0x57FF, 0x4FFF, 0x47FF, 0x47FF, 0x3FFF, 0x47FF, 0x3FFF, 0x3FFF, 0x3FFF, 0x3FFF,
  0x3FFF, 0x37FF, 0x3FFF, 0x47FF, 0x67FF, 0x67FF, 0x6FFF, 0x6FFF, 0x67FF, 0x5FFF, 0x5FFF, 0x5FFF,
  0x67FF, 0x6FFF, 0x77FF, 0x77FF, 0x77FF, 0x87FF, 0x43AF, 0x0000, 0x3BAF, 0x4FFF, 0x3FFF, 0x4DD7,
  0x0000, 0x0022, 0x00A4, 0x0106, 0x00E5, 0x0106, 0x0106, 0x0106, 0x0906, 0x0906, 0x0906, 0x0906,
  0x0927, 0x0927, 0x0927, 0x0926, 0x0926, 0x0926, 0x0926, 0x0926, 0x0906, 0x0927, 0x00E5, 0x0084,
  0x0002, 0x4C93, 0x4FFF, 0x47FF, 0x5F3D, 0x08C4, 0x0883, 0x7EFB, 0x6FFF, 0x6FFF, 0x6FFF, 0x67FF,
  0x5FFF, 0x57FF, 0x4FFF, 0x4FFF, 0x4FFF, 0x4FFF, 0x47FF, 0x47FF, 0x47FF, 0x47FF, 0x3FFF, 0x3FFF,
  0x3FFF, 0x47FF, 0x3FFF, 0x47DF, 0x57FF, 0x2B4D, 0x2229, 0x77FF, 0x67FF, 0x67FF, 0x67FF, 0x33D0,
  0x1146, 0x2B2D, 0x67BE, 0x5FFF, 0x5FFF, 0x67BE, 0x55F7, 0x338F, 0x0000, 0x0042, 0x08C4, 0x3BF0,
  0x338E, 0x0042, 0x0042, 0x0063, 0x4472, 0x5618, 0x5FDF, 0x57FF, 0x5FFF, 0x5EDB, 0x2AEC, 0x2229,
  0x5659, 0x67FF, 0x5FFF, 0x5FDF, 0x77FF, 0x334E, 0x21E8, 0x77FF, 0x5FDF, 0x67FF, 0x5F7F, 0x3C5C,
  0x44FC, 0x67FF, 0x569E, 0x443B, 0x569E, 0x679F, 0x3C3B, 0x3BFB, 0x55FD, 0x5FFF, 0x577F, 0x3C3B,
  0x4DBC, 0x67FF, 0x3C7C, 0x451C, 0x5F3E, 0x3C5B, 0x3C7C, 0x445B, 0x4DBD, 0x5FFF, 0x57FF, 0x57FF,
  0x5FFF, 0x4DBD, 0x3C3B, 0x5F7F, 0x571E, 0x443B, 0x563D, 0x569E, 0x3C3B, 0x449C, 0x3C5B, 0x44BC,
  0x5FFF, 0x57FF, 0x44DC, 0x443B, 0x4DBD, 0x5FFF, 0x5F3E, 0x3C3B, 0x457C, 0x5FFF, 0x457D, 0x3C5B,
  0x3C7B, 0x3C5B, 0x3C7C, 0x5EBE, 0x3C7B, 0x44FC, 0x5FFF, 0x457D, 0x3C3B, 0x56FE, 0x57FF, 0x57FF,
  0x56FE, 0x3C3B, 0x4D7C, 0x5FFF, 0x5F5F, 0x3C9B, 0x343B, 0x4DDD, 0x5FFF, 0x57FF, 0x57FF, 0x57FF,
  0x5F7F, 0x3C7B, 0x3C5B, 0x575F, 0x573E, 0x3C5B, 0x3C7C, 0x3C5C, 0x3C5B, 0x4D9C, 0x5FFF, 0x57FF,
  0x571E, 0x3C5B, 0x3C7C, 0x3C5B, 0x4DDD, 0x5FFF, 0x573F, 0x3C3B, 0x455B, 0x5FFF, 0x573F, 0x3C5C,
  0x3C3B, 0x561D, 0x5FDF, 0x3C9C, 0x44BC, 0x67FF, 0x4DBD, 0x3C1B, 0x56BE, 0x3CFC, 0x3C7C, 0x67DF,
  0x4FFF, 0x5FFF, 0x5FFF, 0x5FFF, 0x57FF, 0x57FF, 0x37FF, 0x47FF, 0x3FFF, 0x3FFF, 0x3FFF, 0x37FF,
  0x3FFF, 0x47FF, 0x47FF, 0x57FF, 0x67FF, 0x67FF, 0x5FFF, 0x67FF, 0x67FF, 0x67FF, 0x67FF, 0x5FFF,
  0x67FF, 0x6FFF, 0x77FF, 0x77FF, 0x77FF, 0x7F3C, 0x0883, 0x0862, 0x5EFC, 0x3FFF, 0x4FFF, 0x2249,
  0x0000, 0x0063, 0x0106, 0x0106, 0x00E6, 0x0106, 0x0106, 0x0906, 0x0906, 0x0906, 0x0906, 0x0926,
  0x0947, 0x0947, 0x0947, 0x0947, 0x0927, 0x0927, 0x0926, 0x0926, 0x0926, 0x0926, 0x0927, 0x0084,
  0x0043, 0x1906, 0x5F9E, 0x47FF, 0x57FF, 0x4431, 0x0000, 0x434E, 0x87FF, 0x6FFF, 0x77FF, 0x67FF,
  0x67FF, 0x67FF, 0x5FFF, 0x4FFF, 0x57FF, 0x4FFF, 0x47FF, 0x47FF, 0x4FFF, 0x57FF, 0x4FFF, 0x47FF,
  0x3FFF, 0x47FF, 0x47FF, 0x4FDF, 0x57FF, 0x33AF, 0x1966, 0x77FF, 0x67FF, 0x67FF, 0x6FDF, 0x22AB,
  0x0000, 0x0000, 0x2A6A, 0x77FF, 0x67FF, 0x57FF, 0x5FFF, 0x67FF, 0x3C31, 0x0000, 0x0022, 0x0000,
  0x0000, 0x0001, 0x0043, 0x1125, 0x67FF, 0x5FFF, 0x5FFF, 0x67FF, 0x5EDB, 0x10E4, 0x0000, 0x0000,
  0x4472, 0x6FFF, 0x5FDF, 0x5FFF, 0x77FF, 0x2229, 0x330D, 0x77FF, 0x67DF, 0x67FF, 0x679F, 0x08D8,
  0x0018, 0x6F9F, 0x33BC, 0x0018, 0x65FD, 0x225A, 0x0018, 0x0018, 0x0018, 0x4D9D, 0x5F1F, 0x0018,
  0x22DA, 0x6FDF, 0x0018, 0x097A, 0x665E, 0x0019, 0x0019, 0x0018, 0x0018, 0x3C1B, 0x67FF, 0x4FDF,
  0x67FF, 0x229A, 0x0018, 0x5EDE, 0x4DBD, 0x0018, 0x443C, 0x449C, 0x0018, 0x0019, 0x0018, 0x08F8,
  0x67FF, 0x5EDE, 0x0039, 0x0019, 0x1159, 0x6FFF, 0x5E7E, 0x0017, 0x2ADA, 0x6FFF, 0x19F9, 0x0018,
  0x0039, 0x0019, 0x0018, 0x553D, 0x0019, 0x1179, 0x77FF, 0x19FA, 0x0018, 0x55BD, 0x5FFF, 0x5FFF,
  0x55DD, 0x0018, 0x225A, 0x77DF, 0x1179, 0x0018, 0x0018, 0x0017, 0x4E1D, 0x5FFF, 0x57DF, 0x5FFF,
  0x4D7D, 0x0018, 0x0018, 0x4D1C, 0x565D, 0x0017, 0x0019, 0x0019, 0x0018, 0x2A59, 0x67FF, 0x5FFF,
  0x563E, 0x0019, 0x0019, 0x0018, 0x0018, 0x4D5D, 0x5EDE, 0x0018, 0x1A39, 0x6FDF, 0x117A, 0x0019,
  0x0018, 0x0018, 0x5EBE, 0x0079, 0x08D9, 0x777F, 0x08B9, 0x0058, 0x6F1E, 0x0919, 0x0019, 0x677F,
  0x67FF, 0x67FF, 0x57FF, 0x5FFF, 0x5FFF, 0x4FFF, 0x47FF, 0x4FFF, 0x4FFF, 0x4FFF, 0x3FFF, 0x47FF,
  0x4FFF, 0x5FFF, 0x4FFF, 0x4FFF, 0x4FFF, 0x4FFF, 0x4FFF, 0x5FFF, 0x67FF, 0x67FF, 0x6FFF, 0x67FF,
  0x6FFF, 0x6FFF, 0x6FFF, 0x77FF, 0x8FFF, 0x4B8E, 0x0000, 0x3B6E, 0x57FF, 0x47FF, 0x5638, 0x0001,
  0x0042, 0x00A4, 0x0106, 0x00E6, 0x0106, 0x0106, 0x0906, 0x0906, 0x0906, 0x0926, 0x0926, 0x0926,
  0x0947, 0x0947, 0x0947, 0x0947, 0x0947, 0x0947, 0x0927, 0x0926, 0x0926, 0x0926, 0x0947, 0x00E5,
  0x0084, 0x0001, 0x4451, 0x57FF, 0x47FF, 0x679D, 0x1106, 0x0042, 0x767A, 0x7FFF, 0x77FF, 0x6FFF,
  0x67FF, 0x67FF, 0x5FFF, 0x4FFF, 0x4FFF, 0x57FF, 0x47FF, 0x57FF, 0x57FF, 0x4FFF, 0x57FF, 0x4FFF,
  0x4FFF, 0x57FF, 0x47FF, 0x4FFF, 0x57FF, 0x4555, 0x0883, 0x77BE, 0x6FFF, 0x67DF, 0x77FF, 0x4472,
  0x11A7, 0x08E5, 0x0000, 0x2209, 0x5E18, 0x67FF, 0x6FFF, 0x5FBE, 0x6FDF, 0x2209, 0x0000, 0x1146,
  0x1146, 0x08A3, 0x3BD0, 0x5E39, 0x67BF, 0x67FF, 0x5F3C, 0x4CD3, 0x08C4, 0x0001, 0x0063, 0x0042,
  0x5E39, 0x67FF, 0x67FF, 0x5FFF, 0x77FF, 0x10E5, 0x4472, 0x77FF, 0x67DF, 0x67DF, 0x6FFF, 0x445B,
  0x0019, 0x54FC, 0x11BA, 0x223B, 0x65DD, 0x0018, 0x335B, 0x661D, 0x005A, 0x19DA, 0x669E, 0x0039,
  0x2B3B, 0x6FBF, 0x0099, 0x121A, 0x669E, 0x0039, 0x229B, 0x663E, 0x00B9, 0x0919, 0x67DF, 0x57FF,
  0x67FF, 0x2B1B, 0x0039, 0x675F, 0x561E, 0x0039, 0x4C9C, 0x4CDC, 0x0039, 0x441C, 0x667E, 0x563D,
  0x67FF, 0x4D1C, 0x0079, 0x11DB, 0x0099, 0x677F, 0x5EDE, 0x0039, 0x337B, 0x67FF, 0x563E, 0x445C,
  0x0059, 0x227B, 0x5DFE, 0x5E5E, 0x0079, 0x1A3A, 0x77FF, 0x229B, 0x0039, 0x55FE, 0x5FFF, 0x5FFF,
  0x561D, 0x0039, 0x2B3B, 0x5DFD, 0x0018, 0x335B, 0x6E9E, 0x2B7A, 0x571E, 0x5FFF, 0x57DF, 0x67FF,
  0x33BB, 0x0099, 0x00BA, 0x2B1B, 0x679F, 0x55BD, 0x19DA, 0x00B9, 0x559D, 0x569E, 0x5FFF, 0x57FF,
  0x5E7E, 0x003A, 0x22FB, 0x5E1D, 0x0059, 0x19DA, 0x6EBE, 0x0039, 0x2B3B, 0x5DFD, 0x0018, 0x3B9B,
  0x6E9E, 0x33FB, 0x673E, 0x091A, 0x19FB, 0x54DC, 0x0019, 0x449C, 0x6FFF, 0x115A, 0x08DA, 0x679F,
  0x67FF, 0x67FF, 0x5FFF, 0x57FF, 0x67FF, 0x67FF, 0x67FF, 0x6FFF, 0x67FF, 0x57FF, 0x4FFF, 0x67FF,
  0x57FF, 0x4FFF, 0x4FFF, 0x4FFF, 0x47FF, 0x47FF, 0x57FF, 0x57FF, 0x67FF, 0x67FF, 0x6FFF, 0x67FF,
  0x6FFF, 0x6FFF, 0x6FFF, 0x77FF, 0x86BB, 0x0042, 0x0863, 0x5F1C, 0x3FFF, 0x57FF, 0x2A4A, 0x0000,
  0x0043, 0x0106, 0x0106, 0x0106, 0x0106, 0x0106, 0x0906, 0x0926, 0x0926, 0x0926, 0x0926, 0x0926,
  0x0947, 0x0947, 0x0947, 0x0947, 0x0947, 0x0947, 0x0947, 0x0927, 0x0926, 0x0926, 0x0926, 0x0947,
  0x00A4, 0x0063, 0x10C4, 0x5F5D, 0x47FF, 0x57FF, 0x54B3, 0x0000, 0x2A4A, 0x8FFF, 0x6FFF, 0x77FF,
  0x6FFF, 0x6FFF, 0x67FF, 0x5FFF, 0x5FFF, 0x57FF, 0x57FF, 0x57FF, 0x57FF, 0x5FFF, 0x6FFF, 0x67FF,
  0x67FF, 0x5FFF, 0x4FFF, 0x57FF, 0x5FFF, 0x671C, 0x0021, 0x6639, 0x6FFF, 0x6FFF, 0x66DB, 0x0000,
  0x00A4, 0x08A3, 0x0001, 0x0000, 0x0001, 0x2209, 0x44B3, 0x338F, 0x77FF, 0x6FFF, 0x55D7, 0x673D,
  0x5EDB, 0x67BE, 0x77FF, 0x5E38, 0x1986, 0x330C, 0x08A3, 0x0000, 0x0000, 0x0063, 0x0001, 0x0000,
  0x226A, 0x6FFF, 0x67DF, 0x6FFF, 0x6F1C, 0x0021, 0x6679, 0x6FFF, 0x67FF, 0x67FF, 0x67FF, 0x6F1E,
  0x0099, 0x115A, 0x0019, 0x5D3D, 0x3BFC, 0x0018, 0x559D, 0x77FF, 0x113A, 0x00DA, 0x5DBD, 0x0019,
  0x2B1B, 0x77DF, 0x0079, 0x11DA, 0x6EBE, 0x0019, 0x2B1B, 0x87DF, 0x08B9, 0x08F9, 0x67BF, 0x57FF,
  0x67FF, 0x2ADB, 0x0019, 0x55BD, 0x447D, 0x0019, 0x445C, 0x4CDC, 0x0018, 0x3BFB, 0x5DDD, 0x56BE,
  0x6FFF, 0x335B, 0x08B9, 0x439B, 0x0019, 0x5E7E, 0x5EFE, 0x0019, 0x335B, 0x67FF, 0x5FFF, 0x5E7E,
  0x0019, 0x2B3B, 0x77FF, 0x5EBE, 0x0039, 0x11BA, 0x665E, 0x1A1B, 0x0019, 0x5DDD, 0x5FFF, 0x5FFF,
  0x5E1E, 0x0019, 0x231B, 0x55BD, 0x0019, 0x223A, 0x5E1D, 0x77FF, 0x5FFF, 0x5FFF, 0x57FF, 0x67FF,
  0x11BA, 0x221A, 0x19FA, 0x1119, 0x6FFF, 0x6FFF, 0x19FA, 0x0059, 0x679F, 0x57FF, 0x57DF, 0x57FF,
  0x565E, 0x0019, 0x2B7B, 0x87FF, 0x0099, 0x115A, 0x6E5D, 0x0019, 0x2AFB, 0x5DFD, 0x0019, 0x221A,
  0x665D, 0x77FF, 0x67BF, 0x08FA, 0x115A, 0x115A, 0x08D9, 0x677F, 0x5FFF, 0x115A, 0x08F9, 0x6FDF,
  0x5FFF, 0x67FF, 0x6FFF, 0x5FFF, 0x5FFF, 0x6FFF, 0x6FFF, 0x6FFF, 0x6FFF, 0x6FFF, 0x6FFF, 0x6FFF,
  0x57FF, 0x47FF, 0x57FF, 0x57FF, 0x47FF, 0x47FF, 0x5FFF, 0x67FF, 0x6FFF, 0x6FFF, 0x67FF, 0x67FF,
  0x6FFF, 0x77FF, 0x6FFF, 0x87FF, 0x3AAC, 0x0000, 0x43D0, 0x57FF, 0x47FF, 0x4E39, 0x0001, 0x0043,
  0x00A4, 0x0127, 0x0106, 0x0106, 0x0106, 0x0906, 0x0926, 0x0926, 0x0926, 0x0927, 0x0927, 0x0927,
  0x0967, 0x0967, 0x1167, 0x0947, 0x0947, 0x0947, 0x0947, 0x0947, 0x0927, 0x0927, 0x0926, 0x0947,
  0x00E6, 0x0084, 0x0002, 0x3B8F, 0x57FF, 0x47FF, 0x67DF, 0x19A8, 0x0001, 0x6D55, 0x87FF, 0x77FF,
  0x6FFF, 0x6FFF, 0x67FF, 0x67FF, 0x67FF, 0x5FFF, 0x5FFF, 0x5FFF, 0x5FFF, 0x67FF, 0x6FFF, 0x67FF,
  0x5FFF, 0x67FF, 0x57FF, 0x57FF, 0x67FF, 0x7FFF, 0x1946, 0x438F, 0x7FFF, 0x6FFF, 0x6F5D, 0x2B2D,
  0x2249, 0x3C11, 0x65F7, 0x224A, 0x0000, 0x0000, 0x0000, 0x0083, 0x3C11, 0x55F8, 0x573C, 0x6FFF,
  0x6F9E, 0x4D96, 0x334E, 0x10E4, 0x0000, 0x0000, 0x0000, 0x1104, 0x3C10, 0x56BB, 0x22AC, 0x1A09,
  0x4DB7, 0x67FF, 0x67DF, 0x77FF, 0x4C92, 0x10A4, 0x77DF, 0x67FF, 0x6FFF, 0x6FFF, 0x67FF, 0x77FF,
  0x2ADB, 0x001A, 0x113A, 0x77BF, 0x2B3B, 0x0019, 0x55BD, 0x77FF, 0x115A, 0x00BA, 0x5D7D, 0x0019,
  0x2B1B, 0x77DF, 0x0079, 0x11FA, 0x6E9E, 0x0079, 0x00DA, 0x08FA, 0x0019, 0x331B, 0x67FF, 0x57DF,
  0x67FF, 0x2ADB, 0x0019, 0x0019, 0x005A, 0x0019, 0x445C, 0x44BC, 0x0019, 0x0059, 0x0017, 0x3BBB,
  0x7FFF, 0x117A, 0x1A3A, 0x6E3D, 0x0019, 0x44DC, 0x671E, 0x0019, 0x335B, 0x67FF, 0x5FDF, 0x55FD,
  0x0019, 0x2AFB, 0x6FFF, 0x5E9E, 0x0099, 0x007A, 0x0019, 0x007A, 0x0039, 0x5DBD, 0x5FFF, 0x5FFF,
  0x5E1E, 0x0019, 0x229A, 0x779F, 0x1159, 0x0019, 0x0019, 0x32FA, 0x67DF, 0x5FFF, 0x57FF, 0x677F,
  0x0059, 0x443C, 0x3B9C, 0x0019, 0x5EFE, 0x67FF, 0x19DA, 0x0059, 0x5F1E, 0x57FF, 0x57DF, 0x57FF,
  0x563E, 0x0039, 0x091A, 0x19BA, 0x001A, 0x2B3B, 0x6EFE, 0x0019, 0x22BB, 0x77BF, 0x221A, 0x0019,
  0x0018, 0x339B, 0x77DF, 0x093A, 0x005A, 0x001A, 0x19FA, 0x67FF, 0x67FF, 0x115A, 0x117A, 0x6FFF,
  0x5FFF, 0x5FFF, 0x67FF, 0x5FFF, 0x5FFF, 0x6FFF, 0x77FF, 0x6FFF, 0x77FF, 0x77FF, 0x77FF, 0x67FF,
  0x5FFF, 0x57FF, 0x57FF, 0x57FF, 0x47FF, 0x4FFF, 0x5FFF, 0x5FFF, 0x5FFF, 0x6FFF, 0x67FF, 0x6FFF,
  0x6FFF, 0x77FF, 0x7FFF, 0x6DD7, 0x0001, 0x10C5, 0x5F5D, 0x47FF, 0x57FF, 0x2A6A, 0x0001, 0x0063,
  0x0106, 0x0106, 0x0106, 0x0106, 0x0906, 0x0926, 0x0926, 0x0927, 0x0927, 0x0947, 0x0947, 0x0947,
  0x1167, 0x1167, 0x1167, 0x1167, 0x1167, 0x1167, 0x0947, 0x0947, 0x0947, 0x0947, 0x0927, 0x0927,
  0x0947, 0x0084, 0x0064, 0x0863, 0x5EFB, 0x4FFF, 0x57FF, 0x5D96, 0x0002, 0x1126, 0x877D, 0x77FF,
  0x77FF, 0x6FFF, 0x67FF, 0x67FF, 0x67FF, 0x67FF, 0x67FF, 0x67FF, 0x67FF, 0x67FF, 0x67FF, 0x67FF,
  0x5FFF, 0x5FFF, 0x57FF, 0x57FF, 0x5FDF, 0x77FF, 0x4C72, 0x10A3, 0x7FDF, 0x6FFF, 0x6FFF, 0x67FF,
  0x67FF, 0x5F5D, 0x6FFF, 0x77FF, 0x5DF7, 0x3BAF, 0x1187, 0x0042, 0x0000, 0x0000, 0x0022, 0x19A7,
  0x08A4, 0x0000, 0x0000, 0x0002, 0x1146, 0x2AEC, 0x4D35, 0x677D, 0x67FF, 0x67FF, 0x6FFF, 0x6FFF,
  0x67FF, 0x67FF, 0x67FF, 0x77FF, 0x1946, 0x3B8E, 0x7FFF, 0x67DF, 0x6FFF, 0x6FFF, 0x67DF, 0x6FFF,
  0x555D, 0x0019, 0x2ABB, 0x77FF, 0x2B3B, 0x0019, 0x561E, 0x77FF, 0x115A, 0x00DA, 0x659D, 0x0019,
  0x335B, 0x77DF, 0x0079, 0x11FA, 0x6E9E, 0x0059, 0x115A, 0x00DA, 0x091A, 0x6F9F, 0x5FFF, 0x57FF,
  0x67FF, 0x22BB, 0x0019, 0x551D, 0x4C7C, 0x0019, 0x4C9C, 0x4CFC, 0x0019, 0x333C, 0x449C, 0x563D,
  0x6F7F, 0x0079, 0x19FA, 0x3BFC, 0x001A, 0x331B, 0x6EDE, 0x0019, 0x3B9C, 0x67FF, 0x5FFF, 0x55FD,
  0x0019, 0x2AFB, 0x6FFF, 0x5EBE, 0x0039, 0x19BA, 0x661E, 0x19DB, 0x0019, 0x5DBD, 0x67FF, 0x5FFF,
  0x5E3E, 0x0019, 0x229A, 0x6FFF, 0x6F7F, 0x3BBB, 0x091A, 0x0019, 0x55BD, 0x67FF, 0x5FFF, 0x561D,
  0x0019, 0x335B, 0x2ABB, 0x0019, 0x55BD, 0x6FFF, 0x19DA, 0x0059, 0x5F3E, 0x5FFF, 0x57DF, 0x5FFF,
  0x561E, 0x003A, 0x117A, 0x009A, 0x111A, 0x6FBF, 0x66DE, 0x0019, 0x22BA, 0x6FFF, 0x6FFF, 0x4C9C,
  0x113A, 0x0019, 0x659D, 0x095A, 0x08FA, 0x19DB, 0x0059, 0x5EBE, 0x6FFF, 0x19BA, 0x119A, 0x67FF,
  0x5FFF, 0x67FF, 0x5FFF, 0x57FF, 0x5FFF, 0x5FFF, 0x6FFF, 0x6FFF, 0x6FFF, 0x77FF, 0x77FF, 0x5FFF,
  0x57FF, 0x5FFF, 0x5FFF, 0x57FF, 0x4FFF, 0x4FFF, 0x57FF, 0x5FFF, 0x67FF, 0x67FF, 0x67FF, 0x6FFF,
  0x77FF, 0x6FFF, 0x87DF, 0x2187, 0x0000, 0x4CD4, 0x4FFF, 0x47FF, 0x55F7, 0x0001, 0x0043, 0x00A5,
  0x0127, 0x0106, 0x0106, 0x0906, 0x0926, 0x0926, 0x0927, 0x0947, 0x0947, 0x0947, 0x0947, 0x0947,
  0x1168, 0x1167, 0x1168, 0x1168, 0x1167, 0x1167, 0x1167, 0x0947, 0x0947, 0x0947, 0x0947, 0x0927,
  0x0947, 0x0906, 0x0084, 0x0002, 0x330C, 0x5FFF, 0x4FDF, 0x67FF, 0x2A8B, 0x0000, 0x436E, 0x8FFF,
  0x77DF, 0x77FF, 0x6FFF, 0x67FF, 0x67FF, 0x67FF, 0x67FF, 0x67FF, 0x67FF, 0x67FF, 0x6FFF, 0x5FFF,
  0x6FFF, 0x67FF, 0x5FFF, 0x67FF, 0x67FF, 0x67FF, 0x7F9E, 0x0821, 0x5514, 0x7FFF, 0x6FDF, 0x67FF,
  0x67FF, 0x67FF, 0x67FF, 0x67FF, 0x6FFF, 0x77FF, 0x773C, 0x228B, 0x0042, 0x0063, 0x0001, 0x0000,
  0x0000, 0x0043, 0x0042, 0x1966, 0x5DD7, 0x7FFF, 0x6FFF, 0x67FF, 0x5FFF, 0x5FFF, 0x5FFF, 0x67FF,
  0x67FF, 0x6FFF, 0x77FF, 0x5E18, 0x0000, 0x771C, 0x6FFF, 0x6FFF, 0x6FFF, 0x6FFF, 0x6FFF, 0x6FFF,
  0x5DFD, 0x0019, 0x2A9A, 0x77FF, 0x447C, 0x0019, 0x4CDC, 0x7F7F, 0x0079, 0x119A, 0x6E9E, 0x0019,
  0x2ADB, 0x7F7F, 0x0079, 0x11DA, 0x6EBE, 0x0019, 0x3B9B, 0x3BBC, 0x0039, 0x5E3D, 0x5FFF, 0x57DF,
  0x67FF, 0x2ADB, 0x0019, 0x6F5E, 0x55FE, 0x0019, 0x4C9C, 0x4D1C, 0x0018, 0x4CFC, 0x77FF, 0x6FDF,
  0x55FD, 0x0059, 0x007A, 0x0059, 0x005A, 0x19FA, 0x6E5D, 0x0019, 0x3B9C, 0x6F9F, 0x677F, 0x5DFD,
  0x0019, 0x2ADB, 0x6FFF, 0x5EBE, 0x0039, 0x223A, 0x7FFF, 0x1A7B, 0x0019, 0x55DE, 0x5FFF, 0x5FFF,
  0x5E3E, 0x0019, 0x2ADA, 0x673F, 0x55FD, 0x87FF, 0x443C, 0x0019, 0x44FC, 0x67FF, 0x67FF, 0x445C,
  0x0019, 0x08DA, 0x00DA, 0x0019, 0x3BFB, 0x77FF, 0x19DA, 0x0079, 0x673E, 0x5FFF, 0x5FDF, 0x5FFF,
  0x5E3E, 0x0019, 0x3BDC, 0x3BBB, 0x0059, 0x66DE, 0x66FE, 0x0019, 0x2AFB, 0x66FE, 0x4DFD, 0x8FFF,
  0x43FB, 0x0019, 0x54DC, 0x093A, 0x19DA, 0x5D1D, 0x0019, 0x443C, 0x6FFF, 0x4D1D, 0x54FC, 0x67FF,
  0x5FFF, 0x67FF, 0x5FFF, 0x57FF, 0x5FFF, 0x67FF, 0x6FFF, 0x6FFF, 0x6FFF, 0x6FFF, 0x6FFF, 0x67FF,
  0x57FF, 0x5FFF, 0x67FF, 0x57FF, 0x57FF, 0x57FF, 0x57FF, 0x5FFF, 0x67FF, 0x67FF, 0x67FF, 0x6FFF,
  0x6FDF, 0x87FF, 0x5C72, 0x0000, 0x2A09, 0x5FFF, 0x3FFF, 0x57FF, 0x21A7, 0x0001, 0x0063, 0x0127,
  0x0126, 0x0106, 0x0926, 0x0926, 0x0926, 0x0927, 0x0947, 0x0947, 0x0947, 0x0947, 0x0947, 0x1147,
  0x1188, 0x1188, 0x1188, 0x1188, 0x1168, 0x1168, 0x1167, 0x1167, 0x0967, 0x0947, 0x0947, 0x0947,
  0x0947, 0x0967, 0x00A5, 0x0084, 0x0022, 0x5E39, 0x4FFF, 0x4FFF, 0x66DB, 0x0884, 0x0042, 0x7E38,
  0x87FF, 0x77FF, 0x77FF, 0x6FFF, 0x67FF, 0x67FF, 0x6FFF, 0x6FFF, 0x67FF, 0x6FFF, 0x67FF, 0x5FFF,
  0x5FFF, 0x6FFF, 0x6FFF, 0x6FFF, 0x77FF, 0x6FFF, 0x87FF, 0x43D0, 0x08A3, 0x7FDF, 0x6FFF, 0x6FFF,
  0x6FFF, 0x6FDF, 0x779E, 0x777D, 0x5596, 0x2AAB, 0x08E4, 0x0022, 0x0001, 0x0000, 0x08A3, 0x226A,
  0x19A7, 0x0000, 0x0000, 0x0001, 0x0022, 0x1146, 0x332D, 0x4DB7, 0x677D, 0x677D, 0x6FFF, 0x67FF,
  0x67FF, 0x67DF, 0x7FFF, 0x1966, 0x332D, 0x7FFF, 0x6FFF, 0x6FFF, 0x6FFF, 0x6FFF, 0x6FFF, 0x6FFF,
  0x55BD, 0x0019, 0x225A, 0x6FFF, 0x6F1E, 0x10D9, 0x0059, 0x115A, 0x0018, 0x447C, 0x77DF, 0x08F9,
  0x0019, 0x1139, 0x0019, 0x2B1B, 0x6F1E, 0x0019, 0x2AFB, 0x6E3D, 0x0018, 0x2ABB, 0x6FFF, 0x57DF,
  0x67FF, 0x227B, 0x0019, 0x66BE, 0x4D9D, 0x0018, 0x443C, 0x4CBC, 0x0019, 0x00B9, 0x0079, 0x1179,
  0x43BB, 0x0019, 0x559D, 0x775F, 0x19BA, 0x0019, 0x5CFC, 0x0039, 0x0079, 0x0099, 0x11BA, 0x659D,
  0x0019, 0x223B, 0x6FFF, 0x5EBE, 0x0019, 0x19BA, 0x77FF, 0x11FA, 0x0019, 0x55DD, 0x5FFF, 0x5FFF,
  0x561D, 0x0018, 0x2ABB, 0x559D, 0x0018, 0x1139, 0x0079, 0x0059, 0x5EBE, 0x5FFF, 0x6FFF, 0x21FB,
  0x0039, 0x775F, 0x669E, 0x0019, 0x119A, 0x77FF, 0x119A, 0x0018, 0x671E, 0x5FFF, 0x5FDF, 0x67FF,
  0x5E3E, 0x0019, 0x2B5B, 0x663D, 0x0018, 0x2B1B, 0x66FE, 0x0018, 0x2ABB, 0x559D, 0x0018, 0x113A,
  0x005A, 0x00B9, 0x66BE, 0x0099, 0x091A, 0x7F5F, 0x0079, 0x08DA, 0x777F, 0x11BA, 0x00B9, 0x675F,
  0x67FF, 0x67FF, 0x67FF, 0x57FF, 0x57FF, 0x67FF, 0x67FF, 0x67FF, 0x6FFF, 0x77FF, 0x6FFF, 0x57FF,
  0x5FFF, 0x5FFF, 0x67FF, 0x67FF, 0x67FF, 0x5FFF, 0x57FF, 0x67FF, 0x5FFF, 0x67FF, 0x67FF, 0x6FFF,
  0x6FFF, 0x7F1C, 0x0883, 0x0042, 0x5E9A, 0x47FF, 0x4FFF, 0x44F3, 0x0000, 0x0043, 0x00C5, 0x0927,
  0x0106, 0x0926, 0x0926, 0x0927, 0x0927, 0x0947, 0x0947, 0x0947, 0x1147, 0x1167, 0x1147, 0x1167,
  0x1188, 0x1188, 0x1188, 0x1188, 0x1188, 0x1188, 0x1168, 0x1167, 0x1167, 0x1167, 0x0947, 0x0947,
  0x0947, 0x0967, 0x0927, 0x0084, 0x0043, 0x21E8, 0x67FF, 0x47DF, 0x5FFF, 0x4C92, 0x0001, 0x21A8,
  0x8FBE, 0x77FF, 0x77FF, 0x77FF, 0x6FFF, 0x6FFF, 0x6FFF, 0x6FFF, 0x67FF, 0x67FF, 0x6FFF, 0x5FFF,
  0x5FFF, 0x5FFF, 0x67FF, 0x6FFF, 0x6FFF, 0x77FF, 0x77FF, 0x7FBE, 0x10A3, 0x3B6E, 0x7FFF, 0x67DF,
  0x77FF, 0x32CB, 0x08A3, 0x08C4, 0x0001, 0x0000, 0x0000, 0x0021, 0x2A29, 0x54D3, 0x775D, 0x77FF,
  0x77FF, 0x5DD7, 0x2A6A, 0x0863, 0x0000, 0x0000, 0x0000, 0x0001, 0x0905, 0x0882, 0x3BAF, 0x77FF,
  0x67BF, 0x77FF, 0x4C92, 0x0041, 0x779E, 0x6FFF, 0x6FFF, 0x6FFF, 0x6FFF, 0x6FFF, 0x6FFF, 0x6FFF,
  0x669D, 0x2217, 0x3BDA, 0x6FFF, 0x6FFF, 0x669E, 0x2A9B, 0x19FA, 0x443C, 0x6FDF, 0x67FF, 0x5E1E,
  0x223A, 0x11BA, 0x32FA, 0x671E, 0x673E, 0x2239, 0x43FB, 0x77FF, 0x2ADA, 0x2A99, 0x6F9F, 0x5FFF,
  0x67FF, 0x441B, 0x2219, 0x673F, 0x5E5D, 0x2A18, 0x4D3C, 0x559C, 0x2219, 0x227A, 0x2219, 0x331A,
  0x445B, 0x223A, 0x673E, 0x6FFF, 0x449C, 0x21F9, 0x54DB, 0x2A7A, 0x223A, 0x19F9, 0x2AFA, 0x663D,
  0x2219, 0x3BBB, 0x67FF, 0x5F1E, 0x2239, 0x3B7A, 0x6FFF, 0x339B, 0x2219, 0x5E3D, 0x67FF, 0x5FFF,
  0x56BE, 0x2219, 0x3C1B, 0x673E, 0x331B, 0x119A, 0x19DA, 0x557D, 0x67FF, 0x57FF, 0x67FF, 0x2AFA,
  0x333B, 0x6FFF, 0x679F, 0x2A9A, 0x2A9B, 0x6FBF, 0x339B, 0x2239, 0x675E, 0x67FF, 0x67DF, 0x67FF,
  0x5E9E, 0x2219, 0x447B, 0x77DF, 0x2A9A, 0x2ADA, 0x669D, 0x2A39, 0x43FB, 0x675F, 0x331B, 0x117A,
  0x19DA, 0x5DBD, 0x6FFF, 0x2ABA, 0x2AFB, 0x77FF, 0x447C, 0x19D9, 0x5E3E, 0x33BB, 0x225A, 0x679F,
  0x67FF, 0x6FFF, 0x67FF, 0x57FF, 0x57FF, 0x57FF, 0x5FFF, 0x5FFF, 0x6FFF, 0x77FF, 0x77FF, 0x6FFF,
  0x5FFF, 0x5FFF, 0x67FF, 0x67FF, 0x5FFF, 0x4FFF, 0x5FFF, 0x5FFF, 0x67FF, 0x5FFF, 0x67FF, 0x67DF,
  0x87FF, 0x328B, 0x0000, 0x43D0, 0x57FF, 0x3FFF, 0x575D, 0x10E4, 0x0022, 0x0083, 0x0927, 0x0106,
  0x0906, 0x0926, 0x0927, 0x0927, 0x0947, 0x0947, 0x1147, 0x1167, 0x1167, 0x1167, 0x1167, 0x1167,
  0x19A8, 0x11A8, 0x11A8, 0x1188, 0x1188, 0x1188, 0x1188, 0x1188, 0x1168, 0x1167, 0x1167, 0x0947,
  0x0947, 0x0947, 0x0968, 0x00C5, 0x00A4, 0x0002, 0x54D3, 0x57FF, 0x4FDF, 0x6FDF, 0x2A2A, 0x0001,
  0x4BF0, 0x8FFF, 0x77DF, 0x77FF, 0x77FF, 0x77FF, 0x6FFF, 0x6FFF, 0x6FFF, 0x67FF, 0x77FF, 0x57FF,
  0x5FFF, 0x67FF, 0x67FF, 0x6FFF, 0x6FFF, 0x77FF, 0x77FF, 0x77FF, 0x6DF8, 0x0000, 0x5D55, 0x7FFF,
  0x77FF, 0x2AEC, 0x0000, 0x0043, 0x0002, 0x10E4, 0x43CF, 0x6E7A, 0x7FFF, 0x77FF, 0x6FFF, 0x6FFF,
  0x67FF, 0x6FFF, 0x77FF, 0x76FC, 0x54D3, 0x2A6A, 0x1126, 0x0063, 0x0022, 0x0001, 0x1167, 0x6FBE,
  0x77FF, 0x6659, 0x0000, 0x5555, 0x77FF, 0x6FFF, 0x6FFF, 0x6FFF, 0x6FFF, 0x77FF, 0x6FFF, 0x6FFF,
  0x6FFF, 0x77FF, 0x77FF, 0x67FF, 0x67FF, 0x6FFF, 0x77FF, 0x77FF, 0x6FFF, 0x67FF, 0x5FFF, 0x67FF,
  0x6FFF, 0x6FFF, 0x6FFF, 0x5FFF, 0x5FDF, 0x6FFF, 0x6FFF, 0x5FFF, 0x6FFF, 0x6FFF, 0x5FDF, 0x5FFF,
  0x5FFF, 0x67FF, 0x6FFF, 0x5FFF, 0x5FFF, 0x6FFF, 0x67FF, 0x67FF, 0x6FFF, 0x6FFF, 0x6FFF, 0x6FFF,
  0x67FF, 0x6FFF, 0x5FFF, 0x5FFF, 0x67FF, 0x6FFF, 0x67FF, 0x6FFF, 0x6FFF, 0x6FFF, 0x6FFF, 0x67FF,
  0x77FF, 0x6FFF, 0x5FFF, 0x5FFF, 0x6FFF, 0x6FFF, 0x5FFF, 0x6FFF, 0x6FFF, 0x67FF, 0x67FF, 0x67FF,
  0x5FFF, 0x6FFF, 0x6FFF, 0x5FFF, 0x6FFF, 0x6FFF, 0x6FFF, 0x67FF, 0x5FFF, 0x5FFF, 0x5FFF, 0x6FFF,
  0x67FF, 0x67FF, 0x67FF, 0x6FFF, 0x6FFF, 0x67FF, 0x6FFF, 0x77FF, 0x67FF, 0x67FF, 0x67FF, 0x6FFF,
  0x67FF, 0x77FF, 0x6FFF, 0x6FFF, 0x77FF, 0x6FFF, 0x67FF, 0x77FF, 0x77FF, 0x67FF, 0x77FF, 0x77FF,
  0x77FF, 0x6FFF, 0x67FF, 0x77FF, 0x77FF, 0x67FF, 0x6FFF, 0x77FF, 0x6FFF, 0x77FF, 0x7FFF, 0x6FFF,
  0x67FF, 0x6FFF, 0x6FFF, 0x57FF, 0x57FF, 0x5FFF, 0x5FFF, 0x5FFF, 0x6FFF, 0x6FFF, 0x6FFF, 0x77FF,
  0x6FFF, 0x5FFF, 0x67FF, 0x67FF, 0x5FFF, 0x57FF, 0x5FFF, 0x5FFF, 0x5FFF, 0x5FFF, 0x67DF, 0x7FFF,
  0x6555, 0x0000, 0x1946, 0x5FBE, 0x47FF, 0x4FFF, 0x332D, 0x0001, 0x0063, 0x0106, 0x0927, 0x0926,
  0x0926, 0x0927, 0x0927, 0x0947, 0x0947, 0x1167, 0x1167, 0x1167, 0x1168, 0x1168, 0x1168, 0x1188,
  0x19A8, 0x19A8, 0x19A8, 0x19A8, 0x11A8, 0x11A8, 0x1188, 0x1188, 0x1188, 0x1168, 0x1167, 0x1167,
  0x0967, 0x0947, 0x0947, 0x0967, 0x0084, 0x0064, 0x08A4, 0x5EFC, 0x4FFF, 0x57FF, 0x66BA, 0x0884,
  0x0043, 0x7618, 0x7FFF, 0x77FF, 0x77FF, 0x77FF, 0x77FF, 0x77FF, 0x6FFF, 0x6FFF, 0x77FF, 0x67FF,
  0x5FFF, 0x6FFF, 0x6FFF, 0x6FFF, 0x6FFF, 0x77FF, 0x77FF, 0x6FFF, 0x7FFF, 0x4C31, 0x0000, 0x65D7,
  0x77FF, 0x5E18, 0x0001, 0x0000, 0x2ACC, 0x6F5D, 0x77FF, 0x6FFF, 0x67FF, 0x67DF, 0x6FFF, 0x6FFF,
  0x6FFF, 0x67FF, 0x67FF, 0x6FFF, 0x77FF, 0x77FF, 0x77BE, 0x3C31, 0x0000, 0x0000, 0x43CF, 0x77FF,
  0x6E9A, 0x0020, 0x3BAF, 0x7FFF, 0x67DF, 0x6FFF, 0x6FDF, 0x67BF, 0x67DF, 0x679E, 0x6FBF, 0x679E,
  0x67DF, 0x5F9F, 0x679F, 0x77FF, 0x6FFF, 0x6FFF, 0x6FFF, 0x6FFF, 0x6FFF, 0x6FFF, 0x67FF, 0x67FF,
  0x67FF, 0x6FFF, 0x6FFF, 0x6FFF, 0x67FF, 0x67FF, 0x6FFF, 0x6FFF, 0x6FFF, 0x6FFF, 0x77FF, 0x77FF,
  0x77FF, 0x77FF, 0x6FFF, 0x6FFF, 0x77DF, 0x6FBF, 0x6FBE, 0x677D, 0x6F9E, 0x6FBF, 0x6FBF, 0x77BF,
  0x77DF, 0x77DF, 0x6FBE, 0x6FDF, 0x67BE, 0x679E, 0x677D, 0x675D, 0x673D, 0x6F5D, 0x673D, 0x673D,
  0x66DB, 0x669A, 0x66DB, 0x66DB, 0x66DB, 0x66DC, 0x671C, 0x675D, 0x6F3D, 0x66DB, 0x669A, 0x66BB,
  0x66DB, 0x675D, 0x673D, 0x679E, 0x67BF, 0x67DF, 0x67DF, 0x679E, 0x6F9E, 0x6F7E, 0x6F5D, 0x6F3D,
  0x6F1C, 0x66FB, 0x5EDB, 0x669A, 0x66BB, 0x6EDB, 0x5E9A, 0x6E9A, 0x6EBB, 0x6EFB, 0x6EDB, 0x669A,
  0x6EBA, 0x6E9B, 0x6EBB, 0x6EFC, 0x66DC, 0x6F7E, 0x6F7E, 0x66BB, 0x669A, 0x67BF, 0x5F3D, 0x577D,
  0x67FF, 0x66FC, 0x679E, 0x5FBF, 0x67FF, 0x67FF, 0x5FFF, 0x5FFF, 0x67FF, 0x67FF, 0x67FF, 0x77FF,
  0x77FF, 0x6FFF, 0x6FFF, 0x6FFF, 0x67FF, 0x5FFF, 0x67FF, 0x6FFF, 0x6FFF, 0x6FFF, 0x6FFF, 0x6FFF,
  0x67FF, 0x67FF, 0x67FF, 0x67FF, 0x5FFF, 0x57FF, 0x57FF, 0x57FF, 0x5FFF, 0x5FFF, 0x6FFF, 0x873C,
  0x10C4, 0x0001, 0x55D7, 0x4FFF, 0x4FFF, 0x4DF8, 0x0001, 0x0063, 0x0084, 0x0947, 0x0926, 0x0927,
  0x0927, 0x0927, 0x0947, 0x0947, 0x1167, 0x1167, 0x1168, 0x1168, 0x1188, 0x1188, 0x1188, 0x1188,
  0x19C9, 0x19A9, 0x19A9, 0x19A9, 0x19A8, 0x19A8, 0x19A8, 0x1188, 0x1188, 0x1188, 0x1188, 0x1168,
  0x1167, 0x0967, 0x0947, 0x0968, 0x0906, 0x0084, 0x0022, 0x2A6A, 0x67FF, 0x47DF, 0x5FFF, 0x4C92,
  0x0001, 0x1967, 0x879E, 0x77FF, 0x7FFF, 0x77FF, 0x7FFF, 0x77FF, 0x6FFF, 0x6FFF, 0x77FF, 0x6FFF,
  0x5FFF, 0x67FF, 0x6FFF, 0x6FFF, 0x6FFF, 0x6FFF, 0x6FFF, 0x77FF, 0x77DF, 0x7FFF, 0x43CF, 0x0000,
  0x5D55, 0x87FF, 0x4CD4, 0x0882, 0x4CD3, 0x6FFF, 0x5FDF, 0x6FFF, 0x6FFF, 0x67FF, 0x6FFF, 0x6FFF,
  0x6FFF, 0x6FFF, 0x67FF, 0x67FF, 0x6FDF, 0x67DF, 0x77FF, 0x3BAF, 0x10E3, 0x54D3, 0x87FF, 0x6638,
  0x0821, 0x334D, 0x77FF, 0x575D, 0x67FF, 0x5F7E, 0x5F7E, 0x575E, 0x4EFC, 0x56BB, 0x5F3D, 0x56BB,
  0x679E, 0x571D, 0x56BC, 0x55F9, 0x4E1A, 0x66DC, 0x55D8, 0x4D77, 0x5576, 0x5DF8, 0x5DD8, 0x669A,
  0x6EFC, 0x5D96, 0x5D35, 0x4CB3, 0x4451, 0x4451, 0x4452, 0x3BD0, 0x3B8F, 0x3B6E, 0x2AAB, 0x328B,
  0x2A4A, 0x2209, 0x21C8, 0x1987, 0x1946, 0x1105, 0x10E5, 0x08A4, 0x10E5, 0x1105, 0x1105, 0x1905,
  0x1946, 0x1946, 0x10E5, 0x1105, 0x1105, 0x08E5, 0x08C4, 0x08A4, 0x08A4, 0x08A4, 0x08A4, 0x0884,
  0x0042, 0x0022, 0x0022, 0x0042, 0x0042, 0x0843, 0x0863, 0x08A4, 0x0883, 0x0042, 0x0002, 0x0022,
  0x0043, 0x08C4, 0x0884, 0x08E5, 0x1105, 0x10E5, 0x1105, 0x08E5, 0x08C5, 0x08C4, 0x08A4, 0x0884,
  0x0884, 0x0043, 0x0042, 0x0022, 0x0022, 0x0042, 0x0002, 0x0022, 0x0022, 0x0043, 0x0022, 0x0001,
  0x0022, 0x08C5, 0x0863, 0x0884, 0x08E5, 0x11A8, 0x19E9, 0x08E4, 0x0063, 0x120A, 0x232F, 0x3577,
  0x3432, 0x33D1, 0x3D15, 0x3DF9, 0x4F9E, 0x57DF, 0x4FDF, 0x4FFF, 0x57FF, 0x4FFF, 0x4FFF, 0x4FFF,
  0x4FFF, 0x57FF, 0x5FFF, 0x57FF, 0x57FF, 0x4FFF, 0x4FFF, 0x57FF, 0x57FF, 0x57FF, 0x5FFF, 0x6FFF,
  0x6FFF, 0x67FF, 0x67FF, 0x67FF, 0x5FFF, 0x57FF, 0x5FFF, 0x57FF, 0x57FF, 0x67DF, 0x7FFF, 0x326A,
  0x0000, 0x3B4E, 0x5FFF, 0x3FDF, 0x5FBE, 0x1966, 0x0022, 0x0063, 0x0126, 0x0927, 0x0927, 0x0927,
  0x0947, 0x0947, 0x0947, 0x1147, 0x1167, 0x1168, 0x1168, 0x1188, 0x1188, 0x1188, 0x1188, 0x1188,
  0x19C9, 0x19C9, 0x19C9, 0x19C9, 0x19C9, 0x19C9, 0x19A9, 0x19A8, 0x19A8, 0x1188, 0x1188, 0x1188,
  0x1168, 0x1167, 0x0967, 0x0967, 0x0988, 0x00A4, 0x00A4, 0x0002, 0x54F4, 0x57FF, 0x47DF, 0x67FF,
  0x2A6B, 0x0000, 0x3B4E, 0x8FFF, 0x77DF, 0x77FF, 0x77FF, 0x77FF, 0x77FF, 0x6FFF, 0x6FFF, 0x6FFF,
  0x67FF, 0x5FFF, 0x6FFF, 0x67FF, 0x67FF, 0x6FFF, 0x6FFF, 0x6FFF, 0x6FFF, 0x67DF, 0x7FFF, 0x4C10,
  0x0000, 0x3BCF, 0x7FFF, 0x77DF, 0x6FBF, 0x67DF, 0x67FF, 0x6FFF, 0x67FF, 0x67FF, 0x67FF, 0x67FF,
  0x6FFF, 0x6FFF, 0x67FF, 0x6FFF, 0x6FFF, 0x67FF, 0x67DF, 0x77BF, 0x7FFF, 0x7FFF, 0x3BCF, 0x0000,
  0x43F0, 0x77FF, 0x57DF, 0x5FBE, 0x5FBE, 0x5FBE, 0x5FDF, 0x6FFF, 0x77FF, 0x76DB, 0x55D8, 0x3CF5,
  0x3D36, 0x3D15, 0x22CD, 0x22CD, 0x1A6B, 0x11A8, 0x0043, 0x0063, 0x0001, 0x0002, 0x0001, 0x0022,
  0x0063, 0x0001, 0x0001, 0x0001, 0x0000, 0x0000, 0x0000, 0x0001, 0x0001, 0x0001, 0x0001, 0x0001,
  0x0001, 0x0001, 0x0001, 0x0002, 0x0002, 0x0002, 0x0002, 0x0002, 0x0002, 0x0002, 0x0002, 0x0002,
  0x0001, 0x0002, 0x0002, 0x0002, 0x0002, 0x0002, 0x0002, 0x0022, 0x0023, 0x0023, 0x0002, 0x0023,
  0x0043, 0x0043, 0x0043, 0x0043, 0x0043, 0x0022, 0x0002, 0x0002, 0x0022, 0x0043, 0x0043, 0x0023,
  0x0022, 0x0022, 0x0022, 0x0002, 0x0001, 0x0002, 0x0002, 0x0002, 0x0022, 0x0002, 0x0002, 0x0002,
  0x0022, 0x0022, 0x0022, 0x0043, 0x0043, 0x0043, 0x0023, 0x0022, 0x0043, 0x0043, 0x0022, 0x0002,
  0x0001, 0x00C5, 0x0084, 0x00E5, 0x1146, 0x4D55, 0x5679, 0x5639, 0x5E5A, 0x5618, 0x673D, 0x5F1C,
  0x4DD7, 0x4D97, 0x56BB, 0x67FF, 0x5FBF, 0x57FF, 0x4FFF, 0x4FFF, 0x3FFF, 0x3FFF, 0x47FF, 0x47FF,
  0x47FF, 0x3FFF, 0x3FFF, 0x3FFF, 0x3FFF, 0x47FF, 0x4FFF, 0x4FFF, 0x4FFF, 0x57FF, 0x67FF, 0x5FFF,
  0x5FFF, 0x67FF, 0x5FFF, 0x5FFF, 0x57FF, 0x57FF, 0x5FFF, 0x5FFF, 0x5FDF, 0x77FF, 0x5472, 0x0000,
  0x1946, 0x67BE, 0x47DF, 0x4FFF, 0x3B8E, 0x0001, 0x0063, 0x00C5, 0x0947, 0x0926, 0x0927, 0x0947,
  0x0947, 0x1147, 0x1167, 0x1168, 0x1168, 0x1188, 0x1188, 0x1988, 0x1988, 0x19A8, 0x19A8, 0x19A8,
  0x21E9, 0x19E9, 0x19E9, 0x19C9, 0x19C9, 0x19C9, 0x19C9, 0x19C9, 0x19A8, 0x19A8, 0x1188, 0x1188,
  0x1188, 0x1168, 0x1167, 0x0967, 0x0968, 0x0967, 0x0084, 0x0084, 0x08A4, 0x66FB, 0x4FFF, 0x4FFF,
  0x671C, 0x1105, 0x0001, 0x6535, 0x87FF, 0x77DF, 0x77FF, 0x77FF, 0x77FF, 0x77FF, 0x77FF, 0x67FF,
  0x57FF, 0x57FF, 0x5FFF, 0x5FFF, 0x5FFF, 0x5FFF, 0x5FFF, 0x67FF, 0x67FF, 0x6FFF, 0x67FF, 0x77FF,
  0x5DB7, 0x10A3, 0x10E3, 0x5596, 0x77FF, 0x6FFF, 0x67FF, 0x67FF, 0x67DF, 0x67FF, 0x67FF, 0x67FF,
  0x67FF, 0x6FFF, 0x67FF, 0x6FDF, 0x67FF, 0x6FFF, 0x6FFF, 0x77FF, 0x5576, 0x10E4, 0x0041, 0x5555,
  0x6FFF, 0x5FDF, 0x5FFF, 0x5FBE, 0x577D, 0x67FF, 0x6FDF, 0x5E9B, 0x5E39, 0x3C32, 0x19E9, 0x1A2B,
  0x122A, 0x0926, 0x0064, 0x00A4, 0x00E5, 0x09A8, 0x1A8B, 0x1AED, 0x0106, 0x0002, 0x0001, 0x0001,
  0x0023, 0x0001, 0x0001, 0x0002, 0x0063, 0x0063, 0x0043, 0x0001, 0x0001, 0x0001, 0x0001, 0x0001,
  0x0022, 0x0043, 0x0022, 0x0000, 0x0000, 0x0001, 0x0042, 0x0043, 0x0002, 0x0001, 0x0001, 0x0022,
  0x0043, 0x0001, 0x0001, 0x0002, 0x0043, 0x0043, 0x0043, 0x0002, 0x0001, 0x0001, 0x0022, 0x0001,
  0x0001, 0x0001, 0x0000, 0x0000, 0x0001, 0x0022, 0x0043, 0x0043, 0x0001, 0x0001, 0x0001, 0x0023,
  0x0022, 0x0001, 0x0001, 0x0022, 0x0043, 0x0022, 0x0001, 0x0000, 0x0000, 0x0001, 0x0043, 0x0002,
  0x0000, 0x0001, 0x0023, 0x0001, 0x0000, 0x0000, 0x0002, 0x0022, 0x0000, 0x0000, 0x0002, 0x0083,
  0x1146, 0x1105, 0x0043, 0x0022, 0x0063, 0x08C4, 0x00A4, 0x08A3, 0x1125, 0x2209, 0x228B, 0x19C8,
  0x08C4, 0x22ED, 0x3C31, 0x56DB, 0x57DF, 0x57FF, 0x57FF, 0x4FFF, 0x4FFF, 0x47FF, 0x4FFF, 0x4FFF,
  0x47FF, 0x4FFF, 0x3FFF, 0x3FFF, 0x47FF, 0x47FF, 0x4FFF, 0x4FFF, 0x4FFF, 0x57FF, 0x57FF, 0x57FF,
  0x57FF, 0x67FF, 0x5FFF, 0x4FFF, 0x57FF, 0x57FF, 0x5FFF, 0x67FF, 0x6FFF, 0x6E18, 0x0042, 0x0842,
  0x5E18, 0x47FF, 0x47FF, 0x4DF8, 0x0001, 0x0063, 0x0084, 0x0947, 0x0927, 0x0927, 0x0947, 0x0947,
  0x1167, 0x1167, 0x1168, 0x1188, 0x1188, 0x1988, 0x19A8, 0x19A8, 0x19A8, 0x19A8, 0x19A8, 0x19A9,
  0x220A, 0x21EA, 0x21E9, 0x21E9, 0x21E9, 0x21E9, 0x19E9, 0x19C9, 0x19C9, 0x19C9, 0x19A8, 0x19A8,
  0x1188, 0x1188, 0x1168, 0x1168, 0x0967, 0x0988, 0x0906, 0x0084, 0x0023, 0x2A29, 0x67FF, 0x47DF,
  0x57FF, 0x5D97, 0x0022, 0x0884, 0x7E9A, 0x7FFF, 0x77FF, 0x77FF, 0x77FF, 0x77FF, 0x6FFF, 0x67FF,
  0x57FF, 0x57FF, 0x5FFF, 0x5FFF, 0x5FFF, 0x67FF, 0x57FF, 0x57FF, 0x5FFF, 0x5FFF, 0x6FFF, 0x67FF,
  0x67FF, 0x677E, 0x3B4D, 0x0000, 0x1986, 0x5514, 0x779E, 0x77FF, 0x77FF, 0x6FFF, 0x6FFF, 0x6FFF,
  0x6FFF, 0x6FFF, 0x77FF, 0x77FF, 0x77FF, 0x775D, 0x54D3, 0x1925, 0x0000, 0x2ACB, 0x673C, 0x67FF,
  0x67FF, 0x67FF, 0x67FF, 0x5F9E, 0x5FBE, 0x67BF, 0x577D, 0x679E, 0x77BE, 0x779D, 0x5D97, 0x222A,
  0x11A9, 0x00C5, 0x00A5, 0x00A5, 0x00A5, 0x0043, 0x0022, 0x0000, 0x0863, 0x226A, 0x332D, 0x19A8,
  0x0021, 0x226B, 0x336E, 0x226B, 0x0022, 0x0023, 0x0063, 0x2B0D, 0x2B4E, 0x2B0D, 0x230D, 0x2B0D,
  0x0884, 0x0001, 0x1105, 0x3B4E, 0x2B4E, 0x332D, 0x0043, 0x0022, 0x1105, 0x336E, 0x2B4E, 0x08C4,
  0x0001, 0x2209, 0x336E, 0x1167, 0x0022, 0x0043, 0x0022, 0x19A8, 0x334E, 0x2AED, 0x08C4, 0x22CC,
  0x2B0D, 0x2B4E, 0x2B4E, 0x2B2D, 0x2ACC, 0x0043, 0x0022, 0x0022, 0x3B8F, 0x3C52, 0x338F, 0x0022,
  0x0063, 0x438F, 0x338F, 0x0063, 0x0002, 0x0042, 0x334E, 0x4D14, 0x4431, 0x19A7, 0x0000, 0x2209,
  0x4CF4, 0x336E, 0x0000, 0x2B2D, 0x3D15, 0x4514, 0x19A8, 0x0001, 0x4492, 0x4D35, 0x10A3, 0x2B4E,
  0x67FF, 0x67FF, 0x1987, 0x0001, 0x0043, 0x0023, 0x0064, 0x00C5, 0x0023, 0x0002, 0x0001, 0x0002,
  0x0063, 0x0043, 0x0022, 0x0947, 0x3D15, 0x4EFC, 0x5FDF, 0x4FFF, 0x4FFF, 0x47FF, 0x47FF, 0x3FFF,
  0x4FFF, 0x4FFF, 0x3FFF, 0x4FFF, 0x47FF, 0x47FF, 0x4FFF, 0x4FFF, 0x4FFF, 0x57FF, 0x57FF, 0x57FF,
  0x5FFF, 0x5FFF, 0x67FF, 0x5FFF, 0x67FF, 0x67FF, 0x5FFF, 0x67FF, 0x7F3C, 0x1105, 0x0000, 0x4472,
  0x57FF, 0x3FDF, 0x579E, 0x1925, 0x0022, 0x0063, 0x0926, 0x0947, 0x0947, 0x0947, 0x0947, 0x1167,
  0x1168, 0x1188, 0x1188, 0x1188, 0x19A8, 0x19A8, 0x19A8, 0x19C9, 0x19C9, 0x19C9, 0x19C9, 0x19C9,
  0x220A, 0x220A, 0x220A, 0x220A, 0x220A, 0x21E9, 0x21E9, 0x21E9, 0x19C9, 0x19C9, 0x19C9, 0x19A9,
  0x19A8, 0x1188, 0x1188, 0x1188, 0x1168, 0x1168, 0x1188, 0x00C5, 0x00A4, 0x0002, 0x43F0, 0x5FFF,
  0x47DF, 0x5FFF, 0x4410, 0x0000, 0x19A8, 0x8F9E, 0x77FF, 0x77FF, 0x77FF, 0x77FF, 0x5FFF, 0x67FF,
  0x57DF, 0x5FFF, 0x5FFF, 0x5FFF, 0x5FFF, 0x5FFF, 0x5FFF, 0x5FFF, 0x5FFF, 0x67FF, 0x67FF, 0x6FFF,
  0x67FF, 0x57FF, 0x77FF, 0x6EBA, 0x32CB, 0x0821, 0x0862, 0x2229, 0x4451, 0x5DD7, 0x6659, 0x66BB,
  0x6659, 0x65F7, 0x5514, 0x3B4E, 0x1987, 0x0821, 0x0842, 0x330D, 0x66DB, 0x6FFF, 0x5FFF, 0x5FDF,
  0x5FFF, 0x577D, 0x5F9E, 0x67FF, 0x67FF, 0x77FF, 0x675D, 0x5E7A, 0x336F, 0x1105, 0x00C5, 0x0003,
  0x0023, 0x0064, 0x0064, 0x0063, 0x0063, 0x0084, 0x0002, 0x1A09, 0x5EDB, 0x5FFF, 0x5FFF, 0x6FFF,
  0x19C8, 0x4DB7, 0x6FFF, 0x55F8, 0x0001, 0x0023, 0x08A4, 0x67BF, 0x57FF, 0x67FF, 0x67FF, 0x77FF,
  0x1946, 0x0000, 0x3BF0, 0x6FFF, 0x57FF, 0x6FFF, 0x19A7, 0x0000, 0x2AAB, 0x67FF, 0x67FF, 0x4472,
  0x0000, 0x44B3, 0x77FF, 0x33AF, 0x0000, 0x0064, 0x0000, 0x43F0, 0x67FF, 0x575D, 0x2ACB, 0x6FFF,
  0x5FFF, 0x57FF, 0x5FFF, 0x67FF, 0x6FFF, 0x08C4, 0x0002, 0x0002, 0x5EFB, 0x4FFF, 0x6FFF, 0x2209,
  0x0021, 0x6FFF, 0x5FFF, 0x0863, 0x0042, 0x5618, 0x67FF, 0x67FF, 0x67FF, 0x67DF, 0x1A08, 0x2A4A,
  0x77FF, 0x56FC, 0x0000, 0x4DF8, 0x57FF, 0x5FFF, 0x336E, 0x0042, 0x67FF, 0x67FF, 0x0863, 0x2B2D,
  0x57FF, 0x5FBE, 0x1946, 0x0001, 0x0043, 0x0043, 0x0043, 0x0063, 0x0084, 0x0906, 0x00A5, 0x0043,
  0x0988, 0x0947, 0x22ED, 0x3411, 0x3CD4, 0x45F8, 0x4F1C, 0x4FFF, 0x4FDF, 0x3FFF, 0x3FFF, 0x47FF,
  0x47FF, 0x47FF, 0x3FFF, 0x3FFF, 0x47FF, 0x4FFF, 0x4FFF, 0x4FFF, 0x47FF, 0x4FFF, 0x5FFF, 0x5FFF,
  0x5FFF, 0x57FF, 0x67FF, 0x67FF, 0x67FF, 0x5FFF, 0x67DF, 0x7FDF, 0x2A2A, 0x0000, 0x2A8B, 0x5FFF,
  0x3FDF, 0x57FF, 0x332D, 0x0001, 0x0063, 0x00C5, 0x0968, 0x0927, 0x0947, 0x0967, 0x1168, 0x1168,
  0x1188, 0x1188, 0x19A8, 0x19A8, 0x19A8, 0x19A9, 0x19C9, 0x19C9, 0x19C9, 0x21C9, 0x21C9, 0x21E9,
  0x222A, 0x222A, 0x220A, 0x220A, 0x220A, 0x220A, 0x220A, 0x220A, 0x21E9, 0x19E9, 0x19C9, 0x19C9,
  0x19C9, 0x19A9, 0x11A8, 0x1188, 0x1188, 0x1168, 0x1188, 0x0968, 0x0084, 0x00A5, 0x0022, 0x55D7,
  0x57FF, 0x4FDF, 0x67FF, 0x2A2A, 0x0001, 0x3AEC, 0x8FFF, 0x77FF, 0x77FF, 0x77FF, 0x77FF, 0x67FF,
  0x57DF, 0x5FFF, 0x67FF, 0x67FF, 0x67FF, 0x57DF, 0x5FDF, 0x57FF, 0x5FFF, 0x67FF, 0x67FF, 0x67FF,
  0x67FF, 0x67FF, 0x67FF, 0x6FFF, 0x77FF, 0x6F5D, 0x54F4, 0x32AB, 0x1125, 0x0862, 0x0022, 0x0822,
  0x0822, 0x0842, 0x0883, 0x1966, 0x32EC, 0x5535, 0x6F7D, 0x6FFF, 0x5FFF, 0x57DE, 0x5FDF, 0x67FF,
  0x5F5D, 0x569B, 0x67BE, 0x67BE, 0x673C, 0x336E, 0x08A4, 0x0023, 0x0000, 0x0003, 0x0064, 0x08E6,
  0x00E6, 0x00A5, 0x0084, 0x0064, 0x0064, 0x0022, 0x1105, 0x5F9E, 0x57FF, 0x573D, 0x4555, 0x5EFB,
  0x19E9, 0x4514, 0x5FDF, 0x4D55, 0x0001, 0x0023, 0x0863, 0x56DB, 0x57DF, 0x44F4, 0x2AEC, 0x332D,
  0x08A4, 0x0000, 0x4535, 0x57DF, 0x4FBE, 0x57FF, 0x338F, 0x0000, 0x224A, 0x5FDF, 0x4FDF, 0x5F3D,
  0x0001, 0x33F0, 0x67DF, 0x338F, 0x0001, 0x0064, 0x0000, 0x338E, 0x57DF, 0x4F3C, 0x21C8, 0x338F,
  0x44F4, 0x57DF, 0x575D, 0x2B8F, 0x2B0D, 0x0063, 0x0023, 0x0002, 0x5679, 0x4FDF, 0x57FF, 0x4D35,
  0x0000, 0x5F3C, 0x577D, 0x0001, 0x332E, 0x5FFF, 0x56DB, 0x1104, 0x3C52, 0x5FFF, 0x56DB, 0x1946,
  0x67DF, 0x575D, 0x0842, 0x5659, 0x57FF, 0x57FF, 0x3C10, 0x10E5, 0x67FF, 0x56BB, 0x0000, 0x224A,
  0x5FFF, 0x571C, 0x0863, 0x0022, 0x0043, 0x0043, 0x0043, 0x0043, 0x0043, 0x0063, 0x00A4, 0x0084,
  0x0084, 0x00C5, 0x22ED, 0x56BB, 0x5FFF, 0x5FFF, 0x5FDF, 0x47DF, 0x4FFF, 0x47FF, 0x3FDE, 0x3FDF,
  0x47FF, 0x3FFF, 0x47FF, 0x4FFF, 0x4FFF, 0x47FF, 0x4FFF, 0x47FF, 0x4FFF, 0x57FF, 0x4FFF, 0x57FF,
  0x5FFF, 0x67FF, 0x5FFF, 0x67FF, 0x5FFF, 0x5FDF, 0x77FF, 0x43AF, 0x0000, 0x1967, 0x5F7D, 0x3FFF,
  0x47FF, 0x4D75, 0x0001, 0x0084, 0x0084, 0x0968, 0x0947, 0x0947, 0x0967, 0x1168, 0x1188, 0x1188,
  0x19A8, 0x19A8, 0x19A9, 0x19C9, 0x19C9, 0x19C9, 0x21C9, 0x21E9, 0x21E9, 0x21E9, 0x21E9, 0x21EA,
  0x2A2A, 0x2A2A, 0x2A2A, 0x2A2A, 0x2A2A, 0x222A, 0x220A, 0x220A, 0x220A, 0x21EA, 0x21E9, 0x19E9,
  0x19C9, 0x19C9, 0x19A9, 0x11A8, 0x1188, 0x1188, 0x1168, 0x1188, 0x0927, 0x0084, 0x0064, 0x10C5,
  0x673C, 0x4FFF, 0x4FFF, 0x6F3C, 0x1126, 0x0001, 0x5431, 0x8FFF, 0x77DF, 0x77FF, 0x77FF, 0x6FFF,
  0x57FF, 0x57DF, 0x57DF, 0x5FDF, 0x67FF, 0x5FDF, 0x57DE, 0x57DF, 0x5FFF, 0x57DE, 0x67FF, 0x67FF,
  0x67FF, 0x67FF, 0x67FF, 0x67FF, 0x67FF, 0x67FF, 0x6FFF, 0x6FFF, 0x6FFF, 0x6F9E, 0x66FC, 0x66BA,
  0x5EFB, 0x677D, 0x6FDF, 0x77FF, 0x6FFF, 0x67FF, 0x67FF, 0x5FDE, 0x57BE, 0x57DF, 0x67FF, 0x5FFF,
  0x575D, 0x67DF, 0x6F3C, 0x67BE, 0x5DD7, 0x2B0D, 0x2B2D, 0x2BD1, 0x2B90, 0x230E, 0x2B2E, 0x224B,
  0x1188, 0x00C5, 0x0064, 0x0063, 0x0064, 0x0001, 0x3C31, 0x57FF, 0x5FBF, 0x21E9, 0x0000, 0x0884,
  0x0041, 0x4D76, 0x5FFF, 0x4D76, 0x0001, 0x0043, 0x0863, 0x56FB, 0x5FFF, 0x2A8B, 0x0000, 0x0000,
  0x0022, 0x0002, 0x569A, 0x57FF, 0x5639, 0x5FFF, 0x4D75, 0x0000, 0x226A, 0x5FFF, 0x4FDF, 0x6FFF,
  0x2A8B, 0x2B6E, 0x6FFF, 0x338F, 0x0001, 0x0064, 0x0000, 0x336E, 0x5FFF, 0x579E, 0x08E5, 0x0000,
  0x2A6A, 0x5FFF, 0x5EFB, 0x0001, 0x0000, 0x0022, 0x0023, 0x0002, 0x569A, 0x57FF, 0x4FDF, 0x5FBE,
  0x1946, 0x56FC, 0x5F9E, 0x0821, 0x4DD7, 0x5FFF, 0x4472, 0x0000, 0x21A7, 0x5FFF, 0x5FFF, 0x2A4A,
  0x56BB, 0x57FF, 0x19A7, 0x5F1C, 0x577E, 0x57FF, 0x4535, 0x2A29, 0x67FF, 0x4DB7, 0x0000, 0x21A8,
  0x5FFF, 0x4E59, 0x0002, 0x0022, 0x0022, 0x0043, 0x0043, 0x0022, 0x0022, 0x0023, 0x00A4, 0x00A4,
  0x0043, 0x0043, 0x0022, 0x0063, 0x2BD1, 0x46DC, 0x579E, 0x57DF, 0x4FFF, 0x57FF, 0x4FFF, 0x4FFF,
  0x4FDF, 0x4FFF, 0x4FFF, 0x4FFF, 0x47FF, 0x4FFF, 0x57FF, 0x4FFF, 0x57FF, 0x57FF, 0x57FF, 0x5FFF,
  0x6FFF, 0x67FF, 0x67FF, 0x67FF, 0x67DF, 0x7FFF, 0x6555, 0x0001, 0x10A4, 0x5E9A, 0x4FFF, 0x3FFF,
  0x56DB, 0x0883, 0x0063, 0x0063, 0x0947, 0x0967, 0x0947, 0x0967, 0x1168, 0x1188, 0x1188, 0x19A8,
  0x19A9, 0x19C9, 0x19C9, 0x19C9, 0x21C9, 0x21E9, 0x21E9, 0x21E9, 0x220A, 0x220A, 0x220A, 0x220A,
  0x2A4B, 0x2A4B, 0x2A4B, 0x2A4B, 0x2A4B, 0x2A2A, 0x2A2A, 0x2A2A, 0x220A, 0x220A, 0x220A, 0x21EA,
  0x21E9, 0x19E9, 0x19C9, 0x19C9, 0x19A9, 0x1188, 0x1188, 0x1188, 0x11A8, 0x08E6, 0x00A5, 0x0043,
  0x2A09, 0x67DF, 0x4FDF, 0x57FF, 0x5E38, 0x0864, 0x0022, 0x6D55, 0x8FFF, 0x77DF, 0x77FF, 0x6FFF,
  0x67FF, 0x5FDF, 0x5FFF, 0x5FFF, 0x5FFF, 0x67FF, 0x5FDF, 0x67FF, 0x67FF, 0x57DE, 0x67FF, 0x67FF,
  0x6FFF, 0x6FFF, 0x6FFF, 0x6FFF, 0x67FF, 0x67FF, 0x5FDF, 0x57DF, 0x5FFF, 0x5FFF, 0x67FF, 0x67FF,
  0x67FF, 0x5FFF, 0x5FFF, 0x57FF, 0x57DF, 0x5FDF, 0x5FFF, 0x5FFF, 0x5FFF, 0x57DE, 0x57DE, 0x5FDF,
  0x5FDF, 0x67DF, 0x6FFF, 0x67DF, 0x67BF, 0x77FF, 0x779E, 0x4DB7, 0x3452, 0x1A2A, 0x00C5, 0x0043,
  0x0043, 0x0064, 0x0064, 0x0063, 0x0063, 0x0002, 0x4DF8, 0x57FF, 0x56BA, 0x0022, 0x0043, 0x0043,
  0x0000, 0x4D76, 0x5FFF, 0x4D96, 0x0001, 0x0023, 0x0863, 0x5EFC, 0x57FF, 0x4D97, 0x3C72, 0x33D0,
  0x0001, 0x08E5, 0x5FBE, 0x579E, 0x3B6E, 0x5FFF, 0x56FB, 0x0000, 0x2229, 0x67FF, 0x4618, 0x5FBE,
  0x55F8, 0x3BF0, 0x6FFF, 0x336E, 0x0001, 0x0064, 0x0001, 0x336E, 0x5FFF, 0x579E, 0x1125, 0x0020,
  0x2AEC, 0x5FFF, 0x5F3C, 0x08A4, 0x0023, 0x0043, 0x0043, 0x0002, 0x569A, 0x57FF, 0x4D97, 0x5FFF,
  0x4472, 0x56BA, 0x579E, 0x1083, 0x56BB, 0x5FFF, 0x33CF, 0x0000, 0x1987, 0x5FDF, 0x5FFF, 0x32CC,
  0x4596, 0x57FF, 0x330C, 0x5FFF, 0x4E19, 0x571C, 0x4E7A, 0x332D, 0x6FFF, 0x4492, 0x0000, 0x19A7,
  0x5FFF, 0x4576, 0x0000, 0x0043, 0x0043, 0x0043, 0x0043, 0x0084, 0x0084, 0x00A5, 0x08C5, 0x00A5,
  0x08E5, 0x0906, 0x0906, 0x08E5, 0x0043, 0x2B2E, 0x4E5A, 0x57BE, 0x57FF, 0x4FFF, 0x4FFF, 0x4FFF,
  0x5FFF, 0x57FF, 0x47DF, 0x47DE, 0x57FF, 0x57FF, 0x57FF, 0x5FFF, 0x5FFF, 0x57FF, 0x67FF, 0x6FFF,
  0x6FFF, 0x6FFF, 0x6FFF, 0x67DF, 0x7FFF, 0x7638, 0x0863, 0x0022, 0x5596, 0x4FFF, 0x3FDF, 0x57DF,
  0x21A8, 0x0022, 0x0084, 0x08E6, 0x0968, 0x0947, 0x1168, 0x1168, 0x1188, 0x1188, 0x19A8, 0x19A9,
  0x19C9, 0x19C9, 0x21E9, 0x21E9, 0x21EA, 0x220A, 0x220A, 0x220A, 0x220A, 0x2A0A, 0x2A0A, 0x2A2A,
  0x2A4B, 0x2A4B, 0x2A4B, 0x2A4B, 0x2A4B, 0x2A4B, 0x2A4B, 0x2A2B, 0x2A2A, 0x2A2A, 0x220A, 0x220A,
  0x220A, 0x220A, 0x19E9, 0x19C9, 0x19C9, 0x11A9, 0x11A8, 0x1188, 0x1188, 0x1188, 0x00A5, 0x00C5,
  0x0002, 0x3B4E, 0x5FFF, 0x47DF, 0x57FF, 0x5534, 0x0023, 0x0884, 0x7E39, 0x7FFF, 0x77DF, 0x77FF,
  0x6FFF, 0x67FF, 0x67FF, 0x5FFF, 0x67FF, 0x5FFF, 0x5FFF, 0x5FDF, 0x5FDF, 0x57DE, 0x6FFF, 0x6FFF,
  0x6FFF, 0x6FFF, 0x6FFF, 0x67FF, 0x67FF, 0x67FF, 0x5FFF, 0x5FFF, 0x67FF, 0x5FFF, 0x57DF, 0x5FDF,
  0x67FF, 0x57FF, 0x5FFF, 0x5FFF, 0x5FFF, 0x5FFF, 0x5FFF, 0x57BE, 0x5FBE, 0x5F9E, 0x6FFF, 0x5FDF,
  0x5FBE, 0x77DF, 0x55F8, 0x3432, 0x33B0, 0x08E5, 0x0906, 0x11C9, 0x11A8, 0x0107, 0x00C6, 0x0085,
  0x0084, 0x0064, 0x0064, 0x0063, 0x0063, 0x0002, 0x5618, 0x57FF, 0x4E18, 0x0001, 0x0043, 0x0063,
  0x0001, 0x4D76, 0x5FFF, 0x4D76, 0x0001, 0x0043, 0x0863, 0x5EFC, 0x4FFF, 0x67FF, 0x67FF, 0x5E9A,
  0x0000, 0x222A, 0x67FF, 0x4E59, 0x1083, 0x5F9E, 0x5FFF, 0x08E4, 0x21E8, 0x67FF, 0x44F4, 0x4515,
  0x5FFF, 0x44F4, 0x67FF, 0x3BCF, 0x0001, 0x0064, 0x0001, 0x334E, 0x57FF, 0x57BE, 0x1125, 0x0000,
  0x2ACC, 0x5FFF, 0x5F3C, 0x0884, 0x0022, 0x0043, 0x0023, 0x0002, 0x5E9A, 0x5FFF, 0x3B4E, 0x579E,
  0x5EFC, 0x5EFC, 0x5F7D, 0x10A3, 0x56DB, 0x5FFF, 0x3BCF, 0x0000, 0x1967, 0x5FBE, 0x5FFF, 0x32AB,
  0x3CB3, 0x5FFF, 0x44D4, 0x67FF, 0x4472, 0x4DD7, 0x579E, 0x44D4, 0x67FF, 0x2B2D, 0x0000, 0x1167,
  0x67FF, 0x4535, 0x0000, 0x0043, 0x0043, 0x0043, 0x0043, 0x00A5, 0x0084, 0x00A5, 0x0926, 0x00A5,
  0x08E5, 0x11A8, 0x11C9, 0x11C9, 0x1A8C, 0x2B2E, 0x4577, 0x5F7D, 0x57FF, 0x57FF, 0x4FDF, 0x47DE,
  0x57FF, 0x57FF, 0x47FF, 0x4FDF, 0x5FFF, 0x5FFF, 0x57FF, 0x4FDF, 0x5FFF, 0x67FF, 0x5FFF, 0x6FFF,
  0x6FFF, 0x77FF, 0x77FF, 0x77FF, 0x86DB, 0x10E5, 0x0000, 0x4452, 0x57FF, 0x3FBE, 0x57FF, 0x330D,
  0x0001, 0x0084, 0x00C5, 0x0988, 0x0947, 0x1168, 0x1168, 0x1188, 0x11A8, 0x19A9, 0x19C9, 0x19C9,
  0x19C9, 0x21E9, 0x21EA, 0x220A, 0x220A, 0x220A, 0x2A0A, 0x2A2A, 0x2A2A, 0x2A2A, 0x2A2A, 0x2A2A,
  0x326B, 0x326B, 0x326B, 0x326B, 0x326B, 0x326B, 0x2A4B, 0x2A4B, 0x2A4B, 0x2A4B, 0x2A2A, 0x2A2A,
  0x220A, 0x220A, 0x220A, 0x21E9, 0x19E9, 0x19C9, 0x19A9, 0x11A8, 0x1188, 0x11A8, 0x0968, 0x00A4,
  0x00C5, 0x0002, 0x4CD3, 0x57FF, 0x47BE, 0x5FFF, 0x4431, 0x0001, 0x1106, 0x7EFB, 0x7FFF, 0x77FF,
  0x77FF, 0x6FFF, 0x5FDF, 0x5FDF, 0x67DF, 0x67FF, 0x67FF, 0x6FFF, 0x5FFF, 0x67FF, 0x67FF, 0x6FFF,
  0x6FFF, 0x6FFF, 0x6FFF, 0x67FF, 0x67FF, 0x67FF, 0x67FF, 0x67FF, 0x67FF, 0x5FFF, 0x5FFF, 0x57FF,
  0x5FFF, 0x57FF, 0x5FFF, 0x67FF, 0x5FFF, 0x67FF, 0x67FF, 0x5FFF, 0x67DF, 0x577D, 0x67DF, 0x67FF,
  0x67FF, 0x6FFF, 0x4D76, 0x3C94, 0x4CF5, 0x4452, 0x226C, 0x0106, 0x0927, 0x0064, 0x0927, 0x00A5,
  0x0084, 0x0064, 0x0064, 0x0064, 0x0063, 0x0001, 0x55D7, 0x57FF, 0x5E9A, 0x0002, 0x0043, 0x0023,
  0x0000, 0x4D76, 0x5FFF, 0x4576, 0x0001, 0x0043, 0x0863, 0x5EFB, 0x5FFF, 0x33CF, 0x0883, 0x1126,
  0x0000, 0x3C11, 0x5FFF, 0x573C, 0x3CB3, 0x577E, 0x67FF, 0x228B, 0x19A7, 0x67FF, 0x4555, 0x21A7,
  0x67FF, 0x4F9E, 0x5FFF, 0x3BF0, 0x0001, 0x0064, 0x0001, 0x334E, 0x57FF, 0x57BE, 0x1126, 0x0000,
  0x2ACC, 0x5FFF, 0x5F3C, 0x08A4, 0x0022, 0x0043, 0x0023, 0x0002, 0x567A, 0x67FF, 0x2209, 0x44F4,
  0x67FF, 0x57FF, 0x5F5D, 0x1083, 0x5EBA, 0x5FFF, 0x3C31, 0x0000, 0x1167, 0x5FDF, 0x67FF, 0x21E9,
  0x33AF, 0x67FF, 0x569A, 0x67FF, 0x2AAB, 0x3C72, 0x5FFF, 0x4EFC, 0x67FF, 0x2209, 0x0000, 0x08E5,
  0x5EFB, 0x3C11, 0x0001, 0x0043, 0x0043, 0x0043, 0x0043, 0x0063, 0x00A4, 0x0084, 0x00A4, 0x0063,
  0x08E5, 0x0084, 0x33F1, 0x5E9A, 0x5EFC, 0x5F9E, 0x5FDF, 0x57DE, 0x4FDF, 0x4FFF, 0x57DF, 0x5FFF,
  0x4FFF, 0x57DF, 0x4FDF, 0x5FFF, 0x57DF, 0x5FFF, 0x5FDE, 0x4FBE, 0x5FFF, 0x67FF, 0x67FF, 0x6FFF,
  0x77FF, 0x77FF, 0x77FF, 0x875D, 0x2146, 0x0000, 0x3B4E, 0x5FFF, 0x47BF, 0x57FF, 0x4492, 0x0001,
  0x0084, 0x0084, 0x0968, 0x0968, 0x1168, 0x1188, 0x1188, 0x11A8, 0x19A9, 0x19C9, 0x19C9, 0x21E9,
  0x21EA, 0x220A, 0x220A, 0x2A0A, 0x2A2A, 0x2A2A, 0x2A2A, 0x2A4B, 0x2A4B, 0x2A4B, 0x2A4B, 0x2A4B,
  0x328C, 0x328C, 0x328C, 0x326C, 0x328C, 0x326B, 0x326B, 0x326B, 0x2A6B, 0x2A4B, 0x2A4B, 0x2A2B,
  0x2A2A, 0x222A, 0x220A, 0x220A, 0x21EA, 0x19E9, 0x19C9, 0x19A9, 0x11A8, 0x1188, 0x11A9, 0x0927,
  0x0084, 0x00A5, 0x0843, 0x5E18, 0x57FF, 0x47DF, 0x67FF, 0x3B8F, 0x0001, 0x1967, 0x873C, 0x7FFF,
  0x77FF, 0x77FF, 0x6FFF, 0x6FFF, 0x77FF, 0x6FFF, 0x77FF, 0x6FFF, 0x67DF, 0x6FFF, 0x6FFF, 0x6FFF,
  0x6FFF, 0x6FFF, 0x6FFF, 0x6FFF, 0x6FFF, 0x6FFF, 0x67FF, 0x67FF, 0x67FF, 0x5FFF, 0x57FF, 0x57FF,
  0x5FFF, 0x5FFF, 0x5FFF, 0x5FFF, 0x5FFF, 0x67FF, 0x5FFF, 0x57FF, 0x5FFF, 0x67FF, 0x56FC, 0x66FC,
  0x6FBE, 0x679E, 0x6FFF, 0x6FFF, 0x6F9E, 0x87FF, 0x667A, 0x4C93, 0x230E, 0x22AC, 0x1A2A, 0x00C5,
  0x00A5, 0x0084, 0x0064, 0x0064, 0x0084, 0x0001, 0x4472, 0x57FF, 0x67DF, 0x2229, 0x0000, 0x08C4,
  0x0022, 0x4D35, 0x5FFF, 0x4556, 0x0000, 0x0002, 0x0842, 0x5EDB, 0x5FFF, 0x2B2D, 0x0000, 0x0001,
  0x0001, 0x55D7, 0x57FF, 0x5FBE, 0x67FF, 0x5FFF, 0x5FFF, 0x44B3, 0x21A7, 0x67FF, 0x4DB7, 0x0000,
  0x5E7A, 0x57FF, 0x5FFF, 0x3BD0, 0x0001, 0x0064, 0x0001, 0x334E, 0x57FF, 0x57BE, 0x1146, 0x0000,
  0x2ACC, 0x5FFF, 0x5F3C, 0x0884, 0x0022, 0x0043, 0x0023, 0x0002, 0x5679, 0x67FF, 0x2229, 0x19A8,
  0x6FFF, 0x4FFF, 0x5F5D, 0x0001, 0x4CD4, 0x5FFF, 0x4E39, 0x0000, 0x32CC, 0x5FFF, 0x67BE, 0x0862,
  0x2B0D, 0x67FF, 0x4FDF, 0x67FF, 0x1966, 0x2B2D, 0x5FFF, 0x4FDF, 0x67BE, 0x1126, 0x0002, 0x0001,
  0x0863, 0x0063, 0x0022, 0x0022, 0x0043, 0x0063, 0x0063, 0x00A5, 0x00A4, 0x0084, 0x00C5, 0x00A4,
  0x0926, 0x00A5, 0x11C9, 0x4D56, 0x5FDF, 0x67FF, 0x67FF, 0x67FF, 0x5FFF, 0x4FBE, 0x4F1C, 0x47BE,
  0x4FDE, 0x57FF, 0x5FFF, 0x5FFF, 0x57DF, 0x5FFF, 0x5FDF, 0x57DE, 0x67FF, 0x6FFF, 0x77FF, 0x77FF,
  0x77FF, 0x77FF, 0x879E, 0x2A09, 0x0000, 0x328B, 0x67DF, 0x47DF, 0x4FFF, 0x55B7, 0x0022, 0x0084,
  0x0064, 0x0947, 0x0968, 0x1168, 0x1188, 0x1188, 0x11A8, 0x19A9, 0x19C9, 0x19C9, 0x21E9, 0x21EA,
  0x220A, 0x220A, 0x2A2A, 0x2A2A, 0x2A2A, 0x2A4B, 0x2A4B, 0x324B, 0x324B, 0x324B, 0x326B, 0x326B,
  0x328C, 0x328C, 0x328C, 0x328C, 0x328C, 0x328C, 0x328C, 0x326B, 0x326B, 0x326B, 0x2A4B, 0x2A4B,
  0x2A4B, 0x2A2A, 0x222A, 0x220A, 0x220A, 0x19E9, 0x19E9, 0x19C9, 0x19A9, 0x11A8, 0x1188, 0x11A9,
  0x0906, 0x00A5, 0x0084, 0x10C5, 0x671C, 0x4FFF, 0x4FDF, 0x67FF, 0x330D, 0x0001, 0x2A09, 0x87BE,
  0x77FF, 0x7FFF, 0x77FF, 0x77FF, 0x7FFF, 0x7FFF, 0x77FF, 0x6FFF, 0x67DF, 0x77FF, 0x77FF, 0x77FF,
  0x77FF, 0x77FF, 0x77FF, 0x6FFF, 0x6FFF, 0x77FF, 0x67FF, 0x5FFF, 0x5FFF, 0x5FFF, 0x5FFF, 0x67FF,
  0x67FF, 0x5FFF, 0x67FF, 0x5FFF, 0x67FF, 0x67FF, 0x5FFF, 0x57DF, 0x67FF, 0x5FDF, 0x5F9E, 0x56FC,
  0x4EDB, 0x5EFC, 0x679E, 0x56FC, 0x671C, 0x775D, 0x6EBB, 0x336F, 0x22CC, 0x1167, 0x0001, 0x0023,
  0x0002, 0x0023, 0x0023, 0x0022, 0x0002, 0x0001, 0x1146, 0x6FDF, 0x57FF, 0x5F3D, 0x4535, 0x6F5D,
  0x19E8, 0x44D3, 0x5FFF, 0x575D, 0x4DF8, 0x5E39, 0x29E8, 0x569A, 0x4FFF, 0x56BB, 0x4D76, 0x5E39,
  0x324A, 0x4EDB, 0x5FFF, 0x2A8B, 0x08A2, 0x3C31, 0x5FFF, 0x4E59, 0x2A49, 0x67FF, 0x4E39, 0x0000,
  0x330D, 0x5FFF, 0x57FF, 0x3BF0, 0x0000, 0x0064, 0x0000, 0x338E, 0x57FF, 0x57FF, 0x1167, 0x0000,
  0x2AEC, 0x5FFF, 0x5F5D, 0x0883, 0x0022, 0x0043, 0x0023, 0x0002, 0x569A, 0x5FFF, 0x2AEC, 0x0000,
  0x5E7A, 0x57FF, 0x5F7D, 0x0042, 0x1105, 0x679E, 0x5FFF, 0x56BB, 0x5FDF, 0x67FF, 0x4451, 0x0000,
  0x21C8, 0x6FFF, 0x57FF, 0x67FF, 0x0042, 0x2A4A, 0x6FFF, 0x57FF, 0x5F3C, 0x0043, 0x0000, 0x330D,
  0x56FC, 0x5638, 0x0063, 0x0022, 0x0043, 0x08C5, 0x0002, 0x0063, 0x0022, 0x0084, 0x0022, 0x0022,
  0x0043, 0x0022, 0x0043, 0x11A8, 0x2BD0, 0x56BB, 0x5F5D, 0x4E7A, 0x4DF8, 0x575D, 0x479E, 0x4FBE,
  0x4FDE, 0x5FFF, 0x5FFF, 0x57FF, 0x5FFF, 0x5FFF, 0x67FF, 0x57DF, 0x67FF, 0x6FFF, 0x6FFF, 0x6FFF,
  0x77FF, 0x879E, 0x2A29, 0x0000, 0x2A0A, 0x6FBE, 0x47FF, 0x4FFF, 0x56DB, 0x0883, 0x0063, 0x0084,
  0x0906, 0x0988, 0x0967, 0x1168, 0x1188, 0x11A8, 0x19A9, 0x19C9, 0x19C9, 0x21EA, 0x220A, 0x220A,
  0x220A, 0x2A2A, 0x2A2A, 0x2A4B, 0x2A4B, 0x324B, 0x326B, 0x326B, 0x326B, 0x326B, 0x326B, 0x328C,
  0x3AAC, 0x3AAC, 0x3AAC, 0x3AAC, 0x3AAC, 0x3AAC, 0x328C, 0x328C, 0x328C, 0x326C, 0x326B, 0x326B,
  0x2A4B, 0x2A4B, 0x2A2B, 0x2A2A, 0x222A, 0x220A, 0x21EA, 0x19E9, 0x19C9, 0x19A9, 0x11A8, 0x11A8,
  0x11C9, 0x00E5, 0x00C5, 0x0064, 0x21A8, 0x67BE, 0x4FFF, 0x4FDF, 0x6FBE, 0x2A6B, 0x0001, 0x328B,
  0x8FDF, 0x7FFF, 0x7FFF, 0x7FFF, 0x7FFF, 0x7FFF, 0x7FFF, 0x77FF, 0x77FF, 0x7FFF, 0x77FF, 0x77FF,
  0x77FF, 0x77FF, 0x77FF, 0x77FF, 0x77FF, 0x77FF, 0x77FF, 0x6FFF, 0x6FFF, 0x6FFF, 0x6FFF, 0x6FFF,
  0x6FFF, 0x67FF, 0x6FFF, 0x6FFF, 0x6FFF, 0x6FFF, 0x6FFF, 0x67FF, 0x5FFF, 0x5FFF, 0x67FF, 0x67FF,
  0x67FF, 0x67FF, 0x5F5D, 0x5F7E, 0x5EFC, 0x777E, 0x55F8, 0x4D36, 0x3BD0, 0x3C11, 0x4452, 0x3C12,
  0x2ACC, 0x1987, 0x224A, 0x2A6B, 0x1987, 0x0906, 0x0001, 0x2A6A, 0x673C, 0x67FF, 0x6FFF, 0x6F7E,
  0x1125, 0x4CB3, 0x679E, 0x5F9E, 0x67FF, 0x6FDF, 0x2A29, 0x6639, 0x679E, 0x67BE, 0x67FF, 0x6FDF,
  0x438E, 0x5F1C, 0x6F9E, 0x1105, 0x0000, 0x2209, 0x6FDF, 0x5F1C, 0x3B4D, 0x6F9E, 0x5DF8, 0x0001,
  0x0863, 0x5E59, 0x6F9E, 0x3BD0, 0x0001, 0x0064, 0x0001, 0x332D, 0x679E, 0x677D, 0x1966, 0x0000,
  0x32CC, 0x677E, 0x5EBA, 0x0884, 0x0022, 0x0043, 0x0023, 0x0002, 0x5DF7, 0x5F7D, 0x2A8B, 0x0000,
  0x32EC, 0x5EDB, 0x5618, 0x0883, 0x0001, 0x21C8, 0x5618, 0x5F9E, 0x56FB, 0x3C10, 0x0021, 0x0022,
  0x0883, 0x4D35, 0x4DD7, 0x4CD3, 0x0001, 0x10E5, 0x5596, 0x4DB7, 0x3C31, 0x0002, 0x0001, 0x3BD0,
  0x6FFF, 0x66FC, 0x0042, 0x0043, 0x0063, 0x122A, 0x336E, 0x434E, 0x3B6E, 0x3B2D, 0x434E, 0x54D4,
  0x5576, 0x55F8, 0x5EFB, 0x569B, 0x4DF8, 0x4E9A, 0x4E7A, 0x569A, 0x56DB, 0x573C, 0x4F9E, 0x5FDF,
  0x5FFF, 0x5FFF, 0x5FFF, 0x5FDF, 0x5FFF, 0x5FFF, 0x5FFF, 0x67FF, 0x6FFF, 0x6FFF, 0x6FFF, 0x6FFF,
  0x87BE, 0x2A4A, 0x0000, 0x1967, 0x675D, 0x47FF, 0x47FF, 0x5F7D, 0x1926, 0x0043, 0x0084, 0x00C5,
  0x1188, 0x0968, 0x1168, 0x1188, 0x11A8, 0x19A9, 0x19C9, 0x19E9, 0x21EA, 0x220A, 0x220A, 0x2A2A,
  0x2A2A, 0x2A4B, 0x2A4B, 0x324B, 0x326B, 0x326B, 0x326B, 0x328B, 0x328C, 0x328C, 0x328C, 0x3A8C,
  0x3ACD, 0x3AAD, 0x3AAD, 0x3AAC, 0x3AAC, 0x3AAC, 0x3AAC, 0x3AAC, 0x328C, 0x328C, 0x328C, 0x326B,
  0x326B, 0x2A6B, 0x2A4B, 0x2A4B, 0x2A2B, 0x222A, 0x220A, 0x21EA, 0x19E9, 0x19C9, 0x19C9, 0x19A9,
  0x11A9, 0x11A9, 0x00C5, 0x00E5, 0x0043, 0x32AB, 0x6FDF, 0x4FDF, 0x4FFF, 0x679E, 0x222A, 0x0001,
  0x328B, 0x8FDF, 0x7FFF, 0x7FFF, 0x7FFF, 0x7FFF, 0x7FFF, 0x7FFF, 0x77FF, 0x7FFF, 0x7FFF, 0x7FFF,
  0x7FFF, 0x7FFF, 0x7FFF, 0x7FFF, 0x7FFF, 0x77FF, 0x77FF, 0x7FFF, 0x77FF, 0x6FFF, 0x77FF, 0x77FF,
  0x77FF, 0x77FF, 0x6FFF, 0x6FFF, 0x6FFF, 0x6FFF, 0x6FFF, 0x6FFF, 0x67FF, 0x67FF, 0x6FFF, 0x67FF,
  0x67FF, 0x6FFF, 0x67FF, 0x6FFF, 0x6FFF, 0x6FFF, 0x6FFF, 0x77FF, 0x6FBE, 0x6FFF, 0x66FC, 0x65F8,
  0x6DB7, 0x6576, 0x5CF4, 0x5D35, 0x6555, 0x4451, 0x0926, 0x0001, 0x08A4, 0x224A, 0x2AAB, 0x10E5,
  0x0022, 0x08C5, 0x1105, 0x10E5, 0x10C5, 0x10C4, 0x0063, 0x10E5, 0x1105, 0x08C4, 0x08C4, 0x08A4,
  0x0883, 0x08C4, 0x1105, 0x0063, 0x0043, 0x0083, 0x1146, 0x1146, 0x08C4, 0x1105, 0x10E5, 0x0043,
  0x0022, 0x0883, 0x10E5, 0x08A4, 0x0043, 0x0043, 0x0043, 0x0083, 0x10E5, 0x1105, 0x0083, 0x0043,
  0x0884, 0x10E5, 0x08A4, 0x0063, 0x0043, 0x0043, 0x0043, 0x0043, 0x08A4, 0x08C4, 0x0063, 0x0043,
  0x0022, 0x0063, 0x0063, 0x0043, 0x0043, 0x0002, 0x0002, 0x0883, 0x0063, 0x0001, 0x0043, 0x0043,
  0x0043, 0x0001, 0x0001, 0x0001, 0x0043, 0x0022, 0x0001, 0x0001, 0x0002, 0x0063, 0x0043, 0x0002,
  0x11A8, 0x1167, 0x0022, 0x0043, 0x0968, 0x0946, 0x0967, 0x226B, 0x230D, 0x5514, 0x5596, 0x5EBB,
  0x5F7E, 0x67FF, 0x67FF, 0x67FF, 0x5FFF, 0x5FFF, 0x5FFF, 0x5FFF, 0x57FF, 0x5FFF, 0x4FBE, 0x57DE,
  0x57DF, 0x5FDF, 0x57FF, 0x4FDE, 0x57DF, 0x4FDF, 0x5FFF, 0x67FF, 0x6FFF, 0x77FF, 0x6FFF, 0x87BE,
  0x3249, 0x0000, 0x1926, 0x66FB, 0x4FFF, 0x47FF, 0x5FBE, 0x2209, 0x0022, 0x0084, 0x00C5, 0x0988,
  0x1168, 0x1188, 0x1188, 0x11A9, 0x19A9, 0x19C9, 0x19E9, 0x21EA, 0x220A, 0x222A, 0x2A2A, 0x2A4B,
  0x2A4B, 0x2A4B, 0x326B, 0x326B, 0x326B, 0x328C, 0x328C, 0x3A8C, 0x3A8C, 0x3AAC, 0x3AAC, 0x3AAC,
  0x3ACD, 0x3ACD, 0x3ACD, 0x3ACD, 0x3ACD, 0x3ACD, 0x3ACD, 0x3ACC, 0x3AAC, 0x3AAC, 0x32AC, 0x328C,
  0x328C, 0x326C, 0x2A6B, 0x2A4B, 0x2A4B, 0x2A2A, 0x222A, 0x220A, 0x21EA, 0x19E9, 0x19C9, 0x19C9,
  0x11A9, 0x11C9, 0x11A8, 0x00A5, 0x00E6, 0x0023, 0x3B0D, 0x67FF, 0x4FDF, 0x57FF, 0x677D, 0x222A,
  0x0001, 0x32AB, 0x8FDF, 0x7FFF, 0x7FFF, 0x7FFF, 0x7FFF, 0x7FFF, 0x7FFF, 0x7FFF, 0x7FFF, 0x7FFF,
  0x7FFF, 0x7FFF, 0x7FFF, 0x7FFF, 0x7FFF, 0x7FFF, 0x7FFF, 0x7FFF, 0x7FFF, 0x7FFF, 0x77FF, 0x77FF,
  0x77FF, 0x77FF, 0x77FF, 0x77FF, 0x6FFF, 0x6FFF, 0x6FFF, 0x6FFF, 0x6FFF, 0x6FFF, 0x67FF, 0x67FF,
  0x67FF, 0x67FF, 0x67FF, 0x6FFF, 0x6FFF, 0x6FFF, 0x6FFF, 0x77FF, 0x6FFF, 0x67FF, 0x6F9E, 0x5E9A,
  0x4493, 0x2AED, 0x2ACC, 0x0905, 0x0000, 0x0863, 0x226B, 0x1167, 0x0022, 0x0001, 0x0000, 0x0000,
  0x0001, 0x0000, 0x0000, 0x0000, 0x0000, 0x0001, 0x0001, 0x0001, 0x0001, 0x0001, 0x0001, 0x0001,
  0x0001, 0x0001, 0x0001, 0x0001, 0x0002, 0x0001, 0x0001, 0x0001, 0x0001, 0x0001, 0x0001, 0x0001,
  0x0001, 0x0001, 0x0001, 0x0001, 0x0001, 0x0001, 0x0001, 0x0001, 0x0001, 0x0001, 0x0001, 0x0001,
  0x0001, 0x0001, 0x0001, 0x0001, 0x0001, 0x0001, 0x0001, 0x0001, 0x0001, 0x0000, 0x0001, 0x0001,
  0x0001, 0x0001, 0x0001, 0x0001, 0x0001, 0x0001, 0x0001, 0x0000, 0x0001, 0x0001, 0x0000, 0x0000,
  0x0000, 0x0000, 0x0001, 0x0001, 0x0000, 0x0000, 0x0001, 0x0001, 0x0001, 0x0000, 0x0001, 0x0001,
  0x0000, 0x0000, 0x0022, 0x0084, 0x1187, 0x332E, 0x224B, 0x226B, 0x334E, 0x4535, 0x5619, 0x67FF,
  0x6FFF, 0x67DF, 0x67FF, 0x5FFF, 0x5FFF, 0x67FF, 0x5FFF, 0x5FFF, 0x5FFF, 0x5FFF, 0x4FDF, 0x57DF,
  0x57DE, 0x57DE, 0x4FDE, 0x47BE, 0x57DF, 0x57FF, 0x5FFF, 0x67FF, 0x6FFF, 0x6FFF, 0x87BE, 0x326A,
  0x0000, 0x10E5, 0x5EBB, 0x4FFF, 0x47DF, 0x5FDF, 0x2A4A, 0x0002, 0x00A4, 0x0084, 0x0988, 0x1188,
  0x1188, 0x1188, 0x11A8, 0x19C9, 0x19C9, 0x21E9, 0x21EA, 0x220A, 0x220A, 0x2A2B, 0x2A4B, 0x2A4B,
  0x326B, 0x326B, 0x326B, 0x328C, 0x3A8C, 0x3A8C, 0x3AAC, 0x3AAC, 0x3AAC, 0x3AAC, 0x3ACC, 0x3ACD,
  0x42ED, 0x42ED, 0x42ED, 0x42ED, 0x42ED, 0x42CD, 0x42CD, 0x3ACD, 0x3ACD, 0x3ACD, 0x3AAC, 0x3AAC,
  0x328C, 0x328C, 0x326C, 0x326B, 0x2A4B, 0x2A4B, 0x2A2A, 0x222A, 0x220A, 0x220A, 0x19E9, 0x19C9,
  0x19C9, 0x19A9, 0x11C9, 0x1188, 0x00A5, 0x00E6, 0x0002, 0x43F0, 0x67FF, 0x4FDF, 0x57FF, 0x6F7D,
  0x2A2A, 0x0001, 0x328B, 0x8F9E, 0x87FF, 0x7FDF, 0x7FFF, 0x7FFF, 0x7FFF, 0x7FFF, 0x7FFF, 0x7FFF,
  0x7FFF, 0x7FFF, 0x7FFF, 0x7FFF, 0x7FFF, 0x7FDF, 0x7FDF, 0x77FF, 0x7FFF, 0x7FDF, 0x7FFF, 0x77FF,
  0x77DF, 0x77DF, 0x77FF, 0x77FF, 0x6FDF, 0x6FDF, 0x77DF, 0x6FDF, 0x6FDF, 0x67DF, 0x67DF, 0x5FDF,
  0x67DF, 0x6FDF, 0x6FDF, 0x6FDF, 0x77DF, 0x77DF, 0x6FDF, 0x77DF, 0x6FDF, 0x6FDF, 0x6FFF, 0x6FFF,
  0x77FF, 0x6FFF, 0x6FBE, 0x6F1C, 0x5E18, 0x5E59, 0x66DB, 0x66FC, 0x5EBB, 0x5659, 0x4D96, 0x3C31,
  0x332E, 0x2AEC, 0x2AEC, 0x2AAC, 0x2A8B, 0x224A, 0x21E9, 0x21E9, 0x21E8, 0x21E8, 0x19E8, 0x21C8,
  0x19C8, 0x21C8, 0x21C8, 0x19C8, 0x19C8, 0x19A8, 0x19C8, 0x19C8, 0x19C8, 0x19A8, 0x19C8, 0x19C8,
  0x19C8, 0x19C8, 0x21C8, 0x19C8, 0x21C8, 0x19C8, 0x19C8, 0x19C8, 0x19E8, 0x21E8, 0x21E8, 0x21C8,
  0x21E8, 0x21E9, 0x1A09, 0x2209, 0x2209, 0x21E9, 0x2209, 0x21E9, 0x224A, 0x226B, 0x224A, 0x224A,
  0x224A, 0x2209, 0x222A, 0x222A, 0x224B, 0x2A8B, 0x224B, 0x2A8B, 0x2AED, 0x334E, 0x334E, 0x334E,
  0x336E, 0x338E, 0x338F, 0x33AF, 0x3BAF, 0x3BD0, 0x4452, 0x4493, 0x44B3, 0x44F4, 0x4D55, 0x4D55,
  0x55B7, 0x5619, 0x5659, 0x5EDB, 0x5F1C, 0x5FDF, 0x67DF, 0x67DE, 0x5FBE, 0x57DF, 0x5FDF, 0x5FDF,
  0x67DF, 0x67FF, 0x5FDF, 0x5FDF, 0x57DF, 0x5FDF, 0x5FDF, 0x57DF, 0x67DF, 0x57DF, 0x4FDE, 0x4FDE,
  0x5FDF, 0x5FDE, 0x57BE, 0x4FBE, 0x57DE, 0x57DE, 0x5FFF, 0x6FDF, 0x77FF, 0x879E, 0x2A2A, 0x0001,
  0x10E5, 0x5E9A, 0x4FFF, 0x47DF, 0x57FF, 0x2AAC, 0x0001, 0x00A4, 0x0084, 0x0968, 0x1188, 0x1188,
  0x1188, 0x11A8, 0x19A9, 0x19C9, 0x21EA, 0x21EA, 0x220A, 0x222A, 0x2A2A, 0x2A4B, 0x2A4B, 0x326B,
  0x326B, 0x328C, 0x3A8C, 0x3AAC, 0x3AAC, 0x3AAC, 0x3AAC, 0x3ACD, 0x3ACD, 0x42CD, 0x42CD, 0x42ED,
  0x430E, 0x430E, 0x42ED, 0x42ED, 0x430E, 0x42ED, 0x42ED, 0x42ED, 0x42ED, 0x3ACD, 0x3ACD, 0x3ACD,
  0x3AAC, 0x3AAC, 0x328C, 0x328C, 0x326C, 0x2A4B, 0x2A4B, 0x2A2B, 0x222A, 0x220A, 0x220A, 0x19E9,
  0x19E9, 0x19C9, 0x19A9, 0x19E9, 0x1147, 0x00A5, 0x00E6, 0x0022, 0x4C31, 0x67FF, 0x4FDF, 0x57FF,
  0x6F7E, 0x2A2A, 0x0002, 0x21E9, 0x871C, 0x87FF, 0x87FF, 0x87FF, 0x87FF, 0x87FF, 0x87FF, 0x8FFF,
  0x8FFF, 0x8FFF, 0x8FFF, 0x87FF, 0x87FF, 0x87FF, 0x87FF, 0x87FF, 0x87FF, 0x87FF, 0x87FF, 0x87FF,
  0x7FFF, 0x7FFF, 0x87FF, 0x7FFF, 0x7FFF, 0x7FFF, 0x7FFF, 0x77FF, 0x77FF, 0x77FF, 0x7FFF, 0x77FF,
  0x7FFF, 0x7FFF, 0x7FFF, 0x77FF, 0x77FF, 0x77FF, 0x7FFF, 0x77FF, 0x77FF, 0x77FF, 0x6FFF, 0x6FFF,
  0x67FF, 0x67FF, 0x67FF, 0x6FFF, 0x6FFF, 0x6FFF, 0x67FF, 0x5FFF, 0x5FFF, 0x5FFF, 0x5FFF, 0x67FF,
  0x67FF, 0x6FFF, 0x6FFF, 0x6FFF, 0x67FF, 0x67FF, 0x67FF, 0x67FF, 0x67FF, 0x67FF, 0x67FF, 0x67FF,
  0x67FF, 0x67FF, 0x67FF, 0x67FF, 0x67FF, 0x67FF, 0x67FF, 0x67FF, 0x67FF, 0x5FFF, 0x67FF, 0x67FF,
  0x5FFF, 0x5FFF, 0x5FFF, 0x5FFF, 0x5FFF, 0x5FFF, 0x5FFF, 0x5FFF, 0x5FFF, 0x5FFF, 0x5FFF, 0x5FFF,
  0x5FFF, 0x5FFF, 0x57FF, 0x57FF, 0x5FFF, 0x5FFF, 0x5FFF, 0x5FFF, 0x5FFF, 0x5FFF, 0x67FF, 0x5FFF,
  0x67FF, 0x67FF, 0x67FF, 0x5FFF, 0x5FFF, 0x5FFF, 0x5FFF, 0x5FFF, 0x5FFF, 0x5FFF, 0x5FFF, 0x5FFF,
  0x5FFF, 0x5FFF, 0x5FFF, 0x67FF, 0x67FF, 0x67FF, 0x67FF, 0x5FFF, 0x5FFF, 0x5FFF, 0x67FF, 0x5FFF,
  0x5FFF, 0x5FFF, 0x5FFF, 0x5FFF, 0x5FFF, 0x57FF, 0x5FFF, 0x5FFF, 0x5FFF, 0x5FFF, 0x5FFF, 0x67FF,
  0x5FFF, 0x67FF, 0x67FF, 0x67FF, 0x67FF, 0x67FF, 0x6FFF, 0x67FF, 0x67FF, 0x67FF, 0x67FF, 0x67FF,
  0x67FF, 0x67FF, 0x67FF, 0x5FFF, 0x6FFF, 0x77FF, 0x77FF, 0x6FFF, 0x779E, 0x2A29, 0x0001, 0x1926,
  0x5E9A, 0x57FF, 0x47DF, 0x5FFF, 0x3BAF, 0x0001, 0x00C5, 0x0084, 0x0947, 0x1188, 0x1188, 0x1188,
  0x19A9, 0x19C9, 0x19C9, 0x21EA, 0x220A, 0x220A, 0x2A2A, 0x2A2B, 0x2A4B, 0x324B, 0x326B, 0x328C,
  0x328C, 0x3A8C, 0x3AAC, 0x3AAC, 0x3AAD, 0x42CD, 0x42CD, 0x42CD, 0x42ED, 0x42ED, 0x42ED, 0x42ED,
  0x430E, 0x430E, 0x430E, 0x430E, 0x430E, 0x430E, 0x430E, 0x430E, 0x42ED, 0x42ED, 0x42CD, 0x3ACD,
  0x3ACD, 0x3AAD, 0x3AAC, 0x32AC, 0x328C, 0x326C, 0x2A6B, 0x2A4B, 0x2A4B, 0x222A, 0x220A, 0x220A,
  0x19EA, 0x19E9, 0x19C9, 0x19A9, 0x11C9, 0x0947, 0x00A5, 0x00E6, 0x0002, 0x4C31, 0x67FF, 0x4FDF,
  0x57FF, 0x6F9E, 0x2A2A, 0x0002, 0x19A8, 0x6D97, 0x6596, 0x6D76, 0x6D96, 0x6D76, 0x6D76, 0x6D76,
  0x6D76, 0x6D76, 0x6D56, 0x6D76, 0x6D56, 0x6D55, 0x6D55, 0x6D55, 0x6D55, 0x6D55, 0x6555, 0x6555,
  0x6555, 0x6555, 0x6555, 0x6555, 0x6555, 0x6555, 0x6555, 0x6555, 0x6555, 0x6555, 0x6555, 0x6555,
  0x6555, 0x6555, 0x6555, 0x6555, 0x6555, 0x6555, 0x6555, 0x6555, 0x6555, 0x6555, 0x5D55, 0x5D55,
  0x5D55, 0x5D35, 0x5D55, 0x5D35, 0x5535, 0x5535, 0x5555, 0x5555, 0x5535, 0x5535, 0x5535, 0x4D34,
  0x4D34, 0x4D34, 0x4D14, 0x4D15, 0x4D15, 0x4D35, 0x4D35, 0x4D35, 0x4535, 0x4D35, 0x4D35, 0x4D35,
  0x4535, 0x4514, 0x4535, 0x4535, 0x4535, 0x4535, 0x4535, 0x4535, 0x4D35, 0x4535, 0x4535, 0x4534,
  0x4535, 0x4535, 0x4535, 0x4535, 0x4535, 0x4535, 0x4535, 0x4535, 0x4535, 0x4535, 0x4535, 0x4535,
  0x4D34, 0x4535, 0x4535, 0x4534, 0x4514, 0x3D14, 0x4514, 0x4535, 0x4514, 0x4514, 0x4514, 0x4514,
  0x4514, 0x4514, 0x4514, 0x4514, 0x4514, 0x4514, 0x4514, 0x4514, 0x4514, 0x4514, 0x44F4, 0x44F4,
  0x44F4, 0x44F4, 0x4514, 0x4D14, 0x4D14, 0x4514, 0x4D14, 0x4514, 0x4D14, 0x4D14, 0x4D14, 0x4D14,
  0x4D14, 0x4D14, 0x4D14, 0x4D14, 0x4D14, 0x4D35, 0x4D35, 0x4D35, 0x4D35, 0x5535, 0x5535, 0x5535,
  0x5535, 0x4D35, 0x5535, 0x5535, 0x5535, 0x5535, 0x5535, 0x5535, 0x5535, 0x5535, 0x5535, 0x5535,
  0x5535, 0x5535, 0x5535, 0x5535, 0x5535, 0x5555, 0x5556, 0x5D56, 0x2209, 0x0000, 0x1946, 0x5EDB,
  0x4FFF, 0x47DF, 0x5FFF, 0x43CF, 0x0001, 0x00A5, 0x0084, 0x0947, 0x1189, 0x1168, 0x1188, 0x19A9,
  0x19C9, 0x19C9, 0x21E9, 0x220A, 0x222A, 0x2A2A, 0x2A2B, 0x2A4B, 0x326B, 0x326C, 0x328C, 0x3A8C,
  0x3AAC, 0x3AAC, 0x3ACD, 0x3ACD, 0x42CD, 0x42ED, 0x42ED, 0x42ED, 0x42ED, 0x430E, 0x430D, 0x430E,
  0x4B2E, 0x4B2E, 0x4B2E, 0x4B2E, 0x4B2E, 0x4B2E, 0x4B0E, 0x430E, 0x430E, 0x430E, 0x42ED, 0x42ED,
  0x3ACD, 0x3ACD, 0x3ACD, 0x3AAC, 0x32AC, 0x328C, 0x328C, 0x2A6B, 0x2A4B, 0x2A4B, 0x2A2B, 0x222A,
  0x220A, 0x21EA, 0x19E9, 0x19C9, 0x19A9, 0x19E9, 0x0927, 0x00A5, 0x0106, 0x0023, 0x4C31, 0x67FF,
  0x4FDF, 0x57FF, 0x6F9E, 0x2A4A, 0x0003, 0x00A5, 0x21A9, 0x1968, 0x1148, 0x1148, 0x1127, 0x1127,
  0x1127, 0x1107, 0x1107, 0x1107, 0x1107, 0x0907, 0x08E6, 0x08E6, 0x08E6, 0x08E6, 0x08C6, 0x08C5,
  0x08A5, 0x00A5, 0x00A5, 0x00A5, 0x00A5, 0x0085, 0x0084, 0x0084, 0x0084, 0x0064, 0x0084, 0x0064,
  0x0064, 0x0064, 0x0064, 0x0064, 0x0064, 0x0043, 0x0043, 0x0043, 0x0023, 0x0023, 0x0023, 0x0023,
  0x0023, 0x0002, 0x0023, 0x0023, 0x0002, 0x0002, 0x0023, 0x0023, 0x0002, 0x0002, 0x0002, 0x0002,
  0x0002, 0x0002, 0x0002, 0x0002, 0x0002, 0x0002, 0x0002, 0x0002, 0x0002, 0x0002, 0x0002, 0x0002,
  0x0002, 0x0001, 0x0001, 0x0001, 0x0001, 0x0001, 0x0001, 0x0001, 0x0001, 0x0001, 0x0001, 0x0001,
  0x0001, 0x0001, 0x0001, 0x0001, 0x0001, 0x0001, 0x0001, 0x0001, 0x0001, 0x0001, 0x0001, 0x0001,
  0x0001, 0x0001, 0x0001, 0x0001, 0x0001, 0x0001, 0x0001, 0x0001, 0x0001, 0x0001, 0x0000, 0x0000,
  0x0001, 0x0001, 0x0001, 0x0001, 0x0001, 0x0001, 0x0001, 0x0001, 0x0001, 0x0001, 0x0001, 0x0001,
  0x0001, 0x0001, 0x0001, 0x0001, 0x0001, 0x0001, 0x0001, 0x0001, 0x0001, 0x0001, 0x0001, 0x0001,
  0x0001, 0x0001, 0x0001, 0x0000, 0x0001, 0x0001, 0x0001, 0x0001, 0x0001, 0x0000, 0x0001, 0x0001,
  0x0001, 0x0001, 0x0001, 0x0001, 0x0001, 0x0001, 0x0001, 0x0001, 0x0001, 0x0001, 0x0001, 0x0001,
  0x0001, 0x0002, 0x0002, 0x0043, 0x0064, 0x00A5, 0x0907, 0x0063, 0x0001, 0x2187, 0x671C, 0x4FFF,
  0x47DF, 0x5FFF, 0x43CF, 0x0002, 0x00C5, 0x0084, 0x0906, 0x1188, 0x1188, 0x1188, 0x19A9, 0x19C9,
  0x19C9, 0x21EA, 0x21EA, 0x220A, 0x2A2A, 0x2A4B, 0x2A4B, 0x326B, 0x328C, 0x328C, 0x3A8C, 0x3AAC,
  0x3AAD, 0x3ACD, 0x42CD, 0x42ED, 0x42ED, 0x42ED, 0x430D, 0x4B0D, 0x4B0E, 0x4B0E, 0x4B0E, 0x4B0E,
  0x4B2E, 0x4B2E, 0x4B2E, 0x4B2E, 0x4B2E, 0x4B2E, 0x4B2E, 0x4B2E, 0x4B0E, 0x430E, 0x430E, 0x42ED,
  0x42ED, 0x42ED, 0x3ACD, 0x3ACD, 0x3AAD, 0x3AAC, 0x328C, 0x328C, 0x326B, 0x2A6B, 0x2A4B, 0x2A2B,
  0x222A, 0x220A, 0x21EA, 0x19E9, 0x19C9, 0x19C9, 0x19E9, 0x0927, 0x00C5, 0x00E6, 0x0023, 0x4C31,
  0x67FF, 0x4FDF, 0x57FF, 0x6FBE, 0x32AC, 0x0043, 0x1168, 0x2A6C, 0x222C, 0x220B, 0x222B, 0x220B,
  0x220B, 0x2A2C, 0x222B, 0x222B, 0x222B, 0x222B, 0x220B, 0x220B, 0x220B, 0x220B, 0x220B, 0x220B,
  0x19EA, 0x19EA, 0x19EB, 0x19EB, 0x19EA, 0x19CA, 0x19CA, 0x19AA, 0x1189, 0x11A9, 0x11A9, 0x11A9,
  0x11AA, 0x19AA, 0x19AA, 0x11A9, 0x11A9, 0x1189, 0x1189, 0x19AA, 0x11AA, 0x11A9, 0x1189, 0x1168,
  0x1189, 0x19CA, 0x19CA, 0x19CA, 0x19CA, 0x19CA, 0x19CA, 0x19CA, 0x19CA, 0x11AA, 0x11AA, 0x11A9,
  0x1189, 0x1189, 0x1189, 0x0968, 0x0948, 0x0948, 0x0927, 0x0927, 0x0907, 0x00E6, 0x00E6, 0x00E6,
  0x00C6, 0x00C6, 0x00C6, 0x00C5, 0x00C5, 0x00A5, 0x00A5, 0x00A5, 0x00A5, 0x00A5, 0x00A5, 0x00A5,
  0x0085, 0x0084, 0x00C5, 0x00A5, 0x00A5, 0x00A5, 0x00C5, 0x00A5, 0x00A5, 0x00A5, 0x00A5, 0x00C5,
  0x00A5, 0x0084, 0x00A5, 0x0084, 0x0084, 0x00A5, 0x00A5, 0x00A5, 0x00A5, 0x00C5, 0x00C5, 0x00C5,
  0x00A5, 0x00A5, 0x00A5, 0x00A5, 0x00C5, 0x00C5, 0x00A5, 0x00C5, 0x00A5, 0x00A5, 0x00A5, 0x00C5,
  0x00C5, 0x00A5, 0x0085, 0x00A5, 0x00A5, 0x00A5, 0x00A5, 0x00A5, 0x00A5, 0x0084, 0x0084, 0x0084,
  0x0084, 0x0084, 0x0084, 0x00A5, 0x0084, 0x00A4, 0x0084, 0x0084, 0x0084, 0x0084, 0x0084, 0x0084,
  0x0084, 0x0084, 0x00A5, 0x00A5, 0x00A5, 0x00A5, 0x00C5, 0x00A5, 0x00A5, 0x00A5, 0x00A5, 0x08C5,
  0x08C5, 0x08E6, 0x0906, 0x0907, 0x1168, 0x1189, 0x00C4, 0x0002, 0x2A2A, 0x5F5D, 0x47FF, 0x47DF,
  0x5FFF, 0x3BAF, 0x0002, 0x00C5, 0x0084, 0x0906, 0x1189, 0x1188, 0x1188, 0x19A9, 0x19C9, 0x19C9,
  0x21EA, 0x21EA, 0x220A, 0x2A2A, 0x2A4B, 0x2A4B, 0x326B, 0x328C, 0x328C, 0x3AAC, 0x3AAC, 0x3ACD,
  0x42CD, 0x42ED, 0x42ED, 0x42ED, 0x430D, 0x4B0E, 0x4B0E, 0x4B0E, 0x4B0E, 0x4B2E, 0x4B2E, 0x4B2E,
  0x4B4F, 0x4B4F, 0x4B4F, 0x4B4F, 0x4B4F, 0x4B4E, 0x4B2E, 0x4B2E, 0x4B2E, 0x4B2E, 0x4B0E, 0x430E,
  0x430E, 0x42ED, 0x42ED, 0x42ED, 0x3ACD, 0x3AAD, 0x3AAC, 0x328C, 0x328C, 0x326C, 0x2A6B, 0x2A4B,
  0x2A2B, 0x222A, 0x220A, 0x220A, 0x19E9, 0x19C9, 0x19C9, 0x19E9, 0x0927, 0x00C5, 0x0106, 0x0023,
  0x43F0, 0x67FF, 0x4FFF, 0x4FFF, 0x67FF, 0x3B4E, 0x0002, 0x0906, 0x2A4C, 0x2A4C, 0x21EB, 0x2A2B,
  0x2A2C, 0x2A4C, 0x2A4C, 0x2A4C, 0x2A2B, 0x2A2B, 0x220B, 0x21EA, 0x19EA, 0x1189, 0x1168, 0x1189,
  0x19A9, 0x1189, 0x1168, 0x1189, 0x19A9, 0x19A9, 0x19AA, 0x220B, 0x220B, 0x21EB, 0x21EA, 0x21EB,
  0x21EB, 0x220B, 0x222B, 0x220B, 0x19EA, 0x19EA, 0x19EA, 0x1189, 0x1189, 0x19CA, 0x19EA, 0x220B,
  0x19EA, 0x1189, 0x1189, 0x19A9, 0x1189, 0x1168, 0x1168, 0x1148, 0x1189, 0x1168, 0x0927, 0x0907,
  0x0907, 0x0927, 0x0927, 0x0907, 0x0906, 0x0906, 0x0907, 0x00E6, 0x00E6, 0x00C6, 0x00C6, 0x00C6,
  0x00C6, 0x00C6, 0x00C6, 0x00C6, 0x00C5, 0x00C5, 0x00C5, 0x00C5, 0x00C6, 0x00C6, 0x00C6, 0x00E6,
  0x0907, 0x1169, 0x11AA, 0x0927, 0x0907, 0x0907, 0x0928, 0x0927, 0x0927, 0x0948, 0x1189, 0x1148,
  0x1168, 0x19EB, 0x11A9, 0x1189, 0x1189, 0x1189, 0x1189, 0x1169, 0x1189, 0x11A9, 0x11AA, 0x11AA,
  0x11A9, 0x11A9, 0x1169, 0x1169, 0x1189, 0x1189, 0x11AA, 0x11A9, 0x1189, 0x1189, 0x11A9, 0x1189,
  0x11A9, 0x11AA, 0x11A9, 0x1189, 0x1169, 0x1169, 0x1189, 0x11A9, 0x11AA, 0x1189, 0x1189, 0x11AA,
  0x1189, 0x1189, 0x1189, 0x1189, 0x1189, 0x1189, 0x1189, 0x1169, 0x1189, 0x1189, 0x1169, 0x1168,
  0x1189, 0x1189, 0x11A9, 0x11A9, 0x11A9, 0x19CA, 0x19CA, 0x11A9, 0x1189, 0x1169, 0x1168, 0x1169,
  0x19CA, 0x19AA, 0x19A9, 0x19EB, 0x1989, 0x0084, 0x0001, 0x3B0D, 0x67DF, 0x47FF, 0x47DF, 0x5FFF,
  0x3BAF, 0x0002, 0x00C5, 0x0084, 0x08E6, 0x11A9, 0x1188, 0x1188, 0x19A9, 0x19C9, 0x19C9, 0x21E9,
  0x220A, 0x220A, 0x2A2A, 0x2A4B, 0x2A6B, 0x326C, 0x328C, 0x3A8C, 0x3AAC, 0x3AAC, 0x3ACD, 0x42CD,
  0x42ED, 0x42ED, 0x430D, 0x4B0E, 0x4B0E, 0x4B2E, 0x4B2E, 0x4B2E, 0x4B2E, 0x4B4E, 0x4B4E, 0x534E,
  0x534F, 0x534F, 0x534F, 0x534F, 0x536F, 0x534F, 0x4B4F, 0x4B4F, 0x4B4E, 0x4B2E, 0x4B2E, 0x4B2E,
  0x4B0E, 0x430E, 0x430E, 0x42ED, 0x42ED, 0x3ACD, 0x3ACD, 0x3AAC, 0x32AC, 0x328C, 0x326C, 0x326B,
  0x2A4B, 0x2A2B, 0x222A, 0x220A, 0x21EA, 0x19E9, 0x19C9, 0x19C9, 0x19EA, 0x0926, 0x00C5, 0x00E6,
  0x0023, 0x3B0D, 0x6FFF, 0x4FFF, 0x4FDF, 0x67FF, 0x4411, 0x0023, 0x0085, 0x220A, 0x2A6C, 0x220B,
  0x220B, 0x220B, 0x2A2C, 0x2A2C, 0x222B, 0x220B, 0x21EA, 0x19A9, 0x1148, 0x0906, 0x00E6, 0x00C6,
  0x00C6, 0x00E6, 0x00C6, 0x00E6, 0x1168, 0x0927, 0x0907, 0x0927, 0x1168, 0x19CA, 0x220B, 0x19EA,
  0x21EA, 0x21EB, 0x1189, 0x08E6, 0x00C6, 0x08E6, 0x08E6, 0x00C6, 0x00C6, 0x0907, 0x1148, 0x1168,
  0x0927, 0x00E6, 0x00A5, 0x00A5, 0x00A5, 0x00A5, 0x00A5, 0x00A5, 0x00A5, 0x00A5, 0x00A5, 0x00A5,
  0x00A5, 0x00A5, 0x00A5, 0x00A5, 0x00A5, 0x00A5, 0x00A5, 0x00A5, 0x0085, 0x0085, 0x0085, 0x0085,
  0x00A5, 0x00A5, 0x00A5, 0x00A5, 0x00A5, 0x00A5, 0x0085, 0x0085, 0x00A5, 0x00A5, 0x00C5, 0x00A5,
  0x08E6, 0x1148, 0x08E6, 0x00C6, 0x00A5, 0x00A5, 0x00A5, 0x0084, 0x0084, 0x00A5, 0x00C5, 0x00A5,
  0x08E6, 0x1148, 0x1148, 0x1168, 0x0927, 0x0927, 0x1168, 0x1148, 0x08E6, 0x0084, 0x08C6, 0x1168,
  0x0927, 0x0907, 0x0927, 0x0907, 0x08E6, 0x08C6, 0x0927, 0x0907, 0x00C6, 0x00C5, 0x00E6, 0x00C6,
  0x08C6, 0x0927, 0x0927, 0x0906, 0x08E6, 0x08E6, 0x0906, 0x0927, 0x0906, 0x1169, 0x19A9, 0x1148,
  0x1148, 0x0927, 0x0907, 0x0907, 0x08E6, 0x08E6, 0x0907, 0x1148, 0x0927, 0x1148, 0x1189, 0x19AA,
  0x1189, 0x11AA, 0x1189, 0x1189, 0x1189, 0x19CA, 0x19AA, 0x19AA, 0x1148, 0x0084, 0x00A5, 0x0084,
  0x0064, 0x0927, 0x222C, 0x1147, 0x0022, 0x0001, 0x4431, 0x5FFF, 0x47FF, 0x47FF, 0x5FFF, 0x3B2E,
  0x0002, 0x00C5, 0x0084, 0x0906, 0x11A9, 0x1188, 0x1188, 0x11A9, 0x19C9, 0x19C9, 0x21EA, 0x220A,
  0x220A, 0x2A2A, 0x2A4B, 0x326B, 0x326B, 0x328C, 0x3AAC, 0x3AAC, 0x3ACD, 0x42CD, 0x42ED, 0x42ED,
  0x42ED, 0x430E, 0x4B0E, 0x4B2E, 0x4B2E, 0x4B4E, 0x534E, 0x534E, 0x534F, 0x534F, 0x534F, 0x534F,
  0x536F, 0x536F, 0x536F, 0x536F, 0x536F, 0x536F, 0x536F, 0x536F, 0x534F, 0x534F, 0x4B4F, 0x4B4F,
  0x4B4E, 0x4B2E, 0x430E, 0x430E, 0x430E, 0x42ED, 0x42ED, 0x3ACD, 0x3AAD, 0x32AC, 0x328C, 0x328C,
  0x326B, 0x2A4B, 0x2A4B, 0x2A2B, 0x220A, 0x220A, 0x19E9, 0x19C9, 0x19C9, 0x19C9, 0x0927, 0x00C5,
  0x0106, 0x0023, 0x328B, 0x679E, 0x57FF, 0x4FDF, 0x67FF, 0x5535, 0x0884, 0x0043, 0x19A9, 0x328D,
  0x222C, 0x21EA, 0x21EA, 0x220B, 0x21EA, 0x21EA, 0x19CA, 0x1148, 0x0906, 0x0927, 0x08E6, 0x08E6,
  0x00E6, 0x00C6, 0x08E6, 0x0906, 0x00C5, 0x00C6, 0x00E6, 0x00E6, 0x0906, 0x0907, 0x19CA, 0x19EA,
  0x19EA, 0x21EA, 0x0927, 0x00A5, 0x00C5, 0x00C5, 0x00A5, 0x00C5, 0x00C5, 0x00C6, 0x00C6, 0x00A5,
  0x00C5, 0x00C5, 0x00C6, 0x00C6, 0x00C5, 0x00C5, 0x00A5, 0x00C5, 0x00C5, 0x00C5, 0x00C5, 0x00C5,
  0x00C5, 0x00A5, 0x00A5, 0x00A5, 0x00A5, 0x00A5, 0x00A5, 0x00A5, 0x00A5, 0x0085, 0x00A5, 0x00A5,
  0x00A5, 0x00A5, 0x00A5, 0x0085, 0x0085, 0x00A5, 0x0085, 0x0084, 0x0084, 0x0084, 0x0085, 0x00A5,
  0x0084, 0x0064, 0x0085, 0x0085, 0x0085, 0x00A5, 0x00A5, 0x0085, 0x0084, 0x0084, 0x0085, 0x00A5,
  0x0085, 0x0084, 0x0084, 0x0084, 0x0064, 0x0084, 0x0084, 0x0084, 0x0085, 0x0085, 0x0084, 0x0084,
  0x0084, 0x0084, 0x0064, 0x0064, 0x0084, 0x0084, 0x0064, 0x0084, 0x00A5, 0x0084, 0x0084, 0x0084,
  0x0064, 0x0064, 0x0084, 0x0064, 0x0064, 0x0084, 0x0084, 0x0084, 0x0084, 0x0085, 0x00A5, 0x0084,
  0x00A5, 0x0084, 0x0064, 0x0084, 0x0064, 0x0064, 0x0064, 0x0064, 0x0063, 0x0064, 0x00A5, 0x11A9,
  0x1169, 0x0927, 0x00C6, 0x00A5, 0x0064, 0x1168, 0x19AA, 0x1189, 0x08A5, 0x0064, 0x0084, 0x0022,
  0x1147, 0x222B, 0x08E5, 0x0001, 0x0842, 0x4D35, 0x57FF, 0x3FDF, 0x47FF, 0x5F9E, 0x326A, 0x0002,
  0x00C5, 0x0084, 0x0906, 0x11A9, 0x1188, 0x11A9, 0x19A9, 0x19C9, 0x19E9, 0x21EA, 0x220A, 0x222A,
  0x2A2B, 0x2A4B, 0x2A6B, 0x326C, 0x328C, 0x3AAC, 0x3AAD, 0x3ACD, 0x42CD, 0x42ED, 0x42ED, 0x4B0E,
  0x4B0E, 0x4B2E, 0x4B2E, 0x4B4E, 0x534E, 0x534F, 0x534F, 0x536F, 0x536F, 0x536F, 0x536F, 0x536F,
  0x538F, 0x538F, 0x538F, 0x538F, 0x538F, 0x536F, 0x536F, 0x536F, 0x536F, 0x536F, 0x536F, 0x536F,
  0x4B4F, 0x4B4F, 0x4B2E, 0x4B2E, 0x430E, 0x430E, 0x42ED, 0x42ED, 0x3ACD, 0x3AAD, 0x3AAC, 0x328C,
  0x328C, 0x326B, 0x2A4B, 0x2A4B, 0x222A, 0x220A, 0x21EA, 0x19E9, 0x19C9, 0x19C9, 0x19EA, 0x0927,
  0x00A5, 0x0106, 0x0043, 0x21A8, 0x6F3C, 0x5FFF, 0x4FBF, 0x5FFF, 0x6638, 0x1106, 0x0002, 0x0906,
  0x21EA, 0x2A2C, 0x21EA, 0x19CA, 0x21EB, 0x19A9, 0x1169, 0x0927, 0x0907, 0x0927, 0x0907, 0x00E6,
  0x08E6, 0x08E6, 0x08E6, 0x08E6, 0x08E6, 0x00E6, 0x00E6, 0x0906, 0x1148, 0x0907, 0x0907, 0x1148,
  0x0927, 0x0927, 0x00C6, 0x00C5, 0x00A5, 0x00C5, 0x00C5, 0x00A5, 0x00C5, 0x00C5, 0x00C5, 0x00C5,
  0x00C5, 0x00A5, 0x00C5, 0x00C5, 0x00A5, 0x00A5, 0x00A5, 0x00A5, 0x00A5, 0x00A5, 0x00A5, 0x00A5,
  0x00A5, 0x00A5, 0x00A5, 0x00A5, 0x00A5, 0x00A5, 0x00A5, 0x00A5, 0x00A5, 0x00A5, 0x00A5, 0x00A5,
  0x0085, 0x0085, 0x0085, 0x0085, 0x00A5, 0x00A5, 0x0085, 0x0084, 0x0085, 0x0085, 0x00A5, 0x00A5,
  0x00A5, 0x00A5, 0x00A5, 0x00A5, 0x00A5, 0x00A5, 0x00A5, 0x00A5, 0x0085, 0x00A5, 0x00A5, 0x00A5,
  0x00A5, 0x00A5, 0x00A5, 0x0085, 0x00A5, 0x00A5, 0x00A5, 0x00A5, 0x00A5, 0x0085, 0x00A5, 0x00A5,
  0x00A5, 0x0085, 0x0085, 0x0084, 0x0084, 0x0084, 0x0085, 0x0084, 0x00A5, 0x00A5, 0x0084, 0x0085,
  0x0084, 0x0084, 0x0084, 0x0084, 0x0084, 0x0085, 0x0085, 0x0085, 0x00A5, 0x0084, 0x0084, 0x0084,
  0x0084, 0x0085, 0x0084, 0x0084, 0x0085, 0x00A5, 0x0084, 0x0084, 0x0084, 0x0084, 0x0084, 0x08E6,
  0x08E6, 0x0085, 0x0064, 0x0084, 0x0084, 0x0084, 0x1148, 0x1148, 0x0084, 0x0043, 0x0907, 0x2A4C,
  0x2A2B, 0x00A4, 0x0001, 0x1905, 0x4E18, 0x4FFF, 0x3FBE, 0x47FF, 0x5F1C, 0x21A8, 0x0002, 0x00C5,
  0x0084, 0x0906, 0x11A9, 0x1188, 0x19A9, 0x19A9, 0x19C9, 0x19E9, 0x21EA, 0x220A, 0x222A, 0x2A2B,
  0x2A4B, 0x326B, 0x326C, 0x328C, 0x3AAC, 0x3ACD, 0x42CD, 0x42ED, 0x42ED, 0x430E, 0x4B0E, 0x4B2E,
  0x4B2E, 0x4B2E, 0x534E, 0x534F, 0x534F, 0x536F, 0x536F, 0x536F, 0x5B6F, 0x5B6F, 0x5B6F, 0x5B8F,
  0x5B90, 0x5B90, 0x5B90, 0x5B90, 0x5BB0, 0x5B90, 0x5B90, 0x5B90, 0x5390, 0x538F, 0x536F, 0x536F,
  0x536F, 0x534F, 0x4B4F, 0x4B4F, 0x4B2E, 0x4B2E, 0x430E, 0x430E, 0x42ED, 0x3ACD, 0x3ACD, 0x3AAC,
  0x328C, 0x328C, 0x326B, 0x2A4B, 0x2A4B, 0x2A2B, 0x220A, 0x220A, 0x19E9, 0x19C9, 0x19C9, 0x19E9,
  0x0947, 0x00C5, 0x0106, 0x0064, 0x1947, 0x6E9A, 0x5FFF, 0x4FBE, 0x57FF, 0x671C, 0x2A09, 0x0023,
  0x00A5, 0x1988, 0x2A4C, 0x19AA, 0x19CA, 0x19AA, 0x1989, 0x1189, 0x1148, 0x08E6, 0x08E6, 0x08E6,
  0x08E6, 0x08E6, 0x00E6, 0x00C6, 0x00E6, 0x00C6, 0x00C6, 0x00A5, 0x1189, 0x0907, 0x00C5, 0x00C6,
  0x00C5, 0x00C5, 0x00C5, 0x00C5, 0x00A5, 0x00A5, 0x00A5, 0x00C5, 0x00C5, 0x00C5, 0x00C5, 0x00C5,
  0x00C5, 0x00C5, 0x00C5, 0x00C5, 0x00C5, 0x00C5, 0x00C5, 0x00C5, 0x00C5, 0x00A5, 0x00A5, 0x00A5,
  0x00A5, 0x00A5, 0x00A5, 0x00A5, 0x00A5, 0x00A5, 0x00A5, 0x00A5, 0x00A5, 0x00A5, 0x00A5, 0x00A5,
  0x0085, 0x00A5, 0x00A5, 0x00A5, 0x0085, 0x0085, 0x0085, 0x0085, 0x00A5, 0x00A5, 0x00A5, 0x00A5,
  0x00A5, 0x00A5, 0x00A5, 0x00A5, 0x00A5, 0x00A5, 0x00A5, 0x00A5, 0x00A5, 0x00A5, 0x00A5, 0x00A5,
  0x00A5, 0x0085, 0x0085, 0x00A5, 0x00A5, 0x00A5, 0x00A5, 0x00A5, 0x00A5, 0x00A5, 0x00A5, 0x00A5,
  0x00A5, 0x00A5, 0x0084, 0x0084, 0x0085, 0x0085, 0x0084, 0x0084, 0x00A5, 0x00A5, 0x0084, 0x0084,
  0x0085, 0x0085, 0x0084, 0x0085, 0x0085, 0x00A5, 0x00A5, 0x00A5, 0x0085, 0x0084, 0x0084, 0x0084,
  0x0084, 0x0084, 0x0085, 0x00A5, 0x00A5, 0x00A5, 0x00C5, 0x00C5, 0x0085, 0x0084, 0x0084, 0x0084,
  0x00C6, 0x00E6, 0x00A5, 0x0084, 0x0084, 0x0064, 0x0084, 0x0085, 0x0043, 0x1169, 0x2AAD, 0x1988,
  0x0023, 0x0000, 0x2A4A, 0x5F5D, 0x47FF, 0x47BF, 0x4FFF, 0x5679, 0x1105, 0x0022, 0x00C5, 0x0064,
  0x0926, 0x11A9, 0x11A8, 0x19A9, 0x19C9, 0x19C9, 0x19E9, 0x21EA, 0x220A, 0x2A2A, 0x2A2B, 0x2A4B,
  0x326B, 0x326C, 0x328C, 0x3AAC, 0x3AAC, 0x42CD, 0x42ED, 0x430D, 0x4B0E, 0x4B2E, 0x4B2E, 0x4B4E,
  0x534F, 0x534F, 0x534F, 0x536F, 0x536F, 0x5B6F, 0x5B8F, 0x5B8F, 0x5B90, 0x5B90, 0x5B90, 0x5B90,
  0x5BB0, 0x5BB0, 0x5BB0, 0x5BB0, 0x5BB0, 0x5BB0, 0x5BB0, 0x5BB0, 0x5B90, 0x5B90, 0x5B90, 0x538F,
  0x536F, 0x536F, 0x536F, 0x534F, 0x4B4F, 0x4B2E, 0x4B2E, 0x430E, 0x430E, 0x42ED, 0x3ACD, 0x3ACD,
  0x3AAC, 0x328C, 0x328C, 0x326B, 0x2A4B, 0x2A4B, 0x2A2A, 0x220A, 0x220A, 0x21EA, 0x19E9, 0x19C9,
  0x19EA, 0x1147, 0x00C5, 0x0106, 0x0084, 0x08A4, 0x5D96, 0x67FF, 0x4FDF, 0x4FFF, 0x67BE, 0x3B8F,
  0x0043, 0x0064, 0x1127, 0x222B, 0x19CA, 0x0906, 0x00E6, 0x0907, 0x0906, 0x00E6, 0x00E6, 0x00E6,
  0x00E6, 0x00E6, 0x00C6, 0x00C6, 0x00C6, 0x00C6, 0x00C6, 0x00C6, 0x0907, 0x08E6, 0x00C6, 0x00C6,
  0x00C6, 0x00C5, 0x00C5, 0x00A5, 0x00A5, 0x00C5, 0x00C5, 0x00C5, 0x00C5, 0x00C5, 0x00C5, 0x00C5,
  0x00C5, 0x00C5, 0x00C5, 0x00C5, 0x00C5, 0x00C5, 0x00C5, 0x00C5, 0x00C5, 0x00C5, 0x00A5, 0x00A5,
  0x00A5, 0x00A5, 0x00A5, 0x00A5, 0x00A5, 0x00A5, 0x00A5, 0x00A5, 0x00A5, 0x00A5, 0x00A5, 0x00A5,
  0x00A5, 0x00A5, 0x00A5, 0x00A5, 0x00A5, 0x00A5, 0x00A5, 0x00A5, 0x00A5, 0x00A5, 0x00A5, 0x00A5,
  0x00A5, 0x00A5, 0x00A5, 0x00A5, 0x00A5, 0x00A5, 0x00A5, 0x00A5, 0x00A5, 0x00A5, 0x00A5, 0x00A5,
  0x00A5, 0x00A5, 0x00A5, 0x00A5, 0x00A5, 0x00A5, 0x00A5, 0x00A5, 0x00A5, 0x00A5, 0x00A5, 0x00A5,
  0x00A5, 0x00A5, 0x0085, 0x0085, 0x0085, 0x0085, 0x0084, 0x0085, 0x0085, 0x0085, 0x0084, 0x0085,
  0x0085, 0x00A5, 0x00A5, 0x00A5, 0x00A5, 0x00A5, 0x00A5, 0x00A5, 0x00A5, 0x00A5, 0x00A5, 0x00A5,
  0x0085, 0x0085, 0x00A5, 0x00A5, 0x00A5, 0x00A5, 0x00A5, 0x00A5, 0x00A5, 0x0084, 0x0084, 0x0084,
  0x0084, 0x0084, 0x0063, 0x0064, 0x0063, 0x0064, 0x0043, 0x08E6, 0x224C, 0x2A4C, 0x08C5, 0x0001,
  0x0002, 0x3BF0, 0x57FF, 0x3FFF, 0x3FDF, 0x57FF, 0x5575, 0x0863, 0x0043, 0x00C5, 0x0064, 0x0927,
  0x11A9, 0x11A8, 0x19A9, 0x19C9, 0x19C9, 0x21EA, 0x220A, 0x220A, 0x2A2A, 0x2A4B, 0x2A4B, 0x326B,
  0x326C, 0x328C, 0x3AAC, 0x3AAD, 0x42CD, 0x42ED, 0x430E, 0x4B0E, 0x4B2E, 0x4B2E, 0x534E, 0x534F,
  0x536F, 0x536F, 0x536F, 0x5B8F, 0x5B8F, 0x5B90, 0x5B90, 0x5BB0, 0x5BB0, 0x5BB0, 0x5BB0, 0x5BB0,
  0x5BD0, 0x5BB0, 0x5BB0, 0x5BB0, 0x5BD0, 0x5BD0, 0x5BD0, 0x5BB0, 0x5BB0, 0x5BB0, 0x5BB0, 0x5B90,
  0x5390, 0x538F, 0x536F, 0x536F, 0x536F, 0x4B4F, 0x4B4E, 0x4B2E, 0x430E, 0x430E, 0x42ED, 0x3AED,
  0x3ACD, 0x3AAC, 0x32AC, 0x328C, 0x326C, 0x2A6B, 0x2A4B, 0x2A2B, 0x220A, 0x220A, 0x21EA, 0x19E9,
  0x19C9, 0x19EA, 0x1188, 0x00C5, 0x00E6, 0x00C5, 0x0063, 0x4C72, 0x67FF, 0x4FFF, 0x4FFF, 0x67FF,
  0x5555, 0x10E5, 0x0023, 0x08C5, 0x21CA, 0x220B, 0x1168, 0x0907, 0x0907, 0x0907, 0x00E6, 0x00E6,
  0x00C6, 0x00C6, 0x00C6, 0x00C6, 0x00E6, 0x00E6, 0x00E6, 0x00E6, 0x00C6, 0x00E6, 0x08E6, 0x00E6,
  0x00C6, 0x00C6, 0x00C5, 0x00C5, 0x00C5, 0x00C5, 0x00C5, 0x00C5, 0x00C5, 0x00C5, 0x00C5, 0x00C6,
  0x00C5, 0x00C5, 0x00C5, 0x00C5, 0x00C5, 0x00C5, 0x00C5, 0x00C5, 0x00C6, 0x00C6, 0x00C5, 0x00C5,
  0x00C5, 0x00C5, 0x00C5, 0x00C5, 0x00C5, 0x00A5, 0x00A5, 0x00A5, 0x00A5, 0x00A5, 0x00A5, 0x00A5,
  0x00A5, 0x00A5, 0x00A5, 0x0085, 0x00A5, 0x00A5, 0x00A5, 0x00A5, 0x00A5, 0x00A5, 0x00A5, 0x00A5,
  0x00A5, 0x00C5, 0x00A5, 0x00C5, 0x00A5, 0x00C5, 0x00C5, 0x00C5, 0x00C6, 0x00C6, 0x00A5, 0x00A5,
  0x00A5, 0x00A5, 0x00A5, 0x00A5, 0x00A5, 0x00A5, 0x00A5, 0x0085, 0x00A5, 0x00A5, 0x00A5, 0x00A5,
  0x00A5, 0x00A5, 0x0085, 0x0085, 0x0085, 0x00A5, 0x0085, 0x0085, 0x0085, 0x0085, 0x0085, 0x0085,
  0x00A5, 0x00A5, 0x00A5, 0x00A5, 0x00A5, 0x00A5, 0x00A5, 0x00C5, 0x00A5, 0x00A5, 0x00A5, 0x00A5,
  0x00A5, 0x00A5, 0x00A5, 0x00A5, 0x00A5, 0x00A5, 0x0085, 0x0084, 0x0084, 0x0084, 0x0084, 0x0084,
  0x0064, 0x0064, 0x0043, 0x0043, 0x0063, 0x0043, 0x1127, 0x2AAD, 0x21C9, 0x0063, 0x0001, 0x10E5,
  0x55B7, 0x57FF, 0x3FDF, 0x47FF, 0x57FF, 0x4410, 0x0002, 0x0084, 0x00A4, 0x0084, 0x0967, 0x11A9,
  0x11A8, 0x19A9, 0x19C9, 0x19E9, 0x21EA, 0x220A, 0x220A, 0x2A2A, 0x2A4B, 0x2A4B, 0x326B, 0x326C,
  0x328C, 0x3AAC, 0x3AAC, 0x42CD, 0x42ED, 0x430E, 0x4B2E, 0x4B2E, 0x4B4E, 0x534F, 0x534F, 0x536F,
  0x536F, 0x5B8F, 0x5B8F, 0x5B90, 0x5BB0, 0x5BB0, 0x63B0, 0x63B0, 0x63B0, 0x63B0, 0x63D0, 0x63D0,
  0x63D0, 0x63D0, 0x63D0, 0x63D0, 0x63D1, 0x63D0, 0x63D0, 0x5BD0, 0x5BD0, 0x5BB0, 0x5BB0, 0x5BB0,
  0x5BB0, 0x5B90, 0x5390, 0x538F, 0x536F, 0x536F, 0x534F, 0x4B4F, 0x4B2E, 0x430E, 0x430E, 0x42ED,
  0x3AED, 0x3ACD, 0x3AAC, 0x32AC, 0x328C, 0x326C, 0x2A6B, 0x2A4B, 0x2A2B, 0x222A, 0x220A, 0x220A,
  0x19E9, 0x19C9, 0x19EA, 0x1188, 0x00C6, 0x00E6, 0x00E6, 0x0023, 0x32CC, 0x677D, 0x57FF, 0x47DF,
  0x57FF, 0x66DB, 0x2A2A, 0x0002, 0x0085, 0x1168, 0x222B, 0x1989, 0x0948, 0x00E6, 0x00E6, 0x00E6,
  0x00E6, 0x00E6, 0x00E6, 0x00E6, 0x00C6, 0x00E6, 0x00E6, 0x00E6, 0x00E6, 0x08E6, 0x08E6, 0x08E6,
  0x00E6, 0x00E6, 0x00C6, 0x00C6, 0x00C6, 0x00C5, 0x00C5, 0x00C5, 0x00C5, 0x00C5, 0x00C5, 0x00C5,
  0x00C5, 0x00C5, 0x00C5, 0x00C5, 0x00C5, 0x00C5, 0x00C5, 0x00C5, 0x00C5, 0x00C5, 0x00C6, 0x00C5,
  0x00C5, 0x00C5, 0x00C5, 0x00C5, 0x00C5, 0x00A5, 0x00A5, 0x00A5, 0x00A5, 0x00A5, 0x00A5, 0x00A5,
  0x00A5, 0x00A5, 0x00A5, 0x00A5, 0x00C5, 0x00A5, 0x00C5, 0x00C5, 0x00A5, 0x00A5, 0x00A5, 0x00A5,
  0x00C5, 0x00C5, 0x00C5, 0x00A5, 0x00A5, 0x00C5, 0x00C5, 0x00C5, 0x00A5, 0x00C5, 0x00C6, 0x00A5,
  0x00A5, 0x00A5, 0x00A5, 0x00A5, 0x00A5, 0x00A5, 0x00A5, 0x00A5, 0x00A5, 0x00A5, 0x00A5, 0x00A5,
  0x00A5, 0x00A5, 0x00A5, 0x00A5, 0x00A5, 0x00A5, 0x00A5, 0x00A5, 0x00A5, 0x00A5, 0x00A5, 0x00A5,
  0x00A5, 0x00A5, 0x00A5, 0x00A5, 0x00A5, 0x00C5, 0x00C5, 0x00C5, 0x00A5, 0x00A5, 0x00A5, 0x00A5,
  0x00A5, 0x00A5, 0x00A5, 0x00A5, 0x00A5, 0x00A5, 0x00A5, 0x0085, 0x0084, 0x0084, 0x0084, 0x0084,
  0x0064, 0x0084, 0x00A4, 0x0084, 0x00C5, 0x19A9, 0x2A6C, 0x1126, 0x0002, 0x0001, 0x328B, 0x5F3D,
  0x47FF, 0x3FBE, 0x47FF, 0x5F7D, 0x32AB, 0x0001, 0x00A5, 0x0084, 0x00A4, 0x1188, 0x11C9, 0x11A9,
  0x19C9, 0x19C9, 0x19EA, 0x21EA, 0x220A, 0x222A, 0x2A2B, 0x2A4B, 0x2A4B, 0x326B, 0x328C, 0x328C,
  0x3AAC, 0x3ACD, 0x3ACD, 0x42ED, 0x430E, 0x4B2E, 0x4B2E, 0x534E, 0x534F, 0x534F, 0x536F, 0x5B8F,
  0x5B8F, 0x5B90, 0x5BB0, 0x5BB0, 0x63B0, 0x63D0, 0x63D0, 0x63D0, 0x63D0, 0x63D0, 0x63D0, 0x63D1,
  0x63F1, 0x63F1, 0x63D1, 0x63D1, 0x63D1, 0x63D1, 0x63D1, 0x63D1, 0x63D1, 0x63D0, 0x5BD0, 0x5BD0,
  0x5BB0, 0x5BB0, 0x5BB0, 0x5BB0, 0x5390, 0x536F, 0x536F, 0x536F, 0x4B4F, 0x4B2E, 0x430E, 0x430E,
  0x42ED, 0x42ED, 0x3ACD, 0x3AAD, 0x32AC, 0x328C, 0x326C, 0x2A6B, 0x2A4B, 0x2A4B, 0x222A, 0x220A,
  0x220A, 0x19EA, 0x19E9, 0x19EA, 0x19C9, 0x08E6, 0x00E6, 0x0906, 0x0043, 0x2167, 0x6659, 0x5FFF,
  0x47DF, 0x4FFF, 0x67DF, 0x43D0, 0x0064, 0x0064, 0x0927, 0x2A4C, 0x2A4C, 0x19A9, 0x1168, 0x1148,
  0x0907, 0x00E6, 0x00E6, 0x00E6, 0x00E6, 0x00E6, 0x08E6, 0x08E6, 0x08E6, 0x00E6, 0x00E6, 0x00E6,
  0x00E6, 0x00E6, 0x00E6, 0x00E6, 0x00E6, 0x00C5, 0x00C5, 0x00C5, 0x00C5, 0x00C5, 0x00C5, 0x00C5,
  0x00C5, 0x00C5, 0x00C5, 0x00C5, 0x00C5, 0x00C5, 0x00C5, 0x00C5, 0x00C5, 0x00C5, 0x00C5, 0x00C5,
  0x00C5, 0x00C5, 0x00C5, 0x00C5, 0x00C5, 0x00C5, 0x00A5, 0x00A5, 0x00A5, 0x00A5, 0x00C5, 0x00C6,
  0x00C6, 0x00C5, 0x00E6, 0x0907, 0x00E6, 0x00C6, 0x00C6, 0x00C5, 0x00C5, 0x00C5, 0x00C5, 0x00C5,
  0x00C5, 0x00C5, 0x00C5, 0x00C5, 0x00C6, 0x00C5, 0x00C5, 0x00C5, 0x00C5, 0x00C5, 0x00C5, 0x00C6,
  0x00C6, 0x00C5, 0x00C5, 0x00C5, 0x00C5, 0x00A5, 0x00C5, 0x00C6, 0x00A5, 0x00A5, 0x00A5, 0x00A5,
  0x00A5, 0x00A5, 0x00A5, 0x00A5, 0x00A5, 0x00A5, 0x00A5, 0x00A5, 0x00A5, 0x00A5, 0x00A5, 0x00A5,
  0x00C5, 0x00A5, 0x00A5, 0x00C5, 0x00C5, 0x00C5, 0x00C5, 0x00C5, 0x00C5, 0x00A5, 0x00A5, 0x00A5,
  0x00A5, 0x00A5, 0x00C5, 0x00C5, 0x00A5, 0x00A5, 0x00A5, 0x0084, 0x0084, 0x0084, 0x0084, 0x0084,
  0x00A5, 0x00C6, 0x0927, 0x1189, 0x222B, 0x19CA, 0x0084, 0x0001, 0x10A4, 0x4CD3, 0x57FF, 0x3FFF,
  0x3FDF, 0x4FFF, 0x5639, 0x1946, 0x0002, 0x00A5, 0x0064, 0x00C5, 0x11A9, 0x11A9, 0x19A9, 0x19C9,
  0x19E9, 0x21EA, 0x220A, 0x220A, 0x2A2A, 0x2A4B, 0x2A4B, 0x2A6B, 0x326B, 0x328C, 0x328C, 0x3AAC,
  0x3ACD, 0x42CD, 0x42ED, 0x430E, 0x4B2E, 0x4B2E, 0x4B4E, 0x534F, 0x536F, 0x536F, 0x5B8F, 0x5B90,
  0x5BB0, 0x5BB0, 0x5BB0, 0x63D0, 0x63D0, 0x63D0, 0x63D1, 0x63D1, 0x63F1, 0x63F1, 0x63F1, 0x63F1,
  0x63F1, 0x63F1, 0x63F1, 0x63F1, 0x63F1, 0x63F1, 0x63F1, 0x63F1, 0x63F1, 0x63F1, 0x63D1, 0x63D1,
  0x5BD0, 0x5BD0, 0x5BB0, 0x5BB0, 0x5B90, 0x5390, 0x538F, 0x536F, 0x534F, 0x4B4F, 0x4B2E, 0x4B2E,
  0x430E, 0x42ED, 0x42ED, 0x3ACD, 0x3ACD, 0x3AAC, 0x328C, 0x328C, 0x2A6B, 0x2A4B, 0x2A4B, 0x2A2B,
  0x222A, 0x220A, 0x220A, 0x19EA, 0x19EA, 0x19E9, 0x0927, 0x00C5, 0x0906, 0x0085, 0x0884, 0x4CB3,
  0x67FF, 0x4FFF, 0x4FDF, 0x5FFF, 0x5DF8, 0x2188, 0x0003, 0x00A5, 0x1168, 0x2A4C, 0x2A4C, 0x19CA,
  0x0907, 0x0907, 0x0907, 0x0907, 0x08E6, 0x08E6, 0x08E6, 0x08E6, 0x0907, 0x0907, 0x08E6, 0x08E6,
  0x08E6, 0x0907, 0x08E6, 0x00E6, 0x00C6, 0x00C6, 0x00C6, 0x00C6, 0x00C6, 0x00C6, 0x00C6, 0x00C6,
  0x00C5, 0x00C5, 0x00C6, 0x00C6, 0x00C5, 0x00C5, 0x00C5, 0x00C5, 0x00C6, 0x00C5, 0x00C6, 0x00C6,
  0x00C5, 0x00C5, 0x00C6, 0x00C6, 0x00C5, 0x00C5, 0x00C5, 0x00C5, 0x00C5, 0x00C6, 0x00E6, 0x00E6,
  0x08E6, 0x00C6, 0x00E6, 0x00E6, 0x00E6, 0x00C6, 0x00C5, 0x00C5, 0x00C5, 0x00C5, 0x00C5, 0x00C5,
  0x00C6, 0x00C6, 0x00C6, 0x00C6, 0x00C6, 0x00C6, 0x00C6, 0x00E6, 0x00E6, 0x00C6, 0x00C6, 0x00E6,
  0x00E6, 0x00C6, 0x00C6, 0x00E6, 0x08E6, 0x0907, 0x0907, 0x0927, 0x0907, 0x00C6, 0x00C5, 0x00A5,
  0x00A5, 0x00A5, 0x00A5, 0x00A5, 0x00A5, 0x00A5, 0x00A5, 0x00A5, 0x00A5, 0x00A5, 0x00A5, 0x00A5,
  0x00A5, 0x00C5, 0x00A5, 0x00C5, 0x00C5, 0x00C5, 0x00C5, 0x00C5, 0x00C5, 0x00C5, 0x00C5, 0x00C5,
  0x00C5, 0x00A5, 0x00C6, 0x00E6, 0x00C6, 0x00C5, 0x00C5, 0x00C5, 0x00A5, 0x00A5, 0x00A5, 0x0907,
  0x0927, 0x00C5, 0x19CA, 0x220B, 0x08E5, 0x0002, 0x0001, 0x2A4A, 0x56DB, 0x47FF, 0x3FDF, 0x3FFF,
  0x57FF, 0x4472, 0x0863, 0x0063, 0x00C5, 0x0064, 0x0906, 0x11A9, 0x11A9, 0x19A9, 0x19C9, 0x19E9,
  0x21EA, 0x220A, 0x222A, 0x2A2B, 0x2A4B, 0x2A4B, 0x326B, 0x326C, 0x328C, 0x3AAC, 0x3AAC, 0x3ACD,
  0x42ED, 0x42ED, 0x430E, 0x4B2E, 0x4B2E, 0x534F, 0x536F, 0x536F, 0x538F, 0x5B90, 0x5B90, 0x5BB0,
  0x63B0, 0x63D0, 0x63D0, 0x63D1, 0x63F1, 0x63F1, 0x6BF1, 0x6BF1, 0x6BF1, 0x6BF1, 0x6BF1, 0x6BF1,
  0x6C11, 0x6C11, 0x6C11, 0x6C11, 0x6C11, 0x6C11, 0x6C11, 0x6C11, 0x6411, 0x63F1, 0x63F1, 0x63F1,
  0x63D1, 0x63D1, 0x5BD0, 0x5BD0, 0x5BB0, 0x5BB0, 0x5B90, 0x538F, 0x536F, 0x536F, 0x4B4F, 0x4B2E,
  0x4B2E, 0x430E, 0x430E, 0x42ED, 0x3ACD, 0x3ACD, 0x3AAC, 0x328C, 0x328C, 0x326B, 0x2A6B, 0x2A4B,
  0x2A2B, 0x222A, 0x220A, 0x220A, 0x21EA, 0x19EA, 0x1A0A, 0x1147, 0x00C5, 0x00E6, 0x00E6, 0x0043,
  0x32AC, 0x671C, 0x57FF, 0x47DF, 0x57FF, 0x679E, 0x43AF, 0x0064, 0x0043, 0x0906, 0x19CA, 0x220B,
  0x1168, 0x1148, 0x0907, 0x0906, 0x08E6, 0x08E6, 0x0906, 0x0907, 0x1168, 0x0948, 0x1148, 0x1148,
  0x1148, 0x1169, 0x1168, 0x0948, 0x0927, 0x08E6, 0x00E6, 0x08E6, 0x00C6, 0x00C6, 0x00C6, 0x00C6,
  0x00C5, 0x00C5, 0x00C6, 0x00C6, 0x00C5, 0x00C5, 0x00C5, 0x00C5, 0x00C5, 0x00C5, 0x00C5, 0x00C5,
  0x00C5, 0x00C5, 0x00C6, 0x00C6, 0x00C5, 0x00C6, 0x00C6, 0x00C5, 0x00C5, 0x00A5, 0x00C5, 0x00C6,
  0x00C6, 0x00C6, 0x00C6, 0x00C6, 0x00C5, 0x00C5, 0x00C5, 0x00C5, 0x00C5, 0x00C5, 0x00C5, 0x00C5,
  0x00C6, 0x00E6, 0x00E6, 0x00E6, 0x00E6, 0x00E6, 0x00C6, 0x00E6, 0x00E6, 0x08E6, 0x0906, 0x08E6,
  0x0907, 0x08E6, 0x08E6, 0x00E6, 0x00E6, 0x0948, 0x0948, 0x1168, 0x0907, 0x00E6, 0x00C6, 0x00E6,
  0x00C6, 0x00C5, 0x00A5, 0x00C5, 0x00C5, 0x00C5, 0x00C5, 0x00C5, 0x00A5, 0x00A5, 0x00A5, 0x00A5,
  0x00C5, 0x00C5, 0x00C5, 0x00C5, 0x00C5, 0x00C5, 0x00C5, 0x00C5, 0x00C5, 0x00C5, 0x00C5, 0x00C5,
  0x00C5, 0x00A5, 0x00C5, 0x00C6, 0x00E6, 0x00E6, 0x00E6, 0x00E6, 0x00C5, 0x00C6, 0x0927, 0x19CA,
  0x222C, 0x222B, 0x1988, 0x0063, 0x0001, 0x10C4, 0x44B3, 0x57FF, 0x3FFF, 0x3FDF, 0x47FF, 0x571C,
  0x2A8B, 0x0002, 0x00A4, 0x00A5, 0x0084, 0x0947, 0x11C9, 0x11A9, 0x19C9, 0x19C9, 0x19E9, 0x21EA,
  0x220A, 0x2A2A, 0x2A4B, 0x2A4B, 0x326B, 0x326C, 0x328C, 0x328C, 0x3AAC, 0x3ACD, 0x3ACD, 0x42ED,
  0x42ED, 0x430E, 0x4B2E, 0x4B4E, 0x534F, 0x536F, 0x536F, 0x5B8F, 0x5B90, 0x5BB0, 0x5BB0, 0x63D0,
  0x63D0, 0x63D1, 0x63F1, 0x6BF1, 0x6BF1, 0x6C11, 0x6C11, 0x6C11, 0x6C11, 0x6C11, 0x6C11, 0x6C11,
  0x6C32, 0x6C12, 0x6C32, 0x6C12, 0x6C32, 0x6C12, 0x6C12, 0x6C12, 0x6C11, 0x6C11, 0x6C11, 0x6411,
  0x63F1, 0x63F1, 0x63D1, 0x63D1, 0x63D0, 0x5BB0, 0x5BB0, 0x5B90, 0x5390, 0x536F, 0x536F, 0x4B4F,
  0x4B4E, 0x4B2E, 0x430E, 0x430E, 0x42ED, 0x42ED, 0x3ACD, 0x3AAC, 0x32AC, 0x328C, 0x328C, 0x326B,
  0x2A4B, 0x2A4B, 0x222A, 0x222A, 0x220A, 0x220A, 0x19EA, 0x1A0A, 0x1188, 0x00E5, 0x00E6, 0x0106,
  0x0064, 0x1126, 0x5D76, 0x67FF, 0x4FFF, 0x4FFF, 0x67FF, 0x5E18, 0x21A8, 0x0003, 0x0085, 0x1148,
  0x19AA, 0x19EA, 0x19A9, 0x1189, 0x0927, 0x0907, 0x0907, 0x0947, 0x1189, 0x11A9, 0x1169, 0x1168,
  0x0927, 0x0927, 0x0928, 0x0927, 0x0928, 0x0948, 0x0907, 0x00E6, 0x00E6, 0x00C6, 0x00C5, 0x00C5,
  0x00C5, 0x00C6, 0x00C5, 0x00C5, 0x00C5, 0x00C5, 0x00C5, 0x00C5, 0x00C5, 0x00C5, 0x00C5, 0x00C5,
  0x00C5, 0x00C5, 0x00C5, 0x00C5, 0x00C5, 0x00C6, 0x00C6, 0x00C5, 0x00C5, 0x00C6, 0x00C6, 0x00C6,
  0x00C6, 0x00C5, 0x00C5, 0x00C5, 0x00C5, 0x00C5, 0x00C5, 0x00C5, 0x00C5, 0x00C5, 0x00C6, 0x00C6,
  0x00C6, 0x00C6, 0x00E6, 0x00E6, 0x08E6, 0x00E6, 0x00E6, 0x00E6, 0x08E6, 0x00E6, 0x00E6, 0x0907,
  0x0906, 0x00E6, 0x00E6, 0x00C6, 0x00C6, 0x00C6, 0x00E6, 0x00C6, 0x00A5, 0x00A5, 0x00A5, 0x00C5,
  0x00C6, 0x00C5, 0x00C5, 0x00C5, 0x00C5, 0x00C5, 0x00C5, 0x00C5, 0x00A5, 0x00A5, 0x00A5, 0x00A5,
  0x00A5, 0x00C5, 0x00A5, 0x00C5, 0x00C5, 0x00C5, 0x00C5, 0x00C5, 0x00C5, 0x00C5, 0x00C6, 0x00A5,
  0x00A5, 0x00C5, 0x00C6, 0x00C6, 0x00C6, 0x00E6, 0x00E6, 0x08E6, 0x0927, 0x1189, 0x222C, 0x224C,
  0x19A9, 0x08C5, 0x0001, 0x0002, 0x330D, 0x571C, 0x47FF, 0x3FDF, 0x3FFF, 0x57FF, 0x4D34, 0x10E5,
  0x0002, 0x00C5, 0x0084, 0x00A4, 0x1168, 0x11C9, 0x11A9, 0x19C9, 0x19C9, 0x19EA, 0x220A, 0x222A,
  0x2A2B, 0x2A4B, 0x2A6B, 0x326C, 0x328C, 0x328C, 0x3AAC, 0x3AAD, 0x3ACD, 0x42ED, 0x42ED, 0x430E,
  0x4B2E, 0x4B2E, 0x4B2E, 0x534F, 0x536F, 0x5B8F, 0x5B90, 0x5BB0, 0x5BB0, 0x63D0, 0x63D0, 0x63D1,
  0x63F1, 0x6BF1, 0x6BF1, 0x6C11, 0x6C11, 0x6C11, 0x6C11, 0x6C31, 0x6C12, 0x6C12, 0x7432, 0x7432,
  0x6C32, 0x6C32, 0x6C32, 0x6C32, 0x6C32, 0x6C32, 0x6C32, 0x6C32, 0x6C32, 0x6C12, 0x6C11, 0x6C11,
  0x6C11, 0x63F1, 0x63F1, 0x63F1, 0x63D1, 0x63D0, 0x5BD0, 0x5BB0, 0x5B90, 0x5390, 0x536F, 0x536F,
  0x4B4F, 0x4B4E, 0x4B2E, 0x4B2E, 0x430E, 0x42ED, 0x3AED, 0x3ACD, 0x3AAC, 0x3AAC, 0x328C, 0x328C,
  0x326B, 0x2A4B, 0x2A4B, 0x2A2B, 0x222A, 0x220A, 0x220A, 0x19EA, 0x1A0A, 0x11A9, 0x0906, 0x00C5,
  0x0906, 0x00C5, 0x0063, 0x3B6F, 0x677D, 0x57FF, 0x4FDF, 0x57FF, 0x67DF, 0x4C31, 0x10C5, 0x0023,
  0x00E6, 0x1168, 0x19CA, 0x220B, 0x19CA, 0x1189, 0x0927, 0x00E6, 0x08E6, 0x0907, 0x1148, 0x1189,
  0x1169, 0x1189, 0x1169, 0x0948, 0x0927, 0x1168, 0x0907, 0x00C6, 0x00C6, 0x00C6, 0x00C5, 0x00C5,
  0x00C5, 0x00C5, 0x00C5, 0x00C6, 0x00C5, 0x00C5, 0x00C5, 0x00C5, 0x00C5, 0x00C5, 0x00C5, 0x00C5,
  0x00C5, 0x00C5, 0x00C5, 0x00C5, 0x00C5, 0x00C5, 0x00C5, 0x00C5, 0x00C5, 0x00C5, 0x00C5, 0x00C6,
  0x00C6, 0x00C6, 0x00C5, 0x00C5, 0x00C5, 0x00C5, 0x00C5, 0x00C5, 0x00C5, 0x00C6, 0x00E6, 0x00E6,
  0x0907, 0x08E6, 0x00E6, 0x00E6, 0x00E6, 0x00C6, 0x00E6, 0x00C6, 0x00C5, 0x00E6, 0x0927, 0x08E6,
  0x00E6, 0x00E6, 0x00C6, 0x00C5, 0x00C5, 0x00A5, 0x00A5, 0x00A5, 0x00A5, 0x00A5, 0x00A5, 0x00C5,
  0x00C5, 0x00C5, 0x00A5, 0x00A5, 0x00C6, 0x00C6, 0x00A5, 0x00C5, 0x00A5, 0x00A5, 0x00A5, 0x00A5,
  0x00A5, 0x00A5, 0x00A5, 0x00C5, 0x00C5, 0x00C5, 0x00C5, 0x00C5, 0x00C5, 0x00C5, 0x00C5, 0x00A5,
  0x00A5, 0x00C5, 0x00C6, 0x00E6, 0x00E6, 0x00C6, 0x00E6, 0x0907, 0x19CA, 0x220B, 0x19A9, 0x08C5,
  0x0002, 0x0001, 0x19A7, 0x4DB7, 0x57FF, 0x3FFF, 0x3FDF, 0x4FFF, 0x571C, 0x2AAB, 0x0002, 0x0064,
  0x00C5, 0x0084, 0x00E5, 0x11A9, 0x11A9, 0x19A9, 0x19C9, 0x19E9, 0x21EA, 0x220A, 0x222A, 0x2A4B,
  0x2A4B, 0x326B, 0x328C, 0x328C, 0x3AAC, 0x3AAD, 0x3ACD, 0x3ACD, 0x42ED, 0x42ED, 0x430E, 0x4B2E,
  0x4B2E, 0x4B4E, 0x534F, 0x536F, 0x5B8F, 0x5B90, 0x5BB0, 0x63B0, 0x63D0, 0x63D1, 0x63F1, 0x6BF1,
  0x6BF1, 0x6C11, 0x6C11, 0x6C11, 0x6C32, 0x7432, 0x7432, 0x7432, 0x7432, 0x7432, 0x7432, 0x7432,
  0x7452, 0x7452, 0x7452, 0x7452, 0x7452, 0x7432, 0x6C32, 0x7432, 0x6C32, 0x6C32, 0x6C32, 0x6C32,
  0x6C12, 0x6C11, 0x6411, 0x63F1, 0x63F1, 0x63F1, 0x63D1, 0x5BD0, 0x5BB0, 0x5BB0, 0x5B90, 0x538F,
  0x536F, 0x536F, 0x4B4F, 0x4B2E, 0x4B2E, 0x430E, 0x430D, 0x42ED, 0x3ACD, 0x3ACD, 0x3AAC, 0x32AC,
  0x328C, 0x328C, 0x2A6B, 0x2A4B, 0x2A4B, 0x222A, 0x220A, 0x220A, 0x21EA, 0x1A0A, 0x19EA, 0x1168,
  0x00E6, 0x00E6, 0x0106, 0x0064, 0x1967, 0x5D96, 0x67FF, 0x4FFF, 0x4FFF, 0x5FFF, 0x5EBB, 0x32AC,
  0x0043, 0x0044, 0x00E6, 0x1188, 0x220B, 0x222C, 0x19EA, 0x1189, 0x08E6, 0x00E6, 0x0927, 0x1169,
  0x1168, 0x0948, 0x0948, 0x0927, 0x1168, 0x0928, 0x08E6, 0x00C6, 0x00C6, 0x00C5, 0x00C5, 0x00C5,
  0x00C5, 0x00C5, 0x00C6, 0x00C6, 0x00C5, 0x00C5, 0x00C5, 0x00C5, 0x00C5, 0x00C5, 0x00A5, 0x00C5,
  0x00C5, 0x00C5, 0x00C6, 0x00C5, 0x00C5, 0x00C5, 0x00C5, 0x00C5, 0x00C5, 0x00C5, 0x00C5, 0x00C5,
  0x00C5, 0x00C5, 0x00C5, 0x00C5, 0x00C5, 0x00C5, 0x00C5, 0x00C5, 0x00C5, 0x00C5, 0x00C6, 0x00C6,
  0x00C6, 0x00C6, 0x00C5, 0x00C6, 0x00C5, 0x00C5, 0x00C6, 0x00C6, 0x00C6, 0x00C6, 0x00C6, 0x00C5,
  0x00C5, 0x00C6, 0x00C6, 0x00C5, 0x00C5, 0x00C5, 0x00A5, 0x00A5, 0x00A5, 0x00A5, 0x00A5, 0x00C5,
  0x00C5, 0x00C5, 0x00A5, 0x00A5, 0x00C5, 0x00C5, 0x00A5, 0x00C5, 0x00A5, 0x00A5, 0x00A5, 0x00A5,
  0x00C5, 0x00C5, 0x00A5, 0x00C5, 0x00C5, 0x00C5, 0x00C5, 0x00C5, 0x00C5, 0x00C5, 0x00C5, 0x00A5,
  0x00A5, 0x00A5, 0x00E6, 0x0907, 0x00E6, 0x00E6, 0x1189, 0x222C, 0x19A9, 0x08C5, 0x0022, 0x0001,
  0x1105, 0x4493, 0x4FDF, 0x47FF, 0x3FDF, 0x47FF, 0x57FF, 0x4CD3, 0x10C5, 0x0023, 0x00C5, 0x00A5,
  0x00A4, 0x0927, 0x11C9, 0x19A9, 0x19C9, 0x19E9, 0x21EA, 0x220A, 0x222A, 0x2A2B, 0x2A4B, 0x2A6B,
  0x326C, 0x328C, 0x32AC, 0x3AAC, 0x3ACD, 0x42CD, 0x42ED, 0x42ED, 0x430E, 0x4B0E, 0x4B2E, 0x4B2E,
  0x534F, 0x536F, 0x536F, 0x5B90, 0x5BB0, 0x5BB0, 0x63D0, 0x63D1, 0x63D1, 0x63F1, 0x6BF1, 0x6C11,
  0x6C11, 0x6C12, 0x6C32, 0x7432, 0x7432, 0x7452, 0x7452, 0x7452, 0x7452, 0x7452, 0x7452, 0x7452,
  0x7452, 0x7452, 0x7452, 0x7452, 0x7452, 0x7452, 0x7452, 0x7452, 0x7452, 0x7452, 0x7452, 0x6C32,
  0x6C32, 0x6C32, 0x6C12, 0x6C11, 0x6411, 0x63F1, 0x63F1, 0x63F1, 0x5BD0, 0x5BB0, 0x5BB0, 0x5B90,
  0x538F, 0x536F, 0x536F, 0x4B4F, 0x4B4E, 0x4B2E, 0x430E, 0x430E, 0x42ED, 0x3AED, 0x3ACD, 0x3AAD,
  0x3AAC, 0x328C, 0x328C, 0x326B, 0x2A6B, 0x2A4B, 0x2A2B, 0x222A, 0x220A, 0x220A, 0x19EA, 0x19EA,
  0x11A9, 0x0906, 0x00C6, 0x0927, 0x00A5, 0x0064, 0x330D, 0x673C, 0x5FFF, 0x4FDF, 0x4FFF, 0x67FF,
  0x55B7, 0x21C9, 0x0023, 0x0064, 0x08E6, 0x1989, 0x220B, 0x222C, 0x19CA, 0x1148, 0x1148, 0x0948,
  0x0927, 0x0907, 0x08E6, 0x00E6, 0x0907, 0x00E6, 0x00E6, 0x00C5, 0x00C5, 0x00C5, 0x00C6, 0x00C6,
  0x00C6, 0x00C5, 0x00C5, 0x00C6, 0x00C5, 0x00C5, 0x00C5, 0x00C5, 0x00C5, 0x00C5, 0x00A5, 0x00C5,
  0x00C5, 0x00C5, 0x00C5, 0x00C5, 0x00C5, 0x00C5, 0x00C5, 0x00C5, 0x00C5, 0x00C5, 0x00C5, 0x00C5,
  0x00C5, 0x00A5, 0x00A5, 0x00C5, 0x00C5, 0x00C5, 0x00C5, 0x00C5, 0x00C5, 0x00C5, 0x00C5, 0x00C6,
  0x00C5, 0x00C5, 0x00C5, 0x00C5, 0x00C5, 0x00C5, 0x00C5, 0x00C5, 0x00C5, 0x00C5, 0x00C5, 0x00A5,
  0x00A5, 0x00A5, 0x00A5, 0x00A5, 0x00A5, 0x00C5, 0x00A5, 0x00A5, 0x00A5, 0x00C5, 0x00A5, 0x00A5,
  0x00C5, 0x00A5, 0x00A5, 0x00C5, 0x00A5, 0x00C5, 0x00C5, 0x00C5, 0x00C5, 0x00C5, 0x00C5, 0x00C5,
  0x00C5, 0x00C5, 0x00C5, 0x00C5, 0x00C5, 0x00C5, 0x00C5, 0x00C5, 0x00C6, 0x00E6, 0x00C6, 0x00C5,
  0x00C5, 0x0927, 0x08E6, 0x08E6, 0x1148, 0x19EA, 0x19A9, 0x0906, 0x0043, 0x0001, 0x0883, 0x3BCF,
  0x577D, 0x4FFF, 0x37FF, 0x3FFF, 0x4FFF, 0x5679, 0x2A29, 0x0002, 0x0084, 0x00C5, 0x0084, 0x00E5,
  0x1188, 0x19C9, 0x19A9, 0x19C9, 0x19E9, 0x21EA, 0x220A, 0x2A2B, 0x2A4B, 0x2A4B, 0x326B, 0x328C,
  0x328C, 0x3AAC, 0x3AAD, 0x3ACD, 0x42ED, 0x42ED, 0x430E, 0x430E, 0x4B2E, 0x4B2E, 0x4B4E, 0x534F,
  0x536F, 0x538F, 0x5B90, 0x5BB0, 0x5BB0, 0x63D0, 0x63D1, 0x63F1, 0x6BF1, 0x6C11, 0x6C11, 0x6C12,
  0x6C32, 0x7432, 0x7432, 0x7452, 0x7452, 0x7452, 0x7452, 0x7452, 0x7452, 0x7452, 0x7C73, 0x7C73,
  0x7473, 0x7473, 0x7473, 0x7473, 0x7473, 0x7473, 0x7473, 0x7473, 0x7473, 0x7452, 0x7452, 0x7452,
  0x7452, 0x6C32, 0x6C32, 0x6C32, 0x6C12, 0x6C11, 0x63F1, 0x63F1, 0x63F1, 0x63D0, 0x5BB0, 0x5BB0,
  0x5B90, 0x538F, 0x536F, 0x536F, 0x4B4F, 0x4B4F, 0x4B2E, 0x4B2E, 0x430E, 0x430D, 0x42ED, 0x3AED,
  0x3ACD, 0x3AAC, 0x32AC, 0x328C, 0x328C, 0x2A6B, 0x2A4B, 0x2A4B, 0x222A, 0x220A, 0x220A, 0x19EA,
  0x19EA, 0x19EA, 0x1147, 0x00E5, 0x0106, 0x0106, 0x0064, 0x1926, 0x54F4, 0x67FF, 0x57FF, 0x47DF,
  0x57FF, 0x67DF, 0x4CB3, 0x1947, 0x0023, 0x0064, 0x08E6, 0x1989, 0x220B, 0x220B, 0x19CA, 0x1169,
  0x0927, 0x0907, 0x0907, 0x00E6, 0x00C6, 0x00E6, 0x00C6, 0x00C6, 0x00C5, 0x00C5, 0x00C5, 0x00C5,
  0x00C6, 0x00C6, 0x00C5, 0x00C5, 0x00C5, 0x00C5, 0x00C5, 0x00C5, 0x00C5, 0x00C5, 0x00C5, 0x00C5,
  0x00C5, 0x00C5, 0x00C5, 0x00C5, 0x00C5, 0x00C5, 0x00C5, 0x00C5, 0x00C5, 0x00C5, 0x00A5, 0x00C5,
  0x00C5, 0x00A5, 0x00C5, 0x00C5, 0x00C5, 0x00C5, 0x00C5, 0x00C5, 0x00C5, 0x00C5, 0x00C5, 0x00C5,
  0x00C5, 0x00C6, 0x00C5, 0x00C5, 0x00C6, 0x00C6, 0x00C5, 0x00C5, 0x00C5, 0x00C5, 0x00C5, 0x00C5,
  0x00C5, 0x00C5, 0x00C5, 0x00C5, 0x00C5, 0x00A5, 0x00A5, 0x00A5, 0x00C5, 0x00C5, 0x00C5, 0x00C5,
  0x00C5, 0x00C5, 0x00C5, 0x00C5, 0x00C5, 0x00C5, 0x00C5, 0x00C6, 0x00C6, 0x00C6, 0x00C6, 0x00C6,
  0x00C6, 0x00C6, 0x00C6, 0x00E6, 0x00E6, 0x00E6, 0x00E6, 0x1168, 0x11A9, 0x1189, 0x1148, 0x0906,
  0x1168, 0x19AA, 0x19CA, 0x21EB, 0x1989, 0x08E6, 0x0043, 0x0001, 0x0022, 0x330C, 0x56DB, 0x4FFF,
  0x3FFF, 0x3FDF, 0x47FF, 0x575D, 0x3B6E, 0x0863, 0x0043, 0x00C5, 0x00A5, 0x00A4, 0x0947, 0x19C9,
  0x19C9, 0x19C9, 0x19E9, 0x21EA, 0x220A, 0x2A2B, 0x2A4B, 0x2A4B, 0x326B, 0x326C, 0x328C, 0x3AAC,
  0x3AAD, 0x3ACD, 0x42ED, 0x42ED, 0x430E, 0x4B2E, 0x4B2E, 0x4B2E, 0x4B4F, 0x534F, 0x536F, 0x536F,
  0x5B90, 0x5B90, 0x5BB0, 0x63D0, 0x63D1, 0x63F1, 0x6BF1, 0x6C11, 0x6C11, 0x6C12, 0x6C32, 0x7432,
  0x7432, 0x7452, 0x7452, 0x7452, 0x7473, 0x7C73, 0x7C73, 0x7C73, 0x7C73, 0x7C73, 0x7C73, 0x7C73,
  0x7C73, 0x7C73, 0x7C73, 0x7C73, 0x7C73, 0x7473, 0x7473, 0x7C73, 0x7C73, 0x7473, 0x7473, 0x7472,
  0x7452, 0x7452, 0x6C32, 0x6C32, 0x6C32, 0x6C32, 0x6C12, 0x6411, 0x63F1, 0x63F1, 0x63D1, 0x5BD0,
  0x5BB0, 0x5B90, 0x5390, 0x538F, 0x536F, 0x536F, 0x4B4F, 0x4B4E, 0x4B2E, 0x430E, 0x430E, 0x42ED,
  0x42ED, 0x3ACD, 0x3AAD, 0x3AAC, 0x328C, 0x328C, 0x326B, 0x2A6B, 0x2A4B, 0x2A2B, 0x222A, 0x220A,
  0x21EA, 0x19EA, 0x1A0A, 0x11A9, 0x0906, 0x00E6, 0x0927, 0x00E6, 0x0043, 0x2A2A, 0x5E39, 0x67FF,
  0x4FFF, 0x4FFF, 0x5FFF, 0x679E, 0x4C93, 0x1988, 0x0023, 0x0064, 0x08E6, 0x1168, 0x19CA, 0x220B,
  0x19CA, 0x1189, 0x1189, 0x1168, 0x0927, 0x00E6, 0x00C6, 0x00A5, 0x00C5, 0x00C5, 0x00C5, 0x00C6,
  0x00C6, 0x00C6, 0x00C6, 0x00C5, 0x00C5, 0x00C5, 0x00C5, 0x00C5, 0x00C6, 0x00C5, 0x00C5, 0x00C5,
  0x00C5, 0x00C5, 0x00C5, 0x00C5, 0x00C5, 0x00C5, 0x00C5, 0x00C5, 0x00C5, 0x00C5, 0x00C5, 0x00C5,
  0x00C5, 0x00C5, 0x00C5, 0x00C5, 0x00C5, 0x00C5, 0x00C5, 0x00C5, 0x00C5, 0x00C5, 0x00C5, 0x00C5,
  0x00C5, 0x00C5, 0x00C6, 0x00C5, 0x00C5, 0x00C5, 0x00C5, 0x00C5, 0x00C5, 0x00C5, 0x00C5, 0x00C5,
  0x00C5, 0x00C5, 0x00C5, 0x00C5, 0x00C5, 0x00C5, 0x00C5, 0x00C5, 0x00C5, 0x00C5, 0x00C5, 0x00C5,
  0x00C6, 0x00E6, 0x00C6, 0x00C6, 0x00C6, 0x00C6, 0x00C6, 0x00C6, 0x00E6, 0x00E6, 0x08E6, 0x08E6,
  0x0906, 0x0907, 0x0906, 0x0907, 0x0907, 0x00E6, 0x0907, 0x1168, 0x11A9, 0x19A9, 0x19CA, 0x19CA,
  0x19EB, 0x19EB, 0x1988, 0x08C5, 0x0043, 0x0001, 0x0043, 0x2AAB, 0x4E59, 0x4FFF, 0x3FFF, 0x3FDF,
  0x47FF, 0x57FF, 0x44F4, 0x1106, 0x0002, 0x00C5, 0x00C5, 0x0084, 0x08E6, 0x11A9, 0x19C9, 0x19C9,
  0x19C9, 0x19EA, 0x220A, 0x220A, 0x2A2B, 0x2A4B, 0x2A6B, 0x326C, 0x328C, 0x328C, 0x3AAC, 0x3ACD,
  0x3ACD, 0x42ED, 0x430E, 0x4B0E, 0x4B2E, 0x4B2E, 0x4B4F, 0x534F, 0x536F, 0x536F, 0x538F, 0x5B90,
  0x5BB0, 0x5BB0, 0x63D0, 0x63D1, 0x63F1, 0x6BF1, 0x6C11, 0x6C11, 0x6C32, 0x7432, 0x7432, 0x7452,
  0x7452, 0x7452, 0x7C73, 0x7C73, 0x7C73, 0x7C73, 0x7C73, 0x7C73, 0x7C93, 0x7C93, 0x7C93, 0x7C93,
  0x7C93, 0x7C93, 0x7C93, 0x7C93, 0x7C93, 0x7C93, 0x7C93, 0x7C93, 0x7C93, 0x7C93, 0x7473, 0x7473,
  0x7473, 0x7473, 0x7452, 0x7452, 0x7452, 0x6C32, 0x6C32, 0x6C12, 0x6C11, 0x63F1, 0x63F1, 0x63F1,
  0x5BD0, 0x5BB0, 0x5BB0, 0x5BB0, 0x5390, 0x536F, 0x536F, 0x534F, 0x4B4F, 0x4B2E, 0x4B2E, 0x430E,
  0x42ED, 0x3AED, 0x3ACD, 0x3ACD, 0x3AAC, 0x32AC, 0x328C, 0x328C, 0x2A6B, 0x2A6B, 0x2A4B, 0x222A,
  0x220A, 0x21EA, 0x19EA, 0x1A0A, 0x19EA, 0x1168, 0x00E6, 0x00E6, 0x0927, 0x00A5, 0x08A4, 0x3B4E,
  0x66DB, 0x5FFF, 0x4FFF, 0x4FFF, 0x5FFF, 0x67BE, 0x4CD4, 0x21A8, 0x0023, 0x0044, 0x00E6, 0x1168,
  0x21EA, 0x224C, 0x220B, 0x19CA, 0x19A9, 0x1168, 0x0927, 0x0907, 0x00E6, 0x00C6, 0x00C6, 0x00C6,
  0x00C6, 0x00C6, 0x00C6, 0x00C6, 0x00C6, 0x00E6, 0x08E6, 0x00C6, 0x00C6, 0x00C5, 0x00A5, 0x00C5,
  0x00C5, 0x00C5, 0x00C5, 0x00C6, 0x00C5, 0x00C5, 0x00C5, 0x00C5, 0x00C5, 0x00C5, 0x00C5, 0x00C5,
  0x00C5, 0x00C5, 0x00C5, 0x00C5, 0x00C5, 0x00C5, 0x00C5, 0x00C5, 0x00C5, 0x00C5, 0x00C5, 0x00C6,
  0x00C6, 0x00C6, 0x00C6, 0x00C6, 0x00C5, 0x00C5, 0x00C5, 0x00C5, 0x00C6, 0x00C6, 0x00C5, 0x00C5,
  0x00C5, 0x00C6, 0x00C5, 0x00C5, 0x00C5, 0x00C5, 0x00C5, 0x00C5, 0x00C5, 0x00C6, 0x00C6, 0x00C5,
  0x00C6, 0x00C6, 0x00E6, 0x00E6, 0x00C6, 0x00C6, 0x00C5, 0x00C6, 0x00C6, 0x00C6, 0x08E6, 0x0906,
  0x0927, 0x0907, 0x0907, 0x00E6, 0x08E6, 0x0948, 0x1189, 0x19CA, 0x19EA, 0x19CA, 0x1A0B, 0x220B,
  0x1147, 0x00A4, 0x0023, 0x0002, 0x0043, 0x2ACC, 0x4E39, 0x4FFF, 0x3FFF, 0x3FDF, 0x47FF, 0x57FF,
  0x4DD7, 0x2209, 0x0022, 0x0084, 0x00E5, 0x0084, 0x00C5, 0x0968, 0x19C9, 0x19C9, 0x19C9, 0x19EA,
  0x21EA, 0x220A, 0x222B, 0x2A4B, 0x2A6B, 0x326C, 0x328C, 0x32AC, 0x3AAC, 0x3ACD, 0x3ACD, 0x42ED,
  0x430E, 0x430E, 0x4B2E, 0x4B2E, 0x4B4F, 0x534F, 0x536F, 0x536F, 0x536F, 0x5B90, 0x5B90, 0x5BB0,
  0x63D0, 0x63D1, 0x63D1, 0x63F1, 0x6C11, 0x6C11, 0x6C32, 0x7432, 0x7432, 0x7452, 0x7452, 0x7453,
  0x7C73, 0x7C73, 0x7C73, 0x7C93, 0x7C93, 0x7C93, 0x7C93, 0x7C93, 0x7C93, 0x8493, 0x84B3, 0x84B4,
  0x7C93, 0x7C93, 0x7C93, 0x7C93, 0x7C93, 0x7C93, 0x7C93, 0x7C93, 0x7C93, 0x7C93, 0x7C93, 0x7C93,
  0x7C73, 0x7473, 0x7473, 0x7473, 0x7453, 0x7452, 0x7452, 0x6C32, 0x6C32, 0x6C11, 0x6411, 0x63F1,
  0x63F1, 0x63D0, 0x5BD0, 0x5BB0, 0x5BB0, 0x5390, 0x538F, 0x536F, 0x536F, 0x4B4F, 0x4B2E, 0x4B2E,
  0x430E, 0x430D, 0x42ED, 0x3AED, 0x3ACD, 0x3ACD, 0x3AAC, 0x328C, 0x328C, 0x326C, 0x2A6B, 0x2A4B,
  0x222B, 0x220A, 0x220A, 0x21EA, 0x19EA, 0x220A, 0x19C9, 0x0906, 0x00C5, 0x0906, 0x0106, 0x0064,
  0x10E5, 0x43F0, 0x675D, 0x5FFF, 0x4FFF, 0x4FFF, 0x57FF, 0x67DF, 0x4D15, 0x21E9, 0x0043, 0x0044,
  0x00A5, 0x0927, 0x19CA, 0x220B, 0x220B, 0x220B, 0x19CA, 0x19AA, 0x1148, 0x08E6, 0x08E6, 0x0906,
  0x08E6, 0x00E6, 0x00E6, 0x00E6, 0x0907, 0x1148, 0x0927, 0x00E6, 0x0907, 0x00E6, 0x08E6, 0x08E6,
  0x00C6, 0x00C6, 0x00C6, 0x00C6, 0x00C6, 0x00C5, 0x00C5, 0x00C5, 0x00C6, 0x00C5, 0x00C5, 0x00C5,
  0x00C5, 0x00C5, 0x00C5, 0x00C5, 0x00C5, 0x00C5, 0x00C5, 0x00C5, 0x00C5, 0x00C5, 0x00C5, 0x00C5,
  0x00C6, 0x00C5, 0x00C5, 0x00C6, 0x00C5, 0x00C5, 0x00C5, 0x00C6, 0x00C6, 0x00C6, 0x00C5, 0x00C5,
  0x00C5, 0x00C6, 0x00E6, 0x00C5, 0x00C6, 0x00C5, 0x00C6, 0x00C5, 0x00C6, 0x00C6, 0x00C6, 0x00C6,
  0x00C6, 0x00C5, 0x00C5, 0x00C6, 0x00C6, 0x00C6, 0x00C5, 0x00E6, 0x0927, 0x0948, 0x0927, 0x0907,
  0x0906, 0x08E6, 0x0907, 0x0907, 0x11A9, 0x19EA, 0x220B, 0x222C, 0x220B, 0x19A9, 0x1127, 0x0084,
  0x0002, 0x0001, 0x0884, 0x330D, 0x5679, 0x57FF, 0x3FFF, 0x37DF, 0x3FFF, 0x4FFF, 0x4DF8, 0x2A4A,
  0x0043, 0x0044, 0x00E5, 0x00A5, 0x0084, 0x0927, 0x11C9, 0x19C9, 0x19C9, 0x19E9, 0x21EA, 0x220A,
  0x220A, 0x2A2B, 0x2A4B, 0x2A6B, 0x328C, 0x328C, 0x3AAC, 0x3ACD, 0x3ACD, 0x3ACD, 0x42ED, 0x430E,
  0x4B0E, 0x4B2E, 0x4B2E, 0x4B4F, 0x536F, 0x536F, 0x536F, 0x5390, 0x5B90, 0x5BB0, 0x5BB0, 0x63D0,
  0x63D1, 0x63F1, 0x63F1, 0x6C11, 0x6C12, 0x6C32, 0x7432, 0x7452, 0x7452, 0x7452, 0x7473, 0x7C73,
  0x7C73, 0x7C93, 0x7C93, 0x7C93, 0x8493, 0x84B4, 0x84B4, 0x84B4, 0x84B4, 0x84B4, 0x84B4, 0x84B4,
  0x7CB4, 0x7CB4, 0x7CB4, 0x7CB4, 0x7CB4, 0x7CB4, 0x84B4, 0x7CB4, 0x7CB4, 0x7CB4, 0x7C93, 0x7C93,
  0x7C93, 0x7C93, 0x7C93, 0x7C73, 0x7473, 0x7473, 0x7453, 0x7452, 0x6C32, 0x6C32, 0x6C32, 0x6C11,
  0x63F1, 0x63F1, 0x63F1, 0x63D0, 0x5BB0, 0x5BB0, 0x5B90, 0x538F, 0x536F, 0x536F, 0x4B4F, 0x4B4F,
  0x4B2E, 0x432E, 0x430E, 0x430E, 0x42ED, 0x3AED, 0x3ACD, 0x3AAC, 0x32AC, 0x328C, 0x326C, 0x2A6B,
  0x2A4B, 0x2A4B, 0x222A, 0x220A, 0x220A, 0x21EA, 0x220A, 0x220A, 0x1188, 0x0906, 0x00E6, 0x0926,
  0x00E6, 0x0064, 0x1126, 0x4C51, 0x675D, 0x5FFF, 0x4FFF, 0x4FFF, 0x57FF, 0x67FF, 0x5576, 0x328B,
  0x0884, 0x0023, 0x0064, 0x08E6, 0x1168, 0x21EA, 0x222C, 0x1A0B, 0x19CA, 0x1168, 0x0927, 0x0907,
  0x08E6, 0x00C6, 0x00C6, 0x0907, 0x0927, 0x0948, 0x1189, 0x1189, 0x1169, 0x1168, 0x11A9, 0x1189,
  0x0906, 0x00C6, 0x00E6, 0x00C6, 0x00C6, 0x00C5, 0x00C5, 0x00C5, 0x00C5, 0x00C6, 0x00C6, 0x00C5,
  0x00C5, 0x00C5, 0x00C5, 0x00C5, 0x00C5, 0x00C5, 0x00C6, 0x00C5, 0x00C5, 0x00C5, 0x00C6, 0x00C6,
  0x00C6, 0x00C6, 0x00C6, 0x00C6, 0x00C6, 0x00C5, 0x00C5, 0x00C5, 0x00C6, 0x00C6, 0x00C6, 0x00C6,
  0x00C6, 0x00E6, 0x08E6, 0x00C6, 0x00C5, 0x00C5, 0x00C6, 0x00C6, 0x00C6, 0x00C6, 0x00C5, 0x00C5,
  0x00E6, 0x0907, 0x0907, 0x0927, 0x08E6, 0x0907, 0x1168, 0x0927, 0x00C6, 0x1189, 0x19AA, 0x19A9,
  0x19A9, 0x19CA, 0x19EA, 0x220B, 0x224C, 0x224C, 0x222B, 0x1989, 0x08E5, 0x0064, 0x0002, 0x0001,
  0x1105, 0x3BD0, 0x56FB, 0x4FFF, 0x47FF, 0x3FDF, 0x47FF, 0x57FF, 0x5659, 0x32AB, 0x0043, 0x0043,
  0x00E6, 0x00C5, 0x00A4, 0x08E6, 0x19A9, 0x1A0A, 0x19E9, 0x19E9, 0x220A, 0x220A, 0x220A, 0x2A2B,
  0x2A4B, 0x2A6B, 0x326C, 0x328C, 0x32AC, 0x3AAD, 0x3ACD, 0x42ED, 0x42ED, 0x430E, 0x430E, 0x4B2E,
  0x4B2E, 0x4B4F, 0x536F, 0x536F, 0x538F, 0x5B90, 0x5B90, 0x5BB0, 0x5BB0, 0x63D0, 0x63D0, 0x63F1,
  0x63F1, 0x6C11, 0x6C11, 0x6C32, 0x7432, 0x7452, 0x7452, 0x7452, 0x7473, 0x7C73, 0x7C73, 0x7C93,
  0x7C93, 0x7C93, 0x84B3, 0x84B4, 0x84B4, 0x84B4, 0x84B4, 0x84B4, 0x84D4, 0x84D4, 0x84D4, 0x84D4,
  0x84B4, 0x84B4, 0x84B4, 0x84B4, 0x84B4, 0x84D4, 0x84D4, 0x84B4, 0x84B4, 0x84B4, 0x7CB4, 0x7CB4,
  0x7C93, 0x7C93, 0x7C93, 0x7C93, 0x7C93, 0x7C73, 0x7473, 0x7473, 0x7452, 0x6C52, 0x6C32, 0x6C32,
  0x6C11, 0x63F1, 0x63F1, 0x63F1, 0x63D1, 0x5BD0, 0x5BB0, 0x5BB0, 0x5390, 0x538F, 0x536F, 0x4B4F,
  0x4B4F, 0x4B2E, 0x432E, 0x430E, 0x430E, 0x42ED, 0x42ED, 0x3ACD, 0x3AAC, 0x32AC, 0x328C, 0x328C,
  0x2A6B, 0x2A4B, 0x2A4B, 0x2A2B, 0x222A, 0x220A, 0x220A, 0x220A, 0x222A, 0x1A0A, 0x1168, 0x00E6,
  0x00E6, 0x0907, 0x00E6, 0x0064, 0x1947, 0x4431, 0x671C, 0x5FFF, 0x4FFF, 0x4FFF, 0x57FF, 0x67FF,
  0x5E79, 0x3B8F, 0x1947, 0x0023, 0x0023, 0x00A5, 0x0927, 0x1988, 0x220B, 0x222B, 0x220B, 0x19CA,
  0x19A9, 0x1189, 0x0927, 0x0906, 0x0906, 0x08E6, 0x0906, 0x0927, 0x0927, 0x0907, 0x0927, 0x0927,
  0x0906, 0x00C6, 0x00C6, 0x00C6, 0x00C6, 0x00C5, 0x00C5, 0x00C6, 0x00C5, 0x00C5, 0x00C5, 0x00C5,
  0x00C5, 0x00C5, 0x00C5, 0x00C5, 0x00C5, 0x00C5, 0x00C5, 0x00C6, 0x00C6, 0x00C6, 0x00C6, 0x00C6,
  0x00C6, 0x00E6, 0x00E6, 0x00C6, 0x00C6, 0x00C6, 0x00C5, 0x00C5, 0x00C5, 0x00C6, 0x00C6, 0x00E6,
  0x00E6, 0x00C5, 0x00C6, 0x00C6, 0x00C5, 0x00C5, 0x00C5, 0x00A5, 0x00C5, 0x00C6, 0x00E6, 0x0907,
  0x0927, 0x1168, 0x1169, 0x11A9, 0x1168, 0x1148, 0x1168, 0x08E6, 0x1168, 0x19EB, 0x19CA, 0x19EA,
  0x1A0B, 0x222B, 0x222C, 0x220B, 0x19A9, 0x0906, 0x0084, 0x0023, 0x0001, 0x0023, 0x21C8, 0x44D3,
  0x577D, 0x4FFF, 0x3FFF, 0x3FFF, 0x47FF, 0x57FF, 0x5659, 0x32EC, 0x0884, 0x0023, 0x00C5, 0x00C5,
  0x00A5, 0x00C5, 0x1188, 0x19EA, 0x19EA, 0x19E9, 0x21EA, 0x220A, 0x220A, 0x2A2A, 0x2A4B, 0x2A4B,
  0x2A6B, 0x328C, 0x328C, 0x3AAC, 0x3AAD, 0x3ACD, 0x42ED, 0x42ED, 0x430E, 0x4B0E, 0x4B2E, 0x4B4E,
  0x534F, 0x536F, 0x536F, 0x538F, 0x5B90, 0x5BB0, 0x5BB0, 0x5BB0, 0x63D0, 0x63D1, 0x63F1, 0x63F1,
  0x6C11, 0x6C11, 0x6C12, 0x7432, 0x7432, 0x7452, 0x7453, 0x7C73, 0x7C73, 0x7C93, 0x7C93, 0x7C93,
  0x84B3, 0x84B4, 0x84B4, 0x84B4, 0x84D4, 0x84D4, 0x84D4, 0x84D4, 0x84D4, 0x84D4, 0x8CD4, 0x8CD4,
  0x84D4, 0x84D4, 0x84D4, 0x84D4, 0x84D4, 0x84D4, 0x84D4, 0x84D4, 0x84D4, 0x84D4, 0x84B4, 0x84B4,
  0x84B4, 0x7CB4, 0x7CB3, 0x7C93, 0x7C93, 0x7C93, 0x7C73, 0x7473, 0x7473, 0x7452, 0x7452, 0x6C32,
  0x6C32, 0x6C12, 0x6C11, 0x6411, 0x63F1, 0x63D1, 0x5BD0, 0x5BB0, 0x5BB0, 0x5390, 0x538F, 0x536F,
  0x4B4F, 0x4B4F, 0x4B4E, 0x4B2E, 0x430E, 0x430E, 0x430E, 0x3AED, 0x3ACD, 0x3ACD, 0x3AAC, 0x328C,
  0x328C, 0x326C, 0x2A6B, 0x2A4B, 0x2A2B, 0x222A, 0x222A, 0x220A, 0x220A, 0x220A, 0x224B, 0x19EA,
  0x0947, 0x00E6, 0x00E6, 0x0927, 0x00C5, 0x0044, 0x1106, 0x43AF, 0x5EBA, 0x67FF, 0x4FFF, 0x4FFF,
  0x4FFF, 0x5FFF, 0x677D, 0x5514, 0x2A6B, 0x0884, 0x0002, 0x0023, 0x00A5, 0x1147, 0x19A9, 0x220B,
  0x222B, 0x220B, 0x220B, 0x19CA, 0x1168, 0x0927, 0x0907, 0x08E6, 0x0927, 0x08E6, 0x00C6, 0x00C5,
  0x00A5, 0x00C5, 0x00C6, 0x00C5, 0x00C5, 0x00C5, 0x00C5, 0x00C5, 0x00C5, 0x00C5, 0x00C5, 0x00C6,
  0x00C5, 0x00C5, 0x00C5, 0x00C5, 0x00C5, 0x00C5, 0x00C5, 0x00C5, 0x00C6, 0x00E6, 0x00C6, 0x00C6,
  0x00C6, 0x00C6, 0x00C6, 0x00C6, 0x00C6, 0x00E6, 0x00C5, 0x00E6, 0x0906, 0x08E6, 0x08E6, 0x08E6,
  0x00E6, 0x00C5, 0x00C5, 0x00A5, 0x00A5, 0x00C5, 0x1127, 0x0927, 0x08E6, 0x00E6, 0x00E6, 0x0907,
  0x0907, 0x0948, 0x1148, 0x1189, 0x1168, 0x1168, 0x1189, 0x19AA, 0x1A0B, 0x220B, 0x222B, 0x222C,
  0x224C, 0x19CA, 0x1127, 0x00A5, 0x0043, 0x0002, 0x0002, 0x10E5, 0x334E, 0x4E18, 0x57FF, 0x4FFF,
  0x3FFF, 0x3FFF, 0x4FFF, 0x57FF, 0x55F7, 0x32AB, 0x0863, 0x0043, 0x00C5, 0x00E6, 0x00A4, 0x00C5,
  0x1168, 0x19EA, 0x19EA, 0x19E9, 0x21EA, 0x220A, 0x220A, 0x222A, 0x2A2B, 0x2A4B, 0x2A6B, 0x326B,
  0x328C, 0x328C, 0x3AAC, 0x3ACD, 0x3ACD, 0x42ED, 0x430D, 0x430E, 0x4B2E, 0x4B2E, 0x4B4F, 0x534F,
  0x536F, 0x538F, 0x5390, 0x5B90, 0x5BB0, 0x5BB0, 0x5BD0, 0x63D1, 0x63D1, 0x63F1, 0x63F1, 0x6C11,
  0x6C11, 0x6C12, 0x6C32, 0x7452, 0x7452, 0x7473, 0x7C73, 0x7C73, 0x7C93, 0x7C93, 0x7C93, 0x84B4,
  0x84B4, 0x84B4, 0x84D4, 0x84D4, 0x84D4, 0x8CD4, 0x8CD4, 0x8CF4, 0x8CF4, 0x8CF4, 0x8CF5, 0x8CF5,
  0x84D4, 0x84D4, 0x84D4, 0x84D4, 0x84F4, 0x84D4, 0x84D4, 0x84D4, 0x84D4, 0x84D4, 0x84D4, 0x84D4,
  0x84D4, 0x84B4, 0x7CB4, 0x7CB4, 0x7CB4, 0x7C93, 0x7C93, 0x7C93, 0x7473, 0x7473, 0x7453, 0x7452,
  0x6C32, 0x6C32, 0x6C32, 0x6C12, 0x6411, 0x63F1, 0x63D1, 0x5BD0, 0x5BB0, 0x5BB0, 0x5BB0, 0x5390,
  0x536F, 0x536F, 0x4B4F, 0x4B4F, 0x4B2E, 0x4B2E, 0x430E, 0x430D, 0x3AED, 0x3AED, 0x3ACD, 0x3AAC,
  0x32AC, 0x328C, 0x328C, 0x326B, 0x2A6B, 0x2A4B, 0x2A4B, 0x2A2B, 0x222A, 0x220A, 0x220A, 0x222A,
  0x222B, 0x19C9, 0x0927, 0x00C5, 0x00E6, 0x0906, 0x00C6, 0x0064, 0x08A5, 0x32EC, 0x5E39, 0x67FF,
  0x5FFF, 0x4FFF, 0x4FFF, 0x57FF, 0x67FF, 0x5EBA, 0x4C31, 0x21C9, 0x0063, 0x0002, 0x0023, 0x0084,
  0x0906, 0x1168, 0x19EA, 0x220B, 0x220B, 0x220B, 0x19CA, 0x1189, 0x1168, 0x1148, 0x0927, 0x08E6,
  0x00C5, 0x00C6, 0x00E6, 0x00C6, 0x00C5, 0x08E6, 0x00E6, 0x00E6, 0x00E6, 0x00C6, 0x00E6, 0x00E6,
  0x00C6, 0x00C5, 0x00C5, 0x00C5, 0x00C5, 0x00C6, 0x00E6, 0x00E6, 0x00C6, 0x00C6, 0x00C6, 0x00E6,
  0x08E6, 0x08E6, 0x00E6, 0x00E6, 0x00C6, 0x00E6, 0x00E6, 0x0907, 0x1189, 0x0948, 0x0907, 0x1148,
  0x08E6, 0x00E6, 0x0907, 0x0907, 0x0927, 0x1168, 0x19CA, 0x19CA, 0x19EA, 0x0906, 0x0906, 0x00E6,
  0x0906, 0x1168, 0x19CA, 0x19A9, 0x19EA, 0x19EB, 0x222B, 0x224C, 0x224C, 0x222B, 0x19C9, 0x1147,
  0x08C5, 0x0043, 0x0002, 0x0002, 0x0884, 0x226A, 0x4535, 0x577D, 0x4FFF, 0x47FF, 0x3FFF, 0x47FF,
  0x4FFF, 0x5FBE, 0x4D35, 0x21E9, 0x0043, 0x0043, 0x00C5, 0x00E5, 0x00A5, 0x00C5, 0x1147, 0x19EA,
  0x1A0A, 0x19EA, 0x21EA, 0x220A, 0x222A, 0x222A, 0x2A2B, 0x2A4B, 0x2A6B, 0x326C, 0x328C, 0x328C,
  0x32AC, 0x3AAD, 0x3ACD, 0x42ED, 0x42ED, 0x430E, 0x4B0E, 0x4B2E, 0x4B4E, 0x4B4F, 0x536F, 0x536F,
  0x538F, 0x5B90, 0x5BB0, 0x5BB0, 0x5BD0, 0x63D1, 0x63F1, 0x63F1, 0x63F1, 0x6C11, 0x6C11, 0x6C32,
  0x6C32, 0x7432, 0x7452, 0x7452, 0x7473, 0x7C73, 0x7C93, 0x7C93, 0x7C93, 0x84B4, 0x84B4, 0x84B4,
  0x84D4, 0x84D4, 0x84D4, 0x8CD4, 0x8CF4, 0x8CF5, 0x8CF5, 0x8CF5, 0x8CF5, 0x8CF5, 0x8CF5, 0x8CF5,
  0x84F5, 0x8CF4, 0x8CF5, 0x8CF5, 0x8CF5, 0x8CF5, 0x84F5, 0x8CF5, 0x8CF5, 0x84F4, 0x84D4, 0x84D4,
  0x84D4, 0x84D4, 0x84D4, 0x84D4, 0x84B4, 0x7CB4, 0x7CB4, 0x7C93, 0x7C93, 0x7C73, 0x7473, 0x7473,
  0x7452, 0x6C32, 0x6C32, 0x6C32, 0x6C12, 0x6411, 0x63F1, 0x63F1, 0x63D1, 0x5BD0, 0x5BB0, 0x5BB0,
  0x5B90, 0x538F, 0x536F, 0x536F, 0x4B4F, 0x4B4F, 0x4B2E, 0x430E, 0x430E, 0x42ED, 0x3AED, 0x3ACD,
  0x3ACD, 0x3AAC, 0x328C, 0x328C, 0x328C, 0x326B, 0x2A6B, 0x2A4B, 0x2A4B, 0x2A2A, 0x222A, 0x220A,
  0x220A, 0x222A, 0x222B, 0x19C9, 0x0927, 0x00C5, 0x00E5, 0x0106, 0x00E6, 0x0064, 0x0884, 0x2A6B,
  0x5555, 0x679E, 0x5FFF, 0x4FFF, 0x47FF, 0x4FFF, 0x57FF, 0x5FFF, 0x5E59, 0x3BD0, 0x19A8, 0x0043,
  0x0002, 0x0002, 0x0064, 0x08E6, 0x1147, 0x1989, 0x21EB, 0x220B, 0x19CA, 0x19EB, 0x19EA, 0x19CA,
  0x1189, 0x1148, 0x1168, 0x19CA, 0x1189, 0x1189, 0x19AA, 0x11A9, 0x1189, 0x1169, 0x1189, 0x0928,
  0x0907, 0x00E6, 0x00C6, 0x00C5, 0x00C5, 0x00C5, 0x00C5, 0x00E6, 0x0907, 0x0927, 0x0907, 0x00E6,
  0x00C6, 0x00C6, 0x00C6, 0x00E6, 0x00E6, 0x00E6, 0x08E6, 0x0907, 0x1148, 0x11A9, 0x1189, 0x1148,
  0x0927, 0x0948, 0x11A9, 0x1189, 0x19A9, 0x19EA, 0x19CA, 0x19A9, 0x19CA, 0x19AA, 0x19CA, 0x11A9,
  0x19A9, 0x19CA, 0x222B, 0x224C, 0x224C, 0x222B, 0x19EA, 0x1168, 0x0906, 0x00A5, 0x0043, 0x0002,
  0x0002, 0x0884, 0x2209, 0x3C51, 0x4EBB, 0x4FFF, 0x47FF, 0x3FFF, 0x3FFF, 0x47FF, 0x57FF, 0x571C,
  0x4451, 0x1947, 0x0022, 0x0064, 0x00C5, 0x00C5, 0x00A5, 0x00C5, 0x0947, 0x19C9, 0x220A, 0x220A,
  0x220A, 0x220A, 0x222A, 0x222B, 0x2A4B, 0x2A4B, 0x2A6B, 0x326C, 0x328C, 0x328C, 0x3AAC, 0x3AAD,
  0x3ACD, 0x3AED, 0x42ED, 0x430E, 0x430E, 0x4B2E, 0x4B2E, 0x4B4F, 0x534F, 0x536F, 0x536F, 0x5390,
  0x5B90, 0x5BB0, 0x5BB0, 0x5BD0, 0x63D1, 0x63F1, 0x63F1, 0x6C11, 0x6C11, 0x6C12, 0x6C32, 0x7432,
  0x7452, 0x7452, 0x7453, 0x7C73, 0x7C93, 0x7C93, 0x7C93, 0x84B3, 0x84B4, 0x84B4, 0x84D4, 0x84D4,
  0x8CD4, 0x8CF4, 0x8CF5, 0x8CF5, 0x8CF5, 0x8CF5, 0x8CF5, 0x8CF5, 0x8CF5, 0x8D15, 0x8D15, 0x8D15,
  0x8CF5, 0x8CF5, 0x8CF5, 0x8CF5, 0x8CF5, 0x8CF5, 0x8CF5, 0x8CF5, 0x8CF5, 0x8CF5, 0x8CF5, 0x84F5,
  0x84F4, 0x84D4, 0x84D4, 0x84D4, 0x84D4, 0x84B4, 0x84B4, 0x7CB4, 0x7CB4, 0x7C93, 0x7C93, 0x7C73,
  0x7473, 0x7452, 0x7452, 0x7452, 0x6C32, 0x6C32, 0x6C11, 0x63F1, 0x63F1, 0x63F1, 0x63D1, 0x5BD0,
  0x5BB0, 0x5B90, 0x538F, 0x536F, 0x536F, 0x4B4F, 0x4B4F, 0x4B2E, 0x432E, 0x430E, 0x430E, 0x42ED,
  0x3AED, 0x3ACD, 0x3ACD, 0x3AAC, 0x328C, 0x328C, 0x328C, 0x326B, 0x2A6B, 0x2A4B, 0x2A4B, 0x2A4B,
  0x222A, 0x222A, 0x220A, 0x222A, 0x222B, 0x19C9, 0x0927, 0x00C5, 0x00C5, 0x0906, 0x0106, 0x0084,
  0x0063, 0x1967, 0x43F0, 0x5E9A, 0x67FF, 0x57FF, 0x4FFF, 0x47FF, 0x4FFF, 0x5FFF, 0x67FF, 0x5639,
  0x4451, 0x2209, 0x0884, 0x0002, 0x0002, 0x0023, 0x0084, 0x08E6, 0x1127, 0x19A9, 0x220B, 0x222B,
  0x222C, 0x222C, 0x222B, 0x220B, 0x19CA, 0x1147, 0x08E6, 0x08E6, 0x00E6, 0x08E6, 0x00C5, 0x00A5,
  0x00C6, 0x00E6, 0x00E6, 0x08E6, 0x0907, 0x0907, 0x1168, 0x19EA, 0x19EA, 0x19EA, 0x19CA, 0x1168,
  0x1148, 0x0927, 0x0907, 0x0906, 0x08E6, 0x0907, 0x0927, 0x0927, 0x0927, 0x1148, 0x1148, 0x19A9,
  0x19CA, 0x19CA, 0x11A9, 0x19A9, 0x19CA, 0x11A9, 0x19A9, 0x19CA, 0x19CA, 0x19EB, 0x220B, 0x222B,
  0x222B, 0x19EA, 0x19A9, 0x1167, 0x08E6, 0x00A4, 0x0043, 0x0002, 0x0002, 0x0002, 0x08C5, 0x224A,
  0x4472, 0x56BA, 0x57FF, 0x4FFF, 0x3FFF, 0x3FFF, 0x47FF, 0x4FFF, 0x57DF, 0x4DD7, 0x32EC, 0x08C5,
  0x0022, 0x0084, 0x00E6, 0x00C5, 0x00A4, 0x00C5, 0x1167, 0x19EA, 0x220A, 0x220A, 0x220A, 0x222A,
  0x222B, 0x2A4B, 0x2A4B, 0x2A6B, 0x326B, 0x326C, 0x328C, 0x328C, 0x3AAC, 0x3AAD, 0x3ACD, 0x3ACD,
  0x42ED, 0x430D, 0x430E, 0x4B2E, 0x4B2E, 0x4B4F, 0x534F, 0x536F, 0x536F, 0x538F, 0x5B90, 0x5BB0,
  0x5BB0, 0x5BD0, 0x63D1, 0x63D1, 0x63F1, 0x6C11, 0x6C11, 0x6C12, 0x6C32, 0x6C32, 0x7432, 0x7452,
  0x7452, 0x7473, 0x7C73, 0x7C93, 0x7C93, 0x84B4, 0x84B4, 0x84B4, 0x84D4, 0x84D4, 0x84D4, 0x8CF4,
  0x8CF4, 0x8CF5, 0x8CF5, 0x8D15, 0x8D15, 0x8D15, 0x8D15, 0x9515, 0x8D15, 0x8D15, 0x9515, 0x9515,
  0x8D15, 0x8D15, 0x8D15, 0x8D15, 0x8D15, 0x8D15, 0x8D15, 0x8D15, 0x8CF5, 0x8CF5, 0x8CF5, 0x8CF5,
  0x8CF5, 0x8CF5, 0x84F5, 0x84F5, 0x84D4, 0x84D4, 0x84D4, 0x84D4, 0x84B4, 0x7CB4, 0x7C93, 0x7C93,
  0x7C73, 0x7473, 0x7473, 0x7452, 0x7452, 0x6C32, 0x6C32, 0x6C11, 0x6411, 0x63F1, 0x63F1, 0x63D1,
  0x5BD0, 0x5BB0, 0x5390, 0x5390, 0x538F, 0x536F, 0x4B6F, 0x4B4F, 0x4B4E, 0x4B2E, 0x432E, 0x430E,
  0x42ED, 0x42ED, 0x3ACD, 0x3ACD, 0x3ACC, 0x3AAC, 0x32AC, 0x328C, 0x328C, 0x326B, 0x2A6B, 0x2A6B,
  0x2A4B, 0x2A4B, 0x2A2B, 0x222A, 0x220A, 0x222A, 0x222B, 0x19E9, 0x0947, 0x00C5, 0x00C5, 0x00E6,
  0x0106, 0x00C5, 0x0044, 0x08A4, 0x2A6A, 0x4D14, 0x675D, 0x5FFF, 0x57FF, 0x4FFF, 0x47FF, 0x4FFF,
  0x57FF, 0x5FFF, 0x5EBB, 0x4CD3, 0x2ACC, 0x1146, 0x0043, 0x0002, 0x0002, 0x0023, 0x0064, 0x00C5,
  0x0906, 0x1168, 0x1988, 0x19CA, 0x220B, 0x224C, 0x222B, 0x1189, 0x1148, 0x0907, 0x0927, 0x1148,
  0x0927, 0x0907, 0x1148, 0x0927, 0x1148, 0x1189, 0x19A9, 0x1127, 0x00C5, 0x0927, 0x19A9, 0x1189,
  0x0948, 0x0927, 0x0907, 0x0906, 0x0948, 0x0948, 0x08E6, 0x0927, 0x1168, 0x1148, 0x0948, 0x1189,
  0x19CA, 0x19CA, 0x19CA, 0x19EA, 0x19EB, 0x220B, 0x222B, 0x220B, 0x19CA, 0x19A9, 0x1168, 0x0906,
  0x08C5, 0x0084, 0x0043, 0x0002, 0x0002, 0x0002, 0x0043, 0x1146, 0x2AEC, 0x4514, 0x4EFC, 0x57FF,
  0x4FFF, 0x3FFF, 0x3FFF, 0x3FFF, 0x4FFF, 0x57FF, 0x567A, 0x3BF0, 0x1987, 0x0043, 0x0043, 0x00A5,
  0x00E5, 0x00A5, 0x0084, 0x08E5, 0x1168, 0x1A0A, 0x222B, 0x222A, 0x220A, 0x222A, 0x2A2B, 0x2A4B,
  0x2A4B, 0x2A6B, 0x326C, 0x328C, 0x328C, 0x32AC, 0x32AC, 0x3AAC, 0x3ACD, 0x3AED, 0x42ED, 0x42ED,
  0x430E, 0x430E, 0x4B2E, 0x4B2E, 0x4B4F, 0x536F, 0x536F, 0x538F, 0x5390, 0x5B90, 0x5BB0, 0x5BB0,
  0x5BD0, 0x63D1, 0x63F1, 0x63F1, 0x6C11, 0x6C12, 0x6C32, 0x6C32, 0x6C32, 0x7452, 0x7452, 0x7473,
  0x7473, 0x7C73, 0x7C93, 0x7C93, 0x7CB4, 0x84B4, 0x84D4, 0x84D4, 0x84D4, 0x8CD4, 0x8CF4, 0x8CF5,
  0x8CF5, 0x8D15, 0x8D15, 0x8D15, 0x9515, 0x9515, 0x9515, 0x9535, 0x9515, 0x9515, 0x9535, 0x9535,
  0x8D15, 0x8D15, 0x8D15, 0x8D15, 0x8D15, 0x8D15, 0x8D15, 0x8D15, 0x8D15, 0x8D15, 0x8D15, 0x8D15,
  0x8D15, 0x8CF5, 0x8CF5, 0x8CF5, 0x8CF5, 0x84F5, 0x84D4, 0x84D4, 0x84D4, 0x84B4, 0x84B4, 0x7CB4,
  0x7C93, 0x7C93, 0x7C93, 0x7473, 0x7473, 0x7452, 0x6C32, 0x6C32, 0x6C12, 0x6C11, 0x6411, 0x63F1,
  0x63F1, 0x5BD1, 0x5BD0, 0x5BB0, 0x5BB0, 0x5390, 0x536F, 0x536F, 0x4B4F, 0x4B4F, 0x4B2E, 0x4B2E,
  0x430E, 0x430E, 0x42ED, 0x42ED, 0x3ACD, 0x3ACD, 0x3ACD, 0x3AAC, 0x32AC, 0x328C, 0x328C, 0x328C,
  0x326C, 0x326B, 0x2A6B, 0x2A4B, 0x2A4B, 0x2A2B, 0x222A, 0x224B, 0x224B, 0x220A, 0x1188, 0x0906,
  0x00C5, 0x00E6, 0x0106, 0x00E6, 0x0064, 0x0043, 0x1126, 0x330D, 0x4D55, 0x5F3C, 0x5FFF, 0x57FF,
  0x4FFF, 0x47FF, 0x4FFF, 0x57FF, 0x5FFF, 0x5FBE, 0x5659, 0x4472, 0x2AAC, 0x1147, 0x0063, 0x0002,
  0x0001, 0x0002, 0x0022, 0x0043, 0x0084, 0x08E5, 0x1127, 0x1147, 0x1988, 0x1989, 0x21EA, 0x222B,
  0x222B, 0x220B, 0x220B, 0x220B, 0x19EA, 0x19A9, 0x19A9, 0x19AA, 0x19CA, 0x220B, 0x220B, 0x222B,
  0x224C, 0x224C, 0x222C, 0x222B, 0x1A0B, 0x19EB, 0x1A0B, 0x1A0B, 0x222B, 0x222B, 0x222B, 0x1A0B,
  0x19CA, 0x19CA, 0x19C9, 0x19A9, 0x1188, 0x1126, 0x08E6, 0x00C5, 0x0084, 0x0043, 0x0002, 0x0002,
  0x0001, 0x0002, 0x08A4, 0x19A8, 0x2ACC, 0x3C72, 0x4E59, 0x57BE, 0x57FF, 0x47FF, 0x3FFF, 0x3FFF,
  0x47FF, 0x4FFF, 0x57FF, 0x4E7A, 0x3C51, 0x2209, 0x0884, 0x0023, 0x0084, 0x00C5, 0x00C5, 0x0084,
  0x00A5, 0x0926, 0x19C9, 0x222B, 0x224B, 0x222B, 0x2A2B, 0x2A4B, 0x2A4B, 0x2A6B, 0x326B, 0x326C,
  0x328C, 0x328C, 0x32AC, 0x3AAC, 0x3ACD, 0x3ACD, 0x3ACD, 0x3AED, 0x42ED, 0x430E, 0x430E, 0x430E,
  0x4B2E, 0x4B2E, 0x4B4F, 0x4B4F, 0x536F, 0x536F, 0x5390, 0x5B90, 0x5BB0, 0x5BB0, 0x5BD0, 0x63D1,
  0x63F1, 0x63F1, 0x6411, 0x6C11, 0x6C12, 0x6C32, 0x6C32, 0x7452, 0x7452, 0x7452, 0x7473, 0x7C73,
  0x7C93, 0x7C93, 0x7C93, 0x84B4, 0x84B4, 0x84D4, 0x84D4, 0x8CD4, 0x8CF4, 0x8CF5, 0x8CF5, 0x8D15,
  0x8D15, 0x9515, 0x9515, 0x9535, 0x9535, 0x9535, 0x9535, 0x9535, 0x9535, 0x9535, 0x9536, 0x9536,
  0x8D15, 0x8D15, 0x8D35, 0x8D15, 0x9535, 0x8D15, 0x8D15, 0x8D15, 0x8D15, 0x8D15, 0x8D15, 0x8D15,
  0x8D15, 0x8D15, 0x8D15, 0x8D15, 0x8CF5, 0x8CF5, 0x84F5, 0x84F4, 0x84D4, 0x84D4, 0x84D4, 0x84B4,
  0x7CB4, 0x7C93, 0x7C93, 0x7C93, 0x7473, 0x7473, 0x7452, 0x6C52, 0x6C32, 0x6C32, 0x6C12, 0x6411,
  0x63F1, 0x63F1, 0x63D1, 0x5BD0, 0x5BB0, 0x5BB0, 0x5390, 0x538F, 0x536F, 0x4B4F, 0x4B4F, 0x4B4E,
  0x4B2E, 0x4B2E, 0x430E, 0x430E, 0x42ED, 0x42ED, 0x3AED, 0x3ACD, 0x3ACD, 0x3AAC, 0x3AAD, 0x3AAC,
  0x32AC, 0x32AC, 0x328C, 0x328C, 0x328C, 0x2A6B, 0x2A6B, 0x2A4B, 0x2A4B, 0x2A6B, 0x2A8C, 0x226B,
  0x19E9, 0x0927, 0x00C5, 0x00C5, 0x00E6, 0x00E6, 0x00A5, 0x0064, 0x0043, 0x1105, 0x328B, 0x4492,
  0x5EBA, 0x5FFF, 0x5FFF, 0x4FFF, 0x47FF, 0x47FF, 0x47FF, 0x57FF, 0x57FF, 0x57BE, 0x569A, 0x4D35,
  0x3BAF, 0x226B, 0x1947, 0x0884, 0x0002, 0x0001, 0x0001, 0x0002, 0x0002, 0x0043, 0x0063, 0x0084,
  0x00A5, 0x08C5, 0x08E5, 0x0906, 0x1127, 0x1147, 0x1147, 0x1147, 0x1168, 0x1988, 0x1988, 0x1989,
  0x19A9, 0x19A9, 0x1188, 0x1188, 0x1168, 0x1148, 0x1147, 0x1127, 0x0927, 0x0926, 0x0906, 0x08C5,
  0x00A4, 0x0084, 0x0043, 0x0022, 0x0002, 0x0001, 0x0001, 0x0001, 0x0022, 0x0884, 0x1167, 0x22AC,
  0x3411, 0x4596, 0x4EFC, 0x57FF, 0x4FFF, 0x4FFF, 0x3FFF, 0x3FFF, 0x3FFF, 0x47FF, 0x4FFF, 0x57DE,
  0x4E39, 0x3C10, 0x21C8, 0x0063, 0x0022, 0x0064, 0x00C5, 0x00E5, 0x00A5, 0x0084, 0x00E5, 0x1168,
  0x220A, 0x2A6B, 0x2A6B, 0x2A4B, 0x2A4B, 0x2A6B, 0x2A6C, 0x328C, 0x328C, 0x328C, 0x32AC, 0x32AC,
  0x3AAC, 0x3AAC, 0x3ACD, 0x3ACD, 0x3AED, 0x42ED, 0x42ED, 0x430E, 0x430E, 0x4B2E, 0x4B2E, 0x4B4E,
  0x4B4F, 0x4B4F, 0x536F, 0x536F, 0x538F, 0x5390, 0x5BB0, 0x5BB0, 0x5BD0, 0x5BD0, 0x63D1, 0x63F1,
  0x63F1, 0x6C11, 0x6C11, 0x6C32, 0x6C32, 0x7432, 0x7452, 0x7452, 0x7453, 0x7473, 0x7C73, 0x7C93,
  0x7C93, 0x7C94, 0x84B4, 0x84B4, 0x84D4, 0x84D4, 0x8CF4, 0x8CF5, 0x8CF5, 0x8CF5, 0x8D15, 0x8D15,
  0x9515, 0x9515, 0x9535, 0x9535, 0x9535, 0x9536, 0x9536, 0x9536, 0x9536, 0x9536, 0x9536, 0x9556,
  0x9536, 0x9536, 0x9536, 0x9536, 0x9535, 0x9535, 0x9536, 0x9536, 0x9535, 0x9535, 0x9535, 0x9535,
  0x8D35, 0x8D15, 0x8D15, 0x8D15, 0x8D15, 0x8D15, 0x8CF5, 0x8CF5, 0x84F5, 0x84F5, 0x84D4, 0x84D4,
  0x84B4, 0x7CB4, 0x7CB4, 0x7C93, 0x7C93, 0x7C93, 0x7473, 0x7473, 0x7452, 0x7452, 0x6C32, 0x6C32,
  0x6C12, 0x6411, 0x63F1, 0x63F1, 0x63D1, 0x5BD0, 0x5BB0, 0x5BB0, 0x5390, 0x538F, 0x536F, 0x536F,
  0x4B4F, 0x4B4F, 0x4B2E, 0x4B2E, 0x430E, 0x430E, 0x430E, 0x42ED, 0x42ED, 0x42ED, 0x3AED, 0x3ACD,
  0x3ACD, 0x3ACD, 0x3ACC, 0x3AAC, 0x32AC, 0x32AC, 0x32AC, 0x328C, 0x328C, 0x328C, 0x2A8C, 0x328C,
  0x32AC, 0x32AC, 0x2A4B, 0x19A9, 0x0906, 0x00C5, 0x00A5, 0x00E6, 0x00E6, 0x00C5, 0x0064, 0x0023,
  0x08A4, 0x2209, 0x4410, 0x55F8, 0x5F9E, 0x5FFF, 0x57FF, 0x4FFF, 0x3FFF, 0x47FF, 0x47FF, 0x4FFF,
  0x57FF, 0x57FF, 0x5FBE, 0x56FB, 0x4DD7, 0x44B3, 0x336F, 0x224A, 0x1988, 0x08C5, 0x0063, 0x0002,
  0x0002, 0x0002, 0x0001, 0x0001, 0x0001, 0x0002, 0x0002, 0x0002, 0x0002, 0x0022, 0x0002, 0x0002,
  0x0023, 0x0023, 0x0023, 0x0002, 0x0002, 0x0002, 0x0002, 0x0001, 0x0001, 0x0001, 0x0001, 0x0002,
  0x0002, 0x0022, 0x0883, 0x1106, 0x19C8, 0x22AC, 0x33AF, 0x44F4, 0x45D7, 0x46FB, 0x4FDF, 0x4FFF,
  0x4FFF, 0x47FF, 0x3FFF, 0x3FFF, 0x3FFF, 0x47FF, 0x57FF, 0x57FF, 0x56DB, 0x4535, 0x334E, 0x1967,
  0x0064, 0x0023, 0x0064, 0x00C5, 0x00C5, 0x00A5, 0x0084, 0x00C5, 0x0927, 0x19E9, 0x224B, 0x2A8C,
  0x2A6C, 0x2A6B, 0x2A6C, 0x328C, 0x32AC, 0x32AC, 0x32AC, 0x3AAD, 0x3ACD, 0x3ACD, 0x3ACD, 0x3ACD,
  0x3AED, 0x42ED, 0x42ED, 0x430D, 0x430E, 0x430E, 0x430E, 0x4B2E, 0x4B2E, 0x4B4E, 0x4B4F, 0x4B4F,
  0x536F, 0x536F, 0x538F, 0x5B90, 0x5BB0, 0x5BB0, 0x5BB0, 0x5BD0, 0x63D1, 0x63F1, 0x63F1, 0x6411,
  0x6C11, 0x6C32, 0x6C32, 0x6C32, 0x7452, 0x7452, 0x7473, 0x7473, 0x7C73, 0x7C93, 0x7C93, 0x7C94,
  0x84B4, 0x84B4, 0x84D4, 0x84D4, 0x8CF4, 0x8CF5, 0x8CF5, 0x8D15, 0x8D15, 0x8D15, 0x9515, 0x9515,
  0x9535, 0x9535, 0x9536, 0x9536, 0x9536, 0x9556, 0x9556, 0x9556, 0x9556, 0x9D56, 0x9D56, 0x9D56,
  0x9536, 0x9536, 0x9536, 0x9536, 0x9536, 0x9536, 0x9536, 0x9536, 0x9536, 0x9536, 0x9536, 0x9536,
  0x9536, 0x9535, 0x8D35, 0x9535, 0x8D15, 0x8D15, 0x8D15, 0x8D15, 0x8CF5, 0x8CF5, 0x84F4, 0x84D4,
  0x84D4, 0x84D4, 0x84B4, 0x7CB4, 0x7CB3, 0x7C93, 0x7C73, 0x7473, 0x7473, 0x7452, 0x7452, 0x6C52,
  0x6C32, 0x6C32, 0x6C11, 0x6411, 0x63F1, 0x63F1, 0x5BD1, 0x5BD0, 0x5BB0, 0x5BB0, 0x5390, 0x538F,
  0x536F, 0x536F, 0x4B4F, 0x4B4F, 0x4B2E, 0x4B2E, 0x4B2E, 0x432E, 0x430E, 0x430E, 0x430E, 0x430D,
  0x42ED, 0x42ED, 0x3AED, 0x3AED, 0x3ACD, 0x3AED, 0x3ACD, 0x3ACD, 0x3ACD, 0x3ACD, 0x3ACD, 0x3ACD,
  0x32CD, 0x32AD, 0x32CD, 0x32CD, 0x32AC, 0x222B, 0x1188, 0x00E5, 0x00A5, 0x00C5, 0x00E6, 0x00E6,
  0x00E5, 0x0084, 0x0023, 0x0043, 0x1946, 0x32EC, 0x4493, 0x5659, 0x5F9E, 0x5FFF, 0x57FF, 0x4FFF,
  0x47FF, 0x47FF, 0x47FF, 0x47FF, 0x47FF, 0x4FFF, 0x4FFF, 0x57FF, 0x5FFF, 0x575D, 0x4EBB, 0x4DD7,
  0x4D76, 0x44B4, 0x33F0, 0x33D0, 0x2B2E, 0x228B, 0x1A2A, 0x1A09, 0x19C8, 0x1967, 0x1146, 0x1126,
  0x1126, 0x1126, 0x1147, 0x1188, 0x19C8, 0x1A09, 0x222A, 0x224A, 0x22CD, 0x2B8F, 0x33F0, 0x3CB4,
  0x4596, 0x4E18, 0x4EFB, 0x577E, 0x57FF, 0x4FFF, 0x4FFF, 0x47FF, 0x47FF, 0x3FFF, 0x3FFF, 0x3FFF,
  0x47FF, 0x4FFF, 0x57FF, 0x57FF, 0x56BA, 0x4D35, 0x336E, 0x21C8, 0x08A4, 0x0022, 0x0023, 0x0084,
  0x00C5, 0x00C5, 0x00A4, 0x0084, 0x00A5, 0x0927, 0x19C9, 0x226B, 0x2AAC, 0x2A8C, 0x2A8C, 0x328C,
  0x32AC, 0x32AC, 0x32CD, 0x3ACD, 0x3ACD, 0x3AED, 0x3AED, 0x3AED, 0x42ED, 0x430E, 0x430D, 0x430E,
  0x430E, 0x430E, 0x432E, 0x432E, 0x4B2E, 0x4B2E, 0x4B2E, 0x4B4F, 0x4B4F, 0x4B4F, 0x536F, 0x536F,
  0x538F, 0x5390, 0x5BB0, 0x5BB0, 0x5BB0, 0x5BD0, 0x63D1, 0x63F1, 0x63F1, 0x63F1, 0x6C11, 0x6C12,
  0x6C32, 0x6C32, 0x7452, 0x7452, 0x7452, 0x7473, 0x7473, 0x7C93, 0x7C93, 0x7C93, 0x7CB4, 0x84B4,
  0x84D4, 0x84D4, 0x84D4, 0x8CF4, 0x8CF5, 0x8CF5, 0x8D15, 0x8D15, 0x8D15, 0x9515, 0x9535, 0x9535,
  0x9536, 0x9536, 0x9536, 0x9556, 0x9D56, 0x9D56, 0x9D56, 0x9D56, 0x9D56, 0x9D56, 0x9D56, 0x9D56,
  0x9556, 0x9556, 0x9556, 0x9556, 0x9556, 0x9556, 0x9556, 0x9556, 0x9556, 0x9556, 0x9536, 0x9536,
  0x9536, 0x9536, 0x9536, 0x9536, 0x9535, 0x9535, 0x8D35, 0x8D15, 0x8D15, 0x8D15, 0x8CF5, 0x8CF5,
  0x84F4, 0x84D4, 0x84D4, 0x84D4, 0x7CB4, 0x7CB4, 0x7C93, 0x7C93, 0x7473, 0x7473, 0x7473, 0x7452,
  0x7452, 0x6C32, 0x6C32, 0x6C12, 0x6411, 0x63F1, 0x63F1, 0x63D1, 0x5BD0, 0x5BD0, 0x5BB0, 0x5BB0,
  0x5390, 0x538F, 0x536F, 0x536F, 0x536F, 0x4B6F, 0x4B4F, 0x4B4E, 0x4B2E, 0x4B2E, 0x4B2E, 0x432E,
  0x432E, 0x432E, 0x432E, 0x432E, 0x430E, 0x430E, 0x430E, 0x430E, 0x430E, 0x430E, 0x430E, 0x430E,
  0x430E, 0x3B0E, 0x3AED, 0x3ACD, 0x3ACD, 0x3AED, 0x3AEE, 0x32CD, 0x222A, 0x1168, 0x00E5, 0x00A5,
  0x0084, 0x00C5, 0x00E6, 0x00E6, 0x00A5, 0x0043, 0x0023, 0x0063, 0x1146, 0x2A8B, 0x3C10, 0x4D96,
  0x5EDB, 0x5FBF, 0x57FF, 0x57FF, 0x4FFF, 0x47FF, 0x3FFF, 0x47FF, 0x47FF, 0x47FF, 0x47FF, 0x47FF,
  0x4FFF, 0x4FFF, 0x4FFF, 0x57FF, 0x57FF, 0x57FF, 0x57FF, 0x57FF, 0x57FF, 0x57DF, 0x57BE, 0x579E,
  0x4F9E, 0x4F9E, 0x4FBE, 0x4FDF, 0x4FFF, 0x4FFF, 0x4FFF, 0x4FFF, 0x4FFF, 0x4FFF, 0x47FF, 0x47FF,
  0x47FF, 0x47FF, 0x3FFF, 0x3FFF, 0x3FFF, 0x3FFF, 0x3FFF, 0x47FF, 0x4FFF, 0x57FF, 0x57FF, 0x577D,
  0x4E38, 0x44B3, 0x332D, 0x19A8, 0x0884, 0x0002, 0x0022, 0x0063, 0x00A5, 0x00C5, 0x00C5, 0x0084,
  0x0064, 0x00A5, 0x0927, 0x19C9, 0x2A6B, 0x32CD, 0x32CD, 0x32CD, 0x32CD, 0x3AED, 0x3AED, 0x3AED,
  0x3B0E, 0x430E, 0x430E, 0x432E, 0x432E, 0x432E, 0x432E, 0x432E, 0x432E, 0x4B2E, 0x4B2E, 0x4B2E,
  0x4B4E, 0x4B4F, 0x4B4F, 0x4B4F, 0x4B4F, 0x4B6F, 0x536F, 0x536F, 0x536F, 0x538F, 0x5390, 0x5390,
  0x5BB0, 0x5BB0, 0x5BB0, 0x5BD1, 0x63D1, 0x63F1, 0x63F1, 0x63F1, 0x6C11, 0x6C11, 0x6C12, 0x6C32,
  0x7432, 0x7452, 0x7452, 0x7473, 0x7473, 0x7C73, 0x7C93, 0x7C93, 0x7CB3, 0x84B4, 0x84B4, 0x84D4,
  0x84D4, 0x8CD4, 0x8CF5, 0x8CF5, 0x8D15, 0x8D15, 0x9515, 0x9535, 0x9535, 0x9536, 0x9536, 0x9536,
  0x9556, 0x9D56, 0x9D56, 0x9D56, 0x9D56, 0x9D76, 0x9D76, 0x9D56, 0x9D76, 0x9D76, 0x9D76, 0x9D76,
  0x9556, 0x9556, 0x9556, 0x9556, 0x9556, 0x9556, 0x9556, 0x9556, 0x9556, 0x9556, 0x9556, 0x9556,
  0x9556, 0x9556, 0x9556, 0x9536, 0x9536, 0x9536, 0x9535, 0x9535, 0x8D15, 0x8D15, 0x8D15, 0x8CF5,
  0x8CF5, 0x84F5, 0x84D4, 0x84D4, 0x84D4, 0x84B4, 0x7CB4, 0x7C93, 0x7C93, 0x7C73, 0x7473, 0x7473,
  0x7453, 0x7452, 0x6C32, 0x6C32, 0x6C12, 0x6C11, 0x63F1, 0x63F1, 0x63F1, 0x5BD1, 0x5BD0, 0x5BD0,
  0x5BB0, 0x5BB0, 0x5390, 0x5390, 0x538F, 0x536F, 0x536F, 0x4B6F, 0x4B4F, 0x4B4F, 0x4B4F, 0x4B4F,
  0x4B4F, 0x4B4F, 0x4B4F, 0x4B4F, 0x4B4F, 0x4B4F, 0x4B4F, 0x4B4F, 0x4B4F, 0x4B4F, 0x4B4F, 0x4B6F,
  0x4B6F, 0x4B4F, 0x4B4F, 0x434E, 0x432E, 0x430E, 0x3B0E, 0x3B0E, 0x3B2E, 0x3B0E, 0x32CD, 0x2A6B,
  0x19C9, 0x0906, 0x00A5, 0x0064, 0x0084, 0x00C5, 0x00E6, 0x00E6, 0x00A5, 0x0043, 0x0002, 0x0023,
  0x0884, 0x1967, 0x226A, 0x33AF, 0x4D14, 0x5638, 0x573C, 0x57DF, 0x57FF, 0x57FF, 0x4FFF, 0x4FFF,
  0x4FFF, 0x47FF, 0x47FF, 0x47FF, 0x47FF, 0x47FF, 0x3FFF, 0x3FFF, 0x3FFF, 0x3FFF, 0x3FFF, 0x3FFF,
  0x3FFF, 0x3FFF, 0x3FFF, 0x3FFF, 0x3FFF, 0x3FFF, 0x3FFF, 0x3FFF, 0x3FFF, 0x3FFF, 0x47FF, 0x47FF,
  0x47FF, 0x4FFF, 0x57FF, 0x57FF, 0x57FF, 0x577D, 0x4E9A, 0x4D96, 0x4492, 0x334E, 0x2209, 0x1105,
  0x0043, 0x0002, 0x0002, 0x0063, 0x00A4, 0x00C5, 0x00A5, 0x0084, 0x0064, 0x0064, 0x00C5, 0x1167,
  0x222A, 0x32AD, 0x32EE, 0x3B0E, 0x3B0E, 0x3B0E, 0x3B0E, 0x432E, 0x434F, 0x4B4F, 0x4B6F, 0x4B6F,
  0x4B6F, 0x4B4F, 0x4B6F, 0x4B6F, 0x4B6F, 0x4B6F, 0x4B6F, 0x4B6F, 0x4B6F, 0x4B6F, 0x4B6F, 0x4B6F,
  0x536F, 0x536F, 0x536F, 0x536F, 0x536F, 0x536F, 0x5390, 0x5390, 0x5390, 0x5BB0, 0x5BB0, 0x5BB0,
  0x5BB0, 0x5BD0, 0x5BD1, 0x63F1, 0x63F1, 0x63F1, 0x6411, 0x6C11, 0x6C12, 0x6C32, 0x6C32, 0x7452,
  0x7452, 0x7473, 0x7473, 0x7473, 0x7C93, 0x7C93, 0x7C93, 0x7CB4, 0x84B4, 0x84D4, 0x84D4, 0x84D4,
  0x8CF5, 0x8CF5, 0x8CF5, 0x8D15, 0x8D15, 0x9515, 0x9535, 0x9536, 0x9536, 0x9536, 0x9536, 0x9556,
  0x9D56, 0x9D56, 0x9D56, 0x9D76, 0x9D76, 0x9D76, 0x9D76, 0x9D76, 0x9D76, 0x9D76, 0x9D76, 0x9D77,
  0x9D56, 0x9D56, 0x9D56, 0x9D56, 0x9D56, 0x9D76, 0x9D56, 0x9D56, 0x9556, 0x9556, 0x9556, 0x9556,
  0x9556, 0x9556, 0x9556, 0x9556, 0x9556, 0x9556, 0x9536, 0x9536, 0x9535, 0x8D35, 0x8D15, 0x8D15,
  0x8D15, 0x8CF5, 0x8CF5, 0x84F5, 0x84D4, 0x84D4, 0x84B4, 0x7CB4, 0x7CB4, 0x7C93, 0x7C93, 0x7473,
  0x7473, 0x7473, 0x7452, 0x6C52, 0x6C32, 0x6C32, 0x6C12, 0x6C11, 0x6411, 0x63F1, 0x63F1, 0x63D1,
  0x5BD0, 0x5BD0, 0x5BB0, 0x5BB0, 0x5BB0, 0x53B0, 0x5390, 0x5390, 0x5390, 0x538F, 0x538F, 0x536F,
  0x538F, 0x5390, 0x538F, 0x538F, 0x538F, 0x538F, 0x5390, 0x5390, 0x5390, 0x53B0, 0x53B0, 0x53B0,
  0x53B0, 0x53B0, 0x53B0, 0x53B0, 0x53B0, 0x4B90, 0x4B90, 0x4B8F, 0x4B6F, 0x4B4F, 0x4B6F, 0x4B90,
  0x4BB0, 0x4B90, 0x432E, 0x2A6C, 0x1988, 0x00C5, 0x0064, 0x0064, 0x0064, 0x00A5, 0x00E6, 0x00E6,
  0x00C5, 0x0084, 0x0043, 0x0002, 0x0002, 0x0043, 0x08C5, 0x1167, 0x222A, 0x330D, 0x3BF0, 0x44B2,
  0x4514, 0x4DF8, 0x4E59, 0x567A, 0x573C, 0x579E, 0x579E, 0x57BE, 0x57FF, 0x57FF, 0x57FF, 0x57FF,
  0x57FF, 0x57FF, 0x57FF, 0x57FF, 0x57BE, 0x57BE, 0x579E, 0x579E, 0x571C, 0x4E9A, 0x4E59, 0x4596,
  0x3CB3, 0x3C51, 0x332D, 0x226B, 0x1967, 0x08E5, 0x0043, 0x0002, 0x0001, 0x0002, 0x0023, 0x0064,
  0x00A5, 0x00C5, 0x0084, 0x0043, 0x0043, 0x0043, 0x0084, 0x1126, 0x220A, 0x3AED, 0x4370, 0x4BB0,
  0x4BB0, 0x4B90, 0x4B6F, 0x4B90, 0x4BB0, 0x53B0, 0x53B0, 0x53D0, 0x53D1, 0x53D1, 0x53D1, 0x53D0,
  0x53D0, 0x53B0, 0x53B0, 0x53B0, 0x53B0, 0x53B0, 0x53B0, 0x53B0, 0x53B0, 0x53B0, 0x53B0, 0x5390,
  0x5390, 0x5390, 0x53B0, 0x53B0, 0x5BB0, 0x5BB0, 0x5BB0, 0x5BB0, 0x5BD0, 0x5BD0, 0x5BD0, 0x5BD1,
  0x63D1, 0x63F1, 0x63F1, 0x63F1, 0x6411, 0x6C12, 0x6C32, 0x6C32, 0x6C32, 0x6C52, 0x7452, 0x7473,
  0x7473, 0x7473, 0x7C93, 0x7C93, 0x7C93, 0x7CB4, 0x7CB4, 0x84B4, 0x84D4, 0x84D4, 0x84D4, 0x8CF5,
  0x8CF5, 0x8D15, 0x8D15, 0x8D15, 0x9535, 0x9536, 0x9536, 0x9536, 0x9556, 0x9556, 0x9D56, 0x9D56,
  0x9D56, 0x9D76, 0x9D76, 0x9D76, 0x9D76, 0x9D77, 0x9D77, 0x9D77, 0x9D77, 0x9D77, 0x9D77, 0x9D77,
  0x9D76, 0x9D76, 0x9D76, 0x9D76, 0x9D76, 0x9D76, 0x9D76, 0x9D76, 0x9D76, 0x9D76, 0x9D56, 0x9D76,
  0x9D56, 0x9D56, 0x9D56, 0x9556, 0x9556, 0x9556, 0x9556, 0x9536, 0x9536, 0x9536, 0x9535, 0x8D15,
  0x8D15, 0x8D15, 0x8D15, 0x8CF5, 0x84F5, 0x84D4, 0x84D4, 0x84B4, 0x7CB4, 0x7CB4, 0x7C93, 0x7C93,
  0x7C73, 0x7473, 0x7473, 0x7452, 0x7452, 0x6C32, 0x6C32, 0x6C32, 0x6C12, 0x6411, 0x6411, 0x63F1,
  0x63F1, 0x63F1, 0x5BD1, 0x5BD0, 0x5BD0, 0x5BB0, 0x5BB0, 0x5BB0, 0x5BB0, 0x53B0, 0x53B0, 0x53B0,
  0x53B0, 0x53B0, 0x53B0, 0x53B0, 0x53B0, 0x5BD0, 0x5BD1, 0x5BD1, 0x5BF1, 0x5BF1, 0x5BF1, 0x5C11,
  0x5C11, 0x5C12, 0x5C12, 0x5C12, 0x5C12, 0x5C12, 0x5C12, 0x5C12, 0x5C12, 0x5C12, 0x5C11, 0x53F1,
  0x53F1, 0x5411, 0x5C32, 0x5C73, 0x5C73, 0x5C32, 0x4B90, 0x3ACC, 0x21E9, 0x08E6, 0x0064, 0x0043,
  0x0063, 0x0084, 0x00A5, 0x00C5, 0x00C5, 0x00C5, 0x00A4, 0x0064, 0x0043, 0x0002, 0x0002, 0x0001,
  0x0002, 0x0022, 0x0022, 0x0043, 0x08C5, 0x0905, 0x1106, 0x1126, 0x1987, 0x19C8, 0x1A09, 0x222A,
  0x1A29, 0x1A29, 0x2209, 0x19C8, 0x1146, 0x1126, 0x1105, 0x1105, 0x08A4, 0x0043, 0x0022, 0x0002,
  0x0001, 0x0001, 0x0002, 0x0002, 0x0043, 0x0064, 0x00A4, 0x00A4, 0x00A5, 0x0084, 0x0043, 0x0023,
  0x0002, 0x0043, 0x08C5, 0x19A8, 0x3AAC, 0x4B8F, 0x5412, 0x6473, 0x6473, 0x5C53, 0x5C32, 0x5C12,
  0x5C12, 0x5C32, 0x5C32, 0x5C32, 0x6432, 0x6432, 0x6452, 0x6452, 0x6452, 0x6452, 0x6452, 0x6432,
  0x6432, 0x6412, 0x5C11, 0x5C11, 0x5BF1, 0x5BF1, 0x5BF1, 0x5BD1, 0x5BD1, 0x5BD1, 0x5BD0, 0x5BD0,
  0x5BD0, 0x5BB0, 0x5BD0, 0x5BD0, 0x5BD0, 0x5BD0, 0x5BD1, 0x5BD1, 0x63D1, 0x63F1, 0x63F1, 0x63F1,
  0x63F1, 0x6411, 0x6C11, 0x6C11, 0x6C32, 0x6C32, 0x6C32, 0x7452, 0x7452, 0x7452, 0x7473, 0x7473,
  0x7C73, 0x7C93, 0x7C93, 0x7C93, 0x7CB4, 0x84B4, 0x84D4, 0x84D4, 0x84D4, 0x84D4, 0x8CF5, 0x8CF5,
  0x8D15, 0x8D15, 0x8D15, 0x9535, 0x9536, 0x9536, 0x9556, 0x9556, 0x9556, 0x9D56, 0x9D56, 0x9D56,
  0x9D76, 0x9D76, 0x9D76, 0x9D77, 0x9D77, 0x9D77, 0x9D77, 0x9D77, 0x9D77, 0xA577, 0xA597, 0xA597,
  0x9D76, 0x9D76, 0x9D77, 0x9D77, 0x9D77, 0x9D77, 0x9D76, 0x9D76, 0x9D76, 0x9D76, 0x9D76, 0x9D76,
  0x9D76, 0x9D76, 0x9D76, 0x9D76, 0x9D56, 0x9556, 0x9556, 0x9556, 0x9536, 0x9536, 0x9536, 0x9535,
  0x8D15, 0x8D15, 0x8D15, 0x8D15, 0x8CF5, 0x84F5, 0x84D4, 0x84D4, 0x84D4, 0x84B4, 0x7CB4, 0x7CB4,
  0x7C93, 0x7C93, 0x7473, 0x7473, 0x7473, 0x7452, 0x7452, 0x6C52, 0x6C32, 0x6C32, 0x6C12, 0x6411,
  0x6411, 0x6411, 0x63F1, 0x63F1, 0x5BD1, 0x5BD1, 0x5BD1, 0x5BD0, 0x5BD0, 0x5BD0, 0x5BD0, 0x5BD0,
  0x5BD1, 0x5BD1, 0x5BD1, 0x5BF1, 0x5BF1, 0x5C11, 0x5C11, 0x6412, 0x6432, 0x6432, 0x6452, 0x6452,
  0x6473, 0x6C73, 0x6C93, 0x6C93, 0x6C93, 0x6C94, 0x6CB4, 0x6CB4, 0x6CB4, 0x6CB4, 0x6CB4, 0x6CB4,
  0x6CD4, 0x6CD4, 0x74D5, 0x74F5, 0x74F5, 0x7D36, 0x7D77, 0x85D8, 0x95F9, 0x8D97, 0x7CF5, 0x5BF1,
  0x3AAC, 0x21A8, 0x08E5, 0x0063, 0x0022, 0x0022, 0x0023, 0x0043, 0x0043, 0x0084, 0x00A4, 0x00A5,
  0x00A5, 0x0084, 0x00A4, 0x00A4, 0x0084, 0x0063, 0x0063, 0x0043, 0x0043, 0x0022, 0x0023, 0x0022,
  0x0022, 0x0022, 0x0022, 0x0023, 0x0043, 0x0063, 0x0063, 0x0063, 0x0064, 0x0084, 0x00A4, 0x00A4,
  0x0084, 0x00A4, 0x0084, 0x0064, 0x0043, 0x0002, 0x0002, 0x0023, 0x0063, 0x1105, 0x21A8, 0x3A8C,
  0x5BB0, 0x7493, 0x8556, 0x8DB8, 0x8DB8, 0x8597, 0x7D56, 0x7515, 0x74F5, 0x74F5, 0x7515, 0x74F5,
  0x74D4, 0x74D4, 0x74D4, 0x74D4, 0x74D4, 0x74D4, 0x74D4, 0x74B4, 0x6CB4, 0x74B4, 0x6CB4, 0x6C93,
  0x6C93, 0x6C73, 0x6C73, 0x6452, 0x6452, 0x6432, 0x6412, 0x6411, 0x63F1, 0x63F1, 0x63F1, 0x5BF1,
  0x5BF1, 0x5BF1, 0x5BF1, 0x63F1, 0x63F1, 0x63F1, 0x63F1, 0x63F1, 0x63F1, 0x63F1, 0x6411, 0x6411,
  0x6411, 0x6C12, 0x6C32, 0x6C32, 0x6C32, 0x6C52, 0x7452, 0x7452, 0x7473, 0x7473, 0x7473, 0x7C93,
  0x7C93, 0x7CB3, 0x7CB4, 0x84B4, 0x84D4, 0x84D4, 0x84D4, 0x84F4, 0x8CF4, 0x8CF5, 0x8D15, 0x8D15,
  0x8D15, 0x9515, 0x9535, 0x9536, 0x9536, 0x9556, 0x9556, 0x9D56, 0x9D56, 0x9D76, 0x9D76, 0x9D76,
  0x9D77, 0x9D77, 0x9D77, 0xA597, 0xA597, 0xA597, 0xA597, 0xA597, 0xA597, 0xA597, 0xA597, 0xA597,
  0x9D77, 0x9D77, 0x9D77, 0x9D77, 0x9D77, 0x9D77, 0x9D77, 0x9D77, 0x9D77, 0x9D77, 0x9D77, 0x9D76,
  0x9D76, 0x9D77, 0x9D76, 0x9D76, 0x9D76, 0x9D76, 0x9556, 0x9556, 0x9556, 0x9556, 0x9536, 0x9536,
  0x9535, 0x8D15, 0x8D15, 0x8D15, 0x8D15, 0x8CF5, 0x84F5, 0x84D4, 0x84D4, 0x84D4, 0x7CB4, 0x7CB4,
  0x7CB4, 0x7C93, 0x7C93, 0x7493, 0x7473, 0x7473, 0x7453, 0x7452, 0x6C52, 0x6C32, 0x6C32, 0x6C32,
  0x6C12, 0x6412, 0x6411, 0x63F1, 0x63F1, 0x63F1, 0x63F1, 0x63F1, 0x63F1, 0x5BF1, 0x5BF1, 0x5BF1,
  0x5BF1, 0x63F1, 0x63F1, 0x63F1, 0x6411, 0x6412, 0x6432, 0x6432, 0x6452, 0x6C53, 0x6C73, 0x6C73,
  0x6C93, 0x6C93, 0x6CB4, 0x74B4, 0x74B4, 0x74D4, 0x74D5, 0x74F5, 0x74F5, 0x74F5, 0x7515, 0x7D15,
  0x7D15, 0x7D36, 0x7D36, 0x7D56, 0x8556, 0x8577, 0x8577, 0x8577, 0x8DB8, 0x8DD8, 0x9619, 0x9E5A,
  0x9E5A, 0x9E5A, 0x95F8, 0x7D35, 0x6452, 0x538F, 0x3AAC, 0x2A09, 0x1967, 0x08C5, 0x0084, 0x0043,
  0x0002, 0x0002, 0x0002, 0x0002, 0x0002, 0x0002, 0x0022, 0x0022, 0x0023, 0x0023, 0x0023, 0x0043,
  0x0023, 0x0023, 0x0022, 0x0023, 0x0022, 0x0022, 0x0002, 0x0002, 0x0002, 0x0002, 0x0002, 0x0022,
  0x0043, 0x0063, 0x08A4, 0x1947, 0x29E9, 0x42CC, 0x5BD0, 0x74B4, 0x8556, 0x95D8, 0x9E3A, 0x9E7A,
  0x9E5A, 0x95F9, 0x8DB8, 0x8577, 0x8577, 0x8577, 0x8577, 0x8576, 0x8576, 0x8556, 0x7D56, 0x7D36,
  0x7D36, 0x7D35, 0x7D15, 0x7D15, 0x7D15, 0x7D15, 0x7CF5, 0x74F5, 0x74F5, 0x74F5, 0x74D4, 0x74B4,
  0x74B4, 0x6C93, 0x6C93, 0x6C73, 0x6C73, 0x6C52, 0x6432, 0x6432, 0x6412, 0x6411, 0x6411, 0x6411,
  0x6411, 0x63F1, 0x63F1, 0x63F1, 0x63F1, 0x63F1, 0x6411, 0x6411, 0x6411, 0x6411, 0x6C11, 0x6C12,
  0x6C32, 0x6C32, 0x6C32, 0x6C52, 0x7452, 0x7453, 0x7473, 0x7473, 0x7473, 0x7473, 0x7C93, 0x7C93,
  0x7CB3, 0x7CB4, 0x84B4, 0x84D4, 0x84D4, 0x84D4, 0x84F4, 0x8CF5, 0x8CF5, 0x8D15, 0x8D15, 0x8D15,
  0x9535, 0x9535, 0x9536, 0x9536, 0x9556, 0x9556, 0x9D56, 0x9D56, 0x9D56, 0x9D76, 0x9D76, 0x9D76,
  0x9D77, 0x9D97, 0xA597, 0xA597, 0xA597, 0xA597, 0xA597, 0xA597, 0xA597, 0xA597, 0xA597, 0xA597,
  0x9D77, 0x9D77, 0x9D77, 0x9D77, 0x9D97, 0x9D97, 0x9D97, 0x9D77, 0x9D77, 0x9D77, 0x9D77, 0x9D77,
  0x9D77, 0x9D77, 0x9D77, 0x9D76, 0x9D76, 0x9D76, 0x9D56, 0x9556, 0x9556, 0x9556, 0x9556, 0x9536,
  0x9536, 0x9536, 0x8D35, 0x8D15, 0x8D15, 0x8D15, 0x8CF5, 0x84F5, 0x84F4, 0x84D4, 0x84D4, 0x84D4,
  0x7CB4, 0x7CB4, 0x7C93, 0x7C93, 0x7493, 0x7473, 0x7473, 0x7473, 0x7452, 0x6C52, 0x6C52, 0x6C32,
  0x6C32, 0x6C32, 0x6C12, 0x6412, 0x6411, 0x6411, 0x6411, 0x63F1, 0x63F1, 0x63F1, 0x63F1, 0x63F1,
  0x6411, 0x6411, 0x6411, 0x6412, 0x6412, 0x6432, 0x6432, 0x6452, 0x6C53, 0x6C73, 0x6C73, 0x6C93,
  0x6C93, 0x6CB4, 0x6CB4, 0x74B4, 0x74D4, 0x74D4, 0x74D4, 0x74F5, 0x74F5, 0x7515, 0x7D15, 0x7D16,
  0x7D36, 0x7D36, 0x7D56, 0x7D56, 0x8577, 0x8577, 0x8597, 0x8597, 0x85B8, 0x8DB8, 0x8DB8, 0x8DB8,
  0x8DD8, 0x8DD8, 0x8DF9, 0x963A, 0x9E5A, 0x9E7B, 0x9E7B, 0x9E5A, 0x9E5A, 0x95F8, 0x8DB7, 0x8515,
  0x7CB4, 0x6C73, 0x5BD0, 0x4B4E, 0x430D, 0x3ACC, 0x326B, 0x322A, 0x322A, 0x3229, 0x2A09, 0x2A09,
  0x29E9, 0x29E9, 0x2A09, 0x2A0A, 0x324B, 0x3A6B, 0x3AAC, 0x42ED, 0x4B4E, 0x538F, 0x6432, 0x6C93,
  0x74D4, 0x8556, 0x8DD8, 0x9619, 0x9639, 0x9E5A, 0x9E3A, 0x9619, 0x8DF9, 0x8DD8, 0x8DD8, 0x8DB8,
  0x8597, 0x8597, 0x8597, 0x8597, 0x8597, 0x8597, 0x8577, 0x8576, 0x8556, 0x7D56, 0x7D56, 0x7D36,
  0x7D36, 0x7D36, 0x7D15, 0x7D15, 0x7D15, 0x7D15, 0x7CF5, 0x74F5, 0x74F5, 0x74F5, 0x74D4, 0x74D4,
  0x74B4, 0x74B4, 0x6C93, 0x6C93, 0x6C73, 0x6C73, 0x6C52, 0x6432, 0x6C32, 0x6432, 0x6432, 0x6412,
  0x6412, 0x6411, 0x6411, 0x6411, 0x6411, 0x6411, 0x6412, 0x6C32, 0x6C32, 0x6C32, 0x6C32, 0x6C32,
  0x6C32, 0x6C52, 0x6C52, 0x7452, 0x7472, 0x7473, 0x7473, 0x7473, 0x7C93, 0x7C93, 0x7C93, 0x7CB4,
  0x7CB4, 0x84B4, 0x84D4, 0x84D4, 0x84D4, 0x84F4, 0x8CF5, 0x8CF5, 0x8D15, 0x8D15, 0x8D15, 0x9535,
  0x9536, 0x9536, 0x9536, 0x9556, 0x9556, 0x9D56, 0x9D76, 0x9D76, 0x9D76, 0x9D76, 0x9D77, 0x9D77,
  0x9D77, 0xA597, 0xA597, 0xA597, 0xA597, 0xA597, 0xA597, 0xA597, 0xA597, 0xA597, 0xA597, 0xA597,
  0x9D77, 0x9D97, 0x9D97, 0x9D97, 0x9D97, 0x9D97, 0x9D97, 0x9D97, 0x9D97, 0x9D97, 0x9D97, 0x9D97,
  0x9D97, 0x9D77, 0x9D77, 0x9D77, 0x9D77, 0x9D76, 0x9D76, 0x9D76, 0x9D56, 0x9556, 0x9556, 0x9556,
  0x9536, 0x9536, 0x9536, 0x8D35, 0x8D15, 0x8D15, 0x8D15, 0x8CF5, 0x84F5, 0x84F4, 0x84D4, 0x84D4,
  0x84D4, 0x7CB4, 0x7CB4, 0x7C93, 0x7C93, 0x7C93, 0x7473, 0x7473, 0x7473, 0x7473, 0x6C52, 0x6C52,
  0x6C32, 0x6C32, 0x6C32, 0x6C32, 0x6C12, 0x6412, 0x6411, 0x6411, 0x6411, 0x6411, 0x6411, 0x6411,
  0x6412, 0x6412, 0x6412, 0x6432, 0x6432, 0x6432, 0x6432, 0x6452, 0x6C52, 0x6C53, 0x6C73, 0x6C73,
  0x6C93, 0x6C93, 0x6C93, 0x6CB4, 0x6CB4, 0x74B4, 0x74B4, 0x74B4, 0x74D4, 0x74D4, 0x74D4, 0x74D5,
  0x74D5, 0x74F5, 0x74F5, 0x74F5, 0x74F5, 0x74F5, 0x74F5, 0x7515, 0x7515, 0x7515, 0x7515, 0x7515,
  0x7516, 0x7516, 0x7515, 0x7516, 0x7515, 0x74F5, 0x74F5, 0x7515, 0x7515, 0x7536, 0x7D56, 0x7D57,
  0x7D77, 0x7D77, 0x7D97, 0x85B8, 0x8598, 0x8597, 0x8597, 0x8597, 0x8597, 0x85B8, 0x85B8, 0x85B8,
  0x85B8, 0x85B8, 0x85B8, 0x8598, 0x85B8, 0x85B8, 0x85B8, 0x85B8, 0x85B8, 0x85B8, 0x85B8, 0x8598,
  0x7D77, 0x7D57, 0x7D57, 0x7516, 0x7515, 0x7515, 0x7515, 0x7536, 0x7D36, 0x7D36, 0x7D36, 0x7D36,
  0x7D36, 0x7D36, 0x7D36, 0x7D36, 0x7D15, 0x7D15, 0x7515, 0x7515, 0x7515, 0x74F5, 0x74F5, 0x7CF5,
  0x7CF5, 0x74F5, 0x74F5, 0x74F5, 0x74F5, 0x74D4, 0x74D4, 0x74D4, 0x74D4, 0x74D4, 0x74B4, 0x74B4,
  0x7494, 0x7493, 0x6C93, 0x6C73, 0x6C73, 0x6C53, 0x6C52, 0x6C52, 0x6C32, 0x6C32, 0x6C32, 0x6C32,
  0x6432, 0x6C32, 0x6432, 0x6C32, 0x6C12, 0x6C32, 0x6C32, 0x6C32, 0x6C32, 0x6C32, 0x6C32, 0x6C32,
  0x6C52, 0x7452, 0x7452, 0x7453, 0x7473, 0x7473, 0x7473, 0x7C93, 0x7C93, 0x7C93, 0x7CB4, 0x7CB4,
  0x84B4, 0x84D4, 0x84D4, 0x84D4, 0x84F4, 0x8CF5, 0x8CF5, 0x8D15, 0x8D15, 0x8D15, 0x9535, 0x9535,
  0x9536, 0x9536, 0x9556, 0x9556, 0x9D56, 0x9D56, 0x9D76, 0x9D76, 0x9D76, 0x9D77, 0x9D77, 0x9D97,
  0xA597, 0xA597, 0xA597, 0xA597, 0xA597, 0xA597, 0xA597, 0xA597, 0xA597, 0xA597, 0xA597, 0xA5B7,
  0x9D97, 0x9D97, 0x9D97, 0x9D97, 0xA597, 0xA597, 0x9D97, 0x9D97, 0x9D97, 0x9D97, 0x9D97, 0x9D97,
  0x9D97, 0x9D97, 0x9D77, 0x9D97, 0x9D77, 0x9D77, 0x9D77, 0x9D76, 0x9D56, 0x9556, 0x9556, 0x9556,
  0x9556, 0x9536, 0x9536, 0x9535, 0x8D35, 0x8D15, 0x8D15, 0x8CF5, 0x8CF5, 0x84F5, 0x84D4, 0x84D4,
  0x84D4, 0x84B4, 0x7CB4, 0x7CB4, 0x7C93, 0x7C93, 0x7C93, 0x7473, 0x7473, 0x7473, 0x7453, 0x7452,
  0x6C52, 0x6C52, 0x6C32, 0x6C32, 0x6C32, 0x6C32, 0x6C32, 0x6412, 0x6412, 0x6432, 0x6412, 0x6412,
  0x6432, 0x6432, 0x6432, 0x6432, 0x6432, 0x6432, 0x6432, 0x6C52, 0x6C52, 0x6C53, 0x6C53, 0x6C73,
  0x6C73, 0x6C93, 0x6C93, 0x6C93, 0x6C93, 0x6C94, 0x6C94, 0x6C94, 0x6C94, 0x6CB4, 0x6CB4, 0x6CB4,
  0x6CB4, 0x6CB4, 0x6C94, 0x6C94, 0x6C94, 0x6C94, 0x6C94, 0x6C94, 0x6493, 0x6493, 0x6473, 0x6473,
  0x6473, 0x6473, 0x6473, 0x5C53, 0x5C53, 0x5C32, 0x5C32, 0x5412, 0x5412, 0x53F1, 0x4BD1, 0x4BD1,
  0x4BB0, 0x4BB0, 0x4390, 0x4390, 0x4390, 0x4390, 0x4390, 0x4390, 0x4370, 0x4370, 0x4390, 0x4390,
  0x4BB0, 0x4BB0, 0x4BB0, 0x4BB0, 0x4BB0, 0x4BB1, 0x4BB1, 0x4BD1, 0x4BD1, 0x53F1, 0x53F1, 0x5412,
  0x5C32, 0x5C32, 0x5C32, 0x5C53, 0x6473, 0x6473, 0x6473, 0x6494, 0x6494, 0x6494, 0x6CB4, 0x6CB4,
  0x6CB4, 0x6CD4, 0x6CB4, 0x6CB4, 0x6CB4, 0x6CB4, 0x6CB4, 0x6CB4, 0x74D4, 0x74D4, 0x74B4, 0x74B4,
  0x74B4, 0x74B4, 0x74B4, 0x74B4, 0x74B4, 0x74B4, 0x74B4, 0x74B4, 0x74B4, 0x74B4, 0x7493, 0x6C93,
  0x6C93, 0x6C93, 0x6C73, 0x6C73, 0x6C53, 0x6C52, 0x6C52, 0x6C52, 0x6C52, 0x6C32, 0x6C32, 0x6C32,
  0x6C32, 0x6C32, 0x6C32, 0x6C32, 0x6C32, 0x6C32, 0x6C32, 0x6C32, 0x6C32, 0x6C32, 0x6C52, 0x6C52,
  0x7452, 0x7452, 0x7473, 0x7473, 0x7473, 0x7473, 0x7C93, 0x7C93, 0x7CB3, 0x7CB4, 0x7CB4, 0x84B4,
  0x84D4, 0x84D4, 0x84D4, 0x84F5, 0x8CF5, 0x8CF5, 0x8D15, 0x8D15, 0x8D15, 0x9535, 0x9535, 0x9536,
  0x9556, 0x9556, 0x9556, 0x9D56, 0x9D56, 0x9D76, 0x9D76, 0x9D77, 0x9D77, 0x9D77, 0x9D97, 0xA597,
  0xA597, 0xA597, 0xA597, 0xA597, 0xA597, 0xA5B7, 0xA5B7, 0xA5B7, 0xA5B7, 0xA5B7, 0xA5B7, 0xA5B7,
  0x9D97, 0x9D97, 0xA597, 0xA597, 0xA597, 0xA597, 0xA597, 0xA597, 0xA597, 0xA597, 0x9D97, 0x9D97,
  0xA597, 0x9D97, 0x9D97, 0x9D97, 0x9D97, 0x9D77, 0x9D77, 0x9D76, 0x9D76, 0x9D76, 0x9D56, 0x9556,
  0x9556, 0x9556, 0x9536, 0x9536, 0x9535, 0x8D15, 0x8D15, 0x8D15, 0x8CF5, 0x8CF5, 0x84F5, 0x84D4,
  0x84D4, 0x84D4, 0x7CB4, 0x7CB4, 0x7CB4, 0x7C93, 0x7C93, 0x7493, 0x7473, 0x7473, 0x7473, 0x7473,
  0x7453, 0x7452, 0x6C52, 0x6C32, 0x6C32, 0x6C32, 0x6C32, 0x6C32, 0x6C32, 0x6C32, 0x6432, 0x6432,
  0x6432, 0x6432, 0x6432, 0x6432, 0x6432, 0x6432, 0x6432, 0x6C52, 0x6C52, 0x6C52, 0x6C53, 0x6C73,
  0x6C73, 0x6C73, 0x6C73, 0x6C93, 0x6C93, 0x6C93, 0x6C93, 0x6C93, 0x6C93, 0x6C93, 0x6C93, 0x6C93,
  0x6C93, 0x6C93, 0x6C93, 0x6C93, 0x6C73, 0x6473, 0x6473, 0x6473, 0x6473, 0x6453, 0x6453, 0x6452,
  0x5C32, 0x5C32, 0x5C32, 0x5C12, 0x5C12, 0x53F2, 0x53F1, 0x53F1, 0x53D1, 0x53D1, 0x4BB0, 0x4BB0,
  0x4BB0, 0x4B90, 0x4B90, 0x4B90, 0x4B70, 0x4B6F, 0x436F, 0x436F, 0x436F, 0x436F, 0x436F, 0x436F,
  0x4370, 0x4B90, 0x4B90, 0x4B90, 0x4B90, 0x4B90, 0x4BB0, 0x4BB0, 0x4BB0, 0x4BD1, 0x53D1, 0x53F1,
  0x53F1, 0x53F1, 0x5412, 0x5C12, 0x5C32, 0x5C32, 0x5C32, 0x6452, 0x6453, 0x6473, 0x6473, 0x6473,
  0x6473, 0x6C93, 0x6C93, 0x6C93, 0x6C93, 0x6C94, 0x6C94, 0x6C94, 0x6CB4, 0x6CB4, 0x6C94, 0x6C94,
  0x6C94, 0x6C94, 0x6C94, 0x6C94, 0x6C93, 0x6C93, 0x6C93, 0x6C93, 0x6C93, 0x6C93, 0x6C93, 0x6C73,
  0x6C73, 0x6C73, 0x6C73, 0x6C53, 0x6C52, 0x6C52, 0x6C52, 0x6C32, 0x6C32, 0x6C32, 0x6C32, 0x6C32,
  0x6C32, 0x6C32, 0x6C32, 0x6C32, 0x6C32, 0x6C32, 0x6C32, 0x6C32, 0x6C52, 0x6C52, 0x6C52, 0x7452,
  0x7452, 0x7473, 0x7473, 0x7473, 0x7473, 0x7C93, 0x7C93, 0x7C93, 0x7CB4, 0x7CB4, 0x84B4, 0x84D4,
  0x84D4, 0x84D4, 0x84F5, 0x8CF5, 0x8CF5, 0x8CF5, 0x8D15, 0x8D15, 0x8D15, 0x9535, 0x9536, 0x9536,
  0x9556, 0x9556, 0x9556, 0x9D56, 0x9D76, 0x9D76, 0x9D77, 0x9D77, 0x9D77, 0x9D97, 0xA597, 0xA597,
  0xA597, 0xA597, 0xA597, 0xA5B7, 0xA5B7, 0xA5B7, 0xA5B7, 0xA5B7, 0xA5B7, 0xA5B7, 0xA5B7, 0xA5B7,
  0x9D97, 0x9D97, 0xA597, 0xA597, 0xA597, 0xA597, 0xA597, 0xA597, 0xA597, 0xA597, 0xA597, 0xA597,
  0xA597, 0x9D97, 0x9D97, 0x9D97, 0x9D97, 0x9D77, 0x9D77, 0x9D77, 0x9D76, 0x9D76, 0x9D76, 0x9D56,
  0x9556, 0x9556, 0x9556, 0x9536, 0x9536, 0x9535, 0x8D15, 0x8D15, 0x8D15, 0x8CF5, 0x84F5, 0x84F4,
  0x84D4, 0x84D4, 0x84B4, 0x7CB4, 0x7CB4, 0x7CB4, 0x7C93, 0x7C93, 0x7493, 0x7473, 0x7473, 0x7473,
  0x7473, 0x7453, 0x6C52, 0x6C52, 0x6C52, 0x6C52, 0x6C32, 0x6C32, 0x6C32, 0x6C32, 0x6C32, 0x6432,
  0x6C32, 0x6432, 0x6432, 0x6C32, 0x6432, 0x6432, 0x6432, 0x6C52, 0x6C52, 0x6C52, 0x6C52, 0x6C73,
  0x6C73, 0x6C73, 0x6C73, 0x6C73, 0x6C73, 0x6C73, 0x6C73, 0x6C73, 0x6C73, 0x6C73, 0x6C73, 0x6C73,
  0x6C73, 0x6C73, 0x6C73, 0x6C73, 0x6473, 0x6453, 0x6453, 0x6453, 0x6453, 0x6452, 0x6432, 0x5C32,
  0x5C32, 0x5C12, 0x5C11, 0x5BF1, 0x53F1, 0x53F1, 0x53D1, 0x53D1, 0x53B0, 0x4BB0, 0x4BB0, 0x4B90,
  0x4B90, 0x4B90, 0x4B8F, 0x4B6F, 0x436F, 0x436F, 0x436F, 0x434F, 0x436F, 0x434F, 0x434F, 0x434F,
  0x436F, 0x436F, 0x436F, 0x4B6F, 0x4B90, 0x4B90, 0x4B90, 0x4B90, 0x4BB0, 0x4BB0, 0x4BB0, 0x53D1,
  0x53D1, 0x53D1, 0x53F1, 0x5BF1, 0x5C12, 0x5C12, 0x5C32, 0x5C32, 0x5C32, 0x6452, 0x6453, 0x6453,
  0x6453, 0x6453, 0x6473, 0x6C73, 0x6C73, 0x6C73, 0x6C93, 0x6C93, 0x6C93, 0x6C93, 0x6C93, 0x6C93,
  0x6C93, 0x6C93, 0x6C93, 0x6C93, 0x6C73, 0x6C93, 0x6C93, 0x6C93, 0x6C73, 0x6C73, 0x6C73, 0x6C73,
  0x6C73, 0x6C52, 0x6C52, 0x6C52, 0x6C52, 0x6C52, 0x6C52, 0x6C32, 0x6C32, 0x6C32, 0x6C32, 0x6C32,
  0x6C32, 0x6C32, 0x6C32, 0x6C32, 0x6C32, 0x6C32, 0x6C52, 0x6C52, 0x6C52, 0x7452, 0x7452, 0x7453,
  0x7473, 0x7473, 0x7473, 0x7473, 0x7C93, 0x7C93, 0x7C93, 0x7CB4, 0x7CB4, 0x7CB4, 0x84D4, 0x84D4,
  0x84D4, 0x84F4, 0x8CF5, 0x8CF5, 0x8CF5, 0x8D15, 0x8D15, 0x8D15, 0x9535, 0x9535, 0x9536, 0x9556,
  0x9556, 0x9556, 0x9556, 0x9D56, 0x9D76, 0x9D76, 0x9D77, 0x9D77, 0x9D97, 0x9D97, 0xA597, 0xA597,
  0xA597, 0xA597, 0xA597, 0xA5B7, 0xA5B7, 0xA5B7, 0xA5B7, 0xA5B7, 0xA5B7, 0xA5B7, 0xA5B7, 0xA5B7,
  0x9D97, 0xA597, 0xA597, 0xA597, 0xA597, 0xA597, 0xA597, 0xA597, 0xA597, 0xA597, 0xA597, 0xA597,
  0xA597, 0xA597, 0x9D97, 0x9D97, 0x9D97, 0x9D97, 0x9D77, 0x9D77, 0x9D76, 0x9D76, 0x9D76, 0x9D56,
  0x9556, 0x9556, 0x9556, 0x9556, 0x9536, 0x9535, 0x8D15, 0x8D15, 0x8D15, 0x8D15, 0x8CF5, 0x84F5,
  0x84D4, 0x84D4, 0x84D4, 0x84B4, 0x7CB4, 0x7CB4, 0x7C93, 0x7C93, 0x7C93, 0x7493, 0x7473, 0x7473,
  0x7473, 0x7473, 0x7452, 0x6C52, 0x6C52, 0x6C52, 0x6C52, 0x6C32, 0x6C32, 0x6C32, 0x6C32, 0x6C32,
  0x6C32, 0x6C32, 0x6C32, 0x6432, 0x6432, 0x6432, 0x6C52, 0x6C32, 0x6C52, 0x6C52, 0x6C52, 0x6C53,
  0x6C73, 0x6C73, 0x6C73, 0x6C73, 0x6C73, 0x6C73, 0x6C73, 0x6C73, 0x6C73, 0x6C73, 0x6C73, 0x6473,
  0x6473, 0x6473, 0x6453, 0x6453, 0x6453, 0x6453, 0x6452, 0x6452, 0x6432, 0x6432, 0x5C32, 0x5C12,
  0x5C12, 0x5C12, 0x5BF1, 0x53F1, 0x53F1, 0x53D1, 0x53D1, 0x53D1, 0x53B0, 0x4BB0, 0x4B90, 0x4B90,
  0x4B90, 0x4B90, 0x4B6F, 0x4B6F, 0x4B6F, 0x4B6F, 0x436F, 0x436F, 0x436F, 0x436F, 0x434F, 0x434F,
  0x436F, 0x436F, 0x436F, 0x4B6F, 0x4B6F, 0x4B70, 0x4B90, 0x4B90, 0x4B90, 0x4BB0, 0x4BB0, 0x53B0,
  0x53D1, 0x53D1, 0x53D1, 0x53F1, 0x5BF1, 0x5BF1, 0x5C12, 0x5C12, 0x5C32, 0x5C32, 0x6432, 0x6452,
  0x6453, 0x6453, 0x6453, 0x6453, 0x6453, 0x6473, 0x6C73, 0x6C73, 0x6C73, 0x6C73, 0x6C73, 0x6C73,
  0x6C73, 0x6C73, 0x6C73, 0x6C73, 0x6C73, 0x6C73, 0x6C73, 0x6C73, 0x6C73, 0x6C73, 0x6C73, 0x6C73,
  0x6C53, 0x6C52, 0x6C52, 0x6C52, 0x6C52, 0x6C52, 0x6C52, 0x6C32, 0x6C32, 0x6C32, 0x6C32, 0x6C32,
  0x6C32, 0x6C32, 0x6C32, 0x6C32, 0x6C52, 0x6C52, 0x6C52, 0x6C52, 0x7452, 0x7452, 0x7452, 0x7473,
  0x7473, 0x7473, 0x7473, 0x7C93, 0x7C93, 0x7C93, 0x7C94, 0x7CB4, 0x7CB4, 0x84D4, 0x84D4, 0x84D4,
  0x84D4, 0x84F5, 0x8CF5, 0x8CF5, 0x8D15, 0x8D15, 0x8D15, 0x8D35, 0x9535, 0x9536, 0x9536, 0x9556,
  0x9556, 0x9D56, 0x9D56, 0x9D76, 0x9D76, 0x9D77, 0x9D77, 0x9D77, 0x9D97, 0xA597, 0xA597, 0xA597,
  0xA597, 0xA597, 0xA5B7, 0xA5B7, 0xA5B7, 0xA5B7, 0xA5B7, 0xA5B7, 0xA5B7, 0xA5B7, 0xA5B7, 0xA5B7,
  0x9D97, 0xA597, 0xA597, 0xA597, 0xA597, 0xA597, 0xA597, 0xA597, 0xA597, 0xA597, 0xA597, 0xA597,
  0xA597, 0xA597, 0x9D97, 0x9D97, 0x9D97, 0x9D97, 0x9D77, 0x9D77, 0x9D77, 0x9D77, 0x9D76, 0x9D76,
  0x9556, 0x9556, 0x9556, 0x9536, 0x9536, 0x8D35, 0x8D35, 0x8D15, 0x8D15, 0x8D15, 0x8CF5, 0x84F5,
  0x84F4, 0x84D4, 0x84D4, 0x84D4, 0x7CB4, 0x7CB4, 0x7CB4, 0x7C94, 0x7C93, 0x7C93, 0x7493, 0x7473,
  0x7473, 0x7473, 0x7473, 0x7453, 0x6C52, 0x6C52, 0x6C52, 0x6C52, 0x6C32, 0x6C32, 0x6C32, 0x6C32,
  0x6C32, 0x6C32, 0x6C32, 0x6C32, 0x6432, 0x6432, 0x6C32, 0x6C52, 0x6C52, 0x6C52, 0x6C52, 0x6C53,
  0x6C73, 0x6C73, 0x6C73, 0x6C73, 0x6C73, 0x6C73, 0x6C73, 0x6C73, 0x6C73, 0x6C53, 0x6453, 0x6453,
  0x6453, 0x6453, 0x6453, 0x6452, 0x6452, 0x6452, 0x6452, 0x6432, 0x5C32, 0x5C12, 0x5C12, 0x5C12,
  0x5C12, 0x5C11, 0x5BF1, 0x53F1, 0x53D1, 0x53D1, 0x53D1, 0x53B0, 0x53B0, 0x4BB0, 0x4B90, 0x4B90,
  0x4B90, 0x4B90, 0x4B6F, 0x4B6F, 0x4B6F, 0x4B6F, 0x436F, 0x436F, 0x434F, 0x436F, 0x434F, 0x434F,
  0x434F, 0x436F, 0x436F, 0x4B6F, 0x4B6F, 0x4B90, 0x4B90, 0x4B90, 0x4B90, 0x4B90, 0x4BB0, 0x53B0,
  0x53B0, 0x53D1, 0x53D1, 0x53D1, 0x53F1, 0x5BF1, 0x5BF1, 0x5C11, 0x5C12, 0x5C12, 0x5C32, 0x6432,
  0x6432, 0x6452, 0x6452, 0x6452, 0x6453, 0x6453, 0x6453, 0x6C73, 0x6C73, 0x6C73, 0x6C73, 0x6C73,
  0x6C73, 0x6C73, 0x6C73, 0x6C73, 0x6C73, 0x6C73, 0x6C73, 0x6C73, 0x6C73, 0x6C73, 0x6C73, 0x6C52,
  0x6C52, 0x6C52, 0x6C52, 0x6C52, 0x6C52, 0x6C52, 0x6C52, 0x6C32, 0x6C32, 0x6C32, 0x6C32, 0x6C32,
  0x6C32, 0x6C32, 0x6C32, 0x6C52, 0x6C52, 0x6C52, 0x6C52, 0x7452, 0x7452, 0x7452, 0x7473, 0x7473,
  0x7473, 0x7473, 0x7493, 0x7C93, 0x7C93, 0x7C93, 0x7CB4, 0x7CB4, 0x84B4, 0x84D4, 0x84D4, 0x84D4,
  0x84F4, 0x8CF5, 0x8CF5, 0x8D15, 0x8D15, 0x8D15, 0x8D15, 0x8D35, 0x9536, 0x9536, 0x9536, 0x9556,
  0x9556, 0x9D56, 0x9D76, 0x9D76, 0x9D76, 0x9D77, 0x9D77, 0x9D97, 0x9D97, 0xA597, 0xA597, 0xA597,
  0xA597, 0xA5B7, 0xA5B7, 0xA5B7, 0xA5B7, 0xA5B7, 0xA5B7, 0xA5B7, 0xA5B7, 0xA5B7, 0xA5B7, 0xA5B7,
  0xA597, 0xA597, 0xA597, 0xA597, 0xA597, 0xA597, 0xA597, 0xA597, 0xA597, 0xA597, 0xA597, 0xA597,
  0xA597, 0xA597, 0xA597, 0xA597, 0x9D97, 0x9D97, 0x9D97, 0x9D77, 0x9D77, 0x9D76, 0x9D76, 0x9D76,
  0x9D56, 0x9556, 0x9556, 0x9556, 0x9536, 0x9536, 0x8D35, 0x8D15, 0x8D15, 0x8D15, 0x8D15, 0x84F5,
  0x84F5, 0x84D4, 0x84D4, 0x84D4, 0x7CB4, 0x7CB4, 0x7CB4, 0x7CB3, 0x7C93, 0x7C93, 0x7493, 0x7473,
  0x7473, 0x7473, 0x7473, 0x7452, 0x6C52, 0x6C52, 0x6C52, 0x6C52, 0x6C52, 0x6C32, 0x6C32, 0x6C32,
  0x6C32, 0x6C32, 0x6C32, 0x6C32, 0x6C32, 0x6C32, 0x6C32, 0x6C52, 0x6C52, 0x6C52, 0x6C52, 0x6C53,
  0x6C53, 0x6C53, 0x6C53, 0x6C73, 0x6C73, 0x6C73, 0x6C73, 0x6C73, 0x6C53, 0x6453, 0x6452, 0x6452,
  0x6452, 0x6452, 0x6452, 0x6452, 0x6432, 0x6432, 0x6432, 0x6432, 0x5C32, 0x5C12, 0x5C12, 0x5C12,
  0x5C11, 0x5BF1, 0x5BF1, 0x53F1, 0x53D1, 0x53D1, 0x53D1, 0x53B0, 0x53B0, 0x4BB0, 0x4B90, 0x4B90,
  0x4B90, 0x4B90, 0x4B6F, 0x4B6F, 0x4B6F, 0x436F, 0x436F, 0x436F, 0x436F, 0x436F, 0x434F, 0x434F,
  0x436F, 0x4B6F, 0x4B6F, 0x4B6F, 0x4B70, 0x4B90, 0x4B90, 0x4B90, 0x4B90, 0x4B90, 0x4BB0, 0x53B0,
  0x53B0, 0x53D1, 0x53D1, 0x53D1, 0x53D1, 0x53F1, 0x5BF1, 0x5C11, 0x5C12, 0x5C12, 0x5C32, 0x6432,
  0x6432, 0x6432, 0x6452, 0x6452, 0x6452, 0x6452, 0x6453, 0x6453, 0x6453, 0x6C53, 0x6C53, 0x6C53,
  0x6C73, 0x6C73, 0x6C73, 0x6C73, 0x6C73, 0x6C73, 0x6C73, 0x6C73, 0x6C73, 0x6C73, 0x6C73, 0x6C52,
  0x6C52, 0x6C52, 0x6C52, 0x6C52, 0x6C52, 0x6C52, 0x6C52, 0x6C52, 0x6C32, 0x6C32, 0x6C32, 0x6C32,
  0x6C32, 0x6C52, 0x6C52, 0x6C52, 0x6C52, 0x6C52, 0x7452, 0x7452, 0x7452, 0x7473, 0x7473, 0x7473,
  0x7473, 0x7473, 0x7493, 0x7C93, 0x7C93, 0x7CB3, 0x7CB4, 0x7CB4, 0x84B4, 0x84D4, 0x84D4, 0x84D4,
  0x8CF5, 0x8CF5, 0x8D15, 0x8D15, 0x8D15, 0x8D15, 0x9535, 0x9536, 0x9536, 0x9536, 0x9556, 0x9556,
  0x9556, 0x9D56, 0x9D76, 0x9D76, 0x9D76, 0x9D77, 0x9D97, 0x9D97, 0xA597, 0xA597, 0xA597, 0xA597,
  0xA597, 0xA5B7, 0xA5B7, 0xA5B7, 0xA5B7, 0xA5B7, 0xA5B7, 0xA5B7, 0xA5B7, 0xA5B7, 0xA5B7, 0xA5B8,
  0xA597, 0xA597, 0xA597, 0xA597, 0xA597, 0xA597, 0xA597, 0xA597, 0xA597, 0xA597, 0xA597, 0xA597,
  0xA597, 0xA597, 0xA597, 0xA597, 0x9D97, 0x9D97, 0x9D77, 0x9D77, 0x9D77, 0x9D76, 0x9D76, 0x9D76,
  0x9D56, 0x9556, 0x9556, 0x9556, 0x9536, 0x9536, 0x8D35, 0x8D15, 0x8D15, 0x8D15, 0x8D15, 0x8CF5,
  0x84F5, 0x84D4, 0x84D4, 0x84D4, 0x7CB4, 0x7CB4, 0x7CB4, 0x7CB3, 0x7C93, 0x7C93, 0x7493, 0x7473,
  0x7473, 0x7473, 0x7473, 0x7453, 0x6C52, 0x6C52, 0x6C52, 0x6C52, 0x6C52, 0x6C52, 0x6C32, 0x6C32,
  0x6C32, 0x6C32, 0x6C32, 0x6C32, 0x6C32, 0x6C32, 0x6C32, 0x6C52, 0x6C52, 0x6C52, 0x6C52, 0x6C53,
  0x6C53, 0x6C53, 0x6C53, 0x6C73, 0x6C73, 0x6C53, 0x6C53, 0x6C73, 0x6C53, 0x6452, 0x6452, 0x6452,
  0x6452, 0x6452, 0x6432, 0x6432, 0x6432, 0x6432, 0x6432, 0x6432, 0x5C12, 0x5C12, 0x5C12, 0x5C11,
  0x5BF1, 0x5BF1, 0x5BF1, 0x53F1, 0x53D1, 0x53D1, 0x53D1, 0x53B0, 0x53B0, 0x4BB0, 0x4B90, 0x4B90,
  0x4B90, 0x4B8F, 0x4B6F, 0x4B6F, 0x4B6F, 0x436F, 0x436F, 0x436F, 0x436F, 0x436F, 0x434F, 0x434F,
  0x436F, 0x4B6F, 0x4B6F, 0x4B6F, 0x4B70, 0x4B70, 0x4B90, 0x4B90, 0x4B90, 0x4B90, 0x4BB0, 0x53B0,
  0x53B0, 0x53D1, 0x53D1, 0x53D1, 0x53D1, 0x53D1, 0x5BF1, 0x5C11, 0x5C11, 0x5C12, 0x5C12, 0x5C32,
  0x5C32, 0x6432, 0x6432, 0x6432, 0x6432, 0x6452, 0x6452, 0x6452, 0x6452, 0x6452, 0x6452, 0x6C53,
  0x6C53, 0x6C73, 0x6C73, 0x6C53, 0x6C53, 0x6C73, 0x6C73, 0x6C73, 0x6C53, 0x6C73, 0x6C53, 0x6C52,
  0x6C52, 0x6C52, 0x6C52, 0x6C32, 0x6C52, 0x6C52, 0x6C52, 0x6C52, 0x6C32, 0x6C32, 0x6C32, 0x6C32,
  0x6C52, 0x6C52, 0x6C52, 0x6C52, 0x6C52, 0x6C52, 0x7452, 0x7452, 0x7453, 0x7473, 0x7473, 0x7473,
  0x7473, 0x7473, 0x7C93, 0x7C93, 0x7C93, 0x7CB4, 0x7CB4, 0x7CB4, 0x84D4, 0x84D4, 0x84D4, 0x84F4,
  0x8CF5, 0x8CF5, 0x8D15, 0x8D15, 0x8D15, 0x8D15, 0x9536, 0x9536, 0x9536, 0x9556, 0x9556, 0x9556,
  0x9556, 0x9D56, 0x9D76, 0x9D76, 0x9D76, 0x9D77, 0x9D97, 0x9D97, 0x9D97, 0xA597, 0xA597, 0xA597,
  0xA597, 0xA5B7, 0xA5B7, 0xA5B7, 0xA5B7, 0xA5B7, 0xA5B7, 0xA5B7, 0xA5B7, 0xA5B7, 0xA5B7, 0xA5B8,
 

};

#endif // CLEEN_BOTTEL_IMAGE_H
