#ifndef CLOCK_BG_H
#define CLOCK_BG_H

#include <stdint.h>


#define IMAGE_WIDTH  240
#define IMAGE_HEIGHT 240

const uint16_t clock_bg_data[IMAGE_WIDTH * IMAGE_HEIGHT] PROGMEM = {
  0x0000, 0x0000, 0x0000, 0x0000, 0x0000, 0x0000, 0x0000, 0x0000, 0x0000, 0x0000, 0x0000, 0x0000,
  0x0000, 0x0000, 0x0000, 0x0000, 0x0000, 0x0000, 0x0000, 0x0000, 0x0000, 0x0000, 0x0000, 0x0000,
  0x0000, 0x0000, 0x0000, 0x0000, 0x0000, 0x0000, 0x0000, 0x0000, 0x0000, 0x0000, 0x0000, 0x0000,
  0x0000, 0x0000, 0x0000, 0x0000, 0x0000, 0x0000, 0x0000, 0x0000, 0x0000, 0x0000, 0x0000, 0x0000,
  0x0000, 0x0000, 0x0000, 0x0000, 0x0000, 0x0000, 0x0000, 0x0000, 0x0000, 0x0000, 0x0000, 0x0000,
  0x0000, 0x0000, 0x0000, 0x0000, 0x0000, 0x0000, 0x0000, 0x0000, 0x0000, 0x0000, 0x0000, 0x0000,
  0x0000, 0x0000, 0x0000, 0x0000, 0x0000, 0x0000, 0x0000, 0x0000, 0x0000, 0x0000, 0x0000, 0x0000,
  0x0000, 0x0000, 0x0000, 0x0000, 0x0000, 0x0000, 0x0000, 0x0000, 0x0000, 0x0000, 0x0000, 0x0000,
  0x0000, 0x0000, 0x0020, 0x0020, 0x0000, 0x0000, 0x0000, 0x0000, 0x0000, 0x0000, 0x0000, 0x0000,
  0x0000, 0x0000, 0x0842, 0x0883, 0x10E5, 0x1927, 0x2189, 0x21CA, 0x2A0C, 0x324D, 0x324D, 0x326E,
  0x326E, 0x326D, 0x324D, 0x2A0C, 0x29EB, 0x21AA, 0x1968, 0x1106, 0x08C4, 0x0862, 0x0021, 0x0000,
  0x0000, 0x0000, 0x0000, 0x0000, 0x0000, 0x0000, 0x0000, 0x0000, 0x0020, 0x0000, 0x0000, 0x0000,
  0x0000, 0x0000, 0x0000, 0x0000, 0x0000, 0x0000, 0x0000, 0x0000, 0x0000, 0x0000, 0x0000, 0x0000,
  0x0000, 0x0000, 0x0000, 0x0000, 0x0000, 0x0000, 0x0000, 0x0000, 0x0000, 0x0000, 0x0000, 0x0000,
  0x0000, 0x0000, 0x0000, 0x0000, 0x0000, 0x0000, 0x0000, 0x0000, 0x0000, 0x0000, 0x0000, 0x0000,
  0x0000, 0x0000, 0x0000, 0x0000, 0x0000, 0x0000, 0x0000, 0x0000, 0x0000, 0x0000, 0x0000, 0x0000,
  0x0000, 0x0000, 0x0000, 0x0000, 0x0000, 0x0000, 0x0000, 0x0000, 0x0000, 0x0000, 0x0000, 0x0000,
  0x0000, 0x0000, 0x0000, 0x0000, 0x0000, 0x0000, 0x0000, 0x0000, 0x0000, 0x0000, 0x0000, 0x0000,
  0x0000, 0x0000, 0x0000, 0x0000, 0x0000, 0x0000, 0x0000, 0x0000, 0x0000, 0x0000, 0x0000, 0x0000,
  0x0000, 0x0000, 0x0000, 0x0000, 0x0000, 0x0000, 0x0000, 0x0000, 0x0000, 0x0000, 0x0000, 0x0000,
  0x0000, 0x0000, 0x0000, 0x0000, 0x0000, 0x0000, 0x0000, 0x0000, 0x0000, 0x0000, 0x0000, 0x0000,
  0x0000, 0x0000, 0x0000, 0x0000, 0x0000, 0x0000, 0x0000, 0x0000, 0x0000, 0x0000, 0x0000, 0x0000,
  0x0000, 0x0000, 0x0000, 0x0000, 0x0000, 0x0000, 0x0000, 0x0000, 0x0000, 0x0000, 0x0000, 0x0000,
  0x0000, 0x0000, 0x0000, 0x0000, 0x0000, 0x0000, 0x0000, 0x0000, 0x0000, 0x0000, 0x0000, 0x0000,
  0x0000, 0x0000, 0x0000, 0x0000, 0x0000, 0x0000, 0x0000, 0x0000, 0x0000, 0x0000, 0x0000, 0x0000,
  0x0000, 0x0000, 0x0000, 0x0000, 0x0000, 0x0000, 0x0000, 0x0000, 0x0000, 0x0000, 0x0000, 0x0000,
  0x0000, 0x0000, 0x0000, 0x0000, 0x0000, 0x0000, 0x0000, 0x0000, 0x0000, 0x0000, 0x0000, 0x0000,
  0x0000, 0x0000, 0x0000, 0x0000, 0x0000, 0x0000, 0x0000, 0x0000, 0x0000, 0x0020, 0x0000, 0x0000,
  0x0000, 0x0000, 0x0000, 0x0000, 0x0000, 0x0020, 0x0883, 0x1947, 0x29EB, 0x3AAF, 0x4353, 0x53F7,
  0x5C79, 0x64DB, 0x6D1C, 0x6D3D, 0x6D1D, 0x6D1D, 0x64FC, 0x64DC, 0x64DC, 0x64BB, 0x64BB, 0x64BA,
  0x64BA, 0x64BB, 0x649B, 0x64BB, 0x64DC, 0x64FD, 0x6D3D, 0x6D3D, 0x6D1D, 0x64FC, 0x64DB, 0x5C9A,
  0x5417, 0x4B94, 0x3AD0, 0x2A2C, 0x1968, 0x08A3, 0x0021, 0x0000, 0x0000, 0x0000, 0x0000, 0x0000,
  0x0000, 0x0000, 0x0000, 0x0000, 0x0000, 0x0000, 0x0000, 0x0000, 0x0000, 0x0000, 0x0000, 0x0000,
  0x0000, 0x0000, 0x0000, 0x0000, 0x0000, 0x0000, 0x0000, 0x0000, 0x0000, 0x0000, 0x0000, 0x0000,
  0x0000, 0x0000, 0x0000, 0x0000, 0x0000, 0x0000, 0x0000, 0x0000, 0x0000, 0x0000, 0x0000, 0x0000,
  0x0000, 0x0000, 0x0000, 0x0000, 0x0000, 0x0000, 0x0000, 0x0000, 0x0000, 0x0000, 0x0000, 0x0000,
  0x0000, 0x0000, 0x0000, 0x0000, 0x0000, 0x0000, 0x0000, 0x0000, 0x0000, 0x0000, 0x0000, 0x0000,
  0x0000, 0x0000, 0x0000, 0x0000, 0x0000, 0x0000, 0x0000, 0x0000, 0x0000, 0x0000, 0x0000, 0x0000,
  0x0000, 0x0000, 0x0000, 0x0000, 0x0000, 0x0000, 0x0000, 0x0000, 0x0000, 0x0000, 0x0000, 0x0000,
  0x0000, 0x0000, 0x0000, 0x0000, 0x0000, 0x0000, 0x0000, 0x0000, 0x0000, 0x0000, 0x0000, 0x0000,
  0x0000, 0x0000, 0x0000, 0x0000, 0x0000, 0x0000, 0x0000, 0x0000, 0x0000, 0x0000, 0x0000, 0x0000,
  0x0000, 0x0000, 0x0000, 0x0000, 0x0000, 0x0000, 0x0000, 0x0000, 0x0000, 0x0000, 0x0000, 0x0000,
  0x0000, 0x0000, 0x0000, 0x0000, 0x0000, 0x0000, 0x0000, 0x0000, 0x0000, 0x0000, 0x0000, 0x0000,
  0x0000, 0x0000, 0x0000, 0x0000, 0x0000, 0x0000, 0x0000, 0x0000, 0x0000, 0x0000, 0x0000, 0x0000,
  0x0000, 0x0000, 0x0000, 0x0000, 0x0000, 0x0000, 0x0000, 0x0000, 0x0000, 0x0000, 0x0000, 0x0000,
  0x0000, 0x0000, 0x0000, 0x0000, 0x0000, 0x0000, 0x0000, 0x0000, 0x0000, 0x0000, 0x0000, 0x0000,
  0x0000, 0x0000, 0x0000, 0x0000, 0x0000, 0x0000, 0x0000, 0x0000, 0x0000, 0x0000, 0x0000, 0x0000,
  0x0000, 0x0000, 0x0000, 0x0000, 0x0000, 0x0000, 0x0000, 0x0000, 0x0000, 0x0000, 0x0000, 0x0000,
  0x0862, 0x1927, 0x2A4D, 0x4353, 0x5438, 0x64FC, 0x6D3E, 0x6D3E, 0x6D1D, 0x64BA, 0x5417, 0x4B73,
  0x42D0, 0x3A4D, 0x29EA, 0x2988, 0x2125, 0x18E4, 0x10A3, 0x1082, 0x1061, 0x1061, 0x1041, 0x0840,
  0x0840, 0x1041, 0x0841, 0x1061, 0x1081, 0x10A2, 0x18C4, 0x1905, 0x2147, 0x29A9, 0x322B, 0x3A8E,
  0x4B32, 0x53D6, 0x5C79, 0x64FC, 0x6D3E, 0x6D3D, 0x64FC, 0x5C79, 0x4374, 0x2A6E, 0x1947, 0x0862,
  0x0000, 0x0000, 0x0000, 0x0000, 0x0000, 0x0000, 0x0000, 0x0000, 0x0000, 0x0000, 0x0000, 0x0000,
  0x0000, 0x0000, 0x0000, 0x0000, 0x0000, 0x0000, 0x0000, 0x0000, 0x0000, 0x0000, 0x0000, 0x0000,
  0x0000, 0x0000, 0x0000, 0x0000, 0x0000, 0x0000, 0x0000, 0x0000, 0x0000, 0x0000, 0x0000, 0x0000,
  0x0000, 0x0000, 0x0000, 0x0000, 0x0000, 0x0000, 0x0000, 0x0000, 0x0000, 0x0000, 0x0000, 0x0000,
  0x0000, 0x0000, 0x0000, 0x0000, 0x0000, 0x0000, 0x0000, 0x0000, 0x0000, 0x0000, 0x0000, 0x0000,
  0x0000, 0x0000, 0x0000, 0x0000, 0x0000, 0x0000, 0x0000, 0x0000, 0x0000, 0x0000, 0x0000, 0x0000,
  0x0000, 0x0000, 0x0000, 0x0000, 0x0000, 0x0000, 0x0000, 0x0000, 0x0000, 0x0000, 0x0000, 0x0000,
  0x0000, 0x0000, 0x0000, 0x0000, 0x0000, 0x0000, 0x0000, 0x0000, 0x0000, 0x0000, 0x0000, 0x0000,
  0x0000, 0x0000, 0x0000, 0x0000, 0x0000, 0x0000, 0x0000, 0x0000, 0x0000, 0x0000, 0x0000, 0x0000,
  0x0000, 0x0000, 0x0000, 0x0000, 0x0000, 0x0000, 0x0000, 0x0000, 0x0000, 0x0000, 0x0000, 0x0000,
  0x0000, 0x0000, 0x0000, 0x0000, 0x0000, 0x0000, 0x0000, 0x0000, 0x0000, 0x0000, 0x0000, 0x0000,
  0x0000, 0x0000, 0x0000, 0x0000, 0x0000, 0x0000, 0x0000, 0x0000, 0x0000, 0x0000, 0x0000, 0x0000,
  0x0000, 0x0000, 0x0000, 0x0000, 0x0000, 0x0000, 0x0000, 0x0000, 0x0000, 0x0000, 0x0000, 0x0000,
  0x0000, 0x0000, 0x0000, 0x0000, 0x0000, 0x0000, 0x0000, 0x0000, 0x0000, 0x0000, 0x0000, 0x0000,
  0x0000, 0x0000, 0x0000, 0x0000, 0x0000, 0x0000, 0x0000, 0x0000, 0x0000, 0x0000, 0x0000, 0x0000,
  0x0000, 0x0000, 0x0000, 0x0000, 0x0000, 0x0000, 0x0000, 0x0020, 0x1105, 0x2A2C, 0x4B94, 0x5C7A,
  0x651E, 0x6D3E, 0x64DC, 0x5C37, 0x4B52, 0x324D, 0x2188, 0x18E4, 0x1081, 0x0820, 0x0800, 0x0800,
  0x0800, 0x0800, 0x0820, 0x0820, 0x1040, 0x1040, 0x1061, 0x1061, 0x1061, 0x1061, 0x1061, 0x1061,
  0x1061, 0x1061, 0x1061, 0x1061, 0x1061, 0x1061, 0x1040, 0x0840, 0x0840, 0x0820, 0x0800, 0x0800,
  0x0800, 0x0800, 0x0820, 0x1041, 0x10A3, 0x2146, 0x2A0B, 0x4311, 0x5417, 0x64BB, 0x651D, 0x651D,
  0x5C7A, 0x4374, 0x2A2D, 0x1105, 0x0020, 0x0000, 0x0000, 0x0000, 0x0000, 0x0000, 0x0000, 0x0000,
  0x0000, 0x0000, 0x0000, 0x0000, 0x0000, 0x0000, 0x0000, 0x0000, 0x0000, 0x0000, 0x0000, 0x0000,
  0x0000, 0x0000, 0x0000, 0x0000, 0x0000, 0x0000, 0x0000, 0x0000, 0x0000, 0x0000, 0x0000, 0x0000,
  0x0000, 0x0000, 0x0000, 0x0000, 0x0000, 0x0000, 0x0000, 0x0000, 0x0000, 0x0000, 0x0000, 0x0000,
  0x0000, 0x0000, 0x0000, 0x0000, 0x0000, 0x0000, 0x0000, 0x0000, 0x0000, 0x0000, 0x0000, 0x0000,
  0x0000, 0x0000, 0x0000, 0x0000, 0x0000, 0x0000, 0x0000, 0x0000, 0x0000, 0x0000, 0x0000, 0x0000,
  0x0000, 0x0000, 0x0000, 0x0000, 0x0000, 0x0000, 0x0000, 0x0000, 0x0000, 0x0000, 0x0000, 0x0000,
  0x0000, 0x0000, 0x0000, 0x0000, 0x0000, 0x0000, 0x0000, 0x0000, 0x0000, 0x0000, 0x0000, 0x0000,
  0x0000, 0x0000, 0x0000, 0x0000, 0x0000, 0x0000, 0x0000, 0x0000, 0x0000, 0x0000, 0x0000, 0x0000,
  0x0000, 0x0000, 0x0000, 0x0000, 0x0000, 0x0000, 0x0000, 0x0000, 0x0000, 0x0000, 0x0000, 0x0000,
  0x0000, 0x0000, 0x0000, 0x0000, 0x0000, 0x0000, 0x0000, 0x0000, 0x0000, 0x0000, 0x0000, 0x0000,
  0x0000, 0x0000, 0x0000, 0x0000, 0x0000, 0x0000, 0x0000, 0x0000, 0x0000, 0x0000, 0x0000, 0x0000,
  0x0000, 0x0000, 0x0000, 0x0000, 0x0000, 0x0000, 0x0000, 0x0000, 0x0000, 0x0000, 0x0000, 0x0000,
  0x0000, 0x0000, 0x0000, 0x0000, 0x0000, 0x0000, 0x0000, 0x0000, 0x0000, 0x0000, 0x0000, 0x0000,
  0x0000, 0x0000, 0x0000, 0x0000, 0x0000, 0x0000, 0x0000, 0x0000, 0x0000, 0x0000, 0x0000, 0x0000,
  0x0000, 0x0000, 0x0000, 0x0000, 0x10E5, 0x326E, 0x53F6, 0x651C, 0x757E, 0x6D1C, 0x5C37, 0x42F0,
  0x29CA, 0x18E4, 0x1061, 0x0800, 0x0800, 0x0800, 0x0820, 0x1040, 0x1061, 0x1061, 0x1081, 0x1081,
  0x1081, 0x1081, 0x1081, 0x1081, 0x1061, 0x1061, 0x1061, 0x1061, 0x1061, 0x1061, 0x1061, 0x1061,
  0x1061, 0x1061, 0x1061, 0x1061, 0x1061, 0x1061, 0x1061, 0x1061, 0x1061, 0x1061, 0x1081, 0x1081,
  0x1081, 0x1081, 0x1061, 0x1061, 0x0840, 0x0820, 0x0800, 0x0800, 0x0800, 0x0840, 0x18C4, 0x29A9,
  0x3ACF, 0x53F6, 0x64FC, 0x6D5E, 0x64DC, 0x4BD5, 0x2A4D, 0x10E5, 0x0000, 0x0000, 0x0000, 0x0000,
  0x0000, 0x0000, 0x0000, 0x0000, 0x0000, 0x0000, 0x0000, 0x0000, 0x0000, 0x0000, 0x0000, 0x0000,
  0x0000, 0x0000, 0x0000, 0x0000, 0x0000, 0x0000, 0x0000, 0x0000, 0x0000, 0x0000, 0x0000, 0x0000,
  0x0000, 0x0000, 0x0000, 0x0000, 0x0000, 0x0000, 0x0000, 0x0000, 0x0000, 0x0000, 0x0000, 0x0000,
  0x0000, 0x0000, 0x0000, 0x0000, 0x0000, 0x0000, 0x0000, 0x0000, 0x0000, 0x0000, 0x0000, 0x0000,
  0x0000, 0x0000, 0x0000, 0x0000, 0x0000, 0x0000, 0x0000, 0x0000, 0x0000, 0x0000, 0x0000, 0x0000,
  0x0000, 0x0000, 0x0000, 0x0000, 0x0000, 0x0000, 0x0000, 0x0000, 0x0000, 0x0000, 0x0000, 0x0000,
  0x0000, 0x0000, 0x0000, 0x0000, 0x0000, 0x0000, 0x0000, 0x0000, 0x0000, 0x0000, 0x0000, 0x0000,
  0x0000, 0x0000, 0x0000, 0x0000, 0x0000, 0x0000, 0x0000, 0x0000, 0x0000, 0x0000, 0x0000, 0x0000,
  0x0000, 0x0000, 0x0000, 0x0000, 0x0000, 0x0000, 0x0000, 0x0000, 0x0000, 0x0000, 0x0000, 0x0000,
  0x0000, 0x0000, 0x0000, 0x0000, 0x0000, 0x0000, 0x0000, 0x0000, 0x0000, 0x0000, 0x0000, 0x0000,
  0x0000, 0x0000, 0x0000, 0x0000, 0x0000, 0x0000, 0x0000, 0x0000, 0x0000, 0x0000, 0x0000, 0x0000,
  0x0000, 0x0000, 0x0000, 0x0000, 0x0000, 0x0000, 0x0000, 0x0000, 0x0000, 0x0000, 0x0000, 0x0000,
  0x0000, 0x0000, 0x0000, 0x0000, 0x0000, 0x0000, 0x0000, 0x0000, 0x0000, 0x0000, 0x0000, 0x0000,
  0x0000, 0x0000, 0x0000, 0x0000, 0x0000, 0x0000, 0x0000, 0x0000, 0x0000, 0x0000, 0x0000, 0x0000,
  0x0862, 0x21CA, 0x4374, 0x64DB, 0x6D5E, 0x64FC, 0x53D5, 0x326D, 0x2146, 0x1061, 0x0800, 0x0800,
  0x0820, 0x0840, 0x1061, 0x1081, 0x1081, 0x1081, 0x1081, 0x1061, 0x1061, 0x1061, 0x1061, 0x1061,
  0x1061, 0x1061, 0x1061, 0x1061, 0x1061, 0x1061, 0x1061, 0x1061, 0x1061, 0x1061, 0x1061, 0x1061,
  0x1061, 0x1061, 0x1061, 0x1061, 0x1061, 0x1061, 0x1061, 0x1061, 0x1061, 0x1061, 0x1061, 0x1061,
  0x1061, 0x1061, 0x1061, 0x1061, 0x1061, 0x1061, 0x1061, 0x1081, 0x1081, 0x1061, 0x0840, 0x0820,
  0x0800, 0x0800, 0x0861, 0x1926, 0x324D, 0x4BB5, 0x64DC, 0x6D5E, 0x5CBB, 0x4332, 0x1989, 0x0041,
  0x0000, 0x0000, 0x0000, 0x0000, 0x0000, 0x0000, 0x0000, 0x0000, 0x0000, 0x0000, 0x0000, 0x0000,
  0x0000, 0x0000, 0x0000, 0x0000, 0x0000, 0x0000, 0x0000, 0x0000, 0x0000, 0x0000, 0x0000, 0x0000,
  0x0000, 0x0000, 0x0000, 0x0000, 0x0000, 0x0000, 0x0000, 0x0000, 0x0000, 0x0000, 0x0000, 0x0000,
  0x0000, 0x0000, 0x0000, 0x0000, 0x0000, 0x0000, 0x0000, 0x0000, 0x0000, 0x0000, 0x0000, 0x0000,
  0x0000, 0x0000, 0x0000, 0x0000, 0x0000, 0x0000, 0x0000, 0x0000, 0x0000, 0x0000, 0x0000, 0x0000,
  0x0000, 0x0000, 0x0000, 0x0000, 0x0000, 0x0000, 0x0000, 0x0000, 0x0000, 0x0000, 0x0000, 0x0000,
  0x0000, 0x0000, 0x0000, 0x0000, 0x0000, 0x0000, 0x0000, 0x0000, 0x0000, 0x0000, 0x0000, 0x0000,
  0x0000, 0x0000, 0x0000, 0x0000, 0x0000, 0x0000, 0x0000, 0x0000, 0x0000, 0x0000, 0x0000, 0x0000,
  0x0000, 0x0000, 0x0000, 0x0000, 0x0000, 0x0000, 0x0000, 0x0000, 0x0000, 0x0000, 0x0000, 0x0000,
  0x0000, 0x0000, 0x0000, 0x0000, 0x0000, 0x0000, 0x0000, 0x0000, 0x0000, 0x0000, 0x0000, 0x0000,
  0x0000, 0x0000, 0x0000, 0x0000, 0x0000, 0x0000, 0x0000, 0x0000, 0x0000, 0x0000, 0x0000, 0x0000,
  0x0000, 0x0000, 0x0000, 0x0000, 0x0000, 0x0000, 0x0000, 0x0000, 0x0000, 0x0000, 0x0000, 0x0000,
  0x0000, 0x0000, 0x0000, 0x0000, 0x0000, 0x0000, 0x0000, 0x0000, 0x0000, 0x0000, 0x0000, 0x0000,
  0x0000, 0x0000, 0x0000, 0x0000, 0x0000, 0x0000, 0x0000, 0x0000, 0x0000, 0x0883, 0x2A4D, 0x5417,
  0x6D3E, 0x6D3E, 0x5C37, 0x3AAE, 0x2126, 0x1061, 0x0800, 0x0800, 0x0820, 0x1061, 0x1081, 0x1081,
  0x1061, 0x1061, 0x1061, 0x1061, 0x1061, 0x1061, 0x1061, 0x1061, 0x1061, 0x1061, 0x1061, 0x1061,
  0x1061, 0x1061, 0x1061, 0x1061, 0x1061, 0x1061, 0x1061, 0x1061, 0x1061, 0x1061, 0x1061, 0x1061,
  0x1061, 0x1061, 0x1061, 0x1061, 0x1061, 0x1061, 0x1061, 0x1061, 0x1061, 0x1061, 0x1061, 0x1061,
  0x1061, 0x1061, 0x1061, 0x1061, 0x1061, 0x1061, 0x1061, 0x1061, 0x1061, 0x1061, 0x1061, 0x1061,
  0x1061, 0x1061, 0x0861, 0x0820, 0x0800, 0x0800, 0x0841, 0x1946, 0x3AAF, 0x5C58, 0x6D3E, 0x64FD,
  0x4BD6, 0x29EB, 0x0862, 0x0000, 0x0000, 0x0000, 0x0000, 0x0000, 0x0000, 0x0000, 0x0000, 0x0000,
  0x0000, 0x0000, 0x0000, 0x0000, 0x0000, 0x0000, 0x0000, 0x0000, 0x0000, 0x0000, 0x0000, 0x0000,
  0x0000, 0x0000, 0x0000, 0x0000, 0x0000, 0x0000, 0x0000, 0x0000, 0x0000, 0x0000, 0x0000, 0x0000,
  0x0000, 0x0000, 0x0000, 0x0000, 0x0000, 0x0000, 0x0000, 0x0000, 0x0000, 0x0000, 0x0000, 0x0000,
  0x0000, 0x0000, 0x0000, 0x0000, 0x0000, 0x0000, 0x0000, 0x0000, 0x0000, 0x0000, 0x0000, 0x0000,
  0x0000, 0x0000, 0x0000, 0x0000, 0x0000, 0x0000, 0x0000, 0x0000, 0x0000, 0x0000, 0x0000, 0x0000,
  0x0000, 0x0000, 0x0000, 0x0000, 0x0000, 0x0000, 0x0000, 0x0000, 0x0000, 0x0000, 0x0000, 0x0000,
  0x0000, 0x0000, 0x0000, 0x0000, 0x0000, 0x0000, 0x0000, 0x0000, 0x0000, 0x0000, 0x0000, 0x0000,
  0x0000, 0x0000, 0x0000, 0x0000, 0x0000, 0x0000, 0x0000, 0x0000, 0x0000, 0x0000, 0x0000, 0x0000,
  0x0000, 0x0000, 0x0000, 0x0000, 0x0000, 0x0000, 0x0000, 0x0000, 0x0000, 0x0000, 0x0000, 0x0000,
  0x0000, 0x0000, 0x0000, 0x0000, 0x0000, 0x0000, 0x0000, 0x0000, 0x0000, 0x0000, 0x0000, 0x0000,
  0x0000, 0x0000, 0x0000, 0x0000, 0x0000, 0x0000, 0x0000, 0x0000, 0x0000, 0x0000, 0x0000, 0x0000,
  0x0000, 0x0000, 0x0000, 0x0000, 0x0000, 0x0000, 0x0000, 0x0000, 0x0000, 0x0000, 0x0000, 0x0000,
  0x0000, 0x0000, 0x0000, 0x0000, 0x0000, 0x0000, 0x0042, 0x2A0B, 0x5437, 0x757E, 0x6D3D, 0x53D5,
  0x320B, 0x18A3, 0x0800, 0x0800, 0x0820, 0x1061, 0x1081, 0x1081, 0x1061, 0x1061, 0x1061, 0x1061,
  0x1061, 0x1061, 0x1061, 0x1061, 0x1061, 0x1061, 0x1061, 0x1061, 0x1061, 0x1061, 0x1061, 0x1061,
  0x1061, 0x1061, 0x1061, 0x1061, 0x1061, 0x1061, 0x1061, 0x1061, 0x1061, 0x1061, 0x1061, 0x1061,
  0x1061, 0x1061, 0x1061, 0x1061, 0x1061, 0x1061, 0x1061, 0x1061, 0x1061, 0x1061, 0x1061, 0x1061,
  0x1061, 0x1061, 0x1061, 0x1061, 0x1061, 0x1061, 0x0861, 0x1061, 0x0861, 0x0861, 0x0861, 0x0861,
  0x0861, 0x0861, 0x0861, 0x1061, 0x1061, 0x1061, 0x0861, 0x0820, 0x0000, 0x0800, 0x10C3, 0x2A0B,
  0x53D6, 0x6D3D, 0x6D5E, 0x4BF6, 0x21CA, 0x0041, 0x0000, 0x0000, 0x0000, 0x0020, 0x0000, 0x0000,
  0x0000, 0x0000, 0x0000, 0x0000, 0x0000, 0x0000, 0x0000, 0x0000, 0x0000, 0x0000, 0x0000, 0x0000,
  0x0000, 0x0000, 0x0000, 0x0000, 0x0000, 0x0000, 0x0000, 0x0000, 0x0000, 0x0000, 0x0000, 0x0000,
  0x0000, 0x0000, 0x0000, 0x0000, 0x0000, 0x0000, 0x0000, 0x0000, 0x0000, 0x0000, 0x0000, 0x0000,
  0x0000, 0x0000, 0x0000, 0x0000, 0x0000, 0x0000, 0x0000, 0x0000, 0x0000, 0x0000, 0x0000, 0x0000,
  0x0000, 0x0000, 0x0000, 0x0000, 0x0000, 0x0000, 0x0000, 0x0000, 0x0000, 0x0000, 0x0000, 0x0000,
  0x0000, 0x0000, 0x0000, 0x0000, 0x0000, 0x0000, 0x0000, 0x0000, 0x0000, 0x0000, 0x0000, 0x0000,
  0x0000, 0x0000, 0x0000, 0x0000, 0x0000, 0x0000, 0x0000, 0x0000, 0x0000, 0x0000, 0x0000, 0x0000,
  0x0000, 0x0000, 0x0000, 0x0000, 0x0000, 0x0000, 0x0000, 0x0000, 0x0000, 0x0000, 0x0000, 0x0000,
  0x0000, 0x0000, 0x0000, 0x0000, 0x0000, 0x0000, 0x0000, 0x0000, 0x0000, 0x0000, 0x0000, 0x0000,
  0x0000, 0x0000, 0x0000, 0x0000, 0x0000, 0x0000, 0x0000, 0x0000, 0x0000, 0x0000, 0x0000, 0x0000,
  0x0000, 0x0000, 0x0000, 0x0000, 0x0000, 0x0000, 0x0000, 0x0000, 0x0000, 0x0000, 0x0000, 0x0000,
  0x0000, 0x0000, 0x0000, 0x0000, 0x0000, 0x0000, 0x0000, 0x0000, 0x0000, 0x0000, 0x0000, 0x0000,
  0x0000, 0x0000, 0x0000, 0x0000, 0x1968, 0x4BB5, 0x6D3E, 0x6D3E, 0x53F5, 0x29EA, 0x1061, 0x0800,
  0x0800, 0x1040, 0x1061, 0x1081, 0x1061, 0x1061, 0x1061, 0x1061, 0x1061, 0x1061, 0x1061, 0x1061,
  0x1061, 0x1061, 0x1061, 0x1061, 0x1061, 0x1061, 0x1061, 0x1061, 0x1061, 0x1061, 0x1061, 0x1061,
  0x1061, 0x1061, 0x1061, 0x1061, 0x1061, 0x1061, 0x1061, 0x1061, 0x1061, 0x1061, 0x1061, 0x1061,
  0x1061, 0x1061, 0x1061, 0x1061, 0x1061, 0x1061, 0x1061, 0x1061, 0x1061, 0x1061, 0x1061, 0x1061,
  0x1061, 0x1061, 0x0861, 0x0861, 0x0861, 0x0861, 0x0861, 0x0861, 0x0861, 0x0861, 0x0861, 0x0861,
  0x0861, 0x0861, 0x0861, 0x0861, 0x0861, 0x0861, 0x0861, 0x0861, 0x0861, 0x0861, 0x0840, 0x0800,
  0x0000, 0x1082, 0x2A0B, 0x5416, 0x6D5E, 0x6D3D, 0x4373, 0x1927, 0x0000, 0x0000, 0x0000, 0x0000,
  0x0000, 0x0000, 0x0000, 0x0000, 0x0000, 0x0000, 0x0000, 0x0000, 0x0000, 0x0000, 0x0000, 0x0000,
  0x0000, 0x0000, 0x0000, 0x0000, 0x0000, 0x0000, 0x0000, 0x0000, 0x0000, 0x0000, 0x0000, 0x0000,
  0x0000, 0x0000, 0x0000, 0x0000, 0x0000, 0x0000, 0x0000, 0x0000, 0x0000, 0x0000, 0x0000, 0x0000,
  0x0000, 0x0000, 0x0000, 0x0000, 0x0000, 0x0000, 0x0000, 0x0000, 0x0000, 0x0000, 0x0000, 0x0000,
  0x0000, 0x0000, 0x0000, 0x0000, 0x0000, 0x0000, 0x0000, 0x0000, 0x0000, 0x0000, 0x0000, 0x0000,
  0x0000, 0x0000, 0x0000, 0x0000, 0x0000, 0x0000, 0x0000, 0x0000, 0x0000, 0x0000, 0x0000, 0x0000,
  0x0000, 0x0000, 0x0000, 0x0000, 0x0000, 0x0000, 0x0000, 0x0000, 0x0000, 0x0000, 0x0000, 0x0000,
  0x0000, 0x0000, 0x0000, 0x0000, 0x0000, 0x0000, 0x0000, 0x0000, 0x0000, 0x0000, 0x0000, 0x0000,
  0x0000, 0x0000, 0x0000, 0x0000, 0x0000, 0x0000, 0x0000, 0x0000, 0x0000, 0x0000, 0x0000, 0x0000,
  0x0000, 0x0000, 0x0000, 0x0000, 0x0000, 0x0000, 0x0000, 0x0000, 0x0000, 0x0000, 0x0000, 0x0000,
  0x0000, 0x0000, 0x0000, 0x0000, 0x0000, 0x0000, 0x0000, 0x0000, 0x0000, 0x0000, 0x0000, 0x0000,
  0x0000, 0x0000, 0x0000, 0x0000, 0x0000, 0x0000, 0x0000, 0x0000, 0x0000, 0x0000, 0x0000, 0x0000,
  0x0000, 0x0883, 0x328F, 0x5CBB, 0x6D7F, 0x5C58, 0x322C, 0x1082, 0x0800, 0x0820, 0x1061, 0x1081,
  0x1061, 0x1061, 0x1061, 0x1061, 0x1061, 0x1061, 0x1061, 0x1061, 0x1061, 0x1061, 0x1061, 0x1061,
  0x1061, 0x1061, 0x1061, 0x1061, 0x1061, 0x1061, 0x1061, 0x1061, 0x1061, 0x1061, 0x1061, 0x1061,
  0x1061, 0x1061, 0x1061, 0x1061, 0x1061, 0x1061, 0x1061, 0x1061, 0x1061, 0x1061, 0x1061, 0x1061,
  0x1061, 0x1061, 0x1061, 0x1061, 0x1061, 0x1061, 0x1061, 0x1061, 0x1061, 0x1061, 0x0861, 0x1061,
  0x1061, 0x0861, 0x0861, 0x0861, 0x0861, 0x0861, 0x0861, 0x0861, 0x0861, 0x0861, 0x0861, 0x0861,
  0x0861, 0x0861, 0x0861, 0x0841, 0x0861, 0x0861, 0x0861, 0x0861, 0x0861, 0x0861, 0x0861, 0x0861,
  0x0861, 0x0841, 0x0800, 0x0000, 0x10A3, 0x324D, 0x5C58, 0x6D7F, 0x5C9A, 0x326D, 0x0062, 0x0000,
  0x0000, 0x0000, 0x0000, 0x0000, 0x0000, 0x0000, 0x0000, 0x0000, 0x0000, 0x0000, 0x0000, 0x0000,
  0x0000, 0x0000, 0x0000, 0x0000, 0x0000, 0x0000, 0x0000, 0x0000, 0x0000, 0x0000, 0x0000, 0x0000,
  0x0000, 0x0000, 0x0000, 0x0000, 0x0000, 0x0000, 0x0000, 0x0000, 0x0000, 0x0000, 0x0000, 0x0000,
  0x0000, 0x0000, 0x0000, 0x0000, 0x0000, 0x0000, 0x0000, 0x0000, 0x0000, 0x0000, 0x0000, 0x0000,
  0x0000, 0x0000, 0x0000, 0x0000, 0x0000, 0x0000, 0x0000, 0x0000, 0x0000, 0x0000, 0x0000, 0x0000,
  0x0000, 0x0000, 0x0000, 0x0000, 0x0000, 0x0000, 0x0000, 0x0000, 0x0000, 0x0000, 0x0000, 0x0000,
  0x0000, 0x0000, 0x0000, 0x0000, 0x0000, 0x0000, 0x0000, 0x0000, 0x0000, 0x0000, 0x0000, 0x0000,
  0x0000, 0x0000, 0x0000, 0x0000, 0x0000, 0x0000, 0x0000, 0x0000, 0x0000, 0x0000, 0x0000, 0x0000,
  0x0000, 0x0000, 0x0000, 0x0000, 0x0000, 0x0000, 0x0000, 0x0000, 0x0000, 0x0000, 0x0000, 0x0000,
  0x0000, 0x0000, 0x0000, 0x0000, 0x0000, 0x0000, 0x0000, 0x0000, 0x0000, 0x0000, 0x0000, 0x0000,
  0x0000, 0x0000, 0x0000, 0x0000, 0x0000, 0x0000, 0x0000, 0x0000, 0x0000, 0x0000, 0x0000, 0x0000,
  0x0000, 0x0000, 0x0000, 0x0000, 0x0000, 0x0000, 0x0000, 0x0000, 0x0000, 0x0000, 0x0000, 0x1926,
  0x4B94, 0x6D5E, 0x651D, 0x4311, 0x1905, 0x0800, 0x0800, 0x1040, 0x1081, 0x1061, 0x1061, 0x1061,
  0x1061, 0x1061, 0x1061, 0x1061, 0x1061, 0x1061, 0x1061, 0x1061, 0x1061, 0x1061, 0x1061, 0x1061,
  0x1061, 0x1061, 0x1061, 0x1061, 0x1061, 0x1061, 0x1061, 0x1061, 0x1061, 0x1061, 0x1061, 0x1061,
  0x1061, 0x1061, 0x1061, 0x1061, 0x1061, 0x1061, 0x1061, 0x1061, 0x1061, 0x1061, 0x1061, 0x1061,
  0x1061, 0x1061, 0x1061, 0x1061, 0x1061, 0x1061, 0x1061, 0x1061, 0x1061, 0x0861, 0x0861, 0x0861,
  0x0861, 0x0861, 0x0861, 0x0861, 0x0841, 0x0861, 0x0861, 0x0841, 0x0861, 0x0841, 0x0861, 0x0861,
  0x0841, 0x0841, 0x0841, 0x0841, 0x0841, 0x0841, 0x0861, 0x0861, 0x0861, 0x0861, 0x0861, 0x0861,
  0x0861, 0x0861, 0x0862, 0x0862, 0x0841, 0x0000, 0x0000, 0x1926, 0x4332, 0x6D1D, 0x6D3E, 0x4352,
  0x10E5, 0x0000, 0x0000, 0x0000, 0x0000, 0x0000, 0x0000, 0x0000, 0x0000, 0x0000, 0x0000, 0x0000,
  0x0000, 0x0000, 0x0000, 0x0000, 0x0000, 0x0000, 0x0000, 0x0000, 0x0000, 0x0000, 0x0000, 0x0000,
  0x0000, 0x0000, 0x0000, 0x0000, 0x0000, 0x0000, 0x0000, 0x0000, 0x0000, 0x0000, 0x0000, 0x0000,
  0x0000, 0x0000, 0x0000, 0x0000, 0x0000, 0x0000, 0x0000, 0x0000, 0x0000, 0x0000, 0x0000, 0x0000,
  0x0000, 0x0000, 0x0000, 0x0000, 0x0000, 0x0000, 0x0000, 0x0000, 0x0000, 0x0000, 0x0000, 0x0000,
  0x0000, 0x0000, 0x0000, 0x0000, 0x0000, 0x0000, 0x0000, 0x0000, 0x0000, 0x0000, 0x0000, 0x0000,
  0x0000, 0x0000, 0x0000, 0x0000, 0x0000, 0x0000, 0x0000, 0x0000, 0x0000, 0x0000, 0x0000, 0x0000,
  0x0000, 0x0000, 0x0000, 0x0000, 0x0000, 0x0000, 0x0000, 0x0000, 0x0000, 0x0000, 0x0000, 0x0000,
  0x0000, 0x0000, 0x0000, 0x0000, 0x0000, 0x0000, 0x0000, 0x0000, 0x0000, 0x0000, 0x0000, 0x0000,
  0x0000, 0x0000, 0x0000, 0x0000, 0x0000, 0x0000, 0x0000, 0x0000, 0x0000, 0x0000, 0x0000, 0x0000,
  0x0000, 0x0000, 0x0000, 0x0000, 0x0000, 0x0000, 0x0000, 0x0000, 0x0000, 0x0000, 0x0000, 0x0000,
  0x0000, 0x0000, 0x0000, 0x0000, 0x0000, 0x0000, 0x0000, 0x0000, 0x0000, 0x21A9, 0x5C58, 0x75BF,
  0x5C79, 0x320B, 0x1061, 0x0800, 0x1040, 0x1061, 0x1081, 0x1061, 0x1061, 0x1061, 0x1061, 0x1061,
  0x1061, 0x1061, 0x1061, 0x1061, 0x1061, 0x1061, 0x1061, 0x1061, 0x1061, 0x1061, 0x1061, 0x1061,
  0x1061, 0x1061, 0x1061, 0x1061, 0x1061, 0x1061, 0x1061, 0x1061, 0x1061, 0x1061, 0x1061, 0x1061,
  0x1061, 0x1061, 0x1061, 0x1061, 0x1061, 0x1061, 0x1061, 0x1061, 0x1061, 0x1061, 0x1061, 0x1061,
  0x1061, 0x1061, 0x1061, 0x1061, 0x1061, 0x1061, 0x0861, 0x1061, 0x0861, 0x0861, 0x0861, 0x0861,
  0x0861, 0x0841, 0x0841, 0x0841, 0x0841, 0x0841, 0x0841, 0x0841, 0x0841, 0x0841, 0x0841, 0x0841,
  0x0841, 0x0841, 0x0841, 0x0841, 0x0841, 0x0841, 0x0841, 0x0861, 0x0861, 0x0861, 0x0861, 0x0861,
  0x0861, 0x0861, 0x0861, 0x0861, 0x0861, 0x0861, 0x0861, 0x0820, 0x0000, 0x0862, 0x2A2C, 0x5C9A,
  0x6D7F, 0x4BD6, 0x1947, 0x0000, 0x0000, 0x0000, 0x0020, 0x0000, 0x0000, 0x0000, 0x0000, 0x0000,
  0x0000, 0x0000, 0x0000, 0x0000, 0x0000, 0x0000, 0x0000, 0x0000, 0x0000, 0x0000, 0x0000, 0x0000,
  0x0000, 0x0000, 0x0000, 0x0000, 0x0000, 0x0000, 0x0000, 0x0000, 0x0000, 0x0000, 0x0000, 0x0000,
  0x0000, 0x0000, 0x0000, 0x0000, 0x0000, 0x0000, 0x0000, 0x0000, 0x0000, 0x0000, 0x0000, 0x0000,
  0x0000, 0x0000, 0x0000, 0x0000, 0x0000, 0x0000, 0x0000, 0x0000, 0x0000, 0x0000, 0x0000, 0x0000,
  0x0000, 0x0000, 0x0000, 0x0000, 0x0000, 0x0000, 0x0000, 0x0000, 0x0000, 0x0000, 0x0000, 0x0000,
  0x0000, 0x0000, 0x0000, 0x0000, 0x0000, 0x0000, 0x0000, 0x0000, 0x0000, 0x0000, 0x0000, 0x0000,
  0x0000, 0x0000, 0x0000, 0x0000, 0x0000, 0x0000, 0x0000, 0x0000, 0x0000, 0x0000, 0x0000, 0x0000,
  0x0000, 0x0000, 0x0000, 0x0000, 0x0000, 0x0000, 0x0000, 0x0000, 0x0000, 0x0000, 0x0000, 0x0000,
  0x0000, 0x0000, 0x0000, 0x0000, 0x0000, 0x0000, 0x0000, 0x0000, 0x0000, 0x0000, 0x0000, 0x0000,
  0x0000, 0x0000, 0x0000, 0x0000, 0x0000, 0x0000, 0x0000, 0x0000, 0x0000, 0x0000, 0x0000, 0x0000,
  0x0000, 0x0000, 0x0000, 0x0000, 0x0000, 0x0000, 0x0000, 0x21EA, 0x5C9A, 0x759F, 0x53F6, 0x2167,
  0x0820, 0x0800, 0x1061, 0x1081, 0x1061, 0x1061, 0x1061, 0x1061, 0x1061, 0x1061, 0x1061, 0x1061,
  0x1061, 0x1061, 0x1061, 0x1061, 0x1061, 0x1061, 0x1061, 0x1061, 0x1061, 0x1061, 0x1061, 0x1061,
  0x1061, 0x1061, 0x1061, 0x1061, 0x1061, 0x1061, 0x1061, 0x1061, 0x1061, 0x1061, 0x1061, 0x1061,
  0x1061, 0x1061, 0x1061, 0x1061, 0x1061, 0x1061, 0x1061, 0x1061, 0x1061, 0x1061, 0x1061, 0x1061,
  0x1061, 0x1061, 0x0861, 0x0861, 0x0861, 0x0861, 0x0861, 0x0861, 0x0861, 0x0861, 0x0841, 0x0841,
  0x0841, 0x0841, 0x0841, 0x0841, 0x0841, 0x0841, 0x0841, 0x0841, 0x0841, 0x0841, 0x0841, 0x0841,
  0x0841, 0x0841, 0x0841, 0x0841, 0x0841, 0x0861, 0x0861, 0x0861, 0x0861, 0x0861, 0x0861, 0x0861,
  0x0861, 0x0861, 0x0861, 0x0861, 0x0861, 0x0841, 0x0841, 0x0861, 0x0862, 0x0841, 0x0000, 0x0000,
  0x2188, 0x53F7, 0x6D7F, 0x5C58, 0x21A9, 0x0000, 0x0000, 0x0000, 0x0000, 0x0000, 0x0000, 0x0000,
  0x0000, 0x0000, 0x0000, 0x0000, 0x0000, 0x0000, 0x0000, 0x0000, 0x0000, 0x0000, 0x0000, 0x0000,
  0x0000, 0x0000, 0x0000, 0x0000, 0x0000, 0x0000, 0x0000, 0x0000, 0x0000, 0x0000, 0x0000, 0x0000,
  0x0000, 0x0000, 0x0000, 0x0000, 0x0000, 0x0000, 0x0000, 0x0000, 0x0000, 0x0000, 0x0000, 0x0000,
  0x0000, 0x0000, 0x0000, 0x0000, 0x0000, 0x0000, 0x0000, 0x0000, 0x0000, 0x0000, 0x0000, 0x0000,
  0x0000, 0x0000, 0x0000, 0x0000, 0x0000, 0x0000, 0x0000, 0x0000, 0x0000, 0x0000, 0x0000, 0x0000,
  0x0000, 0x0000, 0x0000, 0x0000, 0x0000, 0x0000, 0x0000, 0x0000, 0x0000, 0x0000, 0x0000, 0x0000,
  0x0000, 0x0000, 0x0000, 0x0000, 0x0000, 0x0000, 0x0000, 0x0000, 0x0000, 0x0000, 0x0000, 0x0000,
  0x0000, 0x0000, 0x0000, 0x0000, 0x0000, 0x0000, 0x0000, 0x0000, 0x0000, 0x0000, 0x0000, 0x0000,
  0x0000, 0x0000, 0x0000, 0x0000, 0x0000, 0x0000, 0x0000, 0x0000, 0x0000, 0x0000, 0x0000, 0x0000,
  0x0000, 0x0000, 0x0000, 0x0000, 0x0000, 0x0000, 0x0000, 0x0000, 0x0000, 0x0000, 0x0000, 0x0000,
  0x0000, 0x0000, 0x0000, 0x0000, 0x0000, 0x2A0B, 0x64FB, 0x759F, 0x4B94, 0x1905, 0x0800, 0x0820,
  0x1061, 0x1061, 0x1061, 0x1061, 0x1061, 0x1061, 0x1061, 0x1061, 0x1061, 0x1061, 0x1061, 0x1061,
  0x1061, 0x1061, 0x1041, 0x1041, 0x1061, 0x1061, 0x1061, 0x1061, 0x1061, 0x1061, 0x0861, 0x0861,
  0x0861, 0x0861, 0x1061, 0x0861, 0x0861, 0x1061, 0x1061, 0x1061, 0x1061, 0x1061, 0x1061, 0x1061,
  0x1061, 0x1061, 0x1061, 0x1061, 0x1061, 0x1061, 0x1061, 0x1061, 0x1061, 0x1061, 0x1061, 0x1061,
  0x1061, 0x1061, 0x0861, 0x0861, 0x0861, 0x0861, 0x0861, 0x0861, 0x0861, 0x0861, 0x0841, 0x0841,
  0x0841, 0x0841, 0x0841, 0x0841, 0x0841, 0x0841, 0x0841, 0x0841, 0x0841, 0x0841, 0x0841, 0x0841,
  0x0841, 0x0841, 0x0841, 0x0841, 0x0841, 0x0861, 0x0841, 0x0841, 0x0861, 0x0861, 0x0861, 0x0861,
  0x0861, 0x0841, 0x0841, 0x0841, 0x0841, 0x0841, 0x0841, 0x0841, 0x0841, 0x0841, 0x0862, 0x0841,
  0x0000, 0x0000, 0x1906, 0x4BB4, 0x757F, 0x5C99, 0x21A9, 0x0000, 0x0000, 0x0000, 0x0000, 0x0000,
  0x0000, 0x0000, 0x0000, 0x0000, 0x0000, 0x0000, 0x0000, 0x0000, 0x0000, 0x0000, 0x0000, 0x0000,
  0x0000, 0x0000, 0x0000, 0x0000, 0x0000, 0x0000, 0x0000, 0x0000, 0x0000, 0x0000, 0x0000, 0x0000,
  0x0000, 0x0000, 0x0000, 0x0000, 0x0000, 0x0000, 0x0000, 0x0000, 0x0000, 0x0000, 0x0000, 0x0000,
  0x0000, 0x0000, 0x0000, 0x0000, 0x0000, 0x0000, 0x0000, 0x0000, 0x0000, 0x0000, 0x0000, 0x0000,
  0x0000, 0x0000, 0x0000, 0x0000, 0x0000, 0x0000, 0x0000, 0x0000, 0x0000, 0x0000, 0x0000, 0x0000,
  0x0000, 0x0000, 0x0000, 0x0000, 0x0000, 0x0000, 0x0000, 0x0000, 0x0000, 0x0000, 0x0000, 0x0000,
  0x0000, 0x0000, 0x0000, 0x0000, 0x0000, 0x0000, 0x0000, 0x0000, 0x0000, 0x0000, 0x0000, 0x0000,
  0x0000, 0x0000, 0x0000, 0x0000, 0x0000, 0x0000, 0x0000, 0x0000, 0x0000, 0x0000, 0x0000, 0x0000,
  0x0000, 0x0000, 0x0000, 0x0000, 0x0000, 0x0000, 0x0000, 0x0000, 0x0000, 0x0000, 0x0000, 0x0000,
  0x0000, 0x0000, 0x0000, 0x0000, 0x0000, 0x0000, 0x0000, 0x0000, 0x0000, 0x0000, 0x0000, 0x0000,
  0x0000, 0x0000, 0x0000, 0x21CA, 0x64DA, 0x75BF, 0x4B93, 0x18E4, 0x0800, 0x0840, 0x1081, 0x1061,
  0x1061, 0x1061, 0x1061, 0x1061, 0x1061, 0x1061, 0x1061, 0x1061, 0x1061, 0x1061, 0x1061, 0x1061,
  0x1061, 0x1061, 0x1061, 0x1061, 0x1061, 0x1061, 0x1061, 0x1061, 0x1061, 0x0861, 0x0861, 0x0841,
  0x0861, 0x0861, 0x0841, 0x0841, 0x0841, 0x0861, 0x1061, 0x1061, 0x1061, 0x1061, 0x1061, 0x1061,
  0x1061, 0x1061, 0x1061, 0x1061, 0x1061, 0x1061, 0x1061, 0x1061, 0x1061, 0x1061, 0x1061, 0x1061,
  0x1061, 0x0861, 0x0861, 0x0861, 0x0861, 0x0841, 0x0841, 0x0841, 0x0841, 0x0841, 0x0841, 0x0841,
  0x0841, 0x0841, 0x0841, 0x0841, 0x0841, 0x0841, 0x0841, 0x0841, 0x0841, 0x0841, 0x0841, 0x0841,
  0x0841, 0x0841, 0x0841, 0x0841, 0x0841, 0x0841, 0x0841, 0x0841, 0x0861, 0x0861, 0x0861, 0x0861,
  0x0861, 0x0841, 0x0841, 0x0841, 0x0841, 0x0841, 0x0841, 0x0841, 0x0841, 0x0841, 0x0841, 0x0841,
  0x0861, 0x0862, 0x0020, 0x0000, 0x10C5, 0x4373, 0x759F, 0x5458, 0x1968, 0x0000, 0x0000, 0x0000,
  0x0000, 0x0000, 0x0000, 0x0000, 0x0000, 0x0000, 0x0000, 0x0000, 0x0000, 0x0000, 0x0000, 0x0000,
  0x0000, 0x0000, 0x0000, 0x0000, 0x0000, 0x0000, 0x0000, 0x0000, 0x0000, 0x0000, 0x0000, 0x0000,
  0x0000, 0x0000, 0x0000, 0x0000, 0x0000, 0x0000, 0x0000, 0x0000, 0x0000, 0x0000, 0x0000, 0x0000,
  0x0000, 0x0000, 0x0000, 0x0000, 0x0000, 0x0000, 0x0000, 0x0000, 0x0000, 0x0000, 0x0000, 0x0000,
  0x0000, 0x0000, 0x0000, 0x0000, 0x0000, 0x0000, 0x0000, 0x0000, 0x0000, 0x0000, 0x0000, 0x0000,
  0x0000, 0x0000, 0x0000, 0x0000, 0x0000, 0x0000, 0x0000, 0x0000, 0x0000, 0x0000, 0x0000, 0x0000,
  0x0000, 0x0000, 0x0000, 0x0000, 0x0000, 0x0000, 0x0000, 0x0000, 0x0000, 0x0000, 0x0000, 0x0000,
  0x0000, 0x0000, 0x0000, 0x0000, 0x0000, 0x0000, 0x0000, 0x0000, 0x0000, 0x0000, 0x0000, 0x0000,
  0x0000, 0x0000, 0x0000, 0x0000, 0x0000, 0x0000, 0x0000, 0x0000, 0x0000, 0x0000, 0x0000, 0x0000,
  0x0000, 0x0000, 0x0000, 0x0000, 0x0000, 0x0000, 0x0000, 0x0000, 0x0000, 0x0000, 0x0000, 0x0000,
  0x0000, 0x1947, 0x5C78, 0x75BF, 0x4B94, 0x18E5, 0x0800, 0x0840, 0x1061, 0x1061, 0x1061, 0x1061,
  0x1061, 0x1061, 0x1061, 0x1061, 0x1061, 0x1061, 0x1061, 0x1061, 0x1061, 0x1061, 0x1061, 0x1041,
  0x1061, 0x1061, 0x1061, 0x1061, 0x1061, 0x0861, 0x1061, 0x0861, 0x0861, 0x0841, 0x0841, 0x0841,
  0x0841, 0x0841, 0x0841, 0x0841, 0x0841, 0x0861, 0x0861, 0x0861, 0x0861, 0x0861, 0x1061, 0x1061,
  0x1061, 0x1061, 0x1061, 0x1061, 0x1061, 0x1061, 0x1061, 0x1061, 0x0861, 0x1061, 0x0861, 0x0861,
  0x0861, 0x0861, 0x0861, 0x0841, 0x0841, 0x0841, 0x0841, 0x0841, 0x0841, 0x0841, 0x0841, 0x0841,
  0x0841, 0x0841, 0x0841, 0x0841, 0x0841, 0x0841, 0x0841, 0x0841, 0x0841, 0x0841, 0x0841, 0x0841,
  0x0841, 0x0841, 0x0841, 0x0841, 0x0841, 0x0841, 0x0841, 0x0841, 0x0841, 0x0841, 0x0861, 0x0861,
  0x0841, 0x0841, 0x0841, 0x0841, 0x0841, 0x0841, 0x0841, 0x0841, 0x0841, 0x0041, 0x0041, 0x0041,
  0x0841, 0x0841, 0x0841, 0x0842, 0x0020, 0x0000, 0x10E5, 0x4BB5, 0x6D7F, 0x5416, 0x1106, 0x0000,
  0x0000, 0x0000, 0x0000, 0x0000, 0x0000, 0x0000, 0x0000, 0x0000, 0x0000, 0x0000, 0x0000, 0x0000,
  0x0000, 0x0000, 0x0000, 0x0000, 0x0000, 0x0000, 0x0000, 0x0000, 0x0000, 0x0000, 0x0000, 0x0000,
  0x0000, 0x0000, 0x0000, 0x0000, 0x0000, 0x0000, 0x0000, 0x0000, 0x0000, 0x0000, 0x0000, 0x0000,
  0x0000, 0x0000, 0x0000, 0x0000, 0x0000, 0x0000, 0x0000, 0x0000, 0x0000, 0x0000, 0x0000, 0x0000,
  0x0000, 0x0000, 0x0000, 0x0000, 0x0000, 0x0000, 0x0000, 0x0000, 0x0000, 0x0000, 0x0000, 0x0000,
  0x0000, 0x0000, 0x0000, 0x0000, 0x0000, 0x0000, 0x0000, 0x0000, 0x0000, 0x0000, 0x0000, 0x0000,
  0x0000, 0x0000, 0x0000, 0x0000, 0x0000, 0x0000, 0x0000, 0x0000, 0x0000, 0x0000, 0x0000, 0x0000,
  0x0000, 0x0000, 0x0000, 0x0000, 0x0000, 0x0000, 0x0000, 0x0000, 0x0000, 0x0000, 0x0000, 0x0000,
  0x0000, 0x0000, 0x0000, 0x0000, 0x0000, 0x0000, 0x0000, 0x0000, 0x0000, 0x0000, 0x0000, 0x0000,
  0x0000, 0x0000, 0x0000, 0x0000, 0x0000, 0x0000, 0x0000, 0x0000, 0x0000, 0x0000, 0x0000, 0x10C4,
  0x53F6, 0x759F, 0x53F6, 0x1905, 0x0800, 0x0840, 0x1082, 0x1061, 0x1061, 0x1061, 0x1061, 0x1061,
  0x1061, 0x1061, 0x1061, 0x1061, 0x1061, 0x1061, 0x1061, 0x1061, 0x1061, 0x1061, 0x1061, 0x1061,
  0x1061, 0x1061, 0x1061, 0x1061, 0x1061, 0x1061, 0x0861, 0x0861, 0x0861, 0x0841, 0x0841, 0x0861,
  0x0861, 0x0841, 0x0841, 0x0861, 0x0841, 0x0861, 0x0861, 0x0861, 0x0861, 0x0861, 0x0861, 0x0861,
  0x0861, 0x1061, 0x1061, 0x0861, 0x0861, 0x0861, 0x0861, 0x0861, 0x0861, 0x0861, 0x0861, 0x0861,
  0x0841, 0x0841, 0x0841, 0x0841, 0x0841, 0x0841, 0x0841, 0x0861, 0x0861, 0x0841, 0x0841, 0x0841,
  0x0841, 0x0841, 0x0841, 0x0841, 0x0841, 0x0841, 0x0841, 0x0841, 0x0841, 0x0841, 0x0841, 0x0841,
  0x0841, 0x0841, 0x0841, 0x0841, 0x0841, 0x0041, 0x0841, 0x0841, 0x0841, 0x0841, 0x0841, 0x0841,
  0x0841, 0x0841, 0x0841, 0x0841, 0x0841, 0x0841, 0x0841, 0x0841, 0x0841, 0x0041, 0x0041, 0x0041,
  0x0041, 0x0041, 0x0041, 0x0041, 0x0041, 0x0842, 0x0000, 0x0000, 0x1126, 0x5437, 0x759F, 0x4373,
  0x0862, 0x0000, 0x0000, 0x0000, 0x0000, 0x0000, 0x0000, 0x0000, 0x0000, 0x0000, 0x0000, 0x0000,
  0x0000, 0x0000, 0x0000, 0x0000, 0x0000, 0x0000, 0x0000, 0x0000, 0x0000, 0x0000, 0x0000, 0x0000,
  0x0000, 0x0000, 0x0000, 0x0000, 0x0000, 0x0000, 0x0000, 0x0000, 0x0000, 0x0000, 0x0000, 0x0000,
  0x0000, 0x0000, 0x0000, 0x0000, 0x0000, 0x0000, 0x0000, 0x0000, 0x0000, 0x0000, 0x0000, 0x0000,
  0x0000, 0x0000, 0x0000, 0x0000, 0x0000, 0x0000, 0x0000, 0x0000, 0x0000, 0x0000, 0x0000, 0x0000,
  0x0000, 0x0000, 0x0000, 0x0000, 0x0000, 0x0000, 0x0000, 0x0000, 0x0000, 0x0000, 0x0000, 0x0000,
  0x0000, 0x0000, 0x0000, 0x0000, 0x0000, 0x0000, 0x0000, 0x0000, 0x0000, 0x0000, 0x0000, 0x0000,
  0x0000, 0x0000, 0x0000, 0x0000, 0x0000, 0x0000, 0x0000, 0x0000, 0x0000, 0x0000, 0x0000, 0x0000,
  0x0000, 0x0000, 0x0000, 0x0000, 0x0000, 0x0000, 0x0000, 0x0000, 0x0000, 0x0000, 0x0000, 0x0000,
  0x0000, 0x0000, 0x0000, 0x0000, 0x0000, 0x0000, 0x0000, 0x0000, 0x0000, 0x0021, 0x3B11, 0x75BF,
  0x5C79, 0x2168, 0x0800, 0x0840, 0x1082, 0x1061, 0x1061, 0x1061, 0x1061, 0x1061, 0x1061, 0x1061,
  0x1061, 0x1061, 0x1061, 0x1061, 0x1061, 0x1061, 0x1061, 0x1061, 0x1061, 0x1061, 0x1061, 0x0861,
  0x1061, 0x1061, 0x1041, 0x0861, 0x0861, 0x0861, 0x0861, 0x0861, 0x0861, 0x0861, 0x0861, 0x0861,
  0x0861, 0x0861, 0x0841, 0x0841, 0x0841, 0x0841, 0x0841, 0x0841, 0x0841, 0x0861, 0x0861, 0x0861,
  0x0841, 0x0861, 0x0861, 0x0861, 0x0861, 0x0861, 0x0861, 0x0841, 0x0841, 0x0841, 0x0861, 0x0841,
  0x0841, 0x0841, 0x0861, 0x0841, 0x0841, 0x0841, 0x0841, 0x0841, 0x0841, 0x0841, 0x0841, 0x0841,
  0x0841, 0x0841, 0x0841, 0x0841, 0x0841, 0x0841, 0x0841, 0x0841, 0x0841, 0x0841, 0x0841, 0x0841,
  0x0841, 0x0841, 0x0841, 0x0841, 0x0041, 0x0041, 0x0041, 0x0841, 0x0841, 0x0841, 0x0841, 0x0841,
  0x0841, 0x0841, 0x0841, 0x0841, 0x0841, 0x0841, 0x0841, 0x0841, 0x0041, 0x0041, 0x0041, 0x0041,
  0x0041, 0x0041, 0x0041, 0x0041, 0x0041, 0x0021, 0x0041, 0x0041, 0x0000, 0x0000, 0x2189, 0x64BA,
  0x6D5E, 0x2A6D, 0x0000, 0x0000, 0x0000, 0x0000, 0x0000, 0x0000, 0x0000, 0x0000, 0x0000, 0x0000,
  0x0000, 0x0000, 0x0000, 0x0000, 0x0000, 0x0000, 0x0000, 0x0000, 0x0000, 0x0000, 0x0000, 0x0000,
  0x0000, 0x0000, 0x0000, 0x0000, 0x0000, 0x0000, 0x0000, 0x0000, 0x0000, 0x0000, 0x0000, 0x0000,
  0x0000, 0x0000, 0x0000, 0x0000, 0x0000, 0x0000, 0x0000, 0x0000, 0x0000, 0x0000, 0x0000, 0x0000,
  0x0000, 0x0000, 0x0000, 0x0000, 0x0000, 0x0000, 0x0000, 0x0000, 0x0000, 0x0000, 0x0000, 0x0000,
  0x0000, 0x0000, 0x0000, 0x0000, 0x0000, 0x0000, 0x0000, 0x0000, 0x0000, 0x0000, 0x0000, 0x0000,
  0x0000, 0x0000, 0x0000, 0x0000, 0x0000, 0x0000, 0x0000, 0x0000, 0x0000, 0x0000, 0x0000, 0x0000,
  0x0000, 0x0000, 0x0000, 0x0000, 0x0000, 0x0000, 0x0000, 0x0000, 0x0000, 0x0000, 0x0000, 0x0000,
  0x0000, 0x0000, 0x0000, 0x0000, 0x0000, 0x0000, 0x0000, 0x0000, 0x0000, 0x0000, 0x0000, 0x0000,
  0x0000, 0x0000, 0x0000, 0x0000, 0x0000, 0x0000, 0x0000, 0x0000, 0x21AA, 0x64FC, 0x6D3D, 0x322C,
  0x0820, 0x0820, 0x1061, 0x1061, 0x1061, 0x1061, 0x1061, 0x1061, 0x1061, 0x1061, 0x1061, 0x1061,
  0x1061, 0x1061, 0x1061, 0x1061, 0x1061, 0x1061, 0x1061, 0x1061, 0x1061, 0x1061, 0x1061, 0x0861,
  0x0861, 0x1061, 0x0841, 0x0861, 0x0861, 0x0841, 0x0841, 0x0861, 0x0861, 0x0841, 0x0861, 0x0841,
  0x0841, 0x0841, 0x0841, 0x0841, 0x0841, 0x0841, 0x0841, 0x0841, 0x0841, 0x0841, 0x0861, 0x0841,
  0x0841, 0x0841, 0x0841, 0x0841, 0x0841, 0x0841, 0x0841, 0x0841, 0x0841, 0x0841, 0x0841, 0x0841,
  0x0841, 0x0841, 0x0861, 0x0841, 0x0841, 0x0841, 0x0841, 0x0841, 0x0841, 0x0841, 0x0841, 0x0841,
  0x0841, 0x0841, 0x0841, 0x0841, 0x0841, 0x0841, 0x0841, 0x0841, 0x0841, 0x0841, 0x0041, 0x0841,
  0x0041, 0x0841, 0x0841, 0x0841, 0x0041, 0x0041, 0x0041, 0x0041, 0x0041, 0x0041, 0x0041, 0x0041,
  0x0041, 0x0841, 0x0841, 0x0841, 0x0841, 0x0841, 0x0041, 0x0041, 0x0041, 0x0021, 0x0041, 0x0041,
  0x0021, 0x0021, 0x0021, 0x0021, 0x0041, 0x0041, 0x0021, 0x0021, 0x0041, 0x0041, 0x0000, 0x0000,
  0x326E, 0x6D5E, 0x5C99, 0x1927, 0x0000, 0x0000, 0x0000, 0x0000, 0x0000, 0x0000, 0x0000, 0x0000,
  0x0000, 0x0000, 0x0000, 0x0000, 0x0000, 0x0000, 0x0000, 0x0000, 0x0000, 0x0000, 0x0000, 0x0000,
  0x0000, 0x0000, 0x0000, 0x0000, 0x0000, 0x0000, 0x0000, 0x0000, 0x0000, 0x0000, 0x0000, 0x0000,
  0x0000, 0x0000, 0x0000, 0x0000, 0x0000, 0x0000, 0x0000, 0x0000, 0x0000, 0x0000, 0x0000, 0x0000,
  0x0000, 0x0000, 0x0000, 0x0000, 0x0000, 0x0000, 0x0000, 0x0000, 0x0000, 0x0000, 0x0000, 0x0000,
  0x0000, 0x0000, 0x0000, 0x0000, 0x0000, 0x0000, 0x0000, 0x0000, 0x0000, 0x0000, 0x0000, 0x0000,
  0x0000, 0x0000, 0x0000, 0x0000, 0x0000, 0x0000, 0x0000, 0x0000, 0x0000, 0x0000, 0x0000, 0x0000,
  0x0000, 0x0000, 0x0000, 0x0000, 0x0000, 0x0000, 0x0000, 0x0000, 0x0000, 0x0000, 0x0000, 0x0000,
  0x0000, 0x0000, 0x0000, 0x0000, 0x0000, 0x0000, 0x0000, 0x0000, 0x0000, 0x0000, 0x0000, 0x0000,
  0x0000, 0x0000, 0x0000, 0x0000, 0x0000, 0x0000, 0x08A3, 0x53F5, 0x75DF, 0x4352, 0x1082, 0x0800,
  0x1061, 0x1061, 0x1061, 0x1061, 0x1061, 0x1061, 0x1061, 0x1061, 0x1061, 0x1061, 0x1061, 0x1061,
  0x1061, 0x1061, 0x1061, 0x1061, 0x1061, 0x1061, 0x1061, 0x1061, 0x1061, 0x1061, 0x1061, 0x0861,
  0x0841, 0x0841, 0x0841, 0x0841, 0x0841, 0x0861, 0x0841, 0x0841, 0x0841, 0x0841, 0x0841, 0x0841,
  0x0841, 0x0841, 0x0841, 0x0841, 0x0841, 0x0841, 0x0841, 0x0841, 0x0841, 0x0841, 0x0841, 0x0841,
  0x0861, 0x0841, 0x0841, 0x0841, 0x0841, 0x0841, 0x0841, 0x0841, 0x0841, 0x0841, 0x0841, 0x0841,
  0x0841, 0x0841, 0x0841, 0x0841, 0x0841, 0x0841, 0x0841, 0x0841, 0x0841, 0x0841, 0x0841, 0x0841,
  0x0841, 0x0841, 0x0841, 0x0841, 0x0041, 0x0841, 0x0041, 0x0841, 0x0841, 0x0041, 0x0041, 0x0041,
  0x0041, 0x0041, 0x0041, 0x0041, 0x0041, 0x0041, 0x0041, 0x0041, 0x0041, 0x0041, 0x0041, 0x0041,
  0x0041, 0x0041, 0x0041, 0x0041, 0x0041, 0x0041, 0x0041, 0x0041, 0x0041, 0x0021, 0x0021, 0x0041,
  0x0021, 0x0041, 0x0021, 0x0021, 0x0021, 0x0021, 0x0021, 0x0021, 0x0021, 0x0021, 0x0042, 0x0021,
  0x0000, 0x0883, 0x4BD5, 0x759F, 0x4332, 0x0021, 0x0000, 0x0000, 0x0000, 0x0000, 0x0000, 0x0000,
  0x0000, 0x0000, 0x0000, 0x0000, 0x0000, 0x0000, 0x0000, 0x0000, 0x0000, 0x0000, 0x0000, 0x0000,
  0x0000, 0x0000, 0x0000, 0x0000, 0x0000, 0x0000, 0x0000, 0x0000, 0x0000, 0x0000, 0x0000, 0x0000,
  0x0000, 0x0000, 0x0000, 0x0000, 0x0000, 0x0000, 0x0000, 0x0000, 0x0000, 0x0000, 0x0000, 0x0000,
  0x0000, 0x0000, 0x0000, 0x0000, 0x0000, 0x0000, 0x0000, 0x0000, 0x0000, 0x0000, 0x0000, 0x0000,
  0x0000, 0x0000, 0x0000, 0x0000, 0x0000, 0x0000, 0x0000, 0x0000, 0x0000, 0x0000, 0x0000, 0x0000,
  0x0000, 0x0000, 0x0000, 0x0000, 0x0000, 0x0000, 0x0000, 0x0000, 0x0000, 0x0000, 0x0000, 0x0000,
  0x0000, 0x0000, 0x0000, 0x0000, 0x0000, 0x0000, 0x0000, 0x0000, 0x0000, 0x0000, 0x0000, 0x0000,
  0x0000, 0x0000, 0x0000, 0x0000, 0x0000, 0x0000, 0x0000, 0x0000, 0x0000, 0x0000, 0x0000, 0x0000,
  0x0000, 0x0000, 0x0000, 0x0000, 0x0000, 0x2A4C, 0x6D7E, 0x64BA, 0x2167, 0x0800, 0x0841, 0x1082,
  0x1061, 0x1061, 0x1061, 0x1061, 0x1061, 0x1061, 0x1061, 0x1061, 0x1061, 0x1061, 0x1061, 0x1061,
  0x1061, 0x1061, 0x1061, 0x1061, 0x1061, 0x1061, 0x1061, 0x1061, 0x0861, 0x1061, 0x0861, 0x0861,
  0x0861, 0x0841, 0x0861, 0x0861, 0x0841, 0x0841, 0x0841, 0x0841, 0x0841, 0x0841, 0x0841, 0x0841,
  0x0841, 0x0841, 0x0841, 0x0841, 0x0841, 0x0841, 0x0841, 0x0841, 0x0841, 0x0841, 0x0841, 0x0841,
  0x0841, 0x0861, 0x0861, 0x0841, 0x0841, 0x0861, 0x0861, 0x0861, 0x0841, 0x0841, 0x0841, 0x0841,
  0x0841, 0x0841, 0x0841, 0x0841, 0x0841, 0x0841, 0x0841, 0x0841, 0x0841, 0x0841, 0x0841, 0x0841,
  0x0841, 0x0841, 0x0041, 0x0841, 0x0041, 0x0041, 0x0041, 0x0041, 0x0041, 0x0041, 0x0041, 0x0041,
  0x0041, 0x0041, 0x0041, 0x0041, 0x0041, 0x0041, 0x0041, 0x0041, 0x0041, 0x0041, 0x0041, 0x0041,
  0x0041, 0x0041, 0x0041, 0x0041, 0x0041, 0x0021, 0x0021, 0x0041, 0x0041, 0x0041, 0x0041, 0x0041,
  0x0021, 0x0021, 0x0041, 0x0021, 0x0041, 0x0021, 0x0021, 0x0021, 0x0021, 0x0041, 0x0021, 0x0021,
  0x0042, 0x0001, 0x0000, 0x21A9, 0x64FC, 0x651C, 0x21A9, 0x0000, 0x0000, 0x0000, 0x0000, 0x0000,
  0x0000, 0x0000, 0x0000, 0x0000, 0x0000, 0x0000, 0x0000, 0x0000, 0x0000, 0x0000, 0x0000, 0x0000,
  0x0000, 0x0000, 0x0000, 0x0000, 0x0000, 0x0000, 0x0000, 0x0000, 0x0000, 0x0000, 0x0000, 0x0000,
  0x0000, 0x0000, 0x0000, 0x0000, 0x0000, 0x0000, 0x0000, 0x0000, 0x0000, 0x0000, 0x0000, 0x0000,
  0x0000, 0x0000, 0x0000, 0x0000, 0x0000, 0x0000, 0x0000, 0x0000, 0x0000, 0x0000, 0x0000, 0x0000,
  0x0000, 0x0000, 0x0000, 0x0000, 0x0000, 0x0000, 0x0000, 0x0000, 0x0000, 0x0000, 0x0000, 0x0000,
  0x0000, 0x0000, 0x0000, 0x0000, 0x0000, 0x0000, 0x0000, 0x0000, 0x0000, 0x0000, 0x0000, 0x0000,
  0x0000, 0x0000, 0x0000, 0x0000, 0x0000, 0x0000, 0x0000, 0x0000, 0x0000, 0x0000, 0x0000, 0x0000,
  0x0000, 0x0000, 0x0000, 0x0000, 0x0000, 0x0000, 0x0000, 0x0000, 0x0000, 0x0000, 0x0000, 0x0000,
  0x0000, 0x0000, 0x0000, 0x08A4, 0x5417, 0x6D7F, 0x3A8E, 0x0820, 0x0820, 0x1082, 0x1061, 0x1061,
  0x1061, 0x1061, 0x1061, 0x1061, 0x1061, 0x1061, 0x1061, 0x1061, 0x1061, 0x1061, 0x1061, 0x1061,
  0x1061, 0x1041, 0x1061, 0x1061, 0x1061, 0x0861, 0x0861, 0x0841, 0x0841, 0x0861, 0x0861, 0x0841,
  0x0861, 0x0861, 0x0861, 0x0841, 0x0841, 0x0841, 0x0841, 0x0841, 0x0841, 0x0841, 0x0841, 0x0841,
  0x0841, 0x0841, 0x0841, 0x0841, 0x0841, 0x0841, 0x0841, 0x0841, 0x0841, 0x0841, 0x0841, 0x0841,
  0x0841, 0x0841, 0x0841, 0x0841, 0x0841, 0x0841, 0x0841, 0x0841, 0x0841, 0x0841, 0x0841, 0x0841,
  0x0841, 0x0841, 0x0841, 0x0841, 0x0841, 0x0841, 0x0841, 0x0841, 0x0841, 0x0841, 0x0841, 0x0041,
  0x0041, 0x0041, 0x0041, 0x0041, 0x0041, 0x0041, 0x0041, 0x0041, 0x0041, 0x0041, 0x0041, 0x0041,
  0x0041, 0x0041, 0x0041, 0x0041, 0x0041, 0x0041, 0x0041, 0x0041, 0x0041, 0x0041, 0x0041, 0x0041,
  0x0041, 0x0041, 0x0041, 0x0021, 0x0021, 0x0021, 0x0021, 0x0041, 0x0041, 0x0021, 0x0021, 0x0041,
  0x0021, 0x0021, 0x0041, 0x0041, 0x0021, 0x0021, 0x0021, 0x0021, 0x0021, 0x0041, 0x0041, 0x0021,
  0x0021, 0x0042, 0x0042, 0x0000, 0x0041, 0x4332, 0x75BF, 0x4393, 0x0041, 0x0000, 0x0000, 0x0000,
  0x0000, 0x0000, 0x0000, 0x0000, 0x0000, 0x0000, 0x0000, 0x0000, 0x0000, 0x0000, 0x0000, 0x0000,
  0x0000, 0x0000, 0x0000, 0x0000, 0x0000, 0x0000, 0x0000, 0x0000, 0x0000, 0x0000, 0x0000, 0x0000,
  0x0000, 0x0000, 0x0000, 0x0000, 0x0000, 0x0000, 0x0000, 0x0000, 0x0000, 0x0000, 0x0000, 0x0000,
  0x0000, 0x0000, 0x0000, 0x0000, 0x0000, 0x0000, 0x0000, 0x0000, 0x0000, 0x0000, 0x0000, 0x0000,
  0x0000, 0x0000, 0x0000, 0x0000, 0x0000, 0x0000, 0x0000, 0x0000, 0x0000, 0x0000, 0x0000, 0x0000,
  0x0000, 0x0000, 0x0000, 0x0000, 0x0000, 0x0000, 0x0000, 0x0000, 0x0000, 0x0000, 0x0000, 0x0000,
  0x0000, 0x0000, 0x0000, 0x0000, 0x0000, 0x0000, 0x0000, 0x0000, 0x0000, 0x0000, 0x0000, 0x0000,
  0x0000, 0x0000, 0x0000, 0x0000, 0x0000, 0x0000, 0x0000, 0x0000, 0x0000, 0x0000, 0x0000, 0x0000,
  0x0000, 0x0000, 0x2A0B, 0x759E, 0x5C58, 0x18E4, 0x0000, 0x1061, 0x1061, 0x1061, 0x1061, 0x1061,
  0x1061, 0x1061, 0x1061, 0x1061, 0x1061, 0x1061, 0x1061, 0x1061, 0x1061, 0x1061, 0x1061, 0x1061,
  0x1061, 0x0861, 0x1041, 0x0861, 0x0841, 0x0841, 0x0841, 0x0841, 0x0841, 0x0841, 0x0841, 0x0841,
  0x0841, 0x0841, 0x0841, 0x0841, 0x0841, 0x0841, 0x0841, 0x0841, 0x0841, 0x0841, 0x0841, 0x0841,
  0x0841, 0x0841, 0x0841, 0x0841, 0x0841, 0x0841, 0x0841, 0x0841, 0x0841, 0x0841, 0x0841, 0x0841,
  0x0841, 0x0841, 0x0841, 0x0841, 0x0841, 0x0841, 0x0841, 0x0841, 0x0841, 0x0841, 0x0841, 0x0841,
  0x0841, 0x0841, 0x0841, 0x0841, 0x0841, 0x0841, 0x0041, 0x0841, 0x0841, 0x0841, 0x0041, 0x0041,
  0x0041, 0x0041, 0x0041, 0x0041, 0x0041, 0x0041, 0x0041, 0x0041, 0x0041, 0x0041, 0x0041, 0x0041,
  0x0041, 0x0041, 0x0041, 0x0041, 0x0041, 0x0041, 0x0021, 0x0021, 0x0021, 0x0021, 0x0041, 0x0041,
  0x0021, 0x0021, 0x0021, 0x0021, 0x0021, 0x0021, 0x0021, 0x0021, 0x0021, 0x0021, 0x0021, 0x0041,
  0x0021, 0x0021, 0x0021, 0x0021, 0x0021, 0x0021, 0x0021, 0x0021, 0x0021, 0x0041, 0x0041, 0x0041,
  0x0021, 0x0021, 0x0021, 0x0042, 0x0021, 0x0000, 0x1948, 0x64FB, 0x651C, 0x1968, 0x0000, 0x0000,
  0x0000, 0x0000, 0x0000, 0x0000, 0x0000, 0x0000, 0x0000, 0x0000, 0x0000, 0x0000, 0x0000, 0x0000,
  0x0000, 0x0000, 0x0000, 0x0000, 0x0000, 0x0000, 0x0000, 0x0000, 0x0000, 0x0000, 0x0000, 0x0000,
  0x0000, 0x0000, 0x0000, 0x0000, 0x0000, 0x0000, 0x0000, 0x0000, 0x0000, 0x0000, 0x0000, 0x0000,
  0x0000, 0x0000, 0x0000, 0x0000, 0x0000, 0x0000, 0x0000, 0x0000, 0x0000, 0x0000, 0x0000, 0x0000,
  0x0000, 0x0000, 0x0000, 0x0000, 0x0000, 0x0000, 0x0000, 0x0000, 0x0000, 0x0000, 0x0000, 0x0000,
  0x0000, 0x0000, 0x0000, 0x0000, 0x0000, 0x0000, 0x0000, 0x0000, 0x0000, 0x0000, 0x0000, 0x0000,
  0x0000, 0x0000, 0x0000, 0x0000, 0x0000, 0x0000, 0x0000, 0x0000, 0x0000, 0x0000, 0x0000, 0x0000,
  0x0000, 0x0000, 0x0000, 0x0000, 0x0000, 0x0000, 0x0000, 0x0000, 0x0000, 0x0000, 0x0000, 0x0000,
  0x0041, 0x4BB4, 0x7DDF, 0x3ACF, 0x0800, 0x0820, 0x1062, 0x0861, 0x0861, 0x0861, 0x0861, 0x1061,
  0x1061, 0x1061, 0x1061, 0x1061, 0x1061, 0x1061, 0x1061, 0x1061, 0x1061, 0x1061, 0x0861, 0x0861,
  0x0861, 0x0861, 0x1061, 0x0861, 0x0861, 0x0841, 0x0841, 0x0841, 0x0841, 0x0841, 0x0841, 0x0841,
  0x0841, 0x0841, 0x0841, 0x0841, 0x0841, 0x0841, 0x0841, 0x0841, 0x0841, 0x0841, 0x0841, 0x0841,
  0x0841, 0x0841, 0x0841, 0x0841, 0x0841, 0x0841, 0x0841, 0x0841, 0x0841, 0x0841, 0x0841, 0x0841,
  0x0841, 0x0841, 0x0841, 0x0841, 0x0841, 0x0841, 0x0841, 0x0841, 0x0841, 0x0841, 0x0841, 0x0841,
  0x0841, 0x0041, 0x0841, 0x0041, 0x0041, 0x0841, 0x0041, 0x0041, 0x0041, 0x0041, 0x0041, 0x0041,
  0x0041, 0x0041, 0x0041, 0x0041, 0x0041, 0x0041, 0x0041, 0x0041, 0x0041, 0x0021, 0x0041, 0x0041,
  0x0041, 0x0041, 0x0041, 0x0041, 0x0041, 0x0041, 0x0041, 0x0041, 0x0041, 0x0041, 0x0041, 0x0041,
  0x0041, 0x0041, 0x0041, 0x0041, 0x0041, 0x0041, 0x0041, 0x0021, 0x0021, 0x0041, 0x0021, 0x0041,
  0x0021, 0x0021, 0x0021, 0x0041, 0x0041, 0x0041, 0x0041, 0x0021, 0x0021, 0x0021, 0x0021, 0x0021,
  0x0021, 0x0022, 0x0021, 0x0021, 0x0022, 0x0042, 0x0000, 0x0021, 0x4373, 0x75DF, 0x3AF0, 0x0000,
  0x0000, 0x0000, 0x0000, 0x0000, 0x0000, 0x0000, 0x0000, 0x0000, 0x0000, 0x0000, 0x0000, 0x0000,
  0x0000, 0x0000, 0x0000, 0x0000, 0x0000, 0x0000, 0x0000, 0x0000, 0x0000, 0x0000, 0x0000, 0x0000,
  0x0000, 0x0000, 0x0000, 0x0000, 0x0000, 0x0000, 0x0000, 0x0000, 0x0000, 0x0000, 0x0000, 0x0000,
  0x0000, 0x0000, 0x0000, 0x0000, 0x0000, 0x0000, 0x0000, 0x0000, 0x0000, 0x0000, 0x0000, 0x0000,
  0x0000, 0x0000, 0x0000, 0x0000, 0x0000, 0x0000, 0x0000, 0x0000, 0x0000, 0x0000, 0x0000, 0x0000,
  0x0000, 0x0000, 0x0000, 0x0000, 0x0000, 0x0000, 0x0000, 0x0000, 0x0000, 0x0000, 0x0000, 0x0000,
  0x0000, 0x0000, 0x0000, 0x0000, 0x0000, 0x0000, 0x0000, 0x0000, 0x0000, 0x0000, 0x0000, 0x0000,
  0x0000, 0x0000, 0x0000, 0x0000, 0x0000, 0x0000, 0x0000, 0x0000, 0x0000, 0x0000, 0x0000, 0x1926,
  0x651C, 0x64FB, 0x2147, 0x0000, 0x1061, 0x1061, 0x0861, 0x0861, 0x0861, 0x1061, 0x0861, 0x1061,
  0x1061, 0x1061, 0x1061, 0x1061, 0x1061, 0x1061, 0x0861, 0x0861, 0x0861, 0x0861, 0x0861, 0x0861,
  0x0861, 0x0861, 0x0861, 0x0861, 0x0841, 0x0841, 0x0841, 0x0841, 0x0841, 0x0841, 0x0841, 0x0841,
  0x0841, 0x0841, 0x0841, 0x0841, 0x0841, 0x0841, 0x0841, 0x0841, 0x0841, 0x0841, 0x0841, 0x0841,
  0x0841, 0x0841, 0x0841, 0x0841, 0x0841, 0x0841, 0x0841, 0x0841, 0x0841, 0x0841, 0x0841, 0x0841,
  0x0841, 0x0841, 0x0841, 0x0841, 0x0841, 0x0841, 0x0841, 0x0841, 0x0041, 0x0041, 0x0041, 0x0841,
  0x0041, 0x0041, 0x0041, 0x0041, 0x0041, 0x0041, 0x0041, 0x0041, 0x0041, 0x0041, 0x0041, 0x0041,
  0x0041, 0x0041, 0x0041, 0x0041, 0x0041, 0x0041, 0x0041, 0x0041, 0x0041, 0x0041, 0x0041, 0x0021,
  0x0041, 0x0041, 0x0041, 0x0041, 0x0041, 0x0041, 0x0041, 0x0041, 0x0041, 0x0041, 0x0041, 0x0041,
  0x0021, 0x0021, 0x0021, 0x0041, 0x0021, 0x0021, 0x0041, 0x0021, 0x0021, 0x0021, 0x0021, 0x0021,
  0x0021, 0x0021, 0x0021, 0x0021, 0x0041, 0x0041, 0x0021, 0x0022, 0x0021, 0x0022, 0x0021, 0x0021,
  0x0021, 0x0021, 0x0021, 0x0021, 0x0021, 0x0021, 0x0042, 0x0021, 0x0000, 0x21CA, 0x6D7E, 0x5C98,
  0x08A3, 0x0000, 0x0020, 0x0000, 0x0000, 0x0000, 0x0000, 0x0000, 0x0000, 0x0000, 0x0000, 0x0000,
  0x0000, 0x0000, 0x0000, 0x0000, 0x0000, 0x0000, 0x0000, 0x0000, 0x0000, 0x0000, 0x0000, 0x0000,
  0x0000, 0x0000, 0x0000, 0x0000, 0x0000, 0x0000, 0x0000, 0x0000, 0x0000, 0x0000, 0x0000, 0x0000,
  0x0000, 0x0000, 0x0000, 0x0000, 0x0000, 0x0000, 0x0000, 0x0000, 0x0000, 0x0000, 0x0000, 0x0000,
  0x0000, 0x0000, 0x0000, 0x0000, 0x0000, 0x0000, 0x0000, 0x0000, 0x0000, 0x0000, 0x0000, 0x0000,
  0x0000, 0x0000, 0x0000, 0x0000, 0x0000, 0x0000, 0x0000, 0x0000, 0x0000, 0x0000, 0x0000, 0x0000,
  0x0000, 0x0000, 0x0000, 0x0000, 0x0000, 0x0000, 0x0000, 0x0000, 0x0000, 0x0000, 0x0000, 0x0000,
  0x0000, 0x0000, 0x0000, 0x0000, 0x0000, 0x0000, 0x0000, 0x0000, 0x0000, 0x0000, 0x326E, 0x75BF,
  0x53B4, 0x0861, 0x0820, 0x1082, 0x0861, 0x1061, 0x1061, 0x0861, 0x0861, 0x1061, 0x1061, 0x1061,
  0x1061, 0x1061, 0x1061, 0x1061, 0x1061, 0x0861, 0x0861, 0x0861, 0x0861, 0x0861, 0x0861, 0x0841,
  0x0841, 0x0841, 0x0841, 0x0841, 0x0841, 0x0841, 0x0841, 0x0841, 0x0841, 0x0841, 0x0841, 0x0841,
  0x0861, 0x0841, 0x0841, 0x0841, 0x0841, 0x0841, 0x0841, 0x0841, 0x0841, 0x0841, 0x0841, 0x0841,
  0x0841, 0x0841, 0x0841, 0x0841, 0x0841, 0x0041, 0x0841, 0x0841, 0x0841, 0x0841, 0x0841, 0x0841,
  0x0041, 0x0841, 0x0041, 0x0841, 0x0841, 0x0841, 0x0041, 0x0041, 0x0041, 0x0041, 0x0041, 0x0041,
  0x0041, 0x0041, 0x0041, 0x0041, 0x0041, 0x0041, 0x0041, 0x0041, 0x0041, 0x0041, 0x0041, 0x0041,
  0x0041, 0x0041, 0x0041, 0x0041, 0x0041, 0x0041, 0x0041, 0x0041, 0x0021, 0x0041, 0x0021, 0x0021,
  0x0021, 0x0041, 0x0041, 0x0041, 0x0041, 0x0041, 0x0041, 0x0041, 0x0041, 0x0021, 0x0021, 0x0021,
  0x0021, 0x0021, 0x0021, 0x0021, 0x0021, 0x0021, 0x0022, 0x0021, 0x0021, 0x0021, 0x0021, 0x0021,
  0x0021, 0x0021, 0x0021, 0x0021, 0x0022, 0x0021, 0x0021, 0x0022, 0x0021, 0x0021, 0x0021, 0x0021,
  0x0021, 0x0021, 0x0021, 0x0021, 0x0021, 0x0021, 0x0021, 0x0022, 0x0042, 0x0000, 0x0884, 0x5C78,
  0x6D7E, 0x2189, 0x0000, 0x0000, 0x0000, 0x0000, 0x0000, 0x0000, 0x0000, 0x0000, 0x0000, 0x0000,
  0x0000, 0x0000, 0x0000, 0x0000, 0x0000, 0x0000, 0x0000, 0x0000, 0x0000, 0x0000, 0x0000, 0x0000,
  0x0000, 0x0000, 0x0000, 0x0000, 0x0000, 0x0000, 0x0000, 0x0000, 0x0000, 0x0000, 0x0000, 0x0000,
  0x0000, 0x0000, 0x0000, 0x0000, 0x0000, 0x0000, 0x0000, 0x0000, 0x0000, 0x0000, 0x0000, 0x0000,
  0x0000, 0x0000, 0x0000, 0x0000, 0x0000, 0x0000, 0x0000, 0x0000, 0x0000, 0x0000, 0x0000, 0x0000,
  0x0000, 0x0000, 0x0000, 0x0000, 0x0000, 0x0000, 0x0000, 0x0000, 0x0000, 0x0000, 0x0000, 0x0000,
  0x0000, 0x0000, 0x0000, 0x0000, 0x0000, 0x0000, 0x0000, 0x0000, 0x0000, 0x0000, 0x0000, 0x0000,
  0x0000, 0x0000, 0x0000, 0x0000, 0x0000, 0x0000, 0x0020, 0x0000, 0x0020, 0x4B94, 0x75BF, 0x324C,
  0x0000, 0x0841, 0x0862, 0x0861, 0x0861, 0x0861, 0x0861, 0x0861, 0x1061, 0x1061, 0x1061, 0x1061,
  0x1061, 0x1061, 0x1061, 0x1061, 0x0861, 0x0861, 0x0861, 0x0861, 0x0861, 0x0861, 0x0841, 0x0841,
  0x0841, 0x0841, 0x0841, 0x0841, 0x0841, 0x0841, 0x0841, 0x0841, 0x0841, 0x0841, 0x0841, 0x0841,
  0x0841, 0x0861, 0x0841, 0x0841, 0x0841, 0x0841, 0x0841, 0x0841, 0x0841, 0x0841, 0x0841, 0x0841,
  0x0841, 0x0841, 0x0841, 0x0041, 0x0041, 0x0041, 0x0041, 0x0841, 0x0041, 0x0041, 0x0841, 0x0841,
  0x0841, 0x0041, 0x0041, 0x0041, 0x0041, 0x0041, 0x0041, 0x0041, 0x0041, 0x0041, 0x0041, 0x0041,
  0x0041, 0x0041, 0x0041, 0x0041, 0x0041, 0x0041, 0x0041, 0x0041, 0x0041, 0x0041, 0x0041, 0x0041,
  0x0041, 0x0041, 0x0041, 0x0041, 0x0041, 0x0041, 0x0041, 0x0041, 0x0041, 0x0041, 0x0021, 0x0021,
  0x0021, 0x0041, 0x0041, 0x0041, 0x0041, 0x0021, 0x0021, 0x0042, 0x0042, 0x0042, 0x0022, 0x0021,
  0x0022, 0x0021, 0x0021, 0x0021, 0x0022, 0x0021, 0x0022, 0x0022, 0x0022, 0x0021, 0x0021, 0x0021,
  0x0021, 0x0021, 0x0022, 0x0022, 0x0022, 0x0022, 0x0021, 0x0021, 0x0021, 0x0021, 0x0021, 0x0021,
  0x0021, 0x0021, 0x0021, 0x0021, 0x0021, 0x0021, 0x0022, 0x0022, 0x0021, 0x0042, 0x0001, 0x0000,
  0x3B11, 0x75BF, 0x32AF, 0x0000, 0x0000, 0x0000, 0x0000, 0x0000, 0x0000, 0x0000, 0x0000, 0x0000,
  0x0000, 0x0000, 0x0000, 0x0000, 0x0000, 0x0000, 0x0000, 0x0000, 0x0000, 0x0000, 0x0000, 0x0000,
  0x0000, 0x0000, 0x0000, 0x0000, 0x0000, 0x0000, 0x0000, 0x0000, 0x0000, 0x0000, 0x0000, 0x0000,
  0x0000, 0x0000, 0x0000, 0x0000, 0x0000, 0x0000, 0x0000, 0x0000, 0x0000, 0x0000, 0x0000, 0x0000,
  0x0000, 0x0000, 0x0000, 0x0000, 0x0000, 0x0000, 0x0000, 0x0000, 0x0000, 0x0000, 0x0000, 0x0000,
  0x0000, 0x0000, 0x0000, 0x0000, 0x0000, 0x0000, 0x0000, 0x0000, 0x0000, 0x0000, 0x0000, 0x0000,
  0x0000, 0x0000, 0x0000, 0x0000, 0x0000, 0x0000, 0x0000, 0x0000, 0x0000, 0x0000, 0x0000, 0x0000,
  0x0000, 0x0000, 0x0000, 0x0000, 0x0000, 0x0020, 0x0000, 0x08A4, 0x5CBA, 0x651C, 0x1926, 0x0000,
  0x0862, 0x0861, 0x0861, 0x0861, 0x0861, 0x0861, 0x0861, 0x0861, 0x0861, 0x1061, 0x1061, 0x1061,
  0x0861, 0x0861, 0x0861, 0x1061, 0x0861, 0x0861, 0x0861, 0x0841, 0x0841, 0x0841, 0x0841, 0x0841,
  0x0841, 0x0841, 0x0841, 0x0841, 0x0841, 0x0841, 0x0841, 0x0841, 0x0841, 0x0841, 0x0841, 0x0841,
  0x0841, 0x0841, 0x0841, 0x0841, 0x0861, 0x0841, 0x0841, 0x0841, 0x0841, 0x0841, 0x0841, 0x0841,
  0x0841, 0x0841, 0x0841, 0x0041, 0x0841, 0x0041, 0x0041, 0x0841, 0x0041, 0x0041, 0x0841, 0x0041,
  0x0041, 0x0041, 0x0041, 0x0041, 0x0041, 0x0041, 0x0041, 0x0041, 0x0041, 0x0041, 0x0041, 0x0041,
  0x0041, 0x0041, 0x0041, 0x0041, 0x0041, 0x0041, 0x0041, 0x0041, 0x0041, 0x0041, 0x0021, 0x0041,
  0x0041, 0x0041, 0x0041, 0x0041, 0x0041, 0x0041, 0x0041, 0x0021, 0x0041, 0x0041, 0x0041, 0x0041,
  0x0041, 0x0041, 0x0041, 0x0041, 0x0021, 0x0021, 0x0022, 0x0022, 0x0022, 0x0022, 0x0022, 0x0021,
  0x0021, 0x0021, 0x0022, 0x0022, 0x0022, 0x0022, 0x0022, 0x0022, 0x0022, 0x0022, 0x0022, 0x0021,
  0x0021, 0x0022, 0x0022, 0x0022, 0x0022, 0x0022, 0x0022, 0x0022, 0x0021, 0x0021, 0x0022, 0x0022,
  0x0021, 0x0021, 0x0021, 0x0021, 0x0021, 0x0021, 0x0022, 0x0022, 0x0022, 0x0021, 0x0042, 0x0022,
  0x0000, 0x21CA, 0x6D7E, 0x4BD5, 0x0021, 0x0000, 0x0000, 0x0000, 0x0000, 0x0000, 0x0000, 0x0000,
  0x0000, 0x0000, 0x0000, 0x0000, 0x0000, 0x0000, 0x0000, 0x0000, 0x0000, 0x0000, 0x0000, 0x0000,
  0x0000, 0x0000, 0x0000, 0x0000, 0x0000, 0x0000, 0x0000, 0x0000, 0x0000, 0x0000, 0x0000, 0x0000,
  0x0000, 0x0000, 0x0000, 0x0000, 0x0000, 0x0000, 0x0000, 0x0000, 0x0000, 0x0000, 0x0000, 0x0000,
  0x0000, 0x0000, 0x0000, 0x0000, 0x0000, 0x0000, 0x0000, 0x0000, 0x0000, 0x0000, 0x0000, 0x0000,
  0x0000, 0x0000, 0x0000, 0x0000, 0x0000, 0x0000, 0x0000, 0x0000, 0x0000, 0x0000, 0x0000, 0x0000,
  0x0000, 0x0000, 0x0000, 0x0000, 0x0000, 0x0000, 0x0000, 0x0000, 0x0000, 0x0000, 0x0000, 0x0000,
  0x0000, 0x0000, 0x0000, 0x0000, 0x0000, 0x0000, 0x1968, 0x6D5E, 0x5437, 0x0882, 0x0820, 0x1082,
  0x0861, 0x0861, 0x0861, 0x0861, 0x0861, 0x0861, 0x0861, 0x0861, 0x0861, 0x1061, 0x1061, 0x1061,
  0x0861, 0x0861, 0x0861, 0x0861, 0x0861, 0x0861, 0x0861, 0x0841, 0x0841, 0x0841, 0x0841, 0x0841,
  0x0841, 0x0841, 0x0841, 0x0841, 0x0841, 0x0841, 0x0841, 0x0841, 0x0841, 0x0841, 0x0841, 0x0841,
  0x0841, 0x0841, 0x0841, 0x0841, 0x0841, 0x0841, 0x0841, 0x0841, 0x0841, 0x0841, 0x0841, 0x0841,
  0x0841, 0x0841, 0x0841, 0x0041, 0x0041, 0x0041, 0x0041, 0x0841, 0x0041, 0x0041, 0x0041, 0x0041,
  0x0041, 0x0041, 0x0041, 0x0041, 0x0041, 0x0041, 0x0041, 0x0041, 0x0041, 0x0041, 0x0041, 0x0041,
  0x0041, 0x0041, 0x0041, 0x0041, 0x0841, 0x0041, 0x0041, 0x0041, 0x0041, 0x0041, 0x0041, 0x0041,
  0x0041, 0x0041, 0x0041, 0x0041, 0x0021, 0x0041, 0x0041, 0x0041, 0x0041, 0x0041, 0x0041, 0x0041,
  0x0021, 0x0042, 0x0041, 0x0041, 0x0041, 0x0021, 0x0021, 0x0022, 0x0022, 0x0022, 0x0022, 0x0021,
  0x0021, 0x0021, 0x0021, 0x0021, 0x0022, 0x0022, 0x0022, 0x0022, 0x0021, 0x0022, 0x0022, 0x0022,
  0x0022, 0x0022, 0x0021, 0x0022, 0x0022, 0x0022, 0x0022, 0x0022, 0x0021, 0x0021, 0x0021, 0x0022,
  0x0022, 0x0021, 0x0021, 0x0021, 0x0021, 0x0021, 0x0021, 0x0022, 0x0041, 0x0041, 0x0041, 0x0041,
  0x0042, 0x0000, 0x10C5, 0x64DB, 0x64DB, 0x08A4, 0x0000, 0x0020, 0x0000, 0x0000, 0x0000, 0x0000,
  0x0000, 0x0000, 0x0000, 0x0000, 0x0000, 0x0000, 0x0000, 0x0000, 0x0000, 0x0000, 0x0000, 0x0000,
  0x0000, 0x0000, 0x0000, 0x0000, 0x0000, 0x0000, 0x0000, 0x0000, 0x0000, 0x0000, 0x0000, 0x0000,
  0x0000, 0x0000, 0x0000, 0x0000, 0x0000, 0x0000, 0x0000, 0x0000, 0x0000, 0x0000, 0x0000, 0x0000,
  0x0000, 0x0000, 0x0000, 0x0000, 0x0000, 0x0000, 0x0000, 0x0000, 0x0000, 0x0000, 0x0000, 0x0000,
  0x0000, 0x0000, 0x0000, 0x0000, 0x0000, 0x0000, 0x0000, 0x0000, 0x0000, 0x0000, 0x0000, 0x0000,
  0x0000, 0x0000, 0x0000, 0x0000, 0x0000, 0x0000, 0x0000, 0x0000, 0x0000, 0x0000, 0x0000, 0x0000,
  0x0000, 0x0000, 0x0000, 0x0000, 0x0000, 0x2A2C, 0x75DF, 0x4352, 0x0020, 0x0841, 0x0862, 0x0861,
  0x0861, 0x0861, 0x0861, 0x0861, 0x0861, 0x0861, 0x0861, 0x0861, 0x0861, 0x1061, 0x1061, 0x1061,
  0x1061, 0x0861, 0x0861, 0x0861, 0x0861, 0x0861, 0x0861, 0x0861, 0x0841, 0x0841, 0x0841, 0x0841,
  0x0841, 0x0841, 0x0841, 0x0841, 0x0841, 0x0841, 0x0841, 0x0841, 0x0841, 0x0841, 0x0841, 0x0841,
  0x0841, 0x0841, 0x0841, 0x0841, 0x0841, 0x0841, 0x0841, 0x0841, 0x0841, 0x0841, 0x0841, 0x0841,
  0x0841, 0x0841, 0x0041, 0x0041, 0x0041, 0x0841, 0x0041, 0x0041, 0x0041, 0x0041, 0x0041, 0x0041,
  0x0041, 0x0041, 0x0041, 0x0041, 0x0041, 0x0041, 0x0041, 0x0041, 0x0041, 0x0041, 0x0041, 0x0041,
  0x0041, 0x0041, 0x0041, 0x0041, 0x0041, 0x0041, 0x0041, 0x0041, 0x0041, 0x0041, 0x0041, 0x0041,
  0x0041, 0x0041, 0x0041, 0x0041, 0x0041, 0x0021, 0x0041, 0x0041, 0x0041, 0x0041, 0x0041, 0x0041,
  0x0041, 0x0042, 0x0041, 0x0041, 0x0042, 0x0041, 0x0022, 0x0022, 0x0022, 0x0022, 0x0022, 0x0022,
  0x0021, 0x0021, 0x0021, 0x0022, 0x0022, 0x0022, 0x0021, 0x0022, 0x0022, 0x0022, 0x0022, 0x0022,
  0x0022, 0x0022, 0x0022, 0x0022, 0x0022, 0x0022, 0x0022, 0x0022, 0x0022, 0x0021, 0x0021, 0x0021,
  0x0021, 0x0021, 0x0021, 0x0022, 0x0021, 0x0021, 0x0021, 0x0041, 0x0021, 0x0041, 0x0021, 0x0021,
  0x0021, 0x0042, 0x0000, 0x0042, 0x5417, 0x6D5E, 0x1947, 0x0000, 0x0020, 0x0000, 0x0000, 0x0000,
  0x0000, 0x0000, 0x0000, 0x0000, 0x0000, 0x0000, 0x0000, 0x0000, 0x0000, 0x0000, 0x0000, 0x0000,
  0x0000, 0x0000, 0x0000, 0x0000, 0x0000, 0x0000, 0x0000, 0x0000, 0x0000, 0x0000, 0x0000, 0x0000,
  0x0000, 0x0000, 0x0000, 0x0000, 0x0000, 0x0000, 0x0000, 0x0000, 0x0000, 0x0000, 0x0000, 0x0000,
  0x0000, 0x0000, 0x0000, 0x0000, 0x0000, 0x0000, 0x0000, 0x0000, 0x0000, 0x0000, 0x0000, 0x0000,
  0x0000, 0x0000, 0x0000, 0x0000, 0x0000, 0x0000, 0x0000, 0x0000, 0x0000, 0x0000, 0x0000, 0x0000,
  0x0000, 0x0000, 0x0000, 0x0000, 0x0000, 0x0000, 0x0000, 0x0000, 0x0000, 0x0000, 0x0000, 0x0000,
  0x0000, 0x0000, 0x0000, 0x0000, 0x3AF0, 0x75DF, 0x326E, 0x0000, 0x0861, 0x0862, 0x0861, 0x0861,
  0x0861, 0x0861, 0x0861, 0x0861, 0x0861, 0x0861, 0x0861, 0x0861, 0x0861, 0x0861, 0x1061, 0x1061,
  0x1061, 0x0861, 0x0861, 0x0861, 0x0861, 0x0861, 0x0861, 0x0861, 0x0861, 0x0841, 0x0841, 0x0841,
  0x0841, 0x0841, 0x0841, 0x0841, 0x0841, 0x0841, 0x0841, 0x0841, 0x0841, 0x0841, 0x0841, 0x0841,
  0x0841, 0x0841, 0x0841, 0x0841, 0x0841, 0x0841, 0x0041, 0x0841, 0x0841, 0x0841, 0x0841, 0x0841,
  0x0841, 0x0841, 0x0041, 0x0041, 0x0041, 0x0041, 0x0841, 0x0041, 0x0041, 0x0041, 0x0041, 0x0041,
  0x0041, 0x0041, 0x0041, 0x0041, 0x0041, 0x0041, 0x0021, 0x0041, 0x0041, 0x0041, 0x0041, 0x0041,
  0x0041, 0x0041, 0x0041, 0x0041, 0x0841, 0x0041, 0x0041, 0x0041, 0x0041, 0x0041, 0x0021, 0x0041,
  0x0041, 0x0041, 0x0041, 0x0041, 0x0041, 0x0021, 0x0041, 0x0041, 0x0021, 0x0041, 0x0041, 0x0041,
  0x0041, 0x0021, 0x0041, 0x0021, 0x0022, 0x0021, 0x0022, 0x0022, 0x0022, 0x0022, 0x0022, 0x0022,
  0x0022, 0x0022, 0x0021, 0x0022, 0x0022, 0x0021, 0x0022, 0x0021, 0x0022, 0x0022, 0x0022, 0x0021,
  0x0022, 0x0022, 0x0022, 0x0022, 0x0022, 0x0022, 0x0022, 0x0022, 0x0022, 0x0022, 0x0021, 0x0021,
  0x0022, 0x0021, 0x0021, 0x0021, 0x0021, 0x0021, 0x0021, 0x0021, 0x0021, 0x0021, 0x0021, 0x0041,
  0x0041, 0x0041, 0x0042, 0x0021, 0x0000, 0x4352, 0x75BF, 0x21EB, 0x0000, 0x0000, 0x0000, 0x0000,
  0x0000, 0x0000, 0x0000, 0x0000, 0x0000, 0x0000, 0x0000, 0x0000, 0x0000, 0x0000, 0x0000, 0x0000,
  0x0000, 0x0000, 0x0000, 0x0000, 0x0000, 0x0000, 0x0000, 0x0000, 0x0000, 0x0000, 0x0000, 0x0000,
  0x0000, 0x0000, 0x0000, 0x0000, 0x0000, 0x0000, 0x0000, 0x0000, 0x0000, 0x0000, 0x0000, 0x0000,
  0x0000, 0x0000, 0x0000, 0x0000, 0x0000, 0x0000, 0x0000, 0x0000, 0x0000, 0x0000, 0x0000, 0x0000,
  0x0000, 0x0000, 0x0000, 0x0000, 0x0000, 0x0000, 0x0000, 0x0000, 0x0000, 0x0000, 0x0000, 0x0000,
  0x0000, 0x0000, 0x0000, 0x0000, 0x0000, 0x0000, 0x0000, 0x0000, 0x0000, 0x0000, 0x0000, 0x0000,
  0x0000, 0x0000, 0x0000, 0x4BB4, 0x75BF, 0x21A9, 0x0000, 0x0862, 0x0861, 0x0861, 0x0861, 0x0861,
  0x0861, 0x0861, 0x0861, 0x0861, 0x0861, 0x0861, 0x0861, 0x0861, 0x0861, 0x0861, 0x0861, 0x1061,
  0x1061, 0x0861, 0x0861, 0x0861, 0x0861, 0x0861, 0x0861, 0x0861, 0x0861, 0x0841, 0x0841, 0x0841,
  0x0841, 0x0841, 0x0841, 0x0041, 0x0841, 0x0841, 0x0841, 0x0841, 0x0841, 0x0841, 0x0841, 0x0841,
  0x0841, 0x0841, 0x0841, 0x0841, 0x0841, 0x0041, 0x0041, 0x0041, 0x0841, 0x0041, 0x0041, 0x0041,
  0x0841, 0x0841, 0x0841, 0x0841, 0x0841, 0x0041, 0x0041, 0x0041, 0x0041, 0x0041, 0x0041, 0x0041,
  0x0041, 0x0041, 0x0041, 0x0041, 0x0041, 0x0041, 0x0021, 0x0021, 0x0021, 0x0041, 0x0041, 0x0041,
  0x0041, 0x0041, 0x0841, 0x0041, 0x0841, 0x0841, 0x0841, 0x0841, 0x0841, 0x0041, 0x0841, 0x0841,
  0x0041, 0x0041, 0x0041, 0x0041, 0x0041, 0x0041, 0x0041, 0x0021, 0x0021, 0x0021, 0x0021, 0x0041,
  0x0021, 0x0021, 0x0021, 0x0021, 0x0021, 0x0021, 0x0021, 0x0022, 0x0022, 0x0022, 0x0022, 0x0022,
  0x0022, 0x0021, 0x0021, 0x0021, 0x0022, 0x0022, 0x0021, 0x0022, 0x0022, 0x0022, 0x0022, 0x0022,
  0x0022, 0x0022, 0x0022, 0x0022, 0x0022, 0x0022, 0x0022, 0x0022, 0x0022, 0x0021, 0x0021, 0x0021,
  0x0021, 0x0021, 0x0021, 0x0021, 0x0021, 0x0021, 0x0041, 0x0021, 0x0021, 0x0021, 0x0041, 0x0041,
  0x0041, 0x0041, 0x0041, 0x0042, 0x0041, 0x0000, 0x328F, 0x75DF, 0x2A6D, 0x0000, 0x0000, 0x0000,
  0x0000, 0x0000, 0x0000, 0x0000, 0x0000, 0x0000, 0x0000, 0x0000, 0x0000, 0x0000, 0x0000, 0x0000,
  0x0000, 0x0000, 0x0000, 0x0000, 0x0000, 0x0000, 0x0000, 0x0000, 0x0000, 0x0000, 0x0000, 0x0000,
  0x0000, 0x0000, 0x0000, 0x0000, 0x0000, 0x0000, 0x0000, 0x0000, 0x0000, 0x0000, 0x0000, 0x0000,
  0x0000, 0x0000, 0x0000, 0x0000, 0x0000, 0x0000, 0x0000, 0x0000, 0x0000, 0x0000, 0x0000, 0x0000,
  0x0000, 0x0000, 0x0000, 0x0000, 0x0000, 0x0000, 0x0000, 0x0000, 0x0000, 0x0000, 0x0000, 0x0000,
  0x0000, 0x0000, 0x0000, 0x0000, 0x0000, 0x0000, 0x0000, 0x0000, 0x0000, 0x0000, 0x0000, 0x0000,
  0x0000, 0x0021, 0x5416, 0x6D7E, 0x1926, 0x0000, 0x0882, 0x0861, 0x0861, 0x0861, 0x0861, 0x0861,
  0x0861, 0x0861, 0x0861, 0x0861, 0x0861, 0x0861, 0x0861, 0x0861, 0x0861, 0x0861, 0x0861, 0x1061,
  0x1061, 0x0861, 0x0861, 0x0861, 0x0861, 0x0861, 0x0861, 0x0861, 0x0861, 0x0841, 0x0841, 0x0841,
  0x0841, 0x0841, 0x0841, 0x0841, 0x0841, 0x0841, 0x0841, 0x0841, 0x0841, 0x0841, 0x0841, 0x0841,
  0x0841, 0x0841, 0x0841, 0x0041, 0x0041, 0x0841, 0x0841, 0x0841, 0x0041, 0x0841, 0x0841, 0x0041,
  0x0841, 0x0841, 0x0841, 0x0841, 0x0041, 0x0041, 0x0041, 0x0041, 0x0041, 0x0041, 0x0041, 0x0041,
  0x0021, 0x0041, 0x0041, 0x0041, 0x0021, 0x0041, 0x0021, 0x0041, 0x0041, 0x0041, 0x0041, 0x0041,
  0x0041, 0x0841, 0x0841, 0x0841, 0x0841, 0x0841, 0x0841, 0x0841, 0x0841, 0x0841, 0x0841, 0x0841,
  0x0841, 0x0041, 0x0041, 0x0021, 0x0041, 0x0041, 0x0041, 0x0021, 0x0021, 0x0021, 0x0021, 0x0021,
  0x0021, 0x0021, 0x0021, 0x0021, 0x0021, 0x0021, 0x0022, 0x0022, 0x0022, 0x0021, 0x0022, 0x0022,
  0x0022, 0x0021, 0x0022, 0x0021, 0x0022, 0x0022, 0x0022, 0x0022, 0x0022, 0x0022, 0x0022, 0x0022,
  0x0022, 0x0022, 0x0022, 0x0022, 0x0022, 0x0022, 0x0022, 0x0022, 0x0022, 0x0022, 0x0021, 0x0021,
  0x0021, 0x0021, 0x0021, 0x0021, 0x0022, 0x0022, 0x0042, 0x0021, 0x0041, 0x0041, 0x0041, 0x0042,
  0x0042, 0x0041, 0x0041, 0x0041, 0x0041, 0x0862, 0x0000, 0x2A0B, 0x75BF, 0x3AF0, 0x0000, 0x0000,
  0x0000, 0x0000, 0x0000, 0x0000, 0x0000, 0x0000, 0x0000, 0x0000, 0x0000, 0x0000, 0x0000, 0x0000,
  0x0000, 0x0000, 0x0000, 0x0000, 0x0000, 0x0000, 0x0000, 0x0000, 0x0000, 0x0000, 0x0000, 0x0000,
  0x0000, 0x0000, 0x0000, 0x0000, 0x0000, 0x0000, 0x0000, 0x0000, 0x0000, 0x0000, 0x0000, 0x0000,
  0x0000, 0x0000, 0x0000, 0x0000, 0x0000, 0x0000, 0x0000, 0x0000, 0x0000, 0x0000, 0x0000, 0x0000,
  0x0000, 0x0000, 0x0000, 0x0000, 0x0000, 0x0000, 0x0000, 0x0000, 0x0000, 0x0000, 0x0000, 0x0000,
  0x0000, 0x0000, 0x0000, 0x0000, 0x0000, 0x0000, 0x0000, 0x0000, 0x0000, 0x0000, 0x0000, 0x0000,
  0x0041, 0x5C79, 0x6D3C, 0x10E4, 0x0020, 0x0882, 0x0861, 0x0861, 0x0861, 0x0861, 0x0861, 0x0861,
  0x0861, 0x0861, 0x0861, 0x0861, 0x0861, 0x0861, 0x0861, 0x0861, 0x0861, 0x0861, 0x0861, 0x0861,
  0x0861, 0x1061, 0x1061, 0x0861, 0x0861, 0x0861, 0x0861, 0x0861, 0x0861, 0x0861, 0x0841, 0x0841,
  0x0841, 0x0841, 0x0841, 0x0841, 0x0841, 0x0841, 0x0841, 0x0841, 0x0841, 0x0841, 0x0841, 0x0841,
  0x0841, 0x0841, 0x0841, 0x0841, 0x0841, 0x0841, 0x0841, 0x0841, 0x0841, 0x0841, 0x0841, 0x0841,
  0x0041, 0x0841, 0x0041, 0x0041, 0x0041, 0x0041, 0x0041, 0x0041, 0x0041, 0x0041, 0x0041, 0x0041,
  0x0021, 0x0021, 0x0041, 0x0041, 0x0021, 0x0041, 0x0041, 0x0041, 0x0041, 0x0041, 0x0041, 0x0041,
  0x0841, 0x0841, 0x0841, 0x0841, 0x0841, 0x0841, 0x0841, 0x0841, 0x0841, 0x0841, 0x0841, 0x0841,
  0x0841, 0x0841, 0x0041, 0x0041, 0x0041, 0x0041, 0x0041, 0x0021, 0x0021, 0x0041, 0x0041, 0x0021,
  0x0021, 0x0021, 0x0021, 0x0021, 0x0021, 0x0021, 0x0021, 0x0021, 0x0022, 0x0021, 0x0021, 0x0021,
  0x0021, 0x0022, 0x0021, 0x0021, 0x0022, 0x0022, 0x0022, 0x0021, 0x0022, 0x0022, 0x0022, 0x0022,
  0x0022, 0x0022, 0x0022, 0x0022, 0x0021, 0x0021, 0x0021, 0x0022, 0x0022, 0x0022, 0x0022, 0x0021,
  0x0021, 0x0021, 0x0021, 0x0022, 0x0022, 0x0021, 0x0021, 0x0022, 0x0041, 0x0041, 0x0041, 0x0042,
  0x0041, 0x0041, 0x0041, 0x0041, 0x0041, 0x0041, 0x0862, 0x0000, 0x2189, 0x6D9F, 0x4353, 0x0000,
  0x0000, 0x0000, 0x0000, 0x0000, 0x0000, 0x0000, 0x0000, 0x0000, 0x0000, 0x0000, 0x0000, 0x0000,
  0x0000, 0x0000, 0x0000, 0x0000, 0x0000, 0x0000, 0x0000, 0x0000, 0x0000, 0x0000, 0x0000, 0x0000,
  0x0000, 0x0000, 0x0000, 0x0000, 0x0000, 0x0000, 0x0000, 0x0000, 0x0000, 0x0000, 0x0000, 0x0000,
  0x0000, 0x0000, 0x0000, 0x0000, 0x0000, 0x0000, 0x0000, 0x0000, 0x0000, 0x0000, 0x0000, 0x0000,
  0x0000, 0x0000, 0x0000, 0x0000, 0x0000, 0x0000, 0x0000, 0x0000, 0x0000, 0x0000, 0x0000, 0x0000,
  0x0000, 0x0000, 0x0000, 0x0000, 0x0000, 0x0000, 0x0000, 0x0000, 0x0000, 0x0000, 0x0000, 0x0062,
  0x5C9A, 0x64DB, 0x10A3, 0x0820, 0x1082, 0x0861, 0x0861, 0x0861, 0x0861, 0x0861, 0x0861, 0x0861,
  0x0861, 0x0861, 0x0861, 0x0861, 0x0861, 0x0861, 0x0861, 0x0861, 0x0861, 0x0862, 0x0861, 0x0861,
  0x0861, 0x0861, 0x1061, 0x0861, 0x0861, 0x0861, 0x0861, 0x0861, 0x0861, 0x0841, 0x0861, 0x0841,
  0x0841, 0x0841, 0x0841, 0x0841, 0x0841, 0x0841, 0x0841, 0x0841, 0x0841, 0x0841, 0x0841, 0x0841,
  0x0841, 0x0841, 0x0841, 0x0841, 0x0841, 0x0841, 0x0841, 0x0841, 0x0841, 0x0841, 0x0841, 0x0841,
  0x0841, 0x0841, 0x0041, 0x0041, 0x0041, 0x0041, 0x0041, 0x0041, 0x0041, 0x0041, 0x0041, 0x0041,
  0x0021, 0x0021, 0x0021, 0x0021, 0x0021, 0x0041, 0x0041, 0x0041, 0x0041, 0x0041, 0x0841, 0x0841,
  0x0841, 0x0841, 0x0841, 0x0841, 0x0841, 0x0841, 0x0841, 0x0841, 0x0841, 0x0841, 0x0841, 0x0841,
  0x0841, 0x0841, 0x0041, 0x0841, 0x0041, 0x0041, 0x0041, 0x0041, 0x0041, 0x0021, 0x0041, 0x0021,
  0x0021, 0x0021, 0x0021, 0x0021, 0x0021, 0x0021, 0x0021, 0x0021, 0x0021, 0x0022, 0x0021, 0x0021,
  0x0022, 0x0021, 0x0021, 0x0021, 0x0022, 0x0022, 0x0022, 0x0022, 0x0022, 0x0022, 0x0022, 0x0022,
  0x0022, 0x0022, 0x0022, 0x0022, 0x0021, 0x0022, 0x0022, 0x0022, 0x0022, 0x0022, 0x0022, 0x0022,
  0x0022, 0x0021, 0x0022, 0x0022, 0x0022, 0x0022, 0x0022, 0x0042, 0x0041, 0x0041, 0x0041, 0x0042,
  0x0041, 0x0041, 0x0042, 0x0041, 0x0041, 0x0042, 0x0041, 0x0862, 0x0000, 0x1927, 0x759F, 0x4394,
  0x0000, 0x0000, 0x0000, 0x0000, 0x0000, 0x0000, 0x0000, 0x0000, 0x0000, 0x0000, 0x0000, 0x0000,
  0x0000, 0x0000, 0x0000, 0x0000, 0x0000, 0x0000, 0x0000, 0x0000, 0x0000, 0x0000, 0x0000, 0x0000,
  0x0000, 0x0000, 0x0000, 0x0000, 0x0000, 0x0000, 0x0000, 0x0000, 0x0000, 0x0000, 0x0000, 0x0000,
  0x0000, 0x0000, 0x0000, 0x0000, 0x0000, 0x0000, 0x0000, 0x0000, 0x0000, 0x0000, 0x0000, 0x0000,
  0x0000, 0x0000, 0x0000, 0x0000, 0x0000, 0x0000, 0x0000, 0x0000, 0x0000, 0x0000, 0x0000, 0x0000,
  0x0000, 0x0000, 0x0000, 0x0000, 0x0000, 0x0000, 0x0000, 0x0000, 0x0000, 0x0000, 0x0862, 0x64DB,
  0x64BA, 0x0862, 0x0840, 0x1082, 0x0861, 0x0861, 0x0861, 0x0861, 0x0861, 0x0861, 0x0861, 0x0861,
  0x0861, 0x0861, 0x0861, 0x0861, 0x0861, 0x0861, 0x0861, 0x0861, 0x0861, 0x0861, 0x0861, 0x0861,
  0x0862, 0x0861, 0x1061, 0x0861, 0x0861, 0x0861, 0x0861, 0x0861, 0x0861, 0x0861, 0x0861, 0x0841,
  0x0841, 0x0841, 0x0841, 0x0861, 0x0861, 0x0841, 0x0861, 0x0861, 0x0861, 0x0861, 0x0861, 0x0841,
  0x0841, 0x0861, 0x0841, 0x0841, 0x0841, 0x0841, 0x0841, 0x0841, 0x0841, 0x0841, 0x0841, 0x0841,
  0x0841, 0x0841, 0x0041, 0x0041, 0x0041, 0x0041, 0x0041, 0x0041, 0x0041, 0x0041, 0x0041, 0x0041,
  0x0041, 0x0021, 0x0021, 0x0021, 0x0021, 0x0041, 0x0041, 0x0041, 0x0041, 0x0041, 0x0841, 0x0841,
  0x0841, 0x0841, 0x0841, 0x0841, 0x0841, 0x0841, 0x0841, 0x0841, 0x0841, 0x0841, 0x0841, 0x0841,
  0x0841, 0x0841, 0x0841, 0x0841, 0x0841, 0x0041, 0x0041, 0x0041, 0x0041, 0x0041, 0x0021, 0x0021,
  0x0021, 0x0021, 0x0021, 0x0021, 0x0021, 0x0021, 0x0021, 0x0021, 0x0022, 0x0022, 0x0021, 0x0022,
  0x0022, 0x0022, 0x0022, 0x0022, 0x0022, 0x0022, 0x0022, 0x0022, 0x0022, 0x0022, 0x0022, 0x0022,
  0x0022, 0x0022, 0x0022, 0x0022, 0x0022, 0x0022, 0x0022, 0x0022, 0x0022, 0x0022, 0x0022, 0x0022,
  0x0022, 0x0022, 0x0022, 0x0022, 0x0022, 0x0022, 0x0022, 0x0022, 0x0022, 0x0042, 0x0042, 0x0042,
  0x0042, 0x0042, 0x0042, 0x0042, 0x0041, 0x0041, 0x0042, 0x0041, 0x0862, 0x0000, 0x1106, 0x6D7E,
  0x4BB4, 0x0000, 0x0000, 0x0000, 0x0000, 0x0000, 0x0000, 0x0000, 0x0000, 0x0000, 0x0000, 0x0000,
  0x0000, 0x0000, 0x0000, 0x0000, 0x0000, 0x0000, 0x0000, 0x0000, 0x0000, 0x0000, 0x0000, 0x0000,
  0x0000, 0x0000, 0x0000, 0x0000, 0x0000, 0x0000, 0x0000, 0x0000, 0x0000, 0x0000, 0x0000, 0x0000,
  0x0000, 0x0000, 0x0000, 0x0000, 0x0000, 0x0000, 0x0000, 0x0000, 0x0000, 0x0000, 0x0000, 0x0000,
  0x0000, 0x0000, 0x0000, 0x0000, 0x0000, 0x0000, 0x0000, 0x0000, 0x0000, 0x0000, 0x0000, 0x0000,
  0x0000, 0x0000, 0x0000, 0x0000, 0x0000, 0x0000, 0x0000, 0x0000, 0x0000, 0x0862, 0x64DB, 0x5C99,
  0x0862, 0x0841, 0x1082, 0x0861, 0x0861, 0x0861, 0x0861, 0x0861, 0x0861, 0x0861, 0x0861, 0x0861,
  0x0861, 0x0861, 0x0861, 0x0861, 0x0861, 0x0861, 0x0861, 0x0861, 0x0861, 0x0861, 0x0861, 0x0841,
  0x0862, 0x0862, 0x0862, 0x0861, 0x0861, 0x0861, 0x0861, 0x0861, 0x0861, 0x0861, 0x0861, 0x0861,
  0x0861, 0x0841, 0x0861, 0x0861, 0x0861, 0x0861, 0x0861, 0x0861, 0x0861, 0x0861, 0x0861, 0x0861,
  0x0861, 0x0861, 0x0841, 0x0841, 0x0841, 0x0841, 0x0841, 0x0841, 0x0841, 0x0841, 0x0841, 0x0841,
  0x0841, 0x0841, 0x0041, 0x0841, 0x0041, 0x0841, 0x0841, 0x0041, 0x0041, 0x0041, 0x0041, 0x0041,
  0x0041, 0x0041, 0x0021, 0x0041, 0x0041, 0x0041, 0x0041, 0x0041, 0x0041, 0x0041, 0x0841, 0x0841,
  0x0841, 0x0841, 0x0841, 0x0841, 0x0841, 0x0841, 0x0841, 0x0841, 0x0841, 0x0841, 0x0841, 0x0841,
  0x0841, 0x0841, 0x0841, 0x0841, 0x0841, 0x0841, 0x0041, 0x0041, 0x0041, 0x0041, 0x0041, 0x0041,
  0x0041, 0x0021, 0x0021, 0x0021, 0x0021, 0x0021, 0x0021, 0x0021, 0x0022, 0x0021, 0x0021, 0x0022,
  0x0022, 0x0022, 0x0022, 0x0022, 0x0022, 0x0022, 0x0022, 0x0022, 0x0022, 0x0022, 0x0022, 0x0022,
  0x0022, 0x0022, 0x0022, 0x0022, 0x0022, 0x0022, 0x0022, 0x0022, 0x0022, 0x0022, 0x0022, 0x0022,
  0x0022, 0x0022, 0x0022, 0x0022, 0x0022, 0x0022, 0x0042, 0x0022, 0x0042, 0x0042, 0x0042, 0x0042,
  0x0042, 0x0042, 0x0042, 0x0042, 0x0042, 0x0042, 0x0042, 0x0042, 0x0041, 0x0062, 0x0000, 0x1106,
  0x6D7E, 0x4BB5, 0x0000, 0x0000, 0x0000, 0x0000, 0x0000, 0x0000, 0x0000, 0x0000, 0x0000, 0x0000,
  0x0000, 0x0000, 0x0000, 0x0000, 0x0000, 0x0000, 0x0000, 0x0000, 0x0000, 0x0000, 0x0000, 0x0000,
  0x0000, 0x0000, 0x0000, 0x0000, 0x0000, 0x0000, 0x0000, 0x0000, 0x0000, 0x0000, 0x0000, 0x0000,
  0x0000, 0x0000, 0x0000, 0x0000, 0x0000, 0x0000, 0x0000, 0x0000, 0x0000, 0x0000, 0x0000, 0x0000,
  0x0000, 0x0000, 0x0000, 0x0000, 0x0000, 0x0000, 0x0000, 0x0000, 0x0000, 0x0000, 0x0000, 0x0000,
  0x0000, 0x0000, 0x0000, 0x0000, 0x0000, 0x0000, 0x0000, 0x0000, 0x0862, 0x64DB, 0x5C79, 0x0861,
  0x0861, 0x1082, 0x1061, 0x0861, 0x0861, 0x0861, 0x0861, 0x0861, 0x0861, 0x0861, 0x0861, 0x0861,
  0x0861, 0x0861, 0x0861, 0x0861, 0x0861, 0x0861, 0x0861, 0x0861, 0x0861, 0x0861, 0x0861, 0x0862,
  0x0862, 0x0861, 0x0862, 0x0841, 0x0861, 0x0861, 0x0861, 0x0861, 0x0861, 0x0861, 0x0861, 0x0861,
  0x0861, 0x0861, 0x0861, 0x0861, 0x0861, 0x0861, 0x0861, 0x0861, 0x0861, 0x0861, 0x0861, 0x0861,
  0x0861, 0x0861, 0x0861, 0x0841, 0x0841, 0x0861, 0x0841, 0x0841, 0x0841, 0x0841, 0x0841, 0x0841,
  0x0841, 0x0841, 0x0841, 0x0841, 0x0841, 0x0841, 0x0041, 0x0841, 0x0041, 0x0041, 0x0041, 0x0041,
  0x0041, 0x0041, 0x0041, 0x0041, 0x0841, 0x0841, 0x0041, 0x0041, 0x0041, 0x0841, 0x0841, 0x0841,
  0x0841, 0x0841, 0x0841, 0x0841, 0x0841, 0x0841, 0x0841, 0x0841, 0x0841, 0x0841, 0x0841, 0x0841,
  0x0841, 0x0841, 0x0841, 0x0821, 0x0841, 0x0841, 0x0841, 0x0041, 0x0041, 0x0041, 0x0041, 0x0041,
  0x0041, 0x0041, 0x0041, 0x0021, 0x0021, 0x0021, 0x0021, 0x0021, 0x0021, 0x0021, 0x0021, 0x0022,
  0x0022, 0x0021, 0x0021, 0x0022, 0x0021, 0x0022, 0x0022, 0x0022, 0x0022, 0x0022, 0x0022, 0x0022,
  0x0022, 0x0022, 0x0022, 0x0022, 0x0022, 0x0022, 0x0022, 0x0022, 0x0022, 0x0022, 0x0022, 0x0022,
  0x0022, 0x0022, 0x0022, 0x0022, 0x0022, 0x0022, 0x0022, 0x0022, 0x0042, 0x0042, 0x0042, 0x0042,
  0x0042, 0x0042, 0x0042, 0x0042, 0x0042, 0x0042, 0x0042, 0x0042, 0x0042, 0x0042, 0x0062, 0x0000,
  0x10E6, 0x6D7E, 0x4B94, 0x0000, 0x0000, 0x0000, 0x0000, 0x0000, 0x0000, 0x0000, 0x0000, 0x0000,
  0x0000, 0x0000, 0x0000, 0x0000, 0x0000, 0x0000, 0x0000, 0x0000, 0x0000, 0x0000, 0x0000, 0x0000,
  0x0000, 0x0000, 0x0000, 0x0000, 0x0000, 0x0000, 0x0000, 0x0000, 0x0000, 0x0000, 0x0000, 0x0000,
  0x0000, 0x0000, 0x0000, 0x0000, 0x0000, 0x0000, 0x0000, 0x0000, 0x0000, 0x0000, 0x0000, 0x0000,
  0x0000, 0x0000, 0x0000, 0x0000, 0x0000, 0x0000, 0x0000, 0x0000, 0x0000, 0x0000, 0x0000, 0x0000,
  0x0000, 0x0000, 0x0000, 0x0000, 0x0000, 0x0000, 0x0000, 0x0041, 0x5CBA, 0x64DA, 0x0862, 0x0841,
  0x1082, 0x0861, 0x1061, 0x1061, 0x0861, 0x0861, 0x1061, 0x0861, 0x0861, 0x0861, 0x1061, 0x0861,
  0x0861, 0x0861, 0x0861, 0x0861, 0x0861, 0x0861, 0x0861, 0x0861, 0x0861, 0x0861, 0x0861, 0x0862,
  0x0862, 0x0862, 0x0041, 0x0041, 0x0861, 0x0861, 0x0861, 0x0861, 0x0861, 0x0861, 0x0861, 0x0861,
  0x0861, 0x0861, 0x0861, 0x0861, 0x0861, 0x0861, 0x0861, 0x0861, 0x0861, 0x0861, 0x0861, 0x0861,
  0x0861, 0x0861, 0x0861, 0x0861, 0x0841, 0x0861, 0x0861, 0x0861, 0x0841, 0x0841, 0x0841, 0x0841,
  0x0841, 0x0841, 0x0841, 0x0841, 0x0841, 0x0841, 0x0841, 0x0041, 0x0841, 0x0041, 0x0041, 0x0041,
  0x0041, 0x0041, 0x0041, 0x0041, 0x0841, 0x0841, 0x0841, 0x0841, 0x0841, 0x0841, 0x0841, 0x0841,
  0x0841, 0x0841, 0x0841, 0x0841, 0x0841, 0x0841, 0x0841, 0x0841, 0x0841, 0x0841, 0x0841, 0x0841,
  0x0841, 0x0841, 0x0841, 0x0841, 0x0841, 0x0841, 0x0841, 0x0041, 0x0041, 0x0041, 0x0041, 0x0041,
  0x0041, 0x0041, 0x0041, 0x0041, 0x0021, 0x0021, 0x0021, 0x0021, 0x0021, 0x0021, 0x0021, 0x0021,
  0x0021, 0x0022, 0x0022, 0x0021, 0x0021, 0x0022, 0x0022, 0x0022, 0x0022, 0x0022, 0x0022, 0x0022,
  0x0022, 0x0022, 0x0022, 0x0022, 0x0022, 0x0022, 0x0022, 0x0022, 0x0022, 0x0022, 0x0022, 0x0022,
  0x0022, 0x0022, 0x0022, 0x0022, 0x0022, 0x0022, 0x0022, 0x0022, 0x0022, 0x0022, 0x0022, 0x0022,
  0x0022, 0x0042, 0x0042, 0x0042, 0x0042, 0x0042, 0x0042, 0x0042, 0x0042, 0x0042, 0x0042, 0x0042,
  0x0000, 0x1106, 0x759F, 0x4373, 0x0000, 0x0000, 0x0000, 0x0000, 0x0000, 0x0000, 0x0000, 0x0000,
  0x0000, 0x0000, 0x0000, 0x0000, 0x0000, 0x0000, 0x0000, 0x0000, 0x0000, 0x0000, 0x0000, 0x0000,
  0x0000, 0x0000, 0x0000, 0x0000, 0x0000, 0x0000, 0x0000, 0x0000, 0x0000, 0x0000, 0x0000, 0x0000,
  0x0000, 0x0000, 0x0000, 0x0000, 0x0000, 0x0000, 0x0000, 0x0000, 0x0000, 0x0000, 0x0000, 0x0000,
  0x0000, 0x0000, 0x0000, 0x0000, 0x0000, 0x0000, 0x0000, 0x0000, 0x0000, 0x0000, 0x0000, 0x0000,
  0x0000, 0x0000, 0x0000, 0x0000, 0x0000, 0x0000, 0x0000, 0x5458, 0x64FB, 0x1082, 0x0841, 0x1082,
  0x0861, 0x0861, 0x0861, 0x1061, 0x0861, 0x0861, 0x1061, 0x1061, 0x1061, 0x1061, 0x1061, 0x1061,
  0x0861, 0x0861, 0x0861, 0x0861, 0x0861, 0x0861, 0x0861, 0x0861, 0x0861, 0x0861, 0x0861, 0x0861,
  0x0862, 0x0861, 0x0042, 0x0862, 0x0861, 0x0861, 0x0861, 0x0861, 0x0861, 0x0861, 0x0861, 0x0861,
  0x0841, 0x0861, 0x0861, 0x0861, 0x0861, 0x0841, 0x0861, 0x0861, 0x0861, 0x0861, 0x0861, 0x0861,
  0x0861, 0x0861, 0x0861, 0x0861, 0x0861, 0x0861, 0x0861, 0x0861, 0x0841, 0x0841, 0x0841, 0x0841,
  0x0841, 0x0841, 0x0841, 0x0841, 0x0841, 0x0841, 0x0841, 0x0841, 0x0841, 0x0041, 0x0841, 0x0841,
  0x0041, 0x0841, 0x0041, 0x0841, 0x0841, 0x0841, 0x0841, 0x0841, 0x0841, 0x0841, 0x0841, 0x0841,
  0x0841, 0x0841, 0x0841, 0x0841, 0x0841, 0x0841, 0x0841, 0x0841, 0x0841, 0x0841, 0x0841, 0x0841,
  0x0841, 0x0841, 0x0841, 0x0841, 0x0841, 0x0841, 0x0841, 0x0041, 0x0041, 0x0041, 0x0041, 0x0041,
  0x0041, 0x0041, 0x0041, 0x0041, 0x0021, 0x0041, 0x0021, 0x0041, 0x0021, 0x0021, 0x0022, 0x0022,
  0x0021, 0x0022, 0x0021, 0x0021, 0x0022, 0x0022, 0x0022, 0x0022, 0x0022, 0x0022, 0x0022, 0x0022,
  0x0022, 0x0022, 0x0022, 0x0022, 0x0022, 0x0022, 0x0022, 0x0022, 0x0022, 0x0022, 0x0022, 0x0022,
  0x0022, 0x0022, 0x0022, 0x0022, 0x0022, 0x0022, 0x0022, 0x0022, 0x0022, 0x0022, 0x0022, 0x0022,
  0x0022, 0x0022, 0x0022, 0x0042, 0x0042, 0x0042, 0x0042, 0x0042, 0x0042, 0x0042, 0x0042, 0x0042,
  0x0042, 0x0000, 0x1927, 0x75BF, 0x3B31, 0x0000, 0x0000, 0x0000, 0x0000, 0x0000, 0x0000, 0x0000,
  0x0000, 0x0000, 0x0000, 0x0000, 0x0000, 0x0000, 0x0000, 0x0000, 0x0000, 0x0000, 0x0000, 0x0000,
  0x0000, 0x0000, 0x0000, 0x0000, 0x0000, 0x0000, 0x0000, 0x0000, 0x0000, 0x0000, 0x0000, 0x0000,
  0x0000, 0x0000, 0x0000, 0x0000, 0x0000, 0x0000, 0x0000, 0x0000, 0x0000, 0x0000, 0x0000, 0x0000,
  0x0000, 0x0000, 0x0000, 0x0000, 0x0000, 0x0000, 0x0000, 0x0000, 0x0000, 0x0000, 0x0000, 0x0000,
  0x0000, 0x0000, 0x0000, 0x0000, 0x0000, 0x0000, 0x4BD5, 0x6D3D, 0x10C3, 0x0840, 0x1082, 0x0861,
  0x0861, 0x0861, 0x0861, 0x0861, 0x0861, 0x1061, 0x1061, 0x1061, 0x1061, 0x0861, 0x0861, 0x0861,
  0x0861, 0x0861, 0x0861, 0x0861, 0x0861, 0x0861, 0x0861, 0x0861, 0x0861, 0x1061, 0x0862, 0x0862,
  0x0862, 0x0862, 0x0842, 0x0862, 0x0862, 0x0861, 0x0862, 0x0862, 0x0841, 0x0861, 0x0861, 0x0861,
  0x0861, 0x0861, 0x0841, 0x0841, 0x0861, 0x0861, 0x0861, 0x0861, 0x0861, 0x0861, 0x0861, 0x0861,
  0x0861, 0x0861, 0x0861, 0x0861, 0x0861, 0x0861, 0x0861, 0x0841, 0x0841, 0x0841, 0x0841, 0x0841,
  0x0841, 0x0841, 0x0841, 0x0841, 0x0841, 0x0841, 0x0841, 0x0841, 0x0041, 0x0041, 0x0041, 0x0841,
  0x0841, 0x0841, 0x0841, 0x0841, 0x0841, 0x0841, 0x0841, 0x0841, 0x0841, 0x0841, 0x0841, 0x0841,
  0x0841, 0x0841, 0x0841, 0x0841, 0x0841, 0x0841, 0x0841, 0x0841, 0x0841, 0x0841, 0x0841, 0x0841,
  0x0841, 0x0841, 0x0841, 0x0841, 0x0841, 0x0841, 0x0841, 0x0821, 0x0841, 0x0041, 0x0041, 0x0041,
  0x0041, 0x0041, 0x0041, 0x0021, 0x0021, 0x0041, 0x0041, 0x0021, 0x0021, 0x0021, 0x0021, 0x0021,
  0x0021, 0x0021, 0x0021, 0x0021, 0x0022, 0x0022, 0x0022, 0x0021, 0x0022, 0x0022, 0x0022, 0x0022,
  0x0022, 0x0022, 0x0022, 0x0022, 0x0022, 0x0022, 0x0022, 0x0022, 0x0022, 0x0022, 0x0022, 0x0022,
  0x0022, 0x0022, 0x0022, 0x0022, 0x0022, 0x0022, 0x0022, 0x0022, 0x0022, 0x0022, 0x0022, 0x0022,
  0x0022, 0x0022, 0x0042, 0x0042, 0x0042, 0x0042, 0x0022, 0x0022, 0x0042, 0x0042, 0x0042, 0x0042,
  0x0042, 0x0042, 0x0000, 0x1989, 0x7DFF, 0x328E, 0x0000, 0x0020, 0x0000, 0x0000, 0x0000, 0x0000,
  0x0000, 0x0000, 0x0000, 0x0000, 0x0000, 0x0000, 0x0000, 0x0000, 0x0000, 0x0000, 0x0000, 0x0000,
  0x0000, 0x0000, 0x0000, 0x0000, 0x0000, 0x0000, 0x0000, 0x0000, 0x0000, 0x0000, 0x0000, 0x0000,
  0x0000, 0x0000, 0x0000, 0x0000, 0x0000, 0x0000, 0x0000, 0x0000, 0x0000, 0x0000, 0x0000, 0x0000,
  0x0000, 0x0000, 0x0000, 0x0000, 0x0000, 0x0000, 0x0000, 0x0000, 0x0000, 0x0000, 0x0000, 0x0000,
  0x0000, 0x0000, 0x0000, 0x0020, 0x0000, 0x4352, 0x6D9F, 0x1905, 0x0820, 0x1082, 0x0861, 0x0861,
  0x0861, 0x0861, 0x0861, 0x0861, 0x1061, 0x0861, 0x0861, 0x0861, 0x0861, 0x0861, 0x0861, 0x0861,
  0x1061, 0x0861, 0x0861, 0x0861, 0x0861, 0x0861, 0x0861, 0x0861, 0x0861, 0x0861, 0x0862, 0x0862,
  0x0862, 0x0862, 0x0862, 0x0862, 0x0862, 0x0861, 0x0861, 0x0861, 0x0041, 0x0841, 0x0861, 0x0841,
  0x0861, 0x0861, 0x0841, 0x0861, 0x0861, 0x0861, 0x0861, 0x0861, 0x0861, 0x0861, 0x0861, 0x0861,
  0x0861, 0x0861, 0x0861, 0x0861, 0x0861, 0x0861, 0x0861, 0x0841, 0x0841, 0x0841, 0x0841, 0x0841,
  0x0841, 0x0841, 0x0841, 0x0841, 0x0841, 0x0841, 0x0841, 0x0841, 0x0841, 0x0841, 0x0841, 0x0841,
  0x0841, 0x0841, 0x0841, 0x0841, 0x0841, 0x0841, 0x0841, 0x0841, 0x0841, 0x0841, 0x0841, 0x0841,
  0x0841, 0x0841, 0x0841, 0x0841, 0x0841, 0x0841, 0x0841, 0x0841, 0x0841, 0x0841, 0x0841, 0x0841,
  0x0841, 0x0841, 0x0841, 0x0841, 0x0841, 0x0841, 0x0841, 0x0841, 0x0841, 0x0041, 0x0841, 0x0041,
  0x0041, 0x0041, 0x0041, 0x0041, 0x0041, 0x0041, 0x0041, 0x0021, 0x0021, 0x0041, 0x0022, 0x0021,
  0x0021, 0x0021, 0x0021, 0x0021, 0x0022, 0x0022, 0x0022, 0x0022, 0x0022, 0x0022, 0x0022, 0x0022,
  0x0022, 0x0022, 0x0022, 0x0022, 0x0022, 0x0022, 0x0022, 0x0022, 0x0022, 0x0022, 0x0022, 0x0022,
  0x0022, 0x0022, 0x0042, 0x0022, 0x0022, 0x0022, 0x0022, 0x0022, 0x0022, 0x0022, 0x0022, 0x0022,
  0x0022, 0x0042, 0x0042, 0x0042, 0x0042, 0x0022, 0x0022, 0x0022, 0x0022, 0x0042, 0x0042, 0x0042,
  0x0042, 0x0042, 0x0042, 0x0000, 0x2A0B, 0x75DF, 0x21EB, 0x0000, 0x0000, 0x0000, 0x0000, 0x0000,
  0x0000, 0x0000, 0x0000, 0x0000, 0x0000, 0x0000, 0x0000, 0x0000, 0x0000, 0x0000, 0x0000, 0x0000,
  0x0000, 0x0000, 0x0000, 0x0000, 0x0000, 0x0000, 0x0000, 0x0000, 0x0000, 0x0000, 0x0000, 0x0000,
  0x0000, 0x0000, 0x0000, 0x0000, 0x0000, 0x0000, 0x0000, 0x0000, 0x0000, 0x0000, 0x0000, 0x0000,
  0x0000, 0x0000, 0x0000, 0x0000, 0x0000, 0x0000, 0x0000, 0x0000, 0x0000, 0x0000, 0x0000, 0x0000,
  0x0000, 0x0000, 0x0020, 0x0000, 0x328E, 0x75BF, 0x1968, 0x0020, 0x1082, 0x0861, 0x0861, 0x0861,
  0x0861, 0x0861, 0x0861, 0x1061, 0x0861, 0x0861, 0x0861, 0x0861, 0x1061, 0x1061, 0x1061, 0x0861,
  0x0861, 0x0861, 0x0861, 0x0861, 0x0861, 0x0861, 0x0861, 0x0861, 0x0861, 0x0861, 0x0861, 0x0862,
  0x0862, 0x0862, 0x0862, 0x0862, 0x0862, 0x0842, 0x0842, 0x0841, 0x0841, 0x0841, 0x0841, 0x0841,
  0x0861, 0x0861, 0x0841, 0x0861, 0x0861, 0x0861, 0x0861, 0x0861, 0x0861, 0x0861, 0x0861, 0x0861,
  0x0861, 0x0861, 0x0861, 0x0861, 0x0861, 0x0861, 0x0841, 0x0841, 0x0841, 0x0841, 0x0841, 0x0841,
  0x0841, 0x0841, 0x0841, 0x0841, 0x0841, 0x0841, 0x0841, 0x0841, 0x0841, 0x0841, 0x0841, 0x0841,
  0x0841, 0x0841, 0x0841, 0x0841, 0x0841, 0x0841, 0x0841, 0x0841, 0x0841, 0x0841, 0x0841, 0x0841,
  0x0841, 0x0841, 0x0841, 0x0841, 0x0841, 0x0841, 0x0841, 0x0841, 0x0841, 0x0841, 0x0841, 0x0841,
  0x0841, 0x0841, 0x0841, 0x0841, 0x0841, 0x0841, 0x0841, 0x0841, 0x0841, 0x0841, 0x0841, 0x0041,
  0x0041, 0x0041, 0x0041, 0x0041, 0x0041, 0x0041, 0x0041, 0x0021, 0x0041, 0x0041, 0x0041, 0x0042,
  0x0021, 0x0021, 0x0021, 0x0021, 0x0021, 0x0021, 0x0022, 0x0022, 0x0022, 0x0022, 0x0022, 0x0022,
  0x0022, 0x0022, 0x0022, 0x0022, 0x0022, 0x0022, 0x0022, 0x0022, 0x0022, 0x0022, 0x0022, 0x0022,
  0x0022, 0x0022, 0x0022, 0x0042, 0x0042, 0x0022, 0x0022, 0x0022, 0x0022, 0x0022, 0x0022, 0x0022,
  0x0022, 0x0042, 0x0042, 0x0042, 0x0022, 0x0022, 0x0022, 0x0022, 0x0022, 0x0042, 0x0042, 0x0042,
  0x0042, 0x0042, 0x0042, 0x0042, 0x0000, 0x326E, 0x75BF, 0x1948, 0x0000, 0x0000, 0x0000, 0x0000,
  0x0000, 0x0000, 0x0000, 0x0000, 0x0000, 0x0000, 0x0000, 0x0000, 0x0000, 0x0000, 0x0000, 0x0000,
  0x0000, 0x0000, 0x0000, 0x0000, 0x0000, 0x0000, 0x0000, 0x0000, 0x0000, 0x0000, 0x0000, 0x0000,
  0x0000, 0x0000, 0x0000, 0x0000, 0x0000, 0x0000, 0x0000, 0x0000, 0x0000, 0x0000, 0x0000, 0x0000,
  0x0000, 0x0000, 0x0000, 0x0000, 0x0000, 0x0000, 0x0000, 0x0000, 0x0000, 0x0000, 0x0000, 0x0000,
  0x0000, 0x0000, 0x0000, 0x21CA, 0x7DDF, 0x2A0C, 0x0000, 0x0063, 0x0042, 0x0861, 0x0861, 0x0861,
  0x0861, 0x0861, 0x1061, 0x0861, 0x0861, 0x0861, 0x0861, 0x1061, 0x1061, 0x0861, 0x1061, 0x0861,
  0x0861, 0x1061, 0x0861, 0x0861, 0x0861, 0x0861, 0x0861, 0x0861, 0x0861, 0x0861, 0x0861, 0x0861,
  0x0862, 0x0862, 0x0041, 0x0041, 0x0041, 0x0842, 0x0842, 0x0862, 0x0862, 0x0862, 0x0841, 0x0841,
  0x0841, 0x0861, 0x0861, 0x0861, 0x0861, 0x0861, 0x0861, 0x0861, 0x0861, 0x0861, 0x0861, 0x0861,
  0x0861, 0x0861, 0x0861, 0x0861, 0x0861, 0x0861, 0x0861, 0x0861, 0x0841, 0x0841, 0x0841, 0x0841,
  0x0841, 0x0841, 0x0841, 0x0841, 0x0841, 0x0841, 0x0841, 0x0841, 0x0841, 0x0841, 0x0841, 0x0841,
  0x0841, 0x0841, 0x0841, 0x0841, 0x0841, 0x0841, 0x0841, 0x0841, 0x0841, 0x0841, 0x0841, 0x0841,
  0x0841, 0x0841, 0x0841, 0x0841, 0x0841, 0x0841, 0x0841, 0x0841, 0x0841, 0x0841, 0x0841, 0x0841,
  0x0841, 0x0841, 0x0841, 0x0841, 0x0841, 0x0841, 0x0841, 0x0841, 0x0841, 0x0841, 0x0841, 0x0841,
  0x0841, 0x0841, 0x0041, 0x0041, 0x0041, 0x0041, 0x0041, 0x0021, 0x0021, 0x0041, 0x0041, 0x0041,
  0x0041, 0x0041, 0x0041, 0x0021, 0x0021, 0x0021, 0x0022, 0x0022, 0x0022, 0x0022, 0x0022, 0x0022,
  0x0022, 0x0022, 0x0022, 0x0022, 0x0022, 0x0022, 0x0022, 0x0022, 0x0022, 0x0022, 0x0022, 0x0022,
  0x0022, 0x0022, 0x0022, 0x0022, 0x0022, 0x0022, 0x0022, 0x0042, 0x0042, 0x0022, 0x0022, 0x0022,
  0x0022, 0x0022, 0x0022, 0x0022, 0x0022, 0x0042, 0x0042, 0x0042, 0x0042, 0x0042, 0x0042, 0x0042,
  0x0042, 0x0042, 0x0042, 0x0042, 0x0042, 0x0000, 0x3B32, 0x759F, 0x10C4, 0x0000, 0x0000, 0x0000,
  0x0000, 0x0000, 0x0000, 0x0000, 0x0000, 0x0000, 0x0000, 0x0000, 0x0000, 0x0000, 0x0000, 0x0000,
  0x0000, 0x0000, 0x0000, 0x0000, 0x0000, 0x0000, 0x0000, 0x0000, 0x0000, 0x0000, 0x0000, 0x0000,
  0x0000, 0x0000, 0x0000, 0x0000, 0x0000, 0x0000, 0x0000, 0x0000, 0x0000, 0x0000, 0x0000, 0x0000,
  0x0000, 0x0000, 0x0000, 0x0000, 0x0000, 0x0000, 0x0000, 0x0000, 0x0000, 0x0000, 0x0000, 0x0000,
  0x0000, 0x0000, 0x1106, 0x75BF, 0x3AD0, 0x0000, 0x0042, 0x0042, 0x0062, 0x0862, 0x0862, 0x0861,
  0x0861, 0x0861, 0x0861, 0x0861, 0x0861, 0x0861, 0x0861, 0x0861, 0x0861, 0x1061, 0x1061, 0x0861,
  0x0861, 0x0861, 0x0861, 0x0861, 0x0861, 0x0861, 0x0861, 0x0861, 0x0861, 0x0861, 0x0861, 0x0862,
  0x0862, 0x0862, 0x0861, 0x0041, 0x0041, 0x0041, 0x0042, 0x0842, 0x0842, 0x0862, 0x0841, 0x0841,
  0x0861, 0x0861, 0x0861, 0x0861, 0x0861, 0x0861, 0x0861, 0x0861, 0x0861, 0x0861, 0x0861, 0x0861,
  0x0861, 0x0861, 0x0861, 0x0861, 0x0861, 0x0861, 0x0861, 0x0861, 0x0841, 0x0841, 0x0861, 0x0841,
  0x0841, 0x0861, 0x0841, 0x0841, 0x0841, 0x0841, 0x0841, 0x0841, 0x0841, 0x0841, 0x0841, 0x0841,
  0x0841, 0x0841, 0x0841, 0x0841, 0x0841, 0x0841, 0x0841, 0x0841, 0x0841, 0x0841, 0x0841, 0x0841,
  0x0841, 0x0841, 0x0841, 0x0841, 0x0841, 0x0841, 0x0841, 0x0841, 0x0841, 0x0841, 0x0841, 0x0841,
  0x0841, 0x0841, 0x0841, 0x0841, 0x0841, 0x0841, 0x0841, 0x0841, 0x0841, 0x0841, 0x0841, 0x0841,
  0x0841, 0x0841, 0x0041, 0x0041, 0x0041, 0x0041, 0x0041, 0x0041, 0x0041, 0x0041, 0x0041, 0x0041,
  0x0041, 0x0021, 0x0021, 0x0021, 0x0041, 0x0021, 0x0021, 0x0021, 0x0021, 0x0021, 0x0021, 0x0021,
  0x0021, 0x0021, 0x0021, 0x0022, 0x0022, 0x0022, 0x0022, 0x0022, 0x0022, 0x0022, 0x0022, 0x0022,
  0x0022, 0x0022, 0x0022, 0x0022, 0x0022, 0x0022, 0x0022, 0x0022, 0x0042, 0x0042, 0x0022, 0x0022,
  0x0022, 0x0022, 0x0022, 0x0022, 0x0042, 0x0042, 0x0042, 0x0042, 0x0042, 0x0042, 0x0042, 0x0042,
  0x0042, 0x0042, 0x0042, 0x0042, 0x0042, 0x0042, 0x0000, 0x5417, 0x64DB, 0x0041, 0x0000, 0x0000,
  0x0000, 0x0000, 0x0000, 0x0000, 0x0000, 0x0000, 0x0000, 0x0000, 0x0000, 0x0000, 0x0000, 0x0000,
  0x0000, 0x0000, 0x0000, 0x0000, 0x0000, 0x0000, 0x0000, 0x0000, 0x0000, 0x0000, 0x0000, 0x0000,
  0x0000, 0x0000, 0x0000, 0x0000, 0x0000, 0x0000, 0x0000, 0x0000, 0x0000, 0x0000, 0x0000, 0x0000,
  0x0000, 0x0000, 0x0000, 0x0000, 0x0000, 0x0000, 0x0000, 0x0000, 0x0000, 0x0000, 0x0000, 0x0000,
  0x0000, 0x0862, 0x6D3D, 0x4BD6, 0x0000, 0x0042, 0x0042, 0x0862, 0x0862, 0x0862, 0x0862, 0x0862,
  0x0862, 0x0861, 0x0862, 0x0861, 0x0861, 0x0861, 0x0861, 0x0861, 0x0861, 0x1061, 0x1061, 0x0861,
  0x0861, 0x0861, 0x0861, 0x0861, 0x0862, 0x0862, 0x0861, 0x0861, 0x0862, 0x0862, 0x0862, 0x0861,
  0x0861, 0x0862, 0x0842, 0x0842, 0x0041, 0x0042, 0x0042, 0x0042, 0x0842, 0x0042, 0x0041, 0x0841,
  0x0841, 0x0861, 0x0861, 0x0861, 0x0861, 0x0861, 0x0861, 0x0861, 0x0861, 0x0861, 0x0861, 0x0861,
  0x0861, 0x0861, 0x0861, 0x0861, 0x0861, 0x0861, 0x0861, 0x0861, 0x0861, 0x0841, 0x0841, 0x0841,
  0x0841, 0x0861, 0x0841, 0x0841, 0x0841, 0x0841, 0x0861, 0x0841, 0x0841, 0x0841, 0x0841, 0x0841,
  0x0841, 0x0841, 0x0841, 0x0841, 0x0841, 0x0841, 0x0841, 0x0841, 0x0841, 0x0841, 0x0841, 0x0841,
  0x0841, 0x0841, 0x0841, 0x0841, 0x0841, 0x0841, 0x0841, 0x0841, 0x0841, 0x0841, 0x0841, 0x0841,
  0x0841, 0x0841, 0x0841, 0x0841, 0x0841, 0x0841, 0x0841, 0x0841, 0x0841, 0x0841, 0x0841, 0x0841,
  0x0841, 0x0841, 0x0041, 0x0041, 0x0041, 0x0041, 0x0041, 0x0041, 0x0041, 0x0041, 0x0041, 0x0041,
  0x0041, 0x0041, 0x0021, 0x0021, 0x0021, 0x0021, 0x0021, 0x0021, 0x0021, 0x0021, 0x0021, 0x0021,
  0x0021, 0x0021, 0x0021, 0x0021, 0x0021, 0x0021, 0x0022, 0x0022, 0x0022, 0x0022, 0x0022, 0x0022,
  0x0022, 0x0022, 0x0022, 0x0022, 0x0022, 0x0022, 0x0022, 0x0022, 0x0022, 0x0022, 0x0022, 0x0022,
  0x0022, 0x0022, 0x0022, 0x0042, 0x0042, 0x0042, 0x0042, 0x0042, 0x0042, 0x0042, 0x0042, 0x0042,
  0x0042, 0x0042, 0x0042, 0x0042, 0x0042, 0x0042, 0x0021, 0x0042, 0x64DB, 0x53F7, 0x0000, 0x0000,
  0x0000, 0x0000, 0x0000, 0x0000, 0x0000, 0x0000, 0x0000, 0x0000, 0x0000, 0x0000, 0x0000, 0x0000,
  0x0000, 0x0000, 0x0000, 0x0000, 0x0000, 0x0000, 0x0000, 0x0000, 0x0000, 0x0000, 0x0000, 0x0000,
  0x0000, 0x0000, 0x0000, 0x0000, 0x0000, 0x0000, 0x0000, 0x0000, 0x0000, 0x0000, 0x0000, 0x0000,
  0x0000, 0x0000, 0x0000, 0x0000, 0x0000, 0x0000, 0x0000, 0x0000, 0x0000, 0x0000, 0x0000, 0x0000,
  0x0000, 0x5438, 0x64BA, 0x0041, 0x0042, 0x0042, 0x0042, 0x0862, 0x0862, 0x0862, 0x0862, 0x0862,
  0x0862, 0x0862, 0x0882, 0x0862, 0x0862, 0x0861, 0x0861, 0x0861, 0x0861, 0x0861, 0x1061, 0x0861,
  0x0861, 0x0861, 0x0861, 0x0862, 0x0862, 0x0862, 0x0861, 0x0861, 0x0861, 0x0861, 0x0862, 0x0861,
  0x0861, 0x0862, 0x0862, 0x0842, 0x0042, 0x0042, 0x0042, 0x0042, 0x0042, 0x0042, 0x0042, 0x0042,
  0x0041, 0x0861, 0x0861, 0x0861, 0x0861, 0x0861, 0x0861, 0x0861, 0x0861, 0x0861, 0x0861, 0x0861,
  0x0861, 0x0861, 0x0861, 0x0861, 0x0861, 0x0861, 0x0861, 0x0861, 0x0861, 0x0861, 0x0841, 0x0841,
  0x0861, 0x0861, 0x0861, 0x0861, 0x0861, 0x0861, 0x0861, 0x0861, 0x0841, 0x0841, 0x0841, 0x0841,
  0x0841, 0x0841, 0x0841, 0x0841, 0x0841, 0x0841, 0x0841, 0x0841, 0x0841, 0x0841, 0x0841, 0x0841,
  0x0841, 0x0841, 0x0841, 0x0841, 0x0841, 0x0841, 0x0841, 0x0841, 0x0841, 0x0841, 0x0841, 0x0841,
  0x0841, 0x0841, 0x0841, 0x0841, 0x0841, 0x0841, 0x0841, 0x0841, 0x0841, 0x0841, 0x0841, 0x0841,
  0x0841, 0x0841, 0x0041, 0x0041, 0x0041, 0x0041, 0x0041, 0x0041, 0x0041, 0x0041, 0x0041, 0x0021,
  0x0021, 0x0041, 0x0021, 0x0021, 0x0021, 0x0041, 0x0021, 0x0021, 0x0021, 0x0021, 0x0021, 0x0021,
  0x0021, 0x0021, 0x0021, 0x0021, 0x0021, 0x0021, 0x0021, 0x0022, 0x0022, 0x0022, 0x0022, 0x0022,
  0x0022, 0x0022, 0x0022, 0x0022, 0x0042, 0x0042, 0x0042, 0x0022, 0x0022, 0x0022, 0x0022, 0x0022,
  0x0022, 0x0042, 0x0042, 0x0042, 0x0042, 0x0042, 0x0042, 0x0042, 0x0042, 0x0042, 0x0042, 0x0042,
  0x0042, 0x0042, 0x0042, 0x0042, 0x0042, 0x0042, 0x0042, 0x0020, 0x10C5, 0x757F, 0x3AF1, 0x0000,
  0x0020, 0x0000, 0x0000, 0x0000, 0x0000, 0x0000, 0x0000, 0x0000, 0x0000, 0x0000, 0x0000, 0x0000,
  0x0000, 0x0000, 0x0000, 0x0000, 0x0000, 0x0000, 0x0000, 0x0000, 0x0000, 0x0000, 0x0000, 0x0000,
  0x0000, 0x0000, 0x0000, 0x0000, 0x0000, 0x0000, 0x0000, 0x0000, 0x0000, 0x0000, 0x0000, 0x0000,
  0x0000, 0x0000, 0x0000, 0x0000, 0x0000, 0x0000, 0x0000, 0x0000, 0x0000, 0x0000, 0x0000, 0x0000,
  0x3B12, 0x6D7E, 0x10E4, 0x0841, 0x0882, 0x0862, 0x0862, 0x0862, 0x0862, 0x0862, 0x0882, 0x0882,
  0x0862, 0x0862, 0x0881, 0x0862, 0x0862, 0x0862, 0x0862, 0x0862, 0x0862, 0x0862, 0x0862, 0x0862,
  0x0862, 0x0862, 0x0862, 0x0862, 0x0861, 0x0861, 0x0861, 0x0861, 0x0861, 0x0841, 0x0861, 0x0861,
  0x0862, 0x0041, 0x0041, 0x0042, 0x0042, 0x0042, 0x0042, 0x0042, 0x0042, 0x0042, 0x0042, 0x0022,
  0x0042, 0x0841, 0x0861, 0x0861, 0x0841, 0x0861, 0x0861, 0x0861, 0x0861, 0x0861, 0x0861, 0x0861,
  0x0861, 0x0861, 0x0861, 0x0861, 0x0861, 0x0861, 0x0861, 0x0861, 0x0861, 0x0861, 0x0861, 0x0861,
  0x0861, 0x0861, 0x0861, 0x0861, 0x0861, 0x0861, 0x0861, 0x0861, 0x0841, 0x0841, 0x0841, 0x0841,
  0x0841, 0x0861, 0x0841, 0x0841, 0x0841, 0x0841, 0x0841, 0x0841, 0x0841, 0x0841, 0x0841, 0x0841,
  0x0841, 0x0841, 0x0841, 0x0841, 0x0841, 0x0841, 0x0841, 0x0841, 0x0841, 0x0841, 0x0841, 0x0841,
  0x0841, 0x0841, 0x0841, 0x0841, 0x0841, 0x0841, 0x0841, 0x0841, 0x0841, 0x0841, 0x0841, 0x0841,
  0x0841, 0x0841, 0x0841, 0x0841, 0x0041, 0x0041, 0x0041, 0x0041, 0x0041, 0x0041, 0x0041, 0x0041,
  0x0021, 0x0041, 0x0021, 0x0021, 0x0021, 0x0041, 0x0021, 0x0021, 0x0021, 0x0021, 0x0021, 0x0021,
  0x0021, 0x0021, 0x0021, 0x0021, 0x0021, 0x0021, 0x0021, 0x0022, 0x0021, 0x0042, 0x0022, 0x0022,
  0x0022, 0x0022, 0x0022, 0x0042, 0x0042, 0x0042, 0x0042, 0x0042, 0x0022, 0x0022, 0x0022, 0x0042,
  0x0042, 0x0042, 0x0042, 0x0042, 0x0042, 0x0042, 0x0042, 0x0042, 0x0042, 0x0042, 0x0042, 0x0042,
  0x0042, 0x0042, 0x0042, 0x0042, 0x0042, 0x0042, 0x0041, 0x0862, 0x0000, 0x21A9, 0x75DF, 0x21CA,
  0x0000, 0x0000, 0x0000, 0x0000, 0x0000, 0x0000, 0x0000, 0x0000, 0x0000, 0x0000, 0x0000, 0x0000,
  0x0000, 0x0000, 0x0000, 0x0000, 0x0000, 0x0000, 0x0000, 0x0000, 0x0000, 0x0000, 0x0000, 0x0000,
  0x0000, 0x0000, 0x0000, 0x0000, 0x0000, 0x0000, 0x0000, 0x0000, 0x0000, 0x0000, 0x0000, 0x0000,
  0x0000, 0x0000, 0x0000, 0x0000, 0x0000, 0x0000, 0x0000, 0x0000, 0x0000, 0x0000, 0x0000, 0x21EA,
  0x7DFF, 0x29CA, 0x0820, 0x0882, 0x0882, 0x0882, 0x0862, 0x0862, 0x0862, 0x0862, 0x0862, 0x0862,
  0x0862, 0x0862, 0x0862, 0x0862, 0x0862, 0x0862, 0x0862, 0x0862, 0x0862, 0x0862, 0x0862, 0x0862,
  0x0862, 0x0862, 0x0862, 0x0862, 0x0862, 0x0861, 0x0861, 0x0862, 0x0862, 0x0861, 0x0861, 0x0861,
  0x0042, 0x0041, 0x0041, 0x0042, 0x0041, 0x0042, 0x0042, 0x0042, 0x0042, 0x0042, 0x0042, 0x0042,
  0x0041, 0x0041, 0x0041, 0x0841, 0x0861, 0x0841, 0x0861, 0x0861, 0x0861, 0x0861, 0x0861, 0x0861,
  0x0861, 0x0861, 0x0861, 0x0861, 0x0861, 0x0861, 0x0861, 0x0861, 0x0861, 0x0841, 0x0861, 0x0861,
  0x0861, 0x0861, 0x0861, 0x0861, 0x0861, 0x0861, 0x0861, 0x0861, 0x0861, 0x0861, 0x0861, 0x0861,
  0x0861, 0x0861, 0x0861, 0x0861, 0x0841, 0x0841, 0x0841, 0x0841, 0x0841, 0x0841, 0x0841, 0x0841,
  0x0841, 0x0841, 0x0841, 0x0841, 0x0841, 0x0841, 0x0841, 0x0841, 0x0841, 0x0841, 0x0841, 0x0841,
  0x0841, 0x0841, 0x0841, 0x0841, 0x0841, 0x0841, 0x0841, 0x0841, 0x0841, 0x0841, 0x0841, 0x0841,
  0x0841, 0x0841, 0x0041, 0x0041, 0x0041, 0x0041, 0x0041, 0x0041, 0x0041, 0x0041, 0x0041, 0x0041,
  0x0041, 0x0041, 0x0041, 0x0021, 0x0021, 0x0041, 0x0021, 0x0021, 0x0021, 0x0021, 0x0021, 0x0021,
  0x0021, 0x0021, 0x0021, 0x0021, 0x0021, 0x0021, 0x0022, 0x0022, 0x0022, 0x0022, 0x0022, 0x0042,
  0x0022, 0x0022, 0x0022, 0x0042, 0x0042, 0x0042, 0x0042, 0x0042, 0x0042, 0x0022, 0x0022, 0x0042,
  0x0042, 0x0042, 0x0042, 0x0042, 0x0042, 0x0042, 0x0042, 0x0042, 0x0042, 0x0042, 0x0042, 0x0042,
  0x0042, 0x0042, 0x0042, 0x0042, 0x0042, 0x0042, 0x0041, 0x0042, 0x0862, 0x0000, 0x3AD0, 0x6D7F,
  0x08C4, 0x0000, 0x0000, 0x0000, 0x0000, 0x0000, 0x0000, 0x0000, 0x0000, 0x0000, 0x0000, 0x0000,
  0x0000, 0x0000, 0x0000, 0x0000, 0x0000, 0x0000, 0x0000, 0x0000, 0x0000, 0x0000, 0x0000, 0x0000,
  0x0000, 0x0000, 0x0000, 0x0000, 0x0000, 0x0000, 0x0000, 0x0000, 0x0000, 0x0000, 0x0000, 0x0000,
  0x0000, 0x0000, 0x0000, 0x0000, 0x0000, 0x0000, 0x0000, 0x0000, 0x0000, 0x0000, 0x08A4, 0x7DBF,
  0x4331, 0x0000, 0x08A3, 0x0882, 0x0882, 0x0882, 0x0882, 0x0862, 0x0882, 0x0862, 0x0062, 0x0862,
  0x0862, 0x0862, 0x0862, 0x0862, 0x0862, 0x0862, 0x0862, 0x0862, 0x0862, 0x0862, 0x0862, 0x0862,
  0x0862, 0x0862, 0x0862, 0x0862, 0x0861, 0x0862, 0x0862, 0x0862, 0x0862, 0x0861, 0x0862, 0x0842,
  0x0041, 0x0041, 0x0042, 0x0041, 0x0041, 0x0042, 0x0042, 0x0022, 0x0022, 0x0022, 0x0022, 0x0022,
  0x0041, 0x0041, 0x0021, 0x0041, 0x0841, 0x0861, 0x0861, 0x0861, 0x0861, 0x0861, 0x0861, 0x0861,
  0x0861, 0x0861, 0x0861, 0x0861, 0x0861, 0x0861, 0x0861, 0x0861, 0x0861, 0x0861, 0x0861, 0x0861,
  0x0861, 0x0861, 0x0861, 0x0861, 0x0861, 0x0861, 0x0861, 0x0861, 0x0861, 0x0861, 0x0861, 0x0861,
  0x0861, 0x0861, 0x0861, 0x0861, 0x0841, 0x0841, 0x0841, 0x0841, 0x0841, 0x0841, 0x0841, 0x0841,
  0x0841, 0x0841, 0x0841, 0x0841, 0x0841, 0x0841, 0x0841, 0x0841, 0x0841, 0x0841, 0x0841, 0x0841,
  0x0841, 0x0841, 0x0841, 0x0841, 0x0841, 0x0841, 0x0841, 0x0841, 0x0841, 0x0841, 0x0841, 0x0841,
  0x0841, 0x0841, 0x0041, 0x0041, 0x0041, 0x0041, 0x0041, 0x0041, 0x0041, 0x0041, 0x0041, 0x0041,
  0x0041, 0x0041, 0x0041, 0x0021, 0x0041, 0x0041, 0x0041, 0x0021, 0x0021, 0x0021, 0x0021, 0x0021,
  0x0021, 0x0021, 0x0021, 0x0021, 0x0021, 0x0021, 0x0041, 0x0021, 0x0042, 0x0042, 0x0042, 0x0022,
  0x0022, 0x0022, 0x0022, 0x0022, 0x0042, 0x0042, 0x0042, 0x0042, 0x0042, 0x0022, 0x0022, 0x0042,
  0x0042, 0x0042, 0x0042, 0x0042, 0x0042, 0x0042, 0x0042, 0x0042, 0x0042, 0x0042, 0x0041, 0x0041,
  0x0042, 0x0041, 0x0042, 0x0062, 0x0042, 0x0042, 0x0042, 0x0062, 0x0862, 0x0862, 0x0000, 0x5417,
  0x5CBA, 0x0000, 0x0000, 0x0000, 0x0000, 0x0000, 0x0000, 0x0000, 0x0000, 0x0000, 0x0000, 0x0000,
  0x0000, 0x0000, 0x0000, 0x0000, 0x0000, 0x0000, 0x0000, 0x0000, 0x0000, 0x0000, 0x0000, 0x0000,
  0x0000, 0x0000, 0x0000, 0x0000, 0x0000, 0x0000, 0x0000, 0x0000, 0x0000, 0x0000, 0x0000, 0x0000,
  0x0000, 0x0000, 0x0000, 0x0000, 0x0000, 0x0000, 0x0000, 0x0000, 0x0000, 0x0000, 0x5C99, 0x5C98,
  0x0841, 0x0882, 0x0882, 0x0882, 0x0882, 0x0882, 0x0882, 0x0882, 0x0862, 0x0862, 0x0062, 0x0042,
  0x0062, 0x0862, 0x0062, 0x0042, 0x0042, 0x0042, 0x0062, 0x0862, 0x0862, 0x0862, 0x0862, 0x0862,
  0x0862, 0x0862, 0x0862, 0x0862, 0x0862, 0x0861, 0x0861, 0x0862, 0x0862, 0x0861, 0x0842, 0x0041,
  0x0041, 0x0042, 0x0042, 0x0041, 0x0041, 0x0842, 0x0042, 0x0022, 0x0022, 0x0022, 0x0022, 0x0022,
  0x0021, 0x0041, 0x0022, 0x0022, 0x0041, 0x0041, 0x0841, 0x0861, 0x0861, 0x0861, 0x0861, 0x0861,
  0x0861, 0x0861, 0x0861, 0x0861, 0x0861, 0x0861, 0x0861, 0x0861, 0x0861, 0x0861, 0x0861, 0x0861,
  0x0861, 0x0861, 0x0861, 0x0861, 0x0861, 0x0861, 0x0861, 0x0861, 0x0861, 0x0861, 0x0861, 0x0861,
  0x0861, 0x0861, 0x0861, 0x0841, 0x0841, 0x0841, 0x0841, 0x0841, 0x0841, 0x0841, 0x0841, 0x0841,
  0x0841, 0x0841, 0x0841, 0x0841, 0x0841, 0x0841, 0x0841, 0x0841, 0x0841, 0x0841, 0x0841, 0x0841,
  0x0841, 0x0841, 0x0841, 0x0841, 0x0841, 0x0841, 0x0841, 0x0841, 0x0841, 0x0841, 0x0841, 0x0841,
  0x0041, 0x0041, 0x0041, 0x0041, 0x0041, 0x0041, 0x0041, 0x0041, 0x0041, 0x0041, 0x0041, 0x0041,
  0x0041, 0x0041, 0x0021, 0x0041, 0x0041, 0x0041, 0x0041, 0x0021, 0x0041, 0x0041, 0x0021, 0x0021,
  0x0021, 0x0021, 0x0021, 0x0021, 0x0021, 0x0021, 0x0041, 0x0041, 0x0041, 0x0042, 0x0042, 0x0042,
  0x0022, 0x0022, 0x0022, 0x0042, 0x0022, 0x0042, 0x0042, 0x0042, 0x0042, 0x0042, 0x0042, 0x0042,
  0x0042, 0x0042, 0x0042, 0x0042, 0x0042, 0x0042, 0x0042, 0x0042, 0x0042, 0x0041, 0x0041, 0x0041,
  0x0042, 0x0042, 0x0042, 0x0042, 0x0042, 0x0042, 0x0042, 0x0842, 0x0842, 0x0862, 0x0041, 0x0883,
  0x6D5E, 0x4352, 0x0000, 0x0000, 0x0000, 0x0000, 0x0000, 0x0000, 0x0000, 0x0000, 0x0000, 0x0000,
  0x0000, 0x0000, 0x0000, 0x0000, 0x0000, 0x0000, 0x0000, 0x0000, 0x0000, 0x0000, 0x0000, 0x0000,
  0x0000, 0x0000, 0x0000, 0x0000, 0x0000, 0x0000, 0x0000, 0x0000, 0x0000, 0x0000, 0x0000, 0x0000,
  0x0000, 0x0000, 0x0000, 0x0000, 0x0000, 0x0000, 0x0000, 0x0000, 0x0000, 0x3B11, 0x759E, 0x10C4,
  0x0861, 0x0882, 0x0882, 0x0882, 0x0882, 0x0882, 0x0882, 0x0862, 0x0062, 0x0862, 0x0862, 0x0062,
  0x0042, 0x0042, 0x0042, 0x0022, 0x0022, 0x0042, 0x0042, 0x0042, 0x0042, 0x0862, 0x0862, 0x0862,
  0x0862, 0x0862, 0x0862, 0x0862, 0x0862, 0x0862, 0x0861, 0x0862, 0x0862, 0x0841, 0x0041, 0x0042,
  0x0042, 0x0042, 0x0042, 0x0841, 0x0862, 0x0862, 0x0862, 0x0042, 0x0042, 0x0022, 0x0022, 0x0021,
  0x0022, 0x0042, 0x0022, 0x0022, 0x0041, 0x0041, 0x0841, 0x0861, 0x0841, 0x0861, 0x0861, 0x0861,
  0x0861, 0x0861, 0x0861, 0x0861, 0x0861, 0x0861, 0x0861, 0x0861, 0x0861, 0x0861, 0x0861, 0x0861,
  0x0861, 0x0861, 0x0861, 0x0841, 0x0861, 0x0861, 0x0861, 0x0861, 0x0861, 0x0861, 0x0861, 0x0861,
  0x0861, 0x0861, 0x0861, 0x0841, 0x0841, 0x0841, 0x0841, 0x0841, 0x0861, 0x0841, 0x0841, 0x0841,
  0x0841, 0x0841, 0x0841, 0x0841, 0x0841, 0x0841, 0x0841, 0x0841, 0x0841, 0x0841, 0x0841, 0x0841,
  0x0841, 0x0841, 0x0841, 0x0841, 0x0841, 0x0841, 0x0841, 0x0041, 0x0041, 0x0841, 0x0041, 0x0041,
  0x0041, 0x0041, 0x0041, 0x0041, 0x0041, 0x0041, 0x0041, 0x0041, 0x0041, 0x0041, 0x0041, 0x0041,
  0x0041, 0x0041, 0x0041, 0x0041, 0x0041, 0x0041, 0x0041, 0x0041, 0x0041, 0x0041, 0x0041, 0x0041,
  0x0041, 0x0021, 0x0041, 0x0041, 0x0041, 0x0041, 0x0041, 0x0041, 0x0042, 0x0041, 0x0042, 0x0041,
  0x0042, 0x0042, 0x0022, 0x0042, 0x0022, 0x0042, 0x0042, 0x0042, 0x0042, 0x0042, 0x0042, 0x0042,
  0x0042, 0x0042, 0x0042, 0x0042, 0x0042, 0x0042, 0x0042, 0x0042, 0x0042, 0x0042, 0x0041, 0x0042,
  0x0042, 0x0042, 0x0862, 0x0042, 0x0042, 0x0062, 0x0862, 0x0862, 0x0862, 0x0841, 0x0862, 0x0000,
  0x2189, 0x75DF, 0x21CA, 0x0000, 0x0000, 0x0000, 0x0000, 0x0000, 0x0000, 0x0000, 0x0000, 0x0000,
  0x0000, 0x0000, 0x0000, 0x0000, 0x0000, 0x0000, 0x0000, 0x0000, 0x0000, 0x0000, 0x0000, 0x0000,
  0x0000, 0x0000, 0x0000, 0x0000, 0x0000, 0x0000, 0x0000, 0x0000, 0x0000, 0x0000, 0x0000, 0x0000,
  0x0000, 0x0000, 0x0000, 0x0000, 0x0000, 0x0000, 0x0000, 0x0000, 0x1968, 0x75DF, 0x29EB, 0x0020,
  0x0883, 0x0882, 0x0882, 0x0882, 0x0882, 0x0882, 0x0862, 0x0862, 0x0062, 0x0042, 0x0062, 0x0062,
  0x0062, 0x0042, 0x0042, 0x0022, 0x0022, 0x0022, 0x0042, 0x0042, 0x0042, 0x0062, 0x0062, 0x0862,
  0x0862, 0x0862, 0x0862, 0x0862, 0x0862, 0x0862, 0x0862, 0x0862, 0x0862, 0x0842, 0x0042, 0x0042,
  0x0042, 0x0042, 0x0042, 0x0862, 0x0862, 0x0862, 0x0041, 0x0041, 0x0042, 0x0022, 0x0022, 0x0021,
  0x0022, 0x0022, 0x0022, 0x0042, 0x0041, 0x0841, 0x0841, 0x0861, 0x0861, 0x0861, 0x0841, 0x0861,
  0x0861, 0x0861, 0x0861, 0x0861, 0x0861, 0x0861, 0x0861, 0x0861, 0x0861, 0x0841, 0x0861, 0x0861,
  0x0861, 0x0861, 0x0861, 0x0841, 0x0861, 0x0861, 0x0861, 0x0861, 0x0861, 0x0861, 0x0861, 0x0861,
  0x0861, 0x0861, 0x0861, 0x0861, 0x0861, 0x0861, 0x0841, 0x0861, 0x0861, 0x0861, 0x0841, 0x0861,
  0x0841, 0x0841, 0x0841, 0x0841, 0x0841, 0x0841, 0x0841, 0x0841, 0x0841, 0x0841, 0x0841, 0x0841,
  0x0841, 0x0841, 0x0041, 0x0841, 0x0841, 0x0841, 0x0841, 0x0841, 0x0841, 0x0041, 0x0041, 0x0041,
  0x0041, 0x0021, 0x0041, 0x0041, 0x0041, 0x0021, 0x0041, 0x0021, 0x0041, 0x0041, 0x0041, 0x0041,
  0x0041, 0x0041, 0x0041, 0x0041, 0x0041, 0x0041, 0x0041, 0x0041, 0x0041, 0x0041, 0x0041, 0x0041,
  0x0041, 0x0041, 0x0041, 0x0041, 0x0041, 0x0041, 0x0041, 0x0041, 0x0041, 0x0042, 0x0041, 0x0042,
  0x0042, 0x0042, 0x0022, 0x0042, 0x0022, 0x0042, 0x0042, 0x0042, 0x0042, 0x0042, 0x0042, 0x0042,
  0x0042, 0x0042, 0x0042, 0x0042, 0x0042, 0x0042, 0x0042, 0x0042, 0x0042, 0x0042, 0x0042, 0x0042,
  0x0042, 0x0041, 0x0842, 0x0842, 0x0842, 0x0042, 0x0042, 0x0842, 0x0862, 0x0862, 0x0842, 0x0862,
  0x0000, 0x3B11, 0x6D5E, 0x0883, 0x0000, 0x0000, 0x0000, 0x0000, 0x0000, 0x0000, 0x0000, 0x0000,
  0x0000, 0x0000, 0x0000, 0x0000, 0x0000, 0x0000, 0x0000, 0x0000, 0x0000, 0x0000, 0x0000, 0x0000,
  0x0000, 0x0000, 0x0000, 0x0000, 0x0000, 0x0000, 0x0000, 0x0000, 0x0000, 0x0000, 0x0000, 0x0000,
  0x0000, 0x0000, 0x0000, 0x0000, 0x0000, 0x0000, 0x0000, 0x0041, 0x6D3D, 0x4394, 0x0000, 0x0883,
  0x0862, 0x0882, 0x0862, 0x0862, 0x0882, 0x0882, 0x0862, 0x0862, 0x0862, 0x0062, 0x0062, 0x0062,
  0x0862, 0x0062, 0x0062, 0x0062, 0x0042, 0x0022, 0x0022, 0x0022, 0x0042, 0x0042, 0x0062, 0x0062,
  0x0862, 0x0862, 0x0862, 0x0862, 0x0862, 0x0862, 0x0862, 0x0862, 0x0862, 0x0862, 0x0042, 0x0042,
  0x0042, 0x0042, 0x0842, 0x0862, 0x0862, 0x0862, 0x0041, 0x0041, 0x0042, 0x0042, 0x0042, 0x0022,
  0x0022, 0x0022, 0x0022, 0x0022, 0x0042, 0x0042, 0x0041, 0x0841, 0x0861, 0x0861, 0x0861, 0x0861,
  0x0861, 0x0861, 0x0861, 0x0861, 0x0861, 0x0861, 0x0861, 0x0861, 0x0861, 0x0841, 0x0861, 0x0861,
  0x0861, 0x0861, 0x0861, 0x0861, 0x0861, 0x0861, 0x0861, 0x0861, 0x0861, 0x0861, 0x0861, 0x0841,
  0x0861, 0x0861, 0x0861, 0x0861, 0x0861, 0x0861, 0x0861, 0x0861, 0x0861, 0x0861, 0x0861, 0x0841,
  0x0841, 0x0861, 0x0841, 0x0841, 0x0841, 0x0841, 0x0841, 0x0841, 0x0841, 0x0841, 0x0841, 0x0841,
  0x0841, 0x0841, 0x0841, 0x0841, 0x0841, 0x0841, 0x0041, 0x0041, 0x0041, 0x0041, 0x0041, 0x0041,
  0x0041, 0x0021, 0x0041, 0x0021, 0x0041, 0x0021, 0x0041, 0x0041, 0x0041, 0x0041, 0x0021, 0x0021,
  0x0021, 0x0041, 0x0041, 0x0041, 0x0041, 0x0041, 0x0041, 0x0041, 0x0041, 0x0041, 0x0041, 0x0041,
  0x0041, 0x0041, 0x0041, 0x0041, 0x0041, 0x0041, 0x0041, 0x0042, 0x0042, 0x0042, 0x0042, 0x0042,
  0x0042, 0x0042, 0x0042, 0x0042, 0x0042, 0x0022, 0x0042, 0x0042, 0x0042, 0x0042, 0x0042, 0x0042,
  0x0042, 0x0042, 0x0042, 0x0042, 0x0042, 0x0042, 0x0042, 0x0042, 0x0042, 0x0042, 0x0042, 0x0042,
  0x0042, 0x0042, 0x0042, 0x0042, 0x0042, 0x0042, 0x0042, 0x0862, 0x0862, 0x0842, 0x0862, 0x0862,
  0x0862, 0x0021, 0x5C9A, 0x4BF6, 0x0000, 0x0000, 0x0000, 0x0000, 0x0000, 0x0000, 0x0000, 0x0000,
  0x0000, 0x0000, 0x0000, 0x0000, 0x0000, 0x0000, 0x0000, 0x0000, 0x0000, 0x0000, 0x0000, 0x0000,
  0x0000, 0x0000, 0x0000, 0x0000, 0x0000, 0x0000, 0x0000, 0x0000, 0x0000, 0x0000, 0x0000, 0x0000,
  0x0000, 0x0000, 0x0000, 0x0000, 0x0000, 0x0000, 0x0000, 0x4394, 0x6D3C, 0x0062, 0x0042, 0x0063,
  0x0063, 0x0062, 0x0062, 0x0062, 0x0862, 0x0882, 0x0882, 0x0882, 0x0862, 0x0862, 0x0862, 0x0062,
  0x0862, 0x0862, 0x0862, 0x0862, 0x0062, 0x0062, 0x0042, 0x0022, 0x0022, 0x0022, 0x0022, 0x0042,
  0x0062, 0x0062, 0x0062, 0x0862, 0x0862, 0x0862, 0x0862, 0x0862, 0x0862, 0x0862, 0x0062, 0x0062,
  0x0042, 0x0042, 0x0042, 0x0862, 0x0862, 0x0041, 0x0041, 0x0041, 0x0842, 0x0042, 0x0042, 0x0042,
  0x0042, 0x0022, 0x0022, 0x0022, 0x0022, 0x0022, 0x0022, 0x0041, 0x0861, 0x0841, 0x0841, 0x0841,
  0x0861, 0x0861, 0x0861, 0x0861, 0x0841, 0x0841, 0x0841, 0x0861, 0x0861, 0x0861, 0x0861, 0x0861,
  0x0861, 0x0861, 0x0861, 0x0861, 0x0861, 0x0861, 0x0861, 0x0861, 0x0861, 0x0861, 0x0861, 0x0861,
  0x0861, 0x0861, 0x0861, 0x0861, 0x0861, 0x0861, 0x0861, 0x0861, 0x0861, 0x0861, 0x0861, 0x0861,
  0x0841, 0x0861, 0x0861, 0x0841, 0x0841, 0x0841, 0x0841, 0x0841, 0x0841, 0x0841, 0x0841, 0x0841,
  0x0841, 0x0841, 0x0841, 0x0841, 0x0841, 0x0841, 0x0041, 0x0041, 0x0041, 0x0041, 0x0041, 0x0021,
  0x0041, 0x0041, 0x0041, 0x0021, 0x0041, 0x0041, 0x0041, 0x0041, 0x0041, 0x0041, 0x0041, 0x0041,
  0x0041, 0x0041, 0x0041, 0x0041, 0x0041, 0x0041, 0x0041, 0x0041, 0x0041, 0x0041, 0x0041, 0x0041,
  0x0041, 0x0041, 0x0041, 0x0041, 0x0041, 0x0041, 0x0041, 0x0042, 0x0042, 0x0042, 0x0041, 0x0041,
  0x0041, 0x0042, 0x0042, 0x0042, 0x0042, 0x0042, 0x0042, 0x0042, 0x0042, 0x0042, 0x0042, 0x0042,
  0x0042, 0x0042, 0x0042, 0x0042, 0x0042, 0x0042, 0x0042, 0x0042, 0x0042, 0x0042, 0x0042, 0x0042,
  0x0042, 0x0062, 0x0062, 0x0062, 0x0062, 0x0042, 0x0042, 0x0062, 0x0862, 0x0862, 0x0862, 0x0041,
  0x0862, 0x0020, 0x1106, 0x6D9F, 0x2A0C, 0x0000, 0x0000, 0x0000, 0x0000, 0x0000, 0x0000, 0x0000,
  0x0000, 0x0000, 0x0000, 0x0000, 0x0000, 0x0000, 0x0000, 0x0000, 0x0000, 0x0000, 0x0000, 0x0000,
  0x0000, 0x0000, 0x0000, 0x0000, 0x0000, 0x0000, 0x0000, 0x0000, 0x0000, 0x0000, 0x0000, 0x0000,
  0x0000, 0x0000, 0x0000, 0x0000, 0x0000, 0x0000, 0x1988, 0x75DF, 0x198A, 0x0001, 0x0063, 0x0042,
  0x0043, 0x0043, 0x0063, 0x0062, 0x0882, 0x0882, 0x0882, 0x0882, 0x0882, 0x0882, 0x0882, 0x0862,
  0x0862, 0x0862, 0x0862, 0x0862, 0x0862, 0x0862, 0x0062, 0x0042, 0x0022, 0x0022, 0x0022, 0x0042,
  0x0042, 0x0062, 0x0062, 0x0062, 0x0062, 0x0862, 0x0062, 0x0862, 0x0062, 0x0062, 0x0062, 0x0062,
  0x0042, 0x0042, 0x0042, 0x0042, 0x0042, 0x0022, 0x0042, 0x0042, 0x0041, 0x0041, 0x0041, 0x0042,
  0x0042, 0x0042, 0x0021, 0x0022, 0x0022, 0x0022, 0x0022, 0x0042, 0x0041, 0x0841, 0x0841, 0x0841,
  0x0861, 0x0861, 0x0841, 0x0841, 0x0861, 0x0861, 0x0861, 0x0861, 0x0861, 0x0861, 0x0861, 0x0861,
  0x0861, 0x0861, 0x0861, 0x0861, 0x0861, 0x0861, 0x0861, 0x0861, 0x0861, 0x0861, 0x0861, 0x0861,
  0x0861, 0x0861, 0x0861, 0x0861, 0x0861, 0x0861, 0x0861, 0x0861, 0x0861, 0x0861, 0x0861, 0x0861,
  0x0861, 0x0861, 0x0841, 0x0841, 0x0841, 0x0841, 0x0841, 0x0841, 0x0841, 0x0841, 0x0841, 0x0841,
  0x0841, 0x0841, 0x0841, 0x0841, 0x0841, 0x0041, 0x0041, 0x0041, 0x0041, 0x0041, 0x0041, 0x0021,
  0x0021, 0x0021, 0x0021, 0x0041, 0x0041, 0x0041, 0x0041, 0x0041, 0x0041, 0x0041, 0x0041, 0x0041,
  0x0041, 0x0041, 0x0041, 0x0041, 0x0041, 0x0041, 0x0041, 0x0041, 0x0041, 0x0041, 0x0041, 0x0041,
  0x0041, 0x0041, 0x0041, 0x0041, 0x0041, 0x0041, 0x0041, 0x0041, 0x0041, 0x0041, 0x0041, 0x0041,
  0x0041, 0x0042, 0x0042, 0x0042, 0x0042, 0x0042, 0x0042, 0x0042, 0x0042, 0x0042, 0x0042, 0x0042,
  0x0042, 0x0042, 0x0042, 0x0042, 0x0042, 0x0042, 0x0042, 0x0042, 0x0042, 0x0042, 0x0042, 0x0042,
  0x0042, 0x0042, 0x0042, 0x0062, 0x0062, 0x0042, 0x0042, 0x0042, 0x0862, 0x0062, 0x0042, 0x0042,
  0x0042, 0x0862, 0x0000, 0x32B0, 0x6D7F, 0x0883, 0x0000, 0x0000, 0x0000, 0x0000, 0x0000, 0x0000,
  0x0000, 0x0000, 0x0000, 0x0000, 0x0000, 0x0000, 0x0000, 0x0000, 0x0000, 0x0000, 0x0000, 0x0000,
  0x0000, 0x0000, 0x0000, 0x0000, 0x0000, 0x0000, 0x0000, 0x0000, 0x0000, 0x0000, 0x0000, 0x0000,
  0x0000, 0x0000, 0x0000, 0x0000, 0x0000, 0x0041, 0x64FC, 0x4374, 0x0000, 0x0043, 0x0022, 0x0022,
  0x0022, 0x0022, 0x0023, 0x0043, 0x0063, 0x0882, 0x0882, 0x0882, 0x0882, 0x0882, 0x0882, 0x0882,
  0x0882, 0x0862, 0x0062, 0x0062, 0x0062, 0x0062, 0x0062, 0x0042, 0x0042, 0x0042, 0x0022, 0x0042,
  0x0042, 0x0042, 0x0043, 0x0063, 0x0062, 0x0062, 0x0063, 0x0062, 0x0062, 0x0062, 0x0062, 0x0042,
  0x0042, 0x0042, 0x0042, 0x0042, 0x0042, 0x0022, 0x0022, 0x0042, 0x0042, 0x0022, 0x0042, 0x0042,
  0x0042, 0x0022, 0x0022, 0x0022, 0x0022, 0x0022, 0x0022, 0x0042, 0x0041, 0x0041, 0x0861, 0x0861,
  0x0861, 0x0861, 0x0861, 0x0861, 0x0861, 0x0861, 0x0861, 0x0861, 0x0861, 0x0861, 0x0861, 0x0861,
  0x0861, 0x0861, 0x0861, 0x0861, 0x0861, 0x0861, 0x0861, 0x0861, 0x0861, 0x0861, 0x0861, 0x1061,
  0x0861, 0x0861, 0x0861, 0x0861, 0x0861, 0x0861, 0x0861, 0x0861, 0x0861, 0x0861, 0x0861, 0x0861,
  0x0861, 0x0841, 0x0841, 0x0841, 0x0841, 0x0841, 0x0841, 0x0841, 0x0841, 0x0841, 0x0841, 0x0841,
  0x0841, 0x0841, 0x0841, 0x0841, 0x0841, 0x0041, 0x0041, 0x0041, 0x0041, 0x0041, 0x0021, 0x0021,
  0x0021, 0x0021, 0x0021, 0x0021, 0x0021, 0x0021, 0x0041, 0x0041, 0x0041, 0x0041, 0x0041, 0x0041,
  0x0041, 0x0041, 0x0041, 0x0041, 0x0041, 0x0041, 0x0041, 0x0041, 0x0041, 0x0041, 0x0041, 0x0041,
  0x0041, 0x0041, 0x0041, 0x0041, 0x0041, 0x0041, 0x0041, 0x0041, 0x0041, 0x0041, 0x0041, 0x0041,
  0x0041, 0x0041, 0x0041, 0x0042, 0x0042, 0x0042, 0x0042, 0x0042, 0x0042, 0x0042, 0x0042, 0x0042,
  0x0042, 0x0042, 0x0042, 0x0042, 0x0042, 0x0042, 0x0042, 0x0042, 0x0042, 0x0042, 0x0042, 0x0042,
  0x0042, 0x0042, 0x0042, 0x0042, 0x0042, 0x0042, 0x0042, 0x0042, 0x0042, 0x0042, 0x0042, 0x0042,
  0x0042, 0x0042, 0x0042, 0x0020, 0x5C9A, 0x4BD6, 0x0000, 0x0000, 0x0000, 0x0000, 0x0000, 0x0000,
  0x0000, 0x0000, 0x0000, 0x0000, 0x0000, 0x0000, 0x0000, 0x0000, 0x0000, 0x0000, 0x0000, 0x0000,
  0x0000, 0x0000, 0x0000, 0x0000, 0x0000, 0x0000, 0x0000, 0x0000, 0x0000, 0x0000, 0x0000, 0x0000,
  0x0000, 0x0000, 0x0000, 0x0000, 0x0000, 0x3B11, 0x653D, 0x0062, 0x0022, 0x0022, 0x0022, 0x0022,
  0x0022, 0x0022, 0x0022, 0x0042, 0x0043, 0x0063, 0x0883, 0x0882, 0x0883, 0x0883, 0x0883, 0x0883,
  0x0882, 0x0882, 0x0062, 0x0062, 0x0042, 0x0042, 0x0062, 0x0042, 0x0042, 0x0042, 0x0022, 0x0022,
  0x0022, 0x0022, 0x0023, 0x0043, 0x0043, 0x0043, 0x0043, 0x0043, 0x0063, 0x0062, 0x0042, 0x0042,
  0x0042, 0x0042, 0x0042, 0x0042, 0x0042, 0x0042, 0x0042, 0x0042, 0x0042, 0x0042, 0x0042, 0x0042,
  0x0042, 0x0042, 0x0042, 0x0042, 0x0022, 0x0022, 0x0042, 0x0841, 0x0841, 0x0841, 0x0861, 0x0861,
  0x0861, 0x0861, 0x0861, 0x0861, 0x0861, 0x0861, 0x0861, 0x0861, 0x0861, 0x0861, 0x0861, 0x0861,
  0x0861, 0x0861, 0x0861, 0x0861, 0x0861, 0x0861, 0x0861, 0x1061, 0x0861, 0x1061, 0x0861, 0x0861,
  0x0861, 0x0861, 0x0861, 0x1061, 0x0861, 0x0861, 0x0861, 0x0861, 0x0861, 0x0861, 0x0861, 0x0861,
  0x0861, 0x0861, 0x0861, 0x0841, 0x0841, 0x0841, 0x0841, 0x0841, 0x0841, 0x0841, 0x0841, 0x0841,
  0x0041, 0x0841, 0x0841, 0x0041, 0x0041, 0x0041, 0x0041, 0x0041, 0x0041, 0x0041, 0x0041, 0x0041,
  0x0041, 0x0021, 0x0041, 0x0021, 0x0021, 0x0041, 0x0041, 0x0041, 0x0041, 0x0041, 0x0041, 0x0041,
  0x0041, 0x0041, 0x0041, 0x0041, 0x0041, 0x0041, 0x0041, 0x0041, 0x0041, 0x0041, 0x0041, 0x0041,
  0x0041, 0x0041, 0x0041, 0x0041, 0x0041, 0x0041, 0x0041, 0x0041, 0x0041, 0x0041, 0x0041, 0x0041,
  0x0041, 0x0041, 0x0041, 0x0042, 0x0042, 0x0022, 0x0042, 0x0042, 0x0042, 0x0042, 0x0042, 0x0042,
  0x0042, 0x0042, 0x0042, 0x0042, 0x0042, 0x0042, 0x0042, 0x0042, 0x0042, 0x0042, 0x0042, 0x0042,
  0x0042, 0x0042, 0x0042, 0x0042, 0x0042, 0x0042, 0x0042, 0x0042, 0x0042, 0x0042, 0x0042, 0x0042,
  0x0042, 0x0042, 0x0042, 0x0000, 0x1127, 0x759F, 0x21AA, 0x0000, 0x0000, 0x0000, 0x0000, 0x0000,
  0x0000, 0x0000, 0x0000, 0x0000, 0x0000, 0x0000, 0x0000, 0x0000, 0x0000, 0x0000, 0x0000, 0x0000,
  0x0000, 0x0000, 0x0000, 0x0000, 0x0000, 0x0000, 0x0000, 0x0000, 0x0000, 0x0000, 0x0000, 0x0000,
  0x0000, 0x0000, 0x0000, 0x0000, 0x1105, 0x75BF, 0x21EB, 0x0000, 0x0043, 0x0022, 0x0022, 0x0022,
  0x0022, 0x0022, 0x0042, 0x0042, 0x0042, 0x0042, 0x0062, 0x0063, 0x0063, 0x0063, 0x0063, 0x0083,
  0x0883, 0x0883, 0x0883, 0x0062, 0x0062, 0x0062, 0x0062, 0x0062, 0x0042, 0x0042, 0x0042, 0x0042,
  0x0022, 0x0022, 0x0022, 0x0042, 0x0022, 0x0022, 0x0023, 0x0022, 0x0022, 0x0042, 0x0022, 0x0022,
  0x0022, 0x0022, 0x0042, 0x0042, 0x0062, 0x0042, 0x0042, 0x0042, 0x0042, 0x0042, 0x0042, 0x0041,
  0x0841, 0x0842, 0x0862, 0x0042, 0x0042, 0x0042, 0x0042, 0x0862, 0x0862, 0x0861, 0x0861, 0x0862,
  0x0861, 0x0861, 0x0861, 0x0861, 0x0861, 0x0862, 0x0861, 0x0861, 0x0861, 0x0861, 0x0861, 0x0861,
  0x0861, 0x0861, 0x0861, 0x0861, 0x0861, 0x0861, 0x0861, 0x1061, 0x0861, 0x0861, 0x0861, 0x0861,
  0x0861, 0x0861, 0x0861, 0x1061, 0x0861, 0x0861, 0x0861, 0x0861, 0x0861, 0x0861, 0x0861, 0x0861,
  0x0861, 0x0861, 0x0861, 0x0861, 0x0841, 0x0841, 0x0841, 0x0841, 0x0841, 0x0841, 0x0841, 0x0841,
  0x0841, 0x0041, 0x0841, 0x0841, 0x0041, 0x0041, 0x0041, 0x0041, 0x0041, 0x0041, 0x0041, 0x0021,
  0x0021, 0x0041, 0x0041, 0x0021, 0x0021, 0x0021, 0x0041, 0x0041, 0x0041, 0x0041, 0x0041, 0x0041,
  0x0041, 0x0041, 0x0041, 0x0041, 0x0041, 0x0041, 0x0041, 0x0041, 0x0041, 0x0041, 0x0041, 0x0041,
  0x0041, 0x0041, 0x0041, 0x0041, 0x0041, 0x0041, 0x0041, 0x0041, 0x0041, 0x0041, 0x0042, 0x0042,
  0x0041, 0x0042, 0x0042, 0x0042, 0x0042, 0x0042, 0x0042, 0x0042, 0x0042, 0x0042, 0x0042, 0x0042,
  0x0042, 0x0042, 0x0042, 0x0042, 0x0042, 0x0042, 0x0042, 0x0042, 0x0042, 0x0042, 0x0042, 0x0042,
  0x0042, 0x0042, 0x0042, 0x0042, 0x0042, 0x0042, 0x0042, 0x0042, 0x0042, 0x0042, 0x0042, 0x0042,
  0x0042, 0x0042, 0x0042, 0x0042, 0x0000, 0x3B33, 0x651D, 0x0041, 0x0000, 0x0000, 0x0000, 0x0000,
  0x0000, 0x0000, 0x0000, 0x0000, 0x0000, 0x0000, 0x0000, 0x0000, 0x0000, 0x0000, 0x0000, 0x0000,
  0x0000, 0x0000, 0x0000, 0x0000, 0x0000, 0x0000, 0x0000, 0x0000, 0x0000, 0x0000, 0x0000, 0x0000,
  0x0000, 0x0000, 0x0000, 0x0000, 0x5C79, 0x5C58, 0x0000, 0x0062, 0x0042, 0x0042, 0x0042, 0x0042,
  0x0042, 0x0042, 0x0042, 0x0042, 0x0042, 0x0042, 0x0042, 0x0042, 0x0043, 0x0063, 0x0063, 0x0063,
  0x0063, 0x0063, 0x0062, 0x0062, 0x0062, 0x0062, 0x0062, 0x0062, 0x0062, 0x0062, 0x0062, 0x0062,
  0x0062, 0x0042, 0x0042, 0x0042, 0x0022, 0x0022, 0x0022, 0x0022, 0x0022, 0x0022, 0x0022, 0x0022,
  0x0022, 0x0022, 0x0042, 0x0042, 0x0042, 0x0042, 0x0042, 0x0042, 0x0042, 0x0042, 0x0042, 0x0842,
  0x0862, 0x0862, 0x0862, 0x0862, 0x0862, 0x0862, 0x0862, 0x0862, 0x0862, 0x0862, 0x0842, 0x0861,
  0x0861, 0x0861, 0x0861, 0x0861, 0x0861, 0x0861, 0x0862, 0x0861, 0x0861, 0x0861, 0x0861, 0x0861,
  0x0861, 0x0861, 0x0861, 0x0861, 0x0861, 0x0861, 0x0861, 0x0861, 0x0861, 0x0861, 0x0861, 0x0861,
  0x0861, 0x0861, 0x0861, 0x0861, 0x0861, 0x0861, 0x0861, 0x0861, 0x0861, 0x0861, 0x0861, 0x0861,
  0x0861, 0x0861, 0x0861, 0x0841, 0x0841, 0x0841, 0x0841, 0x0841, 0x0841, 0x0841, 0x0841, 0x0841,
  0x0841, 0x0841, 0x0841, 0x0841, 0x0041, 0x0041, 0x0041, 0x0041, 0x0041, 0x0041, 0x0041, 0x0041,
  0x0041, 0x0041, 0x0041, 0x0041, 0x0041, 0x0021, 0x0021, 0x0021, 0x0041, 0x0041, 0x0041, 0x0041,
  0x0041, 0x0041, 0x0041, 0x0041, 0x0041, 0x0041, 0x0041, 0x0041, 0x0041, 0x0041, 0x0041, 0x0041,
  0x0041, 0x0041, 0x0041, 0x0041, 0x0041, 0x0041, 0x0041, 0x0041, 0x0042, 0x0042, 0x0042, 0x0042,
  0x0042, 0x0042, 0x0042, 0x0042, 0x0042, 0x0022, 0x0042, 0x0042, 0x0042, 0x0042, 0x0042, 0x0042,
  0x0042, 0x0042, 0x0042, 0x0042, 0x0042, 0x0042, 0x0042, 0x0042, 0x0042, 0x0042, 0x0042, 0x0042,
  0x0042, 0x0042, 0x0042, 0x0042, 0x0042, 0x0042, 0x0042, 0x0042, 0x0042, 0x0042, 0x0042, 0x0042,
  0x0042, 0x0042, 0x0042, 0x0042, 0x0021, 0x0062, 0x6D3D, 0x3B11, 0x0000, 0x0000, 0x0000, 0x0000,
  0x0000, 0x0000, 0x0000, 0x0000, 0x0000, 0x0000, 0x0000, 0x0000, 0x0000, 0x0000, 0x0000, 0x0000,
  0x0000, 0x0000, 0x0000, 0x0000, 0x0000, 0x0000, 0x0000, 0x0000, 0x0000, 0x0000, 0x0000, 0x0000,
  0x0000, 0x0000, 0x0000, 0x2A0C, 0x75BF, 0x1106, 0x0041, 0x0862, 0x0062, 0x0042, 0x0062, 0x0042,
  0x0042, 0x0042, 0x0042, 0x0042, 0x0042, 0x0042, 0x0062, 0x0042, 0x0022, 0x0043, 0x0043, 0x0042,
  0x0022, 0x0042, 0x0042, 0x0042, 0x0043, 0x0042, 0x0042, 0x0042, 0x0042, 0x0062, 0x0862, 0x0062,
  0x0062, 0x0062, 0x0062, 0x0062, 0x0042, 0x0022, 0x0022, 0x0022, 0x0042, 0x0022, 0x0022, 0x0022,
  0x0022, 0x0042, 0x0042, 0x0042, 0x0042, 0x0042, 0x0042, 0x0042, 0x0042, 0x0842, 0x0862, 0x0862,
  0x0862, 0x0862, 0x0862, 0x0862, 0x0862, 0x0862, 0x0862, 0x0862, 0x0861, 0x0862, 0x0862, 0x0862,
  0x0862, 0x0861, 0x0861, 0x0861, 0x0861, 0x0861, 0x0861, 0x0861, 0x0861, 0x0861, 0x0861, 0x0861,
  0x0861, 0x0861, 0x0861, 0x0861, 0x0861, 0x0861, 0x0861, 0x0861, 0x0861, 0x0861, 0x0861, 0x0861,
  0x0861, 0x0861, 0x0861, 0x0861, 0x0861, 0x0861, 0x0861, 0x0861, 0x0861, 0x0861, 0x0861, 0x0861,
  0x0861, 0x0841, 0x0861, 0x0841, 0x0841, 0x0841, 0x0841, 0x0841, 0x0841, 0x0841, 0x0841, 0x0841,
  0x0841, 0x0841, 0x0841, 0x0841, 0x0841, 0x0041, 0x0041, 0x0041, 0x0041, 0x0041, 0x0041, 0x0041,
  0x0041, 0x0041, 0x0041, 0x0041, 0x0041, 0x0041, 0x0021, 0x0021, 0x0041, 0x0041, 0x0041, 0x0041,
  0x0041, 0x0041, 0x0041, 0x0041, 0x0041, 0x0041, 0x0041, 0x0041, 0x0041, 0x0841, 0x0041, 0x0041,
  0x0041, 0x0041, 0x0041, 0x0041, 0x0041, 0x0041, 0x0041, 0x0041, 0x0041, 0x0042, 0x0042, 0x0042,
  0x0042, 0x0042, 0x0042, 0x0042, 0x0042, 0x0042, 0x0042, 0x0042, 0x0042, 0x0042, 0x0042, 0x0042,
  0x0042, 0x0042, 0x0042, 0x0042, 0x0042, 0x0042, 0x0042, 0x0042, 0x0042, 0x0042, 0x0042, 0x0042,
  0x0042, 0x0042, 0x0042, 0x0042, 0x0042, 0x0042, 0x0042, 0x0042, 0x0042, 0x0042, 0x0042, 0x0042,
  0x0042, 0x0042, 0x0042, 0x0042, 0x0062, 0x0000, 0x220C, 0x759F, 0x10C4, 0x0000, 0x0000, 0x0000,
  0x0000, 0x0000, 0x0000, 0x0000, 0x0000, 0x0000, 0x0000, 0x0000, 0x0000, 0x0000, 0x0000, 0x0000,
  0x0000, 0x0000, 0x0000, 0x0000, 0x0000, 0x0000, 0x0000, 0x0000, 0x0000, 0x0000, 0x0000, 0x0000,
  0x0000, 0x0000, 0x0041, 0x6D3D, 0x4332, 0x0000, 0x0882, 0x0862, 0x0862, 0x0062, 0x0062, 0x0062,
  0x0042, 0x0042, 0x0042, 0x0042, 0x0062, 0x0062, 0x0062, 0x0062, 0x0062, 0x0042, 0x0022, 0x0022,
  0x0022, 0x0022, 0x0022, 0x0022, 0x0022, 0x0022, 0x0042, 0x0062, 0x0042, 0x0042, 0x0062, 0x0862,
  0x0862, 0x0862, 0x0062, 0x0062, 0x0062, 0x0042, 0x0042, 0x0062, 0x0062, 0x0062, 0x0062, 0x0062,
  0x0042, 0x0062, 0x0062, 0x0062, 0x0042, 0x0062, 0x0062, 0x0062, 0x0842, 0x0862, 0x0862, 0x0862,
  0x0862, 0x0862, 0x0862, 0x0862, 0x0862, 0x0862, 0x0862, 0x0862, 0x0862, 0x0841, 0x0861, 0x0862,
  0x0862, 0x0862, 0x0862, 0x0861, 0x0861, 0x0861, 0x0861, 0x0861, 0x0861, 0x0861, 0x0861, 0x0861,
  0x0861, 0x0861, 0x0861, 0x0861, 0x0861, 0x0861, 0x0861, 0x0861, 0x0861, 0x0861, 0x0861, 0x0861,
  0x0861, 0x0861, 0x0861, 0x0861, 0x0861, 0x0861, 0x0861, 0x0861, 0x0861, 0x0861, 0x0861, 0x0841,
  0x0861, 0x0841, 0x0841, 0x0841, 0x0841, 0x0841, 0x0841, 0x0841, 0x0841, 0x0841, 0x0841, 0x0841,
  0x0841, 0x0841, 0x0841, 0x0841, 0x0841, 0x0841, 0x0041, 0x0041, 0x0041, 0x0041, 0x0041, 0x0041,
  0x0041, 0x0041, 0x0041, 0x0041, 0x0041, 0x0041, 0x0021, 0x0021, 0x0041, 0x0041, 0x0041, 0x0041,
  0x0041, 0x0041, 0x0041, 0x0041, 0x0041, 0x0041, 0x0041, 0x0041, 0x0041, 0x0041, 0x0041, 0x0041,
  0x0041, 0x0041, 0x0041, 0x0041, 0x0041, 0x0041, 0x0041, 0x0042, 0x0042, 0x0041, 0x0042, 0x0042,
  0x0041, 0x0042, 0x0042, 0x0042, 0x0042, 0x0022, 0x0042, 0x0042, 0x0042, 0x0042, 0x0042, 0x0042,
  0x0042, 0x0022, 0x0022, 0x0042, 0x0042, 0x0042, 0x0042, 0x0042, 0x0042, 0x0042, 0x0042, 0x0042,
  0x0042, 0x0042, 0x0042, 0x0042, 0x0042, 0x0042, 0x0042, 0x0042, 0x0042, 0x0042, 0x0042, 0x0042,
  0x0042, 0x0042, 0x0042, 0x0042, 0x0042, 0x0042, 0x0000, 0x5C79, 0x53F6, 0x0000, 0x0000, 0x0000,
  0x0000, 0x0000, 0x0000, 0x0000, 0x0000, 0x0000, 0x0000, 0x0000, 0x0000, 0x0000, 0x0000, 0x0000,
  0x0000, 0x0000, 0x0000, 0x0000, 0x0000, 0x0000, 0x0000, 0x0000, 0x0000, 0x0000, 0x0000, 0x0000,
  0x0020, 0x0000, 0x3AD0, 0x653E, 0x0883, 0x0042, 0x0862, 0x0862, 0x0862, 0x0862, 0x0862, 0x0862,
  0x0862, 0x0862, 0x0062, 0x0062, 0x0062, 0x0862, 0x0862, 0x0862, 0x0862, 0x0062, 0x0042, 0x0042,
  0x0042, 0x0042, 0x0042, 0x0022, 0x0022, 0x0022, 0x0042, 0x0062, 0x0062, 0x0062, 0x0062, 0x0062,
  0x0862, 0x0862, 0x0062, 0x0062, 0x0042, 0x0062, 0x0062, 0x0862, 0x0862, 0x0862, 0x0862, 0x0862,
  0x0062, 0x0862, 0x0862, 0x0062, 0x0062, 0x0062, 0x0862, 0x0862, 0x0862, 0x0862, 0x0862, 0x0862,
  0x0862, 0x0862, 0x0862, 0x0862, 0x0862, 0x0862, 0x0862, 0x0862, 0x0862, 0x0862, 0x0862, 0x0862,
  0x0862, 0x0862, 0x0862, 0x0861, 0x0861, 0x0861, 0x0862, 0x0861, 0x0861, 0x0862, 0x0862, 0x0862,
  0x0861, 0x0861, 0x0861, 0x0861, 0x0861, 0x0861, 0x0862, 0x0861, 0x0861, 0x0861, 0x0861, 0x0861,
  0x0861, 0x0861, 0x0861, 0x0861, 0x0861, 0x0861, 0x0861, 0x0861, 0x0861, 0x0861, 0x0861, 0x0861,
  0x0861, 0x0841, 0x0841, 0x0841, 0x0861, 0x0841, 0x0841, 0x0841, 0x0841, 0x0841, 0x0841, 0x0841,
  0x0841, 0x0841, 0x0841, 0x0841, 0x0841, 0x0841, 0x0041, 0x0041, 0x0041, 0x0041, 0x0041, 0x0041,
  0x0041, 0x0041, 0x0041, 0x0041, 0x0042, 0x0041, 0x0041, 0x0041, 0x0041, 0x0041, 0x0041, 0x0041,
  0x0041, 0x0041, 0x0041, 0x0041, 0x0041, 0x0041, 0x0041, 0x0041, 0x0041, 0x0041, 0x0041, 0x0041,
  0x0041, 0x0041, 0x0041, 0x0041, 0x0042, 0x0041, 0x0042, 0x0042, 0x0042, 0x0042, 0x0042, 0x0042,
  0x0042, 0x0042, 0x0042, 0x0042, 0x0042, 0x0042, 0x0042, 0x0042, 0x0042, 0x0042, 0x0042, 0x0042,
  0x0042, 0x0042, 0x0022, 0x0042, 0x0042, 0x0022, 0x0022, 0x0022, 0x0042, 0x0042, 0x0042, 0x0042,
  0x0042, 0x0042, 0x0042, 0x0042, 0x0042, 0x0042, 0x0042, 0x0042, 0x0042, 0x0042, 0x0042, 0x0042,
  0x0042, 0x0042, 0x0042, 0x0042, 0x0042, 0x0042, 0x0000, 0x1968, 0x759F, 0x1947, 0x0000, 0x0000,
  0x0000, 0x0000, 0x0000, 0x0000, 0x0000, 0x0000, 0x0000, 0x0000, 0x0000, 0x0000, 0x0000, 0x0000,
  0x0000, 0x0000, 0x0000, 0x0000, 0x0000, 0x0000, 0x0000, 0x0000, 0x0000, 0x0000, 0x0000, 0x0000,
  0x0000, 0x0883, 0x6D7F, 0x328F, 0x0000, 0x0863, 0x0062, 0x0062, 0x0062, 0x0062, 0x0062, 0x0062,
  0x0062, 0x0062, 0x0862, 0x0062, 0x0062, 0x0062, 0x0862, 0x0862, 0x0862, 0x0862, 0x0062, 0x0062,
  0x0062, 0x0062, 0x0062, 0x0042, 0x0042, 0x0042, 0x0042, 0x0042, 0x0042, 0x0042, 0x0042, 0x0062,
  0x0062, 0x0042, 0x0062, 0x0042, 0x0042, 0x0042, 0x0042, 0x0062, 0x0862, 0x0862, 0x0862, 0x0862,
  0x0862, 0x0862, 0x0862, 0x0862, 0x0862, 0x0862, 0x0862, 0x0862, 0x0862, 0x0862, 0x0862, 0x0862,
  0x0862, 0x0862, 0x0862, 0x0862, 0x0862, 0x0862, 0x0862, 0x0862, 0x0862, 0x0862, 0x0862, 0x0862,
  0x0862, 0x0862, 0x0861, 0x0861, 0x0862, 0x0862, 0x0862, 0x0861, 0x0862, 0x0861, 0x0861, 0x0861,
  0x0862, 0x0861, 0x0861, 0x0861, 0x0861, 0x0861, 0x0861, 0x0861, 0x0861, 0x0861, 0x0861, 0x0861,
  0x0861, 0x0861, 0x0861, 0x0861, 0x0861, 0x0861, 0x0861, 0x0861, 0x0861, 0x0861, 0x0861, 0x0841,
  0x0841, 0x0841, 0x0841, 0x0861, 0x0841, 0x0841, 0x0841, 0x0841, 0x0841, 0x0841, 0x0841, 0x0841,
  0x0841, 0x0841, 0x0841, 0x0841, 0x0841, 0x0841, 0x0041, 0x0041, 0x0041, 0x0041, 0x0041, 0x0041,
  0x0041, 0x0041, 0x0041, 0x0041, 0x0042, 0x0042, 0x0042, 0x0042, 0x0042, 0x0042, 0x0042, 0x0042,
  0x0042, 0x0042, 0x0042, 0x0042, 0x0042, 0x0042, 0x0042, 0x0042, 0x0042, 0x0042, 0x0042, 0x0042,
  0x0042, 0x0042, 0x0042, 0x0042, 0x0042, 0x0042, 0x0042, 0x0042, 0x0042, 0x0042, 0x0042, 0x0042,
  0x0042, 0x0042, 0x0042, 0x0022, 0x0042, 0x0042, 0x0042, 0x0042, 0x0042, 0x0042, 0x0042, 0x0042,
  0x0042, 0x0042, 0x0042, 0x0042, 0x0022, 0x0022, 0x0042, 0x0042, 0x0042, 0x0042, 0x0042, 0x0042,
  0x0042, 0x0042, 0x0042, 0x0042, 0x0042, 0x0042, 0x0042, 0x0042, 0x0042, 0x0042, 0x0042, 0x0042,
  0x0042, 0x0042, 0x0042, 0x0062, 0x0042, 0x0042, 0x0062, 0x0000, 0x4BD6, 0x5479, 0x0000, 0x0000,
  0x0000, 0x0000, 0x0000, 0x0000, 0x0000, 0x0000, 0x0000, 0x0000, 0x0000, 0x0000, 0x0000, 0x0000,
  0x0000, 0x0000, 0x0000, 0x0000, 0x0000, 0x0000, 0x0000, 0x0000, 0x0000, 0x0000, 0x0000, 0x0000,
  0x0000, 0x4352, 0x64FC, 0x0042, 0x0062, 0x0062, 0x0062, 0x0062, 0x0062, 0x0062, 0x0043, 0x0042,
  0x0042, 0x0062, 0x0062, 0x0062, 0x0062, 0x0062, 0x0062, 0x0062, 0x0862, 0x0862, 0x0862, 0x0862,
  0x0862, 0x0862, 0x0862, 0x0062, 0x0062, 0x0062, 0x0062, 0x0062, 0x0042, 0x0042, 0x0042, 0x0042,
  0x0042, 0x0022, 0x0042, 0x0042, 0x0022, 0x0022, 0x0022, 0x0062, 0x0862, 0x0862, 0x0862, 0x0862,
  0x0862, 0x0862, 0x0862, 0x0862, 0x0862, 0x0862, 0x0862, 0x0862, 0x0862, 0x0862, 0x0862, 0x0862,
  0x0862, 0x0882, 0x0862, 0x0862, 0x0862, 0x0862, 0x0862, 0x0862, 0x0862, 0x0862, 0x0862, 0x0862,
  0x0861, 0x0862, 0x0862, 0x0862, 0x0862, 0x0862, 0x0862, 0x0862, 0x0862, 0x0862, 0x0862, 0x0862,
  0x0861, 0x0862, 0x0862, 0x0861, 0x0861, 0x0862, 0x0861, 0x0862, 0x0861, 0x0861, 0x0861, 0x0861,
  0x0862, 0x0861, 0x0861, 0x0861, 0x0861, 0x0861, 0x0841, 0x0861, 0x0841, 0x0841, 0x0841, 0x0841,
  0x0841, 0x0841, 0x0841, 0x0841, 0x0841, 0x0841, 0x0841, 0x0841, 0x0841, 0x0841, 0x0841, 0x0841,
  0x0841, 0x0841, 0x0841, 0x0041, 0x0041, 0x0041, 0x0041, 0x0041, 0x0041, 0x0041, 0x0041, 0x0042,
  0x0042, 0x0042, 0x0042, 0x0042, 0x0042, 0x0042, 0x0042, 0x0042, 0x0042, 0x0042, 0x0042, 0x0042,
  0x0042, 0x0042, 0x0042, 0x0042, 0x0042, 0x0042, 0x0042, 0x0042, 0x0042, 0x0042, 0x0042, 0x0042,
  0x0042, 0x0042, 0x0042, 0x0042, 0x0042, 0x0042, 0x0042, 0x0042, 0x0042, 0x0042, 0x0042, 0x0042,
  0x0042, 0x0042, 0x0042, 0x0042, 0x0042, 0x0042, 0x0042, 0x0042, 0x0042, 0x0042, 0x0042, 0x0042,
  0x0022, 0x0022, 0x0022, 0x0022, 0x0042, 0x0042, 0x0042, 0x0042, 0x0042, 0x0042, 0x0042, 0x0042,
  0x0042, 0x0042, 0x0042, 0x0042, 0x0042, 0x0042, 0x0042, 0x0042, 0x0042, 0x0042, 0x0042, 0x0042,
  0x0042, 0x0042, 0x0062, 0x0042, 0x0042, 0x0042, 0x0862, 0x0021, 0x10E5, 0x6D7F, 0x21AA, 0x0000,
  0x0020, 0x0000, 0x0000, 0x0000, 0x0000, 0x0000, 0x0000, 0x0000, 0x0000, 0x0000, 0x0000, 0x0000,
  0x0000, 0x0000, 0x0000, 0x0000, 0x0000, 0x0000, 0x0000, 0x0000, 0x0000, 0x0000, 0x0000, 0x0000,
  0x10C4, 0x6D9F, 0x220C, 0x0000, 0x0063, 0x0062, 0x0062, 0x0063, 0x0063, 0x0063, 0x0063, 0x0043,
  0x0043, 0x0043, 0x0042, 0x0062, 0x0062, 0x0062, 0x0043, 0x0042, 0x0062, 0x0062, 0x0862, 0x0862,
  0x0862, 0x0862, 0x0862, 0x0862, 0x0862, 0x0862, 0x0862, 0x0062, 0x0062, 0x0062, 0x0042, 0x0042,
  0x0042, 0x0042, 0x0042, 0x0042, 0x0042, 0x0022, 0x0022, 0x0042, 0x0042, 0x0062, 0x0862, 0x0862,
  0x0862, 0x0862, 0x0862, 0x0862, 0x0862, 0x0862, 0x0862, 0x0862, 0x0862, 0x0862, 0x0862, 0x0862,
  0x0862, 0x0862, 0x0862, 0x0862, 0x0862, 0x0862, 0x0862, 0x0862, 0x0862, 0x0862, 0x0862, 0x0862,
  0x0862, 0x0862, 0x0862, 0x0862, 0x0862, 0x0862, 0x0862, 0x0862, 0x0862, 0x0862, 0x0862, 0x0862,
  0x0862, 0x0862, 0x0862, 0x0862, 0x0862, 0x0861, 0x0862, 0x0862, 0x0861, 0x0861, 0x0862, 0x0862,
  0x0862, 0x0861, 0x0861, 0x0861, 0x0861, 0x0861, 0x0861, 0x0861, 0x0841, 0x0841, 0x0861, 0x0861,
  0x0841, 0x0841, 0x0841, 0x0841, 0x0841, 0x0841, 0x0841, 0x0841, 0x0841, 0x0041, 0x0041, 0x0041,
  0x0041, 0x0041, 0x0041, 0x0042, 0x0042, 0x0042, 0x0042, 0x0042, 0x0042, 0x0042, 0x0042, 0x0042,
  0x0042, 0x0042, 0x0042, 0x0042, 0x0042, 0x0042, 0x0062, 0x0042, 0x0042, 0x0042, 0x0042, 0x0042,
  0x0042, 0x0042, 0x0042, 0x0042, 0x0042, 0x0042, 0x0042, 0x0042, 0x0042, 0x0042, 0x0042, 0x0042,
  0x0042, 0x0042, 0x0042, 0x0042, 0x0042, 0x0042, 0x0042, 0x0042, 0x0042, 0x0042, 0x0042, 0x0042,
  0x0042, 0x0042, 0x0042, 0x0042, 0x0042, 0x0042, 0x0042, 0x0042, 0x0042, 0x0042, 0x0042, 0x0022,
  0x0022, 0x0022, 0x0022, 0x0022, 0x0042, 0x0022, 0x0042, 0x0042, 0x0042, 0x0042, 0x0042, 0x0042,
  0x0042, 0x0042, 0x0042, 0x0042, 0x0042, 0x0042, 0x0042, 0x0042, 0x0042, 0x0042, 0x0042, 0x0042,
  0x0062, 0x0062, 0x0042, 0x0042, 0x0062, 0x0062, 0x0042, 0x0062, 0x0000, 0x4373, 0x5CBB, 0x0000,
  0x0000, 0x0000, 0x0000, 0x0000, 0x0000, 0x0000, 0x0000, 0x0000, 0x0000, 0x0000, 0x0000, 0x0000,
  0x0000, 0x0000, 0x0000, 0x0000, 0x0000, 0x0000, 0x0000, 0x0000, 0x0000, 0x0000, 0x0000, 0x0000,
  0x4374, 0x64BB, 0x0001, 0x0022, 0x0042, 0x0062, 0x0042, 0x0043, 0x0043, 0x0043, 0x0043, 0x0043,
  0x0043, 0x0043, 0x0043, 0x0043, 0x0043, 0x0043, 0x0043, 0x0043, 0x0043, 0x0042, 0x0062, 0x0062,
  0x0062, 0x0862, 0x0862, 0x0862, 0x0062, 0x0062, 0x0862, 0x0062, 0x0062, 0x0062, 0x0062, 0x0062,
  0x0042, 0x0042, 0x0062, 0x0062, 0x0062, 0x0062, 0x0042, 0x0042, 0x0062, 0x0062, 0x0862, 0x0862,
  0x0862, 0x0862, 0x0862, 0x0862, 0x0862, 0x0862, 0x0862, 0x0862, 0x0862, 0x0862, 0x0862, 0x0862,
  0x0862, 0x0862, 0x0862, 0x0862, 0x0862, 0x0862, 0x0862, 0x0862, 0x0862, 0x0862, 0x0862, 0x0862,
  0x0862, 0x0862, 0x0862, 0x0862, 0x0862, 0x0862, 0x0862, 0x0862, 0x0862, 0x0862, 0x0862, 0x0862,
  0x0862, 0x0862, 0x0862, 0x0862, 0x0862, 0x0862, 0x0862, 0x0862, 0x0862, 0x0862, 0x0862, 0x0862,
  0x0862, 0x0862, 0x0862, 0x0861, 0x0861, 0x0861, 0x0861, 0x0861, 0x0841, 0x0841, 0x0841, 0x0841,
  0x0841, 0x0841, 0x0841, 0x0042, 0x0041, 0x0042, 0x0041, 0x0042, 0x0042, 0x0042, 0x0042, 0x0042,
  0x0042, 0x0042, 0x0042, 0x0042, 0x0042, 0x0042, 0x0062, 0x0062, 0x0062, 0x0042, 0x0062, 0x0062,
  0x0062, 0x0062, 0x0062, 0x0062, 0x0062, 0x0062, 0x0062, 0x0062, 0x0042, 0x0042, 0x0042, 0x0042,
  0x0042, 0x0042, 0x0042, 0x0042, 0x0042, 0x0042, 0x0042, 0x0042, 0x0042, 0x0042, 0x0042, 0x0042,
  0x0042, 0x0042, 0x0042, 0x0042, 0x0042, 0x0042, 0x0042, 0x0042, 0x0042, 0x0042, 0x0042, 0x0042,
  0x0042, 0x0042, 0x0042, 0x0042, 0x0022, 0x0042, 0x0042, 0x0042, 0x0042, 0x0022, 0x0042, 0x0022,
  0x0022, 0x0022, 0x0022, 0x0022, 0x0022, 0x0042, 0x0042, 0x0042, 0x0042, 0x0042, 0x0042, 0x0042,
  0x0042, 0x0042, 0x0042, 0x0042, 0x0042, 0x0062, 0x0062, 0x0062, 0x0062, 0x0062, 0x0062, 0x0062,
  0x0862, 0x0062, 0x0042, 0x0062, 0x0862, 0x0062, 0x0062, 0x0862, 0x0841, 0x10E4, 0x759F, 0x2A0B,
  0x0000, 0x0000, 0x0000, 0x0000, 0x0000, 0x0000, 0x0000, 0x0000, 0x0000, 0x0000, 0x0000, 0x0000,
  0x0000, 0x0000, 0x0000, 0x0000, 0x0000, 0x0000, 0x0000, 0x0000, 0x0000, 0x0000, 0x0000, 0x08A4,
  0x759F, 0x2A0C, 0x0000, 0x0043, 0x0042, 0x0062, 0x0042, 0x0022, 0x0022, 0x0022, 0x0022, 0x0022,
  0x0042, 0x0022, 0x0022, 0x0023, 0x0023, 0x0043, 0x0043, 0x0043, 0x0043, 0x0043, 0x0042, 0x0062,
  0x0062, 0x0062, 0x0062, 0x0062, 0x0062, 0x0062, 0x0062, 0x0062, 0x0062, 0x0062, 0x0043, 0x0042,
  0x0062, 0x0062, 0x0062, 0x0862, 0x0862, 0x0862, 0x0062, 0x0062, 0x0862, 0x0862, 0x0862, 0x0862,
  0x0862, 0x0862, 0x0862, 0x0862, 0x0862, 0x0862, 0x0862, 0x0862, 0x0862, 0x0862, 0x0862, 0x0862,
  0x0862, 0x0862, 0x0862, 0x0862, 0x0862, 0x0862, 0x0862, 0x0862, 0x0862, 0x0862, 0x0862, 0x0862,
  0x0862, 0x0862, 0x0862, 0x0862, 0x0862, 0x0862, 0x0862, 0x0862, 0x0862, 0x0862, 0x0862, 0x0862,
  0x0862, 0x0862, 0x0862, 0x0862, 0x0862, 0x0862, 0x0862, 0x0862, 0x0862, 0x0862, 0x0862, 0x0862,
  0x0862, 0x0862, 0x0862, 0x0862, 0x0862, 0x0862, 0x0862, 0x0861, 0x0841, 0x0841, 0x0042, 0x0041,
  0x0042, 0x0042, 0x0042, 0x0042, 0x0042, 0x0042, 0x0042, 0x0042, 0x0042, 0x0042, 0x0042, 0x0042,
  0x0042, 0x0042, 0x0042, 0x0042, 0x0062, 0x0062, 0x0062, 0x0062, 0x0062, 0x0062, 0x0862, 0x0062,
  0x0062, 0x0062, 0x0062, 0x0062, 0x0062, 0x0062, 0x0062, 0x0062, 0x0062, 0x0042, 0x0042, 0x0042,
  0x0042, 0x0042, 0x0042, 0x0042, 0x0042, 0x0042, 0x0042, 0x0042, 0x0042, 0x0042, 0x0042, 0x0042,
  0x0042, 0x0042, 0x0042, 0x0042, 0x0042, 0x0042, 0x0042, 0x0042, 0x0042, 0x0042, 0x0042, 0x0042,
  0x0042, 0x0042, 0x0022, 0x0022, 0x0022, 0x0042, 0x0042, 0x0042, 0x0022, 0x0022, 0x0042, 0x0022,
  0x0022, 0x0022, 0x0022, 0x0022, 0x0022, 0x0042, 0x0042, 0x0042, 0x0042, 0x0042, 0x0042, 0x0042,
  0x0042, 0x0062, 0x0042, 0x0062, 0x0062, 0x0062, 0x0062, 0x0062, 0x0862, 0x0862, 0x0862, 0x0862,
  0x0862, 0x0062, 0x0862, 0x0862, 0x0862, 0x0862, 0x0862, 0x0862, 0x1082, 0x0820, 0x4B73, 0x64DB,
  0x0000, 0x0000, 0x0000, 0x0000, 0x0000, 0x0000, 0x0000, 0x0000, 0x0000, 0x0000, 0x0000, 0x0000,
  0x0000, 0x0000, 0x0000, 0x0000, 0x0000, 0x0000, 0x0000, 0x0000, 0x0000, 0x0000, 0x0000, 0x4353,
  0x64DB, 0x0841, 0x0862, 0x0042, 0x0022, 0x0042, 0x0042, 0x0022, 0x0022, 0x0022, 0x0022, 0x0022,
  0x0022, 0x0022, 0x0022, 0x0022, 0x0022, 0x0022, 0x0022, 0x0022, 0x0022, 0x0023, 0x0023, 0x0043,
  0x0042, 0x0062, 0x0062, 0x0062, 0x0062, 0x0062, 0x0062, 0x0063, 0x0043, 0x0043, 0x0043, 0x0043,
  0x0062, 0x0062, 0x0862, 0x0862, 0x0862, 0x0862, 0x0862, 0x0062, 0x0862, 0x0862, 0x0862, 0x0862,
  0x0862, 0x0862, 0x0862, 0x0862, 0x0862, 0x0862, 0x0862, 0x0862, 0x0862, 0x0862, 0x0862, 0x0862,
  0x0862, 0x0862, 0x0862, 0x0862, 0x0862, 0x0062, 0x0062, 0x0062, 0x0062, 0x0062, 0x0062, 0x0042,
  0x0042, 0x0842, 0x0842, 0x0042, 0x0042, 0x0042, 0x0042, 0x0042, 0x0042, 0x0042, 0x0842, 0x0842,
  0x0862, 0x0862, 0x0862, 0x0862, 0x0862, 0x0862, 0x0862, 0x0862, 0x0862, 0x0862, 0x0862, 0x0842,
  0x0862, 0x0862, 0x0842, 0x0842, 0x0042, 0x0842, 0x0042, 0x0042, 0x0042, 0x0042, 0x0042, 0x0042,
  0x0042, 0x0042, 0x0042, 0x0042, 0x0042, 0x0042, 0x0042, 0x0042, 0x0042, 0x0042, 0x0042, 0x0042,
  0x0042, 0x0042, 0x0042, 0x0062, 0x0042, 0x0042, 0x0062, 0x0062, 0x0062, 0x0062, 0x0062, 0x0062,
  0x0062, 0x0062, 0x0062, 0x0062, 0x0042, 0x0042, 0x0042, 0x0042, 0x0042, 0x0042, 0x0042, 0x0042,
  0x0042, 0x0042, 0x0042, 0x0042, 0x0042, 0x0042, 0x0042, 0x0042, 0x0042, 0x0042, 0x0042, 0x0042,
  0x0042, 0x0042, 0x0042, 0x0042, 0x0042, 0x0042, 0x0042, 0x0042, 0x0042, 0x0042, 0x0022, 0x0022,
  0x0022, 0x0022, 0x0022, 0x0022, 0x0022, 0x0022, 0x0022, 0x0022, 0x0022, 0x0022, 0x0022, 0x0022,
  0x0022, 0x0042, 0x0042, 0x0042, 0x0042, 0x0042, 0x0042, 0x0062, 0x0062, 0x0062, 0x0062, 0x0062,
  0x0062, 0x0062, 0x0062, 0x0062, 0x0062, 0x0862, 0x0862, 0x0862, 0x0862, 0x0882, 0x0882, 0x0862,
  0x0862, 0x0862, 0x0882, 0x0882, 0x1082, 0x1082, 0x1082, 0x1082, 0x1082, 0x0861, 0x18E5, 0x6D5F,
  0x21CA, 0x0000, 0x0000, 0x0000, 0x0000, 0x0000, 0x0000, 0x0000, 0x0000, 0x0000, 0x0000, 0x0000,
  0x0000, 0x0000, 0x0000, 0x0000, 0x0000, 0x0000, 0x0000, 0x0000, 0x0000, 0x0000, 0x0883, 0x6D7F,
  0x324D, 0x0820, 0x10A3, 0x0862, 0x0062, 0x0042, 0x0022, 0x0022, 0x0042, 0x0022, 0x0042, 0x0042,
  0x0022, 0x0022, 0x0022, 0x0022, 0x0022, 0x0022, 0x0022, 0x0022, 0x0022, 0x0043, 0x0043, 0x0043,
  0x0042, 0x0042, 0x0042, 0x0062, 0x0062, 0x0062, 0x0062, 0x0063, 0x0043, 0x0043, 0x0043, 0x0043,
  0x0043, 0x0063, 0x0062, 0x0862, 0x0862, 0x0862, 0x0862, 0x0062, 0x0062, 0x0862, 0x0862, 0x0862,
  0x0862, 0x0862, 0x0862, 0x0862, 0x0862, 0x0862, 0x0862, 0x0862, 0x0862, 0x0862, 0x0862, 0x0862,
  0x0862, 0x0862, 0x0862, 0x0862, 0x0862, 0x0062, 0x0062, 0x0062, 0x0062, 0x0062, 0x0042, 0x0042,
  0x0042, 0x0042, 0x0042, 0x0042, 0x0042, 0x0042, 0x0042, 0x0042, 0x0042, 0x0042, 0x0842, 0x0842,
  0x0842, 0x0862, 0x0842, 0x0862, 0x0862, 0x0862, 0x0862, 0x0862, 0x0842, 0x0862, 0x0042, 0x0042,
  0x0042, 0x0042, 0x0042, 0x0042, 0x0042, 0x0042, 0x0042, 0x0042, 0x0042, 0x0042, 0x0042, 0x0042,
  0x0042, 0x0042, 0x0042, 0x0042, 0x0042, 0x0042, 0x0042, 0x0042, 0x0042, 0x0042, 0x0042, 0x0042,
  0x0042, 0x0042, 0x0042, 0x0062, 0x0062, 0x0062, 0x0062, 0x0062, 0x0062, 0x0062, 0x0062, 0x0062,
  0x0062, 0x0062, 0x0062, 0x0062, 0x0042, 0x0042, 0x0042, 0x0042, 0x0042, 0x0042, 0x0042, 0x0042,
  0x0042, 0x0042, 0x0042, 0x0042, 0x0042, 0x0042, 0x0042, 0x0042, 0x0042, 0x0042, 0x0042, 0x0042,
  0x0042, 0x0042, 0x0042, 0x0042, 0x0042, 0x0042, 0x0042, 0x0042, 0x0022, 0x0042, 0x0022, 0x0022,
  0x0022, 0x0022, 0x0022, 0x0022, 0x0022, 0x0022, 0x0022, 0x0022, 0x0022, 0x0022, 0x0022, 0x0022,
  0x0042, 0x0042, 0x0042, 0x0042, 0x0042, 0x0062, 0x0062, 0x0862, 0x0862, 0x0862, 0x0862, 0x0062,
  0x0062, 0x0862, 0x0862, 0x0862, 0x0862, 0x0862, 0x0862, 0x0882, 0x0882, 0x0882, 0x0862, 0x0862,
  0x0862, 0x0882, 0x1082, 0x1082, 0x1082, 0x1082, 0x1082, 0x1082, 0x1082, 0x10A2, 0x0820, 0x4B94,
  0x547A, 0x0000, 0x0000, 0x0000, 0x0000, 0x0000, 0x0000, 0x0000, 0x0000, 0x0000, 0x0000, 0x0000,
  0x0000, 0x0000, 0x0000, 0x0000, 0x0000, 0x0000, 0x0000, 0x0000, 0x0000, 0x0000, 0x3AF0, 0x6D3D,
  0x1082, 0x0882, 0x1082, 0x1082, 0x0882, 0x0882, 0x0862, 0x0062, 0x0062, 0x0062, 0x0062, 0x0062,
  0x0062, 0x0042, 0x0042, 0x0042, 0x0042, 0x0042, 0x0042, 0x0042, 0x0043, 0x0043, 0x0043, 0x0043,
  0x0063, 0x0063, 0x0063, 0x0063, 0x0063, 0x0063, 0x0063, 0x0063, 0x0063, 0x0063, 0x0043, 0x0043,
  0x0043, 0x0043, 0x0063, 0x0063, 0x0063, 0x0063, 0x0063, 0x0063, 0x0043, 0x0042, 0x0062, 0x0862,
  0x0862, 0x0862, 0x0862, 0x0862, 0x0862, 0x0862, 0x0862, 0x0862, 0x0862, 0x0862, 0x0862, 0x0862,
  0x0862, 0x0862, 0x0862, 0x0862, 0x0862, 0x0862, 0x0062, 0x0062, 0x0062, 0x0862, 0x0042, 0x0042,
  0x0042, 0x0042, 0x0042, 0x0042, 0x0042, 0x0042, 0x0042, 0x0042, 0x0042, 0x0042, 0x0042, 0x0042,
  0x0042, 0x0042, 0x0042, 0x0042, 0x0042, 0x0042, 0x0842, 0x0042, 0x0042, 0x0042, 0x0042, 0x0042,
  0x0042, 0x0042, 0x0042, 0x0042, 0x0042, 0x0042, 0x0042, 0x0042, 0x0042, 0x0042, 0x0042, 0x0042,
  0x0042, 0x0042, 0x0042, 0x0042, 0x0042, 0x0042, 0x0042, 0x0042, 0x0042, 0x0042, 0x0042, 0x0042,
  0x0062, 0x0042, 0x0062, 0x0042, 0x0042, 0x0062, 0x0062, 0x0062, 0x0062, 0x0062, 0x0062, 0x0062,
  0x0062, 0x0062, 0x0062, 0x0042, 0x0062, 0x0042, 0x0042, 0x0042, 0x0042, 0x0042, 0x0042, 0x0042,
  0x0042, 0x0042, 0x0042, 0x0042, 0x0042, 0x0042, 0x0042, 0x0042, 0x0042, 0x0042, 0x0042, 0x0042,
  0x0042, 0x0042, 0x0042, 0x0042, 0x0042, 0x0042, 0x0042, 0x0022, 0x0022, 0x0042, 0x0022, 0x0022,
  0x0022, 0x0022, 0x0022, 0x0022, 0x0022, 0x0022, 0x0022, 0x0042, 0x0042, 0x0042, 0x0042, 0x0042,
  0x0042, 0x0042, 0x0042, 0x0062, 0x0062, 0x0862, 0x0862, 0x0862, 0x0862, 0x0862, 0x0862, 0x0862,
  0x0882, 0x0882, 0x0882, 0x0862, 0x0882, 0x0862, 0x0862, 0x0882, 0x0882, 0x0882, 0x0882, 0x0882,
  0x1082, 0x1082, 0x1082, 0x1082, 0x1082, 0x1082, 0x1082, 0x1082, 0x1082, 0x1082, 0x1061, 0x2146,
  0x6D9F, 0x1968, 0x0000, 0x0000, 0x0000, 0x0000, 0x0000, 0x0000, 0x0000, 0x0000, 0x0000, 0x0000,
  0x0000, 0x0000, 0x0000, 0x0000, 0x0000, 0x0000, 0x0000, 0x0000, 0x0000, 0x0041, 0x6D3D, 0x42F0,
  0x0820, 0x10A2, 0x1082, 0x1082, 0x1082, 0x1082, 0x1082, 0x1082, 0x0882, 0x0882, 0x0862, 0x0862,
  0x0882, 0x0862, 0x0862, 0x0862, 0x0062, 0x0042, 0x0042, 0x0062, 0x0062, 0x0062, 0x0063, 0x0043,
  0x0043, 0x0063, 0x0063, 0x0063, 0x0063, 0x0063, 0x0063, 0x0063, 0x0063, 0x0063, 0x0063, 0x0043,
  0x0043, 0x0043, 0x0043, 0x0063, 0x0063, 0x0063, 0x0063, 0x0063, 0x0063, 0x0043, 0x0043, 0x0062,
  0x0062, 0x0862, 0x0862, 0x0862, 0x0062, 0x0862, 0x0862, 0x0862, 0x0862, 0x0862, 0x0862, 0x0862,
  0x0862, 0x0862, 0x0862, 0x0862, 0x0862, 0x0862, 0x0862, 0x0862, 0x0862, 0x0862, 0x0062, 0x0042,
  0x0062, 0x0042, 0x0062, 0x0042, 0x0042, 0x0042, 0x0042, 0x0042, 0x0042, 0x0042, 0x0042, 0x0042,
  0x0042, 0x0042, 0x0042, 0x0042, 0x0042, 0x0042, 0x0042, 0x0042, 0x0042, 0x0042, 0x0042, 0x0042,
  0x0042, 0x0042, 0x0042, 0x0042, 0x0042, 0x0042, 0x0042, 0x0042, 0x0042, 0x0042, 0x0042, 0x0042,
  0x0042, 0x0042, 0x0042, 0x0042, 0x0042, 0x0042, 0x0042, 0x0042, 0x0042, 0x0042, 0x0042, 0x0042,
  0x0042, 0x0042, 0x0042, 0x0042, 0x0042, 0x0042, 0x0042, 0x0042, 0x0042, 0x0042, 0x0062, 0x0062,
  0x0042, 0x0062, 0x0042, 0x0042, 0x0042, 0x0042, 0x0042, 0x0042, 0x0042, 0x0042, 0x0042, 0x0042,
  0x0042, 0x0042, 0x0042, 0x0042, 0x0042, 0x0042, 0x0042, 0x0042, 0x0042, 0x0042, 0x0042, 0x0042,
  0x0042, 0x0042, 0x0042, 0x0042, 0x0042, 0x0042, 0x0022, 0x0022, 0x0042, 0x0022, 0x0022, 0x0022,
  0x0022, 0x0022, 0x0022, 0x0042, 0x0042, 0x0042, 0x0042, 0x0042, 0x0042, 0x0042, 0x0042, 0x0042,
  0x0062, 0x0062, 0x0062, 0x0862, 0x0862, 0x0862, 0x0862, 0x0862, 0x0862, 0x0862, 0x0862, 0x0862,
  0x0882, 0x0882, 0x0882, 0x0882, 0x0882, 0x0882, 0x0882, 0x0882, 0x0862, 0x0862, 0x0882, 0x1082,
  0x1082, 0x1082, 0x1082, 0x1082, 0x1082, 0x1082, 0x1082, 0x1082, 0x1082, 0x1082, 0x10A2, 0x0820,
  0x5417, 0x5417, 0x0000, 0x0000, 0x0000, 0x0000, 0x0000, 0x0000, 0x0000, 0x0000, 0x0000, 0x0000,
  0x0000, 0x0000, 0x0000, 0x0000, 0x0000, 0x0000, 0x0000, 0x0020, 0x0000, 0x2A2C, 0x6D7F, 0x10C4,
  0x1061, 0x1082, 0x1082, 0x1082, 0x1082, 0x1082, 0x1082, 0x1082, 0x1082, 0x1082, 0x1082, 0x0882,
  0x0882, 0x0882, 0x0862, 0x0862, 0x0862, 0x0062, 0x0062, 0x0062, 0x0062, 0x0063, 0x0043, 0x0043,
  0x0043, 0x0043, 0x0063, 0x0063, 0x0063, 0x0063, 0x0063, 0x0063, 0x0063, 0x0063, 0x0063, 0x0063,
  0x0043, 0x0043, 0x0043, 0x0043, 0x0043, 0x0043, 0x0043, 0x0043, 0x0043, 0x0043, 0x0043, 0x0043,
  0x0063, 0x0063, 0x0062, 0x0062, 0x0062, 0x0042, 0x0042, 0x0062, 0x0062, 0x0062, 0x0062, 0x0062,
  0x0862, 0x0862, 0x0862, 0x0862, 0x0862, 0x0862, 0x0862, 0x0862, 0x0862, 0x0062, 0x0062, 0x0062,
  0x0062, 0x0062, 0x0062, 0x0042, 0x0042, 0x0042, 0x0042, 0x0042, 0x0042, 0x0042, 0x0042, 0x0042,
  0x0042, 0x0042, 0x0042, 0x0042, 0x0042, 0x0042, 0x0042, 0x0042, 0x0042, 0x0042, 0x0042, 0x0042,
  0x0042, 0x0042, 0x0042, 0x0042, 0x0042, 0x0062, 0x0042, 0x0042, 0x0042, 0x0042, 0x0042, 0x0042,
  0x0042, 0x0042, 0x0042, 0x0042, 0x0042, 0x0042, 0x0042, 0x0042, 0x0042, 0x0042, 0x0042, 0x0042,
  0x0042, 0x0042, 0x0042, 0x0042, 0x0042, 0x0042, 0x0042, 0x0042, 0x0042, 0x0062, 0x0062, 0x0062,
  0x0042, 0x0042, 0x0042, 0x0042, 0x0042, 0x0042, 0x0042, 0x0042, 0x0042, 0x0042, 0x0042, 0x0042,
  0x0042, 0x0042, 0x0042, 0x0042, 0x0042, 0x0042, 0x0042, 0x0042, 0x0042, 0x0042, 0x0042, 0x0042,
  0x0042, 0x0042, 0x0042, 0x0022, 0x0042, 0x0042, 0x0022, 0x0042, 0x0022, 0x0042, 0x0042, 0x0042,
  0x0042, 0x0042, 0x0042, 0x0042, 0x0042, 0x0042, 0x0042, 0x0062, 0x0062, 0x0062, 0x0062, 0x0062,
  0x0862, 0x0862, 0x0862, 0x0862, 0x0862, 0x0862, 0x0862, 0x0862, 0x0862, 0x0862, 0x0862, 0x0862,
  0x0882, 0x0882, 0x0882, 0x0882, 0x0862, 0x0882, 0x0882, 0x0862, 0x0862, 0x0882, 0x1082, 0x1082,
  0x1082, 0x1082, 0x1082, 0x1082, 0x1082, 0x1082, 0x1082, 0x1082, 0x1082, 0x1082, 0x10A2, 0x0840,
  0x29A9, 0x6D7F, 0x10E5, 0x0000, 0x0000, 0x0000, 0x0000, 0x0000, 0x0000, 0x0000, 0x0000, 0x0000,
  0x0000, 0x0000, 0x0000, 0x0000, 0x0000, 0x0000, 0x0000, 0x0000, 0x0000, 0x5C9A, 0x4B94, 0x0820,
  0x1082, 0x1082, 0x1082, 0x1082, 0x1082, 0x1082, 0x1082, 0x1082, 0x1082, 0x1082, 0x1082, 0x1082,
  0x0882, 0x0882, 0x0882, 0x0062, 0x0862, 0x0862, 0x0062, 0x0062, 0x0043, 0x0043, 0x0043, 0x0043,
  0x0043, 0x0043, 0x0063, 0x0063, 0x0063, 0x0063, 0x0063, 0x0063, 0x0063, 0x0063, 0x0043, 0x0043,
  0x0043, 0x0043, 0x0023, 0x0023, 0x0023, 0x0023, 0x0023, 0x0023, 0x0023, 0x0022, 0x0023, 0x0043,
  0x0043, 0x0043, 0x0063, 0x0063, 0x0063, 0x0043, 0x0022, 0x0042, 0x0042, 0x0042, 0x0042, 0x0042,
  0x0062, 0x0062, 0x0062, 0x0062, 0x0862, 0x0062, 0x0062, 0x0062, 0x0062, 0x0042, 0x0062, 0x0042,
  0x0042, 0x0042, 0x0042, 0x0062, 0x0042, 0x0062, 0x0042, 0x0042, 0x0042, 0x0042, 0x0042, 0x0042,
  0x0042, 0x0042, 0x0042, 0x0042, 0x0042, 0x0042, 0x0042, 0x0042, 0x0042, 0x0042, 0x0042, 0x0042,
  0x0042, 0x0042, 0x0042, 0x0042, 0x0042, 0x0042, 0x0042, 0x0062, 0x0042, 0x0042, 0x0042, 0x0042,
  0x0042, 0x0042, 0x0042, 0x0042, 0x0042, 0x0042, 0x0042, 0x0042, 0x0042, 0x0042, 0x0042, 0x0062,
  0x0042, 0x0042, 0x0042, 0x0042, 0x0042, 0x0042, 0x0062, 0x0042, 0x0042, 0x0062, 0x0062, 0x0042,
  0x0042, 0x0042, 0x0042, 0x0042, 0x0042, 0x0042, 0x0042, 0x0042, 0x0042, 0x0042, 0x0042, 0x0042,
  0x0042, 0x0042, 0x0042, 0x0042, 0x0042, 0x0042, 0x0042, 0x0042, 0x0042, 0x0042, 0x0042, 0x0042,
  0x0042, 0x0042, 0x0042, 0x0022, 0x0042, 0x0042, 0x0042, 0x0042, 0x0042, 0x0042, 0x0042, 0x0042,
  0x0042, 0x0042, 0x0042, 0x0062, 0x0062, 0x0062, 0x0062, 0x0062, 0x0062, 0x0062, 0x0862, 0x0862,
  0x0862, 0x0862, 0x0862, 0x0862, 0x0862, 0x0862, 0x0862, 0x0862, 0x0862, 0x0862, 0x0862, 0x0862,
  0x0862, 0x0862, 0x0882, 0x0882, 0x0882, 0x0882, 0x0882, 0x0882, 0x0882, 0x1082, 0x1082, 0x1082,
  0x1082, 0x1082, 0x1082, 0x1082, 0x1082, 0x1082, 0x1082, 0x1082, 0x1082, 0x1082, 0x1082, 0x10A2,
  0x0841, 0x64BB, 0x4353, 0x0000, 0x0000, 0x0000, 0x0000, 0x0000, 0x0000, 0x0000, 0x0000, 0x0000,
  0x0000, 0x0000, 0x0000, 0x0000, 0x0000, 0x0000, 0x0000, 0x0000, 0x1947, 0x6D7F, 0x2146, 0x0841,
  0x1082, 0x1082, 0x1082, 0x1082, 0x1082, 0x1082, 0x1082, 0x1082, 0x1082, 0x1082, 0x1082, 0x1082,
  0x0882, 0x0882, 0x0882, 0x0862, 0x0062, 0x0062, 0x0062, 0x0062, 0x0043, 0x0043, 0x0063, 0x0043,
  0x0043, 0x0043, 0x0043, 0x0063, 0x0063, 0x0043, 0x0043, 0x0043, 0x0063, 0x0063, 0x0043, 0x0043,
  0x0043, 0x0043, 0x0023, 0x0023, 0x0023, 0x0023, 0x0023, 0x0022, 0x0022, 0x0022, 0x0022, 0x0022,
  0x0023, 0x0023, 0x0023, 0x0023, 0x0023, 0x0022, 0x0022, 0x0022, 0x0042, 0x0042, 0x0042, 0x0042,
  0x0042, 0x0042, 0x0042, 0x0042, 0x0042, 0x0042, 0x0042, 0x0042, 0x0042, 0x0042, 0x0042, 0x0042,
  0x0042, 0x0042, 0x0042, 0x0042, 0x0042, 0x0042, 0x0062, 0x0042, 0x0042, 0x0042, 0x0042, 0x0042,
  0x0042, 0x0042, 0x0042, 0x0042, 0x0022, 0x0042, 0x0042, 0x0042, 0x0042, 0x0042, 0x0042, 0x0042,
  0x0042, 0x0042, 0x0042, 0x0042, 0x0042, 0x0042, 0x0042, 0x0042, 0x0042, 0x0042, 0x0042, 0x0042,
  0x0042, 0x0042, 0x0042, 0x0042, 0x0042, 0x0042, 0x0042, 0x0042, 0x0042, 0x0042, 0x0042, 0x0042,
  0x0042, 0x0042, 0x0042, 0x0042, 0x0042, 0x0042, 0x0042, 0x0042, 0x0042, 0x0042, 0x0042, 0x0042,
  0x0042, 0x0042, 0x0042, 0x0042, 0x0042, 0x0042, 0x0042, 0x0042, 0x0042, 0x0042, 0x0042, 0x0042,
  0x0042, 0x0042, 0x0042, 0x0042, 0x0042, 0x0042, 0x0042, 0x0042, 0x0042, 0x0042, 0x0042, 0x0042,
  0x0042, 0x0042, 0x0042, 0x0042, 0x0042, 0x0042, 0x0042, 0x0042, 0x0042, 0x0042, 0x0062, 0x0062,
  0x0062, 0x0062, 0x0062, 0x0062, 0x0062, 0x0062, 0x0862, 0x0862, 0x0862, 0x0862, 0x0862, 0x0862,
  0x0862, 0x0862, 0x0862, 0x0862, 0x0862, 0x0062, 0x0862, 0x0862, 0x0862, 0x0862, 0x0882, 0x0862,
  0x0862, 0x0862, 0x0862, 0x0862, 0x0882, 0x0882, 0x0882, 0x0882, 0x0882, 0x1082, 0x1082, 0x1082,
  0x1082, 0x1082, 0x1082, 0x1082, 0x1082, 0x1082, 0x1082, 0x1082, 0x1082, 0x1082, 0x1082, 0x10A2,
  0x0820, 0x326E, 0x6D3E, 0x0042, 0x0000, 0x0000, 0x0000, 0x0000, 0x0000, 0x0000, 0x0000, 0x0000,
  0x0000, 0x0000, 0x0000, 0x0000, 0x0000, 0x0000, 0x0000, 0x0000, 0x4394, 0x5C79, 0x0840, 0x1082,
  0x1082, 0x1082, 0x1082, 0x1082, 0x1082, 0x1082, 0x1082, 0x1082, 0x0882, 0x0882, 0x1082, 0x0882,
  0x0882, 0x0882, 0x0882, 0x0882, 0x0862, 0x0062, 0x0062, 0x0062, 0x0042, 0x0023, 0x0043, 0x0043,
  0x0023, 0x0043, 0x0043, 0x0043, 0x0043, 0x0043, 0x0043, 0x0043, 0x0043, 0x0043, 0x0043, 0x0043,
  0x0043, 0x0043, 0x0043, 0x0023, 0x0022, 0x0023, 0x0043, 0x0043, 0x0043, 0x0043, 0x0022, 0x0022,
  0x0022, 0x0022, 0x0022, 0x0022, 0x0022, 0x0002, 0x0022, 0x0022, 0x0042, 0x0042, 0x0042, 0x0042,
  0x0042, 0x0042, 0x0042, 0x0042, 0x0042, 0x0042, 0x0042, 0x0042, 0x0042, 0x0042, 0x0042, 0x0042,
  0x0042, 0x0042, 0x0042, 0x0042, 0x0042, 0x0042, 0x0042, 0x0042, 0x0042, 0x0042, 0x0042, 0x0042,
  0x0042, 0x0042, 0x0042, 0x0042, 0x0022, 0x0042, 0x0042, 0x0042, 0x0042, 0x0042, 0x0042, 0x0042,
  0x0042, 0x0042, 0x0042, 0x0042, 0x0042, 0x0042, 0x0042, 0x0042, 0x0042, 0x0042, 0x0042, 0x0042,
  0x0042, 0x0042, 0x0042, 0x0042, 0x0042, 0x0042, 0x0042, 0x0042, 0x0042, 0x0042, 0x0042, 0x0042,
  0x0042, 0x0042, 0x0042, 0x0042, 0x0042, 0x0042, 0x0042, 0x0042, 0x0042, 0x0042, 0x0042, 0x0042,
  0x0042, 0x0042, 0x0042, 0x0042, 0x0042, 0x0042, 0x0042, 0x0042, 0x0042, 0x0042, 0x0042, 0x0042,
  0x0042, 0x0042, 0x0042, 0x0042, 0x0042, 0x0042, 0x0042, 0x0042, 0x0042, 0x0042, 0x0042, 0x0042,
  0x0042, 0x0042, 0x0042, 0x0042, 0x0042, 0x0042, 0x0042, 0x0062, 0x0062, 0x0062, 0x0062, 0x0062,
  0x0062, 0x0062, 0x0862, 0x0862, 0x0862, 0x0862, 0x0862, 0x0862, 0x0862, 0x0862, 0x0862, 0x0862,
  0x0862, 0x0862, 0x0862, 0x0862, 0x0862, 0x0862, 0x0862, 0x0862, 0x0862, 0x0882, 0x0882, 0x0862,
  0x0862, 0x0862, 0x0862, 0x0862, 0x0882, 0x0882, 0x0882, 0x0882, 0x1082, 0x1082, 0x1082, 0x1082,
  0x1082, 0x1082, 0x1082, 0x1082, 0x1082, 0x1082, 0x1082, 0x1082, 0x1082, 0x1082, 0x1082, 0x1082,
  0x1082, 0x10A3, 0x6D5E, 0x2A2C, 0x0000, 0x0000, 0x0000, 0x0000, 0x0000, 0x0000, 0x0000, 0x0000,
  0x0000, 0x0000, 0x0000, 0x0000, 0x0000, 0x0000, 0x0000, 0x0862, 0x6D5E, 0x324D, 0x0820, 0x10A2,
  0x1082, 0x1082, 0x1082, 0x1082, 0x1082, 0x1082, 0x1082, 0x0882, 0x0882, 0x0882, 0x0882, 0x0862,
  0x0862, 0x0882, 0x0882, 0x0862, 0x0862, 0x0862, 0x0062, 0x0862, 0x0062, 0x0043, 0x0043, 0x0043,
  0x0042, 0x0043, 0x0043, 0x0023, 0x0023, 0x0023, 0x0023, 0x0043, 0x0043, 0x0043, 0x0043, 0x0043,
  0x0043, 0x0043, 0x0023, 0x0022, 0x0023, 0x0043, 0x0063, 0x0062, 0x0062, 0x0042, 0x0043, 0x0023,
  0x0022, 0x0022, 0x0022, 0x0022, 0x0022, 0x0022, 0x0022, 0x0022, 0x0022, 0x0042, 0x0042, 0x0042,
  0x0042, 0x0042, 0x0042, 0x0042, 0x0042, 0x0042, 0x0022, 0x0042, 0x0042, 0x0042, 0x0042, 0x0042,
  0x0042, 0x0042, 0x0022, 0x0042, 0x0042, 0x0042, 0x0042, 0x0042, 0x0042, 0x0042, 0x0042, 0x0042,
  0x0042, 0x0042, 0x0042, 0x0042, 0x0042, 0x0042, 0x0042, 0x0042, 0x0042, 0x0042, 0x0042, 0x0042,
  0x0042, 0x0042, 0x0042, 0x0042, 0x0042, 0x0042, 0x0042, 0x0042, 0x0042, 0x0042, 0x0042, 0x0042,
  0x0042, 0x0042, 0x0042, 0x0042, 0x0042, 0x0042, 0x0042, 0x0042, 0x0042, 0x0042, 0x0042, 0x0042,
  0x0042, 0x0042, 0x0042, 0x0042, 0x0042, 0x0042, 0x0042, 0x0042, 0x0042, 0x0042, 0x0042, 0x0042,
  0x0042, 0x0042, 0x0042, 0x0042, 0x0042, 0x0042, 0x0042, 0x0042, 0x0042, 0x0042, 0x0042, 0x0042,
  0x0042, 0x0042, 0x0042, 0x0042, 0x0042, 0x0042, 0x0042, 0x0042, 0x0042, 0x0042, 0x0042, 0x0042,
  0x0042, 0x0042, 0x0042, 0x0042, 0x0042, 0x0062, 0x0062, 0x0062, 0x0862, 0x0862, 0x0862, 0x0062,
  0x0062, 0x0862, 0x0862, 0x0862, 0x0862, 0x0862, 0x0862, 0x0862, 0x0862, 0x0862, 0x0862, 0x0862,
  0x0862, 0x0862, 0x0862, 0x0862, 0x0862, 0x0862, 0x0862, 0x0862, 0x0862, 0x0862, 0x0862, 0x0862,
  0x0862, 0x0862, 0x0882, 0x0882, 0x0882, 0x0882, 0x0882, 0x1082, 0x1082, 0x1082, 0x1082, 0x1082,
  0x1082, 0x1082, 0x1082, 0x1082, 0x1082, 0x1082, 0x1082, 0x1082, 0x1082, 0x1082, 0x1082, 0x1082,
  0x10A2, 0x0820, 0x4B94, 0x5C7A, 0x0000, 0x0000, 0x0000, 0x0000, 0x0000, 0x0000, 0x0000, 0x0000,
  0x0000, 0x0000, 0x0000, 0x0000, 0x0000, 0x0020, 0x0000, 0x324D, 0x759E, 0x10C3, 0x1061, 0x1082,
  0x1082, 0x1082, 0x1082, 0x1082, 0x0882, 0x0862, 0x0882, 0x1082, 0x0882, 0x0882, 0x0862, 0x0862,
  0x0862, 0x0862, 0x0862, 0x0862, 0x0862, 0x0862, 0x0862, 0x0862, 0x0862, 0x0062, 0x0062, 0x0042,
  0x0063, 0x0062, 0x0063, 0x0023, 0x0023, 0x0023, 0x0023, 0x0023, 0x0023, 0x0023, 0x0023, 0x0023,
  0x0023, 0x0023, 0x0023, 0x0023, 0x0023, 0x0043, 0x0063, 0x0063, 0x0062, 0x0042, 0x0042, 0x0042,
  0x0042, 0x0042, 0x0042, 0x0042, 0x0042, 0x0042, 0x0042, 0x0042, 0x0042, 0x0042, 0x0042, 0x0042,
  0x0042, 0x0042, 0x0042, 0x0042, 0x0042, 0x0042, 0x0042, 0x0042, 0x0042, 0x0042, 0x0042, 0x0042,
  0x0042, 0x0042, 0x0042, 0x0042, 0x0022, 0x0022, 0x0022, 0x0042, 0x0042, 0x0042, 0x0042, 0x0042,
  0x0042, 0x0042, 0x0042, 0x0042, 0x0042, 0x0042, 0x0042, 0x0042, 0x0042, 0x0042, 0x0042, 0x0042,
  0x0042, 0x0042, 0x0042, 0x0042, 0x0042, 0x0042, 0x0042, 0x0042, 0x0042, 0x0042, 0x0042, 0x0042,
  0x0042, 0x0042, 0x0042, 0x0042, 0x0042, 0x0042, 0x0042, 0x0042, 0x0042, 0x0042, 0x0042, 0x0042,
  0x0042, 0x0042, 0x0042, 0x0042, 0x0042, 0x0042, 0x0042, 0x0042, 0x0042, 0x0042, 0x0042, 0x0042,
  0x0042, 0x0042, 0x0042, 0x0042, 0x0042, 0x0042, 0x0042, 0x0042, 0x0042, 0x0042, 0x0042, 0x0042,
  0x0042, 0x0042, 0x0042, 0x0042, 0x0042, 0x0042, 0x0042, 0x0042, 0x0042, 0x0042, 0x0042, 0x0042,
  0x0042, 0x0042, 0x0062, 0x0062, 0x0062, 0x0062, 0x0062, 0x0062, 0x0862, 0x0862, 0x0862, 0x0062,
  0x0062, 0x0862, 0x0862, 0x0862, 0x0862, 0x0862, 0x0862, 0x0862, 0x0862, 0x0862, 0x0862, 0x0862,
  0x0862, 0x0862, 0x0862, 0x0862, 0x0862, 0x0862, 0x0862, 0x0862, 0x0862, 0x0862, 0x0862, 0x0882,
  0x0882, 0x0882, 0x0882, 0x0882, 0x1082, 0x1082, 0x1082, 0x1082, 0x1082, 0x1082, 0x1082, 0x1082,
  0x1082, 0x1082, 0x1082, 0x1082, 0x1082, 0x1082, 0x1082, 0x1082, 0x1082, 0x1082, 0x1082, 0x1082,
  0x1082, 0x0041, 0x1988, 0x759F, 0x1106, 0x0000, 0x0000, 0x0000, 0x0000, 0x0000, 0x0000, 0x0000,
  0x0000, 0x0000, 0x0000, 0x0000, 0x0000, 0x0000, 0x0000, 0x5C99, 0x53F5, 0x0820, 0x10A2, 0x1082,
  0x1082, 0x1082, 0x1082, 0x1082, 0x0882, 0x0882, 0x0882, 0x0882, 0x0882, 0x0882, 0x0862, 0x0862,
  0x0062, 0x0062, 0x0062, 0x0062, 0x0062, 0x0062, 0x0062, 0x0062, 0x0862, 0x0862, 0x0062, 0x0062,
  0x0062, 0x0063, 0x0043, 0x0023, 0x0043, 0x0063, 0x0023, 0x0022, 0x0022, 0x0022, 0x0022, 0x0022,
  0x0022, 0x0023, 0x0022, 0x0022, 0x0022, 0x0023, 0x0043, 0x0043, 0x0063, 0x0062, 0x0062, 0x0062,
  0x0062, 0x0062, 0x0062, 0x0062, 0x0062, 0x0062, 0x0062, 0x0042, 0x0042, 0x0042, 0x0042, 0x0042,
  0x0042, 0x0042, 0x0042, 0x0042, 0x0042, 0x0042, 0x0042, 0x0042, 0x0042, 0x0042, 0x0042, 0x0042,
  0x0042, 0x0042, 0x0042, 0x0042, 0x0042, 0x0042, 0x0042, 0x0042, 0x0042, 0x0042, 0x0042, 0x0042,
  0x0042, 0x0042, 0x0042, 0x0042, 0x0042, 0x0042, 0x0042, 0x0042, 0x0042, 0x0042, 0x0042, 0x0042,
  0x0042, 0x0042, 0x0042, 0x0042, 0x0042, 0x0042, 0x0042, 0x0042, 0x0042, 0x0042, 0x0042, 0x0042,
  0x0042, 0x0042, 0x0042, 0x0042, 0x0042, 0x0042, 0x0042, 0x0042, 0x0042, 0x0042, 0x0042, 0x0042,
  0x0042, 0x0042, 0x0042, 0x0042, 0x0042, 0x0042, 0x0042, 0x0042, 0x0042, 0x0042, 0x0042, 0x0042,
  0x0042, 0x0042, 0x0042, 0x0022, 0x0022, 0x0042, 0x0042, 0x0042, 0x0042, 0x0042, 0x0042, 0x0042,
  0x0042, 0x0042, 0x0062, 0x0042, 0x0042, 0x0062, 0x0042, 0x0042, 0x0042, 0x0042, 0x0042, 0x0042,
  0x0042, 0x0042, 0x0062, 0x0062, 0x0062, 0x0062, 0x0062, 0x0062, 0x0862, 0x0862, 0x0862, 0x0862,
  0x0862, 0x0862, 0x0862, 0x0862, 0x0862, 0x0862, 0x0862, 0x0862, 0x0862, 0x0862, 0x0862, 0x0862,
  0x0862, 0x0862, 0x0862, 0x0862, 0x0862, 0x0862, 0x0862, 0x0862, 0x0862, 0x0862, 0x0862, 0x0862,
  0x0882, 0x0882, 0x0882, 0x1082, 0x1082, 0x1082, 0x1082, 0x1082, 0x1082, 0x1082, 0x1082, 0x1082,
  0x1082, 0x1082, 0x1082, 0x1082, 0x1082, 0x1082, 0x1082, 0x1082, 0x1082, 0x1082, 0x1082, 0x0882,
  0x0862, 0x0882, 0x0041, 0x5CDB, 0x3B11, 0x0000, 0x0000, 0x0000, 0x0000, 0x0000, 0x0000, 0x0000,
  0x0000, 0x0000, 0x0000, 0x0000, 0x0000, 0x0000, 0x10C4, 0x759F, 0x29C9, 0x0840, 0x1082, 0x1082,
  0x1082, 0x1082, 0x1082, 0x1082, 0x0882, 0x0862, 0x0862, 0x0862, 0x0862, 0x0862, 0x0862, 0x0062,
  0x0062, 0x0062, 0x0062, 0x0042, 0x0062, 0x0062, 0x0062, 0x0062, 0x0062, 0x0062, 0x0062, 0x0062,
  0x0062, 0x0042, 0x0043, 0x0043, 0x0063, 0x0062, 0x0042, 0x0023, 0x0043, 0x0043, 0x0023, 0x0023,
  0x0043, 0x0043, 0x0022, 0x0022, 0x0022, 0x0043, 0x0063, 0x0063, 0x0883, 0x0863, 0x0043, 0x0042,
  0x0062, 0x0042, 0x0042, 0x0062, 0x0062, 0x0062, 0x0062, 0x0062, 0x0062, 0x0042, 0x0042, 0x0042,
  0x0042, 0x0042, 0x0042, 0x0042, 0x0042, 0x0042, 0x0042, 0x0042, 0x0042, 0x0042, 0x0042, 0x0042,
  0x0042, 0x0042, 0x0042, 0x0042, 0x0042, 0x0042, 0x0042, 0x0042, 0x0042, 0x0042, 0x0042, 0x0042,
  0x0042, 0x0042, 0x0042, 0x0042, 0x0042, 0x0042, 0x0042, 0x0042, 0x0042, 0x0042, 0x0042, 0x0042,
  0x0042, 0x0042, 0x0042, 0x0042, 0x0042, 0x0043, 0x0043, 0x0043, 0x0042, 0x0042, 0x0042, 0x0042,
  0x0042, 0x0042, 0x0042, 0x0042, 0x0042, 0x0042, 0x0042, 0x0042, 0x0042, 0x0042, 0x0042, 0x0042,
  0x0042, 0x0042, 0x0042, 0x0042, 0x0042, 0x0042, 0x0042, 0x0042, 0x0022, 0x0042, 0x0042, 0x0042,
  0x0022, 0x0022, 0x0042, 0x0042, 0x0042, 0x0042, 0x0042, 0x0042, 0x0042, 0x0042, 0x0042, 0x0042,
  0x0042, 0x0042, 0x0042, 0x0062, 0x0042, 0x0042, 0x0042, 0x0062, 0x0042, 0x0042, 0x0062, 0x0042,
  0x0062, 0x0062, 0x0062, 0x0062, 0x0062, 0x0062, 0x0062, 0x0062, 0x0862, 0x0862, 0x0862, 0x0862,
  0x0862, 0x0862, 0x0862, 0x0862, 0x0862, 0x0862, 0x0862, 0x0862, 0x0862, 0x0862, 0x0862, 0x0862,
  0x0862, 0x0862, 0x0862, 0x0862, 0x0862, 0x0862, 0x0862, 0x0862, 0x0862, 0x0862, 0x0862, 0x0862,
  0x0882, 0x0882, 0x1082, 0x1082, 0x1082, 0x1082, 0x1082, 0x1082, 0x1082, 0x1082, 0x1082, 0x1082,
  0x1082, 0x1082, 0x1082, 0x1082, 0x1082, 0x0882, 0x0882, 0x0882, 0x0882, 0x0883, 0x0083, 0x0063,
  0x0063, 0x0883, 0x0020, 0x3AD0, 0x5CFC, 0x0020, 0x0000, 0x0000, 0x0000, 0x0000, 0x0000, 0x0000,
  0x0000, 0x0000, 0x0000, 0x0000, 0x0000, 0x0000, 0x3ACF, 0x651D, 0x0862, 0x0062, 0x0882, 0x0882,
  0x0882, 0x0882, 0x0882, 0x0882, 0x0882, 0x0862, 0x0862, 0x0862, 0x0862, 0x0862, 0x0862, 0x0862,
  0x0062, 0x0062, 0x0062, 0x0062, 0x0062, 0x0062, 0x0062, 0x0042, 0x0042, 0x0042, 0x0042, 0x0042,
  0x0062, 0x0062, 0x0062, 0x0042, 0x0062, 0x0062, 0x0062, 0x0063, 0x0882, 0x0862, 0x0063, 0x0063,
  0x0883, 0x0063, 0x0043, 0x0043, 0x0043, 0x0043, 0x0063, 0x0063, 0x0043, 0x0062, 0x0042, 0x0042,
  0x0042, 0x0042, 0x0042, 0x0042, 0x0063, 0x0062, 0x0062, 0x0062, 0x0042, 0x0042, 0x0042, 0x0042,
  0x0042, 0x0042, 0x0042, 0x0042, 0x0042, 0x0042, 0x0042, 0x0042, 0x0042, 0x0042, 0x0042, 0x0042,
  0x0043, 0x0042, 0x0042, 0x0043, 0x0043, 0x0042, 0x0042, 0x0042, 0x0042, 0x0042, 0x0042, 0x0042,
  0x0042, 0x0042, 0x0042, 0x0042, 0x0042, 0x0042, 0x0042, 0x0042, 0x0042, 0x0042, 0x0042, 0x0042,
  0x0042, 0x0042, 0x0042, 0x0043, 0x0042, 0x0043, 0x0042, 0x0042, 0x0042, 0x0042, 0x0042, 0x0042,
  0x0042, 0x0042, 0x0042, 0x0022, 0x0022, 0x0022, 0x0022, 0x0022, 0x0042, 0x0042, 0x0022, 0x0022,
  0x0022, 0x0042, 0x0042, 0x0042, 0x0042, 0x0042, 0x0042, 0x0022, 0x0022, 0x0042, 0x0022, 0x0022,
  0x0022, 0x0022, 0x0022, 0x0022, 0x0042, 0x0042, 0x0022, 0x0042, 0x0042, 0x0042, 0x0042, 0x0042,
  0x0042, 0x0042, 0x0042, 0x0042, 0x0042, 0x0042, 0x0042, 0x0062, 0x0062, 0x0062, 0x0062, 0x0062,
  0x0062, 0x0062, 0x0062, 0x0062, 0x0062, 0x0062, 0x0062, 0x0062, 0x0862, 0x0862, 0x0862, 0x0862,
  0x0862, 0x0862, 0x0862, 0x0862, 0x0862, 0x0862, 0x0862, 0x0862, 0x0862, 0x0862, 0x0862, 0x0862,
  0x0862, 0x0862, 0x0862, 0x0862, 0x0862, 0x0862, 0x0862, 0x0862, 0x0862, 0x0862, 0x0862, 0x0862,
  0x0882, 0x1082, 0x0882, 0x0883, 0x0882, 0x1082, 0x0882, 0x0883, 0x0882, 0x1082, 0x1082, 0x1082,
  0x1082, 0x1082, 0x1082, 0x0882, 0x0882, 0x0882, 0x0063, 0x0063, 0x0083, 0x0063, 0x0063, 0x0063,
  0x0883, 0x0883, 0x0862, 0x1905, 0x6D7F, 0x1988, 0x0000, 0x0000, 0x0000, 0x0000, 0x0000, 0x0000,
  0x0000, 0x0000, 0x0000, 0x0000, 0x0000, 0x0000, 0x5CBA, 0x4373, 0x0021, 0x0083, 0x0063, 0x0862,
  0x0862, 0x0862, 0x0862, 0x0862, 0x0862, 0x0862, 0x0862, 0x0862, 0x0862, 0x0862, 0x0862, 0x0862,
  0x0862, 0x0862, 0x0862, 0x0862, 0x0862, 0x0862, 0x0862, 0x0862, 0x0862, 0x0062, 0x0042, 0x0062,
  0x0062, 0x0862, 0x0862, 0x0862, 0x0862, 0x0862, 0x0882, 0x0882, 0x0882, 0x0882, 0x0882, 0x0882,
  0x0882, 0x0882, 0x0882, 0x0882, 0x0863, 0x0063, 0x0063, 0x0063, 0x0062, 0x0062, 0x0862, 0x0862,
  0x0063, 0x0063, 0x0062, 0x0062, 0x0062, 0x0062, 0x0062, 0x0062, 0x0042, 0x0042, 0x0042, 0x0042,
  0x0042, 0x0042, 0x0042, 0x0042, 0x0042, 0x0042, 0x0042, 0x0042, 0x0042, 0x0042, 0x0042, 0x0022,
  0x0042, 0x0042, 0x0022, 0x0042, 0x0042, 0x0042, 0x0042, 0x0042, 0x0022, 0x0042, 0x0022, 0x0022,
  0x0022, 0x0022, 0x0042, 0x0042, 0x0022, 0x0022, 0x0042, 0x0042, 0x0042, 0x0043, 0x0042, 0x0042,
  0x0042, 0x0042, 0x0042, 0x0043, 0x0043, 0x0043, 0x0042, 0x0042, 0x0042, 0x0022, 0x0043, 0x0042,
  0x0042, 0x0042, 0x0042, 0x0022, 0x0022, 0x0022, 0x0022, 0x0022, 0x0022, 0x0022, 0x0022, 0x0022,
  0x0022, 0x0022, 0x0022, 0x0022, 0x0042, 0x0042, 0x0022, 0x0022, 0x0022, 0x0022, 0x0022, 0x0022,
  0x0022, 0x0022, 0x0022, 0x0022, 0x0022, 0x0022, 0x0042, 0x0042, 0x0042, 0x0042, 0x0042, 0x0042,
  0x0042, 0x0042, 0x0042, 0x0042, 0x0042, 0x0042, 0x0042, 0x0042, 0x0062, 0x0062, 0x0062, 0x0042,
  0x0042, 0x0042, 0x0042, 0x0042, 0x0062, 0x0062, 0x0062, 0x0062, 0x0062, 0x0062, 0x0062, 0x0062,
  0x0862, 0x0862, 0x0862, 0x0862, 0x0862, 0x0862, 0x0862, 0x0862, 0x0862, 0x0862, 0x0862, 0x0062,
  0x0862, 0x0862, 0x0862, 0x0862, 0x0862, 0x0882, 0x0862, 0x0862, 0x0862, 0x0862, 0x0862, 0x0882,
  0x0882, 0x0063, 0x0043, 0x0043, 0x0063, 0x0083, 0x0063, 0x0063, 0x0882, 0x0882, 0x1082, 0x0882,
  0x0882, 0x0882, 0x0882, 0x0882, 0x0882, 0x0863, 0x0063, 0x0883, 0x0883, 0x0883, 0x0882, 0x0882,
  0x0882, 0x1082, 0x10A3, 0x0821, 0x5C79, 0x4374, 0x0000, 0x0000, 0x0000, 0x0000, 0x0000, 0x0000,
  0x0000, 0x0000, 0x0000, 0x0000, 0x0000, 0x10E5, 0x6D7F, 0x21A9, 0x0862, 0x08A3, 0x0063, 0x0063,
  0x0862, 0x0862, 0x0862, 0x0862, 0x0862, 0x0862, 0x0882, 0x0882, 0x0882, 0x0882, 0x0882, 0x0862,
  0x0882, 0x0882, 0x0882, 0x0882, 0x0882, 0x0882, 0x0882, 0x0882, 0x0882, 0x0882, 0x0882, 0x0882,
  0x0882, 0x0882, 0x0882, 0x0882, 0x0882, 0x0882, 0x0882, 0x0882, 0x0882, 0x0882, 0x0882, 0x0882,
  0x0882, 0x0882, 0x0882, 0x0882, 0x0882, 0x0882, 0x0063, 0x0062, 0x0063, 0x0863, 0x0882, 0x0883,
  0x0883, 0x0883, 0x0883, 0x0863, 0x0063, 0x0063, 0x0062, 0x0063, 0x0062, 0x0062, 0x0042, 0x0042,
  0x0042, 0x0042, 0x0042, 0x0022, 0x0042, 0x0042, 0x0022, 0x0022, 0x0042, 0x0042, 0x0022, 0x0022,
  0x0022, 0x0022, 0x0022, 0x0022, 0x0022, 0x0022, 0x0042, 0x0042, 0x0022, 0x0022, 0x0022, 0x0022,
  0x0022, 0x0042, 0x0022, 0x0022, 0x0022, 0x0022, 0x0022, 0x0042, 0x0042, 0x0042, 0x0042, 0x0042,
  0x0042, 0x0042, 0x0042, 0x0042, 0x0042, 0x0042, 0x0042, 0x0022, 0x0022, 0x0022, 0x0042, 0x0042,
  0x0042, 0x0022, 0x0022, 0x0022, 0x0022, 0x0022, 0x0022, 0x0022, 0x0022, 0x0022, 0x0022, 0x0022,
  0x0022, 0x0022, 0x0022, 0x0022, 0x0022, 0x0022, 0x0022, 0x0022, 0x0022, 0x0022, 0x0022, 0x0022,
  0x0022, 0x0022, 0x0022, 0x0022, 0x0022, 0x0022, 0x0022, 0x0022, 0x0022, 0x0042, 0x0042, 0x0042,
  0x0042, 0x0042, 0x0042, 0x0042, 0x0042, 0x0042, 0x0042, 0x0042, 0x0042, 0x0042, 0x0042, 0x0042,
  0x0042, 0x0042, 0x0042, 0x0042, 0x0042, 0x0042, 0x0062, 0x0062, 0x0062, 0x0062, 0x0062, 0x0062,
  0x0062, 0x0062, 0x0062, 0x0062, 0x0062, 0x0062, 0x0062, 0x0062, 0x0062, 0x0062, 0x0062, 0x0062,
  0x0062, 0x0062, 0x0862, 0x0882, 0x0882, 0x0882, 0x0882, 0x0882, 0x0062, 0x0062, 0x0882, 0x0882,
  0x0063, 0x0063, 0x0063, 0x0063, 0x0863, 0x0862, 0x0862, 0x0882, 0x0882, 0x0882, 0x0882, 0x0882,
  0x0882, 0x0882, 0x0882, 0x0882, 0x0862, 0x0882, 0x0882, 0x0882, 0x0882, 0x0882, 0x0882, 0x1082,
  0x1082, 0x1082, 0x08A3, 0x0021, 0x328F, 0x6D1D, 0x0021, 0x0000, 0x0000, 0x0000, 0x0000, 0x0000,
  0x0000, 0x0000, 0x0000, 0x0000, 0x0000, 0x32AF, 0x64DC, 0x0882, 0x08A3, 0x0883, 0x0083, 0x0063,
  0x0063, 0x0063, 0x0862, 0x0862, 0x0882, 0x0882, 0x0882, 0x0882, 0x0882, 0x0883, 0x0883, 0x0883,
  0x0883, 0x0882, 0x0882, 0x0882, 0x0882, 0x1082, 0x0882, 0x0882, 0x0882, 0x0882, 0x0882, 0x0882,
  0x0882, 0x0882, 0x0882, 0x0882, 0x0882, 0x0882, 0x0862, 0x0882, 0x0882, 0x0882, 0x0862, 0x0882,
  0x0882, 0x0882, 0x0882, 0x0882, 0x0882, 0x0882, 0x0882, 0x0882, 0x0882, 0x0882, 0x0882, 0x0882,
  0x0882, 0x0882, 0x0862, 0x0863, 0x0863, 0x0863, 0x0063, 0x0063, 0x0063, 0x0062, 0x0062, 0x0042,
  0x0042, 0x0042, 0x0042, 0x0042, 0x0042, 0x0042, 0x0042, 0x0022, 0x0022, 0x0022, 0x0022, 0x0022,
  0x0022, 0x0022, 0x0022, 0x0022, 0x0022, 0x0022, 0x0022, 0x0022, 0x0022, 0x0022, 0x0022, 0x0022,
  0x0022, 0x0022, 0x0022, 0x0022, 0x0022, 0x0022, 0x0022, 0x0022, 0x0022, 0x0022, 0x0022, 0x0042,
  0x0042, 0x0022, 0x0022, 0x0022, 0x0022, 0x0022, 0x0022, 0x0022, 0x0042, 0x0022, 0x0022, 0x0022,
  0x0022, 0x0022, 0x0022, 0x0022, 0x0022, 0x0022, 0x0022, 0x0022, 0x0022, 0x0022, 0x0022, 0x0022,
  0x0022, 0x0022, 0x0022, 0x0022, 0x0022, 0x0022, 0x0022, 0x0022, 0x0022, 0x0022, 0x0022, 0x0022,
  0x0022, 0x0022, 0x0022, 0x0022, 0x0022, 0x0022, 0x0022, 0x0022, 0x0022, 0x0042, 0x0042, 0x0042,
  0x0042, 0x0042, 0x0042, 0x0042, 0x0042, 0x0042, 0x0042, 0x0042, 0x0042, 0x0042, 0x0042, 0x0042,
  0x0042, 0x0042, 0x0042, 0x0042, 0x0042, 0x0042, 0x0042, 0x0042, 0x0042, 0x0062, 0x0062, 0x0062,
  0x0062, 0x0062, 0x0062, 0x0062, 0x0062, 0x0062, 0x0062, 0x0062, 0x0062, 0x0062, 0x0062, 0x0062,
  0x0062, 0x0862, 0x0862, 0x0882, 0x0882, 0x0882, 0x0882, 0x0882, 0x0882, 0x0882, 0x0882, 0x0882,
  0x0882, 0x0882, 0x0882, 0x0882, 0x0882, 0x0063, 0x0063, 0x0882, 0x0882, 0x0882, 0x0882, 0x0882,
  0x0882, 0x0883, 0x0862, 0x0063, 0x0063, 0x0862, 0x0882, 0x0882, 0x0882, 0x0882, 0x1082, 0x0882,
  0x0883, 0x0883, 0x0083, 0x0062, 0x1106, 0x6D5F, 0x1968, 0x0000, 0x0000, 0x0000, 0x0000, 0x0000,
  0x0000, 0x0000, 0x0000, 0x0000, 0x0000, 0x5479, 0x4374, 0x0041, 0x08A3, 0x08A3, 0x0883, 0x0883,
  0x0862, 0x0063, 0x0062, 0x0862, 0x0862, 0x0882, 0x0882, 0x0883, 0x08A3, 0x08A3, 0x08A3, 0x08A3,
  0x0883, 0x08A3, 0x08A3, 0x0083, 0x0063, 0x0862, 0x0882, 0x0882, 0x0882, 0x0882, 0x0882, 0x0882,
  0x0882, 0x0882, 0x0882, 0x0882, 0x0882, 0x0882, 0x0882, 0x0882, 0x0882, 0x0882, 0x0882, 0x0882,
  0x0882, 0x0882, 0x0882, 0x0882, 0x0882, 0x0862, 0x0862, 0x0882, 0x0882, 0x0882, 0x0882, 0x0882,
  0x0862, 0x0882, 0x0862, 0x0862, 0x0882, 0x0883, 0x0883, 0x0863, 0x0063, 0x0062, 0x0062, 0x0063,
  0x0062, 0x0042, 0x0042, 0x0042, 0x0042, 0x0042, 0x0042, 0x0043, 0x0042, 0x0042, 0x0042, 0x0043,
  0x0042, 0x0042, 0x0042, 0x0022, 0x0022, 0x0022, 0x0022, 0x0022, 0x0022, 0x0022, 0x0022, 0x0022,
  0x0022, 0x0022, 0x0022, 0x0022, 0x0022, 0x0022, 0x0022, 0x0022, 0x0022, 0x0022, 0x0022, 0x0042,
  0x0042, 0x0022, 0x0022, 0x0022, 0x0022, 0x0022, 0x0022, 0x0022, 0x0022, 0x0022, 0x0022, 0x0022,
  0x0022, 0x0022, 0x0022, 0x0022, 0x0022, 0x0022, 0x0022, 0x0022, 0x0022, 0x0022, 0x0022, 0x0022,
  0x0022, 0x0022, 0x0022, 0x0022, 0x0022, 0x0022, 0x0022, 0x0022, 0x0022, 0x0022, 0x0022, 0x0022,
  0x0022, 0x0022, 0x0022, 0x0022, 0x0022, 0x0022, 0x0022, 0x0022, 0x0022, 0x0022, 0x0022, 0x0042,
  0x0022, 0x0022, 0x0042, 0x0042, 0x0042, 0x0042, 0x0042, 0x0042, 0x0042, 0x0042, 0x0042, 0x0042,
  0x0042, 0x0042, 0x0042, 0x0042, 0x0042, 0x0042, 0x0042, 0x0042, 0x0042, 0x0042, 0x0042, 0x0042,
  0x0042, 0x0042, 0x0042, 0x0042, 0x0042, 0x0062, 0x0062, 0x0062, 0x0062, 0x0062, 0x0042, 0x0062,
  0x0862, 0x0882, 0x0882, 0x0882, 0x0882, 0x1082, 0x1082, 0x0882, 0x0882, 0x0882, 0x0882, 0x0882,
  0x0882, 0x0882, 0x0882, 0x0882, 0x0882, 0x0883, 0x0883, 0x0882, 0x0882, 0x0883, 0x0882, 0x0882,
  0x0883, 0x0063, 0x0883, 0x0862, 0x0863, 0x0883, 0x0883, 0x0883, 0x0882, 0x0882, 0x0883, 0x0063,
  0x0084, 0x08A3, 0x0883, 0x08A3, 0x0061, 0x5C7A, 0x3B32, 0x0000, 0x0020, 0x0000, 0x0000, 0x0000,
  0x0000, 0x0000, 0x0000, 0x0000, 0x08A4, 0x6D7F, 0x21EA, 0x0862, 0x08A3, 0x08A3, 0x08A3, 0x0883,
  0x0882, 0x0882, 0x0882, 0x0882, 0x0882, 0x0862, 0x0882, 0x0883, 0x08A3, 0x08A3, 0x08A3, 0x08A3,
  0x08A3, 0x08A3, 0x08A3, 0x08A3, 0x0083, 0x0043, 0x0862, 0x0882, 0x0862, 0x0882, 0x0882, 0x0882,
  0x0882, 0x0882, 0x0882, 0x0882, 0x0882, 0x0882, 0x0882, 0x0882, 0x0882, 0x0882, 0x0882, 0x0882,
  0x0882, 0x0862, 0x0882, 0x0882, 0x0882, 0x0882, 0x0882, 0x0882, 0x0882, 0x0882, 0x0882, 0x0862,
  0x0862, 0x0862, 0x0862, 0x0882, 0x0882, 0x0863, 0x0883, 0x0883, 0x0862, 0x0863, 0x0063, 0x0063,
  0x0063, 0x0063, 0x0063, 0x0062, 0x0062, 0x0062, 0x0063, 0x0063, 0x0063, 0x0062, 0x0062, 0x0063,
  0x0062, 0x0042, 0x0042, 0x0043, 0x0043, 0x0022, 0x0042, 0x0042, 0x0022, 0x0022, 0x0022, 0x0022,
  0x0022, 0x0022, 0x0022, 0x0022, 0x0022, 0x0022, 0x0022, 0x0022, 0x0022, 0x0022, 0x0022, 0x0022,
  0x0022, 0x0022, 0x0022, 0x0022, 0x0022, 0x0022, 0x0022, 0x0022, 0x0022, 0x0022, 0x0022, 0x0022,
  0x0022, 0x0022, 0x0022, 0x0022, 0x0022, 0x0022, 0x0022, 0x0022, 0x0022, 0x0022, 0x0022, 0x0022,
  0x0022, 0x0022, 0x0022, 0x0022, 0x0022, 0x0022, 0x0022, 0x0022, 0x0042, 0x0022, 0x0022, 0x0022,
  0x0022, 0x0022, 0x0022, 0x0022, 0x0022, 0x0022, 0x0022, 0x0022, 0x0022, 0x0022, 0x0022, 0x0022,
  0x0022, 0x0022, 0x0022, 0x0022, 0x0042, 0x0022, 0x0022, 0x0022, 0x0022, 0x0022, 0x0022, 0x0022,
  0x0022, 0x0022, 0x0042, 0x0042, 0x0042, 0x0042, 0x0042, 0x0042, 0x0042, 0x0042, 0x0042, 0x0042,
  0x0042, 0x0042, 0x0042, 0x0042, 0x0042, 0x0042, 0x0042, 0x0042, 0x0062, 0x0062, 0x0062, 0x0862,
  0x0882, 0x0882, 0x0882, 0x0882, 0x0882, 0x0882, 0x0882, 0x0882, 0x0882, 0x0882, 0x0882, 0x0882,
  0x0882, 0x0882, 0x0882, 0x0882, 0x0882, 0x0883, 0x0883, 0x0883, 0x0883, 0x0883, 0x0883, 0x0883,
  0x0883, 0x0883, 0x0882, 0x0883, 0x08A3, 0x08A3, 0x08A3, 0x0883, 0x0063, 0x0063, 0x0064, 0x0084,
  0x08A3, 0x08A3, 0x08A3, 0x08A4, 0x0041, 0x3AF1, 0x5CBB, 0x0000, 0x0000, 0x0000, 0x0000, 0x0000,
  0x0000, 0x0000, 0x0000, 0x0000, 0x2A4C, 0x6D7E, 0x08C4, 0x0883, 0x08A3, 0x08A3, 0x08A3, 0x08A3,
  0x08A3, 0x08A3, 0x08A3, 0x08A3, 0x0883, 0x0883, 0x0883, 0x0883, 0x08A3, 0x08A3, 0x08A3, 0x08A3,
  0x08A3, 0x08A3, 0x08A3, 0x08A3, 0x08A3, 0x0063, 0x0063, 0x0883, 0x0083, 0x0063, 0x0862, 0x0882,
  0x0882, 0x0882, 0x0882, 0x0882, 0x0882, 0x0882, 0x0882, 0x0882, 0x0882, 0x0882, 0x0882, 0x0862,
  0x0862, 0x0882, 0x0862, 0x0062, 0x0042, 0x0043, 0x0862, 0x0882, 0x0882, 0x0882, 0x0862, 0x0862,
  0x0862, 0x0862, 0x0882, 0x0882, 0x0862, 0x0862, 0x0862, 0x0882, 0x0863, 0x0863, 0x0863, 0x0063,
  0x0863, 0x0063, 0x0063, 0x0063, 0x0063, 0x0063, 0x0063, 0x0063, 0x0063, 0x0063, 0x0063, 0x0062,
  0x0042, 0x0043, 0x0042, 0x0042, 0x0042, 0x0042, 0x0042, 0x0043, 0x0043, 0x0043, 0x0042, 0x0022,
  0x0022, 0x0022, 0x0022, 0x0022, 0x0022, 0x0022, 0x0022, 0x0022, 0x0022, 0x0022, 0x0022, 0x0022,
  0x0022, 0x0022, 0x0022, 0x0022, 0x0022, 0x0022, 0x0022, 0x0022, 0x0022, 0x0022, 0x0022, 0x0022,
  0x0022, 0x0022, 0x0022, 0x0022, 0x0022, 0x0022, 0x0022, 0x0022, 0x0022, 0x0022, 0x0022, 0x0022,
  0x0022, 0x0022, 0x0022, 0x0022, 0x0022, 0x0022, 0x0022, 0x0022, 0x0042, 0x0042, 0x0022, 0x0042,
  0x0042, 0x0042, 0x0042, 0x0042, 0x0042, 0x0022, 0x0022, 0x0022, 0x0022, 0x0022, 0x0022, 0x0022,
  0x0022, 0x0022, 0x0022, 0x0022, 0x0022, 0x0022, 0x0022, 0x0022, 0x0022, 0x0022, 0x0022, 0x0022,
  0x0022, 0x0022, 0x0022, 0x0042, 0x0042, 0x0042, 0x0042, 0x0042, 0x0042, 0x0042, 0x0042, 0x0042,
  0x0042, 0x0042, 0x0042, 0x0042, 0x0042, 0x0042, 0x0062, 0x0062, 0x0862, 0x0882, 0x0883, 0x0882,
  0x0882, 0x0882, 0x0882, 0x0882, 0x0882, 0x0882, 0x0882, 0x0882, 0x0883, 0x0882, 0x0882, 0x0882,
  0x0882, 0x0882, 0x0882, 0x0883, 0x0083, 0x08A3, 0x08A3, 0x08A3, 0x08A3, 0x0883, 0x0083, 0x08A3,
  0x08A3, 0x08A3, 0x08A3, 0x08A3, 0x08A3, 0x08A3, 0x08A3, 0x0083, 0x0043, 0x0044, 0x0064, 0x0084,
  0x0083, 0x0083, 0x08A3, 0x08A3, 0x0062, 0x1968, 0x6D5F, 0x10E5, 0x0000, 0x0000, 0x0000, 0x0000,
  0x0000, 0x0000, 0x0000, 0x0000, 0x53F6, 0x5C57, 0x0041, 0x08A3, 0x08A3, 0x08A3, 0x08A3, 0x08A3,
  0x08A3, 0x08A3, 0x08A3, 0x08A3, 0x08A3, 0x08A3, 0x08A3, 0x08A3, 0x08A3, 0x08A3, 0x08A3, 0x08A3,
  0x08A3, 0x08A3, 0x08A3, 0x08A3, 0x08A3, 0x0083, 0x0083, 0x08A3, 0x08A3, 0x0083, 0x0883, 0x0883,
  0x0862, 0x0882, 0x0883, 0x0883, 0x0882, 0x0882, 0x0882, 0x0882, 0x0882, 0x0882, 0x0862, 0x0862,
  0x0862, 0x0882, 0x0062, 0x0062, 0x0043, 0x0023, 0x0043, 0x0862, 0x0862, 0x0862, 0x0862, 0x0862,
  0x0862, 0x0862, 0x0862, 0x0862, 0x0862, 0x0862, 0x0882, 0x0883, 0x0862, 0x0863, 0x0863, 0x0863,
  0x0063, 0x0042, 0x0042, 0x0042, 0x0022, 0x0022, 0x0022, 0x0042, 0x0063, 0x0063, 0x0062, 0x0042,
  0x0022, 0x0022, 0x0022, 0x0022, 0x0022, 0x0022, 0x0022, 0x0022, 0x0043, 0x0042, 0x0022, 0x0022,
  0x0022, 0x0022, 0x0022, 0x0022, 0x0022, 0x0022, 0x0022, 0x0022, 0x0022, 0x0022, 0x0022, 0x0022,
  0x0022, 0x0022, 0x0022, 0x0022, 0x0022, 0x0022, 0x0022, 0x0022, 0x0022, 0x0022, 0x0022, 0x0022,
  0x0022, 0x0022, 0x0022, 0x0022, 0x0022, 0x0022, 0x0022, 0x0022, 0x0022, 0x0022, 0x0022, 0x0022,
  0x0022, 0x0022, 0x0022, 0x0022, 0x0022, 0x0022, 0x0022, 0x0042, 0x0042, 0x0042, 0x0022, 0x0042,
  0x0042, 0x0042, 0x0042, 0x0042, 0x0042, 0x0042, 0x0042, 0x0022, 0x0022, 0x0022, 0x0022, 0x0022,
  0x0022, 0x0022, 0x0022, 0x0022, 0x0022, 0x0022, 0x0022, 0x0022, 0x0022, 0x0022, 0x0022, 0x0042,
  0x0042, 0x0042, 0x0042, 0x0042, 0x0042, 0x0042, 0x0042, 0x0042, 0x0042, 0x0042, 0x0042, 0x0042,
  0x0042, 0x0042, 0x0062, 0x0062, 0x0062, 0x0062, 0x0862, 0x0882, 0x0882, 0x0882, 0x0883, 0x0883,
  0x0882, 0x0883, 0x0882, 0x0882, 0x0882, 0x0882, 0x0883, 0x0883, 0x0883, 0x0883, 0x0883, 0x0883,
  0x0063, 0x0882, 0x0863, 0x0064, 0x00A4, 0x08A3, 0x08A3, 0x08A3, 0x0883, 0x08A3, 0x08A3, 0x08A3,
  0x08A3, 0x08A3, 0x08A3, 0x08A3, 0x0083, 0x0083, 0x08A3, 0x0083, 0x0064, 0x0063, 0x0064, 0x0064,
  0x0084, 0x0083, 0x0883, 0x0883, 0x0883, 0x0883, 0x64FD, 0x326E, 0x0000, 0x0000, 0x0000, 0x0000,
  0x0000, 0x0000, 0x0000, 0x0021, 0x651D, 0x32AF, 0x0041, 0x08A3, 0x0883, 0x08A3, 0x08A3, 0x08A3,
  0x08A3, 0x08A3, 0x08A3, 0x08A3, 0x08A3, 0x08A3, 0x08A3, 0x08A3, 0x08A3, 0x08A3, 0x08A3, 0x08A4,
  0x08A4, 0x08A3, 0x08A3, 0x08A3, 0x08A3, 0x08A3, 0x08A3, 0x08A3, 0x08A3, 0x08A3, 0x08A4, 0x0083,
  0x0883, 0x0883, 0x0883, 0x0883, 0x0883, 0x0883, 0x0882, 0x0883, 0x0883, 0x0882, 0x0862, 0x0862,
  0x0862, 0x0862, 0x0862, 0x0862, 0x0862, 0x0063, 0x0862, 0x0862, 0x0862, 0x0862, 0x0862, 0x0862,
  0x0882, 0x0862, 0x0862, 0x0862, 0x0863, 0x0063, 0x0042, 0x0042, 0x0063, 0x0062, 0x0063, 0x0063,
  0x0063, 0x0043, 0x0042, 0x0022, 0x0022, 0x0022, 0x0042, 0x0043, 0x0043, 0x0063, 0x0063, 0x0043,
  0x0043, 0x0043, 0x0042, 0x0022, 0x0022, 0x0022, 0x0022, 0x0022, 0x0022, 0x0022, 0x0022, 0x0022,
  0x0022, 0x0022, 0x0022, 0x0022, 0x0022, 0x0022, 0x0022, 0x0022, 0x0022, 0x0022, 0x0022, 0x0022,
  0x0022, 0x0022, 0x0022, 0x0022, 0x0022, 0x0022, 0x0022, 0x0022, 0x0022, 0x0022, 0x0022, 0x0022,
  0x0022, 0x0022, 0x0022, 0x0022, 0x0022, 0x0022, 0x0022, 0x0022, 0x0022, 0x0022, 0x0022, 0x0042,
  0x0022, 0x0022, 0x0042, 0x0022, 0x0022, 0x0022, 0x0022, 0x0042, 0x0042, 0x0042, 0x0042, 0x0043,
  0x0043, 0x0042, 0x0022, 0x0042, 0x0042, 0x0042, 0x0022, 0x0022, 0x0022, 0x0022, 0x0022, 0x0022,
  0x0022, 0x0022, 0x0022, 0x0022, 0x0022, 0x0022, 0x0022, 0x0022, 0x0042, 0x0042, 0x0042, 0x0042,
  0x0062, 0x0042, 0x0042, 0x0042, 0x0042, 0x0062, 0x0062, 0x0062, 0x0062, 0x0062, 0x0062, 0x0863,
  0x0863, 0x0863, 0x0862, 0x0862, 0x0862, 0x0882, 0x0882, 0x0883, 0x0883, 0x0883, 0x0883, 0x0883,
  0x0883, 0x0883, 0x0882, 0x0883, 0x0883, 0x0882, 0x0883, 0x0883, 0x0883, 0x0883, 0x0883, 0x0063,
  0x0063, 0x0063, 0x0043, 0x0064, 0x00A4, 0x08A4, 0x08A4, 0x08A3, 0x08A3, 0x08A3, 0x08A3, 0x08A3,
  0x08A3, 0x08A3, 0x08A3, 0x0084, 0x0064, 0x0083, 0x0883, 0x0883, 0x0883, 0x0083, 0x0063, 0x0083,
  0x0083, 0x0083, 0x0883, 0x0883, 0x08A4, 0x0041, 0x43B5, 0x4BF7, 0x0000, 0x0000, 0x0000, 0x0000,
  0x0000, 0x0000, 0x0000, 0x1926, 0x6D7F, 0x1968, 0x0862, 0x08A3, 0x0883, 0x0883, 0x0883, 0x08A3,
  0x08A3, 0x08A3, 0x08A4, 0x08A3, 0x08A3, 0x08A3, 0x08A3, 0x08A3, 0x08A3, 0x08A3, 0x08A3, 0x08A3,
  0x08A4, 0x08A3, 0x08A3, 0x08A4, 0x08A4, 0x08A4, 0x08A3, 0x08A4, 0x08A4, 0x08A3, 0x08A3, 0x08A4,
  0x0084, 0x0883, 0x0883, 0x0883, 0x0883, 0x0883, 0x0882, 0x0883, 0x0882, 0x0882, 0x0882, 0x0863,
  0x0862, 0x0862, 0x0862, 0x0862, 0x0862, 0x0862, 0x0862, 0x0862, 0x0862, 0x0862, 0x0862, 0x0862,
  0x0063, 0x0043, 0x0063, 0x0062, 0x0042, 0x0022, 0x0022, 0x0022, 0x0043, 0x0042, 0x0062, 0x0043,
  0x0043, 0x0043, 0x0043, 0x0043, 0x0022, 0x0022, 0x0022, 0x0042, 0x0043, 0x0043, 0x0043, 0x0043,
  0x0022, 0x0022, 0x0022, 0x0022, 0x0022, 0x0022, 0x0022, 0x0042, 0x0022, 0x0022, 0x0022, 0x0042,
  0x0042, 0x0042, 0x0042, 0x0042, 0x0042, 0x0042, 0x0022, 0x0022, 0x0022, 0x0022, 0x0022, 0x0022,
  0x0022, 0x0022, 0x0022, 0x0022, 0x0022, 0x0022, 0x0022, 0x0022, 0x0022, 0x0022, 0x0022, 0x0022,
  0x0022, 0x0022, 0x0022, 0x0022, 0x0042, 0x0042, 0x0042, 0x0023, 0x0042, 0x0043, 0x0023, 0x0042,
  0x0043, 0x0043, 0x0042, 0x0042, 0x0022, 0x0022, 0x0022, 0x0022, 0x0022, 0x0022, 0x0022, 0x0022,
  0x0022, 0x0022, 0x0022, 0x0022, 0x0022, 0x0022, 0x0022, 0x0022, 0x0022, 0x0022, 0x0022, 0x0022,
  0x0022, 0x0022, 0x0022, 0x0022, 0x0042, 0x0042, 0x0042, 0x0063, 0x0063, 0x0063, 0x0062, 0x0063,
  0x0062, 0x0062, 0x0062, 0x0062, 0x0063, 0x0063, 0x0863, 0x0862, 0x0862, 0x0863, 0x0863, 0x0883,
  0x0882, 0x0882, 0x0882, 0x0882, 0x0883, 0x0882, 0x0883, 0x0883, 0x0883, 0x0883, 0x0882, 0x0882,
  0x0882, 0x0883, 0x0883, 0x0883, 0x0883, 0x0862, 0x0882, 0x0883, 0x0883, 0x0883, 0x0883, 0x0883,
  0x0863, 0x0063, 0x0043, 0x0043, 0x0064, 0x0084, 0x00A4, 0x00A3, 0x08A4, 0x08A3, 0x08A3, 0x08A3,
  0x08A3, 0x0084, 0x0084, 0x0063, 0x0083, 0x0863, 0x0883, 0x0883, 0x0883, 0x0883, 0x0883, 0x0883,
  0x0083, 0x0083, 0x0083, 0x08A3, 0x08C4, 0x0061, 0x2A4D, 0x651D, 0x0041, 0x0000, 0x0000, 0x0000,
  0x0000, 0x0000, 0x0000, 0x32AF, 0x64FC, 0x0883, 0x08A3, 0x08A3, 0x0883, 0x0883, 0x0883, 0x0883,
  0x08A3, 0x08A4, 0x08A3, 0x08A3, 0x08A3, 0x08A3, 0x08A3, 0x08A3, 0x08A3, 0x08A3, 0x08A3, 0x08A3,
  0x08A3, 0x08A4, 0x08A4, 0x08A4, 0x08A4, 0x08A4, 0x08A4, 0x08A4, 0x08A4, 0x08A4, 0x08A4, 0x00A4,
  0x0084, 0x0064, 0x0883, 0x0883, 0x0883, 0x0063, 0x0863, 0x0863, 0x0862, 0x0883, 0x0883, 0x0883,
  0x0883, 0x0862, 0x0862, 0x0862, 0x0862, 0x0862, 0x0862, 0x0862, 0x0062, 0x0062, 0x0063, 0x0062,
  0x0063, 0x0043, 0x0043, 0x0043, 0x0022, 0x0022, 0x0022, 0x0042, 0x0042, 0x0042, 0x0042, 0x0042,
  0x0042, 0x0042, 0x0043, 0x0022, 0x0022, 0x0022, 0x0022, 0x0022, 0x0022, 0x0022, 0x0022, 0x0022,
  0x0022, 0x0022, 0x0022, 0x0022, 0x0022, 0x0042, 0x0042, 0x0022, 0x0022, 0x0042, 0x0043, 0x0042,
  0x0043, 0x0043, 0x0042, 0x0042, 0x0043, 0x0042, 0x0043, 0x0042, 0x0022, 0x0022, 0x0022, 0x0022,
  0x0022, 0x0022, 0x0022, 0x0022, 0x0022, 0x0022, 0x0022, 0x0022, 0x0022, 0x0022, 0x0022, 0x0022,
  0x0022, 0x0022, 0x0043, 0x0043, 0x0022, 0x0042, 0x0042, 0x0043, 0x0043, 0x0042, 0x0042, 0x0042,
  0x0043, 0x0042, 0x0043, 0x0043, 0x0022, 0x0022, 0x0022, 0x0022, 0x0022, 0x0022, 0x0022, 0x0022,
  0x0022, 0x0022, 0x0022, 0x0022, 0x0022, 0x0022, 0x0022, 0x0022, 0x0022, 0x0022, 0x0022, 0x0022,
  0x0022, 0x0022, 0x0022, 0x0042, 0x0043, 0x0043, 0x0042, 0x0063, 0x0063, 0x0063, 0x0062, 0x0063,
  0x0062, 0x0062, 0x0062, 0x0862, 0x0862, 0x0862, 0x0862, 0x0863, 0x0863, 0x0862, 0x0882, 0x0883,
  0x0883, 0x0882, 0x0882, 0x0882, 0x0883, 0x0883, 0x0883, 0x0882, 0x0882, 0x0883, 0x0883, 0x0883,
  0x0883, 0x0883, 0x0883, 0x0883, 0x0883, 0x0883, 0x0063, 0x0063, 0x0063, 0x0063, 0x0083, 0x0083,
  0x0883, 0x0063, 0x0063, 0x0064, 0x0064, 0x00A4, 0x00A3, 0x08A3, 0x08A4, 0x08A4, 0x08A3, 0x08A3,
  0x08A3, 0x0084, 0x0063, 0x0063, 0x0063, 0x0062, 0x0062, 0x0063, 0x0063, 0x0063, 0x0083, 0x0883,
  0x08A3, 0x0083, 0x08A3, 0x08A3, 0x08A4, 0x0883, 0x1926, 0x6D5F, 0x1968, 0x0000, 0x0000, 0x0000,
  0x0000, 0x0000, 0x0000, 0x5417, 0x4BD6, 0x0021, 0x08A4, 0x08A3, 0x08A3, 0x0883, 0x0883, 0x0883,
  0x08A3, 0x08A3, 0x08A4, 0x08A4, 0x08A4, 0x08A3, 0x08A4, 0x08A3, 0x08A3, 0x08A3, 0x08A4, 0x08A4,
  0x08A4, 0x08A4, 0x08A4, 0x08A4, 0x08A4, 0x08A4, 0x08A4, 0x08A4, 0x08A4, 0x08A4, 0x00A4, 0x0084,
  0x0064, 0x0043, 0x0063, 0x0883, 0x0863, 0x0883, 0x0863, 0x0883, 0x0883, 0x0863, 0x0863, 0x0882,
  0x0882, 0x0862, 0x0862, 0x0862, 0x0862, 0x0862, 0x0862, 0x0862, 0x0863, 0x0062, 0x0062, 0x0063,
  0x0063, 0x0063, 0x0063, 0x0063, 0x0063, 0x0062, 0x0063, 0x0063, 0x0063, 0x0043, 0x0042, 0x0022,
  0x0042, 0x0022, 0x0022, 0x0022, 0x0022, 0x0022, 0x0022, 0x0022, 0x0022, 0x0022, 0x0022, 0x0022,
  0x0022, 0x0022, 0x0022, 0x0022, 0x0022, 0x0022, 0x0042, 0x0042, 0x0042, 0x0043, 0x0042, 0x0042,
  0x0042, 0x0043, 0x0042, 0x0042, 0x0043, 0x0043, 0x0043, 0x0043, 0x0022, 0x0022, 0x0022, 0x0022,
  0x0022, 0x0022, 0x0022, 0x0022, 0x0022, 0x0022, 0x0022, 0x0022, 0x0022, 0x0022, 0x0022, 0x0042,
  0x0043, 0x0043, 0x0043, 0x0043, 0x0043, 0x0042, 0x0043, 0x0043, 0x0043, 0x0042, 0x0022, 0x0022,
  0x0022, 0x0022, 0x0023, 0x0022, 0x0022, 0x0022, 0x0022, 0x0022, 0x0022, 0x0022, 0x0022, 0x0022,
  0x0022, 0x0022, 0x0022, 0x0022, 0x0022, 0x0022, 0x0042, 0x0042, 0x0042, 0x0042, 0x0042, 0x0042,
  0x0042, 0x0043, 0x0042, 0x0042, 0x0043, 0x0043, 0x0042, 0x0062, 0x0062, 0x0062, 0x0062, 0x0063,
  0x0062, 0x0062, 0x0862, 0x0862, 0x0862, 0x0862, 0x0862, 0x0862, 0x0862, 0x0882, 0x0882, 0x0882,
  0x0882, 0x0882, 0x0883, 0x0882, 0x0883, 0x0883, 0x0883, 0x0883, 0x0883, 0x0883, 0x0883, 0x0883,
  0x0883, 0x0883, 0x0863, 0x0863, 0x0063, 0x0063, 0x0043, 0x0043, 0x0063, 0x0063, 0x0084, 0x0084,
  0x0084, 0x0064, 0x0084, 0x08A4, 0x08A4, 0x08A4, 0x08A4, 0x08A4, 0x08A4, 0x08A4, 0x08A4, 0x08A4,
  0x08A4, 0x0084, 0x0083, 0x0063, 0x0043, 0x0063, 0x0063, 0x0083, 0x0083, 0x0083, 0x08A3, 0x08A3,
  0x08A3, 0x08A3, 0x08A3, 0x08A3, 0x08A3, 0x08C3, 0x0882, 0x64DB, 0x32AF, 0x0000, 0x0020, 0x0000,
  0x0000, 0x0000, 0x0021, 0x651D, 0x326E, 0x0021, 0x08A3, 0x0883, 0x08A4, 0x08A3, 0x08A3, 0x08A3,
  0x08A3, 0x08A3, 0x08A3, 0x08A4, 0x08A4, 0x08A3, 0x08A4, 0x08A4, 0x08A4, 0x08A4, 0x08A4, 0x08A4,
  0x08A4, 0x08A4, 0x08A4, 0x08A4, 0x08A4, 0x08A4, 0x08A4, 0x08A4, 0x08A4, 0x08A4, 0x0084, 0x00A4,
  0x0084, 0x0063, 0x0063, 0x0883, 0x0883, 0x0883, 0x0883, 0x0883, 0x0883, 0x0863, 0x0863, 0x0882,
  0x0883, 0x0863, 0x0863, 0x0882, 0x0862, 0x0882, 0x0882, 0x0863, 0x0863, 0x0063, 0x0063, 0x0063,
  0x0063, 0x0063, 0x0063, 0x0063, 0x0063, 0x0063, 0x0063, 0x0063, 0x0062, 0x0063, 0x0043, 0x0043,
  0x0022, 0x0022, 0x0022, 0x0022, 0x0022, 0x0022, 0x0022, 0x0022, 0x0022, 0x0022, 0x0022, 0x0022,
  0x0022, 0x0022, 0x0022, 0x0022, 0x0022, 0x0022, 0x0022, 0x0042, 0x0042, 0x0043, 0x0043, 0x0042,
  0x0042, 0x0043, 0x0042, 0x0042, 0x0042, 0x0042, 0x0042, 0x0022, 0x0022, 0x0022, 0x0022, 0x0022,
  0x0022, 0x0042, 0x0022, 0x0042, 0x0042, 0x0043, 0x0043, 0x0043, 0x0043, 0x0043, 0x0043, 0x0043,
  0x0043, 0x0043, 0x0043, 0x0043, 0x0043, 0x0043, 0x0043, 0x0043, 0x0043, 0x0042, 0x0022, 0x0022,
  0x0022, 0x0022, 0x0022, 0x0022, 0x0022, 0x0022, 0x0022, 0x0022, 0x0022, 0x0022, 0x0022, 0x0022,
  0x0022, 0x0022, 0x0022, 0x0022, 0x0022, 0x0022, 0x0022, 0x0022, 0x0022, 0x0022, 0x0042, 0x0042,
  0x0042, 0x0043, 0x0042, 0x0042, 0x0043, 0x0042, 0x0063, 0x0062, 0x0062, 0x0062, 0x0062, 0x0062,
  0x0062, 0x0062, 0x0062, 0x0862, 0x0862, 0x0862, 0x0862, 0x0862, 0x0863, 0x0863, 0x0862, 0x0882,
  0x0882, 0x0882, 0x0883, 0x0883, 0x0883, 0x0883, 0x0883, 0x0863, 0x0883, 0x0883, 0x0883, 0x0883,
  0x0863, 0x0063, 0x0063, 0x0063, 0x0043, 0x0043, 0x0023, 0x0064, 0x0064, 0x0064, 0x0084, 0x0084,
  0x0084, 0x00A4, 0x00A4, 0x08A4, 0x08A4, 0x08A4, 0x08A4, 0x08A4, 0x08A4, 0x08A4, 0x0084, 0x0084,
  0x0084, 0x0084, 0x0083, 0x0883, 0x0083, 0x0083, 0x08A3, 0x08A3, 0x08A3, 0x08A4, 0x08A4, 0x08A4,
  0x08A3, 0x08A3, 0x08A3, 0x08A3, 0x08C3, 0x10C4, 0x0861, 0x4BB5, 0x5417, 0x0000, 0x0000, 0x0000,
  0x0000, 0x0000, 0x1106, 0x757F, 0x1127, 0x0021, 0x0883, 0x0083, 0x0083, 0x0883, 0x08A3, 0x08A3,
  0x08A3, 0x08A3, 0x08A3, 0x08A4, 0x08A4, 0x08A4, 0x08A4, 0x08A4, 0x08A4, 0x08A4, 0x08A4, 0x08A4,
  0x08A4, 0x08A4, 0x08A4, 0x08A4, 0x08A4, 0x00A4, 0x08A4, 0x08A4, 0x08A4, 0x08A4, 0x08A4, 0x08A4,
  0x08A4, 0x0084, 0x0084, 0x00A4, 0x0084, 0x0063, 0x0083, 0x0063, 0x0063, 0x0063, 0x0863, 0x0883,
  0x0883, 0x0883, 0x0883, 0x0883, 0x0882, 0x0862, 0x0882, 0x0863, 0x0863, 0x0863, 0x0883, 0x0883,
  0x0883, 0x0883, 0x0883, 0x0863, 0x0063, 0x0063, 0x0063, 0x0063, 0x0063, 0x0063, 0x0043, 0x0043,
  0x0043, 0x0043, 0x0042, 0x0042, 0x0043, 0x0022, 0x0022, 0x0022, 0x0022, 0x0022, 0x0022, 0x0022,
  0x0042, 0x0042, 0x0042, 0x0022, 0x0022, 0x0022, 0x0022, 0x0022, 0x0042, 0x0042, 0x0042, 0x0042,
  0x0043, 0x0043, 0x0042, 0x0042, 0x0042, 0x0042, 0x0042, 0x0042, 0x0042, 0x0042, 0x0043, 0x0043,
  0x0043, 0x0042, 0x0042, 0x0042, 0x0042, 0x0043, 0x0043, 0x0043, 0x0043, 0x0043, 0x0043, 0x0063,
  0x0043, 0x0043, 0x0043, 0x0043, 0x0043, 0x0043, 0x0043, 0x0043, 0x0043, 0x0042, 0x0022, 0x0022,
  0x0022, 0x0022, 0x0022, 0x0022, 0x0022, 0x0022, 0x0022, 0x0022, 0x0022, 0x0022, 0x0022, 0x0022,
  0x0022, 0x0043, 0x0042, 0x0042, 0x0042, 0x0042, 0x0042, 0x0043, 0x0043, 0x0043, 0x0043, 0x0042,
  0x0043, 0x0043, 0x0043, 0x0043, 0x0042, 0x0042, 0x0042, 0x0062, 0x0042, 0x0062, 0x0062, 0x0062,
  0x0062, 0x0062, 0x0062, 0x0063, 0x0863, 0x0883, 0x0883, 0x0883, 0x0863, 0x0862, 0x0862, 0x0862,
  0x0862, 0x0883, 0x0883, 0x0883, 0x0883, 0x0883, 0x0883, 0x0863, 0x0063, 0x0083, 0x0063, 0x0063,
  0x0063, 0x0063, 0x0063, 0x0043, 0x0023, 0x0023, 0x0043, 0x0044, 0x0044, 0x0064, 0x0084, 0x0084,
  0x00A4, 0x00A4, 0x00A4, 0x00A4, 0x00A4, 0x00A4, 0x00A4, 0x00A4, 0x00A4, 0x00A4, 0x0084, 0x0084,
  0x00A4, 0x08A4, 0x08A4, 0x08A4, 0x08A4, 0x08A4, 0x08A4, 0x08A4, 0x08A4, 0x08A4, 0x08A3, 0x08A4,
  0x08A4, 0x08A4, 0x08C4, 0x08C4, 0x10C4, 0x10C4, 0x0882, 0x326E, 0x64FD, 0x0021, 0x0000, 0x0000,
  0x0020, 0x0000, 0x2A4C, 0x6D3D, 0x0063, 0x0022, 0x0063, 0x0063, 0x0063, 0x0883, 0x0883, 0x0883,
  0x0883, 0x08A4, 0x08A4, 0x08A4, 0x08A4, 0x08A4, 0x08A3, 0x08A3, 0x08A4, 0x08A4, 0x08A4, 0x08A4,
  0x08A4, 0x08A4, 0x00A4, 0x00A4, 0x00A4, 0x00A4, 0x00A4, 0x00A4, 0x08A4, 0x08A4, 0x08A4, 0x08C4,
  0x08C4, 0x08A4, 0x00A4, 0x00A4, 0x00A4, 0x0084, 0x0084, 0x0084, 0x0064, 0x0043, 0x0043, 0x0883,
  0x0883, 0x0863, 0x0883, 0x0883, 0x0883, 0x0862, 0x0883, 0x0882, 0x0863, 0x0883, 0x0883, 0x0863,
  0x0883, 0x0883, 0x0883, 0x0883, 0x0883, 0x0063, 0x0063, 0x0063, 0x0063, 0x0063, 0x0063, 0x0043,
  0x0043, 0x0043, 0x0063, 0x0063, 0x0043, 0x0043, 0x0042, 0x0043, 0x0043, 0x0043, 0x0043, 0x0043,
  0x0063, 0x0063, 0x0063, 0x0063, 0x0063, 0x0043, 0x0043, 0x0043, 0x0043, 0x0043, 0x0043, 0x0043,
  0x0043, 0x0043, 0x0043, 0x0043, 0x0043, 0x0043, 0x0043, 0x0043, 0x0042, 0x0042, 0x0043, 0x0043,
  0x0042, 0x0042, 0x0043, 0x0042, 0x0042, 0x0043, 0x0043, 0x0043, 0x0043, 0x0043, 0x0043, 0x0043,
  0x0043, 0x0043, 0x0043, 0x0043, 0x0043, 0x0043, 0x0043, 0x0042, 0x0042, 0x0042, 0x0042, 0x0042,
  0x0042, 0x0023, 0x0022, 0x0022, 0x0022, 0x0022, 0x0022, 0x0042, 0x0042, 0x0042, 0x0043, 0x0043,
  0x0043, 0x0043, 0x0043, 0x0043, 0x0043, 0x0043, 0x0043, 0x0043, 0x0063, 0x0043, 0x0063, 0x0043,
  0x0043, 0x0063, 0x0063, 0x0063, 0x0063, 0x0062, 0x0062, 0x0062, 0x0062, 0x0062, 0x0062, 0x0062,
  0x0063, 0x0063, 0x0863, 0x0863, 0x0863, 0x0883, 0x0883, 0x0883, 0x0883, 0x0883, 0x0863, 0x0883,
  0x0883, 0x0883, 0x0863, 0x0863, 0x0883, 0x0883, 0x0883, 0x0063, 0x0063, 0x0063, 0x0063, 0x0063,
  0x0063, 0x0063, 0x0063, 0x0043, 0x0023, 0x0023, 0x0023, 0x0023, 0x0044, 0x0084, 0x0084, 0x0084,
  0x0084, 0x0084, 0x0084, 0x0084, 0x0084, 0x0084, 0x0084, 0x0084, 0x0084, 0x0084, 0x00A4, 0x00A4,
  0x08A4, 0x08A4, 0x08A4, 0x08A4, 0x00A4, 0x08A4, 0x00A4, 0x00A4, 0x08A4, 0x08C4, 0x08C4, 0x08C4,
  0x08A4, 0x08A4, 0x08C4, 0x08C4, 0x10C4, 0x10C4, 0x08A3, 0x1988, 0x653E, 0x1105, 0x0000, 0x0000,
  0x0020, 0x0000, 0x4373, 0x5459, 0x0001, 0x0063, 0x0862, 0x0063, 0x0063, 0x0883, 0x0883, 0x0862,
  0x0883, 0x0883, 0x08A4, 0x08A4, 0x08A4, 0x08A4, 0x08A4, 0x08A4, 0x08A4, 0x08A4, 0x08A4, 0x00A4,
  0x00A4, 0x00A4, 0x00A4, 0x00A4, 0x00A4, 0x00A4, 0x00A4, 0x00A4, 0x00A4, 0x00A4, 0x00A4, 0x08C4,
  0x08C4, 0x08C4, 0x00A5, 0x00A5, 0x00A5, 0x00A5, 0x0085, 0x0064, 0x0064, 0x0044, 0x0023, 0x0063,
  0x0083, 0x0883, 0x0883, 0x0883, 0x0883, 0x0883, 0x0883, 0x0883, 0x0863, 0x0883, 0x0883, 0x0883,
  0x0883, 0x0883, 0x0883, 0x0883, 0x0883, 0x0883, 0x0883, 0x0863, 0x0063, 0x0063, 0x0063, 0x0063,
  0x0063, 0x0063, 0x0063, 0x0063, 0x0063, 0x0063, 0x0063, 0x0063, 0x0063, 0x0063, 0x0063, 0x0063,
  0x0063, 0x0063, 0x0063, 0x0063, 0x0063, 0x0063, 0x0063, 0x0063, 0x0063, 0x0063, 0x0063, 0x0063,
  0x0063, 0x0063, 0x0063, 0x0063, 0x0063, 0x0063, 0x0063, 0x0063, 0x0063, 0x0063, 0x0043, 0x0043,
  0x0043, 0x0043, 0x0043, 0x0042, 0x0042, 0x0043, 0x0043, 0x0042, 0x0042, 0x0043, 0x0063, 0x0043,
  0x0063, 0x0043, 0x0043, 0x0043, 0x0043, 0x0043, 0x0043, 0x0043, 0x0043, 0x0042, 0x0043, 0x0043,
  0x0043, 0x0043, 0x0043, 0x0043, 0x0043, 0x0043, 0x0043, 0x0043, 0x0043, 0x0043, 0x0043, 0x0043,
  0x0043, 0x0043, 0x0063, 0x0063, 0x0063, 0x0063, 0x0062, 0x0063, 0x0063, 0x0063, 0x0063, 0x0063,
  0x0063, 0x0063, 0x0063, 0x0063, 0x0063, 0x0063, 0x0063, 0x0063, 0x0063, 0x0063, 0x0063, 0x0063,
  0x0063, 0x0863, 0x0863, 0x0863, 0x0863, 0x0863, 0x0883, 0x0883, 0x0883, 0x0863, 0x0863, 0x0883,
  0x0863, 0x0863, 0x0063, 0x0863, 0x0063, 0x0063, 0x0063, 0x0063, 0x0063, 0x0063, 0x0063, 0x0063,
  0x0063, 0x0063, 0x0063, 0x0063, 0x0063, 0x0043, 0x0023, 0x0044, 0x0064, 0x0064, 0x0064, 0x0064,
  0x0064, 0x0064, 0x0064, 0x0064, 0x0064, 0x0064, 0x0084, 0x0084, 0x0084, 0x00A4, 0x00A4, 0x00A4,
  0x00A4, 0x08A4, 0x08A4, 0x08A4, 0x08A4, 0x08A4, 0x08A4, 0x08A4, 0x08C4, 0x08C4, 0x08C4, 0x08C4,
  0x08A4, 0x08C4, 0x08C4, 0x08C4, 0x08C4, 0x10C4, 0x10C4, 0x10C4, 0x64FD, 0x2A0B, 0x0000, 0x0000,
  0x0000, 0x0000, 0x5479, 0x3B32, 0x0000, 0x0882, 0x0862, 0x0862, 0x0862, 0x0883, 0x0883, 0x0883,
  0x0883, 0x08A3, 0x08A3, 0x08A4, 0x08A4, 0x08A4, 0x08A3, 0x08A4, 0x08A4, 0x08A4, 0x00A4, 0x00A4,
  0x00A4, 0x00A4, 0x00A4, 0x00A4, 0x00A4, 0x00A4, 0x00A5, 0x00A5, 0x00A5, 0x0085, 0x00A5, 0x00A5,
  0x00C5, 0x00A5, 0x00A5, 0x00A5, 0x00A5, 0x00A5, 0x0085, 0x0064, 0x0044, 0x0043, 0x0023, 0x0043,
  0x0063, 0x0883, 0x0883, 0x0883, 0x0883, 0x0883, 0x0883, 0x0883, 0x0883, 0x0883, 0x0883, 0x0883,
  0x0883, 0x0883, 0x0883, 0x0863, 0x0863, 0x0883, 0x0863, 0x0863, 0x0863, 0x0863, 0x0863, 0x0863,
  0x0863, 0x0883, 0x0083, 0x0063, 0x0063, 0x0063, 0x0063, 0x0063, 0x0063, 0x0083, 0x0063, 0x0063,
  0x0063, 0x0063, 0x0063, 0x0063, 0x0063, 0x0063, 0x0063, 0x0063, 0x0063, 0x0063, 0x0063, 0x0063,
  0x0063, 0x0063, 0x0063, 0x0063, 0x0063, 0x0063, 0x0063, 0x0063, 0x0063, 0x0063, 0x0063, 0x0062,
  0x0062, 0x0042, 0x0042, 0x0042, 0x0042, 0x0042, 0x0042, 0x0042, 0x0043, 0x0043, 0x0043, 0x0043,
  0x0043, 0x0043, 0x0043, 0x0043, 0x0043, 0x0043, 0x0043, 0x0043, 0x0043, 0x0043, 0x0043, 0x0043,
  0x0043, 0x0043, 0x0043, 0x0043, 0x0043, 0x0043, 0x0043, 0x0063, 0x0063, 0x0043, 0x0043, 0x0063,
  0x0063, 0x0063, 0x0063, 0x0063, 0x0063, 0x0063, 0x0062, 0x0063, 0x0063, 0x0063, 0x0063, 0x0063,
  0x0063, 0x0063, 0x0863, 0x0063, 0x0063, 0x0063, 0x0063, 0x0063, 0x0863, 0x0863, 0x0063, 0x0863,
  0x0863, 0x0863, 0x0863, 0x0863, 0x0883, 0x0883, 0x0863, 0x0883, 0x0883, 0x0883, 0x0863, 0x0063,
  0x0063, 0x0063, 0x0063, 0x0063, 0x0063, 0x0063, 0x0063, 0x0063, 0x0063, 0x0063, 0x0063, 0x0063,
  0x0063, 0x0063, 0x0043, 0x0043, 0x0043, 0x0043, 0x0023, 0x0044, 0x0044, 0x0044, 0x0044, 0x0023,
  0x0043, 0x0044, 0x0043, 0x0044, 0x0064, 0x0064, 0x0084, 0x0084, 0x0084, 0x00A4, 0x00A4, 0x00A4,
  0x00A4, 0x08A4, 0x08A4, 0x00A4, 0x08A4, 0x08A4, 0x08C4, 0x08C4, 0x08C4, 0x08C4, 0x08C4, 0x08C4,
  0x08C4, 0x08C4, 0x08C4, 0x08C4, 0x08C4, 0x08C4, 0x10C4, 0x0862, 0x5459, 0x4333, 0x0000, 0x0000,
  0x0000, 0x0041, 0x653D, 0x2A2D, 0x0001, 0x0083, 0x0882, 0x0862, 0x0862, 0x0882, 0x0882, 0x0883,
  0x0883, 0x08A3, 0x08A3, 0x0883, 0x08A3, 0x08A4, 0x08A3, 0x08A4, 0x08A4, 0x08A4, 0x08A4, 0x08A4,
  0x00A4, 0x00A4, 0x00A4, 0x00A4, 0x00A4, 0x00A4, 0x00A4, 0x00A5, 0x0084, 0x00A5, 0x0085, 0x0085,
  0x0085, 0x0085, 0x0085, 0x0085, 0x0085, 0x0085, 0x0085, 0x0065, 0x0044, 0x0023, 0x0043, 0x0063,
  0x0083, 0x0063, 0x0063, 0x0063, 0x0863, 0x0883, 0x0883, 0x0883, 0x0883, 0x0883, 0x0883, 0x0883,
  0x0883, 0x0883, 0x0883, 0x0863, 0x0863, 0x0863, 0x0883, 0x0883, 0x0883, 0x0883, 0x0863, 0x0863,
  0x0863, 0x0863, 0x0863, 0x0883, 0x0083, 0x0863, 0x0063, 0x0063, 0x0063, 0x0063, 0x0083, 0x0063,
  0x0063, 0x0063, 0x0063, 0x0063, 0x0063, 0x0063, 0x0063, 0x0063, 0x0063, 0x0063, 0x0063, 0x0063,
  0x0063, 0x0063, 0x0063, 0x0063, 0x0063, 0x0063, 0x0063, 0x0063, 0x0063, 0x0063, 0x0063, 0x0063,
  0x0062, 0x0063, 0x0063, 0x0042, 0x0042, 0x0043, 0x0063, 0x0063, 0x0043, 0x0043, 0x0043, 0x0043,
  0x0043, 0x0043, 0x0043, 0x0043, 0x0043, 0x0043, 0x0043, 0x0043, 0x0043, 0x0043, 0x0063, 0x0043,
  0x0063, 0x0063, 0x0063, 0x0063, 0x0063, 0x0063, 0x0063, 0x0063, 0x0063, 0x0063, 0x0063, 0x0063,
  0x0063, 0x0063, 0x0063, 0x0063, 0x0063, 0x0063, 0x0063, 0x0063, 0x0063, 0x0063, 0x0063, 0x0863,
  0x0063, 0x0063, 0x0063, 0x0063, 0x0063, 0x0063, 0x0063, 0x0083, 0x0883, 0x0863, 0x0863, 0x0863,
  0x0063, 0x0863, 0x0863, 0x0883, 0x0883, 0x0083, 0x0063, 0x0863, 0x0083, 0x0063, 0x0083, 0x0083,
  0x0063, 0x0063, 0x0063, 0x0063, 0x0063, 0x0063, 0x0063, 0x0063, 0x0063, 0x0063, 0x0063, 0x0063,
  0x0043, 0x0043, 0x0023, 0x0043, 0x0023, 0x0023, 0x0023, 0x0023, 0x0023, 0x0023, 0x0023, 0x0023,
  0x0043, 0x0023, 0x0044, 0x0064, 0x0084, 0x0084, 0x0084, 0x0084, 0x0084, 0x0084, 0x0084, 0x00A4,
  0x00A4, 0x00A4, 0x00A4, 0x08A4, 0x08A4, 0x08C4, 0x08C4, 0x08C4, 0x08C4, 0x08C4, 0x08C4, 0x08C4,
  0x08C4, 0x08C4, 0x08C4, 0x08C4, 0x08C4, 0x08C4, 0x10C4, 0x0062, 0x4374, 0x5439, 0x0000, 0x0000,
  0x0000, 0x1105, 0x6D7F, 0x1948, 0x0062, 0x08A3, 0x0883, 0x0883, 0x0882, 0x0862, 0x0883, 0x0883,
  0x08A3, 0x08A3, 0x0883, 0x0883, 0x08A3, 0x08A4, 0x08A4, 0x08A4, 0x08A4, 0x08A4, 0x08A4, 0x08A4,
  0x00A4, 0x08A4, 0x00A4, 0x00A4, 0x0084, 0x00A4, 0x00A4, 0x0085, 0x0084, 0x00A4, 0x0084, 0x0084,
  0x0064, 0x0065, 0x0064, 0x0044, 0x0044, 0x0044, 0x0065, 0x0064, 0x0064, 0x0023, 0x0023, 0x0043,
  0x0043, 0x0043, 0x0063, 0x0063, 0x0063, 0x0063, 0x0863, 0x0863, 0x0863, 0x0883, 0x0883, 0x0883,
  0x0883, 0x0883, 0x0083, 0x0863, 0x0883, 0x0883, 0x0883, 0x0883, 0x0863, 0x0863, 0x0863, 0x0063,
  0x0863, 0x0883, 0x0883, 0x0083, 0x0083, 0x0083, 0x0063, 0x0063, 0x0063, 0x0063, 0x0083, 0x0063,
  0x0063, 0x0083, 0x0083, 0x0063, 0x0063, 0x0063, 0x0063, 0x0063, 0x0063, 0x0063, 0x0083, 0x0063,
  0x0063, 0x0063, 0x0063, 0x0063, 0x0063, 0x0063, 0x0083, 0x0063, 0x0063, 0x0063, 0x0063, 0x0063,
  0x0063, 0x0063, 0x0063, 0x0062, 0x0063, 0x0063, 0x0063, 0x0063, 0x0063, 0x0063, 0x0063, 0x0063,
  0x0063, 0x0063, 0x0063, 0x0063, 0x0063, 0x0043, 0x0043, 0x0043, 0x0063, 0x0063, 0x0063, 0x0063,
  0x0063, 0x0063, 0x0063, 0x0063, 0x0063, 0x0063, 0x0063, 0x0063, 0x0063, 0x0063, 0x0063, 0x0063,
  0x0063, 0x0063, 0x0063, 0x0063, 0x0063, 0x0063, 0x0063, 0x0063, 0x0063, 0x0063, 0x0063, 0x0063,
  0x0063, 0x0063, 0x0063, 0x0063, 0x0063, 0x0063, 0x0063, 0x0063, 0x0063, 0x0863, 0x0063, 0x0063,
  0x0083, 0x0083, 0x0063, 0x0083, 0x0083, 0x0063, 0x0063, 0x0063, 0x0063, 0x0063, 0x0063, 0x0063,
  0x0063, 0x0063, 0x0063, 0x0063, 0x0063, 0x0063, 0x0063, 0x0063, 0x0063, 0x0063, 0x0063, 0x0063,
  0x0063, 0x0063, 0x0063, 0x0043, 0x0043, 0x0043, 0x0043, 0x0043, 0x0043, 0x0043, 0x0063, 0x0043,
  0x0043, 0x0044, 0x0064, 0x0084, 0x0084, 0x00A4, 0x00A4, 0x0084, 0x0084, 0x0084, 0x0084, 0x00A4,
  0x00A4, 0x0084, 0x00A4, 0x08A4, 0x08A4, 0x08C4, 0x08C4, 0x08C4, 0x08C4, 0x08C4, 0x08C4, 0x08C4,
  0x08C4, 0x08C4, 0x08C4, 0x08C4, 0x08C4, 0x08C4, 0x08C4, 0x0062, 0x328E, 0x64FD, 0x0021, 0x0000,
  0x0000, 0x29EB, 0x6D3E, 0x08C4, 0x08A3, 0x08A3, 0x08A3, 0x08A3, 0x0883, 0x0883, 0x0883, 0x08A3,
  0x08A3, 0x08A3, 0x08A3, 0x08A3, 0x08A4, 0x08A4, 0x08A4, 0x08A4, 0x08A4, 0x08A4, 0x08A4, 0x08A4,
  0x08A4, 0x08A4, 0x08A4, 0x08A4, 0x00A4, 0x00A4, 0x0084, 0x0084, 0x0084, 0x00A4, 0x00A4, 0x0084,
  0x0085, 0x0085, 0x0064, 0x0044, 0x0044, 0x0023, 0x0023, 0x0023, 0x0023, 0x0023, 0x0022, 0x0023,
  0x0022, 0x0023, 0x0063, 0x0083, 0x0083, 0x0063, 0x0063, 0x0063, 0x0883, 0x0863, 0x0863, 0x0863,
  0x0063, 0x0863, 0x0063, 0x0063, 0x0863, 0x0063, 0x0863, 0x0883, 0x0083, 0x0083, 0x0083, 0x0063,
  0x0063, 0x0063, 0x0063, 0x0083, 0x0083, 0x0063, 0x0063, 0x0063, 0x0063, 0x0063, 0x0063, 0x0063,
  0x0063, 0x0063, 0x0063, 0x0063, 0x0083, 0x0063, 0x0063, 0x0063, 0x0063, 0x0063, 0x0063, 0x0063,
  0x0063, 0x0063, 0x0063, 0x0063, 0x0063, 0x0063, 0x0063, 0x0063, 0x0063, 0x0063, 0x0063, 0x0063,
  0x0063, 0x0063, 0x0063, 0x0043, 0x0043, 0x0043, 0x0063, 0x0063, 0x0063, 0x0063, 0x0063, 0x0063,
  0x0063, 0x0063, 0x0063, 0x0063, 0x0063, 0x0063, 0x0063, 0x0063, 0x0063, 0x0063, 0x0063, 0x0063,
  0x0063, 0x0063, 0x0063, 0x0063, 0x0063, 0x0063, 0x0063, 0x0063, 0x0063, 0x0063, 0x0063, 0x0063,
  0x0063, 0x0063, 0x0063, 0x0063, 0x0063, 0x0063, 0x0063, 0x0063, 0x0063, 0x0063, 0x0063, 0x0063,
  0x0063, 0x0063, 0x0063, 0x0063, 0x0063, 0x0063, 0x0063, 0x0063, 0x0063, 0x0063, 0x0063, 0x0063,
  0x0063, 0x0063, 0x0063, 0x0063, 0x0063, 0x0063, 0x0063, 0x0063, 0x0063, 0x0063, 0x0063, 0x0063,
  0x0063, 0x0063, 0x0063, 0x0063, 0x0063, 0x0063, 0x0063, 0x0063, 0x0063, 0x0063, 0x0063, 0x0063,
  0x0063, 0x0063, 0x0063, 0x0063, 0x0063, 0x0063, 0x0063, 0x0063, 0x0063, 0x0063, 0x0063, 0x0043,
  0x0043, 0x0064, 0x0084, 0x00A4, 0x00A4, 0x00A4, 0x00A4, 0x00A4, 0x00A4, 0x0084, 0x00A4, 0x08A4,
  0x08A4, 0x00A4, 0x08A4, 0x08C4, 0x08A4, 0x08C4, 0x08C4, 0x08C4, 0x08C4, 0x08C4, 0x08C4, 0x08C4,
  0x08C4, 0x08C4, 0x08C4, 0x08C4, 0x08C4, 0x08C4, 0x08C4, 0x0083, 0x19A9, 0x6D5F, 0x10C4, 0x0000,
  0x0000, 0x3AD0, 0x64BB, 0x0882, 0x08A3, 0x08A3, 0x08A3, 0x08A3, 0x08A3, 0x08A3, 0x08A3, 0x08A3,
  0x08A3, 0x08A4, 0x08A3, 0x08A4, 0x08A4, 0x08A4, 0x08A4, 0x08A4, 0x08A4, 0x08A4, 0x08A4, 0x08A4,
  0x08A4, 0x08A4, 0x08A4, 0x08A4, 0x08A4, 0x00A4, 0x00A4, 0x00A4, 0x0084, 0x00A4, 0x08A4, 0x00A4,
  0x00A4, 0x00A4, 0x0085, 0x0064, 0x0044, 0x0023, 0x0023, 0x0043, 0x0043, 0x0043, 0x0023, 0x0043,
  0x0063, 0x0063, 0x0083, 0x0083, 0x0063, 0x0083, 0x0083, 0x0083, 0x0883, 0x0083, 0x0063, 0x0083,
  0x0063, 0x0063, 0x0063, 0x0063, 0x0063, 0x0063, 0x0063, 0x0083, 0x0063, 0x0083, 0x0063, 0x0063,
  0x0063, 0x0083, 0x0083, 0x0063, 0x0083, 0x0083, 0x0063, 0x0063, 0x0063, 0x0063, 0x0063, 0x0083,
  0x0063, 0x0083, 0x0083, 0x0083, 0x0083, 0x0063, 0x0063, 0x0063, 0x0063, 0x0063, 0x0083, 0x0063,
  0x0063, 0x0063, 0x0063, 0x0063, 0x0063, 0x0063, 0x0063, 0x0063, 0x0063, 0x0063, 0x0063, 0x0063,
  0x0063, 0x0063, 0x0063, 0x0063, 0x0063, 0x0063, 0x0063, 0x0063, 0x0063, 0x0063, 0x0063, 0x0063,
  0x0063, 0x0063, 0x0063, 0x0063, 0x0063, 0x0063, 0x0063, 0x0063, 0x0063, 0x0063, 0x0063, 0x0063,
  0x0063, 0x0063, 0x0063, 0x0063, 0x0063, 0x0063, 0x0063, 0x0063, 0x0063, 0x0063, 0x0063, 0x0063,
  0x0063, 0x0063, 0x0063, 0x0063, 0x0063, 0x0063, 0x0063, 0x0063, 0x0063, 0x0063, 0x0063, 0x0063,
  0x0063, 0x0063, 0x0063, 0x0063, 0x0063, 0x0063, 0x0063, 0x0063, 0x0083, 0x0083, 0x0063, 0x0063,
  0x0063, 0x0063, 0x0063, 0x0063, 0x0063, 0x0063, 0x0063, 0x0063, 0x0063, 0x0063, 0x0063, 0x0063,
  0x0063, 0x0063, 0x0063, 0x0063, 0x0063, 0x0063, 0x0063, 0x0063, 0x0063, 0x0063, 0x0063, 0x0063,
  0x0063, 0x0063, 0x0063, 0x0063, 0x0063, 0x0063, 0x0063, 0x0063, 0x0063, 0x0063, 0x0043, 0x0043,
  0x0044, 0x0064, 0x0084, 0x00A4, 0x00A4, 0x00C4, 0x08C5, 0x00A4, 0x00A4, 0x08A4, 0x08C4, 0x08C4,
  0x08C4, 0x08C4, 0x08C4, 0x08C4, 0x08C4, 0x08C4, 0x08C4, 0x08C4, 0x08C4, 0x08C4, 0x08C4, 0x08C4,
  0x08C4, 0x08C4, 0x08C4, 0x08C4, 0x08C4, 0x08C4, 0x08C4, 0x08A3, 0x1106, 0x6D5F, 0x1988, 0x0000,
  0x0000, 0x4BB5, 0x5437, 0x0061, 0x08C4, 0x08C4, 0x08A4, 0x08A3, 0x08A3, 0x08A3, 0x08A3, 0x08A3,
  0x08A3, 0x08A4, 0x08A4, 0x08A4, 0x08A4, 0x08A4, 0x08A4, 0x08A4, 0x08C4, 0x08C4, 0x08A4, 0x08A4,
  0x0883, 0x0883, 0x0883, 0x0083, 0x0083, 0x08A3, 0x08A4, 0x08A4, 0x08A4, 0x08C4, 0x08C4, 0x08A4,
  0x08C4, 0x00A4, 0x00A4, 0x0085, 0x0064, 0x0044, 0x0043, 0x0063, 0x0063, 0x0063, 0x0063, 0x0063,
  0x0063, 0x0083, 0x0083, 0x0083, 0x0083, 0x0083, 0x0083, 0x0083, 0x0083, 0x0083, 0x0883, 0x0083,
  0x0063, 0x0063, 0x0063, 0x0063, 0x0063, 0x0063, 0x0083, 0x0063, 0x0063, 0x0063, 0x0063, 0x0063,
  0x0063, 0x0063, 0x0083, 0x0063, 0x0063, 0x0063, 0x0083, 0x0063, 0x0063, 0x0063, 0x0063, 0x0063,
  0x0083, 0x0083, 0x0083, 0x0063, 0x0063, 0x0063, 0x0063, 0x0063, 0x0063, 0x0063, 0x0063, 0x0063,
  0x0063, 0x0063, 0x0063, 0x0063, 0x0063, 0x0063, 0x0063, 0x0063, 0x0063, 0x0063, 0x0063, 0x0063,
  0x0063, 0x0063, 0x0063, 0x0063, 0x0063, 0x0063, 0x0063, 0x0063, 0x0063, 0x0063, 0x0063, 0x0063,
  0x0063, 0x0063, 0x0063, 0x0063, 0x0063, 0x0063, 0x0063, 0x0063, 0x0063, 0x0063, 0x0063, 0x0063,
  0x0063, 0x0063, 0x0063, 0x0063, 0x0063, 0x0063, 0x0063, 0x0063, 0x0063, 0x0063, 0x0063, 0x0063,
  0x0063, 0x0063, 0x0063, 0x0063, 0x0063, 0x0063, 0x0063, 0x0063, 0x0063, 0x0063, 0x0063, 0x0063,
  0x0063, 0x0063, 0x0063, 0x0063, 0x0063, 0x0063, 0x0063, 0x0063, 0x0063, 0x0063, 0x0063, 0x0063,
  0x0063, 0x0063, 0x0063, 0x0063, 0x0063, 0x0063, 0x0043, 0x0043, 0x0063, 0x0063, 0x0043, 0x0043,
  0x0043, 0x0043, 0x0043, 0x0043, 0x0043, 0x0043, 0x0043, 0x0023, 0x0023, 0x0043, 0x0023, 0x0043,
  0x0063, 0x0063, 0x0063, 0x0063, 0x0063, 0x0063, 0x0063, 0x0063, 0x0063, 0x0063, 0x0043, 0x0043,
  0x0064, 0x0084, 0x00A4, 0x00A4, 0x08A4, 0x08C5, 0x00C5, 0x00A4, 0x08C4, 0x08C4, 0x08C4, 0x08C4,
  0x08C4, 0x08C4, 0x08C4, 0x08C4, 0x08C4, 0x08C4, 0x08C4, 0x08C4, 0x08C4, 0x08C4, 0x08C4, 0x08C4,
  0x08C4, 0x08C4, 0x08C4, 0x08C4, 0x08C4, 0x08C4, 0x08C4, 0x08C4, 0x08A4, 0x64FC, 0x2A6D, 0x0000,
  0x0000, 0x5C79, 0x4373, 0x0041, 0x08C4, 0x08C4, 0x08C4, 0x08C4, 0x08C4, 0x08A4, 0x08A4, 0x08A3,
  0x08A3, 0x08A3, 0x08A4, 0x08A4, 0x08A4, 0x08A4, 0x08A4, 0x08A4, 0x08C4, 0x08C4, 0x08C4, 0x08A4,
  0x0084, 0x0084, 0x0083, 0x0083, 0x0084, 0x00A4, 0x00A4, 0x08A4, 0x08A4, 0x08C4, 0x08C4, 0x08C4,
  0x08C4, 0x08A4, 0x00A4, 0x00A5, 0x0085, 0x0044, 0x0043, 0x0063, 0x0063, 0x0063, 0x0063, 0x0063,
  0x0083, 0x0063, 0x0083, 0x0083, 0x0083, 0x0083, 0x0063, 0x0063, 0x0063, 0x0063, 0x0063, 0x0063,
  0x0063, 0x0063, 0x0063, 0x0063, 0x0063, 0x0063, 0x0063, 0x0063, 0x0063, 0x0063, 0x0063, 0x0063,
  0x0063, 0x0063, 0x0063, 0x0063, 0x0063, 0x0083, 0x0063, 0x0083, 0x0083, 0x0063, 0x0063, 0x0063,
  0x0063, 0x0083, 0x0063, 0x0063, 0x0063, 0x0063, 0x0063, 0x0063, 0x0063, 0x0063, 0x0063, 0x0063,
  0x0063, 0x0063, 0x0063, 0x0063, 0x0063, 0x0063, 0x0063, 0x0063, 0x0063, 0x0063, 0x0063, 0x0063,
  0x0063, 0x0063, 0x0063, 0x0063, 0x0063, 0x0063, 0x0063, 0x0063, 0x0063, 0x0063, 0x0063, 0x0063,
  0x0063, 0x0063, 0x0063, 0x0063, 0x0063, 0x0063, 0x0063, 0x0063, 0x0063, 0x0063, 0x0063, 0x0063,
  0x0063, 0x0063, 0x0063, 0x0063, 0x0063, 0x0063, 0x0063, 0x0063, 0x0063, 0x0063, 0x0063, 0x0063,
  0x0063, 0x0063, 0x0063, 0x0063, 0x0063, 0x0063, 0x0063, 0x0063, 0x0063, 0x0063, 0x0063, 0x0063,
  0x0063, 0x0063, 0x0063, 0x0063, 0x0063, 0x0063, 0x0063, 0x0063, 0x0063, 0x0063, 0x0063, 0x0063,
  0x0063, 0x0063, 0x0043, 0x0043, 0x0043, 0x0043, 0x0043, 0x0043, 0x0043, 0x0043, 0x0043, 0x0043,
  0x0043, 0x0043, 0x0043, 0x0043, 0x0043, 0x0043, 0x0043, 0x0023, 0x0043, 0x0043, 0x0043, 0x0063,
  0x0063, 0x0063, 0x0063, 0x0063, 0x0063, 0x0063, 0x0063, 0x0063, 0x0063, 0x0063, 0x0064, 0x0084,
  0x00A4, 0x00A4, 0x00A4, 0x00A4, 0x00A4, 0x00A4, 0x00A4, 0x00A4, 0x08C4, 0x08C4, 0x08C4, 0x08C4,
  0x08C4, 0x08C4, 0x08C4, 0x08C5, 0x08C5, 0x08C5, 0x08C4, 0x08C4, 0x08C4, 0x08C4, 0x08C4, 0x08C4,
  0x08C4, 0x08C4, 0x08C4, 0x08A4, 0x08A4, 0x08C4, 0x08C4, 0x08C5, 0x0063, 0x5459, 0x4353, 0x0000,
  0x0021, 0x651C, 0x328E, 0x0062, 0x08C4, 0x08A4, 0x08A4, 0x08A4, 0x08A4, 0x08A4, 0x08A4, 0x08A4,
  0x08A4, 0x08A4, 0x08A4, 0x08A4, 0x08A4, 0x08C4, 0x08A4, 0x08A4, 0x08C4, 0x08C5, 0x08C5, 0x08C5,
  0x00C5, 0x00A5, 0x00A5, 0x0084, 0x00A4, 0x08C4, 0x08C4, 0x08C4, 0x08C4, 0x08C5, 0x08C4, 0x08C4,
  0x08C4, 0x08A4, 0x00A4, 0x00A5, 0x00A5, 0x0085, 0x0064, 0x0043, 0x0043, 0x0063, 0x0063, 0x0063,
  0x0063, 0x0063, 0x0063, 0x0063, 0x0063, 0x0043, 0x0063, 0x0063, 0x0063, 0x0063, 0x0063, 0x0063,
  0x0063, 0x0063, 0x0063, 0x0063, 0x0063, 0x0063, 0x0063, 0x0063, 0x0063, 0x0063, 0x0063, 0x0083,
  0x0063, 0x0083, 0x0063, 0x0083, 0x0083, 0x0083, 0x0083, 0x0083, 0x0083, 0x0083, 0x0083, 0x0083,
  0x0083, 0x0083, 0x0083, 0x0083, 0x0063, 0x0063, 0x0063, 0x0063, 0x0063, 0x0063, 0x0063, 0x0063,
  0x0063, 0x0063, 0x0063, 0x0063, 0x0063, 0x0063, 0x0063, 0x0063, 0x0063, 0x0063, 0x0063, 0x0063,
  0x0063, 0x0063, 0x0063, 0x0063, 0x0063, 0x0063, 0x0063, 0x0063, 0x0063, 0x0063, 0x0063, 0x0063,
  0x0063, 0x0063, 0x0063, 0x0063, 0x0063, 0x0063, 0x0063, 0x0063, 0x0063, 0x0063, 0x0063, 0x0063,
  0x0063, 0x0063, 0x0063, 0x0063, 0x0063, 0x0063, 0x0063, 0x0063, 0x0063, 0x0063, 0x0063, 0x0063,
  0x0063, 0x0063, 0x0063, 0x0063, 0x0063, 0x0063, 0x0063, 0x0063, 0x0063, 0x0063, 0x0063, 0x0063,
  0x0063, 0x0043, 0x0043, 0x0043, 0x0043, 0x0043, 0x0043, 0x0043, 0x0043, 0x0043, 0x0043, 0x0043,
  0x0043, 0x0043, 0x0043, 0x0043, 0x0043, 0x0043, 0x0043, 0x0043, 0x0043, 0x0043, 0x0043, 0x0043,
  0x0043, 0x0043, 0x0043, 0x0043, 0x0063, 0x0063, 0x0063, 0x0063, 0x0064, 0x0064, 0x0063, 0x0063,
  0x0063, 0x0063, 0x0063, 0x0043, 0x0043, 0x0063, 0x0063, 0x0063, 0x0063, 0x0063, 0x0084, 0x0085,
  0x00A4, 0x00A4, 0x00A5, 0x00A4, 0x00A4, 0x00A4, 0x08C4, 0x08C4, 0x08C4, 0x08C4, 0x08C4, 0x08C5,
  0x08C5, 0x08C5, 0x08C5, 0x08C5, 0x08C5, 0x08C5, 0x08C5, 0x08C5, 0x08C5, 0x08C5, 0x08C5, 0x08C4,
  0x08C4, 0x08A4, 0x00A4, 0x00A4, 0x00A4, 0x00A4, 0x08A4, 0x08C5, 0x0042, 0x4395, 0x4BF6, 0x0000,
  0x08A3, 0x6D5E, 0x21EB, 0x0062, 0x08C4, 0x08A4, 0x08A4, 0x08A4, 0x08A4, 0x08A4, 0x08A4, 0x08A4,
  0x08A4, 0x08A4, 0x0884, 0x08A4, 0x08A4, 0x08C4, 0x08C4, 0x08C4, 0x08C5, 0x08C5, 0x08C5, 0x08C5,
  0x00C5, 0x00C5, 0x00C5, 0x00C5, 0x00C5, 0x08C5, 0x08C5, 0x08C5, 0x08C5, 0x08C5, 0x08C4, 0x08C4,
  0x08C4, 0x08C4, 0x00A5, 0x00A5, 0x00A5, 0x00A5, 0x00A5, 0x0064, 0x0063, 0x0063, 0x0063, 0x0063,
  0x0063, 0x0063, 0x0063, 0x0063, 0x0063, 0x0043, 0x0043, 0x0023, 0x0043, 0x0083, 0x0063, 0x0063,
  0x0063, 0x0063, 0x0063, 0x0063, 0x0063, 0x0063, 0x0063, 0x0063, 0x0063, 0x0063, 0x0063, 0x0063,
  0x0083, 0x0083, 0x0083, 0x0083, 0x0083, 0x0083, 0x0083, 0x0083, 0x0083, 0x0083, 0x0083, 0x0083,
  0x0083, 0x0083, 0x0083, 0x0083, 0x0083, 0x0083, 0x0063, 0x0083, 0x0083, 0x0083, 0x0083, 0x0083,
  0x0083, 0x0063, 0x0063, 0x0063, 0x0063, 0x0063, 0x0063, 0x0063, 0x0063, 0x0063, 0x0063, 0x0063,
  0x0063, 0x0063, 0x0063, 0x0063, 0x0063, 0x0063, 0x0063, 0x0063, 0x0063, 0x0063, 0x0063, 0x0063,
  0x0063, 0x0063, 0x0063, 0x0063, 0x0063, 0x0063, 0x0063, 0x0063, 0x0063, 0x0063, 0x0063, 0x0063,
  0x0063, 0x0063, 0x0063, 0x0063, 0x0063, 0x0063, 0x0063, 0x0043, 0x0063, 0x0063, 0x0063, 0x0043,
  0x0043, 0x0063, 0x0063, 0x0043, 0x0063, 0x0063, 0x0043, 0x0063, 0x0063, 0x0063, 0x0063, 0x0043,
  0x0043, 0x0043, 0x0043, 0x0043, 0x0043, 0x0043, 0x0043, 0x0043, 0x0043, 0x0043, 0x0043, 0x0043,
  0x0043, 0x0043, 0x0043, 0x0043, 0x0023, 0x0023, 0x0023, 0x0043, 0x0043, 0x0043, 0x0043, 0x0043,
  0x0043, 0x0063, 0x0084, 0x0084, 0x00A4, 0x0084, 0x0064, 0x0064, 0x0064, 0x0063, 0x0063, 0x0083,
  0x0063, 0x0063, 0x0043, 0x0063, 0x0063, 0x0063, 0x0064, 0x0064, 0x0063, 0x0064, 0x0064, 0x0064,
  0x00A5, 0x00A5, 0x00A5, 0x00A5, 0x00C5, 0x08C5, 0x08C5, 0x08C5, 0x08C5, 0x08C5, 0x08C5, 0x08C5,
  0x08C5, 0x08C5, 0x08C5, 0x08C5, 0x08C5, 0x08C5, 0x08C5, 0x08C5, 0x08C5, 0x08C5, 0x00C5, 0x00C5,
  0x00A4, 0x00A4, 0x0084, 0x0084, 0x00A4, 0x00A4, 0x00A4, 0x00C5, 0x0042, 0x32D1, 0x5C7A, 0x0000,
  0x1947, 0x6D5E, 0x1947, 0x0083, 0x08A4, 0x08A4, 0x08A4, 0x08A4, 0x08A4, 0x08A4, 0x08A4, 0x08A4,
  0x08C4, 0x08C4, 0x08A4, 0x00A4, 0x00A4, 0x00A4, 0x00A5, 0x00C5, 0x08C5, 0x00C5, 0x00C5, 0x08C6,
  0x00C6, 0x00C6, 0x00C6, 0x00C5, 0x00C5, 0x00C5, 0x08C5, 0x08C5, 0x08C5, 0x08C5, 0x08C4, 0x08C4,
  0x08C4, 0x08C4, 0x08C5, 0x08C5, 0x00A4, 0x08A5, 0x00A5, 0x0084, 0x0083, 0x0063, 0x0063, 0x0063,
  0x0083, 0x0083, 0x0083, 0x0063, 0x0063, 0x0063, 0x0064, 0x0064, 0x0064, 0x0064, 0x0063, 0x0063,
  0x0063, 0x0063, 0x0063, 0x0063, 0x0063, 0x0063, 0x0063, 0x0063, 0x0063, 0x0063, 0x0063, 0x0063,
  0x0063, 0x0083, 0x0063, 0x0063, 0x0063, 0x0083, 0x0083, 0x0083, 0x0083, 0x0083, 0x0063, 0x0083,
  0x0083, 0x0083, 0x0063, 0x0063, 0x0063, 0x0083, 0x0083, 0x0083, 0x0083, 0x0083, 0x0083, 0x0063,
  0x0063, 0x0063, 0x0063, 0x0063, 0x0063, 0x0063, 0x0063, 0x0063, 0x0063, 0x0063, 0x0063, 0x0063,
  0x0063, 0x0063, 0x0063, 0x0063, 0x0063, 0x0063, 0x0063, 0x0063, 0x0063, 0x0063, 0x0063, 0x0063,
  0x0063, 0x0063, 0x0063, 0x0063, 0x0063, 0x0063, 0x0063, 0x0063, 0x0063, 0x0063, 0x0063, 0x0043,
  0x0063, 0x0063, 0x0043, 0x0043, 0x0043, 0x0043, 0x0043, 0x0043, 0x0043, 0x0043, 0x0043, 0x0043,
  0x0043, 0x0043, 0x0043, 0x0043, 0x0043, 0x0043, 0x0043, 0x0043, 0x0043, 0x0063, 0x0063, 0x0063,
  0x0063, 0x0043, 0x0043, 0x0043, 0x0043, 0x0043, 0x0043, 0x0043, 0x0043, 0x0043, 0x0043, 0x0043,
  0x0043, 0x0043, 0x0043, 0x0043, 0x0043, 0x0043, 0x0043, 0x0043, 0x0064, 0x0084, 0x0064, 0x0064,
  0x0064, 0x0084, 0x00A5, 0x0085, 0x0085, 0x0064, 0x0064, 0x0044, 0x0044, 0x0063, 0x0064, 0x0064,
  0x0064, 0x0064, 0x0064, 0x0064, 0x0044, 0x0064, 0x00A4, 0x00A4, 0x0084, 0x0085, 0x0085, 0x00A5,
  0x00C5, 0x00C5, 0x00C5, 0x08C5, 0x08C5, 0x08C5, 0x08C5, 0x08C5, 0x08C5, 0x08C5, 0x08C5, 0x08C5,
  0x08C5, 0x08C5, 0x08C5, 0x00C5, 0x00C5, 0x00A5, 0x00A5, 0x00A5, 0x00A5, 0x00A5, 0x0085, 0x0084,
  0x0084, 0x0085, 0x0084, 0x0064, 0x0085, 0x00A4, 0x00A4, 0x0085, 0x0022, 0x220C, 0x64FD, 0x0041,
  0x29EB, 0x6D3D, 0x08C5, 0x0083, 0x0884, 0x0883, 0x08A3, 0x08A4, 0x08A4, 0x08A4, 0x08A4, 0x08C4,
  0x08C4, 0x08C4, 0x08C4, 0x08C4, 0x08C4, 0x00A5, 0x00C5, 0x00C5, 0x00A5, 0x00C5, 0x00C5, 0x00C6,
  0x00C6, 0x08C6, 0x00C6, 0x00C6, 0x00C5, 0x00A5, 0x00A5, 0x00C5, 0x00C5, 0x00A5, 0x00C5, 0x08C5,
  0x08C5, 0x08C4, 0x08C5, 0x08C5, 0x08A4, 0x00A4, 0x0084, 0x00A4, 0x0084, 0x0064, 0x0084, 0x0064,
  0x0063, 0x0063, 0x0063, 0x0063, 0x0063, 0x0063, 0x0063, 0x0084, 0x0085, 0x00A5, 0x0085, 0x0084,
  0x0064, 0x0063, 0x0064, 0x0063, 0x0063, 0x0063, 0x0063, 0x0063, 0x0063, 0x0063, 0x0063, 0x0063,
  0x0063, 0x0063, 0x0063, 0x0063, 0x0084, 0x0063, 0x0063, 0x0083, 0x0083, 0x0083, 0x0083, 0x0063,
  0x0083, 0x0083, 0x0063, 0x0063, 0x0083, 0x0063, 0x0083, 0x0063, 0x0063, 0x0063, 0x0063, 0x0063,
  0x0063, 0x0063, 0x0063, 0x0063, 0x0063, 0x0063, 0x0063, 0x0063, 0x0063, 0x0063, 0x0063, 0x0063,
  0x0063, 0x0063, 0x0063, 0x0063, 0x0063, 0x0063, 0x0063, 0x0063, 0x0063, 0x0063, 0x0063, 0x0063,
  0x0063, 0x0063, 0x0063, 0x0063, 0x0063, 0x0063, 0x0063, 0x0063, 0x0063, 0x0063, 0x0043, 0x0043,
  0x0043, 0x0043, 0x0043, 0x0043, 0x0043, 0x0043, 0x0043, 0x0043, 0x0043, 0x0043, 0x0043, 0x0043,
  0x0043, 0x0043, 0x0043, 0x0043, 0x0043, 0x0043, 0x0043, 0x0043, 0x0043, 0x0043, 0x0043, 0x0043,
  0x0043, 0x0043, 0x0043, 0x0043, 0x0043, 0x0043, 0x0043, 0x0043, 0x0043, 0x0043, 0x0043, 0x0043,
  0x0043, 0x0043, 0x0043, 0x0043, 0x0064, 0x0064, 0x0064, 0x0084, 0x0084, 0x0084, 0x0084, 0x0084,
  0x0044, 0x0064, 0x0064, 0x0064, 0x0065, 0x0044, 0x0024, 0x0044, 0x0064, 0x0064, 0x0064, 0x0064,
  0x0065, 0x0085, 0x0085, 0x0065, 0x0085, 0x00A5, 0x00A5, 0x00A5, 0x00A5, 0x00A5, 0x00C5, 0x00C5,
  0x00C5, 0x00C5, 0x00C5, 0x00C5, 0x00C5, 0x00C5, 0x00C5, 0x00C5, 0x00C5, 0x00C5, 0x00C5, 0x08C5,
  0x08C5, 0x00C5, 0x00C5, 0x00C5, 0x00C5, 0x00A5, 0x00A5, 0x00A5, 0x0085, 0x0065, 0x0064, 0x0044,
  0x0064, 0x0064, 0x0064, 0x0064, 0x0084, 0x0084, 0x0064, 0x0064, 0x0022, 0x196A, 0x653E, 0x08C4,
  0x328E, 0x64FC, 0x0063, 0x0063, 0x0083, 0x0084, 0x0084, 0x00A4, 0x08A4, 0x08A4, 0x00A4, 0x08A4,
  0x08C4, 0x08C4, 0x08C5, 0x08C5, 0x08C5, 0x00C5, 0x00C5, 0x00C5, 0x00C5, 0x00C5, 0x00C6, 0x00C6,
  0x00C6, 0x00C6, 0x00C6, 0x00C6, 0x00C6, 0x0085, 0x0065, 0x0085, 0x00A5, 0x00A5, 0x0085, 0x00A5,
  0x00A5, 0x08C5, 0x00C5, 0x08C5, 0x08C5, 0x08C5, 0x00A4, 0x00A4, 0x00A5, 0x00A5, 0x00A5, 0x00A5,
  0x0064, 0x0064, 0x0084, 0x0064, 0x0064, 0x0084, 0x0064, 0x0064, 0x0064, 0x0064, 0x0085, 0x0085,
  0x0085, 0x0064, 0x0064, 0x0044, 0x0043, 0x0063, 0x0063, 0x0063, 0x0063, 0x0063, 0x0063, 0x0063,
  0x0063, 0x0063, 0x0063, 0x0063, 0x0063, 0x0063, 0x0063, 0x0063, 0x0063, 0x0063, 0x0063, 0x0063,
  0x0063, 0x0063, 0x0063, 0x0063, 0x0063, 0x0063, 0x0063, 0x0063, 0x0063, 0x0063, 0x0063, 0x0063,
  0x0063, 0x0063, 0x0063, 0x0063, 0x0063, 0x0063, 0x0063, 0x0063, 0x0063, 0x0063, 0x0063, 0x0063,
  0x0063, 0x0063, 0x0063, 0x0063, 0x0063, 0x0063, 0x0043, 0x0043, 0x0043, 0x0063, 0x0043, 0x0043,
  0x0043, 0x0063, 0x0063, 0x0063, 0x0063, 0x0063, 0x0063, 0x0063, 0x0063, 0x0043, 0x0043, 0x0043,
  0x0043, 0x0043, 0x0043, 0x0043, 0x0043, 0x0043, 0x0043, 0x0043, 0x0043, 0x0043, 0x0043, 0x0043,
  0x0043, 0x0043, 0x0043, 0x0043, 0x0043, 0x0043, 0x0043, 0x0043, 0x0043, 0x0043, 0x0043, 0x0043,
  0x0043, 0x0043, 0x0043, 0x0043, 0x0043, 0x0043, 0x0043, 0x0043, 0x0043, 0x0043, 0x0043, 0x0043,
  0x0043, 0x0023, 0x0023, 0x0044, 0x0064, 0x0064, 0x0044, 0x0064, 0x0064, 0x0084, 0x0084, 0x0064,
  0x0044, 0x0044, 0x0023, 0x0044, 0x0044, 0x0044, 0x0044, 0x0044, 0x0065, 0x0085, 0x0065, 0x0065,
  0x0085, 0x0085, 0x0065, 0x0085, 0x00A5, 0x00A5, 0x00A5, 0x00A5, 0x00A5, 0x00A5, 0x00C5, 0x00C5,
  0x00C5, 0x00C5, 0x00C5, 0x00A5, 0x0085, 0x00A5, 0x00A5, 0x00A5, 0x00C5, 0x00C5, 0x00C5, 0x00C5,
  0x00C5, 0x00C5, 0x00C5, 0x00C5, 0x00A5, 0x00A5, 0x00A5, 0x00A5, 0x00A5, 0x0064, 0x0064, 0x0064,
  0x0044, 0x0064, 0x0064, 0x0064, 0x0064, 0x0044, 0x0063, 0x0064, 0x0022, 0x1107, 0x653E, 0x1927,
  0x4311, 0x5C9A, 0x0022, 0x0083, 0x0083, 0x0084, 0x0084, 0x0084, 0x0084, 0x0084, 0x0084, 0x00A4,
  0x00A4, 0x08A4, 0x08C5, 0x08C5, 0x08C5, 0x08C5, 0x08C5, 0x00C5, 0x00C5, 0x00C5, 0x00C6, 0x00C6,
  0x00C6, 0x00C6, 0x00C6, 0x00C6, 0x00A6, 0x0065, 0x0044, 0x0085, 0x00A5, 0x0085, 0x0064, 0x0065,
  0x0085, 0x00A5, 0x00A5, 0x08C5, 0x08C5, 0x08C5, 0x08C5, 0x08C5, 0x08C5, 0x00C5, 0x00C5, 0x00A5,
  0x00A5, 0x0085, 0x0085, 0x0065, 0x0085, 0x0085, 0x0065, 0x0064, 0x0044, 0x0023, 0x0044, 0x0044,
  0x0064, 0x0044, 0x0044, 0x0023, 0x0023, 0x0044, 0x0064, 0x0064, 0x0064, 0x0043, 0x0043, 0x0063,
  0x0063, 0x0063, 0x0063, 0x0063, 0x0063, 0x0063, 0x0064, 0x0063, 0x0063, 0x0063, 0x0063, 0x0063,
  0x0063, 0x0063, 0x0063, 0x0063, 0x0063, 0x0063, 0x0063, 0x0064, 0x0064, 0x0064, 0x0063, 0x0063,
  0x0063, 0x0063, 0x0063, 0x0063, 0x0063, 0x0063, 0x0063, 0x0063, 0x0063, 0x0063, 0x0063, 0x0063,
  0x0063, 0x0063, 0x0063, 0x0043, 0x0063, 0x0063, 0x0063, 0x0063, 0x0043, 0x0043, 0x0043, 0x0043,
  0x0043, 0x0063, 0x0043, 0x0063, 0x0043, 0x0063, 0x0063, 0x0063, 0x0043, 0x0043, 0x0043, 0x0043,
  0x0043, 0x0043, 0x0043, 0x0043, 0x0043, 0x0043, 0x0043, 0x0043, 0x0043, 0x0043, 0x0043, 0x0043,
  0x0043, 0x0023, 0x0043, 0x0043, 0x0043, 0x0043, 0x0043, 0x0043, 0x0043, 0x0043, 0x0043, 0x0043,
  0x0043, 0x0043, 0x0043, 0x0043, 0x0043, 0x0043, 0x0043, 0x0023, 0x0043, 0x0043, 0x0043, 0x0043,
  0x0043, 0x0043, 0x0043, 0x0043, 0x0043, 0x0043, 0x0044, 0x0064, 0x0064, 0x0064, 0x0064, 0x0064,
  0x0044, 0x0044, 0x0044, 0x0024, 0x0024, 0x0024, 0x0044, 0x0045, 0x0044, 0x0044, 0x0044, 0x0065,
  0x0045, 0x0045, 0x0065, 0x0085, 0x0085, 0x00A6, 0x00A5, 0x00A5, 0x00A5, 0x00A5, 0x00A5, 0x00A6,
  0x00A6, 0x00A6, 0x00A5, 0x0085, 0x0085, 0x00A5, 0x00A5, 0x00A5, 0x00A5, 0x00C5, 0x00C5, 0x00C5,
  0x00C5, 0x00A5, 0x00A5, 0x0085, 0x0085, 0x0085, 0x0085, 0x00A5, 0x00A5, 0x0084, 0x0084, 0x0084,
  0x0064, 0x0064, 0x0064, 0x0063, 0x0063, 0x0063, 0x0063, 0x0063, 0x0043, 0x08A5, 0x651D, 0x21A9,
  0x4BB4, 0x5438, 0x0001, 0x0063, 0x0063, 0x0063, 0x0064, 0x0064, 0x0064, 0x0064, 0x0064, 0x0084,
  0x00A4, 0x00A4, 0x08C5, 0x08C5, 0x08C5, 0x08C5, 0x08C5, 0x00C5, 0x00C5, 0x00C5, 0x00A5, 0x00A5,
  0x0085, 0x00A5, 0x00A5, 0x0065, 0x0045, 0x0044, 0x0064, 0x0084, 0x0084, 0x0084, 0x0064, 0x0084,
  0x0085, 0x00A5, 0x00A5, 0x00C5, 0x00C5, 0x08C5, 0x08C5, 0x00C5, 0x00C5, 0x00C5, 0x00C5, 0x00C5,
  0x00C5, 0x00A5, 0x0065, 0x0044, 0x0044, 0x0065, 0x0044, 0x0044, 0x0024, 0x0023, 0x0043, 0x0043,
  0x0064, 0x0064, 0x0043, 0x0043, 0x0043, 0x0043, 0x0064, 0x0044, 0x0043, 0x0023, 0x0023, 0x0043,
  0x0043, 0x0043, 0x0043, 0x0043, 0x0063, 0x0063, 0x0063, 0x0063, 0x0064, 0x0063, 0x0063, 0x0063,
  0x0063, 0x0063, 0x0043, 0x0043, 0x0063, 0x0063, 0x0063, 0x0063, 0x0063, 0x0043, 0x0063, 0x0063,
  0x0063, 0x0063, 0x0063, 0x0063, 0x0063, 0x0063, 0x0063, 0x0063, 0x0063, 0x0063, 0x0063, 0x0063,
  0x0063, 0x0063, 0x0063, 0x0063, 0x0063, 0x0063, 0x0063, 0x0063, 0x0063, 0x0043, 0x0043, 0x0043,
  0x0043, 0x0043, 0x0043, 0x0043, 0x0043, 0x0063, 0x0063, 0x0043, 0x0043, 0x0043, 0x0043, 0x0043,
  0x0043, 0x0043, 0x0043, 0x0043, 0x0043, 0x0043, 0x0043, 0x0043, 0x0043, 0x0043, 0x0043, 0x0043,
  0x0043, 0x0023, 0x0023, 0x0023, 0x0043, 0x0043, 0x0043, 0x0023, 0x0043, 0x0043, 0x0043, 0x0043,
  0x0043, 0x0043, 0x0043, 0x0043, 0x0043, 0x0043, 0x0023, 0x0023, 0x0023, 0x0023, 0x0023, 0x0043,
  0x0043, 0x0043, 0x0043, 0x0043, 0x0044, 0x0044, 0x0064, 0x0064, 0x0085, 0x0084, 0x0064, 0x0064,
  0x0044, 0x0064, 0x0085, 0x0064, 0x0064, 0x0044, 0x0044, 0x0044, 0x0044, 0x0023, 0x0024, 0x0024,
  0x0024, 0x0024, 0x0045, 0x0065, 0x0086, 0x00A6, 0x00A6, 0x00A6, 0x00A6, 0x00A6, 0x00A6, 0x00A6,
  0x00A6, 0x00A6, 0x0086, 0x0086, 0x00A6, 0x00A6, 0x00A5, 0x00C5, 0x00C5, 0x00A5, 0x00A5, 0x00A5,
  0x0085, 0x0085, 0x0065, 0x0065, 0x0065, 0x0065, 0x0085, 0x00A5, 0x00A5, 0x0085, 0x00A4, 0x0084,
  0x0084, 0x0064, 0x0064, 0x0064, 0x0063, 0x0063, 0x0063, 0x0063, 0x0063, 0x0064, 0x64FC, 0x2A2C,
  0x5417, 0x4BD6, 0x0001, 0x0064, 0x0063, 0x0064, 0x0064, 0x0064, 0x0064, 0x0064, 0x0064, 0x0084,
  0x00A4, 0x08C5, 0x08C5, 0x08C5, 0x08C5, 0x08C5, 0x00C5, 0x00C5, 0x00C5, 0x00C5, 0x00A5, 0x00A5,
  0x0085, 0x0085, 0x0065, 0x0044, 0x0064, 0x0064, 0x0084, 0x0084, 0x0064, 0x0064, 0x0064, 0x0064,
  0x0064, 0x0064, 0x0065, 0x0065, 0x0085, 0x00A5, 0x00A5, 0x00C5, 0x00A5, 0x00A5, 0x00A5, 0x00A5,
  0x00A5, 0x00A5, 0x0065, 0x0044, 0x0023, 0x0023, 0x0023, 0x0023, 0x0044, 0x0064, 0x0064, 0x0064,
  0x0084, 0x0085, 0x0085, 0x0085, 0x0064, 0x0044, 0x0043, 0x0023, 0x0023, 0x0043, 0x0043, 0x0043,
  0x0043, 0x0043, 0x0043, 0x0043, 0x0064, 0x0063, 0x0063, 0x0064, 0x0063, 0x0064, 0x0063, 0x0063,
  0x0063, 0x0063, 0x0043, 0x0043, 0x0043, 0x0043, 0x0043, 0x0043, 0x0043, 0x0043, 0x0063, 0x0063,
  0x0063, 0x0063, 0x0063, 0x0063, 0x0063, 0x0063, 0x0063, 0x0063, 0x0063, 0x0064, 0x0063, 0x0064,
  0x0064, 0x0063, 0x0063, 0x0063, 0x0063, 0x0063, 0x0063, 0x0063, 0x0063, 0x0063, 0x0063, 0x0063,
  0x0043, 0x0063, 0x0043, 0x0043, 0x0063, 0x0043, 0x0043, 0x0043, 0x0043, 0x0043, 0x0043, 0x0043,
  0x0043, 0x0043, 0x0043, 0x0043, 0x0043, 0x0043, 0x0043, 0x0043, 0x0043, 0x0043, 0x0043, 0x0043,
  0x0043, 0x0043, 0x0043, 0x0023, 0x0023, 0x0023, 0x0023, 0x0023, 0x0023, 0x0023, 0x0043, 0x0043,
  0x0023, 0x0043, 0x0043, 0x0043, 0x0043, 0x0043, 0x0064, 0x0064, 0x0064, 0x0044, 0x0044, 0x0023,
  0x0023, 0x0023, 0x0043, 0x0044, 0x0044, 0x0064, 0x0064, 0x0085, 0x0085, 0x0085, 0x0085, 0x0085,
  0x0084, 0x0085, 0x0085, 0x0085, 0x0064, 0x0064, 0x0044, 0x0043, 0x0044, 0x0044, 0x0044, 0x0044,
  0x0023, 0x0024, 0x0065, 0x0086, 0x0086, 0x0086, 0x0086, 0x0086, 0x0086, 0x0086, 0x0086, 0x0086,
  0x0086, 0x0066, 0x0086, 0x00A6, 0x00A6, 0x00A6, 0x00A5, 0x00A6, 0x00A6, 0x00A6, 0x0065, 0x0065,
  0x0045, 0x0044, 0x0044, 0x0044, 0x0044, 0x0065, 0x0085, 0x00A5, 0x0084, 0x0085, 0x0084, 0x0084,
  0x0063, 0x0063, 0x0063, 0x0063, 0x0063, 0x0063, 0x0063, 0x0063, 0x0063, 0x0042, 0x5CBB, 0x32AF,
  0x5C79, 0x4374, 0x0001, 0x0084, 0x0083, 0x0083, 0x0083, 0x0063, 0x0064, 0x0084, 0x0084, 0x00A4,
  0x00A5, 0x08C5, 0x08C5, 0x00C5, 0x00A5, 0x00A5, 0x00C5, 0x00C5, 0x00C5, 0x00C5, 0x00C5, 0x00C5,
  0x00A5, 0x00A5, 0x00A5, 0x0084, 0x0084, 0x0084, 0x0063, 0x0084, 0x0084, 0x0064, 0x0064, 0x0064,
  0x0064, 0x0064, 0x0064, 0x0084, 0x0085, 0x00A5, 0x00A5, 0x00A5, 0x00A5, 0x00A5, 0x00A5, 0x00A5,
  0x00A5, 0x0085, 0x0085, 0x0044, 0x0023, 0x0023, 0x0064, 0x0064, 0x0064, 0x0064, 0x0064, 0x0085,
  0x0085, 0x0085, 0x00A6, 0x00A6, 0x0065, 0x0044, 0x0023, 0x0023, 0x0043, 0x0064, 0x0064, 0x0064,
  0x0063, 0x0063, 0x0064, 0x0063, 0x0043, 0x0064, 0x0064, 0x0064, 0x0064, 0x0064, 0x0063, 0x0063,
  0x0063, 0x0063, 0x0064, 0x0063, 0x0063, 0x0064, 0x0063, 0x0063, 0x0063, 0x0063, 0x0063, 0x0063,
  0x0063, 0x0063, 0x0063, 0x0063, 0x0064, 0x0064, 0x0063, 0x0064, 0x0064, 0x0064, 0x0064, 0x0064,
  0x0064, 0x0064, 0x0064, 0x0063, 0x0064, 0x0064, 0x0063, 0x0043, 0x0063, 0x0043, 0x0063, 0x0063,
  0x0043, 0x0043, 0x0043, 0x0043, 0x0043, 0x0043, 0x0043, 0x0043, 0x0043, 0x0043, 0x0043, 0x0043,
  0x0043, 0x0043, 0x0043, 0x0043, 0x0043, 0x0043, 0x0043, 0x0043, 0x0044, 0x0044, 0x0043, 0x0043,
  0x0043, 0x0043, 0x0043, 0x0043, 0x0043, 0x0023, 0x0023, 0x0023, 0x0023, 0x0023, 0x0043, 0x0043,
  0x0043, 0x0043, 0x0043, 0x0044, 0x0064, 0x0064, 0x0064, 0x0084, 0x0064, 0x0064, 0x0044, 0x0044,
  0x0064, 0x0064, 0x0064, 0x0064, 0x0064, 0x0085, 0x0085, 0x0085, 0x0084, 0x0085, 0x0085, 0x0085,
  0x0085, 0x0085, 0x0065, 0x0044, 0x0044, 0x0044, 0x0044, 0x0044, 0x0043, 0x0044, 0x0044, 0x0044,
  0x0024, 0x0065, 0x0086, 0x0086, 0x0086, 0x0065, 0x0045, 0x0045, 0x0045, 0x0045, 0x0045, 0x0045,
  0x0045, 0x0045, 0x0066, 0x0086, 0x0086, 0x0086, 0x0085, 0x0085, 0x0065, 0x0045, 0x0044, 0x0065,
  0x0064, 0x0044, 0x0064, 0x0044, 0x0044, 0x0064, 0x0084, 0x0084, 0x0064, 0x0064, 0x0064, 0x0064,
  0x0063, 0x0063, 0x0063, 0x0063, 0x0063, 0x0063, 0x0063, 0x0063, 0x0063, 0x0022, 0x547A, 0x3B32,
  0x5CBB, 0x3B12, 0x0001, 0x0083, 0x0063, 0x0063, 0x0063, 0x0063, 0x0063, 0x0084, 0x0084, 0x0084,
  0x00A5, 0x00A5, 0x00A5, 0x0085, 0x00A5, 0x00A5, 0x00C5, 0x00A5, 0x08C6, 0x08E7, 0x08C6, 0x00C5,
  0x08C5, 0x08C5, 0x08C5, 0x08C5, 0x08C5, 0x08C5, 0x00A4, 0x08A5, 0x08C5, 0x00A4, 0x00A4, 0x0084,
  0x0084, 0x0084, 0x0084, 0x0084, 0x0084, 0x00A4, 0x08A5, 0x00A4, 0x00A4, 0x00A5, 0x00A5, 0x0085,
  0x0065, 0x0044, 0x0065, 0x0065, 0x0044, 0x0044, 0x0044, 0x0063, 0x0043, 0x0044, 0x0064, 0x0064,
  0x0065, 0x0065, 0x0065, 0x0065, 0x0065, 0x0044, 0x0023, 0x0023, 0x0064, 0x0063, 0x0063, 0x0064,
  0x0064, 0x0064, 0x0064, 0x0064, 0x0064, 0x0064, 0x0064, 0x0064, 0x0064, 0x0064, 0x0064, 0x0064,
  0x0064, 0x0064, 0x0064, 0x0064, 0x0063, 0x0064, 0x0064, 0x0064, 0x0064, 0x0064, 0x0064, 0x0064,
  0x0063, 0x0063, 0x0064, 0x0064, 0x0064, 0x0064, 0x0064, 0x0064, 0x0064, 0x0064, 0x0064, 0x0064,
  0x0064, 0x0064, 0x0064, 0x0064, 0x0064, 0x0064, 0x0064, 0x0063, 0x0063, 0x0063, 0x0063, 0x0063,
  0x0043, 0x0043, 0x0043, 0x0043, 0x0043, 0x0043, 0x0043, 0x0043, 0x0043, 0x0043, 0x0043, 0x0063,
  0x0043, 0x0043, 0x0043, 0x0043, 0x0043, 0x0043, 0x0044, 0x0044, 0x0044, 0x0044, 0x0043, 0x0043,
  0x0023, 0x0043, 0x0044, 0x0043, 0x0023, 0x0043, 0x0043, 0x0043, 0x0043, 0x0043, 0x0043, 0x0044,
  0x0044, 0x0064, 0x0064, 0x0064, 0x0064, 0x0064, 0x0064, 0x0064, 0x0064, 0x0064, 0x0064, 0x0084,
  0x0084, 0x0084, 0x0064, 0x0044, 0x0065, 0x0085, 0x0065, 0x0065, 0x0065, 0x0065, 0x0065, 0x0065,
  0x0065, 0x0065, 0x0044, 0x0044, 0x0044, 0x0044, 0x0044, 0x0044, 0x0044, 0x0044, 0x0044, 0x0024,
  0x0045, 0x0045, 0x0045, 0x0045, 0x0045, 0x0044, 0x0024, 0x0024, 0x0024, 0x0023, 0x0024, 0x0024,
  0x0044, 0x0065, 0x0065, 0x0065, 0x0045, 0x0045, 0x0044, 0x0044, 0x0044, 0x0044, 0x0044, 0x0064,
  0x0064, 0x0064, 0x0064, 0x0044, 0x0044, 0x0064, 0x0044, 0x0044, 0x0044, 0x0044, 0x0044, 0x0064,
  0x0064, 0x0063, 0x0063, 0x0063, 0x0063, 0x0063, 0x0063, 0x0063, 0x0083, 0x0021, 0x4C18, 0x4394,
  0x5CDC, 0x32D0, 0x0001, 0x0083, 0x0063, 0x0063, 0x0063, 0x0043, 0x0043, 0x0043, 0x0064, 0x0064,
  0x0064, 0x0064, 0x0064, 0x0064, 0x0085, 0x00A5, 0x00A6, 0x08EA, 0x10EB, 0x00A6, 0x00A5, 0x00C5,
  0x08C5, 0x08C5, 0x08C5, 0x00C5, 0x08C5, 0x08C5, 0x08C5, 0x08C5, 0x08C5, 0x08C5, 0x00A5, 0x0084,
  0x00A5, 0x00A5, 0x0084, 0x0084, 0x00A4, 0x00A4, 0x0084, 0x0084, 0x0084, 0x0084, 0x0084, 0x0084,
  0x0084, 0x0064, 0x0044, 0x0044, 0x0044, 0x0064, 0x0064, 0x0043, 0x0043, 0x0044, 0x0043, 0x0064,
  0x0065, 0x0044, 0x0023, 0x0024, 0x0044, 0x0044, 0x0023, 0x0023, 0x0023, 0x0043, 0x0064, 0x0043,
  0x0043, 0x0043, 0x0043, 0x0044, 0x0044, 0x0064, 0x0064, 0x0064, 0x0064, 0x0064, 0x0064, 0x0064,
  0x0064, 0x0064, 0x0064, 0x0064, 0x0064, 0x0064, 0x0064, 0x0064, 0x0064, 0x0064, 0x0064, 0x0064,
  0x0064, 0x0063, 0x0064, 0x0064, 0x0064, 0x0064, 0x0064, 0x0064, 0x0064, 0x0064, 0x0064, 0x0064,
  0x0064, 0x0064, 0x0064, 0x0064, 0x0064, 0x0064, 0x0064, 0x0064, 0x0064, 0x0064, 0x0064, 0x0064,
  0x0064, 0x0064, 0x0064, 0x0043, 0x0043, 0x0043, 0x0043, 0x0043, 0x0043, 0x0043, 0x0043, 0x0043,
  0x0044, 0x0044, 0x0043, 0x0043, 0x0043, 0x0043, 0x0043, 0x0023, 0x0043, 0x0043, 0x0043, 0x0043,
  0x0023, 0x0043, 0x0043, 0x0043, 0x0043, 0x0044, 0x0064, 0x0064, 0x0064, 0x0064, 0x0064, 0x0064,
  0x0064, 0x0064, 0x0064, 0x0064, 0x0064, 0x0064, 0x0064, 0x0064, 0x0084, 0x0084, 0x0084, 0x0084,
  0x0084, 0x0064, 0x0044, 0x0044, 0x0044, 0x0044, 0x0044, 0x0065, 0x0044, 0x0044, 0x0065, 0x0065,
  0x0065, 0x0044, 0x0044, 0x0044, 0x0043, 0x0044, 0x0044, 0x0044, 0x0044, 0x0044, 0x0024, 0x0024,
  0x0024, 0x0024, 0x0023, 0x0024, 0x0024, 0x0044, 0x0044, 0x0043, 0x0043, 0x0044, 0x0044, 0x0024,
  0x0024, 0x0044, 0x0044, 0x0024, 0x0024, 0x0024, 0x0024, 0x0044, 0x0044, 0x0044, 0x0064, 0x0064,
  0x0064, 0x0064, 0x0064, 0x0044, 0x0043, 0x0044, 0x0044, 0x0044, 0x0064, 0x0064, 0x0064, 0x0063,
  0x0064, 0x0064, 0x0063, 0x0063, 0x0063, 0x0063, 0x0063, 0x0063, 0x0084, 0x0021, 0x4BF7, 0x4BD6,
  0x64FD, 0x328F, 0x0001, 0x0083, 0x0063, 0x0063, 0x0063, 0x0063, 0x0063, 0x0043, 0x0043, 0x0043,
  0x0043, 0x0043, 0x0043, 0x0064, 0x0064, 0x08C8, 0x194F, 0x190D, 0x0085, 0x0064, 0x0085, 0x00A5,
  0x00A5, 0x00C5, 0x08C5, 0x08C5, 0x08C5, 0x08C5, 0x08C5, 0x08C5, 0x08C5, 0x08C5, 0x08C5, 0x08C5,
  0x08C5, 0x08C5, 0x00C5, 0x00A5, 0x0085, 0x0085, 0x00A4, 0x00A4, 0x00A5, 0x08A4, 0x00A5, 0x00A5,
  0x00A5, 0x00C5, 0x00C5, 0x00A5, 0x00A5, 0x00A5, 0x00A5, 0x0085, 0x0044, 0x0064, 0x0064, 0x0064,
  0x0044, 0x0044, 0x0023, 0x0023, 0x0023, 0x0023, 0x0023, 0x0023, 0x0002, 0x0023, 0x0044, 0x0023,
  0x0003, 0x0023, 0x0043, 0x0043, 0x0043, 0x0064, 0x0064, 0x0064, 0x0064, 0x0064, 0x0064, 0x0064,
  0x0064, 0x0064, 0x0064, 0x0064, 0x0064, 0x0064, 0x0064, 0x0064, 0x0064, 0x0064, 0x0064, 0x0064,
  0x0064, 0x0064, 0x0064, 0x0064, 0x0064, 0x0064, 0x0064, 0x0064, 0x0064, 0x0064, 0x0064, 0x0064,
  0x0064, 0x0064, 0x0064, 0x0064, 0x0064, 0x0064, 0x0064, 0x0064, 0x0064, 0x0064, 0x0064, 0x0064,
  0x0064, 0x0044, 0x0044, 0x0044, 0x0043, 0x0043, 0x0043, 0x0043, 0x0043, 0x0043, 0x0043, 0x0044,
  0x0044, 0x0044, 0x0044, 0x0043, 0x0043, 0x0043, 0x0043, 0x0043, 0x0043, 0x0043, 0x0044, 0x0044,
  0x0043, 0x0044, 0x0044, 0x0064, 0x0044, 0x0064, 0x0064, 0x0044, 0x0064, 0x0064, 0x0064, 0x0064,
  0x0064, 0x0064, 0x0064, 0x0064, 0x0064, 0x0064, 0x0064, 0x0064, 0x0064, 0x0064, 0x0064, 0x0064,
  0x0064, 0x0064, 0x0064, 0x0044, 0x0044, 0x0044, 0x0044, 0x0044, 0x0024, 0x0044, 0x0045, 0x0044,
  0x0044, 0x0044, 0x0044, 0x0044, 0x0044, 0x0044, 0x0044, 0x0064, 0x0044, 0x0044, 0x0044, 0x0044,
  0x0044, 0x0044, 0x0044, 0x0043, 0x0063, 0x0043, 0x0043, 0x0043, 0x0043, 0x0043, 0x0044, 0x0024,
  0x0024, 0x0044, 0x0044, 0x0044, 0x0044, 0x0044, 0x0044, 0x0044, 0x0043, 0x0063, 0x0063, 0x0063,
  0x0063, 0x0064, 0x0064, 0x0064, 0x0063, 0x0063, 0x0064, 0x0063, 0x0063, 0x0063, 0x0063, 0x0063,
  0x0063, 0x0063, 0x0063, 0x0063, 0x0063, 0x0063, 0x0063, 0x0063, 0x0084, 0x0001, 0x43B5, 0x5417,
  0x653E, 0x2A4E, 0x0021, 0x0084, 0x0063, 0x0063, 0x0063, 0x0063, 0x0063, 0x0043, 0x0043, 0x0043,
  0x0043, 0x0043, 0x0043, 0x0043, 0x08C8, 0x31D3, 0x2990, 0x0085, 0x0063, 0x0064, 0x0064, 0x0064,
  0x0085, 0x00A6, 0x00A5, 0x00C5, 0x00C6, 0x00C5, 0x00C5, 0x00C5, 0x08C5, 0x08C5, 0x08C5, 0x08C5,
  0x08C6, 0x08C5, 0x08C5, 0x00A5, 0x0085, 0x0065, 0x0085, 0x0085, 0x00A5, 0x00C5, 0x08C5, 0x08C5,
  0x08C5, 0x08C6, 0x08C6, 0x08C6, 0x00C6, 0x00C5, 0x00C6, 0x00C6, 0x0085, 0x0065, 0x0085, 0x0085,
  0x0044, 0x0044, 0x0043, 0x0064, 0x0064, 0x0044, 0x0064, 0x0044, 0x0043, 0x0043, 0x0023, 0x0023,
  0x0043, 0x0044, 0x0064, 0x0064, 0x0064, 0x0044, 0x0044, 0x0064, 0x0065, 0x0085, 0x0065, 0x0044,
  0x0023, 0x0023, 0x0023, 0x0002, 0x0023, 0x0043, 0x0064, 0x0064, 0x0064, 0x0064, 0x0064, 0x0064,
  0x0064, 0x0064, 0x0064, 0x0064, 0x0064, 0x0064, 0x0064, 0x0064, 0x0064, 0x0064, 0x0064, 0x0064,
  0x0064, 0x0064, 0x0064, 0x0064, 0x0064, 0x0064, 0x0064, 0x0064, 0x0064, 0x0064, 0x0064, 0x0064,
  0x0044, 0x0044, 0x0044, 0x0044, 0x0044, 0x0043, 0x0043, 0x0043, 0x0043, 0x0043, 0x0043, 0x0044,
  0x0044, 0x0044, 0x0044, 0x0044, 0x0043, 0x0043, 0x0043, 0x0043, 0x0043, 0x0044, 0x0044, 0x0064,
  0x0044, 0x0064, 0x0064, 0x0064, 0x0044, 0x0044, 0x0064, 0x0064, 0x0064, 0x0064, 0x0064, 0x0064,
  0x0064, 0x0064, 0x0064, 0x0064, 0x0064, 0x0064, 0x0064, 0x0064, 0x0064, 0x0044, 0x0044, 0x0064,
  0x0064, 0x0044, 0x0044, 0x0044, 0x0044, 0x0044, 0x0044, 0x0024, 0x0024, 0x0044, 0x0024, 0x0023,
  0x0023, 0x0023, 0x0024, 0x0044, 0x0044, 0x0044, 0x0044, 0x0044, 0x0044, 0x0044, 0x0044, 0x0064,
  0x0064, 0x0064, 0x0044, 0x0044, 0x0043, 0x0044, 0x0044, 0x0044, 0x0044, 0x0044, 0x0044, 0x0044,
  0x0044, 0x0064, 0x0044, 0x0064, 0x0064, 0x0064, 0x0064, 0x0063, 0x0064, 0x0063, 0x0064, 0x0064,
  0x0063, 0x0064, 0x0064, 0x0064, 0x0063, 0x0063, 0x0064, 0x0064, 0x0063, 0x0063, 0x0063, 0x0063,
  0x0063, 0x0063, 0x0063, 0x0063, 0x0063, 0x0063, 0x0063, 0x0063, 0x0084, 0x0001, 0x4374, 0x5438,
  0x6D5F, 0x2A4D, 0x0042, 0x08A4, 0x0084, 0x0084, 0x0084, 0x0083, 0x0063, 0x0063, 0x0043, 0x0043,
  0x0043, 0x0063, 0x0043, 0x08A5, 0x39F0, 0x216C, 0x00A5, 0x00A6, 0x08C6, 0x10E8, 0x192A, 0x192A,
  0x1109, 0x08E8, 0x00A6, 0x0085, 0x0085, 0x0085, 0x00A5, 0x00A5, 0x00C5, 0x00C5, 0x00C6, 0x00C6,
  0x00C6, 0x00C6, 0x00C6, 0x00C6, 0x00C6, 0x00A5, 0x0086, 0x0085, 0x0065, 0x0085, 0x00C6, 0x00C6,
  0x08C6, 0x08C6, 0x08C6, 0x08E6, 0x08E6, 0x08C6, 0x08C6, 0x00C6, 0x00C6, 0x00A6, 0x00A6, 0x0086,
  0x0085, 0x0044, 0x0044, 0x0044, 0x0064, 0x0064, 0x0064, 0x0063, 0x0043, 0x0023, 0x0043, 0x0043,
  0x0044, 0x0064, 0x0044, 0x0064, 0x0044, 0x0024, 0x0044, 0x0044, 0x0044, 0x0044, 0x0024, 0x0023,
  0x0003, 0x0002, 0x0023, 0x0023, 0x0023, 0x0043, 0x0044, 0x0044, 0x0044, 0x0064, 0x0064, 0x0044,
  0x0064, 0x0064, 0x0064, 0x0064, 0x0064, 0x0064, 0x0064, 0x0064, 0x0064, 0x0064, 0x0064, 0x0064,
  0x0064, 0x0064, 0x0064, 0x0064, 0x0064, 0x0064, 0x0064, 0x0064, 0x0064, 0x0044, 0x0044, 0x0044,
  0x0044, 0x0044, 0x0044, 0x0044, 0x0044, 0x0043, 0x0043, 0x0043, 0x0043, 0x0043, 0x0043, 0x0043,
  0x0043, 0x0044, 0x0044, 0x0044, 0x0044, 0x0044, 0x0044, 0x0044, 0x0044, 0x0044, 0x0064, 0x0064,
  0x0044, 0x0064, 0x0064, 0x0064, 0x0064, 0x0064, 0x0064, 0x0064, 0x0064, 0x0064, 0x0064, 0x0064,
  0x0084, 0x0084, 0x0064, 0x0064, 0x0064, 0x0064, 0x0064, 0x0064, 0x0064, 0x0064, 0x0064, 0x0064,
  0x0064, 0x0064, 0x0064, 0x0064, 0x0064, 0x0064, 0x0064, 0x0044, 0x0044, 0x0044, 0x0044, 0x0044,
  0x0043, 0x0044, 0x0044, 0x0044, 0x0044, 0x0064, 0x0064, 0x0064, 0x0064, 0x0044, 0x0044, 0x0064,
  0x0064, 0x0064, 0x0044, 0x0044, 0x0044, 0x0044, 0x0044, 0x0044, 0x0064, 0x0064, 0x0064, 0x0064,
  0x0064, 0x0063, 0x0064, 0x0064, 0x0064, 0x0064, 0x0064, 0x0064, 0x0064, 0x0064, 0x0064, 0x0064,
  0x0064, 0x0064, 0x0064, 0x0064, 0x0064, 0x0064, 0x0064, 0x0064, 0x0064, 0x0063, 0x0063, 0x0063,
  0x0063, 0x0083, 0x0063, 0x0063, 0x0063, 0x0083, 0x0063, 0x0083, 0x0084, 0x0021, 0x4354, 0x5459,
  0x759F, 0x2A2D, 0x0042, 0x08A4, 0x08A4, 0x08A4, 0x08C5, 0x08C5, 0x0084, 0x0084, 0x0063, 0x0083,
  0x0043, 0x0043, 0x0063, 0x1949, 0x31CD, 0x31AB, 0x4250, 0x4A72, 0x52B3, 0x52B4, 0x4232, 0x296C,
  0x08E8, 0x00A6, 0x0063, 0x0064, 0x0085, 0x00A5, 0x00A5, 0x00A5, 0x00A5, 0x00C6, 0x00C6, 0x00C6,
  0x00C6, 0x00A5, 0x00C6, 0x08E6, 0x08E6, 0x00E6, 0x00E6, 0x00E6, 0x00A6, 0x0065, 0x0065, 0x00A6,
  0x00C6, 0x00C6, 0x00C6, 0x00C6, 0x00C6, 0x00C6, 0x00C6, 0x00C6, 0x00A6, 0x0086, 0x0085, 0x0045,
  0x0044, 0x0044, 0x0044, 0x0044, 0x0043, 0x0043, 0x0044, 0x0043, 0x0043, 0x0044, 0x0044, 0x0043,
  0x0043, 0x0044, 0x0044, 0x0044, 0x0044, 0x0044, 0x0044, 0x0043, 0x0023, 0x0003, 0x0023, 0x0023,
  0x0023, 0x0023, 0x0023, 0x0044, 0x0064, 0x0064, 0x0044, 0x0044, 0x0064, 0x0044, 0x0044, 0x0044,
  0x0064, 0x0064, 0x0044, 0x0064, 0x0064, 0x0064, 0x0064, 0x0064, 0x0064, 0x0064, 0x0064, 0x0064,
  0x0064, 0x0064, 0x0064, 0x0064, 0x0064, 0x0064, 0x0064, 0x0044, 0x0044, 0x0044, 0x0044, 0x0044,
  0x0044, 0x0044, 0x0044, 0x0044, 0x0044, 0x0044, 0x0043, 0x0044, 0x0044, 0x0043, 0x0043, 0x0043,
  0x0044, 0x0043, 0x0043, 0x0044, 0x0044, 0x0044, 0x0044, 0x0044, 0x0044, 0x0064, 0x0064, 0x0064,
  0x0064, 0x0064, 0x0064, 0x0064, 0x0064, 0x0064, 0x0064, 0x0064, 0x0064, 0x0064, 0x0064, 0x0064,
  0x0064, 0x0064, 0x0064, 0x0064, 0x0064, 0x0064, 0x0064, 0x0064, 0x0064, 0x0064, 0x0064, 0x0064,
  0x0065, 0x0064, 0x0064, 0x0064, 0x0064, 0x0064, 0x0064, 0x0064, 0x0044, 0x0044, 0x0064, 0x0044,
  0x0044, 0x0044, 0x0044, 0x0044, 0x0044, 0x0044, 0x0044, 0x0044, 0x0044, 0x0044, 0x0044, 0x0044,
  0x0044, 0x0044, 0x0044, 0x0044, 0x0044, 0x0044, 0x0044, 0x0044, 0x0044, 0x0064, 0x0044, 0x0044,
  0x0064, 0x0064, 0x0064, 0x0064, 0x0064, 0x0064, 0x0064, 0x0064, 0x0064, 0x0064, 0x0064, 0x0064,
  0x0064, 0x0064, 0x0064, 0x0064, 0x0064, 0x0064, 0x0064, 0x0064, 0x0064, 0x0063, 0x0063, 0x0063,
  0x0063, 0x0084, 0x0084, 0x0084, 0x0083, 0x0083, 0x0084, 0x0083, 0x0084, 0x0021, 0x4353, 0x5C79,
  0x75BF, 0x220C, 0x0042, 0x08C5, 0x08A5, 0x08A4, 0x1928, 0x4270, 0x1127, 0x00A5, 0x0084, 0x0083,
  0x1927, 0x2168, 0x1126, 0x1969, 0x218A, 0x5AD3, 0x7376, 0x7377, 0x7B96, 0x7355, 0x62D4, 0x5294,
  0x4A74, 0x31F2, 0x194C, 0x08C8, 0x00A5, 0x0084, 0x0085, 0x00A6, 0x00A5, 0x00A5, 0x00A5, 0x00C5,
  0x00A5, 0x00A6, 0x00A6, 0x00C6, 0x00C6, 0x00C6, 0x00C6, 0x00C6, 0x00C6, 0x00A6, 0x00A6, 0x00C6,
  0x0086, 0x0065, 0x0086, 0x00C6, 0x00A6, 0x0085, 0x0065, 0x0065, 0x0065, 0x0044, 0x0044, 0x0044,
  0x0023, 0x0043, 0x0044, 0x0044, 0x0044, 0x0043, 0x0043, 0x0044, 0x0044, 0x0044, 0x0043, 0x0043,
  0x0043, 0x0043, 0x0044, 0x0044, 0x0044, 0x0064, 0x0064, 0x0064, 0x0044, 0x0044, 0x0044, 0x0044,
  0x0044, 0x0064, 0x0044, 0x0044, 0x0044, 0x0044, 0x0044, 0x0044, 0x0044, 0x0064, 0x0044, 0x0044,
  0x0064, 0x0044, 0x0044, 0x0064, 0x0064, 0x0064, 0x0064, 0x0064, 0x0064, 0x0064, 0x0064, 0x0064,
  0x0064, 0x0064, 0x0064, 0x0064, 0x0064, 0x0044, 0x0044, 0x0044, 0x0044, 0x0044, 0x0044, 0x0044,
  0x0044, 0x0044, 0x0044, 0x0044, 0x0044, 0x0044, 0x0043, 0x0044, 0x0044, 0x0043, 0x0043, 0x0044,
  0x0044, 0x0044, 0x0044, 0x0044, 0x0044, 0x0064, 0x0044, 0x0044, 0x0044, 0x0064, 0x0064, 0x0065,
  0x0065, 0x0065, 0x0065, 0x0064, 0x0064, 0x0064, 0x0064, 0x0065, 0x0065, 0x0064, 0x0064, 0x0064,
  0x0064, 0x0064, 0x0064, 0x0064, 0x0064, 0x0064, 0x0064, 0x0064, 0x0064, 0x0064, 0x0065, 0x0065,
  0x0065, 0x0065, 0x0065, 0x0065, 0x0064, 0x0064, 0x0064, 0x0064, 0x0044, 0x0044, 0x0044, 0x0044,
  0x0044, 0x0044, 0x0044, 0x0044, 0x0044, 0x0044, 0x0044, 0x0044, 0x0044, 0x0044, 0x0044, 0x0044,
  0x0044, 0x0044, 0x0044, 0x0044, 0x0044, 0x0043, 0x0044, 0x0044, 0x0064, 0x0064, 0x0064, 0x0064,
  0x0064, 0x0064, 0x0064, 0x0064, 0x0064, 0x0064, 0x0064, 0x0064, 0x0064, 0x0064, 0x0064, 0x0064,
  0x0064, 0x0064, 0x0064, 0x0064, 0x0064, 0x0064, 0x0064, 0x0084, 0x0064, 0x0064, 0x0084, 0x0084,
  0x0084, 0x0084, 0x0084, 0x0084, 0x0084, 0x0084, 0x0084, 0x0084, 0x08A4, 0x0042, 0x3B53, 0x5C79,
  0x6D9F, 0x3AD1, 0x0084, 0x08C5, 0x08C5, 0x08C5, 0x31CB, 0x6B76, 0x4271, 0x00C5, 0x1106, 0x39EB,
  0x428E, 0x426E, 0x5AD2, 0x6B34, 0x62F4, 0x4A92, 0x4250, 0x4230, 0x5AD3, 0x7376, 0x7B78, 0x6B37,
  0x6316, 0x5AD7, 0x52B7, 0x4235, 0x29B1, 0x194C, 0x08E7, 0x00C6, 0x00C5, 0x00C5, 0x00A5, 0x0085,
  0x0085, 0x0085, 0x0065, 0x0065, 0x0065, 0x0065, 0x0065, 0x0065, 0x0086, 0x00A6, 0x00C6, 0x00E6,
  0x00C6, 0x0086, 0x0086, 0x0085, 0x0065, 0x0065, 0x0065, 0x0085, 0x0085, 0x0064, 0x0044, 0x0043,
  0x0064, 0x0064, 0x0064, 0x0064, 0x0064, 0x0043, 0x0043, 0x0064, 0x0064, 0x0064, 0x0044, 0x0044,
  0x0064, 0x0044, 0x0044, 0x0044, 0x0044, 0x0044, 0x0064, 0x0044, 0x0044, 0x0044, 0x0044, 0x0044,
  0x0044, 0x0044, 0x0044, 0x0044, 0x0044, 0x0043, 0x0044, 0x0044, 0x0044, 0x0064, 0x0064, 0x0044,
  0x0044, 0x0044, 0x0044, 0x0044, 0x0064, 0x0064, 0x0044, 0x0064, 0x0064, 0x0064, 0x0064, 0x0064,
  0x0064, 0x0064, 0x0044, 0x0044, 0x0044, 0x0044, 0x0044, 0x0044, 0x0044, 0x0044, 0x0044, 0x0044,
  0x0044, 0x0044, 0x0044, 0x0044, 0x0044, 0x0044, 0x0044, 0x0044, 0x0043, 0x0043, 0x0044, 0x0044,
  0x0044, 0x0044, 0x0044, 0x0044, 0x0044, 0x0044, 0x0064, 0x0064, 0x0064, 0x0064, 0x0065, 0x0065,
  0x0065, 0x0065, 0x0065, 0x0065, 0x0064, 0x0064, 0x0065, 0x0064, 0x0064, 0x0065, 0x0064, 0x0064,
  0x0064, 0x0064, 0x0065, 0x0065, 0x0065, 0x0064, 0x0064, 0x0064, 0x0065, 0x0064, 0x0065, 0x0065,
  0x0065, 0x0065, 0x0064, 0x0064, 0x0064, 0x0044, 0x0044, 0x0044, 0x0044, 0x0044, 0x0044, 0x0044,
  0x0044, 0x0044, 0x0044, 0x0044, 0x0044, 0x0044, 0x0044, 0x0044, 0x0044, 0x0044, 0x0044, 0x0044,
  0x0044, 0x0044, 0x0044, 0x0044, 0x0044, 0x0044, 0x0044, 0x0064, 0x0064, 0x0064, 0x0064, 0x0064,
  0x0064, 0x0064, 0x0064, 0x0064, 0x0064, 0x0064, 0x0064, 0x0064, 0x0064, 0x0064, 0x0064, 0x0064,
  0x0064, 0x0064, 0x0064, 0x0064, 0x0064, 0x0084, 0x0084, 0x0084, 0x0084, 0x0084, 0x0084, 0x0084,
  0x0084, 0x0084, 0x0084, 0x08A4, 0x08C5, 0x08C4, 0x08A4, 0x08A4, 0x08C5, 0x0042, 0x4353, 0x5C7A,
  0x5D1F, 0x741A, 0x5270, 0x08E6, 0x08C5, 0x08E6, 0x21AB, 0x6316, 0x52D4, 0x1969, 0x320B, 0x7394,
  0x73B4, 0x6B94, 0x83D7, 0x9439, 0x8C3A, 0x83FA, 0x7358, 0x5AD5, 0x4230, 0x29EE, 0x3A31, 0x6316,
  0x83D9, 0x5AD5, 0x29AF, 0x31D1, 0x31F2, 0x3A13, 0x3A11, 0x218B, 0x08E7, 0x08C6, 0x00C5, 0x00C5,
  0x00A5, 0x00A5, 0x00A6, 0x0085, 0x0044, 0x0044, 0x0044, 0x0044, 0x0065, 0x00A6, 0x00A6, 0x00A6,
  0x0085, 0x0085, 0x0065, 0x0045, 0x0065, 0x00A6, 0x00C6, 0x08C6, 0x08C6, 0x00C6, 0x00A5, 0x0084,
  0x0084, 0x0064, 0x0064, 0x0064, 0x0085, 0x0085, 0x0085, 0x00A5, 0x00A6, 0x00A5, 0x0085, 0x0064,
  0x0064, 0x0064, 0x0044, 0x0044, 0x0064, 0x0064, 0x0064, 0x0044, 0x0064, 0x0064, 0x0064, 0x0064,
  0x0044, 0x0044, 0x0044, 0x0044, 0x0044, 0x0044, 0x0064, 0x0064, 0x0064, 0x0064, 0x0064, 0x0044,
  0x0044, 0x0044, 0x0044, 0x0044, 0x0064, 0x0044, 0x0064, 0x0044, 0x0044, 0x0044, 0x0044, 0x0044,
  0x0023, 0x0023, 0x0023, 0x0023, 0x0023, 0x0023, 0x0023, 0x0023, 0x0024, 0x0044, 0x0044, 0x0044,
  0x0044, 0x0044, 0x0044, 0x0044, 0x0044, 0x0044, 0x0044, 0x0044, 0x0044, 0x0044, 0x0044, 0x0044,
  0x0044, 0x0044, 0x0044, 0x0044, 0x0044, 0x0044, 0x0064, 0x0064, 0x0065, 0x0065, 0x0065, 0x0065,
  0x0065, 0x0065, 0x0065, 0x0065, 0x0065, 0x0065, 0x0065, 0x0065, 0x0064, 0x0065, 0x0065, 0x0064,
  0x0065, 0x0065, 0x0065, 0x0064, 0x0064, 0x0064, 0x0044, 0x0044, 0x0044, 0x0064, 0x0044, 0x0044,
  0x0065, 0x0044, 0x0044, 0x0024, 0x0024, 0x0023, 0x0023, 0x0024, 0x0044, 0x0044, 0x0044, 0x0044,
  0x0044, 0x0044, 0x0024, 0x0024, 0x0044, 0x0044, 0x0044, 0x0044, 0x0044, 0x0044, 0x0044, 0x0044,
  0x0064, 0x0064, 0x0044, 0x0064, 0x0064, 0x0064, 0x0064, 0x0064, 0x0064, 0x0064, 0x0064, 0x0064,
  0x0064, 0x0064, 0x0064, 0x0064, 0x0064, 0x0064, 0x0064, 0x0064, 0x0064, 0x0064, 0x0064, 0x0084,
  0x0084, 0x0084, 0x0084, 0x0084, 0x0084, 0x0084, 0x0084, 0x0084, 0x0084, 0x0084, 0x00A4, 0x00A4,
  0x00A4, 0x00A4, 0x08C4, 0x08C5, 0x08C4, 0x08C5, 0x08C4, 0x08A4, 0x08C5, 0x0062, 0x4374, 0x547A,
  0x64FD, 0x745A, 0x8397, 0x5291, 0x08E6, 0x0906, 0x1127, 0x52F3, 0x6B56, 0x2189, 0x0084, 0x52D0,
  0xA4DA, 0x9C99, 0x8C19, 0x6314, 0x3A2F, 0x4A91, 0x4230, 0x39EF, 0x3A0F, 0x29AC, 0x08E7, 0x0908,
  0x424F, 0x6B35, 0x420F, 0x0908, 0x00E7, 0x08E6, 0x08E6, 0x1108, 0x1108, 0x08E6, 0x08C5, 0x00C6,
  0x08C6, 0x08C6, 0x00C6, 0x00A5, 0x0044, 0x0044, 0x0044, 0x0065, 0x0064, 0x0044, 0x0064, 0x0044,
  0x0044, 0x0044, 0x0065, 0x0085, 0x00C6, 0x00E6, 0x08E6, 0x08E6, 0x08E6, 0x08E6, 0x08E6, 0x08E6,
  0x08E6, 0x00C6, 0x00C6, 0x00A5, 0x0065, 0x00C6, 0x00C6, 0x00A5, 0x00C6, 0x00C6, 0x00E6, 0x00C6,
  0x0065, 0x0085, 0x00A6, 0x0065, 0x0044, 0x0064, 0x0064, 0x0064, 0x0064, 0x0064, 0x0064, 0x0064,
  0x0064, 0x0044, 0x0044, 0x0064, 0x0064, 0x0065, 0x0064, 0x0064, 0x0064, 0x0044, 0x0044, 0x0044,
  0x0044, 0x0044, 0x0023, 0x0023, 0x0024, 0x0044, 0x0044, 0x0044, 0x0044, 0x0024, 0x0023, 0x0023,
  0x0002, 0x0002, 0x0002, 0x0002, 0x0002, 0x0003, 0x0003, 0x0003, 0x0003, 0x0003, 0x0003, 0x0023,
  0x0023, 0x0023, 0x0024, 0x0044, 0x0044, 0x0024, 0x0023, 0x0023, 0x0044, 0x0044, 0x0044, 0x0044,
  0x0044, 0x0044, 0x0044, 0x0044, 0x0045, 0x0065, 0x0065, 0x0065, 0x0065, 0x0065, 0x0065, 0x0065,
  0x0065, 0x0065, 0x0065, 0x0065, 0x0065, 0x0065, 0x0065, 0x0064, 0x0064, 0x0064, 0x0065, 0x0065,
  0x0065, 0x0065, 0x0044, 0x0044, 0x0044, 0x0044, 0x0044, 0x0044, 0x0044, 0x0044, 0x0044, 0x0044,
  0x0024, 0x0024, 0x0024, 0x0023, 0x0044, 0x0044, 0x0044, 0x0044, 0x0044, 0x0044, 0x0044, 0x0023,
  0x0023, 0x0023, 0x0024, 0x0044, 0x0044, 0x0044, 0x0044, 0x0044, 0x0044, 0x0044, 0x0064, 0x0064,
  0x0064, 0x0064, 0x0064, 0x0064, 0x0064, 0x0064, 0x0064, 0x0064, 0x0064, 0x0064, 0x0064, 0x0064,
  0x0064, 0x0064, 0x0064, 0x0064, 0x0064, 0x0064, 0x0064, 0x0064, 0x0064, 0x0064, 0x0084, 0x0084,
  0x0084, 0x0084, 0x0084, 0x0084, 0x0084, 0x0084, 0x00A5, 0x00C5, 0x00A5, 0x00C5, 0x08C5, 0x08C5,
  0x08C5, 0x08C5, 0x08C5, 0x08C5, 0x08C5, 0x08C5, 0x08C4, 0x08A5, 0x08C5, 0x0063, 0x4374, 0x5439,
  0x64FC, 0x84BB, 0x83B7, 0x8C19, 0x426F, 0x1989, 0x3A6E, 0x73B6, 0x7BB9, 0x3A0F, 0x08E6, 0x1969,
  0x8C37, 0x9C99, 0x9439, 0x7BB8, 0x218C, 0x0064, 0x0084, 0x0084, 0x0084, 0x00A5, 0x00A5, 0x00A5,
  0x0084, 0x00A5, 0x4250, 0x4A93, 0x0907, 0x00C5, 0x00C5, 0x00A5, 0x00C5, 0x08C5, 0x08C6, 0x08C5,
  0x00C5, 0x08C5, 0x00C5, 0x00A5, 0x0085, 0x0085, 0x00A5, 0x00A5, 0x00C5, 0x00A5, 0x0065, 0x0064,
  0x0064, 0x0064, 0x0064, 0x0064, 0x0085, 0x00A5, 0x00C6, 0x00E6, 0x00C6, 0x00C6, 0x08E6, 0x08E6,
  0x08E6, 0x08E6, 0x08E6, 0x08E6, 0x00C6, 0x00C6, 0x08E6, 0x08E6, 0x08E6, 0x08E6, 0x00E7, 0x00E7,
  0x00E7, 0x00E7, 0x00E7, 0x00C7, 0x0086, 0x0044, 0x0044, 0x0064, 0x0044, 0x0064, 0x0064, 0x0064,
  0x0064, 0x0064, 0x0044, 0x0044, 0x0044, 0x0044, 0x0044, 0x0044, 0x0024, 0x0024, 0x0044, 0x0024,
  0x0044, 0x0024, 0x0003, 0x0003, 0x0003, 0x0003, 0x0003, 0x0003, 0x0023, 0x0023, 0x0023, 0x0023,
  0x0044, 0x0044, 0x0023, 0x0024, 0x0023, 0x0003, 0x0002, 0x0003, 0x0003, 0x0003, 0x0023, 0x0023,
  0x0023, 0x0024, 0x0023, 0x0023, 0x0023, 0x0024, 0x0023, 0x0024, 0x0044, 0x0044, 0x0044, 0x0044,
  0x0044, 0x0045, 0x0044, 0x0045, 0x0045, 0x0065, 0x0065, 0x0065, 0x0044, 0x0044, 0x0044, 0x0044,
  0x0044, 0x0045, 0x0065, 0x0065, 0x0065, 0x0064, 0x0065, 0x0064, 0x0064, 0x0065, 0x0065, 0x0045,
  0x0065, 0x0045, 0x0045, 0x0044, 0x0044, 0x0044, 0x0044, 0x0045, 0x0044, 0x0044, 0x0044, 0x0024,
  0x0023, 0x0023, 0x0024, 0x0024, 0x0023, 0x0023, 0x0023, 0x0023, 0x0023, 0x0023, 0x0024, 0x0023,
  0x0023, 0x0044, 0x0044, 0x0044, 0x0044, 0x0044, 0x0044, 0x0064, 0x0064, 0x0044, 0x0064, 0x0064,
  0x0064, 0x0064, 0x0064, 0x0064, 0x0064, 0x0064, 0x0064, 0x0064, 0x0064, 0x0064, 0x0064, 0x0064,
  0x0064, 0x0064, 0x0064, 0x0084, 0x0084, 0x0064, 0x0064, 0x0084, 0x0085, 0x0085, 0x0064, 0x0064,
  0x0064, 0x0085, 0x0085, 0x00A5, 0x00A5, 0x08C5, 0x08C5, 0x08C5, 0x08C5, 0x08C5, 0x08C5, 0x08C5,
  0x08C5, 0x08C5, 0x08C5, 0x08C5, 0x08C5, 0x08C5, 0x08C5, 0x08C5, 0x08C5, 0x0063, 0x4395, 0x5418,
  0x5CBB, 0x749B, 0x9419, 0x5B54, 0x42D0, 0x29CA, 0x5AF3, 0x7BBA, 0x7BBA, 0x3A30, 0x0908, 0x1149,
  0x426F, 0x945A, 0x8C19, 0x941A, 0x7378, 0x1108, 0x0908, 0x1109, 0x00A5, 0x00A5, 0x0085, 0x0084,
  0x00E7, 0x194A, 0x114B, 0x114B, 0x1108, 0x00A5, 0x00C5, 0x00C5, 0x00C5, 0x08C6, 0x08C6, 0x08C6,
  0x08C5, 0x00C5, 0x00C5, 0x00C6, 0x00C6, 0x00C6, 0x00C6, 0x00C5, 0x00A5, 0x00C6, 0x00A6, 0x0065,
  0x0064, 0x0064, 0x0044, 0x0064, 0x0065, 0x00A5, 0x00C6, 0x00C6, 0x00C6, 0x00C6, 0x00C6, 0x00E6,
  0x00E6, 0x00E6, 0x00E6, 0x08E6, 0x00E6, 0x00E6, 0x00E7, 0x00E7, 0x00E7, 0x00E7, 0x00E7, 0x00E7,
  0x00E7, 0x00E7, 0x00C7, 0x00A6, 0x0065, 0x0045, 0x0045, 0x0065, 0x0064, 0x0065, 0x0065, 0x0065,
  0x0064, 0x0044, 0x0044, 0x0044, 0x0044, 0x0044, 0x0044, 0x0024, 0x0024, 0x0044, 0x0045, 0x0044,
  0x0044, 0x0064, 0x0044, 0x0024, 0x0023, 0x0003, 0x0002, 0x0002, 0x0003, 0x0003, 0x0023, 0x0044,
  0x0044, 0x0044, 0x0044, 0x0044, 0x0044, 0x0024, 0x0024, 0x0023, 0x0003, 0x0003, 0x0002, 0x0002,
  0x0002, 0x0002, 0x0003, 0x0003, 0x0024, 0x0024, 0x0024, 0x0045, 0x0044, 0x0044, 0x0044, 0x0044,
  0x0044, 0x0044, 0x0024, 0x0024, 0x0024, 0x0024, 0x0024, 0x0023, 0x0024, 0x0024, 0x0044, 0x0044,
  0x0045, 0x0044, 0x0044, 0x0044, 0x0045, 0x0045, 0x0065, 0x0065, 0x0044, 0x0044, 0x0045, 0x0045,
  0x0045, 0x0044, 0x0044, 0x0044, 0x0044, 0x0024, 0x0044, 0x0044, 0x0044, 0x0044, 0x0024, 0x0023,
  0x0023, 0x0024, 0x0024, 0x0023, 0x0023, 0x0023, 0x0044, 0x0044, 0x0044, 0x0044, 0x0044, 0x0044,
  0x0044, 0x0044, 0x0044, 0x0044, 0x0044, 0x0044, 0x0044, 0x0064, 0x0064, 0x0064, 0x0064, 0x0064,
  0x0064, 0x0064, 0x0064, 0x0064, 0x0064, 0x0064, 0x0064, 0x0064, 0x0064, 0x0064, 0x0064, 0x0065,
  0x0064, 0x0064, 0x0084, 0x0064, 0x0064, 0x0085, 0x00A5, 0x00A5, 0x0085, 0x0085, 0x00A5, 0x00A5,
  0x00A5, 0x00C5, 0x00A5, 0x00C5, 0x08C5, 0x08C5, 0x08C5, 0x08C5, 0x08C5, 0x08C5, 0x08C5, 0x08C5,
  0x08C5, 0x08C5, 0x08C5, 0x08C5, 0x08C5, 0x08C5, 0x08A5, 0x08A5, 0x08C5, 0x0063, 0x4BB6, 0x4BF7,
  0x4C59, 0x84FE, 0x8BF8, 0x1169, 0x1148, 0x6335, 0x7BB9, 0x83DA, 0x7BD9, 0x3234, 0x08E9, 0x08E6,
  0x08E7, 0x6313, 0x83DA, 0x83DA, 0x83DB, 0x5AF5, 0x3210, 0x00C7, 0x00A6, 0x0085, 0x0084, 0x194A,
  0x4253, 0x216C, 0x092B, 0x00E9, 0x0085, 0x00A6, 0x00A5, 0x00C5, 0x00C6, 0x08C6, 0x08C6, 0x08C6,
  0x08C6, 0x00C6, 0x00C5, 0x00C5, 0x00E6, 0x00E5, 0x00C5, 0x00C5, 0x00A5, 0x00C6, 0x00C6, 0x0085,
  0x00A6, 0x00C6, 0x0085, 0x0085, 0x00A6, 0x00C6, 0x00A5, 0x00A5, 0x00A6, 0x00A5, 0x0085, 0x00C6,
  0x00C6, 0x00C6, 0x00C6, 0x00E6, 0x00E7, 0x00E7, 0x00E7, 0x00E7, 0x00E7, 0x00E7, 0x00E7, 0x00E7,
  0x00C7, 0x00C7, 0x00C7, 0x00A7, 0x0086, 0x0045, 0x0045, 0x0045, 0x0065, 0x0066, 0x00A6, 0x00C7,
  0x00A7, 0x0065, 0x0066, 0x0044, 0x0024, 0x0044, 0x0023, 0x0003, 0x0023, 0x0023, 0x0044, 0x0044,
  0x0065, 0x0065, 0x0065, 0x0065, 0x0065, 0x0044, 0x0044, 0x0044, 0x0044, 0x0044, 0x0044, 0x0044,
  0x0044, 0x0044, 0x0044, 0x0024, 0x0023, 0x0003, 0x0023, 0x0002, 0x0003, 0x0003, 0x0023, 0x0023,
  0x0003, 0x0002, 0x0002, 0x0002, 0x0003, 0x0003, 0x0003, 0x0003, 0x0003, 0x0003, 0x0003, 0x0003,
  0x0003, 0x0003, 0x0003, 0x0003, 0x0003, 0x0003, 0x0003, 0x0003, 0x0024, 0x0024, 0x0024, 0x0024,
  0x0024, 0x0044, 0x0044, 0x0044, 0x0044, 0x0044, 0x0044, 0x0044, 0x0024, 0x0024, 0x0024, 0x0024,
  0x0024, 0x0023, 0x0024, 0x0024, 0x0024, 0x0024, 0x0024, 0x0044, 0x0024, 0x0044, 0x0044, 0x0024,
  0x0044, 0x0044, 0x0044, 0x0024, 0x0023, 0x0024, 0x0044, 0x0044, 0x0044, 0x0044, 0x0044, 0x0044,
  0x0044, 0x0044, 0x0064, 0x0064, 0x0044, 0x0044, 0x0065, 0x0085, 0x0085, 0x0085, 0x0064, 0x0064,
  0x0065, 0x0085, 0x0085, 0x0085, 0x0065, 0x0064, 0x0085, 0x0064, 0x0065, 0x0065, 0x0065, 0x0065,
  0x0065, 0x0065, 0x0065, 0x0065, 0x0085, 0x00A5, 0x00A5, 0x00A5, 0x00A5, 0x00C6, 0x00C6, 0x08C6,
  0x08C6, 0x08C5, 0x08C5, 0x08C5, 0x08C5, 0x08C5, 0x08C5, 0x08C5, 0x08C5, 0x08C5, 0x08C5, 0x08C5,
  0x08C5, 0x08C5, 0x08C5, 0x08C5, 0x08C5, 0x08A5, 0x08A5, 0x08A5, 0x08C5, 0x0063, 0x4BF7, 0x4BB5,
  0x43F7, 0x853F, 0x5AB1, 0x00E6, 0x00C5, 0x52B2, 0x943B, 0x9CBB, 0x8C5A, 0x3A56, 0x00C9, 0x0084,
  0x00A5, 0x08E6, 0x52B4, 0x83DB, 0x7BBA, 0x7BBB, 0x3A52, 0x00A6, 0x0084, 0x1109, 0x4232, 0x62F8,
  0x31F2, 0x0063, 0x092C, 0x090B, 0x00A5, 0x00A6, 0x00A6, 0x00C6, 0x00C6, 0x00C6, 0x08E6, 0x00C6,
  0x00C5, 0x08E6, 0x1109, 0x114B, 0x194D, 0x196D, 0x114B, 0x0909, 0x08E7, 0x08E6, 0x08E6, 0x00E6,
  0x00E6, 0x00C6, 0x00C6, 0x00C6, 0x00A6, 0x00A6, 0x0085, 0x0044, 0x0065, 0x00A5, 0x0085, 0x0065,
  0x0086, 0x00A6, 0x00C6, 0x00C6, 0x00C7, 0x00C7, 0x00C7, 0x00E7, 0x00E7, 0x00E7, 0x00C7, 0x00C7,
  0x00C7, 0x00C7, 0x00C7, 0x00C7, 0x00C7, 0x00C7, 0x00A6, 0x00A7, 0x00A7, 0x00A7, 0x00A7, 0x00A7,
  0x00A7, 0x0087, 0x0066, 0x0024, 0x0024, 0x0024, 0x0044, 0x0044, 0x0044, 0x0065, 0x0065, 0x0086,
  0x0086, 0x00A7, 0x0087, 0x0086, 0x00A6, 0x0086, 0x0065, 0x0045, 0x0045, 0x0044, 0x0044, 0x0045,
  0x0044, 0x0044, 0x0044, 0x0024, 0x0023, 0x0003, 0x0002, 0x0002, 0x0003, 0x0002, 0x0003, 0x0023,
  0x0003, 0x0023, 0x0023, 0x0023, 0x0023, 0x0023, 0x0003, 0x0003, 0x0003, 0x0002, 0x0002, 0x0002,
  0x0002, 0x0002, 0x0002, 0x0002, 0x0002, 0x0003, 0x0003, 0x0003, 0x0003, 0x0003, 0x0003, 0x0003,
  0x0003, 0x0003, 0x0003, 0x0003, 0x0003, 0x0003, 0x0003, 0x0003, 0x0003, 0x0003, 0x0003, 0x0002,
  0x0002, 0x0003, 0x0003, 0x0003, 0x0003, 0x0003, 0x0003, 0x0003, 0x0003, 0x0023, 0x0023, 0x0023,
  0x0023, 0x0024, 0x0044, 0x0044, 0x0044, 0x0044, 0x0044, 0x0044, 0x0044, 0x0064, 0x0064, 0x0064,
  0x0064, 0x0044, 0x0045, 0x0044, 0x0045, 0x0086, 0x00A6, 0x00A6, 0x00A6, 0x00A6, 0x0065, 0x0086,
  0x00A6, 0x00C6, 0x00A6, 0x0086, 0x0065, 0x0065, 0x0085, 0x0065, 0x0065, 0x0085, 0x0065, 0x0065,
  0x0065, 0x0065, 0x0065, 0x0085, 0x0085, 0x0085, 0x0085, 0x00C6, 0x00C6, 0x00C6, 0x00C6, 0x00C6,
  0x00C6, 0x00C6, 0x00C5, 0x00C5, 0x00C5, 0x00C5, 0x00C5, 0x00A5, 0x00A5, 0x00A5, 0x00C5, 0x00C5,
  0x00C5, 0x00A5, 0x00C6, 0x08C5, 0x08C5, 0x00A5, 0x00A5, 0x00A5, 0x00C5, 0x0063, 0x4C39, 0x4374,
  0x43D6, 0x649D, 0x1109, 0x00C6, 0x00A5, 0x218A, 0x8C3A, 0x9C9B, 0x843A, 0x7BBA, 0x29AE, 0x0085,
  0x0063, 0x0064, 0x0908, 0x6318, 0x7BBB, 0x83BC, 0x4274, 0x1129, 0x3A10, 0x5AF7, 0x6B59, 0x52B7,
  0x08E9, 0x0063, 0x112C, 0x114D, 0x0085, 0x00A6, 0x00A6, 0x00A6, 0x00C6, 0x00C5, 0x00A5, 0x08E7,
  0x29CE, 0x3A33, 0x3A35, 0x3215, 0x29D4, 0x21B2, 0x196E, 0x112A, 0x0928, 0x0928, 0x08E7, 0x00E6,
  0x00E6, 0x00C6, 0x00C6, 0x00C6, 0x00A6, 0x00A5, 0x00A6, 0x00C6, 0x00C6, 0x00E7, 0x00C6, 0x00A6,
  0x00A6, 0x00C6, 0x00E7, 0x00E7, 0x00E7, 0x00E7, 0x00C7, 0x00C7, 0x00E7, 0x00E7, 0x00C7, 0x00C7,
  0x00C7, 0x00C7, 0x00E7, 0x00E7, 0x00C7, 0x00E7, 0x00E7, 0x00E7, 0x00C7, 0x00C7, 0x00A7, 0x0066,
  0x0046, 0x0045, 0x0045, 0x0024, 0x0044, 0x0065, 0x0065, 0x0065, 0x0044, 0x0065, 0x0066, 0x0066,
  0x0065, 0x0045, 0x0065, 0x0045, 0x0066, 0x0087, 0x0066, 0x0066, 0x0087, 0x0066, 0x0045, 0x0024,
  0x0044, 0x0044, 0x0044, 0x0045, 0x0044, 0x0044, 0x0024, 0x0023, 0x0023, 0x0003, 0x0003, 0x0003,
  0x0002, 0x0003, 0x0003, 0x0024, 0x0024, 0x0024, 0x0024, 0x0024, 0x0024, 0x0003, 0x0003, 0x0003,
  0x0003, 0x0002, 0x0002, 0x0002, 0x0002, 0x0002, 0x0002, 0x0002, 0x0002, 0x0003, 0x0003, 0x0023,
  0x0003, 0x0003, 0x0003, 0x0003, 0x0003, 0x0002, 0x0003, 0x0003, 0x0002, 0x0003, 0x0023, 0x0023,
  0x0023, 0x0023, 0x0023, 0x0023, 0x0023, 0x0023, 0x0023, 0x0023, 0x0003, 0x0023, 0x0024, 0x0044,
  0x0044, 0x0044, 0x0044, 0x0064, 0x0064, 0x0064, 0x0064, 0x0064, 0x0064, 0x0064, 0x0064, 0x0045,
  0x0045, 0x0045, 0x0044, 0x0045, 0x0065, 0x0086, 0x0086, 0x0086, 0x0085, 0x0065, 0x0086, 0x00A6,
  0x00A6, 0x0085, 0x0065, 0x0065, 0x0065, 0x0065, 0x0065, 0x0085, 0x0085, 0x0085, 0x0085, 0x0085,
  0x0065, 0x0085, 0x00A6, 0x00A6, 0x00A6, 0x00A6, 0x00A6, 0x00C6, 0x00C6, 0x00C6, 0x00C6, 0x00C6,
  0x00C6, 0x00C5, 0x00C6, 0x00A5, 0x00A5, 0x00A5, 0x00A5, 0x00A5, 0x00A5, 0x00A5, 0x00C5, 0x00C6,
  0x00A4, 0x08E7, 0x08C6, 0x00C5, 0x00A5, 0x00A5, 0x00A5, 0x00A5, 0x00C5, 0x0063, 0x547A, 0x3B12,
  0x4B94, 0x5439, 0x0044, 0x00C6, 0x00C6, 0x1148, 0x7C15, 0x6398, 0x6B9A, 0x739B, 0x52D7, 0x5295,
  0x31AE, 0x1129, 0x00A6, 0x21AD, 0x735C, 0x7B9C, 0x5AF8, 0x21AE, 0x7359, 0x6B38, 0x5AD8, 0x194E,
  0x0084, 0x00A6, 0x2191, 0x216E, 0x0085, 0x00A7, 0x00A6, 0x00A6, 0x0084, 0x00A5, 0x1948, 0x116A,
  0x29EF, 0x29CE, 0x218D, 0x114B, 0x0908, 0x00C6, 0x00C5, 0x00E6, 0x00E6, 0x00E6, 0x00E6, 0x00E6,
  0x00E6, 0x00E6, 0x00E6, 0x00E6, 0x00E6, 0x00E7, 0x00E7, 0x00E7, 0x00E6, 0x00C6, 0x00A6, 0x00C7,
  0x00E7, 0x00E7, 0x00E7, 0x00E7, 0x0107, 0x00E7, 0x00E7, 0x00E7, 0x00E7, 0x00E7, 0x00E7, 0x00E7,
  0x00E7, 0x00E7, 0x00E7, 0x00E7, 0x00E7, 0x00E7, 0x00C7, 0x00C7, 0x00C7, 0x00C8, 0x00C8, 0x00A7,
  0x0046, 0x0024, 0x0024, 0x0045, 0x0045, 0x0065, 0x0064, 0x0044, 0x0044, 0x0024, 0x0024, 0x0024,
  0x0024, 0x0024, 0x0024, 0x0024, 0x0045, 0x0045, 0x0045, 0x0067, 0x0087, 0x0066, 0x0024, 0x0024,
  0x0046, 0x0066, 0x0025, 0x0024, 0x0024, 0x0024, 0x0045, 0x0044, 0x0044, 0x0024, 0x0024, 0x0023,
  0x0002, 0x0003, 0x0003, 0x0003, 0x0003, 0x0003, 0x0023, 0x0023, 0x0003, 0x0002, 0x0002, 0x0002,
  0x0002, 0x0002, 0x0002, 0x0002, 0x0002, 0x0023, 0x0003, 0x0003, 0x0002, 0x0002, 0x0002, 0x0002,
  0x0003, 0x0003, 0x0003, 0x0003, 0x0003, 0x0023, 0x0003, 0x0023, 0x0024, 0x0024, 0x0024, 0x0044,
  0x0044, 0x0044, 0x0044, 0x0044, 0x0044, 0x0044, 0x0044, 0x0044, 0x0044, 0x0044, 0x0044, 0x0044,
  0x0064, 0x0064, 0x0064, 0x0064, 0x0064, 0x0065, 0x0065, 0x0065, 0x0065, 0x0065, 0x0044, 0x0045,
  0x0045, 0x0045, 0x0044, 0x0044, 0x0045, 0x0045, 0x0065, 0x0065, 0x0065, 0x0065, 0x0065, 0x0065,
  0x0065, 0x0065, 0x0065, 0x0065, 0x0065, 0x0065, 0x0085, 0x0085, 0x0085, 0x0085, 0x00A5, 0x00A6,
  0x00A6, 0x00C6, 0x00C6, 0x00C6, 0x00C6, 0x00C6, 0x00C6, 0x00C6, 0x00C6, 0x00C6, 0x00C6, 0x00A6,
  0x00A6, 0x00C6, 0x00C6, 0x0909, 0x00C7, 0x0085, 0x00C6, 0x00A5, 0x00A5, 0x00E7, 0x1149, 0x00A4,
  0x194D, 0x218F, 0x00A4, 0x00C6, 0x00A5, 0x00A5, 0x00A5, 0x00A5, 0x00A5, 0x0084, 0x5CDB, 0x328E,
  0x4352, 0x649A, 0x0085, 0x0085, 0x21CB, 0x6BB4, 0x7C55, 0x4B35, 0x112B, 0x6317, 0x21AD, 0x52D3,
  0x8C3C, 0x73B9, 0x196B, 0x6356, 0x6339, 0x5ABB, 0x62FB, 0x6B5A, 0x7BB9, 0x52D6, 0x3A17, 0x29B1,
  0x3A13, 0x4A95, 0x52D7, 0x4A76, 0x4235, 0x4255, 0x29F2, 0x114C, 0x194A, 0x3A0D, 0x1949, 0x00A6,
  0x0084, 0x0085, 0x00A6, 0x00C6, 0x00C6, 0x00C6, 0x00E7, 0x00E7, 0x00E7, 0x00E6, 0x00E6, 0x00E6,
  0x00E6, 0x00E6, 0x00E6, 0x00E6, 0x00E7, 0x00E7, 0x00E7, 0x00E7, 0x00E7, 0x00E7, 0x00C7, 0x00E7,
  0x00E7, 0x00E7, 0x00E7, 0x00E7, 0x00E7, 0x00E7, 0x00E8, 0x00E7, 0x00E7, 0x00E7, 0x00C7, 0x00C7,
  0x00E7, 0x00C7, 0x00E8, 0x00E8, 0x00E8, 0x00C7, 0x00C7, 0x00C8, 0x00A7, 0x0087, 0x00A8, 0x00C8,
  0x0087, 0x0045, 0x0044, 0x0044, 0x0065, 0x0065, 0x0065, 0x0065, 0x0065, 0x0065, 0x0045, 0x0065,
  0x0045, 0x0065, 0x0045, 0x0045, 0x0045, 0x0024, 0x0024, 0x0024, 0x0024, 0x0024, 0x0003, 0x0004,
  0x0024, 0x0024, 0x0004, 0x0003, 0x0003, 0x0003, 0x0024, 0x0024, 0x0024, 0x0024, 0x0024, 0x0003,
  0x0003, 0x0002, 0x0002, 0x0002, 0x0001, 0x0001, 0x0001, 0x0002, 0x0001, 0x0002, 0x0003, 0x0023,
  0x0024, 0x0024, 0x0024, 0x0024, 0x0044, 0x0044, 0x0023, 0x0003, 0x0003, 0x0003, 0x0003, 0x0003,
  0x0003, 0x0003, 0x0003, 0x0023, 0x0003, 0x0023, 0x0023, 0x0024, 0x0044, 0x0044, 0x0044, 0x0044,
  0x0044, 0x0044, 0x0044, 0x0044, 0x0044, 0x0044, 0x0044, 0x0044, 0x0044, 0x0044, 0x0044, 0x0044,
  0x0065, 0x0064, 0x0064, 0x0065, 0x0065, 0x0065, 0x0065, 0x0065, 0x0065, 0x0065, 0x0065, 0x0065,
  0x0065, 0x0065, 0x0065, 0x0065, 0x0065, 0x0065, 0x0065, 0x0065, 0x0065, 0x0065, 0x0065, 0x0065,
  0x0065, 0x0065, 0x0065, 0x0086, 0x00A6, 0x00A6, 0x00A6, 0x00A6, 0x00C6, 0x00C6, 0x00C6, 0x00C6,
  0x00E6, 0x00C6, 0x00C6, 0x00C6, 0x00C6, 0x00C6, 0x00C6, 0x00C6, 0x00C6, 0x00C6, 0x00C6, 0x00A6,
  0x00A6, 0x00C6, 0x00A6, 0x00EA, 0x3214, 0x29CD, 0x00C6, 0x00A6, 0x00A6, 0x00A6, 0x320F, 0x29F0,
  0x52BA, 0x196C, 0x0084, 0x00A5, 0x00C6, 0x0908, 0x00C6, 0x00C6, 0x00A5, 0x0907, 0x651D, 0x29EB,
  0x3AAE, 0x6D3E, 0x3A34, 0x4255, 0x7396, 0x8C57, 0x94D7, 0x32B1, 0x196B, 0x4293, 0x4252, 0x29CD,
  0x6356, 0x8C5B, 0x7BFA, 0x4252, 0x1129, 0x6B5A, 0x633C, 0x6B5A, 0x52D1, 0x6B78, 0x6B58, 0x6359,
  0x633A, 0x739A, 0x73BB, 0x5AD9, 0x31F3, 0x216E, 0x298E, 0x4275, 0x3A54, 0x08E8, 0x0085, 0x00A6,
  0x00A6, 0x00A6, 0x00A6, 0x00A6, 0x00C6, 0x00C6, 0x00C6, 0x00C6, 0x00C6, 0x00C6, 0x00C6, 0x00C6,
  0x00C6, 0x00C6, 0x00C6, 0x00E6, 0x00E7, 0x00E7, 0x00E7, 0x00E7, 0x00E7, 0x00E7, 0x00E7, 0x00E7,
  0x00E7, 0x00E7, 0x00E7, 0x00E7, 0x00E7, 0x00E7, 0x00E8, 0x00E8, 0x00E8, 0x00E8, 0x00E8, 0x00C7,
  0x00A7, 0x00A7, 0x00A7, 0x00C8, 0x00E8, 0x00C8, 0x00C8, 0x00A8, 0x0087, 0x0066, 0x0066, 0x0087,
  0x00A7, 0x00A7, 0x0066, 0x0045, 0x0045, 0x0086, 0x00A6, 0x0086, 0x0065, 0x0066, 0x0065, 0x0045,
  0x0065, 0x0045, 0x0045, 0x0045, 0x0065, 0x0045, 0x0045, 0x0045, 0x0045, 0x0045, 0x0003, 0x0003,
  0x0003, 0x0003, 0x0003, 0x0003, 0x0023, 0x0024, 0x0024, 0x0045, 0x0024, 0x0003, 0x0003, 0x0003,
  0x0003, 0x0002, 0x0002, 0x0002, 0x0002, 0x0002, 0x0001, 0x0002, 0x0002, 0x0003, 0x0023, 0x0024,
  0x0024, 0x0044, 0x0044, 0x0044, 0x0044, 0x0044, 0x0024, 0x0024, 0x0024, 0x0044, 0x0044, 0x0024,
  0x0044, 0x0044, 0x0044, 0x0044, 0x0044, 0x0044, 0x0044, 0x0044, 0x0044, 0x0044, 0x0044, 0x0044,
  0x0044, 0x0044, 0x0044, 0x0044, 0x0044, 0x0044, 0x0064, 0x0045, 0x0045, 0x0044, 0x0044, 0x0044,
  0x0044, 0x0044, 0x0065, 0x0065, 0x0065, 0x0065, 0x0065, 0x0065, 0x0065, 0x0065, 0x0065, 0x0065,
  0x0065, 0x0065, 0x0065, 0x0065, 0x0065, 0x0065, 0x0065, 0x0065, 0x0065, 0x0085, 0x0086, 0x0086,
  0x0085, 0x0085, 0x0086, 0x00C6, 0x00C6, 0x00A6, 0x00A6, 0x00A6, 0x00C6, 0x00C6, 0x00C6, 0x00C6,
  0x00C6, 0x00C6, 0x00A6, 0x00C6, 0x00C6, 0x00C6, 0x00C6, 0x00C6, 0x00C6, 0x00C6, 0x00C6, 0x00C6,
  0x00A6, 0x00A6, 0x00A6, 0x0086, 0x3A56, 0x841B, 0x3A2D, 0x00A6, 0x00A6, 0x00E8, 0x3A73, 0x739C,
  0x6338, 0x116A, 0x21CD, 0x3A30, 0x4293, 0x21AD, 0x00C7, 0x00A6, 0x092A, 0x3291, 0x651E, 0x1947,
  0x2A0B, 0x653E, 0x218F, 0x52D6, 0x5B57, 0x7C35, 0x9D39, 0x2A72, 0x112B, 0x3A31, 0x739A, 0x112A,
  0x52B2, 0x949C, 0x6B58, 0x4272, 0x0085, 0x7BF7, 0x949C, 0x6B9A, 0x94B9, 0xAD1B, 0x9CBB, 0x945A,
  0x945A, 0x7BDA, 0x4253, 0x29D0, 0x1109, 0x3A32, 0x4A78, 0x31D2, 0x112D, 0x090C, 0x00C9, 0x00A6,
  0x0086, 0x0086, 0x0086, 0x00A6, 0x00C6, 0x00C6, 0x00C6, 0x00C6, 0x00C6, 0x00C6, 0x00C6, 0x00C6,
  0x00C6, 0x00C6, 0x00C6, 0x00C6, 0x00C7, 0x00E7, 0x00E7, 0x00C7, 0x00C7, 0x00E7, 0x00E7, 0x00E7,
  0x00E7, 0x00E7, 0x00E7, 0x00C7, 0x00C7, 0x00C7, 0x00C7, 0x00C7, 0x00C8, 0x00E8, 0x00E8, 0x00C8,
  0x00C8, 0x00C8, 0x0087, 0x00A8, 0x00C8, 0x00A8, 0x0087, 0x0066, 0x0066, 0x0066, 0x0066, 0x00A7,
  0x00C7, 0x00C7, 0x00C7, 0x00A8, 0x00A7, 0x00A7, 0x00A7, 0x00A7, 0x00C7, 0x00C8, 0x00C8, 0x0087,
  0x00A7, 0x0045, 0x0046, 0x0087, 0x0066, 0x0045, 0x0046, 0x0066, 0x0045, 0x0066, 0x0025, 0x0004,
  0x0024, 0x0024, 0x0024, 0x0003, 0x0003, 0x0003, 0x0003, 0x0004, 0x0003, 0x0003, 0x0023, 0x0023,
  0x0023, 0x0024, 0x0024, 0x0024, 0x0024, 0x0024, 0x0024, 0x0024, 0x0044, 0x0044, 0x0044, 0x0044,
  0x0044, 0x0024, 0x0024, 0x0044, 0x0044, 0x0044, 0x0044, 0x0044, 0x0044, 0x0044, 0x0044, 0x0044,
  0x0044, 0x0044, 0x0044, 0x0044, 0x0044, 0x0044, 0x0044, 0x0044, 0x0044, 0x0044, 0x0044, 0x0044,
  0x0044, 0x0044, 0x0044, 0x0044, 0x0044, 0x0044, 0x0044, 0x0044, 0x0044, 0x0044, 0x0024, 0x0044,
  0x0044, 0x0045, 0x0045, 0x0045, 0x0045, 0x0065, 0x0065, 0x0065, 0x0065, 0x0065, 0x0085, 0x0065,
  0x0085, 0x0086, 0x0086, 0x0086, 0x0086, 0x0086, 0x00A6, 0x00A6, 0x0086, 0x0086, 0x00A6, 0x00C6,
  0x00C6, 0x00C7, 0x00C7, 0x00C7, 0x00C6, 0x00C6, 0x00C6, 0x00C6, 0x00C6, 0x00C6, 0x00C7, 0x00C6,
  0x00C6, 0x00A6, 0x00A6, 0x00A6, 0x00A6, 0x00C6, 0x00C6, 0x00C6, 0x00C6, 0x00C6, 0x00C6, 0x00A6,
  0x00C7, 0x00E8, 0x112B, 0x092B, 0x21D1, 0x949C, 0x8C77, 0x00C5, 0x090B, 0x116E, 0x4AB5, 0x8C7D,
  0x841A, 0x7BF9, 0x83FB, 0x5AD7, 0x3A12, 0x19AE, 0x08E8, 0x00E8, 0x21AD, 0x6BB8, 0x64FE, 0x10E5,
  0x1968, 0x655F, 0x6395, 0x9498, 0x6BB8, 0x8457, 0x7C76, 0x5317, 0x5B17, 0x6B99, 0x7BF9, 0x4273,
  0x841B, 0x843C, 0x110C, 0x3A12, 0x5318, 0x7C19, 0x73F7, 0x4AB3, 0x843B, 0x841A, 0x73BA, 0x841B,
  0x52B6, 0x52D9, 0x214F, 0x216F, 0x5B18, 0x5B17, 0x4A77, 0x194F, 0x196F, 0x21B1, 0x112D, 0x00A7,
  0x0085, 0x00A6, 0x00A6, 0x00A6, 0x00A6, 0x00A6, 0x00C6, 0x00C6, 0x00C6, 0x00C6, 0x00C6, 0x00C6,
  0x00C6, 0x00C6, 0x00C6, 0x00C6, 0x00C7, 0x00C7, 0x00C7, 0x00C7, 0x00C7, 0x00E7, 0x00E7, 0x00E7,
  0x00E7, 0x00E7, 0x00E7, 0x00E8, 0x00C8, 0x00A7, 0x00C7, 0x00C7, 0x00A8, 0x00C8, 0x00A8, 0x00C8,
  0x00C8, 0x00C8, 0x0087, 0x0087, 0x0066, 0x0046, 0x0046, 0x0066, 0x0087, 0x00A8, 0x00C8, 0x00C8,
  0x00C8, 0x00C7, 0x00C8, 0x00C8, 0x00C8, 0x00A8, 0x0087, 0x0087, 0x00A7, 0x00C8, 0x00C8, 0x00A8,
  0x00A8, 0x0087, 0x0067, 0x0067, 0x0046, 0x0025, 0x0004, 0x0025, 0x0024, 0x0025, 0x0024, 0x0003,
  0x0024, 0x0024, 0x0024, 0x0024, 0x0024, 0x0024, 0x0024, 0x0024, 0x0024, 0x0024, 0x0044, 0x0044,
  0x0045, 0x0045, 0x0024, 0x0024, 0x0024, 0x0024, 0x0024, 0x0044, 0x0044, 0x0044, 0x0044, 0x0044,
  0x0024, 0x0024, 0x0024, 0x0044, 0x0024, 0x0044, 0x0044, 0x0044, 0x0044, 0x0044, 0x0044, 0x0044,
  0x0044, 0x0044, 0x0044, 0x0044, 0x0044, 0x0044, 0x0044, 0x0044, 0x0044, 0x0044, 0x0044, 0x0044,
  0x0044, 0x0044, 0x0044, 0x0044, 0x0044, 0x0044, 0x0044, 0x0024, 0x0024, 0x0024, 0x0044, 0x0044,
  0x0044, 0x0044, 0x0044, 0x0044, 0x0045, 0x0045, 0x0045, 0x0065, 0x0086, 0x0086, 0x0065, 0x0066,
  0x00A6, 0x00A7, 0x0087, 0x00A6, 0x0086, 0x0086, 0x00A6, 0x00A6, 0x00A7, 0x00C7, 0x00C7, 0x00C7,
  0x00C7, 0x00C7, 0x00C7, 0x00C7, 0x00C7, 0x00C7, 0x00C7, 0x00C7, 0x00A6, 0x00A6, 0x00C6, 0x00C7,
  0x00C7, 0x00C7, 0x00C6, 0x00C6, 0x00C6, 0x00C6, 0x00A6, 0x00A6, 0x00A6, 0x0086, 0x090A, 0x29F2,
  0x4277, 0x4A98, 0x4A98, 0x5B19, 0x4AD5, 0x8439, 0xA519, 0x320F, 0x31F6, 0x29F5, 0x7BDB, 0xA4DD,
  0x9CBD, 0x841B, 0x4273, 0x3210, 0x0086, 0x0086, 0x0109, 0x118B, 0x4A91, 0x63D9, 0x5CFC, 0x0882,
  0x10C5, 0x651E, 0xA55E, 0xB55D, 0xBD9C, 0xBDDB, 0x8CBA, 0x52D9, 0x5319, 0x6B7A, 0xA55C, 0x3A71,
  0x4295, 0x637B, 0x4AB9, 0x08EC, 0x3A51, 0xB59D, 0x8458, 0x73B7, 0x949B, 0x841B, 0x739A, 0x73BC,
  0x3233, 0x3252, 0x5B7B, 0x6359, 0x5B57, 0x6B98, 0x7BBB, 0x5AFA, 0x52B9, 0x3A15, 0x194E, 0x08C9,
  0x00A7, 0x0086, 0x0086, 0x0086, 0x00A6, 0x00A6, 0x00A6, 0x00A6, 0x00A6, 0x00A6, 0x00A6, 0x00A6,
  0x00A6, 0x00A6, 0x00A7, 0x00C7, 0x00C7, 0x00C7, 0x00C7, 0x00C7, 0x00C7, 0x00C7, 0x00C7, 0x00E7,
  0x00E7, 0x00E7, 0x00E7, 0x00E7, 0x00E8, 0x00C8, 0x00C8, 0x00A7, 0x0066, 0x0067, 0x00A7, 0x0087,
  0x0087, 0x0067, 0x0066, 0x0066, 0x0066, 0x0046, 0x0066, 0x0087, 0x0087, 0x0066, 0x0066, 0x0087,
  0x00A7, 0x00A8, 0x00A8, 0x00A8, 0x00A8, 0x0067, 0x0026, 0x0025, 0x0066, 0x00A8, 0x00A8, 0x00A8,
  0x0088, 0x0067, 0x0067, 0x0067, 0x0046, 0x0004, 0x0003, 0x0003, 0x0004, 0x0004, 0x0004, 0x0024,
  0x0023, 0x0003, 0x0003, 0x0004, 0x0024, 0x0045, 0x0045, 0x0045, 0x0044, 0x0045, 0x0025, 0x0024,
  0x0024, 0x0024, 0x0024, 0x0024, 0x0024, 0x0024, 0x0024, 0x0024, 0x0024, 0x0024, 0x0024, 0x0024,
  0x0024, 0x0024, 0x0024, 0x0024, 0x0024, 0x0024, 0x0044, 0x0024, 0x0044, 0x0044, 0x0044, 0x0044,
  0x0044, 0x0044, 0x0044, 0x0024, 0x0024, 0x0024, 0x0024, 0x0024, 0x0024, 0x0024, 0x0024, 0x0024,
  0x0024, 0x0024, 0x0044, 0x0044, 0x0044, 0x0044, 0x0044, 0x0044, 0x0044, 0x0044, 0x0045, 0x0045,
  0x0045, 0x0045, 0x0045, 0x0045, 0x0045, 0x0066, 0x0046, 0x0086, 0x0087, 0x0066, 0x0066, 0x00A7,
  0x00A7, 0x0087, 0x0087, 0x0087, 0x0087, 0x00A7, 0x00A6, 0x00A7, 0x00C7, 0x00C7, 0x00C7, 0x00C7,
  0x00C7, 0x00C7, 0x00A7, 0x00A7, 0x00A7, 0x00A7, 0x00A6, 0x00A7, 0x00C7, 0x00C7, 0x00C7, 0x00C7,
  0x00C7, 0x00C7, 0x00C7, 0x00C7, 0x00A6, 0x0086, 0x0086, 0x0086, 0x0086, 0x090C, 0x196F, 0x112D,
  0x2190, 0x4AB8, 0x739C, 0x841B, 0x6BB9, 0x8459, 0x9D39, 0x5B56, 0x5B18, 0x6BB9, 0x94BD, 0x6397,
  0x6B98, 0x73B9, 0x6B78, 0x7C1B, 0x4AB5, 0x196C, 0x3A91, 0x73D8, 0x7BB9, 0x745C, 0x5CBB, 0x0021,
  0x0041, 0x651C, 0x745D, 0x949B, 0xB5BB, 0xC63B, 0x6BD8, 0x4257, 0x52DA, 0x6B9A, 0xBDFD, 0x42D2,
  0x3A33, 0x6B58, 0x52F9, 0x3212, 0x3A2D, 0xAD7C, 0x42D3, 0x42B4, 0x5316, 0x635B, 0x4AB8, 0x3A53,
  0x635B, 0x218E, 0x114A, 0x8C9A, 0x9CFB, 0x7BFB, 0x631A, 0x739B, 0x6339, 0x52B9, 0x4A99, 0x3A57,
  0x29D5, 0x1971, 0x090B, 0x00A7, 0x0065, 0x0086, 0x0086, 0x0086, 0x0086, 0x00A6, 0x00A6, 0x0086,
  0x0086, 0x00A6, 0x00A6, 0x00A6, 0x00A7, 0x0086, 0x00A7, 0x00A7, 0x00A7, 0x00A7, 0x00A7, 0x00C7,
  0x00C7, 0x00C7, 0x00C8, 0x00C7, 0x00E8, 0x00E8, 0x00C8, 0x00C8, 0x00A7, 0x00A7, 0x00A7, 0x00A7,
  0x00A8, 0x0067, 0x0066, 0x0087, 0x0066, 0x0045, 0x0045, 0x0065, 0x0045, 0x0045, 0x0045, 0x0045,
  0x0045, 0x0046, 0x0066, 0x0066, 0x0066, 0x0066, 0x0046, 0x0025, 0x0046, 0x0067, 0x0046, 0x0046,
  0x0067, 0x0025, 0x0025, 0x0066, 0x0046, 0x0004, 0x0003, 0x0025, 0x0045, 0x0045, 0x0045, 0x0045,
  0x0045, 0x0045, 0x0045, 0x0045, 0x0045, 0x0025, 0x0024, 0x0023, 0x0024, 0x0003, 0x0003, 0x0003,
  0x0003, 0x0003, 0x0003, 0x0003, 0x0003, 0x0003, 0x0003, 0x0004, 0x0003, 0x0024, 0x0024, 0x0024,
  0x0024, 0x0024, 0x0024, 0x0024, 0x0024, 0x0024, 0x0044, 0x0024, 0x0024, 0x0024, 0x0024, 0x0024,
  0x0024, 0x0044, 0x0024, 0x0044, 0x0044, 0x0044, 0x0044, 0x0044, 0x0044, 0x0044, 0x0044, 0x0044,
  0x0044, 0x0044, 0x0045, 0x0045, 0x0045, 0x0045, 0x0045, 0x0045, 0x0065, 0x0065, 0x0045, 0x0045,
  0x0045, 0x0045, 0x0045, 0x0045, 0x0045, 0x0045, 0x0046, 0x0066, 0x0045, 0x0046, 0x0087, 0x0087,
  0x0066, 0x0066, 0x0066, 0x0087, 0x0087, 0x0087, 0x00A7, 0x00A7, 0x0087, 0x00A7, 0x00A7, 0x00A7,
  0x00A7, 0x00A7, 0x00A7, 0x0087, 0x00A7, 0x00A7, 0x00A7, 0x00A6, 0x00A7, 0x00A7, 0x00A7, 0x00A7,
  0x00A7, 0x00A7, 0x0086, 0x0086, 0x0086, 0x0086, 0x0086, 0x0066, 0x0087, 0x00A8, 0x0066, 0x08CA,
  0x3235, 0x52DB, 0x4275, 0x5B39, 0x5B1B, 0x73BA, 0xB5DB, 0x7C36, 0x6378, 0xA53D, 0x63B8, 0x2A73,
  0x5B98, 0x73D9, 0x5315, 0x8C5A, 0x7BFB, 0x841C, 0x9CBC, 0x6375, 0x4A92, 0x74BC, 0x4C17, 0x0000,
  0x0000, 0x5CB9, 0x74BD, 0xA4BA, 0xB57B, 0xBDDC, 0x4B13, 0x3213, 0x6B7B, 0x8C5B, 0xAD7B, 0x94DC,
  0x945D, 0x7BFA, 0x5B17, 0x5317, 0xA51C, 0x9CDB, 0x6396, 0x3250, 0x6B98, 0x5B3B, 0x29D2, 0x0086,
  0x2190, 0x4237, 0x29F2, 0x5B58, 0x9CBC, 0x9C7B, 0x52D8, 0x3A35, 0x4A9A, 0x4A79, 0x4A77, 0x4276,
  0x3A38, 0x3219, 0x3A19, 0x31F6, 0x194F, 0x08C9, 0x0086, 0x0086, 0x0087, 0x00A7, 0x00A7, 0x00A7,
  0x00A7, 0x00A7, 0x00A7, 0x0086, 0x00A7, 0x00A7, 0x00A7, 0x00A7, 0x0087, 0x0087, 0x0087, 0x00A7,
  0x00C7, 0x00C8, 0x00C8, 0x00C8, 0x00C7, 0x00A7, 0x00C8, 0x00C8, 0x00C8, 0x00C8, 0x00C8, 0x00C8,
  0x00C8, 0x00C8, 0x00A8, 0x00C8, 0x00A7, 0x0067, 0x0066, 0x0045, 0x0066, 0x0066, 0x0065, 0x0045,
  0x0045, 0x0025, 0x0024, 0x0025, 0x0024, 0x0024, 0x0025, 0x0045, 0x0025, 0x0004, 0x0024, 0x0024,
  0x0024, 0x0004, 0x0004, 0x0024, 0x0004, 0x0004, 0x0024, 0x0025, 0x0025, 0x0045, 0x0066, 0x0065,
  0x0045, 0x0045, 0x0045, 0x0045, 0x0045, 0x0045, 0x0024, 0x0024, 0x0024, 0x0024, 0x0024, 0x0004,
  0x0003, 0x0003, 0x0003, 0x0003, 0x0003, 0x0004, 0x0024, 0x0024, 0x0024, 0x0024, 0x0024, 0x0024,
  0x0024, 0x0024, 0x0024, 0x0024, 0x0024, 0x0024, 0x0024, 0x0024, 0x0024, 0x0024, 0x0024, 0x0044,
  0x0044, 0x0044, 0x0044, 0x0045, 0x0045, 0x0045, 0x0045, 0x0045, 0x0045, 0x0045, 0x0045, 0x0045,
  0x0045, 0x0045, 0x0045, 0x0045, 0x0045, 0x0045, 0x0065, 0x0065, 0x0065, 0x0065, 0x0065, 0x0065,
  0x0065, 0x0065, 0x0065, 0x0065, 0x0065, 0x0065, 0x0045, 0x0065, 0x0065, 0x0065, 0x0065, 0x0045,
  0x0045, 0x0045, 0x0045, 0x0045, 0x0045, 0x0066, 0x00A7, 0x0086, 0x0066, 0x0066, 0x0086, 0x0086,
  0x0087, 0x00A7, 0x00A7, 0x00A7, 0x0086, 0x0086, 0x0086, 0x0086, 0x0086, 0x0086, 0x0086, 0x0086,
  0x0086, 0x0086, 0x0086, 0x0086, 0x0065, 0x0065, 0x0087, 0x00C9, 0x110A, 0x00A7, 0x08EA, 0x3258,
  0x3216, 0x08EC, 0x1971, 0x4239, 0x196F, 0x114F, 0x6BD7, 0xBDDD, 0x8C9A, 0xC5FE, 0xAD5B, 0x3AB6,
  0x3276, 0x7C1A, 0xA51C, 0xB59D, 0xA51A, 0x6397, 0x843A, 0x8C38, 0x7395, 0x6CDD, 0x3B74, 0x0000,
  0x0000, 0x43D5, 0x8D9F, 0xAD1B, 0xBDBC, 0xB59C, 0x94DB, 0x841D, 0x947E, 0xAD5C, 0xB5BC, 0xB57D,
  0xA4FD, 0x9C9E, 0x6B78, 0x4AF3, 0xAD3C, 0xA4DB, 0x9CBB, 0x8C7B, 0x7C3B, 0x52FA, 0x218F, 0x00A7,
  0x00A7, 0x116D, 0x5B77, 0x5B59, 0x5AFA, 0x83DB, 0x5B38, 0x3A75, 0x29D3, 0x2193, 0x3218, 0x3A34,
  0x218E, 0x08EC, 0x112E, 0x194F, 0x192F, 0x110D, 0x00A9, 0x0065, 0x0065, 0x0065, 0x0066, 0x0066,
  0x0086, 0x0066, 0x0066, 0x0066, 0x0087, 0x0087, 0x0087, 0x00A7, 0x00A7, 0x0087, 0x0087, 0x00A7,
  0x00A7, 0x0087, 0x0087, 0x0087, 0x00A7, 0x00A8, 0x00A8, 0x00A8, 0x00C8, 0x00C8, 0x00C8, 0x00C8,
  0x00C8, 0x00C8, 0x00C8, 0x00C8, 0x00C8, 0x00C8, 0x00A8, 0x0067, 0x0046, 0x0045, 0x0066, 0x0066,
  0x0066, 0x0045, 0x0045, 0x0045, 0x0045, 0x0045, 0x0065, 0x0066, 0x0025, 0x0045, 0x0066, 0x0066,
  0x0066, 0x0046, 0x0066, 0x0045, 0x0045, 0x0066, 0x0066, 0x0066, 0x0066, 0x0066, 0x0066, 0x0066,
  0x0066, 0x0066, 0x0046, 0x0046, 0x0046, 0x0046, 0x0046, 0x0045, 0x0045, 0x0045, 0x0045, 0x0045,
  0x0045, 0x0045, 0x0045, 0x0045, 0x0045, 0x0045, 0x0045, 0x0045, 0x0025, 0x0024, 0x0024, 0x0025,
  0x0024, 0x0024, 0x0024, 0x0024, 0x0024, 0x0024, 0x0024, 0x0024, 0x0024, 0x0024, 0x0024, 0x0024,
  0x0024, 0x0024, 0x0024, 0x0024, 0x0024, 0x0024, 0x0044, 0x0044, 0x0045, 0x0045, 0x0045, 0x0045,
  0x0045, 0x0045, 0x0045, 0x0065, 0x0065, 0x0065, 0x0065, 0x0065, 0x0065, 0x0065, 0x0065, 0x0065,
  0x0065, 0x0065, 0x0066, 0x0086, 0x0086, 0x0065, 0x0065, 0x0066, 0x0066, 0x0066, 0x0065, 0x0065,
  0x0065, 0x0065, 0x0065, 0x0065, 0x0065, 0x0066, 0x0066, 0x0066, 0x0066, 0x0066, 0x0066, 0x0086,
  0x0086, 0x00A7, 0x00A7, 0x00A7, 0x0086, 0x0086, 0x00A7, 0x00A7, 0x00A7, 0x00A6, 0x00A7, 0x00A6,
  0x0086, 0x0086, 0x0086, 0x00A7, 0x08EA, 0x194E, 0x21B1, 0x3A97, 0x52FA, 0x4277, 0x4A98, 0x52F8,
  0x3A33, 0x114C, 0x21B5, 0x196F, 0x08E9, 0x090C, 0x3AF6, 0xAD9D, 0x4B13, 0x7C7A, 0xBDDD, 0x42FB,
  0x3A79, 0x7C1B, 0x6BD8, 0xA51C, 0xCE3E, 0x94D9, 0x73D6, 0xAD1C, 0xAD1B, 0x7D9F, 0x2A8F, 0x0000,
  0x0000, 0x32D0, 0x757F, 0xB53B, 0xBDDB, 0xAD5B, 0xB57D, 0x7BFC, 0x5B59, 0xAD5C, 0xAD7B, 0xA53C,
  0xA4FD, 0x9C9D, 0x83DC, 0x7C19, 0xBDBC, 0xA4BB, 0x8C3A, 0x845A, 0x4B58, 0x4ABA, 0x2191, 0x0086,
  0x08EA, 0x29F1, 0x29ED, 0x3251, 0x4258, 0x5AFA, 0x633A, 0x3234, 0x4276, 0x216F, 0x08EE, 0x5B19,
  0x5B58, 0x00C9, 0x0086, 0x0065, 0x08A7, 0x216D, 0x31F1, 0x3A33, 0x31F2, 0x218E, 0x10EA, 0x08A8,
  0x0087, 0x0066, 0x0066, 0x0066, 0x0066, 0x0066, 0x0066, 0x0066, 0x0066, 0x0066, 0x0066, 0x0066,
  0x0066, 0x0066, 0x0067, 0x0087, 0x00A8, 0x00A8, 0x00A8, 0x00A8, 0x00C8, 0x00C8, 0x00A8, 0x00A8,
  0x00A8, 0x0087, 0x0087, 0x0088, 0x0087, 0x00A8, 0x00A8, 0x0067, 0x0046, 0x0046, 0x0046, 0x0046,
  0x0066, 0x0066, 0x0065, 0x0025, 0x0045, 0x0066, 0x0066, 0x0066, 0x0066, 0x0066, 0x0066, 0x0066,
  0x0066, 0x0066, 0x0066, 0x0066, 0x0066, 0x0066, 0x0066, 0x0066, 0x0066, 0x0066, 0x0066, 0x0066,
  0x0066, 0x0066, 0x0066, 0x0066, 0x0066, 0x0046, 0x0046, 0x0046, 0x0046, 0x0046, 0x0046, 0x0046,
  0x0045, 0x0045, 0x0045, 0x0045, 0x0045, 0x0045, 0x0045, 0x0045, 0x0045, 0x0045, 0x0045, 0x0045,
  0x0045, 0x0045, 0x0045, 0x0045, 0x0025, 0x0025, 0x0025, 0x0025, 0x0025, 0x0025, 0x0025, 0x0025,
  0x0025, 0x0025, 0x0025, 0x0024, 0x0024, 0x0044, 0x0045, 0x0045, 0x0045, 0x0045, 0x0045, 0x0045,
  0x0045, 0x0045, 0x0045, 0x0045, 0x0045, 0x0045, 0x0045, 0x0045, 0x0045, 0x0045, 0x0045, 0x0045,
  0x0045, 0x0045, 0x0045, 0x0065, 0x0065, 0x0065, 0x0066, 0x0066, 0x0066, 0x0066, 0x0066, 0x0065,
  0x0065, 0x0066, 0x0066, 0x0066, 0x0066, 0x0066, 0x0086, 0x0086, 0x0066, 0x0066, 0x0086, 0x0086,
  0x0086, 0x0086, 0x0086, 0x0086, 0x0086, 0x00A7, 0x00A7, 0x00A7, 0x00A7, 0x00A6, 0x00A6, 0x00A6,
  0x0086, 0x0086, 0x00C8, 0x110B, 0x112C, 0x08EB, 0x112D, 0x1990, 0x196E, 0x29D4, 0x29D2, 0x3A54,
  0x739A, 0x63B8, 0x6396, 0x2A0E, 0x196B, 0x3273, 0x3293, 0x953B, 0x5312, 0x19F1, 0x6BBA, 0x8C5E,
  0x949D, 0x849C, 0xB59D, 0xB59D, 0xC5FD, 0xBD9D, 0x843B, 0x6B97, 0xA4FB, 0x7D9F, 0x21CA, 0x0000,
  0x0000, 0x2A0C, 0x759F, 0xB59B, 0xC61B, 0x951A, 0x8C9C, 0x6359, 0x3AB6, 0xB57B, 0xA4FB, 0x845B,
  0x949D, 0x6B7C, 0x6B3C, 0x8C7A, 0xB57B, 0x9CBB, 0x83FA, 0x641B, 0x2A31, 0x08CA, 0x3A38, 0x0087,
  0x21EF, 0x194C, 0x21CC, 0x3AB0, 0x4AF7, 0x4A9A, 0x5ADB, 0x194E, 0x0066, 0x3253, 0x324F, 0x324F,
  0x73BA, 0x4B16, 0x2A0E, 0x218A, 0x52F3, 0x3A30, 0x4273, 0x29AF, 0x10EA, 0x08A8, 0x0045, 0x0046,
  0x0066, 0x0046, 0x0046, 0x0045, 0x0045, 0x0045, 0x0045, 0x0066, 0x0066, 0x0066, 0x0066, 0x0066,
  0x0066, 0x0066, 0x0087, 0x0087, 0x0087, 0x0067, 0x0066, 0x0067, 0x0087, 0x0067, 0x0046, 0x0067,
  0x0067, 0x0066, 0x0045, 0x0046, 0x0046, 0x0046, 0x0046, 0x0045, 0x0045, 0x0045, 0x0066, 0x0066,
  0x0045, 0x0066, 0x0045, 0x0045, 0x0045, 0x0066, 0x0066, 0x0066, 0x0066, 0x0066, 0x0066, 0x0066,
  0x0066, 0x0066, 0x0066, 0x0066, 0x0066, 0x0066, 0x0066, 0x0066, 0x0066, 0x0066, 0x0066, 0x0066,
  0x0066, 0x0066, 0x0066, 0x0066, 0x0066, 0x0066, 0x0046, 0x0066, 0x0046, 0x0046, 0x0046, 0x0046,
  0x0046, 0x0046, 0x0046, 0x0046, 0x0046, 0x0046, 0x0045, 0x0045, 0x0045, 0x0045, 0x0045, 0x0045,
  0x0045, 0x0045, 0x0045, 0x0045, 0x0045, 0x0045, 0x0045, 0x0045, 0x0045, 0x0045, 0x0045, 0x0045,
  0x0045, 0x0045, 0x0045, 0x0045, 0x0045, 0x0045, 0x0045, 0x0024, 0x0024, 0x0024, 0x0024, 0x0025,
  0x0025, 0x0025, 0x0045, 0x0024, 0x0045, 0x0045, 0x0045, 0x0045, 0x0045, 0x0045, 0x0045, 0x0045,
  0x0045, 0x0065, 0x0065, 0x0065, 0x0066, 0x0066, 0x0086, 0x0086, 0x0086, 0x0086, 0x0066, 0x0086,
  0x0066, 0x0086, 0x0086, 0x0086, 0x0086, 0x0086, 0x0086, 0x0086, 0x0086, 0x0086, 0x0086, 0x0086,
  0x0086, 0x0086, 0x0087, 0x00A7, 0x00A7, 0x00A7, 0x00A7, 0x00A7, 0x00A7, 0x00A7, 0x00A7, 0x00A6,
  0x00A7, 0x00A7, 0x00C8, 0x0087, 0x0065, 0x0086, 0x090D, 0x00A8, 0x00A9, 0x196E, 0x4273, 0x7399,
  0x7BF8, 0x7C37, 0x9CDC, 0x114A, 0x00C9, 0x3A54, 0x00CA, 0x7CB8, 0x9D5A, 0x4AF9, 0x73FD, 0x94BD,
  0xAD7C, 0x8CDA, 0xB57C, 0xB55C, 0xC5FD, 0xA51D, 0x7C1C, 0x73FA, 0xA53C, 0x7DBF, 0x1926, 0x0000,
  0x0000, 0x1106, 0x655F, 0xBE1C, 0xCE5B, 0x9D5A, 0x9D1C, 0x73FB, 0x8C9C, 0xB55C, 0x73DA, 0x5B7B,
  0x9CDC, 0x42B5, 0x5B1C, 0x9CFB, 0xB57B, 0x9C7A, 0x6379, 0x3B16, 0x42B7, 0x198D, 0x3215, 0x4296,
  0x6BB9, 0x633A, 0x6B9B, 0x6BB8, 0x3A93, 0x4AD8, 0x423A, 0x3A15, 0x29CD, 0x21AC, 0x112A, 0x00E9,
  0x5B18, 0x633A, 0x29F3, 0x08EA, 0x42B0, 0x94FC, 0x5B55, 0x114B, 0x196B, 0x08C8, 0x29AC, 0x3A0E,
  0x3A2F, 0x3A30, 0x3210, 0x29AE, 0x194C, 0x1109, 0x00A7, 0x0066, 0x0045, 0x0066, 0x0086, 0x0066,
  0x0065, 0x0065, 0x0065, 0x0066, 0x0066, 0x0066, 0x0066, 0x0066, 0x0066, 0x0066, 0x0066, 0x0066,
  0x0066, 0x0066, 0x0066, 0x0066, 0x0066, 0x0066, 0x0066, 0x0066, 0x0066, 0x0066, 0x0066, 0x0087,
  0x0087, 0x0086, 0x0066, 0x0066, 0x0066, 0x0066, 0x0087, 0x0087, 0x0087, 0x0067, 0x0066, 0x0066,
  0x0066, 0x0067, 0x0067, 0x0087, 0x0067, 0x0067, 0x0067, 0x0066, 0x0067, 0x0067, 0x0067, 0x0067,
  0x0066, 0x0066, 0x0066, 0x0066, 0x0066, 0x0046, 0x0046, 0x0066, 0x0046, 0x0046, 0x0046, 0x0046,
  0x0046, 0x0046, 0x0046, 0x0046, 0x0046, 0x0046, 0x0045, 0x0045, 0x0045, 0x0045, 0x0045, 0x0045,
  0x0045, 0x0045, 0x0045, 0x0045, 0x0045, 0x0045, 0x0045, 0x0045, 0x0045, 0x0045, 0x0045, 0x0045,
  0x0045, 0x0045, 0x0045, 0x0045, 0x0045, 0x0045, 0x0024, 0x0024, 0x0024, 0x0024, 0x0024, 0x0045,
  0x0045, 0x0045, 0x0045, 0x0045, 0x0065, 0x0065, 0x0066, 0x0066, 0x0066, 0x0066, 0x0066, 0x0066,
  0x0066, 0x0066, 0x0066, 0x0066, 0x0066, 0x0086, 0x0066, 0x0086, 0x0086, 0x0086, 0x0086, 0x0086,
  0x0086, 0x0086, 0x00A6, 0x00A6, 0x00A7, 0x0086, 0x0086, 0x0086, 0x0086, 0x00A7, 0x00A7, 0x00A7,
  0x00A7, 0x00A7, 0x00A7, 0x00A7, 0x00A7, 0x00A7, 0x00A7, 0x00A7, 0x00A7, 0x00A7, 0x00A7, 0x00A7,
  0x00A7, 0x00A7, 0x0086, 0x0086, 0x0086, 0x0087, 0x00A8, 0x00A8, 0x21B1, 0x52D8, 0x73BB, 0x6356,
  0x196B, 0x6378, 0x7399, 0x2A13, 0x52F9, 0x196E, 0x094F, 0x6C3B, 0x8CBC, 0x637E, 0x94BD, 0xBD9D,
  0xC5FE, 0xB5BB, 0xB59C, 0xBD9C, 0xC5DC, 0xAD3B, 0xA53C, 0xB55D, 0xA57E, 0x6D5D, 0x0862, 0x0000,
  0x0000, 0x0842, 0x64FD, 0xB63D, 0xCE3B, 0x7C98, 0x4B34, 0x741B, 0xB53B, 0xAD1C, 0x63B9, 0x21F4,
  0x847A, 0x5B5B, 0x5B1B, 0xAD7B, 0xC5FB, 0x841A, 0x63FA, 0x6C18, 0x5B38, 0x4B15, 0x5B75, 0x845B,
  0x7BFB, 0x631A, 0x4AB8, 0x3253, 0x114B, 0x5314, 0x4296, 0x429A, 0x196E, 0x0044, 0x0066, 0x0087,
  0x21B0, 0x5AFD, 0x3215, 0x19B3, 0x114E, 0x8C5A, 0xAD1E, 0x52F5, 0x7C19, 0x5B33, 0x5313, 0x8438,
  0x7BF8, 0x8C39, 0x8C3A, 0x7BDA, 0x6B39, 0x6318, 0x52D7, 0x3A12, 0x192C, 0x0087, 0x0045, 0x0045,
  0x0066, 0x0066, 0x0066, 0x0086, 0x0066, 0x0066, 0x0066, 0x0066, 0x0066, 0x0086, 0x0086, 0x0086,
  0x0087, 0x0086, 0x0086, 0x0086, 0x0086, 0x0086, 0x0086, 0x0086, 0x0086, 0x0087, 0x0087, 0x0087,
  0x0087, 0x0087, 0x0087, 0x0087, 0x0087, 0x0067, 0x0067, 0x0066, 0x0066, 0x0066, 0x0067, 0x0067,
  0x0087, 0x0087, 0x0087, 0x0087, 0x0087, 0x0087, 0x0087, 0x0087, 0x0067, 0x0087, 0x0067, 0x0067,
  0x0067, 0x0067, 0x0067, 0x0067, 0x0066, 0x0066, 0x0046, 0x0046, 0x0046, 0x0046, 0x0046, 0x0046,
  0x0046, 0x0046, 0x0046, 0x0045, 0x0045, 0x0025, 0x0046, 0x0025, 0x0045, 0x0045, 0x0045, 0x0025,
  0x0024, 0x0025, 0x0025, 0x0045, 0x0045, 0x0045, 0x0045, 0x0045, 0x0045, 0x0045, 0x0045, 0x0045,
  0x0045, 0x0045, 0x0025, 0x0025, 0x0025, 0x0025, 0x0045, 0x0045, 0x0045, 0x0045, 0x0045, 0x0045,
  0x0045, 0x0025, 0x0025, 0x0045, 0x0045, 0x0045, 0x0066, 0x0066, 0x0066, 0x0066, 0x0066, 0x0066,
  0x0066, 0x0086, 0x0086, 0x0086, 0x0086, 0x0087, 0x0086, 0x0087, 0x00A7, 0x00A7, 0x00A7, 0x00A7,
  0x00A7, 0x00A7, 0x00A7, 0x00A7, 0x00A7, 0x00A7, 0x00A7, 0x00A7, 0x00A7, 0x00A7, 0x0087, 0x00A7,
  0x00A7, 0x00A7, 0x0087, 0x00A7, 0x00A7, 0x00A7, 0x00A7, 0x00A7, 0x00A7, 0x00A7, 0x0086, 0x0086,
  0x0087, 0x0086, 0x0086, 0x0086, 0x0087, 0x0086, 0x0086, 0x21B1, 0x4A98, 0x4A98, 0x3232, 0x00A7,
  0x112C, 0x6B5C, 0x3233, 0x4AD8, 0x635A, 0x0065, 0x3276, 0x73FD, 0x843C, 0x8C5E, 0x947D, 0xAD3D,
  0xCDFE, 0x8CDA, 0xAD7C, 0xCE1E, 0xC5FD, 0xBDBD, 0xB57C, 0x8419, 0x8D5F, 0x5C79, 0x0000, 0x0000,
  0x0000, 0x0000, 0x5479, 0xAE3F, 0xAD79, 0x94BC, 0x7398, 0x42D3, 0xB55C, 0xAD5C, 0x7417, 0x5B76,
  0xAD5C, 0x8419, 0x42B4, 0xB5BB, 0xAD3A, 0x741A, 0x6419, 0x52F9, 0x52D9, 0x4296, 0x6BB6, 0xB57A,
  0x8C79, 0x5315, 0x73F7, 0x949B, 0x947B, 0x947C, 0x6B78, 0x6B5A, 0x3A56, 0x10EA, 0x0086, 0x0044,
  0x0065, 0x3A37, 0x4278, 0x08EB, 0x0930, 0x2A12, 0x947D, 0x945D, 0x945D, 0x9C9B, 0x1129, 0x08C7,
  0x4AB0, 0x7BD7, 0x7BD8, 0x6315, 0x6B77, 0x7399, 0x6B79, 0x633A, 0x5B19, 0x4AB7, 0x29D0, 0x10E9,
  0x0086, 0x0086, 0x0086, 0x0086, 0x0086, 0x0086, 0x0086, 0x0086, 0x0086, 0x0086, 0x0086, 0x0086,
  0x0086, 0x0086, 0x0087, 0x0087, 0x0087, 0x0087, 0x0087, 0x0087, 0x0087, 0x0087, 0x0066, 0x0066,
  0x0066, 0x0066, 0x0066, 0x0066, 0x0046, 0x0046, 0x0067, 0x0046, 0x0046, 0x0067, 0x0067, 0x0066,
  0x0067, 0x0067, 0x0046, 0x0067, 0x0066, 0x0046, 0x0046, 0x0046, 0x0046, 0x0046, 0x0046, 0x0046,
  0x0046, 0x0067, 0x0067, 0x0067, 0x0067, 0x0067, 0x0067, 0x0067, 0x0046, 0x0046, 0x0025, 0x0025,
  0x0025, 0x0004, 0x0004, 0x0004, 0x0004, 0x0004, 0x0004, 0x0003, 0x0004, 0x0004, 0x0024, 0x0025,
  0x0025, 0x0025, 0x0025, 0x0025, 0x0025, 0x0045, 0x0045, 0x0045, 0x0045, 0x0045, 0x0045, 0x0045,
  0x0045, 0x0045, 0x0045, 0x0045, 0x0046, 0x0066, 0x0066, 0x0046, 0x0045, 0x0045, 0x0045, 0x0045,
  0x0045, 0x0045, 0x0045, 0x0046, 0x0046, 0x0046, 0x0046, 0x0066, 0x0066, 0x0087, 0x00A7, 0x00A7,
  0x00A7, 0x00A7, 0x00A7, 0x00A7, 0x00A7, 0x00A7, 0x00A7, 0x00A7, 0x00A7, 0x00A7, 0x00A7, 0x00A7,
  0x00A7, 0x0087, 0x0087, 0x00A7, 0x0087, 0x0087, 0x00A7, 0x0087, 0x0087, 0x0087, 0x0087, 0x0087,
  0x0087, 0x0087, 0x0087, 0x0087, 0x0087, 0x0086, 0x0086, 0x0087, 0x0086, 0x0066, 0x0086, 0x0086,
  0x0086, 0x0086, 0x0086, 0x0086, 0x0087, 0x0066, 0x196F, 0x4278, 0x31F4, 0x10EB, 0x0087, 0x0087,
  0x21B2, 0x52FB, 0x116E, 0x29D1, 0x5ADA, 0x092B, 0x4AF7, 0xA4DD, 0xBD9C, 0x7C3A, 0x639A, 0x9D3D,
  0xCE5E, 0xADBD, 0x9D1C, 0xCE1E, 0xCE3E, 0xC5FE, 0xC5DD, 0xCDDD, 0x9E1F, 0x3B74, 0x0000, 0x0020,
  0x0020, 0x0000, 0x4353, 0x9E3F, 0xAD7A, 0x4B37, 0x83DD, 0x73DA, 0xAD1B, 0x9CFA, 0x951A, 0xAD7D,
  0xB57C, 0x949B, 0x8C5A, 0x949A, 0x7BFA, 0x94FB, 0x7459, 0x6B7B, 0x52FA, 0x427A, 0x7BFA, 0xAD3A,
  0xA51B, 0x94BB, 0x8478, 0xAD5B, 0x841B, 0x635A, 0x73BB, 0x83FB, 0x739B, 0x5B1A, 0x4256, 0x216F,
  0x0886, 0x194E, 0x4ABB, 0x090C, 0x0087, 0x08EB, 0x3A32, 0x8C1D, 0x83FC, 0xA4BD, 0x73B6, 0x0045,
  0x73B6, 0xACFC, 0x9459, 0x4A72, 0x08C9, 0x112B, 0x194C, 0x192B, 0x216D, 0x29AE, 0x29AF, 0x298E,
  0x192B, 0x08C8, 0x0087, 0x0086, 0x0086, 0x0086, 0x0086, 0x0086, 0x0086, 0x0086, 0x0087, 0x0087,
  0x0087, 0x0087, 0x0087, 0x0087, 0x0087, 0x0087, 0x0087, 0x0066, 0x0066, 0x0066, 0x0066, 0x0046,
  0x0046, 0x0046, 0x0046, 0x0046, 0x0046, 0x0046, 0x0046, 0x0046, 0x0046, 0x0046, 0x0046, 0x0025,
  0x0025, 0x0026, 0x0046, 0x0067, 0x0067, 0x0067, 0x0067, 0x0025, 0x0025, 0x0046, 0x0047, 0x0047,
  0x0047, 0x0047, 0x0047, 0x0047, 0x0047, 0x0046, 0x0026, 0x0046, 0x0046, 0x0025, 0x0025, 0x0025,
  0x0024, 0x0004, 0x0004, 0x0004, 0x0004, 0x0004, 0x0025, 0x0025, 0x0025, 0x0025, 0x0025, 0x0045,
  0x0045, 0x0046, 0x0046, 0x0046, 0x0045, 0x0046, 0x0046, 0x0046, 0x0045, 0x0045, 0x0045, 0x0045,
  0x0066, 0x0066, 0x0066, 0x0066, 0x0066, 0x0066, 0x0066, 0x0066, 0x0066, 0x0066, 0x0066, 0x0066,
  0x0066, 0x0066, 0x0066, 0x0066, 0x0066, 0x0066, 0x0067, 0x0087, 0x0087, 0x0087, 0x0087, 0x0087,
  0x0087, 0x0087, 0x0087, 0x0087, 0x00A7, 0x00A7, 0x00A7, 0x00A7, 0x00A7, 0x00A7, 0x00A7, 0x0087,
  0x0087, 0x0087, 0x0087, 0x0087, 0x0087, 0x0087, 0x0087, 0x0087, 0x0087, 0x0087, 0x0087, 0x0086,
  0x0086, 0x0086, 0x0086, 0x0066, 0x0087, 0x0087, 0x0908, 0x21CA, 0x21A9, 0x1148, 0x00A7, 0x0066,
  0x0086, 0x0066, 0x0086, 0x0087, 0x0065, 0x112D, 0x3A37, 0x216F, 0x0087, 0x0086, 0x00A8, 0x0086,
  0x29F6, 0x29D4, 0x00EA, 0x19B0, 0x52DA, 0x09B0, 0x3292, 0xB55D, 0xAD5B, 0x3AB4, 0x4B17, 0xA53F,
  0xBDFE, 0xBDDE, 0xBD9D, 0xCDFE, 0xD65E, 0xC5FE, 0xB55D, 0xBD7D, 0x7DBF, 0x2A4D, 0x0000, 0x0020,
  0x0020, 0x0000, 0x2A2D, 0x85FF, 0x953A, 0x016D, 0x5B18, 0x94BD, 0x9CDA, 0xAD5B, 0x7C99, 0x94BC,
  0xB57D, 0x947D, 0xAD1C, 0x8C7B, 0x94FB, 0xA57A, 0x84DA, 0x7C3A, 0x52FA, 0x429A, 0x83FB, 0xAD1A,
  0xAD1B, 0xACFC, 0xA4DB, 0x9CDB, 0x843B, 0x6B9A, 0x2231, 0x4AF6, 0x6B7B, 0x6B5C, 0x631C, 0x4AB8,
  0x29F3, 0x198F, 0x4299, 0x2191, 0x0086, 0x0065, 0x0066, 0x52D6, 0x947E, 0x8C7C, 0xA4DD, 0x31CD,
  0x192A, 0x9C9B, 0xA4BB, 0x9C7B, 0x6315, 0x00C9, 0x0045, 0x0066, 0x0066, 0x0066, 0x0045, 0x0045,
  0x0086, 0x00A8, 0x00A7, 0x0086, 0x0086, 0x0087, 0x0087, 0x0087, 0x0087, 0x0087, 0x0087, 0x0087,
  0x0087, 0x0087, 0x0087, 0x0087, 0x0087, 0x0087, 0x0087, 0x0087, 0x0067, 0x0067, 0x0067, 0x0066,
  0x0066, 0x0066, 0x0066, 0x0046, 0x0046, 0x0046, 0x0046, 0x0046, 0x0046, 0x0046, 0x0025, 0x0025,
  0x0026, 0x0025, 0x0025, 0x0025, 0x0025, 0x0025, 0x0005, 0x0025, 0x0025, 0x0025, 0x0025, 0x0025,
  0x0004, 0x0004, 0x0004, 0x0004, 0x0003, 0x0003, 0x0003, 0x0002, 0x0003, 0x0003, 0x0003, 0x0003,
  0x0004, 0x0004, 0x0025, 0x0025, 0x0025, 0x0025, 0x0026, 0x0046, 0x0025, 0x0045, 0x0025, 0x0045,
  0x0046, 0x0046, 0x0046, 0x0046, 0x0046, 0x0046, 0x0046, 0x0046, 0x0046, 0x0046, 0x0066, 0x0066,
  0x0066, 0x0066, 0x0066, 0x0066, 0x0066, 0x0066, 0x0066, 0x0066, 0x0066, 0x0066, 0x0066, 0x0066,
  0x0066, 0x0066, 0x0066, 0x0066, 0x0066, 0x0046, 0x0046, 0x0046, 0x0046, 0x0046, 0x0066, 0x0066,
  0x0067, 0x0067, 0x0067, 0x0087, 0x0087, 0x0087, 0x0087, 0x0087, 0x0087, 0x0087, 0x0087, 0x0087,
  0x0087, 0x0087, 0x0087, 0x0086, 0x0086, 0x0086, 0x0086, 0x0086, 0x0066, 0x0086, 0x0066, 0x0086,
  0x0066, 0x0066, 0x0066, 0x0908, 0x2A0A, 0x29EA, 0x3A4B, 0x426B, 0x426B, 0x426B, 0x29EA, 0x0908,
  0x0066, 0x0086, 0x0087, 0x0066, 0x08CA, 0x29F4, 0x10EB, 0x0065, 0x0086, 0x0087, 0x0087, 0x0087,
  0x21B4, 0x00A9, 0x00EA, 0x118E, 0x5B59, 0x73DA, 0x7C1B, 0x949D, 0xA4FD, 0x7418, 0x4AF8, 0xBDBF,
  0xCE3E, 0xA51E, 0xA55D, 0xCE1E, 0xD65E, 0xBDBD, 0x9CBD, 0x94BC, 0x6D3F, 0x1947, 0x0000, 0x0000,
  0x0000, 0x0000, 0x1127, 0x759F, 0x74BA, 0x7C38, 0x847B, 0xA51B, 0xAD3B, 0xA53B, 0x7439, 0xAD1D,
  0xAD5D, 0x947D, 0xAD5C, 0xBDBB, 0xBDBC, 0x8CDA, 0x849A, 0x4AF5, 0x5B39, 0x533A, 0x83FB, 0x9CDA,
  0x9CBC, 0x947C, 0xA4BC, 0x7BBC, 0x6B9B, 0x83FC, 0x6BB6, 0x7419, 0x3A55, 0x2172, 0x4258, 0x4A9A,
  0x31F3, 0x08CA, 0x1950, 0x29B3, 0x0086, 0x0087, 0x0066, 0x08EA, 0x52F7, 0x7BDB, 0x945D, 0x7BB9,
  0x0087, 0x29AD, 0x8C1A, 0x945B, 0x945B, 0x6337, 0x08C8, 0x0086, 0x00A7, 0x0087, 0x0087, 0x0086,
  0x0086, 0x0086, 0x0086, 0x0086, 0x0087, 0x0087, 0x0087, 0x0087, 0x0087, 0x0087, 0x0087, 0x0087,
  0x00A7, 0x00A7, 0x00A7, 0x0087, 0x00A7, 0x00A7, 0x00A7, 0x00A7, 0x00A7, 0x00A7, 0x00A7, 0x0087,
  0x0087, 0x0087, 0x00A7, 0x0087, 0x0087, 0x0087, 0x0087, 0x0087, 0x0087, 0x0087, 0x0087, 0x0067,
  0x0087, 0x0067, 0x0046, 0x0046, 0x0026, 0x0026, 0x0046, 0x0067, 0x0046, 0x0046, 0x0026, 0x0025,
  0x0025, 0x0026, 0x0025, 0x0025, 0x0025, 0x0025, 0x0025, 0x0025, 0x0026, 0x0026, 0x0026, 0x0026,
  0x0026, 0x0025, 0x0025, 0x0026, 0x0026, 0x0046, 0x0046, 0x0026, 0x0026, 0x0026, 0x0046, 0x0046,
  0x0046, 0x0046, 0x0046, 0x0046, 0x0046, 0x0046, 0x0046, 0x0066, 0x0066, 0x0066, 0x0066, 0x0066,
  0x0066, 0x0066, 0x0066, 0x0066, 0x0066, 0x0066, 0x0066, 0x0066, 0x0067, 0x0067, 0x0067, 0x0087,
  0x0087, 0x0087, 0x0067, 0x0067, 0x0066, 0x0066, 0x0066, 0x0066, 0x0066, 0x0066, 0x0066, 0x0066,
  0x0066, 0x0066, 0x0066, 0x0066, 0x0066, 0x0066, 0x0066, 0x0066, 0x0066, 0x0066, 0x0066, 0x0066,
  0x0066, 0x0066, 0x0066, 0x0066, 0x0086, 0x0086, 0x0086, 0x0086, 0x0086, 0x0086, 0x0086, 0x0086,
  0x0086, 0x0066, 0x0908, 0x324B, 0x424B, 0x424A, 0x424B, 0x426B, 0x424B, 0x424A, 0x424A, 0x3A4A,
  0x00A7, 0x0046, 0x0066, 0x0067, 0x112F, 0x08A9, 0x0066, 0x0087, 0x0087, 0x0087, 0x0066, 0x00A8,
  0x1990, 0x21AF, 0x5B39, 0x73DC, 0x7C1D, 0x8C3D, 0x7BFC, 0x9CBC, 0xC5BD, 0x947A, 0x7BFA, 0xC63E,
  0xD65F, 0xB55E, 0xAD9E, 0xC5FE, 0xCE1E, 0xA51C, 0x5B57, 0x8CFD, 0x5CBC, 0x0862, 0x0000, 0x0000,
  0x0000, 0x0000, 0x0862, 0x64FD, 0x6CBC, 0xBD9E, 0x7C3B, 0xA51B, 0xB55B, 0xAD9C, 0x951D, 0xB57E,
  0xA51D, 0x73BC, 0xB59C, 0xCE1C, 0xBDBC, 0x9D3B, 0xBDDC, 0x6BDC, 0x7C1C, 0x73BA, 0x7BBB, 0x73BA,
  0x63DA, 0x8C3C, 0x9C9C, 0x841C, 0x3235, 0x5B38, 0x94BD, 0x949A, 0x5337, 0x3254, 0x08EB, 0x196F,
  0x4298, 0x4298, 0x2191, 0x2171, 0x0044, 0x0066, 0x0086, 0x0066, 0x08EA, 0x194C, 0x6B59, 0x945D,
  0x3A31, 0x0025, 0x216C, 0x7BDA, 0x945B, 0x7BDA, 0x52B6, 0x00A8, 0x0087, 0x0087, 0x0086, 0x0086,
  0x0086, 0x0086, 0x0087, 0x0087, 0x0087, 0x0087, 0x0087, 0x0087, 0x0087, 0x0087, 0x0087, 0x0087,
  0x00A7, 0x00A7, 0x00A7, 0x00A7, 0x00A7, 0x00A8, 0x00A8, 0x00A8, 0x00A8, 0x00A8, 0x00A8, 0x00A8,
  0x00A8, 0x00A8, 0x00A8, 0x00A8, 0x00A8, 0x0088, 0x0088, 0x0088, 0x0088, 0x0088, 0x0088, 0x0088,
  0x0088, 0x0067, 0x0088, 0x0088, 0x0068, 0x0067, 0x0067, 0x0047, 0x0046, 0x0046, 0x0047, 0x0047,
  0x0026, 0x0026, 0x0026, 0x0026, 0x0026, 0x0026, 0x0026, 0x0026, 0x0025, 0x0025, 0x0025, 0x0005,
  0x0005, 0x0005, 0x0005, 0x0025, 0x0025, 0x0025, 0x0025, 0x0025, 0x0025, 0x0025, 0x0025, 0x0026,
  0x0026, 0x0025, 0x0025, 0x0026, 0x0046, 0x0046, 0x0046, 0x0046, 0x0046, 0x0046, 0x0046, 0x0046,
  0x0046, 0x0046, 0x0046, 0x0046, 0x0046, 0x0066, 0x0066, 0x0066, 0x0066, 0x0066, 0x0066, 0x0066,
  0x0066, 0x0067, 0x0066, 0x0066, 0x0066, 0x0066, 0x0066, 0x0066, 0x0066, 0x0066, 0x0066, 0x0066,
  0x0066, 0x0066, 0x0066, 0x0066, 0x0066, 0x0066, 0x0066, 0x0066, 0x0066, 0x0066, 0x0066, 0x0086,
  0x0086, 0x0086, 0x0086, 0x0086, 0x0086, 0x0086, 0x0086, 0x0086, 0x0086, 0x0066, 0x0086, 0x0086,
  0x0086, 0x0066, 0x21EA, 0x3A4B, 0x3A4B, 0x424A, 0x426B, 0x426B, 0x426A, 0x424A, 0x3A4A, 0x3A4A,
  0x21C9, 0x08E8, 0x1148, 0x196D, 0x00C9, 0x0066, 0x0067, 0x0087, 0x0087, 0x0086, 0x0066, 0x198F,
  0x3276, 0x3254, 0x3252, 0x3A95, 0x637C, 0x841C, 0x9CDC, 0xCE1E, 0xC5DD, 0x8C5B, 0x83F9, 0xC61E,
  0xD67E, 0xAD5E, 0x8CDC, 0xBDDC, 0xBDBC, 0xA53C, 0x21CE, 0x64BD, 0x5418, 0x0000, 0x0000, 0x0000,
  0x0000, 0x0000, 0x0000, 0x4BF7, 0x751E, 0x9C7C, 0xA53E, 0xA53D, 0xAD3D, 0xBDFD, 0x94DD, 0xB55E,
  0x949B, 0x7BDC, 0xCE1C, 0xD65C, 0x9D1B, 0x9D5B, 0xCE7D, 0x5B9A, 0x73DC, 0x73BB, 0x739B, 0x637A,
  0x8CDA, 0xA4DC, 0x8C3C, 0x83FB, 0x4AF8, 0x42B6, 0x4AB6, 0x947C, 0x8C3B, 0x73BC, 0x3216, 0x00EC,
  0x00A9, 0x110C, 0x29F4, 0x3237, 0x194D, 0x00A8, 0x0087, 0x0086, 0x0087, 0x0065, 0x110A, 0x841B,
  0x83FA, 0x08C8, 0x0066, 0x112B, 0x6B57, 0x739A, 0x6B5A, 0x4274, 0x0066, 0x0086, 0x0086, 0x0087,
  0x0087, 0x0086, 0x0086, 0x0086, 0x0087, 0x0087, 0x0087, 0x0087, 0x0087, 0x0087, 0x0087, 0x0087,
  0x0087, 0x0087, 0x00A7, 0x00A7, 0x00A8, 0x00A8, 0x00A8, 0x00A8, 0x00A8, 0x00A8, 0x00A8, 0x00A8,
  0x00A8, 0x00A8, 0x00A8, 0x00A8, 0x00A8, 0x00A8, 0x00A8, 0x0088, 0x0088, 0x0088, 0x0088, 0x0088,
  0x0088, 0x0067, 0x0067, 0x0067, 0x0067, 0x0067, 0x0047, 0x0047, 0x0046, 0x0046, 0x0026, 0x0026,
  0x0026, 0x0026, 0x0026, 0x0026, 0x0026, 0x0026, 0x0026, 0x0025, 0x0025, 0x0005, 0x0005, 0x0005,
  0x0004, 0x0004, 0x0004, 0x0004, 0x0004, 0x0004, 0x0004, 0x0004, 0x0005, 0x0004, 0x0004, 0x0005,
  0x0004, 0x0005, 0x0005, 0x0005, 0x0025, 0x0025, 0x0025, 0x0026, 0x0026, 0x0046, 0x0046, 0x0046,
  0x0066, 0x0046, 0x0046, 0x0067, 0x0066, 0x0046, 0x0066, 0x0066, 0x0066, 0x0067, 0x0067, 0x0067,
  0x0087, 0x0087, 0x0067, 0x0067, 0x0066, 0x0066, 0x0066, 0x0066, 0x0066, 0x0066, 0x0066, 0x0066,
  0x0066, 0x0066, 0x0066, 0x0066, 0x0066, 0x0066, 0x0066, 0x0066, 0x0066, 0x0086, 0x0086, 0x0066,
  0x0086, 0x0086, 0x0066, 0x0066, 0x0066, 0x0086, 0x0086, 0x0066, 0x0066, 0x00A7, 0x0086, 0x0066,
  0x0046, 0x0908, 0x322A, 0x3A4B, 0x3A4B, 0x424A, 0x424B, 0x426B, 0x426A, 0x424A, 0x424A, 0x3A4A,
  0x424A, 0x3A4A, 0x3A4C, 0x3A4D, 0x322A, 0x29EA, 0x08E8, 0x0067, 0x0087, 0x0086, 0x090B, 0x19F2,
  0x00A9, 0x0086, 0x21F2, 0x5B3B, 0x635B, 0xA51C, 0xAD5B, 0x7417, 0x949E, 0x7BBA, 0x83F9, 0xCE3E,
  0xCE7F, 0x745A, 0x4356, 0xAD7B, 0xC61C, 0xAD9C, 0x3274, 0x6D1E, 0x3AF1, 0x0000, 0x0020, 0x0000,
  0x0000, 0x0020, 0x0000, 0x32AF, 0x7DBF, 0xACFD, 0xA4FD, 0x9CDC, 0xA51F, 0xADBD, 0x94DC, 0xD63E,
  0xCE3E, 0xAD3E, 0xD65C, 0xCE1C, 0x8479, 0xB5FC, 0xC63C, 0x4AD9, 0x6BBC, 0x7BDB, 0x635A, 0x52F9,
  0xAD5C, 0xA55B, 0x6B5B, 0x6B5B, 0x4AB8, 0x21D1, 0x3A76, 0x739B, 0x945C, 0x7BFB, 0x6B9D, 0x3236,
  0x092E, 0x00CA, 0x0023, 0x08CA, 0x21D1, 0x112B, 0x08C9, 0x0086, 0x0087, 0x0087, 0x0046, 0x21AE,
  0x947E, 0x31CE, 0x0065, 0x00A7, 0x00A8, 0x4253, 0x6B5A, 0x6B7B, 0x29D0, 0x0045, 0x0087, 0x0087,
  0x0087, 0x0087, 0x0087, 0x0087, 0x0087, 0x0087, 0x0087, 0x0087, 0x0087, 0x0087, 0x0087, 0x0087,
  0x0087, 0x0087, 0x0087, 0x0087, 0x0087, 0x0087, 0x0087, 0x0087, 0x0087, 0x0087, 0x0087, 0x0088,
  0x0088, 0x0088, 0x0088, 0x0088, 0x0088, 0x0087, 0x0067, 0x0067, 0x0088, 0x0088, 0x0088, 0x0088,
  0x0068, 0x0068, 0x0068, 0x0067, 0x0067, 0x0067, 0x0067, 0x0067, 0x0067, 0x0067, 0x0067, 0x0047,
  0x0047, 0x0047, 0x0047, 0x0047, 0x0047, 0x0026, 0x0026, 0x0026, 0x0026, 0x0026, 0x0026, 0x0026,
  0x0026, 0x0025, 0x0025, 0x0005, 0x0005, 0x0025, 0x0005, 0x0025, 0x0025, 0x0025, 0x0025, 0x0025,
  0x0025, 0x0005, 0x0025, 0x0025, 0x0025, 0x0025, 0x0025, 0x0025, 0x0046, 0x0046, 0x0046, 0x0067,
  0x0067, 0x0067, 0x0067, 0x0087, 0x0087, 0x0087, 0x0087, 0x0087, 0x0087, 0x0087, 0x0087, 0x0087,
  0x0087, 0x0087, 0x0087, 0x0087, 0x0087, 0x0087, 0x0066, 0x0066, 0x0066, 0x0066, 0x0066, 0x0066,
  0x0066, 0x0066, 0x0066, 0x0066, 0x0066, 0x0066, 0x0066, 0x0066, 0x0086, 0x0086, 0x0086, 0x0086,
  0x0086, 0x0086, 0x0086, 0x0066, 0x0066, 0x0086, 0x0066, 0x00C7, 0x1989, 0x29EA, 0x21C9, 0x1968,
  0x0928, 0x2A0A, 0x3A4B, 0x3A4B, 0x3A4B, 0x426B, 0x426B, 0x426A, 0x424A, 0x424A, 0x424A, 0x3A4A,
  0x3A4A, 0x424A, 0x3A4B, 0x424A, 0x426B, 0x426A, 0x3A2A, 0x0908, 0x0066, 0x0065, 0x090B, 0x00A7,
  0x092C, 0x3277, 0x4AF8, 0x52FA, 0x73BC, 0xB57E, 0x5B77, 0x3275, 0x6B7E, 0x5AFB, 0x7379, 0xC5FE,
  0xAD7E, 0x8C9D, 0x4B96, 0x8CBA, 0xC61C, 0xB5DC, 0x6BDB, 0x759F, 0x21A9, 0x0000, 0x0000, 0x0000,
  0x0000, 0x0000, 0x0000, 0x1968, 0x75BF, 0x9D1F, 0x947B, 0x9477, 0x9C99, 0x84D9, 0xB5DE, 0xDEBF,
  0xBDDE, 0xC5DC, 0xCE3B, 0xCE1B, 0x7458, 0xCE7D, 0xB5FC, 0x637A, 0xB55E, 0xA4FC, 0x4297, 0x3257,
  0x6B9B, 0xADBB, 0x5BB9, 0x633B, 0x4AB9, 0x114F, 0x21F2, 0x3A76, 0x83DC, 0x7BBA, 0x635A, 0x5B1B,
  0x00A8, 0x00CA, 0x090C, 0x0046, 0x00A9, 0x00C9, 0x0086, 0x0087, 0x0087, 0x0086, 0x0087, 0x0046,
  0x4AB4, 0x5AF8, 0x0066, 0x00A8, 0x0086, 0x0066, 0x31D0, 0x635A, 0x633B, 0x110B, 0x0066, 0x0087,
  0x0087, 0x0087, 0x0087, 0x0087, 0x0087, 0x0087, 0x0087, 0x0087, 0x0087, 0x0087, 0x0087, 0x0087,
  0x0087, 0x0087, 0x0087, 0x0087, 0x0087, 0x0087, 0x0087, 0x0087, 0x0087, 0x0087, 0x0087, 0x0087,
  0x0087, 0x0087, 0x0067, 0x0087, 0x0067, 0x0067, 0x0067, 0x0067, 0x0067, 0x0067, 0x0067, 0x0067,
  0x0067, 0x0067, 0x0067, 0x0067, 0x0067, 0x0067, 0x0067, 0x0067, 0x0067, 0x0067, 0x0067, 0x0047,
  0x0047, 0x0047, 0x0047, 0x0047, 0x0047, 0x0047, 0x0027, 0x0026, 0x0026, 0x0026, 0x0026, 0x0026,
  0x0026, 0x0026, 0x0026, 0x0026, 0x0026, 0x0026, 0x0026, 0x0026, 0x0026, 0x0026, 0x0026, 0x0026,
  0x0026, 0x0026, 0x0026, 0x0026, 0x0026, 0x0046, 0x0047, 0x0067, 0x0087, 0x0087, 0x0087, 0x0088,
  0x0088, 0x0088, 0x0088, 0x0088, 0x0088, 0x0088, 0x0088, 0x00A8, 0x0088, 0x0087, 0x0087, 0x0087,
  0x0087, 0x0087, 0x0087, 0x0087, 0x0087, 0x0067, 0x0067, 0x0066, 0x0046, 0x0046, 0x0066, 0x0046,
  0x0046, 0x0046, 0x0066, 0x0066, 0x0066, 0x0066, 0x0066, 0x0066, 0x0066, 0x0086, 0x0086, 0x0086,
  0x0086, 0x0086, 0x0086, 0x0066, 0x0086, 0x0066, 0x0928, 0x21E9, 0x320A, 0x320A, 0x3A2A, 0x320A,
  0x322A, 0x324A, 0x322A, 0x3A4A, 0x3A4A, 0x426B, 0x426A, 0x424A, 0x424A, 0x424A, 0x424A, 0x424A,
  0x424A, 0x424A, 0x426A, 0x426A, 0x424A, 0x4249, 0x426A, 0x3A6E, 0x21EF, 0x31F0, 0x3230, 0x19AD,
  0x19AF, 0x3251, 0x4AF8, 0x4279, 0x5319, 0x7C1B, 0x4ADC, 0x8C5E, 0x6B7D, 0x427B, 0x635B, 0x9CFE,
  0xA53E, 0x73FB, 0x53F8, 0x6BF8, 0xBDFB, 0xCE5C, 0xA5BE, 0x5CFD, 0x0883, 0x0000, 0x0000, 0x0000,
  0x0000, 0x0000, 0x0000, 0x0862, 0x6D3D, 0x5379, 0x8C38, 0x9498, 0x9457, 0x953A, 0xC65E, 0xD65F,
  0x94BD, 0xB57B, 0xCE5C, 0xBDDB, 0x7458, 0xDEDE, 0xBDFC, 0x73FC, 0xC63E, 0xBDFC, 0x42B6, 0x6B99,
  0x639B, 0xA5BC, 0x9D5A, 0x2A33, 0x429A, 0x3A36, 0x31CF, 0x08EA, 0x52F8, 0x7BBC, 0x196E, 0x4278,
  0x3235, 0x198E, 0x00EB, 0x112E, 0x110B, 0x00C8, 0x0087, 0x0087, 0x0087, 0x0086, 0x0087, 0x0087,
  0x08C8, 0x5B38, 0x112C, 0x0066, 0x0087, 0x0087, 0x0066, 0x112C, 0x52D8, 0x52B8, 0x0087, 0x0087,
  0x0087, 0x0066, 0x0066, 0x0067, 0x0067, 0x0066, 0x0087, 0x0087, 0x0087, 0x0087, 0x0087, 0x0087,
  0x0087, 0x0087, 0x0087, 0x0087, 0x0087, 0x0087, 0x0087, 0x0087, 0x0087, 0x0088, 0x0088, 0x0087,
  0x0088, 0x0088, 0x0088, 0x0088, 0x0088, 0x0088, 0x0087, 0x0087, 0x0067, 0x0067, 0x0067, 0x0067,
  0x0067, 0x0067, 0x0067, 0x0067, 0x0067, 0x0067, 0x0067, 0x0067, 0x0067, 0x0067, 0x0067, 0x0047,
  0x0047, 0x0047, 0x0047, 0x0047, 0x0047, 0x0027, 0x0027, 0x0026, 0x0026, 0x0026, 0x0026, 0x0026,
  0x0026, 0x0026, 0x0026, 0x0026, 0x0026, 0x0026, 0x0026, 0x0026, 0x0026, 0x0026, 0x0026, 0x0046,
  0x0047, 0x0047, 0x0026, 0x0026, 0x0026, 0x0047, 0x0047, 0x0047, 0x0067, 0x0047, 0x0046, 0x0067,
  0x0067, 0x0067, 0x0067, 0x0067, 0x0087, 0x0088, 0x0087, 0x0067, 0x0067, 0x0067, 0x0067, 0x0067,
  0x0067, 0x0067, 0x0066, 0x0066, 0x0067, 0x0067, 0x0046, 0x0067, 0x0909, 0x21CB, 0x324C, 0x322C,
  0x198A, 0x1149, 0x0067, 0x0046, 0x0066, 0x0066, 0x0066, 0x0066, 0x0066, 0x0066, 0x0066, 0x0086,
  0x0086, 0x0086, 0x0066, 0x0086, 0x0066, 0x00C7, 0x2A09, 0x3209, 0x3209, 0x3209, 0x3209, 0x3209,
  0x320A, 0x322A, 0x3A4A, 0x3A4A, 0x3A4A, 0x426A, 0x424A, 0x424A, 0x424A, 0x424A, 0x424A, 0x424A,
  0x424A, 0x424A, 0x426A, 0x424A, 0x424C, 0x4A90, 0x5AF6, 0x6B5A, 0x6B7A, 0x7399, 0x83FB, 0x6B98,
  0x5B75, 0x6BB9, 0x5B5C, 0x4AF8, 0x4314, 0x6BBA, 0x7BFC, 0xBD9E, 0x843D, 0x427A, 0x9CFD, 0x849D,
  0x94DA, 0x6BD6, 0x5C18, 0x5377, 0xBDBC, 0xCE3C, 0x9DFF, 0x4C18, 0x0000, 0x0000, 0x0000, 0x0000,
  0x0000, 0x0000, 0x0000, 0x0000, 0x4BF6, 0x6CBC, 0xAD19, 0xB57A, 0x9CF9, 0xB61D, 0xD69F, 0xAD3E,
  0xAD5F, 0xC5FC, 0xCE3C, 0xA539, 0x7C9A, 0xEF3F, 0xB5FC, 0xAD3D, 0xD69E, 0xBDFC, 0x5338, 0x8C3B,
  0x6BD9, 0x9D5B, 0x7C5A, 0x21F1, 0x3A7A, 0x3A5A, 0x52D8, 0x094C, 0x116C, 0x635B, 0x198F, 0x00A8,
  0x4279, 0x4AF6, 0x198D, 0x6B9B, 0x4AD6, 0x0065, 0x00A8, 0x00A9, 0x0066, 0x0066, 0x0045, 0x0065,
  0x0045, 0x21AF, 0x31F2, 0x0046, 0x0087, 0x0087, 0x0087, 0x0066, 0x0087, 0x4296, 0x29D1, 0x0066,
  0x0087, 0x00E8, 0x0909, 0x19AA, 0x21CB, 0x0929, 0x0087, 0x0087, 0x0087, 0x0087, 0x0087, 0x0087,
  0x0087, 0x0087, 0x0087, 0x0087, 0x0087, 0x0087, 0x0088, 0x0088, 0x0088, 0x0088, 0x0088, 0x0088,
  0x0088, 0x0088, 0x0088, 0x0088, 0x0088, 0x0088, 0x0088, 0x0087, 0x0068, 0x0068, 0x0068, 0x0068,
  0x0068, 0x0068, 0x0068, 0x0067, 0x0067, 0x0068, 0x0067, 0x0067, 0x0067, 0x0068, 0x0067, 0x0067,
  0x0047, 0x0047, 0x0047, 0x0047, 0x0047, 0x0027, 0x0027, 0x0027, 0x0027, 0x0026, 0x0026, 0x0026,
  0x0026, 0x0026, 0x0026, 0x0026, 0x0026, 0x0026, 0x0026, 0x0026, 0x0027, 0x0047, 0x0047, 0x0047,
  0x0047, 0x0047, 0x0047, 0x0047, 0x0047, 0x0047, 0x0067, 0x0047, 0x0047, 0x0047, 0x0047, 0x0047,
  0x0067, 0x0067, 0x0067, 0x0047, 0x0067, 0x0067, 0x0067, 0x0067, 0x0066, 0x0067, 0x0046, 0x0046,
  0x0066, 0x0046, 0x0046, 0x0066, 0x0046, 0x0026, 0x092A, 0x224E, 0x4B0F, 0x532F, 0x5B2F, 0x634F,
  0x634F, 0x5B2F, 0x42CE, 0x196A, 0x0045, 0x0066, 0x0066, 0x0066, 0x0066, 0x0066, 0x0066, 0x0066,
  0x0066, 0x0066, 0x0066, 0x0066, 0x0066, 0x1188, 0x3209, 0x3209, 0x3209, 0x3209, 0x3A29, 0x2A0A,
  0x320A, 0x322A, 0x3A4A, 0x3A2A, 0x3A4A, 0x424A, 0x424A, 0x424A, 0x424A, 0x424A, 0x424A, 0x424A,
  0x424A, 0x424A, 0x424C, 0x424D, 0x424E, 0x4A6D, 0x4A8E, 0x4A6C, 0x4A8C, 0x6B94, 0x8C3A, 0x6375,
  0x7C1A, 0x843E, 0x5B5B, 0x7416, 0x5B75, 0x845B, 0xB53E, 0xA4FE, 0x635D, 0x637C, 0xC63E, 0xB5BC,
  0x94B6, 0x7419, 0x8D1C, 0x5BD8, 0xBDDC, 0xCE3C, 0x85FF, 0x32AF, 0x0000, 0x0020, 0x0000, 0x0000,
  0x0000, 0x0000, 0x0020, 0x0000, 0x2A4D, 0x85FF, 0xC5FB, 0xCE3C, 0xB5BA, 0xADFC, 0xB57F, 0xB53F,
  0xC5BE, 0xCE3D, 0xC5FD, 0x8CD9, 0x9D1D, 0xEF5F, 0xB5DC, 0x8C9B, 0xDEDE, 0xA57B, 0x5339, 0x7BFB,
  0x845A, 0x73FB, 0x5B5B, 0x5338, 0x5318, 0x429A, 0x5B18, 0x198E, 0x00C7, 0x29F1, 0x29D2, 0x0947,
  0x3254, 0x6358, 0x324D, 0x7BBB, 0x3A30, 0x3211, 0x4295, 0x4AD6, 0x4AB5, 0x5B17, 0x4294, 0x29CF,
  0x114C, 0x090A, 0x21D0, 0x00A8, 0x00A7, 0x0087, 0x0067, 0x00A8, 0x0929, 0x19AA, 0x4293, 0x21ED,
  0x1189, 0x324C, 0x3A6C, 0x3A8D, 0x3A8D, 0x326C, 0x21EB, 0x00E9, 0x0067, 0x0087, 0x0087, 0x0087,
  0x0087, 0x0087, 0x0087, 0x00A8, 0x00A8, 0x00A8, 0x00A8, 0x00A8, 0x00A8, 0x00A8, 0x00A8, 0x00A8,
  0x00A8, 0x00A8, 0x0088, 0x00A8, 0x0088, 0x0088, 0x0088, 0x0088, 0x0088, 0x0088, 0x0088, 0x0088,
  0x0088, 0x0068, 0x0068, 0x0068, 0x0068, 0x0068, 0x0067, 0x0068, 0x0068, 0x0068, 0x0068, 0x0068,
  0x0068, 0x0048, 0x0048, 0x0047, 0x0047, 0x0047, 0x0027, 0x0027, 0x0027, 0x0027, 0x0026, 0x0026,
  0x0026, 0x0026, 0x0026, 0x0026, 0x0027, 0x0026, 0x0026, 0x0027, 0x0047, 0x0047, 0x0047, 0x0047,
  0x0047, 0x0047, 0x0047, 0x0067, 0x0067, 0x0067, 0x0067, 0x0067, 0x0067, 0x0067, 0x0067, 0x0067,
  0x0067, 0x0067, 0x0067, 0x0067, 0x0067, 0x0067, 0x0067, 0x0067, 0x0067, 0x0067, 0x0066, 0x0066,
  0x0046, 0x00A8, 0x21EC, 0x092A, 0x0088, 0x21EC, 0x4B0F, 0x5B2F, 0x530F, 0x5B0F, 0x5B2E, 0x5B2E,
  0x632E, 0x632E, 0x636F, 0x5B2F, 0x0908, 0x0025, 0x0066, 0x0066, 0x0066, 0x0066, 0x0066, 0x0046,
  0x0066, 0x0066, 0x0046, 0x0046, 0x0928, 0x2A09, 0x3209, 0x3209, 0x3209, 0x3209, 0x3209, 0x320A,
  0x320A, 0x320A, 0x3A2A, 0x3A2A, 0x3A2A, 0x3A2A, 0x424A, 0x424A, 0x424A, 0x424A, 0x422A, 0x422A,
  0x424A, 0x424A, 0x424B, 0x422A, 0x4249, 0x4249, 0x4248, 0x426C, 0x737B, 0x8C5D, 0x8C1D, 0x7BDB,
  0x73DB, 0x73DD, 0x73DA, 0x8436, 0x6BDA, 0x9CBE, 0xB53E, 0x633D, 0x4ABD, 0x9D1D, 0xC5FE, 0xD65D,
  0x8439, 0x5B7E, 0xA59E, 0x84FA, 0xAD9C, 0xBE3D, 0x75BF, 0x1927, 0x0000, 0x0000, 0x0000, 0x0000,
  0x0000, 0x0000, 0x0000, 0x0000, 0x10E5, 0x655F, 0xB5DC, 0xD63C, 0xADDA, 0xA5DC, 0xA4FF, 0xAD1F,
  0xC5FD, 0xD67D, 0xBDFE, 0x84BA, 0xB59F, 0xE73E, 0xAD9C, 0x94BC, 0xD67D, 0x9D5C, 0x63D9, 0x5379,
  0x6C19, 0x73DA, 0x7BDC, 0x637B, 0x42B5, 0x3234, 0x635A, 0x5B5A, 0x19AE, 0x08E7, 0x29F1, 0x2A2C,
  0x2A4F, 0x6BBC, 0x5B34, 0x73D8, 0x9C9E, 0x9CDE, 0x841B, 0x5B18, 0x6B9C, 0x5B17, 0x3A92, 0x3230,
  0x2A0F, 0x19CC, 0x19CD, 0x118B, 0x0129, 0x012A, 0x116A, 0x21EB, 0x324B, 0x3A4B, 0x3A4C, 0x426F,
  0x3A6C, 0x3A6C, 0x3A6C, 0x3A6C, 0x3A6C, 0x3A6C, 0x3A6D, 0x222C, 0x08E9, 0x0066, 0x0087, 0x0087,
  0x0087, 0x0087, 0x0087, 0x00A8, 0x00A8, 0x00A8, 0x00A8, 0x00A8, 0x00A8, 0x00A8, 0x00A8, 0x00A8,
  0x00A8, 0x00A8, 0x00A8, 0x00A8, 0x00A8, 0x0088, 0x0089, 0x0088, 0x0088, 0x0088, 0x0088, 0x0088,
  0x0088, 0x0088, 0x0068, 0x0068, 0x0068, 0x0068, 0x0068, 0x0068, 0x0068, 0x0068, 0x0068, 0x0068,
  0x0068, 0x0068, 0x0048, 0x0048, 0x0048, 0x0047, 0x0047, 0x0027, 0x0027, 0x0027, 0x0027, 0x0026,
  0x0026, 0x0026, 0x0027, 0x0027, 0x0027, 0x0027, 0x0027, 0x0027, 0x0047, 0x0047, 0x0047, 0x0047,
  0x0047, 0x0047, 0x0047, 0x0047, 0x0047, 0x0047, 0x0047, 0x0047, 0x0047, 0x0047, 0x0047, 0x0067,
  0x0067, 0x0067, 0x0067, 0x0067, 0x0067, 0x0067, 0x0067, 0x0067, 0x0067, 0x0067, 0x0067, 0x0067,
  0x00A8, 0x222D, 0x4B30, 0x326E, 0x42AE, 0x5B2F, 0x5B2F, 0x5B2F, 0x634F, 0x632F, 0x632F, 0x632E,
  0x634E, 0x634E, 0x5B2E, 0x5B4E, 0x4AEE, 0x08E8, 0x0045, 0x0066, 0x0066, 0x0045, 0x0046, 0x0908,
  0x1989, 0x21A8, 0x1128, 0x0928, 0x2A09, 0x3209, 0x3209, 0x3209, 0x3209, 0x3209, 0x3209, 0x322A,
  0x3209, 0x320A, 0x3A2A, 0x3A2A, 0x3A2A, 0x3A2A, 0x3A2A, 0x422A, 0x422A, 0x3A29, 0x3A29, 0x422A,
  0x422A, 0x422A, 0x4229, 0x422A, 0x422A, 0x4229, 0x3A0A, 0x427B, 0x5AF8, 0x5B3A, 0x4AB6, 0x4AD6,
  0x7C1D, 0x7C5C, 0x7C36, 0x8C99, 0xBDBF, 0x949C, 0x535C, 0x639D, 0x8CDB, 0x84FA, 0xB5BE, 0xDEDE,
  0x8C7D, 0x73FE, 0xC63E, 0xAE3C, 0xA57B, 0xA5DF, 0x549B, 0x0021, 0x0000, 0x0000, 0x0000, 0x0000,
  0x0000, 0x0000, 0x0000, 0x0000, 0x0000, 0x5459, 0xA61F, 0xCE3B, 0xB65C, 0x9D7C, 0xA4FF, 0xA4FF,
  0xC5FC, 0xDEBD, 0xBE3D, 0x7C7A, 0xBDBF, 0xEF5E, 0x951B, 0xAD5C, 0xC61C, 0xA53C, 0xAD5C, 0x6C1A,
  0x9CFB, 0x951B, 0x845C, 0x633B, 0x7C1C, 0x741A, 0x639A, 0x42B5, 0x19AC, 0x1169, 0x3272, 0x3AD0,
  0x3AD1, 0x5317, 0x5313, 0x845B, 0x841C, 0x8C3D, 0x7BDC, 0x2A0E, 0x29ED, 0x4AB6, 0x198B, 0x0106,
  0x0127, 0x0948, 0x0948, 0x012A, 0x0149, 0x21EA, 0x324B, 0x3A6B, 0x3A4B, 0x3A4B, 0x3A4B, 0x3A6C,
  0x3A6D, 0x426C, 0x426C, 0x3A6C, 0x3A6C, 0x3A6C, 0x3A6D, 0x3A8D, 0x19EB, 0x0066, 0x0067, 0x0087,
  0x0087, 0x0087, 0x0087, 0x0087, 0x00A8, 0x00A8, 0x0088, 0x00A8, 0x00A8, 0x00A8, 0x00A8, 0x00A8,
  0x00A9, 0x00A9, 0x00A9, 0x00A9, 0x00A9, 0x00A9, 0x00A9, 0x00A9, 0x0089, 0x0089, 0x0089, 0x0089,
  0x0089, 0x0089, 0x0089, 0x0089, 0x0089, 0x0088, 0x0089, 0x0068, 0x0068, 0x0048, 0x0048, 0x0048,
  0x0048, 0x0048, 0x0047, 0x0027, 0x0027, 0x0027, 0x0027, 0x0026, 0x0005, 0x0005, 0x0004, 0x0004,
  0x0004, 0x0004, 0x0004, 0x0005, 0x0005, 0x0025, 0x0026, 0x0026, 0x0026, 0x0027, 0x0047, 0x0027,
  0x0026, 0x0047, 0x0047, 0x0047, 0x0048, 0x0068, 0x0068, 0x0068, 0x0068, 0x0068, 0x0068, 0x0068,
  0x0068, 0x0088, 0x0088, 0x0088, 0x0087, 0x0087, 0x0087, 0x0067, 0x0067, 0x0067, 0x0047, 0x116B,
  0x3ACF, 0x328E, 0x532F, 0x5B4F, 0x5B2F, 0x5B2F, 0x5B4F, 0x634F, 0x634F, 0x6B4F, 0x634F, 0x634E,
  0x634E, 0x632E, 0x632E, 0x632E, 0x636F, 0x114A, 0x0004, 0x0025, 0x0025, 0x0045, 0x1148, 0x2A09,
  0x3209, 0x31E9, 0x29E9, 0x29E9, 0x3209, 0x3209, 0x3209, 0x3209, 0x3209, 0x3209, 0x3209, 0x3209,
  0x3209, 0x3209, 0x3A09, 0x3A09, 0x3A09, 0x3A09, 0x3A29, 0x3A2A, 0x3A29, 0x3A09, 0x3A29, 0x3A2A,
  0x3A29, 0x3A09, 0x3A09, 0x3A2A, 0x3A09, 0x3A08, 0x3A36, 0x31F2, 0x320E, 0x4298, 0x2A2D, 0x531A,
  0x6B9D, 0x5B95, 0x8478, 0xAD3E, 0xBD9D, 0x7C18, 0x5BBB, 0x9D1B, 0xA53C, 0x5BBA, 0xA57D, 0xE6FF,
  0xC61F, 0x843F, 0xC63F, 0xC67C, 0x8D1A, 0x85DF, 0x3B12, 0x0000, 0x0000, 0x0000, 0x0000, 0x0000,
  0x0000, 0x0000, 0x0000, 0x0020, 0x0000, 0x32D0, 0x8E1F, 0xBDDC, 0xC6BD, 0xA57C, 0xA4DF, 0xA4FD,
  0xCE5B, 0xDE9D, 0xBE1B, 0x847C, 0xB53F, 0xEF5E, 0x8CFB, 0xAD7C, 0xBDFD, 0xBDBD, 0xA53C, 0x94FC,
  0xCDFE, 0xAD7E, 0x5BD6, 0x4AF4, 0x947D, 0xA4FD, 0x73DB, 0x52FB, 0x5316, 0x5334, 0x3A91, 0x3270,
  0x2A2E, 0x2A32, 0x3A72, 0x8418, 0x7BFA, 0x3A73, 0x5AFB, 0x52F8, 0x324D, 0x4AD2, 0x4AB2, 0x5B36,
  0x6357, 0x52B5, 0x3210, 0x21EE, 0x2A2C, 0x3A4A, 0x3A4B, 0x3A4B, 0x3A4B, 0x3A4B, 0x3A6B, 0x426C,
  0x428C, 0x428C, 0x426C, 0x426C, 0x3A6C, 0x3A6C, 0x3A8D, 0x3A6D, 0x2A4D, 0x00C8, 0x0046, 0x0087,
  0x0067, 0x0087, 0x00C8, 0x00A8, 0x0087, 0x0088, 0x0088, 0x00A8, 0x00A8, 0x00A8, 0x00A8, 0x00A8,
  0x00A9, 0x00A9, 0x00A9, 0x00C9, 0x00A9, 0x00A9, 0x00A9, 0x00A9, 0x00A9, 0x00A9, 0x00A9, 0x00A9,
  0x00A9, 0x0089, 0x0089, 0x0089, 0x0089, 0x0068, 0x0069, 0x0069, 0x0069, 0x0048, 0x0048, 0x0048,
  0x0027, 0x0027, 0x0027, 0x0006, 0x0006, 0x0006, 0x0005, 0x0005, 0x0004, 0x0004, 0x0005, 0x0004,
  0x0004, 0x0005, 0x0005, 0x0005, 0x0005, 0x0006, 0x0006, 0x0026, 0x0027, 0x0047, 0x0048, 0x0047,
  0x0047, 0x0048, 0x0048, 0x0068, 0x0068, 0x0068, 0x0068, 0x0068, 0x0068, 0x0068, 0x0068, 0x0088,
  0x0088, 0x0088, 0x0088, 0x0088, 0x0088, 0x0088, 0x0088, 0x0087, 0x0087, 0x0067, 0x00A9, 0x3ACF,
  0x4310, 0x532F, 0x5B2F, 0x5B2F, 0x5B2F, 0x5B2F, 0x5B2F, 0x5B2F, 0x634F, 0x6B4F, 0x6B4E, 0x6B4E,
  0x6B4E, 0x634E, 0x632E, 0x632E, 0x634E, 0x324C, 0x0066, 0x1108, 0x1128, 0x1168, 0x29E9, 0x29C8,
  0x29E9, 0x29E9, 0x29C8, 0x29E9, 0x3209, 0x3209, 0x3209, 0x31E9, 0x3209, 0x3209, 0x3209, 0x3209,
  0x3209, 0x3209, 0x3209, 0x3209, 0x3A09, 0x3A09, 0x3A09, 0x3A09, 0x3A09, 0x3A09, 0x3A09, 0x3A09,
  0x3A09, 0x3A09, 0x3A09, 0x3A09, 0x3A08, 0x3211, 0x3211, 0x29A6, 0x21CD, 0x220E, 0x42F6, 0x639E,
  0x73BD, 0x8C9A, 0xAD5D, 0xBDBE, 0xA51A, 0xA53A, 0xAD99, 0x94B9, 0x5B1D, 0x42DB, 0x8CFC, 0xD69F,
  0xDEDF, 0xAD5F, 0xD69F, 0xD69D, 0x6C59, 0x7DBF, 0x1989, 0x0000, 0x0020, 0x0000, 0x0000, 0x0000,
  0x0000, 0x0000, 0x0000, 0x0000, 0x0000, 0x1126, 0x759F, 0x851B, 0xBE7C, 0xBE3D, 0x8C7E, 0xAD7C,
  0xD67C, 0xDE9C, 0x9D39, 0x845B, 0x8C7A, 0xDEDE, 0xAD9C, 0xC61D, 0xC5FD, 0xCE1D, 0x84BA, 0x94BE,
  0xCE1E, 0xC5FE, 0x6BF9, 0x7C1A, 0x8C3C, 0x73DB, 0x73BA, 0x52FB, 0x3A78, 0x5318, 0x635B, 0x3211,
  0x29ED, 0x19AD, 0x3236, 0x4AF4, 0x73DB, 0x29EC, 0x4293, 0x3A75, 0x324D, 0x7BD9, 0x6374, 0x8459,
  0x949D, 0x83DC, 0x737D, 0x737D, 0x633A, 0x4AB4, 0x3A4E, 0x3A4A, 0x3A4A, 0x3A4B, 0x3A6B, 0x426C,
  0x426C, 0x428C, 0x428C, 0x426C, 0x3A8C, 0x3A8C, 0x3A8C, 0x3A6C, 0x326C, 0x220C, 0x00E9, 0x0067,
  0x00A8, 0x118A, 0x2A2B, 0x220B, 0x094A, 0x0109, 0x00C9, 0x00A8, 0x00A8, 0x00A8, 0x00A8, 0x00A8,
  0x00A8, 0x00A9, 0x00A9, 0x00A9, 0x00A9, 0x00A9, 0x00A9, 0x00A9, 0x00A9, 0x00A9, 0x00A9, 0x00A9,
  0x00A9, 0x00A9, 0x00AA, 0x00A9, 0x0089, 0x00A9, 0x0089, 0x0089, 0x0089, 0x0069, 0x0048, 0x0048,
  0x0048, 0x0028, 0x0028, 0x0027, 0x0027, 0x0006, 0x0006, 0x0005, 0x0005, 0x0005, 0x0005, 0x0005,
  0x0005, 0x0005, 0x0005, 0x0005, 0x0006, 0x0006, 0x0027, 0x0027, 0x0028, 0x0048, 0x0048, 0x0048,
  0x0048, 0x0048, 0x0068, 0x0068, 0x0068, 0x0068, 0x0068, 0x0088, 0x0088, 0x0088, 0x0088, 0x0088,
  0x0088, 0x0088, 0x0088, 0x0088, 0x0088, 0x0088, 0x0088, 0x0087, 0x0087, 0x0047, 0x19AC, 0x5370,
  0x5330, 0x532F, 0x5B2F, 0x5B2F, 0x5B4F, 0x634F, 0x5B2E, 0x634F, 0x6B6F, 0x6B6E, 0x6B4E, 0x6B4E,
  0x6B4E, 0x634E, 0x632E, 0x5B0D, 0x5B0D, 0x634E, 0x4ACE, 0x530E, 0x634E, 0x3209, 0x29C8, 0x29C8,
  0x29C8, 0x29C8, 0x29E9, 0x29E9, 0x29E9, 0x29E9, 0x31E8, 0x31E8, 0x31E8, 0x3209, 0x31E9, 0x31E9,
  0x31E9, 0x31E9, 0x31E8, 0x31E8, 0x31E9, 0x31E9, 0x31E8, 0x31E9, 0x3A4A, 0x426B, 0x3A2A, 0x3209,
  0x31E9, 0x31E9, 0x31E8, 0x31E8, 0x320D, 0x3230, 0x31E9, 0x29C8, 0x2A11, 0x535B, 0x845E, 0x9CFE,
  0xA53D, 0x94FC, 0xA53D, 0xA51E, 0xB59E, 0x9D1B, 0x847B, 0x7BDC, 0x427C, 0x32DA, 0x84FB, 0xD6BF,
  0xEF7F, 0x951D, 0xC63F, 0xDE9E, 0x5C5A, 0x5CDC, 0x0841, 0x0000, 0x0000, 0x0000, 0x0000, 0x0000,
  0x0000, 0x0000, 0x0000, 0x0000, 0x0000, 0x0000, 0x549A, 0x64FC, 0xD6BD, 0xADBC, 0xA4FF, 0xC61D,
  0xD69C, 0xD67C, 0x7C78, 0x843C, 0x8CBB, 0xDEDE, 0xADBC, 0xC5FD, 0xC5FD, 0xA55B, 0x7C5B, 0x947F,
  0xCE3E, 0xCE5E, 0x8C7E, 0x947E, 0x633B, 0x52DA, 0x635B, 0x841A, 0x5B59, 0x4294, 0x52D6, 0x52BA,
  0x3A33, 0x21AA, 0x21CC, 0x21AC, 0x4A94, 0x3251, 0x2A0E, 0x2A30, 0x2A0D, 0x83DA, 0x949B, 0x949A,
  0x9C9D, 0x7BB9, 0x52D3, 0x52D4, 0x5B17, 0x52D8, 0x4A97, 0x4253, 0x3A2D, 0x3A4B, 0x3A4B, 0x3A6B,
  0x426C, 0x3A6C, 0x3A6C, 0x3A6C, 0x3A6C, 0x3A6C, 0x3A6C, 0x326C, 0x324C, 0x3A8D, 0x326D, 0x19EB,
  0x21EA, 0x322B, 0x2A2B, 0x2A4B, 0x2A4C, 0x2A2C, 0x222C, 0x11AB, 0x0088, 0x0088, 0x00A8, 0x00A8,
  0x00A8, 0x00A9, 0x00A9, 0x00A9, 0x00A9, 0x00A9, 0x00A9, 0x00A9, 0x00A9, 0x00A9, 0x00A9, 0x00C9,
  0x00CA, 0x00CA, 0x00CA, 0x00CA, 0x00CA, 0x00CA, 0x00CA, 0x00AA, 0x00AA, 0x00AA, 0x008A, 0x008A,
  0x008A, 0x0069, 0x0069, 0x0069, 0x0028, 0x0027, 0x0007, 0x0027, 0x0028, 0x0027, 0x0027, 0x0007,
  0x0007, 0x0006, 0x0006, 0x0006, 0x0006, 0x0007, 0x0007, 0x0006, 0x0006, 0x0026, 0x0027, 0x0027,
  0x0027, 0x0048, 0x0048, 0x0048, 0x0068, 0x0068, 0x0068, 0x0088, 0x0088, 0x0088, 0x0088, 0x0088,
  0x0088, 0x0088, 0x0088, 0x0088, 0x0088, 0x0088, 0x0088, 0x0087, 0x0087, 0x00A8, 0x2A6E, 0x5350,
  0x5350, 0x5B50, 0x5B4F, 0x5B4F, 0x634F, 0x5B2E, 0x5B2E, 0x634E, 0x6B6E, 0x6B6E, 0x6B6E, 0x6B6E,
  0x6B6E, 0x6B4E, 0x6B4E, 0x634E, 0x632E, 0x632E, 0x6B4E, 0x6B4E, 0x6B6F, 0x4AAC, 0x21A8, 0x21A8,
  0x21A8, 0x29C8, 0x29E8, 0x29C8, 0x29C8, 0x29C8, 0x29C8, 0x29C8, 0x29C8, 0x29C8, 0x29A7, 0x29A8,
  0x29A8, 0x29C8, 0x29C8, 0x29C8, 0x29C8, 0x29C8, 0x31C9, 0x422A, 0x52AC, 0x52CD, 0x52AD, 0x4A6B,
  0x424A, 0x3A0A, 0x29A8, 0x29A8, 0x3230, 0x428D, 0x4AAD, 0x3A6E, 0x63BC, 0x741C, 0x8479, 0x94DC,
  0x94DA, 0x7C57, 0x6BFB, 0x8C7C, 0xA51B, 0x8CBC, 0x7BFE, 0x631D, 0x3ABB, 0x7C5D, 0x6C5A, 0xD69E,
  0xEF7F, 0xBDBE, 0xAD1F, 0xD67E, 0x7DBF, 0x3B54, 0x0000, 0x0000, 0x0000, 0x0000, 0x0000, 0x0000,
  0x0000, 0x0000, 0x0000, 0x0000, 0x0020, 0x0000, 0x32F0, 0x861F, 0xDF1E, 0x9D1D, 0xAD1F, 0xD67C,
  0xD69C, 0xBDDA, 0x7C59, 0x83DD, 0x7C18, 0xEF5E, 0x7479, 0xB59C, 0xB59C, 0x63D7, 0x949D, 0x7C3D,
  0xD67E, 0xC5FF, 0x5B5C, 0x6359, 0x4ABB, 0x3A3B, 0x3A79, 0x9CBC, 0x94BB, 0x8459, 0x7BF9, 0x83FB,
  0x7BDD, 0x52F5, 0x320E, 0x218B, 0x29EC, 0x2A2F, 0x21CD, 0x21CB, 0x21A8, 0x6B36, 0x9C9F, 0x6B56,
  0x83F9, 0xACFE, 0x7BBA, 0x3A4E, 0x29E8, 0x322A, 0x322B, 0x3A2D, 0x3A2F, 0x3A2D, 0x3A4B, 0x3A4B,
  0x3A4B, 0x3A6B, 0x3A6C, 0x3A6C, 0x3A6C, 0x3A6C, 0x324C, 0x324C, 0x326C, 0x326C, 0x3A8D, 0x3A8D,
  0x322B, 0x2A0A, 0x2A2B, 0x2A2B, 0x2A2B, 0x2A2C, 0x2A4C, 0x2A4C, 0x094A, 0x0088, 0x00A8, 0x00A8,
  0x00A8, 0x0088, 0x00A9, 0x00C9, 0x00A9, 0x0089, 0x00A9, 0x00C9, 0x00C9, 0x00C9, 0x00CA, 0x00CA,
  0x00CA, 0x00CA, 0x00CA, 0x00CA, 0x00CA, 0x00CA, 0x00CA, 0x00CA, 0x00AA, 0x00AA, 0x00CB, 0x00AA,
  0x00AB, 0x00AB, 0x008B, 0x008A, 0x006A, 0x0049, 0x0028, 0x0028, 0x0027, 0x0006, 0x0006, 0x0005,
  0x0005, 0x0005, 0x0005, 0x0005, 0x0005, 0x0006, 0x0006, 0x0006, 0x0027, 0x0027, 0x0028, 0x0048,
  0x0048, 0x0069, 0x0069, 0x0069, 0x0068, 0x0088, 0x0088, 0x0088, 0x0089, 0x00A9, 0x00A8, 0x00A8,
  0x0088, 0x0088, 0x0088, 0x0088, 0x0088, 0x0088, 0x0088, 0x0087, 0x0067, 0x118B, 0x4330, 0x42EF,
  0x532F, 0x5B50, 0x6370, 0x636F, 0x5B4F, 0x4AED, 0x5B2E, 0x5B2E, 0x632E, 0x634E, 0x6B6E, 0x6B6E,
  0x6B6E, 0x634E, 0x632E, 0x6B4E, 0x6B4E, 0x6B4E, 0x6B4E, 0x6B4E, 0x6B4E, 0x6B4E, 0x426B, 0x2187,
  0x21A8, 0x29C8, 0x29C8, 0x29C8, 0x21A8, 0x21A8, 0x2187, 0x2187, 0x21A8, 0x29EA, 0x29EA, 0x21A8,
  0x29C9, 0x29A8, 0x2187, 0x2187, 0x29A7, 0x29A8, 0x3A2A, 0x426B, 0x426B, 0x4A6B, 0x4A8C, 0x4A6B,
  0x4A8C, 0x5B10, 0x5B0F, 0x3A4C, 0x4AD0, 0x6B70, 0x5B2F, 0x63B9, 0x73D7, 0x7C14, 0x9495, 0x8457,
  0x8456, 0x6359, 0x6BBD, 0x94DA, 0x9D5C, 0x94BE, 0x947E, 0x8C7E, 0x7C5E, 0x841F, 0x6C3B, 0xBE1D,
  0xE71F, 0xCE5F, 0x9CBF, 0xCE7F, 0x7DBF, 0x21A9, 0x0000, 0x0000, 0x0000, 0x0000, 0x0000, 0x0000,
  0x0000, 0x0000, 0x0000, 0x0000, 0x0000, 0x0000, 0x1106, 0x7DBF, 0xD71E, 0x9D1C, 0xB55F, 0xD6BD,
  0xDEDE, 0xA5BB, 0x94FD, 0x94BC, 0x94F8, 0xE75F, 0x9D3A, 0xB55B, 0x9CFA, 0x32B4, 0x949C, 0x9D3B,
  0xD67E, 0x7C79, 0x4298, 0x5336, 0x4AF8, 0x321A, 0x3A58, 0x6BB5, 0xA4BF, 0x945E, 0x7C1C, 0x73BD,
  0x5B3B, 0x4276, 0x29CF, 0x1969, 0x1988, 0x21CB, 0x1988, 0x21A9, 0x1988, 0x4270, 0x8C1F, 0x5B19,
  0x424F, 0x841C, 0x73B8, 0x633D, 0x3A31, 0x3209, 0x320A, 0x3209, 0x322A, 0x322B, 0x322C, 0x3A4B,
  0x3A4B, 0x3A4B, 0x3A4B, 0x3A4B, 0x324B, 0x324B, 0x324C, 0x324C, 0x324C, 0x324C, 0x3A6C, 0x3A6C,
  0x3A6D, 0x324C, 0x2A2B, 0x2A2B, 0x2A2B, 0x2A2C, 0x2A2C, 0x2A2C, 0x222C, 0x00EA, 0x0067, 0x0088,
  0x0088, 0x010A, 0x19EC, 0x224D, 0x11CD, 0x096C, 0x00CA, 0x00A9, 0x00A9, 0x00A9, 0x00C9, 0x00CA,
  0x00C9, 0x00CA, 0x00CA, 0x00AA, 0x00AA, 0x00AA, 0x00AA, 0x00AA, 0x008A, 0x0069, 0x0069, 0x0069,
  0x006A, 0x006A, 0x0049, 0x0028, 0x0027, 0x0007, 0x0007, 0x0006, 0x0006, 0x0006, 0x0004, 0x0001,
  0x0001, 0x0002, 0x0005, 0x0007, 0x0027, 0x0027, 0x0028, 0x0029, 0x0049, 0x0069, 0x0069, 0x0069,
  0x0089, 0x0089, 0x0089, 0x0089, 0x0089, 0x00A9, 0x00A9, 0x00A9, 0x00A9, 0x00A9, 0x00A9, 0x00A9,
  0x0088, 0x0088, 0x0088, 0x0088, 0x0088, 0x0088, 0x0088, 0x0087, 0x0047, 0x092A, 0x4310, 0x42EF,
  0x532F, 0x5B4F, 0x636F, 0x636F, 0x5B2E, 0x530D, 0x5B2E, 0x5B2E, 0x5B2E, 0x634E, 0x6B6E, 0x6B6E,
  0x6B4E, 0x5B0E, 0x630E, 0x632E, 0x6B4E, 0x6B4E, 0x6B4E, 0x6B4E, 0x630D, 0x52CC, 0x52AC, 0x3209,
  0x21A7, 0x21A8, 0x21A8, 0x2187, 0x2187, 0x1987, 0x21C9, 0x21A9, 0x21A9, 0x4B32, 0x7C14, 0x73B2,
  0x7BD3, 0x3A2B, 0x426C, 0x320A, 0x1966, 0x2187, 0x31E9, 0x3A0A, 0x3A0A, 0x3A0A, 0x3A0A, 0x4A8D,
  0x6350, 0x52EE, 0x6350, 0x5B50, 0x5B30, 0x7BD3, 0x5B58, 0x6BDB, 0x73D5, 0x7BF4, 0x6396, 0x6396,
  0x5B76, 0x637B, 0x8C9B, 0x8CBB, 0xC61F, 0xA4FE, 0x5B3D, 0xA57E, 0xC61F, 0xA4FF, 0x7C3C, 0x953B,
  0xE6DF, 0xE71F, 0xAD7E, 0xA61F, 0x5CBB, 0x0041, 0x0000, 0x0000, 0x0000, 0x0000, 0x0000, 0x0000,
  0x0000, 0x0000, 0x0000, 0x0000, 0x0000, 0x0000, 0x0000, 0x5458, 0xA69F, 0xA51C, 0xC5FE, 0xD69C,
  0xDEBD, 0x9D7B, 0xBDBE, 0xB57F, 0xCE5E, 0xDEFE, 0xAD7C, 0xA53B, 0x63D6, 0x5319, 0x949D, 0xCE9D,
  0xA59D, 0x3AF5, 0x3A59, 0x3A75, 0x19AA, 0x3218, 0x4ADA, 0x6392, 0x7B9B, 0x8BFF, 0x637A, 0x52F6,
  0x4ABB, 0x21B0, 0x29F3, 0x3213, 0x21CE, 0x1969, 0x1167, 0x1988, 0x1988, 0x21CA, 0x6B7A, 0x635D,
  0x1969, 0x4A54, 0x4A74, 0x3210, 0x52BC, 0x3A31, 0x29E8, 0x29EA, 0x31EA, 0x320A, 0x322A, 0x322A,
  0x322B, 0x322A, 0x320A, 0x2A0A, 0x2A0A, 0x2A0A, 0x2A0A, 0x2A2B, 0x322B, 0x324C, 0x3A6C, 0x3A6C,
  0x3A6C, 0x3A8D, 0x324C, 0x220B, 0x2A0B, 0x2A0B, 0x2A0B, 0x2A2C, 0x2A4C, 0x19EC, 0x0109, 0x00E9,
  0x118C, 0x32AE, 0x328E, 0x32AE, 0x32CF, 0x32AE, 0x224E, 0x010B, 0x0089, 0x00A9, 0x00A9, 0x00A9,
  0x00A9, 0x00AA, 0x00AA, 0x00AA, 0x00AA, 0x00AA, 0x00AA, 0x00AA, 0x00AA, 0x008A, 0x008A, 0x008A,
  0x008A, 0x006A, 0x006A, 0x004A, 0x004A, 0x002A, 0x0029, 0x0028, 0x0008, 0x0004, 0x0000, 0x0000,
  0x0000, 0x0000, 0x0000, 0x0005, 0x0007, 0x0027, 0x0028, 0x0028, 0x0049, 0x0049, 0x0069, 0x0069,
  0x0069, 0x0089, 0x0089, 0x0089, 0x0089, 0x0089, 0x0089, 0x0089, 0x0089, 0x0088, 0x0088, 0x0068,
  0x0068, 0x0067, 0x0067, 0x0087, 0x0087, 0x0067, 0x0067, 0x00A8, 0x00C7, 0x19EC, 0x430F, 0x532F,
  0x5B4F, 0x5B4F, 0x634F, 0x634F, 0x634F, 0x530E, 0x5B0E, 0x634F, 0x6B6F, 0x6B4E, 0x6B6E, 0x6B4E,
  0x6B4E, 0x5AED, 0x5ACD, 0x630D, 0x6B2E, 0x6B4E, 0x6B2E, 0x62ED, 0x52CC, 0x4A8B, 0x4A6B, 0x3A2A,
  0x3209, 0x3209, 0x2187, 0x21CA, 0x5311, 0x4AF0, 0x4B32, 0x3A8E, 0x5B52, 0x8434, 0x9474, 0x9495,
  0x9494, 0x73B1, 0x9CB5, 0x8433, 0x426C, 0x4AAD, 0x424B, 0x29A8, 0x2187, 0x2187, 0x31EA, 0x52EF,
  0x52CD, 0x320B, 0x5311, 0x6BB6, 0x6377, 0x5B38, 0x52F9, 0x5B38, 0x6B99, 0x843C, 0x7BFC, 0x6B99,
  0x431B, 0x6BD9, 0x8C56, 0xAD3D, 0xB55F, 0xAD3F, 0xB59E, 0xB5BE, 0xA55F, 0xB59F, 0xA55E, 0x7CBA,
  0xD65E, 0xE71F, 0xAD7D, 0x85DF, 0x3B11, 0x0000, 0x0000, 0x0000, 0x0000, 0x0000, 0x0000, 0x0000,
  0x0000, 0x0000, 0x0000, 0x0000, 0x0000, 0x0020, 0x0000, 0x326E, 0x6D9F, 0x7C19, 0xD65D, 0xD69C,
  0xD6BD, 0x9D7A, 0xCE3F, 0xBD9F, 0xCE7E, 0xCE3D, 0xBDDD, 0x9D7C, 0x6C5A, 0x6B99, 0x7416, 0xE71F,
  0x5BD8, 0x32D6, 0x5B1E, 0x4A97, 0x21CC, 0x21F1, 0x639D, 0x21AD, 0x31F1, 0x7BFD, 0x533A, 0x3A73,
  0x4274, 0x4296, 0x19CA, 0x1169, 0x114C, 0x194C, 0x1148, 0x1167, 0x1988, 0x1146, 0x3A31, 0x633E,
  0x218C, 0x1147, 0x4A99, 0x198A, 0x21AD, 0x427A, 0x29ED, 0x21A8, 0x29E9, 0x29E9, 0x320A, 0x320A,
  0x29EA, 0x29EA, 0x29E9, 0x21C9, 0x21C9, 0x21C9, 0x21CA, 0x2A0A, 0x2A0B, 0x3A4C, 0x3A6C, 0x3A6C,
  0x3A6C, 0x3A6C, 0x324C, 0x2A2C, 0x220B, 0x220B, 0x220B, 0x220B, 0x222B, 0x2A2C, 0x2A4C, 0x326D,
  0x3AAE, 0x3A8E, 0x328E, 0x328E, 0x328E, 0x328E, 0x328E, 0x228E, 0x098C, 0x00A9, 0x00AA, 0x00A9,
  0x00AA, 0x00CA, 0x00CA, 0x00CA, 0x00CA, 0x00CA, 0x00CA, 0x00CA, 0x00AA, 0x00AB, 0x00AB, 0x00AB,
  0x008A, 0x006A, 0x006A, 0x004A, 0x002A, 0x0029, 0x0028, 0x0007, 0x0006, 0x0000, 0x0000, 0x0000,
  0x0000, 0x0000, 0x0000, 0x0001, 0x0007, 0x0007, 0x0028, 0x0028, 0x0029, 0x0049, 0x0049, 0x0069,
  0x0069, 0x0069, 0x0069, 0x0089, 0x0089, 0x0089, 0x0089, 0x0089, 0x0088, 0x0068, 0x0088, 0x092A,
  0x0929, 0x1149, 0x00C8, 0x0067, 0x0067, 0x0067, 0x0908, 0x19A9, 0x220B, 0x32AF, 0x32AE, 0x532F,
  0x5B4F, 0x530E, 0x532E, 0x5B2E, 0x5B2E, 0x5B0E, 0x5B2E, 0x6B4F, 0x6B6F, 0x634E, 0x630E, 0x6B4E,
  0x6B4E, 0x5ACD, 0x4AAC, 0x5AED, 0x632E, 0x62ED, 0x5AED, 0x4A8B, 0x422A, 0x422A, 0x3A09, 0x31E8,
  0x31E9, 0x31E8, 0x2187, 0x326E, 0x6393, 0x8435, 0x8C74, 0x8454, 0x9494, 0x9494, 0x9494, 0x9494,
  0x9494, 0x9CD5, 0x9474, 0x7BF2, 0x73F4, 0x9CB7, 0x6B50, 0x1946, 0x29C9, 0x2188, 0x29C9, 0x3A4B,
  0x428F, 0x42F4, 0x5B34, 0x6B94, 0x7BF4, 0x7C14, 0x7C12, 0x8412, 0x7C13, 0x8C77, 0x8C7A, 0x8C5E,
  0x6B79, 0x7BF3, 0x8437, 0xB55F, 0xBD9F, 0xCE1F, 0xDE7F, 0xD65F, 0xBDBE, 0xA51E, 0x949F, 0x84DD,
  0xCE5E, 0xE6FF, 0x94FD, 0x6D7F, 0x1947, 0x0000, 0x0000, 0x0000, 0x0000, 0x0000, 0x0000, 0x0000,
  0x0000, 0x0000, 0x0000, 0x0000, 0x0000, 0x0000, 0x0000, 0x08A3, 0x5CFD, 0x7CDD, 0xD65C, 0xDEBD,
  0xC65C, 0x84FB, 0xAD7F, 0xBDFF, 0xD6BE, 0xC5DD, 0xD63E, 0xA59B, 0x9D3D, 0x8C7D, 0x9D3C, 0xBDFF,
  0x7C3E, 0x9D1E, 0xB59E, 0x845C, 0x21B2, 0x112A, 0x73D9, 0x6BB4, 0x8454, 0xA538, 0x9CD6, 0x9CB6,
  0x9CD4, 0xA517, 0x8C95, 0x73D1, 0x42CD, 0x326C, 0x19EA, 0x0928, 0x0906, 0x1126, 0x1148, 0x4A7B,
  0x218E, 0x0904, 0x29F0, 0x3213, 0x0904, 0x218C, 0x4278, 0x21CD, 0x21AB, 0x21A9, 0x21A8, 0x21A8,
  0x2188, 0x1988, 0x1988, 0x1988, 0x1988, 0x19A9, 0x21EA, 0x2A0A, 0x322B, 0x322B, 0x322B, 0x322B,
  0x322B, 0x2A0B, 0x2A0B, 0x2A0B, 0x220B, 0x21EB, 0x220B, 0x220B, 0x2A2B, 0x324C, 0x3A8D, 0x3A8D,
  0x328D, 0x3A8E, 0x3AAE, 0x32AE, 0x328E, 0x328E, 0x2A8E, 0x32AE, 0x228E, 0x00EB, 0x00A9, 0x00AA,
  0x00C9, 0x00CA, 0x00CA, 0x00CA, 0x00CA, 0x00CA, 0x00CA, 0x00CA, 0x00CB, 0x00AB, 0x00AB, 0x00AB,
  0x008B, 0x008B, 0x006B, 0x004A, 0x004A, 0x0029, 0x0029, 0x0028, 0x0006, 0x0000, 0x0000, 0x0000,
  0x0000, 0x0000, 0x0000, 0x0000, 0x0027, 0x0029, 0x0029, 0x002A, 0x004A, 0x006A, 0x006A, 0x006A,
  0x008A, 0x008A, 0x0089, 0x0089, 0x0089, 0x0089, 0x0089, 0x0088, 0x0088, 0x00C9, 0x11AB, 0x2A2B,
  0x2A2B, 0x2A4B, 0x220B, 0x00A8, 0x0047, 0x0929, 0x21E9, 0x21A8, 0x324C, 0x42EF, 0x328D, 0x4AEE,
  0x4B0E, 0x4AED, 0x530E, 0x530E, 0x4ACD, 0x4ACC, 0x52ED, 0x632E, 0x632E, 0x52ED, 0x52CD, 0x630E,
  0x630E, 0x630E, 0x5AED, 0x5AED, 0x5ACD, 0x4A6B, 0x422A, 0x3A09, 0x31C8, 0x29C8, 0x29A7, 0x29A7,
  0x29A7, 0x3A8F, 0x5B31, 0x52F0, 0x63B4, 0x8C74, 0x8C94, 0x8C74, 0x9474, 0x9474, 0x9494, 0x9494,
  0x9474, 0x8C53, 0x8413, 0x7BF3, 0x9475, 0x8414, 0x31EA, 0x3A2E, 0x8416, 0x4A8D, 0x1967, 0x21CB,
  0x3270, 0x5B32, 0x6391, 0x6B91, 0x73B1, 0x8432, 0x7BF4, 0x5B37, 0x52F9, 0x7C39, 0xB57D, 0xBD7F,
  0x7BB4, 0x7393, 0x7C1A, 0xAD3F, 0xCE1F, 0xCDFF, 0xAD5F, 0xDEBF, 0xB59E, 0x6B5E, 0x7BDF, 0x63FB,
  0xBE3E, 0xEEFF, 0xA61F, 0x4C38, 0x0000, 0x0000, 0x0000, 0x0000, 0x0000, 0x0000, 0x0000, 0x0000,
  0x0000, 0x0000, 0x0000, 0x0000, 0x0000, 0x0000, 0x0000, 0x0000, 0x3B74, 0x85DF, 0xD69C, 0xDEDD,
  0xADDB, 0x8CDD, 0x8C9B, 0xC63D, 0xD69E, 0xC5DD, 0xCE1D, 0x84DA, 0xCE1F, 0x8C5C, 0xBDFD, 0xCE5F,
  0xA4FF, 0xAD3F, 0xA55D, 0x3A95, 0x6BB7, 0xAD57, 0xBDD9, 0xC61A, 0xCE5A, 0xC619, 0xBDD9, 0xBDD9,
  0xBDD9, 0xB5B8, 0xAD77, 0xAD77, 0xAD56, 0xA536, 0x94F5, 0x5BD2, 0x2A4C, 0x0927, 0x1105, 0x31F3,
  0x21D0, 0x1147, 0x198A, 0x3215, 0x3211, 0x3214, 0x3213, 0x3215, 0x196B, 0x1969, 0x1968, 0x1968,
  0x1147, 0x1147, 0x1147, 0x1147, 0x1968, 0x19A9, 0x29EA, 0x29EA, 0x29EA, 0x29EA, 0x21EA, 0x21CA,
  0x21CA, 0x21CA, 0x19A9, 0x19A9, 0x19C9, 0x21EA, 0x2A2B, 0x2A2B, 0x326C, 0x3A8D, 0x3AAD, 0x3A8D,
  0x3A8D, 0x3A8D, 0x3AAE, 0x328E, 0x328E, 0x328E, 0x2A8E, 0x2A8E, 0x2A8E, 0x096B, 0x00A9, 0x00CA,
  0x00A9, 0x00A9, 0x00CA, 0x00CA, 0x00CA, 0x00CA, 0x00CA, 0x00CB, 0x00CB, 0x00CB, 0x00CB, 0x00CB,
  0x00AB, 0x00AB, 0x008B, 0x008B, 0x006B, 0x004B, 0x002A, 0x002A, 0x0029, 0x0000, 0x0000, 0x0000,
  0x0000, 0x0000, 0x0000, 0x0001, 0x0028, 0x0029, 0x002A, 0x004A, 0x006A, 0x006A, 0x008A, 0x008A,
  0x008A, 0x008A, 0x00AA, 0x0089, 0x0089, 0x0089, 0x0089, 0x0088, 0x00A9, 0x19EB, 0x2A2B, 0x2A0B,
  0x2A2A, 0x2A0A, 0x322A, 0x1169, 0x0929, 0x21EA, 0x21C9, 0x19A8, 0x3A6C, 0x42EF, 0x328D, 0x42ED,
  0x530E, 0x42CD, 0x4AED, 0x4AED, 0x3A8B, 0x3A6B, 0x4ACC, 0x5B0D, 0x5AED, 0x52ED, 0x5B0D, 0x5AED,
  0x4A6B, 0x4A8B, 0x4A8B, 0x424B, 0x3A2A, 0x31E8, 0x29A8, 0x29A7, 0x2987, 0x2987, 0x2187, 0x2167,
  0x2188, 0x324E, 0x7415, 0x8475, 0x8475, 0x8C74, 0x7C34, 0x8434, 0x9474, 0x9494, 0x9494, 0x94B4,
  0x9494, 0x9494, 0x9495, 0x9C95, 0x9CB5, 0x9CB5, 0x8434, 0x8C55, 0x9CB6, 0x6B91, 0x5311, 0x5B53,
  0x42AF, 0x4AAE, 0x5B50, 0x6370, 0x6371, 0x4AD6, 0x4299, 0x5B1A, 0x73B9, 0x8C5B, 0xBD7F, 0x9CBC,
  0x6375, 0x5337, 0x73DD, 0xB57F, 0xCE1F, 0xB53F, 0xA4DF, 0xCE1F, 0x949E, 0x73DD, 0x7C7A, 0x5BB6,
  0xB5FD, 0xDEBF, 0x85FF, 0x222D, 0x0000, 0x0020, 0x0000, 0x0000, 0x0000, 0x0000, 0x0000, 0x0000,
  0x0000, 0x0000, 0x0000, 0x0000, 0x0000, 0x0000, 0x0000, 0x0000, 0x1968, 0x6D7F, 0xCE9D, 0xE6FD,
  0x8D3A, 0xA57C, 0x6BF3, 0xD67D, 0xCE5F, 0xCE1E, 0xA57C, 0x7C5B, 0xBD7F, 0x94BD, 0xDEDE, 0xA5DD,
  0x8CBE, 0xA4FF, 0x9CBF, 0xA51C, 0xCE7B, 0xD69C, 0xCE5B, 0xC63B, 0xC63A, 0xBE3B, 0xC67B, 0xCEBC,
  0xC67C, 0xBE1A, 0xC65B, 0xC65B, 0xC65A, 0xAD97, 0xAD56, 0xB576, 0xA577, 0x3B31, 0x3A6E, 0x52F5,
  0x5318, 0x73B5, 0x6374, 0x5B19, 0x635D, 0x3A56, 0x1148, 0x1129, 0x1128, 0x0906, 0x1127, 0x0926,
  0x0927, 0x1127, 0x1147, 0x1168, 0x1988, 0x1988, 0x21A9, 0x21A8, 0x21A9, 0x19A9, 0x19A9, 0x19A9,
  0x21A9, 0x21A9, 0x19A9, 0x19A9, 0x21C9, 0x2A0A, 0x324C, 0x3A8D, 0x3A6C, 0x3A6D, 0x3A8D, 0x3A8D,
  0x3A8D, 0x3A8D, 0x328D, 0x328D, 0x328D, 0x2A8D, 0x2A6E, 0x2A6E, 0x226E, 0x224D, 0x11CC, 0x11EC,
  0x014B, 0x00CA, 0x00AA, 0x00CA, 0x00CA, 0x00CA, 0x00CA, 0x00CB, 0x00CB, 0x00CB, 0x00CB, 0x00CB,
  0x00CB, 0x00CB, 0x00AB, 0x008B, 0x006B, 0x006B, 0x004B, 0x004B, 0x002B, 0x0004, 0x0000, 0x0000,
  0x0000, 0x0000, 0x0000, 0x0005, 0x002A, 0x002A, 0x004A, 0x004A, 0x006A, 0x006A, 0x008A, 0x008A,
  0x008A, 0x00AA, 0x00AA, 0x00EA, 0x014A, 0x00E9, 0x00A9, 0x0068, 0x094A, 0x222B, 0x2A0B, 0x2A2B,
  0x2A2A, 0x322A, 0x322A, 0x2A0A, 0x21C9, 0x21C9, 0x21A8, 0x2A0A, 0x42CE, 0x3AAD, 0x3ACD, 0x4AED,
  0x530E, 0x3A8C, 0x3A8C, 0x3A8C, 0x324B, 0x3A6B, 0x4AAC, 0x4A8C, 0x52ED, 0x52ED, 0x52CD, 0x424B,
  0x29C8, 0x29A8, 0x29C8, 0x2987, 0x2187, 0x2187, 0x1946, 0x2166, 0x2187, 0x2187, 0x2166, 0x21A9,
  0x5B53, 0x6372, 0x6392, 0x4B31, 0x7435, 0x8C74, 0x8C54, 0x8433, 0x7C13, 0x8434, 0x9494, 0x9494,
  0x8C74, 0x8454, 0x9494, 0x9C95, 0x9CB5, 0x9CD5, 0xA4F6, 0xA516, 0xA4D5, 0x8C54, 0x9CB5, 0xA4F6,
  0x73B2, 0x4AAE, 0x530F, 0x5B34, 0x4278, 0x4278, 0x5B58, 0x949C, 0x73D6, 0x73BC, 0xACFE, 0x7BFA,
  0x73D6, 0x5339, 0x841E, 0xBD9F, 0xAD3E, 0x8C5E, 0x947F, 0x9D5E, 0xA55C, 0x8C97, 0xA55C, 0x6BB6,
  0x6418, 0xA5FF, 0x5CDD, 0x0862, 0x0000, 0x0000, 0x0000, 0x0000, 0x0000, 0x0000, 0x0000, 0x0000,
  0x0000, 0x0000, 0x0000, 0x0000, 0x0000, 0x0000, 0x0000, 0x0000, 0x0000, 0x4C19, 0xA65F, 0xE6FD,
  0x8D5B, 0xADBD, 0x7C18, 0xDEDE, 0xD6BE, 0xD65F, 0x7CBB, 0x5B7D, 0x9CDF, 0xAD7E, 0xEF7F, 0xADDD,
  0x94DE, 0xAD5E, 0x94DE, 0xCE9D, 0xD6DD, 0xCE9C, 0xCE9C, 0xCE9C, 0xCE9C, 0xBE5C, 0xBE7C, 0xBE7C,
  0xBE5C, 0xAE1B, 0xB63B, 0xBE5B, 0xC67C, 0xBE5B, 0xB5FA, 0xB5B9, 0xB598, 0x8D17, 0x19EC, 0x31CC,
  0x3A93, 0x7BD7, 0x947B, 0x739A, 0x3A2E, 0x21AB, 0x21D0, 0x00C4, 0x0907, 0x08E6, 0x0906, 0x0906,
  0x0926, 0x1127, 0x1167, 0x21A9, 0x2A0A, 0x1988, 0x1968, 0x1167, 0x1968, 0x1968, 0x1168, 0x1168,
  0x1989, 0x19A9, 0x21A9, 0x21EA, 0x21EA, 0x2A0A, 0x3A6C, 0x3A8D, 0x3A6D, 0x326C, 0x326C, 0x326D,
  0x328D, 0x328D, 0x326D, 0x328D, 0x326D, 0x2A6D, 0x2A6D, 0x224D, 0x224D, 0x226D, 0x224D, 0x224E,
  0x1A2C, 0x09AB, 0x014B, 0x09CC, 0x016B, 0x010A, 0x010B, 0x014B, 0x010B, 0x00CB, 0x00EB, 0x00CB,
  0x00CB, 0x00CB, 0x00AB, 0x00AB, 0x008B, 0x008B, 0x006B, 0x004B, 0x004B, 0x002A, 0x0005, 0x0001,
  0x0000, 0x0001, 0x0025, 0x002A, 0x004B, 0x004B, 0x004A, 0x006A, 0x008A, 0x008A, 0x008A, 0x00AA,
  0x00AA, 0x00AA, 0x00EA, 0x09AA, 0x11CA, 0x09AA, 0x098A, 0x11AA, 0x222B, 0x2A2B, 0x2A2B, 0x2A2B,
  0x322B, 0x322A, 0x322A, 0x320A, 0x29E9, 0x21A8, 0x21A8, 0x42AD, 0x4AEE, 0x328D, 0x42AD, 0x4ACD,
  0x42CD, 0x324B, 0x322B, 0x3A6B, 0x322A, 0x322A, 0x322A, 0x3A2A, 0x3A2A, 0x3A0A, 0x31E9, 0x2188,
  0x2167, 0x2167, 0x2167, 0x29CA, 0x52EF, 0x5B10, 0x4AAD, 0x31C9, 0x1946, 0x1946, 0x2146, 0x29EA,
  0x5310, 0x6BF5, 0x7C34, 0x7C13, 0x8454, 0x63B3, 0x63B3, 0x73F3, 0x7C34, 0x8433, 0x8C53, 0x8413,
  0x7BD2, 0x7C13, 0x8C53, 0x9474, 0x9494, 0x9494, 0x9CB5, 0x9CB5, 0x9474, 0x8C95, 0x9CB5, 0x9CB6,
  0x94B6, 0x6B90, 0x4292, 0x3A5A, 0x531A, 0x73D4, 0x6B7B, 0x73D7, 0x6357, 0x7BBE, 0x83FD, 0x7BF7,
  0x8C74, 0x4319, 0x4AFC, 0xA49F, 0x947C, 0x73FB, 0x741E, 0x749C, 0xADBC, 0x8454, 0x9D1C, 0x7BFD,
  0x3B35, 0x7DDF, 0x4353, 0x0000, 0x0000, 0x0000, 0x0000, 0x0000, 0x0000, 0x0000, 0x0000, 0x0000,
  0x0000, 0x0000, 0x0000, 0x0000, 0x0000, 0x0000, 0x0000, 0x0000, 0x0000, 0x2A2D, 0x7DDF, 0xC65D,
  0xBE3D, 0xBDFF, 0xA53F, 0xD67E, 0xC65E, 0xBE1D, 0x84FB, 0x8C5F, 0x9CDF, 0xD69F, 0xEF7F, 0x743C,
  0x6BFB, 0x7C79, 0x3AD8, 0xADDC, 0xD6FE, 0xCEDD, 0xCEDD, 0xD6DD, 0xD6FD, 0xCEDD, 0xCEBD, 0xC6BD,
  0xC6BD, 0xC6BD, 0xC6BD, 0xC69C, 0xBE7C, 0xBE5B, 0xB63B, 0xB63B, 0xB61B, 0xB61B, 0x53F5, 0x2A32,
  0x4AB3, 0x4A90, 0x7BD8, 0x6B7A, 0x29EF, 0x29CA, 0x2A0E, 0x21CB, 0x1147, 0x0907, 0x1127, 0x00E5,
  0x0906, 0x0926, 0x1168, 0x29EA, 0x324B, 0x3A4C, 0x19A9, 0x1147, 0x1147, 0x1147, 0x1147, 0x1147,
  0x1188, 0x1988, 0x19A9, 0x19A9, 0x19A9, 0x19A9, 0x29EA, 0x324B, 0x3A6C, 0x324C, 0x324C, 0x324C,
  0x324C, 0x326C, 0x326C, 0x326D, 0x326D, 0x2A6D, 0x2A6D, 0x2A4D, 0x224D, 0x224D, 0x224D, 0x224D,
  0x1A2D, 0x1A0C, 0x1A2C, 0x1A2C, 0x120C, 0x09AB, 0x01AB, 0x01CB, 0x01AB, 0x012B, 0x00CA, 0x00EB,
  0x00CB, 0x00CB, 0x00CB, 0x00CB, 0x00AB, 0x008B, 0x008B, 0x006B, 0x006B, 0x004B, 0x004B, 0x002A,
  0x0029, 0x002A, 0x004B, 0x004A, 0x006B, 0x006B, 0x006A, 0x008A, 0x008A, 0x008A, 0x00AA, 0x00AA,
  0x00AA, 0x00AA, 0x016A, 0x09AA, 0x09AA, 0x11A9, 0x19EB, 0x2A4C, 0x2A2B, 0x2A2B, 0x2A2B, 0x324B,
  0x322B, 0x322A, 0x320A, 0x2A09, 0x29E9, 0x21C8, 0x2A0A, 0x42CE, 0x3AAD, 0x2A6C, 0x326C, 0x3A6C,
  0x3A6C, 0x3A6C, 0x324B, 0x320A, 0x29C9, 0x21A8, 0x21C9, 0x21A7, 0x1966, 0x1946, 0x1967, 0x1946,
  0x1946, 0x1946, 0x428F, 0x5B31, 0x6370, 0x7391, 0x7BD2, 0x426B, 0x29A8, 0x3A0A, 0x1945, 0x328F,
  0x63B4, 0x7C35, 0x8C75, 0x8454, 0x6BD4, 0x73F4, 0x8C54, 0x8C74, 0x7CB6, 0xA536, 0x94F5, 0x94B4,
  0x8C74, 0x94B4, 0x9CD5, 0x94D5, 0x9CF5, 0x9CF5, 0xA516, 0xA516, 0xA536, 0xA577, 0x9CB5, 0x9496,
  0xAD16, 0x6B76, 0x199A, 0x42B9, 0x7C14, 0x6358, 0x5B39, 0x6BB2, 0x4AB9, 0x52DD, 0x5B3B, 0x8C54,
  0x5356, 0x32D8, 0x4AFA, 0x7BBE, 0x8C98, 0x7C78, 0x6BFB, 0x6C59, 0x8D1D, 0x8477, 0x849B, 0xAD5F,
  0x5C19, 0x655F, 0x1926, 0x0000, 0x0000, 0x0000, 0x0000, 0x0000, 0x0000, 0x0000, 0x0000, 0x0000,
  0x0000, 0x0000, 0x0000, 0x0000, 0x0000, 0x0000, 0x0000, 0x0000, 0x0000, 0x0862, 0x5CFD, 0x9DDE,
  0xAD9C, 0xCE1F, 0xBDBE, 0xBD7F, 0xBD9F, 0x9D5D, 0x9DBD, 0x8C9F, 0x843F, 0xDEDF, 0xB61E, 0x63D8,
  0x5350, 0x7416, 0xA53D, 0x8CBD, 0xC69D, 0xDF5E, 0xE75E, 0xE73E, 0xE73E, 0xE73E, 0xE73E, 0xDF3E,
  0xE73E, 0xE73E, 0xDF1E, 0xD6DD, 0xCEBC, 0xC69C, 0xB63B, 0xA5BA, 0x9D9A, 0xA61B, 0x7CD9, 0x531A,
  0x6B9C, 0x5335, 0x6395, 0x6B99, 0x3252, 0x322E, 0x2A0B, 0x322C, 0x428B, 0x322C, 0x2A0F, 0x21AE,
  0x19AD, 0x118A, 0x1989, 0x2A0A, 0x324B, 0x3A6C, 0x29EA, 0x1147, 0x0927, 0x1989, 0x1168, 0x0948,
  0x0948, 0x0927, 0x1147, 0x0947, 0x0927, 0x0927, 0x1168, 0x21CA, 0x322B, 0x324C, 0x2A2B, 0x220B,
  0x21EA, 0x220B, 0x2A2B, 0x2A2C, 0x2A4C, 0x2A4C, 0x2A4C, 0x2A4D, 0x2A4D, 0x224D, 0x224D, 0x224D,
  0x224D, 0x1A0C, 0x1A0C, 0x1A0C, 0x1A0C, 0x11EB, 0x09AB, 0x01AB, 0x01CB, 0x018B, 0x00EA, 0x00CA,
  0x00EA, 0x00EB, 0x00EB, 0x00CB, 0x00AB, 0x00AB, 0x008B, 0x008B, 0x006B, 0x006B, 0x006B, 0x004B,
  0x004B, 0x004B, 0x006B, 0x006B, 0x006B, 0x008B, 0x008B, 0x008A, 0x00CB, 0x010B, 0x00CA, 0x00CA,
  0x00CA, 0x012A, 0x09AA, 0x098A, 0x09A9, 0x11A9, 0x220B, 0x2A2B, 0x2A2B, 0x2A0A, 0x2A2B, 0x322B,
  0x322A, 0x320A, 0x3209, 0x29E9, 0x29C8, 0x29C8, 0x324C, 0x3A8D, 0x326C, 0x222B, 0x2A4B, 0x324B,
  0x324B, 0x324B, 0x29E9, 0x21C9, 0x1989, 0x2189, 0x1946, 0x21AA, 0x21AB, 0x1969, 0x1126, 0x1127,
  0x1925, 0x21AA, 0x42B0, 0x530F, 0x632F, 0x5B0E, 0x5B0E, 0x632F, 0x6B70, 0x7BB1, 0x324E, 0x2A72,
  0x6BD4, 0x63B4, 0x6BD5, 0x7BF3, 0x7C13, 0x7C32, 0x8C73, 0x8C94, 0x7496, 0xB596, 0xB5D8, 0xB5B7,
  0xB5B7, 0xB5D7, 0xB5F8, 0xB5F8, 0xB5F8, 0xBE19, 0xBE18, 0xBDF8, 0xBDF8, 0xBE18, 0x94B5, 0x8C33,
  0x73B5, 0x21DC, 0x4296, 0x7BD1, 0x73B4, 0x42BA, 0x6B93, 0x6B92, 0x29F9, 0x5B1C, 0x73D7, 0x63B5,
  0x5398, 0x8477, 0x5B1B, 0x6B9C, 0x8457, 0x94D6, 0x7456, 0x84F8, 0x7C9D, 0xAD3F, 0xC5DF, 0xBD9F,
  0x95FF, 0x43D7, 0x0000, 0x0000, 0x0000, 0x0000, 0x0000, 0x0000, 0x0000, 0x0000, 0x0000, 0x0000,
  0x0000, 0x0000, 0x0000, 0x0000, 0x0000, 0x0000, 0x0000, 0x0000, 0x0000, 0x0000, 0x3B11, 0x7DDF,
  0xB59E, 0xBD7F, 0xBDBF, 0xBDBF, 0xC5BF, 0x9D3E, 0xA55F, 0x63DA, 0x8CBD, 0xBE1F, 0x951E, 0x741B,
  0x6396, 0x63D6, 0xC61F, 0x635A, 0x6B9E, 0xA57C, 0xCEBD, 0xDF1E, 0xEF7F, 0xEF9F, 0xEF9F, 0xEF9F,
  0xEF9F, 0xF79F, 0xEF9F, 0xE75E, 0xE73E, 0xDF3E, 0xCEDD, 0x8D5A, 0x6C97, 0x6C76, 0x4B17, 0x4290,
  0x4290, 0x4AD4, 0x6394, 0x5312, 0x3A6D, 0x4290, 0x4AD2, 0x42AF, 0x5B16, 0x52FA, 0x52F9, 0x42D3,
  0x42D0, 0x2A2D, 0x1169, 0x1968, 0x21C9, 0x21CA, 0x2A0A, 0x428E, 0x3A6E, 0x6393, 0x6393, 0x5B53,
  0x3A90, 0x1989, 0x0907, 0x0107, 0x0906, 0x0906, 0x0927, 0x1989, 0x2A0B, 0x324C, 0x2A2B, 0x19CA,
  0x19A9, 0x19A9, 0x19CA, 0x21EA, 0x21EA, 0x21EB, 0x19EB, 0x220B, 0x220B, 0x220C, 0x222C, 0x1A0C,
  0x1A2C, 0x1A2C, 0x1A0C, 0x11EB, 0x120C, 0x120C, 0x09CB, 0x09CB, 0x01AB, 0x01AB, 0x016B, 0x016B,
  0x018C, 0x01AC, 0x01AC, 0x010B, 0x00CB, 0x00CB, 0x00AB, 0x008B, 0x008B, 0x008B, 0x008B, 0x006B,
  0x006B, 0x006B, 0x006B, 0x008B, 0x008B, 0x00AB, 0x00AA, 0x00CB, 0x016B, 0x018B, 0x016B, 0x018B,
  0x01AB, 0x09AA, 0x09AA, 0x09AA, 0x0989, 0x11AA, 0x222B, 0x220B, 0x220A, 0x21EA, 0x2A0A, 0x322B,
  0x320A, 0x29E9, 0x29E9, 0x29C9, 0x21A8, 0x2A0A, 0x326C, 0x326C, 0x2A2B, 0x21EA, 0x2A0A, 0x2A0A,
  0x29EA, 0x29EA, 0x21EB, 0x2A0E, 0x3271, 0x198A, 0x21ED, 0x5B56, 0x6BD6, 0x428F, 0x3A6E, 0x5B54,
  0x29EB, 0x3A4D, 0x5B30, 0x6330, 0x632F, 0x6B4F, 0x7390, 0x73B0, 0x6371, 0x5B74, 0x6BD6, 0x4B55,
  0x5334, 0x5354, 0x73F4, 0x7C12, 0x7C32, 0x7C33, 0x8C53, 0x8CB5, 0x64B7, 0x8CB4, 0xB595, 0xAD55,
  0xAD55, 0xAD55, 0xAD75, 0xAD75, 0xAD75, 0xAD96, 0xAD75, 0xAD76, 0xAD75, 0xB5B6, 0xAD56, 0x73B2,
  0x29F8, 0x4AD6, 0x73D0, 0x73B0, 0x3A36, 0x5B15, 0x7BF3, 0x73B3, 0x4298, 0x6B9A, 0x7C16, 0x6BF7,
  0x94D6, 0x94B6, 0x42BA, 0x8479, 0x94D7, 0x7C58, 0x7C77, 0x7459, 0x743E, 0x94BF, 0xC5FF, 0xB5BF,
  0x75DF, 0x21AA, 0x0000, 0x0000, 0x0000, 0x0000, 0x0000, 0x0000, 0x0000, 0x0000, 0x0000, 0x0000,
  0x0000, 0x0000, 0x0000, 0x0000, 0x0000, 0x0000, 0x0000, 0x0000, 0x0000, 0x0000, 0x10C4, 0x653E,
  0x84DF, 0x9C5F, 0xC63E, 0xDEBE, 0x951B, 0x5BB6, 0x9CFB, 0x016C, 0x6C15, 0xCE5D, 0xBDBF, 0x9CBF,
  0x94BE, 0x7C3D, 0x8CBE, 0x5335, 0x73DB, 0x8479, 0x8D18, 0xA59B, 0xD6FE, 0xE73E, 0xE73E, 0xE73E,
  0xDF1D, 0xE73E, 0xE73E, 0xDF1E, 0xDF1E, 0xDF1D, 0xA5DA, 0x5BF5, 0x3AD0, 0x3A6F, 0x427A, 0x320E,
  0x3A4F, 0x4AD6, 0x4A90, 0x426E, 0x4AB0, 0x4AB2, 0x6B79, 0x9499, 0x8C3C, 0x7BDD, 0x52F8, 0x4AB7,
  0x42D4, 0x42CF, 0x21CA, 0x0927, 0x1147, 0x0927, 0x21A9, 0x6BB3, 0x7C14, 0x8434, 0x8455, 0x7C35,
  0x5354, 0x220E, 0x0128, 0x00E6, 0x00E6, 0x00E6, 0x0106, 0x0927, 0x1188, 0x21CA, 0x21CA, 0x19A9,
  0x1189, 0x1189, 0x1189, 0x1189, 0x1189, 0x1189, 0x1189, 0x1189, 0x11A9, 0x11AA, 0x11CA, 0x11CA,
  0x11CB, 0x11CB, 0x11CB, 0x11CB, 0x11EB, 0x11EB, 0x11CB, 0x09CB, 0x09CB, 0x01CB, 0x01CC, 0x01EC,
  0x01EC, 0x01CC, 0x01CC, 0x01CD, 0x010B, 0x00CB, 0x012C, 0x00EC, 0x00AB, 0x00AB, 0x008B, 0x008B,
  0x008B, 0x008B, 0x008B, 0x008B, 0x00CB, 0x00AA, 0x00AA, 0x014B, 0x018B, 0x018B, 0x018B, 0x01AA,
  0x09CA, 0x11CA, 0x11AA, 0x11C9, 0x11A9, 0x19EB, 0x2A0B, 0x220A, 0x2A0A, 0x2A0A, 0x2A2A, 0x322B,
  0x320A, 0x29C9, 0x21C8, 0x21A8, 0x21A8, 0x2A2B, 0x322B, 0x2A0A, 0x19C9, 0x19A8, 0x1988, 0x1988,
  0x1987, 0x19A9, 0x220E, 0x4B14, 0x7416, 0x63B5, 0x63D7, 0x8477, 0x9CF7, 0x94D7, 0x9497, 0x8436,
  0x4AF2, 0x4AF2, 0x4AD1, 0x5B2F, 0x632F, 0x6B6F, 0x7390, 0x6B91, 0x3AB3, 0x6BD5, 0x94B4, 0x73F5,
  0x7C35, 0x8C74, 0x8C74, 0x7413, 0x7412, 0x7C13, 0x8432, 0x9516, 0x857A, 0x6454, 0xAD55, 0xA534,
  0xA514, 0xA514, 0xA534, 0xA534, 0xA534, 0xA534, 0xAD54, 0xAD54, 0xAD55, 0xAD55, 0xB596, 0x6397,
  0x5334, 0x6B90, 0x6B70, 0x5B12, 0x3A96, 0x73F3, 0x6BB3, 0x6373, 0x3A78, 0x6398, 0x7C55, 0x7C36,
  0x7C16, 0x73F6, 0x5319, 0x8C79, 0x73FA, 0x7419, 0x63BB, 0x94DE, 0xB5BF, 0xAD5F, 0xC5FF, 0x95FF,
  0x4C5A, 0x0020, 0x0000, 0x0000, 0x0000, 0x0000, 0x0000, 0x0000, 0x0000, 0x0000, 0x0000, 0x0000,
  0x0000, 0x0000, 0x0000, 0x0000, 0x0000, 0x0000, 0x0000, 0x0000, 0x0000, 0x0000, 0x0000, 0x3B53,
  0x753F, 0x9C7F, 0xCE5E, 0xE6FF, 0x9D5A, 0x01CE, 0x1A51, 0x09AF, 0x09AE, 0x5394, 0x9CFF, 0xA51F,
  0x73BB, 0x6BB8, 0xA55B, 0xB5DA, 0xD69B, 0xCEBC, 0xA61B, 0xBE3B, 0xD69C, 0xC63B, 0xBDF9, 0xBDB9,
  0xBDD9, 0xBDD9, 0xBDD9, 0xB5B8, 0xAD36, 0xA516, 0xAD56, 0x84D6, 0x5BF5, 0x4353, 0x32D4, 0x3AB6,
  0x42D3, 0x7BFB, 0x73D8, 0x42D6, 0x3A74, 0x52CD, 0x6353, 0xA4DE, 0x947B, 0x843A, 0x633B, 0x4275,
  0x4273, 0x2A10, 0x116A, 0x0106, 0x21AA, 0x52F0, 0x3A4D, 0x52EF, 0x7BF4, 0x73D3, 0x6B92, 0x6392,
  0x6393, 0x5333, 0x5B74, 0x220D, 0x00C6, 0x00C6, 0x00C6, 0x00E6, 0x00E6, 0x0907, 0x0927, 0x0927,
  0x0927, 0x0947, 0x0948, 0x0948, 0x0948, 0x0948, 0x0948, 0x0948, 0x0948, 0x0969, 0x0989, 0x19CA,
  0x220B, 0x220B, 0x11AA, 0x098A, 0x09AA, 0x09AA, 0x09AA, 0x09AA, 0x09CB, 0x09CB, 0x09CB, 0x09CC,
  0x09CC, 0x01CC, 0x01CC, 0x01CC, 0x01AC, 0x018C, 0x018C, 0x016C, 0x012C, 0x010C, 0x00AB, 0x00AB,
  0x00AB, 0x00AB, 0x00CB, 0x012C, 0x014B, 0x012B, 0x014B, 0x018B, 0x018B, 0x01AA, 0x09AA, 0x09AA,
  0x11AA, 0x11A9, 0x11C9, 0x19A9, 0x21EA, 0x222B, 0x220A, 0x220A, 0x2A2A, 0x2A0A, 0x2A2A, 0x2A0A,
  0x29E9, 0x21A8, 0x2188, 0x1967, 0x1988, 0x21EA, 0x21C9, 0x21C9, 0x21EB, 0x2A0C, 0x21A9, 0x1146,
  0x118B, 0x198A, 0x1169, 0x42F2, 0x8476, 0x8C98, 0x94D8, 0x9CF7, 0xA517, 0x9CF6, 0x9CD6, 0x9CF6,
  0x9CD7, 0x6BB5, 0x6B93, 0x6B50, 0x52F0, 0x52F1, 0x7BD1, 0x5B73, 0x3AB4, 0x6BD4, 0x8C74, 0x8454,
  0x9494, 0x9494, 0x9494, 0x7413, 0x8433, 0x8413, 0x7C13, 0x9557, 0x9557, 0x9536, 0xB596, 0xA514,
  0x9CF3, 0x9CF3, 0x9CF3, 0x9CF3, 0x9CD4, 0x9CB4, 0x9CB5, 0xA4F5, 0xA514, 0xA534, 0x8CB5, 0x8498,
  0xB5B6, 0x94B5, 0x7C12, 0x42B4, 0x5B53, 0x6B92, 0x6375, 0x6BB7, 0x4AF8, 0x7C16, 0x8458, 0x8459,
  0x9499, 0x845A, 0x7C1A, 0x9D39, 0x9D18, 0x7C58, 0x73FA, 0x8C5C, 0xBDFF, 0xC5FF, 0xAD9F, 0x7DDF,
  0x220C, 0x0000, 0x0000, 0x0000, 0x0000, 0x0000, 0x0000, 0x0000, 0x0000, 0x0000, 0x0000, 0x0000,
  0x0000, 0x0000, 0x0000, 0x0000, 0x0000, 0x0000, 0x0000, 0x0000, 0x0000, 0x0000, 0x0000, 0x10E5,
  0x5D3E, 0xADBF, 0xE6BE, 0xB61C, 0x7CB8, 0x32F2, 0x1AB6, 0x237D, 0x1276, 0x1A30, 0x2A33, 0xA53F,
  0xB5DB, 0xBE1A, 0xCE7B, 0xD6BB, 0xBE5B, 0xADD9, 0x9DB9, 0x7CF7, 0x9D78, 0xC61A, 0xBDD9, 0xB5D9,
  0xBDD9, 0xB5B8, 0xB598, 0xB5B8, 0xAD97, 0xA516, 0xA515, 0x9CF5, 0xA515, 0x94F5, 0x7C94, 0x6C54,
  0x4B73, 0x5BB5, 0x42F1, 0x3A93, 0x3256, 0x4AD0, 0x52F1, 0x83DA, 0x6B7D, 0x5311, 0x4AF3, 0x3254,
  0x29F3, 0x1128, 0x0908, 0x0907, 0x29EB, 0x73D3, 0x8434, 0x7BF3, 0x5B30, 0x3A6D, 0x6371, 0x5330,
  0x5331, 0x7C36, 0x73F6, 0x42F2, 0x00C6, 0x00E6, 0x0928, 0x00C6, 0x00C6, 0x00E6, 0x00E6, 0x00E6,
  0x00E6, 0x0107, 0x0107, 0x0107, 0x0127, 0x0927, 0x1989, 0x1189, 0x0948, 0x0128, 0x11AA, 0x2A4C,
  0x2A4C, 0x2A4C, 0x222C, 0x1A0C, 0x11CB, 0x0989, 0x0169, 0x018A, 0x018A, 0x09AB, 0x01AB, 0x01AB,
  0x01AB, 0x01AB, 0x01AB, 0x01AC, 0x01AC, 0x01AC, 0x018C, 0x016C, 0x018C, 0x018C, 0x010B, 0x010B,
  0x012B, 0x012B, 0x014C, 0x016B, 0x014B, 0x018C, 0x09EC, 0x09EC, 0x09EC, 0x11EB, 0x11AA, 0x11CA,
  0x11A9, 0x11A9, 0x11A9, 0x19CA, 0x21EA, 0x21EA, 0x21CA, 0x21EA, 0x21EA, 0x21E9, 0x21C9, 0x21C9,
  0x21A8, 0x1967, 0x1947, 0x1146, 0x1968, 0x1988, 0x19A9, 0x324E, 0x5332, 0x4AEF, 0x4ACF, 0x3AB0,
  0x4B34, 0x5354, 0x3A91, 0x3271, 0x2A2E, 0x4B32, 0x6BF3, 0x7413, 0x94F6, 0x94F6, 0x8CB5, 0x9CF7,
  0x9CF7, 0x9496, 0x9CF7, 0x8456, 0x6BD6, 0x6373, 0x73B1, 0x5B73, 0x4B35, 0x6BD4, 0x8C54, 0x8434,
  0x8C54, 0x8C74, 0x8433, 0x8432, 0x8C53, 0x8452, 0x5C14, 0x9557, 0xA555, 0xA514, 0x9CF3, 0x9CD3,
  0x9CD2, 0x94B2, 0x9CD2, 0x8C72, 0x8413, 0x8C54, 0x9C98, 0x9CF7, 0x9CD3, 0x94B2, 0x8C94, 0xA514,
  0xAD55, 0xB596, 0xAD76, 0x6C17, 0x9D37, 0x63B6, 0x6378, 0x7C3A, 0x6BF9, 0x94DA, 0xA51B, 0xAD5B,
  0xB5BB, 0xB5BB, 0xBDDB, 0xBDDB, 0xB5DB, 0x94DB, 0x847A, 0x5B3C, 0x8CFE, 0xA51F, 0x7D1F, 0x64DB,
  0x0021, 0x0000, 0x0000, 0x0000, 0x0000, 0x0000, 0x0000, 0x0000, 0x0000, 0x0000, 0x0000, 0x0000,
  0x0000, 0x0000, 0x0000, 0x0000, 0x0000, 0x0000, 0x0000, 0x0000, 0x0000, 0x0000, 0x0000, 0x0000,
  0x3B74, 0x8DFF, 0xDEBE, 0x9D7A, 0x4374, 0x4354, 0x3B97, 0x4C7C, 0x2B37, 0x2A91, 0x63D5, 0xC65C,
  0xD6DC, 0xD6BD, 0xD6DD, 0xD6FE, 0xCF1E, 0xC6FE, 0xC6FE, 0xB6BD, 0x7D5A, 0x8D79, 0xBE3B, 0xBE5B,
  0xC69C, 0xC67B, 0xC67B, 0xC67B, 0xBE3A, 0xC67B, 0xC67B, 0xBE3A, 0xAD77, 0xA515, 0x9CF5, 0x9D15,
  0x84B4, 0x5BF3, 0x224F, 0x4AB4, 0x73D8, 0x6376, 0x52EF, 0x6355, 0x3A7E, 0x4293, 0x3A92, 0x326E,
  0x3250, 0x2A11, 0x29EE, 0x4A8F, 0x426F, 0x3A90, 0x5311, 0x3A8D, 0x42AE, 0x4ACF, 0x7C34, 0x6372,
  0x3A8F, 0x3A8F, 0x5313, 0x2A2E, 0x19AB, 0x21EB, 0x3A8F, 0x1169, 0x00C5, 0x00C5, 0x00E6, 0x00E6,
  0x0928, 0x42B0, 0x3A8F, 0x118A, 0x0927, 0x19A9, 0x21EA, 0x21EA, 0x1189, 0x1189, 0x220B, 0x2A2C,
  0x2A2C, 0x2A2C, 0x2A4C, 0x2A6D, 0x2A4C, 0x11CA, 0x098A, 0x09CB, 0x11EB, 0x1A0C, 0x11EC, 0x016A,
  0x018A, 0x01AB, 0x018B, 0x018B, 0x018B, 0x018B, 0x018B, 0x01AC, 0x01AC, 0x018C, 0x016B, 0x018C,
  0x018C, 0x016B, 0x016B, 0x016B, 0x016B, 0x01AB, 0x09EC, 0x11EC, 0x1A2C, 0x222C, 0x1A0B, 0x11CA,
  0x11CA, 0x19C9, 0x11A9, 0x19C9, 0x19C9, 0x19A9, 0x1189, 0x19A9, 0x1988, 0x1988, 0x1988, 0x1147,
  0x1126, 0x1147, 0x1126, 0x0926, 0x1147, 0x1168, 0x2A2E, 0x4AF1, 0x52EF, 0x5B0F, 0x42D1, 0x4B57,
  0x8477, 0x94F8, 0x8477, 0x7437, 0x4B11, 0x2A0B, 0x4B0F, 0x5B71, 0x6C14, 0x63D2, 0x63D4, 0x8C97,
  0x9CF7, 0xA537, 0xA537, 0xA538, 0xA517, 0x8414, 0x6B91, 0x5333, 0x4B54, 0x7C14, 0x8C74, 0x8C53,
  0x7C54, 0x94F5, 0x8C93, 0x8C93, 0x7C53, 0x32F2, 0x3395, 0x95BA, 0xA5B9, 0x9D77, 0xA576, 0x9D56,
  0x9D35, 0x9D55, 0xA556, 0x9D56, 0x9516, 0x9D19, 0xB5DA, 0xB5F9, 0xADB7, 0xA577, 0x9D58, 0xB5D7,
  0xB5B7, 0xBDF8, 0xB619, 0x9D7B, 0xA53A, 0x5B59, 0x845A, 0x9CFA, 0x849A, 0x8CBB, 0x849A, 0xAD5A,
  0xBDDA, 0xB59A, 0x94BB, 0x94BB, 0xA55B, 0x8CBD, 0xA55D, 0x73F9, 0x433A, 0x533C, 0x6D9F, 0x324D,
  0x0000, 0x0020, 0x0000, 0x0000, 0x0000, 0x0000, 0x0000, 0x0000, 0x0000, 0x0000, 0x0000, 0x0000,
  0x0000, 0x0000, 0x0000, 0x0000, 0x0000, 0x0000, 0x0000, 0x0000, 0x0000, 0x0000, 0x0000, 0x0000,
  0x1106, 0x657F, 0xBE7E, 0xD6BF, 0xA5DE, 0x3354, 0x3334, 0x6CB9, 0x2B13, 0x2291, 0x8CF9, 0xDEFE,
  0xDF1E, 0xD6FE, 0xDF1E, 0xCF1E, 0xD73F, 0xCF3F, 0xCF3F, 0xBEDF, 0x859B, 0xBEBD, 0xC6BD, 0xCEDD,
  0xC6DD, 0xC6BD, 0xC6DD, 0xBE9D, 0xBE9C, 0xC69C, 0xCEBD, 0xCEBC, 0xC69C, 0xB5F9, 0xAD97, 0xAD77,
  0xAD76, 0x94F6, 0x4B52, 0x08C8, 0x635A, 0x5B5B, 0x5B39, 0x7BF8, 0x3A7D, 0x4AD5, 0x3A74, 0x2A35,
  0x4ACE, 0x530F, 0x5332, 0x6B73, 0x6B54, 0x5B33, 0x6373, 0x5B32, 0x6B74, 0x6B93, 0x7C13, 0x6393,
  0x6BB4, 0x6BB3, 0x5331, 0x5B53, 0x3270, 0x21EB, 0x326D, 0x2A2C, 0x21EC, 0x19AB, 0x00C6, 0x094A,
  0x4AF1, 0x6BB5, 0x6375, 0x3AD1, 0x19CA, 0x1988, 0x19AA, 0x19AA, 0x21CA, 0x21CA, 0x21CA, 0x21EA,
  0x220B, 0x2A0B, 0x2A2C, 0x222C, 0x222C, 0x19EB, 0x11CB, 0x222C, 0x222C, 0x1A0C, 0x1A0C, 0x11CB,
  0x11CB, 0x11EC, 0x01CB, 0x09ED, 0x09ED, 0x018B, 0x018B, 0x018B, 0x018B, 0x018B, 0x018B, 0x018B,
  0x018B, 0x016B, 0x018B, 0x018B, 0x01AB, 0x09CB, 0x09CB, 0x11EB, 0x1A0C, 0x222C, 0x222C, 0x220B,
  0x21EA, 0x19EA, 0x19CA, 0x19A9, 0x1188, 0x1168, 0x1168, 0x1168, 0x1167, 0x1168, 0x1988, 0x21CA,
  0x29EB, 0x1989, 0x08E6, 0x00E5, 0x0948, 0x2A2E, 0x324D, 0x322C, 0x428D, 0x3AB1, 0x4B35, 0x6C17,
  0x7C77, 0x8497, 0x8495, 0x7C33, 0x5B72, 0x42F1, 0x63D6, 0x7C76, 0x7415, 0x63B5, 0x7C56, 0x94B5,
  0x8CB5, 0x8CB5, 0x94D6, 0x9CF6, 0xA537, 0xA517, 0x94B6, 0x6393, 0x6393, 0x8433, 0x7C13, 0x73F3,
  0x8432, 0x6C34, 0x3BB5, 0x3354, 0x3BB6, 0x5458, 0x9E1B, 0x9DFA, 0xA5FA, 0xA5FA, 0xA5FA, 0xAE1A,
  0xAE1A, 0xAE1A, 0xAE3A, 0xAE3A, 0x9D9A, 0xA55B, 0xB5FA, 0xB61A, 0xB65A, 0xB63A, 0xB63A, 0xBE5A,
  0xBE7B, 0xB61B, 0xA55A, 0x8C99, 0x73F9, 0x9499, 0xA519, 0xAD5A, 0xB5BA, 0xAD7B, 0xB59A, 0xB59A,
  0xB5BA, 0xC5FA, 0xB59A, 0x845A, 0x745A, 0xAD9C, 0xCE9C, 0xADFB, 0x3ABC, 0x543E, 0x64FB, 0x0021,
  0x0000, 0x0000, 0x0000, 0x0000, 0x0000, 0x0000, 0x0000, 0x0000, 0x0000, 0x0000, 0x0000, 0x0000,
  0x0000, 0x0000, 0x0000, 0x0000, 0x0000, 0x0000, 0x0000, 0x0000, 0x0000, 0x0000, 0x0000, 0x0000,
  0x0000, 0x3B53, 0x8E1F, 0xBE3E, 0x955E, 0x7CBB, 0x8D1C, 0xBE1F, 0x6C39, 0x6BF7, 0x84BA, 0xCEDF,
  0xD71F, 0xCEFF, 0xCEDE, 0xC6BD, 0xC6DD, 0xCEFE, 0xC6BD, 0xA61B, 0x7D39, 0xA61B, 0xAE3C, 0xCEFE,
  0xC6DE, 0xC6DE, 0xBEDE, 0xB69D, 0xBEBD, 0xC6BD, 0xCEDD, 0xC6BD, 0xC69C, 0xBE7C, 0xBE5C, 0xBE5B,
  0xB61A, 0xADD9, 0x8D58, 0x1A2F, 0x3A72, 0x5332, 0x5B55, 0x841A, 0x4ADC, 0x5314, 0x5331, 0x5314,
  0x3A74, 0x5311, 0x6B91, 0x6BB2, 0x73B3, 0x73D3, 0x7C13, 0x8414, 0x73B4, 0x73D4, 0x8435, 0x8435,
  0x73D5, 0x6B95, 0x3271, 0x2A0D, 0x19CB, 0x1189, 0x1988, 0x2A0B, 0x5B53, 0x6394, 0x322E, 0x2A2E,
  0x5B73, 0x4AF0, 0x220C, 0x21EC, 0x2A2D, 0x21EC, 0x19A9, 0x19A9, 0x21CA, 0x29EB, 0x29EB, 0x21CA,
  0x19A9, 0x11A9, 0x1189, 0x11A9, 0x11CA, 0x19CA, 0x19CA, 0x19CB, 0x19EB, 0x19EB, 0x11EB, 0x1A0C,
  0x1A0C, 0x1A2D, 0x226E, 0x1A6E, 0x1A4E, 0x120D, 0x018B, 0x018B, 0x016A, 0x014A, 0x016A, 0x016A,
  0x016B, 0x01AB, 0x09EC, 0x09CB, 0x11EB, 0x11EB, 0x11EB, 0x1A0B, 0x1A0B, 0x220B, 0x220B, 0x222B,
  0x220B, 0x21EA, 0x21EA, 0x21EA, 0x19A9, 0x1168, 0x1148, 0x1147, 0x1168, 0x3A8F, 0x5332, 0x5B52,
  0x6BB2, 0x6372, 0x2A0B, 0x00E6, 0x11AA, 0x1148, 0x1989, 0x2A0B, 0x320A, 0x324E, 0x5355, 0x6BD4,
  0x6C14, 0x7434, 0x42F0, 0x4B12, 0x7436, 0x8CB8, 0x7C57, 0x94D7, 0x8497, 0x73F7, 0x6BD6, 0x7416,
  0x7435, 0x8475, 0x7C35, 0x8454, 0x9CD5, 0x94B5, 0x9CB5, 0x6BB2, 0x73D2, 0x7BF2, 0x73D2, 0x6BB2,
  0x7BF2, 0x73D1, 0x5B92, 0x5B93, 0x8CF7, 0x859A, 0x5478, 0x2BB7, 0x7D38, 0xA5B8, 0x9D77, 0x9D98,
  0x9D97, 0x9D98, 0xA5D8, 0x9579, 0x8C9A, 0x9D1B, 0xA59A, 0xA59A, 0xA5D9, 0xB63A, 0xADF9, 0xA5B9,
  0xAE1A, 0x8CB9, 0x8C99, 0xAD59, 0x94BA, 0xA53A, 0xB599, 0xB59A, 0xBDBA, 0xBDDA, 0x9CDA, 0x741A,
  0xB5DA, 0x7438, 0x741A, 0x7C3C, 0xADBC, 0xADBC, 0xC65C, 0xBDFE, 0x6C3E, 0x657F, 0x2A0B, 0x0000,
  0x0000, 0x0000, 0x0000, 0x0000, 0x0000, 0x0000, 0x0000, 0x0000, 0x0000, 0x0000, 0x0000, 0x0000,
  0x0000, 0x0000, 0x0000, 0x0000, 0x0000, 0x0000, 0x0000, 0x0000, 0x0000, 0x0000, 0x0000, 0x0000,
  0x0000, 0x10C4, 0x655E, 0x753E, 0x9D1F, 0xBDBF, 0xC5FF, 0xB65E, 0x847F, 0xC5DF, 0xC61F, 0xA57E,
  0xBEBF, 0xCEDE, 0xCEFE, 0xD71E, 0xD71E, 0xBE5A, 0xC69C, 0xBE9C, 0xBE9C, 0xB67C, 0xAE5C, 0xCF1E,
  0xDF7F, 0xD73F, 0xCF1E, 0xCEFE, 0xCEFE, 0xCEDD, 0xCEDD, 0xCEDD, 0xC6BD, 0xBE7C, 0xBE5C, 0xB63B,
  0xADFA, 0xB63B, 0xB65B, 0x6498, 0x3296, 0x5313, 0x5310, 0x5B72, 0x6BDA, 0x5352, 0x5B50, 0x5350,
  0x4AF2, 0x3253, 0x5B51, 0x73D2, 0x73D2, 0x7BF3, 0x73D3, 0x6B93, 0x6353, 0x6373, 0x7BF4, 0x73D5,
  0x6B75, 0x6B96, 0x5315, 0x4AD5, 0x4B15, 0x2A0F, 0x21ED, 0x3A6E, 0x6372, 0x6BB3, 0x6BB3, 0x6BB3,
  0x4AF1, 0x3A8F, 0x3A6E, 0x42D1, 0x5334, 0x42D3, 0x1189, 0x19AA, 0x19AA, 0x21EB, 0x21EA, 0x2A0B,
  0x19AA, 0x0928, 0x0127, 0x0127, 0x0969, 0x19CA, 0x19AA, 0x11AA, 0x11AA, 0x11AA, 0x11CB, 0x224D,
  0x226E, 0x224D, 0x224D, 0x1A2D, 0x1A2D, 0x1A2D, 0x120D, 0x09EC, 0x018A, 0x0129, 0x0129, 0x014A,
  0x01AB, 0x09EC, 0x11EC, 0x11EB, 0x11EB, 0x19EB, 0x19EB, 0x1A0B, 0x1A0B, 0x1A0B, 0x21EB, 0x220B,
  0x220B, 0x21EA, 0x21EA, 0x21EA, 0x19C9, 0x1988, 0x1147, 0x1168, 0x19CB, 0x42F2, 0x5331, 0x6371,
  0x6BB1, 0x5B50, 0x21CB, 0x2A2D, 0x3A90, 0x322C, 0x322C, 0x322C, 0x2A0E, 0x29EC, 0x326F, 0x2A90,
  0x42F2, 0x4313, 0x5BB6, 0x6BF7, 0x63D6, 0x8497, 0x94F8, 0x8C97, 0x6BF6, 0x8C97, 0x8457, 0x94B7,
  0x94F7, 0x8476, 0x8C97, 0x94B7, 0x8C95, 0x8C75, 0x73B1, 0x636F, 0x6B90, 0x6B90, 0x73D1, 0x6BB1,
  0x6BB1, 0x6371, 0x4AD2, 0x42B2, 0x5332, 0x3376, 0x1253, 0x22B3, 0x6CB7, 0x9DD9, 0x9599, 0x9DD9,
  0x9599, 0x95B9, 0x9DD9, 0x8D1A, 0x94FA, 0x9D7A, 0x9D99, 0x9D99, 0x9DB9, 0x9558, 0xA5B9, 0x9D79,
  0x7CB8, 0x6BD8, 0xA53A, 0xB59A, 0xBDBA, 0xAD7A, 0xB579, 0xB579, 0xB599, 0xBDDA, 0xA559, 0xB5BA,
  0x63B3, 0x09B2, 0xAD9C, 0xBDDD, 0x533E, 0x847C, 0xC63D, 0xBD7E, 0x7D5F, 0x5479, 0x0020, 0x0000,
  0x0000, 0x0000, 0x0000, 0x0000, 0x0000, 0x0000, 0x0000, 0x0000, 0x0000, 0x0000, 0x0000, 0x0000,
  0x0000, 0x0000, 0x0000, 0x0000, 0x0000, 0x0000, 0x0000, 0x0000, 0x0000, 0x0000, 0x0000, 0x0000,
  0x0000, 0x0000, 0x3B11, 0x7DDF, 0xAD9E, 0x8C7D, 0xC63F, 0xB69D, 0x5358, 0xA51E, 0xBDBF, 0x9D5D,
  0xA5DC, 0xC67B, 0xC69C, 0xC69C, 0xA598, 0x9536, 0xA5B8, 0x9D98, 0xA5B8, 0xA5D9, 0xADF9, 0xA5FA,
  0xBE9D, 0xDF5F, 0xDF7F, 0xDF3F, 0xD73E, 0xD71E, 0xD71E, 0xCEFD, 0xCEDD, 0xC69D, 0xBE5C, 0xA5DA,
  0x9D9A, 0x9DBA, 0xAE3C, 0x84D8, 0x4AB9, 0x3258, 0x5B50, 0x5B50, 0x7C59, 0x5BB6, 0x532F, 0x4B10,
  0x4B30, 0x3AB2, 0x3AB3, 0x7BF2, 0x7BF2, 0x6BB3, 0x4B14, 0x5B53, 0x73B3, 0x7BD4, 0x7BF5, 0x6B95,
  0x6B96, 0x73D6, 0x73B6, 0x6376, 0x6396, 0x6B96, 0x6356, 0x4B15, 0x4AF5, 0x6374, 0x73F3, 0x73D3,
  0x6BB3, 0x6BB3, 0x6BB4, 0x6B94, 0x6374, 0x3AD3, 0x3290, 0x5353, 0x2A4E, 0x1168, 0x19A9, 0x2A0B,
  0x2A4C, 0x19CA, 0x0107, 0x00E6, 0x0127, 0x0948, 0x0948, 0x0948, 0x11AA, 0x19CB, 0x21EB, 0x222C,
  0x224D, 0x222D, 0x1A2C, 0x19EB, 0x11EB, 0x11EB, 0x11CB, 0x09CB, 0x09AB, 0x0149, 0x0169, 0x09AB,
  0x09CB, 0x11CB, 0x11CB, 0x11CB, 0x11CA, 0x11CA, 0x19CA, 0x19EA, 0x19EA, 0x19CA, 0x19CA, 0x19CA,
  0x19A9, 0x19A9, 0x1989, 0x1168, 0x0927, 0x0906, 0x00E5, 0x21CB, 0x5353, 0x326D, 0x42CE, 0x6391,
  0x73D2, 0x6370, 0x52EF, 0x6351, 0x6370, 0x4AF1, 0x4B14, 0x42B2, 0x4B16, 0x6BD5, 0x42F3, 0x4B36,
  0x5356, 0x6BF6, 0x8477, 0x7C57, 0x8C97, 0x8477, 0x8477, 0x63B5, 0x63B4, 0x8CD6, 0xA537, 0x9CF7,
  0x9D17, 0x8474, 0x94F6, 0xB578, 0xAD58, 0xAD38, 0x9496, 0x5B2F, 0x5B2F, 0x634F, 0x5B30, 0x42B2,
  0x42B3, 0x42D3, 0x42D3, 0x5313, 0x5333, 0x6C76, 0x7C13, 0x73D2, 0x6CB7, 0x84B5, 0x7C54, 0x8D58,
  0x7496, 0x7475, 0x7CF7, 0x7CD8, 0x9559, 0x7C94, 0x63B1, 0x7433, 0x9558, 0x7454, 0x8CF7, 0x7415,
  0x7C78, 0x7C18, 0x8CB9, 0x94F9, 0xB599, 0xB5B9, 0xB599, 0xB579, 0xB5B9, 0xC5FA, 0xC61A, 0xB5B9,
  0x114C, 0x4B56, 0x94BD, 0x4ADD, 0x537B, 0xB5DC, 0xC5BE, 0xA57F, 0x75DF, 0x21A9, 0x0000, 0x0000,
  0x0000, 0x0000, 0x0000, 0x0000, 0x0000, 0x0000, 0x0000, 0x0000, 0x0000, 0x0000, 0x0000, 0x0000,
  0x0000, 0x0000, 0x0000, 0x0000, 0x0000, 0x0000, 0x0000, 0x0000, 0x0000, 0x0000, 0x0000, 0x0000,
  0x0000, 0x0000, 0x0862, 0x6D3C, 0x9DDF, 0x8C3D, 0xC69F, 0xA63E, 0x9D3B, 0xA57B, 0xBE3D, 0xBE3B,
  0xB63A, 0xB5FA, 0xB61A, 0x9537, 0x6C53, 0x8CF5, 0x9536, 0x8D16, 0x8D36, 0x84F6, 0x84F6, 0x84F5,
  0x84F6, 0x9599, 0xBEBD, 0xEFBF, 0xF7DF, 0xEF9F, 0xE77F, 0xE77F, 0xDF3E, 0xDF3E, 0xCEDD, 0xA5FB,
  0x74F8, 0x8518, 0x84F8, 0x6BD4, 0x6358, 0x4295, 0x5B50, 0x6BF6, 0x7C57, 0x6BDC, 0x3A94, 0x4B0E,
  0x5330, 0x5B51, 0x5352, 0x73D1, 0x73F1, 0x6372, 0x4B13, 0x6B93, 0x7BF3, 0x7C14, 0x7BF6, 0x73D5,
  0x7BF5, 0x8416, 0x8416, 0x73F6, 0x6376, 0x6377, 0x7BF6, 0x6BB6, 0x5B56, 0x5316, 0x5B74, 0x6BB3,
  0x73D3, 0x73D3, 0x6BD3, 0x6BB3, 0x63B3, 0x6393, 0x5373, 0x63B5, 0x4B13, 0x0949, 0x0927, 0x1168,
  0x1189, 0x19A9, 0x0928, 0x0128, 0x1189, 0x0948, 0x00E6, 0x00E6, 0x098A, 0x19EB, 0x19AA, 0x19EB,
  0x1A0C, 0x19CB, 0x19EB, 0x11EB, 0x1A0C, 0x11EC, 0x226E, 0x224E, 0x228F, 0x120D, 0x09CB, 0x11EB,
  0x0969, 0x0989, 0x098A, 0x11AA, 0x11A9, 0x11A9, 0x11A9, 0x11A9, 0x1189, 0x1189, 0x1169, 0x0948,
  0x0927, 0x0907, 0x0106, 0x00E5, 0x0927, 0x1169, 0x00C5, 0x21EC, 0x5B73, 0x5331, 0x5B72, 0x6BB2,
  0x6391, 0x6B91, 0x6BB1, 0x6B91, 0x5332, 0x42F5, 0x5B77, 0x7417, 0x8C97, 0x9CF7, 0x8477, 0x8C97,
  0x73F6, 0x7416, 0x94D7, 0x9CF7, 0x9D17, 0x9D17, 0x9D37, 0x8476, 0x8CD5, 0x8494, 0x94D5, 0x8CB6,
  0x7C54, 0x7412, 0x8CD5, 0xA557, 0xAD58, 0xA537, 0x94B7, 0x8415, 0x6B70, 0x5B2F, 0x3A71, 0x4AD2,
  0x4AD2, 0x5B73, 0x6BB3, 0x6B93, 0x63B3, 0x6414, 0x7BF2, 0x7412, 0x6C96, 0x6BF2, 0x4393, 0x6CD7,
  0x4BD5, 0x5BF4, 0x5C34, 0x5C15, 0x84D8, 0x73F2, 0x5B0D, 0x6390, 0x84F6, 0x7454, 0x7CB6, 0x4334,
  0x6457, 0x6C17, 0xA539, 0xB599, 0xB599, 0xAD79, 0xBDB9, 0xAD99, 0x84B8, 0x8CD9, 0xC619, 0xA558,
  0x2297, 0x4B1B, 0x5B5F, 0x6C1A, 0x6C36, 0x8CBD, 0x739E, 0x753F, 0x5437, 0x0000, 0x0000, 0x0000,
  0x0000, 0x0000, 0x0000, 0x0000, 0x0000, 0x0000, 0x0000, 0x0000, 0x0000, 0x0000, 0x0000, 0x0000,
  0x0000, 0x0000, 0x0000, 0x0000, 0x0000, 0x0000, 0x0000, 0x0000, 0x0000, 0x0000, 0x0000, 0x0000,
  0x0000, 0x0000, 0x0000, 0x326D, 0x6D7F, 0x8CBD, 0xC69D, 0xB65C, 0xC67C, 0xBE5A, 0xADF9, 0xADD9,
  0xA5B8, 0xBE7C, 0xA65C, 0x5C76, 0x7CB4, 0x7CB4, 0x8CF5, 0x84D5, 0x84D5, 0x8CD5, 0x7473, 0x6C33,
  0x6C33, 0x6C33, 0x7494, 0x9578, 0xC67B, 0xDF1D, 0xE75E, 0xD71D, 0xF7BF, 0xDF3E, 0xADFD, 0x84DA,
  0x5BB3, 0x7C39, 0x6B94, 0x6B95, 0x8CBD, 0x741A, 0x5B99, 0x5B74, 0x6BB0, 0x6B97, 0x325D, 0x3AB1,
  0x534F, 0x6390, 0x73D0, 0x6BB2, 0x6393, 0x5B52, 0x6372, 0x6B93, 0x73D3, 0x7BF4, 0x7BF4, 0x73D3,
  0x7BF5, 0x8436, 0x8436, 0x7BF6, 0x73D6, 0x73F7, 0x73F7, 0x7BF5, 0x7BF4, 0x6375, 0x4B15, 0x5354,
  0x6BD3, 0x73D3, 0x73F3, 0x73F3, 0x63B3, 0x5B94, 0x42F2, 0x328F, 0x222E, 0x0128, 0x00C6, 0x00E7,
  0x0107, 0x00C6, 0x21CA, 0x5351, 0x6392, 0x5B52, 0x220D, 0x0128, 0x224E, 0x42F1, 0x19CB, 0x11AA,
  0x11AA, 0x1189, 0x0989, 0x11CB, 0x32D1, 0x4332, 0x4B73, 0x4B73, 0x3B12, 0x1A4E, 0x122D, 0x226F,
  0x1A0D, 0x098A, 0x0128, 0x0948, 0x0948, 0x0948, 0x0948, 0x0107, 0x0106, 0x0107, 0x00E6, 0x0927,
  0x324D, 0x21EB, 0x0927, 0x0907, 0x42AF, 0x4AF0, 0x19CB, 0x326F, 0x42F1, 0x4B12, 0x5B52, 0x6B91,
  0x6371, 0x6351, 0x6371, 0x6B90, 0x42D3, 0x4316, 0x73F6, 0x8496, 0x8CB7, 0x94D7, 0x9CF7, 0x9CF7,
  0x94B7, 0x94B7, 0x9CF7, 0xA538, 0x9D37, 0x9CF6, 0x9D17, 0x9CF7, 0x7C54, 0x7C74, 0x8CD5, 0x94F6,
  0x84B5, 0x94F6, 0xAD78, 0xA537, 0xA558, 0xA537, 0xAD58, 0x9CD7, 0x5B52, 0x3AB1, 0x5311, 0x73B1,
  0x6B92, 0x6BB2, 0x8433, 0x8453, 0x7413, 0x6414, 0x7C12, 0x73F2, 0x5C34, 0x3B72, 0x0273, 0x43F6,
  0x0A93, 0x2B54, 0x3BB3, 0x4B94, 0x7456, 0x6BD1, 0x6371, 0x6BB4, 0x84F7, 0x7456, 0x8D18, 0x8498,
  0x7C98, 0x6C58, 0x7478, 0x8496, 0x94F7, 0x9D18, 0x7439, 0x7C58, 0x11B5, 0x19F8, 0x951A, 0x6C1A,
  0x63DD, 0x6BBF, 0xB59E, 0xBE1C, 0x743A, 0x843D, 0x6C1E, 0x655F, 0x1106, 0x0000, 0x0000, 0x0000,
  0x0000, 0x0000, 0x0000, 0x0000, 0x0000, 0x0000, 0x0000, 0x0000, 0x0000, 0x0000, 0x0000, 0x0000,
  0x0000, 0x0000, 0x0000, 0x0000, 0x0000, 0x0000, 0x0000, 0x0000, 0x0000, 0x0000, 0x0000, 0x0000,
  0x0000, 0x0000, 0x0000, 0x0021, 0x547A, 0x85FF, 0xC6BD, 0xC6DD, 0xB6BD, 0xAE7D, 0xA65D, 0xA67D,
  0xB6BE, 0xB6DF, 0xB6DF, 0xB6BE, 0xA67D, 0x961D, 0x961D, 0x9E3D, 0x961C, 0x961C, 0x85BB, 0x859B,
  0x859A, 0x8DBB, 0x8D9A, 0x8579, 0x7539, 0x753A, 0x85BB, 0x8D79, 0xD6DC, 0xC65B, 0xADBB, 0x8CD9,
  0x53B4, 0x5BB8, 0x5B74, 0x6376, 0x9D1F, 0xA53C, 0x5337, 0x4AF0, 0x5B4E, 0x5B73, 0x52FD, 0x4AF6,
  0x534E, 0x5B51, 0x52F6, 0x52F9, 0x52F9, 0x3237, 0x3217, 0x42B6, 0x6394, 0x73F3, 0x73F3, 0x73D3,
  0x7BF4, 0x8435, 0x8436, 0x7C16, 0x8436, 0x8436, 0x7C36, 0x7C15, 0x7C14, 0x73F4, 0x42B7, 0x2A37,
  0x73D2, 0x73F3, 0x73F3, 0x73F3, 0x6BD3, 0x4B34, 0x3293, 0x3291, 0x2A70, 0x118C, 0x0948, 0x2A4D,
  0x3A8E, 0x0969, 0x2A2D, 0x5B71, 0x6392, 0x6391, 0x5B72, 0x5B73, 0x5B94, 0x63D5, 0x328F, 0x11AA,
  0x220D, 0x19CB, 0x2A4E, 0x2A6F, 0x3AD0, 0x4B52, 0x4352, 0x4352, 0x32D1, 0x224E, 0x32D1, 0x4B73,
  0x4373, 0x32D0, 0x0148, 0x00E6, 0x00E7, 0x00C6, 0x00E7, 0x118A, 0x11AA, 0x00E7, 0x00C5, 0x21CA,
  0x4AF0, 0x4B0F, 0x3A8E, 0x220C, 0x4AEF, 0x4AF1, 0x3AD1, 0x3AB1, 0x4B11, 0x6392, 0x6BB2, 0x6BB2,
  0x6BB2, 0x6BB1, 0x6372, 0x4B13, 0x42B2, 0x42F5, 0x6BF6, 0x8CB6, 0x94F7, 0x9D17, 0xA537, 0x8CD7,
  0x7C96, 0x84D7, 0x7C76, 0x8CD7, 0x8CD6, 0x84B6, 0x7C75, 0x7C56, 0x5BB3, 0x7C75, 0x9D37, 0x8495,
  0x6BF3, 0x8494, 0x9D37, 0xA558, 0x9D17, 0x9D17, 0x9D17, 0x9496, 0x6394, 0x4AF1, 0x6371, 0x7BF2,
  0x8412, 0x8432, 0x8433, 0x8C52, 0x7C33, 0x6C54, 0x7C11, 0x63B1, 0x43D4, 0x09EF, 0x00AA, 0x2AF2,
  0x00CD, 0x096F, 0x12B3, 0x3B13, 0x7476, 0x63F2, 0x6416, 0x9519, 0xA559, 0xA55A, 0xB5DB, 0xBD9A,
  0xB59A, 0x9539, 0x84B7, 0x6414, 0x5BB3, 0x9D37, 0x5B78, 0x2A7A, 0x3ABA, 0x5B9B, 0x7C5D, 0x9D1D,
  0xAD5D, 0x8CBD, 0xB59E, 0xC5DF, 0xCE3F, 0xD65F, 0x85FF, 0x3B11, 0x0000, 0x0000, 0x0000, 0x0000,
  0x0000, 0x0000, 0x0000, 0x0000, 0x0000, 0x0000, 0x0000, 0x0000, 0x0000, 0x0000, 0x0000, 0x0000,
  0x0000, 0x0000, 0x0000, 0x0000, 0x0000, 0x0000, 0x0000, 0x0000, 0x0000, 0x0000, 0x0000, 0x0000,
  0x0000, 0x0000, 0x0000, 0x0000, 0x1968, 0x6D9F, 0x9E3F, 0xBEFF, 0xB6FF, 0xB6FF, 0xB71F, 0xBF3F,
  0xC73F, 0xC73F, 0xBF1F, 0xC73F, 0xBF3F, 0xBF3F, 0xB71F, 0xB71F, 0xB71F, 0xA6DF, 0xA6BF, 0xAEDF,
  0xA6BF, 0xA6BF, 0xAEDF, 0xA6BF, 0x8DDC, 0x95DB, 0x9DDA, 0xADD9, 0xAD77, 0xA536, 0x9D16, 0x84F6,
  0x84F8, 0x5C35, 0x4BB3, 0x3B12, 0x5BF6, 0x7416, 0x5311, 0x5B54, 0x4AF4, 0x5330, 0x6BBC, 0x6399,
  0x5B70, 0x5B1A, 0x5AFC, 0x739C, 0x52F9, 0x3A57, 0x4AD3, 0x6391, 0x6BB2, 0x73F2, 0x73F3, 0x73F4,
  0x6BD4, 0x7C14, 0x73F6, 0x5338, 0x7BF5, 0x7C16, 0x8436, 0x7C14, 0x7C14, 0x73F3, 0x3279, 0x21F8,
  0x6BB2, 0x73F3, 0x73F2, 0x73F2, 0x6BF2, 0x5B93, 0x3AD4, 0x4314, 0x63B4, 0x4314, 0x3AB1, 0x3AAE,
  0x42CE, 0x3A8D, 0x3A8E, 0x42EF, 0x5330, 0x63B2, 0x6BB2, 0x63B2, 0x4B32, 0x4B53, 0x3AF2, 0x3290,
  0x4B33, 0x3AD1, 0x3AF0, 0x4311, 0x4311, 0x3B11, 0x4331, 0x4332, 0x4332, 0x32F1, 0x3B11, 0x4332,
  0x4332, 0x4352, 0x32D0, 0x1A0C, 0x0907, 0x0927, 0x11AA, 0x32B0, 0x32B0, 0x222D, 0x19EB, 0x326E,
  0x3AAE, 0x42CE, 0x42EF, 0x4B0F, 0x3291, 0x42F2, 0x5B52, 0x4B12, 0x6BB2, 0x6BD2, 0x6BD2, 0x6BB1,
  0x6BB1, 0x6BB2, 0x3AD4, 0x4316, 0x4316, 0x5B97, 0x7C76, 0x94D7, 0x9CF7, 0x94D7, 0x7C97, 0x7CD7,
  0x6C35, 0x7CB6, 0x84D6, 0x7476, 0x7C95, 0x7C95, 0x74B6, 0x84B6, 0x530F, 0x4AEF, 0x63D2, 0x63D2,
  0x532F, 0x4B10, 0x6C15, 0x6BF3, 0x7C14, 0x94D6, 0x8CB6, 0x6BB2, 0x5B51, 0x5B50, 0x7BD1, 0x8432,
  0x8452, 0x8C53, 0x8452, 0x8412, 0x73F3, 0x6455, 0x5B72, 0x4B53, 0x4C17, 0x1211, 0x014F, 0x5416,
  0x1AB3, 0x2AD3, 0x43D6, 0x6437, 0x94F8, 0x4354, 0x4BF6, 0x8D38, 0x9D99, 0xB5FA, 0xBE1A, 0xB59A,
  0xB59A, 0xAD59, 0xAD79, 0x9D18, 0x9D17, 0x5355, 0x2237, 0x3ADB, 0x9D3D, 0xAD9D, 0x849E, 0x9D1E,
  0xAD5D, 0x849C, 0x94DF, 0xBD7F, 0xCDFF, 0xAE3F, 0x651C, 0x0862, 0x0000, 0x0000, 0x0000, 0x0000,
  0x0000, 0x0000, 0x0000, 0x0000, 0x0000, 0x0000, 0x0000, 0x0000, 0x0000, 0x0000, 0x0000, 0x0000,
  0x0000, 0x0000, 0x0000, 0x0000, 0x0000, 0x0000, 0x0000, 0x0000, 0x0000, 0x0000, 0x0000, 0x0000,
  0x0000, 0x0000, 0x0000, 0x0000, 0x0000, 0x4373, 0x7DDF, 0xAE7F, 0x965F, 0xA6BF, 0xA67E, 0xA69E,
  0xB6DF, 0x963E, 0xA69F, 0xBEFF, 0xA6BF, 0x8E1E, 0x7DFE, 0x8E5F, 0x7DDD, 0x8E3E, 0x8E1D, 0x7D9C,
  0x961D, 0x8DFD, 0x85FD, 0x7DBC, 0x8D79, 0xB5F9, 0xB5F9, 0xBE3A, 0xADD9, 0xB5D8, 0xAD77, 0xA577,
  0x9D16, 0x8CB5, 0x7C74, 0x8CF6, 0x4B92, 0x2290, 0x19EF, 0x533B, 0x5B3F, 0x5335, 0x7419, 0x94DC,
  0x8C5A, 0x9CBD, 0x945C, 0x737B, 0x4AB6, 0x5310, 0x636F, 0x6391, 0x6BB2, 0x6BD2, 0x6BB2, 0x4B16,
  0x4AF8, 0x6375, 0x7C14, 0x52F9, 0x4AD9, 0x73F5, 0x73F4, 0x7413, 0x73F3, 0x6392, 0x325B, 0x325A,
  0x6371, 0x6BD1, 0x6BF2, 0x6BD1, 0x63B1, 0x6392, 0x5352, 0x63B3, 0x6BD3, 0x5B93, 0x4B34, 0x4313,
  0x42CF, 0x4B10, 0x5B50, 0x5B71, 0x5B71, 0x63B2, 0x6392, 0x6392, 0x5B92, 0x4332, 0x4B32, 0x5373,
  0x5373, 0x4B53, 0x4311, 0x4B52, 0x4B31, 0x4B52, 0x4311, 0x4311, 0x4332, 0x3B12, 0x3B32, 0x4332,
  0x3B12, 0x3B32, 0x32F0, 0x19EC, 0x11AA, 0x222C, 0x224D, 0x328F, 0x32AF, 0x328F, 0x3ACF, 0x4B0F,
  0x4AEF, 0x4AEF, 0x4B0F, 0x42D0, 0x42F3, 0x5B92, 0x6392, 0x5B92, 0x6BB2, 0x6BB2, 0x6391, 0x5B50,
  0x6391, 0x5372, 0x4315, 0x6393, 0x5BB7, 0x7C77, 0x94D7, 0x94D7, 0x7456, 0x6C17, 0x6C37, 0x8496,
  0x9D17, 0x9517, 0x8D17, 0x5372, 0x7C95, 0x9557, 0x7C74, 0x530F, 0x3A4C, 0x29EA, 0x5350, 0x5350,
  0x4B10, 0x4B12, 0x52EF, 0x4AAD, 0x52EF, 0x532F, 0x6391, 0x5B4F, 0x530F, 0x6B70, 0x73D1, 0x8432,
  0x8453, 0x8452, 0x7415, 0x6B96, 0x4B96, 0x2B76, 0x0AD5, 0x4C18, 0x8519, 0x6498, 0x6499, 0x9559,
  0x8D39, 0x7518, 0x9DB9, 0x9DBA, 0xA579, 0x74B7, 0x74B6, 0x9537, 0xADD9, 0xADF9, 0xB61A, 0xC61A,
  0xBDFA, 0xBDFA, 0xBDFA, 0xBDD9, 0x6397, 0x0156, 0x2219, 0x6BDC, 0xA55D, 0xAD9E, 0xAD7E, 0xC5FE,
  0xB5BC, 0x6477, 0xA57E, 0x9CDF, 0x94FE, 0x75DF, 0x2A2C, 0x0000, 0x0020, 0x0000, 0x0000, 0x0000,
  0x0000, 0x0000, 0x0000, 0x0000, 0x0000, 0x0000, 0x0000, 0x0000, 0x0000, 0x0000, 0x0000, 0x0000,
  0x0000, 0x0000, 0x0000, 0x0000, 0x0000, 0x0000, 0x0000, 0x0000, 0x0000, 0x0000, 0x0000, 0x0000,
  0x0000, 0x0000, 0x0000, 0x0000, 0x0000, 0x0883, 0x64FC, 0x861F, 0x1379, 0x64FC, 0x2379, 0x1318,
  0x757C, 0x02D8, 0x961E, 0xC75F, 0x7D7C, 0x0236, 0x0256, 0x5CBB, 0x01D4, 0x441A, 0x4C3A, 0x01D5,
  0x651C, 0x3B98, 0x1358, 0x7DFD, 0x7D5A, 0xA61B, 0xA5FB, 0xA5FB, 0xAE1B, 0xB63B, 0xC67B, 0xBE3A,
  0xA5B8, 0x8CD5, 0x8474, 0xAD77, 0x94F5, 0x6C34, 0x220E, 0x110A, 0x8C5F, 0x8C5F, 0x8C9C, 0xAD5B,
  0x9499, 0xBDBF, 0x9CDC, 0x841C, 0x73BA, 0x6377, 0x5B55, 0x5B31, 0x4AF1, 0x5334, 0x5332, 0x42F1,
  0x4AD7, 0x6336, 0x6371, 0x5B53, 0x429A, 0x323C, 0x4ADA, 0x6BB3, 0x6391, 0x5B51, 0x6358, 0x6359,
  0x6373, 0x73D9, 0x4ADA, 0x3257, 0x3AB4, 0x4B13, 0x5352, 0x63B2, 0x63B2, 0x5B92, 0x4B53, 0x5B94,
  0x42F1, 0x532F, 0x5B50, 0x6371, 0x6371, 0x5B71, 0x5B71, 0x5B71, 0x5B92, 0x5B92, 0x63B2, 0x5BB3,
  0x5BB3, 0x5373, 0x4311, 0x4B51, 0x4B51, 0x4B51, 0x4B31, 0x4311, 0x4331, 0x3B32, 0x3B32, 0x3B32,
  0x3B12, 0x32F1, 0x32D0, 0x2AAF, 0x226E, 0x222D, 0x2A4E, 0x328E, 0x3ACF, 0x328E, 0x3ACF, 0x430F,
  0x42EF, 0x42EF, 0x42CF, 0x3290, 0x42F2, 0x5B92, 0x5B91, 0x5351, 0x5B91, 0x5B70, 0x5350, 0x5B50,
  0x6391, 0x6371, 0x6390, 0x4B12, 0x4B34, 0x5373, 0x7C77, 0x6BF6, 0x5395, 0x5B93, 0x5311, 0x6353,
  0x6BB3, 0x6BB2, 0x8495, 0x7C74, 0x63F3, 0x9D57, 0x4ACE, 0x3A6C, 0x322B, 0x21A9, 0x42CE, 0x63D2,
  0x42EF, 0x3A4B, 0x426C, 0x4AAD, 0x52EE, 0x52EE, 0x42CD, 0x5B2F, 0x634F, 0x6B6F, 0x6B90, 0x6BB0,
  0x6BB0, 0x6BB0, 0x63F4, 0x6417, 0x4BD6, 0x2395, 0x1375, 0x4C78, 0xA5B9, 0x8D59, 0x8519, 0x9D79,
  0xA599, 0xA5D9, 0x9DDA, 0xAE1A, 0xA5D9, 0x9557, 0x9515, 0x9D56, 0xA598, 0xB5F9, 0xBE3A, 0xC65B,
  0xC65B, 0xC65B, 0xC63A, 0xBE19, 0x94F8, 0x2278, 0x3ADA, 0x9D1C, 0x7C5D, 0x8C9E, 0xAD7E, 0xC61E,
  0xA5FB, 0xA63C, 0x9D7D, 0xA51E, 0x859F, 0x4C17, 0x0000, 0x0000, 0x0000, 0x0000, 0x0000, 0x0000,
  0x0000, 0x0000, 0x0000, 0x0000, 0x0000, 0x0000, 0x0000, 0x0000, 0x0000, 0x0000, 0x0000, 0x0000,
  0x0000, 0x0000, 0x0000, 0x0000, 0x0000, 0x0000, 0x0000, 0x0000, 0x0000, 0x0000, 0x0000, 0x0000,
  0x0000, 0x0000, 0x0000, 0x0000, 0x0000, 0x0000, 0x21EB, 0x75DF, 0x1318, 0x547A, 0x0AB7, 0x0277,
  0x6D1C, 0x0216, 0x8DFD, 0xB71F, 0x6D1B, 0x0173, 0x01F5, 0x5C9A, 0x0132, 0x3BB9, 0x43B8, 0x00F2,
  0x54BB, 0x2AB5, 0x0276, 0x7DFD, 0x753A, 0x8DDC, 0x85BB, 0x95FB, 0xAE7D, 0xAE3C, 0xB65C, 0xBE7C,
  0xB63B, 0xB63B, 0xA598, 0xA578, 0xA597, 0x9516, 0x7476, 0x096B, 0x7C1A, 0x6B98, 0x428F, 0xA57C,
  0x7C77, 0x5B52, 0x5B54, 0x5331, 0x52F0, 0x52F1, 0x4AD4, 0x3294, 0x3293, 0x5336, 0x635A, 0x5331,
  0x4B12, 0x42B6, 0x52F5, 0x5B32, 0x42BA, 0x949F, 0x6BDC, 0x5319, 0x4AF8, 0x4AF1, 0x6373, 0xA53D,
  0xA51E, 0x8C5D, 0x4AB9, 0x323A, 0x3A95, 0x4B10, 0x4B31, 0x5350, 0x5B70, 0x5370, 0x4312, 0x3AF1,
  0x42CE, 0x4AEF, 0x532F, 0x532F, 0x532F, 0x5330, 0x5330, 0x5350, 0x5B71, 0x5351, 0x5351, 0x5372,
  0x5B92, 0x5372, 0x2A8F, 0x224E, 0x32AF, 0x4310, 0x4331, 0x4311, 0x3AF1, 0x3311, 0x32F1, 0x32F1,
  0x2AD0, 0x228F, 0x228F, 0x2AB0, 0x2AAF, 0x222D, 0x224D, 0x2A4D, 0x2A4D, 0x220C, 0x2A4D, 0x3ACF,
  0x42EF, 0x3AAE, 0x324D, 0x3AB0, 0x4311, 0x4310, 0x3ACF, 0x32AE, 0x4B0F, 0x4AEE, 0x4B0F, 0x5B30,
  0x5B50, 0x5B2F, 0x532F, 0x4AEF, 0x4ACE, 0x4B13, 0x5B74, 0x42AF, 0x4AF0, 0x5310, 0x3A6C, 0x4AAE,
  0x3A8F, 0x4AF2, 0x4B11, 0x84D6, 0x8D37, 0x9557, 0x4AEE, 0x1989, 0x19CA, 0x21CA, 0x21C9, 0x42CE,
  0x42CE, 0x426B, 0x3A2A, 0x3A4B, 0x42AC, 0x42AD, 0x2A6D, 0x42CE, 0x5B2F, 0x530E, 0x4ACD, 0x42CD,
  0x42CE, 0x3AAE, 0x3312, 0x6CD6, 0x3356, 0x3B97, 0x4398, 0x5BF8, 0x9519, 0x7478, 0x84D9, 0xADB9,
  0xB5F9, 0xB5FA, 0xADD9, 0xB5D9, 0xA558, 0x84D7, 0x9D59, 0x84B8, 0x8498, 0xB599, 0xB5B9, 0xBDD9,
  0xC61A, 0xC61A, 0xB5D9, 0xADB9, 0xA579, 0x3B19, 0x09F5, 0x6C18, 0x63BE, 0xAD1E, 0xBDDE, 0xC65E,
  0xCE9E, 0xCE7E, 0xAD5F, 0x9D9F, 0x759E, 0x10E5, 0x0000, 0x0000, 0x0000, 0x0000, 0x0000, 0x0000,
  0x0000, 0x0000, 0x0000, 0x0000, 0x0000, 0x0000, 0x0000, 0x0000, 0x0000, 0x0000, 0x0000, 0x0000,
  0x0000, 0x0000, 0x0000, 0x0000, 0x0000, 0x0000, 0x0000, 0x0000, 0x0000, 0x0000, 0x0000, 0x0000,
  0x0000, 0x0000, 0x0000, 0x0000, 0x0000, 0x0000, 0x0000, 0x53F6, 0x5D1F, 0x7D5C, 0x5CBB, 0x547B,
  0x85BD, 0x3BD9, 0x8E1E, 0xA6BF, 0x757C, 0x3B98, 0x43FA, 0x7D9C, 0x3398, 0x5CBB, 0x5C79, 0x2AD6,
  0x651C, 0x4397, 0x33B8, 0x861D, 0x755B, 0x85DD, 0x7D9C, 0x8DFC, 0xAE7D, 0xB69D, 0xB67D, 0xB67D,
  0xB65C, 0xBE7C, 0xBE5B, 0xB63B, 0xADFA, 0xADFA, 0xADFA, 0x53F5, 0x63F8, 0xAD5C, 0x8477, 0x6BB4,
  0x322D, 0x4AB3, 0x637A, 0x6BBB, 0x4AB1, 0x3209, 0x3A4A, 0x3270, 0x32B6, 0x3AAF, 0x5337, 0x3A91,
  0x5333, 0x73DD, 0x6BBE, 0x531A, 0x4AF9, 0xAD5E, 0x7C1E, 0x6BBC, 0x8C5F, 0x94BD, 0x8C9A, 0x8458,
  0x94BD, 0x73BB, 0x4AB5, 0x42B8, 0x3A59, 0x3A8F, 0x3AAD, 0x3ACF, 0x42F3, 0x42F4, 0x42F2, 0x3AD0,
  0x326D, 0x324C, 0x326C, 0x324C, 0x326C, 0x3A8D, 0x42CE, 0x42AE, 0x42EE, 0x42EF, 0x32AE, 0x3ACF,
  0x4B10, 0x3AAF, 0x224D, 0x1A0C, 0x222C, 0x2A8E, 0x32AF, 0x2A8E, 0x2A6E, 0x2A8F, 0x1A6F, 0x1A6F,
  0x124E, 0x122E, 0x1A2D, 0x1A0D, 0x11EC, 0x09AA, 0x0969, 0x0969, 0x0969, 0x0949, 0x19EB, 0x2A6D,
  0x2A6D, 0x11CB, 0x11AA, 0x2A4D, 0x3AAE, 0x2A6D, 0x222C, 0x3A8D, 0x326C, 0x326C, 0x3A8C, 0x42CE,
  0x42AD, 0x3A8C, 0x326C, 0x3A6C, 0x3A6C, 0x328D, 0x324C, 0x2A0A, 0x29EA, 0x4AF0, 0x4ACE, 0x21CB,
  0x42D4, 0x94D8, 0x94D7, 0x84F7, 0xADD8, 0xA5B8, 0x8494, 0x326D, 0x2AB0, 0x3AF1, 0x4B0F, 0x5B90,
  0x6BF2, 0x94D5, 0x532F, 0x222B, 0x3AEE, 0x7C94, 0x7C74, 0x5350, 0x5B71, 0x6BB3, 0x5B71, 0x3AD0,
  0x4B34, 0x2A93, 0x1A56, 0x2AD7, 0x4318, 0x7C59, 0x8459, 0x8C99, 0x8459, 0x9CD9, 0x9CD9, 0x9CF9,
  0xAD59, 0x9CD8, 0xA4F8, 0x9CD8, 0xA4F7, 0x9CD9, 0x7C39, 0x7C19, 0x8C78, 0x9C98, 0x9CB8, 0x9CD8,
  0x7C19, 0x8459, 0x4B1A, 0x6BFB, 0x8C9C, 0x63DB, 0x4316, 0x3B56, 0x8CBE, 0xBD7F, 0xB5DE, 0xC69E,
  0xCE3F, 0xB55F, 0x8C9E, 0x759F, 0x3ACF, 0x0000, 0x0000, 0x0000, 0x0000, 0x0000, 0x0000, 0x0000,
  0x0000, 0x0000, 0x0000, 0x0000, 0x0000, 0x0000, 0x0000, 0x0000, 0x0000, 0x0000, 0x0000, 0x0000,
  0x0000, 0x0000, 0x0000, 0x0000, 0x0000, 0x0000, 0x0000, 0x0000, 0x0000, 0x0000, 0x0000, 0x0000,
  0x0000, 0x0000, 0x0000, 0x0000, 0x0000, 0x0000, 0x0000, 0x08A4, 0x6D5E, 0x8DFF, 0x3B99, 0x3358,
  0x5CDB, 0x2B16, 0x85FE, 0xA6DF, 0x6D5C, 0x22D6, 0x3337, 0x651B, 0x2B37, 0x547B, 0x4C39, 0x1A95,
  0x4C7A, 0x3B98, 0x33D9, 0x861D, 0x85BC, 0xAEBF, 0xAE9E, 0xAE7E, 0xB69E, 0xBE9E, 0xB67D, 0xB67D,
  0xBE7C, 0xB65C, 0xB63B, 0xAE1B, 0xAE1B, 0xB63B, 0xAE1B, 0x7CF9, 0x3251, 0x9CFB, 0x9D1A, 0x5B12,
  0x73B8, 0x6BBE, 0x2211, 0x21EC, 0x4AD6, 0x29EE, 0x21CA, 0x29EA, 0x21EE, 0x222E, 0x5334, 0x5B55,
  0x843C, 0x42B2, 0x3A4F, 0x843C, 0x94BE, 0x845C, 0x6BBF, 0x949F, 0xB57E, 0xB59E, 0x949A, 0x2A10,
  0x73FB, 0x9CDE, 0x5B3B, 0x2A0F, 0x2A33, 0x2A11, 0x2A2B, 0x4AF7, 0x3AB5, 0x3AD1, 0x3ACE, 0x3ACE,
  0x3AAE, 0x326D, 0x19EA, 0x19A9, 0x21EA, 0x2A0B, 0x2A2B, 0x324C, 0x328D, 0x328D, 0x328D, 0x2A6D,
  0x328E, 0x32AE, 0x32AE, 0x2A8E, 0x1A0C, 0x11EB, 0x11EB, 0x1A0C, 0x120D, 0x09ED, 0x018C, 0x016C,
  0x016D, 0x018D, 0x01AC, 0x018B, 0x0149, 0x0108, 0x00C7, 0x00C7, 0x00E7, 0x098A, 0x11AA, 0x11AA,
  0x098A, 0x098A, 0x1A0B, 0x220B, 0x222C, 0x220B, 0x220B, 0x2A2C, 0x220B, 0x21EA, 0x21EA, 0x2A2B,
  0x21EA, 0x21CA, 0x19A9, 0x19A9, 0x1989, 0x1988, 0x1988, 0x220C, 0x3AEF, 0x2A0B, 0x4311, 0x4B35,
  0x7437, 0x94D6, 0xAD78, 0xAD78, 0xA558, 0xA537, 0x9D16, 0x6BF2, 0x42EF, 0x42EF, 0x4B30, 0x5B90,
  0x73F2, 0x94F5, 0x8CD5, 0x7C56, 0x7C55, 0xA538, 0xAD78, 0x8C95, 0x7414, 0x94F6, 0x8CB5, 0x32D3,
  0x3297, 0x5358, 0x7459, 0x6C18, 0x8CB9, 0x9D19, 0x8CD8, 0xA538, 0x9498, 0x9CF9, 0xAD59, 0xB599,
  0xB559, 0xAD18, 0xA4F8, 0x9CB8, 0xA4F8, 0xB579, 0xB579, 0xB599, 0xAD5A, 0xA4F9, 0xA519, 0xAD58,
  0x6BF9, 0x19DB, 0x4AFB, 0x847C, 0xC61D, 0xBDFD, 0xC5FE, 0x9D3D, 0xB57E, 0x951A, 0x4C58, 0x955D,
  0xBD9F, 0xB57F, 0x85BF, 0x5458, 0x0000, 0x0000, 0x0000, 0x0000, 0x0000, 0x0000, 0x0000, 0x0000,
  0x0000, 0x0000, 0x0000, 0x0000, 0x0000, 0x0000, 0x0000, 0x0000, 0x0000, 0x0000, 0x0000, 0x0000,
  0x0000, 0x0000, 0x0000, 0x0000, 0x0000, 0x0000, 0x0000, 0x0000, 0x0000, 0x0000, 0x0000, 0x0000,
  0x0000, 0x0000, 0x0000, 0x0000, 0x0000, 0x0000, 0x0020, 0x0000, 0x2A0C, 0x75FF, 0x1276, 0x01D3,
  0x4C3A, 0x0152, 0x85BD, 0x9EBF, 0x547A, 0x008F, 0x0152, 0x4C39, 0x0070, 0x2AF7, 0x3315, 0x002D,
  0x43D8, 0x2295, 0x0A76, 0x6DBC, 0x8DDC, 0xBEFF, 0xBEFF, 0xC71F, 0xC6FF, 0xC6DE, 0xC6DE, 0xBE9D,
  0xBE7D, 0xB65C, 0xAE1B, 0xA5FB, 0x9DDA, 0x9DBA, 0xA5DB, 0x7436, 0x8418, 0xBDBE, 0xC61E, 0xD67F,
  0xCDFF, 0xBD7E, 0x5B55, 0x0063, 0x320D, 0x8CBD, 0x3AD1, 0x118B, 0x533A, 0x8C7C, 0xB57F, 0xA4FF,
  0x29ED, 0x0084, 0x4291, 0xC5DF, 0xB59D, 0x5B74, 0x7BF9, 0x841C, 0x9CDD, 0xC5FF, 0x845A, 0x845A,
  0x845B, 0x8459, 0x73FD, 0x21AC, 0x1126, 0x198A, 0x4AF3, 0x73DA, 0x3AB0, 0x328F, 0x3A90, 0x21CA,
  0x21C9, 0x21EA, 0x19CA, 0x0928, 0x0948, 0x11A9, 0x0928, 0x1148, 0x1148, 0x0928, 0x1148, 0x0927,
  0x0928, 0x0949, 0x0949, 0x0929, 0x00E8, 0x00A7, 0x00A7, 0x00A7, 0x00A8, 0x0067, 0x0023, 0x0022,
  0x0002, 0x0023, 0x0044, 0x0068, 0x0067, 0x0066, 0x0066, 0x0065, 0x0086, 0x00A7, 0x0086, 0x0085,
  0x0085, 0x00A6, 0x00C6, 0x00C6, 0x00C6, 0x00E6, 0x00C6, 0x00E6, 0x08E6, 0x00C6, 0x00E6, 0x00E6,
  0x00C5, 0x00A5, 0x00A5, 0x0085, 0x220B, 0x4B0F, 0x098B, 0x4352, 0x9536, 0x6C34, 0x4354, 0x8CF7,
  0x7C94, 0x6C13, 0x94D5, 0x94F5, 0x9CF6, 0x8C94, 0x8CB4, 0x4B0E, 0x42ED, 0x6390, 0x5350, 0x4AEE,
  0x94D5, 0x94D5, 0x7BF1, 0x8433, 0x8C55, 0x8436, 0x8437, 0x8436, 0x73B5, 0x5356, 0x4B97, 0x5398,
  0x4B39, 0x7419, 0x94F8, 0x6455, 0x9D58, 0xB5D9, 0x94B6, 0x94B7, 0xA4F8, 0xAD79, 0xB599, 0xB599,
  0xB599, 0xB578, 0xB599, 0xB579, 0xB579, 0xBD9A, 0xB598, 0xB5B8, 0xB5B9, 0xB5DA, 0xC619, 0xA558,
  0x5B79, 0x329B, 0x741C, 0xA53C, 0xADBD, 0xC65D, 0xCE5D, 0xCE3D, 0xC61D, 0x5436, 0x541A, 0x845E,
  0xC5DF, 0x9D9F, 0x653E, 0x10E5, 0x0000, 0x0000, 0x0000, 0x0000, 0x0000, 0x0000, 0x0000, 0x0000,
  0x0000, 0x0000, 0x0000, 0x0000, 0x0000, 0x0000, 0x0000, 0x0000, 0x0000, 0x0000, 0x0000, 0x0000,
  0x0000, 0x0000, 0x0000, 0x0000, 0x0000, 0x0000, 0x0000, 0x0000, 0x0000, 0x0000, 0x0000, 0x0000,
  0x0000, 0x0000, 0x0000, 0x0000, 0x0000, 0x0000, 0x0000, 0x0000, 0x0000, 0x4BB5, 0x655F, 0x4C1A,
  0x6D5D, 0x441A, 0x85FE, 0x863F, 0x54DC, 0x2B16, 0x3398, 0x54BB, 0x2B16, 0x441A, 0x3BF9, 0x2AB5,
  0x54DC, 0x4BF9, 0x33B8, 0x5D1B, 0x9E1C, 0xCF3F, 0xCF1F, 0xD73F, 0xD73F, 0xD73F, 0xD73F, 0xD73E,
  0xD71E, 0xCEFE, 0xC69C, 0xA5DA, 0x7CD8, 0x7498, 0x94FA, 0xA519, 0x94B8, 0xBDDE, 0x9CD9, 0xC5DD,
  0xBD9D, 0x7BF8, 0x741B, 0x2A93, 0x2A72, 0xBDFE, 0xA55C, 0x3A73, 0x192B, 0x6B97, 0x843C, 0x843F,
  0x4274, 0x29CD, 0x94BE, 0x8C7B, 0x73DA, 0x4272, 0x4272, 0x4295, 0x73D7, 0xBD9E, 0x73B7, 0xAD7F,
  0x6B98, 0x10E8, 0x31EF, 0x4AB7, 0x0887, 0x0908, 0x3231, 0x29AE, 0x08E8, 0x00A6, 0x090A, 0x00C8,
  0x0044, 0x0044, 0x0044, 0x0065, 0x0065, 0x0065, 0x0045, 0x0045, 0x0045, 0x0045, 0x0024, 0x0025,
  0x0025, 0x0045, 0x0025, 0x0025, 0x0025, 0x0026, 0x0026, 0x0027, 0x0006, 0x0002, 0x0000, 0x0000,
  0x0000, 0x0000, 0x0001, 0x0006, 0x0027, 0x0026, 0x0026, 0x0045, 0x0045, 0x0045, 0x0045, 0x0045,
  0x0045, 0x0045, 0x0065, 0x0066, 0x0065, 0x0065, 0x0084, 0x0085, 0x0085, 0x0085, 0x00A6, 0x0085,
  0x0065, 0x2A0B, 0x3A8D, 0x198A, 0x5BD2, 0x7C73, 0x6C54, 0x7474, 0x84B4, 0x7475, 0x6C75, 0x7474,
  0x63F2, 0x8473, 0x8CD4, 0x8CD4, 0x8CD4, 0x8473, 0x7C32, 0x73F1, 0x638F, 0x63B0, 0x534F, 0x324B,
  0x532E, 0x6BB0, 0x73D0, 0x6BD0, 0x8473, 0x8C94, 0x8C74, 0x9CD5, 0x6BD5, 0x3B35, 0x84B6, 0xAD78,
  0x8CB8, 0x9CF9, 0x7476, 0x7475, 0xA556, 0x9D36, 0xAD78, 0xB599, 0xB578, 0xB598, 0xAD58, 0xB599,
  0xBDD9, 0xBDD9, 0xBDD9, 0xBDB9, 0xA517, 0x8CB4, 0x8472, 0xAD76, 0xC639, 0x9D37, 0x63D8, 0x2A96,
  0x4B78, 0x6C1A, 0x9D1B, 0xAD9D, 0xBE1E, 0xCE7E, 0xCE7E, 0xD69E, 0xCE7E, 0xC65F, 0xC5FF, 0xC5BF,
  0xAD9E, 0x7DFF, 0x324D, 0x0000, 0x0000, 0x0000, 0x0000, 0x0000, 0x0000, 0x0000, 0x0000, 0x0000,
  0x0000, 0x0000, 0x0000, 0x0000, 0x0000, 0x0000, 0x0000, 0x0000, 0x0000, 0x0000, 0x0000, 0x0000,
  0x0000, 0x0000, 0x0000, 0x0000, 0x0000, 0x0000, 0x0000, 0x0000, 0x0000, 0x0000, 0x0000, 0x0000,
  0x0000, 0x0000, 0x0000, 0x0000, 0x0000, 0x0000, 0x0000, 0x0000, 0x0000, 0x0862, 0x5CDC, 0x4C5C,
  0x43D8, 0x0151, 0x6D5D, 0x8E7F, 0x3C1A, 0x00AF, 0x090F, 0x2B57, 0x004A, 0x1A33, 0x22B5, 0x002C,
  0x3BB9, 0x2252, 0x0171, 0x44DC, 0xA63D, 0xE79F, 0xDF7F, 0xE79F, 0xEFBF, 0xEFBF, 0xEFBF, 0xEFBF,
  0xEF9F, 0xC6BD, 0xADDC, 0x9D3C, 0x7C1A, 0x845C, 0x947B, 0xC61E, 0xE6DF, 0xBDBE, 0x8458, 0x7416,
  0x94BB, 0x3231, 0x5357, 0x741D, 0x73F9, 0xBDFE, 0xCE5F, 0x63BD, 0x194C, 0x6398, 0x19F0, 0x5B5D,
  0x635D, 0x4B15, 0x21ED, 0x42B3, 0xA4FE, 0xC5DF, 0xB59E, 0x8458, 0xB59E, 0x31ED, 0x1109, 0x843A,
  0x9CBF, 0x635C, 0x08C9, 0x08C7, 0x21F1, 0x198C, 0x114B, 0x21ED, 0x1149, 0x19CC, 0x19CB, 0x118A,
  0x0949, 0x0928, 0x0928, 0x0948, 0x1169, 0x1169, 0x1169, 0x0949, 0x0129, 0x0949, 0x0129, 0x00E9,
  0x00E8, 0x00C7, 0x00A8, 0x00A8, 0x00A8, 0x00A9, 0x0089, 0x0068, 0x0047, 0x0024, 0x0021, 0x0000,
  0x0000, 0x0000, 0x0003, 0x0026, 0x0047, 0x0067, 0x0067, 0x0087, 0x0087, 0x0087, 0x00A7, 0x00A7,
  0x00A7, 0x00E7, 0x0109, 0x0149, 0x0949, 0x0948, 0x1148, 0x1168, 0x21EA, 0x3AAD, 0x19CA, 0x19CB,
  0x5392, 0x9536, 0x8CF6, 0x6454, 0x7C74, 0x8CF5, 0x8493, 0x7C52, 0x8494, 0x8CF5, 0x7C93, 0x7432,
  0x8473, 0x8CF5, 0x84B4, 0x7C52, 0x73F1, 0x7432, 0x7C73, 0x7C73, 0x7C53, 0x6BD0, 0x322A, 0x21C9,
  0x2A0A, 0x530D, 0x7411, 0x8472, 0x8C93, 0x6BD0, 0x636F, 0x6390, 0x63F3, 0x7C52, 0x7C52, 0xA536,
  0xB5B8, 0xBDD9, 0x84B5, 0x7C31, 0x7C31, 0x8C93, 0x9D36, 0xAD98, 0xA537, 0xA536, 0xA536, 0xB5D9,
  0xC63A, 0xC63A, 0xBDD9, 0x9D16, 0x9CF6, 0x8493, 0x9D15, 0xB5B8, 0xAD77, 0x9D15, 0x7C77, 0x8CB6,
  0xB5D6, 0x9517, 0x5B9C, 0x8D1D, 0xC65A, 0xC63C, 0xCE5E, 0xD67F, 0xBE1E, 0xCE9F, 0xCE7F, 0xBDDF,
  0x85BF, 0x4BB5, 0x0000, 0x0000, 0x0000, 0x0000, 0x0000, 0x0000, 0x0000, 0x0000, 0x0000, 0x0000,
  0x0000, 0x0000, 0x0000, 0x0000, 0x0000, 0x0000, 0x0000, 0x0000, 0x0000, 0x0000, 0x0000, 0x0000,
  0x0000, 0x0000, 0x0000, 0x0000, 0x0000, 0x0000, 0x0000, 0x0000, 0x0000, 0x0000, 0x0000, 0x0000,
  0x0000, 0x0000, 0x0000, 0x0000, 0x0000, 0x0000, 0x0000, 0x0000, 0x0000, 0x0000, 0x1968, 0x7DFF,
  0x43D9, 0x008E, 0x6D5D, 0x865F, 0x33B9, 0x002B, 0x0069, 0x1272, 0x0002, 0x11AF, 0x1A54, 0x000A,
  0x2B37, 0x2211, 0x0150, 0x3CBC, 0x8DDC, 0xC71F, 0xBEDE, 0xBEBE, 0xCEDD, 0xD6FE, 0xD6FD, 0xCEDD,
  0xD6DD, 0xB61B, 0xADBA, 0xB5DB, 0x6438, 0x5BD7, 0x5BB6, 0x9519, 0xBE1C, 0xCE5F, 0xAD7F, 0x7CBC,
  0x9D1D, 0x957E, 0x7CDD, 0x8C7F, 0x8C9F, 0xA55E, 0x94BC, 0x849E, 0x74BF, 0x8CDC, 0xA55C, 0x6BF9,
  0xA53F, 0x7C39, 0x11AD, 0x5358, 0xAD3F, 0xC5FF, 0xCE5E, 0x8CB8, 0x9CFD, 0x949C, 0x843A, 0x2A0D,
  0x52F6, 0x73DE, 0x5B7F, 0x2211, 0x63B5, 0x42D0, 0x324D, 0x4AD5, 0x42B0, 0x52F8, 0x3AB6, 0x220F,
  0x19CA, 0x19CA, 0x21EB, 0x326D, 0x3A8E, 0x3A8E, 0x3A8E, 0x328E, 0x2A6D, 0x326E, 0x2A6E, 0x19EC,
  0x19EB, 0x19EC, 0x11CC, 0x09CC, 0x09CC, 0x09CD, 0x01AC, 0x018C, 0x014D, 0x00AC, 0x0025, 0x0000,
  0x0000, 0x0001, 0x0048, 0x00CB, 0x00CA, 0x00E9, 0x00C9, 0x00E9, 0x00E9, 0x00C8, 0x00C8, 0x0108,
  0x0108, 0x0108, 0x0109, 0x0109, 0x0949, 0x0928, 0x0908, 0x00E7, 0x19AA, 0x326D, 0x0129, 0x098A,
  0x4B2F, 0x534F, 0x430F, 0x4330, 0x7C74, 0x7C53, 0x5BB1, 0x7433, 0x8CB4, 0x63F3, 0x7453, 0x8CD4,
  0x8CD5, 0x7432, 0x6BF1, 0x7411, 0x7411, 0x8CB4, 0x9D36, 0x7453, 0x4310, 0x3A6B, 0x1147, 0x324B,
  0x5B6F, 0x4ACC, 0x6BB0, 0x8494, 0x4B71, 0x4AED, 0x4ACC, 0x2A8D, 0x5BB1, 0x7C52, 0x8CD4, 0xAD97,
  0xAD77, 0x7453, 0x7432, 0x8472, 0x8CD4, 0x8CD4, 0x94F5, 0xA577, 0x8C93, 0x5B6F, 0x638F, 0x8C72,
  0xA576, 0x9D15, 0x7C32, 0x6BF1, 0x9D15, 0x9D15, 0xB5B8, 0xA536, 0x94D4, 0xAD97, 0xB5D7, 0xADB7,
  0x5376, 0x32B9, 0x7C9B, 0xB619, 0xAD99, 0xB5DC, 0xBDDF, 0xAD9C, 0x9D7C, 0xBE3F, 0xDEFE, 0x9E1F,
  0x54BB, 0x0882, 0x0000, 0x0000, 0x0000, 0x0000, 0x0000, 0x0000, 0x0000, 0x0000, 0x0000, 0x0000,
  0x0000, 0x0000, 0x0000, 0x0000, 0x0000, 0x0000, 0x0000, 0x0000, 0x0000, 0x0000, 0x0000, 0x0000,
  0x0000, 0x0000, 0x0000, 0x0000, 0x0000, 0x0000, 0x0000, 0x0000, 0x0000, 0x0000, 0x0000, 0x0000,
  0x0000, 0x0000, 0x0000, 0x0000, 0x0000, 0x0000, 0x0000, 0x0000, 0x0000, 0x0000, 0x0000, 0x3AD0,
  0x653F, 0x0931, 0x651D, 0x761F, 0x2337, 0x0006, 0x0041, 0x098B, 0x0000, 0x114B, 0x11EF, 0x0006,
  0x2AD6, 0x19F0, 0x012F, 0x347B, 0x7D7A, 0x9DFC, 0x95BB, 0x95BA, 0x9DBA, 0xA5D9, 0xA599, 0xA578,
  0xA577, 0xA577, 0x8D17, 0x74B6, 0x6476, 0x4BF5, 0x4393, 0x4393, 0x43B4, 0x4BB5, 0x4B77, 0x63FB,
  0xBDDF, 0xC5FE, 0x94BA, 0xA53F, 0x94DC, 0xAD58, 0x94D8, 0x94DC, 0xBDBE, 0x324C, 0x7414, 0x21CA,
  0x6393, 0xD65F, 0x849D, 0x6BFC, 0x94DC, 0xAD7D, 0xD67F, 0xA57B, 0x6C19, 0x953F, 0x53B6, 0x2A31,
  0x3271, 0x3A8F, 0x5319, 0x7C3F, 0x8C9C, 0x42BB, 0x42B8, 0x52FB, 0x42D1, 0x42D5, 0x3A56, 0x21CF,
  0x21EE, 0x19CA, 0x21EB, 0x324D, 0x42AF, 0x42CF, 0x42CF, 0x3AAF, 0x3A8E, 0x3AAF, 0x326E, 0x2A2C,
  0x222D, 0x2A4D, 0x224D, 0x1A2D, 0x1A2D, 0x1A2D, 0x122E, 0x01EE, 0x01CE, 0x00EC, 0x0087, 0x0022,
  0x0022, 0x0046, 0x00CA, 0x016D, 0x016C, 0x098B, 0x098B, 0x09AB, 0x09AB, 0x098A, 0x096A, 0x11CB,
  0x222C, 0x220C, 0x19EB, 0x19EB, 0x222C, 0x2A4D, 0x324D, 0x2A2C, 0x326D, 0x326C, 0x29EB, 0x21CA,
  0x19CA, 0x19AA, 0x1148, 0x0969, 0x3AAE, 0x42EF, 0x2A4C, 0x42CE, 0x5B70, 0x4B50, 0x5371, 0x63D1,
  0x6BF2, 0x63B0, 0x63B1, 0x6BD1, 0x63B0, 0x7411, 0x7C32, 0x63D1, 0x220B, 0x1947, 0x1126, 0x3A4B,
  0x3A2A, 0x2188, 0x3A4B, 0x42EF, 0x2A8E, 0x532E, 0x4AED, 0x32AE, 0x6BF1, 0x7C52, 0x8493, 0x94F4,
  0x8473, 0x5390, 0x8CB4, 0x94F5, 0x9515, 0x8CD4, 0x9515, 0x94F5, 0x42EE, 0x3A8B, 0x6BAF, 0x8C93,
  0x8452, 0x8472, 0x534E, 0x7411, 0x94D4, 0x9D35, 0xA536, 0x7431, 0x94F4, 0x9D36, 0xA555, 0x4B34,
  0x11F7, 0x3B37, 0x6C17, 0x8CBA, 0xA51E, 0x9CDF, 0x9CDE, 0x8CF9, 0xAD7F, 0x9CDF, 0x9DDF, 0x6D7F,
  0x1947, 0x0000, 0x0000, 0x0000, 0x0000, 0x0000, 0x0000, 0x0000, 0x0000, 0x0000, 0x0000, 0x0000,
  0x0000, 0x0000, 0x0000, 0x0000, 0x0000, 0x0000, 0x0000, 0x0000, 0x0000, 0x0000, 0x0000, 0x0000,
  0x0000, 0x0000, 0x0000, 0x0000, 0x0000, 0x0000, 0x0000, 0x0000, 0x0000, 0x0000, 0x0000, 0x0000,
  0x0000, 0x0000, 0x0000, 0x0000, 0x0000, 0x0000, 0x0000, 0x0000, 0x0000, 0x0000, 0x0000, 0x0000,
  0x4C17, 0x549D, 0x5CFC, 0x65DF, 0x1AF7, 0x0006, 0x0022, 0x016C, 0x0000, 0x116B, 0x1210, 0x0006,
  0x2AF6, 0x21F1, 0x012F, 0x3CBC, 0x753A, 0x8DBB, 0x8DBB, 0x95DB, 0x9DDB, 0x9DBA, 0x9537, 0x8CB5,
  0x94F5, 0x9516, 0x8CF6, 0x9517, 0x9517, 0x84F6, 0x7CB6, 0x5BD3, 0x6C96, 0x4BF4, 0x4373, 0x2AB0,
  0x4334, 0x8C9A, 0xC5FF, 0xD65F, 0xAD7F, 0x9CFB, 0xCE5C, 0xC63D, 0x9CFA, 0x3AAE, 0x09CD, 0x09F1,
  0x19AC, 0x198A, 0x6374, 0xCE3F, 0xC61E, 0xCE9F, 0xD6BF, 0xCE7F, 0xC63F, 0x9D9D, 0x6C5A, 0x847F,
  0x5B7D, 0x5376, 0x5BB5, 0x8CBE, 0x741E, 0x7C3D, 0x847E, 0x5B3D, 0x4AF7, 0x2A4F, 0x21D1, 0x196B,
  0x19AC, 0x19CC, 0x19CA, 0x2A0C, 0x3A8E, 0x3A8E, 0x42AE, 0x328E, 0x2A4D, 0x326D, 0x2A2C, 0x220C,
  0x224D, 0x224D, 0x224D, 0x222D, 0x224E, 0x224E, 0x120E, 0x01EE, 0x018D, 0x010C, 0x00AB, 0x0003,
  0x0003, 0x0025, 0x010B, 0x016D, 0x018C, 0x11EC, 0x11CB, 0x11CB, 0x19EB, 0x19CA, 0x1189, 0x19CA,
  0x2A4D, 0x326D, 0x2A4C, 0x222C, 0x326D, 0x42AE, 0x42CF, 0x3AAE, 0x4AEF, 0x4AEF, 0x428D, 0x42AD,
  0x42AD, 0x3A8D, 0x322B, 0x220B, 0x3AAF, 0x42D0, 0x3A8E, 0x3AAE, 0x42EF, 0x4B51, 0x5392, 0x63D2,
  0x63F2, 0x63F2, 0x6C12, 0x7C33, 0x6BD1, 0x7412, 0x7C32, 0x7412, 0x324B, 0x322B, 0x29C9, 0x3A4B,
  0x29C9, 0x426B, 0x428C, 0x5B2F, 0x4B30, 0x42CE, 0x42CD, 0x3AAE, 0x5371, 0x6BF1, 0x7C32, 0x94B4,
  0x8CB4, 0x5B91, 0x5B90, 0x6C11, 0x8453, 0x8473, 0x8473, 0x9494, 0x73F2, 0x534F, 0x6BD0, 0x94B4,
  0xA516, 0x9CF5, 0x7411, 0x7411, 0x94F5, 0xA536, 0xA515, 0x8C93, 0x94D4, 0xA536, 0x9D16, 0x3B18,
  0x84B7, 0x4337, 0x6C3B, 0x94BC, 0x843D, 0x8C7B, 0x4355, 0x4B97, 0x9CBF, 0x8CFE, 0x6D7F, 0x328E,
  0x0000, 0x0000, 0x0000, 0x0000, 0x0000, 0x0000, 0x0000, 0x0000, 0x0000, 0x0000, 0x0000, 0x0000,
  0x0000, 0x0000, 0x0000, 0x0000, 0x0000, 0x0000, 0x0000, 0x0000, 0x0000, 0x0000, 0x0000, 0x0000,
  0x0000, 0x0000, 0x0000, 0x0000, 0x0000, 0x0000, 0x0000, 0x0000, 0x0000, 0x0000, 0x0000, 0x0000,
  0x0000, 0x0000, 0x0000, 0x0000, 0x0000, 0x0000, 0x0000, 0x0000, 0x0000, 0x0000, 0x0000, 0x0000,
  0x0883, 0x64FC, 0x75BF, 0x659F, 0x2358, 0x004C, 0x00AC, 0x12B4, 0x0002, 0x11AE, 0x1A74, 0x000A,
  0x2B16, 0x19F1, 0x0171, 0x551C, 0x757B, 0x7DBD, 0x85BC, 0x8DDC, 0x95FC, 0xA61C, 0xA5FB, 0xA5FA,
  0xADFA, 0xADD9, 0xA557, 0xADB8, 0xAD77, 0xAD77, 0xAD97, 0x94F6, 0x7454, 0x84D6, 0x6C75, 0x4BD4,
  0x4BB4, 0x2270, 0x6BD7, 0xD63F, 0xB59F, 0x6BBF, 0xC61E, 0xB5DA, 0x5391, 0x4B51, 0x4396, 0x4C3F,
  0x1276, 0x00E8, 0x5332, 0xD69F, 0xD6DF, 0xD6DF, 0xD6DF, 0xCEDE, 0xCE9E, 0xA57F, 0xAD9F, 0xC61E,
  0xAD9D, 0xAD9D, 0x9D5C, 0xA57B, 0x6C5A, 0x5BD8, 0x7C7B, 0x8C9D, 0x9D5B, 0x5BB4, 0x3271, 0x3272,
  0x116A, 0x1169, 0x1989, 0x21EA, 0x2A4C, 0x326D, 0x3A6D, 0x2A2C, 0x19EB, 0x19CB, 0x19CB, 0x11CB,
  0x19EC, 0x1A0C, 0x1A0C, 0x1A2D, 0x1A0D, 0x09EE, 0x122E, 0x122E, 0x0A0F, 0x01CF, 0x010C, 0x0089,
  0x0045, 0x0089, 0x010D, 0x014D, 0x016C, 0x09CC, 0x11CB, 0x11CB, 0x19EB, 0x19CA, 0x11AA, 0x11AA,
  0x220B, 0x2A4C, 0x2A4C, 0x222C, 0x2A4D, 0x42CF, 0x42CF, 0x3AAE, 0x4B0F, 0x4B0F, 0x4AEE, 0x4ACE,
  0x4ACE, 0x42AD, 0x326D, 0x326D, 0x42D0, 0x4B12, 0x5331, 0x4B10, 0x4310, 0x4331, 0x5372, 0x5BB2,
  0x63D3, 0x63D2, 0x6C13, 0x7C54, 0x7412, 0x7C33, 0x7C53, 0x63B1, 0x4ACD, 0x4B0E, 0x320A, 0x21A8,
  0x42AD, 0x6BD2, 0x6391, 0x7412, 0x63B1, 0x5350, 0x530F, 0x4ACE, 0x4B31, 0x5392, 0x6BF3, 0x8495,
  0x94B5, 0x6BF4, 0x5BB2, 0x6413, 0x8474, 0x94D5, 0x94D5, 0x9CF6, 0x94B5, 0x8453, 0x8C74, 0x9CD5,
  0xB578, 0xB578, 0x9D16, 0x9CF6, 0xA516, 0xA516, 0xAD57, 0x9CF5, 0xA516, 0xB597, 0x9D17, 0x7C77,
  0xA557, 0x7478, 0x7C59, 0x639A, 0x637C, 0x5B56, 0x014C, 0x2A78, 0x94BF, 0x7DBF, 0x4395, 0x0000,
  0x0000, 0x0000, 0x0000, 0x0000, 0x0000, 0x0000, 0x0000, 0x0000, 0x0000, 0x0000, 0x0000, 0x0000,
  0x0000, 0x0000, 0x0000, 0x0000, 0x0000, 0x0000, 0x0000, 0x0000, 0x0000, 0x0000, 0x0000, 0x0000,
  0x0000, 0x0000, 0x0000, 0x0000, 0x0000, 0x0000, 0x0000, 0x0000, 0x0000, 0x0000, 0x0000, 0x0000,
  0x0000, 0x0000, 0x0000, 0x0000, 0x0000, 0x0000, 0x0000, 0x0000, 0x0000, 0x0000, 0x0000, 0x0000,
  0x0000, 0x1947, 0x6D5E, 0x6DBF, 0x33DA, 0x008F, 0x00F0, 0x2337, 0x008C, 0x2274, 0x2B16, 0x00AE,
  0x3398, 0x2294, 0x0A34, 0x5D5D, 0x653C, 0x5D5D, 0x861E, 0x963D, 0x963D, 0xAE7D, 0xAE9E, 0xAE5D,
  0xB67C, 0xC6BD, 0xBE7C, 0xB5FA, 0xADD9, 0xA557, 0xA556, 0xAD77, 0x9D37, 0xA577, 0xA577, 0x7454,
  0x6415, 0x2A6F, 0x0046, 0x6B95, 0xDEBF, 0x845E, 0x6BBE, 0xDEFF, 0xC67C, 0x5392, 0x5BD5, 0x5C17,
  0x3334, 0x11EC, 0x8CD8, 0xDEDF, 0xC61F, 0xC5FF, 0xC61F, 0xC63E, 0xDEFF, 0xBE3F, 0x951F, 0xC65E,
  0xB5DD, 0x9D19, 0x94DB, 0x7C79, 0x8CD3, 0x7C94, 0x4B73, 0x4B74, 0xADF9, 0xADD9, 0x74B7, 0x74B7,
  0x53D6, 0x1A0E, 0x0906, 0x1189, 0x220B, 0x21EB, 0x19AA, 0x1189, 0x11A9, 0x1189, 0x11AA, 0x098A,
  0x09AB, 0x11AB, 0x09AB, 0x11CC, 0x09CD, 0x018D, 0x018D, 0x018D, 0x014D, 0x00CB, 0x0088, 0x0024,
  0x0023, 0x0045, 0x00CA, 0x014D, 0x012B, 0x014B, 0x098B, 0x096B, 0x11CB, 0x11CB, 0x11AA, 0x11AA,
  0x11CA, 0x220C, 0x2A4C, 0x220C, 0x222C, 0x3A8E, 0x42CE, 0x3A8D, 0x42CE, 0x4AEF, 0x530F, 0x4AEE,
  0x4AEE, 0x4ACE, 0x3A8E, 0x3A8F, 0x42D1, 0x5332, 0x5B93, 0x5B72, 0x5351, 0x4B52, 0x4B52, 0x5B72,
  0x63B2, 0x6BD3, 0x6C13, 0x7433, 0x7C53, 0x7C53, 0x6BF2, 0x5B70, 0x3A8C, 0x42AD, 0x320A, 0x1126,
  0x322B, 0x6BB1, 0x73F3, 0x7413, 0x6BD2, 0x6391, 0x5B50, 0x530F, 0x4B10, 0x4310, 0x4B31, 0x5B94,
  0x6BF5, 0x5B95, 0x5BD5, 0x6C35, 0x8496, 0x8CB6, 0x94B6, 0x9CD6, 0x9CF7, 0x9CF6, 0x9CF7, 0xA517,
  0xB578, 0xB598, 0xB599, 0xB558, 0xAD17, 0xA4F6, 0xA516, 0xA537, 0xAD77, 0xAD77, 0xAD57, 0xAD77,
  0xAD77, 0x9CF8, 0x2A3A, 0x42FB, 0x6C18, 0x11CF, 0x01D0, 0x531B, 0x753F, 0x5C9A, 0x0862, 0x0000,
  0x0000, 0x0000, 0x0000, 0x0000, 0x0000, 0x0000, 0x0000, 0x0000, 0x0000, 0x0000, 0x0000, 0x0000,
  0x0000, 0x0000, 0x0000, 0x0000, 0x0000, 0x0000, 0x0000, 0x0000, 0x0000, 0x0000, 0x0000, 0x0000,
  0x0000, 0x0000, 0x0000, 0x0000, 0x0000, 0x0000, 0x0000, 0x0000, 0x0000, 0x0000, 0x0000, 0x0000,
  0x0000, 0x0000, 0x0000, 0x0000, 0x0000, 0x0000, 0x0000, 0x0000, 0x0000, 0x0000, 0x0000, 0x0000,
  0x0000, 0x0000, 0x2A0C, 0x75DF, 0x54DD, 0x1AF7, 0x1AF7, 0x4C7B, 0x22F7, 0x4C3A, 0x4C7A, 0x1A74,
  0x449B, 0x2B99, 0x2BD9, 0x7DFD, 0x5D1C, 0x655D, 0x963E, 0xBEFF, 0xB6DF, 0xAE9E, 0xAE9E, 0xAE7D,
  0xC6DE, 0xCEFE, 0xCEFE, 0xC6DD, 0xCEBD, 0xCEBD, 0xC65A, 0xBE39, 0xB5F9, 0xB5F9, 0xB61A, 0xA598,
  0x84B5, 0x7CB6, 0x32B0, 0x3AB1, 0xCE5E, 0xC61F, 0x635E, 0xA51F, 0xBDFE, 0x9D39, 0x951D, 0x847B,
  0x5392, 0x3AD0, 0x42F2, 0xA53F, 0xB5BF, 0xBDFF, 0xA51F, 0xBDFF, 0xD6BE, 0xE73F, 0xBDFF, 0xA55B,
  0xC5FD, 0xAD9C, 0xA578, 0x849B, 0x8479, 0x9D36, 0xA555, 0x6C55, 0x6C77, 0xA597, 0x9536, 0x9557,
  0x9D77, 0x4375, 0x3271, 0x6C12, 0x7C73, 0x6BF2, 0x4B30, 0x222C, 0x0108, 0x0128, 0x0149, 0x0129,
  0x014A, 0x014A, 0x014A, 0x016B, 0x016C, 0x012C, 0x012C, 0x014D, 0x014D, 0x010C, 0x0089, 0x0002,
  0x0000, 0x0001, 0x0088, 0x010C, 0x010B, 0x012B, 0x016B, 0x016B, 0x11CB, 0x11EB, 0x11AB, 0x11AA,
  0x118A, 0x11AB, 0x19EB, 0x19CB, 0x19EB, 0x2A4D, 0x328E, 0x220B, 0x326D, 0x42CE, 0x4AEF, 0x42AD,
  0x42AD, 0x42AD, 0x3A8D, 0x3AB0, 0x4B12, 0x5B73, 0x63B3, 0x6393, 0x5B72, 0x5372, 0x4B32, 0x5352,
  0x5B92, 0x63D3, 0x6BF3, 0x7413, 0x7413, 0x7413, 0x6391, 0x5B70, 0x530F, 0x42CE, 0x21A9, 0x08E4,
  0x29E9, 0x4AEE, 0x6391, 0x6BB1, 0x6391, 0x6391, 0x5B50, 0x530F, 0x530F, 0x4ACE, 0x4AEF, 0x4AF1,
  0x5B32, 0x4B14, 0x4355, 0x6436, 0x7C97, 0x7477, 0x8CB7, 0x94B7, 0x9CF7, 0x9D17, 0x9D18, 0xA538,
  0xA538, 0xAD78, 0xB599, 0xAD79, 0xB578, 0xA517, 0x9CD6, 0xA517, 0xAD57, 0xAD37, 0xA516, 0x9D16,
  0xA516, 0x8C96, 0x4ADC, 0x6BB9, 0x6C11, 0x0230, 0x5399, 0x74FE, 0x651D, 0x10E5, 0x0000, 0x0000,
  0x0000, 0x0000, 0x0000, 0x0000, 0x0000, 0x0000, 0x0000, 0x0000, 0x0000, 0x0000, 0x0000, 0x0000,
  0x0000, 0x0000, 0x0000, 0x0000, 0x0000, 0x0000, 0x0000, 0x0000, 0x0000, 0x0000, 0x0000, 0x0000,
  0x0000, 0x0000, 0x0000, 0x0000, 0x0000, 0x0000, 0x0000, 0x0000, 0x0000, 0x0000, 0x0000, 0x0000,
  0x0000, 0x0000, 0x0000, 0x0000, 0x0000, 0x0000, 0x0000, 0x0000, 0x0000, 0x0000, 0x0000, 0x0000,
  0x0000, 0x0000, 0x0000, 0x3B11, 0x75BF, 0x1A95, 0x1AB5, 0x5CDB, 0x1A96, 0x443B, 0x4C39, 0x1A54,
  0x54DB, 0x4C19, 0x443A, 0x8E3E, 0x85FD, 0x9E7F, 0xA69F, 0xB6DF, 0xA69F, 0xBEDF, 0xB6DF, 0xB6BE,
  0xC6FE, 0xCEFE, 0xCEFE, 0xD71E, 0xD71E, 0xD6FE, 0xD6FD, 0xD6FD, 0xC69C, 0xBE5B, 0xBE5B, 0xC6BC,
  0xB61A, 0xADF9, 0x6476, 0x3374, 0xB5FC, 0xEF3F, 0xB59F, 0x9CFF, 0xC63F, 0xE73F, 0xAD9F, 0x8CBF,
  0xA55E, 0xC65F, 0xC65E, 0xBE1E, 0xAD5F, 0x845E, 0x7C7E, 0x951E, 0xCE9E, 0xD6FF, 0xCE9F, 0xB5FB,
  0xA538, 0x9CFB, 0xA577, 0xA555, 0x94F6, 0x8CB4, 0x7C73, 0x9537, 0x4B94, 0x6C33, 0x8CF4, 0x84D4,
  0x7494, 0x951A, 0x9CFD, 0xADBA, 0x9D57, 0x8CD4, 0x8493, 0x84D5, 0x53B3, 0x120F, 0x09AB, 0x11AA,
  0x09AA, 0x016A, 0x014B, 0x012B, 0x010A, 0x014C, 0x014D, 0x014D, 0x014C, 0x0088, 0x0047, 0x0002,
  0x0000, 0x0024, 0x008A, 0x00AB, 0x00CA, 0x00EB, 0x012B, 0x012B, 0x016B, 0x098B, 0x016A, 0x0149,
  0x0149, 0x016A, 0x11AA, 0x11AA, 0x11AA, 0x21EC, 0x2A2D, 0x19EB, 0x220B, 0x3A8D, 0x4AEF, 0x3A6C,
  0x3A8C, 0x42CE, 0x3AAE, 0x3AB0, 0x4AF3, 0x5B73, 0x6BF4, 0x63D3, 0x5B92, 0x5373, 0x5352, 0x4B31,
  0x5B92, 0x63B3, 0x6BF3, 0x6BF3, 0x6BD2, 0x73F3, 0x6391, 0x532F, 0x530F, 0x42CE, 0x21C9, 0x1106,
  0x320A, 0x4ACE, 0x5B2F, 0x5B50, 0x5B2F, 0x5B30, 0x530F, 0x4AEE, 0x52EF, 0x4AAE, 0x42AE, 0x4ACF,
  0x5310, 0x4AD2, 0x4314, 0x5BF5, 0x7476, 0x5C17, 0x7477, 0x7C97, 0x94D7, 0x84D7, 0x84F8, 0x9D18,
  0x84F8, 0xA559, 0xA579, 0x9D59, 0xAD78, 0xA517, 0xA516, 0xA517, 0xAD37, 0xA516, 0x94B5, 0x8C95,
  0x8C95, 0x8475, 0x637D, 0x6B7E, 0x4B53, 0x5396, 0x8D3E, 0x6DBF, 0x21A9, 0x0000, 0x0000, 0x0000,
  0x0000, 0x0000, 0x0000, 0x0000, 0x0000, 0x0000, 0x0000, 0x0000, 0x0000, 0x0000, 0x0000, 0x0000,
  0x0000, 0x0000, 0x0000, 0x0000, 0x0000, 0x0000, 0x0000, 0x0000, 0x0000, 0x0000, 0x0000, 0x0000,
  0x0000, 0x0000, 0x0000, 0x0000, 0x0000, 0x0000, 0x0000, 0x0000, 0x0000, 0x0000, 0x0000, 0x0000,
  0x0000, 0x0000, 0x0000, 0x0000, 0x0000, 0x0000, 0x0000, 0x0000, 0x0000, 0x0000, 0x0000, 0x0000,
  0x0000, 0x0000, 0x0000, 0x0000, 0x4BB5, 0x6DDF, 0x3C1B, 0x653D, 0x33B9, 0x54DC, 0x549A, 0x22F7,
  0x6D5D, 0x4C1A, 0x2BFA, 0x8E5E, 0x9E3E, 0xAEBF, 0xB6DF, 0xBEFF, 0xC71F, 0xC6FF, 0xB6DF, 0xBEDF,
  0xC71F, 0xBEBE, 0xC6DE, 0xCEFE, 0xD6FD, 0xD71E, 0xD71E, 0xCEFD, 0xCEDD, 0xCEDD, 0xCEBD, 0xC69C,
  0xC6BD, 0xC69C, 0x9D99, 0x4BF5, 0x9D3C, 0xBDDF, 0xBDDF, 0xBDDF, 0xBE3F, 0xDEFF, 0xC67F, 0x959F,
  0xAD9F, 0xD69F, 0xD6FF, 0xEF7F, 0xBE1F, 0xC65E, 0xD71D, 0xCEDD, 0xCE9E, 0xCE9E, 0xC65E, 0xBE5C,
  0xB5F8, 0x8499, 0x8CD9, 0xB5D6, 0x9D15, 0xA577, 0x7CB5, 0x5BF3, 0x7476, 0x5393, 0x8CD4, 0x9D56,
  0x9D36, 0x8CD6, 0x94D7, 0xA57A, 0xADDB, 0x9D98, 0x8D16, 0x8CD4, 0x7495, 0x2B33, 0x01CE, 0x0928,
  0x0108, 0x1A0E, 0x53D3, 0x53B3, 0x2A90, 0x00CA, 0x00AB, 0x00CB, 0x00CB, 0x00AA, 0x0046, 0x0002,
  0x0000, 0x0024, 0x0067, 0x00AA, 0x00AA, 0x00CB, 0x010B, 0x012B, 0x014A, 0x014A, 0x014A, 0x014A,
  0x014A, 0x098A, 0x11AA, 0x098A, 0x118A, 0x19CB, 0x11AA, 0x118A, 0x19AA, 0x324D, 0x3A8D, 0x220B,
  0x21EB, 0x322C, 0x320B, 0x2A2E, 0x3AB2, 0x4B32, 0x63B3, 0x6BD4, 0x6393, 0x5352, 0x5331, 0x5351,
  0x5B92, 0x6392, 0x5B91, 0x6391, 0x5B71, 0x6BF3, 0x5B71, 0x4AEE, 0x4ACE, 0x324B, 0x1968, 0x1127,
  0x21C9, 0x3A6C, 0x4AAD, 0x52EE, 0x52EE, 0x52EF, 0x52CE, 0x4AAE, 0x4AAE, 0x4AAE, 0x4AAE, 0x4AAE,
  0x52F0, 0x52F1, 0x42D1, 0x4B93, 0x53D4, 0x3375, 0x5C36, 0x6C76, 0x8CD7, 0x6C57, 0x6457, 0x84B7,
  0x6457, 0x7CB7, 0x8D18, 0x84D7, 0x8C97, 0x8C78, 0x8438, 0x7BF9, 0x7BFA, 0x8C5A, 0x7C17, 0x73B5,
  0x73B3, 0x73F3, 0x6359, 0x6B7F, 0x945D, 0x8CDE, 0x75DF, 0x326E, 0x0000, 0x0020, 0x0000, 0x0000,
  0x0000, 0x0000, 0x0000, 0x0000, 0x0000, 0x0000, 0x0000, 0x0000, 0x0000, 0x0000, 0x0000, 0x0000,
  0x0000, 0x0000, 0x0000, 0x0000, 0x0000, 0x0000, 0x0000, 0x0000, 0x0000, 0x0000, 0x0000, 0x0000,
  0x0000, 0x0000, 0x0000, 0x0000, 0x0000, 0x0000, 0x0000, 0x0000, 0x0000, 0x0000, 0x0000, 0x0000,
  0x0000, 0x0000, 0x0000, 0x0000, 0x0000, 0x0000, 0x0000, 0x0000, 0x0000, 0x0000, 0x0000, 0x0000,
  0x0000, 0x0000, 0x0000, 0x0000, 0x0021, 0x5C58, 0x651E, 0x5CBB, 0x0153, 0x2B78, 0x3B98, 0x0113,
  0x5CFC, 0x2B18, 0x0B3A, 0x865E, 0xB6BE, 0xD79F, 0xC73F, 0xCF3F, 0xD75F, 0xCF3F, 0xCF3F, 0xD73F,
  0xCF1F, 0xCF1F, 0xD73F, 0xDF5F, 0xD71E, 0xDF3F, 0xDF3E, 0xD71E, 0xD71E, 0xD6FE, 0xD6FE, 0xC6BD,
  0xBE7C, 0xBE9C, 0xAE1B, 0x7D19, 0xC5FE, 0xC5FF, 0xA51F, 0xBDBF, 0xB5FE, 0xBDFF, 0xBDBF, 0xB59F,
  0x9CFF, 0xAD7F, 0xAD5F, 0x9D5F, 0xA59E, 0xCEBE, 0xDF3E, 0xBE7D, 0xBE5C, 0xBE5C, 0xBE3C, 0xC69C,
  0x951C, 0x4AFC, 0x2A1A, 0x7C9A, 0xB5FA, 0xBE3B, 0xBE3A, 0x9536, 0xADF9, 0xA5B9, 0x7CB6, 0xADD8,
  0x8CF5, 0x8493, 0x8CD5, 0x9537, 0x9517, 0x8CD5, 0x8CD5, 0x8CB4, 0x7453, 0x63F2, 0x5391, 0x21EC,
  0x19CD, 0x53B3, 0x84D6, 0x84F6, 0x7CD6, 0x3312, 0x008B, 0x004A, 0x0049, 0x0046, 0x0004, 0x0001,
  0x0000, 0x0001, 0x0024, 0x0048, 0x0069, 0x0089, 0x00A9, 0x00C9, 0x00E9, 0x00C9, 0x00C8, 0x00C8,
  0x00C8, 0x00A7, 0x00A6, 0x00A6, 0x00C6, 0x00C6, 0x00C6, 0x00E6, 0x00E7, 0x0928, 0x0927, 0x0948,
  0x2A2D, 0x21CC, 0x1169, 0x1169, 0x19CB, 0x220D, 0x324D, 0x2A2D, 0x2A2C, 0x21EB, 0x21AA, 0x2A0C,
  0x326E, 0x3A8E, 0x326D, 0x3A8D, 0x42AE, 0x42CE, 0x42AD, 0x3A6C, 0x324B, 0x21C9, 0x1988, 0x1968,
  0x1967, 0x29C9, 0x320A, 0x320A, 0x31EA, 0x2A0A, 0x29C9, 0x29A9, 0x29EA, 0x29CA, 0x29CA, 0x320B,
  0x320B, 0x320B, 0x29EB, 0x324C, 0x328D, 0x222D, 0x3ACF, 0x4B51, 0x63D2, 0x4B72, 0x3332, 0x4BB3,
  0x2B12, 0x4373, 0x5BD4, 0x63D4, 0x6395, 0x6BB6, 0x7C16, 0x7C36, 0x7C18, 0x8C5E, 0x9C9F, 0x8C3D,
  0x83FA, 0x6BB6, 0x5334, 0x7BBD, 0x94BF, 0x75DF, 0x3B31, 0x0000, 0x0000, 0x0000, 0x0000, 0x0000,
  0x0000, 0x0000, 0x0000, 0x0000, 0x0000, 0x0000, 0x0000, 0x0000, 0x0000, 0x0000, 0x0000, 0x0000,
  0x0000, 0x0000, 0x0000, 0x0000, 0x0000, 0x0000, 0x0000, 0x0000, 0x0000, 0x0000, 0x0000, 0x0000,
  0x0000, 0x0000, 0x0000, 0x0000, 0x0000, 0x0000, 0x0000, 0x0000, 0x0000, 0x0000, 0x0000, 0x0000,
  0x0000, 0x0000, 0x0000, 0x0000, 0x0000, 0x0000, 0x0000, 0x0000, 0x0000, 0x0000, 0x0000, 0x0000,
  0x0000, 0x0000, 0x0000, 0x0000, 0x0000, 0x0863, 0x64FB, 0x6D7F, 0x0A76, 0x3C1A, 0x4C7A, 0x1B18,
  0x6D5C, 0x5C9A, 0x54BB, 0x963D, 0x851E, 0xA5DF, 0xD73F, 0xDF7F, 0xE7BF, 0xDF7F, 0xD73F, 0xDF7F,
  0xE79F, 0xDF7F, 0xDF5F, 0xDF5F, 0xDF5F, 0xDF3E, 0xDF3E, 0xDF3E, 0xD6FE, 0xCEFE, 0xC6BD, 0xAE3B,
  0xAE1B, 0xB65C, 0xA5FB, 0x951E, 0xBD9F, 0xD67F, 0xDEFF, 0xD69E, 0xCE9E, 0xA59F, 0xAD7F, 0xAD7F,
  0xB5FD, 0xC5FC, 0xBDBB, 0x8C5B, 0x3ABC, 0x42FC, 0xB5FD, 0x7C7D, 0x2238, 0x957A, 0xCEBC, 0xBE7C,
  0x9D3D, 0x84BC, 0x953A, 0x641B, 0xADFC, 0xBE5B, 0xADD9, 0xADB8, 0x9557, 0x9DBA, 0x9599, 0xAE1A,
  0xADD9, 0xA5B9, 0x9536, 0x8CF5, 0x8CD4, 0x8493, 0x9536, 0xA5B9, 0xA599, 0x9557, 0x8D16, 0x7CF7,
  0x9579, 0x9558, 0x84F7, 0x7CF7, 0x7495, 0x4352, 0x016F, 0x22B2, 0x19AF, 0x0008, 0x0002, 0x0000,
  0x0000, 0x0000, 0x0003, 0x0027, 0x0027, 0x0047, 0x0047, 0x0067, 0x0087, 0x0087, 0x0087, 0x0086,
  0x0086, 0x0086, 0x0086, 0x00A6, 0x00C6, 0x00C6, 0x00C6, 0x00C6, 0x00E7, 0x0927, 0x0907, 0x0907,
  0x21EC, 0x324E, 0x2A2D, 0x324E, 0x3AB1, 0x5332, 0x5311, 0x42AF, 0x42CF, 0x3AAF, 0x3A8F, 0x3A8E,
  0x3A8E, 0x19CB, 0x3A8E, 0x6BD2, 0x7C33, 0x8454, 0x8C74, 0x9494, 0x9495, 0x6B70, 0x5AEE, 0x52AD,
  0x426C, 0x632F, 0x7390, 0x6B70, 0x6B30, 0x5AEF, 0x424C, 0x29EB, 0x1949, 0x320B, 0x428D, 0x428D,
  0x426C, 0x320B, 0x29EA, 0x320B, 0x3A6D, 0x2A6D, 0x3A8D, 0x4B2F, 0x5B90, 0x4B30, 0x1270, 0x3312,
  0x1271, 0x3312, 0x5372, 0x63D3, 0x63B2, 0x5B91, 0x6C15, 0x73FA, 0x73BC, 0x83DE, 0xA4BE, 0xC59F,
  0xC5BF, 0xB53F, 0xAD1D, 0x9CBE, 0x759F, 0x4BD5, 0x0000, 0x0000, 0x0000, 0x0000, 0x0000, 0x0000,
  0x0000, 0x0000, 0x0000, 0x0000, 0x0000, 0x0000, 0x0000, 0x0000, 0x0000, 0x0000, 0x0000, 0x0000,
  0x0000, 0x0000, 0x0000, 0x0000, 0x0000, 0x0000, 0x0000, 0x0000, 0x0000, 0x0000, 0x0000, 0x0000,
  0x0000, 0x0000, 0x0000, 0x0000, 0x0000, 0x0000, 0x0000, 0x0000, 0x0000, 0x0000, 0x0000, 0x0000,
  0x0000, 0x0000, 0x0000, 0x0000, 0x0000, 0x0000, 0x0000, 0x0000, 0x0000, 0x0000, 0x0000, 0x0000,
  0x0000, 0x0000, 0x0000, 0x0000, 0x0000, 0x0000, 0x08A4, 0x5CFC, 0x6DBF, 0x75BD, 0x85FD, 0x8E1D,
  0x85DC, 0x95FC, 0x9E3C, 0x9E1C, 0x647D, 0x5B5F, 0x7C7E, 0xDF7F, 0xC65F, 0x8C7F, 0x7C1F, 0x8C7F,
  0xA57F, 0xC69F, 0xF7DF, 0xEFBF, 0xE77F, 0xE75F, 0xE75F, 0xDF3E, 0xD71E, 0xC6BD, 0xAE3B, 0xAE1B,
  0xA5FB, 0xAE1B, 0xDF1E, 0xC5FF, 0x9C9F, 0xC61F, 0xD6DF, 0xB5DC, 0x63B4, 0x7439, 0xB5BF, 0x9D1F,
  0x6C3B, 0x6BF9, 0xAD58, 0xAD58, 0x8499, 0x325A, 0x223A, 0x3297, 0x2A3A, 0x2A59, 0x957A, 0x639B,
  0x8CBC, 0xBE7C, 0xCEDC, 0xBE5B, 0xB63B, 0xBE3A, 0x9D36, 0x9D35, 0x9D77, 0x6434, 0x6C96, 0xAE3B,
  0xBE5B, 0xADFA, 0x9515, 0x9516, 0xADD9, 0xA5D9, 0xA598, 0x9D99, 0x9D78, 0x9579, 0x9DBB, 0x959A,
  0x9557, 0x9D78, 0x9559, 0x8518, 0x7CF7, 0x6455, 0x53F4, 0x5C55, 0x5C77, 0x116F, 0x0004, 0x0001,
  0x0000, 0x0000, 0x0004, 0x0028, 0x0047, 0x0067, 0x0067, 0x0087, 0x0088, 0x00A8, 0x00A8, 0x0087,
  0x0066, 0x0066, 0x0086, 0x00A7, 0x00C7, 0x00C7, 0x00C6, 0x00C6, 0x00E6, 0x0107, 0x00E7, 0x0907,
  0x0928, 0x0928, 0x08E6, 0x08E7, 0x0908, 0x1969, 0x198A, 0x1169, 0x21AB, 0x2A0C, 0x21EC, 0x2A0D,
  0x21CB, 0x21ED, 0x6456, 0x9559, 0x84D7, 0x7CB7, 0x8CF7, 0x8CF7, 0x9537, 0x84D6, 0x8CD6, 0x94F7,
  0x84B6, 0x94F7, 0x9D38, 0x9518, 0x9D58, 0xAD9A, 0xADBA, 0xB5DB, 0xADBB, 0xA538, 0x4AAE, 0x426C,
  0x426C, 0x4AAD, 0x4ACE, 0x4AEF, 0x5B51, 0x4B93, 0x4B30, 0x532F, 0x6BD2, 0x4331, 0x0A50, 0x2AF2,
  0x1A93, 0x4B94, 0x63D3, 0x7434, 0x7413, 0x63B5, 0x6BB9, 0x7BF8, 0x7BF6, 0x7BD8, 0x8C3B, 0xAD1D,
  0xCDDE, 0xD61F, 0xCDFF, 0x85FF, 0x4C17, 0x0021, 0x0000, 0x0000, 0x0000, 0x0000, 0x0000, 0x0000,
  0x0000, 0x0000, 0x0000, 0x0000, 0x0000, 0x0000, 0x0000, 0x0000, 0x0000, 0x0000, 0x0000, 0x0000,
  0x0000, 0x0000, 0x0000, 0x0000, 0x0000, 0x0000, 0x0000, 0x0000, 0x0000, 0x0000, 0x0000, 0x0000,
  0x0000, 0x0000, 0x0000, 0x0000, 0x0000, 0x0000, 0x0000, 0x0000, 0x0000, 0x0000, 0x0000, 0x0000,
  0x0000, 0x0000, 0x0000, 0x0000, 0x0000, 0x0000, 0x0000, 0x0000, 0x0000, 0x0000, 0x0000, 0x0000,
  0x0000, 0x0000, 0x0000, 0x0000, 0x0000, 0x0020, 0x0000, 0x1106, 0x651D, 0x7DDF, 0xA67E, 0xA67F,
  0xA65F, 0xAE5F, 0xBEBF, 0xBE9E, 0x8D3C, 0x84BD, 0x6BDE, 0x8C9F, 0x9CBF, 0x8C3F, 0x8C3F, 0x83FF,
  0x6B7F, 0x633F, 0x94DF, 0xDF1F, 0xEF9F, 0xEF9F, 0xEF9F, 0xE77F, 0xE75F, 0xDF3F, 0xB67D, 0xAE1C,
  0xC67D, 0xE71F, 0xEF3F, 0xE71F, 0x9CDF, 0xBD9E, 0xC63D, 0xDEFF, 0xCE7D, 0x73D6, 0x9CFB, 0xBDDD,
  0x951A, 0x431A, 0x73FC, 0xAD5B, 0x8CD9, 0x8C7D, 0x7C3F, 0x29F2, 0x1970, 0x4B3D, 0x5B7C, 0x429C,
  0x8CFC, 0xBE5C, 0xBE5C, 0xCEBC, 0xC69C, 0xB619, 0xA577, 0xA577, 0x9D56, 0xADB8, 0x8D16, 0x9D98,
  0xC67C, 0xB63B, 0xADD9, 0xADFA, 0xADFA, 0xADFA, 0xA5B9, 0x8D16, 0x9537, 0x9D9A, 0xA5FB, 0x9579,
  0x84F6, 0x9558, 0x9558, 0x7CD6, 0x8538, 0x8539, 0x74D8, 0x6477, 0x6498, 0x3BB7, 0x0066, 0x0000,
  0x0000, 0x0000, 0x0002, 0x0027, 0x0027, 0x0027, 0x0047, 0x0088, 0x00A8, 0x0067, 0x0067, 0x0087,
  0x0087, 0x0087, 0x0087, 0x0087, 0x00A7, 0x00A7, 0x00A6, 0x00A6, 0x00A6, 0x00C6, 0x00C6, 0x00C6,
  0x00A6, 0x00E7, 0x0908, 0x1148, 0x1149, 0x198A, 0x2A0C, 0x326E, 0x3A8E, 0x3A6E, 0x3AAF, 0x2A2D,
  0x324D, 0x222E, 0x7435, 0xB578, 0xAD58, 0xA537, 0xA537, 0xB598, 0xAD78, 0xB5BA, 0xBE1B, 0xCE3B,
  0xCE1B, 0xCE5C, 0xCE5C, 0xCE5C, 0xCE7C, 0xD69D, 0xDEBD, 0xDEBD, 0xDEBE, 0xB59A, 0x426C, 0x52AC,
  0x52AD, 0x428C, 0x4ACE, 0x4AEF, 0x5330, 0x4352, 0x4B30, 0x5B91, 0x7434, 0x63D3, 0x3B52, 0x53B3,
  0x3333, 0x6414, 0x7455, 0x7C95, 0x7C55, 0x73F9, 0x7C16, 0x8C55, 0x9496, 0x9498, 0x9496, 0x94B6,
  0xA4FC, 0xB57E, 0x8DFF, 0x5479, 0x0841, 0x0000, 0x0000, 0x0000, 0x0000, 0x0000, 0x0000, 0x0000,
  0x0000, 0x0000, 0x0000, 0x0000, 0x0000, 0x0000, 0x0000, 0x0000, 0x0000, 0x0000, 0x0000, 0x0000,
  0x0000, 0x0000, 0x0000, 0x0000, 0x0000, 0x0000, 0x0000, 0x0000, 0x0000, 0x0000, 0x0000, 0x0000,
  0x0000, 0x0000, 0x0000, 0x0000, 0x0000, 0x0000, 0x0000, 0x0000, 0x0000, 0x0000, 0x0000, 0x0000,
  0x0000, 0x0000, 0x0000, 0x0000, 0x0000, 0x0000, 0x0000, 0x0000, 0x0000, 0x0000, 0x0000, 0x0000,
  0x0000, 0x0000, 0x0000, 0x0000, 0x0000, 0x0000, 0x0000, 0x0000, 0x1927, 0x6D5E, 0x8E1F, 0xA65D,
  0xA65D, 0x95FD, 0x95DC, 0x857B, 0x855B, 0x7D5A, 0xB67E, 0xB5BF, 0xACFF, 0xACFF, 0xAD1F, 0xA4FF,
  0x947F, 0x843F, 0xAD9F, 0xD6DF, 0xF7DF, 0xFFFF, 0xFFDF, 0xF7DF, 0xEF9F, 0xB65C, 0x8D7A, 0xB63D,
  0xC63D, 0xC65D, 0xD6BF, 0xEF7F, 0xBDFF, 0xDEBF, 0xDE7F, 0xD65F, 0xDEBF, 0x9CDB, 0xAD7B, 0xCEBF,
  0xD6DE, 0xA59A, 0x5B78, 0x7C5B, 0x951B, 0xAD7C, 0xC61E, 0xBDFF, 0x53DA, 0x6BFD, 0x6BBE, 0x84BD,
  0x7C5D, 0xA5BC, 0xC6BC, 0xCEDD, 0xCEFD, 0xC67C, 0xB5F9, 0xADD8, 0x9D36, 0x94F5, 0xA5B8, 0xADD9,
  0xA5B8, 0xA598, 0xA599, 0xADD9, 0xB61A, 0xB63B, 0xADFA, 0x9D78, 0x9D78, 0xB63C, 0xB65C, 0x9559,
  0x84D5, 0xA5DA, 0x9D99, 0x84D5, 0x84F6, 0x8539, 0x74D8, 0x6C98, 0x5C57, 0x4437, 0x11F0, 0x010C,
  0x0064, 0x00EA, 0x0023, 0x0005, 0x0068, 0x11EE, 0x090A, 0x0068, 0x00C9, 0x096A, 0x0929, 0x00A8,
  0x00C8, 0x00E9, 0x00E9, 0x00E8, 0x0108, 0x0129, 0x0128, 0x0948, 0x0928, 0x0927, 0x0928, 0x0927,
  0x0927, 0x0948, 0x0969, 0x118A, 0x198A, 0x21CB, 0x3A8F, 0x4AF1, 0x3A8F, 0x3A8E, 0x42CF, 0x3A8F,
  0x4ACF, 0x3A8F, 0x8C76, 0xAD38, 0xAD58, 0xAD57, 0xA537, 0xAD37, 0xA537, 0xB599, 0xB5B9, 0xC5DA,
  0xC5FA, 0xC61A, 0xCE3B, 0xCE3B, 0xCE5C, 0xCE5C, 0xD65C, 0xD67D, 0xCE5D, 0xC61B, 0xB578, 0x9CF6,
  0xAD78, 0xA537, 0x4ACE, 0x3A6C, 0x3A8E, 0x3311, 0x5B90, 0x5B91, 0x7454, 0x6C34, 0x53F5, 0x5BF4,
  0x5393, 0x7434, 0x8495, 0x7C56, 0x6BF9, 0x73F9, 0x5B78, 0x5B5A, 0x7BFB, 0x8C96, 0x8CB6, 0x7C3B,
  0x847B, 0x7D9F, 0x5CBA, 0x0882, 0x0000, 0x0000, 0x0000, 0x0000, 0x0000, 0x0000, 0x0000, 0x0000,
  0x0000, 0x0000, 0x0000, 0x0000, 0x0000, 0x0000, 0x0000, 0x0000, 0x0000, 0x0000, 0x0000, 0x0000,
  0x0000, 0x0000, 0x0000, 0x0000, 0x0000, 0x0000, 0x0000, 0x0000, 0x0000, 0x0000, 0x0000, 0x0000,
  0x0000, 0x0000, 0x0000, 0x0000, 0x0000, 0x0000, 0x0000, 0x0000, 0x0000, 0x0000, 0x0000, 0x0000,
  0x0000, 0x0000, 0x0000, 0x0000, 0x0000, 0x0000, 0x0000, 0x0000, 0x0000, 0x0000, 0x0000, 0x0000,
  0x0000, 0x0000, 0x0000, 0x0000, 0x0000, 0x0000, 0x0000, 0x0020, 0x0000, 0x1968, 0x6D5E, 0x7DBE,
  0xAE7D, 0xB69E, 0xB6BE, 0xBEFF, 0xD75F, 0x9E3D, 0xCEFE, 0xDF1F, 0xCE5F, 0xBD9F, 0xA4FF, 0x9C7F,
  0x9C9F, 0x945F, 0xB59F, 0xF79F, 0xF7DF, 0xEF9F, 0xEF7F, 0xEF7F, 0xE75E, 0xD6FD, 0xBE5C, 0xA5FC,
  0x5C78, 0x4BF6, 0x5C36, 0x6477, 0x6C97, 0x84F8, 0x9D7A, 0x94DD, 0xD67F, 0xC59C, 0xA499, 0xB5BD,
  0xC63E, 0xD69D, 0xC61C, 0x847B, 0x7438, 0x94FB, 0xC63E, 0xADBE, 0x8D3D, 0x5BBA, 0x8CDB, 0xBE7B,
  0x7C5C, 0x4B3C, 0x8D5D, 0xD6FD, 0xD6FD, 0xD71D, 0xCEDC, 0xCEDB, 0xC69C, 0x9D98, 0xADF9, 0xB61A,
  0x94F5, 0x8CB4, 0x8494, 0x9516, 0xA598, 0xADDA, 0xA5BA, 0x9558, 0x9558, 0xADFA, 0xA5FB, 0x8D38,
  0x7C95, 0x9559, 0x9558, 0x7CB6, 0x7CB6, 0x74B7, 0x6C96, 0x5C36, 0x4BF6, 0x2AF4, 0x0088, 0x0025,
  0x0001, 0x0001, 0x0025, 0x0049, 0x006A, 0x096C, 0x00EA, 0x0089, 0x00A9, 0x094B, 0x012A, 0x00C9,
  0x00E9, 0x00E9, 0x00C9, 0x00C8, 0x00C8, 0x0129, 0x0949, 0x0928, 0x0928, 0x0927, 0x0927, 0x0927,
  0x0927, 0x0906, 0x0107, 0x0908, 0x19AB, 0x21EC, 0x21CB, 0x220C, 0x2A4E, 0x2A4D, 0x118A, 0x2A0C,
  0x42AE, 0x52F0, 0x9CD7, 0xA518, 0xAD38, 0xA537, 0xAD57, 0xA537, 0xAD58, 0xB599, 0xB5B9, 0xC5FA,
  0xC5FA, 0xC61A, 0xCE3B, 0xCE5B, 0xCE5C, 0xD65C, 0xD67C, 0xD69D, 0xC61C, 0xC63D, 0x8C95, 0x4AAD,
  0x5B50, 0xBE1B, 0x94B5, 0x29E9, 0x3A4B, 0x4330, 0x534F, 0x5B6F, 0x6BF2, 0x7433, 0x5BF4, 0x7C74,
  0x6C34, 0x7C73, 0x7C56, 0x73F8, 0x7416, 0x7C56, 0x6C19, 0x63BB, 0x73F4, 0x7C14, 0x7BFA, 0x7C3A,
  0x7D7E, 0x64DB, 0x0883, 0x0000, 0x0000, 0x0000, 0x0000, 0x0000, 0x0000, 0x0000, 0x0000, 0x0000,
  0x0000, 0x0000, 0x0000, 0x0000, 0x0000, 0x0000, 0x0000, 0x0000, 0x0000, 0x0000, 0x0000, 0x0000,
  0x0000, 0x0000, 0x0000, 0x0000, 0x0000, 0x0000, 0x0000, 0x0000, 0x0000, 0x0000, 0x0000, 0x0000,
  0x0000, 0x0000, 0x0000, 0x0000, 0x0000, 0x0000, 0x0000, 0x0000, 0x0000, 0x0000, 0x0000, 0x0000,
  0x0000, 0x0000, 0x0000, 0x0000, 0x0000, 0x0000, 0x0000, 0x0000, 0x0000, 0x0000, 0x0000, 0x0000,
  0x0000, 0x0000, 0x0000, 0x0000, 0x0000, 0x0000, 0x0000, 0x0000, 0x0020, 0x0000, 0x2188, 0x6D7E,
  0x9E3F, 0xB5BF, 0xC65F, 0xEFDF, 0xE79F, 0x8DBD, 0x8CBE, 0xCE1F, 0xFFFF, 0xFFFF, 0xEF9F, 0xB59F,
  0x8C1F, 0x83DF, 0x7BBF, 0x8C3F, 0xC65D, 0xC65B, 0xC65B, 0xCE7B, 0xCE9B, 0xCE7B, 0xAE1A, 0x7D39,
  0x6498, 0x5437, 0x4BF5, 0x43D5, 0x4BF4, 0x3352, 0x4393, 0x3B32, 0x4353, 0x7416, 0x9C99, 0xCE5E,
  0xCEBF, 0xDEFF, 0xE71F, 0xE6DF, 0xBDFD, 0xB61D, 0xD6BF, 0xC65F, 0x7C9C, 0x3AD4, 0x6C18, 0xADD9,
  0x7477, 0x5B7A, 0x7499, 0xA5BB, 0xC67B, 0xADFB, 0x8CFC, 0x7C5C, 0x7C7B, 0x9517, 0xA598, 0xA598,
  0xA558, 0xA558, 0xA557, 0x9D37, 0x9D17, 0x94F7, 0x8CF6, 0x84B6, 0x84D6, 0x8D17, 0x8CF7, 0x84D6,
  0x7C75, 0x7475, 0x7C95, 0x7475, 0x6C34, 0x53D4, 0x53D4, 0x4BB5, 0x2B35, 0x00CB, 0x0003, 0x0001,
  0x0000, 0x0003, 0x0049, 0x006A, 0x0069, 0x0049, 0x0069, 0x00A9, 0x00CA, 0x00A9, 0x00C9, 0x00EA,
  0x0109, 0x00E9, 0x00E9, 0x0109, 0x0929, 0x116A, 0x116A, 0x116A, 0x1169, 0x1168, 0x1168, 0x1968,
  0x1148, 0x0927, 0x0107, 0x0907, 0x1149, 0x118A, 0x2A4D, 0x3ACF, 0x4310, 0x5351, 0x324D, 0x322C,
  0x42AE, 0x4AAF, 0x9CD7, 0xA518, 0xA518, 0xAD37, 0xAD78, 0xAD58, 0xAD78, 0xB5B9, 0xB5BA, 0xBDFA,
  0xC5FA, 0xC61B, 0xCE3B, 0xCE5C, 0xCE5C, 0xCE7C, 0xD69D, 0xD69D, 0xD67D, 0xA559, 0x4ACD, 0x52CD,
  0x426C, 0x7414, 0xAD79, 0x320A, 0x3A4B, 0x5371, 0x63D1, 0x6BD1, 0x7C32, 0x7C32, 0x6C12, 0x63F3,
  0x6C34, 0x8474, 0x8457, 0x7C36, 0x7436, 0x8C7B, 0x9CFE, 0x8C96, 0x7C55, 0x7C39, 0x8479, 0x85BF,
  0x64DB, 0x08A3, 0x0000, 0x0000, 0x0000, 0x0000, 0x0000, 0x0000, 0x0000, 0x0000, 0x0000, 0x0000,
  0x0000, 0x0000, 0x0000, 0x0000, 0x0000, 0x0000, 0x0000, 0x0000, 0x0000, 0x0000, 0x0000, 0x0000,
  0x0000, 0x0000, 0x0000, 0x0000, 0x0000, 0x0000, 0x0000, 0x0000, 0x0000, 0x0000, 0x0000, 0x0000,
  0x0000, 0x0000, 0x0000, 0x0000, 0x0000, 0x0000, 0x0000, 0x0000, 0x0000, 0x0000, 0x0000, 0x0000,
  0x0000, 0x0000, 0x0000, 0x0000, 0x0000, 0x0000, 0x0000, 0x0000, 0x0000, 0x0000, 0x0000, 0x0000,
  0x0000, 0x0000, 0x0000, 0x0000, 0x0000, 0x0000, 0x0000, 0x0000, 0x0000, 0x0020, 0x0000, 0x1968,
  0x653E, 0x7D3F, 0xB57F, 0xE75F, 0xCE9F, 0x9CDE, 0x9C9E, 0xACFF, 0xBDBF, 0xDEFF, 0xE77E, 0xE75D,
  0xCE7E, 0x94BE, 0x739E, 0x5ABE, 0x7BFD, 0xC619, 0xBDD9, 0xBDB8, 0xB5B8, 0x9D58, 0x74F7, 0x6CB7,
  0x6CD7, 0x6496, 0x4BF5, 0x5C35, 0x74B6, 0x7496, 0x7495, 0x3B31, 0x4352, 0x014B, 0x2A2F, 0xCE7E,
  0xD69F, 0xC65F, 0xB5DF, 0xBD9F, 0xDE7F, 0xDEBF, 0x7C35, 0x94D7, 0xD67F, 0x94DF, 0x845E, 0x7C5A,
  0x9D15, 0x4B38, 0x6BF7, 0x63F7, 0x741D, 0x531E, 0x42BD, 0x639B, 0x9518, 0x9536, 0x8D16, 0x6C13,
  0x7C13, 0x7C54, 0x8474, 0x8CD6, 0x8CB6, 0x8CB5, 0x8495, 0x8495, 0x8495, 0x7C75, 0x7C95, 0x5BD3,
  0x53B3, 0x7C95, 0x7C95, 0x7C75, 0x7475, 0x4BB4, 0x11CF, 0x11F0, 0x0970, 0x002A, 0x0024, 0x0000,
  0x0000, 0x0021, 0x0025, 0x0049, 0x0069, 0x0069, 0x0089, 0x00A9, 0x00CA, 0x00CA, 0x00C9, 0x00E9,
  0x00E9, 0x00E9, 0x0109, 0x014A, 0x096B, 0x096A, 0x0969, 0x0969, 0x1168, 0x1189, 0x1989, 0x1989,
  0x1989, 0x1148, 0x0107, 0x0907, 0x0949, 0x118A, 0x220D, 0x21EC, 0x19AA, 0x21AA, 0x21EB, 0x3A6D,
  0x530E, 0x3A4D, 0x8C96, 0xAD58, 0xAD58, 0xAD79, 0xAD79, 0xAD79, 0xA579, 0xADB9, 0xBDDA, 0xC5FA,
  0xC61A, 0xC61B, 0xC63B, 0xCE5C, 0xCE5C, 0xD67C, 0xD69D, 0xDEBD, 0xD6BE, 0x94D7, 0x4AAD, 0x52EE,
  0x426B, 0x5B91, 0xAD99, 0x426C, 0x4AAD, 0x5371, 0x6BF2, 0x7C32, 0x7C32, 0x7C32, 0x7412, 0x6C12,
  0x6C12, 0x8C94, 0x8CB5, 0x73F7, 0x73DB, 0x9CBF, 0x9CBC, 0x8C94, 0x8CB6, 0x94F6, 0x7DBE, 0x5CBA,
  0x08A3, 0x0000, 0x0000, 0x0000, 0x0000, 0x0000, 0x0000, 0x0000, 0x0000, 0x0000, 0x0000, 0x0000,
  0x0000, 0x0000, 0x0000, 0x0000, 0x0000, 0x0000, 0x0000, 0x0000, 0x0000, 0x0000, 0x0000, 0x0000,
  0x0000, 0x0000, 0x0000, 0x0000, 0x0000, 0x0000, 0x0000, 0x0000, 0x0000, 0x0000, 0x0000, 0x0000,
  0x0000, 0x0000, 0x0000, 0x0000, 0x0000, 0x0000, 0x0000, 0x0000, 0x0000, 0x0000, 0x0000, 0x0000,
  0x0000, 0x0000, 0x0000, 0x0000, 0x0000, 0x0000, 0x0000, 0x0000, 0x0000, 0x0000, 0x0000, 0x0000,
  0x0000, 0x0000, 0x0000, 0x0000, 0x0000, 0x0000, 0x0000, 0x0000, 0x0000, 0x0000, 0x0020, 0x0000,
  0x1947, 0x6D5D, 0x8DBF, 0xC5FF, 0xBD7F, 0xB55F, 0xAD1F, 0xA4DF, 0x9C9F, 0xA51F, 0xCE9D, 0xD6FC,
  0xDF1C, 0xD6DC, 0xADDC, 0x7C3C, 0x4ADC, 0x9D1A, 0xBDF8, 0xB5D9, 0xB5B8, 0xA536, 0xB5B8, 0xBE3A,
  0xADD9, 0xB619, 0xA5B8, 0x8D16, 0x7495, 0x6413, 0x84B5, 0x6413, 0x4B93, 0x3B12, 0x09CE, 0x3AB1,
  0xAD1E, 0xB57D, 0xA51E, 0x7BDA, 0x6B94, 0xA55B, 0x1189, 0x0949, 0xB5BB, 0x63B4, 0x4B14, 0x6BFE,
  0x7C39, 0x8CD7, 0x537C, 0x7BFD, 0x843F, 0x7BFE, 0x7C1D, 0x8C9D, 0x845C, 0x8479, 0x7C98, 0x42CF,
  0x6390, 0x7C33, 0x7433, 0x8495, 0x8CD6, 0x8CB5, 0x8495, 0x7C53, 0x7C95, 0x63F3, 0x4B72, 0x11AC,
  0x19CC, 0x5372, 0x6415, 0x6415, 0x4B93, 0x1A30, 0x00EC, 0x008B, 0x006B, 0x0028, 0x0003, 0x0001,
  0x0001, 0x0002, 0x0004, 0x0047, 0x0069, 0x0069, 0x0069, 0x0089, 0x00A9, 0x00AA, 0x00CA, 0x00C9,
  0x00E9, 0x00EA, 0x010A, 0x0109, 0x096B, 0x222F, 0x220F, 0x21ED, 0x21EC, 0x19A9, 0x1168, 0x1989,
  0x1989, 0x1168, 0x0928, 0x0106, 0x0106, 0x196B, 0x3250, 0x220B, 0x21CA, 0x1968, 0x19AA, 0x324C,
  0x42AD, 0x2A0C, 0x8476, 0xB599, 0xAD59, 0xA559, 0x9D59, 0x9D79, 0xA579, 0xA5BA, 0xB5DA, 0xBDFA,
  0xC61B, 0xC61B, 0xCE5C, 0xCE5C, 0xC65C, 0xCE7D, 0xD6BD, 0xDEFE, 0xD69E, 0x73D3, 0x3A0A, 0x52CE,
  0x5B33, 0x6BD7, 0x8C96, 0x3A4C, 0x324B, 0x430E, 0x6BD1, 0x7C11, 0x7C11, 0x7C11, 0x8432, 0x73F2,
  0x4313, 0x6BD2, 0x6376, 0x5B39, 0x83FC, 0x9CBF, 0x8C7B, 0x7C12, 0x7C53, 0x7DDF, 0x5C9A, 0x0882,
  0x0000, 0x0000, 0x0000, 0x0000, 0x0000, 0x0000, 0x0000, 0x0000, 0x0000, 0x0000, 0x0000, 0x0000,
  0x0000, 0x0000, 0x0000, 0x0000, 0x0000, 0x0000, 0x0000, 0x0000, 0x0000, 0x0000, 0x0000, 0x0000,
  0x0000, 0x0000, 0x0000, 0x0000, 0x0000, 0x0000, 0x0000, 0x0000, 0x0000, 0x0000, 0x0000, 0x0000,
  0x0000, 0x0000, 0x0000, 0x0000, 0x0000, 0x0000, 0x0000, 0x0000, 0x0000, 0x0000, 0x0000, 0x0000,
  0x0000, 0x0000, 0x0000, 0x0000, 0x0000, 0x0000, 0x0000, 0x0000, 0x0000, 0x0000, 0x0000, 0x0000,
  0x0000, 0x0000, 0x0000, 0x0000, 0x0000, 0x0000, 0x0000, 0x0000, 0x0000, 0x0000, 0x0000, 0x0020,
  0x0000, 0x1926, 0x5D1D, 0x85BF, 0xB57F, 0xB57F, 0xB55F, 0xA4FF, 0x949F, 0x945F, 0xBE1F, 0xE77E,
  0xDF1E, 0xD6FD, 0xD6FD, 0xD6FC, 0xA5DC, 0x84DB, 0xCEBB, 0xBE5B, 0xBE3A, 0xB5B8, 0xAD97, 0xB5D8,
  0xBDF9, 0xB5D8, 0xBE39, 0xB5D8, 0xB5D8, 0xA598, 0x94F6, 0x9536, 0x9558, 0x74B7, 0x2A91, 0x09AD,
  0x9D5A, 0xC5FD, 0xAD1C, 0x8C78, 0x0969, 0x222D, 0x19ED, 0x098B, 0x19CC, 0x00A5, 0x322E, 0xA4FE,
  0x8419, 0x9D1A, 0x94DF, 0xAD3F, 0xBD9F, 0xA4FF, 0x9CBF, 0x9CDF, 0x845C, 0x741A, 0x42D8, 0x19D1,
  0x2A2D, 0x322C, 0x4ACD, 0x6BD2, 0x6BD2, 0x5B50, 0x4AEE, 0x4AEF, 0x4B10, 0x42EF, 0x2A4E, 0x00E9,
  0x00C9, 0x118D, 0x2A6F, 0x32D1, 0x11AE, 0x010D, 0x00CC, 0x006A, 0x0049, 0x0023, 0x0002, 0x0001,
  0x0000, 0x0001, 0x0003, 0x0026, 0x0049, 0x0069, 0x0069, 0x0069, 0x0069, 0x0089, 0x0089, 0x0089,
  0x00A9, 0x00C9, 0x00E9, 0x00E9, 0x00E9, 0x19AE, 0x639C, 0x637C, 0x633B, 0x4AB7, 0x21CD, 0x1168,
  0x1989, 0x1168, 0x1147, 0x218D, 0x31F4, 0x4258, 0x21CC, 0x21EB, 0x2A2C, 0x2A2B, 0x3A6C, 0x4AEE,
  0x636F, 0x5B4F, 0x8496, 0x8D39, 0x8519, 0x8D39, 0x9579, 0xA5BA, 0xADBA, 0xB5DA, 0xB5DA, 0xBDFB,
  0xC61B, 0xC63B, 0xCE5C, 0xCE7C, 0xCE7C, 0xCE9D, 0xCE9D, 0xC69D, 0xC67D, 0x6350, 0x3A2A, 0x3A2A,
  0x428E, 0x8C9B, 0x73BA, 0x7398, 0x5AF3, 0x5311, 0x5B50, 0x634F, 0x7C11, 0x8453, 0x7C32, 0x32B4,
  0x2A94, 0x4AD6, 0x4AB9, 0x635A, 0x843D, 0x9CBF, 0x8C59, 0x7434, 0x75BF, 0x5C78, 0x0862, 0x0000,
  0x0000, 0x0000, 0x0000, 0x0000, 0x0000, 0x0000, 0x0000, 0x0000, 0x0000, 0x0000, 0x0000, 0x0000,
  0x0000, 0x0000, 0x0000, 0x0000, 0x0000, 0x0000, 0x0000, 0x0000, 0x0000, 0x0000, 0x0000, 0x0000,
  0x0000, 0x0000, 0x0000, 0x0000, 0x0000, 0x0000, 0x0000, 0x0000, 0x0000, 0x0000, 0x0000, 0x0000,
  0x0000, 0x0000, 0x0000, 0x0000, 0x0000, 0x0000, 0x0000, 0x0000, 0x0000, 0x0000, 0x0000, 0x0000,
  0x0000, 0x0000, 0x0000, 0x0000, 0x0000, 0x0000, 0x0000, 0x0000, 0x0000, 0x0000, 0x0000, 0x0000,
  0x0000, 0x0000, 0x0000, 0x0000, 0x0000, 0x0000, 0x0000, 0x0000, 0x0000, 0x0000, 0x0000, 0x0000,
  0x0020, 0x0000, 0x10E5, 0x5CDB, 0x85DF, 0xAD3E, 0xBDBF, 0xD6FF, 0xD6FF, 0xB5FF, 0xC67F, 0xEFBF,
  0xE77F, 0xDF3E, 0xD71E, 0xD71E, 0xE75E, 0xC69D, 0xBE9D, 0xCEDD, 0xCEBD, 0xC69C, 0xCEBC, 0xCEBC,
  0xCEBC, 0xC65A, 0xBE3A, 0xC65B, 0xB5F9, 0xC67B, 0xC69B, 0xBE3A, 0xBE3A, 0xBE5B, 0x8518, 0x43D6,
  0x8519, 0xEF3F, 0xC5FE, 0xB59C, 0x4B10, 0x2A6F, 0x22F6, 0x1AF8, 0x11EF, 0x11AC, 0x8498, 0xC61F,
  0x94BE, 0x7C7E, 0xB5BE, 0xDEBF, 0xCE3F, 0x845D, 0x741B, 0xA539, 0x9514, 0x5BD3, 0x2A4F, 0x09AD,
  0x222E, 0x3B11, 0x63F3, 0x7C95, 0x7433, 0x6BD2, 0x63B1, 0x6391, 0x324D, 0x198B, 0x094B, 0x00C9,
  0x00C9, 0x00EA, 0x094B, 0x114B, 0x092B, 0x092C, 0x00EB, 0x00AA, 0x0089, 0x0069, 0x0026, 0x0004,
  0x0001, 0x0002, 0x0025, 0x0048, 0x008A, 0x00AA, 0x00AA, 0x00AA, 0x00A9, 0x00A9, 0x00CA, 0x00CA,
  0x00EA, 0x00EA, 0x00E9, 0x00EA, 0x012A, 0x00A7, 0x2A12, 0x6B9D, 0x6B7C, 0x52FC, 0x52DC, 0x2A2F,
  0x0947, 0x1168, 0x31F2, 0x52BB, 0x4A9B, 0x2191, 0x0063, 0x00A6, 0x00E7, 0x0108, 0x1989, 0x3A2B,
  0x428C, 0x4AAD, 0x3312, 0x64B9, 0x8539, 0x955A, 0x9D9A, 0xA5BA, 0xADDA, 0xB5DA, 0xBDFB, 0xC61B,
  0xC65C, 0xCE5C, 0xCE7C, 0xCE9D, 0xD69D, 0xD6BD, 0xCEBD, 0xBE9D, 0x957A, 0x29C9, 0x2188, 0x2A0A,
  0x8CD5, 0x7C53, 0x5B34, 0x83FE, 0x8BFF, 0x83FE, 0x7BFC, 0x7C18, 0x6B91, 0x52EE, 0x4AAD, 0x326F,
  0x4AF6, 0x5B19, 0x5AF9, 0x739B, 0x8C3E, 0x9CBE, 0x7C9B, 0x6D9F, 0x4BD6, 0x0021, 0x0000, 0x0000,
  0x0000, 0x0000, 0x0000, 0x0000, 0x0000, 0x0000, 0x0000, 0x0000, 0x0000, 0x0000, 0x0000, 0x0000,
  0x0000, 0x0000, 0x0000, 0x0000, 0x0000, 0x0000, 0x0000, 0x0000, 0x0000, 0x0000, 0x0000, 0x0000,
  0x0000, 0x0000, 0x0000, 0x0000, 0x0000, 0x0000, 0x0000, 0x0000, 0x0000, 0x0000, 0x0000, 0x0000,
  0x0000, 0x0000, 0x0000, 0x0000, 0x0000, 0x0000, 0x0000, 0x0000, 0x0000, 0x0000, 0x0000, 0x0000,
  0x0000, 0x0000, 0x0000, 0x0000, 0x0000, 0x0000, 0x0000, 0x0000, 0x0000, 0x0000, 0x0000, 0x0000,
  0x0000, 0x0000, 0x0000, 0x0000, 0x0000, 0x0000, 0x0000, 0x0000, 0x0000, 0x0000, 0x0000, 0x0000,
  0x0000, 0x0020, 0x0000, 0x0883, 0x5458, 0x759F, 0xB63F, 0xFFFF, 0xE75F, 0xC65F, 0xC63F, 0xDEFF,
  0xEF9F, 0xE79F, 0xD71E, 0xE77F, 0xE75F, 0xD73E, 0xCEFE, 0xD71E, 0xDF3E, 0xE77F, 0xDF5E, 0xDF3E,
  0xDF3E, 0xD6FD, 0xCE9C, 0xD6FD, 0xD6FD, 0xCEBC, 0xCEDC, 0xD6DD, 0xB63B, 0xBE7B, 0xBE9C, 0x6CD8,
  0x74B8, 0xDE9F, 0xA539, 0x3AAD, 0x42CE, 0x5372, 0x4C5C, 0x447F, 0x2B38, 0x2A6F, 0x19CB, 0x5372,
  0xDEFF, 0xADFE, 0xB63F, 0xDEBF, 0xBDFF, 0x84BD, 0x8CDB, 0x7C57, 0x8494, 0x7CD4, 0x84B5, 0x84B4,
  0x8472, 0x8C93, 0x9D77, 0xADB8, 0x8D16, 0x328E, 0x094A, 0x116A, 0x0949, 0x00E9, 0x00A9, 0x0089,
  0x00A9, 0x00A9, 0x00C9, 0x00C9, 0x00CA, 0x00CA, 0x00CB, 0x00AA, 0x0068, 0x0047, 0x0026, 0x0002,
  0x0001, 0x0002, 0x0025, 0x008B, 0x00AB, 0x00AA, 0x00AA, 0x00AA, 0x00CA, 0x00CA, 0x010A, 0x010A,
  0x010A, 0x012A, 0x012A, 0x012A, 0x00C9, 0x19CD, 0x4B73, 0x73DC, 0x6B7D, 0x5B3C, 0x5AFC, 0x633B,
  0x324E, 0x2A11, 0x52FB, 0x637B, 0x52FB, 0x42B1, 0x2A0A, 0x21EB, 0x220C, 0x222D, 0x2A4D, 0x42EF,
  0x5B70, 0x5B70, 0x3ACF, 0x5458, 0x8D5A, 0x957A, 0x9D9B, 0xA5DB, 0xB5FB, 0xBE1B, 0xC63C, 0xCE5C,
  0xCE7C, 0xD69D, 0xD69D, 0xD6BD, 0xD6DE, 0xD6DE, 0xCEBE, 0xA63D, 0x9DBA, 0x94D4, 0x9516, 0xA578,
  0x6BB1, 0x31E9, 0x4A8E, 0x6B7B, 0x8C1F, 0x8C3F, 0x83FF, 0x7BDF, 0x739A, 0x5332, 0x42EF, 0x4AD0,
  0x5B19, 0x6B7B, 0x73BB, 0x7BFC, 0x83DD, 0x84BE, 0x75DF, 0x4373, 0x0000, 0x0000, 0x0000, 0x0000,
  0x0000, 0x0000, 0x0000, 0x0000, 0x0000, 0x0000, 0x0000, 0x0000, 0x0000, 0x0000, 0x0000, 0x0000,
  0x0000, 0x0000, 0x0000, 0x0000, 0x0000, 0x0000, 0x0000, 0x0000, 0x0000, 0x0000, 0x0000, 0x0000,
  0x0000, 0x0000, 0x0000, 0x0000, 0x0000, 0x0000, 0x0000, 0x0000, 0x0000, 0x0000, 0x0000, 0x0000,
  0x0000, 0x0000, 0x0000, 0x0000, 0x0000, 0x0000, 0x0000, 0x0000, 0x0000, 0x0000, 0x0000, 0x0000,
  0x0000, 0x0000, 0x0000, 0x0000, 0x0000, 0x0000, 0x0000, 0x0000, 0x0000, 0x0000, 0x0000, 0x0000,
  0x0000, 0x0000, 0x0000, 0x0000, 0x0000, 0x0000, 0x0000, 0x0000, 0x0000, 0x0000, 0x0000, 0x0000,
  0x0000, 0x0000, 0x0000, 0x0000, 0x0041, 0x43B5, 0x75FF, 0xCEFF, 0xD65F, 0xBDDF, 0xB57F, 0xA4DF,
  0xD69F, 0xFFFF, 0xC6BF, 0x955E, 0xEFBF, 0xE77F, 0xDF3E, 0xD73E, 0xE77F, 0xEFBF, 0xE77F, 0xDF3E,
  0xDF3E, 0xDF1E, 0xD71E, 0xCEDD, 0xD71D, 0xCEDC, 0xCEDD, 0xB65C, 0xAE3B, 0xBE9D, 0xBE9D, 0x9DFA,
  0x7CBA, 0xACFF, 0xB59E, 0xA559, 0x8CD6, 0x5BD3, 0x6436, 0x5C79, 0x53F6, 0x4B51, 0x5330, 0x3AAE,
  0xADBC, 0xDEFF, 0xDEDF, 0xCE9F, 0xADBE, 0x94DC, 0x6BFC, 0x4AFD, 0x4AFB, 0x9519, 0xC638, 0xBE19,
  0xAD97, 0x8C92, 0x8471, 0x9D35, 0xB5F8, 0x7C95, 0x2A90, 0x5372, 0x0909, 0x00C8, 0x21ED, 0x326F,
  0x116C, 0x094B, 0x090A, 0x00EA, 0x00AA, 0x008A, 0x008A, 0x008A, 0x0069, 0x0069, 0x0048, 0x0024,
  0x0002, 0x0026, 0x0047, 0x0089, 0x00AB, 0x00CA, 0x00CA, 0x00CA, 0x00EA, 0x00EA, 0x010A, 0x012A,
  0x012A, 0x014A, 0x014B, 0x00A9, 0x3291, 0x9E1C, 0xA63C, 0x8D3C, 0x6B7D, 0x739D, 0x7BFD, 0x841F,
  0x52F6, 0x4277, 0x7BDD, 0x6B7B, 0x2A12, 0x3AD0, 0x4332, 0x3AF0, 0x4311, 0x4B72, 0x4B72, 0x4B93,
  0x53D4, 0x53D3, 0x53D3, 0x3B94, 0x753A, 0x959B, 0xA5DB, 0xADFB, 0xBE3C, 0xC65C, 0xCE9D, 0xCE9D,
  0xD6BD, 0xD6DD, 0xDEDE, 0xDEFE, 0xDF1E, 0xDEFE, 0xCEDE, 0x855B, 0x857A, 0x9DDC, 0x95BB, 0x7D17,
  0x6C75, 0x7CD6, 0x6456, 0x6B7C, 0x8C1F, 0x947F, 0x8C3F, 0x7BBF, 0x7BBF, 0x7BDE, 0x745A, 0x5B98,
  0x6B5C, 0x8C7D, 0x9CBD, 0x83DB, 0x6C7E, 0x6D9F, 0x32AF, 0x0000, 0x0000, 0x0000, 0x0000, 0x0000,
  0x0000, 0x0000, 0x0000, 0x0000, 0x0000, 0x0000, 0x0000, 0x0000, 0x0000, 0x0000, 0x0000, 0x0000,
  0x0000, 0x0000, 0x0000, 0x0000, 0x0000, 0x0000, 0x0000, 0x0000, 0x0000, 0x0000, 0x0000, 0x0000,
  0x0000, 0x0000, 0x0000, 0x0000, 0x0000, 0x0000, 0x0000, 0x0000, 0x0000, 0x0000, 0x0000, 0x0000,
  0x0000, 0x0000, 0x0000, 0x0000, 0x0000, 0x0000, 0x0000, 0x0000, 0x0000, 0x0000, 0x0000, 0x0000,
  0x0000, 0x0000, 0x0000, 0x0000, 0x0000, 0x0000, 0x0000, 0x0000, 0x0000, 0x0000, 0x0000, 0x0000,
  0x0000, 0x0000, 0x0000, 0x0000, 0x0000, 0x0000, 0x0000, 0x0000, 0x0000, 0x0000, 0x0000, 0x0000,
  0x0000, 0x0000, 0x0000, 0x0000, 0x0000, 0x0000, 0x3AF1, 0x6D7F, 0xA5DF, 0xF79F, 0xEFBF, 0xB5DF,
  0xBDDF, 0xE73F, 0xC65F, 0x6C1E, 0xC6BF, 0xEFBF, 0xF7DF, 0xEF9F, 0xEFBF, 0xEF9F, 0xE77F, 0xE75F,
  0xDF5F, 0xDF5F, 0xDF3E, 0xDF3E, 0xDF5E, 0xD6FE, 0xAE3C, 0xA5FB, 0xAE1B, 0xB65C, 0xB69D, 0xAE3C,
  0xA59D, 0xAD5F, 0xCE3F, 0xF75F, 0xA579, 0x4310, 0x5BD3, 0x8CF6, 0x4B51, 0x3AEF, 0xA57B, 0xC5FF,
  0xBDDE, 0xD6BF, 0xB579, 0xBDBB, 0xCE5D, 0xD67E, 0xB59B, 0x6397, 0x639C, 0x533D, 0x951C, 0xC65A,
  0xBE3A, 0xC65B, 0xADB8, 0x94D3, 0x8C92, 0x9515, 0x6C75, 0x9DB9, 0x8D17, 0x118B, 0x21CC, 0x2A2D,
  0x21CC, 0x19CD, 0x19CC, 0x118B, 0x092A, 0x00EA, 0x00A9, 0x008A, 0x0067, 0x0023, 0x0022, 0x0001,
  0x0000, 0x0002, 0x0025, 0x0048, 0x0069, 0x0069, 0x006A, 0x008A, 0x008A, 0x00CA, 0x00E9, 0x010A,
  0x014A, 0x012A, 0x00AA, 0x5394, 0x8D79, 0x21EE, 0x19F0, 0x1A10, 0x3255, 0x7BBD, 0x9C9E, 0xA4FF,
  0x5B37, 0x4AB4, 0x73DC, 0x42B6, 0x21CF, 0x3274, 0x6BBA, 0x5317, 0x198E, 0x00C9, 0x012B, 0x014B,
  0x014A, 0x016B, 0x014B, 0x016C, 0x3333, 0x855B, 0xB63C, 0xBE7D, 0xC69D, 0xCEBD, 0xD6FE, 0xDEFE,
  0xDF1E, 0xE71E, 0xE73E, 0xE73F, 0xE75F, 0xDF5F, 0x8D9B, 0x122F, 0x01AD, 0x09CD, 0x120E, 0x1A90,
  0x22B0, 0x2290, 0x2B14, 0x6B9D, 0x83BF, 0x943F, 0x9C7F, 0x8C1F, 0x7BBF, 0x7BDF, 0x843E, 0x845D,
  0x841E, 0xA4DE, 0xA4FD, 0x74FE, 0x655E, 0x220B, 0x0000, 0x0000, 0x0000, 0x0000, 0x0000, 0x0000,
  0x0000, 0x0000, 0x0000, 0x0000, 0x0000, 0x0000, 0x0000, 0x0000, 0x0000, 0x0000, 0x0000, 0x0000,
  0x0000, 0x0000, 0x0000, 0x0000, 0x0000, 0x0000, 0x0000, 0x0000, 0x0000, 0x0000, 0x0000, 0x0000,
  0x0000, 0x0000, 0x0000, 0x0000, 0x0000, 0x0000, 0x0000, 0x0000, 0x0000, 0x0000, 0x0000, 0x0000,
  0x0000, 0x0000, 0x0000, 0x0000, 0x0000, 0x0000, 0x0000, 0x0000, 0x0000, 0x0000, 0x0000, 0x0000,
  0x0000, 0x0000, 0x0000, 0x0000, 0x0000, 0x0000, 0x0000, 0x0000, 0x0000, 0x0000, 0x0000, 0x0000,
  0x0000, 0x0000, 0x0000, 0x0000, 0x0000, 0x0000, 0x0000, 0x0000, 0x0000, 0x0000, 0x0000, 0x0000,
  0x0000, 0x0000, 0x0000, 0x0000, 0x0000, 0x0000, 0x0000, 0x2A2D, 0x655F, 0x9E3F, 0xBDDF, 0xB57F,
  0xA4DE, 0x9C7E, 0x9C9E, 0x845D, 0x643B, 0x855C, 0xCEFF, 0xE79F, 0xF7DF, 0xEFBF, 0xE77F, 0xE77F,
  0xE77F, 0xE77F, 0xE77F, 0xE77F, 0xE77F, 0xDF3F, 0xC6BD, 0xB67C, 0xAE1B, 0xAE3C, 0xAE5D, 0xBE7D,
  0xCE3F, 0xD6BF, 0xC61F, 0xC5DF, 0xBDDD, 0x9D58, 0xBE3B, 0xF7BF, 0x9D5A, 0x5B93, 0xA51B, 0xDE9F,
  0xE6DF, 0xEF3F, 0xD67D, 0x9CB6, 0xAD39, 0xBDDE, 0xCE3F, 0xAD39, 0xC639, 0xC65C, 0x6BFE, 0x9D3D,
  0xD6DC, 0xD6DC, 0xD6FD, 0xC67B, 0xBDF8, 0xAD96, 0xAD96, 0x9D78, 0xBE5A, 0x6C75, 0x116A, 0x08C7,
  0x00A7, 0x00A9, 0x00C9, 0x00A9, 0x00C9, 0x00CA, 0x00CA, 0x00CA, 0x00EA, 0x0089, 0x0046, 0x0066,
  0x0066, 0x0067, 0x0089, 0x00CB, 0x00EA, 0x00CB, 0x00EC, 0x00EC, 0x012C, 0x094C, 0x096C, 0x094B,
  0x00A9, 0x08CB, 0x6C77, 0x7D18, 0x092C, 0x0089, 0x19AE, 0x216E, 0x4A73, 0x9CDE, 0xBDFF, 0xBE1F,
  0x7436, 0x6C17, 0xAD9E, 0x849D, 0x8CDE, 0xBDFF, 0x8CDC, 0x741A, 0x3272, 0x014B, 0x098C, 0x016B,
  0x096B, 0x098C, 0x018D, 0x016C, 0x00C9, 0x2AD2, 0xBE9D, 0xCEBD, 0xCEBD, 0xD6DE, 0xDF1E, 0xE73E,
  0xE75F, 0xEF5F, 0xEF7F, 0xEF9F, 0xF7BF, 0x7497, 0x01AE, 0x016C, 0x016C, 0x018D, 0x018D, 0x01AD,
  0x01CE, 0x01AD, 0x22D4, 0x73BE, 0x7BBF, 0x8BFF, 0x9C9F, 0xA49F, 0x8C1F, 0x5B5C, 0x5B7A, 0x63D9,
  0x5B58, 0x94BE, 0x7D9F, 0x651C, 0x1947, 0x0000, 0x0000, 0x0000, 0x0000, 0x0000, 0x0000, 0x0000,
  0x0000, 0x0000, 0x0000, 0x0000, 0x0000, 0x0000, 0x0000, 0x0000, 0x0000, 0x0000, 0x0000, 0x0000,
  0x0000, 0x0000, 0x0000, 0x0000, 0x0000, 0x0000, 0x0000, 0x0000, 0x0000, 0x0000, 0x0000, 0x0000,
  0x0000, 0x0000, 0x0000, 0x0000, 0x0000, 0x0000, 0x0000, 0x0000, 0x0000, 0x0000, 0x0000, 0x0000,
  0x0000, 0x0000, 0x0000, 0x0000, 0x0000, 0x0000, 0x0000, 0x0000, 0x0000, 0x0000, 0x0000, 0x0000,
  0x0000, 0x0000, 0x0000, 0x0000, 0x0000, 0x0000, 0x0000, 0x0000, 0x0000, 0x0000, 0x0000, 0x0000,
  0x0000, 0x0000, 0x0000, 0x0000, 0x0000, 0x0000, 0x0000, 0x0000, 0x0000, 0x0000, 0x0000, 0x0000,
  0x0000, 0x0000, 0x0000, 0x0000, 0x0000, 0x0000, 0x0000, 0x0000, 0x1968, 0x5CDC, 0x7D7F, 0xBDDF,
  0xD63F, 0xBDBF, 0xB57E, 0xB53D, 0x847B, 0x3358, 0x43D9, 0x74FC, 0xBE9F, 0xF7DF, 0xF7DF, 0xF7DF,
  0xF7DF, 0xFFFF, 0xFFFF, 0xF7DF, 0xF7DF, 0xEFBF, 0xE79F, 0xDF5F, 0xCEDE, 0xB69E, 0xAE7E, 0xEF9F,
  0xE6DF, 0xCE1F, 0xC5FF, 0xB57E, 0xDEBF, 0xF79F, 0xEF7F, 0xDEDF, 0xADBB, 0x6C17, 0x5393, 0x5BD4,
  0x6C16, 0x84B7, 0xA59A, 0xA517, 0xA538, 0x9D1A, 0xBE1E, 0xBDFC, 0x9D59, 0xB5F9, 0xA59A, 0x537A,
  0x955A, 0xA5DA, 0x9D99, 0x9579, 0x8D59, 0x8517, 0x7496, 0x6435, 0x5C14, 0x5C56, 0x3312, 0x32F1,
  0x32F1, 0x1A0F, 0x1A51, 0x09CF, 0x09AE, 0x098E, 0x092C, 0x08C8, 0x0086, 0x0086, 0x0045, 0x00A8,
  0x00EB, 0x014D, 0x016E, 0x09AE, 0x09AE, 0x01AE, 0x01F0, 0x0A10, 0x0A30, 0x0A50, 0x09CE, 0x00C9,
  0x0069, 0x5BF5, 0x53D4, 0x0069, 0x0069, 0x00AA, 0x010C, 0x3AD5, 0x7C7D, 0x9D5D, 0x8D5B, 0x955C,
  0x6C79, 0x3B56, 0x951D, 0x94BD, 0x5BF7, 0x7478, 0x4333, 0x016C, 0x014C, 0x016C, 0x014B, 0x014B,
  0x016C, 0x01AD, 0x0210, 0x0252, 0x3395, 0x5CB9, 0xA65D, 0xBE9D, 0xC69D, 0xC69D, 0xD6DD, 0xDEFE,
  0xE73E, 0xE75F, 0xEF7F, 0xEF9F, 0xEF9F, 0x9DBA, 0x7495, 0x5BF3, 0x4331, 0x2AB0, 0x226F, 0x1A4F,
  0x0A0E, 0x020F, 0x1AB3, 0x6BBE, 0x7BBF, 0x83DF, 0x945F, 0xB51F, 0xA4BF, 0x3AD6, 0x4B57, 0x845A,
  0x6419, 0x75BF, 0x4C37, 0x0883, 0x0000, 0x0000, 0x0000, 0x0000, 0x0000, 0x0000, 0x0000, 0x0000,
  0x0000, 0x0000, 0x0000, 0x0000, 0x0000, 0x0000, 0x0000, 0x0000, 0x0000, 0x0000, 0x0000, 0x0000,
  0x0000, 0x0000, 0x0000, 0x0000, 0x0000, 0x0000, 0x0000, 0x0000, 0x0000, 0x0000, 0x0000, 0x0000,
  0x0000, 0x0000, 0x0000, 0x0000, 0x0000, 0x0000, 0x0000, 0x0000, 0x0000, 0x0000, 0x0000, 0x0000,
  0x0000, 0x0000, 0x0000, 0x0000, 0x0000, 0x0000, 0x0000, 0x0000, 0x0000, 0x0000, 0x0000, 0x0000,
  0x0000, 0x0000, 0x0000, 0x0000, 0x0000, 0x0000, 0x0000, 0x0000, 0x0000, 0x0000, 0x0000, 0x0000,
  0x0000, 0x0000, 0x0000, 0x0000, 0x0000, 0x0000, 0x0000, 0x0000, 0x0000, 0x0000, 0x0000, 0x0000,
  0x0000, 0x0000, 0x0000, 0x0000, 0x0000, 0x0000, 0x0000, 0x0020, 0x0000, 0x08A3, 0x4C37, 0x7DFF,
  0xBEBF, 0xDF1E, 0xDEFE, 0xCE7E, 0xB57D, 0x6C1A, 0x22F7, 0x0276, 0x3399, 0x9E1C, 0xB67C, 0xAE5C,
  0xAE3B, 0xA63B, 0xAE3B, 0xA61B, 0x9DDB, 0x95DB, 0x9DDB, 0xA5FB, 0x95BA, 0x7D19, 0x6CD8, 0x8559,
  0x959A, 0x9DDB, 0xA5FB, 0x9DBB, 0xA61C, 0x9DBB, 0x6C76, 0x3B10, 0x1A4D, 0x1A2D, 0x1A4D, 0x1A4E,
  0x226E, 0x1A2C, 0x11CB, 0x11CC, 0x1A0D, 0x226F, 0x3311, 0x4BD4, 0x4BF4, 0x43B4, 0x3B93, 0x3B73,
  0x3353, 0x3353, 0x2B12, 0x2313, 0x1AF2, 0x1AB1, 0x1AD2, 0x1AD2, 0x1AB1, 0x0A50, 0x1271, 0x0A51,
  0x0A0F, 0x1210, 0x09F0, 0x11F0, 0x098F, 0x096E, 0x092C, 0x08C9, 0x0087, 0x00A7, 0x0086, 0x0026,
  0x0048, 0x006B, 0x00AB, 0x00CB, 0x012D, 0x018E, 0x09EF, 0x1250, 0x120F, 0x1A50, 0x6477, 0x6C97,
  0x74D8, 0x7CF9, 0x6436, 0x6C77, 0x6436, 0x5C16, 0x53D5, 0x4BB4, 0x5C35, 0x6C97, 0x5C57, 0x6418,
  0x5C17, 0x3B54, 0x5437, 0x7C7C, 0x63B9, 0x2AAF, 0x32D0, 0x4352, 0x2A90, 0x2A90, 0x224F, 0x1A4F,
  0x1A70, 0x1A70, 0x12B2, 0x1336, 0x5CFA, 0x85BB, 0x859B, 0x9E1C, 0xAE5D, 0xAE7D, 0xB69D, 0xBEBE,
  0xBEDE, 0xBEDE, 0xBEBE, 0xBEBE, 0xBEBE, 0xBEBE, 0xB65C, 0x9577, 0x84B4, 0x7432, 0x6C12, 0x6BF2,
  0x5BB1, 0x4B2F, 0x3B10, 0x5B7B, 0x637F, 0x635F, 0x83DF, 0xAD1F, 0xBD9F, 0x949D, 0x949D, 0x9DBF,
  0x7DFF, 0x4332, 0x0000, 0x0000, 0x0000, 0x0000, 0x0000, 0x0000, 0x0000, 0x0000, 0x0000, 0x0000,
  0x0000, 0x0000, 0x0000, 0x0000, 0x0000, 0x0000, 0x0000, 0x0000, 0x0000, 0x0000, 0x0000, 0x0000,
  0x0000, 0x0000, 0x0000, 0x0000, 0x0000, 0x0000, 0x0000, 0x0000, 0x0000, 0x0000, 0x0000, 0x0000,
  0x0000, 0x0000, 0x0000, 0x0000, 0x0000, 0x0000, 0x0000, 0x0000, 0x0000, 0x0000, 0x0000, 0x0000,
  0x0000, 0x0000, 0x0000, 0x0000, 0x0000, 0x0000, 0x0000, 0x0000, 0x0000, 0x0000, 0x0000, 0x0000,
  0x0000, 0x0000, 0x0000, 0x0000, 0x0000, 0x0000, 0x0000, 0x0000, 0x0000, 0x0000, 0x0000, 0x0000,
  0x0000, 0x0000, 0x0000, 0x0000, 0x0000, 0x0000, 0x0000, 0x0000, 0x0000, 0x0000, 0x0000, 0x0000,
  0x0000, 0x0000, 0x0000, 0x0000, 0x0000, 0x0000, 0x0000, 0x0000, 0x0020, 0x0000, 0x0000, 0x32D0,
  0x655F, 0x7D5E, 0x8D19, 0x8D19, 0x8CDA, 0x8CDA, 0x53B9, 0x01F4, 0x0A55, 0x43F7, 0x7518, 0x7D18,
  0x6CD7, 0x6CD7, 0x74D7, 0x74D7, 0x6CD7, 0x6CB6, 0x74F7, 0x74D7, 0x6496, 0x6476, 0x74F7, 0x8558,
  0x7D18, 0x6C75, 0x53B3, 0x32F0, 0x2AAF, 0x19ED, 0x11CB, 0x224D, 0x2A8E, 0x2AAF, 0x2AAF, 0x2A6E,
  0x222C, 0x11AB, 0x098A, 0x016A, 0x014A, 0x0109, 0x00E9, 0x00EA, 0x116B, 0x21ED, 0x2AAF, 0x3353,
  0x3BB4, 0x3373, 0x1AD1, 0x1291, 0x1291, 0x1250, 0x1250, 0x0A50, 0x0A0F, 0x0A0F, 0x0A31, 0x0A10,
  0x09EF, 0x0A10, 0x09F0, 0x11EF, 0x1A31, 0x0990, 0x090D, 0x08CB, 0x08EB, 0x08C9, 0x08E9, 0x112C,
  0x116E, 0x118F, 0x1A10, 0x2271, 0x2AF3, 0x3313, 0x3313, 0x3B33, 0x3B32, 0x4BB4, 0x9E9F, 0xA6DF,
  0xB6FF, 0xB71F, 0xB71F, 0xB6FF, 0xAEDF, 0xAEDF, 0xAEDF, 0xB6FF, 0xBF1F, 0xBF1F, 0xBEFF, 0xAE5F,
  0xC71F, 0xC73F, 0xCF3F, 0xCF1F, 0x9CDF, 0xA59F, 0xB6FF, 0xB6BE, 0xBEDE, 0xB6BE, 0xB6BE, 0xB69E,
  0xAE9E, 0xA67D, 0xA65D, 0xA67D, 0xAE7D, 0xAE9E, 0xAE9E, 0xB6BE, 0xB6BE, 0xB6BE, 0xAE9E, 0xB69E,
  0xB6BE, 0xB6BD, 0xB69D, 0xB69D, 0xB69D, 0xB69D, 0xB67D, 0xB67C, 0xADFA, 0x9DB9, 0xA5B9, 0xADD9,
  0xA5B8, 0x9D77, 0x9D77, 0x8CBB, 0x6B9F, 0x635F, 0x7BDF, 0xAD1F, 0xD5FF, 0xB57F, 0x859F, 0x655D,
  0x2A0B, 0x0000, 0x0000, 0x0000, 0x0000, 0x0000, 0x0000, 0x0000, 0x0000, 0x0000, 0x0000, 0x0000,
  0x0000, 0x0000, 0x0000, 0x0000, 0x0000, 0x0000, 0x0000, 0x0000, 0x0000, 0x0000, 0x0000, 0x0000,
  0x0000, 0x0000, 0x0000, 0x0000, 0x0000, 0x0000, 0x0000, 0x0000, 0x0000, 0x0000, 0x0000, 0x0000,
  0x0000, 0x0000, 0x0000, 0x0000, 0x0000, 0x0000, 0x0000, 0x0000, 0x0000, 0x0000, 0x0000, 0x0000,
  0x0000, 0x0000, 0x0000, 0x0000, 0x0000, 0x0000, 0x0000, 0x0000, 0x0000, 0x0000, 0x0000, 0x0000,
  0x0000, 0x0000, 0x0000, 0x0000, 0x0000, 0x0000, 0x0000, 0x0000, 0x0000, 0x0000, 0x0000, 0x0000,
  0x0000, 0x0000, 0x0000, 0x0000, 0x0000, 0x0000, 0x0000, 0x0000, 0x0000, 0x0000, 0x0000, 0x0000,
  0x0000, 0x0000, 0x0000, 0x0000, 0x0000, 0x0000, 0x0000, 0x0000, 0x0000, 0x0000, 0x0000, 0x0000,
  0x2189, 0x5CFC, 0x759F, 0x6CB9, 0x6C97, 0x7D19, 0x7CFA, 0x1AB6, 0x0A55, 0x2B77, 0x5438, 0x7CF9,
  0x7CDB, 0x84BC, 0x94DC, 0x8CDC, 0x84BB, 0x7CBA, 0x7CD9, 0x8538, 0x7CF7, 0x7CD6, 0x6C54, 0x5371,
  0x3AAE, 0x2A6D, 0x1A2C, 0x016B, 0x012A, 0x00C9, 0x0067, 0x08C8, 0x224D, 0x226E, 0x19EB, 0x118A,
  0x096A, 0x098B, 0x016A, 0x016A, 0x016A, 0x012A, 0x0129, 0x0109, 0x00C8, 0x0067, 0x0066, 0x00A8,
  0x094B, 0x2A90, 0x6436, 0x7D3A, 0x7D5A, 0x7D3A, 0x855A, 0x8D9A, 0x959A, 0x95BB, 0x8D7A, 0x8D7A,
  0x855A, 0x855A, 0x8D7B, 0x8D7A, 0x8D9B, 0x857B, 0x6CD9, 0x6D1A, 0x5458, 0x4BF7, 0x4C38, 0x5C9A,
  0x5479, 0x5458, 0x5C58, 0x6479, 0x6498, 0x6CB8, 0x6478, 0x5C57, 0x5416, 0x5C57, 0x9E5E, 0xA69F,
  0xAEBF, 0xB6DF, 0xAEDF, 0xA69E, 0xAEBF, 0xAEBF, 0xAE9F, 0xAEBF, 0xB6DF, 0xBEFF, 0xAE9F, 0xAE5F,
  0xC71F, 0xBEFF, 0xC73F, 0xCF5F, 0xC6DF, 0xADDF, 0xBEFF, 0xBEFF, 0xBEFF, 0xBF1F, 0xC71F, 0xC71F,
  0xC71F, 0xBF1F, 0xBF1F, 0xC71F, 0xC73F, 0xC73F, 0xC71F, 0xC71F, 0xC71F, 0xC71F, 0xC71F, 0xC71F,
  0xC71F, 0xCF3F, 0xCF3F, 0xCF3F, 0xD75F, 0xD75F, 0xD75F, 0xD77F, 0xDF7F, 0xD77F, 0xDF9F, 0xE7BF,
  0xE79F, 0xDF7F, 0xDF9F, 0xD6FF, 0x947F, 0x7BBF, 0x9C7F, 0xBD7F, 0xADBF, 0x75DF, 0x4C58, 0x10E5,
  0x0000, 0x0000, 0x0000, 0x0000, 0x0000, 0x0000, 0x0000, 0x0000, 0x0000, 0x0000, 0x0000, 0x0000,
  0x0000, 0x0000, 0x0000, 0x0000, 0x0000, 0x0000, 0x0000, 0x0000, 0x0000, 0x0000, 0x0000, 0x0000,
  0x0000, 0x0000, 0x0000, 0x0000, 0x0000, 0x0000, 0x0000, 0x0000, 0x0000, 0x0000, 0x0000, 0x0000,
  0x0000, 0x0000, 0x0000, 0x0000, 0x0000, 0x0000, 0x0000, 0x0000, 0x0000, 0x0000, 0x0000, 0x0000,
  0x0000, 0x0000, 0x0000, 0x0000, 0x0000, 0x0000, 0x0000, 0x0000, 0x0000, 0x0000, 0x0000, 0x0000,
  0x0000, 0x0000, 0x0000, 0x0000, 0x0000, 0x0000, 0x0000, 0x0000, 0x0000, 0x0000, 0x0000, 0x0000,
  0x0000, 0x0000, 0x0000, 0x0000, 0x0000, 0x0000, 0x0000, 0x0000, 0x0000, 0x0000, 0x0000, 0x0000,
  0x0000, 0x0000, 0x0000, 0x0000, 0x0000, 0x0000, 0x0000, 0x0000, 0x0000, 0x0000, 0x0000, 0x0000,
  0x0000, 0x0883, 0x4BD5, 0x6DBF, 0x8DBD, 0xB61C, 0xB61B, 0x5C5A, 0x2337, 0x5438, 0x647A, 0x9CFD,
  0xACFF, 0xB4FF, 0xB51F, 0xB51F, 0xB51F, 0xACFF, 0x9CBE, 0x7419, 0x42F0, 0x224D, 0x222C, 0x222B,
  0x2A2C, 0x1A2C, 0x11EC, 0x09AC, 0x014A, 0x012A, 0x096B, 0x19EC, 0x2A8E, 0x2A8E, 0x222D, 0x19EC,
  0x11EC, 0x11CC, 0x19ED, 0x096B, 0x0109, 0x014A, 0x012A, 0x0109, 0x0109, 0x00E9, 0x00C8, 0x0088,
  0x0047, 0x0066, 0x1909, 0x428F, 0x4B52, 0x4BB3, 0x5416, 0x5C77, 0x5437, 0x43D6, 0x3BB5, 0x3354,
  0x2AF2, 0x22B1, 0x1A92, 0x1A92, 0x1A31, 0x11F0, 0x11D0, 0x2A72, 0x222F, 0x08E9, 0x0047, 0x0047,
  0x08EB, 0x092D, 0x096F, 0x016F, 0x016E, 0x016F, 0x012D, 0x014D, 0x014E, 0x1231, 0xA69E, 0xAEBF,
  0xAEBF, 0xB6DF, 0xB6DF, 0xB6FF, 0xB6DF, 0xB6DF, 0xB6DF, 0xBEDF, 0xBEFF, 0xBF1F, 0xB69F, 0xCF1F,
  0xD77F, 0xBEFF, 0xB65F, 0xCF3F, 0xC71F, 0xC73F, 0xBEFF, 0xBEFF, 0xBEFF, 0xC71F, 0xC71F, 0xC71F,
  0xC71F, 0xC71F, 0xC71F, 0xC71F, 0xC73F, 0xCF3F, 0xC73F, 0xC73F, 0xC71F, 0xC71F, 0xC71F, 0xC73F,
  0xCF3F, 0xCF3F, 0xCF3F, 0xCF3F, 0xD75F, 0xD75F, 0xD75F, 0xD73F, 0xD75F, 0xD73F, 0xCF1F, 0xDF7F,
  0xDF7F, 0xDF7F, 0xDF7F, 0xE79F, 0xAD9F, 0x83DF, 0x9C9F, 0x959F, 0x6D9F, 0x32F0, 0x0020, 0x0000,
  0x0000, 0x0000, 0x0000, 0x0000, 0x0000, 0x0000, 0x0000, 0x0000, 0x0000, 0x0000, 0x0000, 0x0000,
  0x0000, 0x0000, 0x0000, 0x0000, 0x0000, 0x0000, 0x0000, 0x0000, 0x0000, 0x0000, 0x0000, 0x0000,
  0x0000, 0x0000, 0x0000, 0x0000, 0x0000, 0x0000, 0x0000, 0x0000, 0x0000, 0x0000, 0x0000, 0x0000,
  0x0000, 0x0000, 0x0000, 0x0000, 0x0000, 0x0000, 0x0000, 0x0000, 0x0000, 0x0000, 0x0000, 0x0000,
  0x0000, 0x0000, 0x0000, 0x0000, 0x0000, 0x0000, 0x0000, 0x0000, 0x0000, 0x0000, 0x0000, 0x0000,
  0x0000, 0x0000, 0x0000, 0x0000, 0x0000, 0x0000, 0x0000, 0x0000, 0x0000, 0x0000, 0x0000, 0x0000,
  0x0000, 0x0000, 0x0000, 0x0000, 0x0000, 0x0000, 0x0000, 0x0000, 0x0000, 0x0000, 0x0000, 0x0000,
  0x0000, 0x0000, 0x0000, 0x0000, 0x0000, 0x0000, 0x0000, 0x0000, 0x0000, 0x0000, 0x0000, 0x0000,
  0x0000, 0x0000, 0x0000, 0x2A2C, 0x5D1E, 0x759F, 0x53D5, 0x4BB4, 0x3BB7, 0x53F9, 0x9CDE, 0xBD5F,
  0xBD5F, 0xBD5F, 0xBD5F, 0xBD3F, 0xBD3F, 0xB53F, 0xACDF, 0x9C7E, 0x741B, 0x32F3, 0x11ED, 0x11CB,
  0x222C, 0x2A6D, 0x222C, 0x1A0C, 0x1A0C, 0x224D, 0x226D, 0x226E, 0x1A2D, 0x1A0D, 0x1A0C, 0x1A2E,
  0x224F, 0x2A90, 0x32B1, 0x1A0E, 0x014A, 0x012A, 0x010A, 0x0109, 0x0109, 0x00E9, 0x00E9, 0x00C9,
  0x00A8, 0x0088, 0x0067, 0x0006, 0x0005, 0x0005, 0x0067, 0x010A, 0x098C, 0x120E, 0x0A50, 0x0A31,
  0x0A10, 0x1230, 0x09CF, 0x016E, 0x012D, 0x010D, 0x090D, 0x00EC, 0x110A, 0x220D, 0x2AF2, 0x118C,
  0x0067, 0x00AB, 0x096F, 0x11B0, 0x2231, 0x1A30, 0x1A30, 0x2AB2, 0x1A71, 0x3334, 0xB6FF, 0xAEDF,
  0xAEDF, 0xBEFF, 0xBEFF, 0xBEFF, 0xC75F, 0xC73F, 0xCF5F, 0xCF3F, 0xC71F, 0xC71F, 0xC6FF, 0xDF9F,
  0xA5DF, 0x6BDF, 0xBE5F, 0xDF7F, 0xCF1F, 0xC71F, 0xBEFF, 0xBEFF, 0xBEFF, 0xC71F, 0xC71F, 0xC71F,
  0xC71F, 0xC71F, 0xC71F, 0xC71F, 0xC71F, 0xC71F, 0xC71F, 0xC73F, 0xCF3F, 0xCF3F, 0xCF5F, 0xCF5F,
  0xD75F, 0xCF5F, 0xD75F, 0xD75F, 0xD75F, 0xD75F, 0xD75F, 0xD75F, 0xDF7F, 0xD75F, 0xB5FF, 0xB5DF,
  0xCEDF, 0xDF7F, 0xE79F, 0xE7BF, 0xCEDF, 0x8CDF, 0x85BF, 0x5CFA, 0x1968, 0x0000, 0x0000, 0x0000,
  0x0000, 0x0000, 0x0000, 0x0000, 0x0000, 0x0000, 0x0000, 0x0000, 0x0000, 0x0000, 0x0000, 0x0000,
  0x0000, 0x0000, 0x0000, 0x0000, 0x0000, 0x0000, 0x0000, 0x0000, 0x0000, 0x0000, 0x0000, 0x0000,
  0x0000, 0x0000, 0x0000, 0x0000, 0x0000, 0x0000, 0x0000, 0x0000, 0x0000, 0x0000, 0x0000, 0x0000,
  0x0000, 0x0000, 0x0000, 0x0000, 0x0000, 0x0000, 0x0000, 0x0000, 0x0000, 0x0000, 0x0000, 0x0000,
  0x0000, 0x0000, 0x0000, 0x0000, 0x0000, 0x0000, 0x0000, 0x0000, 0x0000, 0x0000, 0x0000, 0x0000,
  0x0000, 0x0000, 0x0000, 0x0000, 0x0000, 0x0000, 0x0000, 0x0000, 0x0000, 0x0000, 0x0000, 0x0000,
  0x0000, 0x0000, 0x0000, 0x0000, 0x0000, 0x0000, 0x0000, 0x0000, 0x0000, 0x0000, 0x0000, 0x0000,
  0x0000, 0x0000, 0x0000, 0x0000, 0x0000, 0x0000, 0x0000, 0x0000, 0x0000, 0x0000, 0x0000, 0x0000,
  0x0000, 0x0000, 0x0000, 0x0000, 0x10C4, 0x5417, 0x6D7F, 0x545A, 0x6457, 0x9CFC, 0xBD7F, 0xC57F,
  0xC59F, 0xC59F, 0xBD5F, 0xBD3F, 0xB53F, 0x9CDC, 0x7C18, 0x7C18, 0x8479, 0x7C3B, 0x3B15, 0x1A0D,
  0x222C, 0x2A8D, 0x2A4D, 0x224D, 0x224D, 0x224D, 0x224D, 0x11EC, 0x0969, 0x19ED, 0x3AD2, 0x32B1,
  0x3AF3, 0x2A92, 0x09AD, 0x09AC, 0x1A2F, 0x11CC, 0x096B, 0x09AD, 0x014B, 0x00E9, 0x00EA, 0x00E9,
  0x00C9, 0x00A8, 0x00A8, 0x00A8, 0x0088, 0x0067, 0x0067, 0x0046, 0x0004, 0x0024, 0x194A, 0x3312,
  0x22D3, 0x22B2, 0x2A91, 0x220F, 0x21EF, 0x19AE, 0x198D, 0x196D, 0x1109, 0x08A7, 0x1129, 0x1A0E,
  0x2271, 0x11AE, 0x00CC, 0x00CB, 0x010D, 0x012D, 0x018E, 0x09F0, 0x0A10, 0x1231, 0x64D9, 0xB6FF,
  0xBF1F, 0xCF3F, 0xD75F, 0xD75F, 0xADFF, 0x8CDF, 0xA57F, 0xD71F, 0xDF9F, 0xD75F, 0xCEFF, 0x9D1F,
  0x6B5F, 0x9CDF, 0xEFBF, 0xDF7F, 0xDF7F, 0xDF7F, 0xDF7F, 0xD75F, 0xD75F, 0xD75F, 0xD75F, 0xD75F,
  0xD75F, 0xD75F, 0xD75F, 0xCF3F, 0xCF3F, 0xCF3F, 0xCF3F, 0xCF3F, 0xCF3F, 0xCF3F, 0xD75F, 0xD75F,
  0xD75F, 0xD75F, 0xD77F, 0xDF7F, 0xDF7F, 0xDF7F, 0xDF7F, 0xDF7F, 0xDF9F, 0xE79F, 0xADDF, 0x8C3F,
  0x9CFF, 0xB5DF, 0xCEBF, 0xC6DF, 0x963F, 0x6D7F, 0x3B52, 0x0041, 0x0000, 0x0020, 0x0000, 0x0000,
  0x0000, 0x0000, 0x0000, 0x0000, 0x0000, 0x0000, 0x0000, 0x0000, 0x0000, 0x0000, 0x0000, 0x0000,
  0x0000, 0x0000, 0x0000, 0x0000, 0x0000, 0x0000, 0x0000, 0x0000, 0x0000, 0x0000, 0x0000, 0x0000,
  0x0000, 0x0000, 0x0000, 0x0000, 0x0000, 0x0000, 0x0000, 0x0000, 0x0000, 0x0000, 0x0000, 0x0000,
  0x0000, 0x0000, 0x0000, 0x0000, 0x0000, 0x0000, 0x0000, 0x0000, 0x0000, 0x0000, 0x0000, 0x0000,
  0x0000, 0x0000, 0x0000, 0x0000, 0x0000, 0x0000, 0x0000, 0x0000, 0x0000, 0x0000, 0x0000, 0x0000,
  0x0000, 0x0000, 0x0000, 0x0000, 0x0000, 0x0000, 0x0000, 0x0000, 0x0000, 0x0000, 0x0000, 0x0000,
  0x0000, 0x0000, 0x0000, 0x0000, 0x0000, 0x0000, 0x0000, 0x0000, 0x0000, 0x0000, 0x0000, 0x0000,
  0x0000, 0x0000, 0x0000, 0x0000, 0x0000, 0x0000, 0x0000, 0x0000, 0x0000, 0x0000, 0x0000, 0x0000,
  0x0000, 0x0000, 0x0000, 0x0020, 0x0000, 0x0000, 0x2A4D, 0x653E, 0x7D9F, 0xA57F, 0xB51E, 0xA4DD,
  0xAD3E, 0xAD3D, 0x9CBC, 0x8C5A, 0x6BF6, 0x4B11, 0x328E, 0x3ACF, 0x42EF, 0x4B32, 0x5335, 0x2A6F,
  0x224D, 0x224D, 0x222C, 0x222C, 0x222C, 0x1A0C, 0x11CB, 0x11AB, 0x19EC, 0x3AD1, 0x4B33, 0x2A90,
  0x2A90, 0x2270, 0x1A30, 0x1A10, 0x19EF, 0x09AD, 0x11EE, 0x1A4F, 0x120E, 0x11CC, 0x096C, 0x012A,
  0x00E9, 0x00C9, 0x00A8, 0x00A8, 0x0088, 0x0088, 0x0067, 0x0088, 0x198C, 0x3B11, 0x4C16, 0x43D5,
  0x01AE, 0x01AF, 0x014E, 0x012D, 0x00EC, 0x008A, 0x006A, 0x0028, 0x0005, 0x0005, 0x0005, 0x0006,
  0x00ED, 0x0A12, 0x1210, 0x096E, 0x00EC, 0x012D, 0x018E, 0x01AF, 0x0210, 0x01F0, 0x3375, 0xB6BE,
  0xCF5F, 0xDF7F, 0xE79F, 0xEFFF, 0x9D3F, 0x737F, 0x8C1F, 0x9CBF, 0xD6BF, 0xEFBF, 0xAD1F, 0x9C7F,
  0xA4DF, 0xCE1F, 0xF7FF, 0xEFBF, 0xF7DF, 0xF7DF, 0xF7DF, 0xF7DF, 0xF7DF, 0xF7DF, 0xEFBF, 0xEFBF,
  0xEFBF, 0xEFDF, 0xEFBF, 0xEFBF, 0xEFBF, 0xEFBF, 0xEFBF, 0xEFBF, 0xEFBF, 0xE7BF, 0xE79F, 0xE79F,
  0xE79F, 0xE79F, 0xE79F, 0xE79F, 0xDF9F, 0xDF7F, 0xDF7F, 0xDF7F, 0xDF5F, 0xDF7F, 0xCEDF, 0x94BF,
  0x945F, 0x9C7E, 0x953F, 0x759F, 0x545A, 0x1988, 0x0000, 0x0000, 0x0020, 0x0000, 0x0000, 0x0000,
  0x0000, 0x0000, 0x0000, 0x0000, 0x0000, 0x0000, 0x0000, 0x0000, 0x0000, 0x0000, 0x0000, 0x0000,
  0x0000, 0x0000, 0x0000, 0x0000, 0x0000, 0x0000, 0x0000, 0x0000, 0x0000, 0x0000, 0x0000, 0x0000,
  0x0000, 0x0000, 0x0000, 0x0000, 0x0000, 0x0000, 0x0000, 0x0000, 0x0000, 0x0000, 0x0000, 0x0000,
  0x0000, 0x0000, 0x0000, 0x0000, 0x0000, 0x0000, 0x0000, 0x0000, 0x0000, 0x0000, 0x0000, 0x0000,
  0x0000, 0x0000, 0x0000, 0x0000, 0x0000, 0x0000, 0x0000, 0x0000, 0x0000, 0x0000, 0x0000, 0x0000,
  0x0000, 0x0000, 0x0000, 0x0000, 0x0000, 0x0000, 0x0000, 0x0000, 0x0000, 0x0000, 0x0000, 0x0000,
  0x0000, 0x0000, 0x0000, 0x0000, 0x0000, 0x0000, 0x0000, 0x0000, 0x0000, 0x0000, 0x0000, 0x0000,
  0x0000, 0x0000, 0x0000, 0x0000, 0x0000, 0x0000, 0x0000, 0x0000, 0x0000, 0x0000, 0x0000, 0x0000,
  0x0000, 0x0000, 0x0000, 0x0000, 0x0000, 0x0000, 0x0000, 0x08A3, 0x4374, 0x6D9F, 0x751F, 0x7418,
  0x7C37, 0x6BF6, 0x4331, 0x3ACF, 0x328E, 0x2A2C, 0x2A4D, 0x32AE, 0x2AAE, 0x2A8E, 0x2A6E, 0x1A2D,
  0x1A0D, 0x11CC, 0x11CB, 0x11EB, 0x1A0C, 0x11EC, 0x1A0C, 0x224D, 0x224E, 0x11EC, 0x09AC, 0x09AC,
  0x09AC, 0x11CC, 0x11CD, 0x016C, 0x012A, 0x094B, 0x096C, 0x014C, 0x014B, 0x09CD, 0x1A4F, 0x11AC,
  0x012A, 0x012B, 0x012A, 0x010A, 0x00E9, 0x00A8, 0x116C, 0x43B4, 0x5C98, 0x6498, 0x5C77, 0x6456,
  0x6C76, 0x2A91, 0x09AF, 0x1211, 0x09B0, 0x19F0, 0x19D0, 0x198D, 0x19AC, 0x19CD, 0x21EE, 0x2A71,
  0x32B2, 0x32F3, 0x4395, 0x53F6, 0x53D6, 0x5C57, 0x53F6, 0x5C57, 0x6498, 0x6C98, 0x9E1D, 0xB69E,
  0xB6BE, 0xBEDE, 0xC6FE, 0xC6FE, 0xBE5F, 0xA4FF, 0xB55F, 0xBD7F, 0xB57F, 0xD6BF, 0xC5BF, 0xC5DF,
  0xBD9F, 0xBD7F, 0xD67F, 0xE79F, 0xE77F, 0xEF9F, 0xE79F, 0xEF9F, 0xEFBF, 0xEFBF, 0xEFBF, 0xF7BF,
  0xF7DF, 0xF7DF, 0xF7DF, 0xF7DF, 0xF7DF, 0xF7DF, 0xF7FF, 0xFFFF, 0xFFFF, 0xFFFF, 0xFFFF, 0xFFFF,
  0xF7DF, 0xF7DF, 0xF7DF, 0xF7DF, 0xF7DF, 0xF7DF, 0xF7DF, 0xF7DF, 0xF7DF, 0xE79F, 0xE77F, 0xBDBF,
  0x845E, 0x7D7F, 0x6D7E, 0x3AD0, 0x0041, 0x0000, 0x0020, 0x0000, 0x0000, 0x0000, 0x0000, 0x0000,
  0x0000, 0x0000, 0x0000, 0x0000, 0x0000, 0x0000, 0x0000, 0x0000, 0x0000, 0x0000, 0x0000, 0x0000,
  0x0000, 0x0000, 0x0000, 0x0000, 0x0000, 0x0000, 0x0000, 0x0000, 0x0000, 0x0000, 0x0000, 0x0000,
  0x0000, 0x0000, 0x0000, 0x0000, 0x0000, 0x0000, 0x0000, 0x0000, 0x0000, 0x0000, 0x0000, 0x0000,
  0x0000, 0x0000, 0x0000, 0x0000, 0x0000, 0x0000, 0x0000, 0x0000, 0x0000, 0x0000, 0x0000, 0x0000,
  0x0000, 0x0000, 0x0000, 0x0000, 0x0000, 0x0000, 0x0000, 0x0000, 0x0000, 0x0000, 0x0000, 0x0000,
  0x0000, 0x0000, 0x0000, 0x0000, 0x0000, 0x0000, 0x0000, 0x0000, 0x0000, 0x0000, 0x0000, 0x0000,
  0x0000, 0x0000, 0x0000, 0x0000, 0x0000, 0x0000, 0x0000, 0x0000, 0x0000, 0x0000, 0x0000, 0x0000,
  0x0000, 0x0000, 0x0000, 0x0000, 0x0000, 0x0000, 0x0000, 0x0000, 0x0000, 0x0000, 0x0000, 0x0000,
  0x0000, 0x0000, 0x0000, 0x0000, 0x0000, 0x0000, 0x0000, 0x0000, 0x0000, 0x1988, 0x5479, 0x759F,
  0x8D3E, 0x9CDB, 0x6C38, 0x3B33, 0x32AF, 0x4B71, 0x7D19, 0x9DFC, 0xA65D, 0xB69E, 0xAE7D, 0x9E1C,
  0x8D9A, 0x6CD8, 0x4BD4, 0x2AB0, 0x11EC, 0x098A, 0x098A, 0x11CC, 0x11EC, 0x11EC, 0x11EC, 0x11ED,
  0x09CC, 0x098B, 0x018B, 0x018B, 0x016B, 0x014B, 0x014B, 0x012A, 0x010A, 0x00EA, 0x00C9, 0x00A9,
  0x00C9, 0x010A, 0x00C9, 0x00E9, 0x09AD, 0x09CE, 0x4394, 0x5436, 0x5C56, 0x74D7, 0xA5B9, 0xB65C,
  0x7D1A, 0x6458, 0x5C37, 0x6C58, 0x9E3D, 0x5C99, 0x4375, 0x4333, 0x328F, 0x2A4C, 0x2A6E, 0x2A90,
  0x2AB2, 0x32B2, 0x3335, 0x2AF4, 0x3B75, 0x5C78, 0x5C38, 0x3376, 0x3396, 0x2B76, 0x7519, 0x855A,
  0x95BB, 0x95BB, 0x9DDB, 0xADBE, 0xB57F, 0xBD9F, 0xC5BF, 0xC5DF, 0xC63F, 0xCE9F, 0xCDFF, 0xC59F,
  0xBD7F, 0xB53F, 0xB53F, 0xBE3E, 0xC6FE, 0xCEFE, 0xC6DE, 0xC6DE, 0xBEBD, 0xBEBD, 0xBEBE, 0xBEBE,
  0xBEBE, 0xC6DE, 0xC6DE, 0xC6FE, 0xC6FE, 0xC6FE, 0xC6FE, 0xC6FE, 0xCEFE, 0xCF1E, 0xCF1E, 0xD71E,
  0xD73E, 0xD73F, 0xDF5F, 0xDF5F, 0xD73F, 0xDF5F, 0xE77F, 0xDF5F, 0xC63F, 0xB53F, 0xAD3E, 0x8DBF,
  0x6D9F, 0x4BD5, 0x1105, 0x0000, 0x0000, 0x0000, 0x0000, 0x0000, 0x0000, 0x0000, 0x0000, 0x0000,
  0x0000, 0x0000, 0x0000, 0x0000, 0x0000, 0x0000, 0x0000, 0x0000, 0x0000, 0x0000, 0x0000, 0x0000,
  0x0000, 0x0000, 0x0000, 0x0000, 0x0000, 0x0000, 0x0000, 0x0000, 0x0000, 0x0000, 0x0000, 0x0000,
  0x0000, 0x0000, 0x0000, 0x0000, 0x0000, 0x0000, 0x0000, 0x0000, 0x0000, 0x0000, 0x0000, 0x0000,
  0x0000, 0x0000, 0x0000, 0x0000, 0x0000, 0x0000, 0x0000, 0x0000, 0x0000, 0x0000, 0x0000, 0x0000,
  0x0000, 0x0000, 0x0000, 0x0000, 0x0000, 0x0000, 0x0000, 0x0000, 0x0000, 0x0000, 0x0000, 0x0000,
  0x0000, 0x0000, 0x0000, 0x0000, 0x0000, 0x0000, 0x0000, 0x0000, 0x0000, 0x0000, 0x0000, 0x0000,
  0x0000, 0x0000, 0x0000, 0x0000, 0x0000, 0x0000, 0x0000, 0x0000, 0x0000, 0x0000, 0x0000, 0x0000,
  0x0000, 0x0000, 0x0000, 0x0000, 0x0000, 0x0000, 0x0000, 0x0000, 0x0000, 0x0000, 0x0000, 0x0000,
  0x0000, 0x0000, 0x0000, 0x0000, 0x0000, 0x0000, 0x0000, 0x0000, 0x0000, 0x0000, 0x0020, 0x2A6E,
  0x651D, 0x85DF, 0x9D5E, 0x5BD9, 0x22D6, 0x751C, 0xBEDF, 0xAEBF, 0xAE9F, 0xB6BF, 0xAE9F, 0xAE9F,
  0xAE9F, 0xAE9F, 0xA69F, 0x9E3D, 0x7D5A, 0x5435, 0x2AF0, 0x120D, 0x01AB, 0x098B, 0x11AB, 0x11EC,
  0x120D, 0x11EC, 0x11EC, 0x09EC, 0x09CC, 0x09AC, 0x018B, 0x014B, 0x012A, 0x010A, 0x010A, 0x00EA,
  0x00C9, 0x00A9, 0x094B, 0x3B32, 0x6CD8, 0x64B9, 0x4BF6, 0x6CB7, 0x9578, 0xBE5B, 0xB65C, 0x43B6,
  0x0190, 0x01B0, 0x014E, 0x010D, 0x2A92, 0x3397, 0x09D1, 0x00EC, 0x00A9, 0x00E9, 0x00CA, 0x012D,
  0x012D, 0x01D0, 0x0A73, 0x12B4, 0x12F4, 0x12F4, 0x2B75, 0x2B34, 0x3375, 0x3395, 0x6CD8, 0x8559,
  0x8D7A, 0x8D3A, 0x9D1D, 0xAD1E, 0xAD1E, 0xACFE, 0xB53F, 0xC5FF, 0xCEBE, 0xE75E, 0xDE9F, 0xCE1F,
  0xD67F, 0xC5DF, 0xC5BF, 0xCDFF, 0xBE3D, 0xA5FA, 0xA5D9, 0xA5D9, 0x9DD9, 0x9DB9, 0x9DB9, 0x9DDA,
  0x9DDA, 0xA5FA, 0xA61B, 0xA61B, 0xA61A, 0xA61A, 0xA61B, 0xAE3C, 0xAE5C, 0xAE5C, 0xB67C, 0xB67C,
  0xB67C, 0xB67C, 0xB67D, 0xB67D, 0xB67D, 0xB67D, 0xB61D, 0xAD5E, 0x949E, 0x84DF, 0x7DBF, 0x5CBA,
  0x21CA, 0x0000, 0x0000, 0x0020, 0x0000, 0x0000, 0x0000, 0x0000, 0x0000, 0x0000, 0x0000, 0x0000,
  0x0000, 0x0000, 0x0000, 0x0000, 0x0000, 0x0000, 0x0000, 0x0000, 0x0000, 0x0000, 0x0000, 0x0000,
  0x0000, 0x0000, 0x0000, 0x0000, 0x0000, 0x0000, 0x0000, 0x0000, 0x0000, 0x0000, 0x0000, 0x0000,
  0x0000, 0x0000, 0x0000, 0x0000, 0x0000, 0x0000, 0x0000, 0x0000, 0x0000, 0x0000, 0x0000, 0x0000,
  0x0000, 0x0000, 0x0000, 0x0000, 0x0000, 0x0000, 0x0000, 0x0000, 0x0000, 0x0000, 0x0000, 0x0000,
  0x0000, 0x0000, 0x0000, 0x0000, 0x0000, 0x0000, 0x0000, 0x0000, 0x0000, 0x0000, 0x0000, 0x0000,
  0x0000, 0x0000, 0x0000, 0x0000, 0x0000, 0x0000, 0x0000, 0x0000, 0x0000, 0x0000, 0x0000, 0x0000,
  0x0000, 0x0000, 0x0000, 0x0000, 0x0000, 0x0000, 0x0000, 0x0000, 0x0000, 0x0000, 0x0000, 0x0000,
  0x0000, 0x0000, 0x0000, 0x0000, 0x0000, 0x0000, 0x0000, 0x0000, 0x0000, 0x0000, 0x0000, 0x0000,
  0x0000, 0x0000, 0x0000, 0x0000, 0x0000, 0x0000, 0x0000, 0x0000, 0x0000, 0x0000, 0x0000, 0x0000,
  0x0883, 0x3B32, 0x6D7F, 0x755F, 0x3359, 0x3B59, 0x7D3D, 0x95FE, 0x961E, 0x961E, 0x961E, 0x961D,
  0x961D, 0x961D, 0x95FD, 0x961D, 0x9E3E, 0x9E5E, 0x9E5E, 0x85BB, 0x5C56, 0x2AF1, 0x11EC, 0x018A,
  0x098B, 0x09CC, 0x120D, 0x120D, 0x1A0D, 0x11CC, 0x09AB, 0x018B, 0x016B, 0x014B, 0x012A, 0x010A,
  0x09AD, 0x3332, 0x5456, 0x5C77, 0x6497, 0xC6DE, 0xAE3C, 0xBE5B, 0xCEFD, 0x959A, 0x2B55, 0x0274,
  0x0AB4, 0x0A94, 0x0A94, 0x0A53, 0x01D1, 0x1294, 0x3BD8, 0x1AB3, 0x00EC, 0x008A, 0x00AA, 0x00AA,
  0x090C, 0x11B0, 0x1211, 0x1A74, 0x3355, 0x2B55, 0x2B75, 0x4C37, 0x3BD6, 0x4C17, 0x7D39, 0x8D79,
  0x8D79, 0x9DBB, 0xBE3D, 0xB5FD, 0xB5DD, 0xB5FE, 0xC69E, 0xD71E, 0xB65B, 0xB61B, 0xBE7C, 0xC6BD,
  0xC6BD, 0xB65C, 0xB61C, 0xB63C, 0xADFB, 0x9578, 0x8D57, 0x8D57, 0x9578, 0x9578, 0x8D58, 0x9578,
  0x9578, 0x9578, 0x9578, 0x8D78, 0x8D58, 0x8D58, 0x8D58, 0x9578, 0x9599, 0x9DB9, 0x9DDA, 0x9DDA,
  0xA5DA, 0xA5FB, 0xA61B, 0xA5FB, 0xA5FB, 0xADFB, 0xADBC, 0x9D9E, 0x7DDF, 0x651C, 0x328E, 0x0021,
  0x0000, 0x0000, 0x0000, 0x0000, 0x0000, 0x0000, 0x0000, 0x0000, 0x0000, 0x0000, 0x0000, 0x0000,
  0x0000, 0x0000, 0x0000, 0x0000, 0x0000, 0x0000, 0x0000, 0x0000, 0x0000, 0x0000, 0x0000, 0x0000,
  0x0000, 0x0000, 0x0000, 0x0000, 0x0000, 0x0000, 0x0000, 0x0000, 0x0000, 0x0000, 0x0000, 0x0000,
  0x0000, 0x0000, 0x0000, 0x0000, 0x0000, 0x0000, 0x0000, 0x0000, 0x0000, 0x0000, 0x0000, 0x0000,
  0x0000, 0x0000, 0x0000, 0x0000, 0x0000, 0x0000, 0x0000, 0x0000, 0x0000, 0x0000, 0x0000, 0x0000,
  0x0000, 0x0000, 0x0000, 0x0000, 0x0000, 0x0000, 0x0000, 0x0000, 0x0000, 0x0000, 0x0000, 0x0000,
  0x0000, 0x0000, 0x0000, 0x0000, 0x0000, 0x0000, 0x0000, 0x0000, 0x0000, 0x0000, 0x0000, 0x0000,
  0x0000, 0x0000, 0x0000, 0x0000, 0x0000, 0x0000, 0x0000, 0x0000, 0x0000, 0x0000, 0x0000, 0x0000,
  0x0000, 0x0000, 0x0000, 0x0000, 0x0000, 0x0000, 0x0000, 0x0000, 0x0000, 0x0000, 0x0000, 0x0000,
  0x0000, 0x0000, 0x0000, 0x0000, 0x0000, 0x0000, 0x0000, 0x0000, 0x0000, 0x0000, 0x0000, 0x0020,
  0x0000, 0x0000, 0x1105, 0x4BB5, 0x759F, 0x653F, 0x5C5C, 0x7D1C, 0xAE5E, 0xBEBE, 0xB6BE, 0xAE9E,
  0x9E3D, 0x8DDD, 0x85BC, 0x85BC, 0x85BC, 0x8DDC, 0x95FD, 0x963D, 0x9E5E, 0x961E, 0x7D7B, 0x5436,
  0x3332, 0x1A4E, 0x09CC, 0x098B, 0x09CC, 0x09CC, 0x09CC, 0x09AC, 0x018B, 0x014A, 0x018C, 0x2AF2,
  0x5436, 0x5C56, 0x5436, 0x6C97, 0x9D99, 0xC6DD, 0xAE7E, 0xC6BD, 0x8539, 0x3BB5, 0x2B34, 0x2334,
  0x1AF4, 0x12B4, 0x0213, 0x0170, 0x014F, 0x00CC, 0x094D, 0x4355, 0x5CB9, 0x1B17, 0x01B2, 0x094E,
  0x094E, 0x198F, 0x11AF, 0x1A53, 0x2B55, 0x2355, 0x2314, 0x2334, 0x12D3, 0x0AB4, 0x3BD6, 0x5C77,
  0x6CD7, 0x74D7, 0x7D37, 0x8537, 0x8D78, 0x8D58, 0x8D38, 0x8D58, 0x8D17, 0x7CD6, 0x7CB6, 0x7CD6,
  0x7CD6, 0x7496, 0x74B6, 0x84F6, 0x8516, 0x84F6, 0x84F6, 0x7CD6, 0x7CD5, 0x8D16, 0x8D16, 0x9557,
  0x9577, 0x9578, 0x9D98, 0x9DB9, 0x9DB9, 0x9DB9, 0x9DB9, 0x9DD9, 0xA5D9, 0xA5FA, 0xAE1A, 0xAE1B,
  0xAE3B, 0xAE3B, 0xAE1B, 0xADFA, 0xA5DA, 0x95DD, 0x7DDF, 0x651D, 0x3AF0, 0x0882, 0x0000, 0x0000,
  0x0000, 0x0000, 0x0000, 0x0000, 0x0000, 0x0000, 0x0000, 0x0000, 0x0000, 0x0000, 0x0000, 0x0000,
  0x0000, 0x0000, 0x0000, 0x0000, 0x0000, 0x0000, 0x0000, 0x0000, 0x0000, 0x0000, 0x0000, 0x0000,
  0x0000, 0x0000, 0x0000, 0x0000, 0x0000, 0x0000, 0x0000, 0x0000, 0x0000, 0x0000, 0x0000, 0x0000,
  0x0000, 0x0000, 0x0000, 0x0000, 0x0000, 0x0000, 0x0000, 0x0000, 0x0000, 0x0000, 0x0000, 0x0000,
  0x0000, 0x0000, 0x0000, 0x0000, 0x0000, 0x0000, 0x0000, 0x0000, 0x0000, 0x0000, 0x0000, 0x0000,
  0x0000, 0x0000, 0x0000, 0x0000, 0x0000, 0x0000, 0x0000, 0x0000, 0x0000, 0x0000, 0x0000, 0x0000,
  0x0000, 0x0000, 0x0000, 0x0000, 0x0000, 0x0000, 0x0000, 0x0000, 0x0000, 0x0000, 0x0000, 0x0000,
  0x0000, 0x0000, 0x0000, 0x0000, 0x0000, 0x0000, 0x0000, 0x0000, 0x0000, 0x0000, 0x0000, 0x0000,
  0x0000, 0x0000, 0x0000, 0x0000, 0x0000, 0x0000, 0x0000, 0x0000, 0x0000, 0x0000, 0x0000, 0x0000,
  0x0000, 0x0000, 0x0000, 0x0000, 0x0000, 0x0000, 0x0000, 0x0000, 0x0000, 0x0000, 0x0000, 0x0000,
  0x0000, 0x0020, 0x0000, 0x0000, 0x1947, 0x4BF6, 0x657F, 0x7D9F, 0xB67E, 0xF79E, 0xFFDF, 0xF7BF,
  0xEFBF, 0xE77F, 0xD73E, 0xBEBE, 0xA63D, 0x95FC, 0x85BC, 0x859C, 0x85BC, 0x8DDD, 0x95FD, 0x961E,
  0x961D, 0x85BC, 0x64B8, 0x4BB4, 0x2AF1, 0x1A2D, 0x09AB, 0x098B, 0x09ED, 0x1A90, 0x3B94, 0x5415,
  0x4BB4, 0x4BF4, 0x74B6, 0xA598, 0xCEBC, 0xD73E, 0x9E1C, 0x5436, 0x1B34, 0x1B15, 0x1AD4, 0x0A52,
  0x0A11, 0x0212, 0x01B2, 0x09F1, 0x098F, 0x00EC, 0x0048, 0x0006, 0x10EB, 0x3314, 0x22D5, 0x00AD,
  0x006C, 0x008D, 0x00AE, 0x00AF, 0x0151, 0x0252, 0x2354, 0x1AF3, 0x0AD4, 0x0AD4, 0x0232, 0x0232,
  0x0253, 0x0211, 0x0A51, 0x12B3, 0x2313, 0x43D4, 0x6C75, 0x7CD6, 0x84F6, 0x74B6, 0x7CB5, 0x6455,
  0x5C35, 0x7CD6, 0x8517, 0x7CF7, 0x74D7, 0x8537, 0x8D58, 0x8558, 0x8538, 0x8558, 0x8D79, 0x8D79,
  0x8D99, 0x95BA, 0x8D99, 0x8D99, 0x8D99, 0x9599, 0x9DB9, 0x9DB9, 0x9599, 0x8D58, 0x8D37, 0x8517,
  0x8D37, 0x8D37, 0x8D16, 0x7D3A, 0x759F, 0x653E, 0x3B32, 0x08A4, 0x0000, 0x0000, 0x0000, 0x0000,
  0x0000, 0x0000, 0x0000, 0x0000, 0x0000, 0x0000, 0x0000, 0x0000, 0x0000, 0x0000, 0x0000, 0x0000,
  0x0000, 0x0000, 0x0000, 0x0000, 0x0000, 0x0000, 0x0000, 0x0000, 0x0000, 0x0000, 0x0000, 0x0000,
  0x0000, 0x0000, 0x0000, 0x0000, 0x0000, 0x0000, 0x0000, 0x0000, 0x0000, 0x0000, 0x0000, 0x0000,
  0x0000, 0x0000, 0x0000, 0x0000, 0x0000, 0x0000, 0x0000, 0x0000, 0x0000, 0x0000, 0x0000, 0x0000,
  0x0000, 0x0000, 0x0000, 0x0000, 0x0000, 0x0000, 0x0000, 0x0000, 0x0000, 0x0000, 0x0000, 0x0000,
  0x0000, 0x0000, 0x0000, 0x0000, 0x0000, 0x0000, 0x0000, 0x0000, 0x0000, 0x0000, 0x0000, 0x0000,
  0x0000, 0x0000, 0x0000, 0x0000, 0x0000, 0x0000, 0x0000, 0x0000, 0x0000, 0x0000, 0x0000, 0x0000,
  0x0000, 0x0000, 0x0000, 0x0000, 0x0000, 0x0000, 0x0000, 0x0000, 0x0000, 0x0000, 0x0000, 0x0000,
  0x0000, 0x0000, 0x0000, 0x0000, 0x0000, 0x0000, 0x0000, 0x0000, 0x0000, 0x0000, 0x0000, 0x0000,
  0x0000, 0x0000, 0x0000, 0x0000, 0x0000, 0x0000, 0x0000, 0x0000, 0x0000, 0x0000, 0x0000, 0x0000,
  0x0000, 0x0000, 0x0000, 0x0000, 0x0000, 0x0000, 0x1947, 0x53F6, 0x759F, 0x8E1F, 0xB67E, 0xDF1E,
  0xEF5E, 0xEF7E, 0xEF7E, 0xEF9E, 0xEF9F, 0xE75E, 0xCEFE, 0xAE7D, 0x95FC, 0x85BC, 0x85BC, 0x85BC,
  0x85BC, 0x8DFD, 0x961E, 0x9E3E, 0x961D, 0x7D5A, 0x64B8, 0x5416, 0x3374, 0x43B4, 0x4393, 0x3B73,
  0x4BD3, 0x7CD6, 0xBE5A, 0xD6FD, 0xAE1B, 0x8539, 0x43D5, 0x2334, 0x3394, 0x1B34, 0x0AD4, 0x0232,
  0x01B0, 0x0170, 0x0171, 0x0170, 0x012E, 0x00CD, 0x006B, 0x0049, 0x0029, 0x004A, 0x1A10, 0x33B7,
  0x1A73, 0x2336, 0x1AF6, 0x0192, 0x012F, 0x09D1, 0x12D4, 0x2355, 0x2B97, 0x2B96, 0x2B55, 0x3395,
  0x2B55, 0x3375, 0x3375, 0x3B95, 0x3BB5, 0x3BD5, 0x4C36, 0x6497, 0x6CB7, 0x6476, 0x8538, 0x6CB7,
  0x3BB5, 0x5436, 0x74F7, 0x6CB7, 0x2334, 0x1AD2, 0x12B1, 0x12D2, 0x12F3, 0x1B14, 0x2396, 0x2BB6,
  0x2395, 0x2396, 0x1B55, 0x1313, 0x1335, 0x6497, 0x8D57, 0x8537, 0x8D58, 0x8D58, 0x8D58, 0x9557,
  0x8517, 0x751A, 0x759F, 0x655E, 0x4353, 0x10E5, 0x0000, 0x0000, 0x0000, 0x0000, 0x0000, 0x0000,
  0x0000, 0x0000, 0x0000, 0x0000, 0x0000, 0x0000, 0x0000, 0x0000, 0x0000, 0x0000, 0x0000, 0x0000,
  0x0000, 0x0000, 0x0000, 0x0000, 0x0000, 0x0000, 0x0000, 0x0000, 0x0000, 0x0000, 0x0000, 0x0000,
  0x0000, 0x0000, 0x0000, 0x0000, 0x0000, 0x0000, 0x0000, 0x0000, 0x0000, 0x0000, 0x0000, 0x0000,
  0x0000, 0x0000, 0x0000, 0x0000, 0x0000, 0x0000, 0x0000, 0x0000, 0x0000, 0x0000, 0x0000, 0x0000,
  0x0000, 0x0000, 0x0000, 0x0000, 0x0000, 0x0000, 0x0000, 0x0000, 0x0000, 0x0000, 0x0000, 0x0000,
  0x0000, 0x0000, 0x0000, 0x0000, 0x0000, 0x0000, 0x0000, 0x0000, 0x0000, 0x0000, 0x0000, 0x0000,
  0x0000, 0x0000, 0x0000, 0x0000, 0x0000, 0x0000, 0x0000, 0x0000, 0x0000, 0x0000, 0x0000, 0x0000,
  0x0000, 0x0000, 0x0000, 0x0000, 0x0000, 0x0000, 0x0000, 0x0000, 0x0000, 0x0000, 0x0000, 0x0000,
  0x0000, 0x0000, 0x0000, 0x0000, 0x0000, 0x0000, 0x0000, 0x0000, 0x0000, 0x0000, 0x0000, 0x0000,
  0x0000, 0x0000, 0x0000, 0x0000, 0x0000, 0x0000, 0x0000, 0x0000, 0x0000, 0x0000, 0x0000, 0x0000,
  0x0000, 0x0000, 0x0000, 0x0000, 0x0000, 0x0000, 0x0000, 0x0000, 0x1926, 0x3B74, 0x653E, 0x8E5F,
  0xC71F, 0xEF9F, 0xF7BF, 0xEF9F, 0xE77E, 0xE75E, 0xE75E, 0xE77E, 0xDF3E, 0xCEFD, 0xBE9D, 0xAE5D,
  0x9DFC, 0x8DDC, 0x8DDC, 0x85DC, 0x85BC, 0x8DDD, 0x963E, 0x95FD, 0x43B4, 0x3B53, 0x4BB4, 0x5C14,
  0x8D17, 0xBE9C, 0xBEBD, 0x7519, 0x33D6, 0x33B5, 0x3395, 0x2313, 0x3374, 0x33B5, 0x33D6, 0x2B96,
  0x1B34, 0x1AF4, 0x2315, 0x2335, 0x2B75, 0x1AF5, 0x1294, 0x1232, 0x1252, 0x09D0, 0x096E, 0x3334,
  0x4396, 0x43D6, 0x33D7, 0x0A95, 0x0A12, 0x0A73, 0x2335, 0x4C36, 0x43F7, 0x22F4, 0x1A92, 0x1A51,
  0x1230, 0x1251, 0x0A51, 0x0A71, 0x0AB3, 0x0AB3, 0x0272, 0x0272, 0x2B33, 0x3B73, 0x4C14, 0x6C75,
  0x3394, 0x02B3, 0x1AF3, 0x43B4, 0x3374, 0x0292, 0x0210, 0x0210, 0x0251, 0x0A71, 0x0AB2, 0x1314,
  0x2354, 0x2B95, 0x3BF6, 0x4457, 0x4458, 0x54B8, 0x9599, 0x9599, 0x9598, 0x9D98, 0x9599, 0x8DDD,
  0x7DDF, 0x5CFD, 0x3B11, 0x10C4, 0x0000, 0x0000, 0x0000, 0x0000, 0x0000, 0x0000, 0x0000, 0x0000,
  0x0000, 0x0000, 0x0000, 0x0000, 0x0000, 0x0000, 0x0000, 0x0000, 0x0000, 0x0000, 0x0000, 0x0000,
  0x0000, 0x0000, 0x0000, 0x0000, 0x0000, 0x0000, 0x0000, 0x0000, 0x0000, 0x0000, 0x0000, 0x0000,
  0x0000, 0x0000, 0x0000, 0x0000, 0x0000, 0x0000, 0x0000, 0x0000, 0x0000, 0x0000, 0x0000, 0x0000,
  0x0000, 0x0000, 0x0000, 0x0000, 0x0000, 0x0000, 0x0000, 0x0000, 0x0000, 0x0000, 0x0000, 0x0000,
  0x0000, 0x0000, 0x0000, 0x0000, 0x0000, 0x0000, 0x0000, 0x0000, 0x0000, 0x0000, 0x0000, 0x0000,
  0x0000, 0x0000, 0x0000, 0x0000, 0x0000, 0x0000, 0x0000, 0x0000, 0x0000, 0x0000, 0x0000, 0x0000,
  0x0000, 0x0000, 0x0000, 0x0000, 0x0000, 0x0000, 0x0000, 0x0000, 0x0000, 0x0000, 0x0000, 0x0000,
  0x0000, 0x0000, 0x0000, 0x0000, 0x0000, 0x0000, 0x0000, 0x0000, 0x0000, 0x0000, 0x0000, 0x0000,
  0x0000, 0x0000, 0x0000, 0x0000, 0x0000, 0x0000, 0x0000, 0x0000, 0x0000, 0x0000, 0x0000, 0x0000,
  0x0000, 0x0000, 0x0000, 0x0000, 0x0000, 0x0000, 0x0000, 0x0000, 0x0000, 0x0000, 0x0000, 0x0000,
  0x0000, 0x0000, 0x0000, 0x0000, 0x0000, 0x0000, 0x0000, 0x0000, 0x0000, 0x0000, 0x10E4, 0x32D0,
  0x5CBC, 0x861F, 0xB6DF, 0xE77F, 0xFFFF, 0xFFFF, 0xFFFF, 0xFFFF, 0xFFFF, 0xFFDF, 0xF7DF, 0xF7BF,
  0xEF9E, 0xDF3E, 0xCEDD, 0xB67D, 0xA63D, 0x9E1C, 0x95FC, 0x8DDD, 0x5436, 0x4B93, 0x7496, 0x959A,
  0xBE9D, 0xA63C, 0x7D59, 0x64D9, 0x64F9, 0x6D19, 0x6D19, 0x5477, 0x5C98, 0x5CB9, 0x64D9, 0x7519,
  0x64B8, 0x33D6, 0x4417, 0x6CF8, 0x4437, 0x0AD6, 0x0A14, 0x014F, 0x0089, 0x0045, 0x0045, 0x006B,
  0x00F0, 0x12B5, 0x3396, 0x2314, 0x2B34, 0x2313, 0x2B54, 0x4BF5, 0x5435, 0x2354, 0x01D1, 0x016F,
  0x0190, 0x01D0, 0x01F0, 0x0211, 0x0252, 0x0293, 0x12D3, 0x1AF2, 0x3353, 0x5435, 0x43D5, 0x5414,
  0x6C75, 0x5415, 0x2333, 0x12D2, 0x2333, 0x2333, 0x12B2, 0x0AB2, 0x0AB2, 0x0AB2, 0x12D3, 0x1314,
  0x12F3, 0x0A91, 0x0AB2, 0x1314, 0x1B55, 0x1314, 0x2B74, 0x6475, 0x74F8, 0x7D9E, 0x75BF, 0x54BB,
  0x2A8E, 0x0882, 0x0000, 0x0000, 0x0000, 0x0000, 0x0000, 0x0000, 0x0000, 0x0000, 0x0000, 0x0000,
  0x0000, 0x0000, 0x0000, 0x0000, 0x0000, 0x0000, 0x0000, 0x0000, 0x0000, 0x0000, 0x0000, 0x0000,
  0x0000, 0x0000, 0x0000, 0x0000, 0x0000, 0x0000, 0x0000, 0x0000, 0x0000, 0x0000, 0x0000, 0x0000,
  0x0000, 0x0000, 0x0000, 0x0000, 0x0000, 0x0000, 0x0000, 0x0000, 0x0000, 0x0000, 0x0000, 0x0000,
  0x0000, 0x0000, 0x0000, 0x0000, 0x0000, 0x0000, 0x0000, 0x0000, 0x0000, 0x0000, 0x0000, 0x0000,
  0x0000, 0x0000, 0x0000, 0x0000, 0x0000, 0x0000, 0x0000, 0x0000, 0x0000, 0x0000, 0x0000, 0x0000,
  0x0000, 0x0000, 0x0000, 0x0000, 0x0000, 0x0000, 0x0000, 0x0000, 0x0000, 0x0000, 0x0000, 0x0000,
  0x0000, 0x0000, 0x0000, 0x0000, 0x0000, 0x0000, 0x0000, 0x0000, 0x0000, 0x0000, 0x0000, 0x0000,
  0x0000, 0x0000, 0x0000, 0x0000, 0x0000, 0x0000, 0x0000, 0x0000, 0x0000, 0x0000, 0x0000, 0x0000,
  0x0000, 0x0000, 0x0000, 0x0000, 0x0000, 0x0000, 0x0000, 0x0000, 0x0000, 0x0000, 0x0000, 0x0000,
  0x0000, 0x0000, 0x0000, 0x0000, 0x0000, 0x0000, 0x0000, 0x0000, 0x0000, 0x0000, 0x0000, 0x0000,
  0x0000, 0x0000, 0x0000, 0x0000, 0x0000, 0x0000, 0x0000, 0x0000, 0x0000, 0x0000, 0x0000, 0x0000,
  0x0862, 0x2A2C, 0x4C18, 0x6D7F, 0x965F, 0xBEDF, 0xD73F, 0xE77F, 0xEF9F, 0xEFBF, 0xEFBF, 0xF7DF,
  0xF7FF, 0xFFFF, 0xF7DF, 0xF7DF, 0xFFDF, 0xF7BF, 0xE77E, 0xCEFE, 0xC69C, 0xADFA, 0xA61B, 0x64D9,
  0x2B96, 0x2396, 0x2B75, 0x2B74, 0x3BB4, 0x3394, 0x2B54, 0x1B34, 0x1314, 0x2376, 0x33B6, 0x5456,
  0x6477, 0x43F5, 0x5436, 0x6CB7, 0x3C17, 0x0B37, 0x0AF6, 0x0233, 0x010F, 0x012F, 0x0150, 0x0192,
  0x01D4, 0x1316, 0x4416, 0x64B7, 0x6CD7, 0x6CB6, 0x5C56, 0x5C56, 0x6455, 0x4BF4, 0x22F3, 0x0A31,
  0x0A11, 0x0211, 0x0232, 0x0252, 0x0251, 0x0A72, 0x0A92, 0x0A91, 0x1AF3, 0x4C15, 0x5C55, 0x33B4,
  0x4BF5, 0x7CD6, 0x7CD6, 0x5414, 0x2313, 0x12B2, 0x12D3, 0x12D2, 0x0A92, 0x0271, 0x0250, 0x0A50,
  0x0A71, 0x0A91, 0x0251, 0x0292, 0x0AD3, 0x2355, 0x3C3A, 0x5D3F, 0x653E, 0x4BF6, 0x21EA, 0x0041,
  0x0000, 0x0000, 0x0000, 0x0000, 0x0000, 0x0000, 0x0000, 0x0000, 0x0000, 0x0000, 0x0000, 0x0000,
  0x0000, 0x0000, 0x0000, 0x0000, 0x0000, 0x0000, 0x0000, 0x0000, 0x0000, 0x0000, 0x0000, 0x0000,
  0x0000, 0x0000, 0x0000, 0x0000, 0x0000, 0x0000, 0x0000, 0x0000, 0x0000, 0x0000, 0x0000, 0x0000,
  0x0000, 0x0000, 0x0000, 0x0000, 0x0000, 0x0000, 0x0000, 0x0000, 0x0000, 0x0000, 0x0000, 0x0000,
  0x0000, 0x0000, 0x0000, 0x0000, 0x0000, 0x0000, 0x0000, 0x0000, 0x0000, 0x0000, 0x0000, 0x0000,
  0x0000, 0x0000, 0x0000, 0x0000, 0x0000, 0x0000, 0x0000, 0x0000, 0x0000, 0x0000, 0x0000, 0x0000,
  0x0000, 0x0000, 0x0000, 0x0000, 0x0000, 0x0000, 0x0000, 0x0000, 0x0000, 0x0000, 0x0000, 0x0000,
  0x0000, 0x0000, 0x0000, 0x0000, 0x0000, 0x0000, 0x0000, 0x0000, 0x0000, 0x0000, 0x0000, 0x0000,
  0x0000, 0x0000, 0x0000, 0x0000, 0x0000, 0x0000, 0x0000, 0x0000, 0x0000, 0x0000, 0x0000, 0x0000,
  0x0000, 0x0000, 0x0000, 0x0000, 0x0000, 0x0000, 0x0000, 0x0000, 0x0000, 0x0000, 0x0000, 0x0000,
  0x0000, 0x0000, 0x0000, 0x0000, 0x0000, 0x0000, 0x0000, 0x0000, 0x0000, 0x0000, 0x0000, 0x0000,
  0x0000, 0x0000, 0x0000, 0x0000, 0x0000, 0x0000, 0x0000, 0x0000, 0x0000, 0x0000, 0x0000, 0x0020,
  0x0000, 0x0000, 0x0000, 0x1947, 0x3312, 0x54BC, 0x75BF, 0x8E1F, 0x9E3E, 0xB67D, 0xBE7D, 0xBE9D,
  0xBE9D, 0xBE9D, 0xBEBD, 0xC6DD, 0xCEFE, 0xD71E, 0xD73E, 0xCF1E, 0xD71E, 0xB65C, 0x4C16, 0x2333,
  0x33B5, 0x3BD5, 0x43F5, 0x4BF5, 0x5415, 0x5435, 0x5C76, 0x5C76, 0x4416, 0x4416, 0x5477, 0x6CB8,
  0x7D18, 0x8538, 0x74D8, 0x74F8, 0x64D8, 0x1B56, 0x0274, 0x01D2, 0x010F, 0x00AC, 0x00AD, 0x00CE,
  0x0110, 0x0191, 0x0253, 0x2B55, 0x4C16, 0x5C76, 0x6476, 0x5C15, 0x4BF4, 0x43B3, 0x2B74, 0x1314,
  0x0293, 0x0212, 0x01F1, 0x01D0, 0x01D0, 0x01F0, 0x0210, 0x0251, 0x0251, 0x0A91, 0x22F2, 0x2B53,
  0x3373, 0x4BF4, 0x6C75, 0x6C75, 0x53F4, 0x43B4, 0x2333, 0x0A92, 0x0272, 0x0AB3, 0x0AB2, 0x0A71,
  0x0A71, 0x0A91, 0x12D3, 0x2BB7, 0x54DD, 0x6D7F, 0x64DB, 0x3AF0, 0x10E5, 0x0000, 0x0000, 0x0000,
  0x0000, 0x0000, 0x0000, 0x0000, 0x0000, 0x0000, 0x0000, 0x0000, 0x0000, 0x0000, 0x0000, 0x0000,
  0x0000, 0x0000, 0x0000, 0x0000, 0x0000, 0x0000, 0x0000, 0x0000, 0x0000, 0x0000, 0x0000, 0x0000,
  0x0000, 0x0000, 0x0000, 0x0000, 0x0000, 0x0000, 0x0000, 0x0000, 0x0000, 0x0000, 0x0000, 0x0000,
  0x0000, 0x0000, 0x0000, 0x0000, 0x0000, 0x0000, 0x0000, 0x0000, 0x0000, 0x0000, 0x0000, 0x0000,
  0x0000, 0x0000, 0x0000, 0x0000, 0x0000, 0x0000, 0x0000, 0x0000, 0x0000, 0x0000, 0x0000, 0x0000,
  0x0000, 0x0000, 0x0000, 0x0000, 0x0000, 0x0000, 0x0000, 0x0000, 0x0000, 0x0000, 0x0000, 0x0000,
  0x0000, 0x0000, 0x0000, 0x0000, 0x0000, 0x0000, 0x0000, 0x0000, 0x0000, 0x0000, 0x0000, 0x0000,
  0x0000, 0x0000, 0x0000, 0x0000, 0x0000, 0x0000, 0x0000, 0x0000, 0x0000, 0x0000, 0x0000, 0x0000,
  0x0000, 0x0000, 0x0000, 0x0000, 0x0000, 0x0000, 0x0000, 0x0000, 0x0000, 0x0000, 0x0000, 0x0000,
  0x0000, 0x0000, 0x0000, 0x0000, 0x0000, 0x0000, 0x0000, 0x0000, 0x0000, 0x0000, 0x0000, 0x0000,
  0x0000, 0x0000, 0x0000, 0x0000, 0x0000, 0x0000, 0x0000, 0x0000, 0x0000, 0x0000, 0x0000, 0x0000,
  0x0000, 0x0000, 0x0000, 0x0000, 0x0000, 0x0000, 0x0000, 0x0000, 0x0000, 0x0000, 0x0000, 0x0000,
  0x0000, 0x0000, 0x0000, 0x0000, 0x0000, 0x0862, 0x21CA, 0x43B5, 0x5D1D, 0x75BF, 0x85FF, 0x8DBC,
  0x9599, 0x9598, 0x9578, 0x9578, 0x9579, 0x9599, 0x9DB9, 0x9579, 0x74F7, 0x4C36, 0x43F5, 0x5436,
  0x5456, 0x4C15, 0x43B4, 0x43D4, 0x3BB5, 0x3395, 0x2B75, 0x2354, 0x2334, 0x2334, 0x3394, 0x4C16,
  0x6CB7, 0x74B7, 0x6496, 0x6477, 0x33D7, 0x0A32, 0x012E, 0x00EE, 0x008C, 0x0028, 0x0027, 0x0028,
  0x0049, 0x008B, 0x00CE, 0x0171, 0x0274, 0x1B76, 0x4C16, 0x5414, 0x53F4, 0x4BD4, 0x3B94, 0x3BB4,
  0x3373, 0x1AF3, 0x0A52, 0x0211, 0x0210, 0x0211, 0x0272, 0x12F3, 0x2313, 0x1AF2, 0x2312, 0x2313,
  0x2B33, 0x2B53, 0x4393, 0x5C14, 0x5C34, 0x5C35, 0x43D4, 0x2B33, 0x0A91, 0x0250, 0x0230, 0x0A71,
  0x2B76, 0x4CBC, 0x6D7F, 0x6D1D, 0x4394, 0x1989, 0x0021, 0x0000, 0x0000, 0x0000, 0x0000, 0x0000,
  0x0000, 0x0000, 0x0000, 0x0000, 0x0000, 0x0000, 0x0000, 0x0000, 0x0000, 0x0000, 0x0000, 0x0000,
  0x0000, 0x0000, 0x0000, 0x0000, 0x0000, 0x0000, 0x0000, 0x0000, 0x0000, 0x0000, 0x0000, 0x0000,
  0x0000, 0x0000, 0x0000, 0x0000, 0x0000, 0x0000, 0x0000, 0x0000, 0x0000, 0x0000, 0x0000, 0x0000,
  0x0000, 0x0000, 0x0000, 0x0000, 0x0000, 0x0000, 0x0000, 0x0000, 0x0000, 0x0000, 0x0000, 0x0000,
  0x0000, 0x0000, 0x0000, 0x0000, 0x0000, 0x0000, 0x0000, 0x0000, 0x0000, 0x0000, 0x0000, 0x0000,
  0x0000, 0x0000, 0x0000, 0x0000, 0x0000, 0x0000, 0x0000, 0x0000, 0x0000, 0x0000, 0x0000, 0x0000,
  0x0000, 0x0000, 0x0000, 0x0000, 0x0000, 0x0000, 0x0000, 0x0000, 0x0000, 0x0000, 0x0000, 0x0000,
  0x0000, 0x0000, 0x0000, 0x0000, 0x0000, 0x0000, 0x0000, 0x0000, 0x0000, 0x0000, 0x0000, 0x0000,
  0x0000, 0x0000, 0x0000, 0x0000, 0x0000, 0x0000, 0x0000, 0x0000, 0x0000, 0x0000, 0x0000, 0x0000,
  0x0000, 0x0000, 0x0000, 0x0000, 0x0000, 0x0000, 0x0000, 0x0000, 0x0000, 0x0000, 0x0000, 0x0000,
  0x0000, 0x0000, 0x0000, 0x0000, 0x0000, 0x0000, 0x0000, 0x0000, 0x0000, 0x0000, 0x0000, 0x0000,
  0x0000, 0x0000, 0x0000, 0x0000, 0x0000, 0x0000, 0x0000, 0x0000, 0x0000, 0x0000, 0x0000, 0x0000,
  0x0000, 0x0000, 0x0000, 0x0000, 0x0000, 0x0000, 0x0000, 0x0000, 0x08A3, 0x2A0C, 0x43B6, 0x5CFD,
  0x6D9F, 0x7D9F, 0x857B, 0x8538, 0x84F6, 0x84F6, 0x8517, 0x74D7, 0x6496, 0x6496, 0x6CB7, 0x74D7,
  0x7CF8, 0x6C97, 0x5435, 0x43D5, 0x2B95, 0x1B34, 0x1314, 0x0AF4, 0x1B34, 0x2B74, 0x4BF5, 0x5C56,
  0x6476, 0x6CB6, 0x5C56, 0x3BB4, 0x0274, 0x0172, 0x0110, 0x00EE, 0x00AD, 0x0029, 0x0027, 0x0029,
  0x008C, 0x00CD, 0x0130, 0x01F3, 0x0AD5, 0x2396, 0x4436, 0x5456, 0x5C55, 0x6475, 0x6455, 0x5C34,
  0x5C34, 0x53F4, 0x3B93, 0x2B53, 0x12D2, 0x0272, 0x0292, 0x0AB2, 0x12B2, 0x0AB1, 0x0A91, 0x0A71,
  0x0A70, 0x0A91, 0x22F1, 0x3331, 0x3B72, 0x43B3, 0x5C14, 0x6455, 0x4C16, 0x4439, 0x54DD, 0x6D7F,
  0x651D, 0x53D5, 0x2A0B, 0x0862, 0x0000, 0x0000, 0x0000, 0x0000, 0x0000, 0x0000, 0x0000, 0x0000,
  0x0000, 0x0000, 0x0000, 0x0000, 0x0000, 0x0000, 0x0000, 0x0000, 0x0000, 0x0000, 0x0000, 0x0000,
  0x0000, 0x0000, 0x0000, 0x0000, 0x0000, 0x0000, 0x0000, 0x0000, 0x0000, 0x0000, 0x0000, 0x0000,
  0x0000, 0x0000, 0x0000, 0x0000, 0x0000, 0x0000, 0x0000, 0x0000, 0x0000, 0x0000, 0x0000, 0x0000,
  0x0000, 0x0000, 0x0000, 0x0000, 0x0000, 0x0000, 0x0000, 0x0000, 0x0000, 0x0000, 0x0000, 0x0000,
  0x0000, 0x0000, 0x0000, 0x0000, 0x0000, 0x0000, 0x0000, 0x0000, 0x0000, 0x0000, 0x0000, 0x0000,
  0x0000, 0x0000, 0x0000, 0x0000, 0x0000, 0x0000, 0x0000, 0x0000, 0x0000, 0x0000, 0x0000, 0x0000,
  0x0000, 0x0000, 0x0000, 0x0000, 0x0000, 0x0000, 0x0000, 0x0000, 0x0000, 0x0000, 0x0000, 0x0000,
  0x0000, 0x0000, 0x0000, 0x0000, 0x0000, 0x0000, 0x0000, 0x0000, 0x0000, 0x0000, 0x0000, 0x0000,
  0x0000, 0x0000, 0x0000, 0x0000, 0x0000, 0x0000, 0x0000, 0x0000, 0x0000, 0x0000, 0x0000, 0x0000,
  0x0000, 0x0000, 0x0000, 0x0000, 0x0000, 0x0000, 0x0000, 0x0000, 0x0000, 0x0000, 0x0000, 0x0000,
  0x0000, 0x0000, 0x0000, 0x0000, 0x0000, 0x0000, 0x0000, 0x0000, 0x0000, 0x0000, 0x0000, 0x0000,
  0x0000, 0x0000, 0x0000, 0x0000, 0x0000, 0x0000, 0x0000, 0x0000, 0x0000, 0x0000, 0x0000, 0x0000,
  0x0000, 0x0000, 0x0000, 0x0000, 0x0000, 0x0000, 0x0020, 0x0000, 0x0000, 0x0000, 0x0000, 0x0883,
  0x21CB, 0x4374, 0x5CBC, 0x6D7F, 0x759F, 0x6D1C, 0x5457, 0x4BF5, 0x4BF4, 0x53D3, 0x53F3, 0x5C34,
  0x5C35, 0x5414, 0x4BF4, 0x3BB5, 0x1B13, 0x0AB2, 0x0AB3, 0x0AB3, 0x12D3, 0x2354, 0x43D5, 0x4C15,
  0x5415, 0x5436, 0x4C15, 0x2334, 0x0294, 0x0A74, 0x0A74, 0x12F4, 0x1316, 0x01F4, 0x012F, 0x00CD,
  0x008C, 0x006C, 0x00CE, 0x0130, 0x0191, 0x01F2, 0x0293, 0x0AF4, 0x1B33, 0x3B93, 0x4BD4, 0x4BB3,
  0x4BB3, 0x4393, 0x4372, 0x3B52, 0x3373, 0x2B54, 0x2B74, 0x33B5, 0x43F5, 0x4C36, 0x6497, 0x74F8,
  0x7518, 0x8D58, 0xA5D9, 0xA5FA, 0xA5FB, 0xA63D, 0x8DFF, 0x7DBF, 0x6D7F, 0x5C9B, 0x4332, 0x21A9,
  0x0062, 0x0000, 0x0000, 0x0000, 0x0000, 0x0000, 0x0000, 0x0000, 0x0000, 0x0000, 0x0000, 0x0000,
  0x0000, 0x0000, 0x0000, 0x0000, 0x0000, 0x0000, 0x0000, 0x0000, 0x0000, 0x0000, 0x0000, 0x0000,
  0x0000, 0x0000, 0x0000, 0x0000, 0x0000, 0x0000, 0x0000, 0x0000, 0x0000, 0x0000, 0x0000, 0x0000,
  0x0000, 0x0000, 0x0000, 0x0000, 0x0000, 0x0000, 0x0000, 0x0000, 0x0000, 0x0000, 0x0000, 0x0000,
  0x0000, 0x0000, 0x0000, 0x0000, 0x0000, 0x0000, 0x0000, 0x0000, 0x0000, 0x0000, 0x0000, 0x0000,
  0x0000, 0x0000, 0x0000, 0x0000, 0x0000, 0x0000, 0x0000, 0x0000, 0x0000, 0x0000, 0x0000, 0x0000,
  0x0000, 0x0000, 0x0000, 0x0000, 0x0000, 0x0000, 0x0000, 0x0000, 0x0000, 0x0000, 0x0000, 0x0000,
  0x0000, 0x0000, 0x0000, 0x0000, 0x0000, 0x0000, 0x0000, 0x0000, 0x0000, 0x0000, 0x0000, 0x0000,
  0x0000, 0x0000, 0x0000, 0x0000, 0x0000, 0x0000, 0x0000, 0x0000, 0x0000, 0x0000, 0x0000, 0x0000,
  0x0000, 0x0000, 0x0000, 0x0000, 0x0000, 0x0000, 0x0000, 0x0000, 0x0000, 0x0000, 0x0000, 0x0000,
  0x0000, 0x0000, 0x0000, 0x0000, 0x0000, 0x0000, 0x0000, 0x0000, 0x0000, 0x0000, 0x0000, 0x0000,
  0x0000, 0x0000, 0x0000, 0x0000, 0x0000, 0x0000, 0x0000, 0x0000, 0x0000, 0x0000, 0x0000, 0x0000,
  0x0000, 0x0000, 0x0000, 0x0000, 0x0000, 0x0000, 0x0000, 0x0000, 0x0000, 0x0000, 0x0000, 0x0000,
  0x0000, 0x0000, 0x0000, 0x0000, 0x0000, 0x0000, 0x0000, 0x0000, 0x0000, 0x0000, 0x0000, 0x0000,
  0x0000, 0x0000, 0x0041, 0x1947, 0x32B0, 0x4BF8, 0x64FD, 0x655F, 0x6D7F, 0x6D3C, 0x64DA, 0x6CB8,
  0x6455, 0x53F4, 0x4BF4, 0x3BB4, 0x2313, 0x0AB2, 0x0272, 0x0A92, 0x12F3, 0x2B54, 0x43B4, 0x4BF4,
  0x4BD4, 0x3374, 0x1B14, 0x0A53, 0x01F2, 0x0294, 0x02B4, 0x01D1, 0x0130, 0x006C, 0x0008, 0x0006,
  0x0009, 0x00CF, 0x0151, 0x0171, 0x01D1, 0x1293, 0x1B35, 0x2BD6, 0x5477, 0x6CB7, 0x7CF7, 0x8538,
  0x8D58, 0x9599, 0x9DDA, 0x9DFB, 0xB65C, 0xBEBD, 0xC6DD, 0xCEFE, 0xCEFD, 0xCEDD, 0xCEDD, 0xC69C,
  0xAE3C, 0x9E1D, 0x8E1F, 0x85FF, 0x759F, 0x64FD, 0x4BD6, 0x2A6E, 0x1106, 0x0020, 0x0000, 0x0000,
  0x0000, 0x0000, 0x0000, 0x0000, 0x0000, 0x0000, 0x0000, 0x0000, 0x0000, 0x0000, 0x0000, 0x0000,
  0x0000, 0x0000, 0x0000, 0x0000, 0x0000, 0x0000, 0x0000, 0x0000, 0x0000, 0x0000, 0x0000, 0x0000,
  0x0000, 0x0000, 0x0000, 0x0000, 0x0000, 0x0000, 0x0000, 0x0000, 0x0000, 0x0000, 0x0000, 0x0000,
  0x0000, 0x0000, 0x0000, 0x0000, 0x0000, 0x0000, 0x0000, 0x0000, 0x0000, 0x0000, 0x0000, 0x0000,
  0x0000, 0x0000, 0x0000, 0x0000, 0x0000, 0x0000, 0x0000, 0x0000, 0x0000, 0x0000, 0x0000, 0x0000,
  0x0000, 0x0000, 0x0000, 0x0000, 0x0000, 0x0000, 0x0000, 0x0000, 0x0000, 0x0000, 0x0000, 0x0000,
  0x0000, 0x0000, 0x0000, 0x0000, 0x0000, 0x0000, 0x0000, 0x0000, 0x0000, 0x0000, 0x0000, 0x0000,
  0x0000, 0x0000, 0x0000, 0x0000, 0x0000, 0x0000, 0x0000, 0x0000, 0x0000, 0x0000, 0x0000, 0x0000,
  0x0000, 0x0000, 0x0000, 0x0000, 0x0000, 0x0000, 0x0000, 0x0000, 0x0000, 0x0000, 0x0000, 0x0000,
  0x0000, 0x0000, 0x0000, 0x0000, 0x0000, 0x0000, 0x0000, 0x0000, 0x0000, 0x0000, 0x0000, 0x0000,
  0x0000, 0x0000, 0x0000, 0x0000, 0x0000, 0x0000, 0x0000, 0x0000, 0x0000, 0x0000, 0x0000, 0x0000,
  0x0000, 0x0000, 0x0000, 0x0000, 0x0000, 0x0000, 0x0000, 0x0000, 0x0000, 0x0000, 0x0000, 0x0000,
  0x0000, 0x0000, 0x0000, 0x0000, 0x0000, 0x0000, 0x0000, 0x0000, 0x0000, 0x0000, 0x0000, 0x0000,
  0x0000, 0x0000, 0x0000, 0x0000, 0x0000, 0x0000, 0x0000, 0x0000, 0x0000, 0x0000, 0x0000, 0x0000,
  0x0000, 0x0000, 0x0000, 0x0000, 0x0000, 0x0000, 0x0862, 0x1968, 0x32D0, 0x4BF7, 0x5CDC, 0x655F,
  0x655F, 0x653E, 0x54DC, 0x4439, 0x2B76, 0x1AF3, 0x12B2, 0x12B2, 0x1B12, 0x2B73, 0x4393, 0x4BB3,
  0x43B3, 0x2B53, 0x12F5, 0x0A95, 0x1294, 0x3375, 0x4C37, 0x2356, 0x1A94, 0x22B5, 0x2AF5, 0x2B35,
  0x3397, 0x54DA, 0x653B, 0x6D5B, 0x7DBC, 0x961C, 0x9E3D, 0xAE9D, 0xBEDE, 0xC6DE, 0xC6DE, 0xC6FE,
  0xCF1E, 0xCEFE, 0xCEFE, 0xD71E, 0xD71E, 0xC6BC, 0xB63B, 0xA5FB, 0x8DBC, 0x85BE, 0x7DBF, 0x759F,
  0x653E, 0x5CBB, 0x43B6, 0x2A6F, 0x1947, 0x0862, 0x0000, 0x0000, 0x0000, 0x0000, 0x0020, 0x0000,
  0x0000, 0x0000, 0x0000, 0x0000, 0x0000, 0x0000, 0x0000, 0x0000, 0x0000, 0x0000, 0x0000, 0x0000,
  0x0000, 0x0000, 0x0000, 0x0000, 0x0000, 0x0000, 0x0000, 0x0000, 0x0000, 0x0000, 0x0000, 0x0000,
  0x0000, 0x0000, 0x0000, 0x0000, 0x0000, 0x0000, 0x0000, 0x0000, 0x0000, 0x0000, 0x0000, 0x0000,
  0x0000, 0x0000, 0x0000, 0x0000, 0x0000, 0x0000, 0x0000, 0x0000, 0x0000, 0x0000, 0x0000, 0x0000,
  0x0000, 0x0000, 0x0000, 0x0000, 0x0000, 0x0000, 0x0000, 0x0000, 0x0000, 0x0000, 0x0000, 0x0000,
  0x0000, 0x0000, 0x0000, 0x0000, 0x0000, 0x0000, 0x0000, 0x0000, 0x0000, 0x0000, 0x0000, 0x0000,
  0x0000, 0x0000, 0x0000, 0x0000, 0x0000, 0x0000, 0x0000, 0x0000, 0x0000, 0x0000, 0x0000, 0x0000,
  0x0000, 0x0000, 0x0000, 0x0000, 0x0000, 0x0000, 0x0000, 0x0000, 0x0000, 0x0000, 0x0000, 0x0000,
  0x0000, 0x0000, 0x0000, 0x0000, 0x0000, 0x0000, 0x0000, 0x0000, 0x0000, 0x0000, 0x0000, 0x0000,
  0x0000, 0x0000, 0x0000, 0x0000, 0x0000, 0x0000, 0x0000, 0x0000, 0x0000, 0x0000, 0x0000, 0x0000,
  0x0000, 0x0000, 0x0000, 0x0000, 0x0000, 0x0000, 0x0000, 0x0000, 0x0000, 0x0000, 0x0000, 0x0000,
  0x0000, 0x0000, 0x0000, 0x0000, 0x0000, 0x0000, 0x0000, 0x0000, 0x0000, 0x0000, 0x0000, 0x0000,
  0x0000, 0x0000, 0x0000, 0x0000, 0x0000, 0x0000, 0x0000, 0x0000, 0x0000, 0x0000, 0x0000, 0x0000,
  0x0000, 0x0000, 0x0000, 0x0000, 0x0000, 0x0000, 0x0000, 0x0000, 0x0000, 0x0000, 0x0000, 0x0000,
  0x0000, 0x0000, 0x0000, 0x0020, 0x0020, 0x0000, 0x0000, 0x0000, 0x0000, 0x0000, 0x0041, 0x10E5,
  0x21EB, 0x3B11, 0x5417, 0x64DB, 0x653E, 0x655F, 0x653F, 0x653E, 0x653D, 0x7D7C, 0x8DBC, 0x8DDC,
  0x95DC, 0x9DFC, 0x9E1C, 0x9E3C, 0xA65D, 0xAE7D, 0xB69D, 0xAE9E, 0x965D, 0x8E1D, 0x8E3D, 0x8E3D,
  0x963D, 0x961C, 0x9E1C, 0xA63C, 0xA65D, 0xAE5C, 0xAE5C, 0xB65C, 0xAE3C, 0xAE3C, 0xAE3C, 0xA61C,
  0x9DFC, 0x95DC, 0x95DD, 0x95FF, 0x8DFF, 0x7DBF, 0x6D5F, 0x651E, 0x549B, 0x43D7, 0x3B11, 0x2A0C,
  0x1106, 0x0041, 0x0000, 0x0000, 0x0000, 0x0000, 0x0000, 0x0000, 0x0000, 0x0000, 0x0000, 0x0000,
  0x0000, 0x0000, 0x0000, 0x0000, 0x0000, 0x0000, 0x0000, 0x0000, 0x0000, 0x0000, 0x0000, 0x0000,
  0x0000, 0x0000, 0x0000, 0x0000, 0x0000, 0x0000, 0x0000, 0x0000, 0x0000, 0x0000, 0x0000, 0x0000,
  0x0000, 0x0000, 0x0000, 0x0000, 0x0000, 0x0000, 0x0000, 0x0000, 0x0000, 0x0000, 0x0000, 0x0000,
  0x0000, 0x0000, 0x0000, 0x0000, 0x0000, 0x0000, 0x0000, 0x0000, 0x0000, 0x0000, 0x0000, 0x0000,
  0x0000, 0x0000, 0x0000, 0x0000, 0x0000, 0x0000, 0x0000, 0x0000, 0x0000, 0x0000, 0x0000, 0x0000,
  0x0000, 0x0000, 0x0000, 0x0000, 0x0000, 0x0000, 0x0000, 0x0000, 0x0000, 0x0000, 0x0000, 0x0000,
  0x0000, 0x0000, 0x0000, 0x0000, 0x0000, 0x0000, 0x0000, 0x0000, 0x0000, 0x0000, 0x0000, 0x0000,
  0x0000, 0x0000, 0x0000, 0x0000, 0x0000, 0x0000, 0x0000, 0x0000, 0x0000, 0x0000, 0x0000, 0x0000,
  0x0000, 0x0000, 0x0000, 0x0000, 0x0000, 0x0000, 0x0000, 0x0000, 0x0000, 0x0000, 0x0000, 0x0000,
  0x0000, 0x0000, 0x0000, 0x0000, 0x0000, 0x0000, 0x0000, 0x0000, 0x0000, 0x0000, 0x0000, 0x0000,
  0x0000, 0x0000, 0x0000, 0x0000, 0x0000, 0x0000, 0x0000, 0x0000, 0x0000, 0x0000, 0x0000, 0x0000,
  0x0000, 0x0000, 0x0000, 0x0000, 0x0000, 0x0000, 0x0000, 0x0000, 0x0000, 0x0000, 0x0000, 0x0000,
  0x0000, 0x0000, 0x0000, 0x0000, 0x0000, 0x0000, 0x0000, 0x0000, 0x0000, 0x0000, 0x0000, 0x0000,
  0x0000, 0x0000, 0x0000, 0x0000, 0x0000, 0x0000, 0x0000, 0x0000, 0x0000, 0x0000, 0x0000, 0x0000,
  0x0000, 0x0000, 0x0000, 0x0000, 0x0000, 0x0000, 0x0000, 0x0000, 0x0000, 0x0000, 0x0000, 0x0000,
  0x0000, 0x0000, 0x0000, 0x0021, 0x08A4, 0x1968, 0x2A2C, 0x3AF1, 0x4BB5, 0x5438, 0x5CBB, 0x651D,
  0x655F, 0x6D9F, 0x75BF, 0x7DDF, 0x861F, 0x861F, 0x861F, 0x861F, 0x85FF, 0x7DDF, 0x7DFF, 0x861F,
  0x861F, 0x85FF, 0x85FF, 0x85FF, 0x85FF, 0x7DDF, 0x7DDF, 0x7DDF, 0x7DDF, 0x75BF, 0x759F, 0x655F,
  0x5CFD, 0x5CBB, 0x4C39, 0x4395, 0x32F1, 0x2A2D, 0x1988, 0x10C4, 0x0041, 0x0000, 0x0000, 0x0000,
  0x0000, 0x0000, 0x0000, 0x0000, 0x0000, 0x0000, 0x0000, 0x0000, 0x0000, 0x0000, 0x0000, 0x0000,
  0x0000, 0x0000, 0x0000, 0x0000, 0x0000, 0x0000, 0x0000, 0x0000, 0x0000, 0x0000, 0x0000, 0x0000,
  0x0000, 0x0000, 0x0000, 0x0000, 0x0000, 0x0000, 0x0000, 0x0000, 0x0000, 0x0000, 0x0000, 0x0000,
  0x0000, 0x0000, 0x0000, 0x0000, 0x0000, 0x0000, 0x0000, 0x0000, 0x0000, 0x0000, 0x0000, 0x0000,
  0x0000, 0x0000, 0x0000, 0x0000, 0x0000, 0x0000, 0x0000, 0x0000, 0x0000, 0x0000, 0x0000, 0x0000,
  0x0000, 0x0000, 0x0000, 0x0000, 0x0000, 0x0000, 0x0000, 0x0000, 0x0000, 0x0000, 0x0000, 0x0000,
  0x0000, 0x0000, 0x0000, 0x0000, 0x0000, 0x0000, 0x0000, 0x0000, 0x0000, 0x0000, 0x0000, 0x0000,
  0x0000, 0x0000, 0x0000, 0x0000, 0x0000, 0x0000, 0x0000, 0x0000, 0x0000, 0x0000, 0x0000, 0x0000,
  0x0000, 0x0000, 0x0000, 0x0000, 0x0000, 0x0000, 0x0000, 0x0000, 0x0000, 0x0000, 0x0000, 0x0000,
  0x0000, 0x0000, 0x0000, 0x0000, 0x0000, 0x0000, 0x0000, 0x0000, 0x0000, 0x0000, 0x0000, 0x0000,
  0x0000, 0x0000, 0x0000, 0x0000, 0x0000, 0x0000, 0x0000, 0x0000, 0x0000, 0x0000, 0x0000, 0x0000,
  0x0000, 0x0000, 0x0000, 0x0000, 0x0000, 0x0000, 0x0000, 0x0000, 0x0000, 0x0000, 0x0000, 0x0000,
  0x0000, 0x0000, 0x0000, 0x0000, 0x0000, 0x0000, 0x0000, 0x0000, 0x0000, 0x0000, 0x0000, 0x0000,
  0x0000, 0x0000, 0x0000, 0x0000, 0x0000, 0x0000, 0x0000, 0x0000, 0x0000, 0x0000, 0x0000, 0x0000,
  0x0000, 0x0000, 0x0000, 0x0000, 0x0000, 0x0000, 0x0000, 0x0000, 0x0000, 0x0000, 0x0000, 0x0000,
  0x0000, 0x0000, 0x0000, 0x0000, 0x0000, 0x0000, 0x0000, 0x0000, 0x0000, 0x0000, 0x0000, 0x0000,
  0x0000, 0x0020, 0x0000, 0x0000, 0x0000, 0x0000, 0x0000, 0x0000, 0x0000, 0x0000, 0x0021, 0x0862,
  0x10E5, 0x1947, 0x19AA, 0x220C, 0x2A4E, 0x32B0, 0x3B13, 0x3B54, 0x4395, 0x4BB6, 0x4BD6, 0x4BF7,
  0x4BD7, 0x43B6, 0x43B6, 0x4395, 0x3B74, 0x3B33, 0x32D1, 0x328F, 0x2A4D, 0x21EB, 0x1988, 0x1106,
  0x08A3, 0x0041, 0x0000, 0x0000, 0x0000, 0x0000, 0x0000, 0x0000, 0x0000, 0x0000, 0x0020, 0x0000,
  0x0000, 0x0000, 0x0000, 0x0000, 0x0000, 0x0000, 0x0000, 0x0000, 0x0000, 0x0000, 0x0000, 0x0000,
  0x0000, 0x0000, 0x0000, 0x0000, 0x0000, 0x0000, 0x0000, 0x0000, 0x0000, 0x0000, 0x0000, 0x0000,
  0x0000, 0x0000, 0x0000, 0x0000, 0x0000, 0x0000, 0x0000, 0x0000, 0x0000, 0x0000, 0x0000, 0x0000,
  0x0000, 0x0000, 0x0000, 0x0000, 0x0000, 0x0000, 0x0000, 0x0000, 0x0000, 0x0000, 0x0000, 0x0000,
  0x0000, 0x0000, 0x0000, 0x0000, 0x0000, 0x0000, 0x0000, 0x0000, 0x0000, 0x0000, 0x0000, 0x0000,
  0x0000, 0x0000, 0x0000, 0x0000, 0x0000, 0x0000, 0x0000, 0x0000, 0x0000, 0x0000, 0x0000, 0x0000,
  0x0000, 0x0000, 0x0000, 0x0000, 0x0000, 0x0000, 0x0000, 0x0000, 0x0000, 0x0000, 0x0000, 0x0000,
  0x0000, 0x0000, 0x0000, 0x0000, 0x0000, 0x0000, 0x0000, 0x0000, 0x0000, 0x0000, 0x0000, 0x0000,
  0x0000, 0x0000, 0x0000, 0x0000, 0x0000, 0x0000, 0x0000, 0x0000, 0x0000, 0x0000, 0x0000, 0x0000,
  0x0000, 0x0000, 0x0000, 0x0000, 0x0000, 0x0000, 0x0000, 0x0000, 0x0000, 0x0000, 0x0000, 0x0000,
  0x0000, 0x0000, 0x0000, 0x0000, 0x0000, 0x0000, 0x0000, 0x0000, 0x0000, 0x0000, 0x0000, 0x0000,
  0x0000, 0x0000, 0x0000, 0x0000, 0x0000, 0x0000, 0x0000, 0x0000, 0x0000, 0x0000, 0x0000, 0x0000,
  0x0000, 0x0000, 0x0000, 0x0000, 0x0000, 0x0000, 0x0000, 0x0000, 0x0000, 0x0000, 0x0000, 0x0000,
  0x0000, 0x0000, 0x0000, 0x0000, 0x0000, 0x0000, 0x0000, 0x0000, 0x0000, 0x0000, 0x0000, 0x0000,
  0x0000, 0x0000, 0x0000, 0x0000, 0x0000, 0x0000, 0x0000, 0x0000, 0x0000, 0x0000, 0x0000, 0x0000,
  0x0000, 0x0000, 0x0000, 0x0000, 0x0000, 0x0000, 0x0000, 0x0000, 0x0000, 0x0000, 0x0000, 0x0000,
  0x0000, 0x0000, 0x0000, 0x0000, 0x0000, 0x0000, 0x0000, 0x0020, 0x0000, 0x0000, 0x0000, 0x0000,
  0x0000, 0x0000, 0x0000, 0x0000, 0x0000, 0x0000, 0x0000, 0x0000, 0x0000, 0x0000, 0x0000, 0x0000,
  0x0000, 0x0000, 0x0000, 0x0000, 0x0000, 0x0000, 0x0000, 0x0000, 0x0000, 0x0000, 0x0000, 0x0000,
  0x0000, 0x0000, 0x0000, 0x0000, 0x0000, 0x0000, 0x0000, 0x0000, 0x0000, 0x0000, 0x0000, 0x0000,
  0x0000, 0x0000, 0x0000, 0x0000, 0x0000, 0x0000, 0x0000, 0x0000, 0x0000, 0x0000, 0x0000, 0x0000,
  0x0000, 0x0000, 0x0000, 0x0000, 0x0000, 0x0000, 0x0000, 0x0000, 0x0000, 0x0000, 0x0000, 0x0000,
  0x0000, 0x0000, 0x0000, 0x0000, 0x0000, 0x0000, 0x0000, 0x0000, 0x0000, 0x0000, 0x0000, 0x0000,
  0x0000, 0x0000, 0x0000, 0x0000, 0x0000, 0x0000, 0x0000, 0x0000, 0x0000, 0x0000, 0x0000, 0x0000,
  0x0000, 0x0000, 0x0000, 0x0000, 0x0000, 0x0000, 0x0000, 0x0000, 0x0000, 0x0000, 0x0000, 0x0000,
  0x0000, 0x0000, 0x0000, 0x0000, 0x0000, 0x0000, 0x0000, 0x0000, 0x0000, 0x0000, 0x0000, 0x0000,
  0x0000, 0x0000, 0x0000, 0x0000, 0x0000, 0x0000, 0x0000, 0x0000, 0x0000, 0x0000, 0x0000, 0x0000,
  0x0000, 0x0000, 0x0000, 0x0000, 0x0000, 0x0000, 0x0000, 0x0000, 0x0000, 0x0000, 0x0000, 0x0000,
  0x0000, 0x0000, 0x0000, 0x0000, 0x0000, 0x0000, 0x0000, 0x0000, 0x0000, 0x0000, 0x0000, 0x0000,
  0x0000, 0x0000, 0x0000, 0x0000, 0x0000, 0x0000, 0x0000, 0x0000, 0x0000, 0x0000, 0x0000, 0x0000,
  0x0000, 0x0000, 0x0000, 0x0000, 0x0000, 0x0000, 0x0000, 0x0000, 0x0000, 0x0000, 0x0000, 0x0000,
  0x0000, 0x0000, 0x0000, 0x0000, 0x0000, 0x0000, 0x0000, 0x0000, 0x0000, 0x0000, 0x0000, 0x0000,
  0x0000, 0x0000, 0x0000, 0x0000, 0x0000, 0x0000, 0x0000, 0x0000, 0x0000, 0x0000, 0x0000, 0x0000,
  0x0000, 0x0000, 0x0000, 0x0000, 0x0000, 0x0000, 0x0000, 0x0000, 0x0000, 0x0000, 0x0000, 0x0000,
  0x0000, 0x0000, 0x0000, 0x0000, 0x0000, 0x0000, 0x0000, 0x0000, 0x0000, 0x0000, 0x0000, 0x0000,
  0x0000, 0x0000, 0x0000, 0x0000, 0x0000, 0x0000, 0x0000, 0x0000, 0x0000, 0x0000, 0x0000, 0x0000,
  0x0000, 0x0000, 0x0000, 0x0000, 0x0000, 0x0000, 0x0000, 0x0000, 0x0000, 0x0000, 0x0000, 0x0000,
  0x0000, 0x0000, 0x0000, 0x0000, 0x0020, 0x0000, 0x0000, 0x0020, 0x0000, 0x0000, 0x0000, 0x0000,
  0x0000, 0x0000, 0x0000, 0x0000, 0x0000, 0x0000, 0x0020, 0x0000, 0x0000, 0x0000, 0x0000, 0x0000,
  0x0000, 0x0000, 0x0000, 0x0000, 0x0000, 0x0000, 0x0000, 0x0000, 0x0000, 0x0000, 0x0000, 0x0000,
  0x0000, 0x0000, 0x0000, 0x0000, 0x0000, 0x0000, 0x0000, 0x0000, 0x0000, 0x0000, 0x0000, 0x0000,
  0x0000, 0x0000, 0x0000, 0x0000, 0x0000, 0x0000, 0x0000, 0x0000, 0x0000, 0x0000, 0x0000, 0x0000,
  0x0000, 0x0000, 0x0000, 0x0000, 0x0000, 0x0000, 0x0000, 0x0000, 0x0000, 0x0000, 0x0000, 0x0000,
  0x0000, 0x0000, 0x0000, 0x0000, 0x0000, 0x0000, 0x0000, 0x0000, 0x0000, 0x0000, 0x0000, 0x0000,
  0x0000, 0x0000, 0x0000, 0x0000, 0x0000, 0x0000, 0x0000, 0x0000, 0x0000, 0x0000, 0x0000, 0x0000,
  0x0000, 0x0000, 0x0000, 0x0000, 0x0000, 0x0000, 0x0000, 0x0000, 0x0000, 0x0000, 0x0000, 0x0000,
  0x0000, 0x0000, 0x0000, 0x0000, 0x0000, 0x0000, 0x0000, 0x0000, 0x0000, 0x0000, 0x0000, 0x0000,
  0x0000, 0x0000, 0x0000, 0x0000, 0x0000, 0x0000, 0x0000, 0x0000, 0x0000, 0x0000, 0x0000, 0x0000,
  0x0000, 0x0000, 0x0000, 0x0000, 0x0000, 0x0000, 0x0000, 0x0000, 0x0000, 0x0000, 0x0000, 0x0000,
  0x0000, 0x0000, 0x0000, 0x0000, 0x0000, 0x0000, 0x0000, 0x0000, 0x0000, 0x0000, 0x0000, 0x0000,
  0x0000, 0x0000, 0x0000, 0x0000, 0x0000, 0x0000, 0x0000, 0x0000, 0x0000, 0x0000, 0x0000, 0x0000,
  0x0000, 0x0000, 0x0000, 0x0000, 0x0000, 0x0000, 0x0000, 0x0000, 0x0000, 0x0000, 0x0000, 0x0000,
  0x0000, 0x0000, 0x0000, 0x0000, 0x0000, 0x0000, 0x0000, 0x0000, 0x0000, 0x0000, 0x0000, 0x0000,
  0x0000, 0x0000, 0x0000, 0x0000, 0x0000, 0x0000, 0x0000, 0x0000, 0x0000, 0x0000, 0x0000, 0x0000,
  0x0000, 0x0000, 0x0000, 0x0000, 0x0000, 0x0000, 0x0000, 0x0000, 0x0000, 0x0000, 0x0000, 0x0000,
  0x0000, 0x0000, 0x0000, 0x0000, 0x0000, 0x0000, 0x0000, 0x0000, 0x0000, 0x0000, 0x0000, 0x0000,
  0x0000, 0x0000, 0x0000, 0x0000, 0x0000, 0x0000, 0x0000, 0x0000, 0x0000, 0x0000, 0x0000, 0x0000,
  0x0000, 0x0000, 0x0000, 0x0000, 0x0000, 0x0000, 0x0000, 0x0000, 0x0000, 0x0000, 0x0000, 0x0000,
  0x0000, 0x0000, 0x0000, 0x0000, 0x0000, 0x0000, 0x0000, 0x0000, 0x0000, 0x0000, 0x0000, 0x0000,
  0x0000, 0x0000, 0x0000, 0x0000, 0x0000, 0x0000, 0x0000, 0x0000, 0x0000, 0x0000, 0x0000, 0x0000,
  0x0000, 0x0000, 0x0000, 0x0000, 0x0000, 0x0000, 0x0000, 0x0000, 0x0000, 0x0000, 0x0000, 0x0000,
  0x0000, 0x0000, 0x0000, 0x0000, 0x0000, 0x0000, 0x0000, 0x0000, 0x0000, 0x0000, 0x0000, 0x0000,
  0x0000, 0x0000, 0x0000, 0x0000, 0x0000, 0x0000, 0x0000, 0x0000, 0x0000, 0x0000, 0x0000, 0x0000,
  0x0000, 0x0000, 0x0000, 0x0000, 0x0000, 0x0000, 0x0000, 0x0000, 0x0000, 0x0000, 0x0000, 0x0000,
  0x0000, 0x0000, 0x0000, 0x0000, 0x0000, 0x0000, 0x0000, 0x0000, 0x0000, 0x0000, 0x0000, 0x0000,
  0x0000, 0x0000, 0x0000, 0x0000, 0x0000, 0x0000, 0x0000, 0x0000, 0x0000, 0x0000, 0x0000, 0x0000,
  0x0000, 0x0000, 0x0000, 0x0000, 0x0000, 0x0000, 0x0000, 0x0000, 0x0000, 0x0000, 0x0000, 0x0000,
  0x0000, 0x0000, 0x0000, 0x0000, 0x0000, 0x0000, 0x0000, 0x0000, 0x0000, 0x0000, 0x0000, 0x0000,
};

#endif // CLOCK_BG_H
