
#ifndef CUSTOM_BACKGROUND_H
#define CUSTOM_BACKGROUND_H

#include <cstdint>
#define IMAGE_WIDTH  240
#define IMAGE_HEIGHT 240

const uint16_t custom_background[IMAGE_WIDTH * IMAGE_HEIGHT] PROGMEM = {

  0x0000, 0x0000, 0x0000, 0x0000, 0x0000, 0x0000, 0x0000, 0x0000, 0x0000, 0x0000, 0x0000, 0x0000,
  0x0000, 0x0000, 0x0000, 0x0000, 0x0000, 0x0000, 0x0000, 0x0000, 0x0000, 0x0000, 0x0000, 0x0000,
  0x0000, 0x0000, 0x0000, 0x0000, 0x0000, 0x0000, 0x0000, 0x0000, 0x0000, 0x0000, 0x0000, 0x0000,
  0x0000, 0x0000, 0x0000, 0x0000, 0x0000, 0x0000, 0x0000, 0x0000, 0x0000, 0x0000, 0x0000, 0x0000,
  0x0000, 0x0000, 0x0000, 0x0000, 0x0000, 0x0000, 0x0000, 0x0000, 0x0000, 0x0000, 0x0000, 0x0000,
  0x0000, 0x0000, 0x0000, 0x0000, 0x0000, 0x0000, 0x0000, 0x0000, 0x0000, 0x0000, 0x0000, 0x0000,
  0x0000, 0x0000, 0x0000, 0x0000, 0x0000, 0x0000, 0x0000, 0x0000, 0x0000, 0x0000, 0x0000, 0x0000,
  0x0000, 0x0000, 0x0000, 0x0000, 0x0000, 0x0000, 0x0000, 0x0000, 0x0000, 0x0000, 0x0000, 0x0000,
  0x0000, 0x0000, 0x0000, 0x0000, 0x0000, 0x0000, 0x0000, 0x0000, 0x0000, 0x0000, 0x0000, 0x0000,
  0x0000, 0x0000, 0x0000, 0x0000, 0x0000, 0x0000, 0x0000, 0x0000, 0x0000, 0x0000, 0x0000, 0x0000,
  0x0000, 0x0000, 0x0000, 0x0000, 0x0000, 0x0000, 0x0000, 0x0000, 0x0000, 0x0000, 0x0000, 0x0000,
  0x0000, 0x0000, 0x0000, 0x0000, 0x0000, 0x0000, 0x0000, 0x0000, 0x0000, 0x0000, 0x0000, 0x0000,
  0x0000, 0x0000, 0x0000, 0x0000, 0x0000, 0x0000, 0x0000, 0x0000, 0x0000, 0x0000, 0x0000, 0x0000,
  0x0000, 0x0000, 0x0000, 0x0000, 0x0000, 0x0000, 0x0000, 0x0000, 0x0000, 0x0000, 0x0000, 0x0000,
  0x0000, 0x0000, 0x0000, 0x0000, 0x0000, 0x0000, 0x0000, 0x0000, 0x0000, 0x0000, 0x0000, 0x0000,
  0x0000, 0x0000, 0x0000, 0x0000, 0x0000, 0x0000, 0x0000, 0x0000, 0x0000, 0x0000, 0x0000, 0x0000,
  0x0000, 0x0000, 0x0000, 0x0000, 0x0000, 0x0000, 0x0000, 0x0000, 0x0000, 0x0000, 0x0000, 0x0000,
  0x0000, 0x0000, 0x0000, 0x0000, 0x0000, 0x0000, 0x0000, 0x0000, 0x0000, 0x0000, 0x0000, 0x0000,
  0x0000, 0x0000, 0x0000, 0x0000, 0x0000, 0x0000, 0x0000, 0x0000, 0x0000, 0x0000, 0x0000, 0x0000,
  0x0000, 0x0000, 0x0000, 0x0000, 0x0000, 0x0000, 0x0000, 0x0000, 0x0000, 0x0000, 0x0000, 0x0000,
  0x0000, 0x0000, 0x0000, 0x0000, 0x0000, 0x0000, 0x0000, 0x0000, 0x0000, 0x0000, 0x0000, 0x0000,
  0x0000, 0x0000, 0x0000, 0x0000, 0x0000, 0x0000, 0x0000, 0x0000, 0x0000, 0x0000, 0x0000, 0x0000,
  0x0000, 0x0000, 0x0000, 0x0000, 0x0000, 0x0000, 0x0000, 0x0000, 0x0000, 0x0000, 0x0000, 0x0000,
  0x0000, 0x0000, 0x0000, 0x0000, 0x0000, 0x0000, 0x0000, 0x0000, 0x0000, 0x0000, 0x0000, 0x0000,
  0x0000, 0x0000, 0x0000, 0x0000, 0x0000, 0x0000, 0x0000, 0x0000, 0x0000, 0x0000, 0x0000, 0x0000,
  0x0000, 0x0000, 0x0000, 0x0000, 0x0000, 0x0000, 0x0000, 0x0000, 0x0000, 0x0000, 0x0000, 0x0000,
  0x0000, 0x0000, 0x0000, 0x0000, 0x0000, 0x0000, 0x0000, 0x0000, 0x0000, 0x0000, 0x0000, 0x0000,
  0x0000, 0x0000, 0x0000, 0x0000, 0x0000, 0x0000, 0x0000, 0x0000, 0x0000, 0x0000, 0x0000, 0x0000,
  0x0000, 0x0000, 0x0000, 0x0000, 0x0000, 0x0000, 0x0000, 0x0000, 0x0000, 0x0000, 0x0000, 0x0000,
  0x0000, 0x0000, 0x0000, 0x0000, 0x0000, 0x0000, 0x0000, 0x0000, 0x0000, 0x0000, 0x0000, 0x0000,
  0x0000, 0x0000, 0x0000, 0x0000, 0x0000, 0x0000, 0x0000, 0x0000, 0x0000, 0x0000, 0x0000, 0x0000,
  0x0000, 0x0000, 0x0000, 0x0000, 0x0000, 0x0000, 0x0000, 0x0000, 0x0000, 0x0000, 0x0000, 0x0000,
  0x0000, 0x0000, 0x0000, 0x0000, 0x0000, 0x0000, 0x0000, 0x0000, 0x0000, 0x0000, 0x0000, 0x0000,
  0x0000, 0x0000, 0x0000, 0x0000, 0x0000, 0x0000, 0x0000, 0x0000, 0x0000, 0x0000, 0x0000, 0x0000,
  0x0000, 0x0000, 0x0000, 0x0000, 0x0000, 0x0000, 0x0000, 0x0000, 0x0000, 0x0000, 0x0000, 0x0000,
  0x0000, 0x0000, 0x0000, 0x0000, 0x0000, 0x0000, 0x0000, 0x0000, 0x0000, 0x0000, 0x0000, 0x0000,
  0x0000, 0x0000, 0x0000, 0x0000, 0x0000, 0x0000, 0x0000, 0x0000, 0x0000, 0x0000, 0x0000, 0x0000,
  0x0000, 0x0000, 0x0000, 0x0000, 0x0000, 0x0000, 0x0000, 0x0000, 0x0000, 0x0000, 0x0000, 0x0000,
  0x0000, 0x0000, 0x0000, 0x0000, 0x0000, 0x0000, 0x0000, 0x0000, 0x0000, 0x0000, 0x0000, 0x0000,
  0x0000, 0x0000, 0x0000, 0x0000, 0x0000, 0x0000, 0x0000, 0x0000, 0x0000, 0x0000, 0x0000, 0x0000,
  0x0000, 0x0000, 0x0000, 0x0000, 0x0000, 0x0000, 0x0000, 0x0000, 0x0000, 0x0000, 0x0000, 0x0000,
  0x0000, 0x0000, 0x0000, 0x0000, 0x0000, 0x0000, 0x0000, 0x0000, 0x0000, 0x0000, 0x0000, 0x0000,
  0x0000, 0x0000, 0x0000, 0x0000, 0x0000, 0x0000, 0x0000, 0x0000, 0x0000, 0x0000, 0x0000, 0x0000,
  0x0000, 0x0000, 0x0000, 0x0000, 0x0000, 0x0000, 0x0000, 0x0000, 0x0000, 0x0000, 0x0000, 0x0000,
  0x0000, 0x0000, 0x0000, 0x0000, 0x0000, 0x0000, 0x0000, 0x0000, 0x0000, 0x0000, 0x0000, 0x0000,
  0x0000, 0x0000, 0x0000, 0x0000, 0x0000, 0x0000, 0x0000, 0x0000, 0x0000, 0x0000, 0x0000, 0x0000,
  0x0000, 0x0000, 0x0000, 0x0000, 0x0000, 0x0000, 0x0000, 0x0000, 0x0000, 0x0000, 0x0000, 0x0000,
  0x0000, 0x0000, 0x0000, 0x0000, 0x0000, 0x0000, 0x0000, 0x0000, 0x0000, 0x0000, 0x0000, 0x0000,
  0x0000, 0x0000, 0x0000, 0x0000, 0x0000, 0x0000, 0x0000, 0x0000, 0x0000, 0x0000, 0x0000, 0x0000,
  0x0000, 0x0000, 0x0000, 0x0000, 0x0000, 0x0000, 0x0000, 0x0000, 0x0000, 0x0000, 0x0000, 0x0000,
  0x0000, 0x0000, 0x0000, 0x0000, 0x0000, 0x0000, 0x0000, 0x0000, 0x0000, 0x0000, 0x0000, 0x0000,
  0x0000, 0x0000, 0x0000, 0x0000, 0x0000, 0x0000, 0x0000, 0x0000, 0x0000, 0x0000, 0x0000, 0x0000,
  0x0000, 0x0000, 0x0000, 0x0000, 0x0000, 0x0000, 0x0000, 0x0000, 0x0000, 0x0000, 0x0000, 0x0000,
  0x0000, 0x0000, 0x0000, 0x0000, 0x0000, 0x0000, 0x0000, 0x0000, 0x0000, 0x0000, 0x0000, 0x0000,
  0x0000, 0x0000, 0x0000, 0x0000, 0x0000, 0x0000, 0x0000, 0x0000, 0x0000, 0x0000, 0x0000, 0x0000,
  0x0000, 0x0000, 0x0000, 0x0000, 0x0000, 0x0000, 0x0000, 0x0000, 0x0000, 0x0000, 0x0000, 0x0000,
  0x0000, 0x0000, 0x0000, 0x0000, 0x0000, 0x0000, 0x0000, 0x0000, 0x0000, 0x0000, 0x0000, 0x0000,
  0x0000, 0x0000, 0x0000, 0x0000, 0x0000, 0x0000, 0x0000, 0x0000, 0x0000, 0x0000, 0x0000, 0x0000,
  0x0000, 0x0000, 0x0000, 0x0000, 0x0000, 0x0000, 0x0000, 0x0000, 0x0000, 0x0000, 0x0000, 0x0000,
  0x0000, 0x0000, 0x0000, 0x0000, 0x0000, 0x0000, 0x0000, 0x0000, 0x0000, 0x0000, 0x0000, 0x0000,
  0x0000, 0x0000, 0x0000, 0x0000, 0x0000, 0x0000, 0x0000, 0x0000, 0x0000, 0x0000, 0x0000, 0x0000,
  0x0000, 0x0000, 0x0000, 0x0000, 0x0000, 0x0000, 0x0000, 0x0000, 0x0000, 0x0000, 0x0000, 0x0000,
  0x0000, 0x0000, 0x0000, 0x0000, 0x0000, 0x0000, 0x0000, 0x0000, 0x0000, 0x0000, 0x0000, 0x0000,
  0x0000, 0x0000, 0x0000, 0x0000, 0x0000, 0x0000, 0x0000, 0x0000, 0x0000, 0x0000, 0x0000, 0x0000,
  0x0000, 0x0000, 0x0000, 0x0000, 0x0000, 0x0000, 0x0000, 0x0000, 0x0000, 0x0000, 0x0000, 0x0000,
  0x0000, 0x0000, 0x0000, 0x0000, 0x0000, 0x0000, 0x0000, 0x0000, 0x0000, 0x0000, 0x0000, 0x0000,
  0x0000, 0x0000, 0x0000, 0x0000, 0x0000, 0x0000, 0x0000, 0x0000, 0x0000, 0x0000, 0x0000, 0x0000,
  0x0000, 0x0000, 0x0000, 0x0000, 0x0000, 0x0000, 0x0000, 0x0000, 0x0000, 0x0000, 0x0000, 0x0000,
  0x0000, 0x0000, 0x0000, 0x0000, 0x0000, 0x0000, 0x0000, 0x0000, 0x0000, 0x0000, 0x0000, 0x0000,
  0x0000, 0x0000, 0x0000, 0x0000, 0x0000, 0x0000, 0x0000, 0x0000, 0x0000, 0x0000, 0x0000, 0x0000,
  0x0000, 0x0000, 0x0000, 0x0000, 0x0000, 0x0000, 0x0000, 0x0000, 0x0000, 0x0000, 0x0000, 0x0000,
  0x0000, 0x0000, 0x0000, 0x0000, 0x0000, 0x0000, 0x0000, 0x0000, 0x0000, 0x0000, 0x0000, 0x0000,
  0x0000, 0x0000, 0x0000, 0x0000, 0x0000, 0x0000, 0x0000, 0x0000, 0x0000, 0x0000, 0x0000, 0x0000,
  0x0000, 0x0000, 0x0000, 0x0000, 0x0000, 0x0000, 0x0000, 0x0000, 0x0000, 0x0000, 0x0000, 0x0000,
  0x0000, 0x0000, 0x0000, 0x0000, 0x0000, 0x0000, 0x0000, 0x0000, 0x0000, 0x0000, 0x0000, 0x0000,
  0x0000, 0x0000, 0x0000, 0x0000, 0x0000, 0x0000, 0x0000, 0x0000, 0x0000, 0x0000, 0x0000, 0x0000,
  0x0000, 0x0000, 0x0000, 0x0000, 0x0000, 0x0000, 0x0000, 0x0000, 0x0000, 0x0000, 0x0000, 0x0000,
  0x0000, 0x0000, 0x0000, 0x0000, 0x0000, 0x0000, 0x0000, 0x0000, 0x0000, 0x0000, 0x0000, 0x0000,
  0x0000, 0x0000, 0x0000, 0x0000, 0x0000, 0x0000, 0x0000, 0x0000, 0x0000, 0x0000, 0x0000, 0x0000,
  0x0000, 0x0000, 0x0000, 0x0000, 0x0000, 0x0000, 0x0000, 0x0000, 0x0000, 0x0000, 0x0000, 0x0000,
  0x0000, 0x0000, 0x0000, 0x0000, 0x0000, 0x0000, 0x0000, 0x0000, 0x0000, 0x0000, 0x0000, 0x0000,
  0x0000, 0x0000, 0x0000, 0x0000, 0x0000, 0x0000, 0x0000, 0x0000, 0x0000, 0x0000, 0x0000, 0x0000,
  0x0000, 0x0000, 0x0000, 0x0000, 0x0000, 0x0000, 0x0000, 0x0000, 0x0000, 0x0000, 0x0000, 0x0000,
  0x0000, 0x0000, 0x0000, 0x0000, 0x0000, 0x0000, 0x0000, 0x0000, 0x0000, 0x0000, 0x0000, 0x0000,
  0x0000, 0x0000, 0x0000, 0x0000, 0x0000, 0x0000, 0x0000, 0x0000, 0x0000, 0x0000, 0x0000, 0x0000,
  0x0000, 0x0000, 0x0000, 0x0000, 0x0000, 0x0000, 0x0000, 0x0000, 0x0000, 0x0000, 0x0000, 0x0000,
  0x0000, 0x0000, 0x0000, 0x0000, 0x0000, 0x0000, 0x0000, 0x0000, 0x0000, 0x0000, 0x0000, 0x0000,
  0x0000, 0x0000, 0x0000, 0x0000, 0x0000, 0x0000, 0x0000, 0x0000, 0x0000, 0x0000, 0x0000, 0x0000,
  0x0000, 0x0000, 0x0000, 0x0000, 0x0000, 0x0000, 0x0000, 0x0000, 0x0000, 0x0000, 0x0000, 0x0000,
  0x0000, 0x0000, 0x0000, 0x0000, 0x0000, 0x0000, 0x0000, 0x0000, 0x0000, 0x0000, 0x0000, 0x0000,
  0x0000, 0x0000, 0x0000, 0x0000, 0x0000, 0x0000, 0x0000, 0x0000, 0x0000, 0x0000, 0x0000, 0x0000,
  0x0000, 0x0000, 0x0000, 0x0000, 0x0000, 0x0000, 0x0000, 0x0000, 0x0000, 0x0000, 0x0000, 0x0000,
  0x0000, 0x0000, 0x0000, 0x0000, 0x0000, 0x0000, 0x0000, 0x0000, 0x0000, 0x0000, 0x0000, 0x0000,
  0x0000, 0x0000, 0x0000, 0x0000, 0x0000, 0x0000, 0x0000, 0x0000, 0x0000, 0x0000, 0x0000, 0x0000,
  0x0000, 0x0000, 0x0000, 0x0000, 0x0000, 0x0000, 0x0000, 0x0000, 0x0000, 0x0000, 0x0000, 0x0000,
  0x0000, 0x0000, 0x0000, 0x0000, 0x0000, 0x0000, 0x0000, 0x0000, 0x0000, 0x0000, 0x0000, 0x0000,
  0x0000, 0x0000, 0x0000, 0x0000, 0x0000, 0x0000, 0x0000, 0x0000, 0x0000, 0x0000, 0x0000, 0x0000,
  0x0000, 0x0000, 0x0000, 0x0000, 0x0000, 0x0000, 0x0000, 0x0000, 0x0000, 0x0000, 0x0000, 0x0000,
  0x0000, 0x0000, 0x0000, 0x0000, 0x0000, 0x0000, 0x0000, 0x0000, 0x0000, 0x0000, 0x0000, 0x0000,
  0x0000, 0x0000, 0x0000, 0x0000, 0x0000, 0x0000, 0x0000, 0x0000, 0x0000, 0x0000, 0x0000, 0x0000,
  0x0000, 0x0000, 0x0000, 0x0000, 0x0000, 0x0000, 0x0000, 0x0000, 0x0000, 0x0000, 0x0000, 0x0000,
  0x0000, 0x0000, 0x0000, 0x0000, 0x0000, 0x0000, 0x0000, 0x0000, 0x0000, 0x0000, 0x0000, 0x0000,
  0x0000, 0x0000, 0x0000, 0x0000, 0x0000, 0x0000, 0x0000, 0x0000, 0x0000, 0x0000, 0x0000, 0x0000,
  0x0000, 0x0000, 0x0000, 0x0000, 0x0000, 0x0000, 0x0000, 0x0000, 0x0000, 0x0000, 0x0000, 0x0000,
  0x0000, 0x0000, 0x0000, 0x0000, 0x0000, 0x0000, 0x0000, 0x0000, 0x0000, 0x0000, 0x0000, 0x0000,
  0x0000, 0x0000, 0x0000, 0x0000, 0x0000, 0x0000, 0x0000, 0x0000, 0x0000, 0x0000, 0x0000, 0x0000,
  0x0000, 0x0000, 0x0000, 0x0000, 0x0000, 0x0000, 0x0000, 0x0000, 0x0000, 0x0000, 0x0000, 0x0000,
  0x0000, 0x0000, 0x0000, 0x0000, 0x0000, 0x0000, 0x0000, 0x0000, 0x0000, 0x0000, 0x0000, 0x0000,
  0x0000, 0x0000, 0x0000, 0x0000, 0x0000, 0x0000, 0x0000, 0x0000, 0x0000, 0x0000, 0x0000, 0x0000,
  0x0000, 0x0000, 0x0000, 0x0000, 0x0000, 0x0000, 0x0000, 0x0000, 0x0000, 0x0000, 0x0000, 0x0000,
  0x0000, 0x0000, 0x0000, 0x0000, 0x0000, 0x0000, 0x0000, 0x0000, 0x0000, 0x0000, 0x0000, 0x0000,
  0x0000, 0x0000, 0x0000, 0x0000, 0x0000, 0x0000, 0x0000, 0x0000, 0x0000, 0x0000, 0x0000, 0x0000,
  0x0000, 0x0000, 0x0000, 0x0000, 0x0000, 0x0000, 0x0000, 0x0000, 0x0000, 0x0000, 0x0000, 0x0000,
  0x0000, 0x0000, 0x0000, 0x0000, 0x0000, 0x0000, 0x0000, 0x0000, 0x0000, 0x0000, 0x0000, 0x0000,
  0x0000, 0x0000, 0x0000, 0x0000, 0x0000, 0x0000, 0x0000, 0x0000, 0x0000, 0x0000, 0x0000, 0x0000,
  0x0000, 0x0000, 0x0000, 0x0000, 0x0000, 0x0000, 0x0000, 0x0000, 0x0000, 0x0000, 0x0000, 0x0000,
  0x0000, 0x0000, 0x0000, 0x0000, 0x0000, 0x0000, 0x0000, 0x0000, 0x0000, 0x0000, 0x0000, 0x0000,
  0x0000, 0x0000, 0x0000, 0x0000, 0x0000, 0x0000, 0x0000, 0x0000, 0x0000, 0x0000, 0x0000, 0x0000,
  0x0000, 0x0000, 0x0000, 0x0000, 0x0000, 0x0000, 0x0000, 0x0000, 0x0000, 0x0000, 0x0000, 0x0000,
  0x0000, 0x0000, 0x0000, 0x0000, 0x0000, 0x0000, 0x0000, 0x0000, 0x0000, 0x0000, 0x0000, 0x0000,
  0x0000, 0x0000, 0x0000, 0x0000, 0x0000, 0x0000, 0x0000, 0x0000, 0x0000, 0x0000, 0x0000, 0x0000,
  0x0000, 0x0000, 0x0000, 0x0000, 0x0000, 0x0000, 0x0000, 0x0000, 0x0000, 0x0000, 0x0000, 0x0000,
  0x0000, 0x0000, 0x0000, 0x0000, 0x0000, 0x0000, 0x0000, 0x0000, 0x0000, 0x0000, 0x0000, 0x0000,
  0x0000, 0x0000, 0x0000, 0x0000, 0x0000, 0x0000, 0x0000, 0x0000, 0x0000, 0x0000, 0x0000, 0x0000,
  0x0000, 0x0000, 0x0000, 0x0000, 0x0000, 0x0000, 0x0000, 0x0000, 0x0000, 0x0000, 0x0000, 0x0000,
  0x0000, 0x0000, 0x0000, 0x0000, 0x0000, 0x0000, 0x0000, 0x0000, 0x0000, 0x0000, 0x0000, 0x0000,
  0x0000, 0x0000, 0x0000, 0x0000, 0x0000, 0x0000, 0x0000, 0x0000, 0x0000, 0x0000, 0x0000, 0x0000,
  0x0000, 0x0000, 0x0000, 0x0000, 0x0000, 0x0000, 0x0000, 0x0000, 0x0000, 0x0000, 0x0000, 0x0000,
  0x0000, 0x0000, 0x0000, 0x0000, 0x0000, 0x0000, 0x0000, 0x0000, 0x0000, 0x0000, 0x0000, 0x0000,
  0x0000, 0x0000, 0x0000, 0x0000, 0x0000, 0x0000, 0x0000, 0x0000, 0x0000, 0x0000, 0x0000, 0x0000,
  0x0000, 0x0000, 0x0000, 0x0000, 0x0000, 0x0000, 0x0000, 0x0000, 0x0000, 0x0000, 0x0000, 0x0000,
  0x0000, 0x0000, 0x0000, 0x0000, 0x0000, 0x0000, 0x0000, 0x0000, 0x0000, 0x0000, 0x0000, 0x0000,
  0x0000, 0x0000, 0x0000, 0x0000, 0x0000, 0x0000, 0x0000, 0x0000, 0x0000, 0x0000, 0x0000, 0x0000,
  0x0000, 0x0000, 0x0000, 0x0000, 0x0000, 0x0000, 0x0000, 0x0000, 0x0000, 0x0000, 0x0000, 0x0000,
  0x0000, 0x0000, 0x0000, 0x0000, 0x0000, 0x0000, 0x0000, 0x0000, 0x0000, 0x0000, 0x0000, 0x0000,
  0x0000, 0x0000, 0x0000, 0x0000, 0x0000, 0x0000, 0x0000, 0x0000, 0x0000, 0x0000, 0x0000, 0x0000,
  0x0000, 0x0000, 0x0000, 0x0000, 0x0000, 0x0000, 0x0000, 0x0000, 0x0000, 0x0000, 0x0000, 0x0000,
  0x0000, 0x0000, 0x0000, 0x0000, 0x0000, 0x0000, 0x0000, 0x0000, 0x0000, 0x0000, 0x0000, 0x0000,
  0x0000, 0x0000, 0x0000, 0x0000, 0x0000, 0x0000, 0x0000, 0x0000, 0x0000, 0x0000, 0x0000, 0x0000,
  0x0000, 0x0000, 0x0000, 0x0000, 0x0000, 0x0000, 0x0000, 0x0000, 0x0000, 0x0000, 0x0000, 0x0000,
  0x0000, 0x0000, 0x0000, 0x0000, 0x0000, 0x0000, 0x0000, 0x0000, 0x0000, 0x0000, 0x0000, 0x0000,
  0x0000, 0x0000, 0x0000, 0x0000, 0x0000, 0x0000, 0x0000, 0x0000, 0x0000, 0x0000, 0x0000, 0x0000,
  0x0000, 0x0000, 0x0000, 0x0000, 0x0000, 0x0000, 0x0000, 0x0000, 0x0000, 0x0000, 0x0000, 0x0000,
  0x0000, 0x0000, 0x0000, 0x0000, 0x0000, 0x0000, 0x0000, 0x0000, 0x0000, 0x0000, 0x0000, 0x0000,
  0x0000, 0x0000, 0x0000, 0x0000, 0x0000, 0x0000, 0x0000, 0x0000, 0x0000, 0x0000, 0x0000, 0x0000,
  0x0000, 0x0000, 0x0000, 0x0000, 0x0000, 0x0000, 0x0000, 0x0000, 0x0000, 0x0000, 0x0000, 0x0000,
  0x0000, 0x0000, 0x0000, 0x0000, 0x0000, 0x0000, 0x0000, 0x0000, 0x0000, 0x0000, 0x0000, 0x0000,
  0x0000, 0x0000, 0x0000, 0x0000, 0x0000, 0x0000, 0x0000, 0x0000, 0x0000, 0x0000, 0x0000, 0x0000,
  0x0000, 0x0000, 0x0000, 0x0000, 0x0000, 0x0000, 0x0000, 0x0000, 0x0000, 0x0000, 0x0000, 0x0000,
  0x0000, 0x0000, 0x0000, 0x0000, 0x0000, 0x0000, 0x0000, 0x0000, 0x0000, 0x0000, 0x0000, 0x0000,
  0x0000, 0x0000, 0x0000, 0x0000, 0x0000, 0x0000, 0x0000, 0x0000, 0x0000, 0x0000, 0x0000, 0x0000,
  0x0000, 0x0000, 0x0000, 0x0000, 0x0000, 0x0000, 0x0000, 0x0000, 0x0000, 0x0000, 0x0000, 0x0000,
  0x0000, 0x0000, 0x0000, 0x0000, 0x0000, 0x0000, 0x0000, 0x0000, 0x0000, 0x0000, 0x0000, 0x0000,
  0x0000, 0x0000, 0x0000, 0x0000, 0x0000, 0x0000, 0x0000, 0x0000, 0x0000, 0x0000, 0x0000, 0x0000,
  0x0000, 0x0000, 0x0000, 0x0000, 0x0000, 0x0000, 0x0000, 0x0000, 0x0000, 0x0000, 0x0000, 0x0000,
  0x0000, 0x0000, 0x0000, 0x0000, 0x0000, 0x0000, 0x0000, 0x0000, 0x0000, 0x0000, 0x0000, 0x0000,
  0x0000, 0x0000, 0x0000, 0x0000, 0x0000, 0x0000, 0x0000, 0x0000, 0x0000, 0x0000, 0x0000, 0x0000,
  0x0000, 0x0000, 0x0000, 0x0000, 0x0000, 0x0000, 0x0000, 0x0000, 0x0000, 0x0000, 0x0000, 0x0000,
  0x0000, 0x0000, 0x0000, 0x0000, 0x0000, 0x0000, 0x0000, 0x0000, 0x0000, 0x0000, 0x0000, 0x0000,
  0x0000, 0x0000, 0x0000, 0x0000, 0x0000, 0x0000, 0x0000, 0x0000, 0x0000, 0x0000, 0x0000, 0x0000,
  0x0000, 0x0000, 0x0000, 0x0000, 0x0000, 0x0000, 0x0000, 0x0000, 0x0000, 0x0000, 0x0000, 0x0000,
  0x0000, 0x0000, 0x0000, 0x0000, 0x0000, 0x0000, 0x0000, 0x0000, 0x0000, 0x0000, 0x0000, 0x0000,
  0x0000, 0x0000, 0x0000, 0x0000, 0x0000, 0x0000, 0x0000, 0x0000, 0x0000, 0x0000, 0x0000, 0x0000,
  0x0000, 0x0000, 0x0000, 0x0000, 0x0000, 0x0000, 0x0000, 0x0000, 0x0000, 0x0000, 0x0000, 0x0000,
  0x0000, 0x0000, 0x0000, 0x0000, 0x0000, 0x0000, 0x0000, 0x0000, 0x0000, 0x0000, 0x0000, 0x0000,
  0x0000, 0x0000, 0x0000, 0x0000, 0x0000, 0x0000, 0x0000, 0x0000, 0x0000, 0x0000, 0x0000, 0x0000,
  0x0000, 0x0000, 0x0000, 0x0000, 0x0000, 0x0000, 0x0000, 0x0000, 0x0000, 0x0000, 0x0000, 0x0000,
  0x0000, 0x0000, 0x0000, 0x0000, 0x0000, 0x0000, 0x0000, 0x0000, 0x0000, 0x0000, 0x0000, 0x0000,
  0x0000, 0x0000, 0x0000, 0x0000, 0x0000, 0x0000, 0x0000, 0x0000, 0x0000, 0x0000, 0x0000, 0x0000,
  0x0000, 0x0000, 0x0000, 0x0000, 0x0000, 0x0000, 0x0000, 0x0000, 0x0000, 0x0000, 0x0000, 0x0000,
  0x0000, 0x0000, 0x0000, 0x0000, 0x0000, 0x0000, 0x0000, 0x0000, 0x0000, 0x0000, 0x0000, 0x0000,
  0x0000, 0x0000, 0x0000, 0x0000, 0x0000, 0x0000, 0x0000, 0x0000, 0x0000, 0x0000, 0x0000, 0x0000,
  0x0000, 0x0000, 0x0000, 0x0000, 0x0000, 0x0000, 0x0000, 0x0000, 0x0000, 0x0000, 0x0000, 0x0000,
  0x0000, 0x0000, 0x0000, 0x0000, 0x0000, 0x0000, 0x0000, 0x0000, 0x0000, 0x0000, 0x0000, 0x0000,
  0x0000, 0x0000, 0x0000, 0x0000, 0x0000, 0x0000, 0x0000, 0x0000, 0x0000, 0x0000, 0x0000, 0x0000,
  0x0000, 0x0000, 0x0000, 0x0000, 0x0000, 0x0000, 0x0000, 0x0000, 0x0000, 0x0000, 0x0000, 0x0000,
  0x0000, 0x0000, 0x0000, 0x0000, 0x0000, 0x0000, 0x0000, 0x0000, 0x0000, 0x0000, 0x0000, 0x0000,
  0x0000, 0x0000, 0x0000, 0x0000, 0x0000, 0x0000, 0x0000, 0x0000, 0x0000, 0x0000, 0x0000, 0x0000,
  0x0000, 0x0000, 0x0000, 0x0000, 0x0000, 0x0000, 0x0000, 0x0000, 0x0000, 0x0000, 0x0000, 0x0000,
  0x0000, 0x0000, 0x0000, 0x0000, 0x0000, 0x0000, 0x0000, 0x0000, 0x0000, 0x0000, 0x0000, 0x0000,
  0x0000, 0x0000, 0x0000, 0x0000, 0x0000, 0x0000, 0x0000, 0x0000, 0x0000, 0x0000, 0x0000, 0x0000,
  0x0000, 0x0000, 0x0000, 0x0020, 0x0020, 0x0020, 0x0020, 0x0000, 0x0000, 0x0000, 0x0000, 0x0000,
  0x0020, 0x0020, 0x0020, 0x0020, 0x0020, 0x0000, 0x0000, 0x0000, 0x0000, 0x0000, 0x0020, 0x0020,
  0x0020, 0x0020, 0x0000, 0x0000, 0x0000, 0x0000, 0x0000, 0x0020, 0x0020, 0x0020, 0x0020, 0x0020,
  0x0000, 0x0000, 0x0000, 0x0000, 0x0000, 0x0020, 0x0020, 0x0020, 0x0020, 0x0020, 0x0000, 0x0000,
  0x0000, 0x0000, 0x0000, 0x0020, 0x0020, 0x0020, 0x0020, 0x0020, 0x0000, 0x0000, 0x0000, 0x0000,
  0x0000, 0x0020, 0x0020, 0x0020, 0x0020, 0x0020, 0x0000, 0x0000, 0x0000, 0x0000, 0x0000, 0x0020,
  0x0020, 0x0020, 0x0020, 0x0000, 0x0000, 0x0000, 0x0000, 0x0000, 0x0000, 0x0020, 0x0020, 0x0020,
  0x0020, 0x0000, 0x0000, 0x0000, 0x0000, 0x0000, 0x0020, 0x0020, 0x0020, 0x0020, 0x0020, 0x0000,
  0x0000, 0x0000, 0x0000, 0x0000, 0x0020, 0x0020, 0x0020, 0x0840, 0x0820, 0x0840, 0x0840, 0x0840,
  0x0840, 0x0840, 0x0040, 0x0020, 0x0020, 0x0020, 0x0020, 0x0020, 0x0000, 0x0000, 0x0000, 0x0000,
  0x0000, 0x0020, 0x0020, 0x0020, 0x0020, 0x0000, 0x0000, 0x0000, 0x0000, 0x0000, 0x0020, 0x0020,
  0x0020, 0x0020, 0x0020, 0x0000, 0x0000, 0x0000, 0x0000, 0x0000, 0x0020, 0x0020, 0x0020, 0x0020,
  0x0020, 0x0000, 0x0000, 0x0000, 0x0000, 0x0000, 0x0020, 0x0020, 0x0020, 0x0020, 0x0020, 0x0000,
  0x0000, 0x0000, 0x0000, 0x0000, 0x0020, 0x0020, 0x0020, 0x0020, 0x0020, 0x0000, 0x0000, 0x0000,
  0x0000, 0x0000, 0x0020, 0x0020, 0x0020, 0x0020, 0x0000, 0x0000, 0x0000, 0x0000, 0x0000, 0x0020,
  0x0020, 0x0020, 0x0020, 0x0020, 0x0000, 0x0000, 0x0000, 0x0000, 0x0000, 0x0020, 0x0020, 0x0020,
  0x0020, 0x0020, 0x0000, 0x0000, 0x0000, 0x0000, 0x0000, 0x0020, 0x0020, 0x0020, 0x0020, 0x0020,
  0x0000, 0x0000, 0x0000, 0x0000, 0x0000, 0x0020, 0x0020, 0x0020, 0x0020, 0x0000, 0x0000, 0x0000,
  0x0000, 0x0000, 0x0000, 0x0000, 0x0000, 0x0000, 0x0000, 0x0000, 0x0000, 0x0000, 0x0000, 0x0000,
  0x0000, 0x0000, 0x0000, 0x0000, 0x0000, 0x0000, 0x0000, 0x0000, 0x0000, 0x0000, 0x0000, 0x0000,
  0x0000, 0x0000, 0x0841, 0x0861, 0x0861, 0x0861, 0x0861, 0x0020, 0x0000, 0x0000, 0x0000, 0x0000,
  0x0861, 0x0861, 0x0861, 0x0861, 0x0861, 0x0000, 0x0000, 0x0000, 0x0000, 0x0020, 0x0861, 0x0861,
  0x0861, 0x0861, 0x0841, 0x0000, 0x0000, 0x0000, 0x0000, 0x0841, 0x1082, 0x0861, 0x1082, 0x1082,
  0x0020, 0x0000, 0x0000, 0x0000, 0x0000, 0x0861, 0x0861, 0x0861, 0x0861, 0x0861, 0x0000, 0x0000,
  0x0000, 0x0000, 0x0000, 0x1082, 0x1082, 0x0861, 0x1082, 0x0861, 0x0000, 0x0000, 0x0000, 0x0000,
  0x0020, 0x1082, 0x0861, 0x0861, 0x1082, 0x0841, 0x0000, 0x0000, 0x0000, 0x0000, 0x0020, 0x1082,
  0x0861, 0x0861, 0x1082, 0x0020, 0x0000, 0x0000, 0x0000, 0x0000, 0x0841, 0x1082, 0x0861, 0x0861,
  0x1082, 0x0020, 0x0000, 0x0000, 0x0000, 0x0000, 0x0861, 0x1082, 0x1082, 0x1082, 0x10A2, 0x0861,
  0x0861, 0x0861, 0x1081, 0x10A2, 0x10A2, 0x10A2, 0x18A2, 0x18C2, 0x18C2, 0x18C2, 0x18C2, 0x18C2,
  0x18C2, 0x18C2, 0x18C2, 0x10C2, 0x10C2, 0x18C2, 0x18C2, 0x10A2, 0x1082, 0x1082, 0x1081, 0x0861,
  0x1081, 0x10A2, 0x1082, 0x1082, 0x1082, 0x0020, 0x0000, 0x0000, 0x0000, 0x0000, 0x0861, 0x1082,
  0x1082, 0x1082, 0x1082, 0x0020, 0x0000, 0x0000, 0x0000, 0x0000, 0x0861, 0x1082, 0x1082, 0x1082,
  0x0861, 0x0000, 0x0000, 0x0000, 0x0000, 0x0020, 0x0861, 0x1082, 0x1082, 0x1082, 0x0861, 0x0000,
  0x0000, 0x0000, 0x0000, 0x0020, 0x1082, 0x0861, 0x0861, 0x1082, 0x0841, 0x0000, 0x0000, 0x0000,
  0x0000, 0x0841, 0x1082, 0x0861, 0x0861, 0x1082, 0x0020, 0x0000, 0x0000, 0x0000, 0x0000, 0x0861,
  0x1082, 0x0861, 0x0861, 0x1082, 0x0020, 0x0000, 0x0000, 0x0000, 0x0000, 0x0861, 0x1082, 0x0861,
  0x1082, 0x0861, 0x0000, 0x0000, 0x0000, 0x0000, 0x0000, 0x0861, 0x0861, 0x0861, 0x1082, 0x0861,
  0x0000, 0x0000, 0x0000, 0x0000, 0x0020, 0x1082, 0x1082, 0x0861, 0x1082, 0x0841, 0x0000, 0x0000,
  0x0000, 0x0000, 0x0000, 0x0000, 0x0000, 0x0000, 0x0000, 0x0000, 0x0000, 0x0000, 0x0000, 0x0000,
  0x0000, 0x0000, 0x0000, 0x0000, 0x0000, 0x0000, 0x0000, 0x0000, 0x0000, 0x0000, 0x0000, 0x0000,
  0x0000, 0x0000, 0x0841, 0x0861, 0x0861, 0x0861, 0x0861, 0x0020, 0x0000, 0x0000, 0x0000, 0x0000,
  0x0841, 0x0861, 0x0861, 0x0861, 0x0861, 0x0000, 0x0000, 0x0000, 0x0000, 0x0020, 0x0861, 0x0861,
  0x0861, 0x0861, 0x0841, 0x0000, 0x0000, 0x0000, 0x0000, 0x0841, 0x1082, 0x0861, 0x0861, 0x0861,
  0x0020, 0x0000, 0x0000, 0x0000, 0x0000, 0x0861, 0x0861, 0x0861, 0x0861, 0x0861, 0x0000, 0x0000,
  0x0000, 0x0000, 0x0000, 0x0861, 0x0861, 0x0861, 0x1082, 0x0861, 0x0000, 0x0000, 0x0000, 0x0000,
  0x0020, 0x0861, 0x0861, 0x0861, 0x0861, 0x0841, 0x0000, 0x0000, 0x0000, 0x0000, 0x0020, 0x1082,
  0x0861, 0x0861, 0x1082, 0x0020, 0x0000, 0x0000, 0x0000, 0x0000, 0x0841, 0x1082, 0x0861, 0x0861,
  0x0861, 0x0020, 0x0000, 0x0020, 0x0841, 0x0861, 0x1082, 0x10A2, 0x10A2, 0x10A2, 0x10C2, 0x18C2,
  0x18C2, 0x18C2, 0x18C2, 0x18C2, 0x10C2, 0x10A2, 0x10A2, 0x10A2, 0x10A2, 0x10C2, 0x10C2, 0x10C2,
  0x10C2, 0x18C2, 0x10C2, 0x10C2, 0x10C2, 0x10A2, 0x10C2, 0x10C2, 0x18C2, 0x18C2, 0x18C2, 0x18C2,
  0x10C2, 0x10C2, 0x10C2, 0x10A2, 0x10A2, 0x1082, 0x1081, 0x0861, 0x0841, 0x0020, 0x0841, 0x0861,
  0x0861, 0x0861, 0x1082, 0x0020, 0x0000, 0x0000, 0x0000, 0x0000, 0x0861, 0x0861, 0x0861, 0x0861,
  0x0861, 0x0000, 0x0000, 0x0000, 0x0000, 0x0000, 0x0861, 0x0861, 0x0861, 0x0861, 0x0861, 0x0000,
  0x0000, 0x0000, 0x0000, 0x0020, 0x0861, 0x0861, 0x0861, 0x1082, 0x0841, 0x0000, 0x0000, 0x0000,
  0x0000, 0x0841, 0x0861, 0x0861, 0x0861, 0x0861, 0x0020, 0x0000, 0x0000, 0x0000, 0x0000, 0x0841,
  0x0861, 0x0861, 0x0861, 0x0861, 0x0020, 0x0000, 0x0000, 0x0000, 0x0000, 0x0861, 0x0861, 0x0861,
  0x0861, 0x0861, 0x0000, 0x0000, 0x0000, 0x0000, 0x0000, 0x0861, 0x0861, 0x0861, 0x0861, 0x0841,
  0x0000, 0x0000, 0x0000, 0x0000, 0x0020, 0x1082, 0x0861, 0x0861, 0x0861, 0x0841, 0x0000, 0x0000,
  0x0000, 0x0000, 0x0000, 0x0000, 0x0000, 0x0000, 0x0000, 0x0000, 0x0000, 0x0000, 0x0000, 0x0000,
  0x0000, 0x0000, 0x0000, 0x0000, 0x0000, 0x0000, 0x0000, 0x0000, 0x0000, 0x0000, 0x0000, 0x0000,
  0x0000, 0x0000, 0x0841, 0x0861, 0x0861, 0x0861, 0x0861, 0x0020, 0x0000, 0x0000, 0x0000, 0x0000,
  0x0841, 0x0861, 0x0861, 0x0861, 0x0861, 0x0000, 0x0000, 0x0000, 0x0000, 0x0020, 0x0861, 0x0861,
  0x0861, 0x0861, 0x0841, 0x0000, 0x0000, 0x0000, 0x0000, 0x0841, 0x1082, 0x0861, 0x0861, 0x0861,
  0x0020, 0x0000, 0x0000, 0x0000, 0x0000, 0x0861, 0x0861, 0x0861, 0x0861, 0x0861, 0x0000, 0x0000,
  0x0000, 0x0000, 0x0000, 0x0861, 0x0861, 0x0861, 0x0861, 0x0861, 0x0000, 0x0000, 0x0000, 0x0000,
  0x0020, 0x0861, 0x0861, 0x0861, 0x0861, 0x0841, 0x0000, 0x0000, 0x0000, 0x0000, 0x0020, 0x0861,
  0x0861, 0x0861, 0x0861, 0x0020, 0x0000, 0x0000, 0x0000, 0x0000, 0x0841, 0x1082, 0x1082, 0x1082,
  0x1082, 0x10A2, 0x10A2, 0x10A2, 0x10C2, 0x18C2, 0x18C2, 0x10C2, 0x10C2, 0x10C2, 0x10C2, 0x10C2,
  0x10C2, 0x10A2, 0x10C2, 0x10C2, 0x10C2, 0x10A2, 0x10A2, 0x10C2, 0x10C2, 0x10C2, 0x10C2, 0x10C2,
  0x18C2, 0x18C2, 0x10C2, 0x10C2, 0x10C2, 0x10C2, 0x10C2, 0x10C2, 0x10C2, 0x10C2, 0x10C2, 0x10C2,
  0x10C2, 0x10C2, 0x10C2, 0x10C2, 0x10A2, 0x10C2, 0x18C2, 0x18C2, 0x10C2, 0x10A2, 0x10A2, 0x10A2,
  0x1082, 0x1082, 0x1082, 0x0020, 0x0000, 0x0000, 0x0000, 0x0000, 0x0861, 0x0861, 0x0861, 0x0861,
  0x0861, 0x0000, 0x0000, 0x0000, 0x0000, 0x0000, 0x0861, 0x0861, 0x0861, 0x0861, 0x0861, 0x0000,
  0x0000, 0x0000, 0x0000, 0x0020, 0x0861, 0x0861, 0x0861, 0x1082, 0x0841, 0x0000, 0x0000, 0x0000,
  0x0000, 0x0841, 0x0861, 0x0861, 0x0861, 0x0861, 0x0020, 0x0000, 0x0000, 0x0000, 0x0000, 0x0841,
  0x0861, 0x0861, 0x0861, 0x0861, 0x0020, 0x0000, 0x0000, 0x0000, 0x0000, 0x0861, 0x0861, 0x0861,
  0x0861, 0x0861, 0x0000, 0x0000, 0x0000, 0x0000, 0x0000, 0x0861, 0x0861, 0x0861, 0x0861, 0x0841,
  0x0000, 0x0000, 0x0000, 0x0000, 0x0020, 0x1082, 0x0861, 0x0861, 0x0861, 0x0841, 0x0000, 0x0000,
  0x0000, 0x0000, 0x0000, 0x0000, 0x0000, 0x0000, 0x0000, 0x0000, 0x0000, 0x0000, 0x0000, 0x0000,
  0x0000, 0x0000, 0x0000, 0x0000, 0x0000, 0x0000, 0x0000, 0x0000, 0x0000, 0x0000, 0x0000, 0x0000,
  0x0000, 0x0000, 0x0841, 0x0861, 0x0861, 0x0861, 0x0861, 0x0020, 0x0000, 0x0000, 0x0000, 0x0000,
  0x0861, 0x0861, 0x0861, 0x0861, 0x0861, 0x0000, 0x0000, 0x0000, 0x0000, 0x0020, 0x0861, 0x0861,
  0x0861, 0x1082, 0x0841, 0x0000, 0x0000, 0x0000, 0x0000, 0x0841, 0x1082, 0x0861, 0x0861, 0x0861,
  0x0000, 0x0000, 0x0000, 0x0000, 0x0000, 0x0861, 0x0861, 0x0861, 0x0861, 0x0861, 0x0000, 0x0000,
  0x0000, 0x0000, 0x0000, 0x1082, 0x1082, 0x0861, 0x1082, 0x0861, 0x0000, 0x0000, 0x0000, 0x0000,
  0x0020, 0x0861, 0x0861, 0x0861, 0x1082, 0x0841, 0x0000, 0x0000, 0x0000, 0x0000, 0x0020, 0x1082,
  0x0861, 0x0861, 0x0861, 0x0020, 0x0000, 0x0000, 0x0020, 0x0841, 0x1081, 0x10A2, 0x10A2, 0x10A2,
  0x10C2, 0x10C2, 0x10C2, 0x10C2, 0x10A2, 0x10C2, 0x10C2, 0x10C2, 0x10C2, 0x10C2, 0x10C2, 0x10C2,
  0x10C2, 0x10C2, 0x10C2, 0x10A2, 0x10C2, 0x10C2, 0x10C2, 0x10C2, 0x10C2, 0x10C2, 0x10C2, 0x10C2,
  0x18C2, 0x18C2, 0x10C2, 0x10C2, 0x10C2, 0x10C2, 0x10C2, 0x10C2, 0x10C2, 0x10C2, 0x10C2, 0x10C2,
  0x10C2, 0x10A2, 0x10C2, 0x10C2, 0x10C2, 0x10C2, 0x10C2, 0x10A2, 0x10A2, 0x10C2, 0x10C2, 0x10C2,
  0x10A2, 0x10A2, 0x10A2, 0x1082, 0x0861, 0x0840, 0x0000, 0x0000, 0x0841, 0x0861, 0x0861, 0x0861,
  0x0861, 0x0000, 0x0000, 0x0000, 0x0000, 0x0000, 0x0861, 0x0861, 0x0861, 0x1082, 0x0861, 0x0000,
  0x0000, 0x0000, 0x0000, 0x0020, 0x1082, 0x0861, 0x0861, 0x1082, 0x0841, 0x0000, 0x0000, 0x0000,
  0x0000, 0x0841, 0x1082, 0x0861, 0x0861, 0x1082, 0x0020, 0x0000, 0x0000, 0x0000, 0x0000, 0x0841,
  0x1082, 0x0861, 0x0861, 0x1082, 0x0000, 0x0000, 0x0000, 0x0000, 0x0000, 0x0861, 0x1082, 0x0861,
  0x0861, 0x0861, 0x0000, 0x0000, 0x0000, 0x0000, 0x0000, 0x0861, 0x0861, 0x0861, 0x1082, 0x0841,
  0x0000, 0x0000, 0x0000, 0x0000, 0x0020, 0x1082, 0x0861, 0x0861, 0x1082, 0x0020, 0x0000, 0x0000,
  0x0000, 0x0000, 0x0000, 0x0000, 0x0000, 0x0000, 0x0000, 0x0000, 0x0000, 0x0000, 0x0000, 0x0000,
  0x0000, 0x0000, 0x0000, 0x0000, 0x0000, 0x0000, 0x0000, 0x0000, 0x0000, 0x0000, 0x0020, 0x0020,
  0x0020, 0x0020, 0x0841, 0x0841, 0x0841, 0x0841, 0x0841, 0x0020, 0x0020, 0x0020, 0x0020, 0x0020,
  0x0841, 0x0841, 0x0841, 0x0841, 0x0841, 0x0020, 0x0020, 0x0020, 0x0020, 0x0020, 0x0841, 0x0841,
  0x0841, 0x0841, 0x0841, 0x0020, 0x0020, 0x0020, 0x0020, 0x0841, 0x0841, 0x0841, 0x0841, 0x0841,
  0x0020, 0x0020, 0x0020, 0x0020, 0x0020, 0x0841, 0x0841, 0x0841, 0x0841, 0x0841, 0x0020, 0x0020,
  0x0020, 0x0020, 0x0841, 0x0841, 0x0841, 0x0841, 0x0841, 0x0841, 0x0020, 0x0020, 0x0020, 0x0020,
  0x0841, 0x0841, 0x0841, 0x0841, 0x0841, 0x0841, 0x0020, 0x0020, 0x0020, 0x0020, 0x0841, 0x0841,
  0x0021, 0x0020, 0x0841, 0x0841, 0x0861, 0x1082, 0x10A2, 0x18C2, 0x18C2, 0x10C2, 0x10C2, 0x10C2,
  0x10C2, 0x10C2, 0x10C2, 0x18C2, 0x18C2, 0x10C2, 0x10C2, 0x10C2, 0x10C2, 0x10C2, 0x10C2, 0x10C2,
  0x10A2, 0x18C2, 0x18C2, 0x10C2, 0x10C2, 0x10A2, 0x10C2, 0x10C2, 0x10C2, 0x10C2, 0x10C2, 0x18C2,
  0x0861, 0x0840, 0x18C2, 0x10C2, 0x10C2, 0x10C2, 0x10C2, 0x10C2, 0x10C2, 0x10C2, 0x10C2, 0x10C2,
  0x10C2, 0x10C2, 0x18E2, 0x18C2, 0x10C2, 0x10C2, 0x10C2, 0x10C2, 0x10C2, 0x10C2, 0x10C2, 0x10A2,
  0x10A2, 0x10A2, 0x10C2, 0x18C2, 0x10C2, 0x10C2, 0x10A2, 0x1081, 0x1081, 0x0861, 0x0841, 0x0841,
  0x0841, 0x0020, 0x0020, 0x0020, 0x0020, 0x0020, 0x0841, 0x0841, 0x0841, 0x0841, 0x0841, 0x0020,
  0x0020, 0x0020, 0x0020, 0x0841, 0x0841, 0x0841, 0x0841, 0x0841, 0x0841, 0x0020, 0x0020, 0x0020,
  0x0020, 0x0841, 0x0841, 0x0841, 0x0841, 0x0841, 0x0841, 0x0020, 0x0020, 0x0020, 0x0020, 0x0841,
  0x0841, 0x0841, 0x0841, 0x0841, 0x0020, 0x0020, 0x0020, 0x0020, 0x0020, 0x0841, 0x0841, 0x0841,
  0x0841, 0x0841, 0x0020, 0x0020, 0x0020, 0x0020, 0x0020, 0x0841, 0x0841, 0x0841, 0x0841, 0x0841,
  0x0020, 0x0020, 0x0020, 0x0020, 0x0841, 0x0841, 0x0841, 0x0841, 0x0841, 0x0841, 0x0020, 0x0020,
  0x0020, 0x0020, 0x0000, 0x0000, 0x0000, 0x0000, 0x0000, 0x0000, 0x0000, 0x0000, 0x0000, 0x0000,
  0x0000, 0x0000, 0x0000, 0x0000, 0x0000, 0x0000, 0x0000, 0x0000, 0x0000, 0x0020, 0x0861, 0x0861,
  0x0861, 0x0861, 0x0020, 0x0000, 0x0000, 0x0000, 0x0000, 0x0841, 0x0861, 0x0861, 0x0861, 0x0861,
  0x0000, 0x0000, 0x0000, 0x0000, 0x0000, 0x0861, 0x0861, 0x0861, 0x0861, 0x0841, 0x0000, 0x0000,
  0x0000, 0x0000, 0x0020, 0x1082, 0x0861, 0x0861, 0x1082, 0x0020, 0x0000, 0x0000, 0x0000, 0x0000,
  0x0861, 0x0861, 0x0861, 0x0861, 0x0861, 0x0000, 0x0000, 0x0000, 0x0000, 0x0000, 0x0861, 0x0861,
  0x0861, 0x0861, 0x0861, 0x0000, 0x0000, 0x0000, 0x0000, 0x0000, 0x1082, 0x0861, 0x0861, 0x1082,
  0x0841, 0x0000, 0x0000, 0x0000, 0x0000, 0x0020, 0x1082, 0x0861, 0x0861, 0x1082, 0x0840, 0x0000,
  0x0020, 0x0861, 0x1082, 0x10A2, 0x18C2, 0x10C2, 0x10C2, 0x10C2, 0x10C2, 0x10C2, 0x10C2, 0x10C2,
  0x10C2, 0x10C2, 0x18E2, 0x18E2, 0x18C2, 0x10C2, 0x10C2, 0x10C2, 0x10C2, 0x10C2, 0x10C2, 0x10C2,
  0x10C2, 0x1081, 0x0881, 0x10A2, 0x10C2, 0x10A2, 0x10C2, 0x10C2, 0x10C2, 0x10C2, 0x18C2, 0x1081,
  0x5289, 0x5AEB, 0x1081, 0x18C2, 0x10C2, 0x10C2, 0x10C2, 0x10C2, 0x10C2, 0x10C2, 0x10C2, 0x10C2,
  0x10C2, 0x10A2, 0x0040, 0x0881, 0x18C2, 0x10C2, 0x10C2, 0x10C2, 0x10C2, 0x10C2, 0x10C2, 0x10A2,
  0x10A2, 0x10C2, 0x10C2, 0x10C2, 0x10A2, 0x10A2, 0x10C2, 0x18C2, 0x18C2, 0x10A2, 0x1081, 0x0841,
  0x0020, 0x0862, 0x1082, 0x1082, 0x1082, 0x0861, 0x0000, 0x0000, 0x0000, 0x0000, 0x0020, 0x0861,
  0x0861, 0x0861, 0x1082, 0x0841, 0x0000, 0x0000, 0x0000, 0x0000, 0x0020, 0x1082, 0x0861, 0x0861,
  0x0861, 0x0020, 0x0000, 0x0000, 0x0000, 0x0000, 0x0841, 0x1082, 0x0861, 0x0861, 0x1082, 0x0020,
  0x0000, 0x0000, 0x0000, 0x0000, 0x0861, 0x1082, 0x0861, 0x0861, 0x0861, 0x0000, 0x0000, 0x0000,
  0x0000, 0x0000, 0x0861, 0x0861, 0x0861, 0x0861, 0x0861, 0x0000, 0x0000, 0x0000, 0x0000, 0x0020,
  0x1082, 0x0861, 0x0861, 0x1082, 0x0841, 0x0000, 0x0000, 0x0000, 0x0000, 0x0841, 0x0861, 0x0861,
  0x0861, 0x0861, 0x0020, 0x0000, 0x0000, 0x0000, 0x0000, 0x0000, 0x0000, 0x0000, 0x0000, 0x0000,
  0x0000, 0x0000, 0x0000, 0x0000, 0x0000, 0x0000, 0x0000, 0x0000, 0x0000, 0x0020, 0x0861, 0x0861,
  0x0861, 0x0861, 0x0020, 0x0000, 0x0000, 0x0000, 0x0000, 0x0841, 0x0861, 0x0861, 0x0861, 0x0861,
  0x0000, 0x0000, 0x0000, 0x0000, 0x0000, 0x0861, 0x0861, 0x0861, 0x0861, 0x0841, 0x0000, 0x0000,
  0x0000, 0x0000, 0x0020, 0x1082, 0x0861, 0x0861, 0x0861, 0x0020, 0x0000, 0x0000, 0x0000, 0x0000,
  0x0841, 0x0861, 0x0861, 0x0861, 0x0861, 0x0000, 0x0000, 0x0000, 0x0000, 0x0000, 0x0861, 0x0861,
  0x0861, 0x0861, 0x0841, 0x0000, 0x0000, 0x0000, 0x0000, 0x0020, 0x0861, 0x0861, 0x0861, 0x0861,
  0x0841, 0x0000, 0x0000, 0x0000, 0x0000, 0x0020, 0x0861, 0x0861, 0x0861, 0x0861, 0x0881, 0x1082,
  0x10C2, 0x18C2, 0x10C2, 0x10A2, 0x10C2, 0x10C2, 0x10C2, 0x10C2, 0x10C2, 0x10C2, 0x10C2, 0x10C2,
  0x10C2, 0x18C2, 0x0840, 0x0840, 0x10A2, 0x10C2, 0x10C2, 0x10C2, 0x10C2, 0x10C2, 0x10C2, 0x18C2,
  0x0861, 0x5ACA, 0xC638, 0x39C6, 0x0881, 0x18C2, 0x10C2, 0x18C2, 0x10C2, 0x10C2, 0x18C2, 0x0840,
  0xBDD7, 0xFFFF, 0x4A89, 0x0860, 0x18C2, 0x10C2, 0x10C2, 0x10C2, 0x10C2, 0x10C2, 0x10C2, 0x18C2,
  0x10A2, 0x2103, 0x738D, 0x4227, 0x1081, 0x18C2, 0x10C2, 0x10C2, 0x10C2, 0x10C2, 0x10A2, 0x10C2,
  0x10C2, 0x18C2, 0x18C2, 0x10C2, 0x10C2, 0x10C2, 0x10C2, 0x10C2, 0x10C2, 0x10C2, 0x18C2, 0x18C2,
  0x10A2, 0x10A2, 0x1082, 0x1082, 0x0861, 0x0861, 0x0000, 0x0000, 0x0000, 0x0000, 0x0020, 0x0861,
  0x0861, 0x0861, 0x0861, 0x0841, 0x0000, 0x0000, 0x0000, 0x0000, 0x0020, 0x0861, 0x0861, 0x0861,
  0x0861, 0x0020, 0x0000, 0x0000, 0x0000, 0x0000, 0x0841, 0x0861, 0x0861, 0x0861, 0x0861, 0x0020,
  0x0000, 0x0000, 0x0000, 0x0000, 0x0841, 0x0861, 0x0861, 0x0861, 0x0861, 0x0000, 0x0000, 0x0000,
  0x0000, 0x0000, 0x0861, 0x0861, 0x0861, 0x0861, 0x0861, 0x0000, 0x0000, 0x0000, 0x0000, 0x0020,
  0x0861, 0x0861, 0x0861, 0x0861, 0x0841, 0x0000, 0x0000, 0x0000, 0x0000, 0x0020, 0x0861, 0x0861,
  0x0861, 0x0861, 0x0020, 0x0000, 0x0000, 0x0000, 0x0000, 0x0000, 0x0000, 0x0000, 0x0000, 0x0000,
  0x0000, 0x0000, 0x0000, 0x0000, 0x0000, 0x0000, 0x0000, 0x0000, 0x0000, 0x0020, 0x0861, 0x0861,
  0x0861, 0x0861, 0x0020, 0x0000, 0x0000, 0x0000, 0x0000, 0x0841, 0x0861, 0x0861, 0x0861, 0x0861,
  0x0000, 0x0000, 0x0000, 0x0000, 0x0000, 0x0861, 0x0861, 0x0861, 0x0861, 0x0841, 0x0000, 0x0000,
  0x0000, 0x0000, 0x0020, 0x0861, 0x0861, 0x0861, 0x0861, 0x0020, 0x0000, 0x0000, 0x0000, 0x0000,
  0x0841, 0x0861, 0x0861, 0x0861, 0x0861, 0x0000, 0x0000, 0x0000, 0x0000, 0x0000, 0x0861, 0x0861,
  0x0861, 0x0861, 0x0841, 0x0000, 0x0000, 0x0000, 0x0000, 0x0020, 0x0861, 0x0861, 0x0861, 0x0861,
  0x0841, 0x0000, 0x0000, 0x0000, 0x0000, 0x0020, 0x1082, 0x1081, 0x1082, 0x10A2, 0x10C2, 0x10C2,
  0x10A2, 0x10C2, 0x10C2, 0x10C2, 0x10C2, 0x10C2, 0x10C2, 0x10C2, 0x10C2, 0x10C2, 0x10C2, 0x10C2,
  0x10C2, 0x10A2, 0x632C, 0x9CF3, 0x2103, 0x10A2, 0x10C2, 0x10C2, 0x10C2, 0x10C2, 0x10C2, 0x18C2,
  0x0040, 0x6B4C, 0xFFFF, 0x52AA, 0x0840, 0x18C2, 0x10C2, 0x10C2, 0x10C2, 0x10C2, 0x18C2, 0x0861,
  0xBDF7, 0xFFFF, 0xD699, 0x10A2, 0x10C2, 0x10C2, 0x10C2, 0x10C2, 0x10C2, 0x10C2, 0x10C2, 0x18C2,
  0x0881, 0x31A6, 0xFFFF, 0x8C71, 0x0020, 0x18E2, 0x10C2, 0x10C2, 0x10C2, 0x10C2, 0x10C2, 0x10C2,
  0x18C2, 0x0861, 0x0881, 0x18C2, 0x18E2, 0x18C2, 0x18C2, 0x10C2, 0x10C2, 0x10C2, 0x10A2, 0x10C2,
  0x10C2, 0x10C2, 0x10C2, 0x10A2, 0x1082, 0x0861, 0x0000, 0x0000, 0x0000, 0x0000, 0x0020, 0x0861,
  0x0861, 0x0861, 0x0861, 0x0841, 0x0000, 0x0000, 0x0000, 0x0000, 0x0020, 0x0861, 0x0861, 0x0861,
  0x0861, 0x0841, 0x0000, 0x0000, 0x0000, 0x0000, 0x0841, 0x0861, 0x0861, 0x0861, 0x0861, 0x0020,
  0x0000, 0x0000, 0x0000, 0x0000, 0x0841, 0x1082, 0x0861, 0x0861, 0x0861, 0x0000, 0x0000, 0x0000,
  0x0000, 0x0000, 0x0861, 0x0861, 0x0861, 0x0861, 0x0861, 0x0000, 0x0000, 0x0000, 0x0000, 0x0020,
  0x0861, 0x0861, 0x0861, 0x0861, 0x0841, 0x0000, 0x0000, 0x0000, 0x0000, 0x0020, 0x0861, 0x0861,
  0x0861, 0x0861, 0x0020, 0x0000, 0x0000, 0x0000, 0x0000, 0x0000, 0x0000, 0x0000, 0x0000, 0x0000,
  0x0000, 0x0000, 0x0000, 0x0000, 0x0000, 0x0000, 0x0000, 0x0000, 0x0000, 0x0020, 0x0861, 0x0861,
  0x0861, 0x0861, 0x0020, 0x0000, 0x0000, 0x0000, 0x0000, 0x0841, 0x1082, 0x0861, 0x0861, 0x0861,
  0x0000, 0x0000, 0x0000, 0x0000, 0x0000, 0x0861, 0x0861, 0x0861, 0x1082, 0x0841, 0x0000, 0x0000,
  0x0000, 0x0000, 0x0020, 0x0861, 0x0861, 0x0861, 0x1082, 0x0020, 0x0000, 0x0000, 0x0000, 0x0000,
  0x0841, 0x0861, 0x0861, 0x0861, 0x0861, 0x0000, 0x0000, 0x0000, 0x0000, 0x0000, 0x0861, 0x0861,
  0x0861, 0x0861, 0x0861, 0x0000, 0x0000, 0x0000, 0x0000, 0x0020, 0x1082, 0x0861, 0x0861, 0x1082,
  0x0841, 0x0000, 0x0000, 0x0000, 0x0020, 0x0861, 0x10A2, 0x10C2, 0x10A2, 0x10A2, 0x10C2, 0x10A2,
  0x10C2, 0x10C2, 0x10C2, 0x10C2, 0x10C2, 0x10A2, 0x10C2, 0x10C2, 0x10C2, 0x10C2, 0x10C2, 0x18C2,
  0x10A2, 0x2103, 0xF7BE, 0xFFFF, 0x4A49, 0x0860, 0x18C2, 0x10A2, 0x10A2, 0x18C2, 0x18C2, 0x18C2,
  0x0860, 0x4A69, 0xFFFF, 0x632C, 0x0840, 0x18C2, 0x10C2, 0x10C2, 0x10C2, 0x10C2, 0x18C2, 0x10A1,
  0xCE79, 0xFFFF, 0xFFFF, 0x7BEF, 0x0040, 0x18E2, 0x10C2, 0x10C2, 0x10C2, 0x10C2, 0x10C2, 0x18C2,
  0x0861, 0x4208, 0xFFFF, 0x73AE, 0x0840, 0x18E2, 0x10C2, 0x10C2, 0x10C2, 0x10C2, 0x10C2, 0x10C2,
  0x10A2, 0x52CA, 0x39C6, 0x0881, 0x0020, 0x0861, 0x10A2, 0x18E2, 0x18C2, 0x10C2, 0x10C2, 0x10C2,
  0x10C2, 0x18C2, 0x10C2, 0x10C2, 0x10C2, 0x10A2, 0x1081, 0x0841, 0x0000, 0x0000, 0x0000, 0x0861,
  0x0861, 0x0861, 0x1082, 0x0841, 0x0000, 0x0000, 0x0000, 0x0000, 0x0020, 0x1082, 0x0861, 0x0861,
  0x1082, 0x0841, 0x0000, 0x0000, 0x0000, 0x0000, 0x0841, 0x1082, 0x0861, 0x0861, 0x0861, 0x0020,
  0x0000, 0x0000, 0x0000, 0x0000, 0x0841, 0x1082, 0x0861, 0x0861, 0x0861, 0x0000, 0x0000, 0x0000,
  0x0000, 0x0000, 0x0861, 0x0861, 0x0861, 0x0861, 0x0861, 0x0000, 0x0000, 0x0000, 0x0000, 0x0020,
  0x0861, 0x0861, 0x0861, 0x1082, 0x0841, 0x0000, 0x0000, 0x0000, 0x0000, 0x0020, 0x0861, 0x0861,
  0x0861, 0x0861, 0x0020, 0x0000, 0x0000, 0x0000, 0x0000, 0x0000, 0x0000, 0x0000, 0x0000, 0x0000,
  0x0000, 0x0000, 0x0000, 0x0000, 0x0000, 0x0000, 0x0000, 0x0000, 0x0000, 0x0000, 0x0020, 0x0020,
  0x0020, 0x0841, 0x0841, 0x0841, 0x0020, 0x0841, 0x0841, 0x0841, 0x0020, 0x0841, 0x0020, 0x0020,
  0x0841, 0x0841, 0x0841, 0x0841, 0x0841, 0x0841, 0x0020, 0x0841, 0x0020, 0x0020, 0x0841, 0x0841,
  0x0020, 0x0841, 0x0841, 0x0020, 0x0020, 0x0020, 0x0020, 0x0841, 0x0841, 0x0841, 0x0841, 0x0841,
  0x0020, 0x0020, 0x0020, 0x0020, 0x0841, 0x0841, 0x0020, 0x0841, 0x0841, 0x0841, 0x0020, 0x0020,
  0x0020, 0x0841, 0x0841, 0x0841, 0x0841, 0x0841, 0x0841, 0x0841, 0x0841, 0x0841, 0x0020, 0x0841,
  0x0841, 0x0841, 0x0841, 0x1061, 0x10A2, 0x10A2, 0x10A2, 0x10A2, 0x10A2, 0x10A2, 0x10C2, 0x10A2,
  0x10C2, 0x10C2, 0x10C2, 0x10C2, 0x10C2, 0x10C2, 0x10C2, 0x10C2, 0x10C2, 0x10C2, 0x18C2, 0x18C2,
  0x1081, 0x39C6, 0xF7BE, 0xFFDF, 0x8430, 0x0020, 0x18E2, 0x10C2, 0x10C2, 0x10C2, 0x10C2, 0x18C2,
  0x0861, 0x4207, 0xFFFF, 0x7BCF, 0x0040, 0x18E2, 0x10C2, 0x10C2, 0x10C2, 0x18C2, 0x10A2, 0x10C2,
  0xEF5D, 0xC618, 0xC618, 0xF79E, 0x2944, 0x1081, 0x18C2, 0x10C2, 0x10C2, 0x10C2, 0x10C2, 0x18C2,
  0x0860, 0x5289, 0xFFFF, 0x632C, 0x0840, 0x18C2, 0x10C2, 0x10C2, 0x10C2, 0x10C2, 0x18C2, 0x10A2,
  0x2104, 0xF79E, 0xFFFF, 0xD6BA, 0x8C71, 0x4228, 0x18C3, 0x0040, 0x0861, 0x18C2, 0x18C2, 0x10C2,
  0x18C2, 0x10C2, 0x10C2, 0x10C2, 0x10C2, 0x10C2, 0x18C2, 0x18C2, 0x10A2, 0x0861, 0x0841, 0x0021,
  0x0020, 0x0840, 0x0841, 0x0841, 0x0841, 0x0841, 0x0841, 0x0841, 0x0841, 0x0841, 0x0020, 0x0020,
  0x0841, 0x0841, 0x0020, 0x0841, 0x0841, 0x0841, 0x0841, 0x0020, 0x0020, 0x0841, 0x0841, 0x0841,
  0x0841, 0x0841, 0x0841, 0x0841, 0x0841, 0x0841, 0x0841, 0x0020, 0x0841, 0x0020, 0x0020, 0x0841,
  0x0020, 0x0841, 0x0841, 0x0020, 0x0020, 0x0020, 0x0841, 0x0841, 0x0841, 0x0841, 0x0841, 0x0841,
  0x0841, 0x0841, 0x0020, 0x0020, 0x0020, 0x0020, 0x0841, 0x0020, 0x0020, 0x0020, 0x0020, 0x0020,
  0x0020, 0x0841, 0x0000, 0x0000, 0x0000, 0x0000, 0x0000, 0x0000, 0x0000, 0x0000, 0x0000, 0x0000,
  0x0000, 0x0000, 0x0000, 0x0000, 0x0000, 0x0000, 0x0000, 0x0000, 0x0000, 0x0000, 0x0000, 0x0000,
  0x0000, 0x0000, 0x0841, 0x0861, 0x0861, 0x0861, 0x1082, 0x0020, 0x0000, 0x0000, 0x0000, 0x0000,
  0x0861, 0x1082, 0x0861, 0x0861, 0x0861, 0x0000, 0x0000, 0x0000, 0x0000, 0x0020, 0x1082, 0x1082,
  0x0861, 0x1082, 0x0841, 0x0000, 0x0000, 0x0000, 0x0000, 0x0841, 0x1082, 0x0861, 0x0861, 0x0861,
  0x0020, 0x0000, 0x0000, 0x0000, 0x0000, 0x0861, 0x0861, 0x0861, 0x0861, 0x0861, 0x0000, 0x0000,
  0x0000, 0x0000, 0x0000, 0x1082, 0x1082, 0x1082, 0x1082, 0x0861, 0x0000, 0x0000, 0x0000, 0x0000,
  0x0841, 0x10A2, 0x10C2, 0x18A2, 0x10A2, 0x10A2, 0x10A2, 0x10C2, 0x10A2, 0x10C2, 0x10A1, 0x18C2,
  0x10C2, 0x10C2, 0x10C2, 0x10C2, 0x10C2, 0x10C2, 0x10C2, 0x10C2, 0x10C2, 0x10C2, 0x18C2, 0x18C2,
  0x0860, 0x5289, 0xFFFF, 0xFFFF, 0xC638, 0x1081, 0x18C2, 0x10C2, 0x10C2, 0x10C2, 0x10C2, 0x18C2,
  0x1081, 0x3185, 0xFFFF, 0x8C71, 0x0020, 0x18E2, 0x10C2, 0x10C2, 0x10C2, 0x18C2, 0x10A2, 0x2103,
  0xFFDF, 0xA534, 0x39C6, 0xFFFF, 0xA534, 0x0040, 0x18E2, 0x10C2, 0x10C2, 0x10C2, 0x10C2, 0x18E2,
  0x0840, 0x5AEB, 0xFFFF, 0x52AA, 0x0840, 0x18C2, 0x10C2, 0x10C2, 0x10C2, 0x10C2, 0x18C2, 0x0840,
  0x5ACA, 0xFFFF, 0xBDD7, 0xD6BA, 0xFFFF, 0xFFFF, 0xEF7D, 0x9CF3, 0x4207, 0x0840, 0x10A2, 0x18C2,
  0x10C2, 0x18C2, 0x10C2, 0x10C2, 0x10C2, 0x10C2, 0x10C2, 0x10C2, 0x10C2, 0x18C2, 0x10A2, 0x0861,
  0x0000, 0x0000, 0x0000, 0x0020, 0x1082, 0x1082, 0x1082, 0x1082, 0x0841, 0x0000, 0x0000, 0x0000,
  0x0000, 0x0841, 0x1082, 0x0861, 0x0861, 0x1082, 0x0020, 0x0000, 0x0000, 0x0000, 0x0000, 0x0841,
  0x0861, 0x0861, 0x0861, 0x0861, 0x0020, 0x0000, 0x0000, 0x0000, 0x0000, 0x0861, 0x0861, 0x1082,
  0x0861, 0x0861, 0x0000, 0x0000, 0x0000, 0x0000, 0x0000, 0x0861, 0x1082, 0x0861, 0x1082, 0x0841,
  0x0000, 0x0000, 0x0000, 0x0000, 0x0020, 0x1082, 0x1082, 0x0861, 0x1082, 0x0841, 0x0000, 0x0000,
  0x0000, 0x0000, 0x0000, 0x0000, 0x0000, 0x0000, 0x0000, 0x0000, 0x0000, 0x0000, 0x0000, 0x0000,
  0x0000, 0x0000, 0x0000, 0x0000, 0x0000, 0x0000, 0x0000, 0x0000, 0x0000, 0x0000, 0x0000, 0x0000,
  0x0000, 0x0000, 0x0841, 0x0861, 0x0861, 0x0861, 0x0861, 0x0020, 0x0000, 0x0000, 0x0000, 0x0000,
  0x0861, 0x0861, 0x0861, 0x0861, 0x0861, 0x0000, 0x0000, 0x0000, 0x0000, 0x0020, 0x0861, 0x0861,
  0x0861, 0x0861, 0x0841, 0x0000, 0x0000, 0x0000, 0x0000, 0x0841, 0x0861, 0x0861, 0x0861, 0x0861,
  0x0020, 0x0000, 0x0000, 0x0000, 0x0000, 0x0861, 0x0861, 0x0861, 0x0861, 0x0861, 0x0000, 0x0000,
  0x0000, 0x0000, 0x0000, 0x0861, 0x0861, 0x1082, 0x0861, 0x0841, 0x0000, 0x0000, 0x0840, 0x1082,
  0x10C2, 0x10C2, 0x10C2, 0x10A2, 0x10A2, 0x10A2, 0x10C2, 0x10C2, 0x10C2, 0x1081, 0x2103, 0x1081,
  0x18C2, 0x10C2, 0x10C2, 0x10C2, 0x10C2, 0x10C2, 0x10C2, 0x10C2, 0x10C2, 0x10C2, 0x18C2, 0x18E2,
  0x0040, 0x738E, 0xFFFF, 0xDEFB, 0xF7BE, 0x2965, 0x1081, 0x18C2, 0x10C2, 0x10C2, 0x10C2, 0x18C2,
  0x10A1, 0x2124, 0xFFFF, 0xA534, 0x0040, 0x18E2, 0x10C2, 0x10C2, 0x10C2, 0x18C2, 0x1081, 0x2945,
  0xFFFF, 0xA513, 0x0000, 0xAD75, 0xFFFF, 0x4228, 0x0861, 0x18C2, 0x10C2, 0x10C2, 0x10C2, 0x18E3,
  0x0040, 0x738D, 0xFFFF, 0x4228, 0x0861, 0x18C2, 0x10C2, 0x10C2, 0x10C2, 0x10C2, 0x18E2, 0x0040,
  0x9CF3, 0xFFFF, 0x2124, 0x0861, 0x39E7, 0x7BCE, 0xC618, 0xFFFF, 0xFFFF, 0x94B2, 0x10A2, 0x10A2,
  0x18C2, 0x18C2, 0x10C2, 0x10C2, 0x10C2, 0x10C2, 0x10C2, 0x10C2, 0x10C2, 0x10C2, 0x10C2, 0x18C2,
  0x10A2, 0x0861, 0x0000, 0x0020, 0x0862, 0x0861, 0x0861, 0x0862, 0x0841, 0x0000, 0x0000, 0x0000,
  0x0000, 0x0841, 0x0861, 0x0861, 0x0861, 0x0861, 0x0020, 0x0000, 0x0000, 0x0000, 0x0000, 0x0841,
  0x0861, 0x0861, 0x0861, 0x0861, 0x0020, 0x0000, 0x0000, 0x0000, 0x0000, 0x0861, 0x0861, 0x0861,
  0x0861, 0x0861, 0x0000, 0x0000, 0x0000, 0x0000, 0x0000, 0x0861, 0x0861, 0x0861, 0x0861, 0x0841,
  0x0000, 0x0000, 0x0000, 0x0000, 0x0020, 0x0861, 0x0861, 0x0861, 0x0861, 0x0841, 0x0000, 0x0000,
  0x0000, 0x0000, 0x0000, 0x0000, 0x0000, 0x0000, 0x0000, 0x0000, 0x0000, 0x0000, 0x0000, 0x0000,
  0x0000, 0x0000, 0x0000, 0x0000, 0x0000, 0x0000, 0x0000, 0x0000, 0x0000, 0x0000, 0x0000, 0x0000,
  0x0000, 0x0000, 0x0841, 0x0861, 0x0861, 0x0861, 0x0861, 0x0020, 0x0000, 0x0000, 0x0000, 0x0000,
  0x0861, 0x0861, 0x0861, 0x0861, 0x0861, 0x0000, 0x0000, 0x0000, 0x0000, 0x0020, 0x0861, 0x0861,
  0x0861, 0x0861, 0x0841, 0x0000, 0x0000, 0x0000, 0x0000, 0x0841, 0x0861, 0x0861, 0x0861, 0x0861,
  0x0020, 0x0000, 0x0000, 0x0000, 0x0000, 0x0861, 0x0861, 0x0861, 0x0861, 0x0861, 0x0000, 0x0000,
  0x0000, 0x0000, 0x0000, 0x0861, 0x0861, 0x0861, 0x0861, 0x0841, 0x0020, 0x1081, 0x10C2, 0x10C2,
  0x10C2, 0x10C2, 0x10C2, 0x10C2, 0x10A2, 0x10A2, 0x10A2, 0x18C2, 0x0881, 0x94B2, 0xE73C, 0x630C,
  0x0040, 0x18E2, 0x10C2, 0x10C2, 0x10C2, 0x10C2, 0x18C2, 0x10C2, 0x10C2, 0x10C2, 0x10C2, 0x18E2,
  0x0040, 0x9CD3, 0xFFDF, 0x7BEF, 0xFFFF, 0x5AEB, 0x0840, 0x18C2, 0x10C2, 0x10C2, 0x10C2, 0x18C2,
  0x10C2, 0x18C3, 0xEF7D, 0xBDD7, 0x0840, 0x18C2, 0x10C2, 0x10C2, 0x10C2, 0x18C2, 0x0881, 0x31A6,
  0xFFFF, 0x8C71, 0x0000, 0x2965, 0xF79E, 0xCE59, 0x1081, 0x18C2, 0x10C2, 0x10C2, 0x10C2, 0x18E3,
  0x0040, 0x8410, 0xFFFF, 0x39C7, 0x0881, 0x18C2, 0x10C2, 0x10C2, 0x10C2, 0x10C2, 0x10C2, 0x10A2,
  0xE73C, 0xD69A, 0x1081, 0x18C2, 0x0881, 0x0040, 0x0860, 0x31A6, 0xAD75, 0xFFFF, 0xB5B6, 0x10A2,
  0x10C2, 0x18C2, 0x10C2, 0x10C2, 0x10C2, 0x10C2, 0x10C2, 0x10C2, 0x10C2, 0x18C2, 0x10C2, 0x10C2,
  0x10C2, 0x18C2, 0x10A2, 0x0861, 0x0862, 0x0861, 0x0861, 0x0862, 0x0841, 0x0000, 0x0000, 0x0000,
  0x0000, 0x0020, 0x0861, 0x0861, 0x0861, 0x1082, 0x0020, 0x0000, 0x0000, 0x0000, 0x0000, 0x0841,
  0x0861, 0x0861, 0x0861, 0x0861, 0x0020, 0x0000, 0x0000, 0x0000, 0x0000, 0x0861, 0x0861, 0x0861,
  0x0861, 0x0861, 0x0000, 0x0000, 0x0000, 0x0000, 0x0000, 0x0861, 0x0861, 0x0861, 0x0861, 0x0841,
  0x0000, 0x0000, 0x0000, 0x0000, 0x0020, 0x0861, 0x0861, 0x0861, 0x0861, 0x0841, 0x0000, 0x0000,
  0x0000, 0x0000, 0x0000, 0x0000, 0x0000, 0x0000, 0x0000, 0x0000, 0x0000, 0x0000, 0x0000, 0x0000,
  0x0000, 0x0000, 0x0000, 0x0000, 0x0000, 0x0000, 0x0000, 0x0000, 0x0000, 0x0000, 0x0000, 0x0000,
  0x0000, 0x0000, 0x0841, 0x1082, 0x0861, 0x0861, 0x1082, 0x0020, 0x0000, 0x0000, 0x0000, 0x0000,
  0x0861, 0x1082, 0x0861, 0x0861, 0x0861, 0x0000, 0x0000, 0x0000, 0x0000, 0x0020, 0x1082, 0x0861,
  0x0861, 0x1082, 0x0841, 0x0000, 0x0000, 0x0000, 0x0000, 0x0841, 0x1082, 0x0861, 0x0861, 0x0861,
  0x0020, 0x0000, 0x0000, 0x0000, 0x0000, 0x0861, 0x1082, 0x0861, 0x0861, 0x0861, 0x0000, 0x0000,
  0x0000, 0x0000, 0x0000, 0x1082, 0x0861, 0x0861, 0x1082, 0x1082, 0x10A2, 0x10C2, 0x10A2, 0x10A2,
  0x10C2, 0x18C2, 0x10A2, 0x10A2, 0x10C2, 0x10A2, 0x10C2, 0x18C2, 0x0020, 0x9CF3, 0xFFFF, 0xF79E,
  0x39E7, 0x0861, 0x18C2, 0x10C2, 0x10C2, 0x10C2, 0x18C2, 0x18C2, 0x18C2, 0x10C2, 0x10C2, 0x18C2,
  0x0840, 0xBDF7, 0xEF5D, 0x2985, 0xFFFF, 0xA513, 0x0020, 0x18E2, 0x10C2, 0x10C2, 0x10C2, 0x18C2,
  0x18C2, 0x1081, 0xDEFB, 0xD69A, 0x0861, 0x18C2, 0x10C2, 0x10C2, 0x10C2, 0x18C2, 0x0861, 0x4228,
  0xFFFF, 0x73AE, 0x0840, 0x0840, 0x7BEF, 0xFFFF, 0x6B6D, 0x0040, 0x18E2, 0x10C2, 0x10C2, 0x18E2,
  0x0020, 0x94B2, 0xFFFF, 0x2965, 0x1081, 0x18C2, 0x10C2, 0x10C2, 0x10C2, 0x18C2, 0x0861, 0x4207,
  0xFFFF, 0x8430, 0x0020, 0x18E2, 0x18C2, 0x18E3, 0x18C2, 0x1081, 0x0020, 0x8430, 0xFFFF, 0x9CF3,
  0x0840, 0x18C2, 0x10C2, 0x10C2, 0x10C2, 0x10C2, 0x10C2, 0x10C2, 0x10C2, 0x18C2, 0x18C2, 0x18C2,
  0x10C2, 0x10A2, 0x10C2, 0x10C2, 0x10A2, 0x1082, 0x0861, 0x1082, 0x0841, 0x0000, 0x0000, 0x0000,
  0x0000, 0x0841, 0x1082, 0x0861, 0x0861, 0x1082, 0x0020, 0x0000, 0x0000, 0x0000, 0x0000, 0x0841,
  0x1082, 0x0861, 0x0861, 0x0861, 0x0020, 0x0000, 0x0000, 0x0000, 0x0000, 0x0861, 0x0861, 0x0861,
  0x0861, 0x0861, 0x0000, 0x0000, 0x0000, 0x0000, 0x0000, 0x1082, 0x0861, 0x0861, 0x0861, 0x0841,
  0x0000, 0x0000, 0x0000, 0x0000, 0x0020, 0x1082, 0x0861, 0x0861, 0x1082, 0x0841, 0x0000, 0x0000,
  0x0000, 0x0000, 0x0000, 0x0000, 0x0000, 0x0000, 0x0000, 0x0000, 0x0000, 0x0000, 0x0000, 0x0000,
  0x0000, 0x0000, 0x0000, 0x0000, 0x0000, 0x0000, 0x0000, 0x0000, 0x0000, 0x0000, 0x0841, 0x0841,
  0x0841, 0x0841, 0x0841, 0x0020, 0x0020, 0x0020, 0x0020, 0x0841, 0x0841, 0x0841, 0x0841, 0x0841,
  0x0020, 0x0020, 0x0020, 0x0020, 0x0020, 0x0841, 0x0841, 0x0841, 0x0841, 0x0841, 0x0020, 0x0020,
  0x0020, 0x0020, 0x0841, 0x0841, 0x0841, 0x0841, 0x0841, 0x0020, 0x0020, 0x0020, 0x0020, 0x0020,
  0x0841, 0x0841, 0x0841, 0x0841, 0x0841, 0x0841, 0x0020, 0x0020, 0x0020, 0x0020, 0x0841, 0x0841,
  0x0841, 0x0841, 0x0841, 0x0021, 0x0841, 0x1082, 0x10A2, 0x10A2, 0x10A2, 0x10A2, 0x10A2, 0x18C2,
  0x10C2, 0x10A1, 0x18C2, 0x10C2, 0x10A2, 0x10A2, 0x10C2, 0x18C2, 0x0860, 0x5289, 0xFFFF, 0xFFFF,
  0xDEDB, 0x18E3, 0x10A2, 0x18C2, 0x10C2, 0x10C2, 0x18C2, 0x18C2, 0x10C2, 0x10C2, 0x10C2, 0x10A2,
  0x1081, 0xDEFB, 0xD699, 0x0020, 0xD6BA, 0xE71C, 0x10A2, 0x10C2, 0x10C2, 0x10C2, 0x18C2, 0x18C2,
  0x18C2, 0x0860, 0xC638, 0xE73C, 0x10A2, 0x10C2, 0x18C2, 0x10C2, 0x10C2, 0x18C2, 0x0840, 0x528A,
  0xFFFF, 0x632C, 0x0840, 0x18E2, 0x10A2, 0xDEDA, 0xEF5D, 0x2103, 0x10A2, 0x18C2, 0x10C2, 0x18C2,
  0x0040, 0xAD55, 0xFFDF, 0x2103, 0x10A1, 0x18C2, 0x10C2, 0x10C2, 0x10C2, 0x18E2, 0x0020, 0x840F,
  0xFFFF, 0x4207, 0x0861, 0x18C2, 0x10C2, 0x10C2, 0x10C2, 0x18E2, 0x18C2, 0x0020, 0xAD75, 0xFFFF,
  0x4228, 0x0861, 0x18C2, 0x10C2, 0x10C2, 0x10C2, 0x10C2, 0x10C2, 0x10C2, 0x10C2, 0x18C2, 0x18E2,
  0x18C2, 0x10C2, 0x10C2, 0x10C2, 0x10C2, 0x10C2, 0x10A2, 0x0861, 0x0841, 0x0841, 0x0841, 0x0841,
  0x0841, 0x0841, 0x0020, 0x0020, 0x0020, 0x0020, 0x0841, 0x0841, 0x0841, 0x0841, 0x0841, 0x0841,
  0x0020, 0x0020, 0x0020, 0x0020, 0x0841, 0x0841, 0x0841, 0x0841, 0x0841, 0x0020, 0x0020, 0x0020,
  0x0020, 0x0020, 0x0841, 0x0841, 0x0841, 0x0841, 0x0841, 0x0020, 0x0020, 0x0020, 0x0020, 0x0020,
  0x0841, 0x0841, 0x0841, 0x0841, 0x0841, 0x0020, 0x0020, 0x0020, 0x0020, 0x0841, 0x0841, 0x0841,
  0x0841, 0x0841, 0x0020, 0x0000, 0x0000, 0x0000, 0x0000, 0x0000, 0x0000, 0x0000, 0x0000, 0x0000,
  0x0000, 0x0000, 0x0000, 0x0000, 0x0000, 0x0000, 0x0000, 0x0000, 0x0000, 0x0020, 0x1082, 0x0861,
  0x0861, 0x1082, 0x0020, 0x0000, 0x0000, 0x0000, 0x0000, 0x0841, 0x1082, 0x1082, 0x1082, 0x0861,
  0x0000, 0x0000, 0x0000, 0x0000, 0x0000, 0x0861, 0x0861, 0x0861, 0x1082, 0x0841, 0x0000, 0x0000,
  0x0000, 0x0000, 0x0020, 0x1082, 0x0861, 0x0861, 0x1082, 0x0020, 0x0000, 0x0000, 0x0000, 0x0000,
  0x0861, 0x1082, 0x0861, 0x0861, 0x0861, 0x0000, 0x0000, 0x0000, 0x0000, 0x0000, 0x0861, 0x1082,
  0x1082, 0x1082, 0x0861, 0x0841, 0x10A2, 0x10C2, 0x10A2, 0x10A2, 0x10C2, 0x18C2, 0x18C2, 0x0840,
  0x10A2, 0x1903, 0x10A1, 0x18C2, 0x10C2, 0x10C2, 0x10C2, 0x18C2, 0x10A1, 0x2124, 0xEF7D, 0xF79D,
  0xFFFF, 0xBDD6, 0x0861, 0x18C2, 0x18C2, 0x10C2, 0x10C2, 0x10C2, 0x10C2, 0x10C2, 0x18C2, 0x10A1,
  0x2103, 0xFFDF, 0xB595, 0x0000, 0x9491, 0xFFFF, 0x39C6, 0x0861, 0x18C2, 0x10C2, 0x18C2, 0x18C2,
  0x18E2, 0x0840, 0xB595, 0xF7BE, 0x1903, 0x10A2, 0x18C2, 0x10C2, 0x10C2, 0x18C2, 0x0840, 0x630C,
  0xFFFF, 0x52AA, 0x0840, 0x18E3, 0x0840, 0x52AA, 0xFFFF, 0x9CD2, 0x0040, 0x18E2, 0x10C2, 0x18C2,
  0x0840, 0xBDF7, 0xEF7D, 0x18C2, 0x10A2, 0x18C2, 0x18C2, 0x18C2, 0x18C2, 0x18C2, 0x0861, 0xCE79,
  0xEF5D, 0x18C2, 0x10A2, 0x18C2, 0x10C2, 0x10C2, 0x10C2, 0x10C2, 0x18C2, 0x0881, 0x3185, 0xFFFF,
  0xA534, 0x0840, 0x18E2, 0x18C2, 0x18C2, 0x10C2, 0x10C2, 0x10C2, 0x10C2, 0x18C2, 0x10C2, 0x0840,
  0x0861, 0x18C2, 0x18C2, 0x10C2, 0x10C2, 0x10C2, 0x18C2, 0x10C2, 0x1082, 0x1082, 0x1062, 0x1082,
  0x1082, 0x0841, 0x0000, 0x0000, 0x0000, 0x0000, 0x0841, 0x1082, 0x0861, 0x0861, 0x1082, 0x0020,
  0x0000, 0x0000, 0x0000, 0x0000, 0x0861, 0x1082, 0x1082, 0x0861, 0x0861, 0x0000, 0x0000, 0x0000,
  0x0000, 0x0000, 0x0861, 0x1082, 0x1082, 0x1082, 0x0861, 0x0000, 0x0000, 0x0000, 0x0000, 0x0020,
  0x0861, 0x0861, 0x1082, 0x1082, 0x0841, 0x0000, 0x0000, 0x0000, 0x0000, 0x0020, 0x1082, 0x0861,
  0x0861, 0x1082, 0x0020, 0x0000, 0x0000, 0x0000, 0x0000, 0x0000, 0x0000, 0x0000, 0x0000, 0x0000,
  0x0000, 0x0000, 0x0000, 0x0000, 0x0000, 0x0000, 0x0000, 0x0000, 0x0000, 0x0020, 0x0861, 0x0861,
  0x0861, 0x0861, 0x0020, 0x0000, 0x0000, 0x0000, 0x0000, 0x0841, 0x1082, 0x0861, 0x0861, 0x0861,
  0x0000, 0x0000, 0x0000, 0x0000, 0x0020, 0x0861, 0x0861, 0x0861, 0x0861, 0x0841, 0x0000, 0x0000,
  0x0000, 0x0000, 0x0020, 0x0861, 0x0861, 0x0861, 0x0861, 0x0020, 0x0000, 0x0000, 0x0000, 0x0000,
  0x0841, 0x0861, 0x0861, 0x0861, 0x0861, 0x0000, 0x0000, 0x0000, 0x0000, 0x0000, 0x0861, 0x1082,
  0x0861, 0x1081, 0x10A2, 0x10C2, 0x10C2, 0x10A2, 0x10A2, 0x18C2, 0x18C2, 0x0861, 0x0840, 0x4228,
  0xCE59, 0xCE58, 0x1081, 0x18C2, 0x10C2, 0x10C2, 0x10C2, 0x10C2, 0x18C2, 0x0840, 0xC618, 0xE73C,
  0x9492, 0xFFFF, 0x8C71, 0x0020, 0x18C3, 0x10C2, 0x10C2, 0x10C2, 0x10C2, 0x10C2, 0x18C2, 0x0881,
  0x31A6, 0xFFFF, 0x8C71, 0x0000, 0x5289, 0xFFFF, 0x738E, 0x0040, 0x18E2, 0x10C2, 0x10C2, 0x10C2,
  0x18E2, 0x0040, 0x9CD3, 0xFFFF, 0x2944, 0x1081, 0x18C2, 0x10C2, 0x10C2, 0x18E2, 0x0040, 0x738E,
  0xFFFF, 0x4248, 0x0861, 0x18C2, 0x18C2, 0x0840, 0xB5B6, 0xFFFF, 0x39E7, 0x0861, 0x18C2, 0x18C2,
  0x0861, 0xCE79, 0xDEFB, 0x1081, 0x10C2, 0x18C2, 0x18C2, 0x10C2, 0x18C2, 0x1081, 0x2965, 0xFFFF,
  0x9D13, 0x0020, 0x18C2, 0x10A2, 0x10C2, 0x10C2, 0x10A2, 0x10C2, 0x10C2, 0x18C2, 0x0861, 0xCE58,
  0xEF7D, 0x18C2, 0x10A2, 0x18C2, 0x10C2, 0x10C2, 0x10C2, 0x10C2, 0x18C2, 0x1081, 0x2944, 0x9CF3,
  0x4207, 0x0040, 0x0881, 0x18C2, 0x10C2, 0x10C2, 0x10C2, 0x10C2, 0x18C2, 0x10A2, 0x1082, 0x0861,
  0x0861, 0x0841, 0x0000, 0x0000, 0x0000, 0x0000, 0x0841, 0x1082, 0x0861, 0x0861, 0x0861, 0x0020,
  0x0000, 0x0000, 0x0000, 0x0000, 0x0841, 0x0861, 0x0861, 0x0861, 0x0861, 0x0000, 0x0000, 0x0000,
  0x0000, 0x0000, 0x0861, 0x0861, 0x0861, 0x0861, 0x0861, 0x0000, 0x0000, 0x0000, 0x0000, 0x0020,
  0x0861, 0x0861, 0x0861, 0x1082, 0x0841, 0x0000, 0x0000, 0x0000, 0x0000, 0x0020, 0x0861, 0x0861,
  0x0861, 0x0861, 0x0020, 0x0000, 0x0000, 0x0000, 0x0000, 0x0000, 0x0000, 0x0000, 0x0000, 0x0000,
  0x0000, 0x0000, 0x0000, 0x0000, 0x0000, 0x0000, 0x0000, 0x0000, 0x0000, 0x0020, 0x0861, 0x0861,
  0x0861, 0x0861, 0x0020, 0x0000, 0x0000, 0x0000, 0x0000, 0x0841, 0x0861, 0x0861, 0x0861, 0x0861,
  0x0000, 0x0000, 0x0000, 0x0000, 0x0000, 0x0861, 0x0861, 0x0861, 0x0861, 0x0841, 0x0000, 0x0000,
  0x0000, 0x0000, 0x0020, 0x0861, 0x0861, 0x0861, 0x0861, 0x0020, 0x0000, 0x0000, 0x0000, 0x0000,
  0x0841, 0x0861, 0x0861, 0x0861, 0x0861, 0x0000, 0x0000, 0x0000, 0x0000, 0x0000, 0x0861, 0x1082,
  0x10A2, 0x10A2, 0x10C2, 0x10A2, 0x10A2, 0x10C2, 0x18C2, 0x1081, 0x0020, 0x39C6, 0xAD75, 0xFFFF,
  0xFFFF, 0x8C71, 0x18C2, 0x10A2, 0x10C2, 0x10C2, 0x10C2, 0x10C2, 0x18E2, 0x0020, 0x7BCF, 0xFFFF,
  0x4207, 0xAD55, 0xFFFF, 0x632C, 0x0020, 0x18E2, 0x10C2, 0x10C2, 0x10C2, 0x10C2, 0x18C2, 0x0840,
  0x528A, 0xFFFF, 0x632C, 0x0020, 0x2124, 0xF7BE, 0xB5B6, 0x0840, 0x18C2, 0x10C2, 0x10C2, 0x10C2,
  0x18E2, 0x0020, 0x8430, 0xFFFF, 0x31C6, 0x0881, 0x18C2, 0x10C2, 0x10C2, 0x18E2, 0x0020, 0x8430,
  0xFFFF, 0x39C7, 0x0881, 0x18C2, 0x18C2, 0x0881, 0x3186, 0xFFDF, 0xC618, 0x0861, 0x18C2, 0x10C2,
  0x1081, 0xDEFB, 0xCE79, 0x0861, 0x18C2, 0x18C2, 0x18C2, 0x10C2, 0x18C2, 0x0840, 0x6B4C, 0xFFFF,
  0x5ACA, 0x0840, 0x18C2, 0x10A2, 0x10C2, 0x10C2, 0x10A2, 0x10C2, 0x10C2, 0x18E2, 0x0020, 0x94B2,
  0xFFFF, 0x2965, 0x1081, 0x18C2, 0x10C2, 0x10C2, 0x10C2, 0x10C2, 0x18E2, 0x0020, 0x8430, 0xFFFF,
  0xFFFF, 0xA514, 0x3186, 0x0020, 0x1081, 0x18E2, 0x18C2, 0x10C2, 0x10C2, 0x10C2, 0x10C2, 0x10A2,
  0x1082, 0x0840, 0x0000, 0x0000, 0x0000, 0x0000, 0x0841, 0x0861, 0x0861, 0x0861, 0x0861, 0x0020,
  0x0000, 0x0000, 0x0000, 0x0000, 0x0841, 0x0861, 0x0861, 0x0861, 0x0861, 0x0000, 0x0000, 0x0000,
  0x0000, 0x0000, 0x0861, 0x0861, 0x0861, 0x0861, 0x0861, 0x0000, 0x0000, 0x0000, 0x0000, 0x0020,
  0x0861, 0x0861, 0x0861, 0x0861, 0x0841, 0x0000, 0x0000, 0x0000, 0x0000, 0x0020, 0x0861, 0x0861,
  0x0861, 0x0861, 0x0020, 0x0000, 0x0000, 0x0000, 0x0000, 0x0000, 0x0000, 0x0000, 0x0000, 0x0000,
  0x0000, 0x0000, 0x0000, 0x0000, 0x0000, 0x0000, 0x0000, 0x0000, 0x0000, 0x0020, 0x1082, 0x0861,
  0x0861, 0x0861, 0x0020, 0x0000, 0x0000, 0x0000, 0x0000, 0x0841, 0x1082, 0x0861, 0x0861, 0x0861,
  0x0000, 0x0000, 0x0000, 0x0000, 0x0000, 0x0861, 0x0861, 0x1082, 0x1082, 0x0841, 0x0000, 0x0000,
  0x0000, 0x0000, 0x0020, 0x1082, 0x0861, 0x0861, 0x1082, 0x0020, 0x0000, 0x0000, 0x0000, 0x0000,
  0x0841, 0x1082, 0x0861, 0x0861, 0x0861, 0x0000, 0x0000, 0x0000, 0x0000, 0x0000, 0x1081, 0x10A2,
  0x18C2, 0x10C2, 0x10A2, 0x10A2, 0x18C2, 0x10A1, 0x0040, 0x2965, 0x9CD3, 0xFFFF, 0xFFFF, 0xA514,
  0x3185, 0x0020, 0x10A2, 0x10C2, 0x10C2, 0x10C2, 0x10C2, 0x10C2, 0x18C2, 0x0861, 0x39E7, 0xFFFF,
  0x8410, 0x0861, 0xDEDB, 0xFFDE, 0x39E7, 0x0861, 0x18E2, 0x10C2, 0x18C2, 0x18C2, 0x18E2, 0x0040,
  0x73AE, 0xFFFF, 0x4208, 0x0881, 0x0861, 0xBDD7, 0xF79E, 0x18E3, 0x10A2, 0x18C2, 0x10C2, 0x10C2,
  0x18C2, 0x0040, 0x738D, 0xFFFF, 0x4A48, 0x0861, 0x18C2, 0x10C2, 0x10C2, 0x18E2, 0x0020, 0x94B2,
  0xFFFF, 0x2965, 0x1081, 0x18C2, 0x10A2, 0x18E2, 0x0020, 0x8C51, 0xFFFF, 0x630B, 0x0840, 0x18C2,
  0x10C2, 0xEF5D, 0xBDF7, 0x0840, 0x18C2, 0x10C2, 0x10C2, 0x10C2, 0x18C2, 0x0840, 0xB5B6, 0xF7BE,
  0x2123, 0x10A1, 0x18C2, 0x10C2, 0x10C2, 0x10C2, 0x10C2, 0x10C2, 0x10C2, 0x18C2, 0x0020, 0x8430,
  0xFFFF, 0x31A6, 0x0881, 0x18C2, 0x10C2, 0x10C2, 0x18C2, 0x18C2, 0x10A1, 0x2944, 0xF79E, 0xCE59,
  0x9CF3, 0xFFFF, 0xFFFF, 0x94B2, 0x2945, 0x0020, 0x10A2, 0x18E2, 0x18C2, 0x10C2, 0x10C2, 0x10C2,
  0x18C2, 0x1081, 0x0000, 0x0000, 0x0000, 0x0000, 0x0841, 0x1082, 0x0861, 0x0861, 0x1082, 0x0020,
  0x0000, 0x0000, 0x0000, 0x0000, 0x0861, 0x1082, 0x0861, 0x0861, 0x0861, 0x0000, 0x0000, 0x0000,
  0x0000, 0x0000, 0x0861, 0x0861, 0x0861, 0x0861, 0x0861, 0x0000, 0x0000, 0x0000, 0x0000, 0x0020,
  0x0861, 0x0861, 0x0861, 0x1082, 0x0841, 0x0000, 0x0000, 0x0000, 0x0000, 0x0841, 0x1082, 0x0861,
  0x0861, 0x1082, 0x0020, 0x0000, 0x0000, 0x0000, 0x0000, 0x0000, 0x0000, 0x0000, 0x0000, 0x0000,
  0x0000, 0x0000, 0x0000, 0x0000, 0x0000, 0x0000, 0x0000, 0x0000, 0x0000, 0x0000, 0x0020, 0x0020,
  0x0020, 0x0020, 0x0841, 0x0841, 0x0841, 0x0841, 0x0861, 0x0020, 0x0020, 0x0020, 0x0020, 0x0020,
  0x0841, 0x0841, 0x0841, 0x0841, 0x0841, 0x0020, 0x0020, 0x0020, 0x0020, 0x0020, 0x0841, 0x0841,
  0x0841, 0x0841, 0x0841, 0x0020, 0x0020, 0x0020, 0x0020, 0x0841, 0x0841, 0x0841, 0x0841, 0x0841,
  0x0020, 0x0020, 0x0020, 0x0020, 0x0020, 0x0841, 0x0841, 0x0841, 0x0841, 0x1081, 0x10C2, 0x10A2,
  0x10C2, 0x10A2, 0x18C2, 0x10A2, 0x0020, 0x2103, 0x8430, 0xFFDF, 0xFFFF, 0xB5B6, 0x39E7, 0x0840,
  0x1081, 0x18C2, 0x10A2, 0x10A2, 0x10C2, 0x10C2, 0x10C2, 0x10C2, 0x10C2, 0x10A2, 0x18C2, 0xEF5D,
  0xD69A, 0x0020, 0x39C6, 0xF79E, 0xDEFB, 0x2103, 0x1081, 0x18C2, 0x10C2, 0x10C2, 0x18E2, 0x0020,
  0x9CD3, 0xFFFF, 0x2944, 0x10A2, 0x0840, 0x73AE, 0xFFFF, 0x4A49, 0x0861, 0x18C2, 0x10C2, 0x10C2,
  0x18C2, 0x0840, 0x5AEB, 0xFFFF, 0x5ACA, 0x0840, 0x18C2, 0x10C2, 0x10C2, 0x18C2, 0x0040, 0xA534,
  0xFFFF, 0x2124, 0x10A1, 0x18C2, 0x10C2, 0x18C2, 0x10A2, 0x18C2, 0xE71C, 0xE71C, 0x18E3, 0x1081,
  0x2103, 0xFFDE, 0xAD75, 0x0040, 0x18C2, 0x10C2, 0x10C2, 0x18C2, 0x10A2, 0x18E3, 0xF79E, 0xBDF7,
  0x0840, 0x18C2, 0x10C2, 0x10C2, 0x10C2, 0x10C2, 0x10C2, 0x10C2, 0x10A2, 0x18C2, 0x0020, 0x94B2,
  0xFFFF, 0x2965, 0x1081, 0x18C2, 0x10C2, 0x10C2, 0x18C2, 0x18E2, 0x0020, 0x94B2, 0xFFFF, 0x4A69,
  0x0000, 0x4208, 0xB5B6, 0xFFFF, 0xFFDF, 0x8C50, 0x2104, 0x0020, 0x10A2, 0x18E2, 0x10C2, 0x10A2,
  0x10C2, 0x18C2, 0x10A2, 0x0861, 0x0841, 0x0861, 0x0020, 0x0020, 0x0020, 0x0020, 0x0020, 0x0841,
  0x0861, 0x0841, 0x0841, 0x0841, 0x0020, 0x0020, 0x0020, 0x0020, 0x0020, 0x0841, 0x0841, 0x0841,
  0x0841, 0x0841, 0x0020, 0x0020, 0x0020, 0x0020, 0x0020, 0x0841, 0x0841, 0x0841, 0x0841, 0x0841,
  0x0020, 0x0020, 0x0020, 0x0020, 0x0020, 0x0841, 0x0841, 0x0841, 0x0841, 0x0841, 0x0020, 0x0020,
  0x0020, 0x0020, 0x0000, 0x0000, 0x0000, 0x0000, 0x0000, 0x0000, 0x0000, 0x0000, 0x0000, 0x0000,
  0x0000, 0x0000, 0x0000, 0x0000, 0x0000, 0x0000, 0x0000, 0x0000, 0x0000, 0x0000, 0x0000, 0x0000,
  0x0000, 0x0000, 0x0841, 0x1082, 0x0861, 0x0861, 0x1082, 0x0020, 0x0000, 0x0000, 0x0000, 0x0000,
  0x0861, 0x0861, 0x0861, 0x0861, 0x0861, 0x0000, 0x0000, 0x0000, 0x0000, 0x0020, 0x1082, 0x1082,
  0x0861, 0x1082, 0x0841, 0x0000, 0x0000, 0x0000, 0x0000, 0x0841, 0x1082, 0x0861, 0x0861, 0x0861,
  0x0020, 0x0000, 0x0000, 0x0000, 0x0000, 0x0861, 0x1082, 0x1082, 0x10A2, 0x18C2, 0x10C2, 0x10C2,
  0x10C2, 0x10C2, 0x0840, 0x18C2, 0x73AE, 0xEF7D, 0xFFFF, 0xCE38, 0x4A69, 0x0841, 0x0861, 0x18C2,
  0x18C2, 0x10C2, 0x10A2, 0x10A2, 0x10C2, 0x10C2, 0x10C2, 0x10C2, 0x10C2, 0x18E2, 0x0020, 0xA534,
  0xFFFF, 0x2965, 0x0000, 0x5ACB, 0xFFFF, 0xBDF7, 0x0881, 0x18C2, 0x18C2, 0x10C2, 0x18C2, 0x0840,
  0xBDF7, 0xEF5D, 0x18C2, 0x18C2, 0x0881, 0x39E7, 0xFFFF, 0x8C51, 0x0020, 0x18C2, 0x10C2, 0x10C2,
  0x18C2, 0x0861, 0x4A48, 0xFFFF, 0x6B6D, 0x0040, 0x18C2, 0x10C2, 0x10C2, 0x18C2, 0x0840, 0xBDD7,
  0xF79E, 0x18E3, 0x10A2, 0x18C2, 0x10C2, 0x10C2, 0x18C2, 0x0840, 0x630B, 0xFFFF, 0x8C71, 0x0000,
  0x2965, 0xFFFF, 0x9CD3, 0x0020, 0x18E2, 0x10C2, 0x10C2, 0x18C2, 0x0860, 0x5289, 0xFFFF, 0x738E,
  0x0040, 0x18E2, 0x10C2, 0x10C2, 0x10C2, 0x10C2, 0x10C2, 0x10C2, 0x10C2, 0x18C2, 0x0840, 0xC618,
  0xEF7D, 0x18C2, 0x10A2, 0x18C2, 0x10C2, 0x10C2, 0x18C2, 0x1081, 0x2985, 0xFFDF, 0xBDF7, 0x0861,
  0x18E3, 0x0861, 0x0840, 0x4A49, 0xC638, 0xFFFF, 0xF79D, 0x7BEF, 0x18E3, 0x0040, 0x10A2, 0x10C2,
  0x10C2, 0x10C2, 0x10C2, 0x10C2, 0x10A2, 0x1082, 0x0020, 0x0000, 0x0000, 0x0000, 0x0000, 0x0841,
  0x1082, 0x0861, 0x1082, 0x1082, 0x0020, 0x0000, 0x0000, 0x0000, 0x0000, 0x0861, 0x1082, 0x1082,
  0x0861, 0x0861, 0x0000, 0x0000, 0x0000, 0x0000, 0x0000, 0x0861, 0x0861, 0x0861, 0x0861, 0x0841,
  0x0000, 0x0000, 0x0000, 0x0000, 0x0020, 0x1082, 0x0861, 0x0861, 0x0861, 0x0841, 0x0000, 0x0000,
  0x0000, 0x0000, 0x0000, 0x0000, 0x0000, 0x0000, 0x0000, 0x0000, 0x0000, 0x0000, 0x0000, 0x0000,
  0x0000, 0x0000, 0x0000, 0x0000, 0x0000, 0x0000, 0x0000, 0x0000, 0x0000, 0x0000, 0x0000, 0x0000,
  0x0000, 0x0000, 0x0841, 0x0861, 0x0861, 0x0861, 0x0861, 0x0020, 0x0000, 0x0000, 0x0000, 0x0000,
  0x0861, 0x0861, 0x0861, 0x0861, 0x0841, 0x0000, 0x0000, 0x0000, 0x0000, 0x0020, 0x0861, 0x0861,
  0x0861, 0x0861, 0x0841, 0x0000, 0x0000, 0x0000, 0x0000, 0x0841, 0x1082, 0x0861, 0x0861, 0x0861,
  0x0020, 0x0000, 0x0000, 0x0000, 0x0000, 0x0861, 0x1082, 0x10A2, 0x10C2, 0x10C2, 0x10C2, 0x10C2,
  0x10C2, 0x18C2, 0x632C, 0xD6BA, 0xFFFF, 0xDEDB, 0x5AEB, 0x1081, 0x0860, 0x18C2, 0x18C2, 0x10C2,
  0x10C2, 0x10A2, 0x10A2, 0x10A2, 0x10C2, 0x10C2, 0x10C2, 0x10C2, 0x10C2, 0x18C2, 0x0840, 0x632C,
  0xFFFF, 0x5AEB, 0x0861, 0x0840, 0x840F, 0xFFFF, 0x9492, 0x0020, 0x18C2, 0x10C2, 0x10C2, 0x1081,
  0xDEFB, 0xCE79, 0x0861, 0x18C2, 0x10C2, 0x10A2, 0xE73C, 0xD69A, 0x0861, 0x18C2, 0x10C2, 0x10C2,
  0x18C2, 0x0861, 0x39C6, 0xFFFF, 0x8410, 0x0040, 0x18E2, 0x10C2, 0x10C2, 0x18C2, 0x0861, 0xCE79,
  0xE71C, 0x10A2, 0x10C2, 0x10C2, 0x10C2, 0x10C2, 0x10C2, 0x18C2, 0x0861, 0xC617, 0xFFDF, 0x2965,
  0x2965, 0xFFFF, 0x8C50, 0x0020, 0x18E2, 0x10C2, 0x10C2, 0x18E2, 0x0020, 0x9CD2, 0xFFFF, 0x3185,
  0x1081, 0x18C2, 0x10C2, 0x10C2, 0x10C2, 0x10C2, 0x18C2, 0x10A2, 0x18C2, 0x10A1, 0x2124, 0xFFDE,
  0xB596, 0x0840, 0x18C2, 0x10C2, 0x10A2, 0x10C2, 0x18E2, 0x0040, 0xA514, 0xFFFF, 0x4207, 0x0861,
  0x18C2, 0x18C2, 0x18C2, 0x0860, 0x0861, 0x52CA, 0xD699, 0xFFFF, 0xE73C, 0x6B6D, 0x2103, 0x10A2,
  0x10C2, 0x10C2, 0x10A2, 0x10A2, 0x10A2, 0x10A2, 0x0020, 0x0000, 0x0000, 0x0000, 0x0000, 0x0841,
  0x0861, 0x0861, 0x0861, 0x0861, 0x0020, 0x0000, 0x0000, 0x0000, 0x0000, 0x0861, 0x0861, 0x0861,
  0x0861, 0x0861, 0x0000, 0x0000, 0x0000, 0x0000, 0x0000, 0x0861, 0x0861, 0x0861, 0x0861, 0x0841,
  0x0000, 0x0000, 0x0000, 0x0000, 0x0020, 0x0861, 0x0861, 0x0861, 0x0861, 0x0020, 0x0000, 0x0000,
  0x0000, 0x0000, 0x0000, 0x0000, 0x0000, 0x0000, 0x0000, 0x0000, 0x0000, 0x0000, 0x0000, 0x0000,
  0x0000, 0x0000, 0x0000, 0x0000, 0x0000, 0x0000, 0x0000, 0x0000, 0x0000, 0x0000, 0x0000, 0x0000,
  0x0000, 0x0000, 0x0841, 0x0861, 0x0861, 0x0861, 0x0861, 0x0020, 0x0000, 0x0000, 0x0000, 0x0000,
  0x0861, 0x0861, 0x0861, 0x0861, 0x0861, 0x0000, 0x0000, 0x0000, 0x0000, 0x0020, 0x0861, 0x0861,
  0x0861, 0x0861, 0x0841, 0x0000, 0x0000, 0x0000, 0x0000, 0x0841, 0x0861, 0x0861, 0x0861, 0x0861,
  0x0020, 0x0000, 0x0000, 0x0000, 0x0000, 0x1082, 0x10C2, 0x10C2, 0x10A2, 0x10A2, 0x10C2, 0x10C2,
  0x10C2, 0x10A1, 0xD69A, 0xFFFF, 0x7BEF, 0x1081, 0x0840, 0x18C2, 0x18C2, 0x10C2, 0x10C2, 0x10C2,
  0x10C2, 0x10C2, 0x10A2, 0x10C2, 0x18C2, 0x10C2, 0x10C2, 0x10C2, 0x10C2, 0x18C2, 0x1081, 0x2965,
  0xFFFF, 0xA513, 0x0040, 0x18E3, 0x0840, 0xAD55, 0xFFFF, 0x6B4C, 0x0020, 0x18E3, 0x10A1, 0x2103,
  0xFFDF, 0xA534, 0x0020, 0x18E2, 0x18E2, 0x0040, 0xA514, 0xFFFF, 0x2944, 0x1081, 0x18C2, 0x10C2,
  0x18C2, 0x1081, 0x2944, 0xFFFF, 0x9CD3, 0x0020, 0x18E2, 0x10C2, 0x10C2, 0x10C2, 0x1081, 0xDEFB,
  0xD69A, 0x0881, 0x18C2, 0x10C2, 0x10C2, 0x10C2, 0x10C2, 0x18C2, 0x0861, 0x39E7, 0xFFFF, 0xAD55,
  0x3186, 0xFFFF, 0x7BCE, 0x0040, 0x18E2, 0x10C2, 0x10C2, 0x10C2, 0x1082, 0xE71B, 0xD6BA, 0x1081,
  0x18C2, 0x10C2, 0x10C2, 0x10C2, 0x10C2, 0x10C2, 0x10C2, 0x10C2, 0x18C2, 0x0840, 0x52CA, 0xFFFF,
  0x6B4D, 0x0840, 0x18E2, 0x10C2, 0x10C2, 0x18C2, 0x0861, 0x39C6, 0xFFFF, 0xAD95, 0x0840, 0x18C2,
  0x10C2, 0x10C2, 0x10C2, 0x18C2, 0x18C2, 0x0840, 0x1081, 0x632C, 0xDEFB, 0xFFFF, 0x840F, 0x0040,
  0x18C2, 0x10A2, 0x10C2, 0x10C2, 0x10A2, 0x18C2, 0x10A2, 0x0020, 0x0000, 0x0000, 0x0000, 0x0841,
  0x0861, 0x0861, 0x0861, 0x0861, 0x0020, 0x0000, 0x0000, 0x0000, 0x0000, 0x0861, 0x0861, 0x0861,
  0x0861, 0x0861, 0x0000, 0x0000, 0x0000, 0x0000, 0x0000, 0x0861, 0x0861, 0x0861, 0x0861, 0x0841,
  0x0000, 0x0000, 0x0000, 0x0000, 0x0020, 0x0861, 0x0861, 0x0861, 0x0861, 0x0020, 0x0000, 0x0000,
  0x0000, 0x0000, 0x0000, 0x0000, 0x0000, 0x0000, 0x0000, 0x0000, 0x0000, 0x0000, 0x0000, 0x0000,
  0x0000, 0x0000, 0x0000, 0x0000, 0x0000, 0x0000, 0x0000, 0x0000, 0x0000, 0x0000, 0x0000, 0x0000,
  0x0000, 0x0000, 0x0841, 0x0861, 0x0861, 0x0861, 0x0861, 0x0020, 0x0000, 0x0000, 0x0000, 0x0000,
  0x0861, 0x0861, 0x0861, 0x0861, 0x0861, 0x0000, 0x0000, 0x0000, 0x0000, 0x0020, 0x1082, 0x0861,
  0x0861, 0x1082, 0x0841, 0x0000, 0x0000, 0x0000, 0x0000, 0x0841, 0x1082, 0x0861, 0x0861, 0x0861,
  0x0020, 0x0000, 0x0000, 0x0020, 0x10A2, 0x18C2, 0x10C2, 0x10C2, 0x10A2, 0x10A2, 0x10C2, 0x10C2,
  0x18C2, 0x0840, 0x4A69, 0xFFFF, 0x8430, 0x0020, 0x18E3, 0x10C2, 0x10C2, 0x10C2, 0x10C2, 0x10C2,
  0x10C2, 0x10C2, 0x18C2, 0x10A2, 0x1081, 0x18C2, 0x10C2, 0x10C2, 0x10C2, 0x10C2, 0x18C2, 0x0861,
  0xD69A, 0xE71C, 0x10A2, 0x18C2, 0x10A2, 0x10C2, 0xCE79, 0xFFDF, 0x4207, 0x0861, 0x1081, 0x39C7,
  0xFFFF, 0x7BEF, 0x0020, 0x18E2, 0x18C2, 0x0840, 0x630B, 0xFFFF, 0x630B, 0x0840, 0x18C2, 0x10C2,
  0x18C2, 0x10A2, 0x18E3, 0xF7BE, 0xB596, 0x0840, 0x18C2, 0x10C2, 0x10C2, 0x10A2, 0x18C2, 0xEF7D,
  0xC617, 0x0840, 0x18C2, 0x10C2, 0x10C2, 0x10C2, 0x10C2, 0x10A2, 0x18E2, 0x0020, 0x9CD3, 0xFFFF,
  0x94B2, 0xFFFF, 0x6B4C, 0x0840, 0x18C2, 0x10C2, 0x18C2, 0x0861, 0x39E7, 0xFFFF, 0x8C51, 0x0020,
  0x18E2, 0x10C2, 0x10C2, 0x10C2, 0x10C2, 0x10C2, 0x10C2, 0x10C2, 0x18E2, 0x0040, 0xA534, 0xFFFF,
  0x2965, 0x1081, 0x18C2, 0x10C2, 0x10C2, 0x18C2, 0x0840, 0xB596, 0xFFFF, 0x39C7, 0x0881, 0x18C2,
  0x10C2, 0x10C2, 0x10C2, 0x10C2, 0x10C2, 0x18C2, 0x10C2, 0x0020, 0x10A2, 0x6B6D, 0x3185, 0x1081,
  0x18C2, 0x10C2, 0x10C2, 0x10C2, 0x10A2, 0x10C2, 0x18C2, 0x10A2, 0x0841, 0x0000, 0x0000, 0x0841,
  0x0861, 0x0861, 0x0861, 0x0861, 0x0020, 0x0000, 0x0000, 0x0000, 0x0000, 0x0861, 0x0861, 0x0861,
  0x0861, 0x0861, 0x0000, 0x0000, 0x0000, 0x0000, 0x0000, 0x0861, 0x0861, 0x0861, 0x0861, 0x0841,
  0x0000, 0x0000, 0x0000, 0x0000, 0x0020, 0x1082, 0x0861, 0x0861, 0x0861, 0x0020, 0x0000, 0x0000,
  0x0000, 0x0000, 0x0000, 0x0000, 0x0000, 0x0000, 0x0000, 0x0000, 0x0000, 0x0000, 0x0000, 0x0000,
  0x0000, 0x0000, 0x0000, 0x0000, 0x0000, 0x0000, 0x0000, 0x0000, 0x0000, 0x0020, 0x0841, 0x0841,
  0x0841, 0x0841, 0x0020, 0x0000, 0x0020, 0x0020, 0x0020, 0x0841, 0x0861, 0x0841, 0x0841, 0x0841,
  0x0020, 0x0020, 0x0020, 0x0020, 0x0020, 0x0841, 0x0841, 0x0841, 0x0861, 0x0841, 0x0020, 0x0020,
  0x0020, 0x0020, 0x0841, 0x0861, 0x0841, 0x0841, 0x0841, 0x0020, 0x0020, 0x0020, 0x0020, 0x0020,
  0x0841, 0x0861, 0x0861, 0x10A2, 0x18C2, 0x10C2, 0x10C2, 0x10C2, 0x10A2, 0x10A2, 0x10C2, 0x10C2,
  0x18C2, 0x18C2, 0x0840, 0xBDF7, 0xFFFF, 0x3186, 0x1081, 0x18C2, 0x10C2, 0x10C2, 0x10C2, 0x10C2,
  0x18C2, 0x18C2, 0x0840, 0x18C2, 0x39C6, 0x1081, 0x18C2, 0x10C2, 0x10C2, 0x10C2, 0x18C2, 0x0020,
  0x8C71, 0xFFFF, 0x39C6, 0x0861, 0x18E2, 0x0881, 0x2965, 0xEF7D, 0xE71C, 0x2944, 0x0020, 0x5ACB,
  0xFFFF, 0x5AEB, 0x0840, 0x18C2, 0x18C2, 0x1081, 0x2944, 0xFFFF, 0xA514, 0x0020, 0x18E2, 0x10C2,
  0x10C2, 0x10C2, 0x10A2, 0xE71C, 0xC638, 0x0861, 0x18C2, 0x10C2, 0x10C2, 0x10A1, 0x2103, 0xF7BE,
  0xAD55, 0x0040, 0x18C2, 0x10C2, 0x18C2, 0x10C2, 0x10C2, 0x10C2, 0x18C2, 0x10A1, 0x2123, 0xE73C,
  0xFFFF, 0xFFFF, 0x5ACA, 0x0840, 0x18C2, 0x10C2, 0x18E3, 0x0020, 0x7BEF, 0xFFFF, 0x4228, 0x0861,
  0x18C2, 0x10C2, 0x10C2, 0x10C2, 0x10C2, 0x10C2, 0x10C2, 0x18C2, 0x10A2, 0x2103, 0xF79E, 0xC618,
  0x0860, 0x18C2, 0x10C2, 0x10C2, 0x18C2, 0x0860, 0x4228, 0xFFFF, 0x94B2, 0x0000, 0x18E3, 0x18C2,
  0x10C2, 0x10C2, 0x18C2, 0x18C2, 0x10C2, 0x10C2, 0x10C2, 0x18C2, 0x10A2, 0x0840, 0x10A1, 0x18C2,
  0x10C2, 0x10C2, 0x10C2, 0x10C2, 0x18C2, 0x18C2, 0x10C2, 0x10A2, 0x18C2, 0x1081, 0x0861, 0x0020,
  0x0020, 0x0020, 0x0020, 0x0020, 0x0841, 0x0841, 0x0841, 0x0841, 0x0841, 0x0020, 0x0020, 0x0020,
  0x0020, 0x0020, 0x0841, 0x0841, 0x0841, 0x0841, 0x0841, 0x0020, 0x0020, 0x0020, 0x0020, 0x0020,
  0x0841, 0x0841, 0x0841, 0x0841, 0x0841, 0x0020, 0x0020, 0x0020, 0x0020, 0x0841, 0x0861, 0x0841,
  0x0841, 0x0841, 0x0020, 0x0000, 0x0000, 0x0000, 0x0000, 0x0000, 0x0000, 0x0000, 0x0000, 0x0000,
  0x0000, 0x0000, 0x0000, 0x0000, 0x0000, 0x0000, 0x0000, 0x0000, 0x0000, 0x0020, 0x1082, 0x0861,
  0x0861, 0x0861, 0x0020, 0x0000, 0x0000, 0x0000, 0x0000, 0x0841, 0x1082, 0x0861, 0x0861, 0x0861,
  0x0000, 0x0000, 0x0000, 0x0000, 0x0000, 0x0861, 0x0861, 0x0861, 0x1082, 0x0841, 0x0000, 0x0000,
  0x0000, 0x0000, 0x0841, 0x1082, 0x0861, 0x0861, 0x1082, 0x0020, 0x0000, 0x0000, 0x0000, 0x0000,
  0x0841, 0x10A2, 0x18C2, 0x10C2, 0x10C2, 0x10C2, 0x10C2, 0x10C2, 0x10C2, 0x10C2, 0x10C2, 0x10C2,
  0x10C2, 0x18C2, 0x0861, 0x39E7, 0xFFFF, 0xAD54, 0x0040, 0x18C2, 0x10C2, 0x10C2, 0x18C2, 0x18C2,
  0x0861, 0x0860, 0x4A89, 0xD69A, 0xFFDF, 0x2944, 0x1081, 0x18C2, 0x10C2, 0x10C2, 0x18C2, 0x0860,
  0x4A69, 0xFFFF, 0x73AE, 0x0040, 0x18C2, 0x18C2, 0x0840, 0x4A69, 0xFFFF, 0xC638, 0x0020, 0x7BCE,
  0xFFFF, 0x3A07, 0x0881, 0x18C2, 0x10C2, 0x18C2, 0x0881, 0xD69A, 0xE71B, 0x10A1, 0x10C2, 0x10C2,
  0x10C2, 0x18C2, 0x0861, 0xD6BA, 0xE71C, 0x1081, 0x18C2, 0x10A2, 0x18C2, 0x1081, 0x2965, 0xFFFF,
  0xA514, 0x0020, 0x18E2, 0x10C2, 0x18C2, 0x10C2, 0x10C2, 0x10C2, 0x10C2, 0x18E2, 0x0040, 0x738D,
  0xFFFF, 0xFFFF, 0x4A48, 0x0861, 0x18C2, 0x10C2, 0x18C2, 0x0861, 0xCE58, 0xEF7D, 0x18E3, 0x10A2,
  0x18C2, 0x10C2, 0x10C2, 0x10C2, 0x10C2, 0x10C2, 0x10C2, 0x18E3, 0x0020, 0x8C71, 0xFFFF, 0x5ACB,
  0x0840, 0x18C2, 0x10C2, 0x10C2, 0x18C2, 0x0861, 0xBDD7, 0xFFFF, 0xC638, 0x4A49, 0x0861, 0x0861,
  0x18C2, 0x18C2, 0x10C2, 0x10C2, 0x10A2, 0x10C2, 0x10C2, 0x10C2, 0x10C2, 0x18C2, 0x18C2, 0x10C2,
  0x10C2, 0x10C2, 0x10C2, 0x18C2, 0x10A2, 0x0881, 0x18C2, 0x10C2, 0x10C2, 0x18C2, 0x10A2, 0x0020,
  0x0000, 0x0000, 0x0000, 0x0000, 0x0841, 0x0861, 0x0861, 0x0861, 0x0861, 0x0000, 0x0000, 0x0000,
  0x0000, 0x0000, 0x0861, 0x0861, 0x0861, 0x0861, 0x0861, 0x0000, 0x0000, 0x0000, 0x0000, 0x0020,
  0x0861, 0x0861, 0x0861, 0x0861, 0x0841, 0x0000, 0x0000, 0x0000, 0x0000, 0x0020, 0x1082, 0x0861,
  0x0861, 0x0861, 0x0020, 0x0000, 0x0000, 0x0000, 0x0000, 0x0000, 0x0000, 0x0000, 0x0000, 0x0000,
  0x0000, 0x0000, 0x0000, 0x0000, 0x0000, 0x0000, 0x0000, 0x0000, 0x0000, 0x0020, 0x0861, 0x0861,
  0x0861, 0x0861, 0x0020, 0x0000, 0x0000, 0x0000, 0x0000, 0x0841, 0x0861, 0x0861, 0x0861, 0x0861,
  0x0000, 0x0000, 0x0000, 0x0000, 0x0000, 0x0861, 0x0861, 0x0861, 0x0861, 0x0841, 0x0000, 0x0000,
  0x0000, 0x0000, 0x0020, 0x0861, 0x0861, 0x0861, 0x0861, 0x0020, 0x0000, 0x0000, 0x0000, 0x0000,
  0x1082, 0x10A2, 0x10C2, 0x10C2, 0x10C2, 0x10C2, 0x10C2, 0x10C2, 0x10C2, 0x10C2, 0x10C2, 0x10C2,
  0x10C2, 0x10C2, 0x18C2, 0x0840, 0xAD54, 0xFFFF, 0x4207, 0x0861, 0x18E2, 0x18E2, 0x1081, 0x0840,
  0x4207, 0xBDD6, 0xFFFF, 0xF7BE, 0x8430, 0x2103, 0x10A2, 0x18C2, 0x10C2, 0x10C2, 0x18C2, 0x10A2,
  0x1903, 0xF7BE, 0xBDD6, 0x0840, 0x18C2, 0x10A2, 0x18C2, 0x0020, 0x73AE, 0xFFFF, 0x8430, 0x9492,
  0xFFFF, 0x2944, 0x10A1, 0x18C2, 0x10C2, 0x18E3, 0x0020, 0x8C71, 0xFFFF, 0x4208, 0x0861, 0x18C2,
  0x10C2, 0x18C2, 0x0840, 0xB595, 0xD6BA, 0x18C2, 0x10C2, 0x10C2, 0x10C2, 0x10A2, 0x18E3, 0x6B6D,
  0x4A48, 0x1081, 0x18C2, 0x10C2, 0x10C2, 0x10C2, 0x10C2, 0x10C2, 0x10A2, 0x10C2, 0x18C2, 0x1081,
  0xCE59, 0xFFFF, 0x39C6, 0x0881, 0x18C2, 0x18C2, 0x1081, 0x2944, 0xFFDF, 0x9CD2, 0x0000, 0x10C2,
  0x18C2, 0x18E2, 0x18C2, 0x18C2, 0x18C2, 0x18E2, 0x18E2, 0x0000, 0x52AA, 0xFFFF, 0xBE17, 0x0861,
  0x18C2, 0x10C2, 0x10C2, 0x18C2, 0x0840, 0x5289, 0xFFFF, 0xC638, 0xF79E, 0xFFFF, 0xB5B6, 0x4207,
  0x0840, 0x0881, 0x18E2, 0x18C2, 0x10A2, 0x10C2, 0x10C2, 0x10A2, 0x10C2, 0x10C2, 0x10C2, 0x10C2,
  0x10C2, 0x10C2, 0x18C2, 0x1081, 0x2124, 0x4207, 0x0040, 0x18C2, 0x18C2, 0x10C2, 0x10C2, 0x10A2,
  0x0020, 0x0000, 0x0000, 0x0000, 0x0841, 0x0861, 0x0861, 0x0861, 0x0861, 0x0000, 0x0000, 0x0000,
  0x0000, 0x0000, 0x0861, 0x0861, 0x0861, 0x0861, 0x0861, 0x0000, 0x0000, 0x0000, 0x0000, 0x0020,
  0x0861, 0x0861, 0x0861, 0x0861, 0x0841, 0x0000, 0x0000, 0x0000, 0x0000, 0x0841, 0x0861, 0x0861,
  0x0861, 0x0861, 0x0020, 0x0000, 0x0000, 0x0000, 0x0000, 0x0000, 0x0000, 0x0000, 0x0000, 0x0000,
  0x0000, 0x0000, 0x0000, 0x0000, 0x0000, 0x0000, 0x0000, 0x0000, 0x0000, 0x0020, 0x0861, 0x0861,
  0x0861, 0x0861, 0x0020, 0x0000, 0x0000, 0x0000, 0x0000, 0x0841, 0x0861, 0x0861, 0x0861, 0x0861,
  0x0000, 0x0000, 0x0000, 0x0000, 0x0000, 0x0861, 0x0861, 0x0861, 0x0861, 0x0841, 0x0000, 0x0000,
  0x0000, 0x0000, 0x0020, 0x0861, 0x0861, 0x0861, 0x0861, 0x0020, 0x0000, 0x0000, 0x0020, 0x1082,
  0x18C2, 0x10C2, 0x10C2, 0x18C2, 0x18C2, 0x18C2, 0x18C2, 0x10C2, 0x10A2, 0x10A2, 0x10A2, 0x10A2,
  0x10C2, 0x10C2, 0x18C2, 0x1081, 0x3185, 0xFFDF, 0xBDF7, 0x0861, 0x10A2, 0x0040, 0x3185, 0xA534,
  0xFFFF, 0xFFFF, 0x94B2, 0x2944, 0x0020, 0x10A2, 0x18C2, 0x10C2, 0x10C2, 0x10C2, 0x10C2, 0x18C2,
  0x0840, 0xBDF7, 0xF79E, 0x18E3, 0x10A2, 0x18C2, 0x10C2, 0x18C2, 0x0040, 0xA514, 0xFFFF, 0xEF7D,
  0xDEDB, 0x18C2, 0x18C2, 0x18C2, 0x10C2, 0x18C2, 0x0861, 0x4207, 0x94B2, 0x2985, 0x1081, 0x18C2,
  0x10C2, 0x10C2, 0x10A2, 0x2103, 0x2103, 0x10C2, 0x10C2, 0x10C2, 0x10C2, 0x10C2, 0x10A2, 0x0840,
  0x0881, 0x18C2, 0x10C2, 0x10C2, 0x10C2, 0x10C2, 0x10C2, 0x10C2, 0x10C2, 0x10C2, 0x18C2, 0x1081,
  0x3185, 0x634C, 0x2103, 0x10A2, 0x10C2, 0x18C2, 0x0840, 0x738D, 0xFFFF, 0xBDD6, 0x5289, 0x2124,
  0x0840, 0x0040, 0x0861, 0x1081, 0x0861, 0x0840, 0x0860, 0x632C, 0xFFFF, 0xE73C, 0x2944, 0x1081,
  0x18C2, 0x10C2, 0x10C2, 0x18C2, 0x0881, 0xCE79, 0xF79E, 0x2103, 0x2124, 0x9CD3, 0xFFFF, 0xFFFF,
  0xAD54, 0x31A6, 0x0840, 0x1081, 0x18E2, 0x10C2, 0x10C2, 0x10C2, 0x10C2, 0x10C2, 0x10C2, 0x10C2,
  0x10C2, 0x10C2, 0x18C2, 0x0840, 0xAD75, 0xFFDF, 0x5AEB, 0x0020, 0x18C2, 0x18C2, 0x10A2, 0x10C2,
  0x10A2, 0x0841, 0x0000, 0x0000, 0x0841, 0x0861, 0x0861, 0x0861, 0x0861, 0x0000, 0x0000, 0x0000,
  0x0000, 0x0000, 0x0861, 0x0861, 0x0861, 0x0861, 0x0861, 0x0000, 0x0000, 0x0000, 0x0000, 0x0020,
  0x0861, 0x0861, 0x0861, 0x0861, 0x0841, 0x0000, 0x0000, 0x0000, 0x0000, 0x0841, 0x0861, 0x0861,
  0x0861, 0x0861, 0x0020, 0x0000, 0x0000, 0x0000, 0x0000, 0x0000, 0x0000, 0x0000, 0x0000, 0x0000,
  0x0000, 0x0000, 0x0000, 0x0000, 0x0000, 0x0000, 0x0000, 0x0000, 0x0000, 0x0020, 0x0861, 0x0861,
  0x0861, 0x0861, 0x0020, 0x0000, 0x0000, 0x0000, 0x0000, 0x0841, 0x1082, 0x0861, 0x0861, 0x0861,
  0x0000, 0x0000, 0x0000, 0x0000, 0x0000, 0x0861, 0x0861, 0x0861, 0x0861, 0x0841, 0x0000, 0x0000,
  0x0000, 0x0000, 0x0020, 0x1082, 0x0861, 0x0861, 0x1082, 0x0021, 0x0000, 0x0020, 0x10A2, 0x10C2,
  0x10A2, 0x18C2, 0x18C2, 0x10A2, 0x0861, 0x0840, 0x0861, 0x10A2, 0x18C2, 0x10A2, 0x10A2, 0x10A2,
  0x10A2, 0x10C2, 0x10C2, 0x18E2, 0x0040, 0x94B2, 0xFFFF, 0x4A69, 0x18E3, 0x94B2, 0xFFFF, 0xFFFF,
  0xAD54, 0x31A6, 0x0020, 0x1081, 0x18E2, 0x18C2, 0x10A2, 0x10C2, 0x10C2, 0x10C2, 0x10C2, 0x18E2,
  0x0040, 0x73AE, 0xFFFF, 0x4A69, 0x0860, 0x18C2, 0x10A2, 0x10C2, 0x10A2, 0x1082, 0xC618, 0xFFFF,
  0xBDF7, 0x0861, 0x18C2, 0x10C2, 0x10C2, 0x10C2, 0x18C2, 0x10A1, 0x0040, 0x1081, 0x18C2, 0x10C2,
  0x10A2, 0x10C2, 0x10C2, 0x10A2, 0x10A2, 0x10A2, 0x10C2, 0x10C2, 0x10C2, 0x10C2, 0x10C2, 0x18C2,
  0x18C2, 0x10C2, 0x10C2, 0x10C2, 0x10C2, 0x10C2, 0x10C2, 0x10C2, 0x10C2, 0x10C2, 0x10C2, 0x18C2,
  0x1081, 0x0840, 0x10A2, 0x10C2, 0x10C2, 0x18C2, 0x0861, 0x5AEB, 0xC618, 0xFFFF, 0xFFFF, 0xFFDF,
  0xBDD6, 0x73AE, 0x4228, 0x31A6, 0x39E7, 0x634C, 0xC638, 0xFFFF, 0xDEDA, 0x31A6, 0x0861, 0x18C2,
  0x10A2, 0x10A2, 0x18C2, 0x0840, 0x5AEB, 0xFFFF, 0x8430, 0x0840, 0x10A2, 0x0840, 0x31A6, 0xAD54,
  0xFFFF, 0xFFFF, 0x9CD3, 0x2965, 0x0020, 0x10A2, 0x10C2, 0x10C2, 0x10A2, 0x10A2, 0x10C2, 0x10C2,
  0x10C2, 0x18E2, 0x0020, 0x8430, 0xFFFF, 0xF79E, 0xFFFF, 0x8C50, 0x0861, 0x10A2, 0x18C2, 0x10A2,
  0x10C2, 0x10A2, 0x0841, 0x0000, 0x0841, 0x0861, 0x0861, 0x0861, 0x0861, 0x0000, 0x0000, 0x0000,
  0x0000, 0x0000, 0x0861, 0x0861, 0x0861, 0x0861, 0x0861, 0x0000, 0x0000, 0x0000, 0x0000, 0x0020,
  0x0861, 0x0861, 0x0861, 0x0861, 0x0841, 0x0000, 0x0000, 0x0000, 0x0000, 0x0841, 0x0861, 0x0861,
  0x0861, 0x0861, 0x0020, 0x0000, 0x0000, 0x0000, 0x0000, 0x0000, 0x0000, 0x0000, 0x0000, 0x0000,
  0x0000, 0x0000, 0x0000, 0x0000, 0x0000, 0x0000, 0x0000, 0x0000, 0x0000, 0x0000, 0x0020, 0x0020,
  0x0020, 0x0000, 0x0841, 0x0861, 0x0841, 0x0841, 0x0861, 0x0020, 0x0000, 0x0020, 0x0020, 0x0020,
  0x0841, 0x0861, 0x0861, 0x0841, 0x0841, 0x0020, 0x0020, 0x0020, 0x0020, 0x0020, 0x0861, 0x0841,
  0x0841, 0x0861, 0x0841, 0x0020, 0x0020, 0x0020, 0x0020, 0x0841, 0x0861, 0x10A2, 0x10A2, 0x10A2,
  0x18C2, 0x1081, 0x0020, 0x18E3, 0x4228, 0x528A, 0x39C7, 0x10A2, 0x0840, 0x18C2, 0x10A2, 0x10A2,
  0x10A2, 0x10C2, 0x10C2, 0x18C2, 0x10A1, 0x2144, 0xEF7D, 0xE71B, 0xEF5C, 0xFFFF, 0xBDD6, 0x4207,
  0x0840, 0x0881, 0x18C2, 0x18C2, 0x10A2, 0x10C2, 0x10A2, 0x10C2, 0x10C2, 0x10C2, 0x10C2, 0x18C2,
  0x0861, 0x39E7, 0xFFFF, 0x8C51, 0x0020, 0x18C2, 0x10A2, 0x10A2, 0x18C2, 0x1081, 0x2944, 0xD6BA,
  0x840F, 0x0840, 0x18C2, 0x10C2, 0x10C2, 0x10C2, 0x10C2, 0x18C2, 0x18C2, 0x18C2, 0x10A2, 0x10C2,
  0x10A2, 0x10C2, 0x10C2, 0x18C2, 0x18C2, 0x10A2, 0x10C2, 0x10C2, 0x10C2, 0x10C2, 0x10C2, 0x10C2,
  0x10C2, 0x10C2, 0x10C2, 0x10C2, 0x10C2, 0x10C2, 0x10C2, 0x10C2, 0x10C2, 0x10C2, 0x10C2, 0x10A2,
  0x18C2, 0x18C2, 0x10C2, 0x10C2, 0x10C2, 0x10C2, 0x18C2, 0x0861, 0x0881, 0x3185, 0x632C, 0xB595,
  0xF79E, 0xFFFF, 0xFFFF, 0xFFFF, 0xFFFF, 0xFFFF, 0xF7BE, 0x8C91, 0x18E3, 0x0861, 0x18C2, 0x10A2,
  0x10A2, 0x10A2, 0x10C2, 0x10A2, 0xDEDA, 0xEF5D, 0x1903, 0x10A2, 0x18C2, 0x18E2, 0x0881, 0x0840,
  0x4207, 0xB5B6, 0xFFFF, 0xFFDF, 0x8C71, 0x18C2, 0x10A2, 0x18C2, 0x10A2, 0x10A2, 0x10C2, 0x10A2,
  0x18E2, 0x0040, 0x5AEB, 0xFFFF, 0xBDF7, 0x2124, 0xBDD6, 0xFFFF, 0xAD75, 0x18E3, 0x0861, 0x18C2,
  0x10A2, 0x10A2, 0x10C2, 0x1081, 0x0020, 0x0000, 0x0020, 0x0020, 0x0020, 0x0841, 0x0841, 0x0841,
  0x0861, 0x0841, 0x0020, 0x0000, 0x0020, 0x0020, 0x0020, 0x0841, 0x0841, 0x0841, 0x0841, 0x0841,
  0x0000, 0x0020, 0x0020, 0x0000, 0x0020, 0x0841, 0x0841, 0x0841, 0x0861, 0x0841, 0x0000, 0x0020,
  0x0000, 0x0020, 0x0000, 0x0000, 0x0000, 0x0000, 0x0000, 0x0000, 0x0000, 0x0000, 0x0000, 0x0000,
  0x0000, 0x0000, 0x0000, 0x0000, 0x0000, 0x0000, 0x0000, 0x0000, 0x0000, 0x0000, 0x0000, 0x0000,
  0x0000, 0x0000, 0x0841, 0x1082, 0x0861, 0x0861, 0x1082, 0x0020, 0x0000, 0x0000, 0x0000, 0x0000,
  0x0861, 0x1082, 0x0861, 0x0861, 0x0861, 0x0000, 0x0000, 0x0000, 0x0000, 0x0020, 0x1082, 0x0861,
  0x0861, 0x0861, 0x0841, 0x0000, 0x0000, 0x0000, 0x0000, 0x0861, 0x10A2, 0x10A2, 0x10A2, 0x18C2,
  0x0840, 0x2124, 0x9492, 0xEF7D, 0xFFFF, 0xFFFF, 0xFFFF, 0xDEDA, 0x5ACB, 0x0840, 0x18C2, 0x10A2,
  0x10C2, 0x10C2, 0x10C2, 0x10C2, 0x18E2, 0x0040, 0x8410, 0xFFFF, 0xDEDA, 0x4A69, 0x0861, 0x0861,
  0x18C2, 0x18C2, 0x10A2, 0x10A2, 0x10A2, 0x10A2, 0x10C2, 0x10C2, 0x10C2, 0x18C2, 0x18C2, 0x10C2,
  0x10A2, 0x10A2, 0xE73C, 0xD699, 0x0861, 0x18C2, 0x10C2, 0x10A2, 0x10A2, 0x18C2, 0x1081, 0x18C2,
  0x10A2, 0x10C2, 0x10C2, 0x10C2, 0x10C2, 0x10C2, 0x10C2, 0x10A2, 0x10A2, 0x10A2, 0x10A2, 0x10C2,
  0x10C2, 0x10A2, 0x10C2, 0x10C2, 0x10C2, 0x10C2, 0x10C2, 0x10C2, 0x10C2, 0x10C2, 0x10C2, 0x10C2,
  0x10C2, 0x10C2, 0x10C2, 0x10C2, 0x10C2, 0x10C2, 0x10C2, 0x10C2, 0x10A2, 0x10A2, 0x10C2, 0x10A2,
  0x10C2, 0x10C2, 0x10C2, 0x10C2, 0x10C2, 0x10C2, 0x10C2, 0x18C2, 0x18C2, 0x1081, 0x0840, 0x0840,
  0x1903, 0x4A49, 0x738D, 0x8C71, 0x840F, 0x5ACA, 0x2124, 0x0040, 0x10A2, 0x18C2, 0x10A2, 0x10A2,
  0x10A2, 0x18C2, 0x0040, 0x6B4D, 0xFFFF, 0x73AE, 0x0020, 0x18E2, 0x10A2, 0x10A2, 0x18C2, 0x18C2,
  0x0861, 0x0860, 0x4A48, 0xCE79, 0xCE58, 0x1081, 0x18C2, 0x10C2, 0x10A2, 0x10A2, 0x10A2, 0x18C2,
  0x0861, 0x39C6, 0xF7BE, 0xDEFB, 0x2104, 0x0861, 0x1081, 0x8C91, 0xFFFF, 0xD69A, 0x3185, 0x0840,
  0x18C2, 0x10A2, 0x10A2, 0x10C2, 0x0861, 0x0000, 0x0000, 0x0000, 0x0000, 0x0861, 0x1082, 0x1082,
  0x1082, 0x0861, 0x0000, 0x0000, 0x0000, 0x0000, 0x0000, 0x0861, 0x0861, 0x0861, 0x0861, 0x0841,
  0x0000, 0x0000, 0x0000, 0x0000, 0x0020, 0x1082, 0x0861, 0x0861, 0x1082, 0x0841, 0x0000, 0x0000,
  0x0000, 0x0000, 0x0000, 0x0000, 0x0000, 0x0000, 0x0000, 0x0000, 0x0000, 0x0000, 0x0000, 0x0000,
  0x0000, 0x0000, 0x0000, 0x0000, 0x0000, 0x0000, 0x0000, 0x0000, 0x0000, 0x0000, 0x0000, 0x0000,
  0x0000, 0x0000, 0x0841, 0x0861, 0x0861, 0x0861, 0x0861, 0x0020, 0x0000, 0x0000, 0x0000, 0x0000,
  0x0861, 0x0861, 0x0861, 0x0861, 0x0861, 0x0000, 0x0000, 0x0000, 0x0000, 0x0020, 0x0861, 0x0861,
  0x0861, 0x0861, 0x0841, 0x0000, 0x0000, 0x0000, 0x0841, 0x10A2, 0x10A2, 0x10C2, 0x18C2, 0x0020,
  0x4A69, 0xEF5C, 0xFFFF, 0xC638, 0x7BCF, 0x632C, 0x8C71, 0xEF7D, 0xFFFF, 0x7BEF, 0x0840, 0x18C2,
  0x10A2, 0x10C2, 0x10A2, 0x10A2, 0x18C2, 0x10A2, 0x18E2, 0xE73C, 0xD69A, 0x0841, 0x10C2, 0x18C2,
  0x10C2, 0x10A2, 0x10A2, 0x10A2, 0x10A2, 0x10A2, 0x10A2, 0x10C2, 0x18C2, 0x10A2, 0x1081, 0x18C2,
  0x18E2, 0x0020, 0xA534, 0xFFFF, 0x2944, 0x1081, 0x18C2, 0x10C2, 0x10C2, 0x10C2, 0x18C2, 0x10A2,
  0x10C2, 0x10C2, 0x10A2, 0x10A2, 0x10A2, 0x10A2, 0x10A2, 0x10A2, 0x10C2, 0x10C2, 0x10C2, 0x10C2,
  0x10A2, 0x10A2, 0x10C2, 0x10C2, 0x10C2, 0x10C2, 0x10C2, 0x10C2, 0x10C2, 0x10C2, 0x10C2, 0x10C2,
  0x18C2, 0x10C2, 0x10C2, 0x10C2, 0x10C2, 0x10C2, 0x10C2, 0x10C2, 0x10C2, 0x10C2, 0x10A2, 0x10A2,
  0x10C2, 0x10A2, 0x10C2, 0x10C2, 0x10C2, 0x10C2, 0x10C2, 0x10C2, 0x10C2, 0x10C2, 0x18C2, 0x18C2,
  0x10A2, 0x0861, 0x0040, 0x0020, 0x0020, 0x0840, 0x10A1, 0x18C2, 0x18C2, 0x10C2, 0x10A2, 0x10A2,
  0x10C2, 0x10A2, 0x18C2, 0xE71C, 0xE71C, 0x18C2, 0x10A2, 0x18C2, 0x10A2, 0x10A2, 0x10C2, 0x10C2,
  0x18C2, 0x18C2, 0x0840, 0x10C2, 0x2103, 0x10A1, 0x18C2, 0x10A2, 0x10A2, 0x10A2, 0x18C2, 0x10A1,
  0x18E3, 0xDEDB, 0xF7BE, 0x39E7, 0x0861, 0x18E3, 0x10A2, 0x0020, 0x6B4C, 0xFFFF, 0xEF5D, 0x39E7,
  0x0861, 0x18C2, 0x10A2, 0x10A2, 0x10C2, 0x0861, 0x0000, 0x0000, 0x0000, 0x0861, 0x0861, 0x0861,
  0x1082, 0x0861, 0x0000, 0x0000, 0x0000, 0x0000, 0x0000, 0x0861, 0x0861, 0x0861, 0x0861, 0x0841,
  0x0000, 0x0000, 0x0000, 0x0000, 0x0020, 0x1082, 0x0861, 0x0861, 0x0861, 0x0020, 0x0000, 0x0000,
  0x0000, 0x0000, 0x0000, 0x0000, 0x0000, 0x0000, 0x0000, 0x0000, 0x0000, 0x0000, 0x0000, 0x0000,
  0x0000, 0x0000, 0x0000, 0x0000, 0x0000, 0x0000, 0x0000, 0x0000, 0x0000, 0x0000, 0x0000, 0x0000,
  0x0000, 0x0000, 0x0841, 0x0861, 0x0861, 0x0861, 0x0861, 0x0020, 0x0000, 0x0000, 0x0000, 0x0000,
  0x0861, 0x0861, 0x0861, 0x0861, 0x0861, 0x0000, 0x0000, 0x0000, 0x0000, 0x0020, 0x0861, 0x0861,
  0x0861, 0x1082, 0x0841, 0x0000, 0x0000, 0x0840, 0x10A2, 0x10A2, 0x18C2, 0x10C2, 0x0040, 0x6B6D,
  0xFFFF, 0xEF5D, 0x52AA, 0x0840, 0x0020, 0x0840, 0x0020, 0x2103, 0xC618, 0xFFFF, 0x52AA, 0x0860,
  0x18C2, 0x10C2, 0x10A2, 0x10A2, 0x10A2, 0x18E2, 0x0840, 0x6B6D, 0xFFFF, 0x7BCE, 0x0020, 0x18C2,
  0x10A2, 0x10C2, 0x10A2, 0x10A2, 0x10A2, 0x10A2, 0x18C2, 0x18C2, 0x0840, 0x18C2, 0x3185, 0x1081,
  0x18C2, 0x1081, 0x39C7, 0x4A69, 0x18C2, 0x10A2, 0x10C2, 0x10C2, 0x10A2, 0x10A2, 0x10C2, 0x10C2,
  0x10A2, 0x10C2, 0x10C2, 0x10C2, 0x10A2, 0x10C2, 0x10C2, 0x10C2, 0x10A2, 0x10A2, 0x10C2, 0x10C2,
  0x10C2, 0x10C2, 0x10A2, 0x10A2, 0x10C2, 0x10C2, 0x10C2, 0x10C2, 0x10C2, 0x10C2, 0x10C2, 0x10C2,
  0x10C2, 0x10C2, 0x10C2, 0x10C2, 0x10C2, 0x10C2, 0x10A2, 0x10A2, 0x10C2, 0x10C2, 0x10A2, 0x10A2,
  0x10A2, 0x10C2, 0x10C2, 0x10C2, 0x10C2, 0x10C2, 0x10C2, 0x10C2, 0x10A2, 0x10A2, 0x10A2, 0x10C2,
  0x18C2, 0x18C2, 0x18E2, 0x18E2, 0x18C2, 0x18C2, 0x18C2, 0x10A2, 0x10C2, 0x10C2, 0x10C2, 0x10C2,
  0x18E2, 0x0020, 0x73AE, 0xFFFF, 0x6B4D, 0x0840, 0x18C2, 0x10A2, 0x10C2, 0x10C2, 0x10A2, 0x10C2,
  0x10C2, 0x10C2, 0x18C2, 0x10C2, 0x10A2, 0x18C2, 0x10C2, 0x10A2, 0x10C2, 0x18C2, 0x18C2, 0x0861,
  0xBDD6, 0xFFFF, 0x630B, 0x0040, 0x18E2, 0x10A2, 0x10C2, 0x18C2, 0x0020, 0x4A69, 0xF7BE, 0xE73C,
  0x2124, 0x1081, 0x10C2, 0x10A2, 0x10A2, 0x18C2, 0x0861, 0x0000, 0x0000, 0x0861, 0x1082, 0x0861,
  0x0861, 0x0861, 0x0000, 0x0000, 0x0000, 0x0000, 0x0000, 0x0861, 0x0861, 0x0861, 0x1082, 0x0841,
  0x0000, 0x0000, 0x0000, 0x0000, 0x0020, 0x0861, 0x0861, 0x0861, 0x0861, 0x0020, 0x0000, 0x0000,
  0x0000, 0x0000, 0x0000, 0x0000, 0x0000, 0x0000, 0x0000, 0x0000, 0x0000, 0x0000, 0x0000, 0x0000,
  0x0000, 0x0000, 0x0000, 0x0000, 0x0000, 0x0000, 0x0000, 0x0000, 0x0000, 0x0000, 0x0000, 0x0000,
  0x0000, 0x0000, 0x0841, 0x0861, 0x0861, 0x0861, 0x0861, 0x0020, 0x0000, 0x0000, 0x0000, 0x0000,
  0x0861, 0x0861, 0x0861, 0x0861, 0x0861, 0x0000, 0x0000, 0x0000, 0x0000, 0x0020, 0x0861, 0x0861,
  0x0861, 0x0861, 0x0841, 0x0000, 0x0840, 0x10A2, 0x10A2, 0x18C2, 0x1081, 0x0861, 0x9492, 0xFFFF,
  0xCE58, 0x2944, 0x0020, 0x18C2, 0x18C2, 0x18C2, 0x18E3, 0x0861, 0x2103, 0xEF5D, 0xDEDB, 0x1082,
  0x10C2, 0x10C2, 0x10A2, 0x10A2, 0x10C2, 0x10C2, 0x10A2, 0x10A1, 0xD6BA, 0xEF5D, 0x18E3, 0x10A2,
  0x10C2, 0x10C2, 0x10A2, 0x10A2, 0x18C2, 0x18C2, 0x0861, 0x0861, 0x5289, 0xD6BA, 0xEF7D, 0x18E3,
  0x10A2, 0x18C2, 0x1081, 0x0840, 0x10A2, 0x10C2, 0x10C2, 0x10C2, 0x10C2, 0x10C2, 0x10A2, 0x10A2,
  0x10A2, 0x10A2, 0x10C2, 0x10C2, 0x10C2, 0x10C2, 0x10C2, 0x10C2, 0x10A2, 0x10A2, 0x10A2, 0x10C2,
  0x10C2, 0x10C2, 0x10A2, 0x10A2, 0x10C2, 0x10C2, 0x10C2, 0x10C2, 0x10C2, 0x10C2, 0x10C2, 0x10C2,
  0x10C2, 0x10C2, 0x18C2, 0x18C2, 0x10C2, 0x10C2, 0x10C2, 0x10C2, 0x10C2, 0x10C2, 0x10A2, 0x10C2,
  0x10C2, 0x10C2, 0x10C2, 0x10C2, 0x10C2, 0x10C2, 0x10C2, 0x10C2, 0x10A2, 0x10A2, 0x10A2, 0x10C2,
  0x10C2, 0x10A2, 0x10A2, 0x10A2, 0x10C2, 0x10C2, 0x10C2, 0x10C2, 0x10C2, 0x10C2, 0x10C2, 0x18C2,
  0x1081, 0x2944, 0xEF7D, 0xDEDB, 0x0861, 0x0860, 0x18E2, 0x18C2, 0x10A2, 0x10A2, 0x10A2, 0x10C2,
  0x10C2, 0x10C2, 0x10C2, 0x18C2, 0x18C2, 0x10C2, 0x10A2, 0x10C2, 0x10C2, 0x18E2, 0x0020, 0x9492,
  0xFFFF, 0x8C50, 0x0020, 0x18C2, 0x10A2, 0x10A2, 0x10A2, 0x10A2, 0x18E3, 0x0020, 0x5ACA, 0xFFFF,
  0xA534, 0x0840, 0x18C2, 0x10C2, 0x10A2, 0x10C2, 0x10C2, 0x0861, 0x0000, 0x0861, 0x0861, 0x0861,
  0x0861, 0x0861, 0x0000, 0x0000, 0x0000, 0x0000, 0x0000, 0x0861, 0x0861, 0x0861, 0x0861, 0x0841,
  0x0000, 0x0000, 0x0000, 0x0000, 0x0020, 0x0861, 0x0861, 0x0861, 0x0861, 0x0020, 0x0000, 0x0000,
  0x0000, 0x0000, 0x0000, 0x0000, 0x0000, 0x0000, 0x0000, 0x0000, 0x0000, 0x0000, 0x0000, 0x0000,
  0x0000, 0x0000, 0x0000, 0x0000, 0x0000, 0x0000, 0x0000, 0x0000, 0x0000, 0x0020, 0x0861, 0x0861,
  0x0861, 0x0861, 0x0020, 0x0000, 0x0000, 0x0000, 0x0000, 0x0841, 0x0861, 0x0861, 0x0861, 0x0861,
  0x0020, 0x0000, 0x0000, 0x0000, 0x0020, 0x0861, 0x0861, 0x0861, 0x0861, 0x0841, 0x0000, 0x0000,
  0x0000, 0x0000, 0x0020, 0x0861, 0x10A2, 0x10A2, 0x18C2, 0x0860, 0x18E3, 0xBDD7, 0xFFFF, 0xAD54,
  0x10A2, 0x0861, 0x18C2, 0x10A2, 0x10A2, 0x10A2, 0x10A2, 0x18E3, 0x0020, 0x8430, 0xFFFF, 0x39E7,
  0x0861, 0x18C2, 0x10A2, 0x10C2, 0x10C2, 0x10A2, 0x18C2, 0x0840, 0x5ACB, 0xFFFF, 0x8C51, 0x0020,
  0x18C2, 0x10A2, 0x10C2, 0x18C2, 0x0881, 0x0840, 0x4208, 0xBDF7, 0xFFFF, 0xF7BE, 0x8430, 0x18E3,
  0x10A2, 0x10C2, 0x18C2, 0x18C2, 0x10C2, 0x10C2, 0x10C2, 0x10C2, 0x10C2, 0x10C2, 0x10C2, 0x10A2,
  0x10A2, 0x10A2, 0x10A2, 0x10A2, 0x10C2, 0x10C2, 0x10C2, 0x10C2, 0x10C2, 0x10C2, 0x10C2, 0x10C2,
  0x10C2, 0x10C2, 0x10C2, 0x10C2, 0x10C2, 0x10C2, 0x10C2, 0x10C2, 0x10C2, 0x10C2, 0x10C2, 0x10C2,
  0x18C2, 0x10C2, 0x10C2, 0x10C2, 0x10C2, 0x10C2, 0x10C2, 0x10C2, 0x10C2, 0x10C2, 0x10C2, 0x10C2,
  0x10A2, 0x10C2, 0x10C2, 0x10C2, 0x10C2, 0x10C2, 0x10C2, 0x10A2, 0x10A2, 0x10C2, 0x10C2, 0x10C2,
  0x10C2, 0x10A2, 0x10A2, 0x10A2, 0x10C2, 0x10A2, 0x10C2, 0x10C2, 0x10C2, 0x10C2, 0x10A2, 0x18C2,
  0x0861, 0x5289, 0xF7BE, 0xFFFF, 0xB596, 0x39E7, 0x0840, 0x0881, 0x18C2, 0x10C2, 0x10A2, 0x10C2,
  0x10A2, 0x10A2, 0x10A2, 0x10A2, 0x10A2, 0x10A2, 0x10C2, 0x10C2, 0x18E2, 0x0020, 0x6B6D, 0xFFFF,
  0xB596, 0x0861, 0x18C2, 0x10C2, 0x10A2, 0x10A2, 0x10A2, 0x10A2, 0x10A2, 0x18C2, 0x0020, 0xBDD6,
  0xFFDF, 0x2945, 0x1081, 0x18C2, 0x10C2, 0x10C2, 0x10A2, 0x10C2, 0x1082, 0x0020, 0x0000, 0x0020,
  0x0000, 0x0020, 0x0861, 0x0861, 0x0861, 0x0861, 0x0841, 0x0000, 0x0000, 0x0000, 0x0000, 0x0020,
  0x0861, 0x0861, 0x0861, 0x0861, 0x0841, 0x0000, 0x0000, 0x0000, 0x0000, 0x0841, 0x0861, 0x0861,
  0x0861, 0x0861, 0x0020, 0x0000, 0x0000, 0x0000, 0x0000, 0x0000, 0x0000, 0x0000, 0x0000, 0x0000,
  0x0000, 0x0000, 0x0000, 0x0000, 0x0000, 0x0000, 0x0000, 0x0000, 0x0000, 0x0020, 0x1082, 0x0861,
  0x0861, 0x0861, 0x0020, 0x0000, 0x0000, 0x0000, 0x0000, 0x0841, 0x1082, 0x0861, 0x0861, 0x0861,
  0x0000, 0x0000, 0x0000, 0x0000, 0x0000, 0x0861, 0x1082, 0x1082, 0x1082, 0x0841, 0x0000, 0x0000,
  0x0000, 0x0000, 0x0841, 0x10A2, 0x10A2, 0x10C2, 0x1081, 0x39E7, 0xD6BA, 0xFFFF, 0x8410, 0x0861,
  0x10A2, 0x18C2, 0x10A2, 0x10A2, 0x10A2, 0x10A2, 0x10A2, 0x18C2, 0x0840, 0x528A, 0xFFFF, 0x5ACA,
  0x0840, 0x18C2, 0x10A2, 0x10C2, 0x10C2, 0x10A2, 0x10C2, 0x18C2, 0x0861, 0xC638, 0xF7BE, 0x2944,
  0x1081, 0x18E2, 0x1081, 0x0040, 0x31A6, 0xAD55, 0xFFFF, 0xFFFF, 0x9491, 0x2124, 0x0020, 0x10A2,
  0x18C2, 0x10C2, 0x10C2, 0x10C2, 0x10C2, 0x10C2, 0x10C2, 0x10C2, 0x10C2, 0x10C2, 0x10C2, 0x10A2,
  0x10A2, 0x10A2, 0x10A2, 0x10A2, 0x10C2, 0x10C2, 0x10C2, 0x10C2, 0x10C2, 0x10C2, 0x10C2, 0x10C2,
  0x10C2, 0x10C2, 0x10C2, 0x10C2, 0x10C2, 0x10C2, 0x10C2, 0x10C2, 0x10C2, 0x10C2, 0x10C2, 0x10C2,
  0x18C2, 0x10C2, 0x10C2, 0x10C2, 0x10C2, 0x10C2, 0x10C2, 0x10C2, 0x10C2, 0x10C2, 0x10C2, 0x10C2,
  0x10A2, 0x10C2, 0x10C2, 0x10C2, 0x10C2, 0x10C2, 0x10C2, 0x10A2, 0x10A2, 0x10C2, 0x10C2, 0x10C2,
  0x10C2, 0x10A2, 0x10A2, 0x10A2, 0x10C2, 0x10A2, 0x10C2, 0x10C2, 0x10C2, 0x10C2, 0x10A2, 0x10C2,
  0x18C2, 0x1081, 0x2965, 0x9CF3, 0xFFFF, 0xFFFF, 0xA534, 0x3186, 0x0020, 0x1081, 0x18E2, 0x18C2,
  0x10A2, 0x10A2, 0x10A2, 0x10A2, 0x10A2, 0x10A2, 0x10C2, 0x18E2, 0x0860, 0x4228, 0xF7BE, 0xDEDA,
  0x1081, 0x10A2, 0x18C2, 0x10C2, 0x10A2, 0x10A2, 0x10A2, 0x10A2, 0x10A2, 0x18C2, 0x0040, 0x6B4D,
  0xFFFF, 0x5289, 0x0860, 0x18C2, 0x10C2, 0x10C2, 0x10A2, 0x10C2, 0x10C2, 0x0861, 0x0000, 0x0000,
  0x0000, 0x0000, 0x0861, 0x0861, 0x0861, 0x1082, 0x0861, 0x0000, 0x0000, 0x0000, 0x0000, 0x0020,
  0x1082, 0x1082, 0x0861, 0x1082, 0x0841, 0x0000, 0x0000, 0x0000, 0x0000, 0x0841, 0x1082, 0x0861,
  0x0861, 0x1082, 0x0020, 0x0000, 0x0000, 0x0000, 0x0000, 0x0000, 0x0000, 0x0000, 0x0000, 0x0000,
  0x0000, 0x0000, 0x0000, 0x0000, 0x0000, 0x0000, 0x0000, 0x0000, 0x0000, 0x0020, 0x0861, 0x0861,
  0x0861, 0x0861, 0x0020, 0x0000, 0x0000, 0x0000, 0x0000, 0x0841, 0x0861, 0x0861, 0x0861, 0x0861,
  0x0000, 0x0000, 0x0000, 0x0000, 0x0000, 0x0861, 0x0861, 0x0861, 0x1082, 0x0841, 0x0000, 0x0000,
  0x0000, 0x0020, 0x10A2, 0x10A2, 0x10A2, 0x18C2, 0x0861, 0x5289, 0xFFFF, 0xDEDB, 0x10A1, 0x1081,
  0x18C2, 0x10A2, 0x10A2, 0x10A2, 0x10A2, 0x10A2, 0x10A2, 0x18C2, 0x0840, 0x5ACB, 0xFFFF, 0x528A,
  0x0840, 0x18C2, 0x10A2, 0x10A2, 0x10A2, 0x10C2, 0x10A2, 0x18C2, 0x0860, 0x4A48, 0xFFFF, 0x9CF3,
  0x0000, 0x0840, 0x2944, 0x94B2, 0xFFFF, 0xFFFF, 0xA514, 0x3185, 0x0040, 0x1081, 0x18C2, 0x10C2,
  0x10C2, 0x10C2, 0x10C2, 0x10C2, 0x10C2, 0x10C2, 0x10C2, 0x10C2, 0x10C2, 0x10C2, 0x10C2, 0x10A2,
  0x10A2, 0x10A2, 0x10C2, 0x10C2, 0x10C2, 0x10C2, 0x10C2, 0x10C2, 0x10C2, 0x10C2, 0x10C2, 0x10C2,
  0x10C2, 0x10C2, 0x10C2, 0x10C2, 0x10C2, 0x10C2, 0x10C2, 0x10C2, 0x10C2, 0x10C2, 0x10C2, 0x10C2,
  0x18C2, 0x10C2, 0x10C2, 0x10C2, 0x10C2, 0x18C2, 0x18C2, 0x18C2, 0x10C2, 0x10C2, 0x10C2, 0x10C2,
  0x10C2, 0x10A2, 0x10C2, 0x10C2, 0x10C2, 0x10C2, 0x10C2, 0x10C2, 0x10A2, 0x10A2, 0x10C2, 0x10C2,
  0x10A2, 0x10A2, 0x10A2, 0x10A2, 0x10A2, 0x10A2, 0x10A2, 0x10C2, 0x10A2, 0x10A2, 0x10C2, 0x10C2,
  0x10C2, 0x10C2, 0x1081, 0x0040, 0x31A6, 0xA534, 0xFFFF, 0xFFFF, 0x94B2, 0x2945, 0x0020, 0x10A1,
  0x18C2, 0x10C2, 0x10A2, 0x10A2, 0x10A2, 0x10A2, 0x18C2, 0x1081, 0x2944, 0xE73C, 0xFFFF, 0xFFDF,
  0x7BEF, 0x0841, 0x10A2, 0x18C2, 0x10A2, 0x10A2, 0x10A2, 0x10A2, 0x10A2, 0x18C2, 0x0840, 0x5AEB,
  0xFFFF, 0x5ACA, 0x0840, 0x18C2, 0x10C2, 0x10C2, 0x10A2, 0x10A2, 0x10A2, 0x10C2, 0x0841, 0x0000,
  0x0000, 0x0000, 0x0861, 0x0861, 0x0861, 0x1082, 0x0861, 0x0000, 0x0000, 0x0000, 0x0000, 0x0020,
  0x0861, 0x0861, 0x0861, 0x1082, 0x0841, 0x0000, 0x0000, 0x0000, 0x0000, 0x0841, 0x0861, 0x0861,
  0x0861, 0x0861, 0x0020, 0x0000, 0x0000, 0x0000, 0x0000, 0x0000, 0x0000, 0x0000, 0x0000, 0x0000,
  0x0000, 0x0000, 0x0000, 0x0000, 0x0000, 0x0000, 0x0000, 0x0000, 0x0000, 0x0020, 0x0861, 0x0861,
  0x0861, 0x0861, 0x0020, 0x0000, 0x0000, 0x0000, 0x0000, 0x0841, 0x0861, 0x0861, 0x0861, 0x0861,
  0x0000, 0x0000, 0x0000, 0x0000, 0x0000, 0x0861, 0x0861, 0x0861, 0x1082, 0x0841, 0x0000, 0x0000,
  0x0000, 0x10A2, 0x10C2, 0x10A2, 0x10A2, 0x10C2, 0x18C2, 0x0020, 0x6B4C, 0xFFFF, 0xB5B5, 0x0861,
  0x10A2, 0x10C2, 0x10A2, 0x10A2, 0x10A2, 0x10A2, 0x10A2, 0x18E3, 0x0020, 0xA534, 0xFFFF, 0x2965,
  0x1081, 0x18C2, 0x10A2, 0x10A2, 0x10A2, 0x10A2, 0x10A2, 0x10A2, 0x18C2, 0x0840, 0xB5B6, 0xFFFF,
  0x4228, 0x7BCF, 0xFFDF, 0xFFFF, 0xB5B6, 0x39E7, 0x0840, 0x1081, 0x18C2, 0x10C2, 0x10C2, 0x10C2,
  0x10C2, 0x10C2, 0x10A2, 0x10A2, 0x10C2, 0x10C2, 0x10C2, 0x10C2, 0x10C2, 0x10C2, 0x10A2, 0x10A2,
  0x10A2, 0x10C2, 0x10A2, 0x10A2, 0x10A2, 0x10C2, 0x10C2, 0x10C2, 0x10C2, 0x10C2, 0x10C2, 0x10A2,
  0x10C2, 0x10A2, 0x10A2, 0x10A2, 0x10C2, 0x10C2, 0x10C2, 0x10C2, 0x10C2, 0x10C2, 0x10C2, 0x10C2,
  0x10C2, 0x10C2, 0x18C2, 0x18C2, 0x10C2, 0x10C2, 0x10C2, 0x10C2, 0x10A2, 0x10A2, 0x10A2, 0x10A2,
  0x10A2, 0x10A2, 0x10A2, 0x10A2, 0x10C2, 0x10A2, 0x10C2, 0x10A2, 0x10A2, 0x10A2, 0x10A2, 0x10A2,
  0x10A2, 0x10A2, 0x10A2, 0x10A2, 0x10A2, 0x10A2, 0x10A2, 0x10C2, 0x10C2, 0x10C2, 0x10A2, 0x10A2,
  0x10C2, 0x10A2, 0x18C2, 0x18C2, 0x0861, 0x0040, 0x39E7, 0xB5B6, 0xFFFF, 0xFFDF, 0x8430, 0x2104,
  0x0020, 0x1081, 0x10C2, 0x10A2, 0x10A2, 0x18C2, 0x10A2, 0x1082, 0xC638, 0xFFFF, 0x630B, 0xBDD6,
  0xFFFF, 0xA534, 0x10A2, 0x0861, 0x18C2, 0x10A2, 0x10A2, 0x10A2, 0x10A2, 0x18E3, 0x0020, 0x9492,
  0xFFFF, 0x39E7, 0x0861, 0x18C2, 0x10C2, 0x10C2, 0x10C2, 0x10A2, 0x10A2, 0x10A2, 0x10A2, 0x0840,
  0x0000, 0x0000, 0x0861, 0x0861, 0x0861, 0x0861, 0x0861, 0x0000, 0x0000, 0x0000, 0x0000, 0x0020,
  0x1082, 0x0861, 0x0861, 0x1082, 0x0841, 0x0000, 0x0000, 0x0000, 0x0000, 0x0841, 0x0861, 0x0861,
  0x0861, 0x0861, 0x0020, 0x0000, 0x0000, 0x0000, 0x0000, 0x0000, 0x0000, 0x0000, 0x0000, 0x0000,
  0x0000, 0x0000, 0x0000, 0x0000, 0x0000, 0x0000, 0x0000, 0x0000, 0x0000, 0x0020, 0x1082, 0x0861,
  0x0861, 0x0861, 0x0020, 0x0000, 0x0000, 0x0000, 0x0000, 0x0841, 0x1082, 0x0861, 0x0861, 0x0861,
  0x0000, 0x0000, 0x0000, 0x0000, 0x0000, 0x0861, 0x0861, 0x0861, 0x1082, 0x0841, 0x0000, 0x0000,
  0x1081, 0x10C2, 0x10C2, 0x10C2, 0x10A2, 0x10A2, 0x10C2, 0x18C2, 0x0040, 0x8C71, 0xFFFF, 0x8C71,
  0x0020, 0x18C2, 0x10A2, 0x10A2, 0x10A2, 0x10A2, 0x18E2, 0x0020, 0x4228, 0xF7BE, 0xA514, 0x0000,
  0x1081, 0x10A2, 0x18C2, 0x18C2, 0x10A2, 0x10A2, 0x10C2, 0x10A2, 0x18C2, 0x0881, 0x39E7, 0xFFDF,
  0xFFFF, 0xFFFF, 0xCE58, 0x4A69, 0x0860, 0x0861, 0x18C2, 0x18C2, 0x10A2, 0x10A2, 0x10A2, 0x10A2,
  0x10C2, 0x10C2, 0x10A2, 0x10A2, 0x10A2, 0x10C2, 0x10C2, 0x10C2, 0x10A2, 0x10A2, 0x10C2, 0x10A2,
  0x10A2, 0x10A2, 0x10C2, 0x10C2, 0x10C2, 0x10C2, 0x10C2, 0x10C2, 0x10C2, 0x10C2, 0x10A2, 0x10C2,
  0x10A2, 0x10A2, 0x10A2, 0x10A2, 0x10A2, 0x10A2, 0x10C2, 0x10C2, 0x10C2, 0x10C2, 0x10C2, 0x18C2,
  0x10C2, 0x10C2, 0x10C2, 0x18C2, 0x10C2, 0x10C2, 0x10C2, 0x18C2, 0x10C2, 0x10C2, 0x10A2, 0x10A2,
  0x10C2, 0x10C2, 0x10C2, 0x10C2, 0x10C2, 0x10A2, 0x10C2, 0x10C2, 0x10A2, 0x10A2, 0x10C2, 0x10C2,
  0x10C2, 0x10A2, 0x10A2, 0x10A2, 0x10A2, 0x10A2, 0x10C2, 0x10C2, 0x10C2, 0x10C2, 0x10A2, 0x10C2,
  0x10A2, 0x10C2, 0x10C2, 0x10C2, 0x18C2, 0x18C2, 0x0861, 0x0840, 0x4A48, 0xC618, 0xFFFF, 0xF79E,
  0x7BCF, 0x2124, 0x10A2, 0x10C2, 0x10C2, 0x18C2, 0x0840, 0xA513, 0xFFFF, 0x7BCE, 0x0000, 0x10A2,
  0x94B2, 0xFFFF, 0xCE79, 0x2965, 0x0840, 0x18E2, 0x18C2, 0x18C2, 0x18E3, 0x0840, 0x2944, 0xF79E,
  0xD699, 0x1081, 0x18C2, 0x10C2, 0x10C2, 0x10C2, 0x10C2, 0x10C2, 0x10A2, 0x10A2, 0x10A2, 0x10A2,
  0x0020, 0x0000, 0x0861, 0x0861, 0x0861, 0x0861, 0x0861, 0x0000, 0x0000, 0x0000, 0x0000, 0x0020,
  0x0861, 0x0861, 0x0861, 0x0861, 0x0841, 0x0000, 0x0000, 0x0000, 0x0000, 0x0841, 0x0861, 0x0861,
  0x0861, 0x0861, 0x0020, 0x0000, 0x0000, 0x0000, 0x0000, 0x0000, 0x0000, 0x0000, 0x0000, 0x0000,
  0x0000, 0x0000, 0x0000, 0x0000, 0x0000, 0x0000, 0x0000, 0x0000, 0x0000, 0x0000, 0x0000, 0x0000,
  0x0000, 0x0000, 0x0841, 0x0861, 0x0861, 0x0861, 0x0861, 0x0020, 0x0000, 0x0000, 0x0000, 0x0000,
  0x0841, 0x0861, 0x0861, 0x0861, 0x0841, 0x0020, 0x0000, 0x0000, 0x0000, 0x0020, 0x0861, 0x1082,
  0x18C2, 0x10C2, 0x10C2, 0x10C2, 0x10A2, 0x10A2, 0x10C2, 0x18C2, 0x18C2, 0x0861, 0xB596, 0xFFFF,
  0x6B4D, 0x0020, 0x18C2, 0x10A2, 0x18C2, 0x18E2, 0x0020, 0x4A49, 0xF79E, 0xFFFF, 0xDEFB, 0x8430,
  0x39E7, 0x1081, 0x0020, 0x0861, 0x10C2, 0x18C2, 0x18C2, 0x10C2, 0x10A2, 0x18C2, 0x0040, 0xA513,
  0xDEFB, 0x5ACB, 0x0861, 0x0840, 0x18C2, 0x18C2, 0x10C2, 0x10A2, 0x10C2, 0x10C2, 0x10A2, 0x10C2,
  0x10C2, 0x10C2, 0x10C2, 0x10C2, 0x10C2, 0x10C2, 0x10A2, 0x10C2, 0x10A2, 0x10A2, 0x10A2, 0x10C2,
  0x10C2, 0x10C2, 0x10C2, 0x18C2, 0x10C2, 0x10C2, 0x10C2, 0x10C2, 0x10C2, 0x10C2, 0x10A2, 0x10A2,
  0x10C2, 0x10A2, 0x10C2, 0x10C2, 0x10C2, 0x10A2, 0x10C2, 0x10C2, 0x10C2, 0x10C2, 0x10C2, 0x18C2,
  0x10C2, 0x18C2, 0x10C2, 0x10C2, 0x10C2, 0x10C2, 0x10C2, 0x10A2, 0x10C2, 0x10C2, 0x10C2, 0x10C2,
  0x10A2, 0x10C2, 0x10C2, 0x10C2, 0x10C2, 0x10C2, 0x10C2, 0x10A2, 0x10A2, 0x10A2, 0x10C2, 0x10C2,
  0x10C2, 0x10C2, 0x10A2, 0x10A2, 0x10A2, 0x10A2, 0x10A2, 0x10C2, 0x10C2, 0x10C2, 0x10C2, 0x10C2,
  0x10A2, 0x10C2, 0x10C2, 0x18C2, 0x10C2, 0x10C2, 0x18C2, 0x18C2, 0x0860, 0x0861, 0x52AA, 0xCE79,
  0xFFFF, 0x8430, 0x0040, 0x18C2, 0x18E2, 0x0020, 0x7BCE, 0xFFFF, 0xA513, 0x0040, 0x18E2, 0x10C2,
  0x0020, 0x738D, 0xFFFF, 0xEF7D, 0x528A, 0x0020, 0x0020, 0x0840, 0x0020, 0x2124, 0xCE59, 0xFFFF,
  0x4A69, 0x0860, 0x18C2, 0x10C2, 0x10C2, 0x10C2, 0x10C2, 0x10C2, 0x10A2, 0x10A2, 0x10A2, 0x10A2,
  0x10A2, 0x0861, 0x0020, 0x0000, 0x0000, 0x0000, 0x0020, 0x0861, 0x0861, 0x0861, 0x0861, 0x0841,
  0x0000, 0x0020, 0x0000, 0x0000, 0x0020, 0x0861, 0x0861, 0x0861, 0x0861, 0x0841, 0x0000, 0x0000,
  0x0000, 0x0020, 0x0000, 0x0000, 0x0000, 0x0000, 0x0000, 0x0000, 0x0000, 0x0000, 0x0000, 0x0000,
  0x0000, 0x0000, 0x0000, 0x0000, 0x0000, 0x0000, 0x0000, 0x0000, 0x0000, 0x0000, 0x0000, 0x0000,
  0x0000, 0x0000, 0x0841, 0x1082, 0x0861, 0x0861, 0x1082, 0x0020, 0x0000, 0x0000, 0x0000, 0x0000,
  0x0861, 0x1082, 0x1082, 0x0861, 0x0861, 0x0000, 0x0000, 0x0000, 0x0000, 0x0020, 0x10A2, 0x10A2,
  0x10A2, 0x10C2, 0x10C2, 0x10C2, 0x10A2, 0x10C2, 0x10C2, 0x10C2, 0x18C2, 0x10A2, 0x18C2, 0xD699,
  0xFFFF, 0x4A48, 0x0840, 0x18E2, 0x10C2, 0x0020, 0x6B4C, 0xFFFF, 0xEF5D, 0x9492, 0xDEFB, 0xFFFF,
  0xFFFF, 0xDEBA, 0x8430, 0x39E7, 0x1081, 0x0040, 0x0861, 0x10C2, 0x10A2, 0x10A2, 0x10A2, 0x2103,
  0x18E3, 0x0020, 0x10C2, 0x18C2, 0x10A2, 0x10A2, 0x10A2, 0x10A2, 0x10A2, 0x10C2, 0x10C2, 0x10C2,
  0x10A2, 0x10C2, 0x10C2, 0x10C2, 0x10C2, 0x10C2, 0x10C2, 0x10C2, 0x10C2, 0x10C2, 0x10C2, 0x10C2,
  0x10C2, 0x10C2, 0x10C2, 0x10C2, 0x10C2, 0x10C2, 0x10A2, 0x10A2, 0x10C2, 0x10C2, 0x10A2, 0x10A2,
  0x10A2, 0x10A2, 0x10A2, 0x10A2, 0x10C2, 0x10A2, 0x10C2, 0x10C2, 0x10C2, 0x10C2, 0x10C2, 0x10C2,
  0x10C2, 0x10C2, 0x10C2, 0x10C2, 0x10A2, 0x10C2, 0x10C2, 0x10A2, 0x10A2, 0x10A2, 0x10A2, 0x10A2,
  0x10C2, 0x10C2, 0x10C2, 0x10C2, 0x10C2, 0x10C2, 0x18C2, 0x10C2, 0x10A2, 0x10A2, 0x10A2, 0x10C2,
  0x10A2, 0x10A2, 0x10A2, 0x10A2, 0x10C2, 0x10A2, 0x10A2, 0x10C2, 0x10C2, 0x10C2, 0x10C2, 0x10C2,
  0x10C2, 0x10C2, 0x10A2, 0x10C2, 0x10C2, 0x10C2, 0x10C2, 0x10C2, 0x18C2, 0x18C2, 0x0840, 0x1081,
  0x630B, 0x3185, 0x1081, 0x18E2, 0x0040, 0x528A, 0xFFFF, 0xC638, 0x10A2, 0x10A2, 0x18C2, 0x10C2,
  0x18C2, 0x0020, 0x4A69, 0xEF5C, 0xFFFF, 0xB5B6, 0x6B4D, 0x630B, 0x8C71, 0xF7BE, 0xFFFF, 0x6B6D,
  0x0840, 0x18C2, 0x10C2, 0x10C2, 0x10C2, 0x10C2, 0x10C2, 0x10A2, 0x10A2, 0x10A2, 0x10A2, 0x10A2,
  0x10C2, 0x10A2, 0x0000, 0x0000, 0x0000, 0x0000, 0x0000, 0x0861, 0x0861, 0x0861, 0x0861, 0x0841,
  0x0000, 0x0000, 0x0000, 0x0000, 0x0020, 0x0861, 0x0861, 0x0861, 0x0861, 0x0841, 0x0000, 0x0000,
  0x0000, 0x0000, 0x0000, 0x0000, 0x0000, 0x0000, 0x0000, 0x0000, 0x0000, 0x0000, 0x0000, 0x0000,
  0x0000, 0x0000, 0x0000, 0x0000, 0x0000, 0x0000, 0x0000, 0x0000, 0x0000, 0x0000, 0x0000, 0x0000,
  0x0000, 0x0000, 0x0841, 0x0861, 0x0861, 0x0861, 0x0861, 0x0020, 0x0000, 0x0000, 0x0000, 0x0000,
  0x0861, 0x0861, 0x0861, 0x0861, 0x0861, 0x0000, 0x0000, 0x0000, 0x0000, 0x0841, 0x10A2, 0x10A2,
  0x10A2, 0x10C2, 0x10C2, 0x10C2, 0x10A2, 0x10C2, 0x10C2, 0x10C2, 0x10A2, 0x18C2, 0x0881, 0x2985,
  0xEF5D, 0xEF5D, 0x2965, 0x0840, 0x0861, 0x8C51, 0xFFFF, 0xD699, 0x3185, 0x0000, 0x10A2, 0x4228,
  0x8C71, 0xDEFB, 0xFFFF, 0xFFFF, 0xD6BA, 0x8C50, 0x39E7, 0x10A2, 0x10A2, 0x10A2, 0x10C2, 0x10A2,
  0x10A2, 0x18C2, 0x10C2, 0x10A2, 0x10A2, 0x10A2, 0x10A2, 0x10A2, 0x10A2, 0x10C2, 0x10C2, 0x10C2,
  0x10A2, 0x10C2, 0x10C2, 0x10C2, 0x10C2, 0x10C2, 0x10C2, 0x10C2, 0x10C2, 0x10C2, 0x10C2, 0x10C2,
  0x10C2, 0x10C2, 0x10C2, 0x10C2, 0x10C2, 0x10C2, 0x10A2, 0x10A2, 0x10C2, 0x10C2, 0x10A2, 0x10A2,
  0x10A2, 0x10A2, 0x10A2, 0x10A2, 0x10C2, 0x10C2, 0x10C2, 0x10C2, 0x10C2, 0x10C2, 0x10C2, 0x10C2,
  0x10C2, 0x10C2, 0x10C2, 0x10C2, 0x10A2, 0x10C2, 0x10C2, 0x10A2, 0x10A2, 0x10A2, 0x10A2, 0x10A2,
  0x10C2, 0x10C2, 0x10C2, 0x10C2, 0x10C2, 0x10C2, 0x10C2, 0x10C2, 0x10C2, 0x10C2, 0x10A2, 0x10C2,
  0x10A2, 0x10A2, 0x10A2, 0x10A2, 0x10C2, 0x10A2, 0x10A2, 0x10C2, 0x10C2, 0x10C2, 0x10C2, 0x10C2,
  0x10C2, 0x10C2, 0x10A2, 0x10A2, 0x10C2, 0x10C2, 0x10C2, 0x10C2, 0x10C2, 0x10C2, 0x18C2, 0x18C2,
  0x0840, 0x10A1, 0x18C2, 0x0881, 0x31A6, 0xEF7D, 0xE73C, 0x2944, 0x1081, 0x18C2, 0x10C2, 0x10A2,
  0x10C2, 0x18E3, 0x0000, 0xA513, 0xFFFF, 0xF79E, 0xFFFF, 0xFFFF, 0xFFFF, 0xC638, 0x4A68, 0x0840,
  0x18C2, 0x10C2, 0x10C2, 0x10C2, 0x10C2, 0x10C2, 0x10C2, 0x10A2, 0x10A2, 0x10A2, 0x10A2, 0x10C2,
  0x10A2, 0x10C2, 0x0861, 0x0000, 0x0000, 0x0000, 0x0000, 0x0861, 0x0861, 0x0861, 0x0861, 0x0841,
  0x0000, 0x0000, 0x0000, 0x0000, 0x0020, 0x0861, 0x0861, 0x0861, 0x0861, 0x0841, 0x0000, 0x0000,
  0x0000, 0x0000, 0x0000, 0x0000, 0x0000, 0x0000, 0x0000, 0x0000, 0x0000, 0x0000, 0x0000, 0x0000,
  0x0000, 0x0000, 0x0000, 0x0000, 0x0000, 0x0000, 0x0000, 0x0000, 0x0000, 0x0000, 0x0000, 0x0000,
  0x0000, 0x0000, 0x0841, 0x0861, 0x0861, 0x0861, 0x0861, 0x0020, 0x0000, 0x0000, 0x0000, 0x0000,
  0x0861, 0x0861, 0x0861, 0x0861, 0x0861, 0x0000, 0x0000, 0x0000, 0x0020, 0x10A2, 0x10A2, 0x10A2,
  0x10A2, 0x10A2, 0x10C2, 0x10C2, 0x10C2, 0x10C2, 0x10C2, 0x10C2, 0x10A2, 0x10A2, 0x18C2, 0x0840,
  0x4A69, 0xFFFF, 0xCE79, 0x2945, 0xB595, 0xFFFF, 0xAD75, 0x18C2, 0x0861, 0x18E3, 0x10A2, 0x0861,
  0x0020, 0x10A2, 0x4207, 0x8C71, 0xDEFB, 0xFFFF, 0xFFFF, 0x9CD2, 0x0861, 0x18C2, 0x10A2, 0x18C2,
  0x10C2, 0x10A2, 0x10C2, 0x10C2, 0x10A2, 0x10C2, 0x10A2, 0x10A2, 0x10A2, 0x10A2, 0x10C2, 0x10A2,
  0x10C2, 0x10A2, 0x10C2, 0x10C2, 0x10A2, 0x10A2, 0x10C2, 0x10C2, 0x10C2, 0x10C2, 0x10C2, 0x10C2,
  0x10C2, 0x10C2, 0x10C2, 0x10C2, 0x10C2, 0x10C2, 0x10C2, 0x10C2, 0x10C2, 0x10C2, 0x10C2, 0x10C2,
  0x10A2, 0x10A2, 0x10A2, 0x10A2, 0x10A2, 0x10A2, 0x10C2, 0x10C2, 0x10C2, 0x10C2, 0x10C2, 0x10C2,
  0x10C2, 0x10C2, 0x10C2, 0x10C2, 0x10C2, 0x10A2, 0x10C2, 0x10C2, 0x10C2, 0x10A2, 0x10A2, 0x10C2,
  0x10C2, 0x10C2, 0x10C2, 0x10C2, 0x10C2, 0x10C2, 0x10C2, 0x10C2, 0x10C2, 0x10C2, 0x10C2, 0x10C2,
  0x10A2, 0x10A2, 0x10A2, 0x10A2, 0x10C2, 0x10C2, 0x10C2, 0x10A2, 0x10A2, 0x10A2, 0x10A2, 0x10A2,
  0x10A2, 0x10C2, 0x10A2, 0x10A2, 0x10C2, 0x10C2, 0x10C2, 0x10C2, 0x10C2, 0x10C2, 0x10C2, 0x10C2,
  0x18C2, 0x10C2, 0x10C2, 0x0861, 0xC638, 0xFFFF, 0x4228, 0x0840, 0x18C2, 0x10A2, 0x10C2, 0x10C2,
  0x10C2, 0x18C2, 0x0861, 0xC638, 0xE73C, 0x2103, 0x4228, 0x4A69, 0x3185, 0x0861, 0x0861, 0x18C2,
  0x10C2, 0x10C2, 0x10A2, 0x10A2, 0x10C2, 0x10C2, 0x10C2, 0x10A2, 0x10A2, 0x10A2, 0x10C2, 0x10A2,
  0x10C2, 0x10A2, 0x10C2, 0x0841, 0x0000, 0x0000, 0x0000, 0x0861, 0x0861, 0x0861, 0x0861, 0x0841,
  0x0000, 0x0000, 0x0000, 0x0000, 0x0020, 0x0861, 0x0861, 0x0861, 0x0861, 0x0020, 0x0000, 0x0000,
  0x0000, 0x0000, 0x0000, 0x0000, 0x0000, 0x0000, 0x0000, 0x0000, 0x0000, 0x0000, 0x0000, 0x0000,
  0x0000, 0x0000, 0x0000, 0x0000, 0x0000, 0x0000, 0x0000, 0x0000, 0x0000, 0x0000, 0x0000, 0x0000,
  0x0000, 0x0000, 0x0841, 0x0861, 0x0861, 0x0861, 0x0861, 0x0020, 0x0000, 0x0000, 0x0000, 0x0000,
  0x0861, 0x0861, 0x0861, 0x0861, 0x0861, 0x0000, 0x0000, 0x0000, 0x1082, 0x10C2, 0x10A2, 0x10A2,
  0x10A2, 0x10A2, 0x10A2, 0x10A2, 0x10C2, 0x10C2, 0x10C2, 0x10C2, 0x10A2, 0x10A2, 0x10A2, 0x18E2,
  0x0020, 0x738D, 0xFFFF, 0xEF7D, 0xFFFF, 0x8C71, 0x0861, 0x10A1, 0x18C2, 0x10A2, 0x10A2, 0x18C2,
  0x18C2, 0x10A2, 0x0861, 0x0020, 0x10A2, 0x4228, 0x8C50, 0x3A07, 0x1081, 0x18C2, 0x10C2, 0x10C2,
  0x10A2, 0x10C2, 0x10C2, 0x10A2, 0x10A2, 0x10C2, 0x10A2, 0x10A2, 0x10A2, 0x10A2, 0x10C2, 0x10A2,
  0x10C2, 0x10C2, 0x10A2, 0x10A2, 0x10A2, 0x10C2, 0x10C2, 0x10A2, 0x10C2, 0x10C2, 0x10C2, 0x10C2,
  0x10C2, 0x10C2, 0x10C2, 0x10C2, 0x10C2, 0x10C2, 0x10C2, 0x10C2, 0x10C2, 0x10C2, 0x10C2, 0x10C2,
  0x10C2, 0x10C2, 0x10A2, 0x10A2, 0x10C2, 0x10C2, 0x10C2, 0x10C2, 0x10C2, 0x10C2, 0x10C2, 0x10C2,
  0x10C2, 0x10C2, 0x10C2, 0x10C2, 0x10C2, 0x10A2, 0x10A2, 0x10C2, 0x10C2, 0x10A2, 0x10A2, 0x10C2,
  0x10A2, 0x10C2, 0x10C2, 0x10C2, 0x10C2, 0x10C2, 0x10C2, 0x10C2, 0x10C2, 0x10C2, 0x10C2, 0x10C2,
  0x10C2, 0x10A2, 0x10A2, 0x10A2, 0x10A2, 0x10C2, 0x10C2, 0x10A2, 0x10A2, 0x10A2, 0x10A2, 0x10A2,
  0x10A2, 0x10C2, 0x10C2, 0x10C2, 0x10A2, 0x10C2, 0x10C2, 0x10C2, 0x10C2, 0x10C2, 0x10A2, 0x10A2,
  0x10A2, 0x10C2, 0x18C2, 0x1081, 0x4A48, 0x632B, 0x0840, 0x18C2, 0x10A2, 0x10A2, 0x10A2, 0x10A2,
  0x10C2, 0x10C2, 0x10A2, 0xE71C, 0xCE59, 0x0840, 0x0861, 0x0860, 0x1081, 0x18C2, 0x18C2, 0x10C2,
  0x10C2, 0x10C2, 0x10C2, 0x10C2, 0x10A2, 0x10A2, 0x10A2, 0x10C2, 0x10C2, 0x10C2, 0x10A2, 0x10A2,
  0x10A2, 0x10C2, 0x10A2, 0x10A2, 0x0020, 0x0000, 0x0000, 0x0861, 0x0861, 0x0861, 0x0861, 0x0841,
  0x0000, 0x0000, 0x0000, 0x0000, 0x0020, 0x0861, 0x0861, 0x0861, 0x0861, 0x0020, 0x0000, 0x0000,
  0x0000, 0x0000, 0x0000, 0x0000, 0x0000, 0x0000, 0x0000, 0x0000, 0x0000, 0x0000, 0x0000, 0x0000,
  0x0000, 0x0000, 0x0000, 0x0000, 0x0000, 0x0000, 0x0000, 0x0000, 0x0000, 0x0020, 0x0861, 0x0861,
  0x0861, 0x0861, 0x0020, 0x0000, 0x0000, 0x0000, 0x0000, 0x0841, 0x0861, 0x0861, 0x0861, 0x0861,
  0x0020, 0x0000, 0x0000, 0x0000, 0x0020, 0x0861, 0x0861, 0x1081, 0x10A2, 0x10A2, 0x10A2, 0x10A2,
  0x10A2, 0x10A2, 0x10A2, 0x10A2, 0x10A2, 0x10C2, 0x10C2, 0x10C2, 0x10C2, 0x10A2, 0x10A2, 0x10A2,
  0x18C2, 0x0020, 0x9492, 0xFFFF, 0xAD95, 0x0000, 0x18C2, 0x18C2, 0x10A2, 0x10A2, 0x10A2, 0x10A2,
  0x10A2, 0x10C2, 0x18C2, 0x18E2, 0x10A2, 0x0861, 0x0020, 0x1081, 0x10C2, 0x10A2, 0x10C2, 0x10C2,
  0x10A2, 0x10C2, 0x10A2, 0x10A2, 0x10A2, 0x10C2, 0x10C2, 0x10C2, 0x10C2, 0x10C2, 0x10C2, 0x10C2,
  0x10A2, 0x10C2, 0x10A2, 0x10A2, 0x10A2, 0x10C2, 0x10C2, 0x10A2, 0x10C2, 0x10C2, 0x10C2, 0x10C2,
  0x10C2, 0x10C2, 0x10C2, 0x10C2, 0x10C2, 0x10A2, 0x10C2, 0x10C2, 0x10A2, 0x10A2, 0x10C2, 0x10C2,
  0x10C2, 0x10C2, 0x10A2, 0x10A2, 0x10C2, 0x10C2, 0x10C2, 0x10C2, 0x10C2, 0x10C2, 0x10C2, 0x10C2,
  0x10C2, 0x10C2, 0x10C2, 0x10C2, 0x10A2, 0x10A2, 0x10A2, 0x10C2, 0x10A2, 0x10A2, 0x10A2, 0x10C2,
  0x10C2, 0x10C2, 0x10C2, 0x10C2, 0x10C2, 0x10C2, 0x10C2, 0x18C2, 0x10C2, 0x18C2, 0x10C2, 0x10C2,
  0x10C2, 0x10C2, 0x10A2, 0x10A2, 0x10C2, 0x10C2, 0x10C2, 0x10C2, 0x10C2, 0x10A2, 0x10A2, 0x10C2,
  0x10C2, 0x10A2, 0x10C2, 0x10C2, 0x10A2, 0x10C2, 0x10C2, 0x10C2, 0x10C2, 0x10C2, 0x10A2, 0x10A2,
  0x10A2, 0x10C2, 0x10C2, 0x18C2, 0x0861, 0x0860, 0x18C2, 0x10C2, 0x10C2, 0x10C2, 0x10A2, 0x10C2,
  0x10C2, 0x10A1, 0x2103, 0xFFDF, 0xAD55, 0x0040, 0x18E3, 0x18C2, 0x18C2, 0x10C2, 0x10C2, 0x10C2,
  0x10C2, 0x10C2, 0x10C2, 0x10C2, 0x10A2, 0x10C2, 0x10A2, 0x10C2, 0x10C2, 0x10C2, 0x10A2, 0x10A2,
  0x10A2, 0x10C2, 0x10C2, 0x10C2, 0x1082, 0x0861, 0x0841, 0x0000, 0x0000, 0x0000, 0x0000, 0x0020,
  0x0861, 0x0861, 0x0861, 0x0861, 0x0841, 0x0000, 0x0000, 0x0000, 0x0000, 0x0020, 0x0861, 0x0861,
  0x0861, 0x0861, 0x0020, 0x0000, 0x0000, 0x0000, 0x0000, 0x0000, 0x0000, 0x0000, 0x0000, 0x0000,
  0x0000, 0x0000, 0x0000, 0x0000, 0x0000, 0x0000, 0x0000, 0x0000, 0x0000, 0x0020, 0x0861, 0x0861,
  0x0861, 0x0861, 0x0020, 0x0000, 0x0000, 0x0000, 0x0000, 0x0841, 0x1082, 0x0861, 0x0861, 0x0861,
  0x0000, 0x0000, 0x0000, 0x0000, 0x0000, 0x0861, 0x1082, 0x10A2, 0x10A2, 0x10A2, 0x10A2, 0x10A2,
  0x10A2, 0x10A2, 0x10A2, 0x10A2, 0x10A2, 0x10A2, 0x10A2, 0x10A2, 0x10A2, 0x10A2, 0x10A2, 0x10A2,
  0x10C2, 0x10C2, 0x0861, 0xB5B6, 0xFFFF, 0x632C, 0x0020, 0x18C2, 0x10A2, 0x10A2, 0x10A2, 0x10A2,
  0x10C2, 0x10C2, 0x10A2, 0x10A2, 0x10A2, 0x18C2, 0x18C2, 0x18C2, 0x10A2, 0x10A2, 0x10C2, 0x10C2,
  0x10A2, 0x10C2, 0x10C2, 0x10C2, 0x10C2, 0x10C2, 0x10A2, 0x10C2, 0x10C2, 0x10C2, 0x10C2, 0x10C2,
  0x10C2, 0x10A2, 0x10C2, 0x10C2, 0x10C2, 0x10A2, 0x10C2, 0x10C2, 0x10C2, 0x10C2, 0x10C2, 0x18C2,
  0x10C2, 0x10C2, 0x10A2, 0x10A2, 0x10C2, 0x10A2, 0x10A2, 0x10C2, 0x10A2, 0x10A2, 0x10C2, 0x10C2,
  0x10C2, 0x10C2, 0x10A2, 0x10A2, 0x10A2, 0x10C2, 0x10C2, 0x10C2, 0x10C2, 0x10C2, 0x10C2, 0x10A2,
  0x10A2, 0x10C2, 0x10C2, 0x10C2, 0x10C2, 0x10C2, 0x10A2, 0x10A2, 0x10A2, 0x10A2, 0x10A2, 0x10A2,
  0x10C2, 0x10C2, 0x10C2, 0x10C2, 0x10C2, 0x10C2, 0x10C2, 0x10C2, 0x10C2, 0x10C2, 0x10C2, 0x10C2,
  0x10C2, 0x10C2, 0x10C2, 0x10C2, 0x10C2, 0x10C2, 0x10C2, 0x10C2, 0x10C2, 0x10C2, 0x10C2, 0x10C2,
  0x10C2, 0x10A2, 0x10A2, 0x10A2, 0x10A2, 0x10C2, 0x10C2, 0x10C2, 0x10C2, 0x10C2, 0x10C2, 0x10C2,
  0x10C2, 0x10C2, 0x10C2, 0x10C2, 0x18C2, 0x18C2, 0x10C2, 0x10C2, 0x10C2, 0x10C2, 0x10C2, 0x10A2,
  0x18C2, 0x0861, 0x39C6, 0xFFFF, 0x8C50, 0x0020, 0x18C2, 0x10C2, 0x10A2, 0x10A2, 0x10A2, 0x10C2,
  0x10C2, 0x10A2, 0x10A2, 0x10A2, 0x10A2, 0x10A2, 0x10A2, 0x10A2, 0x10A2, 0x10A2, 0x10A2, 0x10A2,
  0x10C2, 0x10A2, 0x10A2, 0x10A2, 0x10A2, 0x10A2, 0x0861, 0x0000, 0x0000, 0x0000, 0x0000, 0x0020,
  0x0861, 0x0861, 0x0861, 0x0861, 0x0841, 0x0000, 0x0000, 0x0000, 0x0000, 0x0020, 0x1082, 0x0861,
  0x0861, 0x0861, 0x0020, 0x0000, 0x0000, 0x0000, 0x0000, 0x0000, 0x0000, 0x0000, 0x0000, 0x0000,
  0x0000, 0x0000, 0x0000, 0x0000, 0x0000, 0x0000, 0x0000, 0x0000, 0x0000, 0x0020, 0x0861, 0x0861,
  0x0861, 0x0861, 0x0020, 0x0000, 0x0000, 0x0000, 0x0000, 0x0841, 0x0861, 0x0861, 0x0861, 0x0861,
  0x0000, 0x0000, 0x0000, 0x0000, 0x0000, 0x1081, 0x10A2, 0x10A2, 0x10A2, 0x10A2, 0x10A2, 0x10A2,
  0x10A2, 0x10A2, 0x10A2, 0x10A2, 0x10A2, 0x10A2, 0x10A2, 0x10A2, 0x10C2, 0x10C2, 0x10A2, 0x10A2,
  0x10A2, 0x18C2, 0x1081, 0x18E3, 0xDEDA, 0xFFDF, 0x4208, 0x0840, 0x18E2, 0x10A2, 0x10A2, 0x10A2,
  0x10A2, 0x10A2, 0x10A2, 0x10A2, 0x10A2, 0x10A2, 0x10A2, 0x10C2, 0x10A2, 0x10A2, 0x10C2, 0x10A2,
  0x10A2, 0x10C2, 0x10A2, 0x10A2, 0x10C2, 0x10C2, 0x10A2, 0x10A2, 0x10C2, 0x10C2, 0x10C2, 0x10A2,
  0x10C2, 0x10C2, 0x10C2, 0x10C2, 0x10C2, 0x10C2, 0x10C2, 0x10C2, 0x10C2, 0x10C2, 0x10C2, 0x10C2,
  0x10C2, 0x10C2, 0x10C2, 0x10C2, 0x10C2, 0x10C2, 0x10C2, 0x10C2, 0x10C2, 0x10C2, 0x10A2, 0x10A2,
  0x10C2, 0x10C2, 0x10C2, 0x10C2, 0x10C2, 0x10C2, 0x10C2, 0x10C2, 0x10C2, 0x10C2, 0x10C2, 0x10A2,
  0x10A2, 0x10A2, 0x10C2, 0x10C2, 0x10C2, 0x10C2, 0x10A2, 0x10A2, 0x10A2, 0x10C2, 0x10C2, 0x10C2,
  0x10C2, 0x10C2, 0x10A2, 0x10A2, 0x10C2, 0x10C2, 0x10C2, 0x10C2, 0x10C2, 0x10C2, 0x10C2, 0x10C2,
  0x10C2, 0x10C2, 0x10C2, 0x10C2, 0x10C2, 0x10C2, 0x10C2, 0x10C2, 0x10C2, 0x10C2, 0x10C2, 0x10C2,
  0x10C2, 0x10C2, 0x10C2, 0x10C2, 0x10C2, 0x10C2, 0x10C2, 0x10C2, 0x10C2, 0x10C2, 0x10C2, 0x10C2,
  0x10C2, 0x10C2, 0x10A2, 0x10A2, 0x10C2, 0x10C2, 0x10C2, 0x10A2, 0x10A2, 0x10A2, 0x10A2, 0x10C2,
  0x18C2, 0x0840, 0x5289, 0xFFFF, 0x6B4C, 0x0040, 0x18C2, 0x10C2, 0x10C2, 0x10C2, 0x10C2, 0x10C2,
  0x10C2, 0x10C2, 0x10C2, 0x10C2, 0x10C2, 0x10A2, 0x10A2, 0x10C2, 0x10A2, 0x10A2, 0x10A2, 0x10C2,
  0x10C2, 0x10C2, 0x10A2, 0x10A2, 0x10A2, 0x10A2, 0x0861, 0x0000, 0x0000, 0x0000, 0x0000, 0x0020,
  0x0861, 0x0861, 0x0861, 0x0861, 0x0841, 0x0000, 0x0000, 0x0000, 0x0000, 0x0841, 0x0861, 0x0861,
  0x0861, 0x0861, 0x0020, 0x0000, 0x0000, 0x0000, 0x0000, 0x0000, 0x0000, 0x0000, 0x0000, 0x0000,
  0x0000, 0x0000, 0x0000, 0x0000, 0x0000, 0x0000, 0x0000, 0x0000, 0x0000, 0x0020, 0x0861, 0x0861,
  0x0861, 0x0861, 0x0020, 0x0000, 0x0000, 0x0000, 0x0000, 0x0841, 0x0861, 0x0861, 0x0861, 0x0861,
  0x0000, 0x0000, 0x0000, 0x0000, 0x0000, 0x1082, 0x10C2, 0x10A2, 0x10A2, 0x10A2, 0x10A2, 0x10A2,
  0x10A2, 0x10A2, 0x10A2, 0x10A2, 0x10A2, 0x10A2, 0x10A2, 0x10A2, 0x10C2, 0x10C2, 0x10A2, 0x10A2,
  0x10A2, 0x10A2, 0x18C2, 0x0861, 0x3185, 0xEF7D, 0xE73C, 0x2944, 0x1081, 0x18C2, 0x10A2, 0x10A2,
  0x10A2, 0x10A2, 0x10A2, 0x10A2, 0x10C2, 0x10A2, 0x10A2, 0x10C2, 0x10A2, 0x10A2, 0x10C2, 0x10A2,
  0x10A2, 0x10C2, 0x10A2, 0x10A2, 0x10C2, 0x10C2, 0x10A2, 0x10A2, 0x10C2, 0x10C2, 0x10C2, 0x10A2,
  0x10C2, 0x10C2, 0x10C2, 0x10C2, 0x10C2, 0x10C2, 0x10C2, 0x10C2, 0x10C2, 0x10C2, 0x10C2, 0x10C2,
  0x10C2, 0x10C2, 0x10C2, 0x10C2, 0x10C2, 0x10C2, 0x10C2, 0x10C2, 0x10C2, 0x10C2, 0x10C2, 0x10A2,
  0x10C2, 0x10C2, 0x10C2, 0x10C2, 0x10C2, 0x10C2, 0x10C2, 0x10C2, 0x10C2, 0x10C2, 0x10C2, 0x10C2,
  0x10A2, 0x10A2, 0x10C2, 0x10C2, 0x10C2, 0x10C2, 0x10A2, 0x10A2, 0x10A2, 0x10C2, 0x10C2, 0x10C2,
  0x10C2, 0x10C2, 0x10A2, 0x10A2, 0x10C2, 0x10C2, 0x10C2, 0x10C2, 0x10C2, 0x10C2, 0x10C2, 0x10C2,
  0x10C2, 0x10C2, 0x10C2, 0x10C2, 0x10C2, 0x10C2, 0x10C2, 0x10C2, 0x10C2, 0x10C2, 0x10C2, 0x10C2,
  0x10C2, 0x10C2, 0x10C2, 0x10C2, 0x10C2, 0x10C2, 0x10C2, 0x10C2, 0x10C2, 0x10C2, 0x10C2, 0x10C2,
  0x10C2, 0x10C2, 0x10A2, 0x10A2, 0x10C2, 0x10C2, 0x10C2, 0x10A2, 0x10A2, 0x10A2, 0x10A2, 0x10C2,
  0x18C2, 0x0040, 0x6B6D, 0xFFFF, 0x4A69, 0x0840, 0x18C2, 0x10C2, 0x10C2, 0x10C2, 0x10C2, 0x10C2,
  0x10C2, 0x10C2, 0x10C2, 0x10C2, 0x10C2, 0x10A2, 0x10A2, 0x10C2, 0x10A2, 0x10A2, 0x10A2, 0x10C2,
  0x10C2, 0x10C2, 0x10A2, 0x10A2, 0x10A2, 0x10C2, 0x10A2, 0x0000, 0x0000, 0x0000, 0x0000, 0x0020,
  0x0861, 0x0861, 0x0861, 0x0861, 0x0841, 0x0000, 0x0000, 0x0000, 0x0000, 0x0841, 0x0861, 0x0861,
  0x0861, 0x0861, 0x0020, 0x0000, 0x0000, 0x0000, 0x0000, 0x0000, 0x0000, 0x0000, 0x0000, 0x0000,
  0x0000, 0x0000, 0x0000, 0x0000, 0x0000, 0x0000, 0x0000, 0x0000, 0x0000, 0x0020, 0x0861, 0x0861,
  0x0861, 0x0861, 0x0020, 0x0000, 0x0000, 0x0000, 0x0000, 0x0841, 0x0861, 0x0861, 0x0861, 0x0861,
  0x0000, 0x0000, 0x0000, 0x0000, 0x0841, 0x10C2, 0x10A2, 0x10A2, 0x10C2, 0x10C2, 0x10A2, 0x10A2,
  0x10A2, 0x10A2, 0x10A2, 0x10A2, 0x10A2, 0x10A2, 0x10A2, 0x10A2, 0x10A2, 0x10A2, 0x10A2, 0x10A2,
  0x10A2, 0x10A2, 0x10A2, 0x18C2, 0x0840, 0x5289, 0xFFFF, 0xCE59, 0x10A2, 0x10A2, 0x10C2, 0x10A2,
  0x10A2, 0x10A2, 0x10A2, 0x10A2, 0x10A2, 0x10A2, 0x10A2, 0x10A2, 0x10A2, 0x10A2, 0x10A2, 0x10A2,
  0x10C2, 0x10A2, 0x10A2, 0x10A2, 0x10A2, 0x10A2, 0x10A2, 0x10A2, 0x10A2, 0x10A2, 0x10A2, 0x10A2,
  0x10A2, 0x10C2, 0x10C2, 0x10C2, 0x10C2, 0x10C2, 0x10C2, 0x10C2, 0x10C2, 0x10C2, 0x10C2, 0x10C2,
  0x10C2, 0x10C2, 0x10C2, 0x10C2, 0x10C2, 0x10C2, 0x10A2, 0x10C2, 0x10A2, 0x10A2, 0x10C2, 0x10A2,
  0x10C2, 0x10C2, 0x10C2, 0x10C2, 0x10C2, 0x10C2, 0x10A2, 0x10C2, 0x10A2, 0x10A2, 0x10C2, 0x10C2,
  0x10C2, 0x10C2, 0x10C2, 0x10C2, 0x10C2, 0x10C2, 0x10A2, 0x10A2, 0x10A2, 0x10C2, 0x10C2, 0x10A2,
  0x10C2, 0x10C2, 0x10A2, 0x10A2, 0x10C2, 0x10C2, 0x10C2, 0x10C2, 0x10C2, 0x10C2, 0x10C2, 0x18C2,
  0x18C2, 0x10C2, 0x10C2, 0x10C2, 0x10C2, 0x10C2, 0x10C2, 0x10C2, 0x10C2, 0x10C2, 0x10C2, 0x10C2,
  0x10C2, 0x10C2, 0x10C2, 0x10C2, 0x10A2, 0x10C2, 0x10C2, 0x10C2, 0x10C2, 0x10C2, 0x10C2, 0x10C2,
  0x10C2, 0x10C2, 0x10C2, 0x10C2, 0x10A2, 0x10C2, 0x10A2, 0x10C2, 0x10C2, 0x10C2, 0x10C2, 0x10C2,
  0x18C2, 0x0020, 0x8C51, 0xFFFF, 0x31C6, 0x0881, 0x18C2, 0x10A2, 0x10A2, 0x10A2, 0x10A2, 0x10A2,
  0x10A2, 0x10C2, 0x10C2, 0x10A2, 0x10A2, 0x10A2, 0x10A2, 0x10A2, 0x10A2, 0x10A2, 0x10A2, 0x10A2,
  0x10C2, 0x10C2, 0x10A2, 0x10A2, 0x10A2, 0x10A2, 0x10C2, 0x0861, 0x0000, 0x0000, 0x0000, 0x0020,
  0x0861, 0x0861, 0x0861, 0x0861, 0x0841, 0x0000, 0x0000, 0x0000, 0x0000, 0x0841, 0x0861, 0x0861,
  0x0861, 0x0861, 0x0020, 0x0000, 0x0000, 0x0000, 0x0000, 0x0000, 0x0000, 0x0000, 0x0000, 0x0000,
  0x0000, 0x0000, 0x0000, 0x0000, 0x0000, 0x0000, 0x0000, 0x0000, 0x0000, 0x0000, 0x0000, 0x0000,
  0x0000, 0x0000, 0x0841, 0x0861, 0x0861, 0x0861, 0x0861, 0x0020, 0x0000, 0x0000, 0x0000, 0x0000,
  0x0861, 0x0861, 0x0861, 0x0861, 0x10A2, 0x10C2, 0x10A2, 0x10C2, 0x10A2, 0x10A2, 0x10A2, 0x10A2,
  0x10A2, 0x10A2, 0x10A2, 0x10A2, 0x10A2, 0x10A2, 0x10A2, 0x10A2, 0x10A2, 0x10A2, 0x10A2, 0x10A2,
  0x10A2, 0x10A2, 0x10A2, 0x10A2, 0x18C2, 0x0020, 0x738E, 0xFFFF, 0xA534, 0x0840, 0x10C2, 0x10A2,
  0x10A2, 0x10C2, 0x10A2, 0x10A2, 0x10A2, 0x10A2, 0x10A2, 0x10A2, 0x10A2, 0x10A2, 0x10A2, 0x10A2,
  0x10A2, 0x10A2, 0x10A2, 0x10A2, 0x10A2, 0x10A2, 0x10A2, 0x10A2, 0x10A2, 0x10A2, 0x10A2, 0x10A2,
  0x10C2, 0x10C2, 0x10C2, 0x10C2, 0x10C2, 0x10C2, 0x18C2, 0x10C2, 0x10A2, 0x10A2, 0x10A2, 0x10C2,
  0x10C2, 0x18C2, 0x10C2, 0x10C2, 0x10C2, 0x10C2, 0x10A2, 0x10C2, 0x10C2, 0x10C2, 0x10C2, 0x10A2,
  0x10A2, 0x10C2, 0x10C2, 0x10C2, 0x10A2, 0x10A2, 0x10A2, 0x10C2, 0x10C2, 0x10C2, 0x10C2, 0x10C2,
  0x10A2, 0x10C2, 0x10C2, 0x10C2, 0x10C2, 0x10C2, 0x10A2, 0x10C2, 0x10A2, 0x10A2, 0x10A2, 0x10C2,
  0x10C2, 0x10C2, 0x10C2, 0x10C2, 0x10C2, 0x10C2, 0x10C2, 0x10A2, 0x10A2, 0x10A2, 0x10C2, 0x10C2,
  0x10C2, 0x10C2, 0x10C2, 0x10C2, 0x10C2, 0x10C2, 0x10C2, 0x10C2, 0x10A2, 0x10A2, 0x10A2, 0x10A2,
  0x10C2, 0x10A2, 0x10C2, 0x10C2, 0x10A2, 0x10C2, 0x10C2, 0x10C2, 0x10C2, 0x10C2, 0x10C2, 0x10A2,
  0x10A2, 0x10A2, 0x10C2, 0x10C2, 0x10A2, 0x10C2, 0x10C2, 0x10C2, 0x10A2, 0x10A2, 0x10C2, 0x10A2,
  0x18C2, 0x0040, 0xAD55, 0xFFDF, 0x2124, 0x10A1, 0x18C2, 0x10C2, 0x10A2, 0x10A2, 0x10A2, 0x10C2,
  0x10C2, 0x10C2, 0x10C2, 0x10A2, 0x10A2, 0x10A2, 0x10A2, 0x10A2, 0x10A2, 0x10A2, 0x10A2, 0x10C2,
  0x10A2, 0x10C2, 0x10C2, 0x10C2, 0x10A2, 0x10A2, 0x10A2, 0x10A2, 0x1082, 0x0861, 0x0861, 0x0841,
  0x0000, 0x0000, 0x0000, 0x0000, 0x0020, 0x0861, 0x0861, 0x0861, 0x0861, 0x0841, 0x0000, 0x0000,
  0x0000, 0x0000, 0x0000, 0x0000, 0x0000, 0x0000, 0x0000, 0x0000, 0x0000, 0x0000, 0x0000, 0x0000,
  0x0000, 0x0000, 0x0000, 0x0000, 0x0000, 0x0000, 0x0000, 0x0000, 0x0000, 0x0000, 0x0000, 0x0000,
  0x0000, 0x0000, 0x0841, 0x1082, 0x0861, 0x0861, 0x0861, 0x0020, 0x0000, 0x0000, 0x0000, 0x0000,
  0x0861, 0x1082, 0x0861, 0x10A2, 0x10C2, 0x10A2, 0x10C2, 0x10C2, 0x10C2, 0x10C2, 0x10A2, 0x10A2,
  0x10A2, 0x10A2, 0x10A2, 0x10A2, 0x10A2, 0x10A2, 0x10A2, 0x10A2, 0x10A2, 0x10A2, 0x10A2, 0x10A2,
  0x10A2, 0x10C2, 0x10A2, 0x10A2, 0x10A2, 0x18C2, 0x0040, 0x94B2, 0xFFFF, 0x8C51, 0x0840, 0x18C2,
  0x10A2, 0x10A2, 0x10A2, 0x10A2, 0x10A2, 0x10A2, 0x10A2, 0x10A2, 0x10A2, 0x10A2, 0x10A2, 0x10A2,
  0x10C2, 0x10A2, 0x10A2, 0x10A2, 0x10A2, 0x10A2, 0x10A2, 0x10A2, 0x10A2, 0x10A2, 0x10A2, 0x10A2,
  0x10A2, 0x10A2, 0x10A2, 0x10A2, 0x10C2, 0x10C2, 0x10C2, 0x10C2, 0x10A2, 0x10A2, 0x10A2, 0x10C2,
  0x10C2, 0x10C2, 0x10C2, 0x10C2, 0x10C2, 0x10C2, 0x10C2, 0x10C2, 0x10C2, 0x10C2, 0x10C2, 0x10C2,
  0x10A2, 0x10C2, 0x10C2, 0x10C2, 0x10A2, 0x10A2, 0x10A2, 0x10A2, 0x10A2, 0x10A2, 0x10C2, 0x10C2,
  0x10A2, 0x10C2, 0x10C2, 0x10C2, 0x10C2, 0x10A2, 0x10C2, 0x10C2, 0x10A2, 0x10A2, 0x10C2, 0x10C2,
  0x10C2, 0x10C2, 0x10C2, 0x10C2, 0x10C2, 0x10C2, 0x10C2, 0x10A2, 0x10C2, 0x10C2, 0x10C2, 0x10C2,
  0x10C2, 0x10C2, 0x10A2, 0x10A2, 0x10C2, 0x10C2, 0x10C2, 0x10A2, 0x10A2, 0x10A2, 0x10A2, 0x10C2,
  0x10A2, 0x10A2, 0x10A2, 0x10A2, 0x10A2, 0x10C2, 0x10C2, 0x10C2, 0x10C2, 0x10C2, 0x10A2, 0x10A2,
  0x10A2, 0x10A2, 0x10A2, 0x10C2, 0x10C2, 0x10C2, 0x10C2, 0x10C2, 0x10C2, 0x10C2, 0x10C2, 0x10A2,
  0x18C2, 0x0860, 0xD699, 0xF79D, 0x10A2, 0x10A2, 0x18C2, 0x10A2, 0x10A2, 0x10A2, 0x10A2, 0x10C2,
  0x10A2, 0x10A2, 0x10A2, 0x10A2, 0x10A2, 0x10A2, 0x10A2, 0x10A2, 0x10A2, 0x10A2, 0x10A2, 0x10A2,
  0x10A2, 0x10C2, 0x10C2, 0x10C2, 0x10A2, 0x10C2, 0x10A2, 0x10A2, 0x10A2, 0x1081, 0x1082, 0x0861,
  0x0000, 0x0000, 0x0000, 0x0000, 0x0020, 0x0861, 0x0861, 0x0861, 0x0861, 0x0020, 0x0000, 0x0000,
  0x0000, 0x0000, 0x0000, 0x0000, 0x0000, 0x0000, 0x0000, 0x0000, 0x0000, 0x0000, 0x0000, 0x0000,
  0x0000, 0x0000, 0x0000, 0x0000, 0x0000, 0x0000, 0x0000, 0x0000, 0x0000, 0x0000, 0x0000, 0x0000,
  0x0000, 0x0000, 0x0841, 0x0861, 0x0861, 0x0861, 0x0861, 0x0020, 0x0000, 0x0000, 0x0000, 0x0000,
  0x0861, 0x1082, 0x1082, 0x10A2, 0x10A2, 0x10C2, 0x10C2, 0x10C2, 0x10C2, 0x10C2, 0x10A2, 0x10A2,
  0x10A2, 0x10A2, 0x10A2, 0x10A2, 0x10A2, 0x10A2, 0x10A2, 0x10A2, 0x10A2, 0x10A2, 0x10A2, 0x10A2,
  0x10A2, 0x10A2, 0x10A2, 0x10A2, 0x10A2, 0x10C2, 0x10A2, 0x1081, 0xAD75, 0x6B6D, 0x0861, 0x18C2,
  0x10A2, 0x10A2, 0x10A2, 0x10A2, 0x10A2, 0x10A2, 0x10A2, 0x10A2, 0x10A2, 0x10A2, 0x10A2, 0x10A2,
  0x10A2, 0x10A2, 0x10A2, 0x10A2, 0x10A2, 0x10A2, 0x10A2, 0x10A2, 0x10A2, 0x10A2, 0x10A2, 0x10A2,
  0x10A2, 0x10A2, 0x10A2, 0x10A2, 0x10C2, 0x10A2, 0x10A2, 0x10A2, 0x10C2, 0x10C2, 0x10C2, 0x10C2,
  0x10C2, 0x10C2, 0x10C2, 0x10C2, 0x10C2, 0x10A2, 0x10C2, 0x10C2, 0x10C2, 0x10C2, 0x10C2, 0x10A2,
  0x10C2, 0x10A2, 0x10C2, 0x10C2, 0x10A2, 0x10A2, 0x10A2, 0x10A2, 0x10C2, 0x10C2, 0x10C2, 0x10A2,
  0x10A2, 0x10C2, 0x10A2, 0x10A2, 0x10A2, 0x10C2, 0x10C2, 0x10C2, 0x10C2, 0x10C2, 0x10C2, 0x10C2,
  0x10C2, 0x10C2, 0x10C2, 0x10C2, 0x10C2, 0x10C2, 0x10C2, 0x10C2, 0x10C2, 0x10C2, 0x10A2, 0x10C2,
  0x10C2, 0x10C2, 0x10A2, 0x10A2, 0x10A2, 0x10C2, 0x10C2, 0x10C2, 0x10A2, 0x10A2, 0x10A2, 0x10A2,
  0x10A2, 0x10A2, 0x10A2, 0x10A2, 0x10C2, 0x10A2, 0x10C2, 0x10C2, 0x10C2, 0x10C2, 0x10A2, 0x10C2,
  0x10A2, 0x10C2, 0x10C2, 0x10C2, 0x10C2, 0x10A2, 0x10A2, 0x10C2, 0x10C2, 0x10C2, 0x10A2, 0x10C2,
  0x18C2, 0x0861, 0x5ACB, 0x8C50, 0x0861, 0x18C2, 0x18C2, 0x18C2, 0x10A2, 0x10A2, 0x10A2, 0x10A2,
  0x10A2, 0x10A2, 0x10A2, 0x10A2, 0x10A2, 0x10A2, 0x10A2, 0x10A2, 0x10A2, 0x10A2, 0x10A2, 0x10A2,
  0x10C2, 0x10A2, 0x10A2, 0x10A2, 0x10A2, 0x10C2, 0x10A2, 0x10A2, 0x10A2, 0x1082, 0x0861, 0x0841,
  0x0000, 0x0000, 0x0000, 0x0000, 0x0020, 0x0861, 0x0861, 0x0861, 0x0861, 0x0020, 0x0000, 0x0000,
  0x0000, 0x0000, 0x0000, 0x0000, 0x0000, 0x0000, 0x0000, 0x0000, 0x0000, 0x0000, 0x0000, 0x0000,
  0x0000, 0x0000, 0x0000, 0x0000, 0x0000, 0x0000, 0x0000, 0x0000, 0x0000, 0x0000, 0x0000, 0x0000,
  0x0000, 0x0000, 0x0841, 0x0861, 0x0861, 0x0861, 0x0861, 0x0020, 0x0000, 0x0000, 0x0000, 0x0000,
  0x0861, 0x1081, 0x10A2, 0x10A2, 0x10A2, 0x10A2, 0x10A2, 0x10C2, 0x10A2, 0x10A2, 0x10C2, 0x10A2,
  0x10A2, 0x10A2, 0x10A2, 0x10A2, 0x10A2, 0x10A2, 0x10C2, 0x10A2, 0x10A2, 0x10A2, 0x10A2, 0x10A2,
  0x10A2, 0x10A2, 0x10A2, 0x18C2, 0x10C2, 0x10A2, 0x10C2, 0x10A2, 0x0881, 0x0861, 0x10A2, 0x10A2,
  0x10A2, 0x10A2, 0x10A2, 0x10A2, 0x10A2, 0x10A2, 0x10A2, 0x10A2, 0x10A2, 0x10A2, 0x10A2, 0x10A2,
  0x10A2, 0x10A2, 0x10A2, 0x10A2, 0x10A2, 0x10A2, 0x10A2, 0x10A2, 0x10A2, 0x10A2, 0x10A2, 0x10A2,
  0x10A2, 0x10A2, 0x10C2, 0x10C2, 0x10A2, 0x10C2, 0x10A2, 0x10A2, 0x10A2, 0x10A2, 0x10C2, 0x10C2,
  0x10A2, 0x10C2, 0x10C2, 0x10C2, 0x10A2, 0x10C2, 0x10C2, 0x10C2, 0x10C2, 0x10C2, 0x10C2, 0x10C2,
  0x10C2, 0x10C2, 0x10A2, 0x10A2, 0x10A2, 0x10A2, 0x10A2, 0x10C2, 0x10C2, 0x10C2, 0x10A2, 0x10A2,
  0x10C2, 0x10C2, 0x10A2, 0x10A2, 0x10C2, 0x10A2, 0x10A2, 0x10C2, 0x10C2, 0x10C2, 0x10C2, 0x10C2,
  0x10C2, 0x10C2, 0x10A2, 0x10A2, 0x10C2, 0x10C2, 0x10C2, 0x10C2, 0x10C2, 0x10C2, 0x10A2, 0x10C2,
  0x10C2, 0x10C2, 0x10C2, 0x10C2, 0x10A2, 0x10C2, 0x10C2, 0x10C2, 0x10C2, 0x10C2, 0x10A2, 0x10A2,
  0x10A2, 0x10A2, 0x10A2, 0x10A2, 0x10C2, 0x10A2, 0x10C2, 0x10A2, 0x10C2, 0x10C2, 0x10A2, 0x10A2,
  0x10A2, 0x10C2, 0x10A2, 0x10A2, 0x10C2, 0x10C2, 0x10C2, 0x10C2, 0x10C2, 0x10C2, 0x10C2, 0x10A2,
  0x10A2, 0x10C2, 0x0861, 0x0861, 0x10A2, 0x10C2, 0x10A2, 0x0861, 0x10A2, 0x10A2, 0x10A2, 0x10A2,
  0x10A2, 0x10A2, 0x10A2, 0x10A2, 0x10A2, 0x10A2, 0x10A2, 0x10A2, 0x10A2, 0x10A2, 0x10A2, 0x10A2,
  0x10A2, 0x10C2, 0x10A2, 0x10A2, 0x10A2, 0x10C2, 0x10A2, 0x10A2, 0x10A2, 0x10A2, 0x1082, 0x0841,
  0x0000, 0x0000, 0x0000, 0x0000, 0x0020, 0x0861, 0x0861, 0x0861, 0x0861, 0x0020, 0x0000, 0x0000,
  0x0000, 0x0000, 0x0000, 0x0000, 0x0000, 0x0000, 0x0000, 0x0000, 0x0000, 0x0000, 0x0000, 0x0000,
  0x0000, 0x0000, 0x0000, 0x0000, 0x0000, 0x0000, 0x0000, 0x0000, 0x0000, 0x0000, 0x0000, 0x0000,
  0x0000, 0x0000, 0x0841, 0x0861, 0x0861, 0x0861, 0x0861, 0x0020, 0x0000, 0x0000, 0x0000, 0x0000,
  0x0861, 0x1082, 0x10A2, 0x10A2, 0x10A2, 0x10A2, 0x10A2, 0x10C2, 0x10A2, 0x10A2, 0x10C2, 0x10A2,
  0x10A2, 0x10A2, 0x10A2, 0x10A2, 0x10A2, 0x10A2, 0x10C2, 0x10A2, 0x10A2, 0x10A2, 0x10A2, 0x10A2,
  0x10A2, 0x10A2, 0x10A2, 0x0861, 0x10A1, 0x10C2, 0x10A2, 0x10C2, 0x10C2, 0x18C2, 0x10A2, 0x10A2,
  0x10A2, 0x10A2, 0x10A2, 0x10A2, 0x10A2, 0x10A2, 0x10A2, 0x10A2, 0x10A2, 0x10A2, 0x10A2, 0x10A2,
  0x10A2, 0x10A2, 0x10A2, 0x10A2, 0x10A2, 0x10A2, 0x10A2, 0x10A2, 0x10A2, 0x10A2, 0x10A2, 0x10A2,
  0x10A2, 0x10A2, 0x10C2, 0x10C2, 0x10A2, 0x10C2, 0x10A2, 0x10A2, 0x10A2, 0x10A2, 0x10C2, 0x10C2,
  0x10C2, 0x10C2, 0x10C2, 0x10C2, 0x10A2, 0x10C2, 0x10C2, 0x10C2, 0x10C2, 0x10C2, 0x10C2, 0x10C2,
  0x10C2, 0x10C2, 0x10A2, 0x10A2, 0x10A2, 0x10A2, 0x10A2, 0x10A2, 0x10C2, 0x10C2, 0x10C2, 0x10A2,
  0x10C2, 0x10C2, 0x10A2, 0x10A2, 0x10C2, 0x10A2, 0x10A2, 0x10C2, 0x10C2, 0x10C2, 0x10C2, 0x10C2,
  0x10C2, 0x10C2, 0x10A2, 0x10A2, 0x10C2, 0x10C2, 0x10C2, 0x10C2, 0x10C2, 0x10C2, 0x10A2, 0x10C2,
  0x10C2, 0x10C2, 0x10A2, 0x10A2, 0x10A2, 0x10C2, 0x10C2, 0x10C2, 0x10C2, 0x10C2, 0x10A2, 0x10A2,
  0x10A2, 0x10A2, 0x10A2, 0x10A2, 0x10A2, 0x10A2, 0x10C2, 0x10A2, 0x10C2, 0x10C2, 0x10A2, 0x10A2,
  0x10A2, 0x10C2, 0x10A2, 0x10A2, 0x10C2, 0x10C2, 0x10C2, 0x10C2, 0x10C2, 0x10C2, 0x10C2, 0x10A2,
  0x10C2, 0x10A2, 0x18C2, 0x18C2, 0x10C2, 0x10A1, 0x18E3, 0x4228, 0x10C2, 0x10A2, 0x10C2, 0x10C2,
  0x10A2, 0x10A2, 0x10A2, 0x10A2, 0x10A2, 0x10A2, 0x10A2, 0x10A2, 0x10A2, 0x10A2, 0x10A2, 0x10A2,
  0x10A2, 0x10C2, 0x10A2, 0x10A2, 0x10A2, 0x10C2, 0x10A2, 0x10A2, 0x10A2, 0x10A2, 0x10A2, 0x0841,
  0x0000, 0x0000, 0x0000, 0x0000, 0x0841, 0x0861, 0x0861, 0x0861, 0x0861, 0x0020, 0x0000, 0x0000,
  0x0000, 0x0000, 0x0000, 0x0000, 0x0000, 0x0000, 0x0000, 0x0000, 0x0000, 0x0000, 0x0000, 0x0000,
  0x0000, 0x0000, 0x0000, 0x0000, 0x0000, 0x0000, 0x0000, 0x0000, 0x0000, 0x0020, 0x0861, 0x0861,
  0x0861, 0x0861, 0x0020, 0x0000, 0x0000, 0x0000, 0x0000, 0x0841, 0x0861, 0x0861, 0x0861, 0x0861,
  0x0841, 0x10A2, 0x10A2, 0x10A2, 0x10A2, 0x10A2, 0x10A2, 0x10A2, 0x10A2, 0x10A2, 0x10A2, 0x10A2,
  0x10A2, 0x10A2, 0x10A2, 0x10A2, 0x10A2, 0x10C2, 0x10A2, 0x10A2, 0x10A2, 0x10A2, 0x10A2, 0x10A2,
  0x10A2, 0x10A2, 0x10A2, 0x4228, 0x2103, 0x1081, 0x10C2, 0x10A2, 0x10A2, 0x10A2, 0x10A2, 0x10A2,
  0x10C2, 0x10A2, 0x10A2, 0x10A2, 0x10A2, 0x10A2, 0x10A2, 0x10A2, 0x10A2, 0x10A2, 0x10A2, 0x10A2,
  0x10A2, 0x10C2, 0x10A2, 0x10A2, 0x10C2, 0x10A2, 0x10A2, 0x10C2, 0x10A2, 0x10A2, 0x10A2, 0x10A2,
  0x10A2, 0x10A2, 0x10A2, 0x10A2, 0x10C2, 0x10A2, 0x10A2, 0x10A2, 0x10A2, 0x10A2, 0x10C2, 0x10C2,
  0x10C2, 0x10C2, 0x10C2, 0x10C2, 0x10A2, 0x10C2, 0x10C2, 0x10C2, 0x10C2, 0x10C2, 0x10C2, 0x10C2,
  0x10A2, 0x10C2, 0x10C2, 0x10A2, 0x10A2, 0x10A2, 0x10A2, 0x10A2, 0x10A2, 0x10A2, 0x10C2, 0x10C2,
  0x10C2, 0x10C2, 0x10A2, 0x10A2, 0x10A2, 0x10A2, 0x10A2, 0x10A2, 0x10C2, 0x10C2, 0x10C2, 0x10C2,
  0x10A2, 0x10A2, 0x10A2, 0x10A2, 0x10A2, 0x10C2, 0x10C2, 0x10C2, 0x10C2, 0x10C2, 0x10C2, 0x10C2,
  0x10C2, 0x10C2, 0x10A2, 0x10A2, 0x10C2, 0x10C2, 0x10C2, 0x10C2, 0x10C2, 0x10C2, 0x10C2, 0x10C2,
  0x10C2, 0x10A2, 0x10A2, 0x10A2, 0x10A2, 0x10A2, 0x10A2, 0x10C2, 0x10A2, 0x10A2, 0x10A2, 0x10A2,
  0x10A2, 0x10A2, 0x10C2, 0x10C2, 0x10C2, 0x10A2, 0x10A2, 0x10A2, 0x10A2, 0x10A2, 0x10A2, 0x10A2,
  0x10C2, 0x10A2, 0x10A2, 0x10A2, 0x18C2, 0x0840, 0x9CF3, 0xFFFF, 0x8430, 0x0840, 0x18C2, 0x10C2,
  0x10A2, 0x10A2, 0x10A2, 0x10A2, 0x10A2, 0x10A2, 0x10A2, 0x10C2, 0x10A2, 0x10A2, 0x10A2, 0x10A2,
  0x10A2, 0x10A2, 0x10A2, 0x10A2, 0x10A2, 0x10C2, 0x10A2, 0x10A2, 0x10A2, 0x10A2, 0x10A2, 0x0881,
  0x0861, 0x0861, 0x0861, 0x0861, 0x0841, 0x0000, 0x0000, 0x0000, 0x0000, 0x0841, 0x0861, 0x0861,
  0x0861, 0x0861, 0x0020, 0x0000, 0x0000, 0x0000, 0x0000, 0x0000, 0x0000, 0x0000, 0x0000, 0x0000,
  0x0000, 0x0000, 0x0000, 0x0000, 0x0000, 0x0000, 0x0000, 0x0000, 0x0000, 0x0020, 0x0861, 0x0861,
  0x0861, 0x0861, 0x0020, 0x0000, 0x0000, 0x0000, 0x0000, 0x0841, 0x1082, 0x0861, 0x0861, 0x0861,
  0x1081, 0x10A2, 0x10A2, 0x10A2, 0x10A2, 0x10A2, 0x10A2, 0x10A2, 0x10A2, 0x10A2, 0x10A2, 0x10A2,
  0x10A2, 0x10A2, 0x10A2, 0x10A2, 0x10A2, 0x10A2, 0x10A2, 0x10A2, 0x10C2, 0x10C2, 0x10A2, 0x10A2,
  0x18C2, 0x0840, 0x6B6D, 0xFFFF, 0xBDD6, 0x0881, 0x18C2, 0x10A2, 0x10A2, 0x10A2, 0x10C2, 0x10A2,
  0x10A2, 0x10A2, 0x10A2, 0x10C2, 0x10C2, 0x10C2, 0x10C2, 0x10A2, 0x10A2, 0x10A2, 0x10A2, 0x10A2,
  0x10C2, 0x10C2, 0x10C2, 0x10C2, 0x10C2, 0x10C2, 0x18C2, 0x10C2, 0x10C2, 0x10C2, 0x10A2, 0x10A2,
  0x10A2, 0x10A2, 0x10C2, 0x10C2, 0x10C2, 0x10C2, 0x10C2, 0x10C2, 0x10C2, 0x10C2, 0x10C2, 0x10C2,
  0x10C2, 0x10C2, 0x10C2, 0x10C2, 0x10C2, 0x10C2, 0x10C2, 0x10C2, 0x10C2, 0x10C2, 0x10C2, 0x10C2,
  0x10A2, 0x10C2, 0x10C2, 0x10C2, 0x10C2, 0x10C2, 0x10C2, 0x10C2, 0x10C2, 0x10C2, 0x10A2, 0x10A2,
  0x10A2, 0x10C2, 0x10A2, 0x10A2, 0x10A2, 0x10A2, 0x10A2, 0x10C2, 0x10C2, 0x10C2, 0x10C2, 0x10C2,
  0x10C2, 0x10C2, 0x10C2, 0x10C2, 0x10A2, 0x10A2, 0x10C2, 0x10C2, 0x10C2, 0x10C2, 0x10C2, 0x10C2,
  0x10C2, 0x10C2, 0x18C2, 0x18C2, 0x10C2, 0x10A2, 0x10C2, 0x10C2, 0x10C2, 0x10C2, 0x10C2, 0x10A2,
  0x10C2, 0x10C2, 0x10A2, 0x10A2, 0x10A2, 0x10A2, 0x10C2, 0x10C2, 0x10C2, 0x10C2, 0x10A2, 0x10A2,
  0x10C2, 0x10A2, 0x10C2, 0x10C2, 0x10C2, 0x10A2, 0x10A2, 0x10A2, 0x10C2, 0x10C2, 0x10A2, 0x10A2,
  0x10C2, 0x10C2, 0x10A2, 0x10A2, 0x18C2, 0x0840, 0x9492, 0xFFDF, 0x7BCE, 0x0840, 0x18C2, 0x10C2,
  0x10C2, 0x10A2, 0x10A2, 0x10A2, 0x10A2, 0x10A2, 0x10A2, 0x10A2, 0x10A2, 0x10A2, 0x10A2, 0x10A2,
  0x10A2, 0x10A2, 0x10A2, 0x10A2, 0x10A2, 0x10C2, 0x10A2, 0x10A2, 0x10A2, 0x10A2, 0x10A2, 0x10A2,
  0x0861, 0x0861, 0x0861, 0x0861, 0x0841, 0x0000, 0x0000, 0x0000, 0x0000, 0x0841, 0x1082, 0x0861,
  0x0861, 0x0861, 0x0020, 0x0000, 0x0000, 0x0000, 0x0000, 0x0000, 0x0000, 0x0000, 0x0000, 0x0000,
  0x0000, 0x0000, 0x0000, 0x0000, 0x0000, 0x0000, 0x0000, 0x0000, 0x0000, 0x0020, 0x1082, 0x0861,
  0x0861, 0x0861, 0x0020, 0x0000, 0x0000, 0x0000, 0x0000, 0x0841, 0x1082, 0x0862, 0x0862, 0x1082,
  0x10A2, 0x10A2, 0x10A2, 0x10A2, 0x10A2, 0x10A2, 0x10A2, 0x10A2, 0x10A2, 0x10A2, 0x10A2, 0x10A2,
  0x10A2, 0x10A2, 0x10C2, 0x10C2, 0x10A2, 0x10A2, 0x10A2, 0x10A2, 0x10C2, 0x10C2, 0x10C2, 0x10A2,
  0x18C2, 0x0840, 0x630B, 0xF7BE, 0xAD54, 0x0861, 0x18C2, 0x10A2, 0x10A2, 0x10A2, 0x10A2, 0x10A2,
  0x10A2, 0x10A2, 0x10C2, 0x10C2, 0x10A2, 0x10A2, 0x10C2, 0x10C2, 0x10A2, 0x10A2, 0x10C2, 0x10C2,
  0x10A2, 0x10A2, 0x10C2, 0x10C2, 0x10C2, 0x10C2, 0x10C2, 0x10C2, 0x10C2, 0x10C2, 0x10C2, 0x10C2,
  0x10A2, 0x10A2, 0x10C2, 0x10C2, 0x10C2, 0x10C2, 0x10C2, 0x10C2, 0x10C2, 0x10C2, 0x10C2, 0x10C2,
  0x10C2, 0x10A2, 0x10C2, 0x10C2, 0x10C2, 0x10A2, 0x10C2, 0x10C2, 0x10C2, 0x10C2, 0x10C2, 0x10C2,
  0x10C2, 0x10C2, 0x10C2, 0x10C2, 0x10C2, 0x10C2, 0x10C2, 0x10C2, 0x10C2, 0x10C2, 0x10A2, 0x10A2,
  0x10C2, 0x10A2, 0x10C2, 0x10C2, 0x10A2, 0x10A2, 0x10C2, 0x10C2, 0x10C2, 0x10C2, 0x10C2, 0x10C2,
  0x10C2, 0x10C2, 0x10C2, 0x10C2, 0x10A2, 0x10A2, 0x10C2, 0x10C2, 0x10A2, 0x10A2, 0x10C2, 0x10C2,
  0x10C2, 0x10C2, 0x10C2, 0x10C2, 0x10C2, 0x18C2, 0x10C2, 0x10C2, 0x10A2, 0x10A2, 0x10C2, 0x10A2,
  0x10C2, 0x10A2, 0x10A2, 0x10A2, 0x10A2, 0x10C2, 0x10C2, 0x10C2, 0x10C2, 0x10C2, 0x10A2, 0x10C2,
  0x10C2, 0x10C2, 0x10C2, 0x10C2, 0x10A2, 0x10A2, 0x10A2, 0x10A2, 0x10A2, 0x10A2, 0x10C2, 0x10A2,
  0x10C2, 0x10C2, 0x10C2, 0x10C2, 0x10A2, 0x10A2, 0x10A2, 0x31A6, 0x10A2, 0x10C2, 0x10C2, 0x18C2,
  0x10C2, 0x10A2, 0x10A2, 0x10A2, 0x10C2, 0x10C2, 0x10C2, 0x10A2, 0x10A2, 0x10A2, 0x10A2, 0x10A2,
  0x10A2, 0x10A2, 0x10A2, 0x10A2, 0x10A2, 0x10A2, 0x10C2, 0x10C2, 0x10A2, 0x10A2, 0x10A2, 0x10A2,
  0x1082, 0x0861, 0x0861, 0x1082, 0x0841, 0x0000, 0x0000, 0x0000, 0x0000, 0x0841, 0x1082, 0x0861,
  0x0861, 0x0861, 0x0020, 0x0000, 0x0000, 0x0000, 0x0000, 0x0000, 0x0000, 0x0000, 0x0000, 0x0000,
  0x0000, 0x0000, 0x0000, 0x0000, 0x0000, 0x0000, 0x0000, 0x0000, 0x0000, 0x0020, 0x1082, 0x0861,
  0x0861, 0x0861, 0x0020, 0x0000, 0x0000, 0x0000, 0x0000, 0x0841, 0x1082, 0x0862, 0x0861, 0x10A2,
  0x10A2, 0x10C2, 0x10A2, 0x10A2, 0x10A2, 0x10A2, 0x10A2, 0x10A2, 0x10A2, 0x10A2, 0x10A2, 0x10A2,
  0x10C2, 0x10C2, 0x10C2, 0x10C2, 0x10C2, 0x10A2, 0x10A2, 0x10A2, 0x10C2, 0x10C2, 0x10C2, 0x10C2,
  0x10C2, 0x18C2, 0x1081, 0x2965, 0x18C2, 0x10A2, 0x10A2, 0x10A2, 0x10A2, 0x10A2, 0x10A2, 0x10C2,
  0x10C2, 0x10C2, 0x10C2, 0x10C2, 0x10C2, 0x10A2, 0x10A2, 0x10C2, 0x10C2, 0x10C2, 0x10A2, 0x10C2,
  0x10C2, 0x10C2, 0x10C2, 0x10C2, 0x10C2, 0x10A2, 0x10A2, 0x10C2, 0x10C2, 0x10C2, 0x10C2, 0x10C2,
  0x10C2, 0x10C2, 0x10A2, 0x10A2, 0x10A2, 0x10C2, 0x10C2, 0x10C2, 0x10C2, 0x10C2, 0x18C2, 0x10C2,
  0x10C2, 0x10C2, 0x10C2, 0x10C2, 0x10C2, 0x10C2, 0x10C2, 0x10C2, 0x10C2, 0x10C2, 0x10C2, 0x10C2,
  0x10C2, 0x10C2, 0x10C2, 0x10C2, 0x10C2, 0x10C2, 0x10C2, 0x10C2, 0x10C2, 0x10C2, 0x10C2, 0x10C2,
  0x10C2, 0x10C2, 0x10C2, 0x10C2, 0x10C2, 0x10A2, 0x10A2, 0x10C2, 0x10C2, 0x10C2, 0x18C2, 0x10C2,
  0x10C2, 0x10C2, 0x10C2, 0x10C2, 0x10C2, 0x10A2, 0x10C2, 0x10C2, 0x10A2, 0x10A2, 0x10C2, 0x10A2,
  0x10C2, 0x10C2, 0x10C2, 0x10C2, 0x10C2, 0x10C2, 0x10C2, 0x10C2, 0x10C2, 0x10C2, 0x10C2, 0x10C2,
  0x10C2, 0x10C2, 0x10A2, 0x10A2, 0x10C2, 0x10A2, 0x10C2, 0x10C2, 0x10C2, 0x10C2, 0x10C2, 0x10C2,
  0x10C2, 0x10C2, 0x10C2, 0x10C2, 0x10C2, 0x10C2, 0x10A2, 0x10C2, 0x10C2, 0x10C2, 0x10A2, 0x10A2,
  0x10C2, 0x18C2, 0x10C2, 0x10C2, 0x10C2, 0x10A2, 0x10C2, 0x1081, 0x10C2, 0x10C2, 0x18C2, 0x10A2,
  0x10A2, 0x10C2, 0x10A2, 0x10A2, 0x10A2, 0x10A2, 0x10C2, 0x10C2, 0x10C2, 0x10A2, 0x10A2, 0x10A2,
  0x10A2, 0x10A2, 0x10A2, 0x10A2, 0x10A2, 0x10A2, 0x10C2, 0x10C2, 0x10C2, 0x10C2, 0x10A2, 0x10A2,
  0x10A2, 0x1081, 0x0861, 0x1082, 0x0841, 0x0000, 0x0000, 0x0000, 0x0000, 0x0841, 0x1082, 0x0861,
  0x0861, 0x0861, 0x0020, 0x0000, 0x0000, 0x0000, 0x0000, 0x0000, 0x0000, 0x0000, 0x0000, 0x0000,
  0x0000, 0x0000, 0x0000, 0x0000, 0x0000, 0x0000, 0x0000, 0x0000, 0x0000, 0x0020, 0x0861, 0x0861,
  0x0861, 0x0861, 0x0020, 0x0000, 0x0000, 0x0000, 0x0000, 0x0841, 0x0861, 0x0861, 0x1081, 0x10A2,
  0x10A2, 0x10A2, 0x10A2, 0x10A2, 0x10A2, 0x10A2, 0x10A2, 0x10A2, 0x10A2, 0x10A2, 0x10A2, 0x10A2,
  0x10C2, 0x10C2, 0x10C2, 0x10C2, 0x10C2, 0x10C2, 0x10A2, 0x10A2, 0x10A2, 0x10C2, 0x18C2, 0x10A2,
  0x18C2, 0x10C2, 0x18C2, 0x1081, 0x10A2, 0x10C2, 0x10C2, 0x10C2, 0x10C2, 0x10C2, 0x10C2, 0x10C2,
  0x10C2, 0x10C2, 0x10A2, 0x10A2, 0x10C2, 0x10C2, 0x10C2, 0x10C2, 0x10C2, 0x10C2, 0x10C2, 0x10C2,
  0x10C2, 0x10C2, 0x10C2, 0x10C2, 0x10C2, 0x10A2, 0x10A2, 0x10C2, 0x10C2, 0x10C2, 0x10C2, 0x10C2,
  0x10C2, 0x10C2, 0x10A2, 0x10A2, 0x10A2, 0x10C2, 0x10C2, 0x10C2, 0x10C2, 0x18C2, 0x10C2, 0x10C2,
  0x10C2, 0x10C2, 0x10C2, 0x10C2, 0x10C2, 0x10C2, 0x10C2, 0x10C2, 0x10C2, 0x10C2, 0x10C2, 0x18C2,
  0x10C2, 0x10C2, 0x10C2, 0x10C2, 0x10C2, 0x10C2, 0x10C2, 0x10C2, 0x10C2, 0x10C2, 0x10A2, 0x10A2,
  0x10A2, 0x10C2, 0x10C2, 0x10C2, 0x10C2, 0x10C2, 0x10C2, 0x10C2, 0x10C2, 0x10C2, 0x10A2, 0x10C2,
  0x10C2, 0x10C2, 0x10C2, 0x10C2, 0x10C2, 0x10C2, 0x10C2, 0x10C2, 0x10C2, 0x10C2, 0x10C2, 0x10C2,
  0x10C2, 0x10C2, 0x10C2, 0x10C2, 0x10C2, 0x10A2, 0x10C2, 0x10C2, 0x10A2, 0x10A2, 0x10C2, 0x10C2,
  0x10C2, 0x10C2, 0x10C2, 0x10C2, 0x10C2, 0x10C2, 0x10C2, 0x10C2, 0x10C2, 0x10C2, 0x10C2, 0x10C2,
  0x10C2, 0x10C2, 0x10C2, 0x10C2, 0x10A2, 0x10A2, 0x10A2, 0x10A2, 0x10C2, 0x10C2, 0x10C2, 0x10C2,
  0x10C2, 0x10C2, 0x10C2, 0x10C2, 0x10C2, 0x10C2, 0x10C2, 0x18C2, 0x10C2, 0x18C2, 0x1081, 0x18C2,
  0x10C2, 0x1081, 0x10C2, 0x10A2, 0x10A2, 0x10C2, 0x10A2, 0x10A2, 0x10C2, 0x10C2, 0x10A2, 0x10A2,
  0x10A2, 0x10A2, 0x10A2, 0x10A2, 0x10A2, 0x10A2, 0x10C2, 0x10C2, 0x10A2, 0x10A2, 0x10A2, 0x10A2,
  0x10A2, 0x10A2, 0x0861, 0x0861, 0x0841, 0x0000, 0x0000, 0x0000, 0x0000, 0x0841, 0x0861, 0x0861,
  0x0861, 0x0861, 0x0020, 0x0000, 0x0000, 0x0000, 0x0000, 0x0000, 0x0000, 0x0000, 0x0000, 0x0000,
  0x0000, 0x0000, 0x0000, 0x0000, 0x0000, 0x0000, 0x0000, 0x0000, 0x0000, 0x0000, 0x0000, 0x0000,
  0x0000, 0x0000, 0x0841, 0x0861, 0x0861, 0x0861, 0x0861, 0x0020, 0x0000, 0x0020, 0x10A2, 0x10C2,
  0x10A2, 0x10A2, 0x10A2, 0x10A2, 0x10A2, 0x10A2, 0x10A2, 0x10A2, 0x10A2, 0x10A2, 0x10A2, 0x10A2,
  0x10C2, 0x10C2, 0x10C2, 0x10C2, 0x10C2, 0x10C2, 0x10A2, 0x10A2, 0x10C2, 0x10A2, 0x1081, 0x10A2,
  0x1081, 0x10C2, 0x10A2, 0x18C2, 0x10C2, 0x10A2, 0x10C2, 0x10C2, 0x10C2, 0x10C2, 0x10C2, 0x10C2,
  0x10C2, 0x10C2, 0x10A2, 0x10A2, 0x10C2, 0x10C2, 0x10C2, 0x10C2, 0x10C2, 0x10C2, 0x10C2, 0x10C2,
  0x18C2, 0x10C2, 0x10C2, 0x10C2, 0x10A2, 0x10A2, 0x10A2, 0x10C2, 0x10C2, 0x10C2, 0x10C2, 0x10C2,
  0x10C2, 0x10C2, 0x10A2, 0x10A2, 0x10A2, 0x10C2, 0x10A2, 0x10C2, 0x10C2, 0x18C2, 0x10C2, 0x10C2,
  0x10C2, 0x10C2, 0x10C2, 0x10C2, 0x10C2, 0x10C2, 0x10C2, 0x10C2, 0x10C2, 0x10C2, 0x10C2, 0x18C2,
  0x10C2, 0x10C2, 0x18C2, 0x10C2, 0x10C2, 0x10C2, 0x18C2, 0x10C2, 0x10C2, 0x10C2, 0x10A2, 0x10A2,
  0x10A2, 0x10C2, 0x10C2, 0x10C2, 0x10C2, 0x10C2, 0x10C2, 0x10C2, 0x10C2, 0x10C2, 0x10A2, 0x10C2,
  0x10C2, 0x10C2, 0x10C2, 0x10C2, 0x10C2, 0x10C2, 0x10C2, 0x10C2, 0x10C2, 0x10C2, 0x10C2, 0x10C2,
  0x10C2, 0x10C2, 0x10C2, 0x10C2, 0x10C2, 0x10A2, 0x10C2, 0x10C2, 0x10A2, 0x10A2, 0x10C2, 0x10C2,
  0x10A2, 0x10A2, 0x10C2, 0x10C2, 0x10C2, 0x10C2, 0x10C2, 0x10C2, 0x10C2, 0x10C2, 0x10C2, 0x10C2,
  0x10C2, 0x10C2, 0x10C2, 0x10C2, 0x10A2, 0x10A2, 0x10A2, 0x10A2, 0x10C2, 0x10C2, 0x10C2, 0x10C2,
  0x10C2, 0x10C2, 0x10C2, 0x10C2, 0x10C2, 0x10C2, 0x10C2, 0x10C2, 0x18C2, 0x1081, 0x2965, 0xD6BA,
  0xC638, 0x2103, 0x10A2, 0x10C2, 0x10A2, 0x10C2, 0x10A2, 0x10A2, 0x10C2, 0x10C2, 0x10A2, 0x10A2,
  0x10A2, 0x10A2, 0x10A2, 0x10A2, 0x10A2, 0x10A2, 0x10C2, 0x10C2, 0x10A2, 0x10A2, 0x10A2, 0x10A2,
  0x10A2, 0x10A2, 0x0020, 0x0000, 0x0841, 0x0861, 0x0861, 0x0861, 0x0861, 0x0020, 0x0000, 0x0000,
  0x0000, 0x0000, 0x0000, 0x0000, 0x0000, 0x0000, 0x0000, 0x0000, 0x0000, 0x0000, 0x0000, 0x0000,
  0x0000, 0x0000, 0x0000, 0x0000, 0x0000, 0x0000, 0x0000, 0x0000, 0x0000, 0x0000, 0x0000, 0x0000,
  0x0000, 0x0000, 0x0841, 0x0861, 0x0861, 0x0861, 0x0861, 0x0020, 0x0000, 0x0861, 0x10C2, 0x10A2,
  0x10A2, 0x10A2, 0x10A2, 0x10A2, 0x10C2, 0x10C2, 0x10C2, 0x10A2, 0x10A2, 0x10A2, 0x10A2, 0x10A2,
  0x10A2, 0x10A2, 0x10A2, 0x10C2, 0x10C2, 0x10C2, 0x10C2, 0x10C2, 0x18C2, 0x1081, 0x9CF3, 0xD69A,
  0x39E7, 0x0861, 0x18C2, 0x10A2, 0x10A2, 0x10A2, 0x10A2, 0x10A2, 0x10A2, 0x18C2, 0x18C2, 0x10C2,
  0x10A2, 0x10C2, 0x10C2, 0x10C2, 0x10C2, 0x10C2, 0x10C2, 0x10C2, 0x10C2, 0x10C2, 0x10C2, 0x10A2,
  0x10C2, 0x10C2, 0x10A2, 0x10A2, 0x10A2, 0x10A2, 0x10A2, 0x10A2, 0x10C2, 0x10C2, 0x10C2, 0x10C2,
  0x10C2, 0x10C2, 0x10A2, 0x10A2, 0x10C2, 0x10C2, 0x10C2, 0x10C2, 0x10C2, 0x10C2, 0x10C2, 0x10C2,
  0x10C2, 0x10C2, 0x10C2, 0x10C2, 0x10C2, 0x10C2, 0x10C2, 0x10C2, 0x10C2, 0x10C2, 0x10C2, 0x10C2,
  0x10C2, 0x10C2, 0x18C2, 0x10C2, 0x10C2, 0x10C2, 0x10C2, 0x10C2, 0x10A2, 0x10A2, 0x10C2, 0x10C2,
  0x10C2, 0x10C2, 0x10C2, 0x10C2, 0x10C2, 0x10C2, 0x10C2, 0x10C2, 0x10C2, 0x10C2, 0x10C2, 0x10C2,
  0x18C2, 0x10C2, 0x10A2, 0x10A2, 0x10C2, 0x10C2, 0x10C2, 0x10C2, 0x10C2, 0x10C2, 0x10C2, 0x10C2,
  0x10C2, 0x10C2, 0x10C2, 0x10C2, 0x10C2, 0x10A2, 0x10C2, 0x10C2, 0x10C2, 0x10C2, 0x10C2, 0x10C2,
  0x10C2, 0x10C2, 0x10A2, 0x10A2, 0x10C2, 0x10C2, 0x10C2, 0x10C2, 0x10C2, 0x10C2, 0x10C2, 0x10C2,
  0x10C2, 0x10A2, 0x10A2, 0x10A2, 0x10A2, 0x10A2, 0x10A2, 0x10A2, 0x10A2, 0x10A2, 0x10C2, 0x10A2,
  0x10C2, 0x10C2, 0x10C2, 0x10C2, 0x10A2, 0x10A2, 0x10A2, 0x10C2, 0x18C2, 0x0861, 0x4207, 0xFFFF,
  0xFFFF, 0x2964, 0x1081, 0x18C2, 0x10C2, 0x10C2, 0x10C2, 0x10A2, 0x10A2, 0x10A2, 0x10A2, 0x10A2,
  0x10C2, 0x10A2, 0x10A2, 0x10A2, 0x10A2, 0x10A2, 0x10A2, 0x10C2, 0x10A2, 0x10A2, 0x10A2, 0x10A2,
  0x10A2, 0x10A2, 0x0881, 0x0000, 0x0021, 0x1082, 0x0861, 0x0861, 0x0861, 0x0020, 0x0000, 0x0000,
  0x0000, 0x0000, 0x0000, 0x0000, 0x0000, 0x0000, 0x0000, 0x0000, 0x0000, 0x0000, 0x0000, 0x0000,
  0x0000, 0x0000, 0x0000, 0x0000, 0x0000, 0x0000, 0x0000, 0x0000, 0x0000, 0x0000, 0x0000, 0x0000,
  0x0000, 0x0000, 0x0841, 0x0861, 0x0861, 0x0861, 0x0861, 0x0020, 0x0000, 0x10A2, 0x10C2, 0x10C2,
  0x10A2, 0x10A2, 0x10A2, 0x10A2, 0x10A2, 0x10C2, 0x10A2, 0x10A2, 0x10C2, 0x10C2, 0x10A2, 0x10A2,
  0x10A2, 0x10A2, 0x10A2, 0x10C2, 0x10A2, 0x10C2, 0x10C2, 0x18C2, 0x10A2, 0x10C2, 0xE71C, 0xFFFF,
  0x632B, 0x0040, 0x18C2, 0x10A2, 0x10A2, 0x10A2, 0x10C2, 0x10A2, 0x10C2, 0x10C2, 0x10C2, 0x10C2,
  0x10C2, 0x10C2, 0x10C2, 0x10C2, 0x10C2, 0x10C2, 0x10C2, 0x10C2, 0x10C2, 0x10C2, 0x10C2, 0x10C2,
  0x10C2, 0x10C2, 0x10A2, 0x10A2, 0x10A2, 0x10A2, 0x10C2, 0x10C2, 0x10C2, 0x10C2, 0x10C2, 0x10C2,
  0x10C2, 0x10C2, 0x10C2, 0x18C2, 0x10C2, 0x10C2, 0x10C2, 0x10C2, 0x10C2, 0x10C2, 0x10C2, 0x10C2,
  0x10C2, 0x10C2, 0x18C2, 0x18C2, 0x10C2, 0x10C2, 0x10C2, 0x10C2, 0x10C2, 0x10C2, 0x10A2, 0x10C2,
  0x10C2, 0x10C2, 0x10C2, 0x10C2, 0x10C2, 0x18C2, 0x10C2, 0x10C2, 0x10C2, 0x10C2, 0x10C2, 0x10C2,
  0x10A2, 0x10C2, 0x10C2, 0x10C2, 0x10C2, 0x10C2, 0x10C2, 0x10C2, 0x10C2, 0x10C2, 0x10C2, 0x10C2,
  0x10C2, 0x10C2, 0x10A2, 0x10C2, 0x10C2, 0x10C2, 0x10C2, 0x10C2, 0x10C2, 0x10C2, 0x10C2, 0x10C2,
  0x10C2, 0x10C2, 0x10C2, 0x10C2, 0x10C2, 0x10C2, 0x10A2, 0x10A2, 0x10C2, 0x10C2, 0x18C2, 0x18C2,
  0x10C2, 0x10C2, 0x10C2, 0x10C2, 0x10C2, 0x10C2, 0x10C2, 0x10C2, 0x10C2, 0x10C2, 0x10C2, 0x10C2,
  0x10C2, 0x10C2, 0x10A2, 0x10A2, 0x10A2, 0x10A2, 0x10A2, 0x10A2, 0x10A2, 0x10A2, 0x10C2, 0x10A2,
  0x10C2, 0x10C2, 0x10A2, 0x10A2, 0x10A2, 0x10A2, 0x10C2, 0x10C2, 0x10C2, 0x18C2, 0x1081, 0x528A,
  0x4228, 0x1081, 0x10C2, 0x10A2, 0x10A2, 0x10A2, 0x10A2, 0x10A2, 0x10A2, 0x10A2, 0x10A2, 0x10A2,
  0x10C2, 0x10A2, 0x10A2, 0x10A2, 0x10A2, 0x10A2, 0x10A2, 0x10A2, 0x10A2, 0x10A2, 0x10A2, 0x10A2,
  0x10A2, 0x10A2, 0x10A2, 0x0020, 0x0020, 0x0861, 0x0861, 0x0861, 0x0861, 0x0020, 0x0000, 0x0000,
  0x0000, 0x0000, 0x0000, 0x0000, 0x0000, 0x0000, 0x0000, 0x0000, 0x0000, 0x0000, 0x0000, 0x0000,
  0x0000, 0x0000, 0x0000, 0x0000, 0x0000, 0x0000, 0x0000, 0x0000, 0x0000, 0x0000, 0x0000, 0x0000,
  0x0000, 0x0000, 0x0841, 0x0861, 0x0861, 0x0861, 0x1082, 0x0020, 0x0841, 0x10C2, 0x10C2, 0x10C2,
  0x10A2, 0x10A2, 0x10A2, 0x10A2, 0x10A2, 0x10C2, 0x10A2, 0x10A2, 0x10A2, 0x10A2, 0x10A2, 0x10A2,
  0x10A2, 0x10A2, 0x10C2, 0x10C2, 0x10A2, 0x10C2, 0x10C2, 0x10C2, 0x18C2, 0x1081, 0x4208, 0x632C,
  0x10A2, 0x10A2, 0x10A2, 0x10A2, 0x10A2, 0x10A2, 0x10A2, 0x10C2, 0x10C2, 0x10C2, 0x10A2, 0x10C2,
  0x10A2, 0x10C2, 0x10C2, 0x10C2, 0x10A2, 0x10C2, 0x10C2, 0x10C2, 0x10C2, 0x10C2, 0x10A2, 0x10A2,
  0x10A2, 0x10A2, 0x10A2, 0x10A2, 0x10A2, 0x10A2, 0x10A2, 0x10C2, 0x10A2, 0x10A2, 0x10A2, 0x10C2,
  0x10C2, 0x10C2, 0x10C2, 0x10C2, 0x10C2, 0x18C2, 0x10C2, 0x10C2, 0x10C2, 0x10C2, 0x10C2, 0x10C2,
  0x10C2, 0x10C2, 0x10C2, 0x10C2, 0x10C2, 0x10C2, 0x10C2, 0x10C2, 0x10C2, 0x10C2, 0x10C2, 0x10C2,
  0x10C2, 0x10C2, 0x10C2, 0x10C2, 0x10C2, 0x10C2, 0x10C2, 0x10C2, 0x10C2, 0x10C2, 0x10C2, 0x10C2,
  0x10C2, 0x10C2, 0x10C2, 0x10C2, 0x10C2, 0x10C2, 0x10C2, 0x10C2, 0x10A2, 0x10A2, 0x10A2, 0x10A2,
  0x10A2, 0x10A2, 0x10A2, 0x10C2, 0x10C2, 0x10C2, 0x10A2, 0x10A2, 0x10A2, 0x10A2, 0x10A2, 0x10A2,
  0x10A2, 0x10C2, 0x10C2, 0x10C2, 0x10C2, 0x10C2, 0x18C2, 0x10A2, 0x10A2, 0x10C2, 0x18C2, 0x18C2,
  0x10C2, 0x10C2, 0x10A2, 0x10A2, 0x10A2, 0x10C2, 0x10C2, 0x10C2, 0x10C2, 0x10C2, 0x10A2, 0x10A2,
  0x10A2, 0x10A2, 0x10A2, 0x10A2, 0x10A2, 0x10A2, 0x10A2, 0x10C2, 0x10C2, 0x10C2, 0x10C2, 0x10A2,
  0x10A2, 0x10C2, 0x10C2, 0x10C2, 0x10A2, 0x10A2, 0x10A2, 0x10A2, 0x10A2, 0x10A2, 0x10C2, 0x0840,
  0x0861, 0x18C2, 0x10C2, 0x10C2, 0x10C2, 0x10A2, 0x10A2, 0x10A2, 0x10A2, 0x10A2, 0x10A2, 0x10A2,
  0x10A2, 0x10A2, 0x10A2, 0x10A2, 0x10A2, 0x10A2, 0x10A2, 0x10A2, 0x10C2, 0x10C2, 0x10A2, 0x10A2,
  0x10A2, 0x10A2, 0x10C2, 0x1081, 0x0020, 0x0861, 0x0861, 0x0861, 0x0861, 0x0020, 0x0000, 0x0000,
  0x0000, 0x0000, 0x0000, 0x0000, 0x0000, 0x0000, 0x0000, 0x0000, 0x0000, 0x0000, 0x0000, 0x0000,
  0x0000, 0x0000, 0x0000, 0x0000, 0x0000, 0x0000, 0x0000, 0x0000, 0x0000, 0x0000, 0x0000, 0x0000,
  0x0000, 0x0000, 0x0841, 0x0861, 0x0841, 0x0841, 0x0841, 0x0020, 0x1082, 0x10C2, 0x10A2, 0x10A2,
  0x10A2, 0x10C2, 0x10A2, 0x10A2, 0x10A2, 0x10A2, 0x10A2, 0x10A2, 0x10A2, 0x10A2, 0x10A2, 0x10A2,
  0x10A2, 0x10A2, 0x10C2, 0x10C2, 0x10A2, 0x10C2, 0x10C2, 0x10C2, 0x10A2, 0x10C2, 0x0861, 0x0840,
  0x10A2, 0x10A2, 0x10A2, 0x10A2, 0x10A2, 0x10C2, 0x10A2, 0x10A2, 0x10A2, 0x10A2, 0x10A2, 0x10A2,
  0x10C2, 0x10A2, 0x10C2, 0x10C2, 0x10C2, 0x10C2, 0x10C2, 0x10C2, 0x10A2, 0x10A2, 0x10A2, 0x10C2,
  0x10A2, 0x10A2, 0x10A2, 0x10A2, 0x10A2, 0x10A2, 0x10A2, 0x10A2, 0x10A2, 0x10A2, 0x10A2, 0x10C2,
  0x10C2, 0x10C2, 0x10C2, 0x10C2, 0x10C2, 0x10C2, 0x10C2, 0x10A2, 0x10C2, 0x10C2, 0x10C2, 0x10C2,
  0x10C2, 0x10C2, 0x10C2, 0x10C2, 0x10C2, 0x10C2, 0x10C2, 0x10C2, 0x10C2, 0x10C2, 0x10A2, 0x10C2,
  0x10A2, 0x10C2, 0x10C2, 0x10C2, 0x10C2, 0x10C2, 0x10C2, 0x10C2, 0x10C2, 0x10C2, 0x10C2, 0x10C2,
  0x10C2, 0x10C2, 0x10C2, 0x10C2, 0x10C2, 0x10C2, 0x10C2, 0x10A2, 0x10C2, 0x10C2, 0x10A2, 0x10A2,
  0x10C2, 0x10C2, 0x10C2, 0x10C2, 0x10A2, 0x10A2, 0x10C2, 0x10A2, 0x10C2, 0x10C2, 0x10A2, 0x10A2,
  0x10A2, 0x10C2, 0x10A2, 0x10A2, 0x10C2, 0x10C2, 0x10C2, 0x10C2, 0x10C2, 0x10C2, 0x10C2, 0x18C2,
  0x10C2, 0x10C2, 0x10C2, 0x10C2, 0x10A2, 0x10C2, 0x10C2, 0x10C2, 0x10C2, 0x10C2, 0x10A2, 0x10C2,
  0x10C2, 0x10A2, 0x10A2, 0x10A2, 0x10A2, 0x10C2, 0x10A2, 0x10A2, 0x10A2, 0x10A2, 0x10C2, 0x10A2,
  0x10A2, 0x10A2, 0x10A2, 0x10A2, 0x10A2, 0x10A2, 0x10A2, 0x10A2, 0x10C2, 0x10C2, 0x10C2, 0x18C2,
  0x18C2, 0x10C2, 0x10A2, 0x10A2, 0x10A2, 0x10A2, 0x10A2, 0x10A2, 0x10A2, 0x10A2, 0x10A2, 0x10A2,
  0x10A2, 0x10A2, 0x10A2, 0x10A2, 0x10A2, 0x10A2, 0x10A2, 0x10A2, 0x10A2, 0x10A2, 0x10A2, 0x10A2,
  0x10A2, 0x10A2, 0x10A2, 0x10A2, 0x0841, 0x0861, 0x0861, 0x0861, 0x0861, 0x0020, 0x0000, 0x0000,
  0x0000, 0x0000, 0x0000, 0x0000, 0x0000, 0x0000, 0x0000, 0x0000, 0x0000, 0x0000, 0x0000, 0x0000,
  0x0000, 0x0000, 0x0000, 0x0000, 0x0000, 0x0000, 0x0000, 0x0000, 0x0000, 0x0020, 0x0861, 0x0861,
  0x0861, 0x0861, 0x0020, 0x0000, 0x0000, 0x0000, 0x0000, 0x0861, 0x10C2, 0x10A2, 0x10A2, 0x10A2,
  0x10A2, 0x10C2, 0x10A2, 0x10A2, 0x10A2, 0x10A2, 0x10A2, 0x10A2, 0x10A2, 0x10A2, 0x10A2, 0x10A2,
  0x10A2, 0x10C2, 0x10C2, 0x10C2, 0x10A2, 0x10C2, 0x10C2, 0x10A2, 0x10C2, 0x10A2, 0x18C2, 0x18C2,
  0x10A2, 0x10A2, 0x10A2, 0x10A2, 0x10A2, 0x10A2, 0x10A2, 0x10A2, 0x10A2, 0x10A2, 0x10A2, 0x10A2,
  0x10A2, 0x10A2, 0x10A2, 0x10A2, 0x10A2, 0x10A2, 0x10A2, 0x10C2, 0x10A2, 0x10A2, 0x10A2, 0x10A2,
  0x10A2, 0x10A2, 0x10A2, 0x10A2, 0x10A2, 0x10A2, 0x10A2, 0x10A2, 0x10A2, 0x10A2, 0x10A2, 0x10C2,
  0x10C2, 0x10A2, 0x10C2, 0x10C2, 0x10C2, 0x10C2, 0x10C2, 0x10C2, 0x10C2, 0x10C2, 0x10C2, 0x10C2,
  0x10C2, 0x10C2, 0x10C2, 0x10C2, 0x10A2, 0x10C2, 0x10C2, 0x10A2, 0x10C2, 0x10C2, 0x10A2, 0x10C2,
  0x10C2, 0x10C2, 0x10C2, 0x10C2, 0x18C2, 0x10C2, 0x10C2, 0x10C2, 0x10A2, 0x10A2, 0x10C2, 0x10C2,
  0x10C2, 0x10C2, 0x10C2, 0x10C2, 0x10C2, 0x10C2, 0x10C2, 0x10A2, 0x10A2, 0x10A2, 0x10A2, 0x10C2,
  0x10A2, 0x10C2, 0x10C2, 0x10C2, 0x10C2, 0x10A2, 0x10A2, 0x10A2, 0x10C2, 0x10C2, 0x10A2, 0x10C2,
  0x10A2, 0x10A2, 0x10A2, 0x10A2, 0x10C2, 0x10C2, 0x10C2, 0x10C2, 0x18C2, 0x18C2, 0x10C2, 0x10C2,
  0x10C2, 0x10C2, 0x10C2, 0x10C2, 0x10A2, 0x10C2, 0x10C2, 0x10C2, 0x10C2, 0x10C2, 0x10C2, 0x10A2,
  0x10A2, 0x10A2, 0x10C2, 0x10C2, 0x10A2, 0x10A2, 0x10C2, 0x10C2, 0x10C2, 0x10C2, 0x10C2, 0x10C2,
  0x10A2, 0x10A2, 0x10C2, 0x10C2, 0x10A2, 0x10A2, 0x10A2, 0x10A2, 0x10C2, 0x10C2, 0x10C2, 0x10C2,
  0x10C2, 0x10C2, 0x10A2, 0x10A2, 0x10A2, 0x18C2, 0x10A2, 0x10A2, 0x10A2, 0x10A2, 0x10A2, 0x10A2,
  0x10A2, 0x10A2, 0x10A2, 0x10A2, 0x10A2, 0x10A2, 0x10A2, 0x10A2, 0x10A2, 0x10A2, 0x10A2, 0x10A2,
  0x10A2, 0x10A2, 0x10A2, 0x10C2, 0x1081, 0x0000, 0x0000, 0x0000, 0x0000, 0x0020, 0x0861, 0x0861,
  0x0861, 0x0861, 0x0020, 0x0000, 0x0000, 0x0000, 0x0000, 0x0000, 0x0000, 0x0000, 0x0000, 0x0000,
  0x0000, 0x0000, 0x0000, 0x0000, 0x0000, 0x0000, 0x0000, 0x0000, 0x0000, 0x0020, 0x1082, 0x0861,
  0x0861, 0x0861, 0x0020, 0x0000, 0x0000, 0x0000, 0x0000, 0x1081, 0x10A2, 0x10A2, 0x10A2, 0x10A2,
  0x10A2, 0x10C2, 0x10A2, 0x10A2, 0x10A2, 0x10A2, 0x10A2, 0x10A2, 0x10A2, 0x10A2, 0x10A2, 0x10A2,
  0x10A2, 0x10C2, 0x10C2, 0x10C2, 0x10A2, 0x10C2, 0x10C2, 0x10A2, 0x10C2, 0x10C2, 0x10A2, 0x10A2,
  0x10A2, 0x10A2, 0x10A2, 0x10A2, 0x10A2, 0x10A2, 0x10A2, 0x10C2, 0x10C2, 0x10C2, 0x10A2, 0x10A2,
  0x10A2, 0x10A2, 0x10A2, 0x10A2, 0x10A2, 0x10A2, 0x10A2, 0x10C2, 0x10A2, 0x10A2, 0x10A2, 0x10A2,
  0x10A2, 0x10A2, 0x10A2, 0x10A2, 0x10A2, 0x10A2, 0x10A2, 0x10A2, 0x10A2, 0x10A2, 0x10A2, 0x10C2,
  0x10C2, 0x10A2, 0x10C2, 0x10C2, 0x10C2, 0x10C2, 0x10C2, 0x10C2, 0x10C2, 0x10C2, 0x10C2, 0x10C2,
  0x10C2, 0x10C2, 0x10C2, 0x10C2, 0x10A2, 0x10C2, 0x10C2, 0x10A2, 0x10C2, 0x10C2, 0x10A2, 0x10C2,
  0x10C2, 0x10C2, 0x10C2, 0x10C2, 0x18C2, 0x10C2, 0x10C2, 0x10C2, 0x10A2, 0x10A2, 0x10C2, 0x10C2,
  0x10C2, 0x10C2, 0x10C2, 0x10C2, 0x10C2, 0x10C2, 0x10C2, 0x10A2, 0x10A2, 0x10A2, 0x10A2, 0x10A2,
  0x10A2, 0x10C2, 0x10C2, 0x10C2, 0x10C2, 0x10A2, 0x10A2, 0x10C2, 0x10C2, 0x10C2, 0x10A2, 0x10C2,
  0x10A2, 0x10A2, 0x10A2, 0x10A2, 0x10C2, 0x10C2, 0x10C2, 0x10C2, 0x18C2, 0x18C2, 0x10C2, 0x10C2,
  0x10C2, 0x10C2, 0x10C2, 0x10C2, 0x10C2, 0x10C2, 0x10C2, 0x10C2, 0x10C2, 0x10C2, 0x10C2, 0x10A2,
  0x10A2, 0x10A2, 0x10C2, 0x10C2, 0x10A2, 0x10A2, 0x10C2, 0x10C2, 0x10C2, 0x10C2, 0x10C2, 0x10C2,
  0x10A2, 0x10A2, 0x10C2, 0x10C2, 0x10A2, 0x10A2, 0x10A2, 0x10A2, 0x10C2, 0x10C2, 0x10C2, 0x10C2,
  0x10C2, 0x10C2, 0x10A2, 0x10A2, 0x10A2, 0x10A2, 0x10A2, 0x10A2, 0x10A2, 0x10A2, 0x10A2, 0x10A2,
  0x10A2, 0x10A2, 0x10A2, 0x10A2, 0x10A2, 0x10A2, 0x10A2, 0x10A2, 0x10A2, 0x10A2, 0x10A2, 0x10A2,
  0x10A2, 0x10A2, 0x10A2, 0x10A2, 0x10A2, 0x0020, 0x0000, 0x0000, 0x0000, 0x0020, 0x0861, 0x0861,
  0x0861, 0x0861, 0x0020, 0x0000, 0x0000, 0x0000, 0x0000, 0x0000, 0x0000, 0x0000, 0x0000, 0x0000,
  0x0000, 0x0000, 0x0000, 0x0000, 0x0000, 0x0000, 0x0000, 0x0000, 0x0000, 0x0020, 0x1082, 0x0861,
  0x0861, 0x0861, 0x0020, 0x0000, 0x0000, 0x0000, 0x0841, 0x10A2, 0x10A2, 0x10A2, 0x10A2, 0x10A2,
  0x10A2, 0x10C2, 0x10A2, 0x10A2, 0x10A2, 0x10A2, 0x10A2, 0x10A2, 0x10A2, 0x10A2, 0x10A2, 0x10A2,
  0x10A2, 0x10A2, 0x10A2, 0x10A2, 0x10C2, 0x10C2, 0x10A2, 0x10C2, 0x10C2, 0x10C2, 0x10C2, 0x10A2,
  0x10A2, 0x10A2, 0x10A2, 0x10A2, 0x10A2, 0x10A2, 0x10C2, 0x10C2, 0x10C2, 0x10A2, 0x10A2, 0x10A2,
  0x10A2, 0x10A2, 0x10A2, 0x10A2, 0x10A2, 0x10C2, 0x10A2, 0x10A2, 0x10A2, 0x10A2, 0x10A2, 0x10A2,
  0x10A2, 0x10A2, 0x10C2, 0x10C2, 0x10A2, 0x10A2, 0x10A2, 0x10A2, 0x10A2, 0x10A2, 0x10C2, 0x10C2,
  0x10C2, 0x10C2, 0x10C2, 0x10C2, 0x10C2, 0x10C2, 0x10C2, 0x10A2, 0x10C2, 0x10C2, 0x10C2, 0x10C2,
  0x18C2, 0x10C2, 0x10A2, 0x10A2, 0x10A2, 0x10A2, 0x10A2, 0x10A2, 0x10C2, 0x10C2, 0x10C2, 0x10C2,
  0x10C2, 0x10C2, 0x10C2, 0x10C2, 0x10C2, 0x10C2, 0x10C2, 0x10C2, 0x10A2, 0x10C2, 0x10C2, 0x10C2,
  0x10C2, 0x10C2, 0x10C2, 0x10C2, 0x10C2, 0x10C2, 0x10A2, 0x10A2, 0x10A2, 0x10A2, 0x10A2, 0x10A2,
  0x10A2, 0x10C2, 0x10C2, 0x10C2, 0x10C2, 0x10A2, 0x10A2, 0x10C2, 0x10C2, 0x10C2, 0x10C2, 0x10C2,
  0x10A2, 0x10A2, 0x10C2, 0x10C2, 0x10A2, 0x10C2, 0x10C2, 0x18C2, 0x18C2, 0x10C2, 0x10C2, 0x10C2,
  0x10C2, 0x10C2, 0x10C2, 0x10C2, 0x10C2, 0x10A2, 0x10C2, 0x10C2, 0x18C2, 0x18C2, 0x10C2, 0x10C2,
  0x10C2, 0x10C2, 0x10C2, 0x10C2, 0x10C2, 0x10C2, 0x10C2, 0x10C2, 0x10C2, 0x10C2, 0x10C2, 0x10C2,
  0x10A2, 0x10A2, 0x10C2, 0x10C2, 0x10C2, 0x10A2, 0x10C2, 0x10A2, 0x10A2, 0x10A2, 0x10A2, 0x10C2,
  0x10A2, 0x10C2, 0x10C2, 0x10C2, 0x10A2, 0x10A2, 0x10A2, 0x10A2, 0x10A2, 0x10A2, 0x10A2, 0x10A2,
  0x10A2, 0x10A2, 0x10A2, 0x10A2, 0x10A2, 0x10A2, 0x10A2, 0x10A2, 0x10C2, 0x10C2, 0x10A2, 0x10A2,
  0x10A2, 0x10A2, 0x10A2, 0x10A2, 0x10C2, 0x0861, 0x0000, 0x0000, 0x0000, 0x0841, 0x0861, 0x0861,
  0x0861, 0x0861, 0x0020, 0x0000, 0x0000, 0x0000, 0x0000, 0x0000, 0x0000, 0x0000, 0x0000, 0x0000,
  0x0000, 0x0000, 0x0000, 0x0000, 0x0000, 0x0000, 0x0000, 0x0000, 0x0000, 0x0020, 0x1082, 0x0861,
  0x0861, 0x1082, 0x0020, 0x0000, 0x0000, 0x0000, 0x1081, 0x10C2, 0x10A2, 0x10A2, 0x10A2, 0x10A2,
  0x10A2, 0x10A2, 0x10A2, 0x10A2, 0x10A2, 0x10A2, 0x10A2, 0x10A2, 0x10A2, 0x10A2, 0x10A2, 0x10A2,
  0x10A2, 0x10A2, 0x10A2, 0x10A2, 0x10A2, 0x10C2, 0x10C2, 0x10A2, 0x10A2, 0x10A2, 0x10A2, 0x10A2,
  0x10A2, 0x10A2, 0x10A2, 0x10A2, 0x10C2, 0x10C2, 0x10C2, 0x10C2, 0x10A2, 0x10A2, 0x10A2, 0x10A2,
  0x10A2, 0x10A2, 0x10A2, 0x10A2, 0x10A2, 0x10C2, 0x10A2, 0x10A2, 0x10A2, 0x10A2, 0x10A2, 0x10A2,
  0x10C2, 0x10A2, 0x10A2, 0x10A2, 0x10A2, 0x10A2, 0x10A2, 0x10A2, 0x10A2, 0x10A2, 0x10C2, 0x10C2,
  0x10C2, 0x10C2, 0x10C2, 0x10C2, 0x10C2, 0x10C2, 0x10C2, 0x10C2, 0x10C2, 0x10C2, 0x10C2, 0x10C2,
  0x10C2, 0x10C2, 0x10C2, 0x10C2, 0x10A2, 0x10A2, 0x10A2, 0x10A2, 0x10A2, 0x10A2, 0x10A2, 0x10C2,
  0x10C2, 0x10C2, 0x10C2, 0x10C2, 0x10C2, 0x10C2, 0x10C2, 0x10C2, 0x10C2, 0x10C2, 0x10C2, 0x10C2,
  0x10C2, 0x10C2, 0x10C2, 0x10C2, 0x10C2, 0x10C2, 0x10C2, 0x10C2, 0x10A2, 0x10A2, 0x10A2, 0x10A2,
  0x10A2, 0x10C2, 0x10C2, 0x10C2, 0x10C2, 0x10A2, 0x10C2, 0x10C2, 0x10C2, 0x10C2, 0x10C2, 0x10A2,
  0x10C2, 0x10C2, 0x10C2, 0x10A2, 0x10A2, 0x10C2, 0x10C2, 0x10C2, 0x10C2, 0x10C2, 0x10C2, 0x10C2,
  0x10C2, 0x10C2, 0x10C2, 0x10C2, 0x10C2, 0x10C2, 0x10C2, 0x10C2, 0x10C2, 0x10C2, 0x10C2, 0x10C2,
  0x10C2, 0x10C2, 0x10A2, 0x10A2, 0x10A2, 0x10C2, 0x10C2, 0x10C2, 0x10C2, 0x10C2, 0x10C2, 0x10C2,
  0x10A2, 0x10A2, 0x10C2, 0x10C2, 0x10C2, 0x10C2, 0x10A2, 0x10C2, 0x10C2, 0x10A2, 0x10A2, 0x10A2,
  0x10C2, 0x10C2, 0x10C2, 0x10C2, 0x10C2, 0x10A2, 0x10C2, 0x10A2, 0x10A2, 0x10A2, 0x10A2, 0x10A2,
  0x10A2, 0x10A2, 0x10A2, 0x10A2, 0x10C2, 0x10A2, 0x10A2, 0x10A2, 0x10A2, 0x10A2, 0x10A2, 0x10C2,
  0x10A2, 0x10A2, 0x10A2, 0x10A2, 0x10A2, 0x1082, 0x0000, 0x0000, 0x0000, 0x0841, 0x1082, 0x0861,
  0x0861, 0x1082, 0x0020, 0x0000, 0x0000, 0x0000, 0x0000, 0x0000, 0x0000, 0x0000, 0x0000, 0x0000,
  0x0000, 0x0000, 0x0000, 0x0000, 0x0000, 0x0000, 0x0000, 0x0000, 0x0000, 0x0020, 0x0861, 0x0841,
  0x0841, 0x0861, 0x0020, 0x0020, 0x0020, 0x0020, 0x10A2, 0x10A2, 0x10A2, 0x10A2, 0x10A2, 0x10A2,
  0x10A2, 0x10A2, 0x10A2, 0x10A2, 0x10A2, 0x10A2, 0x10A2, 0x10A2, 0x10A2, 0x10A2, 0x10C2, 0x10A2,
  0x10A2, 0x10A2, 0x10A2, 0x10A2, 0x10A2, 0x10C2, 0x10A2, 0x10A2, 0x10A2, 0x10A2, 0x10A2, 0x10A2,
  0x10A2, 0x10A2, 0x10C2, 0x10C2, 0x10A2, 0x10C2, 0x10C2, 0x10C2, 0x10A2, 0x10A2, 0x10A2, 0x10A2,
  0x10A2, 0x10A2, 0x10A2, 0x10A2, 0x10A2, 0x10A2, 0x10A2, 0x10A2, 0x10A2, 0x10A2, 0x10C2, 0x10A2,
  0x10C2, 0x10A2, 0x10A2, 0x10A2, 0x10A2, 0x10A2, 0x10A2, 0x10A2, 0x10A2, 0x10A2, 0x10C2, 0x10C2,
  0x10A2, 0x10C2, 0x10C2, 0x10C2, 0x10C2, 0x10C2, 0x10A2, 0x10A2, 0x10C2, 0x10C2, 0x10C2, 0x10A2,
  0x10C2, 0x10A2, 0x10C2, 0x10C2, 0x10A2, 0x10A2, 0x10C2, 0x10C2, 0x10C2, 0x10C2, 0x10C2, 0x10C2,
  0x10C2, 0x10C2, 0x10C2, 0x10C2, 0x10C2, 0x10A2, 0x10A2, 0x10A2, 0x10A2, 0x10A2, 0x10C2, 0x10C2,
  0x10C2, 0x18C2, 0x10C2, 0x10C2, 0x10C2, 0x10C2, 0x10C2, 0x10C2, 0x10A2, 0x10A2, 0x10C2, 0x10A2,
  0x10C2, 0x10A2, 0x10C2, 0x10C2, 0x10C2, 0x10C2, 0x10C2, 0x10A2, 0x10A2, 0x10A2, 0x10C2, 0x10C2,
  0x10C2, 0x10C2, 0x10C2, 0x10C2, 0x10C2, 0x10C2, 0x10A2, 0x10A2, 0x10A2, 0x10C2, 0x10C2, 0x10C2,
  0x10C2, 0x10C2, 0x10C2, 0x10C2, 0x10C2, 0x10C2, 0x10C2, 0x10C2, 0x10C2, 0x10C2, 0x10C2, 0x10C2,
  0x10C2, 0x10C2, 0x10C2, 0x10C2, 0x10A2, 0x10C2, 0x18C2, 0x10C2, 0x10C2, 0x10C2, 0x10C2, 0x10C2,
  0x10C2, 0x10C2, 0x10C2, 0x10C2, 0x10C2, 0x10C2, 0x10A2, 0x10C2, 0x10A2, 0x10A2, 0x10A2, 0x10A2,
  0x10C2, 0x10C2, 0x10C2, 0x10C2, 0x10A2, 0x10A2, 0x10A2, 0x10A2, 0x10A2, 0x10C2, 0x10A2, 0x10A2,
  0x10A2, 0x10A2, 0x10A2, 0x10A2, 0x10A2, 0x10A2, 0x10A2, 0x10A2, 0x10A2, 0x10A2, 0x10A2, 0x10A2,
  0x10A2, 0x10A2, 0x10A2, 0x10A2, 0x10A2, 0x10A2, 0x0841, 0x0020, 0x0020, 0x0841, 0x0841, 0x0841,
  0x0841, 0x0861, 0x0020, 0x0000, 0x0000, 0x0000, 0x0000, 0x0000, 0x0000, 0x0000, 0x0000, 0x0000,
  0x0000, 0x0000, 0x0000, 0x0000, 0x0000, 0x0000, 0x0000, 0x0000, 0x0000, 0x0000, 0x0000, 0x0000,
  0x0000, 0x0000, 0x0841, 0x1082, 0x0861, 0x1082, 0x10A2, 0x10A2, 0x10C2, 0x10C2, 0x10A2, 0x10A2,
  0x10A2, 0x10A2, 0x10A2, 0x10A2, 0x10A2, 0x10A2, 0x10A2, 0x10A2, 0x10A2, 0x10A2, 0x10A2, 0x10C2,
  0x10C2, 0x10A2, 0x10A2, 0x10A2, 0x10C2, 0x10C2, 0x10C2, 0x10A2, 0x10A2, 0x10A2, 0x10A2, 0x10A2,
  0x10A2, 0x10A2, 0x10A2, 0x10C2, 0x10C2, 0x10C2, 0x10A2, 0x10C2, 0x10C2, 0x10C2, 0x10A2, 0x10A2,
  0x10A2, 0x10A2, 0x10C2, 0x10C2, 0x10A2, 0x10A2, 0x10A2, 0x10A2, 0x10A2, 0x10A2, 0x10C2, 0x10C2,
  0x10A2, 0x10A2, 0x10A2, 0x10C2, 0x10A2, 0x10A2, 0x10A2, 0x10A2, 0x10C2, 0x10C2, 0x10A2, 0x10A2,
  0x10A2, 0x10C2, 0x10C2, 0x10C2, 0x10C2, 0x10C2, 0x10C2, 0x10C2, 0x10A2, 0x10A2, 0x10A2, 0x10A2,
  0x10A2, 0x10A2, 0x10A2, 0x10A2, 0x10A2, 0x10C2, 0x10C2, 0x10C2, 0x10C2, 0x10C2, 0x10C2, 0x10C2,
  0x18C2, 0x10C2, 0x10C2, 0x10C2, 0x10C2, 0x10A2, 0x10C2, 0x10C2, 0x10C2, 0x10C2, 0x10C2, 0x10C2,
  0x10C2, 0x10C2, 0x10C2, 0x10C2, 0x10C2, 0x10C2, 0x10A2, 0x10A2, 0x10C2, 0x10C2, 0x10A2, 0x10C2,
  0x10C2, 0x10C2, 0x10A2, 0x10A2, 0x10C2, 0x10C2, 0x10C2, 0x10C2, 0x10A2, 0x10A2, 0x10C2, 0x10C2,
  0x10C2, 0x10C2, 0x10C2, 0x10C2, 0x10C2, 0x10C2, 0x10C2, 0x10A2, 0x10C2, 0x10C2, 0x10C2, 0x10C2,
  0x10C2, 0x10C2, 0x10C2, 0x10C2, 0x10C2, 0x10C2, 0x10C2, 0x10C2, 0x18C2, 0x18C2, 0x10C2, 0x10C2,
  0x10C2, 0x10A2, 0x10C2, 0x10C2, 0x10C2, 0x10C2, 0x10C2, 0x10C2, 0x18C2, 0x18C2, 0x10C2, 0x10C2,
  0x10C2, 0x10C2, 0x10A2, 0x10A2, 0x10C2, 0x10C2, 0x10C2, 0x10A2, 0x10A2, 0x10A2, 0x10C2, 0x10C2,
  0x10A2, 0x10C2, 0x10C2, 0x10C2, 0x10C2, 0x10A2, 0x10A2, 0x10A2, 0x10A2, 0x10A2, 0x10A2, 0x10A2,
  0x10A2, 0x10A2, 0x10A2, 0x10A2, 0x10A2, 0x10A2, 0x10A2, 0x10A2, 0x10A2, 0x10A2, 0x10A2, 0x10A2,
  0x10A2, 0x10A2, 0x10A2, 0x10A2, 0x10A2, 0x10A2, 0x10A2, 0x0861, 0x1082, 0x0841, 0x0000, 0x0000,
  0x0000, 0x0000, 0x0000, 0x0000, 0x0000, 0x0000, 0x0000, 0x0000, 0x0000, 0x0000, 0x0000, 0x0000,
  0x0000, 0x0000, 0x0000, 0x0000, 0x0000, 0x0000, 0x0000, 0x0000, 0x0000, 0x0000, 0x0000, 0x0000,
  0x0000, 0x0000, 0x0841, 0x0862, 0x0861, 0x10A2, 0x10A2, 0x10A2, 0x10A2, 0x10A2, 0x10A2, 0x10A2,
  0x10A2, 0x10A2, 0x10A2, 0x10A2, 0x10A2, 0x10A2, 0x10A2, 0x10A2, 0x10A2, 0x10A2, 0x10A2, 0x10A2,
  0x10A2, 0x10C2, 0x10A2, 0x10A2, 0x10C2, 0x10A2, 0x10A2, 0x10A2, 0x10A2, 0x10A2, 0x10C2, 0x10A2,
  0x10A2, 0x10A2, 0x10A2, 0x10A2, 0x10A2, 0x10C2, 0x10C2, 0x10C2, 0x10A2, 0x10A2, 0x10A2, 0x10A2,
  0x10A2, 0x10A2, 0x10A2, 0x10A2, 0x10A2, 0x10A2, 0x10A2, 0x10A2, 0x10A2, 0x10A2, 0x10A2, 0x10C2,
  0x10A2, 0x10A2, 0x10A2, 0x10A2, 0x10A2, 0x10C2, 0x10A2, 0x10A2, 0x10C2, 0x10C2, 0x10C2, 0x10A2,
  0x10C2, 0x10C2, 0x10C2, 0x10C2, 0x10C2, 0x10C2, 0x10C2, 0x10C2, 0x10C2, 0x10A2, 0x10A2, 0x10C2,
  0x10A2, 0x10A2, 0x10C2, 0x10C2, 0x10A2, 0x10C2, 0x10C2, 0x10C2, 0x10C2, 0x10C2, 0x10C2, 0x10C2,
  0x10C2, 0x10C2, 0x10C2, 0x10C2, 0x10C2, 0x10C2, 0x10C2, 0x10C2, 0x10C2, 0x10C2, 0x10C2, 0x10C2,
  0x10A2, 0x10C2, 0x10C2, 0x10C2, 0x10A2, 0x10C2, 0x10C2, 0x10C2, 0x10C2, 0x10C2, 0x10C2, 0x10C2,
  0x10C2, 0x10C2, 0x10C2, 0x10C2, 0x10C2, 0x10A2, 0x10C2, 0x10C2, 0x10C2, 0x10C2, 0x10C2, 0x10C2,
  0x10A2, 0x10A2, 0x18C2, 0x18C2, 0x10C2, 0x10C2, 0x10C2, 0x10C2, 0x10C2, 0x10C2, 0x10C2, 0x10C2,
  0x10C2, 0x18C2, 0x10C2, 0x10C2, 0x10C2, 0x10C2, 0x10C2, 0x10C2, 0x10C2, 0x10C2, 0x10C2, 0x10C2,
  0x10C2, 0x10C2, 0x10C2, 0x10C2, 0x10C2, 0x10C2, 0x10C2, 0x10C2, 0x10C2, 0x10C2, 0x10C2, 0x10C2,
  0x10C2, 0x10C2, 0x10A2, 0x10A2, 0x10A2, 0x10C2, 0x10C2, 0x10C2, 0x10C2, 0x10C2, 0x10C2, 0x10C2,
  0x10A2, 0x10C2, 0x10A2, 0x10A2, 0x10C2, 0x10A2, 0x10C2, 0x10A2, 0x10A2, 0x10A2, 0x10A2, 0x10A2,
  0x10A2, 0x10A2, 0x10A2, 0x10A2, 0x10A2, 0x10A2, 0x10A2, 0x10A2, 0x10A2, 0x10A2, 0x10A2, 0x10A2,
  0x10A2, 0x10A2, 0x10A2, 0x10A2, 0x10A2, 0x10A2, 0x10A2, 0x1081, 0x1082, 0x0841, 0x0000, 0x0000,
  0x0000, 0x0000, 0x0000, 0x0000, 0x0000, 0x0000, 0x0000, 0x0000, 0x0000, 0x0000, 0x0000, 0x0000,
  0x0000, 0x0000, 0x0000, 0x0000, 0x0000, 0x0000, 0x0000, 0x0000, 0x0000, 0x0000, 0x0000, 0x0000,
  0x0000, 0x0000, 0x0841, 0x0861, 0x1082, 0x10A2, 0x10A2, 0x10A2, 0x10A2, 0x10A2, 0x10A2, 0x10A2,
  0x10A2, 0x10A2, 0x10A2, 0x10A2, 0x10A2, 0x10A2, 0x10A2, 0x10A2, 0x10A2, 0x10A2, 0x10A2, 0x10A2,
  0x10A2, 0x10C2, 0x10A2, 0x10A2, 0x10C2, 0x10A2, 0x10A2, 0x10C2, 0x10A2, 0x10A2, 0x10C2, 0x10A2,
  0x10A2, 0x10A2, 0x10A2, 0x10A2, 0x10A2, 0x10C2, 0x10C2, 0x10C2, 0x10A2, 0x10A2, 0x10A2, 0x10A2,
  0x10A2, 0x10A2, 0x10A2, 0x10A2, 0x10A2, 0x10A2, 0x10A2, 0x10A2, 0x10A2, 0x10A2, 0x10A2, 0x10C2,
  0x10A2, 0x10A2, 0x10A2, 0x10A2, 0x10A2, 0x10C2, 0x10A2, 0x10A2, 0x10C2, 0x10C2, 0x10C2, 0x10A2,
  0x10C2, 0x10C2, 0x10C2, 0x10C2, 0x10C2, 0x10C2, 0x10C2, 0x10C2, 0x10C2, 0x10C2, 0x10A2, 0x10C2,
  0x10A2, 0x10A2, 0x10C2, 0x10C2, 0x10A2, 0x10C2, 0x10C2, 0x10C2, 0x10C2, 0x10C2, 0x10C2, 0x10C2,
  0x10C2, 0x10C2, 0x10C2, 0x10C2, 0x10C2, 0x10C2, 0x10C2, 0x10C2, 0x10C2, 0x10C2, 0x10C2, 0x10C2,
  0x10A2, 0x10C2, 0x10C2, 0x10C2, 0x10A2, 0x10C2, 0x10C2, 0x10C2, 0x10C2, 0x10C2, 0x10C2, 0x10C2,
  0x10C2, 0x10C2, 0x18C2, 0x18C2, 0x10C2, 0x10A2, 0x10C2, 0x10C2, 0x10C2, 0x10C2, 0x10C2, 0x10C2,
  0x10A2, 0x10A2, 0x18C2, 0x18C2, 0x10C2, 0x10C2, 0x10C2, 0x10C2, 0x10C2, 0x10C2, 0x10C2, 0x10C2,
  0x10C2, 0x18C2, 0x10C2, 0x10C2, 0x10C2, 0x10C2, 0x10C2, 0x10C2, 0x10C2, 0x10C2, 0x10C2, 0x10C2,
  0x10C2, 0x10C2, 0x10C2, 0x10C2, 0x10C2, 0x10C2, 0x10C2, 0x10C2, 0x10C2, 0x10C2, 0x10C2, 0x10C2,
  0x10C2, 0x10C2, 0x10A2, 0x10A2, 0x10A2, 0x10C2, 0x10C2, 0x10C2, 0x10C2, 0x10C2, 0x10C2, 0x10C2,
  0x10A2, 0x10C2, 0x10A2, 0x10A2, 0x10C2, 0x10A2, 0x10C2, 0x10A2, 0x10A2, 0x10A2, 0x10A2, 0x10A2,
  0x10A2, 0x10A2, 0x10A2, 0x10A2, 0x10A2, 0x10A2, 0x10A2, 0x10A2, 0x10A2, 0x10A2, 0x10A2, 0x10A2,
  0x10A2, 0x10A2, 0x10A2, 0x10A2, 0x10A2, 0x10A2, 0x10A2, 0x1082, 0x0861, 0x0841, 0x0000, 0x0000,
  0x0000, 0x0000, 0x0000, 0x0000, 0x0000, 0x0000, 0x0000, 0x0000, 0x0000, 0x0000, 0x0000, 0x0000,
  0x0000, 0x0000, 0x0000, 0x0000, 0x0000, 0x0000, 0x0000, 0x0000, 0x0000, 0x0000, 0x0000, 0x0000,
  0x0000, 0x0000, 0x0841, 0x1081, 0x1082, 0x10A2, 0x10A2, 0x10A2, 0x10C2, 0x10A2, 0x10A2, 0x10A2,
  0x10A2, 0x10A2, 0x10A2, 0x10A2, 0x10A2, 0x10C2, 0x10C2, 0x10A2, 0x10A2, 0x10A2, 0x10A2, 0x10A2,
  0x10A2, 0x10C2, 0x10C2, 0x10C2, 0x10A2, 0x10A2, 0x10A2, 0x10C2, 0x10C2, 0x10C2, 0x10A2, 0x10A2,
  0x10A2, 0x10C2, 0x10C2, 0x10C2, 0x10A2, 0x10A2, 0x10A2, 0x10C2, 0x10A2, 0x10A2, 0x10A2, 0x10A2,
  0x10A2, 0x10A2, 0x10A2, 0x10A2, 0x10A2, 0x10A2, 0x10A2, 0x10A2, 0x10C2, 0x10C2, 0x10A2, 0x10A2,
  0x10A2, 0x10A2, 0x10A2, 0x10A2, 0x10C2, 0x10A2, 0x10A2, 0x10A2, 0x10C2, 0x10C2, 0x10A2, 0x10C2,
  0x10C2, 0x10C2, 0x10C2, 0x10C2, 0x10C2, 0x10C2, 0x10C2, 0x10C2, 0x10C2, 0x10C2, 0x10A2, 0x10A2,
  0x10C2, 0x10A2, 0x10C2, 0x10C2, 0x10A2, 0x10A2, 0x10C2, 0x10C2, 0x10C2, 0x10C2, 0x10C2, 0x10C2,
  0x10C2, 0x10C2, 0x10C2, 0x10C2, 0x10C2, 0x10C2, 0x10C2, 0x10C2, 0x10A2, 0x10A2, 0x10C2, 0x10C2,
  0x10C2, 0x10A2, 0x10C2, 0x10C2, 0x10A2, 0x10C2, 0x10C2, 0x10C2, 0x10A2, 0x10C2, 0x10C2, 0x10C2,
  0x10C2, 0x10C2, 0x10C2, 0x10C2, 0x10C2, 0x10C2, 0x10A2, 0x10A2, 0x10A2, 0x10A2, 0x10C2, 0x10C2,
  0x10C2, 0x10C2, 0x10C2, 0x10C2, 0x10C2, 0x10C2, 0x10C2, 0x10C2, 0x10C2, 0x10C2, 0x10C2, 0x18C2,
  0x10C2, 0x10C2, 0x10C2, 0x10C2, 0x18C2, 0x10C2, 0x18C2, 0x10C2, 0x10C2, 0x10C2, 0x10C2, 0x10C2,
  0x10C2, 0x10C2, 0x10C2, 0x10C2, 0x10C2, 0x10C2, 0x18C2, 0x10C2, 0x10C2, 0x10C2, 0x10A2, 0x10C2,
  0x10C2, 0x10C2, 0x10C2, 0x10C2, 0x10C2, 0x10A2, 0x10A2, 0x10C2, 0x10C2, 0x10C2, 0x10C2, 0x10C2,
  0x10A2, 0x10A2, 0x10A2, 0x10A2, 0x10C2, 0x10C2, 0x10C2, 0x10A2, 0x10A2, 0x10A2, 0x10A2, 0x10A2,
  0x10A2, 0x10A2, 0x10A2, 0x10A2, 0x10C2, 0x10C2, 0x10A2, 0x10A2, 0x10A2, 0x10A2, 0x10A2, 0x10A2,
  0x10A2, 0x10A2, 0x10A2, 0x10A2, 0x10A2, 0x10A2, 0x10A2, 0x10A2, 0x1082, 0x0841, 0x0000, 0x0000,
  0x0000, 0x0000, 0x0000, 0x0000, 0x0000, 0x0000, 0x0000, 0x0000, 0x0000, 0x0000, 0x0000, 0x0000,
  0x0000, 0x0000, 0x0000, 0x0000, 0x0000, 0x0000, 0x0000, 0x0000, 0x0000, 0x0000, 0x0020, 0x0020,
  0x0020, 0x0020, 0x0841, 0x0861, 0x10A2, 0x10A2, 0x10A2, 0x10A2, 0x10A2, 0x10C2, 0x10A2, 0x10A2,
  0x10C2, 0x10A2, 0x10A2, 0x10A2, 0x10A2, 0x10C2, 0x10C2, 0x10A2, 0x10A2, 0x10A2, 0x10A2, 0x10A2,
  0x10A2, 0x10C2, 0x10C2, 0x10C2, 0x10C2, 0x10C2, 0x10C2, 0x10C2, 0x10C2, 0x10C2, 0x10A2, 0x10A2,
  0x10A2, 0x10A2, 0x10C2, 0x10C2, 0x10A2, 0x10C2, 0x10A2, 0x10A2, 0x10A2, 0x10A2, 0x10A2, 0x10A2,
  0x10A2, 0x10A2, 0x10A2, 0x10A2, 0x10A2, 0x10A2, 0x10C2, 0x10A2, 0x10A2, 0x10A2, 0x10A2, 0x10A2,
  0x10A2, 0x10A2, 0x10A2, 0x10A2, 0x10A2, 0x10A2, 0x10A2, 0x10A2, 0x10C2, 0x10C2, 0x10A2, 0x10C2,
  0x10A2, 0x10A2, 0x10C2, 0x10C2, 0x10A2, 0x10A2, 0x10C2, 0x10A2, 0x10A2, 0x10A2, 0x10A2, 0x10A2,
  0x10A2, 0x10C2, 0x10A2, 0x10A2, 0x10A2, 0x10C2, 0x10C2, 0x10C2, 0x10C2, 0x10C2, 0x10C2, 0x10C2,
  0x10C2, 0x10C2, 0x10C2, 0x10C2, 0x10C2, 0x10C2, 0x10C2, 0x18C2, 0x10C2, 0x10C2, 0x10A2, 0x10C2,
  0x10C2, 0x10C2, 0x10A2, 0x10A2, 0x10A2, 0x10A2, 0x10A2, 0x10C2, 0x10C2, 0x10C2, 0x10A2, 0x10C2,
  0x10C2, 0x10C2, 0x10C2, 0x10C2, 0x10C2, 0x10C2, 0x10C2, 0x18C2, 0x18C2, 0x10C2, 0x10A2, 0x10A2,
  0x10C2, 0x10C2, 0x10C2, 0x10C2, 0x10C2, 0x10C2, 0x10C2, 0x10C2, 0x10C2, 0x10C2, 0x10C2, 0x10C2,
  0x10C2, 0x10C2, 0x10C2, 0x10C2, 0x18C2, 0x18C2, 0x10C2, 0x10C2, 0x10C2, 0x10C2, 0x10C2, 0x10C2,
  0x10C2, 0x10C2, 0x10C2, 0x10C2, 0x10C2, 0x10C2, 0x10C2, 0x10C2, 0x10C2, 0x10C2, 0x10C2, 0x10C2,
  0x10C2, 0x10C2, 0x10A2, 0x10A2, 0x10C2, 0x10C2, 0x10A2, 0x10A2, 0x10A2, 0x10A2, 0x10A2, 0x10A2,
  0x10A2, 0x10A2, 0x10C2, 0x10A2, 0x10A2, 0x10A2, 0x10A2, 0x10A2, 0x10C2, 0x10C2, 0x10A2, 0x10A2,
  0x10A2, 0x10A2, 0x10C2, 0x10C2, 0x10C2, 0x10A2, 0x10A2, 0x10A2, 0x10A2, 0x10A2, 0x10A2, 0x10A2,
  0x10A2, 0x10A2, 0x10A2, 0x10A2, 0x10A2, 0x10A2, 0x10A2, 0x10A2, 0x1081, 0x0020, 0x0020, 0x0020,
  0x0020, 0x0020, 0x0000, 0x0000, 0x0000, 0x0000, 0x0000, 0x0000, 0x0000, 0x0000, 0x0000, 0x0000,
  0x0000, 0x0000, 0x0000, 0x0000, 0x0000, 0x0000, 0x0000, 0x0000, 0x0000, 0x0020, 0x1082, 0x0861,
  0x0861, 0x1082, 0x0020, 0x0841, 0x10C2, 0x10A2, 0x10C2, 0x10C2, 0x10A2, 0x10A2, 0x10A2, 0x10A2,
  0x10A2, 0x10A2, 0x10A2, 0x10A2, 0x10A2, 0x10C2, 0x10C2, 0x10A2, 0x10A2, 0x10A2, 0x10A2, 0x10A2,
  0x10C2, 0x10C2, 0x10C2, 0x10C2, 0x10C2, 0x10C2, 0x10A2, 0x10A2, 0x10A2, 0x10A2, 0x10A2, 0x10A2,
  0x10C2, 0x10C2, 0x10C2, 0x10C2, 0x10A2, 0x10A2, 0x10A2, 0x10A2, 0x10A2, 0x10A2, 0x10A2, 0x10A2,
  0x10A2, 0x10A2, 0x10A2, 0x10A2, 0x10A2, 0x10A2, 0x10A2, 0x10C2, 0x10A2, 0x10A2, 0x10A2, 0x10A2,
  0x10C2, 0x10A2, 0x10A2, 0x10A2, 0x10A2, 0x10A2, 0x10C2, 0x10C2, 0x10C2, 0x10C2, 0x10C2, 0x10C2,
  0x10C2, 0x10C2, 0x10A2, 0x10A2, 0x10A2, 0x10C2, 0x10C2, 0x10C2, 0x10A2, 0x10A2, 0x10C2, 0x10A2,
  0x10A2, 0x10A2, 0x10A2, 0x10A2, 0x10C2, 0x10C2, 0x10C2, 0x10C2, 0x10C2, 0x10C2, 0x10C2, 0x10C2,
  0x10C2, 0x10C2, 0x10C2, 0x10C2, 0x10C2, 0x10C2, 0x10A2, 0x10C2, 0x10C2, 0x10C2, 0x10C2, 0x10C2,
  0x10C2, 0x10C2, 0x10C2, 0x10C2, 0x10C2, 0x10A2, 0x10C2, 0x10C2, 0x10A2, 0x10A2, 0x10C2, 0x10C2,
  0x10C2, 0x10C2, 0x10C2, 0x10C2, 0x10A2, 0x10C2, 0x10A2, 0x10C2, 0x10A2, 0x10C2, 0x10C2, 0x10C2,
  0x10A2, 0x10A2, 0x10C2, 0x10C2, 0x10C2, 0x10A2, 0x10C2, 0x18C2, 0x10C2, 0x10C2, 0x10C2, 0x10C2,
  0x10C2, 0x10C2, 0x10C2, 0x10C2, 0x10C2, 0x10C2, 0x10C2, 0x10C2, 0x10C2, 0x10C2, 0x10C2, 0x10A2,
  0x10C2, 0x10C2, 0x10C2, 0x10C2, 0x10C2, 0x10C2, 0x10C2, 0x10C2, 0x10C2, 0x10C2, 0x10C2, 0x10C2,
  0x10C2, 0x10C2, 0x10C2, 0x10C2, 0x10C2, 0x10C2, 0x10C2, 0x10C2, 0x10A2, 0x10A2, 0x10A2, 0x10A2,
  0x10A2, 0x10A2, 0x10C2, 0x10C2, 0x10A2, 0x10A2, 0x10C2, 0x10A2, 0x10C2, 0x10C2, 0x10C2, 0x10A2,
  0x10A2, 0x10C2, 0x10A2, 0x10A2, 0x10A2, 0x10A2, 0x10A2, 0x10A2, 0x10A2, 0x10A2, 0x10A2, 0x10A2,
  0x10C2, 0x10A2, 0x10A2, 0x10A2, 0x10A2, 0x10A2, 0x10A2, 0x18C2, 0x0861, 0x0020, 0x1082, 0x0861,
  0x0861, 0x1082, 0x0020, 0x0000, 0x0000, 0x0000, 0x0000, 0x0000, 0x0000, 0x0000, 0x0000, 0x0000,
  0x0000, 0x0000, 0x0000, 0x0000, 0x0000, 0x0000, 0x0000, 0x0000, 0x0000, 0x0020, 0x0861, 0x0861,
  0x0861, 0x0861, 0x0021, 0x1082, 0x10C2, 0x10A2, 0x10A2, 0x10C2, 0x10C2, 0x10C2, 0x10A2, 0x10A2,
  0x10A2, 0x10A2, 0x10A2, 0x10A2, 0x10A2, 0x10C2, 0x10C2, 0x10C2, 0x10C2, 0x10C2, 0x10A2, 0x10A2,
  0x10C2, 0x10A2, 0x10A2, 0x10A2, 0x10C2, 0x10C2, 0x10A2, 0x10C2, 0x10A2, 0x10A2, 0x10A2, 0x10A2,
  0x10C2, 0x10C2, 0x10A2, 0x10A2, 0x10C2, 0x10A2, 0x10A2, 0x10A2, 0x10A2, 0x10A2, 0x10A2, 0x10A2,
  0x10A2, 0x10A2, 0x10A2, 0x10A2, 0x10A2, 0x10A2, 0x10C2, 0x10C2, 0x10A2, 0x10A2, 0x10A2, 0x10C2,
  0x10A2, 0x10C2, 0x10C2, 0x10C2, 0x10C2, 0x10C2, 0x10C2, 0x10C2, 0x10C2, 0x10C2, 0x10C2, 0x10C2,
  0x10C2, 0x10C2, 0x10C2, 0x10C2, 0x10C2, 0x10C2, 0x10C2, 0x10C2, 0x10C2, 0x10C2, 0x10C2, 0x10C2,
  0x10C2, 0x10A2, 0x10A2, 0x10A2, 0x10A2, 0x10C2, 0x10C2, 0x10C2, 0x10C2, 0x10C2, 0x10C2, 0x18C2,
  0x18C2, 0x18C2, 0x10C2, 0x10C2, 0x10C2, 0x10C2, 0x10C2, 0x10C2, 0x10C2, 0x10C2, 0x10C2, 0x10C2,
  0x10C2, 0x10C2, 0x18C2, 0x18C2, 0x10C2, 0x10C2, 0x10C2, 0x10C2, 0x10A2, 0x10A2, 0x10A2, 0x10C2,
  0x10C2, 0x10C2, 0x10C2, 0x10C2, 0x10A2, 0x10C2, 0x10A2, 0x10C2, 0x10A2, 0x10A2, 0x10C2, 0x10C2,
  0x10A2, 0x10C2, 0x10C2, 0x10C2, 0x10C2, 0x10C2, 0x10C2, 0x10C2, 0x10C2, 0x10C2, 0x10C2, 0x10C2,
  0x10C2, 0x10C2, 0x10C2, 0x10C2, 0x10C2, 0x10C2, 0x10C2, 0x10C2, 0x10C2, 0x10C2, 0x10C2, 0x10A2,
  0x10C2, 0x10C2, 0x10C2, 0x10C2, 0x10C2, 0x10C2, 0x10C2, 0x18C2, 0x10C2, 0x10C2, 0x10C2, 0x10C2,
  0x10C2, 0x10C2, 0x10C2, 0x10C2, 0x10C2, 0x10C2, 0x10C2, 0x10C2, 0x10A2, 0x10A2, 0x10A2, 0x10A2,
  0x10A2, 0x10A2, 0x10A2, 0x10A2, 0x10C2, 0x10C2, 0x10A2, 0x10A2, 0x10A2, 0x10A2, 0x10A2, 0x10C2,
  0x10C2, 0x10C2, 0x10A2, 0x10A2, 0x10A2, 0x10A2, 0x10A2, 0x10A2, 0x10A2, 0x10A2, 0x10A2, 0x10A2,
  0x10A2, 0x10A2, 0x10A2, 0x10A2, 0x10A2, 0x10A2, 0x10A2, 0x10C2, 0x10A2, 0x0841, 0x0861, 0x0861,
  0x0861, 0x0861, 0x0020, 0x0000, 0x0000, 0x0000, 0x0000, 0x0000, 0x0000, 0x0000, 0x0000, 0x0000,
  0x0000, 0x0000, 0x0000, 0x0000, 0x0000, 0x0000, 0x0000, 0x0000, 0x0000, 0x0020, 0x1082, 0x0861,
  0x0861, 0x0861, 0x0861, 0x10A2, 0x10A2, 0x10A2, 0x10C2, 0x10C2, 0x10A2, 0x10A2, 0x10A2, 0x10A2,
  0x10A2, 0x10A2, 0x10A2, 0x10A2, 0x10A2, 0x10A2, 0x10C2, 0x10A2, 0x10C2, 0x10C2, 0x10A2, 0x10A2,
  0x10A2, 0x10A2, 0x10A2, 0x10A2, 0x10A2, 0x10A2, 0x10A2, 0x10C2, 0x10A2, 0x10A2, 0x10A2, 0x10A2,
  0x10A2, 0x10C2, 0x10C2, 0x10A2, 0x10A2, 0x10A2, 0x10C2, 0x10A2, 0x10C2, 0x10C2, 0x10A2, 0x10A2,
  0x10A2, 0x10A2, 0x10A2, 0x10A2, 0x10C2, 0x10A2, 0x10A2, 0x10C2, 0x10C2, 0x10C2, 0x10C2, 0x10C2,
  0x10C2, 0x10C2, 0x10C2, 0x10C2, 0x10C2, 0x10C2, 0x10C2, 0x10C2, 0x10C2, 0x10C2, 0x10C2, 0x10A2,
  0x10C2, 0x10C2, 0x10C2, 0x10C2, 0x10C2, 0x10C2, 0x10C2, 0x10C2, 0x10A2, 0x10A2, 0x10A2, 0x10A2,
  0x10A2, 0x10A2, 0x10A2, 0x10A2, 0x10A2, 0x10A2, 0x10C2, 0x10C2, 0x10C2, 0x10C2, 0x10C2, 0x10C2,
  0x18C2, 0x18C2, 0x10C2, 0x10C2, 0x10C2, 0x10A2, 0x10C2, 0x10C2, 0x10C2, 0x10C2, 0x10C2, 0x10C2,
  0x10C2, 0x10C2, 0x10C2, 0x10C2, 0x10C2, 0x10C2, 0x10C2, 0x10C2, 0x10C2, 0x10C2, 0x10C2, 0x10C2,
  0x10A2, 0x10C2, 0x10C2, 0x10C2, 0x10A2, 0x10A2, 0x10C2, 0x10C2, 0x10C2, 0x10C2, 0x10A2, 0x10C2,
  0x10C2, 0x10C2, 0x10C2, 0x10C2, 0x10C2, 0x10C2, 0x10C2, 0x10C2, 0x10C2, 0x10C2, 0x10C2, 0x10C2,
  0x10C2, 0x10C2, 0x10C2, 0x10C2, 0x10C2, 0x10C2, 0x10C2, 0x10A2, 0x10A2, 0x10A2, 0x10C2, 0x10C2,
  0x10C2, 0x10C2, 0x10C2, 0x10C2, 0x18C2, 0x10C2, 0x10C2, 0x18C2, 0x10C2, 0x10C2, 0x10C2, 0x10C2,
  0x10C2, 0x10C2, 0x10C2, 0x10C2, 0x10C2, 0x10A2, 0x10A2, 0x10C2, 0x10A2, 0x10A2, 0x10A2, 0x10A2,
  0x10A2, 0x10A2, 0x10C2, 0x10C2, 0x10C2, 0x10C2, 0x10A2, 0x10A2, 0x10A2, 0x10A2, 0x10A2, 0x10A2,
  0x10C2, 0x10A2, 0x10C2, 0x10C2, 0x10A2, 0x10A2, 0x10A2, 0x10A2, 0x10C2, 0x10A2, 0x10A2, 0x10A2,
  0x10A2, 0x10A2, 0x10A2, 0x10A2, 0x10A2, 0x10A2, 0x10A2, 0x10A2, 0x10A2, 0x1081, 0x0861, 0x0861,
  0x0861, 0x0861, 0x0020, 0x0000, 0x0000, 0x0000, 0x0000, 0x0000, 0x0000, 0x0000, 0x0000, 0x0000,
  0x0000, 0x0000, 0x0000, 0x0000, 0x0000, 0x0000, 0x0000, 0x0000, 0x0000, 0x0020, 0x1082, 0x1082,
  0x1082, 0x0861, 0x1081, 0x10C2, 0x10A2, 0x10A2, 0x10C2, 0x10C2, 0x10A2, 0x10A2, 0x10A2, 0x10A2,
  0x10A2, 0x10A2, 0x10A2, 0x10A2, 0x10A2, 0x10A2, 0x10C2, 0x10A2, 0x10C2, 0x10C2, 0x10A2, 0x10A2,
  0x10A2, 0x10A2, 0x10A2, 0x10A2, 0x10A2, 0x10A2, 0x10A2, 0x10C2, 0x10A2, 0x10A2, 0x10A2, 0x10A2,
  0x10A2, 0x10C2, 0x10C2, 0x10A2, 0x10A2, 0x10A2, 0x10C2, 0x10A2, 0x10C2, 0x10C2, 0x10A2, 0x10A2,
  0x10A2, 0x10A2, 0x10A2, 0x10A2, 0x10C2, 0x10A2, 0x10A2, 0x10C2, 0x10C2, 0x10C2, 0x10C2, 0x10C2,
  0x10C2, 0x10C2, 0x10C2, 0x10C2, 0x10C2, 0x10C2, 0x10C2, 0x10C2, 0x10C2, 0x10C2, 0x10C2, 0x10A2,
  0x10C2, 0x10C2, 0x10C2, 0x10C2, 0x10C2, 0x10C2, 0x10C2, 0x10C2, 0x10A2, 0x10A2, 0x10C2, 0x10A2,
  0x10A2, 0x10A2, 0x10A2, 0x10A2, 0x10A2, 0x10A2, 0x10C2, 0x10C2, 0x10C2, 0x10C2, 0x10C2, 0x10C2,
  0x18C2, 0x18C2, 0x10C2, 0x10C2, 0x10C2, 0x10A2, 0x10C2, 0x10C2, 0x10C2, 0x10C2, 0x10C2, 0x10C2,
  0x10C2, 0x10C2, 0x10C2, 0x10C2, 0x10C2, 0x10C2, 0x10C2, 0x10C2, 0x10C2, 0x10C2, 0x10C2, 0x10C2,
  0x10C2, 0x10C2, 0x10C2, 0x10C2, 0x10A2, 0x10A2, 0x10C2, 0x10C2, 0x10C2, 0x10C2, 0x10A2, 0x10C2,
  0x10C2, 0x10C2, 0x10C2, 0x10C2, 0x10C2, 0x10C2, 0x10C2, 0x10C2, 0x10C2, 0x10C2, 0x10C2, 0x10C2,
  0x10C2, 0x10C2, 0x10C2, 0x10C2, 0x10C2, 0x10C2, 0x10C2, 0x10A2, 0x10A2, 0x10A2, 0x10C2, 0x10C2,
  0x10C2, 0x10C2, 0x10C2, 0x10C2, 0x18C2, 0x10C2, 0x10C2, 0x10C2, 0x10C2, 0x10C2, 0x10C2, 0x10C2,
  0x10C2, 0x10C2, 0x10C2, 0x10C2, 0x10C2, 0x10A2, 0x10A2, 0x10A2, 0x10A2, 0x10A2, 0x10A2, 0x10A2,
  0x10A2, 0x10A2, 0x10C2, 0x10C2, 0x10C2, 0x10A2, 0x10A2, 0x10A2, 0x10A2, 0x10A2, 0x10A2, 0x10A2,
  0x10C2, 0x10A2, 0x10C2, 0x10C2, 0x10A2, 0x10A2, 0x10A2, 0x10A2, 0x10C2, 0x10A2, 0x10A2, 0x10A2,
  0x10A2, 0x10A2, 0x10A2, 0x10A2, 0x10A2, 0x10A2, 0x10A2, 0x10A2, 0x10A2, 0x10A2, 0x0861, 0x0861,
  0x0861, 0x1082, 0x0020, 0x0000, 0x0000, 0x0000, 0x0000, 0x0000, 0x0000, 0x0000, 0x0000, 0x0000,
  0x0000, 0x0000, 0x0000, 0x0000, 0x0000, 0x0000, 0x0000, 0x0000, 0x0000, 0x0020, 0x0841, 0x0841,
  0x0841, 0x0841, 0x10A2, 0x10C2, 0x10A2, 0x10C2, 0x10C2, 0x10A2, 0x10A2, 0x10A2, 0x10C2, 0x10A2,
  0x10A2, 0x10A2, 0x10A2, 0x10A2, 0x10A2, 0x10A2, 0x10A2, 0x10A2, 0x10A2, 0x10A2, 0x10A2, 0x10A2,
  0x10A2, 0x10A2, 0x10A2, 0x10A2, 0x10A2, 0x10C2, 0x10C2, 0x10A2, 0x10C2, 0x10C2, 0x10A2, 0x10A2,
  0x10A2, 0x10A2, 0x10A2, 0x10A2, 0x10A2, 0x10A2, 0x10A2, 0x10C2, 0x10A2, 0x10A2, 0x10A2, 0x10A2,
  0x10A2, 0x10A2, 0x10A2, 0x10A2, 0x10A2, 0x10A2, 0x10C2, 0x10C2, 0x10C2, 0x10C2, 0x10A2, 0x10C2,
  0x10C2, 0x10A2, 0x10A2, 0x10A2, 0x10C2, 0x18C2, 0x10C2, 0x10C2, 0x10C2, 0x10C2, 0x10A2, 0x10C2,
  0x10A2, 0x10C2, 0x10C2, 0x10C2, 0x10A2, 0x10A2, 0x10A2, 0x10A2, 0x10A2, 0x10A2, 0x10C2, 0x10A2,
  0x10C2, 0x10A2, 0x10A2, 0x10C2, 0x10C2, 0x10C2, 0x10C2, 0x10C2, 0x10C2, 0x10C2, 0x10C2, 0x10C2,
  0x10C2, 0x10C2, 0x10C2, 0x10C2, 0x10A2, 0x10A2, 0x10A2, 0x10A2, 0x10A2, 0x10A2, 0x10C2, 0x10C2,
  0x10C2, 0x10C2, 0x10C2, 0x10C2, 0x10C2, 0x10C2, 0x10C2, 0x10C2, 0x10C2, 0x10C2, 0x10C2, 0x10C2,
  0x10C2, 0x10C2, 0x10C2, 0x10C2, 0x10C2, 0x10C2, 0x10C2, 0x18C2, 0x10C2, 0x10C2, 0x10C2, 0x10C2,
  0x10C2, 0x10C2, 0x10C2, 0x10C2, 0x10C2, 0x10C2, 0x10C2, 0x10A2, 0x10C2, 0x10C2, 0x10C2, 0x10A2,
  0x10C2, 0x10C2, 0x10C2, 0x10C2, 0x10A2, 0x10C2, 0x10C2, 0x10C2, 0x10C2, 0x10C2, 0x10C2, 0x10C2,
  0x10C2, 0x10C2, 0x10C2, 0x10C2, 0x10C2, 0x10C2, 0x10C2, 0x10C2, 0x10C2, 0x10C2, 0x10C2, 0x10C2,
  0x10C2, 0x10C2, 0x10C2, 0x10C2, 0x10C2, 0x10C2, 0x10A2, 0x10A2, 0x10A2, 0x10A2, 0x10C2, 0x10A2,
  0x10A2, 0x10C2, 0x10A2, 0x10A2, 0x10C2, 0x10C2, 0x10A2, 0x10A2, 0x10A2, 0x10A2, 0x10A2, 0x10A2,
  0x10A2, 0x10C2, 0x10C2, 0x10C2, 0x10C2, 0x10A2, 0x10A2, 0x10A2, 0x10A2, 0x10A2, 0x10A2, 0x10A2,
  0x10A2, 0x10A2, 0x10A2, 0x10A2, 0x10A2, 0x10A2, 0x10A2, 0x10A2, 0x10A2, 0x10A2, 0x0861, 0x0841,
  0x0841, 0x0841, 0x0000, 0x0000, 0x0000, 0x0000, 0x0000, 0x0000, 0x0000, 0x0000, 0x0000, 0x0000,
  0x0000, 0x0000, 0x0000, 0x0000, 0x0000, 0x0000, 0x0000, 0x0000, 0x0000, 0x0000, 0x0000, 0x0000,
  0x0000, 0x0020, 0x10A2, 0x10C2, 0x10A2, 0x10C2, 0x10C2, 0x10A2, 0x10A2, 0x10A2, 0x10A2, 0x10A2,
  0x10A2, 0x10A2, 0x10A2, 0x10A2, 0x10A2, 0x10A2, 0x10A2, 0x10A2, 0x10A2, 0x10A2, 0x10A2, 0x10A2,
  0x10A2, 0x10A2, 0x10C2, 0x10C2, 0x10A2, 0x10C2, 0x10C2, 0x10A2, 0x10A2, 0x10A2, 0x10A2, 0x10A2,
  0x10A2, 0x10A2, 0x10A2, 0x10A2, 0x10A2, 0x10A2, 0x10A2, 0x10C2, 0x10A2, 0x10A2, 0x10A2, 0x10A2,
  0x10A2, 0x10A2, 0x10A2, 0x10A2, 0x10A2, 0x10A2, 0x10C2, 0x10C2, 0x10C2, 0x10C2, 0x10C2, 0x10A2,
  0x10C2, 0x10C2, 0x10C2, 0x10C2, 0x10A2, 0x10C2, 0x10A2, 0x10C2, 0x10A2, 0x10A2, 0x10A2, 0x10A2,
  0x10C2, 0x10C2, 0x10C2, 0x10C2, 0x10A2, 0x10A2, 0x10A2, 0x10C2, 0x10A2, 0x10A2, 0x10A2, 0x10A2,
  0x10A2, 0x10A2, 0x10A2, 0x10A2, 0x10C2, 0x10C2, 0x10A2, 0x10C2, 0x10C2, 0x10C2, 0x10C2, 0x10C2,
  0x10C2, 0x10C2, 0x10C2, 0x10C2, 0x10A2, 0x10A2, 0x10A2, 0x10C2, 0x10C2, 0x10C2, 0x10C2, 0x10A2,
  0x10C2, 0x10C2, 0x10C2, 0x10C2, 0x10C2, 0x10C2, 0x10C2, 0x10C2, 0x10A2, 0x10A2, 0x10C2, 0x10C2,
  0x10C2, 0x10C2, 0x10C2, 0x10C2, 0x10A2, 0x10C2, 0x10C2, 0x10C2, 0x10C2, 0x10C2, 0x10C2, 0x10A2,
  0x10C2, 0x10A2, 0x10C2, 0x10C2, 0x10C2, 0x10C2, 0x10C2, 0x10A2, 0x10C2, 0x10C2, 0x10C2, 0x10C2,
  0x10C2, 0x10C2, 0x10C2, 0x10C2, 0x10C2, 0x10C2, 0x10C2, 0x10C2, 0x10C2, 0x10C2, 0x10C2, 0x10C2,
  0x10C2, 0x10C2, 0x10C2, 0x10C2, 0x10C2, 0x10C2, 0x10C2, 0x10C2, 0x10C2, 0x10C2, 0x10C2, 0x10C2,
  0x10C2, 0x18C2, 0x10C2, 0x10C2, 0x10C2, 0x10A2, 0x10A2, 0x10A2, 0x10A2, 0x10A2, 0x10A2, 0x10C2,
  0x10C2, 0x10C2, 0x10C2, 0x10C2, 0x10C2, 0x10A2, 0x10A2, 0x10A2, 0x10A2, 0x10A2, 0x10A2, 0x10A2,
  0x10A2, 0x10A2, 0x10C2, 0x10C2, 0x10A2, 0x10A2, 0x10A2, 0x10A2, 0x10A2, 0x10A2, 0x10A2, 0x10A2,
  0x10A2, 0x10A2, 0x10A2, 0x10A2, 0x10A2, 0x10A2, 0x10A2, 0x10A2, 0x10A2, 0x10A2, 0x0020, 0x0000,
  0x0000, 0x0000, 0x0000, 0x0000, 0x0000, 0x0000, 0x0000, 0x0000, 0x0000, 0x0000, 0x0000, 0x0000,
  0x0000, 0x0000, 0x0000, 0x0000, 0x0000, 0x0000, 0x0000, 0x0000, 0x0000, 0x0000, 0x0000, 0x0000,
  0x0000, 0x0841, 0x18C2, 0x10C2, 0x10C2, 0x10C2, 0x10C2, 0x10A2, 0x10A2, 0x10A2, 0x10C2, 0x10A2,
  0x10A2, 0x10A2, 0x10A2, 0x10A2, 0x10A2, 0x10A2, 0x10A2, 0x10A2, 0x10A2, 0x10A2, 0x10A2, 0x10A2,
  0x10C2, 0x10A2, 0x10A2, 0x10A2, 0x10C2, 0x10C2, 0x10C2, 0x10A2, 0x10A2, 0x10A2, 0x10A2, 0x10A2,
  0x10A2, 0x10A2, 0x10A2, 0x10A2, 0x10A2, 0x10A2, 0x10A2, 0x10A2, 0x10A2, 0x10A2, 0x10A2, 0x10A2,
  0x10A2, 0x10C2, 0x10A2, 0x10A2, 0x10A2, 0x10C2, 0x10C2, 0x10A2, 0x10C2, 0x10C2, 0x10A2, 0x10A2,
  0x10A2, 0x10C2, 0x10A2, 0x10A2, 0x10A2, 0x10A2, 0x10A2, 0x10C2, 0x10C2, 0x10C2, 0x10A2, 0x10C2,
  0x10C2, 0x10C2, 0x10C2, 0x10C2, 0x10A2, 0x10A2, 0x10A2, 0x10C2, 0x10A2, 0x10A2, 0x10C2, 0x10A2,
  0x10A2, 0x10A2, 0x10A2, 0x10A2, 0x10A2, 0x10A2, 0x10C2, 0x10C2, 0x10A2, 0x10A2, 0x10C2, 0x10C2,
  0x10C2, 0x10C2, 0x10C2, 0x10C2, 0x10C2, 0x10A2, 0x10A2, 0x10A2, 0x10C2, 0x10C2, 0x10A2, 0x10A2,
  0x10C2, 0x10C2, 0x10C2, 0x10C2, 0x10A2, 0x10C2, 0x10A2, 0x10A2, 0x10C2, 0x10C2, 0x10C2, 0x10C2,
  0x10C2, 0x10C2, 0x10C2, 0x10C2, 0x10C2, 0x10C2, 0x10C2, 0x10C2, 0x10C2, 0x10C2, 0x10C2, 0x10C2,
  0x10C2, 0x10C2, 0x10C2, 0x10C2, 0x10A2, 0x10C2, 0x10C2, 0x10C2, 0x10C2, 0x10C2, 0x10C2, 0x18C2,
  0x10C2, 0x18C2, 0x10C2, 0x10C2, 0x10C2, 0x10C2, 0x10C2, 0x10C2, 0x10C2, 0x10C2, 0x10C2, 0x10C2,
  0x10A2, 0x10C2, 0x18C2, 0x18C2, 0x10C2, 0x10C2, 0x10C2, 0x10C2, 0x10C2, 0x10C2, 0x10C2, 0x10A2,
  0x10A2, 0x10C2, 0x10C2, 0x10C2, 0x10C2, 0x10C2, 0x10C2, 0x10C2, 0x10C2, 0x10C2, 0x10A2, 0x10A2,
  0x10C2, 0x10C2, 0x10C2, 0x10C2, 0x10C2, 0x10A2, 0x10A2, 0x10C2, 0x10A2, 0x10A2, 0x10C2, 0x10C2,
  0x10A2, 0x10C2, 0x10C2, 0x10C2, 0x10C2, 0x10A2, 0x10A2, 0x10A2, 0x10A2, 0x10A2, 0x10A2, 0x10A2,
  0x10A2, 0x10A2, 0x10A2, 0x10A2, 0x10A2, 0x10A2, 0x10A2, 0x10A2, 0x10A2, 0x10A2, 0x0861, 0x0000,
  0x0000, 0x0000, 0x0000, 0x0000, 0x0000, 0x0000, 0x0000, 0x0000, 0x0000, 0x0000, 0x0000, 0x0000,
  0x0000, 0x0000, 0x0000, 0x0000, 0x0000, 0x0000, 0x0000, 0x0000, 0x0000, 0x0000, 0x0000, 0x0000,
  0x0000, 0x0881, 0x18C2, 0x10A2, 0x10A2, 0x10A2, 0x10C2, 0x10C2, 0x10A2, 0x10A2, 0x10A2, 0x10A2,
  0x10A2, 0x10A2, 0x10A2, 0x10A2, 0x10A2, 0x10A2, 0x10A2, 0x10A2, 0x10A2, 0x10A2, 0x10A2, 0x10C2,
  0x10C2, 0x10A2, 0x10A2, 0x10A2, 0x10A2, 0x10A2, 0x10C2, 0x10C2, 0x10C2, 0x10C2, 0x10C2, 0x10A2,
  0x10A2, 0x10A2, 0x10A2, 0x10A2, 0x10A2, 0x10A2, 0x10A2, 0x10A2, 0x10A2, 0x10A2, 0x10A2, 0x10A2,
  0x10A2, 0x10A2, 0x10A2, 0x10A2, 0x10A2, 0x10C2, 0x10C2, 0x10C2, 0x10C2, 0x10C2, 0x10C2, 0x10C2,
  0x10A2, 0x10C2, 0x10C2, 0x10C2, 0x10A2, 0x10C2, 0x10A2, 0x10A2, 0x10C2, 0x10C2, 0x10C2, 0x10A2,
  0x10C2, 0x10C2, 0x10C2, 0x10C2, 0x10A2, 0x10A2, 0x10A2, 0x10A2, 0x10A2, 0x10A2, 0x10A2, 0x10A2,
  0x10A2, 0x10A2, 0x10A2, 0x10A2, 0x10A2, 0x10A2, 0x18C2, 0x10C2, 0x10C2, 0x10C2, 0x10C2, 0x10C2,
  0x10A2, 0x10C2, 0x10C2, 0x10C2, 0x10A2, 0x10A2, 0x10A2, 0x10A2, 0x10C2, 0x10C2, 0x10C2, 0x10A2,
  0x10C2, 0x10A2, 0x10A2, 0x10C2, 0x10C2, 0x10C2, 0x10A2, 0x10A2, 0x10C2, 0x10C2, 0x10C2, 0x10C2,
  0x10C2, 0x10C2, 0x10C2, 0x10C2, 0x10C2, 0x10C2, 0x10C2, 0x10C2, 0x10C2, 0x10C2, 0x10C2, 0x10C2,
  0x10C2, 0x10C2, 0x10C2, 0x10C2, 0x10A2, 0x10C2, 0x10C2, 0x10C2, 0x10C2, 0x10C2, 0x10C2, 0x10C2,
  0x10C2, 0x10C2, 0x10C2, 0x10C2, 0x10C2, 0x10C2, 0x18C2, 0x10C2, 0x10C2, 0x10C2, 0x10C2, 0x10A2,
  0x10C2, 0x10C2, 0x10C2, 0x10C2, 0x10C2, 0x18C2, 0x10C2, 0x10C2, 0x10C2, 0x10C2, 0x10C2, 0x10A2,
  0x10C2, 0x10C2, 0x10C2, 0x10C2, 0x10C2, 0x10A2, 0x10A2, 0x10C2, 0x10C2, 0x10C2, 0x10A2, 0x10A2,
  0x10A2, 0x10C2, 0x10A2, 0x10C2, 0x10C2, 0x10C2, 0x10A2, 0x10A2, 0x10A2, 0x10A2, 0x10A2, 0x10C2,
  0x10A2, 0x10C2, 0x10C2, 0x10C2, 0x10A2, 0x10C2, 0x10C2, 0x10A2, 0x10A2, 0x10A2, 0x10A2, 0x10A2,
  0x10A2, 0x10A2, 0x10A2, 0x10A2, 0x10A2, 0x10A2, 0x10A2, 0x10A2, 0x10A2, 0x10A2, 0x1081, 0x0000,
  0x0000, 0x0000, 0x0000, 0x0000, 0x0000, 0x0000, 0x0000, 0x0000, 0x0000, 0x0000, 0x0000, 0x0000,
  0x0000, 0x0000, 0x0000, 0x0000, 0x0000, 0x0000, 0x0000, 0x0000, 0x0000, 0x0000, 0x0000, 0x0000,
  0x0000, 0x10A2, 0x10C2, 0x10C2, 0x10C2, 0x10C2, 0x10A2, 0x10C2, 0x10C2, 0x10C2, 0x10A2, 0x10A2,
  0x10A2, 0x10A2, 0x10A2, 0x10A2, 0x10A2, 0x10A2, 0x10A2, 0x10A2, 0x10A2, 0x10A2, 0x10A2, 0x10C2,
  0x10A2, 0x10A2, 0x10A2, 0x10A2, 0x10A2, 0x10C2, 0x10C2, 0x10C2, 0x10C2, 0x10C2, 0x10C2, 0x10A2,
  0x10A2, 0x10A2, 0x10A2, 0x10A2, 0x10A2, 0x10A2, 0x10A2, 0x10A2, 0x10A2, 0x10A2, 0x10A2, 0x10A2,
  0x10A2, 0x10A2, 0x10A2, 0x10A2, 0x10A2, 0x10C2, 0x10C2, 0x10A2, 0x10C2, 0x10C2, 0x10A2, 0x10A2,
  0x10A2, 0x10C2, 0x10C2, 0x10C2, 0x10A2, 0x10C2, 0x10C2, 0x10C2, 0x10C2, 0x10C2, 0x10C2, 0x10C2,
  0x10C2, 0x10C2, 0x10C2, 0x10C2, 0x10C2, 0x10C2, 0x10C2, 0x10A2, 0x10A2, 0x10A2, 0x10A2, 0x10C2,
  0x10C2, 0x10A2, 0x10C2, 0x10C2, 0x10A2, 0x10C2, 0x10C2, 0x10C2, 0x10C2, 0x10C2, 0x10C2, 0x10C2,
  0x10C2, 0x10C2, 0x10C2, 0x10C2, 0x10A2, 0x10C2, 0x10A2, 0x10A2, 0x10A2, 0x10A2, 0x10A2, 0x10A2,
  0x10C2, 0x10C2, 0x10C2, 0x10C2, 0x18C2, 0x10C2, 0x10C2, 0x10A2, 0x10C2, 0x10C2, 0x10C2, 0x10C2,
  0x10C2, 0x10C2, 0x10C2, 0x10C2, 0x10C2, 0x10A2, 0x10C2, 0x10C2, 0x10C2, 0x10C2, 0x10C2, 0x10C2,
  0x10C2, 0x10C2, 0x10C2, 0x10C2, 0x10C2, 0x10C2, 0x10C2, 0x10C2, 0x10C2, 0x10C2, 0x10C2, 0x10C2,
  0x18C2, 0x18C2, 0x10C2, 0x10C2, 0x10C2, 0x18C2, 0x18C2, 0x18C2, 0x10A2, 0x10A2, 0x10A2, 0x10A2,
  0x10C2, 0x10C2, 0x10C2, 0x10C2, 0x10C2, 0x10C2, 0x10C2, 0x18C2, 0x10C2, 0x10C2, 0x10C2, 0x10A2,
  0x10C2, 0x10C2, 0x10A2, 0x10A2, 0x18C2, 0x10C2, 0x10C2, 0x10C2, 0x10C2, 0x10C2, 0x10C2, 0x10A2,
  0x10A2, 0x10A2, 0x10A2, 0x10A2, 0x10A2, 0x10C2, 0x10C2, 0x10C2, 0x10A2, 0x10A2, 0x10C2, 0x10A2,
  0x10C2, 0x10C2, 0x10C2, 0x10C2, 0x10C2, 0x10C2, 0x10C2, 0x10A2, 0x10A2, 0x10A2, 0x10A2, 0x10A2,
  0x10A2, 0x10A2, 0x10A2, 0x10A2, 0x10A2, 0x10A2, 0x10A2, 0x10A2, 0x10A2, 0x10A2, 0x10A2, 0x0000,
  0x0000, 0x0000, 0x0000, 0x0000, 0x0000, 0x0000, 0x0000, 0x0000, 0x0000, 0x0000, 0x0000, 0x0000,
  0x0000, 0x0000, 0x0000, 0x0000, 0x0000, 0x0000, 0x0000, 0x0000, 0x0000, 0x0000, 0x0020, 0x0020,
  0x0841, 0x10C2, 0x10C2, 0x10C2, 0x10C2, 0x10C2, 0x10A2, 0x10C2, 0x10C2, 0x10C2, 0x10A2, 0x10A2,
  0x10A2, 0x10A2, 0x10A2, 0x10A2, 0x10A2, 0x10A2, 0x10A2, 0x10A2, 0x10A2, 0x10A2, 0x10A2, 0x10C2,
  0x10A2, 0x10A2, 0x10A2, 0x10A2, 0x10A2, 0x10C2, 0x10C2, 0x10C2, 0x10C2, 0x10C2, 0x10C2, 0x10A2,
  0x10A2, 0x10A2, 0x10A2, 0x10A2, 0x10A2, 0x10A2, 0x10A2, 0x10A2, 0x10A2, 0x10A2, 0x10A2, 0x10A2,
  0x10A2, 0x10A2, 0x10A2, 0x10A2, 0x10A2, 0x10C2, 0x10C2, 0x10A2, 0x10A2, 0x10A2, 0x10A2, 0x10A2,
  0x10C2, 0x10C2, 0x10C2, 0x10C2, 0x10A2, 0x10C2, 0x10C2, 0x10C2, 0x10C2, 0x10C2, 0x10C2, 0x10C2,
  0x10C2, 0x10C2, 0x10C2, 0x10C2, 0x10C2, 0x10C2, 0x10C2, 0x10A2, 0x10A2, 0x10A2, 0x10A2, 0x10C2,
  0x10C2, 0x10A2, 0x10C2, 0x10C2, 0x10C2, 0x10C2, 0x10C2, 0x10C2, 0x10C2, 0x10C2, 0x10C2, 0x10C2,
  0x10C2, 0x10C2, 0x10C2, 0x10C2, 0x10A2, 0x10C2, 0x10A2, 0x10A2, 0x10A2, 0x10A2, 0x10A2, 0x10A2,
  0x10C2, 0x10C2, 0x10C2, 0x10C2, 0x18C2, 0x10C2, 0x10C2, 0x10A2, 0x10C2, 0x10C2, 0x10C2, 0x10C2,
  0x10C2, 0x10C2, 0x10C2, 0x10C2, 0x10C2, 0x10A2, 0x10C2, 0x10C2, 0x10C2, 0x10C2, 0x10C2, 0x18C2,
  0x10C2, 0x10C2, 0x10C2, 0x10C2, 0x10C2, 0x10C2, 0x10C2, 0x10C2, 0x10C2, 0x10C2, 0x10C2, 0x10C2,
  0x18C2, 0x18C2, 0x10C2, 0x18C2, 0x10C2, 0x18C2, 0x18C2, 0x18C2, 0x10A2, 0x10A2, 0x10A2, 0x10A2,
  0x10C2, 0x10C2, 0x10C2, 0x10C2, 0x10C2, 0x10C2, 0x10C2, 0x18C2, 0x10C2, 0x10C2, 0x10C2, 0x10A2,
  0x10C2, 0x10C2, 0x10A2, 0x10A2, 0x18C2, 0x10C2, 0x10C2, 0x18C2, 0x18C2, 0x10C2, 0x10A2, 0x10A2,
  0x10A2, 0x10A2, 0x10A2, 0x10A2, 0x10A2, 0x10C2, 0x10C2, 0x10C2, 0x10A2, 0x10A2, 0x10C2, 0x10A2,
  0x10C2, 0x10C2, 0x10C2, 0x10C2, 0x10C2, 0x10C2, 0x10C2, 0x10A2, 0x10A2, 0x10A2, 0x10A2, 0x10A2,
  0x10A2, 0x10A2, 0x10A2, 0x10A2, 0x10A2, 0x10A2, 0x10A2, 0x10A2, 0x10A2, 0x10A2, 0x10A2, 0x0861,
  0x0020, 0x0841, 0x0000, 0x0000, 0x0000, 0x0000, 0x0000, 0x0000, 0x0000, 0x0000, 0x0000, 0x0000,
  0x0000, 0x0000, 0x0000, 0x0000, 0x0000, 0x0000, 0x0000, 0x0000, 0x0000, 0x0020, 0x1082, 0x0861,
  0x1082, 0x10C2, 0x10C2, 0x10C2, 0x10C2, 0x10C2, 0x10C2, 0x10A2, 0x10C2, 0x10C2, 0x10C2, 0x10C2,
  0x10C2, 0x10C2, 0x10C2, 0x10C2, 0x10C2, 0x10A2, 0x10A2, 0x10A2, 0x10C2, 0x10C2, 0x10C2, 0x10C2,
  0x10A2, 0x10A2, 0x10A2, 0x10A2, 0x10A2, 0x10C2, 0x10C2, 0x10C2, 0x10C2, 0x10C2, 0x10C2, 0x10C2,
  0x10C2, 0x10A2, 0x10A2, 0x10A2, 0x10A2, 0x10A2, 0x10A2, 0x10A2, 0x10A2, 0x10A2, 0x10A2, 0x10A2,
  0x10A2, 0x10A2, 0x10A2, 0x10A2, 0x10A2, 0x10C2, 0x10C2, 0x10A2, 0x10A2, 0x10A2, 0x10A2, 0x10A2,
  0x10A2, 0x10A2, 0x10C2, 0x10C2, 0x10C2, 0x10C2, 0x10C2, 0x10C2, 0x10C2, 0x10C2, 0x10A2, 0x10A2,
  0x10C2, 0x10C2, 0x10A2, 0x10A2, 0x10C2, 0x10C2, 0x10C2, 0x10A2, 0x10A2, 0x10A2, 0x10A2, 0x10A2,
  0x10A2, 0x10C2, 0x10C2, 0x10C2, 0x10C2, 0x10C2, 0x10C2, 0x10C2, 0x10A2, 0x10A2, 0x10C2, 0x10C2,
  0x10C2, 0x10C2, 0x10C2, 0x10C2, 0x10A2, 0x10C2, 0x10A2, 0x10A2, 0x10C2, 0x10C2, 0x10C2, 0x10A2,
  0x10C2, 0x10C2, 0x10C2, 0x10C2, 0x10C2, 0x10C2, 0x10C2, 0x10C2, 0x10C2, 0x10C2, 0x10A2, 0x10C2,
  0x10C2, 0x10C2, 0x10C2, 0x10C2, 0x10C2, 0x10C2, 0x10C2, 0x10C2, 0x10C2, 0x10C2, 0x10C2, 0x10C2,
  0x10C2, 0x10C2, 0x10C2, 0x10C2, 0x10C2, 0x10C2, 0x10C2, 0x10C2, 0x10C2, 0x10C2, 0x10C2, 0x10C2,
  0x18C2, 0x18C2, 0x10C2, 0x10C2, 0x18C2, 0x10C2, 0x10C2, 0x10C2, 0x10C2, 0x10C2, 0x10C2, 0x10C2,
  0x10A2, 0x10C2, 0x10C2, 0x10C2, 0x10C2, 0x10C2, 0x10C2, 0x10C2, 0x10C2, 0x10C2, 0x10C2, 0x10C2,
  0x10C2, 0x10A2, 0x10C2, 0x10C2, 0x10C2, 0x10C2, 0x10C2, 0x10C2, 0x10C2, 0x10C2, 0x10A2, 0x10A2,
  0x10A2, 0x10C2, 0x10C2, 0x10C2, 0x10C2, 0x10A2, 0x10A2, 0x10A2, 0x10A2, 0x10A2, 0x10A2, 0x10A2,
  0x10A2, 0x10A2, 0x10C2, 0x10C2, 0x10A2, 0x10C2, 0x10C2, 0x10A2, 0x10A2, 0x10A2, 0x10A2, 0x10A2,
  0x10A2, 0x10A2, 0x10A2, 0x10A2, 0x10A2, 0x10A2, 0x10A2, 0x10A2, 0x10A2, 0x10A2, 0x10A2, 0x10A2,
  0x0861, 0x1082, 0x0020, 0x0000, 0x0000, 0x0000, 0x0000, 0x0000, 0x0000, 0x0000, 0x0000, 0x0000,
  0x0000, 0x0000, 0x0000, 0x0000, 0x0000, 0x0000, 0x0000, 0x0000, 0x0000, 0x0020, 0x0861, 0x0861,
  0x10A2, 0x10A2, 0x10C2, 0x10C2, 0x10A2, 0x10A2, 0x10A2, 0x10C2, 0x10C2, 0x10C2, 0x10C2, 0x10C2,
  0x10C2, 0x10C2, 0x10C2, 0x10C2, 0x10C2, 0x10C2, 0x10C2, 0x10C2, 0x10C2, 0x10C2, 0x10C2, 0x10C2,
  0x10C2, 0x10A2, 0x10C2, 0x10C2, 0x10A2, 0x10C2, 0x10C2, 0x10C2, 0x10C2, 0x10C2, 0x10C2, 0x10A2,
  0x10A2, 0x10A2, 0x10A2, 0x10A2, 0x10A2, 0x10A2, 0x10A2, 0x10A2, 0x10C2, 0x10C2, 0x10A2, 0x10A2,
  0x10A2, 0x10A2, 0x10A2, 0x10A2, 0x10A2, 0x10A2, 0x10C2, 0x10C2, 0x10C2, 0x10C2, 0x10A2, 0x10A2,
  0x10A2, 0x10A2, 0x10A2, 0x10A2, 0x10C2, 0x18C2, 0x10C2, 0x10C2, 0x10C2, 0x10C2, 0x10C2, 0x10A2,
  0x10A2, 0x10C2, 0x10C2, 0x10C2, 0x10C2, 0x10C2, 0x10C2, 0x10A2, 0x10A2, 0x10A2, 0x10A2, 0x10A2,
  0x10A2, 0x10A2, 0x10C2, 0x10C2, 0x10A2, 0x10A2, 0x10C2, 0x10C2, 0x10A2, 0x10A2, 0x10C2, 0x10C2,
  0x10C2, 0x10C2, 0x10C2, 0x10C2, 0x10A2, 0x10C2, 0x10A2, 0x10C2, 0x10C2, 0x10C2, 0x10A2, 0x10C2,
  0x10C2, 0x10C2, 0x10C2, 0x10C2, 0x18C2, 0x10C2, 0x10C2, 0x10C2, 0x10C2, 0x10C2, 0x10C2, 0x10C2,
  0x10C2, 0x10C2, 0x10C2, 0x10C2, 0x10C2, 0x10A2, 0x10C2, 0x10C2, 0x10C2, 0x10C2, 0x10C2, 0x10C2,
  0x10C2, 0x10C2, 0x10C2, 0x10C2, 0x10C2, 0x10C2, 0x18C2, 0x10C2, 0x10C2, 0x10C2, 0x18C2, 0x10C2,
  0x10C2, 0x18C2, 0x10C2, 0x10C2, 0x10C2, 0x18C2, 0x18C2, 0x18C2, 0x10C2, 0x10A2, 0x10A2, 0x10C2,
  0x10C2, 0x10C2, 0x10C2, 0x10C2, 0x10C2, 0x10C2, 0x10C2, 0x10C2, 0x10C2, 0x10C2, 0x10C2, 0x10A2,
  0x10A2, 0x10C2, 0x10C2, 0x10C2, 0x10C2, 0x10C2, 0x10C2, 0x10C2, 0x10C2, 0x10C2, 0x10C2, 0x18C2,
  0x10C2, 0x10A2, 0x10A2, 0x10A2, 0x10A2, 0x10A2, 0x10A2, 0x10A2, 0x10A2, 0x10A2, 0x10A2, 0x10C2,
  0x10C2, 0x10C2, 0x10C2, 0x10C2, 0x10C2, 0x10C2, 0x10A2, 0x10A2, 0x10A2, 0x10A2, 0x10A2, 0x10A2,
  0x10A2, 0x10A2, 0x10A2, 0x10A2, 0x10A2, 0x10A2, 0x10A2, 0x10A2, 0x10A2, 0x10A2, 0x10A2, 0x10A2,
  0x0861, 0x0861, 0x0020, 0x0000, 0x0000, 0x0000, 0x0000, 0x0000, 0x0000, 0x0000, 0x0000, 0x0000,
  0x0000, 0x0000, 0x0000, 0x0000, 0x0000, 0x0000, 0x0000, 0x0000, 0x0000, 0x0020, 0x0862, 0x0861,
  0x10A2, 0x10A2, 0x10A2, 0x10A2, 0x10A2, 0x10C2, 0x10A2, 0x10A2, 0x10A2, 0x10A2, 0x10C2, 0x10C2,
  0x10C2, 0x10C2, 0x10C2, 0x10C2, 0x10A2, 0x10A2, 0x10C2, 0x10C2, 0x10C2, 0x10C2, 0x10C2, 0x10C2,
  0x10C2, 0x10C2, 0x10C2, 0x10C2, 0x10A2, 0x10C2, 0x10A2, 0x10C2, 0x10C2, 0x10C2, 0x10C2, 0x10A2,
  0x10C2, 0x10A2, 0x10A2, 0x10A2, 0x10A2, 0x10A2, 0x10A2, 0x10C2, 0x10C2, 0x10C2, 0x10C2, 0x10A2,
  0x10C2, 0x10C2, 0x10A2, 0x10A2, 0x10A2, 0x10A2, 0x10C2, 0x10C2, 0x10C2, 0x10C2, 0x10A2, 0x10A2,
  0x10A2, 0x10A2, 0x10A2, 0x10A2, 0x10A2, 0x10C2, 0x10C2, 0x18C2, 0x10C2, 0x10C2, 0x10C2, 0x10A2,
  0x10A2, 0x10A2, 0x10A2, 0x10A2, 0x10C2, 0x10A2, 0x10A2, 0x10A2, 0x10A2, 0x10A2, 0x10A2, 0x10A2,
  0x10A2, 0x10A2, 0x10A2, 0x10C2, 0x10C2, 0x10C2, 0x10C2, 0x10A2, 0x10C2, 0x10C2, 0x10A2, 0x10A2,
  0x10C2, 0x10C2, 0x10C2, 0x10C2, 0x10C2, 0x10C2, 0x10C2, 0x10A2, 0x10A2, 0x10A2, 0x10A2, 0x10C2,
  0x10C2, 0x10C2, 0x10C2, 0x10C2, 0x10C2, 0x10C2, 0x10C2, 0x10C2, 0x10C2, 0x10C2, 0x10C2, 0x10C2,
  0x10A2, 0x10A2, 0x10A2, 0x10C2, 0x10C2, 0x10C2, 0x10C2, 0x10C2, 0x10C2, 0x18C2, 0x18C2, 0x10C2,
  0x10C2, 0x18C2, 0x10C2, 0x10C2, 0x10C2, 0x10C2, 0x10C2, 0x10C2, 0x10C2, 0x10C2, 0x10C2, 0x10C2,
  0x10C2, 0x10C2, 0x10C2, 0x10C2, 0x10C2, 0x10C2, 0x10C2, 0x18C2, 0x18C2, 0x10A2, 0x10A2, 0x10C2,
  0x10A2, 0x10C2, 0x10C2, 0x10C2, 0x10C2, 0x10C2, 0x10C2, 0x10C2, 0x10C2, 0x10C2, 0x10A2, 0x10C2,
  0x10A2, 0x10C2, 0x10C2, 0x10C2, 0x10C2, 0x10C2, 0x10C2, 0x10C2, 0x10C2, 0x10C2, 0x10C2, 0x10A2,
  0x10C2, 0x10A2, 0x10C2, 0x10C2, 0x10A2, 0x10A2, 0x10A2, 0x10A2, 0x10A2, 0x10A2, 0x10C2, 0x10C2,
  0x10C2, 0x10A2, 0x10C2, 0x10C2, 0x10A2, 0x10A2, 0x10A2, 0x10A2, 0x10A2, 0x10A2, 0x10A2, 0x10A2,
  0x10A2, 0x10A2, 0x10A2, 0x10A2, 0x10A2, 0x10A2, 0x10A2, 0x10A2, 0x10A2, 0x10A2, 0x10A2, 0x10A2,
  0x1061, 0x0861, 0x0020, 0x0000, 0x0000, 0x0000, 0x0000, 0x0000, 0x0000, 0x0000, 0x0000, 0x0000,
  0x0000, 0x0000, 0x0000, 0x0000, 0x0000, 0x0000, 0x0000, 0x0000, 0x0000, 0x0020, 0x1082, 0x1081,
  0x10A2, 0x10A2, 0x10C2, 0x10C2, 0x10C2, 0x10C2, 0x10A2, 0x10A2, 0x10A2, 0x10A2, 0x10A2, 0x10C2,
  0x10C2, 0x10A2, 0x10C2, 0x10C2, 0x10A2, 0x10A2, 0x10A2, 0x10C2, 0x10C2, 0x10C2, 0x10C2, 0x10C2,
  0x10C2, 0x10C2, 0x10C2, 0x10C2, 0x10A2, 0x10C2, 0x10C2, 0x10C2, 0x10C2, 0x10C2, 0x10C2, 0x10C2,
  0x10C2, 0x10C2, 0x10A2, 0x10A2, 0x10A2, 0x10A2, 0x10C2, 0x10C2, 0x10C2, 0x10C2, 0x10C2, 0x10C2,
  0x10C2, 0x10C2, 0x10A2, 0x10A2, 0x10A2, 0x10A2, 0x10C2, 0x10A2, 0x10A2, 0x10A2, 0x10A2, 0x10A2,
  0x10A2, 0x10C2, 0x10A2, 0x10A2, 0x10C2, 0x10C2, 0x10C2, 0x10C2, 0x10C2, 0x10C2, 0x10A2, 0x10C2,
  0x10C2, 0x10C2, 0x10C2, 0x10C2, 0x10C2, 0x10C2, 0x10C2, 0x10C2, 0x10A2, 0x10A2, 0x10A2, 0x10A2,
  0x10A2, 0x10C2, 0x10C2, 0x10C2, 0x10C2, 0x10C2, 0x10A2, 0x10A2, 0x10A2, 0x10A2, 0x10C2, 0x10C2,
  0x10C2, 0x10C2, 0x10C2, 0x10C2, 0x10C2, 0x10C2, 0x10A2, 0x10A2, 0x10A2, 0x10C2, 0x10C2, 0x10C2,
  0x10C2, 0x10C2, 0x10C2, 0x10C2, 0x10C2, 0x10C2, 0x10C2, 0x10C2, 0x10C2, 0x10C2, 0x10C2, 0x10C2,
  0x10C2, 0x10A2, 0x10C2, 0x10C2, 0x10C2, 0x10C2, 0x10C2, 0x10C2, 0x10C2, 0x18C2, 0x10C2, 0x10C2,
  0x10C2, 0x10C2, 0x10C2, 0x10C2, 0x10A2, 0x10C2, 0x10C2, 0x10C2, 0x10C2, 0x10C2, 0x10C2, 0x10C2,
  0x10C2, 0x10C2, 0x10C2, 0x10C2, 0x10C2, 0x10C2, 0x10C2, 0x10C2, 0x10C2, 0x10C2, 0x10C2, 0x10A2,
  0x10A2, 0x10C2, 0x10C2, 0x10C2, 0x10C2, 0x10C2, 0x10C2, 0x10A2, 0x10A2, 0x10C2, 0x10C2, 0x10C2,
  0x10C2, 0x10A2, 0x10C2, 0x10C2, 0x10C2, 0x10C2, 0x10C2, 0x10C2, 0x10A2, 0x10A2, 0x10C2, 0x10A2,
  0x10C2, 0x10A2, 0x10A2, 0x10A2, 0x10C2, 0x10C2, 0x10A2, 0x10A2, 0x10A2, 0x10A2, 0x10C2, 0x10C2,
  0x10C2, 0x10C2, 0x10C2, 0x10C2, 0x10A2, 0x10A2, 0x10A2, 0x10A2, 0x10A2, 0x10A2, 0x10A2, 0x10A2,
  0x10C2, 0x10A2, 0x10A2, 0x10A2, 0x10A2, 0x10A2, 0x10A2, 0x10A2, 0x10A2, 0x10A2, 0x10A2, 0x10A2,
  0x1082, 0x1062, 0x0020, 0x0000, 0x0000, 0x0000, 0x0000, 0x0000, 0x0000, 0x0000, 0x0000, 0x0000,
  0x0000, 0x0000, 0x0000, 0x0000, 0x0000, 0x0000, 0x0000, 0x0000, 0x0000, 0x0020, 0x0841, 0x0861,
  0x10C2, 0x10A2, 0x10C2, 0x10C2, 0x10A2, 0x10C2, 0x10A2, 0x10A2, 0x10A2, 0x10A2, 0x10C2, 0x10A2,
  0x10A2, 0x10A2, 0x10A2, 0x10A2, 0x10A2, 0x10A2, 0x10A2, 0x10A2, 0x10C2, 0x10C2, 0x10A2, 0x10C2,
  0x10C2, 0x10A2, 0x10A2, 0x10A2, 0x10A2, 0x10C2, 0x10C2, 0x10C2, 0x10C2, 0x10C2, 0x10C2, 0x10C2,
  0x10C2, 0x10C2, 0x10A2, 0x10A2, 0x10C2, 0x10A2, 0x10A2, 0x10A2, 0x10C2, 0x10C2, 0x10A2, 0x10C2,
  0x10A2, 0x10C2, 0x10A2, 0x10A2, 0x10A2, 0x10A2, 0x10A2, 0x10A2, 0x10A2, 0x10A2, 0x10A2, 0x10A2,
  0x10A2, 0x10C2, 0x10C2, 0x10C2, 0x10C2, 0x10A2, 0x10C2, 0x10C2, 0x10C2, 0x10C2, 0x10C2, 0x10C2,
  0x10C2, 0x10A2, 0x10A2, 0x10A2, 0x10A2, 0x10A2, 0x10C2, 0x10A2, 0x10C2, 0x10C2, 0x10C2, 0x10A2,
  0x10C2, 0x10C2, 0x10C2, 0x10C2, 0x10C2, 0x10A2, 0x10A2, 0x10A2, 0x10A2, 0x10A2, 0x10A2, 0x10A2,
  0x10A2, 0x10C2, 0x10C2, 0x10C2, 0x10A2, 0x10A2, 0x10A2, 0x10A2, 0x10C2, 0x10C2, 0x10C2, 0x10C2,
  0x10C2, 0x10C2, 0x10C2, 0x10C2, 0x10C2, 0x10C2, 0x10C2, 0x10C2, 0x10A2, 0x10A2, 0x10C2, 0x10A2,
  0x10C2, 0x10C2, 0x10C2, 0x10C2, 0x10C2, 0x10C2, 0x10C2, 0x10C2, 0x10C2, 0x10C2, 0x18C2, 0x10C2,
  0x10C2, 0x10C2, 0x10C2, 0x10C2, 0x10C2, 0x10C2, 0x10C2, 0x10C2, 0x18C2, 0x18C2, 0x10C2, 0x10C2,
  0x10C2, 0x10C2, 0x18C2, 0x10C2, 0x10C2, 0x10C2, 0x18C2, 0x10C2, 0x10C2, 0x10C2, 0x10C2, 0x10C2,
  0x10A2, 0x10C2, 0x10C2, 0x10C2, 0x10C2, 0x10C2, 0x10A2, 0x10C2, 0x10A2, 0x10A2, 0x10A2, 0x10C2,
  0x10C2, 0x10C2, 0x10A2, 0x10A2, 0x10A2, 0x10A2, 0x10A2, 0x10C2, 0x10C2, 0x10C2, 0x10C2, 0x10C2,
  0x10A2, 0x10A2, 0x10A2, 0x10A2, 0x10A2, 0x10A2, 0x10A2, 0x10A2, 0x10A2, 0x10A2, 0x10C2, 0x10C2,
  0x10C2, 0x10A2, 0x10A2, 0x10A2, 0x10A2, 0x10A2, 0x10A2, 0x10A2, 0x10A2, 0x10A2, 0x10A2, 0x10A2,
  0x10A2, 0x10A2, 0x10A2, 0x10A2, 0x10A2, 0x10C2, 0x10A2, 0x10A2, 0x10A2, 0x10A2, 0x10A2, 0x10A2,
  0x1081, 0x0841, 0x0000, 0x0000, 0x0000, 0x0000, 0x0000, 0x0000, 0x0000, 0x0000, 0x0000, 0x0000,
  0x0000, 0x0000, 0x0000, 0x0000, 0x0000, 0x0000, 0x0000, 0x0000, 0x0000, 0x0000, 0x0000, 0x0861,
  0x18C2, 0x10A2, 0x10C2, 0x10C2, 0x10A2, 0x10C2, 0x10A2, 0x10A2, 0x10A2, 0x10A2, 0x10C2, 0x10A2,
  0x10A2, 0x10A2, 0x10A2, 0x10A2, 0x10A2, 0x10A2, 0x10A2, 0x10A2, 0x10C2, 0x10C2, 0x10A2, 0x10C2,
  0x10C2, 0x10A2, 0x10A2, 0x10A2, 0x10A2, 0x10C2, 0x10C2, 0x10C2, 0x10C2, 0x10C2, 0x10C2, 0x10C2,
  0x10C2, 0x10C2, 0x10A2, 0x10A2, 0x10C2, 0x10A2, 0x10A2, 0x10C2, 0x10C2, 0x10C2, 0x10A2, 0x10C2,
  0x10A2, 0x10C2, 0x10A2, 0x10A2, 0x10A2, 0x10A2, 0x10A2, 0x10A2, 0x10A2, 0x10A2, 0x10A2, 0x10A2,
  0x10A2, 0x10C2, 0x10C2, 0x10C2, 0x10C2, 0x10A2, 0x10C2, 0x10C2, 0x10C2, 0x10C2, 0x10C2, 0x10C2,
  0x10C2, 0x10A2, 0x10A2, 0x10A2, 0x10A2, 0x10A2, 0x10C2, 0x10A2, 0x10C2, 0x10C2, 0x10C2, 0x10C2,
  0x10C2, 0x10C2, 0x10A2, 0x10A2, 0x10C2, 0x10A2, 0x10A2, 0x10A2, 0x10A2, 0x10A2, 0x10A2, 0x10A2,
  0x10A2, 0x10C2, 0x10C2, 0x10C2, 0x10A2, 0x10A2, 0x10A2, 0x10A2, 0x10C2, 0x10C2, 0x10C2, 0x10C2,
  0x10C2, 0x10C2, 0x10C2, 0x10C2, 0x10C2, 0x10C2, 0x10C2, 0x10C2, 0x10A2, 0x10A2, 0x10C2, 0x10C2,
  0x10C2, 0x10C2, 0x10C2, 0x10C2, 0x10C2, 0x10C2, 0x10C2, 0x10C2, 0x10C2, 0x10C2, 0x18C2, 0x10C2,
  0x10C2, 0x10C2, 0x10C2, 0x10C2, 0x10C2, 0x10C2, 0x10C2, 0x10C2, 0x18C2, 0x18C2, 0x10C2, 0x10C2,
  0x10C2, 0x10C2, 0x18C2, 0x10C2, 0x10C2, 0x10C2, 0x10C2, 0x18C2, 0x10C2, 0x10C2, 0x10C2, 0x10C2,
  0x10A2, 0x10C2, 0x10C2, 0x10C2, 0x10C2, 0x10C2, 0x10A2, 0x10C2, 0x10A2, 0x10A2, 0x10A2, 0x10C2,
  0x10C2, 0x10C2, 0x10A2, 0x10A2, 0x10A2, 0x10A2, 0x10A2, 0x10C2, 0x10C2, 0x18C2, 0x10C2, 0x10C2,
  0x10A2, 0x10C2, 0x10C2, 0x10A2, 0x10A2, 0x10A2, 0x10A2, 0x10A2, 0x10A2, 0x10A2, 0x10C2, 0x10C2,
  0x10C2, 0x10A2, 0x10A2, 0x10A2, 0x10A2, 0x10A2, 0x10A2, 0x10A2, 0x10A2, 0x10A2, 0x10A2, 0x10A2,
  0x10A2, 0x10A2, 0x10A2, 0x10A2, 0x10A2, 0x10C2, 0x10A2, 0x10A2, 0x10A2, 0x10A2, 0x10A2, 0x10C2,
  0x1061, 0x0000, 0x0000, 0x0000, 0x0000, 0x0000, 0x0000, 0x0000, 0x0000, 0x0000, 0x0000, 0x0000,
  0x0000, 0x0000, 0x0000, 0x0000, 0x0000, 0x0000, 0x0000, 0x0000, 0x0000, 0x0000, 0x0000, 0x1082,
  0x18C2, 0x10C2, 0x10C2, 0x10C2, 0x10C2, 0x10C2, 0x10C2, 0x10A2, 0x10C2, 0x10C2, 0x10C2, 0x10C2,
  0x10A2, 0x10A2, 0x10A2, 0x10A2, 0x10A2, 0x10A2, 0x10A2, 0x10A2, 0x10A2, 0x10A2, 0x10A2, 0x10A2,
  0x10C2, 0x10C2, 0x10C2, 0x10C2, 0x10A2, 0x10C2, 0x10C2, 0x10C2, 0x10C2, 0x10C2, 0x10C2, 0x10C2,
  0x10C2, 0x10C2, 0x10C2, 0x10C2, 0x10A2, 0x10A2, 0x10A2, 0x10C2, 0x10A2, 0x10A2, 0x10C2, 0x10C2,
  0x10C2, 0x10C2, 0x10C2, 0x10A2, 0x10A2, 0x10A2, 0x10A2, 0x10A2, 0x10A2, 0x10A2, 0x10A2, 0x10A2,
  0x10C2, 0x10C2, 0x10C2, 0x10C2, 0x10A2, 0x10A2, 0x10A2, 0x10A2, 0x10A2, 0x10A2, 0x10C2, 0x10C2,
  0x10A2, 0x10C2, 0x10A2, 0x10A2, 0x10A2, 0x10A2, 0x10C2, 0x10C2, 0x10C2, 0x10C2, 0x10A2, 0x10C2,
  0x10A2, 0x10A2, 0x10A2, 0x10A2, 0x10C2, 0x10C2, 0x10A2, 0x10A2, 0x10A2, 0x10A2, 0x10A2, 0x10A2,
  0x10A2, 0x10A2, 0x10C2, 0x10C2, 0x10A2, 0x10C2, 0x10C2, 0x10C2, 0x10C2, 0x10C2, 0x10C2, 0x10A2,
  0x10C2, 0x10C2, 0x10C2, 0x10C2, 0x10C2, 0x10C2, 0x10A2, 0x10C2, 0x10C2, 0x10C2, 0x10C2, 0x10C2,
  0x10A2, 0x10C2, 0x10C2, 0x10C2, 0x10C2, 0x10C2, 0x10C2, 0x10A2, 0x10C2, 0x10C2, 0x10C2, 0x10C2,
  0x10C2, 0x10C2, 0x10C2, 0x10C2, 0x10C2, 0x10C2, 0x10C2, 0x10C2, 0x10C2, 0x10C2, 0x10C2, 0x10C2,
  0x10C2, 0x10C2, 0x10C2, 0x10C2, 0x10C2, 0x10C2, 0x10C2, 0x10C2, 0x10C2, 0x10C2, 0x10C2, 0x10C2,
  0x10C2, 0x10A2, 0x10C2, 0x10C2, 0x18C2, 0x10C2, 0x10A2, 0x10A2, 0x10A2, 0x10A2, 0x10C2, 0x10C2,
  0x10A2, 0x10A2, 0x10A2, 0x10A2, 0x10A2, 0x10A2, 0x10A2, 0x10C2, 0x18C2, 0x18C2, 0x10C2, 0x10C2,
  0x10C2, 0x10A2, 0x10C2, 0x10C2, 0x10A2, 0x10A2, 0x10A2, 0x10A2, 0x10A2, 0x10A2, 0x10A2, 0x10A2,
  0x10A2, 0x10A2, 0x10A2, 0x10A2, 0x10A2, 0x10A2, 0x10A2, 0x10A2, 0x10C2, 0x10C2, 0x10A2, 0x10A2,
  0x10A2, 0x10A2, 0x10A2, 0x10A2, 0x10A2, 0x10A2, 0x10A2, 0x10A2, 0x10A2, 0x10A2, 0x10A2, 0x10C2,
  0x1082, 0x0000, 0x0000, 0x0000, 0x0000, 0x0000, 0x0000, 0x0000, 0x0000, 0x0000, 0x0000, 0x0000,
  0x0000, 0x0000, 0x0000, 0x0000, 0x0000, 0x0000, 0x0000, 0x0000, 0x0000, 0x0000, 0x0000, 0x10A2,
  0x10C2, 0x10A2, 0x10C2, 0x10C2, 0x10C2, 0x10C2, 0x10A2, 0x10A2, 0x10C2, 0x10C2, 0x10C2, 0x10C2,
  0x10C2, 0x10A2, 0x10A2, 0x10A2, 0x10A2, 0x10A2, 0x10C2, 0x10A2, 0x10A2, 0x10A2, 0x10A2, 0x10A2,
  0x10C2, 0x10A2, 0x10A2, 0x10A2, 0x10C2, 0x10C2, 0x10C2, 0x10C2, 0x10C2, 0x10C2, 0x10C2, 0x10C2,
  0x10C2, 0x10C2, 0x10C2, 0x10C2, 0x10A2, 0x10C2, 0x10C2, 0x10A2, 0x10A2, 0x10A2, 0x10A2, 0x10A2,
  0x10A2, 0x10A2, 0x10A2, 0x10A2, 0x10A2, 0x10A2, 0x10A2, 0x10A2, 0x10A2, 0x10A2, 0x10A2, 0x10A2,
  0x10C2, 0x10C2, 0x10C2, 0x10C2, 0x10A2, 0x10A2, 0x10A2, 0x10A2, 0x10A2, 0x10A2, 0x10C2, 0x10C2,
  0x10C2, 0x10A2, 0x10A2, 0x10A2, 0x10A2, 0x10C2, 0x10C2, 0x10C2, 0x10A2, 0x10A2, 0x10C2, 0x10A2,
  0x10A2, 0x10C2, 0x10C2, 0x10C2, 0x10C2, 0x10C2, 0x10C2, 0x10C2, 0x10A2, 0x10A2, 0x10A2, 0x10A2,
  0x10A2, 0x10A2, 0x10C2, 0x10C2, 0x10A2, 0x10A2, 0x10C2, 0x10C2, 0x10C2, 0x10C2, 0x10C2, 0x10C2,
  0x10C2, 0x10C2, 0x10C2, 0x10C2, 0x10C2, 0x10C2, 0x10A2, 0x10A2, 0x10A2, 0x10C2, 0x10C2, 0x10C2,
  0x10A2, 0x10C2, 0x10C2, 0x10C2, 0x10C2, 0x10C2, 0x10A2, 0x10C2, 0x10C2, 0x10C2, 0x10C2, 0x10C2,
  0x10A2, 0x10C2, 0x10C2, 0x10C2, 0x10C2, 0x10C2, 0x10C2, 0x10C2, 0x10C2, 0x10C2, 0x10C2, 0x10C2,
  0x10C2, 0x10C2, 0x10C2, 0x10C2, 0x10C2, 0x10C2, 0x10C2, 0x10C2, 0x10C2, 0x10C2, 0x10C2, 0x18C2,
  0x10A2, 0x10A2, 0x10C2, 0x10C2, 0x10C2, 0x10C2, 0x10A2, 0x10A2, 0x10C2, 0x10C2, 0x10A2, 0x10C2,
  0x10A2, 0x10C2, 0x10A2, 0x10A2, 0x10A2, 0x10A2, 0x10A2, 0x10C2, 0x10C2, 0x10C2, 0x10C2, 0x10C2,
  0x10C2, 0x10C2, 0x10C2, 0x10C2, 0x10A2, 0x10A2, 0x10A2, 0x10A2, 0x10A2, 0x10A2, 0x10A2, 0x10C2,
  0x10A2, 0x10A2, 0x10A2, 0x10A2, 0x10A2, 0x10A2, 0x10A2, 0x10C2, 0x10A2, 0x10A2, 0x10A2, 0x10A2,
  0x10A2, 0x10A2, 0x10A2, 0x10A2, 0x10A2, 0x10A2, 0x10C2, 0x10C2, 0x10A2, 0x10C2, 0x10A2, 0x10A2,
  0x10A2, 0x0000, 0x0000, 0x0000, 0x0000, 0x0000, 0x0000, 0x0000, 0x0000, 0x0000, 0x0000, 0x0000,
  0x0000, 0x0000, 0x0000, 0x0000, 0x0000, 0x0000, 0x0000, 0x0000, 0x0000, 0x0000, 0x0020, 0x10A2,
  0x10C2, 0x10C2, 0x18C2, 0x10A2, 0x10A2, 0x10C2, 0x10C2, 0x10C2, 0x10C2, 0x10C2, 0x10C2, 0x10C2,
  0x10C2, 0x10A2, 0x10A2, 0x10A2, 0x10C2, 0x10C2, 0x10C2, 0x10A2, 0x10A2, 0x10A2, 0x10A2, 0x10A2,
  0x10C2, 0x10A2, 0x10A2, 0x10A2, 0x10A2, 0x10A2, 0x10A2, 0x10C2, 0x10A2, 0x10A2, 0x10C2, 0x10C2,
  0x10A2, 0x10C2, 0x10A2, 0x10A2, 0x10C2, 0x10A2, 0x10A2, 0x10A2, 0x10C2, 0x10C2, 0x10A2, 0x10A2,
  0x10A2, 0x10A2, 0x10A2, 0x10A2, 0x10A2, 0x10C2, 0x10A2, 0x10A2, 0x10A2, 0x10A2, 0x10A2, 0x10A2,
  0x10C2, 0x10C2, 0x10A2, 0x10A2, 0x10C2, 0x10A2, 0x10A2, 0x10A2, 0x10A2, 0x10A2, 0x10C2, 0x10A2,
  0x10A2, 0x10A2, 0x10C2, 0x10C2, 0x10C2, 0x10C2, 0x10C2, 0x10C2, 0x10A2, 0x10A2, 0x10C2, 0x10C2,
  0x10A2, 0x10C2, 0x10C2, 0x10C2, 0x10C2, 0x10A2, 0x10C2, 0x10C2, 0x10C2, 0x10C2, 0x10C2, 0x10C2,
  0x10C2, 0x10A2, 0x10C2, 0x10C2, 0x10C2, 0x10A2, 0x10A2, 0x10C2, 0x10A2, 0x10A2, 0x10C2, 0x10C2,
  0x10C2, 0x10C2, 0x10C2, 0x10C2, 0x10C2, 0x10C2, 0x10C2, 0x10C2, 0x10C2, 0x10C2, 0x10C2, 0x18C2,
  0x10C2, 0x18C2, 0x10C2, 0x10C2, 0x10C2, 0x10C2, 0x10A2, 0x10C2, 0x10A2, 0x10A2, 0x10C2, 0x10A2,
  0x10A2, 0x10C2, 0x10C2, 0x10C2, 0x10C2, 0x18C2, 0x18C2, 0x10C2, 0x10C2, 0x10C2, 0x10C2, 0x10C2,
  0x10C2, 0x10C2, 0x10C2, 0x10C2, 0x10C2, 0x10C2, 0x10C2, 0x18C2, 0x18C2, 0x18C2, 0x18C2, 0x10C2,
  0x10C2, 0x10C2, 0x10A2, 0x10A2, 0x10C2, 0x10C2, 0x10C2, 0x10C2, 0x10C2, 0x10C2, 0x10C2, 0x10C2,
  0x10A2, 0x10C2, 0x10C2, 0x10C2, 0x10C2, 0x10A2, 0x10A2, 0x10C2, 0x10C2, 0x10C2, 0x10A2, 0x10C2,
  0x10C2, 0x18C2, 0x18C2, 0x10C2, 0x10A2, 0x10A2, 0x10A2, 0x10A2, 0x10A2, 0x10A2, 0x10C2, 0x10C2,
  0x10C2, 0x10C2, 0x10C2, 0x10C2, 0x10A2, 0x10A2, 0x10A2, 0x10A2, 0x10A2, 0x10A2, 0x10A2, 0x10A2,
  0x10C2, 0x10A2, 0x10A2, 0x10A2, 0x10A2, 0x10C2, 0x10C2, 0x10C2, 0x10C2, 0x10A2, 0x10A2, 0x10A2,
  0x10A2, 0x0020, 0x0000, 0x0000, 0x0000, 0x0000, 0x0000, 0x0000, 0x0000, 0x0000, 0x0000, 0x0000,
  0x0000, 0x0000, 0x0000, 0x0000, 0x0000, 0x0000, 0x0000, 0x0000, 0x0000, 0x0000, 0x0861, 0x10C2,
  0x10C2, 0x10C2, 0x18C2, 0x18C2, 0x10C2, 0x10A2, 0x10A2, 0x10A2, 0x10C2, 0x10C2, 0x10C2, 0x10C2,
  0x10C2, 0x10A2, 0x10C2, 0x10C2, 0x10A2, 0x10C2, 0x10C2, 0x10C2, 0x10C2, 0x10C2, 0x10A2, 0x10A2,
  0x10A2, 0x10A2, 0x10A2, 0x10A2, 0x10A2, 0x10A2, 0x10A2, 0x10A2, 0x10A2, 0x10C2, 0x10C2, 0x10C2,
  0x10A2, 0x10C2, 0x10A2, 0x10A2, 0x10A2, 0x10C2, 0x10C2, 0x10A2, 0x10A2, 0x10A2, 0x10A2, 0x10A2,
  0x10A2, 0x10A2, 0x10A2, 0x10A2, 0x10A2, 0x10C2, 0x10C2, 0x10A2, 0x10A2, 0x10A2, 0x10C2, 0x10C2,
  0x10C2, 0x10C2, 0x10A2, 0x10A2, 0x10A2, 0x10A2, 0x10A2, 0x10A2, 0x10A2, 0x10A2, 0x10C2, 0x10C2,
  0x10A2, 0x10C2, 0x10C2, 0x10C2, 0x10A2, 0x10A2, 0x10A2, 0x10C2, 0x10A2, 0x10A2, 0x10A2, 0x10C2,
  0x10C2, 0x10A2, 0x10A2, 0x10A2, 0x10C2, 0x10C2, 0x10C2, 0x10A2, 0x10A2, 0x10A2, 0x10C2, 0x10C2,
  0x10C2, 0x10A2, 0x10C2, 0x10C2, 0x10C2, 0x10A2, 0x10C2, 0x10C2, 0x10C2, 0x10C2, 0x10C2, 0x10C2,
  0x10C2, 0x10A2, 0x10A2, 0x10A2, 0x10C2, 0x10A2, 0x10C2, 0x10C2, 0x10C2, 0x10C2, 0x10C2, 0x10C2,
  0x10C2, 0x10C2, 0x10C2, 0x10C2, 0x10C2, 0x10C2, 0x10A2, 0x10C2, 0x10C2, 0x10C2, 0x10C2, 0x10C2,
  0x10C2, 0x10A2, 0x10C2, 0x10C2, 0x10C2, 0x18C2, 0x18C2, 0x10C2, 0x10C2, 0x10C2, 0x10C2, 0x10C2,
  0x10C2, 0x18C2, 0x10C2, 0x10C2, 0x18C2, 0x18C2, 0x10C2, 0x10C2, 0x10C2, 0x10C2, 0x18C2, 0x18C2,
  0x18C2, 0x10C2, 0x10A2, 0x10A2, 0x10C2, 0x10C2, 0x10C2, 0x10C2, 0x10C2, 0x10C2, 0x10A2, 0x10C2,
  0x10C2, 0x10A2, 0x10A2, 0x10A2, 0x10A2, 0x10A2, 0x10A2, 0x10C2, 0x10C2, 0x10C2, 0x10C2, 0x10A2,
  0x10A2, 0x10C2, 0x10A2, 0x10A2, 0x10A2, 0x10C2, 0x10A2, 0x10A2, 0x10A2, 0x10A2, 0x10A2, 0x10A2,
  0x10C2, 0x10A2, 0x10A2, 0x10A2, 0x10A2, 0x10A2, 0x10A2, 0x10A2, 0x10A2, 0x10A2, 0x10A2, 0x10C2,
  0x10C2, 0x10C2, 0x10A2, 0x10A2, 0x10A2, 0x10C2, 0x10C2, 0x10C2, 0x10A2, 0x10A2, 0x10A2, 0x10A2,
  0x10A2, 0x0861, 0x0000, 0x0000, 0x0000, 0x0000, 0x0000, 0x0000, 0x0000, 0x0000, 0x0000, 0x0000,
  0x0000, 0x0000, 0x0000, 0x0000, 0x0000, 0x0000, 0x0000, 0x0000, 0x0000, 0x0020, 0x10A2, 0x10A2,
  0x10C2, 0x10C2, 0x10C2, 0x10C2, 0x10A2, 0x10A2, 0x10A2, 0x10A2, 0x10C2, 0x10C2, 0x10C2, 0x10A2,
  0x10A2, 0x10A2, 0x10A2, 0x10A2, 0x10A2, 0x10C2, 0x10C2, 0x10A2, 0x10A2, 0x10A2, 0x10A2, 0x10A2,
  0x10A2, 0x10A2, 0x10A2, 0x10A2, 0x10A2, 0x10A2, 0x10A2, 0x10A2, 0x10A2, 0x10A2, 0x10A2, 0x10C2,
  0x10A2, 0x10A2, 0x10A2, 0x10A2, 0x10A2, 0x10A2, 0x10C2, 0x10A2, 0x10A2, 0x10A2, 0x10A2, 0x10A2,
  0x10A2, 0x10A2, 0x10A2, 0x10A2, 0x10C2, 0x10C2, 0x10A2, 0x10A2, 0x10C2, 0x10C2, 0x10A2, 0x10A2,
  0x10C2, 0x10C2, 0x10C2, 0x10C2, 0x10C2, 0x10C2, 0x10A2, 0x10C2, 0x10A2, 0x10A2, 0x10A2, 0x10A2,
  0x10A2, 0x10C2, 0x10A2, 0x10A2, 0x10A2, 0x10A2, 0x10A2, 0x10C2, 0x10C2, 0x10C2, 0x10A2, 0x10A2,
  0x10A2, 0x10A2, 0x10C2, 0x10C2, 0x10C2, 0x10A2, 0x10A2, 0x10C2, 0x10C2, 0x10C2, 0x10C2, 0x10C2,
  0x10C2, 0x10C2, 0x10A2, 0x10C2, 0x10C2, 0x10C2, 0x10A2, 0x10C2, 0x10C2, 0x10C2, 0x10C2, 0x10A2,
  0x10A2, 0x10C2, 0x10A2, 0x10A2, 0x10C2, 0x10C2, 0x10C2, 0x10C2, 0x10C2, 0x10C2, 0x10C2, 0x10C2,
  0x10C2, 0x10C2, 0x10C2, 0x10C2, 0x10C2, 0x10C2, 0x10C2, 0x10C2, 0x10A2, 0x10A2, 0x10C2, 0x10A2,
  0x10C2, 0x10C2, 0x10C2, 0x10C2, 0x10C2, 0x10C2, 0x10C2, 0x10C2, 0x10C2, 0x10C2, 0x10C2, 0x10C2,
  0x10C2, 0x10C2, 0x18C2, 0x18C2, 0x18C2, 0x10C2, 0x10C2, 0x10C2, 0x18C2, 0x18C2, 0x18C2, 0x18C2,
  0x10C2, 0x10C2, 0x10C2, 0x10C2, 0x10C2, 0x10C2, 0x10C2, 0x10C2, 0x10A2, 0x10A2, 0x10A2, 0x10A2,
  0x10A2, 0x10A2, 0x10A2, 0x10A2, 0x10A2, 0x10A2, 0x10C2, 0x10C2, 0x10C2, 0x10C2, 0x10A2, 0x10A2,
  0x10A2, 0x10A2, 0x10C2, 0x10C2, 0x10A2, 0x10C2, 0x10A2, 0x10C2, 0x10A2, 0x10A2, 0x10A2, 0x10A2,
  0x10A2, 0x10C2, 0x10A2, 0x10A2, 0x10A2, 0x10A2, 0x10A2, 0x10A2, 0x10A2, 0x10A2, 0x10A2, 0x10C2,
  0x10C2, 0x10A2, 0x10A2, 0x10A2, 0x10A2, 0x10A2, 0x10A2, 0x10A2, 0x10A2, 0x10A2, 0x10A2, 0x10A2,
  0x10A2, 0x10A2, 0x0020, 0x0000, 0x0000, 0x0000, 0x0000, 0x0000, 0x0000, 0x0000, 0x0000, 0x0000,
  0x0000, 0x0000, 0x0000, 0x0000, 0x0000, 0x0000, 0x0000, 0x0000, 0x0000, 0x0020, 0x10A2, 0x10C2,
  0x10C2, 0x10C2, 0x10C2, 0x10C2, 0x10A2, 0x10A2, 0x10A2, 0x10A2, 0x10C2, 0x10C2, 0x10C2, 0x10A2,
  0x10A2, 0x10A2, 0x10A2, 0x10A2, 0x10A2, 0x10C2, 0x10C2, 0x10A2, 0x10A2, 0x10A2, 0x10A2, 0x10C2,
  0x10A2, 0x10A2, 0x10A2, 0x10A2, 0x10A2, 0x10A2, 0x10A2, 0x10A2, 0x10A2, 0x10A2, 0x10A2, 0x10C2,
  0x10A2, 0x10A2, 0x10A2, 0x10A2, 0x10A2, 0x10A2, 0x10C2, 0x10A2, 0x10A2, 0x10A2, 0x10A2, 0x10A2,
  0x10A2, 0x10A2, 0x10A2, 0x10C2, 0x10C2, 0x10C2, 0x10A2, 0x10A2, 0x10C2, 0x10C2, 0x10A2, 0x10A2,
  0x10C2, 0x10C2, 0x10C2, 0x10C2, 0x10C2, 0x10C2, 0x10A2, 0x10C2, 0x10A2, 0x10A2, 0x10A2, 0x10A2,
  0x10A2, 0x10C2, 0x10A2, 0x10A2, 0x10A2, 0x10A2, 0x10A2, 0x10C2, 0x10C2, 0x10C2, 0x10A2, 0x10A2,
  0x10A2, 0x10A2, 0x10C2, 0x10C2, 0x10C2, 0x10A2, 0x10A2, 0x10C2, 0x10C2, 0x10C2, 0x10C2, 0x10C2,
  0x10C2, 0x10C2, 0x10A2, 0x10A2, 0x10C2, 0x10C2, 0x10A2, 0x10C2, 0x10C2, 0x10C2, 0x10C2, 0x10A2,
  0x10A2, 0x10C2, 0x10A2, 0x10A2, 0x10C2, 0x10C2, 0x10C2, 0x10C2, 0x10C2, 0x10C2, 0x10C2, 0x10C2,
  0x10C2, 0x10C2, 0x10C2, 0x10C2, 0x10C2, 0x10C2, 0x10C2, 0x10C2, 0x10A2, 0x10A2, 0x10A2, 0x10A2,
  0x10C2, 0x10C2, 0x10C2, 0x10C2, 0x10C2, 0x10C2, 0x10C2, 0x10C2, 0x10C2, 0x10C2, 0x10C2, 0x10C2,
  0x10C2, 0x10C2, 0x18C2, 0x18C2, 0x18C2, 0x10C2, 0x10C2, 0x10C2, 0x18C2, 0x18C2, 0x18C2, 0x18C2,
  0x10C2, 0x10C2, 0x10C2, 0x10C2, 0x10C2, 0x10C2, 0x10C2, 0x10C2, 0x10A2, 0x10A2, 0x10A2, 0x10A2,
  0x10A2, 0x10A2, 0x10A2, 0x10A2, 0x10A2, 0x10A2, 0x10C2, 0x10C2, 0x10C2, 0x10C2, 0x10A2, 0x10A2,
  0x10A2, 0x10A2, 0x10C2, 0x10C2, 0x10A2, 0x10C2, 0x10A2, 0x10A2, 0x10A2, 0x10A2, 0x10A2, 0x10A2,
  0x10A2, 0x10C2, 0x10A2, 0x10A2, 0x10A2, 0x10A2, 0x10A2, 0x10A2, 0x10A2, 0x10A2, 0x10A2, 0x10C2,
  0x10C2, 0x10A2, 0x10A2, 0x10A2, 0x10A2, 0x10A2, 0x10A2, 0x10A2, 0x10A2, 0x10A2, 0x10A2, 0x10A2,
  0x10A2, 0x10A2, 0x0020, 0x0000, 0x0000, 0x0000, 0x0000, 0x0000, 0x0000, 0x0000, 0x0000, 0x0000,
  0x0000, 0x0000, 0x0000, 0x0000, 0x0000, 0x0000, 0x0000, 0x0000, 0x0000, 0x0020, 0x10A2, 0x10C2,
  0x10C2, 0x10C2, 0x10C2, 0x10C2, 0x10C2, 0x10A2, 0x10A2, 0x10A2, 0x10A2, 0x10A2, 0x10A2, 0x10A2,
  0x10A2, 0x10A2, 0x10A2, 0x10C2, 0x10A2, 0x10A2, 0x10C2, 0x10A2, 0x10A2, 0x10A2, 0x10A2, 0x10A2,
  0x10A2, 0x10A2, 0x10A2, 0x10A2, 0x10A2, 0x10A2, 0x10A2, 0x10A2, 0x10A2, 0x10A2, 0x10C2, 0x10C2,
  0x10C2, 0x10A2, 0x10A2, 0x10A2, 0x10A2, 0x10A2, 0x10A2, 0x10A2, 0x10A2, 0x10A2, 0x10A2, 0x10A2,
  0x10A2, 0x10C2, 0x10C2, 0x10A2, 0x10A2, 0x10A2, 0x10A2, 0x10C2, 0x10A2, 0x10A2, 0x10A2, 0x10C2,
  0x10C2, 0x10A2, 0x10C2, 0x10C2, 0x10C2, 0x10A2, 0x10C2, 0x10A2, 0x10C2, 0x10C2, 0x10A2, 0x10C2,
  0x10C2, 0x10A2, 0x10A2, 0x10A2, 0x10A2, 0x10A2, 0x10A2, 0x10C2, 0x10C2, 0x10C2, 0x10A2, 0x10A2,
  0x10A2, 0x10A2, 0x10A2, 0x10A2, 0x10A2, 0x10A2, 0x10C2, 0x10A2, 0x10A2, 0x10A2, 0x10A2, 0x10A2,
  0x10C2, 0x10C2, 0x10C2, 0x10C2, 0x10C2, 0x10C2, 0x10C2, 0x10C2, 0x10C2, 0x10C2, 0x10A2, 0x10A2,
  0x10A2, 0x10C2, 0x10C2, 0x10C2, 0x10C2, 0x10C2, 0x10C2, 0x10C2, 0x10C2, 0x10C2, 0x10C2, 0x10C2,
  0x10C2, 0x10C2, 0x10C2, 0x10C2, 0x10C2, 0x10C2, 0x10A2, 0x10C2, 0x10A2, 0x10A2, 0x10C2, 0x10C2,
  0x10C2, 0x10C2, 0x10C2, 0x10C2, 0x10C2, 0x10C2, 0x10C2, 0x10C2, 0x10C2, 0x10C2, 0x10C2, 0x10C2,
  0x10C2, 0x10C2, 0x10C2, 0x10C2, 0x10C2, 0x10C2, 0x18C2, 0x10C2, 0x10C2, 0x10C2, 0x18C2, 0x10C2,
  0x10C2, 0x10A2, 0x10A2, 0x10A2, 0x10A2, 0x10C2, 0x10C2, 0x10A2, 0x10A2, 0x10A2, 0x10A2, 0x10A2,
  0x10A2, 0x10C2, 0x10A2, 0x10A2, 0x10A2, 0x10A2, 0x10A2, 0x10A2, 0x10A2, 0x10A2, 0x10A2, 0x10A2,
  0x10A2, 0x10C2, 0x10C2, 0x10C2, 0x10C2, 0x10C2, 0x10A2, 0x10A2, 0x10A2, 0x10A2, 0x10C2, 0x10C2,
  0x10C2, 0x10A2, 0x10A2, 0x10A2, 0x10A2, 0x10A2, 0x10A2, 0x10A2, 0x10A2, 0x10A2, 0x10A2, 0x10A2,
  0x10A2, 0x10A2, 0x10A2, 0x10A2, 0x10A2, 0x10A2, 0x10A2, 0x10A2, 0x10A2, 0x10A2, 0x10A2, 0x10A2,
  0x10A2, 0x10A2, 0x0020, 0x0000, 0x0000, 0x0000, 0x0000, 0x0000, 0x0000, 0x0000, 0x0000, 0x0000,
  0x0000, 0x0000, 0x0000, 0x0000, 0x0000, 0x0000, 0x0000, 0x0000, 0x0000, 0x0020, 0x10A2, 0x10C2,
  0x10A2, 0x10C2, 0x10C2, 0x10C2, 0x10C2, 0x10C2, 0x10C2, 0x10C2, 0x10A2, 0x10A2, 0x10A2, 0x10A2,
  0x10A2, 0x10A2, 0x10A2, 0x10A2, 0x10A2, 0x10A2, 0x10A2, 0x10A2, 0x10A2, 0x10A2, 0x10A2, 0x10A2,
  0x10C2, 0x10C2, 0x10A2, 0x10A2, 0x10A2, 0x10A2, 0x10A2, 0x10A2, 0x10A2, 0x10A2, 0x10A2, 0x10A2,
  0x10A2, 0x10A2, 0x10A2, 0x10A2, 0x10A2, 0x10A2, 0x10A2, 0x10A2, 0x10A2, 0x10A2, 0x10A2, 0x10C2,
  0x10A2, 0x10A2, 0x10A2, 0x10A2, 0x10A2, 0x10A2, 0x10C2, 0x10A2, 0x10C2, 0x10C2, 0x10C2, 0x10A2,
  0x10A2, 0x10C2, 0x10C2, 0x10C2, 0x10A2, 0x10C2, 0x10C2, 0x10C2, 0x10C2, 0x10C2, 0x10C2, 0x10A2,
  0x10A2, 0x10C2, 0x10C2, 0x10C2, 0x10A2, 0x10A2, 0x10A2, 0x10C2, 0x10C2, 0x10C2, 0x10C2, 0x10A2,
  0x10C2, 0x10A2, 0x10A2, 0x10A2, 0x10A2, 0x10A2, 0x10A2, 0x10A2, 0x10A2, 0x10A2, 0x10A2, 0x10A2,
  0x10C2, 0x10C2, 0x10C2, 0x10C2, 0x10C2, 0x10C2, 0x10C2, 0x10A2, 0x10A2, 0x10A2, 0x10A2, 0x10A2,
  0x10A2, 0x10C2, 0x10C2, 0x10C2, 0x10C2, 0x10C2, 0x10C2, 0x18C2, 0x10C2, 0x10C2, 0x10C2, 0x10C2,
  0x10C2, 0x18C2, 0x10C2, 0x10C2, 0x10C2, 0x10C2, 0x10C2, 0x10C2, 0x10A2, 0x10A2, 0x10C2, 0x10C2,
  0x10C2, 0x10C2, 0x10C2, 0x10C2, 0x10C2, 0x10C2, 0x10C2, 0x10A2, 0x10C2, 0x10C2, 0x10C2, 0x10C2,
  0x10C2, 0x18C2, 0x10C2, 0x10C2, 0x10C2, 0x10C2, 0x10C2, 0x10A2, 0x10C2, 0x10C2, 0x10C2, 0x10C2,
  0x10C2, 0x10A2, 0x10A2, 0x10A2, 0x10A2, 0x10A2, 0x10C2, 0x10A2, 0x10A2, 0x10A2, 0x10C2, 0x10A2,
  0x10A2, 0x10A2, 0x10A2, 0x10A2, 0x10A2, 0x10A2, 0x10A2, 0x10C2, 0x10A2, 0x10A2, 0x10C2, 0x10A2,
  0x10A2, 0x10A2, 0x10C2, 0x10C2, 0x10A2, 0x10C2, 0x10C2, 0x10A2, 0x10A2, 0x10A2, 0x10C2, 0x10C2,
  0x10C2, 0x10A2, 0x10A2, 0x10A2, 0x10A2, 0x10A2, 0x10C2, 0x10A2, 0x10A2, 0x10A2, 0x10A2, 0x10A2,
  0x10A2, 0x10A2, 0x10A2, 0x10C2, 0x10A2, 0x10A2, 0x10A2, 0x10A2, 0x10A2, 0x10A2, 0x10A2, 0x10A2,
  0x10A2, 0x10A2, 0x0020, 0x0000, 0x0000, 0x0000, 0x0000, 0x0000, 0x0000, 0x0000, 0x0000, 0x0000,
  0x0000, 0x0000, 0x0000, 0x0000, 0x0000, 0x0000, 0x0000, 0x0000, 0x0000, 0x0020, 0x10A2, 0x10C2,
  0x10A2, 0x10A2, 0x10A2, 0x10A2, 0x10A2, 0x10A2, 0x10A2, 0x10C2, 0x10A2, 0x10A2, 0x10A2, 0x10A2,
  0x10A2, 0x10A2, 0x10A2, 0x10A2, 0x10A2, 0x10A2, 0x10A2, 0x10A2, 0x10A2, 0x10A2, 0x10A2, 0x10A2,
  0x10C2, 0x10A2, 0x10A2, 0x10A2, 0x10A2, 0x10A2, 0x10A2, 0x10A2, 0x10A2, 0x10A2, 0x10A2, 0x10A2,
  0x10A2, 0x10A2, 0x10A2, 0x10A2, 0x10A2, 0x10A2, 0x10A2, 0x10A2, 0x10A2, 0x10A2, 0x10A2, 0x10C2,
  0x10A2, 0x10A2, 0x10A2, 0x10A2, 0x10A2, 0x10A2, 0x10A2, 0x10C2, 0x10A2, 0x10A2, 0x10A2, 0x10C2,
  0x10A2, 0x10A2, 0x10C2, 0x10C2, 0x10C2, 0x10A2, 0x10C2, 0x10C2, 0x10C2, 0x10C2, 0x10C2, 0x10A2,
  0x10A2, 0x10A2, 0x10C2, 0x10C2, 0x10A2, 0x10A2, 0x10A2, 0x10A2, 0x10A2, 0x10A2, 0x10C2, 0x10A2,
  0x10C2, 0x10A2, 0x10A2, 0x10A2, 0x10A2, 0x10A2, 0x10A2, 0x10C2, 0x10A2, 0x10A2, 0x10A2, 0x10A2,
  0x10C2, 0x10C2, 0x10A2, 0x10A2, 0x10C2, 0x10C2, 0x10C2, 0x10A2, 0x10A2, 0x10A2, 0x10A2, 0x10A2,
  0x10C2, 0x10C2, 0x10C2, 0x10C2, 0x10C2, 0x10C2, 0x10C2, 0x10C2, 0x10C2, 0x10C2, 0x10C2, 0x10C2,
  0x10C2, 0x10C2, 0x10C2, 0x10C2, 0x10C2, 0x10C2, 0x10A2, 0x10C2, 0x10C2, 0x10C2, 0x10A2, 0x10A2,
  0x10A2, 0x10C2, 0x10C2, 0x10C2, 0x10C2, 0x10A2, 0x10A2, 0x10C2, 0x10C2, 0x10C2, 0x10C2, 0x10A2,
  0x10C2, 0x10C2, 0x10C2, 0x10C2, 0x10C2, 0x10C2, 0x10C2, 0x10C2, 0x10C2, 0x10C2, 0x10C2, 0x10C2,
  0x10C2, 0x10C2, 0x10A2, 0x10A2, 0x10A2, 0x10C2, 0x10A2, 0x10A2, 0x10A2, 0x10A2, 0x10A2, 0x10A2,
  0x10A2, 0x10A2, 0x10A2, 0x10A2, 0x10A2, 0x10A2, 0x10A2, 0x10A2, 0x10A2, 0x10A2, 0x10C2, 0x10C2,
  0x10A2, 0x10C2, 0x10A2, 0x10A2, 0x10A2, 0x10C2, 0x10A2, 0x10C2, 0x10C2, 0x10C2, 0x10A2, 0x10C2,
  0x10C2, 0x10C2, 0x10A2, 0x10A2, 0x10A2, 0x10A2, 0x10C2, 0x10A2, 0x10A2, 0x10A2, 0x10A2, 0x10A2,
  0x10A2, 0x10A2, 0x10A2, 0x10A2, 0x10C2, 0x10A2, 0x10A2, 0x10A2, 0x10A2, 0x10A2, 0x10A2, 0x10A2,
  0x10A2, 0x10A2, 0x0000, 0x0000, 0x0000, 0x0000, 0x0000, 0x0000, 0x0000, 0x0000, 0x0000, 0x0000,
  0x0000, 0x0000, 0x0000, 0x0000, 0x0000, 0x0000, 0x0000, 0x0000, 0x0000, 0x0000, 0x10A2, 0x10C2,
  0x10A2, 0x10A2, 0x10A2, 0x10A2, 0x10A2, 0x10A2, 0x10A2, 0x10A2, 0x10A2, 0x10A2, 0x10A2, 0x10A2,
  0x10A2, 0x10A2, 0x10A2, 0x10A2, 0x10A2, 0x10A2, 0x10A2, 0x10A2, 0x10A2, 0x10A2, 0x10A2, 0x10A2,
  0x10A2, 0x10A2, 0x10A2, 0x10A2, 0x10A2, 0x10A2, 0x10A2, 0x10A2, 0x10A2, 0x10A2, 0x10A2, 0x10A2,
  0x10A2, 0x10A2, 0x10A2, 0x10A2, 0x10A2, 0x10A2, 0x10A2, 0x10A2, 0x10A2, 0x10A2, 0x10C2, 0x10C2,
  0x10A2, 0x10A2, 0x10A2, 0x10A2, 0x10A2, 0x10C2, 0x10A2, 0x10C2, 0x10C2, 0x10C2, 0x10C2, 0x10C2,
  0x10C2, 0x10C2, 0x10C2, 0x10C2, 0x10C2, 0x10C2, 0x10C2, 0x10A2, 0x10C2, 0x10C2, 0x10C2, 0x10C2,
  0x10C2, 0x10A2, 0x10C2, 0x10C2, 0x10A2, 0x10A2, 0x10A2, 0x10C2, 0x10C2, 0x10C2, 0x10C2, 0x10A2,
  0x10A2, 0x10A2, 0x10A2, 0x10A2, 0x10A2, 0x10A2, 0x10A2, 0x10A2, 0x10A2, 0x10A2, 0x10A2, 0x10C2,
  0x10A2, 0x10A2, 0x10A2, 0x10A2, 0x10C2, 0x10C2, 0x10C2, 0x10C2, 0x10A2, 0x10A2, 0x10A2, 0x10C2,
  0x10C2, 0x10C2, 0x10A2, 0x10A2, 0x10A2, 0x10C2, 0x10A2, 0x10A2, 0x10A2, 0x10A2, 0x10A2, 0x10C2,
  0x10C2, 0x10C2, 0x10C2, 0x10C2, 0x10C2, 0x10C2, 0x10C2, 0x10C2, 0x10C2, 0x10C2, 0x10C2, 0x10A2,
  0x10A2, 0x10C2, 0x10C2, 0x10C2, 0x10C2, 0x10C2, 0x10A2, 0x10A2, 0x10C2, 0x10C2, 0x10C2, 0x10A2,
  0x10C2, 0x10C2, 0x10C2, 0x10C2, 0x10C2, 0x10C2, 0x10C2, 0x10C2, 0x10C2, 0x10C2, 0x10C2, 0x10C2,
  0x10C2, 0x10C2, 0x10A2, 0x10A2, 0x10A2, 0x10A2, 0x10A2, 0x10A2, 0x10A2, 0x10A2, 0x10A2, 0x10A2,
  0x10A2, 0x10A2, 0x10A2, 0x10A2, 0x10A2, 0x10A2, 0x10A2, 0x10C2, 0x10A2, 0x10A2, 0x10A2, 0x10C2,
  0x10C2, 0x10C2, 0x10C2, 0x10C2, 0x10A2, 0x10A2, 0x10C2, 0x10C2, 0x10C2, 0x10C2, 0x10A2, 0x10A2,
  0x10C2, 0x10A2, 0x10A2, 0x10A2, 0x10C2, 0x10A2, 0x10A2, 0x10C2, 0x10A2, 0x10A2, 0x10A2, 0x10A2,
  0x10A2, 0x10A2, 0x10A2, 0x10A2, 0x10A2, 0x10A2, 0x10A2, 0x10A2, 0x10A2, 0x10A2, 0x10A2, 0x10A2,
  0x10A2, 0x1082, 0x0000, 0x0000, 0x0000, 0x0000, 0x0000, 0x0000, 0x0000, 0x0000, 0x0000, 0x0000,
  0x0000, 0x0000, 0x0000, 0x0000, 0x0000, 0x0000, 0x0000, 0x0000, 0x0000, 0x0000, 0x10A2, 0x10C2,
  0x10A2, 0x10A2, 0x10C2, 0x10C2, 0x10A2, 0x10A2, 0x10A2, 0x10C2, 0x10A2, 0x10A2, 0x10A2, 0x10C2,
  0x10A2, 0x10A2, 0x10A2, 0x10A2, 0x10A2, 0x10A2, 0x10A2, 0x10A2, 0x10A2, 0x10A2, 0x10A2, 0x10A2,
  0x10A2, 0x10A2, 0x10A2, 0x10A2, 0x10A2, 0x10A2, 0x10A2, 0x10A2, 0x10A2, 0x10A2, 0x10A2, 0x10A2,
  0x10A2, 0x10A2, 0x10A2, 0x10A2, 0x10A2, 0x10A2, 0x10A2, 0x10A2, 0x10A2, 0x10A2, 0x10C2, 0x10A2,
  0x10C2, 0x10A2, 0x10A2, 0x10A2, 0x10C2, 0x10C2, 0x10A2, 0x10A2, 0x10C2, 0x10C2, 0x10C2, 0x10C2,
  0x10C2, 0x10C2, 0x10C2, 0x10C2, 0x10C2, 0x10C2, 0x10C2, 0x10C2, 0x10C2, 0x10C2, 0x10C2, 0x10C2,
  0x10C2, 0x10A2, 0x10A2, 0x10A2, 0x10A2, 0x10A2, 0x10A2, 0x10C2, 0x10C2, 0x10C2, 0x10C2, 0x10A2,
  0x10A2, 0x10A2, 0x10A2, 0x10A2, 0x10A2, 0x10A2, 0x10A2, 0x10A2, 0x10A2, 0x10A2, 0x10A2, 0x10C2,
  0x10A2, 0x10A2, 0x10C2, 0x10C2, 0x10C2, 0x10C2, 0x10C2, 0x10A2, 0x10C2, 0x10C2, 0x10C2, 0x10C2,
  0x10C2, 0x10C2, 0x10A2, 0x10A2, 0x10A2, 0x10C2, 0x10C2, 0x10A2, 0x10A2, 0x10A2, 0x10C2, 0x10C2,
  0x10C2, 0x10C2, 0x10C2, 0x10C2, 0x10C2, 0x10C2, 0x10C2, 0x10C2, 0x10A2, 0x10A2, 0x10C2, 0x10C2,
  0x10C2, 0x10C2, 0x10C2, 0x10C2, 0x10A2, 0x10A2, 0x10C2, 0x10A2, 0x10A2, 0x10A2, 0x10A2, 0x10A2,
  0x10A2, 0x10C2, 0x10C2, 0x10C2, 0x10C2, 0x10C2, 0x10C2, 0x10C2, 0x10A2, 0x10A2, 0x10A2, 0x10C2,
  0x10A2, 0x10A2, 0x10C2, 0x10C2, 0x10C2, 0x10A2, 0x10C2, 0x10A2, 0x10A2, 0x10A2, 0x10A2, 0x10A2,
  0x10A2, 0x10A2, 0x10A2, 0x10C2, 0x10C2, 0x10C2, 0x10A2, 0x10C2, 0x10A2, 0x10A2, 0x10A2, 0x10C2,
  0x10C2, 0x10C2, 0x10C2, 0x10C2, 0x10A2, 0x10A2, 0x10A2, 0x10A2, 0x10A2, 0x10A2, 0x10A2, 0x10A2,
  0x10C2, 0x10A2, 0x10A2, 0x10A2, 0x10A2, 0x10A2, 0x10A2, 0x10A2, 0x10A2, 0x10A2, 0x10A2, 0x10A2,
  0x10A2, 0x10A2, 0x10A2, 0x10A2, 0x10A2, 0x10A2, 0x10A2, 0x10A2, 0x10A2, 0x10A2, 0x10A2, 0x10A2,
  0x10A2, 0x10A2, 0x0020, 0x0000, 0x0000, 0x0000, 0x0000, 0x0000, 0x0000, 0x0000, 0x0000, 0x0000,
  0x0000, 0x0000, 0x0000, 0x0000, 0x0000, 0x0000, 0x0000, 0x0000, 0x0000, 0x0020, 0x10A2, 0x10C2,
  0x10A2, 0x10A2, 0x10A2, 0x10A2, 0x10A2, 0x10A2, 0x10A2, 0x10C2, 0x10A2, 0x10A2, 0x10A2, 0x10A2,
  0x10A2, 0x10A2, 0x10A2, 0x10A2, 0x10A2, 0x10A2, 0x10A2, 0x10A2, 0x10A2, 0x10A2, 0x10A2, 0x10A2,
  0x10A2, 0x10A2, 0x10A2, 0x10A2, 0x10A2, 0x10A2, 0x10A2, 0x10A2, 0x10A2, 0x10A2, 0x10A2, 0x10A2,
  0x10A2, 0x10A2, 0x10A2, 0x10A2, 0x10A2, 0x10A2, 0x10A2, 0x10A2, 0x10A2, 0x10A2, 0x10A2, 0x10A2,
  0x10C2, 0x10A2, 0x10A2, 0x10A2, 0x10C2, 0x10C2, 0x10C2, 0x10A2, 0x10C2, 0x10C2, 0x10C2, 0x10C2,
  0x10C2, 0x10C2, 0x10C2, 0x10C2, 0x10C2, 0x10C2, 0x10C2, 0x10C2, 0x10C2, 0x10C2, 0x10C2, 0x10C2,
  0x10C2, 0x10A2, 0x10A2, 0x10A2, 0x10A2, 0x10A2, 0x10A2, 0x10C2, 0x10C2, 0x10C2, 0x10C2, 0x10A2,
  0x10A2, 0x10A2, 0x10A2, 0x10A2, 0x10A2, 0x10A2, 0x10A2, 0x10A2, 0x10A2, 0x10A2, 0x10A2, 0x10C2,
  0x10A2, 0x10C2, 0x10C2, 0x10C2, 0x10C2, 0x10C2, 0x10C2, 0x10A2, 0x10C2, 0x10C2, 0x10A2, 0x10C2,
  0x10C2, 0x10C2, 0x10A2, 0x10A2, 0x10A2, 0x10C2, 0x10C2, 0x10A2, 0x10C2, 0x10C2, 0x10C2, 0x10C2,
  0x10C2, 0x10C2, 0x10C2, 0x10C2, 0x10C2, 0x10C2, 0x10C2, 0x10C2, 0x10A2, 0x10A2, 0x10C2, 0x10C2,
  0x10C2, 0x10C2, 0x10A2, 0x10A2, 0x10A2, 0x10A2, 0x10C2, 0x10A2, 0x10A2, 0x10A2, 0x10A2, 0x10A2,
  0x10A2, 0x10C2, 0x10C2, 0x10C2, 0x10C2, 0x10C2, 0x10C2, 0x10C2, 0x10A2, 0x10A2, 0x10A2, 0x10C2,
  0x10A2, 0x10A2, 0x10C2, 0x10C2, 0x10A2, 0x10A2, 0x10C2, 0x10A2, 0x10A2, 0x10A2, 0x10A2, 0x10A2,
  0x10A2, 0x10A2, 0x10A2, 0x10C2, 0x10C2, 0x10C2, 0x10C2, 0x10C2, 0x10A2, 0x10A2, 0x10A2, 0x10C2,
  0x10C2, 0x10C2, 0x10C2, 0x10C2, 0x10A2, 0x10A2, 0x10A2, 0x10C2, 0x10A2, 0x10A2, 0x10A2, 0x10A2,
  0x10C2, 0x10A2, 0x10A2, 0x10A2, 0x10A2, 0x10A2, 0x10A2, 0x10A2, 0x10A2, 0x10A2, 0x10A2, 0x10A2,
  0x10A2, 0x10A2, 0x10A2, 0x10A2, 0x10A2, 0x10A2, 0x10A2, 0x10A2, 0x10A2, 0x10A2, 0x10A2, 0x10A2,
  0x10A2, 0x10A2, 0x0020, 0x0000, 0x0000, 0x0000, 0x0000, 0x0000, 0x0000, 0x0000, 0x0000, 0x0000,
  0x0000, 0x0000, 0x0000, 0x0000, 0x0000, 0x0000, 0x0000, 0x0000, 0x0000, 0x0020, 0x10A2, 0x10A2,
  0x10A2, 0x10A2, 0x10A2, 0x10A2, 0x10A2, 0x10A2, 0x10A2, 0x10A2, 0x10C2, 0x10C2, 0x10A2, 0x10C2,
  0x10A2, 0x10A2, 0x10A2, 0x10A2, 0x10A2, 0x10A2, 0x10A2, 0x10A2, 0x10A2, 0x10A2, 0x10A2, 0x10C2,
  0x10A2, 0x10A2, 0x10A2, 0x10A2, 0x10A2, 0x10A2, 0x10A2, 0x10A2, 0x10A2, 0x10C2, 0x10A2, 0x10A2,
  0x10A2, 0x10A2, 0x10A2, 0x10A2, 0x10A2, 0x10A2, 0x10A2, 0x10A2, 0x10A2, 0x10A2, 0x10A2, 0x10A2,
  0x10A2, 0x10A2, 0x10A2, 0x10A2, 0x10A2, 0x10C2, 0x10A2, 0x10C2, 0x10C2, 0x10C2, 0x10C2, 0x10C2,
  0x10C2, 0x10A2, 0x10C2, 0x10C2, 0x10C2, 0x10C2, 0x10C2, 0x10C2, 0x10C2, 0x10C2, 0x10C2, 0x10C2,
  0x10A2, 0x10A2, 0x10C2, 0x10C2, 0x10A2, 0x10A2, 0x10C2, 0x10C2, 0x10C2, 0x10C2, 0x10A2, 0x10A2,
  0x10C2, 0x10C2, 0x10A2, 0x10A2, 0x10A2, 0x10A2, 0x10A2, 0x10A2, 0x10A2, 0x10A2, 0x10A2, 0x10A2,
  0x10C2, 0x10C2, 0x10C2, 0x10C2, 0x10A2, 0x10C2, 0x10C2, 0x10A2, 0x10A2, 0x10A2, 0x10A2, 0x10A2,
  0x10A2, 0x10A2, 0x10C2, 0x10C2, 0x10C2, 0x10A2, 0x10C2, 0x10A2, 0x10C2, 0x10C2, 0x10C2, 0x18C2,
  0x10C2, 0x10A2, 0x10C2, 0x10C2, 0x10C2, 0x10C2, 0x10C2, 0x10C2, 0x10C2, 0x10C2, 0x10A2, 0x10C2,
  0x10A2, 0x10C2, 0x10A2, 0x10A2, 0x10A2, 0x10A2, 0x10A2, 0x10A2, 0x10A2, 0x10A2, 0x10A2, 0x10C2,
  0x10C2, 0x10A2, 0x10C2, 0x10C2, 0x10C2, 0x10C2, 0x10C2, 0x10C2, 0x10A2, 0x10A2, 0x10A2, 0x10C2,
  0x10C2, 0x10A2, 0x10A2, 0x10A2, 0x10A2, 0x10A2, 0x10A2, 0x10A2, 0x10A2, 0x10A2, 0x10A2, 0x10A2,
  0x10A2, 0x10A2, 0x10A2, 0x10A2, 0x10C2, 0x10C2, 0x10C2, 0x10C2, 0x10C2, 0x10C2, 0x10C2, 0x10C2,
  0x10C2, 0x10A2, 0x10A2, 0x10A2, 0x10A2, 0x10A2, 0x10A2, 0x10A2, 0x10A2, 0x10A2, 0x10A2, 0x10C2,
  0x10C2, 0x10A2, 0x10A2, 0x10A2, 0x10A2, 0x10A2, 0x10A2, 0x10A2, 0x10A2, 0x10A2, 0x10A2, 0x10A2,
  0x10A2, 0x10A2, 0x10A2, 0x10A2, 0x10A2, 0x10A2, 0x10A2, 0x10A2, 0x10A2, 0x10A2, 0x10A2, 0x10A2,
  0x10A2, 0x10A2, 0x0040, 0x0000, 0x0000, 0x0000, 0x0000, 0x0000, 0x0000, 0x0000, 0x0000, 0x0000,
  0x0000, 0x0000, 0x0000, 0x0000, 0x0000, 0x0000, 0x0000, 0x0000, 0x0000, 0x0040, 0x10C2, 0x10A2,
  0x10A2, 0x10A2, 0x10A2, 0x10A2, 0x10A2, 0x10A2, 0x10A2, 0x10C2, 0x10A2, 0x10A2, 0x10A2, 0x10C2,
  0x10A2, 0x10C2, 0x10C2, 0x10C2, 0x10C2, 0x10A2, 0x10A2, 0x10C2, 0x10A2, 0x10A2, 0x10A2, 0x10A2,
  0x10A2, 0x10A2, 0x10A2, 0x10A2, 0x10A2, 0x10A2, 0x10A2, 0x10A2, 0x10A2, 0x10A2, 0x10C2, 0x10A2,
  0x10C2, 0x10A2, 0x10C2, 0x10C2, 0x10A2, 0x10A2, 0x10A2, 0x10A2, 0x10A2, 0x10A2, 0x10A2, 0x10A2,
  0x10A2, 0x10A2, 0x10A2, 0x10A2, 0x10C2, 0x10C2, 0x10A2, 0x10C2, 0x10C2, 0x10C2, 0x10C2, 0x10A2,
  0x10A2, 0x10A2, 0x10A2, 0x10A2, 0x10C2, 0x10C2, 0x10C2, 0x10C2, 0x10C2, 0x10C2, 0x10C2, 0x10C2,
  0x10C2, 0x10A2, 0x10C2, 0x10C2, 0x10C2, 0x10C2, 0x10A2, 0x10C2, 0x10C2, 0x10C2, 0x10C2, 0x10C2,
  0x10C2, 0x10C2, 0x10A2, 0x10A2, 0x10A2, 0x10C2, 0x10C2, 0x10A2, 0x10A2, 0x10A2, 0x10A2, 0x10A2,
  0x10C2, 0x10C2, 0x10C2, 0x10C2, 0x10A2, 0x10A2, 0x10A2, 0x10A2, 0x10C2, 0x10C2, 0x10A2, 0x10C2,
  0x10A2, 0x10C2, 0x10C2, 0x10C2, 0x10C2, 0x10C2, 0x10C2, 0x10C2, 0x10C2, 0x10C2, 0x10C2, 0x10C2,
  0x10A2, 0x10C2, 0x10C2, 0x10C2, 0x10A2, 0x10A2, 0x10C2, 0x10C2, 0x10A2, 0x10A2, 0x10A2, 0x10C2,
  0x10A2, 0x10A2, 0x10A2, 0x10A2, 0x10C2, 0x10A2, 0x10A2, 0x10A2, 0x10A2, 0x10A2, 0x10A2, 0x10C2,
  0x10A2, 0x10A2, 0x10A2, 0x10A2, 0x10A2, 0x10A2, 0x10C2, 0x10A2, 0x10A2, 0x10A2, 0x10A2, 0x10A2,
  0x10A2, 0x10A2, 0x10A2, 0x10A2, 0x10A2, 0x10A2, 0x10A2, 0x10A2, 0x10C2, 0x10C2, 0x10A2, 0x10A2,
  0x10A2, 0x10A2, 0x10A2, 0x10A2, 0x10A2, 0x10C2, 0x10A2, 0x10A2, 0x10C2, 0x10C2, 0x10C2, 0x10C2,
  0x10C2, 0x10A2, 0x10A2, 0x10A2, 0x10A2, 0x10A2, 0x10A2, 0x10A2, 0x10A2, 0x10A2, 0x10A2, 0x10A2,
  0x10C2, 0x10C2, 0x10A2, 0x10A2, 0x10A2, 0x10A2, 0x10A2, 0x10A2, 0x10A2, 0x10A2, 0x10A2, 0x10A2,
  0x10A2, 0x10A2, 0x10A2, 0x10A2, 0x10A2, 0x10A2, 0x10A2, 0x10A2, 0x10A2, 0x10A2, 0x10A2, 0x10A2,
  0x10A2, 0x10A2, 0x0040, 0x0000, 0x0000, 0x0000, 0x0000, 0x0000, 0x0000, 0x0000, 0x0000, 0x0000,
  0x0000, 0x0000, 0x0000, 0x0000, 0x0000, 0x0000, 0x0000, 0x0000, 0x0000, 0x0840, 0x10C2, 0x10A2,
  0x10A2, 0x10A2, 0x10A2, 0x10A2, 0x10A2, 0x10A2, 0x10A2, 0x10A2, 0x10A2, 0x10A2, 0x10A2, 0x10A2,
  0x10A2, 0x10C2, 0x10C2, 0x10C2, 0x10A2, 0x10C2, 0x10C2, 0x10C2, 0x10C2, 0x10C2, 0x10A2, 0x10A2,
  0x10A2, 0x10A2, 0x10A2, 0x10A2, 0x10A2, 0x10A2, 0x10A2, 0x10A2, 0x10A2, 0x10A2, 0x10C2, 0x10C2,
  0x10A2, 0x10A2, 0x10A2, 0x10A2, 0x10C2, 0x10A2, 0x10A2, 0x10A2, 0x10A2, 0x10A2, 0x10A2, 0x10A2,
  0x10A2, 0x10A2, 0x10C2, 0x10C2, 0x10C2, 0x10C2, 0x10C2, 0x10A2, 0x10A2, 0x10A2, 0x10C2, 0x10C2,
  0x10A2, 0x10A2, 0x10C2, 0x10C2, 0x10C2, 0x10A2, 0x10C2, 0x10C2, 0x10C2, 0x10C2, 0x10A2, 0x10A2,
  0x10C2, 0x10A2, 0x10C2, 0x10C2, 0x10A2, 0x10C2, 0x10C2, 0x10C2, 0x10C2, 0x10C2, 0x10A2, 0x10A2,
  0x10C2, 0x10C2, 0x10C2, 0x10C2, 0x10A2, 0x10C2, 0x10C2, 0x10A2, 0x10A2, 0x10A2, 0x10C2, 0x10C2,
  0x10C2, 0x10C2, 0x10C2, 0x10C2, 0x10C2, 0x10C2, 0x10A2, 0x10C2, 0x10C2, 0x10C2, 0x10C2, 0x10C2,
  0x10C2, 0x10C2, 0x10C2, 0x10C2, 0x10A2, 0x10A2, 0x10C2, 0x10C2, 0x10C2, 0x10C2, 0x10C2, 0x10C2,
  0x10C2, 0x10A2, 0x10C2, 0x10C2, 0x10A2, 0x10A2, 0x10A2, 0x10C2, 0x10A2, 0x10A2, 0x10A2, 0x10A2,
  0x10A2, 0x10A2, 0x10C2, 0x10C2, 0x10C2, 0x10A2, 0x10C2, 0x10A2, 0x10A2, 0x10A2, 0x10A2, 0x10C2,
  0x10A2, 0x10C2, 0x10C2, 0x10C2, 0x10A2, 0x10A2, 0x10C2, 0x10C2, 0x10A2, 0x10A2, 0x10A2, 0x10A2,
  0x10A2, 0x10A2, 0x10A2, 0x10A2, 0x10A2, 0x10A2, 0x10A2, 0x10C2, 0x10C2, 0x10C2, 0x10C2, 0x10A2,
  0x10A2, 0x10A2, 0x10A2, 0x10A2, 0x10A2, 0x10A2, 0x10A2, 0x10A2, 0x10A2, 0x10C2, 0x10C2, 0x10C2,
  0x10A2, 0x10C2, 0x10A2, 0x10A2, 0x10C2, 0x10A2, 0x10C2, 0x10A2, 0x10A2, 0x10A2, 0x10A2, 0x10A2,
  0x10A2, 0x10C2, 0x10A2, 0x10A2, 0x10A2, 0x10A2, 0x10A2, 0x10A2, 0x10A2, 0x10A2, 0x10A2, 0x10A2,
  0x10A2, 0x10A2, 0x10A2, 0x10A2, 0x10A2, 0x10A2, 0x10C2, 0x10A2, 0x10A2, 0x10A2, 0x10A2, 0x10A2,
  0x10A2, 0x10C2, 0x0840, 0x0000, 0x0000, 0x0000, 0x0000, 0x0000, 0x0000, 0x0000, 0x0000, 0x0000,
  0x0000, 0x0000, 0x0000, 0x0000, 0x0000, 0x0000, 0x0000, 0x0000, 0x0000, 0x0840, 0x18C2, 0x10A2,
  0x10A2, 0x10A2, 0x10A2, 0x10A2, 0x10A2, 0x10A2, 0x10A2, 0x10A2, 0x10A2, 0x10A2, 0x10A2, 0x10A2,
  0x10C2, 0x10C2, 0x10C2, 0x10C2, 0x10C2, 0x10C2, 0x10A2, 0x10A2, 0x10A2, 0x10A2, 0x10A2, 0x10A2,
  0x10A2, 0x10C2, 0x10C2, 0x10A2, 0x10A2, 0x10A2, 0x10A2, 0x10A2, 0x10A2, 0x10A2, 0x10A2, 0x10C2,
  0x10C2, 0x10A2, 0x10A2, 0x10A2, 0x10A2, 0x10A2, 0x10A2, 0x10A2, 0x10A2, 0x10A2, 0x10A2, 0x10A2,
  0x10C2, 0x10C2, 0x10C2, 0x10C2, 0x10C2, 0x10C2, 0x10A2, 0x10A2, 0x10A2, 0x10A2, 0x10A2, 0x10A2,
  0x10A2, 0x10C2, 0x10C2, 0x10C2, 0x10C2, 0x10A2, 0x10C2, 0x10C2, 0x10C2, 0x10C2, 0x10A2, 0x10C2,
  0x10C2, 0x10C2, 0x10C2, 0x10C2, 0x10C2, 0x10C2, 0x10C2, 0x10C2, 0x10C2, 0x10C2, 0x10C2, 0x10C2,
  0x10A2, 0x10C2, 0x10C2, 0x10C2, 0x10A2, 0x10C2, 0x10C2, 0x10C2, 0x10C2, 0x10C2, 0x10A2, 0x10C2,
  0x10C2, 0x10C2, 0x10C2, 0x10C2, 0x10C2, 0x10C2, 0x10A2, 0x10A2, 0x10A2, 0x10C2, 0x10C2, 0x10C2,
  0x10C2, 0x10C2, 0x10C2, 0x10C2, 0x10C2, 0x10C2, 0x10C2, 0x10C2, 0x10A2, 0x10A2, 0x10C2, 0x10C2,
  0x10C2, 0x10C2, 0x10A2, 0x10A2, 0x10A2, 0x10A2, 0x10C2, 0x10C2, 0x10C2, 0x10C2, 0x10A2, 0x10A2,
  0x10A2, 0x10A2, 0x10A2, 0x10A2, 0x10A2, 0x10A2, 0x10A2, 0x10C2, 0x10C2, 0x10C2, 0x10C2, 0x10A2,
  0x10A2, 0x10A2, 0x10A2, 0x10A2, 0x10A2, 0x10A2, 0x10A2, 0x10A2, 0x10A2, 0x10A2, 0x10A2, 0x10C2,
  0x10A2, 0x10A2, 0x10A2, 0x10A2, 0x10A2, 0x10A2, 0x10A2, 0x10A2, 0x10A2, 0x10A2, 0x10C2, 0x10C2,
  0x10A2, 0x10A2, 0x10A2, 0x10A2, 0x10A2, 0x10A2, 0x10A2, 0x10A2, 0x10C2, 0x10C2, 0x10C2, 0x10C2,
  0x10C2, 0x10C2, 0x10C2, 0x10C2, 0x10C2, 0x10A2, 0x10A2, 0x10C2, 0x10A2, 0x10A2, 0x10A2, 0x10A2,
  0x10A2, 0x10A2, 0x10A2, 0x10A2, 0x10A2, 0x10C2, 0x10A2, 0x10A2, 0x10A2, 0x10A2, 0x10A2, 0x10A2,
  0x10A2, 0x10A2, 0x10A2, 0x10A2, 0x10A2, 0x10A2, 0x10A2, 0x10A2, 0x10A2, 0x10A2, 0x10A2, 0x10A2,
  0x10A2, 0x10C2, 0x0840, 0x0000, 0x0000, 0x0000, 0x0000, 0x0000, 0x0000, 0x0000, 0x0000, 0x0000,
  0x0000, 0x0000, 0x0000, 0x0000, 0x0000, 0x0000, 0x0000, 0x0000, 0x0000, 0x0840, 0x18C2, 0x10A2,
  0x10A2, 0x10A2, 0x10A2, 0x10A2, 0x10A2, 0x10A2, 0x10A2, 0x10A2, 0x10A2, 0x10A2, 0x10A2, 0x10A2,
  0x10A2, 0x10C2, 0x10C2, 0x10C2, 0x10A2, 0x10C2, 0x10A2, 0x10C2, 0x10A2, 0x10A2, 0x10A2, 0x10A2,
  0x10A2, 0x10A2, 0x10A2, 0x10A2, 0x10A2, 0x10A2, 0x10A2, 0x10A2, 0x10C2, 0x10C2, 0x10C2, 0x10C2,
  0x10C2, 0x10A2, 0x10A2, 0x10A2, 0x10A2, 0x10A2, 0x10A2, 0x10A2, 0x10A2, 0x10A2, 0x10A2, 0x10A2,
  0x10C2, 0x10A2, 0x10A2, 0x10A2, 0x10A2, 0x10C2, 0x10A2, 0x10A2, 0x10A2, 0x10A2, 0x10A2, 0x10C2,
  0x10C2, 0x10C2, 0x10C2, 0x10C2, 0x10C2, 0x10A2, 0x10A2, 0x10A2, 0x10A2, 0x10A2, 0x10C2, 0x10C2,
  0x10C2, 0x10C2, 0x10A2, 0x10A2, 0x10C2, 0x10A2, 0x10C2, 0x10C2, 0x10C2, 0x10C2, 0x10C2, 0x10C2,
  0x10C2, 0x10A2, 0x10A2, 0x10A2, 0x10A2, 0x10A2, 0x10A2, 0x10C2, 0x10A2, 0x10A2, 0x10A2, 0x10C2,
  0x10C2, 0x10C2, 0x10A2, 0x10A2, 0x10C2, 0x10A2, 0x10A2, 0x10A2, 0x10A2, 0x10A2, 0x10C2, 0x10C2,
  0x10C2, 0x10C2, 0x10C2, 0x10C2, 0x10C2, 0x10C2, 0x10A2, 0x10A2, 0x10A2, 0x10A2, 0x10A2, 0x10A2,
  0x10A2, 0x10A2, 0x10C2, 0x10C2, 0x10A2, 0x10C2, 0x10C2, 0x10C2, 0x10C2, 0x10C2, 0x10A2, 0x10A2,
  0x10A2, 0x10A2, 0x10A2, 0x10A2, 0x10A2, 0x10A2, 0x10C2, 0x10C2, 0x18C2, 0x18C2, 0x10A2, 0x10A2,
  0x10A2, 0x10A2, 0x10A2, 0x10A2, 0x10A2, 0x10A2, 0x10A2, 0x10A2, 0x10A2, 0x10A2, 0x10C2, 0x10C2,
  0x10C2, 0x10A2, 0x10A2, 0x10A2, 0x10A2, 0x10A2, 0x10A2, 0x10A2, 0x10A2, 0x10A2, 0x10C2, 0x10A2,
  0x10A2, 0x10A2, 0x10A2, 0x10A2, 0x10A2, 0x10A2, 0x10C2, 0x10A2, 0x10A2, 0x10A2, 0x10A2, 0x10A2,
  0x10A2, 0x10C2, 0x10C2, 0x10A2, 0x10A2, 0x10A2, 0x10A2, 0x10A2, 0x10A2, 0x10A2, 0x10A2, 0x10A2,
  0x10C2, 0x10A2, 0x10A2, 0x10A2, 0x10A2, 0x10A2, 0x10A2, 0x10A2, 0x10A2, 0x10A2, 0x10A2, 0x10A2,
  0x10A2, 0x10A2, 0x10A2, 0x10A2, 0x10A2, 0x10A2, 0x10A2, 0x10A2, 0x10A2, 0x10A2, 0x10A2, 0x10A2,
  0x10A2, 0x10A2, 0x0840, 0x0000, 0x0000, 0x0000, 0x0000, 0x0000, 0x0000, 0x0000, 0x0000, 0x0000,
  0x0000, 0x0000, 0x0000, 0x0000, 0x0000, 0x0000, 0x0000, 0x0000, 0x0000, 0x0840, 0x18C2, 0x10A2,
  0x10A2, 0x10A2, 0x10A2, 0x10A2, 0x10A2, 0x10A2, 0x10A2, 0x10A2, 0x10A2, 0x10A2, 0x10A2, 0x10A2,
  0x10A2, 0x10C2, 0x10A2, 0x10A2, 0x10A2, 0x10C2, 0x10A2, 0x10C2, 0x10A2, 0x10A2, 0x10A2, 0x10A2,
  0x10A2, 0x10A2, 0x10A2, 0x10A2, 0x10A2, 0x10A2, 0x10A2, 0x10A2, 0x10C2, 0x10C2, 0x10C2, 0x10C2,
  0x10C2, 0x10A2, 0x10A2, 0x10A2, 0x10A2, 0x10A2, 0x10A2, 0x10A2, 0x10A2, 0x10A2, 0x10A2, 0x10A2,
  0x10A2, 0x10A2, 0x10A2, 0x10A2, 0x10A2, 0x10C2, 0x10A2, 0x10A2, 0x10A2, 0x10A2, 0x10A2, 0x10C2,
  0x10C2, 0x10C2, 0x10C2, 0x10C2, 0x10C2, 0x10A2, 0x10A2, 0x10A2, 0x10A2, 0x10A2, 0x10C2, 0x10C2,
  0x10C2, 0x10C2, 0x10A2, 0x10A2, 0x10C2, 0x10A2, 0x10C2, 0x10C2, 0x10C2, 0x10C2, 0x10C2, 0x10C2,
  0x10C2, 0x10A2, 0x10A2, 0x10A2, 0x10A2, 0x10A2, 0x10A2, 0x10A2, 0x10A2, 0x10A2, 0x10A2, 0x10C2,
  0x10C2, 0x10C2, 0x10A2, 0x10A2, 0x10C2, 0x10A2, 0x10A2, 0x10A2, 0x10A2, 0x10A2, 0x10C2, 0x10C2,
  0x10C2, 0x10C2, 0x10C2, 0x10C2, 0x10C2, 0x10C2, 0x10A2, 0x10A2, 0x10A2, 0x10A2, 0x10A2, 0x10A2,
  0x10A2, 0x10A2, 0x10C2, 0x10A2, 0x10C2, 0x18C2, 0x10C2, 0x10C2, 0x10C2, 0x10C2, 0x10A2, 0x10A2,
  0x10A2, 0x10A2, 0x10A2, 0x10A2, 0x10A2, 0x10A2, 0x10C2, 0x10C2, 0x18C2, 0x18C2, 0x10A2, 0x10A2,
  0x10A2, 0x10A2, 0x10A2, 0x10A2, 0x10A2, 0x10A2, 0x10A2, 0x10A2, 0x10A2, 0x10A2, 0x10C2, 0x10C2,
  0x10C2, 0x10A2, 0x10A2, 0x10A2, 0x10A2, 0x10A2, 0x10A2, 0x10A2, 0x10A2, 0x10A2, 0x10A2, 0x10A2,
  0x10A2, 0x10A2, 0x10A2, 0x10A2, 0x10C2, 0x10C2, 0x10C2, 0x10A2, 0x10A2, 0x10A2, 0x10A2, 0x10A2,
  0x10A2, 0x10C2, 0x10C2, 0x10A2, 0x10A2, 0x10A2, 0x10A2, 0x10A2, 0x10A2, 0x10A2, 0x10A2, 0x10A2,
  0x10C2, 0x10A2, 0x10A2, 0x10A2, 0x10A2, 0x10A2, 0x10A2, 0x10A2, 0x10A2, 0x10A2, 0x10A2, 0x10A2,
  0x10A2, 0x10A2, 0x10A2, 0x10A2, 0x10A2, 0x10A2, 0x10A2, 0x10A2, 0x10A2, 0x10A2, 0x10A2, 0x10A2,
  0x10A2, 0x10A2, 0x0840, 0x0000, 0x0000, 0x0000, 0x0000, 0x0000, 0x0000, 0x0000, 0x0000, 0x0000,
  0x0000, 0x0000, 0x0000, 0x0000, 0x0000, 0x0000, 0x0000, 0x0000, 0x0000, 0x0840, 0x18C2, 0x10A2,
  0x10A2, 0x10A2, 0x10A2, 0x10A2, 0x10A2, 0x10A2, 0x10A2, 0x10A2, 0x10A2, 0x10A2, 0x10A2, 0x10A2,
  0x10A2, 0x10A2, 0x10A2, 0x10A2, 0x10A2, 0x10A2, 0x10A2, 0x10A2, 0x10A2, 0x10A2, 0x10C2, 0x10A2,
  0x10A2, 0x10A2, 0x10A2, 0x10A2, 0x10A2, 0x10A2, 0x10C2, 0x10A2, 0x10A2, 0x10A2, 0x10A2, 0x10C2,
  0x10A2, 0x10A2, 0x10A2, 0x10A2, 0x10A2, 0x10A2, 0x10A2, 0x10A2, 0x10A2, 0x10A2, 0x10A2, 0x10A2,
  0x10A2, 0x10A2, 0x10A2, 0x10A2, 0x10A2, 0x10C2, 0x10C2, 0x10C2, 0x10A2, 0x10A2, 0x10A2, 0x10A2,
  0x10C2, 0x10C2, 0x10C2, 0x10C2, 0x10C2, 0x10C2, 0x10C2, 0x10A2, 0x10C2, 0x10C2, 0x10C2, 0x10C2,
  0x10A2, 0x10C2, 0x10C2, 0x10C2, 0x10C2, 0x10C2, 0x10C2, 0x10C2, 0x10A2, 0x10A2, 0x10C2, 0x10C2,
  0x10C2, 0x10C2, 0x10C2, 0x10C2, 0x10C2, 0x10C2, 0x10A2, 0x10A2, 0x10A2, 0x10A2, 0x10A2, 0x10C2,
  0x10C2, 0x10A2, 0x10C2, 0x10C2, 0x10A2, 0x10A2, 0x10C2, 0x10C2, 0x10A2, 0x10A2, 0x10A2, 0x10C2,
  0x10C2, 0x10C2, 0x10C2, 0x10C2, 0x10C2, 0x10C2, 0x10A2, 0x10A2, 0x10A2, 0x10A2, 0x10A2, 0x10A2,
  0x10C2, 0x10A2, 0x10A2, 0x10A2, 0x10C2, 0x10C2, 0x10C2, 0x10C2, 0x10C2, 0x10C2, 0x10C2, 0x10A2,
  0x10A2, 0x10A2, 0x10A2, 0x10A2, 0x10A2, 0x10C2, 0x10C2, 0x10C2, 0x10C2, 0x10C2, 0x10C2, 0x10A2,
  0x10A2, 0x10A2, 0x10A2, 0x10A2, 0x10A2, 0x10A2, 0x10A2, 0x10A2, 0x10A2, 0x10A2, 0x10A2, 0x10C2,
  0x10A2, 0x10A2, 0x10A2, 0x10A2, 0x10A2, 0x10A2, 0x10A2, 0x10A2, 0x10A2, 0x10A2, 0x10A2, 0x10A2,
  0x10C2, 0x10C2, 0x10C2, 0x10C2, 0x10C2, 0x10C2, 0x10A2, 0x10A2, 0x10A2, 0x10A2, 0x10A2, 0x10A2,
  0x10A2, 0x10A2, 0x10A2, 0x10A2, 0x10A2, 0x10A2, 0x10A2, 0x10A2, 0x10A2, 0x10A2, 0x10A2, 0x10C2,
  0x10C2, 0x10A2, 0x10A2, 0x10A2, 0x10A2, 0x10A2, 0x10A2, 0x10A2, 0x10A2, 0x10A2, 0x10A2, 0x10A2,
  0x10A2, 0x10A2, 0x10A2, 0x10A2, 0x10A2, 0x10A2, 0x10A2, 0x10A2, 0x10A2, 0x10A2, 0x10A2, 0x10A2,
  0x10A2, 0x10A2, 0x0840, 0x0000, 0x0000, 0x0000, 0x0000, 0x0000, 0x0000, 0x0000, 0x0000, 0x0000,
  0x0000, 0x0000, 0x0000, 0x0000, 0x0000, 0x0000, 0x0000, 0x0000, 0x0000, 0x0840, 0x18C2, 0x10A2,
  0x10A2, 0x10A2, 0x10A2, 0x10A2, 0x10A2, 0x10A2, 0x10A2, 0x10A2, 0x10A2, 0x10A2, 0x10A2, 0x10A2,
  0x10A2, 0x10A2, 0x10A2, 0x10A2, 0x10A2, 0x10A2, 0x10A2, 0x10A2, 0x10C2, 0x10C2, 0x10C2, 0x10C2,
  0x10A2, 0x10A2, 0x10A2, 0x10A2, 0x10A2, 0x10C2, 0x10A2, 0x10A2, 0x10C2, 0x10C2, 0x10C2, 0x10C2,
  0x10A2, 0x10A2, 0x10A2, 0x10A2, 0x10A2, 0x10A2, 0x10A2, 0x10A2, 0x10A2, 0x10A2, 0x10A2, 0x10A2,
  0x10A2, 0x10A2, 0x10A2, 0x10A2, 0x10A2, 0x10C2, 0x10A2, 0x10C2, 0x10C2, 0x10C2, 0x10A2, 0x10C2,
  0x10C2, 0x10C2, 0x10A2, 0x10C2, 0x10C2, 0x10A2, 0x10C2, 0x10C2, 0x10C2, 0x10C2, 0x10A2, 0x10C2,
  0x10C2, 0x10C2, 0x10C2, 0x10C2, 0x10C2, 0x10C2, 0x10C2, 0x10C2, 0x10A2, 0x10A2, 0x10A2, 0x10C2,
  0x10C2, 0x10C2, 0x10C2, 0x10C2, 0x10A2, 0x10A2, 0x10A2, 0x10C2, 0x10A2, 0x10A2, 0x10C2, 0x10C2,
  0x10C2, 0x10C2, 0x10C2, 0x10C2, 0x10C2, 0x10C2, 0x10C2, 0x10C2, 0x10C2, 0x10C2, 0x10C2, 0x10C2,
  0x10C2, 0x10C2, 0x10C2, 0x10C2, 0x10C2, 0x10A2, 0x10C2, 0x10A2, 0x10A2, 0x10A2, 0x10A2, 0x10C2,
  0x10C2, 0x10C2, 0x10C2, 0x10C2, 0x10C2, 0x10C2, 0x10C2, 0x10C2, 0x10C2, 0x10C2, 0x10C2, 0x10C2,
  0x10A2, 0x10A2, 0x10A2, 0x10A2, 0x10A2, 0x10C2, 0x10C2, 0x10A2, 0x10A2, 0x10A2, 0x10A2, 0x10A2,
  0x10A2, 0x10A2, 0x10A2, 0x10A2, 0x10A2, 0x10A2, 0x10A2, 0x10A2, 0x10C2, 0x10C2, 0x10A2, 0x10A2,
  0x10A2, 0x10A2, 0x10A2, 0x10A2, 0x10A2, 0x10A2, 0x10A2, 0x10A2, 0x10A2, 0x10A2, 0x10A2, 0x10C2,
  0x10C2, 0x10C2, 0x10C2, 0x10C2, 0x10C2, 0x10C2, 0x10A2, 0x10A2, 0x10A2, 0x10A2, 0x10A2, 0x10A2,
  0x10A2, 0x10A2, 0x10A2, 0x10A2, 0x10A2, 0x10A2, 0x10A2, 0x10A2, 0x10A2, 0x10A2, 0x10A2, 0x10A2,
  0x10C2, 0x10A2, 0x10A2, 0x10A2, 0x10A2, 0x10A2, 0x10A2, 0x10A2, 0x10A2, 0x10A2, 0x10A2, 0x10A2,
  0x10A2, 0x10A2, 0x10A2, 0x10A2, 0x10A2, 0x10A2, 0x10A2, 0x10A2, 0x10A2, 0x10A2, 0x10A2, 0x10A2,
  0x10A2, 0x10C2, 0x0840, 0x0000, 0x0000, 0x0000, 0x0000, 0x0000, 0x0000, 0x0000, 0x0000, 0x0000,
  0x0000, 0x0000, 0x0000, 0x0000, 0x0000, 0x0000, 0x0000, 0x0000, 0x0000, 0x0840, 0x18C2, 0x10A2,
  0x10A2, 0x10A2, 0x10A2, 0x10A2, 0x10A2, 0x10A2, 0x10A2, 0x10A2, 0x10A2, 0x10A2, 0x10A2, 0x10A2,
  0x10A2, 0x10A2, 0x10A2, 0x10A2, 0x10C2, 0x10A2, 0x10A2, 0x10A2, 0x10C2, 0x10C2, 0x10C2, 0x10C2,
  0x10A2, 0x10A2, 0x10A2, 0x10A2, 0x10A2, 0x10C2, 0x10A2, 0x10A2, 0x10A2, 0x10A2, 0x10C2, 0x10C2,
  0x10A2, 0x10A2, 0x10A2, 0x10A2, 0x10A2, 0x10A2, 0x10A2, 0x10A2, 0x10C2, 0x10C2, 0x10C2, 0x10C2,
  0x10C2, 0x10A2, 0x10A2, 0x10A2, 0x10A2, 0x10C2, 0x10A2, 0x10C2, 0x10C2, 0x10C2, 0x10A2, 0x10C2,
  0x10C2, 0x10C2, 0x10C2, 0x18C2, 0x10C2, 0x10A2, 0x10A2, 0x10C2, 0x10C2, 0x10C2, 0x10A2, 0x10C2,
  0x10C2, 0x10C2, 0x10C2, 0x10C2, 0x10C2, 0x10C2, 0x10C2, 0x10C2, 0x10C2, 0x10C2, 0x10C2, 0x10C2,
  0x10C2, 0x10C2, 0x10C2, 0x10C2, 0x10C2, 0x10C2, 0x10C2, 0x10C2, 0x10C2, 0x10C2, 0x10C2, 0x10C2,
  0x10C2, 0x10C2, 0x10A2, 0x10A2, 0x10C2, 0x10C2, 0x18C2, 0x10C2, 0x10C2, 0x10C2, 0x10C2, 0x10C2,
  0x10C2, 0x10C2, 0x18C2, 0x18C2, 0x10C2, 0x10C2, 0x10C2, 0x10C2, 0x10A2, 0x10A2, 0x10C2, 0x10C2,
  0x10C2, 0x10C2, 0x10C2, 0x10C2, 0x10C2, 0x10C2, 0x10C2, 0x10C2, 0x10C2, 0x10C2, 0x10C2, 0x10C2,
  0x10C2, 0x10A2, 0x10A2, 0x10A2, 0x10C2, 0x10C2, 0x10A2, 0x10A2, 0x10A2, 0x10A2, 0x10A2, 0x10C2,
  0x10C2, 0x10A2, 0x10A2, 0x10A2, 0x10A2, 0x10A2, 0x10A2, 0x10A2, 0x10C2, 0x10C2, 0x10C2, 0x10A2,
  0x10A2, 0x10A2, 0x10C2, 0x10C2, 0x10C2, 0x10A2, 0x10A2, 0x10A2, 0x10A2, 0x10A2, 0x10A2, 0x10A2,
  0x10C2, 0x10C2, 0x10C2, 0x10C2, 0x10C2, 0x10C2, 0x10A2, 0x10A2, 0x10A2, 0x10A2, 0x10A2, 0x10A2,
  0x10A2, 0x10A2, 0x10A2, 0x10A2, 0x10A2, 0x10A2, 0x10A2, 0x10A2, 0x10A2, 0x10A2, 0x10A2, 0x10A2,
  0x10C2, 0x10A2, 0x10A2, 0x10A2, 0x10A2, 0x10A2, 0x10A2, 0x10A2, 0x10A2, 0x10A2, 0x10A2, 0x10A2,
  0x10A2, 0x10A2, 0x10A2, 0x10A2, 0x10A2, 0x10A2, 0x10A2, 0x10A2, 0x10A2, 0x10A2, 0x10A2, 0x10A2,
  0x10A2, 0x10C2, 0x0841, 0x0000, 0x0000, 0x0000, 0x0000, 0x0000, 0x0000, 0x0000, 0x0000, 0x0000,
  0x0000, 0x0000, 0x0000, 0x0000, 0x0000, 0x0000, 0x0000, 0x0000, 0x0000, 0x0840, 0x18C2, 0x10A2,
  0x10A2, 0x10A2, 0x10A2, 0x10A2, 0x10A2, 0x10A2, 0x10A2, 0x10A2, 0x10A2, 0x10A2, 0x10A2, 0x10A2,
  0x10C2, 0x10A2, 0x10C2, 0x10C2, 0x10A2, 0x10A2, 0x10A2, 0x10A2, 0x10A2, 0x10A2, 0x10A2, 0x10A2,
  0x10A2, 0x10A2, 0x10A2, 0x10A2, 0x10A2, 0x10A2, 0x10A2, 0x10A2, 0x10A2, 0x10A2, 0x10A2, 0x10A2,
  0x10A2, 0x10A2, 0x10A2, 0x10A2, 0x10A2, 0x10A2, 0x10A2, 0x10C2, 0x10A2, 0x10A2, 0x10A2, 0x10C2,
  0x10C2, 0x10A2, 0x10A2, 0x10A2, 0x10C2, 0x10C2, 0x10A2, 0x10C2, 0x10C2, 0x10C2, 0x10A2, 0x10C2,
  0x10C2, 0x10C2, 0x10C2, 0x10C2, 0x10C2, 0x10C2, 0x10C2, 0x10A2, 0x10C2, 0x10C2, 0x10C2, 0x10C2,
  0x10C2, 0x10C2, 0x10C2, 0x10C2, 0x10C2, 0x18C2, 0x10C2, 0x10C2, 0x10C2, 0x10C2, 0x10C2, 0x10C2,
  0x10C2, 0x18C2, 0x10C2, 0x10C2, 0x10C2, 0x10C2, 0x10C2, 0x10C2, 0x10C2, 0x10C2, 0x10C2, 0x10C2,
  0x10C2, 0x10C2, 0x10C2, 0x10C2, 0x10C2, 0x10C2, 0x10C2, 0x10C2, 0x10C2, 0x10C2, 0x10C2, 0x10C2,
  0x10C2, 0x10C2, 0x10C2, 0x10C2, 0x10A2, 0x10C2, 0x10A2, 0x10C2, 0x10A2, 0x10A2, 0x10A2, 0x10C2,
  0x10A2, 0x10A2, 0x10C2, 0x10C2, 0x10C2, 0x10C2, 0x18C2, 0x10C2, 0x10C2, 0x10C2, 0x10C2, 0x10C2,
  0x10A2, 0x10C2, 0x10A2, 0x10A2, 0x10A2, 0x10A2, 0x10A2, 0x10C2, 0x10C2, 0x10C2, 0x10A2, 0x10C2,
  0x10A2, 0x10A2, 0x10A2, 0x10A2, 0x10A2, 0x10A2, 0x10A2, 0x10C2, 0x10C2, 0x10C2, 0x10C2, 0x10C2,
  0x10C2, 0x10A2, 0x10C2, 0x10C2, 0x10C2, 0x10C2, 0x10C2, 0x10A2, 0x10A2, 0x10A2, 0x10A2, 0x10A2,
  0x10A2, 0x10C2, 0x18C2, 0x10C2, 0x10C2, 0x10A2, 0x10A2, 0x10A2, 0x10A2, 0x10A2, 0x10A2, 0x10A2,
  0x10A2, 0x10A2, 0x10A2, 0x10A2, 0x10A2, 0x10A2, 0x10A2, 0x10A2, 0x10A2, 0x10C2, 0x10A2, 0x10A2,
  0x10A2, 0x10A2, 0x10A2, 0x10A2, 0x10A2, 0x10A2, 0x10A2, 0x10A2, 0x10A2, 0x10A2, 0x10A2, 0x10A2,
  0x10A2, 0x10A2, 0x10A2, 0x10A2, 0x10A2, 0x10A2, 0x10A2, 0x10A2, 0x10A2, 0x10A2, 0x10A2, 0x10A2,
  0x10A2, 0x10A2, 0x0840, 0x0000, 0x0000, 0x0000, 0x0000, 0x0000, 0x0000, 0x0000, 0x0000, 0x0000,
  0x0000, 0x0000, 0x0000, 0x0000, 0x0000, 0x0000, 0x0000, 0x0000, 0x0000, 0x0840, 0x18C2, 0x10A2,
  0x10A2, 0x10A2, 0x10A2, 0x10A2, 0x10A2, 0x10A2, 0x10A2, 0x10A2, 0x10A2, 0x10A2, 0x10A2, 0x10C2,
  0x10A2, 0x10A2, 0x10A2, 0x10A2, 0x10A2, 0x10A2, 0x10A2, 0x10A2, 0x10A2, 0x10A2, 0x10A2, 0x10A2,
  0x10A2, 0x10A2, 0x10A2, 0x10A2, 0x10A2, 0x10C2, 0x10A2, 0x10A2, 0x10A2, 0x10A2, 0x10A2, 0x10A2,
  0x10A2, 0x10C2, 0x10A2, 0x10A2, 0x10A2, 0x10A2, 0x10A2, 0x10A2, 0x10A2, 0x10C2, 0x10A2, 0x10A2,
  0x10A2, 0x10A2, 0x10A2, 0x10A2, 0x10A2, 0x10A2, 0x10C2, 0x10C2, 0x10C2, 0x10C2, 0x10A2, 0x10C2,
  0x10C2, 0x10C2, 0x10C2, 0x10C2, 0x10C2, 0x10A2, 0x10C2, 0x10C2, 0x10C2, 0x10C2, 0x10C2, 0x10C2,
  0x10C2, 0x10C2, 0x10C2, 0x10C2, 0x10C2, 0x10A2, 0x10C2, 0x10C2, 0x10C2, 0x10C2, 0x10C2, 0x10C2,
  0x10C2, 0x10C2, 0x10C2, 0x18C2, 0x10C2, 0x10C2, 0x10C2, 0x10C2, 0x10C2, 0x10C2, 0x10A2, 0x10C2,
  0x10C2, 0x10A2, 0x10A2, 0x10C2, 0x10C2, 0x10A2, 0x10C2, 0x10C2, 0x10C2, 0x10C2, 0x10C2, 0x10C2,
  0x10C2, 0x10C2, 0x10A2, 0x10A2, 0x10A2, 0x10A2, 0x10C2, 0x10C2, 0x10C2, 0x10C2, 0x10A2, 0x10C2,
  0x10C2, 0x10C2, 0x10A2, 0x10A2, 0x10C2, 0x18C2, 0x10C2, 0x10C2, 0x10C2, 0x10C2, 0x10C2, 0x10C2,
  0x10C2, 0x10C2, 0x10A2, 0x10A2, 0x10A2, 0x10A2, 0x10A2, 0x10C2, 0x10C2, 0x10C2, 0x10A2, 0x10A2,
  0x10A2, 0x10A2, 0x10A2, 0x10A2, 0x10A2, 0x10A2, 0x10C2, 0x10C2, 0x10C2, 0x10C2, 0x10C2, 0x10C2,
  0x10C2, 0x10C2, 0x10C2, 0x10C2, 0x10C2, 0x10C2, 0x10C2, 0x10A2, 0x10A2, 0x10A2, 0x10A2, 0x10A2,
  0x10A2, 0x10C2, 0x10C2, 0x10C2, 0x10A2, 0x10A2, 0x10A2, 0x10C2, 0x10A2, 0x10A2, 0x10A2, 0x10A2,
  0x10A2, 0x10A2, 0x10A2, 0x10A2, 0x10A2, 0x10A2, 0x10A2, 0x10A2, 0x10A2, 0x10A2, 0x10A2, 0x10A2,
  0x10C2, 0x10A2, 0x10A2, 0x10A2, 0x10A2, 0x10A2, 0x10A2, 0x10A2, 0x10A2, 0x10A2, 0x10A2, 0x10A2,
  0x10A2, 0x10A2, 0x10A2, 0x10A2, 0x10A2, 0x10A2, 0x10A2, 0x10A2, 0x10A2, 0x10A2, 0x10A2, 0x10A2,
  0x10A2, 0x10C2, 0x0840, 0x0000, 0x0000, 0x0000, 0x0000, 0x0000, 0x0000, 0x0000, 0x0000, 0x0000,
  0x0000, 0x0000, 0x0000, 0x0000, 0x0000, 0x0000, 0x0000, 0x0000, 0x0000, 0x0840, 0x18C2, 0x10A2,
  0x10A2, 0x10A2, 0x10C2, 0x10C2, 0x10A2, 0x10A2, 0x10A2, 0x10A2, 0x10A2, 0x10A2, 0x10A2, 0x10C2,
  0x10A2, 0x10A2, 0x10A2, 0x10A2, 0x10A2, 0x10A2, 0x10A2, 0x10A2, 0x10A2, 0x10A2, 0x10A2, 0x10A2,
  0x10A2, 0x10A2, 0x10A2, 0x10A2, 0x10A2, 0x10C2, 0x10C2, 0x10A2, 0x10A2, 0x10A2, 0x10A2, 0x10A2,
  0x10A2, 0x10C2, 0x10A2, 0x10A2, 0x10A2, 0x10A2, 0x10A2, 0x10A2, 0x10A2, 0x10C2, 0x10A2, 0x10A2,
  0x10A2, 0x10A2, 0x10A2, 0x10A2, 0x10A2, 0x10A2, 0x10C2, 0x10C2, 0x10C2, 0x10C2, 0x10A2, 0x10C2,
  0x10C2, 0x10C2, 0x10C2, 0x10C2, 0x10C2, 0x10A2, 0x10C2, 0x10C2, 0x10C2, 0x10C2, 0x10C2, 0x10C2,
  0x10C2, 0x10C2, 0x10C2, 0x10C2, 0x10C2, 0x10A2, 0x10C2, 0x10C2, 0x10C2, 0x10C2, 0x10C2, 0x10C2,
  0x10C2, 0x10C2, 0x10C2, 0x18C2, 0x10C2, 0x10C2, 0x10C2, 0x10C2, 0x10C2, 0x10C2, 0x10A2, 0x10C2,
  0x10C2, 0x10A2, 0x10A2, 0x10C2, 0x10C2, 0x10A2, 0x10C2, 0x10C2, 0x18C2, 0x18C2, 0x10C2, 0x10C2,
  0x10C2, 0x10C2, 0x10A2, 0x10A2, 0x10A2, 0x10A2, 0x10C2, 0x10C2, 0x10C2, 0x10C2, 0x10A2, 0x10A2,
  0x10C2, 0x10C2, 0x10A2, 0x10A2, 0x10C2, 0x18C2, 0x10C2, 0x10C2, 0x10C2, 0x10C2, 0x10C2, 0x10C2,
  0x10C2, 0x10C2, 0x10A2, 0x10A2, 0x10A2, 0x10A2, 0x10A2, 0x10A2, 0x10C2, 0x10C2, 0x10A2, 0x10A2,
  0x10A2, 0x10A2, 0x10A2, 0x10A2, 0x10A2, 0x10A2, 0x10C2, 0x10C2, 0x10C2, 0x10C2, 0x10C2, 0x10C2,
  0x10C2, 0x10C2, 0x10C2, 0x10C2, 0x10C2, 0x10C2, 0x10C2, 0x10A2, 0x10A2, 0x10A2, 0x10A2, 0x10A2,
  0x10A2, 0x10C2, 0x10A2, 0x10A2, 0x10A2, 0x10A2, 0x10A2, 0x10A2, 0x10A2, 0x10A2, 0x10A2, 0x10A2,
  0x10A2, 0x10A2, 0x10A2, 0x10A2, 0x10A2, 0x10A2, 0x10A2, 0x10A2, 0x10A2, 0x10A2, 0x10A2, 0x10A2,
  0x10C2, 0x10A2, 0x10A2, 0x10A2, 0x10A2, 0x10A2, 0x10A2, 0x10A2, 0x10A2, 0x10A2, 0x10A2, 0x10A2,
  0x10A2, 0x10A2, 0x10A2, 0x10A2, 0x10A2, 0x10A2, 0x10A2, 0x10A2, 0x10A2, 0x10A2, 0x10A2, 0x10A2,
  0x10A2, 0x10C2, 0x0840, 0x0000, 0x0000, 0x0000, 0x0000, 0x0000, 0x0000, 0x0000, 0x0000, 0x0000,
  0x0000, 0x0000, 0x0000, 0x0000, 0x0000, 0x0000, 0x0000, 0x0000, 0x0000, 0x0840, 0x18C2, 0x10A2,
  0x10A2, 0x10A2, 0x10A2, 0x10A2, 0x10A2, 0x10A2, 0x10A2, 0x10A2, 0x10A2, 0x10A2, 0x10A2, 0x10A2,
  0x10C2, 0x10C2, 0x10A2, 0x10A2, 0x10A2, 0x10A2, 0x10A2, 0x10A2, 0x10A2, 0x10A2, 0x10A2, 0x10A2,
  0x10A2, 0x10A2, 0x10A2, 0x10A2, 0x10C2, 0x10C2, 0x10C2, 0x10A2, 0x10A2, 0x10A2, 0x10A2, 0x10A2,
  0x10A2, 0x10A2, 0x10A2, 0x10A2, 0x10A2, 0x10A2, 0x10A2, 0x10A2, 0x10A2, 0x10A2, 0x10A2, 0x10A2,
  0x10A2, 0x10A2, 0x10A2, 0x10A2, 0x10A2, 0x10A2, 0x10A2, 0x10C2, 0x10A2, 0x10A2, 0x10C2, 0x10C2,
  0x10A2, 0x10C2, 0x10C2, 0x10C2, 0x10C2, 0x10C2, 0x10A2, 0x10A2, 0x10A2, 0x10C2, 0x10C2, 0x10C2,
  0x10C2, 0x10C2, 0x10A2, 0x10A2, 0x10C2, 0x10C2, 0x10C2, 0x10C2, 0x10C2, 0x10C2, 0x10C2, 0x10C2,
  0x10C2, 0x10A2, 0x10C2, 0x10C2, 0x10C2, 0x10C2, 0x10C2, 0x10C2, 0x10C2, 0x10C2, 0x10C2, 0x10C2,
  0x10C2, 0x10C2, 0x10C2, 0x18C2, 0x10C2, 0x10C2, 0x10C2, 0x10C2, 0x10C2, 0x10C2, 0x10C2, 0x10C2,
  0x10C2, 0x10A2, 0x10A2, 0x10A2, 0x10A2, 0x10A2, 0x10A2, 0x10A2, 0x10A2, 0x10A2, 0x10C2, 0x10C2,
  0x10C2, 0x10A2, 0x10A2, 0x10C2, 0x10A2, 0x10C2, 0x18C2, 0x10C2, 0x10C2, 0x10C2, 0x10C2, 0x10C2,
  0x10C2, 0x10C2, 0x10A2, 0x10A2, 0x10A2, 0x10A2, 0x10A2, 0x10A2, 0x10A2, 0x10A2, 0x10A2, 0x10A2,
  0x10A2, 0x10A2, 0x10A2, 0x10A2, 0x10A2, 0x10C2, 0x10C2, 0x10C2, 0x10C2, 0x10C2, 0x10C2, 0x10C2,
  0x10C2, 0x10A2, 0x10C2, 0x10C2, 0x10C2, 0x10C2, 0x10C2, 0x10C2, 0x10C2, 0x10A2, 0x10A2, 0x10A2,
  0x10A2, 0x10A2, 0x10A2, 0x10A2, 0x10A2, 0x10A2, 0x10A2, 0x10A2, 0x10A2, 0x10A2, 0x10A2, 0x10A2,
  0x10A2, 0x10A2, 0x10A2, 0x10A2, 0x10A2, 0x10A2, 0x10A2, 0x10A2, 0x10A2, 0x10A2, 0x10A2, 0x10A2,
  0x10A2, 0x10A2, 0x10A2, 0x10A2, 0x10A2, 0x10A2, 0x10A2, 0x10A2, 0x10A2, 0x10A2, 0x10A2, 0x10A2,
  0x10A2, 0x10A2, 0x10A2, 0x10A2, 0x10A2, 0x10A2, 0x10A2, 0x10A2, 0x10A2, 0x10A2, 0x10A2, 0x10A2,
  0x10A2, 0x10A2, 0x0840, 0x0000, 0x0000, 0x0000, 0x0000, 0x0000, 0x0000, 0x0000, 0x0000, 0x0000,
  0x0000, 0x0000, 0x0000, 0x0000, 0x0000, 0x0000, 0x0000, 0x0000, 0x0000, 0x0840, 0x18C2, 0x10A2,
  0x10A2, 0x10A2, 0x10A2, 0x10A2, 0x10A2, 0x10A2, 0x10A2, 0x10A2, 0x10A2, 0x10A2, 0x10A2, 0x10A2,
  0x10C2, 0x10A2, 0x10C2, 0x10C2, 0x10C2, 0x10A2, 0x10C2, 0x10A2, 0x10A2, 0x10A2, 0x10A2, 0x10A2,
  0x10A2, 0x10A2, 0x10A2, 0x10A2, 0x10A2, 0x10A2, 0x10C2, 0x10C2, 0x10A2, 0x10A2, 0x10A2, 0x10C2,
  0x10C2, 0x10A2, 0x10C2, 0x10C2, 0x10A2, 0x10A2, 0x10A2, 0x10A2, 0x10A2, 0x10A2, 0x10A2, 0x10A2,
  0x10A2, 0x10A2, 0x10A2, 0x10A2, 0x10A2, 0x10A2, 0x10C2, 0x10C2, 0x10C2, 0x10C2, 0x10A2, 0x10A2,
  0x10A2, 0x10A2, 0x10C2, 0x10C2, 0x10C2, 0x10A2, 0x10A2, 0x10A2, 0x10C2, 0x10C2, 0x10C2, 0x10C2,
  0x10C2, 0x10C2, 0x10C2, 0x10C2, 0x10C2, 0x10C2, 0x10C2, 0x10A2, 0x10C2, 0x10C2, 0x10C2, 0x10C2,
  0x10C2, 0x10C2, 0x10A2, 0x10A2, 0x10A2, 0x10C2, 0x10C2, 0x10C2, 0x10C2, 0x10C2, 0x10C2, 0x10A2,
  0x10A2, 0x10C2, 0x10C2, 0x10C2, 0x10C2, 0x10C2, 0x10A2, 0x10C2, 0x10C2, 0x10C2, 0x10C2, 0x10C2,
  0x10C2, 0x10A2, 0x10A2, 0x10A2, 0x10C2, 0x10A2, 0x10A2, 0x10A2, 0x10A2, 0x10A2, 0x10C2, 0x10C2,
  0x10C2, 0x10A2, 0x10A2, 0x10C2, 0x10C2, 0x10C2, 0x18C2, 0x10C2, 0x10C2, 0x10C2, 0x10C2, 0x10C2,
  0x10C2, 0x10C2, 0x10C2, 0x10C2, 0x10C2, 0x10C2, 0x10C2, 0x10A2, 0x10A2, 0x10A2, 0x10A2, 0x10C2,
  0x10A2, 0x10A2, 0x10A2, 0x10A2, 0x10C2, 0x10A2, 0x10C2, 0x10C2, 0x10C2, 0x10C2, 0x10A2, 0x10A2,
  0x10C2, 0x10C2, 0x10C2, 0x10C2, 0x10C2, 0x10C2, 0x10C2, 0x10A2, 0x10A2, 0x10A2, 0x10A2, 0x10A2,
  0x10A2, 0x10A2, 0x10A2, 0x10A2, 0x10A2, 0x10A2, 0x10A2, 0x10A2, 0x10A2, 0x10A2, 0x10A2, 0x10A2,
  0x10A2, 0x10A2, 0x10A2, 0x10A2, 0x10A2, 0x10A2, 0x10A2, 0x10A2, 0x10A2, 0x10A2, 0x10A2, 0x10A2,
  0x10A2, 0x10A2, 0x10A2, 0x10A2, 0x10A2, 0x10A2, 0x10A2, 0x10A2, 0x10A2, 0x10A2, 0x10A2, 0x10A2,
  0x10A2, 0x10A2, 0x10A2, 0x10A2, 0x10A2, 0x10A2, 0x10A2, 0x10A2, 0x10A2, 0x10A2, 0x10A2, 0x10A2,
  0x10A2, 0x10A2, 0x0840, 0x0000, 0x0000, 0x0000, 0x0000, 0x0000, 0x0000, 0x0000, 0x0000, 0x0000,
  0x0000, 0x0000, 0x0000, 0x0000, 0x0000, 0x0000, 0x0000, 0x0000, 0x0000, 0x0840, 0x10C2, 0x10A2,
  0x10A2, 0x10A2, 0x10A2, 0x10A2, 0x10A2, 0x10A2, 0x10A2, 0x10A2, 0x10A2, 0x10A2, 0x10A2, 0x10A2,
  0x10C2, 0x10A2, 0x10A2, 0x10A2, 0x10A2, 0x10A2, 0x10A2, 0x10A2, 0x10A2, 0x10A2, 0x10A2, 0x10A2,
  0x10A2, 0x10A2, 0x10A2, 0x10A2, 0x10A2, 0x10A2, 0x10C2, 0x10A2, 0x10A2, 0x10C2, 0x10C2, 0x10C2,
  0x10C2, 0x10C2, 0x10C2, 0x10C2, 0x10A2, 0x10A2, 0x10C2, 0x10A2, 0x10A2, 0x10A2, 0x10A2, 0x10A2,
  0x10A2, 0x10A2, 0x10A2, 0x10A2, 0x10A2, 0x10A2, 0x10A2, 0x10C2, 0x10A2, 0x10A2, 0x10A2, 0x10C2,
  0x10A2, 0x10A2, 0x10A2, 0x10A2, 0x10A2, 0x10A2, 0x10A2, 0x10A2, 0x10C2, 0x10C2, 0x10C2, 0x10C2,
  0x10A2, 0x10A2, 0x10C2, 0x10C2, 0x10C2, 0x10C2, 0x10C2, 0x10A2, 0x10C2, 0x10C2, 0x10A2, 0x10C2,
  0x10C2, 0x10C2, 0x10C2, 0x10C2, 0x10C2, 0x10C2, 0x10C2, 0x10C2, 0x10C2, 0x10C2, 0x10C2, 0x10A2,
  0x10A2, 0x10A2, 0x10C2, 0x10C2, 0x10C2, 0x10A2, 0x10C2, 0x10A2, 0x10A2, 0x10C2, 0x10C2, 0x10C2,
  0x10A2, 0x10A2, 0x10A2, 0x10A2, 0x10A2, 0x10A2, 0x10A2, 0x10A2, 0x10A2, 0x10A2, 0x10C2, 0x10C2,
  0x10C2, 0x10C2, 0x10A2, 0x10A2, 0x10C2, 0x10C2, 0x10C2, 0x10C2, 0x10C2, 0x10C2, 0x10C2, 0x10C2,
  0x10C2, 0x10C2, 0x10C2, 0x10C2, 0x10C2, 0x10A2, 0x10C2, 0x10A2, 0x10A2, 0x10A2, 0x10A2, 0x10A2,
  0x10C2, 0x10A2, 0x10A2, 0x10A2, 0x10A2, 0x10C2, 0x10C2, 0x10A2, 0x10C2, 0x10C2, 0x10C2, 0x10C2,
  0x10C2, 0x10C2, 0x10C2, 0x10C2, 0x10C2, 0x10C2, 0x10A2, 0x10A2, 0x10A2, 0x10A2, 0x10A2, 0x10A2,
  0x10C2, 0x10A2, 0x10A2, 0x10A2, 0x10A2, 0x10A2, 0x10A2, 0x10A2, 0x10A2, 0x10A2, 0x10A2, 0x10A2,
  0x10A2, 0x10A2, 0x10A2, 0x10A2, 0x10A2, 0x10A2, 0x10A2, 0x10A2, 0x10A2, 0x10A2, 0x10A2, 0x10A2,
  0x10A2, 0x10A2, 0x10A2, 0x10A2, 0x10A2, 0x10A2, 0x10A2, 0x10A2, 0x10A2, 0x10A2, 0x10A2, 0x10A2,
  0x10A2, 0x10A2, 0x10A2, 0x10A2, 0x10A2, 0x10A2, 0x10A2, 0x10C2, 0x10A2, 0x10A2, 0x10A2, 0x10A2,
  0x10A2, 0x10A2, 0x0040, 0x0000, 0x0000, 0x0000, 0x0000, 0x0000, 0x0000, 0x0000, 0x0000, 0x0000,
  0x0000, 0x0000, 0x0000, 0x0000, 0x0000, 0x0000, 0x0000, 0x0000, 0x0000, 0x0020, 0x10A2, 0x10A2,
  0x10A2, 0x10A2, 0x10A2, 0x10A2, 0x10A2, 0x10A2, 0x10A2, 0x10A2, 0x10A2, 0x10A2, 0x10A2, 0x10A2,
  0x10A2, 0x10A2, 0x10A2, 0x10A2, 0x10A2, 0x10A2, 0x10A2, 0x10A2, 0x10A2, 0x10A2, 0x10A2, 0x10A2,
  0x10A2, 0x10A2, 0x10A2, 0x10A2, 0x10A2, 0x10A2, 0x10C2, 0x10C2, 0x10C2, 0x10C2, 0x10A2, 0x10C2,
  0x10C2, 0x10C2, 0x10C2, 0x10C2, 0x10C2, 0x10C2, 0x10C2, 0x10A2, 0x10A2, 0x10A2, 0x10A2, 0x10A2,
  0x10A2, 0x10A2, 0x10A2, 0x10A2, 0x10A2, 0x10A2, 0x10A2, 0x10A2, 0x10A2, 0x10A2, 0x10C2, 0x10C2,
  0x10A2, 0x10A2, 0x10A2, 0x10A2, 0x10A2, 0x10A2, 0x10C2, 0x10C2, 0x10C2, 0x10C2, 0x10C2, 0x10C2,
  0x10C2, 0x10A2, 0x10A2, 0x10A2, 0x10A2, 0x10A2, 0x10C2, 0x10A2, 0x10C2, 0x10C2, 0x10C2, 0x10C2,
  0x10C2, 0x10A2, 0x10A2, 0x10C2, 0x10C2, 0x10A2, 0x10C2, 0x10C2, 0x10C2, 0x10C2, 0x10C2, 0x10C2,
  0x10C2, 0x10C2, 0x10C2, 0x10C2, 0x10C2, 0x10C2, 0x10A2, 0x10C2, 0x10C2, 0x10C2, 0x10C2, 0x10C2,
  0x10A2, 0x10A2, 0x10A2, 0x10A2, 0x10C2, 0x10C2, 0x10A2, 0x10A2, 0x10A2, 0x10A2, 0x10C2, 0x10C2,
  0x10C2, 0x10C2, 0x10C2, 0x10C2, 0x10C2, 0x10C2, 0x18C2, 0x10C2, 0x10C2, 0x18C2, 0x10C2, 0x10C2,
  0x10C2, 0x10C2, 0x10C2, 0x10C2, 0x10C2, 0x10C2, 0x10C2, 0x10A2, 0x10A2, 0x10A2, 0x10A2, 0x10A2,
  0x10A2, 0x10C2, 0x10A2, 0x10A2, 0x10A2, 0x10A2, 0x10C2, 0x10C2, 0x10C2, 0x10C2, 0x10C2, 0x10C2,
  0x10C2, 0x10C2, 0x10C2, 0x10C2, 0x10C2, 0x10A2, 0x10C2, 0x10C2, 0x10C2, 0x10C2, 0x10C2, 0x10C2,
  0x10A2, 0x10C2, 0x10A2, 0x10A2, 0x10A2, 0x10A2, 0x10A2, 0x10A2, 0x10A2, 0x10A2, 0x10A2, 0x10A2,
  0x10A2, 0x10A2, 0x10A2, 0x10A2, 0x10A2, 0x10A2, 0x10A2, 0x10A2, 0x10A2, 0x10A2, 0x10A2, 0x10A2,
  0x10A2, 0x10A2, 0x10A2, 0x10A2, 0x10A2, 0x10A2, 0x10A2, 0x10A2, 0x10A2, 0x10A2, 0x10A2, 0x10A2,
  0x10A2, 0x10A2, 0x10A2, 0x10A2, 0x10A2, 0x10A2, 0x10A2, 0x10A2, 0x10A2, 0x10A2, 0x10A2, 0x10A2,
  0x10A2, 0x10A2, 0x0020, 0x0000, 0x0000, 0x0000, 0x0000, 0x0000, 0x0000, 0x0000, 0x0000, 0x0000,
  0x0000, 0x0000, 0x0000, 0x0000, 0x0000, 0x0000, 0x0000, 0x0000, 0x0000, 0x0020, 0x10A2, 0x10A2,
  0x10A2, 0x10A2, 0x10A2, 0x10A2, 0x10C2, 0x10A2, 0x10A2, 0x10A2, 0x10A2, 0x10A2, 0x10A2, 0x10A2,
  0x10A2, 0x10A2, 0x10A2, 0x10A2, 0x10A2, 0x10A2, 0x10A2, 0x10A2, 0x10A2, 0x10A2, 0x10A2, 0x10A2,
  0x10A2, 0x10A2, 0x10A2, 0x10A2, 0x10A2, 0x10C2, 0x10C2, 0x10C2, 0x10C2, 0x10C2, 0x10C2, 0x10C2,
  0x10C2, 0x10C2, 0x10C2, 0x10C2, 0x10A2, 0x10A2, 0x10A2, 0x10A2, 0x10A2, 0x10A2, 0x10A2, 0x10A2,
  0x10C2, 0x10A2, 0x10A2, 0x10A2, 0x10A2, 0x10A2, 0x10A2, 0x10A2, 0x10A2, 0x10A2, 0x10A2, 0x10A2,
  0x10A2, 0x10A2, 0x10A2, 0x10A2, 0x10A2, 0x10A2, 0x10C2, 0x10A2, 0x10A2, 0x10A2, 0x10A2, 0x10A2,
  0x10C2, 0x10C2, 0x10A2, 0x10A2, 0x10A2, 0x10A2, 0x10A2, 0x10A2, 0x10C2, 0x10C2, 0x10C2, 0x10C2,
  0x10C2, 0x10A2, 0x10A2, 0x10C2, 0x10C2, 0x10C2, 0x10C2, 0x10C2, 0x10C2, 0x10C2, 0x10C2, 0x10C2,
  0x10C2, 0x10C2, 0x10A2, 0x10A2, 0x10A2, 0x10C2, 0x10C2, 0x10C2, 0x10C2, 0x10C2, 0x10A2, 0x10C2,
  0x10C2, 0x10A2, 0x10A2, 0x10A2, 0x10C2, 0x10A2, 0x10A2, 0x10C2, 0x10C2, 0x10C2, 0x10C2, 0x10C2,
  0x10A2, 0x10A2, 0x10C2, 0x10C2, 0x10C2, 0x10C2, 0x10C2, 0x10C2, 0x10C2, 0x18C2, 0x10C2, 0x10C2,
  0x10C2, 0x10C2, 0x10C2, 0x10C2, 0x10C2, 0x10C2, 0x10C2, 0x10A2, 0x10A2, 0x10A2, 0x10A2, 0x10A2,
  0x10A2, 0x10A2, 0x10A2, 0x10A2, 0x10A2, 0x10C2, 0x10C2, 0x10C2, 0x10C2, 0x10C2, 0x10A2, 0x10C2,
  0x10C2, 0x10C2, 0x10C2, 0x10C2, 0x10C2, 0x10C2, 0x10C2, 0x10C2, 0x10C2, 0x10C2, 0x10A2, 0x10C2,
  0x10C2, 0x10A2, 0x10A2, 0x10A2, 0x10A2, 0x10A2, 0x10A2, 0x10A2, 0x10A2, 0x10A2, 0x10A2, 0x10A2,
  0x10A2, 0x10A2, 0x10A2, 0x10A2, 0x10A2, 0x10A2, 0x10A2, 0x10A2, 0x10A2, 0x10A2, 0x10A2, 0x10A2,
  0x10A2, 0x10A2, 0x10A2, 0x10A2, 0x10A2, 0x10A2, 0x10A2, 0x10A2, 0x10A2, 0x10A2, 0x10A2, 0x10A2,
  0x10A2, 0x10A2, 0x10A2, 0x10A2, 0x10C2, 0x10A2, 0x10A2, 0x10A2, 0x10A2, 0x10A2, 0x10A2, 0x10A2,
  0x10A2, 0x10A2, 0x0020, 0x0000, 0x0000, 0x0000, 0x0000, 0x0000, 0x0000, 0x0000, 0x0000, 0x0000,
  0x0000, 0x0000, 0x0000, 0x0000, 0x0000, 0x0000, 0x0000, 0x0000, 0x0000, 0x0000, 0x10A2, 0x10A2,
  0x10A2, 0x10A2, 0x10A2, 0x10A2, 0x10C2, 0x10A2, 0x10A2, 0x10A2, 0x10A2, 0x10A2, 0x10A2, 0x10A2,
  0x10A2, 0x10A2, 0x10A2, 0x10A2, 0x10A2, 0x10A2, 0x10A2, 0x10C2, 0x10A2, 0x10A2, 0x10A2, 0x10A2,
  0x10A2, 0x10A2, 0x10A2, 0x10A2, 0x10A2, 0x10C2, 0x10C2, 0x10C2, 0x10C2, 0x10C2, 0x10C2, 0x10C2,
  0x10C2, 0x10C2, 0x10C2, 0x10C2, 0x10A2, 0x10A2, 0x10A2, 0x10A2, 0x10A2, 0x10A2, 0x10A2, 0x10A2,
  0x10C2, 0x10A2, 0x10A2, 0x10A2, 0x10A2, 0x10A2, 0x10A2, 0x10A2, 0x10A2, 0x10A2, 0x10A2, 0x10A2,
  0x10A2, 0x10A2, 0x10C2, 0x10C2, 0x10A2, 0x10C2, 0x10C2, 0x10A2, 0x10A2, 0x10A2, 0x10A2, 0x10A2,
  0x10C2, 0x10C2, 0x10A2, 0x10A2, 0x10A2, 0x10A2, 0x10A2, 0x10A2, 0x10C2, 0x10C2, 0x10C2, 0x10C2,
  0x10C2, 0x10A2, 0x10A2, 0x10C2, 0x10C2, 0x10C2, 0x10C2, 0x10C2, 0x10C2, 0x10C2, 0x10C2, 0x10C2,
  0x10C2, 0x10C2, 0x10A2, 0x10A2, 0x10A2, 0x10C2, 0x10C2, 0x10C2, 0x10C2, 0x10C2, 0x10C2, 0x10C2,
  0x10C2, 0x10A2, 0x10C2, 0x10C2, 0x10C2, 0x10A2, 0x10C2, 0x10C2, 0x10C2, 0x10C2, 0x10C2, 0x10C2,
  0x10A2, 0x10A2, 0x10C2, 0x10C2, 0x10C2, 0x10C2, 0x10C2, 0x10C2, 0x10C2, 0x18C2, 0x10C2, 0x10C2,
  0x10C2, 0x10C2, 0x10C2, 0x10C2, 0x10C2, 0x10C2, 0x10C2, 0x10A2, 0x10A2, 0x10A2, 0x10A2, 0x10C2,
  0x10A2, 0x10A2, 0x10A2, 0x10A2, 0x10A2, 0x10C2, 0x10C2, 0x10C2, 0x10C2, 0x10C2, 0x10A2, 0x10C2,
  0x10C2, 0x10C2, 0x10C2, 0x10C2, 0x10C2, 0x10C2, 0x10C2, 0x10C2, 0x10C2, 0x10C2, 0x10A2, 0x10C2,
  0x10C2, 0x10A2, 0x10A2, 0x10A2, 0x10A2, 0x10A2, 0x10A2, 0x10A2, 0x10A2, 0x10A2, 0x10A2, 0x10A2,
  0x10A2, 0x10A2, 0x10A2, 0x10A2, 0x10A2, 0x10A2, 0x10A2, 0x10A2, 0x10A2, 0x10A2, 0x10A2, 0x10A2,
  0x10A2, 0x10A2, 0x10A2, 0x10A2, 0x10A2, 0x10A2, 0x10A2, 0x10A2, 0x10A2, 0x10A2, 0x10A2, 0x10A2,
  0x10A2, 0x10A2, 0x10A2, 0x10A2, 0x10C2, 0x10A2, 0x10A2, 0x10A2, 0x10A2, 0x10A2, 0x10A2, 0x10A2,
  0x10A2, 0x1081, 0x0000, 0x0000, 0x0000, 0x0000, 0x0000, 0x0000, 0x0000, 0x0000, 0x0000, 0x0000,
  0x0000, 0x0000, 0x0000, 0x0000, 0x0000, 0x0000, 0x0000, 0x0000, 0x0000, 0x0000, 0x1082, 0x10C2,
  0x10A2, 0x10A2, 0x10A2, 0x10A2, 0x10C2, 0x10A2, 0x10C2, 0x10A2, 0x10A2, 0x10A2, 0x10A2, 0x10A2,
  0x10A2, 0x10A2, 0x10A2, 0x10A2, 0x10A2, 0x10A2, 0x10A2, 0x10A2, 0x10A2, 0x10A2, 0x10A2, 0x10A2,
  0x10A2, 0x10A2, 0x10A2, 0x10A2, 0x10C2, 0x10C2, 0x10A2, 0x10A2, 0x10C2, 0x10C2, 0x10A2, 0x10A2,
  0x10A2, 0x10C2, 0x10C2, 0x10C2, 0x10A2, 0x10C2, 0x10A2, 0x10A2, 0x10A2, 0x10A2, 0x10A2, 0x10A2,
  0x10A2, 0x10C2, 0x10C2, 0x10C2, 0x10A2, 0x10A2, 0x10A2, 0x10A2, 0x10A2, 0x10A2, 0x10A2, 0x10A2,
  0x10A2, 0x10C2, 0x10C2, 0x10C2, 0x10A2, 0x10C2, 0x10A2, 0x10A2, 0x10A2, 0x10A2, 0x10A2, 0x10C2,
  0x10C2, 0x10C2, 0x10C2, 0x10C2, 0x10A2, 0x10A2, 0x10A2, 0x10C2, 0x10C2, 0x10C2, 0x10C2, 0x10C2,
  0x10C2, 0x10C2, 0x10A2, 0x10C2, 0x10C2, 0x10A2, 0x10C2, 0x10C2, 0x10C2, 0x10C2, 0x10C2, 0x10C2,
  0x10C2, 0x10A2, 0x10A2, 0x10A2, 0x10C2, 0x10C2, 0x10C2, 0x10A2, 0x10A2, 0x10A2, 0x18C2, 0x10C2,
  0x10C2, 0x10C2, 0x10C2, 0x10C2, 0x10C2, 0x10C2, 0x10C2, 0x10C2, 0x10C2, 0x10C2, 0x10C2, 0x10C2,
  0x10C2, 0x10C2, 0x10C2, 0x10C2, 0x10C2, 0x10C2, 0x10C2, 0x10C2, 0x10C2, 0x10C2, 0x10C2, 0x10C2,
  0x18C2, 0x10C2, 0x10C2, 0x10C2, 0x10C2, 0x10C2, 0x10C2, 0x10A2, 0x10C2, 0x10C2, 0x10A2, 0x10C2,
  0x10A2, 0x10C2, 0x10C2, 0x10C2, 0x10C2, 0x10C2, 0x10C2, 0x10C2, 0x10A2, 0x10A2, 0x10C2, 0x10C2,
  0x10C2, 0x10C2, 0x10C2, 0x10C2, 0x10C2, 0x10C2, 0x10C2, 0x10C2, 0x10C2, 0x10C2, 0x10C2, 0x10A2,
  0x10C2, 0x10A2, 0x10A2, 0x10C2, 0x10A2, 0x10A2, 0x10A2, 0x10A2, 0x10A2, 0x10A2, 0x10A2, 0x10A2,
  0x10A2, 0x10A2, 0x10A2, 0x10A2, 0x10A2, 0x10A2, 0x10A2, 0x10A2, 0x10A2, 0x10A2, 0x10A2, 0x10A2,
  0x10A2, 0x10A2, 0x10A2, 0x10A2, 0x10A2, 0x10A2, 0x10A2, 0x10A2, 0x10A2, 0x10A2, 0x10A2, 0x10A2,
  0x10A2, 0x10A2, 0x10A2, 0x10A2, 0x10A2, 0x10A2, 0x10A2, 0x10A2, 0x10A2, 0x10A2, 0x10A2, 0x10A2,
  0x10A2, 0x1081, 0x0000, 0x0000, 0x0000, 0x0000, 0x0000, 0x0000, 0x0000, 0x0000, 0x0000, 0x0000,
  0x0000, 0x0000, 0x0000, 0x0000, 0x0000, 0x0000, 0x0000, 0x0000, 0x0000, 0x0000, 0x1081, 0x10C2,
  0x10A2, 0x10A2, 0x10A2, 0x10A2, 0x10C2, 0x10A2, 0x10A2, 0x10A2, 0x10A2, 0x10C2, 0x10C2, 0x10A2,
  0x10C2, 0x10A2, 0x10A2, 0x10A2, 0x10A2, 0x10A2, 0x10A2, 0x10C2, 0x10A2, 0x10A2, 0x10A2, 0x10A2,
  0x10A2, 0x10A2, 0x10A2, 0x10A2, 0x10A2, 0x10A2, 0x10A2, 0x10A2, 0x10C2, 0x10C2, 0x10A2, 0x10A2,
  0x10A2, 0x10A2, 0x10A2, 0x10A2, 0x10A2, 0x10A2, 0x10A2, 0x10A2, 0x10C2, 0x10C2, 0x10C2, 0x10C2,
  0x10A2, 0x10A2, 0x10A2, 0x10A2, 0x10A2, 0x10A2, 0x10A2, 0x10A2, 0x10A2, 0x10A2, 0x10C2, 0x10C2,
  0x10A2, 0x10C2, 0x10C2, 0x10C2, 0x10C2, 0x10A2, 0x10C2, 0x10C2, 0x10C2, 0x10C2, 0x10C2, 0x10C2,
  0x10C2, 0x10C2, 0x10C2, 0x10C2, 0x10C2, 0x10A2, 0x10A2, 0x10C2, 0x10C2, 0x10C2, 0x10C2, 0x10C2,
  0x10C2, 0x10C2, 0x10C2, 0x10C2, 0x10C2, 0x10C2, 0x10C2, 0x10C2, 0x10C2, 0x10C2, 0x10A2, 0x10C2,
  0x10C2, 0x10C2, 0x10C2, 0x10C2, 0x10C2, 0x10C2, 0x10C2, 0x10C2, 0x10C2, 0x10C2, 0x10C2, 0x10C2,
  0x10C2, 0x10C2, 0x10C2, 0x10C2, 0x10C2, 0x10A2, 0x10C2, 0x10C2, 0x10C2, 0x10C2, 0x10C2, 0x10C2,
  0x10C2, 0x10C2, 0x10C2, 0x10C2, 0x10C2, 0x10C2, 0x10C2, 0x18C2, 0x10C2, 0x10C2, 0x10C2, 0x10C2,
  0x10C2, 0x10C2, 0x18C2, 0x18C2, 0x10C2, 0x10C2, 0x10C2, 0x10C2, 0x10C2, 0x10C2, 0x10A2, 0x10C2,
  0x10C2, 0x10C2, 0x10A2, 0x10A2, 0x10C2, 0x10C2, 0x10C2, 0x10C2, 0x10C2, 0x10C2, 0x10C2, 0x10C2,
  0x10C2, 0x10C2, 0x10C2, 0x10C2, 0x10C2, 0x10C2, 0x10C2, 0x10C2, 0x10C2, 0x10C2, 0x18C2, 0x10C2,
  0x10C2, 0x10C2, 0x10A2, 0x10A2, 0x10A2, 0x10A2, 0x10A2, 0x10A2, 0x10A2, 0x10A2, 0x10A2, 0x10A2,
  0x10A2, 0x10A2, 0x10A2, 0x10A2, 0x10A2, 0x10C2, 0x10A2, 0x10A2, 0x10A2, 0x10A2, 0x10A2, 0x10A2,
  0x10A2, 0x10A2, 0x10A2, 0x10A2, 0x10A2, 0x10A2, 0x10A2, 0x10A2, 0x10A2, 0x10A2, 0x10A2, 0x10A2,
  0x10A2, 0x10A2, 0x10A2, 0x10A2, 0x10A2, 0x10A2, 0x10A2, 0x10A2, 0x10A2, 0x10A2, 0x10A2, 0x10A2,
  0x10A2, 0x1081, 0x0000, 0x0000, 0x0000, 0x0000, 0x0000, 0x0000, 0x0000, 0x0000, 0x0000, 0x0000,
  0x0000, 0x0000, 0x0000, 0x0000, 0x0000, 0x0000, 0x0000, 0x0000, 0x0000, 0x0020, 0x10A2, 0x10A2,
  0x10A2, 0x10A2, 0x10A2, 0x10A2, 0x10A2, 0x10C2, 0x10A2, 0x10A2, 0x10A2, 0x10A2, 0x10A2, 0x10A2,
  0x10A2, 0x10A2, 0x10A2, 0x10A2, 0x10A2, 0x10A2, 0x10C2, 0x10A2, 0x10A2, 0x10A2, 0x10A2, 0x10A2,
  0x10A2, 0x10C2, 0x10A2, 0x10A2, 0x10C2, 0x10C2, 0x10A2, 0x10C2, 0x10C2, 0x10C2, 0x10C2, 0x10C2,
  0x10C2, 0x10A2, 0x10A2, 0x10A2, 0x10A2, 0x10A2, 0x10A2, 0x10A2, 0x10A2, 0x10A2, 0x10A2, 0x10A2,
  0x10A2, 0x10A2, 0x10A2, 0x10A2, 0x10A2, 0x10A2, 0x10A2, 0x10A2, 0x10A2, 0x10A2, 0x10C2, 0x10C2,
  0x10A2, 0x10C2, 0x10C2, 0x10C2, 0x10C2, 0x10A2, 0x10C2, 0x10C2, 0x10C2, 0x10C2, 0x10A2, 0x10A2,
  0x10C2, 0x10A2, 0x10C2, 0x10C2, 0x10C2, 0x10C2, 0x10A2, 0x10C2, 0x10C2, 0x10C2, 0x10C2, 0x10C2,
  0x10A2, 0x10C2, 0x10A2, 0x10A2, 0x10C2, 0x10A2, 0x10C2, 0x10C2, 0x10C2, 0x10C2, 0x10A2, 0x10A2,
  0x10A2, 0x10C2, 0x10C2, 0x10C2, 0x10C2, 0x10C2, 0x10C2, 0x10C2, 0x10C2, 0x10C2, 0x10C2, 0x10C2,
  0x10C2, 0x18C2, 0x10C2, 0x10C2, 0x10C2, 0x10C2, 0x10C2, 0x10C2, 0x10C2, 0x10C2, 0x10C2, 0x10C2,
  0x18C2, 0x10C2, 0x10C2, 0x10C2, 0x10C2, 0x10C2, 0x10C2, 0x18C2, 0x10C2, 0x10C2, 0x10C2, 0x10C2,
  0x10C2, 0x10C2, 0x18C2, 0x18C2, 0x10C2, 0x10C2, 0x10C2, 0x10C2, 0x10C2, 0x10C2, 0x10C2, 0x10C2,
  0x10C2, 0x10C2, 0x10C2, 0x10C2, 0x10C2, 0x10C2, 0x10C2, 0x10C2, 0x10C2, 0x10C2, 0x10C2, 0x10C2,
  0x10C2, 0x10C2, 0x10C2, 0x10C2, 0x18C2, 0x10C2, 0x10C2, 0x10C2, 0x10C2, 0x10C2, 0x18C2, 0x10C2,
  0x10C2, 0x10C2, 0x10A2, 0x10A2, 0x10A2, 0x10A2, 0x10A2, 0x10A2, 0x10A2, 0x10A2, 0x10C2, 0x10A2,
  0x10A2, 0x10A2, 0x10A2, 0x10A2, 0x10A2, 0x10A2, 0x10A2, 0x10A2, 0x10A2, 0x10A2, 0x10A2, 0x10A2,
  0x10A2, 0x10A2, 0x10A2, 0x10A2, 0x10A2, 0x10A2, 0x10A2, 0x10A2, 0x10A2, 0x10A2, 0x10A2, 0x10A2,
  0x10A2, 0x10A2, 0x10A2, 0x10A2, 0x10A2, 0x10A2, 0x10A2, 0x10A2, 0x10A2, 0x10A2, 0x10A2, 0x10A2,
  0x10A2, 0x1081, 0x0020, 0x0000, 0x0000, 0x0000, 0x0000, 0x0000, 0x0000, 0x0000, 0x0000, 0x0000,
  0x0000, 0x0000, 0x0000, 0x0000, 0x0000, 0x0000, 0x0000, 0x0000, 0x0000, 0x0020, 0x10A2, 0x10A2,
  0x10A2, 0x10C2, 0x10A2, 0x10A2, 0x10A2, 0x10A2, 0x10A2, 0x10A2, 0x10A2, 0x10A2, 0x10A2, 0x10C2,
  0x10C2, 0x10C2, 0x10A2, 0x10A2, 0x10A2, 0x10A2, 0x10C2, 0x10C2, 0x10C2, 0x10C2, 0x10C2, 0x10C2,
  0x10C2, 0x10C2, 0x10A2, 0x10A2, 0x10A2, 0x10A2, 0x10C2, 0x10C2, 0x10C2, 0x10C2, 0x10C2, 0x10A2,
  0x10A2, 0x10A2, 0x10A2, 0x10A2, 0x10A2, 0x10A2, 0x10A2, 0x10A2, 0x10A2, 0x10A2, 0x10A2, 0x10A2,
  0x10A2, 0x10C2, 0x10A2, 0x10A2, 0x10A2, 0x10A2, 0x10A2, 0x10C2, 0x10A2, 0x10A2, 0x10C2, 0x10A2,
  0x10C2, 0x10C2, 0x10C2, 0x10C2, 0x10C2, 0x10A2, 0x10C2, 0x10C2, 0x10A2, 0x10A2, 0x10A2, 0x10A2,
  0x10C2, 0x10C2, 0x10C2, 0x10C2, 0x10C2, 0x10C2, 0x10A2, 0x10A2, 0x10C2, 0x10C2, 0x10C2, 0x10C2,
  0x10C2, 0x10C2, 0x10A2, 0x10A2, 0x10C2, 0x10C2, 0x10A2, 0x10C2, 0x10C2, 0x10C2, 0x10C2, 0x10A2,
  0x10A2, 0x10A2, 0x10C2, 0x10C2, 0x10C2, 0x10C2, 0x10C2, 0x10C2, 0x10C2, 0x10C2, 0x10C2, 0x10C2,
  0x10C2, 0x10C2, 0x10C2, 0x10C2, 0x10C2, 0x18C2, 0x10C2, 0x10C2, 0x10A2, 0x10A2, 0x10C2, 0x18C2,
  0x10C2, 0x10C2, 0x10A2, 0x10A2, 0x10A2, 0x10C2, 0x10C2, 0x10C2, 0x10C2, 0x10C2, 0x10C2, 0x10C2,
  0x10C2, 0x10C2, 0x10C2, 0x10C2, 0x10C2, 0x10C2, 0x10C2, 0x10C2, 0x10C2, 0x10C2, 0x10C2, 0x10C2,
  0x10A2, 0x10C2, 0x10C2, 0x10C2, 0x10C2, 0x10C2, 0x10C2, 0x10C2, 0x10C2, 0x10C2, 0x10C2, 0x10C2,
  0x10C2, 0x10C2, 0x10C2, 0x10C2, 0x10C2, 0x10C2, 0x10C2, 0x10C2, 0x10C2, 0x18C2, 0x10C2, 0x10C2,
  0x10C2, 0x10C2, 0x10A2, 0x10A2, 0x10A2, 0x10A2, 0x10A2, 0x10A2, 0x10A2, 0x10A2, 0x10A2, 0x10C2,
  0x10C2, 0x10A2, 0x10A2, 0x10A2, 0x10A2, 0x10A2, 0x10A2, 0x10A2, 0x10A2, 0x10A2, 0x10A2, 0x10A2,
  0x10A2, 0x10A2, 0x10A2, 0x10A2, 0x10A2, 0x10A2, 0x10A2, 0x10A2, 0x10A2, 0x10A2, 0x10A2, 0x10A2,
  0x10A2, 0x10A2, 0x10A2, 0x10A2, 0x10A2, 0x10A2, 0x10A2, 0x10A2, 0x10A2, 0x10A2, 0x10A2, 0x10A2,
  0x10A2, 0x1082, 0x0020, 0x0000, 0x0000, 0x0000, 0x0000, 0x0000, 0x0000, 0x0000, 0x0000, 0x0000,
  0x0000, 0x0000, 0x0000, 0x0000, 0x0000, 0x0000, 0x0000, 0x0000, 0x0000, 0x0020, 0x1082, 0x10A2,
  0x10A2, 0x10A2, 0x10A2, 0x10A2, 0x10A2, 0x10A2, 0x10A2, 0x10A2, 0x10C2, 0x10C2, 0x10C2, 0x10C2,
  0x10C2, 0x10C2, 0x10C2, 0x10A2, 0x10A2, 0x10A2, 0x10A2, 0x10A2, 0x10A2, 0x10A2, 0x10C2, 0x10A2,
  0x10C2, 0x10A2, 0x10A2, 0x10A2, 0x10C2, 0x10C2, 0x10C2, 0x10C2, 0x10C2, 0x10C2, 0x10A2, 0x10A2,
  0x10A2, 0x10A2, 0x10A2, 0x10A2, 0x10A2, 0x10A2, 0x10A2, 0x10C2, 0x10C2, 0x10C2, 0x10A2, 0x10A2,
  0x10A2, 0x10C2, 0x10C2, 0x10C2, 0x10A2, 0x10A2, 0x10C2, 0x10C2, 0x10C2, 0x10C2, 0x10C2, 0x10C2,
  0x10A2, 0x10C2, 0x10C2, 0x10C2, 0x10C2, 0x10C2, 0x10C2, 0x10C2, 0x10A2, 0x10A2, 0x10C2, 0x10A2,
  0x10C2, 0x10C2, 0x10C2, 0x10C2, 0x10A2, 0x10C2, 0x10C2, 0x10C2, 0x10A2, 0x10A2, 0x10C2, 0x10C2,
  0x10C2, 0x10A2, 0x10A2, 0x10C2, 0x10C2, 0x10C2, 0x10A2, 0x10C2, 0x10A2, 0x10A2, 0x10C2, 0x10C2,
  0x10A2, 0x10A2, 0x10C2, 0x10C2, 0x10C2, 0x10A2, 0x10C2, 0x10C2, 0x10C2, 0x10C2, 0x10C2, 0x10C2,
  0x10C2, 0x10C2, 0x10C2, 0x10C2, 0x10C2, 0x18C2, 0x10C2, 0x10A2, 0x10C2, 0x10C2, 0x10C2, 0x10C2,
  0x10A2, 0x10C2, 0x10A2, 0x10A2, 0x10C2, 0x10C2, 0x10C2, 0x10C2, 0x10C2, 0x10C2, 0x10C2, 0x10C2,
  0x10C2, 0x10C2, 0x10C2, 0x10C2, 0x10C2, 0x10C2, 0x10C2, 0x10C2, 0x10C2, 0x10C2, 0x10C2, 0x10C2,
  0x10A2, 0x10A2, 0x10A2, 0x10C2, 0x10C2, 0x10C2, 0x10C2, 0x10C2, 0x10C2, 0x10C2, 0x10C2, 0x10C2,
  0x10C2, 0x10C2, 0x10C2, 0x10C2, 0x10C2, 0x10C2, 0x10C2, 0x10C2, 0x10C2, 0x10C2, 0x10C2, 0x10C2,
  0x10C2, 0x10A2, 0x10A2, 0x10A2, 0x10A2, 0x10A2, 0x10A2, 0x10A2, 0x10A2, 0x10A2, 0x10A2, 0x10A2,
  0x10A2, 0x10A2, 0x10A2, 0x10A2, 0x10A2, 0x10A2, 0x10C2, 0x10A2, 0x10A2, 0x10A2, 0x10A2, 0x10A2,
  0x10A2, 0x10A2, 0x10A2, 0x10A2, 0x10A2, 0x10A2, 0x10A2, 0x10C2, 0x10A2, 0x10A2, 0x10A2, 0x10A2,
  0x10A2, 0x10A2, 0x10A2, 0x10A2, 0x10A2, 0x10A2, 0x10A2, 0x10A2, 0x10A2, 0x10A2, 0x10A2, 0x10A2,
  0x10A2, 0x1082, 0x0020, 0x0000, 0x0000, 0x0000, 0x0000, 0x0000, 0x0000, 0x0000, 0x0000, 0x0000,
  0x0000, 0x0000, 0x0000, 0x0000, 0x0000, 0x0000, 0x0000, 0x0000, 0x0000, 0x0020, 0x1082, 0x10A2,
  0x10A2, 0x10A2, 0x10A2, 0x10A2, 0x10A2, 0x10A2, 0x10A2, 0x10A2, 0x10C2, 0x10C2, 0x10C2, 0x10C2,
  0x10C2, 0x10C2, 0x10C2, 0x10A2, 0x10A2, 0x10A2, 0x10A2, 0x10A2, 0x10A2, 0x10A2, 0x10C2, 0x10C2,
  0x10C2, 0x10A2, 0x10A2, 0x10A2, 0x10C2, 0x10C2, 0x10C2, 0x10C2, 0x10C2, 0x10C2, 0x10A2, 0x10A2,
  0x10A2, 0x10A2, 0x10A2, 0x10A2, 0x10A2, 0x10A2, 0x10A2, 0x10C2, 0x10C2, 0x10C2, 0x10A2, 0x10A2,
  0x10A2, 0x10C2, 0x10C2, 0x10C2, 0x10A2, 0x10A2, 0x10C2, 0x10C2, 0x10C2, 0x10C2, 0x10C2, 0x10C2,
  0x10A2, 0x10C2, 0x10C2, 0x10C2, 0x10C2, 0x10C2, 0x10C2, 0x10C2, 0x10A2, 0x10A2, 0x10C2, 0x10A2,
  0x10C2, 0x10C2, 0x10C2, 0x10C2, 0x10A2, 0x10C2, 0x10C2, 0x10C2, 0x10A2, 0x10A2, 0x10C2, 0x10C2,
  0x10C2, 0x10A2, 0x10C2, 0x18C2, 0x18C2, 0x10C2, 0x18C2, 0x10C2, 0x10A2, 0x10A2, 0x10C2, 0x10C2,
  0x10A2, 0x10A2, 0x10C2, 0x10C2, 0x10C2, 0x10A2, 0x10C2, 0x10C2, 0x10C2, 0x10C2, 0x10C2, 0x10C2,
  0x10C2, 0x10C2, 0x10C2, 0x10C2, 0x10C2, 0x10A2, 0x10C2, 0x10A2, 0x10C2, 0x10C2, 0x10C2, 0x10C2,
  0x10A2, 0x10C2, 0x10A2, 0x10A2, 0x10C2, 0x10C2, 0x10C2, 0x10C2, 0x10C2, 0x10C2, 0x10C2, 0x10C2,
  0x10C2, 0x10C2, 0x10C2, 0x10C2, 0x10C2, 0x10C2, 0x10C2, 0x10C2, 0x10C2, 0x10C2, 0x10C2, 0x10C2,
  0x10A2, 0x10A2, 0x10A2, 0x10C2, 0x10C2, 0x10C2, 0x10C2, 0x10C2, 0x10C2, 0x10C2, 0x10C2, 0x10C2,
  0x10C2, 0x10C2, 0x10C2, 0x10C2, 0x10C2, 0x10C2, 0x10C2, 0x10C2, 0x10C2, 0x10C2, 0x10C2, 0x10C2,
  0x10C2, 0x10A2, 0x10A2, 0x10A2, 0x10A2, 0x10A2, 0x10A2, 0x10A2, 0x10A2, 0x10A2, 0x10A2, 0x10A2,
  0x10A2, 0x10A2, 0x10A2, 0x10A2, 0x10A2, 0x10A2, 0x10C2, 0x10A2, 0x10A2, 0x10A2, 0x10A2, 0x10A2,
  0x10A2, 0x10A2, 0x10A2, 0x10A2, 0x10A2, 0x10A2, 0x10A2, 0x10C2, 0x10C2, 0x10C2, 0x10A2, 0x10A2,
  0x10A2, 0x10A2, 0x10A2, 0x10A2, 0x10A2, 0x10A2, 0x10A2, 0x10A2, 0x10A2, 0x10A2, 0x10A2, 0x10A2,
  0x10A2, 0x1082, 0x0020, 0x0000, 0x0000, 0x0000, 0x0000, 0x0000, 0x0000, 0x0000, 0x0000, 0x0000,
  0x0000, 0x0000, 0x0000, 0x0000, 0x0000, 0x0000, 0x0000, 0x0000, 0x0000, 0x0020, 0x10A2, 0x10A2,
  0x10A2, 0x10A2, 0x10A2, 0x10A2, 0x10A2, 0x10A2, 0x10A2, 0x10C2, 0x10C2, 0x10C2, 0x10C2, 0x10C2,
  0x18C2, 0x18C2, 0x10A2, 0x10A2, 0x10A2, 0x10A2, 0x10A2, 0x10A2, 0x10A2, 0x10A2, 0x10C2, 0x10C2,
  0x10C2, 0x10C2, 0x10A2, 0x10A2, 0x10A2, 0x10A2, 0x10C2, 0x10C2, 0x10C2, 0x10C2, 0x10C2, 0x10A2,
  0x10A2, 0x10A2, 0x10A2, 0x10A2, 0x10A2, 0x10C2, 0x10C2, 0x10C2, 0x10C2, 0x10C2, 0x10A2, 0x10A2,
  0x10A2, 0x10C2, 0x10C2, 0x10C2, 0x10C2, 0x10C2, 0x10A2, 0x10A2, 0x10C2, 0x10C2, 0x10C2, 0x10C2,
  0x10C2, 0x10C2, 0x10C2, 0x10C2, 0x10C2, 0x10C2, 0x10C2, 0x10C2, 0x10A2, 0x10A2, 0x10C2, 0x10C2,
  0x10C2, 0x18C2, 0x18C2, 0x18C2, 0x10C2, 0x10C2, 0x18C2, 0x10C2, 0x10A2, 0x10A2, 0x10C2, 0x10C2,
  0x10C2, 0x10A2, 0x10C2, 0x10C2, 0x10C2, 0x18C2, 0x10C2, 0x10C2, 0x10C2, 0x10C2, 0x10C2, 0x10C2,
  0x10C2, 0x10C2, 0x10C2, 0x10C2, 0x10C2, 0x10C2, 0x10C2, 0x10C2, 0x10C2, 0x10C2, 0x10A2, 0x10A2,
  0x10C2, 0x10C2, 0x10C2, 0x10C2, 0x10C2, 0x10A2, 0x10C2, 0x10C2, 0x10C2, 0x10C2, 0x10C2, 0x10C2,
  0x10C2, 0x10C2, 0x10C2, 0x10C2, 0x10C2, 0x10C2, 0x10C2, 0x10C2, 0x10C2, 0x10C2, 0x10C2, 0x10C2,
  0x10C2, 0x10C2, 0x10C2, 0x10C2, 0x10C2, 0x10A2, 0x10A2, 0x10C2, 0x10C2, 0x10C2, 0x10C2, 0x10C2,
  0x10A2, 0x10C2, 0x10C2, 0x10C2, 0x10C2, 0x10C2, 0x10C2, 0x10C2, 0x10C2, 0x10C2, 0x10C2, 0x10C2,
  0x10C2, 0x10C2, 0x10C2, 0x10C2, 0x10C2, 0x10C2, 0x10C2, 0x10C2, 0x10C2, 0x10C2, 0x10C2, 0x10C2,
  0x10C2, 0x10C2, 0x10A2, 0x10A2, 0x10A2, 0x10A2, 0x10A2, 0x10A2, 0x10A2, 0x10A2, 0x10A2, 0x10A2,
  0x10A2, 0x10A2, 0x10A2, 0x10A2, 0x10A2, 0x10A2, 0x10C2, 0x10A2, 0x10C2, 0x10C2, 0x10A2, 0x10A2,
  0x10A2, 0x10A2, 0x10A2, 0x10A2, 0x10A2, 0x10A2, 0x10A2, 0x10C2, 0x10C2, 0x10C2, 0x10A2, 0x10A2,
  0x10A2, 0x10A2, 0x10A2, 0x10A2, 0x10A2, 0x10A2, 0x10A2, 0x10A2, 0x10A2, 0x10A2, 0x10A2, 0x10A2,
  0x10A2, 0x1082, 0x0020, 0x0000, 0x0000, 0x0000, 0x0000, 0x0000, 0x0000, 0x0000, 0x0000, 0x0000,
  0x0000, 0x0000, 0x0000, 0x0000, 0x0000, 0x0000, 0x0000, 0x0000, 0x0000, 0x0000, 0x0841, 0x10A2,
  0x10A2, 0x10A2, 0x10A2, 0x10A2, 0x10A2, 0x10A2, 0x10A2, 0x10A2, 0x10A2, 0x10A2, 0x10A2, 0x10C2,
  0x10A2, 0x10C2, 0x10C2, 0x10C2, 0x10A2, 0x10A2, 0x10A2, 0x10A2, 0x10C2, 0x10C2, 0x10C2, 0x10C2,
  0x10C2, 0x10C2, 0x10A2, 0x10A2, 0x10A2, 0x10A2, 0x10A2, 0x10A2, 0x10A2, 0x10A2, 0x10C2, 0x10C2,
  0x10C2, 0x10C2, 0x10A2, 0x10A2, 0x10A2, 0x10A2, 0x10A2, 0x10C2, 0x10C2, 0x10C2, 0x10A2, 0x10A2,
  0x10A2, 0x10A2, 0x10C2, 0x10C2, 0x10C2, 0x10A2, 0x10A2, 0x10C2, 0x10C2, 0x10C2, 0x10C2, 0x10C2,
  0x10C2, 0x10C2, 0x10C2, 0x10C2, 0x10A2, 0x10A2, 0x10C2, 0x10C2, 0x10C2, 0x10C2, 0x10C2, 0x10C2,
  0x10C2, 0x18C2, 0x10C2, 0x10C2, 0x10C2, 0x10C2, 0x10C2, 0x10C2, 0x10C2, 0x10C2, 0x10C2, 0x18C2,
  0x10C2, 0x10C2, 0x10C2, 0x10C2, 0x10C2, 0x10C2, 0x10C2, 0x10C2, 0x10C2, 0x10C2, 0x10A2, 0x10C2,
  0x10C2, 0x10A2, 0x10A2, 0x10C2, 0x10C2, 0x10C2, 0x10C2, 0x10C2, 0x10C2, 0x10C2, 0x10C2, 0x10C2,
  0x10C2, 0x10C2, 0x10C2, 0x10C2, 0x10C2, 0x10C2, 0x10C2, 0x10C2, 0x10C2, 0x10C2, 0x10A2, 0x10A2,
  0x10C2, 0x10C2, 0x10A2, 0x10A2, 0x10A2, 0x10C2, 0x10C2, 0x10C2, 0x10C2, 0x10C2, 0x10C2, 0x10C2,
  0x10C2, 0x10C2, 0x10A2, 0x10A2, 0x10C2, 0x10C2, 0x10C2, 0x10C2, 0x10C2, 0x10C2, 0x10A2, 0x10C2,
  0x10C2, 0x10C2, 0x10C2, 0x10C2, 0x18C2, 0x10C2, 0x10C2, 0x10C2, 0x10C2, 0x10C2, 0x10C2, 0x10C2,
  0x10C2, 0x10C2, 0x10C2, 0x10C2, 0x10C2, 0x10A2, 0x10C2, 0x10A2, 0x10C2, 0x10C2, 0x10C2, 0x10A2,
  0x10A2, 0x10C2, 0x10A2, 0x10A2, 0x10C2, 0x10A2, 0x10A2, 0x10A2, 0x10A2, 0x10A2, 0x10A2, 0x10A2,
  0x10A2, 0x10A2, 0x10A2, 0x10A2, 0x10C2, 0x10C2, 0x10C2, 0x10C2, 0x10C2, 0x10C2, 0x10A2, 0x10A2,
  0x10A2, 0x10A2, 0x10A2, 0x10A2, 0x10A2, 0x10A2, 0x10A2, 0x10A2, 0x10C2, 0x10C2, 0x10C2, 0x10C2,
  0x10A2, 0x10A2, 0x10A2, 0x10A2, 0x10A2, 0x10A2, 0x10A2, 0x10A2, 0x10A2, 0x10A2, 0x10A2, 0x10A2,
  0x10A2, 0x0841, 0x0000, 0x0000, 0x0000, 0x0000, 0x0000, 0x0000, 0x0000, 0x0000, 0x0000, 0x0000,
  0x0000, 0x0000, 0x0000, 0x0000, 0x0000, 0x0000, 0x0000, 0x0000, 0x0000, 0x0000, 0x0000, 0x1081,
  0x10C2, 0x10A2, 0x10A2, 0x10A2, 0x10A2, 0x10C2, 0x10A2, 0x10A2, 0x10A2, 0x10A2, 0x10A2, 0x10A2,
  0x10A2, 0x10A2, 0x10A2, 0x10A2, 0x10A2, 0x10A2, 0x10A2, 0x10C2, 0x10C2, 0x10C2, 0x10C2, 0x10C2,
  0x10C2, 0x10A2, 0x10A2, 0x10A2, 0x10A2, 0x10A2, 0x10A2, 0x10A2, 0x10A2, 0x10A2, 0x10A2, 0x18C2,
  0x10C2, 0x10C2, 0x10C2, 0x10C2, 0x10C2, 0x10C2, 0x10C2, 0x10C2, 0x10C2, 0x10C2, 0x10A2, 0x10A2,
  0x10C2, 0x10C2, 0x10C2, 0x18C2, 0x10C2, 0x10C2, 0x10C2, 0x18C2, 0x10C2, 0x10C2, 0x10C2, 0x10C2,
  0x18C2, 0x10C2, 0x10C2, 0x10C2, 0x10C2, 0x10C2, 0x10C2, 0x10C2, 0x18C2, 0x18C2, 0x10C2, 0x10C2,
  0x10C2, 0x10C2, 0x10C2, 0x10C2, 0x10C2, 0x10C2, 0x10C2, 0x18C2, 0x10C2, 0x10C2, 0x10C2, 0x10C2,
  0x10C2, 0x10C2, 0x10C2, 0x10C2, 0x10C2, 0x10C2, 0x10C2, 0x10C2, 0x10C2, 0x10C2, 0x10C2, 0x10C2,
  0x10C2, 0x10A2, 0x10C2, 0x10C2, 0x10C2, 0x10C2, 0x10C2, 0x10C2, 0x10C2, 0x10C2, 0x10C2, 0x10C2,
  0x18C2, 0x10C2, 0x10C2, 0x10C2, 0x10C2, 0x10C2, 0x10C2, 0x10C2, 0x10C2, 0x10C2, 0x10A2, 0x10A2,
  0x10C2, 0x10A2, 0x10A2, 0x10A2, 0x10A2, 0x10A2, 0x10C2, 0x10A2, 0x10C2, 0x10C2, 0x10C2, 0x10C2,
  0x10C2, 0x10C2, 0x10C2, 0x10C2, 0x10C2, 0x10C2, 0x10C2, 0x10C2, 0x10C2, 0x10C2, 0x10A2, 0x10A2,
  0x10C2, 0x18C2, 0x10C2, 0x10C2, 0x10C2, 0x10C2, 0x10C2, 0x10C2, 0x10C2, 0x10C2, 0x10C2, 0x10C2,
  0x10C2, 0x10C2, 0x10C2, 0x10C2, 0x10A2, 0x10C2, 0x10A2, 0x10C2, 0x10C2, 0x10C2, 0x10C2, 0x10A2,
  0x10A2, 0x10C2, 0x10C2, 0x10C2, 0x10C2, 0x10C2, 0x10A2, 0x10A2, 0x10C2, 0x10C2, 0x10A2, 0x10A2,
  0x10A2, 0x10C2, 0x10C2, 0x10C2, 0x10C2, 0x10C2, 0x10C2, 0x10A2, 0x10C2, 0x10C2, 0x10A2, 0x10A2,
  0x10A2, 0x10A2, 0x10A2, 0x10A2, 0x10A2, 0x10C2, 0x10C2, 0x10C2, 0x10A2, 0x10A2, 0x10C2, 0x10C2,
  0x10C2, 0x10A2, 0x10A2, 0x10A2, 0x10A2, 0x10A2, 0x10A2, 0x10A2, 0x10A2, 0x10A2, 0x10A2, 0x10C2,
  0x1082, 0x0000, 0x0000, 0x0000, 0x0000, 0x0000, 0x0000, 0x0000, 0x0000, 0x0000, 0x0000, 0x0000,
  0x0000, 0x0000, 0x0000, 0x0000, 0x0000, 0x0000, 0x0000, 0x0000, 0x0000, 0x0000, 0x0000, 0x0861,
  0x10A2, 0x10A2, 0x10C2, 0x10C2, 0x10A2, 0x10A2, 0x10A2, 0x10A2, 0x10A2, 0x10A2, 0x10A2, 0x10A2,
  0x10A2, 0x10A2, 0x10A2, 0x10A2, 0x10A2, 0x10A2, 0x10A2, 0x10C2, 0x10C2, 0x10C2, 0x10C2, 0x10C2,
  0x10C2, 0x10C2, 0x10C2, 0x10C2, 0x10C2, 0x10A2, 0x10C2, 0x10C2, 0x10A2, 0x10A2, 0x10C2, 0x10A2,
  0x10C2, 0x10C2, 0x10C2, 0x10C2, 0x10C2, 0x10C2, 0x10C2, 0x10C2, 0x10C2, 0x10C2, 0x10A2, 0x10C2,
  0x10C2, 0x10C2, 0x10C2, 0x10C2, 0x10C2, 0x10C2, 0x10C2, 0x10C2, 0x10C2, 0x10C2, 0x10C2, 0x10C2,
  0x10C2, 0x10C2, 0x10C2, 0x10C2, 0x10C2, 0x10C2, 0x10C2, 0x10C2, 0x10C2, 0x10C2, 0x10C2, 0x10C2,
  0x10C2, 0x10C2, 0x10C2, 0x10C2, 0x10C2, 0x10C2, 0x10C2, 0x10C2, 0x10C2, 0x10C2, 0x10C2, 0x10C2,
  0x10C2, 0x10C2, 0x10C2, 0x10C2, 0x10C2, 0x10C2, 0x10C2, 0x10C2, 0x10C2, 0x10C2, 0x10C2, 0x10C2,
  0x10C2, 0x10C2, 0x10C2, 0x10A2, 0x10C2, 0x10C2, 0x10C2, 0x10C2, 0x10C2, 0x10C2, 0x10C2, 0x10C2,
  0x10C2, 0x10C2, 0x10C2, 0x10C2, 0x10C2, 0x18C2, 0x10C2, 0x10C2, 0x10C2, 0x10C2, 0x10A2, 0x10A2,
  0x10C2, 0x10C2, 0x10C2, 0x10A2, 0x10C2, 0x10C2, 0x10C2, 0x10C2, 0x10C2, 0x10C2, 0x10C2, 0x10C2,
  0x10C2, 0x10A2, 0x10A2, 0x10A2, 0x10C2, 0x10C2, 0x10A2, 0x10C2, 0x10A2, 0x10A2, 0x10C2, 0x10C2,
  0x10C2, 0x10C2, 0x10C2, 0x10C2, 0x10A2, 0x10C2, 0x18C2, 0x10C2, 0x10C2, 0x10C2, 0x10C2, 0x10C2,
  0x10C2, 0x10C2, 0x10C2, 0x10C2, 0x10A2, 0x10C2, 0x10C2, 0x10C2, 0x10C2, 0x10C2, 0x10C2, 0x10A2,
  0x10A2, 0x10A2, 0x10C2, 0x10C2, 0x10C2, 0x10C2, 0x10A2, 0x10C2, 0x10C2, 0x10C2, 0x10C2, 0x10C2,
  0x10A2, 0x10A2, 0x10C2, 0x10C2, 0x10C2, 0x10C2, 0x10A2, 0x10C2, 0x10C2, 0x10C2, 0x10A2, 0x10C2,
  0x10C2, 0x10A2, 0x10A2, 0x10A2, 0x10A2, 0x10C2, 0x10A2, 0x10A2, 0x10A2, 0x10A2, 0x10C2, 0x10A2,
  0x10A2, 0x10A2, 0x10A2, 0x10A2, 0x10A2, 0x10A2, 0x10A2, 0x10A2, 0x10A2, 0x10A2, 0x10A2, 0x10C2,
  0x1061, 0x0000, 0x0000, 0x0000, 0x0000, 0x0000, 0x0000, 0x0000, 0x0000, 0x0000, 0x0000, 0x0000,
  0x0000, 0x0000, 0x0000, 0x0000, 0x0000, 0x0000, 0x0000, 0x0000, 0x0000, 0x0000, 0x0000, 0x0861,
  0x10A2, 0x10A2, 0x10A2, 0x10A2, 0x10A2, 0x10A2, 0x10A2, 0x10A2, 0x10A2, 0x10A2, 0x10A2, 0x10A2,
  0x10A2, 0x18C2, 0x18E2, 0x10A1, 0x10A1, 0x10A2, 0x10C2, 0x10C2, 0x10C2, 0x10C2, 0x10C2, 0x10C2,
  0x10C2, 0x10C2, 0x10C2, 0x10C2, 0x10A2, 0x10C2, 0x10C2, 0x10C2, 0x10C2, 0x10C2, 0x10C2, 0x10C2,
  0x10C2, 0x10C2, 0x10C2, 0x10C2, 0x10C2, 0x10A2, 0x10A2, 0x10C2, 0x10C2, 0x10C2, 0x10A2, 0x10C2,
  0x10A2, 0x10C2, 0x10C2, 0x10C2, 0x10C2, 0x18C2, 0x10C2, 0x10C2, 0x10C2, 0x10C2, 0x10C2, 0x10C2,
  0x10C2, 0x18C2, 0x10C2, 0x10C2, 0x10C2, 0x10C2, 0x10C2, 0x10C2, 0x10C2, 0x10C2, 0x10C2, 0x10C2,
  0x10A2, 0x10C2, 0x10C2, 0x10C2, 0x10C2, 0x10C2, 0x10C2, 0x10C2, 0x10C2, 0x10C2, 0x10C2, 0x10C2,
  0x10C2, 0x10C2, 0x10C2, 0x10C2, 0x10C2, 0x18C2, 0x18C2, 0x10C2, 0x10C2, 0x10C2, 0x10C2, 0x10C2,
  0x10C2, 0x10C2, 0x10A2, 0x10A2, 0x10C2, 0x10C2, 0x10C2, 0x10C2, 0x10A2, 0x10A2, 0x10A2, 0x10C2,
  0x10C2, 0x10C2, 0x10C2, 0x10C2, 0x10C2, 0x10C2, 0x10C2, 0x10C2, 0x10C2, 0x10C2, 0x10C2, 0x10A2,
  0x10C2, 0x10A2, 0x10C2, 0x10C2, 0x10A2, 0x10C2, 0x10C2, 0x10C2, 0x10C2, 0x18C2, 0x10C2, 0x10C2,
  0x10C2, 0x10C2, 0x10C2, 0x10C2, 0x10C2, 0x10C2, 0x10C2, 0x10C2, 0x10C2, 0x10C2, 0x10C2, 0x10C2,
  0x10C2, 0x10C2, 0x10C2, 0x10C2, 0x10A2, 0x10C2, 0x10C2, 0x10C2, 0x10C2, 0x10C2, 0x10C2, 0x10C2,
  0x10C2, 0x10C2, 0x10C2, 0x10C2, 0x10C2, 0x10A2, 0x10C2, 0x10C2, 0x10C2, 0x10C2, 0x10C2, 0x10C2,
  0x10C2, 0x10A2, 0x10A2, 0x10C2, 0x10C2, 0x10C2, 0x10C2, 0x10C2, 0x10C2, 0x10C2, 0x10C2, 0x10C2,
  0x10C2, 0x10C2, 0x10C2, 0x10C2, 0x10C2, 0x10C2, 0x10C2, 0x10C2, 0x10C2, 0x10C2, 0x10C2, 0x10A2,
  0x10A2, 0x10C2, 0x10C2, 0x10C2, 0x10A2, 0x10A2, 0x10A2, 0x10A2, 0x10A2, 0x10A2, 0x10A2, 0x10A2,
  0x10A2, 0x10A2, 0x10A2, 0x10A2, 0x10A2, 0x10A2, 0x10A2, 0x10A2, 0x10A2, 0x10A2, 0x10A2, 0x10C2,
  0x0861, 0x0000, 0x0000, 0x0000, 0x0000, 0x0000, 0x0000, 0x0000, 0x0000, 0x0000, 0x0000, 0x0000,
  0x0000, 0x0000, 0x0000, 0x0000, 0x0000, 0x0000, 0x0000, 0x0000, 0x0000, 0x0000, 0x0000, 0x0020,
  0x10A2, 0x10A2, 0x10A2, 0x10A2, 0x10A2, 0x10A2, 0x10A2, 0x10A2, 0x10A2, 0x10A2, 0x10A1, 0x18C2,
  0x2923, 0x3164, 0x3165, 0x2924, 0x2103, 0x18E3, 0x10A2, 0x10A2, 0x10C2, 0x10C2, 0x10C2, 0x10C2,
  0x10C2, 0x10A2, 0x10C2, 0x10C2, 0x10A2, 0x10C2, 0x10C2, 0x10C2, 0x10C2, 0x10C2, 0x10C2, 0x10C2,
  0x10C2, 0x10C2, 0x10C2, 0x10C2, 0x10C2, 0x10A2, 0x10A2, 0x10C2, 0x10C2, 0x10C2, 0x10C2, 0x10C2,
  0x10A2, 0x10C2, 0x10C2, 0x10C2, 0x10C2, 0x18C2, 0x10C2, 0x10C2, 0x10C2, 0x10C2, 0x10C2, 0x10C2,
  0x10C2, 0x18C2, 0x10C2, 0x10C2, 0x10C2, 0x10C2, 0x10C2, 0x10C2, 0x10C2, 0x10C2, 0x10C2, 0x10C2,
  0x10A2, 0x10C2, 0x10C2, 0x10C2, 0x10C2, 0x10C2, 0x10C2, 0x10C2, 0x10C2, 0x10C2, 0x10C2, 0x10C2,
  0x10C2, 0x10C2, 0x10C2, 0x10C2, 0x10C2, 0x18C2, 0x10C2, 0x10C2, 0x10C2, 0x10C2, 0x10C2, 0x10C2,
  0x10C2, 0x10C2, 0x10A2, 0x10A2, 0x10C2, 0x10C2, 0x10C2, 0x10C2, 0x10A2, 0x10A2, 0x10A2, 0x10C2,
  0x10C2, 0x10C2, 0x10C2, 0x10C2, 0x10C2, 0x10C2, 0x10C2, 0x10C2, 0x10C2, 0x10C2, 0x10C2, 0x10A2,
  0x10C2, 0x10A2, 0x10C2, 0x10C2, 0x10A2, 0x10C2, 0x10C2, 0x10C2, 0x10C2, 0x18C2, 0x10C2, 0x10C2,
  0x18C2, 0x10C2, 0x10C2, 0x10C2, 0x10C2, 0x10C2, 0x10C2, 0x10C2, 0x10C2, 0x10C2, 0x10C2, 0x10C2,
  0x10C2, 0x10C2, 0x18C2, 0x10C2, 0x10A2, 0x10C2, 0x10C2, 0x10C2, 0x10C2, 0x10C2, 0x10C2, 0x10C2,
  0x10C2, 0x10C2, 0x10C2, 0x10C2, 0x10C2, 0x10C2, 0x10C2, 0x10C2, 0x10C2, 0x10C2, 0x10C2, 0x10C2,
  0x10C2, 0x10A2, 0x10A2, 0x10C2, 0x10C2, 0x10C2, 0x10C2, 0x10C2, 0x10C2, 0x10C2, 0x10C2, 0x10C2,
  0x10A2, 0x10C2, 0x10C2, 0x10C2, 0x10C2, 0x10C2, 0x10C2, 0x10C2, 0x10C2, 0x10C2, 0x10C2, 0x10A2,
  0x10A2, 0x10C2, 0x10C2, 0x10C2, 0x10A2, 0x10A2, 0x10A2, 0x10A2, 0x10A2, 0x10A2, 0x10A2, 0x10A2,
  0x10A2, 0x10A2, 0x10A2, 0x10A2, 0x10A2, 0x10A2, 0x10A2, 0x10A2, 0x10A2, 0x10A2, 0x10A2, 0x10C2,
  0x0840, 0x0000, 0x0000, 0x0000, 0x0000, 0x0000, 0x0000, 0x0000, 0x0000, 0x0000, 0x0000, 0x0000,
  0x0000, 0x0000, 0x0000, 0x0000, 0x0000, 0x0000, 0x0000, 0x0000, 0x0000, 0x0020, 0x0841, 0x0861,
  0x10A2, 0x10A2, 0x10A2, 0x10A2, 0x10A2, 0x10A2, 0x10A2, 0x10A2, 0x10A2, 0x18C2, 0x2103, 0x2964,
  0x3184, 0x3164, 0x3164, 0x3164, 0x3164, 0x3165, 0x2103, 0x18C2, 0x10A2, 0x10A2, 0x10C2, 0x10C2,
  0x10C2, 0x10A2, 0x10A2, 0x10A2, 0x10C2, 0x10C2, 0x10C2, 0x10C2, 0x10C2, 0x10C2, 0x10C2, 0x10C2,
  0x10C2, 0x10C2, 0x10C2, 0x10C2, 0x10C2, 0x10C2, 0x10A2, 0x10A2, 0x10C2, 0x10C2, 0x10C2, 0x10C2,
  0x10C2, 0x10C2, 0x10A2, 0x10A2, 0x10A2, 0x10C2, 0x10C2, 0x10C2, 0x10C2, 0x10C2, 0x10A2, 0x10C2,
  0x10C2, 0x10C2, 0x10C2, 0x10C2, 0x10C2, 0x10C2, 0x10C2, 0x10C2, 0x10C2, 0x10C2, 0x10C2, 0x10C2,
  0x10C2, 0x10C2, 0x10C2, 0x10C2, 0x10C2, 0x10C2, 0x10C2, 0x10C2, 0x10C2, 0x10C2, 0x10C2, 0x10C2,
  0x10C2, 0x10C2, 0x10C2, 0x10C2, 0x10C2, 0x10C2, 0x10C2, 0x10C2, 0x18C2, 0x18C2, 0x18C2, 0x10C2,
  0x10C2, 0x10C2, 0x10A2, 0x10A2, 0x10A2, 0x10C2, 0x10C2, 0x10C2, 0x10C2, 0x10C2, 0x10C2, 0x10C2,
  0x10C2, 0x10C2, 0x10A2, 0x10A2, 0x10C2, 0x10C2, 0x10C2, 0x10C2, 0x10C2, 0x10C2, 0x10C2, 0x10C2,
  0x10A2, 0x10C2, 0x10C2, 0x10C2, 0x10C2, 0x10C2, 0x10C2, 0x10C2, 0x10C2, 0x10C2, 0x10C2, 0x10C2,
  0x10C2, 0x10C2, 0x10C2, 0x10C2, 0x10C2, 0x10C2, 0x10C2, 0x10A2, 0x10A2, 0x10A2, 0x10C2, 0x10C2,
  0x10C2, 0x10C2, 0x10C2, 0x10C2, 0x10A2, 0x10C2, 0x10C2, 0x10C2, 0x10C2, 0x10C2, 0x10C2, 0x10C2,
  0x10C2, 0x10C2, 0x10C2, 0x10C2, 0x10C2, 0x10C2, 0x10C2, 0x10C2, 0x10C2, 0x10C2, 0x10C2, 0x10C2,
  0x10C2, 0x10C2, 0x10C2, 0x10C2, 0x18C2, 0x10C2, 0x10C2, 0x10C2, 0x10C2, 0x10C2, 0x10C2, 0x10C2,
  0x10A2, 0x10C2, 0x10C2, 0x10C2, 0x10C2, 0x10C2, 0x10A2, 0x10C2, 0x10C2, 0x10C2, 0x10C2, 0x10A2,
  0x10C2, 0x10A2, 0x10A2, 0x10A2, 0x10A2, 0x10A2, 0x10A2, 0x10A2, 0x10A2, 0x10A2, 0x10A2, 0x10A2,
  0x10C2, 0x10A2, 0x10A2, 0x10A2, 0x10A2, 0x10A2, 0x10A2, 0x10A2, 0x10A2, 0x10A2, 0x10A2, 0x10A2,
  0x0861, 0x0841, 0x0020, 0x0000, 0x0000, 0x0000, 0x0000, 0x0000, 0x0000, 0x0000, 0x0000, 0x0000,
  0x0000, 0x0000, 0x0000, 0x0000, 0x0000, 0x0000, 0x0000, 0x0000, 0x0000, 0x0020, 0x1082, 0x0861,
  0x1081, 0x10A1, 0x18C2, 0x10A2, 0x10A2, 0x2103, 0x2124, 0x2103, 0x2944, 0x3164, 0x3184, 0x3164,
  0x3164, 0x3164, 0x3164, 0x3164, 0x3164, 0x3164, 0x3164, 0x2964, 0x2103, 0x10A2, 0x10A2, 0x10A2,
  0x10A2, 0x10A2, 0x10A2, 0x10A2, 0x10C2, 0x10C2, 0x10C2, 0x10C2, 0x10C2, 0x10C2, 0x10C2, 0x10A2,
  0x10C2, 0x10C2, 0x10C2, 0x10C2, 0x10C2, 0x10C2, 0x10A2, 0x10C2, 0x10C2, 0x10C2, 0x10C2, 0x10C2,
  0x10C2, 0x10C2, 0x10C2, 0x10A2, 0x10A2, 0x10C2, 0x10C2, 0x10A2, 0x10A2, 0x10A2, 0x10C2, 0x10C2,
  0x10C2, 0x10C2, 0x10C2, 0x10C2, 0x10A2, 0x10C2, 0x10C2, 0x10C2, 0x10C2, 0x10C2, 0x10C2, 0x10C2,
  0x10C2, 0x10C2, 0x10C2, 0x10C2, 0x10A2, 0x10C2, 0x10C2, 0x10C2, 0x10C2, 0x10C2, 0x10C2, 0x10C2,
  0x10C2, 0x10C2, 0x10C2, 0x10C2, 0x10C2, 0x10C2, 0x10C2, 0x18C2, 0x10C2, 0x10C2, 0x18C2, 0x10C2,
  0x10C2, 0x10C2, 0x10A2, 0x10A2, 0x10A2, 0x10A2, 0x10C2, 0x10C2, 0x10C2, 0x10C2, 0x10A2, 0x10A2,
  0x10C2, 0x10C2, 0x10C2, 0x10C2, 0x10C2, 0x10C2, 0x10A2, 0x10C2, 0x10A2, 0x10A2, 0x10A2, 0x10A2,
  0x10A2, 0x10C2, 0x10C2, 0x10C2, 0x10C2, 0x10C2, 0x10C2, 0x10A2, 0x10C2, 0x10C2, 0x10C2, 0x10C2,
  0x10C2, 0x10C2, 0x10A2, 0x10A2, 0x10A2, 0x10A2, 0x10C2, 0x10C2, 0x10C2, 0x10C2, 0x10C2, 0x10C2,
  0x10C2, 0x10C2, 0x10C2, 0x10C2, 0x10C2, 0x10C2, 0x10A2, 0x10C2, 0x10A2, 0x10A2, 0x10C2, 0x10C2,
  0x10C2, 0x10C2, 0x10C2, 0x10C2, 0x10C2, 0x10C2, 0x10C2, 0x10C2, 0x10C2, 0x10C2, 0x10C2, 0x10C2,
  0x10C2, 0x10C2, 0x10C2, 0x10C2, 0x10C2, 0x10C2, 0x10C2, 0x10C2, 0x10C2, 0x10C2, 0x10A2, 0x10A2,
  0x10C2, 0x10C2, 0x10C2, 0x10C2, 0x10A2, 0x10A2, 0x10A2, 0x10C2, 0x10C2, 0x10C2, 0x10C2, 0x10C2,
  0x10C2, 0x10A2, 0x10A2, 0x10A2, 0x10A2, 0x10A2, 0x10A2, 0x10A2, 0x10A2, 0x10A2, 0x10A2, 0x10A2,
  0x10A2, 0x10A2, 0x10A2, 0x10A1, 0x10A2, 0x10A2, 0x10A2, 0x10A2, 0x10A2, 0x10A2, 0x10A2, 0x10A2,
  0x1061, 0x1081, 0x0020, 0x0000, 0x0000, 0x0000, 0x0000, 0x0000, 0x0000, 0x0000, 0x0000, 0x0000,
  0x0000, 0x0000, 0x0000, 0x0000, 0x0000, 0x0000, 0x0000, 0x0000, 0x0000, 0x0020, 0x0861, 0x0861,
  0x18E3, 0x2123, 0x3164, 0x2944, 0x2944, 0x3184, 0x3184, 0x3184, 0x3164, 0x3184, 0x3164, 0x3164,
  0x3164, 0x3164, 0x3164, 0x3164, 0x3184, 0x3164, 0x3164, 0x3164, 0x3164, 0x2944, 0x18E3, 0x18C2,
  0x10A2, 0x10C2, 0x10C2, 0x10C2, 0x10C2, 0x10C2, 0x10C2, 0x10C2, 0x10C2, 0x10C2, 0x10C2, 0x10C2,
  0x10C2, 0x10C2, 0x10C2, 0x10C2, 0x10C2, 0x10A2, 0x10C2, 0x10C2, 0x10C2, 0x10C2, 0x10C2, 0x10C2,
  0x10C2, 0x10C2, 0x10C2, 0x10C2, 0x10A2, 0x10C2, 0x10C2, 0x10C2, 0x10C2, 0x10C2, 0x10C2, 0x18C2,
  0x10C2, 0x18C2, 0x10A2, 0x10A2, 0x10A2, 0x10C2, 0x10C2, 0x10C2, 0x10C2, 0x10C2, 0x10C2, 0x10C2,
  0x10A2, 0x10C2, 0x10C2, 0x10C2, 0x10C2, 0x10C2, 0x10C2, 0x10C2, 0x10C2, 0x10C2, 0x10C2, 0x10C2,
  0x10C2, 0x10C2, 0x10C2, 0x10C2, 0x10C2, 0x18C2, 0x10C2, 0x10C2, 0x18C2, 0x18C2, 0x10C2, 0x10C2,
  0x18C2, 0x10C2, 0x10C2, 0x10C2, 0x10A2, 0x10A2, 0x10C2, 0x10C2, 0x10A2, 0x10A2, 0x10A2, 0x10A2,
  0x10A2, 0x10C2, 0x10C2, 0x10C2, 0x10C2, 0x10A2, 0x10A2, 0x10C2, 0x10C2, 0x10C2, 0x10A2, 0x10C2,
  0x10C2, 0x10C2, 0x10C2, 0x10C2, 0x10C2, 0x10C2, 0x10C2, 0x10C2, 0x10C2, 0x10C2, 0x10C2, 0x10C2,
  0x10C2, 0x10C2, 0x10C2, 0x10C2, 0x10A2, 0x10C2, 0x10A2, 0x10C2, 0x10C2, 0x10C2, 0x10C2, 0x10C2,
  0x10C2, 0x10C2, 0x10C2, 0x10C2, 0x10C2, 0x10C2, 0x10C2, 0x10C2, 0x10C2, 0x10C2, 0x10A2, 0x10C2,
  0x10C2, 0x10C2, 0x10C2, 0x10C2, 0x10C2, 0x10C2, 0x10C2, 0x10C2, 0x10A2, 0x10A2, 0x10C2, 0x10C2,
  0x10C2, 0x10C2, 0x10A2, 0x10A2, 0x10C2, 0x10C2, 0x10C2, 0x10C2, 0x10C2, 0x10C2, 0x10A2, 0x10A2,
  0x10A2, 0x10C2, 0x10C2, 0x10C2, 0x10A2, 0x10A2, 0x10C2, 0x10A2, 0x10C2, 0x10C2, 0x10C2, 0x10C2,
  0x10C2, 0x10A2, 0x10A2, 0x10A2, 0x10A2, 0x10A2, 0x10A2, 0x10A2, 0x10A2, 0x18A2, 0x18C2, 0x18E2,
  0x2923, 0x2944, 0x2103, 0x2103, 0x2944, 0x2123, 0x18C2, 0x10A2, 0x10A2, 0x10A2, 0x10A2, 0x1082,
  0x0861, 0x0861, 0x0020, 0x0000, 0x0000, 0x0000, 0x0000, 0x0000, 0x0000, 0x0000, 0x0000, 0x0000,
  0x0000, 0x0000, 0x0000, 0x0000, 0x0000, 0x0000, 0x0000, 0x0000, 0x0000, 0x0020, 0x0861, 0x0841,
  0x2103, 0x3184, 0x3164, 0x3164, 0x3164, 0x3164, 0x3164, 0x3164, 0x3164, 0x3164, 0x3164, 0x3164,
  0x3164, 0x3184, 0x3164, 0x3164, 0x3184, 0x3164, 0x3164, 0x3164, 0x3164, 0x3164, 0x3164, 0x3164,
  0x2103, 0x10A2, 0x10A2, 0x10A2, 0x10A2, 0x10A2, 0x10C2, 0x10C2, 0x10C2, 0x10C2, 0x10C2, 0x10C2,
  0x10A2, 0x10C2, 0x10C2, 0x10C2, 0x10C2, 0x10C2, 0x10C2, 0x10C2, 0x10C2, 0x10C2, 0x10C2, 0x10C2,
  0x10A2, 0x10A2, 0x10C2, 0x10C2, 0x10A2, 0x10C2, 0x10C2, 0x10A2, 0x10A2, 0x10C2, 0x10C2, 0x10C2,
  0x10C2, 0x10C2, 0x10C2, 0x10C2, 0x10A2, 0x10C2, 0x10A2, 0x10C2, 0x10C2, 0x10C2, 0x10C2, 0x10C2,
  0x10C2, 0x10A2, 0x10A2, 0x10A2, 0x10C2, 0x10C2, 0x10C2, 0x10A2, 0x10C2, 0x10C2, 0x10C2, 0x10C2,
  0x10C2, 0x18C2, 0x10C2, 0x10C2, 0x10C2, 0x10C2, 0x10C2, 0x10C2, 0x10C2, 0x10C2, 0x10C2, 0x10C2,
  0x10C2, 0x10C2, 0x10A2, 0x10A2, 0x10C2, 0x10A2, 0x10C2, 0x10C2, 0x10A2, 0x10A2, 0x10A2, 0x10A2,
  0x10A2, 0x10A2, 0x10C2, 0x10C2, 0x10A2, 0x10A2, 0x10C2, 0x10C2, 0x10A2, 0x10A2, 0x10A2, 0x10A2,
  0x10C2, 0x10C2, 0x10C2, 0x10C2, 0x10C2, 0x10C2, 0x10C2, 0x10C2, 0x10A2, 0x10A2, 0x10A2, 0x10C2,
  0x10C2, 0x10C2, 0x10C2, 0x10C2, 0x10A2, 0x10A2, 0x10C2, 0x10C2, 0x10C2, 0x10C2, 0x10C2, 0x10C2,
  0x10C2, 0x10C2, 0x10C2, 0x10C2, 0x10C2, 0x10C2, 0x10A2, 0x10C2, 0x10A2, 0x10A2, 0x10A2, 0x10C2,
  0x10C2, 0x10A2, 0x10A2, 0x10C2, 0x10C2, 0x10C2, 0x10C2, 0x10C2, 0x10A2, 0x10A2, 0x10C2, 0x10C2,
  0x10C2, 0x10C2, 0x10C2, 0x10C2, 0x10C2, 0x10C2, 0x10C2, 0x10C2, 0x10C2, 0x10C2, 0x10A2, 0x10A2,
  0x10A2, 0x10A2, 0x10C2, 0x10C2, 0x10C2, 0x10C2, 0x10C2, 0x10A2, 0x10C2, 0x10C2, 0x10C2, 0x10C2,
  0x18C2, 0x10A2, 0x10A2, 0x10A2, 0x10A2, 0x10A1, 0x20E3, 0x3164, 0x3164, 0x3164, 0x3164, 0x3185,
  0x3184, 0x3184, 0x3184, 0x31A5, 0x3184, 0x3184, 0x3164, 0x2944, 0x2103, 0x2103, 0x18C2, 0x1082,
  0x0861, 0x0861, 0x0020, 0x0000, 0x0000, 0x0000, 0x0000, 0x0000, 0x0000, 0x0000, 0x0000, 0x0000,
  0x0000, 0x0000, 0x0000, 0x0000, 0x0000, 0x0000, 0x0000, 0x0000, 0x0000, 0x0020, 0x0861, 0x0861,
  0x10A2, 0x2944, 0x2944, 0x2944, 0x3144, 0x3164, 0x3164, 0x3164, 0x3164, 0x3164, 0x3164, 0x3164,
  0x3164, 0x3164, 0x3164, 0x3164, 0x3164, 0x3164, 0x3164, 0x3164, 0x3164, 0x3164, 0x3164, 0x3164,
  0x3164, 0x2123, 0x18E3, 0x10A2, 0x10A2, 0x10A2, 0x10A2, 0x10C2, 0x10C2, 0x10C2, 0x10C2, 0x10A2,
  0x10A2, 0x10C2, 0x10C2, 0x10C2, 0x10C2, 0x10C2, 0x10A2, 0x10C2, 0x10C2, 0x10C2, 0x10C2, 0x10C2,
  0x10A2, 0x10A2, 0x10C2, 0x10C2, 0x10C2, 0x10A2, 0x10C2, 0x10C2, 0x10C2, 0x10C2, 0x10C2, 0x10C2,
  0x10C2, 0x10C2, 0x10C2, 0x10A2, 0x10A2, 0x10C2, 0x10C2, 0x10A2, 0x10C2, 0x10C2, 0x10A2, 0x10A2,
  0x10A2, 0x10C2, 0x10C2, 0x10C2, 0x10C2, 0x10C2, 0x10C2, 0x10A2, 0x10C2, 0x10C2, 0x10C2, 0x10C2,
  0x10C2, 0x10C2, 0x10C2, 0x10C2, 0x10C2, 0x18C2, 0x10C2, 0x10C2, 0x10C2, 0x10C2, 0x10C2, 0x10C2,
  0x10C2, 0x10C2, 0x10C2, 0x10C2, 0x10C2, 0x10C2, 0x10A2, 0x10C2, 0x10A2, 0x10A2, 0x10A2, 0x10A2,
  0x10A2, 0x10A2, 0x10A2, 0x10A2, 0x10C2, 0x10A2, 0x10A2, 0x10A2, 0x10C2, 0x10C2, 0x10C2, 0x10C2,
  0x10A2, 0x10C2, 0x10C2, 0x10C2, 0x10C2, 0x10C2, 0x10A2, 0x10C2, 0x10A2, 0x10A2, 0x10C2, 0x10C2,
  0x10C2, 0x10C2, 0x10C2, 0x10A2, 0x10A2, 0x10A2, 0x10A2, 0x10C2, 0x10C2, 0x10C2, 0x10C2, 0x10C2,
  0x10C2, 0x10C2, 0x10C2, 0x10C2, 0x10C2, 0x10C2, 0x10C2, 0x10C2, 0x10A2, 0x10A2, 0x10A2, 0x10C2,
  0x10C2, 0x10C2, 0x10C2, 0x10C2, 0x10C2, 0x10C2, 0x10C2, 0x10C2, 0x10A2, 0x10A2, 0x10C2, 0x10C2,
  0x10C2, 0x10A2, 0x10A2, 0x10A2, 0x10A2, 0x10C2, 0x10C2, 0x10C2, 0x10C2, 0x10C2, 0x10C2, 0x10A2,
  0x10A2, 0x10A2, 0x10A2, 0x10A2, 0x10C2, 0x10C2, 0x10C2, 0x10A2, 0x10C2, 0x10C2, 0x10A2, 0x10A2,
  0x18C2, 0x10A2, 0x10A2, 0x18C2, 0x18C2, 0x20E2, 0x3985, 0x39A5, 0x3985, 0x3185, 0x3185, 0x3184,
  0x3184, 0x3184, 0x3164, 0x3184, 0x3184, 0x3164, 0x3164, 0x3164, 0x3184, 0x3164, 0x3164, 0x18C2,
  0x0861, 0x0861, 0x0020, 0x0000, 0x0000, 0x0000, 0x0000, 0x0000, 0x0000, 0x0000, 0x0000, 0x0000,
  0x0000, 0x0000, 0x0000, 0x0000, 0x0000, 0x0000, 0x0000, 0x0000, 0x0000, 0x0000, 0x0020, 0x0020,
  0x0820, 0x2123, 0x2944, 0x2944, 0x2944, 0x3164, 0x3164, 0x3164, 0x3164, 0x3164, 0x3164, 0x3164,
  0x3164, 0x3164, 0x3164, 0x3164, 0x3164, 0x3164, 0x3164, 0x3164, 0x3164, 0x3164, 0x3164, 0x3164,
  0x3164, 0x3164, 0x3185, 0x2103, 0x10A1, 0x10A2, 0x10A2, 0x10A2, 0x10A2, 0x10C2, 0x10C2, 0x10A2,
  0x10A2, 0x10C2, 0x10C2, 0x10C2, 0x10C2, 0x10C2, 0x10A2, 0x10C2, 0x10C2, 0x10C2, 0x10C2, 0x10C2,
  0x10A2, 0x10A2, 0x10C2, 0x10A2, 0x10C2, 0x10A2, 0x10C2, 0x10C2, 0x10C2, 0x10C2, 0x10C2, 0x10C2,
  0x10C2, 0x10C2, 0x10C2, 0x10A2, 0x10A2, 0x10C2, 0x10C2, 0x10A2, 0x10C2, 0x10C2, 0x10A2, 0x10A2,
  0x10A2, 0x10C2, 0x10C2, 0x10C2, 0x10C2, 0x10C2, 0x10C2, 0x10C2, 0x10C2, 0x10C2, 0x10C2, 0x10C2,
  0x10C2, 0x10C2, 0x10C2, 0x10C2, 0x10C2, 0x18C2, 0x10C2, 0x10C2, 0x10C2, 0x10C2, 0x10C2, 0x10C2,
  0x10C2, 0x10C2, 0x10C2, 0x10C2, 0x10C2, 0x10C2, 0x10A2, 0x10A2, 0x10A2, 0x10A1, 0x10A1, 0x10A1,
  0x10A1, 0x10A2, 0x10A1, 0x18A1, 0x10A0, 0x10A2, 0x10A2, 0x10C2, 0x10C2, 0x10C2, 0x10C2, 0x10C2,
  0x10A2, 0x10C2, 0x10C2, 0x10C2, 0x10C2, 0x10C2, 0x10A2, 0x10C2, 0x10A2, 0x10A2, 0x10C2, 0x10C2,
  0x10C2, 0x10A2, 0x10A2, 0x10A2, 0x10C2, 0x10A2, 0x10A2, 0x10C2, 0x10C2, 0x10C2, 0x10C2, 0x10C2,
  0x10C2, 0x10C2, 0x10C2, 0x10C2, 0x10C2, 0x10C2, 0x10C2, 0x10C2, 0x10A2, 0x10A2, 0x10A2, 0x10C2,
  0x10C2, 0x10C2, 0x10C2, 0x10C2, 0x10C2, 0x10C2, 0x10C2, 0x10C2, 0x10C2, 0x18C2, 0x10C2, 0x10C2,
  0x10C2, 0x10A2, 0x10A2, 0x10A2, 0x10A2, 0x10C2, 0x10C2, 0x10C2, 0x10C2, 0x10C2, 0x10C2, 0x10A2,
  0x10A2, 0x10A2, 0x10A2, 0x10A2, 0x10C2, 0x10C2, 0x10C2, 0x10A2, 0x10C2, 0x10C2, 0x10A2, 0x10A2,
  0x10A2, 0x10A2, 0x10A2, 0x2944, 0x2944, 0x3164, 0x39A5, 0x3185, 0x3184, 0x3185, 0x3185, 0x3185,
  0x3185, 0x3184, 0x3164, 0x3184, 0x3184, 0x3164, 0x3164, 0x3164, 0x2964, 0x3164, 0x3164, 0x0841,
  0x0000, 0x0020, 0x0000, 0x0000, 0x0000, 0x0000, 0x0000, 0x0000, 0x0000, 0x0000, 0x0000, 0x0000,
  0x0000, 0x0000, 0x0000, 0x0000, 0x0000, 0x0000, 0x0000, 0x0000, 0x0000, 0x0000, 0x0000, 0x0000,
  0x0000, 0x20E3, 0x3164, 0x2944, 0x2944, 0x3164, 0x3164, 0x3164, 0x3164, 0x3164, 0x3164, 0x3164,
  0x3164, 0x3164, 0x3164, 0x3164, 0x3164, 0x3164, 0x3164, 0x3164, 0x3164, 0x3164, 0x3164, 0x3164,
  0x3164, 0x3164, 0x3164, 0x3164, 0x2123, 0x10A2, 0x10A2, 0x10A2, 0x10A2, 0x10A2, 0x10A2, 0x10A2,
  0x10A2, 0x10A2, 0x10A2, 0x10A2, 0x10A2, 0x10A2, 0x10C2, 0x10A2, 0x10C2, 0x10C2, 0x10C2, 0x10A2,
  0x10A2, 0x10C2, 0x10C2, 0x10A2, 0x10C2, 0x10A2, 0x10C2, 0x10C2, 0x10C2, 0x10C2, 0x10C2, 0x10C2,
  0x10C2, 0x10C2, 0x10C2, 0x10A2, 0x10C2, 0x10C2, 0x10C2, 0x10C2, 0x10C2, 0x10C2, 0x10A2, 0x10C2,
  0x10C2, 0x10A2, 0x10C2, 0x10C2, 0x10C2, 0x10C2, 0x10C2, 0x10C2, 0x10C2, 0x10C2, 0x10C2, 0x10C2,
  0x18C2, 0x10C2, 0x10C2, 0x10C2, 0x10C2, 0x10C2, 0x10C2, 0x10C2, 0x10C2, 0x10C2, 0x10A2, 0x10C2,
  0x10C2, 0x10C2, 0x10C2, 0x10C2, 0x10A2, 0x10A2, 0x10A2, 0x10A1, 0x10A1, 0x10C5, 0x10EB, 0x0931,
  0x0954, 0x0956, 0x0954, 0x0910, 0x08CA, 0x10A4, 0x18A1, 0x18A2, 0x10A2, 0x10A2, 0x10A2, 0x10A2,
  0x10C2, 0x10C2, 0x10C2, 0x10C2, 0x10C2, 0x10A2, 0x10C2, 0x10C2, 0x10C2, 0x10C2, 0x10C2, 0x10C2,
  0x10A2, 0x10A2, 0x10C2, 0x10C2, 0x10C2, 0x10A2, 0x10C2, 0x10C2, 0x10C2, 0x10C2, 0x10A2, 0x10C2,
  0x10C2, 0x10C2, 0x10C2, 0x10C2, 0x10C2, 0x10C2, 0x10C2, 0x10C2, 0x10C2, 0x10C2, 0x10C2, 0x10C2,
  0x10C2, 0x10C2, 0x10A2, 0x10A2, 0x10C2, 0x10C2, 0x10C2, 0x10A2, 0x10C2, 0x10C2, 0x10A2, 0x10C2,
  0x10C2, 0x10C2, 0x10C2, 0x10C2, 0x10C2, 0x10A2, 0x10A2, 0x10C2, 0x10C2, 0x10C2, 0x10C2, 0x10C2,
  0x10A2, 0x10A2, 0x10A2, 0x10A2, 0x10A2, 0x10A2, 0x10C2, 0x10A2, 0x10A2, 0x10A2, 0x10A2, 0x10A2,
  0x10A2, 0x1081, 0x2103, 0x3164, 0x2943, 0x3184, 0x3985, 0x3185, 0x3185, 0x39A5, 0x39A5, 0x39A5,
  0x3185, 0x3184, 0x3164, 0x3184, 0x3164, 0x3164, 0x3164, 0x3164, 0x2944, 0x3164, 0x2923, 0x0000,
  0x0000, 0x0000, 0x0000, 0x0000, 0x0000, 0x0000, 0x0000, 0x0000, 0x0000, 0x0000, 0x0000, 0x0000,
  0x0000, 0x0000, 0x0000, 0x0000, 0x0000, 0x0000, 0x0000, 0x0000, 0x0000, 0x0000, 0x0000, 0x0000,
  0x0000, 0x1082, 0x3164, 0x2944, 0x3164, 0x3164, 0x3164, 0x3164, 0x3164, 0x3164, 0x3164, 0x3164,
  0x3164, 0x3164, 0x3164, 0x3164, 0x3164, 0x3164, 0x3164, 0x3164, 0x3164, 0x3164, 0x3164, 0x3164,
  0x3164, 0x3164, 0x3164, 0x3164, 0x3164, 0x2944, 0x2924, 0x18C2, 0x10A1, 0x10A2, 0x10A2, 0x10A2,
  0x10A2, 0x10A2, 0x10A2, 0x10A2, 0x10A2, 0x10A2, 0x10A2, 0x10A2, 0x10A2, 0x10C2, 0x10C2, 0x10A2,
  0x10A2, 0x10C2, 0x10A2, 0x10A2, 0x10A2, 0x10A2, 0x10C2, 0x10C2, 0x10C2, 0x10C2, 0x10C2, 0x10C2,
  0x10C2, 0x10C2, 0x10C2, 0x10C2, 0x10C2, 0x10C2, 0x10A2, 0x10C2, 0x10A2, 0x10A2, 0x10C2, 0x10C2,
  0x10C2, 0x10C2, 0x10C2, 0x10C2, 0x10C2, 0x10C2, 0x10C2, 0x10C2, 0x10C2, 0x10C2, 0x10C2, 0x10C2,
  0x10C2, 0x10C2, 0x18C2, 0x18C2, 0x10C2, 0x10C2, 0x10C2, 0x10C2, 0x10C2, 0x10C2, 0x10C2, 0x10C2,
  0x10A2, 0x10A2, 0x10A2, 0x10A2, 0x10A2, 0x10A2, 0x10A1, 0x10A4, 0x0910, 0x097A, 0x019E, 0x01BE,
  0x01DE, 0x01DF, 0x01BF, 0x01BE, 0x01BE, 0x09B9, 0x094E, 0x10A3, 0x10A1, 0x10C2, 0x10A2, 0x10A2,
  0x10A2, 0x10C2, 0x10A2, 0x10A2, 0x10A2, 0x10A2, 0x10C2, 0x10C2, 0x10C2, 0x10C2, 0x10C2, 0x10C2,
  0x10C2, 0x10C2, 0x10A2, 0x10A2, 0x10C2, 0x10C2, 0x10C2, 0x10C2, 0x10A2, 0x10A2, 0x10C2, 0x10C2,
  0x10C2, 0x10C2, 0x10C2, 0x10C2, 0x10A2, 0x10C2, 0x10C2, 0x10C2, 0x10C2, 0x10C2, 0x10C2, 0x10C2,
  0x10C2, 0x10C2, 0x10C2, 0x10C2, 0x10C2, 0x10C2, 0x18C2, 0x10C2, 0x10C2, 0x10C2, 0x10A2, 0x10C2,
  0x10C2, 0x10C2, 0x10C2, 0x10C2, 0x10A2, 0x10C2, 0x10C2, 0x10C2, 0x10A2, 0x10A2, 0x10C2, 0x10C2,
  0x10C2, 0x10C2, 0x10C2, 0x10C2, 0x10A2, 0x10A2, 0x10A2, 0x10A2, 0x10A2, 0x10A2, 0x10A2, 0x10A1,
  0x18E2, 0x2923, 0x3164, 0x3164, 0x3164, 0x3185, 0x39A5, 0x39A5, 0x39A5, 0x39A5, 0x39A5, 0x3185,
  0x3185, 0x3185, 0x3184, 0x3184, 0x3164, 0x3164, 0x3164, 0x3164, 0x3164, 0x3164, 0x18A2, 0x0000,
  0x0000, 0x0000, 0x0000, 0x0000, 0x0000, 0x0000, 0x0000, 0x0000, 0x0000, 0x0000, 0x0000, 0x0000,
  0x0000, 0x0000, 0x0000, 0x0000, 0x0000, 0x0000, 0x0000, 0x0000, 0x0000, 0x0000, 0x0000, 0x0000,
  0x0000, 0x0841, 0x2944, 0x2944, 0x2944, 0x3164, 0x3164, 0x3164, 0x3164, 0x3164, 0x2944, 0x2944,
  0x3164, 0x3164, 0x3164, 0x3164, 0x3164, 0x3164, 0x3164, 0x3164, 0x3164, 0x3164, 0x3164, 0x3164,
  0x3164, 0x3164, 0x3164, 0x3164, 0x3164, 0x3164, 0x3164, 0x2944, 0x18E2, 0x1081, 0x10A2, 0x10A2,
  0x10A2, 0x10A2, 0x10A2, 0x10A2, 0x10A2, 0x10A2, 0x10A2, 0x10A2, 0x10A2, 0x10A2, 0x10A2, 0x10A2,
  0x10A2, 0x10A2, 0x10C2, 0x10C2, 0x10A2, 0x10A2, 0x10A2, 0x10C2, 0x10C2, 0x10C2, 0x10C2, 0x10C2,
  0x10C2, 0x10C2, 0x10C2, 0x10C2, 0x10C2, 0x10C2, 0x10C2, 0x10A2, 0x10A2, 0x10A2, 0x10C2, 0x10C2,
  0x10C2, 0x10C2, 0x10C2, 0x10C2, 0x10C2, 0x10C2, 0x10C2, 0x10C2, 0x10C2, 0x10C2, 0x10C2, 0x10C2,
  0x10C2, 0x18C2, 0x18C2, 0x18C2, 0x10C2, 0x10C2, 0x18C2, 0x10C2, 0x10C2, 0x10C2, 0x10C2, 0x10C2,
  0x10A2, 0x10A2, 0x10C2, 0x10C2, 0x10C2, 0x10A1, 0x10E8, 0x0999, 0x01BF, 0x01DD, 0x01DD, 0x01DD,
  0x01FD, 0x01FD, 0x01FD, 0x021D, 0x023D, 0x023E, 0x023E, 0x01F6, 0x1107, 0x10A1, 0x10C2, 0x10A2,
  0x10A2, 0x10A2, 0x10A2, 0x10A2, 0x10C2, 0x10A2, 0x10A2, 0x10C2, 0x10C2, 0x10C2, 0x10C2, 0x10C2,
  0x10C2, 0x10A2, 0x10A2, 0x10A2, 0x10C2, 0x10C2, 0x10C2, 0x10C2, 0x10C2, 0x10C2, 0x10C2, 0x10C2,
  0x10C2, 0x10C2, 0x10C2, 0x10C2, 0x10C2, 0x10C2, 0x10C2, 0x10C2, 0x10C2, 0x10C2, 0x10C2, 0x10C2,
  0x10C2, 0x10C2, 0x10C2, 0x10C2, 0x10C2, 0x10C2, 0x18C2, 0x10C2, 0x10C2, 0x10C2, 0x10C2, 0x10C2,
  0x10C2, 0x10C2, 0x10C2, 0x10C2, 0x10C2, 0x10C2, 0x10C2, 0x10C2, 0x10C2, 0x10C2, 0x10C2, 0x10C2,
  0x10C2, 0x10C2, 0x10A2, 0x10A2, 0x10C2, 0x10A2, 0x10A2, 0x10A2, 0x10A2, 0x10A2, 0x1081, 0x20E3,
  0x3164, 0x3164, 0x3164, 0x3184, 0x31A5, 0x39A5, 0x39A5, 0x39A5, 0x39A5, 0x39A5, 0x39A5, 0x3185,
  0x3185, 0x3185, 0x3185, 0x3164, 0x3164, 0x3164, 0x3164, 0x3164, 0x3164, 0x3164, 0x0841, 0x0000,
  0x0000, 0x0000, 0x0000, 0x0000, 0x0000, 0x0000, 0x0000, 0x0000, 0x0000, 0x0000, 0x0000, 0x0000,
  0x0000, 0x0000, 0x0000, 0x0000, 0x0000, 0x0000, 0x0000, 0x0000, 0x0000, 0x0000, 0x0000, 0x0000,
  0x0000, 0x0000, 0x2103, 0x2944, 0x2944, 0x2944, 0x2944, 0x2944, 0x2944, 0x2944, 0x2944, 0x2944,
  0x2944, 0x3144, 0x3164, 0x3164, 0x3164, 0x3164, 0x3164, 0x3164, 0x3164, 0x3164, 0x3164, 0x3164,
  0x3164, 0x3164, 0x3164, 0x3164, 0x3164, 0x3164, 0x3164, 0x2964, 0x3164, 0x2103, 0x1081, 0x10A2,
  0x10A2, 0x10A2, 0x10A2, 0x10A2, 0x10A2, 0x10A2, 0x10A2, 0x10A2, 0x10A2, 0x10A2, 0x10A2, 0x10A2,
  0x10A2, 0x10A2, 0x10A2, 0x10A2, 0x10A2, 0x10C2, 0x10C2, 0x10C2, 0x10C2, 0x10C2, 0x10C2, 0x10C2,
  0x10A2, 0x10C2, 0x10C2, 0x10C2, 0x10C2, 0x10C2, 0x10C2, 0x10C2, 0x10C2, 0x10C2, 0x10C2, 0x18C2,
  0x18C2, 0x10C2, 0x10C2, 0x10C2, 0x10C2, 0x10C2, 0x10A2, 0x10C2, 0x10C2, 0x10C2, 0x10C2, 0x10C2,
  0x10C2, 0x10C2, 0x10C2, 0x10C2, 0x10C2, 0x18C2, 0x18C2, 0x10C2, 0x18C2, 0x18C2, 0x10C2, 0x10A2,
  0x10A2, 0x10A2, 0x10A2, 0x10C2, 0x10A1, 0x090A, 0x01FB, 0x01FD, 0x01FD, 0x01FD, 0x021D, 0x021D,
  0x021D, 0x023D, 0x023D, 0x025D, 0x025D, 0x025D, 0x025C, 0x027E, 0x027B, 0x0908, 0x1081, 0x10A2,
  0x10A2, 0x10A2, 0x10A2, 0x10A2, 0x10A2, 0x10A2, 0x10A2, 0x10A2, 0x10C2, 0x10C2, 0x10C2, 0x10C2,
  0x10A2, 0x10C2, 0x10C2, 0x10C2, 0x10C2, 0x10C2, 0x10C2, 0x10C2, 0x10C2, 0x10C2, 0x10C2, 0x10C2,
  0x10C2, 0x10C2, 0x10C2, 0x10C2, 0x10C2, 0x10C2, 0x10C2, 0x10C2, 0x10C2, 0x10C2, 0x10C2, 0x10C2,
  0x10C2, 0x10C2, 0x10C2, 0x10C2, 0x18C2, 0x10C2, 0x10C2, 0x10C2, 0x10C2, 0x10C2, 0x18C2, 0x10C2,
  0x10C2, 0x10C2, 0x10C2, 0x10C2, 0x10C2, 0x10A2, 0x10A2, 0x10C2, 0x10C2, 0x10C2, 0x10C2, 0x10C2,
  0x10A2, 0x10A2, 0x10A2, 0x10A2, 0x10A2, 0x10A2, 0x10A2, 0x10A2, 0x10A2, 0x10A2, 0x2103, 0x3164,
  0x3164, 0x3164, 0x3164, 0x3985, 0x39A5, 0x39A5, 0x39A5, 0x39A5, 0x3185, 0x3185, 0x3185, 0x3185,
  0x3185, 0x3185, 0x3164, 0x3164, 0x3164, 0x3164, 0x2944, 0x2964, 0x3164, 0x2944, 0x0000, 0x0000,
  0x0000, 0x0000, 0x0000, 0x0000, 0x0000, 0x0000, 0x0000, 0x0000, 0x0000, 0x0000, 0x0000, 0x0000,
  0x0000, 0x0000, 0x0000, 0x0000, 0x0000, 0x0000, 0x0000, 0x0000, 0x0000, 0x0000, 0x0841, 0x0841,
  0x0841, 0x0020, 0x18C2, 0x2944, 0x2923, 0x2924, 0x2943, 0x2944, 0x2943, 0x2943, 0x2944, 0x2944,
  0x2944, 0x2944, 0x2944, 0x2944, 0x2944, 0x3164, 0x3164, 0x3164, 0x3164, 0x3164, 0x3164, 0x3164,
  0x3164, 0x3164, 0x3164, 0x3164, 0x3164, 0x3164, 0x3164, 0x3164, 0x3164, 0x3165, 0x2123, 0x10A2,
  0x10A2, 0x18C2, 0x10A2, 0x10A2, 0x10A2, 0x10A2, 0x10A2, 0x10A2, 0x10A2, 0x10A2, 0x10A2, 0x10A2,
  0x10A2, 0x10A2, 0x10A2, 0x10A2, 0x10A2, 0x10C2, 0x10C2, 0x10A2, 0x10C2, 0x10C2, 0x10C2, 0x10C2,
  0x10A2, 0x10A2, 0x10A2, 0x10A2, 0x10C2, 0x10C2, 0x10C2, 0x18C2, 0x18C2, 0x18C2, 0x10C2, 0x10C2,
  0x10C2, 0x10C2, 0x10C2, 0x10C2, 0x10C2, 0x10A2, 0x10C2, 0x10A2, 0x10C2, 0x10C2, 0x10C2, 0x18C2,
  0x10C2, 0x10C2, 0x10C2, 0x10C2, 0x18C2, 0x18C2, 0x18C2, 0x18C2, 0x10C2, 0x10C2, 0x10C2, 0x10C2,
  0x10C2, 0x10A2, 0x10A2, 0x18A1, 0x1107, 0x0A1A, 0x023D, 0x023C, 0x023D, 0x023D, 0x023D, 0x023D,
  0x023D, 0x023D, 0x025D, 0x025D, 0x027C, 0x029C, 0x02BD, 0x029C, 0x02BD, 0x0A59, 0x10E5, 0x10A1,
  0x10C2, 0x10A2, 0x10A2, 0x10A2, 0x10A2, 0x10A2, 0x10A2, 0x10C2, 0x10C2, 0x10C2, 0x10A2, 0x10A2,
  0x10A2, 0x10C2, 0x10C2, 0x10C2, 0x10C2, 0x18C2, 0x10C2, 0x10C2, 0x10C2, 0x10C2, 0x10C2, 0x10C2,
  0x10C2, 0x10C2, 0x10C2, 0x10C2, 0x10C2, 0x10C2, 0x10C2, 0x10C2, 0x10C2, 0x10C2, 0x10C2, 0x10C2,
  0x10C2, 0x10C2, 0x10C2, 0x10C2, 0x10C2, 0x10C2, 0x10C2, 0x10A2, 0x10C2, 0x10C2, 0x10C2, 0x10C2,
  0x10C2, 0x10C2, 0x10A2, 0x10A2, 0x10A2, 0x10A2, 0x10A2, 0x10A2, 0x10C2, 0x10C2, 0x10C2, 0x10C2,
  0x10A2, 0x10C2, 0x10A2, 0x10A2, 0x10A2, 0x10A2, 0x10A2, 0x10A2, 0x18E3, 0x2924, 0x3164, 0x3164,
  0x2964, 0x3164, 0x39A5, 0x39A5, 0x39A5, 0x39A5, 0x39A5, 0x39A5, 0x39A5, 0x3185, 0x3185, 0x3185,
  0x3184, 0x3164, 0x3164, 0x3164, 0x3164, 0x3164, 0x2944, 0x2943, 0x2964, 0x20E3, 0x0020, 0x0841,
  0x0841, 0x0841, 0x0000, 0x0000, 0x0000, 0x0000, 0x0000, 0x0000, 0x0000, 0x0000, 0x0000, 0x0000,
  0x0000, 0x0000, 0x0000, 0x0000, 0x0000, 0x0000, 0x0000, 0x0000, 0x0000, 0x0020, 0x0861, 0x0861,
  0x0861, 0x0861, 0x1081, 0x2123, 0x2123, 0x2923, 0x2923, 0x2923, 0x2923, 0x2923, 0x2923, 0x2923,
  0x2943, 0x2943, 0x2944, 0x2944, 0x2944, 0x2944, 0x2944, 0x2944, 0x2944, 0x2944, 0x2944, 0x3164,
  0x3164, 0x3164, 0x3164, 0x3164, 0x3164, 0x3164, 0x3164, 0x3164, 0x3164, 0x3164, 0x3164, 0x2944,
  0x2944, 0x2964, 0x2944, 0x18E3, 0x18C2, 0x10A2, 0x10A2, 0x10A2, 0x10A2, 0x10A2, 0x10A2, 0x10A2,
  0x10A2, 0x10C2, 0x18C2, 0x10A2, 0x10A2, 0x10A2, 0x10A2, 0x10A2, 0x10A2, 0x10A2, 0x10A2, 0x10A2,
  0x10A2, 0x10A2, 0x10A2, 0x10A2, 0x10C2, 0x10C2, 0x10C2, 0x18C2, 0x18C2, 0x18C2, 0x10C2, 0x10C2,
  0x10C2, 0x10C2, 0x10C2, 0x10C2, 0x10C2, 0x10A2, 0x10C2, 0x10A2, 0x10C2, 0x10C2, 0x10C2, 0x10C2,
  0x10C2, 0x10C2, 0x10C2, 0x18C2, 0x18C2, 0x18C2, 0x18C2, 0x18C2, 0x18C2, 0x18C2, 0x10C2, 0x10C2,
  0x10C2, 0x10A2, 0x10A2, 0x10A2, 0x0A55, 0x02DD, 0x029B, 0x029C, 0x027C, 0x025D, 0x025D, 0x023D,
  0x025D, 0x025D, 0x027D, 0x027D, 0x029C, 0x02BC, 0x02DC, 0x02BC, 0x02BB, 0x02FD, 0x0A54, 0x10A2,
  0x10A2, 0x10A2, 0x10A2, 0x10A2, 0x10A2, 0x10A2, 0x10A2, 0x10C2, 0x10C2, 0x10C2, 0x10A2, 0x10A2,
  0x10A2, 0x10C2, 0x10C2, 0x10C2, 0x10C2, 0x18C2, 0x10C2, 0x10C2, 0x10C2, 0x10C2, 0x10C2, 0x10C2,
  0x10C2, 0x10C2, 0x10C2, 0x10C2, 0x10C2, 0x10C2, 0x10C2, 0x10C2, 0x10C2, 0x10C2, 0x10C2, 0x10C2,
  0x10C2, 0x10C2, 0x10C2, 0x10C2, 0x10C2, 0x10C2, 0x10C2, 0x10A2, 0x10C2, 0x10C2, 0x10C2, 0x10C2,
  0x10C2, 0x10C2, 0x10A2, 0x10A2, 0x10A2, 0x10A2, 0x10A2, 0x10A2, 0x10A2, 0x10A2, 0x10C2, 0x10C2,
  0x10A2, 0x10C2, 0x10A2, 0x10A2, 0x10A2, 0x10A2, 0x10A2, 0x2123, 0x3184, 0x3164, 0x3164, 0x2964,
  0x3184, 0x39A5, 0x39A5, 0x39A5, 0x39A5, 0x39A5, 0x39A5, 0x39A5, 0x3185, 0x3185, 0x3185, 0x3184,
  0x3164, 0x3164, 0x3164, 0x3164, 0x3164, 0x3164, 0x2944, 0x2943, 0x2944, 0x1082, 0x0861, 0x0861,
  0x0861, 0x0861, 0x0020, 0x0000, 0x0000, 0x0000, 0x0000, 0x0000, 0x0000, 0x0000, 0x0000, 0x0000,
  0x0000, 0x0000, 0x0000, 0x0000, 0x0000, 0x0000, 0x0000, 0x0000, 0x0000, 0x0020, 0x0861, 0x0861,
  0x0861, 0x0862, 0x0841, 0x18E3, 0x2123, 0x2123, 0x2923, 0x2923, 0x2923, 0x2923, 0x2923, 0x2923,
  0x2923, 0x2923, 0x2923, 0x2944, 0x2943, 0x2944, 0x2943, 0x2943, 0x2944, 0x2944, 0x2944, 0x2944,
  0x2944, 0x3164, 0x3164, 0x3164, 0x3164, 0x3164, 0x3164, 0x3164, 0x3164, 0x3164, 0x3164, 0x3164,
  0x3164, 0x3164, 0x3164, 0x3164, 0x3164, 0x2924, 0x18A2, 0x1081, 0x18C2, 0x18C2, 0x10A1, 0x18C2,
  0x2924, 0x2944, 0x2964, 0x2943, 0x2103, 0x18E3, 0x10A2, 0x18E2, 0x2944, 0x2103, 0x18C2, 0x10A2,
  0x10A2, 0x10A2, 0x10A2, 0x10A2, 0x10C2, 0x10C2, 0x10C2, 0x10C2, 0x10C2, 0x10C2, 0x10C2, 0x18C2,
  0x10C2, 0x10C2, 0x10C2, 0x18C2, 0x10A2, 0x10A2, 0x10C2, 0x10A2, 0x10C2, 0x10C2, 0x10C2, 0x10C2,
  0x10C2, 0x10C2, 0x10C2, 0x10C2, 0x10C2, 0x10C2, 0x10C2, 0x10C2, 0x10C2, 0x10C2, 0x10A2, 0x10A2,
  0x10A2, 0x10C2, 0x10A1, 0x092B, 0x02DC, 0x031B, 0x031B, 0x02DC, 0x029C, 0x027C, 0x025D, 0x025D,
  0x025D, 0x025D, 0x027C, 0x029D, 0x029C, 0x029C, 0x029C, 0x029C, 0x02BC, 0x02FC, 0x031C, 0x094A,
  0x1080, 0x10A2, 0x10A2, 0x10A2, 0x10A2, 0x10A2, 0x10A2, 0x10A2, 0x10A2, 0x10A2, 0x10C2, 0x10A2,
  0x10C2, 0x10A2, 0x10C2, 0x10C2, 0x10C2, 0x10C2, 0x10C2, 0x10C2, 0x10C2, 0x10C2, 0x10C2, 0x10C2,
  0x10C2, 0x10C2, 0x10C2, 0x10C2, 0x10C2, 0x10C2, 0x10C2, 0x10C2, 0x10C2, 0x10C2, 0x10C2, 0x10C2,
  0x10C2, 0x10C2, 0x10C2, 0x10C2, 0x10C2, 0x10A2, 0x10C2, 0x10A2, 0x10C2, 0x10C2, 0x10C2, 0x10A2,
  0x10A2, 0x10C2, 0x10A2, 0x10A2, 0x10A2, 0x10A2, 0x10A2, 0x10A2, 0x10A2, 0x10A2, 0x10A2, 0x10A2,
  0x10A2, 0x10A2, 0x10A2, 0x10A2, 0x10A2, 0x18C2, 0x2944, 0x3184, 0x3164, 0x3164, 0x3164, 0x3184,
  0x39A5, 0x3985, 0x3985, 0x31A5, 0x39A5, 0x3185, 0x3184, 0x3184, 0x3164, 0x3184, 0x3184, 0x3164,
  0x3164, 0x3164, 0x3164, 0x3164, 0x3164, 0x2944, 0x2944, 0x3144, 0x2123, 0x0841, 0x0861, 0x0861,
  0x0861, 0x0861, 0x0020, 0x0000, 0x0000, 0x0000, 0x0000, 0x0000, 0x0000, 0x0000, 0x0000, 0x0000,
  0x0000, 0x0000, 0x0000, 0x0000, 0x0000, 0x0000, 0x0000, 0x0000, 0x0000, 0x0020, 0x0861, 0x0861,
  0x0861, 0x0862, 0x0020, 0x1082, 0x2123, 0x2103, 0x2103, 0x2103, 0x2103, 0x2103, 0x2903, 0x2903,
  0x2923, 0x2923, 0x2923, 0x2923, 0x2923, 0x2923, 0x2923, 0x2923, 0x2943, 0x2944, 0x2944, 0x2944,
  0x2944, 0x2944, 0x2944, 0x2944, 0x2944, 0x2944, 0x3164, 0x3164, 0x3164, 0x3164, 0x3164, 0x3164,
  0x3164, 0x3164, 0x3164, 0x3164, 0x3164, 0x3164, 0x3164, 0x2103, 0x2924, 0x2944, 0x2923, 0x2944,
  0x3164, 0x3164, 0x2964, 0x3164, 0x3164, 0x2944, 0x2943, 0x3164, 0x3184, 0x3185, 0x3164, 0x2943,
  0x2103, 0x18E2, 0x10A2, 0x10A2, 0x10A2, 0x10A2, 0x10A2, 0x10A2, 0x10A2, 0x10A2, 0x10C2, 0x10C2,
  0x18C2, 0x18C2, 0x10C2, 0x10C2, 0x10C2, 0x10C2, 0x10C2, 0x10C2, 0x10C2, 0x10C2, 0x18C2, 0x10C2,
  0x10C2, 0x10C2, 0x10C2, 0x10C2, 0x10C2, 0x10C2, 0x10C2, 0x10A2, 0x10A2, 0x10A2, 0x10A2, 0x10A2,
  0x10A2, 0x10A2, 0x10C2, 0x09F6, 0x027D, 0x02BB, 0x02FB, 0x02FC, 0x02DC, 0x029C, 0x027C, 0x027C,
  0x027C, 0x025D, 0x027C, 0x027C, 0x027C, 0x027C, 0x025C, 0x027B, 0x029B, 0x029B, 0x025D, 0x0153,
  0x1081, 0x10A1, 0x10A2, 0x10A2, 0x10A2, 0x10A2, 0x10C2, 0x10C2, 0x10A2, 0x10A2, 0x10A2, 0x10A2,
  0x10A2, 0x10A2, 0x10C2, 0x10C2, 0x10C2, 0x10C2, 0x10C2, 0x10C2, 0x10C2, 0x10C2, 0x10C2, 0x10C2,
  0x18C2, 0x10C2, 0x10C2, 0x10C2, 0x10C2, 0x10C2, 0x10C2, 0x18C2, 0x10C2, 0x10C2, 0x10C2, 0x10C2,
  0x10C2, 0x10C2, 0x10A2, 0x10A2, 0x10C2, 0x10C2, 0x10C2, 0x10C2, 0x10C2, 0x10C2, 0x10A2, 0x10C2,
  0x10A2, 0x10C2, 0x10A2, 0x10A2, 0x10A2, 0x10A2, 0x10A2, 0x10A2, 0x10A2, 0x10A2, 0x10A2, 0x10A2,
  0x10A2, 0x18C2, 0x10A2, 0x18C2, 0x2944, 0x3164, 0x3164, 0x3164, 0x3164, 0x3164, 0x3985, 0x39A5,
  0x39A5, 0x3185, 0x3184, 0x3184, 0x3184, 0x3185, 0x3164, 0x3164, 0x3164, 0x3184, 0x3164, 0x3164,
  0x3164, 0x3164, 0x3164, 0x3164, 0x2944, 0x2944, 0x2944, 0x3164, 0x18C2, 0x0020, 0x0861, 0x0861,
  0x0861, 0x0861, 0x0020, 0x0000, 0x0000, 0x0000, 0x0000, 0x0000, 0x0000, 0x0000, 0x0000, 0x0000,
  0x0000, 0x0000, 0x0000, 0x0000, 0x0000, 0x0000, 0x0000, 0x0000, 0x0000, 0x0020, 0x0861, 0x0861,
  0x0861, 0x0862, 0x0020, 0x0020, 0x2103, 0x2103, 0x2103, 0x2103, 0x2103, 0x2903, 0x2103, 0x2103,
  0x2103, 0x2103, 0x2903, 0x2923, 0x2903, 0x2923, 0x2923, 0x2923, 0x2923, 0x2923, 0x2923, 0x2923,
  0x2943, 0x2944, 0x2943, 0x2943, 0x2944, 0x2944, 0x2944, 0x2944, 0x2944, 0x3164, 0x3164, 0x3164,
  0x3164, 0x3164, 0x3164, 0x3164, 0x3164, 0x3164, 0x3164, 0x3164, 0x2944, 0x2944, 0x3164, 0x3164,
  0x3164, 0x3164, 0x3164, 0x3164, 0x2944, 0x2944, 0x3164, 0x3164, 0x3164, 0x3184, 0x3164, 0x3184,
  0x3184, 0x3184, 0x2943, 0x18C2, 0x10A2, 0x10A2, 0x10A2, 0x10A2, 0x10C2, 0x10C2, 0x10C2, 0x10C2,
  0x18C2, 0x18C2, 0x10A2, 0x10A2, 0x10C2, 0x10C2, 0x10C2, 0x10C2, 0x10C2, 0x10C2, 0x10C2, 0x10A2,
  0x10A2, 0x10C2, 0x10C2, 0x10C2, 0x10C2, 0x10C2, 0x10C2, 0x10C2, 0x10A2, 0x10A2, 0x10C2, 0x18C2,
  0x10A2, 0x10A1, 0x1107, 0x025B, 0x027D, 0x027C, 0x02BC, 0x02FC, 0x02DC, 0x029C, 0x029C, 0x029C,
  0x027C, 0x027D, 0x027D, 0x025D, 0x025C, 0x027C, 0x0AB9, 0x1AF6, 0x12D8, 0x027B, 0x01FB, 0x01BA,
  0x10C6, 0x10A1, 0x10A2, 0x10A2, 0x10A2, 0x10A2, 0x10A2, 0x10A2, 0x10A2, 0x10A2, 0x10C2, 0x10C2,
  0x10C2, 0x10C2, 0x10C2, 0x10C2, 0x10C2, 0x18C2, 0x10C2, 0x10C2, 0x10A2, 0x10A2, 0x10C2, 0x10C2,
  0x10C2, 0x10C2, 0x10C2, 0x10C2, 0x10C2, 0x10C2, 0x10C2, 0x10C2, 0x10C2, 0x10C2, 0x10C2, 0x10C2,
  0x10C2, 0x10C2, 0x10C2, 0x10C2, 0x10C2, 0x10C2, 0x10C2, 0x10C2, 0x10C2, 0x10C2, 0x10C2, 0x10C2,
  0x10A2, 0x10C2, 0x10C2, 0x10C2, 0x10A2, 0x18E3, 0x18C2, 0x10A2, 0x10A2, 0x10A2, 0x10A2, 0x10A2,
  0x2103, 0x3165, 0x2944, 0x3164, 0x3164, 0x3164, 0x3164, 0x2964, 0x3164, 0x39A5, 0x39A5, 0x39A5,
  0x39A5, 0x3984, 0x3164, 0x3164, 0x3164, 0x3184, 0x3164, 0x3164, 0x3164, 0x3164, 0x3164, 0x3164,
  0x3164, 0x3164, 0x2944, 0x2944, 0x2944, 0x2944, 0x2924, 0x2924, 0x0841, 0x0020, 0x0861, 0x0861,
  0x0861, 0x0861, 0x0020, 0x0000, 0x0000, 0x0000, 0x0000, 0x0000, 0x0000, 0x0000, 0x0000, 0x0000,
  0x0000, 0x0000, 0x0000, 0x0000, 0x0000, 0x0000, 0x0000, 0x0000, 0x0000, 0x0020, 0x0861, 0x0841,
  0x0861, 0x0861, 0x0021, 0x0000, 0x18C2, 0x2103, 0x2103, 0x2103, 0x2103, 0x2103, 0x2103, 0x2103,
  0x2103, 0x2103, 0x2103, 0x2103, 0x2103, 0x2103, 0x2103, 0x2103, 0x2923, 0x2923, 0x2923, 0x2923,
  0x2923, 0x2923, 0x2923, 0x2923, 0x2923, 0x2923, 0x2943, 0x2923, 0x2943, 0x2944, 0x2944, 0x2944,
  0x3164, 0x3164, 0x3164, 0x3164, 0x3164, 0x3164, 0x3164, 0x3164, 0x3164, 0x3164, 0x3164, 0x3164,
  0x3164, 0x3164, 0x3164, 0x3184, 0x3164, 0x3164, 0x3164, 0x3184, 0x3164, 0x3164, 0x2964, 0x3164,
  0x3164, 0x3164, 0x3184, 0x2944, 0x18E3, 0x18C2, 0x10A1, 0x10A2, 0x10C2, 0x10C2, 0x10A2, 0x10A2,
  0x10A2, 0x10C2, 0x10A2, 0x10A2, 0x10A2, 0x10A2, 0x10C2, 0x10C2, 0x10C2, 0x10C2, 0x10C2, 0x10C2,
  0x10C2, 0x10A2, 0x10C2, 0x10C2, 0x10C2, 0x10A2, 0x10A2, 0x10A2, 0x10A2, 0x10A2, 0x10C2, 0x10A2,
  0x10C2, 0x1080, 0x094C, 0x02DC, 0x033C, 0x02FD, 0x027C, 0x029C, 0x029C, 0x029C, 0x029C, 0x029C,
  0x029C, 0x029C, 0x027C, 0x027D, 0x029C, 0x0AB7, 0x12F7, 0x1318, 0x0AB9, 0x025A, 0x025A, 0x027C,
  0x094C, 0x1081, 0x10A2, 0x10A2, 0x10A2, 0x10A2, 0x10A2, 0x10A2, 0x10A2, 0x10A2, 0x10C2, 0x10A2,
  0x10A2, 0x10C2, 0x10A2, 0x10A2, 0x10A2, 0x10C2, 0x10C2, 0x10C2, 0x10A2, 0x10A2, 0x10C2, 0x18C2,
  0x10C2, 0x10C2, 0x10C2, 0x10C2, 0x10C2, 0x10C2, 0x10C2, 0x18C2, 0x10C2, 0x10C2, 0x10C2, 0x18C2,
  0x10C2, 0x10C2, 0x10A2, 0x10A2, 0x10C2, 0x10C2, 0x10C2, 0x10C2, 0x10A2, 0x10A2, 0x10A2, 0x10A2,
  0x10A2, 0x10A2, 0x10A2, 0x10A2, 0x2103, 0x2964, 0x2943, 0x2123, 0x2103, 0x18E2, 0x2923, 0x2944,
  0x3165, 0x3164, 0x3184, 0x3164, 0x2944, 0x3164, 0x3164, 0x3184, 0x39A5, 0x3985, 0x39A5, 0x39A5,
  0x3985, 0x3184, 0x3185, 0x3184, 0x3164, 0x3164, 0x3164, 0x3164, 0x3164, 0x3164, 0x3164, 0x2944,
  0x2944, 0x2944, 0x2944, 0x2944, 0x2943, 0x2923, 0x2924, 0x2103, 0x0000, 0x0021, 0x0861, 0x0861,
  0x0861, 0x0861, 0x0020, 0x0000, 0x0000, 0x0000, 0x0000, 0x0000, 0x0000, 0x0000, 0x0000, 0x0000,
  0x0000, 0x0000, 0x0000, 0x0000, 0x0000, 0x0000, 0x0000, 0x0000, 0x0000, 0x0000, 0x0000, 0x0000,
  0x0000, 0x0000, 0x0841, 0x0861, 0x10A2, 0x2103, 0x20E3, 0x2103, 0x2103, 0x2103, 0x2103, 0x20E3,
  0x2103, 0x2103, 0x2103, 0x2103, 0x2103, 0x2103, 0x2103, 0x2103, 0x2103, 0x2903, 0x2923, 0x2923,
  0x2923, 0x2923, 0x2923, 0x2923, 0x2923, 0x2923, 0x2923, 0x2923, 0x2923, 0x2943, 0x2944, 0x2943,
  0x2943, 0x2944, 0x2944, 0x2944, 0x2944, 0x2944, 0x3164, 0x3164, 0x3164, 0x3164, 0x3164, 0x3164,
  0x3164, 0x3164, 0x3184, 0x3185, 0x3184, 0x3185, 0x3185, 0x3185, 0x3184, 0x3184, 0x3184, 0x3164,
  0x3164, 0x3164, 0x3164, 0x3164, 0x3164, 0x3164, 0x2103, 0x18C2, 0x10A2, 0x18C2, 0x2103, 0x2944,
  0x18C2, 0x10A1, 0x18C2, 0x10A2, 0x10A2, 0x10A2, 0x10C2, 0x10C2, 0x10C2, 0x10C2, 0x10C2, 0x10C2,
  0x10C2, 0x10C2, 0x10C2, 0x10C2, 0x10C2, 0x10A2, 0x10A2, 0x10A2, 0x10A2, 0x10A2, 0x10A2, 0x10A2,
  0x10C2, 0x1060, 0x09F0, 0x035D, 0x037C, 0x037C, 0x02DC, 0x029C, 0x027C, 0x029C, 0x029C, 0x02BC,
  0x02DB, 0x02FC, 0x02BB, 0x0214, 0x0A54, 0x0B19, 0x1272, 0x0928, 0x0A14, 0x029B, 0x029A, 0x02BC,
  0x098E, 0x1080, 0x10A2, 0x10A2, 0x10A2, 0x10A2, 0x10A2, 0x10A2, 0x10A2, 0x10A2, 0x10C2, 0x10A2,
  0x10A2, 0x10A2, 0x10A2, 0x10A2, 0x10A2, 0x10C2, 0x10C2, 0x10A2, 0x10C2, 0x10C2, 0x10C2, 0x10C2,
  0x10A2, 0x10A2, 0x10C2, 0x10C2, 0x10C2, 0x10C2, 0x10C2, 0x10C2, 0x18C2, 0x18C2, 0x10C2, 0x10C2,
  0x10A2, 0x10C2, 0x10C2, 0x10C2, 0x10C2, 0x10C2, 0x10C2, 0x10A2, 0x10A2, 0x10A2, 0x10A2, 0x10A2,
  0x10A2, 0x10A2, 0x10A1, 0x2103, 0x3164, 0x2944, 0x3164, 0x3164, 0x3164, 0x3164, 0x3184, 0x3184,
  0x3164, 0x3164, 0x3164, 0x3164, 0x3184, 0x3144, 0x3164, 0x39A5, 0x39A5, 0x39A5, 0x39A5, 0x3984,
  0x3164, 0x3164, 0x3184, 0x3164, 0x3164, 0x3164, 0x3164, 0x3164, 0x3164, 0x2944, 0x2944, 0x2944,
  0x2943, 0x2944, 0x2944, 0x2944, 0x2943, 0x2923, 0x2944, 0x18C3, 0x0861, 0x0841, 0x0000, 0x0000,
  0x0000, 0x0000, 0x0000, 0x0000, 0x0000, 0x0000, 0x0000, 0x0000, 0x0000, 0x0000, 0x0000, 0x0000,
  0x0000, 0x0000, 0x0000, 0x0000, 0x0000, 0x0000, 0x0000, 0x0000, 0x0000, 0x0000, 0x0000, 0x0000,
  0x0000, 0x0000, 0x0841, 0x0861, 0x1081, 0x20E3, 0x2103, 0x20E3, 0x20E3, 0x2103, 0x2103, 0x20E3,
  0x2103, 0x20E3, 0x2103, 0x2103, 0x2103, 0x2103, 0x2103, 0x2103, 0x2103, 0x2103, 0x2103, 0x2903,
  0x2903, 0x2923, 0x2923, 0x2923, 0x2923, 0x2923, 0x2923, 0x2923, 0x2923, 0x2943, 0x2943, 0x2943,
  0x2923, 0x2923, 0x2944, 0x2944, 0x2944, 0x3164, 0x3164, 0x3164, 0x3164, 0x3164, 0x3164, 0x3164,
  0x3164, 0x3164, 0x3184, 0x3185, 0x3185, 0x3185, 0x3184, 0x3185, 0x3184, 0x3184, 0x3185, 0x3184,
  0x3164, 0x3164, 0x3164, 0x3164, 0x3164, 0x3164, 0x3164, 0x2964, 0x2924, 0x2964, 0x3184, 0x3184,
  0x2964, 0x2943, 0x3185, 0x2103, 0x10A2, 0x10A2, 0x10A2, 0x10A2, 0x10C2, 0x10C2, 0x10C2, 0x10C2,
  0x10C2, 0x10C2, 0x10C2, 0x10C2, 0x10C2, 0x10A2, 0x10C2, 0x10A2, 0x10A2, 0x10A2, 0x10A2, 0x10A2,
  0x10A2, 0x1081, 0x09D2, 0x02FD, 0x02FC, 0x02FC, 0x02BC, 0x029C, 0x029C, 0x029C, 0x029B, 0x02DB,
  0x02FB, 0x0A77, 0x096B, 0x0861, 0x0842, 0x09EF, 0x118B, 0x0820, 0x08E6, 0x02D9, 0x02D9, 0x0A77,
  0x098D, 0x1081, 0x10A2, 0x10A2, 0x10A2, 0x10A2, 0x10A2, 0x10A2, 0x10A2, 0x10A2, 0x10A2, 0x10A2,
  0x10A2, 0x10A2, 0x10C2, 0x18C2, 0x10C2, 0x10C2, 0x10C2, 0x10C2, 0x10C2, 0x10C2, 0x10C2, 0x10C2,
  0x10A2, 0x10A2, 0x10C2, 0x10C2, 0x10C2, 0x10C2, 0x10C2, 0x10C2, 0x10C2, 0x10C2, 0x10C2, 0x10C2,
  0x10A2, 0x10C2, 0x10C2, 0x10C2, 0x10C2, 0x10C2, 0x10C2, 0x10A2, 0x10A2, 0x10A2, 0x10C2, 0x10A2,
  0x18C2, 0x2103, 0x2923, 0x3164, 0x3164, 0x2944, 0x2944, 0x3164, 0x3164, 0x3164, 0x3164, 0x3164,
  0x3164, 0x3164, 0x3164, 0x3185, 0x39A5, 0x3985, 0x39A5, 0x3985, 0x39A5, 0x3985, 0x3184, 0x3164,
  0x3164, 0x3164, 0x3164, 0x2944, 0x2944, 0x2944, 0x2944, 0x2944, 0x2944, 0x2943, 0x2943, 0x2944,
  0x2943, 0x2944, 0x2943, 0x2943, 0x2944, 0x2923, 0x2923, 0x1082, 0x0861, 0x0840, 0x0000, 0x0000,
  0x0000, 0x0000, 0x0000, 0x0000, 0x0000, 0x0000, 0x0000, 0x0000, 0x0000, 0x0000, 0x0000, 0x0000,
  0x0000, 0x0000, 0x0000, 0x0000, 0x0000, 0x0000, 0x0000, 0x0000, 0x0000, 0x0000, 0x0000, 0x0000,
  0x0000, 0x0000, 0x0841, 0x0861, 0x0861, 0x18C2, 0x2103, 0x20E3, 0x20E3, 0x20E3, 0x20E3, 0x18E3,
  0x18E3, 0x18E3, 0x20E3, 0x2103, 0x2103, 0x2103, 0x2103, 0x2103, 0x2103, 0x2103, 0x2103, 0x2103,
  0x2103, 0x2103, 0x2103, 0x2103, 0x2103, 0x2103, 0x2923, 0x2923, 0x2923, 0x2923, 0x2923, 0x2923,
  0x2923, 0x2943, 0x2944, 0x2944, 0x2944, 0x3164, 0x3164, 0x3164, 0x3164, 0x3164, 0x3164, 0x3164,
  0x3164, 0x3164, 0x3164, 0x3184, 0x3184, 0x3184, 0x3184, 0x39A5, 0x3185, 0x3185, 0x3185, 0x3185,
  0x3184, 0x3184, 0x3184, 0x3164, 0x3164, 0x3164, 0x3164, 0x3164, 0x3164, 0x3164, 0x2964, 0x3164,
  0x3184, 0x3184, 0x3164, 0x3184, 0x3184, 0x2103, 0x10A2, 0x10A2, 0x10A2, 0x10A2, 0x10A2, 0x10A2,
  0x10A2, 0x10C2, 0x10A2, 0x10A2, 0x10A2, 0x10A2, 0x10A2, 0x10A2, 0x10A2, 0x10A2, 0x10A2, 0x10A2,
  0x10A2, 0x18A1, 0x0992, 0x023D, 0x023C, 0x025C, 0x02BC, 0x02DC, 0x02DB, 0x02BB, 0x02B9, 0x0AD9,
  0x0A97, 0x08A4, 0x1060, 0x1081, 0x1061, 0x0862, 0x1127, 0x1081, 0x1081, 0x1148, 0x1129, 0x10A3,
  0x10E4, 0x20E3, 0x18C2, 0x10A2, 0x10A2, 0x10A2, 0x10A2, 0x10A2, 0x10A2, 0x10A2, 0x10A2, 0x10A2,
  0x10A2, 0x10C2, 0x18C2, 0x10C2, 0x10A2, 0x10C2, 0x10A2, 0x10A2, 0x10C2, 0x10C2, 0x10C2, 0x10A2,
  0x10A2, 0x10A2, 0x10A2, 0x10A2, 0x10A2, 0x10A2, 0x10A2, 0x10C2, 0x10A2, 0x10A2, 0x10A2, 0x10A2,
  0x10A2, 0x10C2, 0x10C2, 0x10C2, 0x10C2, 0x10A2, 0x10A2, 0x10A2, 0x10A2, 0x10A2, 0x10A2, 0x18E3,
  0x2964, 0x3164, 0x3144, 0x2944, 0x2944, 0x2944, 0x2944, 0x3164, 0x3164, 0x3164, 0x3164, 0x3164,
  0x3164, 0x3164, 0x3185, 0x3185, 0x3185, 0x39A5, 0x39A5, 0x31A5, 0x3185, 0x3185, 0x3185, 0x3164,
  0x3164, 0x3164, 0x2944, 0x2944, 0x2944, 0x2944, 0x2943, 0x2923, 0x2923, 0x2923, 0x2923, 0x2923,
  0x2943, 0x2923, 0x2923, 0x2923, 0x2923, 0x2944, 0x2103, 0x0861, 0x0861, 0x0020, 0x0000, 0x0000,
  0x0000, 0x0000, 0x0000, 0x0000, 0x0000, 0x0000, 0x0000, 0x0000, 0x0000, 0x0000, 0x0000, 0x0000,
  0x0000, 0x0000, 0x0000, 0x0000, 0x0000, 0x0000, 0x0000, 0x0000, 0x0000, 0x0000, 0x0000, 0x0000,
  0x0000, 0x0000, 0x0841, 0x0861, 0x0861, 0x1082, 0x18E3, 0x18E3, 0x20E3, 0x20E3, 0x18E3, 0x18E3,
  0x18E3, 0x18E3, 0x18E3, 0x20E3, 0x20E3, 0x2103, 0x2103, 0x2103, 0x2103, 0x2103, 0x2103, 0x2103,
  0x2103, 0x2103, 0x2103, 0x2103, 0x2103, 0x2103, 0x2103, 0x2923, 0x2923, 0x2923, 0x2923, 0x2923,
  0x2923, 0x2944, 0x2943, 0x2944, 0x2944, 0x2944, 0x2944, 0x2944, 0x2944, 0x2944, 0x2944, 0x2944,
  0x2944, 0x3164, 0x3164, 0x3164, 0x3164, 0x3164, 0x3184, 0x3185, 0x3185, 0x3185, 0x3185, 0x3185,
  0x3185, 0x3184, 0x3185, 0x3164, 0x3164, 0x3164, 0x3164, 0x3164, 0x3164, 0x3164, 0x3164, 0x3164,
  0x3164, 0x3164, 0x3164, 0x3164, 0x3184, 0x3185, 0x2924, 0x10A2, 0x10A2, 0x10A2, 0x10A2, 0x10A2,
  0x10A2, 0x10A2, 0x10A2, 0x10A2, 0x10A2, 0x10A2, 0x10A2, 0x10A2, 0x10A2, 0x10A2, 0x10A2, 0x10A2,
  0x10C2, 0x1881, 0x094E, 0x023C, 0x029B, 0x031B, 0x03BC, 0x0BBD, 0x033C, 0x02FB, 0x0297, 0x12F6,
  0x12F6, 0x08C4, 0x0861, 0x1081, 0x1081, 0x1061, 0x1061, 0x10A2, 0x10A1, 0x1081, 0x1060, 0x1081,
  0x1081, 0x18C2, 0x2103, 0x18C2, 0x18C2, 0x10A2, 0x10A2, 0x10A2, 0x10A2, 0x18A2, 0x18C2, 0x18E3,
  0x18C2, 0x18C2, 0x10A2, 0x10A2, 0x18C2, 0x18A2, 0x20E3, 0x18E3, 0x10A2, 0x10A2, 0x10A2, 0x10A2,
  0x10A2, 0x10A2, 0x10A2, 0x10A2, 0x10A2, 0x10A2, 0x10A2, 0x10A2, 0x10A2, 0x10A2, 0x10A2, 0x10A2,
  0x10A2, 0x10C2, 0x10C2, 0x10C2, 0x10C2, 0x10A2, 0x10A2, 0x10A2, 0x10A2, 0x10A1, 0x18E3, 0x3144,
  0x3164, 0x2944, 0x2944, 0x2944, 0x2944, 0x2944, 0x3164, 0x2944, 0x2944, 0x2944, 0x2944, 0x2944,
  0x3164, 0x3185, 0x3164, 0x3184, 0x39A5, 0x39A5, 0x39A5, 0x3185, 0x3184, 0x3185, 0x3185, 0x3164,
  0x3164, 0x2944, 0x2944, 0x2944, 0x2923, 0x2923, 0x2923, 0x2923, 0x2923, 0x2923, 0x2923, 0x2923,
  0x2923, 0x2923, 0x2923, 0x2924, 0x2923, 0x2944, 0x18A2, 0x0861, 0x0881, 0x0020, 0x0000, 0x0000,
  0x0000, 0x0000, 0x0000, 0x0000, 0x0000, 0x0000, 0x0000, 0x0000, 0x0000, 0x0000, 0x0000, 0x0000,
  0x0000, 0x0000, 0x0000, 0x0000, 0x0000, 0x0000, 0x0000, 0x0000, 0x0000, 0x0000, 0x0000, 0x0000,
  0x0000, 0x0000, 0x0841, 0x0861, 0x0861, 0x0861, 0x10A2, 0x18E3, 0x18E3, 0x18E3, 0x18E3, 0x18E3,
  0x18E3, 0x18E3, 0x18E3, 0x18E3, 0x20E3, 0x18E3, 0x20E3, 0x2103, 0x2103, 0x2103, 0x2103, 0x2103,
  0x2103, 0x2103, 0x2103, 0x2103, 0x2103, 0x2103, 0x2923, 0x2923, 0x2923, 0x2923, 0x2903, 0x2923,
  0x2923, 0x2923, 0x2923, 0x2923, 0x2923, 0x2943, 0x2944, 0x2943, 0x2923, 0x2923, 0x2923, 0x2943,
  0x2944, 0x2944, 0x2944, 0x2944, 0x3164, 0x3164, 0x3164, 0x3164, 0x3164, 0x3184, 0x3185, 0x3185,
  0x3185, 0x3185, 0x3185, 0x3185, 0x3185, 0x3185, 0x3185, 0x3164, 0x3164, 0x2964, 0x2964, 0x2964,
  0x3164, 0x2964, 0x3164, 0x3164, 0x3164, 0x3164, 0x3184, 0x2944, 0x18A2, 0x10A2, 0x10A2, 0x10A2,
  0x10A2, 0x10A2, 0x10A2, 0x10A2, 0x10A2, 0x10A2, 0x10A2, 0x10A2, 0x10A2, 0x10A2, 0x10C2, 0x10A2,
  0x18A2, 0x1881, 0x094A, 0x031B, 0x037B, 0x0BDA, 0x0B56, 0x11EC, 0x09AC, 0x0B19, 0x0AB7, 0x0A52,
  0x12D4, 0x0948, 0x0860, 0x1081, 0x10A2, 0x10A2, 0x10A2, 0x1081, 0x10A2, 0x10C2, 0x18C2, 0x10A2,
  0x10C2, 0x18C2, 0x2923, 0x2923, 0x2923, 0x2103, 0x18C2, 0x18C2, 0x18E3, 0x20E3, 0x20E2, 0x20E3,
  0x18E2, 0x18C2, 0x18E3, 0x2923, 0x2944, 0x2943, 0x3164, 0x3164, 0x2103, 0x10A1, 0x10A2, 0x10A2,
  0x10A2, 0x10A2, 0x10A2, 0x10A2, 0x10A2, 0x10A2, 0x10A2, 0x10A2, 0x10A2, 0x10C2, 0x10A2, 0x10A2,
  0x10C2, 0x10A2, 0x10A2, 0x10A2, 0x10A2, 0x10A2, 0x10A2, 0x10A2, 0x2103, 0x2923, 0x2944, 0x2964,
  0x2964, 0x2944, 0x2944, 0x2944, 0x2944, 0x2944, 0x3164, 0x3164, 0x2944, 0x2944, 0x3164, 0x3184,
  0x39A5, 0x3184, 0x39A5, 0x39A5, 0x39A5, 0x3185, 0x3184, 0x3184, 0x3184, 0x3184, 0x3164, 0x3164,
  0x2944, 0x2944, 0x2943, 0x2923, 0x2923, 0x2923, 0x2923, 0x2923, 0x2923, 0x2923, 0x2923, 0x2923,
  0x2923, 0x2923, 0x2923, 0x2923, 0x2923, 0x2103, 0x1061, 0x0861, 0x0861, 0x0841, 0x0000, 0x0000,
  0x0000, 0x0000, 0x0000, 0x0000, 0x0000, 0x0000, 0x0000, 0x0000, 0x0000, 0x0000, 0x0000, 0x0000,
  0x0000, 0x0000, 0x0000, 0x0000, 0x0000, 0x0000, 0x0000, 0x0000, 0x0000, 0x0020, 0x0861, 0x0861,
  0x0861, 0x0861, 0x0020, 0x0000, 0x0000, 0x0000, 0x0861, 0x18E3, 0x18E2, 0x18E2, 0x18E3, 0x18C2,
  0x18E3, 0x18E3, 0x18E3, 0x18E3, 0x18E3, 0x18E3, 0x20E3, 0x18E3, 0x18E3, 0x18E3, 0x20E3, 0x20E3,
  0x2103, 0x2103, 0x18E2, 0x20E3, 0x2103, 0x2103, 0x2123, 0x2923, 0x2923, 0x2923, 0x2923, 0x2923,
  0x2923, 0x2923, 0x2903, 0x2903, 0x2923, 0x2923, 0x2923, 0x2923, 0x2923, 0x2923, 0x2923, 0x2923,
  0x2923, 0x2943, 0x2923, 0x2924, 0x2944, 0x2944, 0x3164, 0x3164, 0x3164, 0x3164, 0x3164, 0x3164,
  0x3164, 0x3184, 0x3184, 0x3185, 0x3185, 0x3185, 0x3185, 0x3185, 0x3185, 0x3184, 0x3184, 0x2944,
  0x2944, 0x2944, 0x3164, 0x3164, 0x3164, 0x3164, 0x2944, 0x3164, 0x2944, 0x18C2, 0x10A2, 0x10A2,
  0x10A2, 0x10A2, 0x10A2, 0x10A2, 0x10A2, 0x10A2, 0x10A2, 0x10A2, 0x10A2, 0x10A2, 0x10A2, 0x10A2,
  0x10A2, 0x18A1, 0x2167, 0x1398, 0x0A0D, 0x0969, 0x08C4, 0x1040, 0x1081, 0x1105, 0x08E5, 0x0883,
  0x1081, 0x1081, 0x1081, 0x10A2, 0x18E3, 0x18E2, 0x10A2, 0x1081, 0x1081, 0x10A2, 0x18E3, 0x2103,
  0x2103, 0x2103, 0x2903, 0x2923, 0x2123, 0x2103, 0x20E3, 0x18E2, 0x18E3, 0x18E2, 0x18C2, 0x20C2,
  0x20E3, 0x2924, 0x3164, 0x3164, 0x3144, 0x3164, 0x3164, 0x2944, 0x3164, 0x2103, 0x18E3, 0x10A2,
  0x10A2, 0x18C2, 0x2103, 0x2123, 0x18C2, 0x10A2, 0x18E2, 0x10A2, 0x10A2, 0x10A2, 0x10A2, 0x10A2,
  0x10C2, 0x10A2, 0x10A2, 0x10A2, 0x10A2, 0x10A2, 0x10A2, 0x2103, 0x2944, 0x2944, 0x2944, 0x2944,
  0x2944, 0x2944, 0x2944, 0x2944, 0x2944, 0x3164, 0x3164, 0x3164, 0x3144, 0x3184, 0x3985, 0x3185,
  0x3185, 0x39A5, 0x39A5, 0x39A5, 0x3185, 0x3185, 0x3184, 0x3184, 0x3184, 0x3164, 0x3164, 0x2944,
  0x2944, 0x2923, 0x2923, 0x2923, 0x2923, 0x2923, 0x2923, 0x2923, 0x2903, 0x2903, 0x2903, 0x2923,
  0x2903, 0x2103, 0x2903, 0x2103, 0x2923, 0x1082, 0x0000, 0x0000, 0x0000, 0x0020, 0x0861, 0x0861,
  0x0861, 0x0861, 0x0020, 0x0000, 0x0000, 0x0000, 0x0000, 0x0000, 0x0000, 0x0000, 0x0000, 0x0000,
  0x0000, 0x0000, 0x0000, 0x0000, 0x0000, 0x0000, 0x0000, 0x0000, 0x0000, 0x0020, 0x0861, 0x0861,
  0x0861, 0x0861, 0x0020, 0x0000, 0x0000, 0x0000, 0x0000, 0x10A2, 0x10A2, 0x18C2, 0x18C2, 0x18E2,
  0x18E3, 0x18E3, 0x18E3, 0x18E3, 0x18E3, 0x18E3, 0x18E3, 0x18E3, 0x18E3, 0x18E3, 0x18E3, 0x20E3,
  0x18C2, 0x2103, 0x3164, 0x3144, 0x2923, 0x3185, 0x2923, 0x2103, 0x2923, 0x2923, 0x2923, 0x2923,
  0x2923, 0x2903, 0x2923, 0x2923, 0x2923, 0x2903, 0x2903, 0x2923, 0x2903, 0x2903, 0x2923, 0x2923,
  0x2923, 0x2923, 0x2923, 0x2924, 0x2924, 0x2944, 0x2944, 0x2944, 0x2944, 0x2944, 0x3164, 0x3164,
  0x3164, 0x3164, 0x3164, 0x3164, 0x3164, 0x3164, 0x3185, 0x3185, 0x3185, 0x3185, 0x3184, 0x3184,
  0x3164, 0x3164, 0x2944, 0x2944, 0x2944, 0x2944, 0x2944, 0x2944, 0x2944, 0x2964, 0x2103, 0x18C2,
  0x18C2, 0x10A2, 0x10A2, 0x10A2, 0x10A2, 0x10A2, 0x10A2, 0x10A2, 0x10A2, 0x10A2, 0x1081, 0x18C2,
  0x2923, 0x2923, 0x3185, 0x21A9, 0x0841, 0x1040, 0x1081, 0x1082, 0x1081, 0x1061, 0x1060, 0x1081,
  0x1081, 0x1081, 0x10A2, 0x10A2, 0x18C2, 0x18C2, 0x10C2, 0x10A1, 0x1081, 0x0881, 0x18E3, 0x2124,
  0x2123, 0x2103, 0x2103, 0x2103, 0x20E3, 0x18C2, 0x18C2, 0x18C2, 0x18C2, 0x18E2, 0x2103, 0x2944,
  0x3164, 0x3164, 0x3164, 0x3164, 0x3164, 0x3164, 0x2944, 0x2944, 0x2944, 0x2944, 0x2964, 0x2123,
  0x2103, 0x2944, 0x2944, 0x2944, 0x2944, 0x2923, 0x2944, 0x2924, 0x2123, 0x2103, 0x10A2, 0x10A2,
  0x18C2, 0x18A2, 0x10A2, 0x10A2, 0x2103, 0x2924, 0x2924, 0x2944, 0x2944, 0x2944, 0x2943, 0x2944,
  0x2943, 0x2944, 0x2944, 0x2944, 0x2944, 0x2944, 0x2944, 0x2944, 0x3164, 0x3985, 0x3985, 0x3185,
  0x3185, 0x3185, 0x3185, 0x3185, 0x3185, 0x3164, 0x3164, 0x3164, 0x2944, 0x2944, 0x2944, 0x2943,
  0x2923, 0x2923, 0x2923, 0x2923, 0x2923, 0x2903, 0x2903, 0x2103, 0x2103, 0x2103, 0x2103, 0x2103,
  0x2103, 0x2103, 0x2103, 0x2103, 0x20E3, 0x0020, 0x0000, 0x0000, 0x0000, 0x0841, 0x0861, 0x0861,
  0x0861, 0x0861, 0x0020, 0x0000, 0x0000, 0x0000, 0x0000, 0x0000, 0x0000, 0x0000, 0x0000, 0x0000,
  0x0000, 0x0000, 0x0000, 0x0000, 0x0000, 0x0000, 0x0000, 0x0000, 0x0000, 0x0020, 0x0861, 0x0861,
  0x0861, 0x0861, 0x0020, 0x0000, 0x0000, 0x0000, 0x0000, 0x18E3, 0x3165, 0x18C2, 0x10A2, 0x18C2,
  0x18E3, 0x18C2, 0x18E3, 0x18E3, 0x18C2, 0x18E3, 0x18C2, 0x18E3, 0x18E3, 0x18E3, 0x18C2, 0x18A2,
  0x3184, 0x732B, 0x83ED, 0x7B8C, 0x6B0A, 0x7BAC, 0x4A27, 0x20C2, 0x2923, 0x2923, 0x2923, 0x2923,
  0x2923, 0x2903, 0x2903, 0x2903, 0x2923, 0x2903, 0x2903, 0x2903, 0x2903, 0x2903, 0x2923, 0x2923,
  0x2923, 0x2923, 0x2923, 0x2923, 0x2923, 0x2923, 0x2923, 0x2943, 0x2944, 0x2944, 0x2944, 0x2944,
  0x2944, 0x2944, 0x3164, 0x3164, 0x2944, 0x3164, 0x3164, 0x3164, 0x3184, 0x3184, 0x3164, 0x3164,
  0x3184, 0x3185, 0x3164, 0x3164, 0x2944, 0x2943, 0x2943, 0x2944, 0x2944, 0x2964, 0x2964, 0x2944,
  0x2944, 0x2103, 0x10A2, 0x10A2, 0x10A2, 0x10A2, 0x10A2, 0x10A2, 0x10A2, 0x18A2, 0x2103, 0x3185,
  0x3164, 0x2923, 0x2944, 0x1081, 0x1081, 0x10A2, 0x1081, 0x1081, 0x1081, 0x1081, 0x1081, 0x1082,
  0x10A2, 0x10A2, 0x18C2, 0x18E2, 0x18E3, 0x18E3, 0x10A2, 0x10A2, 0x1081, 0x1081, 0x10A1, 0x1081,
  0x10A1, 0x10A1, 0x18A1, 0x2103, 0x18E2, 0x2103, 0x2923, 0x2123, 0x2103, 0x2944, 0x3164, 0x3164,
  0x3164, 0x3164, 0x3164, 0x3164, 0x3164, 0x2944, 0x2944, 0x2944, 0x2944, 0x2944, 0x2944, 0x2944,
  0x2944, 0x2943, 0x2943, 0x2943, 0x2923, 0x2943, 0x2944, 0x2944, 0x2944, 0x2944, 0x2103, 0x2103,
  0x2123, 0x2923, 0x20E3, 0x2123, 0x2944, 0x2944, 0x2944, 0x2923, 0x2943, 0x2943, 0x2923, 0x2923,
  0x2943, 0x2944, 0x2944, 0x2944, 0x2943, 0x2944, 0x3164, 0x3164, 0x3185, 0x3985, 0x3185, 0x3185,
  0x3184, 0x3164, 0x3164, 0x3164, 0x3164, 0x3164, 0x3164, 0x3164, 0x2944, 0x2943, 0x2923, 0x2923,
  0x2923, 0x2923, 0x2923, 0x2923, 0x2923, 0x2103, 0x2103, 0x2103, 0x2103, 0x2103, 0x2103, 0x2103,
  0x2103, 0x2103, 0x2103, 0x2103, 0x10A2, 0x0000, 0x0000, 0x0000, 0x0000, 0x0841, 0x0861, 0x0861,
  0x0861, 0x0861, 0x0020, 0x0000, 0x0000, 0x0000, 0x0000, 0x0000, 0x0000, 0x0000, 0x0000, 0x0000,
  0x0000, 0x0000, 0x0000, 0x0000, 0x0000, 0x0000, 0x0000, 0x0000, 0x0000, 0x0020, 0x0861, 0x0861,
  0x0861, 0x0861, 0x0020, 0x0000, 0x0000, 0x0000, 0x0000, 0x10A2, 0x6B2B, 0x62EA, 0x5268, 0x2923,
  0x18C2, 0x18E3, 0x18C2, 0x18C2, 0x18C3, 0x18E2, 0x18C2, 0x10C2, 0x10A2, 0x18A2, 0x2924, 0x5288,
  0x83EE, 0x83ED, 0x83CD, 0x8C0D, 0x7B6C, 0x732B, 0x734B, 0x39A5, 0x2103, 0x2103, 0x2103, 0x2103,
  0x2103, 0x2103, 0x2103, 0x2103, 0x2103, 0x2103, 0x2103, 0x2103, 0x2903, 0x2903, 0x2903, 0x2903,
  0x2923, 0x2923, 0x2923, 0x2923, 0x2903, 0x2923, 0x2923, 0x2923, 0x2923, 0x2943, 0x2943, 0x2943,
  0x2943, 0x2944, 0x2944, 0x2944, 0x2944, 0x2943, 0x2944, 0x2944, 0x2944, 0x2944, 0x3164, 0x3164,
  0x3164, 0x3164, 0x3164, 0x3164, 0x3164, 0x3164, 0x2964, 0x2943, 0x2944, 0x2943, 0x2943, 0x2943,
  0x2943, 0x2944, 0x20E3, 0x10A1, 0x10A2, 0x1081, 0x10A2, 0x10A2, 0x18A2, 0x2944, 0x2103, 0x2944,
  0x18C2, 0x1081, 0x18C2, 0x1081, 0x10A2, 0x10A2, 0x10A2, 0x10A1, 0x1081, 0x1081, 0x1081, 0x10A2,
  0x10C2, 0x18C2, 0x18E3, 0x2103, 0x2103, 0x2103, 0x18E3, 0x10C2, 0x1081, 0x1081, 0x1081, 0x1081,
  0x0881, 0x1081, 0x18C2, 0x2944, 0x2923, 0x2944, 0x2944, 0x2944, 0x2944, 0x2944, 0x2944, 0x2944,
  0x3164, 0x3164, 0x2944, 0x2944, 0x2944, 0x2944, 0x2944, 0x2944, 0x2944, 0x2944, 0x2944, 0x2944,
  0x2943, 0x2943, 0x2923, 0x2923, 0x2923, 0x2923, 0x2923, 0x2923, 0x2923, 0x2923, 0x2923, 0x2923,
  0x2923, 0x2944, 0x2944, 0x2943, 0x2943, 0x2923, 0x2923, 0x2923, 0x2923, 0x2923, 0x2923, 0x2943,
  0x2944, 0x2944, 0x2944, 0x2923, 0x2944, 0x3184, 0x3185, 0x3184, 0x3185, 0x3185, 0x3185, 0x3184,
  0x3164, 0x3164, 0x3164, 0x3164, 0x3164, 0x2944, 0x2944, 0x2944, 0x2943, 0x2923, 0x2923, 0x2923,
  0x2903, 0x2903, 0x2903, 0x2903, 0x2103, 0x2103, 0x2103, 0x2103, 0x2103, 0x20E3, 0x2103, 0x2103,
  0x2103, 0x2103, 0x2103, 0x2103, 0x0861, 0x0000, 0x0000, 0x0000, 0x0000, 0x0020, 0x0861, 0x0861,
  0x0861, 0x0861, 0x0020, 0x0000, 0x0000, 0x0000, 0x0000, 0x0000, 0x0000, 0x0000, 0x0000, 0x0000,
  0x0000, 0x0000, 0x0000, 0x0000, 0x0000, 0x0000, 0x0000, 0x0000, 0x0000, 0x0020, 0x0861, 0x0841,
  0x0841, 0x0841, 0x0020, 0x0020, 0x0020, 0x0020, 0x0020, 0x0020, 0x41C6, 0x736C, 0x736C, 0x736C,
  0x39A5, 0x1081, 0x18A2, 0x18A2, 0x18C2, 0x18C2, 0x18C2, 0x3164, 0x4A27, 0x62CA, 0x7B8C, 0x83ED,
  0x83AD, 0x83CD, 0x83CD, 0x8C0E, 0x83ED, 0x62A9, 0x6B2B, 0x736C, 0x6B0B, 0x2923, 0x20E3, 0x2103,
  0x2103, 0x2103, 0x2103, 0x2103, 0x2103, 0x2103, 0x2103, 0x2103, 0x2103, 0x2103, 0x2103, 0x2903,
  0x2103, 0x2903, 0x2903, 0x2903, 0x2903, 0x2903, 0x2923, 0x2923, 0x2923, 0x2923, 0x2923, 0x2923,
  0x2923, 0x2923, 0x2943, 0x2943, 0x2943, 0x2943, 0x2923, 0x2943, 0x2943, 0x2944, 0x2944, 0x2944,
  0x2944, 0x3164, 0x2944, 0x3164, 0x3184, 0x3164, 0x3164, 0x2964, 0x2944, 0x2923, 0x2923, 0x2943,
  0x2923, 0x2943, 0x2944, 0x2103, 0x18E2, 0x2944, 0x18C2, 0x10A2, 0x2944, 0x2944, 0x1061, 0x1081,
  0x1081, 0x1082, 0x1081, 0x18C2, 0x18C2, 0x18C2, 0x10A2, 0x10A1, 0x1081, 0x1081, 0x10A2, 0x18C2,
  0x18E3, 0x1903, 0x2103, 0x2924, 0x2944, 0x2124, 0x1903, 0x18C2, 0x18C2, 0x18E2, 0x10A2, 0x1081,
  0x1081, 0x10A2, 0x2944, 0x3184, 0x3164, 0x2944, 0x2943, 0x2923, 0x2923, 0x2923, 0x2923, 0x2943,
  0x2944, 0x2944, 0x2944, 0x2944, 0x2944, 0x2944, 0x2944, 0x2944, 0x2944, 0x2944, 0x2944, 0x2944,
  0x2943, 0x2923, 0x2923, 0x2923, 0x2923, 0x2923, 0x2923, 0x2923, 0x2923, 0x2923, 0x2923, 0x2923,
  0x2943, 0x2944, 0x2943, 0x2943, 0x2943, 0x2923, 0x2923, 0x2923, 0x2923, 0x2943, 0x2944, 0x2944,
  0x2944, 0x2943, 0x2944, 0x3164, 0x3185, 0x3184, 0x3184, 0x3184, 0x3184, 0x3184, 0x3164, 0x3164,
  0x3164, 0x3164, 0x2944, 0x2944, 0x2944, 0x2944, 0x2944, 0x2923, 0x2923, 0x2923, 0x2923, 0x2903,
  0x2103, 0x2103, 0x2103, 0x2103, 0x2103, 0x2103, 0x2103, 0x2103, 0x2103, 0x20E3, 0x20E3, 0x2103,
  0x2103, 0x20E2, 0x2103, 0x18C3, 0x0841, 0x0020, 0x0020, 0x0020, 0x0020, 0x0841, 0x0841, 0x0841,
  0x0841, 0x0861, 0x0020, 0x0000, 0x0000, 0x0000, 0x0000, 0x0000, 0x0000, 0x0000, 0x0000, 0x0000,
  0x0000, 0x0000, 0x0000, 0x0000, 0x0000, 0x0000, 0x0000, 0x0000, 0x0000, 0x0000, 0x0000, 0x0000,
  0x0000, 0x0000, 0x0841, 0x0861, 0x0861, 0x0861, 0x1082, 0x0020, 0x0840, 0x6B0A, 0x7B6C, 0x7B8C,
  0x736C, 0x5AA9, 0x62C9, 0x5AA9, 0x62EA, 0x62EA, 0x6B0A, 0x83AD, 0x83CD, 0x7B6C, 0x7B8C, 0x944F,
  0x8C0E, 0x83CD, 0x944F, 0x9CB0, 0xA4F1, 0x8C0E, 0x736B, 0x7B8C, 0x83ED, 0x62CA, 0x18A2, 0x20E3,
  0x2103, 0x20E3, 0x20E3, 0x20E3, 0x20E3, 0x20E3, 0x20E3, 0x2103, 0x2103, 0x2103, 0x2103, 0x2103,
  0x2103, 0x2103, 0x2103, 0x2103, 0x2903, 0x2903, 0x2903, 0x2923, 0x2903, 0x2903, 0x2903, 0x2923,
  0x2923, 0x2923, 0x2923, 0x2923, 0x2943, 0x2923, 0x2923, 0x2923, 0x2944, 0x2944, 0x2944, 0x2944,
  0x2944, 0x2944, 0x3164, 0x3185, 0x39A5, 0x3184, 0x3164, 0x3164, 0x3164, 0x3164, 0x2944, 0x2943,
  0x2923, 0x2944, 0x2943, 0x2943, 0x3184, 0x39A5, 0x3985, 0x3185, 0x39C5, 0x2964, 0x18C2, 0x1081,
  0x1081, 0x18C2, 0x2103, 0x20E3, 0x18C2, 0x10A2, 0x1081, 0x1081, 0x10A2, 0x18C2, 0x18E3, 0x2103,
  0x2103, 0x2124, 0x2123, 0x2944, 0x2944, 0x2103, 0x18E3, 0x18C2, 0x2944, 0x2944, 0x18C2, 0x18A2,
  0x18A2, 0x2924, 0x3185, 0x3985, 0x3184, 0x3164, 0x2944, 0x2923, 0x2923, 0x2923, 0x2923, 0x2923,
  0x2923, 0x2944, 0x2943, 0x2943, 0x2944, 0x2943, 0x2943, 0x2944, 0x2944, 0x2943, 0x2923, 0x2943,
  0x2943, 0x2923, 0x2923, 0x2923, 0x2923, 0x2923, 0x2923, 0x2923, 0x2923, 0x2923, 0x2923, 0x2944,
  0x2943, 0x2923, 0x2943, 0x2943, 0x2923, 0x2943, 0x2943, 0x2923, 0x2943, 0x2943, 0x2943, 0x2943,
  0x2923, 0x2944, 0x3164, 0x3164, 0x3184, 0x3184, 0x3164, 0x3164, 0x3164, 0x3164, 0x3164, 0x3164,
  0x2944, 0x2944, 0x2944, 0x2944, 0x2944, 0x2923, 0x2923, 0x2923, 0x2923, 0x2923, 0x2903, 0x2103,
  0x2103, 0x2103, 0x2103, 0x2103, 0x2103, 0x20E3, 0x2103, 0x2103, 0x20E3, 0x20E3, 0x20E3, 0x20E3,
  0x18E3, 0x18E3, 0x20E3, 0x0020, 0x0020, 0x0861, 0x0861, 0x0861, 0x0861, 0x0841, 0x0000, 0x0000,
  0x0000, 0x0000, 0x0000, 0x0000, 0x0000, 0x0000, 0x0000, 0x0000, 0x0000, 0x0000, 0x0000, 0x0000,
  0x0000, 0x0000, 0x0000, 0x0000, 0x0000, 0x0000, 0x0000, 0x0000, 0x0000, 0x0000, 0x0000, 0x0000,
  0x0000, 0x0000, 0x0841, 0x0861, 0x0861, 0x0861, 0x0861, 0x0020, 0x0000, 0x4207, 0x8C2F, 0x7B8D,
  0x7B8D, 0x83CD, 0x83CD, 0x8BED, 0x83CD, 0x83CD, 0x83AC, 0x7B8C, 0x83ED, 0x942F, 0xA4B1, 0xAD12,
  0xAD12, 0xA4F1, 0xACF1, 0xA4D1, 0xACF1, 0xB573, 0xAD32, 0x942F, 0x7B8C, 0x7B8C, 0x4A07, 0x1081,
  0x20E3, 0x2103, 0x20E3, 0x20E3, 0x20E3, 0x20E3, 0x20E3, 0x20E3, 0x2103, 0x2103, 0x2103, 0x2103,
  0x2103, 0x2103, 0x2103, 0x2103, 0x2103, 0x2103, 0x2103, 0x2103, 0x2103, 0x2103, 0x2903, 0x2903,
  0x2903, 0x2923, 0x2923, 0x2923, 0x2923, 0x2923, 0x2923, 0x2923, 0x2943, 0x2944, 0x2944, 0x2943,
  0x2943, 0x3164, 0x3164, 0x3184, 0x3184, 0x3185, 0x3185, 0x3164, 0x2944, 0x2944, 0x3164, 0x3164,
  0x3164, 0x3985, 0x39A5, 0x39A5, 0x39A5, 0x39A5, 0x3985, 0x2944, 0x3185, 0x4206, 0x2103, 0x1081,
  0x18C2, 0x2103, 0x20E2, 0x10A2, 0x1081, 0x1081, 0x10A2, 0x10A2, 0x18C2, 0x20E3, 0x2944, 0x3164,
  0x3185, 0x3165, 0x2944, 0x2944, 0x2944, 0x2924, 0x2123, 0x2944, 0x31A6, 0x2964, 0x2923, 0x2103,
  0x20E2, 0x18C2, 0x10A2, 0x2123, 0x3184, 0x3184, 0x3164, 0x3164, 0x3164, 0x3164, 0x2944, 0x2944,
  0x2923, 0x2923, 0x2923, 0x2923, 0x2923, 0x2923, 0x2923, 0x2923, 0x2923, 0x2923, 0x2923, 0x2923,
  0x2923, 0x2923, 0x2923, 0x2923, 0x2923, 0x2923, 0x2923, 0x2923, 0x2923, 0x2944, 0x2944, 0x2943,
  0x2923, 0x2923, 0x2923, 0x2923, 0x2944, 0x2944, 0x2944, 0x2944, 0x2943, 0x2923, 0x2923, 0x2923,
  0x2944, 0x3185, 0x3164, 0x3164, 0x3164, 0x3164, 0x3164, 0x3164, 0x3164, 0x2944, 0x2944, 0x2944,
  0x2944, 0x2944, 0x2944, 0x2943, 0x2923, 0x2923, 0x2923, 0x2923, 0x2903, 0x2903, 0x2103, 0x2103,
  0x2103, 0x2103, 0x2103, 0x2103, 0x20E3, 0x20E3, 0x20E3, 0x20E3, 0x20E3, 0x18E3, 0x20E3, 0x20E3,
  0x18E3, 0x20E3, 0x10A2, 0x0000, 0x0020, 0x0861, 0x0861, 0x0861, 0x0861, 0x0841, 0x0000, 0x0000,
  0x0000, 0x0000, 0x0000, 0x0000, 0x0000, 0x0000, 0x0000, 0x0000, 0x0000, 0x0000, 0x0000, 0x0000,
  0x0000, 0x0000, 0x0000, 0x0000, 0x0000, 0x0000, 0x0000, 0x0000, 0x0000, 0x0000, 0x0000, 0x0000,
  0x0000, 0x0000, 0x0841, 0x0861, 0x0861, 0x0861, 0x0861, 0x0020, 0x0000, 0x1061, 0x736C, 0x7B8C,
  0x7B6C, 0x7B8C, 0x7B8C, 0x7B8C, 0x7B6C, 0x7BAC, 0x8C0E, 0x9C6F, 0xA4F1, 0xAD12, 0xA4F1, 0xA4F1,
  0xAD12, 0xAD12, 0xAD12, 0xAD12, 0xAD32, 0xB553, 0xB573, 0xB553, 0x9C90, 0x7B8C, 0x7B8C, 0x5268,
  0x20E3, 0x18C2, 0x20E3, 0x20E3, 0x20E2, 0x20E3, 0x20E3, 0x20E3, 0x20E3, 0x20E3, 0x2103, 0x2103,
  0x2103, 0x2103, 0x2103, 0x2103, 0x2103, 0x2103, 0x2103, 0x2103, 0x2103, 0x2103, 0x2103, 0x2103,
  0x2103, 0x2103, 0x2103, 0x2903, 0x2923, 0x2923, 0x2923, 0x2923, 0x2923, 0x2943, 0x2943, 0x2923,
  0x2944, 0x3164, 0x3164, 0x3164, 0x3164, 0x3164, 0x3164, 0x3164, 0x3164, 0x3164, 0x2964, 0x3164,
  0x39A5, 0x39A5, 0x3164, 0x3985, 0x39A5, 0x2923, 0x18A2, 0x1081, 0x10A1, 0x2103, 0x18A1, 0x20E3,
  0x2103, 0x18C2, 0x20E2, 0x20E3, 0x20E2, 0x18C2, 0x20E3, 0x20E3, 0x20E2, 0x20E2, 0x2923, 0x3164,
  0x3184, 0x39A5, 0x3185, 0x3164, 0x3164, 0x3164, 0x3185, 0x39C6, 0x39A5, 0x3164, 0x3164, 0x2923,
  0x2103, 0x18A2, 0x10A2, 0x1081, 0x2944, 0x2103, 0x18C2, 0x3164, 0x3164, 0x2944, 0x3164, 0x3164,
  0x2944, 0x2923, 0x2923, 0x2923, 0x2923, 0x2923, 0x2923, 0x2923, 0x2923, 0x2923, 0x2923, 0x2923,
  0x2923, 0x2923, 0x2923, 0x2923, 0x2923, 0x2923, 0x2923, 0x2923, 0x2923, 0x2923, 0x2923, 0x2923,
  0x2923, 0x2923, 0x2923, 0x2943, 0x2944, 0x2944, 0x2923, 0x2923, 0x2923, 0x2103, 0x2103, 0x2923,
  0x3164, 0x3164, 0x2944, 0x2944, 0x2944, 0x2944, 0x2944, 0x2944, 0x2944, 0x2944, 0x2943, 0x2943,
  0x2923, 0x2923, 0x2923, 0x2923, 0x2923, 0x2923, 0x2923, 0x2923, 0x2103, 0x2103, 0x2103, 0x2103,
  0x20E3, 0x20E3, 0x2103, 0x2103, 0x2103, 0x2103, 0x2103, 0x20E3, 0x20E3, 0x18E3, 0x20E3, 0x20E3,
  0x18E3, 0x18E3, 0x0820, 0x0000, 0x0020, 0x0861, 0x0861, 0x0861, 0x0861, 0x0020, 0x0000, 0x0000,
  0x0000, 0x0000, 0x0000, 0x0000, 0x0000, 0x0000, 0x0000, 0x0000, 0x0000, 0x0000, 0x0000, 0x0000,
  0x0000, 0x0000, 0x0000, 0x0000, 0x0000, 0x0000, 0x0000, 0x0000, 0x0000, 0x0000, 0x0000, 0x0000,
  0x0000, 0x0000, 0x0841, 0x0861, 0x0861, 0x0861, 0x0861, 0x0020, 0x0000, 0x0000, 0x3185, 0x736C,
  0x732B, 0x7B8C, 0x83CD, 0x8C0E, 0x944F, 0x9CB0, 0xA4F1, 0xA4D1, 0xA4B1, 0x9CB0, 0xA4D1, 0xA4F1,
  0xAD12, 0xAD32, 0xAD32, 0xAD33, 0xB532, 0xB532, 0xB533, 0xAD32, 0xAD12, 0xAD12, 0x946F, 0x8BED,
  0x734B, 0x62CA, 0x18C2, 0x18C2, 0x20E3, 0x20E3, 0x20E3, 0x20E3, 0x20E3, 0x18E3, 0x20E3, 0x20E3,
  0x20E3, 0x20E3, 0x2103, 0x2103, 0x2103, 0x2103, 0x2103, 0x2103, 0x2103, 0x2103, 0x2103, 0x2103,
  0x2103, 0x2103, 0x2103, 0x2103, 0x2103, 0x2103, 0x2103, 0x2923, 0x2923, 0x2923, 0x2923, 0x2943,
  0x2943, 0x2944, 0x2944, 0x2944, 0x2944, 0x2944, 0x3164, 0x3164, 0x3164, 0x3164, 0x3164, 0x3164,
  0x3184, 0x2944, 0x18C2, 0x2923, 0x2943, 0x1081, 0x18A2, 0x18C2, 0x18C2, 0x10A2, 0x20E2, 0x2943,
  0x2923, 0x2103, 0x2944, 0x2944, 0x2923, 0x2103, 0x2903, 0x2923, 0x2103, 0x2103, 0x2103, 0x2923,
  0x3164, 0x39A5, 0x39A5, 0x3184, 0x3184, 0x39A5, 0x3985, 0x3985, 0x3184, 0x3164, 0x3184, 0x3184,
  0x2944, 0x20E3, 0x18C2, 0x18C2, 0x2944, 0x20E2, 0x2923, 0x3164, 0x2944, 0x2944, 0x2944, 0x2944,
  0x2944, 0x2944, 0x2944, 0x2943, 0x2943, 0x2943, 0x2923, 0x2923, 0x2923, 0x2923, 0x2923, 0x2923,
  0x2923, 0x2923, 0x2923, 0x2943, 0x2923, 0x2923, 0x2923, 0x2923, 0x2923, 0x2923, 0x2923, 0x2923,
  0x2923, 0x2923, 0x2923, 0x2923, 0x2923, 0x2923, 0x2103, 0x2103, 0x2102, 0x2923, 0x2944, 0x3164,
  0x2944, 0x2944, 0x2943, 0x2944, 0x2944, 0x2943, 0x2943, 0x2923, 0x2923, 0x2923, 0x2923, 0x2903,
  0x2103, 0x2103, 0x2103, 0x2103, 0x2103, 0x2103, 0x2103, 0x2103, 0x2103, 0x2103, 0x2103, 0x20E3,
  0x20E3, 0x20E3, 0x20E3, 0x2103, 0x2103, 0x2102, 0x2102, 0x20E2, 0x20E3, 0x18E3, 0x20E3, 0x18E3,
  0x18E3, 0x1082, 0x0000, 0x0000, 0x0020, 0x0861, 0x0861, 0x0861, 0x0861, 0x0020, 0x0000, 0x0000,
  0x0000, 0x0000, 0x0000, 0x0000, 0x0000, 0x0000, 0x0000, 0x0000, 0x0000, 0x0000, 0x0000, 0x0000,
  0x0000, 0x0000, 0x0000, 0x0000, 0x0000, 0x0000, 0x0000, 0x0000, 0x0000, 0x0000, 0x0020, 0x0020,
  0x0020, 0x0020, 0x0841, 0x0841, 0x0841, 0x0841, 0x0841, 0x0020, 0x0020, 0x0020, 0x0820, 0x6B2B,
  0x942E, 0x9C6F, 0x9C90, 0x9CB0, 0x9CB0, 0x9CB0, 0x9CB0, 0x9CB0, 0x9CB0, 0xA4D1, 0xA4F1, 0xAD12,
  0xAD32, 0xAD32, 0xAD33, 0xAD33, 0xB533, 0xB532, 0xAD12, 0xAD32, 0xAD32, 0xB533, 0xB553, 0x9C90,
  0x83AC, 0x83CD, 0x62C9, 0x18C2, 0x10A1, 0x18A2, 0x18C2, 0x20E3, 0x18E3, 0x18E3, 0x18E3, 0x18E3,
  0x18E3, 0x18E3, 0x2103, 0x20E3, 0x2103, 0x2103, 0x20E3, 0x2103, 0x2103, 0x2103, 0x2103, 0x2103,
  0x2103, 0x2103, 0x2103, 0x2103, 0x2103, 0x2103, 0x2103, 0x2903, 0x2923, 0x2923, 0x2923, 0x2923,
  0x2923, 0x2923, 0x2923, 0x2943, 0x2943, 0x2944, 0x2944, 0x2944, 0x2944, 0x3164, 0x3164, 0x2944,
  0x3164, 0x2923, 0x2103, 0x3184, 0x3184, 0x3164, 0x3185, 0x2944, 0x20E2, 0x20E2, 0x20E2, 0x2903,
  0x3984, 0x39A5, 0x3144, 0x2944, 0x2944, 0x2944, 0x2944, 0x2944, 0x2923, 0x2923, 0x2923, 0x2944,
  0x2103, 0x18C2, 0x3164, 0x39A5, 0x39A5, 0x39A5, 0x3184, 0x3184, 0x3184, 0x3984, 0x3184, 0x3164,
  0x2923, 0x18C2, 0x2103, 0x2944, 0x3184, 0x2944, 0x2944, 0x2944, 0x2944, 0x2944, 0x2944, 0x2943,
  0x2944, 0x2944, 0x2944, 0x2944, 0x3164, 0x3164, 0x2944, 0x2923, 0x2923, 0x2923, 0x2903, 0x2103,
  0x2923, 0x2923, 0x2923, 0x2923, 0x2923, 0x2923, 0x2923, 0x2103, 0x2923, 0x3164, 0x3164, 0x2923,
  0x2923, 0x2944, 0x2944, 0x2923, 0x2103, 0x2103, 0x2103, 0x2103, 0x2943, 0x3164, 0x2944, 0x2944,
  0x2923, 0x2923, 0x2923, 0x2923, 0x2923, 0x2923, 0x2923, 0x2103, 0x2103, 0x2103, 0x2103, 0x2103,
  0x2103, 0x2103, 0x2103, 0x2103, 0x2103, 0x2103, 0x2103, 0x2103, 0x20E3, 0x20E3, 0x20E3, 0x20E3,
  0x20E3, 0x20E3, 0x20E3, 0x1903, 0x18E2, 0x18E2, 0x18E3, 0x20E2, 0x20E3, 0x18E3, 0x18E3, 0x18E3,
  0x18E3, 0x0841, 0x0020, 0x0020, 0x0841, 0x0841, 0x0841, 0x0841, 0x0841, 0x0841, 0x0020, 0x0020,
  0x0020, 0x0020, 0x0000, 0x0000, 0x0000, 0x0000, 0x0000, 0x0000, 0x0000, 0x0000, 0x0000, 0x0000,
  0x0000, 0x0000, 0x0000, 0x0000, 0x0000, 0x0000, 0x0000, 0x0000, 0x0000, 0x0020, 0x0861, 0x0861,
  0x0861, 0x0861, 0x0020, 0x0000, 0x0000, 0x0000, 0x0000, 0x0841, 0x1082, 0x0862, 0x0000, 0x4A28,
  0xACF1, 0x944F, 0x942E, 0x944F, 0x9C6F, 0x9C90, 0x9C90, 0xA4D1, 0xAD12, 0xA4D1, 0xA4F1, 0xAD12,
  0xAD12, 0xAD32, 0xB553, 0xB553, 0xB532, 0xAD12, 0xACF2, 0xAD32, 0xB573, 0xB553, 0xAD12, 0xACF2,
  0x9CB0, 0x83CD, 0x7BCD, 0x734B, 0x5247, 0x39A5, 0x2924, 0x18C2, 0x18E3, 0x18E3, 0x18E3, 0x18E3,
  0x18E3, 0x18E3, 0x18E3, 0x18E3, 0x18E3, 0x20E3, 0x20E3, 0x20E3, 0x2103, 0x2103, 0x2103, 0x2103,
  0x2103, 0x2103, 0x2103, 0x2103, 0x2103, 0x2103, 0x2103, 0x2103, 0x2103, 0x2103, 0x2103, 0x2923,
  0x2923, 0x2923, 0x2923, 0x2923, 0x2923, 0x2923, 0x2923, 0x2923, 0x2944, 0x3164, 0x2944, 0x2944,
  0x2944, 0x3164, 0x3164, 0x3184, 0x3184, 0x3184, 0x3184, 0x3185, 0x3184, 0x39A5, 0x3164, 0x3164,
  0x3164, 0x41A5, 0x3985, 0x3164, 0x3184, 0x39A5, 0x3985, 0x3144, 0x3164, 0x3164, 0x2944, 0x2923,
  0x18E2, 0x20E3, 0x3164, 0x3184, 0x3985, 0x3985, 0x3184, 0x3184, 0x3184, 0x3184, 0x2943, 0x2102,
  0x2102, 0x3164, 0x39A5, 0x3164, 0x2943, 0x2943, 0x2943, 0x2944, 0x3144, 0x3164, 0x3164, 0x2944,
  0x2923, 0x2943, 0x2943, 0x2944, 0x2944, 0x2943, 0x2944, 0x3164, 0x2923, 0x2103, 0x2103, 0x2923,
  0x2923, 0x2923, 0x2923, 0x2923, 0x2923, 0x2923, 0x2923, 0x2944, 0x3184, 0x3185, 0x3185, 0x3164,
  0x3164, 0x3164, 0x3164, 0x2944, 0x2103, 0x2923, 0x3164, 0x3164, 0x3164, 0x2944, 0x2943, 0x2923,
  0x2923, 0x2923, 0x2923, 0x2923, 0x2903, 0x2103, 0x2103, 0x20E3, 0x20E3, 0x2103, 0x2103, 0x20E3,
  0x18C2, 0x18C2, 0x18C2, 0x20E2, 0x20E2, 0x20E3, 0x2103, 0x20E2, 0x20E3, 0x20E3, 0x20E3, 0x20E3,
  0x20E3, 0x20E3, 0x20E3, 0x2103, 0x18E3, 0x18E3, 0x18E3, 0x18E3, 0x18E3, 0x18E3, 0x18E3, 0x18E3,
  0x18A2, 0x0861, 0x0861, 0x1081, 0x0841, 0x0000, 0x0000, 0x0000, 0x0000, 0x0841, 0x0861, 0x0861,
  0x0861, 0x0861, 0x0020, 0x0000, 0x0000, 0x0000, 0x0000, 0x0000, 0x0000, 0x0000, 0x0000, 0x0000,
  0x0000, 0x0000, 0x0000, 0x0000, 0x0000, 0x0000, 0x0000, 0x0000, 0x0000, 0x0020, 0x0861, 0x0861,
  0x0861, 0x0861, 0x0020, 0x0000, 0x0000, 0x0000, 0x0000, 0x0841, 0x0861, 0x0861, 0x0862, 0x1081,
  0x6B2B, 0x83CD, 0x8BED, 0x8C2E, 0x946F, 0x9C90, 0xA4D0, 0xACF2, 0xAD12, 0xA4F1, 0xAD12, 0xAD12,
  0xAD32, 0xB533, 0xB533, 0xAD12, 0xA4D1, 0xA4D1, 0xA4B1, 0xAD12, 0xB553, 0xAD12, 0xAD12, 0xACF2,
  0xA4F1, 0x9CB0, 0x7B8C, 0x83AD, 0x8C0E, 0x8BEE, 0x736C, 0x20E3, 0x18A2, 0x18E3, 0x18C2, 0x18E3,
  0x18E3, 0x18C2, 0x18E3, 0x18E3, 0x18E3, 0x18E3, 0x18E3, 0x20E3, 0x20E3, 0x20E3, 0x20E3, 0x20E3,
  0x20E3, 0x2103, 0x2103, 0x2103, 0x2103, 0x2103, 0x20E3, 0x2103, 0x2103, 0x2103, 0x2103, 0x2103,
  0x2903, 0x2923, 0x2923, 0x2923, 0x2923, 0x2923, 0x2923, 0x2943, 0x2944, 0x2944, 0x2944, 0x2944,
  0x2944, 0x2944, 0x2944, 0x2944, 0x3164, 0x3164, 0x3164, 0x3164, 0x3184, 0x39A5, 0x41E6, 0x4A06,
  0x49E6, 0x41C6, 0x4A06, 0x4A06, 0x4A06, 0x4A06, 0x41E6, 0x3985, 0x3144, 0x2944, 0x2923, 0x2923,
  0x3164, 0x3164, 0x3164, 0x2923, 0x2943, 0x3184, 0x4206, 0x39A5, 0x3164, 0x2923, 0x2102, 0x2944,
  0x39A5, 0x5247, 0x4A07, 0x41C5, 0x3985, 0x41C5, 0x41C5, 0x39A5, 0x39A5, 0x39A5, 0x39A5, 0x3185,
  0x3184, 0x3164, 0x2923, 0x2923, 0x2923, 0x2923, 0x2944, 0x2944, 0x2943, 0x2923, 0x2103, 0x2923,
  0x2923, 0x2903, 0x2103, 0x2923, 0x2944, 0x3164, 0x3164, 0x3164, 0x3164, 0x3184, 0x3164, 0x3164,
  0x3164, 0x3164, 0x3164, 0x2944, 0x2944, 0x3164, 0x3164, 0x3164, 0x2944, 0x2944, 0x2923, 0x2923,
  0x2923, 0x2923, 0x2923, 0x2103, 0x2103, 0x2103, 0x2103, 0x2103, 0x20E3, 0x18C2, 0x20E2, 0x2123,
  0x3164, 0x3185, 0x41E6, 0x4A07, 0x3164, 0x2103, 0x18E2, 0x18C2, 0x18E2, 0x20E3, 0x18E3, 0x18E3,
  0x18E3, 0x18E3, 0x18E3, 0x18E3, 0x18E3, 0x18E3, 0x18E3, 0x18E3, 0x18E3, 0x18E3, 0x18E3, 0x18C2,
  0x1081, 0x0861, 0x0861, 0x0861, 0x0841, 0x0000, 0x0000, 0x0000, 0x0000, 0x0020, 0x0861, 0x0861,
  0x0861, 0x0861, 0x0020, 0x0000, 0x0000, 0x0000, 0x0000, 0x0000, 0x0000, 0x0000, 0x0000, 0x0000,
  0x0000, 0x0000, 0x0000, 0x0000, 0x0000, 0x0000, 0x0000, 0x0000, 0x0000, 0x0020, 0x0861, 0x0861,
  0x0861, 0x0861, 0x0020, 0x0000, 0x0000, 0x0000, 0x0000, 0x0841, 0x0861, 0x0861, 0x1082, 0x0841,
  0x2103, 0x7B8C, 0x83CD, 0x8C2E, 0x946F, 0x9C6F, 0xA4B1, 0xAD12, 0xACF1, 0xA4F1, 0xAD12, 0xAD12,
  0xAD32, 0xB553, 0xAD12, 0xA4B1, 0x9CB0, 0xA4B1, 0xA4D1, 0xA4F1, 0xA4D1, 0xAD12, 0xAD12, 0xAD12,
  0xAD12, 0xA4B1, 0x946F, 0x7B8C, 0x7BAC, 0x7BAC, 0x83CD, 0x5268, 0x18C2, 0x18E2, 0x18E2, 0x18C2,
  0x18C2, 0x18C2, 0x18E3, 0x18E3, 0x18E3, 0x18E3, 0x18E3, 0x20E3, 0x18E3, 0x20E3, 0x20E3, 0x20E3,
  0x20E3, 0x20E3, 0x20E3, 0x20E3, 0x20E3, 0x20E3, 0x20E3, 0x20E3, 0x2103, 0x2103, 0x2103, 0x2103,
  0x2103, 0x2103, 0x2923, 0x2923, 0x2923, 0x2923, 0x2923, 0x2923, 0x2923, 0x2923, 0x2923, 0x2923,
  0x2923, 0x2943, 0x2943, 0x2943, 0x2944, 0x2944, 0x3164, 0x3164, 0x3184, 0x39A5, 0x41C6, 0x41C6,
  0x41E6, 0x4206, 0x4A06, 0x4A27, 0x4A27, 0x4206, 0x4A27, 0x5268, 0x41E6, 0x41C6, 0x3184, 0x3144,
  0x3164, 0x3985, 0x2923, 0x20E2, 0x2943, 0x4A06, 0x5268, 0x5248, 0x41E6, 0x3164, 0x39C5, 0x5268,
  0x5247, 0x4A27, 0x4A06, 0x41E6, 0x41C6, 0x41E6, 0x41E6, 0x39C5, 0x39A5, 0x39A5, 0x31A5, 0x3184,
  0x3184, 0x3164, 0x3164, 0x2923, 0x2923, 0x2944, 0x2943, 0x2923, 0x2943, 0x3164, 0x2943, 0x2923,
  0x2103, 0x2103, 0x2103, 0x2944, 0x3164, 0x2944, 0x2944, 0x2944, 0x2944, 0x3164, 0x3164, 0x3164,
  0x3164, 0x2944, 0x2944, 0x2944, 0x2944, 0x2944, 0x2943, 0x2943, 0x2943, 0x2923, 0x2923, 0x2923,
  0x2923, 0x2923, 0x2103, 0x2103, 0x2103, 0x20E3, 0x20E3, 0x18E3, 0x20E3, 0x3164, 0x4A47, 0x5268,
  0x62C9, 0x62EA, 0x62EA, 0x62EA, 0x62CA, 0x5AA9, 0x5248, 0x4A27, 0x2944, 0x18C2, 0x18C2, 0x18E3,
  0x18C2, 0x18C2, 0x18A2, 0x18C2, 0x18C3, 0x18C2, 0x18E3, 0x18E3, 0x18C2, 0x18C2, 0x18C2, 0x1081,
  0x0861, 0x0861, 0x0861, 0x0861, 0x0020, 0x0000, 0x0000, 0x0000, 0x0000, 0x0020, 0x0861, 0x0861,
  0x0861, 0x0861, 0x0020, 0x0000, 0x0000, 0x0000, 0x0000, 0x0000, 0x0000, 0x0000, 0x0000, 0x0000,
  0x0000, 0x0000, 0x0000, 0x0000, 0x0000, 0x0000, 0x0000, 0x0000, 0x0000, 0x0020, 0x0861, 0x0861,
  0x0861, 0x0861, 0x0020, 0x0000, 0x0000, 0x0000, 0x0000, 0x0841, 0x1082, 0x1082, 0x0861, 0x1082,
  0x0000, 0x4A28, 0x8C2E, 0x8C0E, 0x944F, 0x944F, 0x9C70, 0xA4F1, 0xA4D1, 0xA4D1, 0xACF1, 0xAD12,
  0xAD12, 0xAD12, 0xAD12, 0xAD12, 0xA4F1, 0xA4D1, 0xA4D1, 0xA4B1, 0x9CB0, 0xA4D1, 0xAD12, 0xAD12,
  0xAD12, 0x9C70, 0x9C90, 0x942F, 0x7B8C, 0x7B8C, 0x7BAC, 0x7B8C, 0x734C, 0x3164, 0x10A2, 0x18E2,
  0x18C2, 0x18C2, 0x18E3, 0x18E3, 0x18E3, 0x18E3, 0x18E3, 0x18E3, 0x18E3, 0x18E3, 0x18E3, 0x18E3,
  0x20E3, 0x20E3, 0x20E3, 0x20E3, 0x18E2, 0x20E2, 0x18C2, 0x2944, 0x20E2, 0x18E2, 0x20E3, 0x20E3,
  0x20E3, 0x2103, 0x2923, 0x2923, 0x2923, 0x2923, 0x2923, 0x2923, 0x2923, 0x2923, 0x2923, 0x2923,
  0x2923, 0x2923, 0x2943, 0x2944, 0x2944, 0x2944, 0x2944, 0x2944, 0x3164, 0x31A5, 0x39A5, 0x39A5,
  0x41C5, 0x41E6, 0x4206, 0x4206, 0x4A06, 0x4A27, 0x4A27, 0x4A47, 0x5247, 0x5247, 0x5248, 0x4A06,
  0x41E6, 0x4A27, 0x41E6, 0x41E6, 0x5248, 0x5247, 0x4A27, 0x4A47, 0x5247, 0x4A47, 0x4A27, 0x4A06,
  0x4206, 0x41C6, 0x41A5, 0x3985, 0x3184, 0x3184, 0x3985, 0x3184, 0x3184, 0x3185, 0x3184, 0x3164,
  0x3164, 0x3164, 0x2944, 0x2943, 0x2923, 0x2923, 0x2923, 0x2943, 0x2944, 0x2944, 0x2944, 0x2944,
  0x2923, 0x2903, 0x2923, 0x2943, 0x2923, 0x2923, 0x2923, 0x2923, 0x2944, 0x3164, 0x2944, 0x2944,
  0x2944, 0x2943, 0x2923, 0x2923, 0x2923, 0x2923, 0x2923, 0x2923, 0x2923, 0x2923, 0x2923, 0x2923,
  0x2923, 0x2103, 0x2103, 0x20E2, 0x2103, 0x2944, 0x2903, 0x3185, 0x5248, 0x5AA9, 0x5A89, 0x5A89,
  0x62A9, 0x62A9, 0x62C9, 0x5AA9, 0x62A9, 0x62CA, 0x62EA, 0x62CA, 0x5AA9, 0x41E6, 0x2123, 0x2103,
  0x20E2, 0x2944, 0x39A6, 0x2944, 0x18E2, 0x20E3, 0x18E2, 0x18E2, 0x39A5, 0x41E6, 0x20E3, 0x0020,
  0x0861, 0x0861, 0x0861, 0x0861, 0x0841, 0x0000, 0x0000, 0x0000, 0x0000, 0x0020, 0x0861, 0x0861,
  0x0861, 0x0861, 0x0020, 0x0000, 0x0000, 0x0000, 0x0000, 0x0000, 0x0000, 0x0000, 0x0000, 0x0000,
  0x0000, 0x0000, 0x0000, 0x0000, 0x0000, 0x0000, 0x0000, 0x0000, 0x0000, 0x0000, 0x0841, 0x0841,
  0x0841, 0x0841, 0x0020, 0x0020, 0x0020, 0x0020, 0x0020, 0x0841, 0x0841, 0x0841, 0x0841, 0x0841,
  0x0020, 0x18A2, 0x83EE, 0x8C0E, 0x8C0E, 0x942F, 0x946F, 0xA4D0, 0xA4B0, 0xA4B0, 0xA4B0, 0xA4F1,
  0xA4F1, 0xA4B1, 0xA4F1, 0xACF2, 0xAD12, 0xA4D1, 0x9CB0, 0x9CB0, 0xA4B1, 0xA4B1, 0xA4D1, 0xACF1,
  0xACF2, 0xA4F1, 0x9CB0, 0xA4D1, 0xA4B1, 0x7B8C, 0x7B6C, 0x7BAC, 0x7BAD, 0x6AEA, 0x20E2, 0x10A2,
  0x18E3, 0x18C3, 0x18E3, 0x18E3, 0x18E3, 0x18E3, 0x18E3, 0x18E3, 0x18E3, 0x18E3, 0x18E2, 0x18E3,
  0x20E3, 0x18E3, 0x18C2, 0x18E3, 0x3185, 0x2923, 0x41E6, 0x62EA, 0x39C6, 0x3164, 0x20E3, 0x18C2,
  0x2103, 0x2103, 0x2103, 0x2923, 0x2923, 0x2923, 0x2923, 0x2923, 0x2923, 0x2923, 0x2923, 0x2923,
  0x2923, 0x2944, 0x2944, 0x2944, 0x2944, 0x2943, 0x2943, 0x2944, 0x2944, 0x3164, 0x3164, 0x3184,
  0x39A5, 0x39C5, 0x41C6, 0x41C6, 0x41E6, 0x4206, 0x4206, 0x4A06, 0x4A07, 0x4A27, 0x5247, 0x5247,
  0x4A27, 0x5247, 0x5248, 0x5268, 0x5247, 0x4A27, 0x4A27, 0x4A07, 0x4A07, 0x4A27, 0x4A07, 0x41C6,
  0x39A5, 0x39A5, 0x3985, 0x3184, 0x3164, 0x3164, 0x2944, 0x2943, 0x2943, 0x2923, 0x2923, 0x2103,
  0x2923, 0x2923, 0x2103, 0x2103, 0x2103, 0x2103, 0x2103, 0x2923, 0x2923, 0x2923, 0x2923, 0x2103,
  0x2903, 0x2903, 0x2103, 0x2103, 0x2103, 0x2103, 0x2923, 0x2944, 0x2944, 0x2923, 0x2943, 0x2923,
  0x2923, 0x2923, 0x2923, 0x2923, 0x2923, 0x2923, 0x2923, 0x2923, 0x2923, 0x2923, 0x2103, 0x2103,
  0x2103, 0x2103, 0x20E3, 0x2944, 0x41E6, 0x4A47, 0x5268, 0x5AA9, 0x5AA9, 0x5A88, 0x5A68, 0x62A9,
  0x5AA9, 0x62A9, 0x5AA9, 0x5AA9, 0x5AA9, 0x5AA9, 0x5AA9, 0x5AA9, 0x5AA9, 0x5AA9, 0x5A88, 0x5268,
  0x5248, 0x5A88, 0x5A88, 0x5268, 0x4A27, 0x4A47, 0x4A06, 0x4A07, 0x5268, 0x5A89, 0x20E3, 0x0020,
  0x0841, 0x0841, 0x0841, 0x0841, 0x0020, 0x0020, 0x0020, 0x0020, 0x0020, 0x0841, 0x0841, 0x0841,
  0x0841, 0x0841, 0x0000, 0x0000, 0x0000, 0x0000, 0x0000, 0x0000, 0x0000, 0x0000, 0x0000, 0x0000,
  0x0000, 0x0000, 0x0000, 0x0000, 0x0000, 0x0000, 0x0000, 0x0000, 0x0000, 0x0000, 0x0000, 0x0000,
  0x0000, 0x0000, 0x0841, 0x0861, 0x0861, 0x0861, 0x1082, 0x0020, 0x0000, 0x0000, 0x0000, 0x0000,
  0x1061, 0x0841, 0x4207, 0x8C0E, 0x83CD, 0x8C0E, 0x944F, 0x9CB0, 0xA4B0, 0x9CB0, 0x9CB0, 0xA4D0,
  0xA4D1, 0x9CB0, 0xA4F1, 0xACF2, 0xA4F1, 0xA4D1, 0x9CB0, 0x9CB0, 0xA4B1, 0xA4D1, 0xA4D0, 0xA4D1,
  0xACF2, 0xACF2, 0xAD32, 0xA4D1, 0xA4D1, 0xA4B1, 0xA4B0, 0x83CD, 0x736C, 0x734C, 0x62EA, 0x2123,
  0x18C2, 0x18C2, 0x18C2, 0x18C2, 0x18E2, 0x18E2, 0x18E2, 0x18E3, 0x18E3, 0x18E2, 0x18C2, 0x20E3,
  0x18E2, 0x2103, 0x39C6, 0x4207, 0x5AA9, 0x5AA9, 0x6AEA, 0x62EA, 0x62EA, 0x62EA, 0x5268, 0x3985,
  0x20E2, 0x20E3, 0x2103, 0x2923, 0x2923, 0x2923, 0x2923, 0x2923, 0x2923, 0x2923, 0x2923, 0x2923,
  0x2923, 0x2923, 0x2923, 0x2923, 0x2923, 0x2923, 0x2923, 0x2923, 0x2923, 0x2943, 0x2944, 0x3164,
  0x3185, 0x39A5, 0x39A5, 0x39A5, 0x39C5, 0x39C5, 0x39C5, 0x39C5, 0x41C6, 0x41E6, 0x41E6, 0x4A06,
  0x4A06, 0x4A27, 0x4A27, 0x4A06, 0x41E6, 0x4206, 0x4206, 0x41E6, 0x41E6, 0x41E6, 0x41E6, 0x39C6,
  0x3185, 0x3185, 0x3164, 0x3164, 0x2944, 0x2943, 0x2923, 0x2923, 0x2923, 0x2103, 0x20E3, 0x20E3,
  0x20E3, 0x20E3, 0x20E3, 0x20E3, 0x20E3, 0x2103, 0x2103, 0x20E3, 0x20E3, 0x20E3, 0x18E3, 0x18E3,
  0x20E3, 0x2103, 0x20E3, 0x20E3, 0x2103, 0x2923, 0x2943, 0x2923, 0x2923, 0x2923, 0x2923, 0x2923,
  0x2103, 0x2103, 0x2103, 0x2103, 0x2103, 0x2103, 0x2103, 0x2103, 0x2103, 0x2103, 0x20E3, 0x20E2,
  0x20E2, 0x2103, 0x39C5, 0x5248, 0x5268, 0x5268, 0x5A88, 0x5AA9, 0x5A89, 0x5A88, 0x5A89, 0x5A88,
  0x5A89, 0x5AA9, 0x5AA9, 0x5AA9, 0x5AA9, 0x5AA9, 0x5AA9, 0x5AA9, 0x5A88, 0x5288, 0x5A88, 0x5288,
  0x5A88, 0x5288, 0x5268, 0x5268, 0x5268, 0x5268, 0x5248, 0x5247, 0x5268, 0x39A5, 0x0841, 0x0841,
  0x0000, 0x0000, 0x0000, 0x0000, 0x0020, 0x0861, 0x0861, 0x0861, 0x1082, 0x0841, 0x0000, 0x0000,
  0x0000, 0x0000, 0x0000, 0x0000, 0x0000, 0x0000, 0x0000, 0x0000, 0x0000, 0x0000, 0x0000, 0x0000,
  0x0000, 0x0000, 0x0000, 0x0000, 0x0000, 0x0000, 0x0000, 0x0000, 0x0000, 0x0000, 0x0000, 0x0000,
  0x0000, 0x0000, 0x0841, 0x0861, 0x0861, 0x0861, 0x0861, 0x0020, 0x0000, 0x0000, 0x0000, 0x0000,
  0x0861, 0x0861, 0x0861, 0x630A, 0x83ED, 0x83CD, 0x8C2E, 0x9C90, 0x9CB0, 0x9CB0, 0x9CB0, 0xA4D1,
  0x9CB0, 0x9C90, 0xA4D1, 0xA4D1, 0xA4D1, 0xA4B0, 0xA4B0, 0xA4D1, 0xA4D1, 0xA4D1, 0xA4B0, 0xA4D1,
  0xACF2, 0xA4F1, 0xACF1, 0x9C90, 0x942E, 0x9C90, 0xAD12, 0x9C70, 0x734C, 0x732B, 0x736B, 0x6B2B,
  0x2103, 0x20E3, 0x2923, 0x20E3, 0x18C2, 0x18C2, 0x18C2, 0x18C2, 0x18C2, 0x18E3, 0x18E3, 0x18A2,
  0x2103, 0x5247, 0x5AA9, 0x5A89, 0x5AA9, 0x5AA9, 0x62C9, 0x62CA, 0x62CA, 0x62C9, 0x62EA, 0x62EA,
  0x41E6, 0x20E2, 0x20E3, 0x2103, 0x2923, 0x2923, 0x2923, 0x2923, 0x2923, 0x2923, 0x2903, 0x2903,
  0x2923, 0x2923, 0x2923, 0x2923, 0x2923, 0x2903, 0x2903, 0x2903, 0x2923, 0x2923, 0x2944, 0x3164,
  0x3185, 0x3184, 0x3185, 0x39A5, 0x39A5, 0x3184, 0x3184, 0x3985, 0x3985, 0x39A5, 0x39A5, 0x39C5,
  0x39C5, 0x41C5, 0x41C6, 0x39A5, 0x39A5, 0x39A5, 0x39C5, 0x39A5, 0x39C5, 0x39C5, 0x39A5, 0x3185,
  0x3184, 0x3164, 0x2944, 0x2923, 0x2923, 0x2923, 0x2903, 0x2903, 0x2103, 0x2103, 0x20E3, 0x20E3,
  0x20E3, 0x20E3, 0x2103, 0x20E3, 0x20E3, 0x2103, 0x20E2, 0x20E3, 0x20E3, 0x18E2, 0x18E3, 0x18E3,
  0x18E3, 0x18E3, 0x20E3, 0x2103, 0x2103, 0x2923, 0x2923, 0x2103, 0x2103, 0x2103, 0x2103, 0x2103,
  0x20E3, 0x20E3, 0x20E3, 0x20E3, 0x20E3, 0x2103, 0x2103, 0x2103, 0x20E2, 0x18C2, 0x2103, 0x3144,
  0x2944, 0x41E6, 0x5A88, 0x5268, 0x5268, 0x5267, 0x5268, 0x5A88, 0x5A88, 0x5A88, 0x5A88, 0x5A88,
  0x5A68, 0x5A88, 0x5AA9, 0x5AA9, 0x5A89, 0x5A89, 0x5A88, 0x5A88, 0x5A88, 0x5A88, 0x5268, 0x5268,
  0x5288, 0x5288, 0x5268, 0x5268, 0x5268, 0x5248, 0x4A27, 0x5227, 0x4A27, 0x10A2, 0x0861, 0x0841,
  0x0000, 0x0000, 0x0000, 0x0000, 0x0020, 0x0861, 0x0861, 0x0861, 0x0861, 0x0841, 0x0000, 0x0000,
  0x0000, 0x0000, 0x0000, 0x0000, 0x0000, 0x0000, 0x0000, 0x0000, 0x0000, 0x0000, 0x0000, 0x0000,
  0x0000, 0x0000, 0x0000, 0x0000, 0x0000, 0x0000, 0x0000, 0x0000, 0x0000, 0x0000, 0x0000, 0x0000,
  0x0000, 0x0000, 0x0841, 0x0861, 0x0861, 0x0861, 0x0861, 0x0020, 0x0000, 0x0000, 0x0000, 0x0000,
  0x0861, 0x1082, 0x0841, 0x2104, 0x83CD, 0x83CD, 0x8C0E, 0x9CB0, 0x9CB0, 0x9CB0, 0x9CB0, 0xA4B0,
  0x9CB0, 0x9C90, 0x9CB0, 0xA4D1, 0x9CB0, 0x9CB0, 0x9CB0, 0xA4D1, 0xA4D1, 0xA4D1, 0xA4B1, 0xA4D1,
  0xA4D1, 0x9CB0, 0xA4D1, 0x946F, 0x8C2E, 0x9C70, 0x9C90, 0xA4D1, 0x8C2E, 0x732B, 0x732A, 0x734B,
  0x5A89, 0x3164, 0x39A5, 0x39C5, 0x3185, 0x3164, 0x2923, 0x2923, 0x2944, 0x41E6, 0x4206, 0x39A5,
  0x4A27, 0x5A88, 0x5288, 0x5A88, 0x5AA9, 0x5AA9, 0x62A9, 0x62C9, 0x62C9, 0x62C9, 0x62A9, 0x5AA9,
  0x62C9, 0x5248, 0x3164, 0x20E2, 0x20E3, 0x2903, 0x2103, 0x2103, 0x2903, 0x2903, 0x2903, 0x2103,
  0x2103, 0x2903, 0x2903, 0x2103, 0x2103, 0x2103, 0x2103, 0x2103, 0x2923, 0x2923, 0x2944, 0x2944,
  0x2944, 0x3164, 0x3164, 0x3184, 0x3184, 0x3164, 0x3164, 0x3164, 0x3164, 0x3185, 0x3185, 0x3185,
  0x3185, 0x3185, 0x3184, 0x3184, 0x3185, 0x3184, 0x3164, 0x3164, 0x3184, 0x3184, 0x3164, 0x2944,
  0x2943, 0x2944, 0x2923, 0x2103, 0x2103, 0x2103, 0x2103, 0x2103, 0x20E3, 0x20E3, 0x20E3, 0x2103,
  0x2103, 0x2103, 0x20E3, 0x20E3, 0x20E3, 0x20E3, 0x18E3, 0x18E3, 0x18E2, 0x18E2, 0x18E3, 0x18E3,
  0x2103, 0x2103, 0x2103, 0x20E3, 0x2103, 0x2103, 0x20E3, 0x20E3, 0x20E3, 0x20E2, 0x20E2, 0x2103,
  0x20E3, 0x20E3, 0x20E3, 0x18E3, 0x20E3, 0x18E3, 0x20E3, 0x18C2, 0x20E2, 0x3185, 0x5268, 0x5AA9,
  0x5A88, 0x5288, 0x5268, 0x5268, 0x5268, 0x5247, 0x5268, 0x5A88, 0x5288, 0x5268, 0x5268, 0x5268,
  0x5288, 0x5A88, 0x5A89, 0x5A89, 0x5A89, 0x5A88, 0x5268, 0x5268, 0x5288, 0x5288, 0x5268, 0x5247,
  0x5268, 0x5268, 0x5268, 0x5248, 0x5248, 0x5248, 0x4A27, 0x5247, 0x2924, 0x0841, 0x0861, 0x0841,
  0x0000, 0x0000, 0x0000, 0x0000, 0x0020, 0x0861, 0x0861, 0x0861, 0x0861, 0x0841, 0x0000, 0x0000,
  0x0000, 0x0000, 0x0000, 0x0000, 0x0000, 0x0000, 0x0000, 0x0000, 0x0000, 0x0000, 0x0000, 0x0000,
  0x0000, 0x0000, 0x0000, 0x0000, 0x0000, 0x0000, 0x0000, 0x0000, 0x0000, 0x0000, 0x0000, 0x0000,
  0x0000, 0x0000, 0x0841, 0x0861, 0x0861, 0x0861, 0x0861, 0x0020, 0x0000, 0x0000, 0x0000, 0x0000,
  0x0861, 0x0861, 0x1082, 0x0821, 0x4A27, 0x83ED, 0x83CD, 0x9C6F, 0x9CB0, 0x9CB0, 0x9CB0, 0x9CB0,
  0x9CB0, 0x9C90, 0x9C90, 0x9C90, 0x9CB0, 0x9CB0, 0x9CB1, 0xA4D1, 0xA4B1, 0xA4D1, 0xA4B1, 0xA4D1,
  0xA4B0, 0x9CB0, 0xA4D0, 0x9C8F, 0x8C0E, 0x946F, 0x944F, 0x942E, 0x9C90, 0x942E, 0x6B2A, 0x6AEA,
  0x732B, 0x5268, 0x3184, 0x39A5, 0x39C5, 0x41E6, 0x41E6, 0x41E6, 0x4A06, 0x4A07, 0x4A27, 0x4A47,
  0x4A27, 0x4A47, 0x5267, 0x5268, 0x5268, 0x5A88, 0x5AA9, 0x5A89, 0x5AA9, 0x62A9, 0x62A9, 0x5268,
  0x5A88, 0x6AEA, 0x62EA, 0x5A88, 0x3164, 0x18C2, 0x20E2, 0x20E3, 0x20E3, 0x2103, 0x2103, 0x2103,
  0x2103, 0x2103, 0x2103, 0x2103, 0x2103, 0x2103, 0x2103, 0x2103, 0x2103, 0x2923, 0x2923, 0x2923,
  0x2923, 0x2923, 0x2944, 0x2944, 0x3164, 0x3164, 0x3164, 0x3164, 0x3164, 0x3164, 0x3164, 0x3164,
  0x3164, 0x3164, 0x2944, 0x2944, 0x3164, 0x2944, 0x2944, 0x2944, 0x2944, 0x2943, 0x2923, 0x2923,
  0x2923, 0x2923, 0x2103, 0x20E3, 0x20E3, 0x20E3, 0x20E3, 0x20E3, 0x20E3, 0x20E3, 0x20E3, 0x18E3,
  0x20E3, 0x20E3, 0x20E3, 0x20E3, 0x20E3, 0x18E3, 0x18E2, 0x18E3, 0x20E3, 0x20E3, 0x20E3, 0x20E3,
  0x18E3, 0x18E3, 0x20E3, 0x20E3, 0x20E3, 0x2103, 0x20E3, 0x20E3, 0x20E3, 0x20E3, 0x20E3, 0x20E3,
  0x20E3, 0x20E3, 0x20E3, 0x18E3, 0x18C2, 0x18C2, 0x18C3, 0x39A5, 0x5268, 0x5AA9, 0x5288, 0x5288,
  0x5288, 0x5288, 0x5268, 0x5268, 0x5268, 0x5268, 0x5A88, 0x5A88, 0x5288, 0x5268, 0x5268, 0x5268,
  0x5268, 0x5268, 0x5268, 0x5A68, 0x5268, 0x5268, 0x5268, 0x5268, 0x5268, 0x5247, 0x4A27, 0x4A27,
  0x4A27, 0x4A27, 0x4A27, 0x4A27, 0x4A27, 0x4A27, 0x5247, 0x3185, 0x0861, 0x0861, 0x0861, 0x0841,
  0x0000, 0x0000, 0x0000, 0x0000, 0x0020, 0x1082, 0x0861, 0x0861, 0x1082, 0x0020, 0x0000, 0x0000,
  0x0000, 0x0000, 0x0000, 0x0000, 0x0000, 0x0000, 0x0000, 0x0000, 0x0000, 0x0000, 0x0000, 0x0000,
  0x0000, 0x0000, 0x0000, 0x0000, 0x0000, 0x0000, 0x0000, 0x0000, 0x0000, 0x0000, 0x0841, 0x0841,
  0x0841, 0x0841, 0x0841, 0x0020, 0x0020, 0x0020, 0x0020, 0x0841, 0x0841, 0x0841, 0x0841, 0x0841,
  0x0841, 0x0020, 0x0021, 0x0020, 0x0841, 0x6B2B, 0x8BEE, 0x8BED, 0x942E, 0x9C8F, 0x9CB0, 0x9CB0,
  0x9C90, 0x9C90, 0x9C90, 0x9C8F, 0x9C90, 0x9C90, 0x9CB0, 0xA4B0, 0x9CB0, 0x9C90, 0x9CB0, 0x9CB0,
  0x9C90, 0x9CB0, 0x9CB0, 0x946F, 0x8C0E, 0x9C70, 0x946F, 0x8C0E, 0x944F, 0x9C70, 0x83EE, 0x6B0A,
  0x6AEA, 0x6B0A, 0x39A5, 0x2943, 0x3164, 0x3184, 0x39C5, 0x41E6, 0x41C6, 0x41E6, 0x41E6, 0x4A06,
  0x4207, 0x4207, 0x4A27, 0x4A27, 0x5247, 0x5268, 0x5A88, 0x5A88, 0x5AA9, 0x62CA, 0x62EA, 0x62C9,
  0x5AA9, 0x62C9, 0x62EA, 0x6AEA, 0x5AA9, 0x39C5, 0x3164, 0x3164, 0x2923, 0x18E2, 0x18E3, 0x2103,
  0x20E2, 0x20E3, 0x20E2, 0x20E3, 0x20E3, 0x20E3, 0x20E3, 0x2103, 0x2103, 0x2103, 0x2103, 0x20E2,
  0x2103, 0x2103, 0x2903, 0x2923, 0x2943, 0x2944, 0x2944, 0x2944, 0x2944, 0x2944, 0x2944, 0x2944,
  0x2944, 0x2944, 0x2923, 0x2923, 0x3164, 0x3164, 0x2923, 0x2923, 0x2923, 0x2103, 0x2103, 0x2923,
  0x2103, 0x2103, 0x20E3, 0x18E3, 0x18E3, 0x18E3, 0x20E3, 0x18E3, 0x18E3, 0x18E3, 0x18E3, 0x18E3,
  0x18E3, 0x18E3, 0x18E3, 0x18E3, 0x18C2, 0x18E2, 0x2103, 0x2103, 0x2103, 0x2903, 0x20E3, 0x18E2,
  0x18E2, 0x20E3, 0x20E3, 0x20E3, 0x20E3, 0x18E3, 0x18E3, 0x18E3, 0x20E3, 0x18E3, 0x18E3, 0x18E3,
  0x18E3, 0x20E3, 0x18C2, 0x2944, 0x39A5, 0x2923, 0x4A27, 0x62C9, 0x5AA9, 0x5A88, 0x5288, 0x5268,
  0x5268, 0x5268, 0x5268, 0x5268, 0x5288, 0x5A89, 0x5288, 0x5288, 0x5268, 0x5268, 0x5268, 0x5268,
  0x5268, 0x5268, 0x5268, 0x5248, 0x5248, 0x5268, 0x5247, 0x5247, 0x5247, 0x4A27, 0x4A07, 0x4A07,
  0x4A07, 0x4A06, 0x4A06, 0x4A06, 0x4A06, 0x4A27, 0x41E6, 0x0841, 0x0020, 0x0020, 0x0020, 0x0841,
  0x0841, 0x0841, 0x0841, 0x0841, 0x0841, 0x0020, 0x0020, 0x0020, 0x0020, 0x0841, 0x0841, 0x0841,
  0x0841, 0x0841, 0x0020, 0x0000, 0x0000, 0x0000, 0x0000, 0x0000, 0x0000, 0x0000, 0x0000, 0x0000,
  0x0000, 0x0000, 0x0000, 0x0000, 0x0000, 0x0000, 0x0000, 0x0000, 0x0000, 0x0020, 0x1082, 0x0861,
  0x0861, 0x0861, 0x0020, 0x0000, 0x0000, 0x0000, 0x0000, 0x0841, 0x1082, 0x0861, 0x0861, 0x0861,
  0x0000, 0x0000, 0x0000, 0x0000, 0x0000, 0x2104, 0x83CD, 0x83ED, 0x83ED, 0x8C2E, 0x9C90, 0x9CB0,
  0x9C90, 0x9C90, 0x9C90, 0x9C90, 0x9C90, 0x9C90, 0x9C90, 0x9C90, 0x9CB0, 0x9CB0, 0x9CB0, 0x9C90,
  0x944F, 0x944F, 0x9C90, 0x9C90, 0x9C90, 0xA4D1, 0x9C90, 0x83ED, 0x8C0E, 0x83EE, 0x8C0E, 0x8BEE,
  0x734B, 0x6AEA, 0x5A68, 0x5247, 0x4A27, 0x4A06, 0x6B0A, 0x736C, 0x62EA, 0x39A5, 0x41E6, 0x41E6,
  0x41E6, 0x41E6, 0x4206, 0x4A27, 0x5247, 0x5268, 0x5A88, 0x5AA9, 0x5AA9, 0x62EA, 0x6B0A, 0x6B0B,
  0x6B0B, 0x62CA, 0x5A88, 0x5AA9, 0x62CA, 0x6B0A, 0x5248, 0x41C6, 0x4206, 0x39A5, 0x2103, 0x18C2,
  0x18E2, 0x20E3, 0x20E2, 0x20E2, 0x20E3, 0x20E3, 0x20E3, 0x20E3, 0x20E3, 0x20E3, 0x18C3, 0x18C2,
  0x20E3, 0x18C3, 0x20E3, 0x2103, 0x2103, 0x2103, 0x2103, 0x2923, 0x2103, 0x2103, 0x2923, 0x2923,
  0x2923, 0x2943, 0x3184, 0x39A5, 0x39C5, 0x39C5, 0x39A5, 0x3185, 0x3184, 0x2944, 0x3164, 0x39A5,
  0x3164, 0x2103, 0x20E2, 0x20E3, 0x18E3, 0x18E3, 0x18E3, 0x18E3, 0x18E3, 0x18E3, 0x18E3, 0x18E3,
  0x20E3, 0x18E3, 0x18E3, 0x18C2, 0x18E3, 0x2103, 0x2923, 0x2923, 0x2923, 0x2903, 0x2923, 0x2103,
  0x2103, 0x2103, 0x2103, 0x2103, 0x20E3, 0x2103, 0x18E3, 0x18E3, 0x18E3, 0x18E3, 0x18E3, 0x18E3,
  0x18C2, 0x18E2, 0x3164, 0x5A88, 0x5AA9, 0x5AA9, 0x5AA9, 0x5288, 0x5A88, 0x5A88, 0x5268, 0x5268,
  0x5268, 0x5268, 0x5268, 0x5268, 0x5A88, 0x5288, 0x5268, 0x5268, 0x5268, 0x5247, 0x5247, 0x5267,
  0x5268, 0x5247, 0x5247, 0x4A27, 0x4A47, 0x4A47, 0x4A47, 0x4A47, 0x4A27, 0x4A07, 0x4206, 0x4206,
  0x49E6, 0x41E6, 0x41E6, 0x41E6, 0x41E6, 0x4A27, 0x20E3, 0x0000, 0x0000, 0x0000, 0x0000, 0x0020,
  0x0861, 0x0861, 0x1082, 0x1082, 0x0841, 0x0000, 0x0000, 0x0000, 0x0000, 0x0841, 0x1082, 0x0861,
  0x0861, 0x0861, 0x0020, 0x0000, 0x0000, 0x0000, 0x0000, 0x0000, 0x0000, 0x0000, 0x0000, 0x0000,
  0x0000, 0x0000, 0x0000, 0x0000, 0x0000, 0x0000, 0x0000, 0x0000, 0x0000, 0x0020, 0x0861, 0x0861,
  0x0861, 0x0861, 0x0020, 0x0000, 0x0000, 0x0000, 0x0000, 0x0841, 0x0861, 0x0861, 0x0861, 0x0861,
  0x0000, 0x0000, 0x0000, 0x0000, 0x0000, 0x0021, 0x41E6, 0x83ED, 0x7BAC, 0x83ED, 0x944F, 0x9CB0,
  0x9C90, 0x9C90, 0x9C90, 0x9C90, 0x9C8F, 0x9C90, 0x9C8F, 0x9C90, 0x9C90, 0x9C90, 0x9CB0, 0x9C90,
  0x946F, 0x946F, 0x9C90, 0x9CB0, 0xA4D1, 0xA4D1, 0xA4B1, 0x944F, 0x9CB0, 0x8C2E, 0x83AD, 0x83CD,
  0x83ED, 0x6B2B, 0x6B2B, 0x736C, 0x7B6C, 0x7B6C, 0x7B6C, 0x7B8C, 0x7B8C, 0x4A07, 0x3185, 0x39C6,
  0x39C5, 0x39C6, 0x4206, 0x4A27, 0x5227, 0x5268, 0x5288, 0x5A88, 0x5A88, 0x5AA9, 0x62CA, 0x62EA,
  0x62EA, 0x62EA, 0x62C9, 0x5A88, 0x62A9, 0x62CA, 0x62CA, 0x4A27, 0x41C6, 0x4A06, 0x4206, 0x2944,
  0x18C2, 0x18C2, 0x18C2, 0x18C2, 0x18C2, 0x18C2, 0x18C2, 0x18E3, 0x18E2, 0x18C2, 0x20E2, 0x2923,
  0x3184, 0x2123, 0x18C2, 0x18C2, 0x20E3, 0x18E3, 0x18E2, 0x20E2, 0x2923, 0x2943, 0x3144, 0x3164,
  0x3164, 0x3185, 0x39A5, 0x39A5, 0x39A5, 0x39A5, 0x39A5, 0x39A5, 0x39A5, 0x39A5, 0x39C5, 0x39A5,
  0x39A5, 0x3164, 0x2944, 0x2944, 0x18E2, 0x18E3, 0x18C2, 0x18C2, 0x18C2, 0x18E3, 0x20E3, 0x20E3,
  0x2103, 0x2103, 0x2103, 0x2103, 0x2103, 0x2923, 0x2103, 0x2103, 0x2103, 0x2103, 0x2103, 0x2103,
  0x2123, 0x2103, 0x2103, 0x2103, 0x2903, 0x2923, 0x2103, 0x2103, 0x2103, 0x18E3, 0x18C2, 0x18A2,
  0x39C6, 0x5288, 0x5A88, 0x5A89, 0x5A88, 0x5A89, 0x5A88, 0x5288, 0x5268, 0x5268, 0x5268, 0x5268,
  0x5268, 0x5268, 0x5268, 0x5268, 0x5268, 0x5268, 0x4A47, 0x5247, 0x5247, 0x4A47, 0x4A27, 0x4A27,
  0x4A27, 0x4A27, 0x4A27, 0x4A27, 0x4A27, 0x4A27, 0x4A27, 0x4A27, 0x4A27, 0x4206, 0x4206, 0x41E6,
  0x41E6, 0x41E6, 0x41E6, 0x41E6, 0x4207, 0x3165, 0x0841, 0x0000, 0x0000, 0x0000, 0x0000, 0x0020,
  0x0861, 0x0861, 0x0861, 0x0861, 0x0841, 0x0000, 0x0000, 0x0000, 0x0000, 0x0841, 0x0861, 0x0861,
  0x0861, 0x0861, 0x0020, 0x0000, 0x0000, 0x0000, 0x0000, 0x0000, 0x0000, 0x0000, 0x0000, 0x0000,
  0x0000, 0x0000, 0x0000, 0x0000, 0x0000, 0x0000, 0x0000, 0x0000, 0x0000, 0x0020, 0x0861, 0x0861,
  0x0861, 0x0861, 0x0020, 0x0000, 0x0000, 0x0000, 0x0000, 0x0841, 0x0861, 0x0861, 0x0861, 0x0861,
  0x0000, 0x0000, 0x0000, 0x0000, 0x0000, 0x0882, 0x0861, 0x62CA, 0x8BEE, 0x83ED, 0x8C2E, 0x9C6F,
  0x9C90, 0x9C90, 0x9C90, 0x9C90, 0x9C6F, 0x946F, 0x942E, 0x946F, 0x9C90, 0x9C90, 0x9C90, 0x9C90,
  0x9C90, 0x9C90, 0x9CB0, 0x9CB0, 0x9CB0, 0xA4D1, 0x9C90, 0x9CB0, 0xACF2, 0xA4D1, 0x83CD, 0x7BAC,
  0x736B, 0x7B6C, 0x7BAC, 0x7B8C, 0x734B, 0x734B, 0x734C, 0x736B, 0x736B, 0x732B, 0x41C5, 0x31A5,
  0x39A5, 0x39C5, 0x41E6, 0x4A07, 0x4A07, 0x4A27, 0x5247, 0x5268, 0x5268, 0x5A89, 0x5A88, 0x5A89,
  0x62A9, 0x62A9, 0x62C9, 0x62A9, 0x5A88, 0x5AA9, 0x62A9, 0x62C9, 0x4A27, 0x39A5, 0x39C5, 0x41E6,
  0x3165, 0x18C2, 0x18C2, 0x20E3, 0x18E3, 0x20E3, 0x2103, 0x2944, 0x2944, 0x2944, 0x3184, 0x39A5,
  0x3985, 0x39A5, 0x3164, 0x2944, 0x3185, 0x3185, 0x2103, 0x2923, 0x3184, 0x3184, 0x3164, 0x3184,
  0x3185, 0x3184, 0x3184, 0x3184, 0x3185, 0x39A5, 0x39A5, 0x3184, 0x3184, 0x3184, 0x3185, 0x3184,
  0x3164, 0x3164, 0x3164, 0x2944, 0x2943, 0x20E3, 0x2103, 0x2103, 0x18C2, 0x20E2, 0x20E3, 0x20E3,
  0x2103, 0x2103, 0x2103, 0x2103, 0x2103, 0x2103, 0x2103, 0x20E3, 0x20E3, 0x20E3, 0x2103, 0x2923,
  0x2923, 0x2923, 0x2923, 0x2923, 0x2923, 0x2923, 0x2123, 0x2103, 0x20E2, 0x2103, 0x20E2, 0x41E6,
  0x6AEA, 0x62C9, 0x5A89, 0x5A88, 0x5A88, 0x5A88, 0x5A88, 0x5288, 0x5268, 0x5268, 0x5268, 0x5268,
  0x4A47, 0x5268, 0x5268, 0x5268, 0x5247, 0x4A27, 0x41E6, 0x4A07, 0x4A07, 0x41E6, 0x41E6, 0x4A07,
  0x4A06, 0x4206, 0x41E6, 0x4A06, 0x49E6, 0x49E6, 0x49E6, 0x49E6, 0x4A06, 0x41E6, 0x41E6, 0x41E6,
  0x41E6, 0x41E6, 0x41E6, 0x4206, 0x39A6, 0x1082, 0x0861, 0x0000, 0x0000, 0x0000, 0x0000, 0x0020,
  0x0861, 0x0861, 0x0861, 0x0861, 0x0841, 0x0000, 0x0000, 0x0000, 0x0000, 0x0841, 0x0861, 0x0861,
  0x0861, 0x0861, 0x0020, 0x0000, 0x0000, 0x0000, 0x0000, 0x0000, 0x0000, 0x0000, 0x0000, 0x0000,
  0x0000, 0x0000, 0x0000, 0x0000, 0x0000, 0x0000, 0x0000, 0x0000, 0x0000, 0x0020, 0x1082, 0x0861,
  0x0861, 0x0861, 0x0020, 0x0000, 0x0000, 0x0000, 0x0000, 0x0841, 0x1082, 0x0861, 0x0861, 0x0861,
  0x0000, 0x0000, 0x0000, 0x0000, 0x0000, 0x1061, 0x0841, 0x18A2, 0x7BAD, 0x942E, 0x8C2E, 0x944F,
  0x946F, 0x9C90, 0x9C90, 0x944E, 0x944E, 0x946F, 0x9C8F, 0x9C90, 0x946F, 0x9C6F, 0x9C6F, 0x946F,
  0x946F, 0x9C90, 0x9CB0, 0x9CB0, 0x9C90, 0x9CB0, 0x946F, 0x946F, 0x9CB0, 0xA4B1, 0x8BEE, 0x8C0E,
  0x944F, 0x7B8C, 0x736B, 0x7B8C, 0x7B8C, 0x736B, 0x734B, 0x734B, 0x736B, 0x7B8C, 0x736B, 0x5248,
  0x3185, 0x39C5, 0x39C5, 0x39C6, 0x41C6, 0x41E6, 0x4A06, 0x4A47, 0x5268, 0x5288, 0x5A88, 0x5A88,
  0x5A89, 0x62A9, 0x62A9, 0x62CA, 0x5AA9, 0x5268, 0x5A68, 0x5A89, 0x62C9, 0x5268, 0x41C5, 0x3985,
  0x41E6, 0x39A5, 0x2943, 0x2944, 0x2923, 0x2944, 0x2944, 0x2944, 0x2944, 0x3164, 0x3164, 0x3184,
  0x3185, 0x3185, 0x3185, 0x3185, 0x3185, 0x3985, 0x3985, 0x3184, 0x3164, 0x3164, 0x3164, 0x3164,
  0x2944, 0x3164, 0x3164, 0x3164, 0x3184, 0x3184, 0x3184, 0x3164, 0x3164, 0x3184, 0x3184, 0x3164,
  0x3164, 0x2944, 0x2944, 0x2944, 0x2923, 0x2923, 0x2923, 0x2944, 0x2923, 0x2923, 0x2923, 0x2903,
  0x20E3, 0x20E3, 0x20E3, 0x20E3, 0x20E3, 0x20E3, 0x20E3, 0x20E3, 0x20E3, 0x2103, 0x2923, 0x2923,
  0x2923, 0x2903, 0x2103, 0x2103, 0x2903, 0x2103, 0x20E3, 0x2103, 0x41E6, 0x5268, 0x5A68, 0x62EA,
  0x62C9, 0x62A9, 0x5A88, 0x5A88, 0x5A88, 0x5A88, 0x5A88, 0x5268, 0x5288, 0x5268, 0x5268, 0x5247,
  0x4A27, 0x4A47, 0x4A47, 0x4A27, 0x4A07, 0x41E6, 0x39C5, 0x41C6, 0x41C6, 0x39C5, 0x41E6, 0x41E6,
  0x41E6, 0x41E6, 0x41E6, 0x41E6, 0x41E6, 0x41E6, 0x41E6, 0x41C6, 0x41C6, 0x41E6, 0x41E6, 0x41E6,
  0x41C6, 0x41E6, 0x4206, 0x41E6, 0x18A2, 0x0841, 0x0861, 0x0000, 0x0000, 0x0000, 0x0000, 0x0020,
  0x1082, 0x0861, 0x0861, 0x1082, 0x0841, 0x0000, 0x0000, 0x0000, 0x0000, 0x0020, 0x0861, 0x0861,
  0x0861, 0x0861, 0x0020, 0x0000, 0x0000, 0x0000, 0x0000, 0x0000, 0x0000, 0x0000, 0x0000, 0x0000,
  0x0000, 0x0000, 0x0000, 0x0000, 0x0000, 0x0000, 0x0000, 0x0000, 0x0000, 0x0000, 0x0020, 0x0020,
  0x0020, 0x0020, 0x0841, 0x0841, 0x0841, 0x0841, 0x0841, 0x0841, 0x0020, 0x0020, 0x0020, 0x0020,
  0x0841, 0x0841, 0x0841, 0x0841, 0x0841, 0x0020, 0x0020, 0x0000, 0x2924, 0x8C0E, 0x8BED, 0x83EE,
  0x8C2E, 0x8C0E, 0x8C0E, 0x8C0E, 0x8C2E, 0x946F, 0x9C90, 0x9C90, 0x946F, 0x944F, 0x946F, 0x946F,
  0x9C6F, 0x9CB0, 0x9CB0, 0x946F, 0x946F, 0x946F, 0x944F, 0x9C90, 0xA4D1, 0x9CB0, 0x944F, 0x942E,
  0xAD12, 0xA4B1, 0x83CD, 0x734B, 0x7B8C, 0x83CD, 0x8C0E, 0x8C2E, 0x944F, 0x8C2E, 0x7B6C, 0x734C,
  0x4A06, 0x3184, 0x39C5, 0x39C5, 0x39A5, 0x39A5, 0x41C6, 0x4A06, 0x4A27, 0x5248, 0x5A88, 0x5A88,
  0x5A89, 0x5AA9, 0x62A9, 0x62A9, 0x62A9, 0x5A88, 0x5247, 0x5268, 0x5A88, 0x62C9, 0x62C9, 0x5267,
  0x4A06, 0x39C5, 0x41E6, 0x4A27, 0x3185, 0x2103, 0x2923, 0x2923, 0x2923, 0x2944, 0x2944, 0x2944,
  0x3144, 0x3164, 0x3164, 0x3164, 0x3164, 0x3184, 0x3164, 0x3184, 0x3185, 0x3184, 0x3164, 0x2944,
  0x2944, 0x2944, 0x2944, 0x3164, 0x3164, 0x3164, 0x2944, 0x2944, 0x2944, 0x3164, 0x3164, 0x3164,
  0x3164, 0x3164, 0x2944, 0x2923, 0x2923, 0x2923, 0x2923, 0x2923, 0x2923, 0x2923, 0x2923, 0x2943,
  0x2923, 0x2103, 0x20E2, 0x18E3, 0x18E3, 0x18E3, 0x20E3, 0x20E3, 0x2103, 0x2103, 0x2103, 0x2103,
  0x2103, 0x20E3, 0x20E3, 0x18C2, 0x18C2, 0x18C2, 0x2103, 0x5288, 0x6B0A, 0x62A9, 0x62A9, 0x62C9,
  0x62A9, 0x5AA9, 0x5A88, 0x5A88, 0x5A88, 0x5A88, 0x5268, 0x5268, 0x5248, 0x5248, 0x5247, 0x4A27,
  0x4A27, 0x4A27, 0x4A07, 0x41E6, 0x41E6, 0x39C6, 0x39C5, 0x39C6, 0x39C5, 0x39A5, 0x39C5, 0x41E6,
  0x41E6, 0x41E6, 0x41E6, 0x41E6, 0x41E6, 0x39C6, 0x41C6, 0x39C5, 0x41C6, 0x39C6, 0x39C5, 0x39C5,
  0x39C6, 0x39C5, 0x4206, 0x18C2, 0x0000, 0x0020, 0x0020, 0x0841, 0x0841, 0x0841, 0x0841, 0x0841,
  0x0020, 0x0020, 0x0020, 0x0020, 0x0841, 0x0841, 0x0841, 0x0841, 0x0841, 0x0841, 0x0020, 0x0020,
  0x0020, 0x0020, 0x0000, 0x0000, 0x0000, 0x0000, 0x0000, 0x0000, 0x0000, 0x0000, 0x0000, 0x0000,
  0x0000, 0x0000, 0x0000, 0x0000, 0x0000, 0x0000, 0x0000, 0x0000, 0x0000, 0x0000, 0x0000, 0x0000,
  0x0000, 0x0000, 0x0841, 0x1082, 0x0861, 0x0861, 0x1082, 0x0020, 0x0000, 0x0000, 0x0000, 0x0000,
  0x0861, 0x0861, 0x0861, 0x0861, 0x0861, 0x0000, 0x0000, 0x0000, 0x0000, 0x3185, 0x83EE, 0x7B8C,
  0x7BAC, 0x83CD, 0x83CD, 0x8C2E, 0x944F, 0x946F, 0x946F, 0x9C90, 0x9C90, 0x942F, 0x944F, 0x9C6F,
  0x9C90, 0xA4B0, 0x9C90, 0x8C2E, 0x946F, 0x9C90, 0x9CB0, 0xA4D1, 0xA4F1, 0xA4D1, 0x946F, 0x8C2E,
  0x9C70, 0xA4D1, 0xA4B1, 0x942F, 0x7BAC, 0x946F, 0x9C90, 0x9C8F, 0x9C8F, 0x9C70, 0x83CD, 0x7B6C,
  0x732B, 0x41E6, 0x3184, 0x3184, 0x39A5, 0x39A5, 0x41C5, 0x41E6, 0x49E6, 0x4A27, 0x5247, 0x5288,
  0x5A88, 0x5A88, 0x5AA9, 0x5AA9, 0x5AA9, 0x5AA9, 0x5A68, 0x5248, 0x5A89, 0x5A89, 0x62C9, 0x6B0A,
  0x62EA, 0x5268, 0x5247, 0x5288, 0x5248, 0x39A5, 0x3164, 0x2103, 0x2123, 0x2923, 0x2943, 0x2924,
  0x2923, 0x2944, 0x3144, 0x3164, 0x3164, 0x2964, 0x3164, 0x3164, 0x3164, 0x3184, 0x3185, 0x3164,
  0x3164, 0x3164, 0x2944, 0x2944, 0x2944, 0x2944, 0x2943, 0x2944, 0x2944, 0x2944, 0x2944, 0x3164,
  0x3164, 0x3164, 0x2944, 0x2944, 0x2923, 0x2923, 0x2923, 0x2923, 0x2923, 0x2923, 0x2903, 0x2923,
  0x2923, 0x2923, 0x2103, 0x20E3, 0x18E3, 0x18E3, 0x18E3, 0x20E3, 0x20E3, 0x2103, 0x2103, 0x18E3,
  0x18C2, 0x20E3, 0x18C2, 0x3164, 0x39A6, 0x39A5, 0x5A88, 0x62EA, 0x5AA9, 0x5A89, 0x5A89, 0x5AA9,
  0x5AA9, 0x5A89, 0x5A89, 0x5A68, 0x5268, 0x5268, 0x5247, 0x4A47, 0x4A27, 0x4A27, 0x4A07, 0x4A06,
  0x49E6, 0x4A06, 0x49E6, 0x41E6, 0x41C6, 0x39C5, 0x39C5, 0x39C5, 0x39A5, 0x39A5, 0x39A5, 0x41C6,
  0x41E6, 0x41E6, 0x39C6, 0x39C6, 0x39C5, 0x39C5, 0x39C5, 0x39C5, 0x39C5, 0x39C5, 0x39C5, 0x39C5,
  0x39C5, 0x41E6, 0x2103, 0x0000, 0x0000, 0x0000, 0x0000, 0x0861, 0x0861, 0x0861, 0x0861, 0x0841,
  0x0000, 0x0000, 0x0000, 0x0000, 0x0020, 0x0861, 0x0861, 0x0861, 0x0861, 0x0841, 0x0000, 0x0000,
  0x0000, 0x0000, 0x0000, 0x0000, 0x0000, 0x0000, 0x0000, 0x0000, 0x0000, 0x0000, 0x0000, 0x0000,
  0x0000, 0x0000, 0x0000, 0x0000, 0x0000, 0x0000, 0x0000, 0x0000, 0x0000, 0x0000, 0x0000, 0x0000,
  0x0000, 0x0000, 0x0841, 0x0861, 0x0861, 0x0861, 0x0861, 0x0020, 0x0000, 0x0000, 0x0000, 0x0000,
  0x0861, 0x0861, 0x0861, 0x0861, 0x0841, 0x0000, 0x0000, 0x0000, 0x0000, 0x0000, 0x5248, 0x7BAC,
  0x736B, 0x7BAC, 0x8BEE, 0x944F, 0x942E, 0x944F, 0x946F, 0x9C70, 0x946F, 0x944F, 0x9C6F, 0x9CB0,
  0x9CB0, 0xA4D1, 0x9C70, 0x944F, 0xA4D1, 0xA4D1, 0x9CB0, 0x9CB0, 0xA4B0, 0x9C6F, 0x940E, 0x946F,
  0xA4D1, 0x944F, 0x944F, 0x9CB0, 0x944F, 0x8C0D, 0x944F, 0x944F, 0x946F, 0x946F, 0x8C2E, 0x736C,
  0x736B, 0x6B2B, 0x62EA, 0x41E6, 0x3185, 0x39A5, 0x39C5, 0x41C5, 0x41C6, 0x41E6, 0x4206, 0x4A27,
  0x4A27, 0x4A47, 0x5248, 0x5248, 0x5268, 0x5288, 0x5A89, 0x5AA9, 0x5AA9, 0x5AA9, 0x5A88, 0x5AA9,
  0x62C9, 0x62CA, 0x62CA, 0x6AEA, 0x5A89, 0x5248, 0x4A47, 0x4206, 0x41E6, 0x41E6, 0x2923, 0x2923,
  0x2923, 0x2924, 0x2944, 0x2943, 0x2943, 0x2943, 0x2944, 0x2944, 0x2944, 0x3164, 0x3164, 0x3164,
  0x3164, 0x3164, 0x3164, 0x3164, 0x3164, 0x2944, 0x2943, 0x2944, 0x2944, 0x2944, 0x2943, 0x2944,
  0x2944, 0x2944, 0x2923, 0x2103, 0x2923, 0x2923, 0x2923, 0x2103, 0x2103, 0x2903, 0x2103, 0x2903,
  0x2903, 0x2103, 0x2103, 0x2103, 0x2103, 0x18E3, 0x18E3, 0x18E3, 0x20E3, 0x20E3, 0x18E3, 0x2103,
  0x2944, 0x18A2, 0x3184, 0x62C9, 0x62C9, 0x62C9, 0x62C9, 0x62C9, 0x62C9, 0x5A89, 0x5A88, 0x5A88,
  0x5A88, 0x5A68, 0x5268, 0x5268, 0x5268, 0x5268, 0x5247, 0x4A27, 0x4A27, 0x4A07, 0x4A06, 0x41E6,
  0x41C6, 0x41C6, 0x41C6, 0x41C6, 0x41C6, 0x39C5, 0x39A5, 0x39A5, 0x39A5, 0x3184, 0x39A5, 0x41C6,
  0x39C5, 0x39C6, 0x39C5, 0x39C5, 0x39A5, 0x39A5, 0x39C5, 0x39C5, 0x39A5, 0x39A5, 0x39C5, 0x39A5,
  0x39C6, 0x3164, 0x0000, 0x0000, 0x0000, 0x0000, 0x0000, 0x0861, 0x0861, 0x0861, 0x0861, 0x0841,
  0x0000, 0x0000, 0x0000, 0x0000, 0x0020, 0x0861, 0x0861, 0x0861, 0x0861, 0x0841, 0x0000, 0x0000,
  0x0000, 0x0000, 0x0000, 0x0000, 0x0000, 0x0000, 0x0000, 0x0000, 0x0000, 0x0000, 0x0000, 0x0000,
  0x0000, 0x0000, 0x0000, 0x0000, 0x0000, 0x0000, 0x0000, 0x0000, 0x0000, 0x0000, 0x0000, 0x0000,
  0x0000, 0x0000, 0x0841, 0x0861, 0x0861, 0x0861, 0x0861, 0x0020, 0x0000, 0x0000, 0x0000, 0x0000,
  0x0861, 0x0861, 0x0861, 0x0861, 0x0841, 0x0000, 0x0000, 0x0000, 0x0000, 0x0020, 0x1081, 0x5A89,
  0x7BAC, 0x83CD, 0x8C2E, 0x944F, 0x8C0E, 0x944F, 0x944F, 0x944F, 0x942F, 0x944F, 0xA4D1, 0xA4D1,
  0x9CB0, 0x9CB0, 0x9C90, 0xA4B1, 0xA4D1, 0x9470, 0x946F, 0x9C90, 0x9C90, 0x9C90, 0xA4B0, 0xA4D1,
  0xA4D1, 0x9C90, 0x8C0E, 0x8C0E, 0x946F, 0x9C90, 0xA4D1, 0x8C0E, 0x83ED, 0x946F, 0x946F, 0x83ED,
  0x736B, 0x732B, 0x734B, 0x5AA9, 0x3164, 0x3185, 0x3185, 0x39A5, 0x39C5, 0x39C5, 0x41C5, 0x41E6,
  0x4A06, 0x4A27, 0x4A07, 0x4A07, 0x4A27, 0x5248, 0x5268, 0x5AA9, 0x5AA9, 0x5AA9, 0x5268, 0x5268,
  0x5A89, 0x5AA9, 0x62A9, 0x62CA, 0x62C9, 0x5AA9, 0x5AA9, 0x5A88, 0x5A68, 0x5268, 0x41E6, 0x20E3,
  0x2103, 0x2903, 0x2923, 0x2923, 0x2103, 0x2103, 0x2923, 0x2923, 0x2944, 0x2944, 0x2944, 0x2923,
  0x2944, 0x2944, 0x2944, 0x2944, 0x3164, 0x2944, 0x2944, 0x2944, 0x2943, 0x2923, 0x2923, 0x2923,
  0x2943, 0x2923, 0x2923, 0x2943, 0x2944, 0x2944, 0x2943, 0x2923, 0x2923, 0x2103, 0x2103, 0x2103,
  0x2103, 0x2103, 0x2103, 0x2103, 0x2103, 0x2103, 0x20E3, 0x20E3, 0x20E3, 0x18C2, 0x2103, 0x4A28,
  0x5A89, 0x4A07, 0x5268, 0x5AA9, 0x5A89, 0x5A88, 0x5AA9, 0x62C9, 0x5A89, 0x5268, 0x5288, 0x5268,
  0x5268, 0x5268, 0x5268, 0x5268, 0x5247, 0x4A27, 0x4A27, 0x4A06, 0x4A27, 0x4206, 0x41E6, 0x41E6,
  0x41E6, 0x41C6, 0x41C6, 0x41C6, 0x39C5, 0x39A5, 0x39A5, 0x3185, 0x3185, 0x3184, 0x39A5, 0x39C6,
  0x39A5, 0x39A5, 0x39C5, 0x39A5, 0x39A5, 0x39A5, 0x39A5, 0x31A5, 0x3185, 0x3185, 0x3185, 0x39A5,
  0x3185, 0x1081, 0x0000, 0x0000, 0x0000, 0x0000, 0x0000, 0x0861, 0x0861, 0x0861, 0x0861, 0x0841,
  0x0000, 0x0000, 0x0000, 0x0000, 0x0020, 0x0861, 0x0861, 0x0861, 0x0861, 0x0020, 0x0000, 0x0000,
  0x0000, 0x0000, 0x0000, 0x0000, 0x0000, 0x0000, 0x0000, 0x0000, 0x0000, 0x0000, 0x0000, 0x0000,
  0x0000, 0x0000, 0x0000, 0x0000, 0x0000, 0x0000, 0x0000, 0x0000, 0x0000, 0x0000, 0x0000, 0x0000,
  0x0000, 0x0000, 0x0841, 0x0861, 0x0861, 0x0861, 0x0861, 0x0020, 0x0000, 0x0000, 0x0000, 0x0000,
  0x0841, 0x0861, 0x0861, 0x0861, 0x0861, 0x0000, 0x0000, 0x0000, 0x0000, 0x0020, 0x0841, 0x1081,
  0x7B8C, 0x944F, 0x8C0E, 0x83EE, 0x83CD, 0x8C0E, 0x8C0E, 0x8BEE, 0x83CD, 0x8C2E, 0x9C90, 0x946F,
  0x9C90, 0x9CB0, 0x9CB0, 0x9C90, 0x944F, 0x946F, 0x9CB0, 0x9C90, 0x9CB0, 0xA4D1, 0xA4B1, 0x9C90,
  0x9C70, 0xA4D1, 0x9CB0, 0x9CB0, 0x9CB0, 0xA4F1, 0xB533, 0xA4B1, 0x83ED, 0x9C70, 0x944F, 0x8C2E,
  0x8C0E, 0x83EE, 0x7B6C, 0x734B, 0x5268, 0x39C5, 0x39C5, 0x3184, 0x39C5, 0x39C5, 0x39C5, 0x41E6,
  0x4A06, 0x4A06, 0x4A06, 0x4A06, 0x4A27, 0x4A47, 0x5247, 0x5268, 0x5A89, 0x5A89, 0x5268, 0x5268,
  0x5268, 0x5A88, 0x5A89, 0x5AA9, 0x5A89, 0x62CA, 0x6AEA, 0x62C9, 0x5248, 0x5248, 0x5268, 0x39A6,
  0x20C2, 0x20E2, 0x2103, 0x2103, 0x2103, 0x2103, 0x2103, 0x2103, 0x2903, 0x2903, 0x2103, 0x2103,
  0x2923, 0x2923, 0x2923, 0x2923, 0x2923, 0x2943, 0x2944, 0x2923, 0x2923, 0x2923, 0x2923, 0x2923,
  0x2943, 0x2943, 0x2944, 0x2944, 0x2944, 0x2944, 0x2944, 0x2944, 0x2943, 0x2923, 0x2903, 0x2103,
  0x2103, 0x2103, 0x2103, 0x2103, 0x2103, 0x20E3, 0x2103, 0x20E3, 0x18E2, 0x3164, 0x4A27, 0x5268,
  0x5247, 0x5268, 0x5247, 0x5268, 0x5248, 0x4A47, 0x5268, 0x5288, 0x5268, 0x5268, 0x5268, 0x5268,
  0x5268, 0x5268, 0x5268, 0x4A27, 0x41E6, 0x4A06, 0x4A06, 0x4206, 0x4206, 0x41E6, 0x41E6, 0x41E6,
  0x41E6, 0x41E6, 0x41E6, 0x39C6, 0x39C5, 0x3185, 0x3184, 0x3185, 0x3184, 0x3164, 0x39A5, 0x39C5,
  0x39A5, 0x3185, 0x3185, 0x39A5, 0x39A5, 0x3185, 0x3184, 0x3164, 0x3164, 0x3164, 0x3164, 0x3164,
  0x18A2, 0x0841, 0x0000, 0x0000, 0x0000, 0x0000, 0x0000, 0x0861, 0x0861, 0x0861, 0x0861, 0x0841,
  0x0000, 0x0000, 0x0000, 0x0000, 0x0020, 0x0861, 0x0861, 0x0861, 0x0861, 0x0020, 0x0000, 0x0000,
  0x0000, 0x0000, 0x0000, 0x0000, 0x0000, 0x0000, 0x0000, 0x0000, 0x0000, 0x0000, 0x0000, 0x0000,
  0x0000, 0x0000, 0x0000, 0x0000, 0x0000, 0x0000, 0x0000, 0x0000, 0x0000, 0x0020, 0x0861, 0x0841,
  0x0841, 0x0841, 0x0020, 0x0000, 0x0000, 0x0020, 0x0020, 0x0841, 0x0841, 0x0841, 0x0841, 0x0841,
  0x0020, 0x0020, 0x0020, 0x0020, 0x0020, 0x0841, 0x0841, 0x0861, 0x0861, 0x0841, 0x0020, 0x0000,
  0x18C3, 0x83CD, 0x8C0E, 0x83EE, 0x7BAD, 0x83AD, 0x83CD, 0x8C0E, 0x8C2E, 0x8C0E, 0x83CD, 0x83EE,
  0x8C0E, 0x9C70, 0x9CB0, 0x944F, 0x8C0E, 0x9CB0, 0xA4D1, 0x9CB0, 0x9CB0, 0xA4D1, 0xA4B1, 0x9C90,
  0xA4D1, 0xAD12, 0xAD12, 0xAD12, 0xA4F1, 0x9C90, 0xA4D1, 0xACF2, 0xA4D1, 0xA4F1, 0xA4D1, 0x944F,
  0x8C2E, 0x944F, 0x944F, 0x8C2E, 0x8C2F, 0x8C0E, 0x83ED, 0x39C5, 0x2944, 0x3164, 0x3184, 0x39A5,
  0x41E6, 0x4A06, 0x4A06, 0x4A06, 0x4A27, 0x4A27, 0x4A27, 0x5247, 0x5268, 0x5268, 0x5288, 0x5A88,
  0x4A47, 0x4A47, 0x5247, 0x5288, 0x5288, 0x62C9, 0x62C9, 0x5AA9, 0x5247, 0x5247, 0x5A88, 0x62EA,
  0x41E6, 0x18C2, 0x2103, 0x20E3, 0x18E2, 0x20E3, 0x20E3, 0x20E2, 0x20E3, 0x20E3, 0x20E3, 0x20E3,
  0x2103, 0x2103, 0x2103, 0x2103, 0x2103, 0x2103, 0x2103, 0x20E2, 0x2903, 0x2103, 0x2923, 0x2923,
  0x2923, 0x2923, 0x2943, 0x2944, 0x2943, 0x2943, 0x2943, 0x2943, 0x2944, 0x2944, 0x2924, 0x2103,
  0x20E3, 0x20E3, 0x20E3, 0x20E3, 0x18E3, 0x18E3, 0x18C2, 0x18E3, 0x39A5, 0x5268, 0x5248, 0x4A07,
  0x4A27, 0x5247, 0x5247, 0x4A27, 0x4A27, 0x4A27, 0x5247, 0x5268, 0x5247, 0x4A47, 0x4A47, 0x4A27,
  0x4A07, 0x4A07, 0x4A27, 0x49E6, 0x41E6, 0x49E6, 0x41E6, 0x41E6, 0x41E6, 0x41E6, 0x41E6, 0x39E6,
  0x41C6, 0x41E6, 0x41E6, 0x39C5, 0x39C5, 0x39A5, 0x3184, 0x3184, 0x3164, 0x3164, 0x3185, 0x39A5,
  0x39A5, 0x3184, 0x3184, 0x3185, 0x3185, 0x3164, 0x3164, 0x2944, 0x2944, 0x2944, 0x2944, 0x1061,
  0x0000, 0x0020, 0x0841, 0x0841, 0x0841, 0x0841, 0x0841, 0x0020, 0x0020, 0x0020, 0x0000, 0x0020,
  0x0861, 0x0841, 0x0841, 0x0861, 0x0841, 0x0020, 0x0020, 0x0020, 0x0000, 0x0841, 0x0861, 0x0841,
  0x0841, 0x0841, 0x0020, 0x0000, 0x0000, 0x0000, 0x0000, 0x0000, 0x0000, 0x0000, 0x0000, 0x0000,
  0x0000, 0x0000, 0x0000, 0x0000, 0x0000, 0x0000, 0x0000, 0x0000, 0x0000, 0x0020, 0x0861, 0x0861,
  0x0861, 0x0861, 0x0020, 0x0000, 0x0000, 0x0000, 0x0000, 0x0841, 0x1082, 0x0861, 0x0861, 0x0861,
  0x0000, 0x0000, 0x0000, 0x0000, 0x0000, 0x0861, 0x0861, 0x0861, 0x0861, 0x0841, 0x0000, 0x0000,
  0x0000, 0x20E3, 0x83AD, 0x8BED, 0x83CD, 0x7BAC, 0x83CD, 0x8BEE, 0x83ED, 0x7BAC, 0x7BAC, 0x83CD,
  0x83CD, 0x8C0E, 0x946F, 0x8C2E, 0x8C2E, 0xA4D1, 0xA4B1, 0x946F, 0x9CB0, 0xA4D1, 0xA4D1, 0x944F,
  0x9C90, 0xAD12, 0xAD12, 0xAD12, 0xA4D1, 0x9470, 0x9C90, 0x8C2E, 0x8C0E, 0xA4F1, 0xB533, 0xA4F1,
  0x8C2E, 0x9CB0, 0xA4D1, 0x944F, 0x944F, 0x944F, 0x946F, 0x83CD, 0x5AA9, 0x734B, 0x6B0A, 0x39A5,
  0x39A5, 0x4A06, 0x4A27, 0x4A47, 0x4A27, 0x4A07, 0x4A07, 0x4A27, 0x5247, 0x5247, 0x5268, 0x5A88,
  0x5268, 0x4A06, 0x4A47, 0x5268, 0x5268, 0x5AA9, 0x5AA9, 0x5A88, 0x5248, 0x5247, 0x5268, 0x5A88,
  0x62A9, 0x41C6, 0x2923, 0x2944, 0x20E2, 0x20E3, 0x20E3, 0x20E3, 0x18E3, 0x18E3, 0x2103, 0x2103,
  0x2103, 0x20E3, 0x20E3, 0x2103, 0x2103, 0x18C2, 0x18C2, 0x3164, 0x39C6, 0x3164, 0x2923, 0x2923,
  0x2923, 0x2103, 0x2903, 0x2923, 0x2923, 0x2923, 0x2923, 0x2923, 0x2923, 0x2923, 0x2923, 0x2923,
  0x2103, 0x2103, 0x20E3, 0x18E2, 0x18E3, 0x18C2, 0x2923, 0x41E6, 0x4A27, 0x4A27, 0x4A27, 0x4A27,
  0x4A47, 0x4A27, 0x4A27, 0x4A07, 0x4A07, 0x4A27, 0x5248, 0x5247, 0x4A27, 0x4A07, 0x4A06, 0x41E6,
  0x41C6, 0x41E6, 0x4A07, 0x4A07, 0x4A07, 0x49E6, 0x41E6, 0x41E6, 0x41E6, 0x39C6, 0x39C6, 0x39C5,
  0x39C6, 0x41C6, 0x39C5, 0x39A5, 0x39A5, 0x3185, 0x3184, 0x3184, 0x3164, 0x3184, 0x3185, 0x3185,
  0x3185, 0x3164, 0x3164, 0x3164, 0x3164, 0x3164, 0x2944, 0x2944, 0x2944, 0x2944, 0x1081, 0x0000,
  0x0000, 0x0000, 0x0861, 0x0861, 0x0861, 0x0861, 0x0861, 0x0000, 0x0000, 0x0000, 0x0000, 0x0020,
  0x1082, 0x0861, 0x0861, 0x1082, 0x0841, 0x0000, 0x0000, 0x0000, 0x0000, 0x0841, 0x1082, 0x0861,
  0x0861, 0x0861, 0x0020, 0x0000, 0x0000, 0x0000, 0x0000, 0x0000, 0x0000, 0x0000, 0x0000, 0x0000,
  0x0000, 0x0000, 0x0000, 0x0000, 0x0000, 0x0000, 0x0000, 0x0000, 0x0000, 0x0020, 0x0861, 0x0861,
  0x0861, 0x0861, 0x0020, 0x0000, 0x0000, 0x0000, 0x0000, 0x0841, 0x0861, 0x0861, 0x0861, 0x0861,
  0x0000, 0x0000, 0x0000, 0x0000, 0x0000, 0x0861, 0x0861, 0x0861, 0x0861, 0x0841, 0x0000, 0x0000,
  0x0000, 0x0000, 0x3164, 0x83CD, 0x83CD, 0x83ED, 0x8BEE, 0x83AD, 0x7B8C, 0x7B6C, 0x7B8C, 0x7B8C,
  0x7B8C, 0x83CD, 0x83ED, 0x8C0E, 0x9C90, 0x9CB0, 0x9C70, 0x944F, 0xA4D1, 0xA4D1, 0x9CB0, 0x944F,
  0x9C90, 0xA4F1, 0xAD12, 0xAD12, 0xA4D1, 0x9CB0, 0x946F, 0xA4B0, 0x9CB0, 0x944F, 0xA4F1, 0xA4F1,
  0xA4B1, 0xA4D1, 0xA4F1, 0x9C90, 0x942F, 0x8BEE, 0x8C0E, 0x944F, 0x8C0E, 0x8C0E, 0x9C90, 0x83CD,
  0x5247, 0x41C6, 0x4A27, 0x4A47, 0x4A27, 0x4A27, 0x4A27, 0x4A27, 0x4A27, 0x4A47, 0x5268, 0x5268,
  0x5288, 0x5268, 0x4A27, 0x5247, 0x5248, 0x5248, 0x5268, 0x5A89, 0x5A89, 0x62C9, 0x4A27, 0x5227,
  0x5248, 0x5AA9, 0x4A07, 0x3985, 0x2923, 0x2923, 0x2944, 0x3164, 0x3164, 0x3164, 0x3184, 0x3185,
  0x2944, 0x2923, 0x2944, 0x39A5, 0x39A5, 0x3185, 0x3185, 0x39C5, 0x39C5, 0x39C5, 0x39A5, 0x39A5,
  0x39A5, 0x3164, 0x20E2, 0x20E2, 0x2103, 0x2103, 0x2103, 0x2103, 0x2103, 0x2103, 0x2103, 0x2103,
  0x2103, 0x18E2, 0x18A2, 0x2103, 0x20E3, 0x2924, 0x4A06, 0x4A27, 0x41E6, 0x4206, 0x4A47, 0x5268,
  0x4A27, 0x4A06, 0x4A07, 0x4A07, 0x4A07, 0x4A27, 0x4A07, 0x4A07, 0x4A07, 0x4A07, 0x4A06, 0x41E6,
  0x41C6, 0x4A07, 0x4A07, 0x4A07, 0x4A07, 0x4206, 0x41E6, 0x41E6, 0x41C6, 0x39C5, 0x39C5, 0x39C5,
  0x39C5, 0x39C5, 0x39C5, 0x39A5, 0x3184, 0x3164, 0x3164, 0x3164, 0x3164, 0x3185, 0x3185, 0x3184,
  0x3164, 0x3164, 0x2944, 0x2944, 0x3164, 0x2944, 0x2944, 0x2944, 0x2944, 0x10A2, 0x0000, 0x0000,
  0x0000, 0x0000, 0x0861, 0x0861, 0x0861, 0x0861, 0x0861, 0x0000, 0x0000, 0x0000, 0x0000, 0x0020,
  0x0861, 0x0861, 0x0861, 0x0861, 0x0841, 0x0000, 0x0000, 0x0000, 0x0000, 0x0020, 0x0861, 0x0861,
  0x0861, 0x0861, 0x0020, 0x0000, 0x0000, 0x0000, 0x0000, 0x0000, 0x0000, 0x0000, 0x0000, 0x0000,
  0x0000, 0x0000, 0x0000, 0x0000, 0x0000, 0x0000, 0x0000, 0x0000, 0x0000, 0x0020, 0x0861, 0x0861,
  0x0861, 0x0861, 0x0020, 0x0000, 0x0000, 0x0000, 0x0000, 0x0841, 0x0861, 0x0861, 0x0861, 0x0861,
  0x0000, 0x0000, 0x0000, 0x0000, 0x0000, 0x0861, 0x0861, 0x0861, 0x0861, 0x0841, 0x0000, 0x0000,
  0x0000, 0x0000, 0x0000, 0x39C6, 0x83CD, 0x7BAC, 0x83AD, 0x83AD, 0x7BAD, 0x7B6C, 0x7B6C, 0x7B8C,
  0x7B8C, 0x7B8C, 0x83CD, 0x83ED, 0x8C0E, 0x8C2E, 0x8C0E, 0x942F, 0xA4F1, 0xA4D1, 0x9C90, 0xA4B1,
  0xA4D1, 0xA4D1, 0xAD12, 0xAD12, 0xA4F1, 0xA4B0, 0xA4F1, 0xAD12, 0xAD32, 0xAD12, 0xA4D1, 0x9CB0,
  0x9C90, 0x9CB0, 0xACF2, 0xA4D1, 0x944F, 0x8C2F, 0x8BEE, 0x944F, 0x944F, 0x7B8C, 0x83CD, 0x9C90,
  0x946F, 0x6B2B, 0x4A27, 0x41E6, 0x4A06, 0x4A07, 0x4A27, 0x4A27, 0x4A27, 0x4A47, 0x4A47, 0x5247,
  0x5268, 0x5288, 0x5247, 0x4A27, 0x4A27, 0x5268, 0x5268, 0x5AA9, 0x62EA, 0x62C9, 0x5A88, 0x4A47,
  0x5247, 0x5268, 0x5AA9, 0x5268, 0x4A27, 0x2943, 0x2943, 0x2944, 0x3164, 0x3164, 0x3164, 0x3184,
  0x3185, 0x39A5, 0x39A5, 0x3184, 0x3184, 0x3985, 0x39A5, 0x39A5, 0x39A5, 0x39A5, 0x39A5, 0x39A5,
  0x39A5, 0x39A5, 0x3165, 0x3185, 0x2943, 0x2923, 0x2103, 0x18E3, 0x18C2, 0x18C2, 0x18C2, 0x18C2,
  0x18C2, 0x20E3, 0x2944, 0x41E6, 0x41E6, 0x4A07, 0x4A27, 0x4A07, 0x4A27, 0x4A47, 0x4A47, 0x4A47,
  0x4A07, 0x41E6, 0x4A06, 0x4A07, 0x4A07, 0x4A07, 0x4A06, 0x4A07, 0x4A07, 0x4A07, 0x4A06, 0x4A06,
  0x4A06, 0x49E6, 0x4A06, 0x4A06, 0x49E6, 0x41E6, 0x41C6, 0x39C6, 0x39C5, 0x39C5, 0x39C5, 0x39C5,
  0x39C5, 0x39A5, 0x39A5, 0x31A5, 0x3184, 0x3164, 0x2944, 0x2944, 0x3164, 0x3164, 0x3164, 0x3164,
  0x3164, 0x3164, 0x2944, 0x2944, 0x2944, 0x2944, 0x2924, 0x2944, 0x20E3, 0x0000, 0x0000, 0x0000,
  0x0000, 0x0000, 0x0861, 0x0861, 0x0861, 0x0861, 0x0861, 0x0000, 0x0000, 0x0000, 0x0000, 0x0020,
  0x0861, 0x0861, 0x0861, 0x0861, 0x0841, 0x0000, 0x0000, 0x0000, 0x0000, 0x0020, 0x0861, 0x0861,
  0x0861, 0x0861, 0x0020, 0x0000, 0x0000, 0x0000, 0x0000, 0x0000, 0x0000, 0x0000, 0x0000, 0x0000,
  0x0000, 0x0000, 0x0000, 0x0000, 0x0000, 0x0000, 0x0000, 0x0000, 0x0000, 0x0020, 0x0861, 0x0861,
  0x0861, 0x0861, 0x0020, 0x0000, 0x0000, 0x0000, 0x0000, 0x0841, 0x0861, 0x0861, 0x0861, 0x0861,
  0x0000, 0x0000, 0x0000, 0x0000, 0x0000, 0x0861, 0x0861, 0x0861, 0x0861, 0x0841, 0x0000, 0x0000,
  0x0000, 0x0000, 0x0841, 0x0841, 0x41E6, 0x734B, 0x734B, 0x7B8C, 0x7BAD, 0x7B8D, 0x7B8C, 0x7B8C,
  0x7BAC, 0x7BAC, 0x7BAC, 0x7BAC, 0x7BAC, 0x83ED, 0x8C0E, 0x83EE, 0x942F, 0x944F, 0x9C90, 0x9CB0,
  0xA4D1, 0xA4D1, 0xA4F1, 0xA4F1, 0xA4F1, 0xA4F1, 0xAD12, 0xACF1, 0xAD12, 0xAD12, 0xA4D1, 0xA4D1,
  0xA4D1, 0x9C90, 0xA4D1, 0x9CB0, 0xA4D1, 0xA4B1, 0x944F, 0x8C0E, 0x8C2E, 0x83EE, 0x7B8C, 0x8C0E,
  0x946F, 0x944F, 0x7BAD, 0x4A06, 0x39A5, 0x41E6, 0x4A27, 0x4A27, 0x4A27, 0x5247, 0x4A47, 0x4A47,
  0x5247, 0x5268, 0x5268, 0x4A47, 0x5248, 0x5268, 0x5268, 0x5A88, 0x5A88, 0x5267, 0x5AA9, 0x62C9,
  0x5268, 0x5227, 0x5268, 0x5268, 0x5A88, 0x4A47, 0x3164, 0x3184, 0x39A5, 0x3184, 0x3164, 0x3164,
  0x3164, 0x3185, 0x3184, 0x3164, 0x3164, 0x3164, 0x3184, 0x3184, 0x3184, 0x39A5, 0x39A5, 0x3185,
  0x3184, 0x3185, 0x3185, 0x31A5, 0x39A5, 0x3185, 0x3164, 0x2923, 0x3184, 0x4207, 0x39A5, 0x2923,
  0x39A5, 0x5248, 0x5A88, 0x5247, 0x5248, 0x5268, 0x5268, 0x5268, 0x5A88, 0x5247, 0x4A06, 0x4A27,
  0x4A27, 0x49E6, 0x49E6, 0x4A07, 0x49E6, 0x49E6, 0x49E6, 0x49E6, 0x41E6, 0x41E6, 0x41E6, 0x41E6,
  0x41E6, 0x41E6, 0x41E6, 0x41E6, 0x41E6, 0x41C6, 0x41C5, 0x39C5, 0x39C5, 0x39C5, 0x39A5, 0x39A5,
  0x39A5, 0x39A5, 0x3185, 0x3184, 0x3184, 0x3164, 0x3164, 0x3164, 0x3164, 0x2944, 0x2944, 0x2944,
  0x2944, 0x2944, 0x2923, 0x2923, 0x2903, 0x3164, 0x41E6, 0x2944, 0x0861, 0x0020, 0x0000, 0x0000,
  0x0000, 0x0000, 0x0861, 0x0861, 0x0861, 0x0861, 0x0861, 0x0000, 0x0000, 0x0000, 0x0000, 0x0020,
  0x0861, 0x0861, 0x0861, 0x0861, 0x0841, 0x0000, 0x0000, 0x0000, 0x0000, 0x0841, 0x0861, 0x0861,
  0x0861, 0x0861, 0x0020, 0x0000, 0x0000, 0x0000, 0x0000, 0x0000, 0x0000, 0x0000, 0x0000, 0x0000,
  0x0000, 0x0000, 0x0000, 0x0000, 0x0000, 0x0000, 0x0000, 0x0000, 0x0000, 0x0000, 0x0000, 0x0000,
  0x0000, 0x0000, 0x0841, 0x0861, 0x0861, 0x0861, 0x0861, 0x0020, 0x0000, 0x0000, 0x0000, 0x0000,
  0x0841, 0x0861, 0x0861, 0x0861, 0x0861, 0x0000, 0x0000, 0x0000, 0x0000, 0x0020, 0x0861, 0x0861,
  0x0861, 0x0861, 0x0841, 0x0020, 0x0000, 0x3165, 0x734B, 0x734B, 0x7B8C, 0x83CD, 0x7BAD, 0x7B8D,
  0x7BAC, 0x7BAC, 0x7BAC, 0x7BAC, 0x83CD, 0x83AD, 0x83CD, 0x83ED, 0x83CD, 0x83AC, 0x944E, 0x8C2E,
  0x944F, 0x946F, 0x944F, 0x946F, 0x9CB0, 0x9CB0, 0xA4F1, 0xA4F1, 0xAD12, 0xA4D1, 0x9CB0, 0xA4D1,
  0xA4F1, 0xA4F1, 0xA4F1, 0x9CB0, 0xA4D1, 0xACF1, 0xA4D1, 0x9C90, 0x9C8F, 0x9CB0, 0x8C0E, 0x7BAC,
  0x8C2E, 0x8C0E, 0x8BEE, 0x83AD, 0x7BAD, 0x5247, 0x39A5, 0x41E6, 0x4A27, 0x5247, 0x5247, 0x4A47,
  0x4A27, 0x5247, 0x5268, 0x5268, 0x5268, 0x5268, 0x5268, 0x5268, 0x5268, 0x5268, 0x5268, 0x5A88,
  0x5AA9, 0x5268, 0x5248, 0x5268, 0x5248, 0x5268, 0x5247, 0x39C5, 0x41C6, 0x41C6, 0x39C5, 0x39A5,
  0x39A5, 0x3164, 0x3164, 0x3164, 0x3164, 0x2944, 0x3164, 0x3164, 0x3164, 0x3164, 0x3164, 0x3164,
  0x3164, 0x3164, 0x3184, 0x3184, 0x3164, 0x3164, 0x39A5, 0x4A06, 0x4A47, 0x4A47, 0x4A27, 0x5247,
  0x5268, 0x5247, 0x5248, 0x5248, 0x5268, 0x5268, 0x5268, 0x5247, 0x5247, 0x5247, 0x4A07, 0x4A07,
  0x4A27, 0x4A07, 0x4A06, 0x49E6, 0x41E6, 0x41E6, 0x41E6, 0x41E6, 0x41E6, 0x41E6, 0x41E6, 0x41E6,
  0x41E6, 0x41C6, 0x41C6, 0x39C6, 0x39C5, 0x39C5, 0x39C5, 0x39C5, 0x39C5, 0x39A5, 0x39A5, 0x39A5,
  0x39A5, 0x39A5, 0x3184, 0x3164, 0x3164, 0x3164, 0x3164, 0x2964, 0x2944, 0x41C6, 0x3185, 0x2923,
  0x2903, 0x2944, 0x41C6, 0x4A27, 0x41E7, 0x5AA9, 0x4207, 0x0020, 0x0000, 0x0841, 0x0861, 0x0861,
  0x0861, 0x0861, 0x0020, 0x0000, 0x0000, 0x0000, 0x0020, 0x0861, 0x0861, 0x0861, 0x0861, 0x0841,
  0x0000, 0x0000, 0x0000, 0x0000, 0x0020, 0x0861, 0x0861, 0x0861, 0x0861, 0x0841, 0x0000, 0x0000,
  0x0000, 0x0000, 0x0000, 0x0000, 0x0000, 0x0000, 0x0000, 0x0000, 0x0000, 0x0000, 0x0000, 0x0000,
  0x0000, 0x0000, 0x0000, 0x0000, 0x0000, 0x0000, 0x0000, 0x0000, 0x0000, 0x0000, 0x0000, 0x0000,
  0x0000, 0x0000, 0x0841, 0x0861, 0x0861, 0x0861, 0x0861, 0x0020, 0x0000, 0x0000, 0x0000, 0x0000,
  0x0861, 0x1082, 0x0861, 0x0861, 0x0861, 0x0000, 0x0000, 0x0000, 0x0000, 0x0020, 0x0861, 0x0861,
  0x0861, 0x0861, 0x0841, 0x0000, 0x0000, 0x0000, 0x3185, 0x736C, 0x736B, 0x83CD, 0x7BAC, 0x7B8C,
  0x7B8C, 0x7BAC, 0x7BAC, 0x7BAC, 0x7BAC, 0x7BAC, 0x7B8C, 0x7B8C, 0x7BAC, 0x7B8C, 0x8C0D, 0x944F,
  0x942F, 0x8C0E, 0x8C0E, 0x8C0E, 0x944F, 0x946F, 0xA4B1, 0x9C90, 0x944F, 0x944F, 0xA4D1, 0xA4F1,
  0xA4F1, 0xAD12, 0xA4F1, 0xACF2, 0xA4F1, 0xA4F1, 0xA4D1, 0xA4D1, 0xA4D1, 0xA4F1, 0xA4D1, 0x7BAC,
  0x83AD, 0x8C2E, 0x8C0E, 0x9C90, 0xAD12, 0x83CE, 0x5248, 0x4A07, 0x41E6, 0x4A27, 0x4A27, 0x4A47,
  0x4A47, 0x4A27, 0x4A47, 0x4A47, 0x5247, 0x5268, 0x5268, 0x5247, 0x5268, 0x5268, 0x5268, 0x5247,
  0x5268, 0x5288, 0x5A88, 0x5268, 0x4A27, 0x4A27, 0x5268, 0x4A47, 0x3985, 0x3985, 0x39C5, 0x41E6,
  0x39C6, 0x39A5, 0x3185, 0x3164, 0x3164, 0x2944, 0x2944, 0x2944, 0x3164, 0x3164, 0x2944, 0x2944,
  0x3164, 0x3164, 0x3164, 0x2964, 0x3164, 0x41E6, 0x4A47, 0x4A47, 0x4A27, 0x4A27, 0x4A27, 0x4A47,
  0x5247, 0x4A47, 0x4A27, 0x4A27, 0x4A47, 0x4A47, 0x4A27, 0x4A06, 0x4A06, 0x4A27, 0x4A07, 0x4A07,
  0x4A06, 0x4A07, 0x4A07, 0x49E6, 0x41E6, 0x41E6, 0x41E6, 0x41E6, 0x41E6, 0x41E6, 0x41E6, 0x41E6,
  0x41C6, 0x41C5, 0x39C5, 0x39C5, 0x39C5, 0x39A5, 0x39C5, 0x39C5, 0x39C5, 0x39A5, 0x3185, 0x3184,
  0x3164, 0x3164, 0x3164, 0x2944, 0x2944, 0x2944, 0x2944, 0x2944, 0x4A27, 0x62EA, 0x62A9, 0x5268,
  0x4A27, 0x5268, 0x5AA9, 0x5AA9, 0x62EA, 0x39C6, 0x0000, 0x0000, 0x0000, 0x0861, 0x0861, 0x0861,
  0x0861, 0x0861, 0x0000, 0x0000, 0x0000, 0x0000, 0x0000, 0x0861, 0x0861, 0x0861, 0x0861, 0x0841,
  0x0000, 0x0000, 0x0000, 0x0000, 0x0020, 0x0861, 0x0861, 0x0861, 0x0861, 0x0841, 0x0000, 0x0000,
  0x0000, 0x0000, 0x0000, 0x0000, 0x0000, 0x0000, 0x0000, 0x0000, 0x0000, 0x0000, 0x0000, 0x0000,
  0x0000, 0x0000, 0x0000, 0x0000, 0x0000, 0x0000, 0x0000, 0x0000, 0x0000, 0x0000, 0x0000, 0x0000,
  0x0000, 0x0000, 0x0841, 0x0861, 0x0861, 0x0861, 0x0861, 0x0020, 0x0000, 0x0000, 0x0000, 0x0000,
  0x0861, 0x1082, 0x0861, 0x0861, 0x0861, 0x0000, 0x0000, 0x0000, 0x0000, 0x0020, 0x0861, 0x0861,
  0x0861, 0x0861, 0x0841, 0x0000, 0x0000, 0x0000, 0x0000, 0x39A5, 0x7B8C, 0x7BAC, 0x83AC, 0x7B8C,
  0x7B8C, 0x7BAC, 0x7BAC, 0x7B8C, 0x7B8C, 0x7BAC, 0x7B8C, 0x7B8C, 0x7B8C, 0x736C, 0x7B6C, 0x8C0E,
  0x83ED, 0x83CD, 0x83ED, 0x83ED, 0x8C2E, 0x946F, 0x946F, 0x944F, 0x7BAC, 0x83CD, 0x944F, 0x9CB0,
  0xA4D1, 0xA4F1, 0xA4D1, 0xA4F1, 0xA4D1, 0xA4D1, 0xA4B0, 0xA4B0, 0xA4B0, 0xA4B1, 0xA4D1, 0x946F,
  0x736B, 0x8C0E, 0xA4D1, 0xA4F1, 0x946F, 0x944F, 0x9C90, 0x8C0E, 0x5268, 0x39A5, 0x41E6, 0x4A06,
  0x4A47, 0x4A47, 0x4A27, 0x4A27, 0x4A27, 0x4A47, 0x4A47, 0x4A47, 0x5247, 0x5247, 0x5247, 0x5247,
  0x4A27, 0x5247, 0x5268, 0x5268, 0x5268, 0x5268, 0x4A27, 0x5247, 0x5247, 0x41C6, 0x3985, 0x39A5,
  0x39C5, 0x39C5, 0x39A5, 0x39A5, 0x39A5, 0x3164, 0x2944, 0x2944, 0x2944, 0x2944, 0x2943, 0x2944,
  0x2944, 0x2944, 0x2943, 0x3164, 0x41E6, 0x4A07, 0x4A06, 0x4A27, 0x4A27, 0x4A27, 0x4A27, 0x4A47,
  0x4A47, 0x4A47, 0x4A27, 0x4A47, 0x4A07, 0x4206, 0x4A06, 0x4206, 0x41E6, 0x41E6, 0x4A06, 0x4A06,
  0x4A06, 0x4A06, 0x4A06, 0x4A06, 0x4206, 0x41E6, 0x41E6, 0x41E6, 0x41E6, 0x41E6, 0x41C6, 0x39C5,
  0x39C5, 0x39C5, 0x39A5, 0x39A5, 0x39A5, 0x39A5, 0x39A5, 0x39A5, 0x39A5, 0x31A5, 0x3184, 0x3164,
  0x2944, 0x2944, 0x2944, 0x2923, 0x2944, 0x4A27, 0x5288, 0x5A88, 0x62C9, 0x5AA9, 0x5AA9, 0x5AA9,
  0x5AA9, 0x5A89, 0x5268, 0x5AA9, 0x39C6, 0x0000, 0x0000, 0x0000, 0x0000, 0x0861, 0x0861, 0x0861,
  0x0861, 0x0861, 0x0000, 0x0000, 0x0000, 0x0000, 0x0000, 0x0861, 0x0861, 0x0861, 0x0861, 0x0841,
  0x0000, 0x0000, 0x0000, 0x0000, 0x0020, 0x0861, 0x0861, 0x0861, 0x0861, 0x0020, 0x0000, 0x0000,
  0x0000, 0x0000, 0x0000, 0x0000, 0x0000, 0x0000, 0x0000, 0x0000, 0x0000, 0x0000, 0x0000, 0x0000,
  0x0000, 0x0000, 0x0000, 0x0000, 0x0000, 0x0000, 0x0000, 0x0000, 0x0000, 0x0000, 0x0000, 0x0000,
  0x0000, 0x0000, 0x0841, 0x0861, 0x0861, 0x0861, 0x0861, 0x0020, 0x0000, 0x0000, 0x0000, 0x0000,
  0x0861, 0x0861, 0x0861, 0x0861, 0x0861, 0x0000, 0x0000, 0x0000, 0x0000, 0x0020, 0x0861, 0x0861,
  0x0861, 0x0861, 0x0841, 0x0000, 0x0000, 0x0000, 0x0000, 0x0020, 0x39C6, 0x7B6C, 0x7BAC, 0x7BAD,
  0x7BAC, 0x736B, 0x736C, 0x736C, 0x736C, 0x7B6C, 0x7B8C, 0x7B8C, 0x7B8C, 0x7B8C, 0x732B, 0x734C,
  0x7BAD, 0x83CD, 0x83CD, 0x83ED, 0x8C0E, 0x944E, 0x944F, 0x8C0E, 0x7BAC, 0x7BAC, 0x83ED, 0x946F,
  0x9C90, 0x9C90, 0x9CB0, 0xA4D1, 0xA4D1, 0xA4D1, 0x9CB0, 0x946F, 0x942E, 0x944F, 0x946F, 0xA4B1,
  0x946F, 0x8C0E, 0x9CB0, 0x8C2E, 0x8C2E, 0x9C90, 0x9C90, 0x9C90, 0x944F, 0x6B2B, 0x5A88, 0x41C5,
  0x4A06, 0x4A47, 0x5268, 0x4A47, 0x4A27, 0x4A06, 0x4A27, 0x4A27, 0x4A47, 0x5247, 0x4A27, 0x4A27,
  0x4A27, 0x4A27, 0x4A27, 0x5267, 0x5A88, 0x5A88, 0x5268, 0x4A27, 0x5268, 0x5A89, 0x41E6, 0x3184,
  0x39A5, 0x39A5, 0x39A5, 0x39A5, 0x39C5, 0x39A5, 0x39A5, 0x3185, 0x2944, 0x3164, 0x3985, 0x3985,
  0x3164, 0x2944, 0x3185, 0x41E6, 0x41E6, 0x41E6, 0x49E6, 0x4A27, 0x4A27, 0x4A27, 0x4A27, 0x4A27,
  0x4A27, 0x4A27, 0x4A47, 0x4A27, 0x41E6, 0x41E6, 0x41E6, 0x41E6, 0x41E6, 0x41E6, 0x41E6, 0x41E6,
  0x4206, 0x41E6, 0x41E6, 0x41E6, 0x41E6, 0x41E6, 0x41E6, 0x41E6, 0x41E6, 0x41E6, 0x39C5, 0x39C5,
  0x39C5, 0x39C5, 0x39A5, 0x39A5, 0x39A5, 0x39A5, 0x39A5, 0x39A5, 0x31A5, 0x3184, 0x3184, 0x3164,
  0x2944, 0x2923, 0x2923, 0x3185, 0x5268, 0x62CA, 0x62C9, 0x62C9, 0x5AA9, 0x5AA9, 0x5A89, 0x5A68,
  0x5A68, 0x5A68, 0x5A89, 0x39A6, 0x0000, 0x0000, 0x0000, 0x0000, 0x0000, 0x0861, 0x0861, 0x0861,
  0x0861, 0x0861, 0x0000, 0x0000, 0x0000, 0x0000, 0x0000, 0x0861, 0x1082, 0x0861, 0x1082, 0x0841,
  0x0000, 0x0000, 0x0000, 0x0000, 0x0020, 0x0861, 0x0861, 0x0861, 0x1082, 0x0841, 0x0000, 0x0000,
  0x0000, 0x0000, 0x0000, 0x0000, 0x0000, 0x0000, 0x0000, 0x0000, 0x0000, 0x0000, 0x0000, 0x0000,
  0x0000, 0x0000, 0x0000, 0x0000, 0x0000, 0x0000, 0x0000, 0x0000, 0x0000, 0x0000, 0x0020, 0x0000,
  0x0000, 0x0000, 0x0841, 0x0861, 0x0841, 0x0861, 0x0861, 0x0020, 0x0020, 0x0020, 0x0000, 0x0020,
  0x0841, 0x0861, 0x0861, 0x0841, 0x0841, 0x0020, 0x0000, 0x0000, 0x0000, 0x0020, 0x0861, 0x0841,
  0x0861, 0x0861, 0x0841, 0x0000, 0x0020, 0x0000, 0x0000, 0x0841, 0x0021, 0x3165, 0x7B8C, 0x83CD,
  0x7BAC, 0x7B6B, 0x736B, 0x734B, 0x734B, 0x732B, 0x734B, 0x736B, 0x7B8C, 0x7B6C, 0x6B0B, 0x6B2B,
  0x736C, 0x83AD, 0x83CD, 0x8BED, 0x83ED, 0x8C0E, 0x8C0E, 0x83CD, 0x83AD, 0x83CD, 0x944F, 0x944F,
  0x8C2E, 0x9C6F, 0x9C90, 0x9CB0, 0xA4D0, 0x9CB0, 0xA4D0, 0x946F, 0x8C0E, 0x83ED, 0x8C0E, 0x9C90,
  0xA4D1, 0xA4B1, 0x9C90, 0x8C0E, 0x944F, 0x9C90, 0x9C90, 0x9C90, 0x9C90, 0xA4B1, 0x9C70, 0x6B0A,
  0x41C6, 0x41C5, 0x4A47, 0x4A27, 0x4A27, 0x4A07, 0x4A27, 0x4A27, 0x4A27, 0x4A27, 0x4A27, 0x4A27,
  0x4A07, 0x4A07, 0x4A27, 0x5268, 0x5268, 0x5268, 0x5268, 0x5288, 0x5247, 0x5268, 0x5248, 0x39C5,
  0x3184, 0x3184, 0x3184, 0x39A5, 0x39A5, 0x39A5, 0x39A5, 0x39A5, 0x39A5, 0x39A5, 0x39A5, 0x39A5,
  0x39A5, 0x39C5, 0x39E6, 0x39C6, 0x41C5, 0x41C6, 0x41E6, 0x4A06, 0x4A06, 0x4A06, 0x4A06, 0x4A27,
  0x4A07, 0x4A07, 0x4A07, 0x41E6, 0x41E6, 0x39C6, 0x39C6, 0x39C5, 0x39E6, 0x39C6, 0x39C6, 0x39C6,
  0x41E6, 0x39C6, 0x39C6, 0x39C5, 0x39C5, 0x39C5, 0x41C6, 0x41C6, 0x39C5, 0x39C5, 0x39C5, 0x39A5,
  0x39A5, 0x39A5, 0x39A5, 0x39A5, 0x39A5, 0x3185, 0x3184, 0x3184, 0x3184, 0x3184, 0x3164, 0x2943,
  0x2923, 0x3164, 0x4206, 0x5A88, 0x5AA9, 0x5A89, 0x5A89, 0x5AA9, 0x5AA9, 0x5AA9, 0x5A89, 0x5A68,
  0x5A68, 0x5AA9, 0x39A5, 0x0841, 0x0020, 0x0020, 0x0020, 0x0000, 0x0020, 0x0841, 0x0841, 0x0841,
  0x0841, 0x0841, 0x0020, 0x0020, 0x0000, 0x0000, 0x0020, 0x0861, 0x0861, 0x0841, 0x0861, 0x0841,
  0x0000, 0x0020, 0x0020, 0x0000, 0x0020, 0x0861, 0x0861, 0x0841, 0x0861, 0x0841, 0x0000, 0x0020,
  0x0000, 0x0000, 0x0000, 0x0000, 0x0000, 0x0000, 0x0000, 0x0000, 0x0000, 0x0000, 0x0000, 0x0000,
  0x0000, 0x0000, 0x0000, 0x0000, 0x0000, 0x0000, 0x0000, 0x0000, 0x0000, 0x0020, 0x0861, 0x0861,
  0x0861, 0x0861, 0x0020, 0x0000, 0x0000, 0x0000, 0x0000, 0x0841, 0x0861, 0x0861, 0x0861, 0x0861,
  0x0020, 0x0000, 0x0000, 0x0000, 0x0000, 0x0861, 0x0861, 0x0861, 0x0861, 0x0841, 0x0000, 0x0000,
  0x0000, 0x0000, 0x0020, 0x0861, 0x0861, 0x0861, 0x0861, 0x0020, 0x0000, 0x0000, 0x2924, 0x736C,
  0x7BAC, 0x7B8C, 0x7B8C, 0x7B8C, 0x736C, 0x736C, 0x734B, 0x6B2B, 0x732B, 0x732B, 0x6B2B, 0x6B2B,
  0x6B2B, 0x7B8C, 0x83CD, 0x83CD, 0x83CD, 0x83CD, 0x83CD, 0x7B8C, 0x83AD, 0x83ED, 0x944F, 0x8C0E,
  0x944F, 0x9C90, 0x9C6F, 0x9C90, 0x9C90, 0x944F, 0x946F, 0x9C90, 0x9CB0, 0x942F, 0x8C0E, 0x9C90,
  0x9CB0, 0x9C90, 0x8C2E, 0x9C90, 0x946F, 0x9C90, 0x9C90, 0x9C90, 0x9CB0, 0x9CB0, 0x8C0F, 0x944F,
  0x944F, 0x62C9, 0x5247, 0x41E6, 0x39A5, 0x41C5, 0x41C6, 0x4A06, 0x49E6, 0x4A06, 0x4A06, 0x4A07,
  0x4A07, 0x4A07, 0x4A07, 0x5247, 0x5227, 0x4A27, 0x5247, 0x5268, 0x5247, 0x4A07, 0x5247, 0x5248,
  0x41E6, 0x39C6, 0x39C5, 0x3164, 0x3184, 0x39A5, 0x3185, 0x3185, 0x3185, 0x3185, 0x3184, 0x3185,
  0x39A5, 0x39C5, 0x39A5, 0x39A5, 0x39A5, 0x39A5, 0x39C5, 0x41C6, 0x41C6, 0x41E6, 0x41E6, 0x41E6,
  0x41E6, 0x41E6, 0x41C6, 0x41C6, 0x41C6, 0x39C5, 0x39A5, 0x39A5, 0x39C5, 0x39C5, 0x39A5, 0x39A5,
  0x39A5, 0x39A5, 0x39A5, 0x39A5, 0x39A5, 0x39A5, 0x39A5, 0x39A5, 0x39A5, 0x39A5, 0x39A5, 0x39A5,
  0x3185, 0x3185, 0x3185, 0x3184, 0x3184, 0x3184, 0x3164, 0x3164, 0x3164, 0x2943, 0x3164, 0x41C6,
  0x41E6, 0x5268, 0x5288, 0x5268, 0x5288, 0x5A88, 0x5268, 0x5268, 0x5A88, 0x5A88, 0x5A88, 0x5A88,
  0x5A88, 0x2924, 0x0000, 0x0000, 0x0841, 0x0861, 0x0861, 0x0861, 0x0861, 0x0000, 0x0000, 0x0000,
  0x0000, 0x0000, 0x0861, 0x0861, 0x0861, 0x0861, 0x0861, 0x0000, 0x0000, 0x0000, 0x0000, 0x0020,
  0x0861, 0x0861, 0x0861, 0x1082, 0x0841, 0x0000, 0x0000, 0x0000, 0x0000, 0x0841, 0x1082, 0x0861,
  0x0861, 0x0861, 0x0020, 0x0000, 0x0000, 0x0000, 0x0000, 0x0000, 0x0000, 0x0000, 0x0000, 0x0000,
  0x0000, 0x0000, 0x0000, 0x0000, 0x0000, 0x0000, 0x0000, 0x0000, 0x0000, 0x0020, 0x0861, 0x0861,
  0x0861, 0x0861, 0x0020, 0x0000, 0x0000, 0x0000, 0x0000, 0x0841, 0x0861, 0x0861, 0x0861, 0x0861,
  0x0000, 0x0000, 0x0000, 0x0000, 0x0000, 0x0861, 0x0861, 0x0861, 0x0861, 0x0841, 0x0000, 0x0000,
  0x0000, 0x0000, 0x0020, 0x0861, 0x0861, 0x0861, 0x0861, 0x0020, 0x0000, 0x0000, 0x0000, 0x18C2,
  0x6B2B, 0x7BAC, 0x736B, 0x7B8C, 0x7B6C, 0x7B8C, 0x736C, 0x6B0B, 0x6B0A, 0x6B0B, 0x6B0B, 0x6B0B,
  0x6B0B, 0x732B, 0x7B8C, 0x7B8C, 0x7B8C, 0x7B8C, 0x7BAD, 0x7B8C, 0x7BAC, 0x83CD, 0x7BAC, 0x8C2E,
  0x946F, 0x946F, 0x944F, 0x946F, 0x9C90, 0x946F, 0x944F, 0x944F, 0x9C90, 0xA4F1, 0x9CB0, 0x9C90,
  0x9CB0, 0x946F, 0x8C2E, 0x8C2E, 0x946F, 0x946F, 0x9C90, 0x9C90, 0x9C90, 0x946F, 0x9C6F, 0x946F,
  0xAD12, 0xAD32, 0xA4B1, 0x944F, 0x62EA, 0x5AC9, 0x62EA, 0x41E6, 0x41E6, 0x4A06, 0x49E6, 0x49E6,
  0x4A07, 0x4A07, 0x4A07, 0x4A07, 0x41E6, 0x4206, 0x4A27, 0x4A27, 0x4A27, 0x4A06, 0x4A07, 0x4A07,
  0x4A27, 0x4A27, 0x4A27, 0x39A5, 0x3985, 0x3184, 0x3164, 0x3164, 0x3164, 0x3164, 0x3184, 0x3184,
  0x39A5, 0x39A5, 0x39A5, 0x3185, 0x3184, 0x3184, 0x39A5, 0x39A5, 0x39A5, 0x39A5, 0x39A5, 0x39A5,
  0x39A5, 0x39C5, 0x39A5, 0x39A5, 0x39A5, 0x39A5, 0x39A5, 0x39A5, 0x39A5, 0x39A5, 0x39A5, 0x3185,
  0x3185, 0x3185, 0x3185, 0x3185, 0x31A5, 0x3185, 0x3185, 0x3185, 0x3184, 0x3184, 0x3184, 0x3184,
  0x3184, 0x3184, 0x3184, 0x3164, 0x3164, 0x3164, 0x3164, 0x2944, 0x2944, 0x2944, 0x41E6, 0x5A88,
  0x5268, 0x5268, 0x5268, 0x5248, 0x5247, 0x5268, 0x5267, 0x5247, 0x5247, 0x5247, 0x5268, 0x5268,
  0x20E3, 0x0000, 0x0000, 0x0000, 0x0841, 0x0861, 0x0861, 0x0861, 0x0861, 0x0000, 0x0000, 0x0000,
  0x0000, 0x0000, 0x0861, 0x0861, 0x0861, 0x0861, 0x0861, 0x0000, 0x0000, 0x0000, 0x0000, 0x0020,
  0x0861, 0x0861, 0x0861, 0x0861, 0x0841, 0x0000, 0x0000, 0x0000, 0x0000, 0x0020, 0x0861, 0x0861,
  0x0861, 0x0861, 0x0020, 0x0000, 0x0000, 0x0000, 0x0000, 0x0000, 0x0000, 0x0000, 0x0000, 0x0000,
  0x0000, 0x0000, 0x0000, 0x0000, 0x0000, 0x0000, 0x0000, 0x0000, 0x0000, 0x0020, 0x0861, 0x0861,
  0x0861, 0x0861, 0x0020, 0x0000, 0x0000, 0x0000, 0x0000, 0x0841, 0x0861, 0x0861, 0x0861, 0x0861,
  0x0000, 0x0000, 0x0000, 0x0000, 0x0000, 0x0861, 0x0861, 0x0861, 0x0861, 0x0841, 0x0000, 0x0000,
  0x0000, 0x0000, 0x0020, 0x0861, 0x0861, 0x0861, 0x0861, 0x0020, 0x0000, 0x0000, 0x0000, 0x0000,
  0x18A2, 0x5AA9, 0x734B, 0x732B, 0x732B, 0x734B, 0x736C, 0x734C, 0x6B0B, 0x6B0A, 0x6B0A, 0x6B0A,
  0x6B0A, 0x6B0A, 0x734B, 0x7B6C, 0x7B6C, 0x7B8C, 0x7B8C, 0x7B8C, 0x7B8C, 0x7B8C, 0x736B, 0x83CD,
  0x8C2E, 0x942E, 0x8C2E, 0x946F, 0x946F, 0x944F, 0x8C2E, 0x944F, 0x944F, 0x9C90, 0x9CB0, 0x944F,
  0x946F, 0x946F, 0x9C90, 0x8C2E, 0x8C0E, 0x946F, 0x946F, 0x946F, 0x9C6F, 0x9C90, 0x9C90, 0x9CB0,
  0x9C70, 0xA4D1, 0xAD12, 0xAD32, 0xB533, 0xAD32, 0xB553, 0x83EE, 0x41E6, 0x3985, 0x39C5, 0x41E6,
  0x4A06, 0x4A07, 0x4A07, 0x4206, 0x41E6, 0x41E6, 0x4A06, 0x41E6, 0x41E6, 0x41E6, 0x4A06, 0x4A06,
  0x41E6, 0x49E6, 0x4A06, 0x4A27, 0x4A06, 0x39C6, 0x3164, 0x2943, 0x3164, 0x3164, 0x3164, 0x3164,
  0x3164, 0x3164, 0x3164, 0x3164, 0x3164, 0x3184, 0x3184, 0x3185, 0x3185, 0x3185, 0x3185, 0x3185,
  0x3185, 0x3185, 0x3185, 0x3185, 0x3185, 0x3185, 0x39A5, 0x39A5, 0x3184, 0x3184, 0x3184, 0x3184,
  0x3184, 0x3164, 0x3184, 0x3184, 0x3184, 0x3164, 0x3164, 0x3184, 0x3184, 0x3184, 0x3164, 0x3164,
  0x3164, 0x2964, 0x2964, 0x2944, 0x2944, 0x2944, 0x2923, 0x3185, 0x41E6, 0x4A27, 0x5248, 0x5248,
  0x5248, 0x5248, 0x5248, 0x5227, 0x4A27, 0x4A47, 0x4A47, 0x4A27, 0x4A27, 0x5247, 0x4A07, 0x18A2,
  0x0000, 0x0000, 0x0000, 0x0000, 0x0841, 0x0861, 0x0861, 0x0861, 0x0861, 0x0000, 0x0000, 0x0000,
  0x0000, 0x0000, 0x0861, 0x0861, 0x0861, 0x0861, 0x0861, 0x0000, 0x0000, 0x0000, 0x0000, 0x0020,
  0x0861, 0x0861, 0x0861, 0x0861, 0x0841, 0x0000, 0x0000, 0x0000, 0x0000, 0x0841, 0x0861, 0x0861,
  0x0861, 0x0861, 0x0020, 0x0000, 0x0000, 0x0000, 0x0000, 0x0000, 0x0000, 0x0000, 0x0000, 0x0000,
  0x0000, 0x0000, 0x0000, 0x0000, 0x0000, 0x0000, 0x0000, 0x0000, 0x0000, 0x0020, 0x0861, 0x0861,
  0x0861, 0x0861, 0x0020, 0x0000, 0x0000, 0x0000, 0x0000, 0x0841, 0x1082, 0x0861, 0x0861, 0x0861,
  0x0000, 0x0000, 0x0000, 0x0000, 0x0000, 0x0861, 0x0861, 0x0861, 0x1082, 0x0841, 0x0000, 0x0000,
  0x0000, 0x0000, 0x0020, 0x0861, 0x0861, 0x0861, 0x0861, 0x0020, 0x0000, 0x0000, 0x0000, 0x0000,
  0x0841, 0x1062, 0x4A07, 0x734C, 0x6B0A, 0x6B0B, 0x732B, 0x734C, 0x732B, 0x6AEA, 0x6B0B, 0x6B0B,
  0x6B0A, 0x6B0A, 0x734C, 0x7B6C, 0x734C, 0x736C, 0x734C, 0x736C, 0x7B6C, 0x736C, 0x732B, 0x7B8C,
  0x83ED, 0x83CD, 0x83CD, 0x942F, 0x8C0E, 0x83ED, 0x83ED, 0x8C2E, 0x944F, 0x944F, 0x944F, 0x83ED,
  0x8C0E, 0x944F, 0x8C0E, 0x944F, 0x8C2E, 0x944F, 0x944F, 0x946F, 0x946F, 0x946F, 0x946F, 0x9C90,
  0x9C70, 0x944F, 0xA4D1, 0xAD12, 0xACF1, 0xA4F1, 0xA4F1, 0xACF1, 0x83CD, 0x62CA, 0x4A47, 0x39C5,
  0x4A07, 0x4A06, 0x4A06, 0x41E6, 0x41C6, 0x41E6, 0x41E6, 0x41E6, 0x41E6, 0x41C6, 0x41C6, 0x41E6,
  0x41C6, 0x41C6, 0x4206, 0x4206, 0x41E6, 0x41E6, 0x39A5, 0x3164, 0x39A5, 0x39A5, 0x3164, 0x2944,
  0x2944, 0x2944, 0x2944, 0x3164, 0x3164, 0x3164, 0x3164, 0x3164, 0x3164, 0x3184, 0x3184, 0x3185,
  0x3184, 0x3164, 0x3164, 0x3164, 0x3164, 0x3164, 0x3164, 0x3184, 0x3164, 0x3164, 0x2944, 0x2944,
  0x2944, 0x2944, 0x3144, 0x3144, 0x3144, 0x2944, 0x3164, 0x3164, 0x2944, 0x2944, 0x2944, 0x2944,
  0x2944, 0x2943, 0x2944, 0x2944, 0x2923, 0x2944, 0x39E6, 0x5248, 0x5248, 0x5227, 0x5247, 0x5248,
  0x4A27, 0x4A27, 0x4A27, 0x4A27, 0x4A27, 0x4A27, 0x4A27, 0x4A27, 0x5268, 0x41E7, 0x18A2, 0x0000,
  0x0000, 0x0000, 0x0000, 0x0000, 0x0841, 0x0861, 0x0861, 0x0861, 0x0861, 0x0000, 0x0000, 0x0000,
  0x0000, 0x0000, 0x0861, 0x0861, 0x0861, 0x0861, 0x0861, 0x0000, 0x0000, 0x0000, 0x0000, 0x0020,
  0x1082, 0x0861, 0x0861, 0x1082, 0x0841, 0x0000, 0x0000, 0x0000, 0x0000, 0x0841, 0x1082, 0x0861,
  0x0861, 0x0861, 0x0020, 0x0000, 0x0000, 0x0000, 0x0000, 0x0000, 0x0000, 0x0000, 0x0000, 0x0000,
  0x0000, 0x0000, 0x0000, 0x0000, 0x0000, 0x0000, 0x0000, 0x0000, 0x0000, 0x0020, 0x0841, 0x0841,
  0x0841, 0x0841, 0x0020, 0x0020, 0x0020, 0x0020, 0x0020, 0x0841, 0x0841, 0x0841, 0x0841, 0x0841,
  0x0020, 0x0020, 0x0020, 0x0020, 0x0020, 0x0841, 0x0841, 0x0841, 0x0841, 0x0841, 0x0020, 0x0020,
  0x0020, 0x0020, 0x0841, 0x0841, 0x0841, 0x0841, 0x0841, 0x0020, 0x0020, 0x0020, 0x0020, 0x0020,
  0x0841, 0x0841, 0x0020, 0x3985, 0x6B0B, 0x732B, 0x6B0A, 0x6B2B, 0x734B, 0x6B0B, 0x6B0A, 0x6B0B,
  0x6B0A, 0x62EA, 0x6AEA, 0x732B, 0x732B, 0x734B, 0x734B, 0x734B, 0x736C, 0x734B, 0x6B0B, 0x732B,
  0x7B8C, 0x7B8C, 0x7B6C, 0x7B8D, 0x7BAD, 0x7BAC, 0x7BAC, 0x83ED, 0x8C0E, 0x8C0E, 0x8C0E, 0x83ED,
  0x83CD, 0x8BEE, 0x83CD, 0x736B, 0x8C0E, 0x944F, 0x944E, 0x944F, 0x944F, 0x944F, 0x944F, 0x946F,
  0x9C90, 0xA4D1, 0xA4F1, 0x9C90, 0xA4D1, 0xA4D1, 0xA4D1, 0x9CB0, 0x9C6F, 0xACF2, 0xA4D1, 0x62EA,
  0x39A5, 0x41E6, 0x41C6, 0x39C5, 0x39C5, 0x39C5, 0x39A5, 0x39C5, 0x39C5, 0x39A5, 0x39A5, 0x39A5,
  0x39C5, 0x39A5, 0x39E6, 0x41E6, 0x39C5, 0x41C6, 0x39A5, 0x39A5, 0x39A5, 0x39A5, 0x3164, 0x3164,
  0x2944, 0x2944, 0x2944, 0x2944, 0x2944, 0x2944, 0x2944, 0x2944, 0x2944, 0x2964, 0x3164, 0x2944,
  0x2943, 0x2923, 0x2943, 0x2943, 0x2943, 0x2943, 0x2943, 0x2944, 0x2944, 0x2924, 0x2923, 0x2923,
  0x2943, 0x2944, 0x2943, 0x2943, 0x2944, 0x2943, 0x2923, 0x2943, 0x2923, 0x2923, 0x2923, 0x2943,
  0x2944, 0x2923, 0x2923, 0x2123, 0x3164, 0x4A27, 0x5268, 0x5247, 0x4A47, 0x4A27, 0x4A27, 0x4A27,
  0x4A07, 0x4A27, 0x4A07, 0x49E6, 0x49E6, 0x49E6, 0x4A06, 0x4A27, 0x3185, 0x0861, 0x0841, 0x0841,
  0x0020, 0x0020, 0x0020, 0x0020, 0x0841, 0x0841, 0x0841, 0x0841, 0x0841, 0x0020, 0x0020, 0x0020,
  0x0020, 0x0020, 0x0841, 0x0841, 0x0841, 0x0841, 0x0841, 0x0020, 0x0020, 0x0020, 0x0020, 0x0020,
  0x0841, 0x0841, 0x0841, 0x0841, 0x0841, 0x0020, 0x0020, 0x0020, 0x0020, 0x0841, 0x0841, 0x0841,
  0x0841, 0x0841, 0x0000, 0x0000, 0x0000, 0x0000, 0x0000, 0x0000, 0x0000, 0x0000, 0x0000, 0x0000,
  0x0000, 0x0000, 0x0000, 0x0000, 0x0000, 0x0000, 0x0000, 0x0000, 0x0000, 0x0000, 0x0000, 0x0000,
  0x0000, 0x0000, 0x0841, 0x0861, 0x0861, 0x0861, 0x1082, 0x0020, 0x0000, 0x0000, 0x0000, 0x0000,
  0x0861, 0x1082, 0x0861, 0x0861, 0x0861, 0x0000, 0x0000, 0x0000, 0x0000, 0x0020, 0x1082, 0x0861,
  0x0861, 0x0861, 0x0841, 0x0000, 0x0000, 0x0000, 0x0000, 0x0841, 0x1082, 0x0861, 0x0861, 0x0861,
  0x0020, 0x0000, 0x0000, 0x0000, 0x20E3, 0x630A, 0x734B, 0x6B0A, 0x7B8C, 0x734B, 0x6AEA, 0x6B0B,
  0x6B0A, 0x62EA, 0x62EA, 0x6AEA, 0x6B0B, 0x6B2B, 0x6B2B, 0x732B, 0x734C, 0x6B2B, 0x6B0A, 0x6B2B,
  0x736C, 0x736C, 0x734B, 0x736C, 0x7B8C, 0x7B8C, 0x7B8C, 0x7B8C, 0x7BAD, 0x83CD, 0x83EE, 0x83ED,
  0x83CD, 0x83ED, 0x83ED, 0x83CD, 0x83CD, 0x8C0D, 0x8C2E, 0x8C2E, 0x8C2E, 0x8C2E, 0x944F, 0x946F,
  0x946F, 0x946F, 0xA4F1, 0x946F, 0x9C90, 0x9CB0, 0xA4D1, 0x9CB0, 0x944F, 0x9C90, 0xA4F2, 0xA4D1,
  0x62EA, 0x3984, 0x39A5, 0x39C5, 0x39A5, 0x3185, 0x39A5, 0x39A5, 0x39A5, 0x3185, 0x3184, 0x3184,
  0x31A5, 0x31A5, 0x39A5, 0x39A5, 0x39A5, 0x39A5, 0x31A5, 0x3164, 0x39A5, 0x39A5, 0x3184, 0x2944,
  0x3164, 0x2944, 0x2923, 0x2923, 0x2923, 0x2923, 0x2923, 0x2923, 0x2923, 0x2923, 0x2923, 0x2923,
  0x2923, 0x2923, 0x2923, 0x2923, 0x2923, 0x2923, 0x2923, 0x2923, 0x2923, 0x2923, 0x2923, 0x2923,
  0x2923, 0x2923, 0x2923, 0x2923, 0x2923, 0x2923, 0x2103, 0x2923, 0x2923, 0x2923, 0x2923, 0x2923,
  0x2923, 0x2923, 0x2944, 0x39A5, 0x4A27, 0x5227, 0x4A27, 0x4A27, 0x4A06, 0x4A07, 0x4A27, 0x4A07,
  0x49E6, 0x4A06, 0x41E6, 0x41E6, 0x41C6, 0x41E6, 0x41E6, 0x20E3, 0x0000, 0x0000, 0x0000, 0x0841,
  0x0861, 0x0861, 0x0861, 0x0861, 0x0020, 0x0000, 0x0000, 0x0000, 0x0000, 0x0861, 0x1082, 0x0861,
  0x0861, 0x0861, 0x0000, 0x0000, 0x0000, 0x0000, 0x0000, 0x0861, 0x0861, 0x0861, 0x0861, 0x0841,
  0x0000, 0x0000, 0x0000, 0x0000, 0x0020, 0x1082, 0x0861, 0x0861, 0x1082, 0x0841, 0x0000, 0x0000,
  0x0000, 0x0000, 0x0000, 0x0000, 0x0000, 0x0000, 0x0000, 0x0000, 0x0000, 0x0000, 0x0000, 0x0000,
  0x0000, 0x0000, 0x0000, 0x0000, 0x0000, 0x0000, 0x0000, 0x0000, 0x0000, 0x0000, 0x0000, 0x0000,
  0x0000, 0x0000, 0x0841, 0x0861, 0x0861, 0x0861, 0x0861, 0x0020, 0x0000, 0x0000, 0x0000, 0x0000,
  0x0861, 0x0861, 0x0861, 0x0861, 0x0861, 0x0000, 0x0000, 0x0000, 0x0000, 0x0020, 0x0861, 0x0861,
  0x0861, 0x0861, 0x0841, 0x0000, 0x0000, 0x0000, 0x0000, 0x0841, 0x0861, 0x0861, 0x0861, 0x0861,
  0x0020, 0x0000, 0x0000, 0x0000, 0x0000, 0x18C2, 0x5AA9, 0x7B8C, 0x736B, 0x734B, 0x6B2B, 0x7B6C,
  0x736C, 0x62C9, 0x62C9, 0x62C9, 0x62EA, 0x6AEA, 0x6AEA, 0x6B0B, 0x732B, 0x6B0B, 0x6AEA, 0x6B0B,
  0x732B, 0x6B2B, 0x6B2B, 0x734B, 0x736C, 0x736C, 0x734C, 0x7B8C, 0x7B8C, 0x7B8C, 0x83CD, 0x83CD,
  0x83CD, 0x83CD, 0x8BED, 0x83ED, 0x83CD, 0x83AD, 0x7B8C, 0x8BEE, 0x8BED, 0x83ED, 0x8C0E, 0x8C0E,
  0x83AD, 0x83ED, 0x8C2E, 0x944F, 0x9CB0, 0x9C90, 0x9CB0, 0x9C90, 0x9C70, 0x9C90, 0x9C6F, 0x942F,
  0x944F, 0x736C, 0x41C6, 0x3164, 0x3184, 0x3184, 0x3184, 0x3184, 0x3184, 0x3164, 0x3164, 0x3164,
  0x3184, 0x3184, 0x3184, 0x39A5, 0x3185, 0x3185, 0x39A5, 0x3185, 0x3164, 0x3185, 0x3185, 0x3164,
  0x2944, 0x2944, 0x2943, 0x2923, 0x2103, 0x2103, 0x2103, 0x2103, 0x2103, 0x2103, 0x2103, 0x2103,
  0x2903, 0x2103, 0x2103, 0x2103, 0x2103, 0x2103, 0x2103, 0x2103, 0x2903, 0x2923, 0x2103, 0x2103,
  0x2103, 0x2103, 0x2923, 0x2924, 0x2923, 0x2903, 0x2103, 0x2903, 0x2103, 0x2103, 0x2903, 0x3164,
  0x39A5, 0x39C6, 0x41E6, 0x4A07, 0x4A06, 0x4A07, 0x4206, 0x41E6, 0x41E6, 0x4206, 0x4A07, 0x4A06,
  0x49E6, 0x41E6, 0x41C6, 0x39C6, 0x41E6, 0x39A5, 0x1081, 0x0000, 0x0000, 0x0000, 0x0000, 0x0841,
  0x0861, 0x0861, 0x0861, 0x0861, 0x0020, 0x0000, 0x0000, 0x0000, 0x0000, 0x0861, 0x0861, 0x0861,
  0x0861, 0x0861, 0x0000, 0x0000, 0x0000, 0x0000, 0x0000, 0x0861, 0x0861, 0x0861, 0x0861, 0x0841,
  0x0000, 0x0000, 0x0000, 0x0000, 0x0020, 0x0861, 0x0861, 0x0861, 0x0861, 0x0841, 0x0000, 0x0000,
  0x0000, 0x0000, 0x0000, 0x0000, 0x0000, 0x0000, 0x0000, 0x0000, 0x0000, 0x0000, 0x0000, 0x0000,
  0x0000, 0x0000, 0x0000, 0x0000, 0x0000, 0x0000, 0x0000, 0x0000, 0x0000, 0x0000, 0x0000, 0x0000,
  0x0000, 0x0000, 0x0841, 0x0861, 0x0861, 0x0861, 0x0861, 0x0020, 0x0000, 0x0000, 0x0000, 0x0000,
  0x0861, 0x0861, 0x0861, 0x0861, 0x0861, 0x0000, 0x0000, 0x0000, 0x0000, 0x0020, 0x0861, 0x0861,
  0x0861, 0x0861, 0x0841, 0x0000, 0x0000, 0x0000, 0x0000, 0x0841, 0x0861, 0x0861, 0x0861, 0x0861,
  0x0020, 0x0000, 0x0000, 0x0000, 0x0000, 0x0841, 0x0861, 0x41C6, 0x734B, 0x736B, 0x732B, 0x734C,
  0x7B6C, 0x6B2B, 0x62EA, 0x5AC9, 0x5AA9, 0x6B0B, 0x62EA, 0x62EA, 0x6B0B, 0x6AEA, 0x62C9, 0x62EA,
  0x6B0A, 0x6AEA, 0x6AEA, 0x6B0A, 0x732B, 0x732B, 0x734B, 0x732B, 0x734C, 0x736C, 0x7B8C, 0x7B8C,
  0x7B6C, 0x7BAC, 0x83CD, 0x7B8C, 0x7B8C, 0x7BAD, 0x7B6C, 0x7B6C, 0x8BEE, 0x83ED, 0x83EE, 0x83CD,
  0x8BEE, 0x944F, 0x83ED, 0x83CD, 0x946F, 0x946F, 0x9C70, 0x944F, 0x944F, 0x946F, 0x9C90, 0x946F,
  0x8C2E, 0x946F, 0x942F, 0x736C, 0x2943, 0x3144, 0x3184, 0x3164, 0x3164, 0x2944, 0x2944, 0x2944,
  0x2944, 0x2944, 0x3164, 0x3184, 0x3184, 0x3184, 0x3185, 0x3185, 0x3164, 0x3164, 0x3164, 0x3164,
  0x2944, 0x2923, 0x2903, 0x2903, 0x2103, 0x2103, 0x2103, 0x2103, 0x2103, 0x2103, 0x2103, 0x2103,
  0x2103, 0x2103, 0x20E3, 0x2103, 0x2103, 0x2103, 0x2923, 0x2944, 0x3165, 0x39A5, 0x3164, 0x3164,
  0x3184, 0x2923, 0x2103, 0x20E3, 0x20E3, 0x20E3, 0x2103, 0x2103, 0x2903, 0x3164, 0x39C6, 0x4207,
  0x4206, 0x4206, 0x41E6, 0x41E6, 0x41E6, 0x41E6, 0x41E6, 0x41C6, 0x41C6, 0x41E6, 0x49E6, 0x41E6,
  0x41E6, 0x41C6, 0x41C6, 0x39C6, 0x2944, 0x1081, 0x0000, 0x0000, 0x0000, 0x0000, 0x0000, 0x0841,
  0x0861, 0x0861, 0x0861, 0x0861, 0x0020, 0x0000, 0x0000, 0x0000, 0x0000, 0x0861, 0x0861, 0x0861,
  0x0861, 0x0861, 0x0000, 0x0000, 0x0000, 0x0000, 0x0000, 0x0861, 0x0861, 0x0861, 0x0861, 0x0841,
  0x0000, 0x0000, 0x0000, 0x0000, 0x0020, 0x0861, 0x0861, 0x0861, 0x0861, 0x0020, 0x0000, 0x0000,
  0x0000, 0x0000, 0x0000, 0x0000, 0x0000, 0x0000, 0x0000, 0x0000, 0x0000, 0x0000, 0x0000, 0x0000,
  0x0000, 0x0000, 0x0000, 0x0000, 0x0000, 0x0000, 0x0000, 0x0000, 0x0000, 0x0000, 0x0000, 0x0000,
  0x0000, 0x0000, 0x0841, 0x0861, 0x0861, 0x0861, 0x1082, 0x0020, 0x0000, 0x0000, 0x0000, 0x0000,
  0x0861, 0x0861, 0x0861, 0x0861, 0x0861, 0x0000, 0x0000, 0x0000, 0x0000, 0x0020, 0x0861, 0x0861,
  0x0861, 0x0861, 0x0841, 0x0000, 0x0000, 0x0000, 0x0000, 0x0841, 0x0861, 0x0861, 0x0861, 0x0861,
  0x0020, 0x0000, 0x0000, 0x0000, 0x0000, 0x0861, 0x0861, 0x0841, 0x2924, 0x5AA9, 0x732B, 0x732B,
  0x734B, 0x732B, 0x734B, 0x732B, 0x6B2B, 0x734C, 0x62EA, 0x5AA9, 0x62EA, 0x62CA, 0x5AA9, 0x62C9,
  0x62EA, 0x62CA, 0x62CA, 0x62CA, 0x6B0A, 0x6B2B, 0x732B, 0x6B0B, 0x62EA, 0x732B, 0x734B, 0x736B,
  0x6B0A, 0x736B, 0x7BAC, 0x734B, 0x734B, 0x734B, 0x7B8C, 0x734B, 0x7B8C, 0x83CD, 0x83CD, 0x83CD,
  0x8C0E, 0x946F, 0x83ED, 0x83CD, 0x83ED, 0x8C0E, 0x8C0E, 0x83ED, 0x8C0E, 0x944F, 0x944F, 0x944E,
  0x8C0E, 0x8C2E, 0x8C0F, 0x9450, 0x62EA, 0x2964, 0x2923, 0x2923, 0x2944, 0x2944, 0x2944, 0x2943,
  0x2943, 0x2943, 0x2944, 0x3164, 0x3164, 0x3164, 0x3164, 0x3164, 0x3164, 0x3164, 0x3164, 0x2944,
  0x2944, 0x2944, 0x2923, 0x2103, 0x2103, 0x2103, 0x20E3, 0x18E3, 0x2103, 0x20E3, 0x20E3, 0x2103,
  0x2124, 0x2123, 0x2923, 0x3185, 0x3185, 0x3184, 0x3985, 0x39A5, 0x39A5, 0x39A5, 0x39A5, 0x39A5,
  0x39A5, 0x3185, 0x3164, 0x3164, 0x3164, 0x2923, 0x2923, 0x3185, 0x41C5, 0x41E6, 0x41E6, 0x41E6,
  0x41E6, 0x41E6, 0x41E6, 0x39E6, 0x41E6, 0x41E6, 0x41E6, 0x41C6, 0x41C6, 0x41E6, 0x41E6, 0x41C6,
  0x41E6, 0x4206, 0x39C6, 0x18E3, 0x0861, 0x1061, 0x0020, 0x0000, 0x0000, 0x0000, 0x0000, 0x0841,
  0x0861, 0x0861, 0x0861, 0x0861, 0x0020, 0x0000, 0x0000, 0x0000, 0x0000, 0x0861, 0x0861, 0x0861,
  0x0861, 0x0861, 0x0000, 0x0000, 0x0000, 0x0000, 0x0000, 0x0861, 0x0861, 0x0861, 0x1082, 0x0841,
  0x0000, 0x0000, 0x0000, 0x0000, 0x0020, 0x0861, 0x0861, 0x0861, 0x1082, 0x0020, 0x0000, 0x0000,
  0x0000, 0x0000, 0x0000, 0x0000, 0x0000, 0x0000, 0x0000, 0x0000, 0x0000, 0x0000, 0x0000, 0x0000,
  0x0000, 0x0000, 0x0000, 0x0000, 0x0000, 0x0000, 0x0000, 0x0000, 0x0000, 0x0000, 0x0020, 0x0020,
  0x0020, 0x0020, 0x0841, 0x0841, 0x0841, 0x0020, 0x0841, 0x0841, 0x0020, 0x0020, 0x0841, 0x0841,
  0x0841, 0x0841, 0x0841, 0x0841, 0x0841, 0x0841, 0x0020, 0x0020, 0x0020, 0x0841, 0x0841, 0x0841,
  0x0841, 0x0841, 0x0841, 0x0020, 0x0020, 0x0020, 0x0020, 0x0020, 0x0841, 0x0841, 0x0841, 0x0841,
  0x0841, 0x0020, 0x0020, 0x0020, 0x0020, 0x0840, 0x0020, 0x0841, 0x0020, 0x0841, 0x41C6, 0x732B,
  0x732B, 0x6AEA, 0x6B0A, 0x6B2B, 0x6B2B, 0x6B2B, 0x6B0B, 0x62EA, 0x5AA9, 0x5A88, 0x5AA9, 0x62A9,
  0x62A9, 0x5AA9, 0x5AC9, 0x5AC9, 0x62EA, 0x6B0A, 0x6B0B, 0x6AEA, 0x6B0A, 0x732B, 0x732B, 0x732B,
  0x734B, 0x736C, 0x7B8C, 0x734C, 0x732B, 0x6B0A, 0x6B2B, 0x734B, 0x734B, 0x7BAD, 0x7B8C, 0x734B,
  0x7B8C, 0x83ED, 0x7BAC, 0x83CD, 0x83ED, 0x83CD, 0x83CD, 0x83CD, 0x83ED, 0x8C0E, 0x944F, 0x8C2E,
  0x942F, 0x8C0E, 0x83EE, 0x83CE, 0x8BEE, 0x83CD, 0x734B, 0x3164, 0x18C2, 0x2923, 0x2923, 0x2943,
  0x2943, 0x2923, 0x2923, 0x2944, 0x2944, 0x2944, 0x2944, 0x2944, 0x2944, 0x2944, 0x2944, 0x2943,
  0x2923, 0x2923, 0x2923, 0x2123, 0x2103, 0x20E3, 0x18E3, 0x2103, 0x2103, 0x2103, 0x2924, 0x2944,
  0x3164, 0x3164, 0x3164, 0x3185, 0x3185, 0x3185, 0x3185, 0x3185, 0x3185, 0x3185, 0x39A5, 0x3185,
  0x3185, 0x39A5, 0x39A5, 0x39A5, 0x39A5, 0x39A5, 0x39A5, 0x41E6, 0x39C5, 0x39A5, 0x39C5, 0x39A5,
  0x39C5, 0x41E6, 0x39C5, 0x39C5, 0x39C5, 0x39C6, 0x39C6, 0x41C6, 0x41C6, 0x41C6, 0x41C5, 0x41E6,
  0x41E6, 0x3165, 0x1061, 0x0020, 0x0841, 0x0841, 0x0040, 0x0020, 0x0020, 0x0020, 0x0020, 0x0841,
  0x0841, 0x0020, 0x0841, 0x0841, 0x0020, 0x0020, 0x0020, 0x0841, 0x0020, 0x0841, 0x0841, 0x0841,
  0x0020, 0x0841, 0x0020, 0x0020, 0x0020, 0x0020, 0x0020, 0x0841, 0x0020, 0x0841, 0x0841, 0x0020,
  0x0020, 0x0841, 0x0020, 0x0020, 0x0020, 0x0841, 0x0841, 0x0841, 0x0841, 0x0841, 0x0020, 0x0020,
  0x0020, 0x0020, 0x0000, 0x0000, 0x0000, 0x0000, 0x0000, 0x0000, 0x0000, 0x0000, 0x0000, 0x0000,
  0x0000, 0x0000, 0x0000, 0x0000, 0x0000, 0x0000, 0x0000, 0x0000, 0x0000, 0x0020, 0x1082, 0x0861,
  0x0861, 0x1082, 0x0020, 0x0000, 0x0000, 0x0000, 0x0000, 0x0841, 0x1082, 0x0861, 0x0861, 0x0861,
  0x0020, 0x0000, 0x0000, 0x0000, 0x0000, 0x0861, 0x0861, 0x0861, 0x1082, 0x0861, 0x0000, 0x0000,
  0x0000, 0x0000, 0x0020, 0x1082, 0x0861, 0x0861, 0x1082, 0x0020, 0x0000, 0x0000, 0x0000, 0x0000,
  0x0861, 0x0861, 0x0861, 0x0861, 0x0861, 0x0000, 0x0000, 0x0000, 0x0000, 0x0000, 0x0841, 0x2924,
  0x5268, 0x62EA, 0x62C9, 0x62CA, 0x6B0A, 0x62EA, 0x62EA, 0x6B2B, 0x6B0A, 0x62C9, 0x5AA9, 0x5A89,
  0x5AA9, 0x5AA9, 0x5AA9, 0x5AA9, 0x62C9, 0x62EA, 0x62EA, 0x62EA, 0x6B0A, 0x6B0A, 0x6B0A, 0x6B0A,
  0x6B0B, 0x6B0B, 0x734B, 0x734B, 0x732B, 0x734B, 0x6B2B, 0x732B, 0x732B, 0x7B6C, 0x736C, 0x734B,
  0x6B0B, 0x6B2B, 0x732B, 0x734B, 0x7B8C, 0x83CD, 0x83CD, 0x83ED, 0x83ED, 0x8C0E, 0x8C2E, 0x8C2E,
  0x8C0E, 0x8C0E, 0x83AD, 0x7BAD, 0x7B8C, 0x8BEE, 0x9470, 0x8C0E, 0x4A47, 0x2103, 0x2103, 0x20E2,
  0x2103, 0x2923, 0x2923, 0x2924, 0x2944, 0x2944, 0x2944, 0x2944, 0x2944, 0x2944, 0x2923, 0x2944,
  0x2943, 0x2923, 0x2923, 0x2923, 0x2923, 0x2103, 0x2923, 0x2944, 0x2944, 0x2944, 0x2944, 0x3164,
  0x2944, 0x2944, 0x3164, 0x3164, 0x3164, 0x3164, 0x3164, 0x3164, 0x3184, 0x3185, 0x3184, 0x3164,
  0x3164, 0x3184, 0x3184, 0x3164, 0x3184, 0x3164, 0x3164, 0x39A5, 0x3184, 0x39A5, 0x39A5, 0x41C5,
  0x4A07, 0x5248, 0x4A07, 0x41E6, 0x4206, 0x4A06, 0x41E6, 0x41E6, 0x41C6, 0x41A5, 0x41C6, 0x41C6,
  0x2103, 0x0020, 0x0000, 0x0000, 0x0000, 0x0000, 0x0841, 0x1082, 0x0861, 0x0861, 0x0861, 0x0020,
  0x0000, 0x0000, 0x0000, 0x0000, 0x0861, 0x1082, 0x0861, 0x0861, 0x0861, 0x0000, 0x0000, 0x0000,
  0x0000, 0x0000, 0x0861, 0x0861, 0x0861, 0x0861, 0x0861, 0x0000, 0x0000, 0x0000, 0x0000, 0x0020,
  0x1082, 0x0861, 0x0861, 0x1082, 0x0841, 0x0000, 0x0000, 0x0000, 0x0000, 0x0841, 0x1082, 0x0861,
  0x0861, 0x0861, 0x0020, 0x0000, 0x0000, 0x0000, 0x0000, 0x0000, 0x0000, 0x0000, 0x0000, 0x0000,
  0x0000, 0x0000, 0x0000, 0x0000, 0x0000, 0x0000, 0x0000, 0x0000, 0x0000, 0x0020, 0x0861, 0x0861,
  0x0861, 0x0861, 0x0020, 0x0000, 0x0000, 0x0000, 0x0000, 0x0841, 0x0861, 0x0861, 0x0861, 0x0861,
  0x0020, 0x0000, 0x0000, 0x0000, 0x0000, 0x0861, 0x0861, 0x0861, 0x0861, 0x0841, 0x0000, 0x0000,
  0x0000, 0x0000, 0x0020, 0x0861, 0x0861, 0x0861, 0x0861, 0x0020, 0x0000, 0x0000, 0x0000, 0x0000,
  0x0841, 0x0861, 0x0861, 0x0861, 0x0861, 0x0000, 0x0000, 0x0000, 0x0000, 0x0000, 0x0862, 0x0841,
  0x0861, 0x3185, 0x5A89, 0x5AA9, 0x5A88, 0x5A88, 0x5A88, 0x62EA, 0x6B0A, 0x6B0B, 0x6B0A, 0x62CA,
  0x62A9, 0x5AA9, 0x5268, 0x5A88, 0x5AA9, 0x5AC9, 0x5A88, 0x5AA9, 0x62EA, 0x62C9, 0x62C9, 0x62C9,
  0x62EA, 0x62CA, 0x62CA, 0x6B0A, 0x6B2B, 0x732B, 0x734B, 0x6B2B, 0x6B2B, 0x734B, 0x734C, 0x734B,
  0x734B, 0x732B, 0x6B2B, 0x732B, 0x6B2B, 0x734B, 0x83AD, 0x7BAC, 0x7B8C, 0x83AD, 0x83CD, 0x83ED,
  0x8C0E, 0x8C0E, 0x7B8C, 0x736C, 0x7B8C, 0x7B6C, 0x83EE, 0x944F, 0x8C2F, 0x62EA, 0x6B0A, 0x5A88,
  0x2943, 0x20E2, 0x20E3, 0x2103, 0x2103, 0x2103, 0x2123, 0x2123, 0x2923, 0x2944, 0x2923, 0x2103,
  0x20E2, 0x20E2, 0x2103, 0x2923, 0x2943, 0x2944, 0x2944, 0x2944, 0x2943, 0x2923, 0x2923, 0x2943,
  0x2944, 0x2944, 0x2944, 0x3164, 0x3164, 0x2944, 0x2944, 0x2944, 0x2944, 0x2944, 0x2964, 0x2944,
  0x2944, 0x3164, 0x39C6, 0x41E6, 0x3985, 0x39A5, 0x4A07, 0x4A47, 0x41C6, 0x39C5, 0x41E6, 0x4A07,
  0x4A27, 0x4A07, 0x4A07, 0x4A07, 0x4A27, 0x4A07, 0x4A07, 0x4A07, 0x4A07, 0x41E6, 0x3164, 0x18A2,
  0x0861, 0x0841, 0x0000, 0x0000, 0x0000, 0x0000, 0x0841, 0x0861, 0x0861, 0x0861, 0x0861, 0x0020,
  0x0000, 0x0000, 0x0000, 0x0000, 0x0841, 0x0861, 0x0861, 0x0861, 0x0861, 0x0000, 0x0000, 0x0000,
  0x0000, 0x0000, 0x0861, 0x0861, 0x0861, 0x0861, 0x0861, 0x0000, 0x0000, 0x0000, 0x0000, 0x0020,
  0x0861, 0x0861, 0x0861, 0x0861, 0x0841, 0x0000, 0x0000, 0x0000, 0x0000, 0x0841, 0x0861, 0x0861,
  0x0861, 0x0861, 0x0020, 0x0000, 0x0000, 0x0000, 0x0000, 0x0000, 0x0000, 0x0000, 0x0000, 0x0000,
  0x0000, 0x0000, 0x0000, 0x0000, 0x0000, 0x0000, 0x0000, 0x0000, 0x0000, 0x0020, 0x0861, 0x0861,
  0x0861, 0x0861, 0x0020, 0x0000, 0x0000, 0x0000, 0x0000, 0x0841, 0x0861, 0x0861, 0x0861, 0x0861,
  0x0000, 0x0000, 0x0000, 0x0000, 0x0000, 0x0861, 0x0861, 0x0861, 0x0861, 0x0841, 0x0000, 0x0000,
  0x0000, 0x0000, 0x0020, 0x0861, 0x0861, 0x0861, 0x0861, 0x0020, 0x0000, 0x0000, 0x0000, 0x0000,
  0x0841, 0x0861, 0x0861, 0x0861, 0x0861, 0x0000, 0x0000, 0x0000, 0x0000, 0x0000, 0x0861, 0x0861,
  0x0861, 0x0841, 0x18C2, 0x39C6, 0x5268, 0x5268, 0x5268, 0x5A88, 0x62C9, 0x62EA, 0x62EA, 0x62EA,
  0x6B0A, 0x5AA9, 0x5268, 0x5248, 0x5A88, 0x5A88, 0x5A88, 0x5A89, 0x5AA9, 0x5AC9, 0x5AA9, 0x62C9,
  0x62C9, 0x62C9, 0x62C9, 0x62C9, 0x62C9, 0x62CA, 0x62EA, 0x62CA, 0x62C9, 0x6B0A, 0x734B, 0x736B,
  0x734B, 0x732B, 0x6B2B, 0x6B0B, 0x6B2B, 0x732B, 0x734C, 0x62EA, 0x62A9, 0x736C, 0x7BAC, 0x83CD,
  0x83CD, 0x83CD, 0x7B8C, 0x734B, 0x734C, 0x7B6C, 0x7BAD, 0x7BAD, 0x7B8C, 0x83AD, 0x734B, 0x83CD,
  0x7B6C, 0x62CA, 0x5A89, 0x3985, 0x3144, 0x39C6, 0x41E6, 0x41E6, 0x39A5, 0x2923, 0x3184, 0x4206,
  0x5268, 0x5268, 0x3985, 0x3985, 0x2944, 0x2103, 0x2103, 0x2103, 0x20E3, 0x20E2, 0x2103, 0x2943,
  0x2923, 0x2944, 0x2944, 0x2943, 0x2943, 0x2923, 0x2923, 0x2923, 0x2923, 0x2923, 0x2923, 0x2944,
  0x39A5, 0x41E6, 0x5248, 0x5268, 0x5227, 0x5247, 0x5268, 0x5227, 0x4A27, 0x4A07, 0x41C6, 0x41E6,
  0x41E6, 0x41E6, 0x41E6, 0x41E6, 0x41E6, 0x41E6, 0x4A06, 0x4A27, 0x41C6, 0x20E3, 0x0861, 0x0861,
  0x1082, 0x0841, 0x0000, 0x0000, 0x0000, 0x0000, 0x0841, 0x0861, 0x0861, 0x0861, 0x0861, 0x0020,
  0x0000, 0x0000, 0x0000, 0x0000, 0x0841, 0x0861, 0x0861, 0x0861, 0x0861, 0x0000, 0x0000, 0x0000,
  0x0000, 0x0000, 0x0861, 0x0861, 0x0861, 0x0861, 0x0861, 0x0000, 0x0000, 0x0000, 0x0000, 0x0020,
  0x0861, 0x0861, 0x0861, 0x1082, 0x0841, 0x0000, 0x0000, 0x0000, 0x0000, 0x0841, 0x0861, 0x0861,
  0x0861, 0x0861, 0x0020, 0x0000, 0x0000, 0x0000, 0x0000, 0x0000, 0x0000, 0x0000, 0x0000, 0x0000,
  0x0000, 0x0000, 0x0000, 0x0000, 0x0000, 0x0000, 0x0000, 0x0000, 0x0000, 0x0020, 0x1082, 0x0861,
  0x0861, 0x1082, 0x0020, 0x0000, 0x0000, 0x0000, 0x0000, 0x0841, 0x1082, 0x0861, 0x0861, 0x0861,
  0x0000, 0x0000, 0x0000, 0x0000, 0x0000, 0x0861, 0x0861, 0x1082, 0x1082, 0x0841, 0x0000, 0x0000,
  0x0000, 0x0000, 0x0841, 0x0861, 0x0861, 0x0861, 0x1082, 0x0020, 0x0000, 0x0000, 0x0000, 0x0000,
  0x0841, 0x1082, 0x0861, 0x0861, 0x0861, 0x0000, 0x0000, 0x0000, 0x0000, 0x0000, 0x0861, 0x0861,
  0x0861, 0x1082, 0x0841, 0x0000, 0x18C2, 0x41E6, 0x5A88, 0x5288, 0x5288, 0x62C9, 0x62EA, 0x6AEA,
  0x62EA, 0x62C9, 0x5AA9, 0x5A89, 0x5288, 0x5268, 0x5A88, 0x5A89, 0x5A89, 0x5AA9, 0x5AA9, 0x5AA9,
  0x5AA9, 0x5AC9, 0x62C9, 0x62C9, 0x62C9, 0x62C9, 0x62CA, 0x62A9, 0x5A68, 0x5A89, 0x6AEA, 0x732B,
  0x734B, 0x6B2B, 0x6B2B, 0x6B0B, 0x6B0B, 0x732B, 0x732B, 0x6B0B, 0x62A9, 0x6B2B, 0x736B, 0x7B8C,
  0x7BAC, 0x7B8C, 0x736C, 0x6B2B, 0x6B0A, 0x6B2B, 0x734C, 0x7B8C, 0x7B8C, 0x7B8C, 0x7B6C, 0x734B,
  0x7B8D, 0x7B8C, 0x7B8D, 0x7B8C, 0x734C, 0x7B6C, 0x7B8C, 0x736C, 0x734C, 0x6B0A, 0x7B6C, 0x83CD,
  0x83CD, 0x83CD, 0x7BAC, 0x7BAC, 0x734B, 0x4A27, 0x41E6, 0x5A89, 0x41C6, 0x4A27, 0x39A5, 0x2103,
  0x20E3, 0x20E3, 0x2923, 0x2103, 0x2103, 0x2923, 0x2923, 0x2923, 0x2943, 0x3164, 0x3985, 0x41E6,
  0x4A47, 0x4A27, 0x5247, 0x4A47, 0x4A47, 0x5247, 0x4A27, 0x4A07, 0x4A07, 0x4A07, 0x41E6, 0x41C6,
  0x39C5, 0x39C5, 0x39C6, 0x39C5, 0x39A5, 0x39C6, 0x39A5, 0x20E3, 0x0841, 0x0861, 0x1082, 0x0861,
  0x1082, 0x0841, 0x0000, 0x0000, 0x0000, 0x0000, 0x0841, 0x1082, 0x0861, 0x0861, 0x1082, 0x0020,
  0x0000, 0x0000, 0x0000, 0x0000, 0x0861, 0x1082, 0x0861, 0x0861, 0x0861, 0x0000, 0x0000, 0x0000,
  0x0000, 0x0000, 0x0861, 0x0861, 0x0861, 0x1082, 0x0861, 0x0000, 0x0000, 0x0000, 0x0000, 0x0020,
  0x1082, 0x0861, 0x0861, 0x1082, 0x0841, 0x0000, 0x0000, 0x0000, 0x0000, 0x0841, 0x1082, 0x0861,
  0x0861, 0x0861, 0x0020, 0x0000, 0x0000, 0x0000, 0x0000, 0x0000, 0x0000, 0x0000, 0x0000, 0x0000,
  0x0000, 0x0000, 0x0000, 0x0000, 0x0000, 0x0000, 0x0000, 0x0000, 0x0000, 0x0000, 0x0020, 0x0020,
  0x0020, 0x0020, 0x0841, 0x0841, 0x0841, 0x0841, 0x0841, 0x0020, 0x0020, 0x0020, 0x0020, 0x0020,
  0x0841, 0x0841, 0x0841, 0x0841, 0x0841, 0x0020, 0x0020, 0x0020, 0x0020, 0x0020, 0x0841, 0x0841,
  0x0841, 0x0841, 0x0841, 0x0020, 0x0020, 0x0020, 0x0020, 0x0841, 0x0841, 0x0841, 0x0841, 0x0841,
  0x0020, 0x0020, 0x0020, 0x0020, 0x0020, 0x0841, 0x0841, 0x0841, 0x0841, 0x0841, 0x0020, 0x0020,
  0x0020, 0x0020, 0x0020, 0x0841, 0x0021, 0x1061, 0x2944, 0x4A07, 0x5A88, 0x5AA9, 0x62C9, 0x62EA,
  0x62EA, 0x5AC9, 0x5AC9, 0x5AC9, 0x5AC9, 0x5288, 0x5268, 0x5A68, 0x5A88, 0x5A88, 0x5A88, 0x5A88,
  0x5A88, 0x5AA9, 0x5AA9, 0x5AA9, 0x62A9, 0x5AA9, 0x5AA9, 0x62C9, 0x62CA, 0x62C9, 0x5AA9, 0x62C9,
  0x6B0A, 0x6B2B, 0x732B, 0x732B, 0x6B2B, 0x6B2B, 0x6B0B, 0x6B2B, 0x6B0B, 0x6B2A, 0x732B, 0x6B2B,
  0x736C, 0x732B, 0x7B6C, 0x7B8C, 0x734B, 0x62CA, 0x62EA, 0x734B, 0x7B6C, 0x7B8C, 0x7B8D, 0x7B8C,
  0x7B6C, 0x736C, 0x6B2B, 0x7B8C, 0x7B6C, 0x734B, 0x734B, 0x6B2B, 0x6B2B, 0x7B6C, 0x7BAD, 0x7BAD,
  0x7BAC, 0x7B8C, 0x7B8C, 0x7BAC, 0x83CD, 0x7BAD, 0x7B6C, 0x7B8C, 0x83AD, 0x83ED, 0x7BAD, 0x5A88,
  0x41C6, 0x5268, 0x3985, 0x3164, 0x41E6, 0x41E6, 0x39A5, 0x39A5, 0x41C6, 0x41E6, 0x4A06, 0x4A06,
  0x4A06, 0x4A06, 0x4A07, 0x4A27, 0x4A27, 0x4A07, 0x4A07, 0x4A07, 0x4A07, 0x4A07, 0x4A07, 0x49E6,
  0x39C5, 0x39A5, 0x39A5, 0x39A5, 0x3185, 0x2123, 0x1061, 0x0020, 0x0841, 0x0020, 0x0020, 0x0020,
  0x0020, 0x0841, 0x0841, 0x0841, 0x0841, 0x0841, 0x0841, 0x0020, 0x0020, 0x0020, 0x0020, 0x0841,
  0x0841, 0x0841, 0x0841, 0x0841, 0x0020, 0x0020, 0x0020, 0x0020, 0x0020, 0x0841, 0x0841, 0x0841,
  0x0841, 0x0841, 0x0020, 0x0020, 0x0020, 0x0020, 0x0020, 0x0841, 0x0841, 0x0841, 0x0841, 0x0841,
  0x0020, 0x0020, 0x0020, 0x0020, 0x0841, 0x0841, 0x0841, 0x0841, 0x0841, 0x0841, 0x0020, 0x0020,
  0x0020, 0x0020, 0x0000, 0x0000, 0x0000, 0x0000, 0x0000, 0x0000, 0x0000, 0x0000, 0x0000, 0x0000,
  0x0000, 0x0000, 0x0000, 0x0000, 0x0000, 0x0000, 0x0000, 0x0000, 0x0000, 0x0000, 0x0000, 0x0000,
  0x0000, 0x0000, 0x0841, 0x1082, 0x0861, 0x0861, 0x1082, 0x0020, 0x0000, 0x0000, 0x0000, 0x0000,
  0x0861, 0x0861, 0x0861, 0x0861, 0x0861, 0x0000, 0x0000, 0x0000, 0x0000, 0x0020, 0x1082, 0x0861,
  0x0861, 0x0861, 0x0841, 0x0000, 0x0000, 0x0000, 0x0000, 0x0841, 0x1082, 0x0861, 0x0861, 0x1082,
  0x0020, 0x0000, 0x0000, 0x0000, 0x0000, 0x0861, 0x1082, 0x0861, 0x0861, 0x0861, 0x0000, 0x0000,
  0x0000, 0x0000, 0x0000, 0x0861, 0x1082, 0x0862, 0x0841, 0x1061, 0x3165, 0x5268, 0x5AA9, 0x62C9,
  0x5AC9, 0x5AC9, 0x5AA9, 0x5268, 0x5288, 0x5AC9, 0x5AA9, 0x5A89, 0x5268, 0x5268, 0x5288, 0x5A88,
  0x5288, 0x5288, 0x5A88, 0x5A88, 0x5AA9, 0x5AA9, 0x5AA9, 0x5AA9, 0x62CA, 0x62EA, 0x5AC9, 0x5AA9,
  0x62A9, 0x6AEA, 0x6B2B, 0x6B0B, 0x6B0A, 0x6AEA, 0x6B0A, 0x6B2B, 0x734B, 0x6B2B, 0x6B0B, 0x6B0B,
  0x734B, 0x734B, 0x732B, 0x7B8C, 0x7B8C, 0x62EA, 0x62C9, 0x6AEA, 0x6B2B, 0x734C, 0x7B6C, 0x7B8C,
  0x736C, 0x734C, 0x734B, 0x734C, 0x7B6C, 0x732B, 0x732B, 0x734B, 0x732B, 0x6B2B, 0x732B, 0x7B8C,
  0x7B8C, 0x736C, 0x6B2A, 0x734B, 0x7B8C, 0x734B, 0x734B, 0x734B, 0x734B, 0x734B, 0x734C, 0x736C,
  0x736C, 0x83AD, 0x734B, 0x62EA, 0x6B2B, 0x62CA, 0x5268, 0x5268, 0x62A9, 0x4A27, 0x39A5, 0x41E6,
  0x41E6, 0x41E6, 0x41E6, 0x41E6, 0x41E6, 0x41C6, 0x41C6, 0x41E6, 0x4A06, 0x41E6, 0x41C6, 0x41C6,
  0x41E6, 0x4A07, 0x41E6, 0x2944, 0x10A2, 0x0861, 0x0861, 0x1082, 0x0841, 0x0000, 0x0000, 0x0000,
  0x0000, 0x0841, 0x1082, 0x0861, 0x0861, 0x1082, 0x0020, 0x0000, 0x0000, 0x0000, 0x0000, 0x0841,
  0x1082, 0x0861, 0x0861, 0x1082, 0x0020, 0x0000, 0x0000, 0x0000, 0x0000, 0x0861, 0x1082, 0x0861,
  0x0861, 0x0861, 0x0000, 0x0000, 0x0000, 0x0000, 0x0000, 0x0861, 0x1082, 0x1082, 0x1082, 0x0841,
  0x0000, 0x0000, 0x0000, 0x0000, 0x0020, 0x1082, 0x0861, 0x0861, 0x0861, 0x0020, 0x0000, 0x0000,
  0x0000, 0x0000, 0x0000, 0x0000, 0x0000, 0x0000, 0x0000, 0x0000, 0x0000, 0x0000, 0x0000, 0x0000,
  0x0000, 0x0000, 0x0000, 0x0000, 0x0000, 0x0000, 0x0000, 0x0000, 0x0000, 0x0000, 0x0000, 0x0000,
  0x0000, 0x0000, 0x0841, 0x0861, 0x0861, 0x0861, 0x0861, 0x0020, 0x0000, 0x0000, 0x0000, 0x0000,
  0x0861, 0x0861, 0x0861, 0x0861, 0x0841, 0x0000, 0x0000, 0x0000, 0x0000, 0x0020, 0x0861, 0x0861,
  0x0861, 0x0861, 0x0841, 0x0000, 0x0000, 0x0000, 0x0000, 0x0841, 0x0861, 0x0861, 0x0861, 0x0861,
  0x0020, 0x0000, 0x0000, 0x0000, 0x0000, 0x0861, 0x0861, 0x0861, 0x0861, 0x0861, 0x0000, 0x0000,
  0x0000, 0x0000, 0x0020, 0x0861, 0x0861, 0x0861, 0x1082, 0x0841, 0x0000, 0x0841, 0x3165, 0x5268,
  0x5AA9, 0x5A88, 0x5288, 0x5268, 0x5248, 0x5A88, 0x5AA9, 0x62C9, 0x5AA9, 0x5268, 0x5248, 0x5268,
  0x5268, 0x5268, 0x5268, 0x5A88, 0x5A88, 0x5AA9, 0x62C9, 0x5AA9, 0x5AA9, 0x62C9, 0x5AC9, 0x5AA9,
  0x5AA9, 0x62C9, 0x62EA, 0x62EA, 0x62EA, 0x62C9, 0x62C9, 0x6B0A, 0x732B, 0x6B2B, 0x62EA, 0x62EA,
  0x732B, 0x734B, 0x6B0A, 0x6B0A, 0x734B, 0x734B, 0x62CA, 0x62C9, 0x6AEA, 0x6B0B, 0x732B, 0x734B,
  0x734B, 0x734B, 0x734B, 0x6B0B, 0x736C, 0x6B0B, 0x6AEA, 0x6B2B, 0x732B, 0x734B, 0x6B0A, 0x62EA,
  0x62EA, 0x62EA, 0x6B2B, 0x6B0A, 0x734B, 0x734B, 0x734C, 0x734C, 0x6B2B, 0x6B0B, 0x6B0B, 0x6B0A,
  0x732B, 0x7B6C, 0x734B, 0x6B2B, 0x62EA, 0x6B0A, 0x6AEA, 0x6AEA, 0x6B0A, 0x62CA, 0x4A07, 0x39C5,
  0x39C6, 0x41C6, 0x41C6, 0x39C5, 0x39C5, 0x39C5, 0x39C5, 0x39C5, 0x39A5, 0x39A5, 0x39A5, 0x39A5,
  0x39A5, 0x2924, 0x1061, 0x0020, 0x0861, 0x0861, 0x0861, 0x0861, 0x0841, 0x0000, 0x0000, 0x0000,
  0x0000, 0x0020, 0x0861, 0x0861, 0x0861, 0x0861, 0x0020, 0x0000, 0x0000, 0x0000, 0x0000, 0x0841,
  0x0861, 0x0861, 0x0861, 0x0861, 0x0020, 0x0000, 0x0000, 0x0000, 0x0000, 0x0861, 0x0861, 0x0861,
  0x0861, 0x0861, 0x0000, 0x0000, 0x0000, 0x0000, 0x0000, 0x0861, 0x0861, 0x0861, 0x0861, 0x0841,
  0x0000, 0x0000, 0x0000, 0x0000, 0x0020, 0x0861, 0x0861, 0x0861, 0x0861, 0x0841, 0x0000, 0x0000,
  0x0000, 0x0000, 0x0000, 0x0000, 0x0000, 0x0000, 0x0000, 0x0000, 0x0000, 0x0000, 0x0000, 0x0000,
  0x0000, 0x0000, 0x0000, 0x0000, 0x0000, 0x0000, 0x0000, 0x0000, 0x0000, 0x0000, 0x0000, 0x0000,
  0x0000, 0x0000, 0x0841, 0x0861, 0x0861, 0x0861, 0x0861, 0x0020, 0x0000, 0x0000, 0x0000, 0x0000,
  0x0861, 0x0861, 0x0861, 0x0861, 0x0841, 0x0000, 0x0000, 0x0000, 0x0000, 0x0020, 0x0861, 0x0861,
  0x0861, 0x0861, 0x0841, 0x0000, 0x0000, 0x0000, 0x0000, 0x0841, 0x0861, 0x0861, 0x0861, 0x0861,
  0x0020, 0x0000, 0x0000, 0x0000, 0x0000, 0x0861, 0x0861, 0x0861, 0x0861, 0x0861, 0x0000, 0x0000,
  0x0000, 0x0000, 0x0000, 0x0861, 0x0861, 0x0861, 0x1082, 0x0861, 0x0000, 0x0000, 0x0000, 0x0861,
  0x3165, 0x4A48, 0x5268, 0x4A27, 0x4A07, 0x5247, 0x5A88, 0x5A89, 0x5A89, 0x5A68, 0x5248, 0x5248,
  0x5248, 0x5268, 0x5268, 0x5288, 0x5A88, 0x5288, 0x5AA9, 0x5AA9, 0x5288, 0x5AA9, 0x5AC9, 0x5AC9,
  0x5AA9, 0x5AA9, 0x5AA9, 0x62A9, 0x62C9, 0x62A9, 0x5A89, 0x5AA9, 0x62EA, 0x6B0A, 0x62EA, 0x62CA,
  0x6B0B, 0x6B0B, 0x62EA, 0x62EA, 0x62CA, 0x6B0B, 0x6B2B, 0x732B, 0x734B, 0x6AEA, 0x6AEA, 0x6B0B,
  0x6B2B, 0x732B, 0x6B0A, 0x62EA, 0x6B2B, 0x6B0A, 0x62EA, 0x6AEA, 0x6AEA, 0x6B0B, 0x6B0A, 0x62C9,
  0x6AEA, 0x6AEA, 0x6AEA, 0x6B0A, 0x6B0A, 0x6B0B, 0x6B2B, 0x6B2B, 0x6B0B, 0x6B0A, 0x6B0B, 0x6B0B,
  0x6B2B, 0x6B0B, 0x6B0A, 0x6B2B, 0x734B, 0x736B, 0x6B0B, 0x62C9, 0x5A89, 0x5AA9, 0x5A89, 0x4206,
  0x39A5, 0x39A5, 0x39A5, 0x39A5, 0x39A5, 0x39C5, 0x39A5, 0x39A5, 0x39A5, 0x3985, 0x3985, 0x2123,
  0x0861, 0x0000, 0x0000, 0x0020, 0x0861, 0x0861, 0x0861, 0x0861, 0x0841, 0x0000, 0x0000, 0x0000,
  0x0000, 0x0020, 0x0861, 0x0861, 0x0862, 0x0861, 0x0020, 0x0000, 0x0000, 0x0000, 0x0000, 0x0841,
  0x0861, 0x0861, 0x0861, 0x0861, 0x0020, 0x0000, 0x0000, 0x0000, 0x0000, 0x0861, 0x0861, 0x0861,
  0x0861, 0x0861, 0x0000, 0x0000, 0x0000, 0x0000, 0x0000, 0x0861, 0x0861, 0x0861, 0x0861, 0x0841,
  0x0000, 0x0000, 0x0000, 0x0000, 0x0020, 0x1082, 0x0861, 0x0861, 0x0861, 0x0841, 0x0000, 0x0000,
  0x0000, 0x0000, 0x0000, 0x0000, 0x0000, 0x0000, 0x0000, 0x0000, 0x0000, 0x0000, 0x0000, 0x0000,
  0x0000, 0x0000, 0x0000, 0x0000, 0x0000, 0x0000, 0x0000, 0x0000, 0x0000, 0x0000, 0x0000, 0x0000,
  0x0000, 0x0000, 0x0841, 0x0861, 0x0861, 0x0861, 0x0861, 0x0020, 0x0000, 0x0000, 0x0000, 0x0000,
  0x0861, 0x0861, 0x0861, 0x0861, 0x0841, 0x0000, 0x0000, 0x0000, 0x0000, 0x0020, 0x0861, 0x0861,
  0x0861, 0x0861, 0x0841, 0x0000, 0x0000, 0x0000, 0x0000, 0x0841, 0x0861, 0x0861, 0x0861, 0x0861,
  0x0020, 0x0000, 0x0000, 0x0000, 0x0000, 0x0861, 0x0861, 0x0861, 0x0861, 0x0861, 0x0000, 0x0000,
  0x0000, 0x0000, 0x0000, 0x0861, 0x0861, 0x0861, 0x1082, 0x0861, 0x0000, 0x0000, 0x0000, 0x0000,
  0x0000, 0x10A2, 0x2924, 0x39C6, 0x4A27, 0x5247, 0x4A27, 0x4A27, 0x5227, 0x5248, 0x5248, 0x5248,
  0x5268, 0x5268, 0x5268, 0x5268, 0x5268, 0x5268, 0x5268, 0x5AA9, 0x5A88, 0x5268, 0x5AA9, 0x5AA9,
  0x5288, 0x5268, 0x5288, 0x5AA9, 0x5AA9, 0x5A89, 0x5A88, 0x5A88, 0x5A88, 0x5A88, 0x5A88, 0x62C9,
  0x62EA, 0x6AEA, 0x62EA, 0x62C9, 0x62CA, 0x62EA, 0x6AEA, 0x6B2A, 0x734B, 0x6B0B, 0x6B0B, 0x6AEA,
  0x6B0A, 0x732B, 0x6B0A, 0x62A9, 0x62A9, 0x6B0A, 0x62EA, 0x62CA, 0x62EA, 0x62CA, 0x62A9, 0x62C9,
  0x62EA, 0x6AEA, 0x62C9, 0x62C9, 0x5AA9, 0x62CA, 0x62EA, 0x62EA, 0x62EA, 0x6AEA, 0x6B0B, 0x6B0A,
  0x62EA, 0x62EA, 0x62CA, 0x62EA, 0x734B, 0x734B, 0x6B0A, 0x62EA, 0x62A9, 0x5248, 0x5247, 0x5247,
  0x4A27, 0x4206, 0x39C5, 0x39C5, 0x41E6, 0x4206, 0x4A07, 0x4A07, 0x39A5, 0x2123, 0x1082, 0x0000,
  0x0000, 0x0000, 0x0000, 0x0020, 0x0861, 0x0861, 0x0861, 0x0861, 0x0841, 0x0000, 0x0000, 0x0000,
  0x0000, 0x0020, 0x0861, 0x0861, 0x0862, 0x0861, 0x0020, 0x0000, 0x0000, 0x0000, 0x0000, 0x0841,
  0x0861, 0x0861, 0x0861, 0x0861, 0x0020, 0x0000, 0x0000, 0x0000, 0x0000, 0x0861, 0x0861, 0x0861,
  0x0861, 0x0861, 0x0000, 0x0000, 0x0000, 0x0000, 0x0000, 0x0861, 0x0861, 0x0861, 0x0861, 0x0841,
  0x0000, 0x0000, 0x0000, 0x0000, 0x0020, 0x0861, 0x0861, 0x0861, 0x0861, 0x0020, 0x0000, 0x0000,
  0x0000, 0x0000, 0x0000, 0x0000, 0x0000, 0x0000, 0x0000, 0x0000, 0x0000, 0x0000, 0x0000, 0x0000,
  0x0000, 0x0000, 0x0000, 0x0000, 0x0000, 0x0000, 0x0000, 0x0000, 0x0000, 0x0020, 0x0861, 0x0841,
  0x0841, 0x0861, 0x0020, 0x0000, 0x0000, 0x0000, 0x0000, 0x0841, 0x0841, 0x0861, 0x0841, 0x0841,
  0x0020, 0x0000, 0x0000, 0x0000, 0x0020, 0x0841, 0x0841, 0x0841, 0x0841, 0x0841, 0x0000, 0x0000,
  0x0000, 0x0000, 0x0020, 0x0861, 0x0841, 0x0861, 0x0861, 0x0020, 0x0000, 0x0020, 0x0000, 0x0020,
  0x0841, 0x0841, 0x0841, 0x0841, 0x0861, 0x0020, 0x0000, 0x0000, 0x0000, 0x0000, 0x0841, 0x0841,
  0x0841, 0x0861, 0x0841, 0x0020, 0x0000, 0x0000, 0x0000, 0x0020, 0x0861, 0x0841, 0x0841, 0x0861,
  0x0841, 0x0000, 0x0000, 0x0820, 0x18C2, 0x39C6, 0x4A07, 0x4A27, 0x4A27, 0x4A27, 0x5247, 0x5288,
  0x5268, 0x5247, 0x4A47, 0x5247, 0x4A47, 0x4A47, 0x4A47, 0x5268, 0x5A88, 0x5268, 0x5248, 0x5268,
  0x5248, 0x4A27, 0x4A47, 0x5288, 0x5288, 0x5268, 0x5268, 0x5248, 0x5248, 0x5268, 0x5268, 0x5A88,
  0x5A88, 0x62A9, 0x62C9, 0x5AA9, 0x5AA9, 0x62EA, 0x6B0A, 0x62C9, 0x6B0A, 0x6B2B, 0x6B0A, 0x6B0A,
  0x62EA, 0x6B2B, 0x6B0B, 0x6AEA, 0x62C9, 0x62C9, 0x62EA, 0x62C9, 0x62A9, 0x5A89, 0x5AA9, 0x5AA9,
  0x62A9, 0x62C9, 0x62CA, 0x5AA9, 0x5AA9, 0x5AA9, 0x5AA9, 0x62C9, 0x62A9, 0x62C9, 0x62EA, 0x62CA,
  0x62C9, 0x5AA9, 0x5AA9, 0x62C9, 0x62EA, 0x6B0A, 0x6B0B, 0x5AA9, 0x62A9, 0x5A89, 0x5247, 0x5247,
  0x5247, 0x4A47, 0x4A27, 0x4A06, 0x4A27, 0x4A27, 0x41E6, 0x2903, 0x0841, 0x0000, 0x0020, 0x0861,
  0x0861, 0x0841, 0x0861, 0x0841, 0x0000, 0x0000, 0x0020, 0x0000, 0x0020, 0x0861, 0x0841, 0x0861,
  0x0861, 0x0841, 0x0000, 0x0020, 0x0020, 0x0000, 0x0841, 0x0841, 0x0841, 0x0841, 0x0861, 0x0020,
  0x0000, 0x0000, 0x0000, 0x0000, 0x0841, 0x0861, 0x0841, 0x0841, 0x0841, 0x0020, 0x0000, 0x0000,
  0x0020, 0x0020, 0x0841, 0x0841, 0x0841, 0x0861, 0x0841, 0x0020, 0x0000, 0x0000, 0x0000, 0x0020,
  0x0841, 0x0841, 0x0861, 0x0861, 0x0841, 0x0000, 0x0000, 0x0000, 0x0000, 0x0841, 0x0861, 0x0841,
  0x0841, 0x0861, 0x0020, 0x0000, 0x0000, 0x0000, 0x0000, 0x0000, 0x0000, 0x0000, 0x0000, 0x0000,
  0x0000, 0x0000, 0x0000, 0x0000, 0x0000, 0x0000, 0x0000, 0x0000, 0x0000, 0x0020, 0x0861, 0x0861,
  0x0861, 0x0861, 0x0020, 0x0000, 0x0000, 0x0000, 0x0000, 0x0841, 0x0861, 0x0861, 0x0861, 0x0861,
  0x0000, 0x0000, 0x0000, 0x0000, 0x0000, 0x0861, 0x0861, 0x0861, 0x0861, 0x0841, 0x0000, 0x0000,
  0x0000, 0x0000, 0x0020, 0x0861, 0x0861, 0x0861, 0x1082, 0x0020, 0x0000, 0x0000, 0x0000, 0x0000,
  0x0841, 0x0861, 0x0861, 0x0861, 0x0861, 0x0000, 0x0000, 0x0000, 0x0000, 0x0000, 0x0861, 0x0861,
  0x0861, 0x0861, 0x0841, 0x0000, 0x0000, 0x0000, 0x0000, 0x0020, 0x0861, 0x0861, 0x0861, 0x0861,
  0x0841, 0x0000, 0x0000, 0x0000, 0x0000, 0x0020, 0x18C2, 0x2944, 0x41E6, 0x5247, 0x5268, 0x5288,
  0x5268, 0x5247, 0x4A27, 0x4A27, 0x4A06, 0x4A06, 0x4A07, 0x4A27, 0x4A27, 0x4A27, 0x4A07, 0x4A27,
  0x4A27, 0x4A27, 0x4A27, 0x4A47, 0x5247, 0x4A47, 0x5247, 0x5248, 0x5248, 0x5248, 0x5268, 0x5268,
  0x5247, 0x5268, 0x5A88, 0x5AA9, 0x5AA9, 0x5AA9, 0x62EA, 0x62CA, 0x5AA9, 0x6AEA, 0x6AEA, 0x6AEA,
  0x6AEA, 0x62C9, 0x62EA, 0x6AEA, 0x6AEA, 0x6AEA, 0x62A9, 0x62CA, 0x5AA9, 0x5A89, 0x5AA9, 0x5A88,
  0x5AA9, 0x5AA9, 0x5AA9, 0x5AA9, 0x5A88, 0x5288, 0x5A88, 0x5A88, 0x5AA9, 0x5A89, 0x5AA9, 0x5A89,
  0x5A89, 0x5A89, 0x5AA9, 0x5AA9, 0x5AA9, 0x5AA9, 0x5AA9, 0x5A89, 0x5A89, 0x62C9, 0x5AA9, 0x5A88,
  0x5288, 0x5247, 0x4A47, 0x4206, 0x3185, 0x20E3, 0x0000, 0x0000, 0x0000, 0x0000, 0x0020, 0x0861,
  0x0861, 0x0861, 0x0861, 0x0841, 0x0000, 0x0000, 0x0000, 0x0000, 0x0020, 0x0861, 0x0861, 0x0861,
  0x0861, 0x0841, 0x0000, 0x0000, 0x0000, 0x0000, 0x0841, 0x0861, 0x0861, 0x0861, 0x0861, 0x0020,
  0x0000, 0x0000, 0x0000, 0x0000, 0x0841, 0x0861, 0x0861, 0x0861, 0x0861, 0x0000, 0x0000, 0x0000,
  0x0000, 0x0000, 0x0861, 0x0861, 0x0861, 0x0861, 0x0841, 0x0000, 0x0000, 0x0000, 0x0000, 0x0020,
  0x0861, 0x0861, 0x0861, 0x0861, 0x0841, 0x0000, 0x0000, 0x0000, 0x0000, 0x0841, 0x1082, 0x0861,
  0x0861, 0x0861, 0x0020, 0x0000, 0x0000, 0x0000, 0x0000, 0x0000, 0x0000, 0x0000, 0x0000, 0x0000,
  0x0000, 0x0000, 0x0000, 0x0000, 0x0000, 0x0000, 0x0000, 0x0000, 0x0000, 0x0020, 0x0861, 0x0861,
  0x0861, 0x0861, 0x0020, 0x0000, 0x0000, 0x0000, 0x0000, 0x0841, 0x0861, 0x0861, 0x0861, 0x0861,
  0x0000, 0x0000, 0x0000, 0x0000, 0x0000, 0x0861, 0x0861, 0x0861, 0x0861, 0x0841, 0x0000, 0x0000,
  0x0000, 0x0000, 0x0020, 0x0861, 0x0861, 0x0861, 0x0861, 0x0020, 0x0000, 0x0000, 0x0000, 0x0000,
  0x0841, 0x0861, 0x0861, 0x0861, 0x0861, 0x0000, 0x0000, 0x0000, 0x0000, 0x0000, 0x0861, 0x0861,
  0x0861, 0x0861, 0x0841, 0x0000, 0x0000, 0x0000, 0x0000, 0x0020, 0x0861, 0x0861, 0x0861, 0x0861,
  0x0841, 0x0000, 0x0000, 0x0000, 0x0000, 0x0020, 0x0841, 0x0841, 0x10A2, 0x2924, 0x39A5, 0x4A27,
  0x5268, 0x5247, 0x4A27, 0x4A27, 0x4A07, 0x4A06, 0x4A07, 0x4A27, 0x4A27, 0x4A07, 0x4A07, 0x4206,
  0x4A06, 0x4A07, 0x4A07, 0x4206, 0x4A27, 0x4A27, 0x4A27, 0x5247, 0x5247, 0x5247, 0x4A47, 0x4A47,
  0x5227, 0x5268, 0x5268, 0x5268, 0x5AA9, 0x5AC9, 0x5AA9, 0x62C9, 0x62C9, 0x62C9, 0x62CA, 0x62EA,
  0x6AEA, 0x62C9, 0x5AA9, 0x62C9, 0x62CA, 0x62EA, 0x62EA, 0x5A89, 0x5A89, 0x5A89, 0x5A88, 0x5268,
  0x5288, 0x5288, 0x5288, 0x5288, 0x5288, 0x5268, 0x5268, 0x5248, 0x5248, 0x5268, 0x5268, 0x5247,
  0x5248, 0x5A88, 0x5A68, 0x5268, 0x5A88, 0x5268, 0x5268, 0x5268, 0x5A88, 0x5AA9, 0x5AA9, 0x5AA9,
  0x5268, 0x4207, 0x2924, 0x1082, 0x0841, 0x0841, 0x0000, 0x0000, 0x0000, 0x0000, 0x0020, 0x0861,
  0x0861, 0x0861, 0x0861, 0x0841, 0x0000, 0x0000, 0x0000, 0x0000, 0x0020, 0x0861, 0x0861, 0x0861,
  0x0861, 0x0841, 0x0000, 0x0000, 0x0000, 0x0000, 0x0841, 0x0861, 0x0861, 0x0861, 0x0861, 0x0020,
  0x0000, 0x0000, 0x0000, 0x0000, 0x0841, 0x0861, 0x0861, 0x0861, 0x0861, 0x0000, 0x0000, 0x0000,
  0x0000, 0x0000, 0x0861, 0x0861, 0x0861, 0x0861, 0x0861, 0x0000, 0x0000, 0x0000, 0x0000, 0x0020,
  0x0861, 0x0861, 0x0861, 0x0861, 0x0841, 0x0000, 0x0000, 0x0000, 0x0000, 0x0020, 0x0861, 0x0861,
  0x0861, 0x0861, 0x0020, 0x0000, 0x0000, 0x0000, 0x0000, 0x0000, 0x0000, 0x0000, 0x0000, 0x0000,
  0x0000, 0x0000, 0x0000, 0x0000, 0x0000, 0x0000, 0x0000, 0x0000, 0x0000, 0x0020, 0x0861, 0x0861,
  0x0861, 0x0861, 0x0020, 0x0000, 0x0000, 0x0000, 0x0000, 0x0841, 0x0861, 0x0861, 0x0861, 0x0861,
  0x0000, 0x0000, 0x0000, 0x0000, 0x0000, 0x0861, 0x0861, 0x0861, 0x0861, 0x0841, 0x0000, 0x0000,
  0x0000, 0x0000, 0x0020, 0x0861, 0x0861, 0x0861, 0x0861, 0x0020, 0x0000, 0x0000, 0x0000, 0x0000,
  0x0841, 0x0861, 0x0861, 0x0861, 0x0861, 0x0000, 0x0000, 0x0000, 0x0000, 0x0000, 0x0861, 0x0861,
  0x0861, 0x0861, 0x0841, 0x0000, 0x0000, 0x0000, 0x0000, 0x0020, 0x0861, 0x0861, 0x0861, 0x0861,
  0x0841, 0x0000, 0x0000, 0x0000, 0x0000, 0x0020, 0x0861, 0x0861, 0x0861, 0x0861, 0x0841, 0x0841,
  0x20E3, 0x3985, 0x4A07, 0x4A27, 0x4A27, 0x4A07, 0x4A06, 0x4A07, 0x4A07, 0x4A07, 0x4A07, 0x4A06,
  0x41E6, 0x41E6, 0x41E6, 0x41E6, 0x41E6, 0x4206, 0x4A06, 0x4A06, 0x4A06, 0x4A27, 0x4A27, 0x4A27,
  0x4A27, 0x4A27, 0x5247, 0x5268, 0x5AA8, 0x5AA9, 0x5288, 0x5AA9, 0x5AC9, 0x5AA9, 0x62C9, 0x62C9,
  0x62C9, 0x62CA, 0x5AA9, 0x5A88, 0x5AA9, 0x62A9, 0x62C9, 0x5AA9, 0x5AA9, 0x5AA9, 0x5A88, 0x5268,
  0x5267, 0x5267, 0x5268, 0x5248, 0x5268, 0x5268, 0x5268, 0x5248, 0x5248, 0x4A47, 0x4A27, 0x4A07,
  0x4A27, 0x5268, 0x5A68, 0x5A89, 0x5AA9, 0x5288, 0x5247, 0x5268, 0x5268, 0x5A88, 0x4A27, 0x2964,
  0x1082, 0x0841, 0x0841, 0x0861, 0x0861, 0x0861, 0x0000, 0x0000, 0x0000, 0x0000, 0x0020, 0x0861,
  0x0861, 0x0861, 0x0861, 0x0841, 0x0000, 0x0000, 0x0000, 0x0000, 0x0020, 0x0861, 0x0861, 0x0861,
  0x0861, 0x0020, 0x0000, 0x0000, 0x0000, 0x0000, 0x0841, 0x0861, 0x0861, 0x0861, 0x0861, 0x0020,
  0x0000, 0x0000, 0x0000, 0x0000, 0x0841, 0x0861, 0x0861, 0x0861, 0x0861, 0x0000, 0x0000, 0x0000,
  0x0000, 0x0000, 0x0861, 0x0861, 0x0861, 0x0861, 0x0861, 0x0000, 0x0000, 0x0000, 0x0000, 0x0020,
  0x0861, 0x0861, 0x0861, 0x0861, 0x0841, 0x0000, 0x0000, 0x0000, 0x0000, 0x0020, 0x0861, 0x0861,
  0x0861, 0x0861, 0x0020, 0x0000, 0x0000, 0x0000, 0x0000, 0x0000, 0x0000, 0x0000, 0x0000, 0x0000,
  0x0000, 0x0000, 0x0000, 0x0000, 0x0000, 0x0000, 0x0000, 0x0000, 0x0000, 0x0020, 0x0861, 0x0861,
  0x0861, 0x0861, 0x0020, 0x0000, 0x0000, 0x0000, 0x0000, 0x0841, 0x0861, 0x0861, 0x0861, 0x0861,
  0x0020, 0x0000, 0x0000, 0x0000, 0x0000, 0x0841, 0x0861, 0x0861, 0x0861, 0x0841, 0x0000, 0x0000,
  0x0000, 0x0000, 0x0020, 0x0861, 0x0861, 0x0861, 0x0861, 0x0020, 0x0000, 0x0000, 0x0000, 0x0000,
  0x0841, 0x0861, 0x0861, 0x0861, 0x0861, 0x0020, 0x0000, 0x0000, 0x0000, 0x0000, 0x0861, 0x0861,
  0x0841, 0x0861, 0x0841, 0x0000, 0x0000, 0x0000, 0x0000, 0x0020, 0x0861, 0x0861, 0x0861, 0x0861,
  0x0841, 0x0000, 0x0000, 0x0000, 0x0000, 0x0020, 0x0861, 0x0861, 0x0861, 0x0861, 0x0841, 0x0000,
  0x0000, 0x0000, 0x1061, 0x2903, 0x3985, 0x39C6, 0x41E6, 0x41E6, 0x39A5, 0x41C6, 0x4A06, 0x4206,
  0x4206, 0x41E6, 0x39C6, 0x39C6, 0x39C6, 0x41E6, 0x41E6, 0x41E6, 0x41E6, 0x41E6, 0x4A06, 0x4A27,
  0x4A27, 0x4A27, 0x4A27, 0x5247, 0x5247, 0x5248, 0x5268, 0x5248, 0x5268, 0x5268, 0x5AA8, 0x5AA9,
  0x5A88, 0x5A88, 0x5AA9, 0x5268, 0x5268, 0x5268, 0x5288, 0x5A88, 0x5AA9, 0x5AA9, 0x5AA9, 0x5288,
  0x4A47, 0x4A27, 0x5247, 0x5227, 0x4A27, 0x4A27, 0x4A27, 0x4A27, 0x5247, 0x5247, 0x5268, 0x5268,
  0x5248, 0x5268, 0x5A89, 0x5A88, 0x62C9, 0x62EA, 0x5268, 0x41E7, 0x2944, 0x1082, 0x0020, 0x0000,
  0x0000, 0x0841, 0x0861, 0x0861, 0x0861, 0x0841, 0x0000, 0x0000, 0x0000, 0x0000, 0x0020, 0x0861,
  0x0861, 0x0861, 0x0861, 0x0841, 0x0000, 0x0000, 0x0000, 0x0000, 0x0020, 0x0861, 0x0861, 0x0861,
  0x0861, 0x0020, 0x0000, 0x0000, 0x0000, 0x0000, 0x0841, 0x0861, 0x0861, 0x0841, 0x0861, 0x0020,
  0x0000, 0x0000, 0x0000, 0x0000, 0x0841, 0x0861, 0x0861, 0x0861, 0x0861, 0x0000, 0x0000, 0x0000,
  0x0000, 0x0000, 0x0861, 0x0861, 0x0861, 0x0861, 0x0841, 0x0000, 0x0000, 0x0000, 0x0000, 0x0020,
  0x0861, 0x0861, 0x0861, 0x0861, 0x0841, 0x0000, 0x0000, 0x0000, 0x0000, 0x0020, 0x0861, 0x0861,
  0x0861, 0x0861, 0x0020, 0x0000, 0x0000, 0x0000, 0x0000, 0x0000, 0x0000, 0x0000, 0x0000, 0x0000,
  0x0000, 0x0000, 0x0000, 0x0000, 0x0000, 0x0000, 0x0000, 0x0000, 0x0000, 0x0000, 0x0000, 0x0000,
  0x0000, 0x0000, 0x0841, 0x0861, 0x0861, 0x0861, 0x0861, 0x0020, 0x0000, 0x0000, 0x0000, 0x0000,
  0x0861, 0x0861, 0x0861, 0x0861, 0x0841, 0x0000, 0x0000, 0x0000, 0x0000, 0x0020, 0x0861, 0x0861,
  0x0861, 0x0861, 0x0841, 0x0000, 0x0000, 0x0000, 0x0000, 0x0841, 0x0861, 0x0861, 0x0861, 0x0861,
  0x0020, 0x0000, 0x0000, 0x0000, 0x0000, 0x0841, 0x0861, 0x0861, 0x0861, 0x0861, 0x0000, 0x0000,
  0x0000, 0x0000, 0x0020, 0x0861, 0x0861, 0x0861, 0x0861, 0x0841, 0x0000, 0x0000, 0x0000, 0x0000,
  0x0020, 0x0861, 0x0861, 0x0861, 0x0861, 0x0841, 0x0000, 0x0000, 0x0000, 0x0000, 0x0020, 0x0861,
  0x0861, 0x0861, 0x0841, 0x0000, 0x0000, 0x0841, 0x1082, 0x18C2, 0x2944, 0x39A5, 0x41E6, 0x41C6,
  0x41E6, 0x4206, 0x41E6, 0x39C5, 0x39C5, 0x39E6, 0x39C5, 0x41C6, 0x41E6, 0x41E6, 0x41E6, 0x41E6,
  0x41E6, 0x49E6, 0x4A07, 0x4A27, 0x4A27, 0x5227, 0x5248, 0x4A27, 0x4A27, 0x5247, 0x5248, 0x5268,
  0x5247, 0x5247, 0x5268, 0x5247, 0x5247, 0x5247, 0x5247, 0x5268, 0x5268, 0x5268, 0x5A89, 0x5A88,
  0x5268, 0x5247, 0x4A27, 0x4A07, 0x4A07, 0x4A06, 0x41E6, 0x4206, 0x4A27, 0x5268, 0x5A68, 0x62CA,
  0x6AEA, 0x62C9, 0x5AA9, 0x4A27, 0x39A5, 0x2104, 0x1061, 0x0000, 0x0020, 0x0841, 0x0861, 0x0861,
  0x0861, 0x0020, 0x0000, 0x0000, 0x0000, 0x0020, 0x0861, 0x0861, 0x0861, 0x0861, 0x0841, 0x0000,
  0x0000, 0x0000, 0x0000, 0x0020, 0x0861, 0x0861, 0x0861, 0x0861, 0x0841, 0x0000, 0x0000, 0x0000,
  0x0000, 0x0841, 0x0861, 0x0861, 0x0861, 0x0861, 0x0020, 0x0000, 0x0000, 0x0000, 0x0000, 0x0841,
  0x0861, 0x0861, 0x0861, 0x0861, 0x0020, 0x0000, 0x0000, 0x0000, 0x0000, 0x0861, 0x0861, 0x0861,
  0x0861, 0x0861, 0x0000, 0x0000, 0x0000, 0x0000, 0x0020, 0x0861, 0x0861, 0x0861, 0x0861, 0x0841,
  0x0000, 0x0000, 0x0000, 0x0000, 0x0020, 0x0861, 0x0861, 0x0861, 0x0861, 0x0841, 0x0000, 0x0000,
  0x0000, 0x0000, 0x0000, 0x0000, 0x0000, 0x0000, 0x0000, 0x0000, 0x0000, 0x0000, 0x0000, 0x0000,
  0x0000, 0x0000, 0x0000, 0x0000, 0x0000, 0x0000, 0x0000, 0x0000, 0x0000, 0x0000, 0x0000, 0x0000,
  0x0000, 0x0000, 0x0841, 0x0861, 0x0861, 0x0861, 0x0861, 0x0020, 0x0000, 0x0000, 0x0000, 0x0000,
  0x0861, 0x0861, 0x0861, 0x0861, 0x0861, 0x0000, 0x0000, 0x0000, 0x0000, 0x0020, 0x0861, 0x0861,
  0x0861, 0x0861, 0x0841, 0x0000, 0x0000, 0x0000, 0x0000, 0x0841, 0x0861, 0x0861, 0x0861, 0x0861,
  0x0020, 0x0000, 0x0000, 0x0000, 0x0000, 0x0861, 0x0861, 0x0861, 0x0861, 0x0861, 0x0000, 0x0000,
  0x0000, 0x0000, 0x0000, 0x0861, 0x0861, 0x0861, 0x0861, 0x0841, 0x0000, 0x0000, 0x0000, 0x0000,
  0x0020, 0x0861, 0x0861, 0x0861, 0x0861, 0x0841, 0x0000, 0x0000, 0x0000, 0x0000, 0x0020, 0x0861,
  0x0861, 0x0861, 0x1082, 0x0020, 0x0000, 0x0000, 0x0000, 0x0000, 0x0841, 0x18C3, 0x20E3, 0x2924,
  0x3185, 0x41E6, 0x4206, 0x4A27, 0x4206, 0x41E6, 0x41E6, 0x39C5, 0x39C6, 0x39C6, 0x39C5, 0x41E6,
  0x41E6, 0x41E6, 0x41E6, 0x4A06, 0x4A07, 0x4A27, 0x4A27, 0x4A07, 0x4A27, 0x4A27, 0x4A27, 0x4A27,
  0x4A27, 0x4A27, 0x5227, 0x4A27, 0x5248, 0x4A27, 0x5247, 0x5248, 0x5247, 0x5248, 0x5248, 0x5248,
  0x5268, 0x5268, 0x4A27, 0x4A07, 0x4A07, 0x4A06, 0x4206, 0x4A06, 0x4A27, 0x4A27, 0x5248, 0x5268,
  0x4207, 0x3165, 0x20E3, 0x0820, 0x0000, 0x0000, 0x0000, 0x0000, 0x0861, 0x0861, 0x0861, 0x0861,
  0x0861, 0x0000, 0x0000, 0x0000, 0x0000, 0x0000, 0x0861, 0x0861, 0x0861, 0x0861, 0x0861, 0x0000,
  0x0000, 0x0000, 0x0000, 0x0020, 0x0861, 0x0861, 0x0861, 0x0861, 0x0841, 0x0000, 0x0000, 0x0000,
  0x0000, 0x0841, 0x0861, 0x0861, 0x0861, 0x0861, 0x0020, 0x0000, 0x0000, 0x0000, 0x0000, 0x0841,
  0x0861, 0x0861, 0x0861, 0x0861, 0x0020, 0x0000, 0x0000, 0x0000, 0x0000, 0x0861, 0x0861, 0x0861,
  0x0861, 0x0861, 0x0000, 0x0000, 0x0000, 0x0000, 0x0000, 0x0861, 0x0861, 0x0861, 0x0861, 0x0841,
  0x0000, 0x0000, 0x0000, 0x0000, 0x0020, 0x0861, 0x0861, 0x0861, 0x0861, 0x0841, 0x0000, 0x0000,
  0x0000, 0x0000, 0x0000, 0x0000, 0x0000, 0x0000, 0x0000, 0x0000, 0x0000, 0x0000, 0x0000, 0x0000,
  0x0000, 0x0000, 0x0000, 0x0000, 0x0000, 0x0000, 0x0000, 0x0000, 0x0000, 0x0000, 0x0000, 0x0000,
  0x0000, 0x0000, 0x0841, 0x0861, 0x0861, 0x0861, 0x0861, 0x0020, 0x0000, 0x0000, 0x0000, 0x0000,
  0x0861, 0x0861, 0x0861, 0x0861, 0x0861, 0x0000, 0x0000, 0x0000, 0x0000, 0x0020, 0x0861, 0x0861,
  0x0861, 0x0861, 0x0841, 0x0000, 0x0000, 0x0000, 0x0000, 0x0841, 0x0861, 0x0861, 0x0861, 0x0861,
  0x0020, 0x0000, 0x0000, 0x0000, 0x0000, 0x0861, 0x0861, 0x0861, 0x0861, 0x0861, 0x0000, 0x0000,
  0x0000, 0x0000, 0x0000, 0x0861, 0x0861, 0x0861, 0x0861, 0x0841, 0x0000, 0x0000, 0x0000, 0x0000,
  0x0020, 0x0861, 0x0861, 0x0861, 0x0861, 0x0841, 0x0000, 0x0000, 0x0000, 0x0000, 0x0020, 0x0861,
  0x0861, 0x0861, 0x0861, 0x0020, 0x0000, 0x0000, 0x0000, 0x0000, 0x0841, 0x0861, 0x0841, 0x0841,
  0x1061, 0x1061, 0x1082, 0x2103, 0x3164, 0x3185, 0x39A5, 0x39C5, 0x39C6, 0x41C6, 0x41E6, 0x41E6,
  0x41E6, 0x41E6, 0x41E6, 0x41E6, 0x4206, 0x4A06, 0x4206, 0x4206, 0x4206, 0x4206, 0x4206, 0x4206,
  0x4206, 0x4A06, 0x4A06, 0x4A06, 0x4A06, 0x4A07, 0x4A27, 0x5247, 0x5248, 0x5268, 0x5268, 0x5268,
  0x5268, 0x5A88, 0x5268, 0x5227, 0x4A27, 0x41E6, 0x3185, 0x3164, 0x2103, 0x1082, 0x1082, 0x1082,
  0x0841, 0x0841, 0x0841, 0x0000, 0x0000, 0x0000, 0x0000, 0x0000, 0x0841, 0x0861, 0x0861, 0x0861,
  0x0861, 0x0000, 0x0000, 0x0000, 0x0000, 0x0000, 0x0861, 0x0861, 0x0861, 0x0861, 0x0841, 0x0000,
  0x0000, 0x0000, 0x0000, 0x0020, 0x0861, 0x0861, 0x0861, 0x0861, 0x0841, 0x0000, 0x0000, 0x0000,
  0x0000, 0x0020, 0x0861, 0x0861, 0x0861, 0x0861, 0x0020, 0x0000, 0x0000, 0x0000, 0x0000, 0x0841,
  0x1082, 0x0861, 0x0861, 0x0861, 0x0020, 0x0000, 0x0000, 0x0000, 0x0000, 0x0861, 0x0861, 0x0861,
  0x0861, 0x0861, 0x0000, 0x0000, 0x0000, 0x0000, 0x0000, 0x0861, 0x0861, 0x0861, 0x0861, 0x0841,
  0x0000, 0x0000, 0x0000, 0x0000, 0x0020, 0x0861, 0x0861, 0x0861, 0x0861, 0x0841, 0x0000, 0x0000,
  0x0000, 0x0000, 0x0000, 0x0000, 0x0000, 0x0000, 0x0000, 0x0000, 0x0000, 0x0000, 0x0000, 0x0000,
  0x0000, 0x0000, 0x0000, 0x0000, 0x0000, 0x0000, 0x0000, 0x0000, 0x0000, 0x0000, 0x0000, 0x0000,
  0x0000, 0x0000, 0x0841, 0x0861, 0x0861, 0x0861, 0x1082, 0x0020, 0x0000, 0x0000, 0x0000, 0x0000,
  0x0861, 0x1082, 0x0861, 0x0861, 0x0861, 0x0000, 0x0000, 0x0000, 0x0000, 0x0020, 0x1082, 0x0861,
  0x0861, 0x0861, 0x0841, 0x0000, 0x0000, 0x0000, 0x0000, 0x0841, 0x1082, 0x0861, 0x0861, 0x0861,
  0x0020, 0x0000, 0x0000, 0x0000, 0x0000, 0x0861, 0x0861, 0x0861, 0x0861, 0x0861, 0x0000, 0x0000,
  0x0000, 0x0000, 0x0000, 0x0861, 0x0861, 0x0861, 0x0861, 0x0861, 0x0000, 0x0000, 0x0000, 0x0000,
  0x0020, 0x1082, 0x0861, 0x0861, 0x0861, 0x0841, 0x0000, 0x0000, 0x0000, 0x0000, 0x0020, 0x0861,
  0x0861, 0x0861, 0x0861, 0x0020, 0x0000, 0x0000, 0x0000, 0x0000, 0x0841, 0x0861, 0x0861, 0x0861,
  0x0862, 0x0000, 0x0000, 0x0000, 0x0000, 0x0000, 0x0861, 0x18C2, 0x18C3, 0x2103, 0x2944, 0x2964,
  0x3164, 0x3185, 0x39A5, 0x39C5, 0x41E6, 0x41E6, 0x4207, 0x4A07, 0x4A07, 0x4A07, 0x4207, 0x4207,
  0x4207, 0x4A27, 0x4A27, 0x4207, 0x4207, 0x4A07, 0x4A07, 0x4A07, 0x4A07, 0x4207, 0x41E6, 0x41C6,
  0x41C6, 0x3165, 0x2924, 0x2104, 0x18C3, 0x0841, 0x0000, 0x0000, 0x0000, 0x0000, 0x0841, 0x1082,
  0x1081, 0x0861, 0x1081, 0x0020, 0x0000, 0x0000, 0x0000, 0x0000, 0x0861, 0x0861, 0x0861, 0x0861,
  0x0861, 0x0000, 0x0000, 0x0000, 0x0000, 0x0000, 0x0861, 0x0861, 0x0861, 0x0861, 0x0861, 0x0000,
  0x0000, 0x0000, 0x0000, 0x0020, 0x1082, 0x0861, 0x0861, 0x0861, 0x0841, 0x0000, 0x0000, 0x0000,
  0x0000, 0x0020, 0x0861, 0x0861, 0x0861, 0x1082, 0x0020, 0x0000, 0x0000, 0x0000, 0x0000, 0x0841,
  0x1082, 0x0861, 0x0861, 0x0861, 0x0020, 0x0000, 0x0000, 0x0000, 0x0000, 0x0861, 0x0861, 0x0861,
  0x0861, 0x0861, 0x0000, 0x0000, 0x0000, 0x0000, 0x0000, 0x0861, 0x0861, 0x0861, 0x0861, 0x0861,
  0x0000, 0x0000, 0x0000, 0x0000, 0x0020, 0x1082, 0x0861, 0x0861, 0x1082, 0x0841, 0x0000, 0x0000,
  0x0000, 0x0000, 0x0000, 0x0000, 0x0000, 0x0000, 0x0000, 0x0000, 0x0000, 0x0000, 0x0000, 0x0000,
  0x0000, 0x0000, 0x0000, 0x0000, 0x0000, 0x0000, 0x0000, 0x0000, 0x0000, 0x0000, 0x0000, 0x0000,
  0x0000, 0x0000, 0x0020, 0x0020, 0x0020, 0x0020, 0x0020, 0x0000, 0x0000, 0x0000, 0x0000, 0x0000,
  0x0020, 0x0020, 0x0020, 0x0020, 0x0020, 0x0000, 0x0000, 0x0000, 0x0000, 0x0000, 0x0020, 0x0020,
  0x0020, 0x0020, 0x0000, 0x0000, 0x0000, 0x0000, 0x0000, 0x0020, 0x0020, 0x0020, 0x0020, 0x0020,
  0x0000, 0x0000, 0x0000, 0x0000, 0x0000, 0x0020, 0x0020, 0x0020, 0x0020, 0x0020, 0x0000, 0x0000,
  0x0000, 0x0000, 0x0000, 0x0020, 0x0020, 0x0020, 0x0020, 0x0020, 0x0000, 0x0000, 0x0000, 0x0000,
  0x0000, 0x0020, 0x0020, 0x0020, 0x0020, 0x0020, 0x0000, 0x0000, 0x0000, 0x0000, 0x0000, 0x0020,
  0x0020, 0x0020, 0x0020, 0x0000, 0x0000, 0x0000, 0x0000, 0x0000, 0x0020, 0x0020, 0x0020, 0x0020,
  0x0020, 0x0000, 0x0000, 0x0000, 0x0000, 0x0000, 0x0000, 0x0020, 0x0000, 0x0000, 0x0000, 0x0000,
  0x0000, 0x0000, 0x0020, 0x0820, 0x0841, 0x0861, 0x1082, 0x18A2, 0x18A2, 0x18A2, 0x18A2, 0x18C2,
  0x18C2, 0x18C2, 0x18A2, 0x10A2, 0x1082, 0x1081, 0x1061, 0x0841, 0x0840, 0x0020, 0x0000, 0x0000,
  0x0000, 0x0000, 0x0000, 0x0000, 0x0000, 0x0000, 0x0000, 0x0000, 0x0000, 0x0000, 0x0020, 0x0020,
  0x0020, 0x0020, 0x0020, 0x0000, 0x0000, 0x0000, 0x0000, 0x0000, 0x0020, 0x0020, 0x0020, 0x0020,
  0x0020, 0x0000, 0x0000, 0x0000, 0x0000, 0x0000, 0x0020, 0x0020, 0x0020, 0x0020, 0x0020, 0x0000,
  0x0000, 0x0000, 0x0000, 0x0000, 0x0020, 0x0020, 0x0020, 0x0020, 0x0000, 0x0000, 0x0000, 0x0000,
  0x0000, 0x0000, 0x0020, 0x0020, 0x0020, 0x0020, 0x0000, 0x0000, 0x0000, 0x0000, 0x0000, 0x0020,
  0x0020, 0x0020, 0x0020, 0x0020, 0x0000, 0x0000, 0x0000, 0x0000, 0x0000, 0x0020, 0x0020, 0x0020,
  0x0020, 0x0020, 0x0000, 0x0000, 0x0000, 0x0000, 0x0000, 0x0020, 0x0020, 0x0020, 0x0020, 0x0020,
  0x0000, 0x0000, 0x0000, 0x0000, 0x0000, 0x0020, 0x0020, 0x0020, 0x0020, 0x0000, 0x0000, 0x0000,
  0x0000, 0x0000, 0x0000, 0x0000, 0x0000, 0x0000, 0x0000, 0x0000, 0x0000, 0x0000, 0x0000, 0x0000,
  0x0000, 0x0000, 0x0000, 0x0000, 0x0000, 0x0000, 0x0000, 0x0000, 0x0000, 0x0000, 0x0000, 0x0000,
  0x0000, 0x0000, 0x0000, 0x0000, 0x0000, 0x0000, 0x0000, 0x0000, 0x0000, 0x0000, 0x0000, 0x0000,
  0x0000, 0x0000, 0x0000, 0x0000, 0x0000, 0x0000, 0x0000, 0x0000, 0x0000, 0x0000, 0x0000, 0x0000,
  0x0000, 0x0000, 0x0000, 0x0000, 0x0000, 0x0000, 0x0000, 0x0000, 0x0000, 0x0000, 0x0000, 0x0000,
  0x0000, 0x0000, 0x0000, 0x0000, 0x0000, 0x0000, 0x0000, 0x0000, 0x0000, 0x0000, 0x0000, 0x0000,
  0x0000, 0x0000, 0x0000, 0x0000, 0x0000, 0x0000, 0x0000, 0x0000, 0x0000, 0x0000, 0x0000, 0x0000,
  0x0000, 0x0000, 0x0000, 0x0000, 0x0000, 0x0000, 0x0000, 0x0000, 0x0000, 0x0000, 0x0000, 0x0000,
  0x0000, 0x0000, 0x0000, 0x0000, 0x0000, 0x0000, 0x0000, 0x0000, 0x0000, 0x0000, 0x0000, 0x0000,
  0x0000, 0x0000, 0x0000, 0x0000, 0x0000, 0x0000, 0x0000, 0x0000, 0x0000, 0x0000, 0x0000, 0x0000,
  0x0000, 0x0000, 0x0000, 0x0000, 0x0000, 0x0000, 0x0000, 0x0000, 0x0000, 0x0000, 0x0000, 0x0000,
  0x0000, 0x0000, 0x0000, 0x0000, 0x0000, 0x0000, 0x0000, 0x0000, 0x0000, 0x0000, 0x0000, 0x0000,
  0x0000, 0x0000, 0x0000, 0x0000, 0x0000, 0x0000, 0x0000, 0x0000, 0x0000, 0x0000, 0x0000, 0x0000,
  0x0000, 0x0000, 0x0000, 0x0000, 0x0000, 0x0000, 0x0000, 0x0000, 0x0000, 0x0000, 0x0000, 0x0000,
  0x0000, 0x0000, 0x0000, 0x0000, 0x0000, 0x0000, 0x0000, 0x0000, 0x0000, 0x0000, 0x0000, 0x0000,
  0x0000, 0x0000, 0x0000, 0x0000, 0x0000, 0x0000, 0x0000, 0x0000, 0x0000, 0x0000, 0x0000, 0x0000,
  0x0000, 0x0000, 0x0000, 0x0000, 0x0000, 0x0000, 0x0000, 0x0000, 0x0000, 0x0000, 0x0000, 0x0000,
  0x0000, 0x0000, 0x0000, 0x0000, 0x0000, 0x0000, 0x0000, 0x0000, 0x0000, 0x0000, 0x0000, 0x0000,
  0x0000, 0x0000, 0x0000, 0x0000, 0x0000, 0x0000, 0x0000, 0x0000, 0x0000, 0x0000, 0x0000, 0x0000,
  0x0000, 0x0000, 0x0000, 0x0000, 0x0000, 0x0000, 0x0000, 0x0000, 0x0000, 0x0000, 0x0000, 0x0000,
  0x0000, 0x0000, 0x0000, 0x0000, 0x0000, 0x0000, 0x0000, 0x0000, 0x0000, 0x0000, 0x0000, 0x0000,
  0x0000, 0x0000, 0x0000, 0x0000, 0x0000, 0x0000, 0x0000, 0x0000, 0x0000, 0x0000, 0x0000, 0x0000,
  0x0000, 0x0000, 0x0000, 0x0000, 0x0000, 0x0000, 0x0000, 0x0000, 0x0000, 0x0000, 0x0000, 0x0000,
  0x0000, 0x0000, 0x0000, 0x0000, 0x0000, 0x0000, 0x0000, 0x0000, 0x0000, 0x0000, 0x0000, 0x0000,
  0x0000, 0x0000, 0x0000, 0x0000, 0x0000, 0x0000, 0x0000, 0x0000, 0x0000, 0x0000, 0x0000, 0x0000,
  0x0000, 0x0000, 0x0000, 0x0000, 0x0000, 0x0000, 0x0000, 0x0000, 0x0000, 0x0000, 0x0000, 0x0000,
  0x0000, 0x0000, 0x0000, 0x0000, 0x0000, 0x0000, 0x0000, 0x0000, 0x0000, 0x0000, 0x0000, 0x0000,
  0x0000, 0x0000, 0x0000, 0x0000, 0x0000, 0x0000, 0x0000, 0x0000, 0x0000, 0x0000, 0x0000, 0x0000,
  0x0000, 0x0000, 0x0000, 0x0000, 0x0000, 0x0000, 0x0000, 0x0000, 0x0000, 0x0000, 0x0000, 0x0000,
  0x0000, 0x0000, 0x0000, 0x0000, 0x0000, 0x0000, 0x0000, 0x0000, 0x0000, 0x0000, 0x0000, 0x0000,
  0x0000, 0x0000, 0x0000, 0x0000, 0x0000, 0x0000, 0x0000, 0x0000, 0x0000, 0x0000, 0x0000, 0x0000,
  0x0000, 0x0000, 0x0000, 0x0000, 0x0000, 0x0000, 0x0000, 0x0000, 0x0000, 0x0000, 0x0000, 0x0000,
  0x0000, 0x0000, 0x0000, 0x0000, 0x0000, 0x0000, 0x0000, 0x0000, 0x0000, 0x0000, 0x0000, 0x0000,
  0x0000, 0x0000, 0x0000, 0x0000, 0x0000, 0x0000, 0x0000, 0x0000, 0x0000, 0x0000, 0x0000, 0x0000,
  0x0000, 0x0000, 0x0000, 0x0000, 0x0000, 0x0000, 0x0000, 0x0000, 0x0000, 0x0000, 0x0000, 0x0000,
  0x0000, 0x0000, 0x0000, 0x0000, 0x0000, 0x0000, 0x0000, 0x0000, 0x0000, 0x0000, 0x0000, 0x0000,
  0x0000, 0x0000, 0x0000, 0x0000, 0x0000, 0x0000, 0x0000, 0x0000, 0x0000, 0x0000, 0x0000, 0x0000,
  0x0000, 0x0000, 0x0000, 0x0000, 0x0000, 0x0000, 0x0000, 0x0000, 0x0000, 0x0000, 0x0000, 0x0000,
  0x0000, 0x0000, 0x0000, 0x0000, 0x0000, 0x0000, 0x0000, 0x0000, 0x0000, 0x0000, 0x0000, 0x0000,
  0x0000, 0x0000, 0x0000, 0x0000, 0x0000, 0x0000, 0x0000, 0x0000, 0x0000, 0x0000, 0x0000, 0x0000,
  0x0000, 0x0000, 0x0000, 0x0000, 0x0000, 0x0000, 0x0000, 0x0000, 0x0000, 0x0000, 0x0000, 0x0000,
  0x0000, 0x0000, 0x0000, 0x0000, 0x0000, 0x0000, 0x0000, 0x0000, 0x0000, 0x0000, 0x0000, 0x0000,
  0x0000, 0x0000, 0x0000, 0x0000, 0x0000, 0x0000, 0x0000, 0x0000, 0x0000, 0x0000, 0x0000, 0x0000,
  0x0000, 0x0000, 0x0000, 0x0000, 0x0000, 0x0000, 0x0000, 0x0000, 0x0000, 0x0000, 0x0000, 0x0000,
  0x0000, 0x0000, 0x0000, 0x0000, 0x0000, 0x0000, 0x0000, 0x0000, 0x0000, 0x0000, 0x0000, 0x0000,
  0x0000, 0x0000, 0x0000, 0x0000, 0x0000, 0x0000, 0x0000, 0x0000, 0x0000, 0x0000, 0x0000, 0x0000,
  0x0000, 0x0000, 0x0000, 0x0000, 0x0000, 0x0000, 0x0000, 0x0000, 0x0000, 0x0000, 0x0000, 0x0000,
  0x0000, 0x0000, 0x0000, 0x0000, 0x0000, 0x0000, 0x0000, 0x0000, 0x0000, 0x0000, 0x0000, 0x0000,
  0x0000, 0x0000, 0x0000, 0x0000, 0x0000, 0x0000, 0x0000, 0x0000, 0x0000, 0x0000, 0x0000, 0x0000,
  0x0000, 0x0000, 0x0000, 0x0000, 0x0000, 0x0000, 0x0000, 0x0000, 0x0000, 0x0000, 0x0000, 0x0000,
  0x0000, 0x0000, 0x0000, 0x0000, 0x0000, 0x0000, 0x0000, 0x0000, 0x0000, 0x0000, 0x0000, 0x0000,
  0x0000, 0x0000, 0x0000, 0x0000, 0x0000, 0x0000, 0x0000, 0x0000, 0x0000, 0x0000, 0x0000, 0x0000,
  0x0000, 0x0000, 0x0000, 0x0000, 0x0000, 0x0000, 0x0000, 0x0000, 0x0000, 0x0000, 0x0000, 0x0000,
  0x0000, 0x0000, 0x0000, 0x0000, 0x0000, 0x0000, 0x0000, 0x0000, 0x0000, 0x0000, 0x0000, 0x0000,
  0x0000, 0x0000, 0x0000, 0x0000, 0x0000, 0x0000, 0x0000, 0x0000, 0x0000, 0x0000, 0x0000, 0x0000,
  0x0000, 0x0000, 0x0000, 0x0000, 0x0000, 0x0000, 0x0000, 0x0000, 0x0000, 0x0000, 0x0000, 0x0000,
  0x0000, 0x0000, 0x0000, 0x0000, 0x0000, 0x0000, 0x0000, 0x0000, 0x0000, 0x0000, 0x0000, 0x0000,
  0x0000, 0x0000, 0x0000, 0x0000, 0x0000, 0x0000, 0x0000, 0x0000, 0x0000, 0x0000, 0x0000, 0x0000,
  0x0000, 0x0000, 0x0000, 0x0000, 0x0000, 0x0000, 0x0000, 0x0000, 0x0000, 0x0000, 0x0000, 0x0000,
  0x0000, 0x0000, 0x0000, 0x0000, 0x0000, 0x0000, 0x0000, 0x0000, 0x0000, 0x0000, 0x0000, 0x0000,
  0x0000, 0x0000, 0x0000, 0x0000, 0x0000, 0x0000, 0x0000, 0x0000, 0x0000, 0x0000, 0x0000, 0x0000,
  0x0000, 0x0000, 0x0000, 0x0000, 0x0000, 0x0000, 0x0000, 0x0000, 0x0000, 0x0000, 0x0000, 0x0000,
  0x0000, 0x0000, 0x0000, 0x0000, 0x0000, 0x0000, 0x0000, 0x0000, 0x0000, 0x0000, 0x0000, 0x0000,
  0x0000, 0x0000, 0x0000, 0x0000, 0x0000, 0x0000, 0x0000, 0x0000, 0x0000, 0x0000, 0x0000, 0x0000,
  0x0000, 0x0000, 0x0000, 0x0000, 0x0000, 0x0000, 0x0000, 0x0000, 0x0000, 0x0000, 0x0000, 0x0000,
  0x0000, 0x0000, 0x0000, 0x0000, 0x0000, 0x0000, 0x0000, 0x0000, 0x0000, 0x0000, 0x0000, 0x0000,
  0x0000, 0x0000, 0x0000, 0x0000, 0x0000, 0x0000, 0x0000, 0x0000, 0x0000, 0x0000, 0x0000, 0x0000,
  0x0000, 0x0000, 0x0000, 0x0000, 0x0000, 0x0000, 0x0000, 0x0000, 0x0000, 0x0000, 0x0000, 0x0000,
  0x0000, 0x0000, 0x0000, 0x0000, 0x0000, 0x0000, 0x0000, 0x0000, 0x0000, 0x0000, 0x0000, 0x0000,
  0x0000, 0x0000, 0x0000, 0x0000, 0x0000, 0x0000, 0x0000, 0x0000, 0x0000, 0x0000, 0x0000, 0x0000,
  0x0000, 0x0000, 0x0000, 0x0000, 0x0000, 0x0000, 0x0000, 0x0000, 0x0000, 0x0000, 0x0000, 0x0000,
  0x0000, 0x0000, 0x0000, 0x0000, 0x0000, 0x0000, 0x0000, 0x0000, 0x0000, 0x0000, 0x0000, 0x0000,
  0x0000, 0x0000, 0x0000, 0x0000, 0x0000, 0x0000, 0x0000, 0x0000, 0x0000, 0x0000, 0x0000, 0x0000,
  0x0000, 0x0000, 0x0000, 0x0000, 0x0000, 0x0000, 0x0000, 0x0000, 0x0000, 0x0000, 0x0000, 0x0000,
  0x0000, 0x0000, 0x0000, 0x0000, 0x0000, 0x0000, 0x0000, 0x0000, 0x0000, 0x0000, 0x0000, 0x0000,
  0x0000, 0x0000, 0x0000, 0x0000, 0x0000, 0x0000, 0x0000, 0x0000, 0x0000, 0x0000, 0x0000, 0x0000,
  0x0000, 0x0000, 0x0000, 0x0000, 0x0000, 0x0000, 0x0000, 0x0000, 0x0000, 0x0000, 0x0000, 0x0000,
  0x0000, 0x0000, 0x0000, 0x0000, 0x0000, 0x0000, 0x0000, 0x0000, 0x0000, 0x0000, 0x0000, 0x0000,
  0x0000, 0x0000, 0x0000, 0x0000, 0x0000, 0x0000, 0x0000, 0x0000, 0x0000, 0x0000, 0x0000, 0x0000,
  0x0000, 0x0000, 0x0000, 0x0000, 0x0000, 0x0000, 0x0000, 0x0000, 0x0000, 0x0000, 0x0000, 0x0000,
  0x0000, 0x0000, 0x0000, 0x0000, 0x0000, 0x0000, 0x0000, 0x0000, 0x0000, 0x0000, 0x0000, 0x0000,
  0x0000, 0x0000, 0x0000, 0x0000, 0x0000, 0x0000, 0x0000, 0x0000, 0x0000, 0x0000, 0x0000, 0x0000,
  0x0000, 0x0000, 0x0000, 0x0000, 0x0000, 0x0000, 0x0000, 0x0000, 0x0000, 0x0000, 0x0000, 0x0000,
  0x0000, 0x0000, 0x0000, 0x0000, 0x0000, 0x0000, 0x0000, 0x0000, 0x0000, 0x0000, 0x0000, 0x0000,
  0x0000, 0x0000, 0x0000, 0x0000, 0x0000, 0x0000, 0x0000, 0x0000, 0x0000, 0x0000, 0x0000, 0x0000,
  0x0000, 0x0000, 0x0000, 0x0000, 0x0000, 0x0000, 0x0000, 0x0000, 0x0000, 0x0000, 0x0000, 0x0000,
  0x0000, 0x0000, 0x0000, 0x0000, 0x0000, 0x0000, 0x0000, 0x0000, 0x0000, 0x0000, 0x0000, 0x0000,
  0x0000, 0x0000, 0x0000, 0x0000, 0x0000, 0x0000, 0x0000, 0x0000, 0x0000, 0x0000, 0x0000, 0x0000,
  0x0000, 0x0000, 0x0000, 0x0000, 0x0000, 0x0000, 0x0000, 0x0000, 0x0000, 0x0000, 0x0000, 0x0000,
  0x0000, 0x0000, 0x0000, 0x0000, 0x0000, 0x0000, 0x0000, 0x0000, 0x0000, 0x0000, 0x0000, 0x0000,
  0x0000, 0x0000, 0x0000, 0x0000, 0x0000, 0x0000, 0x0000, 0x0000, 0x0000, 0x0000, 0x0000, 0x0000,
  0x0000, 0x0000, 0x0000, 0x0000, 0x0000, 0x0000, 0x0000, 0x0000, 0x0000, 0x0000, 0x0000, 0x0000,
  0x0000, 0x0000, 0x0000, 0x0000, 0x0000, 0x0000, 0x0000, 0x0000, 0x0000, 0x0000, 0x0000, 0x0000,
  0x0000, 0x0000, 0x0000, 0x0000, 0x0000, 0x0000, 0x0000, 0x0000, 0x0000, 0x0000, 0x0000, 0x0000,
  0x0000, 0x0000, 0x0000, 0x0000, 0x0000, 0x0000, 0x0000, 0x0000, 0x0000, 0x0000, 0x0000, 0x0000,
  0x0000, 0x0000, 0x0000, 0x0000, 0x0000, 0x0000, 0x0000, 0x0000, 0x0000, 0x0000, 0x0000, 0x0000,
  0x0000, 0x0000, 0x0000, 0x0000, 0x0000, 0x0000, 0x0000, 0x0000, 0x0000, 0x0000, 0x0000, 0x0000,
  0x0000, 0x0000, 0x0000, 0x0000, 0x0000, 0x0000, 0x0000, 0x0000, 0x0000, 0x0000, 0x0000, 0x0000,
  0x0000, 0x0000, 0x0000, 0x0000, 0x0000, 0x0000, 0x0000, 0x0000, 0x0000, 0x0000, 0x0000, 0x0000,
  0x0000, 0x0000, 0x0000, 0x0000, 0x0000, 0x0000, 0x0000, 0x0000, 0x0000, 0x0000, 0x0000, 0x0000,
  0x0000, 0x0000, 0x0000, 0x0000, 0x0000, 0x0000, 0x0000, 0x0000, 0x0000, 0x0000, 0x0000, 0x0000,
  0x0000, 0x0000, 0x0000, 0x0000, 0x0000, 0x0000, 0x0000, 0x0000, 0x0000, 0x0000, 0x0000, 0x0000,
  0x0000, 0x0000, 0x0000, 0x0000, 0x0000, 0x0000, 0x0000, 0x0000, 0x0000, 0x0000, 0x0000, 0x0000,
  0x0000, 0x0000, 0x0000, 0x0000, 0x0000, 0x0000, 0x0000, 0x0000, 0x0000, 0x0000, 0x0000, 0x0000,
  0x0000, 0x0000, 0x0000, 0x0000, 0x0000, 0x0000, 0x0000, 0x0000, 0x0000, 0x0000, 0x0000, 0x0000,
  0x0000, 0x0000, 0x0000, 0x0000, 0x0000, 0x0000, 0x0000, 0x0000, 0x0000, 0x0000, 0x0000, 0x0000,
  0x0000, 0x0000, 0x0000, 0x0000, 0x0000, 0x0000, 0x0000, 0x0000, 0x0000, 0x0000, 0x0000, 0x0000,
  0x0000, 0x0000, 0x0000, 0x0000, 0x0000, 0x0000, 0x0000, 0x0000, 0x0000, 0x0000, 0x0000, 0x0000,
  0x0000, 0x0000, 0x0000, 0x0000, 0x0000, 0x0000, 0x0000, 0x0000, 0x0000, 0x0000, 0x0000, 0x0000,
  0x0000, 0x0000, 0x0000, 0x0000, 0x0000, 0x0000, 0x0000, 0x0000, 0x0000, 0x0000, 0x0000, 0x0000,
  0x0000, 0x0000, 0x0000, 0x0000, 0x0000, 0x0000, 0x0000, 0x0000, 0x0000, 0x0000, 0x0000, 0x0000,
  0x0000, 0x0000, 0x0000, 0x0000, 0x0000, 0x0000, 0x0000, 0x0000, 0x0000, 0x0000, 0x0000, 0x0000,
  0x0000, 0x0000, 0x0000, 0x0000, 0x0000, 0x0000, 0x0000, 0x0000, 0x0000, 0x0000, 0x0000, 0x0000,
  0x0000, 0x0000, 0x0000, 0x0000, 0x0000, 0x0000, 0x0000, 0x0000, 0x0000, 0x0000, 0x0000, 0x0000,
  0x0000, 0x0000, 0x0000, 0x0000, 0x0000, 0x0000, 0x0000, 0x0000, 0x0000, 0x0000, 0x0000, 0x0000,
  0x0000, 0x0000, 0x0000, 0x0000, 0x0000, 0x0000, 0x0000, 0x0000, 0x0000, 0x0000, 0x0000, 0x0000,
  0x0000, 0x0000, 0x0000, 0x0000, 0x0000, 0x0000, 0x0000, 0x0000, 0x0000, 0x0000, 0x0000, 0x0000,
  0x0000, 0x0000, 0x0000, 0x0000, 0x0000, 0x0000, 0x0000, 0x0000, 0x0000, 0x0000, 0x0000, 0x0000,
  0x0000, 0x0000, 0x0000, 0x0000, 0x0000, 0x0000, 0x0000, 0x0000, 0x0000, 0x0000, 0x0000, 0x0000,
  0x0000, 0x0000, 0x0000, 0x0000, 0x0000, 0x0000, 0x0000, 0x0000, 0x0000, 0x0000, 0x0000, 0x0000,
  0x0000, 0x0000, 0x0000, 0x0000, 0x0000, 0x0000, 0x0000, 0x0000, 0x0000, 0x0000, 0x0000, 0x0000,
  0x0000, 0x0000, 0x0000, 0x0000, 0x0000, 0x0000, 0x0000, 0x0000, 0x0000, 0x0000, 0x0000, 0x0000,
  0x0000, 0x0000, 0x0000, 0x0000, 0x0000, 0x0000, 0x0000, 0x0000, 0x0000, 0x0000, 0x0000, 0x0000,
  0x0000, 0x0000, 0x0000, 0x0000, 0x0000, 0x0000, 0x0000, 0x0000, 0x0000, 0x0000, 0x0000, 0x0000,
  0x0000, 0x0000, 0x0000, 0x0000, 0x0000, 0x0000, 0x0000, 0x0000, 0x0000, 0x0000, 0x0000, 0x0000,
  0x0000, 0x0000, 0x0000, 0x0000, 0x0000, 0x0000, 0x0000, 0x0000, 0x0000, 0x0000, 0x0000, 0x0000,
  0x0000, 0x0000, 0x0000, 0x0000, 0x0000, 0x0000, 0x0000, 0x0000, 0x0000, 0x0000, 0x0000, 0x0000,
  0x0000, 0x0000, 0x0000, 0x0000, 0x0000, 0x0000, 0x0000, 0x0000, 0x0000, 0x0000, 0x0000, 0x0000,
  0x0000, 0x0000, 0x0000, 0x0000, 0x0000, 0x0000, 0x0000, 0x0000, 0x0000, 0x0000, 0x0000, 0x0000,
  0x0000, 0x0000, 0x0000, 0x0000, 0x0000, 0x0000, 0x0000, 0x0000, 0x0000, 0x0000, 0x0000, 0x0000,
  0x0000, 0x0000, 0x0000, 0x0000, 0x0000, 0x0000, 0x0000, 0x0000, 0x0000, 0x0000, 0x0000, 0x0000,
  0x0000, 0x0000, 0x0000, 0x0000, 0x0000, 0x0000, 0x0000, 0x0000, 0x0000, 0x0000, 0x0000, 0x0000,
  0x0000, 0x0000, 0x0000, 0x0000, 0x0000, 0x0000, 0x0000, 0x0000, 0x0000, 0x0000, 0x0000, 0x0000,
  0x0000, 0x0000, 0x0000, 0x0000, 0x0000, 0x0000, 0x0000, 0x0000, 0x0000, 0x0000, 0x0000, 0x0000,
  0x0000, 0x0000, 0x0000, 0x0000, 0x0000, 0x0000, 0x0000, 0x0000, 0x0000, 0x0000, 0x0000, 0x0000,
  0x0000, 0x0000, 0x0000, 0x0000, 0x0000, 0x0000, 0x0000, 0x0000, 0x0000, 0x0000, 0x0000, 0x0000,
  0x0000, 0x0000, 0x0000, 0x0000, 0x0000, 0x0000, 0x0000, 0x0000, 0x0000, 0x0000, 0x0000, 0x0000,
  0x0000, 0x0000, 0x0000, 0x0000, 0x0000, 0x0000, 0x0000, 0x0000, 0x0000, 0x0000, 0x0000, 0x0000,
  0x0000, 0x0000, 0x0000, 0x0000, 0x0000, 0x0000, 0x0000, 0x0000, 0x0000, 0x0000, 0x0000, 0x0000,
  0x0000, 0x0000, 0x0000, 0x0000, 0x0000, 0x0000, 0x0000, 0x0000, 0x0000, 0x0000, 0x0000, 0x0000,
  0x0000, 0x0000, 0x0000, 0x0000, 0x0000, 0x0000, 0x0000, 0x0000, 0x0000, 0x0000, 0x0000, 0x0000,
  0x0000, 0x0000, 0x0000, 0x0000, 0x0000, 0x0000, 0x0000, 0x0000, 0x0000, 0x0000, 0x0000, 0x0000,
  0x0000, 0x0000, 0x0000, 0x0000, 0x0000, 0x0000, 0x0000, 0x0000, 0x0000, 0x0000, 0x0000, 0x0000,
  0x0000, 0x0000, 0x0000, 0x0000, 0x0000, 0x0000, 0x0000, 0x0000, 0x0000, 0x0000, 0x0000, 0x0000,
  0x0000, 0x0000, 0x0000, 0x0000, 0x0000, 0x0000, 0x0000, 0x0000, 0x0000, 0x0000, 0x0000, 0x0000,
  0x0000, 0x0000, 0x0000, 0x0000, 0x0000, 0x0000, 0x0000, 0x0000, 0x0000, 0x0000, 0x0000, 0x0000,
  0x0000, 0x0000, 0x0000, 0x0000, 0x0000, 0x0000, 0x0000, 0x0000, 0x0000, 0x0000, 0x0000, 0x0000,
  0x0000, 0x0000, 0x0000, 0x0000, 0x0000, 0x0000, 0x0000, 0x0000, 0x0000, 0x0000, 0x0000, 0x0000,
  0x0000, 0x0000, 0x0000, 0x0000, 0x0000, 0x0000, 0x0000, 0x0000, 0x0000, 0x0000, 0x0000, 0x0000,
  0x0000, 0x0000, 0x0000, 0x0000, 0x0000, 0x0000, 0x0000, 0x0000, 0x0000, 0x0000, 0x0000, 0x0000,
  0x0000, 0x0000, 0x0000, 0x0000, 0x0000, 0x0000, 0x0000, 0x0000, 0x0000, 0x0000, 0x0000, 0x0000,
  0x0000, 0x0000, 0x0000, 0x0000, 0x0000, 0x0000, 0x0000, 0x0000, 0x0000, 0x0000, 0x0000, 0x0000,
  0x0000, 0x0000, 0x0000, 0x0000, 0x0000, 0x0000, 0x0000, 0x0000, 0x0000, 0x0000, 0x0000, 0x0000,
  0x0000, 0x0000, 0x0000, 0x0000, 0x0000, 0x0000, 0x0000, 0x0000, 0x0000, 0x0000, 0x0000, 0x0000,
  0x0000, 0x0000, 0x0000, 0x0000, 0x0000, 0x0000, 0x0000, 0x0000, 0x0000, 0x0000, 0x0000, 0x0000,
  0x0000, 0x0000, 0x0000, 0x0000, 0x0000, 0x0000, 0x0000, 0x0000, 0x0000, 0x0000, 0x0000, 0x0000,
  0x0000, 0x0000, 0x0000, 0x0000, 0x0000, 0x0000, 0x0000, 0x0000, 0x0000, 0x0000, 0x0000, 0x0000,
  0x0000, 0x0000, 0x0000, 0x0000, 0x0000, 0x0000, 0x0000, 0x0000, 0x0000, 0x0000, 0x0000, 0x0000,
  0x0000, 0x0000, 0x0000, 0x0000, 0x0000, 0x0000, 0x0000, 0x0000, 0x0000, 0x0000, 0x0000, 0x0000,
  0x0000, 0x0000, 0x0000, 0x0000, 0x0000, 0x0000, 0x0000, 0x0000, 0x0000, 0x0000, 0x0000, 0x0000,
  0x0000, 0x0000, 0x0000, 0x0000, 0x0000, 0x0000, 0x0000, 0x0000, 0x0000, 0x0000, 0x0000, 0x0000,
  0x0000, 0x0000, 0x0000, 0x0000, 0x0000, 0x0000, 0x0000, 0x0000, 0x0000, 0x0000, 0x0000, 0x0000,
  0x0000, 0x0000, 0x0000, 0x0000, 0x0000, 0x0000, 0x0000, 0x0000, 0x0000, 0x0000, 0x0000, 0x0000,
  0x0000, 0x0000, 0x0000, 0x0000, 0x0000, 0x0000, 0x0000, 0x0000, 0x0000, 0x0000, 0x0000, 0x0000,
  0x0000, 0x0000, 0x0000, 0x0000, 0x0000, 0x0000, 0x0000, 0x0000, 0x0000, 0x0000, 0x0000, 0x0000,
  0x0000, 0x0000, 0x0000, 0x0000, 0x0000, 0x0000, 0x0000, 0x0000, 0x0000, 0x0000, 0x0000, 0x0000,
  0x0000, 0x0000, 0x0000, 0x0000, 0x0000, 0x0000, 0x0000, 0x0000, 0x0000, 0x0000, 0x0000, 0x0000,
  0x0000, 0x0000, 0x0000, 0x0000, 0x0000, 0x0000, 0x0000, 0x0000, 0x0000, 0x0000, 0x0000, 0x0000,
  0x0000, 0x0000, 0x0000, 0x0000, 0x0000, 0x0000, 0x0000, 0x0000, 0x0000, 0x0000, 0x0000, 0x0000,
  0x0000, 0x0000, 0x0000, 0x0000, 0x0000, 0x0000, 0x0000, 0x0000, 0x0000, 0x0000, 0x0000, 0x0000,
  0x0000, 0x0000, 0x0000, 0x0000, 0x0000, 0x0000, 0x0000, 0x0000, 0x0000, 0x0000, 0x0000, 0x0000,
  0x0000, 0x0000, 0x0000, 0x0000, 0x0000, 0x0000, 0x0000, 0x0000, 0x0000, 0x0000, 0x0000, 0x0000,
  0x0000, 0x0000, 0x0000, 0x0000, 0x0000, 0x0000, 0x0000, 0x0000, 0x0000, 0x0000, 0x0000, 0x0000,
  0x0000, 0x0000, 0x0000, 0x0000, 0x0000, 0x0000, 0x0000, 0x0000, 0x0000, 0x0000, 0x0000, 0x0000,
  0x0000, 0x0000, 0x0000, 0x0000, 0x0000, 0x0000, 0x0000, 0x0000, 0x0000, 0x0000, 0x0000, 0x0000,
  0x0000, 0x0000, 0x0000, 0x0000, 0x0000, 0x0000, 0x0000, 0x0000, 0x0000, 0x0000, 0x0000, 0x0000,
  0x0000, 0x0000, 0x0000, 0x0000, 0x0000, 0x0000, 0x0000, 0x0000, 0x0000, 0x0000, 0x0000, 0x0000,
  0x0000, 0x0000, 0x0000, 0x0000, 0x0000, 0x0000, 0x0000, 0x0000, 0x0000, 0x0000, 0x0000, 0x0000,
  0x0000, 0x0000, 0x0000, 0x0000, 0x0000, 0x0000, 0x0000, 0x0000, 0x0000, 0x0000, 0x0000, 0x0000,
  0x0000, 0x0000, 0x0000, 0x0000, 0x0000, 0x0000, 0x0000, 0x0000, 0x0000, 0x0000, 0x0000, 0x0000,
  0x0000, 0x0000, 0x0000, 0x0000, 0x0000, 0x0000, 0x0000, 0x0000, 0x0000, 0x0000, 0x0000, 0x0000,


};

#endif 
