#ifndef DRINKWATER1_H
#define DRINKWATER1_H


#include <stdint.h>

#define IMAGE_WIDTH   240
#define IMAGE_HEIGHT  240

const uint16_t drinkwater1_data[IMAGE_WIDTH * IMAGE_HEIGHT] PROGMEM = { 


  0x0000, 0x0000, 0x0000, 0x0000, 0x0000, 0x0000, 0x0000, 0x0000, 0x0000, 0x0000, 0x0000, 0x0000,
  0x0000, 0x0000, 0x0000, 0x0000, 0x0000, 0x0000, 0x0000, 0x0000, 0x0000, 0x0000, 0x0000, 0x0000,
  0x0000, 0x0000, 0x0000, 0x0000, 0x0000, 0x0000, 0x0000, 0x0000, 0x0000, 0x0000, 0x0000, 0x0000,
  0x0000, 0x0000, 0x0000, 0x0000, 0x0000, 0x0000, 0x0000, 0x0000, 0x0000, 0x0000, 0x0000, 0x0000,
  0x0000, 0x0000, 0x0000, 0x0000, 0x0000, 0x0000, 0x0000, 0x0000, 0x0000, 0x0000, 0x0000, 0x0000,
  0x0000, 0x0000, 0x0000, 0x0000, 0x0000, 0x0000, 0x0000, 0x0000, 0x0000, 0x0000, 0x0000, 0x0000,
  0x0000, 0x0000, 0x0000, 0x0000, 0x0000, 0x0000, 0x0000, 0x0000, 0x0000, 0x0000, 0x0000, 0x0000,
  0x0000, 0x0000, 0x0000, 0x0000, 0x0000, 0x0000, 0x0000, 0x0000, 0x0000, 0x0000, 0x0000, 0x0000,
  0x0000, 0x0000, 0x08A4, 0x1169, 0x1A2E, 0x2B14, 0x33F9, 0x3C9D, 0x451F, 0x44FE, 0x3CBD, 0x3C5B,
  0x33F9, 0x33B7, 0x2B75, 0x2313, 0x22B1, 0x1A4F, 0x19ED, 0x11AB, 0x118A, 0x1169, 0x1148, 0x1148,
  0x1148, 0x1148, 0x1148, 0x1148, 0x0907, 0x220D, 0x5C3A, 0x647D, 0x5C5C, 0x4C3A, 0x3396, 0x2B75,
  0x445A, 0x4CBC, 0x449C, 0x4CFE, 0x3CBD, 0x3C9C, 0x3C5B, 0x2BB7, 0x22F3, 0x1A0D, 0x1169, 0x08A4,
  0x0000, 0x0000, 0x0000, 0x0000, 0x0000, 0x0000, 0x0000, 0x0000, 0x0000, 0x0000, 0x0000, 0x0000,
  0x0000, 0x0000, 0x0000, 0x0000, 0x0000, 0x0000, 0x0000, 0x0000, 0x0000, 0x0000, 0x0000, 0x0000,
  0x0000, 0x0000, 0x0000, 0x0000, 0x0000, 0x0000, 0x0000, 0x0000, 0x0000, 0x0000, 0x0000, 0x0000,
  0x0000, 0x0000, 0x0000, 0x0000, 0x0000, 0x0000, 0x0000, 0x0000, 0x0000, 0x0000, 0x0000, 0x0000,
  0x0000, 0x0000, 0x0000, 0x0000, 0x0000, 0x0000, 0x0000, 0x0000, 0x0000, 0x0000, 0x0000, 0x0000,
  0x0000, 0x0000, 0x0000, 0x0000, 0x0000, 0x0000, 0x0000, 0x0000, 0x0000, 0x0000, 0x0000, 0x0000,
  0x0000, 0x0000, 0x0000, 0x0000, 0x0000, 0x0000, 0x0000, 0x0000, 0x0000, 0x0000, 0x0000, 0x0000,
  0x0000, 0x0000, 0x0000, 0x0000, 0x0000, 0x0000, 0x0000, 0x0000, 0x0000, 0x0000, 0x0000, 0x0000,
  0x0000, 0x0000, 0x0000, 0x0000, 0x0000, 0x0000, 0x0000, 0x0000, 0x0000, 0x0000, 0x0000, 0x0000,
  0x0000, 0x0000, 0x0000, 0x0000, 0x0000, 0x0000, 0x0000, 0x0000, 0x0000, 0x0000, 0x0000, 0x0000,
  0x0000, 0x0000, 0x0000, 0x0000, 0x0000, 0x0000, 0x0000, 0x0000, 0x0000, 0x0000, 0x0000, 0x0000,
  0x0000, 0x0000, 0x0000, 0x0000, 0x0000, 0x0000, 0x0000, 0x0000, 0x0000, 0x0000, 0x0000, 0x0000,
  0x0000, 0x0000, 0x0000, 0x0000, 0x0000, 0x0000, 0x0000, 0x0000, 0x0000, 0x0000, 0x0000, 0x0000,
  0x0000, 0x0000, 0x0000, 0x0000, 0x0000, 0x0000, 0x0000, 0x0000, 0x0000, 0x0000, 0x0000, 0x0000,
  0x0000, 0x0000, 0x0000, 0x0000, 0x0000, 0x0000, 0x0000, 0x0000, 0x0000, 0x0000, 0x0000, 0x0000,
  0x0000, 0x0000, 0x0000, 0x0000, 0x0000, 0x0000, 0x0000, 0x0000, 0x0000, 0x0883, 0x1189, 0x2290,
  0x33B6, 0x3C5B, 0x3CBD, 0x44BD, 0x3C5C, 0x33F8, 0x2B54, 0x2290, 0x19EC, 0x1169, 0x08E6, 0x08A4,
  0x0042, 0x0021, 0x0000, 0x0000, 0x0000, 0x0000, 0x0000, 0x0000, 0x0000, 0x0000, 0x0000, 0x0000,
  0x0000, 0x0000, 0x0000, 0x0000, 0x2969, 0x5B14, 0x5B14, 0x39ED, 0x2107, 0x0863, 0x0001, 0x0842,
  0x216B, 0x0883, 0x0062, 0x00A4, 0x2230, 0x543D, 0x64BD, 0x4C5B, 0x33F9, 0x3CBE, 0x44DD, 0x44BD,
  0x3419, 0x22F2, 0x19EC, 0x0906, 0x0021, 0x0000, 0x0000, 0x0000, 0x0000, 0x0000, 0x0000, 0x0000,
  0x0000, 0x0000, 0x0000, 0x0000, 0x0000, 0x0000, 0x0000, 0x0000, 0x0000, 0x0000, 0x0000, 0x0000,
  0x0000, 0x0000, 0x0000, 0x0000, 0x0000, 0x0000, 0x0000, 0x0000, 0x0000, 0x0000, 0x0000, 0x0000,
  0x0000, 0x0000, 0x0000, 0x0000, 0x0000, 0x0000, 0x0000, 0x0000, 0x0000, 0x0000, 0x0000, 0x0000,
  0x0000, 0x0000, 0x0000, 0x0000, 0x0000, 0x0000, 0x0000, 0x0000, 0x0000, 0x0000, 0x0000, 0x0000,
  0x0000, 0x0000, 0x0000, 0x0000, 0x0000, 0x0000, 0x0000, 0x0000, 0x0000, 0x0000, 0x0000, 0x0000,
  0x0000, 0x0000, 0x0000, 0x0000, 0x0000, 0x0000, 0x0000, 0x0000, 0x0000, 0x0000, 0x0000, 0x0000,
  0x0000, 0x0000, 0x0000, 0x0000, 0x0000, 0x0000, 0x0000, 0x0000, 0x0000, 0x0000, 0x0000, 0x0000,
  0x0000, 0x0000, 0x0000, 0x0000, 0x0000, 0x0000, 0x0000, 0x0000, 0x0000, 0x0000, 0x0000, 0x0000,
  0x0000, 0x0000, 0x0000, 0x0000, 0x0000, 0x0000, 0x0000, 0x0000, 0x0000, 0x0000, 0x0000, 0x0000,
  0x0000, 0x0000, 0x0000, 0x0000, 0x0000, 0x0000, 0x0000, 0x0000, 0x0000, 0x0000, 0x0000, 0x0000,
  0x0000, 0x0000, 0x0000, 0x0000, 0x0000, 0x0000, 0x0000, 0x0000, 0x0000, 0x0000, 0x0000, 0x0000,
  0x0000, 0x0000, 0x0000, 0x0000, 0x0000, 0x0000, 0x0000, 0x0000, 0x0000, 0x0000, 0x0000, 0x0000,
  0x0000, 0x0000, 0x0000, 0x0000, 0x0000, 0x0000, 0x0000, 0x0000, 0x0000, 0x0000, 0x0000, 0x0000,
  0x0000, 0x0000, 0x0000, 0x0000, 0x0000, 0x0000, 0x0000, 0x0000, 0x0000, 0x0000, 0x0000, 0x0000,
  0x0000, 0x0000, 0x0000, 0x0000, 0x0000, 0x08C5, 0x1A0C, 0x2B54, 0x3C5B, 0x3CDE, 0x3CBE, 0x3C5B,
  0x2B75, 0x226F, 0x118A, 0x08C5, 0x0022, 0x0000, 0x0000, 0x0000, 0x0000, 0x0000, 0x0000, 0x0000,
  0x0001, 0x0021, 0x0021, 0x0021, 0x0021, 0x0022, 0x0021, 0x0021, 0x0021, 0x0021, 0x0021, 0x0021,
  0x0021, 0x0021, 0x0842, 0x2148, 0x298A, 0x0884, 0x0000, 0x0000, 0x0000, 0x0000, 0x0000, 0x18C6,
  0x18C6, 0x2128, 0x31AB, 0x296A, 0x4A94, 0x39EF, 0x10A5, 0x0842, 0x0022, 0x42D4, 0x7C9B, 0x6438,
  0x2B13, 0x3C3B, 0x3CBE, 0x3CBE, 0x343B, 0x2B75, 0x1A2D, 0x08E5, 0x0000, 0x0000, 0x0000, 0x0000,
  0x0000, 0x0000, 0x0000, 0x0000, 0x0000, 0x0000, 0x0000, 0x0000, 0x0000, 0x0000, 0x0000, 0x0000,
  0x0000, 0x0000, 0x0000, 0x0000, 0x0000, 0x0000, 0x0000, 0x0000, 0x0000, 0x0000, 0x0000, 0x0000,
  0x0000, 0x0000, 0x0000, 0x0000, 0x0000, 0x0000, 0x0000, 0x0000, 0x0000, 0x0000, 0x0000, 0x0000,
  0x0000, 0x0000, 0x0000, 0x0000, 0x0000, 0x0000, 0x0000, 0x0000, 0x0000, 0x0000, 0x0000, 0x0000,
  0x0000, 0x0000, 0x0000, 0x0000, 0x0000, 0x0000, 0x0000, 0x0000, 0x0000, 0x0000, 0x0000, 0x0000,
  0x0000, 0x0000, 0x0000, 0x0000, 0x0000, 0x0000, 0x0000, 0x0000, 0x0000, 0x0000, 0x0000, 0x0000,
  0x0000, 0x0000, 0x0000, 0x0000, 0x0000, 0x0000, 0x0000, 0x0000, 0x0000, 0x0000, 0x0000, 0x0000,
  0x0000, 0x0000, 0x0000, 0x0000, 0x0000, 0x0000, 0x0000, 0x0000, 0x0000, 0x0000, 0x0000, 0x0000,
  0x0000, 0x0000, 0x0000, 0x0000, 0x0000, 0x0000, 0x0000, 0x0000, 0x0000, 0x0000, 0x0000, 0x0000,
  0x0000, 0x0000, 0x0000, 0x0000, 0x0000, 0x0000, 0x0000, 0x0000, 0x0000, 0x0000, 0x0000, 0x0000,
  0x0000, 0x0000, 0x0000, 0x0000, 0x0000, 0x0000, 0x0000, 0x0000, 0x0000, 0x0000, 0x0000, 0x0000,
  0x0000, 0x0000, 0x0000, 0x0000, 0x0000, 0x0000, 0x0000, 0x0000, 0x0000, 0x0000, 0x0000, 0x0000,
  0x0000, 0x0000, 0x0000, 0x0000, 0x0000, 0x0000, 0x0000, 0x0000, 0x0000, 0x0000, 0x0000, 0x0000,
  0x0000, 0x0000, 0x0000, 0x0000, 0x0000, 0x0000, 0x0000, 0x0000, 0x0000, 0x0000, 0x0000, 0x0000,
  0x0000, 0x0062, 0x118A, 0x22F3, 0x343A, 0x3CBE, 0x3C7C, 0x33B7, 0x2290, 0x1169, 0x0884, 0x0000,
  0x0000, 0x0000, 0x0000, 0x0000, 0x0001, 0x0021, 0x0022, 0x0022, 0x0022, 0x0021, 0x0021, 0x0021,
  0x0021, 0x0021, 0x0021, 0x0021, 0x0021, 0x0021, 0x0021, 0x0021, 0x0021, 0x0021, 0x0021, 0x0021,
  0x0021, 0x0021, 0x0042, 0x0021, 0x0000, 0x0001, 0x0021, 0x0022, 0x0022, 0x0842, 0x2969, 0x4A90,
  0x5315, 0x6BFB, 0x7C5E, 0x847E, 0x94DD, 0x8458, 0x4A4C, 0x0000, 0x10E7, 0x4A91, 0x8CBB, 0x52CF,
  0x18A3, 0x1083, 0x3256, 0x4B7B, 0x541B, 0x4CBE, 0x451F, 0x453F, 0x345A, 0x22F2, 0x1189, 0x0042,
  0x0000, 0x0000, 0x0000, 0x0000, 0x0000, 0x0000, 0x0000, 0x0000, 0x0000, 0x0000, 0x0000, 0x0000,
  0x0000, 0x0000, 0x0000, 0x0000, 0x0000, 0x0000, 0x0000, 0x0000, 0x0000, 0x0000, 0x0000, 0x0000,
  0x0000, 0x0000, 0x0000, 0x0000, 0x0000, 0x0000, 0x0000, 0x0000, 0x0000, 0x0000, 0x0000, 0x0000,
  0x0000, 0x0000, 0x0000, 0x0000, 0x0000, 0x0000, 0x0000, 0x0000, 0x0000, 0x0000, 0x0000, 0x0000,
  0x0000, 0x0000, 0x0000, 0x0000, 0x0000, 0x0000, 0x0000, 0x0000, 0x0000, 0x0000, 0x0000, 0x0000,
  0x0000, 0x0000, 0x0000, 0x0000, 0x0000, 0x0000, 0x0000, 0x0000, 0x0000, 0x0000, 0x0000, 0x0000,
  0x0000, 0x0000, 0x0000, 0x0000, 0x0000, 0x0000, 0x0000, 0x0000, 0x0000, 0x0000, 0x0000, 0x0000,
  0x0000, 0x0000, 0x0000, 0x0000, 0x0000, 0x0000, 0x0000, 0x0000, 0x0000, 0x0000, 0x0000, 0x0000,
  0x0000, 0x0000, 0x0000, 0x0000, 0x0000, 0x0000, 0x0000, 0x0000, 0x0000, 0x0000, 0x0000, 0x0000,
  0x0000, 0x0000, 0x0000, 0x0000, 0x0000, 0x0000, 0x0000, 0x0000, 0x0000, 0x0000, 0x0000, 0x0000,
  0x0000, 0x0000, 0x0000, 0x0000, 0x0000, 0x0000, 0x0000, 0x0000, 0x0000, 0x0000, 0x0000, 0x0000,
  0x0000, 0x0000, 0x0000, 0x0000, 0x0000, 0x0000, 0x0000, 0x0000, 0x0000, 0x0000, 0x0000, 0x0000,
  0x0000, 0x0000, 0x0000, 0x0000, 0x0000, 0x0000, 0x0000, 0x0000, 0x0000, 0x0000, 0x0000, 0x0000,
  0x0000, 0x0000, 0x0000, 0x0000, 0x0000, 0x0000, 0x0000, 0x0000, 0x0000, 0x0000, 0x08A4, 0x1A2D,
  0x33D7, 0x3CBD, 0x3C9D, 0x2BB7, 0x226F, 0x1127, 0x0042, 0x0000, 0x0000, 0x0000, 0x0000, 0x0021,
  0x0022, 0x0022, 0x0022, 0x0021, 0x0021, 0x0021, 0x0021, 0x0021, 0x0021, 0x0021, 0x0021, 0x0021,
  0x0021, 0x0021, 0x0021, 0x0021, 0x0021, 0x0021, 0x0021, 0x0021, 0x0021, 0x0021, 0x0021, 0x0021,
  0x0021, 0x0021, 0x0001, 0x0021, 0x0021, 0x0021, 0x0021, 0x0021, 0x0021, 0x0863, 0x0884, 0x0042,
  0x0000, 0x0001, 0x10E8, 0x31F0, 0x6377, 0x8CBB, 0x8457, 0x31EA, 0x6373, 0x6BB4, 0x7418, 0x8C9C,
  0x10C5, 0x0885, 0x533C, 0x3A12, 0x4272, 0x5B5B, 0x196C, 0x1168, 0x3397, 0x44BF, 0x44DF, 0x3CBD,
  0x2B55, 0x11AA, 0x0062, 0x0000, 0x0000, 0x0000, 0x0000, 0x0000, 0x0000, 0x0000, 0x0000, 0x0000,
  0x0000, 0x0000, 0x0000, 0x0000, 0x0000, 0x0000, 0x0000, 0x0000, 0x0000, 0x0000, 0x0000, 0x0000,
  0x0000, 0x0000, 0x0000, 0x0000, 0x0000, 0x0000, 0x0000, 0x0000, 0x0000, 0x0000, 0x0000, 0x0000,
  0x0000, 0x0000, 0x0000, 0x0000, 0x0000, 0x0000, 0x0000, 0x0000, 0x0000, 0x0000, 0x0000, 0x0000,
  0x0000, 0x0000, 0x0000, 0x0000, 0x0000, 0x0000, 0x0000, 0x0000, 0x0000, 0x0000, 0x0000, 0x0000,
  0x0000, 0x0000, 0x0000, 0x0000, 0x0000, 0x0000, 0x0000, 0x0000, 0x0000, 0x0000, 0x0000, 0x0000,
  0x0000, 0x0000, 0x0000, 0x0000, 0x0000, 0x0000, 0x0000, 0x0000, 0x0000, 0x0000, 0x0000, 0x0000,
  0x0000, 0x0000, 0x0000, 0x0000, 0x0000, 0x0000, 0x0000, 0x0000, 0x0000, 0x0000, 0x0000, 0x0000,
  0x0000, 0x0000, 0x0000, 0x0000, 0x0000, 0x0000, 0x0000, 0x0000, 0x0000, 0x0000, 0x0000, 0x0000,
  0x0000, 0x0000, 0x0000, 0x0000, 0x0000, 0x0000, 0x0000, 0x0000, 0x0000, 0x0000, 0x0000, 0x0000,
  0x0000, 0x0000, 0x0000, 0x0000, 0x0000, 0x0000, 0x0000, 0x0000, 0x0000, 0x0000, 0x0000, 0x0000,
  0x0000, 0x0000, 0x0000, 0x0000, 0x0000, 0x0000, 0x0000, 0x0000, 0x0000, 0x0000, 0x0000, 0x0000,
  0x0000, 0x0000, 0x0000, 0x0000, 0x0000, 0x0000, 0x0000, 0x0000, 0x0000, 0x0000, 0x0000, 0x0000,
  0x0000, 0x0000, 0x0000, 0x0000, 0x0000, 0x0000, 0x0000, 0x08A4, 0x1A4E, 0x33F8, 0x44DE, 0x449C,
  0x2B54, 0x11AA, 0x0063, 0x0000, 0x0000, 0x0000, 0x0001, 0x0021, 0x0022, 0x0022, 0x0021, 0x0021,
  0x0021, 0x0021, 0x0021, 0x0021, 0x0021, 0x0021, 0x0021, 0x0021, 0x0021, 0x0021, 0x0021, 0x0021,
  0x0021, 0x0021, 0x0021, 0x0021, 0x0021, 0x0021, 0x0021, 0x0021, 0x0021, 0x0021, 0x0021, 0x0021,
  0x0021, 0x0021, 0x0021, 0x0021, 0x0021, 0x0021, 0x0021, 0x0021, 0x0021, 0x0000, 0x0000, 0x0001,
  0x2129, 0x3A30, 0x5314, 0x73D7, 0x8C9A, 0xA51B, 0x52CE, 0x322D, 0x7C3B, 0x8459, 0x8458, 0x8C9C,
  0x31CC, 0x218F, 0x42F9, 0x0863, 0x29F0, 0x431B, 0x110C, 0x0000, 0x10A7, 0x533C, 0x2A31, 0x1A2D,
  0x33F9, 0x44FF, 0x347B, 0x2B54, 0x11AA, 0x0021, 0x0000, 0x0000, 0x0000, 0x0000, 0x0000, 0x0000,
  0x0000, 0x0000, 0x0000, 0x0000, 0x0000, 0x0000, 0x0000, 0x0000, 0x0000, 0x0000, 0x0000, 0x0000,
  0x0000, 0x0000, 0x0000, 0x0000, 0x0000, 0x0000, 0x0000, 0x0000, 0x0000, 0x0000, 0x0000, 0x0000,
  0x0000, 0x0000, 0x0000, 0x0000, 0x0000, 0x0000, 0x0000, 0x0000, 0x0000, 0x0000, 0x0000, 0x0000,
  0x0000, 0x0000, 0x0000, 0x0000, 0x0000, 0x0000, 0x0000, 0x0000, 0x0000, 0x0000, 0x0000, 0x0000,
  0x0000, 0x0000, 0x0000, 0x0000, 0x0000, 0x0000, 0x0000, 0x0000, 0x0000, 0x0000, 0x0000, 0x0000,
  0x0000, 0x0000, 0x0000, 0x0000, 0x0000, 0x0000, 0x0000, 0x0000, 0x0000, 0x0000, 0x0000, 0x0000,
  0x0000, 0x0000, 0x0000, 0x0000, 0x0000, 0x0000, 0x0000, 0x0000, 0x0000, 0x0000, 0x0000, 0x0000,
  0x0000, 0x0000, 0x0000, 0x0000, 0x0000, 0x0000, 0x0000, 0x0000, 0x0000, 0x0000, 0x0000, 0x0000,
  0x0000, 0x0000, 0x0000, 0x0000, 0x0000, 0x0000, 0x0000, 0x0000, 0x0000, 0x0000, 0x0000, 0x0000,
  0x0000, 0x0000, 0x0000, 0x0000, 0x0000, 0x0000, 0x0000, 0x0000, 0x0000, 0x0000, 0x0000, 0x0000,
  0x0000, 0x0000, 0x0000, 0x0000, 0x0000, 0x0000, 0x0000, 0x0000, 0x0000, 0x0000, 0x0000, 0x0000,
  0x0000, 0x0000, 0x0000, 0x0000, 0x0000, 0x0000, 0x0000, 0x0000, 0x0000, 0x0000, 0x0000, 0x0000,
  0x0000, 0x0000, 0x0000, 0x0000, 0x0042, 0x19EC, 0x33B7, 0x3CBD, 0x3C5B, 0x22D2, 0x1148, 0x0042,
  0x0000, 0x0000, 0x0001, 0x0021, 0x0022, 0x0021, 0x0021, 0x0021, 0x0021, 0x0021, 0x0021, 0x0021,
  0x0021, 0x0021, 0x0021, 0x0021, 0x0021, 0x0021, 0x0021, 0x0021, 0x0021, 0x0021, 0x0021, 0x0021,
  0x0021, 0x0021, 0x0021, 0x0021, 0x0021, 0x0021, 0x0021, 0x0021, 0x0021, 0x0021, 0x0021, 0x0021,
  0x0021, 0x0021, 0x0021, 0x0021, 0x0021, 0x0021, 0x0021, 0x0001, 0x0000, 0x0884, 0x31EE, 0x4AF7,
  0x5B59, 0x5338, 0x5B7A, 0x847C, 0xA55D, 0xA53C, 0x4A8E, 0x4B15, 0x741D, 0x8C79, 0x52F4, 0x849C,
  0x5B36, 0x3255, 0x10C8, 0x0000, 0x218E, 0x3ADB, 0x194D, 0x0000, 0x0043, 0x4AF8, 0x216C, 0x0000,
  0x0000, 0x29EE, 0x649E, 0x445B, 0x44FF, 0x3C9C, 0x22D2, 0x0906, 0x0000, 0x0000, 0x0000, 0x0000,
  0x0000, 0x0000, 0x0000, 0x0000, 0x0000, 0x0000, 0x0000, 0x0000, 0x0000, 0x0000, 0x0000, 0x0000,
  0x0000, 0x0000, 0x0000, 0x0000, 0x0000, 0x0000, 0x0000, 0x0000, 0x0000, 0x0000, 0x0000, 0x0000,
  0x0000, 0x0000, 0x0000, 0x0000, 0x0000, 0x0000, 0x0000, 0x0000, 0x0000, 0x0000, 0x0000, 0x0000,
  0x0000, 0x0000, 0x0000, 0x0000, 0x0000, 0x0000, 0x0000, 0x0000, 0x0000, 0x0000, 0x0000, 0x0000,
  0x0000, 0x0000, 0x0000, 0x0000, 0x0000, 0x0000, 0x0000, 0x0000, 0x0000, 0x0000, 0x0000, 0x0000,
  0x0000, 0x0000, 0x0000, 0x0000, 0x0000, 0x0000, 0x0000, 0x0000, 0x0000, 0x0000, 0x0000, 0x0000,
  0x0000, 0x0000, 0x0000, 0x0000, 0x0000, 0x0000, 0x0000, 0x0000, 0x0000, 0x0000, 0x0000, 0x0000,
  0x0000, 0x0000, 0x0000, 0x0000, 0x0000, 0x0000, 0x0000, 0x0000, 0x0000, 0x0000, 0x0000, 0x0000,
  0x0000, 0x0000, 0x0000, 0x0000, 0x0000, 0x0000, 0x0000, 0x0000, 0x0000, 0x0000, 0x0000, 0x0000,
  0x0000, 0x0000, 0x0000, 0x0000, 0x0000, 0x0000, 0x0000, 0x0000, 0x0000, 0x0000, 0x0000, 0x0000,
  0x0000, 0x0000, 0x0000, 0x0000, 0x0000, 0x0000, 0x0000, 0x0000, 0x0000, 0x0000, 0x0000, 0x0000,
  0x0000, 0x0000, 0x0000, 0x0000, 0x0000, 0x0000, 0x0000, 0x0000, 0x0000, 0x0000, 0x0000, 0x0000,
  0x0000, 0x0000, 0x1127, 0x2B34, 0x3C9C, 0x3C7C, 0x2AF2, 0x1128, 0x0021, 0x0000, 0x0000, 0x0001,
  0x0022, 0x0022, 0x0021, 0x0021, 0x0021, 0x0021, 0x0021, 0x0021, 0x0021, 0x0021, 0x0021, 0x0021,
  0x0021, 0x0021, 0x0021, 0x0021, 0x0021, 0x0021, 0x0021, 0x0021, 0x0021, 0x0021, 0x0021, 0x0021,
  0x0021, 0x0021, 0x0021, 0x0021, 0x0021, 0x0021, 0x0021, 0x0021, 0x0021, 0x0021, 0x0021, 0x0021,
  0x0021, 0x0021, 0x0021, 0x0021, 0x0021, 0x0021, 0x0001, 0x0041, 0x1907, 0x3A0F, 0x31EE, 0x1929,
  0x194C, 0x3A96, 0x5B5A, 0x7BFB, 0x94DC, 0x9D1C, 0x6BB4, 0x5335, 0x7C5D, 0x6355, 0x216C, 0x5B9B,
  0x5B7A, 0x192A, 0x0000, 0x0000, 0x110A, 0x3AFB, 0x194D, 0x0000, 0x0000, 0x3230, 0x214A, 0x0000,
  0x0022, 0x0000, 0x5AF4, 0x39ED, 0x08A4, 0x22B1, 0x345B, 0x3CDF, 0x2BD8, 0x11CB, 0x0020, 0x0000,
  0x0000, 0x0000, 0x0000, 0x0000, 0x0000, 0x0000, 0x0000, 0x0000, 0x0000, 0x0000, 0x0000, 0x0000,
  0x0000, 0x0000, 0x0000, 0x0000, 0x0000, 0x0000, 0x0000, 0x0000, 0x0000, 0x0000, 0x0000, 0x0000,
  0x0000, 0x0000, 0x0000, 0x0000, 0x0000, 0x0000, 0x0000, 0x0000, 0x0000, 0x0000, 0x0000, 0x0000,
  0x0000, 0x0000, 0x0000, 0x0000, 0x0000, 0x0000, 0x0000, 0x0000, 0x0000, 0x0000, 0x0000, 0x0000,
  0x0000, 0x0000, 0x0000, 0x0000, 0x0000, 0x0000, 0x0000, 0x0000, 0x0000, 0x0000, 0x0000, 0x0000,
  0x0000, 0x0000, 0x0000, 0x0000, 0x0000, 0x0000, 0x0000, 0x0000, 0x0000, 0x0000, 0x0000, 0x0000,
  0x0000, 0x0000, 0x0000, 0x0000, 0x0000, 0x0000, 0x0000, 0x0000, 0x0000, 0x0000, 0x0000, 0x0000,
  0x0000, 0x0000, 0x0000, 0x0000, 0x0000, 0x0000, 0x0000, 0x0000, 0x0000, 0x0000, 0x0000, 0x0000,
  0x0000, 0x0000, 0x0000, 0x0000, 0x0000, 0x0000, 0x0000, 0x0000, 0x0000, 0x0000, 0x0000, 0x0000,
  0x0000, 0x0000, 0x0000, 0x0000, 0x0000, 0x0000, 0x0000, 0x0000, 0x0000, 0x0000, 0x0000, 0x0000,
  0x0000, 0x0000, 0x0000, 0x0000, 0x0000, 0x0000, 0x0000, 0x0000, 0x0000, 0x0000, 0x0000, 0x0000,
  0x0000, 0x0000, 0x0000, 0x0000, 0x0000, 0x0000, 0x0000, 0x0000, 0x0000, 0x0000, 0x0000, 0x0041,
  0x1A0D, 0x3419, 0x44FE, 0x33B7, 0x11AB, 0x0042, 0x0000, 0x0000, 0x0021, 0x0022, 0x0021, 0x0021,
  0x0021, 0x0021, 0x0021, 0x0021, 0x0021, 0x0021, 0x0021, 0x0021, 0x0021, 0x0021, 0x0021, 0x0021,
  0x0021, 0x0021, 0x0021, 0x0021, 0x0021, 0x0021, 0x0021, 0x0021, 0x0021, 0x0021, 0x0021, 0x0021,
  0x0021, 0x0021, 0x0021, 0x0021, 0x0021, 0x0021, 0x0021, 0x0021, 0x0021, 0x0021, 0x0021, 0x0021,
  0x0021, 0x0021, 0x0021, 0x0021, 0x0021, 0x0021, 0x0022, 0x10A5, 0x1084, 0x0000, 0x0022, 0x3213,
  0x533B, 0x5316, 0x6BB9, 0x5B59, 0x6379, 0x845C, 0x6BD8, 0x4291, 0x741D, 0x4271, 0x0043, 0x3AB9,
  0x4B3A, 0x08A6, 0x0021, 0x0001, 0x08A7, 0x3AFB, 0x192B, 0x0000, 0x0000, 0x1907, 0x18E7, 0x0000,
  0x0022, 0x0000, 0x0883, 0x3A0D, 0x0000, 0x0000, 0x0001, 0x19AB, 0x3C3A, 0x3CDE, 0x347C, 0x1A90,
  0x0083, 0x0000, 0x0000, 0x0000, 0x0000, 0x0000, 0x0000, 0x0000, 0x0000, 0x0000, 0x0000, 0x0000,
  0x0000, 0x0000, 0x0000, 0x0000, 0x0000, 0x0000, 0x0000, 0x0000, 0x0000, 0x0000, 0x0000, 0x0000,
  0x0000, 0x0000, 0x0000, 0x0000, 0x0000, 0x0000, 0x0000, 0x0000, 0x0000, 0x0000, 0x0000, 0x0000,
  0x0000, 0x0000, 0x0000, 0x0000, 0x0000, 0x0000, 0x0000, 0x0000, 0x0000, 0x0000, 0x0000, 0x0000,
  0x0000, 0x0000, 0x0000, 0x0000, 0x0000, 0x0000, 0x0000, 0x0000, 0x0000, 0x0000, 0x0000, 0x0000,
  0x0000, 0x0000, 0x0000, 0x0000, 0x0000, 0x0000, 0x0000, 0x0000, 0x0000, 0x0000, 0x0000, 0x0000,
  0x0000, 0x0000, 0x0000, 0x0000, 0x0000, 0x0000, 0x0000, 0x0000, 0x0000, 0x0000, 0x0000, 0x0000,
  0x0000, 0x0000, 0x0000, 0x0000, 0x0000, 0x0000, 0x0000, 0x0000, 0x0000, 0x0000, 0x0000, 0x0000,
  0x0000, 0x0000, 0x0000, 0x0000, 0x0000, 0x0000, 0x0000, 0x0000, 0x0000, 0x0000, 0x0000, 0x0000,
  0x0000, 0x0000, 0x0000, 0x0000, 0x0000, 0x0000, 0x0000, 0x0000, 0x0000, 0x0000, 0x0000, 0x0000,
  0x0000, 0x0000, 0x0000, 0x0000, 0x0000, 0x0000, 0x0000, 0x0000, 0x0000, 0x0000, 0x0000, 0x0000,
  0x0000, 0x0000, 0x0000, 0x0000, 0x0000, 0x0000, 0x0000, 0x0000, 0x0000, 0x08A4, 0x22B1, 0x3C7B,
  0x3C5B, 0x22B1, 0x08C5, 0x0000, 0x0000, 0x0021, 0x0022, 0x0022, 0x0021, 0x0021, 0x0021, 0x0021,
  0x0021, 0x0021, 0x0021, 0x0021, 0x0021, 0x0021, 0x0021, 0x0021, 0x0021, 0x0021, 0x0021, 0x0021,
  0x0021, 0x0021, 0x0021, 0x0021, 0x0021, 0x0021, 0x0021, 0x0021, 0x0021, 0x0021, 0x0021, 0x0021,
  0x0021, 0x0021, 0x0021, 0x0021, 0x0021, 0x0021, 0x0021, 0x0021, 0x0021, 0x0021, 0x0021, 0x0021,
  0x0021, 0x0021, 0x0021, 0x0021, 0x0021, 0x0021, 0x0022, 0x0001, 0x0000, 0x1909, 0x42F9, 0x42F9,
  0x214B, 0x21AF, 0x3255, 0x218D, 0x5B7A, 0x63BA, 0x7C59, 0x9D1B, 0x741C, 0x31CE, 0x0020, 0x2A14,
  0x431B, 0x08C9, 0x0000, 0x0022, 0x0022, 0x3276, 0x10E8, 0x0000, 0x0001, 0x0863, 0x0884, 0x0001,
  0x0021, 0x0021, 0x0001, 0x10C5, 0x0863, 0x0022, 0x0021, 0x0001, 0x0021, 0x08C5, 0x22B1, 0x3C9D,
  0x44FF, 0x2B13, 0x08C5, 0x0000, 0x0000, 0x0000, 0x0000, 0x0000, 0x0000, 0x0000, 0x0000, 0x0000,
  0x0000, 0x0000, 0x0000, 0x0000, 0x0000, 0x0000, 0x0000, 0x0000, 0x0000, 0x0000, 0x0000, 0x0000,
  0x0000, 0x0000, 0x0000, 0x0000, 0x0000, 0x0000, 0x0000, 0x0000, 0x0000, 0x0000, 0x0000, 0x0000,
  0x0000, 0x0000, 0x0000, 0x0000, 0x0000, 0x0000, 0x0000, 0x0000, 0x0000, 0x0000, 0x0000, 0x0000,
  0x0000, 0x0000, 0x0000, 0x0000, 0x0000, 0x0000, 0x0000, 0x0000, 0x0000, 0x0000, 0x0000, 0x0000,
  0x0000, 0x0000, 0x0000, 0x0000, 0x0000, 0x0000, 0x0000, 0x0000, 0x0000, 0x0000, 0x0000, 0x0000,
  0x0000, 0x0000, 0x0000, 0x0000, 0x0000, 0x0000, 0x0000, 0x0000, 0x0000, 0x0000, 0x0000, 0x0000,
  0x0000, 0x0000, 0x0000, 0x0000, 0x0000, 0x0000, 0x0000, 0x0000, 0x0000, 0x0000, 0x0000, 0x0000,
  0x0000, 0x0000, 0x0000, 0x0000, 0x0000, 0x0000, 0x0000, 0x0000, 0x0000, 0x0000, 0x0000, 0x0000,
  0x0000, 0x0000, 0x0000, 0x0000, 0x0000, 0x0000, 0x0000, 0x0000, 0x0000, 0x0000, 0x0000, 0x0000,
  0x0000, 0x0000, 0x0000, 0x0000, 0x0000, 0x0000, 0x0000, 0x0000, 0x0000, 0x0000, 0x0000, 0x0000,
  0x0000, 0x0000, 0x0000, 0x0000, 0x0000, 0x0000, 0x0000, 0x08E5, 0x2B34, 0x44DE, 0x33F9, 0x19CB,
  0x0021, 0x0000, 0x0000, 0x0022, 0x0022, 0x0021, 0x0021, 0x0021, 0x0021, 0x0021, 0x0021, 0x0021,
  0x0021, 0x0021, 0x0021, 0x0021, 0x0021, 0x0021, 0x0021, 0x0021, 0x0021, 0x0021, 0x0021, 0x0021,
  0x0021, 0x0021, 0x0021, 0x0021, 0x0021, 0x0021, 0x0021, 0x0021, 0x0021, 0x0021, 0x0021, 0x0021,
  0x0021, 0x0021, 0x0021, 0x0021, 0x0021, 0x0021, 0x0021, 0x0021, 0x0021, 0x0021, 0x0021, 0x0021,
  0x0021, 0x0021, 0x0021, 0x0021, 0x0021, 0x0021, 0x0001, 0x0021, 0x29CF, 0x3255, 0x192A, 0x0000,
  0x216D, 0x3256, 0x0022, 0x3A33, 0x5B9D, 0x29CE, 0x8437, 0xBDDD, 0x743B, 0x31EC, 0x2966, 0x3A51,
  0x5BBC, 0x29ED, 0x10C3, 0x0863, 0x0000, 0x216E, 0x0885, 0x0000, 0x0022, 0x0022, 0x0042, 0x0021,
  0x0021, 0x0021, 0x0021, 0x0021, 0x0022, 0x0021, 0x0021, 0x0022, 0x0021, 0x0000, 0x0000, 0x0042,
  0x1A2E, 0x3C7C, 0x3CFF, 0x2313, 0x08E5, 0x0000, 0x0000, 0x0000, 0x0000, 0x0000, 0x0000, 0x0000,
  0x0000, 0x0000, 0x0000, 0x0000, 0x0000, 0x0000, 0x0000, 0x0000, 0x0000, 0x0000, 0x0000, 0x0000,
  0x0000, 0x0000, 0x0000, 0x0000, 0x0000, 0x0000, 0x0000, 0x0000, 0x0000, 0x0000, 0x0000, 0x0000,
  0x0000, 0x0000, 0x0000, 0x0000, 0x0000, 0x0000, 0x0000, 0x0000, 0x0000, 0x0000, 0x0000, 0x0000,
  0x0000, 0x0000, 0x0000, 0x0000, 0x0000, 0x0000, 0x0000, 0x0000, 0x0000, 0x0000, 0x0000, 0x0000,
  0x0000, 0x0000, 0x0000, 0x0000, 0x0000, 0x0000, 0x0000, 0x0000, 0x0000, 0x0000, 0x0000, 0x0000,
  0x0000, 0x0000, 0x0000, 0x0000, 0x0000, 0x0000, 0x0000, 0x0000, 0x0000, 0x0000, 0x0000, 0x0000,
  0x0000, 0x0000, 0x0000, 0x0000, 0x0000, 0x0000, 0x0000, 0x0000, 0x0000, 0x0000, 0x0000, 0x0000,
  0x0000, 0x0000, 0x0000, 0x0000, 0x0000, 0x0000, 0x0000, 0x0000, 0x0000, 0x0000, 0x0000, 0x0000,
  0x0000, 0x0000, 0x0000, 0x0000, 0x0000, 0x0000, 0x0000, 0x0000, 0x0000, 0x0000, 0x0000, 0x0000,
  0x0000, 0x0000, 0x0000, 0x0000, 0x0000, 0x0000, 0x0000, 0x0000, 0x0000, 0x0000, 0x0000, 0x0000,
  0x0000, 0x0000, 0x0000, 0x0000, 0x0000, 0x0906, 0x2B75, 0x44BD, 0x3396, 0x1148, 0x0000, 0x0000,
  0x0001, 0x0022, 0x0021, 0x0021, 0x0021, 0x0021, 0x0021, 0x0021, 0x0021, 0x0021, 0x0021, 0x0021,
  0x0021, 0x0021, 0x0021, 0x0021, 0x0021, 0x0021, 0x0021, 0x0021, 0x0021, 0x0021, 0x0021, 0x0021,
  0x0021, 0x0021, 0x0021, 0x0021, 0x0021, 0x0021, 0x0021, 0x0021, 0x0021, 0x0021, 0x0021, 0x0021,
  0x0021, 0x0021, 0x0021, 0x0021, 0x0021, 0x0021, 0x0021, 0x0021, 0x0021, 0x0021, 0x0021, 0x0021,
  0x0021, 0x0021, 0x0021, 0x0021, 0x0021, 0x0021, 0x0863, 0x194A, 0x1909, 0x0001, 0x0000, 0x1908,
  0x3232, 0x0021, 0x10C6, 0x533C, 0x3A95, 0x31C9, 0x8459, 0x8CBC, 0x5337, 0x0042, 0x0000, 0x10C7,
  0x537B, 0x29CB, 0x2146, 0x31A8, 0x31A8, 0x320D, 0x18E6, 0x0000, 0x0001, 0x0022, 0x0022, 0x0021,
  0x0021, 0x0021, 0x0021, 0x0021, 0x0021, 0x0021, 0x0021, 0x0021, 0x0021, 0x0022, 0x0042, 0x0021,
  0x0000, 0x0021, 0x53B7, 0x657F, 0x349D, 0x2313, 0x08C5, 0x0000, 0x0000, 0x0000, 0x0000, 0x0000,
  0x0000, 0x0000, 0x0000, 0x0000, 0x0000, 0x0000, 0x0000, 0x0000, 0x0000, 0x0000, 0x0000, 0x0000,
  0x0000, 0x0000, 0x0000, 0x0000, 0x0000, 0x0000, 0x0000, 0x0000, 0x0000, 0x0000, 0x0000, 0x0000,
  0x0000, 0x0000, 0x0000, 0x0000, 0x0000, 0x0000, 0x0000, 0x0000, 0x0000, 0x0000, 0x0000, 0x0000,
  0x0000, 0x0000, 0x0000, 0x0000, 0x0000, 0x0000, 0x0000, 0x0000, 0x0000, 0x0000, 0x0000, 0x0000,
  0x0000, 0x0000, 0x0000, 0x0000, 0x0000, 0x0000, 0x0000, 0x0000, 0x0000, 0x0000, 0x0000, 0x0000,
  0x0000, 0x0000, 0x0000, 0x0000, 0x0000, 0x0000, 0x0000, 0x0000, 0x0000, 0x0000, 0x0000, 0x0000,
  0x0000, 0x0000, 0x0000, 0x0000, 0x0000, 0x0000, 0x0000, 0x0000, 0x0000, 0x0000, 0x0000, 0x0000,
  0x0000, 0x0000, 0x0000, 0x0000, 0x0000, 0x0000, 0x0000, 0x0000, 0x0000, 0x0000, 0x0000, 0x0000,
  0x0000, 0x0000, 0x0000, 0x0000, 0x0000, 0x0000, 0x0000, 0x0000, 0x0000, 0x0000, 0x0000, 0x0000,
  0x0000, 0x0000, 0x0000, 0x0000, 0x0000, 0x0000, 0x0000, 0x0000, 0x0000, 0x0000, 0x0000, 0x0000,
  0x0000, 0x0000, 0x0000, 0x0906, 0x3376, 0x44BD, 0x2B55, 0x0907, 0x0000, 0x0000, 0x0021, 0x0022,
  0x0021, 0x0021, 0x0021, 0x0021, 0x0021, 0x0021, 0x0021, 0x0021, 0x0021, 0x0021, 0x0021, 0x0021,
  0x0021, 0x0021, 0x0021, 0x0021, 0x0021, 0x0021, 0x0021, 0x0021, 0x0021, 0x0021, 0x0021, 0x0021,
  0x0021, 0x0021, 0x0021, 0x0021, 0x0021, 0x0021, 0x0021, 0x0021, 0x0021, 0x0021, 0x0021, 0x0021,
  0x0021, 0x0021, 0x0021, 0x0021, 0x0021, 0x0021, 0x0021, 0x0021, 0x0021, 0x0021, 0x0021, 0x0021,
  0x0021, 0x0021, 0x0021, 0x0021, 0x0021, 0x0021, 0x10A4, 0x0022, 0x0000, 0x0001, 0x0884, 0x194B,
  0x0000, 0x0000, 0x29D0, 0x63DD, 0x426F, 0x10C5, 0x5337, 0x7C5D, 0x3A31, 0x0000, 0x0022, 0x0001,
  0x3A75, 0x10C7, 0x0000, 0x0001, 0x0862, 0x2168, 0x3A2A, 0x29C8, 0x18E4, 0x0021, 0x0001, 0x0021,
  0x0021, 0x0021, 0x0021, 0x0021, 0x0021, 0x0021, 0x0021, 0x0021, 0x0021, 0x0001, 0x0000, 0x0000,
  0x0021, 0x0000, 0x0000, 0x6B73, 0x853D, 0x551E, 0x349C, 0x22F2, 0x08A4, 0x0000, 0x0000, 0x0000,
  0x0000, 0x0000, 0x0000, 0x0000, 0x0000, 0x0000, 0x0000, 0x0000, 0x0000, 0x0000, 0x0000, 0x0000,
  0x0000, 0x0000, 0x0000, 0x0000, 0x0000, 0x0000, 0x0000, 0x0000, 0x0000, 0x0000, 0x0000, 0x0000,
  0x0000, 0x0000, 0x0000, 0x0000, 0x0000, 0x0000, 0x0000, 0x0000, 0x0000, 0x0000, 0x0000, 0x0000,
  0x0000, 0x0000, 0x0000, 0x0000, 0x0000, 0x0000, 0x0000, 0x0000, 0x0000, 0x0000, 0x0000, 0x0000,
  0x0000, 0x0000, 0x0000, 0x0000, 0x0000, 0x0000, 0x0000, 0x0000, 0x0000, 0x0000, 0x0000, 0x0000,
  0x0000, 0x0000, 0x0000, 0x0000, 0x0000, 0x0000, 0x0000, 0x0000, 0x0000, 0x0000, 0x0000, 0x0000,
  0x0000, 0x0000, 0x0000, 0x0000, 0x0000, 0x0000, 0x0000, 0x0000, 0x0000, 0x0000, 0x0000, 0x0000,
  0x0000, 0x0000, 0x0000, 0x0000, 0x0000, 0x0000, 0x0000, 0x0000, 0x0000, 0x0000, 0x0000, 0x0000,
  0x0000, 0x0000, 0x0000, 0x0000, 0x0000, 0x0000, 0x0000, 0x0000, 0x0000, 0x0000, 0x0000, 0x0000,
  0x0000, 0x0000, 0x0000, 0x0000, 0x0000, 0x0000, 0x0000, 0x0000, 0x0000, 0x0000, 0x0000, 0x0000,
  0x0000, 0x08A4, 0x2B54, 0x44DE, 0x2B55, 0x08E6, 0x0000, 0x0000, 0x0022, 0x0022, 0x0021, 0x0021,
  0x0021, 0x0021, 0x0021, 0x0021, 0x0021, 0x0021, 0x0021, 0x0021, 0x0021, 0x0021, 0x0021, 0x0021,
  0x0021, 0x0021, 0x0021, 0x0021, 0x0021, 0x0021, 0x0021, 0x0021, 0x0021, 0x0021, 0x0021, 0x0021,
  0x0021, 0x0021, 0x0021, 0x0021, 0x0021, 0x0021, 0x0021, 0x0021, 0x0021, 0x0021, 0x0021, 0x0021,
  0x0021, 0x0021, 0x0021, 0x0021, 0x0021, 0x0021, 0x0021, 0x0021, 0x0021, 0x0021, 0x0021, 0x0021,
  0x0021, 0x0021, 0x0021, 0x0021, 0x0021, 0x0021, 0x0001, 0x0001, 0x0022, 0x0021, 0x0863, 0x0000,
  0x0021, 0x0000, 0x42B5, 0x5314, 0x0041, 0x0002, 0x4AF6, 0x6BFC, 0x29D0, 0x0000, 0x0042, 0x0000,
  0x216B, 0x10C6, 0x0000, 0x0022, 0x0001, 0x0001, 0x0000, 0x0883, 0x2987, 0x3A09, 0x2146, 0x0001,
  0x0000, 0x0021, 0x0022, 0x0021, 0x0022, 0x0021, 0x0021, 0x0021, 0x0063, 0x10A4, 0x2969, 0x4A70,
  0x5B15, 0x5B35, 0x52B1, 0x422D, 0x8C57, 0xBDDD, 0x855E, 0x4CDE, 0x349C, 0x1A90, 0x0042, 0x0000,
  0x0000, 0x0000, 0x0000, 0x0000, 0x0000, 0x0000, 0x0000, 0x0000, 0x0000, 0x0000, 0x0000, 0x0000,
  0x0000, 0x0000, 0x0000, 0x0000, 0x0000, 0x0000, 0x0000, 0x0000, 0x0000, 0x0000, 0x0000, 0x0000,
  0x0000, 0x0000, 0x0000, 0x0000, 0x0000, 0x0000, 0x0000, 0x0000, 0x0000, 0x0000, 0x0000, 0x0000,
  0x0000, 0x0000, 0x0000, 0x0000, 0x0000, 0x0000, 0x0000, 0x0000, 0x0000, 0x0000, 0x0000, 0x0000,
  0x0000, 0x0000, 0x0000, 0x0000, 0x0000, 0x0000, 0x0000, 0x0000, 0x0000, 0x0000, 0x0000, 0x0000,
  0x0000, 0x0000, 0x0000, 0x0000, 0x0000, 0x0000, 0x0000, 0x0000, 0x0000, 0x0000, 0x0000, 0x0000,
  0x0000, 0x0000, 0x0000, 0x0000, 0x0000, 0x0000, 0x0000, 0x0000, 0x0000, 0x0000, 0x0000, 0x0000,
  0x0000, 0x0000, 0x0000, 0x0000, 0x0000, 0x0000, 0x0000, 0x0000, 0x0000, 0x0000, 0x0000, 0x0000,
  0x0000, 0x0000, 0x0000, 0x0000, 0x0000, 0x0000, 0x0000, 0x0000, 0x0000, 0x0000, 0x0000, 0x0000,
  0x0000, 0x0000, 0x0000, 0x0000, 0x0000, 0x0000, 0x0000, 0x0000, 0x0000, 0x0000, 0x0000, 0x0042,
  0x22D2, 0x44BD, 0x3396, 0x08E6, 0x0000, 0x0000, 0x0022, 0x0022, 0x0021, 0x0021, 0x0021, 0x0021,
  0x0021, 0x0021, 0x0021, 0x0021, 0x0021, 0x0021, 0x0021, 0x0021, 0x0021, 0x0021, 0x0021, 0x0021,
  0x0021, 0x0021, 0x0021, 0x0021, 0x0021, 0x0021, 0x0021, 0x0021, 0x0021, 0x0021, 0x0021, 0x0021,
  0x0021, 0x0021, 0x0021, 0x0021, 0x0021, 0x0021, 0x0021, 0x0021, 0x0021, 0x0021, 0x0021, 0x0021,
  0x0021, 0x0021, 0x0021, 0x0021, 0x0021, 0x0021, 0x0021, 0x0021, 0x0021, 0x0021, 0x0021, 0x0021,
  0x0021, 0x0021, 0x0021, 0x0021, 0x0021, 0x0021, 0x0021, 0x0021, 0x0021, 0x0021, 0x0001, 0x0000,
  0x0000, 0x2105, 0x4B16, 0x0065, 0x0001, 0x0021, 0x3233, 0x4B5C, 0x29F1, 0x0000, 0x0022, 0x0001,
  0x0884, 0x10A4, 0x0001, 0x0022, 0x0021, 0x0022, 0x0022, 0x0001, 0x0000, 0x0862, 0x29A8, 0x3A2A,
  0x1905, 0x0000, 0x0000, 0x0021, 0x0000, 0x0001, 0x0021, 0x0042, 0x0863, 0x0863, 0x0021, 0x0862,
  0x296A, 0x52D4, 0x73F9, 0x9CDC, 0x9CFB, 0x6351, 0x4A4B, 0x94DA, 0x649C, 0x349E, 0x2C1A, 0x11CB,
  0x0000, 0x0000, 0x0000, 0x0000, 0x0000, 0x0000, 0x0000, 0x0000, 0x0000, 0x0000, 0x0000, 0x0000,
  0x0000, 0x0000, 0x0000, 0x0000, 0x0000, 0x0000, 0x0000, 0x0000, 0x0000, 0x0000, 0x0000, 0x0000,
  0x0000, 0x0000, 0x0000, 0x0000, 0x0000, 0x0000, 0x0000, 0x0000, 0x0000, 0x0000, 0x0000, 0x0000,
  0x0000, 0x0000, 0x0000, 0x0000, 0x0000, 0x0000, 0x0000, 0x0000, 0x0000, 0x0000, 0x0000, 0x0000,
  0x0000, 0x0000, 0x0000, 0x0000, 0x0000, 0x0000, 0x0000, 0x0000, 0x0000, 0x0000, 0x0000, 0x0000,
  0x0000, 0x0000, 0x0000, 0x0000, 0x0000, 0x0000, 0x0000, 0x0000, 0x0000, 0x0000, 0x0000, 0x0000,
  0x0000, 0x0000, 0x0000, 0x0000, 0x0000, 0x0000, 0x0000, 0x0000, 0x0000, 0x0000, 0x0000, 0x0000,
  0x0000, 0x0000, 0x0000, 0x0000, 0x0000, 0x0000, 0x0000, 0x0000, 0x0000, 0x0000, 0x0000, 0x0000,
  0x0000, 0x0000, 0x0000, 0x0000, 0x0000, 0x0000, 0x0000, 0x0000, 0x0000, 0x0000, 0x0000, 0x0000,
  0x0000, 0x0000, 0x0000, 0x0000, 0x0000, 0x0000, 0x0000, 0x0000, 0x0000, 0x0000, 0x1A0D, 0x3C9C,
  0x33F8, 0x1148, 0x0000, 0x0000, 0x0022, 0x0021, 0x0021, 0x0021, 0x0021, 0x0021, 0x0021, 0x0021,
  0x0021, 0x0021, 0x0021, 0x0021, 0x0021, 0x0021, 0x0021, 0x0021, 0x0021, 0x0021, 0x0021, 0x0021,
  0x0021, 0x0021, 0x0021, 0x0021, 0x0021, 0x0021, 0x0021, 0x0021, 0x0021, 0x0021, 0x0021, 0x0021,
  0x0021, 0x0021, 0x0021, 0x0021, 0x0021, 0x0021, 0x0021, 0x0021, 0x0021, 0x0021, 0x0021, 0x0021,
  0x0021, 0x0021, 0x0021, 0x0021, 0x0021, 0x0021, 0x0021, 0x0021, 0x0021, 0x0021, 0x0021, 0x0021,
  0x0021, 0x0021, 0x0021, 0x0021, 0x0021, 0x0021, 0x0021, 0x0021, 0x0021, 0x0021, 0x0022, 0x10A6,
  0x2948, 0x4A8E, 0x218E, 0x0000, 0x0022, 0x0000, 0x1990, 0x431C, 0x29D1, 0x0000, 0x0022, 0x0021,
  0x0022, 0x0842, 0x0021, 0x0022, 0x0021, 0x0021, 0x0021, 0x0022, 0x0022, 0x0021, 0x0000, 0x0883,
  0x320B, 0x428D, 0x18E5, 0x0043, 0x0884, 0x0884, 0x0001, 0x0000, 0x0000, 0x0001, 0x10C6, 0x3A0D,
  0x6333, 0x7C17, 0xA53B, 0xBDDD, 0x8C77, 0x31C9, 0x4A8D, 0x7417, 0x8437, 0x3A2D, 0x751C, 0x44FF,
  0x2BB7, 0x0927, 0x0000, 0x0000, 0x0000, 0x0000, 0x0000, 0x0000, 0x0000, 0x0000, 0x0000, 0x0000,
  0x0000, 0x0000, 0x0000, 0x0000, 0x0000, 0x0000, 0x0000, 0x0000, 0x0000, 0x0000, 0x0000, 0x0000,
  0x0000, 0x0000, 0x0000, 0x0000, 0x0000, 0x0000, 0x0000, 0x0000, 0x0000, 0x0000, 0x0000, 0x0000,
  0x0000, 0x0000, 0x0000, 0x0000, 0x0000, 0x0000, 0x0000, 0x0000, 0x0000, 0x0000, 0x0000, 0x0000,
  0x0000, 0x0000, 0x0000, 0x0000, 0x0000, 0x0000, 0x0000, 0x0000, 0x0000, 0x0000, 0x0000, 0x0000,
  0x0000, 0x0000, 0x0000, 0x0000, 0x0000, 0x0000, 0x0000, 0x0000, 0x0000, 0x0000, 0x0000, 0x0000,
  0x0000, 0x0000, 0x0000, 0x0000, 0x0000, 0x0000, 0x0000, 0x0000, 0x0000, 0x0000, 0x0000, 0x0000,
  0x0000, 0x0000, 0x0000, 0x0000, 0x0000, 0x0000, 0x0000, 0x0000, 0x0000, 0x0000, 0x0000, 0x0000,
  0x0000, 0x0000, 0x0000, 0x0000, 0x0000, 0x0000, 0x0000, 0x0000, 0x0000, 0x0000, 0x0000, 0x0000,
  0x0000, 0x0000, 0x0000, 0x0000, 0x0000, 0x0000, 0x0000, 0x0000, 0x1127, 0x3C3A, 0x449C, 0x1A0C,
  0x0000, 0x0000, 0x0022, 0x0022, 0x0021, 0x0021, 0x0021, 0x0021, 0x0021, 0x0021, 0x0021, 0x0021,
  0x0021, 0x0021, 0x0021, 0x0021, 0x0021, 0x0021, 0x0021, 0x0021, 0x0021, 0x0021, 0x0021, 0x0021,
  0x0021, 0x0021, 0x0021, 0x0021, 0x0021, 0x0021, 0x0021, 0x0021, 0x0021, 0x0021, 0x0021, 0x0021,
  0x0021, 0x0021, 0x0021, 0x0021, 0x0021, 0x0021, 0x0021, 0x0021, 0x0021, 0x0021, 0x0021, 0x0021,
  0x0021, 0x0021, 0x0021, 0x0021, 0x0021, 0x0021, 0x0021, 0x0021, 0x0021, 0x0021, 0x0021, 0x0021,
  0x0021, 0x0021, 0x0021, 0x0021, 0x0021, 0x0021, 0x0021, 0x0021, 0x0021, 0x0021, 0x1908, 0x1908,
  0x2967, 0x18E7, 0x1109, 0x0000, 0x0022, 0x0000, 0x194E, 0x431C, 0x21AF, 0x0000, 0x0022, 0x0021,
  0x0021, 0x0021, 0x0021, 0x0021, 0x0021, 0x0022, 0x0022, 0x0021, 0x0021, 0x0021, 0x0022, 0x0022,
  0x0002, 0x1947, 0x428D, 0x5B35, 0x6BDA, 0x73F9, 0x6B76, 0x31CB, 0x1908, 0x6356, 0x94FD, 0xA53F,
  0xA53F, 0xA53E, 0xA53D, 0xAD7B, 0xA538, 0x4A8D, 0x5310, 0x3A4E, 0xB5DC, 0xCE7D, 0xDE9D, 0xADDD,
  0x5D3F, 0x34BE, 0x22B0, 0x0041, 0x0000, 0x0000, 0x0000, 0x0000, 0x0000, 0x0000, 0x0000, 0x0000,
  0x0000, 0x0000, 0x0000, 0x0000, 0x0000, 0x0000, 0x0000, 0x0000, 0x0000, 0x0000, 0x0000, 0x0000,
  0x0000, 0x0000, 0x0000, 0x0000, 0x0000, 0x0000, 0x0000, 0x0000, 0x0000, 0x0000, 0x0000, 0x0000,
  0x0000, 0x0000, 0x0000, 0x0000, 0x0000, 0x0000, 0x0000, 0x0000, 0x0000, 0x0000, 0x0000, 0x0000,
  0x0000, 0x0000, 0x0000, 0x0000, 0x0000, 0x0000, 0x0000, 0x0000, 0x0000, 0x0000, 0x0000, 0x0000,
  0x0000, 0x0000, 0x0000, 0x0000, 0x0000, 0x0000, 0x0000, 0x0000, 0x0000, 0x0000, 0x0000, 0x0000,
  0x0000, 0x0000, 0x0000, 0x0000, 0x0000, 0x0000, 0x0000, 0x0000, 0x0000, 0x0000, 0x0000, 0x0000,
  0x0000, 0x0000, 0x0000, 0x0000, 0x0000, 0x0000, 0x0000, 0x0000, 0x0000, 0x0000, 0x0000, 0x0000,
  0x0000, 0x0000, 0x0000, 0x0000, 0x0000, 0x0000, 0x0000, 0x0000, 0x0000, 0x0000, 0x0000, 0x0000,
  0x0000, 0x0000, 0x0000, 0x0000, 0x0000, 0x0000, 0x0042, 0x2B13, 0x44DE, 0x22D1, 0x0042, 0x0000,
  0x0021, 0x0022, 0x0021, 0x0021, 0x0021, 0x0021, 0x0021, 0x0021, 0x0021, 0x0021, 0x0021, 0x0021,
  0x0021, 0x0021, 0x0021, 0x0021, 0x0021, 0x0021, 0x0021, 0x0021, 0x0021, 0x0021, 0x0021, 0x0021,
  0x0021, 0x0021, 0x0021, 0x0021, 0x0021, 0x0021, 0x0021, 0x0021, 0x0021, 0x0021, 0x0021, 0x0021,
  0x0021, 0x0021, 0x0021, 0x0021, 0x0021, 0x0021, 0x0021, 0x0021, 0x0021, 0x0021, 0x0021, 0x0021,
  0x0021, 0x0021, 0x0021, 0x0021, 0x0021, 0x0021, 0x0021, 0x0021, 0x0021, 0x0021, 0x0021, 0x0021,
  0x0021, 0x0021, 0x0021, 0x0021, 0x0021, 0x0022, 0x0021, 0x0001, 0x0000, 0x0021, 0x0022, 0x10E5,
  0x2105, 0x0884, 0x0863, 0x0001, 0x0022, 0x0000, 0x10EA, 0x3AFC, 0x196D, 0x0000, 0x0022, 0x0021,
  0x0021, 0x0021, 0x0021, 0x0022, 0x0022, 0x0022, 0x0022, 0x0022, 0x0022, 0x0022, 0x0021, 0x0022,
  0x0885, 0x10E9, 0x218E, 0x4AD6, 0x73FC, 0x8C9D, 0x8CBD, 0xA53E, 0x845A, 0x4A91, 0x4A90, 0x422F,
  0x4AB1, 0x6375, 0x6374, 0xB57B, 0xC5FB, 0x94D7, 0x6394, 0xAD7C, 0xB59B, 0xD6BF, 0xCE7E, 0xD67E,
  0xC5DD, 0x649B, 0x44FF, 0x345A, 0x1169, 0x0000, 0x0000, 0x0000, 0x0000, 0x0000, 0x0000, 0x0000,
  0x0000, 0x0000, 0x0000, 0x0000, 0x0000, 0x0000, 0x0000, 0x0000, 0x0000, 0x0000, 0x0000, 0x0000,
  0x0000, 0x0000, 0x0000, 0x0000, 0x0000, 0x0000, 0x0000, 0x0000, 0x0000, 0x0000, 0x0000, 0x0000,
  0x0000, 0x0000, 0x0000, 0x0000, 0x0000, 0x0000, 0x0000, 0x0000, 0x0000, 0x0000, 0x0000, 0x0000,
  0x0000, 0x0000, 0x0000, 0x0000, 0x0000, 0x0000, 0x0000, 0x0000, 0x0000, 0x0000, 0x0000, 0x0000,
  0x0000, 0x0000, 0x0000, 0x0000, 0x0000, 0x0000, 0x0000, 0x0000, 0x0000, 0x0000, 0x0000, 0x0000,
  0x0000, 0x0000, 0x0000, 0x0000, 0x0000, 0x0000, 0x0000, 0x0000, 0x0000, 0x0000, 0x0000, 0x0000,
  0x0000, 0x0000, 0x0000, 0x0000, 0x0000, 0x0000, 0x0000, 0x0000, 0x0000, 0x0000, 0x0000, 0x0000,
  0x0000, 0x0000, 0x0000, 0x0000, 0x0000, 0x0000, 0x0000, 0x0000, 0x0000, 0x0000, 0x0000, 0x0000,
  0x0000, 0x0000, 0x0000, 0x0000, 0x0000, 0x11AA, 0x3C7C, 0x33D8, 0x08E6, 0x0000, 0x0001, 0x0022,
  0x0021, 0x0021, 0x0021, 0x0021, 0x0021, 0x0021, 0x0021, 0x0021, 0x0021, 0x0021, 0x0021, 0x0021,
  0x0021, 0x0021, 0x0021, 0x0021, 0x0021, 0x0021, 0x0021, 0x0021, 0x0021, 0x0021, 0x0021, 0x0021,
  0x0021, 0x0021, 0x0021, 0x0021, 0x0021, 0x0021, 0x0021, 0x0021, 0x0021, 0x0021, 0x0021, 0x0021,
  0x0021, 0x0021, 0x0021, 0x0021, 0x0021, 0x0021, 0x0021, 0x0021, 0x0021, 0x0021, 0x0021, 0x0021,
  0x0021, 0x0021, 0x0021, 0x0021, 0x0021, 0x0021, 0x0021, 0x0021, 0x0021, 0x0021, 0x0021, 0x0021,
  0x0021, 0x0021, 0x0021, 0x0021, 0x0001, 0x0000, 0x0000, 0x10A4, 0x2127, 0x18C4, 0x0861, 0x3A0A,
  0x0022, 0x0063, 0x0021, 0x0021, 0x0022, 0x0000, 0x0886, 0x3ADA, 0x192A, 0x0000, 0x0022, 0x0022,
  0x0022, 0x0022, 0x0022, 0x0022, 0x0022, 0x0021, 0x0022, 0x0022, 0x0022, 0x0022, 0x10A5, 0x216B,
  0x3211, 0x3A96, 0x42D8, 0x3257, 0x29F4, 0x4AD6, 0x73D8, 0x7C18, 0x8C7A, 0x2968, 0x0000, 0x18E4,
  0x2967, 0x10A3, 0x7BB2, 0xD65E, 0xD65E, 0xAD5D, 0x94BC, 0xD69F, 0x8C98, 0x9499, 0xCE3E, 0xCE3E,
  0xCE1D, 0xBD9C, 0x5336, 0x441A, 0x451F, 0x22F2, 0x0863, 0x0000, 0x0000, 0x0000, 0x0000, 0x0000,
  0x0000, 0x0000, 0x0000, 0x0000, 0x0000, 0x0000, 0x0000, 0x0000, 0x0000, 0x0000, 0x0000, 0x0000,
  0x0000, 0x0000, 0x0000, 0x0000, 0x0000, 0x0000, 0x0000, 0x0000, 0x0000, 0x0000, 0x0000, 0x0000,
  0x0000, 0x0000, 0x0000, 0x0000, 0x0000, 0x0000, 0x0000, 0x0000, 0x0000, 0x0000, 0x0000, 0x0000,
  0x0000, 0x0000, 0x0000, 0x0000, 0x0000, 0x0000, 0x0000, 0x0000, 0x0000, 0x0000, 0x0000, 0x0000,
  0x0000, 0x0000, 0x0000, 0x0000, 0x0000, 0x0000, 0x0000, 0x0000, 0x0000, 0x0000, 0x0000, 0x0000,
  0x0000, 0x0000, 0x0000, 0x0000, 0x0000, 0x0000, 0x0000, 0x0000, 0x0000, 0x0000, 0x0000, 0x0000,
  0x0000, 0x0000, 0x0000, 0x0000, 0x0000, 0x0000, 0x0000, 0x0000, 0x0000, 0x0000, 0x0000, 0x0000,
  0x0000, 0x0000, 0x0000, 0x0000, 0x0000, 0x0000, 0x0000, 0x0000, 0x0000, 0x0000, 0x0000, 0x0000,
  0x0000, 0x0000, 0x0000, 0x0063, 0x2B75, 0x3CBD, 0x1A0D, 0x0000, 0x0000, 0x0022, 0x0021, 0x0021,
  0x0021, 0x0021, 0x0021, 0x0021, 0x0021, 0x0021, 0x0021, 0x0021, 0x0021, 0x0021, 0x0021, 0x0021,
  0x0021, 0x0021, 0x0021, 0x0021, 0x0021, 0x0021, 0x0021, 0x0021, 0x0021, 0x0021, 0x0021, 0x0021,
  0x0021, 0x0021, 0x0021, 0x0021, 0x0021, 0x0021, 0x0021, 0x0021, 0x0021, 0x0021, 0x0021, 0x0021,
  0x0021, 0x0021, 0x0021, 0x0021, 0x0021, 0x0021, 0x0021, 0x0021, 0x0021, 0x0021, 0x0021, 0x0021,
  0x0021, 0x0021, 0x0021, 0x0021, 0x0021, 0x0021, 0x0021, 0x0021, 0x0021, 0x0021, 0x0021, 0x0021,
  0x0021, 0x0021, 0x0001, 0x0000, 0x0883, 0x39EC, 0x73B4, 0xA51A, 0xB59D, 0x9CF9, 0x52AE, 0x31C9,
  0x0000, 0x0042, 0x0021, 0x0021, 0x0022, 0x0021, 0x0043, 0x3AB8, 0x10E8, 0x0000, 0x0022, 0x0022,
  0x0022, 0x0022, 0x0022, 0x0022, 0x0022, 0x0022, 0x0022, 0x0022, 0x0021, 0x0022, 0x0042, 0x0021,
  0x0000, 0x0000, 0x1908, 0x4250, 0x5B13, 0x7395, 0x94D9, 0x94B7, 0x3A2B, 0x424C, 0x52EF, 0x2125,
  0x2149, 0x52D2, 0xC5FC, 0xCE3D, 0xC5DD, 0x6B78, 0x73FC, 0xC61E, 0x94DB, 0x4297, 0xA53D, 0xB5BC,
  0xBDBD, 0xAD7D, 0x73FA, 0x5B58, 0x84FB, 0x5D5F, 0x2C3A, 0x1169, 0x0000, 0x0000, 0x0000, 0x0000,
  0x0000, 0x0000, 0x0000, 0x0000, 0x0000, 0x0000, 0x0000, 0x0000, 0x0000, 0x0000, 0x0000, 0x0000,
  0x0000, 0x0000, 0x0000, 0x0000, 0x0000, 0x0000, 0x0000, 0x0000, 0x0000, 0x0000, 0x0000, 0x0000,
  0x0000, 0x0000, 0x0000, 0x0000, 0x0000, 0x0000, 0x0000, 0x0000, 0x0000, 0x0000, 0x0000, 0x0000,
  0x0000, 0x0000, 0x0000, 0x0000, 0x0000, 0x0000, 0x0000, 0x0000, 0x0000, 0x0000, 0x0000, 0x0000,
  0x0000, 0x0000, 0x0000, 0x0000, 0x0000, 0x0000, 0x0000, 0x0000, 0x0000, 0x0000, 0x0000, 0x0000,
  0x0000, 0x0000, 0x0000, 0x0000, 0x0000, 0x0000, 0x0000, 0x0000, 0x0000, 0x0000, 0x0000, 0x0000,
  0x0000, 0x0000, 0x0000, 0x0000, 0x0000, 0x0000, 0x0000, 0x0000, 0x0000, 0x0000, 0x0000, 0x0000,
  0x0000, 0x0000, 0x0000, 0x0000, 0x0000, 0x0000, 0x0000, 0x0000, 0x0000, 0x0000, 0x0000, 0x0000,
  0x0000, 0x0000, 0x11AA, 0x3C9C, 0x33B7, 0x0884, 0x0000, 0x0022, 0x0022, 0x0021, 0x0021, 0x0021,
  0x0021, 0x0021, 0x0021, 0x0021, 0x0021, 0x0021, 0x0021, 0x0021, 0x0021, 0x0021, 0x0021, 0x0021,
  0x0021, 0x0021, 0x0021, 0x0021, 0x0021, 0x0021, 0x0021, 0x0021, 0x0021, 0x0021, 0x0021, 0x0021,
  0x0021, 0x0021, 0x0021, 0x0021, 0x0021, 0x0021, 0x0021, 0x0021, 0x0021, 0x0021, 0x0021, 0x0021,
  0x0021, 0x0021, 0x0021, 0x0021, 0x0021, 0x0021, 0x0021, 0x0021, 0x0021, 0x0021, 0x0021, 0x0021,
  0x0021, 0x0021, 0x0021, 0x0021, 0x0021, 0x0021, 0x0021, 0x0021, 0x0021, 0x0021, 0x0021, 0x0021,
  0x0021, 0x0000, 0x0863, 0x424F, 0x7BF9, 0x94BD, 0xA51E, 0xA51C, 0x94B9, 0x52AD, 0x2147, 0x8414,
  0x3188, 0x0000, 0x0022, 0x0021, 0x0022, 0x0022, 0x0001, 0x3A52, 0x0885, 0x0001, 0x0022, 0x0022,
  0x0022, 0x0022, 0x0022, 0x0022, 0x0021, 0x0022, 0x0022, 0x0022, 0x0022, 0x0022, 0x0000, 0x0021,
  0x2129, 0x52F4, 0x845A, 0x9CFC, 0xAD5E, 0xB5BF, 0xB57C, 0x8455, 0x2987, 0x424B, 0x424B, 0x1907,
  0x5B3A, 0x94DD, 0xBDDD, 0xC63E, 0x9499, 0x218E, 0x639B, 0xA53C, 0x94BC, 0x3233, 0x4272, 0xA51D,
  0x9CFC, 0x9CDB, 0x8C9C, 0x29D0, 0x5B34, 0xB5BD, 0x64DD, 0x34BE, 0x22D1, 0x0021, 0x0000, 0x0000,
  0x0000, 0x0000, 0x0000, 0x0000, 0x0000, 0x0000, 0x0000, 0x0000, 0x0000, 0x0000, 0x0000, 0x0000,
  0x0000, 0x0000, 0x0000, 0x0000, 0x0000, 0x0000, 0x0000, 0x0000, 0x0000, 0x0000, 0x0000, 0x0000,
  0x0000, 0x0000, 0x0000, 0x0000, 0x0000, 0x0000, 0x0000, 0x0000, 0x0000, 0x0000, 0x0000, 0x0000,
  0x0000, 0x0000, 0x0000, 0x0000, 0x0000, 0x0000, 0x0000, 0x0000, 0x0000, 0x0000, 0x0000, 0x0000,
  0x0000, 0x0000, 0x0000, 0x0000, 0x0000, 0x0000, 0x0000, 0x0000, 0x0000, 0x0000, 0x0000, 0x0000,
  0x0000, 0x0000, 0x0000, 0x0000, 0x0000, 0x0000, 0x0000, 0x0000, 0x0000, 0x0000, 0x0000, 0x0000,
  0x0000, 0x0000, 0x0000, 0x0000, 0x0000, 0x0000, 0x0000, 0x0000, 0x0000, 0x0000, 0x0000, 0x0000,
  0x0000, 0x0000, 0x0000, 0x0000, 0x0000, 0x0000, 0x0000, 0x0000, 0x0000, 0x0000, 0x0000, 0x0000,
  0x0021, 0x2B33, 0x44DD, 0x1A0D, 0x0000, 0x0001, 0x0022, 0x0021, 0x0021, 0x0021, 0x0021, 0x0021,
  0x0021, 0x0021, 0x0021, 0x0021, 0x0021, 0x0021, 0x0021, 0x0021, 0x0021, 0x0021, 0x0021, 0x0021,
  0x0021, 0x0021, 0x0021, 0x0021, 0x0021, 0x0021, 0x0021, 0x0021, 0x0021, 0x0021, 0x0021, 0x0021,
  0x0021, 0x0021, 0x0021, 0x0021, 0x0021, 0x0021, 0x0021, 0x0021, 0x0021, 0x0021, 0x0021, 0x0021,
  0x0021, 0x0021, 0x0021, 0x0021, 0x0021, 0x0021, 0x0021, 0x0021, 0x0021, 0x0021, 0x0021, 0x0021,
  0x0021, 0x0021, 0x0021, 0x0021, 0x0021, 0x0021, 0x0021, 0x0021, 0x0021, 0x0021, 0x0021, 0x0001,
  0x0000, 0x298A, 0x6BB9, 0x8C9E, 0x94BD, 0x73B7, 0x52B1, 0x8439, 0xBDBD, 0x9496, 0x3A0B, 0xAD1A,
  0x9498, 0x0021, 0x0022, 0x0022, 0x0021, 0x0022, 0x0001, 0x216A, 0x0063, 0x0021, 0x0022, 0x0022,
  0x0022, 0x0022, 0x0022, 0x0022, 0x0021, 0x0022, 0x0022, 0x0022, 0x0021, 0x0000, 0x1909, 0x4295,
  0x5B7B, 0x63BC, 0x7C1C, 0x94DD, 0x8C9A, 0x7395, 0x73B5, 0x73B4, 0x6350, 0x424C, 0xA518, 0x847A,
  0x29CF, 0x94DA, 0xB57D, 0xB59D, 0x4250, 0x3A78, 0x533B, 0x7C3B, 0x94DD, 0x4270, 0x29F4, 0x5317,
  0x843A, 0x949B, 0x94DB, 0x4AD4, 0x5359, 0x7C1A, 0xAD5D, 0x7CDC, 0x551F, 0x3418, 0x08E6, 0x0000,
  0x0000, 0x0000, 0x0000, 0x0000, 0x0000, 0x0000, 0x0000, 0x0000, 0x0000, 0x0000, 0x0000, 0x0000,
  0x0000, 0x0000, 0x0000, 0x0000, 0x0000, 0x0000, 0x0000, 0x0000, 0x0000, 0x0000, 0x0000, 0x0000,
  0x0000, 0x0000, 0x0000, 0x0000, 0x0000, 0x0000, 0x0000, 0x0000, 0x0000, 0x0000, 0x0000, 0x0000,
  0x0000, 0x0000, 0x0000, 0x0000, 0x0000, 0x0000, 0x0000, 0x0000, 0x0000, 0x0000, 0x0000, 0x0000,
  0x0000, 0x0000, 0x0000, 0x0000, 0x0000, 0x0000, 0x0000, 0x0000, 0x0000, 0x0000, 0x0000, 0x0000,
  0x0000, 0x0000, 0x0000, 0x0000, 0x0000, 0x0000, 0x0000, 0x0000, 0x0000, 0x0000, 0x0000, 0x0000,
  0x0000, 0x0000, 0x0000, 0x0000, 0x0000, 0x0000, 0x0000, 0x0000, 0x0000, 0x0000, 0x0000, 0x0000,
  0x0000, 0x0000, 0x0000, 0x0000, 0x0000, 0x0000, 0x0000, 0x0000, 0x0000, 0x0000, 0x0000, 0x0927,
  0x3C7B, 0x33F8, 0x08A4, 0x0000, 0x0022, 0x0022, 0x0021, 0x0021, 0x0021, 0x0021, 0x0021, 0x0021,
  0x0021, 0x0021, 0x0021, 0x0021, 0x0021, 0x0021, 0x0021, 0x0021, 0x0021, 0x0021, 0x0021, 0x0021,
  0x0021, 0x0021, 0x0021, 0x0021, 0x0021, 0x0021, 0x0021, 0x0021, 0x0021, 0x0021, 0x0021, 0x0021,
  0x0021, 0x0021, 0x0021, 0x0021, 0x0021, 0x0021, 0x0021, 0x0021, 0x0021, 0x0021, 0x0021, 0x0021,
  0x0021, 0x0021, 0x0021, 0x0021, 0x0021, 0x0021, 0x0021, 0x0021, 0x0021, 0x0021, 0x0021, 0x0021,
  0x0021, 0x0021, 0x0021, 0x0021, 0x0021, 0x0021, 0x0021, 0x0021, 0x0021, 0x0021, 0x0000, 0x0842,
  0x5AF3, 0x8C9E, 0x73FA, 0x52B2, 0x2969, 0x10C5, 0x5315, 0x9CDD, 0xAD5B, 0x9CFB, 0x8437, 0x9CB8,
  0xC5FE, 0x3189, 0x0000, 0x0022, 0x0021, 0x0021, 0x0021, 0x10A4, 0x0022, 0x0021, 0x0022, 0x0022,
  0x0022, 0x0022, 0x0022, 0x0022, 0x0022, 0x0021, 0x0042, 0x0000, 0x0022, 0x31F1, 0x535C, 0x5BBD,
  0x537B, 0x4B19, 0x4AD4, 0x31ED, 0x2969, 0x73D6, 0xA53D, 0xBDDD, 0xCE5D, 0xA519, 0xD67E, 0xAD79,
  0x31AA, 0x8CBC, 0x94BC, 0x7C3C, 0x19AE, 0x29F2, 0x4AFB, 0x42B5, 0x6BDA, 0x5315, 0x196F, 0x0022,
  0x3A0F, 0x843C, 0x94DC, 0x8C97, 0x4294, 0x5B7A, 0x741A, 0xAD7D, 0x7C59, 0x4CBD, 0x451F, 0x19EC,
  0x0000, 0x0000, 0x0000, 0x0000, 0x0000, 0x0000, 0x0000, 0x0000, 0x0000, 0x0000, 0x0000, 0x0000,
  0x0000, 0x0000, 0x0000, 0x0000, 0x0000, 0x0000, 0x0000, 0x0000, 0x0000, 0x0000, 0x0000, 0x0000,
  0x0000, 0x0000, 0x0000, 0x0000, 0x0000, 0x0000, 0x0000, 0x0000, 0x0000, 0x0000, 0x0000, 0x0000,
  0x0000, 0x0000, 0x0000, 0x0000, 0x0000, 0x0000, 0x0000, 0x0000, 0x0000, 0x0000, 0x0000, 0x0000,
  0x0000, 0x0000, 0x0000, 0x0000, 0x0000, 0x0000, 0x0000, 0x0000, 0x0000, 0x0000, 0x0000, 0x0000,
  0x0000, 0x0000, 0x0000, 0x0000, 0x0000, 0x0000, 0x0000, 0x0000, 0x0000, 0x0000, 0x0000, 0x0000,
  0x0000, 0x0000, 0x0000, 0x0000, 0x0000, 0x0000, 0x0000, 0x0000, 0x0000, 0x0000, 0x0000, 0x0000,
  0x0000, 0x0000, 0x0000, 0x0000, 0x0000, 0x0000, 0x0000, 0x0000, 0x0000, 0x0000, 0x224E, 0x44FE,
  0x22B0, 0x0000, 0x0000, 0x0042, 0x0021, 0x0021, 0x0021, 0x0021, 0x0021, 0x0021, 0x0021, 0x0021,
  0x0021, 0x0021, 0x0021, 0x0021, 0x0021, 0x0021, 0x0021, 0x0021, 0x0021, 0x0021, 0x0021, 0x0021,
  0x0021, 0x0021, 0x0021, 0x0021, 0x0021, 0x0021, 0x0021, 0x0021, 0x0021, 0x0021, 0x0021, 0x0021,
  0x0021, 0x0021, 0x0021, 0x0021, 0x0021, 0x0021, 0x0021, 0x0021, 0x0021, 0x0021, 0x0021, 0x0021,
  0x0021, 0x0021, 0x0021, 0x0021, 0x0021, 0x0021, 0x0021, 0x0021, 0x0021, 0x0021, 0x0021, 0x0021,
  0x0021, 0x0021, 0x0021, 0x0021, 0x0021, 0x0021, 0x0021, 0x0021, 0x0021, 0x0000, 0x18E5, 0x6B95,
  0x6355, 0x2969, 0x0863, 0x0000, 0x0022, 0x5B37, 0x845D, 0x8C7B, 0x52F3, 0x845C, 0x6B97, 0x8C56,
  0xCE5F, 0x6310, 0x0000, 0x0022, 0x0021, 0x0021, 0x0022, 0x0022, 0x0022, 0x0022, 0x0022, 0x0022,
  0x0022, 0x0022, 0x0022, 0x0022, 0x0022, 0x0022, 0x0000, 0x10C6, 0x5318, 0x5BBD, 0x4B19, 0x3A54,
  0x196C, 0x0884, 0x0000, 0x0842, 0x6B98, 0x94DD, 0xA53C, 0xD69E, 0xCE3D, 0xC61D, 0xCE5D, 0xC61D,
  0x6355, 0x73FB, 0x845C, 0x42B6, 0x19B1, 0x194E, 0x431C, 0x214A, 0x3A30, 0x5B37, 0x0000, 0x0021,
  0x29F2, 0x639A, 0x8C9B, 0xC61C, 0x6BB5, 0x3AB8, 0x1109, 0x6396, 0xB5DF, 0x426E, 0x1A0D, 0x4D1F,
  0x22D1, 0x0000, 0x0000, 0x0000, 0x0000, 0x0000, 0x0000, 0x0000, 0x0000, 0x0000, 0x0000, 0x0000,
  0x0000, 0x0000, 0x0000, 0x0000, 0x0000, 0x0000, 0x0000, 0x0000, 0x0000, 0x0000, 0x0000, 0x0000,
  0x0000, 0x0000, 0x0000, 0x0000, 0x0000, 0x0000, 0x0000, 0x0000, 0x0000, 0x0000, 0x0000, 0x0000,
  0x0000, 0x0000, 0x0000, 0x0000, 0x0000, 0x0000, 0x0000, 0x0000, 0x0000, 0x0000, 0x0000, 0x0000,
  0x0000, 0x0000, 0x0000, 0x0000, 0x0000, 0x0000, 0x0000, 0x0000, 0x0000, 0x0000, 0x0000, 0x0000,
  0x0000, 0x0000, 0x0000, 0x0000, 0x0000, 0x0000, 0x0000, 0x0000, 0x0000, 0x0000, 0x0000, 0x0000,
  0x0000, 0x0000, 0x0000, 0x0000, 0x0000, 0x0000, 0x0000, 0x0000, 0x0000, 0x0000, 0x0000, 0x0000,
  0x0000, 0x0000, 0x0000, 0x0000, 0x0000, 0x0000, 0x0000, 0x0000, 0x0021, 0x3395, 0x44BD, 0x1169,
  0x0000, 0x0021, 0x0022, 0x0021, 0x0021, 0x0021, 0x0021, 0x0021, 0x0021, 0x0021, 0x0021, 0x0021,
  0x0021, 0x0021, 0x0021, 0x0021, 0x0021, 0x0021, 0x0021, 0x0021, 0x0021, 0x0021, 0x0021, 0x0021,
  0x0021, 0x0021, 0x0021, 0x0021, 0x0021, 0x0021, 0x0021, 0x0021, 0x0021, 0x0021, 0x0021, 0x0021,
  0x0021, 0x0021, 0x0021, 0x0021, 0x0021, 0x0021, 0x0021, 0x0021, 0x0021, 0x0021, 0x0021, 0x0021,
  0x0021, 0x0021, 0x0021, 0x0021, 0x0021, 0x0021, 0x0021, 0x0021, 0x0021, 0x0021, 0x0021, 0x0021,
  0x0021, 0x0021, 0x0021, 0x0021, 0x0021, 0x0021, 0x0021, 0x0021, 0x0021, 0x10A4, 0x3189, 0x10C4,
  0x0000, 0x0000, 0x0000, 0x0042, 0x4AD6, 0x6BDC, 0x7C1C, 0x4AB2, 0x4252, 0x847E, 0x4293, 0x6310,
  0xBDDF, 0x8416, 0x0021, 0x0021, 0x0022, 0x0021, 0x0022, 0x0022, 0x0022, 0x0022, 0x0022, 0x0022,
  0x0022, 0x0022, 0x0022, 0x0022, 0x0022, 0x0001, 0x298A, 0x5B79, 0x42B4, 0x216B, 0x0884, 0x0001,
  0x0000, 0x0000, 0x0021, 0x52F5, 0x7C3C, 0x7C1B, 0xA53C, 0xC61D, 0xB5BC, 0x9CD9, 0xBDBC, 0xBDDC,
  0x845A, 0x7C3B, 0x6BFA, 0x431A, 0x21F2, 0x10EA, 0x539D, 0x18E7, 0x1084, 0x6BB8, 0x0864, 0x1109,
  0x3A53, 0x5B7B, 0x6378, 0xA55C, 0xB5BB, 0x4AF6, 0x29CC, 0x3A6F, 0x8CB9, 0x94B7, 0x0000, 0x4353,
  0x4D3F, 0x2BB7, 0x08A4, 0x0000, 0x0000, 0x0000, 0x0000, 0x0000, 0x0000, 0x0000, 0x0000, 0x0000,
  0x0000, 0x0000, 0x0000, 0x0000, 0x0000, 0x0000, 0x0000, 0x0000, 0x0000, 0x0000, 0x0000, 0x0000,
  0x0000, 0x0000, 0x0000, 0x0000, 0x0000, 0x0000, 0x0000, 0x0000, 0x0000, 0x0000, 0x0000, 0x0000,
  0x0000, 0x0000, 0x0000, 0x0000, 0x0000, 0x0000, 0x0000, 0x0000, 0x0000, 0x0000, 0x0000, 0x0000,
  0x0000, 0x0000, 0x0000, 0x0000, 0x0000, 0x0000, 0x0000, 0x0000, 0x0000, 0x0000, 0x0000, 0x0000,
  0x0000, 0x0000, 0x0000, 0x0000, 0x0000, 0x0000, 0x0000, 0x0000, 0x0000, 0x0000, 0x0000, 0x0000,
  0x0000, 0x0000, 0x0000, 0x0000, 0x0000, 0x0000, 0x0000, 0x0000, 0x0000, 0x0000, 0x0000, 0x0000,
  0x0000, 0x0000, 0x0000, 0x0000, 0x0000, 0x0000, 0x0000, 0x08C5, 0x3C7B, 0x3C19, 0x0083, 0x0000,
  0x0042, 0x0021, 0x0021, 0x0021, 0x0021, 0x0021, 0x0021, 0x0021, 0x0021, 0x0021, 0x0021, 0x0021,
  0x0021, 0x0021, 0x0021, 0x0021, 0x0021, 0x0021, 0x0021, 0x0021, 0x0021, 0x0021, 0x0021, 0x0021,
  0x0021, 0x0021, 0x0021, 0x0021, 0x0021, 0x0021, 0x0021, 0x0021, 0x0021, 0x0021, 0x0021, 0x0021,
  0x0021, 0x0021, 0x0021, 0x0021, 0x0021, 0x0021, 0x0021, 0x0021, 0x0021, 0x0021, 0x0021, 0x0021,
  0x0021, 0x0021, 0x0021, 0x0021, 0x0021, 0x0021, 0x0021, 0x0021, 0x0021, 0x0021, 0x0021, 0x0021,
  0x0021, 0x0021, 0x0021, 0x0021, 0x0021, 0x0021, 0x0021, 0x0021, 0x0021, 0x0842, 0x0000, 0x0000,
  0x0021, 0x0022, 0x0000, 0x29F0, 0x5B7B, 0x639B, 0x42B5, 0x0884, 0x4AF8, 0x741D, 0x3211, 0x3188,
  0x9CFD, 0x8C7A, 0x10A4, 0x0001, 0x0022, 0x0022, 0x0022, 0x0022, 0x0022, 0x0022, 0x0022, 0x0021,
  0x0022, 0x0022, 0x0022, 0x0022, 0x0021, 0x2127, 0x31EC, 0x10A4, 0x0000, 0x0000, 0x0001, 0x0022,
  0x0042, 0x0001, 0x3A30, 0x6BDC, 0x73DB, 0x6356, 0x9CBA, 0xB57D, 0x94BA, 0x5ACF, 0xAD5C, 0xAD5C,
  0x94BB, 0x7C3B, 0x29EE, 0x42F9, 0x21D0, 0x0865, 0x537A, 0x10A4, 0x0000, 0x3A0C, 0x216A, 0x0022,
  0x29CE, 0x3A54, 0x29F1, 0x4293, 0xB5FD, 0x73D3, 0x21AB, 0x31EB, 0x29A9, 0xB5FC, 0x5B51, 0x3A6E,
  0x8CFB, 0x445B, 0x3C9C, 0x0948, 0x0000, 0x0000, 0x0000, 0x0000, 0x0000, 0x0000, 0x0000, 0x0000,
  0x0000, 0x0000, 0x0000, 0x0000, 0x0000, 0x0000, 0x0000, 0x0000, 0x0000, 0x0000, 0x0000, 0x0000,
  0x0000, 0x0000, 0x0000, 0x0000, 0x0000, 0x0000, 0x0000, 0x0000, 0x0000, 0x0000, 0x0000, 0x0000,
  0x0000, 0x0000, 0x0000, 0x0000, 0x0000, 0x0000, 0x0000, 0x0000, 0x0000, 0x0000, 0x0000, 0x0000,
  0x0000, 0x0000, 0x0000, 0x0000, 0x0000, 0x0000, 0x0000, 0x0000, 0x0000, 0x0000, 0x0000, 0x0000,
  0x0000, 0x0000, 0x0000, 0x0000, 0x0000, 0x0000, 0x0000, 0x0000, 0x0000, 0x0000, 0x0000, 0x0000,
  0x0000, 0x0000, 0x0000, 0x0000, 0x0000, 0x0000, 0x0000, 0x0000, 0x0000, 0x0000, 0x0000, 0x0000,
  0x0000, 0x0000, 0x0000, 0x0000, 0x0000, 0x0000, 0x11AA, 0x44FE, 0x2B12, 0x0000, 0x0000, 0x0022,
  0x0021, 0x0021, 0x0021, 0x0021, 0x0021, 0x0021, 0x0021, 0x0021, 0x0021, 0x0021, 0x0021, 0x0021,
  0x0021, 0x0021, 0x0021, 0x0021, 0x0021, 0x0021, 0x0021, 0x0021, 0x0021, 0x0021, 0x0021, 0x0021,
  0x0021, 0x0021, 0x0021, 0x0021, 0x0021, 0x0021, 0x0021, 0x0021, 0x0021, 0x0021, 0x0021, 0x0021,
  0x0021, 0x0021, 0x0021, 0x0021, 0x0021, 0x0021, 0x0021, 0x0021, 0x0021, 0x0021, 0x0021, 0x0021,
  0x0021, 0x0021, 0x0021, 0x0021, 0x0021, 0x0021, 0x0021, 0x0021, 0x0021, 0x0021, 0x0021, 0x0021,
  0x0021, 0x0021, 0x0021, 0x0021, 0x0021, 0x0021, 0x0021, 0x0021, 0x0021, 0x0001, 0x0021, 0x0021,
  0x0021, 0x0000, 0x1909, 0x4B1A, 0x4B1A, 0x3A97, 0x0043, 0x10A6, 0x4B1A, 0x535B, 0x29AF, 0x0842,
  0x7C39, 0x8C9C, 0x2148, 0x0000, 0x0022, 0x0022, 0x0021, 0x0022, 0x0022, 0x0022, 0x0022, 0x0021,
  0x0022, 0x0022, 0x0022, 0x0021, 0x0042, 0x0862, 0x0000, 0x0001, 0x0022, 0x0022, 0x0021, 0x0021,
  0x0000, 0x18E7, 0x639A, 0x639B, 0x4AB5, 0x422D, 0x9CFC, 0xA51D, 0x73B6, 0x1906, 0x8C9B, 0x9CDB,
  0x847B, 0x5358, 0x0022, 0x3210, 0x218C, 0x0021, 0x4271, 0x0021, 0x0000, 0x1083, 0x1927, 0x0000,
  0x214A, 0x08A5, 0x1929, 0x0044, 0x7C78, 0xD6BD, 0x4ACE, 0x0021, 0x10E5, 0x5332, 0xA5BE, 0x3A6E,
  0x7C3A, 0x31AC, 0x33B8, 0x453F, 0x19EC, 0x0000, 0x0000, 0x0000, 0x0000, 0x0000, 0x0000, 0x0000,
  0x0000, 0x0000, 0x0000, 0x0000, 0x0000, 0x0000, 0x0000, 0x0000, 0x0000, 0x0000, 0x0000, 0x0000,
  0x0000, 0x0000, 0x0000, 0x0000, 0x0000, 0x0000, 0x0000, 0x0000, 0x0000, 0x0000, 0x0000, 0x0000,
  0x0000, 0x0000, 0x0000, 0x0000, 0x0000, 0x0000, 0x0000, 0x0000, 0x0000, 0x0000, 0x0000, 0x0000,
  0x0000, 0x0000, 0x0000, 0x0000, 0x0000, 0x0000, 0x0000, 0x0000, 0x0000, 0x0000, 0x0000, 0x0000,
  0x0000, 0x0000, 0x0000, 0x0000, 0x0000, 0x0000, 0x0000, 0x0000, 0x0000, 0x0000, 0x0000, 0x0000,
  0x0000, 0x0000, 0x0000, 0x0000, 0x0000, 0x0000, 0x0000, 0x0000, 0x0000, 0x0000, 0x0000, 0x0000,
  0x0000, 0x0000, 0x0000, 0x0000, 0x0000, 0x226E, 0x451E, 0x1A0D, 0x0000, 0x0021, 0x0022, 0x0021,
  0x0021, 0x0021, 0x0021, 0x0021, 0x0021, 0x0021, 0x0021, 0x0021, 0x0021, 0x0021, 0x0021, 0x0021,
  0x0021, 0x0021, 0x0021, 0x0021, 0x0021, 0x0021, 0x0021, 0x0021, 0x0021, 0x0021, 0x0021, 0x0021,
  0x0021, 0x0021, 0x0021, 0x0021, 0x0021, 0x0021, 0x0021, 0x0021, 0x0021, 0x0021, 0x0021, 0x0021,
  0x0021, 0x0021, 0x0021, 0x0021, 0x0021, 0x0021, 0x0021, 0x0021, 0x0021, 0x0021, 0x0021, 0x0021,
  0x0021, 0x0021, 0x0021, 0x0021, 0x0021, 0x0021, 0x0021, 0x0021, 0x0021, 0x0021, 0x0021, 0x0021,
  0x0021, 0x0021, 0x0021, 0x0021, 0x0021, 0x0021, 0x0021, 0x0021, 0x0021, 0x0021, 0x0021, 0x0021,
  0x0021, 0x0022, 0x4296, 0x535C, 0x3235, 0x0864, 0x0000, 0x194D, 0x42FB, 0x4B3B, 0x194B, 0x0000,
  0x5AF3, 0x94FE, 0x31CB, 0x0000, 0x0022, 0x0022, 0x0022, 0x0022, 0x0022, 0x0022, 0x0022, 0x0021,
  0x0022, 0x0022, 0x0022, 0x0022, 0x0021, 0x0021, 0x0022, 0x0022, 0x0021, 0x0022, 0x0021, 0x0021,
  0x0000, 0x4273, 0x63BC, 0x5318, 0x0864, 0x52B1, 0x9CDD, 0xA51D, 0x52B0, 0x0000, 0x6BB8, 0x7C1B,
  0x849C, 0x2A52, 0x0000, 0x216A, 0x216A, 0x0000, 0x2148, 0x0001, 0x0021, 0x0021, 0x0042, 0x0022,
  0x10C6, 0x0842, 0x0021, 0x10E9, 0x42D3, 0xCEFE, 0x8CD7, 0x322E, 0x3A6E, 0x1107, 0x5335, 0x6BDA,
  0x63BC, 0x4AD4, 0x10C7, 0x2291, 0x4D7F, 0x1A8F, 0x0000, 0x0000, 0x0000, 0x0000, 0x0000, 0x0000,
  0x0000, 0x0000, 0x0000, 0x0000, 0x0000, 0x0000, 0x0000, 0x0000, 0x0000, 0x0000, 0x0000, 0x0000,
  0x0000, 0x0000, 0x0000, 0x0000, 0x0000, 0x0000, 0x0000, 0x0000, 0x0000, 0x0000, 0x0000, 0x0000,
  0x0000, 0x0000, 0x0000, 0x0000, 0x0000, 0x0000, 0x0000, 0x0000, 0x0000, 0x0000, 0x0000, 0x0000,
  0x0000, 0x0000, 0x0000, 0x0000, 0x0000, 0x0000, 0x0000, 0x0000, 0x0000, 0x0000, 0x0000, 0x0000,
  0x0000, 0x0000, 0x0000, 0x0000, 0x0000, 0x0000, 0x0000, 0x0000, 0x0000, 0x0000, 0x0000, 0x0000,
  0x0000, 0x0000, 0x0000, 0x0000, 0x0000, 0x0000, 0x0000, 0x0000, 0x0000, 0x0000, 0x0000, 0x0000,
  0x0000, 0x0000, 0x0000, 0x0000, 0x2B13, 0x44DD, 0x1148, 0x0000, 0x0022, 0x0021, 0x0021, 0x0021,
  0x0021, 0x0021, 0x0021, 0x0021, 0x0021, 0x0021, 0x0021, 0x0021, 0x0021, 0x0021, 0x0021, 0x0021,
  0x0021, 0x0021, 0x0021, 0x0021, 0x0021, 0x0021, 0x0021, 0x0021, 0x0021, 0x0021, 0x0021, 0x0021,
  0x0021, 0x0021, 0x0021, 0x0021, 0x0021, 0x0021, 0x0021, 0x0021, 0x0021, 0x0021, 0x0021, 0x0021,
  0x0021, 0x0021, 0x0021, 0x0021, 0x0021, 0x0021, 0x0021, 0x0021, 0x0021, 0x0021, 0x0021, 0x0021,
  0x0021, 0x0021, 0x0021, 0x0021, 0x0021, 0x0021, 0x0021, 0x0021, 0x0021, 0x0021, 0x0021, 0x0021,
  0x0021, 0x0021, 0x0021, 0x0021, 0x0021, 0x0021, 0x0021, 0x0021, 0x0021, 0x0021, 0x0021, 0x0022,
  0x0000, 0x214C, 0x539D, 0x3254, 0x0043, 0x0000, 0x0000, 0x2190, 0x3ADB, 0x3AB8, 0x08A6, 0x0000,
  0x2969, 0x94FE, 0x3A0D, 0x0000, 0x0022, 0x0022, 0x0022, 0x0022, 0x0022, 0x0022, 0x0022, 0x0022,
  0x0022, 0x0022, 0x0021, 0x0022, 0x0022, 0x0022, 0x0021, 0x0022, 0x0021, 0x0021, 0x0022, 0x0000,
  0x10C7, 0x5B7C, 0x5339, 0x10C7, 0x0021, 0x6398, 0x8C7C, 0x847C, 0x2148, 0x0000, 0x4AB2, 0x845C,
  0xAD7D, 0x29AB, 0x0000, 0x0884, 0x18E6, 0x0000, 0x0863, 0x0021, 0x0021, 0x0021, 0x0021, 0x0021,
  0x1907, 0x42B2, 0x5B36, 0x6BBA, 0x6376, 0x7C59, 0xADDE, 0x428E, 0x0000, 0x0042, 0x10A5, 0x741B,
  0x847C, 0x6C1B, 0x10A5, 0x10C8, 0x32D3, 0x44FF, 0x2313, 0x0000, 0x0000, 0x0000, 0x0000, 0x0000,
  0x0000, 0x0000, 0x0000, 0x0000, 0x0000, 0x0000, 0x0000, 0x0000, 0x0000, 0x0000, 0x0000, 0x0000,
  0x0000, 0x0000, 0x0000, 0x0000, 0x0000, 0x0000, 0x0000, 0x0000, 0x0000, 0x0000, 0x0000, 0x0000,
  0x0000, 0x0000, 0x0000, 0x0000, 0x0000, 0x0000, 0x0000, 0x0000, 0x0000, 0x0000, 0x0000, 0x0000,
  0x0000, 0x0000, 0x0000, 0x0000, 0x0000, 0x0000, 0x0000, 0x0000, 0x0000, 0x0000, 0x0000, 0x0000,
  0x0000, 0x0000, 0x0000, 0x0000, 0x0000, 0x0000, 0x0000, 0x0000, 0x0000, 0x0000, 0x0000, 0x0000,
  0x0000, 0x0000, 0x0000, 0x0000, 0x0000, 0x0000, 0x0000, 0x0000, 0x0000, 0x0000, 0x0000, 0x0000,
  0x0000, 0x0000, 0x0021, 0x33B6, 0x3C7B, 0x08A4, 0x0000, 0x0022, 0x0021, 0x0021, 0x0021, 0x0021,
  0x0021, 0x0021, 0x0021, 0x0021, 0x0021, 0x0021, 0x0021, 0x0021, 0x0021, 0x0021, 0x0021, 0x0021,
  0x0021, 0x0021, 0x0021, 0x0021, 0x0021, 0x0021, 0x0021, 0x0021, 0x0021, 0x0021, 0x0021, 0x0021,
  0x0021, 0x0021, 0x0021, 0x0021, 0x0021, 0x0021, 0x0021, 0x0021, 0x0021, 0x0021, 0x0021, 0x0021,
  0x0021, 0x0021, 0x0021, 0x0021, 0x0021, 0x0021, 0x0021, 0x0021, 0x0021, 0x0021, 0x0021, 0x0021,
  0x0021, 0x0021, 0x0021, 0x0021, 0x0021, 0x0021, 0x0021, 0x0021, 0x0021, 0x0021, 0x0021, 0x0021,
  0x0021, 0x0021, 0x0021, 0x0021, 0x0021, 0x0021, 0x0021, 0x0021, 0x0021, 0x0021, 0x0021, 0x0001,
  0x0843, 0x535A, 0x3212, 0x0022, 0x0001, 0x0022, 0x0000, 0x21D2, 0x431B, 0x2A14, 0x0021, 0x0021,
  0x0021, 0x7C18, 0x4A90, 0x0000, 0x0042, 0x0022, 0x0022, 0x0022, 0x0022, 0x0022, 0x0022, 0x0022,
  0x0022, 0x0022, 0x0022, 0x0022, 0x0022, 0x0022, 0x0022, 0x0021, 0x0022, 0x0021, 0x0022, 0x0000,
  0x4272, 0x5B7A, 0x10A6, 0x0000, 0x1908, 0x6BDB, 0x7C3B, 0x5B36, 0x0041, 0x0000, 0x31ED, 0xA53D,
  0xAD5D, 0x2968, 0x0000, 0x0021, 0x0042, 0x0021, 0x0021, 0x0021, 0x0021, 0x0021, 0x0021, 0x0884,
  0x10E7, 0x0885, 0x3A52, 0x7C5D, 0x7C1C, 0x843D, 0x94DB, 0x9CDA, 0x7C17, 0x2147, 0x0045, 0x5B58,
  0xAD3C, 0xA55D, 0x2128, 0x21B1, 0x5B15, 0x7C9A, 0x4D3F, 0x2B96, 0x0041, 0x0000, 0x0000, 0x0000,
  0x0000, 0x0000, 0x0000, 0x0000, 0x0000, 0x0000, 0x0000, 0x0000, 0x0000, 0x0000, 0x0000, 0x0000,
  0x0000, 0x0000, 0x0000, 0x0000, 0x0000, 0x0000, 0x0000, 0x0000, 0x0000, 0x0000, 0x0000, 0x0000,
  0x0000, 0x0000, 0x0000, 0x0000, 0x0000, 0x0000, 0x0000, 0x0000, 0x0000, 0x0000, 0x0000, 0x0000,
  0x0000, 0x0000, 0x0000, 0x0000, 0x0000, 0x0000, 0x0000, 0x0000, 0x0000, 0x0000, 0x0000, 0x0000,
  0x0000, 0x0000, 0x0000, 0x0000, 0x0000, 0x0000, 0x0000, 0x0000, 0x0000, 0x0000, 0x0000, 0x0000,
  0x0000, 0x0000, 0x0000, 0x0000, 0x0000, 0x0000, 0x0000, 0x0000, 0x0000, 0x0000, 0x0000, 0x0000,
  0x0000, 0x0042, 0x3419, 0x3419, 0x0042, 0x0000, 0x0022, 0x0021, 0x0021, 0x0021, 0x0021, 0x0021,
  0x0021, 0x0021, 0x0021, 0x0021, 0x0021, 0x0021, 0x0021, 0x0021, 0x0021, 0x0021, 0x0021, 0x0021,
  0x0021, 0x0021, 0x0021, 0x0021, 0x0021, 0x0021, 0x0021, 0x0021, 0x0021, 0x0021, 0x0021, 0x0021,
  0x0021, 0x0021, 0x0021, 0x0021, 0x0021, 0x0021, 0x0021, 0x0021, 0x0021, 0x0021, 0x0021, 0x0021,
  0x0021, 0x0021, 0x0021, 0x0021, 0x0021, 0x0021, 0x0021, 0x0021, 0x0021, 0x0021, 0x0021, 0x0021,
  0x0021, 0x0021, 0x0021, 0x0021, 0x0021, 0x0021, 0x0021, 0x0021, 0x0021, 0x0021, 0x0021, 0x0021,
  0x0021, 0x0021, 0x0021, 0x0021, 0x0021, 0x0021, 0x0021, 0x0021, 0x0021, 0x0021, 0x0021, 0x0000,
  0x3A2F, 0x3A30, 0x0000, 0x0001, 0x0022, 0x0021, 0x0001, 0x2A14, 0x3AFC, 0x196E, 0x0000, 0x0042,
  0x0000, 0x424D, 0x5AF1, 0x0000, 0x0042, 0x0022, 0x0022, 0x0022, 0x0022, 0x0022, 0x0022, 0x0022,
  0x0022, 0x0022, 0x0022, 0x0022, 0x0022, 0x0022, 0x0022, 0x0021, 0x0022, 0x0022, 0x0000, 0x10C5,
  0x6BB8, 0x10C5, 0x0000, 0x0000, 0x298B, 0x741C, 0x7C1C, 0x3A0E, 0x0000, 0x0001, 0x18E6, 0x8C9B,
  0x9CFD, 0x3189, 0x0000, 0x0022, 0x0021, 0x0021, 0x0021, 0x0021, 0x0021, 0x0021, 0x0884, 0x0884,
  0x0863, 0x3A50, 0x5B97, 0x320D, 0x3231, 0x4AF8, 0x847A, 0xBDDD, 0xAD7D, 0x9CDB, 0x5B36, 0x218D,
  0x6BFB, 0xD67E, 0x6B73, 0x7BF8, 0xA53D, 0xA55D, 0x8CFC, 0x3C7D, 0x33F8, 0x0062, 0x0000, 0x0000,
  0x0000, 0x0000, 0x0000, 0x0000, 0x0000, 0x0000, 0x0000, 0x0000, 0x0000, 0x0000, 0x0000, 0x0000,
  0x0000, 0x0000, 0x0000, 0x0000, 0x0000, 0x0000, 0x0000, 0x0000, 0x0000, 0x0000, 0x0000, 0x0000,
  0x0000, 0x0000, 0x0000, 0x0000, 0x0000, 0x0000, 0x0000, 0x0000, 0x0000, 0x0000, 0x0000, 0x0000,
  0x0000, 0x0000, 0x0000, 0x0000, 0x0000, 0x0000, 0x0000, 0x0000, 0x0000, 0x0000, 0x0000, 0x0000,
  0x0000, 0x0000, 0x0000, 0x0000, 0x0000, 0x0000, 0x0000, 0x0000, 0x0000, 0x0000, 0x0000, 0x0000,
  0x0000, 0x0000, 0x0000, 0x0000, 0x0000, 0x0000, 0x0000, 0x0000, 0x0000, 0x0000, 0x0000, 0x0000,
  0x0083, 0x3C3A, 0x3397, 0x0021, 0x0000, 0x0022, 0x0021, 0x0021, 0x0021, 0x0021, 0x0021, 0x0021,
  0x0021, 0x0021, 0x0021, 0x0021, 0x0021, 0x0021, 0x0021, 0x0021, 0x0021, 0x0021, 0x0021, 0x0021,
  0x0021, 0x0021, 0x0021, 0x0021, 0x0021, 0x0021, 0x0021, 0x0021, 0x0021, 0x0021, 0x0021, 0x0021,
  0x0021, 0x0021, 0x0021, 0x0021, 0x0021, 0x0021, 0x0021, 0x0021, 0x0021, 0x0021, 0x0021, 0x0021,
  0x0021, 0x0021, 0x0021, 0x0021, 0x0021, 0x0021, 0x0021, 0x0021, 0x0021, 0x0021, 0x0021, 0x0021,
  0x0021, 0x0021, 0x0021, 0x0021, 0x0021, 0x0021, 0x0021, 0x0021, 0x0021, 0x0021, 0x0021, 0x0021,
  0x0021, 0x0021, 0x0021, 0x0021, 0x0021, 0x0021, 0x0021, 0x0021, 0x0021, 0x0021, 0x0001, 0x1084,
  0x2969, 0x0000, 0x0021, 0x0021, 0x0021, 0x0021, 0x0022, 0x3255, 0x3ABA, 0x08A7, 0x0000, 0x0021,
  0x0001, 0x0883, 0x422D, 0x0001, 0x0022, 0x0021, 0x0021, 0x0022, 0x0022, 0x0022, 0x0022, 0x0022,
  0x0022, 0x0022, 0x0022, 0x0022, 0x0022, 0x0022, 0x0022, 0x0021, 0x0022, 0x0022, 0x0000, 0x31CB,
  0x2127, 0x0000, 0x0042, 0x0000, 0x31EE, 0x7C3C, 0x7C1A, 0x10C6, 0x0001, 0x0022, 0x0000, 0x6354,
  0xA51E, 0x2969, 0x0000, 0x0022, 0x0021, 0x0021, 0x0021, 0x0021, 0x0021, 0x0021, 0x0000, 0x0863,
  0x3A0F, 0x31EE, 0x0022, 0x1109, 0x42B4, 0x4A92, 0x4AB2, 0xA53B, 0xB59D, 0xC61F, 0xB59D, 0x9CDB,
  0x4AD4, 0x9D1B, 0xAD7D, 0xAD5D, 0x9CFC, 0x5B33, 0x4295, 0x4B19, 0x4CFE, 0x3C7B, 0x0883, 0x0000,
  0x0000, 0x0000, 0x0000, 0x0000, 0x0000, 0x0000, 0x0000, 0x0000, 0x0000, 0x0000, 0x0000, 0x0000,
  0x0000, 0x0000, 0x0000, 0x0000, 0x0000, 0x0000, 0x0000, 0x0000, 0x0000, 0x0000, 0x0000, 0x0000,
  0x0000, 0x0000, 0x0000, 0x0000, 0x0000, 0x0000, 0x0000, 0x0000, 0x0000, 0x0000, 0x0000, 0x0000,
  0x0000, 0x0000, 0x0000, 0x0000, 0x0000, 0x0000, 0x0000, 0x0000, 0x0000, 0x0000, 0x0000, 0x0000,
  0x0000, 0x0000, 0x0000, 0x0000, 0x0000, 0x0000, 0x0000, 0x0000, 0x0000, 0x0000, 0x0000, 0x0000,
  0x0000, 0x0000, 0x0000, 0x0000, 0x0000, 0x0000, 0x0000, 0x0000, 0x0000, 0x0000, 0x0000, 0x08A4,
  0x3C7C, 0x2B34, 0x0000, 0x0001, 0x0022, 0x0021, 0x0021, 0x0021, 0x0021, 0x0021, 0x0021, 0x0021,
  0x0021, 0x0021, 0x0021, 0x0021, 0x0021, 0x0021, 0x0021, 0x0021, 0x0021, 0x0021, 0x0021, 0x0021,
  0x0021, 0x0021, 0x0021, 0x0021, 0x0021, 0x0021, 0x0021, 0x0021, 0x0021, 0x0021, 0x0021, 0x0021,
  0x0021, 0x0021, 0x0021, 0x0021, 0x0021, 0x0021, 0x0021, 0x0021, 0x0021, 0x0021, 0x0021, 0x0021,
  0x0021, 0x0021, 0x0021, 0x0021, 0x0021, 0x0021, 0x0021, 0x0021, 0x0021, 0x0021, 0x0021, 0x0021,
  0x0021, 0x0021, 0x0021, 0x0021, 0x0021, 0x0021, 0x0021, 0x0021, 0x0021, 0x0021, 0x0021, 0x0021,
  0x0021, 0x0021, 0x0021, 0x0021, 0x0021, 0x0021, 0x0021, 0x0021, 0x0021, 0x0021, 0x0021, 0x0863,
  0x0000, 0x0021, 0x0021, 0x0021, 0x0021, 0x0001, 0x0042, 0x3AB8, 0x3235, 0x0021, 0x0022, 0x0022,
  0x0022, 0x0001, 0x18E5, 0x0042, 0x0021, 0x0022, 0x0022, 0x0022, 0x0022, 0x0022, 0x0022, 0x0022,
  0x0022, 0x0022, 0x0022, 0x0022, 0x0022, 0x0022, 0x0022, 0x0021, 0x0022, 0x0021, 0x0042, 0x10A4,
  0x0000, 0x0022, 0x0022, 0x0000, 0x422F, 0x847E, 0x52D3, 0x0000, 0x0022, 0x0022, 0x0000, 0x31AB,
  0xAD5E, 0x2947, 0x0000, 0x0022, 0x0021, 0x0021, 0x0021, 0x0021, 0x0021, 0x0021, 0x0063, 0x1908,
  0x0021, 0x0000, 0x10E9, 0x639A, 0x94DC, 0xAD7D, 0x9CDB, 0x9CFC, 0xBDFE, 0x73B3, 0x428E, 0x9D3B,
  0xBDDC, 0x847B, 0xA4FC, 0x847B, 0x7419, 0x2149, 0x21B3, 0x4B1C, 0x1907, 0x2B96, 0x345B, 0x0883,
  0x0000, 0x0000, 0x0000, 0x0000, 0x0000, 0x0000, 0x0000, 0x0000, 0x0000, 0x0000, 0x0000, 0x0000,
  0x0000, 0x0000, 0x0000, 0x0000, 0x0000, 0x0000, 0x0000, 0x0000, 0x0000, 0x0000, 0x0000, 0x0000,
  0x0000, 0x0000, 0x0000, 0x0000, 0x0000, 0x0000, 0x0000, 0x0000, 0x0000, 0x0000, 0x0000, 0x0000,
  0x0000, 0x0000, 0x0000, 0x0000, 0x0000, 0x0000, 0x0000, 0x0000, 0x0000, 0x0000, 0x0000, 0x0000,
  0x0000, 0x0000, 0x0000, 0x0000, 0x0000, 0x0000, 0x0000, 0x0000, 0x0000, 0x0000, 0x0000, 0x0000,
  0x0000, 0x0000, 0x0000, 0x0000, 0x0000, 0x0000, 0x0000, 0x0000, 0x0000, 0x0000, 0x08C5, 0x3C9D,
  0x2AF3, 0x0000, 0x0021, 0x0022, 0x0021, 0x0021, 0x0021, 0x0021, 0x0021, 0x0021, 0x0021, 0x0021,
  0x0021, 0x0021, 0x0021, 0x0021, 0x0021, 0x0021, 0x0021, 0x0021, 0x0021, 0x0021, 0x0021, 0x0021,
  0x0021, 0x0021, 0x0021, 0x0021, 0x0021, 0x0021, 0x0021, 0x0021, 0x0021, 0x0021, 0x0021, 0x0021,
  0x0021, 0x0021, 0x0021, 0x0021, 0x0021, 0x0021, 0x0021, 0x0021, 0x0021, 0x0021, 0x0021, 0x0021,
  0x0021, 0x0021, 0x0021, 0x0021, 0x0021, 0x0021, 0x0021, 0x0021, 0x0021, 0x0021, 0x0021, 0x0021,
  0x0021, 0x0021, 0x0021, 0x0021, 0x0021, 0x0021, 0x0021, 0x0021, 0x0021, 0x0021, 0x0021, 0x0021,
  0x0021, 0x0021, 0x0021, 0x0021, 0x0021, 0x0021, 0x0021, 0x0021, 0x0021, 0x0021, 0x0021, 0x0001,
  0x0021, 0x0021, 0x0021, 0x0021, 0x0021, 0x0001, 0x0042, 0x42F9, 0x194C, 0x0000, 0x0022, 0x0022,
  0x0021, 0x0021, 0x0021, 0x0021, 0x0021, 0x0022, 0x0022, 0x0022, 0x0022, 0x0022, 0x0021, 0x0021,
  0x0022, 0x0022, 0x0022, 0x0022, 0x0022, 0x0022, 0x0022, 0x0022, 0x0022, 0x0021, 0x0021, 0x0001,
  0x0021, 0x0021, 0x0022, 0x0000, 0x4AB1, 0x8C9D, 0x2107, 0x0000, 0x0022, 0x0021, 0x0022, 0x0042,
  0x8C38, 0x2947, 0x0000, 0x0022, 0x0021, 0x0021, 0x0021, 0x0021, 0x0022, 0x0001, 0x0001, 0x0022,
  0x296A, 0x52F5, 0x8C5B, 0xAD5D, 0xC5FD, 0xCE7D, 0xDEFF, 0x73D3, 0x7C34, 0x52CD, 0x1906, 0x6393,
  0xA57C, 0x8CBC, 0x951E, 0x8499, 0x29CA, 0x5B54, 0x741B, 0x73FC, 0x1084, 0x0885, 0x4C9E, 0x343A,
  0x08A4, 0x0000, 0x0000, 0x0000, 0x0000, 0x0000, 0x0000, 0x0000, 0x0000, 0x0000, 0x0000, 0x0000,
  0x0000, 0x0000, 0x0000, 0x0000, 0x0000, 0x0000, 0x0000, 0x0000, 0x0000, 0x0000, 0x0000, 0x0000,
  0x0000, 0x0000, 0x0000, 0x0000, 0x0000, 0x0000, 0x0000, 0x0000, 0x0000, 0x0000, 0x0000, 0x0000,
  0x0000, 0x0000, 0x0000, 0x0000, 0x0000, 0x0000, 0x0000, 0x0000, 0x0000, 0x0000, 0x0000, 0x0000,
  0x0000, 0x0000, 0x0000, 0x0000, 0x0000, 0x0000, 0x0000, 0x0000, 0x0000, 0x0000, 0x0000, 0x0000,
  0x0000, 0x0000, 0x0000, 0x0000, 0x0000, 0x0000, 0x0000, 0x0000, 0x0000, 0x08C5, 0x3C9D, 0x22D1,
  0x0000, 0x0021, 0x0021, 0x0021, 0x0021, 0x0021, 0x0021, 0x0021, 0x0021, 0x0021, 0x0021, 0x0021,
  0x0021, 0x0021, 0x0021, 0x0021, 0x0021, 0x0021, 0x0021, 0x0021, 0x0021, 0x0021, 0x0021, 0x0021,
  0x0021, 0x0021, 0x0021, 0x0021, 0x0021, 0x0021, 0x0021, 0x0021, 0x0021, 0x0021, 0x0021, 0x0021,
  0x0021, 0x0021, 0x0021, 0x0021, 0x0021, 0x0021, 0x0021, 0x0021, 0x0021, 0x0021, 0x0021, 0x0021,
  0x0021, 0x0021, 0x0021, 0x0021, 0x0021, 0x0021, 0x0021, 0x0021, 0x0021, 0x0021, 0x0021, 0x0021,
  0x0021, 0x0021, 0x0021, 0x0021, 0x0021, 0x0021, 0x0021, 0x0021, 0x0021, 0x0021, 0x0021, 0x0021,
  0x0021, 0x0021, 0x0021, 0x0021, 0x0021, 0x0021, 0x0021, 0x0021, 0x0021, 0x0021, 0x0021, 0x0021,
  0x0021, 0x0021, 0x0021, 0x0021, 0x0021, 0x0001, 0x0842, 0x3A74, 0x0063, 0x0021, 0x0022, 0x0021,
  0x0022, 0x0022, 0x0022, 0x0021, 0x0021, 0x0021, 0x0021, 0x0022, 0x0022, 0x0022, 0x0022, 0x0022,
  0x0022, 0x0022, 0x0022, 0x0022, 0x0022, 0x0022, 0x0022, 0x0022, 0x0022, 0x0022, 0x0021, 0x0022,
  0x0021, 0x0021, 0x0022, 0x0000, 0x5B13, 0x6B96, 0x0000, 0x0022, 0x0021, 0x0021, 0x0042, 0x0000,
  0x39EB, 0x1906, 0x0000, 0x0021, 0x0021, 0x0021, 0x0021, 0x0001, 0x0000, 0x0863, 0x424E, 0x8439,
  0x8C7C, 0x8C5C, 0xA51D, 0xAD5D, 0xB5BC, 0xBDFC, 0x8434, 0x2147, 0x3A0A, 0x94F8, 0x31EA, 0x0062,
  0x8C97, 0xAD9B, 0x7C35, 0xD6BF, 0x420A, 0x0000, 0x4AD4, 0x7C3D, 0x5B37, 0x4AF5, 0x845A, 0x651F,
  0x345B, 0x08A4, 0x0000, 0x0000, 0x0000, 0x0000, 0x0000, 0x0000, 0x0000, 0x0000, 0x0000, 0x0000,
  0x0000, 0x0000, 0x0000, 0x0000, 0x0000, 0x0000, 0x0000, 0x0000, 0x0000, 0x0000, 0x0000, 0x0000,
  0x0000, 0x0000, 0x0000, 0x0000, 0x0000, 0x0000, 0x0000, 0x0000, 0x0000, 0x0000, 0x0000, 0x0000,
  0x0000, 0x0000, 0x0000, 0x0000, 0x0000, 0x0000, 0x0000, 0x0000, 0x0000, 0x0000, 0x0000, 0x0000,
  0x0000, 0x0000, 0x0000, 0x0000, 0x0000, 0x0000, 0x0000, 0x0000, 0x0000, 0x0000, 0x0000, 0x0000,
  0x0000, 0x0000, 0x0000, 0x0000, 0x0000, 0x0000, 0x0000, 0x0000, 0x08C4, 0x3C9D, 0x22B1, 0x0000,
  0x0022, 0x0021, 0x0021, 0x0021, 0x0021, 0x0021, 0x0021, 0x0021, 0x0021, 0x0021, 0x0021, 0x0021,
  0x0021, 0x0021, 0x0021, 0x0021, 0x0021, 0x0021, 0x0021, 0x0021, 0x0021, 0x0021, 0x0021, 0x0021,
  0x0021, 0x0021, 0x0021, 0x0021, 0x0021, 0x0021, 0x0021, 0x0021, 0x0021, 0x0021, 0x0021, 0x0021,
  0x0021, 0x0021, 0x0021, 0x0021, 0x0021, 0x0021, 0x0021, 0x0021, 0x0021, 0x0021, 0x0021, 0x0021,
  0x0021, 0x0021, 0x0021, 0x0021, 0x0021, 0x0021, 0x0021, 0x0021, 0x0021, 0x0021, 0x0021, 0x0021,
  0x0021, 0x0021, 0x0021, 0x0021, 0x0021, 0x0021, 0x0021, 0x0021, 0x0021, 0x0021, 0x0021, 0x0021,
  0x0021, 0x0021, 0x0021, 0x0021, 0x0021, 0x0021, 0x0021, 0x0021, 0x0021, 0x0021, 0x0021, 0x0021,
  0x0021, 0x0021, 0x0021, 0x0021, 0x0021, 0x0001, 0x0863, 0x216A, 0x0000, 0x0022, 0x0022, 0x0022,
  0x0021, 0x0021, 0x0021, 0x0022, 0x0021, 0x0022, 0x0022, 0x0022, 0x0022, 0x0022, 0x0022, 0x0022,
  0x0022, 0x0022, 0x0022, 0x0022, 0x0022, 0x0022, 0x0022, 0x0022, 0x0022, 0x0022, 0x0022, 0x0021,
  0x0021, 0x0021, 0x0022, 0x0000, 0x5AF1, 0x2969, 0x0000, 0x0022, 0x0022, 0x0021, 0x0022, 0x0001,
  0x10A4, 0x0883, 0x0001, 0x0021, 0x0021, 0x0021, 0x0001, 0x0862, 0x422D, 0x845A, 0x8C9C, 0x7BF9,
  0x7C1A, 0x6B99, 0x4AB2, 0x5B36, 0x8C78, 0xC5FC, 0xAD59, 0x73B2, 0x31A8, 0x73F4, 0x5B0F, 0x10A4,
  0xB5BB, 0xCE5D, 0xBDBB, 0xCE3D, 0x9CF9, 0x6B96, 0x847B, 0x94DC, 0x7C38, 0x6375, 0x94DC, 0x9D1C,
  0x54FE, 0x2C1A, 0x0883, 0x0000, 0x0000, 0x0000, 0x0000, 0x0000, 0x0000, 0x0000, 0x0000, 0x0000,
  0x0000, 0x0000, 0x0000, 0x0000, 0x0000, 0x0000, 0x0000, 0x0000, 0x0000, 0x0000, 0x0000, 0x0000,
  0x0000, 0x0000, 0x0000, 0x0000, 0x0000, 0x0000, 0x0000, 0x0000, 0x0000, 0x0000, 0x0000, 0x0000,
  0x0000, 0x0000, 0x0000, 0x0000, 0x0000, 0x0000, 0x0000, 0x0000, 0x0000, 0x0000, 0x0000, 0x0000,
  0x0000, 0x0000, 0x0000, 0x0000, 0x0000, 0x0000, 0x0000, 0x0000, 0x0000, 0x0000, 0x0000, 0x0000,
  0x0000, 0x0000, 0x0000, 0x0000, 0x0000, 0x0000, 0x0000, 0x08A4, 0x3C9C, 0x2AD2, 0x0000, 0x0021,
  0x0021, 0x0021, 0x0021, 0x0021, 0x0021, 0x0021, 0x0021, 0x0021, 0x0021, 0x0021, 0x0021, 0x0021,
  0x0021, 0x0021, 0x0021, 0x0021, 0x0021, 0x0021, 0x0021, 0x0021, 0x0021, 0x0021, 0x0021, 0x0021,
  0x0021, 0x0021, 0x0021, 0x0021, 0x0021, 0x0021, 0x0021, 0x0021, 0x0021, 0x0021, 0x0021, 0x0021,
  0x0021, 0x0021, 0x0021, 0x0021, 0x0021, 0x0021, 0x0021, 0x0021, 0x0021, 0x0021, 0x0021, 0x0021,
  0x0021, 0x0021, 0x0021, 0x0021, 0x0021, 0x0021, 0x0021, 0x0021, 0x0021, 0x0021, 0x0021, 0x0021,
  0x0021, 0x0021, 0x0021, 0x0021, 0x0021, 0x0021, 0x0021, 0x0021, 0x0021, 0x0021, 0x0021, 0x0021,
  0x0021, 0x0021, 0x0021, 0x0021, 0x0021, 0x0021, 0x0021, 0x0021, 0x0021, 0x0021, 0x0021, 0x0021,
  0x0021, 0x0021, 0x0021, 0x0021, 0x0021, 0x0001, 0x0842, 0x0863, 0x0001, 0x0022, 0x0021, 0x0022,
  0x0021, 0x0021, 0x0021, 0x0022, 0x0022, 0x0022, 0x0022, 0x0022, 0x0022, 0x0022, 0x0022, 0x0022,
  0x0022, 0x0022, 0x0022, 0x0022, 0x0022, 0x0022, 0x0022, 0x0022, 0x0022, 0x0022, 0x0022, 0x0021,
  0x0021, 0x0021, 0x0022, 0x0001, 0x31CA, 0x0042, 0x0001, 0x0021, 0x0021, 0x0022, 0x0021, 0x0021,
  0x0022, 0x0021, 0x0021, 0x0021, 0x0021, 0x0021, 0x10A4, 0x31CA, 0x39EC, 0x2128, 0x10A4, 0x29F2,
  0x21B0, 0x1970, 0x298C, 0x8C9A, 0xC5FD, 0xCE5E, 0xDEFF, 0xA539, 0x7BF2, 0xCE5D, 0xAD5A, 0x8415,
  0xBDDD, 0xC5FD, 0x9CFB, 0xB59D, 0xB57D, 0x94BB, 0x6354, 0x9D1B, 0xBDFC, 0x9D1C, 0x8C7C, 0x9CFD,
  0x5B75, 0x449C, 0x3419, 0x0062, 0x0000, 0x0000, 0x0000, 0x0000, 0x0000, 0x0000, 0x0000, 0x0000,
  0x0000, 0x0000, 0x0000, 0x0000, 0x0000, 0x0000, 0x0000, 0x0000, 0x0000, 0x0000, 0x0000, 0x0000,
  0x0000, 0x0000, 0x0000, 0x0000, 0x0000, 0x0000, 0x0000, 0x0000, 0x0000, 0x0000, 0x0000, 0x0000,
  0x0000, 0x0000, 0x0000, 0x0000, 0x0000, 0x0000, 0x0000, 0x0000, 0x0000, 0x0000, 0x0000, 0x0000,
  0x0000, 0x0000, 0x0000, 0x0000, 0x0000, 0x0000, 0x0000, 0x0000, 0x0000, 0x0000, 0x0000, 0x0000,
  0x0000, 0x0000, 0x0000, 0x0000, 0x0000, 0x0000, 0x0083, 0x3C7C, 0x2AF3, 0x0000, 0x0021, 0x0021,
  0x0021, 0x0021, 0x0021, 0x0021, 0x0021, 0x0021, 0x0021, 0x0021, 0x0021, 0x0021, 0x0021, 0x0021,
  0x0021, 0x0021, 0x0021, 0x0021, 0x0021, 0x0021, 0x0021, 0x0021, 0x0021, 0x0021, 0x0021, 0x0021,
  0x0021, 0x0021, 0x0021, 0x0021, 0x0021, 0x0021, 0x0021, 0x0021, 0x0021, 0x0021, 0x0021, 0x0021,
  0x0021, 0x0021, 0x0021, 0x0021, 0x0021, 0x0021, 0x0021, 0x0021, 0x0021, 0x0021, 0x0021, 0x0021,
  0x0021, 0x0021, 0x0021, 0x0021, 0x0021, 0x0021, 0x0021, 0x0021, 0x0021, 0x0021, 0x0021, 0x0021,
  0x0021, 0x0021, 0x0021, 0x0021, 0x0021, 0x0021, 0x0021, 0x0021, 0x0021, 0x0021, 0x0021, 0x0021,
  0x0021, 0x0021, 0x0021, 0x0021, 0x0021, 0x0021, 0x0021, 0x0021, 0x0021, 0x0021, 0x0021, 0x0021,
  0x0021, 0x0021, 0x0021, 0x0021, 0x0021, 0x0021, 0x0021, 0x0021, 0x0021, 0x0022, 0x0022, 0x0022,
  0x0022, 0x0021, 0x0021, 0x0021, 0x0021, 0x0022, 0x0022, 0x0022, 0x0022, 0x0022, 0x0021, 0x0021,
  0x0021, 0x0022, 0x0022, 0x0021, 0x0022, 0x0022, 0x0022, 0x0022, 0x0021, 0x0022, 0x0022, 0x0022,
  0x0021, 0x0021, 0x0021, 0x0022, 0x10A4, 0x0021, 0x0021, 0x0021, 0x0021, 0x0021, 0x0021, 0x0021,
  0x0022, 0x0021, 0x0021, 0x0021, 0x0021, 0x0021, 0x0042, 0x0001, 0x0000, 0x0021, 0x29AE, 0x1909,
  0x0065, 0x5B58, 0x9CFC, 0xA51D, 0xAD5C, 0xC61D, 0xCE5E, 0xBDFC, 0xD69D, 0xD69E, 0xB59A, 0xBDDD,
  0xAD3C, 0xC61D, 0x8CBA, 0x8439, 0xAD5D, 0x9CFA, 0x9CF9, 0xB5BD, 0xCE7E, 0xC61D, 0x7C1B, 0x73D9,
  0x4AB1, 0x7437, 0x657F, 0x2BD8, 0x0041, 0x0000, 0x0000, 0x0000, 0x0000, 0x0000, 0x0000, 0x0000,
  0x0000, 0x0000, 0x0000, 0x0000, 0x0000, 0x0000, 0x0000, 0x0000, 0x0000, 0x0000, 0x0000, 0x0000,
  0x0000, 0x0000, 0x0000, 0x0000, 0x0000, 0x0000, 0x0000, 0x0000, 0x0000, 0x0000, 0x0000, 0x0000,
  0x0000, 0x0000, 0x0000, 0x0000, 0x0000, 0x0000, 0x0000, 0x0000, 0x0000, 0x0000, 0x0000, 0x0000,
  0x0000, 0x0000, 0x0000, 0x0000, 0x0000, 0x0000, 0x0000, 0x0000, 0x0000, 0x0000, 0x0000, 0x0000,
  0x0000, 0x0000, 0x0000, 0x0000, 0x0000, 0x0042, 0x3C5B, 0x2B14, 0x0000, 0x0021, 0x0021, 0x0021,
  0x0021, 0x0021, 0x0021, 0x0021, 0x0021, 0x0021, 0x0021, 0x0021, 0x0021, 0x0021, 0x0021, 0x0021,
  0x0021, 0x0021, 0x0021, 0x0021, 0x0021, 0x0021, 0x0021, 0x0021, 0x0021, 0x0021, 0x0021, 0x0021,
  0x0021, 0x0021, 0x0021, 0x0021, 0x0021, 0x0021, 0x0021, 0x0021, 0x0021, 0x0021, 0x0021, 0x0021,
  0x0021, 0x0021, 0x0021, 0x0021, 0x0021, 0x0021, 0x0021, 0x0021, 0x0021, 0x0021, 0x0021, 0x0021,
  0x0021, 0x0021, 0x0021, 0x0021, 0x0021, 0x0021, 0x0021, 0x0021, 0x0021, 0x0021, 0x0021, 0x0021,
  0x0021, 0x0021, 0x0021, 0x0021, 0x0021, 0x0021, 0x0021, 0x0021, 0x0021, 0x0021, 0x0021, 0x0021,
  0x0021, 0x0021, 0x0021, 0x0021, 0x0021, 0x0021, 0x0021, 0x0021, 0x0021, 0x0021, 0x0021, 0x0021,
  0x0021, 0x0021, 0x0021, 0x0021, 0x0021, 0x0021, 0x0021, 0x0021, 0x0022, 0x0022, 0x0021, 0x0021,
  0x0021, 0x0021, 0x0021, 0x0021, 0x0022, 0x0021, 0x0022, 0x0022, 0x0022, 0x0022, 0x0021, 0x0022,
  0x0022, 0x0022, 0x0022, 0x0021, 0x0022, 0x0022, 0x0022, 0x0022, 0x0021, 0x0022, 0x0022, 0x0021,
  0x0021, 0x0021, 0x0021, 0x0022, 0x0021, 0x0022, 0x0022, 0x0022, 0x0021, 0x0022, 0x0021, 0x0021,
  0x0021, 0x0021, 0x0021, 0x0021, 0x0021, 0x0021, 0x0021, 0x0021, 0x0042, 0x10E7, 0x0884, 0x0000,
  0x4271, 0x847C, 0x94DC, 0x845A, 0xA51B, 0xBDDD, 0xB57C, 0x9CFA, 0xDEBE, 0xDEBE, 0x7C16, 0xA51B,
  0xB59C, 0xCE3E, 0x9CF9, 0x52F4, 0xAD7E, 0xC63D, 0xC61E, 0x6BB6, 0xAD5B, 0xC61D, 0x7C5D, 0x5B55,
  0x4AD2, 0x5B74, 0x9D5B, 0x4D1F, 0x2355, 0x0000, 0x0000, 0x0000, 0x0000, 0x0000, 0x0000, 0x0000,
  0x0000, 0x0000, 0x0000, 0x0000, 0x0000, 0x0000, 0x0000, 0x0000, 0x0000, 0x0000, 0x0000, 0x0000,
  0x0000, 0x0000, 0x0000, 0x0000, 0x0000, 0x0000, 0x0000, 0x0000, 0x0000, 0x0000, 0x0000, 0x0000,
  0x0000, 0x0000, 0x0000, 0x0000, 0x0000, 0x0000, 0x0000, 0x0000, 0x0000, 0x0000, 0x0000, 0x0000,
  0x0000, 0x0000, 0x0000, 0x0000, 0x0000, 0x0000, 0x0000, 0x0000, 0x0000, 0x0000, 0x0000, 0x0000,
  0x0000, 0x0000, 0x0000, 0x0000, 0x0021, 0x3419, 0x2B96, 0x0000, 0x0021, 0x0021, 0x0021, 0x0021,
  0x0021, 0x0021, 0x0021, 0x0021, 0x0021, 0x0021, 0x0021, 0x0021, 0x0021, 0x0021, 0x0021, 0x0021,
  0x0021, 0x0021, 0x0021, 0x0021, 0x0021, 0x0021, 0x0021, 0x0021, 0x0021, 0x0021, 0x0021, 0x0021,
  0x0021, 0x0021, 0x0021, 0x0021, 0x0021, 0x0021, 0x0021, 0x0021, 0x0021, 0x0021, 0x0021, 0x0021,
  0x0021, 0x0021, 0x0021, 0x0021, 0x0021, 0x0021, 0x0021, 0x0021, 0x0021, 0x0021, 0x0021, 0x0021,
  0x0021, 0x0021, 0x0021, 0x0021, 0x0021, 0x0021, 0x0021, 0x0021, 0x0021, 0x0021, 0x0021, 0x0021,
  0x0021, 0x0021, 0x0021, 0x0021, 0x0021, 0x0021, 0x0021, 0x0021, 0x0021, 0x0021, 0x0021, 0x0021,
  0x0021, 0x0021, 0x0021, 0x0021, 0x0021, 0x0021, 0x0021, 0x0021, 0x0021, 0x0021, 0x0021, 0x0021,
  0x0021, 0x0021, 0x0021, 0x0021, 0x0021, 0x0021, 0x0021, 0x0021, 0x0021, 0x0021, 0x0021, 0x0021,
  0x0021, 0x0021, 0x0022, 0x0021, 0x0021, 0x0022, 0x0021, 0x0021, 0x0021, 0x0022, 0x0022, 0x0022,
  0x0022, 0x0021, 0x0022, 0x0021, 0x0022, 0x0022, 0x0022, 0x0022, 0x0021, 0x0022, 0x0021, 0x0021,
  0x0022, 0x0021, 0x0022, 0x0021, 0x0022, 0x0022, 0x0022, 0x0021, 0x0021, 0x0021, 0x0021, 0x0021,
  0x0021, 0x0021, 0x0021, 0x0021, 0x0021, 0x0021, 0x0021, 0x0021, 0x0021, 0x0001, 0x0000, 0x39EE,
  0x845D, 0x845D, 0x52F3, 0x5AD0, 0xA51C, 0xB59D, 0x6B97, 0x6354, 0xCE5E, 0xCE3D, 0x7C5A, 0x8C9C,
  0xBDDD, 0xC5FD, 0xC61E, 0x73F9, 0x8478, 0xDEDE, 0xC61D, 0x52F2, 0x847B, 0xB59E, 0x4AD2, 0x6398,
  0x4271, 0x3251, 0x94F9, 0x9D9C, 0x44FF, 0x22D2, 0x0000, 0x0000, 0x0000, 0x0000, 0x0000, 0x0000,
  0x0000, 0x0000, 0x0000, 0x0000, 0x0000, 0x0000, 0x0000, 0x0000, 0x0000, 0x0000, 0x0000, 0x0000,
  0x0000, 0x0000, 0x0000, 0x0000, 0x0000, 0x0000, 0x0000, 0x0000, 0x0000, 0x0000, 0x0000, 0x0000,
  0x0000, 0x0000, 0x0000, 0x0000, 0x0000, 0x0000, 0x0000, 0x0000, 0x0000, 0x0000, 0x0000, 0x0000,
  0x0000, 0x0000, 0x0000, 0x0000, 0x0000, 0x0000, 0x0000, 0x0000, 0x0000, 0x0000, 0x0000, 0x0000,
  0x0000, 0x0000, 0x0000, 0x0000, 0x33B7, 0x3419, 0x0021, 0x0021, 0x0022, 0x0021, 0x0021, 0x0021,
  0x0021, 0x0021, 0x0021, 0x0021, 0x0021, 0x0021, 0x0021, 0x0021, 0x0021, 0x0021, 0x0021, 0x0021,
  0x0021, 0x0021, 0x0021, 0x0021, 0x0021, 0x0021, 0x0021, 0x0021, 0x0021, 0x0021, 0x0021, 0x0021,
  0x0021, 0x0021, 0x0021, 0x0021, 0x0021, 0x0021, 0x0021, 0x0021, 0x0021, 0x0021, 0x0021, 0x0021,
  0x0021, 0x0021, 0x0021, 0x0021, 0x0021, 0x0021, 0x0021, 0x0021, 0x0021, 0x0021, 0x0021, 0x0021,
  0x0021, 0x0021, 0x0021, 0x0021, 0x0021, 0x0021, 0x0021, 0x0021, 0x0021, 0x0021, 0x0021, 0x0021,
  0x0021, 0x0021, 0x0021, 0x0021, 0x0021, 0x0021, 0x0021, 0x0021, 0x0021, 0x0021, 0x0021, 0x0021,
  0x0021, 0x0021, 0x0021, 0x0021, 0x0021, 0x0021, 0x0021, 0x0021, 0x0021, 0x0021, 0x0021, 0x0021,
  0x0021, 0x0021, 0x0021, 0x0021, 0x0021, 0x0021, 0x0021, 0x0021, 0x0021, 0x0021, 0x0021, 0x0021,
  0x0021, 0x0021, 0x0021, 0x0021, 0x0021, 0x0022, 0x0022, 0x0021, 0x0021, 0x0021, 0x0022, 0x0022,
  0x0022, 0x0021, 0x0021, 0x0022, 0x0022, 0x0021, 0x0022, 0x0021, 0x0022, 0x0022, 0x0021, 0x0022,
  0x0021, 0x0021, 0x0021, 0x0022, 0x0021, 0x0021, 0x0021, 0x0021, 0x0021, 0x0021, 0x0021, 0x0021,
  0x0021, 0x0021, 0x0021, 0x0021, 0x0021, 0x0021, 0x0021, 0x0021, 0x0022, 0x0000, 0x2128, 0x7C5D,
  0x6B98, 0x298B, 0x1084, 0x8439, 0xA53D, 0xA4FB, 0x216D, 0x6B96, 0xB57D, 0xAD5C, 0x8C9C, 0x741A,
  0xB5BC, 0xBDDC, 0xBDDE, 0x7C16, 0x1907, 0xB5DD, 0xD69E, 0x9D1C, 0x6BDB, 0xA51D, 0x31CC, 0x4293,
  0x31CC, 0x0884, 0x6BF5, 0xC5FC, 0xAE1E, 0x44FF, 0x1A4E, 0x0000, 0x0000, 0x0000, 0x0000, 0x0000,
  0x0000, 0x0000, 0x0000, 0x0000, 0x0000, 0x0000, 0x0000, 0x0000, 0x0000, 0x0000, 0x0000, 0x0000,
  0x0000, 0x0000, 0x0000, 0x0000, 0x0000, 0x0000, 0x0000, 0x0000, 0x0000, 0x0000, 0x0000, 0x0000,
  0x0000, 0x0000, 0x0000, 0x0000, 0x0000, 0x0000, 0x0000, 0x0000, 0x0000, 0x0000, 0x0000, 0x0000,
  0x0000, 0x0000, 0x0000, 0x0000, 0x0000, 0x0000, 0x0000, 0x0000, 0x0000, 0x0000, 0x0000, 0x0000,
  0x0000, 0x0000, 0x0000, 0x2B13, 0x3C7B, 0x0042, 0x0001, 0x0022, 0x0021, 0x0021, 0x0021, 0x0021,
  0x0021, 0x0021, 0x0021, 0x0021, 0x0021, 0x0021, 0x0021, 0x0021, 0x0021, 0x0021, 0x0021, 0x0021,
  0x0021, 0x0021, 0x0021, 0x0021, 0x0021, 0x0021, 0x0021, 0x0021, 0x0021, 0x0021, 0x0021, 0x0021,
  0x0021, 0x0021, 0x0021, 0x0021, 0x0021, 0x0021, 0x0021, 0x0021, 0x0021, 0x0021, 0x0021, 0x0021,
  0x0021, 0x0021, 0x0021, 0x0021, 0x0021, 0x0021, 0x0021, 0x0021, 0x0021, 0x0021, 0x0021, 0x0021,
  0x0021, 0x0021, 0x0021, 0x0021, 0x0021, 0x0021, 0x0021, 0x0021, 0x0021, 0x0021, 0x0021, 0x0021,
  0x0021, 0x0021, 0x0021, 0x0021, 0x0021, 0x0021, 0x0021, 0x0021, 0x0021, 0x0021, 0x0021, 0x0021,
  0x0021, 0x0021, 0x0021, 0x0021, 0x0021, 0x0021, 0x0021, 0x0021, 0x0021, 0x0021, 0x0021, 0x0021,
  0x0021, 0x0021, 0x0021, 0x0021, 0x0021, 0x0021, 0x0021, 0x0021, 0x0021, 0x0021, 0x0022, 0x0021,
  0x0022, 0x0021, 0x0021, 0x0021, 0x0021, 0x0021, 0x0022, 0x0022, 0x0021, 0x0021, 0x0022, 0x0021,
  0x0021, 0x0021, 0x0021, 0x0022, 0x0021, 0x0022, 0x0022, 0x0021, 0x0022, 0x0021, 0x0022, 0x0022,
  0x0021, 0x0021, 0x0021, 0x0021, 0x0022, 0x0021, 0x0021, 0x0021, 0x0021, 0x0021, 0x0021, 0x0021,
  0x0021, 0x0021, 0x0021, 0x0021, 0x0021, 0x0021, 0x0021, 0x0022, 0x0001, 0x10C5, 0x73D9, 0x424F,
  0x0842, 0x0000, 0x426F, 0x8CBD, 0x9CFD, 0x5314, 0x1990, 0x7BF8, 0xAD5D, 0xA51C, 0x6BB9, 0x3232,
  0x9CFC, 0xAD7D, 0x6376, 0x8458, 0x3A0D, 0x8C99, 0xDEDF, 0x9D1C, 0x5B7B, 0x847B, 0x18E6, 0x3211,
  0x4270, 0x0000, 0x4B11, 0xB5BB, 0xE6FE, 0x9DFE, 0x349E, 0x11AA, 0x0000, 0x0000, 0x0000, 0x0000,
  0x0000, 0x0000, 0x0000, 0x0000, 0x0000, 0x0000, 0x0000, 0x0000, 0x0000, 0x0000, 0x0000, 0x0000,
  0x0000, 0x0000, 0x0000, 0x0000, 0x0000, 0x0000, 0x0000, 0x0000, 0x0000, 0x0000, 0x0000, 0x0000,
  0x0000, 0x0000, 0x0000, 0x0000, 0x0000, 0x0000, 0x0000, 0x0000, 0x0000, 0x0000, 0x0000, 0x0000,
  0x0000, 0x0000, 0x0000, 0x0000, 0x0000, 0x0000, 0x0000, 0x0000, 0x0000, 0x0000, 0x0000, 0x0000,
  0x0000, 0x0000, 0x1A4E, 0x3CBE, 0x08A4, 0x0000, 0x0022, 0x0021, 0x0021, 0x0021, 0x0021, 0x0021,
  0x0021, 0x0021, 0x0021, 0x0021, 0x0021, 0x0021, 0x0021, 0x0021, 0x0021, 0x0021, 0x0021, 0x0021,
  0x0021, 0x0021, 0x0021, 0x0021, 0x0021, 0x0021, 0x0021, 0x0021, 0x0021, 0x0021, 0x0021, 0x0021,
  0x0021, 0x0021, 0x0021, 0x0021, 0x0021, 0x0021, 0x0021, 0x0021, 0x0021, 0x0021, 0x0021, 0x0021,
  0x0021, 0x0021, 0x0021, 0x0021, 0x0021, 0x0021, 0x0021, 0x0021, 0x0021, 0x0021, 0x0021, 0x0021,
  0x0021, 0x0021, 0x0021, 0x0021, 0x0021, 0x0021, 0x0021, 0x0021, 0x0021, 0x0021, 0x0021, 0x0021,
  0x0021, 0x0021, 0x0021, 0x0021, 0x0021, 0x0021, 0x0021, 0x0021, 0x0021, 0x0021, 0x0021, 0x0021,
  0x0021, 0x0021, 0x0021, 0x0021, 0x0021, 0x0021, 0x0021, 0x0021, 0x0021, 0x0021, 0x0021, 0x0021,
  0x0021, 0x0021, 0x0021, 0x0021, 0x0021, 0x0021, 0x0021, 0x0021, 0x0021, 0x0021, 0x0021, 0x0021,
  0x0022, 0x0021, 0x0021, 0x0021, 0x0022, 0x0022, 0x0021, 0x0021, 0x0021, 0x0021, 0x0021, 0x0022,
  0x0022, 0x0022, 0x0021, 0x0021, 0x0021, 0x0022, 0x0022, 0x0021, 0x0021, 0x0022, 0x0021, 0x0021,
  0x0021, 0x0021, 0x0022, 0x0021, 0x0021, 0x0021, 0x0022, 0x0021, 0x0021, 0x0021, 0x0021, 0x0022,
  0x0022, 0x0022, 0x0021, 0x0001, 0x0001, 0x0001, 0x0021, 0x0022, 0x0863, 0x424D, 0x1907, 0x0000,
  0x0000, 0x10A4, 0x5B38, 0x7C3D, 0x6356, 0x42D6, 0x741D, 0x8C9A, 0xAD9D, 0x94DB, 0x214C, 0x3277,
  0x6BB9, 0x7C5D, 0x5B34, 0x52F1, 0x8459, 0x9CFB, 0xBDDD, 0x7C5B, 0x5B7A, 0x5B59, 0x1905, 0x0000,
  0x29CC, 0x196A, 0x42D1, 0xA55A, 0xCE5D, 0xE6FE, 0x755D, 0x349D, 0x1106, 0x0000, 0x0000, 0x0000,
  0x0000, 0x0000, 0x0000, 0x0000, 0x0000, 0x0000, 0x0000, 0x0000, 0x0000, 0x0000, 0x0000, 0x0000,
  0x0000, 0x0000, 0x0000, 0x0000, 0x0000, 0x0000, 0x0000, 0x0000, 0x0000, 0x0000, 0x0000, 0x0000,
  0x0000, 0x0000, 0x0000, 0x0000, 0x0000, 0x0000, 0x0000, 0x0000, 0x0000, 0x0000, 0x0000, 0x0000,
  0x0000, 0x0000, 0x0000, 0x0000, 0x0000, 0x0000, 0x0000, 0x0000, 0x0000, 0x0000, 0x0000, 0x0000,
  0x0000, 0x118A, 0x451F, 0x1148, 0x0000, 0x0022, 0x0021, 0x0021, 0x0021, 0x0021, 0x0021, 0x0021,
  0x0021, 0x0021, 0x0021, 0x0021, 0x0021, 0x0021, 0x0021, 0x0021, 0x0021, 0x0021, 0x0021, 0x0021,
  0x0021, 0x0021, 0x0021, 0x0021, 0x0021, 0x0021, 0x0021, 0x0021, 0x0021, 0x0021, 0x0021, 0x0021,
  0x0021, 0x0021, 0x0021, 0x0021, 0x0021, 0x0021, 0x0021, 0x0021, 0x0021, 0x0021, 0x0021, 0x0021,
  0x0021, 0x0021, 0x0021, 0x0021, 0x0021, 0x0021, 0x0021, 0x0021, 0x0021, 0x0021, 0x0021, 0x0021,
  0x0021, 0x0021, 0x0021, 0x0021, 0x0021, 0x0021, 0x0021, 0x0021, 0x0021, 0x0021, 0x0021, 0x0021,
  0x0021, 0x0021, 0x0021, 0x0021, 0x0021, 0x0021, 0x0021, 0x0021, 0x0021, 0x0021, 0x0021, 0x0021,
  0x0021, 0x0021, 0x0021, 0x0021, 0x0021, 0x0021, 0x0021, 0x0021, 0x0021, 0x0021, 0x0021, 0x0021,
  0x0021, 0x0021, 0x0021, 0x0021, 0x0021, 0x0021, 0x0021, 0x0021, 0x0022, 0x0021, 0x0022, 0x0022,
  0x0021, 0x0021, 0x0021, 0x0021, 0x0021, 0x0022, 0x0022, 0x0021, 0x0021, 0x0022, 0x0022, 0x0021,
  0x0022, 0x0022, 0x0021, 0x0021, 0x0021, 0x0021, 0x0021, 0x0022, 0x0021, 0x0022, 0x0021, 0x0021,
  0x0021, 0x0022, 0x0022, 0x0021, 0x0021, 0x0021, 0x0022, 0x0021, 0x0021, 0x0021, 0x0021, 0x0000,
  0x0000, 0x0000, 0x0001, 0x0863, 0x1083, 0x10A4, 0x0863, 0x0000, 0x0862, 0x0042, 0x0001, 0x0022,
  0x0000, 0x216A, 0x73FD, 0x6BDB, 0x4292, 0x5336, 0x2127, 0x5B13, 0x94FC, 0x847B, 0x3A74, 0x3A96,
  0x4AF6, 0x63DC, 0x9D1B, 0x6397, 0x94BC, 0x94DC, 0x8CBC, 0x741B, 0x9D1A, 0x4B18, 0x4291, 0x10E5,
  0x18E6, 0x7C1A, 0x4B55, 0x7C36, 0xBDDC, 0xDEDE, 0xD6BC, 0x5CFD, 0x341A, 0x0063, 0x0000, 0x0000,
  0x0000, 0x0000, 0x0000, 0x0000, 0x0000, 0x0000, 0x0000, 0x0000, 0x0000, 0x0000, 0x0000, 0x0000,
  0x0000, 0x0000, 0x0000, 0x0000, 0x0000, 0x0000, 0x0000, 0x0000, 0x0000, 0x0000, 0x0000, 0x0000,
  0x0000, 0x0000, 0x0000, 0x0000, 0x0000, 0x0000, 0x0000, 0x0000, 0x0000, 0x0000, 0x0000, 0x0000,
  0x0000, 0x0000, 0x0000, 0x0000, 0x0000, 0x0000, 0x0000, 0x0000, 0x0000, 0x0000, 0x0000, 0x0000,
  0x08C4, 0x44FE, 0x1A0D, 0x0000, 0x0022, 0x0021, 0x0021, 0x0021, 0x0021, 0x0021, 0x0021, 0x0021,
  0x0021, 0x0021, 0x0021, 0x0021, 0x0021, 0x0021, 0x0021, 0x0021, 0x0021, 0x0021, 0x0021, 0x0021,
  0x0021, 0x0021, 0x0021, 0x0021, 0x0021, 0x0021, 0x0021, 0x0021, 0x0021, 0x0021, 0x0021, 0x0021,
  0x0021, 0x0021, 0x0021, 0x0021, 0x0021, 0x0021, 0x0021, 0x0021, 0x0021, 0x0021, 0x0021, 0x0021,
  0x0021, 0x0021, 0x0021, 0x0021, 0x0021, 0x0021, 0x0021, 0x0021, 0x0021, 0x0021, 0x0021, 0x0021,
  0x0021, 0x0021, 0x0021, 0x0021, 0x0021, 0x0021, 0x0021, 0x0021, 0x0021, 0x0021, 0x0021, 0x0021,
  0x0021, 0x0021, 0x0021, 0x0021, 0x0021, 0x0021, 0x0021, 0x0021, 0x0021, 0x0021, 0x0021, 0x0021,
  0x0021, 0x0021, 0x0021, 0x0021, 0x0021, 0x0021, 0x0021, 0x0021, 0x0021, 0x0021, 0x0021, 0x0021,
  0x0021, 0x0021, 0x0021, 0x0021, 0x0021, 0x0021, 0x0021, 0x0021, 0x0022, 0x0021, 0x0021, 0x0022,
  0x0022, 0x0021, 0x0022, 0x0021, 0x0021, 0x0021, 0x0021, 0x0022, 0x0021, 0x0021, 0x0021, 0x0022,
  0x0021, 0x0021, 0x0022, 0x0021, 0x0021, 0x0021, 0x0021, 0x0021, 0x0021, 0x0021, 0x0021, 0x0022,
  0x0021, 0x0022, 0x0021, 0x0022, 0x0021, 0x0022, 0x0021, 0x0021, 0x0021, 0x0021, 0x0022, 0x18C5,
  0x39EB, 0x5AD2, 0x6B96, 0x7BF9, 0x841A, 0x949A, 0x9CD9, 0x7393, 0x18E5, 0x0000, 0x0000, 0x0862,
  0x2967, 0x6BB6, 0x6B99, 0x10C6, 0x1929, 0x10A4, 0x0000, 0x5315, 0x9D1D, 0x6396, 0x3A95, 0x7C5B,
  0x6BF9, 0x63DB, 0xB5BC, 0x63BB, 0x73FB, 0x8C7C, 0x6BDB, 0x8CDC, 0xC63C, 0x6C1A, 0x21F0, 0x3A2E,
  0x7C5A, 0x5B13, 0x42F4, 0x6394, 0xAD9B, 0xCE9D, 0xDEFD, 0x8CD8, 0x3C7E, 0x2B96, 0x0000, 0x0000,
  0x0000, 0x0000, 0x0000, 0x0000, 0x0000, 0x0000, 0x0000, 0x0000, 0x0000, 0x0000, 0x0000, 0x0000,
  0x0000, 0x0000, 0x0000, 0x0000, 0x0000, 0x0000, 0x0000, 0x0000, 0x0000, 0x0000, 0x0000, 0x0000,
  0x0000, 0x0000, 0x0000, 0x0000, 0x0000, 0x0000, 0x0000, 0x0000, 0x0000, 0x0000, 0x0000, 0x0000,
  0x0000, 0x0000, 0x0000, 0x0000, 0x0000, 0x0000, 0x0000, 0x0000, 0x0000, 0x0000, 0x0000, 0x0021,
  0x3C7B, 0x2AF3, 0x0000, 0x0022, 0x0021, 0x0021, 0x0021, 0x0021, 0x0021, 0x0021, 0x0021, 0x0021,
  0x0021, 0x0021, 0x0021, 0x0021, 0x0021, 0x0021, 0x0021, 0x0021, 0x0021, 0x0021, 0x0021, 0x0021,
  0x0021, 0x0021, 0x0021, 0x0021, 0x0021, 0x0021, 0x0021, 0x0021, 0x0021, 0x0021, 0x0021, 0x0021,
  0x0021, 0x0021, 0x0021, 0x0021, 0x0021, 0x0021, 0x0021, 0x0021, 0x0021, 0x0021, 0x0021, 0x0021,
  0x0021, 0x0021, 0x0021, 0x0021, 0x0021, 0x0021, 0x0021, 0x0021, 0x0021, 0x0021, 0x0021, 0x0021,
  0x0021, 0x0021, 0x0021, 0x0021, 0x0021, 0x0021, 0x0021, 0x0021, 0x0021, 0x0021, 0x0021, 0x0021,
  0x0021, 0x0021, 0x0021, 0x0021, 0x0021, 0x0021, 0x0021, 0x0021, 0x0021, 0x0021, 0x0021, 0x0021,
  0x0021, 0x0021, 0x0021, 0x0021, 0x0021, 0x0021, 0x0021, 0x0021, 0x0021, 0x0021, 0x0021, 0x0021,
  0x0021, 0x0021, 0x0021, 0x0021, 0x0021, 0x0021, 0x0021, 0x0021, 0x0021, 0x0021, 0x0021, 0x0021,
  0x0021, 0x0021, 0x0022, 0x0021, 0x0021, 0x0022, 0x0022, 0x0021, 0x0022, 0x0022, 0x0021, 0x0021,
  0x0021, 0x0021, 0x0021, 0x0021, 0x0021, 0x0021, 0x0021, 0x0021, 0x0022, 0x0021, 0x0022, 0x0022,
  0x0021, 0x0022, 0x0021, 0x0021, 0x0021, 0x0021, 0x0021, 0x0021, 0x0021, 0x0022, 0x10C5, 0x3A0C,
  0x5B12, 0x6BB7, 0x7BF9, 0x8C5B, 0x8C7C, 0x9CDD, 0xAD3D, 0xBDDF, 0x8C77, 0x2126, 0x31A8, 0x2987,
  0x4A8D, 0x7C3C, 0x52F2, 0x5AF0, 0x5AF1, 0x10A4, 0x08C8, 0x5B78, 0x8C9C, 0x5358, 0x2A11, 0x4B17,
  0x6BD8, 0x7C7C, 0xAD7D, 0x8477, 0x5315, 0x8C9C, 0x73FB, 0x5B76, 0xBE1C, 0x9D5C, 0x110A, 0x0884,
  0x42D3, 0x4290, 0x192A, 0x3A6F, 0x959B, 0xB65C, 0xD6FE, 0xBDDB, 0x3AD4, 0x3C7D, 0x22B0, 0x0000,
  0x0000, 0x0000, 0x0000, 0x0000, 0x0000, 0x0000, 0x0000, 0x0000, 0x0000, 0x0000, 0x0000, 0x0000,
  0x0000, 0x0000, 0x0000, 0x0000, 0x0000, 0x0000, 0x0000, 0x0000, 0x0000, 0x0000, 0x0000, 0x0000,
  0x0000, 0x0000, 0x0000, 0x0000, 0x0000, 0x0000, 0x0000, 0x0000, 0x0000, 0x0000, 0x0000, 0x0000,
  0x0000, 0x0000, 0x0000, 0x0000, 0x0000, 0x0000, 0x0000, 0x0000, 0x0000, 0x0000, 0x0000, 0x3395,
  0x3C19, 0x0000, 0x0021, 0x0021, 0x0021, 0x0021, 0x0021, 0x0021, 0x0021, 0x0021, 0x0021, 0x0021,
  0x0021, 0x0021, 0x0021, 0x0021, 0x0021, 0x0021, 0x0021, 0x0021, 0x0021, 0x0021, 0x0021, 0x0021,
  0x0021, 0x0021, 0x0021, 0x0021, 0x0021, 0x0021, 0x0021, 0x0021, 0x0021, 0x0021, 0x0021, 0x0021,
  0x0021, 0x0021, 0x0021, 0x0021, 0x0021, 0x0021, 0x0021, 0x0021, 0x0021, 0x0021, 0x0021, 0x0021,
  0x0021, 0x0021, 0x0021, 0x0021, 0x0021, 0x0021, 0x0021, 0x0021, 0x0021, 0x0021, 0x0021, 0x0021,
  0x0021, 0x0021, 0x0021, 0x0021, 0x0021, 0x0021, 0x0021, 0x0021, 0x0021, 0x0021, 0x0021, 0x0021,
  0x0021, 0x0021, 0x0021, 0x0021, 0x0021, 0x0021, 0x0021, 0x0021, 0x0021, 0x0021, 0x0021, 0x0021,
  0x0021, 0x0021, 0x0021, 0x0021, 0x0021, 0x0021, 0x0021, 0x0021, 0x0021, 0x0021, 0x0021, 0x0021,
  0x0021, 0x0021, 0x0021, 0x0021, 0x0021, 0x0021, 0x0021, 0x0021, 0x0021, 0x0021, 0x0021, 0x0022,
  0x0022, 0x0022, 0x0021, 0x0022, 0x0021, 0x0022, 0x0022, 0x0021, 0x0021, 0x0021, 0x0021, 0x0021,
  0x0021, 0x0021, 0x0021, 0x0021, 0x0021, 0x0021, 0x0021, 0x0021, 0x0022, 0x0022, 0x0021, 0x0021,
  0x0021, 0x0021, 0x0021, 0x0021, 0x0021, 0x0021, 0x0021, 0x0021, 0x0021, 0x0022, 0x0021, 0x0000,
  0x0000, 0x0000, 0x0042, 0x0864, 0x10A4, 0x39CA, 0x6311, 0x424C, 0x2988, 0x4AAD, 0x10C5, 0x0000,
  0x6356, 0x4AD3, 0x6351, 0xA53C, 0xA55D, 0x9D3E, 0x52D2, 0x4272, 0x5B38, 0x08A8, 0x08C9, 0x3273,
  0x6C1A, 0x5B77, 0x951B, 0xCE5B, 0x5B55, 0x7C7C, 0x73D8, 0x218B, 0x951A, 0xADBB, 0x196A, 0x3253,
  0x0043, 0x2169, 0x63B8, 0x4AF2, 0x8D19, 0xC65D, 0xE71E, 0xCE7D, 0x5B13, 0x4B35, 0x557F, 0x11AA,
  0x0000, 0x0000, 0x0000, 0x0000, 0x0000, 0x0000, 0x0000, 0x0000, 0x0000, 0x0000, 0x0000, 0x0000,
  0x0000, 0x0000, 0x0000, 0x0000, 0x0000, 0x0000, 0x0000, 0x0000, 0x0000, 0x0000, 0x0000, 0x0000,
  0x0000, 0x0000, 0x0000, 0x0000, 0x0000, 0x0000, 0x0000, 0x0000, 0x0000, 0x0000, 0x0000, 0x0000,
  0x0000, 0x0000, 0x0000, 0x0000, 0x0000, 0x0000, 0x0000, 0x0000, 0x0000, 0x0000, 0x1A2D, 0x44FE,
  0x0884, 0x0000, 0x0022, 0x0021, 0x0021, 0x0021, 0x0021, 0x0021, 0x0021, 0x0021, 0x0021, 0x0021,
  0x0021, 0x0021, 0x0021, 0x0021, 0x0021, 0x0021, 0x0021, 0x0021, 0x0021, 0x0021, 0x0021, 0x0021,
  0x0021, 0x0021, 0x0021, 0x0021, 0x0021, 0x0021, 0x0021, 0x0021, 0x0021, 0x0021, 0x0021, 0x0021,
  0x0021, 0x0021, 0x0021, 0x0021, 0x0021, 0x0021, 0x0021, 0x0021, 0x0021, 0x0021, 0x0021, 0x0021,
  0x0021, 0x0021, 0x0021, 0x0021, 0x0021, 0x0021, 0x0021, 0x0021, 0x0021, 0x0021, 0x0021, 0x0021,
  0x0021, 0x0021, 0x0021, 0x0021, 0x0021, 0x0021, 0x0021, 0x0021, 0x0021, 0x0021, 0x0021, 0x0021,
  0x0021, 0x0021, 0x0021, 0x0021, 0x0021, 0x0021, 0x0021, 0x0021, 0x0021, 0x0021, 0x0021, 0x0021,
  0x0021, 0x0021, 0x0021, 0x0021, 0x0021, 0x0021, 0x0021, 0x0021, 0x0021, 0x0021, 0x0021, 0x0021,
  0x0021, 0x0021, 0x0021, 0x0021, 0x0021, 0x0021, 0x0021, 0x0021, 0x0021, 0x0022, 0x0022, 0x0022,
  0x0021, 0x0021, 0x0022, 0x0021, 0x0021, 0x0021, 0x0021, 0x0021, 0x0022, 0x0021, 0x0021, 0x0022,
  0x0021, 0x0021, 0x0021, 0x0022, 0x0022, 0x0022, 0x0021, 0x0021, 0x0021, 0x0021, 0x0022, 0x0021,
  0x0022, 0x0021, 0x0022, 0x0021, 0x0022, 0x0021, 0x0021, 0x0021, 0x0021, 0x0021, 0x0021, 0x0022,
  0x0042, 0x0000, 0x0000, 0x2968, 0x73B3, 0xAD3A, 0xCE1E, 0x7C14, 0x2126, 0x4A8D, 0x0000, 0x2969,
  0x94DD, 0xA519, 0xAD5B, 0xA51C, 0x422D, 0x4A8F, 0x6B97, 0x639A, 0x4AD5, 0x1907, 0x194C, 0x3273,
  0x5BBA, 0x29CD, 0x6BD6, 0xCE7E, 0x743A, 0x7C5D, 0x52F3, 0x1969, 0x5374, 0xB5FD, 0x6396, 0x3299,
  0x3231, 0x0863, 0x4AF5, 0x5B97, 0x7436, 0xC61D, 0xDEDE, 0xDEDE, 0x849A, 0x6B99, 0x4BDB, 0x349C,
  0x08A4, 0x0000, 0x0000, 0x0000, 0x0000, 0x0000, 0x0000, 0x0000, 0x0000, 0x0000, 0x0000, 0x0000,
  0x0000, 0x0000, 0x0000, 0x0000, 0x0000, 0x0000, 0x0000, 0x0000, 0x0000, 0x0000, 0x0000, 0x0000,
  0x0000, 0x0000, 0x0000, 0x0000, 0x0000, 0x0000, 0x0000, 0x0000, 0x0000, 0x0000, 0x0000, 0x0000,
  0x0000, 0x0000, 0x0000, 0x0000, 0x0000, 0x0000, 0x0000, 0x0000, 0x0000, 0x0906, 0x451F, 0x1169,
  0x0000, 0x0022, 0x0021, 0x0021, 0x0021, 0x0021, 0x0021, 0x0021, 0x0021, 0x0021, 0x0021, 0x0021,
  0x0021, 0x0021, 0x0021, 0x0021, 0x0021, 0x0021, 0x0021, 0x0021, 0x0021, 0x0021, 0x0021, 0x0021,
  0x0021, 0x0021, 0x0021, 0x0021, 0x0021, 0x0021, 0x0021, 0x0021, 0x0021, 0x0021, 0x0021, 0x0021,
  0x0021, 0x0021, 0x0021, 0x0021, 0x0021, 0x0021, 0x0021, 0x0021, 0x0021, 0x0021, 0x0021, 0x0021,
  0x0021, 0x0021, 0x0021, 0x0021, 0x0021, 0x0021, 0x0021, 0x0021, 0x0021, 0x0021, 0x0021, 0x0021,
  0x0021, 0x0021, 0x0021, 0x0021, 0x0021, 0x0021, 0x0021, 0x0021, 0x0021, 0x0021, 0x0021, 0x0021,
  0x0021, 0x0021, 0x0021, 0x0021, 0x0021, 0x0021, 0x0021, 0x0021, 0x0021, 0x0021, 0x0021, 0x0021,
  0x0021, 0x0021, 0x0021, 0x0021, 0x0021, 0x0021, 0x0021, 0x0021, 0x0021, 0x0021, 0x0021, 0x0021,
  0x0021, 0x0021, 0x0021, 0x0021, 0x0021, 0x0021, 0x0021, 0x0021, 0x0021, 0x0021, 0x0021, 0x0021,
  0x0022, 0x0022, 0x0021, 0x0021, 0x0022, 0x0021, 0x0021, 0x0021, 0x0022, 0x0021, 0x0021, 0x0021,
  0x0021, 0x0021, 0x0021, 0x0001, 0x0001, 0x0001, 0x0001, 0x0021, 0x0021, 0x0022, 0x0021, 0x0021,
  0x0022, 0x0021, 0x0021, 0x0021, 0x0021, 0x0021, 0x0021, 0x0021, 0x0021, 0x0021, 0x0022, 0x0022,
  0x0000, 0x18E5, 0x7394, 0xAD5D, 0xBDFE, 0xCE3E, 0xCE5E, 0xA519, 0x6B71, 0xC5FE, 0x2126, 0x4A90,
  0xA53C, 0xCE3D, 0xA53C, 0xA53E, 0x7C18, 0x0021, 0x0022, 0x42B6, 0x5B57, 0x42F6, 0x5336, 0x4B17,
  0x3251, 0x0000, 0x216A, 0xADBD, 0x743B, 0x639B, 0x3AB2, 0x198B, 0x1907, 0xA57C, 0x9D19, 0x21F1,
  0x21CF, 0x3252, 0x5336, 0x3AB3, 0x6394, 0xBDDC, 0xD69E, 0xCE9E, 0xB5DC, 0x4AD5, 0x6B98, 0x5D3F,
  0x2BB7, 0x0020, 0x0000, 0x0000, 0x0000, 0x0000, 0x0000, 0x0000, 0x0000, 0x0000, 0x0000, 0x0000,
  0x0000, 0x0000, 0x0000, 0x0000, 0x0000, 0x0000, 0x0000, 0x0000, 0x0000, 0x0000, 0x0000, 0x0000,
  0x0000, 0x0000, 0x0000, 0x0000, 0x0000, 0x0000, 0x0000, 0x0000, 0x0000, 0x0000, 0x0000, 0x0000,
  0x0000, 0x0000, 0x0000, 0x0000, 0x0000, 0x0000, 0x0000, 0x0000, 0x0041, 0x3C7B, 0x22B1, 0x0000,
  0x0022, 0x0021, 0x0021, 0x0021, 0x0021, 0x0021, 0x0021, 0x0021, 0x0021, 0x0021, 0x0021, 0x0021,
  0x0021, 0x0021, 0x0021, 0x0021, 0x0021, 0x0021, 0x0021, 0x0021, 0x0021, 0x0021, 0x0021, 0x0021,
  0x0021, 0x0021, 0x0021, 0x0021, 0x0021, 0x0021, 0x0021, 0x0021, 0x0021, 0x0021, 0x0021, 0x0021,
  0x0021, 0x0021, 0x0021, 0x0021, 0x0021, 0x0021, 0x0021, 0x0021, 0x0021, 0x0021, 0x0021, 0x0021,
  0x0021, 0x0021, 0x0021, 0x0021, 0x0021, 0x0021, 0x0021, 0x0021, 0x0021, 0x0021, 0x0021, 0x0021,
  0x0021, 0x0021, 0x0021, 0x0021, 0x0021, 0x0021, 0x0021, 0x0021, 0x0021, 0x0021, 0x0021, 0x0021,
  0x0021, 0x0021, 0x0021, 0x0021, 0x0021, 0x0021, 0x0021, 0x0021, 0x0021, 0x0021, 0x0021, 0x0021,
  0x0021, 0x0021, 0x0021, 0x0021, 0x0021, 0x0021, 0x0021, 0x0021, 0x0021, 0x0021, 0x0021, 0x0021,
  0x0021, 0x0021, 0x0021, 0x0021, 0x0021, 0x0021, 0x0021, 0x0021, 0x0021, 0x0021, 0x0022, 0x0021,
  0x0021, 0x0022, 0x0021, 0x0021, 0x0021, 0x0021, 0x0021, 0x0021, 0x0022, 0x0022, 0x0021, 0x0021,
  0x0021, 0x0021, 0x0021, 0x0883, 0x10A3, 0x18E4, 0x10C4, 0x0021, 0x0021, 0x0021, 0x0021, 0x0021,
  0x0021, 0x0021, 0x0021, 0x0021, 0x0021, 0x0021, 0x0021, 0x0021, 0x0021, 0x0022, 0x0021, 0x0000,
  0x3A0D, 0x845B, 0xA4FD, 0xAD5C, 0xB57C, 0xB57C, 0xBDDD, 0xA4F9, 0xA4D9, 0xCE3F, 0x5AEF, 0x52D3,
  0x6B94, 0xB5BD, 0x8C79, 0x6BB8, 0x8CBE, 0x4272, 0x116F, 0x2A55, 0x2A11, 0x2A11, 0x110A, 0x3230,
  0x31EB, 0x1905, 0x08A4, 0x8498, 0x8CDD, 0x5B78, 0x0022, 0x0863, 0x1948, 0x7C58, 0xBE1C, 0x4AB1,
  0x0002, 0x0021, 0x29EE, 0x2A54, 0x3AB2, 0x9D19, 0xC65D, 0xEF3F, 0xC67E, 0x4AD5, 0x6B76, 0x8CDB,
  0x4D1F, 0x1A4F, 0x0000, 0x0000, 0x0000, 0x0000, 0x0000, 0x0000, 0x0000, 0x0000, 0x0000, 0x0000,
  0x0000, 0x0000, 0x0000, 0x0000, 0x0000, 0x0000, 0x0000, 0x0000, 0x0000, 0x0000, 0x0000, 0x0000,
  0x0000, 0x0000, 0x0000, 0x0000, 0x0000, 0x0000, 0x0000, 0x0000, 0x0000, 0x0000, 0x0000, 0x0000,
  0x0000, 0x0000, 0x0000, 0x0000, 0x0000, 0x0000, 0x0000, 0x0000, 0x2B34, 0x3419, 0x0000, 0x0021,
  0x0021, 0x0021, 0x0021, 0x0021, 0x0021, 0x0021, 0x0021, 0x0021, 0x0021, 0x0021, 0x0021, 0x0021,
  0x0021, 0x0021, 0x0021, 0x0021, 0x0021, 0x0021, 0x0021, 0x0021, 0x0021, 0x0021, 0x0021, 0x0021,
  0x0021, 0x0021, 0x0021, 0x0021, 0x0021, 0x0021, 0x0021, 0x0021, 0x0021, 0x0021, 0x0021, 0x0021,
  0x0021, 0x0021, 0x0021, 0x0021, 0x0021, 0x0021, 0x0021, 0x0021, 0x0021, 0x0021, 0x0021, 0x0021,
  0x0021, 0x0021, 0x0021, 0x0021, 0x0021, 0x0021, 0x0021, 0x0021, 0x0021, 0x0021, 0x0021, 0x0021,
  0x0021, 0x0021, 0x0021, 0x0021, 0x0021, 0x0021, 0x0021, 0x0021, 0x0021, 0x0021, 0x0021, 0x0021,
  0x0021, 0x0021, 0x0021, 0x0021, 0x0021, 0x0021, 0x0021, 0x0021, 0x0021, 0x0021, 0x0021, 0x0021,
  0x0021, 0x0021, 0x0021, 0x0021, 0x0021, 0x0021, 0x0021, 0x0021, 0x0021, 0x0021, 0x0021, 0x0021,
  0x0021, 0x0021, 0x0021, 0x0021, 0x0021, 0x0021, 0x0021, 0x0021, 0x0022, 0x0021, 0x0021, 0x0021,
  0x0021, 0x0022, 0x0021, 0x0022, 0x0021, 0x0021, 0x0021, 0x0021, 0x0021, 0x0021, 0x0021, 0x0021,
  0x0001, 0x0021, 0x0021, 0x0862, 0x426B, 0x4A8B, 0x0862, 0x0022, 0x0021, 0x0021, 0x0021, 0x0021,
  0x0021, 0x0021, 0x0021, 0x0021, 0x0021, 0x0021, 0x0021, 0x0021, 0x0022, 0x0001, 0x0021, 0x4A91,
  0x7C5C, 0x845B, 0xA51D, 0x8C79, 0x949A, 0xA51C, 0xAD3D, 0x6311, 0x9CDA, 0xC61E, 0x8457, 0x3A0D,
  0x3A0C, 0xA51E, 0x8459, 0x29AC, 0x5B7A, 0x6BDC, 0x21AE, 0x21D1, 0x2A13, 0x0000, 0x194B, 0x0884,
  0x0042, 0x0862, 0x1926, 0x5B94, 0x953E, 0x94D6, 0x0884, 0x194A, 0x4292, 0x7C99, 0xC67D, 0x6B92,
  0x0000, 0x08A5, 0x08C8, 0x3A75, 0x3273, 0x7C36, 0xC61D, 0xDEDE, 0xCE7E, 0x4270, 0x52D4, 0x9CFC,
  0x6C9B, 0x3CBE, 0x1127, 0x0000, 0x0000, 0x0000, 0x0000, 0x0000, 0x0000, 0x0000, 0x0000, 0x0000,
  0x0000, 0x0000, 0x0000, 0x0000, 0x0000, 0x0000, 0x0000, 0x0000, 0x0000, 0x0000, 0x0000, 0x0000,
  0x0000, 0x0000, 0x0000, 0x0000, 0x0000, 0x0000, 0x0000, 0x0000, 0x0000, 0x0000, 0x0000, 0x0000,
  0x0000, 0x0000, 0x0000, 0x0000, 0x0000, 0x0000, 0x0000, 0x11AA, 0x44FE, 0x08C5, 0x0000, 0x0022,
  0x0021, 0x0021, 0x0021, 0x0021, 0x0021, 0x0021, 0x0021, 0x0021, 0x0021, 0x0021, 0x0021, 0x0021,
  0x0021, 0x0021, 0x0021, 0x0021, 0x0021, 0x0021, 0x0021, 0x0021, 0x0021, 0x0021, 0x0021, 0x0021,
  0x0021, 0x0021, 0x0021, 0x0022, 0x0022, 0x0022, 0x0022, 0x0042, 0x0022, 0x0042, 0x0021, 0x0021,
  0x0022, 0x0021, 0x0021, 0x0021, 0x0021, 0x0021, 0x0021, 0x0021, 0x0021, 0x0021, 0x0001, 0x0021,
  0x0021, 0x0022, 0x0021, 0x0021, 0x0021, 0x0021, 0x0021, 0x0021, 0x0021, 0x0021, 0x0001, 0x0001,
  0x0021, 0x0021, 0x0021, 0x0021, 0x0021, 0x0021, 0x0022, 0x0042, 0x0022, 0x0021, 0x0021, 0x0021,
  0x0021, 0x0021, 0x0021, 0x0021, 0x0021, 0x0021, 0x0022, 0x0021, 0x0021, 0x0021, 0x0021, 0x0021,
  0x0021, 0x0021, 0x0021, 0x0021, 0x0021, 0x0021, 0x0021, 0x0021, 0x0021, 0x0021, 0x0021, 0x0021,
  0x0021, 0x0021, 0x0021, 0x0021, 0x0021, 0x0021, 0x0021, 0x0021, 0x0021, 0x0021, 0x0022, 0x0021,
  0x0022, 0x0022, 0x0022, 0x0021, 0x0021, 0x0021, 0x0021, 0x0021, 0x0021, 0x0042, 0x0042, 0x0042,
  0x0862, 0x0021, 0x0022, 0x0001, 0x0042, 0x0021, 0x0001, 0x0022, 0x0021, 0x0021, 0x0021, 0x0021,
  0x0021, 0x0021, 0x0021, 0x0021, 0x0021, 0x0021, 0x0021, 0x0022, 0x0021, 0x0022, 0x4AB4, 0x6BDC,
  0x73FA, 0x845C, 0x5B12, 0x52D1, 0x94DC, 0x9D1C, 0x7BF7, 0x39EB, 0xA51C, 0xB57D, 0x7BF6, 0x0862,
  0x298A, 0x8CBD, 0x845C, 0x296A, 0x194C, 0x63BD, 0x4294, 0x3255, 0x0864, 0x0021, 0x10E7, 0x0021,
  0x0022, 0x0001, 0x0000, 0x29ED, 0xA59D, 0xCE5C, 0x29AB, 0x1908, 0x4AD3, 0x63F7, 0x955A, 0xA59C,
  0x194A, 0x1129, 0x0021, 0x320F, 0x743A, 0x6BB3, 0xBDDB, 0xD69E, 0xDEFE, 0x6B94, 0x6398, 0xAD9E,
  0x420B, 0x22B2, 0x3C7B, 0x0041, 0x0000, 0x0000, 0x0000, 0x0000, 0x0000, 0x0000, 0x0000, 0x0000,
  0x0000, 0x0000, 0x0000, 0x0000, 0x0000, 0x0000, 0x0000, 0x0000, 0x0000, 0x0000, 0x0000, 0x0000,
  0x0000, 0x0000, 0x0000, 0x0000, 0x0000, 0x0000, 0x0000, 0x0000, 0x0000, 0x0000, 0x0000, 0x0000,
  0x0000, 0x0000, 0x0000, 0x0000, 0x0000, 0x0000, 0x0063, 0x3CBD, 0x1A2E, 0x0000, 0x0022, 0x0021,
  0x0021, 0x0021, 0x0021, 0x0021, 0x0021, 0x0021, 0x0021, 0x0021, 0x0021, 0x0021, 0x0021, 0x0021,
  0x0021, 0x0021, 0x0021, 0x0021, 0x0021, 0x0021, 0x0042, 0x0022, 0x0022, 0x0022, 0x0021, 0x0021,
  0x0021, 0x0000, 0x0000, 0x0000, 0x0000, 0x0000, 0x0000, 0x0000, 0x0000, 0x0000, 0x0000, 0x0001,
  0x0000, 0x0000, 0x0021, 0x0021, 0x0000, 0x0021, 0x0021, 0x0021, 0x0021, 0x0021, 0x1083, 0x0021,
  0x0001, 0x0000, 0x0001, 0x0021, 0x0021, 0x0021, 0x0021, 0x0021, 0x0000, 0x0001, 0x0842, 0x0041,
  0x0000, 0x0021, 0x0021, 0x0021, 0x0021, 0x0001, 0x0000, 0x0000, 0x0000, 0x0000, 0x0001, 0x0021,
  0x0021, 0x0021, 0x0022, 0x0000, 0x0000, 0x0000, 0x0000, 0x0000, 0x0001, 0x0022, 0x0021, 0x0021,
  0x0021, 0x0021, 0x0021, 0x0021, 0x0021, 0x0021, 0x0021, 0x0021, 0x0021, 0x0021, 0x0021, 0x0021,
  0x0021, 0x0021, 0x0021, 0x0021, 0x0021, 0x0021, 0x0021, 0x0021, 0x0021, 0x0021, 0x0022, 0x0021,
  0x0021, 0x0022, 0x0021, 0x0021, 0x0021, 0x0021, 0x0021, 0x0022, 0x0021, 0x0842, 0x426B, 0x424A,
  0x0862, 0x0001, 0x0001, 0x0022, 0x0021, 0x0021, 0x0022, 0x0021, 0x0021, 0x0021, 0x0021, 0x0021,
  0x0021, 0x0021, 0x0021, 0x0021, 0x0021, 0x0021, 0x0022, 0x0021, 0x0021, 0x4273, 0x63BC, 0x63BB,
  0x6379, 0x296A, 0x18E6, 0x73FB, 0x8C7B, 0x8C9D, 0x2148, 0x31CB, 0x9D1D, 0xA51D, 0x5AF2, 0x0000,
  0x18E6, 0x73FA, 0x7C5D, 0x3A30, 0x0000, 0x3253, 0x6C1E, 0x218C, 0x0000, 0x0864, 0x0043, 0x0001,
  0x0021, 0x0022, 0x0022, 0x08C7, 0x94D8, 0xD6BF, 0x4A8C, 0x0000, 0x5B78, 0x31ED, 0x5B93, 0xC67E,
  0x428F, 0x10E8, 0x10E8, 0x5B79, 0x849B, 0x5B73, 0xA539, 0xCE5D, 0xC63E, 0x741A, 0x6398, 0x7419,
  0x426F, 0x3A0C, 0x4CFE, 0x22F2, 0x0000, 0x0000, 0x0000, 0x0000, 0x0000, 0x0000, 0x0000, 0x0000,
  0x0000, 0x0000, 0x0000, 0x0000, 0x0000, 0x0000, 0x0000, 0x0000, 0x0000, 0x0000, 0x0000, 0x0000,
  0x0000, 0x0000, 0x0000, 0x0000, 0x0000, 0x0000, 0x0000, 0x0000, 0x0000, 0x0000, 0x0000, 0x0000,
  0x0000, 0x0000, 0x0000, 0x0000, 0x0000, 0x0000, 0x3395, 0x33D7, 0x0000, 0x0022, 0x0021, 0x0021,
  0x0021, 0x0021, 0x0021, 0x0021, 0x0021, 0x0021, 0x0021, 0x0021, 0x0021, 0x0022, 0x0021, 0x0021,
  0x0021, 0x0021, 0x0021, 0x0021, 0x0021, 0x0000, 0x0000, 0x0000, 0x0000, 0x0000, 0x0021, 0x0021,
  0x0021, 0x18E4, 0x2946, 0x39A7, 0x4209, 0x4A4A, 0x5ACC, 0x630D, 0x6B2E, 0x738F, 0x3187, 0x1083,
  0x7BD0, 0x9C94, 0xAD36, 0xBDB8, 0x5ACC, 0x0000, 0x0021, 0x0021, 0x0000, 0x7BD0, 0xCE1A, 0xB577,
  0xAD36, 0x8411, 0x1083, 0x0001, 0x0021, 0x0021, 0x0021, 0x0021, 0x736F, 0xB557, 0xBD98, 0xBD98,
  0x7390, 0x0000, 0x0021, 0x0022, 0x0000, 0x2105, 0x9473, 0x7390, 0x5AAC, 0x41E8, 0x1083, 0x0021,
  0x0042, 0x0000, 0x0000, 0x18E4, 0x4209, 0x528B, 0x526B, 0x39C8, 0x10A3, 0x0000, 0x0000, 0x0021,
  0x0021, 0x0021, 0x0021, 0x0021, 0x0000, 0x0000, 0x0001, 0x0021, 0x0021, 0x0021, 0x0021, 0x0021,
  0x0021, 0x0022, 0x0021, 0x0021, 0x0021, 0x0021, 0x0021, 0x0021, 0x0021, 0x0021, 0x0021, 0x0021,
  0x0022, 0x0021, 0x0022, 0x0021, 0x0021, 0x0021, 0x0022, 0x0021, 0x0021, 0x0001, 0x0883, 0x10A4,
  0x0862, 0x10C4, 0x10A3, 0x0001, 0x0022, 0x0021, 0x0021, 0x0021, 0x0021, 0x0021, 0x0021, 0x0021,
  0x0021, 0x0021, 0x0021, 0x0021, 0x0021, 0x0021, 0x0022, 0x0000, 0x3211, 0x63DD, 0x5B9B, 0x4252,
  0x0884, 0x0000, 0x4AF5, 0x73FB, 0x7C5C, 0x4AB3, 0x0000, 0x3A2F, 0x8C7C, 0x949C, 0x4A90, 0x0000,
  0x0042, 0x5317, 0x741D, 0x4293, 0x0000, 0x08C7, 0x6BFD, 0x426F, 0x0000, 0x0042, 0x0022, 0x0021,
  0x0021, 0x0021, 0x0042, 0x0000, 0x428E, 0xB61E, 0x8CB7, 0x0863, 0x5B78, 0x0863, 0x218A, 0xB61D,
  0x8455, 0x0000, 0x29AE, 0x42B4, 0x6378, 0x3A91, 0x8C97, 0xBDFC, 0x94FD, 0x94DA, 0x5B76, 0x5B55,
  0x1929, 0x73B5, 0x84FD, 0x3CDF, 0x1147, 0x0000, 0x0000, 0x0000, 0x0000, 0x0000, 0x0000, 0x0000,
  0x0000, 0x0000, 0x0000, 0x0000, 0x0000, 0x0000, 0x0000, 0x0000, 0x0000, 0x0000, 0x0000, 0x0000,
  0x0000, 0x0000, 0x0000, 0x0000, 0x0000, 0x0000, 0x0000, 0x0000, 0x0000, 0x0000, 0x0000, 0x0000,
  0x0000, 0x0000, 0x0000, 0x0000, 0x0000, 0x11AA, 0x44DE, 0x08A4, 0x0001, 0x0022, 0x0021, 0x0021,
  0x0021, 0x0021, 0x0021, 0x0021, 0x0021, 0x0021, 0x0021, 0x0021, 0x0000, 0x0000, 0x0000, 0x0000,
  0x0000, 0x0021, 0x0021, 0x0021, 0x0000, 0x3187, 0x83F1, 0x8C32, 0x9473, 0x5ACC, 0x0021, 0x0000,
  0x83F1, 0xDE7C, 0xD67C, 0xDE9C, 0xDE9D, 0xDEBD, 0xE6BD, 0xE6DD, 0xE6BD, 0xEF3F, 0x9CB4, 0x2104,
  0xDE9C, 0xDE7C, 0xDE7C, 0xE6DD, 0xD65B, 0x18C4, 0x0001, 0x0000, 0x2125, 0xD67C, 0xD67C, 0xD67C,
  0xE6BD, 0xD67C, 0x18E4, 0x0000, 0x0021, 0x0021, 0x0021, 0x0000, 0xA4F5, 0xEF1E, 0xD67C, 0xD67C,
  0xE6BD, 0x39C8, 0x0000, 0x0042, 0x0000, 0x9493, 0xEF3F, 0xDEBD, 0xDE9C, 0xEEFE, 0x83F1, 0x0000,
  0x0001, 0x2946, 0x9473, 0xCE1A, 0xDEBD, 0xE6BD, 0xDEBD, 0xDE9C, 0xC61A, 0x8411, 0x18E4, 0x0000,
  0x0021, 0x0021, 0x0001, 0x0021, 0x2966, 0x2926, 0x10A3, 0x0000, 0x0001, 0x0021, 0x0021, 0x0021,
  0x0001, 0x0000, 0x0000, 0x0001, 0x0022, 0x0021, 0x0021, 0x0022, 0x0042, 0x0042, 0x0042, 0x0021,
  0x0021, 0x0022, 0x0022, 0x0021, 0x0021, 0x0021, 0x0001, 0x0021, 0x0042, 0x0021, 0x0001, 0x0022,
  0x31C8, 0x424A, 0x0862, 0x0021, 0x0022, 0x0021, 0x0021, 0x0021, 0x0021, 0x0021, 0x0021, 0x0021,
  0x0022, 0x0022, 0x0022, 0x0021, 0x0021, 0x0022, 0x0000, 0x29CE, 0x6BFE, 0x4AD6, 0x1909, 0x0001,
  0x0000, 0x216B, 0x5B7B, 0x6BDB, 0x5B58, 0x0863, 0x0000, 0x3A30, 0x6BFC, 0x741B, 0x39ED, 0x0000,
  0x0001, 0x3A32, 0x63BD, 0x4AB5, 0x0000, 0x10EA, 0x194B, 0x6396, 0x0883, 0x0001, 0x0022, 0x0021,
  0x0021, 0x0021, 0x0022, 0x0000, 0x1107, 0x8D1A, 0xC61B, 0x424E, 0x3A51, 0x0000, 0x0884, 0x84D9,
  0xA579, 0x10A5, 0x2A11, 0x1907, 0x6BBB, 0x2A2F, 0x73F4, 0xAD7A, 0x955C, 0xD6FD, 0x7C36, 0x320E,
  0x0020, 0x5B12, 0x8C9C, 0x547D, 0x343A, 0x0041, 0x0000, 0x0000, 0x0000, 0x0000, 0x0000, 0x0000,
  0x0000, 0x0000, 0x0000, 0x0000, 0x0000, 0x0000, 0x0000, 0x0000, 0x0000, 0x0000, 0x0000, 0x0000,
  0x0000, 0x0000, 0x0000, 0x0000, 0x0000, 0x0000, 0x0000, 0x0000, 0x0000, 0x0000, 0x0000, 0x0000,
  0x0000, 0x0000, 0x0000, 0x0000, 0x0042, 0x44BD, 0x1A2E, 0x0000, 0x0042, 0x0021, 0x0021, 0x0021,
  0x0021, 0x0021, 0x0021, 0x0021, 0x0021, 0x0021, 0x0021, 0x0000, 0x39C8, 0x8C52, 0xA4D5, 0xB577,
  0x5ACC, 0x0000, 0x0021, 0x0022, 0x0000, 0x8C53, 0xF75F, 0xDEBD, 0xE6DE, 0xC5D9, 0x0842, 0x0000,
  0xAD36, 0xE6BD, 0xD65B, 0xD65B, 0xD63B, 0xCE3B, 0xCE3B, 0xCE3B, 0xCE3B, 0xD67C, 0xAD37, 0x0000,
  0x734E, 0xE6DD, 0xD65B, 0xD63B, 0xE6DD, 0x736F, 0x0000, 0x0000, 0x8411, 0xE6DD, 0xD63B, 0xCE3B,
  0xDEBD, 0x736F, 0x0000, 0x0022, 0x0021, 0x0021, 0x0021, 0x0000, 0x3187, 0xD67C, 0xCE3B, 0xCE3B,
  0xE6BD, 0x9CB4, 0x0000, 0x0000, 0x3187, 0xDE9C, 0xD65B, 0xD65B, 0xCE3B, 0xD65B, 0x39A7, 0x0000,
  0x4229, 0xD67C, 0xE6DD, 0xD65B, 0xD65B, 0xCE3B, 0xCE3B, 0xD65B, 0xD67C, 0xE6DD, 0xC5FA, 0x39C8,
  0x0000, 0x0042, 0x0000, 0x2966, 0xDE9C, 0xD63B, 0xC5FA, 0xAD36, 0x18E5, 0x0001, 0x0021, 0x0001,
  0x0862, 0x39A8, 0x2125, 0x0862, 0x0000, 0x0001, 0x0022, 0x0000, 0x0000, 0x0000, 0x0000, 0x0021,
  0x0021, 0x0021, 0x0021, 0x0021, 0x0021, 0x0042, 0x2987, 0x3A2A, 0x0883, 0x0021, 0x0022, 0x0021,
  0x0001, 0x0021, 0x0001, 0x0022, 0x0021, 0x0021, 0x0021, 0x0021, 0x0021, 0x0021, 0x0022, 0x0022,
  0x0022, 0x0022, 0x0022, 0x0022, 0x0022, 0x0000, 0x296A, 0x6BDA, 0x29CD, 0x0022, 0x0000, 0x0022,
  0x0022, 0x3A96, 0x5B7B, 0x4B3A, 0x10C7, 0x0001, 0x0000, 0x29F0, 0x63BB, 0x6BDB, 0x1929, 0x0001,
  0x0000, 0x216C, 0x5BBC, 0x52F6, 0x0043, 0x110A, 0x0000, 0x2969, 0x31CA, 0x0000, 0x0022, 0x0021,
  0x0021, 0x0021, 0x0022, 0x0000, 0x29AC, 0x6BD5, 0xCE5D, 0x7C36, 0x0086, 0x0001, 0x0002, 0x63D5,
  0xCE7D, 0x4AD0, 0x0886, 0x10A5, 0x4AF6, 0x08A5, 0x7477, 0xAE3D, 0xCEDD, 0xEF5F, 0x94D6, 0x1109,
  0x218B, 0x845A, 0x5AF3, 0x5B77, 0x4D3F, 0x22B0, 0x0000, 0x0000, 0x0000, 0x0000, 0x0000, 0x0000,
  0x0000, 0x0000, 0x0000, 0x0000, 0x0000, 0x0000, 0x0000, 0x0000, 0x0000, 0x0000, 0x0000, 0x0000,
  0x0000, 0x0000, 0x0000, 0x0000, 0x0000, 0x0000, 0x0000, 0x0000, 0x0000, 0x0000, 0x0000, 0x0000,
  0x0000, 0x0000, 0x0000, 0x0000, 0x2B13, 0x3C19, 0x0000, 0x0021, 0x0021, 0x0021, 0x0021, 0x0021,
  0x0021, 0x0021, 0x0021, 0x0021, 0x0021, 0x0021, 0x0021, 0x0000, 0xA4D5, 0xEF3F, 0xD67C, 0xEEFE,
  0xA516, 0x0000, 0x0021, 0x0041, 0x0000, 0x83F1, 0xDEBD, 0xCE1A, 0xD67C, 0xBDB9, 0x0862, 0x0000,
  0x9CD5, 0xDEBD, 0xD65B, 0xD65B, 0xD67C, 0xE6DD, 0xDE9C, 0xD65C, 0xCE3B, 0xD67C, 0x9453, 0x0000,
  0x10A3, 0xC5FA, 0xDE9C, 0xD65B, 0xD65C, 0xC5FA, 0x1082, 0x18E4, 0xD67B, 0xD67B, 0xD65B, 0xD67C,
  0xC5F9, 0x10A3, 0x0001, 0x0021, 0x0021, 0x0021, 0x0021, 0x0022, 0x0000, 0x8C53, 0xDEBD, 0xD65B,
  0xD67B, 0xD67C, 0x2966, 0x0000, 0x9CB4, 0xDE9D, 0xD65B, 0xD65B, 0xE6DD, 0x8412, 0x0000, 0x2946,
  0xD65B, 0xDE7C, 0xCE3B, 0xD65B, 0xD67B, 0xDE9C, 0xDE9C, 0xD65B, 0xD65B, 0xCE3B, 0xD67C, 0xD67C,
  0x2967, 0x0000, 0x0000, 0x39C8, 0xDEBD, 0xD65B, 0xD65B, 0xE6FE, 0x39E9, 0x0000, 0x0842, 0x0000,
  0x528B, 0xEF1E, 0xD63B, 0xBDB8, 0x9CB4, 0x2106, 0x0001, 0x2125, 0x7BB0, 0x630D, 0x31A7, 0x0021,
  0x0021, 0x0022, 0x0022, 0x0021, 0x0021, 0x0021, 0x0883, 0x0883, 0x0001, 0x0022, 0x0021, 0x0021,
  0x0022, 0x0021, 0x0022, 0x0021, 0x0021, 0x0021, 0x0021, 0x0022, 0x0022, 0x0022, 0x0022, 0x0042,
  0x0022, 0x0022, 0x0022, 0x0022, 0x0001, 0x18C5, 0x4A6F, 0x1084, 0x0000, 0x0021, 0x0042, 0x0000,
  0x10E9, 0x4B5B, 0x537B, 0x192A, 0x0000, 0x0043, 0x0000, 0x29D0, 0x5B9B, 0x6379, 0x08A5, 0x0001,
  0x0001, 0x0884, 0x5B7A, 0x6BB9, 0x0884, 0x0043, 0x0022, 0x0001, 0x2126, 0x0022, 0x0021, 0x0021,
  0x0021, 0x0021, 0x0001, 0x0842, 0x298B, 0x21AA, 0xADBC, 0xA558, 0x0042, 0x0001, 0x1908, 0x42D1,
  0xBE3D, 0x7C34, 0x0000, 0x10C6, 0x216C, 0x1126, 0x8D3A, 0xB5DB, 0xD69D, 0xDEFE, 0xA517, 0x194A,
  0x08A5, 0x73D9, 0x2969, 0x2149, 0x5C5C, 0x3CBE, 0x08E6, 0x0000, 0x0000, 0x0000, 0x0000, 0x0000,
  0x0000, 0x0000, 0x0000, 0x0000, 0x0000, 0x0000, 0x0000, 0x0000, 0x0000, 0x0000, 0x0000, 0x0000,
  0x0000, 0x0000, 0x0000, 0x0000, 0x0000, 0x0000, 0x0000, 0x0000, 0x0000, 0x0000, 0x0000, 0x0000,
  0x0000, 0x0000, 0x0000, 0x1127, 0x44FE, 0x08E6, 0x0000, 0x0022, 0x0021, 0x0021, 0x0021, 0x0021,
  0x0021, 0x0021, 0x0021, 0x0021, 0x0021, 0x0021, 0x0022, 0x0000, 0x8C32, 0xDEBD, 0xCE3B, 0xDE9C,
  0xA4F5, 0x0000, 0x0021, 0x0042, 0x0000, 0x7390, 0xE6BD, 0xCE3B, 0xD67C, 0xC5FA, 0x10A3, 0x0000,
  0x9494, 0xE6BD, 0xD63B, 0xDE9C, 0xBD98, 0x528B, 0x39E8, 0x3166, 0x2126, 0x2104, 0x0862, 0x0022,
  0x0000, 0x528C, 0xE6BD, 0xCE3B, 0xD63B, 0xE6FE, 0x6B2E, 0x6B2E, 0xE6DE, 0xD63B, 0xCE3B, 0xE6DD,
  0x62ED, 0x0000, 0x0022, 0x0021, 0x0021, 0x0021, 0x0021, 0x0021, 0x0000, 0x2946, 0xDE9C, 0xD67B,
  0xD63B, 0xE6BD, 0x83F1, 0x31A7, 0xE6DD, 0xD65B, 0xD65B, 0xD67C, 0xCE1A, 0x18C4, 0x0000, 0xA4F5,
  0xDE9D, 0xCE3B, 0xD65B, 0xD65B, 0xDEBD, 0xB577, 0xAD36, 0xD65C, 0xD65B, 0xD65B, 0xD63B, 0xE6DD,
  0xAD36, 0x0020, 0x0000, 0x4209, 0xE6DD, 0xD65B, 0xD65B, 0xD65C, 0x2966, 0x0000, 0x0042, 0x0000,
  0x62ED, 0xE6DD, 0xD63B, 0xD65C, 0xEF3F, 0x528B, 0x0000, 0x7BB0, 0xF73F, 0xDE9C, 0xE6DD, 0x83F1,
  0x0000, 0x0022, 0x0022, 0x0022, 0x0021, 0x0021, 0x0001, 0x0001, 0x0022, 0x0021, 0x0021, 0x0022,
  0x0021, 0x0021, 0x0022, 0x0021, 0x0021, 0x0021, 0x0022, 0x0022, 0x0022, 0x0022, 0x0022, 0x0000,
  0x0042, 0x0042, 0x0022, 0x0022, 0x0042, 0x18E6, 0x0001, 0x0001, 0x0022, 0x0022, 0x0022, 0x0000,
  0x3211, 0x5BBD, 0x21AD, 0x0000, 0x0022, 0x0022, 0x0000, 0x29EF, 0x63DC, 0x4AD5, 0x0022, 0x0022,
  0x0021, 0x0000, 0x52F5, 0x7C3B, 0x0884, 0x0001, 0x0022, 0x0021, 0x0022, 0x0022, 0x0021, 0x0021,
  0x0021, 0x0021, 0x0001, 0x0884, 0x0042, 0x0042, 0x7C77, 0xCE9E, 0x31CA, 0x0001, 0x31EC, 0x08A5,
  0x8CD8, 0xAD9A, 0x0841, 0x10C5, 0x3A4E, 0x1907, 0x42CF, 0x9D19, 0xBE1D, 0xDEDE, 0xCE7C, 0x29A9,
  0x0022, 0x5B34, 0x0863, 0x0000, 0x428F, 0x5D3F, 0x2B76, 0x0000, 0x0000, 0x0000, 0x0000, 0x0000,
  0x0000, 0x0000, 0x0000, 0x0000, 0x0000, 0x0000, 0x0000, 0x0000, 0x0000, 0x0000, 0x0000, 0x0000,
  0x0000, 0x0000, 0x0000, 0x0000, 0x0000, 0x0000, 0x0000, 0x0000, 0x0000, 0x0000, 0x0000, 0x0000,
  0x0000, 0x0000, 0x0000, 0x3419, 0x22D2, 0x0000, 0x0022, 0x0021, 0x0021, 0x0021, 0x0021, 0x0021,
  0x0021, 0x0021, 0x0021, 0x0021, 0x0021, 0x0021, 0x0022, 0x0000, 0x83F1, 0xE6DD, 0xCE3B, 0xDE9C,
  0xAD36, 0x0021, 0x0022, 0x0042, 0x0000, 0x630D, 0xDEBD, 0xD63B, 0xD67C, 0xCE1A, 0x18C4, 0x0000,
  0x8C52, 0xE6DD, 0xCE3B, 0xE6BD, 0x9CB4, 0x0000, 0x0000, 0x0000, 0x0000, 0x0000, 0x0001, 0x0022,
  0x0021, 0x0020, 0xA4F5, 0xDE9C, 0xD65B, 0xD67C, 0xCE1A, 0xC5FA, 0xD65C, 0xD65B, 0xDE9C, 0xBD98,
  0x0862, 0x0021, 0x0021, 0x0021, 0x0021, 0x0021, 0x0021, 0x0021, 0x0022, 0x0000, 0x8C32, 0xE6BD,
  0xCE3B, 0xD67C, 0xCE1A, 0xBDB8, 0xDE9C, 0xD65B, 0xD63B, 0xE6DD, 0x62ED, 0x0000, 0x39E8, 0xDEBD,
  0xD65B, 0xD67B, 0xD65B, 0xD67C, 0x5AAC, 0x0021, 0x0000, 0x4A29, 0xD65B, 0xD67B, 0xD65B, 0xD65B,
  0xDE9D, 0x41E9, 0x0000, 0x526A, 0xE6DD, 0xD65B, 0xD67C, 0xD63B, 0x2105, 0x0000, 0x0042, 0x0000,
  0x6B2E, 0xE6DD, 0xD63B, 0xD65B, 0xDE9C, 0x39E9, 0x0000, 0x83F1, 0xE6BD, 0xCE1A, 0xE6DD, 0x9CD5,
  0x0000, 0x0022, 0x0021, 0x0021, 0x0021, 0x0021, 0x0022, 0x0022, 0x0021, 0x0021, 0x0021, 0x0021,
  0x0021, 0x0021, 0x0022, 0x0021, 0x0021, 0x0022, 0x0022, 0x0022, 0x0022, 0x0021, 0x10C4, 0x428B,
  0x2988, 0x0042, 0x0022, 0x0022, 0x0042, 0x0021, 0x0022, 0x0022, 0x0022, 0x0022, 0x0001, 0x0863,
  0x63BB, 0x3210, 0x0000, 0x0022, 0x0022, 0x0022, 0x0000, 0x29EE, 0x6C3E, 0x3A30, 0x0000, 0x0022,
  0x0022, 0x0000, 0x31CC, 0x847C, 0x0883, 0x0001, 0x0022, 0x0022, 0x0021, 0x0021, 0x0021, 0x0021,
  0x0021, 0x0021, 0x0021, 0x0000, 0x0000, 0x0001, 0x4290, 0xC69E, 0x7391, 0x21AD, 0x31CC, 0x0020,
  0x5B73, 0xADDD, 0x5B52, 0x320C, 0x0884, 0x0000, 0x1969, 0x94D7, 0xBDFC, 0xD69D, 0xDEFE, 0x422A,
  0x0863, 0x2968, 0x0000, 0x0001, 0x10A5, 0x84D9, 0x4D1F, 0x11AA, 0x0000, 0x0000, 0x0000, 0x0000,
  0x0000, 0x0000, 0x0000, 0x0000, 0x0000, 0x0000, 0x0000, 0x0000, 0x0000, 0x0000, 0x0000, 0x0000,
  0x0000, 0x0000, 0x0000, 0x0000, 0x0000, 0x0000, 0x0000, 0x0000, 0x0000, 0x0000, 0x0000, 0x0000,
  0x0000, 0x0000, 0x19EC, 0x3C7C, 0x0042, 0x0021, 0x0021, 0x0021, 0x0021, 0x0021, 0x0021, 0x0021,
  0x0021, 0x0021, 0x0021, 0x0021, 0x0021, 0x0021, 0x0042, 0x0000, 0x7390, 0xE6DD, 0xCE3B, 0xDE9C,
  0xBD98, 0x0862, 0x0022, 0x0042, 0x0000, 0x5AAB, 0xE6BD, 0xD63B, 0xD65C, 0xCE3B, 0x2105, 0x0000,
  0x8C12, 0xE6DD, 0xCE3B, 0xDEBD, 0xA4D5, 0x0000, 0x0021, 0x0042, 0x0842, 0x0021, 0x0021, 0x0021,
  0x0022, 0x0000, 0x31A7, 0xDE9C, 0xD67B, 0xD65B, 0xD67C, 0xD65C, 0xD65B, 0xD65B, 0xE6DD, 0x528B,
  0x0000, 0x0022, 0x0021, 0x0021, 0x0021, 0x0021, 0x0021, 0x0021, 0x0021, 0x0000, 0x2105, 0xCE1A,
  0xD65B, 0xD65B, 0xDE7C, 0xDE9C, 0xD65B, 0xD65B, 0xDE9C, 0xB557, 0x0862, 0x0000, 0x83F1, 0xE6DD,
  0xD65B, 0xD65B, 0xE6BD, 0x8C32, 0x0000, 0x0021, 0x0021, 0x0000, 0x83F1, 0xE6FD, 0xD65B, 0xD63B,
  0xDEBD, 0x8412, 0x0000, 0x5AAC, 0xE6DD, 0xCE3B, 0xD67C, 0xCE3A, 0x18E4, 0x0000, 0x0042, 0x0000,
  0x738F, 0xE6DD, 0xD65B, 0xD67B, 0xD67C, 0x3167, 0x0000, 0x83F1, 0xE6DD, 0xCE3B, 0xE6FD, 0x7BB0,
  0x0000, 0x0042, 0x0021, 0x0021, 0x0021, 0x0021, 0x0021, 0x0022, 0x0022, 0x0021, 0x0021, 0x0021,
  0x0021, 0x0021, 0x0021, 0x0021, 0x0022, 0x0001, 0x0021, 0x0001, 0x0022, 0x0022, 0x0022, 0x1926,
  0x0863, 0x0021, 0x0022, 0x0022, 0x0022, 0x0022, 0x0022, 0x0022, 0x0022, 0x0042, 0x0000, 0x31ED,
  0x4AD3, 0x0000, 0x0022, 0x0022, 0x0022, 0x0022, 0x0000, 0x29CD, 0x745E, 0x2129, 0x0000, 0x0022,
  0x0022, 0x0001, 0x08A4, 0x73F8, 0x0883, 0x0001, 0x0022, 0x0021, 0x0021, 0x0021, 0x0021, 0x0021,
  0x0022, 0x0022, 0x0885, 0x216B, 0x0884, 0x0001, 0x29EF, 0x8CF9, 0xA539, 0x63B8, 0x3A4E, 0x10E5,
  0x3A4E, 0xA5DD, 0x84D8, 0x0884, 0x0000, 0x0001, 0x08A5, 0x7C35, 0xB5BB, 0xCE5D, 0xDEFF, 0x6B90,
  0x0863, 0x08A4, 0x0001, 0x0022, 0x0022, 0x6BB3, 0x755E, 0x2BFA, 0x0041, 0x0000, 0x0000, 0x0000,
  0x0000, 0x0000, 0x0000, 0x0000, 0x0000, 0x0000, 0x0000, 0x0000, 0x0000, 0x0000, 0x0000, 0x0000,
  0x0000, 0x0000, 0x0000, 0x0000, 0x0000, 0x0000, 0x0000, 0x0000, 0x0000, 0x0000, 0x0000, 0x0000,
  0x0000, 0x0041, 0x3C9C, 0x19EC, 0x0000, 0x0022, 0x0021, 0x0021, 0x0021, 0x0021, 0x0021, 0x0021,
  0x0021, 0x0021, 0x0021, 0x0021, 0x0021, 0x0021, 0x0042, 0x0000, 0x6B2E, 0xE6DD, 0xCE3B, 0xDE9C,
  0xC5F9, 0x0021, 0x0000, 0x0001, 0x0000, 0x5AED, 0xE6BD, 0xD63B, 0xD65B, 0xD65B, 0x2946, 0x0000,
  0x7BD0, 0xE6DD, 0xD63B, 0xD67C, 0xCE1A, 0xA4D5, 0xAD16, 0xAD57, 0xC5F9, 0x83D1, 0x0000, 0x0022,
  0x0021, 0x0021, 0x0000, 0x8C52, 0xE6DD, 0xD65B, 0xD65B, 0xD65B, 0xD65B, 0xDE9C, 0xAD57, 0x0021,
  0x0021, 0x0021, 0x0021, 0x0021, 0x0021, 0x0021, 0x0021, 0x0021, 0x0021, 0x0022, 0x0000, 0x7BD0,
  0xE6DD, 0xD65B, 0xD65B, 0xD65B, 0xD67C, 0xD65B, 0xDE9D, 0x39E8, 0x0000, 0x0021, 0xA515, 0xDE9D,
  0xD65B, 0xD65B, 0xDE9C, 0x39E8, 0x0000, 0x0042, 0x0022, 0x0000, 0x39E9, 0xDEBD, 0xD63B, 0xD65B,
  0xDE9C, 0xB578, 0x0000, 0x5ACC, 0xE6DD, 0xD63B, 0xD67C, 0xC5FA, 0x10A3, 0x0001, 0x0042, 0x0000,
  0x83F1, 0xE6DD, 0xD65B, 0xD67C, 0xD63B, 0x2125, 0x0000, 0x8411, 0xE6DD, 0xCE3B, 0xE6BD, 0x528B,
  0x0000, 0x0042, 0x0021, 0x0021, 0x0021, 0x0021, 0x0021, 0x0021, 0x0022, 0x0021, 0x0021, 0x0022,
  0x0022, 0x0022, 0x0022, 0x0022, 0x0021, 0x0062, 0x0042, 0x10A4, 0x0042, 0x0022, 0x0022, 0x0001,
  0x0022, 0x0042, 0x0022, 0x0022, 0x0022, 0x0022, 0x0022, 0x0022, 0x0022, 0x0022, 0x0042, 0x424E,
  0x0043, 0x0022, 0x0042, 0x0022, 0x0022, 0x0042, 0x0000, 0x298B, 0x73FA, 0x0043, 0x0021, 0x0022,
  0x0022, 0x0042, 0x0001, 0x424E, 0x10A4, 0x0001, 0x0022, 0x0021, 0x0021, 0x0021, 0x0022, 0x0022,
  0x0001, 0x0000, 0x0000, 0x214A, 0x5B57, 0x3231, 0x10E9, 0x5B94, 0xB63F, 0x6371, 0x0000, 0x0001,
  0x0885, 0x9519, 0xADBB, 0x10C4, 0x0001, 0x0022, 0x0043, 0x5B52, 0xA55A, 0xC61C, 0xDEDE, 0x9CF6,
  0x10A4, 0x10C5, 0x0022, 0x0042, 0x0000, 0x320C, 0x9D3A, 0x44FF, 0x1A4F, 0x0000, 0x0000, 0x0000,
  0x0000, 0x0000, 0x0000, 0x0000, 0x0000, 0x0000, 0x0000, 0x0000, 0x0000, 0x0000, 0x0000, 0x0000,
  0x0000, 0x0000, 0x0000, 0x0000, 0x0000, 0x0000, 0x0000, 0x0000, 0x0000, 0x0000, 0x0000, 0x0000,
  0x0000, 0x22B0, 0x3C19, 0x0000, 0x0021, 0x0021, 0x0021, 0x0021, 0x0021, 0x0021, 0x0021, 0x0021,
  0x0021, 0x0021, 0x0021, 0x0021, 0x0021, 0x0021, 0x0042, 0x0000, 0x5ACC, 0xE6DD, 0xD65B, 0xD67C,
  0xD65B, 0x8C12, 0x8C12, 0xA4D5, 0xB598, 0xCE3A, 0xD65C, 0xD65B, 0xD65B, 0xD67C, 0x3187, 0x0000,
  0x738F, 0xE6DD, 0xD63B, 0xD65B, 0xD67C, 0xDEBD, 0xDE7C, 0xD67C, 0xE6FD, 0xAD16, 0x0000, 0x0021,
  0x0021, 0x0021, 0x0001, 0x18E4, 0xD65B, 0xD67C, 0xD65B, 0xD65B, 0xD65B, 0xE6BD, 0x4209, 0x0000,
  0x0022, 0x0021, 0x0021, 0x0021, 0x0021, 0x0021, 0x0021, 0x0021, 0x0021, 0x0021, 0x0000, 0x18E4,
  0xD65B, 0xD67C, 0xD65B, 0xD65C, 0xD65B, 0xE6DD, 0x8C52, 0x0000, 0x0021, 0x0861, 0xBD98, 0xDE9C,
  0xD65B, 0xD67C, 0xCE1A, 0x18E4, 0x0000, 0x0022, 0x0022, 0x0001, 0x2105, 0xCE3B, 0xD65B, 0xD65B,
  0xDE9C, 0xCE1A, 0x0000, 0x62EC, 0xE6DD, 0xCE3B, 0xDE9C, 0xBDB8, 0x0862, 0x0001, 0x0041, 0x0000,
  0x8C52, 0xE6BD, 0xD65B, 0xD67C, 0xCE1A, 0x18E4, 0x0000, 0x8411, 0xE6DD, 0xCE3B, 0xDE7C, 0x31A8,
  0x0000, 0x0022, 0x0021, 0x0021, 0x0021, 0x0021, 0x0021, 0x0021, 0x0021, 0x0021, 0x0021, 0x0022,
  0x0022, 0x0022, 0x0022, 0x0022, 0x0021, 0x10E4, 0x4ACC, 0x2126, 0x0022, 0x0022, 0x0022, 0x0042,
  0x0022, 0x0022, 0x0022, 0x0022, 0x0022, 0x0022, 0x0022, 0x0022, 0x0042, 0x0021, 0x08A4, 0x10A4,
  0x0001, 0x0042, 0x0022, 0x0022, 0x0022, 0x0042, 0x0000, 0x2969, 0x52D2, 0x0000, 0x0042, 0x0022,
  0x0022, 0x0022, 0x0001, 0x18E5, 0x0883, 0x0001, 0x0022, 0x0022, 0x0022, 0x0022, 0x0001, 0x0000,
  0x10A5, 0x298C, 0x31CD, 0x10C5, 0x1907, 0x5B58, 0x0000, 0x5B73, 0xC69F, 0x9D37, 0x08A5, 0x0042,
  0x0002, 0x5B73, 0xCE9E, 0x424B, 0x0001, 0x0042, 0x0000, 0x3A6D, 0x94F9, 0xBDFC, 0xD6BE, 0xBE1B,
  0x2126, 0x10A4, 0x0022, 0x0022, 0x0000, 0x1106, 0x94D8, 0x7D3D, 0x345C, 0x0883, 0x0000, 0x0000,
  0x0000, 0x0000, 0x0000, 0x0000, 0x0000, 0x0000, 0x0000, 0x0000, 0x0000, 0x0000, 0x0000, 0x0000,
  0x0000, 0x0000, 0x0000, 0x0000, 0x0000, 0x0000, 0x0000, 0x0000, 0x0000, 0x0000, 0x0000, 0x0000,
  0x0883, 0x3CBD, 0x1149, 0x0000, 0x0022, 0x0021, 0x0021, 0x0021, 0x0021, 0x0021, 0x0021, 0x0021,
  0x0021, 0x0021, 0x0021, 0x0021, 0x0021, 0x0021, 0x0042, 0x0000, 0x528B, 0xE6BD, 0xD63B, 0xD65B,
  0xD65B, 0xDEBD, 0xDE9D, 0xDE9C, 0xDE9C, 0xD67C, 0xD65B, 0xD65B, 0xD65B, 0xDE9C, 0x39C8, 0x0000,
  0x6B4E, 0xE6DD, 0xD63B, 0xD65B, 0xD65B, 0xD67C, 0xDE9C, 0xD67C, 0xE6FE, 0xB557, 0x0000, 0x0021,
  0x0021, 0x0021, 0x0042, 0x0000, 0x6B2E, 0xDE9D, 0xD63B, 0xD65B, 0xDEBD, 0x9CD5, 0x0000, 0x0021,
  0x0021, 0x0021, 0x0021, 0x0021, 0x0021, 0x0021, 0x0021, 0x0021, 0x0021, 0x0021, 0x0022, 0x0000,
  0x6B6F, 0xE6BD, 0xD63B, 0xD65B, 0xD67C, 0xCE3B, 0x18E4, 0x0000, 0x0001, 0x0882, 0xC5D9, 0xDE9C,
  0xD65B, 0xDE9C, 0xC5F9, 0x1083, 0x0001, 0x0021, 0x0021, 0x0000, 0x18E4, 0xCE1A, 0xD67C, 0xD65B,
  0xDE9C, 0xCE1A, 0x0021, 0x6B2D, 0xE6DD, 0xCE3B, 0xDE9C, 0xB578, 0x0022, 0x0021, 0x0021, 0x0000,
  0x9CB4, 0xE6BD, 0xD63B, 0xDE7C, 0xC5D9, 0x10A3, 0x0000, 0x83F1, 0xE6DD, 0xD65B, 0xCE3A, 0x18E4,
  0x0001, 0x0022, 0x0021, 0x0021, 0x0021, 0x0021, 0x0021, 0x0021, 0x0021, 0x0022, 0x0021, 0x0022,
  0x0022, 0x0022, 0x0022, 0x0022, 0x0022, 0x0001, 0x0863, 0x0021, 0x0022, 0x0022, 0x0022, 0x0022,
  0x0022, 0x0022, 0x0022, 0x0042, 0x0042, 0x0042, 0x0042, 0x0042, 0x0022, 0x0022, 0x0042, 0x0022,
  0x0042, 0x0042, 0x0042, 0x0022, 0x0022, 0x0042, 0x0001, 0x1906, 0x2147, 0x0001, 0x0042, 0x0022,
  0x0022, 0x0022, 0x0022, 0x0042, 0x0042, 0x0022, 0x0022, 0x0022, 0x0022, 0x0000, 0x10A5, 0x3A52,
  0x639B, 0x7C3D, 0x8CDE, 0x9D3F, 0x52B0, 0x0883, 0x3A2D, 0x63B7, 0xA57A, 0xCE9D, 0x29CA, 0x0063,
  0x0000, 0x5313, 0xC65E, 0x8434, 0x0001, 0x0022, 0x0000, 0x2169, 0x8CB7, 0xB5DC, 0xD69D, 0xD69D,
  0x4A8D, 0x10E6, 0x0021, 0x0022, 0x0022, 0x0063, 0x73F5, 0xB5BB, 0x551F, 0x1AB1, 0x0000, 0x0000,
  0x0000, 0x0000, 0x0000, 0x0000, 0x0000, 0x0000, 0x0000, 0x0000, 0x0000, 0x0000, 0x0000, 0x0000,
  0x0000, 0x0000, 0x0000, 0x0000, 0x0000, 0x0000, 0x0000, 0x0000, 0x0000, 0x0000, 0x0000, 0x0000,
  0x2B33, 0x2B97, 0x0000, 0x0022, 0x0021, 0x0021, 0x0021, 0x0021, 0x0021, 0x0021, 0x0021, 0x0021,
  0x0021, 0x0021, 0x0021, 0x0021, 0x0021, 0x0021, 0x0022, 0x0000, 0x4A29, 0xDEBD, 0xCE3B, 0xD65B,
  0xD65B, 0xCE3B, 0xCE3B, 0xCE3B, 0xD65B, 0xD65B, 0xD65B, 0xD65B, 0xD65B, 0xDE9D, 0x4209, 0x0000,
  0x6B2D, 0xE6BD, 0xD63B, 0xD65B, 0xD65B, 0xC5D9, 0xB557, 0x9CB4, 0x9C94, 0x6B2E, 0x0000, 0x0021,
  0x0021, 0x0021, 0x0021, 0x0001, 0x18C4, 0xCE3B, 0xD65C, 0xD63B, 0xE6BD, 0x4A4A, 0x0000, 0x0022,
  0x0021, 0x0021, 0x0021, 0x0021, 0x0021, 0x0021, 0x0021, 0x0021, 0x0021, 0x0021, 0x0021, 0x0000,
  0x18E4, 0xD65B, 0xD67C, 0xD65B, 0xE6FE, 0x736F, 0x0000, 0x0042, 0x0001, 0x0862, 0xBDB9, 0xDE9C,
  0xD65B, 0xDE7C, 0xCE1A, 0x10A4, 0x0001, 0x0021, 0x0021, 0x0000, 0x2125, 0xD65B, 0xD67C, 0xD65B,
  0xDE7C, 0xC5B9, 0x0000, 0x738F, 0xE6DE, 0xCE3B, 0xDEBD, 0xAD37, 0x0001, 0x0021, 0x0021, 0x0000,
  0xA4F6, 0xDEBD, 0xD63B, 0xDE9C, 0xB578, 0x0842, 0x0000, 0x83F1, 0xE6BD, 0xDE7C, 0xBD98, 0x0042,
  0x0021, 0x0021, 0x0021, 0x0021, 0x0021, 0x0021, 0x0021, 0x0021, 0x0021, 0x0022, 0x0022, 0x0022,
  0x0022, 0x0022, 0x0022, 0x0022, 0x0022, 0x0022, 0x0021, 0x0022, 0x0022, 0x0022, 0x0022, 0x0022,
  0x0022, 0x0042, 0x0022, 0x0042, 0x0042, 0x0042, 0x0042, 0x0042, 0x0042, 0x0042, 0x0042, 0x0042,
  0x0042, 0x0042, 0x0042, 0x0042, 0x0042, 0x0042, 0x0022, 0x08A4, 0x0883, 0x0022, 0x0022, 0x0022,
  0x0022, 0x0022, 0x0022, 0x0022, 0x0022, 0x0022, 0x0022, 0x0022, 0x0042, 0x2128, 0x320F, 0x216C,
  0x0885, 0x08A5, 0x3A4F, 0x5B33, 0x4AB0, 0x10E5, 0x4AB0, 0x6BFA, 0x6BD5, 0xC67D, 0x73B3, 0x31EE,
  0x31EC, 0x4AF4, 0x9D39, 0xB5DB, 0x10E5, 0x0001, 0x0000, 0x08A5, 0x7C56, 0xB5BB, 0xCE7D, 0xE71E,
  0x7BF4, 0x3A52, 0x31CB, 0x0863, 0x0001, 0x0000, 0x4AD0, 0xBDDB, 0x95DD, 0x347D, 0x08C4, 0x0000,
  0x0000, 0x0000, 0x0000, 0x0000, 0x0000, 0x0000, 0x0000, 0x0000, 0x0000, 0x0000, 0x0000, 0x0000,
  0x0000, 0x0000, 0x0000, 0x0000, 0x0000, 0x0000, 0x0000, 0x0000, 0x0000, 0x0000, 0x0000, 0x08C5,
  0x3CBD, 0x0906, 0x0000, 0x0022, 0x0021, 0x0021, 0x0021, 0x0021, 0x0021, 0x0021, 0x0021, 0x0021,
  0x0021, 0x0021, 0x0021, 0x0021, 0x0021, 0x0021, 0x0022, 0x0000, 0x39C8, 0xDE9C, 0xD63B, 0xD65B,
  0xD65B, 0xDEBD, 0xE6FD, 0xDE9C, 0xCE3B, 0xCE1B, 0xD65B, 0xD67C, 0xD65B, 0xDEBD, 0x4A2A, 0x0000,
  0x62EC, 0xE6DD, 0xCE3B, 0xDE7C, 0xC5F9, 0x18C4, 0x0021, 0x0001, 0x0000, 0x0000, 0x0042, 0x0021,
  0x0021, 0x0021, 0x0021, 0x0000, 0x18C3, 0xCE1A, 0xD67C, 0xD63B, 0xDEBD, 0x4209, 0x0000, 0x0022,
  0x0021, 0x0021, 0x0021, 0x0021, 0x0021, 0x0021, 0x0021, 0x0021, 0x0021, 0x0021, 0x0021, 0x0000,
  0x18C3, 0xCE1A, 0xD67C, 0xD65B, 0xE6DD, 0x4A4A, 0x0000, 0x0042, 0x0021, 0x0021, 0xAD36, 0xDE9C,
  0xD63B, 0xD65B, 0xD65B, 0x2125, 0x0000, 0x0022, 0x0022, 0x0000, 0x4209, 0xDEBD, 0xD65B, 0xD65B,
  0xDE9C, 0xB557, 0x0000, 0x7BD0, 0xE6DE, 0xD63B, 0xDEBD, 0xA4D5, 0x0000, 0x0021, 0x0021, 0x0000,
  0xAD16, 0xDE9D, 0xD65B, 0xDEBD, 0xAD16, 0x0021, 0x0000, 0x83D1, 0xE6BD, 0xDEBD, 0x9CB4, 0x0000,
  0x0022, 0x0021, 0x0021, 0x0021, 0x0021, 0x0021, 0x0021, 0x0021, 0x0022, 0x0022, 0x0022, 0x0022,
  0x0022, 0x0022, 0x0022, 0x0022, 0x0022, 0x0022, 0x0022, 0x0022, 0x0022, 0x0022, 0x0022, 0x0022,
  0x0022, 0x0042, 0x0042, 0x0042, 0x0042, 0x0042, 0x0042, 0x0042, 0x0042, 0x0042, 0x0042, 0x0042,
  0x0042, 0x0042, 0x0042, 0x0042, 0x0042, 0x0042, 0x0042, 0x0022, 0x0022, 0x0022, 0x0022, 0x0022,
  0x0022, 0x0042, 0x0022, 0x0022, 0x0022, 0x0022, 0x0022, 0x0042, 0x10C6, 0x0884, 0x0000, 0x0864,
  0x29CD, 0x6376, 0x8CB9, 0x6B92, 0x29A9, 0x1906, 0x29CD, 0x4B17, 0x42B2, 0xAD9B, 0xAD9B, 0x6BB6,
  0x7418, 0x198B, 0x5B93, 0xBE3D, 0x52EF, 0x21CE, 0x29CD, 0x21AF, 0x5353, 0xA57A, 0xCE5D, 0xE71E,
  0x9D17, 0x218E, 0x73D8, 0x3A0C, 0x0041, 0x10C4, 0x3A6E, 0xA57A, 0xC63C, 0x5D3F, 0x1AD2, 0x0000,
  0x0000, 0x0000, 0x0000, 0x0000, 0x0000, 0x0000, 0x0000, 0x0000, 0x0000, 0x0000, 0x0000, 0x0000,
  0x0000, 0x0000, 0x0000, 0x0000, 0x0000, 0x0000, 0x0000, 0x0000, 0x0000, 0x0000, 0x0000, 0x2B75,
  0x2B55, 0x0000, 0x0022, 0x0021, 0x0021, 0x0021, 0x0021, 0x0021, 0x0021, 0x0021, 0x0021, 0x0021,
  0x0021, 0x0021, 0x0021, 0x0021, 0x0021, 0x0021, 0x0022, 0x0000, 0x3187, 0xDE7C, 0xD65B, 0xD65B,
  0xD67C, 0x8C12, 0x4A6A, 0x39E8, 0x2104, 0x39A7, 0xD65B, 0xD67C, 0xD63B, 0xE6BD, 0x528B, 0x0000,
  0x528B, 0xE6BD, 0xCE3B, 0xD67C, 0xC5D9, 0x0842, 0x0000, 0x0001, 0x0000, 0x0000, 0x0000, 0x0021,
  0x0021, 0x0021, 0x0021, 0x0001, 0x18C3, 0xCDFA, 0xD67C, 0xD65B, 0xE6BD, 0x4A2A, 0x0000, 0x0022,
  0x0021, 0x0021, 0x0021, 0x0021, 0x0021, 0x0021, 0x0021, 0x0021, 0x0021, 0x0021, 0x0021, 0x0000,
  0x18C4, 0xCE1A, 0xD65C, 0xCE3B, 0xDE9D, 0x4A4A, 0x0000, 0x0022, 0x0022, 0x0000, 0x8C32, 0xE6DD,
  0xD63B, 0xCE3B, 0xDE9D, 0x5ACC, 0x0000, 0x0042, 0x0042, 0x0000, 0x8411, 0xE6DD, 0xD63B, 0xCE3B,
  0xE6BD, 0x8C53, 0x0000, 0x83F1, 0xE6DD, 0xD63B, 0xDEBD, 0x9C94, 0x0000, 0x0042, 0x0021, 0x0021,
  0xB557, 0xDE9C, 0xD65B, 0xDEBD, 0x9C94, 0x0000, 0x0000, 0x7BB0, 0xDE9C, 0xE6DD, 0x7BB0, 0x0000,
  0x0022, 0x0021, 0x0021, 0x0021, 0x0021, 0x0021, 0x0021, 0x0021, 0x0022, 0x0022, 0x0022, 0x0022,
  0x0022, 0x0022, 0x0022, 0x0022, 0x0022, 0x0022, 0x0022, 0x0022, 0x0022, 0x0022, 0x0022, 0x0022,
  0x0042, 0x0042, 0x0042, 0x0042, 0x0042, 0x0043, 0x0042, 0x0042, 0x0023, 0x0043, 0x0042, 0x0042,
  0x0042, 0x0042, 0x0043, 0x0042, 0x0042, 0x0042, 0x0042, 0x0042, 0x0042, 0x0042, 0x0042, 0x0022,
  0x0042, 0x0042, 0x0042, 0x0022, 0x0022, 0x0022, 0x0022, 0x0001, 0x0001, 0x10E8, 0x42B5, 0x63DD,
  0x6BFD, 0x847A, 0x9CFA, 0x426D, 0x6BB4, 0x4A6D, 0x110B, 0x0022, 0x0064, 0x84B9, 0xCE5C, 0x7C39,
  0x4B14, 0x218A, 0x3A6F, 0xB63E, 0x7BF3, 0x0864, 0x3A70, 0x5336, 0x42D1, 0x94D8, 0xC61D, 0xDEFE,
  0xBDDA, 0x2128, 0x3A2F, 0x5B11, 0x31A9, 0x08A3, 0x29AA, 0x8CD8, 0xBDFB, 0x9DFD, 0x347D, 0x08C5,
  0x0000, 0x0000, 0x0000, 0x0000, 0x0000, 0x0000, 0x0000, 0x0000, 0x0000, 0x0000, 0x0000, 0x0000,
  0x0000, 0x0000, 0x0000, 0x0000, 0x0000, 0x0000, 0x0000, 0x0000, 0x0000, 0x0000, 0x08C5, 0x3CDE,
  0x08E6, 0x0000, 0x0022, 0x0021, 0x0021, 0x0021, 0x0021, 0x0021, 0x0021, 0x0021, 0x0021, 0x0021,
  0x0021, 0x0021, 0x0021, 0x0021, 0x0021, 0x0021, 0x0021, 0x0000, 0x2125, 0xD65B, 0xD65B, 0xD63B,
  0xDEBD, 0x39C8, 0x0000, 0x0000, 0x0000, 0x10A3, 0xCE1A, 0xD67C, 0xD63B, 0xE6DD, 0x5ACC, 0x0000,
  0x4A6A, 0xE6BD, 0xD63B, 0xD67C, 0xCE1A, 0x3186, 0x2104, 0x2966, 0x31A7, 0x39E9, 0x39E8, 0x0842,
  0x0021, 0x0021, 0x0021, 0x0001, 0x10A3, 0xC5FA, 0xD67C, 0xCE3B, 0xE6BD, 0x4A4A, 0x0000, 0x0022,
  0x0021, 0x0021, 0x0021, 0x0021, 0x0021, 0x0021, 0x0021, 0x0021, 0x0021, 0x0021, 0x0021, 0x0000,
  0x18E4, 0xCE1A, 0xD65B, 0xCE3B, 0xDE9D, 0x4A29, 0x0000, 0x0022, 0x0022, 0x0000, 0x4A4A, 0xE6DD,
  0xD65B, 0xD65B, 0xD67C, 0xC5FA, 0x2966, 0x0000, 0x0000, 0x4209, 0xD63B, 0xD65B, 0xD65B, 0xD63B,
  0xE6BD, 0x4A4A, 0x0000, 0x83F1, 0xE6DD, 0xCE3B, 0xDE9C, 0xB557, 0x0001, 0x0021, 0x0000, 0x10A3,
  0xCE3A, 0xD67C, 0xD63B, 0xDEBD, 0x8C32, 0x0000, 0x0000, 0x8C11, 0xE6FE, 0xE6BD, 0x52AC, 0x0000,
  0x0022, 0x0021, 0x0021, 0x0021, 0x0021, 0x0021, 0x0021, 0x0021, 0x0021, 0x0021, 0x0022, 0x0022,
  0x0022, 0x0022, 0x0022, 0x0022, 0x0022, 0x0022, 0x0022, 0x0022, 0x0022, 0x0022, 0x0022, 0x0042,
  0x0042, 0x0042, 0x0042, 0x0042, 0x0043, 0x0043, 0x0043, 0x0043, 0x0043, 0x0043, 0x0043, 0x0043,
  0x0043, 0x0043, 0x0043, 0x0043, 0x0043, 0x0043, 0x0043, 0x0042, 0x0042, 0x0042, 0x0042, 0x0042,
  0x0042, 0x0042, 0x0022, 0x0022, 0x0022, 0x0022, 0x0042, 0x10E7, 0x3232, 0x4AF8, 0x42D6, 0x29EF,
  0x214A, 0x6355, 0x94DC, 0x7C58, 0x9D1B, 0x9D1C, 0x10A5, 0x0000, 0x218C, 0x6BF8, 0xBE1B, 0x8CDD,
  0x2A32, 0x0862, 0x2A0D, 0x8CD9, 0xAD79, 0x0042, 0x0000, 0x10C6, 0x29EE, 0x8CD8, 0xC5FC, 0xDEBE,
  0xD67C, 0x73F5, 0x5314, 0x6395, 0x424C, 0x0842, 0x0884, 0x6C36, 0x9DBA, 0xCE9C, 0x5D7F, 0x22F2,
  0x0000, 0x0000, 0x0000, 0x0000, 0x0000, 0x0000, 0x0000, 0x0000, 0x0000, 0x0000, 0x0000, 0x0000,
  0x0000, 0x0000, 0x0000, 0x0000, 0x0000, 0x0000, 0x0000, 0x0000, 0x0000, 0x0000, 0x2B54, 0x3396,
  0x0000, 0x0022, 0x0021, 0x0021, 0x0021, 0x0021, 0x0021, 0x0021, 0x0021, 0x0021, 0x0021, 0x0021,
  0x0021, 0x0021, 0x0021, 0x0021, 0x0021, 0x0021, 0x0021, 0x0001, 0x18E4, 0xCE3A, 0xD65C, 0xCE3B,
  0xDEBD, 0x526A, 0x0000, 0x0862, 0x0021, 0x10A3, 0xC5F9, 0xD67C, 0xCE3B, 0xE6DD, 0x630E, 0x0000,
  0x4A29, 0xDEBD, 0xD65B, 0xD65B, 0xD65B, 0xCE3B, 0xD65B, 0xD67C, 0xDE9C, 0xDEBC, 0xEEFE, 0x4A4A,
  0x0000, 0x0022, 0x0021, 0x0001, 0x1082, 0xC5D9, 0xD67C, 0xCE3B, 0xDEBD, 0x4A6A, 0x0000, 0x0022,
  0x0021, 0x0021, 0x0021, 0x0021, 0x0021, 0x0021, 0x0021, 0x0021, 0x0021, 0x0021, 0x0021, 0x0000,
  0x18E4, 0xCE3A, 0xD65B, 0xCE3B, 0xDEBD, 0x4A29, 0x0000, 0x0022, 0x0021, 0x0021, 0x0841, 0xB577,
  0xDE9C, 0xD63B, 0xD65B, 0xDEBC, 0xCE3B, 0x9473, 0x9CB4, 0xDE7C, 0xD65C, 0xD65B, 0xD65B, 0xDE9C,
  0xB578, 0x0862, 0x0000, 0x6B4E, 0xE6DD, 0xD65B, 0xD65B, 0xDE9C, 0x5ACC, 0x0000, 0x0021, 0x7BD1,
  0xE6DD, 0xD65B, 0xD63B, 0xE6BD, 0x734E, 0x0000, 0x0001, 0x528C, 0xBDB8, 0xC5FA, 0x2966, 0x0000,
  0x0022, 0x0021, 0x0021, 0x0021, 0x0021, 0x0021, 0x0021, 0x0021, 0x0022, 0x0022, 0x0022, 0x0022,
  0x0022, 0x0022, 0x0022, 0x0022, 0x0022, 0x0022, 0x0022, 0x0022, 0x0022, 0x0022, 0x0022, 0x0022,
  0x0042, 0x0042, 0x0042, 0x0042, 0x0043, 0x0043, 0x0043, 0x0043, 0x0043, 0x0043, 0x0043, 0x0043,
  0x0043, 0x0043, 0x0043, 0x0043, 0x0043, 0x0043, 0x0043, 0x0043, 0x0043, 0x0043, 0x0042, 0x0042,
  0x0042, 0x0042, 0x0042, 0x0022, 0x0022, 0x0042, 0x10C6, 0x1928, 0x10C7, 0x0043, 0x0000, 0x0000,
  0x4AB4, 0x8C9D, 0x7C3A, 0x7C7A, 0x6BD7, 0x94DD, 0x2969, 0x0022, 0x194C, 0x29ED, 0xA59B, 0xB5DD,
  0x2A32, 0x0000, 0x0042, 0x6BD4, 0xCE7E, 0x3A0B, 0x29AC, 0x5334, 0x42D2, 0x7C55, 0xB5B9, 0xBE3B,
  0xC69D, 0x9D19, 0x5335, 0x6BDA, 0x216A, 0x0864, 0x0043, 0x63F5, 0xA59B, 0xDEBD, 0x8D9C, 0x347D,
  0x08C4, 0x0000, 0x0000, 0x0000, 0x0000, 0x0000, 0x0000, 0x0000, 0x0000, 0x0000, 0x0000, 0x0000,
  0x0000, 0x0000, 0x0000, 0x0000, 0x0000, 0x0000, 0x0000, 0x0000, 0x0000, 0x08A4, 0x3CDE, 0x0907,
  0x0000, 0x0022, 0x0021, 0x0021, 0x0021, 0x0021, 0x0021, 0x0021, 0x0021, 0x0021, 0x0021, 0x0021,
  0x0021, 0x0021, 0x0021, 0x0021, 0x0021, 0x0021, 0x0021, 0x0001, 0x10A3, 0xCDFA, 0xD65C, 0xCE3B,
  0xE6BD, 0x5AAC, 0x0000, 0x0042, 0x0001, 0x0862, 0xBDB8, 0xDE7C, 0xCE3B, 0xE6DD, 0x6B4F, 0x0000,
  0x39E8, 0xDE7C, 0xD63B, 0xD65B, 0xD63B, 0xD63B, 0xD63B, 0xD65B, 0xCE3B, 0xCE1A, 0xDE9D, 0x5ACC,
  0x0000, 0x0022, 0x0021, 0x0001, 0x0882, 0xC5B9, 0xD65C, 0xCE3B, 0xE6BD, 0x528B, 0x0000, 0x0022,
  0x0021, 0x0021, 0x0021, 0x0021, 0x0021, 0x0021, 0x0021, 0x0021, 0x0021, 0x0021, 0x0021, 0x0000,
  0x18E4, 0xCE1A, 0xD63B, 0xCE3A, 0xDE9C, 0x4209, 0x0000, 0x0021, 0x0021, 0x0022, 0x0000, 0x39C8,
  0xDEBD, 0xD65B, 0xD63B, 0xD65B, 0xD65B, 0xDE9D, 0xDEBD, 0xD67C, 0xD65B, 0xD65B, 0xD65B, 0xE6DD,
  0x4209, 0x0000, 0x0000, 0x39C8, 0xDEBD, 0xD65B, 0xD65B, 0xD65B, 0xD67C, 0xB557, 0xBD98, 0xE6BD,
  0xD67B, 0xD65B, 0xD65B, 0xE6BD, 0x4208, 0x0000, 0x0021, 0x0000, 0x0862, 0x0041, 0x0000, 0x0021,
  0x0021, 0x0021, 0x0021, 0x0021, 0x0021, 0x0021, 0x0021, 0x0021, 0x0021, 0x0022, 0x0022, 0x0022,
  0x0022, 0x0022, 0x0022, 0x0022, 0x0022, 0x0022, 0x0022, 0x0022, 0x0022, 0x0022, 0x0022, 0x0022,
  0x0042, 0x0042, 0x0043, 0x0043, 0x0043, 0x0043, 0x0043, 0x0043, 0x0043, 0x0043, 0x0043, 0x0043,
  0x0043, 0x0043, 0x0043, 0x0043, 0x0043, 0x0043, 0x0043, 0x0043, 0x0043, 0x0043, 0x0043, 0x0043,
  0x0042, 0x0042, 0x0042, 0x0042, 0x0042, 0x0042, 0x0022, 0x0001, 0x0001, 0x0022, 0x0001, 0x3232,
  0x63DD, 0x5317, 0x6BDB, 0x5316, 0x29AD, 0x7C3D, 0x4271, 0x0064, 0x0064, 0x0085, 0x7457, 0xC63D,
  0x5311, 0x0000, 0x0001, 0x3A8E, 0xCE9E, 0x73D2, 0x0864, 0x6398, 0x4AF3, 0x7455, 0xADFB, 0xBE5D,
  0xD6FE, 0xC67D, 0x3A50, 0x52F5, 0x4272, 0x0000, 0x0001, 0x42B0, 0xA57A, 0xCE7D, 0xB59A, 0x4CDE,
  0x22D1, 0x0000, 0x0000, 0x0000, 0x0000, 0x0000, 0x0000, 0x0000, 0x0000, 0x0000, 0x0000, 0x0000,
  0x0000, 0x0000, 0x0000, 0x0000, 0x0000, 0x0000, 0x0000, 0x0000, 0x0000, 0x22F2, 0x33B7, 0x0000,
  0x0022, 0x0021, 0x0021, 0x0021, 0x0021, 0x0021, 0x0021, 0x0021, 0x0021, 0x0021, 0x0021, 0x0021,
  0x0021, 0x0021, 0x0021, 0x0021, 0x0021, 0x0021, 0x0021, 0x0001, 0x1082, 0xC5B9, 0xD67C, 0xCE3B,
  0xE6BD, 0x630E, 0x0000, 0x0041, 0x0021, 0x0041, 0xB577, 0xD67C, 0xCE3B, 0xDEBD, 0x7BB0, 0x0000,
  0x39C8, 0xE6BD, 0xDE9C, 0xDEBD, 0xDEBD, 0xDEBD, 0xE6BD, 0xE6DD, 0xE6DD, 0xDEBD, 0xEF1F, 0x5AAC,
  0x0000, 0x0022, 0x0021, 0x0021, 0x0021, 0xB557, 0xEEFE, 0xDE9C, 0xE6DD, 0x4229, 0x0000, 0x0022,
  0x0021, 0x0021, 0x0021, 0x0021, 0x0021, 0x0021, 0x0021, 0x0021, 0x0021, 0x0021, 0x0021, 0x0001,
  0x10A3, 0xD65B, 0xE6DE, 0xDE9D, 0xEEFE, 0x41E8, 0x0000, 0x0022, 0x0021, 0x0021, 0x0021, 0x0000,
  0x528B, 0xD67C, 0xDEBD, 0xD65B, 0xCE3B, 0xCE1A, 0xCE3B, 0xD65B, 0xD65B, 0xDE9C, 0xE6DD, 0x630D,
  0x0000, 0x0022, 0x0021, 0x0841, 0xB598, 0xDE9C, 0xCE3B, 0xD65B, 0xD65B, 0xDE7C, 0xDE9C, 0xD65B,
  0xD65B, 0xD65B, 0xDE9C, 0xC5D9, 0x0862, 0x0000, 0x10A3, 0x9493, 0xC5D9, 0x83F1, 0x1083, 0x0021,
  0x0021, 0x0021, 0x0021, 0x0021, 0x0021, 0x0021, 0x0021, 0x0021, 0x0021, 0x0022, 0x0022, 0x0022,
  0x0022, 0x0022, 0x0022, 0x0022, 0x0022, 0x0022, 0x0022, 0x0022, 0x0022, 0x0022, 0x0042, 0x0042,
  0x0042, 0x0042, 0x0042, 0x0043, 0x0043, 0x0043, 0x0043, 0x0043, 0x0043, 0x0043, 0x0043, 0x0043,
  0x0043, 0x0043, 0x0043, 0x0043, 0x0043, 0x0043, 0x0043, 0x0043, 0x0043, 0x0043, 0x0043, 0x0043,
  0x0043, 0x0043, 0x0042, 0x0042, 0x0042, 0x0042, 0x0042, 0x0042, 0x0043, 0x0000, 0x194C, 0x539D,
  0x42B6, 0x29F0, 0x5BDE, 0x2A11, 0x0885, 0x63BC, 0x5337, 0x0044, 0x0042, 0x0001, 0x42D1, 0xBE1D,
  0x8C75, 0x0002, 0x0002, 0x1928, 0xA59B, 0x9D18, 0x4294, 0x29EF, 0x5356, 0x7CF9, 0xA55A, 0xC63D,
  0xE71E, 0xD6BD, 0x52F2, 0x1909, 0x5338, 0x0021, 0x0000, 0x29EC, 0x9D5A, 0xBE3D, 0xCE3B, 0x6479,
  0x2C5C, 0x0883, 0x0000, 0x0000, 0x0000, 0x0000, 0x0000, 0x0000, 0x0000, 0x0000, 0x0000, 0x0000,
  0x0000, 0x0000, 0x0000, 0x0000, 0x0000, 0x0000, 0x0000, 0x0000, 0x0062, 0x3C9C, 0x1169, 0x0000,
  0x0022, 0x0021, 0x0021, 0x0021, 0x0021, 0x0021, 0x0021, 0x0021, 0x0021, 0x0021, 0x0021, 0x0021,
  0x0021, 0x0021, 0x0021, 0x0021, 0x0021, 0x0021, 0x0021, 0x0001, 0x0841, 0xBD98, 0xDE7C, 0xCE3B,
  0xE6DE, 0x738F, 0x0000, 0x0042, 0x0021, 0x0000, 0xAD16, 0xEF1E, 0xDE9C, 0xE6DD, 0x6B0D, 0x0000,
  0x10A4, 0x9C94, 0xAD16, 0x9CD5, 0x9473, 0x8C32, 0x7BD1, 0x736F, 0x6B0D, 0x5AAC, 0x4A4A, 0x1083,
  0x0001, 0x0021, 0x0021, 0x0021, 0x0001, 0x18E4, 0x4209, 0x4209, 0x3187, 0x0041, 0x0021, 0x0021,
  0x0021, 0x0021, 0x0021, 0x0021, 0x0021, 0x0021, 0x0021, 0x0021, 0x0021, 0x0021, 0x0021, 0x0021,
  0x0001, 0x31A7, 0x6B2E, 0x6B4E, 0x62EC, 0x0863, 0x0001, 0x0021, 0x0021, 0x0021, 0x0021, 0x0021,
  0x0000, 0x3186, 0xA4D5, 0xD65B, 0xDEBD, 0xE6DD, 0xE6BD, 0xE6DD, 0xDE7C, 0xB557, 0x4229, 0x0000,
  0x0021, 0x0021, 0x0022, 0x0000, 0x39C8, 0xDE7C, 0xDE9C, 0xD65B, 0xD63B, 0xCE3B, 0xCE3B, 0xD63B,
  0xCE3B, 0xD67C, 0xEF1E, 0x528B, 0x0000, 0x0000, 0x8411, 0xEF3E, 0xD67C, 0xEF1F, 0x8411, 0x0000,
  0x0022, 0x0021, 0x0021, 0x0021, 0x0021, 0x0021, 0x0021, 0x0021, 0x0021, 0x0022, 0x0022, 0x0022,
  0x0022, 0x0022, 0x0022, 0x0022, 0x0022, 0x0022, 0x0022, 0x0022, 0x0022, 0x0022, 0x0022, 0x0042,
  0x0042, 0x0042, 0x0043, 0x0043, 0x0043, 0x0043, 0x0043, 0x0043, 0x0043, 0x0043, 0x0043, 0x0043,
  0x0043, 0x0043, 0x0043, 0x0043, 0x0043, 0x0043, 0x0043, 0x0043, 0x0043, 0x0043, 0x0043, 0x0043,
  0x0043, 0x0043, 0x0043, 0x0043, 0x0042, 0x0042, 0x0042, 0x0042, 0x0021, 0x0065, 0x32B9, 0x3AD9,
  0x08A6, 0x3275, 0x53BD, 0x196D, 0x0001, 0x4AF8, 0x5BBA, 0x0885, 0x0022, 0x0001, 0x1969, 0x9D5A,
  0xB61B, 0x2168, 0x0001, 0x0064, 0x7C56, 0xB5FD, 0x3A4F, 0x08A7, 0x3A73, 0x2A0C, 0x94D9, 0xBDDC,
  0xDEFE, 0xDEDD, 0x8479, 0x0884, 0x4AD4, 0x1908, 0x0001, 0x29ED, 0x951A, 0xC63D, 0xD6BD, 0x8497,
  0x44BF, 0x1A6F, 0x0000, 0x0000, 0x0000, 0x0000, 0x0000, 0x0000, 0x0000, 0x0000, 0x0000, 0x0000,
  0x0000, 0x0000, 0x0000, 0x0000, 0x0000, 0x0000, 0x0000, 0x0000, 0x1A2E, 0x33F9, 0x0000, 0x0021,
  0x0021, 0x0021, 0x0021, 0x0021, 0x0021, 0x0021, 0x0021, 0x0021, 0x0021, 0x0021, 0x0021, 0x0021,
  0x0021, 0x0021, 0x0021, 0x0021, 0x0021, 0x0021, 0x0021, 0x0021, 0x0000, 0x9473, 0xDE9D, 0xCE1A,
  0xCE3B, 0x528B, 0x0000, 0x0022, 0x0021, 0x0001, 0x2126, 0x526B, 0x41E9, 0x3187, 0x0041, 0x0001,
  0x0001, 0x0000, 0x0001, 0x0000, 0x0000, 0x0000, 0x0000, 0x0000, 0x0000, 0x0000, 0x0000, 0x0001,
  0x0021, 0x0021, 0x0021, 0x0021, 0x0021, 0x0001, 0x0000, 0x0000, 0x0000, 0x0021, 0x0021, 0x0021,
  0x0021, 0x0021, 0x0021, 0x0021, 0x0021, 0x0021, 0x0021, 0x0021, 0x0021, 0x0021, 0x0021, 0x0021,
  0x0021, 0x0000, 0x0000, 0x0000, 0x0000, 0x0001, 0x0021, 0x0021, 0x0021, 0x0021, 0x0021, 0x0021,
  0x0022, 0x0000, 0x0000, 0x2125, 0x4A4A, 0x6B0D, 0x6B2E, 0x5ACC, 0x3187, 0x0021, 0x0000, 0x0022,
  0x0021, 0x0021, 0x0021, 0x0021, 0x0000, 0x39C8, 0xBD98, 0xDEBD, 0xDE9D, 0xDEBD, 0xE6BD, 0xDEBD,
  0xDEBD, 0xD67C, 0x630D, 0x0000, 0x0042, 0x0001, 0xAD37, 0xDE9C, 0xCE3A, 0xD67C, 0xB557, 0x0001,
  0x0021, 0x0021, 0x0021, 0x0021, 0x0021, 0x0021, 0x0021, 0x0021, 0x0022, 0x0022, 0x0022, 0x0022,
  0x0022, 0x0022, 0x0022, 0x0022, 0x0022, 0x0022, 0x0022, 0x0022, 0x0022, 0x0022, 0x0042, 0x0042,
  0x0042, 0x0042, 0x0043, 0x0043, 0x0043, 0x0043, 0x0043, 0x0043, 0x0023, 0x0023, 0x0043, 0x0043,
  0x0043, 0x0043, 0x0043, 0x0043, 0x0043, 0x0043, 0x0043, 0x0043, 0x0043, 0x0043, 0x0043, 0x0043,
  0x0043, 0x0043, 0x0043, 0x0043, 0x0043, 0x0042, 0x0042, 0x0043, 0x0001, 0x21F2, 0x32B9, 0x0885,
  0x0064, 0x3AD9, 0x3ADA, 0x08A8, 0x0000, 0x21AE, 0x5BBC, 0x08A5, 0x0021, 0x0001, 0x10E5, 0x8CF9,
  0xCEBE, 0x6370, 0x0000, 0x0022, 0x4B52, 0xBE5E, 0x52AC, 0x08A7, 0x216C, 0x08C5, 0x8498, 0xB5BC,
  0xD6BE, 0xDEFE, 0x7C35, 0x1929, 0x2169, 0x216A, 0x216B, 0x3250, 0x7416, 0xBDFD, 0xDEDE, 0xA539,
  0x541B, 0x345A, 0x0041, 0x0000, 0x0000, 0x0000, 0x0000, 0x0000, 0x0000, 0x0000, 0x0000, 0x0000,
  0x0000, 0x0000, 0x0000, 0x0000, 0x0000, 0x0000, 0x0000, 0x0000, 0x341A, 0x1A0D, 0x0000, 0x0022,
  0x0021, 0x0021, 0x0021, 0x0021, 0x0021, 0x0021, 0x0021, 0x0021, 0x0021, 0x0021, 0x0021, 0x0021,
  0x0021, 0x0021, 0x0021, 0x0021, 0x0021, 0x0021, 0x0021, 0x0021, 0x0001, 0x0862, 0x2946, 0x2125,
  0x1083, 0x0001, 0x0021, 0x0021, 0x0021, 0x0021, 0x0000, 0x0000, 0x0000, 0x0000, 0x0001, 0x0021,
  0x0021, 0x0021, 0x0021, 0x0021, 0x0022, 0x0022, 0x0022, 0x0022, 0x0022, 0x0022, 0x0022, 0x0021,
  0x0021, 0x0021, 0x0021, 0x0021, 0x0021, 0x0021, 0x0022, 0x0022, 0x0021, 0x0021, 0x0021, 0x0021,
  0x0021, 0x0021, 0x0021, 0x0021, 0x0021, 0x0021, 0x0021, 0x0021, 0x0021, 0x0021, 0x0021, 0x0021,
  0x0021, 0x0022, 0x0022, 0x0022, 0x0042, 0x0021, 0x0021, 0x0021, 0x0021, 0x0021, 0x0021, 0x0021,
  0x0021, 0x0021, 0x0021, 0x0000, 0x0000, 0x0000, 0x0000, 0x0000, 0x0000, 0x0021, 0x0021, 0x0021,
  0x0021, 0x0021, 0x0021, 0x0021, 0x0021, 0x0000, 0x0041, 0x41E9, 0x736F, 0x9453, 0x9CB4, 0x8C32,
  0x6B2D, 0x2105, 0x0000, 0x0021, 0x0042, 0x0000, 0x736F, 0xEF1E, 0xDE9C, 0xF75F, 0x8C32, 0x0000,
  0x0022, 0x0021, 0x0021, 0x0021, 0x0021, 0x0021, 0x0021, 0x0021, 0x0021, 0x0022, 0x0022, 0x0022,
  0x0022, 0x0022, 0x0022, 0x0022, 0x0022, 0x0022, 0x0022, 0x0022, 0x0022, 0x0022, 0x0042, 0x0042,
  0x0043, 0x0043, 0x0043, 0x0043, 0x0023, 0x0023, 0x0023, 0x0022, 0x0021, 0x0001, 0x0021, 0x0022,
  0x0043, 0x0043, 0x0043, 0x0043, 0x0043, 0x0043, 0x0043, 0x0043, 0x0043, 0x0043, 0x0043, 0x0043,
  0x0043, 0x0043, 0x0043, 0x0043, 0x0043, 0x0043, 0x0043, 0x0001, 0x112B, 0x32DA, 0x08A7, 0x0000,
  0x110A, 0x32BA, 0x2215, 0x0021, 0x0021, 0x0885, 0x537A, 0x10C6, 0x0000, 0x0042, 0x0022, 0x5332,
  0xC63D, 0x9CF7, 0x0043, 0x0001, 0x328E, 0xB63E, 0x8433, 0x08C7, 0x10C6, 0x0043, 0x6BD4, 0xAD9B,
  0xCE5D, 0xE71F, 0x8C94, 0x10C5, 0x0883, 0x218A, 0x52D3, 0x0883, 0x5B73, 0xADBC, 0xDEFE, 0xB5DB,
  0x4AF5, 0x44DE, 0x19EC, 0x0000, 0x0000, 0x0000, 0x0000, 0x0000, 0x0000, 0x0000, 0x0000, 0x0000,
  0x0000, 0x0000, 0x0000, 0x0000, 0x0000, 0x0000, 0x0000, 0x1169, 0x3C9C, 0x0042, 0x0001, 0x0021,
  0x0021, 0x0021, 0x0021, 0x0021, 0x0021, 0x0021, 0x0021, 0x0021, 0x0021, 0x0021, 0x0021, 0x0021,
  0x0021, 0x0021, 0x0021, 0x0021, 0x0021, 0x0021, 0x0021, 0x0021, 0x0021, 0x0001, 0x0000, 0x0000,
  0x0001, 0x0021, 0x0021, 0x0021, 0x0021, 0x0021, 0x0021, 0x0022, 0x0022, 0x0022, 0x0021, 0x0021,
  0x0021, 0x0021, 0x0021, 0x0021, 0x0021, 0x0021, 0x0021, 0x0021, 0x0021, 0x0021, 0x0021, 0x0021,
  0x0021, 0x0021, 0x0021, 0x0021, 0x0021, 0x0021, 0x0021, 0x0021, 0x0021, 0x0021, 0x0021, 0x0021,
  0x0021, 0x0021, 0x0021, 0x0021, 0x0021, 0x0021, 0x0021, 0x0021, 0x0021, 0x0021, 0x0021, 0x0021,
  0x0021, 0x0021, 0x0021, 0x0021, 0x0021, 0x0021, 0x0021, 0x0021, 0x0021, 0x0021, 0x0021, 0x0021,
  0x0021, 0x0021, 0x0021, 0x0021, 0x0022, 0x0022, 0x0022, 0x0022, 0x0021, 0x0021, 0x0021, 0x0021,
  0x0021, 0x0021, 0x0021, 0x0021, 0x0021, 0x0021, 0x0001, 0x0000, 0x0000, 0x0000, 0x0000, 0x0000,
  0x0000, 0x0000, 0x0021, 0x0021, 0x0021, 0x0021, 0x0021, 0x6B2E, 0xAD36, 0x8411, 0x1083, 0x0001,
  0x0021, 0x0021, 0x0021, 0x0021, 0x0021, 0x0021, 0x0021, 0x0022, 0x0022, 0x0022, 0x0022, 0x0022,
  0x0022, 0x0022, 0x0022, 0x0022, 0x0022, 0x0022, 0x0022, 0x0022, 0x0022, 0x0022, 0x0042, 0x0042,
  0x0043, 0x0043, 0x0043, 0x0043, 0x0023, 0x0022, 0x0000, 0x0000, 0x0000, 0x0000, 0x0000, 0x0000,
  0x0000, 0x0022, 0x0043, 0x0043, 0x0043, 0x0043, 0x0043, 0x0043, 0x0043, 0x0043, 0x0043, 0x0063,
  0x0063, 0x0043, 0x0043, 0x0043, 0x0043, 0x0043, 0x0042, 0x0063, 0x3254, 0x08C7, 0x0021, 0x0021,
  0x196F, 0x3AFC, 0x196E, 0x0000, 0x0043, 0x0000, 0x3A51, 0x2149, 0x0000, 0x0043, 0x0001, 0x1969,
  0x9D5A, 0xBE1C, 0x2147, 0x0000, 0x21CB, 0x8CFA, 0xB5BA, 0x1106, 0x0021, 0x0001, 0x5331, 0xAD7A,
  0xC63D, 0xDEFE, 0xBDDA, 0x0884, 0x0063, 0x5B54, 0x31CB, 0x0000, 0x42D0, 0xA55B, 0xD6BE, 0xCE7C,
  0x6BB7, 0x545C, 0x33F8, 0x0000, 0x0000, 0x0000, 0x0000, 0x0000, 0x0000, 0x0000, 0x0000, 0x0000,
  0x0000, 0x0000, 0x0000, 0x0000, 0x0000, 0x0000, 0x0000, 0x2B95, 0x2B13, 0x0000, 0x0022, 0x0021,
  0x0021, 0x0021, 0x0021, 0x0021, 0x0021, 0x0021, 0x0021, 0x0021, 0x0021, 0x0021, 0x0021, 0x0021,
  0x0021, 0x0021, 0x0021, 0x0021, 0x0021, 0x0021, 0x0021, 0x0021, 0x0021, 0x0021, 0x0021, 0x0021,
  0x0021, 0x0021, 0x0021, 0x0021, 0x0021, 0x0021, 0x0021, 0x0021, 0x0021, 0x0021, 0x0021, 0x0021,
  0x0021, 0x0021, 0x0021, 0x0021, 0x0022, 0x0042, 0x0042, 0x0042, 0x0042, 0x0022, 0x0022, 0x0042,
  0x0042, 0x0021, 0x0021, 0x0021, 0x0021, 0x0021, 0x0021, 0x0021, 0x0021, 0x0021, 0x0021, 0x0021,
  0x0021, 0x0021, 0x0021, 0x0021, 0x0021, 0x0021, 0x0021, 0x0021, 0x0021, 0x0021, 0x0021, 0x0021,
  0x0021, 0x0021, 0x0021, 0x0021, 0x0021, 0x0021, 0x0021, 0x0021, 0x0021, 0x0021, 0x0021, 0x0021,
  0x0021, 0x0021, 0x0021, 0x0021, 0x0021, 0x0021, 0x0021, 0x0021, 0x0021, 0x0021, 0x0021, 0x0021,
  0x0021, 0x0021, 0x0021, 0x0021, 0x0021, 0x0021, 0x0021, 0x0021, 0x0042, 0x0022, 0x0021, 0x0021,
  0x0022, 0x0021, 0x0021, 0x0021, 0x0021, 0x0021, 0x0021, 0x0000, 0x0000, 0x0000, 0x0001, 0x0021,
  0x0021, 0x0021, 0x0021, 0x0021, 0x0021, 0x0021, 0x0021, 0x0021, 0x0022, 0x0022, 0x0022, 0x0022,
  0x0022, 0x0022, 0x0022, 0x0022, 0x0022, 0x0022, 0x0022, 0x0022, 0x0022, 0x0022, 0x0042, 0x0043,
  0x0043, 0x0042, 0x0023, 0x0023, 0x0022, 0x0000, 0x0000, 0x0000, 0x0000, 0x0000, 0x0000, 0x0000,
  0x0000, 0x0000, 0x0022, 0x0043, 0x0043, 0x0043, 0x0043, 0x0063, 0x0063, 0x0063, 0x0043, 0x0063,
  0x0043, 0x0043, 0x0043, 0x0043, 0x0043, 0x0043, 0x0022, 0x1949, 0x10E7, 0x0000, 0x0042, 0x0021,
  0x21F3, 0x32DB, 0x00A7, 0x0022, 0x0042, 0x0001, 0x10C6, 0x1928, 0x0001, 0x0043, 0x0022, 0x0063,
  0x6BD5, 0xC63E, 0x5B0F, 0x0001, 0x1107, 0x5B93, 0xCE9E, 0x3A2B, 0x0000, 0x0002, 0x3A6E, 0xA559,
  0xBDFC, 0xDEBE, 0xCE7D, 0x2147, 0x31CC, 0x5B34, 0x0884, 0x0000, 0x29AA, 0x94F9, 0xCE7E, 0xDEDC,
  0x8479, 0x63FA, 0x44FF, 0x1127, 0x0000, 0x0000, 0x0000, 0x0000, 0x0000, 0x0000, 0x0000, 0x0000,
  0x0000, 0x0000, 0x0000, 0x0000, 0x0000, 0x0000, 0x0883, 0x3CBC, 0x0906, 0x0000, 0x0021, 0x0021,
  0x0021, 0x0021, 0x0021, 0x0021, 0x0021, 0x0021, 0x0021, 0x0021, 0x0021, 0x0021, 0x0021, 0x0021,
  0x0021, 0x0021, 0x0021, 0x0021, 0x0022, 0x0021, 0x0021, 0x0021, 0x0021, 0x0021, 0x0021, 0x0021,
  0x0021, 0x0021, 0x0021, 0x0021, 0x0021, 0x0021, 0x0021, 0x0021, 0x0021, 0x0021, 0x0021, 0x0042,
  0x0022, 0x0021, 0x0001, 0x0000, 0x0000, 0x0000, 0x0000, 0x0000, 0x0000, 0x0000, 0x0000, 0x0000,
  0x0000, 0x0000, 0x0001, 0x0022, 0x0021, 0x0021, 0x0021, 0x0021, 0x0021, 0x0021, 0x0021, 0x0021,
  0x0021, 0x0021, 0x0021, 0x0021, 0x0001, 0x0001, 0x0021, 0x0021, 0x0021, 0x0021, 0x0021, 0x0021,
  0x0021, 0x0021, 0x0022, 0x0021, 0x0022, 0x0021, 0x0021, 0x0022, 0x0022, 0x0021, 0x0021, 0x0021,
  0x0021, 0x0021, 0x0021, 0x0021, 0x0021, 0x0021, 0x0021, 0x0021, 0x0021, 0x0021, 0x0021, 0x0021,
  0x0021, 0x0021, 0x0021, 0x0021, 0x0021, 0x0021, 0x0021, 0x0021, 0x0042, 0x0022, 0x0021, 0x0021,
  0x0021, 0x0021, 0x0021, 0x0021, 0x0021, 0x0021, 0x0021, 0x0022, 0x0021, 0x0021, 0x0021, 0x0021,
  0x0021, 0x0021, 0x0021, 0x0021, 0x0021, 0x0021, 0x0021, 0x0021, 0x0021, 0x0022, 0x0022, 0x0022,
  0x0022, 0x0022, 0x0022, 0x0022, 0x0022, 0x0022, 0x0022, 0x0022, 0x0022, 0x0042, 0x0042, 0x0043,
  0x0043, 0x0023, 0x0023, 0x0022, 0x0000, 0x0000, 0x0000, 0x0000, 0x0000, 0x0000, 0x0000, 0x0000,
  0x0000, 0x0000, 0x0000, 0x0023, 0x0043, 0x0043, 0x0043, 0x0064, 0x0064, 0x0063, 0x0063, 0x0063,
  0x0043, 0x0043, 0x0043, 0x0063, 0x0043, 0x0043, 0x0064, 0x08A5, 0x0022, 0x0043, 0x0042, 0x0021,
  0x2A56, 0x2214, 0x0021, 0x0043, 0x0042, 0x0022, 0x0042, 0x08A4, 0x0022, 0x0043, 0x0043, 0x0001,
  0x3A8E, 0xB5DD, 0x9CF7, 0x0884, 0x08A5, 0x322D, 0xC67E, 0x73B1, 0x0000, 0x0022, 0x21CC, 0x8CB7,
  0xB5BB, 0xD69E, 0xD69D, 0x6350, 0x1907, 0x0044, 0x0064, 0x0022, 0x21AA, 0x8CB9, 0xC63D, 0xD69C,
  0x9CF9, 0x4AF6, 0x4CDE, 0x2312, 0x0000, 0x0000, 0x0000, 0x0000, 0x0000, 0x0000, 0x0000, 0x0000,
  0x0000, 0x0000, 0x0000, 0x0000, 0x0000, 0x0000, 0x1A6F, 0x33F8, 0x0000, 0x0022, 0x0021, 0x0021,
  0x0021, 0x0021, 0x0021, 0x0021, 0x0021, 0x0021, 0x0021, 0x0021, 0x0021, 0x0022, 0x0022, 0x0022,
  0x0021, 0x0001, 0x0001, 0x0000, 0x0000, 0x0000, 0x0000, 0x0000, 0x0001, 0x0021, 0x0042, 0x0021,
  0x0021, 0x0021, 0x0021, 0x0021, 0x0021, 0x0021, 0x0021, 0x0021, 0x0021, 0x0021, 0x0001, 0x0000,
  0x0000, 0x0021, 0x10A3, 0x2946, 0x41E9, 0x528B, 0x630D, 0x736F, 0x7BB0, 0x7BD0, 0x7BB0, 0x6B4F,
  0x52AC, 0x31A7, 0x1083, 0x0000, 0x0000, 0x0022, 0x0021, 0x0021, 0x0021, 0x0021, 0x0021, 0x0021,
  0x0001, 0x0000, 0x0021, 0x0021, 0x0042, 0x0042, 0x0021, 0x0001, 0x0000, 0x0000, 0x0021, 0x0021,
  0x0021, 0x0000, 0x0000, 0x0000, 0x0000, 0x0000, 0x0000, 0x0000, 0x0000, 0x0000, 0x0021, 0x0021,
  0x0021, 0x0021, 0x0021, 0x0021, 0x0021, 0x0021, 0x0001, 0x0000, 0x0000, 0x0000, 0x0000, 0x0000,
  0x0001, 0x0021, 0x0021, 0x0021, 0x0021, 0x0021, 0x0001, 0x0000, 0x0000, 0x0000, 0x0000, 0x0001,
  0x0001, 0x0001, 0x0021, 0x0021, 0x0021, 0x0021, 0x0021, 0x0021, 0x0021, 0x0021, 0x0021, 0x0022,
  0x0021, 0x0021, 0x0021, 0x0021, 0x0021, 0x0021, 0x0021, 0x0021, 0x0022, 0x0022, 0x0022, 0x0022,
  0x0022, 0x0022, 0x0022, 0x0022, 0x0022, 0x0022, 0x0022, 0x0022, 0x0022, 0x0042, 0x0042, 0x0043,
  0x0043, 0x0023, 0x0023, 0x0021, 0x0000, 0x0000, 0x0000, 0x0000, 0x0000, 0x0000, 0x0000, 0x0000,
  0x0000, 0x0000, 0x0000, 0x0022, 0x0043, 0x0043, 0x0043, 0x0064, 0x0064, 0x0064, 0x0064, 0x0063,
  0x0063, 0x0063, 0x0063, 0x0063, 0x0043, 0x0043, 0x0043, 0x0043, 0x0043, 0x0043, 0x0043, 0x0043,
  0x3298, 0x10E9, 0x0001, 0x0043, 0x0042, 0x0043, 0x0043, 0x0042, 0x0042, 0x0042, 0x0043, 0x0002,
  0x1949, 0x951A, 0xB5DC, 0x31EA, 0x0042, 0x1107, 0x9D5B, 0xA538, 0x0022, 0x10E7, 0x29CD, 0x6BB3,
  0xB59B, 0xCE7D, 0xDEFE, 0x8433, 0x0000, 0x0042, 0x0042, 0x0043, 0x1149, 0x7C77, 0xBE1D, 0xCE5C,
  0xAD9A, 0x5B58, 0x647C, 0x3C9C, 0x0062, 0x0000, 0x0000, 0x0000, 0x0000, 0x0000, 0x0000, 0x0000,
  0x0000, 0x0000, 0x0000, 0x0000, 0x0000, 0x0000, 0x33F9, 0x1A0D, 0x0000, 0x0022, 0x0021, 0x0021,
  0x0021, 0x0021, 0x0021, 0x0021, 0x0021, 0x0021, 0x0022, 0x0021, 0x0001, 0x0000, 0x0000, 0x0000,
  0x0000, 0x0862, 0x18C4, 0x2125, 0x3167, 0x3187, 0x3167, 0x2105, 0x1083, 0x0001, 0x0000, 0x0000,
  0x0021, 0x0021, 0x0021, 0x0021, 0x0021, 0x0021, 0x0021, 0x0021, 0x0021, 0x0001, 0x18C3, 0x62ED,
  0x8C32, 0xAD37, 0xC5FA, 0xD65C, 0xDE9D, 0xE6DD, 0xE6DD, 0xE6DD, 0xE6BD, 0xE6BD, 0xE6BD, 0xE6BD,
  0xE6BD, 0xDE7C, 0xC5D9, 0x8C32, 0x2966, 0x0000, 0x0021, 0x0021, 0x0021, 0x0021, 0x0021, 0x0021,
  0x0021, 0x7BD0, 0xBD78, 0xB577, 0xB578, 0xB577, 0xB557, 0xAD36, 0xA4F5, 0x3187, 0x0000, 0x0042,
  0x0001, 0x39C8, 0x9473, 0x9493, 0x9CB4, 0x9CB4, 0x9C94, 0x8C52, 0x8C32, 0x3187, 0x0000, 0x0021,
  0x0021, 0x0021, 0x0021, 0x0021, 0x0021, 0x0001, 0x0862, 0x39C8, 0x39A7, 0x3187, 0x2946, 0x18E5,
  0x1083, 0x0021, 0x0000, 0x0021, 0x0021, 0x0001, 0x0021, 0x39A7, 0x41E9, 0x39C8, 0x3187, 0x2946,
  0x18C4, 0x0021, 0x0000, 0x0021, 0x0021, 0x0021, 0x0021, 0x0021, 0x0021, 0x0021, 0x0001, 0x0000,
  0x0000, 0x0001, 0x0021, 0x0022, 0x0042, 0x0042, 0x0022, 0x0021, 0x0022, 0x0022, 0x0022, 0x0022,
  0x0022, 0x0022, 0x0022, 0x0022, 0x0022, 0x0022, 0x0022, 0x0022, 0x0022, 0x0042, 0x0042, 0x0042,
  0x0043, 0x0022, 0x0023, 0x0001, 0x0000, 0x0000, 0x0000, 0x0000, 0x0000, 0x0000, 0x0000, 0x0000,
  0x0000, 0x0000, 0x0000, 0x0021, 0x0043, 0x0043, 0x0043, 0x0064, 0x0064, 0x0064, 0x0064, 0x0064,
  0x0064, 0x0063, 0x0063, 0x0063, 0x0063, 0x0063, 0x0043, 0x0043, 0x0043, 0x0043, 0x0042, 0x0885,
  0x3232, 0x0042, 0x0042, 0x0043, 0x0042, 0x0043, 0x0043, 0x0043, 0x0042, 0x0042, 0x0042, 0x0042,
  0x0085, 0x7416, 0xC63E, 0x7414, 0x0002, 0x0043, 0x6BF5, 0xBE1C, 0x29AA, 0x320F, 0x0042, 0x5331,
  0xA559, 0xCE5D, 0xDEFE, 0x9D17, 0x0042, 0x0001, 0x0043, 0x0022, 0x0085, 0x6BF5, 0xB5BC, 0xCE3C,
  0xC61A, 0x7C39, 0x6BFA, 0x4D5F, 0x11CB, 0x0000, 0x0000, 0x0000, 0x0000, 0x0000, 0x0000, 0x0000,
  0x0000, 0x0000, 0x0000, 0x0000, 0x0000, 0x0906, 0x3C7C, 0x0083, 0x0001, 0x0021, 0x0021, 0x0021,
  0x0021, 0x0021, 0x0021, 0x0021, 0x0021, 0x0021, 0x0000, 0x0000, 0x10A3, 0x39A8, 0x62ED, 0x8411,
  0xA4F5, 0xBDB8, 0xCE1A, 0xD65B, 0xDE7C, 0xDE7C, 0xD67C, 0xD65B, 0xC5FA, 0xAD16, 0x738F, 0x2966,
  0x0000, 0x0000, 0x0022, 0x0021, 0x0021, 0x0021, 0x0021, 0x0021, 0x0021, 0x0000, 0xA4D5, 0xEF1E,
  0xDEBD, 0xDE9C, 0xD67C, 0xD65B, 0xD65B, 0xD63B, 0xD63B, 0xD63B, 0xD63B, 0xD63B, 0xD63B, 0xD63B,
  0xD63B, 0xD65B, 0xDE7C, 0xE6DD, 0xD67C, 0x738F, 0x0021, 0x0021, 0x0021, 0x0021, 0x0021, 0x0001,
  0x10A3, 0xD63B, 0xDEBD, 0xDE9C, 0xDE7C, 0xDE7C, 0xDE7C, 0xDE9C, 0xF73F, 0x8411, 0x0000, 0x0042,
  0x0000, 0xA4F5, 0xEF1F, 0xDE9C, 0xDEBD, 0xDEBD, 0xDEBD, 0xDEBD, 0xE6FE, 0xBDB8, 0x0862, 0x0001,
  0x0021, 0x0021, 0x0021, 0x0021, 0x0021, 0x0000, 0x738F, 0xE6FE, 0xDE7C, 0xDE7C, 0xD65B, 0xCE1B,
  0xC5D9, 0xBDB8, 0x6B2E, 0x0000, 0x0042, 0x0000, 0x630D, 0xEF1E, 0xDE9C, 0xDE9C, 0xDE7C, 0xD65B,
  0xCDFA, 0xBDB9, 0x5ACC, 0x0000, 0x0021, 0x0021, 0x0021, 0x0021, 0x0021, 0x0000, 0x10A3, 0x3167,
  0x18C4, 0x0862, 0x0001, 0x0000, 0x0000, 0x0000, 0x0000, 0x0021, 0x0022, 0x0022, 0x0022, 0x0022,
  0x0022, 0x0022, 0x0022, 0x0022, 0x0022, 0x0022, 0x0022, 0x0022, 0x0022, 0x0022, 0x0022, 0x0042,
  0x0043, 0x0022, 0x0022, 0x0000, 0x0000, 0x0000, 0x0000, 0x0000, 0x0000, 0x0000, 0x0000, 0x0000,
  0x0000, 0x0000, 0x0000, 0x0001, 0x0043, 0x0043, 0x0044, 0x0064, 0x0064, 0x0064, 0x0064, 0x0064,
  0x0064, 0x0064, 0x0064, 0x0063, 0x0063, 0x0063, 0x0063, 0x0063, 0x0043, 0x0043, 0x0022, 0x08A5,
  0x1107, 0x0022, 0x0043, 0x0043, 0x0043, 0x0043, 0x0043, 0x0043, 0x0043, 0x0042, 0x0043, 0x0063,
  0x0023, 0x42D0, 0xC63D, 0xAD99, 0x0064, 0x0000, 0x5372, 0xBE5D, 0x73F4, 0x218C, 0x08A5, 0x42B0,
  0xA559, 0xC63D, 0xD6BE, 0xC63C, 0x2147, 0x1928, 0x0043, 0x0022, 0x0084, 0x5353, 0xAD9B, 0xCE5C,
  0xCE5B, 0x8C99, 0x6378, 0x54DE, 0x2B96, 0x0000, 0x0000, 0x0000, 0x0000, 0x0000, 0x0000, 0x0000,
  0x0000, 0x0000, 0x0000, 0x0000, 0x0000, 0x22D1, 0x2B76, 0x0000, 0x0022, 0x0021, 0x0021, 0x0021,
  0x0021, 0x0021, 0x0021, 0x0021, 0x0021, 0x0000, 0x526A, 0xA4F5, 0xCDFA, 0xDE9C, 0xE6DD, 0xE6BD,
  0xDE9C, 0xDE7C, 0xD67C, 0xD65B, 0xD65B, 0xD65B, 0xD65B, 0xD67B, 0xDE7C, 0xDEBD, 0xE6DD, 0xDE7C,
  0x9494, 0x2125, 0x0000, 0x0022, 0x0021, 0x0021, 0x0021, 0x0021, 0x0001, 0x0862, 0xC5B9, 0xD67C,
  0xD63B, 0xD65B, 0xD65B, 0xD65B, 0xD65B, 0xD65B, 0xD65B, 0xD65B, 0xD65B, 0xD65B, 0xD65B, 0xD65B,
  0xD65B, 0xD65B, 0xD65B, 0xD63B, 0xD65B, 0xE6DE, 0x9494, 0x0041, 0x0021, 0x0021, 0x0021, 0x0001,
  0x10A3, 0xC5D9, 0xD67C, 0xD65B, 0xD65B, 0xD65B, 0xD65B, 0xCE3B, 0xE6BD, 0x83F1, 0x0000, 0x0042,
  0x0000, 0x9CD4, 0xDE9C, 0xCE3B, 0xD65B, 0xD63B, 0xD63B, 0xD63B, 0xCE3B, 0xDEBD, 0x5ACC, 0x0000,
  0x0042, 0x0021, 0x0021, 0x0021, 0x0021, 0x0000, 0x9453, 0xDEBD, 0xD63B, 0xD65B, 0xD65B, 0xD65B,
  0xD65C, 0xE6DD, 0xC5D9, 0x0841, 0x0021, 0x0000, 0x8C32, 0xE6DD, 0xCE3B, 0xD65B, 0xD65B, 0xD65B,
  0xD65B, 0xEEFE, 0xB556, 0x0000, 0x0021, 0x0021, 0x0021, 0x0021, 0x0000, 0x18C4, 0xC5D9, 0xDE9C,
  0xCE1A, 0xBD98, 0xA4F5, 0x8C12, 0x6B4E, 0x528B, 0x2967, 0x0022, 0x0022, 0x0022, 0x0022, 0x0022,
  0x0022, 0x0022, 0x0022, 0x0022, 0x0022, 0x0022, 0x0022, 0x0022, 0x0022, 0x0022, 0x0022, 0x0043,
  0x0043, 0x0023, 0x0022, 0x0000, 0x0000, 0x0000, 0x0000, 0x0000, 0x0000, 0x0000, 0x0000, 0x0000,
  0x0000, 0x0000, 0x0000, 0x0021, 0x0044, 0x0044, 0x0064, 0x0064, 0x0064, 0x0064, 0x0064, 0x0064,
  0x0064, 0x0064, 0x0063, 0x0063, 0x0063, 0x0043, 0x0043, 0x0043, 0x0043, 0x0043, 0x0043, 0x0064,
  0x0043, 0x0042, 0x0043, 0x0043, 0x0043, 0x0043, 0x0043, 0x0043, 0x0043, 0x0043, 0x0022, 0x0021,
  0x0000, 0x1948, 0x9D7B, 0xCE9D, 0x424B, 0x0024, 0x5334, 0xB5FC, 0x8496, 0x08A6, 0x2A10, 0x3AD3,
  0x94D7, 0xB5BB, 0xCE5D, 0xD6BE, 0x4A6B, 0x29EE, 0x3A2F, 0x0000, 0x0043, 0x42B0, 0xA559, 0xCE5B,
  0xCE3A, 0xAD9A, 0x7BF8, 0x5BF9, 0x3CFE, 0x08C5, 0x0000, 0x0000, 0x0000, 0x0000, 0x0000, 0x0000,
  0x0000, 0x0000, 0x0000, 0x0000, 0x0000, 0x343A, 0x11CB, 0x0000, 0x0022, 0x0021, 0x0021, 0x0021,
  0x0021, 0x0021, 0x0021, 0x0021, 0x0000, 0x20E4, 0xD67C, 0xDEBD, 0xD65C, 0xD65B, 0xD63B, 0xD63B,
  0xD65B, 0xD65B, 0xD65B, 0xD65B, 0xD65B, 0xD65B, 0xD65B, 0xD65B, 0xD65B, 0xD65B, 0xD65B, 0xD65B,
  0xDEBD, 0xD65B, 0x5ACC, 0x0000, 0x0021, 0x0021, 0x0021, 0x0021, 0x0001, 0x0862, 0xBD98, 0xDE7C,
  0xD65B, 0xD65B, 0xD65B, 0xD65B, 0xD65B, 0xD65B, 0xD65B, 0xD65B, 0xD65B, 0xD65B, 0xD65B, 0xD65B,
  0xD65B, 0xD65B, 0xD65B, 0xD65B, 0xD65B, 0xCE3B, 0xE6DE, 0x8411, 0x0000, 0x0022, 0x0022, 0x0001,
  0x10A3, 0xC5D9, 0xD67C, 0xD65B, 0xD65B, 0xD65B, 0xD65B, 0xD65B, 0xE6BD, 0x83F1, 0x0000, 0x0042,
  0x0000, 0x9CB4, 0xDE9D, 0xD65B, 0xD65B, 0xD65B, 0xD65B, 0xD65B, 0xD65B, 0xDE7C, 0xBDB9, 0x0862,
  0x0001, 0x0021, 0x0021, 0x0021, 0x0021, 0x0000, 0x9473, 0xDEBD, 0xD63B, 0xD65B, 0xD65B, 0xD65B,
  0xD63B, 0xDE7C, 0xB557, 0x0041, 0x0021, 0x0000, 0x8C52, 0xE6BD, 0xD65B, 0xD65C, 0xD65B, 0xD65B,
  0xD63B, 0xDEBD, 0x9CB4, 0x0000, 0x0021, 0x0021, 0x0021, 0x0021, 0x0021, 0xA4F5, 0xDE9D, 0xD63B,
  0xD67C, 0xDE7C, 0xDE9C, 0xDE9D, 0xE6BD, 0xE6BD, 0xE6DD, 0x39C8, 0x0000, 0x0042, 0x0022, 0x0022,
  0x0022, 0x0022, 0x0022, 0x0022, 0x0022, 0x0022, 0x0022, 0x0022, 0x0022, 0x0022, 0x0042, 0x0043,
  0x0043, 0x0042, 0x0023, 0x0001, 0x0000, 0x0000, 0x0000, 0x0000, 0x0000, 0x0000, 0x0000, 0x0000,
  0x0000, 0x0000, 0x0000, 0x0022, 0x0023, 0x0043, 0x0043, 0x0043, 0x0043, 0x0043, 0x0043, 0x0043,
  0x0043, 0x0043, 0x0043, 0x0044, 0x0043, 0x0044, 0x0064, 0x0064, 0x0064, 0x0064, 0x0064, 0x0044,
  0x0043, 0x0043, 0x0043, 0x0043, 0x0043, 0x0043, 0x0043, 0x0043, 0x0043, 0x0084, 0x1109, 0x218D,
  0x214B, 0x1108, 0x7C97, 0xC69E, 0x8C96, 0x21AD, 0x29AC, 0x9519, 0xAD79, 0x0884, 0x320F, 0x3AB2,
  0x7C55, 0x9D7A, 0xBE3C, 0xD6DE, 0x8CD6, 0x0086, 0x5B9B, 0x18E7, 0x08C7, 0x3AD1, 0x9D59, 0xCEBD,
  0xCE9C, 0xBE1B, 0x8C99, 0x73F9, 0x555F, 0x1A2E, 0x0000, 0x0000, 0x0000, 0x0000, 0x0000, 0x0000,
  0x0000, 0x0000, 0x0000, 0x0000, 0x0927, 0x3C9C, 0x0063, 0x0001, 0x0021, 0x0021, 0x0021, 0x0021,
  0x0021, 0x0021, 0x0021, 0x0021, 0x0000, 0x2966, 0xD65B, 0xD63B, 0xD65B, 0xD65B, 0xD65B, 0xD65B,
  0xD65B, 0xD65B, 0xD65B, 0xD65B, 0xD65B, 0xD65B, 0xD65B, 0xD65B, 0xD65B, 0xD65B, 0xD65B, 0xD65B,
  0xD63B, 0xD67B, 0xE6DD, 0x6B4E, 0x0000, 0x0021, 0x0021, 0x0021, 0x0001, 0x0862, 0xBDB8, 0xDE9C,
  0xD65B, 0xD65B, 0xD65B, 0xD65B, 0xD65B, 0xD65B, 0xD65B, 0xD65B, 0xD65B, 0xD65B, 0xD65B, 0xD65B,
  0xD65B, 0xD65B, 0xD65B, 0xD65B, 0xD65B, 0xD65B, 0xD63B, 0xE6BD, 0x4229, 0x0000, 0x0042, 0x0001,
  0x10A3, 0xC5F9, 0xD67C, 0xD65B, 0xD65B, 0xD65B, 0xD65B, 0xD65B, 0xE6DD, 0x83F1, 0x0000, 0x0042,
  0x0000, 0xA4D5, 0xDE9D, 0xD63B, 0xD65B, 0xD65B, 0xD65B, 0xD65B, 0xD65B, 0xD63B, 0xE6DD, 0x5ACC,
  0x0000, 0x0022, 0x0021, 0x0021, 0x0021, 0x0000, 0x9CB4, 0xDEBD, 0xD63B, 0xD65B, 0xD65B, 0xD65B,
  0xD65B, 0xDE9C, 0xAD16, 0x0021, 0x0021, 0x0000, 0x9493, 0xE6BD, 0xD65B, 0xD65B, 0xD65B, 0xD65B,
  0xD63B, 0xDEBD, 0x8C52, 0x0000, 0x0022, 0x0021, 0x0021, 0x0000, 0x7BD1, 0xE6DD, 0xCE3B, 0xD65B,
  0xD65B, 0xD65B, 0xD63B, 0xD63B, 0xCE1A, 0xDE9C, 0xA4F5, 0x0862, 0x0022, 0x0022, 0x0022, 0x0022,
  0x0022, 0x0022, 0x0022, 0x0022, 0x0022, 0x0022, 0x0022, 0x0022, 0x0022, 0x0042, 0x0043, 0x0023,
  0x0022, 0x0043, 0x0043, 0x0022, 0x0000, 0x0000, 0x0000, 0x0000, 0x0000, 0x0000, 0x0000, 0x0000,
  0x0000, 0x0000, 0x0000, 0x0022, 0x0023, 0x0023, 0x0043, 0x0043, 0x0023, 0x0023, 0x0043, 0x0043,
  0x0044, 0x0044, 0x0064, 0x0064, 0x0064, 0x0064, 0x0064, 0x0064, 0x0064, 0x0064, 0x0043, 0x0043,
  0x0043, 0x0043, 0x0043, 0x0043, 0x0043, 0x0043, 0x0043, 0x0043, 0x0043, 0x0064, 0x0885, 0x1109,
  0x3233, 0x42B6, 0x4AF2, 0xB5DB, 0xBDFB, 0x21AB, 0x08A6, 0x7437, 0xC65D, 0x2967, 0x31EE, 0x4334,
  0x7CD7, 0xADFB, 0xCEBD, 0xDF1F, 0xA578, 0x0000, 0x218D, 0x4293, 0x196F, 0x4B56, 0x8CB8, 0xC65D,
  0xCE5C, 0xCE7C, 0xAD7B, 0x7BF8, 0x653F, 0x2BB7, 0x0000, 0x0000, 0x0000, 0x0000, 0x0000, 0x0000,
  0x0000, 0x0000, 0x0000, 0x0000, 0x22D1, 0x3396, 0x0000, 0x0022, 0x0021, 0x0021, 0x0021, 0x0021,
  0x0021, 0x0021, 0x0021, 0x0021, 0x0000, 0x2946, 0xD65B, 0xD65B, 0xD65B, 0xD65B, 0xD65B, 0xD65B,
  0xD65B, 0xD65B, 0xD65B, 0xD65B, 0xD65B, 0xD65B, 0xD65B, 0xD65B, 0xD65B, 0xD65B, 0xD65B, 0xD65B,
  0xD65B, 0xD65B, 0xD63B, 0xE6DD, 0x528C, 0x0000, 0x0022, 0x0021, 0x0001, 0x0862, 0xBDB8, 0xDE9C,
  0xD65B, 0xD65B, 0xD65B, 0xD65B, 0xD65B, 0xD65B, 0xD65B, 0xD67C, 0xDE9C, 0xDE9C, 0xD65B, 0xD65B,
  0xD65B, 0xD65B, 0xD65B, 0xD65B, 0xD65B, 0xD65B, 0xD63B, 0xDE9C, 0xAD16, 0x0020, 0x0021, 0x0001,
  0x10A3, 0xC5F9, 0xD67C, 0xD65B, 0xD65B, 0xD65B, 0xD65B, 0xD65B, 0xE6DD, 0x83F1, 0x0000, 0x0042,
  0x0000, 0xA4F5, 0xDE9D, 0xD63B, 0xD65B, 0xD65B, 0xD65B, 0xD65B, 0xD65B, 0xD65B, 0xDE9C, 0xBD78,
  0x0842, 0x0001, 0x0021, 0x0021, 0x0021, 0x0000, 0xA4D5, 0xDEBD, 0xD65B, 0xD65B, 0xD65B, 0xD65B,
  0xD65B, 0xDE9D, 0xA4F5, 0x0000, 0x0022, 0x0000, 0xA4D4, 0xDEBD, 0xD65B, 0xD65B, 0xD65B, 0xD65B,
  0xD65B, 0xE6BD, 0x83D1, 0x0000, 0x0022, 0x0022, 0x0000, 0x526B, 0xE6DD, 0xD65B, 0xD65B, 0xD65B,
  0xD65B, 0xD65B, 0xD65B, 0xD65B, 0xDE7C, 0xC5D9, 0x18C3, 0x0000, 0x0022, 0x0022, 0x0022, 0x0022,
  0x0022, 0x0022, 0x0022, 0x0022, 0x0022, 0x0022, 0x0022, 0x0022, 0x0022, 0x0022, 0x0022, 0x0022,
  0x0022, 0x0022, 0x0022, 0x0022, 0x0001, 0x0000, 0x0000, 0x0000, 0x0000, 0x0000, 0x0000, 0x0000,
  0x0000, 0x0000, 0x0022, 0x0023, 0x0023, 0x0043, 0x0044, 0x0044, 0x0043, 0x0043, 0x0043, 0x0043,
  0x0043, 0x0043, 0x0043, 0x0044, 0x0044, 0x0044, 0x0064, 0x0064, 0x0064, 0x0064, 0x0064, 0x0064,
  0x0064, 0x0064, 0x0064, 0x0064, 0x0064, 0x0064, 0x0063, 0x0064, 0x0042, 0x0000, 0x0086, 0x29CE,
  0x5313, 0x4AD1, 0x1969, 0x9D19, 0xD69E, 0x426C, 0x0000, 0x5352, 0xCE9E, 0x5ACD, 0x29AF, 0x29ED,
  0x63B4, 0xAD7A, 0xD69E, 0xE71F, 0xBE1B, 0x2147, 0x29CF, 0x741B, 0x6BDA, 0x4B14, 0x7C35, 0xC63D,
  0xCE3C, 0xC61B, 0xAD9B, 0x73D7, 0x853D, 0x3CBD, 0x08A3, 0x0000, 0x0000, 0x0000, 0x0000, 0x0000,
  0x0000, 0x0000, 0x0000, 0x0000, 0x3419, 0x19ED, 0x0000, 0x0022, 0x0021, 0x0021, 0x0021, 0x0021,
  0x0021, 0x0021, 0x0021, 0x0021, 0x0000, 0x2125, 0xD65B, 0xD65B, 0xD65B, 0xD65B, 0xD65B, 0xD65B,
  0xD65B, 0xD65B, 0xD65B, 0xD65B, 0xD65B, 0xD65B, 0xD65B, 0xD65B, 0xD65B, 0xD65B, 0xD65B, 0xD65B,
  0xD65B, 0xD65B, 0xD65B, 0xD65B, 0xD67B, 0x2925, 0x0000, 0x0021, 0x0001, 0x0862, 0xBDB8, 0xDE9C,
  0xD65B, 0xD65B, 0xD65B, 0xD65B, 0xD65B, 0xD65B, 0xDE7C, 0xC5FA, 0xAD36, 0xB557, 0xD65C, 0xDE9C,
  0xD65B, 0xD65B, 0xD65B, 0xD65B, 0xD65B, 0xD65B, 0xD65B, 0xD65B, 0xD67B, 0x2967, 0x0000, 0x0001,
  0x10A3, 0xC5F9, 0xD67C, 0xD65B, 0xD65B, 0xD65B, 0xD65B, 0xD63B, 0xE6DD, 0x83F1, 0x0000, 0x0042,
  0x0000, 0xA4F5, 0xDE9D, 0xD63B, 0xD65B, 0xD65B, 0xD65B, 0xD65B, 0xD65B, 0xD65B, 0xD63B, 0xE6BD,
  0x5ACC, 0x0000, 0x0021, 0x0021, 0x0021, 0x0000, 0xA4F5, 0xDEBD, 0xD65B, 0xD65B, 0xD65B, 0xD65B,
  0xD63B, 0xE6BD, 0x9CB4, 0x0000, 0x0021, 0x0001, 0xAD16, 0xDEBD, 0xD65B, 0xD65B, 0xD65B, 0xD65B,
  0xD63B, 0xE6DD, 0x7B8F, 0x0000, 0x0042, 0x0000, 0x2946, 0xD65B, 0xD67B, 0xD65B, 0xD65B, 0xD65B,
  0xD65B, 0xD65B, 0xD65B, 0xD65B, 0xDE9C, 0x39C8, 0x0000, 0x0042, 0x0022, 0x0022, 0x0022, 0x0022,
  0x0022, 0x0042, 0x0022, 0x0042, 0x0022, 0x0022, 0x0043, 0x0043, 0x0022, 0x0022, 0x0022, 0x0022,
  0x0022, 0x0022, 0x0022, 0x0022, 0x0022, 0x0001, 0x0000, 0x0000, 0x0000, 0x0000, 0x0000, 0x0000,
  0x0000, 0x0023, 0x0044, 0x0044, 0x0044, 0x0064, 0x0064, 0x0064, 0x0064, 0x0064, 0x0064, 0x0064,
  0x0064, 0x0064, 0x0064, 0x0064, 0x0064, 0x0064, 0x0064, 0x0064, 0x0064, 0x0084, 0x0064, 0x0064,
  0x0064, 0x0064, 0x0064, 0x0064, 0x0064, 0x0064, 0x0064, 0x0022, 0x08A5, 0x2A11, 0x537B, 0x5B59,
  0x847A, 0x8437, 0x2A0D, 0x6BF5, 0xC63D, 0x7BF3, 0x0000, 0x322D, 0xBE3D, 0x8412, 0x29CF, 0x10C7,
  0x3A6D, 0xA559, 0xC63D, 0xDEFE, 0xD6BD, 0x5B32, 0x320F, 0x4290, 0x6BB6, 0x73F8, 0x7415, 0xC63D,
  0xCE5C, 0xBDBA, 0xB5DC, 0x8459, 0x9D3B, 0x4D1F, 0x11EC, 0x0000, 0x0000, 0x0000, 0x0000, 0x0000,
  0x0000, 0x0000, 0x0000, 0x08C4, 0x347C, 0x0884, 0x0000, 0x0021, 0x0021, 0x0021, 0x0021, 0x0021,
  0x0021, 0x0021, 0x0021, 0x0021, 0x0000, 0x2105, 0xD63B, 0xD65B, 0xD65B, 0xD65B, 0xD65B, 0xD65B,
  0xD65B, 0xD65B, 0xD65B, 0xD65B, 0xD65B, 0xD65B, 0xD65B, 0xD65B, 0xD65B, 0xD65B, 0xD65B, 0xD65B,
  0xD65B, 0xD65B, 0xD65B, 0xD63B, 0xE6BD, 0x9493, 0x0000, 0x0022, 0x0001, 0x0862, 0xBDB8, 0xDE7C,
  0xD65B, 0xD65B, 0xD65B, 0xD65B, 0xD65B, 0xDEBD, 0x83F1, 0x1082, 0x0042, 0x0041, 0x2945, 0xA4D5,
  0xDE9C, 0xD65B, 0xD65B, 0xD65B, 0xD65B, 0xD65B, 0xD65B, 0xD63B, 0xE6BD, 0x62ED, 0x0000, 0x0021,
  0x10A3, 0xC5D9, 0xD67C, 0xD65B, 0xD65B, 0xD65B, 0xD65B, 0xD63B, 0xE6DD, 0x83F1, 0x0000, 0x0042,
  0x0000, 0xA4F5, 0xDE9C, 0xD65B, 0xD65B, 0xD65B, 0xD65B, 0xD65B, 0xD65B, 0xD65B, 0xD65B, 0xDE7C,
  0xBD98, 0x0842, 0x0001, 0x0021, 0x0021, 0x0000, 0xA515, 0xDEBD, 0xD65B, 0xD65B, 0xD65B, 0xD65B,
  0xD63B, 0xE6BD, 0x9473, 0x0000, 0x0021, 0x0021, 0xB557, 0xDE9C, 0xD65B, 0xD65B, 0xD65B, 0xD65B,
  0xCE3B, 0xE6DD, 0x6B4E, 0x0000, 0x0021, 0x0862, 0xBD98, 0xDE9C, 0xD63B, 0xD65B, 0xD65B, 0xD65B,
  0xD67B, 0xD65B, 0xD63B, 0xE6DD, 0x630D, 0x0000, 0x0042, 0x0022, 0x0022, 0x0022, 0x0022, 0x0022,
  0x0022, 0x0022, 0x0022, 0x0022, 0x0022, 0x0022, 0x0022, 0x0043, 0x0043, 0x0043, 0x0043, 0x0043,
  0x0043, 0x0043, 0x0043, 0x0044, 0x0044, 0x0044, 0x0023, 0x0022, 0x0001, 0x0001, 0x0021, 0x0022,
  0x0043, 0x0044, 0x0044, 0x0044, 0x0064, 0x0064, 0x0064, 0x0064, 0x0064, 0x0064, 0x0064, 0x0064,
  0x0064, 0x0064, 0x0064, 0x0064, 0x0064, 0x0064, 0x0064, 0x0064, 0x0084, 0x0064, 0x0064, 0x0064,
  0x0064, 0x0064, 0x0064, 0x0064, 0x0064, 0x0064, 0x0063, 0x1929, 0x3A74, 0x2A33, 0x1109, 0x21AE,
  0x741A, 0x7C5B, 0x6BD9, 0x4AF3, 0xAD7B, 0xB59A, 0x0884, 0x1107, 0x9D7B, 0xAD79, 0x3A51, 0x0064,
  0x21AA, 0x94F8, 0xBDFC, 0xD6BE, 0xE71F, 0x6BB1, 0x1907, 0x0863, 0x10C6, 0x42B1, 0x6BD5, 0xC5FC,
  0xD69D, 0xA55A, 0xAD9C, 0x9D1B, 0xAD5B, 0x5D1F, 0x2B75, 0x0000, 0x0000, 0x0000, 0x0000, 0x0000,
  0x0000, 0x0000, 0x0000, 0x1A2D, 0x2BD8, 0x0000, 0x0021, 0x0021, 0x0021, 0x0021, 0x0021, 0x0021,
  0x0021, 0x0021, 0x0021, 0x0021, 0x0000, 0x18E4, 0xCE3B, 0xD65B, 0xD65B, 0xD65B, 0xD65B, 0xD65B,
  0xD65B, 0xD65B, 0xDE9C, 0xDEBD, 0xD67B, 0xD67C, 0xE6BD, 0xDEBD, 0xD65B, 0xD65B, 0xD65B, 0xD65B,
  0xD65B, 0xD65B, 0xD65B, 0xD65B, 0xD65B, 0xDE7C, 0x3187, 0x0000, 0x0021, 0x0862, 0xBDB8, 0xDE7C,
  0xD65B, 0xD65B, 0xD65B, 0xD65B, 0xD65B, 0xE6DD, 0x526B, 0x0000, 0x0042, 0x0021, 0x0000, 0x1083,
  0xC5D9, 0xD67C, 0xD65B, 0xD65B, 0xD65B, 0xD65B, 0xD65B, 0xD63B, 0xE6DD, 0x7BD0, 0x0000, 0x0021,
  0x1082, 0xC5D9, 0xD67C, 0xD65B, 0xD65B, 0xD65B, 0xD65B, 0xD63B, 0xE6DD, 0x83D1, 0x0000, 0x0042,
  0x0000, 0xA515, 0xDE9C, 0xD63B, 0xD65B, 0xD65B, 0xD65B, 0xD65B, 0xD65B, 0xD65B, 0xD65B, 0xD63B,
  0xDEBD, 0x5AAC, 0x0000, 0x0042, 0x0021, 0x0000, 0xAD36, 0xDE9C, 0xD65B, 0xD65B, 0xD65B, 0xD65B,
  0xD63B, 0xE6DD, 0x8C32, 0x0000, 0x0021, 0x0842, 0xBD98, 0xDE9C, 0xD65B, 0xD65B, 0xD65B, 0xD65B,
  0xCE3B, 0xE6BD, 0x5ACD, 0x0000, 0x0000, 0x8C52, 0xE6DD, 0xD63B, 0xD65B, 0xD65B, 0xD65B, 0xD65B,
  0xD65B, 0xD65B, 0xE6DD, 0x8C53, 0x0000, 0x0022, 0x0022, 0x0022, 0x0022, 0x0022, 0x0022, 0x0022,
  0x0022, 0x0022, 0x0022, 0x0022, 0x0022, 0x0022, 0x0022, 0x0022, 0x0023, 0x0023, 0x0023, 0x0043,
  0x0043, 0x0043, 0x0044, 0x0044, 0x0044, 0x0044, 0x0044, 0x0044, 0x0024, 0x0023, 0x0044, 0x0044,
  0x0044, 0x0044, 0x0064, 0x0064, 0x0064, 0x0064, 0x0064, 0x0064, 0x0064, 0x0064, 0x0064, 0x0064,
  0x0064, 0x0064, 0x0064, 0x0064, 0x0064, 0x0064, 0x0064, 0x0064, 0x0064, 0x0064, 0x0064, 0x0064,
  0x0064, 0x0064, 0x0084, 0x0084, 0x0064, 0x0064, 0x08A6, 0x10E7, 0x0085, 0x0001, 0x08C9, 0x537B,
  0x3231, 0x4B18, 0x4AD5, 0x3A94, 0x94D8, 0xD6BE, 0x3A0A, 0x0023, 0x84D9, 0xC65C, 0x5353, 0x0042,
  0x10E6, 0x8476, 0xB5BB, 0xCE7E, 0xE71F, 0x9495, 0x0023, 0x42D3, 0x63B9, 0x6376, 0x5B52, 0xB59B,
  0xD69D, 0xB59A, 0xC61C, 0x9D1B, 0x8459, 0x6CDC, 0x3C9C, 0x0062, 0x0000, 0x0000, 0x0000, 0x0000,
  0x0000, 0x0000, 0x0000, 0x2B96, 0x2290, 0x0000, 0x0022, 0x0021, 0x0021, 0x0021, 0x0021, 0x0021,
  0x0021, 0x0021, 0x0021, 0x0021, 0x0000, 0x18E4, 0xCE3A, 0xD65B, 0xD65B, 0xD65B, 0xD65B, 0xD65B,
  0xD65B, 0xDE9C, 0x9CB4, 0x4209, 0x2946, 0x2966, 0x526B, 0xA4D5, 0xDEBD, 0xD65B, 0xD65B, 0xD65B,
  0xD65B, 0xD65B, 0xD65B, 0xD65B, 0xCE3B, 0xE6DD, 0x7BD1, 0x0000, 0x0021, 0x0862, 0xBDB8, 0xDE7C,
  0xD65B, 0xD65B, 0xD65B, 0xD65B, 0xD63B, 0xE6BD, 0x5AAC, 0x0000, 0x0042, 0x0021, 0x0042, 0x0000,
  0x8C12, 0xE6BD, 0xD63B, 0xD65B, 0xD65B, 0xD65B, 0xD65B, 0xD63B, 0xDEBD, 0x9473, 0x0000, 0x0021,
  0x1082, 0xC5D9, 0xD67C, 0xD65B, 0xD65B, 0xD65B, 0xD65B, 0xD63B, 0xE6DD, 0x83D1, 0x0000, 0x0042,
  0x0000, 0xAD15, 0xDE9C, 0xD63B, 0xD65B, 0xD65B, 0xD65B, 0xD65B, 0xD65B, 0xD65B, 0xD65B, 0xD65B,
  0xDE7C, 0xBD98, 0x0862, 0x0021, 0x0021, 0x0021, 0xB557, 0xDE9C, 0xD65B, 0xD65B, 0xD65B, 0xD65B,
  0xD63B, 0xE6DD, 0x83F1, 0x0000, 0x0021, 0x0862, 0xC5D9, 0xDE7C, 0xD65B, 0xD65B, 0xD65B, 0xD65B,
  0xD63B, 0xDE9D, 0x526B, 0x0000, 0x630D, 0xE6BD, 0xD63B, 0xD65B, 0xD65B, 0xD65B, 0xD65B, 0xD65B,
  0xD65B, 0xDEBD, 0xB578, 0x0862, 0x0022, 0x0022, 0x0022, 0x0022, 0x0022, 0x0022, 0x0022, 0x0022,
  0x0022, 0x0022, 0x0042, 0x0023, 0x0023, 0x0023, 0x0022, 0x0022, 0x0022, 0x0023, 0x0023, 0x0023,
  0x0023, 0x0023, 0x0043, 0x0043, 0x0043, 0x0043, 0x0043, 0x0043, 0x0023, 0x0043, 0x0043, 0x0044,
  0x0044, 0x0044, 0x0044, 0x0064, 0x0044, 0x0064, 0x0064, 0x0064, 0x0064, 0x0064, 0x0064, 0x0064,
  0x0064, 0x0064, 0x0064, 0x0064, 0x0064, 0x0064, 0x0064, 0x0064, 0x0064, 0x0064, 0x0064, 0x0064,
  0x0064, 0x0064, 0x0064, 0x0064, 0x0064, 0x0064, 0x0064, 0x0042, 0x0043, 0x08A7, 0x42FB, 0x29F2,
  0x0885, 0x431C, 0x196C, 0x3233, 0x7C57, 0xD69E, 0x7BF2, 0x0001, 0x63D4, 0xCEBE, 0x7414, 0x0001,
  0x0085, 0x6BD4, 0xAD5B, 0xCE5E, 0xDEFF, 0xAD79, 0x21AE, 0x3A95, 0x5B5A, 0x4AF6, 0x5312, 0x9D19,
  0xD67D, 0xBDDB, 0xD67D, 0x94DB, 0x6399, 0x8CDB, 0x451F, 0x1169, 0x0000, 0x0000, 0x0000, 0x0000,
  0x0000, 0x0000, 0x0041, 0x3C5B, 0x1148, 0x0000, 0x0022, 0x0021, 0x0021, 0x0021, 0x0021, 0x0021,
  0x0021, 0x0021, 0x0021, 0x0021, 0x0001, 0x18E4, 0xCE1A, 0xD65B, 0xD65B, 0xD65B, 0xD65B, 0xD65B,
  0xD65B, 0xDEBD, 0x41E8, 0x0000, 0x0001, 0x0000, 0x0000, 0x0000, 0x6B4E, 0xDEBD, 0xD65B, 0xD65B,
  0xD65B, 0xD65B, 0xD65B, 0xD65B, 0xD65B, 0xDE9C, 0xB578, 0x0041, 0x0001, 0x0862, 0xBDB8, 0xDE7C,
  0xD65B, 0xD65B, 0xD65B, 0xD65B, 0xD65B, 0xE6BD, 0x528B, 0x0000, 0x0022, 0x0021, 0x0042, 0x0000,
  0x83D0, 0xE6DD, 0xD63B, 0xD65B, 0xD65B, 0xD65B, 0xD65B, 0xD63B, 0xDEBD, 0x8C52, 0x0000, 0x0021,
  0x1082, 0xBDB9, 0xD67C, 0xD65B, 0xD65B, 0xD65B, 0xD65B, 0xD63B, 0xE6BD, 0x7BD1, 0x0000, 0x0042,
  0x0000, 0xAD16, 0xDE9C, 0xD63B, 0xD65B, 0xD65B, 0xD65B, 0xD65B, 0xD65B, 0xD65B, 0xD65B, 0xD65B,
  0xD63B, 0xE6BD, 0x5AAC, 0x0000, 0x0022, 0x0021, 0xB557, 0xDE9C, 0xD65B, 0xD65B, 0xD65B, 0xD65B,
  0xD63B, 0xE6DD, 0x7B8F, 0x0000, 0x0001, 0x10A3, 0xCDFA, 0xD67C, 0xD65B, 0xD65B, 0xD65B, 0xD65B,
  0xD65B, 0xDE9D, 0x3186, 0x3166, 0xDEBD, 0xD65B, 0xD65B, 0xD65B, 0xD65B, 0xD65B, 0xD65B, 0xD65B,
  0xD67C, 0xCE1A, 0x2126, 0x0001, 0x0042, 0x0022, 0x0022, 0x0042, 0x0042, 0x0042, 0x0043, 0x0043,
  0x0043, 0x0043, 0x0043, 0x0043, 0x0043, 0x0043, 0x0043, 0x0043, 0x0043, 0x0043, 0x0023, 0x0043,
  0x0043, 0x0043, 0x0044, 0x0043, 0x0023, 0x0043, 0x0043, 0x0043, 0x0023, 0x0023, 0x0023, 0x0043,
  0x0044, 0x0044, 0x0044, 0x0044, 0x0044, 0x0044, 0x0044, 0x0064, 0x0064, 0x0044, 0x0064, 0x0044,
  0x0064, 0x0064, 0x0064, 0x0064, 0x0064, 0x0064, 0x0064, 0x0064, 0x0064, 0x0064, 0x0064, 0x0064,
  0x0064, 0x0064, 0x0064, 0x0064, 0x0064, 0x0064, 0x0064, 0x0064, 0x0022, 0x2213, 0x2A56, 0x0042,
  0x110A, 0x3ABB, 0x08A6, 0x194C, 0x5333, 0xBDDB, 0xB5DA, 0x08A5, 0x3A6F, 0xBE3E, 0x8CB6, 0x0022,
  0x0043, 0x4B11, 0xA51A, 0xC61D, 0xDEDE, 0xC63B, 0x4270, 0x5B5A, 0x743D, 0x4AD5, 0x322D, 0x9CF9,
  0xD67D, 0xC61B, 0xC63C, 0xC61D, 0x845A, 0x94BA, 0x551F, 0x1AB1, 0x0000, 0x0000, 0x0000, 0x0000,
  0x0000, 0x0000, 0x1147, 0x3C5A, 0x0042, 0x0001, 0x0021, 0x0021, 0x0021, 0x0021, 0x0021, 0x0021,
  0x0021, 0x0021, 0x0021, 0x0021, 0x0001, 0x18C4, 0xCE1A, 0xD65C, 0xD65B, 0xD65B, 0xD65B, 0xD65B,
  0xD65B, 0xDE9D, 0x4209, 0x0000, 0x0042, 0x0022, 0x0042, 0x0021, 0x0000, 0x8C32, 0xE6DD, 0xD65B,
  0xD65B, 0xD65B, 0xD65B, 0xD65B, 0xD65B, 0xD65B, 0xD65B, 0x2125, 0x0000, 0x0862, 0xBDB8, 0xDE7C,
  0xD65B, 0xD65B, 0xD65B, 0xD65B, 0xD63B, 0xE6BD, 0x528B, 0x0000, 0x0022, 0x0021, 0x0042, 0x0000,
  0xA4F5, 0xDE9C, 0xD65B, 0xD65B, 0xD65B, 0xD65B, 0xD65B, 0xD63B, 0xE6DD, 0x738F, 0x0000, 0x0021,
  0x1082, 0xC5D9, 0xD67C, 0xD65B, 0xD65B, 0xD65B, 0xD65B, 0xD63B, 0xE6DD, 0x7BD0, 0x0000, 0x0042,
  0x0000, 0xAD16, 0xDE9C, 0xD63B, 0xD65B, 0xD65B, 0xD65B, 0xD65B, 0xD65B, 0xD65B, 0xD65B, 0xD65B,
  0xD65B, 0xDE9C, 0xB578, 0x0842, 0x0001, 0x0841, 0xB577, 0xDE9C, 0xD65B, 0xD65B, 0xD65B, 0xD65B,
  0xD63B, 0xE6DD, 0x6B4E, 0x0000, 0x0001, 0x18E4, 0xCE3B, 0xD67C, 0xD65B, 0xD65B, 0xD65B, 0xD65B,
  0xD65B, 0xD65B, 0x4229, 0xBD98, 0xDE9C, 0xD65B, 0xD65B, 0xD65B, 0xD65B, 0xD65B, 0xD65B, 0xD65B,
  0xDE9C, 0x4209, 0x0000, 0x0042, 0x0022, 0x0022, 0x0022, 0x0042, 0x0042, 0x0043, 0x0043, 0x0043,
  0x0043, 0x0043, 0x0043, 0x0043, 0x0043, 0x0043, 0x0043, 0x0044, 0x0044, 0x0044, 0x0044, 0x0064,
  0x0064, 0x0064, 0x0044, 0x0044, 0x0045, 0x0044, 0x0044, 0x0044, 0x0044, 0x0044, 0x0044, 0x0044,
  0x0044, 0x0044, 0x0065, 0x0065, 0x0044, 0x0044, 0x0044, 0x0023, 0x0023, 0x0085, 0x0064, 0x0064,
  0x0064, 0x0064, 0x0064, 0x0064, 0x0064, 0x0064, 0x0064, 0x0064, 0x0064, 0x0064, 0x0064, 0x0064,
  0x0064, 0x0064, 0x0064, 0x0064, 0x0064, 0x0064, 0x0064, 0x0043, 0x112B, 0x2A55, 0x0064, 0x0021,
  0x114D, 0x3299, 0x0064, 0x0064, 0x29EC, 0x9D5A, 0xCEDE, 0x5B0E, 0x08A6, 0xA55B, 0xAD9A, 0x08C5,
  0x0002, 0x322D, 0x94DA, 0xBDDD, 0xDEDE, 0xDEDD, 0x6BB8, 0x3A74, 0x4B15, 0x1949, 0x1969, 0x9CF9,
  0xCE7D, 0xCE5C, 0xB5DC, 0xCE5D, 0x9CDA, 0xA51B, 0x753E, 0x2BD8, 0x0000, 0x0000, 0x0000, 0x0000,
  0x0020, 0x0000, 0x228F, 0x2B76, 0x0000, 0x0022, 0x0021, 0x0021, 0x0021, 0x0021, 0x0021, 0x0021,
  0x0021, 0x0021, 0x0021, 0x0021, 0x0001, 0x10A4, 0xCDFA, 0xD67C, 0xD65B, 0xD65B, 0xD65B, 0xD65B,
  0xD65B, 0xDEBD, 0x4209, 0x0000, 0x0022, 0x0021, 0x0021, 0x0021, 0x0000, 0x2105, 0xD65B, 0xD65C,
  0xD65B, 0xD65B, 0xD65B, 0xD65B, 0xD65B, 0xD63B, 0xDE9C, 0x4209, 0x0000, 0x0883, 0xBDB9, 0xDE7C,
  0xD65B, 0xD65B, 0xD65B, 0xD65B, 0xD63B, 0xE6BD, 0x528B, 0x0000, 0x0042, 0x0001, 0x0000, 0x422A,
  0xDE7C, 0xD65B, 0xD65B, 0xD65B, 0xD65B, 0xD65B, 0xD65B, 0xD65B, 0xE6BD, 0x4A4A, 0x0000, 0x0021,
  0x1082, 0xC5D9, 0xD67C, 0xD65B, 0xD65B, 0xD65B, 0xD65B, 0xD63B, 0xE6DD, 0x7BD0, 0x0000, 0x0042,
  0x0000, 0xAD16, 0xDE9C, 0xD63B, 0xD65B, 0xD65B, 0xD65B, 0xD65B, 0xD65B, 0xD65B, 0xD65B, 0xD65B,
  0xD65B, 0xD63B, 0xE6BD, 0x5AAC, 0x0000, 0x0862, 0xBD98, 0xDE9C, 0xD65B, 0xD65B, 0xD65B, 0xD65B,
  0xD63B, 0xE6BD, 0x62ED, 0x0000, 0x0000, 0x2125, 0xD65B, 0xD65B, 0xD65B, 0xD65B, 0xD65B, 0xD65B,
  0xD65B, 0xCE3B, 0xBDB9, 0xDE7C, 0xD65B, 0xD67B, 0xD65B, 0xD65B, 0xD65B, 0xD65B, 0xD63B, 0xE6DD,
  0x6B2E, 0x0000, 0x0042, 0x0022, 0x0022, 0x0042, 0x0022, 0x0022, 0x0022, 0x0042, 0x0043, 0x0043,
  0x0043, 0x0043, 0x0043, 0x0043, 0x0043, 0x0043, 0x0043, 0x0044, 0x0044, 0x0044, 0x0064, 0x0064,
  0x0064, 0x0064, 0x0044, 0x0044, 0x0045, 0x0044, 0x0044, 0x0044, 0x0044, 0x0044, 0x0044, 0x0045,
  0x0045, 0x0045, 0x0065, 0x0065, 0x0064, 0x0064, 0x1928, 0x2169, 0x322B, 0x1927, 0x0044, 0x0064,
  0x0064, 0x0064, 0x0044, 0x0064, 0x0064, 0x0064, 0x0064, 0x0064, 0x0064, 0x0064, 0x0064, 0x0064,
  0x0064, 0x0064, 0x0064, 0x0064, 0x0064, 0x0064, 0x0064, 0x0064, 0x21F1, 0x08A6, 0x0022, 0x0021,
  0x198E, 0x2A34, 0x0043, 0x0022, 0x1127, 0x84B8, 0xD6BE, 0x8454, 0x0022, 0x8CD9, 0xCE9D, 0x29A9,
  0x0000, 0x1969, 0x8498, 0xB5BC, 0xD69E, 0xE73F, 0x73B2, 0x0086, 0x10C5, 0x29EE, 0x3270, 0x8C96,
  0xC63C, 0xCE5C, 0x9D1A, 0xD6BD, 0x8C98, 0x845A, 0x84FC, 0x3CBE, 0x08A4, 0x0000, 0x0000, 0x0000,
  0x0000, 0x0000, 0x2B96, 0x1A4F, 0x0000, 0x0022, 0x0021, 0x0021, 0x0021, 0x0021, 0x0021, 0x0021,
  0x0021, 0x0021, 0x0021, 0x0021, 0x0001, 0x10A3, 0xC5F9, 0xD67C, 0xD65B, 0xD65B, 0xD65B, 0xD65B,
  0xD65B, 0xDEBD, 0x4209, 0x0000, 0x0022, 0x0021, 0x0021, 0x0021, 0x0021, 0x0000, 0xA4F5, 0xDEBD,
  0xD65B, 0xD65B, 0xD65B, 0xD65B, 0xD65B, 0xD63B, 0xDEBD, 0x52AB, 0x0000, 0x1083, 0xBDB9, 0xDE7C,
  0xD65B, 0xD65B, 0xD65B, 0xD65B, 0xD63B, 0xE6BD, 0x526B, 0x0000, 0x0021, 0x0862, 0x5A8B, 0xD63B,
  0xD67C, 0xD65B, 0xD65B, 0xD65B, 0xD65B, 0xD65B, 0xD65B, 0xD67C, 0xCE1A, 0x18C4, 0x0001, 0x0001,
  0x1082, 0xC5D9, 0xD67C, 0xD65B, 0xD65B, 0xD65B, 0xD65B, 0xD63B, 0xE6BD, 0x7BB0, 0x0000, 0x0042,
  0x0000, 0xAD36, 0xDE9C, 0xD63B, 0xD65B, 0xD65B, 0xD65B, 0xD65B, 0xD65B, 0xD65B, 0xD65B, 0xD65B,
  0xD65B, 0xD65B, 0xDE9C, 0xB578, 0x0041, 0x0862, 0xBDB8, 0xDE9C, 0xD65B, 0xD65B, 0xD65B, 0xD65B,
  0xD63B, 0xE6BD, 0x5AAB, 0x0000, 0x0000, 0x2966, 0xD67C, 0xD65B, 0xD65B, 0xD65B, 0xD65B, 0xD65B,
  0xD65B, 0xD65B, 0xDE7C, 0xD65B, 0xD65B, 0xD65B, 0xD65B, 0xD65B, 0xD65B, 0xD63B, 0xE6DD, 0x9494,
  0x0000, 0x0022, 0x0022, 0x0022, 0x0022, 0x0022, 0x0022, 0x0022, 0x0042, 0x0042, 0x0043, 0x0043,
  0x0043, 0x0043, 0x0043, 0x0043, 0x0043, 0x0043, 0x0043, 0x0044, 0x0044, 0x0044, 0x0064, 0x0064,
  0x0064, 0x0064, 0x0044, 0x0064, 0x0064, 0x0045, 0x0045, 0x0045, 0x0045, 0x0045, 0x0045, 0x0045,
  0x0045, 0x0065, 0x0065, 0x0065, 0x0064, 0x0064, 0x0864, 0x4AEE, 0x29EA, 0x0003, 0x0064, 0x0044,
  0x0044, 0x0064, 0x0044, 0x0064, 0x1108, 0x0064, 0x0064, 0x0064, 0x0064, 0x0064, 0x0064, 0x0064,
  0x0064, 0x0064, 0x0064, 0x0064, 0x0064, 0x0064, 0x0064, 0x10E7, 0x08C7, 0x0043, 0x0064, 0x0021,
  0x21AE, 0x196D, 0x0022, 0x0064, 0x0022, 0x5311, 0xC63D, 0xB59A, 0x0883, 0x63D4, 0xD6DF, 0x4A8C,
  0x0000, 0x08E7, 0x7C57, 0xB5BC, 0xCE7E, 0xEF5F, 0xA517, 0x1129, 0x0884, 0x4AB3, 0x5376, 0x7C54,
  0xB5DA, 0xC67C, 0x94F9, 0xBE1C, 0xAD79, 0xA51A, 0xA55B, 0x4D1F, 0x11AA, 0x0000, 0x0000, 0x0000,
  0x0000, 0x0021, 0x347B, 0x1148, 0x0000, 0x0022, 0x0021, 0x0021, 0x0021, 0x0021, 0x0021, 0x0021,
  0x0021, 0x0021, 0x0021, 0x0021, 0x0001, 0x10A3, 0xC5D9, 0xD67C, 0xD65B, 0xD65B, 0xD65B, 0xD65B,
  0xD65B, 0xDEBD, 0x4209, 0x0000, 0x0022, 0x0021, 0x0021, 0x0021, 0x0022, 0x0000, 0x7BD0, 0xE6BD,
  0xD63B, 0xD65B, 0xD65B, 0xD65B, 0xD65B, 0xD63B, 0xE6DD, 0x62ED, 0x0000, 0x1083, 0xBDB9, 0xDE7C,
  0xD65B, 0xD65B, 0xD65B, 0xD65B, 0xD65B, 0xDE7C, 0xB577, 0x8C32, 0xA4D5, 0xC5B9, 0xDE9D, 0xD67C,
  0xD65B, 0xD65B, 0xD65B, 0xD65B, 0xD65B, 0xD65B, 0xCE3B, 0xE6DD, 0x8C12, 0x0000, 0x0042, 0x0001,
  0x1082, 0xC5D9, 0xD67C, 0xD65B, 0xD65B, 0xD65B, 0xD65B, 0xCE3B, 0xE6BD, 0x7BB0, 0x0000, 0x0042,
  0x0021, 0xAD36, 0xDE9C, 0xD65B, 0xD65B, 0xD65B, 0xD65B, 0xD65B, 0xD65B, 0xD65B, 0xD65B, 0xD65B,
  0xD65B, 0xD65B, 0xD63B, 0xE6DD, 0x528B, 0x0021, 0xC5FA, 0xDE7C, 0xD65B, 0xD65B, 0xD65B, 0xD65B,
  0xD63B, 0xE6BD, 0x4A4A, 0x0000, 0x0000, 0x39A7, 0xDE9C, 0xD65B, 0xD65B, 0xD65B, 0xD65B, 0xD65B,
  0xD65B, 0xD65B, 0xD65B, 0xD65B, 0xD65B, 0xD65B, 0xD65B, 0xD65B, 0xD65B, 0xDE9C, 0xBD98, 0x1083,
  0x0021, 0x0042, 0x0022, 0x0022, 0x0022, 0x0022, 0x0022, 0x0022, 0x0042, 0x0043, 0x0043, 0x0043,
  0x0043, 0x0043, 0x0043, 0x0043, 0x0043, 0x0043, 0x0043, 0x0044, 0x0044, 0x0044, 0x0044, 0x0044,
  0x0044, 0x0044, 0x0064, 0x0065, 0x0045, 0x0045, 0x0045, 0x0065, 0x0065, 0x0065, 0x0065, 0x0045,
  0x0065, 0x0065, 0x0065, 0x0065, 0x0065, 0x0044, 0x0044, 0x0024, 0x0024, 0x0065, 0x0064, 0x0044,
  0x0044, 0x0044, 0x0044, 0x0064, 0x2A2D, 0x0064, 0x0064, 0x0064, 0x0064, 0x0064, 0x0064, 0x0064,
  0x0084, 0x0084, 0x0084, 0x0085, 0x0085, 0x0085, 0x0084, 0x0085, 0x0064, 0x0064, 0x0064, 0x0043,
  0x194B, 0x08A6, 0x0043, 0x0064, 0x0023, 0x29CB, 0xA53A, 0xCE7E, 0x39E9, 0x3A6E, 0xCE7F, 0x73B1,
  0x0001, 0x1128, 0x63B4, 0xAD5A, 0xC63C, 0xDEFE, 0xBDFB, 0x4B16, 0x42B7, 0x5B57, 0x5BB7, 0x8CD8,
  0xC65D, 0xD6DE, 0xA57A, 0xADBB, 0xCE5C, 0x9D1A, 0xB59B, 0x5D3F, 0x1AB1, 0x0000, 0x0000, 0x0000,
  0x0000, 0x0906, 0x3C7C, 0x0063, 0x0001, 0x0021, 0x0021, 0x0021, 0x0021, 0x0021, 0x0021, 0x0021,
  0x0021, 0x0021, 0x0021, 0x0021, 0x0001, 0x1083, 0xC5D9, 0xD67C, 0xD65B, 0xD65B, 0xD65B, 0xD65B,
  0xD65B, 0xDEBD, 0x4209, 0x0000, 0x0022, 0x0021, 0x0021, 0x0021, 0x0042, 0x0000, 0x6B2E, 0xE6DD,
  0xD63B, 0xD65B, 0xD65B, 0xD65B, 0xD65B, 0xD63B, 0xE6DD, 0x6B2E, 0x0000, 0x1083, 0xBDB8, 0xDE7C,
  0xD65B, 0xD65B, 0xD65B, 0xD65B, 0xD65B, 0xD65B, 0xDE9C, 0xE6BD, 0xDE9D, 0xD67C, 0xD65B, 0xD65B,
  0xD65B, 0xD65B, 0xD65B, 0xD65B, 0xD65B, 0xD65B, 0xDE7C, 0xCE3A, 0x18E4, 0x0000, 0x0021, 0x0001,
  0x1082, 0xC5D9, 0xD67C, 0xD65B, 0xD65B, 0xD65B, 0xD65B, 0xCE3B, 0xE6BD, 0x7BB0, 0x0000, 0x0042,
  0x0021, 0xAD36, 0xDE9C, 0xD65B, 0xD65B, 0xD65B, 0xD65B, 0xD65B, 0xD65B, 0xD65B, 0xD65B, 0xD65B,
  0xD65B, 0xD65B, 0xD65B, 0xDE9C, 0xB557, 0x10A3, 0xC5D9, 0xDE7C, 0xD65B, 0xD65B, 0xD65B, 0xD65B,
  0xD63B, 0xDE9D, 0x4209, 0x0000, 0x0000, 0x4209, 0xDE9C, 0xD63B, 0xD65B, 0xD65B, 0xD65B, 0xD65B,
  0xD65B, 0xD65B, 0xD65B, 0xD65B, 0xD65B, 0xD65B, 0xD65B, 0xD65B, 0xD67C, 0xD65B, 0x2946, 0x0000,
  0x0042, 0x0022, 0x0022, 0x0022, 0x0022, 0x0022, 0x0042, 0x0042, 0x0043, 0x0043, 0x0043, 0x0043,
  0x0043, 0x0043, 0x0043, 0x0043, 0x0043, 0x0043, 0x0043, 0x0044, 0x0044, 0x0044, 0x0044, 0x0044,
  0x0044, 0x0044, 0x0044, 0x0045, 0x0065, 0x0065, 0x0065, 0x0065, 0x0065, 0x0065, 0x0045, 0x0065,
  0x0065, 0x0065, 0x0065, 0x0065, 0x0065, 0x0044, 0x0044, 0x0065, 0x0065, 0x0044, 0x0044, 0x0044,
  0x0044, 0x0044, 0x0044, 0x0085, 0x3AAF, 0x0065, 0x0064, 0x0064, 0x0064, 0x0064, 0x0064, 0x0085,
  0x0085, 0x0085, 0x0085, 0x0085, 0x0085, 0x0085, 0x0085, 0x0084, 0x0084, 0x0064, 0x0064, 0x0064,
  0x08C6, 0x0063, 0x0063, 0x0063, 0x0043, 0x08C6, 0x7C37, 0xD69E, 0x7C12, 0x116A, 0xADBD, 0x94F8,
  0x1926, 0x1926, 0x4AF0, 0x9517, 0xB61A, 0xCEDD, 0xCEDD, 0x7438, 0x533A, 0x7C5A, 0x6BD6, 0x6BB4,
  0xB5BC, 0xDEBE, 0xA539, 0x94FA, 0xCE5C, 0x9D1A, 0xB55B, 0x651E, 0x23B8, 0x0000, 0x0000, 0x0000,
  0x0000, 0x1A2D, 0x3419, 0x0000, 0x0021, 0x0021, 0x0021, 0x0021, 0x0021, 0x0021, 0x0021, 0x0021,
  0x0021, 0x0021, 0x0021, 0x0021, 0x0001, 0x0862, 0xBDB9, 0xDE7C, 0xD65B, 0xD65B, 0xD65B, 0xD65B,
  0xD65B, 0xDEBD, 0x4209, 0x0000, 0x0022, 0x0021, 0x0021, 0x0021, 0x0022, 0x0000, 0x6B2E, 0xE6DD,
  0xD63B, 0xD65B, 0xD65B, 0xD65B, 0xD65B, 0xD63B, 0xE6DD, 0x62ED, 0x0000, 0x0883, 0xBDB8, 0xDE9C,
  0xD65B, 0xD65B, 0xD65B, 0xD65B, 0xD65B, 0xD65B, 0xD65B, 0xD63B, 0xD63B, 0xD65B, 0xD65B, 0xD65B,
  0xD65B, 0xD65B, 0xD65B, 0xD65B, 0xD63B, 0xD65B, 0xDEBD, 0x4A29, 0x0000, 0x0022, 0x0021, 0x0001,
  0x1082, 0xC5D9, 0xD67C, 0xD65B, 0xD65B, 0xD65B, 0xD65B, 0xD63B, 0xE6BD, 0x7B90, 0x0000, 0x0042,
  0x0021, 0xAD36, 0xDE9C, 0xD65B, 0xD65B, 0xD65B, 0xD65B, 0xD65B, 0xD65B, 0xD65B, 0xD65B, 0xD65B,
  0xD65B, 0xD65B, 0xD65B, 0xD63B, 0xDE9C, 0x62ED, 0xB577, 0xDE9C, 0xD65B, 0xD65B, 0xD65B, 0xD65B,
  0xD63B, 0xDE9C, 0x31A8, 0x0000, 0x0000, 0x4A4A, 0xDEBD, 0xD63B, 0xD65B, 0xD65B, 0xD65B, 0xD65B,
  0xD65B, 0xD65B, 0xD65B, 0xD65B, 0xD65B, 0xD65B, 0xD65B, 0xD65B, 0xDEBD, 0x528C, 0x0000, 0x0042,
  0x0022, 0x0022, 0x0022, 0x0022, 0x0022, 0x0042, 0x0042, 0x0043, 0x0043, 0x0043, 0x0043, 0x0043,
  0x0043, 0x0043, 0x0043, 0x0043, 0x0043, 0x0043, 0x0044, 0x0044, 0x0044, 0x0044, 0x0044, 0x0044,
  0x0044, 0x0044, 0x0044, 0x0044, 0x0045, 0x0065, 0x0065, 0x0065, 0x0065, 0x0065, 0x0065, 0x0065,
  0x0065, 0x0065, 0x0065, 0x0065, 0x0065, 0x0045, 0x0044, 0x0044, 0x0064, 0x0044, 0x0064, 0x0044,
  0x0044, 0x0044, 0x0044, 0x0085, 0x3AF0, 0x0085, 0x0064, 0x0064, 0x0064, 0x0064, 0x0085, 0x0085,
  0x0085, 0x0085, 0x0085, 0x0085, 0x0085, 0x0085, 0x0085, 0x0085, 0x0084, 0x0084, 0x0084, 0x0064,
  0x0064, 0x0043, 0x0043, 0x0043, 0x0064, 0x0043, 0x5B72, 0xBE5D, 0xB5FA, 0x2A0C, 0x951A, 0xC63D,
  0x3A2A, 0x10A3, 0x5BD4, 0xA5DC, 0xCE7D, 0xE71E, 0xEF3E, 0x8C97, 0x6398, 0x9D1C, 0x7C37, 0x5332,
  0xAD7B, 0xDEBE, 0xAD7A, 0x8499, 0xCE7D, 0xAD9B, 0xB55A, 0x7D1C, 0x347D, 0x0862, 0x0000, 0x0000,
  0x0000, 0x2B13, 0x2B13, 0x0000, 0x0022, 0x0021, 0x0021, 0x0021, 0x0021, 0x0021, 0x0021, 0x0021,
  0x0021, 0x0021, 0x0021, 0x0021, 0x0001, 0x0862, 0xBDB8, 0xDE7C, 0xD65B, 0xD65B, 0xD65B, 0xD65B,
  0xD65B, 0xDEBD, 0x4209, 0x0000, 0x0042, 0x0021, 0x0021, 0x0021, 0x0042, 0x0000, 0x7BD0, 0xE6DD,
  0xD63B, 0xD65B, 0xD65B, 0xD65B, 0xD65B, 0xD65B, 0xDEBD, 0x526B, 0x0000, 0x0883, 0xBDB8, 0xDE7C,
  0xD65B, 0xD65B, 0xD65B, 0xD65B, 0xD65B, 0xD65B, 0xD65B, 0xD65B, 0xD65B, 0xD65B, 0xD65B, 0xD65B,
  0xD65B, 0xD65B, 0xD65B, 0xD65B, 0xDEBD, 0xD67C, 0x4A6A, 0x0000, 0x0022, 0x0021, 0x0021, 0x0001,
  0x0882, 0xBDB9, 0xD67C, 0xD65B, 0xD65B, 0xD65B, 0xD65B, 0xD63B, 0xE6BD, 0x7390, 0x0000, 0x0022,
  0x0021, 0xAD37, 0xDE9C, 0xD65B, 0xD65B, 0xD65B, 0xD65B, 0xDE9C, 0xB557, 0x9453, 0xDE9C, 0xD63B,
  0xD65B, 0xD65B, 0xD65B, 0xD65B, 0xDE9C, 0xC5D9, 0xCDFA, 0xD67C, 0xD65B, 0xD65B, 0xD65B, 0xD65B,
  0xD65B, 0xD67C, 0x2966, 0x0001, 0x0000, 0x5AAC, 0xE6BD, 0xD63B, 0xD65B, 0xD65B, 0xD65B, 0xD65B,
  0xD65B, 0xD65B, 0xD65B, 0xD65B, 0xD65B, 0xD65B, 0xD65B, 0xD65B, 0xDE9D, 0x528B, 0x0000, 0x0042,
  0x0022, 0x0022, 0x0022, 0x0022, 0x0042, 0x0043, 0x0043, 0x0043, 0x0043, 0x0043, 0x0043, 0x0043,
  0x0043, 0x0043, 0x0043, 0x0043, 0x0043, 0x0043, 0x0044, 0x0044, 0x0044, 0x0044, 0x0044, 0x0044,
  0x0044, 0x0044, 0x0044, 0x0044, 0x0045, 0x0045, 0x0065, 0x0065, 0x0065, 0x0065, 0x0065, 0x0065,
  0x0065, 0x0065, 0x0065, 0x0065, 0x0065, 0x0045, 0x0044, 0x0044, 0x0044, 0x0044, 0x0064, 0x0064,
  0x0044, 0x0064, 0x0023, 0x08C7, 0x4B93, 0x08C6, 0x0044, 0x0085, 0x0064, 0x0064, 0x0085, 0x0085,
  0x0085, 0x0085, 0x0085, 0x0085, 0x0085, 0x0085, 0x0085, 0x0084, 0x0084, 0x0064, 0x0064, 0x0064,
  0x0064, 0x0044, 0x0063, 0x0064, 0x0064, 0x0022, 0x4310, 0xB5FC, 0xD69D, 0x428D, 0x7416, 0xD6BE,
  0x5B0E, 0x08A3, 0x322C, 0x9D3A, 0xC61D, 0xDEDE, 0xE71E, 0x9CF8, 0x4A91, 0x5B32, 0x73F6, 0x4AD1,
  0x9D1A, 0xDEDE, 0xBDFB, 0x7C58, 0xCE5D, 0xCE5B, 0x8C99, 0x8D1B, 0x4D3F, 0x0927, 0x0000, 0x0000,
  0x0000, 0x33F8, 0x1A0D, 0x0000, 0x0022, 0x0021, 0x0021, 0x0021, 0x0021, 0x0021, 0x0021, 0x0021,
  0x0021, 0x0021, 0x0021, 0x0021, 0x0001, 0x0842, 0xBD98, 0xDE7C, 0xD65B, 0xD65B, 0xD65B, 0xD65B,
  0xD65B, 0xDEBD, 0x4209, 0x0000, 0x0022, 0x0021, 0x0021, 0x0021, 0x0021, 0x0000, 0x9CD5, 0xDEBD,
  0xD65B, 0xD65B, 0xD65B, 0xD65B, 0xD65B, 0xD65B, 0xDE9C, 0x39C8, 0x0000, 0x0862, 0xBDB8, 0xDE7C,
  0xD65B, 0xD65B, 0xD65B, 0xD65B, 0xD65B, 0xD65B, 0xD65B, 0xD65B, 0xD65B, 0xD65B, 0xD65B, 0xD65B,
  0xD65B, 0xD65B, 0xD65B, 0xD65B, 0xA516, 0x3166, 0x0000, 0x0022, 0x0021, 0x0021, 0x0021, 0x0001,
  0x0862, 0xC5B9, 0xD67C, 0xD65B, 0xD65B, 0xD65B, 0xD65B, 0xCE3B, 0xE6DD, 0x738F, 0x0000, 0x0022,
  0x0021, 0xAD57, 0xDE9C, 0xD65B, 0xD65B, 0xD65B, 0xD65B, 0xDE9C, 0xB557, 0x2104, 0xCE1A, 0xD67C,
  0xD65B, 0xD65B, 0xD65B, 0xD65B, 0xD65B, 0xD67C, 0xD65C, 0xD65B, 0xD65B, 0xD65B, 0xD65B, 0xD65B,
  0xD65B, 0xD65B, 0x2125, 0x0001, 0x0000, 0x630D, 0xE6BD, 0xCE3B, 0xD65B, 0xD65B, 0xD65B, 0xD65B,
  0xD65B, 0xD65B, 0xD65B, 0xD65B, 0xD65B, 0xD65B, 0xD65B, 0xD65B, 0xD67C, 0xCE1A, 0x10C4, 0x0022,
  0x0042, 0x0022, 0x0042, 0x0042, 0x0042, 0x0043, 0x0043, 0x0043, 0x0043, 0x0043, 0x0043, 0x0043,
  0x0043, 0x0043, 0x0043, 0x0043, 0x0044, 0x0044, 0x0044, 0x0044, 0x0044, 0x0044, 0x0044, 0x0044,
  0x0044, 0x0044, 0x0044, 0x0045, 0x0045, 0x0065, 0x0065, 0x0065, 0x0065, 0x0066, 0x0066, 0x0066,
  0x0066, 0x0066, 0x0065, 0x0065, 0x0065, 0x0065, 0x0065, 0x0065, 0x0044, 0x0064, 0x0064, 0x0044,
  0x0064, 0x0044, 0x0064, 0x4B0F, 0x84B5, 0x4AEE, 0x0024, 0x0064, 0x0085, 0x0064, 0x0064, 0x0064,
  0x0064, 0x0084, 0x0084, 0x0084, 0x0084, 0x0084, 0x0084, 0x0084, 0x0064, 0x0064, 0x0064, 0x0064,
  0x0043, 0x08A4, 0x2187, 0x2987, 0x10E5, 0x0083, 0x198A, 0x94B8, 0xD67E, 0x73D2, 0x5B32, 0xDEDF,
  0x7C33, 0x29CC, 0x3271, 0x8478, 0xBDDD, 0xD69E, 0xEF3F, 0xAD79, 0x424F, 0x5B56, 0x4B19, 0x3A70,
  0x9CF9, 0xD6BE, 0xCE3B, 0x6BB5, 0xB5BC, 0xBDBB, 0x7418, 0x9D1A, 0x553F, 0x11EC, 0x0000, 0x0000,
  0x0041, 0x3C5B, 0x1128, 0x0000, 0x0022, 0x0021, 0x0021, 0x0021, 0x0021, 0x0021, 0x0021, 0x0021,
  0x0021, 0x0021, 0x0021, 0x0021, 0x0001, 0x0841, 0xB577, 0xDE9C, 0xD65B, 0xD65B, 0xD65B, 0xD65B,
  0xD65B, 0xDEBD, 0x4209, 0x0000, 0x0022, 0x0021, 0x0021, 0x0021, 0x0001, 0x10A3, 0xCE1A, 0xD67C,
  0xD65B, 0xD65B, 0xD65B, 0xD65B, 0xD65B, 0xD67C, 0xCE3B, 0x18E4, 0x0000, 0x0862, 0xBDB8, 0xDE7C,
  0xD65B, 0xD65B, 0xD65B, 0xD65B, 0xD65B, 0xD65B, 0xD65B, 0xD65B, 0xD65B, 0xD65B, 0xD65B, 0xD65B,
  0xD65B, 0xD65B, 0xD65B, 0xD65C, 0x2925, 0x0000, 0x0042, 0x0021, 0x0021, 0x0021, 0x0021, 0x0001,
  0x0862, 0xBDB9, 0xD67C, 0xD65B, 0xD65B, 0xD65B, 0xD65B, 0xD63B, 0xE6DD, 0x738F, 0x0000, 0x0022,
  0x0021, 0xB557, 0xDE9C, 0xD65B, 0xD65B, 0xD65B, 0xD65B, 0xDE7C, 0xBDB9, 0x0000, 0x736F, 0xE6DD,
  0xCE3B, 0xD65B, 0xD65B, 0xD65B, 0xD65B, 0xD65B, 0xD65B, 0xD65B, 0xD65B, 0xD65B, 0xD65B, 0xD65B,
  0xD65B, 0xCE3B, 0x18E4, 0x0001, 0x0000, 0x736F, 0xE6BD, 0xCE3B, 0xD65B, 0xD65B, 0xD65B, 0xD65B,
  0xD65B, 0xD65B, 0xD65B, 0xD65B, 0xD65B, 0xD65B, 0xD65B, 0xD65B, 0xD63B, 0xE6DD, 0x8C12, 0x0000,
  0x0043, 0x0022, 0x0042, 0x0043, 0x0043, 0x0043, 0x0043, 0x0043, 0x0043, 0x0043, 0x0043, 0x0043,
  0x0043, 0x0043, 0x0044, 0x0064, 0x0064, 0x0044, 0x0064, 0x0065, 0x0065, 0x0065, 0x0085, 0x0085,
  0x0085, 0x0085, 0x0086, 0x0086, 0x0066, 0x0066, 0x0066, 0x0066, 0x0066, 0x0066, 0x0086, 0x0086,
  0x0066, 0x0086, 0x0066, 0x0065, 0x0065, 0x0065, 0x0065, 0x0065, 0x0064, 0x0064, 0x0064, 0x0064,
  0x0023, 0x0064, 0x3AAE, 0x7474, 0x7453, 0x7453, 0x4AEE, 0x0064, 0x0043, 0x0064, 0x0084, 0x0064,
  0x0064, 0x0064, 0x0064, 0x0064, 0x0064, 0x0064, 0x0064, 0x0064, 0x0064, 0x0064, 0x0064, 0x0043,
  0x2189, 0x4AF1, 0x5312, 0x3A2B, 0x2966, 0x2189, 0x2A0E, 0x6BB5, 0xCE5D, 0xA537, 0x5312, 0xCE9F,
  0x9CF6, 0x10C4, 0x1949, 0x6394, 0xAD7C, 0xCE5E, 0xEF3F, 0xCE7C, 0x6BB7, 0x73FA, 0x8C7B, 0x4AD2,
  0x94B8, 0xD69E, 0xDEBD, 0x6397, 0x9D3C, 0xB5BB, 0x63DB, 0x847A, 0x54FF, 0x1AD2, 0x0000, 0x0000,
  0x08E6, 0x345B, 0x0884, 0x0001, 0x0021, 0x0021, 0x0021, 0x0021, 0x0021, 0x0021, 0x0021, 0x0021,
  0x0021, 0x0021, 0x0021, 0x0021, 0x0021, 0x0841, 0xB577, 0xDE9C, 0xD65B, 0xD65B, 0xD65B, 0xD65B,
  0xD63B, 0xDE9D, 0x4209, 0x0000, 0x0022, 0x0021, 0x0021, 0x0042, 0x0000, 0x62EC, 0xE6BD, 0xD63B,
  0xD65B, 0xD65B, 0xD65B, 0xD65B, 0xD65B, 0xDE9C, 0xAD36, 0x0021, 0x0001, 0x0862, 0xBDB8, 0xDE7C,
  0xD65B, 0xD65B, 0xD65B, 0xD65B, 0xD65B, 0xD65B, 0xD65B, 0xD65B, 0xD67C, 0xD65B, 0xD65B, 0xD65B,
  0xD65B, 0xD65B, 0xD63B, 0xDEBD, 0xA4D5, 0x0021, 0x0021, 0x0021, 0x0021, 0x0021, 0x0021, 0x0001,
  0x0862, 0xBDB8, 0xD67C, 0xD65B, 0xD65B, 0xD65B, 0xD65B, 0xD63B, 0xE6DD, 0x736F, 0x0000, 0x0022,
  0x0021, 0xB557, 0xDE9C, 0xD63B, 0xD65B, 0xD65B, 0xD65B, 0xDE9C, 0xBD98, 0x0042, 0x0862, 0xBDB8,
  0xD67C, 0xD65B, 0xD65B, 0xD65B, 0xD65B, 0xD65B, 0xD65B, 0xD65B, 0xD65B, 0xD65B, 0xD65B, 0xD65B,
  0xD67C, 0xC5FA, 0x10A3, 0x0001, 0x0000, 0x7BD0, 0xE6BD, 0xD63B, 0xD65B, 0xD65B, 0xD65B, 0xD65B,
  0xD65B, 0xD65B, 0xD65B, 0xD65B, 0xD65B, 0xD65B, 0xD65B, 0xD65B, 0xD65B, 0xD65B, 0xDE9C, 0x39C8,
  0x0001, 0x0043, 0x0043, 0x0043, 0x0043, 0x0043, 0x0043, 0x0043, 0x0043, 0x0063, 0x0064, 0x0064,
  0x0064, 0x0064, 0x0064, 0x0064, 0x0064, 0x0064, 0x0085, 0x0085, 0x0085, 0x0085, 0x0085, 0x0085,
  0x0085, 0x0086, 0x0086, 0x0086, 0x0066, 0x0066, 0x0066, 0x0066, 0x0066, 0x0086, 0x0086, 0x0086,
  0x0086, 0x0086, 0x0086, 0x0065, 0x0065, 0x0065, 0x0065, 0x0064, 0x0044, 0x0044, 0x0044, 0x0023,
  0x08C6, 0x3ACE, 0x63D2, 0x7432, 0x63B1, 0x5B90, 0x6C12, 0x532F, 0x1106, 0x0022, 0x0002, 0x0044,
  0x0064, 0x0064, 0x0064, 0x0064, 0x0064, 0x0064, 0x0064, 0x0064, 0x0063, 0x0063, 0x0043, 0x08C5,
  0x3209, 0x3A4C, 0x5314, 0x73FA, 0x4AAF, 0x29CA, 0x29A9, 0x5311, 0xBDDC, 0xCE3B, 0x5332, 0xADBC,
  0xB5BA, 0x216A, 0x2A31, 0x5354, 0xA55B, 0xC65E, 0xE71F, 0xD6BC, 0x8457, 0x8C9B, 0x94DA, 0x5313,
  0x8C97, 0xD67E, 0xE6FE, 0x6398, 0x7C5A, 0x94DB, 0x6BDA, 0x9499, 0x64DD, 0x2BB7, 0x0000, 0x0000,
  0x19EB, 0x3419, 0x0001, 0x0021, 0x0021, 0x0021, 0x0021, 0x0021, 0x0021, 0x0021, 0x0021, 0x0021,
  0x0021, 0x0021, 0x0021, 0x0021, 0x0021, 0x0041, 0xB557, 0xDE9C, 0xD65B, 0xD65B, 0xD65B, 0xD65B,
  0xD63B, 0xDE9C, 0x4209, 0x0000, 0x0022, 0x0021, 0x0042, 0x0000, 0x18C3, 0xC5FA, 0xD67C, 0xD65B,
  0xD65B, 0xD65B, 0xD65B, 0xD65B, 0xD63B, 0xE6DD, 0x7BB0, 0x0000, 0x0021, 0x0862, 0xBDB8, 0xDE7C,
  0xD65B, 0xD65B, 0xD65B, 0xD65B, 0xD63B, 0xDEBD, 0x630E, 0x2966, 0xCE3B, 0xD65B, 0xD65B, 0xD65B,
  0xD65B, 0xD65B, 0xD65B, 0xD63B, 0xE6DD, 0x5ACC, 0x0000, 0x0042, 0x0021, 0x0021, 0x0021, 0x0001,
  0x0862, 0xBD98, 0xDE7C, 0xD65B, 0xD65B, 0xD65B, 0xD65B, 0xD63B, 0xE6DD, 0x736F, 0x0000, 0x0042,
  0x0021, 0xB557, 0xDE9C, 0xD65B, 0xD65B, 0xD65B, 0xD65B, 0xDE9C, 0xB578, 0x0862, 0x0000, 0x528B,
  0xE6BD, 0xCE3B, 0xD65B, 0xD65B, 0xD65B, 0xD65B, 0xD65B, 0xD65B, 0xD65B, 0xD65B, 0xD65B, 0xD65B,
  0xD67C, 0xC5D9, 0x1082, 0x0021, 0x0000, 0x8C32, 0xDEBD, 0xD63B, 0xD65B, 0xD65B, 0xD65B, 0xD65B,
  0xD65B, 0xD65B, 0xDE7C, 0xD65B, 0xD65B, 0xD65B, 0xD65B, 0xD65B, 0xD65B, 0xD65B, 0xDE9C, 0xB557,
  0x0842, 0x0023, 0x0043, 0x0043, 0x0043, 0x0043, 0x0043, 0x0043, 0x0043, 0x0043, 0x0043, 0x0063,
  0x0044, 0x0064, 0x0064, 0x0044, 0x0064, 0x0064, 0x0064, 0x0065, 0x0065, 0x0085, 0x0085, 0x0085,
  0x0085, 0x0086, 0x0086, 0x0086, 0x0086, 0x0086, 0x0086, 0x0086, 0x0086, 0x0086, 0x0086, 0x0086,
  0x0086, 0x0086, 0x0086, 0x0065, 0x0065, 0x0065, 0x0065, 0x0064, 0x0064, 0x0885, 0x08A5, 0x19AA,
  0x4B72, 0x6454, 0x7CB5, 0x7CB4, 0x7453, 0x7432, 0x6C12, 0x6C33, 0x6C12, 0x42CD, 0x3A2B, 0x08E6,
  0x0043, 0x0064, 0x0064, 0x0064, 0x0064, 0x0064, 0x0063, 0x0043, 0x0043, 0x0043, 0x0043, 0x2166,
  0x31EA, 0x4A8E, 0x6330, 0x6B93, 0x4AAE, 0x3A4B, 0x2965, 0x322C, 0x9D19, 0xD67D, 0x6BD3, 0x94FA,
  0xCE7D, 0x5357, 0x3272, 0x42B0, 0x9D1A, 0xC61D, 0xDEFE, 0xDEDD, 0x8C9B, 0x5B35, 0x7C39, 0x4AD2,
  0x8477, 0xCE5D, 0xDEDD, 0x7439, 0x73FB, 0xB57C, 0x9CFB, 0x9C99, 0x7CFC, 0x345B, 0x0041, 0x0000,
  0x22D1, 0x2B96, 0x0000, 0x0022, 0x0021, 0x0021, 0x0021, 0x0021, 0x0021, 0x0021, 0x0021, 0x0021,
  0x0021, 0x0021, 0x0021, 0x0021, 0x0021, 0x0021, 0xB557, 0xDE9C, 0xD65B, 0xD65B, 0xD65B, 0xD65B,
  0xD63B, 0xDE9C, 0x4209, 0x0000, 0x0042, 0x0021, 0x0000, 0x0862, 0xAD16, 0xDE9C, 0xD63B, 0xD65B,
  0xD65B, 0xD65B, 0xD65B, 0xD65B, 0xD65B, 0xDE7C, 0x3187, 0x0000, 0x0021, 0x0862, 0xBDB8, 0xDE7C,
  0xD65B, 0xD65B, 0xD65B, 0xD65B, 0xD63B, 0xDE9C, 0x41E9, 0x0000, 0x7B8F, 0xE6DD, 0xD63B, 0xD65B,
  0xD65B, 0xD65B, 0xD65B, 0xD65B, 0xD67C, 0xCE3A, 0x18E4, 0x0000, 0x0021, 0x0021, 0x0021, 0x0001,
  0x0862, 0xBD98, 0xD67C, 0xD65B, 0xD65B, 0xD65B, 0xD65B, 0xD63B, 0xE6DD, 0x736F, 0x0000, 0x0022,
  0x0021, 0xB557, 0xDE7C, 0xD63B, 0xD65B, 0xD65B, 0xD65B, 0xDE9C, 0xB578, 0x0042, 0x0021, 0x0021,
  0xAD36, 0xDE9C, 0xD63B, 0xD65B, 0xD65B, 0xD65B, 0xD65B, 0xD65B, 0xD65B, 0xD65B, 0xD65B, 0xD65B,
  0xDE9C, 0xBD98, 0x0842, 0x0021, 0x0000, 0x9473, 0xDEBD, 0xD63B, 0xD65B, 0xD65B, 0xD65B, 0xD65B,
  0xD65B, 0xD65B, 0xB557, 0xD67C, 0xD65B, 0xD65B, 0xD65B, 0xD65B, 0xD65B, 0xD65B, 0xD63B, 0xE6BD,
  0x632E, 0x0000, 0x0043, 0x0043, 0x0043, 0x0043, 0x0043, 0x0043, 0x0043, 0x0043, 0x0043, 0x0043,
  0x0043, 0x0043, 0x0043, 0x0043, 0x0043, 0x0044, 0x0044, 0x0044, 0x0044, 0x0044, 0x0044, 0x0044,
  0x0044, 0x0065, 0x0065, 0x0065, 0x0065, 0x0065, 0x0065, 0x0065, 0x0066, 0x0066, 0x0066, 0x0066,
  0x0086, 0x0086, 0x0065, 0x0065, 0x0065, 0x0065, 0x0065, 0x0064, 0x0024, 0x326D, 0x4BB3, 0x6455,
  0x7CD6, 0x7CD5, 0x74B5, 0x8D16, 0x7CD5, 0x7CD5, 0x84F6, 0x8516, 0x7CB5, 0x6413, 0x42EE, 0x00A5,
  0x0043, 0x0063, 0x0063, 0x0063, 0x0063, 0x0043, 0x08A4, 0x08C5, 0x0043, 0x0064, 0x1969, 0x4292,
  0x5337, 0x6BB7, 0x8478, 0x8CB8, 0x6392, 0x6396, 0x29A8, 0x2188, 0x8456, 0xD69E, 0x9CF7, 0x8498,
  0xE71F, 0x6B92, 0x196D, 0x2A10, 0x8CB8, 0xBE1D, 0xDEBE, 0xE71F, 0x9497, 0x4270, 0x73F9, 0x42B1,
  0x7C36, 0xCE3D, 0xD69E, 0xAD5A, 0x94FB, 0xAD9C, 0xAD9C, 0x9CDA, 0x953B, 0x3CBD, 0x08C4, 0x0000,
  0x2B75, 0x22D1, 0x0000, 0x0022, 0x0021, 0x0021, 0x0021, 0x0021, 0x0021, 0x0021, 0x0021, 0x0021,
  0x0021, 0x0021, 0x0021, 0x0021, 0x0021, 0x0021, 0xAD37, 0xDE9C, 0xD65B, 0xD65B, 0xD65B, 0xD65B,
  0xD63B, 0xDEBD, 0x39E8, 0x0000, 0x0000, 0x0001, 0x41E8, 0xB578, 0xDEBD, 0xD63B, 0xD65B, 0xD65B,
  0xD65B, 0xD65B, 0xD65B, 0xD63B, 0xDEBD, 0x9CB4, 0x0000, 0x0022, 0x0001, 0x0862, 0xBDB8, 0xDE7C,
  0xD65B, 0xD65B, 0xD65B, 0xD65B, 0xD65B, 0xDE9D, 0x4209, 0x0000, 0x1083, 0xC5D9, 0xDE7C, 0xD65B,
  0xD65B, 0xD65B, 0xD65B, 0xD65B, 0xD63B, 0xDEBD, 0x9473, 0x0000, 0x0021, 0x0021, 0x0021, 0x0001,
  0x0862, 0xBD98, 0xDE7C, 0xD65B, 0xD65B, 0xD65B, 0xD65B, 0xD63B, 0xE6DD, 0x736F, 0x0000, 0x0022,
  0x0041, 0xB557, 0xDE7C, 0xD63B, 0xD65B, 0xD65B, 0xD65B, 0xDE9C, 0xB577, 0x0021, 0x0021, 0x0000,
  0x39C8, 0xDE9C, 0xD63B, 0xD65B, 0xD65B, 0xD65B, 0xD65B, 0xD65B, 0xD65B, 0xD65B, 0xD65B, 0xD63B,
  0xDE9C, 0xAD37, 0x0021, 0x0022, 0x0000, 0x9CD5, 0xDE9D, 0xD63B, 0xD65B, 0xD65B, 0xD65B, 0xD63B,
  0xE6BD, 0x83F1, 0x0862, 0xBDB8, 0xDE7C, 0xD65B, 0xD65B, 0xD65B, 0xD65B, 0xD65B, 0xD65B, 0xD65B,
  0xD63B, 0x2126, 0x0001, 0x0043, 0x0043, 0x0043, 0x0043, 0x0043, 0x0043, 0x0043, 0x0043, 0x0043,
  0x0044, 0x0064, 0x0064, 0x0064, 0x0064, 0x0065, 0x0064, 0x0065, 0x0065, 0x0065, 0x0065, 0x0065,
  0x0085, 0x0085, 0x0065, 0x0065, 0x0065, 0x0065, 0x0065, 0x0065, 0x0065, 0x0065, 0x0065, 0x0045,
  0x0045, 0x0045, 0x0044, 0x0044, 0x0044, 0x0044, 0x0044, 0x0044, 0x0023, 0x0085, 0x10E6, 0x2A0B,
  0x5C14, 0x53F4, 0x4372, 0x53D3, 0x6433, 0x4BB2, 0x6C54, 0x6413, 0x324C, 0x0043, 0x0023, 0x0043,
  0x0043, 0x0043, 0x0043, 0x0043, 0x0043, 0x1926, 0x3A2A, 0x31E9, 0x08E6, 0x1969, 0x3A6E, 0x3A2C,
  0x31A7, 0x3A0A, 0x7C39, 0x8CBB, 0x8478, 0x6398, 0x3A2D, 0x21A9, 0x6BD5, 0xCE3C, 0xC61B, 0x7C57,
  0xD6BE, 0x8456, 0x3A73, 0x4B15, 0x7C57, 0xB5DD, 0xCE5D, 0xE71E, 0xB5BA, 0x6377, 0x8438, 0x4AB1,
  0x6BD4, 0xADBB, 0xC65C, 0x9D19, 0x73F9, 0xBDFD, 0xBDDB, 0x8C99, 0x94FA, 0x3CFF, 0x0928, 0x0000,
  0x33F9, 0x1A0D, 0x0000, 0x0022, 0x0021, 0x0021, 0x0021, 0x0021, 0x0021, 0x0021, 0x0021, 0x0021,
  0x0021, 0x0021, 0x0021, 0x0021, 0x0021, 0x0000, 0xAD36, 0xDE9D, 0xD65B, 0xD65B, 0xD65B, 0xD65B,
  0xD65B, 0xDE9C, 0x9473, 0x5AAC, 0x7BB0, 0xAD16, 0xDE9C, 0xDE9C, 0xD63B, 0xD65B, 0xD65B, 0xD65B,
  0xD65B, 0xD65B, 0xD65B, 0xD65B, 0xDE9C, 0x3187, 0x0000, 0x0042, 0x0001, 0x0862, 0xBDB8, 0xDE7C,
  0xD65B, 0xD65B, 0xD65B, 0xD65B, 0xD65B, 0xDE9C, 0x41E9, 0x0000, 0x0000, 0x528B, 0xE6BD, 0xCE3B,
  0xD65B, 0xD65B, 0xD65B, 0xD65B, 0xD65B, 0xD63B, 0xDEBD, 0x4A4A, 0x0000, 0x0042, 0x0021, 0x0001,
  0x0862, 0xBD98, 0xDE7C, 0xD65B, 0xD65B, 0xD65B, 0xD65B, 0xD63B, 0xE6DD, 0x736F, 0x0000, 0x0022,
  0x0041, 0xB557, 0xDE7C, 0xD63B, 0xD65B, 0xD65B, 0xD63B, 0xDE9C, 0xB557, 0x0021, 0x0021, 0x0021,
  0x0000, 0x9473, 0xDEBD, 0xCE3B, 0xD65B, 0xD65B, 0xD65B, 0xD65B, 0xD65B, 0xD65B, 0xD65B, 0xD63B,
  0xDE9D, 0xA4F5, 0x0001, 0x0022, 0x0001, 0xAD16, 0xDE9C, 0xD63B, 0xD65B, 0xD65B, 0xD65B, 0xD63B,
  0xE6BD, 0x528C, 0x0000, 0x4A2A, 0xDE9D, 0xD65B, 0xD65B, 0xD65B, 0xD65B, 0xD65B, 0xD65B, 0xD63B,
  0xDEBD, 0x9CB4, 0x0001, 0x0043, 0x0043, 0x0043, 0x0043, 0x0043, 0x0043, 0x0043, 0x0044, 0x0044,
  0x0044, 0x0064, 0x0064, 0x0064, 0x0064, 0x0064, 0x0065, 0x0065, 0x0065, 0x0065, 0x0065, 0x0065,
  0x0065, 0x0065, 0x0065, 0x0065, 0x0045, 0x0045, 0x0045, 0x0045, 0x0045, 0x0045, 0x0044, 0x0044,
  0x0044, 0x0044, 0x0044, 0x0044, 0x0043, 0x0023, 0x0023, 0x0023, 0x0043, 0x0023, 0x0002, 0x0001,
  0x222D, 0x2AF1, 0x4351, 0x53B2, 0x5BB2, 0x4B71, 0x5BF2, 0x4351, 0x1989, 0x0023, 0x0043, 0x0043,
  0x0022, 0x0043, 0x0043, 0x0023, 0x10E6, 0x3209, 0x3A09, 0x29A8, 0x1968, 0x29C9, 0x31C8, 0x31C7,
  0x29A8, 0x6399, 0x6B96, 0x5B55, 0x6BB8, 0x3A4E, 0x42B2, 0x2187, 0x4B11, 0xAD5A, 0xD67D, 0x8C97,
  0xBE1D, 0xB5BB, 0x4AF7, 0x3A70, 0x6BD4, 0xAD9C, 0xC61D, 0xE73F, 0xCE9D, 0x5B33, 0x6397, 0x5B77,
  0x7C77, 0xADDB, 0xCEBD, 0xA57C, 0x7C1A, 0xC61D, 0xCE3B, 0x8C99, 0x94B9, 0x44FF, 0x11EC, 0x0000,
  0x345B, 0x1169, 0x0000, 0x0022, 0x0021, 0x0021, 0x0021, 0x0021, 0x0021, 0x0021, 0x0021, 0x0021,
  0x0021, 0x0021, 0x0021, 0x0021, 0x0021, 0x0000, 0xAD16, 0xDEBD, 0xD65B, 0xD65B, 0xD65B, 0xD65B,
  0xD65B, 0xD65B, 0xDE9C, 0xE6BD, 0xE6DD, 0xDE9C, 0xD65B, 0xD65B, 0xD65B, 0xD65B, 0xD65B, 0xD65B,
  0xD65B, 0xD65B, 0xCE3B, 0xE6DD, 0x83F1, 0x0000, 0x0022, 0x0021, 0x0001, 0x0862, 0xBDB8, 0xDE7C,
  0xD65B, 0xD65B, 0xD65B, 0xD65B, 0xD65B, 0xDE9C, 0x4209, 0x0000, 0x0042, 0x0020, 0xA4F5, 0xDE9C,
  0xD65B, 0xD65B, 0xD65B, 0xD65B, 0xD65B, 0xD65B, 0xD67C, 0xC5D9, 0x10A3, 0x0001, 0x0022, 0x0001,
  0x0862, 0xBD98, 0xD67C, 0xD65B, 0xD65B, 0xD65B, 0xD65B, 0xD65B, 0xE6DD, 0x736F, 0x0000, 0x0042,
  0x0041, 0xB577, 0xDE7C, 0xD65B, 0xD65B, 0xD65B, 0xD63B, 0xDE9C, 0xB557, 0x0021, 0x0021, 0x0022,
  0x0000, 0x2125, 0xD65B, 0xD65B, 0xD65B, 0xD65B, 0xD65B, 0xD65B, 0xD65B, 0xD65B, 0xD65B, 0xD63B,
  0xDEBD, 0x9CB4, 0x0000, 0x0022, 0x0021, 0xB557, 0xDE9C, 0xD63B, 0xD65B, 0xD65B, 0xD65B, 0xD65B,
  0xE6BD, 0x4A4A, 0x0000, 0x0000, 0x9CB4, 0xE6BD, 0xD63B, 0xD65B, 0xD65B, 0xD65B, 0xD65B, 0xD65B,
  0xD63B, 0xE6BD, 0x4A6B, 0x0001, 0x0063, 0x0043, 0x0043, 0x0043, 0x0043, 0x0043, 0x0043, 0x0043,
  0x0044, 0x0044, 0x0044, 0x0044, 0x0044, 0x0044, 0x0044, 0x0044, 0x0044, 0x0044, 0x0044, 0x0044,
  0x0044, 0x0044, 0x0044, 0x0044, 0x0044, 0x0044, 0x0044, 0x0044, 0x0044, 0x0044, 0x0044, 0x0045,
  0x0065, 0x0065, 0x0065, 0x0064, 0x0044, 0x0044, 0x0044, 0x0043, 0x0003, 0x0003, 0x0002, 0x1989,
  0x4351, 0x6C54, 0x7C94, 0x7453, 0x7453, 0x7C53, 0x7453, 0x7C73, 0x6C12, 0x29C9, 0x0043, 0x0042,
  0x0043, 0x0022, 0x0023, 0x0023, 0x1127, 0x31E8, 0x31C8, 0x29A8, 0x1967, 0x29A8, 0x31E8, 0x31C7,
  0x42B5, 0x5B39, 0x31A8, 0x6377, 0x5B78, 0x2147, 0x3A51, 0x2988, 0x322D, 0x94B8, 0xD69D, 0x9CF8,
  0xA55B, 0xC61C, 0x4A90, 0x1927, 0x5B32, 0x9D1A, 0xB5DB, 0xD6BC, 0xDEDD, 0x7C17, 0x42B4, 0x52F1,
  0x5B93, 0xBDDC, 0xCE7E, 0xB5BC, 0xAD7C, 0xC5FC, 0xCE7C, 0x94DA, 0x9CFB, 0x4CFF, 0x1A90, 0x0000,
  0x3C9C, 0x08C5, 0x0000, 0x0021, 0x0021, 0x0021, 0x0021, 0x0021, 0x0021, 0x0021, 0x0021, 0x0021,
  0x0021, 0x0021, 0x0021, 0x0021, 0x0021, 0x0000, 0xA4F5, 0xDEBD, 0xD65B, 0xD65B, 0xD65B, 0xD65B,
  0xD65B, 0xD65B, 0xD65B, 0xD63B, 0xD63B, 0xD65B, 0xD65B, 0xD65B, 0xD65B, 0xD65B, 0xD65B, 0xD65B,
  0xD65B, 0xCE3B, 0xDEBD, 0xB577, 0x0862, 0x0021, 0x0021, 0x0021, 0x0001, 0x0862, 0xBDB8, 0xDE7C,
  0xD65B, 0xD65B, 0xD65B, 0xD65B, 0xD65B, 0xDE9C, 0x4209, 0x0000, 0x0042, 0x0000, 0x31A7, 0xDE9C,
  0xD65B, 0xD65B, 0xD65B, 0xD65B, 0xD65B, 0xD65B, 0xCE3B, 0xE6BD, 0x8C52, 0x0000, 0x0042, 0x0001,
  0x0862, 0xBD98, 0xDE7C, 0xD65B, 0xD65B, 0xD65B, 0xD65B, 0xD65B, 0xE6DD, 0x736F, 0x0000, 0x0022,
  0x0041, 0xB577, 0xDE7C, 0xD65B, 0xD65B, 0xD65B, 0xD65B, 0xDE9C, 0xB557, 0x0021, 0x0021, 0x0021,
  0x0022, 0x0000, 0x738F, 0xE6BD, 0xD63B, 0xD65B, 0xD65B, 0xD65B, 0xD65B, 0xD65B, 0xD65B, 0xD63B,
  0xE6BD, 0x9453, 0x0000, 0x0021, 0x0862, 0xBD98, 0xD67C, 0xD65B, 0xD65B, 0xD65B, 0xD65B, 0xD65B,
  0xDEBD, 0x39E8, 0x0000, 0x0001, 0x2125, 0xD63B, 0xD65B, 0xD65B, 0xD65B, 0xD65B, 0xD65B, 0xD65B,
  0xD63B, 0xDE7C, 0xC5D9, 0x10A4, 0x0023, 0x0043, 0x0043, 0x0043, 0x0043, 0x0043, 0x0043, 0x0043,
  0x0044, 0x0044, 0x0044, 0x0044, 0x0044, 0x0044, 0x0044, 0x0044, 0x0044, 0x0044, 0x0044, 0x0064,
  0x0044, 0x0044, 0x0044, 0x0044, 0x0064, 0x0065, 0x0065, 0x0065, 0x0065, 0x0065, 0x0065, 0x0065,
  0x0065, 0x0065, 0x0064, 0x0044, 0x0044, 0x0044, 0x0043, 0x0043, 0x1989, 0x29EA, 0x3AAD, 0x5BB2,
  0x7474, 0x84D5, 0x84F5, 0x84D5, 0x8CF5, 0x8CF5, 0x84B4, 0x84B4, 0x84B4, 0x7C93, 0x6C12, 0x5B70,
  0x10C4, 0x0022, 0x10E6, 0x1947, 0x2188, 0x29A8, 0x2187, 0x1967, 0x1967, 0x31A8, 0x31C6, 0x3A4F,
  0x533A, 0x31E9, 0x31A7, 0x5B79, 0x42D4, 0x2145, 0x29CC, 0x29A9, 0x1969, 0x7C15, 0xD67D, 0xB5B9,
  0x94D9, 0xD6BF, 0x630E, 0x18E4, 0x42D0, 0x7CB7, 0xA5DA, 0xCEBD, 0xD71E, 0x9CF6, 0x320C, 0x322F,
  0x42D0, 0xB59B, 0xC63D, 0xD69D, 0x94FC, 0xA53A, 0xD67C, 0x94D9, 0x9CDA, 0x6D7F, 0x2314, 0x0000,
  0x3C5B, 0x0063, 0x0001, 0x0021, 0x0021, 0x0021, 0x0021, 0x0021, 0x0021, 0x0021, 0x0021, 0x0021,
  0x0021, 0x0021, 0x0021, 0x0021, 0x0021, 0x0000, 0xA4D5, 0xDEBD, 0xD65B, 0xD65B, 0xD65B, 0xD65B,
  0xD65B, 0xD65B, 0xD65B, 0xD65B, 0xD65B, 0xD65B, 0xD65B, 0xD65B, 0xD65B, 0xD65B, 0xD65B, 0xD65B,
  0xCE3B, 0xDE9C, 0xC5D9, 0x2104, 0x0000, 0x0022, 0x0021, 0x0021, 0x0001, 0x0862, 0xBDB8, 0xDE7C,
  0xD65B, 0xD65B, 0xD65B, 0xD65B, 0xD63B, 0xDE9C, 0x4209, 0x0000, 0x0021, 0x0021, 0x0000, 0x8C32,
  0xE6DD, 0xD63B, 0xD65B, 0xD65B, 0xD65B, 0xD65B, 0xD65B, 0xD65B, 0xE6BD, 0x4229, 0x0000, 0x0021,
  0x0862, 0xBD98, 0xDE7C, 0xD65B, 0xD65B, 0xD65B, 0xD65B, 0xD63B, 0xE6DD, 0x6B6F, 0x0000, 0x0022,
  0x0042, 0xB577, 0xDE7C, 0xD65B, 0xD65B, 0xD65B, 0xD65B, 0xDE9C, 0xB557, 0x0021, 0x0021, 0x0021,
  0x0021, 0x0001, 0x1083, 0xC5D9, 0xD67C, 0xD65B, 0xD65B, 0xD65B, 0xD65B, 0xD65B, 0xD65B, 0xCE3B,
  0xE6BD, 0x83F1, 0x0000, 0x0021, 0x1083, 0xC5D9, 0xD65C, 0xD65B, 0xD65B, 0xD65B, 0xD65B, 0xD65B,
  0xDE9C, 0x31A7, 0x0000, 0x0042, 0x0000, 0x6B6F, 0xE6DD, 0xCE3B, 0xD65B, 0xD65B, 0xD65B, 0xD65B,
  0xD65B, 0xCE3B, 0xE6DD, 0x7BF1, 0x0002, 0x0064, 0x0063, 0x0064, 0x0064, 0x0064, 0x0064, 0x0064,
  0x0064, 0x0064, 0x0064, 0x0064, 0x0064, 0x0064, 0x0064, 0x0064, 0x0064, 0x0044, 0x0044, 0x0044,
  0x0044, 0x0044, 0x0064, 0x0044, 0x0065, 0x0065, 0x0065, 0x0065, 0x0065, 0x0065, 0x0065, 0x0065,
  0x0065, 0x0065, 0x0064, 0x0044, 0x0044, 0x0044, 0x0044, 0x0023, 0x21AA, 0x432F, 0x6C95, 0x7CF6,
  0x74B5, 0x6434, 0x6C54, 0x7C94, 0x84F6, 0x7495, 0x7C95, 0x7C94, 0x84D5, 0x63D1, 0x3A4B, 0x1947,
  0x08C5, 0x1126, 0x1967, 0x1966, 0x1926, 0x1946, 0x1947, 0x1147, 0x2187, 0x31C7, 0x31A8, 0x42B6,
  0x3A2C, 0x31A6, 0x31C8, 0x42F8, 0x3A2F, 0x2166, 0x2987, 0x21AB, 0x218A, 0x5B32, 0xBDBB, 0xC5FB,
  0x8477, 0xCE9F, 0x8453, 0x2147, 0x63D5, 0xA59B, 0xBE3D, 0xDEDE, 0xE73F, 0x9CD5, 0x424D, 0x3AB7,
  0x42B1, 0xAD7A, 0xD6BE, 0xD6BD, 0x6BD8, 0x8479, 0xCE5C, 0xAD5A, 0x8439, 0x7D7E, 0x2BB7, 0x0000,
  0x33F8, 0x0022, 0x0021, 0x0021, 0x0021, 0x0021, 0x0021, 0x0021, 0x0021, 0x0021, 0x0021, 0x0021,
  0x0021, 0x0021, 0x0021, 0x0021, 0x0022, 0x0000, 0x9CB4, 0xDEBD, 0xD65B, 0xD65B, 0xD65B, 0xD65B,
  0xD65B, 0xD65B, 0xD65B, 0xD65B, 0xD65B, 0xD65B, 0xD65B, 0xD65B, 0xD65B, 0xD65B, 0xD65B, 0xCE3B,
  0xE6BD, 0xC5D9, 0x2125, 0x0000, 0x0022, 0x0021, 0x0021, 0x0021, 0x0001, 0x0862, 0xBDB8, 0xD67C,
  0xD65B, 0xD65B, 0xD65B, 0xD65B, 0xD63B, 0xDE9C, 0x41E9, 0x0000, 0x0042, 0x0021, 0x0001, 0x18E4,
  0xCE1A, 0xD65B, 0xD65B, 0xD65B, 0xD65B, 0xD65B, 0xD65B, 0xD63B, 0xD67C, 0xBDB8, 0x1083, 0x0001,
  0x0882, 0xBD98, 0xD65C, 0xCE3B, 0xD65B, 0xD65B, 0xD65B, 0xD63B, 0xE6BD, 0x6B4E, 0x0000, 0x0021,
  0x0842, 0xB577, 0xDE7C, 0xD63B, 0xD65B, 0xD65B, 0xD65B, 0xDE9C, 0xAD36, 0x0021, 0x0021, 0x0021,
  0x0021, 0x0042, 0x0000, 0x5AAC, 0xDEBD, 0xCE3B, 0xD65B, 0xD65B, 0xD65B, 0xD65B, 0xD65B, 0xCE3B,
  0xE6BD, 0x7BB0, 0x0000, 0x0001, 0x18C3, 0xCDFA, 0xD65C, 0xD65B, 0xD65B, 0xD65B, 0xD65B, 0xD65B,
  0xD67C, 0x2946, 0x0001, 0x0042, 0x0022, 0x0862, 0xB578, 0xDE9C, 0xD65B, 0xD65B, 0xD65B, 0xD65B,
  0xD65B, 0xD65B, 0xD65B, 0xDE7C, 0x31A8, 0x0022, 0x0064, 0x0063, 0x0064, 0x0064, 0x0064, 0x0064,
  0x0064, 0x0064, 0x0064, 0x0064, 0x0064, 0x0064, 0x0064, 0x0064, 0x0044, 0x0064, 0x08C5, 0x1106,
  0x08A6, 0x0044, 0x0023, 0x0044, 0x0064, 0x0045, 0x0044, 0x0044, 0x0044, 0x0044, 0x0044, 0x0044,
  0x0044, 0x0044, 0x0044, 0x0044, 0x0044, 0x0043, 0x0043, 0x0043, 0x0002, 0x0001, 0x10E6, 0x4372,
  0x3B31, 0x32D0, 0x4351, 0x53B1, 0x7494, 0x4B91, 0x6C33, 0x5BF2, 0x5391, 0x08C5, 0x0001, 0x1106,
  0x1947, 0x1105, 0x1948, 0x21CC, 0x3A2D, 0x1927, 0x08E5, 0x1946, 0x29A7, 0x2986, 0x320D, 0x31CB,
  0x2986, 0x29A7, 0x29A9, 0x3A96, 0x31A9, 0x2966, 0x2168, 0x2188, 0x2167, 0x428E, 0x9D18, 0xBDFA,
  0x94F9, 0xBE1E, 0xA558, 0x322E, 0x322D, 0x7C98, 0xB5DC, 0xD69E, 0xE71F, 0xAD78, 0x4271, 0x42D8,
  0x3AB1, 0xAD7A, 0xD69E, 0xD6BD, 0x73F4, 0x63B6, 0xC61C, 0xBDFB, 0x8C7A, 0x7D3D, 0x3439, 0x0020,
  0x2B75, 0x0000, 0x0021, 0x0021, 0x0021, 0x0021, 0x0021, 0x0021, 0x0021, 0x0021, 0x0021, 0x0021,
  0x0021, 0x0021, 0x0021, 0x0021, 0x0021, 0x0000, 0x9C94, 0xDEBD, 0xD63B, 0xD65B, 0xD65B, 0xD65B,
  0xD65B, 0xD65B, 0xD65B, 0xD65B, 0xD65B, 0xD65B, 0xD65B, 0xD65B, 0xD65B, 0xCE3B, 0xD65B, 0xE6DD,
  0xA4F5, 0x18C3, 0x0000, 0x0022, 0x0021, 0x0021, 0x0021, 0x0021, 0x0001, 0x0863, 0xBDB8, 0xD65B,
  0xCE3B, 0xD63B, 0xCE3B, 0xCE3B, 0xCE3A, 0xDE9C, 0x4209, 0x0000, 0x0022, 0x0021, 0x0042, 0x0000,
  0x630D, 0xE6DD, 0xCE3B, 0xD65B, 0xD65B, 0xD65B, 0xD67C, 0xD67C, 0xD67C, 0xF73F, 0x83F1, 0x0000,
  0x0841, 0xBDB8, 0xE6BD, 0xDE7C, 0xDE9C, 0xDE9C, 0xDE9C, 0xDE7C, 0xEF3F, 0x736F, 0x0000, 0x0021,
  0x0841, 0xC5D9, 0xDEBD, 0xD65B, 0xD65B, 0xD65B, 0xD65B, 0xDE9C, 0xB577, 0x0021, 0x0021, 0x0021,
  0x0021, 0x0021, 0x0021, 0x0021, 0xAD57, 0xDE9C, 0xCE3B, 0xD63B, 0xD63B, 0xD63B, 0xD63B, 0xCE3A,
  0xDE9D, 0x6B4E, 0x0000, 0x0001, 0x2105, 0xD63B, 0xD65B, 0xD65B, 0xD65B, 0xD65B, 0xD65B, 0xD65B,
  0xD65B, 0x2105, 0x0001, 0x0022, 0x0042, 0x0000, 0x420A, 0xDE9C, 0xD63B, 0xD65B, 0xD65B, 0xD65B,
  0xD65B, 0xD65B, 0xD63B, 0xDE9C, 0xA516, 0x0043, 0x0064, 0x0064, 0x0064, 0x0064, 0x0064, 0x0064,
  0x0064, 0x0064, 0x0064, 0x0064, 0x0064, 0x0064, 0x0064, 0x0044, 0x08C5, 0x29C9, 0x29E9, 0x29E9,
  0x29EA, 0x1989, 0x1106, 0x0044, 0x0044, 0x0044, 0x0044, 0x0044, 0x0044, 0x0044, 0x0044, 0x0044,
  0x0044, 0x0044, 0x0044, 0x0044, 0x0043, 0x0043, 0x0023, 0x0023, 0x0023, 0x0002, 0x1127, 0x32CF,
  0x4B51, 0x63D2, 0x7C53, 0x7C73, 0x7C73, 0x7C94, 0x7453, 0x7433, 0x6C12, 0x530E, 0x29E9, 0x08C5,
  0x08E5, 0x1148, 0x5B93, 0x8497, 0x94B6, 0x530F, 0x1968, 0x2167, 0x2146, 0x2188, 0x29A9, 0x2145,
  0x2167, 0x2166, 0x29CA, 0x3A72, 0x2145, 0x1947, 0x2167, 0x2987, 0x2167, 0x42CF, 0xA5BB, 0xCE7D,
  0xB5FB, 0xAD9C, 0xC61C, 0x3A0A, 0x1926, 0x6BF6, 0xAD9C, 0xCE5E, 0xE71E, 0xC63C, 0x4AF6, 0x6375,
  0x5312, 0x9D19, 0xCE7D, 0xD69D, 0x9CF9, 0x5314, 0xAD7B, 0xC65C, 0xA53B, 0x7D3D, 0x347B, 0x0062,
  0x2312, 0x0000, 0x0022, 0x0021, 0x0021, 0x0021, 0x0021, 0x0021, 0x0021, 0x0021, 0x0021, 0x0021,
  0x0021, 0x0021, 0x0021, 0x0021, 0x0022, 0x0000, 0x9473, 0xDE9D, 0xD63B, 0xD65B, 0xD65B, 0xD65B,
  0xD65B, 0xD65B, 0xD65B, 0xD65B, 0xD63B, 0xD63B, 0xCE3B, 0xD63B, 0xD67C, 0xE6DD, 0xCE1A, 0x6B0D,
  0x0021, 0x0001, 0x0022, 0x0021, 0x0021, 0x0021, 0x0021, 0x0021, 0x0021, 0x0021, 0xBD98, 0xEEFE,
  0xDE9D, 0xDE9D, 0xDEBD, 0xDEBD, 0xDEBD, 0xE6DD, 0x39A7, 0x0000, 0x0022, 0x0021, 0x0021, 0x0021,
  0x0841, 0xAD16, 0xE6BD, 0xD67C, 0xD63B, 0xCE1A, 0xC5F9, 0xBD98, 0xAD36, 0xAD36, 0x526B, 0x0000,
  0x0000, 0x6B2E, 0xBD98, 0xB557, 0xB578, 0xB578, 0xB577, 0xAD37, 0xAD36, 0x3187, 0x0000, 0x0021,
  0x0000, 0x7BD1, 0xCE3B, 0xCE1A, 0xCE3B, 0xD63B, 0xCE3B, 0xD65C, 0x8C32, 0x0000, 0x0021, 0x0021,
  0x0021, 0x0021, 0x0021, 0x0000, 0x39C8, 0xDE9C, 0xDE9C, 0xDEBD, 0xDEBD, 0xDEBD, 0xDEBD, 0xDE7C,
  0xE6DE, 0x526B, 0x0000, 0x0001, 0x3187, 0xD67B, 0xCE3B, 0xCE3B, 0xCE3B, 0xD63B, 0xD65B, 0xD65B,
  0xC5FA, 0x10C4, 0x0001, 0x0022, 0x0022, 0x0042, 0x0000, 0x9453, 0xE6BD, 0xCE3B, 0xD65B, 0xD65B,
  0xD65B, 0xD65B, 0xD65B, 0xCE3B, 0xE6BD, 0x5AEE, 0x0001, 0x0064, 0x0063, 0x0064, 0x0064, 0x0064,
  0x0064, 0x0064, 0x0064, 0x0064, 0x0064, 0x0044, 0x0064, 0x1106, 0x21A8, 0x29C9, 0x29E9, 0x29E9,
  0x21C9, 0x320A, 0x2A0A, 0x1127, 0x0044, 0x0065, 0x0044, 0x0044, 0x0044, 0x0044, 0x0044, 0x0044,
  0x0044, 0x0044, 0x0044, 0x0044, 0x0043, 0x0023, 0x0043, 0x0043, 0x0884, 0x1968, 0x4B50, 0x5BB1,
  0x6C54, 0x9516, 0x94F5, 0x84B4, 0x84B3, 0x8CD4, 0x8493, 0x8473, 0x7C52, 0x8CB4, 0x7411, 0x4ACD,
  0x530E, 0x5354, 0x6BD4, 0x7C33, 0x8C94, 0x94D5, 0x8C95, 0x4A8C, 0x10E4, 0x2146, 0x2166, 0x2167,
  0x2166, 0x2166, 0x29C9, 0x320C, 0x1925, 0x2146, 0x2145, 0x2988, 0x2188, 0x31EA, 0x8C98, 0xC5FC,
  0xBDDA, 0xA55A, 0xDEBE, 0x4A8B, 0x10E5, 0x4B12, 0xA55C, 0xC63D, 0xE6FE, 0xD6BE, 0x73D2, 0x8458,
  0x4AF2, 0x94B8, 0xCE3D, 0xD67D, 0x9CD6, 0x5354, 0xADBC, 0xD6DD, 0x9D1A, 0x7CDC, 0x349D, 0x08C4,
  0x228F, 0x0000, 0x0022, 0x0021, 0x0021, 0x0021, 0x0021, 0x0021, 0x0021, 0x0021, 0x0021, 0x0021,
  0x0021, 0x0021, 0x0021, 0x0021, 0x0022, 0x0000, 0x9493, 0xE6BD, 0xCE3B, 0xD65B, 0xD65B, 0xD65B,
  0xD65B, 0xD65B, 0xD65B, 0xD67C, 0xDE7C, 0xDE9D, 0xDEBD, 0xDE7C, 0xBD98, 0x736F, 0x18C4, 0x0000,
  0x0021, 0x0022, 0x0021, 0x0021, 0x0021, 0x0021, 0x0021, 0x0021, 0x0021, 0x0000, 0x39E9, 0x8C32,
  0x8C32, 0x8C52, 0x8C52, 0x8411, 0x738F, 0x4A4A, 0x0021, 0x0021, 0x0021, 0x0021, 0x0021, 0x0021,
  0x0001, 0x0883, 0x31A7, 0x2966, 0x2125, 0x18E4, 0x10A3, 0x0862, 0x0021, 0x0000, 0x0000, 0x0022,
  0x0021, 0x0000, 0x0001, 0x0021, 0x0042, 0x0042, 0x0042, 0x0021, 0x0000, 0x0000, 0x0022, 0x0021,
  0x0021, 0x0000, 0x1083, 0x18E4, 0x2125, 0x2125, 0x2105, 0x18E4, 0x0021, 0x0001, 0x0021, 0x0021,
  0x0021, 0x0021, 0x0021, 0x0021, 0x0000, 0x2946, 0x4209, 0x4209, 0x4A2A, 0x4A4A, 0x4A2A, 0x4A2A,
  0x39E8, 0x0042, 0x0022, 0x0000, 0x2925, 0xDEBC, 0xE6DD, 0xDE9D, 0xDE9D, 0xDE9D, 0xDE9C, 0xE6DD,
  0xCE1A, 0x0862, 0x0001, 0x0022, 0x0022, 0x0042, 0x0001, 0x1905, 0xD63B, 0xDE7C, 0xD65B, 0xD65B,
  0xD63B, 0xD65B, 0xD63B, 0xD63B, 0xD65B, 0xCE1A, 0x2126, 0x0023, 0x0063, 0x0063, 0x0064, 0x0064,
  0x0064, 0x0064, 0x0064, 0x0064, 0x0043, 0x08A5, 0x1947, 0x21A8, 0x2188, 0x21A8, 0x29E9, 0x29C9,
  0x21A9, 0x29E9, 0x29E9, 0x21C9, 0x1168, 0x21A9, 0x1968, 0x0044, 0x0023, 0x0043, 0x0044, 0x0044,
  0x0043, 0x0043, 0x0043, 0x0043, 0x0043, 0x0022, 0x08A5, 0x42EF, 0x53D2, 0x6C95, 0x7474, 0x7C95,
  0x84D5, 0x7CD6, 0x8D16, 0x84F5, 0x84D5, 0x84F5, 0x8CF5, 0x84F5, 0x84D5, 0x8CD5, 0x8CF5, 0x9536,
  0x8CB5, 0x7C34, 0x73F3, 0x530E, 0x73F2, 0x8453, 0x52EE, 0x1926, 0x08C4, 0x1926, 0x1926, 0x1946,
  0x2146, 0x2146, 0x2146, 0x2147, 0x1925, 0x1925, 0x1926, 0x2147, 0x2145, 0x10C4, 0x52F1, 0xB59C,
  0xC5FC, 0xA519, 0xDEBE, 0x6B70, 0x0909, 0x3AB1, 0xA53B, 0xC61D, 0xDEDE, 0xE6FE, 0x94FA, 0x63FB,
  0x4AF2, 0x8477, 0xC61D, 0xD69D, 0x8455, 0x5B73, 0xAD9B, 0xDEFE, 0xAD7A, 0x953C, 0x34BD, 0x0906,
  0x1A2D, 0x0000, 0x0022, 0x0021, 0x0021, 0x0021, 0x0021, 0x0021, 0x0021, 0x0021, 0x0021, 0x0021,
  0x0021, 0x0021, 0x0021, 0x0021, 0x0022, 0x0000, 0x5AAC, 0xDE7C, 0xD65B, 0xDE7C, 0xDE7C, 0xDE7C,
  0xD65C, 0xD65B, 0xCE1A, 0xC5D9, 0xB557, 0x9494, 0x736F, 0x39E8, 0x0862, 0x0000, 0x0001, 0x0042,
  0x0021, 0x0021, 0x0021, 0x0021, 0x0021, 0x0021, 0x0021, 0x0021, 0x0021, 0x0021, 0x0000, 0x0000,
  0x0000, 0x0000, 0x0000, 0x0000, 0x0000, 0x0000, 0x0001, 0x0021, 0x0021, 0x0021, 0x0021, 0x0021,
  0x0021, 0x0001, 0x0000, 0x0000, 0x0000, 0x0000, 0x0001, 0x0001, 0x0021, 0x0021, 0x0021, 0x0021,
  0x0021, 0x0021, 0x0021, 0x0021, 0x0021, 0x0001, 0x0021, 0x0021, 0x0021, 0x0021, 0x0021, 0x0021,
  0x0021, 0x0021, 0x0001, 0x0001, 0x0000, 0x0000, 0x0000, 0x0000, 0x0001, 0x0021, 0x0021, 0x0021,
  0x0021, 0x0021, 0x0021, 0x0021, 0x0021, 0x0000, 0x0000, 0x0000, 0x0000, 0x0000, 0x0000, 0x0000,
  0x0000, 0x0021, 0x0021, 0x0021, 0x0001, 0x41E9, 0x736F, 0x83D1, 0x9473, 0x9CB4, 0x9CD5, 0xAD16,
  0x736F, 0x0021, 0x0022, 0x0022, 0x0042, 0x0022, 0x0043, 0x0000, 0x5AAC, 0xDE9C, 0xD65B, 0xD67C,
  0xDE7C, 0xDE7C, 0xDE9C, 0xDE9C, 0xDE7C, 0xE6BD, 0x39E9, 0x0002, 0x0063, 0x0043, 0x0043, 0x0063,
  0x0063, 0x0063, 0x0063, 0x0063, 0x08A4, 0x1947, 0x2187, 0x2187, 0x2188, 0x29A8, 0x21A8, 0x21A8,
  0x21A9, 0x21C9, 0x29C9, 0x29C9, 0x21A9, 0x21A9, 0x29C9, 0x1127, 0x0023, 0x0023, 0x0023, 0x0023,
  0x0043, 0x0044, 0x0064, 0x0044, 0x0022, 0x0002, 0x0023, 0x08A5, 0x21A9, 0x4371, 0x6C75, 0x6C74,
  0x6C75, 0x5BF3, 0x5BF3, 0x6413, 0x7494, 0x7494, 0x84F5, 0x8CF5, 0x7CB5, 0x7C95, 0x5B90, 0x1947,
  0x5B51, 0x6392, 0x5B50, 0x5B2F, 0x73D1, 0x5B2E, 0x73D1, 0x7BF2, 0x4AAD, 0x10E5, 0x1105, 0x1905,
  0x1925, 0x1925, 0x1905, 0x10E4, 0x1905, 0x1925, 0x1926, 0x1905, 0x1925, 0x10C3, 0x320B, 0xAD5B,
  0xD67D, 0xA559, 0xCE7E, 0x8C75, 0x19AD, 0x3291, 0x9D1A, 0xC61D, 0xDEDE, 0xE71E, 0x9D5B, 0x6C3B,
  0x5312, 0x7C16, 0xC5FD, 0xD69D, 0xAD7B, 0x73D5, 0x94D8, 0xD69D, 0xB5BA, 0x84BA, 0x3CDE, 0x1148,
  0x19CB, 0x0000, 0x0022, 0x0021, 0x0021, 0x0021, 0x0021, 0x0021, 0x0021, 0x0021, 0x0021, 0x0021,
  0x0021, 0x0021, 0x0021, 0x0021, 0x0021, 0x0021, 0x0001, 0x2104, 0x2966, 0x3187, 0x3187, 0x2967,
  0x2946, 0x2125, 0x18E4, 0x1083, 0x0021, 0x0000, 0x0000, 0x0000, 0x0001, 0x0022, 0x0021, 0x0021,
  0x0021, 0x0021, 0x0021, 0x0021, 0x0021, 0x0021, 0x0021, 0x0021, 0x0021, 0x0021, 0x0021, 0x0022,
  0x0022, 0x0022, 0x0022, 0x0022, 0x0022, 0x0022, 0x0021, 0x0021, 0x0021, 0x0021, 0x0021, 0x0021,
  0x0021, 0x0021, 0x0022, 0x0021, 0x0021, 0x0021, 0x0021, 0x0021, 0x0021, 0x0021, 0x0021, 0x0021,
  0x0021, 0x0021, 0x0021, 0x0021, 0x0021, 0x0021, 0x0021, 0x0021, 0x0021, 0x0021, 0x0021, 0x0021,
  0x0021, 0x0021, 0x0021, 0x0021, 0x0021, 0x0021, 0x0021, 0x0021, 0x0021, 0x0021, 0x0021, 0x0021,
  0x0021, 0x0021, 0x0021, 0x0021, 0x0021, 0x0022, 0x0022, 0x0022, 0x0022, 0x0022, 0x0022, 0x0022,
  0x0022, 0x0021, 0x0021, 0x0021, 0x0022, 0x0000, 0x0000, 0x0000, 0x0000, 0x0001, 0x0001, 0x0000,
  0x0000, 0x0022, 0x0022, 0x0022, 0x0042, 0x0022, 0x0042, 0x0043, 0x0022, 0x1905, 0x2967, 0x2988,
  0x31A8, 0x31C9, 0x39C9, 0x39E9, 0x39E9, 0x2947, 0x0042, 0x0043, 0x0043, 0x0043, 0x0043, 0x0043,
  0x0043, 0x0043, 0x0064, 0x1105, 0x1946, 0x2167, 0x2167, 0x1967, 0x2188, 0x2187, 0x1968, 0x21A8,
  0x21A8, 0x2188, 0x21A9, 0x21A9, 0x21A8, 0x2188, 0x21A8, 0x19A9, 0x08E6, 0x0085, 0x08C6, 0x0064,
  0x0043, 0x0084, 0x0085, 0x0085, 0x08E7, 0x08A5, 0x0001, 0x0022, 0x0002, 0x08E6, 0x2AAE, 0x4371,
  0x4372, 0x1A0D, 0x32CF, 0x4310, 0x7474, 0x6433, 0x7474, 0x7C74, 0x4B52, 0x3B11, 0x3A8D, 0x10C6,
  0x1968, 0x29C9, 0x6370, 0x8C73, 0x8C94, 0x6BB0, 0x6BD1, 0x7C12, 0x6390, 0x10E4, 0x10C4, 0x10E4,
  0x10E5, 0x10E5, 0x08C4, 0x1927, 0x1947, 0x10C4, 0x1105, 0x10E4, 0x10C4, 0x2188, 0x322C, 0x94D8,
  0xD6BE, 0xB5BA, 0xBDFD, 0xB599, 0x426D, 0x3AB2, 0x8CB9, 0xBDFD, 0xD6BE, 0xEF3F, 0xA57B, 0x73F5,
  0x5B30, 0x6BD6, 0xBDFC, 0xD6BE, 0xAD78, 0x73D4, 0x8477, 0xCE5D, 0xBDDB, 0x94DA, 0x451F, 0x11AA,
  0x1189, 0x0000, 0x0022, 0x0021, 0x0021, 0x0021, 0x0021, 0x0021, 0x0021, 0x0021, 0x0021, 0x0021,
  0x0021, 0x0021, 0x0021, 0x0021, 0x0021, 0x0021, 0x0022, 0x0001, 0x0000, 0x0000, 0x0000, 0x0000,
  0x0000, 0x0000, 0x0001, 0x0001, 0x0001, 0x0022, 0x0022, 0x0022, 0x0021, 0x0021, 0x0021, 0x0021,
  0x0021, 0x0021, 0x0021, 0x0021, 0x0021, 0x0021, 0x0021, 0x0021, 0x0021, 0x0021, 0x0021, 0x0021,
  0x0021, 0x0021, 0x0021, 0x0021, 0x0021, 0x0021, 0x0021, 0x0021, 0x0021, 0x0021, 0x0021, 0x0021,
  0x0021, 0x0021, 0x0021, 0x0021, 0x0021, 0x0021, 0x0021, 0x0021, 0x0021, 0x0021, 0x0021, 0x0021,
  0x0021, 0x0021, 0x0022, 0x0022, 0x0022, 0x0021, 0x0021, 0x0021, 0x0022, 0x0022, 0x0021, 0x0021,
  0x0022, 0x0021, 0x0021, 0x0021, 0x0021, 0x0021, 0x0021, 0x0021, 0x0022, 0x0021, 0x0021, 0x0021,
  0x0021, 0x0021, 0x0021, 0x0021, 0x0021, 0x0021, 0x0021, 0x0021, 0x0021, 0x0021, 0x0021, 0x0021,
  0x0021, 0x0021, 0x0021, 0x0022, 0x0021, 0x0022, 0x0042, 0x0042, 0x0042, 0x0042, 0x0042, 0x0022,
  0x0042, 0x0022, 0x0022, 0x0022, 0x0042, 0x0022, 0x0042, 0x0043, 0x0043, 0x0002, 0x0002, 0x0002,
  0x0002, 0x0002, 0x0001, 0x0001, 0x0002, 0x0002, 0x0042, 0x0043, 0x0043, 0x0043, 0x0043, 0x0043,
  0x0043, 0x0063, 0x10E5, 0x1946, 0x1946, 0x2146, 0x1967, 0x1967, 0x2187, 0x1967, 0x1967, 0x21A8,
  0x21A8, 0x2188, 0x21A8, 0x21A8, 0x2188, 0x2188, 0x1988, 0x1988, 0x1168, 0x1148, 0x1168, 0x0927,
  0x0085, 0x0043, 0x0043, 0x118C, 0x4354, 0x32AF, 0x08E7, 0x0021, 0x0022, 0x08E6, 0x1A0C, 0x2A6E,
  0x3310, 0x3ACF, 0x63B1, 0x5BB1, 0x63D1, 0x63F2, 0x4B12, 0x5B52, 0x6BB2, 0x6BB2, 0x6BB2, 0x6BD4,
  0x52EE, 0x6370, 0x8434, 0x5B2F, 0x7C12, 0x6370, 0x8453, 0x8453, 0x4AAC, 0x08C4, 0x08C4, 0x10E4,
  0x10C4, 0x08C4, 0x19AA, 0x5310, 0x5B0E, 0x2188, 0x1905, 0x10E5, 0x198A, 0x324D, 0x324E, 0x73F5,
  0xCE5D, 0xBDFB, 0xA57B, 0xC61C, 0x4AF2, 0x3AB2, 0x7437, 0xB5DD, 0xD69E, 0xEF3F, 0xBDFB, 0x8413,
  0x5B31, 0x6BD5, 0xC61D, 0xDEDE, 0xAD79, 0x7437, 0x7C57, 0xCE5D, 0xCE3C, 0xB5BB, 0x553F, 0x19EC,
  0x1168, 0x0000, 0x0022, 0x0021, 0x0021, 0x0021, 0x0021, 0x0021, 0x0021, 0x0021, 0x0021, 0x0021,
  0x0021, 0x0021, 0x0021, 0x0021, 0x0021, 0x0021, 0x0021, 0x0021, 0x0022, 0x0022, 0x0022, 0x0022,
  0x0022, 0x0022, 0x0022, 0x0021, 0x0021, 0x0021, 0x0021, 0x0021, 0x0021, 0x0021, 0x0021, 0x0021,
  0x0021, 0x0021, 0x0021, 0x0021, 0x0021, 0x0021, 0x0022, 0x0022, 0x0022, 0x0022, 0x0022, 0x0022,
  0x0022, 0x0021, 0x0021, 0x0021, 0x0021, 0x0021, 0x0021, 0x0021, 0x0021, 0x0001, 0x0001, 0x0000,
  0x0000, 0x0000, 0x0001, 0x0021, 0x0021, 0x0021, 0x0021, 0x0021, 0x0021, 0x0021, 0x0001, 0x0000,
  0x0000, 0x0000, 0x0000, 0x0000, 0x0000, 0x0000, 0x0000, 0x0000, 0x0000, 0x0000, 0x0000, 0x0000,
  0x0000, 0x0000, 0x0000, 0x0000, 0x0001, 0x0021, 0x0021, 0x0021, 0x0001, 0x0000, 0x0000, 0x0000,
  0x0000, 0x0000, 0x0000, 0x0000, 0x0000, 0x0001, 0x0001, 0x0001, 0x0001, 0x0001, 0x0021, 0x0021,
  0x0021, 0x0021, 0x0021, 0x0021, 0x0022, 0x0021, 0x0001, 0x0001, 0x0001, 0x0001, 0x0000, 0x0000,
  0x0000, 0x0001, 0x0022, 0x0022, 0x0042, 0x0042, 0x0042, 0x0042, 0x0022, 0x0042, 0x0043, 0x0043,
  0x0043, 0x0043, 0x0043, 0x0043, 0x0063, 0x0063, 0x0043, 0x0063, 0x0084, 0x0083, 0x0063, 0x0043,
  0x0064, 0x10E5, 0x1926, 0x1926, 0x1926, 0x1946, 0x1147, 0x2167, 0x2167, 0x2167, 0x1967, 0x1967,
  0x2188, 0x21A8, 0x21A8, 0x2188, 0x1968, 0x1988, 0x1988, 0x1968, 0x1947, 0x1147, 0x1127, 0x0927,
  0x0927, 0x00C6, 0x0085, 0x222F, 0x326F, 0x2A0C, 0x21CB, 0x0063, 0x220E, 0x222F, 0x2AB0, 0x2250,
  0x2A4F, 0x4311, 0x6BF2, 0x5351, 0x5B70, 0x5B71, 0x6353, 0x7BF3, 0x8453, 0x9494, 0x8433, 0x8433,
  0x8C94, 0x7413, 0x8C74, 0x8C94, 0x9CD4, 0x7C32, 0x3A4B, 0x3A6B, 0x31E9, 0x0083, 0x08C5, 0x0883,
  0x0083, 0x1989, 0x3AAE, 0x4ACE, 0x5B2E, 0x73D1, 0x320A, 0x0907, 0x2A4E, 0x4AAD, 0x426C, 0x5311,
  0xB59C, 0xCE3C, 0xA55A, 0xCE9E, 0x7416, 0x428E, 0x63D6, 0xAD9D, 0xCE5E, 0xE71F, 0xD69D, 0x8456,
  0x42D2, 0x6BD4, 0xBDDB, 0xD69C, 0xB59A, 0x8477, 0x63B5, 0xB5DC, 0xC61C, 0xBDFB, 0x555F, 0x1A0D,
  0x1127, 0x0000, 0x0022, 0x0021, 0x0021, 0x0021, 0x0021, 0x0021, 0x0021, 0x0021, 0x0021, 0x0021,
  0x0021, 0x0022, 0x0022, 0x0022, 0x0022, 0x0022, 0x0022, 0x0021, 0x0021, 0x0021, 0x0021, 0x0021,
  0x0021, 0x0021, 0x0021, 0x0021, 0x0021, 0x0001, 0x0001, 0x0021, 0x0021, 0x0021, 0x0021, 0x0021,
  0x0021, 0x0021, 0x0021, 0x0021, 0x0021, 0x0001, 0x0000, 0x0000, 0x0000, 0x0000, 0x0000, 0x0000,
  0x0000, 0x0001, 0x0021, 0x0021, 0x0021, 0x0021, 0x0021, 0x0001, 0x0021, 0x0884, 0x08A4, 0x08C4,
  0x08C5, 0x08C5, 0x0884, 0x0001, 0x0021, 0x0021, 0x0021, 0x0021, 0x0021, 0x0001, 0x0042, 0x08C5,
  0x08E6, 0x10E6, 0x1106, 0x1107, 0x1127, 0x1127, 0x1147, 0x1147, 0x1147, 0x1148, 0x1148, 0x1148,
  0x1127, 0x1127, 0x1127, 0x1107, 0x0884, 0x0021, 0x0021, 0x0000, 0x08A4, 0x10E6, 0x1106, 0x1106,
  0x10E6, 0x10E6, 0x08C5, 0x08C5, 0x08A5, 0x08A4, 0x0884, 0x0883, 0x0063, 0x0042, 0x0022, 0x0001,
  0x0000, 0x0022, 0x0022, 0x0001, 0x0000, 0x0001, 0x0043, 0x0884, 0x08A5, 0x08C5, 0x10E6, 0x10E6,
  0x08C5, 0x08A4, 0x0063, 0x0021, 0x0000, 0x0000, 0x0022, 0x0042, 0x0042, 0x0022, 0x0022, 0x0042,
  0x0042, 0x0042, 0x0022, 0x0042, 0x0001, 0x0001, 0x0022, 0x0063, 0x08A4, 0x10E5, 0x08A4, 0x0884,
  0x10E5, 0x1105, 0x1106, 0x1926, 0x1926, 0x1126, 0x1946, 0x1947, 0x2167, 0x1947, 0x1147, 0x1967,
  0x1968, 0x2188, 0x2188, 0x2188, 0x1968, 0x1168, 0x1148, 0x1147, 0x1147, 0x1127, 0x0907, 0x0907,
  0x08E6, 0x08E6, 0x42AF, 0x5351, 0x3AAF, 0x21CB, 0x2A0C, 0x3AD0, 0x5BB3, 0x5372, 0x2210, 0x3AD1,
  0x63B3, 0x4B31, 0x5B91, 0x5B71, 0x63B1, 0x5B51, 0x73F3, 0x8C73, 0x8C93, 0x94B4, 0x8474, 0x8C73,
  0x7C12, 0x6BF3, 0x8454, 0x9494, 0x8C73, 0x73D2, 0x5B30, 0x3A6D, 0x426D, 0x2188, 0x08C5, 0x1989,
  0x0084, 0x196A, 0x322C, 0x52EE, 0x73AF, 0x73D0, 0x42AD, 0x3A8E, 0x3A4C, 0x3A6D, 0x2A4D, 0x428F,
  0xA51A, 0xD67D, 0xB59A, 0xD6BE, 0x9CD6, 0x52CC, 0x5333, 0xA55C, 0xC63E, 0xDEFE, 0xDEDE, 0x94B6,
  0x5B31, 0x7455, 0xB5DA, 0xC67C, 0xC65C, 0x9CF9, 0x63D5, 0xA57B, 0xC63D, 0xBDDA, 0x5D5F, 0x122E,
  0x08E6, 0x0001, 0x0021, 0x0021, 0x0021, 0x0021, 0x0021, 0x0021, 0x0021, 0x0021, 0x0021, 0x0001,
  0x0000, 0x0000, 0x0000, 0x0000, 0x0000, 0x0000, 0x0000, 0x0021, 0x0021, 0x0021, 0x0021, 0x0021,
  0x0021, 0x0021, 0x0021, 0x0000, 0x0042, 0x0863, 0x0883, 0x0042, 0x0001, 0x0021, 0x0021, 0x0021,
  0x0021, 0x0021, 0x0021, 0x0021, 0x0001, 0x08A4, 0x2A6E, 0x2A8F, 0x32D1, 0x32D1, 0x32D1, 0x2A90,
  0x2A6F, 0x08A5, 0x0001, 0x0021, 0x0021, 0x0021, 0x0001, 0x08A4, 0x4417, 0x4C9B, 0x4C9B, 0x54BB,
  0x549B, 0x4C9B, 0x54DC, 0x220C, 0x0000, 0x0022, 0x0021, 0x0021, 0x0001, 0x0062, 0x4417, 0x54BC,
  0x54BC, 0x54DC, 0x54DC, 0x54DC, 0x54DD, 0x54FD, 0x54FD, 0x54FD, 0x54FD, 0x54FD, 0x54DD, 0x54DD,
  0x5CDD, 0x54DD, 0x54DC, 0x5D1D, 0x4C38, 0x0042, 0x0000, 0x1127, 0x54BC, 0x54DC, 0x54DC, 0x54DC,
  0x54DC, 0x54BC, 0x54BC, 0x54BB, 0x549B, 0x4C9B, 0x4C7B, 0x4C7A, 0x4C5A, 0x4C39, 0x4418, 0x4418,
  0x19CB, 0x0000, 0x0022, 0x0863, 0x32F2, 0x43F7, 0x4C59, 0x4C9A, 0x4C9B, 0x54BC, 0x54BC, 0x54DC,
  0x54BC, 0x4C9B, 0x4C59, 0x43F7, 0x3312, 0x19AB, 0x0043, 0x0000, 0x0042, 0x0042, 0x0022, 0x0042,
  0x0022, 0x0022, 0x0022, 0x0001, 0x08C5, 0x198A, 0x19CB, 0x1989, 0x1106, 0x0883, 0x08A4, 0x08C5,
  0x08C5, 0x10E5, 0x1105, 0x1106, 0x1106, 0x1126, 0x1926, 0x1926, 0x1926, 0x1126, 0x1947, 0x2167,
  0x1947, 0x1127, 0x1947, 0x1967, 0x1967, 0x1967, 0x1127, 0x0927, 0x0907, 0x0906, 0x08E6, 0x00E6,
  0x00C5, 0x0907, 0x3A8E, 0x21CA, 0x4B0F, 0x63D2, 0x5351, 0x6BF3, 0x8473, 0x5B92, 0x2230, 0x32B1,
  0x5353, 0x7433, 0x8472, 0x7412, 0x73F2, 0x5B72, 0x3AB1, 0x6392, 0x6392, 0x6BD3, 0x8473, 0x94B3,
  0x8C73, 0x8C93, 0x8433, 0x8453, 0x8C73, 0x5B30, 0x2A2E, 0x7414, 0x8CB6, 0x5B30, 0x198A, 0x42CF,
  0x324D, 0x29EB, 0x21CA, 0x530E, 0x4ACE, 0x6B8F, 0x7BD0, 0x632E, 0x3A4D, 0x324F, 0x52EE, 0x426D,
  0x8C98, 0xD69E, 0xBDDA, 0xC65E, 0xAD79, 0x4A6B, 0x42D0, 0x9D1B, 0xC61D, 0xDEDE, 0xE73E, 0xA559,
  0x5332, 0x63D4, 0xAD7A, 0xD67E, 0xC61C, 0x7C37, 0x7C58, 0xB5DC, 0xCE7D, 0xB59A, 0x5D5F, 0x1A70,
  0x08C5, 0x0001, 0x0021, 0x0021, 0x0021, 0x0021, 0x0021, 0x0021, 0x0021, 0x0021, 0x0001, 0x0063,
  0x1127, 0x19AA, 0x220C, 0x2A4E, 0x2A8F, 0x2AB0, 0x19AA, 0x0001, 0x0021, 0x0021, 0x0021, 0x0021,
  0x0021, 0x0021, 0x0000, 0x32D1, 0x4C5A, 0x4C7A, 0x4C7A, 0x4C7A, 0x220C, 0x0000, 0x0022, 0x0021,
  0x0021, 0x0021, 0x0021, 0x0022, 0x0000, 0x32F1, 0x5D7F, 0x5D1E, 0x5D1E, 0x5D1E, 0x5D1E, 0x54FE,
  0x5D5F, 0x21CB, 0x0000, 0x0022, 0x0021, 0x0022, 0x0000, 0x222D, 0x5D3F, 0x54DC, 0x54DC, 0x54DC,
  0x54DC, 0x54BC, 0x551E, 0x3BB6, 0x0000, 0x0021, 0x0021, 0x0021, 0x0000, 0x10E6, 0x54DC, 0x54DC,
  0x54DC, 0x54BC, 0x54DC, 0x54DC, 0x54DC, 0x54BC, 0x54BC, 0x54BC, 0x54BC, 0x54BC, 0x54BC, 0x54BC,
  0x54BC, 0x54DC, 0x54DC, 0x54DC, 0x4C9B, 0x08A4, 0x0000, 0x19CB, 0x5D1E, 0x54BC, 0x54DC, 0x54DC,
  0x54DC, 0x54DC, 0x54DC, 0x54DC, 0x54DC, 0x54DC, 0x54DC, 0x54DC, 0x54DD, 0x54DD, 0x54DC, 0x5D3F,
  0x3B95, 0x0000, 0x0000, 0x19A9, 0x5D5F, 0x54FD, 0x54DD, 0x54DC, 0x54DC, 0x54DC, 0x54DC, 0x54DC,
  0x54DC, 0x54DC, 0x54DD, 0x5CFD, 0x5D1E, 0x5CFD, 0x4C39, 0x222D, 0x0022, 0x0022, 0x0043, 0x0042,
  0x0042, 0x0043, 0x0001, 0x198A, 0x54BC, 0x5D1D, 0x5CFD, 0x54BC, 0x4C7B, 0x32D1, 0x08A4, 0x08C5,
  0x08C5, 0x10E5, 0x1105, 0x10E5, 0x1105, 0x1106, 0x1106, 0x1106, 0x1126, 0x1126, 0x1926, 0x1947,
  0x1126, 0x0906, 0x0906, 0x1126, 0x1147, 0x1947, 0x1106, 0x08E6, 0x00E6, 0x00C5, 0x00A5, 0x00A5,
  0x00A5, 0x00E6, 0x0084, 0x0907, 0x5B51, 0x6390, 0x5351, 0x63D3, 0x42F3, 0x4B12, 0x4B12, 0x5352,
  0x5B92, 0x6393, 0x7C33, 0x7C12, 0x3AB1, 0x2230, 0x42D1, 0x4B11, 0x5B51, 0x8C73, 0x8C74, 0x7413,
  0x7C13, 0x8C73, 0x9493, 0x9493, 0x8C73, 0x8432, 0x6391, 0x6391, 0x73F3, 0x8454, 0x5310, 0x5AEC,
  0x42AE, 0x3A8F, 0x4ACF, 0x6370, 0x73D0, 0x52EF, 0x4AEF, 0x3A4E, 0x2A0E, 0x3A8F, 0x4AAE, 0x4A8C,
  0x6BD5, 0xCE3E, 0xC5FB, 0xBDFC, 0xBDDB, 0x5B0F, 0x4AF0, 0x951B, 0xC61E, 0xD67E, 0xE71E, 0xB5BB,
  0x3A71, 0x42B0, 0xA51A, 0xD67D, 0xBDFC, 0x7C16, 0x7437, 0xA57B, 0xCE7E, 0xA53A, 0x553E, 0x22B1,
  0x08C4, 0x0001, 0x0021, 0x0021, 0x0021, 0x0021, 0x0021, 0x0021, 0x0021, 0x0021, 0x0021, 0x43D7,
  0x5CFD, 0x54FD, 0x5D1E, 0x5D1E, 0x551E, 0x5D1E, 0x54BC, 0x08A4, 0x0000, 0x0021, 0x0021, 0x0021,
  0x0021, 0x0001, 0x0883, 0x54BB, 0x54FD, 0x54DC, 0x54DC, 0x5D1E, 0x43D7, 0x0001, 0x0021, 0x0021,
  0x0021, 0x0021, 0x0021, 0x0021, 0x0001, 0x43D7, 0x5CFD, 0x54BC, 0x54BC, 0x54BC, 0x54BC, 0x54BC,
  0x549B, 0x08C5, 0x0000, 0x0022, 0x0021, 0x0021, 0x0001, 0x43B6, 0x54DD, 0x54BC, 0x54BC, 0x54BC,
  0x54DC, 0x54DC, 0x54DC, 0x4C9B, 0x08C5, 0x0000, 0x0021, 0x0021, 0x0000, 0x10E6, 0x54BC, 0x54BC,
  0x54BC, 0x54BC, 0x54BC, 0x54DC, 0x54DC, 0x54DC, 0x54DC, 0x54DC, 0x54BC, 0x54DC, 0x54DC, 0x54DC,
  0x54DC, 0x54DC, 0x54DC, 0x54DC, 0x4C7B, 0x08A4, 0x0000, 0x19AB, 0x5D1E, 0x54BC, 0x54DC, 0x54DC,
  0x54DC, 0x54DC, 0x54DC, 0x54BC, 0x54BC, 0x54BC, 0x54BC, 0x54BC, 0x54BC, 0x54BC, 0x54BB, 0x5CFD,
  0x3B75, 0x0001, 0x0000, 0x1989, 0x5D1D, 0x54BB, 0x54BC, 0x54BC, 0x54DC, 0x54DC, 0x54DC, 0x54DC,
  0x54DC, 0x54DC, 0x54BC, 0x54BC, 0x54BB, 0x54BB, 0x54FD, 0x5D1E, 0x3B95, 0x0084, 0x0022, 0x0043,
  0x0042, 0x0063, 0x0000, 0x32F2, 0x5D1E, 0x549B, 0x54DC, 0x54BC, 0x54DD, 0x54DD, 0x1148, 0x08A4,
  0x08C5, 0x08C5, 0x08C5, 0x08C5, 0x10E5, 0x10E5, 0x10E5, 0x1105, 0x1105, 0x1106, 0x1106, 0x1106,
  0x08E6, 0x08C5, 0x08C5, 0x08E6, 0x08E6, 0x08E6, 0x08E6, 0x08C5, 0x00A5, 0x00A5, 0x0084, 0x0084,
  0x0064, 0x08E7, 0x116B, 0x118A, 0x5350, 0x5B50, 0x3291, 0x11F2, 0x3AF4, 0x7C13, 0x63B3, 0x8453,
  0x8C93, 0x8453, 0x6392, 0x3AD2, 0x2A51, 0x4B12, 0x42F1, 0x4B11, 0x6BB1, 0x7C12, 0x5B72, 0x5352,
  0x6BD3, 0x7412, 0x8C72, 0x8C73, 0x7C12, 0x7C12, 0x9493, 0x94B3, 0x8C53, 0x8452, 0x6BB1, 0x322D,
  0x428E, 0x5B0F, 0x632E, 0x634E, 0x738F, 0x6350, 0x5B2F, 0x428E, 0x4AAE, 0x530F, 0x52EE, 0x4A8C,
  0x5352, 0xBDDD, 0xCE5C, 0xBDDB, 0xCE7E, 0x7BB1, 0x3A6E, 0x7C97, 0xADBB, 0xC65C, 0xCEBD, 0xBE3B,
  0x6B71, 0x42B0, 0x9D1A, 0xBDFD, 0xC63D, 0x94B7, 0x7C57, 0x951A, 0xC61D, 0xAD5A, 0x5D3E, 0x22D1,
  0x08A4, 0x0001, 0x0021, 0x0021, 0x0021, 0x0021, 0x0021, 0x0021, 0x0021, 0x0021, 0x0000, 0x4395,
  0x54FD, 0x549B, 0x54BC, 0x54BC, 0x54BC, 0x549B, 0x54DD, 0x1969, 0x0000, 0x0022, 0x0021, 0x0021,
  0x0022, 0x0000, 0x1989, 0x54FD, 0x54BC, 0x54BC, 0x54BC, 0x54BC, 0x54BC, 0x08C5, 0x0000, 0x0022,
  0x0021, 0x0021, 0x0021, 0x0001, 0x0884, 0x4C9B, 0x54DC, 0x54DC, 0x54DC, 0x54BC, 0x54BC, 0x5CFD,
  0x43F7, 0x0021, 0x0021, 0x0021, 0x0021, 0x0000, 0x08C5, 0x54BC, 0x54BC, 0x54BC, 0x54BC, 0x54DC,
  0x54DC, 0x54DC, 0x54BC, 0x5D1E, 0x220D, 0x0000, 0x0022, 0x0021, 0x0000, 0x08E5, 0x54BC, 0x54DC,
  0x54BC, 0x54BC, 0x54BC, 0x54DC, 0x54DC, 0x54DC, 0x54DC, 0x54DC, 0x54DC, 0x54DC, 0x54DC, 0x54DC,
  0x54DC, 0x54DC, 0x54BC, 0x54DC, 0x549B, 0x08A5, 0x0000, 0x19AA, 0x5D1E, 0x54BC, 0x54DC, 0x54DC,
  0x54DC, 0x54DC, 0x54BC, 0x54BC, 0x54BC, 0x54BC, 0x54BC, 0x54BC, 0x54BC, 0x54BC, 0x54BC, 0x5CFD,
  0x3B54, 0x0000, 0x0000, 0x19AA, 0x5D1E, 0x54DC, 0x54DC, 0x54DC, 0x54DC, 0x54DC, 0x54DC, 0x54DC,
  0x54DC, 0x54DC, 0x54DC, 0x54BC, 0x54BC, 0x54BC, 0x54BC, 0x549B, 0x5D1E, 0x43F7, 0x0063, 0x0042,
  0x0042, 0x0063, 0x0001, 0x32F2, 0x5D1E, 0x54BC, 0x54DC, 0x54BC, 0x54DC, 0x549B, 0x1127, 0x0883,
  0x08A4, 0x08A4, 0x08C4, 0x08C5, 0x08C5, 0x08C5, 0x08C5, 0x08C5, 0x08C5, 0x08E5, 0x08E5, 0x08C5,
  0x00A5, 0x00A5, 0x00A5, 0x00A5, 0x00C5, 0x00C5, 0x00A5, 0x00A5, 0x00A5, 0x0084, 0x0084, 0x0064,
  0x1969, 0x4B11, 0x5BB4, 0x2A2D, 0x3AD0, 0x3AD4, 0x3271, 0x4B32, 0x5373, 0x6BF3, 0x8453, 0x8453,
  0x73F2, 0x7C12, 0x7C12, 0x6BD3, 0x7413, 0x63B3, 0x5B52, 0x73D2, 0x73F2, 0x4B11, 0x6392, 0x94B3,
  0x94B4, 0x7C53, 0x8C52, 0x9493, 0x8452, 0x73F2, 0x8473, 0x9493, 0x8C73, 0x8452, 0x8432, 0x42D0,
  0x42AE, 0x530E, 0x632E, 0x736E, 0x5B2F, 0x530E, 0x73AF, 0x738F, 0x6B6F, 0x6B6F, 0x6B4E, 0x632D,
  0x5310, 0xA53B, 0xCE5D, 0xB599, 0xD6BF, 0x7BF3, 0x3AAF, 0x9539, 0xB61C, 0xBE3D, 0xD6BE, 0xD6BD,
  0x6BD6, 0x4AF1, 0x8C9A, 0x8CDC, 0xD67D, 0x7439, 0x7C59, 0x94DA, 0xBE1D, 0xBDDC, 0x653E, 0x1AB1,
  0x08A4, 0x0001, 0x0021, 0x0021, 0x0021, 0x0021, 0x0021, 0x0021, 0x0021, 0x0022, 0x0000, 0x222D,
  0x5D1E, 0x54BC, 0x54DC, 0x54BC, 0x54DC, 0x54BC, 0x5D1E, 0x2A6E, 0x0000, 0x0022, 0x0021, 0x0021,
  0x0022, 0x0000, 0x32B0, 0x5D1E, 0x54BC, 0x54BC, 0x54BC, 0x54BB, 0x551E, 0x220C, 0x0000, 0x0022,
  0x0021, 0x0021, 0x0022, 0x0000, 0x1948, 0x54FD, 0x54BC, 0x54DC, 0x54DC, 0x54BC, 0x54BC, 0x5D1E,
  0x32D1, 0x0000, 0x0022, 0x0021, 0x0022, 0x0000, 0x2A2D, 0x5D1E, 0x54BC, 0x54DC, 0x54DC, 0x54DC,
  0x54DC, 0x54DC, 0x54BC, 0x5D1E, 0x3B95, 0x0000, 0x0022, 0x0022, 0x0000, 0x10E6, 0x54FD, 0x54DC,
  0x54BC, 0x54DC, 0x54DC, 0x54DC, 0x54DC, 0x54DC, 0x54DC, 0x54DC, 0x54DC, 0x54DC, 0x54DC, 0x5CFD,
  0x5CFD, 0x54FD, 0x54FD, 0x5D1E, 0x54BC, 0x0884, 0x0000, 0x19AA, 0x5D1E, 0x54BC, 0x54DC, 0x54DC,
  0x54DC, 0x54DC, 0x54DC, 0x54FD, 0x54DD, 0x54DD, 0x54DD, 0x54DD, 0x54DD, 0x54DD, 0x54DC, 0x5D3E,
  0x3B53, 0x0000, 0x0000, 0x19AA, 0x5D1E, 0x54BC, 0x54DC, 0x54DC, 0x54DC, 0x54DC, 0x54DC, 0x54BC,
  0x54BC, 0x54BC, 0x54BC, 0x54BC, 0x54DC, 0x54DC, 0x54BC, 0x54BC, 0x549B, 0x5D1E, 0x3313, 0x0001,
  0x0063, 0x0063, 0x0001, 0x32D1, 0x5D1E, 0x54BC, 0x54BC, 0x54BC, 0x54DC, 0x4C7A, 0x08C5, 0x0083,
  0x08A4, 0x08A4, 0x08A4, 0x08A4, 0x08A4, 0x08A4, 0x08A4, 0x00A4, 0x00A4, 0x00A4, 0x00A4, 0x00A4,
  0x0084, 0x0084, 0x0084, 0x0084, 0x0084, 0x0084, 0x0084, 0x0064, 0x0064, 0x0064, 0x0063, 0x08C6,
  0x3AD0, 0x42EF, 0x63B1, 0x5BB3, 0x32B3, 0x5353, 0x7C33, 0x8C73, 0x5B93, 0x42F2, 0x4B33, 0x5373,
  0x73D2, 0x5B51, 0x6BD2, 0x8C73, 0x94B4, 0x8473, 0x63B2, 0x6392, 0x6393, 0x6392, 0x8453, 0x94B3,
  0x8C93, 0x6BD2, 0x7C12, 0x8C93, 0x9493, 0x8432, 0x73D2, 0x8452, 0x8412, 0x6370, 0x6371, 0x7BF1,
  0x52EE, 0x52ED, 0x4AAD, 0x6B4E, 0x5B2F, 0x6B6F, 0x738F, 0x738F, 0x634F, 0x5B2E, 0x52CE, 0x5AED,
  0x4AAD, 0x8C78, 0xCE3D, 0xB599, 0xD6BE, 0x9519, 0x2A73, 0x7C17, 0x9D1B, 0xA59C, 0xBDDD, 0xCE3D,
  0x6BD9, 0x42D2, 0x847A, 0x94DC, 0xBDFD, 0x8C99, 0x8C7A, 0x741A, 0xA55C, 0xA53B, 0x551E, 0x1A90,
  0x08A4, 0x0001, 0x0021, 0x0021, 0x0021, 0x0021, 0x0021, 0x0021, 0x0021, 0x0022, 0x0000, 0x1106,
  0x54DD, 0x54DC, 0x54DC, 0x54DC, 0x54DC, 0x54BC, 0x5D1E, 0x3B54, 0x0000, 0x0022, 0x0021, 0x0021,
  0x0021, 0x0021, 0x43D7, 0x54FD, 0x54BC, 0x54BC, 0x54BC, 0x54BC, 0x54FE, 0x3B54, 0x0000, 0x0022,
  0x0021, 0x0021, 0x0022, 0x0000, 0x2A4E, 0x5D1E, 0x54BC, 0x54DC, 0x54DC, 0x54BC, 0x54BC, 0x54FD,
  0x1989, 0x0000, 0x0022, 0x0021, 0x0021, 0x0000, 0x43D6, 0x5CFD, 0x54BC, 0x54DC, 0x54DC, 0x54DC,
  0x54DC, 0x54DC, 0x54DC, 0x54DC, 0x549B, 0x08A4, 0x0001, 0x0022, 0x0001, 0x0884, 0x4C5A, 0x4C9C,
  0x4C7B, 0x549B, 0x549B, 0x549B, 0x54BC, 0x54DC, 0x54DC, 0x54DC, 0x54DC, 0x54DC, 0x549B, 0x4C18,
  0x4418, 0x4418, 0x4418, 0x4C39, 0x3333, 0x0021, 0x0000, 0x21CB, 0x5D1E, 0x54BC, 0x54DC, 0x54DC,
  0x54DC, 0x54DC, 0x549B, 0x4C39, 0x4439, 0x4C39, 0x4C39, 0x4C5A, 0x4C5A, 0x4C7B, 0x4C7A, 0x54DC,
  0x2A6E, 0x0000, 0x0000, 0x19AA, 0x5D1E, 0x54BC, 0x54DC, 0x54DC, 0x54DC, 0x54DC, 0x54DC, 0x5D1E,
  0x5D1E, 0x54FD, 0x54DC, 0x54BC, 0x54DC, 0x54DC, 0x54BC, 0x54BC, 0x54BC, 0x54BC, 0x54DD, 0x1149,
  0x0021, 0x0063, 0x0000, 0x32D1, 0x5D1E, 0x54BC, 0x54BC, 0x54BC, 0x54DD, 0x4C39, 0x0084, 0x0083,
  0x0084, 0x0084, 0x0084, 0x0084, 0x0084, 0x0084, 0x0084, 0x0084, 0x0084, 0x0084, 0x0084, 0x0084,
  0x0084, 0x0084, 0x0084, 0x0064, 0x0064, 0x0064, 0x0064, 0x0064, 0x0063, 0x0063, 0x0043, 0x08E7,
  0x19AB, 0x1128, 0x3AAE, 0x5331, 0x5352, 0x63B2, 0x7C33, 0x94B3, 0x6BF3, 0x4B32, 0x5B92, 0x7413,
  0x8C73, 0x8433, 0x8433, 0x8453, 0x8C73, 0x8433, 0x63B2, 0x6BD3, 0x73F3, 0x5351, 0x73F2, 0x8C73,
  0x9493, 0x6391, 0x5310, 0x6371, 0x8453, 0x8C73, 0x7C12, 0x6350, 0x73B1, 0x7C11, 0x5B30, 0x5330,
  0x4ACE, 0x3A8F, 0x4AAE, 0x4AAD, 0x5B2E, 0x738F, 0x73AF, 0x5B0E, 0x52CE, 0x632E, 0x52CD, 0x630D,
  0x4A8C, 0x6BB3, 0xBE1C, 0xBE1B, 0xBE1C, 0xADDD, 0x3A92, 0x4B13, 0x94DA, 0xBE1D, 0xDEFE, 0xBDFD,
  0xAD5C, 0x8459, 0x73FA, 0x8C9C, 0x9D5D, 0x8CBA, 0x4298, 0x6B98, 0xB5BC, 0xBDBC, 0x551F, 0x1A90,
  0x08C4, 0x0001, 0x0021, 0x0021, 0x0021, 0x0021, 0x0021, 0x0021, 0x0021, 0x0021, 0x0021, 0x0022,
  0x4418, 0x54FD, 0x54BC, 0x54DC, 0x54DC, 0x54BC, 0x54FD, 0x4418, 0x0042, 0x0001, 0x0021, 0x0021,
  0x0000, 0x08C5, 0x54BB, 0x54BC, 0x54BC, 0x54BC, 0x54BC, 0x54BC, 0x54DC, 0x4C7A, 0x0884, 0x0001,
  0x0021, 0x0021, 0x0022, 0x0000, 0x3B54, 0x5D1E, 0x54BC, 0x54DC, 0x54BC, 0x54BC, 0x54DC, 0x4C7A,
  0x0883, 0x0001, 0x0021, 0x0021, 0x0000, 0x10E6, 0x54DC, 0x54DC, 0x54DC, 0x54DC, 0x54DC, 0x54DC,
  0x54DC, 0x54DC, 0x54DC, 0x54BC, 0x5D1E, 0x21EC, 0x0000, 0x0022, 0x0021, 0x0001, 0x0863, 0x08A4,
  0x08A4, 0x08A5, 0x0062, 0x19AA, 0x54FD, 0x54BC, 0x54DC, 0x54DC, 0x54BC, 0x5CFD, 0x43D6, 0x0021,
  0x0021, 0x0022, 0x0022, 0x0021, 0x0001, 0x0022, 0x0000, 0x21CB, 0x5D1E, 0x54BC, 0x54DC, 0x54DC,
  0x54BC, 0x5D1E, 0x3312, 0x0020, 0x0042, 0x0042, 0x0042, 0x0043, 0x0063, 0x0883, 0x0884, 0x0884,
  0x0021, 0x0022, 0x0000, 0x19AA, 0x5D1E, 0x54DC, 0x54DC, 0x54DC, 0x54DC, 0x54DC, 0x54BB, 0x3B74,
  0x2AD1, 0x3333, 0x4C7B, 0x5D1D, 0x54BC, 0x54BC, 0x54DC, 0x54DC, 0x54BC, 0x549C, 0x54FD, 0x3B54,
  0x0001, 0x0063, 0x0000, 0x2A90, 0x5D1E, 0x54BC, 0x54BC, 0x54BC, 0x5CFD, 0x43F7, 0x0043, 0x0063,
  0x0083, 0x0083, 0x0083, 0x0083, 0x0083, 0x0083, 0x0063, 0x0063, 0x0063, 0x0084, 0x0063, 0x0063,
  0x0063, 0x0063, 0x0063, 0x0063, 0x0063, 0x0063, 0x0063, 0x0063, 0x0063, 0x0043, 0x0043, 0x0023,
  0x00A6, 0x326D, 0x4B0F, 0x5B71, 0x5B51, 0x6BB2, 0x73D2, 0x8432, 0x7C33, 0x8453, 0x8C73, 0x8C73,
  0x8C73, 0x8C53, 0x8453, 0x8432, 0x7C12, 0x8453, 0x8C94, 0x5B92, 0x3290, 0x5310, 0x73D1, 0x73F2,
  0x6BB2, 0x6BD2, 0x7C33, 0x6B91, 0x6BB2, 0x8412, 0x8412, 0x73B1, 0x73B1, 0x8432, 0x8432, 0x6350,
  0x324F, 0x4AF0, 0x6B90, 0x4ACF, 0x632F, 0x738E, 0x5AEE, 0x4AAD, 0x632D, 0x6B4E, 0x632E, 0x6B4E,
  0x52CC, 0x7476, 0xC67D, 0xDEFE, 0xC65C, 0xCE5D, 0x634F, 0x4AD1, 0x94FB, 0xBDDD, 0xE71F, 0xE73E,
  0xC5FD, 0xBD9D, 0x8C5B, 0x8C9C, 0xAD9D, 0x94B8, 0x9477, 0xA4FA, 0xB59C, 0xBD9C, 0x553F, 0x1AB1,
  0x08C5, 0x0001, 0x0021, 0x0021, 0x0021, 0x0021, 0x0021, 0x0021, 0x0021, 0x0021, 0x0022, 0x0000,
  0x32F2, 0x5D1E, 0x54BC, 0x54BC, 0x54BC, 0x54BC, 0x54BC, 0x54BC, 0x08C5, 0x0000, 0x0021, 0x0022,
  0x0000, 0x21EB, 0x5D1E, 0x54BC, 0x54BC, 0x54BC, 0x54BC, 0x54BC, 0x54BC, 0x54FD, 0x19AA, 0x0000,
  0x0022, 0x0021, 0x0021, 0x0022, 0x4C18, 0x54FD, 0x54BC, 0x54BC, 0x54BC, 0x54BC, 0x5CFD, 0x3B75,
  0x0000, 0x0022, 0x0021, 0x0022, 0x0000, 0x2A6E, 0x5D1E, 0x54BC, 0x54DC, 0x54DC, 0x54DC, 0x54DC,
  0x54DC, 0x54DC, 0x54DC, 0x54BC, 0x5D1D, 0x3B74, 0x0000, 0x0021, 0x0021, 0x0021, 0x0001, 0x0000,
  0x0001, 0x0021, 0x0000, 0x1948, 0x5CFD, 0x54BC, 0x54DC, 0x54DC, 0x54BC, 0x5CFD, 0x43B6, 0x0000,
  0x0021, 0x0021, 0x0021, 0x0021, 0x0021, 0x0022, 0x0000, 0x21CB, 0x5D1E, 0x54BC, 0x54DC, 0x54DC,
  0x54BC, 0x5D1E, 0x32D1, 0x0000, 0x0022, 0x0021, 0x0021, 0x0001, 0x0001, 0x0001, 0x0001, 0x0001,
  0x0021, 0x0022, 0x0000, 0x19AA, 0x5D1E, 0x54DC, 0x54DC, 0x54BC, 0x54BC, 0x5D1D, 0x43B6, 0x0000,
  0x0000, 0x0000, 0x08A4, 0x43B6, 0x54FD, 0x54BC, 0x54DC, 0x54DC, 0x54DC, 0x54BC, 0x54DD, 0x4C5A,
  0x0063, 0x0042, 0x0000, 0x2A6F, 0x5D1E, 0x54BC, 0x54BC, 0x54BC, 0x5CFD, 0x3B75, 0x0021, 0x0063,
  0x0063, 0x0063, 0x0063, 0x0063, 0x0063, 0x0063, 0x0043, 0x0084, 0x1126, 0x2168, 0x2167, 0x08E6,
  0x0084, 0x0063, 0x0043, 0x0043, 0x0043, 0x0063, 0x0043, 0x0043, 0x0022, 0x0022, 0x0043, 0x0022,
  0x2A2C, 0x4B53, 0x2A70, 0x2A30, 0x5B71, 0x6BD2, 0x5352, 0x42F1, 0x6391, 0x7412, 0x8432, 0x8432,
  0x8C52, 0x9493, 0x8C73, 0x8C52, 0x8432, 0x8C52, 0x63B2, 0x42F1, 0x5B51, 0x7BF1, 0x9472, 0x7C12,
  0x73D2, 0x8C93, 0x94B3, 0x8C52, 0x73B1, 0x6371, 0x7BF1, 0x7C12, 0x73D1, 0x73D1, 0x7BF1, 0x8411,
  0x73D1, 0x6350, 0x6BB1, 0x7C12, 0x73B0, 0x428D, 0x3A4D, 0x52CD, 0x632D, 0x736E, 0x6B6E, 0x6B4E,
  0x52ED, 0x6393, 0xB57B, 0xD67D, 0xBDDA, 0xC63D, 0x6BB2, 0x3A6F, 0x8CDB, 0xB5BD, 0xD69E, 0xF79F,
  0xCE7D, 0x9CFB, 0xBDBD, 0xA53C, 0x94B8, 0x9497, 0xB57B, 0xC61D, 0xBDDC, 0xBD9B, 0x5D5F, 0x1A90,
  0x0906, 0x0000, 0x0021, 0x0021, 0x0021, 0x0021, 0x0021, 0x0021, 0x0021, 0x0021, 0x0022, 0x0000,
  0x19CB, 0x5D1E, 0x54BC, 0x54BC, 0x54BC, 0x54BC, 0x54BC, 0x54FD, 0x19AA, 0x0000, 0x0022, 0x0022,
  0x0000, 0x3312, 0x5D1E, 0x54BC, 0x54BC, 0x54BC, 0x54BC, 0x54BC, 0x54BB, 0x5CFD, 0x32F2, 0x0000,
  0x0022, 0x0021, 0x0000, 0x08C5, 0x54BC, 0x54DC, 0x54BC, 0x54BC, 0x54BC, 0x54BC, 0x5D1E, 0x2A4E,
  0x0000, 0x0022, 0x0021, 0x0021, 0x0021, 0x43F7, 0x5CFD, 0x54BC, 0x54BC, 0x54BC, 0x54BC, 0x54DD,
  0x54DC, 0x54DC, 0x54DC, 0x54BC, 0x54DC, 0x4C9B, 0x0883, 0x0001, 0x0021, 0x0021, 0x0021, 0x0021,
  0x0022, 0x0042, 0x0000, 0x1969, 0x5CFD, 0x54BC, 0x54DC, 0x54BC, 0x54BC, 0x54FD, 0x43B6, 0x0000,
  0x0022, 0x0021, 0x0021, 0x0021, 0x0021, 0x0022, 0x0000, 0x21CB, 0x5D1E, 0x54BC, 0x54DC, 0x54DC,
  0x54BC, 0x5D3E, 0x32F2, 0x0000, 0x0042, 0x0022, 0x0022, 0x0022, 0x0022, 0x0022, 0x0021, 0x0021,
  0x0021, 0x0022, 0x0000, 0x21CA, 0x5D1E, 0x54BC, 0x54DC, 0x54BC, 0x54BC, 0x5CFD, 0x3B95, 0x0000,
  0x0042, 0x0043, 0x0000, 0x08A5, 0x54BB, 0x54DC, 0x54DC, 0x54BC, 0x54BC, 0x54BC, 0x54BC, 0x54BC,
  0x1107, 0x0021, 0x0000, 0x222D, 0x5D1E, 0x54BB, 0x54BC, 0x54BB, 0x5CFE, 0x32F2, 0x0001, 0x0063,
  0x0043, 0x0043, 0x0043, 0x0043, 0x0043, 0x0043, 0x0084, 0x1947, 0x2167, 0x2167, 0x2188, 0x1968,
  0x1968, 0x1127, 0x0042, 0x0022, 0x0043, 0x0043, 0x0063, 0x0043, 0x08E6, 0x08E6, 0x0043, 0x0908,
  0x4311, 0x3AD1, 0x2A70, 0x5330, 0x8C92, 0x7C33, 0x4332, 0x5B72, 0x73F1, 0x5B72, 0x6391, 0x73D1,
  0x8452, 0x7412, 0x5352, 0x6392, 0x8432, 0x7C11, 0x73D1, 0x6370, 0x5330, 0x6391, 0x73F2, 0x324F,
  0x3270, 0x5331, 0x6B91, 0x8411, 0x7C11, 0x73B1, 0x73D1, 0x8452, 0x8432, 0x7C11, 0x7BF1, 0x7BF1,
  0x7BF1, 0x83F1, 0x7BF1, 0x8411, 0x7BF1, 0x324E, 0x324D, 0x52CD, 0x630D, 0x632D, 0x6B4D, 0x426C,
  0x3A4B, 0x42AE, 0x94DA, 0xCE5D, 0xBDDA, 0xD6BE, 0x8C74, 0x428E, 0x84BA, 0xAD9C, 0xCE7E, 0xF77F,
  0xD6BD, 0x63B7, 0xBDDC, 0xBDBC, 0xAD17, 0xA4FA, 0x9CFB, 0xCE5E, 0xBDDC, 0xBD9B, 0x553F, 0x1A4F,
  0x1127, 0x0000, 0x0021, 0x0021, 0x0021, 0x0021, 0x0021, 0x0021, 0x0021, 0x0021, 0x0021, 0x0000,
  0x08A4, 0x4C9B, 0x54BC, 0x54BC, 0x54BC, 0x54BC, 0x54BB, 0x551E, 0x2AB0, 0x0000, 0x0042, 0x0001,
  0x0042, 0x4C39, 0x54FD, 0x54BC, 0x54BC, 0x54BC, 0x54BC, 0x54BC, 0x54BC, 0x54DC, 0x4C39, 0x0042,
  0x0001, 0x0022, 0x0000, 0x19AA, 0x5CFE, 0x54BC, 0x54BC, 0x54DC, 0x54BC, 0x54BC, 0x54DC, 0x1127,
  0x0000, 0x0022, 0x0022, 0x0000, 0x1107, 0x54DC, 0x54BC, 0x54BC, 0x54DC, 0x54BC, 0x54BC, 0x43D6,
  0x54BC, 0x54BC, 0x54DC, 0x54DC, 0x54BC, 0x5D1E, 0x19CB, 0x0000, 0x0022, 0x0021, 0x0021, 0x0021,
  0x0021, 0x0022, 0x0000, 0x1969, 0x5CFD, 0x54BC, 0x54DC, 0x54BC, 0x54BC, 0x54FD, 0x43B6, 0x0000,
  0x0021, 0x0021, 0x0021, 0x0021, 0x0021, 0x0042, 0x0000, 0x21EB, 0x5D1E, 0x54BC, 0x54DC, 0x54DC,
  0x54DC, 0x5D3E, 0x3312, 0x0000, 0x0022, 0x0021, 0x0021, 0x0022, 0x0022, 0x0022, 0x0021, 0x0021,
  0x0021, 0x0022, 0x0000, 0x21CB, 0x5D1E, 0x54BC, 0x54DC, 0x54BC, 0x54BC, 0x54FD, 0x3B75, 0x0001,
  0x0022, 0x0022, 0x0022, 0x0001, 0x43F7, 0x5D1D, 0x54BC, 0x54BC, 0x54BC, 0x54BC, 0x54BC, 0x54FD,
  0x1148, 0x0001, 0x0000, 0x21EC, 0x551E, 0x54BC, 0x54BC, 0x54BB, 0x5D1E, 0x2A6F, 0x0000, 0x0043,
  0x0042, 0x0042, 0x0042, 0x0042, 0x08A4, 0x10E5, 0x1106, 0x1947, 0x1926, 0x1926, 0x1947, 0x1947,
  0x1147, 0x1947, 0x08C5, 0x0043, 0x0043, 0x0084, 0x00A4, 0x1128, 0x3A8E, 0x3AAF, 0x1149, 0x19AC,
  0x5352, 0x4AF0, 0x4AF0, 0x4B11, 0x6BD2, 0x6391, 0x5B71, 0x8432, 0x7412, 0x6391, 0x7BF1, 0x8432,
  0x4B12, 0x2A50, 0x4AF1, 0x5B72, 0x6392, 0x8452, 0x73F1, 0x6370, 0x3A8E, 0x2A2E, 0x2A4F, 0x21EE,
  0x42AF, 0x5B70, 0x5330, 0x5B50, 0x8411, 0x7BF0, 0x7BF1, 0x7BF1, 0x8412, 0x7BF1, 0x8411, 0x8411,
  0x7BF1, 0x7BF1, 0x73B0, 0x83F0, 0x73B0, 0x428E, 0x42AD, 0x52CD, 0x4A8C, 0x428C, 0x3A4C, 0x29EA,
  0x528A, 0x426C, 0x7C37, 0xCE7D, 0xC63C, 0xD6BE, 0xB5BA, 0x3A90, 0x7C79, 0xB59D, 0xCE5E, 0xCE5E,
  0xC63D, 0xAD5C, 0xB5BC, 0xB59C, 0xB55A, 0xBDBB, 0xC5FC, 0xCE3D, 0xAD5B, 0x8C77, 0x553F, 0x1A2E,
  0x1168, 0x0000, 0x0022, 0x0021, 0x0021, 0x0021, 0x0021, 0x0021, 0x0021, 0x0021, 0x0021, 0x0021,
  0x0001, 0x43D6, 0x54FD, 0x54BC, 0x54BC, 0x54BC, 0x54BC, 0x54FD, 0x3BB6, 0x0000, 0x0022, 0x0000,
  0x1107, 0x54DD, 0x54BC, 0x54BC, 0x54BC, 0x54BC, 0x54BC, 0x54BC, 0x54BC, 0x54BC, 0x54DD, 0x1148,
  0x0000, 0x0042, 0x0000, 0x32B0, 0x5D1E, 0x54BC, 0x54DC, 0x54DC, 0x54BC, 0x54FD, 0x4C39, 0x0042,
  0x0021, 0x0021, 0x0022, 0x0000, 0x2A8F, 0x5D1E, 0x54BC, 0x54BC, 0x54BC, 0x54DD, 0x4C5A, 0x1968,
  0x549B, 0x54DC, 0x54DC, 0x54DC, 0x54BC, 0x5D1E, 0x3B53, 0x0000, 0x0022, 0x0021, 0x0021, 0x0021,
  0x0021, 0x0022, 0x0000, 0x1969, 0x5CFD, 0x54BC, 0x54BC, 0x54BC, 0x54BC, 0x54FD, 0x43B6, 0x0000,
  0x0021, 0x0021, 0x0021, 0x0021, 0x0021, 0x0022, 0x0000, 0x21EC, 0x5D1E, 0x54BC, 0x54DC, 0x54DC,
  0x54BC, 0x5D1E, 0x3312, 0x0000, 0x0022, 0x0001, 0x0001, 0x0001, 0x0001, 0x0000, 0x0000, 0x0022,
  0x0021, 0x0022, 0x0000, 0x21CB, 0x5D1E, 0x54BC, 0x54BC, 0x54BC, 0x54BC, 0x54FD, 0x3B75, 0x0001,
  0x0042, 0x0022, 0x0022, 0x0021, 0x43F7, 0x5D1D, 0x54BC, 0x54DC, 0x54BC, 0x54BC, 0x54BC, 0x5CFD,
  0x1148, 0x0001, 0x0000, 0x19AA, 0x5CFD, 0x54BC, 0x54BC, 0x54BC, 0x5D1E, 0x21EC, 0x0000, 0x0043,
  0x0063, 0x0063, 0x0043, 0x0084, 0x10E5, 0x1106, 0x1106, 0x1126, 0x1926, 0x1926, 0x1126, 0x1127,
  0x1127, 0x1126, 0x1106, 0x08E5, 0x08E6, 0x08C5, 0x08E5, 0x324D, 0x5B4F, 0x428C, 0x19CC, 0x3291,
  0x5B51, 0x4AD0, 0x3290, 0x42D1, 0x5B51, 0x6B90, 0x7BF1, 0x7C11, 0x6391, 0x6BB1, 0x8C52, 0x6BB1,
  0x3AB1, 0x5B50, 0x6370, 0x7C12, 0x7C32, 0x5B51, 0x42AF, 0x3A6E, 0x42AF, 0x42AF, 0x2A2E, 0x3A8E,
  0x4ACE, 0x4AEF, 0x6370, 0x6370, 0x5310, 0x5330, 0x73D1, 0x73D1, 0x73D0, 0x73B0, 0x7BD0, 0x7BF0,
  0x7BD0, 0x7BD0, 0x7390, 0x6B6F, 0x6B6E, 0x52CD, 0x4AAC, 0x630D, 0x630D, 0x5AEC, 0x3A2B, 0x3A2A,
  0x3A4C, 0x2A0C, 0x6394, 0xC61D, 0xCE5D, 0xCE7D, 0xC65D, 0x3292, 0x7417, 0xAD7C, 0x741B, 0x841B,
  0xB59C, 0x9D1B, 0xAD5B, 0xB57A, 0xA4D7, 0xBD9A, 0xCE5E, 0xBDFD, 0xC5FD, 0xA53A, 0x5D5E, 0x1A0C,
  0x19AA, 0x0000, 0x0022, 0x0021, 0x0021, 0x0021, 0x0021, 0x0021, 0x0021, 0x0021, 0x0021, 0x0022,
  0x0000, 0x2A8F, 0x54FD, 0x549B, 0x54BC, 0x54BC, 0x54BC, 0x54DC, 0x4C5A, 0x0063, 0x0021, 0x0000,
  0x224D, 0x5D1E, 0x54BC, 0x54BC, 0x54BC, 0x54BC, 0x54BC, 0x54BC, 0x54BC, 0x549B, 0x5D1E, 0x2A90,
  0x0000, 0x0042, 0x0000, 0x43B6, 0x5D1D, 0x54BC, 0x54DC, 0x54BC, 0x54BC, 0x5D1E, 0x3312, 0x0000,
  0x0022, 0x0021, 0x0021, 0x0021, 0x43F8, 0x54DD, 0x54BC, 0x54BC, 0x54BC, 0x5CFE, 0x3B74, 0x0000,
  0x4C18, 0x54FD, 0x54BC, 0x54DC, 0x54DC, 0x54DC, 0x4C7A, 0x0883, 0x0001, 0x0021, 0x0021, 0x0021,
  0x0021, 0x0022, 0x0000, 0x1989, 0x5CFD, 0x54BC, 0x54BC, 0x54BC, 0x54BC, 0x54FD, 0x43B6, 0x0000,
  0x0022, 0x0021, 0x0021, 0x0021, 0x0021, 0x0022, 0x0000, 0x220C, 0x5D1E, 0x54BC, 0x54DC, 0x54DC,
  0x54DC, 0x54DC, 0x549B, 0x4C18, 0x4C18, 0x43F7, 0x43D7, 0x43B6, 0x3B75, 0x43B6, 0x19CB, 0x0000,
  0x0022, 0x0022, 0x0000, 0x21CB, 0x5D1E, 0x54BC, 0x54BC, 0x54BC, 0x54BC, 0x5D1D, 0x3B74, 0x0001,
  0x0042, 0x0042, 0x0001, 0x08C5, 0x54BC, 0x54DC, 0x54DC, 0x54DC, 0x54BC, 0x54BC, 0x54BC, 0x54DC,
  0x08E6, 0x0001, 0x0000, 0x1969, 0x5CFD, 0x54BC, 0x54BC, 0x54BC, 0x54FD, 0x1169, 0x0021, 0x0083,
  0x0883, 0x0884, 0x08A4, 0x08A4, 0x08C5, 0x08E5, 0x08E5, 0x1106, 0x1126, 0x1106, 0x1106, 0x1106,
  0x1106, 0x1106, 0x1106, 0x1126, 0x1106, 0x1106, 0x1127, 0x2A0C, 0x636F, 0x5B2E, 0x326F, 0x42F0,
  0x5B71, 0x32B0, 0x3291, 0x5B71, 0x6B8F, 0x634F, 0x8411, 0x73D1, 0x5B70, 0x7C32, 0x6BB1, 0x4AF0,
  0x42CF, 0x5B30, 0x634F, 0x5B2F, 0x5310, 0x42B0, 0x3A8F, 0x4ACF, 0x3AAF, 0x5B2E, 0x428D, 0x4ACE,
  0x3A6E, 0x530F, 0x634F, 0x6350, 0x4AF0, 0x4AEF, 0x530F, 0x5B2F, 0x636F, 0x6B90, 0x6B90, 0x6B6F,
  0x73B0, 0x6B8F, 0x6B8F, 0x632E, 0x630D, 0x52CC, 0x4AAC, 0x52CC, 0x52CC, 0x5ACB, 0x52AB, 0x3A8F,
  0x5352, 0x3AB1, 0x5B53, 0xAD7B, 0xCE5D, 0xC63C, 0xDEDE, 0x6BB2, 0x5354, 0x63FA, 0x845B, 0xC61D,
  0xE73E, 0x7418, 0xA53A, 0xC5FC, 0xCE5D, 0xBDBB, 0xAD7C, 0xA51A, 0xCE1D, 0xB5BC, 0x553E, 0x11AA,
  0x1A0C, 0x0000, 0x0022, 0x0021, 0x0021, 0x0021, 0x0021, 0x0021, 0x0021, 0x0021, 0x0021, 0x0022,
  0x0000, 0x1148, 0x54DD, 0x54BC, 0x54BC, 0x54BC, 0x54BC, 0x54BC, 0x54DD, 0x1107, 0x0000, 0x0001,
  0x3B95, 0x5D1E, 0x54BC, 0x54BC, 0x54BC, 0x54BC, 0x54BC, 0x54BC, 0x54BC, 0x54BC, 0x54DD, 0x43F7,
  0x0021, 0x0001, 0x0863, 0x4C7A, 0x54FD, 0x54DC, 0x54DC, 0x54BC, 0x54BC, 0x54FD, 0x19AA, 0x0000,
  0x0022, 0x0022, 0x0000, 0x1127, 0x54DD, 0x54BC, 0x54BC, 0x54BC, 0x54BB, 0x5D1E, 0x222D, 0x0000,
  0x3312, 0x5D1E, 0x54BC, 0x54DC, 0x54DC, 0x54BC, 0x54FE, 0x19AA, 0x0000, 0x0022, 0x0021, 0x0021,
  0x0021, 0x0022, 0x0000, 0x1989, 0x5CFD, 0x54BC, 0x54BC, 0x54BC, 0x54BC, 0x54FD, 0x3B96, 0x0000,
  0x0021, 0x0021, 0x0021, 0x0021, 0x0021, 0x0022, 0x0000, 0x220C, 0x5D1E, 0x54BC, 0x54DC, 0x54DC,
  0x54DC, 0x54DC, 0x54DC, 0x5CFD, 0x5D1D, 0x5D1D, 0x5D1D, 0x5D1D, 0x54FD, 0x5D5F, 0x3B54, 0x0000,
  0x0022, 0x0042, 0x0000, 0x21CB, 0x5D1E, 0x54BC, 0x54DC, 0x54BC, 0x54BC, 0x5D1E, 0x3B74, 0x0000,
  0x0000, 0x0000, 0x0063, 0x3B95, 0x54FD, 0x54BC, 0x54DC, 0x54DC, 0x54DC, 0x54BC, 0x54DC, 0x4C39,
  0x0063, 0x0042, 0x0001, 0x1127, 0x5CFD, 0x54DC, 0x54BC, 0x54DC, 0x54BC, 0x1107, 0x0042, 0x0883,
  0x0883, 0x0884, 0x0884, 0x08A4, 0x08C4, 0x08C4, 0x08C5, 0x10E5, 0x10E5, 0x08E5, 0x08E5, 0x08E5,
  0x10E5, 0x1106, 0x1106, 0x1126, 0x08E5, 0x1127, 0x3AAF, 0x42AD, 0x4ACD, 0x4AEF, 0x3AB0, 0x5330,
  0x6BB0, 0x6391, 0x42D0, 0x5B4F, 0x5B4F, 0x530F, 0x42AF, 0x42F0, 0x5B70, 0x73B0, 0x3AAF, 0x52EF,
  0x5B2E, 0x42AE, 0x42CE, 0x3A8E, 0x428E, 0x52EE, 0x5B2F, 0x634E, 0x5B0E, 0x52ED, 0x3A4C, 0x2A0C,
  0x220D, 0x3A8D, 0x52EE, 0x5B0E, 0x5B2E, 0x52EE, 0x4AAD, 0x52CD, 0x52CE, 0x52EF, 0x634F, 0x634F,
  0x634F, 0x6B4E, 0x632E, 0x632E, 0x630D, 0x52AB, 0x424B, 0x424B, 0x424A, 0x4A8A, 0x3A4D, 0x4B33,
  0x73F3, 0x6BB1, 0x4AF0, 0x9D1B, 0xCE5E, 0xC63C, 0xEF3F, 0x8476, 0x5BD7, 0xA57D, 0xCE7E, 0xE73E,
  0xEF7F, 0xA53A, 0xAD3A, 0xB59B, 0xE71F, 0xC65D, 0x847A, 0xB59A, 0xD67D, 0xADBC, 0x3CFE, 0x1148,
  0x226F, 0x0000, 0x0022, 0x0021, 0x0021, 0x0021, 0x0021, 0x0021, 0x0021, 0x0021, 0x0021, 0x0021,
  0x0001, 0x0063, 0x4C5A, 0x54DC, 0x54BC, 0x54BC, 0x54BC, 0x54BC, 0x5D1E, 0x220C, 0x0000, 0x0884,
  0x4C7A, 0x54DC, 0x54BC, 0x54BC, 0x54BC, 0x54DC, 0x54DC, 0x54BC, 0x54BC, 0x54BC, 0x54BC, 0x54DC,
  0x1107, 0x0000, 0x1127, 0x54FD, 0x54DC, 0x54BC, 0x54BC, 0x54BC, 0x54DC, 0x4C9B, 0x08A4, 0x0001,
  0x0021, 0x0022, 0x0000, 0x32B0, 0x5D1E, 0x54BC, 0x54BC, 0x54BC, 0x54BC, 0x549C, 0x10E6, 0x0000,
  0x21CB, 0x5D1E, 0x54BC, 0x54DC, 0x54DC, 0x54BC, 0x5D1E, 0x32F2, 0x0000, 0x0022, 0x0021, 0x0021,
  0x0021, 0x0022, 0x0000, 0x1989, 0x5CFD, 0x54BC, 0x54BC, 0x54BC, 0x54BC, 0x54FD, 0x3B96, 0x0000,
  0x0022, 0x0021, 0x0021, 0x0021, 0x0021, 0x0042, 0x0000, 0x220C, 0x5D1E, 0x54BC, 0x54DC, 0x54DC,
  0x54DC, 0x54DC, 0x54DC, 0x54DC, 0x54DC, 0x54DC, 0x54BC, 0x54BC, 0x54BC, 0x5CFD, 0x3333, 0x0000,
  0x0022, 0x0022, 0x0000, 0x21CB, 0x5D1E, 0x54BC, 0x54DC, 0x54DC, 0x54DC, 0x5CFD, 0x4C39, 0x21EB,
  0x19CB, 0x2A8F, 0x4C59, 0x5CFD, 0x54BC, 0x54DC, 0x54DC, 0x54DC, 0x54DC, 0x54BC, 0x5D1E, 0x32F2,
  0x0000, 0x0063, 0x0042, 0x1106, 0x54DC, 0x54DC, 0x54BC, 0x54DC, 0x4C7A, 0x10E5, 0x08A4, 0x0083,
  0x08A4, 0x08C4, 0x0084, 0x08A4, 0x08A4, 0x08C4, 0x08C5, 0x08C5, 0x08C5, 0x08C5, 0x08C5, 0x08E5,
  0x08E5, 0x08E5, 0x1105, 0x08E5, 0x1948, 0x29EC, 0x3A4D, 0x4AAD, 0x3A6D, 0x328F, 0x4B10, 0x5B2F,
  0x636F, 0x636F, 0x42CE, 0x52EE, 0x428E, 0x2A4E, 0x2A2E, 0x42AE, 0x4AEE, 0x52CD, 0x2A0D, 0x530E,
  0x4ACE, 0x3A6D, 0x52ED, 0x4ACD, 0x4ACD, 0x4AAC, 0x4AAC, 0x4A8C, 0x428C, 0x428C, 0x21CA, 0x114A,
  0x320B, 0x3A4C, 0x320B, 0x428C, 0x52ED, 0x4AAD, 0x52ED, 0x5B0E, 0x52ED, 0x52ED, 0x5B0E, 0x5B2E,
  0x52CD, 0x52AC, 0x52CC, 0x52CC, 0x4A8C, 0x3A8F, 0x3AB1, 0x4AF0, 0x428D, 0x3A09, 0x2A2F, 0x4B12,
  0x6392, 0x6371, 0x5310, 0x8499, 0xCE7E, 0xCE7D, 0xCE9E, 0x94D9, 0x4B34, 0x9D1B, 0xBDFD, 0xDEDE,
  0xE75F, 0xBDDC, 0x7C17, 0xAD5A, 0xDEFF, 0xCE3C, 0x73F6, 0xB5DC, 0xD65C, 0xAE1D, 0x3CBE, 0x08E6,
  0x2AF2, 0x0000, 0x0022, 0x0021, 0x0021, 0x0021, 0x0021, 0x0021, 0x0021, 0x0021, 0x0021, 0x0021,
  0x0021, 0x0000, 0x3B74, 0x54FD, 0x54BB, 0x54BC, 0x54BC, 0x54BC, 0x5D1E, 0x32F2, 0x0000, 0x1989,
  0x54FD, 0x54BC, 0x54BC, 0x54BC, 0x54DC, 0x4C7A, 0x4C7A, 0x54DC, 0x54BC, 0x54BC, 0x54BB, 0x5D1E,
  0x2A6E, 0x0000, 0x222E, 0x5D1E, 0x54BC, 0x54DC, 0x54BC, 0x54BC, 0x54FD, 0x43B6, 0x0000, 0x0022,
  0x0021, 0x0021, 0x0042, 0x4C39, 0x5CFD, 0x54BC, 0x54DC, 0x54BC, 0x5CFD, 0x43D6, 0x0000, 0x0001,
  0x08A4, 0x54BB, 0x54DC, 0x54BC, 0x54BC, 0x54BC, 0x54DD, 0x4C39, 0x0042, 0x0001, 0x0021, 0x0021,
  0x0021, 0x0022, 0x0000, 0x1989, 0x5CFD, 0x54BC, 0x54BC, 0x54BC, 0x54BC, 0x54FD, 0x3B95, 0x0000,
  0x0022, 0x0021, 0x0021, 0x0021, 0x0021, 0x0022, 0x0000, 0x220C, 0x5D1E, 0x54BC, 0x54DC, 0x54DC,
  0x54DC, 0x54DC, 0x54DC, 0x54DC, 0x54DC, 0x54DC, 0x54DC, 0x54DC, 0x54BC, 0x5D1E, 0x3B33, 0x0000,
  0x0022, 0x0022, 0x0000, 0x21CB, 0x5D1E, 0x54BC, 0x54DC, 0x54DC, 0x54DC, 0x54BC, 0x54DC, 0x5D1E,
  0x5CFE, 0x5D1E, 0x5CFD, 0x54BC, 0x54BC, 0x54BC, 0x54DC, 0x54DC, 0x54BC, 0x54BC, 0x54DC, 0x1107,
  0x0021, 0x0063, 0x0042, 0x08E5, 0x549B, 0x54BC, 0x54BC, 0x54DD, 0x4C18, 0x10E5, 0x10E4, 0x08C5,
  0x10E5, 0x10E5, 0x08C4, 0x08A4, 0x08C5, 0x08C4, 0x08C4, 0x08C4, 0x08A4, 0x08A5, 0x00A4, 0x00A4,
  0x08E5, 0x08E5, 0x08E5, 0x08C5, 0x1989, 0x2A0B, 0x2188, 0x2A0C, 0x530E, 0x3A8E, 0x42AD, 0x530E,
  0x5B4F, 0x5B0E, 0x42AE, 0x5B0E, 0x19CC, 0x21EC, 0x42AD, 0x322C, 0x322C, 0x320C, 0x21CC, 0x2A2C,
  0x2A0C, 0x324C, 0x426C, 0x322A, 0x3A4B, 0x3A2A, 0x3209, 0x3A2A, 0x29EA, 0x21A9, 0x1989, 0x2189,
  0x29E9, 0x3A2A, 0x29C9, 0x320A, 0x3A4B, 0x2A0B, 0x428C, 0x4AAC, 0x4AAC, 0x4ACD, 0x4AAC, 0x426C,
  0x426B, 0x3A2A, 0x31E9, 0x3A09, 0x2A2E, 0x4313, 0x63B3, 0x7C13, 0x5B52, 0x324E, 0x3290, 0x5B31,
  0x5B51, 0x8432, 0x5B30, 0x6BF7, 0xCE3E, 0xCE5D, 0xCE7E, 0xAD5A, 0x4290, 0x94D8, 0xBE1D, 0xDEFE,
  0xEF5F, 0x94FA, 0x5334, 0xB59B, 0xD6BF, 0xCE5D, 0x7C38, 0x9D3B, 0xCE3D, 0xA61E, 0x349C, 0x08A4,
  0x2B75, 0x0000, 0x0021, 0x0021, 0x0021, 0x0021, 0x0021, 0x0021, 0x0021, 0x0021, 0x0021, 0x0021,
  0x0022, 0x0000, 0x222D, 0x5D1E, 0x54BC, 0x54BC, 0x54BC, 0x54BC, 0x54FD, 0x43D7, 0x0000, 0x32D1,
  0x5D1E, 0x54BC, 0x54BC, 0x54BC, 0x5D1E, 0x32F1, 0x3333, 0x5D1E, 0x54BC, 0x54BC, 0x54BC, 0x54FD,
  0x3BB6, 0x0000, 0x3B33, 0x5D1E, 0x54BC, 0x54DC, 0x54BC, 0x54BC, 0x5D1E, 0x2A6F, 0x0000, 0x0022,
  0x0022, 0x0000, 0x1948, 0x5D1D, 0x54DC, 0x54DC, 0x54DC, 0x54BC, 0x5D1E, 0x2A90, 0x0000, 0x0042,
  0x0000, 0x43D6, 0x5CFD, 0x54BC, 0x54BC, 0x54BC, 0x54BC, 0x54FD, 0x1968, 0x0000, 0x0022, 0x0021,
  0x0021, 0x0022, 0x0000, 0x1989, 0x5CFD, 0x54BC, 0x54BC, 0x54BC, 0x54BC, 0x54FD, 0x3B95, 0x0000,
  0x0021, 0x0021, 0x0021, 0x0021, 0x0021, 0x0022, 0x0000, 0x220C, 0x5D1E, 0x54BC, 0x54DC, 0x54DC,
  0x54DC, 0x54DC, 0x54DC, 0x54DC, 0x54DD, 0x54DD, 0x54DC, 0x54DC, 0x54BC, 0x5D1E, 0x3312, 0x0000,
  0x0042, 0x0042, 0x0000, 0x21CB, 0x5D1E, 0x54BC, 0x54DC, 0x54DC, 0x54DC, 0x54BC, 0x54BC, 0x54BC,
  0x54BC, 0x54BC, 0x54BC, 0x54BC, 0x54BC, 0x54BC, 0x54DC, 0x54BC, 0x54BC, 0x5D1E, 0x2A8F, 0x0021,
  0x0083, 0x0883, 0x0063, 0x08A4, 0x4C7A, 0x54DD, 0x549C, 0x54FD, 0x43D6, 0x10C4, 0x10E5, 0x10E5,
  0x10E5, 0x10E5, 0x08E5, 0x10E5, 0x1106, 0x08C4, 0x08A4, 0x00A4, 0x08A4, 0x0084, 0x1127, 0x1147,
  0x0084, 0x08A4, 0x08A5, 0x08A5, 0x08E7, 0x324C, 0x29EA, 0x29EB, 0x428C, 0x2A0D, 0x428D, 0x52ED,
  0x52ED, 0x42AD, 0x42AD, 0x3A8D, 0x21EC, 0x324C, 0x426C, 0x428C, 0x322B, 0x198A, 0x19AA, 0x21CA,
  0x2A0B, 0x3A4B, 0x322A, 0x21C9, 0x29C9, 0x29E9, 0x29C9, 0x3A2A, 0x3A2A, 0x21AA, 0x1969, 0x21A9,
  0x2188, 0x29A8, 0x21A8, 0x29C9, 0x320A, 0x320A, 0x29C9, 0x29CA, 0x3A6B, 0x426B, 0x320A, 0x29C9,
  0x31E9, 0x29C9, 0x29A8, 0x2188, 0x2A2D, 0x4AEF, 0x6BB2, 0x8431, 0x7C12, 0x6350, 0x42D1, 0x5B31,
  0x6371, 0x5332, 0x2A72, 0x5B96, 0xBDFD, 0xCE3D, 0xCE5D, 0xCE3D, 0x4AF1, 0x8477, 0xBDFD, 0xDEBE,
  0xEF5F, 0x9D19, 0x4AD2, 0xAD5A, 0xD69E, 0xD69D, 0xA53A, 0xAD7B, 0xAD5C, 0x9DFE, 0x2C5B, 0x0862,
  0x33D8, 0x0021, 0x0021, 0x0021, 0x0021, 0x0021, 0x0021, 0x0021, 0x0021, 0x0021, 0x0021, 0x0021,
  0x0022, 0x0000, 0x1106, 0x54DC, 0x54BC, 0x54BC, 0x54BC, 0x54BC, 0x54DC, 0x4C5A, 0x0883, 0x43D7,
  0x5CFD, 0x54BC, 0x54BC, 0x54BC, 0x54FE, 0x1969, 0x19CA, 0x5D1E, 0x549B, 0x54BC, 0x54BC, 0x54DC,
  0x549B, 0x08A4, 0x43F7, 0x5CFD, 0x54BC, 0x54BC, 0x54BC, 0x54BC, 0x54DD, 0x1148, 0x0000, 0x0022,
  0x0022, 0x0000, 0x32F1, 0x5D3E, 0x54BC, 0x54DC, 0x54DC, 0x54DC, 0x54DC, 0x10E7, 0x0000, 0x0021,
  0x0000, 0x2A6F, 0x5D1E, 0x54BC, 0x54BC, 0x54BC, 0x54BB, 0x5D1E, 0x32D1, 0x0000, 0x0022, 0x0021,
  0x0021, 0x0022, 0x0000, 0x1989, 0x5CFD, 0x54BC, 0x54DC, 0x54BC, 0x54BC, 0x54FD, 0x3B95, 0x0000,
  0x0022, 0x0021, 0x0021, 0x0021, 0x0021, 0x0022, 0x0000, 0x222D, 0x5D1E, 0x54BC, 0x54DC, 0x54DC,
  0x54DC, 0x54DC, 0x54BC, 0x4C7B, 0x549B, 0x549B, 0x549B, 0x549B, 0x4C9B, 0x54FD, 0x2A8F, 0x0000,
  0x0042, 0x0042, 0x0000, 0x21CB, 0x5D1E, 0x54BC, 0x54DC, 0x54BC, 0x54BC, 0x54BC, 0x54DC, 0x54DC,
  0x54DC, 0x54DC, 0x54BC, 0x54BC, 0x54DC, 0x54DC, 0x54BC, 0x54DC, 0x5D3E, 0x3312, 0x0042, 0x0063,
  0x0863, 0x0883, 0x0883, 0x0883, 0x4438, 0x54DD, 0x54BB, 0x551D, 0x3B53, 0x0883, 0x10E5, 0x10E5,
  0x10E5, 0x1105, 0x1105, 0x1906, 0x1926, 0x08C5, 0x08A5, 0x08C5, 0x0084, 0x1968, 0x63D1, 0x84D5,
  0x5371, 0x00A4, 0x0084, 0x0084, 0x08E7, 0x29EB, 0x19CB, 0x29EA, 0x21EB, 0x21EC, 0x428C, 0x4A8C,
  0x3A4C, 0x2A2C, 0x29EB, 0x19AB, 0x322B, 0x426B, 0x3A4B, 0x424B, 0x322B, 0x21CA, 0x1989, 0x320A,
  0x320A, 0x29C9, 0x21A8, 0x21A8, 0x21A8, 0x29E9, 0x320A, 0x3A2A, 0x426B, 0x3A2A, 0x3A2A, 0x426A,
  0x2188, 0x1968, 0x2188, 0x2188, 0x21A8, 0x29C8, 0x2188, 0x2168, 0x2188, 0x2188, 0x2187, 0x2187,
  0x2187, 0x2167, 0x2167, 0x19AB, 0x220F, 0x3A8F, 0x6391, 0x5B51, 0x6BB1, 0x5B31, 0x3292, 0x5333,
  0x3293, 0x3AF4, 0x4B54, 0x5354, 0xB59C, 0xCE5D, 0xC65D, 0xD69E, 0x5354, 0x7437, 0xB5DD, 0xD69E,
  0xEF3F, 0xAD7A, 0x3A91, 0x9CF9, 0xCE7E, 0xDEFE, 0x8CBB, 0x9D3C, 0xA51B, 0x7D7F, 0x2BF8, 0x0000,
  0x3C3A, 0x0063, 0x0001, 0x0021, 0x0021, 0x0021, 0x0021, 0x0021, 0x0021, 0x0021, 0x0021, 0x0021,
  0x0021, 0x0021, 0x0022, 0x4418, 0x54DD, 0x54BC, 0x54BC, 0x54BC, 0x54BC, 0x54BC, 0x21EC, 0x549B,
  0x54DC, 0x54BC, 0x54BC, 0x54BC, 0x549B, 0x0883, 0x08A4, 0x54BC, 0x54BC, 0x54BC, 0x54BC, 0x54BC,
  0x54DD, 0x2A8F, 0x4C5A, 0x54DC, 0x54DC, 0x54DC, 0x54BC, 0x54DD, 0x4419, 0x0042, 0x0021, 0x0021,
  0x0001, 0x0042, 0x4C59, 0x54FD, 0x54DC, 0x54DC, 0x54BC, 0x54BC, 0x54BB, 0x4395, 0x4395, 0x43B6,
  0x43B6, 0x4C39, 0x54DC, 0x54DC, 0x54DC, 0x54DC, 0x54BC, 0x54DD, 0x4418, 0x0021, 0x0021, 0x0021,
  0x0021, 0x0022, 0x0000, 0x198A, 0x5D1D, 0x54BC, 0x54BC, 0x54BC, 0x54BC, 0x54FD, 0x3B95, 0x0000,
  0x0022, 0x0021, 0x0021, 0x0021, 0x0021, 0x0022, 0x0000, 0x222D, 0x5D1E, 0x54BB, 0x54DC, 0x54BC,
  0x54BB, 0x5D1E, 0x3B12, 0x0062, 0x0884, 0x0884, 0x08A4, 0x08A4, 0x08A5, 0x08C5, 0x0042, 0x0021,
  0x0021, 0x0022, 0x0000, 0x21CB, 0x5D1E, 0x54BC, 0x54DC, 0x54DC, 0x54BC, 0x54DC, 0x54DC, 0x54BC,
  0x54DC, 0x54BC, 0x54BC, 0x54BC, 0x54DC, 0x54BC, 0x54BC, 0x4C7B, 0x2A6E, 0x0042, 0x0063, 0x0863,
  0x0863, 0x0863, 0x0883, 0x0883, 0x43D7, 0x54DD, 0x549B, 0x54FD, 0x32B0, 0x0883, 0x10E5, 0x10E5,
  0x10E5, 0x10E5, 0x1105, 0x1105, 0x1105, 0x08E5, 0x08E5, 0x1105, 0x08A4, 0x42EE, 0x84F6, 0x9D99,
  0x9DBA, 0x1127, 0x08C6, 0x1127, 0x08E6, 0x21A9, 0x21CA, 0x2A0B, 0x19AA, 0x21CA, 0x29EB, 0x29CA,
  0x21AA, 0x29EB, 0x320B, 0x21AA, 0x21AA, 0x29EA, 0x3A0A, 0x320A, 0x3209, 0x29EA, 0x2A0A, 0x29EA,
  0x1168, 0x2188, 0x29A8, 0x29C9, 0x29C9, 0x31E9, 0x3A4A, 0x3A4B, 0x3A2A, 0x424A, 0x3A2A, 0x424A,
  0x31E9, 0x320A, 0x29C9, 0x1106, 0x1126, 0x1926, 0x1947, 0x1126, 0x1126, 0x1105, 0x1106, 0x1127,
  0x1926, 0x1126, 0x1926, 0x21ED, 0x5331, 0x4ACF, 0x2A71, 0x5B73, 0x6393, 0x32B3, 0x42F4, 0x4314,
  0x3AD4, 0x6BF4, 0x8C95, 0x6372, 0x94DB, 0xCE5E, 0xCE7D, 0xE71F, 0x7456, 0x5B95, 0xAD9D, 0xCE7E,
  0xE71F, 0xBDFC, 0x5333, 0x9CF9, 0xC63D, 0xDEDE, 0x8CDB, 0xB59C, 0x94DB, 0x653F, 0x2375, 0x0000,
  0x3C9C, 0x08C5, 0x0000, 0x0021, 0x0021, 0x0021, 0x0021, 0x0021, 0x0021, 0x0021, 0x0021, 0x0021,
  0x0021, 0x0022, 0x0000, 0x32F2, 0x5D1E, 0x54BC, 0x54BC, 0x54BC, 0x54BC, 0x54BC, 0x43F8, 0x54DC,
  0x54BC, 0x54BC, 0x54BC, 0x54FD, 0x43B6, 0x0001, 0x0001, 0x43D6, 0x54FD, 0x54BC, 0x54BC, 0x54BC,
  0x54DC, 0x549A, 0x54BC, 0x54BC, 0x54BC, 0x54DC, 0x54BC, 0x5D1E, 0x32F2, 0x0000, 0x0022, 0x0022,
  0x0000, 0x1969, 0x54FD, 0x54BC, 0x54DC, 0x54BC, 0x54BC, 0x54BC, 0x54BC, 0x5D1D, 0x5D1E, 0x5D1D,
  0x5CFD, 0x54DD, 0x54BC, 0x54DC, 0x54DC, 0x54DC, 0x54DC, 0x54BC, 0x54DC, 0x1107, 0x0000, 0x0022,
  0x0021, 0x0022, 0x0000, 0x198A, 0x5D1D, 0x54BC, 0x54BC, 0x54BC, 0x54BC, 0x54FD, 0x3B95, 0x0000,
  0x0022, 0x0021, 0x0021, 0x0021, 0x0021, 0x0042, 0x0000, 0x222D, 0x5D1E, 0x54BB, 0x54DC, 0x54BC,
  0x54BB, 0x5D1E, 0x32D1, 0x0000, 0x0021, 0x0001, 0x0001, 0x0001, 0x0001, 0x0001, 0x0021, 0x0022,
  0x0021, 0x0042, 0x0000, 0x21CB, 0x5D1E, 0x54BC, 0x54DC, 0x54DC, 0x54DC, 0x54DC, 0x5CFD, 0x5D1E,
  0x54BC, 0x54BC, 0x54BC, 0x54BC, 0x54BC, 0x54DC, 0x549B, 0x10E6, 0x0001, 0x0063, 0x0063, 0x0063,
  0x0063, 0x0083, 0x0883, 0x0042, 0x43D7, 0x5D3F, 0x54BC, 0x551E, 0x2A2D, 0x0883, 0x10E5, 0x10E5,
  0x10E5, 0x10E5, 0x10E5, 0x08E5, 0x10E5, 0x10E5, 0x08E5, 0x08C4, 0x0927, 0x6496, 0x9DBA, 0xAE3C,
  0x9E1C, 0x2AAE, 0x08E7, 0x1148, 0x1128, 0x1988, 0x21A9, 0x29E9, 0x21CA, 0x1989, 0x1149, 0x1969,
  0x29C9, 0x29C9, 0x1989, 0x1969, 0x29A9, 0x29C9, 0x29A9, 0x29C8, 0x2189, 0x1989, 0x29C9, 0x1969,
  0x1968, 0x21A8, 0x29C9, 0x31E9, 0x3A2A, 0x3A2A, 0x3A2A, 0x320A, 0x3A0A, 0x424A, 0x3A2A, 0x3A0A,
  0x31E9, 0x2188, 0x2167, 0x08C5, 0x08C4, 0x10E5, 0x1126, 0x1106, 0x08C4, 0x1127, 0x21EE, 0x42F1,
  0x42AF, 0x428E, 0x1948, 0x1969, 0x322D, 0x2231, 0x42F3, 0x73D4, 0x8434, 0x8C95, 0x7415, 0x42F4,
  0x5B54, 0x7C34, 0x73F3, 0x4AF0, 0x7437, 0xB5FB, 0xCEBD, 0xEF7F, 0x9518, 0x4B34, 0xA57C, 0xCE5D,
  0xDEFE, 0xCE9D, 0x5354, 0x8C99, 0xD67D, 0xDEBE, 0x94FB, 0xAD7C, 0x9CFB, 0x551F, 0x22F2, 0x0000,
  0x345B, 0x1169, 0x0000, 0x0022, 0x0021, 0x0021, 0x0021, 0x0021, 0x0021, 0x0021, 0x0021, 0x0021,
  0x0021, 0x0022, 0x0000, 0x19AB, 0x54FE, 0x54BC, 0x54BC, 0x54BC, 0x54BC, 0x54DC, 0x54DC, 0x54BC,
  0x54BC, 0x54BC, 0x54BB, 0x5D1E, 0x2A6E, 0x0000, 0x0000, 0x2A8F, 0x5D1E, 0x549B, 0x54BC, 0x54BC,
  0x54BC, 0x54DC, 0x54DC, 0x54DC, 0x54BC, 0x54DC, 0x54BC, 0x54FE, 0x19AA, 0x0000, 0x0022, 0x0022,
  0x0000, 0x3312, 0x5D1E, 0x54BC, 0x54BC, 0x54BC, 0x54BC, 0x54BC, 0x54BC, 0x54BC, 0x54BC, 0x54BC,
  0x54BC, 0x54BC, 0x54BC, 0x54DC, 0x54DC, 0x54DC, 0x54DC, 0x54BC, 0x5D1E, 0x2A6E, 0x0000, 0x0022,
  0x0021, 0x0022, 0x0000, 0x19AA, 0x5D1D, 0x54BC, 0x54BC, 0x54BC, 0x54BB, 0x54FD, 0x3B95, 0x0000,
  0x0022, 0x0021, 0x0021, 0x0021, 0x0021, 0x0042, 0x0000, 0x222D, 0x5D1E, 0x54BB, 0x54DC, 0x54BC,
  0x54BC, 0x5D1E, 0x32F1, 0x0000, 0x0042, 0x0022, 0x0022, 0x0022, 0x0022, 0x0022, 0x0021, 0x0021,
  0x0021, 0x0042, 0x0000, 0x21EB, 0x5D1E, 0x54BC, 0x54DC, 0x54DC, 0x54DC, 0x54FD, 0x4C38, 0x3B74,
  0x54DC, 0x54BC, 0x54BC, 0x54DC, 0x54DC, 0x54BC, 0x54FD, 0x224E, 0x0021, 0x0863, 0x0063, 0x0063,
  0x0063, 0x0083, 0x0883, 0x0042, 0x220C, 0x4C18, 0x4418, 0x43F8, 0x1968, 0x08A3, 0x10E5, 0x10E5,
  0x10C5, 0x10C5, 0x10E5, 0x10E5, 0x10E5, 0x10E5, 0x10E5, 0x08A4, 0x0906, 0x4C55, 0x74D7, 0x8559,
  0x755A, 0x1A4D, 0x00C6, 0x0927, 0x1148, 0x1147, 0x2188, 0x1988, 0x1148, 0x0928, 0x1988, 0x21A9,
  0x2188, 0x1948, 0x1127, 0x1947, 0x1147, 0x1948, 0x2188, 0x1968, 0x1948, 0x2188, 0x1948, 0x1968,
  0x29C9, 0x29C9, 0x31E9, 0x31C9, 0x29C9, 0x3A0A, 0x320A, 0x3A2A, 0x3209, 0x3209, 0x3A09, 0x31E9,
  0x3A09, 0x2988, 0x1969, 0x1107, 0x2188, 0x2147, 0x08E5, 0x10E5, 0x220C, 0x4B32, 0x5B72, 0x5350,
  0x8454, 0x7413, 0x42AF, 0x2A50, 0x2A72, 0x2212, 0x5B73, 0x7C34, 0x8C95, 0x94B5, 0x7415, 0x7C34,
  0x73F4, 0x6394, 0x6BB3, 0x5352, 0x7C98, 0xBE1D, 0xDEFE, 0xE73F, 0x9D59, 0x4B13, 0xA55C, 0xC61D,
  0xE71E, 0xEF5F, 0x7438, 0x743A, 0x9D1C, 0xCE7D, 0x849B, 0x94BB, 0xAD5C, 0x555F, 0x1A4E, 0x0000,
  0x2BD8, 0x1A0D, 0x0000, 0x0022, 0x0021, 0x0021, 0x0021, 0x0021, 0x0021, 0x0021, 0x0021, 0x0021,
  0x0021, 0x0021, 0x0000, 0x08C5, 0x54BB, 0x54BC, 0x54BC, 0x54BC, 0x54BC, 0x54BC, 0x54BC, 0x54BC,
  0x54BC, 0x54BC, 0x54BC, 0x54DC, 0x1127, 0x0000, 0x0000, 0x1127, 0x54DC, 0x54BC, 0x54BC, 0x54BC,
  0x54BC, 0x54BC, 0x54DC, 0x54DC, 0x54BC, 0x54BC, 0x54DC, 0x4C9B, 0x08A4, 0x0001, 0x0022, 0x0001,
  0x0063, 0x4C5A, 0x54DD, 0x54BC, 0x54BC, 0x54BC, 0x54BC, 0x54DC, 0x54DC, 0x54BC, 0x54BC, 0x54BC,
  0x54BC, 0x54BC, 0x54DC, 0x54DC, 0x54DC, 0x54DC, 0x54DC, 0x54BC, 0x54FD, 0x43B6, 0x0001, 0x0021,
  0x0021, 0x0022, 0x0000, 0x19AA, 0x5D1D, 0x54BB, 0x54BC, 0x54BC, 0x54BB, 0x54FD, 0x3B95, 0x0000,
  0x0022, 0x0021, 0x0021, 0x0021, 0x0021, 0x0042, 0x0000, 0x222D, 0x5D1E, 0x54BC, 0x54DC, 0x54DC,
  0x54BC, 0x5D3E, 0x32F1, 0x0000, 0x0042, 0x0042, 0x0022, 0x0022, 0x0022, 0x0022, 0x0022, 0x0022,
  0x0022, 0x0022, 0x0000, 0x21EB, 0x5D1E, 0x54BC, 0x54DC, 0x54DC, 0x54BC, 0x5D3E, 0x32D0, 0x0000,
  0x43D7, 0x54FD, 0x54BC, 0x54DC, 0x54DC, 0x54BC, 0x54DC, 0x4C9B, 0x08C5, 0x0042, 0x0083, 0x0063,
  0x0083, 0x0083, 0x0883, 0x0883, 0x0063, 0x08A4, 0x08A4, 0x08A4, 0x08A3, 0x08A4, 0x08C4, 0x08C4,
  0x08C4, 0x08C5, 0x10C5, 0x10E5, 0x10E5, 0x08C5, 0x08C5, 0x08E5, 0x0883, 0x0907, 0x5CB9, 0x8DFD,
  0x4351, 0x0043, 0x0907, 0x1127, 0x1127, 0x1147, 0x1947, 0x1107, 0x1127, 0x1947, 0x1967, 0x1967,
  0x0907, 0x08E6, 0x08E6, 0x1106, 0x08E6, 0x1127, 0x1127, 0x1127, 0x1947, 0x1127, 0x1107, 0x2167,
  0x2188, 0x2188, 0x29A8, 0x29A8, 0x29A8, 0x31E9, 0x31E9, 0x31E9, 0x31E9, 0x29C9, 0x31C8, 0x31C8,
  0x21A9, 0x21CB, 0x4AAD, 0x4AAD, 0x428D, 0x21A8, 0x08E5, 0x1129, 0x326F, 0x6BF3, 0x7C13, 0x73F2,
  0x6B70, 0x7BF1, 0x8453, 0x4AF1, 0x2211, 0x42F3, 0x8454, 0x7C55, 0x8454, 0x94B5, 0x8454, 0x8454,
  0x8454, 0x8C74, 0x8454, 0x7C33, 0x6BD5, 0xB59C, 0xCE7D, 0xD6DE, 0xB5FB, 0x4312, 0x94FB, 0xBDFD,
  0xCE9E, 0xC65E, 0x7418, 0x8479, 0x94BC, 0x845C, 0x845B, 0x841A, 0xA57C, 0x4D3F, 0x118A, 0x0000,
  0x2B34, 0x22D2, 0x0000, 0x0022, 0x0021, 0x0021, 0x0021, 0x0021, 0x0021, 0x0021, 0x0021, 0x0021,
  0x0021, 0x0021, 0x0021, 0x0001, 0x43B6, 0x54FD, 0x54BC, 0x54BC, 0x54BC, 0x54BC, 0x54BC, 0x54BC,
  0x54BC, 0x54BC, 0x54DD, 0x4C18, 0x0042, 0x0021, 0x0001, 0x0042, 0x4418, 0x54DC, 0x54BC, 0x54BC,
  0x54BC, 0x54BC, 0x54DC, 0x54DC, 0x54BC, 0x54BC, 0x54FD, 0x3B95, 0x0000, 0x0022, 0x0022, 0x0000,
  0x1989, 0x54FD, 0x54BC, 0x54BC, 0x54DC, 0x54BC, 0x54BC, 0x54BC, 0x54DC, 0x54DC, 0x54DC, 0x54DC,
  0x54DC, 0x54DD, 0x54DD, 0x54BC, 0x54BC, 0x54DC, 0x54DC, 0x54DC, 0x54BC, 0x54BC, 0x08C5, 0x0000,
  0x0021, 0x0022, 0x0000, 0x19AA, 0x5D1D, 0x54BB, 0x54BC, 0x54BC, 0x54BB, 0x5CFD, 0x3B95, 0x0000,
  0x0022, 0x0021, 0x0021, 0x0021, 0x0021, 0x0042, 0x0000, 0x222D, 0x5D1E, 0x54BC, 0x54DC, 0x54DC,
  0x54BC, 0x5D3E, 0x32B0, 0x0000, 0x0000, 0x0000, 0x0000, 0x0000, 0x0000, 0x0000, 0x0000, 0x0000,
  0x0001, 0x0042, 0x0000, 0x21EB, 0x5D1E, 0x54BC, 0x54DC, 0x54DC, 0x54BC, 0x5D1E, 0x32D1, 0x0000,
  0x1989, 0x5CFD, 0x54BC, 0x54DC, 0x54BC, 0x54BC, 0x54BC, 0x54FE, 0x3313, 0x0021, 0x0083, 0x0063,
  0x0063, 0x0063, 0x0883, 0x0883, 0x0063, 0x0063, 0x0862, 0x0042, 0x0883, 0x08A4, 0x08A4, 0x08A4,
  0x08C4, 0x08C4, 0x08C4, 0x08C4, 0x08C4, 0x08C5, 0x08C4, 0x0883, 0x00A6, 0x2B14, 0x7DFF, 0x967F,
  0x6D3C, 0x012A, 0x00A5, 0x0906, 0x0907, 0x1127, 0x0907, 0x0907, 0x1947, 0x1126, 0x1106, 0x08E6,
  0x08E6, 0x1106, 0x1106, 0x1106, 0x1106, 0x1106, 0x1126, 0x1126, 0x08E6, 0x08E6, 0x1106, 0x1926,
  0x1946, 0x2167, 0x29A8, 0x29A8, 0x29A8, 0x29C8, 0x29A8, 0x29A8, 0x29A8, 0x29A8, 0x29A7, 0x198A,
  0x324E, 0x322C, 0x3A4B, 0x52CC, 0x4AAD, 0x3A4C, 0x21EC, 0x4B32, 0x42B0, 0x6BB2, 0x8C94, 0x8C93,
  0x73D1, 0x63B2, 0x73F3, 0x4B12, 0x5354, 0x8CB6, 0x7434, 0x6BF4, 0x94D5, 0x9CD4, 0x94B4, 0x9494,
  0x94B4, 0xA4F5, 0xA4F5, 0x8474, 0x5B74, 0x9D1B, 0xBDFD, 0xCE9E, 0xC65D, 0x4B34, 0x847A, 0x9D1C,
  0xC65E, 0x8CDC, 0x6399, 0x8C9A, 0x94BC, 0xA53D, 0x8C9B, 0x843A, 0xB5DD, 0x44FE, 0x08E6, 0x0000,
  0x1A6F, 0x2B97, 0x0000, 0x0022, 0x0021, 0x0021, 0x0021, 0x0021, 0x0021, 0x0021, 0x0021, 0x0021,
  0x0021, 0x0021, 0x0022, 0x0000, 0x2A8F, 0x54FE, 0x549B, 0x54BC, 0x54BC, 0x54BC, 0x54BC, 0x54BC,
  0x54BC, 0x549B, 0x5CFE, 0x32F2, 0x0000, 0x0022, 0x0022, 0x0000, 0x32F1, 0x54FD, 0x54BB, 0x54BC,
  0x54BC, 0x54BC, 0x54DC, 0x54BC, 0x54BC, 0x54BC, 0x5D1E, 0x224E, 0x0000, 0x0022, 0x0022, 0x0000,
  0x3332, 0x5D1E, 0x54BC, 0x54BC, 0x54BC, 0x54DC, 0x54DC, 0x54DD, 0x54BC, 0x54BC, 0x4C9B, 0x4C9B,
  0x4C7A, 0x4C7A, 0x4C7A, 0x54BC, 0x54BC, 0x54DC, 0x54DC, 0x54BC, 0x54BB, 0x551E, 0x220D, 0x0000,
  0x0022, 0x0022, 0x0000, 0x19AA, 0x5D1D, 0x54BB, 0x54BC, 0x54BC, 0x549B, 0x54FD, 0x3B95, 0x0000,
  0x0022, 0x0021, 0x0021, 0x0021, 0x0021, 0x0042, 0x0000, 0x222D, 0x5D1E, 0x54BC, 0x54DC, 0x54DC,
  0x54BC, 0x5CFD, 0x43D7, 0x222D, 0x220D, 0x21EC, 0x21CB, 0x19AA, 0x1989, 0x1969, 0x1148, 0x1127,
  0x0083, 0x0022, 0x0000, 0x21EB, 0x5D1E, 0x54BC, 0x54DC, 0x54DC, 0x54BC, 0x5D1E, 0x32B0, 0x0000,
  0x0021, 0x43B6, 0x5D1D, 0x54BC, 0x54DC, 0x54DC, 0x54BC, 0x54BC, 0x54DD, 0x1169, 0x0042, 0x0883,
  0x0063, 0x0083, 0x0083, 0x0063, 0x224D, 0x3B95, 0x3B95, 0x32B0, 0x08C5, 0x0083, 0x08A4, 0x08A4,
  0x08A4, 0x08A4, 0x08A4, 0x08A4, 0x08A4, 0x08A4, 0x00A5, 0x11F0, 0x3C3B, 0x6D9F, 0x759E, 0x75BE,
  0x75DF, 0x54DD, 0x1A94, 0x00E8, 0x08C5, 0x1106, 0x0906, 0x1947, 0x1126, 0x08E6, 0x0906, 0x08E6,
  0x1106, 0x1126, 0x1126, 0x1106, 0x10E5, 0x08E5, 0x08E5, 0x08C5, 0x08C5, 0x1106, 0x1106, 0x1926,
  0x1926, 0x1947, 0x2167, 0x2167, 0x2187, 0x2166, 0x1947, 0x1947, 0x2167, 0x2987, 0x2188, 0x21EC,
  0x42AD, 0x322C, 0x320B, 0x3A2B, 0x426B, 0x426B, 0x324C, 0x5B72, 0x7413, 0x73D2, 0x6392, 0x7C13,
  0x73F3, 0x5332, 0x3A92, 0x3292, 0x4AF3, 0x7C34, 0x6BD4, 0x8475, 0x9CD5, 0x9CD4, 0x9CF5, 0xA515,
  0x7C35, 0x7C14, 0x4B13, 0x5B74, 0x42F2, 0x8479, 0xBDFD, 0xB5FD, 0xA59C, 0x7418, 0xA55C, 0xB59D,
  0xC63E, 0xBDFD, 0x845B, 0x847C, 0x741B, 0x9CFC, 0xAD5C, 0xA4DA, 0x8D1C, 0x3C9C, 0x0062, 0x0000,
  0x118A, 0x343A, 0x0021, 0x0021, 0x0021, 0x0021, 0x0021, 0x0021, 0x0021, 0x0021, 0x0021, 0x0021,
  0x0021, 0x0021, 0x0022, 0x0000, 0x1968, 0x54DD, 0x54BC, 0x54BC, 0x54BC, 0x54BC, 0x54BC, 0x54BC,
  0x54BC, 0x54BC, 0x54FD, 0x19AA, 0x0000, 0x0022, 0x0022, 0x0000, 0x19AA, 0x54FD, 0x54BC, 0x54BC,
  0x54BC, 0x54DC, 0x54DC, 0x54BC, 0x54BC, 0x54BC, 0x54DC, 0x1107, 0x0000, 0x0022, 0x0001, 0x0863,
  0x4C7A, 0x54DD, 0x54BC, 0x54BC, 0x54BC, 0x54BC, 0x54BC, 0x19AA, 0x08C5, 0x08C5, 0x08A4, 0x0884,
  0x0883, 0x0883, 0x0042, 0x3B74, 0x54FD, 0x54BC, 0x54BC, 0x54BC, 0x54BC, 0x54FD, 0x3B75, 0x0000,
  0x0022, 0x0022, 0x0000, 0x19AA, 0x5D1D, 0x54BC, 0x54BC, 0x54BC, 0x54BC, 0x54FD, 0x3B95, 0x0000,
  0x0022, 0x0021, 0x0021, 0x0021, 0x0021, 0x0042, 0x0000, 0x2A4E, 0x5D3E, 0x54BC, 0x54DC, 0x54DC,
  0x54DC, 0x54BC, 0x54DD, 0x5D1E, 0x5D1D, 0x5D1E, 0x5D1D, 0x5D1D, 0x5CFD, 0x54FD, 0x54DD, 0x5D1E,
  0x3B95, 0x0021, 0x0000, 0x21EB, 0x5D3E, 0x54DC, 0x54DC, 0x54DC, 0x54BC, 0x5D1E, 0x32B0, 0x0000,
  0x0021, 0x1969, 0x54FD, 0x54BC, 0x54BC, 0x54BC, 0x54DC, 0x54BC, 0x5CFD, 0x43B6, 0x0042, 0x0063,
  0x0063, 0x0083, 0x0063, 0x3312, 0x5D1E, 0x54FD, 0x54FD, 0x5D3E, 0x4C18, 0x08E5, 0x0883, 0x08A4,
  0x08A4, 0x08A4, 0x08A4, 0x08A4, 0x00A4, 0x08A4, 0x2B36, 0x4D1F, 0x6D9E, 0x7DDE, 0x8E1E, 0x7DDE,
  0x7DBE, 0x7DDE, 0x6D9F, 0x447C, 0x198A, 0x08E5, 0x1126, 0x1106, 0x08C5, 0x1105, 0x1106, 0x1106,
  0x1105, 0x08E5, 0x08E5, 0x08C5, 0x1107, 0x1969, 0x2A2C, 0x21CA, 0x08E6, 0x10E5, 0x10E5, 0x10E5,
  0x1926, 0x1926, 0x1126, 0x1926, 0x1947, 0x198A, 0x3A8E, 0x426C, 0x2167, 0x2147, 0x1969, 0x21CB,
  0x29EB, 0x3A2B, 0x4A6B, 0x426B, 0x322B, 0x322D, 0x2A0C, 0x222F, 0x42F2, 0x4AF2, 0x5B73, 0x94D4,
  0x7C14, 0x4AF2, 0x73F3, 0x73F4, 0x7414, 0x7C14, 0x7C14, 0x8C74, 0x94B4, 0x9CF5, 0xA515, 0x8C95,
  0x63B5, 0x3AB4, 0x4B14, 0x73F5, 0x3271, 0x73F7, 0xBDFD, 0xCE7E, 0xDEFE, 0x6C15, 0x7419, 0x7C3C,
  0x7C1C, 0x8C7C, 0x94BB, 0x7C3A, 0x8C9A, 0xBDDC, 0xC61D, 0xB55B, 0x751D, 0x2BD8, 0x0000, 0x0000,
  0x08A4, 0x345B, 0x08A5, 0x0000, 0x0022, 0x0021, 0x0021, 0x0021, 0x0021, 0x0021, 0x0021, 0x0021,
  0x0021, 0x0021, 0x0021, 0x0001, 0x0863, 0x4C5A, 0x54DC, 0x54BC, 0x54DC, 0x54BC, 0x54BC, 0x54BC,
  0x54BC, 0x54DC, 0x549B, 0x08A4, 0x0001, 0x0021, 0x0021, 0x0001, 0x0883, 0x4C7A, 0x54DC, 0x54BC,
  0x54BC, 0x54BC, 0x54BC, 0x54BC, 0x54BC, 0x54FD, 0x4C38, 0x0022, 0x0021, 0x0022, 0x0000, 0x21CB,
  0x5D1E, 0x54BC, 0x54DC, 0x54DC, 0x54BC, 0x54FD, 0x43D7, 0x0000, 0x0000, 0x0001, 0x0001, 0x0001,
  0x0001, 0x0021, 0x0000, 0x220C, 0x5D1E, 0x54BC, 0x54BC, 0x54BC, 0x54BC, 0x54DC, 0x4C7A, 0x0884,
  0x0001, 0x0042, 0x0000, 0x19AA, 0x5D1D, 0x54BC, 0x54BC, 0x54BC, 0x54BC, 0x5CFD, 0x3B95, 0x0000,
  0x0022, 0x0021, 0x0021, 0x0021, 0x0022, 0x0042, 0x0000, 0x2A4E, 0x5D1E, 0x54BC, 0x54DC, 0x54DC,
  0x54DC, 0x54DC, 0x54BC, 0x54BB, 0x54BB, 0x54BC, 0x54BC, 0x54BC, 0x54BC, 0x54BC, 0x54BC, 0x54DD,
  0x43F8, 0x0042, 0x0000, 0x21EB, 0x5D3E, 0x54DC, 0x54DC, 0x54DC, 0x54BC, 0x5D1E, 0x32B0, 0x0000,
  0x0063, 0x0001, 0x4395, 0x5CFD, 0x54BC, 0x54BC, 0x54DC, 0x54DC, 0x54BC, 0x5CFE, 0x220C, 0x0021,
  0x0884, 0x0041, 0x19AA, 0x5D1E, 0x549C, 0x54BC, 0x54BC, 0x549B, 0x5D3E, 0x3312, 0x0883, 0x08E5,
  0x00A4, 0x0083, 0x0084, 0x00A4, 0x0063, 0x0929, 0x5D3E, 0x655E, 0x759E, 0x85FE, 0x8E3E, 0x965E,
  0x75BE, 0x75BE, 0x7DBE, 0x863F, 0x3B33, 0x0084, 0x08E6, 0x00C5, 0x00C5, 0x10E5, 0x10E5, 0x08C5,
  0x08E6, 0x00A5, 0x00A4, 0x0907, 0x2A2D, 0x3A6D, 0x4ACD, 0x4ACF, 0x3A6D, 0x2168, 0x00A4, 0x08C5,
  0x1105, 0x1105, 0x1105, 0x10E5, 0x19AA, 0x42AF, 0x52EE, 0x5B2E, 0x52ED, 0x29EA, 0x19AB, 0x21AA,
  0x3A4B, 0x426B, 0x426C, 0x4A8D, 0x220E, 0x4B32, 0x5B51, 0x3292, 0x5B73, 0x8C73, 0x94B3, 0x9493,
  0x5B54, 0x73D4, 0x8453, 0x9494, 0x8454, 0x73D4, 0x6BB3, 0x8434, 0x9CD4, 0xA4F4, 0x94B5, 0x94D5,
  0x6BD4, 0x3294, 0x5335, 0x5355, 0x3AB2, 0x5B75, 0xAD9D, 0xC63E, 0xDEFE, 0x6C18, 0x4AF9, 0x73DB,
  0x73BB, 0x94DC, 0x9D1C, 0xA51B, 0xA51A, 0xD6BE, 0xC63D, 0xAD3A, 0x6D7F, 0x1AF3, 0x0000, 0x0000,
  0x0000, 0x343A, 0x118A, 0x0000, 0x0022, 0x0021, 0x0021, 0x0021, 0x0021, 0x0021, 0x0021, 0x0021,
  0x0021, 0x0021, 0x0021, 0x0022, 0x0000, 0x3B74, 0x5CFD, 0x54BC, 0x54BC, 0x54BC, 0x54BC, 0x54BC,
  0x54BC, 0x54FD, 0x43B6, 0x0000, 0x0021, 0x0021, 0x0021, 0x0022, 0x0000, 0x3B74, 0x54FD, 0x54BC,
  0x54BC, 0x54BC, 0x54BC, 0x54BC, 0x54BC, 0x5D1E, 0x3312, 0x0000, 0x0022, 0x0022, 0x0000, 0x3B74,
  0x551E, 0x54BC, 0x54DC, 0x54BC, 0x54BC, 0x5D1E, 0x2A8F, 0x0000, 0x0042, 0x0022, 0x0022, 0x0022,
  0x0022, 0x0022, 0x0000, 0x10E6, 0x54DC, 0x54DC, 0x54BC, 0x54BC, 0x54BC, 0x54BC, 0x54FD, 0x19AA,
  0x0000, 0x0042, 0x0000, 0x19AA, 0x54FD, 0x54BC, 0x54BC, 0x54BC, 0x54BC, 0x54FD, 0x3B75, 0x0000,
  0x0022, 0x0021, 0x0021, 0x0021, 0x0021, 0x0042, 0x0000, 0x2A4E, 0x5D1E, 0x54BC, 0x54DC, 0x54DC,
  0x54DC, 0x54DC, 0x54BC, 0x54BC, 0x54BC, 0x54BC, 0x54BC, 0x54BC, 0x54BC, 0x54BC, 0x54BC, 0x54FD,
  0x43D7, 0x0042, 0x0000, 0x21EB, 0x5D3E, 0x54DC, 0x54DC, 0x54DC, 0x54BC, 0x5D1E, 0x2AB0, 0x0000,
  0x0063, 0x0001, 0x1168, 0x54FD, 0x54BC, 0x54DC, 0x54DC, 0x54DC, 0x54BC, 0x54DD, 0x4C39, 0x08C4,
  0x0883, 0x0042, 0x32F1, 0x54FD, 0x54BB, 0x54DC, 0x54BC, 0x54BC, 0x54DD, 0x43F8, 0x10E5, 0x1106,
  0x08C5, 0x00A4, 0x08C5, 0x08C5, 0x0062, 0x120E, 0x75DF, 0x7DDE, 0x861E, 0x85FE, 0x861E, 0x8E3E,
  0x861E, 0x75BE, 0x8E1E, 0xA6BF, 0x5459, 0x0085, 0x08C5, 0x00A5, 0x08C5, 0x08C5, 0x08C5, 0x198A,
  0x3A6D, 0x21EC, 0x08C5, 0x1149, 0x29EB, 0x2A0B, 0x3A6D, 0x3A8C, 0x4ACE, 0x29A8, 0x0083, 0x08A5,
  0x1106, 0x1106, 0x10E4, 0x1107, 0x322C, 0x4ACE, 0x5B0E, 0x428D, 0x4AAC, 0x3A6C, 0x52CC, 0x322B,
  0x324D, 0x322C, 0x21EC, 0x3290, 0x5B72, 0x5351, 0x73F2, 0x5B72, 0x8453, 0x94B3, 0x9CD4, 0x7C13,
  0x5313, 0x73D3, 0x9CD4, 0x6BD4, 0x3AB3, 0x5B73, 0x6393, 0x8474, 0x7C34, 0x73F3, 0x6BD4, 0x63B4,
  0x5354, 0x63B5, 0x5B95, 0x63B5, 0x4B13, 0x63B6, 0xAD9D, 0xD69E, 0x9D3C, 0x2A19, 0x4299, 0x5339,
  0x847C, 0xCE9E, 0x9D1C, 0x9D1B, 0xBDBD, 0xE71F, 0xCE5D, 0x9498, 0x4D3F, 0x1A4E, 0x0000, 0x0020,
  0x0000, 0x2B96, 0x2290, 0x0000, 0x0022, 0x0021, 0x0021, 0x0021, 0x0021, 0x0021, 0x0021, 0x0021,
  0x0021, 0x0021, 0x0021, 0x0022, 0x0000, 0x222D, 0x5D1E, 0x54BB, 0x54BC, 0x54BC, 0x54BC, 0x54BC,
  0x549B, 0x5D1E, 0x2A4E, 0x0000, 0x0022, 0x0021, 0x0021, 0x0022, 0x0000, 0x220C, 0x551E, 0x54BC,
  0x54BC, 0x54BC, 0x54BC, 0x54BC, 0x549B, 0x5CFD, 0x19AA, 0x0000, 0x0042, 0x0001, 0x0883, 0x4C7A,
  0x54BC, 0x54BC, 0x54BC, 0x54BC, 0x549B, 0x54DC, 0x1127, 0x0000, 0x0022, 0x0021, 0x0021, 0x0021,
  0x0021, 0x0021, 0x0021, 0x0021, 0x4418, 0x54DD, 0x54BC, 0x54BC, 0x54BC, 0x54BC, 0x54FE, 0x3313,
  0x0000, 0x0042, 0x0000, 0x19CB, 0x54FE, 0x549B, 0x54BC, 0x54BC, 0x54BB, 0x54FD, 0x3B95, 0x0000,
  0x0022, 0x0022, 0x0021, 0x0022, 0x0021, 0x0042, 0x0000, 0x2A6E, 0x5D1E, 0x54BB, 0x54BC, 0x54BC,
  0x54BC, 0x54BC, 0x54BC, 0x54BC, 0x54BC, 0x54BC, 0x54BC, 0x54BC, 0x54BC, 0x54BC, 0x549B, 0x5CDC,
  0x4BF7, 0x0042, 0x0000, 0x21EC, 0x5D1E, 0x54BC, 0x54DC, 0x54DC, 0x54BC, 0x5D1E, 0x2A8F, 0x0000,
  0x0062, 0x0062, 0x0001, 0x3B74, 0x5D1E, 0x54BC, 0x54DC, 0x54DC, 0x54BC, 0x549C, 0x5D1E, 0x32D1,
  0x0042, 0x0863, 0x3B33, 0x54FD, 0x54BC, 0x54DC, 0x54BC, 0x54BC, 0x54DD, 0x4418, 0x1126, 0x1926,
  0x1106, 0x08E6, 0x1106, 0x1106, 0x0084, 0x2B35, 0x8E5F, 0xA67E, 0x8E1E, 0x8E1E, 0x85FE, 0x8E1E,
  0x861E, 0x85FE, 0x965E, 0xB6FF, 0x64FC, 0x00C6, 0x0084, 0x0084, 0x00C5, 0x00A4, 0x1148, 0x3A8D,
  0x4ACE, 0x3A8E, 0x21CC, 0x21CB, 0x2A0B, 0x3A8E, 0x52CD, 0x52ED, 0x3A4B, 0x21A9, 0x0884, 0x1968,
  0x52CE, 0x3A4C, 0x1148, 0x21AB, 0x3A6D, 0x4ACE, 0x632E, 0x5B0D, 0x5AED, 0x52CD, 0x3A6D, 0x2A2F,
  0x2A4F, 0x2A0D, 0x11AD, 0x5B72, 0x6BB1, 0x4B11, 0x73D2, 0x5B73, 0x8433, 0x94B3, 0x9493, 0x5332,
  0x6373, 0x8C74, 0x94B5, 0x5B74, 0x6393, 0x7C13, 0x8433, 0x5332, 0x42F2, 0x6BD3, 0x8454, 0x8C74,
  0x8454, 0x7C35, 0x6BD5, 0x6BD5, 0x5B73, 0x5334, 0x9D3C, 0xC63E, 0x42DA, 0x19B9, 0x5B58, 0x73FA,
  0xAD9D, 0xDEFF, 0xD6BE, 0xA53A, 0xC5FD, 0xE71F, 0xD67D, 0x8CD9, 0x3CFF, 0x1169, 0x0000, 0x0020,
  0x0000, 0x226F, 0x2B97, 0x0000, 0x0022, 0x0021, 0x0021, 0x0021, 0x0021, 0x0021, 0x0021, 0x0021,
  0x0021, 0x0021, 0x0021, 0x0022, 0x0000, 0x1106, 0x54BC, 0x54BC, 0x54BC, 0x54BC, 0x54BC, 0x549C,
  0x549B, 0x54DC, 0x1127, 0x0000, 0x0022, 0x0021, 0x0021, 0x0021, 0x0000, 0x08C5, 0x54BC, 0x54BC,
  0x54BC, 0x54BC, 0x54BC, 0x54BC, 0x54DD, 0x4C9B, 0x0884, 0x0001, 0x0042, 0x0000, 0x220C, 0x5D5F,
  0x5CFD, 0x5D1E, 0x5D1E, 0x54FE, 0x5D3F, 0x4C39, 0x0022, 0x0021, 0x0022, 0x0021, 0x0021, 0x0021,
  0x0021, 0x0021, 0x0022, 0x0000, 0x2AB0, 0x5D3F, 0x54DD, 0x5CFD, 0x54FD, 0x54BC, 0x54DD, 0x3B96,
  0x0001, 0x0042, 0x0000, 0x1128, 0x54BC, 0x54BC, 0x54DD, 0x54DD, 0x4CBC, 0x54FE, 0x3312, 0x0000,
  0x0022, 0x0022, 0x0022, 0x0022, 0x0021, 0x0042, 0x0000, 0x222D, 0x5D7F, 0x54FE, 0x5D1E, 0x5D1E,
  0x5D1E, 0x5D1E, 0x5D1E, 0x5D1E, 0x5D1E, 0x5D1E, 0x5D1E, 0x5D1E, 0x5CFE, 0x5CFE, 0x54FD, 0x5D3F,
  0x43D7, 0x0022, 0x0001, 0x222D, 0x5D3F, 0x54BC, 0x54DD, 0x54DC, 0x54DC, 0x5D3E, 0x2AB0, 0x0000,
  0x0063, 0x0062, 0x0021, 0x1127, 0x54DD, 0x54BC, 0x549B, 0x54BC, 0x54BC, 0x54BC, 0x54BC, 0x549B,
  0x1148, 0x0021, 0x2AB0, 0x5D1E, 0x549B, 0x54BC, 0x54BC, 0x54BC, 0x5CFD, 0x43D6, 0x10E5, 0x10E6,
  0x08E5, 0x10E5, 0x1106, 0x1926, 0x0907, 0x3C1B, 0x965F, 0xAEBF, 0x7DDE, 0x85FE, 0x75BE, 0x85FE,
  0x85FE, 0x8E1F, 0xA69F, 0xAEBF, 0x6D7E, 0x0949, 0x0042, 0x08E6, 0x00C5, 0x08C6, 0x198A, 0x21CA,
  0x428C, 0x4ACD, 0x29EB, 0x116A, 0x29EB, 0x4ACD, 0x5AED, 0x52EE, 0x530E, 0x29EA, 0x2189, 0x428D,
  0x52EE, 0x5B2F, 0x4ACF, 0x42AE, 0x4ACE, 0x5B0D, 0x630D, 0x634D, 0x6B6E, 0x42AF, 0x3292, 0x6BB2,
  0x6392, 0x42D0, 0x3A90, 0x42F2, 0x3292, 0x3292, 0x5332, 0x5B52, 0x6BB2, 0x8C52, 0x6B92, 0x6393,
  0x73D3, 0x7C13, 0x8474, 0x6393, 0x7C13, 0x9493, 0x6392, 0x3AB2, 0x5B73, 0x8C94, 0xA4F4, 0x9CD4,
  0x9CB4, 0x8C95, 0x73F5, 0x7C34, 0x73F3, 0x5B33, 0x849A, 0x84BC, 0x329A, 0x745A, 0x7457, 0x94FA,
  0xB5DD, 0xE71F, 0xE73E, 0x9D19, 0xD67D, 0xADBD, 0xAD3B, 0x6C7A, 0x349D, 0x0883, 0x0000, 0x0000,
  0x0000, 0x1168, 0x3C5B, 0x0021, 0x0021, 0x0021, 0x0021, 0x0021, 0x0021, 0x0021, 0x0021, 0x0021,
  0x0021, 0x0021, 0x0021, 0x0021, 0x0021, 0x0021, 0x4419, 0x54FE, 0x54DC, 0x54DD, 0x54DD, 0x54DD,
  0x5D3E, 0x4C7A, 0x0042, 0x0001, 0x0021, 0x0021, 0x0021, 0x0021, 0x0021, 0x0001, 0x43D6, 0x5D1E,
  0x54DD, 0x54DD, 0x54DC, 0x549B, 0x54BC, 0x32F2, 0x0000, 0x0022, 0x0022, 0x0000, 0x1989, 0x3B74,
  0x3333, 0x3B33, 0x3312, 0x32F1, 0x32F1, 0x1969, 0x0000, 0x0022, 0x0021, 0x0021, 0x0021, 0x0021,
  0x0021, 0x0021, 0x0021, 0x0021, 0x0063, 0x1168, 0x1948, 0x1948, 0x1147, 0x1106, 0x08E6, 0x0863,
  0x0021, 0x0022, 0x0021, 0x0001, 0x08C5, 0x1127, 0x1127, 0x1127, 0x1107, 0x08E6, 0x0043, 0x0021,
  0x0022, 0x0022, 0x0022, 0x0022, 0x0022, 0x0022, 0x0021, 0x0063, 0x21EB, 0x220C, 0x222D, 0x224E,
  0x2A4E, 0x2A8F, 0x2AB0, 0x2AB0, 0x32D1, 0x32F1, 0x32F2, 0x3312, 0x3312, 0x3333, 0x3333, 0x3B74,
  0x19AA, 0x0001, 0x0022, 0x1127, 0x4C39, 0x4C5A, 0x4C7B, 0x54BC, 0x54BC, 0x54DC, 0x21EC, 0x0001,
  0x0063, 0x0042, 0x0063, 0x0001, 0x3333, 0x5D3F, 0x54FD, 0x54FE, 0x5D1E, 0x551E, 0x54DD, 0x5D3F,
  0x32F1, 0x0862, 0x1947, 0x547A, 0x54FE, 0x4CBC, 0x54BC, 0x5CFC, 0x653E, 0x220C, 0x08C4, 0x10E5,
  0x10E5, 0x10E5, 0x10E5, 0x08C4, 0x010A, 0x449E, 0x8E3F, 0xBEFF, 0x963E, 0x7DDE, 0x759E, 0x7DDE,
  0x85FE, 0x965F, 0xC71F, 0xAE9E, 0x863F, 0x2291, 0x00A6, 0x21EB, 0x29EA, 0x08A5, 0x0907, 0x2A2C,
  0x4AAD, 0x4ACD, 0x3AAE, 0x3A8E, 0x324D, 0x3A8D, 0x5B2E, 0x530F, 0x530E, 0x5B0E, 0x4AAE, 0x324E,
  0x42AD, 0x5B0D, 0x4ACD, 0x428E, 0x4ACE, 0x52ED, 0x5B0D, 0x52ED, 0x3AB0, 0x2251, 0x3AB1, 0x73F2,
  0x6B91, 0x6371, 0x7BF2, 0x5352, 0x5332, 0x6393, 0x6BB2, 0x6372, 0x8C52, 0x73D2, 0x73D2, 0x7C13,
  0x8413, 0x8C53, 0x9493, 0x8C73, 0x9493, 0x9494, 0x4B12, 0x5B52, 0x73F4, 0x7C34, 0x94B4, 0x94B4,
  0xA4F4, 0x9CD5, 0x9495, 0x73F5, 0x8C74, 0x4AF2, 0x8479, 0x849C, 0xADDE, 0xADDB, 0x5BB5, 0xAD7B,
  0xC61D, 0xC63E, 0xB5BD, 0x8C9A, 0xB5DC, 0xB5DD, 0x9CFB, 0x547C, 0x3419, 0x0000, 0x0000, 0x0000,
  0x0000, 0x0062, 0x3C7C, 0x08E6, 0x0000, 0x0022, 0x0021, 0x0021, 0x0021, 0x0021, 0x0021, 0x0021,
  0x0021, 0x0021, 0x0021, 0x0021, 0x0022, 0x0000, 0x2A4E, 0x4C5A, 0x4C18, 0x4C18, 0x43D7, 0x3B96,
  0x3B95, 0x19CB, 0x0000, 0x0022, 0x0021, 0x0021, 0x0021, 0x0021, 0x0021, 0x0001, 0x08A4, 0x1969,
  0x1148, 0x1127, 0x10E6, 0x08C5, 0x0884, 0x0021, 0x0021, 0x0022, 0x0021, 0x0022, 0x0000, 0x0000,
  0x0000, 0x0000, 0x0000, 0x0000, 0x0000, 0x0000, 0x0021, 0x0021, 0x0021, 0x0021, 0x0021, 0x0021,
  0x0021, 0x0021, 0x0021, 0x0021, 0x0021, 0x0000, 0x0000, 0x0000, 0x0000, 0x0000, 0x0000, 0x0001,
  0x0022, 0x0021, 0x0021, 0x0022, 0x0001, 0x0000, 0x0000, 0x0000, 0x0000, 0x0000, 0x0021, 0x0022,
  0x0021, 0x0021, 0x0022, 0x0021, 0x0021, 0x0021, 0x0022, 0x0021, 0x0000, 0x0000, 0x0000, 0x0000,
  0x0000, 0x0000, 0x0000, 0x0000, 0x0000, 0x0000, 0x0000, 0x0000, 0x0000, 0x0000, 0x0000, 0x0000,
  0x0001, 0x0022, 0x0042, 0x0021, 0x0042, 0x0083, 0x0884, 0x08C5, 0x08C5, 0x08A5, 0x0042, 0x0042,
  0x0042, 0x0042, 0x0042, 0x0042, 0x08A4, 0x220C, 0x222D, 0x222D, 0x2A2D, 0x222D, 0x220C, 0x21EC,
  0x1106, 0x08A4, 0x0883, 0x1989, 0x4C18, 0x4CBC, 0x54BC, 0x549B, 0x2A4E, 0x0883, 0x08E5, 0x08C5,
  0x08E5, 0x08C5, 0x08C5, 0x0083, 0x1231, 0x6D9F, 0x9E5E, 0xDF9F, 0xBEFF, 0x861F, 0x7DFE, 0x861E,
  0x965F, 0xAEBF, 0xDF7F, 0xBEFF, 0x967F, 0x4C59, 0x094A, 0x19AA, 0x21AA, 0x1969, 0x118A, 0x324D,
  0x52ED, 0x4ACD, 0x52ED, 0x5AED, 0x4AAD, 0x428D, 0x5B2E, 0x52ED, 0x52ED, 0x4AAC, 0x324C, 0x3A6C,
  0x52CD, 0x52ED, 0x5AED, 0x4AAD, 0x322D, 0x29EB, 0x4A8B, 0x324E, 0x42D1, 0x3290, 0x6370, 0x7BF1,
  0x73D1, 0x7C11, 0x8432, 0x8C52, 0x8453, 0x8433, 0x73D3, 0x73D3, 0x8C72, 0x8432, 0x73D3, 0x8C53,
  0x9493, 0x9CB3, 0x7C11, 0x8412, 0x9473, 0x5333, 0x4B12, 0x73D2, 0x8C53, 0x8453, 0x9493, 0x94B4,
  0x9CD4, 0x94B5, 0x73F5, 0x2218, 0x73D5, 0x73D1, 0x7C38, 0xAD7C, 0xD6BF, 0xB5FB, 0x5374, 0x849A,
  0x5B7B, 0x5B3B, 0x843C, 0x9CDC, 0xA51C, 0xB5BD, 0xBDDC, 0x5D5F, 0x2B13, 0x0000, 0x0000, 0x0000,
  0x0000, 0x0000, 0x33F8, 0x1A0D, 0x0000, 0x0022, 0x0021, 0x0021, 0x0021, 0x0021, 0x0021, 0x0021,
  0x0021, 0x0021, 0x0021, 0x0021, 0x0021, 0x0021, 0x0001, 0x0042, 0x0042, 0x0022, 0x0021, 0x0001,
  0x0000, 0x0000, 0x0021, 0x0021, 0x0021, 0x0021, 0x0021, 0x0021, 0x0021, 0x0021, 0x0001, 0x0000,
  0x0000, 0x0000, 0x0000, 0x0001, 0x0001, 0x0021, 0x0021, 0x0021, 0x0021, 0x0021, 0x0022, 0x0022,
  0x0022, 0x0022, 0x0022, 0x0022, 0x0022, 0x0022, 0x0021, 0x0021, 0x0021, 0x0021, 0x0021, 0x0021,
  0x0021, 0x0021, 0x0021, 0x0021, 0x0021, 0x0022, 0x0022, 0x0022, 0x0022, 0x0022, 0x0022, 0x0022,
  0x0021, 0x0021, 0x0021, 0x0021, 0x0022, 0x0022, 0x0022, 0x0022, 0x0022, 0x0022, 0x0022, 0x0022,
  0x0021, 0x0022, 0x0022, 0x0022, 0x0022, 0x0022, 0x0022, 0x0022, 0x0042, 0x0042, 0x0042, 0x0042,
  0x0042, 0x0042, 0x0042, 0x0042, 0x0042, 0x0022, 0x0022, 0x0022, 0x0042, 0x0022, 0x0042, 0x0042,
  0x0042, 0x0022, 0x0022, 0x0042, 0x0022, 0x0021, 0x0021, 0x0001, 0x0022, 0x0042, 0x0063, 0x0063,
  0x0042, 0x0042, 0x0042, 0x0042, 0x0042, 0x0021, 0x0062, 0x0062, 0x0042, 0x0042, 0x0062, 0x0862,
  0x0883, 0x08A4, 0x08A4, 0x0883, 0x08C4, 0x1948, 0x1989, 0x1106, 0x0883, 0x08A4, 0x08C4, 0x08C4,
  0x08A4, 0x00A5, 0x08C5, 0x0064, 0x4BD5, 0x7DFF, 0x8E3E, 0xB6BE, 0xBEFF, 0x7DDF, 0x7DBE, 0x861F,
  0x967F, 0xAEDF, 0xE79F, 0xC71F, 0x963F, 0x759D, 0x19AB, 0x29CA, 0x320A, 0x29EB, 0x19CB, 0x3A4C,
  0x3A6C, 0x3A4C, 0x52CC, 0x52CD, 0x4AAC, 0x3A6C, 0x4AAD, 0x52CC, 0x426B, 0x428C, 0x426C, 0x52CC,
  0x5B0C, 0x52EC, 0x322C, 0x2A0D, 0x322C, 0x3A4B, 0x2A0D, 0x5310, 0x5B50, 0x4AF0, 0x6371, 0x7C11,
  0x8431, 0x8411, 0x8432, 0x8432, 0x8C73, 0x8452, 0x5332, 0x42F3, 0x6B92, 0x4AF1, 0x6372, 0x9492,
  0x9CB3, 0x73B0, 0x6BD2, 0x94F5, 0x73B0, 0x5B31, 0x5332, 0x5311, 0x6BB1, 0x7C12, 0x8432, 0x9472,
  0x9493, 0x8C72, 0x6B94, 0x221A, 0x42D9, 0x7391, 0x5316, 0x7C1C, 0xBDFE, 0xADDB, 0x5374, 0x5358,
  0x5B7A, 0x847C, 0xA53C, 0xAD5B, 0xBDDC, 0xBDDC, 0xB5BC, 0x555F, 0x19CB, 0x0000, 0x0000, 0x0000,
  0x0000, 0x0000, 0x22D1, 0x2B34, 0x0000, 0x0022, 0x0021, 0x0021, 0x0021, 0x0021, 0x0021, 0x0021,
  0x0021, 0x0021, 0x0021, 0x0021, 0x0021, 0x0021, 0x0021, 0x0021, 0x0021, 0x0021, 0x0021, 0x0022,
  0x0022, 0x0022, 0x0021, 0x0021, 0x0021, 0x0021, 0x0021, 0x0021, 0x0021, 0x0021, 0x0022, 0x0022,
  0x0022, 0x0022, 0x0022, 0x0022, 0x0021, 0x0021, 0x0021, 0x0021, 0x0021, 0x0021, 0x0021, 0x0021,
  0x0021, 0x0021, 0x0021, 0x0021, 0x0021, 0x0021, 0x0021, 0x0021, 0x0021, 0x0021, 0x0021, 0x0021,
  0x0021, 0x0021, 0x0021, 0x0021, 0x0021, 0x0021, 0x0021, 0x0021, 0x0021, 0x0021, 0x0021, 0x0021,
  0x0021, 0x0021, 0x0021, 0x0021, 0x0021, 0x0021, 0x0022, 0x0022, 0x0022, 0x0021, 0x0021, 0x0022,
  0x0022, 0x0022, 0x0022, 0x0022, 0x0022, 0x0022, 0x0022, 0x0022, 0x0022, 0x0022, 0x0022, 0x0022,
  0x0022, 0x0021, 0x0022, 0x0021, 0x0022, 0x0022, 0x0022, 0x0022, 0x0022, 0x0022, 0x0022, 0x0022,
  0x0042, 0x0042, 0x0022, 0x0022, 0x0022, 0x0042, 0x0042, 0x0042, 0x0063, 0x0083, 0x0883, 0x0883,
  0x0063, 0x0883, 0x0063, 0x0042, 0x0083, 0x08A4, 0x08C4, 0x08A4, 0x08A4, 0x08A4, 0x08A4, 0x08A4,
  0x08A4, 0x08A4, 0x08A4, 0x00A4, 0x0084, 0x0063, 0x0063, 0x0884, 0x08A4, 0x08A4, 0x08A4, 0x08A4,
  0x08A4, 0x00A4, 0x00A5, 0x0042, 0x1A2E, 0x6DBF, 0x8E1E, 0xA63D, 0xAEBF, 0x759E, 0x7DDE, 0x9E5F,
  0x861F, 0x965F, 0xBF1F, 0xAE9E, 0x8E1E, 0x7DBD, 0x220C, 0x29C9, 0x3A2A, 0x29EA, 0x19CB, 0x322B,
  0x320B, 0x3A4B, 0x4A8C, 0x4A8C, 0x322B, 0x3A6C, 0x4AAC, 0x4AAC, 0x3A4B, 0x3A4B, 0x4A8B, 0x426B,
  0x324D, 0x3A6D, 0x29EC, 0x426C, 0x4A8B, 0x3A4C, 0x42AF, 0x4B10, 0x4B10, 0x42CF, 0x6B90, 0x7C11,
  0x8411, 0x8411, 0x7C11, 0x8432, 0x8C52, 0x5B52, 0x42B1, 0x4B11, 0x5B52, 0x5B51, 0x4AF1, 0x5B51,
  0x5B50, 0x4B0F, 0x94F4, 0xB5D8, 0x8C74, 0x6370, 0x5B30, 0x6370, 0x7BF1, 0x73D1, 0x7BD1, 0x73D2,
  0x73D2, 0x7BF0, 0x73D1, 0x327A, 0x3A7B, 0x3A74, 0x2A37, 0x7C3C, 0xC61D, 0x8499, 0x7458, 0x9D1A,
  0xC63D, 0xD6BE, 0xBE1E, 0xB57B, 0xAD7B, 0xBDBC, 0x8D1C, 0x3CDD, 0x08C5, 0x0000, 0x0000, 0x0000,
  0x0000, 0x0000, 0x1189, 0x343A, 0x0021, 0x0021, 0x0021, 0x0021, 0x0021, 0x0021, 0x0021, 0x0021,
  0x0021, 0x0021, 0x0021, 0x0021, 0x0021, 0x0021, 0x0021, 0x0021, 0x0021, 0x0021, 0x0021, 0x0021,
  0x0021, 0x0021, 0x0021, 0x0021, 0x0021, 0x0021, 0x0021, 0x0021, 0x0021, 0x0021, 0x0021, 0x0021,
  0x0021, 0x0021, 0x0021, 0x0021, 0x0021, 0x0021, 0x0021, 0x0021, 0x0021, 0x0021, 0x0021, 0x0021,
  0x0021, 0x0021, 0x0021, 0x0021, 0x0021, 0x0021, 0x0021, 0x0021, 0x0021, 0x0021, 0x0021, 0x0021,
  0x0021, 0x0021, 0x0021, 0x0021, 0x0021, 0x0021, 0x0021, 0x0021, 0x0021, 0x0021, 0x0021, 0x0021,
  0x0021, 0x0022, 0x0021, 0x0021, 0x0022, 0x0022, 0x0021, 0x0021, 0x0022, 0x0021, 0x0021, 0x0022,
  0x0022, 0x0022, 0x0022, 0x0022, 0x0022, 0x0022, 0x0022, 0x0022, 0x0022, 0x0022, 0x0022, 0x0022,
  0x0022, 0x0022, 0x0022, 0x0022, 0x0022, 0x0022, 0x0022, 0x0022, 0x0022, 0x0022, 0x0022, 0x0022,
  0x0022, 0x0042, 0x0022, 0x0042, 0x0042, 0x0042, 0x0042, 0x0063, 0x0063, 0x0083, 0x0883, 0x0883,
  0x0883, 0x08A4, 0x08A4, 0x0083, 0x08A4, 0x08A4, 0x08A4, 0x0884, 0x0883, 0x0083, 0x0083, 0x0083,
  0x0083, 0x0083, 0x0083, 0x0063, 0x0083, 0x0084, 0x0084, 0x0084, 0x0084, 0x0084, 0x0084, 0x0084,
  0x0084, 0x0084, 0x00A5, 0x08A4, 0x2270, 0x6DDF, 0x8E1E, 0xCF3F, 0x9E5F, 0x7DBE, 0x8E1E, 0x9E7F,
  0x8DFE, 0x7DDE, 0x9E7F, 0xC71F, 0x8E3F, 0x965F, 0x3AAF, 0x29C9, 0x29EA, 0x1989, 0x21CA, 0x2A0B,
  0x320B, 0x3A4B, 0x3A2B, 0x29EA, 0x3A2A, 0x4A8B, 0x4A8B, 0x4A8B, 0x4A8B, 0x3A2A, 0x322B, 0x2A2F,
  0x5B51, 0x5310, 0x324E, 0x324E, 0x2A0C, 0x19EE, 0x5B30, 0x4AF0, 0x428F, 0x5B0F, 0x7BD0, 0x6371,
  0x73D1, 0x7BF1, 0x8431, 0x8C51, 0x6B91, 0x2A0F, 0x42B0, 0x6BB1, 0x8C72, 0x7C12, 0x6370, 0x6370,
  0x5372, 0x8CD5, 0xBDD8, 0xC67B, 0xCEBC, 0x8C52, 0x634E, 0x6370, 0x73D1, 0x5B30, 0x2A32, 0x5B34,
  0x5337, 0x4AF8, 0x6375, 0x3A98, 0x42BB, 0x2A39, 0x5B7A, 0x94DB, 0xA55B, 0x953A, 0x5BB5, 0x94FA,
  0xBE1D, 0xD6BE, 0xE71F, 0x94FA, 0x9D3B, 0xAD5C, 0x7D7E, 0x2C19, 0x0000, 0x0000, 0x0000, 0x0000,
  0x0000, 0x0000, 0x0062, 0x3C7B, 0x0906, 0x0000, 0x0022, 0x0021, 0x0021, 0x0021, 0x0021, 0x0021,
  0x0021, 0x0021, 0x0021, 0x0021, 0x0021, 0x0021, 0x0021, 0x0021, 0x0021, 0x0021, 0x0021, 0x0021,
  0x0021, 0x0021, 0x0021, 0x0021, 0x0021, 0x0021, 0x0021, 0x0021, 0x0021, 0x0021, 0x0021, 0x0021,
  0x0021, 0x0021, 0x0021, 0x0021, 0x0021, 0x0021, 0x0021, 0x0021, 0x0021, 0x0021, 0x0021, 0x0021,
  0x0021, 0x0021, 0x0021, 0x0021, 0x0021, 0x0021, 0x0021, 0x0021, 0x0021, 0x0021, 0x0021, 0x0021,
  0x0021, 0x0021, 0x0021, 0x0021, 0x0021, 0x0021, 0x0022, 0x0021, 0x0021, 0x0021, 0x0021, 0x0021,
  0x0021, 0x0022, 0x0022, 0x0022, 0x0021, 0x0021, 0x0021, 0x0022, 0x0022, 0x0021, 0x0021, 0x0021,
  0x0022, 0x0021, 0x0022, 0x0022, 0x0022, 0x0022, 0x0022, 0x0022, 0x0022, 0x0022, 0x0022, 0x0022,
  0x0022, 0x0022, 0x0022, 0x0022, 0x0022, 0x0022, 0x0022, 0x0022, 0x0022, 0x0022, 0x0022, 0x0042,
  0x0042, 0x0042, 0x0043, 0x0043, 0x0063, 0x0883, 0x0883, 0x0883, 0x0883, 0x0883, 0x08A3, 0x08A4,
  0x08A4, 0x08A4, 0x08A4, 0x08A4, 0x08A4, 0x08A4, 0x08A4, 0x0084, 0x0063, 0x0063, 0x0063, 0x0063,
  0x0083, 0x0063, 0x0063, 0x0063, 0x0063, 0x0063, 0x0063, 0x0083, 0x0083, 0x0083, 0x0084, 0x0083,
  0x08C5, 0x0083, 0x1127, 0x1989, 0x3B54, 0x7E1F, 0xA67E, 0xA69E, 0x7DDE, 0x75BE, 0x85FE, 0x7DBE,
  0x75BE, 0x6D9E, 0x8E1E, 0xCF3F, 0x9E7E, 0x9E9F, 0x3B11, 0x1968, 0x198A, 0x29EA, 0x3A4A, 0x320B,
  0x198A, 0x21AA, 0x21CA, 0x322A, 0x3A4B, 0x424A, 0x424A, 0x3A4A, 0x3A4A, 0x3A2A, 0x2A0C, 0x4AF0,
  0x73B0, 0x634F, 0x634F, 0x5B2F, 0x19CE, 0x3AAF, 0x73D0, 0x6370, 0x5B2F, 0x73B0, 0x4AEF, 0x2210,
  0x4AF0, 0x326F, 0x6350, 0x7BF0, 0x4AB0, 0x42B0, 0x5310, 0x5B31, 0x6391, 0x5B51, 0x6370, 0x6B6F,
  0x7434, 0x9DBA, 0xBE5B, 0xD6DD, 0xDF1E, 0x7C12, 0x4ACF, 0x6BB0, 0x634F, 0x322E, 0x4AF1, 0x73D3,
  0x5356, 0x3A9A, 0x531A, 0x6BBB, 0x845C, 0x6BBB, 0x73F9, 0x9D1A, 0xA57C, 0xCE7E, 0x5374, 0x9D3B,
  0xC65E, 0xD6BE, 0xEF7F, 0x9D1A, 0xA55B, 0xEF3F, 0x657F, 0x1AB2, 0x0000, 0x0000, 0x0000, 0x0000,
  0x0000, 0x0000, 0x0000, 0x2BB7, 0x1A6F, 0x0000, 0x0022, 0x0021, 0x0021, 0x0021, 0x0021, 0x0021,
  0x0021, 0x0021, 0x0021, 0x0021, 0x0021, 0x0021, 0x0021, 0x0021, 0x0021, 0x0021, 0x0021, 0x0021,
  0x0021, 0x0021, 0x0021, 0x0021, 0x0021, 0x0021, 0x0021, 0x0021, 0x0021, 0x0021, 0x0021, 0x0021,
  0x0021, 0x0021, 0x0021, 0x0021, 0x0021, 0x0021, 0x0021, 0x0021, 0x0021, 0x0021, 0x0021, 0x0021,
  0x0021, 0x0021, 0x0021, 0x0021, 0x0021, 0x0021, 0x0021, 0x0021, 0x0021, 0x0021, 0x0021, 0x0021,
  0x0021, 0x0021, 0x0021, 0x0021, 0x0021, 0x0021, 0x0021, 0x0022, 0x0042, 0x0042, 0x0022, 0x0021,
  0x0021, 0x0021, 0x0022, 0x0042, 0x0042, 0x0022, 0x0021, 0x0022, 0x0022, 0x0021, 0x0022, 0x0022,
  0x0022, 0x0022, 0x0021, 0x0022, 0x0022, 0x0022, 0x0022, 0x0022, 0x0022, 0x0022, 0x0022, 0x0022,
  0x0022, 0x0022, 0x0022, 0x0022, 0x0022, 0x0022, 0x0022, 0x0022, 0x0022, 0x0042, 0x0042, 0x0042,
  0x0042, 0x0063, 0x0063, 0x0063, 0x0883, 0x0883, 0x0883, 0x0883, 0x08A4, 0x08A4, 0x08A4, 0x08A4,
  0x08A4, 0x08A4, 0x0884, 0x08A4, 0x08A4, 0x0884, 0x08A4, 0x08A4, 0x0084, 0x0084, 0x0063, 0x0063,
  0x0063, 0x0063, 0x0063, 0x0063, 0x08C5, 0x1968, 0x08C5, 0x0042, 0x0063, 0x0084, 0x0083, 0x0084,
  0x2189, 0x1127, 0x1968, 0x21A9, 0x222C, 0x961D, 0x95DB, 0x7DBD, 0x5D5E, 0x655E, 0x75BE, 0x7DDE,
  0x75BE, 0x7DDE, 0x8E1E, 0xCF3F, 0xAE9E, 0x8E7F, 0x43B5, 0x1127, 0x21CA, 0x320A, 0x3A4A, 0x31EA,
  0x21A9, 0x1989, 0x21AA, 0x29EA, 0x320A, 0x3A0A, 0x29EB, 0x2A0C, 0x2A2D, 0x198A, 0x428D, 0x5B2E,
  0x530E, 0x6B8F, 0x73AF, 0x6B6F, 0x4ACE, 0x4AEF, 0x5B50, 0x3AAF, 0x4ACE, 0x42AF, 0x2A2F, 0x5330,
  0x6391, 0x4ACF, 0x5B0F, 0x5B2F, 0x42D0, 0x5310, 0x6350, 0x6370, 0x5B50, 0x5330, 0x5B2F, 0x634E,
  0x4ACD, 0x84B6, 0xC65B, 0xEF9F, 0xB5B8, 0x52CD, 0x42D0, 0x5B0F, 0x5B0E, 0x3A90, 0x3272, 0x42D3,
  0x3AB6, 0x2A79, 0x5339, 0x7C1B, 0xA51E, 0xA4FC, 0x8459, 0x7C36, 0x5B52, 0xA59A, 0x7457, 0x6C17,
  0x6BF6, 0xC65D, 0xD69F, 0x8C9B, 0x843A, 0xA55C, 0x3CFF, 0x118A, 0x0000, 0x0000, 0x0000, 0x0000,
  0x0000, 0x0000, 0x0000, 0x1A6F, 0x2BB7, 0x0000, 0x0022, 0x0021, 0x0021, 0x0042, 0x0042, 0x0022,
  0x0021, 0x0021, 0x0021, 0x0021, 0x0021, 0x0021, 0x0021, 0x0021, 0x0021, 0x0021, 0x0021, 0x0021,
  0x0021, 0x0021, 0x0021, 0x0021, 0x0021, 0x0021, 0x0021, 0x0021, 0x0021, 0x0021, 0x0021, 0x0021,
  0x0021, 0x0021, 0x0021, 0x0021, 0x0021, 0x0021, 0x0021, 0x0021, 0x0021, 0x0022, 0x0021, 0x0021,
  0x0021, 0x0021, 0x0021, 0x0021, 0x0021, 0x0021, 0x0021, 0x0021, 0x0021, 0x0021, 0x0021, 0x0021,
  0x0021, 0x0021, 0x0021, 0x0021, 0x0021, 0x0021, 0x0022, 0x0001, 0x0000, 0x0000, 0x0000, 0x0022,
  0x0021, 0x0022, 0x0001, 0x0000, 0x0000, 0x0001, 0x0022, 0x0021, 0x0022, 0x0021, 0x0022, 0x0022,
  0x0022, 0x0022, 0x0022, 0x0022, 0x0022, 0x0022, 0x0022, 0x0022, 0x0022, 0x0022, 0x0022, 0x0022,
  0x0022, 0x0022, 0x0022, 0x0042, 0x0042, 0x0042, 0x0042, 0x0042, 0x0062, 0x0062, 0x0063, 0x0063,
  0x0063, 0x0063, 0x0083, 0x0883, 0x0883, 0x0883, 0x0884, 0x08A4, 0x08A4, 0x08A4, 0x08A4, 0x08A4,
  0x08A4, 0x08A4, 0x08A4, 0x0084, 0x0884, 0x0884, 0x08A4, 0x0883, 0x0883, 0x08A4, 0x0083, 0x0063,
  0x0083, 0x0083, 0x0063, 0x1106, 0x29C9, 0x31E9, 0x1968, 0x0884, 0x0083, 0x0084, 0x0083, 0x0063,
  0x1127, 0x1968, 0x2189, 0x2188, 0x1168, 0x95FB, 0x6C75, 0x75BD, 0x551E, 0x5D1E, 0x75BE, 0x85FE,
  0x7DFE, 0x861E, 0x8E3F, 0xC71F, 0xB6DF, 0x759C, 0x2A6D, 0x1127, 0x21A9, 0x29C9, 0x320A, 0x320A,
  0x3A2A, 0x3209, 0x29C9, 0x29C9, 0x21A8, 0x2A0B, 0x4AEF, 0x4ACE, 0x530F, 0x2A2E, 0x3A8E, 0x52EE,
  0x5B2E, 0x6B6F, 0x73D0, 0x5B2F, 0x322E, 0x3A6F, 0x3A90, 0x3A8F, 0x3A6D, 0x21ED, 0x42AF, 0x5B30,
  0x6B90, 0x5B50, 0x7BD0, 0x6B70, 0x52EF, 0x42AE, 0x6B6F, 0x738F, 0x634E, 0x52EE, 0x6B6F, 0x42EF,
  0x3ACF, 0x8CD5, 0xA536, 0xB5F9, 0xC63A, 0xA557, 0x42F1, 0x42AE, 0x42AE, 0x3270, 0x52EE, 0x5B2E,
  0x42B0, 0x42D2, 0x52F1, 0x73B5, 0x8417, 0x9498, 0x6353, 0x6394, 0x94F8, 0xCE7E, 0x4B76, 0x2210,
  0x9CFA, 0x8C9D, 0x533B, 0x6BBB, 0x9C9B, 0x855D, 0x347C, 0x0863, 0x0000, 0x0000, 0x0000, 0x0000,
  0x0000, 0x0000, 0x0000, 0x08E6, 0x3C7C, 0x0063, 0x0001, 0x0022, 0x0863, 0x10C5, 0x0884, 0x0042,
  0x0021, 0x0021, 0x0021, 0x0021, 0x0021, 0x0021, 0x0021, 0x0021, 0x0021, 0x0021, 0x0021, 0x0021,
  0x0021, 0x0021, 0x0021, 0x0021, 0x0021, 0x0021, 0x0021, 0x0021, 0x0021, 0x0021, 0x0021, 0x0021,
  0x0021, 0x0021, 0x0021, 0x0021, 0x0021, 0x0021, 0x0021, 0x0021, 0x0021, 0x0022, 0x0021, 0x0021,
  0x0021, 0x0021, 0x0021, 0x0021, 0x0021, 0x0021, 0x0021, 0x0021, 0x0021, 0x0021, 0x0021, 0x0021,
  0x0021, 0x0021, 0x0021, 0x0021, 0x0021, 0x0022, 0x0000, 0x0862, 0x4A2A, 0x52AC, 0x2125, 0x0000,
  0x0022, 0x0001, 0x2105, 0x528B, 0x526B, 0x10A3, 0x0000, 0x0022, 0x0022, 0x0022, 0x0022, 0x0022,
  0x0022, 0x0022, 0x0022, 0x0022, 0x0022, 0x0022, 0x0022, 0x0022, 0x0022, 0x0022, 0x0022, 0x0022,
  0x0022, 0x0022, 0x0042, 0x0042, 0x0042, 0x0042, 0x0042, 0x0062, 0x0062, 0x0063, 0x0063, 0x0063,
  0x0063, 0x0063, 0x0083, 0x0083, 0x0883, 0x0883, 0x0084, 0x0884, 0x08A4, 0x08A4, 0x08C4, 0x08A4,
  0x08A4, 0x08A4, 0x08A4, 0x0084, 0x0083, 0x00A4, 0x00A4, 0x08C5, 0x1947, 0x1127, 0x0084, 0x08A4,
  0x0084, 0x08E5, 0x1106, 0x1947, 0x2189, 0x29C9, 0x29A8, 0x2188, 0x10E6, 0x08E6, 0x1127, 0x1127,
  0x1989, 0x21A9, 0x2189, 0x1927, 0x19CA, 0x963B, 0xA67E, 0x85FE, 0x5D5E, 0x657E, 0x85FE, 0x965E,
  0x965E, 0x861E, 0x8E3F, 0xAE7D, 0x95DA, 0x6496, 0x08C6, 0x1168, 0x1989, 0x1989, 0x31E9, 0x29EA,
  0x320A, 0x3A09, 0x29C9, 0x2188, 0x1149, 0x19CC, 0x4AAE, 0x3A4D, 0x4ACD, 0x3A4D, 0x42AE, 0x5B0E,
  0x636E, 0x738F, 0x6BB0, 0x3AB0, 0x42AF, 0x5B2F, 0x73D0, 0x6370, 0x324E, 0x4ACF, 0x5B2F, 0x5B0E,
  0x4AEF, 0x5B30, 0x73B0, 0x52F0, 0x3A6E, 0x4AAD, 0x634E, 0x6B4E, 0x634E, 0x5AEC, 0x52CD, 0x9557,
  0xBE7B, 0xCE9B, 0xCE9C, 0xD6DD, 0xEF9F, 0xEF7E, 0x634F, 0x320A, 0x4AAC, 0x52CD, 0x4ACD, 0x428E,
  0x42AE, 0x4AB0, 0x6398, 0x9CFC, 0x9D19, 0x6B93, 0x428E, 0x7C9A, 0x953C, 0x743C, 0x3294, 0x4AF5,
  0x639B, 0x323A, 0x8CBD, 0xC63D, 0xCE3E, 0x75DF, 0x2375, 0x0000, 0x0000, 0x0000, 0x0000, 0x0000,
  0x0000, 0x0000, 0x0000, 0x0000, 0x343A, 0x11AB, 0x0000, 0x10C5, 0x298A, 0x29AB, 0x10E6, 0x0042,
  0x0021, 0x0021, 0x0021, 0x0021, 0x0021, 0x0021, 0x0021, 0x0021, 0x0021, 0x0021, 0x0021, 0x0021,
  0x0021, 0x0021, 0x0021, 0x0021, 0x0021, 0x0021, 0x0021, 0x0021, 0x0021, 0x0021, 0x0021, 0x0021,
  0x0021, 0x0021, 0x0021, 0x0021, 0x0021, 0x0021, 0x0021, 0x0021, 0x0022, 0x0021, 0x0021, 0x0021,
  0x0021, 0x0021, 0x0021, 0x0021, 0x0021, 0x0021, 0x0021, 0x0021, 0x0021, 0x0021, 0x0021, 0x0021,
  0x0022, 0x0021, 0x0021, 0x0021, 0x0022, 0x0000, 0x2125, 0xBD98, 0xDE9C, 0xDE9D, 0xD67C, 0x6B4E,
  0x0000, 0x62CD, 0xCE3B, 0xDE9C, 0xE6DD, 0xC5D9, 0x2946, 0x0000, 0x0022, 0x0022, 0x0022, 0x0022,
  0x0022, 0x0022, 0x0022, 0x0022, 0x0022, 0x0022, 0x0022, 0x0022, 0x0022, 0x0022, 0x0022, 0x0022,
  0x0022, 0x0022, 0x0022, 0x0022, 0x0022, 0x0042, 0x0042, 0x0042, 0x0042, 0x0063, 0x0063, 0x0063,
  0x0063, 0x0063, 0x0083, 0x0083, 0x0883, 0x0883, 0x0084, 0x0084, 0x08A4, 0x08A4, 0x08A4, 0x08A4,
  0x0884, 0x00A4, 0x0084, 0x0084, 0x0083, 0x0084, 0x00A4, 0x1948, 0x2188, 0x1106, 0x1947, 0x2188,
  0x08C5, 0x1968, 0x31EA, 0x29C9, 0x29C9, 0x29C9, 0x21A9, 0x2189, 0x1128, 0x1169, 0x1969, 0x21AA,
  0x29E9, 0x21A9, 0x1169, 0x1127, 0x2AAD, 0x9E7C, 0x85FE, 0x7DFE, 0x75BE, 0x75BE, 0x963E, 0x9E5E,
  0x8E3E, 0x861E, 0x863F, 0x961C, 0x8D78, 0x8E1B, 0x19AA, 0x1968, 0x21A8, 0x21A9, 0x29C9, 0x29C9,
  0x29C9, 0x21C9, 0x1148, 0x1148, 0x21ED, 0x3A8E, 0x21EC, 0x324D, 0x5AED, 0x426C, 0x52ED, 0x634E,
  0x6B6F, 0x5B2F, 0x3A8F, 0x5B30, 0x6B6F, 0x6B70, 0x73B0, 0x73D1, 0x42D0, 0x5B30, 0x6B6F, 0x6B8F,
  0x634F, 0x634F, 0x634F, 0x42AF, 0x428E, 0x52CD, 0x632D, 0x632D, 0x52AC, 0x3A2A, 0x326D, 0x6C13,
  0xAD77, 0xD6BB, 0xC639, 0xCE59, 0xD6BB, 0xBE3A, 0x9CF5, 0x8432, 0x52ED, 0x3A2B, 0x4A8C, 0x426C,
  0x3276, 0x531A, 0x5B58, 0x8CBB, 0x8CBB, 0x6397, 0x7C58, 0x7C7A, 0x63F9, 0x537B, 0x7C5B, 0x4AF9,
  0x21F9, 0x7C5C, 0xBDFE, 0x73DA, 0x6BB9, 0x44DF, 0x1A2D, 0x0000, 0x0000, 0x0000, 0x0000, 0x0000,
  0x0000, 0x0000, 0x0000, 0x0000, 0x22F2, 0x3376, 0x1084, 0x3A0E, 0x5B15, 0x426F, 0x10C6, 0x0021,
  0x0021, 0x0021, 0x0021, 0x0021, 0x0021, 0x0021, 0x0021, 0x0021, 0x0021, 0x0021, 0x0021, 0x0021,
  0x0021, 0x0021, 0x0021, 0x0021, 0x0021, 0x0021, 0x0021, 0x0021, 0x0021, 0x0021, 0x0021, 0x0021,
  0x0021, 0x0021, 0x0021, 0x0021, 0x0021, 0x0021, 0x0021, 0x0021, 0x0021, 0x0021, 0x0021, 0x0021,
  0x0021, 0x0021, 0x0021, 0x0021, 0x0021, 0x0021, 0x0021, 0x0021, 0x0021, 0x0021, 0x0021, 0x0021,
  0x0021, 0x0021, 0x0021, 0x0021, 0x0022, 0x0000, 0x9C94, 0xE6DD, 0xCE1A, 0xCE3B, 0xD67C, 0xDE9C,
  0x8C32, 0xD65B, 0xD65C, 0xCE1B, 0xCE3A, 0xE6BD, 0xA516, 0x0021, 0x0022, 0x0022, 0x0022, 0x0022,
  0x0022, 0x0022, 0x0022, 0x0022, 0x0022, 0x0022, 0x0022, 0x0022, 0x0022, 0x0022, 0x0022, 0x0022,
  0x0042, 0x0042, 0x0042, 0x0042, 0x0042, 0x0042, 0x0042, 0x0042, 0x0063, 0x0063, 0x0063, 0x0063,
  0x0063, 0x0063, 0x0063, 0x0063, 0x0083, 0x0883, 0x0083, 0x0084, 0x08A4, 0x08A4, 0x08A4, 0x08A4,
  0x08C4, 0x08A4, 0x08A4, 0x08A4, 0x08A4, 0x1106, 0x08A4, 0x1107, 0x2168, 0x1127, 0x1989, 0x29A9,
  0x1148, 0x21A9, 0x29E9, 0x29E9, 0x31E9, 0x31E9, 0x31E9, 0x29EA, 0x2189, 0x29A9, 0x21A9, 0x29C9,
  0x29C9, 0x1968, 0x1989, 0x1127, 0x3B50, 0x7DBB, 0x5D1D, 0x85FE, 0x85FE, 0x7DDE, 0x7DDE, 0x861E,
  0x85FE, 0x7DFE, 0x861F, 0x7DDD, 0x7518, 0x965C, 0x2A2C, 0x1968, 0x21A8, 0x2188, 0x2188, 0x1968,
  0x1128, 0x21CA, 0x21A9, 0x1989, 0x428D, 0x5B0D, 0x3A6D, 0x428D, 0x530E, 0x4AAD, 0x4ACD, 0x5B2E,
  0x634E, 0x428D, 0x324E, 0x52EE, 0x6B6F, 0x73B0, 0x73AF, 0x6B8F, 0x530F, 0x6B90, 0x738F, 0x6B8F,
  0x738F, 0x632E, 0x632E, 0x4ACD, 0x29EC, 0x426C, 0x4A8B, 0x3A2B, 0x534F, 0x84B5, 0x6BF2, 0x6BB1,
  0xCE7A, 0xE73D, 0xBE18, 0xB596, 0xC639, 0xCE7A, 0xCE7A, 0xBDF8, 0xBDF8, 0x5B2E, 0x31C9, 0x3253,
  0x4AD6, 0x4AB0, 0x42B0, 0x4AD7, 0x639D, 0x52F5, 0x4B12, 0x5B99, 0x8CDD, 0xA55D, 0xAD5C, 0x639B,
  0x6BDB, 0x9CFC, 0x73FC, 0x73FB, 0x641B, 0x3CDE, 0x08C4, 0x0000, 0x0000, 0x0000, 0x0000, 0x0000,
  0x0000, 0x0000, 0x0000, 0x0000, 0x1147, 0x44BD, 0x4271, 0x6B78, 0x7BFA, 0x424F, 0x0864, 0x0021,
  0x0021, 0x0021, 0x0021, 0x0021, 0x0021, 0x0021, 0x0021, 0x0021, 0x0021, 0x0021, 0x0021, 0x0021,
  0x0021, 0x0021, 0x0021, 0x0021, 0x0021, 0x0021, 0x0021, 0x0021, 0x0021, 0x0021, 0x0021, 0x0021,
  0x0021, 0x0021, 0x0021, 0x0021, 0x0021, 0x0021, 0x0021, 0x0021, 0x0021, 0x0021, 0x0021, 0x0021,
  0x0021, 0x0021, 0x0021, 0x0021, 0x0021, 0x0021, 0x0021, 0x0021, 0x0021, 0x0021, 0x0021, 0x0022,
  0x0021, 0x0021, 0x0021, 0x0021, 0x0001, 0x0882, 0xC5B9, 0xD65C, 0xD65B, 0xD65B, 0xD65B, 0xD65B,
  0xDE9D, 0xD65B, 0xD65B, 0xD65B, 0xCE3B, 0xD65B, 0xCE3A, 0x18C4, 0x0001, 0x0022, 0x0022, 0x0022,
  0x0022, 0x0022, 0x0022, 0x0022, 0x0022, 0x0022, 0x0042, 0x0042, 0x0042, 0x0042, 0x0042, 0x0042,
  0x0042, 0x0042, 0x0042, 0x0063, 0x0063, 0x0063, 0x0063, 0x0063, 0x0063, 0x0063, 0x0063, 0x0063,
  0x0083, 0x0083, 0x0083, 0x0083, 0x0083, 0x0084, 0x08A4, 0x08A4, 0x08A4, 0x08A4, 0x10E5, 0x1926,
  0x1947, 0x10E5, 0x08A4, 0x1106, 0x1947, 0x1947, 0x1127, 0x2188, 0x21A8, 0x1989, 0x2189, 0x21A9,
  0x29C9, 0x21A9, 0x21A9, 0x29C9, 0x29E9, 0x31E9, 0x31E9, 0x21A9, 0x2189, 0x2188, 0x29A8, 0x31C9,
  0x2189, 0x2188, 0x21A8, 0x1968, 0x1148, 0x5C97, 0x5D3E, 0x85DE, 0x85FE, 0x85FE, 0x861E, 0x7DDE,
  0x75BE, 0x7DBE, 0x8E3F, 0x85BD, 0x4BF5, 0x43B2, 0x1127, 0x1968, 0x1127, 0x1947, 0x1127, 0x0907,
  0x1148, 0x29E9, 0x29C9, 0x21AA, 0x428C, 0x4AAC, 0x3A6C, 0x2A2D, 0x3A8D, 0x5B0E, 0x4ACD, 0x52ED,
  0x5B2D, 0x4AAC, 0x3A4C, 0x52CE, 0x634F, 0x636F, 0x6B6F, 0x6B6E, 0x632F, 0x52EE, 0x6B4E, 0x6B8F,
  0x6B6E, 0x5B0D, 0x5ACC, 0x3A2B, 0x29EB, 0x426C, 0x3A6C, 0x42EF, 0x7474, 0x6BF2, 0x4ACD, 0xB5B7,
  0xD6BB, 0xBDF8, 0xC639, 0xB5B7, 0x94B3, 0xBDF9, 0xC65A, 0xBDF8, 0xB597, 0xBE18, 0x8C95, 0x5B56,
  0x3209, 0x52D4, 0x4297, 0x21B4, 0x21B0, 0x21AD, 0x5B76, 0x847C, 0x7C1B, 0x8CBC, 0x6377, 0x63BA,
  0xCE7E, 0xDE9F, 0xBDDE, 0xBDBD, 0x6D7F, 0x2BD7, 0x0000, 0x0000, 0x0000, 0x0000, 0x0000, 0x0000,
  0x0000, 0x0000, 0x0000, 0x0000, 0x0021, 0x3419, 0x6C3C, 0x83FB, 0x7398, 0x29AC, 0x0043, 0x0021,
  0x0021, 0x0021, 0x0021, 0x0021, 0x0021, 0x0021, 0x0021, 0x0021, 0x0021, 0x0021, 0x0021, 0x0021,
  0x0021, 0x0021, 0x0021, 0x0021, 0x0021, 0x0021, 0x0021, 0x0021, 0x0021, 0x0021, 0x0021, 0x0021,
  0x0021, 0x0021, 0x0021, 0x0021, 0x0021, 0x0021, 0x0021, 0x0021, 0x0021, 0x0021, 0x0021, 0x0021,
  0x0021, 0x0021, 0x0021, 0x0021, 0x0021, 0x0021, 0x0021, 0x0021, 0x0021, 0x0021, 0x0021, 0x0021,
  0x0021, 0x0021, 0x0021, 0x0022, 0x0001, 0x0842, 0xBDB8, 0xDE9C, 0xD65B, 0xD65B, 0xD65B, 0xD65B,
  0xD63B, 0xD65B, 0xD65B, 0xD65B, 0xD63B, 0xD65B, 0xC5D9, 0x10A3, 0x0001, 0x0022, 0x0022, 0x0022,
  0x0022, 0x0022, 0x0022, 0x0022, 0x0022, 0x0022, 0x0022, 0x0022, 0x0022, 0x0022, 0x0022, 0x0042,
  0x0042, 0x0042, 0x0042, 0x0042, 0x0062, 0x0063, 0x0063, 0x0063, 0x0063, 0x0063, 0x0063, 0x0883,
  0x0883, 0x0083, 0x0883, 0x0883, 0x0883, 0x08A4, 0x08C4, 0x08C5, 0x08A4, 0x08C5, 0x1926, 0x1947,
  0x1947, 0x1106, 0x08E6, 0x2167, 0x2188, 0x2168, 0x1968, 0x21A9, 0x21A9, 0x21A9, 0x31E9, 0x31EA,
  0x21C9, 0x2189, 0x21A9, 0x29A8, 0x29C8, 0x21A9, 0x29C9, 0x31E9, 0x31E9, 0x21A9, 0x29A8, 0x29A8,
  0x2188, 0x1968, 0x1968, 0x1947, 0x00A5, 0x753A, 0x75BF, 0x7DBE, 0x861E, 0x7DDE, 0x965E, 0x7DDE,
  0x655E, 0x7DDE, 0x9E7F, 0x85FE, 0x220C, 0x08C5, 0x08E6, 0x00E7, 0x00E7, 0x1127, 0x1947, 0x1127,
  0x1968, 0x2188, 0x1127, 0x1128, 0x29EA, 0x428B, 0x2A0C, 0x21CC, 0x428C, 0x52ED, 0x4AAD, 0x4A8C,
  0x426C, 0x3A4D, 0x3A4C, 0x52ED, 0x634E, 0x634E, 0x634E, 0x634E, 0x632E, 0x52ED, 0x52CD, 0x6B4E,
  0x634E, 0x63B1, 0x42AC, 0x3A8C, 0x3A8D, 0x3AAE, 0x19CB, 0x2A2B, 0x4AEF, 0x9537, 0xBE19, 0xBDF8,
  0x9CF4, 0x94B3, 0x9CF4, 0x9D14, 0x8C51, 0x9D15, 0xA556, 0xAD76, 0xA556, 0xA555, 0xA555, 0x8C92,
  0x6B8F, 0x73D3, 0x73F3, 0x8CB6, 0x3233, 0x63DD, 0x741B, 0x94B9, 0xA51D, 0xB57D, 0x9D1C, 0x9D1D,
  0xC63D, 0xB55B, 0x8C17, 0x7BD7, 0x451F, 0x1A2D, 0x0000, 0x0000, 0x0000, 0x0000, 0x0000, 0x0000,
  0x0000, 0x0000, 0x0000, 0x0000, 0x0000, 0x22D1, 0x5CDE, 0x83DB, 0x5B15, 0x1928, 0x0022, 0x0021,
  0x0021, 0x0021, 0x0021, 0x0021, 0x0021, 0x0021, 0x0021, 0x0021, 0x0021, 0x0021, 0x0021, 0x0021,
  0x0021, 0x0021, 0x0021, 0x0021, 0x0021, 0x0021, 0x0021, 0x0021, 0x0021, 0x0021, 0x0021, 0x0021,
  0x0021, 0x0021, 0x0021, 0x0021, 0x0021, 0x0021, 0x0021, 0x0021, 0x0021, 0x0021, 0x0022, 0x0021,
  0x0022, 0x0021, 0x0021, 0x0022, 0x0021, 0x0021, 0x0022, 0x0021, 0x0021, 0x0022, 0x0021, 0x0021,
  0x0021, 0x0021, 0x0021, 0x0021, 0x0042, 0x0000, 0x8C32, 0xE6DD, 0xCE3B, 0xD65B, 0xD65B, 0xD65B,
  0xD65B, 0xD65B, 0xD65B, 0xD65B, 0xCE3B, 0xDE9D, 0x8C33, 0x0000, 0x0042, 0x0022, 0x0022, 0x0022,
  0x0022, 0x0022, 0x0022, 0x0022, 0x0022, 0x0022, 0x0022, 0x0022, 0x0042, 0x0042, 0x0042, 0x0042,
  0x0042, 0x0042, 0x0042, 0x0063, 0x0063, 0x0063, 0x0063, 0x0063, 0x0063, 0x0063, 0x0063, 0x0083,
  0x0083, 0x0083, 0x0084, 0x0883, 0x0083, 0x08A4, 0x10E6, 0x1106, 0x1106, 0x1126, 0x1947, 0x1947,
  0x2147, 0x1127, 0x1947, 0x2987, 0x29A8, 0x2188, 0x2188, 0x1968, 0x2188, 0x29C9, 0x31E9, 0x31E9,
  0x21A9, 0x1989, 0x1968, 0x1968, 0x1968, 0x2188, 0x29C9, 0x29C9, 0x2188, 0x1968, 0x2188, 0x1968,
  0x1127, 0x1127, 0x1947, 0x1127, 0x08C6, 0x328E, 0x3BB6, 0x861F, 0x8E3E, 0x7DDE, 0x965E, 0x6D7E,
  0x75BE, 0x8E3F, 0x7DDF, 0x7DDF, 0x220C, 0x00E6, 0x08E7, 0x0907, 0x0907, 0x08E7, 0x08E6, 0x00A6,
  0x00A6, 0x0908, 0x1149, 0x116A, 0x3A4B, 0x3A4B, 0x21CB, 0x2A0C, 0x3A4B, 0x4A8C, 0x4AAC, 0x21CB,
  0x21AC, 0x21ED, 0x3A6D, 0x428D, 0x4AAD, 0x5B2E, 0x5B0E, 0x4AAD, 0x5AED, 0x4AAD, 0x320D, 0x3A2D,
  0x322E, 0x9558, 0xB65B, 0x9557, 0x4B0F, 0x42AD, 0x5B70, 0x7453, 0x9D78, 0xBE7C, 0xD71E, 0xC67C,
  0xA577, 0x9D15, 0x8C93, 0x94B3, 0xA535, 0x94D3, 0xA535, 0xADB7, 0xD6BC, 0xD6DC, 0x9D15, 0x7C11,
  0x9D36, 0xBE5A, 0xEF7E, 0xB5FB, 0x5B7A, 0x5B38, 0x29EF, 0x7C19, 0x94B9, 0x9CD8, 0xAD5A, 0xC61D,
  0xD69E, 0xCE5C, 0xA4D7, 0x6419, 0x34DE, 0x08A4, 0x0000, 0x0000, 0x0000, 0x0000, 0x0000, 0x0000,
  0x0000, 0x0000, 0x0000, 0x0000, 0x0000, 0x0927, 0x4CFE, 0x73DB, 0x4272, 0x10C6, 0x0021, 0x0021,
  0x0021, 0x0021, 0x0021, 0x0021, 0x0021, 0x0021, 0x0021, 0x0021, 0x0021, 0x0021, 0x0021, 0x0021,
  0x0021, 0x0021, 0x0021, 0x0022, 0x0021, 0x0021, 0x0021, 0x0021, 0x0021, 0x0021, 0x0022, 0x0021,
  0x0021, 0x0021, 0x0021, 0x0021, 0x0022, 0x0021, 0x0021, 0x0021, 0x0021, 0x0021, 0x0021, 0x0021,
  0x0021, 0x0021, 0x0022, 0x0021, 0x0021, 0x0021, 0x0021, 0x0021, 0x0021, 0x0021, 0x0021, 0x0021,
  0x0022, 0x0021, 0x0021, 0x0021, 0x0022, 0x0001, 0x2105, 0xCE3B, 0xD67C, 0xD63B, 0xD65B, 0xD65B,
  0xD65B, 0xD65B, 0xD65B, 0xD63B, 0xD67B, 0xD67C, 0x2946, 0x0000, 0x0022, 0x0022, 0x0022, 0x0022,
  0x0022, 0x0022, 0x0022, 0x0022, 0x0022, 0x0042, 0x0042, 0x0042, 0x0042, 0x0042, 0x0042, 0x0042,
  0x0042, 0x0042, 0x0042, 0x0042, 0x0042, 0x0042, 0x0042, 0x0042, 0x0042, 0x0063, 0x0063, 0x0063,
  0x0063, 0x0083, 0x0084, 0x08A4, 0x08C5, 0x1105, 0x1106, 0x1906, 0x1926, 0x1926, 0x1926, 0x1126,
  0x1106, 0x1127, 0x1127, 0x1107, 0x1927, 0x1968, 0x2188, 0x1947, 0x1148, 0x2188, 0x2189, 0x1968,
  0x2188, 0x29A8, 0x2188, 0x1148, 0x1128, 0x1127, 0x1968, 0x1128, 0x1128, 0x1127, 0x1127, 0x08E7,
  0x00C6, 0x08E6, 0x08C6, 0x00A6, 0x00E7, 0x0044, 0x09AD, 0x8E7F, 0x965E, 0x75BE, 0x8E1E, 0xAE9E,
  0xAEDF, 0x6DBF, 0x5D3E, 0x75DF, 0x32AE, 0x00A5, 0x00C6, 0x00A5, 0x0085, 0x0086, 0x00C6, 0x00C6,
  0x08E8, 0x1169, 0x2189, 0x21AA, 0x21AA, 0x092A, 0x092A, 0x19AA, 0x19AA, 0x320B, 0x21AB, 0x114B,
  0x114A, 0x116B, 0x19AC, 0x19AC, 0x320B, 0x320C, 0x2A0D, 0x322D, 0x426C, 0x21AC, 0x196C, 0x29ED,
  0x29CD, 0x5B92, 0xB65B, 0xBE5B, 0xA5B9, 0xA5B8, 0xB61A, 0xBE5B, 0xB63B, 0x959A, 0xBE7D, 0xC6BD,
  0xC69C, 0xBE7C, 0xBE7C, 0xC69D, 0xCEBC, 0xC69C, 0xCEBC, 0xCEDD, 0xD71E, 0xDF3E, 0xDF1E, 0xCEDE,
  0xC6BD, 0xDF3F, 0xDF3F, 0x6374, 0x7C39, 0x9CFB, 0x8459, 0x7BF7, 0x7C14, 0xCE5C, 0xBE3D, 0x953C,
  0xE71E, 0xF7BF, 0xF77F, 0x6D9F, 0x2376, 0x0000, 0x0000, 0x0000, 0x0000, 0x0000, 0x0000, 0x0000,
  0x0000, 0x0000, 0x0000, 0x0000, 0x0000, 0x0000, 0x3419, 0x5BFB, 0x31AD, 0x0863, 0x0021, 0x0021,
  0x0021, 0x0021, 0x0021, 0x0021, 0x0021, 0x0021, 0x0021, 0x0021, 0x0021, 0x0021, 0x0021, 0x0021,
  0x0021, 0x0021, 0x0021, 0x0022, 0x0021, 0x0021, 0x0021, 0x0021, 0x0021, 0x0021, 0x0022, 0x0021,
  0x0021, 0x0022, 0x0021, 0x0021, 0x0021, 0x0021, 0x0021, 0x0021, 0x0021, 0x0021, 0x0021, 0x0021,
  0x0021, 0x0021, 0x0021, 0x0022, 0x0021, 0x0022, 0x0021, 0x0022, 0x0021, 0x0021, 0x0021, 0x0021,
  0x0021, 0x0021, 0x0021, 0x0021, 0x0021, 0x0042, 0x0000, 0x4A4A, 0xDEBD, 0xD65B, 0xD65B, 0xD65B,
  0xD65B, 0xD65B, 0xD65B, 0xD63B, 0xE6BD, 0x528B, 0x0000, 0x0042, 0x0022, 0x0021, 0x0021, 0x0022,
  0x0022, 0x0022, 0x0022, 0x0022, 0x0022, 0x0022, 0x0022, 0x0022, 0x0042, 0x0042, 0x0042, 0x0042,
  0x0042, 0x0042, 0x0042, 0x0042, 0x0042, 0x0042, 0x0042, 0x0042, 0x0042, 0x0042, 0x0042, 0x0063,
  0x0083, 0x0083, 0x0884, 0x08C4, 0x08C5, 0x08C5, 0x08A4, 0x08C5, 0x08C5, 0x08C5, 0x08C5, 0x1106,
  0x1126, 0x1106, 0x08E6, 0x1106, 0x1926, 0x2187, 0x2187, 0x2167, 0x1947, 0x1968, 0x2188, 0x1148,
  0x1947, 0x2988, 0x29C8, 0x21A9, 0x1988, 0x29C8, 0x2188, 0x1107, 0x0907, 0x1127, 0x1127, 0x1127,
  0x1106, 0x08E6, 0x08E6, 0x08E7, 0x0907, 0x0085, 0x1A70, 0x6DDF, 0x85FE, 0x5D5E, 0xAEBF, 0xCF7F,
  0x965F, 0x8E3F, 0x5D3F, 0x341B, 0x00E9, 0x0086, 0x0086, 0x0085, 0x0086, 0x00C6, 0x0927, 0x0908,
  0x1169, 0x0949, 0x0908, 0x1127, 0x1989, 0x118B, 0x21AA, 0x29C9, 0x320A, 0x21CB, 0x096B, 0x118B,
  0x21AA, 0x322B, 0x2A0C, 0x3A6C, 0x4AAC, 0x320B, 0x29CB, 0x426B, 0x320B, 0x29CB, 0x21CB, 0x3A4C,
  0x4AAC, 0x322A, 0x5B50, 0x7C95, 0x9558, 0xA5B9, 0x9DDA, 0x8D7A, 0x859C, 0x6D3B, 0x95FD, 0xB69E,
  0xB67D, 0xAE3D, 0x9E1D, 0xA61D, 0xAE3C, 0xBE9D, 0xBE9D, 0xBE9D, 0xA61C, 0xA5FC, 0xA5FB, 0xAE1C,
  0xB65D, 0x9D7C, 0x8CDB, 0x8CBB, 0x8437, 0x9D1A, 0xA55D, 0x6BB4, 0xB5DC, 0xE6FF, 0xE71F, 0xBE3E,
  0xC63E, 0xD67C, 0xB5BB, 0x451F, 0x11AB, 0x0000, 0x0000, 0x0000, 0x0000, 0x0000, 0x0000, 0x0000,
  0x0000, 0x0000, 0x0000, 0x0000, 0x0000, 0x0000, 0x1A90, 0x447C, 0x1908, 0x0022, 0x0021, 0x0021,
  0x0021, 0x0021, 0x0021, 0x0021, 0x0021, 0x0021, 0x0021, 0x0021, 0x0021, 0x0021, 0x0021, 0x0021,
  0x0021, 0x0021, 0x0021, 0x0021, 0x0022, 0x0021, 0x0021, 0x0021, 0x0021, 0x0022, 0x0021, 0x0021,
  0x0021, 0x0021, 0x0021, 0x0021, 0x0021, 0x0021, 0x0021, 0x0021, 0x0021, 0x0021, 0x0021, 0x0021,
  0x0022, 0x0021, 0x0021, 0x0022, 0x0022, 0x0022, 0x0022, 0x0022, 0x0022, 0x0022, 0x0021, 0x0021,
  0x0021, 0x0021, 0x0021, 0x0021, 0x0021, 0x0021, 0x0042, 0x0000, 0x5ACC, 0xE6BD, 0xD65B, 0xD63B,
  0xD65B, 0xD65B, 0xD65B, 0xE6BD, 0x62ED, 0x0000, 0x0042, 0x0021, 0x0021, 0x0021, 0x0021, 0x0021,
  0x0021, 0x0021, 0x0021, 0x0021, 0x0021, 0x0021, 0x0022, 0x0021, 0x0021, 0x0021, 0x0021, 0x0021,
  0x0021, 0x0021, 0x0021, 0x0021, 0x0021, 0x0021, 0x0021, 0x0022, 0x0022, 0x0042, 0x0022, 0x0042,
  0x0042, 0x0042, 0x0042, 0x0042, 0x0042, 0x0043, 0x0063, 0x0063, 0x0063, 0x0063, 0x0063, 0x0083,
  0x0083, 0x0084, 0x0084, 0x0084, 0x0084, 0x0884, 0x0084, 0x0084, 0x00A4, 0x0084, 0x00A4, 0x00A4,
  0x0084, 0x0083, 0x00A4, 0x00A5, 0x08A5, 0x08A4, 0x0084, 0x0063, 0x0063, 0x0064, 0x0084, 0x0084,
  0x0064, 0x0063, 0x0043, 0x0043, 0x0063, 0x0022, 0x22F4, 0x451F, 0x551D, 0x8E3E, 0xB6FF, 0x861E,
  0x655E, 0x8E3E, 0x8E3F, 0x237A, 0x0023, 0x0021, 0x0022, 0x0022, 0x0043, 0x0043, 0x0043, 0x0043,
  0x0064, 0x0085, 0x0064, 0x0063, 0x00A4, 0x00C6, 0x08C5, 0x08C5, 0x08E6, 0x00C6, 0x00C6, 0x0907,
  0x0907, 0x1107, 0x0907, 0x1148, 0x1967, 0x1947, 0x1127, 0x1947, 0x1948, 0x1128, 0x1128, 0x1948,
  0x1947, 0x1127, 0x1927, 0x1948, 0x1989, 0x21CA, 0x21A9, 0x21EB, 0xAE3C, 0xCF3F, 0xBEBE, 0xC6FF,
  0xD73F, 0xCEFF, 0xB6BE, 0xAE9F, 0xB6BF, 0xC6FF, 0xD73F, 0xDF7F, 0xA5BA, 0x320B, 0x3A6F, 0x4AF4,
  0x4B14, 0x3A9A, 0x4AFA, 0x8C9B, 0xA51B, 0xBDDC, 0xCE7E, 0xA55A, 0xBDDC, 0xBDBC, 0xCE5D, 0xC5FE,
  0xAD5D, 0xBD7A, 0x855C, 0x347C, 0x0042, 0x0000, 0x0000, 0x0000, 0x0000, 0x0000, 0x0000, 0x0000,
  0x0000, 0x0000, 0x0000, 0x0000, 0x0000, 0x0000, 0x08C5, 0x3CBD, 0x1128, 0x0000, 0x0021, 0x0021,
  0x0021, 0x0021, 0x0021, 0x0021, 0x0021, 0x0021, 0x0021, 0x0021, 0x0021, 0x0021, 0x0021, 0x0021,
  0x0021, 0x0021, 0x0021, 0x0022, 0x0021, 0x0022, 0x0022, 0x0022, 0x0021, 0x0022, 0x0021, 0x0022,
  0x0022, 0x0021, 0x0021, 0x0021, 0x0021, 0x0021, 0x0021, 0x0021, 0x0021, 0x0022, 0x0022, 0x0021,
  0x0021, 0x0022, 0x0022, 0x0022, 0x0022, 0x0022, 0x0022, 0x0022, 0x0022, 0x0022, 0x0022, 0x0022,
  0x0022, 0x0022, 0x0022, 0x0022, 0x0022, 0x0022, 0x0022, 0x0042, 0x0000, 0x528B, 0xDE7C, 0xD65C,
  0xCE3B, 0xD67C, 0xDE9C, 0x5ACC, 0x0000, 0x0042, 0x0022, 0x0022, 0x0022, 0x0022, 0x0022, 0x0022,
  0x0022, 0x0022, 0x0022, 0x0022, 0x0022, 0x0022, 0x0022, 0x0022, 0x0022, 0x0022, 0x0022, 0x0022,
  0x0022, 0x0042, 0x0042, 0x0042, 0x0042, 0x0042, 0x0042, 0x0042, 0x0043, 0x0063, 0x0063, 0x0063,
  0x0063, 0x0063, 0x0063, 0x0063, 0x0083, 0x0884, 0x0084, 0x08A4, 0x08A4, 0x08A4, 0x08C5, 0x08C5,
  0x08A4, 0x08A4, 0x08A4, 0x00A5, 0x00A5, 0x08A4, 0x08A4, 0x08A5, 0x08C5, 0x00A4, 0x08A5, 0x08C5,
  0x08C5, 0x08C5, 0x08C5, 0x08A5, 0x08A4, 0x08A5, 0x00A5, 0x00A4, 0x0084, 0x0064, 0x0064, 0x0064,
  0x0084, 0x0064, 0x0063, 0x0043, 0x0064, 0x0064, 0x3B96, 0x347E, 0x551D, 0x963E, 0xAEDF, 0x5D1E,
  0x3C7E, 0x6D7E, 0x861E, 0x4CDD, 0x00C8, 0x0043, 0x0043, 0x0044, 0x0085, 0x00A6, 0x00A5, 0x0064,
  0x0085, 0x0085, 0x0085, 0x00A6, 0x08E6, 0x08E6, 0x0906, 0x00E7, 0x0907, 0x1126, 0x08E6, 0x08E8,
  0x0908, 0x0928, 0x0908, 0x1127, 0x1947, 0x1968, 0x2189, 0x21A8, 0x1989, 0x0929, 0x0908, 0x1107,
  0x1947, 0x1127, 0x1968, 0x1968, 0x0908, 0x1127, 0x08C5, 0x324C, 0x9599, 0xA5DA, 0x9D99, 0xA5FB,
  0xAE7E, 0x9E1D, 0x9E3D, 0xA65D, 0xA63D, 0x9E1D, 0xAE7D, 0xC6DE, 0xBE7D, 0x3A6B, 0x21D1, 0x218D,
  0x2A32, 0x3A72, 0x194A, 0x7C18, 0xBDBD, 0xCE5E, 0xCE5E, 0xBD9A, 0xC61B, 0xCE5E, 0xD67E, 0xC65D,
  0x7C5B, 0xD69E, 0x65BF, 0x22F2, 0x0000, 0x0000, 0x0000, 0x0000, 0x0000, 0x0000, 0x0000, 0x0000,
  0x0000, 0x0000, 0x0000, 0x0000, 0x0000, 0x0000, 0x0000, 0x33D7, 0x22B1, 0x0000, 0x0022, 0x0021,
  0x0021, 0x0021, 0x0021, 0x0021, 0x0021, 0x0021, 0x0021, 0x0021, 0x0021, 0x0022, 0x0022, 0x0021,
  0x0021, 0x0021, 0x0021, 0x0021, 0x0022, 0x0022, 0x0022, 0x0022, 0x0022, 0x0022, 0x0022, 0x0021,
  0x0021, 0x0021, 0x0021, 0x0021, 0x0022, 0x0021, 0x0021, 0x0021, 0x0021, 0x0022, 0x0022, 0x0022,
  0x0021, 0x0021, 0x0022, 0x0022, 0x0022, 0x0022, 0x0022, 0x0022, 0x0022, 0x0022, 0x0022, 0x0022,
  0x0022, 0x0022, 0x0022, 0x0022, 0x0022, 0x0022, 0x0022, 0x0022, 0x0042, 0x0000, 0x41E9, 0xCE1A,
  0xE6DD, 0xCE3B, 0x4209, 0x0000, 0x0042, 0x0022, 0x0022, 0x0022, 0x0022, 0x0022, 0x0022, 0x0022,
  0x0022, 0x0022, 0x0022, 0x0022, 0x0022, 0x0022, 0x0022, 0x0022, 0x0022, 0x0022, 0x0022, 0x0022,
  0x0022, 0x0042, 0x0042, 0x0042, 0x0042, 0x0043, 0x0042, 0x0042, 0x0042, 0x0042, 0x0063, 0x0063,
  0x0063, 0x0063, 0x0063, 0x0063, 0x0083, 0x0084, 0x0084, 0x08A4, 0x08A4, 0x08A4, 0x08C5, 0x10E5,
  0x08E5, 0x08E5, 0x08C5, 0x08E6, 0x1106, 0x1106, 0x08E5, 0x10E5, 0x1106, 0x1926, 0x1926, 0x1926,
  0x1126, 0x1947, 0x1106, 0x1126, 0x1926, 0x1126, 0x1106, 0x1126, 0x1106, 0x08E5, 0x08E6, 0x08E6,
  0x08E6, 0x08C6, 0x00A5, 0x00A5, 0x00A5, 0x00C6, 0x08C6, 0x12D7, 0x6D9F, 0xB6DF, 0x9E9F, 0x2C3D,
  0x345E, 0x5D3E, 0x5D1E, 0x865F, 0x1A0E, 0x0086, 0x00C7, 0x00A6, 0x00A5, 0x08C6, 0x0907, 0x00C7,
  0x0907, 0x1127, 0x00E8, 0x0908, 0x1988, 0x21A9, 0x21A9, 0x1149, 0x21AA, 0x31E9, 0x2189, 0x198A,
  0x198A, 0x116A, 0x198A, 0x29CA, 0x29CA, 0x21CA, 0x322B, 0x3A2A, 0x320A, 0x21AA, 0x198A, 0x29EA,
  0x3A2A, 0x29E9, 0x31E9, 0x29C9, 0x1969, 0x29A9, 0x1968, 0x42AE, 0x8DBB, 0x64FA, 0x5C78, 0x9D98,
  0x9E1C, 0x5CBA, 0x5C99, 0x5C9A, 0x6D1B, 0x95FC, 0x9DDC, 0x8DDD, 0xA61C, 0x3A6D, 0x21AC, 0x090A,
  0x2A15, 0x4B18, 0x6396, 0x9D1C, 0x9CFC, 0xB55C, 0x8C35, 0x7392, 0xD6BE, 0xDEBE, 0xDEBE, 0xDEFE,
  0xBE1D, 0x853C, 0x451F, 0x0906, 0x0000, 0x0000, 0x0000, 0x0000, 0x0000, 0x0000, 0x0000, 0x0000,
  0x0000, 0x0000, 0x0000, 0x0000, 0x0000, 0x0000, 0x0000, 0x19EC, 0x3C7B, 0x0063, 0x0043, 0x0022,
  0x0021, 0x0021, 0x0021, 0x0021, 0x0021, 0x0021, 0x0021, 0x0022, 0x0863, 0x10C5, 0x0884, 0x0042,
  0x0021, 0x0021, 0x0021, 0x0021, 0x0021, 0x0022, 0x0022, 0x0022, 0x0022, 0x0022, 0x0022, 0x0022,
  0x0022, 0x0022, 0x0022, 0x0022, 0x0021, 0x0021, 0x0021, 0x0021, 0x0022, 0x0021, 0x0022, 0x0022,
  0x0022, 0x0022, 0x0022, 0x0022, 0x0022, 0x0022, 0x0022, 0x0042, 0x0022, 0x0022, 0x0042, 0x0042,
  0x0022, 0x0022, 0x0022, 0x0022, 0x0022, 0x0022, 0x0022, 0x0022, 0x0021, 0x0042, 0x0000, 0x2146,
  0x9473, 0x2946, 0x0000, 0x0042, 0x0022, 0x0022, 0x0022, 0x0022, 0x0022, 0x0022, 0x0022, 0x0022,
  0x0022, 0x0022, 0x0022, 0x0022, 0x0022, 0x0022, 0x0022, 0x0022, 0x0022, 0x0022, 0x0022, 0x0022,
  0x0022, 0x0022, 0x0022, 0x0022, 0x0042, 0x0042, 0x0022, 0x0022, 0x0042, 0x0063, 0x0063, 0x0063,
  0x0063, 0x0863, 0x0083, 0x0083, 0x0883, 0x0883, 0x0884, 0x08A4, 0x08A4, 0x08A4, 0x08A4, 0x08C5,
  0x08C5, 0x08C5, 0x08C5, 0x08C5, 0x10E5, 0x10E5, 0x08E5, 0x1106, 0x1926, 0x1947, 0x2167, 0x1946,
  0x1106, 0x1106, 0x1126, 0x1947, 0x1946, 0x1926, 0x1927, 0x1947, 0x1126, 0x1106, 0x1106, 0x1106,
  0x0906, 0x08E6, 0x08E6, 0x00C6, 0x00A5, 0x00A5, 0x0065, 0x33D9, 0x6DBF, 0x75DE, 0x44BE, 0x23FD,
  0x6D7E, 0x75BF, 0x4CDE, 0x5C98, 0x19AA, 0x00A6, 0x00C7, 0x00C6, 0x00C6, 0x08E6, 0x08E6, 0x00C6,
  0x1127, 0x1968, 0x0908, 0x0908, 0x21A9, 0x31E9, 0x29C9, 0x2189, 0x320A, 0x3A2A, 0x320A, 0x320A,
  0x320A, 0x198A, 0x21CB, 0x3A2B, 0x426B, 0x426B, 0x3A4B, 0x320A, 0x29EA, 0x320B, 0x320B, 0x424B,
  0x426B, 0x3A2A, 0x3A0A, 0x29E9, 0x2189, 0x29C9, 0x2188, 0x4AEF, 0x6D7D, 0x2BDA, 0x2AF4, 0x9557,
  0x857B, 0x33B6, 0x3395, 0x3BD7, 0x443A, 0x6D3B, 0x95BB, 0x3C5B, 0x8DBC, 0x5B77, 0x5B78, 0x3A96,
  0x42F9, 0x4B19, 0x5B7B, 0x7C3B, 0x9499, 0xAD3A, 0x31AB, 0x94B6, 0xDEDF, 0xEF5F, 0xD67E, 0xE73F,
  0xFFBF, 0x657F, 0x2BB7, 0x0000, 0x0000, 0x0000, 0x0000, 0x0000, 0x0000, 0x0000, 0x0000, 0x0000,
  0x0000, 0x0000, 0x0000, 0x0000, 0x0000, 0x0000, 0x0000, 0x0041, 0x3C7C, 0x32B1, 0x18E6, 0x0063,
  0x0021, 0x0021, 0x0021, 0x0021, 0x0022, 0x0043, 0x08A4, 0x1927, 0x29CA, 0x29CA, 0x10E6, 0x0042,
  0x0021, 0x0021, 0x0021, 0x0021, 0x0021, 0x0021, 0x0022, 0x0022, 0x0022, 0x0022, 0x0022, 0x0022,
  0x0022, 0x0022, 0x0022, 0x0022, 0x0021, 0x0022, 0x0021, 0x0022, 0x0022, 0x0022, 0x0022, 0x0022,
  0x0022, 0x0022, 0x0022, 0x0022, 0x0022, 0x0022, 0x0022, 0x0022, 0x0022, 0x0022, 0x0022, 0x0022,
  0x0022, 0x0022, 0x0022, 0x0022, 0x0022, 0x0022, 0x0022, 0x0022, 0x0021, 0x0021, 0x0042, 0x0001,
  0x0000, 0x0001, 0x0042, 0x0022, 0x0022, 0x0022, 0x0022, 0x0022, 0x0022, 0x0022, 0x0022, 0x0022,
  0x0022, 0x0022, 0x0022, 0x0022, 0x0022, 0x0022, 0x0022, 0x0022, 0x0022, 0x0022, 0x0022, 0x0022,
  0x0022, 0x0022, 0x0022, 0x0022, 0x0022, 0x0022, 0x0022, 0x0022, 0x0042, 0x0063, 0x0063, 0x0063,
  0x0063, 0x0883, 0x0084, 0x0884, 0x0884, 0x08A4, 0x08A4, 0x08A4, 0x08A4, 0x08A4, 0x08A4, 0x08C5,
  0x08C5, 0x08C5, 0x08A5, 0x08A4, 0x08C5, 0x08E5, 0x08E6, 0x10E6, 0x08E6, 0x1106, 0x1926, 0x1106,
  0x08C5, 0x08E5, 0x1106, 0x1126, 0x1926, 0x1126, 0x1126, 0x1126, 0x1106, 0x08E6, 0x1106, 0x1106,
  0x08E6, 0x08E6, 0x08E6, 0x08E6, 0x00C6, 0x08C6, 0x0085, 0x6498, 0x657F, 0x44FE, 0x4CDE, 0x6D5E,
  0x6D7E, 0xA69F, 0x755C, 0x0045, 0x0085, 0x00A6, 0x00C6, 0x08E7, 0x0907, 0x1148, 0x1127, 0x1127,
  0x1968, 0x1947, 0x0907, 0x0928, 0x1989, 0x29EA, 0x29CA, 0x21CA, 0x320A, 0x322A, 0x3A2B, 0x3A4B,
  0x424B, 0x21CB, 0x29EB, 0x426B, 0x4AAC, 0x4AAC, 0x4AAC, 0x3A4B, 0x320B, 0x426B, 0x424B, 0x4A8B,
  0x4A6B, 0x3A2A, 0x3A2A, 0x29C9, 0x21A9, 0x320A, 0x29A9, 0x42CE, 0x4C9B, 0x1B17, 0x2271, 0x74D7,
  0x64D9, 0x1B17, 0x12D5, 0x2336, 0x2B97, 0x4439, 0x7D3A, 0x3397, 0x7D7C, 0x6BFB, 0x6BDB, 0x6BDD,
  0x3A51, 0x29F1, 0x6BFD, 0x8C57, 0x9496, 0xC65E, 0x9D17, 0xB5DD, 0xBE1E, 0xF79F, 0xD69E, 0xBD9D,
  0xADBC, 0x4D7F, 0x11CB, 0x0000, 0x0000, 0x0000, 0x0000, 0x0000, 0x0000, 0x0000, 0x0000, 0x0000,
  0x0000, 0x0000, 0x0000, 0x0000, 0x0000, 0x0000, 0x0000, 0x0000, 0x22B1, 0x4CBD, 0x31EC, 0x0884,
  0x0021, 0x0021, 0x0022, 0x0063, 0x1106, 0x29CB, 0x42AF, 0x5B72, 0x5B93, 0x322C, 0x08C5, 0x0021,
  0x0021, 0x0021, 0x0021, 0x0021, 0x0021, 0x0021, 0x0021, 0x0021, 0x0021, 0x0021, 0x0022, 0x0022,
  0x0022, 0x0022, 0x0022, 0x0022, 0x0021, 0x0021, 0x0021, 0x0022, 0x0022, 0x0022, 0x0022, 0x0022,
  0x0022, 0x0022, 0x0022, 0x0022, 0x0022, 0x0022, 0x0022, 0x0022, 0x0022, 0x0022, 0x0022, 0x0022,
  0x0022, 0x0022, 0x0022, 0x0022, 0x0022, 0x0021, 0x0022, 0x0022, 0x0022, 0x0021, 0x0021, 0x0022,
  0x0042, 0x0022, 0x0021, 0x0022, 0x0022, 0x0021, 0x0022, 0x0022, 0x0022, 0x0022, 0x0022, 0x0022,
  0x0022, 0x0022, 0x0022, 0x0022, 0x0022, 0x0022, 0x0022, 0x0022, 0x0022, 0x0022, 0x0022, 0x0022,
  0x0022, 0x0022, 0x0022, 0x0022, 0x0022, 0x0022, 0x0022, 0x0022, 0x0042, 0x0042, 0x0042, 0x0042,
  0x0043, 0x0063, 0x0063, 0x0083, 0x0083, 0x0883, 0x0884, 0x08A4, 0x08C4, 0x10C5, 0x08C5, 0x08C5,
  0x10E5, 0x10E5, 0x10E5, 0x10E5, 0x10E5, 0x10E5, 0x1106, 0x1106, 0x08C5, 0x08E5, 0x1106, 0x1106,
  0x08E5, 0x08E6, 0x1126, 0x1947, 0x1927, 0x1126, 0x1926, 0x1106, 0x0906, 0x08C6, 0x0906, 0x1106,
  0x08E6, 0x0906, 0x08E6, 0x08E6, 0x08E6, 0x00C6, 0x00C6, 0x08E7, 0x33D9, 0x7E1F, 0xC73F, 0x759D,
  0x4C9A, 0xA6FF, 0x8D9A, 0x0065, 0x00C6, 0x00A6, 0x08E7, 0x1148, 0x1149, 0x19A9, 0x19A9, 0x2188,
  0x21A8, 0x2188, 0x1948, 0x1968, 0x1969, 0x19AA, 0x21EA, 0x21CA, 0x320A, 0x21CA, 0x320A, 0x424B,
  0x428B, 0x3A4B, 0x2A0B, 0x3A4B, 0x426C, 0x4AAC, 0x52CC, 0x3A4C, 0x320B, 0x426B, 0x424B, 0x424B,
  0x424B, 0x3A2A, 0x3A2A, 0x21A9, 0x1989, 0x21A9, 0x1947, 0x2A2C, 0x2BD9, 0x0A75, 0x11CE, 0x5436,
  0x3BF8, 0x0234, 0x01F3, 0x0A35, 0x0A74, 0x2356, 0x5CB9, 0x2AF5, 0x6D3B, 0x3270, 0x29ED, 0x3252,
  0x4B18, 0x73FC, 0x9CBA, 0x6B74, 0xAD9E, 0xD69E, 0xEF9F, 0xCE9E, 0xB5BD, 0xCE5E, 0xF7BF, 0xC5DD,
  0x6D1D, 0x345B, 0x0041, 0x0000, 0x0000, 0x0000, 0x0000, 0x0000, 0x0000, 0x0000, 0x0000, 0x0000,
  0x0000, 0x0000, 0x0000, 0x0000, 0x0000, 0x0000, 0x0000, 0x0000, 0x08C4, 0x3CDE, 0x3270, 0x0863,
  0x0021, 0x0043, 0x10E6, 0x29EB, 0x4B10, 0x6C16, 0x84B9, 0x84BA, 0x6395, 0x2189, 0x0042, 0x0021,
  0x0021, 0x0021, 0x0021, 0x0021, 0x0021, 0x0021, 0x0021, 0x0021, 0x0021, 0x0021, 0x0021, 0x0022,
  0x0022, 0x0022, 0x0022, 0x0022, 0x0022, 0x0021, 0x0021, 0x0022, 0x0022, 0x0022, 0x0022, 0x0022,
  0x0022, 0x0022, 0x0022, 0x0022, 0x0022, 0x0022, 0x0022, 0x0022, 0x0022, 0x0022, 0x0022, 0x0022,
  0x0022, 0x0022, 0x0022, 0x0022, 0x0022, 0x0022, 0x0022, 0x0022, 0x0022, 0x0022, 0x0022, 0x0022,
  0x0022, 0x0022, 0x0022, 0x0022, 0x0022, 0x0022, 0x0022, 0x0022, 0x0022, 0x0022, 0x0022, 0x0022,
  0x0022, 0x0022, 0x0022, 0x0022, 0x0042, 0x0042, 0x0022, 0x0042, 0x0022, 0x0022, 0x0042, 0x0022,
  0x0022, 0x0022, 0x0022, 0x0022, 0x0022, 0x0022, 0x0022, 0x0022, 0x0042, 0x0042, 0x0042, 0x0042,
  0x0043, 0x0043, 0x0063, 0x0043, 0x0063, 0x0063, 0x0063, 0x0083, 0x08A4, 0x08A4, 0x08A4, 0x08A4,
  0x10E5, 0x10E5, 0x08C5, 0x08C5, 0x08E5, 0x10E5, 0x10E5, 0x08E5, 0x08A4, 0x08A5, 0x08E5, 0x08C5,
  0x08C5, 0x08C5, 0x08E5, 0x1106, 0x1126, 0x1926, 0x1126, 0x08E6, 0x08C5, 0x00A5, 0x08E6, 0x08E6,
  0x08E6, 0x08E6, 0x00C6, 0x00C5, 0x00A5, 0x00A5, 0x0085, 0x0064, 0x1129, 0x8DB9, 0x7CF7, 0x228E,
  0x64F8, 0x4B92, 0x1169, 0x0085, 0x00A6, 0x00A6, 0x00C5, 0x08C5, 0x08E7, 0x1168, 0x1969, 0x1948,
  0x1988, 0x1988, 0x1968, 0x2188, 0x1989, 0x19AA, 0x21AA, 0x29EA, 0x322B, 0x29EB, 0x322A, 0x3A4B,
  0x426B, 0x3A4B, 0x322B, 0x322C, 0x320B, 0x426B, 0x426C, 0x322B, 0x29EB, 0x3A2B, 0x3A2A, 0x320A,
  0x320A, 0x29E9, 0x29C9, 0x21A9, 0x1969, 0x1969, 0x0907, 0x11AB, 0x1B18, 0x09AF, 0x08E7, 0x3375,
  0x2316, 0x012E, 0x00C9, 0x00EE, 0x0192, 0x0A74, 0x4C17, 0x22D5, 0x64DA, 0x2A34, 0x112D, 0x3251,
  0x6BFB, 0x7C3B, 0x8C7A, 0x639A, 0x9D1E, 0xC63E, 0xDF1E, 0xDEFF, 0xC61F, 0xE71F, 0xDEFC, 0x9D78,
  0x451F, 0x1A4E, 0x0000, 0x0000, 0x0000, 0x0000, 0x0000, 0x0000, 0x0000, 0x0000, 0x0000, 0x0000,
  0x0000, 0x0000, 0x0000, 0x0000, 0x0000, 0x0000, 0x0000, 0x0000, 0x0000, 0x2BB6, 0x3396, 0x0022,
  0x08A5, 0x2189, 0x4AF0, 0x7436, 0x8CDA, 0x94FB, 0x847A, 0x7419, 0x4291, 0x10E7, 0x0022, 0x0021,
  0x0021, 0x0022, 0x0022, 0x0022, 0x0022, 0x0022, 0x0022, 0x0022, 0x0022, 0x0022, 0x0022, 0x0022,
  0x0022, 0x0022, 0x0022, 0x0022, 0x0022, 0x0022, 0x0022, 0x0022, 0x0022, 0x0022, 0x0042, 0x0042,
  0x0042, 0x0042, 0x0042, 0x0042, 0x0042, 0x0042, 0x0042, 0x0042, 0x0042, 0x0042, 0x0042, 0x0042,
  0x0042, 0x0042, 0x0022, 0x0022, 0x0022, 0x0022, 0x0022, 0x0022, 0x0022, 0x0022, 0x0022, 0x0022,
  0x0022, 0x0022, 0x0022, 0x0042, 0x0042, 0x0042, 0x0042, 0x0042, 0x0042, 0x0042, 0x0042, 0x0042,
  0x0042, 0x0042, 0x0042, 0x0042, 0x0042, 0x0042, 0x0042, 0x0042, 0x0042, 0x0042, 0x0042, 0x0042,
  0x0022, 0x0022, 0x0042, 0x0042, 0x0042, 0x0042, 0x0042, 0x0042, 0x0042, 0x0042, 0x0042, 0x0042,
  0x0043, 0x0042, 0x0042, 0x0043, 0x0063, 0x0063, 0x0063, 0x0063, 0x0084, 0x0084, 0x0084, 0x00A4,
  0x08C5, 0x08C5, 0x08A5, 0x08C5, 0x08C5, 0x08A5, 0x08A4, 0x0084, 0x0084, 0x0084, 0x0084, 0x0084,
  0x0084, 0x0084, 0x0084, 0x08C5, 0x1106, 0x1126, 0x1106, 0x0084, 0x0064, 0x0063, 0x00A5, 0x00A5,
  0x0084, 0x0084, 0x0064, 0x0064, 0x0085, 0x0085, 0x0084, 0x08C5, 0x0044, 0x4331, 0x7CF7, 0x228F,
  0x64D8, 0x0085, 0x00A6, 0x0908, 0x0928, 0x0969, 0x1169, 0x0928, 0x08E7, 0x1168, 0x1969, 0x1969,
  0x21A9, 0x1148, 0x1148, 0x21A9, 0x21A9, 0x198A, 0x198A, 0x21CA, 0x322B, 0x21CB, 0x320B, 0x3A4B,
  0x426B, 0x426B, 0x322B, 0x322C, 0x21CB, 0x2A0B, 0x320B, 0x29EB, 0x198A, 0x29CA, 0x29CA, 0x21AA,
  0x29C9, 0x21A9, 0x2188, 0x1968, 0x1969, 0x1969, 0x1148, 0x1A0D, 0x1B38, 0x016D, 0x08A5, 0x2B76,
  0x1AB5, 0x008A, 0x0000, 0x0023, 0x014F, 0x0234, 0x4C17, 0x2294, 0x5CDA, 0x29F0, 0x42D7, 0x7C3B,
  0x94DB, 0x84BB, 0x4316, 0x6C1B, 0x953D, 0xBE1E, 0xD6DF, 0xCEBE, 0x84B8, 0x84D6, 0x7C73, 0x64D9,
  0x347D, 0x0062, 0x0000, 0x0000, 0x0000, 0x0000, 0x0000, 0x0000, 0x0000, 0x0000, 0x0000, 0x0000,
  0x0000, 0x0000, 0x0000, 0x0000, 0x0000, 0x0000, 0x0000, 0x0000, 0x0000, 0x1148, 0x44DD, 0x08E7,
  0x29AB, 0x6374, 0x8CBA, 0xA53C, 0x9D1C, 0x845B, 0x6399, 0x5338, 0x320F, 0x10E6, 0x0021, 0x0021,
  0x0022, 0x0022, 0x0022, 0x0022, 0x0022, 0x0042, 0x0042, 0x0042, 0x0042, 0x0042, 0x0042, 0x0022,
  0x0022, 0x0022, 0x0022, 0x0022, 0x0022, 0x0022, 0x0022, 0x0022, 0x0022, 0x0022, 0x0022, 0x0042,
  0x0042, 0x0042, 0x0042, 0x0042, 0x0042, 0x0042, 0x0042, 0x0042, 0x0042, 0x0042, 0x0042, 0x0042,
  0x0042, 0x0022, 0x0042, 0x0022, 0x0022, 0x0022, 0x0022, 0x0022, 0x0022, 0x0022, 0x0022, 0x0022,
  0x0022, 0x0022, 0x0022, 0x0022, 0x0022, 0x0022, 0x0022, 0x0042, 0x0042, 0x0042, 0x0042, 0x0042,
  0x0042, 0x0042, 0x0042, 0x0042, 0x0042, 0x0042, 0x0042, 0x0042, 0x0042, 0x0042, 0x0042, 0x0042,
  0x0022, 0x0022, 0x0022, 0x0042, 0x0022, 0x0022, 0x0042, 0x0042, 0x0042, 0x0042, 0x0042, 0x0042,
  0x0042, 0x0043, 0x0043, 0x0043, 0x0043, 0x0043, 0x0063, 0x0063, 0x0063, 0x0063, 0x0063, 0x0084,
  0x08A4, 0x08A4, 0x0084, 0x0084, 0x08A4, 0x08C5, 0x08C4, 0x0084, 0x0084, 0x0084, 0x0083, 0x0084,
  0x0084, 0x0084, 0x0063, 0x0084, 0x00A5, 0x08C5, 0x00A5, 0x0043, 0x0043, 0x0043, 0x0043, 0x1968,
  0x324C, 0x2A0B, 0x21AA, 0x1969, 0x19AA, 0x1149, 0x198A, 0x1989, 0x1148, 0x2A6E, 0x757A, 0x757A,
  0x53F4, 0x08E7, 0x1149, 0x1148, 0x1168, 0x1149, 0x0908, 0x0108, 0x0928, 0x198A, 0x19AA, 0x1148,
  0x2189, 0x1128, 0x1128, 0x1988, 0x2189, 0x21AA, 0x198A, 0x19AA, 0x21AA, 0x1969, 0x29EA, 0x322B,
  0x3A4C, 0x3A4B, 0x3A2B, 0x29EB, 0x19AB, 0x21AA, 0x21CA, 0x21AA, 0x1149, 0x2189, 0x1989, 0x1169,
  0x21A9, 0x2188, 0x1148, 0x0928, 0x1128, 0x1149, 0x0928, 0x2A6E, 0x3C18, 0x12B4, 0x11AC, 0x64B8,
  0x3377, 0x00CD, 0x0023, 0x0066, 0x0171, 0x2357, 0x64B9, 0x3378, 0x7D7C, 0x4AF3, 0x5B58, 0x7C3C,
  0xB5DD, 0x8D1B, 0x19D0, 0x63DA, 0xB5DE, 0xCE9E, 0x8CF8, 0x5B92, 0x6C13, 0x7474, 0x84D5, 0x4D3F,
  0x1A91, 0x0000, 0x0000, 0x0000, 0x0000, 0x0000, 0x0000, 0x0000, 0x0000, 0x0000, 0x0000, 0x0000,
  0x0000, 0x0000, 0x0000, 0x0000, 0x0000, 0x0000, 0x0000, 0x0000, 0x0000, 0x0000, 0x33F8, 0x3376,
  0x52D2, 0x94BB, 0xA51C, 0xA51C, 0x8C9B, 0x6B9A, 0x52F9, 0x4AD8, 0x320F, 0x08A5, 0x0021, 0x0021,
  0x0022, 0x0022, 0x0022, 0x0022, 0x0022, 0x0022, 0x0042, 0x0042, 0x0042, 0x0042, 0x0042, 0x0042,
  0x0042, 0x0042, 0x0042, 0x0042, 0x0042, 0x0042, 0x0042, 0x0042, 0x0042, 0x0042, 0x0042, 0x0042,
  0x0042, 0x0042, 0x0042, 0x0042, 0x0042, 0x0042, 0x0042, 0x0042, 0x0042, 0x0042, 0x0042, 0x0042,
  0x0042, 0x0042, 0x0042, 0x0042, 0x0042, 0x0042, 0x0042, 0x0022, 0x0022, 0x0022, 0x0022, 0x0022,
  0x0022, 0x0022, 0x0022, 0x0042, 0x0042, 0x0042, 0x0042, 0x0042, 0x0042, 0x0042, 0x0042, 0x0042,
  0x0042, 0x0042, 0x0042, 0x0042, 0x0042, 0x0042, 0x0042, 0x0042, 0x0042, 0x0042, 0x0042, 0x0042,
  0x0042, 0x0042, 0x0022, 0x0042, 0x0042, 0x0042, 0x0042, 0x0042, 0x0042, 0x0043, 0x0043, 0x0043,
  0x0043, 0x0043, 0x0063, 0x0043, 0x0043, 0x0063, 0x0063, 0x0063, 0x0063, 0x0063, 0x0063, 0x0084,
  0x0084, 0x0084, 0x0084, 0x0084, 0x00A4, 0x08A4, 0x08A4, 0x0084, 0x0084, 0x0084, 0x0084, 0x0084,
  0x0084, 0x0084, 0x0084, 0x0084, 0x00A5, 0x08A5, 0x00A4, 0x0063, 0x0043, 0x0043, 0x0064, 0x08E7,
  0x42EF, 0x5391, 0x4331, 0x53D3, 0x6C55, 0x6C55, 0x6C34, 0x4B30, 0x42EF, 0x2AF0, 0x5D1A, 0xDF9F,
  0x859A, 0x4331, 0x53B3, 0x53B3, 0x53B2, 0x4B72, 0x6414, 0x7475, 0x7C96, 0x7CB6, 0x6C34, 0x1969,
  0x1148, 0x0928, 0x0908, 0x1969, 0x1989, 0x1989, 0x198A, 0x19AA, 0x21AA, 0x1169, 0x19AA, 0x21CB,
  0x2A0B, 0x29EB, 0x29EA, 0x198A, 0x114A, 0x198A, 0x21CA, 0x2189, 0x1129, 0x1969, 0x1969, 0x1149,
  0x1989, 0x1968, 0x1148, 0x0908, 0x092A, 0x116A, 0x0929, 0x326D, 0x53D3, 0x4BD3, 0x4BD4, 0x7D18,
  0x5C98, 0x1AD5, 0x1293, 0x1AB4, 0x2B77, 0x5479, 0x8D9B, 0x857B, 0x959C, 0x5356, 0x5314, 0x5B36,
  0x7C3A, 0x6BDA, 0x4317, 0x5BBA, 0x84B9, 0x8CF6, 0x7C73, 0xADD8, 0xADF9, 0x4AEE, 0x6CD8, 0x347D,
  0x0883, 0x0000, 0x0000, 0x0000, 0x0000, 0x0000, 0x0000, 0x0000, 0x0000, 0x0000, 0x0000, 0x0000,
  0x0000, 0x0000, 0x0000, 0x0000, 0x0000, 0x0000, 0x0000, 0x0000, 0x0000, 0x0000, 0x11AA, 0x44FF,
  0x7C3A, 0x94BC, 0xA51C, 0x94BC, 0x73DA, 0x5B1A, 0x52FA, 0x52D7, 0x29AD, 0x0864, 0x0021, 0x0021,
  0x0021, 0x0021, 0x0022, 0x0042, 0x0022, 0x0022, 0x0042, 0x0042, 0x0042, 0x0042, 0x0042, 0x0042,
  0x0042, 0x0042, 0x0042, 0x0042, 0x0042, 0x0042, 0x0042, 0x0042, 0x0042, 0x0042, 0x0042, 0x0042,
  0x0042, 0x0042, 0x0042, 0x0042, 0x0042, 0x0042, 0x0042, 0x0042, 0x0042, 0x0042, 0x0042, 0x0042,
  0x0042, 0x0042, 0x0042, 0x0042, 0x0042, 0x0042, 0x0042, 0x0042, 0x0022, 0x0042, 0x0042, 0x0042,
  0x0042, 0x0042, 0x0042, 0x0042, 0x0042, 0x0042, 0x0042, 0x0042, 0x0042, 0x0042, 0x0042, 0x0042,
  0x0042, 0x0042, 0x0042, 0x0042, 0x0042, 0x0042, 0x0042, 0x0042, 0x0042, 0x0042, 0x0042, 0x0042,
  0x0042, 0x0042, 0x0042, 0x0042, 0x0042, 0x0042, 0x0042, 0x0042, 0x0042, 0x0043, 0x0043, 0x0043,
  0x0043, 0x0043, 0x0043, 0x0043, 0x0043, 0x0063, 0x0063, 0x0063, 0x0063, 0x0063, 0x0063, 0x0063,
  0x0084, 0x0084, 0x0084, 0x0084, 0x0084, 0x0084, 0x0084, 0x0084, 0x0084, 0x0084, 0x0084, 0x0064,
  0x0063, 0x0063, 0x0064, 0x0064, 0x0064, 0x0064, 0x0084, 0x0063, 0x0063, 0x0043, 0x0084, 0x1148,
  0x19AB, 0x0908, 0x0929, 0x116A, 0x0907, 0x0908, 0x0908, 0x00A6, 0x0023, 0x6475, 0x9E1C, 0xB69D,
  0xD75F, 0x21AB, 0x00C7, 0x0929, 0x0908, 0x1128, 0x1969, 0x21CA, 0x2A0C, 0x32B0, 0x32AF, 0x1169,
  0x1969, 0x1149, 0x1149, 0x21AA, 0x198A, 0x19AA, 0x19AA, 0x21AA, 0x21CB, 0x198A, 0x198A, 0x198A,
  0x19AA, 0x198A, 0x198A, 0x116A, 0x114A, 0x116A, 0x198A, 0x1989, 0x0929, 0x1149, 0x1149, 0x1128,
  0x1968, 0x1989, 0x1169, 0x114B, 0x116E, 0x1149, 0x00A6, 0x21AA, 0x6C55, 0x7CB5, 0x7474, 0x8D79,
  0x859B, 0x64FA, 0x54BA, 0x651B, 0x7D7C, 0x859B, 0x9DFC, 0xBE7C, 0x9D9A, 0x5B59, 0x5B56, 0x4AD5,
  0x741B, 0x847C, 0x4B57, 0x4B53, 0x7454, 0xADB7, 0xC65A, 0xE73D, 0x84B5, 0x5350, 0x44DE, 0x22D2,
  0x0000, 0x0000, 0x0000, 0x0000, 0x0000, 0x0000, 0x0000, 0x0000, 0x0000, 0x0000, 0x0000, 0x0000,
  0x0000, 0x0000, 0x0000, 0x0000, 0x0000, 0x0000, 0x0000, 0x0000, 0x0000, 0x0000, 0x0020, 0x2BF9,
  0x64BD, 0x9C9B, 0x94BC, 0x7BFB, 0x5B3A, 0x52FA, 0x5B1A, 0x4275, 0x192A, 0x0042, 0x0001, 0x0001,
  0x0021, 0x0863, 0x10C5, 0x0884, 0x0042, 0x0022, 0x0042, 0x0042, 0x0042, 0x0042, 0x0062, 0x0062,
  0x0062, 0x0042, 0x0042, 0x0062, 0x0062, 0x0062, 0x0042, 0x0042, 0x0042, 0x0042, 0x0042, 0x0042,
  0x0042, 0x0042, 0x0042, 0x0042, 0x0042, 0x0042, 0x0042, 0x0042, 0x0042, 0x0042, 0x0042, 0x0042,
  0x0042, 0x0042, 0x0042, 0x0042, 0x0042, 0x0042, 0x0042, 0x0042, 0x0042, 0x0042, 0x0042, 0x0042,
  0x0042, 0x0042, 0x0042, 0x0042, 0x0042, 0x0042, 0x0042, 0x0042, 0x0042, 0x0042, 0x0042, 0x0042,
  0x0042, 0x0042, 0x0042, 0x0042, 0x0042, 0x0042, 0x0042, 0x0042, 0x0042, 0x0042, 0x0042, 0x0042,
  0x0042, 0x0042, 0x0042, 0x0042, 0x0042, 0x0042, 0x0042, 0x0042, 0x0042, 0x0042, 0x0042, 0x0042,
  0x0042, 0x0042, 0x0042, 0x0042, 0x0043, 0x0043, 0x0063, 0x0063, 0x0063, 0x0063, 0x0063, 0x0063,
  0x0084, 0x0084, 0x0084, 0x0063, 0x0083, 0x0084, 0x0084, 0x0084, 0x0084, 0x0063, 0x0063, 0x0063,
  0x0063, 0x0064, 0x0084, 0x0064, 0x0043, 0x0043, 0x0043, 0x0043, 0x0043, 0x0002, 0x21A9, 0x7495,
  0x7CD6, 0x7495, 0x7CB6, 0x7495, 0x63F3, 0x63F3, 0x5BD3, 0x6C33, 0x63D2, 0x8D16, 0xA5DA, 0xC69C,
  0xDF1D, 0x6414, 0x42CF, 0x4B10, 0x5372, 0x4B30, 0x5351, 0x63D2, 0x5BD2, 0x6C54, 0x53B3, 0x1149,
  0x1169, 0x0928, 0x0928, 0x1169, 0x118A, 0x198A, 0x198A, 0x21CA, 0x21CB, 0x19AA, 0x19AA, 0x19AB,
  0x21AA, 0x198A, 0x198A, 0x198A, 0x116A, 0x198A, 0x19AA, 0x1989, 0x0929, 0x1149, 0x1149, 0x1149,
  0x1969, 0x1969, 0x198A, 0x116D, 0x21ED, 0x4B2F, 0x42AD, 0x3A4C, 0x5350, 0x5370, 0x6C13, 0x8D38,
  0x8538, 0x74F8, 0x6CF9, 0x753A, 0x855A, 0x855A, 0x959A, 0xA5BA, 0x9558, 0x5351, 0x7C56, 0x8CBC,
  0x94FD, 0x7456, 0x8CF5, 0xB619, 0xC65A, 0x8CD5, 0x84F6, 0x9516, 0x7411, 0x5416, 0x34BE, 0x08A4,
  0x0000, 0x0000, 0x0000, 0x0000, 0x0000, 0x0000, 0x0000, 0x0000, 0x0000, 0x0000, 0x0000, 0x0000,
  0x0000, 0x0000, 0x0000, 0x0000, 0x0000, 0x0000, 0x0000, 0x0000, 0x0000, 0x0000, 0x0000, 0x11CB,
  0x4D3F, 0x94BB, 0x841B, 0x635A, 0x52FA, 0x5B1A, 0x5319, 0x31F1, 0x08C6, 0x0021, 0x0001, 0x0022,
  0x08A4, 0x29AA, 0x31EC, 0x1906, 0x0063, 0x0022, 0x0042, 0x0042, 0x0042, 0x0042, 0x0042, 0x0062,
  0x0062, 0x0062, 0x0062, 0x0062, 0x0042, 0x0062, 0x0062, 0x0062, 0x0042, 0x0042, 0x0042, 0x0042,
  0x0062, 0x0042, 0x0042, 0x0042, 0x0062, 0x0062, 0x0062, 0x0062, 0x0042, 0x0042, 0x0042, 0x0042,
  0x0042, 0x0042, 0x0042, 0x0042, 0x0042, 0x0042, 0x0042, 0x0042, 0x0042, 0x0042, 0x0042, 0x0042,
  0x0042, 0x0042, 0x0042, 0x0042, 0x0042, 0x0042, 0x0042, 0x0042, 0x0042, 0x0042, 0x0042, 0x0042,
  0x0042, 0x0042, 0x0042, 0x0042, 0x0042, 0x0042, 0x0042, 0x0042, 0x0042, 0x0042, 0x0042, 0x0042,
  0x0042, 0x0042, 0x0042, 0x0042, 0x0042, 0x0042, 0x0042, 0x0043, 0x0043, 0x0043, 0x0043, 0x0043,
  0x0043, 0x0043, 0x0043, 0x0042, 0x0043, 0x0043, 0x0043, 0x0043, 0x0063, 0x0063, 0x0063, 0x0084,
  0x0084, 0x0063, 0x0063, 0x0063, 0x0084, 0x0084, 0x0084, 0x0063, 0x0063, 0x0063, 0x0063, 0x0063,
  0x0063, 0x0043, 0x0023, 0x0043, 0x00A5, 0x08C5, 0x08A5, 0x08C5, 0x1148, 0x08E7, 0x1168, 0x4310,
  0x4B10, 0x4310, 0x42F0, 0x4B31, 0x5372, 0x63D3, 0x63F3, 0x7454, 0x8D17, 0xB65B, 0xCEDC, 0xCEDD,
  0xBE7C, 0xAE1B, 0xA5FB, 0xB67C, 0xBE9D, 0xBE9D, 0xAE5C, 0xA5FB, 0x9599, 0x9D99, 0x7CD7, 0x1149,
  0x08E7, 0x08E7, 0x00C6, 0x0908, 0x1149, 0x1989, 0x1169, 0x21CB, 0x21CB, 0x19AA, 0x198A, 0x21CB,
  0x21EB, 0x21CB, 0x21AB, 0x198A, 0x198A, 0x21AB, 0x21CA, 0x21CA, 0x116A, 0x116A, 0x196A, 0x1149,
  0x1169, 0x1969, 0x198D, 0x196A, 0x29EA, 0x63D2, 0x7475, 0x7454, 0x84D6, 0x63D2, 0x8D17, 0x8D17,
  0x8D17, 0x7CF7, 0x8559, 0x7CD6, 0x7CB7, 0x84F7, 0x84F7, 0x8D17, 0xB61B, 0xC69C, 0xD71D, 0xADBC,
  0x3AD1, 0x7CB5, 0xA598, 0x84D6, 0x8CD5, 0x4B4F, 0x7C73, 0x9CF4, 0xA576, 0x4D3F, 0x22B1, 0x0000,
  0x0000, 0x0000, 0x0000, 0x0000, 0x0000, 0x0000, 0x0000, 0x0000, 0x0000, 0x0000, 0x0000, 0x0000,
  0x0000, 0x0000, 0x0000, 0x0000, 0x0000, 0x0000, 0x0000, 0x0000, 0x0000, 0x0000, 0x0000, 0x0021,
  0x3439, 0x64BD, 0x737A, 0x52FA, 0x52FA, 0x633A, 0x4AD7, 0x194C, 0x0043, 0x0001, 0x0042, 0x1907,
  0x422D, 0x6B74, 0x5AF1, 0x2127, 0x0042, 0x0042, 0x0042, 0x0042, 0x0042, 0x0042, 0x0042, 0x0042,
  0x0042, 0x0062, 0x0042, 0x0062, 0x0062, 0x0062, 0x0062, 0x0042, 0x0042, 0x0042, 0x0042, 0x0042,
  0x0042, 0x0042, 0x0042, 0x0062, 0x0062, 0x0042, 0x0042, 0x0042, 0x0042, 0x0042, 0x0042, 0x0042,
  0x0042, 0x0042, 0x0042, 0x0042, 0x0042, 0x0042, 0x0042, 0x0042, 0x0042, 0x0042, 0x0042, 0x0042,
  0x0042, 0x0042, 0x0042, 0x0042, 0x0042, 0x0062, 0x0042, 0x0042, 0x0042, 0x0042, 0x0042, 0x0042,
  0x0042, 0x0042, 0x0042, 0x0042, 0x0042, 0x0043, 0x0042, 0x0042, 0x0042, 0x0042, 0x0042, 0x0042,
  0x0042, 0x0042, 0x0042, 0x0042, 0x0042, 0x0042, 0x0042, 0x0043, 0x0043, 0x0042, 0x0042, 0x0042,
  0x0042, 0x0042, 0x0042, 0x0042, 0x0042, 0x0043, 0x0043, 0x0043, 0x0043, 0x0063, 0x0063, 0x0063,
  0x0063, 0x0063, 0x0063, 0x0063, 0x0063, 0x0063, 0x0063, 0x0064, 0x0063, 0x0063, 0x0064, 0x0063,
  0x0043, 0x2167, 0x322B, 0x21EB, 0x222C, 0x2A6E, 0x328E, 0x220C, 0x19EB, 0x11AA, 0x00E8, 0x00A7,
  0x0066, 0x0066, 0x0024, 0x0003, 0x0024, 0x0002, 0x0004, 0x1A0D, 0x53B3, 0x7496, 0x7CD7, 0x8538,
  0x8538, 0x2A4E, 0x196A, 0x21EB, 0x3ACF, 0x5C35, 0x6435, 0x53D4, 0x4B93, 0x53D4, 0x4331, 0x0949,
  0x1169, 0x1149, 0x0908, 0x118A, 0x21CA, 0x29EB, 0x19AA, 0x2A0C, 0x29EB, 0x19CB, 0x19AB, 0x21CB,
  0x29EB, 0x21CB, 0x21CB, 0x19AB, 0x19AB, 0x21AB, 0x21CB, 0x29CB, 0x196A, 0x1149, 0x1169, 0x1149,
  0x1969, 0x196A, 0x21F5, 0x198A, 0x29EA, 0x6C12, 0x7474, 0x6C13, 0x6C13, 0x63B1, 0x9558, 0x8D16,
  0x8D17, 0x84F7, 0x9558, 0x8D17, 0x8CF6, 0x8CF6, 0x8CF6, 0x9558, 0xADFA, 0xADFA, 0xCEDE, 0x7C96,
  0x224D, 0x5392, 0x7C74, 0xBE19, 0xAD76, 0x9CF4, 0xBDD7, 0xDEBA, 0x95FD, 0x2C7D, 0x0883, 0x0000,
  0x0000, 0x0000, 0x0000, 0x0000, 0x0000, 0x0000, 0x0000, 0x0000, 0x0000, 0x0000, 0x0000, 0x0000,
  0x0000, 0x0000, 0x0000, 0x0000, 0x0000, 0x0000, 0x0000, 0x0000, 0x0000, 0x0000, 0x0000, 0x0000,
  0x11CB, 0x44FF, 0x5319, 0x52FA, 0x633A, 0x633A, 0x3A33, 0x10C7, 0x0001, 0x0063, 0x2169, 0x5AF2,
  0x8439, 0x8C5A, 0x52D1, 0x10C5, 0x0021, 0x0022, 0x0022, 0x0042, 0x0042, 0x0042, 0x0042, 0x0042,
  0x0042, 0x0042, 0x0042, 0x0062, 0x0042, 0x0042, 0x0042, 0x0042, 0x0042, 0x0042, 0x0042, 0x0042,
  0x0042, 0x0042, 0x0042, 0x0042, 0x0042, 0x0042, 0x0042, 0x0042, 0x0042, 0x0042, 0x0042, 0x0042,
  0x0042, 0x0042, 0x0042, 0x0042, 0x0042, 0x0042, 0x0042, 0x0042, 0x0042, 0x0042, 0x0042, 0x0062,
  0x0042, 0x0042, 0x0042, 0x0042, 0x0042, 0x0062, 0x0062, 0x0042, 0x0042, 0x0042, 0x0042, 0x0062,
  0x0063, 0x0043, 0x0042, 0x0042, 0x0043, 0x0042, 0x0042, 0x0042, 0x0042, 0x0042, 0x0042, 0x0042,
  0x0042, 0x0042, 0x0042, 0x0042, 0x0042, 0x0042, 0x0043, 0x0043, 0x0043, 0x0043, 0x0043, 0x0043,
  0x0043, 0x0043, 0x0043, 0x0043, 0x0043, 0x0043, 0x0043, 0x0043, 0x0063, 0x0063, 0x0064, 0x0084,
  0x0083, 0x0083, 0x0083, 0x0063, 0x0063, 0x0064, 0x0064, 0x0063, 0x0063, 0x0064, 0x0084, 0x0043,
  0x1947, 0x7C74, 0x84D5, 0x7C74, 0x7474, 0xA598, 0x7474, 0x430F, 0x5B91, 0x5B70, 0x3AAE, 0x42EF,
  0x5BD2, 0x5B91, 0x4AEF, 0x5B70, 0x4B51, 0x42CF, 0x5351, 0x7475, 0x8D17, 0x84F7, 0x7CF7, 0x7CB6,
  0x84F7, 0x6C55, 0x4B72, 0x4B51, 0x5BD3, 0x74B7, 0x226F, 0x0129, 0x092A, 0x098C, 0x118C, 0x1149,
  0x1169, 0x1149, 0x0929, 0x118A, 0x21EB, 0x21EB, 0x2A0C, 0x324C, 0x322B, 0x21EB, 0x19AB, 0x21EB,
  0x29EB, 0x21CB, 0x2A0B, 0x29EC, 0x21EC, 0x29EC, 0x21EC, 0x29EB, 0x116A, 0x116B, 0x1989, 0x1149,
  0x1989, 0x21D0, 0x325B, 0x21CF, 0x1127, 0x5374, 0x8518, 0x8D38, 0x9579, 0x9D99, 0xB63B, 0xB63B,
  0xB65C, 0xB65C, 0xB63C, 0xB65C, 0xB63C, 0xB65C, 0xB61B, 0xBE7C, 0xCEDD, 0xCEBE, 0x9539, 0x3A8D,
  0x430F, 0x7C74, 0xD6BB, 0xCE9A, 0xBDB7, 0xBDD8, 0xD69B, 0xD6DC, 0x4D3F, 0x1A4E, 0x0000, 0x0000,
  0x0000, 0x0000, 0x0000, 0x0000, 0x0000, 0x0000, 0x0000, 0x0000, 0x0000, 0x0000, 0x0000, 0x0000,
  0x0000, 0x0000, 0x0000, 0x0000, 0x0000, 0x0000, 0x0000, 0x0000, 0x0000, 0x0000, 0x0000, 0x0000,
  0x0000, 0x2C18, 0x4C1D, 0x631A, 0x6B9B, 0x5AF8, 0x218E, 0x0044, 0x0043, 0x298A, 0x6334, 0x8C3A,
  0x9CDC, 0x83F8, 0x39ED, 0x0884, 0x0022, 0x0042, 0x0042, 0x0042, 0x0042, 0x0042, 0x0042, 0x0062,
  0x0062, 0x0063, 0x0063, 0x0863, 0x0863, 0x0863, 0x0863, 0x0863, 0x0863, 0x0863, 0x0863, 0x0063,
  0x0063, 0x0063, 0x0063, 0x0062, 0x0062, 0x0042, 0x0042, 0x0042, 0x0042, 0x0042, 0x0042, 0x0042,
  0x0042, 0x0042, 0x0042, 0x0062, 0x0063, 0x0063, 0x0063, 0x0063, 0x0063, 0x0063, 0x0063, 0x0063,
  0x0063, 0x0063, 0x0063, 0x0042, 0x0042, 0x0063, 0x0063, 0x0063, 0x0043, 0x0042, 0x0042, 0x0042,
  0x0042, 0x0043, 0x0043, 0x0043, 0x0063, 0x0063, 0x0063, 0x0063, 0x0063, 0x0063, 0x0063, 0x0063,
  0x0063, 0x0063, 0x0063, 0x0063, 0x0063, 0x0063, 0x0063, 0x0063, 0x0043, 0x0043, 0x0043, 0x0043,
  0x0043, 0x0043, 0x0043, 0x0043, 0x0043, 0x0043, 0x0043, 0x0063, 0x0063, 0x0063, 0x0084, 0x0084,
  0x0063, 0x0084, 0x0084, 0x0063, 0x0063, 0x0064, 0x0063, 0x0063, 0x0043, 0x0042, 0x0022, 0x0002,
  0x1968, 0x84D5, 0x9516, 0x9579, 0xA5FB, 0x9D99, 0x8D17, 0x9DB9, 0x9578, 0xADFA, 0xB65B, 0xA5FA,
  0xB63B, 0xBE9C, 0xAE1B, 0x9DDA, 0x9DBA, 0xB63B, 0xBE7B, 0xBE5B, 0xBE5B, 0xC69D, 0xA63C, 0xAE3C,
  0xB65C, 0xCEFE, 0xBEBD, 0xAE5C, 0xAE1B, 0x9DDA, 0x3AD0, 0x00E8, 0x094A, 0x094A, 0x096B, 0x198A,
  0x19AA, 0x198A, 0x0929, 0x1149, 0x21CB, 0x220C, 0x21CB, 0x21CB, 0x21EC, 0x19AB, 0x198A, 0x21CB,
  0x2A0B, 0x29EB, 0x2A0C, 0x2A2C, 0x2A2C, 0x324C, 0x3A6D, 0x3A4C, 0x21CC, 0x21EF, 0x4295, 0x3A71,
  0x21CB, 0x21F3, 0x42BC, 0x21D1, 0x196B, 0x19AE, 0x21EA, 0x2A33, 0x8D3A, 0xD73E, 0xC6DE, 0xCF1F,
  0xCEFE, 0xD73F, 0xDF3F, 0xDF5F, 0xDF5F, 0xD73F, 0xDF5F, 0xDF5F, 0xB5FE, 0x847C, 0x3AAF, 0x63D1,
  0x9D98, 0xA597, 0xC618, 0xB5B7, 0xC639, 0xDEFC, 0xEF3D, 0x85FE, 0x2C1A, 0x0041, 0x0000, 0x0000,
  0x0000, 0x0000, 0x0000, 0x0000, 0x0000, 0x0000, 0x0000, 0x0000, 0x0000, 0x0000, 0x0000, 0x0000,
  0x0000, 0x0000, 0x0000, 0x0000, 0x0000, 0x0000, 0x0000, 0x0000, 0x0000, 0x0000, 0x0000, 0x0000,
  0x0000, 0x1189, 0x451F, 0x6BBB, 0x6B7A, 0x3A33, 0x10C8, 0x0065, 0x216A, 0x6335, 0x8C5B, 0x947B,
  0x949C, 0x73B7, 0x3A0D, 0x1907, 0x1927, 0x1927, 0x08A4, 0x0063, 0x0042, 0x0042, 0x0042, 0x0062,
  0x0062, 0x0062, 0x0062, 0x0062, 0x0062, 0x0062, 0x0042, 0x0042, 0x0063, 0x0042, 0x0062, 0x0042,
  0x0042, 0x0042, 0x0042, 0x0042, 0x0042, 0x0042, 0x0042, 0x0042, 0x0062, 0x0062, 0x0062, 0x0063,
  0x0063, 0x0062, 0x0063, 0x0063, 0x0063, 0x0063, 0x0063, 0x0063, 0x0042, 0x0042, 0x0042, 0x0042,
  0x0042, 0x0042, 0x0042, 0x0042, 0x0042, 0x0042, 0x0042, 0x0042, 0x0042, 0x0042, 0x0042, 0x0042,
  0x0042, 0x0042, 0x0042, 0x0042, 0x0042, 0x0042, 0x0022, 0x0022, 0x0042, 0x0042, 0x0042, 0x0043,
  0x0043, 0x0042, 0x0042, 0x0042, 0x0042, 0x0042, 0x0042, 0x0042, 0x0042, 0x0042, 0x0042, 0x0043,
  0x0043, 0x0043, 0x0043, 0x0043, 0x0063, 0x0063, 0x0043, 0x0063, 0x0063, 0x0063, 0x0084, 0x0084,
  0x0084, 0x0064, 0x0043, 0x0042, 0x0043, 0x0063, 0x0083, 0x08A4, 0x08C5, 0x10C5, 0x1926, 0x1106,
  0x1989, 0x63F2, 0x63F2, 0x5BB2, 0x6BF2, 0x5392, 0x4B51, 0x5B92, 0x5BB2, 0x6C34, 0x7496, 0x8518,
  0x8D59, 0x8539, 0x8D59, 0x95BB, 0x7D3A, 0x8DBB, 0xC69D, 0xB67D, 0xAE5D, 0xB67D, 0xAE3C, 0xA5FC,
  0x9DDB, 0x9DBB, 0x9DBA, 0x8D59, 0x6C76, 0x5C35, 0x19CB, 0x00E8, 0x094B, 0x096B, 0x096B, 0x118A,
  0x19AA, 0x19AA, 0x0928, 0x1169, 0x21EC, 0x2A2C, 0x326D, 0x3A8D, 0x324C, 0x21CB, 0x198A, 0x320B,
  0x3A4C, 0x322B, 0x322B, 0x3A6C, 0x326D, 0x428C, 0x3A8D, 0x326E, 0x2A2D, 0x21EB, 0x2A10, 0x5B5C,
  0x6377, 0x3255, 0x4AFC, 0x3254, 0x2A12, 0x3231, 0x2A34, 0x21D2, 0x6C34, 0xAE1A, 0xAE1A, 0xBE5C,
  0xD71F, 0xCEFE, 0xCEFE, 0xD6FE, 0xDF3F, 0xDF3F, 0xE77F, 0xE77E, 0xB5BE, 0x322F, 0x7453, 0xB63A,
  0xADB9, 0xBE3A, 0xD6BC, 0xB5B7, 0xC659, 0xC639, 0x9516, 0x44FF, 0x19CB, 0x0000, 0x0000, 0x0000,
  0x0000, 0x0000, 0x0000, 0x0000, 0x0000, 0x0000, 0x0000, 0x0000, 0x0000, 0x0000, 0x0000, 0x0000,
  0x0000, 0x0000, 0x0000, 0x0000, 0x0000, 0x0000, 0x0000, 0x0000, 0x0000, 0x0000, 0x0000, 0x0000,
  0x0000, 0x0000, 0x2BB6, 0x54BE, 0x52B5, 0x194C, 0x0065, 0x1929, 0x5AD3, 0x8C3B, 0x947B, 0x947B,
  0x9C9C, 0x8C3A, 0x6354, 0x5AF1, 0x6352, 0x424D, 0x10E6, 0x0042, 0x0022, 0x0042, 0x0042, 0x0042,
  0x0042, 0x0042, 0x0042, 0x0042, 0x0042, 0x0042, 0x0042, 0x0042, 0x0042, 0x0042, 0x0042, 0x0042,
  0x0042, 0x0042, 0x0042, 0x0042, 0x0042, 0x0042, 0x0042, 0x0042, 0x0062, 0x0063, 0x0063, 0x0063,
  0x0063, 0x0063, 0x0063, 0x0063, 0x0063, 0x0063, 0x0063, 0x0063, 0x0042, 0x0042, 0x0042, 0x0042,
  0x0042, 0x0042, 0x0042, 0x0042, 0x0042, 0x0042, 0x0042, 0x0043, 0x0063, 0x0063, 0x0063, 0x0063,
  0x0063, 0x0063, 0x0063, 0x0063, 0x0063, 0x0063, 0x0063, 0x0063, 0x0063, 0x0063, 0x0063, 0x0063,
  0x0063, 0x0083, 0x0883, 0x0083, 0x0083, 0x0083, 0x0063, 0x0083, 0x0083, 0x0063, 0x0063, 0x0063,
  0x0063, 0x0063, 0x0063, 0x0043, 0x0043, 0x0043, 0x0043, 0x0043, 0x0063, 0x0063, 0x0043, 0x0023,
  0x0064, 0x08E6, 0x21A9, 0x1968, 0x29EA, 0x324C, 0x324C, 0x3AEF, 0x32AF, 0x2A4D, 0x42EF, 0x3ACE,
  0x2A2D, 0x222C, 0x19EC, 0x19CB, 0x1149, 0x116A, 0x00C6, 0x0064, 0x00C7, 0x00A6, 0x00C8, 0x0929,
  0x0907, 0x0907, 0x21EC, 0x2A4D, 0x220C, 0x326E, 0x4B72, 0x4BB4, 0x4395, 0x6498, 0x6478, 0x6CB8,
  0x53F6, 0x1A2E, 0x1A0E, 0x1A70, 0x224F, 0x11CC, 0x00E7, 0x0109, 0x00E9, 0x00C8, 0x00E8, 0x0929,
  0x1169, 0x1149, 0x08E7, 0x1169, 0x19AB, 0x19AB, 0x2A0C, 0x2A0C, 0x19AA, 0x1128, 0x1149, 0x21AA,
  0x29EB, 0x29EB, 0x322B, 0x324C, 0x324D, 0x3A6C, 0x3A6D, 0x3A6E, 0x3A8E, 0x322C, 0x2A0A, 0x2A10,
  0x531A, 0x73DB, 0x73FC, 0x5315, 0x5B55, 0x5316, 0x2192, 0x5B92, 0x7453, 0x7C74, 0x7C74, 0xADD9,
  0xB63B, 0xA5BA, 0xADFA, 0xADDA, 0xB61B, 0xB61B, 0xC69C, 0xD6FD, 0xBE5B, 0x4B30, 0x84B4, 0xA599,
  0xBE5B, 0xDF3D, 0xD6FD, 0xAD98, 0xAD76, 0x9C92, 0x5CFC, 0x2BD8, 0x0000, 0x0000, 0x0000, 0x0000,
  0x0000, 0x0000, 0x0000, 0x0000, 0x0000, 0x0000, 0x0000, 0x0000, 0x0000, 0x0000, 0x0000, 0x0000,
  0x0000, 0x0000, 0x0000, 0x0000, 0x0000, 0x0000, 0x0000, 0x0000, 0x0000, 0x0000, 0x0000, 0x0000,
  0x0000, 0x0000, 0x0906, 0x451F, 0x3251, 0x0044, 0x08A6, 0x4270, 0x841A, 0x947B, 0x9C9B, 0xA4FC,
  0xA4FC, 0xA4FC, 0x9CBB, 0x9C9A, 0x7BD5, 0x3A0B, 0x0884, 0x0022, 0x0042, 0x0042, 0x0062, 0x0063,
  0x0063, 0x0063, 0x0863, 0x0863, 0x0883, 0x0883, 0x0883, 0x0883, 0x0883, 0x0863, 0x0863, 0x0863,
  0x0063, 0x0063, 0x0063, 0x0063, 0x0063, 0x0063, 0x0063, 0x0063, 0x0863, 0x0863, 0x0863, 0x0883,
  0x0883, 0x0883, 0x0883, 0x0883, 0x0883, 0x0883, 0x0883, 0x0883, 0x0883, 0x0883, 0x0883, 0x0883,
  0x0883, 0x0883, 0x0883, 0x0083, 0x0063, 0x0063, 0x0063, 0x0063, 0x0063, 0x0063, 0x0063, 0x0863,
  0x0863, 0x0863, 0x0863, 0x0063, 0x0063, 0x0063, 0x0063, 0x0063, 0x0063, 0x0063, 0x0043, 0x0043,
  0x0043, 0x0043, 0x0043, 0x0043, 0x0043, 0x0042, 0x0042, 0x0042, 0x0042, 0x0043, 0x0042, 0x0042,
  0x0042, 0x0042, 0x0043, 0x0043, 0x0043, 0x0043, 0x0043, 0x0043, 0x0043, 0x0022, 0x10C4, 0x426B,
  0x42CE, 0x222C, 0x220B, 0x328D, 0x2A4C, 0x2A2C, 0x3ACE, 0x328E, 0x2A4D, 0x2A6E, 0x118A, 0x0948,
  0x1148, 0x08E6, 0x0908, 0x0108, 0x00C7, 0x00C7, 0x1148, 0x19AA, 0x0928, 0x0908, 0x0908, 0x0108,
  0x08E7, 0x00A5, 0x0085, 0x0023, 0x0044, 0x00A7, 0x0949, 0x11AB, 0x32F0, 0x53D3, 0x5BF4, 0x7D19,
  0x5C37, 0x094B, 0x096B, 0x012A, 0x092A, 0x0909, 0x094A, 0x0129, 0x00C8, 0x00A7, 0x00E7, 0x116A,
  0x11AB, 0x118A, 0x1149, 0x1149, 0x116A, 0x19CC, 0x2A2D, 0x2A2C, 0x19CB, 0x1128, 0x116A, 0x2A2C,
  0x324C, 0x322C, 0x322C, 0x2A0B, 0x322D, 0x3A6D, 0x2A2E, 0x324D, 0x2A0B, 0x21CB, 0x2A2C, 0x2A2D,
  0x4294, 0x6BDB, 0xAD7E, 0x6374, 0x8459, 0x5B16, 0x21B2, 0x5BD4, 0x7474, 0x63D1, 0x6BF2, 0x9D77,
  0xB5F9, 0xA578, 0x9D57, 0xA598, 0xB5FA, 0xADD9, 0xBE3B, 0xBE5B, 0xADB9, 0x84F5, 0x7C97, 0x6C3C,
  0xBE3D, 0xCEBB, 0xADB8, 0xB5DA, 0xDE9A, 0xA5DB, 0x34FF, 0x1127, 0x0000, 0x0000, 0x0000, 0x0000,
  0x0000, 0x0000, 0x0000, 0x0000, 0x0000, 0x0000, 0x0000, 0x0000, 0x0000, 0x0000, 0x0000, 0x0000,
  0x0000, 0x0000, 0x0000, 0x0000, 0x0000, 0x0000, 0x0000, 0x0000, 0x0000, 0x0000, 0x0000, 0x0000,
  0x0000, 0x0000, 0x0000, 0x2B74, 0x3C3A, 0x0001, 0x216A, 0x73B7, 0x9CBC, 0xA4DC, 0xAD1C, 0xB57C,
  0xB55D, 0xAD1C, 0xAD1C, 0x8C37, 0x4A6D, 0x18E5, 0x0862, 0x0862, 0x0863, 0x0883, 0x0883, 0x0883,
  0x0883, 0x0883, 0x0883, 0x08A3, 0x08A3, 0x0883, 0x0883, 0x0883, 0x0883, 0x0883, 0x0883, 0x0883,
  0x0883, 0x0863, 0x0863, 0x0863, 0x0063, 0x0063, 0x0063, 0x0063, 0x0063, 0x0063, 0x0063, 0x0063,
  0x0063, 0x0063, 0x0063, 0x0063, 0x0063, 0x0063, 0x0063, 0x0063, 0x0063, 0x0063, 0x0063, 0x0043,
  0x0043, 0x0043, 0x0043, 0x0042, 0x0042, 0x0043, 0x0042, 0x0042, 0x0043, 0x0043, 0x0042, 0x0042,
  0x0043, 0x0043, 0x0043, 0x0043, 0x0043, 0x0043, 0x0043, 0x0063, 0x0063, 0x0063, 0x0063, 0x0063,
  0x0063, 0x0063, 0x0063, 0x0083, 0x0063, 0x0063, 0x0063, 0x0063, 0x0063, 0x0063, 0x0043, 0x0043,
  0x0043, 0x0043, 0x0043, 0x0043, 0x0063, 0x0063, 0x0043, 0x0043, 0x0043, 0x0083, 0x63B1, 0x9516,
  0x8494, 0x6BB0, 0x6390, 0x84B5, 0x7C53, 0x5B4F, 0x6BD1, 0x4AEE, 0x2A4C, 0x3AAE, 0x42CE, 0x222C,
  0x3A8D, 0x3AAD, 0x328D, 0x430F, 0x4B0F, 0x42EE, 0x21A9, 0x1988, 0x2A2B, 0x29EA, 0x2189, 0x29EB,
  0x198A, 0x2A2C, 0x3A8D, 0x3A6C, 0x6391, 0x7454, 0x6C33, 0x84D5, 0x8CD5, 0x8D17, 0x9D78, 0x7D18,
  0x4C37, 0x2B14, 0x22B2, 0x00C8, 0x00E8, 0x010A, 0x012A, 0x00C8, 0x0085, 0x00A6, 0x00E8, 0x094A,
  0x11AB, 0x116A, 0x0949, 0x114A, 0x118A, 0x21EC, 0x2A2D, 0x2A2C, 0x21CA, 0x0928, 0x1149, 0x21EB,
  0x322C, 0x324C, 0x322C, 0x3A2B, 0x3A8D, 0x3A8D, 0x3A6D, 0x3A6D, 0x322C, 0x21CA, 0x21CA, 0x21EC,
  0x3A4E, 0x6375, 0x73F6, 0x5B52, 0x7C5B, 0x21D0, 0x29EE, 0x6C14, 0x5BB1, 0x6BF2, 0x6BD1, 0x9516,
  0xA598, 0xADD9, 0xBE5B, 0xBE1A, 0xA578, 0xA578, 0xADD9, 0xADD9, 0xADD9, 0xBE3A, 0xADB9, 0xADDA,
  0xADBA, 0xADB9, 0x9D15, 0xD6BC, 0xBDD8, 0x5D7F, 0x2313, 0x0000, 0x0000, 0x0000, 0x0000, 0x0000,
  0x0000, 0x0000, 0x0000, 0x0000, 0x0000, 0x0000, 0x0000, 0x0000, 0x0000, 0x0000, 0x0000, 0x0000,
  0x0000, 0x0000, 0x0000, 0x0000, 0x0000, 0x0000, 0x0000, 0x0000, 0x0000, 0x0000, 0x0000, 0x0000,
  0x0000, 0x0000, 0x0000, 0x0883, 0x44FE, 0x224F, 0x526F, 0x9CDB, 0xAD1C, 0xB53C, 0xBD9D, 0xC5BD,
  0xB55C, 0xA4FC, 0x8C38, 0x52CF, 0x1906, 0x0022, 0x0022, 0x0042, 0x0042, 0x0042, 0x0042, 0x0042,
  0x0042, 0x0063, 0x0063, 0x0063, 0x0063, 0x0063, 0x0063, 0x0063, 0x0063, 0x0063, 0x0063, 0x0883,
  0x0883, 0x0063, 0x0063, 0x0063, 0x0063, 0x0063, 0x0063, 0x0063, 0x0063, 0x0063, 0x0063, 0x0063,
  0x0043, 0x0043, 0x0043, 0x0063, 0x0043, 0x0043, 0x0043, 0x0043, 0x0043, 0x0063, 0x0043, 0x0043,
  0x0063, 0x0063, 0x0063, 0x0063, 0x0063, 0x0063, 0x0063, 0x0063, 0x0063, 0x0063, 0x0063, 0x0063,
  0x0063, 0x0063, 0x0063, 0x0063, 0x0063, 0x0063, 0x0063, 0x0063, 0x0063, 0x0063, 0x0063, 0x0063,
  0x0063, 0x0063, 0x0063, 0x0083, 0x0063, 0x0083, 0x0083, 0x0083, 0x0083, 0x0063, 0x0063, 0x0063,
  0x0063, 0x0063, 0x0043, 0x0043, 0x0063, 0x0063, 0x0043, 0x0064, 0x0043, 0x31EA, 0x7CB6, 0x84F7,
  0x84B5, 0x9516, 0xAE1B, 0xBE5C, 0xA556, 0x94D4, 0x7411, 0x8CB3, 0xB5F8, 0xB5F9, 0xA576, 0x8CD4,
  0x8494, 0xA5B8, 0xBE5A, 0xB619, 0x8CF6, 0x9537, 0xB5F9, 0xADD8, 0x84B5, 0x9516, 0xADFB, 0xA5B8,
  0x9515, 0x7C94, 0x7455, 0x8517, 0xB65C, 0xCEDD, 0xC6BD, 0xAE3C, 0xA5B9, 0xA5FB, 0xB65D, 0xAE1B,
  0x6CD9, 0x4C59, 0x1251, 0x0044, 0x0065, 0x00A6, 0x0086, 0x0044, 0x0022, 0x0043, 0x0085, 0x00C7,
  0x08E7, 0x00E7, 0x00C6, 0x0908, 0x0929, 0x1149, 0x196A, 0x1989, 0x1148, 0x1149, 0x118A, 0x1989,
  0x21AA, 0x21CA, 0x21EB, 0x29EB, 0x2A0C, 0x326D, 0x326E, 0x324C, 0x2A2C, 0x324F, 0x3252, 0x42B4,
  0x7C37, 0x8457, 0x5B31, 0x63B4, 0x52F0, 0x4ACE, 0x5310, 0x63F3, 0x5BD2, 0x7475, 0x63D1, 0x9516,
  0x9D57, 0xCEDE, 0xB61D, 0xA5BC, 0xA579, 0x9D77, 0xADB9, 0xB61A, 0xC65B, 0xCE9B, 0xC65A, 0xBE1A,
  0x9D5A, 0x9D37, 0xADB8, 0xDEDC, 0x753C, 0x349C, 0x0883, 0x0000, 0x0000, 0x0000, 0x0000, 0x0000,
  0x0000, 0x0000, 0x0000, 0x0000, 0x0000, 0x0000, 0x0000, 0x0000, 0x0000, 0x0000, 0x0000, 0x0000,
  0x0000, 0x0000, 0x0000, 0x0000, 0x0000, 0x0000, 0x0000, 0x0000, 0x0000, 0x0000, 0x0000, 0x0000,
  0x0000, 0x0000, 0x0000, 0x0000, 0x1A4E, 0x44FE, 0x8437, 0xB55D, 0xB57C, 0xBD9D, 0xC5BD, 0xBD9D,
  0xAD1C, 0x8418, 0x52B0, 0x2148, 0x0063, 0x0022, 0x0042, 0x0042, 0x0042, 0x0063, 0x0063, 0x0063,
  0x0063, 0x0063, 0x0063, 0x0063, 0x0063, 0x0063, 0x0063, 0x0883, 0x0883, 0x0883, 0x0883, 0x0883,
  0x0883, 0x0883, 0x0063, 0x0063, 0x0063, 0x0063, 0x0063, 0x0063, 0x0063, 0x0063, 0x0063, 0x0883,
  0x0883, 0x0883, 0x0883, 0x08A3, 0x08A3, 0x08A3, 0x08A3, 0x08A3, 0x08A4, 0x08A4, 0x10A4, 0x10C4,
  0x10C4, 0x10C4, 0x10C4, 0x10C4, 0x10C4, 0x10C4, 0x10C4, 0x10C4, 0x10A4, 0x10A4, 0x10A4, 0x08A4,
  0x08A4, 0x08A4, 0x08A4, 0x0883, 0x0883, 0x0883, 0x0083, 0x0063, 0x0063, 0x0043, 0x0043, 0x0063,
  0x0063, 0x0043, 0x0043, 0x0043, 0x0043, 0x0043, 0x0043, 0x0063, 0x0063, 0x0043, 0x0043, 0x0042,
  0x0043, 0x0043, 0x0042, 0x0022, 0x0022, 0x0022, 0x0001, 0x0022, 0x0022, 0x3A4B, 0x7C33, 0x9516,
  0x7474, 0xADD9, 0xD6DD, 0xB5FA, 0x7454, 0x7C95, 0x9558, 0xB63B, 0xBE7D, 0xADFA, 0xADD9, 0xCEDC,
  0xCEDD, 0xCEDD, 0xC6BD, 0x9DBA, 0x7496, 0x9D79, 0xC69D, 0xB65C, 0xBE5B, 0xBE7C, 0xBE9D, 0xB63B,
  0xB63B, 0xAE3C, 0xC6BD, 0xB65C, 0xA5FC, 0xB65D, 0xCEDE, 0xCEFE, 0xE77F, 0xC69C, 0xB65C, 0x9538,
  0x4352, 0x5479, 0x2315, 0x120F, 0x094A, 0x0109, 0x00E8, 0x00A6, 0x00A7, 0x00C8, 0x0109, 0x094A,
  0x116A, 0x0929, 0x0109, 0x096B, 0x19ED, 0x19CC, 0x21CB, 0x220C, 0x19ED, 0x118B, 0x19CB, 0x2A0C,
  0x2A0B, 0x2A0B, 0x326D, 0x3A6D, 0x326D, 0x3AAE, 0x3A8E, 0x2A0C, 0x2A0F, 0x3A94, 0x320F, 0x2A0C,
  0x3A6E, 0x52F1, 0x7C37, 0x5332, 0x3A4B, 0x7C78, 0x4B59, 0x4B52, 0x4B50, 0x5BD2, 0x6C13, 0x9516,
  0xB5FA, 0x7C35, 0x6BD2, 0x9D39, 0xA57B, 0xA5B9, 0xB5F9, 0xBE3A, 0xB5FA, 0x7C9A, 0x745B, 0x84FC,
  0xA59D, 0x953A, 0xC63A, 0xC6BD, 0x453F, 0x1A0C, 0x0000, 0x0000, 0x0000, 0x0000, 0x0000, 0x0000,
  0x0000, 0x0000, 0x0000, 0x0000, 0x0000, 0x0000, 0x0000, 0x0000, 0x0000, 0x0000, 0x0000, 0x0000,
  0x0000, 0x0000, 0x0000, 0x0000, 0x0000, 0x0000, 0x0000, 0x0000, 0x0000, 0x0000, 0x0000, 0x0000,
  0x0000, 0x0000, 0x0000, 0x0000, 0x0021, 0x2BF9, 0x753E, 0xC57C, 0xBD9D, 0xC5BD, 0xC5BD, 0xBD7D,
  0x9C99, 0x6311, 0x2968, 0x0863, 0x0042, 0x0842, 0x0862, 0x0862, 0x0883, 0x0883, 0x0883, 0x0883,
  0x0883, 0x0883, 0x0883, 0x08A3, 0x0883, 0x0883, 0x0883, 0x08A3, 0x10A3, 0x10A3, 0x10A4, 0x10C4,
  0x10C4, 0x10C4, 0x10C4, 0x10C4, 0x10C4, 0x10C4, 0x10A4, 0x08A4, 0x08A3, 0x08A3, 0x0883, 0x0883,
  0x0883, 0x0883, 0x0883, 0x0883, 0x0883, 0x0083, 0x0083, 0x0063, 0x0063, 0x0063, 0x0063, 0x0063,
  0x0063, 0x0063, 0x0063, 0x0063, 0x0063, 0x0043, 0x0043, 0x0043, 0x0043, 0x0043, 0x0043, 0x0043,
  0x0043, 0x0043, 0x0043, 0x0043, 0x0043, 0x0043, 0x0043, 0x0043, 0x0043, 0x0043, 0x0063, 0x0063,
  0x0063, 0x0063, 0x0063, 0x0043, 0x0022, 0x0001, 0x0001, 0x0001, 0x0022, 0x0042, 0x0884, 0x10E6,
  0x08C5, 0x0084, 0x08E6, 0x08E6, 0x1926, 0x10E5, 0x2187, 0x2167, 0x08C5, 0x21CB, 0x5BB2, 0x5BB2,
  0x5350, 0x7433, 0x84B5, 0x5B91, 0x4B30, 0x7CB6, 0x84D6, 0x9558, 0x8D17, 0x9558, 0xBE5C, 0xD71E,
  0xD71E, 0xCEFE, 0xC6BD, 0xCEDD, 0xC69C, 0xC69D, 0xBE7C, 0xC69D, 0xD6FE, 0xCEDD, 0xD6FD, 0xD71E,
  0xBE7C, 0xBE5C, 0xC67B, 0xCEBC, 0xB61B, 0xA5BB, 0xCEBD, 0xD6FD, 0xD6FD, 0xB61B, 0xADFA, 0x74D8,
  0x4C37, 0x3BD7, 0x1293, 0x11EF, 0x098C, 0x0086, 0x0085, 0x0065, 0x0086, 0x00A6, 0x00A6, 0x08E6,
  0x0908, 0x0908, 0x00E8, 0x0109, 0x114A, 0x1969, 0x1948, 0x1169, 0x0908, 0x08E8, 0x1149, 0x1989,
  0x1989, 0x21AA, 0x2A0C, 0x3A8E, 0x3AAE, 0x42CF, 0x326E, 0x326F, 0x324F, 0x21CB, 0x21AA, 0x19AA,
  0x1168, 0x29CE, 0x6397, 0x6BD4, 0x4AF0, 0x42F5, 0x63BA, 0x5352, 0x5370, 0x6C13, 0x63D2, 0x9D57,
  0xA598, 0x5B91, 0x7C53, 0x9D78, 0xADBC, 0xB5FB, 0xB61A, 0xBE3B, 0xBE1B, 0xCE7E, 0xDEFE, 0xB5FD,
  0x9D7C, 0x94DD, 0xA55C, 0x6D9F, 0x2376, 0x0000, 0x0000, 0x0000, 0x0000, 0x0000, 0x0000, 0x0000,
  0x0000, 0x0000, 0x0000, 0x0000, 0x0000, 0x0000, 0x0000, 0x0000, 0x0000, 0x0000, 0x0000, 0x0000,
  0x0000, 0x0000, 0x0000, 0x0000, 0x0000, 0x0000, 0x0000, 0x0000, 0x0000, 0x0000, 0x0000, 0x0000,
  0x0000, 0x0000, 0x0000, 0x0000, 0x0000, 0x0927, 0x3CDE, 0x9D3C, 0xC5BD, 0xC5DD, 0xC5DD, 0xB53C,
  0x7BB4, 0x31A9, 0x0863, 0x0021, 0x0021, 0x0022, 0x0022, 0x0042, 0x0863, 0x0884, 0x10E5, 0x2126,
  0x2968, 0x31A9, 0x31A9, 0x2988, 0x1947, 0x10E6, 0x08A5, 0x0084, 0x0063, 0x0062, 0x0063, 0x0063,
  0x0083, 0x0063, 0x0883, 0x0883, 0x0883, 0x0883, 0x0883, 0x0883, 0x0083, 0x0063, 0x0083, 0x0063,
  0x0063, 0x0063, 0x0063, 0x0063, 0x0043, 0x0043, 0x0043, 0x0043, 0x0043, 0x0042, 0x0042, 0x0042,
  0x0022, 0x0022, 0x0022, 0x0022, 0x0042, 0x0043, 0x0063, 0x0063, 0x0063, 0x0083, 0x0883, 0x0883,
  0x0883, 0x0883, 0x08A4, 0x08A4, 0x0883, 0x0883, 0x0883, 0x0883, 0x0883, 0x0883, 0x08A4, 0x08A4,
  0x0883, 0x0063, 0x0063, 0x08A4, 0x10E5, 0x31E9, 0x3A2A, 0x426B, 0x320A, 0x532E, 0x4AEE, 0x532F,
  0x532F, 0x4B2F, 0x32AE, 0x328E, 0x2A4C, 0x198A, 0x2A8E, 0x4330, 0x32AE, 0x220B, 0x220C, 0x2A2C,
  0x222C, 0x19CB, 0x118A, 0x0928, 0x00A6, 0x0949, 0x1148, 0x00E6, 0x19A9, 0x430F, 0x6414, 0x4B72,
  0x4B30, 0x5371, 0x63D2, 0x63F3, 0x84B5, 0x9D57, 0x8D17, 0x9538, 0x8D18, 0x8D18, 0xA5DA, 0xA5DA,
  0x8D59, 0x8519, 0x8D39, 0x8519, 0x5C38, 0x8519, 0x9DBB, 0x7D1A, 0x855A, 0x74D8, 0x74D8, 0x53F5,
  0x5478, 0x3396, 0x22D3, 0x1A51, 0x094A, 0x0044, 0x0064, 0x0044, 0x0065, 0x0065, 0x0085, 0x00E7,
  0x0908, 0x00C7, 0x00E9, 0x0929, 0x114A, 0x198A, 0x1969, 0x1169, 0x116A, 0x118B, 0x19CB, 0x21CB,
  0x21EB, 0x2A0C, 0x326D, 0x42CF, 0x42CF, 0x3AAE, 0x3251, 0x324E, 0x324C, 0x326D, 0x2A0B, 0x21AA,
  0x1969, 0x29CB, 0x29ED, 0x5332, 0x5377, 0x42FA, 0x3AD8, 0x6C15, 0x63F2, 0x84B5, 0x7433, 0xA598,
  0x9D77, 0x9517, 0x9517, 0xA599, 0xADDA, 0xB5DC, 0xBE1B, 0xBE5B, 0xCEBC, 0xC69D, 0xADDD, 0xA5BD,
  0x8CFC, 0xAD1B, 0x855D, 0x34BE, 0x08C5, 0x0000, 0x0000, 0x0000, 0x0000, 0x0000, 0x0000, 0x0000,
  0x0000, 0x0000, 0x0000, 0x0000, 0x0000, 0x0000, 0x0000, 0x0000, 0x0000, 0x0000, 0x0000, 0x0000,
  0x0000, 0x0000, 0x0000, 0x0000, 0x0000, 0x0000, 0x0000, 0x0000, 0x0000, 0x0000, 0x0000, 0x0000,
  0x0000, 0x0000, 0x0000, 0x0000, 0x0000, 0x0000, 0x1AD1, 0x551F, 0xC5BC, 0xCDFD, 0xC5DD, 0x9478,
  0x422C, 0x0863, 0x0001, 0x0001, 0x0001, 0x0021, 0x0063, 0x10C5, 0x2968, 0x422C, 0x52CF, 0x6351,
  0x7393, 0x7BD4, 0x7BD4, 0x6B93, 0x5B31, 0x52CF, 0x424D, 0x29AA, 0x10E6, 0x0884, 0x0063, 0x0043,
  0x0063, 0x0043, 0x0043, 0x0043, 0x0063, 0x0063, 0x0063, 0x0063, 0x0063, 0x0083, 0x0883, 0x0883,
  0x0883, 0x08A4, 0x08A4, 0x10A4, 0x10A4, 0x10C4, 0x10C4, 0x10C4, 0x10C4, 0x10C4, 0x10C4, 0x10C4,
  0x10C4, 0x10C4, 0x08A4, 0x0883, 0x0883, 0x0883, 0x0083, 0x0063, 0x0063, 0x0063, 0x0063, 0x0063,
  0x0063, 0x0063, 0x0063, 0x0063, 0x0083, 0x0063, 0x0063, 0x0063, 0x0063, 0x0063, 0x0083, 0x0042,
  0x0042, 0x2188, 0x326D, 0x2A4D, 0x3ACD, 0x42EE, 0x5B91, 0x5BB1, 0x4310, 0x3ACF, 0x430F, 0x42EE,
  0x5350, 0x5371, 0x4310, 0x326D, 0x21EB, 0x118A, 0x0949, 0x0928, 0x1189, 0x1168, 0x1169, 0x220C,
  0x11AB, 0x1169, 0x1148, 0x19AA, 0x326D, 0x1989, 0x1989, 0x21EB, 0x1989, 0x0908, 0x0108, 0x00E7,
  0x1169, 0x1989, 0x21CB, 0x0108, 0x0949, 0x2A6E, 0x19EC, 0x19EC, 0x3AF0, 0x5372, 0x5BB3, 0x4B51,
  0x3A8E, 0x326E, 0x32AF, 0x328F, 0x222E, 0x5BD3, 0x5C36, 0x43D7, 0x4C17, 0x53F6, 0x5437, 0x6497,
  0x6CB8, 0x5437, 0x2AF4, 0x1A70, 0x00E8, 0x00A7, 0x00A7, 0x0086, 0x0085, 0x00A6, 0x00E7, 0x096A,
  0x116A, 0x0109, 0x014B, 0x09AC, 0x11CC, 0x224E, 0x328F, 0x2A2D, 0x19AB, 0x118B, 0x19AB, 0x19AB,
  0x19AB, 0x21CB, 0x21CB, 0x21EC, 0x220C, 0x21EB, 0x21AA, 0x3232, 0x21EF, 0x19CB, 0x198B, 0x2A2E,
  0x63B6, 0x5BB8, 0x6BF9, 0x5B77, 0x741B, 0x3AD9, 0x5B9A, 0x6C35, 0x7C74, 0x8CF6, 0x6BF2, 0x9D57,
  0xA578, 0xA5B9, 0xB61C, 0xB5FB, 0xADB8, 0xADDB, 0xBE1B, 0xCE9B, 0xD6BD, 0xCEBE, 0xCEBE, 0xF7DF,
  0xDF1F, 0x9D1B, 0x555F, 0x1A4E, 0x0000, 0x0000, 0x0000, 0x0000, 0x0000, 0x0000, 0x0000, 0x0000,
  0x0000, 0x0000, 0x0000, 0x0000, 0x0000, 0x0000, 0x0000, 0x0000, 0x0000, 0x0000, 0x0000, 0x0000,
  0x0000, 0x0000, 0x0000, 0x0000, 0x0000, 0x0000, 0x0000, 0x0000, 0x0000, 0x0000, 0x0000, 0x0000,
  0x0000, 0x0000, 0x0000, 0x0000, 0x0000, 0x0000, 0x0062, 0x345B, 0x857E, 0xD5FD, 0xA4FA, 0x6331,
  0x1906, 0x0001, 0x0001, 0x0022, 0x0863, 0x1906, 0x39EA, 0x5B0F, 0x83F4, 0x9CB8, 0xAD1B, 0xAD3B,
  0xAD1C, 0xAD1C, 0xB53C, 0xB55C, 0xB55C, 0xA51B, 0x8C77, 0x6331, 0x3A4D, 0x31EB, 0x2167, 0x10E5,
  0x10C4, 0x10C4, 0x10C4, 0x10C4, 0x10C4, 0x10C4, 0x10C4, 0x10A4, 0x10A4, 0x10A4, 0x08A4, 0x08A4,
  0x08A4, 0x08A4, 0x0884, 0x0883, 0x0883, 0x0883, 0x0883, 0x0883, 0x0883, 0x0883, 0x0883, 0x0063,
  0x0063, 0x0063, 0x0063, 0x0063, 0x0063, 0x0063, 0x0063, 0x0063, 0x0063, 0x0063, 0x0063, 0x0063,
  0x0043, 0x0043, 0x0043, 0x0043, 0x0043, 0x0043, 0x0043, 0x0043, 0x0043, 0x0043, 0x0022, 0x2167,
  0x73D1, 0x5B4F, 0x42EF, 0x4B50, 0x328D, 0x2A4C, 0x3AAE, 0x0928, 0x2A6D, 0x4330, 0x328E, 0x326D,
  0x3AAE, 0x2A6D, 0x5B91, 0x328D, 0x328D, 0x5BB1, 0x32AE, 0x21CB, 0x2A2C, 0x2A2C, 0x0907, 0x0949,
  0x00E7, 0x0908, 0x1149, 0x118A, 0x324D, 0x19AA, 0x096A, 0x2A4D, 0x326D, 0x198A, 0x0928, 0x0927,
  0x1169, 0x1149, 0x0949, 0x118A, 0x0908, 0x08E7, 0x1127, 0x08C5, 0x1168, 0x2A2C, 0x6C14, 0x3AAE,
  0x328E, 0x328E, 0x2A4D, 0x21CA, 0x19AA, 0x3B11, 0x32F2, 0x3334, 0x4396, 0x5416, 0x5417, 0x5C57,
  0x5437, 0x43B5, 0x2270, 0x19CD, 0x00A7, 0x0086, 0x0044, 0x0022, 0x0021, 0x0022, 0x0044, 0x00A7,
  0x00C7, 0x0086, 0x0065, 0x00A7, 0x0908, 0x1149, 0x19AB, 0x19AB, 0x1128, 0x08E7, 0x19AB, 0x220C,
  0x2A2D, 0x3A8E, 0x3AAF, 0x42EF, 0x42D2, 0x42F1, 0x42AD, 0x42AF, 0x42B4, 0x2A0F, 0x4AF4, 0x7C18,
  0x9D3B, 0x6C5B, 0x6397, 0x6399, 0x849C, 0x849C, 0xA55E, 0x8CD9, 0x8CF5, 0x7433, 0x6C13, 0xADD9,
  0xADFA, 0xB5FA, 0xB5FA, 0xB5DC, 0xB61C, 0xB5FC, 0xC65D, 0xD6FD, 0xDF1E, 0xE75F, 0xD6BE, 0xEF5F,
  0xFFBF, 0x759F, 0x2B97, 0x0000, 0x0000, 0x0000, 0x0000, 0x0000, 0x0000, 0x0000, 0x0000, 0x0000,
  0x0000, 0x0000, 0x0000, 0x0000, 0x0000, 0x0000, 0x0000, 0x0000, 0x0000, 0x0000, 0x0000, 0x0000,
  0x0000, 0x0000, 0x0000, 0x0000, 0x0000, 0x0000, 0x0000, 0x0000, 0x0000, 0x0000, 0x0000, 0x0000,
  0x0000, 0x0000, 0x0000, 0x0000, 0x0000, 0x0000, 0x0000, 0x118A, 0x451F, 0xA55C, 0x9C76, 0x4A6C,
  0x18C4, 0x0862, 0x18E5, 0x31A8, 0x52AD, 0x73B2, 0x9477, 0xAD1A, 0xBD7C, 0xBD7D, 0xBD7D, 0xB53C,
  0xAD1C, 0xAD1C, 0xAD1C, 0xAD3C, 0xA4F9, 0x8436, 0x6B51, 0x52AE, 0x426C, 0x3A2B, 0x29A8, 0x1905,
  0x10C4, 0x10A4, 0x10A4, 0x10A4, 0x10A4, 0x08A4, 0x08A4, 0x08A4, 0x08A4, 0x0883, 0x0883, 0x0883,
  0x0883, 0x0883, 0x0063, 0x0063, 0x0063, 0x0063, 0x0063, 0x0063, 0x0063, 0x0063, 0x0883, 0x0883,
  0x0883, 0x0883, 0x0883, 0x0063, 0x0063, 0x0063, 0x0043, 0x0063, 0x0063, 0x0063, 0x0063, 0x0063,
  0x0063, 0x0063, 0x0063, 0x0063, 0x0063, 0x0083, 0x0084, 0x0084, 0x0884, 0x08A4, 0x0084, 0x63B1,
  0x7C32, 0x8CB4, 0xADB8, 0x94D4, 0x6BD0, 0x6BF2, 0x9D57, 0x8CF6, 0x7434, 0x63B1, 0x3A6C, 0x21EB,
  0x222C, 0x19CB, 0x21EA, 0x118A, 0x220B, 0x430F, 0x4B0F, 0x5B90, 0x2A2C, 0x2A4D, 0x21EB, 0x326D,
  0x21EB, 0x1189, 0x0949, 0x0907, 0x0906, 0x1127, 0x116A, 0x0108, 0x2A2C, 0x2A2C, 0x1989, 0x1127,
  0x19AA, 0x21EB, 0x3A6D, 0x428D, 0x29C9, 0x08E6, 0x42AD, 0x5B70, 0x4B0F, 0x3ACF, 0x6C56, 0x2A2D,
  0x0907, 0x1128, 0x0907, 0x08C6, 0x08C7, 0x19CC, 0x222E, 0x2AF2, 0x3355, 0x5416, 0x6498, 0x74F9,
  0x64B8, 0x5458, 0x43D6, 0x1A30, 0x014C, 0x092A, 0x0001, 0x0000, 0x0000, 0x0022, 0x0065, 0x0065,
  0x0086, 0x0065, 0x0085, 0x08C6, 0x0908, 0x1128, 0x1128, 0x0908, 0x08E6, 0x08C6, 0x1169, 0x21EC,
  0x220C, 0x222D, 0x2A2C, 0x21CB, 0x21AA, 0x2A0E, 0x42D2, 0x3A8E, 0x29EC, 0x3A72, 0x73F9, 0x9D1B,
  0xCE5D, 0x8CB7, 0x322E, 0x7C5B, 0xB5DE, 0xCE5E, 0x9D3B, 0x29EB, 0x5350, 0x8CF5, 0x9D77, 0xBE3A,
  0xBE5B, 0xBE3A, 0xBE3B, 0xBE5C, 0xCEBD, 0xC65D, 0xB5FD, 0xE75E, 0xE73E, 0xFFFF, 0xDEFE, 0xEF3E,
  0xA65F, 0x349D, 0x08C5, 0x0000, 0x0000, 0x0000, 0x0000, 0x0000, 0x0000, 0x0000, 0x0000, 0x0000,
  0x0000, 0x0000, 0x0000, 0x0000, 0x0000, 0x0000, 0x0000, 0x0000, 0x0000, 0x0000, 0x0000, 0x0000,
  0x0000, 0x0000, 0x0000, 0x0000, 0x0000, 0x0000, 0x0000, 0x0000, 0x0000, 0x0000, 0x0000, 0x0000,
  0x0000, 0x0000, 0x0000, 0x0000, 0x0000, 0x0000, 0x0000, 0x0000, 0x22F3, 0x54FE, 0x5ACE, 0x2105,
  0x0862, 0x2105, 0x4A6B, 0x7BB2, 0xA4F8, 0xBD9C, 0xBD9D, 0xBD7D, 0xBD7C, 0xB53C, 0xAD1B, 0xACFB,
  0xA4FB, 0x9CBA, 0x8417, 0x6B52, 0x428E, 0x2989, 0x10E5, 0x10A4, 0x08A5, 0x08C5, 0x08A5, 0x0084,
  0x0043, 0x0063, 0x0063, 0x0063, 0x0063, 0x0063, 0x0063, 0x0883, 0x0883, 0x0883, 0x0883, 0x08A4,
  0x10A4, 0x10C4, 0x10C4, 0x10C4, 0x10C4, 0x10C4, 0x18E5, 0x1905, 0x1905, 0x1905, 0x1905, 0x1905,
  0x1905, 0x1905, 0x18E5, 0x18E4, 0x10E4, 0x10C4, 0x10C4, 0x10C4, 0x08A4, 0x08A4, 0x08A4, 0x0883,
  0x0083, 0x0063, 0x0063, 0x0063, 0x0063, 0x0063, 0x0063, 0x0063, 0x0063, 0x0043, 0x08C5, 0x63F3,
  0x7475, 0xADD9, 0x9D57, 0x7C53, 0x9D57, 0xB61A, 0xBE5B, 0xA577, 0x94B3, 0x73CF, 0x73D0, 0xA577,
  0x8CB3, 0x636E, 0x532E, 0x5B2F, 0x5B6F, 0x636F, 0x8474, 0x9515, 0x9CF4, 0x9CF4, 0x6BD1, 0x7C53,
  0x8CB4, 0x94F5, 0x5371, 0x7411, 0x8CB3, 0x9D56, 0x9516, 0x6C13, 0x5B91, 0x530E, 0x5B4F, 0x63D2,
  0x6C34, 0x84D6, 0x9D57, 0xBE3A, 0xA598, 0x84D6, 0x6C34, 0x5392, 0x6BF3, 0x7CD7, 0x5C36, 0x4332,
  0x0085, 0x0064, 0x0064, 0x0043, 0x00A6, 0x1A0E, 0x1A0E, 0x2AD2, 0x2B14, 0x3B96, 0x43B6, 0x4BD5,
  0x43B5, 0x4BF6, 0x43B7, 0x1A51, 0x09AD, 0x096B, 0x0043, 0x0043, 0x0064, 0x0086, 0x00E8, 0x010A,
  0x0109, 0x00E8, 0x010A, 0x098C, 0x222E, 0x328F, 0x2A4E, 0x1A0D, 0x11AC, 0x094A, 0x11AB, 0x2A4D,
  0x32AF, 0x3AAF, 0x326E, 0x324D, 0x21EC, 0x3251, 0x42F3, 0x3AB3, 0x3A93, 0x42D5, 0x7439, 0xC61E,
  0xD6BF, 0xAD7A, 0x94FB, 0xB5BE, 0xBDDD, 0xBE1D, 0x326D, 0x19CA, 0x5BB1, 0x7412, 0x6BD1, 0x9D15,
  0x9D56, 0x9D37, 0x9D36, 0xB5D8, 0xBE1A, 0xC67B, 0xBE1D, 0x9D1B, 0x9CBA, 0xBDDC, 0xEF3E, 0xB61D,
  0x3D1F, 0x1A0C, 0x0000, 0x0000, 0x0000, 0x0000, 0x0000, 0x0000, 0x0000, 0x0000, 0x0000, 0x0000,
  0x0000, 0x0000, 0x0000, 0x0000, 0x0000, 0x0000, 0x0000, 0x0000, 0x0000, 0x0000, 0x0000, 0x0000,
  0x0000, 0x0000, 0x0000, 0x0000, 0x0000, 0x0000, 0x0000, 0x0000, 0x0000, 0x0000, 0x0000, 0x0000,
  0x0000, 0x0000, 0x0000, 0x0000, 0x0000, 0x0000, 0x0000, 0x0000, 0x0062, 0x349C, 0x2B13, 0x0000,
  0x1906, 0x52CD, 0x9496, 0xBD7B, 0xC5DD, 0xC5BD, 0xBD9C, 0xBD7C, 0xB53C, 0xA4FA, 0xA4DA, 0x9CB9,
  0x8C57, 0x6B72, 0x424D, 0x2148, 0x08A4, 0x0043, 0x0022, 0x0042, 0x0042, 0x0042, 0x0062, 0x0063,
  0x0063, 0x0063, 0x0863, 0x0883, 0x0883, 0x0883, 0x0883, 0x0883, 0x0883, 0x0883, 0x0883, 0x0883,
  0x0883, 0x0883, 0x0883, 0x0883, 0x08A3, 0x08A3, 0x08A4, 0x08A4, 0x08A4, 0x08A4, 0x08A4, 0x10A4,
  0x10A4, 0x10A4, 0x10A4, 0x10A4, 0x08A4, 0x08A3, 0x0883, 0x0883, 0x0063, 0x0063, 0x0063, 0x0063,
  0x0063, 0x0063, 0x0063, 0x0043, 0x0043, 0x0042, 0x0042, 0x0042, 0x0043, 0x0001, 0x2146, 0x7C53,
  0xADB9, 0xADFA, 0x8495, 0x9537, 0xB63B, 0xC69C, 0xC69D, 0x84D6, 0x9D36, 0xB5F9, 0xC65A, 0xBE3A,
  0xA555, 0x94F4, 0xB61A, 0xBE3A, 0xBDF9, 0xC65A, 0xB619, 0x94D3, 0xAD76, 0xA514, 0xAD55, 0x9D36,
  0xB61A, 0xCEDD, 0xBE9D, 0xADFA, 0xB61A, 0xC67B, 0xC67B, 0xADB7, 0x94D3, 0x94F4, 0x9515, 0xB61A,
  0xA5B9, 0xADD9, 0x8D38, 0xB65C, 0xCEDD, 0xBE7C, 0xD6FD, 0xADFA, 0x9579, 0xAE1B, 0xA5FB, 0x74D8,
  0x118B, 0x0065, 0x0085, 0x0085, 0x00C6, 0x1A4F, 0x2B13, 0x4BF6, 0x5C78, 0x6498, 0x6477, 0x53F6,
  0x2B13, 0x2AD2, 0x22D3, 0x09AD, 0x00C7, 0x0063, 0x0000, 0x0001, 0x0022, 0x0023, 0x0044, 0x0065,
  0x0085, 0x0065, 0x0065, 0x00A6, 0x08C7, 0x08C7, 0x0885, 0x08A4, 0x08A5, 0x08C6, 0x1148, 0x198A,
  0x21EB, 0x2A0C, 0x29EB, 0x2A2C, 0x324E, 0x324D, 0x21CA, 0x4AF5, 0x741C, 0x743A, 0x7C3A, 0xA53C,
  0xDEBF, 0x94D8, 0x8C97, 0xD6BF, 0xDEBF, 0xA57A, 0x7433, 0x7C94, 0x9516, 0x8494, 0x8473, 0xA577,
  0x9516, 0xA578, 0xA599, 0xADB8, 0xB5D9, 0xC65B, 0xD6FD, 0x9D3C, 0x7BB9, 0x7378, 0x8C39, 0x553F,
  0x2334, 0x0000, 0x0000, 0x0000, 0x0000, 0x0000, 0x0000, 0x0000, 0x0000, 0x0000, 0x0000, 0x0000,
  0x0000, 0x0000, 0x0000, 0x0000, 0x0000, 0x0000, 0x0000, 0x0000, 0x0000, 0x0000, 0x0000, 0x0000,
  0x0000, 0x0000, 0x0000, 0x0000, 0x0000, 0x0000, 0x0000, 0x0000, 0x0000, 0x0000, 0x0000, 0x0000,
  0x0000, 0x0000, 0x0000, 0x0000, 0x0000, 0x0000, 0x0000, 0x0000, 0x0000, 0x1169, 0x451E, 0x2A2D,
  0x632F, 0xAD59, 0xCE1D, 0xCDFD, 0xCDDD, 0xC5DD, 0xC5BD, 0xBD9D, 0xB53C, 0xA4DA, 0x9477, 0x7392,
  0x52AD, 0x39C9, 0x1905, 0x0883, 0x0862, 0x0883, 0x10A3, 0x10A3, 0x10A3, 0x10A3, 0x10A4, 0x10A4,
  0x10A3, 0x10A4, 0x10C4, 0x10C4, 0x10A4, 0x10A4, 0x08A4, 0x08A4, 0x08A3, 0x08A4, 0x0884, 0x0883,
  0x0883, 0x0883, 0x0883, 0x0083, 0x0063, 0x0063, 0x0063, 0x0063, 0x0063, 0x0063, 0x0043, 0x0043,
  0x0043, 0x0043, 0x0043, 0x0043, 0x0043, 0x0043, 0x0063, 0x0063, 0x0063, 0x0063, 0x0083, 0x0083,
  0x0084, 0x0083, 0x0084, 0x0083, 0x0063, 0x0063, 0x0043, 0x0043, 0x0063, 0x0043, 0x08A3, 0x6BB0,
  0xAD97, 0x9D15, 0x8C94, 0xB61A, 0xD6FD, 0xCEBC, 0xAD98, 0xA599, 0x8CD5, 0x94F5, 0xCEBC, 0xADFA,
  0xADFA, 0xB61B, 0xC69D, 0xCEBD, 0xBE9D, 0xBE7C, 0x9D57, 0x9516, 0xBE5B, 0xBDF9, 0xB61A, 0xAE1B,
  0xCE9C, 0xD6DC, 0xC67C, 0xCEBD, 0xCEBC, 0xAD97, 0x94F5, 0x9CF5, 0xA598, 0xADFB, 0xCEBD, 0xCEDD,
  0xCEDD, 0xBE7C, 0xAE1C, 0xBE7D, 0xD71E, 0xD71E, 0xD6FE, 0xCEFE, 0xAE1C, 0x9DBA, 0xB65C, 0x6C56,
  0x1107, 0x0001, 0x0043, 0x0064, 0x0084, 0x0928, 0x1A2E, 0x4374, 0x4373, 0x4374, 0x4BB4, 0x4BF6,
  0x5C78, 0x5C78, 0x5478, 0x22D3, 0x09F0, 0x0908, 0x0043, 0x0044, 0x0043, 0x0043, 0x0085, 0x00A6,
  0x00A6, 0x0086, 0x00A7, 0x0908, 0x0908, 0x1149, 0x1169, 0x0907, 0x00C6, 0x00E8, 0x118B, 0x21CB,
  0x21AA, 0x21CA, 0x19AA, 0x19A9, 0x19EE, 0x19CF, 0x2A2F, 0x8CDC, 0x5B99, 0x42D2, 0x428E, 0xBDFD,
  0xD69E, 0xA55A, 0xCE9D, 0xF79F, 0xDEDE, 0x7454, 0x7C95, 0x84B5, 0x8494, 0x6BF1, 0x94F5, 0x8C96,
  0x7C36, 0x8CD6, 0x9D58, 0xB5B8, 0xBDFA, 0xB61A, 0xD6FD, 0xE77F, 0xA51C, 0x8398, 0x5C7C, 0x3C7B,
  0x0062, 0x0000, 0x0000, 0x0000, 0x0000, 0x0000, 0x0000, 0x0000, 0x0000, 0x0000, 0x0000, 0x0000,
  0x0000, 0x0000, 0x0000, 0x0000, 0x0000, 0x0000, 0x0000, 0x0000, 0x0000, 0x0000, 0x0000, 0x0000,
  0x0000, 0x0000, 0x0000, 0x0000, 0x0000, 0x0000, 0x0000, 0x0000, 0x0000, 0x0000, 0x0000, 0x0000,
  0x0000, 0x0000, 0x0000, 0x0000, 0x0000, 0x0000, 0x0000, 0x0000, 0x0000, 0x0000, 0x22B1, 0x44FE,
  0xA519, 0xD63E, 0xCE1D, 0xCE1D, 0xCE1D, 0xCDFD, 0xC5BD, 0xC59D, 0xAD3B, 0x9478, 0x6330, 0x39C9,
  0x2105, 0x1083, 0x0883, 0x1083, 0x10A3, 0x10C3, 0x18E4, 0x18E4, 0x18E4, 0x18E4, 0x2126, 0x1905,
  0x18E4, 0x1905, 0x2105, 0x2125, 0x2125, 0x1905, 0x18E5, 0x10C4, 0x10A4, 0x08A4, 0x08A4, 0x0884,
  0x0883, 0x0083, 0x0083, 0x0883, 0x0884, 0x08A4, 0x0883, 0x0883, 0x0083, 0x0063, 0x0063, 0x0043,
  0x0042, 0x0022, 0x0022, 0x0043, 0x0022, 0x0001, 0x0001, 0x0022, 0x0063, 0x08A4, 0x0042, 0x0063,
  0x08C5, 0x10E5, 0x0063, 0x0063, 0x08A5, 0x08C5, 0x08A4, 0x0063, 0x0063, 0x0043, 0x0022, 0x63B1,
  0xADB9, 0xA577, 0x8474, 0xA578, 0xD69B, 0xADB7, 0x7C11, 0xA577, 0xA577, 0xB5D8, 0xCEBC, 0xC69C,
  0xA598, 0xBE1A, 0xD6FD, 0xE75E, 0xCEDE, 0xC67C, 0xA5DA, 0xADDA, 0xC67C, 0xD71E, 0xD6FE, 0xBE7D,
  0xC67C, 0xC67B, 0xD6BB, 0xC659, 0xD6BC, 0xC67C, 0xC67C, 0xBE1B, 0xCEBD, 0xCEDE, 0xE73E, 0xE73E,
  0xE73E, 0xCE9B, 0xBE19, 0xB61B, 0xD6DC, 0xE75E, 0xCE9C, 0xC67B, 0x9537, 0x63B2, 0x9579, 0x4373,
  0x00A5, 0x0043, 0x0084, 0x0064, 0x0084, 0x0907, 0x1149, 0x11AC, 0x094B, 0x012A, 0x00E8, 0x098D,
  0x1231, 0x09CE, 0x096B, 0x00C7, 0x0086, 0x0043, 0x0043, 0x0043, 0x0043, 0x0043, 0x0085, 0x08E8,
  0x0929, 0x08E8, 0x094A, 0x19CC, 0x21EC, 0x2A2D, 0x2A4E, 0x1A0E, 0x19CC, 0x19CC, 0x2A6F, 0x328F,
  0x326E, 0x2A4E, 0x2A4E, 0x2A30, 0x19F1, 0x4317, 0xA59C, 0x84BA, 0x2A53, 0x42B0, 0xADBB, 0xDF1F,
  0xCE5D, 0xC61C, 0xE73F, 0xEF5F, 0xB61B, 0x5392, 0x3AAD, 0x19CA, 0x63D1, 0x9515, 0xBE5B, 0xADD9,
  0x9519, 0x94DB, 0x951B, 0xAD9C, 0xBE1C, 0xBE5B, 0xB5FC, 0xD6BE, 0xDE7D, 0x7CBC, 0x3D1F, 0x1148,
  0x0000, 0x0000, 0x0000, 0x0000, 0x0000, 0x0000, 0x0000, 0x0000, 0x0000, 0x0000, 0x0000, 0x0000,
  0x0000, 0x0000, 0x0000, 0x0000, 0x0000, 0x0000, 0x0000, 0x0000, 0x0000, 0x0000, 0x0000, 0x0000,
  0x0000, 0x0000, 0x0000, 0x0000, 0x0000, 0x0000, 0x0000, 0x0000, 0x0000, 0x0000, 0x0000, 0x0000,
  0x0000, 0x0000, 0x0000, 0x0000, 0x0000, 0x0000, 0x0000, 0x0000, 0x0000, 0x0000, 0x0020, 0x2BB8,
  0x6D7F, 0xD5FD, 0xCE1D, 0xD63E, 0xD63E, 0xC5BD, 0xB55B, 0x9C97, 0x7BD4, 0x6353, 0x4A6E, 0x2147,
  0x0863, 0x0042, 0x0862, 0x0862, 0x0863, 0x0863, 0x0883, 0x0883, 0x0883, 0x10C4, 0x1106, 0x10E6,
  0x0883, 0x0883, 0x0883, 0x0883, 0x0063, 0x0063, 0x0063, 0x0063, 0x0063, 0x0063, 0x0083, 0x0083,
  0x0063, 0x0063, 0x0083, 0x0083, 0x0063, 0x0022, 0x0002, 0x0022, 0x0042, 0x0063, 0x0884, 0x10C4,
  0x1106, 0x1947, 0x2167, 0x1126, 0x1947, 0x29C9, 0x320A, 0x42CD, 0x42EF, 0x534F, 0x4B0E, 0x3AAE,
  0x4AEE, 0x42CE, 0x326D, 0x42EF, 0x3AF0, 0x4310, 0x5371, 0x5BB1, 0x42EF, 0x3ACF, 0x326D, 0x19EC,
  0x224E, 0x328E, 0x4B10, 0x6C34, 0x7454, 0x6C13, 0x63D2, 0x7412, 0x7C54, 0x8CF6, 0xA598, 0xB61B,
  0x9D37, 0xB5F9, 0xCEBC, 0xD6DD, 0xCE9B, 0xBE19, 0xB5B8, 0xCE5A, 0xD69B, 0xD6BC, 0xE73D, 0xE73D,
  0xE75E, 0xDEFC, 0xC5F7, 0xC5F7, 0xD6BC, 0xCE9C, 0xDEFD, 0xADFA, 0xA578, 0xBE3A, 0xAD97, 0xADB8,
  0xBE3B, 0x9D79, 0x9D37, 0xA599, 0xA5BA, 0xB63B, 0x9D99, 0x9D79, 0x6C97, 0x6C77, 0x8D9B, 0x4BB4,
  0x00A6, 0x0085, 0x00A5, 0x0085, 0x00A5, 0x1A0D, 0x3B74, 0x4BF6, 0x4BF5, 0x43B5, 0x4394, 0x4394,
  0x4BF7, 0x3B96, 0x3334, 0x22B3, 0x09CF, 0x0043, 0x0000, 0x0000, 0x0000, 0x0000, 0x0001, 0x0023,
  0x0044, 0x0044, 0x0023, 0x0024, 0x0043, 0x0043, 0x0044, 0x0043, 0x0022, 0x0085, 0x00E7, 0x116A,
  0x11AB, 0x1169, 0x19CD, 0x32B5, 0x19F3, 0x4B18, 0x9D7D, 0x5399, 0x7437, 0xA59B, 0xCEBE, 0xEF9F,
  0xB5BA, 0x9CF8, 0xC61C, 0xCE7E, 0x7455, 0x4B30, 0x2A0B, 0x4B0F, 0x7C94, 0xB5F9, 0xD6DD, 0xBE1A,
  0xBE3A, 0xBE1C, 0x9D3D, 0xA59D, 0xB5DD, 0x94BB, 0x947B, 0xACFB, 0x9D1B, 0x453F, 0x1A2E, 0x0000,
  0x0000, 0x0000, 0x0000, 0x0000, 0x0000, 0x0000, 0x0000, 0x0000, 0x0000, 0x0000, 0x0000, 0x0000,
  0x0000, 0x0000, 0x0000, 0x0000, 0x0000, 0x0000, 0x0000, 0x0000, 0x0000, 0x0000, 0x0000, 0x0000,
  0x0000, 0x0000, 0x0000, 0x0000, 0x0000, 0x0000, 0x0000, 0x0000, 0x0000, 0x0000, 0x0000, 0x0000,
  0x0000, 0x0000, 0x0000, 0x0000, 0x0000, 0x0000, 0x0000, 0x0000, 0x0000, 0x0000, 0x0000, 0x08C4,
  0x347C, 0x857D, 0xD5FD, 0xC5DC, 0xA4F8, 0x83F3, 0x630F, 0x3A0B, 0x2168, 0x29AA, 0x424E, 0x3A0C,
  0x1106, 0x0063, 0x0022, 0x0022, 0x0022, 0x0022, 0x0022, 0x0022, 0x0022, 0x08C5, 0x196A, 0x1949,
  0x0884, 0x0063, 0x0883, 0x08A4, 0x08A4, 0x08A4, 0x08A4, 0x08A4, 0x10A4, 0x10C4, 0x10C4, 0x10C4,
  0x10C4, 0x10C4, 0x10A3, 0x08A4, 0x1905, 0x2987, 0x31E9, 0x31EA, 0x21C9, 0x324B, 0x532E, 0x5B4F,
  0x4B2F, 0x5BB1, 0x9515, 0x7C53, 0x7433, 0x7C53, 0x6BF2, 0x534F, 0x5B90, 0x534F, 0x4B2F, 0x4B0E,
  0x3A8C, 0x324C, 0x3AAE, 0x3ACE, 0x32AE, 0x1A0C, 0x2A2C, 0x2A0B, 0x2A4C, 0x328D, 0x4B51, 0x32AF,
  0x32AF, 0x42EF, 0x3ACF, 0x220C, 0x09AB, 0x098B, 0x19A9, 0x2A0C, 0x4311, 0x4B30, 0x3AAE, 0x5BB2,
  0x63F3, 0x6BF2, 0x8CB5, 0x84B6, 0xA599, 0xA578, 0x9538, 0x9558, 0x8D17, 0x7CB6, 0x8CF7, 0x8D18,
  0x84B6, 0x7C76, 0x84D7, 0x9D78, 0xADDA, 0xA599, 0xADFA, 0x8D18, 0x8D17, 0x8CF7, 0x9538, 0x9D99,
  0x7C97, 0x6C77, 0x8D18, 0x6C77, 0x5C16, 0x6C77, 0x53D5, 0x4374, 0x32D1, 0x4B73, 0x42CF, 0x19AA,
  0x0085, 0x0064, 0x0084, 0x0064, 0x00A5, 0x19EC, 0x1A0E, 0x2AD2, 0x43D5, 0x6477, 0x6457, 0x6CB8,
  0x5417, 0x43D6, 0x3334, 0x22D4, 0x0A11, 0x0086, 0x0022, 0x0022, 0x0022, 0x0043, 0x00C7, 0x012A,
  0x012A, 0x010A, 0x096B, 0x116A, 0x116A, 0x116A, 0x116A, 0x1108, 0x00C6, 0x0908, 0x3ACF, 0x6C33,
  0x8494, 0x8493, 0x7C53, 0x8CD4, 0x7C76, 0x7459, 0x63F8, 0x4318, 0x5BB6, 0xA57B, 0xD71E, 0xAD99,
  0x83F3, 0xC63C, 0xE71F, 0xD6DD, 0x6C13, 0x7C74, 0xA598, 0xC67C, 0x9D58, 0x9D57, 0xB5FA, 0xADB8,
  0xC65A, 0xDEFD, 0xD6DC, 0xD6DD, 0x7BFA, 0x841B, 0xA4FA, 0x8C37, 0x553F, 0x2354, 0x0000, 0x0000,
  0x0000, 0x0000, 0x0000, 0x0000, 0x0000, 0x0000, 0x0000, 0x0000, 0x0000, 0x0000, 0x0000, 0x0000,
  0x0000, 0x0000, 0x0000, 0x0000, 0x0000, 0x0000, 0x0000, 0x0000, 0x0000, 0x0000, 0x0000, 0x0000,
  0x0000, 0x0000, 0x0000, 0x0000, 0x0000, 0x0000, 0x0000, 0x0000, 0x0000, 0x0000, 0x0000, 0x0000,
  0x0000, 0x0000, 0x0000, 0x0000, 0x0000, 0x0000, 0x0000, 0x0000, 0x0000, 0x0000, 0x0000, 0x0000,
  0x118A, 0x34FF, 0x7478, 0x6B50, 0x424C, 0x2946, 0x10A3, 0x0842, 0x0021, 0x1906, 0x5B11, 0x7BF6,
  0x5B11, 0x31EA, 0x18E5, 0x0883, 0x1083, 0x10A3, 0x10A3, 0x10A3, 0x18E5, 0x31CB, 0x4AB3, 0x4270,
  0x2168, 0x18E4, 0x1905, 0x1905, 0x1905, 0x1905, 0x18E5, 0x10E4, 0x10C4, 0x10A4, 0x08A4, 0x0883,
  0x0063, 0x0043, 0x10E5, 0x530D, 0x6BD1, 0x6C12, 0x7C32, 0x5B6F, 0x4AED, 0x6BF1, 0x5BB0, 0x430F,
  0x5B90, 0x4B2F, 0x534F, 0x4B0F, 0x63D1, 0x7C73, 0x7C52, 0x6BD1, 0x534F, 0x7432, 0x5BB1, 0x3ACF,
  0x220B, 0x220B, 0x224D, 0x224D, 0x3AEF, 0x4310, 0x222C, 0x19A9, 0x1189, 0x00E6, 0x00C6, 0x08E6,
  0x1127, 0x096A, 0x0949, 0x1169, 0x430F, 0x4B2F, 0x2A4C, 0x222C, 0x3AEF, 0x3AAE, 0x2A4C, 0x21EB,
  0x19AA, 0x19AA, 0x2A0B, 0x326D, 0x2A2C, 0x2A2C, 0x2A2D, 0x2A4E, 0x3B11, 0x4B73, 0x4B53, 0x4353,
  0x32F2, 0x2250, 0x4333, 0x6436, 0x7497, 0x7CB7, 0x84D7, 0x7497, 0x84D7, 0x9D79, 0xADDA, 0xA5BA,
  0x9538, 0x9D59, 0x8D18, 0x7497, 0x6415, 0x6C35, 0x5BF4, 0x4352, 0x3AD0, 0x4311, 0x2A2D, 0x08E7,
  0x0064, 0x0064, 0x0044, 0x0043, 0x0064, 0x11AB, 0x11AB, 0x19EC, 0x222E, 0x2AD1, 0x2B14, 0x2AF3,
  0x098D, 0x096C, 0x010A, 0x012A, 0x00A7, 0x0001, 0x0000, 0x0001, 0x0000, 0x0000, 0x0000, 0x0044,
  0x0086, 0x00C8, 0x092A, 0x094A, 0x094A, 0x0929, 0x00E8, 0x012A, 0x11CC, 0x4B72, 0x9516, 0x8CD4,
  0x8CD5, 0x84D5, 0x63D2, 0x7C74, 0x6C13, 0x7454, 0xA598, 0x953A, 0x8CFC, 0xC65E, 0xD6DE, 0x8435,
  0xAD59, 0xD6DF, 0xF79F, 0xC67B, 0x5B91, 0x8CF6, 0xBE5B, 0xA5B9, 0x7432, 0x8474, 0xAD99, 0xADB8,
  0xBE3A, 0xCEBC, 0xE75E, 0x94DB, 0x6B39, 0x6B55, 0x7332, 0x54BC, 0x343A, 0x0041, 0x0000, 0x0000,
  0x0000, 0x0000, 0x0000, 0x0000, 0x0000, 0x0000, 0x0000, 0x0000, 0x0000, 0x0000, 0x0000, 0x0000,
  0x0000, 0x0000, 0x0000, 0x0000, 0x0000, 0x0000, 0x0000, 0x0000, 0x0000, 0x0000, 0x0000, 0x0000,
  0x0000, 0x0000, 0x0000, 0x0000, 0x0000, 0x0000, 0x0000, 0x0000, 0x0000, 0x0000, 0x0000, 0x0000,
  0x0000, 0x0000, 0x0000, 0x0000, 0x0000, 0x0000, 0x0000, 0x0000, 0x0000, 0x0000, 0x0000, 0x0020,
  0x0000, 0x1AB0, 0x3CDE, 0x1948, 0x0042, 0x0042, 0x0022, 0x0021, 0x0001, 0x08A4, 0x424E, 0x8C59,
  0x947A, 0x6332, 0x31C9, 0x10C4, 0x0883, 0x1083, 0x1083, 0x10A3, 0x2148, 0x3A52, 0x5B39, 0x4AB4,
  0x216A, 0x0883, 0x0863, 0x0883, 0x0883, 0x0883, 0x0883, 0x0063, 0x0063, 0x0083, 0x0042, 0x0063,
  0x3A2A, 0x73F1, 0x7C32, 0x6C12, 0x7C73, 0x63B1, 0x4B0E, 0x428C, 0x530E, 0x534F, 0x5B90, 0x3AEF,
  0x4B50, 0x63B1, 0x7412, 0x6BF1, 0x6BF1, 0x7411, 0x73F1, 0x7412, 0x5B90, 0x4B0E, 0x2A4D, 0x222D,
  0x222C, 0x2A6D, 0x220C, 0x224D, 0x4330, 0x430F, 0x5370, 0x5370, 0x3A8D, 0x3AAE, 0x4B2F, 0x3A8C,
  0x2A2C, 0x2A2C, 0x2A2C, 0x2A8E, 0x11CC, 0x116A, 0x1128, 0x19CB, 0x21EB, 0x1169, 0x0064, 0x0043,
  0x0948, 0x19AA, 0x1968, 0x21AA, 0x0907, 0x0929, 0x0928, 0x08A5, 0x1107, 0x3A8E, 0x7C75, 0x9538,
  0x84D6, 0x6C34, 0x6BF4, 0x63D3, 0x5BB3, 0x5B92, 0x5372, 0x3AF1, 0x4B72, 0x5BB3, 0x7455, 0x53B3,
  0x6C35, 0x9D59, 0x84F8, 0x74B7, 0x7C96, 0x6C34, 0x63B2, 0x4B0F, 0x324C, 0x21CB, 0x0907, 0x00A5,
  0x00A5, 0x00A5, 0x0084, 0x0064, 0x0065, 0x08E8, 0x08E7, 0x00E8, 0x094B, 0x2291, 0x3BB6, 0x3B96,
  0x22D3, 0x1A51, 0x096D, 0x092A, 0x0063, 0x0001, 0x0001, 0x0001, 0x0000, 0x0023, 0x0044, 0x0064,
  0x0065, 0x0044, 0x0045, 0x0086, 0x00A6, 0x1128, 0x3AAE, 0x3AD0, 0x11CC, 0x118A, 0x326D, 0x4B0F,
  0x4310, 0x3AEF, 0x5391, 0x7C74, 0x7453, 0x8CF5, 0xBE39, 0xADF9, 0xC65C, 0xCE9E, 0xD6BE, 0x9CD8,
  0xA53A, 0xD6BD, 0xFFFF, 0xADB9, 0x4B2F, 0x8D37, 0x9D9A, 0x8D17, 0x8473, 0x94F5, 0xA599, 0xA598,
  0xC67B, 0xDF1D, 0xC65D, 0x6359, 0x7BD8, 0x8C35, 0x753C, 0x34DD, 0x08C5, 0x0000, 0x0000, 0x0000,
  0x0000, 0x0000, 0x0000, 0x0000, 0x0000, 0x0000, 0x0000, 0x0000, 0x0000, 0x0000, 0x0000, 0x0000,
  0x0000, 0x0000, 0x0000, 0x0000, 0x0000, 0x0000, 0x0000, 0x0000, 0x0000, 0x0000, 0x0000, 0x0000,
  0x0000, 0x0000, 0x0000, 0x0000, 0x0000, 0x0000, 0x0000, 0x0000, 0x0000, 0x0000, 0x0000, 0x0000,
  0x0000, 0x0000, 0x0000, 0x0000, 0x0000, 0x0000, 0x0000, 0x0000, 0x0000, 0x0000, 0x0000, 0x0000,
  0x0000, 0x0000, 0x2BB7, 0x341A, 0x2148, 0x31CA, 0x3A0B, 0x39EB, 0x29A9, 0x31CB, 0x5AF1, 0x8438,
  0x9CBC, 0x7BD9, 0x426F, 0x1907, 0x0042, 0x0022, 0x0001, 0x0063, 0x196C, 0x4297, 0x635B, 0x5318,
  0x29CD, 0x08A5, 0x0063, 0x0863, 0x0883, 0x0883, 0x0883, 0x08A4, 0x08A4, 0x0884, 0x1925, 0x73AF,
  0x8473, 0x5B70, 0x5B90, 0x63B1, 0x63B0, 0x534F, 0x4B0F, 0x2A4C, 0x328D, 0x5391, 0x5BF3, 0x4310,
  0x220B, 0x4B2F, 0x42EE, 0x2A2B, 0x2A4C, 0x42EE, 0x3ACE, 0x2A0B, 0x2A0B, 0x4B2F, 0x63D1, 0x6C13,
  0x5BB2, 0x63F3, 0x6C13, 0x63D2, 0x42CE, 0x0928, 0x19AB, 0x19CB, 0x0969, 0x21EB, 0x2A6D, 0x2A2C,
  0x326C, 0x220B, 0x11CB, 0x11AB, 0x012A, 0x0108, 0x0129, 0x0949, 0x1149, 0x1148, 0x1148, 0x29EA,
  0x19AA, 0x1989, 0x3A8D, 0x1148, 0x21EA, 0x328D, 0x21AA, 0x08C6, 0x21EB, 0x42EF, 0x2A4D, 0x5392,
  0x7CB6, 0x6BF4, 0x63D3, 0x5350, 0x5B70, 0x5B70, 0x63B2, 0x42F0, 0x324D, 0x324D, 0x322C, 0x29EB,
  0x42CF, 0x5330, 0x42CF, 0x3A8E, 0x42CF, 0x4AEF, 0x42EF, 0x3AAE, 0x326D, 0x21EB, 0x1149, 0x00A5,
  0x0044, 0x0064, 0x0064, 0x0064, 0x00A7, 0x11AC, 0x224F, 0x3B54, 0x43B6, 0x4C18, 0x43F7, 0x5C58,
  0x6498, 0x4C38, 0x33B7, 0x1294, 0x00E9, 0x0001, 0x0021, 0x0022, 0x0022, 0x0043, 0x00A7, 0x00E9,
  0x00A8, 0x114A, 0x19ED, 0x016C, 0x2A90, 0x6C75, 0x84F6, 0x7C95, 0x532F, 0x7411, 0x8CB4, 0x7432,
  0x532F, 0x532E, 0x7C52, 0xADB8, 0xD6FE, 0xDF1D, 0xD6DB, 0xCEBC, 0xCEDD, 0xB5DD, 0xADBD, 0xA51A,
  0xB5BB, 0xFFDF, 0xFFFF, 0x9D57, 0x63F2, 0x8D38, 0x7CF9, 0x7C95, 0x7C54, 0xA578, 0xCEBC, 0xB61A,
  0xC65C, 0xD6BD, 0xB5DD, 0xC63D, 0xEF5E, 0xB6BF, 0x3CFF, 0x1169, 0x0000, 0x0000, 0x0000, 0x0000,
  0x0000, 0x0000, 0x0000, 0x0000, 0x0000, 0x0000, 0x0000, 0x0000, 0x0000, 0x0000, 0x0000, 0x0000,
  0x0000, 0x0000, 0x0000, 0x0000, 0x0000, 0x0000, 0x0000, 0x0000, 0x0000, 0x0000, 0x0000, 0x0000,
  0x0000, 0x0000, 0x0000, 0x0000, 0x0000, 0x0000, 0x0000, 0x0000, 0x0000, 0x0000, 0x0000, 0x0000,
  0x0000, 0x0000, 0x0000, 0x0000, 0x0000, 0x0000, 0x0000, 0x0000, 0x0000, 0x0000, 0x0000, 0x0000,
  0x0000, 0x0000, 0x0042, 0x341A, 0x549C, 0x9C97, 0x9CD9, 0x9499, 0x9477, 0x8436, 0x8C78, 0x949B,
  0x949B, 0x8C5C, 0x6B98, 0x3A4F, 0x1927, 0x0883, 0x0862, 0x18E6, 0x3211, 0x52FA, 0x635A, 0x5B3A,
  0x3A32, 0x1928, 0x08A3, 0x0883, 0x0883, 0x0883, 0x0083, 0x0083, 0x0083, 0x0043, 0x6B6E, 0x9CF5,
  0x6BB0, 0x42CD, 0x21EB, 0x324C, 0x42AE, 0x2A6D, 0x63B1, 0x9516, 0x9D98, 0x8D16, 0x6C13, 0x5391,
  0x3AAE, 0x3AAE, 0x3ACE, 0x3AAE, 0x3AAE, 0x222C, 0x11CB, 0x2A4D, 0x328D, 0x2A8F, 0x42EF, 0x4B50,
  0x4330, 0x1A0D, 0x220C, 0x19CB, 0x220B, 0x328D, 0x63D2, 0x63F2, 0x6C13, 0x3AEF, 0x430F, 0x4B50,
  0x5391, 0x4B30, 0x32AF, 0x3AF0, 0x4B51, 0x326D, 0x4B30, 0x32CF, 0x19CB, 0x2A2C, 0x118A, 0x224E,
  0x096A, 0x0949, 0x32AE, 0x21CB, 0x21EB, 0x2A4D, 0x21EB, 0x220C, 0x6C13, 0x5B91, 0x21A9, 0x328E,
  0x4B10, 0x42CE, 0x530F, 0x4AEF, 0x5B91, 0x6BF2, 0x63B2, 0x4310, 0x4AEF, 0x530F, 0x42AE, 0x324C,
  0x322C, 0x21AA, 0x1106, 0x00A5, 0x0064, 0x0044, 0x0044, 0x0043, 0x0023, 0x0023, 0x0043, 0x0043,
  0x0043, 0x0043, 0x0043, 0x0044, 0x0043, 0x0085, 0x0907, 0x1128, 0x19CC, 0x226F, 0x2271, 0x2AB2,
  0x2AB1, 0x1A4F, 0x1A51, 0x01D0, 0x00EA, 0x0022, 0x0001, 0x0022, 0x0022, 0x0044, 0x0045, 0x0046,
  0x4331, 0x74B6, 0x4351, 0x4B30, 0x6C34, 0x5392, 0x6C13, 0xADB8, 0xA556, 0xC659, 0x9D56, 0x8493,
  0xBDD7, 0xCE59, 0xC639, 0xBE19, 0xC69D, 0xD6DD, 0xDF1D, 0xDF3D, 0xCEBC, 0xDEFE, 0xE75F, 0xCE5D,
  0xDEFE, 0xE73F, 0xF79F, 0xADB9, 0x7C94, 0x9558, 0x8D38, 0x7C74, 0x6C5A, 0xB5FC, 0xD6BC, 0xC65B,
  0xD6DC, 0xCEBC, 0xDF1E, 0xFFDF, 0xC6DE, 0x3CDF, 0x1A0D, 0x0000, 0x0000, 0x0000, 0x0000, 0x0000,
  0x0000, 0x0000, 0x0000, 0x0000, 0x0000, 0x0000, 0x0000, 0x0000, 0x0000, 0x0000, 0x0000, 0x0000,
  0x0000, 0x0000, 0x0000, 0x0000, 0x0000, 0x0000, 0x0000, 0x0000, 0x0000, 0x0000, 0x0000, 0x0000,
  0x0000, 0x0000, 0x0000, 0x0000, 0x0000, 0x0000, 0x0000, 0x0000, 0x0000, 0x0000, 0x0000, 0x0000,
  0x0000, 0x0000, 0x0000, 0x0000, 0x0000, 0x0000, 0x0000, 0x0000, 0x0000, 0x0000, 0x0000, 0x0000,
  0x0000, 0x0000, 0x0000, 0x08C5, 0x34BD, 0x857E, 0xC57D, 0xB55D, 0xBD7D, 0xB57C, 0xAD1C, 0x9CDC,
  0x949C, 0x949C, 0x845B, 0x6B77, 0x3A0D, 0x10E5, 0x0863, 0x192A, 0x4275, 0x531A, 0x5B3A, 0x52FA,
  0x31F3, 0x10E8, 0x0063, 0x0043, 0x0043, 0x0063, 0x0063, 0x0883, 0x0042, 0x2967, 0xA556, 0x8C94,
  0x8C72, 0xAD96, 0x9D35, 0x6BB1, 0x6BF1, 0x5391, 0x4B71, 0x2A4D, 0x324C, 0x42CE, 0x3A8D, 0x324C,
  0x2A2B, 0x328D, 0x326D, 0x32AE, 0x3AF0, 0x5371, 0x6C13, 0x7474, 0x5BD3, 0x84B5, 0x5B91, 0x5391,
  0x6413, 0x7474, 0x7474, 0x3AEF, 0x19EB, 0x2A6D, 0x3ACF, 0x2A2C, 0x19CA, 0x1149, 0x4B0F, 0x3A8D,
  0x11CB, 0x224D, 0x328E, 0x42EF, 0x63D2, 0x5391, 0x3B10, 0x2A6E, 0x2A4C, 0x326D, 0x0949, 0x00E8,
  0x00A5, 0x118A, 0x0928, 0x094A, 0x096A, 0x00E7, 0x220C, 0x11AA, 0x11AB, 0x00A7, 0x328D, 0x6C33,
  0x326D, 0x0063, 0x08C4, 0x1126, 0x1106, 0x08E6, 0x0084, 0x0063, 0x0084, 0x0084, 0x0084, 0x00A5,
  0x08E6, 0x08E6, 0x1968, 0x21CA, 0x21A9, 0x1947, 0x0085, 0x00A5, 0x00A5, 0x00A5, 0x00A5, 0x00A5,
  0x0085, 0x0085, 0x0085, 0x00A5, 0x00A6, 0x116A, 0x220D, 0x228F, 0x224E, 0x1A0D, 0x2AB1, 0x1A0F,
  0x094A, 0x00C7, 0x00A8, 0x0087, 0x0022, 0x0000, 0x0000, 0x0000, 0x0000, 0x0021, 0x0043, 0x3AF0,
  0x6C34, 0x7433, 0x8CD5, 0xC65A, 0x9557, 0x6C12, 0xBE19, 0xAD97, 0x9D14, 0x8CB4, 0x9D36, 0xBE19,
  0xD6BB, 0xCE7B, 0xC65A, 0xC639, 0xC69C, 0xCEBD, 0xDF1E, 0xD71D, 0xE75E, 0xF7BF, 0xFFFF, 0xF7DF,
  0xCE9E, 0xC61E, 0xA55E, 0x9538, 0xA5BA, 0xB61B, 0xADB8, 0x9516, 0x63F8, 0xA59A, 0xD6DB, 0xCE9C,
  0xC65C, 0xC65C, 0xD6BD, 0xCEDD, 0x4D3F, 0x1AB1, 0x0000, 0x0000, 0x0000, 0x0000, 0x0000, 0x0000,
  0x0000, 0x0000, 0x0000, 0x0000, 0x0000, 0x0000, 0x0000, 0x0000, 0x0000, 0x0000, 0x0000, 0x0000,
  0x0000, 0x0000, 0x0000, 0x0000, 0x0000, 0x0000, 0x0000, 0x0000, 0x0000, 0x0000, 0x0000, 0x0000,
  0x0000, 0x0000, 0x0000, 0x0000, 0x0000, 0x0000, 0x0000, 0x0000, 0x0000, 0x0000, 0x0000, 0x0000,
  0x0000, 0x0000, 0x0000, 0x0000, 0x0000, 0x0000, 0x0000, 0x0000, 0x0000, 0x0000, 0x0000, 0x0000,
  0x0000, 0x0000, 0x0000, 0x0000, 0x1169, 0x3CFF, 0x851D, 0xBD3C, 0xB55D, 0xBD7D, 0xB55D, 0xA4FC,
  0x9CBC, 0x94BC, 0x949C, 0x8C5B, 0x6B95, 0x424D, 0x1948, 0x218D, 0x4297, 0x52FA, 0x5B1A, 0x52FA,
  0x3214, 0x08E9, 0x0043, 0x0043, 0x0063, 0x0063, 0x0063, 0x0083, 0x0022, 0x426B, 0x9D37, 0x8452,
  0xADB7, 0xCE9C, 0xB5D8, 0x9CF3, 0x8452, 0x94D4, 0x7C73, 0x5B70, 0x328D, 0x3A8D, 0x534F, 0x42EE,
  0x430F, 0x63F2, 0x7453, 0x5B91, 0x4310, 0x3AAE, 0x3ACE, 0x4B50, 0x4310, 0x4B50, 0x5370, 0x42EF,
  0x84B5, 0x6C12, 0x4330, 0x4330, 0x3AAE, 0x3AAD, 0x19CB, 0x222C, 0x430F, 0x220B, 0x0949, 0x2A2C,
  0x3AEE, 0x2A6E, 0x3AEF, 0x21EB, 0x00E7, 0x19CB, 0x19EB, 0x11AA, 0x19CA, 0x3ACE, 0x5371, 0x6C34,
  0x4B50, 0x4B50, 0x1128, 0x116A, 0x326E, 0x7C74, 0x7474, 0x42EE, 0x21CA, 0x326D, 0x3AF1, 0xADFB,
  0x6C34, 0x0063, 0x0062, 0x0084, 0x00A5, 0x0084, 0x0063, 0x0084, 0x0084, 0x08A5, 0x08C5, 0x08C5,
  0x10E6, 0x08E5, 0x0906, 0x1148, 0x1127, 0x1107, 0x08E6, 0x08E6, 0x08E7, 0x00C6, 0x00A5, 0x0085,
  0x0064, 0x0043, 0x0044, 0x0043, 0x0022, 0x0021, 0x0065, 0x0086, 0x0085, 0x0908, 0x11EE, 0x098C,
  0x00E8, 0x00A7, 0x0002, 0x0001, 0x0022, 0x0022, 0x0043, 0x0022, 0x0043, 0x0003, 0x2A8F, 0x74B6,
  0x8CF5, 0xB5D8, 0xAD97, 0xB5F9, 0x84D5, 0xBE19, 0xDF3D, 0xBDF8, 0x8494, 0x9D16, 0xCE9B, 0xCE7B,
  0xD6BC, 0xC639, 0xBDF8, 0xC619, 0xBE1A, 0xCEBD, 0xD6FE, 0xD6FD, 0xE75E, 0xF7BF, 0xF7BF, 0xEF5F,
  0xAD7C, 0xA51D, 0xCE7E, 0x9D7A, 0xA59A, 0xBE5C, 0xB61A, 0x953A, 0x9D98, 0xADDA, 0xBE1C, 0xAD7C,
  0xBDFC, 0xCE7D, 0xB61C, 0x555F, 0x2334, 0x0000, 0x0000, 0x0000, 0x0000, 0x0000, 0x0000, 0x0000,
  0x0000, 0x0000, 0x0000, 0x0000, 0x0000, 0x0000, 0x0000, 0x0000, 0x0000, 0x0000, 0x0000, 0x0000,
  0x0000, 0x0000, 0x0000, 0x0000, 0x0000, 0x0000, 0x0000, 0x0000, 0x0000, 0x0000, 0x0000, 0x0000,
  0x0000, 0x0000, 0x0000, 0x0000, 0x0000, 0x0000, 0x0000, 0x0000, 0x0000, 0x0000, 0x0000, 0x0000,
  0x0000, 0x0000, 0x0000, 0x0000, 0x0000, 0x0000, 0x0000, 0x0000, 0x0000, 0x0000, 0x0000, 0x0000,
  0x0000, 0x0000, 0x0000, 0x0020, 0x0000, 0x1A0C, 0x451F, 0x84BB, 0xA4B9, 0x9CD9, 0x9498, 0x9499,
  0x949B, 0x949C, 0x9CBC, 0x9CDC, 0x9CBB, 0x6B73, 0x31EC, 0x31EF, 0x4A98, 0x5AFA, 0x5B3A, 0x52DA,
  0x3A56, 0x194A, 0x0883, 0x0883, 0x10A4, 0x1905, 0x2147, 0x2988, 0x1926, 0x6B8F, 0x9537, 0x8CB5,
  0xB5F9, 0xC67C, 0x9D15, 0x94F4, 0xA577, 0xC65A, 0xD69A, 0xA534, 0x8431, 0x636E, 0x5B4E, 0x5B0D,
  0x5B4F, 0x63B1, 0x8CD5, 0x8473, 0x6BD0, 0x6BB0, 0x220B, 0x42EE, 0x430F, 0x5B91, 0x63D2, 0x32AE,
  0x3ACF, 0x2A6D, 0x2A4D, 0x3AEF, 0x5B91, 0x5371, 0x3ACE, 0x2A6D, 0x5BB2, 0x5392, 0x4330, 0x3AEF,
  0x2A6E, 0x32AF, 0x220C, 0x0907, 0x220C, 0x42EF, 0x198A, 0x3AEF, 0x4B2F, 0x6BF2, 0x7432, 0x8CD4,
  0x84B4, 0x6370, 0x7C32, 0x8CB4, 0x5B6F, 0x5371, 0xB61A, 0xBE5A, 0x9D78, 0x9516, 0x9559, 0x957A,
  0x84F8, 0x1169, 0x29C9, 0x1989, 0x1127, 0x2188, 0x1967, 0x1947, 0x1948, 0x08E6, 0x08E6, 0x00C6,
  0x1107, 0x1106, 0x08E6, 0x1106, 0x1106, 0x1127, 0x1127, 0x1107, 0x1127, 0x08E6, 0x08C6, 0x08E6,
  0x08E5, 0x08E6, 0x08E6, 0x08C6, 0x08C5, 0x0927, 0x222E, 0x1A71, 0x2291, 0x118C, 0x094A, 0x094A,
  0x098D, 0x094C, 0x00C8, 0x0064, 0x0000, 0x0022, 0x0064, 0x0065, 0x0065, 0x098E, 0x6477, 0x7C94,
  0x9536, 0x9D56, 0x9D35, 0xBE3A, 0x9537, 0xA5B9, 0x84F6, 0x5B70, 0x532E, 0xADB7, 0xC65A, 0xBDF8,
  0x9D35, 0x94B3, 0xB596, 0xBDD8, 0xC639, 0xD6FD, 0xD6FD, 0xE75E, 0xE77F, 0xF79F, 0xE71F, 0xEF7F,
  0xBE3E, 0xA53D, 0xF77F, 0xD6BD, 0xADDB, 0xB63A, 0x7459, 0x847C, 0xBE1B, 0x9D1B, 0xB5BC, 0xD6BD,
  0xEF5E, 0xDF1D, 0x5D5F, 0x2397, 0x0021, 0x0000, 0x0000, 0x0000, 0x0000, 0x0000, 0x0000, 0x0000,
  0x0000, 0x0000, 0x0000, 0x0000, 0x0000, 0x0000, 0x0000, 0x0000, 0x0000, 0x0000, 0x0000, 0x0000,
  0x0000, 0x0000, 0x0000, 0x0000, 0x0000, 0x0000, 0x0000, 0x0000, 0x0000, 0x0000, 0x0000, 0x0000,
  0x0000, 0x0000, 0x0000, 0x0000, 0x0000, 0x0000, 0x0000, 0x0000, 0x0000, 0x0000, 0x0000, 0x0000,
  0x0000, 0x0000, 0x0000, 0x0000, 0x0000, 0x0000, 0x0000, 0x0000, 0x0000, 0x0000, 0x0000, 0x0000,
  0x0000, 0x0000, 0x0000, 0x0000, 0x0000, 0x0000, 0x1A6F, 0x453F, 0x5B53, 0x4A2B, 0x422C, 0x52AF,
  0x73B5, 0x949B, 0xA4FC, 0x9CDC, 0x949B, 0x6333, 0x31CD, 0x31D0, 0x52D8, 0x635A, 0x635A, 0x52FA,
  0x3A35, 0x10C8, 0x0043, 0x10A4, 0x2988, 0x428D, 0x5B31, 0x52EF, 0x2989, 0x5B2E, 0x9558, 0xADB9,
  0xD6DD, 0xDF1D, 0x9D37, 0x84B5, 0xADD9, 0xD6FD, 0xC65A, 0x8C51, 0x9471, 0x9CF4, 0xCE7A, 0xCE9B,
  0xBE19, 0xA514, 0x8C71, 0x73CF, 0x94D3, 0x9D15, 0x8493, 0x73F0, 0x5B4E, 0x7C52, 0x6BF2, 0x532F,
  0x4AEE, 0x634E, 0x5B2E, 0x530E, 0x5B91, 0x6BF2, 0x7474, 0x8CD5, 0x5BB2, 0x32AF, 0x222D, 0x3AAD,
  0x5BB1, 0x7412, 0x8CB3, 0x6BD0, 0x6BF1, 0x9515, 0xB5D8, 0xA555, 0x9CF4, 0x8451, 0x532E, 0x42CE,
  0xA576, 0xBE19, 0xB5D7, 0xC65A, 0xD6FD, 0xADDA, 0x9558, 0xBE7C, 0xC69C, 0xB5FA, 0xADFB, 0x851B,
  0x74BA, 0x21CB, 0x08C5, 0x08E6, 0x08A5, 0x08C5, 0x08C5, 0x08E6, 0x08E6, 0x08A5, 0x08C6, 0x00C6,
  0x0907, 0x0907, 0x00A5, 0x0064, 0x0064, 0x0084, 0x00A5, 0x0085, 0x0085, 0x0085, 0x0084, 0x0084,
  0x0064, 0x0084, 0x0084, 0x0084, 0x0085, 0x0907, 0x2A6E, 0x32F1, 0x3B95, 0x3B54, 0x3B33, 0x3313,
  0x2B56, 0x2357, 0x1294, 0x09AF, 0x0085, 0x0064, 0x0086, 0x0066, 0x096B, 0x5C56, 0x7C74, 0x8494,
  0x9D77, 0xADF9, 0xC67B, 0x8D38, 0x4331, 0x4310, 0x7433, 0x7432, 0x94F5, 0xC69B, 0xC67C, 0xC63A,
  0xB5D8, 0xA577, 0x94D4, 0xA556, 0xBE19, 0xCE9B, 0xE73E, 0xEF7E, 0xF7DF, 0xEF9F, 0xB5FB, 0x84B6,
  0x7455, 0xA578, 0xC65A, 0xCE9C, 0xC67D, 0xCEBC, 0x7C7C, 0x7BFB, 0x94DA, 0xC61A, 0xC63A, 0xAD78,
  0xBDDA, 0x6D7F, 0x2BF9, 0x0062, 0x0000, 0x0000, 0x0000, 0x0000, 0x0000, 0x0000, 0x0000, 0x0000,
  0x0000, 0x0000, 0x0000, 0x0000, 0x0000, 0x0000, 0x0000, 0x0000, 0x0000, 0x0000, 0x0000, 0x0000,
  0x0000, 0x0000, 0x0000, 0x0000, 0x0000, 0x0000, 0x0000, 0x0000, 0x0000, 0x0000, 0x0000, 0x0000,
  0x0000, 0x0000, 0x0000, 0x0000, 0x0000, 0x0000, 0x0000, 0x0000, 0x0000, 0x0000, 0x0000, 0x0000,
  0x0000, 0x0000, 0x0000, 0x0000, 0x0000, 0x0000, 0x0000, 0x0000, 0x0000, 0x0000, 0x0000, 0x0000,
  0x0000, 0x0000, 0x0000, 0x0000, 0x0000, 0x0000, 0x0000, 0x2312, 0x3CFE, 0x21A9, 0x0862, 0x1906,
  0x5AD0, 0x949A, 0xAD1C, 0x9CDC, 0x947C, 0x73B6, 0x4292, 0x3A54, 0x5AF9, 0x6B7A, 0x635A, 0x52FA,
  0x3234, 0x194B, 0x2147, 0x424B, 0x73B2, 0x8456, 0x73D3, 0x426D, 0x1927, 0x73D0, 0xA577, 0xADB7,
  0xEF5E, 0xE73D, 0xA577, 0x9D36, 0xB5F9, 0xB5D9, 0xADB8, 0x7C31, 0x9D15, 0xC65A, 0xD6BC, 0xD6BC,
  0xC639, 0xC618, 0xBDD7, 0xBE18, 0xDEFC, 0xDEDC, 0xBDD6, 0xB595, 0xC639, 0xBDF8, 0xAD34, 0xAD55,
  0xB555, 0xC5F8, 0xCE59, 0xD6FC, 0xD6DC, 0xCE59, 0xA556, 0x94D4, 0x9CF3, 0x94D3, 0x94D4, 0xA535,
  0x9CD3, 0x8451, 0x8C93, 0x8494, 0x7C74, 0x8CD5, 0xC638, 0xD6BB, 0xD6DC, 0xD71D, 0xCEDD, 0xADDB,
  0xC639, 0xCE7A, 0xADD8, 0xD6DD, 0xE75E, 0xCEDD, 0x9559, 0xBE7C, 0xCE9C, 0xC67C, 0xC6BD, 0x7CFA,
  0x647A, 0x21ED, 0x0084, 0x00A5, 0x0084, 0x08A4, 0x08C4, 0x08A4, 0x08A4, 0x00A4, 0x0084, 0x00A4,
  0x0084, 0x0064, 0x0084, 0x00A5, 0x00A5, 0x00A5, 0x00A5, 0x00A5, 0x00A5, 0x00A5, 0x00A5, 0x0085,
  0x0065, 0x0064, 0x0043, 0x0023, 0x0044, 0x0023, 0x0001, 0x0023, 0x00E8, 0x1A30, 0x3B95, 0x2B14,
  0x0949, 0x0085, 0x0043, 0x0043, 0x0044, 0x0064, 0x0042, 0x0000, 0x2AB0, 0x6CF8, 0x84F6, 0xAE1A,
  0xD6FD, 0xD71E, 0x8CF6, 0x6413, 0x7454, 0xA5B9, 0xC67B, 0xA576, 0xAD97, 0xBE19, 0xB5F8, 0xB5D8,
  0xD6DD, 0xC65B, 0xA598, 0xBE1A, 0xB5D8, 0xBE3A, 0xDF3E, 0xE77F, 0xBE5B, 0x84F6, 0x7454, 0x63B1,
  0x9D56, 0xADD8, 0xBE5A, 0xC65B, 0xC63C, 0xC63B, 0x6BB7, 0x843B, 0xA558, 0xC63A, 0xDEFD, 0xC63B,
  0x653E, 0x343A, 0x0883, 0x0000, 0x0000, 0x0000, 0x0000, 0x0000, 0x0000, 0x0000, 0x0000, 0x0000,
  0x0000, 0x0000, 0x0000, 0x0000, 0x0000, 0x0000, 0x0000, 0x0000, 0x0000, 0x0000, 0x0000, 0x0000,
  0x0000, 0x0000, 0x0000, 0x0000, 0x0000, 0x0000, 0x0000, 0x0000, 0x0000, 0x0000, 0x0000, 0x0000,
  0x0000, 0x0000, 0x0000, 0x0000, 0x0000, 0x0000, 0x0000, 0x0000, 0x0000, 0x0000, 0x0000, 0x0000,
  0x0000, 0x0000, 0x0000, 0x0000, 0x0000, 0x0000, 0x0000, 0x0000, 0x0000, 0x0000, 0x0000, 0x0000,
  0x0000, 0x0000, 0x0000, 0x0000, 0x0000, 0x0000, 0x0000, 0x0000, 0x2334, 0x3CBE, 0x1907, 0x0862,
  0x424D, 0x8417, 0xA51C, 0xA51C, 0x9CDC, 0x947B, 0x73B9, 0x5AF9, 0x5B1A, 0x6B7A, 0x635A, 0x52DA,
  0x4A97, 0x4271, 0x52CF, 0x8434, 0x8C76, 0x6B51, 0x31A9, 0x08A4, 0x1905, 0x8C52, 0xA577, 0xA577,
  0xE71E, 0xBDD8, 0x9CD4, 0xC639, 0xD6DC, 0xB5F9, 0x9D36, 0x9D37, 0xC65B, 0xD6FD, 0xD6DC, 0xBE1A,
  0x9CF4, 0xBDF8, 0xCE7B, 0xD6DC, 0xCE7A, 0xB5D8, 0xBE19, 0xCE9B, 0xDF3E, 0xCE9C, 0xC67B, 0xBE19,
  0xB5B7, 0xC639, 0xDF1D, 0xD6BC, 0xA4F4, 0x8C30, 0xA514, 0xB597, 0xB5D8, 0xBDF9, 0xD6BC, 0xD69C,
  0xB5B8, 0xB5D9, 0xBE3B, 0xA5DA, 0x9D9A, 0xADFB, 0xA5B9, 0xC67B, 0xCEBC, 0xD6FD, 0xD71E, 0xBE5D,
  0xB63C, 0xADDA, 0x9DBB, 0xCEBD, 0xEF9E, 0xDF3E, 0x9D9A, 0xB63B, 0xC69C, 0xDF3D, 0xCEBD, 0x8519,
  0x6459, 0x42F1, 0x0064, 0x00A4, 0x0084, 0x0084, 0x08E6, 0x08E6, 0x0906, 0x1107, 0x1127, 0x1106,
  0x1106, 0x1106, 0x1127, 0x1127, 0x08E6, 0x08E6, 0x08C5, 0x00A5, 0x00C5, 0x00C5, 0x00E6, 0x00C6,
  0x00C6, 0x0085, 0x0085, 0x0085, 0x00A6, 0x1A0E, 0x3354, 0x2AF4, 0x3355, 0x43F7, 0x5437, 0x3B96,
  0x1251, 0x014B, 0x098C, 0x0909, 0x0064, 0x0023, 0x0002, 0x00A6, 0x3B94, 0x74D7, 0xAE3B, 0xD71D,
  0xD6BB, 0xA556, 0x9D78, 0xB63B, 0xA5DA, 0xC6BD, 0xC67B, 0x8CB4, 0x9D36, 0xCE9B, 0xCEBB, 0xC69C,
  0xBE7C, 0xDF1E, 0xE77F, 0xE73F, 0xCE9C, 0xDF3E, 0xBE7C, 0x5392, 0x4B30, 0x84D5, 0x6C34, 0x7C76,
  0xAD7A, 0xA559, 0x7CBB, 0x8CDA, 0x8CB9, 0x6371, 0x4250, 0xAD7C, 0xCE7D, 0xE73F, 0xDEBD, 0x6D7F,
  0x343A, 0x08A3, 0x0000, 0x0000, 0x0000, 0x0000, 0x0000, 0x0000, 0x0000, 0x0000, 0x0000, 0x0000,
  0x0000, 0x0000, 0x0000, 0x0000, 0x0000, 0x0000, 0x0000, 0x0000, 0x0000, 0x0000, 0x0000, 0x0000,
  0x0000, 0x0000, 0x0000, 0x0000, 0x0000, 0x0000, 0x0000, 0x0000, 0x0000, 0x0000, 0x0000, 0x0000,
  0x0000, 0x0000, 0x0000, 0x0000, 0x0000, 0x0000, 0x0000, 0x0000, 0x0000, 0x0000, 0x0000, 0x0000,
  0x0000, 0x0000, 0x0000, 0x0000, 0x0000, 0x0000, 0x0000, 0x0000, 0x0000, 0x0000, 0x0000, 0x0000,
  0x0000, 0x0000, 0x0000, 0x0000, 0x0000, 0x0000, 0x0000, 0x0000, 0x0000, 0x2B75, 0x3C9C, 0x10E6,
  0x2148, 0x6333, 0xA4DB, 0xB55D, 0xAD3C, 0xA4DC, 0x8C3B, 0x6B7A, 0x635A, 0x739B, 0x6B7B, 0x52FA,
  0x4AB5, 0x3A4E, 0x52CE, 0x73B2, 0x73B2, 0x4A8D, 0x2989, 0x2127, 0x2989, 0x73B4, 0x8C77, 0x8C99,
  0x9CDB, 0x8436, 0x8C99, 0xAD9C, 0xB5FB, 0x94F7, 0xADD9, 0xB5FA, 0xC65B, 0xDEFD, 0xDF1E, 0xB5FB,
  0x9D16, 0xAD76, 0xC619, 0xD6DC, 0xA535, 0xAD96, 0xB597, 0xB5D8, 0xE75F, 0xDEFE, 0xDF1E, 0xDF1E,
  0xD6FD, 0xC638, 0xCE59, 0xCEBB, 0xBDD8, 0xA556, 0x9CF4, 0xA514, 0xAD98, 0xC67B, 0xDF1E, 0xDF1E,
  0xD6FE, 0xDF3F, 0xE75E, 0xBE3B, 0xC69D, 0xA5DD, 0x9DBC, 0xB61B, 0xBE5C, 0xDF1E, 0xE75F, 0xDF3E,
  0xDF3F, 0xCEDE, 0xAE1D, 0xD71E, 0xD6BE, 0xCE9E, 0xCE7A, 0xA598, 0x9559, 0xA5BB, 0xBE5B, 0xBE5C,
  0x8519, 0x42CF, 0x0043, 0x0063, 0x0085, 0x0064, 0x0084, 0x0064, 0x0084, 0x00A5, 0x1106, 0x08A4,
  0x08C5, 0x10E6, 0x1106, 0x08E7, 0x00A6, 0x00C6, 0x00C6, 0x00A6, 0x00A6, 0x00C6, 0x00C7, 0x00A6,
  0x0044, 0x0044, 0x0064, 0x0065, 0x0044, 0x08E7, 0x19ED, 0x11AC, 0x116B, 0x220D, 0x32B0, 0x2AD2,
  0x098D, 0x0108, 0x0109, 0x00C7, 0x0022, 0x0043, 0x0023, 0x0086, 0x1A50, 0x6C34, 0x8CF5, 0xADB8,
  0xB5B7, 0xA577, 0xD6DC, 0xB61A, 0xBE7B, 0xDF1E, 0xB5F9, 0xADD9, 0xCEBC, 0xDF3E, 0xD6FE, 0xDF3E,
  0xE75E, 0xE73D, 0xDF1D, 0xDF3E, 0xF79F, 0xADD9, 0x7475, 0x9515, 0xADD8, 0x8D16, 0x8CD5, 0xB5D9,
  0xBDFC, 0xA55B, 0x7C39, 0x94BA, 0xA51A, 0x8C58, 0xB5BB, 0xEF7F, 0xD67D, 0xB57A, 0x653E, 0x345B,
  0x08A4, 0x0000, 0x0000, 0x0000, 0x0000, 0x0000, 0x0000, 0x0000, 0x0000, 0x0000, 0x0000, 0x0000,
  0x0000, 0x0000, 0x0000, 0x0000, 0x0000, 0x0000, 0x0000, 0x0000, 0x0000, 0x0000, 0x0000, 0x0000,
  0x0000, 0x0000, 0x0000, 0x0000, 0x0000, 0x0000, 0x0000, 0x0000, 0x0000, 0x0000, 0x0000, 0x0000,
  0x0000, 0x0000, 0x0000, 0x0000, 0x0000, 0x0000, 0x0000, 0x0000, 0x0000, 0x0000, 0x0000, 0x0000,
  0x0000, 0x0000, 0x0000, 0x0000, 0x0000, 0x0000, 0x0000, 0x0000, 0x0000, 0x0000, 0x0000, 0x0000,
  0x0000, 0x0000, 0x0000, 0x0000, 0x0000, 0x0000, 0x0000, 0x0000, 0x0000, 0x0000, 0x33D7, 0x3CBD,
  0x31EC, 0x5AD1, 0x949A, 0xB57D, 0xB55C, 0xA51C, 0x8C5B, 0x73BA, 0x73DB, 0x7C1B, 0x73BB, 0x4AD7,
  0x29AD, 0x1907, 0x2988, 0x52EF, 0x73D4, 0x6B53, 0x52D1, 0x6354, 0x73B6, 0x843A, 0x841A, 0x73B9,
  0x739A, 0x6B78, 0x6B9A, 0x7BFB, 0x8499, 0x8CD7, 0x9D37, 0xBE1A, 0xDF1E, 0xEF7F, 0xEF9F, 0xBE3C,
  0x9D37, 0x9D36, 0xCE9C, 0xC67B, 0xAD97, 0xC639, 0xC619, 0xBE3A, 0xDF1E, 0xB61C, 0xC67D, 0xE75E,
  0xE75E, 0xCEBC, 0xC65B, 0xC63C, 0xD6BD, 0xC65B, 0xA577, 0x9519, 0xB5DC, 0xE77E, 0xDF3E, 0xDF1E,
  0xDF5E, 0xE73E, 0xE75E, 0xE75E, 0xEF9F, 0xD6FE, 0xE73E, 0xCEBD, 0xC65D, 0xDF1E, 0xCEBD, 0xD6DD,
  0xE75E, 0xE75E, 0xE77F, 0xDEFC, 0xBDFA, 0xC61B, 0xC659, 0xAD97, 0x7C97, 0xA5BA, 0xD6DC, 0xBE3A,
  0x6C34, 0x0907, 0x0043, 0x0084, 0x0084, 0x0064, 0x0064, 0x0064, 0x0063, 0x00A5, 0x00C6, 0x00A5,
  0x00A6, 0x0085, 0x0084, 0x00A5, 0x00A5, 0x08C6, 0x08E6, 0x08E7, 0x00E7, 0x00E6, 0x08E7, 0x0907,
  0x00E7, 0x00C6, 0x00C6, 0x0085, 0x0064, 0x0064, 0x0044, 0x0003, 0x0024, 0x0023, 0x00C8, 0x0086,
  0x0023, 0x0002, 0x0000, 0x0021, 0x0022, 0x0022, 0x0043, 0x0002, 0x1A92, 0x7D18, 0x84B5, 0xADB8,
  0x9D15, 0x94F5, 0xCE9B, 0xB5F8, 0xCE7B, 0xBE3A, 0xC67A, 0xE75E, 0xDF5E, 0xDF3E, 0xCE9B, 0xDF3E,
  0xE75E, 0xCE9B, 0xDF1D, 0xFFDF, 0xD6FD, 0x6413, 0x9516, 0x7C95, 0x5B93, 0x7C75, 0xBE39, 0xCE7A,
  0xE75E, 0xF7BF, 0xDF1D, 0xAD3B, 0xAD3C, 0xAD1A, 0xE71E, 0xC61B, 0x9476, 0x4C7B, 0x2C3B, 0x08C4,
  0x0000, 0x0000, 0x0000, 0x0000, 0x0000, 0x0000, 0x0000, 0x0000, 0x0000, 0x0000, 0x0000, 0x0000,
  0x0000, 0x0000, 0x0000, 0x0000, 0x0000, 0x0000, 0x0000, 0x0000, 0x0000, 0x0000, 0x0000, 0x0000,
  0x0000, 0x0000, 0x0000, 0x0000, 0x0000, 0x0000, 0x0000, 0x0000, 0x0000, 0x0000, 0x0000, 0x0000,
  0x0000, 0x0000, 0x0000, 0x0000, 0x0000, 0x0000, 0x0000, 0x0000, 0x0000, 0x0000, 0x0000, 0x0000,
  0x0000, 0x0000, 0x0000, 0x0000, 0x0000, 0x0000, 0x0000, 0x0000, 0x0000, 0x0000, 0x0000, 0x0000,
  0x0000, 0x0000, 0x0000, 0x0000, 0x0000, 0x0000, 0x0000, 0x0000, 0x0000, 0x0000, 0x0021, 0x2BB7,
  0x44BE, 0x6BB5, 0x9C9A, 0xB55D, 0xBD7D, 0xB53D, 0x8C7A, 0x7398, 0x73D9, 0x843B, 0x73DB, 0x5316,
  0x3A2D, 0x31CA, 0x3A0B, 0x6353, 0x8C39, 0x8C59, 0x8C5A, 0x949C, 0x9CDC, 0x9CBC, 0x947C, 0x8C3C,
  0x83FB, 0x7BFA, 0x73B8, 0x7C18, 0x94D9, 0x8C97, 0x8CB5, 0xB597, 0xDEFC, 0xE71C, 0xCE59, 0xAD76,
  0xBE3A, 0xBE5C, 0xCEBE, 0xDF1D, 0xC67B, 0xD6FD, 0xE75E, 0xE75E, 0xEF9F, 0xDF1E, 0xEF7F, 0xFFDF,
  0xFFDF, 0xEF9F, 0xEF9F, 0xCE7D, 0xCE7D, 0xD6BE, 0xB5FD, 0xC65E, 0xCE9E, 0xEF9F, 0xEF7E, 0xE73E,
  0xF79F, 0xF7BF, 0xE77F, 0xD6DE, 0xBE1D, 0xCE7D, 0xEF5E, 0xE75E, 0xE71C, 0xD67A, 0xD6DD, 0xCEBE,
  0xDF1F, 0xF7DF, 0xE73D, 0xCE79, 0xBDF8, 0xAD77, 0xD6BC, 0xDF1D, 0x84B6, 0x63D2, 0xBE3B, 0xB63A,
  0x74D9, 0x19AB, 0x0063, 0x00A5, 0x0084, 0x0084, 0x00A5, 0x00C5, 0x00C5, 0x00A5, 0x08C5, 0x0907,
  0x0907, 0x08C6, 0x00A5, 0x00A5, 0x00A5, 0x00C6, 0x00A5, 0x00C6, 0x00C6, 0x0085, 0x0085, 0x0085,
  0x00A5, 0x00A5, 0x0085, 0x00A5, 0x00C6, 0x00A6, 0x00C6, 0x00A7, 0x00E9, 0x094B, 0x0908, 0x0108,
  0x00C9, 0x0044, 0x0022, 0x0043, 0x0087, 0x0066, 0x0085, 0x0044, 0x094B, 0x43B6, 0x5417, 0x6499,
  0x5C16, 0x3B11, 0x74B7, 0x7433, 0x9CF5, 0xB5B7, 0xD69A, 0xD6BB, 0xDEFC, 0xDF1C, 0xC659, 0xE71D,
  0xE71C, 0xEF7E, 0xFFFF, 0xD6FC, 0x84F6, 0x5BB2, 0x2A2D, 0x430F, 0x84B4, 0xBE19, 0xCEBB, 0xDEFD,
  0xDEFE, 0xCE7D, 0xD6BE, 0xE71F, 0xBDDC, 0xA4FA, 0xB59A, 0xB599, 0x6D7F, 0x345B, 0x08C4, 0x0000,
  0x0000, 0x0000, 0x0000, 0x0000, 0x0000, 0x0000, 0x0000, 0x0000, 0x0000, 0x0000, 0x0000, 0x0000,
  0x0000, 0x0000, 0x0000, 0x0000, 0x0000, 0x0000, 0x0000, 0x0000, 0x0000, 0x0000, 0x0000, 0x0000,
  0x0000, 0x0000, 0x0000, 0x0000, 0x0000, 0x0000, 0x0000, 0x0000, 0x0000, 0x0000, 0x0000, 0x0000,
  0x0000, 0x0000, 0x0000, 0x0000, 0x0000, 0x0000, 0x0000, 0x0000, 0x0000, 0x0000, 0x0000, 0x0000,
  0x0000, 0x0000, 0x0000, 0x0000, 0x0000, 0x0000, 0x0000, 0x0000, 0x0000, 0x0000, 0x0000, 0x0000,
  0x0000, 0x0000, 0x0000, 0x0000, 0x0000, 0x0000, 0x0000, 0x0000, 0x0000, 0x0000, 0x0000, 0x0021,
  0x2B96, 0x551F, 0x94BB, 0xAD3C, 0xBD9D, 0xBDBD, 0x8C77, 0x52F1, 0x52F3, 0x6BB9, 0x73DA, 0x8C99,
  0x8C76, 0x7392, 0x73B5, 0x949A, 0x9CBC, 0xA4DC, 0xA4BC, 0x9C9C, 0x9CBC, 0x9CBC, 0x947B, 0x945B,
  0x843A, 0x8439, 0x94F9, 0xAD9A, 0xAD99, 0x8C74, 0x9472, 0xB576, 0xCE38, 0xC5F7, 0xBDD7, 0xAD55,
  0xBDD7, 0xDEFD, 0xF79F, 0xFFFF, 0xEF9F, 0xE77E, 0xF7BF, 0xF7DF, 0xE77E, 0xE75E, 0xF7DF, 0xFFFF,
  0xFFFF, 0xF79F, 0xF7BF, 0xDEFC, 0xD69C, 0xD69E, 0xEF7F, 0xE73E, 0xD6DE, 0xCE7D, 0xD69D, 0xE73E,
  0xEF7E, 0xF7BF, 0xD6BB, 0xC5F8, 0xC5FA, 0xB5B8, 0xD6BD, 0xCEBD, 0xC65B, 0xD69B, 0xD69A, 0xE71D,
  0xEF7E, 0xE71D, 0xD69A, 0xD67A, 0xBE19, 0x94F5, 0xADB9, 0xA5BA, 0x5394, 0x5393, 0x9D9A, 0x5C37,
  0x3B35, 0x08E6, 0x10E5, 0x1126, 0x1926, 0x1926, 0x1926, 0x1967, 0x1947, 0x2167, 0x2188, 0x2188,
  0x2188, 0x2168, 0x1947, 0x1926, 0x1106, 0x1106, 0x08E6, 0x00A5, 0x00A5, 0x0085, 0x0085, 0x0085,
  0x00A5, 0x00A5, 0x0085, 0x0085, 0x00A6, 0x0108, 0x096A, 0x11CD, 0x1A71, 0x3354, 0x43B4, 0x2B34,
  0x09F0, 0x014C, 0x010A, 0x00A6, 0x0023, 0x0064, 0x0085, 0x0064, 0x0908, 0x4BB5, 0x74B8, 0x7CF8,
  0x7CB7, 0x6456, 0x74B8, 0x8518, 0xADDA, 0xC67B, 0xCE9C, 0xD6BC, 0xD6FD, 0xD6FC, 0xDEFC, 0xDEDC,
  0xE71C, 0xEF5E, 0xBE5C, 0x5BD4, 0x84F6, 0xBE3A, 0x9D15, 0xBE39, 0xDF1E, 0xD6FD, 0xC65C, 0xAD9A,
  0xCE5C, 0xA4DA, 0xAD3B, 0xEF3F, 0xCE5D, 0xCE3C, 0xCE7D, 0x5D5F, 0x2C3A, 0x08A4, 0x0000, 0x0000,
  0x0000, 0x0000, 0x0000, 0x0000, 0x0000, 0x0000, 0x0000, 0x0000, 0x0000, 0x0000, 0x0000, 0x0000,
  0x0000, 0x0000, 0x0000, 0x0000, 0x0000, 0x0000, 0x0000, 0x0000, 0x0000, 0x0000, 0x0000, 0x0000,
  0x0000, 0x0000, 0x0000, 0x0000, 0x0000, 0x0000, 0x0000, 0x0000, 0x0000, 0x0000, 0x0000, 0x0000,
  0x0000, 0x0000, 0x0000, 0x0000, 0x0000, 0x0000, 0x0000, 0x0000, 0x0000, 0x0000, 0x0000, 0x0000,
  0x0000, 0x0000, 0x0000, 0x0000, 0x0000, 0x0000, 0x0000, 0x0000, 0x0000, 0x0000, 0x0000, 0x0000,
  0x0000, 0x0000, 0x0000, 0x0000, 0x0000, 0x0000, 0x0000, 0x0000, 0x0000, 0x0000, 0x0000, 0x0000,
  0x0021, 0x2B75, 0x4D3F, 0x9CFC, 0xC5BD, 0xC5FD, 0x9477, 0x52AE, 0x4AAF, 0x5B14, 0x6B96, 0xA53A,
  0xBD9C, 0xA4DA, 0xA4FC, 0xAD1D, 0xA4FC, 0xA4DC, 0xA4DC, 0x9C9C, 0x8C5A, 0x8C7A, 0x949B, 0x9CFA,
  0x9D3A, 0x9517, 0x9D58, 0x9D79, 0xB61B, 0xADDA, 0xA578, 0xAD77, 0xCE7B, 0xDEFD, 0xDEBB, 0xB596,
  0xCE39, 0xDEDB, 0xF79E, 0xFFDF, 0xE6FC, 0xD69A, 0xEF5E, 0xEF7E, 0xEF5D, 0xFFDF, 0xFFDF, 0xD6BA,
  0xCE59, 0xD69A, 0xDEDB, 0xDEBA, 0xDEDC, 0xEF5E, 0xEF9E, 0xE73D, 0xDEDC, 0xCE39, 0xCE5A, 0xEF5E,
  0xE73C, 0xE73C, 0xCE38, 0xCE79, 0xCE79, 0xD67A, 0xD6BB, 0xCE7B, 0xCE5A, 0xDEDB, 0xCE9A, 0xDEFC,
  0xD6BD, 0xB5FA, 0xA598, 0x9D58, 0x84D7, 0x7476, 0x6C77, 0x3B55, 0x2AB1, 0x3B12, 0x4BB5, 0x2A71,
  0x2270, 0x1127, 0x0084, 0x08A4, 0x08C5, 0x08C5, 0x08E5, 0x10E6, 0x1126, 0x1947, 0x1927, 0x1106,
  0x1106, 0x1126, 0x1926, 0x1927, 0x1126, 0x1106, 0x1106, 0x1106, 0x08E6, 0x08E6, 0x00C6, 0x0085,
  0x0085, 0x0064, 0x0064, 0x0064, 0x0044, 0x0044, 0x0043, 0x0022, 0x0021, 0x0064, 0x08E7, 0x0908,
  0x0084, 0x0064, 0x0084, 0x0085, 0x0043, 0x0042, 0x0064, 0x0085, 0x11AB, 0x53F4, 0x84D6, 0x9D79,
  0xADD9, 0xA5B9, 0x8D38, 0xA599, 0x9D9A, 0xA5DA, 0x7C95, 0x9D9A, 0x9DBA, 0x9D99, 0xB63C, 0xADFB,
  0xA5BA, 0xADDB, 0x8CF9, 0xA5B9, 0xDF1D, 0xCEBB, 0xBE19, 0xDF1E, 0xD6FE, 0xDF1E, 0xCE9D, 0xDEDE,
  0xB59C, 0x94BA, 0xB59C, 0xCE7E, 0xDEBE, 0xE73E, 0x5D7F, 0x2398, 0x0883, 0x0000, 0x0000, 0x0000,
  0x0000, 0x0000, 0x0000, 0x0000, 0x0000, 0x0000, 0x0000, 0x0000, 0x0000, 0x0000, 0x0000, 0x0000,
  0x0000, 0x0000, 0x0000, 0x0000, 0x0000, 0x0000, 0x0000, 0x0000, 0x0000, 0x0000, 0x0000, 0x0000,
  0x0000, 0x0000, 0x0000, 0x0000, 0x0000, 0x0000, 0x0000, 0x0000, 0x0000, 0x0000, 0x0000, 0x0000,
  0x0000, 0x0000, 0x0000, 0x0000, 0x0000, 0x0000, 0x0000, 0x0000, 0x0000, 0x0000, 0x0000, 0x0000,
  0x0000, 0x0000, 0x0000, 0x0000, 0x0000, 0x0000, 0x0000, 0x0000, 0x0000, 0x0000, 0x0000, 0x0000,
  0x0000, 0x0000, 0x0000, 0x0000, 0x0000, 0x0000, 0x0000, 0x0000, 0x0000, 0x0000, 0x0000, 0x0000,
  0x0000, 0x0000, 0x2333, 0x4D3F, 0x9D5C, 0xCDDD, 0x8415, 0x3A0B, 0x21AA, 0x322E, 0x52F1, 0x9CB9,
  0xBDBD, 0xBDBD, 0xBD7D, 0xB55C, 0xB53C, 0xAD1C, 0xAD1D, 0x8438, 0x4A6F, 0x5B11, 0x8476, 0xA558,
  0xBE1A, 0x9D58, 0x84D6, 0x8CF7, 0xA579, 0x8D17, 0x7C96, 0x7454, 0xA578, 0xBE1A, 0xC67B, 0xB5D9,
  0xC63B, 0xCE9C, 0xD6BC, 0xDEFC, 0xCE7B, 0xCE9B, 0xD6BC, 0xCE9B, 0xCE7B, 0xE71D, 0xDEFC, 0xA514,
  0xA4F4, 0xC61A, 0xD69A, 0xDEDC, 0xDEFC, 0xDEFC, 0xDEFC, 0xDEFC, 0xD69B, 0xC618, 0xC639, 0xD6BC,
  0xCE7B, 0xBE1A, 0xB5B8, 0xAD98, 0xAD98, 0x9538, 0x8D18, 0x9518, 0x9518, 0xADDA, 0xB5FA, 0xB5FB,
  0xADFB, 0xADDA, 0x9538, 0x8D18, 0x8D39, 0x9559, 0x6C56, 0x7497, 0x6C35, 0x7CF8, 0x84F8, 0x957A,
  0x6456, 0x0949, 0x0064, 0x0084, 0x0085, 0x00A5, 0x0084, 0x0084, 0x00A5, 0x0085, 0x0084, 0x0085,
  0x0064, 0x0064, 0x0085, 0x0085, 0x0085, 0x00A5, 0x00A6, 0x08E6, 0x0907, 0x1107, 0x1127, 0x1127,
  0x1106, 0x08E6, 0x00C6, 0x00A6, 0x00A5, 0x00A5, 0x0085, 0x0043, 0x0001, 0x08E7, 0x1A0F, 0x014B,
  0x0064, 0x0000, 0x0000, 0x0000, 0x0022, 0x0064, 0x00A7, 0x00C8, 0x0085, 0x0085, 0x21CB, 0x42CF,
  0x5BB3, 0x74B8, 0x7CD8, 0x7497, 0x6456, 0x7CB7, 0x7455, 0x84F8, 0x7496, 0x63F3, 0x9DBA, 0x8D39,
  0x7CD8, 0x6C57, 0x5B91, 0xA597, 0xBE19, 0xB5B7, 0xE75E, 0xD6FD, 0xDF3E, 0xFFFF, 0xD69E, 0xA4FB,
  0xA51A, 0xC61C, 0xCE7E, 0xF75F, 0xB63D, 0x5D5F, 0x2376, 0x0062, 0x0000, 0x0000, 0x0000, 0x0000,
  0x0000, 0x0000, 0x0000, 0x0000, 0x0000, 0x0000, 0x0000, 0x0000, 0x0000, 0x0000, 0x0000, 0x0000,
  0x0000, 0x0000, 0x0000, 0x0000, 0x0000, 0x0000, 0x0000, 0x0000, 0x0000, 0x0000, 0x0000, 0x0000,
  0x0000, 0x0000, 0x0000, 0x0000, 0x0000, 0x0000, 0x0000, 0x0000, 0x0000, 0x0000, 0x0000, 0x0000,
  0x0000, 0x0000, 0x0000, 0x0000, 0x0000, 0x0000, 0x0000, 0x0000, 0x0000, 0x0000, 0x0000, 0x0000,
  0x0000, 0x0000, 0x0000, 0x0000, 0x0000, 0x0000, 0x0000, 0x0000, 0x0000, 0x0000, 0x0000, 0x0000,
  0x0000, 0x0000, 0x0000, 0x0000, 0x0000, 0x0000, 0x0000, 0x0000, 0x0000, 0x0000, 0x0000, 0x0000,
  0x0000, 0x0000, 0x0000, 0x22B1, 0x451F, 0x955C, 0x6B51, 0x21AA, 0x1928, 0x322C, 0x6371, 0xB57B,
  0xCE1E, 0xC5FD, 0xBD9D, 0xBDBD, 0xBDBD, 0xB57D, 0xA51C, 0x6353, 0x1907, 0x2167, 0x6BB0, 0x94D5,
  0xBDD8, 0xB5B8, 0xAD98, 0xB5D9, 0xC67B, 0xBE1A, 0xB5B9, 0xBDF9, 0xC63A, 0xB5FA, 0xB61B, 0xA578,
  0x9D58, 0xADB9, 0xA5B9, 0xA599, 0xADB9, 0x9D38, 0x9538, 0x9517, 0x9D79, 0xADDA, 0xADFB, 0xBE3B,
  0xB5FA, 0xADDA, 0xB5D9, 0xBE1A, 0xC67B, 0xCE7B, 0xCE7B, 0xC65C, 0xC67C, 0xCE9C, 0xC67B, 0xB5FA,
  0xB5FB, 0xADFB, 0x9D79, 0xA5BA, 0x9D79, 0x8D18, 0x8D18, 0x7C97, 0x6C36, 0x84D8, 0x9538, 0x9D79,
  0xA599, 0xA599, 0x8CF8, 0x8D18, 0x8D18, 0x9D58, 0x8CF7, 0x9D79, 0xA599, 0x6C55, 0x6C35, 0x5351,
  0x3A6D, 0x1106, 0x10E5, 0x10E5, 0x1106, 0x1947, 0x2167, 0x2167, 0x2167, 0x2147, 0x1926, 0x1106,
  0x1106, 0x08E6, 0x08C6, 0x08E6, 0x08C5, 0x08C5, 0x00A5, 0x0085, 0x0085, 0x0085, 0x0085, 0x00A5,
  0x0085, 0x0064, 0x0064, 0x0044, 0x0064, 0x0044, 0x0043, 0x0043, 0x0023, 0x0043, 0x08C5, 0x0085,
  0x0022, 0x0000, 0x0000, 0x0000, 0x0000, 0x0043, 0x0065, 0x0086, 0x0085, 0x0086, 0x19AB, 0x4B30,
  0x63B2, 0x7474, 0x8CF7, 0x84F7, 0x84F7, 0x8D17, 0x8D18, 0x7CB6, 0x9559, 0x8D17, 0x9D99, 0xADFB,
  0xA5DB, 0xA5FB, 0x9D9A, 0x9D79, 0xA598, 0xB5F9, 0xE73D, 0xD6DC, 0xD6BC, 0xBE3B, 0x63B4, 0x5B73,
  0x7435, 0x9D78, 0xA578, 0x95BB, 0x4D5F, 0x2314, 0x0021, 0x0000, 0x0000, 0x0000, 0x0000, 0x0000,
  0x0000, 0x0000, 0x0000, 0x0000, 0x0000, 0x0000, 0x0000, 0x0000, 0x0000, 0x0000, 0x0000, 0x0000,
  0x0000, 0x0000, 0x0000, 0x0000, 0x0000, 0x0000, 0x0000, 0x0000, 0x0000, 0x0000, 0x0000, 0x0000,
  0x0000, 0x0000, 0x0000, 0x0000, 0x0000, 0x0000, 0x0000, 0x0000, 0x0000, 0x0000, 0x0000, 0x0000,
  0x0000, 0x0000, 0x0000, 0x0000, 0x0000, 0x0000, 0x0000, 0x0000, 0x0000, 0x0000, 0x0000, 0x0000,
  0x0000, 0x0000, 0x0000, 0x0000, 0x0000, 0x0000, 0x0000, 0x0000, 0x0000, 0x0000, 0x0000, 0x0000,
  0x0000, 0x0000, 0x0000, 0x0000, 0x0000, 0x0000, 0x0000, 0x0000, 0x0000, 0x0000, 0x0000, 0x0000,
  0x0000, 0x0000, 0x0000, 0x0000, 0x1A4E, 0x3D1F, 0x5C18, 0x5AF1, 0x4AF0, 0x5B10, 0x8C35, 0xCE1D,
  0xCE1E, 0xBDBD, 0xAD3B, 0xAD7C, 0xBDBD, 0xBDBD, 0x8457, 0x3A0C, 0x0884, 0x0000, 0x10C4, 0x422A,
  0x5B2E, 0x634E, 0x632E, 0x7C32, 0xAD98, 0xAD99, 0x9518, 0x94F8, 0x9517, 0x9D17, 0xADB9, 0x8CB5,
  0x8CD6, 0x8CB5, 0xA579, 0xADDA, 0xB61A, 0xBE3B, 0xBE3B, 0xBE5B, 0xC65B, 0xBE5C, 0xCE7C, 0xD6DD,
  0xD6DD, 0xCE7C, 0xBE3B, 0xC63B, 0xBE1B, 0xBDFA, 0xB5BA, 0xA559, 0xBE1A, 0xB5FB, 0xBE1A, 0xB5FA,
  0xBE1A, 0xBE3B, 0xBE1B, 0xADDA, 0x9D7A, 0xA579, 0x8D18, 0x84D8, 0x7CB7, 0x6C36, 0x6C56, 0x7456,
  0x6C36, 0x6415, 0x6C56, 0x7CB7, 0x9D58, 0xA599, 0xA599, 0xB5FA, 0xA5BA, 0x84F8, 0x8D38, 0x5BB2,
  0x0907, 0x08C5, 0x08C5, 0x08C5, 0x08A4, 0x08C5, 0x10E6, 0x1106, 0x10E6, 0x1106, 0x08E6, 0x08E6,
  0x08E6, 0x08E6, 0x08C6, 0x08C6, 0x00C5, 0x00A5, 0x00C6, 0x0085, 0x0064, 0x0064, 0x0064, 0x0064,
  0x0065, 0x0064, 0x0064, 0x0065, 0x0065, 0x0044, 0x0043, 0x0044, 0x00A6, 0x00C7, 0x08C7, 0x00A7,
  0x0086, 0x0022, 0x0000, 0x0001, 0x0001, 0x0001, 0x0001, 0x0023, 0x0044, 0x00A6, 0x1129, 0x1149,
  0x21A9, 0x322B, 0x42AE, 0x63D2, 0x7475, 0x53B4, 0x6C77, 0x5350, 0x6C34, 0x8CF6, 0x9D57, 0xA5DA,
  0xA5BA, 0xADFB, 0xBE5C, 0xADDA, 0xADDA, 0xB61A, 0xCEBD, 0xADFA, 0x5392, 0x19ED, 0x1A0C, 0x32AE,
  0x3B10, 0x63B1, 0x7519, 0x44FF, 0x22B1, 0x0000, 0x0000, 0x0000, 0x0000, 0x0000, 0x0000, 0x0000,
  0x0000, 0x0000, 0x0000, 0x0000, 0x0000, 0x0000, 0x0000, 0x0000, 0x0000, 0x0000, 0x0000, 0x0000,
  0x0000, 0x0000, 0x0000, 0x0000, 0x0000, 0x0000, 0x0000, 0x0000, 0x0000, 0x0000, 0x0000, 0x0000,
  0x0000, 0x0000, 0x0000, 0x0000, 0x0000, 0x0000, 0x0000, 0x0000, 0x0000, 0x0000, 0x0000, 0x0000,
  0x0000, 0x0000, 0x0000, 0x0000, 0x0000, 0x0000, 0x0000, 0x0000, 0x0000, 0x0000, 0x0000, 0x0000,
  0x0000, 0x0000, 0x0000, 0x0000, 0x0000, 0x0000, 0x0000, 0x0000, 0x0000, 0x0000, 0x0000, 0x0000,
  0x0000, 0x0000, 0x0000, 0x0000, 0x0000, 0x0000, 0x0000, 0x0000, 0x0000, 0x0000, 0x0000, 0x0000,
  0x0000, 0x0000, 0x0000, 0x0000, 0x0000, 0x11CB, 0x3CFE, 0x5CBB, 0x8C98, 0x94B8, 0xAD5B, 0xB59D,
  0xAD5C, 0xA51C, 0x9CDB, 0xA4FC, 0xB57C, 0xAD5C, 0x73D5, 0x31CA, 0x0043, 0x10C4, 0x52ED, 0x6BB0,
  0x8C73, 0x94B4, 0x9D16, 0x9CF7, 0x9D18, 0x94B9, 0x8438, 0x7C16, 0x8CB5, 0xA556, 0xAD77, 0x9CD4,
  0x9D36, 0x9D16, 0xB5B8, 0xC65B, 0xB5FA, 0xADB9, 0xC65B, 0xCE9C, 0xC67C, 0xB5FB, 0xADDB, 0xADDA,
  0xA59A, 0x9D59, 0x9519, 0x9519, 0x8498, 0x84B8, 0x7C78, 0x7C77, 0x84D7, 0x8CD7, 0x7C97, 0x84D7,
  0x9518, 0x9D38, 0x9D79, 0x8D18, 0x9539, 0x9539, 0x8D18, 0x7CB7, 0x84D7, 0x9518, 0x8D17, 0x9D58,
  0x9D58, 0x9D58, 0xA599, 0xA578, 0x84B6, 0x6C14, 0x6C14, 0x530E, 0x3A6B, 0x320B, 0x3A4C, 0x29EA,
  0x1127, 0x08C5, 0x08E6, 0x08E6, 0x08E6, 0x08E6, 0x0907, 0x08E6, 0x00C6, 0x00A5, 0x00A5, 0x00A5,
  0x00A5, 0x00A5, 0x00C6, 0x08E6, 0x08E6, 0x08E7, 0x08E6, 0x00C6, 0x00A5, 0x0085, 0x0085, 0x0085,
  0x0085, 0x0085, 0x00A6, 0x00A6, 0x00E7, 0x0949, 0x08E7, 0x096A, 0x11AC, 0x11AC, 0x118B, 0x08E8,
  0x0085, 0x0043, 0x0021, 0x0044, 0x0064, 0x0043, 0x0043, 0x0064, 0x0065, 0x08E7, 0x2A2C, 0x6414,
  0x9579, 0xA5BA, 0xAE1B, 0xA5DB, 0x9559, 0x84D6, 0x9D78, 0x94F5, 0x9D36, 0xBE3A, 0xBE19, 0xCE9C,
  0xBE3B, 0xBE3B, 0xC67C, 0xBE3B, 0x9538, 0x8D18, 0x5BF3, 0x5BB2, 0x8CF6, 0x4B51, 0x2A6D, 0x7413,
  0x7C33, 0x4418, 0x3CDE, 0x1A0D, 0x0000, 0x0000, 0x0000, 0x0000, 0x0000, 0x0000, 0x0000, 0x0000,
  0x0000, 0x0000, 0x0000, 0x0000, 0x0000, 0x0000, 0x0000, 0x0000, 0x0000, 0x0000, 0x0000, 0x0000,
  0x0000, 0x0000, 0x0000, 0x0000, 0x0000, 0x0000, 0x0000, 0x0000, 0x0000, 0x0000, 0x0000, 0x0000,
  0x0000, 0x0000, 0x0000, 0x0000, 0x0000, 0x0000, 0x0000, 0x0000, 0x0000, 0x0000, 0x0000, 0x0000,
  0x0000, 0x0000, 0x0000, 0x0000, 0x0000, 0x0000, 0x0000, 0x0000, 0x0000, 0x0000, 0x0000, 0x0000,
  0x0000, 0x0000, 0x0000, 0x0000, 0x0000, 0x0000, 0x0000, 0x0000, 0x0000, 0x0000, 0x0000, 0x0000,
  0x0000, 0x0000, 0x0000, 0x0000, 0x0000, 0x0000, 0x0000, 0x0000, 0x0000, 0x0000, 0x0000, 0x0000,
  0x0000, 0x0000, 0x0000, 0x0000, 0x0000, 0x0000, 0x1148, 0x349C, 0x6D5E, 0xB59C, 0xA4FB, 0x8C5A,
  0x8C5B, 0x947B, 0x949B, 0x9CDC, 0xA4FC, 0xA51C, 0x8C58, 0x52D0, 0x31A9, 0x29A8, 0x52EE, 0x52ED,
  0x6BB1, 0x8455, 0x94B9, 0x845A, 0x73DA, 0x6B99, 0x73B6, 0x6B92, 0x8C93, 0xB5B8, 0xB5B8, 0xA536,
  0xA557, 0xA557, 0xAD77, 0xB5D9, 0xAD78, 0xA557, 0xAD98, 0xBE1A, 0xBE3A, 0xBE1A, 0xB5FA, 0xB5FA,
  0xADBA, 0xADBA, 0x9D79, 0x84D8, 0x6C36, 0x5BB4, 0x63F5, 0x6415, 0x6C15, 0x7456, 0x7C96, 0x8CF7,
  0x9D38, 0xADB9, 0xBE1A, 0xB5FA, 0xBE1A, 0xC63B, 0xC67B, 0xC65A, 0xC63B, 0xC65B, 0xADDA, 0x6BD2,
  0x6C35, 0x63F5, 0x5BB2, 0x5B71, 0x42AE, 0x42CF, 0x42CF, 0x3A8D, 0x324C, 0x320B, 0x320B, 0x1989,
  0x0063, 0x08C5, 0x08E5, 0x10E6, 0x1106, 0x1126, 0x1126, 0x1927, 0x2167, 0x2167, 0x29A8, 0x29A9,
  0x21A8, 0x21A8, 0x2188, 0x21A8, 0x21A8, 0x2188, 0x2167, 0x1947, 0x1967, 0x1947, 0x1947, 0x1107,
  0x08E6, 0x08E6, 0x08C6, 0x00A5, 0x0085, 0x00C6, 0x00C6, 0x0928, 0x094A, 0x1A2F, 0x2AF3, 0x1A30,
  0x096D, 0x0087, 0x0044, 0x0043, 0x0065, 0x00A6, 0x0907, 0x1147, 0x1968, 0x1127, 0x08E6, 0x1148,
  0x19AA, 0x21CB, 0x2A2C, 0x324D, 0x530F, 0x5B71, 0x63D2, 0x8CF6, 0x8CD5, 0x9D36, 0xA557, 0xB5B9,
  0xB5D9, 0xBE3A, 0xCE9C, 0xCEBC, 0x7475, 0x222D, 0x5371, 0x9D77, 0x4B30, 0x09AB, 0x7C53, 0xC639,
  0x75DF, 0x3CDD, 0x1168, 0x0000, 0x0000, 0x0000, 0x0000, 0x0000, 0x0000, 0x0000, 0x0000, 0x0000,
  0x0000, 0x0000, 0x0000, 0x0000, 0x0000, 0x0000, 0x0000, 0x0000, 0x0000, 0x0000, 0x0000, 0x0000,
  0x0000, 0x0000, 0x0000, 0x0000, 0x0000, 0x0000, 0x0000, 0x0000, 0x0000, 0x0000, 0x0000, 0x0000,
  0x0000, 0x0000, 0x0000, 0x0000, 0x0000, 0x0000, 0x0000, 0x0000, 0x0000, 0x0000, 0x0000, 0x0000,
  0x0000, 0x0000, 0x0000, 0x0000, 0x0000, 0x0000, 0x0000, 0x0000, 0x0000, 0x0000, 0x0000, 0x0000,
  0x0000, 0x0000, 0x0000, 0x0000, 0x0000, 0x0000, 0x0000, 0x0000, 0x0000, 0x0000, 0x0000, 0x0000,
  0x0000, 0x0000, 0x0000, 0x0000, 0x0000, 0x0000, 0x0000, 0x0000, 0x0000, 0x0000, 0x0000, 0x0000,
  0x0000, 0x0000, 0x0000, 0x0000, 0x0000, 0x0000, 0x0000, 0x08C4, 0x2C19, 0x551F, 0x7418, 0x7BD6,
  0x8C5A, 0x949B, 0x949C, 0x94BC, 0x9CBC, 0x9CDC, 0xA4FC, 0x9479, 0x6B73, 0x3A2B, 0x10E6, 0x10C5,
  0x2989, 0x4271, 0x6357, 0x6BBB, 0x637A, 0x7C1A, 0xA53A, 0xB598, 0xAD97, 0xAD77, 0xA557, 0xA557,
  0xA536, 0xA556, 0xA536, 0xB597, 0xB5B8, 0xADB8, 0xB5D9, 0xBDF9, 0xBE1A, 0xBE1A, 0xB5DA, 0xB5DA,
  0xBDFA, 0xC67B, 0xCE9C, 0xB5DA, 0x94F6, 0x84B5, 0x9D57, 0x9D58, 0x9537, 0xADB9, 0xC65A, 0xC65A,
  0xB5FA, 0xB5FA, 0xB5FA, 0xA599, 0xA579, 0x9538, 0x9538, 0x8CF7, 0x9D58, 0xADDA, 0xADBA, 0x9538,
  0x9539, 0x9539, 0xA59A, 0xA5DA, 0x9D9A, 0x8519, 0x7477, 0x84D8, 0x6415, 0x5BB3, 0x5B71, 0x322C,
  0x00A5, 0x00A5, 0x00A5, 0x08C5, 0x08E6, 0x08E6, 0x1106, 0x1106, 0x1926, 0x2167, 0x2188, 0x21A8,
  0x21A8, 0x2188, 0x2188, 0x2988, 0x2188, 0x29A8, 0x21A8, 0x2188, 0x2168, 0x1948, 0x1127, 0x1127,
  0x1127, 0x1127, 0x0907, 0x08E6, 0x08E6, 0x00C6, 0x00A6, 0x0064, 0x0022, 0x0023, 0x0064, 0x0044,
  0x0023, 0x0001, 0x0001, 0x0043, 0x0085, 0x00C7, 0x08E7, 0x0907, 0x0927, 0x0927, 0x0907, 0x08E6,
  0x00A6, 0x0085, 0x00E7, 0x1128, 0x1128, 0x1927, 0x1989, 0x63D2, 0x5350, 0x5B70, 0x5B50, 0x9538,
  0xA599, 0xB5FA, 0xA599, 0x9D78, 0xBE19, 0xA577, 0xB5F9, 0x32AE, 0x3AAE, 0x6BB0, 0x9579, 0x451F,
  0x23D9, 0x08A4, 0x0000, 0x0000, 0x0000, 0x0000, 0x0000, 0x0000, 0x0000, 0x0000, 0x0000, 0x0000,
  0x0000, 0x0000, 0x0000, 0x0000, 0x0000, 0x0000, 0x0000, 0x0000, 0x0000, 0x0000, 0x0000, 0x0000,
  0x0000, 0x0000, 0x0000, 0x0000, 0x0000, 0x0000, 0x0000, 0x0000, 0x0000, 0x0000, 0x0000, 0x0000,
  0x0000, 0x0000, 0x0000, 0x0000, 0x0000, 0x0000, 0x0000, 0x0000, 0x0000, 0x0000, 0x0000, 0x0000,
  0x0000, 0x0000, 0x0000, 0x0000, 0x0000, 0x0000, 0x0000, 0x0000, 0x0000, 0x0000, 0x0000, 0x0000,
  0x0000, 0x0000, 0x0000, 0x0000, 0x0000, 0x0000, 0x0000, 0x0000, 0x0000, 0x0000, 0x0000, 0x0000,
  0x0000, 0x0000, 0x0000, 0x0000, 0x0000, 0x0000, 0x0000, 0x0000, 0x0000, 0x0000, 0x0000, 0x0000,
  0x0000, 0x0000, 0x0000, 0x0000, 0x0000, 0x0000, 0x0000, 0x0000, 0x0041, 0x2334, 0x451F, 0x7479,
  0xAD1A, 0xAD3C, 0xA51C, 0xA4FC, 0x9CBB, 0x94BB, 0xA4FC, 0xAD1C, 0x94B9, 0x5B31, 0x31EB, 0x31EC,
  0x4AB2, 0x6358, 0x7BFA, 0x73DB, 0x52F5, 0x4A8F, 0x52ED, 0x632D, 0x6BB0, 0x8C93, 0xAD97, 0xB5B8,
  0xA556, 0xA535, 0x9CF5, 0x9CD4, 0xB597, 0xAD76, 0xB597, 0xAD56, 0xA536, 0x8CF7, 0x8CF8, 0x8CF7,
  0x8CF7, 0x8C94, 0x94B5, 0x9D37, 0x9D37, 0x8CB5, 0x94F6, 0x94F5, 0x8494, 0x8CD5, 0x9D37, 0x9538,
  0x8CF7, 0x8CF7, 0x94F7, 0x9517, 0x94F7, 0x7C96, 0x7C96, 0x8495, 0x7C74, 0x7C54, 0x73F3, 0x6BD2,
  0x6391, 0x6BD2, 0x6BD2, 0x5B4F, 0x52EE, 0x3A6C, 0x2188, 0x1107, 0x1127, 0x08C5, 0x00A5, 0x08C5,
  0x08E6, 0x00A5, 0x00A5, 0x08C5, 0x00C5, 0x00A5, 0x00A5, 0x00A5, 0x00A5, 0x00A5, 0x08C5, 0x08C5,
  0x08C5, 0x08C5, 0x08C5, 0x08C5, 0x08E5, 0x10E6, 0x08E6, 0x08E6, 0x08E6, 0x08C6, 0x00A5, 0x00A5,
  0x00A6, 0x00A5, 0x0085, 0x0064, 0x0085, 0x0085, 0x0085, 0x0065, 0x0064, 0x0064, 0x0085, 0x00C8,
  0x0043, 0x0001, 0x0000, 0x0000, 0x0021, 0x0064, 0x0086, 0x0086, 0x0086, 0x0065, 0x0065, 0x00E7,
  0x00E7, 0x00E7, 0x1169, 0x29EB, 0x326D, 0x4B30, 0x6C34, 0x84D6, 0x8CF6, 0x8CD5, 0x5B90, 0x5B70,
  0x7C75, 0x84F7, 0x32AF, 0x6C54, 0xADB8, 0xD6DC, 0x8CD5, 0x7412, 0xBDD7, 0x8D9B, 0x4D5F, 0x2314,
  0x0041, 0x0000, 0x0000, 0x0000, 0x0000, 0x0000, 0x0000, 0x0000, 0x0000, 0x0000, 0x0000, 0x0000,
  0x0000, 0x0000, 0x0000, 0x0000, 0x0000, 0x0000, 0x0000, 0x0000, 0x0000, 0x0000, 0x0000, 0x0000,
  0x0000, 0x0000, 0x0000, 0x0000, 0x0000, 0x0000, 0x0000, 0x0000, 0x0000, 0x0000, 0x0000, 0x0000,
  0x0000, 0x0000, 0x0000, 0x0000, 0x0000, 0x0000, 0x0000, 0x0000, 0x0000, 0x0000, 0x0000, 0x0000,
  0x0000, 0x0000, 0x0000, 0x0000, 0x0000, 0x0000, 0x0000, 0x0000, 0x0000, 0x0000, 0x0000, 0x0000,
  0x0000, 0x0000, 0x0000, 0x0000, 0x0000, 0x0000, 0x0000, 0x0000, 0x0000, 0x0000, 0x0000, 0x0000,
  0x0000, 0x0000, 0x0000, 0x0000, 0x0000, 0x0000, 0x0000, 0x0000, 0x0000, 0x0000, 0x0000, 0x0000,
  0x0000, 0x0000, 0x0000, 0x0000, 0x0000, 0x0000, 0x0000, 0x0000, 0x0000, 0x0000, 0x2290, 0x3CFF,
  0x7D3D, 0xCDFD, 0xCE1D, 0xB57C, 0x8416, 0x6332, 0x6B93, 0x7BF5, 0x8C57, 0x73D5, 0x52D2, 0x52D3,
  0x6B99, 0x7BFB, 0x7BFB, 0x6B99, 0x5B13, 0x4AAE, 0x31C8, 0x3A09, 0x4A6B, 0x4A8C, 0x5AED, 0x5B0E,
  0x5B2E, 0x6B90, 0x7C12, 0x7C13, 0x7C33, 0x6BB1, 0x5B2F, 0x4AAC, 0x426B, 0x5B0E, 0x73F1, 0x8453,
  0x9D37, 0x9D36, 0x8C94, 0x9D37, 0xADB9, 0xB5DA, 0xA599, 0xA558, 0x84B6, 0x7456, 0x63D4, 0x42AE,
  0x322C, 0x29EA, 0x21A9, 0x21A9, 0x29A8, 0x2168, 0x2188, 0x1926, 0x10C5, 0x1926, 0x1947, 0x2168,
  0x29C9, 0x320A, 0x320A, 0x29EA, 0x2188, 0x10E6, 0x1126, 0x1106, 0x1106, 0x1106, 0x10E6, 0x10E5,
  0x10E5, 0x1106, 0x1106, 0x1106, 0x1106, 0x1126, 0x1106, 0x1106, 0x10E6, 0x08C6, 0x00A5, 0x00A5,
  0x0085, 0x0084, 0x0064, 0x0064, 0x0064, 0x0065, 0x0065, 0x0085, 0x0085, 0x0085, 0x0085, 0x00A5,
  0x00A6, 0x00C6, 0x00A6, 0x00A5, 0x0085, 0x0085, 0x0065, 0x0065, 0x0065, 0x0044, 0x0043, 0x0043,
  0x0023, 0x0023, 0x0022, 0x0022, 0x0021, 0x0044, 0x0065, 0x0065, 0x0065, 0x0065, 0x0064, 0x00A6,
  0x00C7, 0x00A6, 0x0086, 0x0085, 0x0064, 0x0023, 0x0043, 0x00C6, 0x00C6, 0x0084, 0x00C5, 0x1989,
  0x5BB1, 0x9558, 0x6434, 0x5BD2, 0xB61A, 0xC67B, 0xAD35, 0xBDF8, 0x6D5C, 0x34BE, 0x1A2E, 0x0000,
  0x0000, 0x0000, 0x0000, 0x0000, 0x0000, 0x0000, 0x0000, 0x0000, 0x0000, 0x0000, 0x0000, 0x0000,
  0x0000, 0x0000, 0x0000, 0x0000, 0x0000, 0x0000, 0x0000, 0x0000, 0x0000, 0x0000, 0x0000, 0x0000,
  0x0000, 0x0000, 0x0000, 0x0000, 0x0000, 0x0000, 0x0000, 0x0000, 0x0000, 0x0000, 0x0000, 0x0000,
  0x0000, 0x0000, 0x0000, 0x0000, 0x0000, 0x0000, 0x0000, 0x0000, 0x0000, 0x0000, 0x0000, 0x0000,
  0x0000, 0x0000, 0x0000, 0x0000, 0x0000, 0x0000, 0x0000, 0x0000, 0x0000, 0x0000, 0x0000, 0x0000,
  0x0000, 0x0000, 0x0000, 0x0000, 0x0000, 0x0000, 0x0000, 0x0000, 0x0000, 0x0000, 0x0000, 0x0000,
  0x0000, 0x0000, 0x0000, 0x0000, 0x0000, 0x0000, 0x0000, 0x0000, 0x0000, 0x0000, 0x0000, 0x0000,
  0x0000, 0x0000, 0x0000, 0x0000, 0x0000, 0x0000, 0x0000, 0x0000, 0x0000, 0x0000, 0x0000, 0x1169,
  0x2C5C, 0x6D7F, 0xC61D, 0xB55A, 0x5AF0, 0x2147, 0x2147, 0x31C9, 0x52AF, 0x73B6, 0x73D9, 0x7BFA,
  0x8C5B, 0x841B, 0x739B, 0x52D5, 0x39EC, 0x18E5, 0x1083, 0x10A3, 0x10A4, 0x10A4, 0x18E5, 0x1906,
  0x18E6, 0x296A, 0x3A0D, 0x4A8F, 0x52F1, 0x52F0, 0x4ACF, 0x530F, 0x6370, 0x73D2, 0x8453, 0x8CB5,
  0x94D5, 0x8C95, 0x8474, 0x7C33, 0x7C33, 0x7C33, 0x5B71, 0x4B30, 0x5331, 0x5BB4, 0x63D4, 0x6C35,
  0x84B6, 0x8CD7, 0x7C75, 0x8495, 0x7C54, 0x63B2, 0x6BF3, 0x6BD2, 0x5B4F, 0x4ACD, 0x320A, 0x2188,
  0x1127, 0x1127, 0x1106, 0x1106, 0x08C5, 0x10E6, 0x10E5, 0x10E5, 0x10E5, 0x1106, 0x08E6, 0x08C5,
  0x08C5, 0x08E6, 0x1106, 0x1106, 0x1126, 0x1947, 0x1947, 0x1947, 0x1947, 0x1926, 0x1126, 0x1106,
  0x1126, 0x1127, 0x1106, 0x1106, 0x1106, 0x1107, 0x1107, 0x0906, 0x0906, 0x08E6, 0x08E6, 0x08E6,
  0x08E6, 0x00C6, 0x00A6, 0x00A6, 0x0085, 0x00A5, 0x0085, 0x0085, 0x0085, 0x0064, 0x0086, 0x0022,
  0x0000, 0x0001, 0x0021, 0x0022, 0x0043, 0x0065, 0x0064, 0x0085, 0x00A6, 0x00A6, 0x00C6, 0x08E7,
  0x0907, 0x1148, 0x21AA, 0x21CA, 0x320B, 0x42CD, 0x322B, 0x21C9, 0x2189, 0x2168, 0x1968, 0x2A0B,
  0x6434, 0x7C95, 0x63D2, 0xADD9, 0xE73D, 0xB596, 0x8CF7, 0x555F, 0x2C3A, 0x0927, 0x0000, 0x0000,
  0x0000, 0x0000, 0x0000, 0x0000, 0x0000, 0x0000, 0x0000, 0x0000, 0x0000, 0x0000, 0x0000, 0x0000,
  0x0000, 0x0000, 0x0000, 0x0000, 0x0000, 0x0000, 0x0000, 0x0000, 0x0000, 0x0000, 0x0000, 0x0000,
  0x0000, 0x0000, 0x0000, 0x0000, 0x0000, 0x0000, 0x0000, 0x0000, 0x0000, 0x0000, 0x0000, 0x0000,
  0x0000, 0x0000, 0x0000, 0x0000, 0x0000, 0x0000, 0x0000, 0x0000, 0x0000, 0x0000, 0x0000, 0x0000,
  0x0000, 0x0000, 0x0000, 0x0000, 0x0000, 0x0000, 0x0000, 0x0000, 0x0000, 0x0000, 0x0000, 0x0000,
  0x0000, 0x0000, 0x0000, 0x0000, 0x0000, 0x0000, 0x0000, 0x0000, 0x0000, 0x0000, 0x0000, 0x0000,
  0x0000, 0x0000, 0x0000, 0x0000, 0x0000, 0x0000, 0x0000, 0x0000, 0x0000, 0x0000, 0x0000, 0x0000,
  0x0000, 0x0000, 0x0000, 0x0000, 0x0000, 0x0000, 0x0000, 0x0000, 0x0000, 0x0000, 0x0000, 0x0000,
  0x08A4, 0x2376, 0x4D1F, 0x8D1B, 0x62EF, 0x10E5, 0x0883, 0x10A4, 0x31AA, 0x6334, 0x843B, 0x8C7B,
  0x8C7B, 0x841B, 0x6338, 0x4250, 0x3A4C, 0x2987, 0x2126, 0x2946, 0x2987, 0x3A0A, 0x52CF, 0x5B11,
  0x5B33, 0x73B7, 0x73B8, 0x73D8, 0x7C18, 0x6B96, 0x5B13, 0x52D1, 0x426E, 0x3A2C, 0x31CA, 0x2988,
  0x2167, 0x2126, 0x18E5, 0x1905, 0x1926, 0x31E9, 0x4ACD, 0x530F, 0x63B2, 0x63D3, 0x42CE, 0x29EA,
  0x31EA, 0x31EA, 0x31E9, 0x31EA, 0x21A9, 0x21A9, 0x29EB, 0x21A9, 0x29C9, 0x29EA, 0x29EA, 0x320B,
  0x1988, 0x322B, 0x21A9, 0x08E5, 0x1968, 0x1106, 0x08C5, 0x10E5, 0x1106, 0x1106, 0x1106, 0x10E5,
  0x08E5, 0x08E6, 0x10E6, 0x10E6, 0x08E6, 0x08E6, 0x08E6, 0x08C6, 0x08C5, 0x00A5, 0x00A5, 0x00A5,
  0x00A5, 0x08C6, 0x08C6, 0x08E6, 0x08E6, 0x08E6, 0x0906, 0x1107, 0x1107, 0x1127, 0x1127, 0x1127,
  0x1106, 0x0906, 0x08E7, 0x00A6, 0x0085, 0x0085, 0x0085, 0x0085, 0x00A6, 0x00A6, 0x0086, 0x0043,
  0x0001, 0x0001, 0x0022, 0x0065, 0x00C8, 0x00E8, 0x0928, 0x0928, 0x1148, 0x1968, 0x1968, 0x1988,
  0x2188, 0x2167, 0x2167, 0x2168, 0x2188, 0x29C9, 0x29C9, 0x29C9, 0x320A, 0x320B, 0x3A8D, 0x8D17,
  0x9D58, 0x9D35, 0xB5D8, 0xCE59, 0xAD97, 0x5C78, 0x3CFF, 0x2313, 0x0042, 0x0000, 0x0000, 0x0000,
  0x0000, 0x0000, 0x0000, 0x0000, 0x0000, 0x0000, 0x0000, 0x0000, 0x0000, 0x0000, 0x0000, 0x0000,
  0x0000, 0x0000, 0x0000, 0x0000, 0x0000, 0x0000, 0x0000, 0x0000, 0x0000, 0x0000, 0x0000, 0x0000,
  0x0000, 0x0000, 0x0000, 0x0000, 0x0000, 0x0000, 0x0000, 0x0000, 0x0000, 0x0000, 0x0000, 0x0000,
  0x0000, 0x0000, 0x0000, 0x0000, 0x0000, 0x0000, 0x0000, 0x0000, 0x0000, 0x0000, 0x0000, 0x0000,
  0x0000, 0x0000, 0x0000, 0x0000, 0x0000, 0x0000, 0x0000, 0x0000, 0x0000, 0x0000, 0x0000, 0x0000,
  0x0000, 0x0000, 0x0000, 0x0000, 0x0000, 0x0000, 0x0000, 0x0000, 0x0000, 0x0000, 0x0000, 0x0000,
  0x0000, 0x0000, 0x0000, 0x0000, 0x0000, 0x0000, 0x0000, 0x0000, 0x0000, 0x0000, 0x0000, 0x0000,
  0x0000, 0x0000, 0x0000, 0x0000, 0x0000, 0x0000, 0x0000, 0x0000, 0x0000, 0x0000, 0x0000, 0x0000,
  0x0000, 0x0000, 0x1A6F, 0x3CDE, 0x547A, 0x29A9, 0x1082, 0x1926, 0x4A6E, 0x7BD8, 0x949C, 0x949B,
  0x949C, 0x73BA, 0x4271, 0x1948, 0x1926, 0x31C8, 0x424B, 0x5310, 0x6373, 0x73D6, 0x8439, 0x7C19,
  0x841A, 0x843B, 0x843B, 0x8C5C, 0x8C7B, 0x8C3B, 0x83FA, 0x7BD8, 0x6B75, 0x52F1, 0x3A2C, 0x31C9,
  0x2988, 0x2988, 0x2987, 0x2167, 0x31E9, 0x31C9, 0x3A2A, 0x426B, 0x3A4B, 0x31EA, 0x1947, 0x0084,
  0x08A4, 0x10C5, 0x18E5, 0x2126, 0x2146, 0x2987, 0x31C9, 0x31E9, 0x2988, 0x2967, 0x2987, 0x2988,
  0x29A8, 0x29A8, 0x2167, 0x2167, 0x29A8, 0x2167, 0x1927, 0x1107, 0x10E6, 0x10E6, 0x08E6, 0x08E6,
  0x1106, 0x1126, 0x1106, 0x10E5, 0x10E5, 0x08E6, 0x00C5, 0x00C6, 0x08E6, 0x08C5, 0x08C5, 0x08E6,
  0x08E6, 0x08E6, 0x08C6, 0x08C6, 0x08C6, 0x08C6, 0x08C6, 0x00E6, 0x00C6, 0x00C6, 0x00A6, 0x00A6,
  0x00A5, 0x00A5, 0x00A6, 0x0085, 0x0064, 0x0064, 0x0064, 0x0064, 0x0065, 0x0085, 0x0086, 0x0085,
  0x0044, 0x0001, 0x0000, 0x0023, 0x0044, 0x0065, 0x0065, 0x0085, 0x0085, 0x00A6, 0x00A6, 0x08C6,
  0x08C6, 0x08E6, 0x08E6, 0x0906, 0x0907, 0x0907, 0x08E6, 0x08C6, 0x08E6, 0x0064, 0x532F, 0xBE5B,
  0xB5D8, 0xBDD7, 0xC618, 0x9D98, 0x551D, 0x345C, 0x19AB, 0x0000, 0x0000, 0x0000, 0x0000, 0x0000,
  0x0000, 0x0000, 0x0000, 0x0000, 0x0000, 0x0000, 0x0000, 0x0000, 0x0000, 0x0000, 0x0000, 0x0000,
  0x0000, 0x0000, 0x0000, 0x0000, 0x0000, 0x0000, 0x0000, 0x0000, 0x0000, 0x0000, 0x0000, 0x0000,
  0x0000, 0x0000, 0x0000, 0x0000, 0x0000, 0x0000, 0x0000, 0x0000, 0x0000, 0x0000, 0x0000, 0x0000,
  0x0000, 0x0000, 0x0000, 0x0000, 0x0000, 0x0000, 0x0000, 0x0000, 0x0000, 0x0000, 0x0000, 0x0000,
  0x0000, 0x0000, 0x0000, 0x0000, 0x0000, 0x0000, 0x0000, 0x0000, 0x0000, 0x0000, 0x0000, 0x0000,
  0x0000, 0x0000, 0x0000, 0x0000, 0x0000, 0x0000, 0x0000, 0x0000, 0x0000, 0x0000, 0x0000, 0x0000,
  0x0000, 0x0000, 0x0000, 0x0000, 0x0000, 0x0000, 0x0000, 0x0000, 0x0000, 0x0000, 0x0000, 0x0000,
  0x0000, 0x0000, 0x0000, 0x0000, 0x0000, 0x0000, 0x0000, 0x0000, 0x0000, 0x0000, 0x0000, 0x0000,
  0x0000, 0x0000, 0x0000, 0x0927, 0x343A, 0x3C9D, 0x2A2D, 0x39EA, 0x6B75, 0x949C, 0xA4FC, 0x9CBC,
  0x8C5B, 0x6356, 0x3A0D, 0x10E6, 0x1906, 0x31CA, 0x4A8F, 0x6B75, 0x8419, 0x8C5B, 0x947C, 0x8C5C,
  0x8C7C, 0x947C, 0x947C, 0x949C, 0x949C, 0x945C, 0x841B, 0x7BF8, 0x73D5, 0x6B72, 0x5B0F, 0x4AAC,
  0x2987, 0x1926, 0x2126, 0x1926, 0x1926, 0x1906, 0x10E4, 0x10A3, 0x10C4, 0x10C4, 0x10C4, 0x10E5,
  0x10E5, 0x10E5, 0x1926, 0x2146, 0x2146, 0x2167, 0x2967, 0x2987, 0x31A8, 0x31C8, 0x31C8, 0x31C8,
  0x31C8, 0x31A8, 0x31A7, 0x2987, 0x2967, 0x2988, 0x29A8, 0x21A9, 0x1967, 0x1989, 0x1168, 0x08E6,
  0x0084, 0x00C6, 0x08C6, 0x08E6, 0x0907, 0x0906, 0x0907, 0x0907, 0x1127, 0x1127, 0x1127, 0x1127,
  0x1127, 0x1107, 0x0906, 0x08E6, 0x0906, 0x0907, 0x08E7, 0x08E7, 0x00E6, 0x00C6, 0x00C6, 0x00A6,
  0x00A6, 0x0086, 0x0085, 0x0064, 0x0085, 0x00A6, 0x00A6, 0x00C7, 0x00E8, 0x0109, 0x014B, 0x0109,
  0x0086, 0x0065, 0x0044, 0x0066, 0x0087, 0x0087, 0x0086, 0x0066, 0x0065, 0x0086, 0x0086, 0x0086,
  0x00A6, 0x00A6, 0x00A6, 0x0086, 0x00A6, 0x0086, 0x0065, 0x0064, 0x0044, 0x08E6, 0xADD9, 0xCE9B,
  0xBDD7, 0xCE9A, 0x85BD, 0x451F, 0x2B75, 0x0883, 0x0000, 0x0000, 0x0000, 0x0000, 0x0000, 0x0000,
  0x0000, 0x0000, 0x0000, 0x0000, 0x0000, 0x0000, 0x0000, 0x0000, 0x0000, 0x0000, 0x0000, 0x0000,
  0x0000, 0x0000, 0x0000, 0x0000, 0x0000, 0x0000, 0x0000, 0x0000, 0x0000, 0x0000, 0x0000, 0x0000,
  0x0000, 0x0000, 0x0000, 0x0000, 0x0000, 0x0000, 0x0000, 0x0000, 0x0000, 0x0000, 0x0000, 0x0000,
  0x0000, 0x0000, 0x0000, 0x0000, 0x0000, 0x0000, 0x0000, 0x0000, 0x0000, 0x0000, 0x0000, 0x0000,
  0x0000, 0x0000, 0x0000, 0x0000, 0x0000, 0x0000, 0x0000, 0x0000, 0x0000, 0x0000, 0x0000, 0x0000,
  0x0000, 0x0000, 0x0000, 0x0000, 0x0000, 0x0000, 0x0000, 0x0000, 0x0000, 0x0000, 0x0000, 0x0000,
  0x0000, 0x0000, 0x0000, 0x0000, 0x0000, 0x0000, 0x0000, 0x0000, 0x0000, 0x0000, 0x0000, 0x0000,
  0x0000, 0x0000, 0x0000, 0x0000, 0x0000, 0x0000, 0x0000, 0x0000, 0x0000, 0x0000, 0x0000, 0x0000,
  0x0000, 0x0000, 0x0000, 0x0000, 0x0041, 0x22F2, 0x44FF, 0x545A, 0x949A, 0xB53D, 0xAD3D, 0xA4FC,
  0x947B, 0x7C17, 0x6352, 0x52AF, 0x5B11, 0x73D6, 0x8C5A, 0x949C, 0x9C9C, 0x9C9C, 0x947C, 0x8C7B,
  0x8C5B, 0x8C7B, 0x8C5C, 0x8C5C, 0x841B, 0x6B57, 0x52D3, 0x426E, 0x31CA, 0x29A8, 0x2987, 0x1905,
  0x10E4, 0x18E5, 0x1905, 0x1905, 0x1905, 0x1926, 0x29A9, 0x4ACF, 0x5B73, 0x5312, 0x3A6E, 0x320C,
  0x31CA, 0x2188, 0x2167, 0x2168, 0x2167, 0x2167, 0x2167, 0x2987, 0x2147, 0x2147, 0x2167, 0x2147,
  0x2168, 0x2168, 0x29A9, 0x1989, 0x1989, 0x21AA, 0x1989, 0x1148, 0x1127, 0x1127, 0x1107, 0x08E6,
  0x08C5, 0x08C6, 0x00C5, 0x00A5, 0x00A5, 0x08E6, 0x1148, 0x0907, 0x0928, 0x0908, 0x0907, 0x00C6,
  0x00A6, 0x00C6, 0x08E6, 0x08E6, 0x0906, 0x1107, 0x1107, 0x1107, 0x1107, 0x0907, 0x0907, 0x08E7,
  0x08E7, 0x0907, 0x08E7, 0x08E6, 0x08E6, 0x08E6, 0x00A6, 0x0085, 0x0065, 0x0043, 0x0022, 0x0021,
  0x0000, 0x0000, 0x0000, 0x0001, 0x0022, 0x0044, 0x0086, 0x00A7, 0x00C8, 0x0929, 0x0908, 0x0108,
  0x00E8, 0x00C7, 0x00A6, 0x00A6, 0x00E7, 0x00C6, 0x0085, 0x0064, 0x0064, 0x08C5, 0x5B4F, 0xAD76,
  0xA61B, 0x5D9F, 0x2C3B, 0x11AB, 0x0000, 0x0000, 0x0020, 0x0000, 0x0000, 0x0000, 0x0000, 0x0000,
  0x0000, 0x0000, 0x0000, 0x0000, 0x0000, 0x0000, 0x0000, 0x0000, 0x0000, 0x0000, 0x0000, 0x0000,
  0x0000, 0x0000, 0x0000, 0x0000, 0x0000, 0x0000, 0x0000, 0x0000, 0x0000, 0x0000, 0x0000, 0x0000,
  0x0000, 0x0000, 0x0000, 0x0000, 0x0000, 0x0000, 0x0000, 0x0000, 0x0000, 0x0000, 0x0000, 0x0000,
  0x0000, 0x0000, 0x0000, 0x0000, 0x0000, 0x0000, 0x0000, 0x0000, 0x0000, 0x0000, 0x0000, 0x0000,
  0x0000, 0x0000, 0x0000, 0x0000, 0x0000, 0x0000, 0x0000, 0x0000, 0x0000, 0x0000, 0x0000, 0x0000,
  0x0000, 0x0000, 0x0000, 0x0000, 0x0000, 0x0000, 0x0000, 0x0000, 0x0000, 0x0000, 0x0000, 0x0000,
  0x0000, 0x0000, 0x0000, 0x0000, 0x0000, 0x0000, 0x0000, 0x0000, 0x0000, 0x0000, 0x0000, 0x0000,
  0x0000, 0x0000, 0x0000, 0x0000, 0x0000, 0x0000, 0x0000, 0x0000, 0x0000, 0x0000, 0x0000, 0x0000,
  0x0000, 0x0000, 0x0000, 0x0000, 0x0000, 0x0000, 0x1148, 0x2BFA, 0x4D1F, 0x955D, 0xB51C, 0x9CBA,
  0x9CFB, 0xA51A, 0xA51A, 0x9CFA, 0x9CDB, 0xA4FC, 0xA4DC, 0x9CBC, 0x9CBC, 0x9C9C, 0x8C7B, 0x843B,
  0x83FB, 0x7BFB, 0x83FB, 0x7399, 0x52F4, 0x424F, 0x31EB, 0x29C9, 0x2188, 0x29C9, 0x428D, 0x3A4B,
  0x2188, 0x2168, 0x29C9, 0x3A2B, 0x52D0, 0x52F2, 0x6354, 0x6BD7, 0x7C19, 0x73D9, 0x6B97, 0x6BB7,
  0x6356, 0x4AD1, 0x42B0, 0x3A8E, 0x29EB, 0x1968, 0x29CA, 0x3A2B, 0x29C9, 0x21C9, 0x2168, 0x1947,
  0x2168, 0x1947, 0x1947, 0x2167, 0x2188, 0x2167, 0x2167, 0x2167, 0x2967, 0x2987, 0x31C8, 0x39E9,
  0x3A09, 0x3A09, 0x3A09, 0x424A, 0x3A4B, 0x3A09, 0x31E9, 0x29A8, 0x2188, 0x2188, 0x2147, 0x1927,
  0x1127, 0x08E6, 0x00C6, 0x00C6, 0x08E6, 0x08E6, 0x0906, 0x1127, 0x1147, 0x1947, 0x1967, 0x1967,
  0x1967, 0x1968, 0x1968, 0x1148, 0x1148, 0x0927, 0x00C6, 0x0085, 0x0085, 0x0021, 0x0001, 0x0000,
  0x0000, 0x0000, 0x0001, 0x0001, 0x0021, 0x0022, 0x0064, 0x00C7, 0x00E7, 0x08E7, 0x00C6, 0x00A6,
  0x00A6, 0x0085, 0x0085, 0x0086, 0x0085, 0x00A6, 0x00C6, 0x00C6, 0x00A6, 0x0043, 0x5B70, 0x651B,
  0x3CFF, 0x22F2, 0x0862, 0x0000, 0x0000, 0x0000, 0x0000, 0x0000, 0x0000, 0x0000, 0x0000, 0x0000,
  0x0000, 0x0000, 0x0000, 0x0000, 0x0000, 0x0000, 0x0000, 0x0000, 0x0000, 0x0000, 0x0000, 0x0000,
  0x0000, 0x0000, 0x0000, 0x0000, 0x0000, 0x0000, 0x0000, 0x0000, 0x0000, 0x0000, 0x0000, 0x0000,
  0x0000, 0x0000, 0x0000, 0x0000, 0x0000, 0x0000, 0x0000, 0x0000, 0x0000, 0x0000, 0x0000, 0x0000,
  0x0000, 0x0000, 0x0000, 0x0000, 0x0000, 0x0000, 0x0000, 0x0000, 0x0000, 0x0000, 0x0000, 0x0000,
  0x0000, 0x0000, 0x0000, 0x0000, 0x0000, 0x0000, 0x0000, 0x0000, 0x0000, 0x0000, 0x0000, 0x0000,
  0x0000, 0x0000, 0x0000, 0x0000, 0x0000, 0x0000, 0x0000, 0x0000, 0x0000, 0x0000, 0x0000, 0x0000,
  0x0000, 0x0000, 0x0000, 0x0000, 0x0000, 0x0000, 0x0000, 0x0000, 0x0000, 0x0000, 0x0000, 0x0000,
  0x0000, 0x0000, 0x0000, 0x0000, 0x0000, 0x0000, 0x0000, 0x0000, 0x0000, 0x0000, 0x0000, 0x0000,
  0x0000, 0x0000, 0x0000, 0x0000, 0x0000, 0x0000, 0x0000, 0x0021, 0x1A90, 0x3CDE, 0x5CFE, 0x73F6,
  0x8C15, 0xA53A, 0xB59D, 0xB55D, 0xB53C, 0xAD1C, 0xA4FC, 0xA4DC, 0x9CDC, 0x949C, 0x843B, 0x7BFB,
  0x7BDB, 0x7BDB, 0x7C1B, 0x6B75, 0x4A8F, 0x424C, 0x29A9, 0x2147, 0x2967, 0x2987, 0x4AAC, 0x3A2B,
  0x2147, 0x29CA, 0x426E, 0x5B13, 0x73B7, 0x7BDA, 0x843B, 0x8C7B, 0x8C7B, 0x8C5C, 0x8C5B, 0x7BF9,
  0x6354, 0x4AAF, 0x322D, 0x1989, 0x1127, 0x1106, 0x1105, 0x10E5, 0x1906, 0x1926, 0x2147, 0x2167,
  0x2167, 0x2967, 0x2987, 0x29A8, 0x31A8, 0x31C8, 0x39E9, 0x3A09, 0x3A0A, 0x424B, 0x4A8B, 0x4A8B,
  0x4A8B, 0x4A8B, 0x4A8B, 0x4A8C, 0x4A8C, 0x4A8B, 0x4A8B, 0x426B, 0x424A, 0x422A, 0x3A2A, 0x31C9,
  0x2188, 0x1968, 0x1107, 0x00C6, 0x00C6, 0x00A5, 0x0085, 0x00A5, 0x00A6, 0x00C6, 0x08C6, 0x08E6,
  0x1127, 0x1147, 0x1147, 0x1947, 0x1948, 0x1948, 0x1968, 0x1168, 0x1148, 0x0928, 0x00E7, 0x00A6,
  0x0085, 0x0065, 0x00A7, 0x0108, 0x0928, 0x1148, 0x1169, 0x1989, 0x2189, 0x2189, 0x2188, 0x2188,
  0x1988, 0x1968, 0x1147, 0x1128, 0x1128, 0x1127, 0x1127, 0x10E6, 0x0907, 0x2291, 0x451F, 0x3419,
  0x0927, 0x0000, 0x0000, 0x0000, 0x0000, 0x0000, 0x0000, 0x0000, 0x0000, 0x0000, 0x0000, 0x0000,
  0x0000, 0x0000, 0x0000, 0x0000, 0x0000, 0x0000, 0x0000, 0x0000, 0x0000, 0x0000, 0x0000, 0x0000,
  0x0000, 0x0000, 0x0000, 0x0000, 0x0000, 0x0000, 0x0000, 0x0000, 0x0000, 0x0000, 0x0000, 0x0000,
  0x0000, 0x0000, 0x0000, 0x0000, 0x0000, 0x0000, 0x0000, 0x0000, 0x0000, 0x0000, 0x0000, 0x0000,
  0x0000, 0x0000, 0x0000, 0x0000, 0x0000, 0x0000, 0x0000, 0x0000, 0x0000, 0x0000, 0x0000, 0x0000,
  0x0000, 0x0000, 0x0000, 0x0000, 0x0000, 0x0000, 0x0000, 0x0000, 0x0000, 0x0000, 0x0000, 0x0000,
  0x0000, 0x0000, 0x0000, 0x0000, 0x0000, 0x0000, 0x0000, 0x0000, 0x0000, 0x0000, 0x0000, 0x0000,
  0x0000, 0x0000, 0x0000, 0x0000, 0x0000, 0x0000, 0x0000, 0x0000, 0x0000, 0x0000, 0x0000, 0x0000,
  0x0000, 0x0000, 0x0000, 0x0000, 0x0000, 0x0000, 0x0000, 0x0000, 0x0000, 0x0000, 0x0000, 0x0000,
  0x0000, 0x0000, 0x0000, 0x0000, 0x0000, 0x0000, 0x0000, 0x0000, 0x0000, 0x0907, 0x2BB7, 0x44FF,
  0x6479, 0xA4F9, 0xC59C, 0xBD9D, 0xB55D, 0xB53C, 0xAD1C, 0xA4FC, 0x9CBC, 0x94BC, 0x8C5B, 0x73B8,
  0x6355, 0x73D8, 0x8C7B, 0x7BF5, 0x5B0F, 0x52CE, 0x3A0A, 0x1906, 0x10C4, 0x2105, 0x31A7, 0x52AD,
  0x6351, 0x6B74, 0x7BF8, 0x8C5B, 0x947C, 0x8C5C, 0x947B, 0x949B, 0x947C, 0x841B, 0x6B97, 0x52D1,
  0x3A0B, 0x29A8, 0x2988, 0x2167, 0x2167, 0x2167, 0x2167, 0x2987, 0x2987, 0x2988, 0x29A8, 0x29A8,
  0x31C8, 0x39E9, 0x39E9, 0x3A09, 0x4209, 0x422A, 0x4229, 0x422A, 0x422A, 0x422A, 0x422A, 0x422A,
  0x3A2A, 0x422A, 0x422A, 0x3A2A, 0x3A2A, 0x3A0A, 0x31C9, 0x29A8, 0x29A8, 0x2188, 0x2188, 0x2168,
  0x2167, 0x1967, 0x1967, 0x1968, 0x2188, 0x2188, 0x2168, 0x1968, 0x1947, 0x1127, 0x0907, 0x08E6,
  0x08E6, 0x00C6, 0x08C6, 0x08C6, 0x08E6, 0x08C6, 0x08E6, 0x0906, 0x1107, 0x1107, 0x0907, 0x0907,
  0x00E7, 0x0044, 0x0085, 0x00C6, 0x08E7, 0x08E7, 0x0907, 0x1128, 0x1148, 0x1128, 0x0927, 0x0928,
  0x0928, 0x0928, 0x0928, 0x1148, 0x1968, 0x1947, 0x2167, 0x2AAF, 0x449C, 0x3C9C, 0x1A2D, 0x0000,
  0x0000, 0x0000, 0x0000, 0x0000, 0x0000, 0x0000, 0x0000, 0x0000, 0x0000, 0x0000, 0x0000, 0x0000,
  0x0000, 0x0000, 0x0000, 0x0000, 0x0000, 0x0000, 0x0000, 0x0000, 0x0000, 0x0000, 0x0000, 0x0000,
  0x0000, 0x0000, 0x0000, 0x0000, 0x0000, 0x0000, 0x0000, 0x0000, 0x0000, 0x0000, 0x0000, 0x0000,
  0x0000, 0x0000, 0x0000, 0x0000, 0x0000, 0x0000, 0x0000, 0x0000, 0x0000, 0x0000, 0x0000, 0x0000,
  0x0000, 0x0000, 0x0000, 0x0000, 0x0000, 0x0000, 0x0000, 0x0000, 0x0000, 0x0000, 0x0000, 0x0000,
  0x0000, 0x0000, 0x0000, 0x0000, 0x0000, 0x0000, 0x0000, 0x0000, 0x0000, 0x0000, 0x0000, 0x0000,
  0x0000, 0x0000, 0x0000, 0x0000, 0x0000, 0x0000, 0x0000, 0x0000, 0x0000, 0x0000, 0x0000, 0x0000,
  0x0000, 0x0000, 0x0000, 0x0000, 0x0000, 0x0000, 0x0000, 0x0000, 0x0000, 0x0000, 0x0000, 0x0000,
  0x0000, 0x0000, 0x0000, 0x0000, 0x0000, 0x0000, 0x0000, 0x0000, 0x0000, 0x0000, 0x0000, 0x0000,
  0x0000, 0x0000, 0x0000, 0x0000, 0x0000, 0x0000, 0x0000, 0x0000, 0x0000, 0x0000, 0x0000, 0x19EC,
  0x345B, 0x4D1F, 0x8D3D, 0xBD7C, 0xBD7D, 0xB55D, 0xAD3C, 0xAD3C, 0xAD5C, 0xAD5C, 0xA4FB, 0x73B5,
  0x4A8E, 0x6353, 0x94BA, 0x94BA, 0x8458, 0x73D6, 0x428F, 0x10E7, 0x0083, 0x18E5, 0x3A0A, 0x6352,
  0x7C18, 0x8C5A, 0x947C, 0x949C, 0x949C, 0x947B, 0x8C5C, 0x843B, 0x7399, 0x52F4, 0x3A2E, 0x1948,
  0x00A5, 0x0084, 0x08A4, 0x08A5, 0x08A5, 0x08C5, 0x08C6, 0x1107, 0x1127, 0x1106, 0x1126, 0x1126,
  0x1126, 0x1126, 0x1126, 0x1126, 0x1126, 0x1126, 0x1926, 0x1927, 0x1947, 0x2167, 0x2167, 0x2167,
  0x2167, 0x2167, 0x29A8, 0x31E9, 0x3209, 0x31E9, 0x39E9, 0x31E9, 0x31E9, 0x31E9, 0x31C9, 0x29A8,
  0x2188, 0x2167, 0x1967, 0x1947, 0x1927, 0x1127, 0x1107, 0x1107, 0x0906, 0x0906, 0x08E6, 0x00C6,
  0x00A5, 0x0065, 0x0065, 0x0065, 0x0065, 0x0065, 0x0065, 0x0065, 0x0065, 0x0065, 0x0065, 0x0086,
  0x0066, 0x0022, 0x0000, 0x0022, 0x0044, 0x0045, 0x0086, 0x00C6, 0x08E7, 0x08E7, 0x08E7, 0x00E7,
  0x00C7, 0x08E7, 0x0907, 0x10E6, 0x10E6, 0x224E, 0x3C3A, 0x3CBD, 0x22B0, 0x0042, 0x0000, 0x0000,
  0x0000, 0x0000, 0x0000, 0x0000, 0x0000, 0x0000, 0x0000, 0x0000, 0x0000, 0x0000, 0x0000, 0x0000,
  0x0000, 0x0000, 0x0000, 0x0000, 0x0000, 0x0000, 0x0000, 0x0000, 0x0000, 0x0000, 0x0000, 0x0000,
  0x0000, 0x0000, 0x0000, 0x0000, 0x0000, 0x0000, 0x0000, 0x0000, 0x0000, 0x0000, 0x0000, 0x0000,
  0x0000, 0x0000, 0x0000, 0x0000, 0x0000, 0x0000, 0x0000, 0x0000, 0x0000, 0x0000, 0x0000, 0x0000,
  0x0000, 0x0000, 0x0000, 0x0000, 0x0000, 0x0000, 0x0000, 0x0000, 0x0000, 0x0000, 0x0000, 0x0000,
  0x0000, 0x0000, 0x0000, 0x0000, 0x0000, 0x0000, 0x0000, 0x0000, 0x0000, 0x0000, 0x0000, 0x0000,
  0x0000, 0x0000, 0x0000, 0x0000, 0x0000, 0x0000, 0x0000, 0x0000, 0x0000, 0x0000, 0x0000, 0x0000,
  0x0000, 0x0000, 0x0000, 0x0000, 0x0000, 0x0000, 0x0000, 0x0000, 0x0000, 0x0000, 0x0000, 0x0000,
  0x0000, 0x0000, 0x0000, 0x0000, 0x0000, 0x0000, 0x0000, 0x0000, 0x0000, 0x0000, 0x0000, 0x0000,
  0x0000, 0x0000, 0x0000, 0x0000, 0x0000, 0x0000, 0x0000, 0x0000, 0x0000, 0x0000, 0x0000, 0x0000,
  0x0042, 0x1A6F, 0x2C7C, 0x5D3F, 0x8D1C, 0xA4BA, 0xA4FA, 0xB55C, 0xBDDD, 0xC61D, 0xC5DD, 0x9497,
  0x6331, 0x6B93, 0x949A, 0xA4FC, 0xA4FC, 0x845A, 0x4AD1, 0x1948, 0x1106, 0x29CB, 0x5B11, 0x8439,
  0x9CBC, 0xA4DC, 0x9CBC, 0x9CBC, 0x949C, 0x8C5C, 0x7C1B, 0x6356, 0x4270, 0x29CB, 0x1127, 0x08A5,
  0x08A5, 0x08C5, 0x08C5, 0x08C5, 0x08C5, 0x1106, 0x1107, 0x1927, 0x2167, 0x2147, 0x1926, 0x1926,
  0x1106, 0x10E6, 0x08E6, 0x08E6, 0x08C5, 0x08E5, 0x10E6, 0x08C5, 0x00C5, 0x08C6, 0x00A5, 0x00A5,
  0x00A5, 0x00A5, 0x00A5, 0x00C5, 0x08C6, 0x08C5, 0x08E6, 0x08E6, 0x08C6, 0x00C6, 0x00C6, 0x00C6,
  0x00C6, 0x08E6, 0x00E6, 0x00E6, 0x00E6, 0x00C6, 0x00A6, 0x00A6, 0x00A6, 0x00A5, 0x0085, 0x0085,
  0x00A6, 0x00A6, 0x00A6, 0x00A6, 0x0086, 0x0065, 0x0044, 0x0023, 0x0043, 0x0085, 0x00A7, 0x0065,
  0x0022, 0x0000, 0x0000, 0x0000, 0x0022, 0x0044, 0x0044, 0x0044, 0x0045, 0x0045, 0x0065, 0x0065,
  0x0085, 0x0044, 0x0044, 0x098B, 0x33D9, 0x3CBE, 0x22F3, 0x0884, 0x0000, 0x0000, 0x0000, 0x0000,
  0x0000, 0x0000, 0x0000, 0x0000, 0x0000, 0x0000, 0x0000, 0x0000, 0x0000, 0x0000, 0x0000, 0x0000,
  0x0000, 0x0000, 0x0000, 0x0000, 0x0000, 0x0000, 0x0000, 0x0000, 0x0000, 0x0000, 0x0000, 0x0000,
  0x0000, 0x0000, 0x0000, 0x0000, 0x0000, 0x0000, 0x0000, 0x0000, 0x0000, 0x0000, 0x0000, 0x0000,
  0x0000, 0x0000, 0x0000, 0x0000, 0x0000, 0x0000, 0x0000, 0x0000, 0x0000, 0x0000, 0x0000, 0x0000,
  0x0000, 0x0000, 0x0000, 0x0000, 0x0000, 0x0000, 0x0000, 0x0000, 0x0000, 0x0000, 0x0000, 0x0000,
  0x0000, 0x0000, 0x0000, 0x0000, 0x0000, 0x0000, 0x0000, 0x0000, 0x0000, 0x0000, 0x0000, 0x0000,
  0x0000, 0x0000, 0x0000, 0x0000, 0x0000, 0x0000, 0x0000, 0x0000, 0x0000, 0x0000, 0x0000, 0x0000,
  0x0000, 0x0000, 0x0000, 0x0000, 0x0000, 0x0000, 0x0000, 0x0000, 0x0000, 0x0000, 0x0000, 0x0000,
  0x0000, 0x0000, 0x0000, 0x0000, 0x0000, 0x0000, 0x0000, 0x0000, 0x0000, 0x0000, 0x0000, 0x0000,
  0x0000, 0x0000, 0x0000, 0x0000, 0x0000, 0x0000, 0x0000, 0x0000, 0x0000, 0x0000, 0x0000, 0x0000,
  0x0000, 0x0000, 0x08A4, 0x22F2, 0x3CDE, 0x54FE, 0x7479, 0x9C98, 0xB53A, 0xBDBD, 0xC61D, 0xBDDD,
  0x9CDA, 0x8C5A, 0x949B, 0xA4FC, 0x9CDB, 0x8438, 0x6353, 0x52F0, 0x5B10, 0x73B4, 0x94BA, 0xA4FC,
  0xA4DC, 0xA4DC, 0x9CBC, 0x8C7C, 0x83FB, 0x73B8, 0x6334, 0x528E, 0x39E9, 0x2987, 0x2967, 0x2987,
  0x3187, 0x31A8, 0x31C8, 0x31C8, 0x31C8, 0x31C8, 0x31C8, 0x29A8, 0x2188, 0x1947, 0x1106, 0x1106,
  0x1106, 0x1126, 0x1926, 0x1127, 0x1927, 0x1927, 0x1947, 0x1947, 0x1947, 0x1947, 0x1926, 0x1106,
  0x1106, 0x10E6, 0x08E6, 0x08E6, 0x08C6, 0x00A5, 0x0085, 0x00A6, 0x08E7, 0x0927, 0x1148, 0x1148,
  0x1168, 0x1169, 0x1969, 0x1989, 0x1989, 0x1148, 0x0927, 0x0907, 0x08E7, 0x00E7, 0x00E7, 0x00E7,
  0x00E6, 0x00E6, 0x00E6, 0x00C6, 0x0044, 0x0002, 0x0023, 0x0086, 0x0086, 0x0065, 0x0023, 0x0000,
  0x0000, 0x0000, 0x0000, 0x0000, 0x0000, 0x0000, 0x0001, 0x0044, 0x00A7, 0x00C7, 0x00A6, 0x00A5,
  0x08E7, 0x120D, 0x33D9, 0x3CDE, 0x2B54, 0x08C5, 0x0000, 0x0000, 0x0000, 0x0000, 0x0000, 0x0000,
  0x0000, 0x0000, 0x0000, 0x0000, 0x0000, 0x0000, 0x0000, 0x0000, 0x0000, 0x0000, 0x0000, 0x0000,
  0x0000, 0x0000, 0x0000, 0x0000, 0x0000, 0x0000, 0x0000, 0x0000, 0x0000, 0x0000, 0x0000, 0x0000,
  0x0000, 0x0000, 0x0000, 0x0000, 0x0000, 0x0000, 0x0000, 0x0000, 0x0000, 0x0000, 0x0000, 0x0000,
  0x0000, 0x0000, 0x0000, 0x0000, 0x0000, 0x0000, 0x0000, 0x0000, 0x0000, 0x0000, 0x0000, 0x0000,
  0x0000, 0x0000, 0x0000, 0x0000, 0x0000, 0x0000, 0x0000, 0x0000, 0x0000, 0x0000, 0x0000, 0x0000,
  0x0000, 0x0000, 0x0000, 0x0000, 0x0000, 0x0000, 0x0000, 0x0000, 0x0000, 0x0000, 0x0000, 0x0000,
  0x0000, 0x0000, 0x0000, 0x0000, 0x0000, 0x0000, 0x0000, 0x0000, 0x0000, 0x0000, 0x0000, 0x0000,
  0x0000, 0x0000, 0x0000, 0x0000, 0x0000, 0x0000, 0x0000, 0x0000, 0x0000, 0x0000, 0x0000, 0x0000,
  0x0000, 0x0000, 0x0000, 0x0000, 0x0000, 0x0000, 0x0000, 0x0000, 0x0000, 0x0000, 0x0000, 0x0000,
  0x0000, 0x0000, 0x0000, 0x0000, 0x0000, 0x0000, 0x0000, 0x0000, 0x0000, 0x0000, 0x0000, 0x0000,
  0x0000, 0x0000, 0x0000, 0x0000, 0x08E6, 0x2354, 0x3CDE, 0x54DD, 0x7C9A, 0xA4FA, 0xBD7B, 0xBD9C,
  0xAD5C, 0x9CDC, 0xA4FC, 0xAD3C, 0x8C78, 0x6331, 0x5B10, 0x7BF5, 0x9499, 0xA4FB, 0xB55C, 0xAD3C,
  0xA4DC, 0x947B, 0x843B, 0x73B9, 0x5B14, 0x424F, 0x31CB, 0x2988, 0x2126, 0x2146, 0x2967, 0x2987,
  0x2987, 0x2967, 0x2147, 0x1947, 0x1947, 0x2988, 0x31C8, 0x31C9, 0x31C8, 0x31E9, 0x31C8, 0x31C8,
  0x3A09, 0x4229, 0x422A, 0x422A, 0x3A09, 0x39E9, 0x31C8, 0x29A8, 0x2167, 0x1947, 0x1947, 0x1127,
  0x1127, 0x1127, 0x1127, 0x1106, 0x1106, 0x1106, 0x1106, 0x1106, 0x08E7, 0x00C6, 0x00C6, 0x00C6,
  0x00C6, 0x00E6, 0x0907, 0x0907, 0x00E7, 0x00C7, 0x00C6, 0x00C6, 0x00C6, 0x00C6, 0x00E7, 0x00E7,
  0x00E7, 0x00E7, 0x00C7, 0x00A6, 0x0065, 0x0044, 0x0045, 0x0086, 0x0045, 0x0002, 0x0000, 0x0000,
  0x0000, 0x0001, 0x0001, 0x0000, 0x0000, 0x0001, 0x0044, 0x0066, 0x0066, 0x0044, 0x0065, 0x11EE,
  0x341A, 0x3CDE, 0x2B54, 0x08E5, 0x0000, 0x0000, 0x0000, 0x0000, 0x0000, 0x0000, 0x0000, 0x0000,
  0x0000, 0x0000, 0x0000, 0x0000, 0x0000, 0x0000, 0x0000, 0x0000, 0x0000, 0x0000, 0x0000, 0x0000,
  0x0000, 0x0000, 0x0000, 0x0000, 0x0000, 0x0000, 0x0000, 0x0000, 0x0000, 0x0000, 0x0000, 0x0000,
  0x0000, 0x0000, 0x0000, 0x0000, 0x0000, 0x0000, 0x0000, 0x0000, 0x0000, 0x0000, 0x0000, 0x0000,
  0x0000, 0x0000, 0x0000, 0x0000, 0x0000, 0x0000, 0x0000, 0x0000, 0x0000, 0x0000, 0x0000, 0x0000,
  0x0000, 0x0000, 0x0000, 0x0000, 0x0000, 0x0000, 0x0000, 0x0000, 0x0000, 0x0000, 0x0000, 0x0000,
  0x0000, 0x0000, 0x0000, 0x0000, 0x0000, 0x0000, 0x0000, 0x0000, 0x0000, 0x0000, 0x0000, 0x0000,
  0x0000, 0x0000, 0x0000, 0x0000, 0x0000, 0x0000, 0x0000, 0x0000, 0x0000, 0x0000, 0x0000, 0x0000,
  0x0000, 0x0000, 0x0000, 0x0000, 0x0000, 0x0000, 0x0000, 0x0000, 0x0000, 0x0000, 0x0000, 0x0000,
  0x0000, 0x0000, 0x0000, 0x0000, 0x0000, 0x0000, 0x0000, 0x0000, 0x0000, 0x0000, 0x0000, 0x0000,
  0x0000, 0x0000, 0x0000, 0x0000, 0x0000, 0x0000, 0x0000, 0x0000, 0x0000, 0x0000, 0x0000, 0x0000,
  0x0000, 0x0000, 0x0000, 0x0000, 0x0000, 0x0000, 0x08E5, 0x2313, 0x34BD, 0x553F, 0x7CFB, 0x9CDA,
  0xB53B, 0xB55C, 0xB57C, 0xB59C, 0x8435, 0x3A0B, 0x422C, 0x8435, 0xB55C, 0xB57D, 0xB55D, 0xA4FC,
  0x947B, 0x841A, 0x7BF9, 0x6B96, 0x5B12, 0x424E, 0x320B, 0x29CB, 0x2189, 0x2188, 0x2988, 0x2988,
  0x2987, 0x2987, 0x2987, 0x2987, 0x2988, 0x2988, 0x2988, 0x29A8, 0x31C8, 0x31E8, 0x3A09, 0x3A2A,
  0x31E9, 0x29C9, 0x2988, 0x2167, 0x1926, 0x1947, 0x2147, 0x2147, 0x2167, 0x2987, 0x29A8, 0x31C8,
  0x39E9, 0x39E9, 0x39E9, 0x39E9, 0x31C9, 0x31C8, 0x31C9, 0x29A8, 0x2188, 0x2187, 0x2188, 0x2188,
  0x29A8, 0x29A8, 0x29C8, 0x29C9, 0x29C9, 0x2188, 0x1967, 0x1127, 0x0907, 0x00E6, 0x00A6, 0x0065,
  0x0064, 0x0064, 0x0065, 0x00A6, 0x00E7, 0x0907, 0x0907, 0x0907, 0x08E7, 0x00A5, 0x0084, 0x0064,
  0x0022, 0x0000, 0x0000, 0x0022, 0x0085, 0x00A6, 0x00A6, 0x0065, 0x00C7, 0x1A50, 0x343B, 0x3C9D,
  0x22D2, 0x08A4, 0x0000, 0x0000, 0x0000, 0x0000, 0x0000, 0x0000, 0x0000, 0x0000, 0x0000, 0x0000,
  0x0000, 0x0000, 0x0000, 0x0000, 0x0000, 0x0000, 0x0000, 0x0000, 0x0000, 0x0000, 0x0000, 0x0000,
  0x0000, 0x0000, 0x0000, 0x0000, 0x0000, 0x0000, 0x0000, 0x0000, 0x0000, 0x0000, 0x0000, 0x0000,
  0x0000, 0x0000, 0x0000, 0x0000, 0x0000, 0x0000, 0x0000, 0x0000, 0x0000, 0x0000, 0x0000, 0x0000,
  0x0000, 0x0000, 0x0000, 0x0000, 0x0000, 0x0000, 0x0000, 0x0000, 0x0000, 0x0000, 0x0000, 0x0000,
  0x0000, 0x0000, 0x0000, 0x0000, 0x0000, 0x0000, 0x0000, 0x0000, 0x0000, 0x0000, 0x0000, 0x0000,
  0x0000, 0x0000, 0x0000, 0x0000, 0x0000, 0x0000, 0x0000, 0x0000, 0x0000, 0x0000, 0x0000, 0x0000,
  0x0000, 0x0000, 0x0000, 0x0000, 0x0000, 0x0000, 0x0000, 0x0000, 0x0000, 0x0000, 0x0000, 0x0000,
  0x0000, 0x0000, 0x0000, 0x0000, 0x0000, 0x0000, 0x0000, 0x0000, 0x0000, 0x0000, 0x0000, 0x0000,
  0x0000, 0x0000, 0x0000, 0x0000, 0x0000, 0x0000, 0x0000, 0x0000, 0x0000, 0x0000, 0x0000, 0x0000,
  0x0000, 0x0000, 0x0000, 0x0000, 0x0000, 0x0000, 0x0000, 0x0000, 0x0000, 0x0000, 0x0000, 0x0000,
  0x0000, 0x0000, 0x0000, 0x0000, 0x0000, 0x0000, 0x0000, 0x0000, 0x08C5, 0x22D1, 0x349C, 0x4D1F,
  0x751D, 0xAD7C, 0xCDFD, 0xBDBC, 0x7BF4, 0x3A0C, 0x4A6D, 0x9497, 0xBDBD, 0x9CDA, 0x8416, 0x7BF6,
  0x8438, 0x8459, 0x8458, 0x8456, 0x8435, 0x73F4, 0x73B4, 0x6373, 0x42B0, 0x3A4E, 0x426D, 0x3A0B,
  0x29A8, 0x2987, 0x31A8, 0x31A8, 0x31A8, 0x31A8, 0x29A8, 0x2988, 0x31C8, 0x422A, 0x52AD, 0x52CD,
  0x424B, 0x29C8, 0x2167, 0x2167, 0x2167, 0x2987, 0x31A8, 0x31C9, 0x31E9, 0x39E9, 0x39E9, 0x3A09,
  0x3A09, 0x3A09, 0x39E9, 0x39E9, 0x3A09, 0x3A2A, 0x424A, 0x426B, 0x4A6B, 0x4A6B, 0x4A8B, 0x4A8B,
  0x4A6B, 0x4A6B, 0x424A, 0x422A, 0x3A0A, 0x31E9, 0x29C9, 0x29A9, 0x1968, 0x1148, 0x1128, 0x1127,
  0x1127, 0x1968, 0x1968, 0x2188, 0x21A9, 0x29C9, 0x29C9, 0x21A9, 0x21A9, 0x1969, 0x1148, 0x0929,
  0x00C7, 0x0043, 0x0042, 0x0085, 0x00E7, 0x0907, 0x1A0C, 0x3396, 0x3CBD, 0x3C5B, 0x228F, 0x0083,
  0x0000, 0x0000, 0x0000, 0x0000, 0x0000, 0x0000, 0x0000, 0x0000, 0x0000, 0x0000, 0x0000, 0x0000,
  0x0000, 0x0000, 0x0000, 0x0000, 0x0000, 0x0000, 0x0000, 0x0000, 0x0000, 0x0000, 0x0000, 0x0000,
  0x0000, 0x0000, 0x0000, 0x0000, 0x0000, 0x0000, 0x0000, 0x0000, 0x0000, 0x0000, 0x0000, 0x0000,
  0x0000, 0x0000, 0x0000, 0x0000, 0x0000, 0x0000, 0x0000, 0x0000, 0x0000, 0x0000, 0x0000, 0x0000,
  0x0000, 0x0000, 0x0000, 0x0000, 0x0000, 0x0000, 0x0000, 0x0000, 0x0000, 0x0000, 0x0000, 0x0000,
  0x0000, 0x0000, 0x0000, 0x0000, 0x0000, 0x0000, 0x0000, 0x0000, 0x0000, 0x0000, 0x0000, 0x0000,
  0x0000, 0x0000, 0x0000, 0x0000, 0x0000, 0x0000, 0x0000, 0x0000, 0x0000, 0x0000, 0x0000, 0x0000,
  0x0000, 0x0000, 0x0000, 0x0000, 0x0000, 0x0000, 0x0000, 0x0000, 0x0000, 0x0000, 0x0000, 0x0000,
  0x0000, 0x0000, 0x0000, 0x0000, 0x0000, 0x0000, 0x0000, 0x0000, 0x0000, 0x0000, 0x0000, 0x0000,
  0x0000, 0x0000, 0x0000, 0x0000, 0x0000, 0x0000, 0x0000, 0x0000, 0x0000, 0x0000, 0x0000, 0x0000,
  0x0000, 0x0000, 0x0000, 0x0000, 0x0000, 0x0000, 0x0000, 0x0000, 0x0000, 0x0000, 0x0000, 0x0000,
  0x0000, 0x0000, 0x0000, 0x0000, 0x0000, 0x0000, 0x0000, 0x0000, 0x0000, 0x0000, 0x0083, 0x1A4E,
  0x2C19, 0x3CDF, 0x655F, 0x8D5D, 0x8436, 0x6330, 0x6B72, 0x94B8, 0x9CF9, 0x73D4, 0x52CF, 0x6330,
  0x8435, 0x9CD9, 0x9CD9, 0x9CD8, 0x9CD8, 0x94B7, 0x8435, 0x6B93, 0x428F, 0x324F, 0x42D1, 0x324E,
  0x1948, 0x08E6, 0x10E6, 0x1106, 0x1106, 0x1926, 0x1106, 0x1106, 0x21A9, 0x4AAE, 0x6B93, 0x6372,
  0x4A8E, 0x29A9, 0x2167, 0x29A8, 0x29A8, 0x31C9, 0x3A09, 0x3A2A, 0x3A29, 0x422A, 0x422A, 0x422A,
  0x424A, 0x4A4A, 0x4A6A, 0x4A6A, 0x4A6B, 0x4A8B, 0x4A8B, 0x4A6B, 0x424B, 0x422A, 0x3A2A, 0x3A0A,
  0x31E9, 0x29A9, 0x2188, 0x2168, 0x1947, 0x1947, 0x1147, 0x1148, 0x1127, 0x1148, 0x1948, 0x1968,
  0x1989, 0x21A9, 0x21A9, 0x21A9, 0x21A9, 0x2188, 0x1968, 0x1968, 0x1968, 0x1948, 0x1148, 0x1148,
  0x0928, 0x00C7, 0x00A5, 0x0969, 0x22D2, 0x3C3A, 0x3CBE, 0x33D7, 0x19CB, 0x0021, 0x0000, 0x0000,
  0x0000, 0x0000, 0x0000, 0x0000, 0x0000, 0x0000, 0x0000, 0x0000, 0x0000, 0x0000, 0x0000, 0x0000,
  0x0000, 0x0000, 0x0000, 0x0000, 0x0000, 0x0000, 0x0000, 0x0000, 0x0000, 0x0000, 0x0000, 0x0000,
  0x0000, 0x0000, 0x0000, 0x0000, 0x0000, 0x0000, 0x0000, 0x0000, 0x0000, 0x0000, 0x0000, 0x0000,
  0x0000, 0x0000, 0x0000, 0x0000, 0x0000, 0x0000, 0x0000, 0x0000, 0x0000, 0x0000, 0x0000, 0x0000,
  0x0000, 0x0000, 0x0000, 0x0000, 0x0000, 0x0000, 0x0000, 0x0000, 0x0000, 0x0000, 0x0000, 0x0000,
  0x0000, 0x0000, 0x0000, 0x0000, 0x0000, 0x0000, 0x0000, 0x0000, 0x0000, 0x0000, 0x0000, 0x0000,
  0x0000, 0x0000, 0x0000, 0x0000, 0x0000, 0x0000, 0x0000, 0x0000, 0x0000, 0x0000, 0x0000, 0x0000,
  0x0000, 0x0000, 0x0000, 0x0000, 0x0000, 0x0000, 0x0000, 0x0000, 0x0000, 0x0000, 0x0000, 0x0000,
  0x0000, 0x0000, 0x0000, 0x0000, 0x0000, 0x0000, 0x0000, 0x0000, 0x0000, 0x0000, 0x0000, 0x0000,
  0x0000, 0x0000, 0x0000, 0x0000, 0x0000, 0x0000, 0x0000, 0x0000, 0x0000, 0x0000, 0x0000, 0x0000,
  0x0000, 0x0000, 0x0000, 0x0000, 0x0000, 0x0000, 0x0000, 0x0000, 0x0000, 0x0000, 0x0000, 0x0000,
  0x0000, 0x0000, 0x0000, 0x0000, 0x0000, 0x0000, 0x0000, 0x0000, 0x0000, 0x0000, 0x0000, 0x0000,
  0x0020, 0x1169, 0x1B34, 0x349D, 0x4D1F, 0x5C9A, 0x6C15, 0x7BF4, 0x8C15, 0x7BD2, 0x6350, 0x7BD2,
  0xA4F8, 0xB59B, 0xA519, 0x8435, 0x6351, 0x52AE, 0x424C, 0x31EA, 0x2189, 0x320C, 0x4B12, 0x4AF1,
  0x21AA, 0x08E6, 0x08C5, 0x08C5, 0x1106, 0x1127, 0x1147, 0x29EB, 0x4AD0, 0x73B5, 0x8C79, 0x6BB4,
  0x29EC, 0x0906, 0x08C5, 0x08C5, 0x1106, 0x1106, 0x1126, 0x1947, 0x1947, 0x2167, 0x2167, 0x2188,
  0x2188, 0x2188, 0x2988, 0x2188, 0x29A8, 0x29A8, 0x29A8, 0x29A8, 0x29A8, 0x31C8, 0x31E9, 0x3A09,
  0x3A2A, 0x3A2A, 0x3A2A, 0x3A2A, 0x424A, 0x3A2A, 0x3A2A, 0x3A2A, 0x320A, 0x31E9, 0x29A9, 0x2188,
  0x2189, 0x1169, 0x0908, 0x0907, 0x08E7, 0x0907, 0x1128, 0x1968, 0x1968, 0x1968, 0x1927, 0x1106,
  0x1988, 0x226F, 0x2B97, 0x3C9D, 0x3C5B, 0x22B1, 0x08E5, 0x0000, 0x0000, 0x0000, 0x0000, 0x0000,
  0x0000, 0x0000, 0x0000, 0x0000, 0x0000, 0x0000, 0x0000, 0x0000, 0x0000, 0x0000, 0x0000, 0x0000,
  0x0000, 0x0000, 0x0000, 0x0000, 0x0000, 0x0000, 0x0000, 0x0000, 0x0000, 0x0000, 0x0000, 0x0000,
  0x0000, 0x0000, 0x0000, 0x0000, 0x0000, 0x0000, 0x0000, 0x0000, 0x0000, 0x0000, 0x0000, 0x0000,
  0x0000, 0x0000, 0x0000, 0x0000, 0x0000, 0x0000, 0x0000, 0x0000, 0x0000, 0x0000, 0x0000, 0x0000,
  0x0000, 0x0000, 0x0000, 0x0000, 0x0000, 0x0000, 0x0000, 0x0000, 0x0000, 0x0000, 0x0000, 0x0000,
  0x0000, 0x0000, 0x0000, 0x0000, 0x0000, 0x0000, 0x0000, 0x0000, 0x0000, 0x0000, 0x0000, 0x0000,
  0x0000, 0x0000, 0x0000, 0x0000, 0x0000, 0x0000, 0x0000, 0x0000, 0x0000, 0x0000, 0x0000, 0x0000,
  0x0000, 0x0000, 0x0000, 0x0000, 0x0000, 0x0000, 0x0000, 0x0000, 0x0000, 0x0000, 0x0000, 0x0000,
  0x0000, 0x0000, 0x0000, 0x0000, 0x0000, 0x0000, 0x0000, 0x0000, 0x0000, 0x0000, 0x0000, 0x0000,
  0x0000, 0x0000, 0x0000, 0x0000, 0x0000, 0x0000, 0x0000, 0x0000, 0x0000, 0x0000, 0x0000, 0x0000,
  0x0000, 0x0000, 0x0000, 0x0000, 0x0000, 0x0000, 0x0000, 0x0000, 0x0000, 0x0000, 0x0000, 0x0000,
  0x0000, 0x0000, 0x0000, 0x0000, 0x0000, 0x0000, 0x0000, 0x0000, 0x0000, 0x0000, 0x0000, 0x0000,
  0x0000, 0x0000, 0x0000, 0x08A4, 0x1A4E, 0x2C19, 0x44FF, 0x4CFE, 0x64BB, 0x9518, 0xBD98, 0xCE1B,
  0xD65D, 0xC5FD, 0xAD5A, 0x7C14, 0x4A8D, 0x2167, 0x1906, 0x1906, 0x1926, 0x31EA, 0x6B72, 0x7BF5,
  0x5311, 0x322B, 0x1947, 0x1105, 0x1106, 0x1968, 0x3A2D, 0x5B32, 0x8C79, 0xA51C, 0x94BA, 0x6372,
  0x29CA, 0x1126, 0x1126, 0x1927, 0x1947, 0x1927, 0x1927, 0x1106, 0x08E6, 0x08E6, 0x08C6, 0x00C6,
  0x00C6, 0x00C6, 0x0906, 0x1127, 0x1947, 0x1968, 0x2188, 0x29A8, 0x31C9, 0x31E9, 0x31E9, 0x3A0A,
  0x3A2A, 0x3A2A, 0x3A2A, 0x3A2A, 0x3A2A, 0x3A2A, 0x3A2A, 0x3A0A, 0x320A, 0x31E9, 0x29A9, 0x2188,
  0x1948, 0x1107, 0x0084, 0x0064, 0x08E7, 0x1968, 0x29A8, 0x2987, 0x2987, 0x29C9, 0x2A8F, 0x3376,
  0x3C7C, 0x3C9D, 0x2B75, 0x118A, 0x0021, 0x0000, 0x0000, 0x0000, 0x0000, 0x0000, 0x0000, 0x0000,
  0x0000, 0x0000, 0x0000, 0x0000, 0x0000, 0x0000, 0x0000, 0x0000, 0x0000, 0x0000, 0x0000, 0x0000,
  0x0000, 0x0000, 0x0000, 0x0000, 0x0000, 0x0000, 0x0000, 0x0000, 0x0000, 0x0000, 0x0000, 0x0000,
  0x0000, 0x0000, 0x0000, 0x0000, 0x0000, 0x0000, 0x0000, 0x0000, 0x0000, 0x0000, 0x0000, 0x0000,
  0x0000, 0x0000, 0x0000, 0x0000, 0x0000, 0x0000, 0x0000, 0x0000, 0x0000, 0x0000, 0x0000, 0x0000,
  0x0000, 0x0000, 0x0000, 0x0000, 0x0000, 0x0000, 0x0000, 0x0000, 0x0000, 0x0000, 0x0000, 0x0000,
  0x0000, 0x0000, 0x0000, 0x0000, 0x0000, 0x0000, 0x0000, 0x0000, 0x0000, 0x0000, 0x0000, 0x0000,
  0x0000, 0x0000, 0x0000, 0x0000, 0x0000, 0x0000, 0x0000, 0x0000, 0x0000, 0x0000, 0x0000, 0x0000,
  0x0000, 0x0000, 0x0000, 0x0000, 0x0000, 0x0000, 0x0000, 0x0000, 0x0000, 0x0000, 0x0000, 0x0000,
  0x0000, 0x0000, 0x0000, 0x0000, 0x0000, 0x0000, 0x0000, 0x0000, 0x0000, 0x0000, 0x0000, 0x0000,
  0x0000, 0x0000, 0x0000, 0x0000, 0x0000, 0x0000, 0x0000, 0x0000, 0x0000, 0x0000, 0x0000, 0x0000,
  0x0000, 0x0000, 0x0000, 0x0000, 0x0000, 0x0000, 0x0000, 0x0000, 0x0000, 0x0000, 0x0000, 0x0000,
  0x0000, 0x0000, 0x0000, 0x0000, 0x0000, 0x0000, 0x0000, 0x0000, 0x0000, 0x0000, 0x0000, 0x0000,
  0x0000, 0x0000, 0x0000, 0x0000, 0x0000, 0x0000, 0x0906, 0x22B1, 0x2C19, 0x3CDE, 0x657F, 0x8DFF,
  0xBE5E, 0xDE9D, 0xD65C, 0xAD17, 0x83F2, 0x5AEE, 0x3A2A, 0x2987, 0x2987, 0x31C9, 0x5AEF, 0x8436,
  0x8436, 0x6351, 0x424B, 0x2987, 0x31C8, 0x52CE, 0x7BF4, 0x94BA, 0xAD5C, 0xAD3D, 0x8417, 0x52EF,
  0x29A9, 0x1946, 0x1926, 0x1947, 0x1968, 0x1948, 0x1106, 0x1106, 0x1127, 0x2167, 0x2188, 0x29A8,
  0x31C9, 0x31C9, 0x31E9, 0x3A09, 0x3A0A, 0x3A0A, 0x3A0A, 0x3A09, 0x39E9, 0x39E9, 0x31E9, 0x31C9,
  0x29A8, 0x29A8, 0x2168, 0x1967, 0x1947, 0x1127, 0x08E7, 0x00C6, 0x00A6, 0x0086, 0x0066, 0x0066,
  0x0045, 0x0002, 0x0022, 0x0064, 0x08A5, 0x10E6, 0x19AA, 0x2AB0, 0x3BF8, 0x44BD, 0x44BD, 0x33B6,
  0x19EC, 0x0083, 0x0000, 0x0000, 0x0000, 0x0000, 0x0000, 0x0000, 0x0000, 0x0000, 0x0000, 0x0000,
  0x0000, 0x0000, 0x0000, 0x0000, 0x0000, 0x0000, 0x0000, 0x0000, 0x0000, 0x0000, 0x0000, 0x0000,
  0x0000, 0x0000, 0x0000, 0x0000, 0x0000, 0x0000, 0x0000, 0x0000, 0x0000, 0x0000, 0x0000, 0x0000,
  0x0000, 0x0000, 0x0000, 0x0000, 0x0000, 0x0000, 0x0000, 0x0000, 0x0000, 0x0000, 0x0000, 0x0000,
  0x0000, 0x0000, 0x0000, 0x0000, 0x0000, 0x0000, 0x0000, 0x0000, 0x0000, 0x0000, 0x0000, 0x0000,
  0x0000, 0x0000, 0x0000, 0x0000, 0x0000, 0x0000, 0x0000, 0x0000, 0x0000, 0x0000, 0x0000, 0x0000,
  0x0000, 0x0000, 0x0000, 0x0000, 0x0000, 0x0000, 0x0000, 0x0000, 0x0000, 0x0000, 0x0000, 0x0000,
  0x0000, 0x0000, 0x0000, 0x0000, 0x0000, 0x0000, 0x0000, 0x0000, 0x0000, 0x0000, 0x0000, 0x0000,
  0x0000, 0x0000, 0x0000, 0x0000, 0x0000, 0x0000, 0x0000, 0x0000, 0x0000, 0x0000, 0x0000, 0x0000,
  0x0000, 0x0000, 0x0000, 0x0000, 0x0000, 0x0000, 0x0000, 0x0000, 0x0000, 0x0000, 0x0000, 0x0000,
  0x0000, 0x0000, 0x0000, 0x0000, 0x0000, 0x0000, 0x0000, 0x0000, 0x0000, 0x0000, 0x0000, 0x0000,
  0x0000, 0x0000, 0x0000, 0x0000, 0x0000, 0x0000, 0x0000, 0x0000, 0x0000, 0x0000, 0x0000, 0x0000,
  0x0000, 0x0000, 0x0000, 0x0000, 0x0000, 0x0000, 0x0000, 0x0000, 0x0000, 0x0000, 0x0000, 0x0000,
  0x0000, 0x0000, 0x0000, 0x0000, 0x0000, 0x0000, 0x0000, 0x0000, 0x0020, 0x0907, 0x1250, 0x2398,
  0x3CBD, 0x5D7F, 0x7DDF, 0x95BE, 0xA57A, 0x9495, 0x5B0F, 0x2989, 0x10C5, 0x10E5, 0x320B, 0x6BB4,
  0x8C78, 0x73B4, 0x426E, 0x1968, 0x29A9, 0x6331, 0x9C9A, 0xB55C, 0xB57D, 0xA4FB, 0x6373, 0x320B,
  0x29A9, 0x320A, 0x426C, 0x4A8D, 0x52CD, 0x426C, 0x21A9, 0x1127, 0x1127, 0x2168, 0x21A8, 0x29A8,
  0x31C9, 0x31E9, 0x39E9, 0x3A09, 0x3A09, 0x3A09, 0x3A0A, 0x3A09, 0x31E9, 0x31E9, 0x31C9, 0x29A8,
  0x29A8, 0x2188, 0x2168, 0x1968, 0x1968, 0x1968, 0x1968, 0x1968, 0x1968, 0x1968, 0x1947, 0x1106,
  0x08C6, 0x00A5, 0x00A6, 0x116A, 0x22B1, 0x33F9, 0x3C9D, 0x3C7C, 0x2B55, 0x11CB, 0x0083, 0x0000,
  0x0000, 0x0000, 0x0000, 0x0000, 0x0000, 0x0000, 0x0000, 0x0000, 0x0000, 0x0000, 0x0000, 0x0000,
  0x0000, 0x0000, 0x0000, 0x0000, 0x0000, 0x0000, 0x0000, 0x0000, 0x0000, 0x0000, 0x0000, 0x0000,
  0x0000, 0x0000, 0x0000, 0x0000, 0x0000, 0x0000, 0x0000, 0x0000, 0x0000, 0x0000, 0x0000, 0x0000,
  0x0000, 0x0000, 0x0000, 0x0000, 0x0000, 0x0000, 0x0000, 0x0000, 0x0000, 0x0000, 0x0000, 0x0000,
  0x0000, 0x0000, 0x0000, 0x0000, 0x0000, 0x0000, 0x0000, 0x0000, 0x0000, 0x0000, 0x0000, 0x0000,
  0x0000, 0x0000, 0x0000, 0x0000, 0x0000, 0x0000, 0x0000, 0x0000, 0x0000, 0x0000, 0x0000, 0x0000,
  0x0000, 0x0000, 0x0000, 0x0000, 0x0000, 0x0000, 0x0000, 0x0000, 0x0000, 0x0000, 0x0000, 0x0000,
  0x0000, 0x0000, 0x0000, 0x0000, 0x0000, 0x0000, 0x0000, 0x0000, 0x0000, 0x0000, 0x0000, 0x0000,
  0x0000, 0x0000, 0x0000, 0x0000, 0x0000, 0x0000, 0x0000, 0x0000, 0x0000, 0x0000, 0x0000, 0x0000,
  0x0000, 0x0000, 0x0000, 0x0000, 0x0000, 0x0000, 0x0000, 0x0000, 0x0000, 0x0000, 0x0000, 0x0000,
  0x0000, 0x0000, 0x0000, 0x0000, 0x0000, 0x0000, 0x0000, 0x0000, 0x0000, 0x0000, 0x0000, 0x0000,
  0x0000, 0x0000, 0x0000, 0x0000, 0x0000, 0x0000, 0x0000, 0x0000, 0x0000, 0x0000, 0x0000, 0x0000,
  0x0000, 0x0000, 0x0000, 0x0000, 0x0000, 0x0000, 0x0000, 0x0000, 0x0000, 0x0000, 0x0000, 0x0000,
  0x0000, 0x0000, 0x0000, 0x0000, 0x0000, 0x0000, 0x0000, 0x0000, 0x0000, 0x0000, 0x0000, 0x0000,
  0x08E5, 0x120D, 0x1B35, 0x2C1B, 0x3CDF, 0x553F, 0x54BB, 0x4374, 0x21CB, 0x1926, 0x39EA, 0x7371,
  0x9CB7, 0x8C56, 0x52D0, 0x3A2C, 0x4A8E, 0x8437, 0xAD3C, 0xB55C, 0xB55D, 0x9499, 0x6B73, 0x3A4D,
  0x3A2C, 0x5B31, 0x6BB3, 0x6372, 0x52F0, 0x3A2C, 0x2189, 0x1127, 0x0907, 0x0906, 0x08E6, 0x08C6,
  0x08C6, 0x08E6, 0x08E6, 0x10E6, 0x1106, 0x1127, 0x1947, 0x1947, 0x1968, 0x2188, 0x2188, 0x29A8,
  0x29C9, 0x31E9, 0x3209, 0x3A0A, 0x3A2A, 0x3A09, 0x3A09, 0x39E8, 0x39E8, 0x3A09, 0x428C, 0x3B10,
  0x3BB5, 0x3C3A, 0x3CBD, 0x44DD, 0x3C19, 0x22D1, 0x1168, 0x0041, 0x0000, 0x0000, 0x0000, 0x0000,
  0x0000, 0x0000, 0x0000, 0x0000, 0x0000, 0x0000, 0x0000, 0x0000, 0x0000, 0x0000, 0x0000, 0x0000,
  0x0000, 0x0000, 0x0000, 0x0000, 0x0000, 0x0000, 0x0000, 0x0000, 0x0000, 0x0000, 0x0000, 0x0000,
  0x0000, 0x0000, 0x0000, 0x0000, 0x0000, 0x0000, 0x0000, 0x0000, 0x0000, 0x0000, 0x0000, 0x0000,
  0x0000, 0x0000, 0x0000, 0x0000, 0x0000, 0x0000, 0x0000, 0x0000, 0x0000, 0x0000, 0x0000, 0x0000,
  0x0000, 0x0000, 0x0000, 0x0000, 0x0000, 0x0000, 0x0000, 0x0000, 0x0000, 0x0000, 0x0000, 0x0000,
  0x0000, 0x0000, 0x0000, 0x0000, 0x0000, 0x0000, 0x0000, 0x0000, 0x0000, 0x0000, 0x0000, 0x0000,
  0x0000, 0x0000, 0x0000, 0x0000, 0x0000, 0x0000, 0x0000, 0x0000, 0x0000, 0x0000, 0x0000, 0x0000,
  0x0000, 0x0000, 0x0000, 0x0000, 0x0000, 0x0000, 0x0000, 0x0000, 0x0000, 0x0000, 0x0000, 0x0000,
  0x0000, 0x0000, 0x0000, 0x0000, 0x0000, 0x0000, 0x0000, 0x0000, 0x0000, 0x0000, 0x0000, 0x0000,
  0x0000, 0x0000, 0x0000, 0x0000, 0x0000, 0x0000, 0x0000, 0x0000, 0x0000, 0x0000, 0x0000, 0x0000,
  0x0000, 0x0000, 0x0000, 0x0000, 0x0000, 0x0000, 0x0000, 0x0000, 0x0000, 0x0000, 0x0000, 0x0000,
  0x0000, 0x0000, 0x0000, 0x0000, 0x0000, 0x0000, 0x0000, 0x0000, 0x0000, 0x0000, 0x0000, 0x0000,
  0x0000, 0x0000, 0x0000, 0x0000, 0x0000, 0x0000, 0x0000, 0x0000, 0x0000, 0x0000, 0x0000, 0x0000,
  0x0000, 0x0000, 0x0000, 0x0000, 0x0000, 0x0000, 0x0000, 0x0000, 0x0000, 0x0000, 0x0000, 0x0000,
  0x0000, 0x0000, 0x0000, 0x0042, 0x0927, 0x1A2E, 0x2355, 0x347B, 0x3CDE, 0x3CBD, 0x445A, 0x5C7A,
  0x74BA, 0x7C79, 0x6BB4, 0x73B3, 0x8C35, 0xBD5B, 0xC59C, 0xC59C, 0xBD5C, 0x9CBA, 0x8437, 0x73B3,
  0x7BF5, 0x9CD9, 0x94B8, 0x73D3, 0x52CE, 0x3A2B, 0x29C9, 0x29A8, 0x2188, 0x2188, 0x2168, 0x1947,
  0x1127, 0x0907, 0x08E6, 0x00E6, 0x00E6, 0x00C6, 0x00C6, 0x00C6, 0x00C6, 0x00A5, 0x00A5, 0x00A4,
  0x00A4, 0x08A4, 0x08C5, 0x1126, 0x1988, 0x220B, 0x328F, 0x3353, 0x3C18, 0x449C, 0x3CBD, 0x3C7C,
  0x2BB7, 0x22B0, 0x1189, 0x0083, 0x0000, 0x0000, 0x0000, 0x0000, 0x0000, 0x0000, 0x0000, 0x0000,
  0x0000, 0x0000, 0x0000, 0x0000, 0x0000, 0x0000, 0x0000, 0x0000, 0x0000, 0x0000, 0x0000, 0x0000,
  0x0000, 0x0000, 0x0000, 0x0000, 0x0000, 0x0000, 0x0000, 0x0000, 0x0000, 0x0000, 0x0000, 0x0000,
  0x0000, 0x0000, 0x0000, 0x0000, 0x0000, 0x0000, 0x0000, 0x0000, 0x0000, 0x0000, 0x0000, 0x0000,
  0x0000, 0x0000, 0x0000, 0x0000, 0x0000, 0x0000, 0x0000, 0x0000, 0x0000, 0x0000, 0x0000, 0x0000,
  0x0000, 0x0000, 0x0000, 0x0000, 0x0000, 0x0000, 0x0000, 0x0000, 0x0000, 0x0000, 0x0000, 0x0000,
  0x0000, 0x0000, 0x0000, 0x0000, 0x0000, 0x0000, 0x0000, 0x0000, 0x0000, 0x0000, 0x0000, 0x0000,
  0x0000, 0x0000, 0x0000, 0x0000, 0x0000, 0x0000, 0x0000, 0x0000, 0x0000, 0x0000, 0x0000, 0x0000,
  0x0000, 0x0000, 0x0000, 0x0000, 0x0000, 0x0000, 0x0000, 0x0000, 0x0000, 0x0000, 0x0000, 0x0000,
  0x0000, 0x0000, 0x0000, 0x0000, 0x0000, 0x0000, 0x0000, 0x0000, 0x0000, 0x0000, 0x0000, 0x0000,
  0x0000, 0x0000, 0x0000, 0x0000, 0x0000, 0x0000, 0x0000, 0x0000, 0x0000, 0x0000, 0x0000, 0x0000,
  0x0000, 0x0000, 0x0000, 0x0000, 0x0000, 0x0000, 0x0000, 0x0000, 0x0000, 0x0000, 0x0000, 0x0000,
  0x0000, 0x0000, 0x0000, 0x0000, 0x0000, 0x0000, 0x0000, 0x0000, 0x0000, 0x0000, 0x0000, 0x0000,
  0x0000, 0x0000, 0x0000, 0x0000, 0x0000, 0x0000, 0x0000, 0x0000, 0x0000, 0x0000, 0x0000, 0x0000,
  0x0000, 0x0000, 0x0000, 0x0000, 0x0000, 0x0000, 0x0000, 0x0000, 0x0000, 0x0000, 0x0000, 0x0000,
  0x0000, 0x0000, 0x0000, 0x0000, 0x0000, 0x0000, 0x0000, 0x0021, 0x08E6, 0x11EC, 0x22D2, 0x2B97,
  0x345B, 0x3CBE, 0x44FF, 0x4D3F, 0x655F, 0x757F, 0x857E, 0x957D, 0x9D5D, 0x9D1C, 0x8C7A, 0x9479,
  0x9CDA, 0x8416, 0x630F, 0x4A4B, 0x3187, 0x2925, 0x2946, 0x2966, 0x2966, 0x2966, 0x2966, 0x2967,
  0x2967, 0x2146, 0x1926, 0x1926, 0x1106, 0x08E6, 0x08E6, 0x0907, 0x0928, 0x0949, 0x118B, 0x120D,
  0x1A90, 0x2314, 0x2BB7, 0x343A, 0x3C9D, 0x3CBD, 0x3C7C, 0x33D8, 0x22F3, 0x1A0D, 0x0907, 0x0041,
  0x0000, 0x0000, 0x0000, 0x0000, 0x0000, 0x0000, 0x0000, 0x0000, 0x0000, 0x0000, 0x0000, 0x0000,
  0x0000, 0x0000, 0x0000, 0x0000, 0x0000, 0x0000, 0x0000, 0x0000, 0x0000, 0x0000, 0x0000, 0x0000,
  0x0000, 0x0000, 0x0000, 0x0000, 0x0000, 0x0000, 0x0000, 0x0000, 0x0000, 0x0000, 0x0000, 0x0000,
  0x0000, 0x0000, 0x0000, 0x0000, 0x0000, 0x0000, 0x0000, 0x0000, 0x0000, 0x0000, 0x0000, 0x0000,
  0x0000, 0x0000, 0x0000, 0x0000, 0x0000, 0x0000, 0x0000, 0x0000, 0x0000, 0x0000, 0x0000, 0x0000,
  0x0000, 0x0000, 0x0000, 0x0000, 0x0000, 0x0000, 0x0000, 0x0000, 0x0000, 0x0000, 0x0000, 0x0000,
  0x0000, 0x0000, 0x0000, 0x0000, 0x0000, 0x0000, 0x0000, 0x0000, 0x0000, 0x0000, 0x0000, 0x0000,
  0x0000, 0x0000, 0x0000, 0x0000, 0x0000, 0x0000, 0x0000, 0x0000, 0x0000, 0x0000, 0x0000, 0x0000,
  0x0000, 0x0000, 0x0000, 0x0000, 0x0000, 0x0000, 0x0000, 0x0000, 0x0000, 0x0000, 0x0000, 0x0000,
  0x0000, 0x0000, 0x0000, 0x0000, 0x0000, 0x0000, 0x0000, 0x0000, 0x0000, 0x0000, 0x0000, 0x0000,
  0x0000, 0x0000, 0x0000, 0x0000, 0x0000, 0x0000, 0x0000, 0x0000, 0x0000, 0x0000, 0x0000, 0x0000,
  0x0000, 0x0000, 0x0000, 0x0000, 0x0000, 0x0000, 0x0000, 0x0000, 0x0000, 0x0000, 0x0000, 0x0000,
  0x0000, 0x0000, 0x0000, 0x0000, 0x0000, 0x0000, 0x0000, 0x0000, 0x0000, 0x0000, 0x0000, 0x0000,
  0x0000, 0x0000, 0x0000, 0x0000, 0x0000, 0x0000, 0x0000, 0x0000, 0x0000, 0x0000, 0x0000, 0x0000,
  0x0000, 0x0000, 0x0000, 0x0000, 0x0000, 0x0000, 0x0000, 0x0000, 0x0000, 0x0000, 0x0000, 0x0000,
  0x0000, 0x0000, 0x0000, 0x0000, 0x0000, 0x0000, 0x0000, 0x0000, 0x0000, 0x0000, 0x0000, 0x0000,
  0x0041, 0x08E5, 0x118A, 0x1A4E, 0x22F3, 0x2396, 0x2BF9, 0x2C3B, 0x34BD, 0x44FE, 0x44FF, 0x4CFF,
  0x4CFF, 0x449D, 0x3C3A, 0x33D8, 0x33B6, 0x3375, 0x3374, 0x3375, 0x3B74, 0x3B74, 0x3B75, 0x3B95,
  0x3B95, 0x3BB6, 0x3BD7, 0x3C18, 0x3C19, 0x3C3A, 0x3C5B, 0x3CBD, 0x44DE, 0x44DE, 0x3CDE, 0x3CBD,
  0x3C5B, 0x2BB7, 0x2313, 0x224F, 0x11AA, 0x08E5, 0x0041, 0x0000, 0x0000, 0x0000, 0x0000, 0x0000,
  0x0000, 0x0000, 0x0000, 0x0000, 0x0000, 0x0000, 0x0000, 0x0000, 0x0000, 0x0000, 0x0000, 0x0000,
  0x0000, 0x0000, 0x0000, 0x0000, 0x0000, 0x0000, 0x0000, 0x0000, 0x0000, 0x0000, 0x0000, 0x0000,
  0x0000, 0x0000, 0x0000, 0x0000, 0x0000, 0x0000, 0x0000, 0x0000, 0x0000, 0x0000, 0x0000, 0x0000,
  0x0000, 0x0000, 0x0000, 0x0000, 0x0000, 0x0000, 0x0000, 0x0000, 0x0000, 0x0000, 0x0000, 0x0000,
  0x0000, 0x0000, 0x0000, 0x0000, 0x0000, 0x0000, 0x0000, 0x0000, 0x0000, 0x0000, 0x0000, 0x0000,
  0x0000, 0x0000, 0x0000, 0x0000, 0x0000, 0x0000, 0x0000, 0x0000, 0x0000, 0x0000, 0x0000, 0x0000,
  0x0000, 0x0000, 0x0000, 0x0000, 0x0000, 0x0000, 0x0000, 0x0000, 0x0000, 0x0000, 0x0000, 0x0000,
  0x0000, 0x0000, 0x0000, 0x0000, 0x0000, 0x0000, 0x0000, 0x0000, 0x0000, 0x0000, 0x0000, 0x0000,
  0x0000, 0x0000, 0x0000, 0x0000, 0x0000, 0x0000, 0x0000, 0x0000, 0x0000, 0x0000, 0x0000, 0x0000,
  0x0000, 0x0000, 0x0000, 0x0000, 0x0000, 0x0000, 0x0000, 0x0000, 0x0000, 0x0000, 0x0000, 0x0000,
  0x0000, 0x0000, 0x0000, 0x0000, 0x0000, 0x0000, 0x0000, 0x0000, 0x0000, 0x0000, 0x0000, 0x0000,
  0x0000, 0x0000, 0x0000, 0x0000, 0x0000, 0x0000, 0x0000, 0x0000, 0x0000, 0x0000, 0x0000, 0x0000,
  0x0000, 0x0000, 0x0000, 0x0000, 0x0000, 0x0000, 0x0000, 0x0000, 0x0000, 0x0000, 0x0000, 0x0000,
  0x0000, 0x0000, 0x0000, 0x0000, 0x0000, 0x0000, 0x0000, 0x0000, 0x0000, 0x0000, 0x0000, 0x0000,
  0x0000, 0x0000, 0x0000, 0x0000, 0x0000, 0x0000, 0x0000, 0x0000, 0x0000, 0x0000, 0x0000, 0x0000,
  0x0000, 0x0000, 0x0000, 0x0000, 0x0000, 0x0000, 0x0000, 0x0000, 0x0000, 0x0000, 0x0000, 0x0000,
  0x0000, 0x0000, 0x0000, 0x0000, 0x0000, 0x0000, 0x0000, 0x0062, 0x08C4, 0x0927, 0x1169, 0x11CB,
  0x122E, 0x1AB1, 0x2313, 0x2B54, 0x2B76, 0x2BB7, 0x2BD8, 0x2BD8, 0x33F9, 0x33F9, 0x33F9, 0x33F9,
  0x33F9, 0x2BB7, 0x2B96, 0x2B75, 0x2B34, 0x22F2, 0x228F, 0x1A2D, 0x11AA, 0x1147, 0x08C5, 0x0042,
  0x0000, 0x0000, 0x0000, 0x0000, 0x0000, 0x0000, 0x0000, 0x0000, 0x0000, 0x0000, 0x0000, 0x0000,
  0x0000, 0x0000, 0x0000, 0x0000, 0x0000, 0x0000, 0x0000, 0x0000, 0x0000, 0x0000, 0x0000, 0x0000,
  0x0000, 0x0000, 0x0000, 0x0000, 0x0000, 0x0000, 0x0000, 0x0000, 0x0000, 0x0000, 0x0000, 0x0000,
  0x0000, 0x0000, 0x0000, 0x0000, 0x0000, 0x0000, 0x0000, 0x0000, 0x0000, 0x0000, 0x0000, 0x0000,
  0x0000, 0x0000, 0x0000, 0x0000, 0x0000, 0x0000, 0x0000, 0x0000, 0x0000, 0x0000, 0x0000, 0x0000,
  0x0000, 0x0000, 0x0000, 0x0000, 0x0000, 0x0000, 0x0000, 0x0000, 0x0000, 0x0000, 0x0000, 0x0000,
  0x0000, 0x0000, 0x0000, 0x0000, 0x0000, 0x0000, 0x0000, 0x0000, 0x0000, 0x0000, 0x0000, 0x0000,
  0x0000, 0x0000, 0x0000, 0x0000, 0x0000, 0x0000, 0x0000, 0x0000, 0x0000, 0x0000, 0x0000, 0x0000,
  0x0000, 0x0000, 0x0000, 0x0000, 0x0000, 0x0000, 0x0000, 0x0000, 0x0000, 0x0000, 0x0000, 0x0000,
  0x0000, 0x0000, 0x0000, 0x0000, 0x0000, 0x0000, 0x0000, 0x0000, 0x0000, 0x0000, 0x0000, 0x0000,
  0x0000, 0x0000, 0x0000, 0x0000, 0x0000, 0x0000, 0x0000, 0x0000, 0x0000, 0x0000, 0x0000, 0x0000,
  0x0000, 0x0000, 0x0000, 0x0000, 0x0000, 0x0000, 0x0000, 0x0000, 0x0000, 0x0000, 0x0000, 0x0000,
  0x0000, 0x0000, 0x0000, 0x0000, 0x0000, 0x0000, 0x0000, 0x0000, 0x0000, 0x0000, 0x0000, 0x0000,
  0x0000, 0x0000, 0x0000, 0x0000, 0x0000, 0x0000, 0x0000, 0x0000, 0x0000, 0x0000, 0x0000, 0x0000,
  0x0000, 0x0000, 0x0000, 0x0000, 0x0000, 0x0000, 0x0000, 0x0000, 0x0000, 0x0000, 0x0000, 0x0000,
  0x0000, 0x0000, 0x0000, 0x0000, 0x0000, 0x0000, 0x0000, 0x0000, 0x0000, 0x0000, 0x0000, 0x0000,
  0x0000, 0x0000, 0x0000, 0x0000, 0x0000, 0x0000, 0x0000, 0x0000, 0x0000, 0x0000, 0x0000, 0x0000,
  0x0000, 0x0000, 0x0000, 0x0020, 0x0000, 0x0000, 0x0000, 0x0000, 0x0000, 0x0000, 0x0000, 0x0000,
  0x0000, 0x0000, 0x0000, 0x0000, 0x0000, 0x0000, 0x0000, 0x0000, 0x0000, 0x0000, 0x0000, 0x0000,
  0x0000, 0x0000, 0x0000, 0x0000, 0x0000, 0x0000, 0x0000, 0x0000, 0x0000, 0x0000, 0x0000, 0x0000,
  0x0000, 0x0000, 0x0000, 0x0000, 0x0000, 0x0000, 0x0000, 0x0000, 0x0000, 0x0000, 0x0000, 0x0000,
  0x0000, 0x0000, 0x0000, 0x0000, 0x0000, 0x0000, 0x0000, 0x0000, 0x0000, 0x0000, 0x0000, 0x0000,
  0x0000, 0x0000, 0x0000, 0x0000, 0x0000, 0x0000, 0x0000, 0x0000, 0x0000, 0x0000, 0x0000, 0x0000,
  0x0000, 0x0000, 0x0000, 0x0000, 0x0000, 0x0000, 0x0000, 0x0000, 0x0000, 0x0000, 0x0000, 0x0000,
  0x0000, 0x0000, 0x0000, 0x0000, 0x0000, 0x0000, 0x0000, 0x0000, 0x0000, 0x0000, 0x0000, 0x0000,
  0x0000, 0x0000, 0x0000, 0x0000, 0x0000, 0x0000, 0x0000, 0x0000, 0x0000, 0x0000, 0x0000, 0x0000,
  0x0000, 0x0000, 0x0000, 0x0000, 0x0000, 0x0000, 0x0000, 0x0000, 0x0000, 0x0000, 0x0000, 0x0000,
  0x0000, 0x0000, 0x0000, 0x0000, 0x0000, 0x0000, 0x0000, 0x0000, 0x0000, 0x0000, 0x0000, 0x0000,
  0x0000, 0x0000, 0x0000, 0x0000, 0x0000, 0x0000, 0x0000, 0x0000, 0x0000, 0x0000, 0x0000, 0x0000,
  0x0000, 0x0000, 0x0000, 0x0000, 0x0000, 0x0000, 0x0000, 0x0000, 0x0000, 0x0000, 0x0000, 0x0000,
  0x0000, 0x0000, 0x0000, 0x0000, 0x0000, 0x0000, 0x0000, 0x0000, 0x0000, 0x0000, 0x0000, 0x0000,
  0x0000, 0x0000, 0x0000, 0x0000, 0x0000, 0x0000, 0x0000, 0x0000, 0x0000, 0x0000, 0x0000, 0x0000,
  0x0000, 0x0000, 0x0000, 0x0000, 0x0000, 0x0000, 0x0000, 0x0000, 0x0000, 0x0000, 0x0000, 0x0000,
  0x0000, 0x0000, 0x0000, 0x0000, 0x0000, 0x0000, 0x0000, 0x0000, 0x0000, 0x0000, 0x0000, 0x0000,
  0x0000, 0x0000, 0x0000, 0x0000, 0x0000, 0x0000, 0x0000, 0x0000, 0x0000, 0x0000, 0x0000, 0x0000,
  0x0000, 0x0000, 0x0000, 0x0000, 0x0000, 0x0000, 0x0000, 0x0000, 0x0000, 0x0000, 0x0000, 0x0000,
  0x0000, 0x0000, 0x0000, 0x0000, 0x0000, 0x0000, 0x0000, 0x0000, 0x0000, 0x0000, 0x0000, 0x0000,
  0x0000, 0x0000, 0x0000, 0x0000, 0x0000, 0x0000, 0x0000, 0x0000, 0x0000, 0x0000, 0x0000, 0x0000,
  0x0020, 0x0000, 0x0000, 0x0000, 0x0000, 0x0000, 0x0000, 0x0000, 0x0000, 0x0000, 0x0000, 0x0000,
  0x0000, 0x0000, 0x0000, 0x0000, 0x0000, 0x0000, 0x0000, 0x0000, 0x0000, 0x0000, 0x0000, 0x0000,
  0x0000, 0x0000, 0x0000, 0x0000, 0x0000, 0x0000, 0x0000, 0x0000, 0x0000, 0x0000, 0x0000, 0x0000,
  0x0000, 0x0000, 0x0000, 0x0000, 0x0000, 0x0000, 0x0000, 0x0000, 0x0000, 0x0000, 0x0000, 0x0000,
  0x0000, 0x0000, 0x0000, 0x0000, 0x0000, 0x0000, 0x0000, 0x0000, 0x0000, 0x0000, 0x0000, 0x0000,
  0x0000, 0x0000, 0x0000, 0x0000, 0x0000, 0x0000, 0x0000, 0x0000, 0x0000, 0x0000, 0x0000, 0x0000,
  0x0000, 0x0000, 0x0000, 0x0000, 0x0000, 0x0000, 0x0000, 0x0000, 0x0000, 0x0000, 0x0000, 0x0000,
  0x0000, 0x0000, 0x0000, 0x0000, 0x0000, 0x0000, 0x0000, 0x0000, 0x0000, 0x0000, 0x0000, 0x0000,
  0x0000, 0x0000, 0x0000, 0x0000, 0x0000, 0x0000, 0x0000, 0x0000, 0x0000, 0x0000, 0x0000, 0x0000,
  0x0000, 0x0000, 0x0000, 0x0000, 0x0000, 0x0000, 0x0000, 0x0000, 0x0000, 0x0000, 0x0000, 0x0000,
  0x0000, 0x0000, 0x0000, 0x0000, 0x0000, 0x0000, 0x0000, 0x0000, 0x0000, 0x0000, 0x0000, 0x0000,


};

#endif // DRINKWATER1_H
