const uint8_t font_small[] PROGMEM = { 0x00, 0x00, 0x01, 0x17, 0x00, 0x00, 0x00, 0x0B, 0x00, 0x00, 0x00, 0x0F, 0x00, 0x00, 0x00, 0x00, 
0x00, 0x00, 0x00, 0x0B, 0x00, 0x00, 0x00, 0x03, 0x00, 0x00, 0x00, 0x21, 0x00, 0x00, 0x00, 0x0B, 
0x00, 0x00, 0x00, 0x03, 0x00, 0x00, 0x00, 0x05, 0x00, 0x00, 0x00, 0x0B, 0x00, 0x00, 0x00, 0x01, 
0x00, 0x00, 0x00, 0x00, 0x00, 0x00, 0x00, 0x22, 0x00, 0x00, 0x00, 0x04, 0x00, 0x00, 0x00, 0x07, 
0x00, 0x00, 0x00, 0x08, 0x00, 0x00, 0x00, 0x0B, 0x00, 0x00, 0x00, 0x00, 0x00, 0x00, 0x00, 0x00, 
0x00, 0x00, 0x00, 0x23, 0x00, 0x00, 0x00, 0x0B, 0x00, 0x00, 0x00, 0x09, 0x00, 0x00, 0x00, 0x0A, 
0x00, 0x00, 0x00, 0x0B, 0x00, 0x00, 0x00, 0x00, 0x00, 0x00, 0x00, 0x00, 0x00, 0x00, 0x00, 0x24, 
0x00, 0x00, 0x00, 0x0D, 0x00, 0x00, 0x00, 0x09, 0x00, 0x00, 0x00, 0x0A, 0x00, 0x00, 0x00, 0x0C, 
0x00, 0x00, 0x00, 0x01, 0x00, 0x00, 0x00, 0x00, 0x00, 0x00, 0x00, 0x25, 0x00, 0x00, 0x00, 0x0B, 
0x00, 0x00, 0x00, 0x0D, 0x00, 0x00, 0x00, 0x0F, 0x00, 0x00, 0x00, 0x0B, 0x00, 0x00, 0x00, 0x01, 
0x00, 0x00, 0x00, 0x00, 0x00, 0x00, 0x00, 0x26, 0x00, 0x00, 0x00, 0x0C, 0x00, 0x00, 0x00, 0x0C, 
0x00, 0x00, 0x00, 0x0D, 0x00, 0x00, 0x00, 0x0B, 0x00, 0x00, 0x00, 0x01, 0x00, 0x00, 0x00, 0x00, 
0x00, 0x00, 0x00, 0x27, 0x00, 0x00, 0x00, 0x04, 0x00, 0x00, 0x00, 0x03, 0x00, 0x00, 0x00, 0x04, 
0x00, 0x00, 0x00, 0x0B, 0x00, 0x00, 0x00, 0x00, 0x00, 0x00, 0x00, 0x00, 0x00, 0x00, 0x00, 0x28, 
0x00, 0x00, 0x00, 0x0E, 0x00, 0x00, 0x00, 0x05, 0x00, 0x00, 0x00, 0x06, 0x00, 0x00, 0x00, 0x0B, 
0x00, 0x00, 0x00, 0x01, 0x00, 0x00, 0x00, 0x00, 0x00, 0x00, 0x00, 0x29, 0x00, 0x00, 0x00, 0x0E, 
0x00, 0x00, 0x00, 0x05, 0x00, 0x00, 0x00, 0x06, 0x00, 0x00, 0x00, 0x0B, 0x00, 0x00, 0x00, 0x00, 
0x00, 0x00, 0x00, 0x00, 0x00, 0x00, 0x00, 0x2A, 0x00, 0x00, 0x00, 0x06, 0x00, 0x00, 0x00, 0x06, 
0x00, 0x00, 0x00, 0x08, 0x00, 0x00, 0x00, 0x0B, 0x00, 0x00, 0x00, 0x01, 0x00, 0x00, 0x00, 0x00, 
0x00, 0x00, 0x00, 0x2B, 0x00, 0x00, 0x00, 0x08, 0x00, 0x00, 0x00, 0x08, 0x00, 0x00, 0x00, 0x0A, 
0x00, 0x00, 0x00, 0x09, 0x00, 0x00, 0x00, 0x01, 0x00, 0x00, 0x00, 0x00, 0x00, 0x00, 0x00, 0x2C, 
0x00, 0x00, 0x00, 0x06, 0x00, 0x00, 0x00, 0x03, 0x00, 0x00, 0x00, 0x05, 0x00, 0x00, 0x00, 0x03, 
0x00, 0x00, 0x00, 0x01, 0x00, 0x00, 0x00, 0x00, 0x00, 0x00, 0x00, 0x2D, 0x00, 0x00, 0x00, 0x02, 
0x00, 0x00, 0x00, 0x05, 0x00, 0x00, 0x00, 0x05, 0x00, 0x00, 0x00, 0x05, 0x00, 0x00, 0x00, 0x00, 
0x00, 0x00, 0x00, 0x00, 0x00, 0x00, 0x00, 0x2E, 0x00, 0x00, 0x00, 0x03, 0x00, 0x00, 0x00, 0x03, 
0x00, 0x00, 0x00, 0x05, 0x00, 0x00, 0x00, 0x03, 0x00, 0x00, 0x00, 0x01, 0x00, 0x00, 0x00, 0x00, 
0x00, 0x00, 0x00, 0x2F, 0x00, 0x00, 0x00, 0x0B, 0x00, 0x00, 0x00, 0x04, 0x00, 0x00, 0x00, 0x04, 
0x00, 0x00, 0x00, 0x0B, 0x00, 0x00, 0x00, 0x00, 0x00, 0x00, 0x00, 0x00, 0x00, 0x00, 0x00, 0x30, 
0x00, 0x00, 0x00, 0x0B, 0x00, 0x00, 0x00, 0x07, 0x00, 0x00, 0x00, 0x0A, 0x00, 0x00, 0x00, 0x0B, 
0x00, 0x00, 0x00, 0x01, 0x00, 0x00, 0x00, 0x00, 0x00, 0x00, 0x00, 0x31, 0x00, 0x00, 0x00, 0x0B, 
0x00, 0x00, 0x00, 0x06, 0x00, 0x00, 0x00, 0x0A, 0x00, 0x00, 0x00, 0x0B, 0x00, 0x00, 0x00, 0x01, 
0x00, 0x00, 0x00, 0x00, 0x00, 0x00, 0x00, 0x32, 0x00, 0x00, 0x00, 0x0B, 0x00, 0x00, 0x00, 0x08, 
0x00, 0x00, 0x00, 0x0A, 0x00, 0x00, 0x00, 0x0B, 0x00, 0x00, 0x00, 0x00, 0x00, 0x00, 0x00, 0x00, 
0x00, 0x00, 0x00, 0x33, 0x00, 0x00, 0x00, 0x0B, 0x00, 0x00, 0x00, 0x08, 0x00, 0x00, 0x00, 0x0A, 
0x00, 0x00, 0x00, 0x0B, 0x00, 0x00, 0x00, 0x00, 0x00, 0x00, 0x00, 0x00, 0x00, 0x00, 0x00, 0x34, 
0x00, 0x00, 0x00, 0x0B, 0x00, 0x00, 0x00, 0x09, 0x00, 0x00, 0x00, 0x0A, 0x00, 0x00, 0x00, 0x0B, 
0x00, 0x00, 0x00, 0x00, 0x00, 0x00, 0x00, 0x00, 0x00, 0x00, 0x00, 0x35, 0x00, 0x00, 0x00, 0x0B, 
0x00, 0x00, 0x00, 0x08, 0x00, 0x00, 0x00, 0x0A, 0x00, 0x00, 0x00, 0x0B, 0x00, 0x00, 0x00, 0x00, 
0x00, 0x00, 0x00, 0x00, 0x00, 0x00, 0x00, 0x36, 0x00, 0x00, 0x00, 0x0B, 0x00, 0x00, 0x00, 0x07, 
0x00, 0x00, 0x00, 0x0A, 0x00, 0x00, 0x00, 0x0B, 0x00, 0x00, 0x00, 0x01, 0x00, 0x00, 0x00, 0x00, 
0x00, 0x00, 0x00, 0x37, 0x00, 0x00, 0x00, 0x0B, 0x00, 0x00, 0x00, 0x07, 0x00, 0x00, 0x00, 0x0A, 
0x00, 0x00, 0x00, 0x0B, 0x00, 0x00, 0x00, 0x01, 0x00, 0x00, 0x00, 0x00, 0x00, 0x00, 0x00, 0x38, 
0x00, 0x00, 0x00, 0x0B, 0x00, 0x00, 0x00, 0x07, 0x00, 0x00, 0x00, 0x0A, 0x00, 0x00, 0x00, 0x0B, 
0x00, 0x00, 0x00, 0x01, 0x00, 0x00, 0x00, 0x00, 0x00, 0x00, 0x00, 0x39, 0x00, 0x00, 0x00, 0x0B, 
0x00, 0x00, 0x00, 0x08, 0x00, 0x00, 0x00, 0x0A, 0x00, 0x00, 0x00, 0x0B, 0x00, 0x00, 0x00, 0x00, 
0x00, 0x00, 0x00, 0x00, 0x00, 0x00, 0x00, 0x3A, 0x00, 0x00, 0x00, 0x08, 0x00, 0x00, 0x00, 0x03, 
0x00, 0x00, 0x00, 0x05, 0x00, 0x00, 0x00, 0x08, 0x00, 0x00, 0x00, 0x01, 0x00, 0x00, 0x00, 0x00, 
0x00, 0x00, 0x00, 0x3B, 0x00, 0x00, 0x00, 0x0B, 0x00, 0x00, 0x00, 0x03, 0x00, 0x00, 0x00, 0x05, 
0x00, 0x00, 0x00, 0x08, 0x00, 0x00, 0x00, 0x01, 0x00, 0x00, 0x00, 0x00, 0x00, 0x00, 0x00, 0x3C, 
0x00, 0x00, 0x00, 0x09, 0x00, 0x00, 0x00, 0x07, 0x00, 0x00, 0x00, 0x0A, 0x00, 0x00, 0x00, 0x0A, 
0x00, 0x00, 0x00, 0x01, 0x00, 0x00, 0x00, 0x00, 0x00, 0x00, 0x00, 0x3D, 0x00, 0x00, 0x00, 0x05, 
0x00, 0x00, 0x00, 0x07, 0x00, 0x00, 0x00, 0x0A, 0x00, 0x00, 0x00, 0x08, 0x00, 0x00, 0x00, 0x01, 
0x00, 0x00, 0x00, 0x00, 0x00, 0x00, 0x00, 0x3E, 0x00, 0x00, 0x00, 0x09, 0x00, 0x00, 0x00, 0x07, 
0x00, 0x00, 0x00, 0x0A, 0x00, 0x00, 0x00, 0x0A, 0x00, 0x00, 0x00, 0x02, 0x00, 0x00, 0x00, 0x00, 
0x00, 0x00, 0x00, 0x3F, 0x00, 0x00, 0x00, 0x0B, 0x00, 0x00, 0x00, 0x08, 0x00, 0x00, 0x00, 0x09, 
0x00, 0x00, 0x00, 0x0B, 0x00, 0x00, 0x00, 0x00, 0x00, 0x00, 0x00, 0x00, 0x00, 0x00, 0x00, 0x40, 
0x00, 0x00, 0x00, 0x0C, 0x00, 0x00, 0x00, 0x0B, 0x00, 0x00, 0x00, 0x0B, 0x00, 0x00, 0x00, 0x0B, 
0x00, 0x00, 0x00, 0x00, 0x00, 0x00, 0x00, 0x00, 0x00, 0x00, 0x00, 0x41, 0x00, 0x00, 0x00, 0x0B, 
0x00, 0x00, 0x00, 0x0B, 0x00, 0x00, 0x00, 0x0C, 0x00, 0x00, 0x00, 0x0B, 0x00, 0x00, 0x00, 0x00, 
0x00, 0x00, 0x00, 0x00, 0x00, 0x00, 0x00, 0x42, 0x00, 0x00, 0x00, 0x0B, 0x00, 0x00, 0x00, 0x09, 
0x00, 0x00, 0x00, 0x0C, 0x00, 0x00, 0x00, 0x0B, 0x00, 0x00, 0x00, 0x01, 0x00, 0x00, 0x00, 0x00, 
0x00, 0x00, 0x00, 0x43, 0x00, 0x00, 0x00, 0x0B, 0x00, 0x00, 0x00, 0x09, 0x00, 0x00, 0x00, 0x0C, 
0x00, 0x00, 0x00, 0x0B, 0x00, 0x00, 0x00, 0x01, 0x00, 0x00, 0x00, 0x00, 0x00, 0x00, 0x00, 0x44, 
0x00, 0x00, 0x00, 0x0B, 0x00, 0x00, 0x00, 0x09, 0x00, 0x00, 0x00, 0x0C, 0x00, 0x00, 0x00, 0x0B, 
0x00, 0x00, 0x00, 0x01, 0x00, 0x00, 0x00, 0x00, 0x00, 0x00, 0x00, 0x45, 0x00, 0x00, 0x00, 0x0B, 
0x00, 0x00, 0x00, 0x08, 0x00, 0x00, 0x00, 0x0B, 0x00, 0x00, 0x00, 0x0B, 0x00, 0x00, 0x00, 0x01, 
0x00, 0x00, 0x00, 0x00, 0x00, 0x00, 0x00, 0x46, 0x00, 0x00, 0x00, 0x0B, 0x00, 0x00, 0x00, 0x07, 
0x00, 0x00, 0x00, 0x0A, 0x00, 0x00, 0x00, 0x0B, 0x00, 0x00, 0x00, 0x01, 0x00, 0x00, 0x00, 0x00, 
0x00, 0x00, 0x00, 0x47, 0x00, 0x00, 0x00, 0x0B, 0x00, 0x00, 0x00, 0x0A, 0x00, 0x00, 0x00, 0x0D, 
0x00, 0x00, 0x00, 0x0B, 0x00, 0x00, 0x00, 0x01, 0x00, 0x00, 0x00, 0x00, 0x00, 0x00, 0x00, 0x48, 
0x00, 0x00, 0x00, 0x0B, 0x00, 0x00, 0x00, 0x0A, 0x00, 0x00, 0x00, 0x0D, 0x00, 0x00, 0x00, 0x0B, 
0x00, 0x00, 0x00, 0x01, 0x00, 0x00, 0x00, 0x00, 0x00, 0x00, 0x00, 0x49, 0x00, 0x00, 0x00, 0x0B, 
0x00, 0x00, 0x00, 0x03, 0x00, 0x00, 0x00, 0x06, 0x00, 0x00, 0x00, 0x0B, 0x00, 0x00, 0x00, 0x01, 
0x00, 0x00, 0x00, 0x00, 0x00, 0x00, 0x00, 0x4A, 0x00, 0x00, 0x00, 0x0B, 0x00, 0x00, 0x00, 0x08, 
0x00, 0x00, 0x00, 0x0A, 0x00, 0x00, 0x00, 0x0B, 0x00, 0x00, 0x00, 0x00, 0x00, 0x00, 0x00, 0x00, 
0x00, 0x00, 0x00, 0x4B, 0x00, 0x00, 0x00, 0x0B, 0x00, 0x00, 0x00, 0x0B, 0x00, 0x00, 0x00, 0x0D, 
0x00, 0x00, 0x00, 0x0B, 0x00, 0x00, 0x00, 0x01, 0x00, 0x00, 0x00, 0x00, 0x00, 0x00, 0x00, 0x4C, 
0x00, 0x00, 0x00, 0x0B, 0x00, 0x00, 0x00, 0x07, 0x00, 0x00, 0x00, 0x0A, 0x00, 0x00, 0x00, 0x0B, 
0x00, 0x00, 0x00, 0x01, 0x00, 0x00, 0x00, 0x00, 0x00, 0x00, 0x00, 0x4D, 0x00, 0x00, 0x00, 0x0B, 
0x00, 0x00, 0x00, 0x0B, 0x00, 0x00, 0x00, 0x0E, 0x00, 0x00, 0x00, 0x0B, 0x00, 0x00, 0x00, 0x01, 
0x00, 0x00, 0x00, 0x00, 0x00, 0x00, 0x00, 0x4E, 0x00, 0x00, 0x00, 0x0B, 0x00, 0x00, 0x00, 0x0A, 
0x00, 0x00, 0x00, 0x0D, 0x00, 0x00, 0x00, 0x0B, 0x00, 0x00, 0x00, 0x01, 0x00, 0x00, 0x00, 0x00, 
0x00, 0x00, 0x00, 0x4F, 0x00, 0x00, 0x00, 0x0B, 0x00, 0x00, 0x00, 0x0A, 0x00, 0x00, 0x00, 0x0D, 
0x00, 0x00, 0x00, 0x0B, 0x00, 0x00, 0x00, 0x01, 0x00, 0x00, 0x00, 0x00, 0x00, 0x00, 0x00, 0x50, 
0x00, 0x00, 0x00, 0x0B, 0x00, 0x00, 0x00, 0x08, 0x00, 0x00, 0x00, 0x0B, 0x00, 0x00, 0x00, 0x0B, 
0x00, 0x00, 0x00, 0x01, 0x00, 0x00, 0x00, 0x00, 0x00, 0x00, 0x00, 0x51, 0x00, 0x00, 0x00, 0x0C, 
0x00, 0x00, 0x00, 0x0A, 0x00, 0x00, 0x00, 0x0D, 0x00, 0x00, 0x00, 0x0B, 0x00, 0x00, 0x00, 0x01, 
0x00, 0x00, 0x00, 0x00, 0x00, 0x00, 0x00, 0x52, 0x00, 0x00, 0x00, 0x0B, 0x00, 0x00, 0x00, 0x0A, 
0x00, 0x00, 0x00, 0x0C, 0x00, 0x00, 0x00, 0x0B, 0x00, 0x00, 0x00, 0x01, 0x00, 0x00, 0x00, 0x00, 
0x00, 0x00, 0x00, 0x53, 0x00, 0x00, 0x00, 0x0B, 0x00, 0x00, 0x00, 0x08, 0x00, 0x00, 0x00, 0x0B, 
0x00, 0x00, 0x00, 0x0B, 0x00, 0x00, 0x00, 0x01, 0x00, 0x00, 0x00, 0x00, 0x00, 0x00, 0x00, 0x54, 
0x00, 0x00, 0x00, 0x0B, 0x00, 0x00, 0x00, 0x09, 0x00, 0x00, 0x00, 0x0B, 0x00, 0x00, 0x00, 0x0B, 
0x00, 0x00, 0x00, 0x01, 0x00, 0x00, 0x00, 0x00, 0x00, 0x00, 0x00, 0x55, 0x00, 0x00, 0x00, 0x0B, 
0x00, 0x00, 0x00, 0x0A, 0x00, 0x00, 0x00, 0x0D, 0x00, 0x00, 0x00, 0x0B, 0x00, 0x00, 0x00, 0x01, 
0x00, 0x00, 0x00, 0x00, 0x00, 0x00, 0x00, 0x56, 0x00, 0x00, 0x00, 0x0B, 0x00, 0x00, 0x00, 0x0B, 
0x00, 0x00, 0x00, 0x0C, 0x00, 0x00, 0x00, 0x0B, 0x00, 0x00, 0x00, 0x00, 0x00, 0x00, 0x00, 0x00, 
0x00, 0x00, 0x00, 0x57, 0x00, 0x00, 0x00, 0x0B, 0x00, 0x00, 0x00, 0x0F, 0x00, 0x00, 0x00, 0x0F, 
0x00, 0x00, 0x00, 0x0B, 0x00, 0x00, 0x00, 0x00, 0x00, 0x00, 0x00, 0x00, 0x00, 0x00, 0x00, 0x58, 
0x00, 0x00, 0x00, 0x0B, 0x00, 0x00, 0x00, 0x0B, 0x00, 0x00, 0x00, 0x0C, 0x00, 0x00, 0x00, 0x0B, 
0x00, 0x00, 0x00, 0x00, 0x00, 0x00, 0x00, 0x00, 0x00, 0x00, 0x00, 0x59, 0x00, 0x00, 0x00, 0x0B, 
0x00, 0x00, 0x00, 0x0B, 0x00, 0x00, 0x00, 0x0C, 0x00, 0x00, 0x00, 0x0B, 0x00, 0x00, 0x00, 0x00, 
0x00, 0x00, 0x00, 0x00, 0x00, 0x00, 0x00, 0x5A, 0x00, 0x00, 0x00, 0x0B, 0x00, 0x00, 0x00, 0x08, 
0x00, 0x00, 0x00, 0x0B, 0x00, 0x00, 0x00, 0x0B, 0x00, 0x00, 0x00, 0x01, 0x00, 0x00, 0x00, 0x00, 
0x00, 0x00, 0x00, 0x5B, 0x00, 0x00, 0x00, 0x0E, 0x00, 0x00, 0x00, 0x05, 0x00, 0x00, 0x00, 0x06, 
0x00, 0x00, 0x00, 0x0B, 0x00, 0x00, 0x00, 0x01, 0x00, 0x00, 0x00, 0x00, 0x00, 0x00, 0x00, 0x5C, 
0x00, 0x00, 0x00, 0x0B, 0x00, 0x00, 0x00, 0x04, 0x00, 0x00, 0x00, 0x04, 0x00, 0x00, 0x00, 0x0B, 
0x00, 0x00, 0x00, 0x00, 0x00, 0x00, 0x00, 0x00, 0x00, 0x00, 0x00, 0x5D, 0x00, 0x00, 0x00, 0x0E, 
0x00, 0x00, 0x00, 0x05, 0x00, 0x00, 0x00, 0x06, 0x00, 0x00, 0x00, 0x0B, 0x00, 0x00, 0x00, 0x00, 
0x00, 0x00, 0x00, 0x00, 0x00, 0x00, 0x00, 0x5E, 0x00, 0x00, 0x00, 0x06, 0x00, 0x00, 0x00, 0x08, 
0x00, 0x00, 0x00, 0x0A, 0x00, 0x00, 0x00, 0x0B, 0x00, 0x00, 0x00, 0x01, 0x00, 0x00, 0x00, 0x00, 
0x00, 0x00, 0x00, 0x5F, 0x00, 0x00, 0x00, 0x01, 0x00, 0x00, 0x00, 0x08, 0x00, 0x00, 0x00, 0x08, 
0xFF, 0xFF, 0xFF, 0xFF, 0x00, 0x00, 0x00, 0x00, 0x00, 0x00, 0x00, 0x00, 0x00, 0x00, 0x00, 0x60, 
0x00, 0x00, 0x00, 0x02, 0x00, 0x00, 0x00, 0x04, 0x00, 0x00, 0x00, 0x05, 0x00, 0x00, 0x00, 0x0B, 
0xFF, 0xFF, 0xFF, 0xFF, 0x00, 0x00, 0x00, 0x00, 0x00, 0x00, 0x00, 0x61, 0x00, 0x00, 0x00, 0x08, 
0x00, 0x00, 0x00, 0x09, 0x00, 0x00, 0x00, 0x0A, 0x00, 0x00, 0x00, 0x08, 0x00, 0x00, 0x00, 0x01, 
0x00, 0x00, 0x00, 0x00, 0x00, 0x00, 0x00, 0x62, 0x00, 0x00, 0x00, 0x0B, 0x00, 0x00, 0x00, 0x08, 
0x00, 0x00, 0x00, 0x0A, 0x00, 0x00, 0x00, 0x0B, 0x00, 0x00, 0x00, 0x01, 0x00, 0x00, 0x00, 0x00, 
0x00, 0x00, 0x00, 0x63, 0x00, 0x00, 0x00, 0x08, 0x00, 0x00, 0x00, 0x08, 0x00, 0x00, 0x00, 0x0A, 
0x00, 0x00, 0x00, 0x08, 0x00, 0x00, 0x00, 0x01, 0x00, 0x00, 0x00, 0x00, 0x00, 0x00, 0x00, 0x64, 
0x00, 0x00, 0x00, 0x0B, 0x00, 0x00, 0x00, 0x08, 0x00, 0x00, 0x00, 0x0A, 0x00, 0x00, 0x00, 0x0B, 
0x00, 0x00, 0x00, 0x01, 0x00, 0x00, 0x00, 0x00, 0x00, 0x00, 0x00, 0x65, 0x00, 0x00, 0x00, 0x08, 
0x00, 0x00, 0x00, 0x08, 0x00, 0x00, 0x00, 0x0A, 0x00, 0x00, 0x00, 0x08, 0x00, 0x00, 0x00, 0x01, 
0x00, 0x00, 0x00, 0x00, 0x00, 0x00, 0x00, 0x66, 0x00, 0x00, 0x00, 0x0B, 0x00, 0x00, 0x00, 0x06, 
0x00, 0x00, 0x00, 0x06, 0x00, 0x00, 0x00, 0x0B, 0x00, 0x00, 0x00, 0x00, 0x00, 0x00, 0x00, 0x00, 
0x00, 0x00, 0x00, 0x67, 0x00, 0x00, 0x00, 0x0B, 0x00, 0x00, 0x00, 0x08, 0x00, 0x00, 0x00, 0x0A, 
0x00, 0x00, 0x00, 0x08, 0x00, 0x00, 0x00, 0x01, 0x00, 0x00, 0x00, 0x00, 0x00, 0x00, 0x00, 0x68, 
0x00, 0x00, 0x00, 0x0B, 0x00, 0x00, 0x00, 0x08, 0x00, 0x00, 0x00, 0x0A, 0x00, 0x00, 0x00, 0x0B, 
0x00, 0x00, 0x00, 0x01, 0x00, 0x00, 0x00, 0x00, 0x00, 0x00, 0x00, 0x69, 0x00, 0x00, 0x00, 0x0B, 
0x00, 0x00, 0x00, 0x03, 0x00, 0x00, 0x00, 0x05, 0x00, 0x00, 0x00, 0x0B, 0x00, 0x00, 0x00, 0x01, 
0x00, 0x00, 0x00, 0x00, 0x00, 0x00, 0x00, 0x6A, 0x00, 0x00, 0x00, 0x0E, 0x00, 0x00, 0x00, 0x05, 
0x00, 0x00, 0x00, 0x05, 0x00, 0x00, 0x00, 0x0B, 0xFF, 0xFF, 0xFF, 0xFF, 0x00, 0x00, 0x00, 0x00, 
0x00, 0x00, 0x00, 0x6B, 0x00, 0x00, 0x00, 0x0B, 0x00, 0x00, 0x00, 0x09, 0x00, 0x00, 0x00, 0x0A, 
0x00, 0x00, 0x00, 0x0B, 0x00, 0x00, 0x00, 0x01, 0x00, 0x00, 0x00, 0x00, 0x00, 0x00, 0x00, 0x6C, 
0x00, 0x00, 0x00, 0x0B, 0x00, 0x00, 0x00, 0x03, 0x00, 0x00, 0x00, 0x05, 0x00, 0x00, 0x00, 0x0B, 
0x00, 0x00, 0x00, 0x01, 0x00, 0x00, 0x00, 0x00, 0x00, 0x00, 0x00, 0x6D, 0x00, 0x00, 0x00, 0x08, 
0x00, 0x00, 0x00, 0x0D, 0x00, 0x00, 0x00, 0x0F, 0x00, 0x00, 0x00, 0x08, 0x00, 0x00, 0x00, 0x01, 
0x00, 0x00, 0x00, 0x00, 0x00, 0x00, 0x00, 0x6E, 0x00, 0x00, 0x00, 0x08, 0x00, 0x00, 0x00, 0x08, 
0x00, 0x00, 0x00, 0x0A, 0x00, 0x00, 0x00, 0x08, 0x00, 0x00, 0x00, 0x01, 0x00, 0x00, 0x00, 0x00, 
0x00, 0x00, 0x00, 0x6F, 0x00, 0x00, 0x00, 0x08, 0x00, 0x00, 0x00, 0x08, 0x00, 0x00, 0x00, 0x0A, 
0x00, 0x00, 0x00, 0x08, 0x00, 0x00, 0x00, 0x01, 0x00, 0x00, 0x00, 0x00, 0x00, 0x00, 0x00, 0x70, 
0x00, 0x00, 0x00, 0x0B, 0x00, 0x00, 0x00, 0x08, 0x00, 0x00, 0x00, 0x0A, 0x00, 0x00, 0x00, 0x08, 
0x00, 0x00, 0x00, 0x01, 0x00, 0x00, 0x00, 0x00, 0x00, 0x00, 0x00, 0x71, 0x00, 0x00, 0x00, 0x0B, 
0x00, 0x00, 0x00, 0x08, 0x00, 0x00, 0x00, 0x0A, 0x00, 0x00, 0x00, 0x08, 0x00, 0x00, 0x00, 0x01, 
0x00, 0x00, 0x00, 0x00, 0x00, 0x00, 0x00, 0x72, 0x00, 0x00, 0x00, 0x08, 0x00, 0x00, 0x00, 0x06, 
0x00, 0x00, 0x00, 0x07, 0x00, 0x00, 0x00, 0x08, 0x00, 0x00, 0x00, 0x01, 0x00, 0x00, 0x00, 0x00, 
0x00, 0x00, 0x00, 0x73, 0x00, 0x00, 0x00, 0x08, 0x00, 0x00, 0x00, 0x07, 0x00, 0x00, 0x00, 0x09, 
0x00, 0x00, 0x00, 0x08, 0x00, 0x00, 0x00, 0x01, 0x00, 0x00, 0x00, 0x00, 0x00, 0x00, 0x00, 0x74, 
0x00, 0x00, 0x00, 0x0B, 0x00, 0x00, 0x00, 0x06, 0x00, 0x00, 0x00, 0x07, 0x00, 0x00, 0x00, 0x0B, 
0x00, 0x00, 0x00, 0x00, 0x00, 0x00, 0x00, 0x00, 0x00, 0x00, 0x00, 0x75, 0x00, 0x00, 0x00, 0x08, 
0x00, 0x00, 0x00, 0x08, 0x00, 0x00, 0x00, 0x0A, 0x00, 0x00, 0x00, 0x08, 0x00, 0x00, 0x00, 0x01, 
0x00, 0x00, 0x00, 0x00, 0x00, 0x00, 0x00, 0x76, 0x00, 0x00, 0x00, 0x08, 0x00, 0x00, 0x00, 0x09, 
0x00, 0x00, 0x00, 0x09, 0x00, 0x00, 0x00, 0x08, 0x00, 0x00, 0x00, 0x00, 0x00, 0x00, 0x00, 0x00, 
0x00, 0x00, 0x00, 0x77, 0x00, 0x00, 0x00, 0x08, 0x00, 0x00, 0x00, 0x0D, 0x00, 0x00, 0x00, 0x0E, 
0x00, 0x00, 0x00, 0x08, 0x00, 0x00, 0x00, 0x00, 0x00, 0x00, 0x00, 0x00, 0x00, 0x00, 0x00, 0x78, 
0x00, 0x00, 0x00, 0x08, 0x00, 0x00, 0x00, 0x09, 0x00, 0x00, 0x00, 0x0A, 0x00, 0x00, 0x00, 0x08, 
0x00, 0x00, 0x00, 0x01, 0x00, 0x00, 0x00, 0x00, 0x00, 0x00, 0x00, 0x79, 0x00, 0x00, 0x00, 0x0B, 
0x00, 0x00, 0x00, 0x09, 0x00, 0x00, 0x00, 0x09, 0x00, 0x00, 0x00, 0x08, 0x00, 0x00, 0x00, 0x00, 
0x00, 0x00, 0x00, 0x00, 0x00, 0x00, 0x00, 0x7A, 0x00, 0x00, 0x00, 0x08, 0x00, 0x00, 0x00, 0x06, 
0x00, 0x00, 0x00, 0x08, 0x00, 0x00, 0x00, 0x08, 0x00, 0x00, 0x00, 0x01, 0x00, 0x00, 0x00, 0x00, 
0x00, 0x00, 0x00, 0x7B, 0x00, 0x00, 0x00, 0x0E, 0x00, 0x00, 0x00, 0x05, 0x00, 0x00, 0x00, 0x06, 
0x00, 0x00, 0x00, 0x0B, 0x00, 0x00, 0x00, 0x00, 0x00, 0x00, 0x00, 0x00, 0x00, 0x00, 0x00, 0x7C, 
0x00, 0x00, 0x00, 0x0E, 0x00, 0x00, 0x00, 0x02, 0x00, 0x00, 0x00, 0x04, 0x00, 0x00, 0x00, 0x0B, 
0x00, 0x00, 0x00, 0x01, 0x00, 0x00, 0x00, 0x00, 0x00, 0x00, 0x00, 0x7D, 0x00, 0x00, 0x00, 0x0E, 
0x00, 0x00, 0x00, 0x05, 0x00, 0x00, 0x00, 0x06, 0x00, 0x00, 0x00, 0x0B, 0x00, 0x00, 0x00, 0x01, 
0x00, 0x00, 0x00, 0x00, 0x00, 0x00, 0x00, 0x7E, 0x00, 0x00, 0x00, 0x03, 0x00, 0x00, 0x00, 0x08, 
0x00, 0x00, 0x00, 0x0A, 0x00, 0x00, 0x00, 0x07, 0x00, 0x00, 0x00, 0x01, 0x00, 0x00, 0x00, 0x00, 
0x00, 0x00, 0x00, 0xA0, 0x00, 0x00, 0x00, 0x01, 0x00, 0x00, 0x00, 0x01, 0x00, 0x00, 0x00, 0x05, 
0x00, 0x00, 0x00, 0x1E, 0xFF, 0xFF, 0xFF, 0xF1, 0x00, 0x00, 0x00, 0x00, 0x00, 0x00, 0x00, 0xA1, 
0x00, 0x00, 0x00, 0x0B, 0x00, 0x00, 0x00, 0x03, 0x00, 0x00, 0x00, 0x05, 0x00, 0x00, 0x00, 0x08, 
0x00, 0x00, 0x00, 0x01, 0x00, 0x00, 0x00, 0x00, 0x00, 0x00, 0x00, 0xA2, 0x00, 0x00, 0x00, 0x0E, 
0x00, 0x00, 0x00, 0x08, 0x00, 0x00, 0x00, 0x0A, 0x00, 0x00, 0x00, 0x0B, 0x00, 0x00, 0x00, 0x01, 
0x00, 0x00, 0x00, 0x00, 0x00, 0x00, 0x00, 0xA3, 0x00, 0x00, 0x00, 0x0B, 0x00, 0x00, 0x00, 0x0A, 
0x00, 0x00, 0x00, 0x0A, 0x00, 0x00, 0x00, 0x0B, 0x00, 0x00, 0x00, 0x00, 0x00, 0x00, 0x00, 0x00, 
0x00, 0x00, 0x00, 0xA4, 0x00, 0x00, 0x00, 0x09, 0x00, 0x00, 0x00, 0x09, 0x00, 0x00, 0x00, 0x0A, 
0x00, 0x00, 0x00, 0x09, 0x00, 0x00, 0x00, 0x00, 0x00, 0x00, 0x00, 0x00, 0x00, 0x00, 0x00, 0xA5, 
0x00, 0x00, 0x00, 0x0B, 0x00, 0x00, 0x00, 0x0B, 0x00, 0x00, 0x00, 0x0A, 0x00, 0x00, 0x00, 0x0B, 
0xFF, 0xFF, 0xFF, 0xFF, 0x00, 0x00, 0x00, 0x00, 0x00, 0x00, 0x00, 0xA6, 0x00, 0x00, 0x00, 0x0E, 
0x00, 0x00, 0x00, 0x02, 0x00, 0x00, 0x00, 0x04, 0x00, 0x00, 0x00, 0x0B, 0x00, 0x00, 0x00, 0x01, 
0x00, 0x00, 0x00, 0x00, 0x00, 0x00, 0x00, 0xA7, 0x00, 0x00, 0x00, 0x0E, 0x00, 0x00, 0x00, 0x08, 
0x00, 0x00, 0x00, 0x0A, 0x00, 0x00, 0x00, 0x0B, 0x00, 0x00, 0x00, 0x01, 0x00, 0x00, 0x00, 0x00, 
0x00, 0x00, 0x00, 0xA8, 0x00, 0x00, 0x00, 0x02, 0x00, 0x00, 0x00, 0x05, 0x00, 0x00, 0x00, 0x05, 
0x00, 0x00, 0x00, 0x0B, 0x00, 0x00, 0x00, 0x00, 0x00, 0x00, 0x00, 0x00, 0x00, 0x00, 0x00, 0xA9, 
0x00, 0x00, 0x00, 0x0B, 0x00, 0x00, 0x00, 0x0C, 0x00, 0x00, 0x00, 0x0C, 0x00, 0x00, 0x00, 0x0B, 
0x00, 0x00, 0x00, 0x00, 0x00, 0x00, 0x00, 0x00, 0x00, 0x00, 0x00, 0xAA, 0x00, 0x00, 0x00, 0x05, 
0x00, 0x00, 0x00, 0x06, 0x00, 0x00, 0x00, 0x06, 0x00, 0x00, 0x00, 0x0B, 0x00, 0x00, 0x00, 0x00, 
0x00, 0x00, 0x00, 0x00, 0x00, 0x00, 0x00, 0xAB, 0x00, 0x00, 0x00, 0x07, 0x00, 0x00, 0x00, 0x07, 
0x00, 0x00, 0x00, 0x0A, 0x00, 0x00, 0x00, 0x08, 0x00, 0x00, 0x00, 0x01, 0x00, 0x00, 0x00, 0x00, 
0x00, 0x00, 0x00, 0xAC, 0x00, 0x00, 0x00, 0x06, 0x00, 0x00, 0x00, 0x08, 0x00, 0x00, 0x00, 0x0A, 
0x00, 0x00, 0x00, 0x08, 0x00, 0x00, 0x00, 0x01, 0x00, 0x00, 0x00, 0x00, 0x00, 0x00, 0x00, 0xAD, 
0x00, 0x00, 0x00, 0x02, 0x00, 0x00, 0x00, 0x05, 0x00, 0x00, 0x00, 0x05, 0x00, 0x00, 0x00, 0x05, 
0x00, 0x00, 0x00, 0x00, 0x00, 0x00, 0x00, 0x00, 0x00, 0x00, 0x00, 0xAE, 0x00, 0x00, 0x00, 0x0B, 
0x00, 0x00, 0x00, 0x0C, 0x00, 0x00, 0x00, 0x0C, 0x00, 0x00, 0x00, 0x0B, 0x00, 0x00, 0x00, 0x00, 
0x00, 0x00, 0x00, 0x00, 0x00, 0x00, 0x00, 0xAF, 0x00, 0x00, 0x00, 0x01, 0x00, 0x00, 0x00, 0x08, 
0x00, 0x00, 0x00, 0x08, 0x00, 0x00, 0x00, 0x0D, 0x00, 0x00, 0x00, 0x00, 0x00, 0x00, 0x00, 0x00, 
0x00, 0x00, 0x00, 0xB0, 0x00, 0x00, 0x00, 0x03, 0x00, 0x00, 0x00, 0x03, 0x00, 0x00, 0x00, 0x06, 
0x00, 0x00, 0x00, 0x0B, 0x00, 0x00, 0x00, 0x01, 0x00, 0x00, 0x00, 0x00, 0x00, 0x00, 0x00, 0xB1, 
0x00, 0x00, 0x00, 0x0B, 0x00, 0x00, 0x00, 0x08, 0x00, 0x00, 0x00, 0x0A, 0x00, 0x00, 0x00, 0x0B, 
0x00, 0x00, 0x00, 0x01, 0x00, 0x00, 0x00, 0x00, 0x00, 0x00, 0x00, 0xB4, 0x00, 0x00, 0x00, 0x02, 
0x00, 0x00, 0x00, 0x04, 0x00, 0x00, 0x00, 0x05, 0x00, 0x00, 0x00, 0x0B, 0x00, 0x00, 0x00, 0x02, 
0x00, 0x00, 0x00, 0x00, 0x00, 0x00, 0x00, 0xB5, 0x00, 0x00, 0x00, 0x0B, 0x00, 0x00, 0x00, 0x08, 
0x00, 0x00, 0x00, 0x0A, 0x00, 0x00, 0x00, 0x08, 0x00, 0x00, 0x00, 0x01, 0x00, 0x00, 0x00, 0x00, 
0x00, 0x00, 0x00, 0xB6, 0x00, 0x00, 0x00, 0x0E, 0x00, 0x00, 0x00, 0x0B, 0x00, 0x00, 0x00, 0x0D, 
0x00, 0x00, 0x00, 0x0B, 0x00, 0x00, 0x00, 0x01, 0x00, 0x00, 0x00, 0x00, 0x00, 0x00, 0x00, 0xB7, 
0x00, 0x00, 0x00, 0x03, 0x00, 0x00, 0x00, 0x03, 0x00, 0x00, 0x00, 0x05, 0x00, 0x00, 0x00, 0x07, 
0x00, 0x00, 0x00, 0x01, 0x00, 0x00, 0x00, 0x00, 0x00, 0x00, 0x00, 0xB8, 0x00, 0x00, 0x00, 0x03, 
0x00, 0x00, 0x00, 0x05, 0x00, 0x00, 0x00, 0x05, 0x00, 0x00, 0x00, 0x00, 0x00, 0x00, 0x00, 0x00, 
0x00, 0x00, 0x00, 0x00, 0x00, 0x00, 0x00, 0xBA, 0x00, 0x00, 0x00, 0x05, 0x00, 0x00, 0x00, 0x06, 
0x00, 0x00, 0x00, 0x06, 0x00, 0x00, 0x00, 0x0B, 0x00, 0x00, 0x00, 0x00, 0x00, 0x00, 0x00, 0x00, 
0x00, 0x00, 0x00, 0xBB, 0x00, 0x00, 0x00, 0x07, 0x00, 0x00, 0x00, 0x07, 0x00, 0x00, 0x00, 0x0A, 
0x00, 0x00, 0x00, 0x08, 0x00, 0x00, 0x00, 0x02, 0x00, 0x00, 0x00, 0x00, 0x00, 0x00, 0x00, 0xBF, 
0x00, 0x00, 0x00, 0x0B, 0x00, 0x00, 0x00, 0x08, 0x00, 0x00, 0x00, 0x09, 0x00, 0x00, 0x00, 0x08, 
0x00, 0x00, 0x00, 0x01, 0x00, 0x00, 0x00, 0x00, 0x00, 0x00, 0x00, 0xC0, 0x00, 0x00, 0x00, 0x0E, 
0x00, 0x00, 0x00, 0x0B, 0x00, 0x00, 0x00, 0x0C, 0x00, 0x00, 0x00, 0x0E, 0x00, 0x00, 0x00, 0x00, 
0x00, 0x00, 0x00, 0x00, 0x00, 0x00, 0x00, 0xC1, 0x00, 0x00, 0x00, 0x0E, 0x00, 0x00, 0x00, 0x0B, 
0x00, 0x00, 0x00, 0x0C, 0x00, 0x00, 0x00, 0x0E, 0x00, 0x00, 0x00, 0x00, 0x00, 0x00, 0x00, 0x00, 
0x00, 0x00, 0x00, 0xC2, 0x00, 0x00, 0x00, 0x0E, 0x00, 0x00, 0x00, 0x0B, 0x00, 0x00, 0x00, 0x0C, 
0x00, 0x00, 0x00, 0x0E, 0x00, 0x00, 0x00, 0x00, 0x00, 0x00, 0x00, 0x00, 0x00, 0x00, 0x00, 0xC3, 
0x00, 0x00, 0x00, 0x0E, 0x00, 0x00, 0x00, 0x0B, 0x00, 0x00, 0x00, 0x0C, 0x00, 0x00, 0x00, 0x0E, 
0x00, 0x00, 0x00, 0x00, 0x00, 0x00, 0x00, 0x00, 0x00, 0x00, 0x00, 0xC4, 0x00, 0x00, 0x00, 0x0E, 
0x00, 0x00, 0x00, 0x0B, 0x00, 0x00, 0x00, 0x0C, 0x00, 0x00, 0x00, 0x0E, 0x00, 0x00, 0x00, 0x00, 
0x00, 0x00, 0x00, 0x00, 0x00, 0x00, 0x00, 0xC5, 0x00, 0x00, 0x00, 0x0E, 0x00, 0x00, 0x00, 0x0B, 
0x00, 0x00, 0x00, 0x0C, 0x00, 0x00, 0x00, 0x0E, 0x00, 0x00, 0x00, 0x00, 0x00, 0x00, 0x00, 0x00, 
0x00, 0x00, 0x00, 0xC6, 0x00, 0x00, 0x00, 0x0B, 0x00, 0x00, 0x00, 0x0D, 0x00, 0x00, 0x00, 0x0F, 
0x00, 0x00, 0x00, 0x0B, 0x00, 0x00, 0x00, 0x00, 0x00, 0x00, 0x00, 0x00, 0x00, 0x00, 0x00, 0xC7, 
0x00, 0x00, 0x00, 0x0E, 0x00, 0x00, 0x00, 0x09, 0x00, 0x00, 0x00, 0x0C, 0x00, 0x00, 0x00, 0x0B, 
0x00, 0x00, 0x00, 0x01, 0x00, 0x00, 0x00, 0x00, 0x00, 0x00, 0x00, 0xC8, 0x00, 0x00, 0x00, 0x0E, 
0x00, 0x00, 0x00, 0x08, 0x00, 0x00, 0x00, 0x0B, 0x00, 0x00, 0x00, 0x0E, 0x00, 0x00, 0x00, 0x01, 
0x00, 0x00, 0x00, 0x00, 0x00, 0x00, 0x00, 0xC9, 0x00, 0x00, 0x00, 0x0E, 0x00, 0x00, 0x00, 0x08, 
0x00, 0x00, 0x00, 0x0B, 0x00, 0x00, 0x00, 0x0E, 0x00, 0x00, 0x00, 0x01, 0x00, 0x00, 0x00, 0x00, 
0x00, 0x00, 0x00, 0xCA, 0x00, 0x00, 0x00, 0x0E, 0x00, 0x00, 0x00, 0x08, 0x00, 0x00, 0x00, 0x0B, 
0x00, 0x00, 0x00, 0x0E, 0x00, 0x00, 0x00, 0x01, 0x00, 0x00, 0x00, 0x00, 0x00, 0x00, 0x00, 0xCB, 
0x00, 0x00, 0x00, 0x0E, 0x00, 0x00, 0x00, 0x08, 0x00, 0x00, 0x00, 0x0B, 0x00, 0x00, 0x00, 0x0E, 
0x00, 0x00, 0x00, 0x01, 0x00, 0x00, 0x00, 0x00, 0x00, 0x00, 0x00, 0xCC, 0x00, 0x00, 0x00, 0x0E, 
0x00, 0x00, 0x00, 0x04, 0x00, 0x00, 0x00, 0x06, 0x00, 0x00, 0x00, 0x0E, 0x00, 0x00, 0x00, 0x00, 
0x00, 0x00, 0x00, 0x00, 0x00, 0x00, 0x00, 0xCD, 0x00, 0x00, 0x00, 0x0E, 0x00, 0x00, 0x00, 0x05, 
0x00, 0x00, 0x00, 0x06, 0x00, 0x00, 0x00, 0x0E, 0x00, 0x00, 0x00, 0x01, 0x00, 0x00, 0x00, 0x00, 
0x00, 0x00, 0x00, 0xCE, 0x00, 0x00, 0x00, 0x0E, 0x00, 0x00, 0x00, 0x06, 0x00, 0x00, 0x00, 0x06, 
0x00, 0x00, 0x00, 0x0E, 0x00, 0x00, 0x00, 0x00, 0x00, 0x00, 0x00, 0x00, 0x00, 0x00, 0x00, 0xCF, 
0x00, 0x00, 0x00, 0x0E, 0x00, 0x00, 0x00, 0x05, 0x00, 0x00, 0x00, 0x06, 0x00, 0x00, 0x00, 0x0E, 
0x00, 0x00, 0x00, 0x00, 0x00, 0x00, 0x00, 0x00, 0x00, 0x00, 0x00, 0xD1, 0x00, 0x00, 0x00, 0x0E, 
0x00, 0x00, 0x00, 0x0A, 0x00, 0x00, 0x00, 0x0D, 0x00, 0x00, 0x00, 0x0E, 0x00, 0x00, 0x00, 0x01, 
0x00, 0x00, 0x00, 0x00, 0x00, 0x00, 0x00, 0xD2, 0x00, 0x00, 0x00, 0x0E, 0x00, 0x00, 0x00, 0x0A, 
0x00, 0x00, 0x00, 0x0D, 0x00, 0x00, 0x00, 0x0E, 0x00, 0x00, 0x00, 0x01, 0x00, 0x00, 0x00, 0x00, 
0x00, 0x00, 0x00, 0xD3, 0x00, 0x00, 0x00, 0x0E, 0x00, 0x00, 0x00, 0x0A, 0x00, 0x00, 0x00, 0x0D, 
0x00, 0x00, 0x00, 0x0E, 0x00, 0x00, 0x00, 0x01, 0x00, 0x00, 0x00, 0x00, 0x00, 0x00, 0x00, 0xD4, 
0x00, 0x00, 0x00, 0x0E, 0x00, 0x00, 0x00, 0x0A, 0x00, 0x00, 0x00, 0x0D, 0x00, 0x00, 0x00, 0x0E, 
0x00, 0x00, 0x00, 0x01, 0x00, 0x00, 0x00, 0x00, 0x00, 0x00, 0x00, 0xD5, 0x00, 0x00, 0x00, 0x0E, 
0x00, 0x00, 0x00, 0x0A, 0x00, 0x00, 0x00, 0x0D, 0x00, 0x00, 0x00, 0x0E, 0x00, 0x00, 0x00, 0x01, 
0x00, 0x00, 0x00, 0x00, 0x00, 0x00, 0x00, 0xD6, 0x00, 0x00, 0x00, 0x0E, 0x00, 0x00, 0x00, 0x0A, 
0x00, 0x00, 0x00, 0x0D, 0x00, 0x00, 0x00, 0x0E, 0x00, 0x00, 0x00, 0x01, 0x00, 0x00, 0x00, 0x00, 
0x00, 0x00, 0x00, 0xD7, 0x00, 0x00, 0x00, 0x08, 0x00, 0x00, 0x00, 0x09, 0x00, 0x00, 0x00, 0x0A, 
0x00, 0x00, 0x00, 0x09, 0x00, 0x00, 0x00, 0x01, 0x00, 0x00, 0x00, 0x00, 0x00, 0x00, 0x00, 0xD8, 
0x00, 0x00, 0x00, 0x0D, 0x00, 0x00, 0x00, 0x0C, 0x00, 0x00, 0x00, 0x0D, 0x00, 0x00, 0x00, 0x0C, 
0x00, 0x00, 0x00, 0x00, 0x00, 0x00, 0x00, 0x00, 0x00, 0x00, 0x00, 0xD9, 0x00, 0x00, 0x00, 0x0E, 
0x00, 0x00, 0x00, 0x0A, 0x00, 0x00, 0x00, 0x0D, 0x00, 0x00, 0x00, 0x0E, 0x00, 0x00, 0x00, 0x01, 
0x00, 0x00, 0x00, 0x00, 0x00, 0x00, 0x00, 0xDA, 0x00, 0x00, 0x00, 0x0E, 0x00, 0x00, 0x00, 0x0A, 
0x00, 0x00, 0x00, 0x0D, 0x00, 0x00, 0x00, 0x0E, 0x00, 0x00, 0x00, 0x01, 0x00, 0x00, 0x00, 0x00, 
0x00, 0x00, 0x00, 0xDB, 0x00, 0x00, 0x00, 0x0E, 0x00, 0x00, 0x00, 0x0A, 0x00, 0x00, 0x00, 0x0D, 
0x00, 0x00, 0x00, 0x0E, 0x00, 0x00, 0x00, 0x01, 0x00, 0x00, 0x00, 0x00, 0x00, 0x00, 0x00, 0xDC, 
0x00, 0x00, 0x00, 0x0E, 0x00, 0x00, 0x00, 0x0A, 0x00, 0x00, 0x00, 0x0D, 0x00, 0x00, 0x00, 0x0E, 
0x00, 0x00, 0x00, 0x01, 0x00, 0x00, 0x00, 0x00, 0x00, 0x00, 0x00, 0xDD, 0x00, 0x00, 0x00, 0x0E, 
0x00, 0x00, 0x00, 0x0B, 0x00, 0x00, 0x00, 0x0C, 0x00, 0x00, 0x00, 0x0E, 0x00, 0x00, 0x00, 0x00, 
0x00, 0x00, 0x00, 0x00, 0x00, 0x00, 0x00, 0xDF, 0x00, 0x00, 0x00, 0x0B, 0x00, 0x00, 0x00, 0x08, 
0x00, 0x00, 0x00, 0x0A, 0x00, 0x00, 0x00, 0x0B, 0x00, 0x00, 0x00, 0x01, 0x00, 0x00, 0x00, 0x00, 
0x00, 0x00, 0x00, 0xE0, 0x00, 0x00, 0x00, 0x0B, 0x00, 0x00, 0x00, 0x09, 0x00, 0x00, 0x00, 0x0A, 
0x00, 0x00, 0x00, 0x0B, 0x00, 0x00, 0x00, 0x01, 0x00, 0x00, 0x00, 0x00, 0x00, 0x00, 0x00, 0xE1, 
0x00, 0x00, 0x00, 0x0B, 0x00, 0x00, 0x00, 0x09, 0x00, 0x00, 0x00, 0x0A, 0x00, 0x00, 0x00, 0x0B, 
0x00, 0x00, 0x00, 0x01, 0x00, 0x00, 0x00, 0x00, 0x00, 0x00, 0x00, 0xE2, 0x00, 0x00, 0x00, 0x0B, 
0x00, 0x00, 0x00, 0x09, 0x00, 0x00, 0x00, 0x0A, 0x00, 0x00, 0x00, 0x0B, 0x00, 0x00, 0x00, 0x01, 
0x00, 0x00, 0x00, 0x00, 0x00, 0x00, 0x00, 0xE3, 0x00, 0x00, 0x00, 0x0B, 0x00, 0x00, 0x00, 0x09, 
0x00, 0x00, 0x00, 0x0A, 0x00, 0x00, 0x00, 0x0B, 0x00, 0x00, 0x00, 0x01, 0x00, 0x00, 0x00, 0x00, 
0x00, 0x00, 0x00, 0xE4, 0x00, 0x00, 0x00, 0x0B, 0x00, 0x00, 0x00, 0x09, 0x00, 0x00, 0x00, 0x0A, 
0x00, 0x00, 0x00, 0x0B, 0x00, 0x00, 0x00, 0x01, 0x00, 0x00, 0x00, 0x00, 0x00, 0x00, 0x00, 0xE5, 
0x00, 0x00, 0x00, 0x0D, 0x00, 0x00, 0x00, 0x09, 0x00, 0x00, 0x00, 0x0A, 0x00, 0x00, 0x00, 0x0D, 
0x00, 0x00, 0x00, 0x01, 0x00, 0x00, 0x00, 0x00, 0x00, 0x00, 0x00, 0xE6, 0x00, 0x00, 0x00, 0x08, 
0x00, 0x00, 0x00, 0x0D, 0x00, 0x00, 0x00, 0x0F, 0x00, 0x00, 0x00, 0x08, 0x00, 0x00, 0x00, 0x01, 
0x00, 0x00, 0x00, 0x00, 0x00, 0x00, 0x00, 0xE7, 0x00, 0x00, 0x00, 0x0B, 0x00, 0x00, 0x00, 0x08, 
0x00, 0x00, 0x00, 0x0A, 0x00, 0x00, 0x00, 0x08, 0x00, 0x00, 0x00, 0x01, 0x00, 0x00, 0x00, 0x00, 
0x00, 0x00, 0x00, 0xE8, 0x00, 0x00, 0x00, 0x0B, 0x00, 0x00, 0x00, 0x08, 0x00, 0x00, 0x00, 0x0A, 
0x00, 0x00, 0x00, 0x0B, 0x00, 0x00, 0x00, 0x01, 0x00, 0x00, 0x00, 0x00, 0x00, 0x00, 0x00, 0xE9, 
0x00, 0x00, 0x00, 0x0B, 0x00, 0x00, 0x00, 0x08, 0x00, 0x00, 0x00, 0x0A, 0x00, 0x00, 0x00, 0x0B, 
0x00, 0x00, 0x00, 0x01, 0x00, 0x00, 0x00, 0x00, 0x00, 0x00, 0x00, 0xEA, 0x00, 0x00, 0x00, 0x0B, 
0x00, 0x00, 0x00, 0x08, 0x00, 0x00, 0x00, 0x0A, 0x00, 0x00, 0x00, 0x0B, 0x00, 0x00, 0x00, 0x01, 
0x00, 0x00, 0x00, 0x00, 0x00, 0x00, 0x00, 0xEB, 0x00, 0x00, 0x00, 0x0B, 0x00, 0x00, 0x00, 0x08, 
0x00, 0x00, 0x00, 0x0A, 0x00, 0x00, 0x00, 0x0B, 0x00, 0x00, 0x00, 0x01, 0x00, 0x00, 0x00, 0x00, 
0x00, 0x00, 0x00, 0xEC, 0x00, 0x00, 0x00, 0x0B, 0x00, 0x00, 0x00, 0x04, 0x00, 0x00, 0x00, 0x05, 
0x00, 0x00, 0x00, 0x0B, 0x00, 0x00, 0x00, 0x00, 0x00, 0x00, 0x00, 0x00, 0x00, 0x00, 0x00, 0xED, 
0x00, 0x00, 0x00, 0x0B, 0x00, 0x00, 0x00, 0x05, 0x00, 0x00, 0x00, 0x05, 0x00, 0x00, 0x00, 0x0B, 
0x00, 0x00, 0x00, 0x01, 0x00, 0x00, 0x00, 0x00, 0x00, 0x00, 0x00, 0xEE, 0x00, 0x00, 0x00, 0x0B, 
0x00, 0x00, 0x00, 0x06, 0x00, 0x00, 0x00, 0x05, 0x00, 0x00, 0x00, 0x0B, 0x00, 0x00, 0x00, 0x00, 
0x00, 0x00, 0x00, 0x00, 0x00, 0x00, 0x00, 0xEF, 0x00, 0x00, 0x00, 0x0B, 0x00, 0x00, 0x00, 0x05, 
0x00, 0x00, 0x00, 0x05, 0x00, 0x00, 0x00, 0x0B, 0x00, 0x00, 0x00, 0x00, 0x00, 0x00, 0x00, 0x00, 
0x00, 0x00, 0x00, 0xF1, 0x00, 0x00, 0x00, 0x0B, 0x00, 0x00, 0x00, 0x08, 0x00, 0x00, 0x00, 0x0A, 
0x00, 0x00, 0x00, 0x0B, 0x00, 0x00, 0x00, 0x01, 0x00, 0x00, 0x00, 0x00, 0x00, 0x00, 0x00, 0xF2, 
0x00, 0x00, 0x00, 0x0B, 0x00, 0x00, 0x00, 0x08, 0x00, 0x00, 0x00, 0x0A, 0x00, 0x00, 0x00, 0x0B, 
0x00, 0x00, 0x00, 0x01, 0x00, 0x00, 0x00, 0x00, 0x00, 0x00, 0x00, 0xF3, 0x00, 0x00, 0x00, 0x0B, 
0x00, 0x00, 0x00, 0x08, 0x00, 0x00, 0x00, 0x0A, 0x00, 0x00, 0x00, 0x0B, 0x00, 0x00, 0x00, 0x01, 
0x00, 0x00, 0x00, 0x00, 0x00, 0x00, 0x00, 0xF4, 0x00, 0x00, 0x00, 0x0B, 0x00, 0x00, 0x00, 0x08, 
0x00, 0x00, 0x00, 0x0A, 0x00, 0x00, 0x00, 0x0B, 0x00, 0x00, 0x00, 0x01, 0x00, 0x00, 0x00, 0x00, 
0x00, 0x00, 0x00, 0xF5, 0x00, 0x00, 0x00, 0x0B, 0x00, 0x00, 0x00, 0x08, 0x00, 0x00, 0x00, 0x0A, 
0x00, 0x00, 0x00, 0x0B, 0x00, 0x00, 0x00, 0x01, 0x00, 0x00, 0x00, 0x00, 0x00, 0x00, 0x00, 0xF6, 
0x00, 0x00, 0x00, 0x0B, 0x00, 0x00, 0x00, 0x08, 0x00, 0x00, 0x00, 0x0A, 0x00, 0x00, 0x00, 0x0B, 
0x00, 0x00, 0x00, 0x01, 0x00, 0x00, 0x00, 0x00, 0x00, 0x00, 0x00, 0xF7, 0x00, 0x00, 0x00, 0x0A, 
0x00, 0x00, 0x00, 0x09, 0x00, 0x00, 0x00, 0x0A, 0x00, 0x00, 0x00, 0x0A, 0x00, 0x00, 0x00, 0x00, 
0x00, 0x00, 0x00, 0x00, 0x00, 0x00, 0x00, 0xF8, 0x00, 0x00, 0x00, 0x0C, 0x00, 0x00, 0x00, 0x08, 
0x00, 0x00, 0x00, 0x0A, 0x00, 0x00, 0x00, 0x0A, 0x00, 0x00, 0x00, 0x01, 0x00, 0x00, 0x00, 0x00, 
0x00, 0x00, 0x00, 0xF9, 0x00, 0x00, 0x00, 0x0B, 0x00, 0x00, 0x00, 0x08, 0x00, 0x00, 0x00, 0x0A, 
0x00, 0x00, 0x00, 0x0B, 0x00, 0x00, 0x00, 0x01, 0x00, 0x00, 0x00, 0x00, 0x00, 0x00, 0x00, 0xFA, 
0x00, 0x00, 0x00, 0x0B, 0x00, 0x00, 0x00, 0x08, 0x00, 0x00, 0x00, 0x0A, 0x00, 0x00, 0x00, 0x0B, 
0x00, 0x00, 0x00, 0x01, 0x00, 0x00, 0x00, 0x00, 0x00, 0x00, 0x00, 0xFB, 0x00, 0x00, 0x00, 0x0B, 
0x00, 0x00, 0x00, 0x08, 0x00, 0x00, 0x00, 0x0A, 0x00, 0x00, 0x00, 0x0B, 0x00, 0x00, 0x00, 0x01, 
0x00, 0x00, 0x00, 0x00, 0x00, 0x00, 0x00, 0xFC, 0x00, 0x00, 0x00, 0x0B, 0x00, 0x00, 0x00, 0x08, 
0x00, 0x00, 0x00, 0x0A, 0x00, 0x00, 0x00, 0x0B, 0x00, 0x00, 0x00, 0x01, 0x00, 0x00, 0x00, 0x00, 
0x00, 0x00, 0x00, 0xFD, 0x00, 0x00, 0x00, 0x0E, 0x00, 0x00, 0x00, 0x09, 0x00, 0x00, 0x00, 0x09, 
0x00, 0x00, 0x00, 0x0B, 0x00, 0x00, 0x00, 0x00, 0x00, 0x00, 0x00, 0x00, 0x00, 0x00, 0x00, 0xFF, 
0x00, 0x00, 0x00, 0x0E, 0x00, 0x00, 0x00, 0x09, 0x00, 0x00, 0x00, 0x09, 0x00, 0x00, 0x00, 0x0B, 
0x00, 0x00, 0x00, 0x00, 0x00, 0x00, 0x00, 0x00, 0x00, 0x00, 0x01, 0x02, 0x00, 0x00, 0x00, 0x0E, 
0x00, 0x00, 0x00, 0x0B, 0x00, 0x00, 0x00, 0x0C, 0x00, 0x00, 0x00, 0x0E, 0x00, 0x00, 0x00, 0x00, 
0x00, 0x00, 0x00, 0x00, 0x00, 0x00, 0x01, 0x03, 0x00, 0x00, 0x00, 0x0B, 0x00, 0x00, 0x00, 0x09, 
0x00, 0x00, 0x00, 0x0A, 0x00, 0x00, 0x00, 0x0B, 0x00, 0x00, 0x00, 0x01, 0x00, 0x00, 0x00, 0x00, 
0x00, 0x00, 0x01, 0x04, 0x00, 0x00, 0x00, 0x0E, 0x00, 0x00, 0x00, 0x0D, 0x00, 0x00, 0x00, 0x0C, 
0x00, 0x00, 0x00, 0x0B, 0x00, 0x00, 0x00, 0x00, 0x00, 0x00, 0x00, 0x00, 0x00, 0x00, 0x01, 0x05, 
0x00, 0x00, 0x00, 0x0B, 0x00, 0x00, 0x00, 0x0A, 0x00, 0x00, 0x00, 0x0A, 0x00, 0x00, 0x00, 0x08, 
0x00, 0x00, 0x00, 0x01, 0x00, 0x00, 0x00, 0x00, 0x00, 0x00, 0x01, 0x06, 0x00, 0x00, 0x00, 0x0E, 
0x00, 0x00, 0x00, 0x09, 0x00, 0x00, 0x00, 0x0C, 0x00, 0x00, 0x00, 0x0E, 0x00, 0x00, 0x00, 0x01, 
0x00, 0x00, 0x00, 0x00, 0x00, 0x00, 0x01, 0x07, 0x00, 0x00, 0x00, 0x0B, 0x00, 0x00, 0x00, 0x08, 
0x00, 0x00, 0x00, 0x0A, 0x00, 0x00, 0x00, 0x0B, 0x00, 0x00, 0x00, 0x01, 0x00, 0x00, 0x00, 0x00, 
0x00, 0x00, 0x01, 0x0C, 0x00, 0x00, 0x00, 0x0E, 0x00, 0x00, 0x00, 0x09, 0x00, 0x00, 0x00, 0x0C, 
0x00, 0x00, 0x00, 0x0E, 0x00, 0x00, 0x00, 0x01, 0x00, 0x00, 0x00, 0x00, 0x00, 0x00, 0x01, 0x0D, 
0x00, 0x00, 0x00, 0x0B, 0x00, 0x00, 0x00, 0x08, 0x00, 0x00, 0x00, 0x0A, 0x00, 0x00, 0x00, 0x0B, 
0x00, 0x00, 0x00, 0x01, 0x00, 0x00, 0x00, 0x00, 0x00, 0x00, 0x01, 0x0E, 0x00, 0x00, 0x00, 0x0E, 
0x00, 0x00, 0x00, 0x09, 0x00, 0x00, 0x00, 0x0C, 0x00, 0x00, 0x00, 0x0E, 0x00, 0x00, 0x00, 0x01, 
0x00, 0x00, 0x00, 0x00, 0x00, 0x00, 0x01, 0x0F, 0x00, 0x00, 0x00, 0x0B, 0x00, 0x00, 0x00, 0x0C, 
0x00, 0x00, 0x00, 0x0D, 0x00, 0x00, 0x00, 0x0B, 0x00, 0x00, 0x00, 0x01, 0x00, 0x00, 0x00, 0x00, 
0x00, 0x00, 0x01, 0x10, 0x00, 0x00, 0x00, 0x0B, 0x00, 0x00, 0x00, 0x0A, 0x00, 0x00, 0x00, 0x0C, 
0x00, 0x00, 0x00, 0x0B, 0x00, 0x00, 0x00, 0x00, 0x00, 0x00, 0x00, 0x00, 0x00, 0x00, 0x01, 0x11, 
0x00, 0x00, 0x00, 0x0B, 0x00, 0x00, 0x00, 0x09, 0x00, 0x00, 0x00, 0x0A, 0x00, 0x00, 0x00, 0x0B, 
0x00, 0x00, 0x00, 0x01, 0x00, 0x00, 0x00, 0x00, 0x00, 0x00, 0x01, 0x18, 0x00, 0x00, 0x00, 0x0E, 
0x00, 0x00, 0x00, 0x09, 0x00, 0x00, 0x00, 0x0B, 0x00, 0x00, 0x00, 0x0B, 0x00, 0x00, 0x00, 0x01, 
0x00, 0x00, 0x00, 0x00, 0x00, 0x00, 0x01, 0x19, 0x00, 0x00, 0x00, 0x0B, 0x00, 0x00, 0x00, 0x08, 
0x00, 0x00, 0x00, 0x0A, 0x00, 0x00, 0x00, 0x08, 0x00, 0x00, 0x00, 0x01, 0x00, 0x00, 0x00, 0x00, 
0x00, 0x00, 0x01, 0x1A, 0x00, 0x00, 0x00, 0x0E, 0x00, 0x00, 0x00, 0x08, 0x00, 0x00, 0x00, 0x0B, 
0x00, 0x00, 0x00, 0x0E, 0x00, 0x00, 0x00, 0x01, 0x00, 0x00, 0x00, 0x00, 0x00, 0x00, 0x01, 0x1B, 
0x00, 0x00, 0x00, 0x0B, 0x00, 0x00, 0x00, 0x08, 0x00, 0x00, 0x00, 0x0A, 0x00, 0x00, 0x00, 0x0B, 
0x00, 0x00, 0x00, 0x01, 0x00, 0x00, 0x00, 0x00, 0x00, 0x00, 0x01, 0x31, 0x00, 0x00, 0x00, 0x08, 
0x00, 0x00, 0x00, 0x03, 0x00, 0x00, 0x00, 0x05, 0x00, 0x00, 0x00, 0x08, 0x00, 0x00, 0x00, 0x01, 
0x00, 0x00, 0x00, 0x00, 0x00, 0x00, 0x01, 0x39, 0x00, 0x00, 0x00, 0x0E, 0x00, 0x00, 0x00, 0x07, 
0x00, 0x00, 0x00, 0x0A, 0x00, 0x00, 0x00, 0x0E, 0x00, 0x00, 0x00, 0x01, 0x00, 0x00, 0x00, 0x00, 
0x00, 0x00, 0x01, 0x3A, 0x00, 0x00, 0x00, 0x0E, 0x00, 0x00, 0x00, 0x05, 0x00, 0x00, 0x00, 0x05, 
0x00, 0x00, 0x00, 0x0E, 0x00, 0x00, 0x00, 0x01, 0x00, 0x00, 0x00, 0x00, 0x00, 0x00, 0x01, 0x3D, 
0x00, 0x00, 0x00, 0x0B, 0x00, 0x00, 0x00, 0x08, 0x00, 0x00, 0x00, 0x0A, 0x00, 0x00, 0x00, 0x0B, 
0x00, 0x00, 0x00, 0x01, 0x00, 0x00, 0x00, 0x00, 0x00, 0x00, 0x01, 0x3E, 0x00, 0x00, 0x00, 0x0B, 
0x00, 0x00, 0x00, 0x07, 0x00, 0x00, 0x00, 0x08, 0x00, 0x00, 0x00, 0x0B, 0x00, 0x00, 0x00, 0x01, 
0x00, 0x00, 0x00, 0x00, 0x00, 0x00, 0x01, 0x41, 0x00, 0x00, 0x00, 0x0B, 0x00, 0x00, 0x00, 0x08, 
0x00, 0x00, 0x00, 0x0A, 0x00, 0x00, 0x00, 0x0B, 0x00, 0x00, 0x00, 0x00, 0x00, 0x00, 0x00, 0x00, 
0x00, 0x00, 0x01, 0x42, 0x00, 0x00, 0x00, 0x0B, 0x00, 0x00, 0x00, 0x05, 0x00, 0x00, 0x00, 0x05, 
0x00, 0x00, 0x00, 0x0B, 0x00, 0x00, 0x00, 0x00, 0x00, 0x00, 0x00, 0x00, 0x00, 0x00, 0x01, 0x43, 
0x00, 0x00, 0x00, 0x0E, 0x00, 0x00, 0x00, 0x0A, 0x00, 0x00, 0x00, 0x0D, 0x00, 0x00, 0x00, 0x0E, 
0x00, 0x00, 0x00, 0x01, 0x00, 0x00, 0x00, 0x00, 0x00, 0x00, 0x01, 0x44, 0x00, 0x00, 0x00, 0x0B, 
0x00, 0x00, 0x00, 0x08, 0x00, 0x00, 0x00, 0x0A, 0x00, 0x00, 0x00, 0x0B, 0x00, 0x00, 0x00, 0x01, 
0x00, 0x00, 0x00, 0x00, 0x00, 0x00, 0x01, 0x47, 0x00, 0x00, 0x00, 0x0E, 0x00, 0x00, 0x00, 0x0A, 
0x00, 0x00, 0x00, 0x0D, 0x00, 0x00, 0x00, 0x0E, 0x00, 0x00, 0x00, 0x01, 0x00, 0x00, 0x00, 0x00, 
0x00, 0x00, 0x01, 0x48, 0x00, 0x00, 0x00, 0x0B, 0x00, 0x00, 0x00, 0x08, 0x00, 0x00, 0x00, 0x0A, 
0x00, 0x00, 0x00, 0x0B, 0x00, 0x00, 0x00, 0x01, 0x00, 0x00, 0x00, 0x00, 0x00, 0x00, 0x01, 0x50, 
0x00, 0x00, 0x00, 0x0E, 0x00, 0x00, 0x00, 0x0A, 0x00, 0x00, 0x00, 0x0D, 0x00, 0x00, 0x00, 0x0E, 
0x00, 0x00, 0x00, 0x01, 0x00, 0x00, 0x00, 0x00, 0x00, 0x00, 0x01, 0x51, 0x00, 0x00, 0x00, 0x0B, 
0x00, 0x00, 0x00, 0x08, 0x00, 0x00, 0x00, 0x0A, 0x00, 0x00, 0x00, 0x0B, 0x00, 0x00, 0x00, 0x01, 
0x00, 0x00, 0x00, 0x00, 0x00, 0x00, 0x01, 0x52, 0x00, 0x00, 0x00, 0x0B, 0x00, 0x00, 0x00, 0x0C, 
0x00, 0x00, 0x00, 0x0F, 0x00, 0x00, 0x00, 0x0B, 0x00, 0x00, 0x00, 0x01, 0x00, 0x00, 0x00, 0x00, 
0x00, 0x00, 0x01, 0x53, 0x00, 0x00, 0x00, 0x08, 0x00, 0x00, 0x00, 0x0E, 0x00, 0x00, 0x00, 0x0F, 
0x00, 0x00, 0x00, 0x08, 0x00, 0x00, 0x00, 0x01, 0x00, 0x00, 0x00, 0x00, 0x00, 0x00, 0x01, 0x54, 
0x00, 0x00, 0x00, 0x0E, 0x00, 0x00, 0x00, 0x0A, 0x00, 0x00, 0x00, 0x0C, 0x00, 0x00, 0x00, 0x0E, 
0x00, 0x00, 0x00, 0x01, 0x00, 0x00, 0x00, 0x00, 0x00, 0x00, 0x01, 0x55, 0x00, 0x00, 0x00, 0x0B, 
0x00, 0x00, 0x00, 0x06, 0x00, 0x00, 0x00, 0x07, 0x00, 0x00, 0x00, 0x0B, 0x00, 0x00, 0x00, 0x01, 
0x00, 0x00, 0x00, 0x00, 0x00, 0x00, 0x01, 0x58, 0x00, 0x00, 0x00, 0x0E, 0x00, 0x00, 0x00, 0x0A, 
0x00, 0x00, 0x00, 0x0C, 0x00, 0x00, 0x00, 0x0E, 0x00, 0x00, 0x00, 0x01, 0x00, 0x00, 0x00, 0x00, 
0x00, 0x00, 0x01, 0x59, 0x00, 0x00, 0x00, 0x0B, 0x00, 0x00, 0x00, 0x06, 0x00, 0x00, 0x00, 0x07, 
0x00, 0x00, 0x00, 0x0B, 0x00, 0x00, 0x00, 0x01, 0x00, 0x00, 0x00, 0x00, 0x00, 0x00, 0x01, 0x5A, 
0x00, 0x00, 0x00, 0x0E, 0x00, 0x00, 0x00, 0x08, 0x00, 0x00, 0x00, 0x0B, 0x00, 0x00, 0x00, 0x0E, 
0x00, 0x00, 0x00, 0x01, 0x00, 0x00, 0x00, 0x00, 0x00, 0x00, 0x01, 0x5B, 0x00, 0x00, 0x00, 0x0B, 
0x00, 0x00, 0x00, 0x07, 0x00, 0x00, 0x00, 0x09, 0x00, 0x00, 0x00, 0x0B, 0x00, 0x00, 0x00, 0x01, 
0x00, 0x00, 0x00, 0x00, 0x00, 0x00, 0x01, 0x5E, 0x00, 0x00, 0x00, 0x0E, 0x00, 0x00, 0x00, 0x08, 
0x00, 0x00, 0x00, 0x0B, 0x00, 0x00, 0x00, 0x0B, 0x00, 0x00, 0x00, 0x01, 0x00, 0x00, 0x00, 0x00, 
0x00, 0x00, 0x01, 0x5F, 0x00, 0x00, 0x00, 0x0B, 0x00, 0x00, 0x00, 0x07, 0x00, 0x00, 0x00, 0x09, 
0x00, 0x00, 0x00, 0x08, 0x00, 0x00, 0x00, 0x01, 0x00, 0x00, 0x00, 0x00, 0x00, 0x00, 0x01, 0x60, 
0x00, 0x00, 0x00, 0x0E, 0x00, 0x00, 0x00, 0x08, 0x00, 0x00, 0x00, 0x0B, 0x00, 0x00, 0x00, 0x0E, 
0x00, 0x00, 0x00, 0x01, 0x00, 0x00, 0x00, 0x00, 0x00, 0x00, 0x01, 0x61, 0x00, 0x00, 0x00, 0x0B, 
0x00, 0x00, 0x00, 0x07, 0x00, 0x00, 0x00, 0x09, 0x00, 0x00, 0x00, 0x0B, 0x00, 0x00, 0x00, 0x01, 
0x00, 0x00, 0x00, 0x00, 0x00, 0x00, 0x01, 0x62, 0x00, 0x00, 0x00, 0x0E, 0x00, 0x00, 0x00, 0x09, 
0x00, 0x00, 0x00, 0x0B, 0x00, 0x00, 0x00, 0x0B, 0x00, 0x00, 0x00, 0x01, 0x00, 0x00, 0x00, 0x00, 
0x00, 0x00, 0x01, 0x63, 0x00, 0x00, 0x00, 0x0E, 0x00, 0x00, 0x00, 0x06, 0x00, 0x00, 0x00, 0x07, 
0x00, 0x00, 0x00, 0x0B, 0x00, 0x00, 0x00, 0x00, 0x00, 0x00, 0x00, 0x00, 0x00, 0x00, 0x01, 0x64, 
0x00, 0x00, 0x00, 0x0E, 0x00, 0x00, 0x00, 0x09, 0x00, 0x00, 0x00, 0x0B, 0x00, 0x00, 0x00, 0x0E, 
0x00, 0x00, 0x00, 0x01, 0x00, 0x00, 0x00, 0x00, 0x00, 0x00, 0x01, 0x65, 0x00, 0x00, 0x00, 0x0B, 
0x00, 0x00, 0x00, 0x09, 0x00, 0x00, 0x00, 0x09, 0x00, 0x00, 0x00, 0x0B, 0x00, 0x00, 0x00, 0x00, 
0x00, 0x00, 0x00, 0x00, 0x00, 0x00, 0x01, 0x6E, 0x00, 0x00, 0x00, 0x10, 0x00, 0x00, 0x00, 0x0A, 
0x00, 0x00, 0x00, 0x0D, 0x00, 0x00, 0x00, 0x10, 0x00, 0x00, 0x00, 0x01, 0x00, 0x00, 0x00, 0x00, 
0x00, 0x00, 0x01, 0x6F, 0x00, 0x00, 0x00, 0x0D, 0x00, 0x00, 0x00, 0x08, 0x00, 0x00, 0x00, 0x0A, 
0x00, 0x00, 0x00, 0x0D, 0x00, 0x00, 0x00, 0x01, 0x00, 0x00, 0x00, 0x00, 0x00, 0x00, 0x01, 0x70, 
0x00, 0x00, 0x00, 0x0E, 0x00, 0x00, 0x00, 0x0A, 0x00, 0x00, 0x00, 0x0D, 0x00, 0x00, 0x00, 0x0E, 
0x00, 0x00, 0x00, 0x01, 0x00, 0x00, 0x00, 0x00, 0x00, 0x00, 0x01, 0x71, 0x00, 0x00, 0x00, 0x0B, 
0x00, 0x00, 0x00, 0x08, 0x00, 0x00, 0x00, 0x0A, 0x00, 0x00, 0x00, 0x0B, 0x00, 0x00, 0x00, 0x01, 
0x00, 0x00, 0x00, 0x00, 0x00, 0x00, 0x01, 0x78, 0x00, 0x00, 0x00, 0x0E, 0x00, 0x00, 0x00, 0x0B, 
0x00, 0x00, 0x00, 0x0C, 0x00, 0x00, 0x00, 0x0E, 0x00, 0x00, 0x00, 0x00, 0x00, 0x00, 0x00, 0x00, 
0x00, 0x00, 0x01, 0x79, 0x00, 0x00, 0x00, 0x0E, 0x00, 0x00, 0x00, 0x08, 0x00, 0x00, 0x00, 0x0B, 
0x00, 0x00, 0x00, 0x0E, 0x00, 0x00, 0x00, 0x01, 0x00, 0x00, 0x00, 0x00, 0x00, 0x00, 0x01, 0x7A, 
0x00, 0x00, 0x00, 0x0B, 0x00, 0x00, 0x00, 0x06, 0x00, 0x00, 0x00, 0x08, 0x00, 0x00, 0x00, 0x0B, 
0x00, 0x00, 0x00, 0x01, 0x00, 0x00, 0x00, 0x00, 0x00, 0x00, 0x01, 0x7B, 0x00, 0x00, 0x00, 0x0E, 
0x00, 0x00, 0x00, 0x08, 0x00, 0x00, 0x00, 0x0B, 0x00, 0x00, 0x00, 0x0E, 0x00, 0x00, 0x00, 0x01, 
0x00, 0x00, 0x00, 0x00, 0x00, 0x00, 0x01, 0x7C, 0x00, 0x00, 0x00, 0x0B, 0x00, 0x00, 0x00, 0x06, 
0x00, 0x00, 0x00, 0x08, 0x00, 0x00, 0x00, 0x0B, 0x00, 0x00, 0x00, 0x01, 0x00, 0x00, 0x00, 0x00, 
0x00, 0x00, 0x01, 0x7D, 0x00, 0x00, 0x00, 0x0E, 0x00, 0x00, 0x00, 0x08, 0x00, 0x00, 0x00, 0x0B, 
0x00, 0x00, 0x00, 0x0E, 0x00, 0x00, 0x00, 0x01, 0x00, 0x00, 0x00, 0x00, 0x00, 0x00, 0x01, 0x7E, 
0x00, 0x00, 0x00, 0x0B, 0x00, 0x00, 0x00, 0x06, 0x00, 0x00, 0x00, 0x08, 0x00, 0x00, 0x00, 0x0B, 
0x00, 0x00, 0x00, 0x01, 0x00, 0x00, 0x00, 0x00, 0x00, 0x00, 0x01, 0x92, 0x00, 0x00, 0x00, 0x0E, 
0x00, 0x00, 0x00, 0x09, 0x00, 0x00, 0x00, 0x0A, 0x00, 0x00, 0x00, 0x0B, 0x00, 0x00, 0x00, 0x00, 
0x00, 0x00, 0x00, 0x00, 0x00, 0x00, 0x02, 0xC6, 0x00, 0x00, 0x00, 0x02, 0x00, 0x00, 0x00, 0x06, 
0x00, 0x00, 0x00, 0x05, 0x00, 0x00, 0x00, 0x0B, 0x00, 0x00, 0x00, 0x00, 0x00, 0x00, 0x00, 0x00, 
0x00, 0x00, 0x02, 0xC7, 0x00, 0x00, 0x00, 0x02, 0x00, 0x00, 0x00, 0x06, 0x00, 0x00, 0x00, 0x05, 
0x00, 0x00, 0x00, 0x0B, 0x00, 0x00, 0x00, 0x00, 0x00, 0x00, 0x00, 0x00, 0x00, 0x00, 0x02, 0xD8, 
0x00, 0x00, 0x00, 0x02, 0x00, 0x00, 0x00, 0x05, 0x00, 0x00, 0x00, 0x05, 0x00, 0x00, 0x00, 0x0B, 
0x00, 0x00, 0x00, 0x00, 0x00, 0x00, 0x00, 0x00, 0x00, 0x00, 0x02, 0xD9, 0x00, 0x00, 0x00, 0x02, 
0x00, 0x00, 0x00, 0x02, 0x00, 0x00, 0x00, 0x05, 0x00, 0x00, 0x00, 0x0B, 0x00, 0x00, 0x00, 0x01, 
0x00, 0x00, 0x00, 0x00, 0x00, 0x00, 0x02, 0xDA, 0x00, 0x00, 0x00, 0x04, 0x00, 0x00, 0x00, 0x04, 
0x00, 0x00, 0x00, 0x05, 0x00, 0x00, 0x00, 0x0D, 0x00, 0x00, 0x00, 0x01, 0x00, 0x00, 0x00, 0x00, 
0x00, 0x00, 0x02, 0xDB, 0x00, 0x00, 0x00, 0x03, 0x00, 0x00, 0x00, 0x04, 0x00, 0x00, 0x00, 0x05, 
0x00, 0x00, 0x00, 0x00, 0x00, 0x00, 0x00, 0x01, 0x00, 0x00, 0x00, 0x00, 0x00, 0x00, 0x02, 0xDC, 
0x00, 0x00, 0x00, 0x02, 0x00, 0x00, 0x00, 0x05, 0x00, 0x00, 0x00, 0x05, 0x00, 0x00, 0x00, 0x0B, 
0x00, 0x00, 0x00, 0x00, 0x00, 0x00, 0x00, 0x00, 0x00, 0x00, 0x02, 0xDD, 0x00, 0x00, 0x00, 0x02, 
0x00, 0x00, 0x00, 0x06, 0x00, 0x00, 0x00, 0x05, 0x00, 0x00, 0x00, 0x0B, 0x00, 0x00, 0x00, 0x01, 
0x00, 0x00, 0x00, 0x00, 0x00, 0x00, 0x03, 0xA9, 0x00, 0x00, 0x00, 0x0B, 0x00, 0x00, 0x00, 0x0A, 
0x00, 0x00, 0x00, 0x0D, 0x00, 0x00, 0x00, 0x0B, 0x00, 0x00, 0x00, 0x01, 0x00, 0x00, 0x00, 0x00, 
0x00, 0x00, 0x03, 0xC0, 0x00, 0x00, 0x00, 0x08, 0x00, 0x00, 0x00, 0x0B, 0x00, 0x00, 0x00, 0x0B, 
0x00, 0x00, 0x00, 0x08, 0x00, 0x00, 0x00, 0x00, 0x00, 0x00, 0x00, 0x00, 0x00, 0x00, 0x20, 0x13, 
0x00, 0x00, 0x00, 0x02, 0x00, 0x00, 0x00, 0x08, 0x00, 0x00, 0x00, 0x08, 0x00, 0x00, 0x00, 0x05, 
0x00, 0x00, 0x00, 0x00, 0x00, 0x00, 0x00, 0x00, 0x00, 0x00, 0x20, 0x14, 0x00, 0x00, 0x00, 0x02, 
0x00, 0x00, 0x00, 0x0F, 0x00, 0x00, 0x00, 0x0F, 0x00, 0x00, 0x00, 0x05, 0x00, 0x00, 0x00, 0x00, 
0x00, 0x00, 0x00, 0x00, 0x00, 0x00, 0x20, 0x18, 0x00, 0x00, 0x00, 0x06, 0x00, 0x00, 0x00, 0x03, 
0x00, 0x00, 0x00, 0x04, 0x00, 0x00, 0x00, 0x0B, 0x00, 0x00, 0x00, 0x00, 0x00, 0x00, 0x00, 0x00, 
0x00, 0x00, 0x20, 0x19, 0x00, 0x00, 0x00, 0x06, 0x00, 0x00, 0x00, 0x03, 0x00, 0x00, 0x00, 0x04, 
0x00, 0x00, 0x00, 0x0B, 0x00, 0x00, 0x00, 0x00, 0x00, 0x00, 0x00, 0x00, 0x00, 0x00, 0x20, 0x1A, 
0x00, 0x00, 0x00, 0x06, 0x00, 0x00, 0x00, 0x03, 0x00, 0x00, 0x00, 0x04, 0x00, 0x00, 0x00, 0x03, 
0x00, 0x00, 0x00, 0x00, 0x00, 0x00, 0x00, 0x00, 0x00, 0x00, 0x20, 0x1C, 0x00, 0x00, 0x00, 0x06, 
0x00, 0x00, 0x00, 0x07, 0x00, 0x00, 0x00, 0x08, 0x00, 0x00, 0x00, 0x0B, 0x00, 0x00, 0x00, 0x00, 
0x00, 0x00, 0x00, 0x00, 0x00, 0x00, 0x20, 0x1D, 0x00, 0x00, 0x00, 0x06, 0x00, 0x00, 0x00, 0x07, 
0x00, 0x00, 0x00, 0x08, 0x00, 0x00, 0x00, 0x0B, 0x00, 0x00, 0x00, 0x00, 0x00, 0x00, 0x00, 0x00, 
0x00, 0x00, 0x20, 0x1E, 0x00, 0x00, 0x00, 0x06, 0x00, 0x00, 0x00, 0x07, 0x00, 0x00, 0x00, 0x08, 
0x00, 0x00, 0x00, 0x03, 0x00, 0x00, 0x00, 0x00, 0x00, 0x00, 0x00, 0x00, 0x00, 0x00, 0x20, 0x20, 
0x00, 0x00, 0x00, 0x0E, 0x00, 0x00, 0x00, 0x08, 0x00, 0x00, 0x00, 0x0A, 0x00, 0x00, 0x00, 0x0B, 
0x00, 0x00, 0x00, 0x01, 0x00, 0x00, 0x00, 0x00, 0x00, 0x00, 0x20, 0x21, 0x00, 0x00, 0x00, 0x0E, 
0x00, 0x00, 0x00, 0x08, 0x00, 0x00, 0x00, 0x0A, 0x00, 0x00, 0x00, 0x0B, 0x00, 0x00, 0x00, 0x01, 
0x00, 0x00, 0x00, 0x00, 0x00, 0x00, 0x20, 0x22, 0x00, 0x00, 0x00, 0x05, 0x00, 0x00, 0x00, 0x05, 
0x00, 0x00, 0x00, 0x08, 0x00, 0x00, 0x00, 0x08, 0x00, 0x00, 0x00, 0x01, 0x00, 0x00, 0x00, 0x00, 
0x00, 0x00, 0x20, 0x26, 0x00, 0x00, 0x00, 0x03, 0x00, 0x00, 0x00, 0x0D, 0x00, 0x00, 0x00, 0x0F, 
0x00, 0x00, 0x00, 0x03, 0x00, 0x00, 0x00, 0x01, 0x00, 0x00, 0x00, 0x00, 0x00, 0x00, 0x20, 0x30, 
0x00, 0x00, 0x00, 0x0B, 0x00, 0x00, 0x00, 0x0F, 0x00, 0x00, 0x00, 0x0F, 0x00, 0x00, 0x00, 0x0B, 
0x00, 0x00, 0x00, 0x00, 0x00, 0x00, 0x00, 0x00, 0x00, 0x00, 0x20, 0x39, 0x00, 0x00, 0x00, 0x07, 
0x00, 0x00, 0x00, 0x04, 0x00, 0x00, 0x00, 0x05, 0x00, 0x00, 0x00, 0x08, 0x00, 0x00, 0x00, 0x00, 
0x00, 0x00, 0x00, 0x00, 0x00, 0x00, 0x20, 0x3A, 0x00, 0x00, 0x00, 0x07, 0x00, 0x00, 0x00, 0x04, 
0x00, 0x00, 0x00, 0x05, 0x00, 0x00, 0x00, 0x08, 0x00, 0x00, 0x00, 0x01, 0x00, 0x00, 0x00, 0x00, 
0x00, 0x00, 0x20, 0x44, 0x00, 0x00, 0x00, 0x0B, 0x00, 0x00, 0x00, 0x08, 0x00, 0x00, 0x00, 0x03, 
0x00, 0x00, 0x00, 0x0B, 0xFF, 0xFF, 0xFF, 0xFD, 0x00, 0x00, 0x00, 0x00, 0x00, 0x00, 0x20, 0xAC, 
0x00, 0x00, 0x00, 0x0B, 0x00, 0x00, 0x00, 0x0A, 0x00, 0x00, 0x00, 0x0A, 0x00, 0x00, 0x00, 0x0B, 
0xFF, 0xFF, 0xFF, 0xFF, 0x00, 0x00, 0x00, 0x00, 0x00, 0x00, 0x21, 0x22, 0x00, 0x00, 0x00, 0x06, 
0x00, 0x00, 0x00, 0x0E, 0x00, 0x00, 0x00, 0x0E, 0x00, 0x00, 0x00, 0x0B, 0x00, 0x00, 0x00, 0x00, 
0x00, 0x00, 0x00, 0x00, 0x00, 0x00, 0x22, 0x02, 0x00, 0x00, 0x00, 0x0B, 0x00, 0x00, 0x00, 0x05, 
0x00, 0x00, 0x00, 0x08, 0x00, 0x00, 0x00, 0x0B, 0x00, 0x00, 0x00, 0x01, 0x00, 0x00, 0x00, 0x00, 
0x00, 0x00, 0x22, 0x06, 0x00, 0x00, 0x00, 0x0A, 0x00, 0x00, 0x00, 0x09, 0x00, 0x00, 0x00, 0x09, 
0x00, 0x00, 0x00, 0x0A, 0x00, 0x00, 0x00, 0x00, 0x00, 0x00, 0x00, 0x00, 0x00, 0x00, 0x22, 0x0F, 
0x00, 0x00, 0x00, 0x0E, 0x00, 0x00, 0x00, 0x0B, 0x00, 0x00, 0x00, 0x0C, 0x00, 0x00, 0x00, 0x0B, 
0x00, 0x00, 0x00, 0x00, 0x00, 0x00, 0x00, 0x00, 0x00, 0x00, 0x22, 0x11, 0x00, 0x00, 0x00, 0x0E, 
0x00, 0x00, 0x00, 0x0A, 0x00, 0x00, 0x00, 0x0B, 0x00, 0x00, 0x00, 0x0B, 0x00, 0x00, 0x00, 0x00, 
0x00, 0x00, 0x00, 0x00, 0x00, 0x00, 0x22, 0x1A, 0x00, 0x00, 0x00, 0x0E, 0x00, 0x00, 0x00, 0x08, 
0x00, 0x00, 0x00, 0x08, 0x00, 0x00, 0x00, 0x0E, 0x00, 0x00, 0x00, 0x00, 0x00, 0x00, 0x00, 0x00, 
0x00, 0x00, 0x22, 0x1E, 0x00, 0x00, 0x00, 0x04, 0x00, 0x00, 0x00, 0x09, 0x00, 0x00, 0x00, 0x09, 
0x00, 0x00, 0x00, 0x08, 0x00, 0x00, 0x00, 0x00, 0x00, 0x00, 0x00, 0x00, 0x00, 0x00, 0x22, 0x2B, 
0x00, 0x00, 0x00, 0x10, 0x00, 0x00, 0x00, 0x03, 0x00, 0x00, 0x00, 0x04, 0x00, 0x00, 0x00, 0x0E, 
0x00, 0x00, 0x00, 0x00, 0x00, 0x00, 0x00, 0x00, 0x00, 0x00, 0x22, 0x48, 0x00, 0x00, 0x00, 0x06, 
0x00, 0x00, 0x00, 0x08, 0x00, 0x00, 0x00, 0x0A, 0x00, 0x00, 0x00, 0x08, 0x00, 0x00, 0x00, 0x01, 
0x00, 0x00, 0x00, 0x00, 0x00, 0x00, 0x22, 0x60, 0x00, 0x00, 0x00, 0x0D, 0x00, 0x00, 0x00, 0x08, 
0x00, 0x00, 0x00, 0x0A, 0x00, 0x00, 0x00, 0x0C, 0x00, 0x00, 0x00, 0x01, 0x00, 0x00, 0x00, 0x00, 
0x00, 0x00, 0x22, 0x64, 0x00, 0x00, 0x00, 0x0C, 0x00, 0x00, 0x00, 0x08, 0x00, 0x00, 0x00, 0x0A, 
0x00, 0x00, 0x00, 0x0B, 0x00, 0x00, 0x00, 0x00, 0x00, 0x00, 0x00, 0x00, 0x00, 0x00, 0x22, 0x65, 
0x00, 0x00, 0x00, 0x0C, 0x00, 0x00, 0x00, 0x08, 0x00, 0x00, 0x00, 0x0A, 0x00, 0x00, 0x00, 0x0B, 
0x00, 0x00, 0x00, 0x02, 0x00, 0x00, 0x00, 0x00, 0x00, 0x00, 0x25, 0xCA, 0x00, 0x00, 0x00, 0x0A, 
0x00, 0x00, 0x00, 0x07, 0x00, 0x00, 0x00, 0x07, 0x00, 0x00, 0x00, 0x0A, 0x00, 0x00, 0x00, 0x00, 
0x00, 0x00, 0x00, 0x00, 0x00, 0x00, 0xFB, 0x01, 0x00, 0x00, 0x00, 0x0B, 0x00, 0x00, 0x00, 0x09, 
0x00, 0x00, 0x00, 0x0A, 0x00, 0x00, 0x00, 0x0B, 0x00, 0x00, 0x00, 0x00, 0x00, 0x00, 0x00, 0x00, 
0x00, 0x00, 0xFB, 0x02, 0x00, 0x00, 0x00, 0x0B, 0x00, 0x00, 0x00, 0x09, 0x00, 0x00, 0x00, 0x0A, 
0x00, 0x00, 0x00, 0x0B, 0x00, 0x00, 0x00, 0x00, 0x00, 0x00, 0x00, 0x00, 0xFF, 0xFF, 0xFF, 0xFF, 
0xFF, 0xFF, 0xF9, 0xFF, 0xF9, 0xE0, 0xFF, 0xDE, 0xC5, 0xFF, 0xC2, 0xA9, 0xFF, 0xA6, 0x8E, 0xFF, 
0x8A, 0x00, 0x00, 0x00, 0xFF, 0xFF, 0xFF, 0xFF, 0xFF, 0xFF, 0xFF, 0xFF, 0xFF, 0xFF, 0xFF, 0xFF, 
0x00, 0xFF, 0xFF, 0xFF, 0xFE, 0xFF, 0xFE, 0x00, 0xFE, 0xFF, 0xFE, 0xD9, 0xFF, 0xD9, 0x00, 0xD9, 
0xFF, 0xD9, 0xA0, 0xFF, 0xA3, 0x00, 0xA0, 0xFF, 0xA3, 0x00, 0x00, 0x17, 0xFF, 0xEF, 0x00, 0x20, 
0xFF, 0xE8, 0x00, 0x00, 0x46, 0xFF, 0xC1, 0x00, 0x4E, 0xFF, 0xB9, 0x00, 0x00, 0x75, 0xFF, 0x93, 
0x00, 0x7D, 0xFF, 0x8B, 0xFF, 0xFF, 0xFF, 0xFF, 0xFF, 0xFF, 0xFF, 0xFF, 0xFF, 0xFF, 0xFF, 0xFF, 
0xFF, 0xFF, 0xFF, 0xFF, 0xFF, 0xFF, 0x00, 0x05, 0xF9, 0xFD, 0x0A, 0x0A, 0xFD, 0xFA, 0x06, 0x00, 
0x2D, 0xFF, 0xDA, 0x00, 0x35, 0xFF, 0xD2, 0x00, 0xFF, 0xFF, 0xFF, 0xFF, 0xFF, 0xFF, 0xFF, 0xFF, 
0xFF, 0xFF, 0xFF, 0xFF, 0xFF, 0xFF, 0xFF, 0xFF, 0xFF, 0xFF, 0x00, 0xBC, 0xFF, 0x4C, 0x00, 0xC4, 
0xFF, 0x44, 0x00, 0x00, 0xE9, 0xFF, 0x1E, 0x00, 0xF0, 0xFF, 0x16, 0x00, 0x00, 0x00, 0x00, 0x00, 
0xFF, 0x00, 0x00, 0x00, 0x00, 0x00, 0x3C, 0xB5, 0xE7, 0xFF, 0xEC, 0xBF, 0x54, 0x00, 0x4F, 0xFF, 
0xFF, 0xFF, 0xFF, 0xFF, 0xFF, 0xFF, 0x6E, 0xD2, 0xFF, 0xFF, 0x46, 0xFF, 0x63, 0xEE, 0xCB, 0x93, 
0xF6, 0xFF, 0xFF, 0x4C, 0xFF, 0x00, 0x00, 0x00, 0x00, 0xCD, 0xFF, 0xFF, 0xFF, 0xFF, 0xC2, 0x6E, 
0x0E, 0x00, 0x40, 0xF6, 0xFF, 0xFF, 0xFF, 0xFF, 0xFF, 0xE8, 0x30, 0x00, 0x22, 0x81, 0xBE, 0xFF, 
0xFF, 0xFF, 0xFF, 0xC8, 0x00, 0x00, 0x00, 0x00, 0xFF, 0x5F, 0xFF, 0xFF, 0xF8, 0xAB, 0xDB, 0xF3, 
0x60, 0xFF, 0x47, 0xFF, 0xFF, 0xD3, 0x6C, 0xFF, 0xFF, 0xFF, 0xFF, 0xFF, 0xFF, 0xFB, 0x41, 0x00, 
0x51, 0xC2, 0xF1, 0xFF, 0xF4, 0xBD, 0x3C, 0x00, 0x00, 0x00, 0x00, 0x00, 0xFF, 0x00, 0x00, 0x00, 
0x00, 0x10, 0xA3, 0xF0, 0xEA, 0x9B, 0x0D, 0x00, 0x00, 0x42, 0xB8, 0x00, 0x00, 0x00, 0xA3, 0xFF, 
0x54, 0x54, 0xFF, 0x9B, 0x00, 0x01, 0xCA, 0x2F, 0x00, 0x00, 0x00, 0xF1, 0xFF, 0x0B, 0x0B, 0xFF, 
0xEA, 0x00, 0x5B, 0xA1, 0x00, 0x00, 0x00, 0x00, 0xF1, 0xFF, 0x0B, 0x0B, 0xFF, 0xEA, 0x07, 0xD7, 
0x1E, 0x00, 0x00, 0x00, 0x00, 0xA3, 0xFF, 0x56, 0x56, 0xFF, 0x9C, 0x73, 0x89, 0x00, 0x00, 0x00, 
0x00, 0x00, 0x11, 0xA6, 0xF1, 0xEB, 0x9D, 0x1F, 0xDB, 0x20, 0xA3, 0xF0, 0xEA, 0x9B, 0x0D, 0x00, 
0x00, 0x00, 0x00, 0x00, 0x8B, 0x71, 0xA1, 0xFF, 0x55, 0x55, 0xFF, 0x9B, 0x00, 0x00, 0x00, 0x00, 
0x1E, 0xD6, 0x06, 0xF0, 0xFF, 0x0B, 0x0B, 0xFF, 0xEA, 0x00, 0x00, 0x00, 0x00, 0xA3, 0x59, 0x00, 
0xF1, 0xFF, 0x0B, 0x0B, 0xFF, 0xEA, 0x00, 0x00, 0x00, 0x30, 0xCA, 0x01, 0x00, 0xA3, 0xFF, 0x54, 
0x54, 0xFF, 0x9C, 0x00, 0x00, 0x00, 0xBA, 0x41, 0x00, 0x00, 0x10, 0xA3, 0xF1, 0xEB, 0x9D, 0x0E, 
0x00, 0x00, 0x0C, 0x8C, 0xDE, 0xF7, 0xE1, 0x96, 0x11, 0x00, 0x00, 0x00, 0x00, 0x00, 0xA0, 0xFF, 
0xFF, 0xFF, 0xFF, 0xFF, 0xAF, 0x00, 0x00, 0x00, 0x00, 0x00, 0xEF, 0xFF, 0xFF, 0x3B, 0xFF, 0xFF, 
0xF3, 0x00, 0x00, 0x00, 0x00, 0x00, 0xD7, 0xFF, 0xFF, 0x5F, 0xFF, 0xFF, 0xB3, 0x00, 0x00, 0x00, 
0x00, 0x00, 0x63, 0xFF, 0xFF, 0xFC, 0xFF, 0xBF, 0x10, 0x00, 0x00, 0x00, 0x00, 0x13, 0x7B, 0xF9, 
0xFF, 0xFF, 0x8A, 0x00, 0x00, 0x00, 0x00, 0x00, 0x32, 0xE7, 0xFF, 0xFD, 0xC8, 0xFF, 0xF7, 0x80, 
0xEC, 0xC5, 0x8A, 0x00, 0xCD, 0xFF, 0xFF, 0x38, 0x00, 0xA2, 0xFF, 0xFF, 0xFF, 0xFF, 0x68, 0x00, 
0xEF, 0xFF, 0xFF, 0x63, 0x09, 0x46, 0xFA, 0xFF, 0xFF, 0xFF, 0x94, 0x1A, 0xA5, 0xFF, 0xFF, 0xFF, 
0xFF, 0xFF, 0xFF, 0xF9, 0xFF, 0xFF, 0xFF, 0x72, 0x10, 0xB5, 0xFE, 0xFF, 0xFF, 0xFD, 0xBB, 0x29, 
0x36, 0xAD, 0x9E, 0x00, 0x00, 0x00, 0x16, 0x39, 0x35, 0x13, 0x00, 0x00, 0x00, 0x00, 0x00, 0x00, 
0xFF, 0xFF, 0xFF, 0xFE, 0xFF, 0xFE, 0xD9, 0xFF, 0xD9, 0xA0, 0xFF, 0xA3, 0x00, 0x00, 0x62, 0xFF, 
0xBF, 0x00, 0x2F, 0xF7, 0xFF, 0x40, 0x00, 0xC3, 0xFF, 0xC8, 0x00, 0x46, 0xFF, 0xFF, 0x56, 0x00, 
0x9D, 0xFF, 0xFF, 0x20, 0x00, 0xDA, 0xFF, 0xFF, 0x14, 0x00, 0xF4, 0xFF, 0xFF, 0x07, 0x00, 0xF3, 
0xFF, 0xFF, 0x06, 0x00, 0xD8, 0xFF, 0xFF, 0x1A, 0x00, 0x98, 0xFF, 0xFF, 0x45, 0x00, 0x3F, 0xFF, 
0xFF, 0x81, 0x00, 0x00, 0xBA, 0xFF, 0xD9, 0x00, 0x00, 0x27, 0xF4, 0xFF, 0x40, 0x00, 0x00, 0x5F, 
0xFF, 0xBF, 0xC0, 0xFF, 0x62, 0x00, 0x00, 0x41, 0xFF, 0xF7, 0x2F, 0x00, 0x00, 0xC8, 0xFF, 0xC2, 
0x00, 0x00, 0x57, 0xFF, 0xFF, 0x45, 0x00, 0x20, 0xFF, 0xFF, 0x9B, 0x00, 0x14, 0xFF, 0xFF, 0xD9, 
0x00, 0x08, 0xFF, 0xFF, 0xF3, 0x00, 0x07, 0xFF, 0xFF, 0xF2, 0x00, 0x1A, 0xFF, 0xFF, 0xD7, 0x00, 
0x45, 0xFF, 0xFF, 0x97, 0x00, 0x82, 0xFF, 0xFF, 0x3E, 0x00, 0xD9, 0xFF, 0xB9, 0x00, 0x40, 0xFF, 
0xF4, 0x27, 0x00, 0xBF, 0xFF, 0x5E, 0x00, 0x00, 0x00, 0x00, 0xEE, 0xEF, 0x00, 0x00, 0x29, 0x6A, 
0xC7, 0xC8, 0x4F, 0x44, 0xB7, 0xFF, 0xF6, 0xF3, 0xFF, 0xC5, 0x17, 0x6A, 0xFF, 0xFF, 0x74, 0x1C, 
0x00, 0xC1, 0xBF, 0xB8, 0xC2, 0x00, 0x00, 0x80, 0x34, 0x1D, 0x8E, 0x00, 0x00, 0x00, 0x00, 0xFF, 
0xFF, 0x00, 0x00, 0x00, 0x00, 0x00, 0x00, 0xFF, 0xFF, 0x00, 0x00, 0x00, 0x00, 0x00, 0x00, 0xFF, 
0xFF, 0x00, 0x00, 0x00, 0xFF, 0xFF, 0xFF, 0xFF, 0xFF, 0xFF, 0xFF, 0xFF, 0xFF, 0xFF, 0xFF, 0xFF, 
0xFF, 0xFF, 0xFF, 0xFF, 0x00, 0x00, 0x00, 0xFF, 0xFF, 0x00, 0x00, 0x00, 0x00, 0x00, 0x00, 0xFF, 
0xFF, 0x00, 0x00, 0x00, 0x00, 0x00, 0x00, 0xFF, 0xFF, 0x00, 0x00, 0x00, 0xFF, 0xFF, 0xFF, 0xFF, 
0xFF, 0xFF, 0xFF, 0xFF, 0xFB, 0x20, 0xFF, 0xDB, 0xB5, 0xFF, 0x6D, 0xA4, 0x66, 0x00, 0xFF, 0xFF, 
0xFF, 0xFF, 0xFF, 0xFF, 0xFF, 0xFF, 0xFF, 0xFF, 0xFF, 0xFF, 0xFF, 0xFF, 0xFF, 0xFF, 0xFF, 0xFF, 
0xFF, 0x00, 0x00, 0x1F, 0xDB, 0x00, 0x00, 0x66, 0x96, 0x00, 0x00, 0xAC, 0x50, 0x00, 0x03, 0xEA, 
0x0E, 0x00, 0x38, 0xC4, 0x00, 0x00, 0x7E, 0x7D, 0x00, 0x00, 0xC5, 0x37, 0x00, 0x0E, 0xEA, 0x02, 
0x00, 0x51, 0xAB, 0x00, 0x00, 0x97, 0x65, 0x00, 0x00, 0xDC, 0x1F, 0x00, 0x00, 0x00, 0x5C, 0xD8, 
0xF9, 0xDE, 0x54, 0x00, 0x44, 0xFF, 0xFF, 0xFF, 0xFF, 0xFE, 0x39, 0xAB, 0xFF, 0xFF, 0x6A, 0xFF, 
0xFF, 0xA1, 0xDF, 0xFF, 0xFF, 0x18, 0xFF, 0xFF, 0xD1, 0xF6, 0xFF, 0xFF, 0x05, 0xFF, 0xFF, 0xE9, 
0xFC, 0xFF, 0xFF, 0x01, 0xFF, 0xFF, 0xFB, 0xEC, 0xFF, 0xFF, 0x06, 0xFF, 0xFF, 0xF4, 0xD6, 0xFF, 
0xFF, 0x1B, 0xFF, 0xFF, 0xDA, 0xA3, 0xFF, 0xFF, 0x6B, 0xFF, 0xFF, 0xA6, 0x37, 0xFD, 0xFF, 0xFF, 
0xFF, 0xFF, 0x41, 0x00, 0x5A, 0xDA, 0xFA, 0xDC, 0x64, 0x00, 0x00, 0x00, 0x00, 0xB7, 0xFF, 0xFF, 
0x00, 0x00, 0x5E, 0xFF, 0xFF, 0xFF, 0x0C, 0x82, 0xFD, 0xFF, 0xFF, 0xFF, 0xEE, 0xFF, 0xED, 0xFF, 
0xFF, 0xFF, 0xD9, 0x7F, 0x0F, 0xFF, 0xFF, 0xFF, 0x00, 0x00, 0x00, 0xFF, 0xFF, 0xFF, 0x00, 0x00, 
0x00, 0xFF, 0xFF, 0xFF, 0x00, 0x00, 0x00, 0xFF, 0xFF, 0xFF, 0x00, 0x00, 0x00, 0xFF, 0xFF, 0xFF, 
0x00, 0x00, 0x00, 0xFF, 0xFF, 0xFF, 0x00, 0x00, 0x00, 0xFF, 0xFF, 0xFF, 0x00, 0x07, 0x92, 0xE9, 
0xF9, 0xDB, 0x6A, 0x00, 0x00, 0x87, 0xFF, 0xFF, 0xFF, 0xFF, 0xFF, 0x49, 0x00, 0xE7, 0xFF, 0xFF, 
0x5B, 0xFF, 0xFF, 0xA5, 0x0C, 0xC4, 0xDC, 0xF4, 0x0A, 0xFE, 0xFF, 0xB9, 0x00, 0x00, 0x00, 0x00, 
0x09, 0xFD, 0xFF, 0x9B, 0x00, 0x00, 0x00, 0x00, 0x93, 0xFF, 0xFF, 0x46, 0x00, 0x00, 0x00, 0x7D, 
0xFF, 0xFF, 0xA2, 0x00, 0x00, 0x00, 0x60, 0xFF, 0xFF, 0xB3, 0x05, 0x00, 0x00, 0x24, 0xF7, 0xFF, 
0xC4, 0x07, 0x00, 0x00, 0x00, 0x9A, 0xFF, 0xFF, 0xFF, 0xFF, 0xFF, 0xFF, 0x00, 0xE5, 0xFF, 0xFF, 
0xFF, 0xFF, 0xFF, 0xFF, 0x00, 0x03, 0x82, 0xE0, 0xF3, 0xC1, 0x5C, 0x00, 0x00, 0x83, 0xFF, 0xFF, 
0xFF, 0xFF, 0xFF, 0x67, 0x00, 0x9F, 0xD2, 0xF1, 0x40, 0xFF, 0xFF, 0xB2, 0x00, 0x00, 0x00, 0x00, 
0x2F, 0xFF, 0xFF, 0x80, 0x00, 0x00, 0x00, 0x00, 0xE2, 0xFF, 0x8A, 0x03, 0x00, 0x00, 0x00, 0x00, 
0xF4, 0xFF, 0xE6, 0x27, 0x00, 0x00, 0x00, 0x00, 0x36, 0xFF, 0xFF, 0xBA, 0x00, 0x00, 0x00, 0x00, 
0x04, 0xFF, 0xFF, 0xD8, 0x18, 0xCE, 0xE2, 0xF5, 0x49, 0xFF, 0xFF, 0xB4, 0x00, 0xB9, 0xFF, 0xFF, 
0xFF, 0xFF, 0xFF, 0x4A, 0x00, 0x12, 0xA1, 0xEC, 0xF9, 0xD7, 0x5F, 0x00, 0x00, 0x00, 0x00, 0x00, 
0x62, 0xFF, 0xFF, 0xFF, 0x00, 0x00, 0x00, 0x00, 0x2F, 0xF7, 0xFF, 0xFF, 0xFF, 0x00, 0x00, 0x00, 
0x0F, 0xDB, 0xFF, 0xFF, 0xFF, 0xFF, 0x00, 0x00, 0x00, 0xAE, 0xFF, 0x9D, 0xFF, 0xFF, 0xFF, 0x00, 
0x00, 0x74, 0xFF, 0xD0, 0x09, 0xFF, 0xFF, 0xFF, 0x00, 0x3C, 0xFB, 0xF1, 0x24, 0x00, 0xFF, 0xFF, 
0xFF, 0x00, 0xE5, 0xFF, 0x52, 0x00, 0x00, 0xFF, 0xFF, 0xFF, 0x00, 0xFF, 0xFF, 0xFF, 0xFF, 0xFF, 
0xFF, 0xFF, 0xFF, 0xFF, 0xFF, 0xFF, 0xFF, 0xFF, 0xFF, 0xFF, 0xFF, 0xFF, 0xFF, 0x00, 0x00, 0x00, 
0x00, 0x00, 0xFF, 0xFF, 0xFF, 0x00, 0x00, 0x00, 0x00, 0x00, 0x00, 0xFF, 0xFF, 0xFF, 0x00, 0x00, 
0x17, 0xFF, 0xFF, 0xFF, 0xFF, 0xFF, 0xFF, 0x00, 0x47, 0xFF, 0xFF, 0xFF, 0xFF, 0xFF, 0xFF, 0x00, 
0x76, 0xFF, 0xFF, 0x2E, 0x00, 0x00, 0x00, 0x00, 0xA5, 0xFF, 0xFF, 0xA4, 0xB8, 0x68, 0x00, 0x00, 
0xD4, 0xFF, 0xFF, 0xFF, 0xFF, 0xFF, 0x5A, 0x00, 0x7F, 0xAB, 0x9D, 0x47, 0xFF, 0xFF, 0xCA, 0x00, 
0x00, 0x00, 0x00, 0x07, 0xFF, 0xFF, 0xF3, 0x00, 0x00, 0x00, 0x00, 0x05, 0xFF, 0xFF, 0xEF, 0x16, 
0xD4, 0xE5, 0xF6, 0x54, 0xFF, 0xFF, 0xB6, 0x00, 0xB2, 0xFF, 0xFF, 0xFF, 0xFF, 0xFE, 0x40, 0x00, 
0x0E, 0x94, 0xE3, 0xF8, 0xD4, 0x55, 0x00, 0x00, 0x36, 0xC4, 0xF7, 0xEC, 0x96, 0x06, 0x22, 0xF3, 
0xFF, 0xFF, 0xFF, 0xFF, 0x8A, 0x92, 0xFF, 0xFF, 0x64, 0xF2, 0xD7, 0xA8, 0xD3, 0xFF, 0xFF, 0x14, 
0x00, 0x00, 0x00, 0xF3, 0xFF, 0xFF, 0x77, 0xF2, 0xB3, 0x0D, 0xFC, 0xFF, 0xFF, 0xFD, 0xFF, 0xFF, 
0x8D, 0xF1, 0xFF, 0xFF, 0x53, 0xFF, 0xFF, 0xE0, 0xD6, 0xFF, 0xFF, 0x0F, 0xFF, 0xFF, 0xF8, 0x97, 
0xFF, 0xFF, 0x53, 0xFF, 0xFF, 0xD9, 0x26, 0xF8, 0xFF, 0xFF, 0xFF, 0xFF, 0x75, 0x00, 0x43, 0xCB, 
0xF6, 0xE7, 0x85, 0x03, 0xFF, 0xFF, 0xFF, 0xFF, 0xFF, 0xFF, 0xFF, 0xFF, 0xFF, 0xFF, 0xFF, 0xFF, 
0xFF, 0xF1, 0x00, 0x00, 0x00, 0x0C, 0xE1, 0xFF, 0x5F, 0x00, 0x00, 0x00, 0x90, 0xFF, 0xCC, 0x01, 
0x00, 0x00, 0x26, 0xFD, 0xFF, 0x59, 0x00, 0x00, 0x00, 0x9C, 0xFF, 0xF1, 0x08, 0x00, 0x00, 0x0B, 
0xF8, 0xFF, 0xB0, 0x00, 0x00, 0x00, 0x4F, 0xFF, 0xFF, 0x71, 0x00, 0x00, 0x00, 0x93, 0xFF, 0xFF, 
0x43, 0x00, 0x00, 0x00, 0xC0, 0xFF, 0xFF, 0x21, 0x00, 0x00, 0x00, 0xEB, 0xFF, 0xFF, 0x0B, 0x00, 
0x00, 0x0A, 0x8D, 0xE3, 0xF7, 0xDB, 0x85, 0x0A, 0xA4, 0xFF, 0xFF, 0xFF, 0xFF, 0xFF, 0x9B, 0xF6, 
0xFF, 0xFF, 0x40, 0xFF, 0xFF, 0xEE, 0xD0, 0xFF, 0xFF, 0x3D, 0xFF, 0xFF, 0xCF, 0x2C, 0xD1, 0xFF, 
0xFF, 0xFF, 0xD3, 0x29, 0x27, 0xD5, 0xFF, 0xFF, 0xFF, 0xD6, 0x21, 0xC5, 0xFF, 0xFF, 0x57, 0xFF, 
0xFF, 0xBB, 0xF8, 0xFF, 0xFF, 0x0F, 0xFF, 0xFF, 0xF6, 0xE4, 0xFF, 0xFF, 0x5D, 0xFF, 0xFF, 0xE2, 
0x89, 0xFF, 0xFF, 0xFF, 0xFF, 0xFF, 0x84, 0x07, 0x8E, 0xE5, 0xF9, 0xE1, 0x83, 0x05, 0x00, 0x08, 
0x92, 0xEA, 0xF5, 0xC8, 0x3E, 0x00, 0x00, 0x92, 0xFF, 0xFF, 0xFF, 0xFF, 0xF6, 0x21, 0x05, 0xF4, 
0xFF, 0xFF, 0x53, 0xFF, 0xFF, 0x91, 0x19, 0xFF, 0xFF, 0xFF, 0x0E, 0xFF, 0xFF, 0xD3, 0x04, 0xFC, 
0xFF, 0xFF, 0x50, 0xFF, 0xFF, 0xEF, 0x00, 0xAD, 0xFF, 0xFF, 0xF4, 0xFF, 0xFF, 0xFC, 0x00, 0x18, 
0xC0, 0xF0, 0x65, 0xFF, 0xFF, 0xF2, 0x00, 0x00, 0x00, 0x00, 0x19, 0xFF, 0xFF, 0xD2, 0x00, 0xA7, 
0xD5, 0xF1, 0x64, 0xFF, 0xFF, 0x91, 0x00, 0x8B, 0xFF, 0xFF, 0xFF, 0xFF, 0xF3, 0x20, 0x00, 0x07, 
0x99, 0xED, 0xF8, 0xC5, 0x36, 0x00, 0xFF, 0xFF, 0xFF, 0xFF, 0xFF, 0xFF, 0xFF, 0xFF, 0xFF, 0x00, 
0x00, 0x00, 0x00, 0x00, 0x00, 0xFF, 0xFF, 0xFF, 0xFF, 0xFF, 0xFF, 0xFF, 0xFF, 0xFF, 0xFF, 0xFF, 
0xFF, 0xFF, 0xFF, 0xFF, 0xFF, 0xFF, 0xFF, 0x00, 0x00, 0x00, 0x00, 0x00, 0x00, 0xFF, 0xFF, 0xFF, 
0xFF, 0xFF, 0xFF, 0xFF, 0xFF, 0xFB, 0x20, 0xFF, 0xDB, 0xB5, 0xFF, 0x6D, 0xA4, 0x66, 0x00, 0x00, 
0x00, 0x00, 0x00, 0x00, 0x2D, 0xB8, 0x00, 0x00, 0x00, 0x19, 0x9C, 0xFD, 0xFF, 0x00, 0x0B, 0x7F, 
0xF4, 0xFF, 0xEA, 0x6C, 0x63, 0xE6, 0xFF, 0xF7, 0x88, 0x0E, 0x00, 0xFF, 0xFF, 0xF7, 0x3B, 0x00, 
0x00, 0x00, 0x63, 0xE6, 0xFF, 0xF7, 0x87, 0x0E, 0x00, 0x00, 0x0B, 0x80, 0xF4, 0xFF, 0xEA, 0x6A, 
0x00, 0x00, 0x00, 0x19, 0x9D, 0xFD, 0xFF, 0x00, 0x00, 0x00, 0x00, 0x00, 0x2D, 0xB9, 0xFF, 0xFF, 
0xFF, 0xFF, 0xFF, 0xFF, 0xFF, 0xFF, 0xFF, 0xFF, 0xFF, 0xFF, 0xFF, 0xFF, 0x00, 0x00, 0x00, 0x00, 
0x00, 0x00, 0x00, 0xFF, 0xFF, 0xFF, 0xFF, 0xFF, 0xFF, 0xFF, 0xFF, 0xFF, 0xFF, 0xFF, 0xFF, 0xFF, 
0xFF, 0xB8, 0x2D, 0x00, 0x00, 0x00, 0x00, 0x00, 0xFF, 0xFD, 0x9B, 0x19, 0x00, 0x00, 0x00, 0x6B, 
0xEA, 0xFF, 0xF4, 0x7E, 0x0B, 0x00, 0x00, 0x0E, 0x87, 0xF7, 0xFF, 0xE5, 0x62, 0x00, 0x00, 0x00, 
0x3C, 0xF7, 0xFF, 0xFF, 0x00, 0x0E, 0x86, 0xF7, 0xFF, 0xE6, 0x63, 0x6A, 0xEA, 0xFF, 0xF4, 0x7F, 
0x0B, 0x00, 0xFF, 0xFD, 0x9C, 0x19, 0x00, 0x00, 0x00, 0xB8, 0x2D, 0x00, 0x00, 0x00, 0x00, 0x00, 
0x00, 0x4B, 0xC4, 0xF4, 0xF3, 0xCC, 0x5C, 0x00, 0x3D, 0xFD, 0xFF, 0xFF, 0xFF, 0xFF, 0xFF, 0x6F, 
0xBD, 0xFF, 0xFF, 0x6F, 0x31, 0xFF, 0xFF, 0xE3, 0x96, 0xC6, 0xED, 0x12, 0x43, 0xFF, 0xFF, 0xF4, 
0x00, 0x00, 0x00, 0x45, 0xF2, 0xFF, 0xFF, 0x98, 0x00, 0x00, 0x3A, 0xF9, 0xFF, 0xFF, 0xAC, 0x08, 
0x00, 0x00, 0xBD, 0xFF, 0xFF, 0x92, 0x01, 0x00, 0x00, 0x00, 0xE4, 0xFF, 0xF8, 0x05, 0x00, 0x00, 
0x00, 0x00, 0x00, 0x00, 0x00, 0x00, 0x00, 0x00, 0x00, 0x00, 0xFF, 0xFF, 0xFF, 0x00, 0x00, 0x00, 
0x00, 0x00, 0xFF, 0xFF, 0xFF, 0x00, 0x00, 0x00, 0x00, 0x00, 0x14, 0x81, 0xD4, 0xF4, 0xF2, 0xC1, 
0x56, 0x00, 0x00, 0x00, 0x2E, 0xC7, 0x7C, 0x2E, 0x0B, 0x0A, 0x33, 0xA3, 0x92, 0x00, 0x0D, 0xA6, 
0x0E, 0x49, 0xDE, 0xE9, 0x82, 0xFF, 0xEC, 0xB7, 0x52, 0x74, 0x4C, 0x1F, 0xF5, 0xC3, 0x17, 0xE1, 
0xFF, 0xC5, 0x45, 0xBE, 0xCA, 0x1C, 0x8B, 0xFF, 0x58, 0x00, 0xB1, 0xFF, 0x9E, 0x1A, 0xF0, 0xEF, 
0x07, 0xD6, 0xFF, 0x28, 0x00, 0xBA, 0xFF, 0x78, 0x06, 0xF6, 0xF3, 0x06, 0xF5, 0xFF, 0x0F, 0x00, 
0xDB, 0xFF, 0x51, 0x1E, 0xD3, 0xD2, 0x22, 0xEA, 0xFF, 0x08, 0x0F, 0xFD, 0xFF, 0x2A, 0x68, 0x7A, 
0x7F, 0x69, 0xA9, 0xFF, 0x4F, 0x77, 0xFF, 0xFF, 0x2F, 0xB6, 0x08, 0x14, 0xCA, 0x2F, 0xC2, 0xF0, 
0x94, 0xB9, 0xEF, 0x97, 0x0D, 0x00, 0x00, 0x3A, 0xC8, 0x63, 0x21, 0x08, 0x0E, 0x2D, 0x6A, 0xC6, 
0x67, 0x00, 0x00, 0x1A, 0x89, 0xD7, 0xF5, 0xF4, 0xD1, 0x8A, 0x20, 0x00, 0x00, 0x00, 0x00, 0xC4, 
0xFF, 0xFF, 0xFF, 0xC2, 0x00, 0x00, 0x00, 0x00, 0x00, 0x15, 0xFD, 0xFF, 0xFF, 0xFF, 0xFD, 0x14, 
0x00, 0x00, 0x00, 0x00, 0x61, 0xFF, 0xFF, 0xFF, 0xFF, 0xFF, 0x60, 0x00, 0x00, 0x00, 0x00, 0xB0, 
0xFF, 0xFF, 0xA9, 0xFF, 0xFF, 0xAF, 0x00, 0x00, 0x00, 0x09, 0xF5, 0xFF, 0xF8, 0x1A, 0xFA, 0xFF, 
0xF5, 0x09, 0x00, 0x00, 0x4E, 0xFF, 0xFF, 0xB5, 0x00, 0xBB, 0xFF, 0xFF, 0x4D, 0x00, 0x00, 0x9D, 
0xFF, 0xFF, 0x67, 0x00, 0x6E, 0xFF, 0xFF, 0x9C, 0x00, 0x02, 0xE9, 0xFF, 0xFF, 0xFF, 0xFF, 0xFF, 
0xFF, 0xFF, 0xE9, 0x02, 0x3B, 0xFF, 0xFF, 0xFF, 0xFF, 0xFF, 0xFF, 0xFF, 0xFF, 0xFF, 0x3A, 0x8A, 
0xFF, 0xFF, 0x7B, 0x00, 0x00, 0x00, 0x6B, 0xFF, 0xFF, 0x89, 0xD9, 0xFF, 0xFF, 0x2B, 0x00, 0x00, 
0x00, 0x26, 0xFF, 0xFF, 0xD8, 0xFF, 0xFF, 0xFF, 0xFF, 0xFF, 0xFF, 0xEB, 0xA7, 0x17, 0xFF, 0xFF, 
0xFF, 0xFF, 0xFF, 0xFF, 0xFF, 0xFF, 0xB5, 0xFF, 0xFF, 0xFF, 0x00, 0x02, 0x40, 0xFF, 0xFF, 0xF3, 
0xFF, 0xFF, 0xFF, 0x00, 0x02, 0x41, 0xFF, 0xFF, 0xC5, 0xFF, 0xFF, 0xFF, 0xFF, 0xFF, 0xFF, 0xFF, 
0xD2, 0x24, 0xFF, 0xFF, 0xFF, 0xFF, 0xFF, 0xFF, 0xFF, 0xFB, 0x54, 0xFF, 0xFF, 0xFF, 0x00, 0x04, 
0x5E, 0xFF, 0xFF, 0xD3, 0xFF, 0xFF, 0xFF, 0x00, 0x00, 0x09, 0xFF, 0xFF, 0xF8, 0xFF, 0xFF, 0xFF, 
0x00, 0x03, 0x61, 0xFF, 0xFF, 0xE3, 0xFF, 0xFF, 0xFF, 0xFF, 0xFF, 0xFF, 0xFF, 0xFF, 0x8D, 0xFF, 
0xFF, 0xFF, 0xFF, 0xFF, 0xF8, 0xD7, 0x9E, 0x1F, 0x00, 0x0A, 0x82, 0xDA, 0xF8, 0xE7, 0xB0, 0x30, 
0x00, 0x05, 0xC3, 0xFF, 0xFF, 0xFF, 0xFF, 0xFF, 0xF2, 0x30, 0x6C, 0xFF, 0xFF, 0xAE, 0x0E, 0x9E, 
0xFF, 0xFF, 0xB6, 0xC4, 0xFF, 0xFF, 0x36, 0x00, 0x1C, 0xDB, 0x92, 0x48, 0xF0, 0xFF, 0xFF, 0x0D, 
0x00, 0x00, 0x00, 0x00, 0x00, 0xFB, 0xFF, 0xFF, 0x02, 0x00, 0x00, 0x00, 0x00, 0x00, 0xE7, 0xFF, 
0xFF, 0x09, 0x00, 0x00, 0x00, 0x00, 0x00, 0xBC, 0xFF, 0xFF, 0x29, 0x00, 0x1E, 0xDB, 0x93, 0x49, 
0x60, 0xFF, 0xFF, 0x9B, 0x0F, 0x97, 0xFF, 0xFF, 0xC5, 0x02, 0xBC, 0xFF, 0xFF, 0xFF, 0xFF, 0xFF, 
0xFA, 0x3F, 0x00, 0x08, 0x87, 0xDB, 0xF8, 0xF2, 0xBD, 0x3D, 0x00, 0xFF, 0xFF, 0xFF, 0xFF, 0xFC, 
0xE6, 0x9B, 0x16, 0x00, 0xFF, 0xFF, 0xFF, 0xFF, 0xFF, 0xFF, 0xFF, 0xD7, 0x0A, 0xFF, 0xFF, 0xFF, 
0x01, 0x25, 0xC4, 0xFF, 0xFF, 0x74, 0xFF, 0xFF, 0xFF, 0x00, 0x00, 0x38, 0xFF, 0xFF, 0xC1, 0xFF, 
0xFF, 0xFF, 0x00, 0x00, 0x0E, 0xFF, 0xFF, 0xE2, 0xFF, 0xFF, 0xFF, 0x00, 0x00, 0x03, 0xFF, 0xFF, 
0xFA, 0xFF, 0xFF, 0xFF, 0x00, 0x00, 0x0B, 0xFF, 0xFF, 0xF0, 0xFF, 0xFF, 0xFF, 0x00, 0x00, 0x30, 
0xFF, 0xFF, 0xCC, 0xFF, 0xFF, 0xFF, 0x00, 0x15, 0xAD, 0xFF, 0xFF, 0x7D, 0xFF, 0xFF, 0xFF, 0xFF, 
0xFF, 0xFF, 0xFF, 0xD6, 0x0C, 0xFF, 0xFF, 0xFF, 0xFF, 0xFD, 0xE1, 0x98, 0x14, 0x00, 0xFF, 0xFF, 
0xFF, 0xFF, 0xFF, 0xFF, 0xFF, 0xFF, 0xFF, 0xFF, 0xFF, 0xFF, 0xFF, 0xFF, 0xFF, 0xFF, 0xFF, 0xFF, 
0xFF, 0x00, 0x00, 0x00, 0x00, 0x00, 0xFF, 0xFF, 0xFF, 0x00, 0x00, 0x00, 0x00, 0x00, 0xFF, 0xFF, 
0xFF, 0xFF, 0xFF, 0xFF, 0xFF, 0x00, 0xFF, 0xFF, 0xFF, 0xFF, 0xFF, 0xFF, 0xFF, 0x00, 0xFF, 0xFF, 
0xFF, 0x00, 0x00, 0x00, 0x00, 0x00, 0xFF, 0xFF, 0xFF, 0x00, 0x00, 0x00, 0x00, 0x00, 0xFF, 0xFF, 
0xFF, 0x00, 0x00, 0x00, 0x00, 0x00, 0xFF, 0xFF, 0xFF, 0xFF, 0xFF, 0xFF, 0xFF, 0xFF, 0xFF, 0xFF, 
0xFF, 0xFF, 0xFF, 0xFF, 0xFF, 0xFF, 0xFF, 0xFF, 0xFF, 0xFF, 0xFF, 0xFF, 0xFF, 0xFF, 0xFF, 0xFF, 
0xFF, 0xFF, 0xFF, 0xFF, 0xFF, 0xFF, 0xFF, 0x00, 0x00, 0x00, 0x00, 0xFF, 0xFF, 0xFF, 0x00, 0x00, 
0x00, 0x00, 0xFF, 0xFF, 0xFF, 0xFF, 0xFF, 0xFF, 0x00, 0xFF, 0xFF, 0xFF, 0xFF, 0xFF, 0xFF, 0x00, 
0xFF, 0xFF, 0xFF, 0x00, 0x00, 0x00, 0x00, 0xFF, 0xFF, 0xFF, 0x00, 0x00, 0x00, 0x00, 0xFF, 0xFF, 
0xFF, 0x00, 0x00, 0x00, 0x00, 0xFF, 0xFF, 0xFF, 0x00, 0x00, 0x00, 0x00, 0xFF, 0xFF, 0xFF, 0x00, 
0x00, 0x00, 0x00, 0x00, 0x00, 0x5A, 0xC2, 0xED, 0xFB, 0xEE, 0xBE, 0x45, 0x00, 0x00, 0x93, 0xFF, 
0xFF, 0xFF, 0xFF, 0xFF, 0xFF, 0xFC, 0x45, 0x4A, 0xFF, 0xFF, 0xDC, 0x33, 0x12, 0xB4, 0xFF, 0xFF, 
0xCA, 0xB1, 0xFF, 0xFF, 0x52, 0x00, 0x00, 0x26, 0xD9, 0x8C, 0x3F, 0xE6, 0xFF, 0xFF, 0x17, 0x00, 
0x00, 0x00, 0x00, 0x00, 0x00, 0xF9, 0xFF, 0xFF, 0x03, 0x00, 0xFF, 0xFF, 0xFF, 0xFF, 0xFF, 0xE7, 
0xFF, 0xFF, 0x0E, 0x00, 0xFF, 0xFF, 0xFF, 0xFF, 0xFF, 0xB4, 0xFF, 0xFF, 0x42, 0x00, 0x00, 0x00, 
0xFF, 0xFF, 0xFF, 0x51, 0xFF, 0xFF, 0xCF, 0x27, 0x15, 0x7A, 0xFF, 0xFF, 0xFF, 0x00, 0xA3, 0xFF, 
0xFF, 0xFF, 0xFF, 0xFF, 0xFF, 0xFF, 0xCE, 0x00, 0x01, 0x68, 0xC9, 0xEF, 0xFB, 0xE8, 0xB5, 0x57, 
0x02, 0xFF, 0xFF, 0xFF, 0x00, 0x00, 0x00, 0x00, 0xFF, 0xFF, 0xFF, 0xFF, 0xFF, 0xFF, 0x00, 0x00, 
0x00, 0x00, 0xFF, 0xFF, 0xFF, 0xFF, 0xFF, 0xFF, 0x00, 0x00, 0x00, 0x00, 0xFF, 0xFF, 0xFF, 0xFF, 
0xFF, 0xFF, 0x00, 0x00, 0x00, 0x00, 0xFF, 0xFF, 0xFF, 0xFF, 0xFF, 0xFF, 0xFF, 0xFF, 0xFF, 0xFF, 
0xFF, 0xFF, 0xFF, 0xFF, 0xFF, 0xFF, 0xFF, 0xFF, 0xFF, 0xFF, 0xFF, 0xFF, 0xFF, 0xFF, 0xFF, 0xFF, 
0x00, 0x00, 0x00, 0x00, 0xFF, 0xFF, 0xFF, 0xFF, 0xFF, 0xFF, 0x00, 0x00, 0x00, 0x00, 0xFF, 0xFF, 
0xFF, 0xFF, 0xFF, 0xFF, 0x00, 0x00, 0x00, 0x00, 0xFF, 0xFF, 0xFF, 0xFF, 0xFF, 0xFF, 0x00, 0x00, 
0x00, 0x00, 0xFF, 0xFF, 0xFF, 0xFF, 0xFF, 0xFF, 0x00, 0x00, 0x00, 0x00, 0xFF, 0xFF, 0xFF, 0xFF, 
0xFF, 0xFF, 0xFF, 0xFF, 0xFF, 0xFF, 0xFF, 0xFF, 0xFF, 0xFF, 0xFF, 0xFF, 0xFF, 0xFF, 0xFF, 0xFF, 
0xFF, 0xFF, 0xFF, 0xFF, 0xFF, 0xFF, 0xFF, 0xFF, 0xFF, 0xFF, 0xFF, 0xFF, 0xFF, 0xFF, 0xFF, 0xFF, 
0x00, 0x00, 0x00, 0x00, 0x00, 0xFF, 0xFF, 0xFF, 0x00, 0x00, 0x00, 0x00, 0x00, 0xFF, 0xFF, 0xFF, 
0x00, 0x00, 0x00, 0x00, 0x00, 0xFF, 0xFF, 0xFF, 0x00, 0x00, 0x00, 0x00, 0x00, 0xFF, 0xFF, 0xFF, 
0x00, 0x00, 0x00, 0x00, 0x00, 0xFF, 0xFF, 0xFF, 0x00, 0x00, 0x00, 0x00, 0x00, 0xFF, 0xFF, 0xFF, 
0x00, 0x00, 0x00, 0x00, 0x00, 0xFF, 0xFF, 0xF8, 0x90, 0xBF, 0xEA, 0x06, 0x07, 0xFF, 0xFF, 0xE7, 
0xD0, 0xFF, 0xFF, 0x53, 0x4F, 0xFF, 0xFF, 0xB5, 0x5F, 0xFF, 0xFF, 0xFF, 0xFF, 0xFF, 0xFB, 0x40, 
0x00, 0x5F, 0xCC, 0xF4, 0xF3, 0xC5, 0x45, 0x00, 0xFF, 0xFF, 0xFF, 0x00, 0x00, 0x00, 0x06, 0x9E, 
0xFF, 0xFC, 0x6B, 0xFF, 0xFF, 0xFF, 0x00, 0x00, 0x13, 0xC1, 0xFF, 0xF0, 0x46, 0x00, 0xFF, 0xFF, 
0xFF, 0x00, 0x29, 0xDD, 0xFF, 0xDD, 0x29, 0x00, 0x00, 0xFF, 0xFF, 0xFF, 0x47, 0xF0, 0xFF, 0xCC, 
0x13, 0x00, 0x00, 0x00, 0xFF, 0xFF, 0xFF, 0xFC, 0xFF, 0xFF, 0xE4, 0x0D, 0x00, 0x00, 0x00, 0xFF, 
0xFF, 0xFF, 0xFD, 0xBC, 0xFF, 0xFF, 0x92, 0x00, 0x00, 0x00, 0xFF, 0xFF, 0xFF, 0x4F, 0x04, 0xD0, 
0xFF, 0xFD, 0x34, 0x00, 0x00, 0xFF, 0xFF, 0xFF, 0x00, 0x00, 0x37, 0xFD, 0xFF, 0xCD, 0x03, 0x00, 
0xFF, 0xFF, 0xFF, 0x00, 0x00, 0x00, 0x95, 0xFF, 0xFF, 0x70, 0x00, 0xFF, 0xFF, 0xFF, 0x00, 0x00, 
0x00, 0x0E, 0xE6, 0xFF, 0xF3, 0x1C, 0xFF, 0xFF, 0xFF, 0x00, 0x00, 0x00, 0x00, 0x54, 0xFF, 0xFF, 
0xB0, 0xFF, 0xFF, 0xFF, 0x00, 0x00, 0x00, 0x00, 0xFF, 0xFF, 0xFF, 0x00, 0x00, 0x00, 0x00, 0xFF, 
0xFF, 0xFF, 0x00, 0x00, 0x00, 0x00, 0xFF, 0xFF, 0xFF, 0x00, 0x00, 0x00, 0x00, 0xFF, 0xFF, 0xFF, 
0x00, 0x00, 0x00, 0x00, 0xFF, 0xFF, 0xFF, 0x00, 0x00, 0x00, 0x00, 0xFF, 0xFF, 0xFF, 0x00, 0x00, 
0x00, 0x00, 0xFF, 0xFF, 0xFF, 0x00, 0x00, 0x00, 0x00, 0xFF, 0xFF, 0xFF, 0x00, 0x00, 0x00, 0x00, 
0xFF, 0xFF, 0xFF, 0xFF, 0xFF, 0xFF, 0xFF, 0xFF, 0xFF, 0xFF, 0xFF, 0xFF, 0xFF, 0xFF, 0xFF, 0xFF, 
0xFF, 0xFE, 0x0E, 0x00, 0x0E, 0xFE, 0xFF, 0xFF, 0xFF, 0xFF, 0xFF, 0xFF, 0xFF, 0x3F, 0x00, 0x40, 
0xFF, 0xFF, 0xFF, 0xFF, 0xFF, 0xFF, 0xFF, 0xFF, 0x72, 0x00, 0x73, 0xFE, 0xFF, 0xFF, 0xFF, 0xFF, 
0xFF, 0xFF, 0xDB, 0xA5, 0x00, 0xA6, 0xDA, 0xFF, 0xFF, 0xFF, 0xFF, 0xFF, 0xFF, 0xA4, 0xD8, 0x00, 
0xD9, 0xA3, 0xFF, 0xFF, 0xFF, 0xFF, 0xFF, 0xFF, 0x6D, 0xFD, 0x1A, 0xFE, 0x6C, 0xFF, 0xFF, 0xFF, 
0xFF, 0xFF, 0xFF, 0x36, 0xFF, 0x7C, 0xFF, 0x35, 0xFF, 0xFF, 0xFF, 0xFF, 0xFF, 0xFF, 0x06, 0xF9, 
0xDF, 0xF8, 0x06, 0xFF, 0xFF, 0xFF, 0xFF, 0xFF, 0xFF, 0x00, 0xC9, 0xFF, 0xC8, 0x00, 0xFF, 0xFF, 
0xFF, 0xFF, 0xFF, 0xFF, 0x00, 0x92, 0xFF, 0x91, 0x00, 0xFF, 0xFF, 0xFF, 0xFF, 0xFF, 0xFF, 0x00, 
0x5B, 0xFF, 0x5B, 0x00, 0xFF, 0xFF, 0xFF, 0xFF, 0xFF, 0xFF, 0x4B, 0x00, 0x00, 0x00, 0xFF, 0xFF, 
0xFF, 0xFF, 0xFF, 0xFF, 0xE0, 0x0B, 0x00, 0x00, 0xFF, 0xFF, 0xFF, 0xFF, 0xFF, 0xFF, 0xFF, 0x8C, 
0x00, 0x00, 0xFF, 0xFF, 0xFF, 0xFF, 0xFF, 0xFF, 0xFF, 0xFB, 0x2F, 0x00, 0xFF, 0xFF, 0xFF, 0xFF, 
0xFF, 0xFF, 0xF3, 0xFF, 0xC9, 0x02, 0xFF, 0xFF, 0xFF, 0xFF, 0xFF, 0xFF, 0x70, 0xFF, 0xFF, 0x6C, 
0xFF, 0xFF, 0xFF, 0xFF, 0xFF, 0xFF, 0x03, 0xCC, 0xFF, 0xF1, 0xFF, 0xFF, 0xFF, 0xFF, 0xFF, 0xFF, 
0x00, 0x33, 0xFC, 0xFF, 0xFF, 0xFF, 0xFF, 0xFF, 0xFF, 0xFF, 0x00, 0x00, 0x90, 0xFF, 0xFF, 0xFF, 
0xFF, 0xFF, 0xFF, 0xFF, 0x00, 0x00, 0x0C, 0xE3, 0xFF, 0xFF, 0xFF, 0xFF, 0xFF, 0xFF, 0x00, 0x00, 
0x00, 0x50, 0xFF, 0xFF, 0xFF, 0x00, 0x07, 0x79, 0xD1, 0xF6, 0xF5, 0xCE, 0x70, 0x04, 0x00, 0x06, 
0xC3, 0xFF, 0xFF, 0xFF, 0xFF, 0xFF, 0xFF, 0xB2, 0x02, 0x70, 0xFF, 0xFF, 0xCC, 0x21, 0x23, 0xCF, 
0xFF, 0xFF, 0x62, 0xC5, 0xFF, 0xFF, 0x3F, 0x00, 0x00, 0x47, 0xFF, 0xFF, 0xC0, 0xEF, 0xFF, 0xFF, 
0x0E, 0x00, 0x00, 0x14, 0xFF, 0xFF, 0xEE, 0xFB, 0xFF, 0xFF, 0x02, 0x00, 0x00, 0x03, 0xFF, 0xFF, 
0xFA, 0xE8, 0xFF, 0xFF, 0x0D, 0x00, 0x00, 0x10, 0xFF, 0xFF, 0xE8, 0xBB, 0xFF, 0xFF, 0x3F, 0x00, 
0x00, 0x40, 0xFF, 0xFF, 0xBB, 0x5C, 0xFF, 0xFF, 0xCC, 0x21, 0x20, 0xCA, 0xFF, 0xFF, 0x5F, 0x01, 
0xAF, 0xFF, 0xFF, 0xFF, 0xFF, 0xFF, 0xFF, 0xB2, 0x01, 0x00, 0x03, 0x71, 0xCD, 0xF2, 0xF4, 0xD1, 
0x72, 0x03, 0x00, 0xFF, 0xFF, 0xFF, 0xFF, 0xFF, 0xE4, 0x93, 0x0A, 0xFF, 0xFF, 0xFF, 0xFF, 0xFF, 
0xFF, 0xFF, 0x8A, 0xFF, 0xFF, 0xFF, 0x01, 0x55, 0xFF, 0xFF, 0xDF, 0xFF, 0xFF, 0xFF, 0x00, 0x07, 
0xFF, 0xFF, 0xF6, 0xFF, 0xFF, 0xFF, 0x02, 0x5A, 0xFF, 0xFF, 0xD8, 0xFF, 0xFF, 0xFF, 0xFF, 0xFF, 
0xFF, 0xFF, 0x77, 0xFF, 0xFF, 0xFF, 0xFF, 0xFC, 0xDC, 0x7E, 0x04, 0xFF, 0xFF, 0xFF, 0x00, 0x00, 
0x00, 0x00, 0x00, 0xFF, 0xFF, 0xFF, 0x00, 0x00, 0x00, 0x00, 0x00, 0xFF, 0xFF, 0xFF, 0x00, 0x00, 
0x00, 0x00, 0x00, 0xFF, 0xFF, 0xFF, 0x00, 0x00, 0x00, 0x00, 0x00, 0x00, 0x03, 0x6D, 0xCD, 0xF5, 
0xF4, 0xCC, 0x6C, 0x02, 0x00, 0x01, 0xAC, 0xFF, 0xFF, 0xFF, 0xFF, 0xFF, 0xFF, 0xA9, 0x00, 0x5C, 
0xFF, 0xFF, 0xCF, 0x22, 0x22, 0xCD, 0xFF, 0xFF, 0x57, 0xBC, 0xFF, 0xFF, 0x47, 0x00, 0x00, 0x3F, 
0xFF, 0xFF, 0xB7, 0xEC, 0xFF, 0xFF, 0x13, 0x00, 0x00, 0x0E, 0xFF, 0xFF, 0xE9, 0xFB, 0xFF, 0xFF, 
0x03, 0x00, 0x00, 0x03, 0xFF, 0xFF, 0xFA, 0xED, 0xFF, 0xFF, 0x10, 0x02, 0x1D, 0x10, 0xFF, 0xFF, 
0xED, 0xBC, 0xFF, 0xFF, 0x42, 0x26, 0xF4, 0x82, 0xFF, 0xFF, 0xB6, 0x5B, 0xFF, 0xFF, 0xCF, 0x30, 
0xC1, 0xFF, 0xFF, 0xFF, 0x46, 0x01, 0xAB, 0xFF, 0xFF, 0xFF, 0xFF, 0xFF, 0xFF, 0xC1, 0x0A, 0x00, 
0x03, 0x6F, 0xCF, 0xF7, 0xF7, 0xD9, 0xC2, 0xFF, 0xD7, 0x00, 0x00, 0x00, 0x00, 0x00, 0x00, 0x00, 
0x00, 0x61, 0x96, 0xFF, 0xFF, 0xFF, 0xFF, 0xFF, 0xFB, 0xE7, 0xA2, 0x12, 0x00, 0xFF, 0xFF, 0xFF, 
0xFF, 0xFF, 0xFF, 0xFF, 0xFF, 0xAE, 0x00, 0xFF, 0xFF, 0xFF, 0x00, 0x03, 0x41, 0xFF, 0xFF, 0xF4, 
0x00, 0xFF, 0xFF, 0xFF, 0x00, 0x05, 0x54, 0xFF, 0xFF, 0xE5, 0x00, 0xFF, 0xFF, 0xFF, 0xFF, 0xFF, 
0xFF, 0xFF, 0xFF, 0x67, 0x00, 0xFF, 0xFF, 0xFF, 0xFF, 0xFF, 0xFF, 0xF4, 0x56, 0x00, 0x00, 0xFF, 
0xFF, 0xFF, 0x09, 0x90, 0xFF, 0xFF, 0x9F, 0x00, 0x00, 0xFF, 0xFF, 0xFF, 0x00, 0x06, 0xDE, 0xFF, 
0xFD, 0x25, 0x00, 0xFF, 0xFF, 0xFF, 0x00, 0x00, 0x5B, 0xFF, 0xFF, 0xA7, 0x00, 0xFF, 0xFF, 0xFF, 
0x00, 0x00, 0x01, 0xD0, 0xFF, 0xFE, 0x32, 0xFF, 0xFF, 0xFF, 0x00, 0x00, 0x00, 0x49, 0xFF, 0xFF, 
0xBB, 0x01, 0x6D, 0xD0, 0xF4, 0xF3, 0xD3, 0x74, 0x01, 0x7D, 0xFF, 0xFF, 0xFF, 0xFF, 0xFF, 0xFF, 
0x7F, 0xE7, 0xFF, 0xFF, 0x31, 0x49, 0xFB, 0xF0, 0xC8, 0xEE, 0xFF, 0xFF, 0x6D, 0x1E, 0x00, 0x00, 
0x00, 0x9E, 0xFF, 0xFF, 0xFF, 0xFF, 0xCC, 0x50, 0x00, 0x0E, 0xAB, 0xFF, 0xFF, 0xFF, 0xFF, 0xFF, 
0x64, 0x00, 0x00, 0x25, 0x77, 0xD6, 0xFF, 0xFF, 0xDC, 0xC4, 0xE5, 0xF6, 0x12, 0x17, 0xFF, 0xFF, 
0xF7, 0xBB, 0xFF, 0xFF, 0x84, 0x57, 0xFF, 0xFF, 0xCE, 0x45, 0xFF, 0xFF, 0xFF, 0xFF, 0xFF, 0xFF, 
0x55, 0x00, 0x5B, 0xCD, 0xF6, 0xF6, 0xCD, 0x58, 0x00, 0xFF, 0xFF, 0xFF, 0xFF, 0xFF, 0xFF, 0xFF, 
0xFF, 0xFF, 0xFF, 0xFF, 0xFF, 0xFF, 0xFF, 0xFF, 0xFF, 0xFF, 0xFF, 0x00, 0x00, 0x00, 0xFF, 0xFF, 
0xFF, 0x00, 0x00, 0x00, 0x00, 0x00, 0x00, 0xFF, 0xFF, 0xFF, 0x00, 0x00, 0x00, 0x00, 0x00, 0x00, 
0xFF, 0xFF, 0xFF, 0x00, 0x00, 0x00, 0x00, 0x00, 0x00, 0xFF, 0xFF, 0xFF, 0x00, 0x00, 0x00, 0x00, 
0x00, 0x00, 0xFF, 0xFF, 0xFF, 0x00, 0x00, 0x00, 0x00, 0x00, 0x00, 0xFF, 0xFF, 0xFF, 0x00, 0x00, 
0x00, 0x00, 0x00, 0x00, 0xFF, 0xFF, 0xFF, 0x00, 0x00, 0x00, 0x00, 0x00, 0x00, 0xFF, 0xFF, 0xFF, 
0x00, 0x00, 0x00, 0x00, 0x00, 0x00, 0xFF, 0xFF, 0xFF, 0x00, 0x00, 0x00, 0xFF, 0xFF, 0xFF, 0x00, 
0x00, 0x00, 0x00, 0xFF, 0xFF, 0xFF, 0xFF, 0xFF, 0xFF, 0x00, 0x00, 0x00, 0x00, 0xFF, 0xFF, 0xFF, 
0xFF, 0xFF, 0xFF, 0x00, 0x00, 0x00, 0x00, 0xFF, 0xFF, 0xFF, 0xFF, 0xFF, 0xFF, 0x00, 0x00, 0x00, 
0x00, 0xFF, 0xFF, 0xFF, 0xFF, 0xFF, 0xFF, 0x00, 0x00, 0x00, 0x00, 0xFF, 0xFF, 0xFF, 0xFF, 0xFF, 
0xFF, 0x00, 0x00, 0x00, 0x00, 0xFF, 0xFF, 0xFF, 0xFC, 0xFF, 0xFF, 0x00, 0x00, 0x00, 0x00, 0xFF, 
0xFF, 0xFC, 0xDF, 0xFF, 0xFF, 0x15, 0x00, 0x00, 0x15, 0xFF, 0xFF, 0xE1, 0x98, 0xFF, 0xFF, 0xA4, 
0x15, 0x15, 0xA1, 0xFF, 0xFF, 0x95, 0x19, 0xE4, 0xFF, 0xFF, 0xFF, 0xFF, 0xFF, 0xFF, 0xE2, 0x17, 
0x00, 0x1C, 0x9C, 0xDC, 0xF3, 0xFA, 0xE2, 0x9C, 0x1A, 0x00, 0xD4, 0xFF, 0xFF, 0x2B, 0x00, 0x00, 
0x00, 0x2D, 0xFF, 0xFF, 0xD3, 0x7C, 0xFF, 0xFF, 0x7C, 0x00, 0x00, 0x00, 0x7D, 0xFF, 0xFF, 0x7A, 
0x23, 0xFF, 0xFF, 0xCC, 0x00, 0x00, 0x00, 0xCD, 0xFF, 0xFF, 0x22, 0x00, 0xCB, 0xFF, 0xFF, 0x1D, 
0x00, 0x1E, 0xFF, 0xFF, 0xC9, 0x00, 0x00, 0x73, 0xFF, 0xFF, 0x6D, 0x00, 0x6E, 0xFF, 0xFF, 0x70, 
0x00, 0x00, 0x1C, 0xFE, 0xFF, 0xBD, 0x00, 0xBE, 0xFF, 0xFD, 0x1A, 0x00, 0x00, 0x00, 0xC2, 0xFF, 
0xFB, 0x23, 0xFB, 0xFF, 0xBE, 0x00, 0x00, 0x00, 0x00, 0x6A, 0xFF, 0xFF, 0xBB, 0xFF, 0xFF, 0x66, 
0x00, 0x00, 0x00, 0x00, 0x15, 0xFB, 0xFF, 0xFF, 0xFF, 0xFA, 0x13, 0x00, 0x00, 0x00, 0x00, 0x00, 
0xB9, 0xFF, 0xFF, 0xFF, 0xB4, 0x00, 0x00, 0x00, 0x00, 0x00, 0x00, 0x60, 0xFF, 0xFF, 0xFF, 0x5C, 
0x00, 0x00, 0x00, 0xE4, 0xFF, 0xFF, 0x1E, 0x00, 0x18, 0xFE, 0xFF, 0xFD, 0x15, 0x00, 0x1C, 0xFF, 
0xFF, 0xE4, 0xAD, 0xFF, 0xFF, 0x4D, 0x00, 0x66, 0xFF, 0xFF, 0xFF, 0x61, 0x00, 0x4A, 0xFF, 0xFF, 
0xAD, 0x75, 0xFF, 0xFF, 0x7B, 0x00, 0xB5, 0xFF, 0xFF, 0xFF, 0xB0, 0x00, 0x79, 0xFF, 0xFF, 0x76, 
0x3E, 0xFF, 0xFF, 0xAA, 0x0B, 0xF7, 0xFF, 0xFF, 0xFF, 0xF5, 0x09, 0xA7, 0xFF, 0xFF, 0x3F, 0x0A, 
0xFB, 0xFF, 0xD8, 0x52, 0xFF, 0xFF, 0xB5, 0xFF, 0xFF, 0x4D, 0xD6, 0xFF, 0xFC, 0x0B, 0x00, 0xCE, 
0xFF, 0xFD, 0xAB, 0xFF, 0xF6, 0x19, 0xF6, 0xFF, 0xA3, 0xFC, 0xFF, 0xD1, 0x00, 0x00, 0x97, 0xFF, 
0xFF, 0xFD, 0xFF, 0xAB, 0x00, 0xAA, 0xFF, 0xFB, 0xFF, 0xFF, 0x9A, 0x00, 0x00, 0x5F, 0xFF, 0xFF, 
0xFF, 0xFF, 0x53, 0x00, 0x52, 0xFF, 0xFF, 0xFF, 0xFF, 0x63, 0x00, 0x00, 0x27, 0xFF, 0xFF, 0xFF, 
0xF2, 0x08, 0x00, 0x08, 0xF1, 0xFF, 0xFF, 0xFF, 0x2C, 0x00, 0x00, 0x01, 0xEE, 0xFF, 0xFF, 0xA3, 
0x00, 0x00, 0x00, 0xA1, 0xFF, 0xFF, 0xF3, 0x02, 0x00, 0x00, 0x00, 0xB8, 0xFF, 0xFF, 0x4B, 0x00, 
0x00, 0x00, 0x48, 0xFF, 0xFF, 0xBF, 0x00, 0x00, 0xAE, 0xFF, 0xFF, 0x60, 0x00, 0x00, 0x00, 0x5C, 
0xFF, 0xFF, 0xAF, 0x19, 0xF0, 0xFF, 0xF5, 0x2B, 0x00, 0x22, 0xF1, 0xFF, 0xF3, 0x1C, 0x00, 0x66, 
0xFF, 0xFF, 0xD7, 0x10, 0xC7, 0xFF, 0xFF, 0x70, 0x00, 0x00, 0x01, 0xC0, 0xFF, 0xFF, 0xE3, 0xFF, 
0xFF, 0xCD, 0x03, 0x00, 0x00, 0x00, 0x26, 0xF7, 0xFF, 0xFF, 0xFF, 0xFC, 0x33, 0x00, 0x00, 0x00, 
0x00, 0x00, 0xCD, 0xFF, 0xFF, 0xFF, 0xD5, 0x00, 0x00, 0x00, 0x00, 0x00, 0x5A, 0xFF, 0xFF, 0xFF, 
0xFF, 0xFF, 0x5B, 0x00, 0x00, 0x00, 0x0B, 0xE4, 0xFF, 0xFF, 0xCC, 0xFF, 0xFF, 0xE5, 0x0C, 0x00, 
0x00, 0x87, 0xFF, 0xFF, 0xC2, 0x05, 0xC2, 0xFF, 0xFF, 0x88, 0x00, 0x24, 0xF9, 0xFF, 0xF0, 0x1F, 
0x00, 0x1F, 0xF0, 0xFF, 0xF9, 0x24, 0xB5, 0xFF, 0xFF, 0x5A, 0x00, 0x00, 0x00, 0x5B, 0xFF, 0xFF, 
0xB4, 0xB0, 0xFF, 0xFF, 0x53, 0x00, 0x00, 0x00, 0x54, 0xFF, 0xFF, 0xAF, 0x1C, 0xF3, 0xFF, 0xE4, 
0x0E, 0x00, 0x0E, 0xE5, 0xFF, 0xF3, 0x1C, 0x00, 0x70, 0xFF, 0xFF, 0x92, 0x00, 0x93, 0xFF, 0xFF, 
0x6F, 0x00, 0x00, 0x03, 0xCC, 0xFF, 0xFD, 0x6A, 0xFD, 0xFF, 0xCC, 0x03, 0x00, 0x00, 0x00, 0x33, 
0xFC, 0xFF, 0xFF, 0xFF, 0xFC, 0x32, 0x00, 0x00, 0x00, 0x00, 0x00, 0x8F, 0xFF, 0xFF, 0xFF, 0x8E, 
0x00, 0x00, 0x00, 0x00, 0x00, 0x00, 0x0C, 0xFF, 0xFF, 0xFF, 0x0C, 0x00, 0x00, 0x00, 0x00, 0x00, 
0x00, 0x00, 0xFF, 0xFF, 0xFF, 0x00, 0x00, 0x00, 0x00, 0x00, 0x00, 0x00, 0x00, 0xFF, 0xFF, 0xFF, 
0x00, 0x00, 0x00, 0x00, 0x00, 0x00, 0x00, 0x00, 0xFF, 0xFF, 0xFF, 0x00, 0x00, 0x00, 0x00, 0x00, 
0x00, 0x00, 0x00, 0xFF, 0xFF, 0xFF, 0x00, 0x00, 0x00, 0x00, 0x00, 0xFF, 0xFF, 0xFF, 0xFF, 0xFF, 
0xFF, 0xFF, 0x00, 0xFF, 0xFF, 0xFF, 0xFF, 0xFF, 0xFF, 0xFE, 0x00, 0x00, 0x00, 0x00, 0x75, 0xFF, 
0xFF, 0x90, 0x00, 0x00, 0x00, 0x2D, 0xF8, 0xFF, 0xD6, 0x08, 0x00, 0x00, 0x06, 0xD0, 0xFF, 0xFA, 
0x33, 0x00, 0x00, 0x00, 0x89, 0xFF, 0xFF, 0x7C, 0x00, 0x00, 0x00, 0x3C, 0xFD, 0xFF, 0xC7, 0x03, 
0x00, 0x00, 0x0C, 0xDE, 0xFF, 0xF4, 0x24, 0x00, 0x00, 0x00, 0x9C, 0xFF, 0xFF, 0x68, 0x00, 0x00, 
0x00, 0x00, 0xFF, 0xFF, 0xFF, 0xFF, 0xFF, 0xFF, 0xFF, 0xFF, 0xFF, 0xFF, 0xFF, 0xFF, 0xFF, 0xFF, 
0xFF, 0xFF, 0xFF, 0xFF, 0xFF, 0xFF, 0xFF, 0xFF, 0xFF, 0xFF, 0xFF, 0xFF, 0xFF, 0xFF, 0xFF, 0x00, 
0x00, 0xFF, 0xFF, 0xFF, 0x00, 0x00, 0xFF, 0xFF, 0xFF, 0x00, 0x00, 0xFF, 0xFF, 0xFF, 0x00, 0x00, 
0xFF, 0xFF, 0xFF, 0x00, 0x00, 0xFF, 0xFF, 0xFF, 0x00, 0x00, 0xFF, 0xFF, 0xFF, 0x00, 0x00, 0xFF, 
0xFF, 0xFF, 0x00, 0x00, 0xFF, 0xFF, 0xFF, 0x00, 0x00, 0xFF, 0xFF, 0xFF, 0x00, 0x00, 0xFF, 0xFF, 
0xFF, 0xFF, 0xFF, 0xFF, 0xFF, 0xFF, 0xFF, 0xFF, 0xDC, 0x1F, 0x00, 0x00, 0x96, 0x64, 0x00, 0x00, 
0x50, 0xAA, 0x00, 0x00, 0x0E, 0xEA, 0x02, 0x00, 0x00, 0xC4, 0x36, 0x00, 0x00, 0x7E, 0x7D, 0x00, 
0x00, 0x37, 0xC3, 0x00, 0x00, 0x03, 0xEA, 0x0E, 0x00, 0x00, 0xAB, 0x4F, 0x00, 0x00, 0x65, 0x95, 
0x00, 0x00, 0x1F, 0xDC, 0xFF, 0xFF, 0xFF, 0xFF, 0xFF, 0xFF, 0xFF, 0xFF, 0xFF, 0xFF, 0x00, 0x00, 
0xFF, 0xFF, 0xFF, 0x00, 0x00, 0xFF, 0xFF, 0xFF, 0x00, 0x00, 0xFF, 0xFF, 0xFF, 0x00, 0x00, 0xFF, 
0xFF, 0xFF, 0x00, 0x00, 0xFF, 0xFF, 0xFF, 0x00, 0x00, 0xFF, 0xFF, 0xFF, 0x00, 0x00, 0xFF, 0xFF, 
0xFF, 0x00, 0x00, 0xFF, 0xFF, 0xFF, 0x00, 0x00, 0xFF, 0xFF, 0xFF, 0x00, 0x00, 0xFF, 0xFF, 0xFF, 
0xFF, 0xFF, 0xFF, 0xFF, 0xFF, 0xFF, 0xFF, 0xFF, 0xFF, 0xFF, 0x00, 0x00, 0x48, 0xFF, 0xFF, 0x43, 
0x00, 0x00, 0x00, 0x00, 0xC5, 0xFF, 0xFF, 0xC2, 0x00, 0x00, 0x00, 0x45, 0xFF, 0xEC, 0xEC, 0xFF, 
0x41, 0x00, 0x00, 0xC3, 0xFF, 0x8E, 0x90, 0xFF, 0xC0, 0x00, 0x42, 0xFF, 0xFF, 0x2A, 0x2D, 0xFF, 
0xFF, 0x40, 0xC1, 0xFF, 0xC6, 0x00, 0x00, 0xCA, 0xFF, 0xC0, 0xFF, 0xFF, 0xFF, 0xFF, 0xFF, 0xFF, 
0xFF, 0xFF, 0x55, 0xEA, 0xFF, 0x3F, 0x00, 0x15, 0xAB, 0xBF, 0x00, 0x7E, 0xD8, 0xF6, 0xFA, 0xE5, 
0xA1, 0x15, 0x00, 0x7A, 0xFF, 0xFF, 0xFF, 0xFF, 0xFF, 0xFF, 0xAA, 0x00, 0xE2, 0xFF, 0xFF, 0x45, 
0x20, 0xFF, 0xFF, 0xED, 0x00, 0x00, 0x0D, 0x4E, 0x88, 0xD2, 0xFF, 0xFF, 0xFF, 0x00, 0x65, 0xF8, 
0xFF, 0xFF, 0xFF, 0xFF, 0xFF, 0xFF, 0x00, 0xEE, 0xFF, 0xFF, 0x63, 0x4F, 0xFF, 0xFF, 0xFF, 0x00, 
0xDE, 0xFF, 0xFF, 0xFF, 0xFE, 0xF6, 0xFF, 0xFF, 0x04, 0x3D, 0xD2, 0xF8, 0xD9, 0x5C, 0xAC, 0xFF, 
0xFF, 0x2F, 0xFF, 0xFF, 0xFF, 0x00, 0x00, 0x00, 0x00, 0x00, 0xFF, 0xFF, 0xFF, 0x00, 0x00, 0x00, 
0x00, 0x00, 0xFF, 0xFF, 0xFF, 0x00, 0x00, 0x00, 0x00, 0x00, 0xFF, 0xFF, 0xFF, 0x52, 0xE8, 0xE8, 
0x67, 0x00, 0xFF, 0xFF, 0xFF, 0xF5, 0xFF, 0xFF, 0xFF, 0x31, 0xFF, 0xFF, 0xFF, 0x5C, 0x57, 0xFF, 
0xFF, 0x92, 0xFF, 0xFF, 0xFF, 0x06, 0x09, 0xFF, 0xFF, 0xB3, 0xFF, 0xFF, 0xFF, 0x07, 0x0B, 0xFF, 
0xFF, 0xB3, 0xFF, 0xFF, 0xFF, 0x5B, 0x59, 0xFF, 0xFF, 0x89, 0xFF, 0xFF, 0xE5, 0xF8, 0xFF, 0xFF, 
0xFD, 0x2D, 0xFF, 0xFF, 0xC8, 0x59, 0xE9, 0xE4, 0x5D, 0x00, 0x00, 0x3F, 0xC3, 0xF3, 0xF2, 0xCB, 
0x55, 0x00, 0x3C, 0xFC, 0xFF, 0xFF, 0xFF, 0xFF, 0xFF, 0x51, 0xC3, 0xFF, 0xFF, 0x64, 0x45, 0xFF, 
0xFF, 0xCE, 0xF5, 0xFF, 0xFF, 0x0C, 0x00, 0x00, 0x00, 0x00, 0xF7, 0xFF, 0xFF, 0x09, 0x00, 0x00, 
0x00, 0x00, 0xCB, 0xFF, 0xFF, 0x5B, 0x47, 0xFF, 0xFF, 0xD6, 0x42, 0xFE, 0xFF, 0xFF, 0xFF, 0xFF, 
0xFF, 0x56, 0x00, 0x50, 0xC9, 0xF5, 0xF8, 0xD1, 0x59, 0x00, 0x00, 0x00, 0x00, 0x00, 0x00, 0xFF, 
0xFF, 0xFF, 0x00, 0x00, 0x00, 0x00, 0x00, 0xFF, 0xFF, 0xFF, 0x00, 0x00, 0x00, 0x00, 0x00, 0xFF, 
0xFF, 0xFF, 0x00, 0x6A, 0xE8, 0xE8, 0x52, 0xFF, 0xFF, 0xFF, 0x33, 0xFF, 0xFF, 0xFF, 0xF5, 0xFF, 
0xFF, 0xFF, 0x93, 0xFF, 0xFF, 0x55, 0x5F, 0xFF, 0xFF, 0xFF, 0xB3, 0xFF, 0xFF, 0x09, 0x07, 0xFF, 
0xFF, 0xFF, 0xAF, 0xFF, 0xFF, 0x09, 0x07, 0xFF, 0xFF, 0xFF, 0x88, 0xFF, 0xFF, 0x59, 0x5A, 0xFF, 
0xFF, 0xFF, 0x29, 0xFD, 0xFF, 0xFF, 0xF8, 0xE5, 0xFF, 0xFF, 0x00, 0x67, 0xE9, 0xE9, 0x5A, 0xC8, 
0xFF, 0xFF, 0x00, 0x45, 0xC6, 0xF7, 0xF0, 0xC1, 0x42, 0x00, 0x42, 0xFD, 0xFF, 0xFF, 0xFF, 0xFF, 
0xFB, 0x37, 0xC1, 0xFF, 0xFF, 0x3F, 0x3F, 0xFF, 0xFF, 0xAD, 0xF5, 0xFF, 0xFF, 0xFF, 0xFF, 0xFF, 
0xFF, 0xE7, 0xF2, 0xFF, 0xFF, 0xFF, 0xFF, 0xFF, 0xFF, 0xFB, 0xC0, 0xFF, 0xFF, 0x44, 0x00, 0x00, 
0x00, 0x00, 0x45, 0xFE, 0xFF, 0xFF, 0xFF, 0xFF, 0xFF, 0xA0, 0x00, 0x50, 0xCA, 0xF4, 0xF7, 0xD9, 
0x7E, 0x04, 0x00, 0x38, 0xD3, 0xFA, 0xF5, 0xC5, 0x00, 0xD0, 0xFF, 0xFF, 0xFF, 0xA4, 0x00, 0xFA, 
0xFF, 0xFF, 0x1B, 0x06, 0xFF, 0xFF, 0xFF, 0xFF, 0xFF, 0x00, 0xFF, 0xFF, 0xFF, 0xFF, 0xFF, 0x00, 
0x00, 0xFF, 0xFF, 0xFF, 0x00, 0x00, 0x00, 0xFF, 0xFF, 0xFF, 0x00, 0x00, 0x00, 0xFF, 0xFF, 0xFF, 
0x00, 0x00, 0x00, 0xFF, 0xFF, 0xFF, 0x00, 0x00, 0x00, 0xFF, 0xFF, 0xFF, 0x00, 0x00, 0x00, 0xFF, 
0xFF, 0xFF, 0x00, 0x00, 0x00, 0x50, 0xC3, 0xCB, 0x4B, 0xC8, 0xFF, 0xFF, 0x2F, 0xFE, 0xFF, 0xFF, 
0xF7, 0xE4, 0xFF, 0xFF, 0x91, 0xFF, 0xFF, 0x57, 0x64, 0xFF, 0xFF, 0xFF, 0xB3, 0xFF, 0xFF, 0x0A, 
0x09, 0xFF, 0xFF, 0xFF, 0xB2, 0xFF, 0xFF, 0x08, 0x07, 0xFF, 0xFF, 0xFF, 0x8E, 0xFF, 0xFF, 0x56, 
0x5A, 0xFF, 0xFF, 0xFF, 0x30, 0xFD, 0xFF, 0xFF, 0xE5, 0xFF, 0xFF, 0xFF, 0x00, 0x63, 0xEA, 0xDE, 
0x40, 0xFF, 0xFF, 0xFE, 0x00, 0x00, 0x00, 0x00, 0x42, 0xFF, 0xFF, 0xE2, 0xEB, 0xFF, 0xFF, 0xFF, 
0xFF, 0xFF, 0xFF, 0x7B, 0x41, 0xC3, 0xEE, 0xFD, 0xF0, 0xD1, 0x75, 0x01, 0xFF, 0xFF, 0xFF, 0x00, 
0x00, 0x00, 0x00, 0x00, 0xFF, 0xFF, 0xFF, 0x00, 0x00, 0x00, 0x00, 0x00, 0xFF, 0xFF, 0xFF, 0x00, 
0x00, 0x00, 0x00, 0x00, 0xFF, 0xFF, 0xFF, 0x37, 0xCF, 0xF6, 0xC3, 0x23, 0xFF, 0xFF, 0xFF, 0xF1, 
0xFF, 0xFF, 0xFF, 0xB5, 0xFF, 0xFF, 0xFF, 0x5B, 0x3D, 0xFF, 0xFF, 0xEE, 0xFF, 0xFF, 0xFF, 0x0A, 
0x02, 0xFF, 0xFF, 0xFF, 0xFF, 0xFF, 0xFF, 0x00, 0x00, 0xFF, 0xFF, 0xFF, 0xFF, 0xFF, 0xFF, 0x00, 
0x00, 0xFF, 0xFF, 0xFF, 0xFF, 0xFF, 0xFF, 0x00, 0x00, 0xFF, 0xFF, 0xFF, 0xFF, 0xFF, 0xFF, 0x00, 
0x00, 0xFF, 0xFF, 0xFF, 0xFF, 0xFF, 0xFF, 0xFF, 0xFF, 0xFF, 0x00, 0x00, 0x00, 0xFF, 0xFF, 0xFF, 
0xFF, 0xFF, 0xFF, 0xFF, 0xFF, 0xFF, 0xFF, 0xFF, 0xFF, 0xFF, 0xFF, 0xFF, 0xFF, 0xFF, 0xFF, 0xFF, 
0xFF, 0xFF, 0xFF, 0xFF, 0xFF, 0x00, 0x00, 0xFF, 0xFF, 0xFF, 0x00, 0x00, 0xFF, 0xFF, 0xFF, 0x00, 
0x00, 0x00, 0x00, 0x00, 0x00, 0x00, 0xFF, 0xFF, 0xFF, 0x00, 0x00, 0xFF, 0xFF, 0xFF, 0x00, 0x00, 
0xFF, 0xFF, 0xFF, 0x00, 0x00, 0xFF, 0xFF, 0xFF, 0x00, 0x00, 0xFF, 0xFF, 0xFF, 0x00, 0x00, 0xFF, 
0xFF, 0xFF, 0x00, 0x00, 0xFF, 0xFF, 0xFF, 0x00, 0x01, 0xFF, 0xFF, 0xFE, 0x05, 0x32, 0xFF, 0xFF, 
0xF5, 0xA5, 0xFF, 0xFF, 0xFF, 0xC9, 0xC3, 0xF5, 0xF9, 0xCC, 0x32, 0xFF, 0xFF, 0xFF, 0x00, 0x00, 
0x00, 0x00, 0x00, 0x00, 0xFF, 0xFF, 0xFF, 0x00, 0x00, 0x00, 0x00, 0x00, 0x00, 0xFF, 0xFF, 0xFF, 
0x00, 0x00, 0x00, 0x00, 0x00, 0x00, 0xFF, 0xFF, 0xFF, 0x00, 0x00, 0x91, 0xFF, 0xFF, 0x7E, 0xFF, 
0xFF, 0xFF, 0x01, 0x95, 0xFF, 0xFF, 0x7C, 0x00, 0xFF, 0xFF, 0xFF, 0x99, 0xFF, 0xFF, 0x7C, 0x00, 
0x00, 0xFF, 0xFF, 0xFF, 0xFF, 0xFF, 0xFF, 0x78, 0x00, 0x00, 0xFF, 0xFF, 0xFF, 0xFF, 0xF6, 0xFF, 
0xF1, 0x16, 0x00, 0xFF, 0xFF, 0xFF, 0x6E, 0x71, 0xFF, 0xFF, 0x98, 0x00, 0xFF, 0xFF, 0xFF, 0x00, 
0x05, 0xDA, 0xFF, 0xFC, 0x2B, 0xFF, 0xFF, 0xFF, 0x00, 0x00, 0x50, 0xFF, 0xFF, 0xB8, 0xFF, 0xFF, 
0xFF, 0xFF, 0xFF, 0xFF, 0xFF, 0xFF, 0xFF, 0xFF, 0xFF, 0xFF, 0xFF, 0xFF, 0xFF, 0xFF, 0xFF, 0xFF, 
0xFF, 0xFF, 0xFF, 0xFF, 0xFF, 0xFF, 0xFF, 0xFF, 0xFF, 0xFF, 0xFF, 0xFF, 0xFF, 0xFF, 0xFF, 0xFF, 
0xFF, 0xCC, 0x6F, 0xDF, 0xFA, 0xD5, 0x3C, 0x74, 0xE4, 0xF6, 0xBE, 0x20, 0xFF, 0xFF, 0xFD, 0xFF, 
0xFF, 0xFF, 0xFF, 0xFC, 0xFF, 0xFF, 0xFF, 0xFF, 0xB2, 0xFF, 0xFF, 0xFF, 0x5B, 0x3D, 0xFF, 0xFF, 
0xFF, 0x56, 0x3D, 0xFF, 0xFF, 0xED, 0xFF, 0xFF, 0xFF, 0x07, 0x00, 0xFF, 0xFF, 0xFF, 0x06, 0x00, 
0xFF, 0xFF, 0xFF, 0xFF, 0xFF, 0xFF, 0x00, 0x00, 0xFF, 0xFF, 0xFF, 0x00, 0x00, 0xFF, 0xFF, 0xFF, 
0xFF, 0xFF, 0xFF, 0x00, 0x00, 0xFF, 0xFF, 0xFF, 0x00, 0x00, 0xFF, 0xFF, 0xFF, 0xFF, 0xFF, 0xFF, 
0x00, 0x00, 0xFF, 0xFF, 0xFF, 0x00, 0x00, 0xFF, 0xFF, 0xFF, 0xFF, 0xFF, 0xFF, 0x00, 0x00, 0xFF, 
0xFF, 0xFF, 0x00, 0x00, 0xFF, 0xFF, 0xFF, 0xFF, 0xFF, 0xCC, 0x66, 0xDC, 0xF7, 0xC2, 0x22, 0xFF, 
0xFF, 0xFB, 0xFF, 0xFF, 0xFF, 0xFF, 0xB5, 0xFF, 0xFF, 0xFF, 0x5B, 0x3D, 0xFF, 0xFF, 0xEE, 0xFF, 
0xFF, 0xFF, 0x0A, 0x02, 0xFF, 0xFF, 0xFF, 0xFF, 0xFF, 0xFF, 0x00, 0x00, 0xFF, 0xFF, 0xFF, 0xFF, 
0xFF, 0xFF, 0x00, 0x00, 0xFF, 0xFF, 0xFF, 0xFF, 0xFF, 0xFF, 0x00, 0x00, 0xFF, 0xFF, 0xFF, 0xFF, 
0xFF, 0xFF, 0x00, 0x00, 0xFF, 0xFF, 0xFF, 0x00, 0x39, 0xBD, 0xF5, 0xF4, 0xC1, 0x40, 0x00, 0x37, 
0xF9, 0xFF, 0xFF, 0xFF, 0xFF, 0xFB, 0x39, 0xBB, 0xFF, 0xFF, 0x5E, 0x5A, 0xFF, 0xFF, 0xB9, 0xF4, 
0xFF, 0xFF, 0x0A, 0x0A, 0xFF, 0xFF, 0xED, 0xF5, 0xFF, 0xFF, 0x0A, 0x0B, 0xFF, 0xFF, 0xF4, 0xBD, 
0xFF, 0xFF, 0x5B, 0x5B, 0xFF, 0xFF, 0xBC, 0x3A, 0xF9, 0xFF, 0xFF, 0xFF, 0xFF, 0xFA, 0x3B, 0x00, 
0x34, 0xB9, 0xED, 0xF5, 0xC0, 0x3D, 0x00, 0xFF, 0xFF, 0xC8, 0x59, 0xE9, 0xE8, 0x64, 0x00, 0xFF, 
0xFF, 0xE5, 0xF8, 0xFF, 0xFF, 0xFD, 0x27, 0xFF, 0xFF, 0xFF, 0x5B, 0x5A, 0xFF, 0xFF, 0x88, 0xFF, 
0xFF, 0xFF, 0x07, 0x09, 0xFF, 0xFF, 0xAE, 0xFF, 0xFF, 0xFF, 0x06, 0x0A, 0xFF, 0xFF, 0xB2, 0xFF, 
0xFF, 0xFF, 0x5C, 0x56, 0xFF, 0xFF, 0x92, 0xFF, 0xFF, 0xFF, 0xF6, 0xFF, 0xFF, 0xFF, 0x32, 0xFF, 
0xFF, 0xFF, 0x55, 0xE9, 0xE0, 0x60, 0x00, 0xFF, 0xFF, 0xFF, 0x00, 0x00, 0x00, 0x00, 0x00, 0xFF, 
0xFF, 0xFF, 0x00, 0x00, 0x00, 0x00, 0x00, 0xFF, 0xFF, 0xFF, 0x00, 0x00, 0x00, 0x00, 0x00, 0x00, 
0x5F, 0xE4, 0xE9, 0x59, 0xC8, 0xFF, 0xFF, 0x2F, 0xFE, 0xFF, 0xFF, 0xF8, 0xE5, 0xFF, 0xFF, 0x8C, 
0xFF, 0xFF, 0x5A, 0x5C, 0xFF, 0xFF, 0xFF, 0xB4, 0xFF, 0xFF, 0x0B, 0x07, 0xFF, 0xFF, 0xFF, 0xB3, 
0xFF, 0xFF, 0x08, 0x06, 0xFF, 0xFF, 0xFF, 0x93, 0xFF, 0xFF, 0x53, 0x5C, 0xFF, 0xFF, 0xFF, 0x33, 
0xFF, 0xFF, 0xFF, 0xF6, 0xFF, 0xFF, 0xFF, 0x00, 0x60, 0xE0, 0xE9, 0x54, 0xFF, 0xFF, 0xFF, 0x00, 
0x00, 0x00, 0x00, 0x00, 0xFF, 0xFF, 0xFF, 0x00, 0x00, 0x00, 0x00, 0x00, 0xFF, 0xFF, 0xFF, 0x00, 
0x00, 0x00, 0x00, 0x00, 0xFF, 0xFF, 0xFF, 0xFF, 0xFF, 0xCC, 0x5D, 0xF2, 0xB8, 0xFF, 0xFF, 0xD2, 
0xEB, 0xFF, 0x6E, 0xFF, 0xFF, 0xFE, 0x87, 0x15, 0x09, 0xFF, 0xFF, 0xFF, 0x21, 0x00, 0x00, 0xFF, 
0xFF, 0xFF, 0x06, 0x00, 0x00, 0xFF, 0xFF, 0xFF, 0x00, 0x00, 0x00, 0xFF, 0xFF, 0xFF, 0x00, 0x00, 
0x00, 0xFF, 0xFF, 0xFF, 0x00, 0x00, 0x00, 0x1B, 0xAA, 0xEC, 0xFC, 0xEF, 0xA7, 0x17, 0xC1, 0xFF, 
0xFE, 0x2C, 0x45, 0xFF, 0xC0, 0xF7, 0xFF, 0xFB, 0x76, 0x40, 0x06, 0x00, 0xBE, 0xFF, 0xFF, 0xFF, 
0xFF, 0xEA, 0x42, 0x19, 0xA2, 0xF0, 0xFF, 0xFF, 0xFF, 0xDA, 0x00, 0x00, 0x03, 0x3C, 0xFC, 0xFF, 
0xF5, 0xC8, 0xFF, 0x4B, 0x32, 0xFF, 0xFF, 0xA7, 0x1F, 0xB5, 0xEF, 0xFC, 0xE9, 0x9C, 0x0F, 0x00, 
0x00, 0x39, 0xBD, 0x00, 0x00, 0x00, 0xB5, 0xFF, 0xFF, 0x00, 0x00, 0x00, 0xFF, 0xFF, 0xFF, 0x00, 
0x00, 0xFF, 0xFF, 0xFF, 0xFF, 0xFF, 0xFF, 0xFF, 0xFF, 0xFF, 0xFF, 0xFF, 0xFF, 0x00, 0xFF, 0xFF, 
0xFF, 0x00, 0x00, 0x00, 0xFF, 0xFF, 0xFF, 0x00, 0x00, 0x00, 0xFF, 0xFF, 0xFF, 0x00, 0x00, 0x00, 
0xF7, 0xFF, 0xFF, 0x1B, 0x15, 0x00, 0xCE, 0xFF, 0xFF, 0xFF, 0xD6, 0x00, 0x3A, 0xD3, 0xF9, 0xEE, 
0xC8, 0xFF, 0xFF, 0xFF, 0x00, 0x00, 0xFF, 0xFF, 0xFF, 0xFF, 0xFF, 0xFF, 0x00, 0x00, 0xFF, 0xFF, 
0xFF, 0xFF, 0xFF, 0xFF, 0x00, 0x00, 0xFF, 0xFF, 0xFF, 0xFF, 0xFF, 0xFF, 0x00, 0x00, 0xFF, 0xFF, 
0xFF, 0xFF, 0xFF, 0xFF, 0x01, 0x0B, 0xFF, 0xFF, 0xFF, 0xF0, 0xFF, 0xFF, 0x3A, 0x5E, 0xFF, 0xFF, 
0xFF, 0xB7, 0xFF, 0xFF, 0xFF, 0xFF, 0xFB, 0xFF, 0xFF, 0x24, 0xC4, 0xF7, 0xDF, 0x69, 0xCC, 0xFF, 
0xFF, 0xCE, 0xFF, 0xFF, 0x2C, 0x00, 0x2A, 0xFF, 0xFF, 0xCB, 0x69, 0xFF, 0xFF, 0x77, 0x00, 0x75, 
0xFF, 0xFF, 0x63, 0x0E, 0xF5, 0xFF, 0xC1, 0x00, 0xC0, 0xFF, 0xF0, 0x0A, 0x00, 0x9F, 0xFF, 0xFB, 
0x1F, 0xFB, 0xFF, 0x93, 0x00, 0x00, 0x3A, 0xFF, 0xFF, 0xAC, 0xFF, 0xFF, 0x2B, 0x00, 0x00, 0x00, 
0xD4, 0xFF, 0xFF, 0xFF, 0xC3, 0x00, 0x00, 0x00, 0x00, 0x70, 0xFF, 0xFF, 0xFF, 0x5B, 0x00, 0x00, 
0x00, 0x00, 0x12, 0xF8, 0xFF, 0xEC, 0x07, 0x00, 0x00, 0xD6, 0xFF, 0xFF, 0x28, 0x00, 0xC2, 0xFF, 
0xB9, 0x00, 0x26, 0xFF, 0xFF, 0xD5, 0x82, 0xFF, 0xFF, 0x6B, 0x05, 0xF7, 0xFF, 0xF2, 0x03, 0x68, 
0xFF, 0xFF, 0x81, 0x2D, 0xFF, 0xFF, 0xAE, 0x38, 0xFF, 0xFF, 0xFF, 0x32, 0xAB, 0xFF, 0xFF, 0x2D, 
0x00, 0xD8, 0xFF, 0xEE, 0x76, 0xFF, 0xB6, 0xFF, 0x6F, 0xEC, 0xFF, 0xD9, 0x00, 0x00, 0x84, 0xFF, 
0xFF, 0xDD, 0xE9, 0x0D, 0xE7, 0xD7, 0xFF, 0xFF, 0x85, 0x00, 0x00, 0x30, 0xFF, 0xFF, 0xFF, 0x82, 
0x00, 0x7F, 0xFF, 0xFF, 0xFF, 0x31, 0x00, 0x00, 0x00, 0xDA, 0xFF, 0xFA, 0x19, 0x00, 0x16, 0xF8, 
0xFF, 0xDD, 0x00, 0x00, 0x00, 0x00, 0x86, 0xFF, 0xA6, 0x00, 0x00, 0x00, 0xA0, 0xFF, 0x89, 0x00, 
0x00, 0xAB, 0xFF, 0xFF, 0x55, 0x00, 0x55, 0xFF, 0xFF, 0xAA, 0x16, 0xEB, 0xFF, 0xEB, 0x2C, 0xEB, 
0xFF, 0xEB, 0x15, 0x00, 0x58, 0xFF, 0xFF, 0xF6, 0xFF, 0xFF, 0x57, 0x00, 0x00, 0x00, 0xB3, 0xFF, 
0xFF, 0xFF, 0xB3, 0x00, 0x00, 0x00, 0x07, 0xDB, 0xFF, 0xFF, 0xFF, 0xDB, 0x07, 0x00, 0x00, 0x7D, 
0xFF, 0xFF, 0xCD, 0xFF, 0xFF, 0x7C, 0x00, 0x21, 0xF6, 0xFF, 0xD9, 0x0B, 0xD9, 0xFF, 0xF6, 0x20, 
0xB3, 0xFF, 0xFF, 0x4A, 0x00, 0x4A, 0xFF, 0xFF, 0xB2, 0xD0, 0xFF, 0xFF, 0x2A, 0x00, 0x2C, 0xFF, 
0xFF, 0xD1, 0x70, 0xFF, 0xFF, 0x71, 0x00, 0x72, 0xFF, 0xFF, 0x75, 0x15, 0xFA, 0xFF, 0xB8, 0x00, 
0xB9, 0xFF, 0xFD, 0x1B, 0x00, 0xB0, 0xFF, 0xF6, 0x10, 0xF6, 0xFF, 0xBD, 0x00, 0x00, 0x50, 0xFF, 
0xFF, 0x8B, 0xFF, 0xFF, 0x61, 0x00, 0x00, 0x05, 0xEA, 0xFF, 0xF8, 0xFF, 0xF7, 0x0E, 0x00, 0x00, 
0x00, 0x8F, 0xFF, 0xFF, 0xFF, 0xA9, 0x00, 0x00, 0x00, 0x00, 0x2E, 0xFF, 0xFF, 0xFF, 0x4D, 0x00, 
0x00, 0x20, 0x08, 0x3D, 0xFB, 0xFF, 0xEA, 0x05, 0x00, 0x00, 0xEB, 0xFF, 0xFF, 0xFF, 0xFF, 0x70, 
0x00, 0x00, 0x00, 0xB2, 0xF4, 0xF9, 0xDD, 0x7C, 0x01, 0x00, 0x00, 0x00, 0xFF, 0xFF, 0xFF, 0xFF, 
0xFF, 0xFF, 0xFF, 0xFF, 0xFF, 0xFF, 0xFF, 0xF7, 0x00, 0x00, 0x10, 0xD6, 0xFE, 0x55, 0x00, 0x05, 
0xBD, 0xFF, 0x76, 0x00, 0x00, 0x9F, 0xFF, 0x9A, 0x00, 0x00, 0x7D, 0xFF, 0xB9, 0x04, 0x00, 0x00, 
0xFF, 0xFF, 0xFF, 0xFF, 0xFF, 0xFF, 0xFF, 0xFF, 0xFF, 0xFF, 0xFF, 0xFF, 0x00, 0x34, 0xC7, 0xF1, 
0xFF, 0x00, 0xC7, 0xFF, 0xFF, 0xFF, 0x00, 0xF5, 0xFF, 0xFF, 0x2E, 0x00, 0xFF, 0xFF, 0xF2, 0x00, 
0x06, 0xFF, 0xFF, 0xE7, 0x00, 0x4A, 0xFF, 0xFF, 0xC6, 0x00, 0xFF, 0xFF, 0xF1, 0x43, 0x00, 0xFF, 
0xFF, 0xF0, 0x4B, 0x00, 0x4C, 0xFF, 0xFF, 0xD3, 0x00, 0x05, 0xFF, 0xFF, 0xF8, 0x00, 0x01, 0xFF, 
0xFF, 0xFF, 0x02, 0x00, 0xFA, 0xFF, 0xFF, 0x2B, 0x00, 0xCF, 0xFF, 0xFF, 0xFF, 0x00, 0x38, 0xCE, 
0xF6, 0xFF, 0xFF, 0xFF, 0xFF, 0xFF, 0xFF, 0xFF, 0xFF, 0xFF, 0xFF, 0xFF, 0xFF, 0xFF, 0xFF, 0xFF, 
0xFF, 0xFF, 0xFF, 0xFF, 0xFF, 0xFF, 0xFF, 0xFF, 0xFF, 0xFF, 0xFF, 0xFF, 0xFF, 0xFF, 0xFF, 0xF0, 
0xC7, 0x34, 0x00, 0xFF, 0xFF, 0xFF, 0xC3, 0x00, 0x30, 0xFF, 0xFF, 0xF3, 0x00, 0x00, 0xF4, 0xFF, 
0xFF, 0x00, 0x00, 0xEA, 0xFF, 0xFF, 0x04, 0x00, 0xC7, 0xFF, 0xFF, 0x47, 0x00, 0x43, 0xF1, 0xFF, 
0xFF, 0x00, 0x4C, 0xF0, 0xFF, 0xFF, 0x00, 0xD6, 0xFF, 0xFF, 0x4C, 0x00, 0xF9, 0xFF, 0xFF, 0x05, 
0x02, 0xFF, 0xFF, 0xFF, 0x01, 0x2D, 0xFF, 0xFF, 0xFA, 0x00, 0xFF, 0xFF, 0xFF, 0xCE, 0x00, 0xFF, 
0xF6, 0xCE, 0x38, 0x00, 0x5A, 0xCF, 0xF5, 0xC9, 0x62, 0x10, 0x27, 0xA9, 0xFF, 0xFF, 0xFF, 0xFF, 
0xFF, 0xFF, 0xFF, 0xFF, 0xAB, 0x2B, 0x0F, 0x5D, 0xC2, 0xF5, 0xD2, 0x56, 0x00, 0xFF, 0xFF, 0xFF, 
0xFF, 0xFF, 0xFF, 0xFF, 0xFF, 0xFF, 0x00, 0x00, 0x00, 0x8E, 0xFF, 0x89, 0xA9, 0xFF, 0xA5, 0xC4, 
0xFF, 0xC1, 0xE0, 0xFF, 0xDE, 0xF9, 0xFF, 0xF9, 0xFF, 0xFF, 0xFF, 0xFF, 0xFF, 0xFF, 0x00, 0x00, 
0x00, 0x00, 0x09, 0xC5, 0x00, 0x00, 0x00, 0x00, 0x00, 0x00, 0x42, 0xBC, 0x00, 0x00, 0x00, 0x00, 
0x00, 0x00, 0x81, 0x7D, 0x00, 0x00, 0x00, 0x58, 0xD8, 0xFB, 0xFB, 0xDA, 0x56, 0x00, 0x41, 0xFF, 
0xFF, 0xFF, 0xFF, 0xFF, 0xFF, 0x5F, 0xBD, 0xFF, 0xFF, 0x8C, 0xD6, 0xF3, 0xD8, 0xA5, 0xEC, 0xFF, 
0xFF, 0x84, 0x85, 0x00, 0x00, 0x00, 0xF1, 0xFF, 0xFF, 0xB6, 0x47, 0x00, 0x00, 0x00, 0xC0, 0xFF, 
0xFF, 0xEE, 0x52, 0xF6, 0xE3, 0xBC, 0x42, 0xFB, 0xFF, 0xFF, 0xFF, 0xFF, 0xFF, 0x76, 0x00, 0x41, 
0xD7, 0xF9, 0xFB, 0xDC, 0x6D, 0x00, 0x00, 0x00, 0xB1, 0x50, 0x00, 0x00, 0x00, 0x00, 0x00, 0x01, 
0xEB, 0x12, 0x00, 0x00, 0x00, 0x00, 0x00, 0x16, 0xB2, 0x00, 0x00, 0x00, 0x00, 0x00, 0x00, 0x0A, 
0x8F, 0xDE, 0xF8, 0xF7, 0xD8, 0x77, 0x01, 0x00, 0x00, 0xAA, 0xFF, 0xFF, 0xFF, 0xFF, 0xFF, 0xFF, 
0x7E, 0x00, 0x00, 0xF6, 0xFF, 0xFF, 0x31, 0x4F, 0xF1, 0xD4, 0xA4, 0x00, 0x00, 0xC1, 0xFF, 0xFF, 
0x4B, 0x00, 0x00, 0x00, 0x00, 0x00, 0xFF, 0xFF, 0xFF, 0xFF, 0xFF, 0xFF, 0xFF, 0x00, 0x00, 0x00, 
0xFF, 0xFF, 0xFF, 0xFF, 0xFF, 0xFF, 0xFF, 0x00, 0x00, 0x00, 0x00, 0x08, 0xFF, 0xFF, 0xE7, 0x00, 
0x00, 0x00, 0x00, 0x00, 0x00, 0x56, 0xFF, 0xFF, 0xB6, 0x00, 0x00, 0x00, 0x00, 0x00, 0x36, 0xEF, 
0xFF, 0xFF, 0xFF, 0xB9, 0x3A, 0x13, 0x94, 0x38, 0xC2, 0xFF, 0xFF, 0xFF, 0xFF, 0xFF, 0xFF, 0xFF, 
0xFF, 0xBA, 0x27, 0xC6, 0x43, 0x0B, 0x35, 0x92, 0xDF, 0xF5, 0xCB, 0x57, 0x03, 0xA3, 0x30, 0x00, 
0x00, 0x00, 0x31, 0xA1, 0x03, 0xA2, 0xFF, 0xDF, 0xD6, 0xF8, 0xD6, 0xDE, 0xFF, 0xA0, 0x36, 0xE3, 
0xFF, 0xFF, 0xFF, 0xFF, 0xFF, 0xE3, 0x36, 0x00, 0xDA, 0xFF, 0x78, 0x0C, 0x78, 0xFF, 0xD9, 0x00, 
0x00, 0xFA, 0xFF, 0x0C, 0x00, 0x0C, 0xFF, 0xF8, 0x00, 0x00, 0xDD, 0xFF, 0x78, 0x0C, 0x78, 0xFF, 
0xD7, 0x00, 0x36, 0xE3, 0xFF, 0xFF, 0xFF, 0xFF, 0xFF, 0xE3, 0x35, 0xA0, 0xFF, 0xE1, 0xD8, 0xF9, 
0xD7, 0xE0, 0xFF, 0xA1, 0x02, 0x9E, 0x36, 0x00, 0x00, 0x00, 0x32, 0xA2, 0x03, 0xB2, 0xFF, 0xFF, 
0x55, 0x00, 0x00, 0x00, 0x55, 0xFF, 0xFF, 0xB1, 0x20, 0xF6, 0xFF, 0xE4, 0x0C, 0x00, 0x0B, 0xE3, 
0xFF, 0xF6, 0x20, 0x00, 0x7B, 0xFF, 0xFF, 0x8D, 0x00, 0x89, 0xFF, 0xFF, 0x7B, 0x00, 0x00, 0x06, 
0xD7, 0xFF, 0xFB, 0x56, 0xFA, 0xFF, 0xDA, 0x07, 0x00, 0x00, 0xFF, 0xFF, 0xFF, 0xFF, 0xFF, 0xFF, 
0xFF, 0xFF, 0xFF, 0x00, 0x00, 0xFF, 0xFF, 0xFF, 0xFF, 0xFF, 0xFF, 0xFF, 0xFF, 0xFF, 0x00, 0x00, 
0x00, 0x00, 0x00, 0xFF, 0xFF, 0xFF, 0x00, 0x00, 0x00, 0x00, 0x00, 0xFF, 0xFF, 0xFF, 0xFF, 0xFF, 
0xFF, 0xFF, 0xFF, 0xFF, 0x00, 0x00, 0xFF, 0xFF, 0xFF, 0xFF, 0xFF, 0xFF, 0xFF, 0xFF, 0xFF, 0x00, 
0x00, 0x00, 0x00, 0x00, 0xFF, 0xFF, 0xFF, 0x00, 0x00, 0x00, 0x00, 0x00, 0x00, 0x00, 0x00, 0xFF, 
0xFF, 0xFF, 0x00, 0x00, 0x00, 0x00, 0xFF, 0xFF, 0xFF, 0xFF, 0xFF, 0xFF, 0xFF, 0xFF, 0xFF, 0xFF, 
0xFF, 0xFF, 0x00, 0x00, 0x00, 0x00, 0xFF, 0xFF, 0xFF, 0xFF, 0xFF, 0xFF, 0xFF, 0xFF, 0xFF, 0xFF, 
0xFF, 0xFF, 0x07, 0x87, 0xE0, 0xFA, 0xF7, 0xDC, 0x83, 0x03, 0xA2, 0xFF, 0xFF, 0xFF, 0xFF, 0xFF, 
0xFF, 0x86, 0xF5, 0xFF, 0xFF, 0x29, 0x4A, 0xEE, 0xCB, 0x96, 0x86, 0xFE, 0xFF, 0xB3, 0x34, 0x00, 
0x00, 0x00, 0x03, 0xA4, 0xFF, 0xFF, 0xFF, 0xC5, 0x43, 0x00, 0x9A, 0xFF, 0xFF, 0xBF, 0xFF, 0xFF, 
0xFF, 0x69, 0xF5, 0xFF, 0xFF, 0x2F, 0xA6, 0xFF, 0xFF, 0xE5, 0xC0, 0xFF, 0xFF, 0xE6, 0x38, 0xFF, 
0xFF, 0xE9, 0x22, 0xD2, 0xFF, 0xFF, 0xF1, 0xFF, 0xFB, 0x5A, 0x00, 0x04, 0x61, 0xD7, 0xFF, 0xFF, 
0xC4, 0x12, 0x00, 0x00, 0x00, 0x02, 0x76, 0xFF, 0xFF, 0xC8, 0xB0, 0xDB, 0xF3, 0x5A, 0x31, 0xFF, 
0xFF, 0xF1, 0x83, 0xFF, 0xFF, 0xFF, 0xFF, 0xFF, 0xFF, 0x96, 0x01, 0x6B, 0xCE, 0xF1, 0xF9, 0xDC, 
0x85, 0x07, 0xFF, 0xFF, 0x00, 0xFF, 0xFF, 0xFF, 0xFF, 0x00, 0xFF, 0xFF, 0x00, 0x00, 0x0C, 0x74, 
0xCB, 0xF0, 0xF0, 0xCB, 0x74, 0x0C, 0x00, 0x00, 0x00, 0x2F, 0xC6, 0x6E, 0x25, 0x08, 0x09, 0x25, 
0x6E, 0xC5, 0x2E, 0x00, 0x16, 0xCF, 0x1F, 0x00, 0x00, 0x00, 0x00, 0x00, 0x00, 0x1F, 0xCE, 0x15, 
0x8B, 0x6B, 0x00, 0x11, 0x99, 0xE7, 0xF4, 0xBA, 0x25, 0x00, 0x6C, 0x87, 0xDC, 0x1C, 0x00, 0xB2, 
0xFF, 0x48, 0x4D, 0xF4, 0xB4, 0x00, 0x1D, 0xDA, 0xF7, 0x05, 0x00, 0xF2, 0xFF, 0x05, 0x00, 0x00, 
0x00, 0x00, 0x05, 0xF6, 0xDC, 0x1C, 0x00, 0xB6, 0xFF, 0x48, 0x46, 0xEF, 0xA9, 0x00, 0x1D, 0xDB, 
0x8C, 0x6A, 0x00, 0x15, 0xA1, 0xEA, 0xF3, 0xBA, 0x29, 0x00, 0x6B, 0x89, 0x18, 0xCF, 0x1D, 0x00, 
0x00, 0x00, 0x00, 0x00, 0x00, 0x1D, 0xCE, 0x16, 0x00, 0x2F, 0xC4, 0x6C, 0x24, 0x08, 0x08, 0x24, 
0x6C, 0xC4, 0x2E, 0x00, 0x00, 0x00, 0x0D, 0x75, 0xCC, 0xF1, 0xF1, 0xCC, 0x75, 0x0C, 0x00, 0x00, 
0x88, 0xF1, 0xFD, 0xEA, 0x7D, 0x00, 0x00, 0x00, 0x17, 0xFF, 0xF6, 0x00, 0x40, 0xA2, 0xE0, 0xFF, 
0xFF, 0x00, 0xF0, 0xFF, 0x57, 0xFF, 0xFF, 0x00, 0x9B, 0xF7, 0xD4, 0xDF, 0xFF, 0x15, 0x00, 0x49, 
0xFF, 0xAA, 0x55, 0xFF, 0xB6, 0x04, 0xD6, 0xEA, 0x2A, 0xEA, 0xFB, 0x29, 0x6E, 0xFF, 0x55, 0xAB, 
0xFF, 0x92, 0x00, 0xDB, 0xFF, 0x3F, 0xC0, 0xFF, 0x24, 0x00, 0x6E, 0xFF, 0xBF, 0x40, 0xFF, 0x92, 
0x00, 0x04, 0xD7, 0xFF, 0x3F, 0xC0, 0xFB, 0x28, 0x00, 0x49, 0xFF, 0xBF, 0x40, 0xFF, 0xB6, 0xFF, 
0xFF, 0xFF, 0xFF, 0xFF, 0xFF, 0xFF, 0xFF, 0xFF, 0xFF, 0xFF, 0xFF, 0xFF, 0xFF, 0xFF, 0xFF, 0x00, 
0x00, 0x00, 0x00, 0x00, 0x00, 0xFF, 0xFF, 0x00, 0x00, 0x00, 0x00, 0x00, 0x00, 0xFF, 0xFF, 0x00, 
0x00, 0x00, 0x00, 0x00, 0x00, 0xFF, 0xFF, 0x00, 0x00, 0x00, 0x00, 0x00, 0x00, 0xFF, 0xFF, 0xFF, 
0xFF, 0xFF, 0xFF, 0xFF, 0xFF, 0xFF, 0xFF, 0xFF, 0xFF, 0x00, 0x00, 0x0C, 0x74, 0xCB, 0xF0, 0xF0, 
0xCB, 0x74, 0x0C, 0x00, 0x00, 0x00, 0x2F, 0xC6, 0x6E, 0x25, 0x08, 0x09, 0x25, 0x6E, 0xC5, 0x2E, 
0x00, 0x16, 0xCF, 0x1F, 0x00, 0x00, 0x00, 0x00, 0x00, 0x00, 0x1F, 0xCE, 0x15, 0x8B, 0x6B, 0x00, 
0xFF, 0xFF, 0xFF, 0xFB, 0xE1, 0x71, 0x00, 0x6C, 0x87, 0xDC, 0x1C, 0x00, 0xFF, 0xFF, 0x01, 0x3C, 
0xFF, 0xEA, 0x00, 0x1D, 0xDA, 0xF7, 0x05, 0x00, 0xFF, 0xFF, 0xFE, 0xFC, 0xA4, 0x32, 0x00, 0x05, 
0xF6, 0xDC, 0x1C, 0x00, 0xFF, 0xFF, 0x20, 0xE8, 0xCE, 0x0B, 0x00, 0x1D, 0xDB, 0x8C, 0x6A, 0x00, 
0xFF, 0xFF, 0x00, 0x51, 0xFF, 0xA0, 0x00, 0x6B, 0x89, 0x18, 0xCF, 0x1D, 0x00, 0x00, 0x00, 0x00, 
0x00, 0x00, 0x1D, 0xCE, 0x16, 0x00, 0x2F, 0xC4, 0x6C, 0x24, 0x08, 0x08, 0x24, 0x6C, 0xC4, 0x2E, 
0x00, 0x00, 0x00, 0x0D, 0x75, 0xCC, 0xF1, 0xF1, 0xCC, 0x75, 0x0C, 0x00, 0x00, 0xFF, 0xFF, 0xFF, 
0xFF, 0xFF, 0xFF, 0xFF, 0xFF, 0x87, 0xF3, 0x87, 0xF4, 0x4C, 0xF3, 0x87, 0xF4, 0x87, 0x00, 0x00, 
0x00, 0xFF, 0xFF, 0x00, 0x00, 0x00, 0x00, 0x00, 0x00, 0xFF, 0xFF, 0x00, 0x00, 0x00, 0x00, 0x00, 
0x00, 0xFF, 0xFF, 0x00, 0x00, 0x00, 0xFF, 0xFF, 0xFF, 0xFF, 0xFF, 0xFF, 0xFF, 0xFF, 0xFF, 0xFF, 
0xFF, 0xFF, 0xFF, 0xFF, 0xFF, 0xFF, 0x00, 0x00, 0x00, 0xFF, 0xFF, 0x00, 0x00, 0x00, 0x00, 0x00, 
0x00, 0xFF, 0xFF, 0x00, 0x00, 0x00, 0x00, 0x00, 0x00, 0xFF, 0xFF, 0x00, 0x00, 0x00, 0x00, 0x00, 
0x00, 0x00, 0x00, 0x00, 0x00, 0x00, 0xFF, 0xFF, 0xFF, 0xFF, 0xFF, 0xFF, 0xFF, 0xFF, 0xFF, 0xFF, 
0xFF, 0xFF, 0xFF, 0xFF, 0xFF, 0xFF, 0x40, 0xFF, 0xEA, 0x55, 0xC0, 0xAB, 0x15, 0x00, 0xFF, 0xFF, 
0xFF, 0x00, 0x00, 0xFF, 0xFF, 0xFF, 0xFF, 0xFF, 0xFF, 0x00, 0x00, 0xFF, 0xFF, 0xFF, 0xFF, 0xFF, 
0xFF, 0x00, 0x00, 0xFF, 0xFF, 0xFF, 0xFF, 0xFF, 0xFF, 0x00, 0x00, 0xFF, 0xFF, 0xFF, 0xFF, 0xFF, 
0xFF, 0x04, 0x07, 0xFF, 0xFF, 0xFF, 0xFF, 0xFF, 0xFF, 0x4C, 0x51, 0xFF, 0xFF, 0xFF, 0xFF, 0xFF, 
0xFF, 0xFF, 0xFF, 0xFF, 0xFF, 0xFF, 0xFF, 0xFF, 0xFF, 0xD0, 0xE1, 0xEB, 0xFF, 0xFF, 0xFF, 0xFF, 
0xFF, 0x00, 0x00, 0x00, 0x00, 0x00, 0xFF, 0xFF, 0xFF, 0x00, 0x00, 0x00, 0x00, 0x00, 0xFF, 0xFF, 
0xFF, 0x00, 0x00, 0x00, 0x00, 0x00, 0x08, 0x7F, 0xD8, 0xF6, 0xFF, 0xFF, 0xFF, 0xFF, 0xFF, 0xFF, 
0xFF, 0x97, 0xFF, 0xFF, 0xFF, 0xFF, 0xFF, 0xFF, 0xFF, 0xFF, 0xFF, 0xFF, 0xEA, 0xFF, 0xFF, 0xFF, 
0xFF, 0xFF, 0xFF, 0x00, 0xFF, 0xFF, 0x00, 0xEA, 0xFF, 0xFF, 0xFF, 0xFF, 0xFF, 0xFF, 0x00, 0xFF, 
0xFF, 0x00, 0x83, 0xFF, 0xFF, 0xFF, 0xFF, 0xFF, 0xFF, 0x00, 0xFF, 0xFF, 0x00, 0x02, 0x75, 0xD0, 
0xF3, 0xFE, 0xFF, 0xFF, 0x00, 0xFF, 0xFF, 0x00, 0x00, 0x00, 0x00, 0x00, 0x00, 0xFF, 0xFF, 0x00, 
0xFF, 0xFF, 0x00, 0x00, 0x00, 0x00, 0x00, 0x00, 0xFF, 0xFF, 0x00, 0xFF, 0xFF, 0x00, 0x00, 0x00, 
0x00, 0x00, 0x00, 0xFF, 0xFF, 0x00, 0xFF, 0xFF, 0x00, 0x00, 0x00, 0x00, 0x00, 0x00, 0xFF, 0xFF, 
0x00, 0xFF, 0xFF, 0x00, 0x00, 0x00, 0x00, 0x00, 0x00, 0xFF, 0xFF, 0x00, 0xFF, 0xFF, 0x00, 0x00, 
0x00, 0x00, 0x00, 0x00, 0xFF, 0xFF, 0x00, 0xFF, 0xFF, 0x00, 0x00, 0x00, 0x00, 0x00, 0x00, 0xFF, 
0xFF, 0x00, 0xFF, 0xFF, 0x00, 0x00, 0x00, 0x00, 0x00, 0x00, 0xFF, 0xFF, 0x00, 0xFF, 0xFF, 0x00, 
0xFF, 0xFF, 0xFF, 0xFF, 0xFF, 0xFF, 0xFF, 0xFF, 0xFF, 0x00, 0xC0, 0xF7, 0xE7, 0x74, 0x17, 0x16, 
0x39, 0xFF, 0xEC, 0xDC, 0xF6, 0xFB, 0xDC, 0x60, 0x1B, 0xAC, 0xF1, 0xEF, 0xAF, 0x1C, 0xC0, 0xFF, 
0x44, 0x46, 0xFF, 0xBC, 0xF8, 0xFF, 0x06, 0x06, 0xFF, 0xF3, 0xBF, 0xFF, 0x46, 0x45, 0xFF, 0xBB, 
0x1C, 0xAF, 0xF2, 0xF0, 0xAE, 0x1B, 0xB6, 0xFF, 0x54, 0xAA, 0xFF, 0x48, 0x00, 0x29, 0xFB, 0xEA, 
0x2A, 0xEA, 0xD6, 0x04, 0x00, 0x92, 0xFF, 0xAA, 0x55, 0xFF, 0x6C, 0x00, 0x24, 0xFF, 0xBF, 0x40, 
0xFF, 0xDA, 0x00, 0x92, 0xFF, 0x3F, 0xC0, 0xFF, 0x6C, 0x29, 0xFB, 0xBF, 0x40, 0xFF, 0xD6, 0x04, 
0xB6, 0xFF, 0x3F, 0xC0, 0xFF, 0x48, 0x00, 0x00, 0x00, 0x00, 0xFF, 0xFF, 0xFF, 0x00, 0x00, 0x00, 
0x00, 0x00, 0xFF, 0xFF, 0xFF, 0x00, 0x00, 0x00, 0x00, 0x00, 0x00, 0x00, 0x00, 0x00, 0x00, 0x00, 
0x00, 0x07, 0xF9, 0xFF, 0xE4, 0x00, 0x00, 0x00, 0x01, 0x93, 0xFF, 0xFF, 0xBD, 0x00, 0x00, 0x07, 
0xAC, 0xFF, 0xFF, 0xF9, 0x39, 0x00, 0x00, 0x96, 0xFF, 0xFF, 0xF2, 0x45, 0x00, 0x00, 0x00, 0xF4, 
0xFF, 0xFF, 0x43, 0x12, 0xEC, 0xC5, 0x94, 0xE3, 0xFF, 0xFF, 0x35, 0x70, 0xFF, 0xFF, 0xBD, 0x70, 
0xFF, 0xFF, 0xFF, 0xFF, 0xFF, 0xFD, 0x3E, 0x00, 0x5D, 0xCC, 0xF4, 0xF5, 0xC6, 0x4D, 0x00, 0x00, 
0x00, 0x00, 0x55, 0xEA, 0xFF, 0x3F, 0x00, 0x00, 0x00, 0x00, 0x00, 0x00, 0x00, 0x00, 0x15, 0xAB, 
0xBF, 0x00, 0x00, 0x00, 0x00, 0x00, 0x00, 0x00, 0x00, 0x00, 0x00, 0x00, 0x00, 0x00, 0x00, 0x00, 
0x00, 0x00, 0x00, 0xC4, 0xFF, 0xFF, 0xFF, 0xC2, 0x00, 0x00, 0x00, 0x00, 0x00, 0x15, 0xFD, 0xFF, 
0xFF, 0xFF, 0xFD, 0x14, 0x00, 0x00, 0x00, 0x00, 0x61, 0xFF, 0xFF, 0xFF, 0xFF, 0xFF, 0x60, 0x00, 
0x00, 0x00, 0x00, 0xB0, 0xFF, 0xFF, 0xA9, 0xFF, 0xFF, 0xAF, 0x00, 0x00, 0x00, 0x09, 0xF5, 0xFF, 
0xF8, 0x1A, 0xFA, 0xFF, 0xF5, 0x09, 0x00, 0x00, 0x4E, 0xFF, 0xFF, 0xB5, 0x00, 0xBB, 0xFF, 0xFF, 
0x4D, 0x00, 0x00, 0x9D, 0xFF, 0xFF, 0x67, 0x00, 0x6E, 0xFF, 0xFF, 0x9C, 0x00, 0x02, 0xE9, 0xFF, 
0xFF, 0xFF, 0xFF, 0xFF, 0xFF, 0xFF, 0xE9, 0x02, 0x3B, 0xFF, 0xFF, 0xFF, 0xFF, 0xFF, 0xFF, 0xFF, 
0xFF, 0xFF, 0x3A, 0x8A, 0xFF, 0xFF, 0x7B, 0x00, 0x00, 0x00, 0x6B, 0xFF, 0xFF, 0x89, 0xD9, 0xFF, 
0xFF, 0x2B, 0x00, 0x00, 0x00, 0x26, 0xFF, 0xFF, 0xD8, 0x00, 0x00, 0x00, 0x00, 0x00, 0x40, 0xFF, 
0xEA, 0x55, 0x00, 0x00, 0x00, 0x00, 0x00, 0x00, 0x00, 0xC0, 0xAB, 0x15, 0x00, 0x00, 0x00, 0x00, 
0x00, 0x00, 0x00, 0x00, 0x00, 0x00, 0x00, 0x00, 0x00, 0x00, 0x00, 0x00, 0x00, 0xC4, 0xFF, 0xFF, 
0xFF, 0xC2, 0x00, 0x00, 0x00, 0x00, 0x00, 0x15, 0xFD, 0xFF, 0xFF, 0xFF, 0xFD, 0x14, 0x00, 0x00, 
0x00, 0x00, 0x61, 0xFF, 0xFF, 0xFF, 0xFF, 0xFF, 0x60, 0x00, 0x00, 0x00, 0x00, 0xB0, 0xFF, 0xFF, 
0xA9, 0xFF, 0xFF, 0xAF, 0x00, 0x00, 0x00, 0x09, 0xF5, 0xFF, 0xF8, 0x1A, 0xFA, 0xFF, 0xF5, 0x09, 
0x00, 0x00, 0x4E, 0xFF, 0xFF, 0xB5, 0x00, 0xBB, 0xFF, 0xFF, 0x4D, 0x00, 0x00, 0x9D, 0xFF, 0xFF, 
0x67, 0x00, 0x6E, 0xFF, 0xFF, 0x9C, 0x00, 0x02, 0xE9, 0xFF, 0xFF, 0xFF, 0xFF, 0xFF, 0xFF, 0xFF, 
0xE9, 0x02, 0x3B, 0xFF, 0xFF, 0xFF, 0xFF, 0xFF, 0xFF, 0xFF, 0xFF, 0xFF, 0x3A, 0x8A, 0xFF, 0xFF, 
0x7B, 0x00, 0x00, 0x00, 0x6B, 0xFF, 0xFF, 0x89, 0xD9, 0xFF, 0xFF, 0x2B, 0x00, 0x00, 0x00, 0x26, 
0xFF, 0xFF, 0xD8, 0x00, 0x00, 0x00, 0x00, 0x9A, 0xFF, 0xFF, 0xA4, 0x01, 0x00, 0x00, 0x00, 0x00, 
0x00, 0x89, 0xFF, 0x7A, 0x7B, 0xFF, 0x8C, 0x00, 0x00, 0x00, 0x00, 0x00, 0x00, 0x00, 0x00, 0x00, 
0x00, 0x00, 0x00, 0x00, 0x00, 0x00, 0x00, 0xC4, 0xFF, 0xFF, 0xFF, 0xC2, 0x00, 0x00, 0x00, 0x00, 
0x00, 0x15, 0xFD, 0xFF, 0xFF, 0xFF, 0xFD, 0x14, 0x00, 0x00, 0x00, 0x00, 0x61, 0xFF, 0xFF, 0xFF, 
0xFF, 0xFF, 0x60, 0x00, 0x00, 0x00, 0x00, 0xB0, 0xFF, 0xFF, 0xA9, 0xFF, 0xFF, 0xAF, 0x00, 0x00, 
0x00, 0x09, 0xF5, 0xFF, 0xF8, 0x1A, 0xFA, 0xFF, 0xF5, 0x09, 0x00, 0x00, 0x4E, 0xFF, 0xFF, 0xB5, 
0x00, 0xBB, 0xFF, 0xFF, 0x4D, 0x00, 0x00, 0x9D, 0xFF, 0xFF, 0x67, 0x00, 0x6E, 0xFF, 0xFF, 0x9C, 
0x00, 0x02, 0xE9, 0xFF, 0xFF, 0xFF, 0xFF, 0xFF, 0xFF, 0xFF, 0xE9, 0x02, 0x3B, 0xFF, 0xFF, 0xFF, 
0xFF, 0xFF, 0xFF, 0xFF, 0xFF, 0xFF, 0x3A, 0x8A, 0xFF, 0xFF, 0x7B, 0x00, 0x00, 0x00, 0x6B, 0xFF, 
0xFF, 0x89, 0xD9, 0xFF, 0xFF, 0x2B, 0x00, 0x00, 0x00, 0x26, 0xFF, 0xFF, 0xD8, 0x00, 0x00, 0x00, 
0x86, 0xF1, 0x87, 0x26, 0xF7, 0x00, 0x00, 0x00, 0x00, 0x00, 0x00, 0xF7, 0x25, 0x8A, 0xEF, 0x8F, 
0x00, 0x00, 0x00, 0x00, 0x00, 0x00, 0x00, 0x00, 0x00, 0x00, 0x00, 0x00, 0x00, 0x00, 0x00, 0x00, 
0x00, 0xC4, 0xFF, 0xFF, 0xFF, 0xC2, 0x00, 0x00, 0x00, 0x00, 0x00, 0x15, 0xFD, 0xFF, 0xFF, 0xFF, 
0xFD, 0x14, 0x00, 0x00, 0x00, 0x00, 0x61, 0xFF, 0xFF, 0xFF, 0xFF, 0xFF, 0x60, 0x00, 0x00, 0x00, 
0x00, 0xB0, 0xFF, 0xFF, 0xA9, 0xFF, 0xFF, 0xAF, 0x00, 0x00, 0x00, 0x09, 0xF5, 0xFF, 0xF8, 0x1A, 
0xFA, 0xFF, 0xF5, 0x09, 0x00, 0x00, 0x4E, 0xFF, 0xFF, 0xB5, 0x00, 0xBB, 0xFF, 0xFF, 0x4D, 0x00, 
0x00, 0x9D, 0xFF, 0xFF, 0x67, 0x00, 0x6E, 0xFF, 0xFF, 0x9C, 0x00, 0x02, 0xE9, 0xFF, 0xFF, 0xFF, 
0xFF, 0xFF, 0xFF, 0xFF, 0xE9, 0x02, 0x3B, 0xFF, 0xFF, 0xFF, 0xFF, 0xFF, 0xFF, 0xFF, 0xFF, 0xFF, 
0x3A, 0x8A, 0xFF, 0xFF, 0x7B, 0x00, 0x00, 0x00, 0x6B, 0xFF, 0xFF, 0x89, 0xD9, 0xFF, 0xFF, 0x2B, 
0x00, 0x00, 0x00, 0x26, 0xFF, 0xFF, 0xD8, 0x00, 0x00, 0x00, 0xFF, 0xFF, 0x00, 0xFF, 0xFF, 0x00, 
0x00, 0x00, 0x00, 0x00, 0x00, 0xFF, 0xFF, 0x00, 0xFF, 0xFF, 0x00, 0x00, 0x00, 0x00, 0x00, 0x00, 
0x00, 0x00, 0x00, 0x00, 0x00, 0x00, 0x00, 0x00, 0x00, 0x00, 0x00, 0xC4, 0xFF, 0xFF, 0xFF, 0xC2, 
0x00, 0x00, 0x00, 0x00, 0x00, 0x15, 0xFD, 0xFF, 0xFF, 0xFF, 0xFD, 0x14, 0x00, 0x00, 0x00, 0x00, 
0x61, 0xFF, 0xFF, 0xFF, 0xFF, 0xFF, 0x60, 0x00, 0x00, 0x00, 0x00, 0xB0, 0xFF, 0xFF, 0xA9, 0xFF, 
0xFF, 0xAF, 0x00, 0x00, 0x00, 0x09, 0xF5, 0xFF, 0xF8, 0x1A, 0xFA, 0xFF, 0xF5, 0x09, 0x00, 0x00, 
0x4E, 0xFF, 0xFF, 0xB5, 0x00, 0xBB, 0xFF, 0xFF, 0x4D, 0x00, 0x00, 0x9D, 0xFF, 0xFF, 0x67, 0x00, 
0x6E, 0xFF, 0xFF, 0x9C, 0x00, 0x02, 0xE9, 0xFF, 0xFF, 0xFF, 0xFF, 0xFF, 0xFF, 0xFF, 0xE9, 0x02, 
0x3B, 0xFF, 0xFF, 0xFF, 0xFF, 0xFF, 0xFF, 0xFF, 0xFF, 0xFF, 0x3A, 0x8A, 0xFF, 0xFF, 0x7B, 0x00, 
0x00, 0x00, 0x6B, 0xFF, 0xFF, 0x89, 0xD9, 0xFF, 0xFF, 0x2B, 0x00, 0x00, 0x00, 0x26, 0xFF, 0xFF, 
0xD8, 0x00, 0x00, 0x00, 0x00, 0x6A, 0xEF, 0x69, 0x00, 0x00, 0x00, 0x00, 0x00, 0x00, 0x00, 0x00, 
0xEB, 0x44, 0xEB, 0x00, 0x00, 0x00, 0x00, 0x00, 0x00, 0x00, 0x00, 0xE2, 0x42, 0xDF, 0x00, 0x00, 
0x00, 0x00, 0x00, 0x00, 0x00, 0xA9, 0xFF, 0xFF, 0xFF, 0xA8, 0x00, 0x00, 0x00, 0x00, 0x00, 0x07, 
0xF2, 0xFF, 0xFF, 0xFF, 0xF2, 0x07, 0x00, 0x00, 0x00, 0x00, 0x4C, 0xFF, 0xFF, 0xFF, 0xFF, 0xFF, 
0x4B, 0x00, 0x00, 0x00, 0x00, 0x9D, 0xFF, 0xFF, 0xC6, 0xFF, 0xFF, 0x9C, 0x00, 0x00, 0x00, 0x03, 
0xEB, 0xFF, 0xFD, 0x25, 0xF6, 0xFF, 0xEA, 0x03, 0x00, 0x00, 0x40, 0xFF, 0xFF, 0xC2, 0x00, 0xA8, 
0xFF, 0xFF, 0x3F, 0x00, 0x00, 0x92, 0xFF, 0xFF, 0x70, 0x00, 0x4B, 0xFF, 0xFF, 0x91, 0x00, 0x00, 
0xE2, 0xFF, 0xFF, 0xFF, 0xFF, 0xFF, 0xFF, 0xFF, 0xE1, 0x00, 0x35, 0xFF, 0xFF, 0xFF, 0xFF, 0xFF, 
0xFF, 0xFF, 0xFF, 0xFF, 0x34, 0x86, 0xFF, 0xFF, 0x7E, 0x00, 0x00, 0x00, 0x71, 0xFF, 0xFF, 0x85, 
0xD7, 0xFF, 0xFF, 0x2C, 0x00, 0x00, 0x00, 0x28, 0xFF, 0xFF, 0xD7, 0x00, 0x00, 0x00, 0x00, 0xB9, 
0xFF, 0xFF, 0xFF, 0xFF, 0xFF, 0xFF, 0xFF, 0xFF, 0x00, 0x00, 0x00, 0x22, 0xFE, 0xFF, 0xFF, 0xFF, 
0xFF, 0xFF, 0xFF, 0xFF, 0xFF, 0x00, 0x00, 0x00, 0x89, 0xFF, 0xFE, 0x1D, 0xFF, 0xFF, 0xFF, 0x00, 
0x00, 0x00, 0x00, 0x00, 0x06, 0xEA, 0xFF, 0xC4, 0x00, 0xFF, 0xFF, 0xFF, 0x00, 0x00, 0x00, 0x00, 
0x00, 0x5A, 0xFF, 0xFF, 0x6D, 0x00, 0xFF, 0xFF, 0xFF, 0xFF, 0xFF, 0x00, 0x00, 0x00, 0xC2, 0xFF, 
0xFD, 0x19, 0x00, 0xFF, 0xFF, 0xFF, 0xFF, 0xFF, 0x00, 0x00, 0x2A, 0xFF, 0xFF, 0xBF, 0x00, 0x00, 
0xFF, 0xFF, 0xFF, 0x00, 0x00, 0x00, 0x00, 0x93, 0xFF, 0xFF, 0xFF, 0xFF, 0xFF, 0xFF, 0xFF, 0xFF, 
0x00, 0x00, 0x00, 0x0A, 0xF0, 0xFF, 0xFF, 0xFF, 0xFF, 0xFF, 0xFF, 0xFF, 0xFF, 0x00, 0x00, 0x00, 
0x64, 0xFF, 0xFF, 0xBC, 0x00, 0x00, 0x00, 0xFF, 0xFF, 0xFF, 0xFF, 0xFF, 0xFF, 0xCC, 0xFF, 0xFF, 
0x66, 0x00, 0x00, 0x00, 0xFF, 0xFF, 0xFF, 0xFF, 0xFF, 0xFF, 0x00, 0x0A, 0x82, 0xDA, 0xF8, 0xE7, 
0xB0, 0x30, 0x00, 0x05, 0xC3, 0xFF, 0xFF, 0xFF, 0xFF, 0xFF, 0xF2, 0x30, 0x6C, 0xFF, 0xFF, 0xAE, 
0x0E, 0x9E, 0xFF, 0xFF, 0xB6, 0xC4, 0xFF, 0xFF, 0x36, 0x00, 0x1C, 0xDB, 0x92, 0x48, 0xF0, 0xFF, 
0xFF, 0x0D, 0x00, 0x00, 0x00, 0x00, 0x00, 0xFB, 0xFF, 0xFF, 0x02, 0x00, 0x00, 0x00, 0x00, 0x00, 
0xE7, 0xFF, 0xFF, 0x09, 0x00, 0x00, 0x00, 0x00, 0x00, 0xBC, 0xFF, 0xFF, 0x29, 0x00, 0x1E, 0xDB, 
0x93, 0x49, 0x60, 0xFF, 0xFF, 0x9B, 0x0F, 0x97, 0xFF, 0xFF, 0xC5, 0x02, 0xBC, 0xFF, 0xFF, 0xFF, 
0xFF, 0xFF, 0xFA, 0x3F, 0x00, 0x08, 0x87, 0xDB, 0xF8, 0xF2, 0xBD, 0x3D, 0x00, 0x00, 0x00, 0x00, 
0xC0, 0xF7, 0xE7, 0x74, 0x00, 0x00, 0x00, 0x00, 0x17, 0x16, 0x39, 0xFF, 0xEC, 0x00, 0x00, 0x00, 
0x00, 0xDC, 0xF6, 0xFB, 0xDC, 0x60, 0x00, 0x00, 0x00, 0x55, 0xEA, 0xFF, 0x3F, 0x00, 0x00, 0x00, 
0x00, 0x00, 0x15, 0xAB, 0xBF, 0x00, 0x00, 0x00, 0x00, 0x00, 0x00, 0x00, 0x00, 0x00, 0x00, 0x00, 
0xFF, 0xFF, 0xFF, 0xFF, 0xFF, 0xFF, 0xFF, 0xFF, 0xFF, 0xFF, 0xFF, 0xFF, 0xFF, 0xFF, 0xFF, 0xFF, 
0xFF, 0xFF, 0xFF, 0x00, 0x00, 0x00, 0x00, 0x00, 0xFF, 0xFF, 0xFF, 0x00, 0x00, 0x00, 0x00, 0x00, 
0xFF, 0xFF, 0xFF, 0xFF, 0xFF, 0xFF, 0xFF, 0x00, 0xFF, 0xFF, 0xFF, 0xFF, 0xFF, 0xFF, 0xFF, 0x00, 
0xFF, 0xFF, 0xFF, 0x00, 0x00, 0x00, 0x00, 0x00, 0xFF, 0xFF, 0xFF, 0x00, 0x00, 0x00, 0x00, 0x00, 
0xFF, 0xFF, 0xFF, 0x00, 0x00, 0x00, 0x00, 0x00, 0xFF, 0xFF, 0xFF, 0xFF, 0xFF, 0xFF, 0xFF, 0xFF, 
0xFF, 0xFF, 0xFF, 0xFF, 0xFF, 0xFF, 0xFF, 0xFF, 0x00, 0x00, 0x00, 0x40, 0xFF, 0xEA, 0x55, 0x00, 
0x00, 0x00, 0x00, 0xC0, 0xAB, 0x15, 0x00, 0x00, 0x00, 0x00, 0x00, 0x00, 0x00, 0x00, 0x00, 0x00, 
0xFF, 0xFF, 0xFF, 0xFF, 0xFF, 0xFF, 0xFF, 0xFF, 0xFF, 0xFF, 0xFF, 0xFF, 0xFF, 0xFF, 0xFF, 0xFF, 
0xFF, 0xFF, 0xFF, 0x00, 0x00, 0x00, 0x00, 0x00, 0xFF, 0xFF, 0xFF, 0x00, 0x00, 0x00, 0x00, 0x00, 
0xFF, 0xFF, 0xFF, 0xFF, 0xFF, 0xFF, 0xFF, 0x00, 0xFF, 0xFF, 0xFF, 0xFF, 0xFF, 0xFF, 0xFF, 0x00, 
0xFF, 0xFF, 0xFF, 0x00, 0x00, 0x00, 0x00, 0x00, 0xFF, 0xFF, 0xFF, 0x00, 0x00, 0x00, 0x00, 0x00, 
0xFF, 0xFF, 0xFF, 0x00, 0x00, 0x00, 0x00, 0x00, 0xFF, 0xFF, 0xFF, 0xFF, 0xFF, 0xFF, 0xFF, 0xFF, 
0xFF, 0xFF, 0xFF, 0xFF, 0xFF, 0xFF, 0xFF, 0xFF, 0x00, 0x00, 0x9A, 0xFF, 0xFF, 0xA4, 0x01, 0x00, 
0x00, 0x89, 0xFF, 0x7A, 0x7B, 0xFF, 0x8C, 0x00, 0x00, 0x00, 0x00, 0x00, 0x00, 0x00, 0x00, 0x00, 
0xFF, 0xFF, 0xFF, 0xFF, 0xFF, 0xFF, 0xFF, 0xFF, 0xFF, 0xFF, 0xFF, 0xFF, 0xFF, 0xFF, 0xFF, 0xFF, 
0xFF, 0xFF, 0xFF, 0x00, 0x00, 0x00, 0x00, 0x00, 0xFF, 0xFF, 0xFF, 0x00, 0x00, 0x00, 0x00, 0x00, 
0xFF, 0xFF, 0xFF, 0xFF, 0xFF, 0xFF, 0xFF, 0x00, 0xFF, 0xFF, 0xFF, 0xFF, 0xFF, 0xFF, 0xFF, 0x00, 
0xFF, 0xFF, 0xFF, 0x00, 0x00, 0x00, 0x00, 0x00, 0xFF, 0xFF, 0xFF, 0x00, 0x00, 0x00, 0x00, 0x00, 
0xFF, 0xFF, 0xFF, 0x00, 0x00, 0x00, 0x00, 0x00, 0xFF, 0xFF, 0xFF, 0xFF, 0xFF, 0xFF, 0xFF, 0xFF, 
0xFF, 0xFF, 0xFF, 0xFF, 0xFF, 0xFF, 0xFF, 0xFF, 0x00, 0x00, 0xFF, 0xFF, 0x00, 0xFF, 0xFF, 0x00, 
0x00, 0x00, 0xFF, 0xFF, 0x00, 0xFF, 0xFF, 0x00, 0x00, 0x00, 0x00, 0x00, 0x00, 0x00, 0x00, 0x00, 
0xFF, 0xFF, 0xFF, 0xFF, 0xFF, 0xFF, 0xFF, 0xFF, 0xFF, 0xFF, 0xFF, 0xFF, 0xFF, 0xFF, 0xFF, 0xFF, 
0xFF, 0xFF, 0xFF, 0x00, 0x00, 0x00, 0x00, 0x00, 0xFF, 0xFF, 0xFF, 0x00, 0x00, 0x00, 0x00, 0x00, 
0xFF, 0xFF, 0xFF, 0xFF, 0xFF, 0xFF, 0xFF, 0x00, 0xFF, 0xFF, 0xFF, 0xFF, 0xFF, 0xFF, 0xFF, 0x00, 
0xFF, 0xFF, 0xFF, 0x00, 0x00, 0x00, 0x00, 0x00, 0xFF, 0xFF, 0xFF, 0x00, 0x00, 0x00, 0x00, 0x00, 
0xFF, 0xFF, 0xFF, 0x00, 0x00, 0x00, 0x00, 0x00, 0xFF, 0xFF, 0xFF, 0xFF, 0xFF, 0xFF, 0xFF, 0xFF, 
0xFF, 0xFF, 0xFF, 0xFF, 0xFF, 0xFF, 0xFF, 0xFF, 0x55, 0xEA, 0xFF, 0x3F, 0x00, 0x15, 0xAB, 0xBF, 
0x00, 0x00, 0x00, 0x00, 0x00, 0xFF, 0xFF, 0xFF, 0x00, 0xFF, 0xFF, 0xFF, 0x00, 0xFF, 0xFF, 0xFF, 
0x00, 0xFF, 0xFF, 0xFF, 0x00, 0xFF, 0xFF, 0xFF, 0x00, 0xFF, 0xFF, 0xFF, 0x00, 0xFF, 0xFF, 0xFF, 
0x00, 0xFF, 0xFF, 0xFF, 0x00, 0xFF, 0xFF, 0xFF, 0x00, 0xFF, 0xFF, 0xFF, 0x00, 0xFF, 0xFF, 0xFF, 
0x00, 0x40, 0xFF, 0xEA, 0x55, 0x00, 0xC0, 0xAB, 0x15, 0x00, 0x00, 0x00, 0x00, 0x00, 0x00, 0xFF, 
0xFF, 0xFF, 0x00, 0x00, 0xFF, 0xFF, 0xFF, 0x00, 0x00, 0xFF, 0xFF, 0xFF, 0x00, 0x00, 0xFF, 0xFF, 
0xFF, 0x00, 0x00, 0xFF, 0xFF, 0xFF, 0x00, 0x00, 0xFF, 0xFF, 0xFF, 0x00, 0x00, 0xFF, 0xFF, 0xFF, 
0x00, 0x00, 0xFF, 0xFF, 0xFF, 0x00, 0x00, 0xFF, 0xFF, 0xFF, 0x00, 0x00, 0xFF, 0xFF, 0xFF, 0x00, 
0x00, 0xFF, 0xFF, 0xFF, 0x00, 0x00, 0x00, 0x9A, 0xFF, 0xFF, 0xA4, 0x01, 0x89, 0xFF, 0x7A, 0x7B, 
0xFF, 0x8C, 0x00, 0x00, 0x00, 0x00, 0x00, 0x00, 0x00, 0xFF, 0xFF, 0xFF, 0x00, 0x00, 0x00, 0xFF, 
0xFF, 0xFF, 0x00, 0x00, 0x00, 0xFF, 0xFF, 0xFF, 0x00, 0x00, 0x00, 0xFF, 0xFF, 0xFF, 0x00, 0x00, 
0x00, 0xFF, 0xFF, 0xFF, 0x00, 0x00, 0x00, 0xFF, 0xFF, 0xFF, 0x00, 0x00, 0x00, 0xFF, 0xFF, 0xFF, 
0x00, 0x00, 0x00, 0xFF, 0xFF, 0xFF, 0x00, 0x00, 0x00, 0xFF, 0xFF, 0xFF, 0x00, 0x00, 0x00, 0xFF, 
0xFF, 0xFF, 0x00, 0x00, 0x00, 0xFF, 0xFF, 0xFF, 0x00, 0x00, 0xFF, 0xFF, 0x00, 0xFF, 0xFF, 0xFF, 
0xFF, 0x00, 0xFF, 0xFF, 0x00, 0x00, 0x00, 0x00, 0x00, 0x00, 0xFF, 0xFF, 0xFF, 0x00, 0x00, 0xFF, 
0xFF, 0xFF, 0x00, 0x00, 0xFF, 0xFF, 0xFF, 0x00, 0x00, 0xFF, 0xFF, 0xFF, 0x00, 0x00, 0xFF, 0xFF, 
0xFF, 0x00, 0x00, 0xFF, 0xFF, 0xFF, 0x00, 0x00, 0xFF, 0xFF, 0xFF, 0x00, 0x00, 0xFF, 0xFF, 0xFF, 
0x00, 0x00, 0xFF, 0xFF, 0xFF, 0x00, 0x00, 0xFF, 0xFF, 0xFF, 0x00, 0x00, 0xFF, 0xFF, 0xFF, 0x00, 
0x00, 0x00, 0x00, 0x86, 0xF1, 0x87, 0x26, 0xF7, 0x00, 0x00, 0x00, 0x00, 0x00, 0xF7, 0x25, 0x8A, 
0xEF, 0x8F, 0x00, 0x00, 0x00, 0x00, 0x00, 0x00, 0x00, 0x00, 0x00, 0x00, 0x00, 0x00, 0xFF, 0xFF, 
0xFF, 0x4B, 0x00, 0x00, 0x00, 0xFF, 0xFF, 0xFF, 0xFF, 0xFF, 0xFF, 0xE0, 0x0B, 0x00, 0x00, 0xFF, 
0xFF, 0xFF, 0xFF, 0xFF, 0xFF, 0xFF, 0x8C, 0x00, 0x00, 0xFF, 0xFF, 0xFF, 0xFF, 0xFF, 0xFF, 0xFF, 
0xFB, 0x2F, 0x00, 0xFF, 0xFF, 0xFF, 0xFF, 0xFF, 0xFF, 0xF3, 0xFF, 0xC9, 0x02, 0xFF, 0xFF, 0xFF, 
0xFF, 0xFF, 0xFF, 0x70, 0xFF, 0xFF, 0x6C, 0xFF, 0xFF, 0xFF, 0xFF, 0xFF, 0xFF, 0x03, 0xCC, 0xFF, 
0xF1, 0xFF, 0xFF, 0xFF, 0xFF, 0xFF, 0xFF, 0x00, 0x33, 0xFC, 0xFF, 0xFF, 0xFF, 0xFF, 0xFF, 0xFF, 
0xFF, 0x00, 0x00, 0x90, 0xFF, 0xFF, 0xFF, 0xFF, 0xFF, 0xFF, 0xFF, 0x00, 0x00, 0x0C, 0xE3, 0xFF, 
0xFF, 0xFF, 0xFF, 0xFF, 0xFF, 0x00, 0x00, 0x00, 0x50, 0xFF, 0xFF, 0xFF, 0x00, 0x00, 0x55, 0xEA, 
0xFF, 0x3F, 0x00, 0x00, 0x00, 0x00, 0x00, 0x00, 0x00, 0x15, 0xAB, 0xBF, 0x00, 0x00, 0x00, 0x00, 
0x00, 0x00, 0x00, 0x00, 0x00, 0x00, 0x00, 0x00, 0x00, 0x00, 0x00, 0x07, 0x79, 0xD1, 0xF6, 0xF5, 
0xCE, 0x70, 0x04, 0x00, 0x06, 0xC3, 0xFF, 0xFF, 0xFF, 0xFF, 0xFF, 0xFF, 0xB2, 0x02, 0x70, 0xFF, 
0xFF, 0xCC, 0x21, 0x23, 0xCF, 0xFF, 0xFF, 0x62, 0xC5, 0xFF, 0xFF, 0x3F, 0x00, 0x00, 0x47, 0xFF, 
0xFF, 0xC0, 0xEF, 0xFF, 0xFF, 0x0E, 0x00, 0x00, 0x14, 0xFF, 0xFF, 0xEE, 0xFB, 0xFF, 0xFF, 0x02, 
0x00, 0x00, 0x03, 0xFF, 0xFF, 0xFA, 0xE8, 0xFF, 0xFF, 0x0D, 0x00, 0x00, 0x10, 0xFF, 0xFF, 0xE8, 
0xBB, 0xFF, 0xFF, 0x3F, 0x00, 0x00, 0x40, 0xFF, 0xFF, 0xBB, 0x5C, 0xFF, 0xFF, 0xCC, 0x21, 0x20, 
0xCA, 0xFF, 0xFF, 0x5F, 0x01, 0xAF, 0xFF, 0xFF, 0xFF, 0xFF, 0xFF, 0xFF, 0xB2, 0x01, 0x00, 0x03, 
0x71, 0xCD, 0xF2, 0xF4, 0xD1, 0x72, 0x03, 0x00, 0x00, 0x00, 0x00, 0x00, 0x40, 0xFF, 0xEA, 0x55, 
0x00, 0x00, 0x00, 0x00, 0x00, 0x00, 0xC0, 0xAB, 0x15, 0x00, 0x00, 0x00, 0x00, 0x00, 0x00, 0x00, 
0x00, 0x00, 0x00, 0x00, 0x00, 0x00, 0x00, 0x07, 0x79, 0xD1, 0xF6, 0xF5, 0xCE, 0x70, 0x04, 0x00, 
0x06, 0xC3, 0xFF, 0xFF, 0xFF, 0xFF, 0xFF, 0xFF, 0xB2, 0x02, 0x70, 0xFF, 0xFF, 0xCC, 0x21, 0x23, 
0xCF, 0xFF, 0xFF, 0x62, 0xC5, 0xFF, 0xFF, 0x3F, 0x00, 0x00, 0x47, 0xFF, 0xFF, 0xC0, 0xEF, 0xFF, 
0xFF, 0x0E, 0x00, 0x00, 0x14, 0xFF, 0xFF, 0xEE, 0xFB, 0xFF, 0xFF, 0x02, 0x00, 0x00, 0x03, 0xFF, 
0xFF, 0xFA, 0xE8, 0xFF, 0xFF, 0x0D, 0x00, 0x00, 0x10, 0xFF, 0xFF, 0xE8, 0xBB, 0xFF, 0xFF, 0x3F, 
0x00, 0x00, 0x40, 0xFF, 0xFF, 0xBB, 0x5C, 0xFF, 0xFF, 0xCC, 0x21, 0x20, 0xCA, 0xFF, 0xFF, 0x5F, 
0x01, 0xAF, 0xFF, 0xFF, 0xFF, 0xFF, 0xFF, 0xFF, 0xB2, 0x01, 0x00, 0x03, 0x71, 0xCD, 0xF2, 0xF4, 
0xD1, 0x72, 0x03, 0x00, 0x00, 0x00, 0x00, 0x9A, 0xFF, 0xFF, 0xA4, 0x01, 0x00, 0x00, 0x00, 0x00, 
0x89, 0xFF, 0x7A, 0x7B, 0xFF, 0x8C, 0x00, 0x00, 0x00, 0x00, 0x00, 0x00, 0x00, 0x00, 0x00, 0x00, 
0x00, 0x00, 0x00, 0x07, 0x79, 0xD1, 0xF6, 0xF5, 0xCE, 0x70, 0x04, 0x00, 0x06, 0xC3, 0xFF, 0xFF, 
0xFF, 0xFF, 0xFF, 0xFF, 0xB2, 0x02, 0x70, 0xFF, 0xFF, 0xCC, 0x21, 0x23, 0xCF, 0xFF, 0xFF, 0x62, 
0xC5, 0xFF, 0xFF, 0x3F, 0x00, 0x00, 0x47, 0xFF, 0xFF, 0xC0, 0xEF, 0xFF, 0xFF, 0x0E, 0x00, 0x00, 
0x14, 0xFF, 0xFF, 0xEE, 0xFB, 0xFF, 0xFF, 0x02, 0x00, 0x00, 0x03, 0xFF, 0xFF, 0xFA, 0xE8, 0xFF, 
0xFF, 0x0D, 0x00, 0x00, 0x10, 0xFF, 0xFF, 0xE8, 0xBB, 0xFF, 0xFF, 0x3F, 0x00, 0x00, 0x40, 0xFF, 
0xFF, 0xBB, 0x5C, 0xFF, 0xFF, 0xCC, 0x21, 0x20, 0xCA, 0xFF, 0xFF, 0x5F, 0x01, 0xAF, 0xFF, 0xFF, 
0xFF, 0xFF, 0xFF, 0xFF, 0xB2, 0x01, 0x00, 0x03, 0x71, 0xCD, 0xF2, 0xF4, 0xD1, 0x72, 0x03, 0x00, 
0x00, 0x00, 0x00, 0x86, 0xF1, 0x87, 0x26, 0xF7, 0x00, 0x00, 0x00, 0x00, 0x00, 0xF7, 0x25, 0x8A, 
0xEF, 0x8F, 0x00, 0x00, 0x00, 0x00, 0x00, 0x00, 0x00, 0x00, 0x00, 0x00, 0x00, 0x00, 0x00, 0x07, 
0x79, 0xD1, 0xF6, 0xF5, 0xCE, 0x70, 0x04, 0x00, 0x06, 0xC3, 0xFF, 0xFF, 0xFF, 0xFF, 0xFF, 0xFF, 
0xB2, 0x02, 0x70, 0xFF, 0xFF, 0xCC, 0x21, 0x23, 0xCF, 0xFF, 0xFF, 0x62, 0xC5, 0xFF, 0xFF, 0x3F, 
0x00, 0x00, 0x47, 0xFF, 0xFF, 0xC0, 0xEF, 0xFF, 0xFF, 0x0E, 0x00, 0x00, 0x14, 0xFF, 0xFF, 0xEE, 
0xFB, 0xFF, 0xFF, 0x02, 0x00, 0x00, 0x03, 0xFF, 0xFF, 0xFA, 0xE8, 0xFF, 0xFF, 0x0D, 0x00, 0x00, 
0x10, 0xFF, 0xFF, 0xE8, 0xBB, 0xFF, 0xFF, 0x3F, 0x00, 0x00, 0x40, 0xFF, 0xFF, 0xBB, 0x5C, 0xFF, 
0xFF, 0xCC, 0x21, 0x20, 0xCA, 0xFF, 0xFF, 0x5F, 0x01, 0xAF, 0xFF, 0xFF, 0xFF, 0xFF, 0xFF, 0xFF, 
0xB2, 0x01, 0x00, 0x03, 0x71, 0xCD, 0xF2, 0xF4, 0xD1, 0x72, 0x03, 0x00, 0x00, 0x00, 0x00, 0xFF, 
0xFF, 0x00, 0xFF, 0xFF, 0x00, 0x00, 0x00, 0x00, 0x00, 0xFF, 0xFF, 0x00, 0xFF, 0xFF, 0x00, 0x00, 
0x00, 0x00, 0x00, 0x00, 0x00, 0x00, 0x00, 0x00, 0x00, 0x00, 0x00, 0x07, 0x79, 0xD1, 0xF6, 0xF5, 
0xCE, 0x70, 0x04, 0x00, 0x06, 0xC3, 0xFF, 0xFF, 0xFF, 0xFF, 0xFF, 0xFF, 0xB2, 0x02, 0x70, 0xFF, 
0xFF, 0xCC, 0x21, 0x23, 0xCF, 0xFF, 0xFF, 0x62, 0xC5, 0xFF, 0xFF, 0x3F, 0x00, 0x00, 0x47, 0xFF, 
0xFF, 0xC0, 0xEF, 0xFF, 0xFF, 0x0E, 0x00, 0x00, 0x14, 0xFF, 0xFF, 0xEE, 0xFB, 0xFF, 0xFF, 0x02, 
0x00, 0x00, 0x03, 0xFF, 0xFF, 0xFA, 0xE8, 0xFF, 0xFF, 0x0D, 0x00, 0x00, 0x10, 0xFF, 0xFF, 0xE8, 
0xBB, 0xFF, 0xFF, 0x3F, 0x00, 0x00, 0x40, 0xFF, 0xFF, 0xBB, 0x5C, 0xFF, 0xFF, 0xCC, 0x21, 0x20, 
0xCA, 0xFF, 0xFF, 0x5F, 0x01, 0xAF, 0xFF, 0xFF, 0xFF, 0xFF, 0xFF, 0xFF, 0xB2, 0x01, 0x00, 0x03, 
0x71, 0xCD, 0xF2, 0xF4, 0xD1, 0x72, 0x03, 0x00, 0x0C, 0xB7, 0x3B, 0x00, 0x00, 0x00, 0x41, 0xB6, 
0x0C, 0x48, 0xFC, 0xF4, 0x3F, 0x00, 0x46, 0xF6, 0xF9, 0x42, 0x00, 0x55, 0xFB, 0xF5, 0x7E, 0xF8, 
0xF8, 0x4C, 0x00, 0x00, 0x00, 0x51, 0xFA, 0xFF, 0xF7, 0x47, 0x00, 0x00, 0x00, 0x00, 0x50, 0xFA, 
0xFF, 0xF9, 0x4D, 0x00, 0x00, 0x00, 0x55, 0xFB, 0xF5, 0x7B, 0xF7, 0xFA, 0x52, 0x00, 0x4B, 0xFC, 
0xF3, 0x3E, 0x00, 0x44, 0xF6, 0xFB, 0x48, 0x10, 0xBB, 0x3B, 0x00, 0x00, 0x00, 0x41, 0xB8, 0x0E, 
0x00, 0x00, 0x00, 0x00, 0x00, 0x00, 0x00, 0x00, 0x00, 0x00, 0x09, 0x00, 0x00, 0x00, 0x01, 0x65, 
0xC9, 0xF4, 0xF1, 0xD2, 0x7F, 0x57, 0xE5, 0x28, 0x00, 0x00, 0x9F, 0xFF, 0xFF, 0xFF, 0xFF, 0xFF, 
0xFF, 0xFF, 0xBE, 0x07, 0x00, 0x50, 0xFF, 0xFF, 0xD3, 0x2A, 0x19, 0xC2, 0xFF, 0xFF, 0x99, 0x00, 
0x00, 0xB4, 0xFF, 0xFF, 0x4A, 0x00, 0x28, 0xEA, 0xFF, 0xFF, 0xD2, 0x00, 0x00, 0xE8, 0xFF, 0xFF, 
0x15, 0x20, 0xE3, 0xE0, 0xFF, 0xFF, 0xEC, 0x00, 0x00, 0xFB, 0xFF, 0xFF, 0x1D, 0xDC, 0xE2, 0x22, 
0xFF, 0xFF, 0xF9, 0x00, 0x00, 0xEF, 0xFF, 0xFF, 0xDB, 0xE8, 0x25, 0x0E, 0xFF, 0xFF, 0xE4, 0x00, 
0x00, 0xD2, 0xFF, 0xFF, 0xED, 0x2D, 0x00, 0x3E, 0xFF, 0xFF, 0xB2, 0x00, 0x00, 0x8C, 0xFF, 0xFF, 
0xC3, 0x19, 0x26, 0xCD, 0xFF, 0xFF, 0x52, 0x00, 0x06, 0xB9, 0xFF, 0xFF, 0xFF, 0xFF, 0xFF, 0xFF, 
0xFF, 0xA4, 0x00, 0x00, 0x27, 0xE5, 0x58, 0x83, 0xD8, 0xF8, 0xF1, 0xCB, 0x69, 0x01, 0x00, 0x00, 
0x00, 0x09, 0x00, 0x00, 0x00, 0x00, 0x00, 0x00, 0x00, 0x00, 0x00, 0x00, 0x00, 0x00, 0x55, 0xEA, 
0xFF, 0x3F, 0x00, 0x00, 0x00, 0x00, 0x00, 0x00, 0x00, 0x15, 0xAB, 0xBF, 0x00, 0x00, 0x00, 0x00, 
0x00, 0x00, 0x00, 0x00, 0x00, 0x00, 0x00, 0x00, 0x00, 0x00, 0xFF, 0xFF, 0xFF, 0x00, 0x00, 0x00, 
0x00, 0xFF, 0xFF, 0xFF, 0xFF, 0xFF, 0xFF, 0x00, 0x00, 0x00, 0x00, 0xFF, 0xFF, 0xFF, 0xFF, 0xFF, 
0xFF, 0x00, 0x00, 0x00, 0x00, 0xFF, 0xFF, 0xFF, 0xFF, 0xFF, 0xFF, 0x00, 0x00, 0x00, 0x00, 0xFF, 
0xFF, 0xFF, 0xFF, 0xFF, 0xFF, 0x00, 0x00, 0x00, 0x00, 0xFF, 0xFF, 0xFF, 0xFF, 0xFF, 0xFF, 0x00, 
0x00, 0x00, 0x00, 0xFF, 0xFF, 0xFF, 0xFC, 0xFF, 0xFF, 0x00, 0x00, 0x00, 0x00, 0xFF, 0xFF, 0xFC, 
0xDF, 0xFF, 0xFF, 0x15, 0x00, 0x00, 0x15, 0xFF, 0xFF, 0xE1, 0x98, 0xFF, 0xFF, 0xA4, 0x15, 0x15, 
0xA1, 0xFF, 0xFF, 0x95, 0x19, 0xE4, 0xFF, 0xFF, 0xFF, 0xFF, 0xFF, 0xFF, 0xE2, 0x17, 0x00, 0x1C, 
0x9C, 0xDC, 0xF3, 0xFA, 0xE2, 0x9C, 0x1A, 0x00, 0x00, 0x00, 0x00, 0x00, 0x40, 0xFF, 0xEA, 0x55, 
0x00, 0x00, 0x00, 0x00, 0x00, 0x00, 0xC0, 0xAB, 0x15, 0x00, 0x00, 0x00, 0x00, 0x00, 0x00, 0x00, 
0x00, 0x00, 0x00, 0x00, 0x00, 0x00, 0xFF, 0xFF, 0xFF, 0x00, 0x00, 0x00, 0x00, 0xFF, 0xFF, 0xFF, 
0xFF, 0xFF, 0xFF, 0x00, 0x00, 0x00, 0x00, 0xFF, 0xFF, 0xFF, 0xFF, 0xFF, 0xFF, 0x00, 0x00, 0x00, 
0x00, 0xFF, 0xFF, 0xFF, 0xFF, 0xFF, 0xFF, 0x00, 0x00, 0x00, 0x00, 0xFF, 0xFF, 0xFF, 0xFF, 0xFF, 
0xFF, 0x00, 0x00, 0x00, 0x00, 0xFF, 0xFF, 0xFF, 0xFF, 0xFF, 0xFF, 0x00, 0x00, 0x00, 0x00, 0xFF, 
0xFF, 0xFF, 0xFC, 0xFF, 0xFF, 0x00, 0x00, 0x00, 0x00, 0xFF, 0xFF, 0xFC, 0xDF, 0xFF, 0xFF, 0x15, 
0x00, 0x00, 0x15, 0xFF, 0xFF, 0xE1, 0x98, 0xFF, 0xFF, 0xA4, 0x15, 0x15, 0xA1, 0xFF, 0xFF, 0x95, 
0x19, 0xE4, 0xFF, 0xFF, 0xFF, 0xFF, 0xFF, 0xFF, 0xE2, 0x17, 0x00, 0x1C, 0x9C, 0xDC, 0xF3, 0xFA, 
0xE2, 0x9C, 0x1A, 0x00, 0x00, 0x00, 0x00, 0x9A, 0xFF, 0xFF, 0xA4, 0x01, 0x00, 0x00, 0x00, 0x00, 
0x89, 0xFF, 0x7A, 0x7B, 0xFF, 0x8C, 0x00, 0x00, 0x00, 0x00, 0x00, 0x00, 0x00, 0x00, 0x00, 0x00, 
0x00, 0x00, 0xFF, 0xFF, 0xFF, 0x00, 0x00, 0x00, 0x00, 0xFF, 0xFF, 0xFF, 0xFF, 0xFF, 0xFF, 0x00, 
0x00, 0x00, 0x00, 0xFF, 0xFF, 0xFF, 0xFF, 0xFF, 0xFF, 0x00, 0x00, 0x00, 0x00, 0xFF, 0xFF, 0xFF, 
0xFF, 0xFF, 0xFF, 0x00, 0x00, 0x00, 0x00, 0xFF, 0xFF, 0xFF, 0xFF, 0xFF, 0xFF, 0x00, 0x00, 0x00, 
0x00, 0xFF, 0xFF, 0xFF, 0xFF, 0xFF, 0xFF, 0x00, 0x00, 0x00, 0x00, 0xFF, 0xFF, 0xFF, 0xFC, 0xFF, 
0xFF, 0x00, 0x00, 0x00, 0x00, 0xFF, 0xFF, 0xFC, 0xDF, 0xFF, 0xFF, 0x15, 0x00, 0x00, 0x15, 0xFF, 
0xFF, 0xE1, 0x98, 0xFF, 0xFF, 0xA4, 0x15, 0x15, 0xA1, 0xFF, 0xFF, 0x95, 0x19, 0xE4, 0xFF, 0xFF, 
0xFF, 0xFF, 0xFF, 0xFF, 0xE2, 0x17, 0x00, 0x1C, 0x9C, 0xDC, 0xF3, 0xFA, 0xE2, 0x9C, 0x1A, 0x00, 
0x00, 0x00, 0x00, 0xFF, 0xFF, 0x00, 0xFF, 0xFF, 0x00, 0x00, 0x00, 0x00, 0x00, 0xFF, 0xFF, 0x00, 
0xFF, 0xFF, 0x00, 0x00, 0x00, 0x00, 0x00, 0x00, 0x00, 0x00, 0x00, 0x00, 0x00, 0x00, 0xFF, 0xFF, 
0xFF, 0x00, 0x00, 0x00, 0x00, 0xFF, 0xFF, 0xFF, 0xFF, 0xFF, 0xFF, 0x00, 0x00, 0x00, 0x00, 0xFF, 
0xFF, 0xFF, 0xFF, 0xFF, 0xFF, 0x00, 0x00, 0x00, 0x00, 0xFF, 0xFF, 0xFF, 0xFF, 0xFF, 0xFF, 0x00, 
0x00, 0x00, 0x00, 0xFF, 0xFF, 0xFF, 0xFF, 0xFF, 0xFF, 0x00, 0x00, 0x00, 0x00, 0xFF, 0xFF, 0xFF, 
0xFF, 0xFF, 0xFF, 0x00, 0x00, 0x00, 0x00, 0xFF, 0xFF, 0xFF, 0xFC, 0xFF, 0xFF, 0x00, 0x00, 0x00, 
0x00, 0xFF, 0xFF, 0xFC, 0xDF, 0xFF, 0xFF, 0x15, 0x00, 0x00, 0x15, 0xFF, 0xFF, 0xE1, 0x98, 0xFF, 
0xFF, 0xA4, 0x15, 0x15, 0xA1, 0xFF, 0xFF, 0x95, 0x19, 0xE4, 0xFF, 0xFF, 0xFF, 0xFF, 0xFF, 0xFF, 
0xE2, 0x17, 0x00, 0x1C, 0x9C, 0xDC, 0xF3, 0xFA, 0xE2, 0x9C, 0x1A, 0x00, 0x00, 0x00, 0x00, 0x00, 
0x00, 0x40, 0xFF, 0xEA, 0x55, 0x00, 0x00, 0x00, 0x00, 0x00, 0x00, 0x00, 0xC0, 0xAB, 0x15, 0x00, 
0x00, 0x00, 0x00, 0x00, 0x00, 0x00, 0x00, 0x00, 0x00, 0x00, 0x00, 0x00, 0x00, 0xB0, 0xFF, 0xFF, 
0x53, 0x00, 0x00, 0x00, 0x54, 0xFF, 0xFF, 0xAF, 0x1C, 0xF3, 0xFF, 0xE4, 0x0E, 0x00, 0x0E, 0xE5, 
0xFF, 0xF3, 0x1C, 0x00, 0x70, 0xFF, 0xFF, 0x92, 0x00, 0x93, 0xFF, 0xFF, 0x6F, 0x00, 0x00, 0x03, 
0xCC, 0xFF, 0xFD, 0x6A, 0xFD, 0xFF, 0xCC, 0x03, 0x00, 0x00, 0x00, 0x33, 0xFC, 0xFF, 0xFF, 0xFF, 
0xFC, 0x32, 0x00, 0x00, 0x00, 0x00, 0x00, 0x8F, 0xFF, 0xFF, 0xFF, 0x8E, 0x00, 0x00, 0x00, 0x00, 
0x00, 0x00, 0x0C, 0xFF, 0xFF, 0xFF, 0x0C, 0x00, 0x00, 0x00, 0x00, 0x00, 0x00, 0x00, 0xFF, 0xFF, 
0xFF, 0x00, 0x00, 0x00, 0x00, 0x00, 0x00, 0x00, 0x00, 0xFF, 0xFF, 0xFF, 0x00, 0x00, 0x00, 0x00, 
0x00, 0x00, 0x00, 0x00, 0xFF, 0xFF, 0xFF, 0x00, 0x00, 0x00, 0x00, 0x00, 0x00, 0x00, 0x00, 0xFF, 
0xFF, 0xFF, 0x00, 0x00, 0x00, 0x00, 0x00, 0x5A, 0xC2, 0xEE, 0xFC, 0xEA, 0xAD, 0x1F, 0x69, 0xFF, 
0xFF, 0xFF, 0xFF, 0xFF, 0xFF, 0xCB, 0xD9, 0xFF, 0xFF, 0x4D, 0x31, 0xFF, 0xFF, 0xEC, 0xFC, 0xFF, 
0xFF, 0x03, 0x46, 0xFF, 0xFF, 0x8C, 0xFF, 0xFF, 0xFF, 0x00, 0xC8, 0xFF, 0xFF, 0x18, 0xFF, 0xFF, 
0xFF, 0x00, 0xE8, 0xFF, 0xFF, 0x37, 0xFF, 0xFF, 0xFF, 0x00, 0x5B, 0xFF, 0xFF, 0xA2, 0xFF, 0xFF, 
0xFF, 0x00, 0x00, 0x85, 0xFF, 0xE4, 0xFF, 0xFF, 0xFF, 0x00, 0x08, 0x2F, 0xFF, 0xF7, 0xFF, 0xFF, 
0xFF, 0x1D, 0xD3, 0xFF, 0xFF, 0xCD, 0xFF, 0xFF, 0xFF, 0x06, 0xA3, 0xF5, 0xD5, 0x34, 0x00, 0x55, 
0xEA, 0xFF, 0x3F, 0x00, 0x00, 0x00, 0x00, 0x00, 0x00, 0x15, 0xAB, 0xBF, 0x00, 0x00, 0x00, 0x00, 
0x00, 0x00, 0x00, 0x00, 0x00, 0x00, 0x00, 0x00, 0x00, 0x00, 0x7E, 0xD8, 0xF6, 0xFA, 0xE5, 0xA1, 
0x15, 0x00, 0x7A, 0xFF, 0xFF, 0xFF, 0xFF, 0xFF, 0xFF, 0xAA, 0x00, 0xE2, 0xFF, 0xFF, 0x45, 0x20, 
0xFF, 0xFF, 0xED, 0x00, 0x00, 0x0D, 0x4E, 0x88, 0xD2, 0xFF, 0xFF, 0xFF, 0x00, 0x65, 0xF8, 0xFF, 
0xFF, 0xFF, 0xFF, 0xFF, 0xFF, 0x00, 0xEE, 0xFF, 0xFF, 0x63, 0x4F, 0xFF, 0xFF, 0xFF, 0x00, 0xDE, 
0xFF, 0xFF, 0xFF, 0xFE, 0xF6, 0xFF, 0xFF, 0x04, 0x3D, 0xD2, 0xF8, 0xD9, 0x5C, 0xAC, 0xFF, 0xFF, 
0x2F, 0x00, 0x00, 0x00, 0x40, 0xFF, 0xEA, 0x55, 0x00, 0x00, 0x00, 0x00, 0x00, 0xC0, 0xAB, 0x15, 
0x00, 0x00, 0x00, 0x00, 0x00, 0x00, 0x00, 0x00, 0x00, 0x00, 0x00, 0x00, 0x00, 0x7E, 0xD8, 0xF6, 
0xFA, 0xE5, 0xA1, 0x15, 0x00, 0x7A, 0xFF, 0xFF, 0xFF, 0xFF, 0xFF, 0xFF, 0xAA, 0x00, 0xE2, 0xFF, 
0xFF, 0x45, 0x20, 0xFF, 0xFF, 0xED, 0x00, 0x00, 0x0D, 0x4E, 0x88, 0xD2, 0xFF, 0xFF, 0xFF, 0x00, 
0x65, 0xF8, 0xFF, 0xFF, 0xFF, 0xFF, 0xFF, 0xFF, 0x00, 0xEE, 0xFF, 0xFF, 0x63, 0x4F, 0xFF, 0xFF, 
0xFF, 0x00, 0xDE, 0xFF, 0xFF, 0xFF, 0xFE, 0xF6, 0xFF, 0xFF, 0x04, 0x3D, 0xD2, 0xF8, 0xD9, 0x5C, 
0xAC, 0xFF, 0xFF, 0x2F, 0x00, 0x00, 0x9A, 0xFF, 0xFF, 0xA4, 0x01, 0x00, 0x00, 0x00, 0x89, 0xFF, 
0x7A, 0x7B, 0xFF, 0x8C, 0x00, 0x00, 0x00, 0x00, 0x00, 0x00, 0x00, 0x00, 0x00, 0x00, 0x00, 0x00, 
0x7E, 0xD8, 0xF6, 0xFA, 0xE5, 0xA1, 0x15, 0x00, 0x7A, 0xFF, 0xFF, 0xFF, 0xFF, 0xFF, 0xFF, 0xAA, 
0x00, 0xE2, 0xFF, 0xFF, 0x45, 0x20, 0xFF, 0xFF, 0xED, 0x00, 0x00, 0x0D, 0x4E, 0x88, 0xD2, 0xFF, 
0xFF, 0xFF, 0x00, 0x65, 0xF8, 0xFF, 0xFF, 0xFF, 0xFF, 0xFF, 0xFF, 0x00, 0xEE, 0xFF, 0xFF, 0x63, 
0x4F, 0xFF, 0xFF, 0xFF, 0x00, 0xDE, 0xFF, 0xFF, 0xFF, 0xFE, 0xF6, 0xFF, 0xFF, 0x04, 0x3D, 0xD2, 
0xF8, 0xD9, 0x5C, 0xAC, 0xFF, 0xFF, 0x2F, 0x00, 0x00, 0x86, 0xF1, 0x87, 0x26, 0xF7, 0x00, 0x00, 
0x00, 0x00, 0xF7, 0x25, 0x8A, 0xEF, 0x8F, 0x00, 0x00, 0x00, 0x00, 0x00, 0x00, 0x00, 0x00, 0x00, 
0x00, 0x00, 0x00, 0x7E, 0xD8, 0xF6, 0xFA, 0xE5, 0xA1, 0x15, 0x00, 0x7A, 0xFF, 0xFF, 0xFF, 0xFF, 
0xFF, 0xFF, 0xAA, 0x00, 0xE2, 0xFF, 0xFF, 0x45, 0x20, 0xFF, 0xFF, 0xED, 0x00, 0x00, 0x0D, 0x4E, 
0x88, 0xD2, 0xFF, 0xFF, 0xFF, 0x00, 0x65, 0xF8, 0xFF, 0xFF, 0xFF, 0xFF, 0xFF, 0xFF, 0x00, 0xEE, 
0xFF, 0xFF, 0x63, 0x4F, 0xFF, 0xFF, 0xFF, 0x00, 0xDE, 0xFF, 0xFF, 0xFF, 0xFE, 0xF6, 0xFF, 0xFF, 
0x04, 0x3D, 0xD2, 0xF8, 0xD9, 0x5C, 0xAC, 0xFF, 0xFF, 0x2F, 0x00, 0x00, 0xFF, 0xFF, 0x00, 0xFF, 
0xFF, 0x00, 0x00, 0x00, 0x00, 0xFF, 0xFF, 0x00, 0xFF, 0xFF, 0x00, 0x00, 0x00, 0x00, 0x00, 0x00, 
0x00, 0x00, 0x00, 0x00, 0x00, 0x00, 0x7E, 0xD8, 0xF6, 0xFA, 0xE5, 0xA1, 0x15, 0x00, 0x7A, 0xFF, 
0xFF, 0xFF, 0xFF, 0xFF, 0xFF, 0xAA, 0x00, 0xE2, 0xFF, 0xFF, 0x45, 0x20, 0xFF, 0xFF, 0xED, 0x00, 
0x00, 0x0D, 0x4E, 0x88, 0xD2, 0xFF, 0xFF, 0xFF, 0x00, 0x65, 0xF8, 0xFF, 0xFF, 0xFF, 0xFF, 0xFF, 
0xFF, 0x00, 0xEE, 0xFF, 0xFF, 0x63, 0x4F, 0xFF, 0xFF, 0xFF, 0x00, 0xDE, 0xFF, 0xFF, 0xFF, 0xFE, 
0xF6, 0xFF, 0xFF, 0x04, 0x3D, 0xD2, 0xF8, 0xD9, 0x5C, 0xAC, 0xFF, 0xFF, 0x2F, 0x00, 0x00, 0x49, 
0xE3, 0xE3, 0x47, 0x00, 0x00, 0x00, 0x00, 0x00, 0xE4, 0x3A, 0x3B, 0xE3, 0x00, 0x00, 0x00, 0x00, 
0x00, 0xE4, 0x38, 0x3A, 0xE3, 0x00, 0x00, 0x00, 0x00, 0x00, 0x4B, 0xE4, 0xE4, 0x49, 0x00, 0x00, 
0x00, 0x00, 0x00, 0x00, 0x00, 0x00, 0x00, 0x00, 0x00, 0x00, 0x00, 0x7E, 0xD8, 0xF6, 0xFA, 0xE5, 
0xA1, 0x15, 0x00, 0x7A, 0xFF, 0xFF, 0xFF, 0xFF, 0xFF, 0xFF, 0xAA, 0x00, 0xE2, 0xFF, 0xFF, 0x45, 
0x20, 0xFF, 0xFF, 0xED, 0x00, 0x00, 0x0D, 0x4E, 0x88, 0xD2, 0xFF, 0xFF, 0xFF, 0x00, 0x65, 0xF8, 
0xFF, 0xFF, 0xFF, 0xFF, 0xFF, 0xFF, 0x00, 0xEE, 0xFF, 0xFF, 0x63, 0x4F, 0xFF, 0xFF, 0xFF, 0x00, 
0xDE, 0xFF, 0xFF, 0xFF, 0xFE, 0xF6, 0xFF, 0xFF, 0x04, 0x3D, 0xD2, 0xF8, 0xD9, 0x5C, 0xAC, 0xFF, 
0xFF, 0x2F, 0x06, 0x85, 0xDD, 0xF9, 0xF5, 0xC8, 0x5B, 0x98, 0xE7, 0xF6, 0xC4, 0x43, 0x00, 0x91, 
0xFF, 0xFF, 0xFF, 0xFF, 0xFF, 0xFF, 0xFF, 0xFF, 0xFF, 0xFF, 0xFB, 0x40, 0xA4, 0xD2, 0xF1, 0x42, 
0x25, 0xFF, 0xFF, 0xFF, 0x43, 0x3F, 0xFF, 0xFF, 0xBD, 0x00, 0x18, 0x5C, 0x91, 0xD6, 0xFF, 0xFF, 
0xFF, 0xFF, 0xFF, 0xFF, 0xFF, 0xEF, 0x5E, 0xF6, 0xFF, 0xFF, 0xFF, 0xFF, 0xFF, 0xFF, 0xFF, 0xFF, 
0xFF, 0xFF, 0xFE, 0xE9, 0xFF, 0xFF, 0x63, 0x51, 0xFF, 0xFF, 0xFF, 0x44, 0x00, 0x00, 0x00, 0x00, 
0xDC, 0xFF, 0xFF, 0xFF, 0xFF, 0xE0, 0xEA, 0xFF, 0xFF, 0xFF, 0xFF, 0xFF, 0x9F, 0x39, 0xCB, 0xF6, 
0xE9, 0x98, 0x14, 0x27, 0xB1, 0xF0, 0xF7, 0xD7, 0x79, 0x03, 0x00, 0x3F, 0xC3, 0xF3, 0xF2, 0xCB, 
0x55, 0x00, 0x3C, 0xFC, 0xFF, 0xFF, 0xFF, 0xFF, 0xFF, 0x51, 0xC3, 0xFF, 0xFF, 0x64, 0x45, 0xFF, 
0xFF, 0xCE, 0xF5, 0xFF, 0xFF, 0x0C, 0x00, 0x00, 0x00, 0x00, 0xF7, 0xFF, 0xFF, 0x09, 0x00, 0x00, 
0x00, 0x00, 0xCB, 0xFF, 0xFF, 0x5B, 0x47, 0xFF, 0xFF, 0xD6, 0x42, 0xFE, 0xFF, 0xFF, 0xFF, 0xFF, 
0xFF, 0x56, 0x00, 0x50, 0xC9, 0xF5, 0xF8, 0xD1, 0x59, 0x00, 0x00, 0x00, 0xC0, 0xF7, 0xE7, 0x74, 
0x00, 0x00, 0x00, 0x17, 0x16, 0x39, 0xFF, 0xEC, 0x00, 0x00, 0x00, 0xDC, 0xF6, 0xFB, 0xDC, 0x60, 
0x00, 0x00, 0x00, 0x55, 0xEA, 0xFF, 0x3F, 0x00, 0x00, 0x00, 0x00, 0x00, 0x15, 0xAB, 0xBF, 0x00, 
0x00, 0x00, 0x00, 0x00, 0x00, 0x00, 0x00, 0x00, 0x00, 0x00, 0x00, 0x45, 0xC6, 0xF7, 0xF0, 0xC1, 
0x42, 0x00, 0x42, 0xFD, 0xFF, 0xFF, 0xFF, 0xFF, 0xFB, 0x37, 0xC1, 0xFF, 0xFF, 0x3F, 0x3F, 0xFF, 
0xFF, 0xAD, 0xF5, 0xFF, 0xFF, 0xFF, 0xFF, 0xFF, 0xFF, 0xE7, 0xF2, 0xFF, 0xFF, 0xFF, 0xFF, 0xFF, 
0xFF, 0xFB, 0xC0, 0xFF, 0xFF, 0x44, 0x00, 0x00, 0x00, 0x00, 0x45, 0xFE, 0xFF, 0xFF, 0xFF, 0xFF, 
0xFF, 0xA0, 0x00, 0x50, 0xCA, 0xF4, 0xF7, 0xD9, 0x7E, 0x04, 0x00, 0x00, 0x00, 0x40, 0xFF, 0xEA, 
0x55, 0x00, 0x00, 0x00, 0x00, 0xC0, 0xAB, 0x15, 0x00, 0x00, 0x00, 0x00, 0x00, 0x00, 0x00, 0x00, 
0x00, 0x00, 0x00, 0x45, 0xC6, 0xF7, 0xF0, 0xC1, 0x42, 0x00, 0x42, 0xFD, 0xFF, 0xFF, 0xFF, 0xFF, 
0xFB, 0x37, 0xC1, 0xFF, 0xFF, 0x3F, 0x3F, 0xFF, 0xFF, 0xAD, 0xF5, 0xFF, 0xFF, 0xFF, 0xFF, 0xFF, 
0xFF, 0xE7, 0xF2, 0xFF, 0xFF, 0xFF, 0xFF, 0xFF, 0xFF, 0xFB, 0xC0, 0xFF, 0xFF, 0x44, 0x00, 0x00, 
0x00, 0x00, 0x45, 0xFE, 0xFF, 0xFF, 0xFF, 0xFF, 0xFF, 0xA0, 0x00, 0x50, 0xCA, 0xF4, 0xF7, 0xD9, 
0x7E, 0x04, 0x00, 0x00, 0x9A, 0xFF, 0xFF, 0xA4, 0x01, 0x00, 0x00, 0x89, 0xFF, 0x7A, 0x7B, 0xFF, 
0x8C, 0x00, 0x00, 0x00, 0x00, 0x00, 0x00, 0x00, 0x00, 0x00, 0x00, 0x45, 0xC6, 0xF7, 0xF0, 0xC1, 
0x42, 0x00, 0x42, 0xFD, 0xFF, 0xFF, 0xFF, 0xFF, 0xFB, 0x37, 0xC1, 0xFF, 0xFF, 0x3F, 0x3F, 0xFF, 
0xFF, 0xAD, 0xF5, 0xFF, 0xFF, 0xFF, 0xFF, 0xFF, 0xFF, 0xE7, 0xF2, 0xFF, 0xFF, 0xFF, 0xFF, 0xFF, 
0xFF, 0xFB, 0xC0, 0xFF, 0xFF, 0x44, 0x00, 0x00, 0x00, 0x00, 0x45, 0xFE, 0xFF, 0xFF, 0xFF, 0xFF, 
0xFF, 0xA0, 0x00, 0x50, 0xCA, 0xF4, 0xF7, 0xD9, 0x7E, 0x04, 0x00, 0x00, 0xFF, 0xFF, 0x00, 0xFF, 
0xFF, 0x00, 0x00, 0x00, 0xFF, 0xFF, 0x00, 0xFF, 0xFF, 0x00, 0x00, 0x00, 0x00, 0x00, 0x00, 0x00, 
0x00, 0x00, 0x00, 0x45, 0xC6, 0xF7, 0xF0, 0xC1, 0x42, 0x00, 0x42, 0xFD, 0xFF, 0xFF, 0xFF, 0xFF, 
0xFB, 0x37, 0xC1, 0xFF, 0xFF, 0x3F, 0x3F, 0xFF, 0xFF, 0xAD, 0xF5, 0xFF, 0xFF, 0xFF, 0xFF, 0xFF, 
0xFF, 0xE7, 0xF2, 0xFF, 0xFF, 0xFF, 0xFF, 0xFF, 0xFF, 0xFB, 0xC0, 0xFF, 0xFF, 0x44, 0x00, 0x00, 
0x00, 0x00, 0x45, 0xFE, 0xFF, 0xFF, 0xFF, 0xFF, 0xFF, 0xA0, 0x00, 0x50, 0xCA, 0xF4, 0xF7, 0xD9, 
0x7E, 0x04, 0x55, 0xEA, 0xFF, 0x3F, 0x00, 0x15, 0xAB, 0xBF, 0x00, 0x00, 0x00, 0x00, 0x00, 0xFF, 
0xFF, 0xFF, 0x00, 0xFF, 0xFF, 0xFF, 0x00, 0xFF, 0xFF, 0xFF, 0x00, 0xFF, 0xFF, 0xFF, 0x00, 0xFF, 
0xFF, 0xFF, 0x00, 0xFF, 0xFF, 0xFF, 0x00, 0xFF, 0xFF, 0xFF, 0x00, 0xFF, 0xFF, 0xFF, 0x00, 0x40, 
0xFF, 0xEA, 0x55, 0x00, 0xC0, 0xAB, 0x15, 0x00, 0x00, 0x00, 0x00, 0x00, 0x00, 0xFF, 0xFF, 0xFF, 
0x00, 0x00, 0xFF, 0xFF, 0xFF, 0x00, 0x00, 0xFF, 0xFF, 0xFF, 0x00, 0x00, 0xFF, 0xFF, 0xFF, 0x00, 
0x00, 0xFF, 0xFF, 0xFF, 0x00, 0x00, 0xFF, 0xFF, 0xFF, 0x00, 0x00, 0xFF, 0xFF, 0xFF, 0x00, 0x00, 
0xFF, 0xFF, 0xFF, 0x00, 0x00, 0x00, 0x9A, 0xFF, 0xFF, 0xA4, 0x01, 0x89, 0xFF, 0x7A, 0x7B, 0xFF, 
0x8C, 0x00, 0x00, 0x00, 0x00, 0x00, 0x00, 0x00, 0xFF, 0xFF, 0xFF, 0x00, 0x00, 0x00, 0xFF, 0xFF, 
0xFF, 0x00, 0x00, 0x00, 0xFF, 0xFF, 0xFF, 0x00, 0x00, 0x00, 0xFF, 0xFF, 0xFF, 0x00, 0x00, 0x00, 
0xFF, 0xFF, 0xFF, 0x00, 0x00, 0x00, 0xFF, 0xFF, 0xFF, 0x00, 0x00, 0x00, 0xFF, 0xFF, 0xFF, 0x00, 
0x00, 0x00, 0xFF, 0xFF, 0xFF, 0x00, 0x00, 0xFF, 0xFF, 0x00, 0xFF, 0xFF, 0xFF, 0xFF, 0x00, 0xFF, 
0xFF, 0x00, 0x00, 0x00, 0x00, 0x00, 0x00, 0xFF, 0xFF, 0xFF, 0x00, 0x00, 0xFF, 0xFF, 0xFF, 0x00, 
0x00, 0xFF, 0xFF, 0xFF, 0x00, 0x00, 0xFF, 0xFF, 0xFF, 0x00, 0x00, 0xFF, 0xFF, 0xFF, 0x00, 0x00, 
0xFF, 0xFF, 0xFF, 0x00, 0x00, 0xFF, 0xFF, 0xFF, 0x00, 0x00, 0xFF, 0xFF, 0xFF, 0x00, 0x00, 0x00, 
0x86, 0xF1, 0x87, 0x26, 0xF7, 0x00, 0x00, 0x00, 0xF7, 0x25, 0x8A, 0xEF, 0x8F, 0x00, 0x00, 0x00, 
0x00, 0x00, 0x00, 0x00, 0x00, 0x00, 0xFF, 0xFF, 0xCC, 0x66, 0xDC, 0xF7, 0xC2, 0x22, 0xFF, 0xFF, 
0xFB, 0xFF, 0xFF, 0xFF, 0xFF, 0xB5, 0xFF, 0xFF, 0xFF, 0x5B, 0x3D, 0xFF, 0xFF, 0xEE, 0xFF, 0xFF, 
0xFF, 0x0A, 0x02, 0xFF, 0xFF, 0xFF, 0xFF, 0xFF, 0xFF, 0x00, 0x00, 0xFF, 0xFF, 0xFF, 0xFF, 0xFF, 
0xFF, 0x00, 0x00, 0xFF, 0xFF, 0xFF, 0xFF, 0xFF, 0xFF, 0x00, 0x00, 0xFF, 0xFF, 0xFF, 0xFF, 0xFF, 
0xFF, 0x00, 0x00, 0xFF, 0xFF, 0xFF, 0x00, 0x55, 0xEA, 0xFF, 0x3F, 0x00, 0x00, 0x00, 0x00, 0x00, 
0x15, 0xAB, 0xBF, 0x00, 0x00, 0x00, 0x00, 0x00, 0x00, 0x00, 0x00, 0x00, 0x00, 0x00, 0x00, 0x39, 
0xBD, 0xF5, 0xF4, 0xC1, 0x40, 0x00, 0x37, 0xF9, 0xFF, 0xFF, 0xFF, 0xFF, 0xFB, 0x39, 0xBB, 0xFF, 
0xFF, 0x5E, 0x5A, 0xFF, 0xFF, 0xB9, 0xF4, 0xFF, 0xFF, 0x0A, 0x0A, 0xFF, 0xFF, 0xED, 0xF5, 0xFF, 
0xFF, 0x0A, 0x0B, 0xFF, 0xFF, 0xF4, 0xBD, 0xFF, 0xFF, 0x5B, 0x5B, 0xFF, 0xFF, 0xBC, 0x3A, 0xF9, 
0xFF, 0xFF, 0xFF, 0xFF, 0xFA, 0x3B, 0x00, 0x34, 0xB9, 0xED, 0xF5, 0xC0, 0x3D, 0x00, 0x00, 0x00, 
0x00, 0x40, 0xFF, 0xEA, 0x55, 0x00, 0x00, 0x00, 0x00, 0xC0, 0xAB, 0x15, 0x00, 0x00, 0x00, 0x00, 
0x00, 0x00, 0x00, 0x00, 0x00, 0x00, 0x00, 0x39, 0xBD, 0xF5, 0xF4, 0xC1, 0x40, 0x00, 0x37, 0xF9, 
0xFF, 0xFF, 0xFF, 0xFF, 0xFB, 0x39, 0xBB, 0xFF, 0xFF, 0x5E, 0x5A, 0xFF, 0xFF, 0xB9, 0xF4, 0xFF, 
0xFF, 0x0A, 0x0A, 0xFF, 0xFF, 0xED, 0xF5, 0xFF, 0xFF, 0x0A, 0x0B, 0xFF, 0xFF, 0xF4, 0xBD, 0xFF, 
0xFF, 0x5B, 0x5B, 0xFF, 0xFF, 0xBC, 0x3A, 0xF9, 0xFF, 0xFF, 0xFF, 0xFF, 0xFA, 0x3B, 0x00, 0x34, 
0xB9, 0xED, 0xF5, 0xC0, 0x3D, 0x00, 0x00, 0x00, 0x9A, 0xFF, 0xFF, 0xA4, 0x01, 0x00, 0x00, 0x89, 
0xFF, 0x7A, 0x7B, 0xFF, 0x8C, 0x00, 0x00, 0x00, 0x00, 0x00, 0x00, 0x00, 0x00, 0x00, 0x00, 0x39, 
0xBD, 0xF5, 0xF4, 0xC1, 0x40, 0x00, 0x37, 0xF9, 0xFF, 0xFF, 0xFF, 0xFF, 0xFB, 0x39, 0xBB, 0xFF, 
0xFF, 0x5E, 0x5A, 0xFF, 0xFF, 0xB9, 0xF4, 0xFF, 0xFF, 0x0A, 0x0A, 0xFF, 0xFF, 0xED, 0xF5, 0xFF, 
0xFF, 0x0A, 0x0B, 0xFF, 0xFF, 0xF4, 0xBD, 0xFF, 0xFF, 0x5B, 0x5B, 0xFF, 0xFF, 0xBC, 0x3A, 0xF9, 
0xFF, 0xFF, 0xFF, 0xFF, 0xFA, 0x3B, 0x00, 0x34, 0xB9, 0xED, 0xF5, 0xC0, 0x3D, 0x00, 0x00, 0x00, 
0x86, 0xF1, 0x87, 0x26, 0xF7, 0x00, 0x00, 0x00, 0xF7, 0x25, 0x8A, 0xEF, 0x8F, 0x00, 0x00, 0x00, 
0x00, 0x00, 0x00, 0x00, 0x00, 0x00, 0x00, 0x39, 0xBD, 0xF5, 0xF4, 0xC1, 0x40, 0x00, 0x37, 0xF9, 
0xFF, 0xFF, 0xFF, 0xFF, 0xFB, 0x39, 0xBB, 0xFF, 0xFF, 0x5E, 0x5A, 0xFF, 0xFF, 0xB9, 0xF4, 0xFF, 
0xFF, 0x0A, 0x0A, 0xFF, 0xFF, 0xED, 0xF5, 0xFF, 0xFF, 0x0A, 0x0B, 0xFF, 0xFF, 0xF4, 0xBD, 0xFF, 
0xFF, 0x5B, 0x5B, 0xFF, 0xFF, 0xBC, 0x3A, 0xF9, 0xFF, 0xFF, 0xFF, 0xFF, 0xFA, 0x3B, 0x00, 0x34, 
0xB9, 0xED, 0xF5, 0xC0, 0x3D, 0x00, 0x00, 0x00, 0xFF, 0xFF, 0x00, 0xFF, 0xFF, 0x00, 0x00, 0x00, 
0xFF, 0xFF, 0x00, 0xFF, 0xFF, 0x00, 0x00, 0x00, 0x00, 0x00, 0x00, 0x00, 0x00, 0x00, 0x00, 0x39, 
0xBD, 0xF5, 0xF4, 0xC1, 0x40, 0x00, 0x37, 0xF9, 0xFF, 0xFF, 0xFF, 0xFF, 0xFB, 0x39, 0xBB, 0xFF, 
0xFF, 0x5E, 0x5A, 0xFF, 0xFF, 0xB9, 0xF4, 0xFF, 0xFF, 0x0A, 0x0A, 0xFF, 0xFF, 0xED, 0xF5, 0xFF, 
0xFF, 0x0A, 0x0B, 0xFF, 0xFF, 0xF4, 0xBD, 0xFF, 0xFF, 0x5B, 0x5B, 0xFF, 0xFF, 0xBC, 0x3A, 0xF9, 
0xFF, 0xFF, 0xFF, 0xFF, 0xFA, 0x3B, 0x00, 0x34, 0xB9, 0xED, 0xF5, 0xC0, 0x3D, 0x00, 0x00, 0x00, 
0x00, 0xFF, 0xFF, 0xFF, 0x00, 0x00, 0x00, 0x00, 0x00, 0x00, 0xFF, 0xFF, 0xFF, 0x00, 0x00, 0x00, 
0x00, 0x00, 0x00, 0xFF, 0xFF, 0xFF, 0x00, 0x00, 0x00, 0x00, 0x00, 0x00, 0x00, 0x00, 0x00, 0x00, 
0x00, 0x00, 0xFF, 0xFF, 0xFF, 0xFF, 0xFF, 0xFF, 0xFF, 0xFF, 0xFF, 0xFF, 0xFF, 0xFF, 0xFF, 0xFF, 
0xFF, 0xFF, 0xFF, 0xFF, 0x00, 0x00, 0x00, 0x00, 0x00, 0x00, 0x00, 0x00, 0x00, 0x00, 0x00, 0x00, 
0xFF, 0xFF, 0xFF, 0x00, 0x00, 0x00, 0x00, 0x00, 0x00, 0xFF, 0xFF, 0xFF, 0x00, 0x00, 0x00, 0x00, 
0x00, 0x00, 0xFF, 0xFF, 0xFF, 0x00, 0x00, 0x00, 0x00, 0x00, 0x00, 0x00, 0x00, 0x00, 0x03, 0x19, 
0x00, 0x00, 0x00, 0x00, 0x00, 0x00, 0x54, 0x85, 0x00, 0x41, 0xC4, 0xF7, 0xE8, 0xA7, 0xCB, 0x51, 
0x3E, 0xFB, 0xFF, 0xFF, 0xFF, 0xFF, 0xEE, 0x20, 0xBF, 0xFF, 0xFF, 0x64, 0x7A, 0xFF, 0xFF, 0xA8, 
0xF6, 0xFF, 0xFF, 0x34, 0xC9, 0xF9, 0xFF, 0xF0, 0xF2, 0xFF, 0xF8, 0xCB, 0x32, 0xFF, 0xFF, 0xF5, 
0xA7, 0xFF, 0xFF, 0x79, 0x63, 0xFF, 0xFF, 0xBF, 0x19, 0xED, 0xFF, 0xFF, 0xFF, 0xFF, 0xFC, 0x3F, 
0x56, 0xC9, 0xAB, 0xEC, 0xF7, 0xC6, 0x44, 0x00, 0x8A, 0x4F, 0x00, 0x00, 0x00, 0x00, 0x00, 0x00, 
0x1A, 0x02, 0x00, 0x00, 0x00, 0x00, 0x00, 0x00, 0x00, 0x55, 0xEA, 0xFF, 0x3F, 0x00, 0x00, 0x00, 
0x00, 0x00, 0x15, 0xAB, 0xBF, 0x00, 0x00, 0x00, 0x00, 0x00, 0x00, 0x00, 0x00, 0x00, 0x00, 0x00, 
0xFF, 0xFF, 0xFF, 0x00, 0x00, 0xFF, 0xFF, 0xFF, 0xFF, 0xFF, 0xFF, 0x00, 0x00, 0xFF, 0xFF, 0xFF, 
0xFF, 0xFF, 0xFF, 0x00, 0x00, 0xFF, 0xFF, 0xFF, 0xFF, 0xFF, 0xFF, 0x00, 0x00, 0xFF, 0xFF, 0xFF, 
0xFF, 0xFF, 0xFF, 0x01, 0x0B, 0xFF, 0xFF, 0xFF, 0xF0, 0xFF, 0xFF, 0x3A, 0x5E, 0xFF, 0xFF, 0xFF, 
0xB7, 0xFF, 0xFF, 0xFF, 0xFF, 0xFB, 0xFF, 0xFF, 0x24, 0xC4, 0xF7, 0xDF, 0x69, 0xCC, 0xFF, 0xFF, 
0x00, 0x00, 0x00, 0x40, 0xFF, 0xEA, 0x55, 0x00, 0x00, 0x00, 0x00, 0xC0, 0xAB, 0x15, 0x00, 0x00, 
0x00, 0x00, 0x00, 0x00, 0x00, 0x00, 0x00, 0x00, 0xFF, 0xFF, 0xFF, 0x00, 0x00, 0xFF, 0xFF, 0xFF, 
0xFF, 0xFF, 0xFF, 0x00, 0x00, 0xFF, 0xFF, 0xFF, 0xFF, 0xFF, 0xFF, 0x00, 0x00, 0xFF, 0xFF, 0xFF, 
0xFF, 0xFF, 0xFF, 0x00, 0x00, 0xFF, 0xFF, 0xFF, 0xFF, 0xFF, 0xFF, 0x01, 0x0B, 0xFF, 0xFF, 0xFF, 
0xF0, 0xFF, 0xFF, 0x3A, 0x5E, 0xFF, 0xFF, 0xFF, 0xB7, 0xFF, 0xFF, 0xFF, 0xFF, 0xFB, 0xFF, 0xFF, 
0x24, 0xC4, 0xF7, 0xDF, 0x69, 0xCC, 0xFF, 0xFF, 0x00, 0x00, 0x9A, 0xFF, 0xFF, 0xA4, 0x01, 0x00, 
0x00, 0x89, 0xFF, 0x7A, 0x7B, 0xFF, 0x8C, 0x00, 0x00, 0x00, 0x00, 0x00, 0x00, 0x00, 0x00, 0x00, 
0xFF, 0xFF, 0xFF, 0x00, 0x00, 0xFF, 0xFF, 0xFF, 0xFF, 0xFF, 0xFF, 0x00, 0x00, 0xFF, 0xFF, 0xFF, 
0xFF, 0xFF, 0xFF, 0x00, 0x00, 0xFF, 0xFF, 0xFF, 0xFF, 0xFF, 0xFF, 0x00, 0x00, 0xFF, 0xFF, 0xFF, 
0xFF, 0xFF, 0xFF, 0x01, 0x0B, 0xFF, 0xFF, 0xFF, 0xF0, 0xFF, 0xFF, 0x3A, 0x5E, 0xFF, 0xFF, 0xFF, 
0xB7, 0xFF, 0xFF, 0xFF, 0xFF, 0xFB, 0xFF, 0xFF, 0x24, 0xC4, 0xF7, 0xDF, 0x69, 0xCC, 0xFF, 0xFF, 
0x00, 0x00, 0xFF, 0xFF, 0x00, 0xFF, 0xFF, 0x00, 0x00, 0x00, 0xFF, 0xFF, 0x00, 0xFF, 0xFF, 0x00, 
0x00, 0x00, 0x00, 0x00, 0x00, 0x00, 0x00, 0x00, 0xFF, 0xFF, 0xFF, 0x00, 0x00, 0xFF, 0xFF, 0xFF, 
0xFF, 0xFF, 0xFF, 0x00, 0x00, 0xFF, 0xFF, 0xFF, 0xFF, 0xFF, 0xFF, 0x00, 0x00, 0xFF, 0xFF, 0xFF, 
0xFF, 0xFF, 0xFF, 0x00, 0x00, 0xFF, 0xFF, 0xFF, 0xFF, 0xFF, 0xFF, 0x01, 0x0B, 0xFF, 0xFF, 0xFF, 
0xF0, 0xFF, 0xFF, 0x3A, 0x5E, 0xFF, 0xFF, 0xFF, 0xB7, 0xFF, 0xFF, 0xFF, 0xFF, 0xFB, 0xFF, 0xFF, 
0x24, 0xC4, 0xF7, 0xDF, 0x69, 0xCC, 0xFF, 0xFF, 0x00, 0x00, 0x00, 0x00, 0x40, 0xFF, 0xEA, 0x55, 
0x00, 0x00, 0x00, 0x00, 0x00, 0xC0, 0xAB, 0x15, 0x00, 0x00, 0x00, 0x00, 0x00, 0x00, 0x00, 0x00, 
0x00, 0x00, 0x00, 0xD0, 0xFF, 0xFF, 0x2A, 0x00, 0x2C, 0xFF, 0xFF, 0xD1, 0x70, 0xFF, 0xFF, 0x71, 
0x00, 0x72, 0xFF, 0xFF, 0x75, 0x15, 0xFA, 0xFF, 0xB8, 0x00, 0xB9, 0xFF, 0xFD, 0x1B, 0x00, 0xB0, 
0xFF, 0xF6, 0x10, 0xF6, 0xFF, 0xBD, 0x00, 0x00, 0x50, 0xFF, 0xFF, 0x8B, 0xFF, 0xFF, 0x61, 0x00, 
0x00, 0x05, 0xEA, 0xFF, 0xF8, 0xFF, 0xF7, 0x0E, 0x00, 0x00, 0x00, 0x8F, 0xFF, 0xFF, 0xFF, 0xA9, 
0x00, 0x00, 0x00, 0x00, 0x2E, 0xFF, 0xFF, 0xFF, 0x4D, 0x00, 0x00, 0x20, 0x08, 0x3D, 0xFB, 0xFF, 
0xEA, 0x05, 0x00, 0x00, 0xEB, 0xFF, 0xFF, 0xFF, 0xFF, 0x70, 0x00, 0x00, 0x00, 0xB2, 0xF4, 0xF9, 
0xDD, 0x7C, 0x01, 0x00, 0x00, 0x00, 0x00, 0x00, 0xFF, 0xFF, 0x00, 0xFF, 0xFF, 0x00, 0x00, 0x00, 
0x00, 0xFF, 0xFF, 0x00, 0xFF, 0xFF, 0x00, 0x00, 0x00, 0x00, 0x00, 0x00, 0x00, 0x00, 0x00, 0x00, 
0x00, 0xD0, 0xFF, 0xFF, 0x2A, 0x00, 0x2C, 0xFF, 0xFF, 0xD1, 0x70, 0xFF, 0xFF, 0x71, 0x00, 0x72, 
0xFF, 0xFF, 0x75, 0x15, 0xFA, 0xFF, 0xB8, 0x00, 0xB9, 0xFF, 0xFD, 0x1B, 0x00, 0xB0, 0xFF, 0xF6, 
0x10, 0xF6, 0xFF, 0xBD, 0x00, 0x00, 0x50, 0xFF, 0xFF, 0x8B, 0xFF, 0xFF, 0x61, 0x00, 0x00, 0x05, 
0xEA, 0xFF, 0xF8, 0xFF, 0xF7, 0x0E, 0x00, 0x00, 0x00, 0x8F, 0xFF, 0xFF, 0xFF, 0xA9, 0x00, 0x00, 
0x00, 0x00, 0x2E, 0xFF, 0xFF, 0xFF, 0x4D, 0x00, 0x00, 0x20, 0x08, 0x3D, 0xFB, 0xFF, 0xEA, 0x05, 
0x00, 0x00, 0xEB, 0xFF, 0xFF, 0xFF, 0xFF, 0x70, 0x00, 0x00, 0x00, 0xB2, 0xF4, 0xF9, 0xDD, 0x7C, 
0x01, 0x00, 0x00, 0x00, 0x00, 0x00, 0x00, 0xD9, 0x52, 0x05, 0x4F, 0xD7, 0x00, 0x00, 0x00, 0x00, 
0x00, 0x00, 0x39, 0xCF, 0xF6, 0xCE, 0x43, 0x00, 0x00, 0x00, 0x00, 0x00, 0x00, 0x00, 0x00, 0x00, 
0x00, 0x00, 0x00, 0x00, 0x00, 0x00, 0x00, 0x00, 0xC4, 0xFF, 0xFF, 0xFF, 0xC2, 0x00, 0x00, 0x00, 
0x00, 0x00, 0x15, 0xFD, 0xFF, 0xFF, 0xFF, 0xFD, 0x14, 0x00, 0x00, 0x00, 0x00, 0x61, 0xFF, 0xFF, 
0xFF, 0xFF, 0xFF, 0x60, 0x00, 0x00, 0x00, 0x00, 0xB0, 0xFF, 0xFF, 0xA9, 0xFF, 0xFF, 0xAF, 0x00, 
0x00, 0x00, 0x09, 0xF5, 0xFF, 0xF8, 0x1A, 0xFA, 0xFF, 0xF5, 0x09, 0x00, 0x00, 0x4E, 0xFF, 0xFF, 
0xB5, 0x00, 0xBB, 0xFF, 0xFF, 0x4D, 0x00, 0x00, 0x9D, 0xFF, 0xFF, 0x67, 0x00, 0x6E, 0xFF, 0xFF, 
0x9C, 0x00, 0x02, 0xE9, 0xFF, 0xFF, 0xFF, 0xFF, 0xFF, 0xFF, 0xFF, 0xE9, 0x02, 0x3B, 0xFF, 0xFF, 
0xFF, 0xFF, 0xFF, 0xFF, 0xFF, 0xFF, 0xFF, 0x3A, 0x8A, 0xFF, 0xFF, 0x7B, 0x00, 0x00, 0x00, 0x6B, 
0xFF, 0xFF, 0x89, 0xD9, 0xFF, 0xFF, 0x2B, 0x00, 0x00, 0x00, 0x26, 0xFF, 0xFF, 0xD8, 0x00, 0x00, 
0xD9, 0x52, 0x05, 0x4F, 0xD7, 0x00, 0x00, 0x00, 0x00, 0x39, 0xCF, 0xF6, 0xCE, 0x43, 0x00, 0x00, 
0x00, 0x00, 0x00, 0x00, 0x00, 0x00, 0x00, 0x00, 0x00, 0x00, 0x7E, 0xD8, 0xF6, 0xFA, 0xE5, 0xA1, 
0x15, 0x00, 0x7A, 0xFF, 0xFF, 0xFF, 0xFF, 0xFF, 0xFF, 0xAA, 0x00, 0xE2, 0xFF, 0xFF, 0x45, 0x20, 
0xFF, 0xFF, 0xED, 0x00, 0x00, 0x0D, 0x4E, 0x88, 0xD2, 0xFF, 0xFF, 0xFF, 0x00, 0x65, 0xF8, 0xFF, 
0xFF, 0xFF, 0xFF, 0xFF, 0xFF, 0x00, 0xEE, 0xFF, 0xFF, 0x63, 0x4F, 0xFF, 0xFF, 0xFF, 0x00, 0xDE, 
0xFF, 0xFF, 0xFF, 0xFE, 0xF6, 0xFF, 0xFF, 0x04, 0x3D, 0xD2, 0xF8, 0xD9, 0x5C, 0xAC, 0xFF, 0xFF, 
0x2F, 0x00, 0x00, 0x00, 0xC4, 0xFF, 0xFF, 0xFF, 0xC2, 0x00, 0x00, 0x00, 0x00, 0x00, 0x00, 0x00, 
0x15, 0xFD, 0xFF, 0xFF, 0xFF, 0xFD, 0x14, 0x00, 0x00, 0x00, 0x00, 0x00, 0x00, 0x61, 0xFF, 0xFF, 
0xFF, 0xFF, 0xFF, 0x60, 0x00, 0x00, 0x00, 0x00, 0x00, 0x00, 0xB0, 0xFF, 0xFF, 0xA9, 0xFF, 0xFF, 
0xAF, 0x00, 0x00, 0x00, 0x00, 0x00, 0x09, 0xF5, 0xFF, 0xF8, 0x1A, 0xFA, 0xFF, 0xF5, 0x09, 0x00, 
0x00, 0x00, 0x00, 0x4E, 0xFF, 0xFF, 0xB5, 0x00, 0xBB, 0xFF, 0xFF, 0x4D, 0x00, 0x00, 0x00, 0x00, 
0x9D, 0xFF, 0xFF, 0x67, 0x00, 0x6E, 0xFF, 0xFF, 0x9C, 0x00, 0x00, 0x00, 0x02, 0xE9, 0xFF, 0xFF, 
0xFF, 0xFF, 0xFF, 0xFF, 0xFF, 0xE9, 0x02, 0x00, 0x00, 0x3B, 0xFF, 0xFF, 0xFF, 0xFF, 0xFF, 0xFF, 
0xFF, 0xFF, 0xFF, 0x3A, 0x00, 0x00, 0x8A, 0xFF, 0xFF, 0x7B, 0x00, 0x00, 0x00, 0x6B, 0xFF, 0xFF, 
0x89, 0x00, 0x00, 0xD9, 0xFF, 0xFF, 0x2B, 0x00, 0x00, 0x00, 0x26, 0xFF, 0xFF, 0xD8, 0x00, 0x00, 
0x00, 0x00, 0x00, 0x00, 0x00, 0x00, 0x00, 0x00, 0x00, 0xBA, 0xFF, 0x12, 0x00, 0x00, 0x00, 0x00, 
0x00, 0x00, 0x00, 0x00, 0x00, 0x00, 0xF3, 0xFF, 0x35, 0x10, 0x00, 0x00, 0x00, 0x00, 0x00, 0x00, 
0x00, 0x00, 0x00, 0x74, 0xEA, 0xF9, 0xD6, 0x00, 0x7E, 0xD8, 0xF6, 0xFA, 0xE5, 0xA1, 0x15, 0x00, 
0x00, 0x7A, 0xFF, 0xFF, 0xFF, 0xFF, 0xFF, 0xFF, 0xAA, 0x00, 0x00, 0xE2, 0xFF, 0xFF, 0x45, 0x20, 
0xFF, 0xFF, 0xED, 0x00, 0x00, 0x00, 0x0D, 0x4E, 0x88, 0xD2, 0xFF, 0xFF, 0xFF, 0x00, 0x00, 0x65, 
0xF8, 0xFF, 0xFF, 0xFF, 0xFF, 0xFF, 0xFF, 0x00, 0x00, 0xEE, 0xFF, 0xFF, 0x63, 0x4F, 0xFF, 0xFF, 
0xFF, 0x00, 0x00, 0xDE, 0xFF, 0xFF, 0xFF, 0xFE, 0xF6, 0xFF, 0xFF, 0x04, 0x00, 0x3D, 0xD2, 0xF8, 
0xD9, 0x5C, 0xAC, 0xFF, 0xFF, 0x2F, 0x00, 0x00, 0x00, 0x00, 0x00, 0x00, 0x00, 0xBA, 0xFF, 0x12, 
0x00, 0x00, 0x00, 0x00, 0x00, 0x00, 0x00, 0xF3, 0xFF, 0x35, 0x10, 0x00, 0x00, 0x00, 0x00, 0x00, 
0x00, 0x74, 0xEA, 0xF9, 0xD6, 0x00, 0x00, 0x00, 0x00, 0x40, 0xFF, 0xEA, 0x55, 0x00, 0x00, 0x00, 
0x00, 0x00, 0xC0, 0xAB, 0x15, 0x00, 0x00, 0x00, 0x00, 0x00, 0x00, 0x00, 0x00, 0x00, 0x00, 0x00, 
0x00, 0x0A, 0x82, 0xDA, 0xF8, 0xE7, 0xB0, 0x30, 0x00, 0x05, 0xC3, 0xFF, 0xFF, 0xFF, 0xFF, 0xFF, 
0xF2, 0x30, 0x6C, 0xFF, 0xFF, 0xAE, 0x0E, 0x9E, 0xFF, 0xFF, 0xB6, 0xC4, 0xFF, 0xFF, 0x36, 0x00, 
0x1C, 0xDB, 0x92, 0x48, 0xF0, 0xFF, 0xFF, 0x0D, 0x00, 0x00, 0x00, 0x00, 0x00, 0xFB, 0xFF, 0xFF, 
0x02, 0x00, 0x00, 0x00, 0x00, 0x00, 0xE7, 0xFF, 0xFF, 0x09, 0x00, 0x00, 0x00, 0x00, 0x00, 0xBC, 
0xFF, 0xFF, 0x29, 0x00, 0x1E, 0xDB, 0x93, 0x49, 0x60, 0xFF, 0xFF, 0x9B, 0x0F, 0x97, 0xFF, 0xFF, 
0xC5, 0x02, 0xBC, 0xFF, 0xFF, 0xFF, 0xFF, 0xFF, 0xFA, 0x3F, 0x00, 0x08, 0x87, 0xDB, 0xF8, 0xF2, 
0xBD, 0x3D, 0x00, 0x00, 0x00, 0x00, 0x40, 0xFF, 0xEA, 0x55, 0x00, 0x00, 0x00, 0x00, 0xC0, 0xAB, 
0x15, 0x00, 0x00, 0x00, 0x00, 0x00, 0x00, 0x00, 0x00, 0x00, 0x00, 0x00, 0x3F, 0xC3, 0xF3, 0xF2, 
0xCB, 0x55, 0x00, 0x3C, 0xFC, 0xFF, 0xFF, 0xFF, 0xFF, 0xFF, 0x51, 0xC3, 0xFF, 0xFF, 0x64, 0x45, 
0xFF, 0xFF, 0xCE, 0xF5, 0xFF, 0xFF, 0x0C, 0x00, 0x00, 0x00, 0x00, 0xF7, 0xFF, 0xFF, 0x09, 0x00, 
0x00, 0x00, 0x00, 0xCB, 0xFF, 0xFF, 0x5B, 0x47, 0xFF, 0xFF, 0xD6, 0x42, 0xFE, 0xFF, 0xFF, 0xFF, 
0xFF, 0xFF, 0x56, 0x00, 0x50, 0xC9, 0xF5, 0xF8, 0xD1, 0x59, 0x00, 0x00, 0x00, 0x8C, 0xFF, 0x7A, 
0x7B, 0xFF, 0x88, 0x00, 0x00, 0x00, 0x01, 0xA2, 0xFF, 0xFF, 0x9A, 0x00, 0x00, 0x00, 0x00, 0x00, 
0x00, 0x00, 0x00, 0x00, 0x00, 0x00, 0x00, 0x0A, 0x82, 0xDA, 0xF8, 0xE7, 0xB0, 0x30, 0x00, 0x05, 
0xC3, 0xFF, 0xFF, 0xFF, 0xFF, 0xFF, 0xF2, 0x30, 0x6C, 0xFF, 0xFF, 0xAE, 0x0E, 0x9E, 0xFF, 0xFF, 
0xB6, 0xC4, 0xFF, 0xFF, 0x36, 0x00, 0x1C, 0xDB, 0x92, 0x48, 0xF0, 0xFF, 0xFF, 0x0D, 0x00, 0x00, 
0x00, 0x00, 0x00, 0xFB, 0xFF, 0xFF, 0x02, 0x00, 0x00, 0x00, 0x00, 0x00, 0xE7, 0xFF, 0xFF, 0x09, 
0x00, 0x00, 0x00, 0x00, 0x00, 0xBC, 0xFF, 0xFF, 0x29, 0x00, 0x1E, 0xDB, 0x93, 0x49, 0x60, 0xFF, 
0xFF, 0x9B, 0x0F, 0x97, 0xFF, 0xFF, 0xC5, 0x02, 0xBC, 0xFF, 0xFF, 0xFF, 0xFF, 0xFF, 0xFA, 0x3F, 
0x00, 0x08, 0x87, 0xDB, 0xF8, 0xF2, 0xBD, 0x3D, 0x00, 0x00, 0x8C, 0xFF, 0x7A, 0x7B, 0xFF, 0x88, 
0x00, 0x00, 0x01, 0xA2, 0xFF, 0xFF, 0x9A, 0x00, 0x00, 0x00, 0x00, 0x00, 0x00, 0x00, 0x00, 0x00, 
0x00, 0x00, 0x3F, 0xC3, 0xF3, 0xF2, 0xCB, 0x55, 0x00, 0x3C, 0xFC, 0xFF, 0xFF, 0xFF, 0xFF, 0xFF, 
0x51, 0xC3, 0xFF, 0xFF, 0x64, 0x45, 0xFF, 0xFF, 0xCE, 0xF5, 0xFF, 0xFF, 0x0C, 0x00, 0x00, 0x00, 
0x00, 0xF7, 0xFF, 0xFF, 0x09, 0x00, 0x00, 0x00, 0x00, 0xCB, 0xFF, 0xFF, 0x5B, 0x47, 0xFF, 0xFF, 
0xD6, 0x42, 0xFE, 0xFF, 0xFF, 0xFF, 0xFF, 0xFF, 0x56, 0x00, 0x50, 0xC9, 0xF5, 0xF8, 0xD1, 0x59, 
0x00, 0x00, 0x8C, 0xFF, 0x7A, 0x7B, 0xFF, 0x88, 0x00, 0x00, 0x00, 0x01, 0xA2, 0xFF, 0xFF, 0x9A, 
0x00, 0x00, 0x00, 0x00, 0x00, 0x00, 0x00, 0x00, 0x00, 0x00, 0x00, 0x00, 0xFF, 0xFF, 0xFF, 0xFF, 
0xFC, 0xE6, 0x9B, 0x16, 0x00, 0xFF, 0xFF, 0xFF, 0xFF, 0xFF, 0xFF, 0xFF, 0xD7, 0x0A, 0xFF, 0xFF, 
0xFF, 0x01, 0x25, 0xC4, 0xFF, 0xFF, 0x74, 0xFF, 0xFF, 0xFF, 0x00, 0x00, 0x38, 0xFF, 0xFF, 0xC1, 
0xFF, 0xFF, 0xFF, 0x00, 0x00, 0x0E, 0xFF, 0xFF, 0xE2, 0xFF, 0xFF, 0xFF, 0x00, 0x00, 0x03, 0xFF, 
0xFF, 0xFA, 0xFF, 0xFF, 0xFF, 0x00, 0x00, 0x0B, 0xFF, 0xFF, 0xF0, 0xFF, 0xFF, 0xFF, 0x00, 0x00, 
0x30, 0xFF, 0xFF, 0xCC, 0xFF, 0xFF, 0xFF, 0x00, 0x15, 0xAD, 0xFF, 0xFF, 0x7D, 0xFF, 0xFF, 0xFF, 
0xFF, 0xFF, 0xFF, 0xFF, 0xD6, 0x0C, 0xFF, 0xFF, 0xFF, 0xFF, 0xFD, 0xE1, 0x98, 0x14, 0x00, 0x00, 
0x00, 0x00, 0x00, 0x00, 0xFF, 0xFF, 0xFF, 0x00, 0x00, 0xFF, 0xFF, 0x00, 0x00, 0x00, 0x00, 0x00, 
0xFF, 0xFF, 0xFF, 0x00, 0x00, 0xFF, 0xFE, 0x00, 0x00, 0x00, 0x00, 0x00, 0xFF, 0xFF, 0xFF, 0x00, 
0x00, 0x46, 0xDE, 0x00, 0x6A, 0xE8, 0xE8, 0x52, 0xFF, 0xFF, 0xFF, 0x00, 0x00, 0xAD, 0x4B, 0x33, 
0xFF, 0xFF, 0xFF, 0xF5, 0xFF, 0xFF, 0xFF, 0x00, 0x00, 0x00, 0x00, 0x93, 0xFF, 0xFF, 0x55, 0x5F, 
0xFF, 0xFF, 0xFF, 0x00, 0x00, 0x00, 0x00, 0xB3, 0xFF, 0xFF, 0x09, 0x07, 0xFF, 0xFF, 0xFF, 0x00, 
0x00, 0x00, 0x00, 0xAF, 0xFF, 0xFF, 0x09, 0x07, 0xFF, 0xFF, 0xFF, 0x00, 0x00, 0x00, 0x00, 0x88, 
0xFF, 0xFF, 0x59, 0x5A, 0xFF, 0xFF, 0xFF, 0x00, 0x00, 0x00, 0x00, 0x29, 0xFD, 0xFF, 0xFF, 0xF8, 
0xE5, 0xFF, 0xFF, 0x00, 0x00, 0x00, 0x00, 0x00, 0x67, 0xE9, 0xE9, 0x5A, 0xC8, 0xFF, 0xFF, 0x00, 
0x00, 0x00, 0x00, 0x00, 0xFF, 0xFF, 0xFF, 0xFF, 0xFD, 0xE7, 0x9D, 0x17, 0x00, 0x00, 0xFF, 0xFF, 
0xFF, 0xFF, 0xFF, 0xFF, 0xFF, 0xD8, 0x0C, 0x00, 0xFF, 0xFF, 0xFF, 0x01, 0x26, 0xC7, 0xFF, 0xFF, 
0x79, 0x00, 0xFF, 0xFF, 0xFF, 0x00, 0x00, 0x3A, 0xFF, 0xFF, 0xC5, 0xFF, 0xFF, 0xFF, 0xFF, 0xFF, 
0xFF, 0x0E, 0xFF, 0xFF, 0xE4, 0xFF, 0xFF, 0xFF, 0xFF, 0xFF, 0xFF, 0x03, 0xFF, 0xFF, 0xFA, 0x00, 
0xFF, 0xFF, 0xFF, 0x00, 0x00, 0x0B, 0xFF, 0xFF, 0xEF, 0x00, 0xFF, 0xFF, 0xFF, 0x00, 0x00, 0x30, 
0xFF, 0xFF, 0xCC, 0x00, 0xFF, 0xFF, 0xFF, 0x00, 0x15, 0xAD, 0xFF, 0xFF, 0x7D, 0x00, 0xFF, 0xFF, 
0xFF, 0xFF, 0xFF, 0xFF, 0xFF, 0xD8, 0x0D, 0x00, 0xFF, 0xFF, 0xFF, 0xFF, 0xFD, 0xE1, 0x98, 0x15, 
0x00, 0x00, 0x00, 0x00, 0x00, 0x00, 0xFF, 0xFF, 0xFF, 0x00, 0x00, 0x00, 0x00, 0xFF, 0xFF, 0xFF, 
0xFF, 0xFF, 0xFF, 0x00, 0x00, 0x00, 0x00, 0x00, 0xFF, 0xFF, 0xFF, 0x00, 0x00, 0x6A, 0xE8, 0xE8, 
0x52, 0xFF, 0xFF, 0xFF, 0x00, 0x33, 0xFF, 0xFF, 0xFF, 0xF5, 0xFF, 0xFF, 0xFF, 0x00, 0x93, 0xFF, 
0xFF, 0x55, 0x5F, 0xFF, 0xFF, 0xFF, 0x00, 0xB3, 0xFF, 0xFF, 0x09, 0x07, 0xFF, 0xFF, 0xFF, 0x00, 
0xAF, 0xFF, 0xFF, 0x09, 0x07, 0xFF, 0xFF, 0xFF, 0x00, 0x88, 0xFF, 0xFF, 0x59, 0x5A, 0xFF, 0xFF, 
0xFF, 0x00, 0x29, 0xFD, 0xFF, 0xFF, 0xF8, 0xE5, 0xFF, 0xFF, 0x00, 0x00, 0x67, 0xE9, 0xE9, 0x5A, 
0xC8, 0xFF, 0xFF, 0x00, 0xFF, 0xFF, 0xFF, 0xFF, 0xFF, 0xFF, 0xFF, 0xFF, 0x00, 0xFF, 0xFF, 0xFF, 
0xFF, 0xFF, 0xFF, 0xFF, 0xFF, 0x00, 0xFF, 0xFF, 0xFF, 0x00, 0x00, 0x00, 0x00, 0x00, 0x00, 0xFF, 
0xFF, 0xFF, 0x00, 0x00, 0x00, 0x00, 0x00, 0x00, 0xFF, 0xFF, 0xFF, 0xFF, 0xFF, 0xFF, 0xFF, 0x00, 
0x00, 0xFF, 0xFF, 0xFF, 0xFF, 0xFF, 0xFF, 0xFF, 0x00, 0x00, 0xFF, 0xFF, 0xFF, 0x00, 0x00, 0x00, 
0x00, 0x00, 0x00, 0xFF, 0xFF, 0xFF, 0x00, 0x00, 0x00, 0x00, 0x00, 0x00, 0xFF, 0xFF, 0xFF, 0x00, 
0x00, 0x00, 0x00, 0x00, 0x00, 0xFF, 0xFF, 0xFF, 0xFF, 0xFF, 0xFF, 0xFF, 0xFF, 0x00, 0xFF, 0xFF, 
0xFF, 0xFF, 0xFF, 0xFF, 0xFF, 0xFF, 0x00, 0x00, 0x00, 0x00, 0x00, 0x00, 0xBA, 0xFF, 0x12, 0x00, 
0x00, 0x00, 0x00, 0x00, 0x00, 0xF3, 0xFF, 0x35, 0x10, 0x00, 0x00, 0x00, 0x00, 0x00, 0x74, 0xEA, 
0xF9, 0xD6, 0x00, 0x45, 0xC6, 0xF7, 0xF0, 0xC1, 0x42, 0x00, 0x42, 0xFD, 0xFF, 0xFF, 0xFF, 0xFF, 
0xFB, 0x37, 0xC1, 0xFF, 0xFF, 0x3F, 0x3F, 0xFF, 0xFF, 0xAD, 0xF5, 0xFF, 0xFF, 0xFF, 0xFF, 0xFF, 
0xFF, 0xE7, 0xF2, 0xFF, 0xFF, 0xFF, 0xFF, 0xFF, 0xFF, 0xFB, 0xC0, 0xFF, 0xFF, 0x44, 0x00, 0x00, 
0x00, 0x00, 0x45, 0xFE, 0xFF, 0xFF, 0xFF, 0xFF, 0xFF, 0xA0, 0x00, 0x50, 0xCA, 0xF4, 0xF7, 0xD9, 
0x7E, 0x04, 0x00, 0x00, 0x00, 0xBA, 0xFF, 0x12, 0x00, 0x00, 0x00, 0x00, 0x00, 0xF3, 0xFF, 0x35, 
0x10, 0x00, 0x00, 0x00, 0x00, 0x74, 0xEA, 0xF9, 0xD6, 0x00, 0x00, 0x8C, 0xFF, 0x7A, 0x7B, 0xFF, 
0x88, 0x00, 0x00, 0x01, 0xA2, 0xFF, 0xFF, 0x9A, 0x00, 0x00, 0x00, 0x00, 0x00, 0x00, 0x00, 0x00, 
0x00, 0x00, 0xFF, 0xFF, 0xFF, 0xFF, 0xFF, 0xFF, 0xFF, 0xFF, 0xFF, 0xFF, 0xFF, 0xFF, 0xFF, 0xFF, 
0xFF, 0xFF, 0xFF, 0xFF, 0xFF, 0x00, 0x00, 0x00, 0x00, 0x00, 0xFF, 0xFF, 0xFF, 0x00, 0x00, 0x00, 
0x00, 0x00, 0xFF, 0xFF, 0xFF, 0xFF, 0xFF, 0xFF, 0xFF, 0x00, 0xFF, 0xFF, 0xFF, 0xFF, 0xFF, 0xFF, 
0xFF, 0x00, 0xFF, 0xFF, 0xFF, 0x00, 0x00, 0x00, 0x00, 0x00, 0xFF, 0xFF, 0xFF, 0x00, 0x00, 0x00, 
0x00, 0x00, 0xFF, 0xFF, 0xFF, 0x00, 0x00, 0x00, 0x00, 0x00, 0xFF, 0xFF, 0xFF, 0xFF, 0xFF, 0xFF, 
0xFF, 0xFF, 0xFF, 0xFF, 0xFF, 0xFF, 0xFF, 0xFF, 0xFF, 0xFF, 0x00, 0x8C, 0xFF, 0x7A, 0x7B, 0xFF, 
0x88, 0x00, 0x00, 0x01, 0xA2, 0xFF, 0xFF, 0x9A, 0x00, 0x00, 0x00, 0x00, 0x00, 0x00, 0x00, 0x00, 
0x00, 0x00, 0x00, 0x45, 0xC6, 0xF7, 0xF0, 0xC1, 0x42, 0x00, 0x42, 0xFD, 0xFF, 0xFF, 0xFF, 0xFF, 
0xFB, 0x37, 0xC1, 0xFF, 0xFF, 0x3F, 0x3F, 0xFF, 0xFF, 0xAD, 0xF5, 0xFF, 0xFF, 0xFF, 0xFF, 0xFF, 
0xFF, 0xE7, 0xF2, 0xFF, 0xFF, 0xFF, 0xFF, 0xFF, 0xFF, 0xFB, 0xC0, 0xFF, 0xFF, 0x44, 0x00, 0x00, 
0x00, 0x00, 0x45, 0xFE, 0xFF, 0xFF, 0xFF, 0xFF, 0xFF, 0xA0, 0x00, 0x50, 0xCA, 0xF4, 0xF7, 0xD9, 
0x7E, 0x04, 0xFF, 0xFF, 0xFF, 0xFF, 0xFF, 0xFF, 0xFF, 0xFF, 0xFF, 0xFF, 0xFF, 0xFF, 0xFF, 0xFF, 
0xFF, 0xFF, 0xFF, 0xFF, 0xFF, 0xFF, 0xFF, 0xFF, 0xFF, 0xFF, 0x00, 0x00, 0x00, 0x40, 0xFF, 0xEA, 
0x55, 0x00, 0x00, 0x00, 0xC0, 0xAB, 0x15, 0x00, 0x00, 0x00, 0x00, 0x00, 0x00, 0x00, 0x00, 0xFF, 
0xFF, 0xFF, 0x00, 0x00, 0x00, 0x00, 0xFF, 0xFF, 0xFF, 0x00, 0x00, 0x00, 0x00, 0xFF, 0xFF, 0xFF, 
0x00, 0x00, 0x00, 0x00, 0xFF, 0xFF, 0xFF, 0x00, 0x00, 0x00, 0x00, 0xFF, 0xFF, 0xFF, 0x00, 0x00, 
0x00, 0x00, 0xFF, 0xFF, 0xFF, 0x00, 0x00, 0x00, 0x00, 0xFF, 0xFF, 0xFF, 0x00, 0x00, 0x00, 0x00, 
0xFF, 0xFF, 0xFF, 0x00, 0x00, 0x00, 0x00, 0xFF, 0xFF, 0xFF, 0x00, 0x00, 0x00, 0x00, 0xFF, 0xFF, 
0xFF, 0xFF, 0xFF, 0xFF, 0xFF, 0xFF, 0xFF, 0xFF, 0xFF, 0xFF, 0xFF, 0xFF, 0x00, 0x40, 0xFF, 0xEA, 
0x55, 0x00, 0xC0, 0xAB, 0x15, 0x00, 0x00, 0x00, 0x00, 0x00, 0x00, 0xFF, 0xFF, 0xFF, 0x00, 0x00, 
0xFF, 0xFF, 0xFF, 0x00, 0x00, 0xFF, 0xFF, 0xFF, 0x00, 0x00, 0xFF, 0xFF, 0xFF, 0x00, 0x00, 0xFF, 
0xFF, 0xFF, 0x00, 0x00, 0xFF, 0xFF, 0xFF, 0x00, 0x00, 0xFF, 0xFF, 0xFF, 0x00, 0x00, 0xFF, 0xFF, 
0xFF, 0x00, 0x00, 0xFF, 0xFF, 0xFF, 0x00, 0x00, 0xFF, 0xFF, 0xFF, 0x00, 0x00, 0xFF, 0xFF, 0xFF, 
0x00, 0x00, 0xFF, 0xFF, 0xFF, 0x00, 0x00, 0x00, 0xFF, 0xFF, 0xFF, 0xFF, 0xFF, 0x00, 0x00, 0x00, 
0xFF, 0xFE, 0xFF, 0xFF, 0xFF, 0x00, 0x00, 0x00, 0x46, 0xDE, 0xFF, 0xFF, 0xFF, 0x00, 0x00, 0x00, 
0xAD, 0x4B, 0xFF, 0xFF, 0xFF, 0x00, 0x00, 0x00, 0x00, 0x00, 0xFF, 0xFF, 0xFF, 0x00, 0x00, 0x00, 
0x00, 0x00, 0xFF, 0xFF, 0xFF, 0x00, 0x00, 0x00, 0x00, 0x00, 0xFF, 0xFF, 0xFF, 0x00, 0x00, 0x00, 
0x00, 0x00, 0xFF, 0xFF, 0xFF, 0x00, 0x00, 0x00, 0x00, 0x00, 0xFF, 0xFF, 0xFF, 0xFF, 0xFF, 0xFF, 
0xFF, 0x00, 0xFF, 0xFF, 0xFF, 0xFF, 0xFF, 0xFF, 0xFF, 0x00, 0xFF, 0xFF, 0xFF, 0x00, 0x00, 0xFF, 
0xFF, 0xFF, 0xFF, 0xFF, 0x00, 0x00, 0xFF, 0xFE, 0xFF, 0xFF, 0xFF, 0x00, 0x00, 0x46, 0xDE, 0xFF, 
0xFF, 0xFF, 0x00, 0x00, 0xAD, 0x4B, 0xFF, 0xFF, 0xFF, 0x00, 0x00, 0x00, 0x00, 0xFF, 0xFF, 0xFF, 
0x00, 0x00, 0x00, 0x00, 0xFF, 0xFF, 0xFF, 0x00, 0x00, 0x00, 0x00, 0xFF, 0xFF, 0xFF, 0x00, 0x00, 
0x00, 0x00, 0xFF, 0xFF, 0xFF, 0x00, 0x00, 0x00, 0x00, 0xFF, 0xFF, 0xFF, 0x00, 0x00, 0x00, 0x00, 
0xFF, 0xFF, 0xFF, 0x00, 0x00, 0x00, 0x00, 0x00, 0xFF, 0xFF, 0xFF, 0x00, 0x00, 0x00, 0x00, 0x00, 
0xFF, 0xFF, 0xFF, 0x00, 0x3A, 0x00, 0x00, 0x00, 0xFF, 0xFF, 0xFF, 0x44, 0xF4, 0x00, 0x00, 0x00, 
0xFF, 0xFF, 0xFF, 0xF8, 0xEC, 0x00, 0x00, 0x00, 0xFF, 0xFF, 0xFF, 0xE4, 0x2A, 0x00, 0x00, 0x00, 
0xFF, 0xFF, 0xFF, 0x20, 0x00, 0x00, 0x00, 0x71, 0xFF, 0xFF, 0xFF, 0x00, 0x00, 0x00, 0x00, 0xFF, 
0xFF, 0xFF, 0xFF, 0x00, 0x00, 0x00, 0x00, 0xB6, 0xFF, 0xFF, 0xFF, 0x00, 0x00, 0x00, 0x00, 0x05, 
0xFF, 0xFF, 0xFF, 0xFF, 0xFF, 0xFF, 0xFF, 0x00, 0xFF, 0xFF, 0xFF, 0xFF, 0xFF, 0xFF, 0xFF, 0x00, 
0xFF, 0xFF, 0xFF, 0x00, 0x00, 0xFF, 0xFF, 0xFF, 0x00, 0x00, 0xFF, 0xFF, 0xFF, 0x04, 0x00, 0xFF, 
0xFF, 0xFF, 0xCB, 0x00, 0xFF, 0xFF, 0xFF, 0xAC, 0x21, 0xFF, 0xFF, 0xFF, 0x00, 0xF2, 0xFF, 0xFF, 
0xFF, 0x00, 0x64, 0xFF, 0xFF, 0xFF, 0x00, 0x00, 0xFF, 0xFF, 0xFF, 0x00, 0x00, 0xFF, 0xFF, 0xFF, 
0x00, 0x00, 0xFF, 0xFF, 0xFF, 0x00, 0x00, 0x00, 0x00, 0x00, 0x40, 0xFF, 0xEA, 0x55, 0x00, 0x00, 
0x00, 0x00, 0x00, 0x00, 0xC0, 0xAB, 0x15, 0x00, 0x00, 0x00, 0x00, 0x00, 0x00, 0x00, 0x00, 0x00, 
0x00, 0x00, 0x00, 0x00, 0xFF, 0xFF, 0xFF, 0x4B, 0x00, 0x00, 0x00, 0xFF, 0xFF, 0xFF, 0xFF, 0xFF, 
0xFF, 0xE0, 0x0B, 0x00, 0x00, 0xFF, 0xFF, 0xFF, 0xFF, 0xFF, 0xFF, 0xFF, 0x8C, 0x00, 0x00, 0xFF, 
0xFF, 0xFF, 0xFF, 0xFF, 0xFF, 0xFF, 0xFB, 0x2F, 0x00, 0xFF, 0xFF, 0xFF, 0xFF, 0xFF, 0xFF, 0xF3, 
0xFF, 0xC9, 0x02, 0xFF, 0xFF, 0xFF, 0xFF, 0xFF, 0xFF, 0x70, 0xFF, 0xFF, 0x6C, 0xFF, 0xFF, 0xFF, 
0xFF, 0xFF, 0xFF, 0x03, 0xCC, 0xFF, 0xF1, 0xFF, 0xFF, 0xFF, 0xFF, 0xFF, 0xFF, 0x00, 0x33, 0xFC, 
0xFF, 0xFF, 0xFF, 0xFF, 0xFF, 0xFF, 0xFF, 0x00, 0x00, 0x90, 0xFF, 0xFF, 0xFF, 0xFF, 0xFF, 0xFF, 
0xFF, 0x00, 0x00, 0x0C, 0xE3, 0xFF, 0xFF, 0xFF, 0xFF, 0xFF, 0xFF, 0x00, 0x00, 0x00, 0x50, 0xFF, 
0xFF, 0xFF, 0x00, 0x00, 0x00, 0x40, 0xFF, 0xEA, 0x55, 0x00, 0x00, 0x00, 0x00, 0xC0, 0xAB, 0x15, 
0x00, 0x00, 0x00, 0x00, 0x00, 0x00, 0x00, 0x00, 0x00, 0x00, 0xFF, 0xFF, 0xCC, 0x66, 0xDC, 0xF7, 
0xC2, 0x22, 0xFF, 0xFF, 0xFB, 0xFF, 0xFF, 0xFF, 0xFF, 0xB5, 0xFF, 0xFF, 0xFF, 0x5B, 0x3D, 0xFF, 
0xFF, 0xEE, 0xFF, 0xFF, 0xFF, 0x0A, 0x02, 0xFF, 0xFF, 0xFF, 0xFF, 0xFF, 0xFF, 0x00, 0x00, 0xFF, 
0xFF, 0xFF, 0xFF, 0xFF, 0xFF, 0x00, 0x00, 0xFF, 0xFF, 0xFF, 0xFF, 0xFF, 0xFF, 0x00, 0x00, 0xFF, 
0xFF, 0xFF, 0xFF, 0xFF, 0xFF, 0x00, 0x00, 0xFF, 0xFF, 0xFF, 0x00, 0x00, 0x8C, 0xFF, 0x7A, 0x7B, 
0xFF, 0x88, 0x00, 0x00, 0x00, 0x00, 0x01, 0xA2, 0xFF, 0xFF, 0x9A, 0x00, 0x00, 0x00, 0x00, 0x00, 
0x00, 0x00, 0x00, 0x00, 0x00, 0x00, 0x00, 0x00, 0xFF, 0xFF, 0xFF, 0x4B, 0x00, 0x00, 0x00, 0xFF, 
0xFF, 0xFF, 0xFF, 0xFF, 0xFF, 0xE0, 0x0B, 0x00, 0x00, 0xFF, 0xFF, 0xFF, 0xFF, 0xFF, 0xFF, 0xFF, 
0x8C, 0x00, 0x00, 0xFF, 0xFF, 0xFF, 0xFF, 0xFF, 0xFF, 0xFF, 0xFB, 0x2F, 0x00, 0xFF, 0xFF, 0xFF, 
0xFF, 0xFF, 0xFF, 0xF3, 0xFF, 0xC9, 0x02, 0xFF, 0xFF, 0xFF, 0xFF, 0xFF, 0xFF, 0x70, 0xFF, 0xFF, 
0x6C, 0xFF, 0xFF, 0xFF, 0xFF, 0xFF, 0xFF, 0x03, 0xCC, 0xFF, 0xF1, 0xFF, 0xFF, 0xFF, 0xFF, 0xFF, 
0xFF, 0x00, 0x33, 0xFC, 0xFF, 0xFF, 0xFF, 0xFF, 0xFF, 0xFF, 0xFF, 0x00, 0x00, 0x90, 0xFF, 0xFF, 
0xFF, 0xFF, 0xFF, 0xFF, 0xFF, 0x00, 0x00, 0x0C, 0xE3, 0xFF, 0xFF, 0xFF, 0xFF, 0xFF, 0xFF, 0x00, 
0x00, 0x00, 0x50, 0xFF, 0xFF, 0xFF, 0x00, 0x8C, 0xFF, 0x7A, 0x7B, 0xFF, 0x88, 0x00, 0x00, 0x01, 
0xA2, 0xFF, 0xFF, 0x9A, 0x00, 0x00, 0x00, 0x00, 0x00, 0x00, 0x00, 0x00, 0x00, 0x00, 0xFF, 0xFF, 
0xCC, 0x66, 0xDC, 0xF7, 0xC2, 0x22, 0xFF, 0xFF, 0xFB, 0xFF, 0xFF, 0xFF, 0xFF, 0xB5, 0xFF, 0xFF, 
0xFF, 0x5B, 0x3D, 0xFF, 0xFF, 0xEE, 0xFF, 0xFF, 0xFF, 0x0A, 0x02, 0xFF, 0xFF, 0xFF, 0xFF, 0xFF, 
0xFF, 0x00, 0x00, 0xFF, 0xFF, 0xFF, 0xFF, 0xFF, 0xFF, 0x00, 0x00, 0xFF, 0xFF, 0xFF, 0xFF, 0xFF, 
0xFF, 0x00, 0x00, 0xFF, 0xFF, 0xFF, 0xFF, 0xFF, 0xFF, 0x00, 0x00, 0xFF, 0xFF, 0xFF, 0x00, 0x00, 
0x00, 0x40, 0xFF, 0x7F, 0x40, 0xFF, 0x7F, 0x00, 0x00, 0x00, 0x00, 0xC0, 0x7F, 0x00, 0xC0, 0x7F, 
0x00, 0x00, 0x00, 0x00, 0x00, 0x00, 0x00, 0x00, 0x00, 0x00, 0x00, 0x00, 0x00, 0x07, 0x79, 0xD1, 
0xF6, 0xF5, 0xCE, 0x70, 0x04, 0x00, 0x06, 0xC3, 0xFF, 0xFF, 0xFF, 0xFF, 0xFF, 0xFF, 0xB2, 0x02, 
0x70, 0xFF, 0xFF, 0xCC, 0x21, 0x23, 0xCF, 0xFF, 0xFF, 0x62, 0xC5, 0xFF, 0xFF, 0x3F, 0x00, 0x00, 
0x47, 0xFF, 0xFF, 0xC0, 0xEF, 0xFF, 0xFF, 0x0E, 0x00, 0x00, 0x14, 0xFF, 0xFF, 0xEE, 0xFB, 0xFF, 
0xFF, 0x02, 0x00, 0x00, 0x03, 0xFF, 0xFF, 0xFA, 0xE8, 0xFF, 0xFF, 0x0D, 0x00, 0x00, 0x10, 0xFF, 
0xFF, 0xE8, 0xBB, 0xFF, 0xFF, 0x3F, 0x00, 0x00, 0x40, 0xFF, 0xFF, 0xBB, 0x5C, 0xFF, 0xFF, 0xCC, 
0x21, 0x20, 0xCA, 0xFF, 0xFF, 0x5F, 0x01, 0xAF, 0xFF, 0xFF, 0xFF, 0xFF, 0xFF, 0xFF, 0xB2, 0x01, 
0x00, 0x03, 0x71, 0xCD, 0xF2, 0xF4, 0xD1, 0x72, 0x03, 0x00, 0x00, 0x00, 0x40, 0xFF, 0x7F, 0x40, 
0xFF, 0x7F, 0x00, 0x00, 0xC0, 0x7F, 0x00, 0xC0, 0x7F, 0x00, 0x00, 0x00, 0x00, 0x00, 0x00, 0x00, 
0x00, 0x00, 0x00, 0x39, 0xBD, 0xF5, 0xF4, 0xC1, 0x40, 0x00, 0x37, 0xF9, 0xFF, 0xFF, 0xFF, 0xFF, 
0xFB, 0x39, 0xBB, 0xFF, 0xFF, 0x5E, 0x5A, 0xFF, 0xFF, 0xB9, 0xF4, 0xFF, 0xFF, 0x0A, 0x0A, 0xFF, 
0xFF, 0xED, 0xF5, 0xFF, 0xFF, 0x0A, 0x0B, 0xFF, 0xFF, 0xF4, 0xBD, 0xFF, 0xFF, 0x5B, 0x5B, 0xFF, 
0xFF, 0xBC, 0x3A, 0xF9, 0xFF, 0xFF, 0xFF, 0xFF, 0xFA, 0x3B, 0x00, 0x34, 0xB9, 0xED, 0xF5, 0xC0, 
0x3D, 0x00, 0x00, 0x34, 0xCC, 0xF9, 0xDC, 0x59, 0xFF, 0xFF, 0xFF, 0xFF, 0xFF, 0xFF, 0x16, 0xED, 
0xFF, 0xFF, 0xFF, 0xFF, 0xFF, 0xFF, 0xFF, 0xFF, 0xFF, 0xFF, 0x84, 0xFF, 0xFF, 0x9A, 0x12, 0xC1, 
0xFF, 0xFF, 0xFF, 0x00, 0x00, 0x00, 0xCC, 0xFF, 0xFF, 0x27, 0x00, 0x57, 0xFF, 0xFF, 0xFF, 0x00, 
0x00, 0x00, 0xF2, 0xFF, 0xFF, 0x08, 0x00, 0x38, 0xFF, 0xFF, 0xFF, 0xFF, 0xFF, 0x00, 0xFD, 0xFF, 
0xFF, 0x01, 0x00, 0x32, 0xFF, 0xFF, 0xFF, 0xFF, 0xFF, 0x00, 0xF2, 0xFF, 0xFF, 0x07, 0x00, 0x39, 
0xFF, 0xFF, 0xFF, 0x00, 0x00, 0x00, 0xCE, 0xFF, 0xFF, 0x25, 0x00, 0x59, 0xFF, 0xFF, 0xFF, 0x00, 
0x00, 0x00, 0x87, 0xFF, 0xFF, 0x9A, 0x13, 0xC4, 0xFF, 0xFF, 0xFF, 0x00, 0x00, 0x00, 0x18, 0xF0, 
0xFF, 0xFF, 0xFF, 0xFF, 0xFF, 0xFF, 0xFF, 0xFF, 0xFF, 0xFF, 0x00, 0x36, 0xCA, 0xF9, 0xE0, 0x67, 
0xFF, 0xFF, 0xFF, 0xFF, 0xFF, 0xFF, 0x00, 0x3D, 0xBF, 0xF0, 0xE8, 0xAD, 0x42, 0x9E, 0xE4, 0xF7, 
0xC7, 0x40, 0x00, 0x00, 0x40, 0xFB, 0xFF, 0xFF, 0xFF, 0xFF, 0xFF, 0xFF, 0xFF, 0xFF, 0xFF, 0xFA, 
0x36, 0x00, 0xC3, 0xFF, 0xFF, 0x57, 0x50, 0xFF, 0xFF, 0xFF, 0x3C, 0x3F, 0xFF, 0xFF, 0xB2, 0x00, 
0xF6, 0xFF, 0xFF, 0x09, 0x07, 0xFF, 0xFF, 0xFF, 0xFF, 0xFF, 0xFF, 0xFF, 0xEE, 0x00, 0xF3, 0xFF, 
0xFF, 0x08, 0x0A, 0xFF, 0xFF, 0xFF, 0xFF, 0xFF, 0xFF, 0xFF, 0xFF, 0x01, 0xB7, 0xFF, 0xFF, 0x50, 
0x51, 0xFF, 0xFF, 0xFF, 0x3E, 0x00, 0x00, 0x00, 0x00, 0x00, 0x34, 0xF8, 0xFF, 0xFF, 0xFF, 0xFF, 
0xFF, 0xFF, 0xFF, 0xFF, 0xFF, 0xFF, 0xA6, 0x00, 0x00, 0x37, 0xBE, 0xF6, 0xED, 0xAA, 0x53, 0xB0, 
0xE7, 0xF8, 0xD8, 0x7C, 0x05, 0x00, 0x00, 0x00, 0x00, 0x00, 0x40, 0xFF, 0xEA, 0x55, 0x00, 0x00, 
0x00, 0x00, 0x00, 0x00, 0xC0, 0xAB, 0x15, 0x00, 0x00, 0x00, 0x00, 0x00, 0x00, 0x00, 0x00, 0x00, 
0x00, 0x00, 0x00, 0x00, 0xFF, 0xFF, 0xFF, 0xFF, 0xFF, 0xFB, 0xE7, 0xA2, 0x12, 0x00, 0xFF, 0xFF, 
0xFF, 0xFF, 0xFF, 0xFF, 0xFF, 0xFF, 0xAE, 0x00, 0xFF, 0xFF, 0xFF, 0x00, 0x03, 0x41, 0xFF, 0xFF, 
0xF4, 0x00, 0xFF, 0xFF, 0xFF, 0x00, 0x05, 0x54, 0xFF, 0xFF, 0xE5, 0x00, 0xFF, 0xFF, 0xFF, 0xFF, 
0xFF, 0xFF, 0xFF, 0xFF, 0x67, 0x00, 0xFF, 0xFF, 0xFF, 0xFF, 0xFF, 0xFF, 0xF4, 0x56, 0x00, 0x00, 
0xFF, 0xFF, 0xFF, 0x09, 0x90, 0xFF, 0xFF, 0x9F, 0x00, 0x00, 0xFF, 0xFF, 0xFF, 0x00, 0x06, 0xDE, 
0xFF, 0xFD, 0x25, 0x00, 0xFF, 0xFF, 0xFF, 0x00, 0x00, 0x5B, 0xFF, 0xFF, 0xA7, 0x00, 0xFF, 0xFF, 
0xFF, 0x00, 0x00, 0x01, 0xD0, 0xFF, 0xFE, 0x32, 0xFF, 0xFF, 0xFF, 0x00, 0x00, 0x00, 0x49, 0xFF, 
0xFF, 0xBB, 0x00, 0x00, 0x40, 0xFF, 0xEA, 0x55, 0x00, 0x00, 0xC0, 0xAB, 0x15, 0x00, 0x00, 0x00, 
0x00, 0x00, 0x00, 0x00, 0xFF, 0xFF, 0xCC, 0x5D, 0xF2, 0xB8, 0xFF, 0xFF, 0xD2, 0xEB, 0xFF, 0x6E, 
0xFF, 0xFF, 0xFE, 0x87, 0x15, 0x09, 0xFF, 0xFF, 0xFF, 0x21, 0x00, 0x00, 0xFF, 0xFF, 0xFF, 0x06, 
0x00, 0x00, 0xFF, 0xFF, 0xFF, 0x00, 0x00, 0x00, 0xFF, 0xFF, 0xFF, 0x00, 0x00, 0x00, 0xFF, 0xFF, 
0xFF, 0x00, 0x00, 0x00, 0x00, 0x00, 0x8C, 0xFF, 0x7A, 0x7B, 0xFF, 0x88, 0x00, 0x00, 0x00, 0x00, 
0x01, 0xA2, 0xFF, 0xFF, 0x9A, 0x00, 0x00, 0x00, 0x00, 0x00, 0x00, 0x00, 0x00, 0x00, 0x00, 0x00, 
0x00, 0x00, 0xFF, 0xFF, 0xFF, 0xFF, 0xFF, 0xFB, 0xE7, 0xA2, 0x12, 0x00, 0xFF, 0xFF, 0xFF, 0xFF, 
0xFF, 0xFF, 0xFF, 0xFF, 0xAE, 0x00, 0xFF, 0xFF, 0xFF, 0x00, 0x03, 0x41, 0xFF, 0xFF, 0xF4, 0x00, 
0xFF, 0xFF, 0xFF, 0x00, 0x05, 0x54, 0xFF, 0xFF, 0xE5, 0x00, 0xFF, 0xFF, 0xFF, 0xFF, 0xFF, 0xFF, 
0xFF, 0xFF, 0x67, 0x00, 0xFF, 0xFF, 0xFF, 0xFF, 0xFF, 0xFF, 0xF4, 0x56, 0x00, 0x00, 0xFF, 0xFF, 
0xFF, 0x09, 0x90, 0xFF, 0xFF, 0x9F, 0x00, 0x00, 0xFF, 0xFF, 0xFF, 0x00, 0x06, 0xDE, 0xFF, 0xFD, 
0x25, 0x00, 0xFF, 0xFF, 0xFF, 0x00, 0x00, 0x5B, 0xFF, 0xFF, 0xA7, 0x00, 0xFF, 0xFF, 0xFF, 0x00, 
0x00, 0x01, 0xD0, 0xFF, 0xFE, 0x32, 0xFF, 0xFF, 0xFF, 0x00, 0x00, 0x00, 0x49, 0xFF, 0xFF, 0xBB, 
0x8C, 0xFF, 0x7A, 0x7B, 0xFF, 0x88, 0x01, 0xA2, 0xFF, 0xFF, 0x9A, 0x00, 0x00, 0x00, 0x00, 0x00, 
0x00, 0x00, 0xFF, 0xFF, 0xCC, 0x5D, 0xF2, 0xB8, 0xFF, 0xFF, 0xD2, 0xEB, 0xFF, 0x6E, 0xFF, 0xFF, 
0xFE, 0x87, 0x15, 0x09, 0xFF, 0xFF, 0xFF, 0x21, 0x00, 0x00, 0xFF, 0xFF, 0xFF, 0x06, 0x00, 0x00, 
0xFF, 0xFF, 0xFF, 0x00, 0x00, 0x00, 0xFF, 0xFF, 0xFF, 0x00, 0x00, 0x00, 0xFF, 0xFF, 0xFF, 0x00, 
0x00, 0x00, 0x00, 0x00, 0x00, 0x40, 0xFF, 0xEA, 0x55, 0x00, 0x00, 0x00, 0x00, 0xC0, 0xAB, 0x15, 
0x00, 0x00, 0x00, 0x00, 0x00, 0x00, 0x00, 0x00, 0x00, 0x00, 0x01, 0x6D, 0xD0, 0xF4, 0xF3, 0xD3, 
0x74, 0x01, 0x7D, 0xFF, 0xFF, 0xFF, 0xFF, 0xFF, 0xFF, 0x7F, 0xE7, 0xFF, 0xFF, 0x31, 0x49, 0xFB, 
0xF0, 0xC8, 0xEE, 0xFF, 0xFF, 0x6D, 0x1E, 0x00, 0x00, 0x00, 0x9E, 0xFF, 0xFF, 0xFF, 0xFF, 0xCC, 
0x50, 0x00, 0x0E, 0xAB, 0xFF, 0xFF, 0xFF, 0xFF, 0xFF, 0x64, 0x00, 0x00, 0x25, 0x77, 0xD6, 0xFF, 
0xFF, 0xDC, 0xC4, 0xE5, 0xF6, 0x12, 0x17, 0xFF, 0xFF, 0xF7, 0xBB, 0xFF, 0xFF, 0x84, 0x57, 0xFF, 
0xFF, 0xCE, 0x45, 0xFF, 0xFF, 0xFF, 0xFF, 0xFF, 0xFF, 0x55, 0x00, 0x5B, 0xCD, 0xF6, 0xF6, 0xCD, 
0x58, 0x00, 0x00, 0x00, 0x00, 0x40, 0xFF, 0xEA, 0x55, 0x00, 0x00, 0x00, 0xC0, 0xAB, 0x15, 0x00, 
0x00, 0x00, 0x00, 0x00, 0x00, 0x00, 0x00, 0x1B, 0xAA, 0xEC, 0xFC, 0xEF, 0xA7, 0x17, 0xC1, 0xFF, 
0xFE, 0x2C, 0x45, 0xFF, 0xC0, 0xF7, 0xFF, 0xFB, 0x76, 0x40, 0x06, 0x00, 0xBE, 0xFF, 0xFF, 0xFF, 
0xFF, 0xEA, 0x42, 0x19, 0xA2, 0xF0, 0xFF, 0xFF, 0xFF, 0xDA, 0x00, 0x00, 0x03, 0x3C, 0xFC, 0xFF, 
0xF5, 0xC8, 0xFF, 0x4B, 0x32, 0xFF, 0xFF, 0xA7, 0x1F, 0xB5, 0xEF, 0xFC, 0xE9, 0x9C, 0x0F, 0x01, 
0x6D, 0xD0, 0xF4, 0xF3, 0xD3, 0x74, 0x01, 0x7D, 0xFF, 0xFF, 0xFF, 0xFF, 0xFF, 0xFF, 0x7F, 0xE7, 
0xFF, 0xFF, 0x31, 0x49, 0xFB, 0xF0, 0xC8, 0xEE, 0xFF, 0xFF, 0x6D, 0x1E, 0x00, 0x00, 0x00, 0x9E, 
0xFF, 0xFF, 0xFF, 0xFF, 0xCC, 0x50, 0x00, 0x0E, 0xAB, 0xFF, 0xFF, 0xFF, 0xFF, 0xFF, 0x64, 0x00, 
0x00, 0x25, 0x77, 0xD6, 0xFF, 0xFF, 0xDC, 0xC4, 0xE5, 0xF6, 0x12, 0x17, 0xFF, 0xFF, 0xF7, 0xBB, 
0xFF, 0xFF, 0x84, 0x57, 0xFF, 0xFF, 0xCE, 0x45, 0xFF, 0xFF, 0xFF, 0xFF, 0xFF, 0xFF, 0x55, 0x00, 
0x5B, 0xCD, 0xF6, 0xF6, 0xCD, 0x58, 0x00, 0x00, 0x00, 0xC0, 0xF7, 0xE7, 0x74, 0x00, 0x00, 0x00, 
0x17, 0x16, 0x39, 0xFF, 0xEC, 0x00, 0x00, 0x00, 0xDC, 0xF6, 0xFB, 0xDC, 0x60, 0x00, 0x00, 0x1B, 
0xAA, 0xEC, 0xFC, 0xEF, 0xA7, 0x17, 0xC1, 0xFF, 0xFE, 0x2C, 0x45, 0xFF, 0xC0, 0xF7, 0xFF, 0xFB, 
0x76, 0x40, 0x06, 0x00, 0xBE, 0xFF, 0xFF, 0xFF, 0xFF, 0xEA, 0x42, 0x19, 0xA2, 0xF0, 0xFF, 0xFF, 
0xFF, 0xDA, 0x00, 0x00, 0x03, 0x3C, 0xFC, 0xFF, 0xF5, 0xC8, 0xFF, 0x4B, 0x32, 0xFF, 0xFF, 0xA7, 
0x1F, 0xB5, 0xEF, 0xFC, 0xE9, 0x9C, 0x0F, 0x00, 0x00, 0xC0, 0xF7, 0xE7, 0x74, 0x00, 0x00, 0x17, 
0x16, 0x39, 0xFF, 0xEC, 0x00, 0x00, 0xDC, 0xF6, 0xFB, 0xDC, 0x60, 0x00, 0x00, 0x8C, 0xFF, 0x7A, 
0x7B, 0xFF, 0x88, 0x00, 0x00, 0x01, 0xA2, 0xFF, 0xFF, 0x9A, 0x00, 0x00, 0x00, 0x00, 0x00, 0x00, 
0x00, 0x00, 0x00, 0x00, 0x01, 0x6D, 0xD0, 0xF4, 0xF3, 0xD3, 0x74, 0x01, 0x7D, 0xFF, 0xFF, 0xFF, 
0xFF, 0xFF, 0xFF, 0x7F, 0xE7, 0xFF, 0xFF, 0x31, 0x49, 0xFB, 0xF0, 0xC8, 0xEE, 0xFF, 0xFF, 0x6D, 
0x1E, 0x00, 0x00, 0x00, 0x9E, 0xFF, 0xFF, 0xFF, 0xFF, 0xCC, 0x50, 0x00, 0x0E, 0xAB, 0xFF, 0xFF, 
0xFF, 0xFF, 0xFF, 0x64, 0x00, 0x00, 0x25, 0x77, 0xD6, 0xFF, 0xFF, 0xDC, 0xC4, 0xE5, 0xF6, 0x12, 
0x17, 0xFF, 0xFF, 0xF7, 0xBB, 0xFF, 0xFF, 0x84, 0x57, 0xFF, 0xFF, 0xCE, 0x45, 0xFF, 0xFF, 0xFF, 
0xFF, 0xFF, 0xFF, 0x55, 0x00, 0x5B, 0xCD, 0xF6, 0xF6, 0xCD, 0x58, 0x00, 0x00, 0x8C, 0xFF, 0x7A, 
0x7B, 0xFF, 0x88, 0x00, 0x01, 0xA2, 0xFF, 0xFF, 0x9A, 0x00, 0x00, 0x00, 0x00, 0x00, 0x00, 0x00, 
0x00, 0x1B, 0xAA, 0xEC, 0xFC, 0xEF, 0xA7, 0x17, 0xC1, 0xFF, 0xFE, 0x2C, 0x45, 0xFF, 0xC0, 0xF7, 
0xFF, 0xFB, 0x76, 0x40, 0x06, 0x00, 0xBE, 0xFF, 0xFF, 0xFF, 0xFF, 0xEA, 0x42, 0x19, 0xA2, 0xF0, 
0xFF, 0xFF, 0xFF, 0xDA, 0x00, 0x00, 0x03, 0x3C, 0xFC, 0xFF, 0xF5, 0xC8, 0xFF, 0x4B, 0x32, 0xFF, 
0xFF, 0xA7, 0x1F, 0xB5, 0xEF, 0xFC, 0xE9, 0x9C, 0x0F, 0xFF, 0xFF, 0xFF, 0xFF, 0xFF, 0xFF, 0xFF, 
0xFF, 0xFF, 0xFF, 0xFF, 0xFF, 0xFF, 0xFF, 0xFF, 0xFF, 0xFF, 0xFF, 0x00, 0x00, 0x00, 0xFF, 0xFF, 
0xFF, 0x00, 0x00, 0x00, 0x00, 0x00, 0x00, 0xFF, 0xFF, 0xFF, 0x00, 0x00, 0x00, 0x00, 0x00, 0x00, 
0xFF, 0xFF, 0xFF, 0x00, 0x00, 0x00, 0x00, 0x00, 0x00, 0xFF, 0xFF, 0xFF, 0x00, 0x00, 0x00, 0x00, 
0x00, 0x00, 0xFF, 0xFF, 0xFF, 0x00, 0x00, 0x00, 0x00, 0x00, 0x00, 0xFF, 0xFF, 0xFF, 0x00, 0x00, 
0x00, 0x00, 0x00, 0x00, 0xFF, 0xFF, 0xFF, 0x00, 0x00, 0x00, 0x00, 0x00, 0x00, 0xFF, 0xFF, 0xFF, 
0x00, 0x00, 0x00, 0x00, 0x00, 0x00, 0xFF, 0xFF, 0xFF, 0x00, 0x00, 0x00, 0x00, 0x00, 0x00, 0xC0, 
0xF7, 0xE7, 0x74, 0x00, 0x00, 0x00, 0x00, 0x17, 0x16, 0x39, 0xFF, 0xEC, 0x00, 0x00, 0x00, 0x00, 
0xDC, 0xF6, 0xFB, 0xDC, 0x60, 0x00, 0x00, 0x00, 0x00, 0x39, 0xBD, 0x00, 0x00, 0x00, 0xB5, 0xFF, 
0xFF, 0x00, 0x00, 0x00, 0xFF, 0xFF, 0xFF, 0x00, 0x00, 0xFF, 0xFF, 0xFF, 0xFF, 0xFF, 0xFF, 0xFF, 
0xFF, 0xFF, 0xFF, 0xFF, 0xFF, 0x00, 0xFF, 0xFF, 0xFF, 0x00, 0x00, 0x00, 0xFF, 0xFF, 0xFF, 0x00, 
0x00, 0x00, 0xFF, 0xFF, 0xFF, 0x00, 0x00, 0x00, 0xF7, 0xFF, 0xFF, 0x1B, 0x15, 0x00, 0xCE, 0xFF, 
0xFF, 0xFF, 0xD6, 0x00, 0x3A, 0xD3, 0xF9, 0xEE, 0xC8, 0x00, 0x00, 0xC0, 0xF7, 0xE7, 0x74, 0x00, 
0x17, 0x16, 0x39, 0xFF, 0xEC, 0x00, 0xDC, 0xF6, 0xFB, 0xDC, 0x60, 0x00, 0x00, 0x8C, 0xFF, 0x7A, 
0x7B, 0xFF, 0x88, 0x00, 0x00, 0x00, 0x01, 0xA2, 0xFF, 0xFF, 0x9A, 0x00, 0x00, 0x00, 0x00, 0x00, 
0x00, 0x00, 0x00, 0x00, 0x00, 0x00, 0xFF, 0xFF, 0xFF, 0xFF, 0xFF, 0xFF, 0xFF, 0xFF, 0xFF, 0xFF, 
0xFF, 0xFF, 0xFF, 0xFF, 0xFF, 0xFF, 0xFF, 0xFF, 0x00, 0x00, 0x00, 0xFF, 0xFF, 0xFF, 0x00, 0x00, 
0x00, 0x00, 0x00, 0x00, 0xFF, 0xFF, 0xFF, 0x00, 0x00, 0x00, 0x00, 0x00, 0x00, 0xFF, 0xFF, 0xFF, 
0x00, 0x00, 0x00, 0x00, 0x00, 0x00, 0xFF, 0xFF, 0xFF, 0x00, 0x00, 0x00, 0x00, 0x00, 0x00, 0xFF, 
0xFF, 0xFF, 0x00, 0x00, 0x00, 0x00, 0x00, 0x00, 0xFF, 0xFF, 0xFF, 0x00, 0x00, 0x00, 0x00, 0x00, 
0x00, 0xFF, 0xFF, 0xFF, 0x00, 0x00, 0x00, 0x00, 0x00, 0x00, 0xFF, 0xFF, 0xFF, 0x00, 0x00, 0x00, 
0x00, 0x00, 0x00, 0xFF, 0xFF, 0xFF, 0x00, 0x00, 0x00, 0x00, 0x00, 0x39, 0xBD, 0x00, 0x00, 0x00, 
0xFF, 0xFF, 0x00, 0xB5, 0xFF, 0xFF, 0x00, 0x00, 0x00, 0xFF, 0xFE, 0x00, 0xFF, 0xFF, 0xFF, 0x00, 
0x00, 0x00, 0x46, 0xDE, 0xFF, 0xFF, 0xFF, 0xFF, 0xFF, 0xFF, 0x00, 0xAD, 0x4B, 0xFF, 0xFF, 0xFF, 
0xFF, 0xFF, 0xFF, 0x00, 0x00, 0x00, 0x00, 0xFF, 0xFF, 0xFF, 0x00, 0x00, 0x00, 0x00, 0x00, 0x00, 
0xFF, 0xFF, 0xFF, 0x00, 0x00, 0x00, 0x00, 0x00, 0x00, 0xFF, 0xFF, 0xFF, 0x00, 0x00, 0x00, 0x00, 
0x00, 0x00, 0xF7, 0xFF, 0xFF, 0x1B, 0x15, 0x00, 0x00, 0x00, 0x00, 0xCE, 0xFF, 0xFF, 0xFF, 0xD6, 
0x00, 0x00, 0x00, 0x00, 0x3A, 0xD3, 0xF9, 0xEE, 0xC8, 0x00, 0x00, 0x00, 0x00, 0x00, 0x00, 0x49, 
0xE3, 0xE3, 0x47, 0x00, 0x00, 0x00, 0x00, 0x00, 0x00, 0xE4, 0x3A, 0x3B, 0xE3, 0x00, 0x00, 0x00, 
0x00, 0x00, 0x00, 0xE4, 0x38, 0x3A, 0xE3, 0x00, 0x00, 0x00, 0x00, 0x00, 0x00, 0x4B, 0xE4, 0xE4, 
0x49, 0x00, 0x00, 0x00, 0x00, 0x00, 0x00, 0x00, 0x00, 0x00, 0x00, 0x00, 0x00, 0x00, 0xFF, 0xFF, 
0xFF, 0x00, 0x00, 0x00, 0x00, 0xFF, 0xFF, 0xFF, 0xFF, 0xFF, 0xFF, 0x00, 0x00, 0x00, 0x00, 0xFF, 
0xFF, 0xFF, 0xFF, 0xFF, 0xFF, 0x00, 0x00, 0x00, 0x00, 0xFF, 0xFF, 0xFF, 0xFF, 0xFF, 0xFF, 0x00, 
0x00, 0x00, 0x00, 0xFF, 0xFF, 0xFF, 0xFF, 0xFF, 0xFF, 0x00, 0x00, 0x00, 0x00, 0xFF, 0xFF, 0xFF, 
0xFF, 0xFF, 0xFF, 0x00, 0x00, 0x00, 0x00, 0xFF, 0xFF, 0xFF, 0xFC, 0xFF, 0xFF, 0x00, 0x00, 0x00, 
0x00, 0xFF, 0xFF, 0xFC, 0xDF, 0xFF, 0xFF, 0x15, 0x00, 0x00, 0x15, 0xFF, 0xFF, 0xE1, 0x98, 0xFF, 
0xFF, 0xA4, 0x15, 0x15, 0xA1, 0xFF, 0xFF, 0x95, 0x19, 0xE4, 0xFF, 0xFF, 0xFF, 0xFF, 0xFF, 0xFF, 
0xE2, 0x17, 0x00, 0x1C, 0x9C, 0xDC, 0xF3, 0xFA, 0xE2, 0x9C, 0x1A, 0x00, 0x00, 0x00, 0x49, 0xE3, 
0xE3, 0x47, 0x00, 0x00, 0x00, 0x00, 0xE4, 0x3A, 0x3B, 0xE3, 0x00, 0x00, 0x00, 0x00, 0xE4, 0x38, 
0x3A, 0xE3, 0x00, 0x00, 0x00, 0x00, 0x4B, 0xE4, 0xE4, 0x49, 0x00, 0x00, 0x00, 0x00, 0x00, 0x00, 
0x00, 0x00, 0x00, 0x00, 0xFF, 0xFF, 0xFF, 0x00, 0x00, 0xFF, 0xFF, 0xFF, 0xFF, 0xFF, 0xFF, 0x00, 
0x00, 0xFF, 0xFF, 0xFF, 0xFF, 0xFF, 0xFF, 0x00, 0x00, 0xFF, 0xFF, 0xFF, 0xFF, 0xFF, 0xFF, 0x00, 
0x00, 0xFF, 0xFF, 0xFF, 0xFF, 0xFF, 0xFF, 0x01, 0x0B, 0xFF, 0xFF, 0xFF, 0xF0, 0xFF, 0xFF, 0x3A, 
0x5E, 0xFF, 0xFF, 0xFF, 0xB7, 0xFF, 0xFF, 0xFF, 0xFF, 0xFB, 0xFF, 0xFF, 0x24, 0xC4, 0xF7, 0xDF, 
0x69, 0xCC, 0xFF, 0xFF, 0x00, 0x00, 0x00, 0x40, 0xFF, 0x7F, 0x40, 0xFF, 0x7F, 0x00, 0x00, 0x00, 
0x00, 0xC0, 0x7F, 0x00, 0xC0, 0x7F, 0x00, 0x00, 0x00, 0x00, 0x00, 0x00, 0x00, 0x00, 0x00, 0x00, 
0x00, 0x00, 0xFF, 0xFF, 0xFF, 0x00, 0x00, 0x00, 0x00, 0xFF, 0xFF, 0xFF, 0xFF, 0xFF, 0xFF, 0x00, 
0x00, 0x00, 0x00, 0xFF, 0xFF, 0xFF, 0xFF, 0xFF, 0xFF, 0x00, 0x00, 0x00, 0x00, 0xFF, 0xFF, 0xFF, 
0xFF, 0xFF, 0xFF, 0x00, 0x00, 0x00, 0x00, 0xFF, 0xFF, 0xFF, 0xFF, 0xFF, 0xFF, 0x00, 0x00, 0x00, 
0x00, 0xFF, 0xFF, 0xFF, 0xFF, 0xFF, 0xFF, 0x00, 0x00, 0x00, 0x00, 0xFF, 0xFF, 0xFF, 0xFC, 0xFF, 
0xFF, 0x00, 0x00, 0x00, 0x00, 0xFF, 0xFF, 0xFC, 0xDF, 0xFF, 0xFF, 0x15, 0x00, 0x00, 0x15, 0xFF, 
0xFF, 0xE1, 0x98, 0xFF, 0xFF, 0xA4, 0x15, 0x15, 0xA1, 0xFF, 0xFF, 0x95, 0x19, 0xE4, 0xFF, 0xFF, 
0xFF, 0xFF, 0xFF, 0xFF, 0xE2, 0x17, 0x00, 0x1C, 0x9C, 0xDC, 0xF3, 0xFA, 0xE2, 0x9C, 0x1A, 0x00, 
0x00, 0x00, 0x40, 0xFF, 0x7F, 0x40, 0xFF, 0x7F, 0x00, 0x00, 0xC0, 0x7F, 0x00, 0xC0, 0x7F, 0x00, 
0x00, 0x00, 0x00, 0x00, 0x00, 0x00, 0x00, 0x00, 0xFF, 0xFF, 0xFF, 0x00, 0x00, 0xFF, 0xFF, 0xFF, 
0xFF, 0xFF, 0xFF, 0x00, 0x00, 0xFF, 0xFF, 0xFF, 0xFF, 0xFF, 0xFF, 0x00, 0x00, 0xFF, 0xFF, 0xFF, 
0xFF, 0xFF, 0xFF, 0x00, 0x00, 0xFF, 0xFF, 0xFF, 0xFF, 0xFF, 0xFF, 0x01, 0x0B, 0xFF, 0xFF, 0xFF, 
0xF0, 0xFF, 0xFF, 0x3A, 0x5E, 0xFF, 0xFF, 0xFF, 0xB7, 0xFF, 0xFF, 0xFF, 0xFF, 0xFB, 0xFF, 0xFF, 
0x24, 0xC4, 0xF7, 0xDF, 0x69, 0xCC, 0xFF, 0xFF, 0x00, 0x00, 0x00, 0xFF, 0xFF, 0x00, 0xFF, 0xFF, 
0x00, 0x00, 0x00, 0x00, 0x00, 0x00, 0xFF, 0xFF, 0x00, 0xFF, 0xFF, 0x00, 0x00, 0x00, 0x00, 0x00, 
0x00, 0x00, 0x00, 0x00, 0x00, 0x00, 0x00, 0x00, 0x00, 0xB0, 0xFF, 0xFF, 0x53, 0x00, 0x00, 0x00, 
0x54, 0xFF, 0xFF, 0xAF, 0x1C, 0xF3, 0xFF, 0xE4, 0x0E, 0x00, 0x0E, 0xE5, 0xFF, 0xF3, 0x1C, 0x00, 
0x70, 0xFF, 0xFF, 0x92, 0x00, 0x93, 0xFF, 0xFF, 0x6F, 0x00, 0x00, 0x03, 0xCC, 0xFF, 0xFD, 0x6A, 
0xFD, 0xFF, 0xCC, 0x03, 0x00, 0x00, 0x00, 0x33, 0xFC, 0xFF, 0xFF, 0xFF, 0xFC, 0x32, 0x00, 0x00, 
0x00, 0x00, 0x00, 0x8F, 0xFF, 0xFF, 0xFF, 0x8E, 0x00, 0x00, 0x00, 0x00, 0x00, 0x00, 0x0C, 0xFF, 
0xFF, 0xFF, 0x0C, 0x00, 0x00, 0x00, 0x00, 0x00, 0x00, 0x00, 0xFF, 0xFF, 0xFF, 0x00, 0x00, 0x00, 
0x00, 0x00, 0x00, 0x00, 0x00, 0xFF, 0xFF, 0xFF, 0x00, 0x00, 0x00, 0x00, 0x00, 0x00, 0x00, 0x00, 
0xFF, 0xFF, 0xFF, 0x00, 0x00, 0x00, 0x00, 0x00, 0x00, 0x00, 0x00, 0xFF, 0xFF, 0xFF, 0x00, 0x00, 
0x00, 0x00, 0x00, 0x00, 0x00, 0x00, 0x40, 0xFF, 0xEA, 0x55, 0x00, 0x00, 0x00, 0x00, 0xC0, 0xAB, 
0x15, 0x00, 0x00, 0x00, 0x00, 0x00, 0x00, 0x00, 0x00, 0x00, 0x00, 0xFF, 0xFF, 0xFF, 0xFF, 0xFF, 
0xFF, 0xFF, 0x00, 0xFF, 0xFF, 0xFF, 0xFF, 0xFF, 0xFF, 0xFE, 0x00, 0x00, 0x00, 0x00, 0x75, 0xFF, 
0xFF, 0x90, 0x00, 0x00, 0x00, 0x2D, 0xF8, 0xFF, 0xD6, 0x08, 0x00, 0x00, 0x06, 0xD0, 0xFF, 0xFA, 
0x33, 0x00, 0x00, 0x00, 0x89, 0xFF, 0xFF, 0x7C, 0x00, 0x00, 0x00, 0x3C, 0xFD, 0xFF, 0xC7, 0x03, 
0x00, 0x00, 0x0C, 0xDE, 0xFF, 0xF4, 0x24, 0x00, 0x00, 0x00, 0x9C, 0xFF, 0xFF, 0x68, 0x00, 0x00, 
0x00, 0x00, 0xFF, 0xFF, 0xFF, 0xFF, 0xFF, 0xFF, 0xFF, 0xFF, 0xFF, 0xFF, 0xFF, 0xFF, 0xFF, 0xFF, 
0xFF, 0xFF, 0x00, 0x00, 0x40, 0xFF, 0xEA, 0x55, 0x00, 0x00, 0xC0, 0xAB, 0x15, 0x00, 0x00, 0x00, 
0x00, 0x00, 0x00, 0x00, 0xFF, 0xFF, 0xFF, 0xFF, 0xFF, 0xFF, 0xFF, 0xFF, 0xFF, 0xFF, 0xFF, 0xF7, 
0x00, 0x00, 0x10, 0xD6, 0xFE, 0x55, 0x00, 0x05, 0xBD, 0xFF, 0x76, 0x00, 0x00, 0x9F, 0xFF, 0x9A, 
0x00, 0x00, 0x7D, 0xFF, 0xB9, 0x04, 0x00, 0x00, 0xFF, 0xFF, 0xFF, 0xFF, 0xFF, 0xFF, 0xFF, 0xFF, 
0xFF, 0xFF, 0xFF, 0xFF, 0x00, 0x00, 0x00, 0x00, 0xFF, 0xFF, 0x00, 0x00, 0x00, 0x00, 0x00, 0x00, 
0xFF, 0xFF, 0x00, 0x00, 0x00, 0x00, 0x00, 0x00, 0x00, 0x00, 0x00, 0x00, 0x00, 0xFF, 0xFF, 0xFF, 
0xFF, 0xFF, 0xFF, 0xFF, 0x00, 0xFF, 0xFF, 0xFF, 0xFF, 0xFF, 0xFF, 0xFE, 0x00, 0x00, 0x00, 0x00, 
0x75, 0xFF, 0xFF, 0x90, 0x00, 0x00, 0x00, 0x2D, 0xF8, 0xFF, 0xD6, 0x08, 0x00, 0x00, 0x06, 0xD0, 
0xFF, 0xFA, 0x33, 0x00, 0x00, 0x00, 0x89, 0xFF, 0xFF, 0x7C, 0x00, 0x00, 0x00, 0x3C, 0xFD, 0xFF, 
0xC7, 0x03, 0x00, 0x00, 0x0C, 0xDE, 0xFF, 0xF4, 0x24, 0x00, 0x00, 0x00, 0x9C, 0xFF, 0xFF, 0x68, 
0x00, 0x00, 0x00, 0x00, 0xFF, 0xFF, 0xFF, 0xFF, 0xFF, 0xFF, 0xFF, 0xFF, 0xFF, 0xFF, 0xFF, 0xFF, 
0xFF, 0xFF, 0xFF, 0xFF, 0x00, 0x00, 0xFF, 0xFF, 0x00, 0x00, 0x00, 0x00, 0xFF, 0xFF, 0x00, 0x00, 
0x00, 0x00, 0x00, 0x00, 0x00, 0x00, 0xFF, 0xFF, 0xFF, 0xFF, 0xFF, 0xFF, 0xFF, 0xFF, 0xFF, 0xFF, 
0xFF, 0xF7, 0x00, 0x00, 0x10, 0xD6, 0xFE, 0x55, 0x00, 0x05, 0xBD, 0xFF, 0x76, 0x00, 0x00, 0x9F, 
0xFF, 0x9A, 0x00, 0x00, 0x7D, 0xFF, 0xB9, 0x04, 0x00, 0x00, 0xFF, 0xFF, 0xFF, 0xFF, 0xFF, 0xFF, 
0xFF, 0xFF, 0xFF, 0xFF, 0xFF, 0xFF, 0x00, 0x00, 0x8C, 0xFF, 0x7A, 0x7B, 0xFF, 0x88, 0x00, 0x00, 
0x01, 0xA2, 0xFF, 0xFF, 0x9A, 0x00, 0x00, 0x00, 0x00, 0x00, 0x00, 0x00, 0x00, 0x00, 0x00, 0xFF, 
0xFF, 0xFF, 0xFF, 0xFF, 0xFF, 0xFF, 0x00, 0xFF, 0xFF, 0xFF, 0xFF, 0xFF, 0xFF, 0xFE, 0x00, 0x00, 
0x00, 0x00, 0x75, 0xFF, 0xFF, 0x90, 0x00, 0x00, 0x00, 0x2D, 0xF8, 0xFF, 0xD6, 0x08, 0x00, 0x00, 
0x06, 0xD0, 0xFF, 0xFA, 0x33, 0x00, 0x00, 0x00, 0x89, 0xFF, 0xFF, 0x7C, 0x00, 0x00, 0x00, 0x3C, 
0xFD, 0xFF, 0xC7, 0x03, 0x00, 0x00, 0x0C, 0xDE, 0xFF, 0xF4, 0x24, 0x00, 0x00, 0x00, 0x9C, 0xFF, 
0xFF, 0x68, 0x00, 0x00, 0x00, 0x00, 0xFF, 0xFF, 0xFF, 0xFF, 0xFF, 0xFF, 0xFF, 0xFF, 0xFF, 0xFF, 
0xFF, 0xFF, 0xFF, 0xFF, 0xFF, 0xFF, 0x8C, 0xFF, 0x7A, 0x7B, 0xFF, 0x88, 0x01, 0xA2, 0xFF, 0xFF, 
0x9A, 0x00, 0x00, 0x00, 0x00, 0x00, 0x00, 0x00, 0xFF, 0xFF, 0xFF, 0xFF, 0xFF, 0xFF, 0xFF, 0xFF, 
0xFF, 0xFF, 0xFF, 0xF7, 0x00, 0x00, 0x10, 0xD6, 0xFE, 0x55, 0x00, 0x05, 0xBD, 0xFF, 0x76, 0x00, 
0x00, 0x9F, 0xFF, 0x9A, 0x00, 0x00, 0x7D, 0xFF, 0xB9, 0x04, 0x00, 0x00, 0xFF, 0xFF, 0xFF, 0xFF, 
0xFF, 0xFF, 0xFF, 0xFF, 0xFF, 0xFF, 0xFF, 0xFF, 0x00, 0x00, 0x00, 0x00, 0x32, 0xCF, 0xF9, 0xE8, 
0xA5, 0x00, 0x00, 0x00, 0x00, 0xC7, 0xFF, 0xFF, 0xFF, 0xB5, 0x00, 0x00, 0x00, 0x16, 0xFF, 0xFF, 
0xF1, 0x17, 0x23, 0x00, 0x00, 0x00, 0x4F, 0xFF, 0xFF, 0xB8, 0x00, 0x00, 0x00, 0x00, 0xB6, 0xFF, 
0xFF, 0xFF, 0xFF, 0xE1, 0x00, 0x00, 0x00, 0xE7, 0xFF, 0xFF, 0xFF, 0xFF, 0xA5, 0x00, 0x00, 0x00, 
0x03, 0xF4, 0xFF, 0xFE, 0x10, 0x00, 0x00, 0x00, 0x00, 0x31, 0xFF, 0xFF, 0xD6, 0x00, 0x00, 0x00, 
0x00, 0x00, 0x69, 0xFF, 0xFF, 0x9D, 0x00, 0x00, 0x00, 0x00, 0x00, 0xA2, 0xFF, 0xFF, 0x65, 0x00, 
0x00, 0x00, 0x00, 0x00, 0xDA, 0xFF, 0xFF, 0x2C, 0x00, 0x00, 0x00, 0x17, 0x24, 0xFF, 0xFF, 0xF1, 
0x02, 0x00, 0x00, 0x00, 0xBC, 0xFF, 0xFF, 0xFF, 0xB0, 0x00, 0x00, 0x00, 0x00, 0xAA, 0xEA, 0xF8, 
0xC7, 0x24, 0x00, 0x00, 0x00, 0x00, 0x00, 0x9A, 0xFF, 0xFF, 0xA4, 0x01, 0x89, 0xFF, 0x7A, 0x7B, 
0xFF, 0x8C, 0x8C, 0xFF, 0x7A, 0x7B, 0xFF, 0x88, 0x01, 0xA2, 0xFF, 0xFF, 0x9A, 0x00, 0xD9, 0x52, 
0x05, 0x4F, 0xD7, 0x39, 0xCF, 0xF6, 0xCE, 0x43, 0xFF, 0xFF, 0xFF, 0xFF, 0x49, 0xE3, 0xE3, 0x47, 
0xE4, 0x3A, 0x3B, 0xE3, 0xE4, 0x38, 0x3A, 0xE3, 0x4B, 0xE4, 0xE4, 0x49, 0xBA, 0xFF, 0x12, 0x00, 
0xF3, 0xFF, 0x35, 0x10, 0x74, 0xEA, 0xF9, 0xD6, 0x86, 0xF1, 0x87, 0x26, 0xF7, 0xF7, 0x25, 0x8A, 
0xEF, 0x8F, 0x40, 0xFF, 0x7F, 0x40, 0xFF, 0x7F, 0xC0, 0x7F, 0x00, 0xC0, 0x7F, 0x00, 0x00, 0x06, 
0x76, 0xD0, 0xF5, 0xF5, 0xD2, 0x7E, 0x0A, 0x00, 0x04, 0xBC, 0xFF, 0xFF, 0xFF, 0xFF, 0xFF, 0xFF, 
0xC9, 0x08, 0x6F, 0xFF, 0xFF, 0xC6, 0x1E, 0x1E, 0xC2, 0xFF, 0xFF, 0x79, 0xCC, 0xFF, 0xFF, 0x3C, 
0x00, 0x00, 0x39, 0xFF, 0xFF, 0xCE, 0xF4, 0xFF, 0xFF, 0x0D, 0x00, 0x00, 0x0D, 0xFF, 0xFF, 0xF4, 
0xF6, 0xFF, 0xFF, 0x06, 0x00, 0x00, 0x06, 0xFF, 0xFF, 0xF5, 0xCD, 0xFF, 0xFF, 0x1D, 0x00, 0x00, 
0x1B, 0xFF, 0xFF, 0xCB, 0x75, 0xFF, 0xFF, 0x54, 0x00, 0x00, 0x4F, 0xFF, 0xFF, 0x71, 0x0B, 0xD7, 
0xFF, 0xBA, 0x00, 0x00, 0xB6, 0xFF, 0xD7, 0x0A, 0xFF, 0xFF, 0xFF, 0xFF, 0x00, 0x00, 0xFF, 0xFF, 
0xFF, 0xFF, 0xFF, 0xFF, 0xFF, 0xFF, 0x00, 0x00, 0xFF, 0xFF, 0xFF, 0xFF, 0xFF, 0xFF, 0xFF, 0xFF, 
0xFF, 0xFF, 0xFF, 0xFF, 0xFF, 0xFF, 0xFF, 0xFF, 0xFF, 0xFF, 0xFF, 0xFF, 0xFF, 0xFF, 0xFF, 0xFF, 
0xFF, 0xFF, 0x00, 0xFF, 0xFF, 0xFF, 0x00, 0x00, 0x00, 0xFF, 0xFF, 0xFF, 0x00, 0x00, 0xFF, 0xFF, 
0xFF, 0x00, 0x00, 0x00, 0xFF, 0xFF, 0xFF, 0x00, 0x00, 0xFF, 0xFF, 0xFF, 0x00, 0x00, 0x00, 0xFF, 
0xFF, 0xFF, 0x00, 0x00, 0xFF, 0xFF, 0xFF, 0x00, 0x00, 0x00, 0xFF, 0xFF, 0xFF, 0x00, 0x00, 0xFF, 
0xFF, 0xFF, 0x00, 0x00, 0x00, 0xFF, 0xFF, 0xFF, 0x00, 0x00, 0xFF, 0xFF, 0xFF, 0x00, 0x00, 0x00, 
0xFF, 0xFF, 0xFF, 0x00, 0xFF, 0xFF, 0xFF, 0xFF, 0xFF, 0xFF, 0xFF, 0xFF, 0xFF, 0xFF, 0xFF, 0xFF, 
0xFF, 0xFF, 0xFF, 0xFF, 0xFF, 0xFF, 0xFF, 0xFF, 0xFF, 0xFF, 0xFF, 0xFF, 0xFF, 0xFF, 0xFF, 0xFF, 
0xFF, 0xFF, 0xFF, 0xFF, 0xFF, 0xFF, 0xFF, 0xFF, 0xFF, 0xFF, 0xFF, 0xFF, 0xFF, 0xFF, 0xFF, 0xFF, 
0xFF, 0xFF, 0x00, 0x66, 0xA3, 0x6E, 0xFF, 0xB6, 0xDC, 0xFF, 0x20, 0xFB, 0xFF, 0xFF, 0xFF, 0xFF, 
0xFF, 0xFF, 0xFF, 0xFF, 0xFF, 0xFF, 0xFF, 0xFF, 0xFF, 0xFF, 0xFF, 0xFF, 0xFB, 0x20, 0xFF, 0xDB, 
0xB5, 0xFF, 0x6F, 0xA4, 0x69, 0x00, 0xFF, 0xFF, 0xFF, 0xFF, 0xFF, 0xFF, 0xFF, 0xFF, 0xFB, 0x20, 
0xFF, 0xDB, 0xB5, 0xFF, 0x6D, 0xA4, 0x66, 0x00, 0x00, 0x66, 0xA3, 0x00, 0x00, 0x66, 0xA3, 0x6E, 
0xFF, 0xB6, 0x00, 0x6E, 0xFF, 0xB6, 0xDC, 0xFF, 0x20, 0x00, 0xDC, 0xFF, 0x20, 0xFB, 0xFF, 0xFF, 
0x00, 0xFB, 0xFF, 0xFF, 0xFF, 0xFF, 0xFF, 0x00, 0xFF, 0xFF, 0xFF, 0xFF, 0xFF, 0xFF, 0x00, 0xFF, 
0xFF, 0xFF, 0xFF, 0xFF, 0xFF, 0x00, 0xFF, 0xFF, 0xFF, 0xFF, 0xFF, 0xFF, 0x00, 0xFF, 0xFF, 0xFF, 
0xFF, 0xFF, 0xFB, 0x00, 0xFF, 0xFF, 0xFB, 0x20, 0xFF, 0xDB, 0x00, 0x20, 0xFF, 0xDB, 0xB5, 0xFF, 
0x6F, 0x00, 0xB5, 0xFF, 0x6F, 0xA4, 0x69, 0x00, 0x00, 0xA4, 0x69, 0x00, 0xFF, 0xFF, 0xFF, 0x00, 
0xFF, 0xFF, 0xFF, 0xFF, 0xFF, 0xFF, 0x00, 0xFF, 0xFF, 0xFF, 0xFF, 0xFF, 0xFB, 0x00, 0xFF, 0xFF, 
0xFB, 0x20, 0xFF, 0xDB, 0x00, 0x20, 0xFF, 0xDB, 0xB5, 0xFF, 0x6D, 0x00, 0xB5, 0xFF, 0x6D, 0xA4, 
0x66, 0x00, 0x00, 0xA4, 0x66, 0x00, 0x00, 0x00, 0x00, 0xFF, 0xFF, 0x00, 0x00, 0x00, 0x00, 0x00, 
0x00, 0xFF, 0xFF, 0x00, 0x00, 0x00, 0x00, 0x00, 0x00, 0xFF, 0xFF, 0x00, 0x00, 0x00, 0xFF, 0xFF, 
0xFF, 0xFF, 0xFF, 0xFF, 0xFF, 0xFF, 0xFF, 0xFF, 0xFF, 0xFF, 0xFF, 0xFF, 0xFF, 0xFF, 0x00, 0x00, 
0x00, 0xFF, 0xFF, 0x00, 0x00, 0x00, 0x00, 0x00, 0x00, 0xFF, 0xFF, 0x00, 0x00, 0x00, 0x00, 0x00, 
0x00, 0xFF, 0xFF, 0x00, 0x00, 0x00, 0x00, 0x00, 0x00, 0xFF, 0xFF, 0x00, 0x00, 0x00, 0x00, 0x00, 
0x00, 0xFF, 0xFF, 0x00, 0x00, 0x00, 0x00, 0x00, 0x00, 0xFF, 0xFF, 0x00, 0x00, 0x00, 0x00, 0x00, 
0x00, 0xFF, 0xFF, 0x00, 0x00, 0x00, 0x00, 0x00, 0x00, 0xFF, 0xFF, 0x00, 0x00, 0x00, 0x00, 0x00, 
0x00, 0xFF, 0xFF, 0x00, 0x00, 0x00, 0x00, 0x00, 0x00, 0xFF, 0xFF, 0x00, 0x00, 0x00, 0x00, 0x00, 
0x00, 0xFF, 0xFF, 0x00, 0x00, 0x00, 0xFF, 0xFF, 0xFF, 0xFF, 0xFF, 0xFF, 0xFF, 0xFF, 0xFF, 0xFF, 
0xFF, 0xFF, 0xFF, 0xFF, 0xFF, 0xFF, 0x00, 0x00, 0x00, 0xFF, 0xFF, 0x00, 0x00, 0x00, 0x00, 0x00, 
0x00, 0xFF, 0xFF, 0x00, 0x00, 0x00, 0x00, 0x00, 0x00, 0xFF, 0xFF, 0x00, 0x00, 0x00, 0x00, 0x00, 
0x00, 0xFF, 0xFF, 0x00, 0x00, 0x00, 0x00, 0x00, 0x00, 0xFF, 0xFF, 0x00, 0x00, 0x00, 0x00, 0x00, 
0x00, 0xFF, 0xFF, 0x00, 0x00, 0x00, 0xFF, 0xFF, 0xFF, 0xFF, 0xFF, 0xFF, 0xFF, 0xFF, 0xFF, 0xFF, 
0xFF, 0xFF, 0xFF, 0xFF, 0xFF, 0xFF, 0x00, 0x00, 0x00, 0xFF, 0xFF, 0x00, 0x00, 0x00, 0x00, 0x00, 
0x00, 0xFF, 0xFF, 0x00, 0x00, 0x00, 0x1F, 0xBD, 0xF3, 0xBC, 0x1E, 0xBE, 0xFF, 0xFF, 0xFF, 0xBC, 
0xF4, 0xFF, 0xFF, 0xFF, 0xF3, 0xBE, 0xFF, 0xFF, 0xFF, 0xBC, 0x20, 0xBD, 0xF4, 0xBD, 0x1E, 0xFF, 
0xFF, 0xFF, 0x00, 0x00, 0xFF, 0xFF, 0xFF, 0x00, 0x00, 0xFF, 0xFF, 0xFF, 0xFF, 0xFF, 0xFF, 0x00, 
0x00, 0xFF, 0xFF, 0xFF, 0x00, 0x00, 0xFF, 0xFF, 0xFF, 0xFF, 0xFF, 0xFF, 0x00, 0x00, 0xFF, 0xFF, 
0xFF, 0x00, 0x00, 0xFF, 0xFF, 0xFF, 0x22, 0xC2, 0xF4, 0xC2, 0x22, 0x00, 0x00, 0x3A, 0xC5, 0x00, 
0x00, 0x00, 0x00, 0x00, 0x00, 0xB7, 0xFF, 0x4C, 0xFF, 0xB7, 0x00, 0x00, 0xAF, 0x51, 0x00, 0x00, 
0x00, 0x00, 0x00, 0x00, 0xF0, 0xFF, 0x08, 0xFF, 0xF0, 0x00, 0x25, 0xD8, 0x02, 0x00, 0x00, 0x00, 
0x00, 0x00, 0x00, 0xF0, 0xFF, 0x08, 0xFF, 0xED, 0x00, 0x98, 0x68, 0x00, 0x00, 0x00, 0x00, 0x00, 
0x00, 0x00, 0xB7, 0xFF, 0x4A, 0xFF, 0xB5, 0x14, 0xE1, 0x09, 0x00, 0x00, 0x00, 0x00, 0x00, 0x00, 
0x00, 0x24, 0xC4, 0xF5, 0xC4, 0x24, 0x80, 0xA2, 0xC2, 0xF4, 0xC0, 0x43, 0xC2, 0xF4, 0xC0, 0x21, 
0x00, 0x00, 0x00, 0x00, 0x09, 0xE1, 0xCB, 0xFF, 0x4C, 0xFF, 0xFF, 0xFF, 0x4C, 0xFF, 0xB6, 0x00, 
0x00, 0x00, 0x00, 0x69, 0x97, 0xF0, 0xFF, 0x08, 0xFF, 0xFF, 0xFF, 0x08, 0xFF, 0xF0, 0x00, 0x00, 
0x00, 0x02, 0xD8, 0x25, 0xF0, 0xFF, 0x08, 0xFF, 0xFF, 0xFF, 0x08, 0xFF, 0xED, 0x00, 0x00, 0x00, 
0x52, 0xAE, 0x00, 0xB7, 0xFF, 0x4A, 0xFF, 0xFF, 0xFF, 0x4A, 0xFF, 0xB5, 0x00, 0x00, 0x00, 0xC6, 
0x3A, 0x00, 0x24, 0xC4, 0xF5, 0xC4, 0x49, 0xC4, 0xF5, 0xC4, 0x24, 0x00, 0x49, 0xFF, 0xB6, 0x04, 
0xD6, 0xFB, 0x29, 0x6E, 0xFF, 0x92, 0x00, 0xDB, 0xFF, 0x24, 0x00, 0x6E, 0xFF, 0x92, 0x00, 0x04, 
0xD7, 0xFB, 0x28, 0x00, 0x49, 0xFF, 0xB6, 0xB6, 0xFF, 0x48, 0x00, 0x29, 0xFB, 0xD6, 0x04, 0x00, 
0x92, 0xFF, 0x6C, 0x00, 0x24, 0xFF, 0xDA, 0x00, 0x92, 0xFF, 0x6C, 0x29, 0xFB, 0xD6, 0x04, 0xB6, 
0xFF, 0x48, 0x00, 0x00, 0x00, 0x00, 0x00, 0x00, 0x00, 0x51, 0xAE, 0x00, 0x00, 0x00, 0x00, 0x00, 
0x0E, 0xD6, 0x1A, 0x00, 0x00, 0x00, 0x00, 0x00, 0x97, 0x68, 0x00, 0x00, 0x00, 0x00, 0x00, 0x3B, 
0xC2, 0x01, 0x00, 0x00, 0x00, 0x00, 0x06, 0xCF, 0x29, 0x00, 0x00, 0x00, 0x00, 0x00, 0x80, 0x7F, 
0x00, 0x00, 0x00, 0x00, 0x00, 0x29, 0xCF, 0x06, 0x00, 0x00, 0x00, 0x00, 0x01, 0xC2, 0x3B, 0x00, 
0x00, 0x00, 0x00, 0x00, 0x69, 0x96, 0x00, 0x00, 0x00, 0x00, 0x00, 0x1A, 0xD6, 0x0E, 0x00, 0x00, 
0x00, 0x00, 0x00, 0xAF, 0x51, 0x00, 0x00, 0x00, 0x00, 0x00, 0x00, 0x00, 0x00, 0x00, 0x00, 0x4D, 
0xBD, 0xE6, 0xF1, 0xBE, 0x45, 0x00, 0x00, 0x00, 0x87, 0xFF, 0xFF, 0xFF, 0xFF, 0xFF, 0xD4, 0x00, 
0x00, 0x3F, 0xFF, 0xFF, 0xEA, 0x35, 0x13, 0x6C, 0x74, 0x00, 0x00, 0xA4, 0xFF, 0xFF, 0x71, 0x00, 
0x00, 0x00, 0x00, 0x1F, 0xFF, 0xFF, 0xFF, 0xFF, 0xFF, 0xFF, 0xFF, 0x1F, 0x00, 0x00, 0x00, 0xFE, 
0xFF, 0xFF, 0x00, 0x00, 0x00, 0x00, 0x00, 0x1F, 0xFF, 0xFF, 0xFF, 0xFF, 0xFF, 0xFF, 0xFF, 0x1F, 
0x00, 0x00, 0x00, 0xA9, 0xFF, 0xFF, 0x58, 0x00, 0x00, 0x00, 0x00, 0x00, 0x00, 0x42, 0xFF, 0xFF, 
0xD8, 0x25, 0x12, 0x44, 0xBC, 0x00, 0x00, 0x00, 0x8B, 0xFF, 0xFF, 0xFF, 0xFF, 0xFF, 0xFF, 0x00, 
0x00, 0x00, 0x00, 0x5F, 0xC4, 0xF1, 0xF5, 0xCA, 0x4F, 0xFF, 0xFF, 0xFF, 0xFF, 0xFF, 0xFF, 0x00, 
0xFF, 0xF7, 0x1A, 0x00, 0x15, 0xF2, 0xFF, 0x00, 0x00, 0xFF, 0xFF, 0x00, 0x00, 0x00, 0xFF, 0xFF, 
0x93, 0x00, 0x8D, 0xFF, 0xFF, 0x00, 0x00, 0xFF, 0xFF, 0x00, 0x00, 0x00, 0xFF, 0xFF, 0xD1, 0x3C, 
0xCE, 0xFF, 0xFF, 0x00, 0x00, 0xFF, 0xFF, 0x00, 0x00, 0x00, 0xFF, 0xFF, 0xA0, 0xF5, 0x9D, 0xFF, 
0xFF, 0x00, 0x00, 0xFF, 0xFF, 0x00, 0x00, 0x00, 0xFF, 0xFF, 0x68, 0xFF, 0x64, 0xFF, 0xFF, 0x00, 
0x00, 0xFF, 0xFF, 0x00, 0x00, 0x00, 0xFF, 0xFF, 0x30, 0xFF, 0x2C, 0xFF, 0xFF, 0x00, 0x00, 0x4B, 
0xED, 0x6E, 0x00, 0x00, 0x75, 0x0F, 0x66, 0x00, 0x00, 0x00, 0x00, 0x0C, 0x00, 0x0C, 0x9D, 0x1E, 
0x28, 0x00, 0xB3, 0x9E, 0x00, 0x18, 0x4E, 0xFF, 0x5A, 0x00, 0x18, 0xB3, 0xFF, 0x2D, 0x00, 0x1A, 
0xEC, 0xFF, 0x0E, 0x00, 0x27, 0xF7, 0xFF, 0x03, 0x1A, 0x1A, 0xD0, 0xFF, 0x2C, 0x59, 0x00, 0x4F, 
0xEE, 0xC6, 0x18, 0x00, 0x00, 0x00, 0x00, 0x00, 0x73, 0x00, 0x00, 0x00, 0x00, 0x00, 0x00, 0x00, 
0x2D, 0xFE, 0x2D, 0x00, 0x00, 0x00, 0x00, 0x00, 0x00, 0xA0, 0xB9, 0x9F, 0x00, 0x00, 0x00, 0x00, 
0x00, 0x19, 0xDF, 0x0C, 0xE0, 0x19, 0x00, 0x00, 0x00, 0x00, 0x87, 0x78, 0x00, 0x7A, 0x85, 0x00, 
0x00, 0x00, 0x0B, 0xE2, 0x10, 0x00, 0x12, 0xE2, 0x0B, 0x00, 0x00, 0x6D, 0x90, 0x00, 0x00, 0x00, 
0x94, 0x6C, 0x00, 0x02, 0xD9, 0x20, 0x00, 0x00, 0x00, 0x23, 0xDA, 0x02, 0x53, 0xA9, 0x00, 0x00, 
0x00, 0x00, 0x00, 0xAE, 0x52, 0xC6, 0xFF, 0xFF, 0xFF, 0xFF, 0xFF, 0xFF, 0xFF, 0xC6, 0xFF, 0xFF, 
0xFF, 0xFF, 0xFF, 0xFF, 0xFF, 0xFF, 0xFF, 0xFF, 0xFF, 0x23, 0xFF, 0x00, 0x00, 0x00, 0x00, 0x00, 
0x00, 0x00, 0xFF, 0x23, 0x00, 0xFF, 0x00, 0x00, 0x00, 0x00, 0x00, 0x00, 0x00, 0xFF, 0x00, 0x00, 
0xFF, 0x00, 0x00, 0x00, 0x00, 0x00, 0x00, 0x00, 0xFF, 0x00, 0x00, 0xFF, 0x00, 0x00, 0x00, 0x00, 
0x00, 0x00, 0x00, 0xFF, 0x00, 0x00, 0xFF, 0x00, 0x00, 0x00, 0x00, 0x00, 0x00, 0x00, 0xFF, 0x00, 
0x00, 0xFF, 0x00, 0x00, 0x00, 0x00, 0x00, 0x00, 0x00, 0xFF, 0x00, 0x00, 0xFF, 0x00, 0x00, 0x00, 
0x00, 0x00, 0x00, 0x00, 0xFF, 0x00, 0x00, 0xFF, 0x00, 0x00, 0x00, 0x00, 0x00, 0x00, 0x00, 0xFF, 
0x00, 0x00, 0xFF, 0x00, 0x00, 0x00, 0x00, 0x00, 0x00, 0x00, 0xFF, 0x00, 0x00, 0xFF, 0x00, 0x00, 
0x00, 0x00, 0x00, 0x00, 0x00, 0xFF, 0x00, 0x00, 0xFF, 0x00, 0x00, 0x00, 0x00, 0x00, 0x00, 0x00, 
0xFF, 0x00, 0x23, 0xFF, 0x2A, 0x00, 0x00, 0x00, 0x00, 0x00, 0x24, 0xFF, 0x23, 0xFF, 0xFF, 0xFF, 
0x00, 0x00, 0x00, 0x00, 0x00, 0xFF, 0xFF, 0xFF, 0xE6, 0xFF, 0xFF, 0xFF, 0xFF, 0xFF, 0xFF, 0xFF, 
0xFF, 0xFF, 0x48, 0xB7, 0x01, 0x00, 0x00, 0x00, 0x00, 0x02, 0x32, 0xE0, 0x00, 0x93, 0x6D, 0x00, 
0x00, 0x00, 0x00, 0x00, 0x00, 0x6C, 0x00, 0x09, 0xCC, 0x2A, 0x00, 0x00, 0x00, 0x00, 0x00, 0x00, 
0x00, 0x00, 0x31, 0xC8, 0x06, 0x00, 0x00, 0x00, 0x00, 0x00, 0x00, 0x00, 0x00, 0x78, 0x88, 0x00, 
0x00, 0x00, 0x00, 0x00, 0x00, 0x00, 0x00, 0x02, 0xBE, 0x3E, 0x00, 0x00, 0x00, 0x00, 0x00, 0x00, 
0x00, 0x00, 0x6A, 0x94, 0x00, 0x00, 0x00, 0x00, 0x00, 0x00, 0x00, 0x24, 0xCD, 0x0D, 0x00, 0x00, 
0x00, 0x00, 0x00, 0x00, 0x06, 0xC6, 0x31, 0x00, 0x00, 0x00, 0x00, 0x00, 0x00, 0x00, 0x91, 0x6D, 
0x00, 0x00, 0x00, 0x00, 0x00, 0x00, 0x00, 0x4E, 0xAE, 0x00, 0x00, 0x00, 0x00, 0x00, 0x00, 0x70, 
0x1D, 0xCE, 0x11, 0x00, 0x00, 0x00, 0x00, 0x07, 0x44, 0xE7, 0xC4, 0xFF, 0xFF, 0xFF, 0xFF, 0xFF, 
0xFF, 0xFF, 0xFF, 0xFF, 0x00, 0x00, 0x00, 0x00, 0x00, 0x00, 0x16, 0xE8, 0x00, 0x00, 0x00, 0x00, 
0x00, 0x00, 0x45, 0xBB, 0x00, 0x00, 0x00, 0x00, 0x00, 0x00, 0x73, 0x8D, 0x00, 0x00, 0x00, 0x00, 
0x00, 0x00, 0xA1, 0x5F, 0x00, 0x00, 0x00, 0x00, 0x00, 0x00, 0xCF, 0x32, 0x00, 0x00, 0x00, 0x00, 
0x00, 0x04, 0xF4, 0x08, 0x0D, 0x7C, 0xAE, 0x00, 0x00, 0x2B, 0xD6, 0x00, 0xB5, 0x7F, 0xBB, 0x3E, 
0x00, 0x59, 0xA8, 0x00, 0x00, 0x00, 0x38, 0xBD, 0x00, 0x87, 0x7B, 0x00, 0x00, 0x00, 0x00, 0xB9, 
0x3C, 0xB5, 0x4D, 0x00, 0x00, 0x00, 0x00, 0x3B, 0xBB, 0xE3, 0x1F, 0x00, 0x00, 0x00, 0x00, 0x00, 
0xBC, 0xF1, 0x00, 0x00, 0x00, 0x00, 0x00, 0x00, 0x3E, 0xC3, 0x00, 0x00, 0x00, 0x00, 0x00, 0x00, 
0x00, 0x56, 0x00, 0x00, 0x59, 0xEB, 0xDE, 0x58, 0x3F, 0xD1, 0xF6, 0xD4, 0x40, 0xE9, 0x32, 0x3D, 
0xE8, 0xF1, 0x7B, 0x12, 0x42, 0xE2, 0xE9, 0x32, 0x38, 0xE9, 0xFD, 0x76, 0x0B, 0x42, 0xE2, 0x59, 
0xEB, 0xDE, 0x6F, 0x4B, 0xC9, 0xF4, 0xD6, 0x42, 0x00, 0x5B, 0xC7, 0x00, 0x9C, 0xC7, 0x00, 0x9B, 
0x00, 0x00, 0xB8, 0x00, 0x00, 0xCF, 0x00, 0x00, 0xE3, 0x00, 0x00, 0xF4, 0x00, 0x00, 0xFC, 0x00, 
0x00, 0xFB, 0x00, 0x00, 0xF1, 0x00, 0x00, 0xE3, 0x00, 0x00, 0xD2, 0x00, 0x00, 0xBA, 0x00, 0x00, 
0x96, 0x00, 0xC6, 0x93, 0x00, 0xCC, 0x57, 0x00, 0x5A, 0xCF, 0xF4, 0xC5, 0x5F, 0x0F, 0x27, 0xA9, 
0xFF, 0xFF, 0xFF, 0xFF, 0xFF, 0xFF, 0xFF, 0xFF, 0xAB, 0x2B, 0x0F, 0x5D, 0xC2, 0xF5, 0xD5, 0x58, 
0x5A, 0xCF, 0xF4, 0xC6, 0x63, 0x10, 0x27, 0xA9, 0xFF, 0xFF, 0xFF, 0xFF, 0xFF, 0xFF, 0xFF, 0xFF, 
0xAB, 0x2B, 0x0F, 0x5D, 0xC2, 0xF5, 0xD2, 0x56, 0x00, 0x00, 0x00, 0x00, 0x38, 0xFF, 0xDB, 0x00, 
0x00, 0x00, 0x00, 0x00, 0x7F, 0xFF, 0x94, 0x00, 0x00, 0x00, 0x00, 0x00, 0xC6, 0xFF, 0x4D, 0x00, 
0x00, 0x00, 0x00, 0x10, 0xFC, 0xFA, 0x0C, 0x00, 0xFF, 0xFF, 0xFF, 0xFF, 0xFF, 0xFF, 0xFF, 0xFF, 
0xFF, 0xFF, 0xFF, 0xFF, 0xFF, 0xFF, 0xFF, 0xFF, 0x00, 0x00, 0x18, 0xFC, 0xF4, 0x0B, 0x00, 0x00, 
0xFF, 0xFF, 0xFF, 0xFF, 0xFF, 0xFF, 0xFF, 0xFF, 0xFF, 0xFF, 0xFF, 0xFF, 0xFF, 0xFF, 0xFF, 0xFF, 
0x00, 0x1D, 0xFF, 0xF2, 0x04, 0x00, 0x00, 0x00, 0x00, 0x5E, 0xFF, 0xB5, 0x00, 0x00, 0x00, 0x00, 
0x00, 0x9F, 0xFF, 0x74, 0x00, 0x00, 0x00, 0x00, 0x00, 0xE0, 0xFF, 0x34, 0x00, 0x00, 0x00, 0x00, 
0x00, 0x00, 0x00, 0x00, 0x00, 0x00, 0x43, 0xC0, 0x00, 0x00, 0x00, 0x00, 0x49, 0xC7, 0xFF, 0xFF, 
0x00, 0x01, 0x4F, 0xCC, 0xFF, 0xFF, 0xD5, 0x5B, 0x56, 0xD1, 0xFF, 0xFF, 0xD0, 0x55, 0x02, 0x00, 
0xFF, 0xFF, 0xFF, 0x9C, 0x02, 0x00, 0x00, 0x00, 0x57, 0xD2, 0xFF, 0xFF, 0xD0, 0x54, 0x01, 0x00, 
0x00, 0x01, 0x51, 0xCD, 0xFF, 0xFF, 0xD5, 0x5A, 0x00, 0x00, 0x00, 0x00, 0x4B, 0xC7, 0xFF, 0xFF, 
0x00, 0x00, 0x00, 0x00, 0x00, 0x00, 0x45, 0xC2, 0x00, 0x00, 0x00, 0x00, 0x00, 0x00, 0x00, 0x00, 
0xFF, 0xFF, 0xFF, 0xFF, 0xFF, 0xFF, 0xFF, 0xFF, 0xFF, 0xFF, 0xFF, 0xFF, 0xFF, 0xFF, 0xFF, 0xFF, 
0xC0, 0x43, 0x00, 0x00, 0x00, 0x00, 0x00, 0x00, 0xFF, 0xFF, 0xC6, 0x49, 0x00, 0x00, 0x00, 0x00, 
0x5A, 0xD6, 0xFF, 0xFF, 0xCC, 0x4F, 0x01, 0x00, 0x00, 0x02, 0x55, 0xD1, 0xFF, 0xFF, 0xD1, 0x55, 
0x00, 0x00, 0x00, 0x02, 0x9C, 0xFF, 0xFF, 0xFF, 0x00, 0x01, 0x54, 0xD0, 0xFF, 0xFF, 0xD2, 0x57, 
0x5A, 0xD5, 0xFF, 0xFF, 0xCD, 0x51, 0x01, 0x00, 0xFF, 0xFF, 0xC7, 0x4B, 0x00, 0x00, 0x00, 0x00, 
0xC1, 0x45, 0x00, 0x00, 0x00, 0x00, 0x00, 0x00, 0x00, 0x00, 0x00, 0x00, 0x00, 0x00, 0x00, 0x00, 
0xFF, 0xFF, 0xFF, 0xFF, 0xFF, 0xFF, 0xFF, 0xFF, 0xFF, 0xFF, 0xFF, 0xFF, 0xFF, 0xFF, 0xFF, 0xFF, 
0x00, 0x00, 0x3F, 0xFC, 0x38, 0x00, 0x00, 0x00, 0x05, 0xCF, 0x59, 0xCC, 0x03, 0x00, 0x00, 0x77, 
0x88, 0x00, 0x8E, 0x72, 0x00, 0x1E, 0xD6, 0x0A, 0x00, 0x0C, 0xD6, 0x1C, 0xB0, 0x50, 0x00, 0x00, 
0x00, 0x52, 0xAE, 0xB4, 0x4B, 0x00, 0x00, 0x00, 0x4C, 0xB3, 0x20, 0xD4, 0x09, 0x00, 0x0B, 0xD5, 
0x1F, 0x00, 0x79, 0x86, 0x00, 0x8B, 0x74, 0x00, 0x00, 0x05, 0xD0, 0x58, 0xCD, 0x04, 0x00, 0x00, 
0x00, 0x3F, 0xFC, 0x39, 0x00, 0x00, 0x00, 0x47, 0xDC, 0xF9, 0xE2, 0x00, 0xFF, 0xFF, 0xFF, 0x00, 
0xD6, 0xFF, 0xFF, 0xFF, 0x00, 0xFF, 0xFF, 0xFF, 0x00, 0xFB, 0xFF, 0xFF, 0x19, 0x00, 0x00, 0x00, 
0x00, 0xFF, 0xFF, 0xFF, 0xFF, 0xFF, 0x00, 0xFF, 0xFF, 0xFF, 0xFF, 0xFF, 0xFF, 0xFF, 0xFF, 0x00, 
0xFF, 0xFF, 0xFF, 0x00, 0xFF, 0xFF, 0xFF, 0x00, 0x00, 0xFF, 0xFF, 0xFF, 0x00, 0xFF, 0xFF, 0xFF, 
0x00, 0x00, 0xFF, 0xFF, 0xFF, 0x00, 0xFF, 0xFF, 0xFF, 0x00, 0x00, 0xFF, 0xFF, 0xFF, 0x00, 0xFF, 
0xFF, 0xFF, 0x00, 0x00, 0xFF, 0xFF, 0xFF, 0x00, 0xFF, 0xFF, 0xFF, 0x00, 0x00, 0xFF, 0xFF, 0xFF, 
0x00, 0xFF, 0xFF, 0xFF, 0x00, 0x00, 0xFF, 0xFF, 0xFF, 0x00, 0x47, 0xDC, 0xF9, 0xE2, 0x00, 0xFF, 
0xFF, 0xFF, 0x00, 0xD6, 0xFF, 0xFF, 0xFF, 0x00, 0xFF, 0xFF, 0xFF, 0x00, 0xFB, 0xFF, 0xFF, 0x19, 
0x00, 0xFF, 0xFF, 0xFF, 0xFF, 0xFF, 0xFF, 0xFF, 0xFF, 0x00, 0xFF, 0xFF, 0xFF, 0xFF, 0xFF, 0xFF, 
0xFF, 0xFF, 0x00, 0xFF, 0xFF, 0xFF, 0x00, 0xFF, 0xFF, 0xFF, 0x00, 0x00, 0xFF, 0xFF, 0xFF, 0x00, 
0xFF, 0xFF, 0xFF, 0x00, 0x00, 0xFF, 0xFF, 0xFF, 0x00, 0xFF, 0xFF, 0xFF, 0x00, 0x00, 0xFF, 0xFF, 
0xFF, 0x00, 0xFF, 0xFF, 0xFF, 0x00, 0x00, 0xFF, 0xFF, 0xFF, 0x00, 0xFF, 0xFF, 0xFF, 0x00, 0x00, 
0xFF, 0xFF, 0xFF, 0x00, 0xFF, 0xFF, 0xFF, 0x00, 0x00, 0xFF, 0xFF, 0xFF, 0x00, 0x0B, 0x41, 0x72, 
0x69, 0x61, 0x6C, 0x20, 0x42, 0x6C, 0x61, 0x63, 0x6B, 0x00, 0x0B, 0x41, 0x72, 0x69, 0x61, 0x6C, 
0x2D, 0x42, 0x6C, 0x61, 0x63, 0x6B, 0x01};