#ifndef HYDRATION_CONSUMPTION_H
#define HYDRATION_CONSUMPTION_H



#define IMAGE_WIDTH  240
#define IMAGE_HEIGHT 240

const uint16_t hydration_consumption_data[IMAGE_WIDTH * IMAGE_HEIGHT] PROGMEM = {


  0x0000, 0x0000, 0x0000, 0x0000, 0x0000, 0x0000, 0x0000, 0x0000, 0x0000, 0x0000, 0x0000, 0x0000,
  0x0000, 0x0000, 0x0000, 0x0000, 0x0000, 0x0000, 0x0000, 0x0000, 0x0000, 0x0000, 0x0000, 0x0000,
  0x0000, 0x0000, 0x0000, 0x0000, 0x0000, 0x0000, 0x0000, 0x0000, 0x0000, 0x0000, 0x0000, 0x0000,
  0x0000, 0x0000, 0x0000, 0x0000, 0x0000, 0x0000, 0x0000, 0x0000, 0x0000, 0x0000, 0x0000, 0x0000,
  0x0000, 0x0000, 0x0000, 0x0000, 0x0000, 0x0000, 0x0000, 0x0000, 0x0000, 0x0000, 0x0000, 0x0000,
  0x0000, 0x0000, 0x0000, 0x0000, 0x0000, 0x0000, 0x0000, 0x0000, 0x0000, 0x0000, 0x0000, 0x0000,
  0x0000, 0x0000, 0x0000, 0x0000, 0x0000, 0x0000, 0x0000, 0x0000, 0x0000, 0x0000, 0x0000, 0x0000,
  0x0000, 0x0000, 0x0000, 0x0000, 0x0000, 0x0000, 0x0000, 0x0000, 0x0000, 0x0000, 0x0000, 0x0000,
  0x0000, 0x0000, 0x0000, 0x0000, 0x0000, 0x0000, 0x0000, 0x0000, 0x0000, 0x0000, 0x0000, 0x0000,
  0x0000, 0x0000, 0x0000, 0x0000, 0x0000, 0x0000, 0x0000, 0x0000, 0x0000, 0x0000, 0x0000, 0x0000,
  0x0000, 0x0000, 0x0000, 0x0000, 0x0000, 0x0000, 0x0000, 0x0000, 0x0000, 0x0000, 0x0000, 0x0000,
  0x0000, 0x0000, 0x0000, 0x0000, 0x0000, 0x0000, 0x0000, 0x0000, 0x0000, 0x0000, 0x0000, 0x0000,
  0x0000, 0x0000, 0x0000, 0x0000, 0x0000, 0x0000, 0x0000, 0x0000, 0x0000, 0x0000, 0x0000, 0x0000,
  0x0000, 0x0000, 0x0000, 0x0000, 0x0000, 0x0000, 0x0000, 0x0000, 0x0000, 0x0000, 0x0000, 0x0000,
  0x0000, 0x0000, 0x0000, 0x0000, 0x0000, 0x0000, 0x0000, 0x0000, 0x0000, 0x0000, 0x0000, 0x0000,
  0x0000, 0x0000, 0x0000, 0x0000, 0x0000, 0x0000, 0x0000, 0x0000, 0x0000, 0x0000, 0x0000, 0x0000,
  0x0000, 0x0000, 0x0000, 0x0000, 0x0000, 0x0000, 0x0000, 0x0000, 0x0000, 0x0000, 0x0000, 0x0000,
  0x0000, 0x0000, 0x0000, 0x0000, 0x0000, 0x0000, 0x0000, 0x0000, 0x0000, 0x0000, 0x0000, 0x0000,
  0x0000, 0x0000, 0x0000, 0x0000, 0x0000, 0x0000, 0x0000, 0x0000, 0x0000, 0x0000, 0x0000, 0x0000,
  0x0000, 0x0000, 0x0000, 0x0000, 0x0000, 0x0000, 0x0000, 0x0000, 0x0000, 0x0000, 0x0000, 0x0000,
  0x0000, 0x0000, 0x0000, 0x0000, 0x0000, 0x0000, 0x0000, 0x0000, 0x0000, 0x0000, 0x0000, 0x0000,
  0x0000, 0x0000, 0x0000, 0x0000, 0x0000, 0x0000, 0x0000, 0x0000, 0x0000, 0x0000, 0x0000, 0x0000,
  0x0000, 0x0000, 0x0000, 0x0000, 0x0000, 0x0000, 0x0000, 0x0000, 0x0000, 0x0000, 0x0000, 0x0000,
  0x0000, 0x0000, 0x0000, 0x0000, 0x0000, 0x0000, 0x0000, 0x0000, 0x0000, 0x0000, 0x0000, 0x0000,
  0x0000, 0x0000, 0x0000, 0x0000, 0x0000, 0x0000, 0x0000, 0x0000, 0x0000, 0x0000, 0x0000, 0x0000,
  0x0000, 0x0000, 0x0000, 0x0000, 0x0000, 0x0000, 0x0000, 0x0000, 0x0000, 0x0000, 0x0000, 0x0000,
  0x0000, 0x0000, 0x0000, 0x0000, 0x0000, 0x0000, 0x0000, 0x0000, 0x0000, 0x0000, 0x0000, 0x0000,
  0x0000, 0x0000, 0x0000, 0x0000, 0x0000, 0x0000, 0x0000, 0x0000, 0x0000, 0x0000, 0x0000, 0x0000,
  0x0000, 0x0000, 0x0000, 0x0000, 0x0000, 0x0000, 0x0000, 0x0000, 0x0000, 0x0000, 0x0000, 0x0000,
  0x0000, 0x0000, 0x0000, 0x0000, 0x0000, 0x0000, 0x0000, 0x0000, 0x0000, 0x0000, 0x0000, 0x0000,
  0x0000, 0x0000, 0x0000, 0x0000, 0x0000, 0x0000, 0x0000, 0x0000, 0x0000, 0x0000, 0x0000, 0x0000,
  0x0000, 0x0000, 0x0000, 0x0000, 0x0000, 0x0000, 0x0000, 0x0000, 0x0000, 0x0000, 0x0000, 0x0000,
  0x0000, 0x0000, 0x0000, 0x0000, 0x0000, 0x0000, 0x0000, 0x0000, 0x0000, 0x0000, 0x0000, 0x0000,
  0x0000, 0x0000, 0x0000, 0x0000, 0x0000, 0x0000, 0x0000, 0x0000, 0x0000, 0x0000, 0x0000, 0x0000,
  0x0000, 0x0000, 0x0000, 0x0000, 0x0000, 0x0000, 0x0000, 0x0000, 0x0000, 0x0000, 0x0000, 0x0000,
  0x0000, 0x0000, 0x0000, 0x0000, 0x0000, 0x0000, 0x0000, 0x0000, 0x0000, 0x0000, 0x0000, 0x0000,
  0x0000, 0x0000, 0x0000, 0x0000, 0x0000, 0x0000, 0x0000, 0x0000, 0x0000, 0x0000, 0x0000, 0x0000,
  0x0000, 0x0000, 0x0000, 0x0000, 0x0000, 0x0000, 0x0000, 0x0000, 0x0000, 0x0000, 0x0000, 0x0000,
  0x0000, 0x0000, 0x0000, 0x0000, 0x0000, 0x0000, 0x0000, 0x0000, 0x0000, 0x0000, 0x0000, 0x0000,
  0x0000, 0x0000, 0x0000, 0x0000, 0x0000, 0x0000, 0x0000, 0x0000, 0x0000, 0x0000, 0x0000, 0x0000,
  0x0000, 0x0000, 0x0000, 0x0000, 0x0000, 0x0000, 0x0000, 0x0000, 0x0000, 0x0000, 0x0000, 0x0000,
  0x0000, 0x0000, 0x0000, 0x0000, 0x0000, 0x0000, 0x0000, 0x0000, 0x0000, 0x0000, 0x0000, 0x0000,
  0x0000, 0x0000, 0x0000, 0x0000, 0x0000, 0x0000, 0x0000, 0x0000, 0x0000, 0x0000, 0x0000, 0x0000,
  0x0000, 0x0000, 0x0000, 0x0000, 0x0000, 0x0000, 0x0000, 0x0000, 0x0000, 0x0000, 0x0000, 0x0000,
  0x0000, 0x0000, 0x0000, 0x0000, 0x0000, 0x0000, 0x0000, 0x0000, 0x0000, 0x0000, 0x0000, 0x0000,
  0x0000, 0x0000, 0x0000, 0x0000, 0x0000, 0x0000, 0x0000, 0x0000, 0x0000, 0x0000, 0x0000, 0x0000,
  0x0000, 0x0000, 0x0000, 0x0000, 0x0000, 0x0000, 0x0000, 0x0000, 0x0000, 0x0000, 0x0000, 0x0000,
  0x0000, 0x0000, 0x0000, 0x0000, 0x0000, 0x0000, 0x0000, 0x0000, 0x0000, 0x0000, 0x0000, 0x0000,
  0x0000, 0x0000, 0x0000, 0x0000, 0x0000, 0x0000, 0x0000, 0x0000, 0x0000, 0x0000, 0x0000, 0x0000,
  0x0000, 0x0000, 0x0000, 0x0000, 0x0000, 0x0000, 0x0000, 0x0000, 0x0000, 0x0000, 0x0000, 0x0000,
  0x0000, 0x0000, 0x0000, 0x0000, 0x0000, 0x0000, 0x0000, 0x0000, 0x0000, 0x0000, 0x0000, 0x0000,
  0x0000, 0x0000, 0x0000, 0x0000, 0x0000, 0x0000, 0x0000, 0x0000, 0x0000, 0x0000, 0x0000, 0x0000,
  0x0000, 0x0000, 0x0000, 0x0000, 0x0000, 0x0000, 0x0000, 0x0000, 0x0000, 0x0000, 0x0000, 0x0000,
  0x0000, 0x0000, 0x0000, 0x0000, 0x0000, 0x0000, 0x0000, 0x0000, 0x0000, 0x0000, 0x0000, 0x0000,
  0x0000, 0x0000, 0x0000, 0x0000, 0x0000, 0x0000, 0x0000, 0x0000, 0x0000, 0x0000, 0x0000, 0x0000,
  0x0000, 0x0000, 0x0000, 0x0000, 0x0000, 0x0000, 0x0000, 0x0000, 0x0000, 0x0000, 0x0000, 0x0000,
  0x0000, 0x0000, 0x0000, 0x0000, 0x0000, 0x0000, 0x0000, 0x0000, 0x0000, 0x0000, 0x0000, 0x0000,
  0x0000, 0x0000, 0x0000, 0x0000, 0x0000, 0x0000, 0x0000, 0x0000, 0x0000, 0x0000, 0x0000, 0x0000,
  0x0000, 0x0000, 0x0000, 0x0000, 0x0000, 0x0000, 0x0000, 0x0000, 0x0000, 0x0000, 0x0000, 0x0000,
  0x0000, 0x0000, 0x0000, 0x0000, 0x0000, 0x0000, 0x0000, 0x0000, 0x0000, 0x0000, 0x0000, 0x0000,
  0x0000, 0x0000, 0x0000, 0x0000, 0x0000, 0x0000, 0x0000, 0x0000, 0x0000, 0x0000, 0x0000, 0x0000,
  0x0000, 0x0000, 0x0000, 0x0000, 0x0000, 0x0000, 0x0000, 0x0000, 0x0000, 0x0000, 0x0000, 0x0000,
  0x0000, 0x0000, 0x0000, 0x0000, 0x0000, 0x0000, 0x0000, 0x0000, 0x0000, 0x0000, 0x0000, 0x0000,
  0x0000, 0x0000, 0x0000, 0x0000, 0x0000, 0x0000, 0x0000, 0x0000, 0x0000, 0x0000, 0x0000, 0x0000,
  0x0000, 0x0000, 0x0000, 0x0000, 0x0000, 0x0000, 0x0000, 0x0000, 0x0000, 0x0000, 0x0000, 0x0000,
  0x0000, 0x0000, 0x0000, 0x0000, 0x0000, 0x0000, 0x0000, 0x0000, 0x0000, 0x0000, 0x0000, 0x0000,
  0x0000, 0x0000, 0x0000, 0x0000, 0x0000, 0x0000, 0x0000, 0x0000, 0x0000, 0x0000, 0x0000, 0x0000,
  0x0000, 0x0000, 0x0000, 0x0000, 0x0000, 0x0000, 0x0000, 0x0000, 0x0000, 0x0000, 0x0000, 0x0000,
  0x0000, 0x0000, 0x0000, 0x0000, 0x0000, 0x0000, 0x0000, 0x0000, 0x0000, 0x0000, 0x0000, 0x0000,
  0x0000, 0x0000, 0x0000, 0x0000, 0x0000, 0x0000, 0x0000, 0x0000, 0x0000, 0x0000, 0x0000, 0x0000,
  0x0000, 0x0000, 0x0000, 0x0000, 0x0000, 0x0000, 0x0000, 0x0000, 0x0000, 0x0000, 0x0000, 0x0000,
  0x0000, 0x0000, 0x0000, 0x0000, 0x0000, 0x0000, 0x0000, 0x0000, 0x0000, 0x0000, 0x0000, 0x0000,
  0x0000, 0x0000, 0x0000, 0x0000, 0x0000, 0x0000, 0x0000, 0x0000, 0x0000, 0x0000, 0x0000, 0x0000,
  0x0000, 0x0000, 0x0000, 0x0000, 0x0000, 0x0000, 0x0000, 0x0000, 0x0000, 0x0000, 0x0000, 0x0000,
  0x0000, 0x0000, 0x0000, 0x0000, 0x0000, 0x0000, 0x0000, 0x0000, 0x0000, 0x0000, 0x0000, 0x0000,
  0x0000, 0x0000, 0x0000, 0x0000, 0x0000, 0x0000, 0x0000, 0x0000, 0x0000, 0x0000, 0x0000, 0x0000,
  0x0000, 0x0000, 0x0000, 0x0000, 0x0000, 0x0000, 0x0000, 0x0000, 0x0000, 0x0000, 0x0000, 0x0000,
  0x0000, 0x0000, 0x0000, 0x0000, 0x0000, 0x0000, 0x0000, 0x0000, 0x0000, 0x0000, 0x0000, 0x0000,
  0x0000, 0x0000, 0x0000, 0x0000, 0x0000, 0x0000, 0x0000, 0x0000, 0x0000, 0x0000, 0x0000, 0x0000,
  0x0000, 0x0000, 0x0000, 0x0000, 0x0000, 0x0000, 0x0000, 0x0000, 0x0000, 0x0000, 0x0000, 0x0000,
  0x0000, 0x0000, 0x0000, 0x0000, 0x0000, 0x0000, 0x0000, 0x0000, 0x0000, 0x0000, 0x0000, 0x0000,
  0x0000, 0x0000, 0x0000, 0x0000, 0x0000, 0x0000, 0x0000, 0x0000, 0x0000, 0x0000, 0x0000, 0x0000,
  0x0000, 0x0000, 0x0000, 0x0000, 0x0000, 0x0000, 0x0000, 0x0000, 0x0000, 0x0000, 0x0000, 0x0000,
  0x0000, 0x0000, 0x0000, 0x0000, 0x0000, 0x0000, 0x0000, 0x0000, 0x0000, 0x0000, 0x0000, 0x0000,
  0x0000, 0x0000, 0x0000, 0x0000, 0x0000, 0x0000, 0x0000, 0x0000, 0x0000, 0x0000, 0x0000, 0x0000,
  0x0000, 0x0000, 0x0000, 0x0000, 0x0000, 0x0000, 0x0000, 0x0000, 0x0000, 0x0000, 0x0000, 0x0000,
  0x0000, 0x0000, 0x0000, 0x0000, 0x0000, 0x0000, 0x0000, 0x0000, 0x0000, 0x0000, 0x0000, 0x0000,
  0x0000, 0x0000, 0x0000, 0x0000, 0x0000, 0x0000, 0x0000, 0x0000, 0x0000, 0x0000, 0x0000, 0x0000,
  0x0000, 0x0000, 0x0000, 0x0000, 0x0000, 0x0000, 0x0000, 0x0000, 0x0000, 0x0000, 0x0000, 0x0000,
  0x0000, 0x0000, 0x0000, 0x0000, 0x0000, 0x0000, 0x0000, 0x0000, 0x0000, 0x0000, 0x0000, 0x0000,
  0x0000, 0x0000, 0x0000, 0x0000, 0x0000, 0x0000, 0x0000, 0x0000, 0x0000, 0x0000, 0x0000, 0x0000,
  0x0000, 0x0000, 0x0000, 0x0000, 0x0000, 0x0000, 0x0000, 0x0000, 0x0000, 0x0000, 0x0000, 0x0000,
  0x0000, 0x0000, 0x0000, 0x0000, 0x0000, 0x0000, 0x0000, 0x0000, 0x0000, 0x0000, 0x0000, 0x0000,
  0x0000, 0x0000, 0x0000, 0x0000, 0x0000, 0x0000, 0x0000, 0x0000, 0x0000, 0x0000, 0x0000, 0x0000,
  0x0000, 0x0000, 0x0000, 0x0000, 0x0000, 0x0000, 0x0000, 0x0000, 0x0000, 0x0000, 0x0000, 0x0000,
  0x0000, 0x0000, 0x0000, 0x0000, 0x0000, 0x0000, 0x0000, 0x0000, 0x0000, 0x0000, 0x0000, 0x0000,
  0x0000, 0x0000, 0x0000, 0x0000, 0x0000, 0x0000, 0x0000, 0x0000, 0x0000, 0x0000, 0x0000, 0x0000,
  0x0000, 0x0000, 0x0000, 0x0000, 0x0000, 0x0000, 0x0000, 0x0000, 0x0000, 0x0000, 0x0000, 0x0000,
  0x0000, 0x0000, 0x0000, 0x0000, 0x0000, 0x0000, 0x0000, 0x0000, 0x0000, 0x0000, 0x0000, 0x0000,
  0x0000, 0x0000, 0x0000, 0x0000, 0x0000, 0x0000, 0x0000, 0x0000, 0x0000, 0x0000, 0x0000, 0x0000,
  0x0000, 0x0000, 0x0000, 0x0000, 0x0000, 0x0000, 0x0000, 0x0000, 0x0000, 0x0000, 0x0000, 0x0000,
  0x0000, 0x0000, 0x0000, 0x0000, 0x0000, 0x0000, 0x0000, 0x0000, 0x0000, 0x0000, 0x0000, 0x0000,
  0x0000, 0x0000, 0x0000, 0x0000, 0x0000, 0x0000, 0x0000, 0x0000, 0x0000, 0x0000, 0x0000, 0x0000,
  0x0000, 0x0000, 0x0000, 0x0000, 0x0000, 0x0000, 0x0000, 0x0000, 0x0000, 0x0000, 0x0000, 0x0000,
  0x0000, 0x0000, 0x0000, 0x0000, 0x0000, 0x0000, 0x0000, 0x0000, 0x0000, 0x0000, 0x0000, 0x0000,
  0x0000, 0x0000, 0x0000, 0x0000, 0x0000, 0x0000, 0x0000, 0x0000, 0x0000, 0x0000, 0x0000, 0x0000,
  0x0000, 0x0000, 0x0000, 0x0000, 0x0000, 0x0000, 0x0000, 0x0000, 0x0000, 0x0000, 0x0000, 0x0000,
  0x0000, 0x0000, 0x0000, 0x0000, 0x0000, 0x0000, 0x0000, 0x0000, 0x0000, 0x0000, 0x0000, 0x0000,
  0x0000, 0x0000, 0x0000, 0x0000, 0x0000, 0x0000, 0x0000, 0x0000, 0x0000, 0x0000, 0x0000, 0x0000,
  0x0000, 0x0000, 0x0000, 0x0000, 0x0000, 0x0000, 0x0000, 0x0000, 0x0000, 0x0000, 0x0000, 0x0000,
  0x0000, 0x0000, 0x0000, 0x0000, 0x0000, 0x0000, 0x0000, 0x0000, 0x0000, 0x0000, 0x0000, 0x0000,
  0x0000, 0x0000, 0x0000, 0x0000, 0x0000, 0x0000, 0x0000, 0x0000, 0x0000, 0x0000, 0x0000, 0x0000,
  0x0000, 0x0000, 0x0000, 0x0000, 0x0000, 0x0000, 0x0000, 0x0000, 0x0000, 0x0000, 0x0000, 0x0000,
  0x0000, 0x0000, 0x0000, 0x0000, 0x0000, 0x0000, 0x0000, 0x0000, 0x0000, 0x0000, 0x0000, 0x0000,
  0x0000, 0x0000, 0x0000, 0x0000, 0x0000, 0x0000, 0x0000, 0x0000, 0x0000, 0x0000, 0x0000, 0x0000,
  0x0000, 0x0000, 0x0000, 0x0000, 0x0000, 0x0000, 0x0000, 0x0000, 0x0000, 0x0000, 0x0000, 0x0000,
  0x0000, 0x0000, 0x0000, 0x0000, 0x0000, 0x0000, 0x0000, 0x0000, 0x0000, 0x0000, 0x0000, 0x0000,
  0x0000, 0x0000, 0x0000, 0x0000, 0x0000, 0x0000, 0x0000, 0x0000, 0x0000, 0x0000, 0x0000, 0x0000,
  0x0000, 0x0000, 0x0000, 0x0000, 0x0000, 0x0000, 0x0000, 0x0000, 0x0000, 0x0000, 0x0000, 0x0000,
  0x0000, 0x0000, 0x0000, 0x0000, 0x0000, 0x0000, 0x0000, 0x0000, 0x0000, 0x0000, 0x0000, 0x0000,
  0x0000, 0x0000, 0x0000, 0x0000, 0x0000, 0x0000, 0x0000, 0x0000, 0x0000, 0x0000, 0x0000, 0x0000,
  0x0000, 0x0000, 0x0000, 0x0000, 0x0000, 0x0000, 0x0000, 0x0000, 0x0000, 0x0000, 0x0000, 0x0000,
  0x0000, 0x0000, 0x0000, 0x0000, 0x0000, 0x0000, 0x0000, 0x0000, 0x0000, 0x0000, 0x0000, 0x0000,
  0x0000, 0x0000, 0x0000, 0x0000, 0x0000, 0x0000, 0x0000, 0x0000, 0x0000, 0x0000, 0x0000, 0x0000,
  0x0000, 0x0000, 0x0000, 0x0000, 0x0000, 0x0000, 0x0000, 0x0000, 0x0000, 0x0000, 0x0000, 0x0000,
  0x0000, 0x0000, 0x0000, 0x0000, 0x0000, 0x0000, 0x0000, 0x0000, 0x0000, 0x0000, 0x0000, 0x0000,
  0x0000, 0x0000, 0x0000, 0x0000, 0x0000, 0x0000, 0x0000, 0x0000, 0x0000, 0x0000, 0x0000, 0x0000,
  0x0000, 0x0000, 0x0000, 0x0000, 0x0000, 0x0000, 0x0000, 0x0000, 0x0000, 0x0000, 0x0000, 0x0000,
  0x0000, 0x0000, 0x0000, 0x0000, 0x0000, 0x0000, 0x0000, 0x0000, 0x0000, 0x0000, 0x0000, 0x0000,
  0x0000, 0x0000, 0x0000, 0x0000, 0x0000, 0x0000, 0x0000, 0x0000, 0x0000, 0x0000, 0x0000, 0x0000,
  0x0000, 0x0000, 0x0000, 0x0000, 0x0000, 0x0000, 0x0000, 0x0000, 0x0000, 0x0000, 0x0000, 0x0000,
  0x0000, 0x0000, 0x0000, 0x0000, 0x0000, 0x0000, 0x0000, 0x0000, 0x0000, 0x0000, 0x0000, 0x0000,
  0x0000, 0x0000, 0x0000, 0x0000, 0x0000, 0x0000, 0x0000, 0x0000, 0x0000, 0x0000, 0x0000, 0x0000,
  0x0000, 0x0000, 0x0000, 0x0000, 0x0000, 0x0000, 0x0000, 0x0000, 0x0000, 0x0000, 0x0000, 0x0000,
  0x0000, 0x0000, 0x0000, 0x0000, 0x0000, 0x0000, 0x0000, 0x0000, 0x0000, 0x0000, 0x0000, 0x0000,
  0x0000, 0x0000, 0x0000, 0x0000, 0x0000, 0x0000, 0x0000, 0x0000, 0x0000, 0x0000, 0x0000, 0x0000,
  0x0000, 0x0000, 0x0000, 0x0000, 0x0000, 0x0000, 0x0000, 0x0000, 0x0000, 0x0000, 0x0000, 0x0000,
  0x0000, 0x0000, 0x0000, 0x0000, 0x0000, 0x0000, 0x0000, 0x0000, 0x0000, 0x0000, 0x0000, 0x0000,
  0x0000, 0x0000, 0x0000, 0x0000, 0x0000, 0x0000, 0x0000, 0x0000, 0x0000, 0x0000, 0x0000, 0x0000,
  0x0000, 0x0000, 0x0000, 0x0000, 0x0000, 0x0000, 0x0000, 0x0000, 0x0000, 0x0000, 0x0000, 0x0000,
  0x0000, 0x0000, 0x0000, 0x0000, 0x0000, 0x0000, 0x0000, 0x0000, 0x0000, 0x0000, 0x0000, 0x0000,
  0x0000, 0x0000, 0x0000, 0x0000, 0x0000, 0x0000, 0x0000, 0x0000, 0x0000, 0x0000, 0x0000, 0x0000,
  0x0000, 0x0000, 0x0000, 0x0000, 0x0000, 0x0000, 0x0000, 0x0000, 0x0000, 0x0000, 0x0000, 0x0000,
  0x0000, 0x0000, 0x0000, 0x0000, 0x0000, 0x0000, 0x0000, 0x0000, 0x0000, 0x0000, 0x0000, 0x0000,
  0x0000, 0x0000, 0x0000, 0x0000, 0x0000, 0x0000, 0x0000, 0x0000, 0x0000, 0x0000, 0x0000, 0x0000,
  0x0000, 0x0000, 0x0000, 0x0000, 0x0000, 0x0000, 0x0000, 0x0000, 0x0000, 0x0000, 0x0000, 0x0000,
  0x0000, 0x0000, 0x0000, 0x0000, 0x0000, 0x0000, 0x0000, 0x0000, 0x0000, 0x0000, 0x0000, 0x0000,
  0x0000, 0x0000, 0x0000, 0x0000, 0x0000, 0x0000, 0x0000, 0x0000, 0x0000, 0x0000, 0x0000, 0x0000,
  0x0000, 0x0000, 0x0000, 0x0000, 0x0000, 0x0000, 0x0000, 0x0000, 0x0000, 0x0000, 0x0000, 0x0000,
  0x0000, 0x0000, 0x0000, 0x0000, 0x0000, 0x0000, 0x0000, 0x0000, 0x0000, 0x0000, 0x0000, 0x0000,
  0x0000, 0x0000, 0x0000, 0x0000, 0x0000, 0x0000, 0x0000, 0x0000, 0x0000, 0x0000, 0x0000, 0x0000,
  0x0000, 0x0000, 0x0000, 0x0000, 0x0000, 0x0000, 0x0000, 0x0000, 0x0000, 0x0000, 0x0000, 0x0000,
  0x0000, 0x0000, 0x0000, 0x0000, 0x0000, 0x0000, 0x0000, 0x0000, 0x0000, 0x0000, 0x0000, 0x0000,
  0x0000, 0x0000, 0x0000, 0x0000, 0x0000, 0x0000, 0x0000, 0x0000, 0x0000, 0x0000, 0x0000, 0x0000,
  0x0000, 0x0000, 0x0000, 0x0000, 0x0000, 0x0000, 0x0000, 0x0000, 0x0000, 0x0000, 0x0000, 0x0000,
  0x0000, 0x0000, 0x0000, 0x0000, 0x0000, 0x0000, 0x0000, 0x0000, 0x0000, 0x0000, 0x0000, 0x0000,
  0x0000, 0x0000, 0x0000, 0x0000, 0x0000, 0x0000, 0x0000, 0x0000, 0x0000, 0x0000, 0x0000, 0x0000,
  0x0000, 0x0000, 0x0000, 0x0000, 0x0000, 0x0000, 0x0000, 0x0000, 0x0000, 0x0000, 0x0000, 0x0000,
  0x0000, 0x0000, 0x0000, 0x0000, 0x0000, 0x0000, 0x0000, 0x0000, 0x0000, 0x0000, 0x0000, 0x0000,
  0x0000, 0x0000, 0x0000, 0x0000, 0x0000, 0x0000, 0x0000, 0x0000, 0x0000, 0x0000, 0x0000, 0x0000,
  0x0000, 0x0000, 0x0000, 0x0000, 0x0000, 0x0000, 0x0000, 0x0000, 0x0000, 0x0000, 0x0000, 0x0000,
  0x0000, 0x0000, 0x0000, 0x0000, 0x0000, 0x0000, 0x0000, 0x0000, 0x0000, 0x0000, 0x0000, 0x0000,
  0x0000, 0x0000, 0x0000, 0x0000, 0x0000, 0x0000, 0x0000, 0x0000, 0x0000, 0x0000, 0x0000, 0x0000,
  0x0000, 0x0000, 0x0000, 0x0000, 0x0000, 0x0000, 0x0000, 0x0000, 0x0000, 0x0000, 0x0000, 0x0000,
  0x0000, 0x0000, 0x0000, 0x0000, 0x0000, 0x0000, 0x0000, 0x0000, 0x0000, 0x0000, 0x0000, 0x0000,
  0x0000, 0x0000, 0x0000, 0x0000, 0x0000, 0x0000, 0x0000, 0x0000, 0x0000, 0x0000, 0x0000, 0x0000,
  0x0000, 0x0000, 0x0000, 0x0000, 0x0000, 0x0000, 0x0000, 0x0000, 0x0000, 0x0000, 0x0000, 0x0000,
  0x0000, 0x0000, 0x0000, 0x0000, 0x0000, 0x0000, 0x0000, 0x0000, 0x0000, 0x0000, 0x0000, 0x0000,
  0x0000, 0x0000, 0x0000, 0x0000, 0x0000, 0x0000, 0x0000, 0x0000, 0x0000, 0x0000, 0x0000, 0x0000,
  0x0000, 0x0000, 0x0000, 0x0000, 0x0000, 0x0000, 0x0000, 0x0000, 0x0000, 0x0000, 0x0000, 0x0000,
  0x0000, 0x0000, 0x0000, 0x0000, 0x0000, 0x0000, 0x0000, 0x0000, 0x0000, 0x0000, 0x0000, 0x0000,
  0x0000, 0x0000, 0x0000, 0x0000, 0x0000, 0x0000, 0x0000, 0x0000, 0x0000, 0x0000, 0x0000, 0x0000,
  0x0000, 0x0000, 0x0000, 0x0000, 0x0000, 0x0000, 0x0000, 0x0000, 0x0000, 0x0000, 0x0000, 0x0000,
  0x0000, 0x0000, 0x0000, 0x0000, 0x0000, 0x0000, 0x0000, 0x0000, 0x0000, 0x0000, 0x0000, 0x0000,
  0x0000, 0x0000, 0x0000, 0x0000, 0x0000, 0x0000, 0x0000, 0x0000, 0x0000, 0x0000, 0x0000, 0x0000,
  0x0000, 0x0000, 0x0000, 0x0000, 0x0000, 0x0000, 0x0000, 0x0000, 0x0000, 0x0000, 0x0000, 0x0000,
  0x0000, 0x0000, 0x0000, 0x0000, 0x0000, 0x0000, 0x0000, 0x0000, 0x0000, 0x0000, 0x0000, 0x0000,
  0x0000, 0x0000, 0x0000, 0x0000, 0x0000, 0x0000, 0x0000, 0x0000, 0x0000, 0x0000, 0x0000, 0x0000,
  0x0000, 0x0000, 0x0000, 0x0000, 0x0000, 0x0000, 0x0000, 0x0000, 0x0000, 0x0000, 0x0000, 0x0000,
  0x0000, 0x0000, 0x0000, 0x0000, 0x0000, 0x0000, 0x0000, 0x0000, 0x0000, 0x0000, 0x0000, 0x0000,
  0x0000, 0x0000, 0x0000, 0x0000, 0x0000, 0x0000, 0x0000, 0x0000, 0x0000, 0x0000, 0x0000, 0x0000,
  0x0000, 0x0000, 0x0000, 0x0020, 0x0020, 0x0020, 0x0020, 0x0000, 0x0000, 0x0000, 0x0000, 0x0000,
  0x0020, 0x0020, 0x0020, 0x0020, 0x0020, 0x0000, 0x0000, 0x0000, 0x0000, 0x0000, 0x0020, 0x0020,
  0x0020, 0x0020, 0x0000, 0x0000, 0x0000, 0x0000, 0x0000, 0x0020, 0x0020, 0x0020, 0x0020, 0x0020,
  0x0000, 0x0000, 0x0000, 0x0000, 0x0000, 0x0020, 0x0020, 0x0020, 0x0020, 0x0020, 0x0000, 0x0000,
  0x0000, 0x0000, 0x0000, 0x0020, 0x0020, 0x0020, 0x0020, 0x0020, 0x0000, 0x0000, 0x0000, 0x0000,
  0x0000, 0x0020, 0x0020, 0x0020, 0x0020, 0x0000, 0x0000, 0x0000, 0x0000, 0x0000, 0x0000, 0x0020,
  0x0020, 0x0020, 0x0020, 0x0000, 0x0000, 0x0000, 0x0000, 0x0000, 0x0020, 0x0020, 0x0020, 0x0020,
  0x0020, 0x0000, 0x0000, 0x0000, 0x0000, 0x0000, 0x0020, 0x0020, 0x0020, 0x0020, 0x0021, 0x0000,
  0x0000, 0x0000, 0x0000, 0x0000, 0x0020, 0x0020, 0x0020, 0x0820, 0x0840, 0x0840, 0x0840, 0x0840,
  0x0840, 0x0840, 0x0020, 0x0020, 0x0020, 0x0020, 0x0020, 0x0020, 0x0000, 0x0000, 0x0000, 0x0000,
  0x0000, 0x0020, 0x0020, 0x0020, 0x0020, 0x0000, 0x0000, 0x0000, 0x0000, 0x0000, 0x0020, 0x0020,
  0x0020, 0x0020, 0x0020, 0x0000, 0x0000, 0x0000, 0x0000, 0x0000, 0x0020, 0x0020, 0x0020, 0x0020,
  0x0020, 0x0000, 0x0000, 0x0000, 0x0000, 0x0000, 0x0020, 0x0020, 0x0020, 0x0020, 0x0020, 0x0000,
  0x0000, 0x0000, 0x0000, 0x0000, 0x0020, 0x0020, 0x0020, 0x0020, 0x0000, 0x0000, 0x0000, 0x0000,
  0x0000, 0x0000, 0x0020, 0x0020, 0x0020, 0x0020, 0x0000, 0x0000, 0x0000, 0x0000, 0x0000, 0x0020,
  0x0020, 0x0020, 0x0020, 0x0020, 0x0000, 0x0000, 0x0000, 0x0000, 0x0000, 0x0020, 0x0020, 0x0020,
  0x0020, 0x0020, 0x0000, 0x0000, 0x0000, 0x0000, 0x0000, 0x0020, 0x0020, 0x0020, 0x0020, 0x0020,
  0x0000, 0x0000, 0x0000, 0x0000, 0x0000, 0x0020, 0x0020, 0x0020, 0x0020, 0x0000, 0x0000, 0x0000,
  0x0000, 0x0000, 0x0000, 0x0000, 0x0000, 0x0000, 0x0000, 0x0000, 0x0000, 0x0000, 0x0000, 0x0000,
  0x0000, 0x0000, 0x0000, 0x0000, 0x0000, 0x0000, 0x0000, 0x0000, 0x0000, 0x0000, 0x0000, 0x0000,
  0x0000, 0x0000, 0x0841, 0x0861, 0x0861, 0x0861, 0x1082, 0x0020, 0x0000, 0x0000, 0x0000, 0x0000,
  0x0861, 0x0861, 0x0861, 0x0861, 0x0861, 0x0000, 0x0000, 0x0000, 0x0000, 0x0020, 0x0861, 0x0861,
  0x0861, 0x0861, 0x0841, 0x0000, 0x0000, 0x0000, 0x0000, 0x0841, 0x1082, 0x0861, 0x0861, 0x1082,
  0x0020, 0x0000, 0x0000, 0x0000, 0x0000, 0x0861, 0x0861, 0x0861, 0x0861, 0x0861, 0x0000, 0x0000,
  0x0000, 0x0000, 0x0000, 0x1082, 0x0861, 0x0861, 0x1082, 0x0861, 0x0000, 0x0000, 0x0000, 0x0000,
  0x0020, 0x1082, 0x0861, 0x0861, 0x1082, 0x0841, 0x0000, 0x0000, 0x0000, 0x0000, 0x0841, 0x1082,
  0x0861, 0x0861, 0x1082, 0x0020, 0x0000, 0x0000, 0x0000, 0x0000, 0x0841, 0x1082, 0x0861, 0x0861,
  0x1082, 0x0020, 0x0000, 0x0000, 0x0000, 0x0000, 0x0861, 0x1082, 0x1082, 0x1082, 0x10A2, 0x0861,
  0x0861, 0x1081, 0x1082, 0x10A2, 0x10A2, 0x10A2, 0x10A2, 0x10C2, 0x18C2, 0x18C2, 0x18C2, 0x18C2,
  0x18C2, 0x18C2, 0x10C2, 0x10C2, 0x10C2, 0x10C2, 0x10C2, 0x10A2, 0x1082, 0x1082, 0x1081, 0x0861,
  0x1081, 0x10A2, 0x1082, 0x1082, 0x1082, 0x0020, 0x0000, 0x0000, 0x0000, 0x0000, 0x0841, 0x1082,
  0x1082, 0x1082, 0x1082, 0x0020, 0x0000, 0x0000, 0x0000, 0x0000, 0x0861, 0x0861, 0x0861, 0x0861,
  0x0861, 0x0000, 0x0000, 0x0000, 0x0000, 0x0020, 0x0861, 0x0861, 0x0861, 0x1082, 0x0861, 0x0000,
  0x0000, 0x0000, 0x0000, 0x0020, 0x1082, 0x0861, 0x0861, 0x1082, 0x0841, 0x0000, 0x0000, 0x0000,
  0x0000, 0x0841, 0x1082, 0x0861, 0x0861, 0x1082, 0x0020, 0x0000, 0x0000, 0x0000, 0x0000, 0x0861,
  0x1082, 0x0861, 0x0861, 0x1082, 0x0020, 0x0000, 0x0000, 0x0000, 0x0000, 0x0861, 0x0861, 0x0861,
  0x1082, 0x0861, 0x0000, 0x0000, 0x0000, 0x0000, 0x0000, 0x0861, 0x0861, 0x0861, 0x1082, 0x0861,
  0x0000, 0x0000, 0x0000, 0x0000, 0x0020, 0x1082, 0x0861, 0x0861, 0x1082, 0x0841, 0x0000, 0x0000,
  0x0000, 0x0000, 0x0000, 0x0000, 0x0000, 0x0000, 0x0000, 0x0000, 0x0000, 0x0000, 0x0000, 0x0000,
  0x0000, 0x0000, 0x0000, 0x0000, 0x0000, 0x0000, 0x0000, 0x0000, 0x0000, 0x0000, 0x0000, 0x0000,
  0x0000, 0x0000, 0x0841, 0x0861, 0x0861, 0x0861, 0x0861, 0x0020, 0x0000, 0x0000, 0x0000, 0x0000,
  0x0841, 0x0861, 0x0861, 0x0861, 0x0861, 0x0000, 0x0000, 0x0000, 0x0000, 0x0020, 0x0861, 0x0861,
  0x0861, 0x0861, 0x0841, 0x0000, 0x0000, 0x0000, 0x0000, 0x0841, 0x1082, 0x0861, 0x0861, 0x0861,
  0x0020, 0x0000, 0x0000, 0x0000, 0x0000, 0x0861, 0x0861, 0x0861, 0x0861, 0x0861, 0x0000, 0x0000,
  0x0000, 0x0000, 0x0000, 0x0861, 0x0861, 0x0861, 0x0861, 0x0841, 0x0000, 0x0000, 0x0000, 0x0000,
  0x0020, 0x0861, 0x0861, 0x0861, 0x0861, 0x0841, 0x0000, 0x0000, 0x0000, 0x0000, 0x0841, 0x1082,
  0x0861, 0x0861, 0x0861, 0x0020, 0x0000, 0x0000, 0x0000, 0x0000, 0x0841, 0x1082, 0x0861, 0x0861,
  0x0861, 0x0020, 0x0000, 0x0020, 0x0841, 0x0861, 0x10A2, 0x10A2, 0x10A2, 0x10A2, 0x10A2, 0x18C2,
  0x18C2, 0x18C2, 0x18C2, 0x18C2, 0x10C2, 0x10C2, 0x10A2, 0x10C2, 0x10C2, 0x10C2, 0x10C2, 0x10C2,
  0x10C2, 0x18C2, 0x10C2, 0x10C2, 0x10C2, 0x10C2, 0x10C2, 0x10C2, 0x18C2, 0x18C2, 0x18C2, 0x18C2,
  0x18C2, 0x10C2, 0x10C2, 0x10A2, 0x10A2, 0x10A2, 0x1081, 0x0861, 0x0841, 0x0020, 0x0841, 0x0861,
  0x0861, 0x0861, 0x1082, 0x0020, 0x0000, 0x0000, 0x0000, 0x0000, 0x0861, 0x0861, 0x0861, 0x0861,
  0x0861, 0x0000, 0x0000, 0x0000, 0x0000, 0x0020, 0x0861, 0x0861, 0x0861, 0x0861, 0x0861, 0x0000,
  0x0000, 0x0000, 0x0000, 0x0020, 0x0861, 0x0861, 0x0861, 0x1082, 0x0841, 0x0000, 0x0000, 0x0000,
  0x0000, 0x0841, 0x0861, 0x0861, 0x0861, 0x0861, 0x0020, 0x0000, 0x0000, 0x0000, 0x0000, 0x0841,
  0x0861, 0x0861, 0x0861, 0x0861, 0x0020, 0x0000, 0x0000, 0x0000, 0x0000, 0x0861, 0x0861, 0x0861,
  0x0861, 0x0861, 0x0000, 0x0000, 0x0000, 0x0000, 0x0000, 0x0861, 0x0861, 0x0861, 0x0861, 0x0841,
  0x0000, 0x0000, 0x0000, 0x0000, 0x0020, 0x0861, 0x0861, 0x0861, 0x1082, 0x0841, 0x0000, 0x0000,
  0x0000, 0x0000, 0x0000, 0x0000, 0x0000, 0x0000, 0x0000, 0x0000, 0x0000, 0x0000, 0x0000, 0x0000,
  0x0000, 0x0000, 0x0000, 0x0000, 0x0000, 0x0000, 0x0000, 0x0000, 0x0000, 0x0000, 0x0000, 0x0000,
  0x0000, 0x0000, 0x0841, 0x0861, 0x0861, 0x0861, 0x0861, 0x0020, 0x0000, 0x0000, 0x0000, 0x0000,
  0x0841, 0x0861, 0x0861, 0x0861, 0x0861, 0x0000, 0x0000, 0x0000, 0x0000, 0x0020, 0x0861, 0x0861,
  0x0861, 0x0861, 0x0841, 0x0000, 0x0000, 0x0000, 0x0000, 0x0841, 0x1082, 0x0861, 0x0861, 0x0861,
  0x0020, 0x0000, 0x0000, 0x0000, 0x0000, 0x0861, 0x0861, 0x0861, 0x0861, 0x0861, 0x0000, 0x0000,
  0x0000, 0x0000, 0x0000, 0x0861, 0x0861, 0x0861, 0x0861, 0x0841, 0x0000, 0x0000, 0x0000, 0x0000,
  0x0020, 0x0861, 0x0861, 0x0861, 0x0861, 0x0841, 0x0000, 0x0000, 0x0000, 0x0000, 0x0020, 0x0861,
  0x0861, 0x0861, 0x0861, 0x0020, 0x0000, 0x0000, 0x0000, 0x0000, 0x0841, 0x1082, 0x1081, 0x1082,
  0x10A1, 0x10A2, 0x10A2, 0x10C2, 0x18C2, 0x18C2, 0x10C2, 0x10C2, 0x10C2, 0x10C2, 0x10C2, 0x10C2,
  0x10C2, 0x10C2, 0x10C2, 0x10C2, 0x10C2, 0x10C2, 0x10C2, 0x10C2, 0x10C2, 0x10C2, 0x10C2, 0x10C2,
  0x18C2, 0x10C2, 0x10C2, 0x10C2, 0x10C2, 0x10C2, 0x10C2, 0x10C2, 0x10C2, 0x10C2, 0x10C2, 0x10C2,
  0x10C2, 0x10C2, 0x10C2, 0x10C2, 0x10C2, 0x18C2, 0x18C2, 0x18C2, 0x18C2, 0x10A2, 0x10A2, 0x10A2,
  0x1082, 0x1082, 0x1082, 0x0020, 0x0000, 0x0000, 0x0000, 0x0000, 0x0861, 0x0861, 0x0861, 0x0861,
  0x0861, 0x0000, 0x0000, 0x0000, 0x0000, 0x0000, 0x0861, 0x0861, 0x0861, 0x0861, 0x0861, 0x0000,
  0x0000, 0x0000, 0x0000, 0x0020, 0x0861, 0x0861, 0x0861, 0x0861, 0x0841, 0x0000, 0x0000, 0x0000,
  0x0000, 0x0841, 0x0861, 0x0861, 0x0861, 0x0861, 0x0020, 0x0000, 0x0000, 0x0000, 0x0000, 0x0841,
  0x0861, 0x0861, 0x0861, 0x0861, 0x0020, 0x0000, 0x0000, 0x0000, 0x0000, 0x0861, 0x0861, 0x0861,
  0x0861, 0x0861, 0x0000, 0x0000, 0x0000, 0x0000, 0x0000, 0x0861, 0x0861, 0x0861, 0x0861, 0x0841,
  0x0000, 0x0000, 0x0000, 0x0000, 0x0020, 0x1082, 0x0861, 0x0861, 0x0861, 0x0020, 0x0000, 0x0000,
  0x0000, 0x0000, 0x0000, 0x0000, 0x0000, 0x0000, 0x0000, 0x0000, 0x0000, 0x0000, 0x0000, 0x0000,
  0x0000, 0x0000, 0x0000, 0x0000, 0x0000, 0x0000, 0x0000, 0x0000, 0x0000, 0x0000, 0x0000, 0x0000,
  0x0000, 0x0000, 0x0841, 0x0861, 0x0861, 0x0861, 0x0861, 0x0020, 0x0000, 0x0000, 0x0000, 0x0000,
  0x0841, 0x0861, 0x0861, 0x0861, 0x0861, 0x0000, 0x0000, 0x0000, 0x0000, 0x0000, 0x0861, 0x0861,
  0x0861, 0x1082, 0x0841, 0x0000, 0x0000, 0x0000, 0x0000, 0x0841, 0x1082, 0x0861, 0x0861, 0x0861,
  0x0000, 0x0000, 0x0000, 0x0000, 0x0000, 0x0861, 0x0861, 0x0861, 0x0861, 0x0861, 0x0000, 0x0000,
  0x0000, 0x0000, 0x0000, 0x0861, 0x0861, 0x0861, 0x1082, 0x0841, 0x0000, 0x0000, 0x0000, 0x0000,
  0x0020, 0x0861, 0x0861, 0x0861, 0x1082, 0x0841, 0x0000, 0x0000, 0x0000, 0x0000, 0x0020, 0x1082,
  0x0861, 0x0861, 0x1082, 0x0020, 0x0000, 0x0000, 0x0020, 0x0841, 0x1082, 0x10A2, 0x10C2, 0x10C2,
  0x10C2, 0x10C2, 0x10C2, 0x10C2, 0x10C2, 0x10C2, 0x10C2, 0x10C2, 0x10C2, 0x10C2, 0x10C2, 0x10C2,
  0x10C2, 0x10C2, 0x10C2, 0x10C2, 0x10C2, 0x10C2, 0x10C2, 0x10C2, 0x10C2, 0x10C2, 0x10C2, 0x10C2,
  0x10C2, 0x10C2, 0x10C2, 0x10C2, 0x10C2, 0x10C2, 0x10C2, 0x10C2, 0x10C2, 0x10C2, 0x10C2, 0x10C2,
  0x10C2, 0x10C2, 0x10C2, 0x10C2, 0x10C2, 0x10C2, 0x10C2, 0x10C2, 0x10C2, 0x10C2, 0x10C2, 0x10C2,
  0x10C2, 0x10A2, 0x10A2, 0x1081, 0x0861, 0x0840, 0x0000, 0x0000, 0x0861, 0x0861, 0x0861, 0x0861,
  0x0861, 0x0000, 0x0000, 0x0000, 0x0000, 0x0000, 0x0861, 0x0861, 0x0861, 0x1082, 0x0841, 0x0000,
  0x0000, 0x0000, 0x0000, 0x0020, 0x1082, 0x0861, 0x0861, 0x1082, 0x0841, 0x0000, 0x0000, 0x0000,
  0x0000, 0x0841, 0x1082, 0x0861, 0x0861, 0x1082, 0x0020, 0x0000, 0x0000, 0x0000, 0x0000, 0x0841,
  0x1082, 0x0861, 0x0861, 0x1082, 0x0020, 0x0000, 0x0000, 0x0000, 0x0000, 0x0861, 0x0861, 0x0861,
  0x0861, 0x0861, 0x0000, 0x0000, 0x0000, 0x0000, 0x0000, 0x0861, 0x0861, 0x0861, 0x1082, 0x0841,
  0x0000, 0x0000, 0x0000, 0x0000, 0x0020, 0x1082, 0x0861, 0x0861, 0x1082, 0x0020, 0x0000, 0x0000,
  0x0000, 0x0000, 0x0000, 0x0000, 0x0000, 0x0000, 0x0000, 0x0000, 0x0000, 0x0000, 0x0000, 0x0000,
  0x0000, 0x0000, 0x0000, 0x0000, 0x0000, 0x0000, 0x0000, 0x0000, 0x0000, 0x0000, 0x0020, 0x0020,
  0x0020, 0x0020, 0x0841, 0x0841, 0x0841, 0x0841, 0x0841, 0x0020, 0x0020, 0x0020, 0x0020, 0x0020,
  0x0841, 0x0841, 0x0841, 0x0841, 0x0841, 0x0020, 0x0020, 0x0020, 0x0020, 0x0020, 0x0841, 0x0841,
  0x0841, 0x0841, 0x0841, 0x0020, 0x0020, 0x0020, 0x0020, 0x0841, 0x0841, 0x0841, 0x0841, 0x0841,
  0x0020, 0x0020, 0x0020, 0x0020, 0x0020, 0x0841, 0x0841, 0x0841, 0x0841, 0x0841, 0x0020, 0x0020,
  0x0020, 0x0020, 0x0841, 0x0841, 0x0841, 0x0841, 0x0841, 0x0841, 0x0020, 0x0020, 0x0020, 0x0020,
  0x0841, 0x0841, 0x0841, 0x0841, 0x0841, 0x0841, 0x0020, 0x0020, 0x0020, 0x0020, 0x0020, 0x0841,
  0x0841, 0x0841, 0x0841, 0x0841, 0x0861, 0x1082, 0x10A2, 0x18C2, 0x18C2, 0x10C2, 0x10C2, 0x18C2,
  0x10C2, 0x10C2, 0x18C2, 0x18C2, 0x10C2, 0x10C2, 0x10C2, 0x10C2, 0x10C2, 0x10C2, 0x10C2, 0x10C2,
  0x10C2, 0x10C2, 0x10C2, 0x10C2, 0x10C2, 0x10C2, 0x10C2, 0x10C2, 0x10C2, 0x10C2, 0x10C2, 0x10C2,
  0x10C2, 0x10C2, 0x10C2, 0x10C2, 0x10C2, 0x10C2, 0x10C2, 0x10C2, 0x10C2, 0x10C2, 0x10C2, 0x10C2,
  0x10C2, 0x10C2, 0x10C2, 0x10C2, 0x10C2, 0x10C2, 0x10C2, 0x10C2, 0x10C2, 0x10C2, 0x10C2, 0x10C2,
  0x10C2, 0x10C2, 0x10C2, 0x18C2, 0x18C2, 0x18C2, 0x10A2, 0x1081, 0x1081, 0x0861, 0x0841, 0x0020,
  0x0841, 0x0020, 0x0020, 0x0020, 0x0841, 0x0020, 0x0841, 0x0841, 0x0841, 0x0841, 0x0020, 0x0020,
  0x0020, 0x0020, 0x0020, 0x0841, 0x0841, 0x0841, 0x0841, 0x0841, 0x0020, 0x0020, 0x0020, 0x0020,
  0x0020, 0x0841, 0x0841, 0x0841, 0x0841, 0x0841, 0x0841, 0x0020, 0x0020, 0x0020, 0x0020, 0x0841,
  0x0841, 0x0841, 0x0841, 0x0841, 0x0020, 0x0020, 0x0020, 0x0020, 0x0020, 0x0841, 0x0841, 0x0841,
  0x0841, 0x0841, 0x0020, 0x0020, 0x0020, 0x0020, 0x0841, 0x0841, 0x0841, 0x0841, 0x0841, 0x0841,
  0x0020, 0x0020, 0x0020, 0x0020, 0x0841, 0x0841, 0x0841, 0x0841, 0x0841, 0x0841, 0x0020, 0x0020,
  0x0020, 0x0020, 0x0000, 0x0000, 0x0000, 0x0000, 0x0000, 0x0000, 0x0000, 0x0000, 0x0000, 0x0000,
  0x0000, 0x0000, 0x0000, 0x0000, 0x0000, 0x0000, 0x0000, 0x0000, 0x0000, 0x0020, 0x0861, 0x0861,
  0x0861, 0x0861, 0x0020, 0x0000, 0x0000, 0x0000, 0x0000, 0x0841, 0x0861, 0x0861, 0x0861, 0x0861,
  0x0000, 0x0000, 0x0000, 0x0000, 0x0000, 0x0861, 0x0861, 0x0861, 0x0861, 0x0841, 0x0000, 0x0000,
  0x0000, 0x0000, 0x0020, 0x1082, 0x0861, 0x0861, 0x1082, 0x0020, 0x0000, 0x0000, 0x0000, 0x0000,
  0x0861, 0x1082, 0x0861, 0x0861, 0x0861, 0x0000, 0x0000, 0x0000, 0x0000, 0x0000, 0x0861, 0x0861,
  0x0861, 0x0861, 0x0861, 0x0000, 0x0000, 0x0000, 0x0000, 0x0020, 0x1082, 0x0861, 0x0861, 0x1082,
  0x0841, 0x0000, 0x0000, 0x0000, 0x0000, 0x0020, 0x1082, 0x0861, 0x0861, 0x1082, 0x0021, 0x0000,
  0x0020, 0x0861, 0x1082, 0x10A2, 0x18C2, 0x10C2, 0x10C2, 0x10C2, 0x10C2, 0x10C2, 0x10C2, 0x10C2,
  0x10C2, 0x10C2, 0x18C2, 0x18C2, 0x10C2, 0x10C2, 0x10C2, 0x10C2, 0x10C2, 0x10C2, 0x10C2, 0x10C2,
  0x10C2, 0x18C2, 0x10C2, 0x10C2, 0x10C2, 0x10C2, 0x10C2, 0x10C2, 0x10C2, 0x18C2, 0x18E2, 0x18E2,
  0x18C2, 0x10C2, 0x10C2, 0x10C2, 0x10C2, 0x10C2, 0x10C2, 0x10C2, 0x10C2, 0x10C2, 0x10C2, 0x10C2,
  0x10C2, 0x10C2, 0x10C2, 0x10C2, 0x10C2, 0x10C2, 0x10C2, 0x10C2, 0x10C2, 0x10C2, 0x10C2, 0x10C2,
  0x10C2, 0x10C2, 0x10C2, 0x10C2, 0x10C2, 0x10C2, 0x18C2, 0x18C2, 0x18C2, 0x10A2, 0x1081, 0x0841,
  0x0020, 0x0862, 0x1082, 0x1082, 0x1082, 0x0861, 0x0000, 0x0000, 0x0000, 0x0000, 0x0020, 0x1082,
  0x0861, 0x0861, 0x1082, 0x0841, 0x0000, 0x0000, 0x0000, 0x0000, 0x0020, 0x1082, 0x0861, 0x0861,
  0x1082, 0x0020, 0x0000, 0x0000, 0x0000, 0x0000, 0x0841, 0x1082, 0x0861, 0x0861, 0x1082, 0x0020,
  0x0000, 0x0000, 0x0000, 0x0000, 0x0841, 0x0861, 0x0861, 0x0861, 0x0861, 0x0000, 0x0000, 0x0000,
  0x0000, 0x0000, 0x0861, 0x0861, 0x0861, 0x1082, 0x0861, 0x0000, 0x0000, 0x0000, 0x0000, 0x0020,
  0x1082, 0x0861, 0x0861, 0x1082, 0x0841, 0x0000, 0x0000, 0x0000, 0x0000, 0x0841, 0x1082, 0x0861,
  0x0861, 0x1082, 0x0020, 0x0000, 0x0000, 0x0000, 0x0000, 0x0000, 0x0000, 0x0000, 0x0000, 0x0000,
  0x0000, 0x0000, 0x0000, 0x0000, 0x0000, 0x0000, 0x0000, 0x0000, 0x0000, 0x0020, 0x0861, 0x0861,
  0x0861, 0x0861, 0x0020, 0x0000, 0x0000, 0x0000, 0x0000, 0x0841, 0x0861, 0x0861, 0x0861, 0x0861,
  0x0000, 0x0000, 0x0000, 0x0000, 0x0000, 0x0861, 0x0861, 0x0861, 0x0861, 0x0841, 0x0000, 0x0000,
  0x0000, 0x0000, 0x0020, 0x1082, 0x0861, 0x0861, 0x0861, 0x0020, 0x0000, 0x0000, 0x0000, 0x0000,
  0x0841, 0x0861, 0x0861, 0x0861, 0x0861, 0x0000, 0x0000, 0x0000, 0x0000, 0x0000, 0x0861, 0x0861,
  0x0861, 0x0861, 0x0861, 0x0000, 0x0000, 0x0000, 0x0000, 0x0020, 0x0861, 0x0861, 0x0861, 0x0861,
  0x0841, 0x0000, 0x0000, 0x0000, 0x0000, 0x0020, 0x0861, 0x0861, 0x0861, 0x0861, 0x1081, 0x1082,
  0x18C2, 0x18C2, 0x18C2, 0x10C2, 0x10C2, 0x10C2, 0x10C2, 0x10C2, 0x10C2, 0x10C2, 0x10C2, 0x10C2,
  0x10C2, 0x10C2, 0x10C2, 0x10C2, 0x10C2, 0x10C2, 0x10C2, 0x10C2, 0x10C2, 0x10C2, 0x10C2, 0x18C2,
  0x18C2, 0x10A2, 0x10C2, 0x10C2, 0x10C2, 0x10C2, 0x10C2, 0x10C2, 0x10C2, 0x0860, 0x0040, 0x0040,
  0x0860, 0x18C2, 0x10C2, 0x10C2, 0x10C2, 0x10C2, 0x10C2, 0x10C2, 0x10C2, 0x18C2, 0x10C2, 0x10C2,
  0x18C2, 0x18C2, 0x10C2, 0x10C2, 0x10C2, 0x10C2, 0x10C2, 0x10C2, 0x10C2, 0x10C2, 0x10C2, 0x10C2,
  0x10C2, 0x10C2, 0x10C2, 0x10C2, 0x10C2, 0x10C2, 0x10C2, 0x10C2, 0x10C2, 0x10C2, 0x18C2, 0x18C2,
  0x10A2, 0x10A2, 0x1082, 0x1082, 0x0861, 0x0861, 0x0000, 0x0000, 0x0000, 0x0000, 0x0020, 0x0861,
  0x0861, 0x0861, 0x0861, 0x0841, 0x0000, 0x0000, 0x0000, 0x0000, 0x0020, 0x0861, 0x0861, 0x0861,
  0x0861, 0x0020, 0x0000, 0x0000, 0x0000, 0x0000, 0x0841, 0x0861, 0x0861, 0x0861, 0x0861, 0x0020,
  0x0000, 0x0000, 0x0000, 0x0000, 0x0841, 0x0861, 0x0861, 0x0861, 0x0861, 0x0000, 0x0000, 0x0000,
  0x0000, 0x0000, 0x0861, 0x0861, 0x0861, 0x0861, 0x0861, 0x0000, 0x0000, 0x0000, 0x0000, 0x0020,
  0x0861, 0x0861, 0x0861, 0x0861, 0x0841, 0x0000, 0x0000, 0x0000, 0x0000, 0x0020, 0x0861, 0x0861,
  0x0861, 0x0861, 0x0020, 0x0000, 0x0000, 0x0000, 0x0000, 0x0000, 0x0000, 0x0000, 0x0000, 0x0000,
  0x0000, 0x0000, 0x0000, 0x0000, 0x0000, 0x0000, 0x0000, 0x0000, 0x0000, 0x0020, 0x0861, 0x0861,
  0x0861, 0x0861, 0x0020, 0x0000, 0x0000, 0x0000, 0x0000, 0x0841, 0x0861, 0x0861, 0x0861, 0x0861,
  0x0000, 0x0000, 0x0000, 0x0000, 0x0000, 0x0861, 0x0861, 0x0861, 0x0861, 0x0841, 0x0000, 0x0000,
  0x0000, 0x0000, 0x0020, 0x0861, 0x0861, 0x0861, 0x0861, 0x0020, 0x0000, 0x0000, 0x0000, 0x0000,
  0x0841, 0x0861, 0x0861, 0x0861, 0x0861, 0x0000, 0x0000, 0x0000, 0x0000, 0x0000, 0x0861, 0x0861,
  0x0861, 0x0861, 0x0861, 0x0000, 0x0000, 0x0000, 0x0000, 0x0020, 0x0861, 0x0861, 0x0861, 0x0861,
  0x0841, 0x0000, 0x0000, 0x0000, 0x0000, 0x0020, 0x1082, 0x1081, 0x1082, 0x10A2, 0x10C2, 0x18C2,
  0x10C2, 0x10C2, 0x10C2, 0x10C2, 0x10C2, 0x10C2, 0x10C2, 0x10C2, 0x10C2, 0x10C2, 0x10C2, 0x10C2,
  0x10C2, 0x18C2, 0x18C2, 0x18C2, 0x18C2, 0x10C2, 0x10C2, 0x10C2, 0x10C2, 0x10C2, 0x18C2, 0x0861,
  0x1081, 0x18E2, 0x18C2, 0x18C2, 0x10C2, 0x10C2, 0x10C2, 0x10C2, 0x10A1, 0x7BCE, 0x9491, 0x8410,
  0x630B, 0x10A2, 0x18C2, 0x10C2, 0x10C2, 0x10C2, 0x10C2, 0x10C2, 0x18C2, 0x10A2, 0x10A2, 0x10A2,
  0x1081, 0x1081, 0x10C2, 0x10C2, 0x10C2, 0x10C2, 0x10C2, 0x10C2, 0x10C2, 0x18C2, 0x18C2, 0x10C2,
  0x10C2, 0x10C2, 0x10C2, 0x10C2, 0x10C2, 0x10C2, 0x10C2, 0x10C2, 0x10C2, 0x10C2, 0x10C2, 0x10C2,
  0x10C2, 0x10C2, 0x10C2, 0x10A2, 0x1082, 0x0861, 0x0000, 0x0000, 0x0000, 0x0000, 0x0020, 0x0861,
  0x0861, 0x0861, 0x0861, 0x0841, 0x0000, 0x0000, 0x0000, 0x0000, 0x0020, 0x0861, 0x0861, 0x0861,
  0x0861, 0x0020, 0x0000, 0x0000, 0x0000, 0x0000, 0x0841, 0x0861, 0x0861, 0x0861, 0x0861, 0x0020,
  0x0000, 0x0000, 0x0000, 0x0000, 0x0841, 0x0861, 0x0861, 0x0861, 0x0861, 0x0000, 0x0000, 0x0000,
  0x0000, 0x0000, 0x0861, 0x0861, 0x0861, 0x0861, 0x0861, 0x0000, 0x0000, 0x0000, 0x0000, 0x0020,
  0x0861, 0x0861, 0x0861, 0x0861, 0x0841, 0x0000, 0x0000, 0x0000, 0x0000, 0x0020, 0x0861, 0x0861,
  0x0861, 0x0861, 0x0020, 0x0000, 0x0000, 0x0000, 0x0000, 0x0000, 0x0000, 0x0000, 0x0000, 0x0000,
  0x0000, 0x0000, 0x0000, 0x0000, 0x0000, 0x0000, 0x0000, 0x0000, 0x0000, 0x0020, 0x1082, 0x0861,
  0x0861, 0x1082, 0x0020, 0x0000, 0x0000, 0x0000, 0x0000, 0x0841, 0x0861, 0x0861, 0x0861, 0x0861,
  0x0000, 0x0000, 0x0000, 0x0000, 0x0000, 0x0861, 0x0861, 0x0861, 0x1082, 0x0841, 0x0000, 0x0000,
  0x0000, 0x0000, 0x0020, 0x1082, 0x0861, 0x0861, 0x1082, 0x0020, 0x0000, 0x0000, 0x0000, 0x0000,
  0x0841, 0x0861, 0x0861, 0x0861, 0x0861, 0x0000, 0x0000, 0x0000, 0x0000, 0x0000, 0x0861, 0x0861,
  0x0861, 0x0861, 0x0861, 0x0000, 0x0000, 0x0000, 0x0000, 0x0020, 0x1082, 0x0861, 0x0861, 0x1082,
  0x0841, 0x0000, 0x0000, 0x0000, 0x0020, 0x0861, 0x10A2, 0x10C2, 0x10C2, 0x10C2, 0x10C2, 0x10C2,
  0x10C2, 0x10C2, 0x10C2, 0x10C2, 0x10C2, 0x10C2, 0x10C2, 0x10C2, 0x10C2, 0x10C2, 0x10C2, 0x10C2,
  0x18C2, 0x10A1, 0x0861, 0x0840, 0x10A2, 0x18C2, 0x10C2, 0x10C2, 0x10C2, 0x18C2, 0x1081, 0x7BEF,
  0xCE58, 0xCE79, 0x2944, 0x10A1, 0x18C2, 0x10C2, 0x10C2, 0x18C2, 0x1081, 0xDEDB, 0xFFFF, 0xFFFF,
  0xFFDF, 0x2944, 0x10A1, 0x18C2, 0x10C2, 0x10C2, 0x10C2, 0x18C2, 0x10A1, 0x2124, 0xCE59, 0xD699,
  0xCE59, 0x8C50, 0x0861, 0x18C2, 0x10C2, 0x10C2, 0x10C2, 0x10C2, 0x10C2, 0x0861, 0x10A1, 0x18C2,
  0x18E2, 0x18C2, 0x18C2, 0x10C2, 0x10C2, 0x10C2, 0x10C2, 0x10C2, 0x10C2, 0x10C2, 0x10C2, 0x10C2,
  0x10C2, 0x10C2, 0x10C2, 0x10C2, 0x10C2, 0x10A2, 0x1081, 0x0841, 0x0000, 0x0000, 0x0000, 0x0861,
  0x0861, 0x0861, 0x1082, 0x0841, 0x0000, 0x0000, 0x0000, 0x0000, 0x0020, 0x1082, 0x0861, 0x0861,
  0x1082, 0x0020, 0x0000, 0x0000, 0x0000, 0x0000, 0x0841, 0x1082, 0x0861, 0x0861, 0x1082, 0x0020,
  0x0000, 0x0000, 0x0000, 0x0000, 0x0841, 0x1082, 0x0861, 0x0861, 0x0861, 0x0000, 0x0000, 0x0000,
  0x0000, 0x0000, 0x0861, 0x0861, 0x0861, 0x0861, 0x0861, 0x0000, 0x0000, 0x0000, 0x0000, 0x0020,
  0x1082, 0x0861, 0x0861, 0x1082, 0x0841, 0x0000, 0x0000, 0x0000, 0x0000, 0x0020, 0x0861, 0x0861,
  0x0861, 0x0861, 0x0020, 0x0000, 0x0000, 0x0000, 0x0000, 0x0000, 0x0000, 0x0000, 0x0000, 0x0000,
  0x0000, 0x0000, 0x0000, 0x0000, 0x0000, 0x0000, 0x0000, 0x0000, 0x0000, 0x0000, 0x0841, 0x0020,
  0x0841, 0x0841, 0x0841, 0x0841, 0x0841, 0x0841, 0x0020, 0x0841, 0x0020, 0x0841, 0x0020, 0x0020,
  0x0841, 0x0020, 0x0020, 0x0020, 0x0841, 0x0841, 0x0841, 0x0841, 0x0841, 0x0020, 0x0020, 0x0020,
  0x0841, 0x0020, 0x0841, 0x0841, 0x0020, 0x0020, 0x0841, 0x0841, 0x0841, 0x0841, 0x0841, 0x0841,
  0x0020, 0x0020, 0x0020, 0x0020, 0x0841, 0x0020, 0x0020, 0x0841, 0x0841, 0x0020, 0x0020, 0x0020,
  0x0020, 0x0841, 0x0841, 0x0841, 0x0841, 0x0841, 0x0841, 0x0841, 0x0841, 0x0020, 0x0841, 0x0020,
  0x0021, 0x0841, 0x0840, 0x0881, 0x10A2, 0x10C2, 0x10A2, 0x10C2, 0x10C2, 0x10C2, 0x10C2, 0x10C2,
  0x10C2, 0x10C2, 0x10C2, 0x10C2, 0x10C2, 0x10C2, 0x10C2, 0x10C2, 0x10C2, 0x10C2, 0x10C2, 0x18C2,
  0x10A2, 0x2944, 0x4A49, 0x6B4C, 0x2144, 0x10A1, 0x18C2, 0x10C2, 0x10C2, 0x18E2, 0x0040, 0xA534,
  0xFFFF, 0xFFFF, 0x4207, 0x0861, 0x18C2, 0x10C2, 0x10C2, 0x10A2, 0x18C2, 0xD6BA, 0xFFDF, 0xF7BE,
  0xFFFF, 0x634C, 0x0840, 0x18E2, 0x10C2, 0x10C2, 0x10C2, 0x18E2, 0x0040, 0x73AE, 0xFFFF, 0xFFFF,
  0xFFFF, 0xB595, 0x0840, 0x18C2, 0x10C2, 0x10C2, 0x10C2, 0x10A2, 0x18C3, 0x4228, 0x2124, 0x0860,
  0x0040, 0x0861, 0x10A2, 0x18C2, 0x18C2, 0x10C2, 0x10C2, 0x10C2, 0x10C2, 0x10C2, 0x10C2, 0x10C2,
  0x18C2, 0x10C2, 0x10C2, 0x10C2, 0x10C2, 0x10C2, 0x18C2, 0x18C2, 0x10A2, 0x0861, 0x0841, 0x0020,
  0x0020, 0x0841, 0x0841, 0x0841, 0x0841, 0x0841, 0x0841, 0x0841, 0x0841, 0x0841, 0x0020, 0x0841,
  0x0841, 0x0020, 0x0841, 0x0841, 0x0841, 0x0841, 0x0841, 0x0020, 0x0841, 0x0020, 0x0841, 0x0841,
  0x0841, 0x0841, 0x0841, 0x0841, 0x0841, 0x0841, 0x0020, 0x0841, 0x0841, 0x0020, 0x0020, 0x0020,
  0x0020, 0x0020, 0x0020, 0x0020, 0x0020, 0x0020, 0x0020, 0x0841, 0x0841, 0x0841, 0x0841, 0x0841,
  0x0841, 0x0841, 0x0841, 0x0841, 0x0020, 0x0020, 0x0020, 0x0020, 0x0020, 0x0841, 0x0020, 0x0020,
  0x0020, 0x0841, 0x0000, 0x0000, 0x0000, 0x0000, 0x0000, 0x0000, 0x0000, 0x0000, 0x0000, 0x0000,
  0x0000, 0x0000, 0x0000, 0x0000, 0x0000, 0x0000, 0x0000, 0x0000, 0x0000, 0x0000, 0x0000, 0x0000,
  0x0000, 0x0000, 0x0841, 0x0861, 0x0861, 0x0861, 0x1082, 0x0020, 0x0000, 0x0000, 0x0000, 0x0000,
  0x0861, 0x0861, 0x0861, 0x0861, 0x0861, 0x0000, 0x0000, 0x0000, 0x0000, 0x0020, 0x1082, 0x0861,
  0x0861, 0x1082, 0x0841, 0x0000, 0x0000, 0x0000, 0x0000, 0x0841, 0x1082, 0x0861, 0x0861, 0x0861,
  0x0020, 0x0000, 0x0000, 0x0000, 0x0000, 0x0861, 0x0861, 0x0861, 0x0861, 0x0861, 0x0000, 0x0000,
  0x0000, 0x0000, 0x0000, 0x1082, 0x1082, 0x1082, 0x1082, 0x0861, 0x0000, 0x0000, 0x0000, 0x0000,
  0x0841, 0x10A2, 0x10C2, 0x18C2, 0x10C2, 0x10A2, 0x10A2, 0x10C2, 0x10C2, 0x10C2, 0x10C2, 0x10C2,
  0x10C2, 0x10C2, 0x18C2, 0x18C2, 0x18E2, 0x18C2, 0x10C2, 0x10C2, 0x10C2, 0x10C2, 0x18C2, 0x18E2,
  0x0040, 0x840F, 0xFFFF, 0xFFFF, 0x52AA, 0x0840, 0x18C2, 0x10C2, 0x10C2, 0x18E2, 0x0040, 0x73AE,
  0xFFFF, 0xFFFF, 0x5AEB, 0x0840, 0x18C2, 0x10C2, 0x18C2, 0x10A2, 0x18E3, 0xDEFB, 0xFFFF, 0xFFDF,
  0xFFFF, 0xAD75, 0x0840, 0x18C2, 0x10C2, 0x10C2, 0x18C2, 0x10C2, 0x10A2, 0xD6BA, 0xFFFF, 0xF7BE,
  0xFFFF, 0x9CD3, 0x0840, 0x18C2, 0x10C2, 0x10C2, 0x18C2, 0x1081, 0x31A6, 0xFFDF, 0xEF5D, 0xB5B6,
  0x7BEF, 0x4A48, 0x18E3, 0x0860, 0x0840, 0x10C2, 0x18C2, 0x10C2, 0x10C2, 0x10C2, 0x10C2, 0x10C2,
  0x10C2, 0x10C2, 0x10C2, 0x10C2, 0x10C2, 0x10C2, 0x10C2, 0x10C2, 0x18C2, 0x18C2, 0x10A2, 0x0841,
  0x0000, 0x0000, 0x0000, 0x0020, 0x1082, 0x1082, 0x0861, 0x1082, 0x0841, 0x0000, 0x0000, 0x0000,
  0x0000, 0x0841, 0x1082, 0x0861, 0x0861, 0x1082, 0x0020, 0x0000, 0x0000, 0x0000, 0x0000, 0x0841,
  0x1082, 0x1082, 0x0861, 0x0861, 0x0020, 0x0000, 0x0000, 0x0000, 0x0000, 0x0861, 0x0861, 0x0861,
  0x0861, 0x0861, 0x0000, 0x0000, 0x0000, 0x0000, 0x0000, 0x0861, 0x1082, 0x1082, 0x1082, 0x0861,
  0x0000, 0x0000, 0x0000, 0x0000, 0x0020, 0x1082, 0x0861, 0x0861, 0x1082, 0x0841, 0x0000, 0x0000,
  0x0000, 0x0000, 0x0000, 0x0000, 0x0000, 0x0000, 0x0000, 0x0000, 0x0000, 0x0000, 0x0000, 0x0000,
  0x0000, 0x0000, 0x0000, 0x0000, 0x0000, 0x0000, 0x0000, 0x0000, 0x0000, 0x0000, 0x0000, 0x0000,
  0x0000, 0x0000, 0x0841, 0x0861, 0x0861, 0x0861, 0x0861, 0x0020, 0x0000, 0x0000, 0x0000, 0x0000,
  0x0861, 0x0861, 0x0861, 0x0861, 0x0861, 0x0000, 0x0000, 0x0000, 0x0000, 0x0020, 0x0861, 0x0861,
  0x0861, 0x0861, 0x0841, 0x0000, 0x0000, 0x0000, 0x0000, 0x0841, 0x0861, 0x0861, 0x0861, 0x0861,
  0x0020, 0x0000, 0x0000, 0x0000, 0x0000, 0x0861, 0x0861, 0x0861, 0x0861, 0x0861, 0x0000, 0x0000,
  0x0000, 0x0000, 0x0000, 0x0861, 0x0861, 0x1081, 0x0861, 0x0841, 0x0000, 0x0000, 0x0840, 0x1082,
  0x10A2, 0x10C2, 0x10C2, 0x10A2, 0x10C2, 0x10C2, 0x10C2, 0x10C2, 0x10C2, 0x10C2, 0x10C2, 0x10C2,
  0x18C2, 0x18C2, 0x0881, 0x0840, 0x0840, 0x0861, 0x18C2, 0x18C2, 0x10C2, 0x10C2, 0x18C2, 0x18C2,
  0x0840, 0x630B, 0xFFFF, 0xFFFF, 0x73AE, 0x0040, 0x18E2, 0x10C2, 0x10C2, 0x18C2, 0x0840, 0x52AA,
  0xFFFF, 0xFFFF, 0x840F, 0x0040, 0x18E2, 0x10C2, 0x18C2, 0x10A2, 0x2104, 0xE73C, 0xFFFF, 0xD6BA,
  0xFFFF, 0xEF5D, 0x2124, 0x10A1, 0x18C2, 0x10C2, 0x18E2, 0x0840, 0x5ACA, 0xFFFF, 0xFFDF, 0xF7BE,
  0xFFFF, 0x9491, 0x0040, 0x18E2, 0x10C2, 0x10C2, 0x18C2, 0x0840, 0x632C, 0xFFFF, 0xFFFF, 0xFFFF,
  0xFFFF, 0xFFFF, 0xDEFB, 0xAD75, 0x630B, 0x10A2, 0x1081, 0x18C2, 0x10C2, 0x10C2, 0x10C2, 0x10C2,
  0x10C2, 0x10C2, 0x10C2, 0x10C2, 0x10C2, 0x10C2, 0x10C2, 0x10C2, 0x10C2, 0x10C2, 0x10C2, 0x18C2,
  0x10A2, 0x0861, 0x0000, 0x0020, 0x0861, 0x0861, 0x0861, 0x0861, 0x0841, 0x0000, 0x0000, 0x0000,
  0x0000, 0x0841, 0x0861, 0x0861, 0x0861, 0x0861, 0x0020, 0x0000, 0x0000, 0x0000, 0x0000, 0x0841,
  0x0861, 0x0861, 0x0861, 0x0861, 0x0020, 0x0000, 0x0000, 0x0000, 0x0000, 0x0861, 0x0861, 0x0861,
  0x0861, 0x0861, 0x0000, 0x0000, 0x0000, 0x0000, 0x0000, 0x0861, 0x0861, 0x0861, 0x0861, 0x0841,
  0x0000, 0x0000, 0x0000, 0x0000, 0x0020, 0x0861, 0x0861, 0x0861, 0x0861, 0x0841, 0x0000, 0x0000,
  0x0000, 0x0000, 0x0000, 0x0000, 0x0000, 0x0000, 0x0000, 0x0000, 0x0000, 0x0000, 0x0000, 0x0000,
  0x0000, 0x0000, 0x0000, 0x0000, 0x0000, 0x0000, 0x0000, 0x0000, 0x0000, 0x0000, 0x0000, 0x0000,
  0x0000, 0x0000, 0x0841, 0x0861, 0x0861, 0x0861, 0x0861, 0x0020, 0x0000, 0x0000, 0x0000, 0x0000,
  0x0861, 0x0861, 0x0861, 0x0861, 0x0861, 0x0000, 0x0000, 0x0000, 0x0000, 0x0020, 0x0861, 0x0861,
  0x0861, 0x0861, 0x0841, 0x0000, 0x0000, 0x0000, 0x0000, 0x0841, 0x0861, 0x0861, 0x0861, 0x0861,
  0x0020, 0x0000, 0x0000, 0x0000, 0x0000, 0x0861, 0x0861, 0x0861, 0x0861, 0x0861, 0x0000, 0x0000,
  0x0000, 0x0000, 0x0000, 0x0861, 0x0861, 0x0861, 0x0861, 0x0841, 0x0020, 0x1081, 0x10C2, 0x18C2,
  0x10C2, 0x10C2, 0x10C2, 0x10C2, 0x10C2, 0x10C2, 0x10C2, 0x10C2, 0x10C2, 0x10C2, 0x18C2, 0x18C2,
  0x0840, 0x1081, 0x39C6, 0x5ACB, 0x5AEB, 0x4207, 0x1081, 0x0861, 0x18C2, 0x10C2, 0x10C2, 0x18C2,
  0x0861, 0x4208, 0xFFFF, 0xFFFF, 0x9CD2, 0x0040, 0x18E2, 0x10C2, 0x10C2, 0x18C2, 0x0881, 0x39C6,
  0xFFDE, 0xFFFF, 0xA534, 0x0840, 0x18C2, 0x10C2, 0x18C2, 0x1081, 0x2944, 0xEF7D, 0xFFFF, 0x9491,
  0xDEFB, 0xFFFF, 0x5ACB, 0x0840, 0x18C2, 0x10C2, 0x18C2, 0x0860, 0xBDD7, 0xFFFF, 0xBDD7, 0xDEDA,
  0xFFFF, 0x8430, 0x0040, 0x18E2, 0x10C2, 0x10C2, 0x18C2, 0x0840, 0xA534, 0xFFFF, 0xF7BE, 0xA534,
  0xC617, 0xF79E, 0xFFFF, 0xFFFF, 0xFFFF, 0xC618, 0x2985, 0x1081, 0x18C2, 0x10C2, 0x10C2, 0x10C2,
  0x10C2, 0x18C2, 0x18C2, 0x10C2, 0x10C2, 0x10C2, 0x10C2, 0x10C2, 0x10C2, 0x10C2, 0x10C2, 0x10C2,
  0x10C2, 0x18C2, 0x10A2, 0x0861, 0x0862, 0x0861, 0x0861, 0x0861, 0x0841, 0x0000, 0x0000, 0x0000,
  0x0000, 0x0841, 0x0861, 0x0861, 0x0861, 0x1082, 0x0020, 0x0000, 0x0000, 0x0000, 0x0000, 0x0841,
  0x0861, 0x0861, 0x0861, 0x0861, 0x0020, 0x0000, 0x0000, 0x0000, 0x0000, 0x0861, 0x0861, 0x0861,
  0x0861, 0x0861, 0x0000, 0x0000, 0x0000, 0x0000, 0x0000, 0x0861, 0x0861, 0x0861, 0x0861, 0x0841,
  0x0000, 0x0000, 0x0000, 0x0000, 0x0020, 0x0861, 0x0861, 0x0861, 0x0861, 0x0841, 0x0000, 0x0000,
  0x0000, 0x0000, 0x0000, 0x0000, 0x0000, 0x0000, 0x0000, 0x0000, 0x0000, 0x0000, 0x0000, 0x0000,
  0x0000, 0x0000, 0x0000, 0x0000, 0x0000, 0x0000, 0x0000, 0x0000, 0x0000, 0x0000, 0x0000, 0x0000,
  0x0000, 0x0000, 0x0841, 0x1082, 0x0861, 0x0861, 0x1082, 0x0020, 0x0000, 0x0000, 0x0000, 0x0000,
  0x0861, 0x0861, 0x0861, 0x0861, 0x0861, 0x0000, 0x0000, 0x0000, 0x0000, 0x0020, 0x1082, 0x0861,
  0x0861, 0x1082, 0x0841, 0x0000, 0x0000, 0x0000, 0x0000, 0x0841, 0x1082, 0x0861, 0x0861, 0x0861,
  0x0020, 0x0000, 0x0000, 0x0000, 0x0000, 0x0861, 0x1082, 0x0861, 0x0861, 0x0861, 0x0000, 0x0000,
  0x0000, 0x0000, 0x0000, 0x1082, 0x0861, 0x0861, 0x1082, 0x1082, 0x10A2, 0x18C2, 0x10A2, 0x10C2,
  0x10C2, 0x10C2, 0x10C2, 0x10C2, 0x10C2, 0x10C2, 0x10C2, 0x10C2, 0x10C2, 0x18C2, 0x10A1, 0x1081,
  0x6B4C, 0xC638, 0xFFDF, 0xFFFF, 0xFFFF, 0xFFDF, 0xC618, 0x4228, 0x0861, 0x18C2, 0x10C2, 0x18C2,
  0x10A1, 0x2124, 0xEF5D, 0xFFFF, 0xB5D6, 0x0861, 0x18C2, 0x10C2, 0x10C2, 0x18C2, 0x10A2, 0x2103,
  0xE73C, 0xFFFF, 0xC638, 0x1081, 0x18C2, 0x10C2, 0x18C2, 0x1081, 0x3185, 0xF79E, 0xFFFF, 0x6B8D,
  0xA514, 0xFFFF, 0x9D13, 0x0840, 0x18C2, 0x18C2, 0x0861, 0x4207, 0xFFDF, 0xFFDF, 0x6B4C, 0xE73C,
  0xFFFF, 0x7BCE, 0x0840, 0x18E3, 0x18C2, 0x18C2, 0x10C2, 0x10A2, 0xD6BA, 0xFFFF, 0xE71C, 0x1081,
  0x0861, 0x2965, 0x5ACB, 0xAD55, 0xFFFF, 0xFFFF, 0xD6BA, 0x18E3, 0x10A2, 0x18C2, 0x10C2, 0x10C2,
  0x10A2, 0x0840, 0x0861, 0x18C2, 0x18C2, 0x18C2, 0x10C2, 0x10C2, 0x10C2, 0x10C2, 0x10C2, 0x10C2,
  0x10C2, 0x10C2, 0x18C2, 0x18C2, 0x10A2, 0x1082, 0x0861, 0x1081, 0x0841, 0x0000, 0x0000, 0x0000,
  0x0000, 0x0841, 0x1082, 0x0861, 0x0861, 0x1082, 0x0020, 0x0000, 0x0000, 0x0000, 0x0000, 0x0841,
  0x1082, 0x0861, 0x0861, 0x0861, 0x0020, 0x0000, 0x0000, 0x0000, 0x0000, 0x0861, 0x0861, 0x0861,
  0x0861, 0x0861, 0x0000, 0x0000, 0x0000, 0x0000, 0x0000, 0x0861, 0x0861, 0x0861, 0x1082, 0x0841,
  0x0000, 0x0000, 0x0000, 0x0000, 0x0020, 0x1082, 0x0861, 0x0861, 0x1082, 0x0841, 0x0000, 0x0000,
  0x0000, 0x0000, 0x0000, 0x0000, 0x0000, 0x0000, 0x0000, 0x0000, 0x0000, 0x0000, 0x0000, 0x0000,
  0x0000, 0x0000, 0x0000, 0x0000, 0x0000, 0x0000, 0x0000, 0x0000, 0x0000, 0x0000, 0x0841, 0x0841,
  0x0841, 0x0841, 0x0841, 0x0020, 0x0020, 0x0020, 0x0020, 0x0841, 0x0841, 0x0841, 0x0841, 0x0841,
  0x0020, 0x0020, 0x0020, 0x0020, 0x0020, 0x0841, 0x0841, 0x0841, 0x0841, 0x0841, 0x0020, 0x0020,
  0x0020, 0x0020, 0x0841, 0x0841, 0x0841, 0x0841, 0x0841, 0x0020, 0x0020, 0x0020, 0x0020, 0x0020,
  0x0841, 0x0841, 0x0841, 0x0841, 0x0841, 0x0841, 0x0020, 0x0020, 0x0020, 0x0020, 0x0841, 0x0841,
  0x0841, 0x0841, 0x0841, 0x0020, 0x0841, 0x10A1, 0x10A2, 0x10A2, 0x10C2, 0x10C2, 0x10C2, 0x10C2,
  0x10C2, 0x10C2, 0x10C2, 0x10C2, 0x10C2, 0x10C2, 0x10C2, 0x10C2, 0x18C2, 0x10A2, 0x18E2, 0xB596,
  0xFFFF, 0xFFFF, 0xFFFF, 0xDEFB, 0xEF5C, 0xFFFF, 0xFFFF, 0xF79E, 0x4208, 0x0881, 0x18C2, 0x10C2,
  0x10C2, 0x10A2, 0xD69A, 0xFFFF, 0xD6BA, 0x18C2, 0x10C2, 0x10C2, 0x10C2, 0x10C2, 0x18C2, 0x10A1,
  0xCE59, 0xFFFF, 0xE71B, 0x18E3, 0x10A2, 0x18C2, 0x18C2, 0x0881, 0x39C6, 0xF7BE, 0xFFFF, 0x6B4C,
  0x5AEA, 0xFFFF, 0xE71C, 0x18E3, 0x10A2, 0x18E2, 0x0840, 0x9CD3, 0xFFFF, 0xBDF7, 0x39C6, 0xFFFF,
  0xFFFF, 0x738D, 0x0040, 0x18E2, 0x10C2, 0x18C2, 0x0881, 0x39C6, 0xF7BE, 0xFFFF, 0xAD75, 0x0861,
  0x18E2, 0x1081, 0x0860, 0x0000, 0x8430, 0xFFFF, 0xFFFF, 0x7BCE, 0x0840, 0x18C2, 0x18C2, 0x10A2,
  0x18E3, 0x94B2, 0x4A69, 0x0861, 0x0840, 0x10A2, 0x18E2, 0x18C2, 0x10C2, 0x10C2, 0x18C2, 0x18C2,
  0x10C2, 0x10C2, 0x10C2, 0x10C2, 0x10C2, 0x10C2, 0x10A2, 0x0861, 0x0841, 0x0841, 0x0841, 0x0841,
  0x0841, 0x0841, 0x0020, 0x0020, 0x0020, 0x0020, 0x0841, 0x0841, 0x0841, 0x0841, 0x0841, 0x0020,
  0x0020, 0x0020, 0x0020, 0x0020, 0x0841, 0x0841, 0x0841, 0x0841, 0x0841, 0x0020, 0x0020, 0x0020,
  0x0020, 0x0020, 0x0841, 0x0841, 0x0841, 0x0841, 0x0841, 0x0020, 0x0020, 0x0020, 0x0020, 0x0020,
  0x0841, 0x0841, 0x0841, 0x0841, 0x0841, 0x0020, 0x0020, 0x0020, 0x0020, 0x0841, 0x0841, 0x0841,
  0x0841, 0x0841, 0x0020, 0x0000, 0x0000, 0x0000, 0x0000, 0x0000, 0x0000, 0x0000, 0x0000, 0x0000,
  0x0000, 0x0000, 0x0000, 0x0000, 0x0000, 0x0000, 0x0000, 0x0000, 0x0000, 0x0020, 0x1082, 0x0861,
  0x0861, 0x1082, 0x0020, 0x0000, 0x0000, 0x0000, 0x0000, 0x0841, 0x1082, 0x1082, 0x1082, 0x0861,
  0x0000, 0x0000, 0x0000, 0x0000, 0x0000, 0x0861, 0x0861, 0x0861, 0x1082, 0x0861, 0x0000, 0x0000,
  0x0000, 0x0000, 0x0020, 0x1082, 0x0861, 0x0861, 0x1082, 0x0020, 0x0000, 0x0000, 0x0000, 0x0000,
  0x0861, 0x1082, 0x0861, 0x0861, 0x0861, 0x0000, 0x0000, 0x0000, 0x0000, 0x0000, 0x1081, 0x1082,
  0x0861, 0x1082, 0x0861, 0x0861, 0x10A2, 0x10C2, 0x10C2, 0x10A2, 0x10C2, 0x10C2, 0x10C2, 0x10C2,
  0x10C2, 0x10C2, 0x10C2, 0x10C2, 0x10C2, 0x10C2, 0x10C2, 0x10C2, 0x18C2, 0x0861, 0xAD75, 0xFFFF,
  0xFFDF, 0x94B2, 0x39C6, 0x1903, 0x2103, 0x8430, 0xFFFF, 0xFFFF, 0xB5B6, 0x0860, 0x18C2, 0x10C2,
  0x18C2, 0x0860, 0xB5B6, 0xFFFF, 0xF79D, 0x2965, 0x1081, 0x18C2, 0x10C2, 0x10C2, 0x18E2, 0x0840,
  0xAD75, 0xFFFF, 0xF7BE, 0x31A6, 0x1081, 0x18C2, 0x18C2, 0x0861, 0x4207, 0xFFDF, 0xFFFF, 0x738D,
  0x1903, 0xF7BE, 0xFFFF, 0x5289, 0x0861, 0x10A2, 0x2964, 0xEF7D, 0xFFFF, 0x5ACB, 0x4228, 0xFFFF,
  0xFFFF, 0x632C, 0x0840, 0x18C2, 0x10C2, 0x18C2, 0x0840, 0x738D, 0xFFFF, 0xFFFF, 0x73AE, 0x0040,
  0x18E2, 0x18C2, 0x18E2, 0x10A2, 0x2103, 0xEF5D, 0xFFFF, 0xB5B6, 0x0840, 0x18C2, 0x18E2, 0x0840,
  0x738D, 0xFFFF, 0xFFFF, 0xBDF7, 0x630C, 0x18E2, 0x0040, 0x10A1, 0x18E2, 0x18C2, 0x10C2, 0x10C2,
  0x10C2, 0x10C2, 0x10C2, 0x10C2, 0x10C2, 0x10C2, 0x18C2, 0x10A2, 0x1082, 0x1082, 0x1082, 0x0861,
  0x1082, 0x0020, 0x0000, 0x0000, 0x0000, 0x0000, 0x0841, 0x1082, 0x0861, 0x0861, 0x1082, 0x0020,
  0x0000, 0x0000, 0x0000, 0x0000, 0x0841, 0x1082, 0x1082, 0x0861, 0x0861, 0x0000, 0x0000, 0x0000,
  0x0000, 0x0000, 0x0861, 0x1082, 0x1082, 0x1082, 0x0861, 0x0000, 0x0000, 0x0000, 0x0000, 0x0020,
  0x0861, 0x0861, 0x1082, 0x1082, 0x0841, 0x0000, 0x0000, 0x0000, 0x0000, 0x0020, 0x1082, 0x0861,
  0x0861, 0x1082, 0x0020, 0x0000, 0x0000, 0x0000, 0x0000, 0x0000, 0x0000, 0x0000, 0x0000, 0x0000,
  0x0000, 0x0000, 0x0000, 0x0000, 0x0000, 0x0000, 0x0000, 0x0000, 0x0000, 0x0020, 0x0861, 0x0861,
  0x0861, 0x0861, 0x0020, 0x0000, 0x0000, 0x0000, 0x0000, 0x0841, 0x1082, 0x0861, 0x0861, 0x0861,
  0x0000, 0x0000, 0x0000, 0x0000, 0x0020, 0x0861, 0x0861, 0x0861, 0x0861, 0x0841, 0x0000, 0x0000,
  0x0000, 0x0000, 0x0020, 0x0861, 0x0861, 0x0861, 0x0861, 0x0020, 0x0000, 0x0000, 0x0000, 0x0000,
  0x0841, 0x0861, 0x0861, 0x0861, 0x0861, 0x0020, 0x0000, 0x0000, 0x0000, 0x0000, 0x0862, 0x0862,
  0x0861, 0x1082, 0x10A2, 0x10C2, 0x10C2, 0x10C2, 0x10A2, 0x10C2, 0x10C2, 0x10C2, 0x10C2, 0x10C2,
  0x18C2, 0x10C2, 0x10C2, 0x10C2, 0x10C2, 0x10C2, 0x10C2, 0x18C2, 0x0861, 0x4A69, 0xFFFF, 0xFFFF,
  0x8450, 0x0000, 0x1081, 0x10A2, 0x1081, 0x0840, 0x8C71, 0x7BCE, 0x2965, 0x10A2, 0x10C2, 0x10C2,
  0x18E2, 0x0020, 0x94B2, 0xFFFF, 0xFFFF, 0x4228, 0x0861, 0x18C2, 0x10C2, 0x10C2, 0x18E2, 0x0040,
  0x8430, 0xFFFF, 0xFFFF, 0x4A69, 0x0860, 0x18C2, 0x18C2, 0x0861, 0x4A49, 0xFFFF, 0xFFFF, 0x73AE,
  0x0000, 0xBDF7, 0xFFFF, 0x94B2, 0x0860, 0x0840, 0x7BEF, 0xFFFF, 0xDEFB, 0x0861, 0x632C, 0xFFFF,
  0xFFFF, 0x5ACB, 0x0840, 0x18C2, 0x10C2, 0x18E2, 0x0840, 0xA534, 0xFFFF, 0xFFDF, 0x4227, 0x1081,
  0x18E3, 0x18C2, 0x18C2, 0x10C2, 0x2103, 0xE73C, 0xFFFF, 0xBDF7, 0x0861, 0x18C2, 0x18C2, 0x1081,
  0x4228, 0xAD75, 0xFFDF, 0xFFFF, 0xFFFF, 0xDEDB, 0x7BEF, 0x2944, 0x0040, 0x0881, 0x18C2, 0x18C2,
  0x10C2, 0x10C2, 0x10C2, 0x10C2, 0x10C2, 0x10C2, 0x10C2, 0x10C2, 0x18C2, 0x10A2, 0x1082, 0x0861,
  0x0861, 0x0841, 0x0000, 0x0000, 0x0000, 0x0000, 0x0841, 0x0861, 0x0861, 0x0861, 0x0861, 0x0020,
  0x0000, 0x0000, 0x0000, 0x0000, 0x0861, 0x0861, 0x0861, 0x0861, 0x0861, 0x0000, 0x0000, 0x0000,
  0x0000, 0x0000, 0x0861, 0x0861, 0x0861, 0x0861, 0x0861, 0x0000, 0x0000, 0x0000, 0x0000, 0x0020,
  0x0861, 0x0861, 0x0861, 0x1082, 0x0841, 0x0000, 0x0000, 0x0000, 0x0000, 0x0841, 0x0861, 0x0861,
  0x0861, 0x0861, 0x0020, 0x0000, 0x0000, 0x0000, 0x0000, 0x0000, 0x0000, 0x0000, 0x0000, 0x0000,
  0x0000, 0x0000, 0x0000, 0x0000, 0x0000, 0x0000, 0x0000, 0x0000, 0x0000, 0x0020, 0x0861, 0x0861,
  0x0861, 0x0861, 0x0020, 0x0000, 0x0000, 0x0000, 0x0000, 0x0841, 0x0861, 0x0861, 0x0861, 0x0861,
  0x0000, 0x0000, 0x0000, 0x0000, 0x0000, 0x0861, 0x0861, 0x0861, 0x0861, 0x0841, 0x0000, 0x0000,
  0x0000, 0x0000, 0x0020, 0x0861, 0x0861, 0x0861, 0x0861, 0x0020, 0x0000, 0x0000, 0x0000, 0x0000,
  0x0841, 0x0861, 0x0861, 0x0861, 0x0861, 0x0020, 0x0000, 0x0000, 0x0000, 0x0000, 0x0861, 0x1082,
  0x10A2, 0x10A2, 0x10A2, 0x10A2, 0x10A2, 0x10C2, 0x10A2, 0x10C2, 0x10C2, 0x10C2, 0x10C2, 0x10A2,
  0x0860, 0x10A2, 0x10C2, 0x10C2, 0x10C2, 0x10C2, 0x10C2, 0x18E2, 0x0020, 0x8C51, 0xFFFF, 0xFFDF,
  0x31A6, 0x10A2, 0x18E3, 0x18C2, 0x18E2, 0x18E3, 0x0861, 0x0840, 0x1081, 0x10C2, 0x10C2, 0x10C2,
  0x18E2, 0x0040, 0x738D, 0xFFFF, 0xFFFF, 0x632C, 0x0840, 0x18C2, 0x10C2, 0x10C2, 0x18C2, 0x0840,
  0x632C, 0xFFFF, 0xFFFF, 0x6B6D, 0x0840, 0x18C2, 0x18C2, 0x0840, 0x52AA, 0xFFFF, 0xFFFF, 0x73AE,
  0x0000, 0x73AE, 0xFFFF, 0xD6DA, 0x10A2, 0x18C2, 0xDEDB, 0xFFFF, 0x8410, 0x0000, 0x7BEF, 0xFFFF,
  0xFFFF, 0x4A69, 0x0860, 0x18C2, 0x18C2, 0x10C2, 0x18C2, 0xDEDB, 0xFFFF, 0xDEFB, 0x10A2, 0x0020,
  0x0860, 0x1081, 0x18C2, 0x0000, 0x52AA, 0xFFFF, 0xFFFF, 0x9CD2, 0x0040, 0x18C2, 0x10C2, 0x18C2,
  0x0861, 0x0860, 0x39E7, 0x9CD2, 0xE73C, 0xFFFF, 0xFFFF, 0xEF5D, 0x9CD2, 0x39E7, 0x0861, 0x0860,
  0x10A2, 0x10C2, 0x10C2, 0x10C2, 0x10C2, 0x10C2, 0x10C2, 0x10C2, 0x10C2, 0x10C2, 0x10C2, 0x10A2,
  0x1082, 0x0021, 0x0000, 0x0000, 0x0000, 0x0000, 0x0841, 0x0861, 0x0861, 0x0861, 0x0861, 0x0020,
  0x0000, 0x0000, 0x0000, 0x0000, 0x0861, 0x0861, 0x0861, 0x0861, 0x0861, 0x0000, 0x0000, 0x0000,
  0x0000, 0x0000, 0x0861, 0x0861, 0x0861, 0x0861, 0x0861, 0x0000, 0x0000, 0x0000, 0x0000, 0x0020,
  0x0861, 0x0861, 0x0861, 0x0861, 0x0841, 0x0000, 0x0000, 0x0000, 0x0000, 0x0841, 0x0861, 0x0861,
  0x0861, 0x0861, 0x0020, 0x0000, 0x0000, 0x0000, 0x0000, 0x0000, 0x0000, 0x0000, 0x0000, 0x0000,
  0x0000, 0x0000, 0x0000, 0x0000, 0x0000, 0x0000, 0x0000, 0x0000, 0x0000, 0x0020, 0x1082, 0x0861,
  0x0861, 0x1082, 0x0020, 0x0000, 0x0000, 0x0000, 0x0000, 0x0841, 0x1082, 0x0861, 0x0861, 0x0861,
  0x0000, 0x0000, 0x0000, 0x0000, 0x0000, 0x0861, 0x0861, 0x1082, 0x1082, 0x0841, 0x0000, 0x0000,
  0x0000, 0x0000, 0x0841, 0x1082, 0x0861, 0x0861, 0x1082, 0x0020, 0x0000, 0x0000, 0x0000, 0x0000,
  0x0841, 0x0861, 0x0861, 0x0861, 0x0861, 0x0000, 0x0000, 0x0000, 0x0000, 0x0000, 0x1081, 0x10A2,
  0x10C2, 0x10C2, 0x10A2, 0x10A2, 0x10A2, 0x10A2, 0x10C2, 0x10C2, 0x10C2, 0x10C2, 0x10C2, 0x18C2,
  0x5289, 0xC658, 0x52AA, 0x0840, 0x18C2, 0x10C2, 0x10C2, 0x18E2, 0x0020, 0x8C50, 0xFFFF, 0xFFFF,
  0x632C, 0x0000, 0x0860, 0x0860, 0x0840, 0x0840, 0x0861, 0x1081, 0x10C2, 0x18C2, 0x10C2, 0x10C2,
  0x18C2, 0x0860, 0x4A69, 0xFFFF, 0xFFFF, 0x8430, 0x0020, 0x18E2, 0x10C2, 0x10C2, 0x18C2, 0x0861,
  0x4228, 0xFFFF, 0xFFFF, 0x94B2, 0x0040, 0x18E2, 0x18C2, 0x0840, 0x630C, 0xFFFF, 0xFFFF, 0x6B6D,
  0x0000, 0x31A6, 0xF7BE, 0xFFFF, 0x39C6, 0x52AA, 0xFFFF, 0xEF7D, 0x2965, 0x0000, 0x8C71, 0xFFFF,
  0xFFFF, 0x4228, 0x0861, 0x18C2, 0x18C2, 0x0861, 0x4207, 0xFFFF, 0xFFFF, 0xF7BE, 0xC618, 0x8C51,
  0x52AA, 0x2965, 0x18E3, 0x4A48, 0xDEFB, 0xFFFF, 0xFFFF, 0x4A89, 0x0861, 0x18C2, 0x10C2, 0x10C2,
  0x18C2, 0x18C2, 0x1081, 0x0000, 0x634C, 0xFFFF, 0xF7BE, 0xFFFF, 0xFFFF, 0xFFDF, 0xB596, 0x52AA,
  0x18E3, 0x10C2, 0x10C2, 0x10C2, 0x10C2, 0x10C2, 0x10C2, 0x10C2, 0x10C2, 0x10C2, 0x10C2, 0x10C2,
  0x18C2, 0x1081, 0x0000, 0x0000, 0x0000, 0x0000, 0x0841, 0x1082, 0x0861, 0x0861, 0x1082, 0x0020,
  0x0000, 0x0000, 0x0000, 0x0000, 0x0841, 0x1082, 0x0861, 0x0861, 0x0861, 0x0000, 0x0000, 0x0000,
  0x0000, 0x0000, 0x0861, 0x0861, 0x0861, 0x1082, 0x0861, 0x0000, 0x0000, 0x0000, 0x0000, 0x0020,
  0x1082, 0x0861, 0x0861, 0x1082, 0x0841, 0x0000, 0x0000, 0x0000, 0x0000, 0x0841, 0x1082, 0x0861,
  0x0861, 0x1082, 0x0020, 0x0000, 0x0000, 0x0000, 0x0000, 0x0000, 0x0000, 0x0000, 0x0000, 0x0000,
  0x0000, 0x0000, 0x0000, 0x0000, 0x0000, 0x0000, 0x0000, 0x0000, 0x0000, 0x0000, 0x0020, 0x0020,
  0x0020, 0x0020, 0x0841, 0x0841, 0x0841, 0x0841, 0x0841, 0x0020, 0x0020, 0x0020, 0x0020, 0x0020,
  0x0841, 0x0841, 0x0841, 0x0841, 0x0841, 0x0020, 0x0020, 0x0020, 0x0020, 0x0020, 0x0841, 0x0841,
  0x0841, 0x0841, 0x0841, 0x0020, 0x0020, 0x0020, 0x0020, 0x0841, 0x0841, 0x0841, 0x0841, 0x0841,
  0x0020, 0x0020, 0x0020, 0x0020, 0x0020, 0x0841, 0x0841, 0x0841, 0x0841, 0x1081, 0x10C2, 0x10C2,
  0x10C2, 0x10C2, 0x10C2, 0x10C2, 0x10C2, 0x10C2, 0x10C2, 0x10C2, 0x10C2, 0x18C2, 0x0861, 0x4228,
  0xFFFF, 0xFFFF, 0xCE59, 0x1081, 0x18C2, 0x10C2, 0x10C2, 0x18C2, 0x0861, 0x4A48, 0xFFFF, 0xFFFF,
  0xEF7D, 0x8430, 0x5AEB, 0x52AA, 0x5ACA, 0x5AEB, 0x5ACA, 0x39E7, 0x18C2, 0x0840, 0x10C2, 0x18C2,
  0x18C2, 0x1081, 0x31A5, 0xF79E, 0xFFFF, 0xAD54, 0x0840, 0x18C2, 0x10C2, 0x10C2, 0x18C2, 0x1081,
  0x3185, 0xF79E, 0xFFFF, 0xAD75, 0x0840, 0x18C2, 0x18E2, 0x0040, 0x6B6D, 0xFFFF, 0xFFFF, 0x630B,
  0x0860, 0x1081, 0xBDF7, 0xFFFF, 0x8430, 0xB596, 0xFFFF, 0x9CD2, 0x0860, 0x0860, 0x9CD2, 0xFFFF,
  0xFFDF, 0x39E7, 0x0881, 0x18C2, 0x18E2, 0x0840, 0x738E, 0xFFFF, 0xFFDF, 0xFFFF, 0xFFFF, 0xFFFF,
  0xFFFF, 0xEF7D, 0xE71C, 0xFFFF, 0xFFFF, 0xFFFF, 0xA514, 0x0861, 0x18C2, 0x10C2, 0x10C2, 0x10C2,
  0x10C2, 0x10C2, 0x18E2, 0x0881, 0xBDD6, 0xFFFF, 0xFFDF, 0x8C51, 0xBDD7, 0xFFFF, 0xFFFF, 0xFFFF,
  0x8430, 0x0840, 0x18C2, 0x10C2, 0x18C2, 0x18C2, 0x10C2, 0x10C2, 0x10C2, 0x10C2, 0x10C2, 0x10C2,
  0x10C2, 0x18C2, 0x10A2, 0x0861, 0x0841, 0x0841, 0x0020, 0x0020, 0x0020, 0x0020, 0x0020, 0x0841,
  0x0841, 0x0841, 0x0841, 0x0841, 0x0020, 0x0020, 0x0020, 0x0020, 0x0020, 0x0841, 0x0841, 0x0841,
  0x0841, 0x0841, 0x0020, 0x0020, 0x0020, 0x0020, 0x0020, 0x0841, 0x0841, 0x0841, 0x0841, 0x0841,
  0x0020, 0x0020, 0x0020, 0x0020, 0x0020, 0x0841, 0x0841, 0x0841, 0x0841, 0x0841, 0x0020, 0x0020,
  0x0020, 0x0020, 0x0000, 0x0000, 0x0000, 0x0000, 0x0000, 0x0000, 0x0000, 0x0000, 0x0000, 0x0000,
  0x0000, 0x0000, 0x0000, 0x0000, 0x0000, 0x0000, 0x0000, 0x0000, 0x0000, 0x0000, 0x0000, 0x0000,
  0x0000, 0x0000, 0x0841, 0x1082, 0x0861, 0x0861, 0x1082, 0x0020, 0x0000, 0x0000, 0x0000, 0x0000,
  0x0861, 0x0861, 0x0861, 0x0861, 0x0861, 0x0000, 0x0000, 0x0000, 0x0000, 0x0020, 0x1082, 0x0861,
  0x0861, 0x1082, 0x0841, 0x0000, 0x0000, 0x0000, 0x0000, 0x0841, 0x1082, 0x0861, 0x0861, 0x0861,
  0x0020, 0x0000, 0x0000, 0x0000, 0x0000, 0x0861, 0x1082, 0x1082, 0x10A2, 0x18C2, 0x10C2, 0x10C2,
  0x10C2, 0x10C2, 0x10C2, 0x10C2, 0x18C2, 0x18C2, 0x10C2, 0x10C2, 0x10C2, 0x10C2, 0x18C2, 0x1081,
  0xBDD7, 0xFFFF, 0xFFFF, 0x6B4C, 0x0840, 0x18E2, 0x10C2, 0x10C2, 0x18C2, 0x0861, 0x9CF3, 0xFFFF,
  0xFFFF, 0xFFFF, 0xFFFF, 0xFFFF, 0xFFFF, 0xFFFF, 0xFFFF, 0xFFDF, 0xDEDB, 0x7BEF, 0x10A1, 0x10A2,
  0x18C2, 0x10A2, 0x18E3, 0xDEFB, 0xFFFF, 0xCE79, 0x1081, 0x18C2, 0x10C2, 0x10C2, 0x18C2, 0x10A1,
  0x2985, 0xF7BE, 0xFFFF, 0xAD55, 0x0840, 0x18C2, 0x18E2, 0x0040, 0x7BCF, 0xFFFF, 0xFFFF, 0x5ACA,
  0x0861, 0x0840, 0x7BCE, 0xFFFF, 0xEF5D, 0xF7BE, 0xFFDF, 0x39E7, 0x1081, 0x0860, 0xA534, 0xFFFF,
  0xF79E, 0x3185, 0x1081, 0x18C2, 0x18C2, 0x0840, 0xAD55, 0xFFFF, 0xF7BE, 0x630C, 0x738D, 0xB595,
  0xE71C, 0xFFFF, 0xFFFF, 0xFFFF, 0xEF7D, 0x8C51, 0x10A2, 0x10A2, 0x18C2, 0x10C2, 0x10C2, 0x10C2,
  0x10C2, 0x18C2, 0x0861, 0x4207, 0xFFDF, 0xFFFF, 0xC638, 0x0020, 0x1081, 0x4A49, 0xAD54, 0xEF7D,
  0x4228, 0x0861, 0x18C2, 0x18C2, 0x10A2, 0x10A2, 0x18E2, 0x10C2, 0x10C2, 0x10C2, 0x10C2, 0x10C2,
  0x10C2, 0x10C2, 0x18C2, 0x18C2, 0x10A2, 0x1082, 0x0020, 0x0000, 0x0000, 0x0000, 0x0000, 0x0841,
  0x1082, 0x0861, 0x0861, 0x0861, 0x0020, 0x0000, 0x0000, 0x0000, 0x0000, 0x0861, 0x0861, 0x0861,
  0x0861, 0x0861, 0x0000, 0x0000, 0x0000, 0x0000, 0x0000, 0x0861, 0x0861, 0x0861, 0x1082, 0x0841,
  0x0000, 0x0000, 0x0000, 0x0000, 0x0020, 0x1082, 0x0861, 0x0861, 0x0861, 0x0020, 0x0000, 0x0000,
  0x0000, 0x0000, 0x0000, 0x0000, 0x0000, 0x0000, 0x0000, 0x0000, 0x0000, 0x0000, 0x0000, 0x0000,
  0x0000, 0x0000, 0x0000, 0x0000, 0x0000, 0x0000, 0x0000, 0x0000, 0x0000, 0x0000, 0x0000, 0x0000,
  0x0000, 0x0000, 0x0841, 0x0861, 0x0861, 0x0861, 0x0861, 0x0020, 0x0000, 0x0000, 0x0000, 0x0000,
  0x0861, 0x0861, 0x0861, 0x0861, 0x0861, 0x0000, 0x0000, 0x0000, 0x0000, 0x0020, 0x0861, 0x0861,
  0x0861, 0x0861, 0x0841, 0x0000, 0x0000, 0x0000, 0x0000, 0x0841, 0x0861, 0x0861, 0x0861, 0x0861,
  0x0020, 0x0000, 0x0000, 0x0000, 0x0000, 0x0861, 0x1082, 0x10A2, 0x10C2, 0x10C2, 0x10C2, 0x10C2,
  0x10C2, 0x10C2, 0x10C2, 0x18C2, 0x10A2, 0x1081, 0x18E2, 0x18C2, 0x10C2, 0x10C2, 0x18C2, 0x0861,
  0x4207, 0xFFDF, 0xFFFF, 0xDEFB, 0x18C3, 0x10A2, 0x18C2, 0x10C2, 0x18C2, 0x10A2, 0x1081, 0x73AE,
  0xCE79, 0xF79E, 0xFFFF, 0xFFFF, 0xFFFF, 0xFFDF, 0xFFFF, 0xFFFF, 0xFFFF, 0xFFFF, 0x9CD3, 0x0861,
  0x18C2, 0x18C2, 0x0861, 0xBDF7, 0xFFFF, 0xF7BE, 0x39E6, 0x0020, 0x18C2, 0x18C2, 0x10A2, 0x0000,
  0x7BCF, 0xFFFF, 0xFFFF, 0x7BCE, 0x0040, 0x18E2, 0x18E2, 0x0020, 0x8430, 0xFFFF, 0xFFFF, 0x4A69,
  0x0861, 0x1081, 0x31A6, 0xF7BE, 0xFFFF, 0xFFFF, 0xB5B6, 0x0860, 0x18E3, 0x0840, 0xAD95, 0xFFFF,
  0xEF7D, 0x2944, 0x1081, 0x18C2, 0x10A2, 0x18E3, 0xDEFB, 0xFFFF, 0xDEBA, 0x0881, 0x0020, 0x0860,
  0x2103, 0x4208, 0x5ACA, 0x5289, 0x2965, 0x0840, 0x10C2, 0x18C2, 0x10C2, 0x10C2, 0x10C2, 0x10C2,
  0x10C2, 0x18E2, 0x0040, 0xA513, 0xFFFF, 0xFFFF, 0x632C, 0x0860, 0x18E3, 0x0860, 0x0861, 0x2965,
  0x10C2, 0x10C2, 0x18C2, 0x10A2, 0x2103, 0x2124, 0x0020, 0x10A2, 0x10C2, 0x10C2, 0x10C2, 0x10C2,
  0x10C2, 0x10C2, 0x10C2, 0x10C2, 0x10A2, 0x10A2, 0x0020, 0x0000, 0x0000, 0x0000, 0x0000, 0x0841,
  0x0861, 0x0861, 0x0861, 0x0861, 0x0020, 0x0000, 0x0000, 0x0000, 0x0000, 0x0861, 0x0861, 0x0861,
  0x0861, 0x0861, 0x0000, 0x0000, 0x0000, 0x0000, 0x0000, 0x0861, 0x0861, 0x0861, 0x0861, 0x0841,
  0x0000, 0x0000, 0x0000, 0x0000, 0x0020, 0x0861, 0x0861, 0x0861, 0x0861, 0x0020, 0x0000, 0x0000,
  0x0000, 0x0000, 0x0000, 0x0000, 0x0000, 0x0000, 0x0000, 0x0000, 0x0000, 0x0000, 0x0000, 0x0000,
  0x0000, 0x0000, 0x0000, 0x0000, 0x0000, 0x0000, 0x0000, 0x0000, 0x0000, 0x0000, 0x0000, 0x0000,
  0x0000, 0x0000, 0x0841, 0x0861, 0x0861, 0x0861, 0x0861, 0x0020, 0x0000, 0x0000, 0x0000, 0x0000,
  0x0861, 0x0861, 0x0861, 0x0861, 0x0861, 0x0000, 0x0000, 0x0000, 0x0000, 0x0000, 0x0861, 0x0861,
  0x0861, 0x0861, 0x0841, 0x0000, 0x0000, 0x0000, 0x0000, 0x0841, 0x0861, 0x0861, 0x0861, 0x0861,
  0x0020, 0x0000, 0x0000, 0x0000, 0x0000, 0x10A2, 0x10C2, 0x10C2, 0x10C2, 0x10C2, 0x10C2, 0x10C2,
  0x10C2, 0x10C2, 0x10C2, 0x0040, 0x18E3, 0x3185, 0x0040, 0x10A2, 0x18E2, 0x10C2, 0x10C2, 0x18E2,
  0x0840, 0xA514, 0xFFFF, 0xFFFF, 0x840F, 0x0020, 0x18E2, 0x10C2, 0x10C2, 0x18C2, 0x18C2, 0x0840,
  0x10A2, 0x3185, 0x4207, 0x4228, 0x4207, 0x39E7, 0x4207, 0x738E, 0xEF5D, 0xFFFF, 0xFFFF, 0x4228,
  0x0861, 0x18E3, 0x0840, 0x6B4C, 0xFFFF, 0xFFFF, 0xCE79, 0x31C6, 0x1081, 0x1081, 0x2103, 0x7BCE,
  0xF79E, 0xFFFF, 0xE71C, 0x2103, 0x10A2, 0x18C2, 0x18E2, 0x0020, 0x9CD3, 0xFFFF, 0xFFFF, 0x4228,
  0x0861, 0x18E2, 0x1081, 0xCE58, 0xFFFF, 0xFFFF, 0x52AA, 0x0860, 0x18E3, 0x0861, 0xB5B6, 0xFFDF,
  0xE71C, 0x2103, 0x10A2, 0x18C2, 0x0861, 0x4208, 0xFFFF, 0xFFFF, 0xA534, 0x0840, 0x18E3, 0x18C2,
  0x10A2, 0x0861, 0x0840, 0x0860, 0x1081, 0x18C2, 0x18C2, 0x10C2, 0x10C2, 0x10C2, 0x10C2, 0x10C2,
  0x18C2, 0x1081, 0x2965, 0xF79D, 0xFFFF, 0xDEDB, 0x18C2, 0x10A2, 0x18C2, 0x18C2, 0x18C2, 0x1081,
  0x10C2, 0x10C2, 0x18E2, 0x0020, 0x9491, 0xE71C, 0x632C, 0x18C2, 0x10A2, 0x10C2, 0x10C2, 0x10C2,
  0x10C2, 0x10C2, 0x10C2, 0x10C2, 0x10C2, 0x18C2, 0x10A2, 0x0020, 0x0000, 0x0000, 0x0000, 0x0841,
  0x0861, 0x0861, 0x0861, 0x0861, 0x0020, 0x0000, 0x0000, 0x0000, 0x0000, 0x0861, 0x0861, 0x0861,
  0x0861, 0x0861, 0x0000, 0x0000, 0x0000, 0x0000, 0x0000, 0x0861, 0x0861, 0x0861, 0x0861, 0x0841,
  0x0000, 0x0000, 0x0000, 0x0000, 0x0020, 0x0861, 0x0861, 0x0861, 0x0861, 0x0020, 0x0000, 0x0000,
  0x0000, 0x0000, 0x0000, 0x0000, 0x0000, 0x0000, 0x0000, 0x0000, 0x0000, 0x0000, 0x0000, 0x0000,
  0x0000, 0x0000, 0x0000, 0x0000, 0x0000, 0x0000, 0x0000, 0x0000, 0x0000, 0x0000, 0x0000, 0x0000,
  0x0000, 0x0000, 0x0841, 0x0861, 0x0861, 0x0861, 0x0861, 0x0020, 0x0000, 0x0000, 0x0000, 0x0000,
  0x0861, 0x0861, 0x0861, 0x0861, 0x0861, 0x0000, 0x0000, 0x0000, 0x0000, 0x0020, 0x0861, 0x0861,
  0x0861, 0x1082, 0x0841, 0x0000, 0x0000, 0x0000, 0x0000, 0x0841, 0x0861, 0x0861, 0x0861, 0x0861,
  0x0020, 0x0000, 0x0000, 0x0020, 0x10A2, 0x18C2, 0x10C2, 0x10C2, 0x10C2, 0x10C2, 0x10C2, 0x10C2,
  0x10C2, 0x10C2, 0x18C2, 0x5AEB, 0xD6BA, 0xF79E, 0x8430, 0x18E3, 0x0840, 0x18C2, 0x18C2, 0x18C2,
  0x1081, 0x2985, 0xF79E, 0xFFFF, 0xEF5D, 0x2944, 0x1081, 0x18C2, 0x10C2, 0x10C2, 0x10C2, 0x18C2,
  0x18C2, 0x10A2, 0x0881, 0x0861, 0x0861, 0x0881, 0x1081, 0x0000, 0x630C, 0xFFFF, 0xFFFF, 0x8C50,
  0x0040, 0x18E2, 0x10C2, 0x1081, 0xB5B6, 0xFFFF, 0xFFFF, 0xF7BE, 0xCE58, 0xC638, 0xEF5D, 0xFFFF,
  0xFFFF, 0xE71B, 0x39E7, 0x0861, 0x18C2, 0x10C2, 0x18C2, 0x0861, 0x738D, 0xC617, 0xC638, 0x31A6,
  0x1081, 0x18E3, 0x0840, 0x73CE, 0xFFDF, 0xC638, 0x10A2, 0x18C2, 0x18C2, 0x0881, 0xCE79, 0xFFFF,
  0xEF5C, 0x18E3, 0x10A2, 0x18E2, 0x0040, 0x73AE, 0xFFFF, 0xFFFF, 0x6B4C, 0x0840, 0x18E2, 0x10C2,
  0x18C2, 0x18C2, 0x18C2, 0x18C2, 0x18C2, 0x10C2, 0x10C2, 0x10C2, 0x10C2, 0x10C2, 0x10C2, 0x10C2,
  0x18E2, 0x0020, 0x8430, 0xFFFF, 0xFFFF, 0x7C0F, 0x0040, 0x18E2, 0x10C2, 0x18C2, 0x10C2, 0x18C2,
  0x10C2, 0x18C2, 0x0881, 0x39C6, 0xF7BE, 0xFFFF, 0xF79E, 0x2124, 0x10A1, 0x18C2, 0x10C2, 0x10C2,
  0x10C2, 0x10C2, 0x10C2, 0x10C2, 0x10C2, 0x10C2, 0x18C2, 0x10A2, 0x0841, 0x0000, 0x0000, 0x0841,
  0x1082, 0x0861, 0x0861, 0x0861, 0x0020, 0x0000, 0x0000, 0x0000, 0x0000, 0x0861, 0x0861, 0x0861,
  0x0861, 0x0861, 0x0000, 0x0000, 0x0000, 0x0000, 0x0000, 0x0861, 0x0861, 0x0861, 0x0861, 0x0841,
  0x0000, 0x0000, 0x0000, 0x0000, 0x0020, 0x1082, 0x0861, 0x0861, 0x0861, 0x0020, 0x0000, 0x0000,
  0x0000, 0x0000, 0x0000, 0x0000, 0x0000, 0x0000, 0x0000, 0x0000, 0x0000, 0x0000, 0x0000, 0x0000,
  0x0000, 0x0000, 0x0000, 0x0000, 0x0000, 0x0000, 0x0000, 0x0000, 0x0000, 0x0020, 0x0841, 0x0841,
  0x0841, 0x0861, 0x0020, 0x0000, 0x0020, 0x0020, 0x0000, 0x0841, 0x0861, 0x0841, 0x0841, 0x0841,
  0x0020, 0x0020, 0x0020, 0x0020, 0x0020, 0x0841, 0x0841, 0x0841, 0x0861, 0x0841, 0x0020, 0x0020,
  0x0020, 0x0020, 0x0841, 0x0861, 0x0841, 0x0841, 0x0861, 0x0020, 0x0020, 0x0020, 0x0020, 0x0020,
  0x0841, 0x0841, 0x0861, 0x10A2, 0x18C2, 0x10C2, 0x10C2, 0x10C2, 0x10C2, 0x10C2, 0x10C2, 0x10C2,
  0x18C2, 0x10A2, 0x18E3, 0xEF5C, 0xFFFF, 0xFFFF, 0xFFFF, 0xDEFB, 0x632C, 0x1081, 0x0861, 0x18C2,
  0x18E3, 0x0020, 0x8C71, 0xFFFF, 0xFFFF, 0x9CD2, 0x0040, 0x18E2, 0x10C2, 0x10C2, 0x10C2, 0x10A2,
  0x0861, 0x0840, 0x10A2, 0x18E3, 0x18C2, 0x18C2, 0x18E3, 0x10A2, 0x2965, 0xF7BE, 0xFFFF, 0x94B2,
  0x0840, 0x18E2, 0x18C2, 0x10A2, 0x18C2, 0x94B2, 0xEF7D, 0xFFFF, 0xFFFF, 0xFFFF, 0xFFFF, 0xE71C,
  0x94B2, 0x2124, 0x0861, 0x18C2, 0x10C2, 0x10C2, 0x10C2, 0x18C2, 0x1081, 0x0861, 0x1081, 0x10A2,
  0x18C2, 0x10C2, 0x10A2, 0x18E2, 0x39C6, 0x2944, 0x10A1, 0x18C2, 0x10C2, 0x10A2, 0x5AEB, 0x7BEF,
  0x7BCE, 0x18C2, 0x10C2, 0x18C2, 0x0861, 0xC617, 0xFFFF, 0xFFDF, 0x39C6, 0x0881, 0x18C2, 0x10C2,
  0x10C2, 0x10C2, 0x10C2, 0x10C2, 0x10C2, 0x10C2, 0x10C2, 0x10C2, 0x10C2, 0x10C2, 0x10C2, 0x18C2,
  0x10A2, 0x18E3, 0xE71C, 0xFFFF, 0xEF7D, 0x2944, 0x1081, 0x18C2, 0x10C2, 0x10C2, 0x10C2, 0x10C2,
  0x10C2, 0x18C2, 0x0861, 0xBDD6, 0xFFFF, 0xFFFF, 0x73AE, 0x0020, 0x18C2, 0x10C2, 0x10C2, 0x10C2,
  0x10C2, 0x10C2, 0x10C2, 0x10C2, 0x10C2, 0x10C2, 0x10C2, 0x10A2, 0x10C2, 0x1081, 0x0861, 0x0020,
  0x0020, 0x0020, 0x0020, 0x0020, 0x0841, 0x0841, 0x0841, 0x0841, 0x0841, 0x0020, 0x0020, 0x0020,
  0x0020, 0x0020, 0x0841, 0x0841, 0x0841, 0x0841, 0x0841, 0x0020, 0x0020, 0x0020, 0x0020, 0x0020,
  0x0841, 0x0841, 0x0841, 0x0841, 0x0841, 0x0020, 0x0020, 0x0020, 0x0020, 0x0841, 0x0861, 0x0841,
  0x0841, 0x0841, 0x0020, 0x0000, 0x0000, 0x0000, 0x0000, 0x0000, 0x0000, 0x0000, 0x0000, 0x0000,
  0x0000, 0x0000, 0x0000, 0x0000, 0x0000, 0x0000, 0x0000, 0x0000, 0x0000, 0x0020, 0x1082, 0x0861,
  0x0861, 0x1082, 0x0020, 0x0000, 0x0000, 0x0000, 0x0000, 0x0841, 0x1082, 0x0861, 0x0861, 0x0861,
  0x0000, 0x0000, 0x0000, 0x0000, 0x0000, 0x0861, 0x0861, 0x0861, 0x1082, 0x0841, 0x0000, 0x0000,
  0x0000, 0x0000, 0x0841, 0x1082, 0x0861, 0x0861, 0x1082, 0x0020, 0x0000, 0x0000, 0x0000, 0x0000,
  0x0861, 0x10A2, 0x10C2, 0x10C2, 0x10C2, 0x10C2, 0x10C2, 0x10C2, 0x10C2, 0x10C2, 0x10C2, 0x10C2,
  0x10C2, 0x18C2, 0x0840, 0x6B6D, 0xFFFF, 0xFFDF, 0xFFDF, 0xFFFF, 0xFFFF, 0xBDF7, 0x4A48, 0x0840,
  0x1081, 0x18C2, 0x2103, 0xE73C, 0xFFFF, 0xF7BE, 0x39C6, 0x0881, 0x18C2, 0x10C2, 0x10C2, 0x18E3,
  0x4207, 0x8C91, 0x39C6, 0x0840, 0x18C2, 0x10C2, 0x1081, 0x0000, 0x8430, 0xFFFF, 0xFFFF, 0x630B,
  0x0840, 0x18E2, 0x18C2, 0x18C2, 0x10A2, 0x0840, 0x2965, 0x5AEB, 0x738D, 0x6B6D, 0x4A49, 0x2103,
  0x0840, 0x10A1, 0x18C2, 0x10C2, 0x10C2, 0x10C2, 0x10C2, 0x10C2, 0x18C2, 0x18C2, 0x18C2, 0x10C2,
  0x10C2, 0x10C2, 0x10C2, 0x10A2, 0x1081, 0x10A1, 0x18C2, 0x10C2, 0x10C2, 0x10C2, 0x0860, 0x0040,
  0x0840, 0x10C2, 0x10C2, 0x10C2, 0x10A2, 0x7BEF, 0xCE79, 0xCE59, 0x10A2, 0x10C2, 0x18C2, 0x10C2,
  0x10C2, 0x10C2, 0x10C2, 0x10C2, 0x10C2, 0x10C2, 0x10C2, 0x10C2, 0x10C2, 0x10C2, 0x10C2, 0x18C2,
  0x0840, 0x6B4D, 0xFFFF, 0xFFFF, 0x9CD3, 0x0040, 0x18E2, 0x10C2, 0x10C2, 0x10C2, 0x10C2, 0x10C2,
  0x18C2, 0x0840, 0x5AEB, 0xFFFF, 0xFFFF, 0xD69A, 0x10A2, 0x10C2, 0x10C2, 0x10C2, 0x10C2, 0x10C2,
  0x10C2, 0x10C2, 0x10C2, 0x10C2, 0x10C2, 0x10C2, 0x10C2, 0x10C2, 0x10C2, 0x18C2, 0x10C2, 0x0040,
  0x0000, 0x0000, 0x0000, 0x0000, 0x0861, 0x1082, 0x0861, 0x0861, 0x0861, 0x0000, 0x0000, 0x0000,
  0x0000, 0x0000, 0x0861, 0x0861, 0x0861, 0x0861, 0x0861, 0x0000, 0x0000, 0x0000, 0x0000, 0x0020,
  0x0861, 0x0861, 0x0861, 0x0861, 0x0841, 0x0000, 0x0000, 0x0000, 0x0000, 0x0020, 0x1082, 0x0861,
  0x0861, 0x0861, 0x0020, 0x0000, 0x0000, 0x0000, 0x0000, 0x0000, 0x0000, 0x0000, 0x0000, 0x0000,
  0x0000, 0x0000, 0x0000, 0x0000, 0x0000, 0x0000, 0x0000, 0x0000, 0x0000, 0x0020, 0x0861, 0x0861,
  0x0861, 0x0861, 0x0020, 0x0000, 0x0000, 0x0000, 0x0000, 0x0841, 0x0861, 0x0861, 0x0861, 0x0861,
  0x0000, 0x0000, 0x0000, 0x0000, 0x0000, 0x0861, 0x0861, 0x0861, 0x0861, 0x0841, 0x0000, 0x0000,
  0x0000, 0x0000, 0x0020, 0x0861, 0x0861, 0x0861, 0x0861, 0x0020, 0x0000, 0x0000, 0x0000, 0x0000,
  0x1081, 0x10C2, 0x10C2, 0x10C2, 0x10C2, 0x10C2, 0x10C2, 0x10C2, 0x10C2, 0x10C2, 0x10C2, 0x10C2,
  0x10C2, 0x10C2, 0x10C2, 0x10A1, 0xD699, 0xFFFF, 0xFFFF, 0xD69A, 0xF7BE, 0xFFFF, 0xFFFF, 0xA514,
  0x2985, 0x0840, 0x0020, 0x73CE, 0xFFFF, 0xFFFF, 0xB595, 0x0840, 0x18C2, 0x18C2, 0x0861, 0x5289,
  0xFFFF, 0xFFFF, 0xC638, 0x2965, 0x1081, 0x10A2, 0x3185, 0x94B2, 0xFFDF, 0xFFFF, 0xC617, 0x10A2,
  0x18C2, 0x18C2, 0x18C2, 0x18C2, 0x18C2, 0x18C2, 0x1081, 0x0840, 0x0040, 0x0040, 0x0861, 0x10A2,
  0x18C2, 0x18C2, 0x10C2, 0x10C2, 0x10C2, 0x10C2, 0x10C2, 0x10C2, 0x10C2, 0x10C2, 0x10C2, 0x10C2,
  0x10C2, 0x10C2, 0x10C2, 0x10C2, 0x18C2, 0x18C2, 0x10C2, 0x10C2, 0x10C2, 0x10C2, 0x18C2, 0x18E2,
  0x18C2, 0x10C2, 0x10C2, 0x10C2, 0x10C2, 0x0840, 0x10A2, 0x2124, 0x10A2, 0x10C2, 0x10C2, 0x10C2,
  0x10C2, 0x10C2, 0x10C2, 0x10C2, 0x10C2, 0x10C2, 0x10C2, 0x10C2, 0x10C2, 0x10C2, 0x10C2, 0x18C2,
  0x1081, 0xCE59, 0xFFFF, 0xFFDF, 0x39E7, 0x0881, 0x18C2, 0x10C2, 0x18C2, 0x18C2, 0x10C2, 0x18C2,
  0x10A2, 0x18C2, 0xDEDB, 0xFFFF, 0xFFFF, 0x5289, 0x0840, 0x18C2, 0x10C2, 0x10C2, 0x10C2, 0x18C2,
  0x18C2, 0x18E2, 0x18C2, 0x18C2, 0x10C2, 0x10C2, 0x10C2, 0x10C2, 0x10C2, 0x10C2, 0x10C2, 0x10A2,
  0x0020, 0x0000, 0x0000, 0x0000, 0x0841, 0x0861, 0x0861, 0x0861, 0x0861, 0x0000, 0x0000, 0x0000,
  0x0000, 0x0000, 0x0861, 0x0861, 0x0861, 0x0861, 0x0861, 0x0000, 0x0000, 0x0000, 0x0000, 0x0020,
  0x0861, 0x0861, 0x0861, 0x0861, 0x0841, 0x0000, 0x0000, 0x0000, 0x0000, 0x0020, 0x0861, 0x0861,
  0x0861, 0x0861, 0x0020, 0x0000, 0x0000, 0x0000, 0x0000, 0x0000, 0x0000, 0x0000, 0x0000, 0x0000,
  0x0000, 0x0000, 0x0000, 0x0000, 0x0000, 0x0000, 0x0000, 0x0000, 0x0000, 0x0020, 0x0861, 0x0861,
  0x0861, 0x0861, 0x0020, 0x0000, 0x0000, 0x0000, 0x0000, 0x0841, 0x0861, 0x0861, 0x0861, 0x0861,
  0x0000, 0x0000, 0x0000, 0x0000, 0x0000, 0x0861, 0x0861, 0x0861, 0x0861, 0x0841, 0x0000, 0x0000,
  0x0000, 0x0000, 0x0020, 0x0861, 0x0861, 0x0861, 0x0861, 0x0020, 0x0000, 0x0000, 0x0020, 0x1082,
  0x18C2, 0x10C2, 0x10C2, 0x10C2, 0x10C2, 0x10C2, 0x10C2, 0x10C2, 0x10C2, 0x10C2, 0x10C2, 0x10C2,
  0x10C2, 0x10C2, 0x18E2, 0x0860, 0x5ACA, 0xFFFF, 0xFFFF, 0xBDF7, 0x4207, 0xBDF7, 0xFFFF, 0xFFFF,
  0xEF7D, 0x8410, 0x18E3, 0x0840, 0xD6BA, 0xFFFF, 0xFFFF, 0x4A69, 0x0860, 0x18C2, 0x10C2, 0x10A2,
  0xBDF7, 0xFFFF, 0xFFFF, 0xF79E, 0xC638, 0xD6BA, 0xFFDF, 0xFFFF, 0xFFFF, 0xBDD7, 0x2103, 0x1081,
  0x18C2, 0x18C2, 0x18C2, 0x10C2, 0x10C2, 0x10C2, 0x18C2, 0x18C2, 0x18E2, 0x18C2, 0x18C2, 0x18C2,
  0x10C2, 0x10C2, 0x10C2, 0x10C2, 0x10C2, 0x10C2, 0x10C2, 0x10C2, 0x10C2, 0x10C2, 0x10C2, 0x10C2,
  0x10C2, 0x10C2, 0x10C2, 0x10C2, 0x10C2, 0x10C2, 0x10C2, 0x10C2, 0x10C2, 0x10C2, 0x10C2, 0x10C2,
  0x10C2, 0x10C2, 0x10C2, 0x10C2, 0x10C2, 0x18C2, 0x18C2, 0x10A2, 0x18C2, 0x10C2, 0x10C2, 0x10C2,
  0x10C2, 0x10C2, 0x10C2, 0x10C2, 0x10C2, 0x10C2, 0x10C2, 0x10C2, 0x10C2, 0x10C2, 0x18C2, 0x0860,
  0x5289, 0xFFFF, 0xFFFF, 0xB5B6, 0x0861, 0x18C2, 0x10C2, 0x10C2, 0x18C2, 0x18C2, 0x18C2, 0x18E2,
  0x0040, 0x8430, 0xFFFF, 0xFFFF, 0xAD75, 0x0840, 0x18C2, 0x10C2, 0x10C2, 0x18C2, 0x18C2, 0x1081,
  0x0840, 0x0040, 0x0840, 0x0861, 0x18C2, 0x18C2, 0x10C2, 0x10C2, 0x10C2, 0x10C2, 0x10C2, 0x18C2,
  0x10A2, 0x0840, 0x0000, 0x0000, 0x0841, 0x0861, 0x0861, 0x0861, 0x0861, 0x0000, 0x0000, 0x0000,
  0x0000, 0x0000, 0x0861, 0x0861, 0x0861, 0x0861, 0x0841, 0x0000, 0x0000, 0x0000, 0x0000, 0x0020,
  0x0861, 0x0861, 0x0861, 0x0861, 0x0841, 0x0000, 0x0000, 0x0000, 0x0000, 0x0841, 0x0861, 0x0861,
  0x0861, 0x0861, 0x0020, 0x0000, 0x0000, 0x0000, 0x0000, 0x0000, 0x0000, 0x0000, 0x0000, 0x0000,
  0x0000, 0x0000, 0x0000, 0x0000, 0x0000, 0x0000, 0x0000, 0x0000, 0x0000, 0x0020, 0x0861, 0x0861,
  0x0861, 0x0861, 0x0020, 0x0000, 0x0000, 0x0000, 0x0000, 0x0841, 0x0861, 0x0861, 0x0861, 0x0861,
  0x0000, 0x0000, 0x0000, 0x0000, 0x0000, 0x0861, 0x0861, 0x0861, 0x0861, 0x0841, 0x0000, 0x0000,
  0x0000, 0x0000, 0x0841, 0x1082, 0x0861, 0x0861, 0x1082, 0x0021, 0x0000, 0x0020, 0x10A2, 0x10C2,
  0x10A2, 0x10C2, 0x10C2, 0x10C2, 0x10C2, 0x18C2, 0x18E2, 0x18C2, 0x18C2, 0x18C2, 0x18C2, 0x18C2,
  0x10C2, 0x10C2, 0x10C2, 0x18C2, 0x0861, 0xBDF7, 0xFFFF, 0xFFFF, 0x5AEB, 0x0000, 0x6B4C, 0xDEDA,
  0xFFFF, 0xFFFF, 0xDEDB, 0x52CA, 0x52AA, 0xFFDF, 0xFFFF, 0xC638, 0x0861, 0x18C2, 0x18C2, 0x1081,
  0x2103, 0xA534, 0xF79E, 0xFFFF, 0xFFFF, 0xFFFF, 0xFFDF, 0xC638, 0x6B4D, 0x1081, 0x10A1, 0x18C2,
  0x10C2, 0x10C2, 0x10C2, 0x10C2, 0x10C2, 0x10C2, 0x10C2, 0x10C2, 0x10C2, 0x10C2, 0x10C2, 0x10C2,
  0x10C2, 0x10C2, 0x10C2, 0x10C2, 0x10C2, 0x10C2, 0x10C2, 0x10C2, 0x10C2, 0x10C2, 0x10C2, 0x10C2,
  0x10C2, 0x10C2, 0x10C2, 0x10C2, 0x10C2, 0x10C2, 0x10C2, 0x10C2, 0x10C2, 0x10C2, 0x10C2, 0x10C2,
  0x10C2, 0x10C2, 0x10C2, 0x10C2, 0x10C2, 0x10C2, 0x18C2, 0x18C2, 0x10C2, 0x18C2, 0x18C2, 0x10C2,
  0x10C2, 0x10C2, 0x10C2, 0x10C2, 0x10C2, 0x10C2, 0x10C2, 0x10C2, 0x10C2, 0x10C2, 0x18C2, 0x0840,
  0xB596, 0xFFFF, 0xFFFF, 0x52AA, 0x0860, 0x18C2, 0x10C2, 0x10C2, 0x10C2, 0x10C2, 0x18C2, 0x1081,
  0x3185, 0xF79D, 0xFFFF, 0xF79E, 0x3185, 0x1081, 0x18C2, 0x10C2, 0x18C2, 0x10A2, 0x0840, 0x2965,
  0x630C, 0x7BEF, 0x738D, 0x4207, 0x0881, 0x0861, 0x18E2, 0x10C2, 0x10C2, 0x10C2, 0x10C2, 0x10C2,
  0x10C2, 0x10A2, 0x0841, 0x0000, 0x0841, 0x0861, 0x0861, 0x0861, 0x0861, 0x0000, 0x0000, 0x0000,
  0x0000, 0x0000, 0x0861, 0x0861, 0x0861, 0x0861, 0x0841, 0x0000, 0x0000, 0x0000, 0x0000, 0x0020,
  0x0861, 0x0861, 0x0861, 0x0861, 0x0841, 0x0000, 0x0000, 0x0000, 0x0000, 0x0841, 0x0861, 0x0861,
  0x0861, 0x0861, 0x0020, 0x0000, 0x0000, 0x0000, 0x0000, 0x0000, 0x0000, 0x0000, 0x0000, 0x0000,
  0x0000, 0x0000, 0x0000, 0x0000, 0x0000, 0x0000, 0x0000, 0x0000, 0x0000, 0x0000, 0x0020, 0x0000,
  0x0020, 0x0020, 0x0841, 0x0841, 0x0841, 0x0841, 0x0841, 0x0020, 0x0000, 0x0020, 0x0020, 0x0020,
  0x0841, 0x0841, 0x0841, 0x0841, 0x0841, 0x0020, 0x0020, 0x0020, 0x0000, 0x0020, 0x0841, 0x0841,
  0x0841, 0x0861, 0x0841, 0x0020, 0x0020, 0x0020, 0x0020, 0x0841, 0x0861, 0x10A2, 0x10A2, 0x10A2,
  0x10A2, 0x10C2, 0x10C2, 0x10C2, 0x18C2, 0x1081, 0x0040, 0x0840, 0x0840, 0x0020, 0x0840, 0x10C2,
  0x18C2, 0x10C2, 0x10C2, 0x18C2, 0x0861, 0x4228, 0xFFDF, 0xFFFF, 0xDEFB, 0x18E3, 0x0040, 0x18E3,
  0x8430, 0xEF7D, 0xFFFF, 0xFFFF, 0xBDD7, 0xE71C, 0xFFFF, 0xFFFF, 0x630C, 0x0840, 0x18C2, 0x18C2,
  0x10A2, 0x0860, 0x3185, 0x5ACA, 0x6B6D, 0x5AEB, 0x39C6, 0x1081, 0x0840, 0x18C2, 0x18C2, 0x10C2,
  0x10C2, 0x10C2, 0x10C2, 0x10C2, 0x10C2, 0x10C2, 0x10C2, 0x10C2, 0x10C2, 0x10C2, 0x10C2, 0x10C2,
  0x10C2, 0x10C2, 0x10C2, 0x10C2, 0x10C2, 0x10C2, 0x10C2, 0x10C2, 0x10C2, 0x10C2, 0x10C2, 0x10C2,
  0x10C2, 0x10C2, 0x10C2, 0x10C2, 0x10C2, 0x10C2, 0x10C2, 0x10C2, 0x10C2, 0x10C2, 0x10C2, 0x10C2,
  0x10C2, 0x10C2, 0x10C2, 0x10C2, 0x10C2, 0x10C2, 0x10C2, 0x10C2, 0x10C2, 0x18C2, 0x18C2, 0x10C2,
  0x10C2, 0x10C2, 0x10C2, 0x10C2, 0x10C2, 0x10C2, 0x10C2, 0x10C2, 0x10C2, 0x18C2, 0x0881, 0x39C6,
  0xF7BE, 0xFFFF, 0xD699, 0x1081, 0x18C2, 0x10C2, 0x10C2, 0x10C2, 0x10C2, 0x10C2, 0x18C2, 0x0840,
  0xAD55, 0xFFFF, 0xFFFF, 0x8430, 0x0020, 0x18E2, 0x10A2, 0x18C2, 0x1081, 0x18E3, 0x94B2, 0xEF7D,
  0xFFFF, 0xFFFF, 0xFFFF, 0xFFFF, 0xBDF7, 0x39E7, 0x0840, 0x18C2, 0x10C2, 0x10C2, 0x10C2, 0x10C2,
  0x10A2, 0x10A2, 0x10A2, 0x1082, 0x0020, 0x0000, 0x0020, 0x0020, 0x0020, 0x0841, 0x0841, 0x0841,
  0x0861, 0x0841, 0x0020, 0x0020, 0x0020, 0x0000, 0x0020, 0x0841, 0x0841, 0x0841, 0x0861, 0x0841,
  0x0020, 0x0000, 0x0020, 0x0000, 0x0020, 0x0861, 0x0841, 0x0841, 0x0861, 0x0841, 0x0000, 0x0020,
  0x0000, 0x0000, 0x0000, 0x0000, 0x0000, 0x0000, 0x0000, 0x0000, 0x0000, 0x0000, 0x0000, 0x0000,
  0x0000, 0x0000, 0x0000, 0x0000, 0x0000, 0x0000, 0x0000, 0x0000, 0x0000, 0x0000, 0x0000, 0x0000,
  0x0000, 0x0000, 0x0841, 0x1082, 0x0861, 0x0861, 0x1082, 0x0020, 0x0000, 0x0000, 0x0000, 0x0000,
  0x0861, 0x0861, 0x0861, 0x0861, 0x0861, 0x0000, 0x0000, 0x0000, 0x0000, 0x0020, 0x1082, 0x0861,
  0x0861, 0x0861, 0x0841, 0x0000, 0x0000, 0x0000, 0x0000, 0x0861, 0x10C2, 0x10C2, 0x10A2, 0x10A2,
  0x10A2, 0x10A2, 0x18C2, 0x18C2, 0x0840, 0x2985, 0x7BCE, 0xAD54, 0xB596, 0x9CD2, 0x5ACA, 0x10A2,
  0x0861, 0x18C2, 0x10C2, 0x10C2, 0x18E2, 0x0840, 0xA534, 0xFFFF, 0xFFFF, 0x840F, 0x0840, 0x18C2,
  0x0040, 0x3185, 0xA534, 0xFFFF, 0xFFFF, 0xFFFF, 0xFFDF, 0xFFFF, 0xD6BA, 0x10A2, 0x10A2, 0x10C2,
  0x18C2, 0x18C2, 0x1081, 0x0840, 0x0840, 0x0840, 0x0881, 0x18C2, 0x18C2, 0x10C2, 0x10C2, 0x10C2,
  0x10C2, 0x10C2, 0x10C2, 0x10C2, 0x10C2, 0x10C2, 0x10C2, 0x10C2, 0x10C2, 0x10C2, 0x10C2, 0x10C2,
  0x10C2, 0x10C2, 0x10C2, 0x10C2, 0x10C2, 0x10C2, 0x10C2, 0x10C2, 0x10C2, 0x10C2, 0x10C2, 0x10C2,
  0x10C2, 0x10C2, 0x10C2, 0x10C2, 0x10C2, 0x10C2, 0x10C2, 0x10C2, 0x10C2, 0x10C2, 0x10C2, 0x10C2,
  0x10C2, 0x10C2, 0x10C2, 0x10C2, 0x10C2, 0x10C2, 0x10C2, 0x10C2, 0x10C2, 0x10C2, 0x10C2, 0x10C2,
  0x10C2, 0x10C2, 0x10C2, 0x10C2, 0x10C2, 0x10C2, 0x10C2, 0x10C2, 0x10C2, 0x18C2, 0x0840, 0xA513,
  0xFFFF, 0xFFFF, 0x6B6D, 0x0840, 0x18E2, 0x10C2, 0x10C2, 0x10C2, 0x10C2, 0x18C2, 0x0860, 0x4A89,
  0xFFFF, 0xFFFF, 0xDEDB, 0x18C2, 0x10A2, 0x10C2, 0x18C2, 0x1081, 0x2124, 0xCE79, 0xFFFF, 0xFFFF,
  0xFFFF, 0xEF5D, 0xE71C, 0xFFFF, 0xFFFF, 0xF79E, 0x52AA, 0x0840, 0x18C2, 0x10C2, 0x10C2, 0x10A2,
  0x10A2, 0x10A2, 0x10A2, 0x18C2, 0x0861, 0x0000, 0x0000, 0x0000, 0x0000, 0x0861, 0x0861, 0x1082,
  0x1082, 0x0861, 0x0000, 0x0000, 0x0000, 0x0000, 0x0000, 0x0861, 0x0861, 0x0861, 0x1082, 0x0841,
  0x0000, 0x0000, 0x0000, 0x0000, 0x0020, 0x1082, 0x0861, 0x0861, 0x1082, 0x0841, 0x0000, 0x0000,
  0x0000, 0x0000, 0x0000, 0x0000, 0x0000, 0x0000, 0x0000, 0x0000, 0x0000, 0x0000, 0x0000, 0x0000,
  0x0000, 0x0000, 0x0000, 0x0000, 0x0000, 0x0000, 0x0000, 0x0000, 0x0000, 0x0000, 0x0000, 0x0000,
  0x0000, 0x0000, 0x0841, 0x0861, 0x0861, 0x0861, 0x0861, 0x0020, 0x0000, 0x0000, 0x0000, 0x0000,
  0x0861, 0x0861, 0x0861, 0x0861, 0x0861, 0x0000, 0x0000, 0x0000, 0x0000, 0x0020, 0x1082, 0x0861,
  0x0861, 0x0861, 0x0841, 0x0000, 0x0000, 0x0000, 0x0840, 0x10A2, 0x10C2, 0x10C2, 0x10C2, 0x10A2,
  0x10A2, 0x10C2, 0x10A2, 0x0861, 0x8410, 0xEF7D, 0xFFFF, 0xFFFF, 0xFFFF, 0xFFFF, 0xFFFF, 0xCE59,
  0x39E7, 0x0860, 0x18E2, 0x10A2, 0x18C2, 0x1081, 0x3185, 0xF79E, 0xFFFF, 0xEF5D, 0x2124, 0x10A1,
  0x18E3, 0x1081, 0x0840, 0x4A49, 0xC618, 0xFFFF, 0xFFFF, 0xFFDE, 0xFFFF, 0x8430, 0x0840, 0x18C2,
  0x10C2, 0x10C2, 0x18C2, 0x18C2, 0x18C2, 0x18C2, 0x18C2, 0x10C2, 0x10C2, 0x10C2, 0x10C2, 0x10C2,
  0x10C2, 0x10C2, 0x10C2, 0x10C2, 0x10C2, 0x10C2, 0x10C2, 0x10C2, 0x10C2, 0x10C2, 0x10C2, 0x10C2,
  0x10C2, 0x10C2, 0x10C2, 0x10C2, 0x10C2, 0x10C2, 0x10C2, 0x10C2, 0x10C2, 0x10C2, 0x10C2, 0x10C2,
  0x18C2, 0x10C2, 0x10C2, 0x10C2, 0x10C2, 0x10C2, 0x10C2, 0x10C2, 0x10C2, 0x10C2, 0x10C2, 0x10C2,
  0x10C2, 0x10C2, 0x10C2, 0x10C2, 0x10C2, 0x10C2, 0x10C2, 0x10C2, 0x10C2, 0x10C2, 0x10C2, 0x10C2,
  0x10C2, 0x10C2, 0x10C2, 0x10C2, 0x10C2, 0x10C2, 0x10C2, 0x10C2, 0x10C2, 0x18C2, 0x10A1, 0x4A48,
  0xB596, 0xDEDB, 0x2103, 0x10A2, 0x18C2, 0x10C2, 0x10C2, 0x10C2, 0x10C2, 0x18C2, 0x1082, 0xCE79,
  0xFFFF, 0xFFFF, 0x5AEB, 0x0840, 0x18C2, 0x18C2, 0x10A2, 0x10A2, 0xCE58, 0xFFFF, 0xFFFF, 0xDEFB,
  0x630B, 0x2124, 0x18E3, 0x528A, 0xD6BA, 0xFFFF, 0xF7BE, 0x39E7, 0x0861, 0x18C2, 0x10A2, 0x10A2,
  0x10A2, 0x10C2, 0x10C2, 0x10A2, 0x10C2, 0x0861, 0x0000, 0x0000, 0x0000, 0x0861, 0x0861, 0x0861,
  0x0861, 0x0861, 0x0000, 0x0000, 0x0000, 0x0000, 0x0000, 0x0861, 0x0861, 0x0861, 0x0861, 0x0841,
  0x0000, 0x0000, 0x0000, 0x0000, 0x0020, 0x1082, 0x0861, 0x0861, 0x0861, 0x0841, 0x0000, 0x0000,
  0x0000, 0x0000, 0x0000, 0x0000, 0x0000, 0x0000, 0x0000, 0x0000, 0x0000, 0x0000, 0x0000, 0x0000,
  0x0000, 0x0000, 0x0000, 0x0000, 0x0000, 0x0000, 0x0000, 0x0000, 0x0000, 0x0000, 0x0000, 0x0000,
  0x0000, 0x0000, 0x0841, 0x0861, 0x0861, 0x0861, 0x0861, 0x0020, 0x0000, 0x0000, 0x0000, 0x0000,
  0x0861, 0x0861, 0x0861, 0x0861, 0x0861, 0x0000, 0x0000, 0x0000, 0x0000, 0x0020, 0x0861, 0x0861,
  0x0861, 0x0861, 0x0841, 0x0000, 0x0000, 0x0841, 0x10A2, 0x10C2, 0x10A2, 0x10C2, 0x10C2, 0x10C2,
  0x10A2, 0x10C2, 0x0881, 0xA534, 0xFFFF, 0xFFFF, 0xDEFB, 0xB5B6, 0xC618, 0xF7BE, 0xFFFF, 0xFFFF,
  0xF79D, 0x4208, 0x0860, 0x18E2, 0x10A2, 0x18E2, 0x0040, 0x8C71, 0xFFFF, 0xFFFF, 0x94B2, 0x0020,
  0x18E2, 0x18C2, 0x18C2, 0x0860, 0x1081, 0x6B4C, 0xE71B, 0xFFFF, 0xDEDB, 0x630B, 0x1081, 0x18C2,
  0x10C2, 0x10C2, 0x10C2, 0x10C2, 0x10C2, 0x10C2, 0x10C2, 0x10C2, 0x10C2, 0x10C2, 0x10C2, 0x10C2,
  0x10C2, 0x10C2, 0x10C2, 0x10C2, 0x10C2, 0x10C2, 0x10C2, 0x10C2, 0x10C2, 0x10C2, 0x10C2, 0x10C2,
  0x10C2, 0x10C2, 0x10C2, 0x10C2, 0x10C2, 0x10C2, 0x10C2, 0x10C2, 0x10C2, 0x10C2, 0x10C2, 0x10C2,
  0x10C2, 0x10C2, 0x10C2, 0x10C2, 0x10C2, 0x10C2, 0x10C2, 0x10C2, 0x10C2, 0x10C2, 0x10A2, 0x10A2,
  0x10C2, 0x10C2, 0x10C2, 0x10C2, 0x10C2, 0x10C2, 0x10C2, 0x10C2, 0x10C2, 0x10C2, 0x10C2, 0x10C2,
  0x10C2, 0x10C2, 0x10C2, 0x10C2, 0x10C2, 0x10C2, 0x10C2, 0x10C2, 0x10C2, 0x10C2, 0x18C2, 0x0860,
  0x0861, 0x2124, 0x10A2, 0x10C2, 0x10C2, 0x10C2, 0x10A2, 0x10A2, 0x18E2, 0x0040, 0x73AE, 0xFFFF,
  0xFFFF, 0xBDD7, 0x0861, 0x18C2, 0x10C2, 0x18C2, 0x0840, 0x9CF3, 0xFFFF, 0xFFFF, 0xD699, 0x2124,
  0x0020, 0x10A2, 0x10A2, 0x0040, 0x2144, 0xDEDB, 0xFFFF, 0xBDD6, 0x0861, 0x18C2, 0x10C2, 0x10C2,
  0x10C2, 0x10C2, 0x10C2, 0x10A2, 0x10A2, 0x10C2, 0x0861, 0x0000, 0x0000, 0x0861, 0x0861, 0x0861,
  0x0861, 0x0861, 0x0000, 0x0000, 0x0000, 0x0000, 0x0000, 0x0861, 0x0861, 0x0861, 0x0861, 0x0841,
  0x0000, 0x0000, 0x0000, 0x0000, 0x0020, 0x0861, 0x0861, 0x0861, 0x0861, 0x0020, 0x0000, 0x0000,
  0x0000, 0x0000, 0x0000, 0x0000, 0x0000, 0x0000, 0x0000, 0x0000, 0x0000, 0x0000, 0x0000, 0x0000,
  0x0000, 0x0000, 0x0000, 0x0000, 0x0000, 0x0000, 0x0000, 0x0000, 0x0000, 0x0000, 0x0000, 0x0000,
  0x0000, 0x0000, 0x0841, 0x0861, 0x0861, 0x0861, 0x0861, 0x0020, 0x0000, 0x0000, 0x0000, 0x0000,
  0x0861, 0x0861, 0x0861, 0x0861, 0x0861, 0x0000, 0x0000, 0x0000, 0x0000, 0x0020, 0x1082, 0x0861,
  0x0861, 0x0861, 0x0841, 0x0000, 0x0840, 0x10A2, 0x10C2, 0x10C2, 0x10C2, 0x10C2, 0x10C2, 0x10A2,
  0x18C2, 0x0040, 0x840F, 0xFFFF, 0xFFFF, 0x8C91, 0x18E3, 0x0861, 0x0881, 0x31A6, 0xB5B6, 0xFFFF,
  0xFFFF, 0xE73C, 0x2944, 0x1081, 0x18C2, 0x18C2, 0x10A2, 0x2104, 0xE73C, 0xFFFF, 0xF7BE, 0x31A6,
  0x0861, 0x18C2, 0x10C2, 0x18C2, 0x18C2, 0x0020, 0x2124, 0x632C, 0x2103, 0x0840, 0x18C2, 0x10C2,
  0x10C2, 0x10C2, 0x10C2, 0x10C2, 0x10C2, 0x10C2, 0x10C2, 0x10C2, 0x10C2, 0x10C2, 0x10C2, 0x10C2,
  0x10C2, 0x10C2, 0x10C2, 0x10C2, 0x10C2, 0x10C2, 0x10C2, 0x10C2, 0x10C2, 0x10C2, 0x10C2, 0x10C2,
  0x10C2, 0x10C2, 0x10C2, 0x10C2, 0x10C2, 0x10C2, 0x10C2, 0x10C2, 0x10C2, 0x10C2, 0x10C2, 0x10C2,
  0x10C2, 0x10C2, 0x10C2, 0x10C2, 0x10C2, 0x10C2, 0x10C2, 0x10C2, 0x10C2, 0x10C2, 0x10C2, 0x10C2,
  0x10C2, 0x10C2, 0x10C2, 0x10C2, 0x10C2, 0x10C2, 0x10C2, 0x10C2, 0x10C2, 0x10C2, 0x10C2, 0x10C2,
  0x10C2, 0x10C2, 0x10C2, 0x10C2, 0x10C2, 0x10C2, 0x10C2, 0x10C2, 0x10C2, 0x10C2, 0x10C2, 0x18C2,
  0x18C2, 0x10A1, 0x10C2, 0x10A2, 0x10A2, 0x10A2, 0x10C2, 0x18C2, 0x1081, 0x2124, 0xEF5D, 0xFFFF,
  0xF7BE, 0x39E7, 0x0881, 0x18C2, 0x18E2, 0x0840, 0x6B6D, 0xFFFF, 0xFFFF, 0xEF5D, 0x2985, 0x0861,
  0x18E3, 0x18C2, 0x18C2, 0x18E3, 0x0020, 0x6B8D, 0xFFFF, 0xF7BE, 0x31A6, 0x0881, 0x18C2, 0x10C2,
  0x10C2, 0x10C2, 0x10C2, 0x10C2, 0x10C2, 0x10C2, 0x18C2, 0x0861, 0x0000, 0x0861, 0x0861, 0x0861,
  0x0861, 0x0861, 0x0000, 0x0000, 0x0000, 0x0000, 0x0020, 0x0861, 0x0861, 0x0861, 0x0861, 0x0841,
  0x0000, 0x0000, 0x0000, 0x0000, 0x0020, 0x0861, 0x0861, 0x0861, 0x0861, 0x0020, 0x0000, 0x0000,
  0x0000, 0x0000, 0x0000, 0x0000, 0x0000, 0x0000, 0x0000, 0x0000, 0x0000, 0x0000, 0x0000, 0x0000,
  0x0000, 0x0000, 0x0000, 0x0000, 0x0000, 0x0000, 0x0000, 0x0000, 0x0000, 0x0020, 0x0861, 0x0841,
  0x0861, 0x0861, 0x0020, 0x0000, 0x0000, 0x0000, 0x0000, 0x0841, 0x0861, 0x0861, 0x0861, 0x0861,
  0x0020, 0x0000, 0x0000, 0x0000, 0x0020, 0x0861, 0x0861, 0x0861, 0x0861, 0x0841, 0x0000, 0x0000,
  0x0000, 0x0000, 0x0020, 0x0861, 0x10A2, 0x10C2, 0x10A2, 0x10A2, 0x10C2, 0x10C2, 0x10C2, 0x10C2,
  0x1081, 0x2144, 0xEF7D, 0xFFFF, 0x9CF3, 0x0000, 0x10A2, 0x18C2, 0x18C2, 0x0861, 0x0861, 0xB596,
  0xFFFF, 0xFFFF, 0xCE59, 0x10A2, 0x10A2, 0x18C2, 0x18E2, 0x0020, 0x73AE, 0xFFFF, 0xFFFF, 0xAD75,
  0x0840, 0x18C2, 0x10C2, 0x10C2, 0x10C2, 0x18E2, 0x10A2, 0x0840, 0x10A2, 0x18C2, 0x10C2, 0x10C2,
  0x10C2, 0x10C2, 0x10C2, 0x10C2, 0x10C2, 0x10C2, 0x10C2, 0x10C2, 0x10C2, 0x10C2, 0x10C2, 0x10C2,
  0x10C2, 0x10C2, 0x10C2, 0x10C2, 0x10C2, 0x10C2, 0x10C2, 0x10C2, 0x10C2, 0x10C2, 0x10C2, 0x10C2,
  0x10C2, 0x10C2, 0x10C2, 0x10C2, 0x10C2, 0x10C2, 0x10C2, 0x10C2, 0x10C2, 0x10C2, 0x10C2, 0x10C2,
  0x10C2, 0x10C2, 0x10C2, 0x10C2, 0x10C2, 0x10C2, 0x10C2, 0x10C2, 0x10C2, 0x10C2, 0x10C2, 0x10C2,
  0x10C2, 0x10C2, 0x10C2, 0x10C2, 0x10C2, 0x10C2, 0x10C2, 0x10C2, 0x10C2, 0x10C2, 0x10C2, 0x10C2,
  0x10C2, 0x10C2, 0x10C2, 0x10C2, 0x10C2, 0x10C2, 0x10C2, 0x10C2, 0x10C2, 0x10C2, 0x10C2, 0x10C2,
  0x10C2, 0x18C2, 0x10C2, 0x10C2, 0x10C2, 0x10C2, 0x10C2, 0x18C2, 0x0840, 0x9CF3, 0xFFFF, 0xFFFF,
  0x9492, 0x0020, 0x18E2, 0x18C2, 0x1081, 0x3186, 0xF79E, 0xFFFF, 0xFFFF, 0x52AA, 0x0840, 0x18E3,
  0x10C2, 0x10C2, 0x10C2, 0x18C2, 0x0861, 0x4228, 0xFFFF, 0xFFFF, 0x52CA, 0x0840, 0x18C2, 0x10C2,
  0x10C2, 0x10C2, 0x10C2, 0x10C2, 0x10C2, 0x10C2, 0x10A2, 0x10C2, 0x1082, 0x0020, 0x0000, 0x0000,
  0x0000, 0x0020, 0x0861, 0x0861, 0x0861, 0x0861, 0x0841, 0x0000, 0x0000, 0x0000, 0x0000, 0x0020,
  0x0861, 0x0861, 0x0861, 0x0861, 0x0841, 0x0000, 0x0000, 0x0000, 0x0000, 0x0841, 0x0861, 0x0861,
  0x0861, 0x0861, 0x0020, 0x0000, 0x0000, 0x0000, 0x0000, 0x0000, 0x0000, 0x0000, 0x0000, 0x0000,
  0x0000, 0x0000, 0x0000, 0x0000, 0x0000, 0x0000, 0x0000, 0x0000, 0x0000, 0x0020, 0x1082, 0x0861,
  0x0861, 0x1082, 0x0020, 0x0000, 0x0000, 0x0000, 0x0000, 0x0841, 0x1082, 0x0861, 0x0861, 0x0861,
  0x0000, 0x0000, 0x0000, 0x0000, 0x0000, 0x0861, 0x0861, 0x1082, 0x1082, 0x0841, 0x0000, 0x0000,
  0x0000, 0x0000, 0x0840, 0x10C2, 0x10C2, 0x10A2, 0x10A2, 0x10A2, 0x10C2, 0x10C2, 0x10C2, 0x18C2,
  0x0840, 0x5B0B, 0xFFFF, 0xFFDE, 0x39C6, 0x0861, 0x18C2, 0x10A2, 0x10A2, 0x18C2, 0x10A2, 0x18C2,
  0xCE79, 0xFFFF, 0xFFFF, 0xA513, 0x0840, 0x18C2, 0x18C2, 0x10A2, 0x10A2, 0xD6BA, 0xFFFF, 0xFFDF,
  0x4A48, 0x0860, 0x18C2, 0x10C2, 0x10C2, 0x10C2, 0x18C2, 0x18C2, 0x18C2, 0x10C2, 0x10C2, 0x10C2,
  0x10C2, 0x10C2, 0x10C2, 0x10C2, 0x10C2, 0x10C2, 0x10C2, 0x10C2, 0x10C2, 0x10C2, 0x10C2, 0x10C2,
  0x10C2, 0x10C2, 0x10C2, 0x10C2, 0x10C2, 0x10C2, 0x10C2, 0x10C2, 0x10C2, 0x10C2, 0x10C2, 0x10C2,
  0x10C2, 0x10C2, 0x10C2, 0x10C2, 0x10C2, 0x10C2, 0x10C2, 0x10C2, 0x10C2, 0x10C2, 0x10C2, 0x10C2,
  0x10C2, 0x10C2, 0x10C2, 0x10C2, 0x10C2, 0x10C2, 0x10C2, 0x10C2, 0x10C2, 0x10C2, 0x10C2, 0x10C2,
  0x10C2, 0x10C2, 0x10C2, 0x10C2, 0x10C2, 0x10C2, 0x10C2, 0x10C2, 0x10C2, 0x10C2, 0x10C2, 0x10C2,
  0x10C2, 0x10C2, 0x10C2, 0x10C2, 0x10C2, 0x10C2, 0x10C2, 0x10C2, 0x10C2, 0x10C2, 0x10C2, 0x10C2,
  0x10C2, 0x10C2, 0x10C2, 0x10C2, 0x10C2, 0x10C2, 0x18C2, 0x1081, 0x31A6, 0xFFDF, 0xFFFF, 0xE71C,
  0x2103, 0x10A1, 0x10C2, 0x18C2, 0x0840, 0xA513, 0xFFFF, 0xFFFF, 0x8C50, 0x0020, 0x18E2, 0x10C2,
  0x10C2, 0x10C2, 0x10C2, 0x18C2, 0x0861, 0x4A69, 0xFFFF, 0xFFFF, 0x5AEB, 0x0840, 0x18C2, 0x10C2,
  0x10C2, 0x10C2, 0x10C2, 0x10C2, 0x10C2, 0x10C2, 0x10A2, 0x10C2, 0x18C2, 0x0861, 0x0000, 0x0000,
  0x0000, 0x0000, 0x0861, 0x0861, 0x0861, 0x1082, 0x0861, 0x0000, 0x0000, 0x0000, 0x0000, 0x0020,
  0x1082, 0x1082, 0x0861, 0x0861, 0x0841, 0x0000, 0x0000, 0x0000, 0x0000, 0x0841, 0x1082, 0x0861,
  0x0861, 0x1082, 0x0020, 0x0000, 0x0000, 0x0000, 0x0000, 0x0000, 0x0000, 0x0000, 0x0000, 0x0000,
  0x0000, 0x0000, 0x0000, 0x0000, 0x0000, 0x0000, 0x0000, 0x0000, 0x0000, 0x0020, 0x0861, 0x0861,
  0x0861, 0x0861, 0x0020, 0x0000, 0x0000, 0x0000, 0x0000, 0x0841, 0x1082, 0x0861, 0x0861, 0x0861,
  0x0000, 0x0000, 0x0000, 0x0000, 0x0000, 0x0861, 0x0861, 0x0861, 0x1082, 0x0841, 0x0000, 0x0000,
  0x0000, 0x0020, 0x10A2, 0x10A2, 0x10C2, 0x10C2, 0x10C2, 0x10C2, 0x10C2, 0x10C2, 0x10C2, 0x18C2,
  0x0020, 0x7BCF, 0xFFFF, 0xEF7D, 0x2944, 0x1081, 0x10C2, 0x10A2, 0x10C2, 0x10C2, 0x18C2, 0x0881,
  0x2965, 0xE73C, 0xFFFF, 0xFFFF, 0x52AA, 0x0860, 0x18C2, 0x18E2, 0x0840, 0x630B, 0xFFFF, 0xFFFF,
  0xCE79, 0x1081, 0x18C2, 0x10C2, 0x10C2, 0x10C2, 0x10C2, 0x10C2, 0x10C2, 0x10C2, 0x10C2, 0x10C2,
  0x10C2, 0x10C2, 0x10C2, 0x10C2, 0x10C2, 0x10C2, 0x10C2, 0x10C2, 0x10C2, 0x10C2, 0x10C2, 0x10C2,
  0x10C2, 0x10C2, 0x10C2, 0x10C2, 0x10C2, 0x10C2, 0x10C2, 0x10C2, 0x10C2, 0x10C2, 0x10C2, 0x10C2,
  0x10C2, 0x10C2, 0x10C2, 0x10C2, 0x10C2, 0x10C2, 0x10C2, 0x10C2, 0x10C2, 0x10C2, 0x10C2, 0x10C2,
  0x10C2, 0x10C2, 0x10C2, 0x10C2, 0x10C2, 0x18C2, 0x18C2, 0x10C2, 0x10C2, 0x10C2, 0x10C2, 0x10C2,
  0x10C2, 0x10C2, 0x10C2, 0x10C2, 0x10C2, 0x10C2, 0x10C2, 0x10C2, 0x10C2, 0x10C2, 0x10C2, 0x10C2,
  0x10C2, 0x10C2, 0x10C2, 0x10C2, 0x10A2, 0x10C2, 0x10C2, 0x10C2, 0x10C2, 0x10C2, 0x10C2, 0x10C2,
  0x10C2, 0x10A2, 0x10A2, 0x10A2, 0x10A2, 0x10C2, 0x10C2, 0x10C2, 0x10C2, 0x4A69, 0xCE79, 0x6B6D,
  0x0020, 0x18C2, 0x10A2, 0x10A2, 0x2103, 0xE71C, 0xFFFF, 0xD6BA, 0x10A2, 0x10C2, 0x18C2, 0x10C2,
  0x10C2, 0x10C2, 0x10C2, 0x18E3, 0x0020, 0x9492, 0xFFFF, 0xFFFF, 0x4228, 0x0860, 0x18C2, 0x10A2,
  0x10A2, 0x10A2, 0x10A2, 0x18C2, 0x10C2, 0x10C2, 0x10C2, 0x10C2, 0x10C2, 0x10C2, 0x0841, 0x0000,
  0x0000, 0x0000, 0x0861, 0x0861, 0x0861, 0x0861, 0x0861, 0x0000, 0x0000, 0x0000, 0x0000, 0x0020,
  0x0861, 0x0861, 0x0861, 0x0861, 0x0841, 0x0000, 0x0000, 0x0000, 0x0000, 0x0841, 0x0861, 0x0861,
  0x0861, 0x0861, 0x0020, 0x0000, 0x0000, 0x0000, 0x0000, 0x0000, 0x0000, 0x0000, 0x0000, 0x0000,
  0x0000, 0x0000, 0x0000, 0x0000, 0x0000, 0x0000, 0x0000, 0x0000, 0x0000, 0x0020, 0x0861, 0x0861,
  0x0861, 0x0861, 0x0020, 0x0000, 0x0000, 0x0000, 0x0000, 0x0841, 0x0861, 0x0861, 0x0861, 0x0861,
  0x0020, 0x0000, 0x0000, 0x0000, 0x0000, 0x0861, 0x0861, 0x0861, 0x1082, 0x0841, 0x0000, 0x0000,
  0x0000, 0x10A2, 0x10C2, 0x10A2, 0x10C2, 0x10C2, 0x10C2, 0x10C2, 0x10C2, 0x10C2, 0x10A2, 0x18C2,
  0x0020, 0x73AE, 0xFFFF, 0xFFDF, 0x4207, 0x0861, 0x18C2, 0x10C2, 0x10C2, 0x10C2, 0x10C2, 0x18C2,
  0x0840, 0x5ACA, 0xFFFF, 0xFFFF, 0xBDD6, 0x0860, 0x18C2, 0x10C2, 0x18C2, 0x0861, 0xC638, 0xDEFB,
  0x630C, 0x10A2, 0x10C2, 0x10C2, 0x10C2, 0x10C2, 0x10C2, 0x10C2, 0x10C2, 0x10C2, 0x10C2, 0x10C2,
  0x10C2, 0x10C2, 0x10C2, 0x10C2, 0x10C2, 0x10C2, 0x10C2, 0x10C2, 0x10C2, 0x10C2, 0x10C2, 0x10C2,
  0x10C2, 0x10C2, 0x10C2, 0x10C2, 0x10C2, 0x10C2, 0x10C2, 0x10C2, 0x10C2, 0x10C2, 0x10C2, 0x10C2,
  0x10C2, 0x10C2, 0x10C2, 0x10C2, 0x10C2, 0x10C2, 0x10C2, 0x10C2, 0x10C2, 0x10C2, 0x10C2, 0x10C2,
  0x10C2, 0x10C2, 0x18C2, 0x18C2, 0x10C2, 0x10C2, 0x10C2, 0x10C2, 0x10C2, 0x10C2, 0x10C2, 0x10C2,
  0x10C2, 0x10C2, 0x10C2, 0x10C2, 0x10C2, 0x10C2, 0x10C2, 0x10C2, 0x10A2, 0x10A2, 0x10C2, 0x10C2,
  0x10C2, 0x10C2, 0x10C2, 0x10C2, 0x10C2, 0x10C2, 0x10C2, 0x10C2, 0x10C2, 0x10C2, 0x10C2, 0x10C2,
  0x10C2, 0x10C2, 0x10C2, 0x10C2, 0x10A2, 0x10C2, 0x10C2, 0x10C2, 0x10C2, 0x0840, 0x10A2, 0x10C2,
  0x10A2, 0x10A2, 0x18C2, 0x0861, 0x39C6, 0xFFDF, 0xFFFF, 0x8430, 0x0020, 0x18E2, 0x10C2, 0x10C2,
  0x10C2, 0x10A2, 0x18C2, 0x0861, 0x31A6, 0xEF7D, 0xFFFF, 0xE71B, 0x18E3, 0x10A2, 0x10C2, 0x10C2,
  0x10C2, 0x10C2, 0x18C2, 0x10A2, 0x18C2, 0x10C2, 0x10C2, 0x10C2, 0x10C2, 0x10C2, 0x10A2, 0x0840,
  0x0000, 0x0000, 0x0861, 0x0861, 0x0861, 0x0861, 0x0841, 0x0000, 0x0000, 0x0000, 0x0000, 0x0020,
  0x0861, 0x0861, 0x0861, 0x1082, 0x0841, 0x0000, 0x0000, 0x0000, 0x0000, 0x0020, 0x0861, 0x0861,
  0x0861, 0x1082, 0x0020, 0x0000, 0x0000, 0x0000, 0x0000, 0x0000, 0x0000, 0x0000, 0x0000, 0x0000,
  0x0000, 0x0000, 0x0000, 0x0000, 0x0000, 0x0000, 0x0000, 0x0000, 0x0000, 0x0020, 0x1082, 0x0861,
  0x0861, 0x0861, 0x0020, 0x0000, 0x0000, 0x0000, 0x0000, 0x0841, 0x1082, 0x0861, 0x0861, 0x0861,
  0x0000, 0x0000, 0x0000, 0x0000, 0x0000, 0x0861, 0x0861, 0x0861, 0x1082, 0x0841, 0x0000, 0x0000,
  0x1081, 0x18C2, 0x10C2, 0x10C2, 0x10A2, 0x10C2, 0x10C2, 0x10C2, 0x10C2, 0x10C2, 0x10C2, 0x18C2,
  0x0840, 0x528A, 0xFFFF, 0xFFFF, 0x94D2, 0x0020, 0x18E3, 0x10C2, 0x10C2, 0x10C2, 0x10C2, 0x10C2,
  0x18C2, 0x0840, 0xBDD7, 0xFFFF, 0xEF5D, 0x2124, 0x10A1, 0x18C2, 0x18C2, 0x1081, 0x2965, 0x2123,
  0x0020, 0x10C2, 0x10C2, 0x10C2, 0x10C2, 0x10C2, 0x10C2, 0x10C2, 0x10C2, 0x10C2, 0x10C2, 0x10C2,
  0x10C2, 0x10C2, 0x10C2, 0x10C2, 0x10C2, 0x10C2, 0x10C2, 0x10C2, 0x10C2, 0x10C2, 0x10C2, 0x10C2,
  0x10A2, 0x10C2, 0x10C2, 0x10C2, 0x10C2, 0x10C2, 0x10C2, 0x10C2, 0x10C2, 0x10C2, 0x10C2, 0x10C2,
  0x10C2, 0x10C2, 0x10C2, 0x10C2, 0x10C2, 0x10C2, 0x10C2, 0x10C2, 0x10C2, 0x10C2, 0x10C2, 0x10C2,
  0x10C2, 0x10C2, 0x10C2, 0x18C2, 0x10C2, 0x10C2, 0x10C2, 0x10C2, 0x10C2, 0x10C2, 0x10C2, 0x10C2,
  0x10C2, 0x10C2, 0x10C2, 0x10C2, 0x10C2, 0x10C2, 0x10C2, 0x10C2, 0x10C2, 0x10C2, 0x10C2, 0x10C2,
  0x10C2, 0x10C2, 0x10A2, 0x10A2, 0x10A2, 0x10C2, 0x10C2, 0x10C2, 0x10C2, 0x10C2, 0x10C2, 0x10C2,
  0x10C2, 0x10C2, 0x10C2, 0x10C2, 0x10C2, 0x10C2, 0x10C2, 0x10C2, 0x10C2, 0x18C2, 0x10C2, 0x10C2,
  0x10C2, 0x10C2, 0x18C2, 0x0861, 0x3A07, 0xFFDF, 0xFFFF, 0x632C, 0x0840, 0x18C2, 0x10C2, 0x10C2,
  0x10C2, 0x18C2, 0x10A2, 0x10A1, 0xCE59, 0xFFFF, 0xFFFF, 0x7BEF, 0x0020, 0x18C2, 0x10C2, 0x10A2,
  0x10A2, 0x18C2, 0x1081, 0x18C2, 0x10A1, 0x18C2, 0x10C2, 0x10A2, 0x10A2, 0x10A2, 0x10A2, 0x10A2,
  0x0020, 0x0000, 0x0861, 0x0861, 0x0861, 0x0861, 0x0861, 0x0000, 0x0000, 0x0000, 0x0000, 0x0020,
  0x0861, 0x0861, 0x0861, 0x0861, 0x0841, 0x0000, 0x0000, 0x0000, 0x0000, 0x0841, 0x0861, 0x0861,
  0x0861, 0x1082, 0x0020, 0x0000, 0x0000, 0x0000, 0x0000, 0x0000, 0x0000, 0x0000, 0x0000, 0x0000,
  0x0000, 0x0000, 0x0000, 0x0000, 0x0000, 0x0000, 0x0000, 0x0000, 0x0000, 0x0000, 0x0020, 0x0000,
  0x0000, 0x0000, 0x0841, 0x0861, 0x0861, 0x0861, 0x0861, 0x0020, 0x0000, 0x0000, 0x0000, 0x0000,
  0x0841, 0x0861, 0x0861, 0x0861, 0x0861, 0x0020, 0x0020, 0x0000, 0x0000, 0x0020, 0x0861, 0x1082,
  0x18C2, 0x10C2, 0x10C2, 0x10C2, 0x10C2, 0x10C2, 0x10C2, 0x10C2, 0x10C2, 0x10C2, 0x10C2, 0x18C2,
  0x10A2, 0x18C3, 0xDEFB, 0xFFFF, 0xFFDF, 0x4A48, 0x0840, 0x18E2, 0x10C2, 0x10C2, 0x10C2, 0x10C2,
  0x18C2, 0x0040, 0x7BCF, 0xFFFF, 0xFFDE, 0x39C6, 0x0881, 0x18C2, 0x10C2, 0x18C2, 0x1081, 0x10A2,
  0x18E2, 0x10C2, 0x10C2, 0x10C2, 0x10C2, 0x10C2, 0x10C2, 0x10C2, 0x10C2, 0x10C2, 0x10C2, 0x10C2,
  0x10C2, 0x10C2, 0x10C2, 0x10C2, 0x10C2, 0x10C2, 0x10C2, 0x10C2, 0x10C2, 0x10C2, 0x10C2, 0x10C2,
  0x10C2, 0x10C2, 0x10C2, 0x10C2, 0x10C2, 0x10C2, 0x10C2, 0x10C2, 0x10C2, 0x10C2, 0x10C2, 0x10C2,
  0x10C2, 0x10C2, 0x10C2, 0x10C2, 0x10C2, 0x10C2, 0x10C2, 0x10C2, 0x10C2, 0x10C2, 0x10C2, 0x10C2,
  0x10C2, 0x10C2, 0x10C2, 0x10C2, 0x10C2, 0x10C2, 0x10C2, 0x10C2, 0x10C2, 0x10C2, 0x10C2, 0x10C2,
  0x10C2, 0x10C2, 0x10C2, 0x10C2, 0x10C2, 0x10C2, 0x10C2, 0x10C2, 0x10A2, 0x10A2, 0x10C2, 0x10C2,
  0x10C2, 0x10C2, 0x10A2, 0x10A2, 0x10A2, 0x10A2, 0x10C2, 0x10C2, 0x10C2, 0x10C2, 0x10C2, 0x10C2,
  0x10C2, 0x10C2, 0x10C2, 0x10C2, 0x10C2, 0x10C2, 0x10C2, 0x10C2, 0x10C2, 0x10C2, 0x10C2, 0x10C2,
  0x10A2, 0x10A2, 0x18C2, 0x10A1, 0x2944, 0xEF5D, 0xFFFF, 0x7BCE, 0x0020, 0x18E3, 0x10C2, 0x10C2,
  0x18C2, 0x18E2, 0x0020, 0xA513, 0xFFFF, 0xFFFF, 0xCE59, 0x1082, 0x10A2, 0x10C2, 0x10C2, 0x10C2,
  0x18E2, 0x0840, 0x39C6, 0xCE79, 0x52AA, 0x0020, 0x18C2, 0x10C2, 0x10C2, 0x10C2, 0x10A2, 0x10A2,
  0x10A2, 0x0861, 0x0020, 0x0020, 0x0000, 0x0000, 0x0020, 0x0861, 0x0861, 0x0861, 0x0861, 0x0841,
  0x0020, 0x0020, 0x0000, 0x0000, 0x0020, 0x0861, 0x0861, 0x0861, 0x0861, 0x0841, 0x0000, 0x0000,
  0x0020, 0x0020, 0x0000, 0x0000, 0x0000, 0x0000, 0x0000, 0x0000, 0x0000, 0x0000, 0x0000, 0x0000,
  0x0000, 0x0000, 0x0000, 0x0000, 0x0000, 0x0000, 0x0000, 0x0000, 0x0000, 0x0000, 0x0000, 0x0000,
  0x0000, 0x0000, 0x0841, 0x0861, 0x0861, 0x0861, 0x1082, 0x0020, 0x0000, 0x0000, 0x0000, 0x0000,
  0x0861, 0x1082, 0x0861, 0x0861, 0x0861, 0x0000, 0x0000, 0x0000, 0x0000, 0x0020, 0x10A2, 0x10C2,
  0x10A2, 0x10C2, 0x10C2, 0x10C2, 0x18C2, 0x18C2, 0x18C2, 0x18C2, 0x18C2, 0x18C2, 0x18C2, 0x10C2,
  0x18C2, 0x0840, 0x6B6D, 0xFFFF, 0xFFFF, 0xE71C, 0x2944, 0x1081, 0x18C2, 0x10C2, 0x10C2, 0x10C2,
  0x18E2, 0x0040, 0x6B6D, 0xFFFF, 0xF79E, 0x3185, 0x1081, 0x18C2, 0x10C2, 0x10C2, 0x18C2, 0x18C2,
  0x10C2, 0x10C2, 0x10C2, 0x10C2, 0x10C2, 0x10C2, 0x10A2, 0x10A2, 0x10A2, 0x10C2, 0x10C2, 0x10C2,
  0x10C2, 0x10C2, 0x10C2, 0x10C2, 0x10C2, 0x10C2, 0x10C2, 0x10C2, 0x10C2, 0x10C2, 0x10C2, 0x10C2,
  0x10C2, 0x10C2, 0x10C2, 0x10C2, 0x10C2, 0x10C2, 0x10C2, 0x10C2, 0x10C2, 0x10C2, 0x10C2, 0x10C2,
  0x10A2, 0x10A2, 0x10C2, 0x10C2, 0x10C2, 0x10C2, 0x10C2, 0x10C2, 0x10C2, 0x10C2, 0x10C2, 0x10C2,
  0x10C2, 0x10C2, 0x10C2, 0x10C2, 0x10C2, 0x10C2, 0x10C2, 0x10A2, 0x10A2, 0x10A2, 0x10C2, 0x10C2,
  0x10C2, 0x10C2, 0x10C2, 0x10C2, 0x10C2, 0x10C2, 0x10C2, 0x10C2, 0x10C2, 0x10C2, 0x10C2, 0x10C2,
  0x10C2, 0x10C2, 0x10A2, 0x10A2, 0x10A2, 0x10C2, 0x10C2, 0x10C2, 0x10C2, 0x10C2, 0x10C2, 0x10C2,
  0x10C2, 0x10C2, 0x10C2, 0x10C2, 0x10C2, 0x10C2, 0x10C2, 0x10C2, 0x10C2, 0x10C2, 0x10C2, 0x10C2,
  0x10C2, 0x10C2, 0x10C2, 0x18C2, 0x0861, 0xBDD6, 0xFFFF, 0xD69A, 0x18C2, 0x0861, 0x18E2, 0x18C2,
  0x10A2, 0x0000, 0x7BCF, 0xFFFF, 0xFFFF, 0xEF5D, 0x2965, 0x0881, 0x18C2, 0x10A2, 0x10C2, 0x18E2,
  0x0040, 0x4A48, 0xEF5D, 0xFFFF, 0xEF7D, 0x3A07, 0x1081, 0x18C2, 0x10A2, 0x10A2, 0x10A2, 0x10A2,
  0x10C2, 0x10A2, 0x0000, 0x0000, 0x0000, 0x0000, 0x0000, 0x0861, 0x0861, 0x0861, 0x1082, 0x0841,
  0x0000, 0x0000, 0x0000, 0x0000, 0x0020, 0x0861, 0x0861, 0x0861, 0x0861, 0x0841, 0x0000, 0x0000,
  0x0000, 0x0000, 0x0000, 0x0000, 0x0000, 0x0000, 0x0000, 0x0000, 0x0000, 0x0000, 0x0000, 0x0000,
  0x0000, 0x0000, 0x0000, 0x0000, 0x0000, 0x0000, 0x0000, 0x0000, 0x0000, 0x0000, 0x0000, 0x0000,
  0x0000, 0x0000, 0x0841, 0x0861, 0x0861, 0x0861, 0x0861, 0x0020, 0x0000, 0x0000, 0x0000, 0x0000,
  0x0861, 0x0861, 0x0861, 0x0861, 0x0861, 0x0000, 0x0000, 0x0000, 0x0000, 0x0841, 0x10C2, 0x10C2,
  0x10A2, 0x10C2, 0x10C2, 0x18C2, 0x10C2, 0x0840, 0x0860, 0x1081, 0x0841, 0x0840, 0x10A2, 0x18C2,
  0x10A2, 0x18C2, 0x0840, 0xAD55, 0xFFFF, 0xFFFF, 0xCE58, 0x10A2, 0x10A1, 0x18E3, 0x18C2, 0x18C2,
  0x18E3, 0x0020, 0xA534, 0xFFFF, 0xD69A, 0x10A2, 0x10C2, 0x10C2, 0x10C2, 0x10C2, 0x10C2, 0x10C2,
  0x10C2, 0x10C2, 0x10C2, 0x10C2, 0x10C2, 0x10C2, 0x10A2, 0x10A2, 0x10A2, 0x10C2, 0x10C2, 0x10C2,
  0x10C2, 0x10C2, 0x10C2, 0x10C2, 0x10C2, 0x10C2, 0x10C2, 0x10C2, 0x10C2, 0x10C2, 0x10C2, 0x10C2,
  0x10C2, 0x10C2, 0x10C2, 0x10C2, 0x10C2, 0x10C2, 0x10C2, 0x10C2, 0x10C2, 0x10C2, 0x10C2, 0x10C2,
  0x10A2, 0x10A2, 0x10C2, 0x10C2, 0x10C2, 0x10C2, 0x10C2, 0x10C2, 0x10C2, 0x10C2, 0x10C2, 0x10C2,
  0x10C2, 0x10C2, 0x10C2, 0x10C2, 0x10C2, 0x10C2, 0x10C2, 0x10A2, 0x10A2, 0x10A2, 0x10C2, 0x10C2,
  0x10C2, 0x10C2, 0x10C2, 0x10C2, 0x10C2, 0x10C2, 0x10C2, 0x10C2, 0x10C2, 0x10C2, 0x10C2, 0x10C2,
  0x10C2, 0x10C2, 0x10A2, 0x10A2, 0x10A2, 0x10C2, 0x10C2, 0x10C2, 0x10C2, 0x10C2, 0x10C2, 0x10C2,
  0x10C2, 0x10C2, 0x10C2, 0x10C2, 0x10C2, 0x10C2, 0x10C2, 0x10C2, 0x10C2, 0x10C2, 0x10C2, 0x10C2,
  0x10C2, 0x10C2, 0x10C2, 0x18C2, 0x0861, 0x4228, 0xFFFF, 0xFFFF, 0xBDF7, 0x2985, 0x0860, 0x0840,
  0x2103, 0x8C71, 0xFFFF, 0xFFDF, 0xFFFF, 0x52AA, 0x0040, 0x18E2, 0x10C2, 0x18C2, 0x18C2, 0x0020,
  0x5AEB, 0xF7BE, 0xFFFF, 0xFFDF, 0xFFFF, 0x630B, 0x0840, 0x18C2, 0x10A2, 0x10A2, 0x10A2, 0x10C2,
  0x10A2, 0x10C2, 0x0861, 0x0000, 0x0000, 0x0000, 0x0000, 0x0861, 0x0861, 0x0861, 0x0861, 0x0841,
  0x0000, 0x0000, 0x0000, 0x0000, 0x0020, 0x0861, 0x0861, 0x0861, 0x0861, 0x0841, 0x0000, 0x0000,
  0x0000, 0x0000, 0x0000, 0x0000, 0x0000, 0x0000, 0x0000, 0x0000, 0x0000, 0x0000, 0x0000, 0x0000,
  0x0000, 0x0000, 0x0000, 0x0000, 0x0000, 0x0000, 0x0000, 0x0000, 0x0000, 0x0000, 0x0000, 0x0000,
  0x0000, 0x0000, 0x0841, 0x0861, 0x0861, 0x0861, 0x0861, 0x0020, 0x0000, 0x0000, 0x0000, 0x0000,
  0x0861, 0x0861, 0x0861, 0x0861, 0x0861, 0x0000, 0x0000, 0x0000, 0x0020, 0x10A2, 0x10A2, 0x10A2,
  0x10A2, 0x10A2, 0x18C2, 0x1081, 0x10A2, 0x6B4C, 0xB595, 0xC638, 0xB596, 0x634C, 0x10A2, 0x10A1,
  0x10C2, 0x10C2, 0x10A2, 0x10A2, 0xCE79, 0xFFFF, 0xFFFF, 0xB5B6, 0x10A2, 0x0840, 0x10A1, 0x1081,
  0x0000, 0x52AA, 0xF7BE, 0xFFFF, 0x8410, 0x0840, 0x18E2, 0x10C2, 0x10C2, 0x10C2, 0x10C2, 0x10C2,
  0x10C2, 0x10C2, 0x10C2, 0x10C2, 0x10C2, 0x10C2, 0x10C2, 0x10C2, 0x10C2, 0x10C2, 0x10C2, 0x10C2,
  0x10C2, 0x10C2, 0x10C2, 0x10C2, 0x10C2, 0x10C2, 0x10C2, 0x10C2, 0x10C2, 0x10C2, 0x10C2, 0x10C2,
  0x10C2, 0x10C2, 0x10C2, 0x10C2, 0x10C2, 0x10C2, 0x10C2, 0x10C2, 0x10C2, 0x10C2, 0x10C2, 0x10C2,
  0x10A2, 0x10C2, 0x10C2, 0x10C2, 0x10C2, 0x10C2, 0x10C2, 0x10C2, 0x10C2, 0x10C2, 0x10C2, 0x10C2,
  0x10C2, 0x10C2, 0x10C2, 0x10C2, 0x10C2, 0x10C2, 0x10C2, 0x10C2, 0x10C2, 0x10C2, 0x10C2, 0x10C2,
  0x10C2, 0x10C2, 0x10C2, 0x10C2, 0x10C2, 0x10C2, 0x10C2, 0x10C2, 0x10C2, 0x10C2, 0x10C2, 0x10C2,
  0x10C2, 0x10C2, 0x10C2, 0x10C2, 0x10C2, 0x10C2, 0x10C2, 0x10C2, 0x10C2, 0x10C2, 0x10A2, 0x10A2,
  0x10C2, 0x10C2, 0x10C2, 0x10C2, 0x10C2, 0x10C2, 0x10C2, 0x10C2, 0x10C2, 0x10C2, 0x10C2, 0x10C2,
  0x10C2, 0x10A2, 0x10A2, 0x10C2, 0x18C2, 0x0840, 0x6B6D, 0xFFFF, 0xFFFF, 0xF79D, 0xBDD7, 0xB595,
  0xE71C, 0xFFFF, 0xFFFF, 0xFFFF, 0x73AE, 0x0020, 0x18C2, 0x10A2, 0x18C2, 0x18C2, 0x0040, 0x73AE,
  0xFFFF, 0xFFFF, 0xFFFF, 0xFFFF, 0xEF5D, 0x2104, 0x10A2, 0x18C2, 0x10C2, 0x10C2, 0x10C2, 0x10C2,
  0x10C2, 0x10A2, 0x18C2, 0x0841, 0x0000, 0x0000, 0x0000, 0x0861, 0x0861, 0x0861, 0x0861, 0x0841,
  0x0000, 0x0000, 0x0000, 0x0000, 0x0020, 0x0861, 0x0861, 0x0861, 0x0861, 0x0841, 0x0000, 0x0000,
  0x0000, 0x0000, 0x0000, 0x0000, 0x0000, 0x0000, 0x0000, 0x0000, 0x0000, 0x0000, 0x0000, 0x0000,
  0x0000, 0x0000, 0x0000, 0x0000, 0x0000, 0x0000, 0x0000, 0x0000, 0x0000, 0x0000, 0x0000, 0x0000,
  0x0000, 0x0000, 0x0841, 0x0861, 0x0861, 0x0861, 0x0861, 0x0020, 0x0000, 0x0000, 0x0000, 0x0000,
  0x0861, 0x0861, 0x0861, 0x0861, 0x0861, 0x0000, 0x0000, 0x0000, 0x1082, 0x10A2, 0x10A2, 0x10A2,
  0x10A2, 0x18C2, 0x0861, 0x2965, 0xC618, 0xFFFF, 0xFFFF, 0xFFFF, 0xFFFF, 0xFFFF, 0xC618, 0x18C2,
  0x10A2, 0x10C2, 0x18C2, 0x0881, 0x2965, 0xE73C, 0xFFFF, 0xFFFF, 0xCE79, 0x5ACB, 0x2944, 0x2965,
  0x73AE, 0xEF7D, 0xFFFF, 0xCE79, 0x18C2, 0x10A2, 0x18C2, 0x10C2, 0x10C2, 0x10C2, 0x10C2, 0x10C2,
  0x10C2, 0x10C2, 0x10C2, 0x10C2, 0x10C2, 0x10C2, 0x10C2, 0x10A2, 0x10A2, 0x10C2, 0x10C2, 0x10C2,
  0x10C2, 0x10C2, 0x10C2, 0x10C2, 0x10C2, 0x10C2, 0x10C2, 0x10C2, 0x10C2, 0x10C2, 0x10C2, 0x10C2,
  0x10C2, 0x10C2, 0x10C2, 0x10C2, 0x10C2, 0x10C2, 0x10C2, 0x10C2, 0x10C2, 0x10C2, 0x10C2, 0x10C2,
  0x10C2, 0x10C2, 0x10C2, 0x10C2, 0x10C2, 0x10C2, 0x10C2, 0x10C2, 0x10C2, 0x10C2, 0x10C2, 0x10C2,
  0x10C2, 0x10C2, 0x10C2, 0x10C2, 0x10C2, 0x10C2, 0x10C2, 0x10C2, 0x10C2, 0x10C2, 0x10C2, 0x10C2,
  0x10C2, 0x10C2, 0x10C2, 0x10C2, 0x10C2, 0x10C2, 0x10C2, 0x10C2, 0x10C2, 0x10C2, 0x10C2, 0x10C2,
  0x10C2, 0x10C2, 0x10C2, 0x10C2, 0x10C2, 0x10C2, 0x10C2, 0x10C2, 0x10A2, 0x10A2, 0x10C2, 0x10C2,
  0x10C2, 0x10C2, 0x10C2, 0x10C2, 0x10C2, 0x10C2, 0x10C2, 0x10C2, 0x10C2, 0x10C2, 0x10C2, 0x10A2,
  0x10A2, 0x10C2, 0x10C2, 0x10C2, 0x10C2, 0x18C2, 0x0840, 0x52AA, 0xD6BA, 0xFFFF, 0xFFFF, 0xFFFF,
  0xFFFF, 0xFFFF, 0xE73C, 0x632C, 0x0840, 0x18C2, 0x10C2, 0x18C2, 0x10A2, 0x0840, 0x8C71, 0xFFFF,
  0xFFFF, 0xFFFF, 0xF79E, 0xFFFF, 0xAD75, 0x0840, 0x18C2, 0x10C2, 0x10C2, 0x10C2, 0x10C2, 0x10C2,
  0x10C2, 0x10C2, 0x10C2, 0x10A2, 0x0020, 0x0000, 0x0020, 0x0861, 0x0861, 0x0861, 0x0861, 0x0841,
  0x0000, 0x0000, 0x0000, 0x0000, 0x0020, 0x0861, 0x0861, 0x0861, 0x0861, 0x0020, 0x0000, 0x0000,
  0x0000, 0x0000, 0x0000, 0x0000, 0x0000, 0x0000, 0x0000, 0x0000, 0x0000, 0x0000, 0x0000, 0x0000,
  0x0000, 0x0000, 0x0000, 0x0000, 0x0000, 0x0000, 0x0000, 0x0000, 0x0000, 0x0020, 0x0861, 0x0861,
  0x0861, 0x0861, 0x0020, 0x0000, 0x0000, 0x0000, 0x0000, 0x0841, 0x0861, 0x0861, 0x0861, 0x0861,
  0x0020, 0x0000, 0x0000, 0x0000, 0x0020, 0x0861, 0x0861, 0x1081, 0x10A2, 0x10A2, 0x10A2, 0x10A2,
  0x10C2, 0x1081, 0x2124, 0xDEDB, 0xFFFF, 0xFFDF, 0xC638, 0xBDF7, 0xF79E, 0xFFFF, 0x8C51, 0x1081,
  0x18C2, 0x10A2, 0x10A2, 0x18C2, 0x0861, 0x3A07, 0xE73C, 0xFFFF, 0xFFFF, 0xFFFF, 0xEF7D, 0xF79E,
  0xFFFF, 0xFFFF, 0xD699, 0x2944, 0x1081, 0x18C2, 0x10C2, 0x10C2, 0x10C2, 0x10C2, 0x10C2, 0x10C2,
  0x10C2, 0x10C2, 0x10C2, 0x10C2, 0x10C2, 0x10C2, 0x10C2, 0x10C2, 0x10C2, 0x10C2, 0x10C2, 0x10C2,
  0x10C2, 0x10C2, 0x10C2, 0x10C2, 0x10C2, 0x10C2, 0x10C2, 0x10C2, 0x10C2, 0x10C2, 0x10C2, 0x10C2,
  0x10C2, 0x10C2, 0x10C2, 0x10C2, 0x10C2, 0x10C2, 0x10C2, 0x10C2, 0x10C2, 0x10C2, 0x10C2, 0x10C2,
  0x10C2, 0x10C2, 0x10C2, 0x10C2, 0x10C2, 0x10C2, 0x10C2, 0x10C2, 0x10C2, 0x10C2, 0x10C2, 0x10C2,
  0x10C2, 0x10C2, 0x10C2, 0x10C2, 0x10C2, 0x10C2, 0x10A2, 0x10A2, 0x10C2, 0x10C2, 0x10C2, 0x10C2,
  0x10C2, 0x10C2, 0x10C2, 0x10C2, 0x10C2, 0x10C2, 0x10C2, 0x10C2, 0x10C2, 0x18C2, 0x10C2, 0x10C2,
  0x10C2, 0x10C2, 0x10C2, 0x10C2, 0x10C2, 0x10C2, 0x10C2, 0x10C2, 0x10C2, 0x10C2, 0x10C2, 0x10C2,
  0x10C2, 0x10C2, 0x10C2, 0x10C2, 0x10C2, 0x10C2, 0x10C2, 0x10C2, 0x10C2, 0x10C2, 0x10C2, 0x10C2,
  0x10C2, 0x10C2, 0x10C2, 0x10C2, 0x10C2, 0x10C2, 0x18C2, 0x0840, 0x18E3, 0x632C, 0x9D13, 0xB5B6,
  0xA534, 0x738D, 0x2124, 0x0840, 0x18C2, 0x10C2, 0x18C2, 0x10A1, 0x1081, 0xA534, 0xFFFF, 0xFFFF,
  0xFFFF, 0x8410, 0xDEDB, 0xFFFF, 0x6B4C, 0x0040, 0x18C2, 0x10C2, 0x10C2, 0x18C2, 0x18C2, 0x10C2,
  0x10C2, 0x10C2, 0x10C2, 0x10A2, 0x1082, 0x0861, 0x0841, 0x0000, 0x0000, 0x0000, 0x0000, 0x0020,
  0x0861, 0x0861, 0x0841, 0x0861, 0x0841, 0x0000, 0x0000, 0x0000, 0x0000, 0x0020, 0x0861, 0x0861,
  0x0861, 0x0861, 0x0020, 0x0000, 0x0000, 0x0000, 0x0000, 0x0000, 0x0000, 0x0000, 0x0000, 0x0000,
  0x0000, 0x0000, 0x0000, 0x0000, 0x0000, 0x0000, 0x0000, 0x0000, 0x0000, 0x0020, 0x0861, 0x0861,
  0x0861, 0x0861, 0x0020, 0x0000, 0x0000, 0x0000, 0x0000, 0x0841, 0x1082, 0x0861, 0x0861, 0x0861,
  0x0000, 0x0000, 0x0000, 0x0000, 0x0000, 0x0861, 0x1082, 0x10A2, 0x10A2, 0x10A2, 0x10A2, 0x10A2,
  0x10C2, 0x0861, 0xBDD7, 0xFFFF, 0xEF5C, 0x5289, 0x0861, 0x0840, 0x39E7, 0x7BEF, 0x0861, 0x10A2,
  0x10C2, 0x10A2, 0x10C2, 0x18C2, 0x18E2, 0x0861, 0x2944, 0xA534, 0xF79E, 0xFFFF, 0xFFFF, 0xFFFF,
  0xEF5D, 0x94B2, 0x18E3, 0x0881, 0x18C2, 0x10A2, 0x10C2, 0x10C2, 0x10C2, 0x10C2, 0x10C2, 0x10C2,
  0x10C2, 0x10C2, 0x10C2, 0x10C2, 0x10C2, 0x10C2, 0x10A2, 0x10A2, 0x10C2, 0x10C2, 0x10C2, 0x10C2,
  0x10C2, 0x10C2, 0x10C2, 0x10C2, 0x10C2, 0x10C2, 0x10C2, 0x10C2, 0x10C2, 0x10C2, 0x10C2, 0x10C2,
  0x10C2, 0x10C2, 0x10C2, 0x10C2, 0x10C2, 0x10C2, 0x10C2, 0x10C2, 0x10C2, 0x10C2, 0x10C2, 0x10C2,
  0x10C2, 0x10C2, 0x10C2, 0x10C2, 0x10C2, 0x10C2, 0x10C2, 0x10C2, 0x10C2, 0x10C2, 0x10C2, 0x10C2,
  0x10C2, 0x10C2, 0x10C2, 0x10C2, 0x10C2, 0x10C2, 0x10A2, 0x10A2, 0x10A2, 0x10A2, 0x10A2, 0x10C2,
  0x10C2, 0x10C2, 0x10C2, 0x10C2, 0x10C2, 0x10C2, 0x10C2, 0x10C2, 0x10C2, 0x10C2, 0x10C2, 0x10C2,
  0x10C2, 0x10C2, 0x10C2, 0x10C2, 0x10C2, 0x10C2, 0x10C2, 0x10C2, 0x10C2, 0x10C2, 0x10C2, 0x10C2,
  0x10C2, 0x10C2, 0x10C2, 0x10C2, 0x10C2, 0x10C2, 0x10C2, 0x10C2, 0x10C2, 0x10C2, 0x10C2, 0x10C2,
  0x10C2, 0x10C2, 0x10C2, 0x10C2, 0x10C2, 0x10C2, 0x10C2, 0x18C2, 0x10A2, 0x0840, 0x0040, 0x0860,
  0x0840, 0x0040, 0x10A1, 0x18C2, 0x10A2, 0x18E2, 0x0881, 0x18C3, 0xBDD7, 0xFFFF, 0xFFFF, 0xFFDF,
  0x52AA, 0x39E7, 0xFFFF, 0xF79E, 0x2965, 0x1081, 0x18C2, 0x10A2, 0x18C2, 0x10A1, 0x0840, 0x18C2,
  0x10C2, 0x10C2, 0x10C2, 0x10A2, 0x10C2, 0x10A2, 0x0861, 0x0000, 0x0000, 0x0000, 0x0000, 0x0020,
  0x0861, 0x0861, 0x0861, 0x0861, 0x0841, 0x0000, 0x0000, 0x0000, 0x0000, 0x0020, 0x0861, 0x0861,
  0x0861, 0x0861, 0x0020, 0x0000, 0x0000, 0x0000, 0x0000, 0x0000, 0x0000, 0x0000, 0x0000, 0x0000,
  0x0000, 0x0000, 0x0000, 0x0000, 0x0000, 0x0000, 0x0000, 0x0000, 0x0000, 0x0020, 0x0861, 0x0861,
  0x0861, 0x0861, 0x0020, 0x0000, 0x0000, 0x0000, 0x0000, 0x0841, 0x0861, 0x0861, 0x0861, 0x0861,
  0x0000, 0x0000, 0x0000, 0x0000, 0x0000, 0x1082, 0x10A2, 0x10C2, 0x10A2, 0x10A2, 0x10A2, 0x18C2,
  0x0840, 0x528A, 0xFFFF, 0xFFDF, 0x52AA, 0x0000, 0x18C2, 0x18C2, 0x0881, 0x0840, 0x18C2, 0x10A2,
  0x10A2, 0x18C2, 0x10A2, 0x0840, 0x10A2, 0x18C2, 0x1081, 0x0840, 0x3185, 0x5AEB, 0x6B6D, 0x52AA,
  0x2944, 0x0840, 0x10A2, 0x18C2, 0x10A2, 0x10A2, 0x10A2, 0x10C2, 0x10C2, 0x10C2, 0x10C2, 0x10C2,
  0x10A2, 0x10C2, 0x10C2, 0x10C2, 0x10C2, 0x10C2, 0x10C2, 0x10C2, 0x10C2, 0x10C2, 0x10C2, 0x10C2,
  0x10C2, 0x10C2, 0x10C2, 0x10C2, 0x10C2, 0x10C2, 0x10C2, 0x10C2, 0x10C2, 0x10C2, 0x10C2, 0x10C2,
  0x10C2, 0x10C2, 0x10C2, 0x10C2, 0x10C2, 0x10C2, 0x10C2, 0x10C2, 0x10C2, 0x10C2, 0x10C2, 0x10C2,
  0x10C2, 0x10C2, 0x10C2, 0x18C2, 0x10C2, 0x10C2, 0x10C2, 0x10C2, 0x10C2, 0x10C2, 0x10C2, 0x10C2,
  0x10C2, 0x10C2, 0x10C2, 0x10C2, 0x10C2, 0x10C2, 0x10C2, 0x10A2, 0x10A2, 0x10C2, 0x10C2, 0x10C2,
  0x10C2, 0x10C2, 0x10C2, 0x10C2, 0x10C2, 0x10C2, 0x10C2, 0x10C2, 0x10C2, 0x10C2, 0x10C2, 0x10C2,
  0x10C2, 0x10C2, 0x10C2, 0x10C2, 0x10C2, 0x10C2, 0x10C2, 0x10C2, 0x10C2, 0x10C2, 0x10C2, 0x10C2,
  0x10C2, 0x10C2, 0x10C2, 0x10C2, 0x10C2, 0x10C2, 0x10C2, 0x10C2, 0x10C2, 0x10C2, 0x10C2, 0x10C2,
  0x10C2, 0x10C2, 0x10C2, 0x10C2, 0x10C2, 0x10C2, 0x10C2, 0x10C2, 0x18C2, 0x18C2, 0x18C2, 0x18C2,
  0x18C2, 0x18C2, 0x18C2, 0x10C2, 0x18E2, 0x0861, 0x2944, 0xCE79, 0xFFFF, 0xFFFF, 0xEF7D, 0x5289,
  0x0000, 0x9CD3, 0xFFFF, 0xBDD7, 0x0861, 0x18C2, 0x10A2, 0x18E2, 0x0860, 0x2985, 0x632C, 0x0840,
  0x10C2, 0x10C2, 0x10C2, 0x10C2, 0x10C2, 0x10C2, 0x0861, 0x0000, 0x0000, 0x0000, 0x0000, 0x0020,
  0x0861, 0x0861, 0x0861, 0x0861, 0x0841, 0x0000, 0x0000, 0x0000, 0x0000, 0x0020, 0x0861, 0x0861,
  0x0861, 0x0861, 0x0020, 0x0000, 0x0000, 0x0000, 0x0000, 0x0000, 0x0000, 0x0000, 0x0000, 0x0000,
  0x0000, 0x0000, 0x0000, 0x0000, 0x0000, 0x0000, 0x0000, 0x0000, 0x0000, 0x0020, 0x0861, 0x0861,
  0x0861, 0x0861, 0x0020, 0x0000, 0x0000, 0x0000, 0x0000, 0x0841, 0x0861, 0x0861, 0x0861, 0x0861,
  0x0000, 0x0000, 0x0000, 0x0000, 0x0000, 0x1082, 0x10A2, 0x10C2, 0x10A2, 0x10A2, 0x10A2, 0x18E2,
  0x0020, 0x94B2, 0xFFFF, 0xCE58, 0x0861, 0x18C2, 0x10A2, 0x10A2, 0x18C2, 0x18C2, 0x10A2, 0x10A2,
  0x10C2, 0x0861, 0x2944, 0x7BCE, 0x1081, 0x10A2, 0x18C2, 0x18C2, 0x1081, 0x0840, 0x0040, 0x0840,
  0x1081, 0x18C2, 0x10C2, 0x10A2, 0x10C2, 0x10A2, 0x10A2, 0x10C2, 0x10C2, 0x10C2, 0x10C2, 0x10C2,
  0x10A2, 0x10C2, 0x10C2, 0x10C2, 0x10C2, 0x10C2, 0x10C2, 0x10C2, 0x10C2, 0x10C2, 0x10C2, 0x10C2,
  0x10C2, 0x10C2, 0x10C2, 0x10C2, 0x10C2, 0x10C2, 0x10C2, 0x10C2, 0x10C2, 0x10C2, 0x10C2, 0x10C2,
  0x10C2, 0x10C2, 0x10C2, 0x10C2, 0x10C2, 0x10C2, 0x10C2, 0x10C2, 0x10C2, 0x10C2, 0x10C2, 0x10C2,
  0x10C2, 0x10C2, 0x10C2, 0x18C2, 0x10C2, 0x10C2, 0x10C2, 0x10C2, 0x10C2, 0x10C2, 0x10C2, 0x10C2,
  0x10C2, 0x10C2, 0x10C2, 0x10C2, 0x10C2, 0x10C2, 0x10C2, 0x10A2, 0x10A2, 0x10C2, 0x10C2, 0x10C2,
  0x10C2, 0x10C2, 0x10C2, 0x10C2, 0x10C2, 0x10C2, 0x10C2, 0x10C2, 0x10C2, 0x10C2, 0x10C2, 0x10C2,
  0x10C2, 0x10C2, 0x10C2, 0x10C2, 0x10C2, 0x10C2, 0x10C2, 0x10C2, 0x10C2, 0x10C2, 0x10C2, 0x10C2,
  0x10C2, 0x10C2, 0x10C2, 0x10C2, 0x10C2, 0x10C2, 0x10C2, 0x10C2, 0x10C2, 0x10C2, 0x10C2, 0x10C2,
  0x10C2, 0x10C2, 0x10C2, 0x10C2, 0x10C2, 0x10C2, 0x10C2, 0x10C2, 0x10C2, 0x10C2, 0x10C2, 0x10C2,
  0x10A2, 0x10C2, 0x10C2, 0x18C2, 0x0840, 0x39C6, 0xDEFB, 0xFFFF, 0xFFFF, 0xDEFB, 0x39C6, 0x0840,
  0x18E2, 0xD6BA, 0xFFFF, 0x7BCE, 0x0020, 0x18C2, 0x18C2, 0x0840, 0x3185, 0xD6BA, 0xFFFF, 0x6B4D,
  0x0881, 0x18C2, 0x10C2, 0x10C2, 0x10C2, 0x10C2, 0x10A2, 0x0000, 0x0000, 0x0000, 0x0000, 0x0020,
  0x0861, 0x0861, 0x0861, 0x0861, 0x0841, 0x0000, 0x0000, 0x0000, 0x0000, 0x0020, 0x0861, 0x0861,
  0x0861, 0x0861, 0x0020, 0x0000, 0x0000, 0x0000, 0x0000, 0x0000, 0x0000, 0x0000, 0x0000, 0x0000,
  0x0000, 0x0000, 0x0000, 0x0000, 0x0000, 0x0000, 0x0000, 0x0000, 0x0000, 0x0020, 0x0861, 0x0861,
  0x0861, 0x0861, 0x0020, 0x0000, 0x0000, 0x0000, 0x0000, 0x0841, 0x0861, 0x0861, 0x0861, 0x0861,
  0x0020, 0x0000, 0x0000, 0x0000, 0x0841, 0x18C2, 0x10A2, 0x10C2, 0x10C2, 0x10C2, 0x10A2, 0x18C2,
  0x0840, 0xB596, 0xFFFF, 0xBDD6, 0x0861, 0x18C2, 0x10A2, 0x10A2, 0x10A2, 0x10A2, 0x10A2, 0x10A2,
  0x10A2, 0x18E3, 0xBDF7, 0xFFFF, 0x73AE, 0x0840, 0x18C2, 0x10C2, 0x18C2, 0x18C2, 0x18C2, 0x18C2,
  0x10C2, 0x10C2, 0x10A2, 0x10A2, 0x10A2, 0x10A2, 0x10C2, 0x10A2, 0x10A2, 0x10A2, 0x10A2, 0x10C2,
  0x10C2, 0x10A2, 0x10A2, 0x10A2, 0x10C2, 0x10A2, 0x10A2, 0x10C2, 0x10C2, 0x10C2, 0x10A2, 0x10A2,
  0x10C2, 0x10C2, 0x10C2, 0x10C2, 0x10C2, 0x10C2, 0x10C2, 0x10C2, 0x10C2, 0x10C2, 0x10C2, 0x10C2,
  0x10C2, 0x10C2, 0x10C2, 0x10C2, 0x10C2, 0x10C2, 0x10C2, 0x10C2, 0x10C2, 0x10C2, 0x10C2, 0x10C2,
  0x10C2, 0x10C2, 0x10C2, 0x10C2, 0x10C2, 0x10C2, 0x10C2, 0x10C2, 0x10C2, 0x10C2, 0x10C2, 0x10C2,
  0x10C2, 0x10C2, 0x10C2, 0x10C2, 0x10C2, 0x10C2, 0x10A2, 0x10A2, 0x10C2, 0x10C2, 0x10C2, 0x10C2,
  0x10C2, 0x10C2, 0x10C2, 0x10C2, 0x10C2, 0x10C2, 0x10C2, 0x10C2, 0x10C2, 0x10C2, 0x10C2, 0x10C2,
  0x10C2, 0x10C2, 0x10C2, 0x10C2, 0x10C2, 0x10C2, 0x10C2, 0x10C2, 0x10C2, 0x10C2, 0x10C2, 0x10C2,
  0x10C2, 0x10C2, 0x10C2, 0x10C2, 0x10C2, 0x10C2, 0x10C2, 0x10C2, 0x10C2, 0x10C2, 0x10C2, 0x10C2,
  0x10C2, 0x10C2, 0x10C2, 0x10C2, 0x10C2, 0x10C2, 0x10C2, 0x10C2, 0x10C2, 0x10C2, 0x10C2, 0x10C2,
  0x10C2, 0x10C2, 0x18C2, 0x0860, 0x4A49, 0xEF7D, 0xFFFF, 0xFFFF, 0xCE79, 0x2944, 0x0861, 0x1081,
  0x4228, 0xFFFF, 0xFFDF, 0x39C7, 0x0861, 0x18E3, 0x0040, 0x4207, 0xE73C, 0xFFFF, 0xFFFF, 0xCE79,
  0x10A2, 0x10C2, 0x10C2, 0x10C2, 0x10C2, 0x10C2, 0x10C2, 0x0881, 0x0000, 0x0000, 0x0000, 0x0020,
  0x0861, 0x0861, 0x0861, 0x0861, 0x0841, 0x0000, 0x0000, 0x0000, 0x0000, 0x0020, 0x0861, 0x0861,
  0x0861, 0x0861, 0x0020, 0x0000, 0x0000, 0x0000, 0x0000, 0x0000, 0x0000, 0x0000, 0x0000, 0x0000,
  0x0000, 0x0000, 0x0000, 0x0000, 0x0000, 0x0000, 0x0000, 0x0000, 0x0000, 0x0000, 0x0000, 0x0000,
  0x0000, 0x0000, 0x0841, 0x0861, 0x0861, 0x0861, 0x0861, 0x0020, 0x0000, 0x0000, 0x0000, 0x0000,
  0x0861, 0x0861, 0x0861, 0x0861, 0x10A2, 0x10C2, 0x10C2, 0x10C2, 0x10C2, 0x10C2, 0x10A2, 0x18C2,
  0x0840, 0xA534, 0xFFFF, 0xE73C, 0x18E3, 0x10A2, 0x10C2, 0x10A2, 0x10A2, 0x10A2, 0x10A2, 0x18C2,
  0x0881, 0x39C6, 0xF7BE, 0xFFFF, 0xEF7D, 0x2124, 0x10A1, 0x18C2, 0x10C2, 0x10C2, 0x10A2, 0x10A2,
  0x10A2, 0x10C2, 0x10A2, 0x10A2, 0x10A2, 0x10A2, 0x10C2, 0x10A2, 0x10A2, 0x10A2, 0x10C2, 0x10C2,
  0x10A2, 0x10A2, 0x10A2, 0x10A2, 0x10C2, 0x10A2, 0x10A2, 0x10C2, 0x10C2, 0x10C2, 0x10A2, 0x10A2,
  0x10C2, 0x10C2, 0x10C2, 0x10C2, 0x10C2, 0x10C2, 0x10C2, 0x10C2, 0x10C2, 0x10C2, 0x10C2, 0x10C2,
  0x10C2, 0x10C2, 0x10C2, 0x10C2, 0x10C2, 0x10C2, 0x10C2, 0x10C2, 0x10C2, 0x18C2, 0x10C2, 0x10C2,
  0x10C2, 0x10C2, 0x10C2, 0x10C2, 0x10C2, 0x10C2, 0x10A2, 0x10C2, 0x10C2, 0x10C2, 0x10C2, 0x10C2,
  0x10C2, 0x10C2, 0x10C2, 0x10C2, 0x10C2, 0x10C2, 0x10C2, 0x10C2, 0x10C2, 0x10C2, 0x10C2, 0x10C2,
  0x10C2, 0x10C2, 0x10C2, 0x10C2, 0x10C2, 0x10C2, 0x10C2, 0x10C2, 0x10C2, 0x10C2, 0x10C2, 0x10C2,
  0x10C2, 0x10C2, 0x10C2, 0x10C2, 0x10C2, 0x10C2, 0x10C2, 0x10C2, 0x10C2, 0x10C2, 0x10C2, 0x10C2,
  0x10C2, 0x10A2, 0x10A2, 0x10C2, 0x10C2, 0x10C2, 0x10C2, 0x10C2, 0x10C2, 0x10C2, 0x10C2, 0x10C2,
  0x10C2, 0x10C2, 0x10C2, 0x10C2, 0x10C2, 0x10C2, 0x10C2, 0x10C2, 0x10C2, 0x10C2, 0x10C2, 0x10C2,
  0x10C2, 0x18C2, 0x0861, 0x4A48, 0xFFFF, 0xFFFF, 0xFFFF, 0xBDD7, 0x18E3, 0x0861, 0x18E3, 0x0020,
  0x8430, 0xFFFF, 0xCE59, 0x1082, 0x18E2, 0x0020, 0x52AA, 0xF79E, 0xFFFF, 0xFFFF, 0xC618, 0x2103,
  0x10A1, 0x18C2, 0x10C2, 0x10C2, 0x10A2, 0x10A2, 0x10A2, 0x10A2, 0x1081, 0x0861, 0x0861, 0x0841,
  0x0000, 0x0000, 0x0000, 0x0000, 0x0020, 0x0861, 0x0861, 0x0861, 0x0861, 0x0841, 0x0000, 0x0000,
  0x0000, 0x0020, 0x0000, 0x0000, 0x0000, 0x0000, 0x0000, 0x0000, 0x0000, 0x0000, 0x0000, 0x0000,
  0x0000, 0x0000, 0x0000, 0x0000, 0x0000, 0x0000, 0x0000, 0x0000, 0x0000, 0x0000, 0x0000, 0x0000,
  0x0000, 0x0000, 0x0841, 0x1082, 0x0861, 0x0861, 0x0861, 0x0020, 0x0000, 0x0000, 0x0000, 0x0000,
  0x0861, 0x1082, 0x0861, 0x10A2, 0x10C2, 0x10C2, 0x10C2, 0x10C2, 0x10C2, 0x10C2, 0x10C2, 0x18C2,
  0x0020, 0x73AE, 0xFFFF, 0xFFFF, 0x8410, 0x0000, 0x18E2, 0x10A2, 0x10A2, 0x10A2, 0x10A2, 0x10A2,
  0x18C2, 0x0020, 0x738D, 0xFFFF, 0xFFFF, 0x5ACA, 0x0840, 0x18C2, 0x10C2, 0x10C2, 0x10A2, 0x10A2,
  0x10A2, 0x10A2, 0x10A2, 0x10A2, 0x10A2, 0x10A2, 0x10A2, 0x10C2, 0x10A2, 0x10A2, 0x10A2, 0x10A2,
  0x10A2, 0x10A2, 0x10A2, 0x10A2, 0x10A2, 0x10A2, 0x10A2, 0x10A2, 0x10A2, 0x10A2, 0x10A2, 0x10A2,
  0x10A2, 0x10A2, 0x10C2, 0x10C2, 0x10C2, 0x10C2, 0x10C2, 0x10C2, 0x10C2, 0x10C2, 0x10C2, 0x10C2,
  0x10C2, 0x10C2, 0x10C2, 0x10C2, 0x10C2, 0x10C2, 0x10C2, 0x10C2, 0x10C2, 0x10C2, 0x10C2, 0x10C2,
  0x10C2, 0x10C2, 0x10C2, 0x10C2, 0x10A2, 0x10A2, 0x10A2, 0x10A2, 0x10C2, 0x10C2, 0x10C2, 0x10C2,
  0x10C2, 0x10C2, 0x10C2, 0x10C2, 0x10C2, 0x10C2, 0x10C2, 0x10C2, 0x10C2, 0x10C2, 0x10C2, 0x10C2,
  0x10C2, 0x10C2, 0x10C2, 0x10C2, 0x10C2, 0x10C2, 0x10C2, 0x10C2, 0x10C2, 0x10C2, 0x10C2, 0x10C2,
  0x10C2, 0x10C2, 0x10C2, 0x10C2, 0x10C2, 0x10C2, 0x10C2, 0x10C2, 0x10C2, 0x10C2, 0x10C2, 0x10C2,
  0x10C2, 0x10A2, 0x10A2, 0x10A2, 0x10A2, 0x10C2, 0x10C2, 0x10C2, 0x10C2, 0x10C2, 0x10C2, 0x10C2,
  0x10C2, 0x10C2, 0x10C2, 0x10C2, 0x10C2, 0x10C2, 0x10C2, 0x10C2, 0x10C2, 0x10C2, 0x10C2, 0x10C2,
  0x10C2, 0x18C2, 0x10A2, 0x2103, 0xBDF7, 0xFFFF, 0xA514, 0x1081, 0x1081, 0x18C2, 0x18C2, 0x1081,
  0xC638, 0xFFFF, 0x8C71, 0x0840, 0x0840, 0x6B4D, 0xFFFF, 0xFFFF, 0xFFFF, 0xAD75, 0x10A2, 0x1081,
  0x18C2, 0x10C2, 0x10C2, 0x10C2, 0x10C2, 0x10C2, 0x10A2, 0x10A2, 0x10A2, 0x1081, 0x1082, 0x0861,
  0x0000, 0x0000, 0x0000, 0x0000, 0x0020, 0x1082, 0x0861, 0x0861, 0x0861, 0x0020, 0x0000, 0x0000,
  0x0000, 0x0000, 0x0000, 0x0000, 0x0000, 0x0000, 0x0000, 0x0000, 0x0000, 0x0000, 0x0000, 0x0000,
  0x0000, 0x0000, 0x0000, 0x0000, 0x0000, 0x0000, 0x0000, 0x0000, 0x0000, 0x0000, 0x0000, 0x0000,
  0x0000, 0x0000, 0x0841, 0x0861, 0x0861, 0x0861, 0x0861, 0x0020, 0x0000, 0x0000, 0x0000, 0x0000,
  0x0861, 0x0862, 0x1082, 0x10A2, 0x10C2, 0x10C2, 0x10C2, 0x10C2, 0x10C2, 0x10C2, 0x10C2, 0x18C2,
  0x1081, 0x2945, 0xF79E, 0xFFFF, 0xFFDF, 0x5AEB, 0x0020, 0x18E2, 0x10C2, 0x10A2, 0x10A2, 0x10A2,
  0x10C2, 0x1081, 0x2944, 0xF79D, 0xFFFF, 0x634C, 0x0040, 0x18C2, 0x10A2, 0x10A2, 0x10A2, 0x10A2,
  0x10A2, 0x10A2, 0x10A2, 0x10A2, 0x10A2, 0x10A2, 0x10A2, 0x10C2, 0x10A2, 0x10A2, 0x10A2, 0x10A2,
  0x10A2, 0x10A2, 0x10A2, 0x10A2, 0x10A2, 0x10A2, 0x10A2, 0x10A2, 0x10A2, 0x10A2, 0x10A2, 0x10A2,
  0x10A2, 0x10C2, 0x10C2, 0x10C2, 0x10C2, 0x10C2, 0x10C2, 0x10C2, 0x10C2, 0x10C2, 0x10C2, 0x10C2,
  0x10C2, 0x10C2, 0x10C2, 0x10C2, 0x10C2, 0x10C2, 0x10C2, 0x10C2, 0x10C2, 0x10C2, 0x10C2, 0x10C2,
  0x10C2, 0x10C2, 0x10C2, 0x10C2, 0x10A2, 0x10A2, 0x10C2, 0x10C2, 0x10C2, 0x10C2, 0x10C2, 0x10C2,
  0x10C2, 0x10C2, 0x10C2, 0x10C2, 0x10C2, 0x10C2, 0x10C2, 0x10C2, 0x10C2, 0x10C2, 0x10C2, 0x10C2,
  0x10C2, 0x10C2, 0x10C2, 0x10C2, 0x10C2, 0x10C2, 0x10C2, 0x10C2, 0x10C2, 0x10C2, 0x10C2, 0x10C2,
  0x10C2, 0x10C2, 0x10C2, 0x10C2, 0x10C2, 0x10C2, 0x10C2, 0x10C2, 0x10C2, 0x10C2, 0x10C2, 0x10A2,
  0x10C2, 0x10A2, 0x10A2, 0x10A2, 0x10A2, 0x10A2, 0x10C2, 0x10C2, 0x10C2, 0x10C2, 0x10C2, 0x10C2,
  0x10C2, 0x10C2, 0x10C2, 0x10C2, 0x10C2, 0x10C2, 0x10C2, 0x10C2, 0x10C2, 0x10C2, 0x10C2, 0x10C2,
  0x10A2, 0x10A2, 0x18C2, 0x0861, 0x2944, 0x7BCE, 0x0881, 0x10A2, 0x18C2, 0x10C2, 0x0881, 0x31C6,
  0xFFDF, 0xFFFF, 0x4A48, 0x0000, 0x8430, 0xFFFF, 0xFFDF, 0xFFFF, 0x94D2, 0x0861, 0x10A2, 0x18C2,
  0x10A2, 0x10C2, 0x10C2, 0x10C2, 0x10C2, 0x10C2, 0x10C2, 0x10A2, 0x10A2, 0x10A2, 0x0861, 0x0841,
  0x0000, 0x0000, 0x0000, 0x0000, 0x0020, 0x0861, 0x0861, 0x0861, 0x0861, 0x0841, 0x0000, 0x0000,
  0x0000, 0x0000, 0x0000, 0x0000, 0x0000, 0x0000, 0x0000, 0x0000, 0x0000, 0x0000, 0x0000, 0x0000,
  0x0000, 0x0000, 0x0000, 0x0000, 0x0000, 0x0000, 0x0000, 0x0000, 0x0000, 0x0000, 0x0000, 0x0000,
  0x0000, 0x0000, 0x0841, 0x0861, 0x0861, 0x0861, 0x0861, 0x0020, 0x0000, 0x0000, 0x0000, 0x0000,
  0x0861, 0x1081, 0x10A2, 0x10A2, 0x10A2, 0x10C2, 0x10C2, 0x10C2, 0x10C2, 0x10C2, 0x10C2, 0x10A2,
  0x18C2, 0x0040, 0x73AE, 0xFFFF, 0xFFDF, 0xFFFF, 0x73AE, 0x0040, 0x10C2, 0x18C2, 0x10A2, 0x10A2,
  0x18C2, 0x0881, 0x31A6, 0xF7BE, 0xFFFF, 0x4A69, 0x0860, 0x18C2, 0x10A2, 0x10A2, 0x10A2, 0x10A2,
  0x10A2, 0x10C2, 0x10C2, 0x10C2, 0x10A2, 0x10A2, 0x10C2, 0x10C2, 0x10C2, 0x10C2, 0x10C2, 0x10A2,
  0x10A2, 0x10A2, 0x10A2, 0x10A2, 0x10A2, 0x10A2, 0x10C2, 0x10C2, 0x10C2, 0x10C2, 0x10C2, 0x10A2,
  0x10C2, 0x10C2, 0x10C2, 0x10C2, 0x10C2, 0x10C2, 0x10C2, 0x10C2, 0x10C2, 0x10C2, 0x10C2, 0x10C2,
  0x10C2, 0x10C2, 0x10C2, 0x10C2, 0x10C2, 0x10C2, 0x10C2, 0x10C2, 0x10C2, 0x10C2, 0x10C2, 0x10C2,
  0x10C2, 0x10C2, 0x10A2, 0x10A2, 0x10C2, 0x10C2, 0x10A2, 0x10C2, 0x10C2, 0x10C2, 0x10C2, 0x10C2,
  0x10C2, 0x10C2, 0x10C2, 0x10C2, 0x10C2, 0x10C2, 0x10C2, 0x10C2, 0x10C2, 0x10C2, 0x10C2, 0x10C2,
  0x10C2, 0x10C2, 0x10C2, 0x10C2, 0x10C2, 0x10C2, 0x10C2, 0x10C2, 0x10C2, 0x10C2, 0x10C2, 0x10C2,
  0x10C2, 0x10C2, 0x10C2, 0x18C2, 0x10C2, 0x10C2, 0x10C2, 0x10C2, 0x10C2, 0x10C2, 0x10C2, 0x10C2,
  0x10C2, 0x10C2, 0x10A2, 0x10A2, 0x10A2, 0x10A2, 0x10C2, 0x10C2, 0x10C2, 0x18C2, 0x10C2, 0x10A2,
  0x10A2, 0x10C2, 0x10C2, 0x10C2, 0x10C2, 0x18C2, 0x10C2, 0x10C2, 0x10C2, 0x10C2, 0x10C2, 0x10C2,
  0x10A2, 0x10A2, 0x10A2, 0x18C2, 0x10A2, 0x0840, 0x18C2, 0x18C2, 0x10C2, 0x18C2, 0x0020, 0x738E,
  0xFFFF, 0xD6BA, 0x1082, 0x9CD2, 0xFFFF, 0xFFDF, 0xFFFF, 0x840F, 0x0040, 0x10C2, 0x18C2, 0x10A2,
  0x10C2, 0x10C2, 0x10C2, 0x10C2, 0x10C2, 0x10C2, 0x10A2, 0x10A2, 0x10A2, 0x10A2, 0x1082, 0x0841,
  0x0000, 0x0000, 0x0000, 0x0000, 0x0020, 0x0861, 0x0861, 0x0861, 0x0861, 0x0841, 0x0000, 0x0000,
  0x0000, 0x0000, 0x0000, 0x0000, 0x0000, 0x0000, 0x0000, 0x0000, 0x0000, 0x0000, 0x0000, 0x0000,
  0x0000, 0x0000, 0x0000, 0x0000, 0x0000, 0x0000, 0x0000, 0x0000, 0x0000, 0x0000, 0x0000, 0x0000,
  0x0000, 0x0000, 0x0841, 0x0861, 0x0861, 0x0861, 0x0861, 0x0020, 0x0000, 0x0000, 0x0000, 0x0000,
  0x0861, 0x1082, 0x10A2, 0x10A2, 0x10A2, 0x10C2, 0x10C2, 0x10C2, 0x10C2, 0x10C2, 0x10C2, 0x10A2,
  0x10A2, 0x18C2, 0x0840, 0x9491, 0xFFFF, 0xFFDF, 0xFFFF, 0x9492, 0x0861, 0x0861, 0x18C2, 0x18C2,
  0x10C2, 0x0000, 0x9CD2, 0xFFFF, 0xDEDB, 0x18C2, 0x10A2, 0x10C2, 0x10A2, 0x10A2, 0x10A2, 0x10A2,
  0x10A2, 0x10C2, 0x10C2, 0x10C2, 0x10A2, 0x10A2, 0x10C2, 0x10C2, 0x10C2, 0x10C2, 0x10C2, 0x10A2,
  0x10A2, 0x10A2, 0x10A2, 0x10A2, 0x10A2, 0x10A2, 0x10C2, 0x10C2, 0x10C2, 0x10C2, 0x10C2, 0x10A2,
  0x10C2, 0x10C2, 0x10C2, 0x10C2, 0x10C2, 0x10C2, 0x10C2, 0x10C2, 0x10C2, 0x10C2, 0x10C2, 0x10C2,
  0x10C2, 0x10C2, 0x10C2, 0x10C2, 0x10C2, 0x10C2, 0x10C2, 0x10C2, 0x10C2, 0x10C2, 0x10C2, 0x10C2,
  0x10C2, 0x10C2, 0x10A2, 0x10A2, 0x10C2, 0x10C2, 0x10A2, 0x10C2, 0x10C2, 0x10C2, 0x10C2, 0x10C2,
  0x10C2, 0x10C2, 0x10C2, 0x10C2, 0x10C2, 0x10C2, 0x10C2, 0x10C2, 0x10C2, 0x10C2, 0x10C2, 0x10C2,
  0x10C2, 0x10C2, 0x10C2, 0x10C2, 0x10C2, 0x10C2, 0x10C2, 0x10C2, 0x10C2, 0x10C2, 0x10C2, 0x10C2,
  0x10C2, 0x10C2, 0x10C2, 0x10C2, 0x10C2, 0x10C2, 0x10C2, 0x10C2, 0x10C2, 0x10C2, 0x10C2, 0x10C2,
  0x10C2, 0x10C2, 0x10A2, 0x10A2, 0x20E2, 0x10C2, 0x10A2, 0x10C2, 0x18C2, 0x10A2, 0x10A2, 0x18C2,
  0x10A2, 0x10C2, 0x10C2, 0x10C2, 0x10C2, 0x10C2, 0x10C2, 0x10C2, 0x10C2, 0x10C2, 0x10C2, 0x10C2,
  0x10C2, 0x10A2, 0x10A2, 0x10C2, 0x18C2, 0x18C2, 0x10C2, 0x10C2, 0x10C2, 0x18C2, 0x0861, 0xBDD6,
  0xFFFF, 0x9CF3, 0xA514, 0xFFFF, 0xFFFF, 0xFFDF, 0x6B4D, 0x0020, 0x18C2, 0x10C2, 0x10A2, 0x10A2,
  0x10C2, 0x10C2, 0x10C2, 0x10C2, 0x10C2, 0x10C2, 0x10A2, 0x10A2, 0x10A2, 0x10A2, 0x10A2, 0x0841,
  0x0000, 0x0000, 0x0020, 0x0000, 0x0020, 0x0861, 0x0861, 0x0861, 0x0861, 0x0020, 0x0000, 0x0000,
  0x0000, 0x0000, 0x0000, 0x0000, 0x0000, 0x0000, 0x0000, 0x0000, 0x0000, 0x0000, 0x0000, 0x0000,
  0x0000, 0x0000, 0x0000, 0x0000, 0x0000, 0x0000, 0x0000, 0x0000, 0x0000, 0x0020, 0x0861, 0x0861,
  0x0861, 0x0861, 0x0841, 0x0000, 0x0000, 0x0000, 0x0000, 0x0841, 0x0861, 0x0861, 0x0861, 0x0861,
  0x0840, 0x10A2, 0x10A2, 0x10A2, 0x10A2, 0x10A2, 0x10A2, 0x10A2, 0x10A2, 0x10A2, 0x10A2, 0x10A2,
  0x10A2, 0x10C2, 0x10C2, 0x0840, 0x7BCE, 0xFFFF, 0xFFFF, 0xFFFF, 0xBDD7, 0x39E7, 0x0861, 0x0840,
  0x1081, 0x7BEF, 0xFFDF, 0xFFFF, 0x6B4D, 0x0840, 0x18C2, 0x10A2, 0x10A2, 0x10A2, 0x10A2, 0x10A2,
  0x10C2, 0x10C2, 0x10C2, 0x10C2, 0x10C2, 0x10C2, 0x10A2, 0x10C2, 0x10C2, 0x10A2, 0x10A2, 0x10A2,
  0x10A2, 0x10C2, 0x10A2, 0x10A2, 0x10C2, 0x10C2, 0x10C2, 0x10C2, 0x10C2, 0x10C2, 0x10A2, 0x10A2,
  0x10C2, 0x10C2, 0x10A2, 0x10A2, 0x10C2, 0x10C2, 0x10A2, 0x10A2, 0x10C2, 0x10C2, 0x10C2, 0x10C2,
  0x10C2, 0x10C2, 0x10C2, 0x10C2, 0x10C2, 0x10C2, 0x10C2, 0x10C2, 0x10C2, 0x10C2, 0x10C2, 0x10C2,
  0x10C2, 0x10C2, 0x10C2, 0x10C2, 0x10C2, 0x10C2, 0x10C2, 0x10A2, 0x10A2, 0x10C2, 0x10C2, 0x10C2,
  0x10C2, 0x10C2, 0x10C2, 0x10C2, 0x10A2, 0x10A2, 0x10A2, 0x10C2, 0x10C2, 0x10C2, 0x10C2, 0x10C2,
  0x10C2, 0x10C2, 0x10C2, 0x10C2, 0x10C2, 0x10C2, 0x10C2, 0x10C2, 0x10C2, 0x10C2, 0x10C2, 0x10C2,
  0x10C2, 0x10C2, 0x10C2, 0x10C2, 0x10C2, 0x10C2, 0x10C2, 0x10C2, 0x10C2, 0x10C2, 0x10C2, 0x10C2,
  0x10C2, 0x10C2, 0x10A2, 0x2123, 0x2964, 0x18E2, 0x18C2, 0x10C2, 0x0881, 0x20E2, 0x20E2, 0x0061,
  0x10A2, 0x10C2, 0x18C2, 0x10C2, 0x10C2, 0x10A2, 0x10A2, 0x10C2, 0x10C2, 0x10C2, 0x10C2, 0x10C2,
  0x10C2, 0x10C2, 0x10C2, 0x10C2, 0x10C2, 0x10C2, 0x10C2, 0x10C2, 0x18C2, 0x1081, 0x2965, 0xF79D,
  0xFFFF, 0xF79E, 0xFFFF, 0xFFFF, 0xF79E, 0x528A, 0x0020, 0x18C2, 0x10C2, 0x10A2, 0x10A2, 0x10A2,
  0x10A2, 0x10A2, 0x10A2, 0x10A2, 0x10A2, 0x10C2, 0x10A2, 0x10A2, 0x10A2, 0x10A2, 0x10A2, 0x1081,
  0x0861, 0x0861, 0x0861, 0x0861, 0x0841, 0x0000, 0x0000, 0x0000, 0x0000, 0x0841, 0x0861, 0x0861,
  0x0861, 0x0861, 0x0020, 0x0000, 0x0000, 0x0000, 0x0000, 0x0000, 0x0000, 0x0000, 0x0000, 0x0000,
  0x0000, 0x0000, 0x0000, 0x0000, 0x0000, 0x0000, 0x0000, 0x0000, 0x0000, 0x0020, 0x0861, 0x0861,
  0x0861, 0x0861, 0x0020, 0x0000, 0x0000, 0x0000, 0x0000, 0x0841, 0x1082, 0x0861, 0x0861, 0x0861,
  0x1081, 0x10C2, 0x10A2, 0x10A2, 0x10A2, 0x10A2, 0x10C2, 0x10C2, 0x10A2, 0x10A2, 0x10A2, 0x10A2,
  0x10A2, 0x10A2, 0x10C2, 0x18C2, 0x0020, 0x5AEB, 0xF7BE, 0xFFFF, 0xFFFF, 0xFFDF, 0xC618, 0xAD75,
  0xD69A, 0xFFFF, 0xFFFF, 0xA513, 0x0861, 0x18C2, 0x10C2, 0x10A2, 0x10C2, 0x10C2, 0x10C2, 0x10A2,
  0x10A2, 0x10A2, 0x10C2, 0x10C2, 0x10C2, 0x10C2, 0x10C2, 0x10A2, 0x10C2, 0x10C2, 0x10C2, 0x10C2,
  0x10C2, 0x10C2, 0x10C2, 0x10C2, 0x10C2, 0x10C2, 0x10C2, 0x10C2, 0x10C2, 0x10C2, 0x10C2, 0x10C2,
  0x10C2, 0x10C2, 0x10C2, 0x10C2, 0x10C2, 0x10C2, 0x10C2, 0x10C2, 0x10C2, 0x10C2, 0x10C2, 0x10C2,
  0x10C2, 0x10C2, 0x10C2, 0x10C2, 0x10C2, 0x10C2, 0x10C2, 0x10C2, 0x10C2, 0x10C2, 0x10C2, 0x10C2,
  0x10C2, 0x10C2, 0x10C2, 0x10C2, 0x10C2, 0x10C2, 0x10C2, 0x10C2, 0x10C2, 0x10C2, 0x10C2, 0x10C2,
  0x10C2, 0x10C2, 0x10C2, 0x10C2, 0x10A2, 0x10A2, 0x10C2, 0x10C2, 0x10C2, 0x10C2, 0x10C2, 0x10C2,
  0x10C2, 0x10C2, 0x10C2, 0x10C2, 0x10C2, 0x10C2, 0x10C2, 0x10C2, 0x10C2, 0x10C2, 0x10C2, 0x10C2,
  0x10C2, 0x10C2, 0x10C2, 0x10C2, 0x10C2, 0x10C2, 0x10C2, 0x10C2, 0x10C2, 0x10C2, 0x10C2, 0x10C2,
  0x10C2, 0x10A2, 0x18E2, 0x3184, 0x2963, 0x18E2, 0x18E2, 0x10A2, 0x6A24, 0xEC69, 0xCBA7, 0x7A45,
  0x2902, 0x10A2, 0x10A2, 0x10C2, 0x10C2, 0x10A2, 0x10A2, 0x10C2, 0x10C2, 0x10A2, 0x10A2, 0x10A2,
  0x10C2, 0x10C2, 0x10C2, 0x10C2, 0x10C2, 0x10C2, 0x10C2, 0x10C2, 0x18C2, 0x0840, 0x630C, 0xFFFF,
  0xFFFF, 0xFFFF, 0xFFFF, 0xE71C, 0x39E7, 0x0840, 0x18E2, 0x10C2, 0x10C2, 0x10C2, 0x10A2, 0x10A2,
  0x10A2, 0x10A2, 0x10A2, 0x10A2, 0x10C2, 0x10C2, 0x10A2, 0x10A2, 0x10A2, 0x10A2, 0x10A2, 0x10A2,
  0x0881, 0x0861, 0x0861, 0x0861, 0x0841, 0x0000, 0x0000, 0x0000, 0x0000, 0x0841, 0x0861, 0x0861,
  0x0861, 0x1082, 0x0020, 0x0000, 0x0000, 0x0000, 0x0000, 0x0000, 0x0000, 0x0000, 0x0000, 0x0000,
  0x0000, 0x0000, 0x0000, 0x0000, 0x0000, 0x0000, 0x0000, 0x0000, 0x0000, 0x0020, 0x0861, 0x0861,
  0x0861, 0x0861, 0x0020, 0x0000, 0x0000, 0x0000, 0x0000, 0x0841, 0x0861, 0x0861, 0x0861, 0x1082,
  0x10A2, 0x10A2, 0x10A2, 0x10A2, 0x10A2, 0x10A2, 0x10A2, 0x10A2, 0x10A2, 0x10A2, 0x10A2, 0x10A2,
  0x10A2, 0x10A2, 0x10C2, 0x10C2, 0x18C2, 0x0040, 0x3A07, 0xCE79, 0xFFFF, 0xFFFF, 0xFFFF, 0xFFFF,
  0xFFFF, 0xFFFF, 0x94B2, 0x1081, 0x10C2, 0x18C2, 0x10C2, 0x10A2, 0x10A2, 0x10A2, 0x10A2, 0x10A2,
  0x10A2, 0x10C2, 0x10C2, 0x10C2, 0x10C2, 0x10C2, 0x10C2, 0x10C2, 0x10C2, 0x10C2, 0x10C2, 0x10C2,
  0x10C2, 0x10C2, 0x10C2, 0x10C2, 0x10C2, 0x10C2, 0x10C2, 0x10C2, 0x10C2, 0x10C2, 0x10C2, 0x10C2,
  0x10C2, 0x10C2, 0x10C2, 0x10C2, 0x10C2, 0x10C2, 0x10C2, 0x10C2, 0x10C2, 0x10C2, 0x10C2, 0x10C2,
  0x10C2, 0x10C2, 0x10C2, 0x10C2, 0x10C2, 0x10C2, 0x10C2, 0x10C2, 0x10C2, 0x10C2, 0x10C2, 0x10C2,
  0x10C2, 0x10C2, 0x10C2, 0x10C2, 0x10C2, 0x10C2, 0x10C2, 0x10C2, 0x10C2, 0x10C2, 0x10C2, 0x10C2,
  0x10C2, 0x10C2, 0x10C2, 0x10C2, 0x10C2, 0x10A2, 0x10C2, 0x10C2, 0x10C2, 0x10C2, 0x10C2, 0x10C2,
  0x10C2, 0x10C2, 0x10C2, 0x10C2, 0x10C2, 0x10C2, 0x10C2, 0x10C2, 0x10C2, 0x10C2, 0x10C2, 0x10C2,
  0x10C2, 0x10C2, 0x10C2, 0x10C2, 0x10C2, 0x10C2, 0x10C2, 0x10C2, 0x10C2, 0x10C2, 0x10C2, 0x10C2,
  0x10C2, 0x10A2, 0x2943, 0x3184, 0x2943, 0x18E2, 0x18E2, 0x10C2, 0x59E4, 0x92E6, 0xDC08, 0xFCA9,
  0xEC48, 0x9AE6, 0x20E2, 0x10A2, 0x18C2, 0x18C2, 0x10C2, 0x10C2, 0x10C2, 0x10C2, 0x10C2, 0x10C2,
  0x10C2, 0x10C2, 0x10C2, 0x10C2, 0x10A2, 0x10C2, 0x10C2, 0x10C2, 0x18C2, 0x0860, 0xB5B6, 0xFFFF,
  0xF7BE, 0xFFFF, 0xD6BA, 0x2965, 0x0860, 0x18E2, 0x10C2, 0x10C2, 0x10C2, 0x10C2, 0x10A2, 0x10A2,
  0x10A2, 0x10A2, 0x10A2, 0x10A2, 0x10C2, 0x10C2, 0x10C2, 0x10C2, 0x10C2, 0x10C2, 0x10A2, 0x10A2,
  0x1082, 0x0861, 0x0861, 0x0861, 0x0841, 0x0000, 0x0000, 0x0000, 0x0000, 0x0841, 0x0861, 0x0861,
  0x0861, 0x0861, 0x0020, 0x0000, 0x0000, 0x0000, 0x0000, 0x0000, 0x0000, 0x0000, 0x0000, 0x0000,
  0x0000, 0x0000, 0x0000, 0x0000, 0x0000, 0x0000, 0x0000, 0x0000, 0x0000, 0x0020, 0x0861, 0x0861,
  0x0861, 0x0861, 0x0020, 0x0000, 0x0000, 0x0000, 0x0000, 0x0841, 0x0861, 0x0861, 0x0861, 0x10A2,
  0x10C2, 0x10C2, 0x10C2, 0x10C2, 0x10C2, 0x10A2, 0x10A2, 0x10A2, 0x10A2, 0x10A2, 0x10A2, 0x10A2,
  0x10C2, 0x10C2, 0x10C2, 0x10C2, 0x10C2, 0x18C2, 0x0861, 0x10A2, 0x632C, 0xA554, 0xC638, 0xC618,
  0x9CD2, 0x4228, 0x0840, 0x10C2, 0x18C2, 0x10C2, 0x10C2, 0x10C2, 0x10C2, 0x10C2, 0x10C2, 0x10C2,
  0x10C2, 0x10C2, 0x10C2, 0x10C2, 0x10C2, 0x10C2, 0x10C2, 0x10C2, 0x10C2, 0x10C2, 0x10A2, 0x10C2,
  0x10C2, 0x10C2, 0x10C2, 0x10C2, 0x10C2, 0x10C2, 0x10C2, 0x10C2, 0x10C2, 0x10C2, 0x10C2, 0x10C2,
  0x10C2, 0x10C2, 0x10A2, 0x10A2, 0x10C2, 0x10C2, 0x10C2, 0x10C2, 0x10C2, 0x10C2, 0x10C2, 0x10C2,
  0x10C2, 0x10C2, 0x10C2, 0x10C2, 0x10C2, 0x10C2, 0x10C2, 0x10C2, 0x10C2, 0x10C2, 0x10C2, 0x10C2,
  0x10C2, 0x10C2, 0x10C2, 0x10C2, 0x10C2, 0x10C2, 0x10C2, 0x10C2, 0x10C2, 0x10C2, 0x10C2, 0x10C2,
  0x10C2, 0x10C2, 0x10C2, 0x10C2, 0x10C2, 0x10C2, 0x10C2, 0x10C2, 0x10C2, 0x10C2, 0x10C2, 0x10C2,
  0x10C2, 0x10C2, 0x10C2, 0x10C2, 0x10C2, 0x10C2, 0x10C2, 0x10C2, 0x10C2, 0x10C2, 0x10C2, 0x10C2,
  0x10C2, 0x10C2, 0x10C2, 0x10C2, 0x10C2, 0x10C2, 0x10C2, 0x10C2, 0x10C2, 0x10C2, 0x10C2, 0x10C2,
  0x10A2, 0x18E2, 0x3184, 0x3184, 0x2103, 0x18E2, 0x18E2, 0x18E2, 0x10A2, 0x08A2, 0x20E2, 0x8AA5,
  0xBB67, 0xC3A7, 0xEC49, 0x6A25, 0x0062, 0x10C2, 0x18C2, 0x18C2, 0x10C2, 0x10C2, 0x10C2, 0x10C2,
  0x10C2, 0x10C2, 0x10C2, 0x10C2, 0x10C2, 0x10C2, 0x10C2, 0x10C2, 0x18C2, 0x0861, 0x9491, 0xFFFF,
  0xFFFF, 0xC618, 0x2103, 0x0861, 0x18E2, 0x10C2, 0x10C2, 0x10C2, 0x10C2, 0x10C2, 0x10C2, 0x10A2,
  0x10A2, 0x10A2, 0x10A2, 0x10A2, 0x10A2, 0x10C2, 0x10C2, 0x10C2, 0x10C2, 0x10C2, 0x10A2, 0x10A2,
  0x10A2, 0x1081, 0x0861, 0x0861, 0x0841, 0x0000, 0x0000, 0x0000, 0x0000, 0x0841, 0x0861, 0x0861,
  0x0861, 0x1082, 0x0020, 0x0000, 0x0000, 0x0000, 0x0000, 0x0000, 0x0000, 0x0000, 0x0000, 0x0000,
  0x0000, 0x0000, 0x0000, 0x0000, 0x0000, 0x0000, 0x0000, 0x0000, 0x0000, 0x0020, 0x0861, 0x0861,
  0x0861, 0x0861, 0x0020, 0x0000, 0x0000, 0x0000, 0x0000, 0x0841, 0x0861, 0x0861, 0x1082, 0x10A2,
  0x10A2, 0x10A2, 0x10C2, 0x10C2, 0x10C2, 0x10C2, 0x10C2, 0x10A2, 0x10A2, 0x10A2, 0x10A2, 0x10C2,
  0x10C2, 0x10C2, 0x10C2, 0x10C2, 0x10C2, 0x10A2, 0x18C2, 0x10C2, 0x0840, 0x0840, 0x1081, 0x0881,
  0x0840, 0x0861, 0x18C2, 0x18C2, 0x10C2, 0x10C2, 0x10C2, 0x10C2, 0x10C2, 0x10C2, 0x10C2, 0x10C2,
  0x10C2, 0x10C2, 0x10C2, 0x10C2, 0x10C2, 0x10C2, 0x10C2, 0x10C2, 0x10C2, 0x10C2, 0x10C2, 0x10C2,
  0x10C2, 0x10C2, 0x10C2, 0x10C2, 0x10A2, 0x10A2, 0x10A2, 0x10C2, 0x10C2, 0x10C2, 0x10C2, 0x10C2,
  0x10C2, 0x10C2, 0x10C2, 0x10C2, 0x10C2, 0x10C2, 0x10C2, 0x10C2, 0x10C2, 0x10C2, 0x10C2, 0x10C2,
  0x10C2, 0x10C2, 0x10C2, 0x10C2, 0x10C2, 0x10C2, 0x10C2, 0x10C2, 0x10C2, 0x10C2, 0x10C2, 0x10C2,
  0x10C2, 0x10C2, 0x10C2, 0x10C2, 0x10C2, 0x10C2, 0x10C2, 0x10C2, 0x10C2, 0x10C2, 0x10C2, 0x10C2,
  0x10C2, 0x10C2, 0x10C2, 0x10C2, 0x10C2, 0x10C2, 0x10C2, 0x10C2, 0x10C2, 0x10C2, 0x10C2, 0x10C2,
  0x10C2, 0x10C2, 0x10C2, 0x10C2, 0x10C2, 0x10C2, 0x10C2, 0x10C2, 0x10C2, 0x10C2, 0x10C2, 0x10C2,
  0x10C2, 0x10C2, 0x10C2, 0x10C2, 0x10C2, 0x10C2, 0x10C2, 0x10C2, 0x10C2, 0x10C2, 0x10C2, 0x10C2,
  0x10A2, 0x2123, 0x3184, 0x2964, 0x18E2, 0x18E2, 0x18E2, 0x18E2, 0x18E2, 0x2102, 0x18E2, 0x08A2,
  0x2902, 0xB367, 0x82A5, 0x3963, 0x4122, 0x28C2, 0x08A2, 0x08A2, 0x18C2, 0x10C2, 0x10C2, 0x10C2,
  0x10C2, 0x10C2, 0x10C2, 0x10C2, 0x10C2, 0x10C2, 0x10C2, 0x10C2, 0x10C2, 0x10C2, 0x0840, 0xAD75,
  0xB5B6, 0x1081, 0x1081, 0x18C2, 0x10A2, 0x10C2, 0x10C2, 0x10C2, 0x10C2, 0x10C2, 0x10C2, 0x10A2,
  0x10A2, 0x10A2, 0x10A2, 0x10A2, 0x10A2, 0x10A2, 0x10C2, 0x10C2, 0x10C2, 0x10A2, 0x10A2, 0x10A2,
  0x10A2, 0x10A2, 0x0861, 0x0861, 0x0841, 0x0000, 0x0000, 0x0000, 0x0000, 0x0841, 0x0861, 0x0861,
  0x0861, 0x0861, 0x0020, 0x0000, 0x0000, 0x0000, 0x0000, 0x0000, 0x0000, 0x0000, 0x0000, 0x0000,
  0x0000, 0x0000, 0x0000, 0x0000, 0x0000, 0x0000, 0x0000, 0x0000, 0x0000, 0x0000, 0x0000, 0x0000,
  0x0000, 0x0000, 0x0841, 0x0861, 0x0861, 0x0861, 0x0861, 0x0020, 0x0000, 0x0020, 0x10A2, 0x10C2,
  0x10A2, 0x10A2, 0x10C2, 0x10C2, 0x10C2, 0x10C2, 0x10C2, 0x10A2, 0x10A2, 0x10A2, 0x10A2, 0x10C2,
  0x10C2, 0x10C2, 0x10C2, 0x10C2, 0x10C2, 0x10C2, 0x10C2, 0x18C2, 0x18C2, 0x18C2, 0x18C2, 0x18C2,
  0x18C2, 0x18C2, 0x10C2, 0x10C2, 0x10C2, 0x10C2, 0x10C2, 0x10C2, 0x10C2, 0x10C2, 0x10C2, 0x10C2,
  0x10C2, 0x10C2, 0x10C2, 0x10C2, 0x10C2, 0x10C2, 0x10C2, 0x10C2, 0x10C2, 0x10C2, 0x10C2, 0x10C2,
  0x10C2, 0x10C2, 0x10C2, 0x10C2, 0x10A2, 0x10A2, 0x10A2, 0x10C2, 0x10C2, 0x10C2, 0x10C2, 0x10C2,
  0x10C2, 0x10C2, 0x10C2, 0x10C2, 0x10C2, 0x10C2, 0x10C2, 0x10C2, 0x10C2, 0x10C2, 0x10C2, 0x10C2,
  0x10C2, 0x10C2, 0x10C2, 0x10C2, 0x10C2, 0x10C2, 0x10C2, 0x10C2, 0x10C2, 0x10C2, 0x10C2, 0x10C2,
  0x10C2, 0x10C2, 0x10C2, 0x10C2, 0x10C2, 0x10C2, 0x10C2, 0x10C2, 0x10C2, 0x10C2, 0x10C2, 0x10C2,
  0x10C2, 0x10C2, 0x10C2, 0x10C2, 0x10C2, 0x10C2, 0x10C2, 0x10C2, 0x10C2, 0x10C2, 0x10C2, 0x10C2,
  0x10C2, 0x10C2, 0x10C2, 0x10C2, 0x10C2, 0x10C2, 0x10C2, 0x10C2, 0x10C2, 0x10C2, 0x10C2, 0x10C2,
  0x10C2, 0x10C2, 0x10C2, 0x10C2, 0x10C2, 0x10C2, 0x10C2, 0x10C2, 0x10C2, 0x10C2, 0x10C2, 0x10C2,
  0x18C2, 0x2964, 0x3184, 0x2923, 0x18E2, 0x18E2, 0x18E2, 0x18E2, 0x10C2, 0x10C2, 0x10C2, 0x2102,
  0x3163, 0x51A3, 0x71C3, 0x99E2, 0xB9E2, 0xA9C2, 0x7962, 0x4102, 0x10A2, 0x10C2, 0x10C2, 0x10C2,
  0x10C2, 0x10C2, 0x10C2, 0x10C2, 0x10C2, 0x10C2, 0x10C2, 0x10C2, 0x10C2, 0x18C2, 0x10A2, 0x18C2,
  0x10A2, 0x10A1, 0x18C2, 0x10C2, 0x10A2, 0x10C2, 0x10C2, 0x10C2, 0x10C2, 0x18C2, 0x18C2, 0x10A2,
  0x10A2, 0x10A2, 0x10A2, 0x10A2, 0x10C2, 0x10A2, 0x10C2, 0x10C2, 0x10C2, 0x10A2, 0x10A2, 0x10A2,
  0x10A2, 0x10A2, 0x0020, 0x0000, 0x0841, 0x0861, 0x0861, 0x0861, 0x0861, 0x0841, 0x0000, 0x0000,
  0x0000, 0x0000, 0x0000, 0x0000, 0x0000, 0x0000, 0x0000, 0x0000, 0x0000, 0x0000, 0x0000, 0x0000,
  0x0000, 0x0000, 0x0000, 0x0000, 0x0000, 0x0000, 0x0000, 0x0000, 0x0000, 0x0000, 0x0000, 0x0000,
  0x0000, 0x0000, 0x0841, 0x0861, 0x0861, 0x0861, 0x0861, 0x0020, 0x0000, 0x0861, 0x10C2, 0x10C2,
  0x10C2, 0x10A2, 0x10C2, 0x10C2, 0x10C2, 0x10C2, 0x10C2, 0x10C2, 0x10C2, 0x10C2, 0x10C2, 0x10C2,
  0x10C2, 0x10C2, 0x10C2, 0x10C2, 0x10C2, 0x10C2, 0x10C2, 0x10C2, 0x10C2, 0x10C2, 0x10C2, 0x10C2,
  0x10C2, 0x10A2, 0x10A2, 0x10A2, 0x10C2, 0x10C2, 0x10C2, 0x10C2, 0x10C2, 0x10C2, 0x10C2, 0x10C2,
  0x10C2, 0x10C2, 0x10C2, 0x10C2, 0x10C2, 0x10C2, 0x10C2, 0x10C2, 0x10C2, 0x10C2, 0x10C2, 0x10C2,
  0x10C2, 0x10A2, 0x10A2, 0x10A2, 0x10A2, 0x10A2, 0x10C2, 0x10C2, 0x10C2, 0x10C2, 0x10C2, 0x10C2,
  0x10C2, 0x10C2, 0x10C2, 0x10C2, 0x10C2, 0x10C2, 0x10C2, 0x10C2, 0x10C2, 0x10C2, 0x10C2, 0x10C2,
  0x10C2, 0x10C2, 0x10C2, 0x10C2, 0x10C2, 0x10C2, 0x10C2, 0x10C2, 0x10C2, 0x10C2, 0x10C2, 0x10C2,
  0x10C2, 0x10C2, 0x10C2, 0x10C2, 0x10C2, 0x10C2, 0x10C2, 0x10C2, 0x10C2, 0x10C2, 0x10C2, 0x10C2,
  0x10C2, 0x10C2, 0x10C2, 0x10C2, 0x10C2, 0x10C2, 0x10C2, 0x10C2, 0x10C2, 0x10C2, 0x10C2, 0x10C2,
  0x10C2, 0x10C2, 0x10C2, 0x10C2, 0x18C2, 0x10C2, 0x10C2, 0x10C2, 0x10C2, 0x10C2, 0x10C2, 0x10C2,
  0x10C2, 0x10C2, 0x10C2, 0x10C2, 0x10C2, 0x10C2, 0x10C2, 0x10C2, 0x10C2, 0x10C2, 0x10C2, 0x10A2,
  0x18E2, 0x2964, 0x2143, 0x10A2, 0x10C2, 0x10C2, 0x18E2, 0x2102, 0x3163, 0x49C3, 0x6A24, 0x8A64,
  0xA263, 0xB222, 0xC1E2, 0xB9C1, 0xB1C1, 0xB9C2, 0xC1E2, 0xB9E2, 0x7142, 0x10A2, 0x10C2, 0x10C2,
  0x10C2, 0x10C2, 0x10C2, 0x10C2, 0x10C2, 0x10C2, 0x10C2, 0x10C2, 0x10C2, 0x10C2, 0x18C2, 0x10C2,
  0x10C2, 0x18C2, 0x10C2, 0x10C2, 0x10C2, 0x10C2, 0x10C2, 0x10C2, 0x10C2, 0x10C2, 0x10A2, 0x18C2,
  0x10C2, 0x10C2, 0x10C2, 0x10C2, 0x10C2, 0x10C2, 0x10C2, 0x10C2, 0x10C2, 0x10C2, 0x10A2, 0x10A2,
  0x10A2, 0x10C2, 0x0881, 0x0000, 0x0021, 0x1082, 0x0861, 0x0861, 0x0861, 0x0841, 0x0000, 0x0000,
  0x0000, 0x0000, 0x0000, 0x0000, 0x0000, 0x0000, 0x0000, 0x0000, 0x0000, 0x0000, 0x0000, 0x0000,
  0x0000, 0x0000, 0x0000, 0x0000, 0x0000, 0x0000, 0x0000, 0x0000, 0x0000, 0x0000, 0x0000, 0x0000,
  0x0000, 0x0000, 0x0841, 0x0861, 0x0861, 0x0861, 0x0861, 0x0020, 0x0000, 0x10A2, 0x10C2, 0x10C2,
  0x10C2, 0x10A2, 0x10C2, 0x10C2, 0x10C2, 0x10C2, 0x10C2, 0x10C2, 0x10C2, 0x10C2, 0x10C2, 0x10C2,
  0x10C2, 0x10C2, 0x10C2, 0x10C2, 0x10C2, 0x10C2, 0x10C2, 0x10C2, 0x10C2, 0x10C2, 0x10C2, 0x10C2,
  0x10C2, 0x10A2, 0x10C2, 0x10C2, 0x10A2, 0x10A2, 0x10A2, 0x10C2, 0x10C2, 0x10C2, 0x10C2, 0x10C2,
  0x10C2, 0x10C2, 0x10C2, 0x10C2, 0x10C2, 0x10C2, 0x10C2, 0x10C2, 0x10C2, 0x10C2, 0x10C2, 0x10C2,
  0x10C2, 0x10C2, 0x10A2, 0x10A2, 0x10A2, 0x10A2, 0x10C2, 0x10C2, 0x10C2, 0x10C2, 0x10C2, 0x10C2,
  0x10C2, 0x10C2, 0x10C2, 0x10C2, 0x10C2, 0x10C2, 0x10C2, 0x10C2, 0x10C2, 0x10C2, 0x10C2, 0x10C2,
  0x10C2, 0x10C2, 0x10C2, 0x10C2, 0x10C2, 0x10C2, 0x10C2, 0x10C2, 0x10C2, 0x10C2, 0x10C2, 0x10C2,
  0x10C2, 0x10C2, 0x10C2, 0x10C2, 0x10C2, 0x10C2, 0x10C2, 0x10C2, 0x10C2, 0x10C2, 0x10C2, 0x10C2,
  0x10C2, 0x10C2, 0x10C2, 0x10C2, 0x10C2, 0x10C2, 0x10C2, 0x10C2, 0x10C2, 0x10C2, 0x10C2, 0x10C2,
  0x10C2, 0x10C2, 0x10C2, 0x10C2, 0x10C2, 0x10C2, 0x10C2, 0x10C2, 0x10C2, 0x10C2, 0x10C2, 0x10C2,
  0x10C2, 0x10C2, 0x10C2, 0x10C2, 0x10C2, 0x10C2, 0x10C2, 0x10C2, 0x10C2, 0x10C2, 0x18C2, 0x10A2,
  0x18E2, 0x41A4, 0x6204, 0x59E3, 0x59E3, 0x6A03, 0x7A23, 0x9264, 0xA263, 0xAA43, 0xB202, 0xB9C2,
  0xB9A1, 0xB9A1, 0xB1C2, 0xB1C2, 0xB1C2, 0xB1C2, 0xB1A1, 0xB1A1, 0xC1E2, 0x5102, 0x08A2, 0x18C2,
  0x10C2, 0x10C2, 0x10C2, 0x10C2, 0x10C2, 0x10C2, 0x10C2, 0x10C2, 0x10C2, 0x10C2, 0x10C2, 0x18C2,
  0x10C2, 0x10C2, 0x10C2, 0x10C2, 0x10C2, 0x10C2, 0x10C2, 0x18C2, 0x18C2, 0x0881, 0x7245, 0x49A3,
  0x0881, 0x18C2, 0x10A2, 0x10A2, 0x10A2, 0x10A2, 0x10A2, 0x10A2, 0x10C2, 0x10C2, 0x10A2, 0x10A2,
  0x10A2, 0x10A2, 0x10A2, 0x0020, 0x0020, 0x0861, 0x0861, 0x0861, 0x0861, 0x0020, 0x0000, 0x0000,
  0x0000, 0x0000, 0x0000, 0x0000, 0x0000, 0x0000, 0x0000, 0x0000, 0x0000, 0x0000, 0x0000, 0x0000,
  0x0000, 0x0000, 0x0000, 0x0000, 0x0000, 0x0000, 0x0000, 0x0000, 0x0000, 0x0000, 0x0000, 0x0000,
  0x0000, 0x0000, 0x0841, 0x1082, 0x0861, 0x0861, 0x1082, 0x0020, 0x0841, 0x10C2, 0x10A2, 0x10C2,
  0x10C2, 0x10C2, 0x10A2, 0x10A2, 0x10A2, 0x10C2, 0x10A2, 0x10A2, 0x10A2, 0x10A2, 0x10A2, 0x10A2,
  0x10A2, 0x10C2, 0x10C2, 0x10C2, 0x10C2, 0x10C2, 0x10C2, 0x10C2, 0x10C2, 0x10C2, 0x10C2, 0x10C2,
  0x10A2, 0x10A2, 0x10A2, 0x10A2, 0x10C2, 0x10C2, 0x10C2, 0x10A2, 0x10C2, 0x10C2, 0x10C2, 0x10C2,
  0x10C2, 0x10C2, 0x10C2, 0x10C2, 0x10C2, 0x10C2, 0x10C2, 0x10C2, 0x10C2, 0x10C2, 0x10C2, 0x10C2,
  0x10C2, 0x10A2, 0x10A2, 0x10A2, 0x10A2, 0x10A2, 0x10C2, 0x10C2, 0x10C2, 0x10C2, 0x10C2, 0x10C2,
  0x10C2, 0x10C2, 0x10C2, 0x10C2, 0x10C2, 0x10C2, 0x10C2, 0x10C2, 0x10C2, 0x10C2, 0x10C2, 0x10C2,
  0x10C2, 0x10C2, 0x10C2, 0x10C2, 0x10C2, 0x10C2, 0x10C2, 0x10C2, 0x10C2, 0x10C2, 0x10C2, 0x10C2,
  0x10C2, 0x10C2, 0x10C2, 0x10C2, 0x10C2, 0x10C2, 0x10C2, 0x10C2, 0x10C2, 0x10C2, 0x10C2, 0x10C2,
  0x10C2, 0x10C2, 0x10C2, 0x10C2, 0x10C2, 0x10C2, 0x10C2, 0x10C2, 0x10C2, 0x10C2, 0x10C2, 0x10C2,
  0x10C2, 0x10A2, 0x10A2, 0x10C2, 0x10C2, 0x10C2, 0x10C2, 0x10A2, 0x10A2, 0x10A2, 0x10C2, 0x10C2,
  0x10C2, 0x10C2, 0x10C2, 0x10C2, 0x10C2, 0x10C2, 0x10C2, 0x10C2, 0x10C2, 0x10C2, 0x10C2, 0x18C2,
  0x10A2, 0x2902, 0x69C3, 0xAA84, 0xCAA4, 0xCA83, 0xC202, 0xB9C1, 0xB9A1, 0xB9A1, 0xB1C1, 0xB1C2,
  0xB1C2, 0xB1C2, 0xB9C2, 0xB9C2, 0xB9C2, 0xB1A1, 0xBA02, 0xB9E2, 0xB9C2, 0x8982, 0x10A2, 0x18C2,
  0x10C2, 0x10C2, 0x10C2, 0x10C2, 0x10C2, 0x10C2, 0x10A2, 0x10A2, 0x10A2, 0x10C2, 0x10C2, 0x10C2,
  0x10C2, 0x10C2, 0x10C2, 0x10C2, 0x10A2, 0x18A2, 0x10C2, 0x0881, 0x10A2, 0x10A2, 0xD3E8, 0x7A45,
  0x0861, 0x18C2, 0x10A2, 0x10A2, 0x10A2, 0x10C2, 0x10A2, 0x10C2, 0x10C2, 0x10C2, 0x10A2, 0x10A2,
  0x10A2, 0x10A2, 0x18C2, 0x1081, 0x0020, 0x0861, 0x0861, 0x0861, 0x0861, 0x0020, 0x0000, 0x0000,
  0x0000, 0x0000, 0x0000, 0x0000, 0x0000, 0x0000, 0x0000, 0x0000, 0x0000, 0x0000, 0x0000, 0x0000,
  0x0000, 0x0000, 0x0000, 0x0000, 0x0000, 0x0000, 0x0000, 0x0000, 0x0000, 0x0000, 0x0020, 0x0000,
  0x0020, 0x0000, 0x0841, 0x0861, 0x0841, 0x0841, 0x0841, 0x0020, 0x1082, 0x10C2, 0x10A2, 0x10C2,
  0x10C2, 0x10C2, 0x10A2, 0x10A2, 0x10A2, 0x10A2, 0x10A2, 0x10A2, 0x10A2, 0x10A2, 0x10A2, 0x10A2,
  0x10A2, 0x10A2, 0x10C2, 0x10C2, 0x10C2, 0x10C2, 0x10C2, 0x10C2, 0x10C2, 0x10C2, 0x10C2, 0x10A2,
  0x10A2, 0x10A2, 0x10A2, 0x10A2, 0x10C2, 0x10C2, 0x10A2, 0x10A2, 0x10C2, 0x10C2, 0x10A2, 0x10A2,
  0x10C2, 0x10C2, 0x10C2, 0x10C2, 0x10C2, 0x10C2, 0x10C2, 0x10C2, 0x10C2, 0x10C2, 0x10C2, 0x10C2,
  0x10C2, 0x10A2, 0x10A2, 0x10A2, 0x10A2, 0x10A2, 0x10A2, 0x10A2, 0x10A2, 0x10A2, 0x10C2, 0x10C2,
  0x10C2, 0x10C2, 0x10C2, 0x10C2, 0x10C2, 0x10C2, 0x10C2, 0x10C2, 0x10C2, 0x10C2, 0x10C2, 0x10C2,
  0x10C2, 0x10C2, 0x10C2, 0x10C2, 0x10C2, 0x10C2, 0x10C2, 0x10C2, 0x10C2, 0x10C2, 0x10C2, 0x10C2,
  0x10C2, 0x10C2, 0x10C2, 0x10C2, 0x10C2, 0x10C2, 0x10C2, 0x10C2, 0x10C2, 0x10C2, 0x10C2, 0x10C2,
  0x10C2, 0x10C2, 0x10C2, 0x10C2, 0x10C2, 0x10C2, 0x10C2, 0x10C2, 0x10C2, 0x10C2, 0x10C2, 0x10C2,
  0x10C2, 0x10C2, 0x10C2, 0x10C2, 0x10C2, 0x10A2, 0x10A2, 0x10A2, 0x10C2, 0x10C2, 0x10A2, 0x10A2,
  0x10C2, 0x10C2, 0x10C2, 0x10C2, 0x10C2, 0x10C2, 0x10C2, 0x10C2, 0x10C2, 0x10C2, 0x10C2, 0x10C2,
  0x18A2, 0x10A2, 0x0882, 0x18A2, 0x4122, 0x81E3, 0xB243, 0xBA43, 0xBA22, 0xB1E2, 0xB1A1, 0xB1A1,
  0xB1A1, 0xB181, 0xB181, 0xB1A1, 0xB1A1, 0xCAC4, 0xF469, 0xD346, 0xB9A1, 0x91A2, 0x10A2, 0x18A2,
  0x10A2, 0x10C2, 0x10C2, 0x10C2, 0x10C2, 0x10C2, 0x10A2, 0x10C2, 0x10C2, 0x10C2, 0x10C2, 0x10C2,
  0x10C2, 0x10C2, 0x10C2, 0x10C2, 0x10C2, 0x10A2, 0x18C2, 0x59E4, 0x1082, 0x1082, 0xE408, 0xAB26,
  0x0061, 0x10A2, 0x20E2, 0x10A2, 0x10A2, 0x10A2, 0x10A2, 0x10A2, 0x10A2, 0x10C2, 0x10C2, 0x10A2,
  0x10A2, 0x10A2, 0x10A2, 0x10A2, 0x0841, 0x0841, 0x0861, 0x0841, 0x0861, 0x0020, 0x0000, 0x0000,
  0x0000, 0x0000, 0x0000, 0x0000, 0x0000, 0x0000, 0x0000, 0x0000, 0x0000, 0x0000, 0x0000, 0x0000,
  0x0000, 0x0000, 0x0000, 0x0000, 0x0000, 0x0000, 0x0000, 0x0000, 0x0000, 0x0020, 0x0861, 0x0861,
  0x0861, 0x0861, 0x0020, 0x0000, 0x0000, 0x0000, 0x0000, 0x0861, 0x10C2, 0x10A2, 0x10C2, 0x10C2,
  0x10A2, 0x10C2, 0x10C2, 0x10C2, 0x10A2, 0x10A2, 0x10A2, 0x10A2, 0x10A2, 0x10A2, 0x10A2, 0x10C2,
  0x10C2, 0x10C2, 0x10C2, 0x10C2, 0x10C2, 0x10C2, 0x10C2, 0x10C2, 0x10C2, 0x10C2, 0x10C2, 0x10A2,
  0x10A2, 0x10A2, 0x10A2, 0x10A2, 0x10A2, 0x10C2, 0x10A2, 0x10C2, 0x10C2, 0x10C2, 0x10A2, 0x10A2,
  0x10A2, 0x10A2, 0x10A2, 0x10A2, 0x10A2, 0x10C2, 0x10A2, 0x10C2, 0x10A2, 0x10A2, 0x10A2, 0x10A2,
  0x10A2, 0x10A2, 0x10A2, 0x10A2, 0x10A2, 0x10A2, 0x10A2, 0x10A2, 0x10A2, 0x10A2, 0x10C2, 0x10C2,
  0x10C2, 0x10C2, 0x10C2, 0x10C2, 0x10C2, 0x10C2, 0x10C2, 0x10C2, 0x10C2, 0x10C2, 0x10C2, 0x10C2,
  0x10C2, 0x10C2, 0x10C2, 0x10C2, 0x10C2, 0x10C2, 0x10C2, 0x10C2, 0x10C2, 0x10C2, 0x10C2, 0x10C2,
  0x10C2, 0x10C2, 0x10C2, 0x10C2, 0x10C2, 0x10C2, 0x10C2, 0x10C2, 0x10C2, 0x10C2, 0x10C2, 0x10C2,
  0x10C2, 0x10C2, 0x10C2, 0x10C2, 0x10C2, 0x10C2, 0x10C2, 0x10A2, 0x10A2, 0x10A2, 0x10A2, 0x10C2,
  0x10C2, 0x10C2, 0x10C2, 0x10C2, 0x10C2, 0x10C2, 0x10A2, 0x10C2, 0x10C2, 0x10C2, 0x10C2, 0x10C2,
  0x10C2, 0x10C2, 0x10C2, 0x10C2, 0x10C2, 0x10C2, 0x10C2, 0x10C2, 0x18C2, 0x18C2, 0x10C2, 0x10C2,
  0x10C2, 0x18C2, 0x18C2, 0x18C2, 0x0062, 0x6A45, 0xB326, 0x9A43, 0xAA43, 0xBA43, 0xBA22, 0xBA43,
  0xC283, 0xCAC4, 0xCAA4, 0xCAC4, 0xDBA7, 0xF469, 0xEC48, 0xBA43, 0xB9C1, 0x7962, 0x08A2, 0x18C2,
  0x10A2, 0x10C2, 0x10C2, 0x10C2, 0x10A2, 0x10C2, 0x10C2, 0x10C2, 0x10C2, 0x10C2, 0x10C2, 0x10C2,
  0x10C2, 0x10C2, 0x10C2, 0x10C2, 0x18C2, 0x10A2, 0x10A2, 0xCBC8, 0xBB87, 0x6A04, 0xD3E8, 0xF469,
  0x4963, 0x6204, 0xA306, 0x0881, 0x18C2, 0x10A2, 0x10A2, 0x10A2, 0x10A2, 0x10C2, 0x10C2, 0x10C2,
  0x10A2, 0x10A2, 0x10A2, 0x10C2, 0x0881, 0x0000, 0x0000, 0x0000, 0x0000, 0x0020, 0x0861, 0x0861,
  0x0861, 0x0861, 0x0020, 0x0000, 0x0000, 0x0000, 0x0000, 0x0000, 0x0000, 0x0000, 0x0000, 0x0000,
  0x0000, 0x0000, 0x0000, 0x0000, 0x0000, 0x0000, 0x0000, 0x0000, 0x0000, 0x0020, 0x0861, 0x0861,
  0x0861, 0x0861, 0x0020, 0x0000, 0x0000, 0x0000, 0x0000, 0x1081, 0x10C2, 0x10A2, 0x10C2, 0x10C2,
  0x10A2, 0x10C2, 0x10C2, 0x10C2, 0x10A2, 0x10A2, 0x10A2, 0x10A2, 0x10A2, 0x10A2, 0x10A2, 0x10C2,
  0x10C2, 0x10C2, 0x10C2, 0x10C2, 0x10C2, 0x10C2, 0x10C2, 0x10C2, 0x10C2, 0x10C2, 0x10C2, 0x10A2,
  0x10A2, 0x10A2, 0x10A2, 0x10A2, 0x10A2, 0x10C2, 0x10C2, 0x10C2, 0x10C2, 0x10C2, 0x10A2, 0x10A2,
  0x10A2, 0x10A2, 0x10A2, 0x10A2, 0x10A2, 0x10C2, 0x10A2, 0x10C2, 0x10A2, 0x10A2, 0x10A2, 0x10A2,
  0x10A2, 0x10A2, 0x10A2, 0x10A2, 0x10A2, 0x10A2, 0x10A2, 0x10A2, 0x10A2, 0x10A2, 0x10C2, 0x10C2,
  0x10C2, 0x10C2, 0x10C2, 0x10C2, 0x10C2, 0x10C2, 0x10C2, 0x10C2, 0x10C2, 0x10C2, 0x10C2, 0x10C2,
  0x10C2, 0x10C2, 0x10C2, 0x10C2, 0x10C2, 0x10C2, 0x10C2, 0x10C2, 0x10C2, 0x10C2, 0x10C2, 0x10C2,
  0x10C2, 0x10C2, 0x10C2, 0x10C2, 0x10C2, 0x10C2, 0x10C2, 0x10C2, 0x10C2, 0x10C2, 0x10C2, 0x10C2,
  0x10C2, 0x10C2, 0x10C2, 0x10C2, 0x10C2, 0x10C2, 0x10C2, 0x10A2, 0x10A2, 0x10A2, 0x10A2, 0x10A2,
  0x10C2, 0x10C2, 0x10C2, 0x10C2, 0x10C2, 0x10C2, 0x10A2, 0x10C2, 0x10C2, 0x10C2, 0x10C2, 0x10C2,
  0x10C2, 0x10C2, 0x10C2, 0x10C2, 0x10C2, 0x10C2, 0x10C2, 0x10C2, 0x18C2, 0x18C2, 0x10C2, 0x10C2,
  0x10C2, 0x10C2, 0x10C2, 0x18C2, 0x0881, 0xB347, 0xFCA9, 0xDC08, 0xBB46, 0xD3A7, 0xEC28, 0xEC48,
  0xF469, 0xF469, 0xEC69, 0xEC69, 0xF489, 0xF469, 0xD2E5, 0xA981, 0xB9E2, 0x4102, 0x08A2, 0x18C2,
  0x10A2, 0x18C2, 0x18C2, 0x10C2, 0x10A2, 0x10C2, 0x10C2, 0x10C2, 0x10C2, 0x10C2, 0x10C2, 0x10C2,
  0x10C2, 0x10C2, 0x10C2, 0x10C2, 0x10C2, 0x18C2, 0x0881, 0xA306, 0xFCA9, 0xF469, 0xEC48, 0xF468,
  0xE408, 0xEC28, 0xE428, 0x2902, 0x10A2, 0x18C2, 0x10A2, 0x10A2, 0x10A2, 0x10C2, 0x10C2, 0x10C2,
  0x10A2, 0x10A2, 0x10A2, 0x10C2, 0x10A2, 0x0020, 0x0000, 0x0000, 0x0000, 0x0020, 0x0861, 0x0861,
  0x0861, 0x0861, 0x0020, 0x0000, 0x0000, 0x0000, 0x0000, 0x0000, 0x0000, 0x0000, 0x0000, 0x0000,
  0x0000, 0x0000, 0x0000, 0x0000, 0x0000, 0x0000, 0x0000, 0x0000, 0x0000, 0x0020, 0x0861, 0x0861,
  0x0861, 0x0861, 0x0020, 0x0000, 0x0000, 0x0000, 0x0841, 0x10A2, 0x10A2, 0x10A2, 0x10A2, 0x10A2,
  0x10A2, 0x10C2, 0x10C2, 0x10C2, 0x10A2, 0x10A2, 0x10A2, 0x10A2, 0x10A2, 0x10A2, 0x10A2, 0x10A2,
  0x10A2, 0x10A2, 0x10C2, 0x10C2, 0x10C2, 0x10C2, 0x10C2, 0x10C2, 0x10C2, 0x10C2, 0x10C2, 0x10A2,
  0x10A2, 0x10A2, 0x10C2, 0x10C2, 0x10C2, 0x10C2, 0x10C2, 0x10C2, 0x10C2, 0x10C2, 0x10C2, 0x10C2,
  0x10A2, 0x10A2, 0x10A2, 0x10A2, 0x10A2, 0x10C2, 0x10A2, 0x10A2, 0x10C2, 0x10C2, 0x10A2, 0x10A2,
  0x10C2, 0x10C2, 0x10C2, 0x10C2, 0x10A2, 0x10A2, 0x10A2, 0x10A2, 0x10C2, 0x10C2, 0x10C2, 0x10C2,
  0x10C2, 0x10C2, 0x10C2, 0x10C2, 0x10C2, 0x10C2, 0x10C2, 0x10C2, 0x10C2, 0x10C2, 0x10C2, 0x10C2,
  0x10C2, 0x10C2, 0x10C2, 0x10C2, 0x10C2, 0x10C2, 0x10A2, 0x10C2, 0x10C2, 0x10C2, 0x10C2, 0x10C2,
  0x10C2, 0x10C2, 0x10C2, 0x10C2, 0x10C2, 0x10C2, 0x10C2, 0x10C2, 0x10C2, 0x10C2, 0x10C2, 0x10C2,
  0x10C2, 0x10C2, 0x10C2, 0x10C2, 0x10C2, 0x10C2, 0x10C2, 0x10C2, 0x10C2, 0x10C2, 0x10A2, 0x10A2,
  0x10C2, 0x10C2, 0x10C2, 0x10C2, 0x10C2, 0x10C2, 0x10C2, 0x10C2, 0x10C2, 0x10C2, 0x10C2, 0x10C2,
  0x10C2, 0x10C2, 0x10C2, 0x10C2, 0x10C2, 0x10C2, 0x10C2, 0x10C2, 0x10C2, 0x10C2, 0x10C2, 0x10C2,
  0x10C2, 0x10C2, 0x10C2, 0x18C2, 0x0882, 0xAB26, 0xFC68, 0xEC48, 0xF469, 0xF469, 0xEC48, 0xEC48,
  0xEC28, 0xEC28, 0xF468, 0xF448, 0xDB86, 0xC263, 0xB1A1, 0xC1E2, 0x8982, 0x10A2, 0x18C2, 0x10C2,
  0x10A2, 0x10A2, 0x10C2, 0x18C2, 0x10C2, 0x10C2, 0x10C2, 0x10C2, 0x10C2, 0x10C2, 0x10C2, 0x10C2,
  0x10C2, 0x10C2, 0x10C2, 0x18C2, 0x18C2, 0x18C2, 0x0061, 0x3943, 0xE428, 0xEC28, 0xEC48, 0xEC48,
  0xEC48, 0xEC48, 0xFC68, 0x9AE6, 0x0861, 0x18C2, 0x10A2, 0x10C2, 0x10C2, 0x10C2, 0x10C2, 0x10C2,
  0x10C2, 0x10A2, 0x10A2, 0x10A2, 0x10C2, 0x0861, 0x0000, 0x0000, 0x0000, 0x0020, 0x0861, 0x0861,
  0x0861, 0x0861, 0x0020, 0x0000, 0x0000, 0x0000, 0x0000, 0x0000, 0x0000, 0x0000, 0x0000, 0x0000,
  0x0000, 0x0000, 0x0000, 0x0000, 0x0000, 0x0000, 0x0000, 0x0000, 0x0000, 0x0020, 0x1082, 0x0861,
  0x0861, 0x1082, 0x0020, 0x0000, 0x0000, 0x0000, 0x1081, 0x10C2, 0x10A2, 0x10A2, 0x10A2, 0x10A2,
  0x10A2, 0x10C2, 0x10A2, 0x10A2, 0x10A2, 0x10A2, 0x10A2, 0x10A2, 0x10C2, 0x10C2, 0x10C2, 0x10A2,
  0x10A2, 0x10A2, 0x10C2, 0x10C2, 0x10C2, 0x10C2, 0x10C2, 0x10C2, 0x10C2, 0x10C2, 0x10C2, 0x10C2,
  0x10C2, 0x10C2, 0x10C2, 0x10C2, 0x10C2, 0x10C2, 0x10C2, 0x10C2, 0x10A2, 0x10A2, 0x10A2, 0x10C2,
  0x10C2, 0x10C2, 0x10A2, 0x10A2, 0x10A2, 0x10C2, 0x10A2, 0x10A2, 0x10A2, 0x10A2, 0x10C2, 0x10C2,
  0x10C2, 0x10C2, 0x10C2, 0x10C2, 0x10A2, 0x10A2, 0x10A2, 0x10A2, 0x10C2, 0x10C2, 0x10C2, 0x10C2,
  0x10C2, 0x10C2, 0x10C2, 0x10C2, 0x10C2, 0x10C2, 0x10C2, 0x10C2, 0x10C2, 0x10C2, 0x10C2, 0x10C2,
  0x10C2, 0x10C2, 0x10C2, 0x10C2, 0x10C2, 0x10A2, 0x10A2, 0x10C2, 0x10C2, 0x10C2, 0x10C2, 0x10C2,
  0x10C2, 0x10C2, 0x10C2, 0x18C2, 0x10C2, 0x10C2, 0x10C2, 0x10C2, 0x10C2, 0x10C2, 0x10C2, 0x10C2,
  0x10C2, 0x10C2, 0x10C2, 0x10C2, 0x10C2, 0x10C2, 0x10C2, 0x10C2, 0x10C2, 0x10C2, 0x10C2, 0x10C2,
  0x10C2, 0x10C2, 0x10C2, 0x10C2, 0x10C2, 0x10C2, 0x10C2, 0x10C2, 0x10C2, 0x10C2, 0x10C2, 0x10C2,
  0x10C2, 0x10C2, 0x10C2, 0x10C2, 0x10C2, 0x10C2, 0x10C2, 0x10C2, 0x10C2, 0x10C2, 0x10C2, 0x10C2,
  0x10C2, 0x10C2, 0x10C2, 0x18C2, 0x0881, 0x92C6, 0xFC89, 0xEC28, 0xEC48, 0xEC48, 0xEC48, 0xEC28,
  0xF469, 0xF469, 0xB347, 0xAAA4, 0xC263, 0xBA22, 0xBA23, 0x89A2, 0x20C2, 0x10C2, 0x18C2, 0x18C2,
  0x10A2, 0x28C2, 0x20C2, 0x10A2, 0x18C2, 0x10C2, 0x10C2, 0x10C2, 0x10C2, 0x10C2, 0x10A2, 0x10C2,
  0x10C2, 0x18C2, 0x18C2, 0x0882, 0x0881, 0x18C2, 0x3943, 0x61E4, 0xDBE8, 0xF448, 0xEC48, 0xEC48,
  0xEC48, 0xEC48, 0xEC48, 0xF469, 0x51A3, 0x0861, 0x18C2, 0x10C2, 0x10C2, 0x10C2, 0x10C2, 0x10C2,
  0x10A2, 0x10A2, 0x10A2, 0x10A2, 0x10A2, 0x10A2, 0x0000, 0x0000, 0x0000, 0x0841, 0x1082, 0x0861,
  0x0861, 0x1082, 0x0020, 0x0000, 0x0000, 0x0000, 0x0000, 0x0000, 0x0000, 0x0000, 0x0000, 0x0000,
  0x0000, 0x0000, 0x0000, 0x0000, 0x0000, 0x0000, 0x0000, 0x0000, 0x0000, 0x0020, 0x0841, 0x0841,
  0x0841, 0x0861, 0x0020, 0x0020, 0x0020, 0x0820, 0x10A2, 0x10A2, 0x10A2, 0x10A2, 0x10A2, 0x10A2,
  0x10C2, 0x10C2, 0x10A2, 0x10A2, 0x10A2, 0x10A2, 0x10C2, 0x10A2, 0x10A2, 0x10A2, 0x10C2, 0x10C2,
  0x10C2, 0x10C2, 0x10C2, 0x10C2, 0x10C2, 0x10C2, 0x10C2, 0x10C2, 0x10A2, 0x10A2, 0x10A2, 0x10A2,
  0x10A2, 0x10A2, 0x10C2, 0x10C2, 0x10C2, 0x10C2, 0x10C2, 0x10C2, 0x10C2, 0x10C2, 0x10C2, 0x10A2,
  0x10A2, 0x10A2, 0x10A2, 0x10A2, 0x10A2, 0x10A2, 0x10A2, 0x10A2, 0x10C2, 0x10C2, 0x10C2, 0x10C2,
  0x10C2, 0x10A2, 0x10A2, 0x10A2, 0x10A2, 0x10A2, 0x10A2, 0x10C2, 0x10C2, 0x10C2, 0x10C2, 0x10C2,
  0x10C2, 0x10C2, 0x10C2, 0x10C2, 0x10C2, 0x10C2, 0x10C2, 0x10C2, 0x10C2, 0x10C2, 0x10C2, 0x10C2,
  0x10C2, 0x10C2, 0x10C2, 0x10C2, 0x10A2, 0x10C2, 0x10C2, 0x10C2, 0x10C2, 0x10C2, 0x10C2, 0x10C2,
  0x10C2, 0x10C2, 0x10C2, 0x10C2, 0x10C2, 0x10C2, 0x10C2, 0x10C2, 0x10C2, 0x10C2, 0x10C2, 0x10C2,
  0x10C2, 0x10C2, 0x10C2, 0x10C2, 0x10C2, 0x10C2, 0x10C2, 0x10C2, 0x10A2, 0x10A2, 0x10C2, 0x10C2,
  0x10C2, 0x10C2, 0x10C2, 0x10C2, 0x10C2, 0x10C2, 0x10C2, 0x10C2, 0x10C2, 0x10C2, 0x10C2, 0x10C2,
  0x10C2, 0x10C2, 0x10C2, 0x10C2, 0x10C2, 0x10C2, 0x10C2, 0x10A2, 0x10A2, 0x10C2, 0x10C2, 0x10C2,
  0x10C2, 0x10C2, 0x10C2, 0x10C2, 0x10A1, 0xBB67, 0xF468, 0xEC48, 0xEC48, 0xEC48, 0xEC48, 0xFC89,
  0xCBC7, 0x59E4, 0x10A1, 0x18A1, 0x4122, 0x5162, 0x4122, 0x10C2, 0x10C2, 0x18C2, 0x10C2, 0x18C2,
  0x08A2, 0x4102, 0xA1A2, 0x20C1, 0x10A2, 0x18C2, 0x10C2, 0x10C2, 0x10C2, 0x18C2, 0x18C2, 0x18C2,
  0x18C2, 0x10C2, 0x0881, 0x3943, 0x8AA5, 0xCBA7, 0xEC48, 0xFC69, 0xF448, 0xEC48, 0xEC48, 0xEC48,
  0xEC48, 0xEC48, 0xEC48, 0xF468, 0xD3C7, 0x20C2, 0x10A2, 0x18C2, 0x10A2, 0x10A2, 0x10A2, 0x10C2,
  0x10A2, 0x10C2, 0x10C2, 0x10C2, 0x10A2, 0x10A2, 0x0841, 0x0000, 0x0020, 0x0841, 0x0841, 0x0841,
  0x0841, 0x0861, 0x0020, 0x0000, 0x0000, 0x0000, 0x0000, 0x0000, 0x0000, 0x0000, 0x0000, 0x0000,
  0x0000, 0x0000, 0x0000, 0x0000, 0x0000, 0x0000, 0x0000, 0x0000, 0x0000, 0x0000, 0x0000, 0x0000,
  0x0000, 0x0000, 0x0841, 0x1082, 0x0861, 0x10A2, 0x10A2, 0x10A2, 0x10C2, 0x10C2, 0x10C2, 0x10A2,
  0x10A2, 0x10A2, 0x10A2, 0x10A2, 0x10A2, 0x10A2, 0x10C2, 0x10C2, 0x10A2, 0x10A2, 0x10A2, 0x10C2,
  0x10C2, 0x10A2, 0x10C2, 0x10C2, 0x10C2, 0x10C2, 0x10C2, 0x10C2, 0x10A2, 0x10A2, 0x10A2, 0x10A2,
  0x10A2, 0x10A2, 0x10A2, 0x10C2, 0x10C2, 0x10C2, 0x10C2, 0x10C2, 0x10C2, 0x10C2, 0x10C2, 0x10A2,
  0x10C2, 0x10C2, 0x10C2, 0x10C2, 0x10A2, 0x10A2, 0x10A2, 0x10C2, 0x10C2, 0x10C2, 0x10C2, 0x10C2,
  0x10C2, 0x10A2, 0x10A2, 0x10A2, 0x10A2, 0x10C2, 0x10C2, 0x10C2, 0x10C2, 0x10C2, 0x10C2, 0x10C2,
  0x10C2, 0x10C2, 0x10C2, 0x10C2, 0x10C2, 0x10C2, 0x10C2, 0x10C2, 0x10C2, 0x10C2, 0x10C2, 0x10C2,
  0x10C2, 0x10C2, 0x10C2, 0x10C2, 0x10C2, 0x10C2, 0x10C2, 0x10C2, 0x10C2, 0x10C2, 0x10C2, 0x10C2,
  0x10C2, 0x10C2, 0x10C2, 0x10C2, 0x10C2, 0x10C2, 0x10C2, 0x10C2, 0x10C2, 0x10C2, 0x10C2, 0x10C2,
  0x10C2, 0x10C2, 0x10C2, 0x10C2, 0x10C2, 0x10C2, 0x10C2, 0x10C2, 0x10C2, 0x10C2, 0x10C2, 0x10C2,
  0x10C2, 0x10C2, 0x10C2, 0x10C2, 0x10C2, 0x10C2, 0x10C2, 0x10C2, 0x10C2, 0x10C2, 0x10C2, 0x10C2,
  0x10C2, 0x10C2, 0x10C2, 0x10C2, 0x10C2, 0x10C2, 0x10C2, 0x10C2, 0x10C2, 0x10C2, 0x10C2, 0x10C2,
  0x10C2, 0x10C2, 0x18C2, 0x0881, 0x51A3, 0xF468, 0xEC48, 0xEC48, 0xEC48, 0xF448, 0xE428, 0x7A65,
  0x18C2, 0x0881, 0x18C2, 0x10C2, 0x08A2, 0x08A2, 0x10A2, 0x10C2, 0x18C2, 0x10C2, 0x10C2, 0x10C2,
  0x18C2, 0x0082, 0x7962, 0xA9A2, 0x0882, 0x18C2, 0x10C2, 0x10C2, 0x10A2, 0x0881, 0x0881, 0x0881,
  0x0861, 0x0881, 0x8AA5, 0xEC48, 0xFC89, 0xF468, 0xEC48, 0xEC48, 0xEC48, 0xEC48, 0xEC48, 0xEC48,
  0xEC48, 0xEC48, 0xEC48, 0xEC28, 0xFC89, 0x9AE6, 0x0881, 0x18C2, 0x10A2, 0x10A2, 0x10A2, 0x10A2,
  0x10A2, 0x10A2, 0x10A2, 0x10A2, 0x10A2, 0x10A2, 0x10A2, 0x0861, 0x1082, 0x0841, 0x0000, 0x0000,
  0x0000, 0x0000, 0x0000, 0x0000, 0x0000, 0x0000, 0x0000, 0x0000, 0x0000, 0x0000, 0x0000, 0x0000,
  0x0000, 0x0000, 0x0000, 0x0000, 0x0000, 0x0000, 0x0000, 0x0000, 0x0000, 0x0000, 0x0000, 0x0000,
  0x0000, 0x0000, 0x0841, 0x0862, 0x0861, 0x10A2, 0x10C2, 0x10A2, 0x10C2, 0x10C2, 0x10C2, 0x10A2,
  0x10A2, 0x10A2, 0x10A2, 0x10A2, 0x10A2, 0x10A2, 0x10A2, 0x10A2, 0x10A2, 0x10A2, 0x10A2, 0x10A2,
  0x10C2, 0x10A2, 0x10C2, 0x10C2, 0x10C2, 0x10C2, 0x10C2, 0x10C2, 0x10C2, 0x10C2, 0x10C2, 0x10C2,
  0x10A2, 0x10C2, 0x10A2, 0x10C2, 0x10C2, 0x10C2, 0x18C2, 0x10C2, 0x10A2, 0x10A2, 0x10A2, 0x10A2,
  0x10C2, 0x10C2, 0x10C2, 0x10C2, 0x10A2, 0x10A2, 0x10A2, 0x10A2, 0x10C2, 0x10C2, 0x10C2, 0x10C2,
  0x10A2, 0x10C2, 0x10C2, 0x10C2, 0x10C2, 0x10C2, 0x10C2, 0x10A2, 0x10A2, 0x10C2, 0x10C2, 0x10C2,
  0x10C2, 0x10C2, 0x10C2, 0x10C2, 0x10C2, 0x10C2, 0x10C2, 0x10C2, 0x10C2, 0x10C2, 0x10C2, 0x10C2,
  0x10C2, 0x10C2, 0x10C2, 0x10C2, 0x10C2, 0x10C2, 0x10C2, 0x10C2, 0x10C2, 0x10C2, 0x10C2, 0x10C2,
  0x10C2, 0x10C2, 0x10C2, 0x10C2, 0x10C2, 0x10C2, 0x10C2, 0x10C2, 0x10C2, 0x10C2, 0x10C2, 0x10C2,
  0x10C2, 0x10C2, 0x10C2, 0x10C2, 0x10C2, 0x10C2, 0x10C2, 0x10C2, 0x10C2, 0x10C2, 0x10C2, 0x10C2,
  0x10C2, 0x10C2, 0x10C2, 0x10C2, 0x10C2, 0x10C2, 0x10C2, 0x10C2, 0x10C2, 0x10C2, 0x10C2, 0x10C2,
  0x10C2, 0x10C2, 0x10C2, 0x10C2, 0x10C2, 0x10C2, 0x10C2, 0x10C2, 0x10C2, 0x10C2, 0x10C2, 0x10C2,
  0x10C2, 0x18C2, 0x18C2, 0x1082, 0xB346, 0xFC69, 0xEC48, 0xEC48, 0xEC28, 0xFC89, 0x7A64, 0x0041,
  0x10C2, 0x18C2, 0x10C2, 0x18C2, 0x18C2, 0x18C2, 0x18C2, 0x10C2, 0x10C2, 0x10C2, 0x10C2, 0x10C2,
  0x18C2, 0x10C2, 0x18A2, 0xA9C2, 0x8162, 0x08A2, 0x18C2, 0x10A2, 0x2902, 0x92C5, 0x9AE6, 0x8AA6,
  0x8285, 0xB326, 0xF469, 0xEC48, 0xEC28, 0xEC48, 0xEC48, 0xEC48, 0xEC48, 0xEC48, 0xEC48, 0xEC48,
  0xEC48, 0xEC48, 0xEC48, 0xEC48, 0xEC48, 0xF469, 0x51A4, 0x0882, 0x18C2, 0x10A2, 0x10A2, 0x10A2,
  0x10A2, 0x10A2, 0x10A2, 0x10A2, 0x10A2, 0x10A2, 0x10A2, 0x1081, 0x0861, 0x0841, 0x0000, 0x0000,
  0x0000, 0x0000, 0x0000, 0x0000, 0x0000, 0x0000, 0x0000, 0x0000, 0x0000, 0x0000, 0x0000, 0x0000,
  0x0000, 0x0000, 0x0000, 0x0000, 0x0000, 0x0000, 0x0000, 0x0000, 0x0000, 0x0000, 0x0000, 0x0000,
  0x0000, 0x0000, 0x0841, 0x0861, 0x1082, 0x10A2, 0x10C2, 0x10A2, 0x10C2, 0x10C2, 0x10A2, 0x10A2,
  0x10A2, 0x10A2, 0x10A2, 0x10A2, 0x10A2, 0x10A2, 0x10A2, 0x10A2, 0x10A2, 0x10A2, 0x10A2, 0x10A2,
  0x10C2, 0x10C2, 0x10C2, 0x10C2, 0x10C2, 0x10C2, 0x10C2, 0x10C2, 0x10C2, 0x10C2, 0x10C2, 0x10C2,
  0x10A2, 0x10C2, 0x10C2, 0x10C2, 0x10C2, 0x10C2, 0x18C2, 0x10C2, 0x10A2, 0x10A2, 0x10A2, 0x10A2,
  0x10C2, 0x10A2, 0x10A2, 0x10A2, 0x10A2, 0x10A2, 0x10A2, 0x10A2, 0x10C2, 0x10C2, 0x10C2, 0x10C2,
  0x10A2, 0x10C2, 0x10C2, 0x10C2, 0x10C2, 0x10C2, 0x10C2, 0x10A2, 0x10A2, 0x10C2, 0x10C2, 0x10C2,
  0x10C2, 0x10C2, 0x10C2, 0x10C2, 0x10C2, 0x10C2, 0x10C2, 0x10C2, 0x10C2, 0x10C2, 0x10C2, 0x10C2,
  0x10C2, 0x10C2, 0x10C2, 0x10C2, 0x10C2, 0x10C2, 0x10C2, 0x10C2, 0x10C2, 0x10C2, 0x10C2, 0x10C2,
  0x10C2, 0x10C2, 0x10C2, 0x10C2, 0x10C2, 0x10C2, 0x10C2, 0x10C2, 0x10C2, 0x10C2, 0x10C2, 0x10C2,
  0x10C2, 0x10C2, 0x10C2, 0x10C2, 0x10C2, 0x10C2, 0x10C2, 0x10C2, 0x10C2, 0x10C2, 0x10C2, 0x10C2,
  0x10C2, 0x10C2, 0x18C2, 0x18C2, 0x10C2, 0x10C2, 0x10C2, 0x10C2, 0x10C2, 0x10C2, 0x10C2, 0x10C2,
  0x10C2, 0x10C2, 0x10C2, 0x10C2, 0x10C2, 0x10C2, 0x10C2, 0x10C2, 0x10C2, 0x10C2, 0x10C2, 0x10C2,
  0x10C2, 0x18C2, 0x0882, 0x4983, 0xF448, 0xEC48, 0xEC48, 0xEC48, 0xF448, 0xDC08, 0x2902, 0x10A2,
  0x18C2, 0x10C2, 0x10C2, 0x10C2, 0x10C2, 0x10C2, 0x10C2, 0x10C2, 0x10C2, 0x10C2, 0x10C2, 0x10C2,
  0x10C2, 0x18C2, 0x10A2, 0x10A2, 0xA1C2, 0x4902, 0x10A2, 0x0881, 0x3943, 0xFC89, 0xFC89, 0xFC89,
  0xFC89, 0xFC68, 0xEC48, 0xEC48, 0xEC48, 0xEC48, 0xEC48, 0xEC48, 0xEC48, 0xEC48, 0xEC48, 0xEC48,
  0xEC48, 0xEC48, 0xEC48, 0xEC48, 0xEC48, 0xF468, 0xCBC7, 0x20C2, 0x10A2, 0x10A2, 0x10A2, 0x10A2,
  0x10A2, 0x10A2, 0x10A2, 0x10A2, 0x10A2, 0x10A2, 0x10A2, 0x1081, 0x0861, 0x0020, 0x0000, 0x0000,
  0x0000, 0x0000, 0x0000, 0x0000, 0x0000, 0x0000, 0x0000, 0x0000, 0x0000, 0x0000, 0x0000, 0x0000,
  0x0000, 0x0000, 0x0000, 0x0000, 0x0000, 0x0000, 0x0000, 0x0000, 0x0000, 0x0000, 0x0000, 0x0000,
  0x0000, 0x0000, 0x0841, 0x1081, 0x10A2, 0x10A2, 0x10A2, 0x10C2, 0x10C2, 0x10C2, 0x10A2, 0x10C2,
  0x10A2, 0x10A2, 0x10A2, 0x10A2, 0x10C2, 0x10C2, 0x10C2, 0x10C2, 0x10A2, 0x10A2, 0x10A2, 0x10C2,
  0x10C2, 0x10C2, 0x10C2, 0x10C2, 0x10A2, 0x10A2, 0x10A2, 0x10C2, 0x10C2, 0x10C2, 0x10C2, 0x10A2,
  0x10A2, 0x10C2, 0x10C2, 0x10C2, 0x10C2, 0x10C2, 0x10C2, 0x10C2, 0x10C2, 0x10C2, 0x10C2, 0x10A2,
  0x10A2, 0x10A2, 0x10A2, 0x10A2, 0x10C2, 0x10A2, 0x10A2, 0x10C2, 0x10C2, 0x10C2, 0x10C2, 0x10A2,
  0x10A2, 0x10A2, 0x10C2, 0x10C2, 0x10C2, 0x10C2, 0x10A2, 0x10A2, 0x10C2, 0x10C2, 0x10C2, 0x10C2,
  0x10C2, 0x10C2, 0x10C2, 0x10C2, 0x10C2, 0x10C2, 0x10C2, 0x10C2, 0x10C2, 0x10A2, 0x10A2, 0x10C2,
  0x10C2, 0x10C2, 0x10C2, 0x10C2, 0x10C2, 0x10C2, 0x10C2, 0x10C2, 0x10C2, 0x10C2, 0x10C2, 0x10C2,
  0x10C2, 0x10C2, 0x10C2, 0x10C2, 0x10C2, 0x10C2, 0x10C2, 0x10C2, 0x10C2, 0x10C2, 0x10C2, 0x10C2,
  0x10C2, 0x10C2, 0x10C2, 0x10C2, 0x10C2, 0x10C2, 0x10C2, 0x10C2, 0x10C2, 0x10C2, 0x10C2, 0x10C2,
  0x10C2, 0x10C2, 0x10C2, 0x10C2, 0x10C2, 0x10C2, 0x10C2, 0x10C2, 0x10C2, 0x10C2, 0x10C2, 0x10C2,
  0x10C2, 0x10C2, 0x10C2, 0x10C2, 0x10C2, 0x10C2, 0x10C2, 0x10C2, 0x10C2, 0x10C2, 0x10C2, 0x10C2,
  0x10C2, 0x18C2, 0x0881, 0xAB26, 0xFC68, 0xEC28, 0xEC48, 0xEC48, 0xFC89, 0x9AC6, 0x0881, 0x18C2,
  0x10C2, 0x10C2, 0x10C2, 0x10C2, 0x10C2, 0x10C2, 0x18C2, 0x10C2, 0x10C2, 0x10C2, 0x10C2, 0x10C2,
  0x10C2, 0x10C2, 0x18C2, 0x00A2, 0x8162, 0x7962, 0x0082, 0x2902, 0xA306, 0xEC48, 0xEC28, 0xEC28,
  0xEC28, 0xEC48, 0xEC48, 0xEC48, 0xEC48, 0xEC48, 0xEC48, 0xEC48, 0xEC48, 0xEC48, 0xEC48, 0xEC48,
  0xEC48, 0xEC48, 0xEC48, 0xEC48, 0xEC48, 0xEC28, 0xFC89, 0x8285, 0x0861, 0x18C2, 0x10A2, 0x10A2,
  0x10A2, 0x10A2, 0x10A2, 0x10A2, 0x10A2, 0x10A2, 0x10A2, 0x10A2, 0x1081, 0x0020, 0x0000, 0x0000,
  0x0000, 0x0000, 0x0000, 0x0000, 0x0000, 0x0000, 0x0000, 0x0000, 0x0000, 0x0000, 0x0000, 0x0000,
  0x0000, 0x0000, 0x0000, 0x0000, 0x0000, 0x0000, 0x0000, 0x0000, 0x0000, 0x0000, 0x0020, 0x0020,
  0x0020, 0x0020, 0x0841, 0x0861, 0x10A2, 0x10A2, 0x10A2, 0x10A2, 0x10A2, 0x10A2, 0x10A2, 0x10C2,
  0x10C2, 0x10A2, 0x10C2, 0x10C2, 0x10C2, 0x10C2, 0x10C2, 0x10C2, 0x10C2, 0x10C2, 0x10A2, 0x10A2,
  0x10C2, 0x10C2, 0x10C2, 0x10C2, 0x10C2, 0x10C2, 0x10C2, 0x10C2, 0x10C2, 0x10C2, 0x10C2, 0x10A2,
  0x10C2, 0x10C2, 0x10C2, 0x10C2, 0x10C2, 0x10C2, 0x10C2, 0x10C2, 0x10C2, 0x10C2, 0x10A2, 0x10A2,
  0x10A2, 0x10A2, 0x10A2, 0x10A2, 0x10A2, 0x10C2, 0x10C2, 0x10A2, 0x10C2, 0x10C2, 0x10A2, 0x10A2,
  0x10A2, 0x10A2, 0x10A2, 0x10A2, 0x10C2, 0x10C2, 0x10C2, 0x10C2, 0x10C2, 0x10C2, 0x10C2, 0x10C2,
  0x10C2, 0x10C2, 0x10C2, 0x10C2, 0x10C2, 0x10C2, 0x10C2, 0x10C2, 0x10C2, 0x10C2, 0x10A2, 0x10A2,
  0x10A2, 0x10C2, 0x10A2, 0x10A2, 0x10C2, 0x10C2, 0x10C2, 0x10C2, 0x10C2, 0x10C2, 0x10C2, 0x10C2,
  0x10C2, 0x10C2, 0x10C2, 0x10C2, 0x10C2, 0x10C2, 0x10C2, 0x10C2, 0x10C2, 0x10C2, 0x10C2, 0x10C2,
  0x10C2, 0x10C2, 0x10C2, 0x10C2, 0x10C2, 0x10A2, 0x10C2, 0x10C2, 0x10C2, 0x10C2, 0x10C2, 0x10C2,
  0x10C2, 0x10C2, 0x10C2, 0x10C2, 0x10C2, 0x10C2, 0x10C2, 0x10C2, 0x10C2, 0x10C2, 0x10A2, 0x10C2,
  0x10C2, 0x10C2, 0x10C2, 0x10C2, 0x10C2, 0x10C2, 0x10C2, 0x10C2, 0x10C2, 0x10C2, 0x10C2, 0x10C2,
  0x18C2, 0x0882, 0x4163, 0xEC48, 0xEC48, 0xEC48, 0xEC48, 0xEC48, 0xEC48, 0x4163, 0x0881, 0x18C2,
  0x18C2, 0x10C2, 0x10C2, 0x10C2, 0x10C2, 0x10C2, 0x10C2, 0x10C2, 0x10C2, 0x10C2, 0x10C2, 0x10C2,
  0x10C2, 0x10C2, 0x18C2, 0x08A2, 0x6122, 0xC1E2, 0x20A1, 0x2923, 0xEC49, 0xF448, 0xEC48, 0xEC48,
  0xEC48, 0xEC48, 0xEC48, 0xEC48, 0xEC48, 0xEC48, 0xEC48, 0xEC48, 0xEC48, 0xEC48, 0xEC48, 0xEC48,
  0xEC48, 0xEC48, 0xEC48, 0xEC48, 0xEC48, 0xEC28, 0xF448, 0xDC08, 0x28E2, 0x10A2, 0x18C2, 0x10A2,
  0x10A2, 0x10A2, 0x10A2, 0x10A2, 0x10A2, 0x10A2, 0x10A2, 0x10C2, 0x1081, 0x0020, 0x0020, 0x0020,
  0x0020, 0x0020, 0x0000, 0x0000, 0x0000, 0x0000, 0x0000, 0x0000, 0x0000, 0x0000, 0x0000, 0x0000,
  0x0000, 0x0000, 0x0000, 0x0000, 0x0000, 0x0000, 0x0000, 0x0000, 0x0000, 0x0020, 0x1082, 0x0861,
  0x0861, 0x1082, 0x0020, 0x0841, 0x18C2, 0x10C2, 0x10C2, 0x10C2, 0x10C2, 0x10C2, 0x10C2, 0x10A2,
  0x10A2, 0x10A2, 0x10C2, 0x10C2, 0x10C2, 0x10C2, 0x10C2, 0x10C2, 0x10C2, 0x10C2, 0x10A2, 0x10A2,
  0x10C2, 0x10C2, 0x10C2, 0x10C2, 0x10C2, 0x10C2, 0x10C2, 0x10C2, 0x10C2, 0x10C2, 0x10A2, 0x10A2,
  0x10C2, 0x10C2, 0x10C2, 0x10C2, 0x10C2, 0x10C2, 0x10A2, 0x10A2, 0x10A2, 0x10A2, 0x10C2, 0x10C2,
  0x10C2, 0x10C2, 0x10A2, 0x10A2, 0x10A2, 0x10A2, 0x10C2, 0x10C2, 0x10C2, 0x10C2, 0x10A2, 0x10C2,
  0x10C2, 0x10C2, 0x10C2, 0x10C2, 0x10A2, 0x10C2, 0x10C2, 0x10C2, 0x10C2, 0x10C2, 0x10C2, 0x10C2,
  0x10C2, 0x10C2, 0x10C2, 0x10C2, 0x10C2, 0x10C2, 0x10C2, 0x10C2, 0x10C2, 0x10C2, 0x10C2, 0x10C2,
  0x10C2, 0x10C2, 0x10C2, 0x10C2, 0x10C2, 0x10C2, 0x10C2, 0x10C2, 0x10C2, 0x10C2, 0x10C2, 0x10C2,
  0x10C2, 0x10C2, 0x10C2, 0x10C2, 0x10C2, 0x10C2, 0x10C2, 0x10C2, 0x10C2, 0x10C2, 0x10C2, 0x10C2,
  0x10C2, 0x10C2, 0x10C2, 0x10C2, 0x10C2, 0x10C2, 0x10C2, 0x10C2, 0x10C2, 0x10C2, 0x10C2, 0x10C2,
  0x10C2, 0x10C2, 0x10C2, 0x10C2, 0x10C2, 0x10C2, 0x10C2, 0x10C2, 0x10C2, 0x10C2, 0x10C2, 0x10C2,
  0x10C2, 0x10C2, 0x10C2, 0x10C2, 0x10C2, 0x10C2, 0x10C2, 0x10C2, 0x10C2, 0x10C2, 0x10C2, 0x18C2,
  0x18C2, 0x0881, 0xA306, 0xFC89, 0xEC28, 0xEC48, 0xEC48, 0xFC69, 0xBB67, 0x10A1, 0x18C2, 0x10C2,
  0x10C2, 0x10C2, 0x10C2, 0x10C2, 0x10C2, 0x10C2, 0x10C2, 0x10C2, 0x10C2, 0x10C2, 0x10C2, 0x10C2,
  0x10C2, 0x10C2, 0x18C2, 0x10A2, 0x10A2, 0xC1E2, 0x9961, 0x4183, 0xEC48, 0xEC48, 0xEC48, 0xEC48,
  0xEC48, 0xEC48, 0xEC48, 0xEC48, 0xEC48, 0xEC48, 0xEC48, 0xEC48, 0xEC48, 0xEC48, 0xEC48, 0xEC48,
  0xEC48, 0xEC48, 0xEC48, 0xEC48, 0xEC48, 0xEC48, 0xEC28, 0xFC69, 0x61E4, 0x0882, 0x18C2, 0x10A2,
  0x10C2, 0x10A2, 0x10A2, 0x10A2, 0x10A2, 0x10A2, 0x10A2, 0x18C2, 0x0861, 0x0020, 0x1082, 0x0861,
  0x0861, 0x1082, 0x0020, 0x0000, 0x0000, 0x0000, 0x0000, 0x0000, 0x0000, 0x0000, 0x0000, 0x0000,
  0x0000, 0x0000, 0x0000, 0x0000, 0x0000, 0x0000, 0x0000, 0x0000, 0x0000, 0x0020, 0x1082, 0x0861,
  0x0861, 0x1082, 0x0020, 0x1081, 0x10C2, 0x10A2, 0x10C2, 0x10C2, 0x10C2, 0x10C2, 0x10A2, 0x10A2,
  0x10C2, 0x10C2, 0x10C2, 0x10C2, 0x10C2, 0x10C2, 0x10C2, 0x10C2, 0x10C2, 0x10C2, 0x10A2, 0x10A2,
  0x10C2, 0x10C2, 0x10C2, 0x10C2, 0x10C2, 0x10C2, 0x10C2, 0x10C2, 0x10C2, 0x10C2, 0x10A2, 0x10C2,
  0x10C2, 0x10C2, 0x10C2, 0x10C2, 0x10C2, 0x10C2, 0x10C2, 0x10C2, 0x10C2, 0x10C2, 0x10A2, 0x10A2,
  0x10C2, 0x10A2, 0x10A2, 0x10A2, 0x10A2, 0x10A2, 0x10C2, 0x10C2, 0x10C2, 0x10C2, 0x10C2, 0x10C2,
  0x10C2, 0x10C2, 0x10C2, 0x10C2, 0x10C2, 0x10C2, 0x10C2, 0x10C2, 0x10C2, 0x10C2, 0x10C2, 0x10C2,
  0x10C2, 0x10C2, 0x10C2, 0x10C2, 0x10C2, 0x10C2, 0x10C2, 0x10C2, 0x10C2, 0x10C2, 0x10C2, 0x10C2,
  0x10C2, 0x10A2, 0x10A2, 0x10A2, 0x10C2, 0x10C2, 0x10C2, 0x10C2, 0x10C2, 0x10C2, 0x10C2, 0x18C2,
  0x18C2, 0x10C2, 0x10C2, 0x10C2, 0x10C2, 0x10C2, 0x10C2, 0x10C2, 0x10C2, 0x10C2, 0x10C2, 0x10C2,
  0x10C2, 0x10C2, 0x10C2, 0x10C2, 0x10C2, 0x10C2, 0x10C2, 0x10C2, 0x10C2, 0x10C2, 0x10C2, 0x10C2,
  0x10C2, 0x10C2, 0x10C2, 0x10C2, 0x10C2, 0x10C2, 0x10C2, 0x10C2, 0x10C2, 0x10C2, 0x10C2, 0x10C2,
  0x10C2, 0x10C2, 0x10C2, 0x10C2, 0x10C2, 0x10C2, 0x10C2, 0x10C2, 0x10C2, 0x10C2, 0x10C2, 0x18C2,
  0x08A2, 0x4163, 0xEC48, 0xEC48, 0xEC48, 0xEC48, 0xEC28, 0xFC89, 0x6204, 0x0881, 0x18C2, 0x10C2,
  0x10C2, 0x10C2, 0x10C2, 0x10C2, 0x10C2, 0x10C2, 0x10C2, 0x10C2, 0x10C2, 0x10C2, 0x10C2, 0x10C2,
  0x10C2, 0x10C2, 0x18C2, 0x18E2, 0x10C2, 0x8162, 0xE2E4, 0xDC08, 0xF448, 0xEC48, 0xEC48, 0xEC48,
  0xEC48, 0xEC48, 0xEC48, 0xEC48, 0xEC48, 0xEC48, 0xEC48, 0xEC48, 0xEC48, 0xEC48, 0xEC48, 0xEC48,
  0xEC48, 0xEC48, 0xEC48, 0xEC48, 0xEC48, 0xEC48, 0xEC28, 0xFC89, 0x92A5, 0x0881, 0x18C2, 0x10A2,
  0x10A2, 0x10A2, 0x10A2, 0x10A2, 0x10A2, 0x10A2, 0x10A2, 0x10C2, 0x10A2, 0x0841, 0x0861, 0x0861,
  0x0861, 0x0861, 0x0020, 0x0000, 0x0000, 0x0000, 0x0000, 0x0000, 0x0000, 0x0000, 0x0000, 0x0000,
  0x0000, 0x0000, 0x0000, 0x0000, 0x0000, 0x0000, 0x0000, 0x0000, 0x0000, 0x0020, 0x1082, 0x0861,
  0x0862, 0x0862, 0x0841, 0x10A2, 0x10C2, 0x10A2, 0x10C2, 0x10C2, 0x10C2, 0x10C2, 0x10A2, 0x10A2,
  0x10C2, 0x10C2, 0x10A2, 0x10A2, 0x10C2, 0x10C2, 0x10C2, 0x10C2, 0x10C2, 0x10C2, 0x10A2, 0x10A2,
  0x10A2, 0x10C2, 0x10A2, 0x10A2, 0x10A2, 0x10C2, 0x10A2, 0x10C2, 0x10C2, 0x10C2, 0x10C2, 0x10C2,
  0x10C2, 0x10C2, 0x10A2, 0x10A2, 0x10A2, 0x10A2, 0x10C2, 0x10C2, 0x10C2, 0x10C2, 0x10C2, 0x10A2,
  0x10C2, 0x10A2, 0x10C2, 0x10C2, 0x10C2, 0x10C2, 0x10C2, 0x10C2, 0x10C2, 0x10C2, 0x10C2, 0x10C2,
  0x10C2, 0x10C2, 0x10C2, 0x10C2, 0x10C2, 0x10C2, 0x10C2, 0x10C2, 0x10C2, 0x10C2, 0x10C2, 0x10C2,
  0x10C2, 0x10C2, 0x10C2, 0x10C2, 0x10C2, 0x10C2, 0x10C2, 0x10C2, 0x10C2, 0x10C2, 0x10C2, 0x10C2,
  0x10C2, 0x10A2, 0x10A2, 0x10A2, 0x10C2, 0x10C2, 0x10C2, 0x10C2, 0x10C2, 0x10C2, 0x10C2, 0x10C2,
  0x18C2, 0x10C2, 0x10C2, 0x10C2, 0x10C2, 0x10C2, 0x10C2, 0x10C2, 0x10C2, 0x10C2, 0x10C2, 0x10C2,
  0x10C2, 0x10C2, 0x10C2, 0x10C2, 0x10C2, 0x10C2, 0x10C2, 0x10C2, 0x10C2, 0x10C2, 0x10C2, 0x10C2,
  0x10C2, 0x10C2, 0x10C2, 0x10C2, 0x10C2, 0x10C2, 0x10C2, 0x10C2, 0x10C2, 0x10C2, 0x10C2, 0x10C2,
  0x10C2, 0x10C2, 0x10C2, 0x10C2, 0x10C2, 0x10C2, 0x10C2, 0x10C2, 0x10C2, 0x10C2, 0x10C2, 0x18C2,
  0x0881, 0xA306, 0xFC69, 0xEC48, 0xEC48, 0xEC48, 0xF468, 0xDBE8, 0x20E2, 0x10A2, 0x18C2, 0x10C2,
  0x10C2, 0x10C2, 0x10C2, 0x10C2, 0x18C2, 0x10C2, 0x10C2, 0x10C2, 0x10C2, 0x10C2, 0x10C2, 0x10C2,
  0x10C2, 0x10C2, 0x10C2, 0x10A1, 0xB367, 0xE407, 0xF468, 0xF448, 0xEC48, 0xEC48, 0xEC48, 0xEC48,
  0xEC48, 0xEC48, 0xEC48, 0xEC48, 0xEC48, 0xEC48, 0xEC48, 0xEC48, 0xEC48, 0xEC48, 0xEC48, 0xEC48,
  0xEC48, 0xEC48, 0xEC48, 0xEC48, 0xEC48, 0xEC48, 0xEC28, 0xFC89, 0xA306, 0x0881, 0x18C2, 0x10A2,
  0x10A2, 0x10A2, 0x10A2, 0x10A2, 0x10A2, 0x10A2, 0x10A2, 0x10A2, 0x10A2, 0x1081, 0x0861, 0x0861,
  0x0861, 0x0861, 0x0020, 0x0000, 0x0000, 0x0000, 0x0000, 0x0000, 0x0000, 0x0000, 0x0000, 0x0000,
  0x0000, 0x0000, 0x0000, 0x0000, 0x0000, 0x0000, 0x0000, 0x0000, 0x0000, 0x0020, 0x1082, 0x1082,
  0x1082, 0x0862, 0x1081, 0x10C2, 0x10C2, 0x10C2, 0x10C2, 0x10C2, 0x10C2, 0x10C2, 0x10A2, 0x10A2,
  0x10A2, 0x10A2, 0x10A2, 0x10A2, 0x10C2, 0x10C2, 0x10C2, 0x10C2, 0x10C2, 0x10C2, 0x10A2, 0x10A2,
  0x10A2, 0x10C2, 0x10A2, 0x10A2, 0x10A2, 0x10C2, 0x10A2, 0x10C2, 0x10C2, 0x10C2, 0x10C2, 0x10C2,
  0x10C2, 0x10C2, 0x10A2, 0x10A2, 0x10A2, 0x10A2, 0x10C2, 0x10C2, 0x10C2, 0x10C2, 0x10C2, 0x10A2,
  0x10C2, 0x10C2, 0x10C2, 0x10C2, 0x10C2, 0x10C2, 0x10C2, 0x10C2, 0x10C2, 0x10C2, 0x10C2, 0x10C2,
  0x10C2, 0x10C2, 0x10C2, 0x10C2, 0x10C2, 0x10C2, 0x10C2, 0x10C2, 0x10C2, 0x10C2, 0x10C2, 0x10C2,
  0x10C2, 0x10C2, 0x10C2, 0x10C2, 0x10C2, 0x10C2, 0x10C2, 0x10C2, 0x10C2, 0x10C2, 0x10C2, 0x10C2,
  0x10C2, 0x10C2, 0x10A2, 0x10A2, 0x10C2, 0x10C2, 0x10C2, 0x10C2, 0x10C2, 0x10C2, 0x10C2, 0x10C2,
  0x10C2, 0x10C2, 0x10C2, 0x10C2, 0x10C2, 0x10C2, 0x10C2, 0x10C2, 0x10C2, 0x10C2, 0x10C2, 0x10C2,
  0x10C2, 0x10C2, 0x10C2, 0x10C2, 0x10C2, 0x10C2, 0x10C2, 0x10C2, 0x10C2, 0x10C2, 0x10C2, 0x10C2,
  0x10C2, 0x10C2, 0x10C2, 0x10C2, 0x10C2, 0x10C2, 0x10C2, 0x10C2, 0x10C2, 0x10C2, 0x10C2, 0x10C2,
  0x10C2, 0x10C2, 0x10C2, 0x10C2, 0x10C2, 0x10C2, 0x10C2, 0x10C2, 0x10C2, 0x10C2, 0x18C2, 0x0881,
  0x4163, 0xEC49, 0xEC48, 0xEC48, 0xEC48, 0xEC28, 0xFC89, 0x92E5, 0x0881, 0x18C2, 0x10C2, 0x10C2,
  0x10C2, 0x10C2, 0x10C2, 0x10C2, 0x18C2, 0x10C2, 0x10C2, 0x10C2, 0x10C2, 0x10C2, 0x10C2, 0x10C2,
  0x10C2, 0x18C2, 0x1082, 0x59E4, 0xEC48, 0xF468, 0xEC48, 0xEC48, 0xEC48, 0xEC48, 0xEC48, 0xEC48,
  0xEC48, 0xEC48, 0xEC48, 0xEC48, 0xEC48, 0xEC48, 0xEC48, 0xEC48, 0xEC48, 0xEC48, 0xEC48, 0xEC48,
  0xEC48, 0xEC48, 0xEC48, 0xEC48, 0xEC48, 0xEC48, 0xEC28, 0xFC69, 0xA306, 0x0881, 0x18C2, 0x10A2,
  0x10A2, 0x10A2, 0x10A2, 0x10A2, 0x10A2, 0x10A2, 0x10A2, 0x10A2, 0x10A2, 0x1082, 0x0861, 0x0861,
  0x0861, 0x1082, 0x0020, 0x0000, 0x0000, 0x0000, 0x0000, 0x0000, 0x0000, 0x0000, 0x0000, 0x0000,
  0x0000, 0x0000, 0x0000, 0x0000, 0x0000, 0x0000, 0x0000, 0x0000, 0x0000, 0x0020, 0x0841, 0x0841,
  0x0841, 0x0841, 0x10A2, 0x10C2, 0x10C2, 0x10C2, 0x10C2, 0x10A2, 0x10A2, 0x10A2, 0x10C2, 0x10A2,
  0x10A2, 0x10A2, 0x10A2, 0x10A2, 0x10A2, 0x10A2, 0x10A2, 0x10A2, 0x10A2, 0x10A2, 0x10C2, 0x10A2,
  0x10C2, 0x10C2, 0x10C2, 0x10C2, 0x10C2, 0x10C2, 0x10C2, 0x10C2, 0x10C2, 0x10C2, 0x10C2, 0x10A2,
  0x10C2, 0x10C2, 0x10A2, 0x10A2, 0x10A2, 0x10A2, 0x10C2, 0x10C2, 0x10C2, 0x10C2, 0x10A2, 0x10A2,
  0x10C2, 0x10C2, 0x10C2, 0x10C2, 0x10C2, 0x10C2, 0x10C2, 0x10C2, 0x10C2, 0x10C2, 0x10C2, 0x10C2,
  0x10C2, 0x10C2, 0x10C2, 0x10C2, 0x10C2, 0x10C2, 0x10C2, 0x10C2, 0x10C2, 0x10C2, 0x10C2, 0x10C2,
  0x10C2, 0x10C2, 0x10C2, 0x10C2, 0x10C2, 0x10C2, 0x10C2, 0x10A2, 0x10A2, 0x10C2, 0x10C2, 0x10C2,
  0x10C2, 0x10C2, 0x10C2, 0x10C2, 0x10C2, 0x10C2, 0x10C2, 0x10C2, 0x10C2, 0x10C2, 0x10C2, 0x10C2,
  0x10C2, 0x10C2, 0x10C2, 0x10C2, 0x10C2, 0x10C2, 0x10C2, 0x10C2, 0x10C2, 0x10C2, 0x10C2, 0x10C2,
  0x10C2, 0x10C2, 0x10C2, 0x10C2, 0x10C2, 0x10C2, 0x10C2, 0x10C2, 0x10C2, 0x10C2, 0x10C2, 0x10C2,
  0x10C2, 0x10C2, 0x10C2, 0x10C2, 0x10C2, 0x18C2, 0x10C2, 0x10C2, 0x10C2, 0x10C2, 0x10C2, 0x10C2,
  0x10C2, 0x10C2, 0x10C2, 0x10C2, 0x10C2, 0x10C2, 0x10C2, 0x10C2, 0x10C2, 0x10C2, 0x18C2, 0x0881,
  0xA326, 0xFC69, 0xEC28, 0xEC48, 0xEC48, 0xEC28, 0xF469, 0x61E4, 0x0881, 0x18C2, 0x10C2, 0x10C2,
  0x10C2, 0x10C2, 0x10C2, 0x10C2, 0x10C2, 0x10C2, 0x10C2, 0x10C2, 0x10C2, 0x10C2, 0x10C2, 0x10C2,
  0x18C2, 0x0881, 0x7245, 0xF469, 0xEC48, 0xEC48, 0xEC48, 0xEC48, 0xEC48, 0xEC48, 0xEC48, 0xEC48,
  0xEC48, 0xEC48, 0xEC48, 0xEC48, 0xEC48, 0xEC48, 0xEC48, 0xEC48, 0xEC48, 0xEC48, 0xEC48, 0xEC48,
  0xEC48, 0xEC48, 0xEC48, 0xEC48, 0xEC48, 0xEC48, 0xEC28, 0xFC89, 0x9AE6, 0x0881, 0x18C2, 0x10A2,
  0x10A2, 0x10A2, 0x10A2, 0x10A2, 0x10A2, 0x10A2, 0x10A2, 0x10A2, 0x10A2, 0x10A2, 0x0841, 0x0841,
  0x0841, 0x0841, 0x0020, 0x0000, 0x0000, 0x0000, 0x0000, 0x0000, 0x0000, 0x0000, 0x0000, 0x0000,
  0x0000, 0x0000, 0x0000, 0x0000, 0x0000, 0x0000, 0x0000, 0x0000, 0x0000, 0x0000, 0x0000, 0x0000,
  0x0000, 0x0020, 0x10C2, 0x10C2, 0x10C2, 0x10C2, 0x10C2, 0x10A2, 0x10A2, 0x10A2, 0x10A2, 0x10A2,
  0x10A2, 0x10A2, 0x10A2, 0x10A2, 0x10A2, 0x10A2, 0x10A2, 0x10A2, 0x10A2, 0x10A2, 0x10A2, 0x10A2,
  0x10C2, 0x10C2, 0x10C2, 0x10C2, 0x10C2, 0x10C2, 0x10C2, 0x10A2, 0x10C2, 0x10C2, 0x10A2, 0x10A2,
  0x10C2, 0x10A2, 0x10A2, 0x10A2, 0x10A2, 0x10A2, 0x10C2, 0x18C2, 0x10A2, 0x10A2, 0x10A2, 0x10A2,
  0x10A2, 0x10A2, 0x10A2, 0x10A2, 0x10A2, 0x10A2, 0x10C2, 0x10C2, 0x10C2, 0x10C2, 0x10C2, 0x10C2,
  0x10C2, 0x10C2, 0x10C2, 0x10C2, 0x10C2, 0x10C2, 0x10A2, 0x10C2, 0x10C2, 0x10C2, 0x10C2, 0x10C2,
  0x10C2, 0x10C2, 0x10C2, 0x10C2, 0x10C2, 0x10A2, 0x10A2, 0x10C2, 0x10A2, 0x10A2, 0x10C2, 0x10C2,
  0x10C2, 0x10A2, 0x10A2, 0x10A2, 0x10C2, 0x10C2, 0x10C2, 0x10C2, 0x10C2, 0x10C2, 0x10C2, 0x10C2,
  0x10C2, 0x10C2, 0x10C2, 0x10C2, 0x10C2, 0x10C2, 0x10C2, 0x10C2, 0x10C2, 0x10C2, 0x10C2, 0x10C2,
  0x10C2, 0x10C2, 0x10C2, 0x10C2, 0x10C2, 0x10C2, 0x10C2, 0x10C2, 0x10C2, 0x10C2, 0x10C2, 0x10C2,
  0x10C2, 0x10C2, 0x10C2, 0x10C2, 0x10C2, 0x10C2, 0x10C2, 0x10C2, 0x10C2, 0x10C2, 0x10C2, 0x10C2,
  0x10C2, 0x10C2, 0x10C2, 0x10C2, 0x10C2, 0x10C2, 0x10C2, 0x10C2, 0x10C2, 0x18C2, 0x08A1, 0x4163,
  0xEC48, 0xEC48, 0xEC48, 0xEC48, 0xEC48, 0xEC48, 0xEC48, 0x4163, 0x0881, 0x18C2, 0x10C2, 0x10C2,
  0x10C2, 0x10C2, 0x10C2, 0x10C2, 0x10C2, 0x10C2, 0x10C2, 0x10C2, 0x10C2, 0x10C2, 0x10C2, 0x10C2,
  0x18C2, 0x0881, 0x7A45, 0xFCA9, 0xEC48, 0xEC28, 0xEC48, 0xEC48, 0xEC48, 0xEC48, 0xEC48, 0xEC48,
  0xEC48, 0xEC48, 0xEC48, 0xEC48, 0xEC48, 0xEC48, 0xEC48, 0xEC48, 0xEC48, 0xEC48, 0xEC48, 0xEC48,
  0xEC48, 0xEC48, 0xEC48, 0xEC48, 0xEC48, 0xEC48, 0xEC28, 0xFC89, 0x8265, 0x0861, 0x18C2, 0x10A2,
  0x10A2, 0x10A2, 0x10A2, 0x10A2, 0x10A2, 0x10A2, 0x10A2, 0x10A2, 0x10A2, 0x10C2, 0x0020, 0x0000,
  0x0000, 0x0000, 0x0000, 0x0000, 0x0000, 0x0000, 0x0000, 0x0000, 0x0000, 0x0000, 0x0000, 0x0000,
  0x0000, 0x0000, 0x0000, 0x0000, 0x0000, 0x0000, 0x0000, 0x0000, 0x0000, 0x0000, 0x0000, 0x0000,
  0x0000, 0x0841, 0x18C2, 0x18C2, 0x10C2, 0x10C2, 0x10C2, 0x10C2, 0x10A2, 0x10A2, 0x10A2, 0x10A2,
  0x10A2, 0x10A2, 0x10A2, 0x10A2, 0x10A2, 0x10C2, 0x10A2, 0x10C2, 0x10A2, 0x10A2, 0x10A2, 0x10A2,
  0x10C2, 0x10A2, 0x10A2, 0x10A2, 0x10C2, 0x10C2, 0x10C2, 0x10C2, 0x10C2, 0x10C2, 0x10C2, 0x10C2,
  0x10C2, 0x10A2, 0x10A2, 0x10A2, 0x10A2, 0x10A2, 0x10C2, 0x10C2, 0x10C2, 0x10C2, 0x10A2, 0x10C2,
  0x10C2, 0x10C2, 0x10C2, 0x10C2, 0x10A2, 0x10C2, 0x10C2, 0x10C2, 0x10C2, 0x10C2, 0x10C2, 0x10C2,
  0x10C2, 0x10C2, 0x10C2, 0x10C2, 0x10C2, 0x10A2, 0x10C2, 0x10C2, 0x10C2, 0x10C2, 0x10A2, 0x10C2,
  0x10C2, 0x10C2, 0x10C2, 0x10C2, 0x10C2, 0x10C2, 0x10C2, 0x10C2, 0x10A2, 0x10A2, 0x10C2, 0x10A2,
  0x10A2, 0x10A2, 0x10A2, 0x10A2, 0x10C2, 0x10C2, 0x10C2, 0x10C2, 0x10C2, 0x10C2, 0x10C2, 0x10C2,
  0x10C2, 0x10C2, 0x10C2, 0x10C2, 0x10C2, 0x10C2, 0x10C2, 0x10C2, 0x10C2, 0x10C2, 0x10C2, 0x10C2,
  0x10C2, 0x10C2, 0x10C2, 0x10C2, 0x10C2, 0x10C2, 0x10C2, 0x10C2, 0x10C2, 0x10C2, 0x10C2, 0x10C2,
  0x10C2, 0x10C2, 0x10C2, 0x10C2, 0x10C2, 0x10C2, 0x10C2, 0x10C2, 0x10C2, 0x10C2, 0x10C2, 0x10C2,
  0x10C2, 0x10C2, 0x10C2, 0x10C2, 0x10C2, 0x10C2, 0x10C2, 0x10C2, 0x10C2, 0x18C2, 0x0881, 0xA306,
  0xFC89, 0xEC28, 0xEC48, 0xEC48, 0xEC48, 0xF448, 0xE428, 0x3122, 0x10A2, 0x18C2, 0x10C2, 0x10C2,
  0x10C2, 0x10C2, 0x10C2, 0x10C2, 0x10C2, 0x10C2, 0x10C2, 0x10C2, 0x10C2, 0x10C2, 0x10C2, 0x10C2,
  0x10C2, 0x10C2, 0x10A2, 0x7A45, 0xE428, 0xFC89, 0xEC48, 0xEC48, 0xEC48, 0xEC48, 0xEC48, 0xEC48,
  0xEC48, 0xEC48, 0xEC48, 0xEC48, 0xEC48, 0xEC48, 0xEC48, 0xEC48, 0xEC48, 0xEC48, 0xEC48, 0xEC48,
  0xEC48, 0xEC48, 0xEC48, 0xEC48, 0xEC48, 0xEC48, 0xEC48, 0xF469, 0x51A3, 0x0881, 0x18C2, 0x10A2,
  0x10A2, 0x10A2, 0x10A2, 0x10A2, 0x10A2, 0x10A2, 0x10A2, 0x10A2, 0x10A2, 0x10A2, 0x0861, 0x0000,
  0x0000, 0x0000, 0x0000, 0x0000, 0x0000, 0x0000, 0x0000, 0x0000, 0x0000, 0x0000, 0x0000, 0x0000,
  0x0000, 0x0000, 0x0000, 0x0000, 0x0000, 0x0000, 0x0000, 0x0000, 0x0000, 0x0000, 0x0000, 0x0000,
  0x0000, 0x0881, 0x18C2, 0x10C2, 0x10C2, 0x10C2, 0x10C2, 0x10C2, 0x10A2, 0x10A2, 0x10A2, 0x10A2,
  0x10A2, 0x10A2, 0x10A2, 0x10A2, 0x10A2, 0x10A2, 0x10C2, 0x10A2, 0x10A2, 0x10A2, 0x10A2, 0x10C2,
  0x10C2, 0x10A2, 0x10C2, 0x10C2, 0x10C2, 0x10C2, 0x10C2, 0x10C2, 0x10C2, 0x10C2, 0x10C2, 0x10A2,
  0x10A2, 0x10A2, 0x10A2, 0x10A2, 0x10C2, 0x10A2, 0x10A2, 0x10A2, 0x10A2, 0x10A2, 0x10A2, 0x10C2,
  0x10C2, 0x10C2, 0x10A2, 0x10A2, 0x10A2, 0x10C2, 0x10C2, 0x10C2, 0x10C2, 0x10C2, 0x10C2, 0x10C2,
  0x10A2, 0x10C2, 0x10C2, 0x10C2, 0x10C2, 0x10C2, 0x10C2, 0x10C2, 0x10C2, 0x10C2, 0x10C2, 0x10C2,
  0x10C2, 0x10C2, 0x10C2, 0x10C2, 0x10C2, 0x10C2, 0x10A2, 0x10C2, 0x10C2, 0x10C2, 0x10C2, 0x10A2,
  0x10A2, 0x10C2, 0x10C2, 0x10C2, 0x10C2, 0x10C2, 0x10C2, 0x10C2, 0x10C2, 0x10C2, 0x10C2, 0x10C2,
  0x10C2, 0x10C2, 0x10C2, 0x10C2, 0x10A2, 0x10A2, 0x10A2, 0x10C2, 0x10C2, 0x10C2, 0x10C2, 0x10C2,
  0x10C2, 0x10C2, 0x10C2, 0x10C2, 0x10C2, 0x10C2, 0x10C2, 0x10C2, 0x10C2, 0x10C2, 0x10C2, 0x10C2,
  0x10C2, 0x10C2, 0x10C2, 0x10C2, 0x10C2, 0x10C2, 0x10C2, 0x10C2, 0x10C2, 0x10C2, 0x10C2, 0x10C2,
  0x10C2, 0x10C2, 0x10C2, 0x10C2, 0x10C2, 0x10C2, 0x10C2, 0x10C2, 0x18C2, 0x08A2, 0x3963, 0xEC48,
  0xEC48, 0xEC48, 0xEC48, 0xEC48, 0xEC48, 0xF448, 0xDC08, 0x2902, 0x10A2, 0x18C2, 0x10C2, 0x10C2,
  0x10C2, 0x10C2, 0x10C2, 0x10C2, 0x10C2, 0x10C2, 0x10C2, 0x10C2, 0x10C2, 0x10C2, 0x10C2, 0x10C2,
  0x10C2, 0x18C2, 0x18C2, 0x0881, 0x3122, 0x92E6, 0xEC48, 0xF448, 0xEC48, 0xEC48, 0xEC48, 0xEC48,
  0xEC48, 0xEC48, 0xEC48, 0xEC48, 0xEC48, 0xEC48, 0xEC48, 0xEC48, 0xEC48, 0xEC48, 0xEC48, 0xEC48,
  0xEC48, 0xEC48, 0xEC48, 0xEC48, 0xEC48, 0xEC48, 0xF448, 0xDC08, 0x20E2, 0x10A2, 0x10A2, 0x10A2,
  0x10A2, 0x10A2, 0x10A2, 0x10A2, 0x10A2, 0x10A2, 0x10A2, 0x10A2, 0x10A2, 0x10A2, 0x1081, 0x0000,
  0x0000, 0x0000, 0x0000, 0x0000, 0x0000, 0x0000, 0x0000, 0x0000, 0x0000, 0x0000, 0x0000, 0x0000,
  0x0000, 0x0000, 0x0000, 0x0000, 0x0000, 0x0000, 0x0000, 0x0000, 0x0000, 0x0000, 0x0000, 0x0000,
  0x0000, 0x10A2, 0x18C2, 0x10C2, 0x10C2, 0x10C2, 0x10C2, 0x10C2, 0x10C2, 0x10C2, 0x10C2, 0x10C2,
  0x10C2, 0x10C2, 0x10C2, 0x10C2, 0x10C2, 0x10A2, 0x10C2, 0x10A2, 0x10C2, 0x10C2, 0x10C2, 0x10C2,
  0x10C2, 0x10A2, 0x10C2, 0x10C2, 0x10A2, 0x10C2, 0x10C2, 0x10C2, 0x10C2, 0x10C2, 0x10C2, 0x10A2,
  0x10A2, 0x10C2, 0x10C2, 0x10C2, 0x10C2, 0x10A2, 0x10A2, 0x10A2, 0x10A2, 0x10A2, 0x10A2, 0x10A2,
  0x10A2, 0x10A2, 0x10A2, 0x10A2, 0x10C2, 0x10C2, 0x10C2, 0x10C2, 0x10C2, 0x10C2, 0x10C2, 0x10A2,
  0x10A2, 0x10C2, 0x10C2, 0x10C2, 0x10C2, 0x10C2, 0x10C2, 0x10C2, 0x10C2, 0x10C2, 0x10C2, 0x10C2,
  0x10C2, 0x10C2, 0x10C2, 0x10C2, 0x10C2, 0x10C2, 0x10A2, 0x10A2, 0x10A2, 0x10C2, 0x10C2, 0x10C2,
  0x10C2, 0x10C2, 0x10C2, 0x10C2, 0x10C2, 0x10C2, 0x10C2, 0x10C2, 0x10C2, 0x10C2, 0x10C2, 0x10C2,
  0x10C2, 0x10C2, 0x10C2, 0x10C2, 0x10A2, 0x10A2, 0x10A2, 0x10A2, 0x10A2, 0x10A2, 0x10C2, 0x10C2,
  0x10C2, 0x10C2, 0x10C2, 0x10C2, 0x10C2, 0x10C2, 0x10C2, 0x10C2, 0x10C2, 0x10C2, 0x10C2, 0x10C2,
  0x10C2, 0x10C2, 0x10C2, 0x10C2, 0x10C2, 0x10C2, 0x10C2, 0x10C2, 0x10C2, 0x18C2, 0x10C2, 0x10C2,
  0x10C2, 0x10C2, 0x10C2, 0x10C2, 0x10C2, 0x10C2, 0x10C2, 0x10C2, 0x18C2, 0x0881, 0x9AE6, 0xFC89,
  0xEC28, 0xEC48, 0xEC48, 0xEC48, 0xEC48, 0xF448, 0xDC08, 0x2902, 0x10A2, 0x18C2, 0x10C2, 0x10C2,
  0x10C2, 0x10C2, 0x10C2, 0x10C2, 0x10C2, 0x10C2, 0x10C2, 0x10C2, 0x10C2, 0x10C2, 0x10C2, 0x10C2,
  0x10C2, 0x10C2, 0x10C2, 0x18C2, 0x10A2, 0x0861, 0x51C3, 0xEC48, 0xEC48, 0xEC48, 0xEC48, 0xEC48,
  0xEC48, 0xEC48, 0xEC48, 0xEC48, 0xEC48, 0xEC48, 0xEC48, 0xEC48, 0xEC48, 0xEC48, 0xEC48, 0xEC48,
  0xEC48, 0xEC48, 0xEC48, 0xEC48, 0xEC48, 0xEC28, 0xF489, 0xAB46, 0x0881, 0x18C2, 0x10A2, 0x10A2,
  0x10A2, 0x10A2, 0x10A2, 0x10A2, 0x10A2, 0x10A2, 0x10A2, 0x10A2, 0x10A2, 0x10A2, 0x10A2, 0x0000,
  0x0000, 0x0000, 0x0000, 0x0000, 0x0000, 0x0000, 0x0000, 0x0000, 0x0000, 0x0000, 0x0000, 0x0000,
  0x0000, 0x0000, 0x0000, 0x0000, 0x0000, 0x0000, 0x0000, 0x0000, 0x0000, 0x0000, 0x0020, 0x0020,
  0x0841, 0x10C2, 0x10C2, 0x10C2, 0x10C2, 0x10C2, 0x10C2, 0x10C2, 0x10C2, 0x10C2, 0x10C2, 0x10C2,
  0x10C2, 0x10C2, 0x10C2, 0x10C2, 0x10C2, 0x10A2, 0x10A2, 0x10C2, 0x10C2, 0x10C2, 0x10C2, 0x10C2,
  0x10C2, 0x10A2, 0x10A2, 0x10A2, 0x10A2, 0x10C2, 0x10C2, 0x10C2, 0x10C2, 0x10C2, 0x10C2, 0x10C2,
  0x10A2, 0x10C2, 0x10C2, 0x10C2, 0x10C2, 0x10A2, 0x10A2, 0x10A2, 0x10A2, 0x10A2, 0x10A2, 0x10A2,
  0x10A2, 0x10A2, 0x10C2, 0x10C2, 0x10C2, 0x10C2, 0x10C2, 0x10C2, 0x10C2, 0x10C2, 0x10C2, 0x10A2,
  0x10C2, 0x10C2, 0x10C2, 0x10C2, 0x10C2, 0x10C2, 0x10C2, 0x10C2, 0x10C2, 0x10C2, 0x10C2, 0x10C2,
  0x10C2, 0x10C2, 0x10C2, 0x10C2, 0x10C2, 0x10C2, 0x10C2, 0x10A2, 0x10A2, 0x10C2, 0x10C2, 0x10C2,
  0x10C2, 0x10C2, 0x10C2, 0x10C2, 0x10C2, 0x10C2, 0x10C2, 0x10C2, 0x10C2, 0x10C2, 0x10C2, 0x10C2,
  0x10C2, 0x10C2, 0x10C2, 0x10C2, 0x10C2, 0x10C2, 0x10A2, 0x10A2, 0x10A2, 0x10A2, 0x10C2, 0x10C2,
  0x10C2, 0x10C2, 0x10C2, 0x10C2, 0x10C2, 0x10C2, 0x10C2, 0x10C2, 0x10C2, 0x10C2, 0x10C2, 0x10C2,
  0x10C2, 0x10C2, 0x10C2, 0x10C2, 0x10C2, 0x10C2, 0x10C2, 0x10C2, 0x10C2, 0x18C2, 0x10C2, 0x10C2,
  0x10C2, 0x10C2, 0x10C2, 0x10C2, 0x10C2, 0x10C2, 0x10C2, 0x18C2, 0x10A2, 0x3122, 0xE428, 0xF448,
  0xEC48, 0xEC48, 0xEC48, 0xEC48, 0xEC48, 0xF448, 0xE428, 0x2922, 0x10A2, 0x18C2, 0x10C2, 0x10C2,
  0x10C2, 0x10C2, 0x10C2, 0x10C2, 0x10C2, 0x10C2, 0x10C2, 0x10C2, 0x10C2, 0x10C2, 0x10C2, 0x10C2,
  0x10C2, 0x10C2, 0x10C2, 0x10C2, 0x18C2, 0x18C2, 0x10A1, 0xC3A7, 0xF468, 0xEC48, 0xEC48, 0xEC48,
  0xEC48, 0xEC48, 0xEC48, 0xEC48, 0xEC48, 0xEC48, 0xEC48, 0xEC48, 0xEC48, 0xEC48, 0xEC48, 0xEC48,
  0xEC48, 0xEC48, 0xEC48, 0xEC48, 0xEC48, 0xEC28, 0xFC69, 0x59A3, 0x0882, 0x18C2, 0x10A2, 0x10A2,
  0x10A2, 0x10A2, 0x10A2, 0x10A2, 0x10A2, 0x10A2, 0x10A2, 0x10A2, 0x10A2, 0x10A2, 0x10A2, 0x0861,
  0x0020, 0x0841, 0x0000, 0x0000, 0x0000, 0x0000, 0x0000, 0x0000, 0x0000, 0x0000, 0x0000, 0x0000,
  0x0000, 0x0000, 0x0000, 0x0000, 0x0000, 0x0000, 0x0000, 0x0000, 0x0000, 0x0020, 0x1082, 0x0861,
  0x10A1, 0x10C2, 0x10C2, 0x10C2, 0x10C2, 0x10C2, 0x10C2, 0x10C2, 0x10C2, 0x10C2, 0x10C2, 0x10C2,
  0x10C2, 0x10C2, 0x10C2, 0x10C2, 0x10C2, 0x10C2, 0x10A2, 0x10C2, 0x10C2, 0x10C2, 0x10C2, 0x10C2,
  0x10C2, 0x10A2, 0x10A2, 0x10A2, 0x10C2, 0x10C2, 0x10C2, 0x10C2, 0x10C2, 0x10C2, 0x10C2, 0x10C2,
  0x10C2, 0x10C2, 0x10C2, 0x10C2, 0x10A2, 0x10A2, 0x10A2, 0x10A2, 0x10C2, 0x10C2, 0x10A2, 0x10A2,
  0x10A2, 0x10C2, 0x10C2, 0x10C2, 0x10C2, 0x10C2, 0x10C2, 0x10C2, 0x10C2, 0x10C2, 0x10C2, 0x10C2,
  0x10A2, 0x10A2, 0x10C2, 0x10C2, 0x10C2, 0x10C2, 0x10C2, 0x10C2, 0x10C2, 0x10C2, 0x10C2, 0x10C2,
  0x10C2, 0x10C2, 0x10C2, 0x10C2, 0x10C2, 0x10C2, 0x10C2, 0x10C2, 0x10C2, 0x10C2, 0x10C2, 0x10C2,
  0x10A2, 0x10A2, 0x10C2, 0x10C2, 0x10C2, 0x10C2, 0x10C2, 0x10C2, 0x10C2, 0x10C2, 0x10C2, 0x10C2,
  0x10C2, 0x10C2, 0x10C2, 0x10C2, 0x10C2, 0x10C2, 0x10A2, 0x10A2, 0x10C2, 0x10C2, 0x10C2, 0x10C2,
  0x10C2, 0x10C2, 0x10C2, 0x10C2, 0x10C2, 0x10C2, 0x10C2, 0x10C2, 0x10C2, 0x10C2, 0x10C2, 0x10C2,
  0x10C2, 0x10C2, 0x10C2, 0x10C2, 0x10C2, 0x10C2, 0x10C2, 0x10C2, 0x10C2, 0x10C2, 0x10C2, 0x10C2,
  0x10C2, 0x10C2, 0x10C2, 0x10C2, 0x10C2, 0x10C2, 0x10C2, 0x18C2, 0x0881, 0x8285, 0xFC89, 0xEC28,
  0xEC48, 0xEC48, 0xEC48, 0xEC48, 0xEC48, 0xEC48, 0xEC48, 0x3123, 0x10A1, 0x18C2, 0x18C2, 0x10C2,
  0x10A2, 0x10A2, 0x10C2, 0x10C2, 0x10C2, 0x10C2, 0x10C2, 0x10C2, 0x10C2, 0x10C2, 0x10C2, 0x10C2,
  0x10C2, 0x10C2, 0x10C2, 0x10C2, 0x18C2, 0x10C2, 0x18C2, 0xC3A7, 0xF469, 0xEC48, 0xEC48, 0xEC48,
  0xEC48, 0xEC48, 0xEC48, 0xEC48, 0xEC48, 0xEC48, 0xEC48, 0xEC48, 0xEC48, 0xEC48, 0xEC48, 0xEC48,
  0xEC48, 0xEC48, 0xEC48, 0xEC28, 0xEC48, 0xFC89, 0x92C6, 0x0881, 0x10C2, 0x10A2, 0x10A2, 0x10A2,
  0x10A2, 0x10A2, 0x10A2, 0x10A2, 0x10A2, 0x10A2, 0x10A2, 0x10A2, 0x10A2, 0x10A2, 0x10A2, 0x10A2,
  0x0861, 0x1082, 0x0020, 0x0000, 0x0000, 0x0000, 0x0000, 0x0000, 0x0000, 0x0000, 0x0000, 0x0000,
  0x0000, 0x0000, 0x0000, 0x0000, 0x0000, 0x0000, 0x0000, 0x0000, 0x0000, 0x0020, 0x0861, 0x0861,
  0x10A2, 0x10C2, 0x10C2, 0x10C2, 0x10C2, 0x10C2, 0x10C2, 0x10C2, 0x10C2, 0x10C2, 0x10C2, 0x10C2,
  0x10C2, 0x10C2, 0x10C2, 0x10C2, 0x10C2, 0x10C2, 0x10C2, 0x10C2, 0x10C2, 0x10C2, 0x10C2, 0x10C2,
  0x10C2, 0x10C2, 0x10C2, 0x10C2, 0x10C2, 0x10C2, 0x10C2, 0x10C2, 0x10C2, 0x10C2, 0x10C2, 0x10C2,
  0x10C2, 0x10A2, 0x10A2, 0x10A2, 0x10A2, 0x10A2, 0x10C2, 0x10C2, 0x10C2, 0x10C2, 0x10A2, 0x10A2,
  0x10C2, 0x10C2, 0x10C2, 0x10C2, 0x10C2, 0x10C2, 0x10C2, 0x10C2, 0x10C2, 0x10C2, 0x10A2, 0x10A2,
  0x10A2, 0x10C2, 0x10C2, 0x10C2, 0x10C2, 0x10C2, 0x10C2, 0x10C2, 0x10C2, 0x10C2, 0x10C2, 0x10A2,
  0x10C2, 0x10C2, 0x10C2, 0x10C2, 0x10C2, 0x10C2, 0x10C2, 0x10A2, 0x10A2, 0x10A2, 0x10A2, 0x10A2,
  0x10A2, 0x10C2, 0x10C2, 0x10C2, 0x10C2, 0x10C2, 0x10C2, 0x10C2, 0x10C2, 0x10C2, 0x10C2, 0x10C2,
  0x10C2, 0x10C2, 0x10C2, 0x10C2, 0x10C2, 0x10C2, 0x10A2, 0x10C2, 0x10C2, 0x10C2, 0x10C2, 0x10C2,
  0x10C2, 0x10C2, 0x10C2, 0x10C2, 0x10C2, 0x10C2, 0x10C2, 0x10C2, 0x10C2, 0x10C2, 0x10C2, 0x10C2,
  0x10C2, 0x10C2, 0x10C2, 0x10C2, 0x10C2, 0x10C2, 0x10C2, 0x10C2, 0x10C2, 0x10C2, 0x10C2, 0x10C2,
  0x10C2, 0x10C2, 0x10C2, 0x10C2, 0x10C2, 0x10C2, 0x18C2, 0x10A2, 0x20E2, 0xD3C8, 0xF448, 0xEC48,
  0xEC48, 0xEC48, 0xEC48, 0xEC48, 0xEC48, 0xEC48, 0xF469, 0x6A04, 0x0061, 0x0881, 0x10C2, 0x18C2,
  0x18C2, 0x10C2, 0x18C2, 0x10C2, 0x10C2, 0x10C2, 0x10C2, 0x10C2, 0x10C2, 0x10C2, 0x10C2, 0x10C2,
  0x10C2, 0x10C2, 0x10C2, 0x10C2, 0x10C2, 0x10A2, 0x20E2, 0xD3E8, 0xF468, 0xEC48, 0xEC48, 0xEC48,
  0xEC48, 0xEC48, 0xEC48, 0xEC48, 0xEC48, 0xEC48, 0xEC48, 0xEC48, 0xEC48, 0xEC48, 0xEC48, 0xEC48,
  0xEC48, 0xEC28, 0xEC48, 0xF468, 0xF469, 0x8AA5, 0x10A2, 0x10A2, 0x10A2, 0x10A2, 0x10A2, 0x10A2,
  0x10A2, 0x10A2, 0x10A2, 0x10A2, 0x10A2, 0x10A2, 0x10A2, 0x10A2, 0x10A2, 0x10A2, 0x10A2, 0x10A2,
  0x0861, 0x0861, 0x0020, 0x0000, 0x0000, 0x0000, 0x0000, 0x0000, 0x0000, 0x0000, 0x0000, 0x0000,
  0x0000, 0x0000, 0x0000, 0x0000, 0x0000, 0x0000, 0x0000, 0x0000, 0x0000, 0x0020, 0x0862, 0x0861,
  0x10A2, 0x10A2, 0x10A2, 0x10A2, 0x10C2, 0x10C2, 0x10C2, 0x10A2, 0x10C2, 0x10C2, 0x10C2, 0x10C2,
  0x10C2, 0x10C2, 0x10C2, 0x10C2, 0x10C2, 0x10C2, 0x10C2, 0x10C2, 0x10C2, 0x10C2, 0x10C2, 0x10C2,
  0x10C2, 0x10C2, 0x10C2, 0x10C2, 0x10C2, 0x10C2, 0x10C2, 0x10C2, 0x10C2, 0x10C2, 0x10C2, 0x10C2,
  0x10C2, 0x10A2, 0x10A2, 0x10A2, 0x10A2, 0x10C2, 0x10C2, 0x10C2, 0x10C2, 0x10C2, 0x10C2, 0x10C2,
  0x10C2, 0x10C2, 0x10C2, 0x10C2, 0x10A2, 0x10A2, 0x10C2, 0x10C2, 0x10C2, 0x10C2, 0x10C2, 0x10C2,
  0x10A2, 0x10A2, 0x10A2, 0x10A2, 0x10C2, 0x10C2, 0x10C2, 0x10C2, 0x10C2, 0x10C2, 0x10C2, 0x10A2,
  0x10C2, 0x10A2, 0x10A2, 0x10C2, 0x10C2, 0x10C2, 0x10A2, 0x10A2, 0x10A2, 0x10A2, 0x10A2, 0x10A2,
  0x10A2, 0x10A2, 0x10C2, 0x10C2, 0x10C2, 0x10C2, 0x10C2, 0x10C2, 0x10C2, 0x10C2, 0x10C2, 0x10C2,
  0x10C2, 0x10C2, 0x10C2, 0x10C2, 0x10C2, 0x10C2, 0x10C2, 0x10C2, 0x10C2, 0x10C2, 0x10C2, 0x10C2,
  0x10C2, 0x10C2, 0x10C2, 0x10C2, 0x10C2, 0x10C2, 0x10C2, 0x10C2, 0x10C2, 0x10C2, 0x10C2, 0x10C2,
  0x10C2, 0x10C2, 0x10C2, 0x10C2, 0x10C2, 0x10C2, 0x10C2, 0x10C2, 0x10C2, 0x10C2, 0x10C2, 0x10C2,
  0x10C2, 0x10C2, 0x10C2, 0x10C2, 0x10C2, 0x10C2, 0x18C2, 0x0881, 0x59E4, 0xF469, 0xEC48, 0xEC48,
  0xEC48, 0xEC48, 0xEC48, 0xEC48, 0xEC48, 0xEC48, 0xEC48, 0xEC48, 0xAB26, 0x51A4, 0x18C2, 0x0081,
  0x10A2, 0x18C2, 0x18C2, 0x18C2, 0x18C2, 0x10C2, 0x10C2, 0x10C2, 0x10C2, 0x10C2, 0x10C2, 0x10C2,
  0x10C2, 0x10C2, 0x10C2, 0x10C2, 0x18C2, 0x10A2, 0x3122, 0xE428, 0xF448, 0xEC48, 0xEC48, 0xEC48,
  0xEC48, 0xEC48, 0xEC48, 0xEC48, 0xEC48, 0xEC48, 0xEC48, 0xEC48, 0xEC48, 0xEC28, 0xEC28, 0xEC48,
  0xF448, 0xFC89, 0xF469, 0xBB87, 0x51A3, 0x0881, 0x10A2, 0x10A2, 0x10A2, 0x10A2, 0x10A2, 0x10A2,
  0x10A2, 0x10A2, 0x10A2, 0x10A2, 0x10A2, 0x10A2, 0x10C2, 0x10A2, 0x10A2, 0x10A2, 0x10A2, 0x10A2,
  0x0861, 0x0861, 0x0020, 0x0000, 0x0000, 0x0000, 0x0000, 0x0000, 0x0000, 0x0000, 0x0000, 0x0000,
  0x0000, 0x0000, 0x0000, 0x0000, 0x0000, 0x0000, 0x0000, 0x0000, 0x0000, 0x0020, 0x1062, 0x1081,
  0x10C2, 0x10C2, 0x10C2, 0x10C2, 0x10C2, 0x10C2, 0x10C2, 0x10C2, 0x10C2, 0x10C2, 0x10C2, 0x10C2,
  0x10C2, 0x10C2, 0x10C2, 0x10C2, 0x10C2, 0x10A2, 0x10C2, 0x10C2, 0x10C2, 0x10C2, 0x10C2, 0x10C2,
  0x10C2, 0x10C2, 0x10C2, 0x10C2, 0x10C2, 0x10C2, 0x10C2, 0x10C2, 0x10C2, 0x10C2, 0x10C2, 0x10C2,
  0x10C2, 0x10C2, 0x10A2, 0x10A2, 0x10A2, 0x10C2, 0x10C2, 0x10C2, 0x10C2, 0x10C2, 0x10C2, 0x10C2,
  0x10C2, 0x10C2, 0x10C2, 0x10C2, 0x10A2, 0x10C2, 0x10C2, 0x10A2, 0x10A2, 0x10C2, 0x10C2, 0x10A2,
  0x10A2, 0x10C2, 0x10C2, 0x10C2, 0x10C2, 0x10C2, 0x10C2, 0x10C2, 0x10C2, 0x10C2, 0x10C2, 0x10C2,
  0x10C2, 0x10C2, 0x10C2, 0x10C2, 0x10C2, 0x10C2, 0x10C2, 0x10C2, 0x10C2, 0x10C2, 0x10A2, 0x10A2,
  0x10C2, 0x10C2, 0x10C2, 0x10C2, 0x10C2, 0x10C2, 0x10C2, 0x10C2, 0x10A2, 0x10A2, 0x10C2, 0x10C2,
  0x10C2, 0x10C2, 0x10C2, 0x10C2, 0x10C2, 0x10C2, 0x10C2, 0x10A2, 0x10A2, 0x10C2, 0x10C2, 0x10C2,
  0x10C2, 0x10C2, 0x10C2, 0x10C2, 0x10C2, 0x10C2, 0x10C2, 0x10C2, 0x10C2, 0x10C2, 0x10C2, 0x10C2,
  0x10C2, 0x10C2, 0x10C2, 0x10C2, 0x10C2, 0x10C2, 0x10C2, 0x10C2, 0x10C2, 0x10C2, 0x10C2, 0x10C2,
  0x10C2, 0x10C2, 0x10C2, 0x10C2, 0x10C2, 0x10C2, 0x18C2, 0x0881, 0xA306, 0xFC88, 0xEC28, 0xEC48,
  0xEC48, 0xEC48, 0xEC48, 0xEC48, 0xEC48, 0xEC48, 0xEC48, 0xF448, 0xFC69, 0xF469, 0xCBA7, 0x7A45,
  0x3122, 0x0881, 0x0881, 0x08A2, 0x10A2, 0x18C2, 0x18C2, 0x18C2, 0x18C2, 0x18C2, 0x18C2, 0x18C2,
  0x18C2, 0x18C2, 0x10C2, 0x10C2, 0x18C2, 0x0882, 0x51A3, 0xF468, 0xEC48, 0xEC48, 0xEC48, 0xEC48,
  0xEC48, 0xEC48, 0xEC48, 0xEC48, 0xEC48, 0xEC48, 0xEC48, 0xF468, 0xFC69, 0xFC89, 0xFC88, 0xF469,
  0xD3E8, 0x9B06, 0x51A3, 0x10A2, 0x0882, 0x18C2, 0x10C2, 0x10A2, 0x10A2, 0x10A2, 0x10A2, 0x10A2,
  0x10C2, 0x10A2, 0x10A2, 0x10A2, 0x10A2, 0x10A2, 0x10A2, 0x10A2, 0x10A2, 0x10A2, 0x10A2, 0x10A2,
  0x1082, 0x0862, 0x0020, 0x0000, 0x0000, 0x0000, 0x0000, 0x0000, 0x0000, 0x0000, 0x0000, 0x0000,
  0x0000, 0x0000, 0x0000, 0x0000, 0x0000, 0x0000, 0x0000, 0x0000, 0x0000, 0x0020, 0x0841, 0x0861,
  0x18C2, 0x10C2, 0x10C2, 0x10C2, 0x10C2, 0x10C2, 0x10C2, 0x10C2, 0x10A2, 0x10A2, 0x10C2, 0x10C2,
  0x10A2, 0x10A2, 0x10A2, 0x10A2, 0x10A2, 0x10A2, 0x10A2, 0x10A2, 0x10C2, 0x10C2, 0x10C2, 0x10C2,
  0x10C2, 0x10C2, 0x10C2, 0x10C2, 0x10C2, 0x10C2, 0x10C2, 0x10C2, 0x10C2, 0x10C2, 0x10C2, 0x10C2,
  0x10C2, 0x10C2, 0x10C2, 0x10C2, 0x10C2, 0x10A2, 0x10C2, 0x10C2, 0x10C2, 0x10C2, 0x10C2, 0x10C2,
  0x10C2, 0x10C2, 0x10A2, 0x10A2, 0x10A2, 0x10C2, 0x10C2, 0x10A2, 0x10C2, 0x10C2, 0x10C2, 0x10C2,
  0x10C2, 0x10C2, 0x10C2, 0x10C2, 0x10C2, 0x10A2, 0x10C2, 0x10C2, 0x10C2, 0x10C2, 0x10C2, 0x10C2,
  0x10C2, 0x10C2, 0x10C2, 0x10C2, 0x10A2, 0x10C2, 0x10C2, 0x10C2, 0x10C2, 0x10C2, 0x10C2, 0x10C2,
  0x10C2, 0x10C2, 0x10C2, 0x10C2, 0x10C2, 0x10C2, 0x10A2, 0x10A2, 0x10A2, 0x10A2, 0x10A2, 0x10C2,
  0x10C2, 0x10C2, 0x10C2, 0x10C2, 0x10C2, 0x10C2, 0x10C2, 0x10A2, 0x10A2, 0x10C2, 0x10C2, 0x10C2,
  0x10C2, 0x10C2, 0x10C2, 0x10C2, 0x10C2, 0x10C2, 0x10C2, 0x10C2, 0x10C2, 0x10C2, 0x10C2, 0x10C2,
  0x10C2, 0x10C2, 0x10C2, 0x10C2, 0x10C2, 0x10C2, 0x10C2, 0x10C2, 0x10C2, 0x10C2, 0x10C2, 0x10C2,
  0x10C2, 0x10C2, 0x10C2, 0x10C2, 0x10C2, 0x18C2, 0x10C2, 0x18C2, 0xCBC7, 0xF468, 0xEC48, 0xEC48,
  0xEC48, 0xEC48, 0xEC48, 0xEC48, 0xEC48, 0xEC48, 0xEC48, 0xEC48, 0xEC28, 0xEC28, 0xF469, 0xFC89,
  0xE428, 0xAB47, 0x6A24, 0x3943, 0x20E2, 0x10A2, 0x0881, 0x0881, 0x0881, 0x0881, 0x0881, 0x0881,
  0x0881, 0x10A2, 0x18A2, 0x18C2, 0x18C2, 0x0061, 0x6A24, 0xFC89, 0xEC28, 0xEC48, 0xEC48, 0xEC48,
  0xEC48, 0xEC48, 0xEC48, 0xEC48, 0xEC48, 0xEC48, 0xF448, 0xD3C8, 0xB347, 0x9AE6, 0x7A45, 0x51A3,
  0x20E2, 0x0881, 0x0881, 0x10A2, 0x18C2, 0x10C2, 0x10A2, 0x10A2, 0x10A2, 0x10A2, 0x10A2, 0x10A2,
  0x10A2, 0x10A2, 0x10A2, 0x10A2, 0x10A2, 0x10C2, 0x10C2, 0x10A2, 0x10A2, 0x10A2, 0x10A2, 0x10A2,
  0x1081, 0x0841, 0x0000, 0x0000, 0x0000, 0x0000, 0x0000, 0x0000, 0x0000, 0x0000, 0x0000, 0x0000,
  0x0000, 0x0000, 0x0000, 0x0000, 0x0000, 0x0000, 0x0000, 0x0000, 0x0000, 0x0000, 0x0000, 0x0861,
  0x18C2, 0x10C2, 0x10C2, 0x10C2, 0x10C2, 0x10C2, 0x10C2, 0x10A2, 0x10A2, 0x10A2, 0x10C2, 0x10C2,
  0x10A2, 0x10A2, 0x10A2, 0x10A2, 0x10A2, 0x10A2, 0x10A2, 0x10A2, 0x10C2, 0x10C2, 0x10C2, 0x10C2,
  0x10C2, 0x10C2, 0x10C2, 0x10C2, 0x10C2, 0x10C2, 0x10C2, 0x10C2, 0x10C2, 0x10C2, 0x10C2, 0x10C2,
  0x10C2, 0x10C2, 0x10C2, 0x10C2, 0x10C2, 0x10A2, 0x10C2, 0x10C2, 0x10C2, 0x10C2, 0x10C2, 0x10C2,
  0x10C2, 0x10C2, 0x10A2, 0x10A2, 0x10A2, 0x10C2, 0x10C2, 0x10A2, 0x10C2, 0x10C2, 0x10C2, 0x10C2,
  0x10C2, 0x10C2, 0x10C2, 0x10C2, 0x10C2, 0x10A2, 0x10C2, 0x10C2, 0x10C2, 0x10C2, 0x10C2, 0x10C2,
  0x10C2, 0x10C2, 0x10C2, 0x10C2, 0x10A2, 0x10C2, 0x10C2, 0x10C2, 0x10C2, 0x10C2, 0x10C2, 0x10C2,
  0x10C2, 0x10C2, 0x10C2, 0x10C2, 0x10C2, 0x10C2, 0x10A2, 0x10A2, 0x10A2, 0x10A2, 0x10A2, 0x10C2,
  0x10C2, 0x10C2, 0x10C2, 0x10C2, 0x10C2, 0x10C2, 0x10C2, 0x10C2, 0x10C2, 0x10C2, 0x10C2, 0x10C2,
  0x10C2, 0x10C2, 0x10C2, 0x10C2, 0x10C2, 0x10C2, 0x10C2, 0x10C2, 0x10C2, 0x10C2, 0x10C2, 0x10C2,
  0x10C2, 0x10C2, 0x10C2, 0x10C2, 0x10C2, 0x10C2, 0x10C2, 0x10C2, 0x10C2, 0x10C2, 0x10C2, 0x10C2,
  0x10C2, 0x10C2, 0x10C2, 0x10C2, 0x10C2, 0x10C2, 0x18C2, 0x10A1, 0x8AA5, 0xFC89, 0xEC48, 0xEC48,
  0xEC48, 0xEC48, 0xEC48, 0xEC48, 0xEC48, 0xEC48, 0xEC48, 0xEC48, 0xEC48, 0xEC48, 0xEC48, 0xEC28,
  0xF448, 0xFC68, 0xF489, 0xEC48, 0xD3E8, 0xB367, 0x92C6, 0x7A45, 0x6A04, 0x61E4, 0x59E4, 0x51C4,
  0x4163, 0x2902, 0x10A2, 0x0861, 0x10A1, 0x2902, 0xAB26, 0xFC69, 0xEC48, 0xEC48, 0xEC48, 0xEC48,
  0xEC48, 0xEC48, 0xEC48, 0xEC48, 0xEC48, 0xEC48, 0xEC48, 0x4163, 0x0861, 0x0882, 0x0861, 0x0882,
  0x10A2, 0x18C2, 0x18C2, 0x10A2, 0x10A2, 0x10A2, 0x10A2, 0x10A2, 0x10A2, 0x10A2, 0x10A2, 0x10A2,
  0x10A2, 0x10A2, 0x10A2, 0x10A2, 0x10A2, 0x10C2, 0x10C2, 0x10A2, 0x10A2, 0x10A2, 0x10A2, 0x10C2,
  0x0861, 0x0000, 0x0000, 0x0000, 0x0000, 0x0000, 0x0000, 0x0000, 0x0000, 0x0000, 0x0000, 0x0000,
  0x0000, 0x0000, 0x0000, 0x0000, 0x0000, 0x0000, 0x0000, 0x0000, 0x0000, 0x0000, 0x0000, 0x1082,
  0x18C2, 0x10C2, 0x10C2, 0x10C2, 0x10C2, 0x10C2, 0x10C2, 0x10A2, 0x10C2, 0x10C2, 0x10C2, 0x10C2,
  0x10A2, 0x10A2, 0x10A2, 0x10A2, 0x10A2, 0x10A2, 0x10A2, 0x10A2, 0x10A2, 0x10A2, 0x10A2, 0x10A2,
  0x10C2, 0x10C2, 0x10C2, 0x10C2, 0x10C2, 0x10C2, 0x10C2, 0x10C2, 0x10C2, 0x10C2, 0x10C2, 0x10C2,
  0x10C2, 0x10C2, 0x10C2, 0x10C2, 0x10C2, 0x10A2, 0x10C2, 0x10C2, 0x10C2, 0x10C2, 0x10C2, 0x10C2,
  0x10C2, 0x10C2, 0x10C2, 0x10C2, 0x10A2, 0x10A2, 0x10A2, 0x10A2, 0x10A2, 0x10A2, 0x10A2, 0x10A2,
  0x10C2, 0x10C2, 0x10C2, 0x10C2, 0x10A2, 0x10A2, 0x10C2, 0x10C2, 0x10C2, 0x10C2, 0x10C2, 0x10C2,
  0x10C2, 0x10C2, 0x10C2, 0x10C2, 0x10C2, 0x10C2, 0x10C2, 0x10C2, 0x10C2, 0x10C2, 0x10C2, 0x10C2,
  0x10A2, 0x10C2, 0x10C2, 0x10C2, 0x10C2, 0x10C2, 0x10C2, 0x10C2, 0x10A2, 0x10A2, 0x10A2, 0x10A2,
  0x10A2, 0x10C2, 0x10C2, 0x10C2, 0x10C2, 0x10C2, 0x10C2, 0x10C2, 0x10C2, 0x10C2, 0x10C2, 0x10C2,
  0x10C2, 0x10C2, 0x10C2, 0x10C2, 0x10C2, 0x10C2, 0x10C2, 0x10C2, 0x10C2, 0x10C2, 0x10C2, 0x10C2,
  0x10C2, 0x10C2, 0x10C2, 0x10C2, 0x10C2, 0x10C2, 0x10C2, 0x10C2, 0x10C2, 0x10C2, 0x10C2, 0x10C2,
  0x10C2, 0x10C2, 0x10C2, 0x10C2, 0x10C2, 0x10C2, 0x18C2, 0x10C2, 0x10A2, 0x8AA5, 0xF489, 0xEC48,
  0xEC28, 0xEC48, 0xEC48, 0xEC48, 0xEC48, 0xEC48, 0xEC48, 0xEC48, 0xEC48, 0xEC48, 0xEC48, 0xEC48,
  0xEC48, 0xEC48, 0xEC28, 0xEC48, 0xF448, 0xFC68, 0xFC69, 0xFC89, 0xFC89, 0xFC69, 0xF469, 0xF469,
  0xEC48, 0xDC08, 0xBB67, 0x92E5, 0xBB87, 0xE428, 0xF448, 0xEC48, 0xEC48, 0xEC48, 0xEC48, 0xEC48,
  0xEC48, 0xEC48, 0xEC48, 0xEC48, 0xEC48, 0xEC48, 0xF448, 0x3943, 0x0882, 0x18C2, 0x18C2, 0x18C2,
  0x10C2, 0x10A2, 0x10A2, 0x10A2, 0x10A2, 0x10A2, 0x10A2, 0x10A2, 0x10A2, 0x10A2, 0x10A2, 0x10A2,
  0x10A2, 0x10A2, 0x10A2, 0x10A2, 0x10A2, 0x10A2, 0x10A2, 0x10A2, 0x10A2, 0x10A2, 0x10A2, 0x10C2,
  0x1082, 0x0000, 0x0000, 0x0000, 0x0000, 0x0000, 0x0000, 0x0000, 0x0000, 0x0000, 0x0000, 0x0000,
  0x0000, 0x0000, 0x0000, 0x0000, 0x0000, 0x0000, 0x0000, 0x0000, 0x0000, 0x0000, 0x0000, 0x10A2,
  0x18C2, 0x10C2, 0x10C2, 0x10C2, 0x10C2, 0x10C2, 0x10C2, 0x10C2, 0x10C2, 0x10C2, 0x10C2, 0x10C2,
  0x10C2, 0x10A2, 0x10A2, 0x10A2, 0x10A2, 0x10C2, 0x10C2, 0x10A2, 0x10A2, 0x10A2, 0x10C2, 0x10C2,
  0x10C2, 0x10C2, 0x10A2, 0x10A2, 0x10C2, 0x10C2, 0x10C2, 0x10C2, 0x10C2, 0x10C2, 0x10C2, 0x10C2,
  0x10C2, 0x10C2, 0x10C2, 0x10C2, 0x10C2, 0x10C2, 0x10C2, 0x10A2, 0x10C2, 0x10C2, 0x10C2, 0x10A2,
  0x10A2, 0x10C2, 0x10C2, 0x10C2, 0x10A2, 0x10A2, 0x10A2, 0x10A2, 0x10C2, 0x10C2, 0x10A2, 0x10C2,
  0x10C2, 0x10C2, 0x10C2, 0x10C2, 0x10C2, 0x10C2, 0x10C2, 0x10C2, 0x10C2, 0x10C2, 0x10C2, 0x10C2,
  0x10C2, 0x10C2, 0x10C2, 0x10C2, 0x10C2, 0x10C2, 0x10C2, 0x10C2, 0x10C2, 0x10C2, 0x10C2, 0x10C2,
  0x10C2, 0x10C2, 0x10C2, 0x10C2, 0x10C2, 0x10C2, 0x10C2, 0x10C2, 0x10A2, 0x10A2, 0x10C2, 0x10C2,
  0x10C2, 0x10C2, 0x10C2, 0x10C2, 0x10C2, 0x10C2, 0x10C2, 0x10C2, 0x10C2, 0x10C2, 0x10C2, 0x10C2,
  0x10C2, 0x10C2, 0x10C2, 0x10C2, 0x10C2, 0x10C2, 0x10C2, 0x10C2, 0x10C2, 0x10C2, 0x10C2, 0x10C2,
  0x10C2, 0x10C2, 0x10C2, 0x10C2, 0x10C2, 0x10C2, 0x10C2, 0x10C2, 0x10C2, 0x10C2, 0x10C2, 0x10C2,
  0x10C2, 0x10C2, 0x10C2, 0x10C2, 0x10C2, 0x10C2, 0x10C2, 0x18C2, 0x10C2, 0x0881, 0x6A04, 0xE429,
  0xFC69, 0xEC28, 0xEC48, 0xEC48, 0xEC48, 0xEC48, 0xEC48, 0xEC48, 0xEC48, 0xEC48, 0xEC48, 0xEC48,
  0xEC48, 0xEC48, 0xEC48, 0xEC48, 0xEC48, 0xEC48, 0xEC28, 0xEC28, 0xEC48, 0xEC48, 0xEC48, 0xEC48,
  0xEC48, 0xF448, 0xFC68, 0xFC89, 0xF469, 0xF448, 0xEC48, 0xEC48, 0xEC48, 0xEC48, 0xEC48, 0xEC48,
  0xEC48, 0xEC48, 0xEC48, 0xEC48, 0xEC48, 0xEC48, 0xF468, 0xAB26, 0x18C2, 0x0882, 0x18C2, 0x10C2,
  0x10C2, 0x10C2, 0x10C2, 0x10A2, 0x10A2, 0x10A2, 0x10A2, 0x10C2, 0x10C2, 0x10C2, 0x10C2, 0x10A2,
  0x10C2, 0x10A2, 0x10A2, 0x10A2, 0x10A2, 0x10C2, 0x10C2, 0x10C2, 0x10C2, 0x10A2, 0x10A2, 0x10A2,
  0x10A2, 0x0000, 0x0000, 0x0000, 0x0000, 0x0000, 0x0000, 0x0000, 0x0000, 0x0000, 0x0000, 0x0000,
  0x0000, 0x0000, 0x0000, 0x0000, 0x0000, 0x0000, 0x0000, 0x0000, 0x0000, 0x0000, 0x0020, 0x10A2,
  0x10C2, 0x10C2, 0x10C2, 0x10C2, 0x10C2, 0x10C2, 0x10C2, 0x10C2, 0x10C2, 0x10C2, 0x10C2, 0x10C2,
  0x10C2, 0x10C2, 0x10C2, 0x10C2, 0x10C2, 0x10C2, 0x10C2, 0x10C2, 0x10C2, 0x10C2, 0x10C2, 0x10A2,
  0x10C2, 0x10C2, 0x10A2, 0x10A2, 0x10C2, 0x10C2, 0x10C2, 0x10C2, 0x10C2, 0x10C2, 0x10C2, 0x10C2,
  0x10C2, 0x10C2, 0x10C2, 0x10C2, 0x10C2, 0x10C2, 0x10C2, 0x10C2, 0x10C2, 0x10C2, 0x10A2, 0x10A2,
  0x10C2, 0x10C2, 0x10A2, 0x10A2, 0x10C2, 0x10C2, 0x10C2, 0x10C2, 0x10C2, 0x10C2, 0x10C2, 0x10C2,
  0x10C2, 0x10C2, 0x10C2, 0x10C2, 0x10C2, 0x10A2, 0x10A2, 0x10C2, 0x10C2, 0x10C2, 0x10C2, 0x10C2,
  0x10C2, 0x10C2, 0x10C2, 0x10C2, 0x10C2, 0x10C2, 0x10C2, 0x10C2, 0x10C2, 0x10C2, 0x10C2, 0x10C2,
  0x10C2, 0x10C2, 0x10C2, 0x10C2, 0x10C2, 0x10C2, 0x10C2, 0x10C2, 0x10C2, 0x10C2, 0x10C2, 0x10C2,
  0x10C2, 0x10C2, 0x10C2, 0x10C2, 0x10C2, 0x10C2, 0x10C2, 0x10C2, 0x10C2, 0x10C2, 0x10C2, 0x10C2,
  0x10C2, 0x10C2, 0x10C2, 0x10C2, 0x10C2, 0x10C2, 0x10C2, 0x10C2, 0x10C2, 0x10C2, 0x10C2, 0x10C2,
  0x10C2, 0x10C2, 0x10C2, 0x10C2, 0x10C2, 0x10C2, 0x10C2, 0x10C2, 0x10C2, 0x10C2, 0x10C2, 0x10C2,
  0x10C2, 0x10C2, 0x10C2, 0x10C2, 0x10C2, 0x10C2, 0x10C2, 0x10C2, 0x18C2, 0x18C2, 0x0881, 0x3943,
  0xBB67, 0xFC69, 0xF468, 0xEC28, 0xEC48, 0xEC48, 0xEC48, 0xEC48, 0xEC48, 0xEC48, 0xEC48, 0xEC48,
  0xEC48, 0xEC48, 0xEC48, 0xEC48, 0xEC48, 0xEC48, 0xEC48, 0xEC48, 0xEC48, 0xEC48, 0xEC48, 0xEC48,
  0xEC48, 0xEC48, 0xEC48, 0xEC28, 0xEC48, 0xEC48, 0xEC48, 0xEC48, 0xEC48, 0xEC48, 0xEC48, 0xEC48,
  0xEC48, 0xEC48, 0xEC48, 0xEC48, 0xEC48, 0xEC48, 0xEC48, 0xFC89, 0xCBC7, 0x3943, 0x0881, 0x18C2,
  0x10C2, 0x10C2, 0x10C2, 0x10C2, 0x10A2, 0x10A2, 0x10A2, 0x10C2, 0x10C2, 0x10A2, 0x10C2, 0x10C2,
  0x10C2, 0x10C2, 0x10C2, 0x10A2, 0x10A2, 0x10C2, 0x10C2, 0x10C2, 0x10C2, 0x10A2, 0x10A2, 0x10A2,
  0x10A2, 0x0020, 0x0000, 0x0000, 0x0000, 0x0000, 0x0000, 0x0000, 0x0000, 0x0000, 0x0000, 0x0000,
  0x0000, 0x0000, 0x0000, 0x0000, 0x0000, 0x0000, 0x0000, 0x0000, 0x0000, 0x0000, 0x0861, 0x10C2,
  0x10C2, 0x10C2, 0x10C2, 0x10C2, 0x10C2, 0x10C2, 0x10C2, 0x10C2, 0x10C2, 0x10C2, 0x10C2, 0x10C2,
  0x10C2, 0x10C2, 0x10C2, 0x10C2, 0x10C2, 0x10C2, 0x10C2, 0x10C2, 0x10C2, 0x10C2, 0x10A2, 0x10A2,
  0x10C2, 0x10A2, 0x10A2, 0x10A2, 0x10A2, 0x10A2, 0x10A2, 0x10C2, 0x10C2, 0x10C2, 0x10C2, 0x10C2,
  0x10C2, 0x10C2, 0x10A2, 0x10A2, 0x10C2, 0x10C2, 0x10C2, 0x10C2, 0x10C2, 0x10C2, 0x10C2, 0x10A2,
  0x10A2, 0x10A2, 0x10A2, 0x10A2, 0x10C2, 0x10C2, 0x10C2, 0x10A2, 0x10C2, 0x10C2, 0x10C2, 0x10C2,
  0x10C2, 0x10C2, 0x10C2, 0x10C2, 0x10C2, 0x10A2, 0x10A2, 0x10A2, 0x10A2, 0x10A2, 0x10C2, 0x10C2,
  0x10C2, 0x10C2, 0x10C2, 0x10C2, 0x10C2, 0x10C2, 0x10C2, 0x10C2, 0x10C2, 0x10C2, 0x10C2, 0x10C2,
  0x10C2, 0x10C2, 0x10C2, 0x10C2, 0x10C2, 0x10C2, 0x10C2, 0x10C2, 0x10C2, 0x10C2, 0x10C2, 0x10C2,
  0x10C2, 0x10C2, 0x10C2, 0x10C2, 0x10C2, 0x10C2, 0x10C2, 0x10C2, 0x10C2, 0x10C2, 0x10C2, 0x10C2,
  0x10C2, 0x10C2, 0x10C2, 0x10C2, 0x10C2, 0x10C2, 0x10C2, 0x10C2, 0x10C2, 0x10C2, 0x10C2, 0x10C2,
  0x10C2, 0x10C2, 0x10C2, 0x10C2, 0x10C2, 0x10C2, 0x10C2, 0x10C2, 0x10C2, 0x10C2, 0x10C2, 0x10C2,
  0x10C2, 0x10C2, 0x10C2, 0x10C2, 0x10C2, 0x18C2, 0x10C2, 0x10C2, 0x10C2, 0x18C2, 0x18C2, 0x08A2,
  0x10A2, 0x6A04, 0xD3C8, 0xFC89, 0xF468, 0xEC48, 0xEC28, 0xEC48, 0xEC48, 0xEC48, 0xEC48, 0xEC48,
  0xEC48, 0xEC48, 0xEC48, 0xEC48, 0xEC48, 0xEC48, 0xEC48, 0xEC48, 0xEC48, 0xEC48, 0xEC48, 0xEC48,
  0xEC48, 0xEC48, 0xEC48, 0xEC48, 0xEC48, 0xEC48, 0xEC48, 0xEC48, 0xEC48, 0xEC48, 0xEC48, 0xEC48,
  0xEC48, 0xEC48, 0xEC48, 0xEC48, 0xEC48, 0xEC48, 0xEC48, 0xEC28, 0xF469, 0xE428, 0x4983, 0x0861,
  0x18C2, 0x18A2, 0x10A2, 0x10A2, 0x10A2, 0x10A2, 0x10A2, 0x10A2, 0x10A2, 0x10A2, 0x10C2, 0x10C2,
  0x10C2, 0x10C2, 0x10C2, 0x10A2, 0x10A2, 0x10C2, 0x10C2, 0x10C2, 0x10C2, 0x10A2, 0x10A2, 0x10A2,
  0x10A2, 0x0861, 0x0000, 0x0000, 0x0000, 0x0000, 0x0000, 0x0000, 0x0000, 0x0000, 0x0000, 0x0000,
  0x0000, 0x0000, 0x0000, 0x0000, 0x0000, 0x0000, 0x0000, 0x0000, 0x0000, 0x0020, 0x10A2, 0x10A2,
  0x10C2, 0x10C2, 0x10C2, 0x10C2, 0x10C2, 0x10A2, 0x10C2, 0x10C2, 0x10C2, 0x10C2, 0x10C2, 0x10C2,
  0x10A2, 0x10A2, 0x10A2, 0x10A2, 0x10C2, 0x10C2, 0x10C2, 0x10C2, 0x10A2, 0x10A2, 0x10A2, 0x10C2,
  0x10A2, 0x10A2, 0x10A2, 0x10A2, 0x10A2, 0x10A2, 0x10A2, 0x10A2, 0x10C2, 0x10C2, 0x10C2, 0x10C2,
  0x10A2, 0x10A2, 0x10A2, 0x10A2, 0x10A2, 0x10C2, 0x10C2, 0x10A2, 0x10C2, 0x10C2, 0x10C2, 0x10A2,
  0x10A2, 0x10A2, 0x10A2, 0x10A2, 0x10C2, 0x10C2, 0x10A2, 0x10A2, 0x10C2, 0x10C2, 0x10C2, 0x10C2,
  0x10C2, 0x10C2, 0x10C2, 0x10C2, 0x10C2, 0x10C2, 0x10C2, 0x10A2, 0x10A2, 0x10A2, 0x10A2, 0x10A2,
  0x10C2, 0x10C2, 0x10C2, 0x10C2, 0x10C2, 0x10A2, 0x10C2, 0x10C2, 0x10C2, 0x10C2, 0x10C2, 0x10C2,
  0x10A2, 0x10C2, 0x10C2, 0x10C2, 0x10C2, 0x10C2, 0x10C2, 0x10C2, 0x10C2, 0x10C2, 0x10C2, 0x10C2,
  0x10C2, 0x10C2, 0x10C2, 0x10C2, 0x10C2, 0x10C2, 0x10C2, 0x10C2, 0x10C2, 0x10C2, 0x10C2, 0x10A2,
  0x10C2, 0x10C2, 0x10C2, 0x10C2, 0x10C2, 0x10C2, 0x10C2, 0x10C2, 0x10C2, 0x10C2, 0x10C2, 0x10C2,
  0x10C2, 0x10C2, 0x10C2, 0x10C2, 0x10C2, 0x10C2, 0x10C2, 0x10C2, 0x10A2, 0x10A2, 0x10C2, 0x10C2,
  0x10C2, 0x10C2, 0x10C2, 0x10C2, 0x10C2, 0x18C2, 0x10C2, 0x10C2, 0x10C2, 0x18C2, 0x10C2, 0x18C2,
  0x10C2, 0x0881, 0x20C2, 0x6A25, 0xC387, 0xF468, 0xFC69, 0xF448, 0xEC28, 0xEC48, 0xEC48, 0xEC48,
  0xEC48, 0xEC48, 0xEC48, 0xEC48, 0xEC48, 0xEC48, 0xEC48, 0xEC48, 0xEC48, 0xEC48, 0xEC48, 0xEC48,
  0xEC48, 0xEC48, 0xEC48, 0xEC48, 0xEC48, 0xEC48, 0xEC48, 0xEC48, 0xEC48, 0xEC48, 0xEC48, 0xEC48,
  0xEC48, 0xEC48, 0xEC48, 0xEC48, 0xEC48, 0xEC48, 0xEC48, 0xEC48, 0xEC28, 0xF468, 0xEC48, 0x59C4,
  0x0861, 0x18C2, 0x10A2, 0x10A2, 0x10A2, 0x10C2, 0x10C2, 0x10A2, 0x10A2, 0x10A2, 0x10A2, 0x10C2,
  0x10C2, 0x10C2, 0x10C2, 0x10C2, 0x10A2, 0x10A2, 0x10C2, 0x10C2, 0x10C2, 0x10A2, 0x10A2, 0x10A2,
  0x10A2, 0x10A2, 0x0020, 0x0000, 0x0000, 0x0000, 0x0000, 0x0000, 0x0000, 0x0000, 0x0000, 0x0000,
  0x0000, 0x0000, 0x0000, 0x0000, 0x0000, 0x0000, 0x0000, 0x0000, 0x0000, 0x0020, 0x10A2, 0x10C2,
  0x10C2, 0x10C2, 0x10C2, 0x10C2, 0x10C2, 0x10A2, 0x10C2, 0x10C2, 0x10C2, 0x10C2, 0x10C2, 0x10C2,
  0x10A2, 0x10A2, 0x10A2, 0x10A2, 0x10C2, 0x10C2, 0x10C2, 0x10C2, 0x10A2, 0x10A2, 0x10A2, 0x10C2,
  0x10A2, 0x10A2, 0x10A2, 0x10A2, 0x10A2, 0x10A2, 0x10A2, 0x10A2, 0x10C2, 0x10C2, 0x10C2, 0x10C2,
  0x10A2, 0x10A2, 0x10A2, 0x10A2, 0x10A2, 0x10C2, 0x10C2, 0x10A2, 0x10C2, 0x10C2, 0x10A2, 0x10A2,
  0x10A2, 0x10C2, 0x10C2, 0x10C2, 0x10C2, 0x10C2, 0x10A2, 0x10C2, 0x10C2, 0x10C2, 0x10C2, 0x10C2,
  0x10C2, 0x10C2, 0x10C2, 0x10C2, 0x10C2, 0x10C2, 0x10C2, 0x10C2, 0x10C2, 0x10C2, 0x10A2, 0x10A2,
  0x10C2, 0x10C2, 0x10C2, 0x10C2, 0x10C2, 0x10A2, 0x10C2, 0x10C2, 0x10C2, 0x10C2, 0x10C2, 0x10C2,
  0x10A2, 0x10C2, 0x10C2, 0x10C2, 0x10C2, 0x10C2, 0x10C2, 0x10C2, 0x10C2, 0x10C2, 0x10C2, 0x10C2,
  0x10C2, 0x10C2, 0x10C2, 0x10C2, 0x10C2, 0x10C2, 0x10C2, 0x10C2, 0x10C2, 0x10C2, 0x10C2, 0x10A2,
  0x10C2, 0x10C2, 0x10C2, 0x10C2, 0x10C2, 0x10C2, 0x10C2, 0x10C2, 0x10C2, 0x10C2, 0x10C2, 0x10C2,
  0x10C2, 0x10C2, 0x10C2, 0x10C2, 0x10C2, 0x10C2, 0x10C2, 0x10C2, 0x10A2, 0x10A2, 0x10C2, 0x10C2,
  0x10C2, 0x10C2, 0x10C2, 0x10C2, 0x10C2, 0x10C2, 0x10C2, 0x10C2, 0x10C2, 0x10C2, 0x10C2, 0x10C2,
  0x10C2, 0x18C2, 0x10A2, 0x0881, 0x18A2, 0x4983, 0x9AC6, 0xDC08, 0xFC89, 0xF448, 0xEC28, 0xEC48,
  0xEC48, 0xEC48, 0xEC48, 0xEC48, 0xEC48, 0xEC48, 0xEC48, 0xEC48, 0xEC48, 0xEC48, 0xEC48, 0xEC48,
  0xEC48, 0xEC48, 0xEC48, 0xEC48, 0xEC48, 0xEC48, 0xEC48, 0xEC48, 0xEC48, 0xEC48, 0xEC48, 0xEC48,
  0xEC48, 0xEC48, 0xEC48, 0xEC48, 0xEC48, 0xEC48, 0xEC48, 0xEC48, 0xEC48, 0xEC48, 0xF448, 0xF469,
  0x61E4, 0x0862, 0x18C2, 0x10A2, 0x10A2, 0x10C2, 0x10C2, 0x10C2, 0x10C2, 0x10A2, 0x10A2, 0x10C2,
  0x10C2, 0x10C2, 0x10C2, 0x10C2, 0x10A2, 0x10A2, 0x10C2, 0x10C2, 0x10C2, 0x10A2, 0x10A2, 0x10A2,
  0x10A2, 0x10A2, 0x0020, 0x0000, 0x0000, 0x0000, 0x0000, 0x0000, 0x0000, 0x0000, 0x0000, 0x0000,
  0x0000, 0x0000, 0x0000, 0x0000, 0x0000, 0x0000, 0x0000, 0x0000, 0x0000, 0x0020, 0x10A2, 0x10C2,
  0x10C2, 0x10C2, 0x10C2, 0x10C2, 0x10C2, 0x10C2, 0x10C2, 0x10C2, 0x10C2, 0x10C2, 0x10A2, 0x10A2,
  0x10C2, 0x10A2, 0x10A2, 0x10A2, 0x10A2, 0x10C2, 0x10C2, 0x10A2, 0x10A2, 0x10A2, 0x10A2, 0x10A2,
  0x10C2, 0x10C2, 0x10A2, 0x10A2, 0x10A2, 0x10A2, 0x10A2, 0x10A2, 0x10C2, 0x10C2, 0x10C2, 0x10C2,
  0x10A2, 0x10C2, 0x10A2, 0x10A2, 0x10A2, 0x10A2, 0x10A2, 0x10A2, 0x10A2, 0x10A2, 0x10A2, 0x10A2,
  0x10A2, 0x10C2, 0x10C2, 0x10C2, 0x10C2, 0x10C2, 0x10C2, 0x10C2, 0x10C2, 0x10C2, 0x10C2, 0x10C2,
  0x10C2, 0x10C2, 0x10C2, 0x10C2, 0x10C2, 0x10C2, 0x10C2, 0x10C2, 0x10C2, 0x10C2, 0x10C2, 0x10C2,
  0x10C2, 0x10C2, 0x10C2, 0x10C2, 0x10A2, 0x10A2, 0x10C2, 0x10C2, 0x10C2, 0x10C2, 0x10A2, 0x10A2,
  0x10A2, 0x10C2, 0x10C2, 0x10A2, 0x10A2, 0x10A2, 0x10C2, 0x10C2, 0x10C2, 0x10C2, 0x10C2, 0x10C2,
  0x10C2, 0x10C2, 0x10C2, 0x10C2, 0x10C2, 0x10C2, 0x10C2, 0x10C2, 0x10C2, 0x10C2, 0x10C2, 0x10C2,
  0x10C2, 0x10C2, 0x10C2, 0x10C2, 0x10C2, 0x10C2, 0x10C2, 0x10C2, 0x10C2, 0x10C2, 0x10C2, 0x10C2,
  0x10C2, 0x10C2, 0x10C2, 0x10C2, 0x10C2, 0x10C2, 0x10C2, 0x10C2, 0x10A2, 0x10A2, 0x10C2, 0x10C2,
  0x10C2, 0x10C2, 0x10C2, 0x10C2, 0x10C2, 0x10C2, 0x10C2, 0x10C2, 0x10C2, 0x10C2, 0x10C2, 0x10C2,
  0x10C2, 0x10C2, 0x18C2, 0x18C2, 0x10C2, 0x0881, 0x0881, 0x2902, 0x8285, 0xDC08, 0xFC89, 0xF448,
  0xEC28, 0xEC48, 0xEC48, 0xEC48, 0xEC48, 0xEC48, 0xEC48, 0xEC48, 0xEC48, 0xEC48, 0xEC48, 0xEC48,
  0xEC48, 0xEC48, 0xEC48, 0xEC48, 0xEC48, 0xEC48, 0xEC48, 0xEC48, 0xEC48, 0xEC48, 0xEC48, 0xEC48,
  0xEC48, 0xEC48, 0xEC48, 0xEC48, 0xEC48, 0xEC48, 0xEC48, 0xEC48, 0xEC48, 0xEC48, 0xEC48, 0xEC48,
  0xF469, 0x61E4, 0x0861, 0x18C2, 0x18C2, 0x10C2, 0x10C2, 0x10C2, 0x10C2, 0x10A2, 0x10A2, 0x10A2,
  0x10A2, 0x10C2, 0x10C2, 0x10C2, 0x10C2, 0x10C2, 0x10A2, 0x10A2, 0x10A2, 0x10A2, 0x10A2, 0x10A2,
  0x10A2, 0x10A2, 0x0020, 0x0000, 0x0000, 0x0000, 0x0000, 0x0000, 0x0000, 0x0000, 0x0000, 0x0000,
  0x0000, 0x0000, 0x0000, 0x0000, 0x0000, 0x0000, 0x0000, 0x0000, 0x0000, 0x0020, 0x10A2, 0x10C2,
  0x10C2, 0x10C2, 0x10C2, 0x10C2, 0x10C2, 0x10C2, 0x10C2, 0x10C2, 0x10A2, 0x10A2, 0x10C2, 0x10A2,
  0x10A2, 0x10A2, 0x10A2, 0x10A2, 0x10A2, 0x10A2, 0x10A2, 0x10A2, 0x10A2, 0x10A2, 0x10A2, 0x10C2,
  0x10C2, 0x10C2, 0x10A2, 0x10A2, 0x10A2, 0x10A2, 0x10C2, 0x10C2, 0x10A2, 0x10A2, 0x10A2, 0x10A2,
  0x10A2, 0x10C2, 0x10A2, 0x10A2, 0x10A2, 0x10A2, 0x10A2, 0x10A2, 0x10A2, 0x10A2, 0x10C2, 0x10C2,
  0x10A2, 0x10A2, 0x10A2, 0x10A2, 0x10A2, 0x10A2, 0x10C2, 0x10C2, 0x10C2, 0x10C2, 0x10C2, 0x10C2,
  0x10C2, 0x10C2, 0x10C2, 0x10C2, 0x10C2, 0x10C2, 0x10C2, 0x10C2, 0x10C2, 0x10C2, 0x10C2, 0x10A2,
  0x10C2, 0x10C2, 0x10C2, 0x10C2, 0x10C2, 0x10A2, 0x10C2, 0x10C2, 0x10C2, 0x10C2, 0x10C2, 0x10C2,
  0x10C2, 0x10A2, 0x10A2, 0x10A2, 0x10A2, 0x10A2, 0x10A2, 0x10A2, 0x10C2, 0x10C2, 0x10A2, 0x10C2,
  0x10C2, 0x10C2, 0x10C2, 0x10C2, 0x10C2, 0x10C2, 0x10C2, 0x10C2, 0x10C2, 0x10C2, 0x10A2, 0x10A2,
  0x10C2, 0x10C2, 0x10C2, 0x10C2, 0x10C2, 0x10C2, 0x10C2, 0x10C2, 0x10C2, 0x10C2, 0x10C2, 0x10C2,
  0x10C2, 0x10C2, 0x10C2, 0x10C2, 0x10C2, 0x10C2, 0x10C2, 0x10C2, 0x10C2, 0x10C2, 0x10C2, 0x10C2,
  0x10C2, 0x10C2, 0x10C2, 0x10C2, 0x10C2, 0x10C2, 0x10C2, 0x10C2, 0x10C2, 0x18C2, 0x10C2, 0x10C2,
  0x10C2, 0x10C2, 0x10C2, 0x10C2, 0x10C2, 0x18C2, 0x18C2, 0x10A2, 0x0881, 0x2102, 0x7A65, 0xDBE8,
  0xFC89, 0xF448, 0xEC28, 0xEC48, 0xEC48, 0xEC48, 0xEC48, 0xEC48, 0xEC48, 0xEC48, 0xEC48, 0xEC48,
  0xEC48, 0xEC48, 0xEC48, 0xEC48, 0xEC48, 0xEC48, 0xEC48, 0xEC48, 0xEC48, 0xEC48, 0xEC48, 0xEC48,
  0xEC48, 0xEC48, 0xEC48, 0xEC48, 0xEC48, 0xEC48, 0xEC48, 0xEC48, 0xEC48, 0xEC48, 0xEC48, 0xEC48,
  0xF448, 0xF448, 0x61E4, 0x0061, 0x10C2, 0x18C2, 0x10C2, 0x10A2, 0x10A2, 0x10A2, 0x10A2, 0x10A2,
  0x10A2, 0x10A2, 0x10A2, 0x10C2, 0x10C2, 0x10A2, 0x10A2, 0x10A2, 0x10A2, 0x10A2, 0x10A2, 0x10A2,
  0x10A2, 0x10A2, 0x0020, 0x0000, 0x0000, 0x0000, 0x0000, 0x0000, 0x0000, 0x0000, 0x0000, 0x0000,
  0x0000, 0x0000, 0x0000, 0x0000, 0x0000, 0x0000, 0x0000, 0x0000, 0x0000, 0x0020, 0x10A2, 0x10C2,
  0x10C2, 0x10A2, 0x10A2, 0x10A2, 0x10A2, 0x10A2, 0x10C2, 0x10C2, 0x10C2, 0x10C2, 0x10A2, 0x10A2,
  0x10A2, 0x10A2, 0x10A2, 0x10A2, 0x10A2, 0x10C2, 0x10C2, 0x10C2, 0x10A2, 0x10A2, 0x10A2, 0x10C2,
  0x10C2, 0x10C2, 0x10A2, 0x10A2, 0x10A2, 0x10A2, 0x10A2, 0x10A2, 0x10A2, 0x10A2, 0x10A2, 0x10A2,
  0x10C2, 0x10C2, 0x10A2, 0x10A2, 0x10A2, 0x10A2, 0x10A2, 0x10C2, 0x10C2, 0x10C2, 0x10C2, 0x10C2,
  0x10C2, 0x10C2, 0x10C2, 0x10C2, 0x10C2, 0x10C2, 0x10C2, 0x10C2, 0x10C2, 0x10C2, 0x10C2, 0x10C2,
  0x10C2, 0x10C2, 0x10C2, 0x10C2, 0x10C2, 0x10C2, 0x10C2, 0x10C2, 0x10C2, 0x18C2, 0x10C2, 0x10C2,
  0x10C2, 0x10C2, 0x10C2, 0x10C2, 0x10C2, 0x10A2, 0x10C2, 0x10C2, 0x10C2, 0x10C2, 0x10C2, 0x10C2,
  0x10C2, 0x10C2, 0x10C2, 0x10A2, 0x10A2, 0x10A2, 0x10C2, 0x10C2, 0x10C2, 0x10C2, 0x10A2, 0x10C2,
  0x10C2, 0x10C2, 0x10C2, 0x10A2, 0x10C2, 0x10C2, 0x10C2, 0x10C2, 0x10C2, 0x10C2, 0x10C2, 0x10C2,
  0x10C2, 0x10C2, 0x10C2, 0x10C2, 0x10C2, 0x10C2, 0x10C2, 0x10C2, 0x10C2, 0x10C2, 0x10C2, 0x10C2,
  0x10C2, 0x10C2, 0x10C2, 0x10C2, 0x10C2, 0x10C2, 0x10C2, 0x10C2, 0x10C2, 0x10C2, 0x10C2, 0x10C2,
  0x10C2, 0x10C2, 0x10C2, 0x10C2, 0x10C2, 0x10C2, 0x10C2, 0x10C2, 0x10C2, 0x10C2, 0x10C2, 0x10C2,
  0x10C2, 0x10C2, 0x10C2, 0x10C2, 0x10C2, 0x10C2, 0x10C2, 0x18C2, 0x18C2, 0x10A2, 0x0881, 0x2902,
  0x8AA5, 0xE428, 0xFC69, 0xEC48, 0xEC48, 0xEC48, 0xEC48, 0xEC48, 0xEC48, 0xEC48, 0xEC48, 0xEC48,
  0xEC48, 0xEC48, 0xEC48, 0xEC48, 0xEC48, 0xEC48, 0xEC48, 0xEC48, 0xEC48, 0xEC48, 0xEC48, 0xEC48,
  0xEC48, 0xEC48, 0xEC48, 0xEC48, 0xEC48, 0xEC48, 0xEC48, 0xEC48, 0xEC48, 0xEC48, 0xEC48, 0xEC48,
  0xEC48, 0xF448, 0xF469, 0x8AA5, 0x18C2, 0x08A2, 0x18C2, 0x10A2, 0x10A2, 0x10A2, 0x10A2, 0x10A2,
  0x10A2, 0x10A2, 0x10A2, 0x10C2, 0x10C2, 0x10A2, 0x10A2, 0x10A2, 0x10A2, 0x10A2, 0x10A2, 0x10A2,
  0x10A2, 0x10A2, 0x0020, 0x0000, 0x0000, 0x0000, 0x0000, 0x0000, 0x0000, 0x0000, 0x0000, 0x0000,
  0x0000, 0x0000, 0x0000, 0x0000, 0x0000, 0x0000, 0x0000, 0x0000, 0x0000, 0x0000, 0x10A2, 0x10C2,
  0x10A2, 0x10A2, 0x10C2, 0x10C2, 0x10C2, 0x10A2, 0x10C2, 0x10C2, 0x10C2, 0x10C2, 0x10A2, 0x10C2,
  0x10C2, 0x10C2, 0x10A2, 0x10A2, 0x10A2, 0x10A2, 0x10C2, 0x10C2, 0x10A2, 0x10A2, 0x10A2, 0x10A2,
  0x10A2, 0x10A2, 0x10A2, 0x10A2, 0x10A2, 0x10A2, 0x10A2, 0x10A2, 0x10A2, 0x10A2, 0x10A2, 0x10A2,
  0x10A2, 0x10A2, 0x10A2, 0x10A2, 0x10A2, 0x10A2, 0x10A2, 0x10A2, 0x10C2, 0x10C2, 0x10C2, 0x10C2,
  0x10C2, 0x10C2, 0x10C2, 0x10C2, 0x10C2, 0x10C2, 0x10A2, 0x10C2, 0x10C2, 0x10C2, 0x10C2, 0x10C2,
  0x10C2, 0x10C2, 0x10C2, 0x10C2, 0x10C2, 0x10C2, 0x10C2, 0x10C2, 0x10C2, 0x10C2, 0x10C2, 0x10C2,
  0x10C2, 0x10C2, 0x10C2, 0x10C2, 0x10A2, 0x10A2, 0x10C2, 0x10C2, 0x10C2, 0x10C2, 0x10C2, 0x10C2,
  0x10C2, 0x10A2, 0x10A2, 0x10A2, 0x10C2, 0x10A2, 0x10A2, 0x10A2, 0x10A2, 0x10A2, 0x10A2, 0x10C2,
  0x10A2, 0x10A2, 0x10C2, 0x10C2, 0x10C2, 0x10C2, 0x10C2, 0x10C2, 0x10C2, 0x10C2, 0x10C2, 0x10C2,
  0x10C2, 0x10C2, 0x10A2, 0x10A2, 0x10C2, 0x10C2, 0x10C2, 0x10A2, 0x10A2, 0x10C2, 0x10C2, 0x10C2,
  0x10C2, 0x10C2, 0x10C2, 0x10C2, 0x10C2, 0x10C2, 0x10C2, 0x10C2, 0x10C2, 0x10C2, 0x10C2, 0x10C2,
  0x10C2, 0x10C2, 0x10C2, 0x10C2, 0x10C2, 0x10C2, 0x10C2, 0x10C2, 0x10C2, 0x10C2, 0x10C2, 0x10C2,
  0x10C2, 0x10C2, 0x10C2, 0x10C2, 0x10C2, 0x10C2, 0x10C2, 0x10C2, 0x10C2, 0x18C2, 0x18C2, 0x10A2,
  0x0881, 0x3122, 0x9AE5, 0xEC48, 0xFC69, 0xEC28, 0xEC48, 0xEC48, 0xEC48, 0xEC48, 0xEC48, 0xEC48,
  0xEC48, 0xEC48, 0xEC48, 0xEC48, 0xEC48, 0xEC48, 0xEC48, 0xEC48, 0xEC48, 0xEC48, 0xEC48, 0xEC48,
  0xEC48, 0xEC48, 0xEC48, 0xEC48, 0xEC48, 0xEC48, 0xEC48, 0xEC48, 0xEC48, 0xEC48, 0xEC48, 0xEC48,
  0xEC48, 0xEC48, 0xEC48, 0xFC89, 0xC387, 0x2902, 0x0882, 0x18C2, 0x10C2, 0x10A2, 0x10A2, 0x10A2,
  0x10A2, 0x10A2, 0x10A2, 0x10A2, 0x10A2, 0x10A2, 0x10A2, 0x10A2, 0x10A2, 0x10A2, 0x10A2, 0x10A2,
  0x10A2, 0x1082, 0x0000, 0x0000, 0x0000, 0x0000, 0x0000, 0x0000, 0x0000, 0x0000, 0x0000, 0x0000,
  0x0000, 0x0000, 0x0000, 0x0000, 0x0000, 0x0000, 0x0000, 0x0000, 0x0000, 0x0000, 0x10A2, 0x10A2,
  0x10A2, 0x10A2, 0x10C2, 0x10C2, 0x10C2, 0x10A2, 0x10A2, 0x10C2, 0x10C2, 0x10C2, 0x10A2, 0x10A2,
  0x10A2, 0x10A2, 0x10A2, 0x10A2, 0x10A2, 0x10A2, 0x10C2, 0x10A2, 0x10C2, 0x10C2, 0x10A2, 0x10A2,
  0x10A2, 0x10A2, 0x10C2, 0x10C2, 0x10C2, 0x10C2, 0x10A2, 0x10A2, 0x10C2, 0x10C2, 0x10A2, 0x10A2,
  0x10A2, 0x10A2, 0x10A2, 0x10A2, 0x10A2, 0x10A2, 0x10A2, 0x10A2, 0x10C2, 0x10C2, 0x10C2, 0x10C2,
  0x10C2, 0x10C2, 0x10C2, 0x10C2, 0x10C2, 0x10C2, 0x10A2, 0x10C2, 0x10C2, 0x10C2, 0x10C2, 0x10C2,
  0x10C2, 0x10C2, 0x10C2, 0x10C2, 0x10C2, 0x10C2, 0x10C2, 0x10C2, 0x10C2, 0x10C2, 0x10C2, 0x10C2,
  0x10C2, 0x10C2, 0x10A2, 0x10A2, 0x10A2, 0x10A2, 0x10C2, 0x10C2, 0x10C2, 0x10C2, 0x10C2, 0x10C2,
  0x10C2, 0x10A2, 0x10A2, 0x10A2, 0x10A2, 0x10A2, 0x10A2, 0x10A2, 0x10A2, 0x10A2, 0x10C2, 0x10C2,
  0x10A2, 0x10A2, 0x10C2, 0x10C2, 0x10C2, 0x10C2, 0x10C2, 0x10C2, 0x10C2, 0x10C2, 0x10C2, 0x10C2,
  0x10C2, 0x10C2, 0x10A2, 0x10A2, 0x10C2, 0x10C2, 0x10C2, 0x10C2, 0x10C2, 0x10C2, 0x10C2, 0x10C2,
  0x10C2, 0x10C2, 0x10C2, 0x10C2, 0x10C2, 0x10C2, 0x10C2, 0x10C2, 0x10C2, 0x10C2, 0x10C2, 0x10C2,
  0x10C2, 0x10C2, 0x10A2, 0x10A2, 0x10A2, 0x10C2, 0x10C2, 0x10C2, 0x10C2, 0x10C2, 0x10C2, 0x10C2,
  0x10C2, 0x10C2, 0x10C2, 0x10C2, 0x10C2, 0x10C2, 0x10C2, 0x10C2, 0x10C2, 0x10C2, 0x10C2, 0x18C2,
  0x18C2, 0x10A2, 0x0881, 0x4183, 0xB367, 0xF469, 0xF468, 0xEC28, 0xEC48, 0xEC48, 0xEC48, 0xEC48,
  0xEC48, 0xEC48, 0xEC48, 0xEC48, 0xEC48, 0xEC48, 0xEC48, 0xEC48, 0xEC48, 0xEC48, 0xEC48, 0xEC48,
  0xEC48, 0xEC48, 0xEC48, 0xEC48, 0xEC48, 0xEC48, 0xEC48, 0xEC48, 0xEC48, 0xEC48, 0xEC48, 0xEC48,
  0xEC48, 0xEC48, 0xEC48, 0xEC28, 0xFC69, 0xD3E8, 0x3122, 0x1082, 0x18C2, 0x10A2, 0x10A2, 0x10A2,
  0x10A2, 0x10A2, 0x10A2, 0x10A2, 0x10A2, 0x10A2, 0x10A2, 0x10A2, 0x10A2, 0x10A2, 0x10A2, 0x10A2,
  0x10A2, 0x10A2, 0x0020, 0x0000, 0x0000, 0x0000, 0x0000, 0x0000, 0x0000, 0x0000, 0x0000, 0x0000,
  0x0000, 0x0000, 0x0000, 0x0000, 0x0000, 0x0000, 0x0000, 0x0000, 0x0000, 0x0020, 0x10A2, 0x10A2,
  0x10A2, 0x10A2, 0x10A2, 0x10A2, 0x10A2, 0x10A2, 0x10A2, 0x10C2, 0x10C2, 0x10C2, 0x10A2, 0x10A2,
  0x10A2, 0x10A2, 0x10A2, 0x10A2, 0x10A2, 0x10A2, 0x10C2, 0x10A2, 0x10C2, 0x10C2, 0x10A2, 0x10A2,
  0x10A2, 0x10A2, 0x10C2, 0x10C2, 0x10C2, 0x10C2, 0x10A2, 0x10A2, 0x10C2, 0x10C2, 0x10A2, 0x10A2,
  0x10A2, 0x10A2, 0x10A2, 0x10A2, 0x10A2, 0x10A2, 0x10A2, 0x10A2, 0x10C2, 0x10C2, 0x10C2, 0x10C2,
  0x10C2, 0x10C2, 0x10C2, 0x10C2, 0x10C2, 0x10C2, 0x10C2, 0x10C2, 0x10C2, 0x10C2, 0x10C2, 0x10C2,
  0x10C2, 0x10C2, 0x10C2, 0x10C2, 0x10C2, 0x10C2, 0x10C2, 0x10C2, 0x10C2, 0x10C2, 0x10C2, 0x10C2,
  0x10C2, 0x10C2, 0x10A2, 0x10A2, 0x10C2, 0x10A2, 0x10C2, 0x10C2, 0x10C2, 0x10C2, 0x10C2, 0x10C2,
  0x10C2, 0x10A2, 0x10A2, 0x10A2, 0x10A2, 0x10A2, 0x10A2, 0x10A2, 0x10A2, 0x10A2, 0x10C2, 0x10C2,
  0x10C2, 0x10C2, 0x10C2, 0x10C2, 0x10C2, 0x10C2, 0x10C2, 0x10C2, 0x10C2, 0x10C2, 0x10C2, 0x10C2,
  0x10C2, 0x10C2, 0x10C2, 0x10C2, 0x10C2, 0x10C2, 0x10C2, 0x10C2, 0x10C2, 0x10C2, 0x10C2, 0x10C2,
  0x10C2, 0x10C2, 0x10C2, 0x10C2, 0x10C2, 0x10C2, 0x10C2, 0x10C2, 0x10C2, 0x10C2, 0x10C2, 0x10C2,
  0x10C2, 0x10C2, 0x10A2, 0x10A2, 0x10A2, 0x10C2, 0x10C2, 0x10C2, 0x10C2, 0x10C2, 0x10C2, 0x10C2,
  0x10C2, 0x10C2, 0x10C2, 0x10C2, 0x10C2, 0x10C2, 0x10C2, 0x10C2, 0x10C2, 0x10C2, 0x10C2, 0x10C2,
  0x10A2, 0x18C2, 0x18C2, 0x0881, 0x1081, 0x61E4, 0xD3E8, 0xFC69, 0xEC48, 0xEC48, 0xEC48, 0xEC48,
  0xEC48, 0xEC48, 0xEC48, 0xEC48, 0xEC48, 0xEC48, 0xEC48, 0xEC48, 0xEC48, 0xEC48, 0xEC48, 0xEC48,
  0xEC48, 0xEC48, 0xEC48, 0xEC48, 0xEC48, 0xEC48, 0xEC48, 0xEC48, 0xEC48, 0xEC48, 0xEC48, 0xEC48,
  0xEC48, 0xEC48, 0xEC48, 0xEC48, 0xEC28, 0xFC69, 0xC3A7, 0x18C2, 0x10A2, 0x10A2, 0x10A2, 0x10A2,
  0x10A2, 0x10A2, 0x10A2, 0x10A2, 0x10A2, 0x10A2, 0x10A2, 0x10A2, 0x10A2, 0x10A2, 0x10A2, 0x10A2,
  0x10A2, 0x10A2, 0x0020, 0x0000, 0x0000, 0x0000, 0x0000, 0x0000, 0x0000, 0x0000, 0x0000, 0x0000,
  0x0000, 0x0000, 0x0000, 0x0000, 0x0000, 0x0000, 0x0000, 0x0000, 0x0000, 0x0020, 0x10C2, 0x10C2,
  0x10C2, 0x10A2, 0x10A2, 0x10A2, 0x10A2, 0x10A2, 0x10A2, 0x10C2, 0x10C2, 0x10C2, 0x10C2, 0x10C2,
  0x10C2, 0x10C2, 0x10A2, 0x10A2, 0x10A2, 0x10A2, 0x10C2, 0x10A2, 0x10A2, 0x10A2, 0x10A2, 0x10A2,
  0x10C2, 0x10A2, 0x10A2, 0x10A2, 0x10A2, 0x10A2, 0x10A2, 0x10A2, 0x10C2, 0x10C2, 0x10C2, 0x10A2,
  0x10A2, 0x10A2, 0x10A2, 0x10A2, 0x10A2, 0x10A2, 0x10A2, 0x10A2, 0x10A2, 0x10A2, 0x10A2, 0x10C2,
  0x10C2, 0x10A2, 0x10A2, 0x10A2, 0x10C2, 0x10C2, 0x10C2, 0x10C2, 0x10C2, 0x10C2, 0x10C2, 0x10C2,
  0x10C2, 0x10C2, 0x10C2, 0x10C2, 0x10C2, 0x10C2, 0x10C2, 0x10C2, 0x10C2, 0x10C2, 0x10C2, 0x10C2,
  0x10C2, 0x10C2, 0x10C2, 0x10C2, 0x10C2, 0x10C2, 0x10C2, 0x10C2, 0x10C2, 0x10C2, 0x10C2, 0x10C2,
  0x10C2, 0x10C2, 0x10A2, 0x10A2, 0x10C2, 0x10C2, 0x10A2, 0x10A2, 0x10A2, 0x10A2, 0x10A2, 0x10C2,
  0x10C2, 0x10C2, 0x10C2, 0x10C2, 0x10C2, 0x10C2, 0x10C2, 0x10A2, 0x10A2, 0x10A2, 0x10C2, 0x10C2,
  0x10C2, 0x10C2, 0x10C2, 0x10C2, 0x10C2, 0x10C2, 0x10C2, 0x10C2, 0x10C2, 0x10C2, 0x10C2, 0x10C2,
  0x10C2, 0x10C2, 0x10C2, 0x10C2, 0x10C2, 0x10C2, 0x10C2, 0x10C2, 0x10C2, 0x10C2, 0x10C2, 0x10C2,
  0x10C2, 0x10C2, 0x10A2, 0x10A2, 0x10A2, 0x10C2, 0x10C2, 0x10C2, 0x10A2, 0x10A2, 0x10C2, 0x10C2,
  0x10C2, 0x10C2, 0x10C2, 0x10C2, 0x10C2, 0x10C2, 0x10C2, 0x10C2, 0x10C2, 0x10A2, 0x10A2, 0x10C2,
  0x10A2, 0x10A2, 0x10A2, 0x18C2, 0x10C2, 0x0861, 0x20C2, 0x92C6, 0xF448, 0xEC48, 0xEC48, 0xEC48,
  0xEC48, 0xEC48, 0xEC48, 0xEC48, 0xEC48, 0xEC48, 0xEC48, 0xEC48, 0xEC48, 0xEC48, 0xEC48, 0xEC48,
  0xEC48, 0xEC48, 0xEC48, 0xEC48, 0xEC48, 0xEC48, 0xEC48, 0xEC48, 0xEC48, 0xEC48, 0xEC48, 0xEC48,
  0xEC48, 0xEC48, 0xEC48, 0xEC48, 0xEC48, 0xEC28, 0xFC89, 0x8285, 0x0861, 0x18C2, 0x10A2, 0x10A2,
  0x10A2, 0x10A2, 0x10A2, 0x10A2, 0x10A2, 0x10A2, 0x10A2, 0x10A2, 0x10A2, 0x10A2, 0x10A2, 0x10A2,
  0x10A2, 0x10A2, 0x0020, 0x0000, 0x0000, 0x0000, 0x0000, 0x0000, 0x0000, 0x0000, 0x0000, 0x0000,
  0x0000, 0x0000, 0x0000, 0x0000, 0x0000, 0x0000, 0x0000, 0x0000, 0x0000, 0x0040, 0x10C2, 0x10A2,
  0x10A2, 0x10A2, 0x10A2, 0x10A2, 0x10A2, 0x10A2, 0x10C2, 0x10C2, 0x10A2, 0x10A2, 0x10A2, 0x10C2,
  0x10C2, 0x10C2, 0x10C2, 0x10C2, 0x10C2, 0x10C2, 0x10C2, 0x10C2, 0x10A2, 0x10A2, 0x10A2, 0x10A2,
  0x10A2, 0x10A2, 0x10A2, 0x10A2, 0x10A2, 0x10A2, 0x10A2, 0x10A2, 0x10C2, 0x10C2, 0x10C2, 0x10C2,
  0x10C2, 0x10A2, 0x10C2, 0x10C2, 0x10C2, 0x10A2, 0x10A2, 0x10A2, 0x10A2, 0x10A2, 0x10A2, 0x10A2,
  0x10A2, 0x10A2, 0x10A2, 0x10A2, 0x10C2, 0x10C2, 0x10C2, 0x10C2, 0x10C2, 0x10C2, 0x10C2, 0x10C2,
  0x10C2, 0x10C2, 0x10C2, 0x10C2, 0x10C2, 0x10C2, 0x10C2, 0x10C2, 0x10C2, 0x10C2, 0x10C2, 0x10C2,
  0x10C2, 0x10C2, 0x10C2, 0x10C2, 0x10C2, 0x10C2, 0x10C2, 0x10C2, 0x10C2, 0x10C2, 0x10C2, 0x10C2,
  0x10C2, 0x10C2, 0x10A2, 0x10A2, 0x10C2, 0x10C2, 0x10C2, 0x10A2, 0x10A2, 0x10A2, 0x10A2, 0x10A2,
  0x10C2, 0x10C2, 0x10C2, 0x10C2, 0x10C2, 0x10A2, 0x10A2, 0x10A2, 0x10C2, 0x10C2, 0x10A2, 0x10C2,
  0x10C2, 0x10C2, 0x10C2, 0x10C2, 0x10C2, 0x10C2, 0x10C2, 0x10C2, 0x10C2, 0x10C2, 0x10C2, 0x10C2,
  0x10C2, 0x10C2, 0x10C2, 0x10C2, 0x10C2, 0x10C2, 0x10C2, 0x10C2, 0x10C2, 0x10C2, 0x10C2, 0x10C2,
  0x10A2, 0x10C2, 0x10C2, 0x10C2, 0x10C2, 0x10A2, 0x10A2, 0x10A2, 0x10A2, 0x10A2, 0x10A2, 0x10C2,
  0x10C2, 0x10C2, 0x10C2, 0x10C2, 0x10A2, 0x10A2, 0x10C2, 0x10C2, 0x10C2, 0x10C2, 0x10C2, 0x10A2,
  0x10A2, 0x10A2, 0x10A2, 0x10A2, 0x10C2, 0x18C2, 0x0881, 0x2902, 0xE428, 0xEC48, 0xEC48, 0xEC48,
  0xEC48, 0xEC48, 0xEC48, 0xEC48, 0xEC48, 0xEC48, 0xEC48, 0xEC48, 0xEC48, 0xEC48, 0xEC48, 0xEC48,
  0xEC48, 0xEC48, 0xEC48, 0xEC48, 0xEC48, 0xEC48, 0xEC48, 0xEC48, 0xEC48, 0xEC48, 0xEC48, 0xEC48,
  0xEC48, 0xEC48, 0xEC48, 0xEC48, 0xEC48, 0xEC48, 0xF448, 0xDC08, 0x28E2, 0x10A2, 0x10C2, 0x10A2,
  0x10A2, 0x10C2, 0x10C2, 0x10A2, 0x10A2, 0x10A2, 0x10A2, 0x10A2, 0x10C2, 0x10C2, 0x10A2, 0x10A2,
  0x10A2, 0x10A2, 0x0040, 0x0000, 0x0000, 0x0000, 0x0000, 0x0000, 0x0000, 0x0000, 0x0000, 0x0000,
  0x0000, 0x0000, 0x0000, 0x0000, 0x0000, 0x0000, 0x0000, 0x0000, 0x0000, 0x0840, 0x18C2, 0x10A2,
  0x10A2, 0x10A2, 0x10A2, 0x10A2, 0x10A2, 0x10A2, 0x10A2, 0x10A2, 0x10A2, 0x10A2, 0x10A2, 0x10A2,
  0x10C2, 0x10C2, 0x10C2, 0x10C2, 0x10C2, 0x10C2, 0x10C2, 0x10C2, 0x10C2, 0x10C2, 0x10A2, 0x10A2,
  0x10A2, 0x10A2, 0x10A2, 0x10A2, 0x10A2, 0x10A2, 0x10A2, 0x10C2, 0x10C2, 0x10C2, 0x10C2, 0x10C2,
  0x10C2, 0x10C2, 0x10C2, 0x10A2, 0x10C2, 0x10A2, 0x10A2, 0x10A2, 0x10A2, 0x10A2, 0x10A2, 0x10A2,
  0x10A2, 0x10C2, 0x10C2, 0x10C2, 0x10C2, 0x10C2, 0x10C2, 0x10A2, 0x10C2, 0x10C2, 0x10C2, 0x10C2,
  0x10A2, 0x10C2, 0x10C2, 0x10C2, 0x10C2, 0x10C2, 0x10C2, 0x10C2, 0x10C2, 0x10C2, 0x10C2, 0x10C2,
  0x10C2, 0x10C2, 0x10C2, 0x10C2, 0x10C2, 0x10C2, 0x10C2, 0x10C2, 0x10C2, 0x10C2, 0x10C2, 0x10C2,
  0x10C2, 0x10C2, 0x10C2, 0x10C2, 0x10C2, 0x10C2, 0x10C2, 0x10C2, 0x10A2, 0x10A2, 0x10C2, 0x10C2,
  0x10C2, 0x10C2, 0x10C2, 0x10C2, 0x10C2, 0x10C2, 0x10C2, 0x10C2, 0x10C2, 0x10C2, 0x10C2, 0x10C2,
  0x10C2, 0x10C2, 0x10C2, 0x10C2, 0x10A2, 0x10C2, 0x10C2, 0x10C2, 0x10C2, 0x10C2, 0x10C2, 0x10C2,
  0x10C2, 0x10C2, 0x10C2, 0x10C2, 0x10C2, 0x10A2, 0x10C2, 0x10C2, 0x10C2, 0x10C2, 0x10C2, 0x10A2,
  0x10C2, 0x10C2, 0x10C2, 0x10C2, 0x10C2, 0x10C2, 0x10C2, 0x10C2, 0x10C2, 0x10C2, 0x10C2, 0x10C2,
  0x10C2, 0x10C2, 0x10A2, 0x10A2, 0x10A2, 0x10A2, 0x10C2, 0x10C2, 0x10A2, 0x10A2, 0x10C2, 0x10A2,
  0x10A2, 0x10A2, 0x10A2, 0x10C2, 0x10C2, 0x18C2, 0x0882, 0x51A3, 0xF468, 0xEC48, 0xEC48, 0xEC48,
  0xEC48, 0xEC48, 0xEC48, 0xEC48, 0xEC48, 0xEC48, 0xEC48, 0xEC48, 0xEC48, 0xEC48, 0xEC48, 0xEC48,
  0xEC48, 0xEC48, 0xEC48, 0xEC48, 0xEC48, 0xEC48, 0xEC48, 0xEC48, 0xEC48, 0xEC48, 0xEC48, 0xEC48,
  0xEC48, 0xEC48, 0xEC48, 0xEC48, 0xEC48, 0xEC48, 0xEC28, 0xFC89, 0x7A45, 0x0061, 0x18C2, 0x10A2,
  0x10A2, 0x10A2, 0x10A2, 0x10A2, 0x10A2, 0x10A2, 0x10A2, 0x10A2, 0x10A2, 0x10A2, 0x10A2, 0x10A2,
  0x10A2, 0x10C2, 0x0840, 0x0000, 0x0000, 0x0000, 0x0000, 0x0000, 0x0000, 0x0000, 0x0000, 0x0000,
  0x0000, 0x0000, 0x0000, 0x0000, 0x0000, 0x0000, 0x0000, 0x0000, 0x0000, 0x0840, 0x18C2, 0x10A2,
  0x10A2, 0x10A2, 0x10A2, 0x10A2, 0x10A2, 0x10A2, 0x10A2, 0x10A2, 0x10A2, 0x10A2, 0x10A2, 0x10A2,
  0x10C2, 0x10C2, 0x10C2, 0x10C2, 0x10C2, 0x10C2, 0x10C2, 0x10C2, 0x10A2, 0x10A2, 0x10A2, 0x10A2,
  0x10A2, 0x10C2, 0x10A2, 0x10A2, 0x10A2, 0x10A2, 0x10A2, 0x10C2, 0x10C2, 0x10C2, 0x10C2, 0x10C2,
  0x10C2, 0x10A2, 0x10A2, 0x10A2, 0x10A2, 0x10A2, 0x10A2, 0x10A2, 0x10A2, 0x10A2, 0x10A2, 0x10C2,
  0x10C2, 0x10C2, 0x10C2, 0x10C2, 0x10C2, 0x10C2, 0x10C2, 0x10C2, 0x10C2, 0x10C2, 0x10C2, 0x10C2,
  0x10C2, 0x10C2, 0x10C2, 0x10C2, 0x10C2, 0x10C2, 0x10C2, 0x10C2, 0x10C2, 0x10C2, 0x10C2, 0x10C2,
  0x10C2, 0x10C2, 0x10C2, 0x10C2, 0x10C2, 0x10C2, 0x10C2, 0x18C2, 0x18C2, 0x10C2, 0x10C2, 0x10C2,
  0x10C2, 0x10C2, 0x10C2, 0x10C2, 0x10C2, 0x10C2, 0x10C2, 0x10C2, 0x10C2, 0x10C2, 0x10C2, 0x10C2,
  0x10C2, 0x10C2, 0x10C2, 0x10C2, 0x10C2, 0x10C2, 0x10C2, 0x10A2, 0x10A2, 0x10A2, 0x10C2, 0x10C2,
  0x10C2, 0x10C2, 0x10C2, 0x10C2, 0x10C2, 0x10C2, 0x10C2, 0x10C2, 0x10C2, 0x10C2, 0x10C2, 0x10C2,
  0x10C2, 0x10C2, 0x10C2, 0x10C2, 0x10C2, 0x10C2, 0x10C2, 0x10C2, 0x10C2, 0x10C2, 0x10C2, 0x10A2,
  0x10A2, 0x10A2, 0x10A2, 0x10A2, 0x10A2, 0x10A2, 0x10C2, 0x10C2, 0x10C2, 0x10C2, 0x10C2, 0x10C2,
  0x10A2, 0x10C2, 0x10C2, 0x10A2, 0x10C2, 0x10C2, 0x10A2, 0x10A2, 0x10C2, 0x10C2, 0x10C2, 0x10C2,
  0x10A2, 0x10A2, 0x10A2, 0x10A2, 0x10A2, 0x18C2, 0x0861, 0x7225, 0xFC69, 0xEC28, 0xEC48, 0xEC48,
  0xEC28, 0xEC28, 0xEC28, 0xEC28, 0xEC48, 0xEC48, 0xEC48, 0xEC48, 0xEC48, 0xEC48, 0xEC28, 0xEC48,
  0xEC48, 0xF448, 0xF468, 0xF468, 0xF448, 0xEC48, 0xEC48, 0xEC48, 0xEC48, 0xEC48, 0xEC48, 0xEC48,
  0xEC48, 0xEC48, 0xEC48, 0xEC48, 0xEC48, 0xEC48, 0xEC28, 0xF468, 0xC387, 0x10A2, 0x10A2, 0x10A2,
  0x10A2, 0x10A2, 0x10A2, 0x10A2, 0x10A2, 0x10A2, 0x10A2, 0x10A2, 0x10A2, 0x10A2, 0x10A2, 0x10A2,
  0x10A2, 0x10C2, 0x0840, 0x0000, 0x0000, 0x0000, 0x0000, 0x0000, 0x0000, 0x0000, 0x0000, 0x0000,
  0x0000, 0x0000, 0x0000, 0x0000, 0x0000, 0x0000, 0x0000, 0x0000, 0x0000, 0x0841, 0x18C2, 0x10A2,
  0x10A2, 0x10A2, 0x10A2, 0x10A2, 0x10A2, 0x10A2, 0x10A2, 0x10A2, 0x10A2, 0x10A2, 0x10A2, 0x10C2,
  0x10C2, 0x10C2, 0x10C2, 0x10C2, 0x10C2, 0x10C2, 0x10C2, 0x10C2, 0x10A2, 0x10A2, 0x10A2, 0x10A2,
  0x10A2, 0x10C2, 0x10A2, 0x10A2, 0x10A2, 0x10A2, 0x10C2, 0x10C2, 0x10C2, 0x10C2, 0x10C2, 0x10C2,
  0x10C2, 0x10C2, 0x10A2, 0x10A2, 0x10A2, 0x10A2, 0x10A2, 0x10A2, 0x10A2, 0x10A2, 0x10A2, 0x10C2,
  0x10C2, 0x10A2, 0x10A2, 0x10A2, 0x10C2, 0x10C2, 0x10A2, 0x10A2, 0x10A2, 0x10A2, 0x10C2, 0x10C2,
  0x10C2, 0x10C2, 0x10C2, 0x10C2, 0x10C2, 0x10C2, 0x10C2, 0x10A2, 0x10A2, 0x10C2, 0x10C2, 0x10C2,
  0x10C2, 0x10C2, 0x10C2, 0x10C2, 0x10C2, 0x10C2, 0x10C2, 0x10C2, 0x10C2, 0x10C2, 0x10C2, 0x10C2,
  0x10C2, 0x10C2, 0x10C2, 0x10C2, 0x10C2, 0x10C2, 0x10C2, 0x10A2, 0x10C2, 0x10A2, 0x10C2, 0x10C2,
  0x10C2, 0x10C2, 0x10C2, 0x10C2, 0x10C2, 0x10A2, 0x10C2, 0x10A2, 0x10A2, 0x10C2, 0x10C2, 0x10C2,
  0x10C2, 0x10C2, 0x10C2, 0x10C2, 0x10C2, 0x10C2, 0x10C2, 0x10A2, 0x10A2, 0x10A2, 0x10A2, 0x10A2,
  0x10A2, 0x10A2, 0x10C2, 0x10C2, 0x10C2, 0x18C2, 0x10C2, 0x10C2, 0x10C2, 0x10C2, 0x10C2, 0x10C2,
  0x10A2, 0x10A2, 0x10A2, 0x10A2, 0x10A2, 0x10A2, 0x10C2, 0x10C2, 0x18C2, 0x18C2, 0x10C2, 0x10C2,
  0x10A2, 0x10A2, 0x10C2, 0x10C2, 0x10C2, 0x10A2, 0x10A2, 0x10A2, 0x10C2, 0x10C2, 0x10C2, 0x10C2,
  0x10C2, 0x10A2, 0x10A2, 0x10A2, 0x10A2, 0x18C2, 0x0861, 0x8285, 0xFC89, 0xEC48, 0xEC48, 0xEC69,
  0xF469, 0xF469, 0xF489, 0xF469, 0xF469, 0xF468, 0xF448, 0xF448, 0xF448, 0xF468, 0xF469, 0xF469,
  0xEC28, 0xDBE7, 0xD3A7, 0xD3A7, 0xE408, 0xF469, 0xFC69, 0xF468, 0xEC48, 0xEC48, 0xEC28, 0xEC48,
  0xEC48, 0xEC48, 0xEC48, 0xF448, 0xF469, 0xF469, 0xF468, 0xF448, 0xF469, 0x49A3, 0x0881, 0x18C2,
  0x10A2, 0x10A2, 0x10A2, 0x10A2, 0x10A2, 0x10A2, 0x10A2, 0x10A2, 0x10A2, 0x10A2, 0x10A2, 0x10A2,
  0x10A2, 0x10C2, 0x0840, 0x0000, 0x0000, 0x0000, 0x0000, 0x0000, 0x0000, 0x0000, 0x0000, 0x0000,
  0x0000, 0x0000, 0x0000, 0x0000, 0x0000, 0x0000, 0x0000, 0x0000, 0x0000, 0x0841, 0x18C2, 0x10A2,
  0x10A2, 0x10A2, 0x10A2, 0x10A2, 0x10A2, 0x10A2, 0x10A2, 0x10A2, 0x10A2, 0x10A2, 0x10A2, 0x10C2,
  0x10C2, 0x10C2, 0x10A2, 0x10A2, 0x10C2, 0x10C2, 0x10C2, 0x10C2, 0x10A2, 0x10A2, 0x10A2, 0x10A2,
  0x10A2, 0x10A2, 0x10A2, 0x10A2, 0x10A2, 0x10A2, 0x10C2, 0x10C2, 0x10C2, 0x10C2, 0x10C2, 0x10C2,
  0x10C2, 0x10C2, 0x10A2, 0x10A2, 0x10A2, 0x10A2, 0x10A2, 0x10A2, 0x10A2, 0x10A2, 0x10A2, 0x10C2,
  0x10A2, 0x10A2, 0x10A2, 0x10A2, 0x10C2, 0x10C2, 0x10A2, 0x10A2, 0x10A2, 0x10A2, 0x10C2, 0x10C2,
  0x10C2, 0x10C2, 0x10C2, 0x10C2, 0x10C2, 0x10C2, 0x10C2, 0x10A2, 0x10A2, 0x10C2, 0x10C2, 0x10C2,
  0x10C2, 0x10C2, 0x10C2, 0x10C2, 0x10C2, 0x10C2, 0x10C2, 0x10C2, 0x10C2, 0x10C2, 0x10C2, 0x10C2,
  0x10C2, 0x10C2, 0x10C2, 0x10C2, 0x10C2, 0x10C2, 0x10C2, 0x10A2, 0x10A2, 0x10A2, 0x10C2, 0x10C2,
  0x10C2, 0x10C2, 0x10C2, 0x10C2, 0x10C2, 0x10A2, 0x10C2, 0x10A2, 0x10A2, 0x10C2, 0x10C2, 0x10C2,
  0x10C2, 0x10C2, 0x10C2, 0x10C2, 0x10C2, 0x10C2, 0x10C2, 0x10A2, 0x10A2, 0x10A2, 0x10A2, 0x10A2,
  0x10A2, 0x10A2, 0x10C2, 0x10C2, 0x10C2, 0x18C2, 0x10C2, 0x10C2, 0x10C2, 0x10C2, 0x10C2, 0x10C2,
  0x10A2, 0x10A2, 0x10A2, 0x10A2, 0x10A2, 0x10C2, 0x10C2, 0x10C2, 0x18C2, 0x18C2, 0x10C2, 0x10C2,
  0x10A2, 0x10A2, 0x10C2, 0x10C2, 0x10C2, 0x10A2, 0x10C2, 0x10C2, 0x10C2, 0x10C2, 0x10C2, 0x10C2,
  0x10C2, 0x10A2, 0x10A2, 0x10A2, 0x10A2, 0x18C2, 0x0882, 0x7182, 0xDA83, 0xCA63, 0xC263, 0xBA83,
  0xB284, 0xB2C4, 0xB305, 0xBB26, 0xCB87, 0xD3C7, 0xDBE8, 0xE408, 0xE408, 0xD3C7, 0xC346, 0xA284,
  0x89C2, 0x8181, 0x8161, 0x8161, 0x81A1, 0x9202, 0xB2E5, 0xDBC7, 0xEC48, 0xF489, 0xF489, 0xF489,
  0xF469, 0xF489, 0xF468, 0xDBE7, 0xC346, 0xBB25, 0xCB66, 0xD3A7, 0xF448, 0x9AE6, 0x0881, 0x18C2,
  0x10A2, 0x10A2, 0x10A2, 0x10A2, 0x10A2, 0x10A2, 0x10A2, 0x10A2, 0x10A2, 0x10A2, 0x10A2, 0x10A2,
  0x10A2, 0x10C2, 0x0840, 0x0000, 0x0000, 0x0000, 0x0000, 0x0000, 0x0000, 0x0000, 0x0000, 0x0000,
  0x0000, 0x0000, 0x0000, 0x0000, 0x0000, 0x0000, 0x0000, 0x0000, 0x0000, 0x0841, 0x18C2, 0x10A2,
  0x10A2, 0x10A2, 0x10A2, 0x10A2, 0x10A2, 0x10C2, 0x10A2, 0x10A2, 0x10A2, 0x10A2, 0x10A2, 0x10A2,
  0x10A2, 0x10A2, 0x10A2, 0x10A2, 0x10C2, 0x10C2, 0x10C2, 0x10A2, 0x10C2, 0x10C2, 0x10C2, 0x10C2,
  0x10A2, 0x10A2, 0x10A2, 0x10A2, 0x10A2, 0x10C2, 0x10C2, 0x10A2, 0x10C2, 0x10C2, 0x10C2, 0x10C2,
  0x10C2, 0x10A2, 0x10A2, 0x10A2, 0x10A2, 0x10A2, 0x10A2, 0x10A2, 0x10A2, 0x10A2, 0x10A2, 0x10C2,
  0x10A2, 0x10A2, 0x10A2, 0x10A2, 0x10A2, 0x10C2, 0x10C2, 0x10C2, 0x10C2, 0x10C2, 0x10C2, 0x10C2,
  0x10C2, 0x10C2, 0x10C2, 0x10C2, 0x10C2, 0x10C2, 0x10C2, 0x10C2, 0x10C2, 0x10C2, 0x10C2, 0x10C2,
  0x10C2, 0x10C2, 0x10C2, 0x10C2, 0x10C2, 0x10C2, 0x10C2, 0x10C2, 0x10C2, 0x10C2, 0x10C2, 0x10C2,
  0x10C2, 0x10C2, 0x10C2, 0x10C2, 0x10C2, 0x10C2, 0x10C2, 0x10A2, 0x10A2, 0x10C2, 0x10C2, 0x10C2,
  0x10C2, 0x10C2, 0x10C2, 0x10C2, 0x10C2, 0x10C2, 0x10C2, 0x10C2, 0x10C2, 0x10C2, 0x10C2, 0x10C2,
  0x10C2, 0x10C2, 0x10C2, 0x10C2, 0x10C2, 0x10C2, 0x10A2, 0x10A2, 0x10A2, 0x10A2, 0x10A2, 0x10C2,
  0x10C2, 0x10C2, 0x10C2, 0x10C2, 0x10C2, 0x10C2, 0x10C2, 0x10C2, 0x10C2, 0x10C2, 0x10C2, 0x10C2,
  0x10C2, 0x10A2, 0x10A2, 0x10A2, 0x10C2, 0x10C2, 0x10C2, 0x10C2, 0x10C2, 0x10C2, 0x10C2, 0x10A2,
  0x10A2, 0x10A2, 0x10C2, 0x10C2, 0x10C2, 0x10C2, 0x10C2, 0x10C2, 0x10C2, 0x10C2, 0x10C2, 0x10C2,
  0x10C2, 0x10A2, 0x10A2, 0x10A2, 0x10A2, 0x18C2, 0x08A2, 0x7141, 0xD201, 0xC1C1, 0xC9E1, 0xC1C1,
  0xC1C1, 0xB1A1, 0xA181, 0x9181, 0x8961, 0x8161, 0x8181, 0x81A1, 0x8181, 0x8161, 0x8960, 0x9981,
  0xB1C1, 0xC1E1, 0xCA01, 0xC202, 0xB9E1, 0xA9A1, 0x9161, 0x8161, 0x89E2, 0xA2A4, 0xB305, 0xBB26,
  0xB2E5, 0xA2A4, 0x9202, 0x8981, 0x9181, 0xA9A1, 0xB9C1, 0xB9E1, 0xCA02, 0xC243, 0x28C2, 0x10A2,
  0x10A2, 0x10A2, 0x10A2, 0x10A2, 0x10A2, 0x10A2, 0x10A2, 0x10A2, 0x10A2, 0x10A2, 0x10A2, 0x10A2,
  0x10A2, 0x10A2, 0x0840, 0x0000, 0x0000, 0x0000, 0x0000, 0x0000, 0x0000, 0x0000, 0x0000, 0x0000,
  0x0000, 0x0000, 0x0000, 0x0000, 0x0000, 0x0000, 0x0000, 0x0000, 0x0000, 0x0840, 0x18C2, 0x10C2,
  0x10A2, 0x10A2, 0x10A2, 0x10A2, 0x10A2, 0x10A2, 0x10A2, 0x10A2, 0x10A2, 0x10A2, 0x10A2, 0x10A2,
  0x10A2, 0x10A2, 0x10C2, 0x10C2, 0x10C2, 0x10A2, 0x10C2, 0x10C2, 0x10C2, 0x10C2, 0x10C2, 0x10C2,
  0x10C2, 0x10A2, 0x10A2, 0x10A2, 0x10C2, 0x10C2, 0x10C2, 0x10A2, 0x10C2, 0x10C2, 0x10C2, 0x10C2,
  0x10A2, 0x10A2, 0x10A2, 0x10A2, 0x10A2, 0x10A2, 0x10A2, 0x10A2, 0x10A2, 0x10A2, 0x10A2, 0x10A2,
  0x10A2, 0x10A2, 0x10A2, 0x10A2, 0x10A2, 0x10C2, 0x10C2, 0x10C2, 0x10C2, 0x10C2, 0x10C2, 0x10C2,
  0x10C2, 0x10C2, 0x10C2, 0x10C2, 0x10C2, 0x10C2, 0x10C2, 0x10C2, 0x10C2, 0x10C2, 0x10C2, 0x10C2,
  0x10C2, 0x10C2, 0x10C2, 0x10C2, 0x10C2, 0x10C2, 0x10C2, 0x10C2, 0x10C2, 0x10C2, 0x10C2, 0x10C2,
  0x10C2, 0x10C2, 0x10C2, 0x10C2, 0x10C2, 0x10C2, 0x10C2, 0x10C2, 0x10C2, 0x10C2, 0x10C2, 0x10C2,
  0x10C2, 0x10C2, 0x10C2, 0x10C2, 0x10C2, 0x10C2, 0x10C2, 0x10C2, 0x10C2, 0x10C2, 0x10C2, 0x10C2,
  0x10C2, 0x10C2, 0x10C2, 0x10C2, 0x10C2, 0x10C2, 0x10C2, 0x10C2, 0x10C2, 0x10C2, 0x10A2, 0x10C2,
  0x10C2, 0x10C2, 0x10C2, 0x10C2, 0x10C2, 0x10C2, 0x10C2, 0x10C2, 0x10C2, 0x10C2, 0x10C2, 0x10C2,
  0x10C2, 0x10A2, 0x10A2, 0x10C2, 0x10C2, 0x10C2, 0x10C2, 0x10C2, 0x10C2, 0x10C2, 0x10C2, 0x10C2,
  0x10C2, 0x10A2, 0x10A2, 0x10A2, 0x10A2, 0x10A2, 0x10A2, 0x10C2, 0x10C2, 0x10C2, 0x10C2, 0x10C2,
  0x10C2, 0x10C2, 0x10C2, 0x10C2, 0x10A2, 0x18C2, 0x08A2, 0x7162, 0xD222, 0xC201, 0xCA01, 0xCA01,
  0xCA01, 0xD201, 0xD201, 0xCA02, 0xCA02, 0xC1E1, 0xC1E1, 0xB9E1, 0xC1E1, 0xC1E1, 0xCA02, 0xCA02,
  0xCA01, 0xC9E1, 0xCA01, 0xC9E1, 0xCA01, 0xD201, 0xD202, 0xC1E1, 0xA9A1, 0x9981, 0x8961, 0x8960,
  0x8961, 0xA181, 0xB1A1, 0xCA01, 0xC9E1, 0xCA02, 0xCA02, 0xCA01, 0xC1E1, 0xD201, 0x6142, 0x08A2,
  0x18C2, 0x10A2, 0x10A2, 0x10A2, 0x10A2, 0x10A2, 0x10A2, 0x10A2, 0x10A2, 0x10A2, 0x10A2, 0x10A2,
  0x10A2, 0x10C2, 0x0840, 0x0000, 0x0000, 0x0000, 0x0000, 0x0000, 0x0000, 0x0000, 0x0000, 0x0000,
  0x0000, 0x0000, 0x0000, 0x0000, 0x0000, 0x0000, 0x0000, 0x0000, 0x0000, 0x0840, 0x18C2, 0x10A2,
  0x10A2, 0x10A2, 0x10A2, 0x10A2, 0x10A2, 0x10A2, 0x10A2, 0x10A2, 0x10A2, 0x10A2, 0x10A2, 0x10A2,
  0x10C2, 0x10C2, 0x10C2, 0x10C2, 0x10C2, 0x10A2, 0x10A2, 0x10C2, 0x10C2, 0x10C2, 0x10C2, 0x10C2,
  0x10A2, 0x10A2, 0x10A2, 0x10A2, 0x10A2, 0x10C2, 0x10A2, 0x10A2, 0x10A2, 0x10A2, 0x10A2, 0x10C2,
  0x10C2, 0x10A2, 0x10A2, 0x10A2, 0x10A2, 0x10A2, 0x10C2, 0x10C2, 0x10A2, 0x10A2, 0x10C2, 0x10C2,
  0x10C2, 0x10C2, 0x10C2, 0x10C2, 0x10C2, 0x10C2, 0x10C2, 0x10C2, 0x10C2, 0x10C2, 0x10C2, 0x10C2,
  0x10C2, 0x10C2, 0x10C2, 0x10C2, 0x10C2, 0x10C2, 0x10C2, 0x10C2, 0x10C2, 0x10C2, 0x10C2, 0x10C2,
  0x10C2, 0x10C2, 0x10C2, 0x10C2, 0x10C2, 0x10C2, 0x10C2, 0x10C2, 0x10C2, 0x10C2, 0x10C2, 0x10C2,
  0x10C2, 0x10C2, 0x10C2, 0x10C2, 0x10C2, 0x10C2, 0x10C2, 0x10C2, 0x10C2, 0x10C2, 0x10C2, 0x10C2,
  0x10C2, 0x10C2, 0x10C2, 0x10C2, 0x10C2, 0x10C2, 0x10C2, 0x10C2, 0x18C2, 0x10C2, 0x10C2, 0x10C2,
  0x10C2, 0x10C2, 0x10C2, 0x10C2, 0x10C2, 0x10C2, 0x10C2, 0x10C2, 0x10C2, 0x10C2, 0x10C2, 0x10C2,
  0x10C2, 0x10C2, 0x10C2, 0x10C2, 0x10C2, 0x10C2, 0x10C2, 0x10C2, 0x10C2, 0x10C2, 0x10C2, 0x10C2,
  0x10C2, 0x10C2, 0x10C2, 0x10C2, 0x10C2, 0x10C2, 0x10C2, 0x10C2, 0x10A2, 0x10A2, 0x10A2, 0x10C2,
  0x10C2, 0x10A2, 0x10A2, 0x10A2, 0x10A2, 0x10C2, 0x10C2, 0x10C2, 0x10C2, 0x10C2, 0x10C2, 0x10C2,
  0x10C2, 0x10C2, 0x10C2, 0x10C2, 0x10C2, 0x18C2, 0x08A2, 0x7142, 0xD201, 0xC1E1, 0xC9E1, 0xC9E1,
  0xCA01, 0xA9A1, 0xB9E1, 0xC9E1, 0xC9E1, 0xC9E1, 0xCA01, 0xCA01, 0xCA01, 0xC9E1, 0xC9E1, 0xC9E1,
  0xC9E1, 0xC9E1, 0xC9E1, 0xC9E1, 0xC9E1, 0xC9E1, 0xC9E1, 0xCA01, 0xCA01, 0xD222, 0xD201, 0xCA02,
  0xCA01, 0xD202, 0xD201, 0xB9C1, 0xB1A1, 0xC1E1, 0xC9E1, 0xC9E1, 0xC9E1, 0xCA01, 0xA9C1, 0x18A2,
  0x10A2, 0x10A2, 0x10A2, 0x10A2, 0x10A2, 0x10A2, 0x10A2, 0x10A2, 0x10A2, 0x10A2, 0x10A2, 0x10A2,
  0x10A2, 0x18C2, 0x0840, 0x0000, 0x0000, 0x0000, 0x0000, 0x0000, 0x0000, 0x0000, 0x0000, 0x0000,
  0x0000, 0x0000, 0x0000, 0x0000, 0x0000, 0x0000, 0x0000, 0x0000, 0x0000, 0x0840, 0x18C2, 0x10C2,
  0x10A2, 0x10A2, 0x10A2, 0x10A2, 0x10A2, 0x10A2, 0x10A2, 0x10A2, 0x10A2, 0x10A2, 0x10A2, 0x10A2,
  0x10C2, 0x10C2, 0x10C2, 0x10C2, 0x10C2, 0x10A2, 0x10A2, 0x10A2, 0x10A2, 0x10A2, 0x10A2, 0x10A2,
  0x10A2, 0x10A2, 0x10A2, 0x10A2, 0x10A2, 0x10A2, 0x10A2, 0x10A2, 0x10A2, 0x10A2, 0x10A2, 0x10A2,
  0x10A2, 0x10A2, 0x10A2, 0x10A2, 0x10A2, 0x10A2, 0x10A2, 0x10C2, 0x10A2, 0x10A2, 0x10A2, 0x10C2,
  0x10C2, 0x10C2, 0x10C2, 0x10C2, 0x10C2, 0x10C2, 0x10C2, 0x10C2, 0x10C2, 0x10C2, 0x10C2, 0x10C2,
  0x10C2, 0x10C2, 0x10C2, 0x10C2, 0x10C2, 0x10C2, 0x10C2, 0x10C2, 0x10C2, 0x10C2, 0x10C2, 0x10C2,
  0x10C2, 0x10C2, 0x10C2, 0x10C2, 0x10C2, 0x10C2, 0x10C2, 0x10C2, 0x10C2, 0x10C2, 0x10C2, 0x10C2,
  0x10C2, 0x10C2, 0x10C2, 0x10C2, 0x10C2, 0x10C2, 0x10C2, 0x10C2, 0x10C2, 0x10C2, 0x10C2, 0x10C2,
  0x10C2, 0x10C2, 0x10C2, 0x10C2, 0x10C2, 0x10C2, 0x10C2, 0x10C2, 0x10C2, 0x10C2, 0x10C2, 0x10C2,
  0x10C2, 0x10C2, 0x10C2, 0x10C2, 0x10C2, 0x10C2, 0x10C2, 0x10C2, 0x10C2, 0x10C2, 0x10C2, 0x10C2,
  0x10C2, 0x10C2, 0x10C2, 0x10C2, 0x10C2, 0x10C2, 0x10C2, 0x10C2, 0x10C2, 0x10C2, 0x10C2, 0x10C2,
  0x10C2, 0x10C2, 0x10C2, 0x10C2, 0x10A2, 0x10A2, 0x10C2, 0x10C2, 0x10C2, 0x10C2, 0x10C2, 0x10C2,
  0x10A2, 0x10A2, 0x10C2, 0x10C2, 0x10C2, 0x10C2, 0x10C2, 0x10C2, 0x10C2, 0x10C2, 0x10C2, 0x10C2,
  0x10C2, 0x10C2, 0x10C2, 0x10C2, 0x10C2, 0x18C2, 0x08A2, 0x6142, 0xD201, 0xC1E1, 0xC9E1, 0xC9E1,
  0xCA01, 0xC1E2, 0xC9E1, 0xD201, 0xC9E1, 0xC9E1, 0xC9E1, 0xC9E1, 0xC9E1, 0xC9E1, 0xC9E1, 0xC9E1,
  0xC9E1, 0xC9E1, 0xC9E1, 0xC9E1, 0xC9E1, 0xC9E1, 0xC9E1, 0xC9E1, 0xC201, 0xA9A1, 0xC1E1, 0xC9E1,
  0xC9E1, 0xC1E1, 0xD202, 0x8121, 0x9161, 0xD201, 0xC1E1, 0xCA01, 0xC1E1, 0xA181, 0xD201, 0x7161,
  0x0882, 0x18C2, 0x10A2, 0x10A2, 0x10A2, 0x10A2, 0x10A2, 0x10A2, 0x10A2, 0x10A2, 0x10A2, 0x10A2,
  0x10A2, 0x10C2, 0x0840, 0x0000, 0x0000, 0x0000, 0x0000, 0x0000, 0x0000, 0x0000, 0x0000, 0x0000,
  0x0000, 0x0000, 0x0000, 0x0000, 0x0000, 0x0000, 0x0000, 0x0000, 0x0000, 0x0840, 0x18C2, 0x10C2,
  0x10A2, 0x10C2, 0x10C2, 0x10C2, 0x10C2, 0x10C2, 0x10C2, 0x10C2, 0x10A2, 0x10A2, 0x10A2, 0x10C2,
  0x10C2, 0x10C2, 0x10A2, 0x10A2, 0x10C2, 0x10A2, 0x10C2, 0x10A2, 0x10A2, 0x10A2, 0x10A2, 0x10A2,
  0x10A2, 0x10A2, 0x10A2, 0x10A2, 0x10C2, 0x10A2, 0x10C2, 0x10A2, 0x10A2, 0x10A2, 0x10A2, 0x10A2,
  0x10A2, 0x10C2, 0x10A2, 0x10A2, 0x10A2, 0x10A2, 0x10A2, 0x10C2, 0x10C2, 0x10C2, 0x10A2, 0x10A2,
  0x10A2, 0x10C2, 0x10C2, 0x10C2, 0x10C2, 0x10A2, 0x10C2, 0x10C2, 0x10C2, 0x10C2, 0x10C2, 0x10C2,
  0x10C2, 0x10C2, 0x10C2, 0x10C2, 0x10C2, 0x10C2, 0x10C2, 0x10C2, 0x10C2, 0x10C2, 0x10C2, 0x10C2,
  0x10C2, 0x10C2, 0x10C2, 0x10C2, 0x10C2, 0x10C2, 0x10C2, 0x10C2, 0x10C2, 0x10C2, 0x10C2, 0x10C2,
  0x10C2, 0x10C2, 0x10C2, 0x10C2, 0x10C2, 0x10C2, 0x10C2, 0x10C2, 0x10C2, 0x10C2, 0x10C2, 0x10C2,
  0x10C2, 0x10C2, 0x10C2, 0x10C2, 0x10C2, 0x10C2, 0x10C2, 0x10C2, 0x10C2, 0x10C2, 0x10C2, 0x10C2,
  0x10C2, 0x10C2, 0x10C2, 0x10C2, 0x10C2, 0x10C2, 0x10C2, 0x10C2, 0x10C2, 0x10C2, 0x10C2, 0x10C2,
  0x10C2, 0x10C2, 0x10C2, 0x10C2, 0x10C2, 0x10C2, 0x10C2, 0x10C2, 0x10C2, 0x10C2, 0x10C2, 0x10C2,
  0x10C2, 0x10C2, 0x10A2, 0x10A2, 0x10A2, 0x10A2, 0x10A2, 0x10C2, 0x10C2, 0x10C2, 0x10C2, 0x10A2,
  0x10A2, 0x10A2, 0x10A2, 0x10A2, 0x10A2, 0x10A2, 0x10C2, 0x10C2, 0x10C2, 0x10C2, 0x10C2, 0x10C2,
  0x10C2, 0x10C2, 0x10C2, 0x10C2, 0x10C2, 0x18C2, 0x08A2, 0x5121, 0xD201, 0xC1E1, 0xC9E1, 0xC9E1,
  0xC9E1, 0xCA01, 0xB9C1, 0x8940, 0xC1E1, 0xC9E1, 0xC9E1, 0xC9E1, 0xC9E1, 0xC9E1, 0xC9E1, 0xC9E1,
  0xC9E1, 0xC9E1, 0xC9E1, 0xC9E1, 0xC9E1, 0xC9E1, 0xC9E1, 0xCA01, 0xD221, 0xB9E1, 0xC1E1, 0xC9E1,
  0xC9E1, 0xC9E1, 0xC9E1, 0xC1E1, 0xC1E1, 0xC9E1, 0xC9E1, 0xC9E1, 0xC9E1, 0xC1E1, 0xC9E1, 0xC201,
  0x38E2, 0x08A2, 0x18A2, 0x10A2, 0x10A2, 0x10A2, 0x10A2, 0x10A2, 0x10A2, 0x10A2, 0x10A2, 0x10A2,
  0x10A2, 0x10C2, 0x0840, 0x0000, 0x0000, 0x0000, 0x0000, 0x0000, 0x0000, 0x0000, 0x0000, 0x0000,
  0x0000, 0x0000, 0x0000, 0x0000, 0x0000, 0x0000, 0x0000, 0x0000, 0x0000, 0x0840, 0x18C2, 0x10A2,
  0x10A2, 0x10C2, 0x10C2, 0x10C2, 0x10C2, 0x10C2, 0x10C2, 0x10C2, 0x10A2, 0x10A2, 0x10A2, 0x10C2,
  0x10C2, 0x10C2, 0x10A2, 0x10A2, 0x10C2, 0x10A2, 0x10C2, 0x10A2, 0x10A2, 0x10A2, 0x10A2, 0x10A2,
  0x10A2, 0x10A2, 0x10A2, 0x10A2, 0x10C2, 0x10C2, 0x10C2, 0x10A2, 0x10A2, 0x10A2, 0x10A2, 0x10A2,
  0x10A2, 0x10C2, 0x10A2, 0x10A2, 0x10A2, 0x10A2, 0x10A2, 0x10A2, 0x10C2, 0x10C2, 0x10A2, 0x10A2,
  0x10A2, 0x10C2, 0x10C2, 0x10C2, 0x10C2, 0x10A2, 0x10C2, 0x10C2, 0x10C2, 0x10C2, 0x10C2, 0x10C2,
  0x10C2, 0x10C2, 0x10C2, 0x10C2, 0x10C2, 0x10C2, 0x10C2, 0x10C2, 0x10C2, 0x10C2, 0x10C2, 0x10C2,
  0x10C2, 0x10C2, 0x10C2, 0x10C2, 0x10C2, 0x10C2, 0x10C2, 0x10C2, 0x10C2, 0x10C2, 0x10C2, 0x10C2,
  0x10C2, 0x10C2, 0x10C2, 0x10C2, 0x10C2, 0x10C2, 0x10C2, 0x10C2, 0x10C2, 0x10C2, 0x10C2, 0x10C2,
  0x10C2, 0x10C2, 0x10C2, 0x10C2, 0x10C2, 0x10C2, 0x10C2, 0x10C2, 0x10C2, 0x10C2, 0x10C2, 0x10C2,
  0x10C2, 0x10C2, 0x10C2, 0x10C2, 0x10C2, 0x10C2, 0x10C2, 0x10C2, 0x10C2, 0x10C2, 0x10C2, 0x10C2,
  0x10C2, 0x10C2, 0x10C2, 0x10C2, 0x10C2, 0x10C2, 0x10C2, 0x10C2, 0x10C2, 0x10C2, 0x10C2, 0x10C2,
  0x10C2, 0x10C2, 0x10A2, 0x10A2, 0x10A2, 0x10A2, 0x10A2, 0x10C2, 0x10C2, 0x10C2, 0x10C2, 0x10A2,
  0x10A2, 0x10A2, 0x10A2, 0x10A2, 0x10A2, 0x10A2, 0x10C2, 0x10C2, 0x10C2, 0x10C2, 0x10C2, 0x10C2,
  0x10C2, 0x10C2, 0x10C2, 0x10C2, 0x10C2, 0x18C2, 0x08A2, 0x4102, 0xCA02, 0xC9E1, 0xC9E1, 0xC9E1,
  0xC9E1, 0xCA01, 0xB1A1, 0x6901, 0xC1E2, 0xCA01, 0xC9E1, 0xC9E1, 0xC9E1, 0xC9E1, 0xC9E1, 0xC9E1,
  0xC9E1, 0xC9E1, 0xC9E1, 0xC9E1, 0xC9E1, 0xC9E1, 0xCA01, 0xB1A1, 0x8941, 0xC9E1, 0xC9E1, 0xC9E1,
  0xC9E1, 0xC9E1, 0xC9E1, 0xC9E1, 0xC9E1, 0xC9E1, 0xC9E1, 0xC9E1, 0xC9E1, 0xC9E1, 0xC1E1, 0xD201,
  0x99A2, 0x10A2, 0x10A2, 0x10A2, 0x10A2, 0x10A2, 0x10A2, 0x10A2, 0x10A2, 0x10A2, 0x10A2, 0x10A2,
  0x10A2, 0x10C2, 0x0840, 0x0000, 0x0000, 0x0000, 0x0000, 0x0000, 0x0000, 0x0000, 0x0000, 0x0000,
  0x0000, 0x0000, 0x0000, 0x0000, 0x0000, 0x0000, 0x0000, 0x0000, 0x0000, 0x0840, 0x18C2, 0x10A2,
  0x10A2, 0x10A2, 0x10A2, 0x10A2, 0x10A2, 0x10C2, 0x10A2, 0x10A2, 0x10A2, 0x10A2, 0x10A2, 0x10C2,
  0x10C2, 0x10C2, 0x10C2, 0x10C2, 0x10C2, 0x10C2, 0x10C2, 0x10A2, 0x10A2, 0x10A2, 0x10A2, 0x10A2,
  0x10A2, 0x10A2, 0x10C2, 0x10C2, 0x10C2, 0x10C2, 0x10C2, 0x10C2, 0x10C2, 0x10C2, 0x10A2, 0x10C2,
  0x10A2, 0x10C2, 0x10C2, 0x10C2, 0x10C2, 0x10A2, 0x10A2, 0x10A2, 0x10A2, 0x10A2, 0x10A2, 0x10A2,
  0x10A2, 0x10A2, 0x10A2, 0x10A2, 0x10A2, 0x10A2, 0x10C2, 0x10C2, 0x10C2, 0x10C2, 0x10C2, 0x10C2,
  0x10C2, 0x10C2, 0x10C2, 0x10C2, 0x10C2, 0x10C2, 0x10A2, 0x10A2, 0x10A2, 0x10C2, 0x10C2, 0x10C2,
  0x10C2, 0x10C2, 0x10C2, 0x10C2, 0x10C2, 0x10C2, 0x10C2, 0x10C2, 0x10C2, 0x10C2, 0x10C2, 0x10C2,
  0x10C2, 0x10C2, 0x10C2, 0x10C2, 0x10C2, 0x10C2, 0x10C2, 0x10C2, 0x10C2, 0x10C2, 0x10C2, 0x10C2,
  0x10C2, 0x10C2, 0x10C2, 0x10C2, 0x10C2, 0x10C2, 0x10C2, 0x10C2, 0x10C2, 0x10C2, 0x10C2, 0x10C2,
  0x10C2, 0x10A2, 0x10A2, 0x10A2, 0x10C2, 0x10A2, 0x10A2, 0x10C2, 0x10C2, 0x10C2, 0x10C2, 0x10C2,
  0x10C2, 0x10C2, 0x10C2, 0x10C2, 0x10C2, 0x10C2, 0x18C2, 0x10C2, 0x10C2, 0x10C2, 0x10C2, 0x10C2,
  0x10C2, 0x10C2, 0x10C2, 0x10C2, 0x10A2, 0x10A2, 0x10A2, 0x10A2, 0x10A2, 0x10A2, 0x10A2, 0x10A2,
  0x10A2, 0x10A2, 0x10C2, 0x10C2, 0x10C2, 0x10C2, 0x10C2, 0x10C2, 0x10C2, 0x10C2, 0x10C2, 0x10C2,
  0x10C2, 0x10C2, 0x10C2, 0x10C2, 0x10C2, 0x18C2, 0x10A2, 0x28C2, 0xB9E1, 0xC9E1, 0xC9E1, 0xC9E1,
  0xC9E1, 0xC9E1, 0xCA02, 0xCA02, 0xCA01, 0xC9E1, 0xC9E1, 0xC9E1, 0xC9E1, 0xC9E1, 0xC9E1, 0xC9E1,
  0xC9E1, 0xC9E1, 0xC9E1, 0xC9E1, 0xC9E1, 0xC9E1, 0xCA01, 0xA181, 0x7101, 0xC1E1, 0xCA01, 0xC9E1,
  0xC9E1, 0xC9E1, 0xC9E1, 0xC9E1, 0xC9E1, 0xC9E1, 0xC9E1, 0xC9E1, 0xC9E1, 0xC9E1, 0xC9E1, 0xC1E1,
  0xD201, 0x6142, 0x08A2, 0x18C2, 0x10A2, 0x10A2, 0x10A2, 0x10A2, 0x10A2, 0x10A2, 0x10A2, 0x10A2,
  0x10A2, 0x10A2, 0x0840, 0x0000, 0x0000, 0x0000, 0x0000, 0x0000, 0x0000, 0x0000, 0x0000, 0x0000,
  0x0000, 0x0000, 0x0000, 0x0000, 0x0000, 0x0000, 0x0000, 0x0000, 0x0000, 0x0840, 0x18C2, 0x10A2,
  0x10A2, 0x10A2, 0x10A2, 0x10A2, 0x10A2, 0x10A2, 0x10A2, 0x10A2, 0x10A2, 0x10A2, 0x10A2, 0x10A2,
  0x10C2, 0x10C2, 0x10C2, 0x10C2, 0x10C2, 0x10C2, 0x10C2, 0x10A2, 0x10A2, 0x10A2, 0x10A2, 0x10A2,
  0x10A2, 0x10A2, 0x10A2, 0x10A2, 0x10C2, 0x10C2, 0x10C2, 0x10A2, 0x10A2, 0x10A2, 0x10C2, 0x10C2,
  0x10C2, 0x10C2, 0x10C2, 0x10C2, 0x10C2, 0x10A2, 0x10A2, 0x10A2, 0x10A2, 0x10A2, 0x10A2, 0x10A2,
  0x10A2, 0x10A2, 0x10A2, 0x10A2, 0x10A2, 0x10C2, 0x10C2, 0x10C2, 0x10C2, 0x10C2, 0x10C2, 0x10C2,
  0x10C2, 0x10C2, 0x10C2, 0x10C2, 0x10C2, 0x10C2, 0x10A2, 0x10A2, 0x10C2, 0x10C2, 0x10C2, 0x10C2,
  0x10C2, 0x10C2, 0x10C2, 0x10C2, 0x10C2, 0x10C2, 0x10C2, 0x10C2, 0x10C2, 0x10C2, 0x10C2, 0x10C2,
  0x10C2, 0x10C2, 0x10C2, 0x10C2, 0x10C2, 0x10C2, 0x10C2, 0x10C2, 0x10C2, 0x10C2, 0x10C2, 0x10C2,
  0x10C2, 0x10C2, 0x10C2, 0x10C2, 0x10C2, 0x10C2, 0x10C2, 0x10C2, 0x10C2, 0x10C2, 0x10C2, 0x10C2,
  0x10C2, 0x10C2, 0x10A2, 0x10A2, 0x10C2, 0x10C2, 0x10C2, 0x10C2, 0x10A2, 0x10A2, 0x10C2, 0x10C2,
  0x10C2, 0x10C2, 0x10C2, 0x18C2, 0x10C2, 0x10C2, 0x18C2, 0x10C2, 0x10C2, 0x10C2, 0x10C2, 0x10C2,
  0x10C2, 0x10C2, 0x10C2, 0x10C2, 0x10C2, 0x10C2, 0x10A2, 0x10A2, 0x10A2, 0x10A2, 0x10A2, 0x10A2,
  0x10A2, 0x10C2, 0x10C2, 0x10C2, 0x10C2, 0x10C2, 0x10C2, 0x10C2, 0x10C2, 0x10C2, 0x10C2, 0x10C2,
  0x10C2, 0x10C2, 0x10C2, 0x10C2, 0x10C2, 0x18C2, 0x10A2, 0x18A2, 0xA9C2, 0xD201, 0xC9E1, 0xC9E1,
  0xC9E1, 0xCA01, 0x7901, 0xB1A1, 0xCA01, 0xC9E1, 0xC9E1, 0xC9E1, 0xC9E1, 0xC9E1, 0xC9E1, 0xC9E1,
  0xC9E1, 0xC9E1, 0xC9E1, 0xC9E1, 0xC9E1, 0xC9E1, 0xC9E1, 0xCA01, 0xCA02, 0xD202, 0xCA01, 0xC9E1,
  0xC9E1, 0xC9E1, 0xC9E1, 0xC9E1, 0xC9E1, 0xC9E1, 0xC9E1, 0xC9E1, 0xC9E1, 0xC9E1, 0xC9E1, 0xC9E1,
  0xCA01, 0xB9E2, 0x28C2, 0x10A2, 0x18A2, 0x10C2, 0x10A2, 0x10A2, 0x10A2, 0x10A2, 0x10A2, 0x10A2,
  0x10A2, 0x10A2, 0x0840, 0x0000, 0x0000, 0x0000, 0x0000, 0x0000, 0x0000, 0x0000, 0x0000, 0x0000,
  0x0000, 0x0000, 0x0000, 0x0000, 0x0000, 0x0000, 0x0000, 0x0000, 0x0000, 0x0840, 0x10C2, 0x10A2,
  0x10A2, 0x10A2, 0x10A2, 0x10A2, 0x10A2, 0x10A2, 0x10A2, 0x10A2, 0x10A2, 0x10A2, 0x10A2, 0x10A2,
  0x10A2, 0x10A2, 0x10A2, 0x10A2, 0x10C2, 0x10C2, 0x10C2, 0x10C2, 0x10C2, 0x10C2, 0x10C2, 0x10A2,
  0x10A2, 0x10A2, 0x10A2, 0x10A2, 0x10A2, 0x10C2, 0x10C2, 0x10C2, 0x10C2, 0x10C2, 0x10C2, 0x10C2,
  0x10C2, 0x10C2, 0x10C2, 0x10C2, 0x10C2, 0x10C2, 0x10C2, 0x10C2, 0x10C2, 0x10A2, 0x10A2, 0x10A2,
  0x10A2, 0x10A2, 0x10A2, 0x10A2, 0x10A2, 0x10A2, 0x10C2, 0x10C2, 0x10C2, 0x10C2, 0x10C2, 0x10C2,
  0x10C2, 0x10C2, 0x10C2, 0x10C2, 0x10A2, 0x10A2, 0x10A2, 0x10C2, 0x10C2, 0x10C2, 0x10C2, 0x10C2,
  0x10C2, 0x10C2, 0x10C2, 0x10C2, 0x10C2, 0x10C2, 0x10C2, 0x10C2, 0x10C2, 0x10C2, 0x10C2, 0x10C2,
  0x10C2, 0x10C2, 0x10C2, 0x10C2, 0x10C2, 0x10C2, 0x10C2, 0x10C2, 0x10C2, 0x10C2, 0x10C2, 0x10C2,
  0x10C2, 0x10C2, 0x10C2, 0x10C2, 0x10C2, 0x10C2, 0x10C2, 0x10C2, 0x10C2, 0x10C2, 0x10C2, 0x10C2,
  0x10A2, 0x10A2, 0x10A2, 0x10A2, 0x10A2, 0x10A2, 0x10A2, 0x10A2, 0x10C2, 0x10C2, 0x10C2, 0x10C2,
  0x10C2, 0x10C2, 0x10C2, 0x10C2, 0x10C2, 0x10C2, 0x10C2, 0x10C2, 0x10C2, 0x10C2, 0x10C2, 0x10C2,
  0x10C2, 0x10C2, 0x10C2, 0x10C2, 0x10C2, 0x10C2, 0x10C2, 0x10A2, 0x10A2, 0x10A2, 0x10A2, 0x10A2,
  0x10C2, 0x10C2, 0x10C2, 0x10C2, 0x10C2, 0x10C2, 0x10C2, 0x10C2, 0x10C2, 0x10C2, 0x10C2, 0x10C2,
  0x10C2, 0x10C2, 0x10C2, 0x10C2, 0x10C2, 0x10C2, 0x18C2, 0x10A2, 0x9182, 0xD201, 0xC1E1, 0xC9E1,
  0xC9E2, 0xCA02, 0xA9A1, 0xB9C1, 0xCA01, 0xC9E1, 0xC9E1, 0xC9E1, 0xC9E1, 0xC9E1, 0xC9E1, 0xC9E1,
  0xC9E1, 0xC9E1, 0xC9E1, 0xC9E1, 0xC9E1, 0xC9E1, 0xC9E1, 0xCA01, 0xB1C1, 0x8941, 0xC9E1, 0xCA01,
  0xC9E1, 0xC9E1, 0xC9E1, 0xC9E1, 0xC9E1, 0xC9E1, 0xC9E1, 0xC9E1, 0xC9E1, 0xC9E1, 0xC9E1, 0xC9E1,
  0xC1E1, 0xD201, 0x8182, 0x0882, 0x18A2, 0x10A2, 0x10A2, 0x10A2, 0x10A2, 0x10A2, 0x10A2, 0x10A2,
  0x10A2, 0x10A2, 0x0020, 0x0000, 0x0000, 0x0000, 0x0000, 0x0000, 0x0000, 0x0000, 0x0000, 0x0000,
  0x0000, 0x0000, 0x0000, 0x0000, 0x0000, 0x0000, 0x0000, 0x0000, 0x0000, 0x0020, 0x10A2, 0x10A2,
  0x10A2, 0x10A2, 0x10A2, 0x10A2, 0x10A2, 0x10A2, 0x10A2, 0x10A2, 0x10A2, 0x10A2, 0x10A2, 0x10A2,
  0x10A2, 0x10A2, 0x10A2, 0x10A2, 0x10A2, 0x10A2, 0x10A2, 0x10A2, 0x10A2, 0x10A2, 0x10A2, 0x10A2,
  0x10A2, 0x10A2, 0x10A2, 0x10A2, 0x10A2, 0x10C2, 0x10C2, 0x10C2, 0x10C2, 0x10C2, 0x10C2, 0x10C2,
  0x10C2, 0x10C2, 0x10C2, 0x10C2, 0x10C2, 0x10C2, 0x10C2, 0x10C2, 0x10A2, 0x10A2, 0x10A2, 0x10A2,
  0x10C2, 0x10A2, 0x10A2, 0x10A2, 0x10A2, 0x10A2, 0x10A2, 0x10C2, 0x10C2, 0x10C2, 0x10C2, 0x10C2,
  0x10C2, 0x10A2, 0x10A2, 0x10A2, 0x10C2, 0x10C2, 0x10C2, 0x10C2, 0x10C2, 0x10C2, 0x10C2, 0x10C2,
  0x10C2, 0x10C2, 0x10C2, 0x10C2, 0x10C2, 0x10A2, 0x10C2, 0x10C2, 0x10C2, 0x10C2, 0x10C2, 0x10C2,
  0x10C2, 0x10C2, 0x10C2, 0x10C2, 0x10C2, 0x10C2, 0x10C2, 0x10C2, 0x10C2, 0x10C2, 0x10C2, 0x10C2,
  0x10C2, 0x10C2, 0x10C2, 0x10C2, 0x10C2, 0x10C2, 0x10C2, 0x10C2, 0x10C2, 0x10C2, 0x10C2, 0x10C2,
  0x10C2, 0x10A2, 0x10A2, 0x10A2, 0x10C2, 0x10C2, 0x10A2, 0x10A2, 0x10C2, 0x10C2, 0x10C2, 0x10C2,
  0x10C2, 0x10C2, 0x10C2, 0x10C2, 0x10C2, 0x10C2, 0x10C2, 0x10C2, 0x10C2, 0x10C2, 0x10C2, 0x10C2,
  0x10C2, 0x10C2, 0x10C2, 0x10C2, 0x10C2, 0x10C2, 0x10C2, 0x10A2, 0x10A2, 0x10A2, 0x10C2, 0x10C2,
  0x10A2, 0x10C2, 0x10C2, 0x10A2, 0x10A2, 0x10C2, 0x10C2, 0x10C2, 0x18C2, 0x10C2, 0x10C2, 0x10C2,
  0x10C2, 0x10C2, 0x10C2, 0x10C2, 0x10C2, 0x10C2, 0x18C2, 0x08A2, 0x7962, 0xD201, 0xC1E1, 0xC9E1,
  0xC9E1, 0xC9E1, 0xD201, 0xCA01, 0xC9E1, 0xC9E1, 0xC9E1, 0xC9E1, 0xC9E1, 0xC9E1, 0xC9E1, 0xC9E1,
  0xC9E1, 0xC9E1, 0xC9E1, 0xC9E1, 0xC9E1, 0xC9E1, 0xC9E1, 0xCA01, 0xB9C1, 0x9161, 0xC9E1, 0xC9E1,
  0xC9E1, 0xC9E1, 0xC9E1, 0xC9E1, 0xC9E1, 0xC9E1, 0xC9E1, 0xC9E1, 0xC9E1, 0xC9E1, 0xC9E1, 0xC9E1,
  0xC9E1, 0xC9E1, 0xCA02, 0x4101, 0x08A2, 0x18C2, 0x10A2, 0x10A2, 0x10A2, 0x10A2, 0x10A2, 0x10A2,
  0x10A2, 0x10A2, 0x0020, 0x0000, 0x0000, 0x0000, 0x0000, 0x0000, 0x0000, 0x0000, 0x0000, 0x0000,
  0x0000, 0x0000, 0x0000, 0x0000, 0x0000, 0x0000, 0x0000, 0x0000, 0x0000, 0x0020, 0x10A2, 0x10A2,
  0x10A2, 0x10A2, 0x10A2, 0x10A2, 0x10C2, 0x10A2, 0x10A2, 0x10A2, 0x10A2, 0x10A2, 0x10A2, 0x10A2,
  0x10A2, 0x10A2, 0x10A2, 0x10A2, 0x10A2, 0x10A2, 0x10A2, 0x10A2, 0x10A2, 0x10A2, 0x10A2, 0x10A2,
  0x10A2, 0x10A2, 0x10A2, 0x10A2, 0x10C2, 0x10C2, 0x10C2, 0x10C2, 0x10C2, 0x10C2, 0x10C2, 0x10C2,
  0x10C2, 0x10C2, 0x10C2, 0x10C2, 0x10C2, 0x10C2, 0x10C2, 0x10C2, 0x10A2, 0x10C2, 0x10A2, 0x10C2,
  0x10C2, 0x10C2, 0x10A2, 0x10A2, 0x10A2, 0x10A2, 0x10C2, 0x10C2, 0x10A2, 0x10A2, 0x10A2, 0x10C2,
  0x10C2, 0x10A2, 0x10A2, 0x10A2, 0x10C2, 0x10C2, 0x10C2, 0x10C2, 0x10C2, 0x10C2, 0x10C2, 0x10C2,
  0x10C2, 0x10C2, 0x10C2, 0x10C2, 0x10C2, 0x10A2, 0x10A2, 0x10C2, 0x10C2, 0x10C2, 0x10C2, 0x10C2,
  0x10C2, 0x10C2, 0x10C2, 0x10C2, 0x10C2, 0x10C2, 0x10C2, 0x10C2, 0x10C2, 0x10C2, 0x10C2, 0x10C2,
  0x10C2, 0x10C2, 0x10C2, 0x10C2, 0x10C2, 0x10C2, 0x10C2, 0x10C2, 0x10C2, 0x10C2, 0x10C2, 0x10C2,
  0x10C2, 0x10C2, 0x10A2, 0x10A2, 0x10C2, 0x10C2, 0x10A2, 0x10C2, 0x10C2, 0x10C2, 0x10C2, 0x10C2,
  0x10C2, 0x10C2, 0x10C2, 0x10C2, 0x10C2, 0x10C2, 0x10C2, 0x10C2, 0x10C2, 0x18C2, 0x10C2, 0x10C2,
  0x10C2, 0x10C2, 0x10C2, 0x10C2, 0x10C2, 0x10C2, 0x10C2, 0x10C2, 0x10A2, 0x10A2, 0x10C2, 0x10C2,
  0x10A2, 0x10A2, 0x10A2, 0x10A2, 0x10A2, 0x10C2, 0x10C2, 0x10C2, 0x18C2, 0x10C2, 0x10C2, 0x10C2,
  0x10C2, 0x10C2, 0x10C2, 0x10C2, 0x10C2, 0x10C2, 0x18C2, 0x08A2, 0x6142, 0xD202, 0xC1E1, 0xC9E1,
  0xC9E1, 0xCA01, 0xB9C1, 0xA9A1, 0xCA01, 0xC9E1, 0xC9E1, 0xCA01, 0xCA01, 0xC9E1, 0xC9E1, 0xC9E1,
  0xC9E1, 0xC9E1, 0xC9E1, 0xC9E1, 0xC9E1, 0xC9E1, 0xC9E1, 0xCA01, 0xCA01, 0xD201, 0xC9E1, 0xC9E1,
  0xC9E1, 0xC9E1, 0xC9E1, 0xD201, 0xCA01, 0xC9E1, 0xC9E1, 0xC9E1, 0xC9E1, 0xC9E1, 0xC9E1, 0xC9E1,
  0xC9E1, 0xC1E1, 0xCA01, 0xA1C1, 0x18A2, 0x10A2, 0x10A2, 0x10A2, 0x10A2, 0x10A2, 0x10A2, 0x10A2,
  0x10A2, 0x10A1, 0x0020, 0x0000, 0x0000, 0x0000, 0x0000, 0x0000, 0x0000, 0x0000, 0x0000, 0x0000,
  0x0000, 0x0000, 0x0000, 0x0000, 0x0000, 0x0000, 0x0000, 0x0000, 0x0000, 0x0000, 0x10A2, 0x10A2,
  0x10A2, 0x10A2, 0x10A2, 0x10A2, 0x10C2, 0x10A2, 0x10A2, 0x10A2, 0x10A2, 0x10A2, 0x10A2, 0x10A2,
  0x10A2, 0x10A2, 0x10A2, 0x10A2, 0x10A2, 0x10A2, 0x10A2, 0x10A2, 0x10A2, 0x10A2, 0x10A2, 0x10A2,
  0x10A2, 0x10A2, 0x10A2, 0x10A2, 0x10C2, 0x10C2, 0x10C2, 0x10C2, 0x10C2, 0x10C2, 0x10C2, 0x10C2,
  0x10C2, 0x10C2, 0x10C2, 0x10C2, 0x10C2, 0x10C2, 0x10C2, 0x10C2, 0x10C2, 0x10C2, 0x10A2, 0x10C2,
  0x10C2, 0x10C2, 0x10A2, 0x10A2, 0x10A2, 0x10A2, 0x10C2, 0x10C2, 0x10A2, 0x10A2, 0x10A2, 0x10C2,
  0x10C2, 0x10C2, 0x10C2, 0x10C2, 0x10C2, 0x10C2, 0x10C2, 0x10C2, 0x10C2, 0x10C2, 0x10C2, 0x10C2,
  0x10C2, 0x10C2, 0x10C2, 0x10C2, 0x10C2, 0x10A2, 0x10A2, 0x10C2, 0x10C2, 0x10C2, 0x10C2, 0x10C2,
  0x10C2, 0x10C2, 0x10C2, 0x10C2, 0x10C2, 0x10C2, 0x10C2, 0x10C2, 0x10C2, 0x10C2, 0x10C2, 0x10C2,
  0x10C2, 0x10C2, 0x10C2, 0x10C2, 0x10C2, 0x10C2, 0x10C2, 0x10C2, 0x10C2, 0x10C2, 0x10C2, 0x10C2,
  0x10C2, 0x10C2, 0x10C2, 0x10C2, 0x10C2, 0x10C2, 0x10C2, 0x10C2, 0x10C2, 0x10C2, 0x10C2, 0x10C2,
  0x10C2, 0x10C2, 0x10C2, 0x10C2, 0x10C2, 0x10C2, 0x10C2, 0x10C2, 0x10C2, 0x18C2, 0x10C2, 0x10C2,
  0x10C2, 0x10C2, 0x10C2, 0x10C2, 0x10C2, 0x10C2, 0x10C2, 0x10C2, 0x10A2, 0x10A2, 0x10C2, 0x10C2,
  0x10A2, 0x10A2, 0x10A2, 0x10C2, 0x10C2, 0x10C2, 0x10C2, 0x10C2, 0x10C2, 0x10C2, 0x10C2, 0x10C2,
  0x10C2, 0x10C2, 0x10C2, 0x10C2, 0x10C2, 0x10C2, 0x18C2, 0x08A2, 0x6142, 0xD201, 0xC1E1, 0xC9E1,
  0xC9E1, 0xC9E1, 0xC1E1, 0xC1E1, 0xC9E1, 0xC9E1, 0xCA01, 0xB9C1, 0xB1C1, 0xCA01, 0xC9E1, 0xC9E1,
  0xC9E1, 0xC9E1, 0xC9E1, 0xC9E1, 0xC9E1, 0xC9E1, 0xCA01, 0xC1E1, 0xA9A1, 0xCA01, 0xC9E1, 0xC9E1,
  0xC9E1, 0xC9E1, 0xCA01, 0x7962, 0xA9C2, 0xD201, 0xC1E1, 0xC9E1, 0xCA01, 0xCA01, 0xC9E1, 0xC9E1,
  0xC9E1, 0xC9E1, 0xC9E1, 0xD201, 0x6142, 0x08A2, 0x18C2, 0x10A2, 0x10A2, 0x10A2, 0x10A2, 0x10A2,
  0x10A2, 0x1081, 0x0000, 0x0000, 0x0000, 0x0000, 0x0000, 0x0000, 0x0000, 0x0000, 0x0000, 0x0000,
  0x0000, 0x0000, 0x0000, 0x0000, 0x0000, 0x0000, 0x0000, 0x0000, 0x0000, 0x0000, 0x1082, 0x10C2,
  0x10A2, 0x10A2, 0x10C2, 0x10C2, 0x10C2, 0x10C2, 0x10A2, 0x10A2, 0x10A2, 0x10A2, 0x10A2, 0x10A2,
  0x10C2, 0x10A2, 0x10A2, 0x10A2, 0x10A2, 0x10A2, 0x10A2, 0x10A2, 0x10A2, 0x10A2, 0x10A2, 0x10A2,
  0x10C2, 0x10C2, 0x10C2, 0x10C2, 0x10C2, 0x10C2, 0x10C2, 0x10C2, 0x10C2, 0x10C2, 0x10A2, 0x10A2,
  0x10A2, 0x10C2, 0x10C2, 0x10C2, 0x10C2, 0x10C2, 0x10C2, 0x10C2, 0x10C2, 0x10C2, 0x10A2, 0x10C2,
  0x10C2, 0x10C2, 0x10C2, 0x10A2, 0x10A2, 0x10A2, 0x10A2, 0x10A2, 0x10C2, 0x10C2, 0x10C2, 0x10C2,
  0x10C2, 0x10C2, 0x10C2, 0x10C2, 0x10C2, 0x10C2, 0x10C2, 0x10C2, 0x10A2, 0x10A2, 0x10C2, 0x10C2,
  0x10C2, 0x10C2, 0x10C2, 0x10C2, 0x10C2, 0x10A2, 0x10C2, 0x10C2, 0x10C2, 0x10C2, 0x10C2, 0x10C2,
  0x10C2, 0x10C2, 0x10C2, 0x10C2, 0x10C2, 0x10C2, 0x10C2, 0x10C2, 0x10C2, 0x10C2, 0x10C2, 0x10C2,
  0x10C2, 0x10C2, 0x10C2, 0x10C2, 0x10C2, 0x10C2, 0x10C2, 0x10C2, 0x10C2, 0x10C2, 0x10C2, 0x10C2,
  0x10C2, 0x10C2, 0x10C2, 0x10C2, 0x10C2, 0x10C2, 0x10C2, 0x10C2, 0x10C2, 0x10C2, 0x10C2, 0x10C2,
  0x10C2, 0x10C2, 0x10C2, 0x10C2, 0x10C2, 0x10C2, 0x10C2, 0x10C2, 0x10C2, 0x10C2, 0x10C2, 0x10C2,
  0x10C2, 0x10C2, 0x10C2, 0x10C2, 0x18C2, 0x10C2, 0x10C2, 0x10C2, 0x10C2, 0x10C2, 0x10C2, 0x10C2,
  0x10C2, 0x10C2, 0x10C2, 0x10C2, 0x10C2, 0x10C2, 0x10C2, 0x10C2, 0x10C2, 0x10C2, 0x10C2, 0x10C2,
  0x10C2, 0x10C2, 0x10C2, 0x10C2, 0x10C2, 0x10C2, 0x18C2, 0x08A2, 0x7162, 0xD201, 0xC1E1, 0xC9E1,
  0xC9E1, 0xC9E1, 0xC9E1, 0xCA01, 0xC9E1, 0xC9E1, 0xC9E1, 0xB9E1, 0xB9C1, 0xCA01, 0xC9E1, 0xC9E1,
  0xC9E1, 0xC9E1, 0xCA01, 0xCA01, 0xCA01, 0xC9E1, 0xC9E1, 0xC1E1, 0xB9C1, 0xCA01, 0xC9E1, 0xC9E1,
  0xC9E1, 0xCA01, 0xB1E1, 0x10A1, 0x30E2, 0xC1E1, 0xCA01, 0xCA01, 0xB9C1, 0xB9C1, 0xCA01, 0xC9E1,
  0xCA01, 0xC1E1, 0xA981, 0xCA01, 0xB9E1, 0x20C2, 0x10A2, 0x10A2, 0x10A2, 0x10A2, 0x10A2, 0x10A2,
  0x10A2, 0x1081, 0x0000, 0x0000, 0x0000, 0x0000, 0x0000, 0x0000, 0x0000, 0x0000, 0x0000, 0x0000,
  0x0000, 0x0000, 0x0000, 0x0000, 0x0000, 0x0000, 0x0000, 0x0000, 0x0000, 0x0000, 0x1081, 0x10C2,
  0x10A2, 0x10C2, 0x10A2, 0x10A2, 0x10C2, 0x10C2, 0x10C2, 0x10A2, 0x10C2, 0x10C2, 0x10C2, 0x10C2,
  0x10C2, 0x10C2, 0x10C2, 0x10C2, 0x10A2, 0x10A2, 0x10A2, 0x10A2, 0x10A2, 0x10A2, 0x10A2, 0x10A2,
  0x10A2, 0x10C2, 0x10C2, 0x10C2, 0x10C2, 0x10C2, 0x10A2, 0x10C2, 0x10C2, 0x10C2, 0x10C2, 0x10C2,
  0x10C2, 0x10A2, 0x10A2, 0x10A2, 0x10C2, 0x10C2, 0x10C2, 0x10C2, 0x10C2, 0x10C2, 0x10C2, 0x10C2,
  0x10A2, 0x10A2, 0x10A2, 0x10A2, 0x10A2, 0x10A2, 0x10C2, 0x10A2, 0x10A2, 0x10C2, 0x10C2, 0x10C2,
  0x10C2, 0x10C2, 0x10C2, 0x10C2, 0x10C2, 0x10C2, 0x10C2, 0x10C2, 0x10C2, 0x10C2, 0x10C2, 0x10C2,
  0x10C2, 0x10C2, 0x10C2, 0x10C2, 0x10C2, 0x10C2, 0x10C2, 0x10C2, 0x10C2, 0x10C2, 0x10C2, 0x10C2,
  0x10C2, 0x10C2, 0x10C2, 0x10C2, 0x10C2, 0x10C2, 0x10C2, 0x10C2, 0x10C2, 0x10C2, 0x10C2, 0x10C2,
  0x10C2, 0x10C2, 0x10C2, 0x10C2, 0x10C2, 0x10C2, 0x10C2, 0x10C2, 0x10C2, 0x10C2, 0x10C2, 0x10C2,
  0x10C2, 0x10C2, 0x10C2, 0x10C2, 0x10C2, 0x10C2, 0x10C2, 0x10C2, 0x10C2, 0x10C2, 0x10C2, 0x10C2,
  0x10C2, 0x10C2, 0x10C2, 0x10C2, 0x10C2, 0x10C2, 0x10C2, 0x18C2, 0x10C2, 0x10C2, 0x10C2, 0x10C2,
  0x10C2, 0x10C2, 0x18C2, 0x18C2, 0x10C2, 0x10C2, 0x10C2, 0x10C2, 0x10C2, 0x10C2, 0x10C2, 0x10C2,
  0x10C2, 0x10C2, 0x10A2, 0x10A2, 0x10C2, 0x10C2, 0x10C2, 0x10C2, 0x10C2, 0x10C2, 0x10C2, 0x10C2,
  0x10C2, 0x10C2, 0x10C2, 0x10C2, 0x10C2, 0x10C2, 0x18C2, 0x08A2, 0x8181, 0xD201, 0xC1E1, 0xC9E1,
  0xC9E1, 0xC9E1, 0xC9E1, 0xC9E1, 0xC9E1, 0xC9E1, 0xC9E1, 0xCA01, 0xD201, 0xC9E1, 0xC9E1, 0xC9E1,
  0xC9E1, 0xCA01, 0xB9E1, 0xB9C1, 0xCA01, 0xC9E1, 0xC9E1, 0xC9E1, 0xCA01, 0xC9E1, 0xC9E1, 0xC9E1,
  0xC1E1, 0xD201, 0x6942, 0x08A2, 0x08A2, 0x4902, 0xC201, 0xD201, 0x7921, 0x9161, 0xD201, 0xC1E1,
  0xCA01, 0xC9E1, 0xB9C2, 0xC201, 0xD201, 0x7961, 0x0882, 0x18A2, 0x10A2, 0x10A2, 0x10A2, 0x10A2,
  0x10A2, 0x1081, 0x0000, 0x0000, 0x0000, 0x0000, 0x0000, 0x0000, 0x0000, 0x0000, 0x0000, 0x0000,
  0x0000, 0x0000, 0x0000, 0x0000, 0x0000, 0x0000, 0x0000, 0x0000, 0x0000, 0x0020, 0x10A2, 0x10A2,
  0x10A2, 0x10A2, 0x10C2, 0x10A2, 0x10A2, 0x10C2, 0x10A2, 0x10A2, 0x10A2, 0x10A2, 0x10A2, 0x10C2,
  0x10C2, 0x10C2, 0x10C2, 0x10C2, 0x10C2, 0x10C2, 0x10C2, 0x10A2, 0x10A2, 0x10A2, 0x10A2, 0x10C2,
  0x10C2, 0x10C2, 0x10C2, 0x10C2, 0x10C2, 0x10C2, 0x10C2, 0x10C2, 0x10C2, 0x10C2, 0x10C2, 0x10C2,
  0x10C2, 0x10A2, 0x10A2, 0x10A2, 0x10A2, 0x10A2, 0x10A2, 0x10C2, 0x10A2, 0x10A2, 0x10C2, 0x10C2,
  0x10A2, 0x10A2, 0x10A2, 0x10A2, 0x10A2, 0x10C2, 0x10C2, 0x10C2, 0x10C2, 0x10C2, 0x10C2, 0x10C2,
  0x10C2, 0x10C2, 0x10C2, 0x10C2, 0x10C2, 0x10C2, 0x10C2, 0x10C2, 0x10C2, 0x10C2, 0x10C2, 0x10C2,
  0x10C2, 0x10C2, 0x10C2, 0x10C2, 0x10C2, 0x10C2, 0x10A2, 0x10C2, 0x10C2, 0x10C2, 0x10C2, 0x10C2,
  0x10C2, 0x10C2, 0x10C2, 0x10C2, 0x10C2, 0x10C2, 0x10C2, 0x10C2, 0x10C2, 0x10C2, 0x10C2, 0x10C2,
  0x10A2, 0x10C2, 0x10C2, 0x10C2, 0x10C2, 0x10C2, 0x10C2, 0x10C2, 0x10C2, 0x10C2, 0x10C2, 0x10C2,
  0x10C2, 0x10C2, 0x10C2, 0x10C2, 0x10C2, 0x10C2, 0x10C2, 0x10C2, 0x10C2, 0x10C2, 0x10C2, 0x10C2,
  0x10C2, 0x10C2, 0x10C2, 0x10C2, 0x10C2, 0x10C2, 0x10C2, 0x10C2, 0x10C2, 0x10C2, 0x10C2, 0x10C2,
  0x10C2, 0x10C2, 0x10C2, 0x10C2, 0x10C2, 0x10C2, 0x10C2, 0x10C2, 0x10C2, 0x10C2, 0x10C2, 0x10C2,
  0x10C2, 0x10C2, 0x10C2, 0x10C2, 0x10C2, 0x10C2, 0x10C2, 0x10C2, 0x10C2, 0x10C2, 0x10C2, 0x10C2,
  0x10C2, 0x10C2, 0x10C2, 0x10C2, 0x10C2, 0x10C2, 0x18C2, 0x08A2, 0x8982, 0xD201, 0xC1E1, 0xC9E1,
  0xC9E1, 0xC9E1, 0xC9E1, 0xC9E1, 0xC9E1, 0xC9E1, 0xC9E1, 0xC1E1, 0xB1A1, 0xCA01, 0xC9E1, 0xC9E1,
  0xC9E1, 0xCA01, 0xB9C1, 0xB9C1, 0xCA01, 0xC9E1, 0xC9E1, 0xC9E1, 0xC9E1, 0xC9E1, 0xC9E1, 0xC9E1,
  0xCA01, 0xB9E2, 0x28C1, 0x10A2, 0x18C2, 0x0882, 0x5922, 0xCA02, 0xC1E1, 0xC1E1, 0xC9E1, 0xC9E1,
  0xC9E1, 0xC9E1, 0xCA01, 0xC9E1, 0xC9E1, 0xC1E2, 0x30E2, 0x10A2, 0x10A2, 0x10A2, 0x10A2, 0x10A2,
  0x10A2, 0x1082, 0x0020, 0x0000, 0x0000, 0x0000, 0x0000, 0x0000, 0x0000, 0x0000, 0x0000, 0x0000,
  0x0000, 0x0000, 0x0000, 0x0000, 0x0000, 0x0000, 0x0000, 0x0000, 0x0000, 0x0020, 0x10A2, 0x10A2,
  0x10A2, 0x10C2, 0x10A2, 0x10A2, 0x10A2, 0x10A2, 0x10A2, 0x10A2, 0x10C2, 0x10C2, 0x10C2, 0x10C2,
  0x10C2, 0x10C2, 0x10A2, 0x10A2, 0x10A2, 0x10A2, 0x10C2, 0x10C2, 0x10C2, 0x10C2, 0x10C2, 0x10C2,
  0x10C2, 0x10C2, 0x10C2, 0x10C2, 0x10C2, 0x10C2, 0x10C2, 0x10C2, 0x10C2, 0x10C2, 0x10C2, 0x10C2,
  0x10A2, 0x10A2, 0x10C2, 0x10C2, 0x10A2, 0x10A2, 0x10A2, 0x10C2, 0x10C2, 0x10C2, 0x10A2, 0x10A2,
  0x10A2, 0x10C2, 0x10C2, 0x10C2, 0x10A2, 0x10C2, 0x10C2, 0x10C2, 0x10C2, 0x10C2, 0x10C2, 0x10C2,
  0x10C2, 0x10C2, 0x10C2, 0x10C2, 0x10C2, 0x10C2, 0x10C2, 0x10C2, 0x10A2, 0x10A2, 0x10C2, 0x10C2,
  0x10C2, 0x10C2, 0x10C2, 0x10C2, 0x10C2, 0x10C2, 0x10C2, 0x10C2, 0x10C2, 0x10C2, 0x10C2, 0x10C2,
  0x10C2, 0x10C2, 0x10C2, 0x10C2, 0x10C2, 0x10C2, 0x10C2, 0x10C2, 0x10C2, 0x10C2, 0x10C2, 0x10C2,
  0x10C2, 0x10C2, 0x10C2, 0x10C2, 0x10C2, 0x10C2, 0x10C2, 0x10C2, 0x10C2, 0x10C2, 0x10C2, 0x10C2,
  0x10C2, 0x10C2, 0x10C2, 0x10C2, 0x10C2, 0x10C2, 0x18C2, 0x10C2, 0x10C2, 0x10C2, 0x10C2, 0x10C2,
  0x10C2, 0x10C2, 0x10C2, 0x10C2, 0x10C2, 0x10C2, 0x10C2, 0x10C2, 0x18C2, 0x10C2, 0x10C2, 0x10C2,
  0x10C2, 0x10C2, 0x10C2, 0x10C2, 0x10C2, 0x10C2, 0x10C2, 0x10C2, 0x10C2, 0x10C2, 0x10C2, 0x10C2,
  0x10C2, 0x10C2, 0x10C2, 0x10C2, 0x10C2, 0x10C2, 0x10C2, 0x10C2, 0x10C2, 0x10C2, 0x10C2, 0x10C2,
  0x10C2, 0x10C2, 0x10C2, 0x10C2, 0x10C2, 0x10C2, 0x18C2, 0x08A2, 0x8982, 0xD201, 0xC1E1, 0xC9E1,
  0xC9E1, 0xCA01, 0xC9E1, 0xC9E1, 0xC9E1, 0xC9E1, 0xCA01, 0xB9C1, 0x8941, 0xC202, 0xC9E1, 0xC9E1,
  0xC9E1, 0xC9E1, 0xD201, 0xCA01, 0xC9E1, 0xC9E1, 0xC9E1, 0xC9E1, 0xC9E1, 0xC9E1, 0xC9E1, 0xC1E1,
  0xD201, 0x9182, 0x10A2, 0x18C2, 0x10A2, 0x18C2, 0x0082, 0x8162, 0xD201, 0xC9E1, 0xC9E1, 0xC9E1,
  0xC9E1, 0xC9E1, 0xC9E1, 0xC9E1, 0xC9E1, 0xD201, 0x7162, 0x08A2, 0x18C2, 0x10A2, 0x10A2, 0x10A2,
  0x10A2, 0x1082, 0x0020, 0x0000, 0x0000, 0x0000, 0x0000, 0x0000, 0x0000, 0x0000, 0x0000, 0x0000,
  0x0000, 0x0000, 0x0000, 0x0000, 0x0000, 0x0000, 0x0000, 0x0000, 0x0000, 0x0020, 0x1082, 0x10A2,
  0x10A2, 0x10C2, 0x10A2, 0x10A2, 0x10A2, 0x10A2, 0x10A2, 0x10A2, 0x10C2, 0x10C2, 0x10C2, 0x10C2,
  0x10C2, 0x10C2, 0x10A2, 0x10A2, 0x10A2, 0x10A2, 0x10A2, 0x10C2, 0x10C2, 0x10C2, 0x10C2, 0x10C2,
  0x10C2, 0x10C2, 0x10C2, 0x10C2, 0x10C2, 0x10C2, 0x10C2, 0x10C2, 0x10C2, 0x10C2, 0x10C2, 0x10C2,
  0x10A2, 0x10C2, 0x10C2, 0x10C2, 0x10C2, 0x10C2, 0x10C2, 0x10C2, 0x10C2, 0x10C2, 0x10A2, 0x10A2,
  0x10C2, 0x10C2, 0x10C2, 0x10C2, 0x10C2, 0x10C2, 0x10C2, 0x10C2, 0x10C2, 0x10C2, 0x10C2, 0x10C2,
  0x10C2, 0x10C2, 0x10C2, 0x10C2, 0x10C2, 0x18C2, 0x10C2, 0x10C2, 0x10A2, 0x10A2, 0x10C2, 0x10A2,
  0x10C2, 0x10C2, 0x10C2, 0x10C2, 0x10C2, 0x10C2, 0x10C2, 0x10C2, 0x10C2, 0x10C2, 0x10C2, 0x10C2,
  0x10C2, 0x10C2, 0x10C2, 0x10C2, 0x10C2, 0x10C2, 0x10C2, 0x10C2, 0x10C2, 0x10C2, 0x10C2, 0x10C2,
  0x10C2, 0x10C2, 0x10C2, 0x10C2, 0x10C2, 0x10C2, 0x10C2, 0x10C2, 0x10C2, 0x10C2, 0x10C2, 0x10C2,
  0x10C2, 0x10C2, 0x10C2, 0x10C2, 0x10C2, 0x10C2, 0x18C2, 0x10C2, 0x10C2, 0x10C2, 0x10C2, 0x10C2,
  0x10C2, 0x10C2, 0x10C2, 0x10C2, 0x10C2, 0x10C2, 0x10C2, 0x10C2, 0x18C2, 0x10C2, 0x10C2, 0x10C2,
  0x10C2, 0x10C2, 0x10C2, 0x10C2, 0x10C2, 0x10C2, 0x10C2, 0x10C2, 0x10C2, 0x10C2, 0x10C2, 0x10C2,
  0x10A2, 0x10A2, 0x10A2, 0x18C2, 0x10C2, 0x10C2, 0x10C2, 0x10C2, 0x10C2, 0x10C2, 0x10C2, 0x10C2,
  0x10C2, 0x10C2, 0x10C2, 0x10C2, 0x10C2, 0x10C2, 0x18C2, 0x08A2, 0x8981, 0xD201, 0xC1E1, 0xC9E1,
  0xC9E1, 0xA9A1, 0xC1E1, 0xC9E1, 0xC9E1, 0xC9E1, 0xC9E1, 0xCA01, 0xCA02, 0xCA01, 0xC9E1, 0xC9E1,
  0xC9E1, 0xC1E1, 0x8141, 0xB9C1, 0xCA01, 0xC9E1, 0xC9E1, 0xC9E1, 0xC9E1, 0xC9E1, 0xC9E1, 0xC1E1,
  0xD201, 0x6142, 0x08A2, 0x18C2, 0x18A2, 0x08A2, 0x30E2, 0xB1C1, 0xCA01, 0xC9E1, 0xC9E1, 0xC9E1,
  0xC9E1, 0xC9E1, 0xC9E1, 0xC9E1, 0xB9C1, 0xD201, 0x99A1, 0x10A2, 0x10A2, 0x10A2, 0x10A2, 0x10A2,
  0x10A2, 0x1082, 0x0020, 0x0000, 0x0000, 0x0000, 0x0000, 0x0000, 0x0000, 0x0000, 0x0000, 0x0000,
  0x0000, 0x0000, 0x0000, 0x0000, 0x0000, 0x0000, 0x0000, 0x0000, 0x0000, 0x0020, 0x1082, 0x10A2,
  0x10A2, 0x10A2, 0x10A2, 0x10A2, 0x10A2, 0x10A2, 0x10A2, 0x10A2, 0x10C2, 0x10C2, 0x10C2, 0x10C2,
  0x10C2, 0x10C2, 0x10A2, 0x10A2, 0x10A2, 0x10A2, 0x10A2, 0x10C2, 0x10C2, 0x10C2, 0x10C2, 0x10C2,
  0x10C2, 0x10C2, 0x10C2, 0x10C2, 0x10C2, 0x10C2, 0x10C2, 0x10C2, 0x10C2, 0x10C2, 0x10C2, 0x10C2,
  0x10A2, 0x10C2, 0x10C2, 0x10C2, 0x10C2, 0x10C2, 0x10C2, 0x10C2, 0x10C2, 0x10C2, 0x10C2, 0x10A2,
  0x10C2, 0x10C2, 0x10C2, 0x10C2, 0x10C2, 0x10C2, 0x10C2, 0x10C2, 0x10C2, 0x10C2, 0x10C2, 0x10C2,
  0x10C2, 0x10C2, 0x10C2, 0x10C2, 0x10C2, 0x10C2, 0x10C2, 0x10C2, 0x10C2, 0x10C2, 0x10C2, 0x10A2,
  0x10C2, 0x10C2, 0x10C2, 0x10C2, 0x10C2, 0x10C2, 0x10C2, 0x10C2, 0x10C2, 0x10C2, 0x10C2, 0x10C2,
  0x10C2, 0x10C2, 0x10C2, 0x10C2, 0x10C2, 0x10C2, 0x10C2, 0x10C2, 0x10C2, 0x10C2, 0x10C2, 0x10C2,
  0x10C2, 0x10C2, 0x10C2, 0x10C2, 0x10C2, 0x10C2, 0x10C2, 0x10C2, 0x10C2, 0x10C2, 0x10C2, 0x10C2,
  0x10C2, 0x10C2, 0x10C2, 0x10C2, 0x10C2, 0x10C2, 0x10C2, 0x10C2, 0x10C2, 0x10C2, 0x10C2, 0x10C2,
  0x10C2, 0x10C2, 0x10C2, 0x10C2, 0x10C2, 0x10C2, 0x10C2, 0x10C2, 0x10C2, 0x10C2, 0x10C2, 0x10C2,
  0x10C2, 0x10C2, 0x10C2, 0x10C2, 0x10C2, 0x10C2, 0x10C2, 0x10C2, 0x10C2, 0x10C2, 0x10C2, 0x10C2,
  0x10A2, 0x10A2, 0x10A2, 0x18C2, 0x10C2, 0x10C2, 0x10C2, 0x10C2, 0x10C2, 0x10C2, 0x10C2, 0x10C2,
  0x10C2, 0x10C2, 0x10C2, 0x10C2, 0x10C2, 0x10C2, 0x18C2, 0x08A2, 0x8182, 0xD201, 0xC1E1, 0xC9E1,
  0xC9E1, 0xB9C1, 0xC9E1, 0xC9E1, 0xC9E1, 0xC9E1, 0xC9E1, 0xC9E1, 0xC9E1, 0xC9E1, 0xC9E1, 0xC9E1,
  0xCA02, 0xC1E2, 0x7101, 0xA9A1, 0xCA01, 0xC9E1, 0xC9E1, 0xC9E1, 0xC9E1, 0xC9E1, 0xC9E1, 0xC9E1,
  0xCA01, 0x40E1, 0x08A2, 0x18A2, 0x08A2, 0x28C1, 0xB1E2, 0xD201, 0xC1E1, 0xC9E1, 0xC9E1, 0xC9E1,
  0xC9E1, 0xC9E1, 0xCA01, 0xC1E1, 0x8121, 0xCA01, 0x8982, 0x08A2, 0x10A2, 0x10A2, 0x10A2, 0x10A2,
  0x10A2, 0x1082, 0x0020, 0x0000, 0x0000, 0x0000, 0x0000, 0x0000, 0x0000, 0x0000, 0x0000, 0x0000,
  0x0000, 0x0000, 0x0000, 0x0000, 0x0000, 0x0000, 0x0000, 0x0000, 0x0000, 0x0020, 0x10A2, 0x10A2,
  0x10A2, 0x10A2, 0x10A2, 0x10A2, 0x10A2, 0x10A2, 0x10A2, 0x10C2, 0x10C2, 0x10C2, 0x10C2, 0x10C2,
  0x10C2, 0x10C2, 0x10C2, 0x10C2, 0x10A2, 0x10A2, 0x10A2, 0x10C2, 0x10C2, 0x10C2, 0x10C2, 0x10C2,
  0x10C2, 0x10C2, 0x10C2, 0x10C2, 0x10C2, 0x10A2, 0x10C2, 0x10C2, 0x10C2, 0x10C2, 0x10C2, 0x10C2,
  0x10C2, 0x10C2, 0x10C2, 0x10C2, 0x10C2, 0x10C2, 0x10C2, 0x10C2, 0x10C2, 0x10C2, 0x10C2, 0x10C2,
  0x10C2, 0x10C2, 0x10C2, 0x10C2, 0x10C2, 0x10C2, 0x10C2, 0x10C2, 0x10C2, 0x10C2, 0x10C2, 0x10C2,
  0x10C2, 0x10C2, 0x10C2, 0x10C2, 0x10C2, 0x10C2, 0x10C2, 0x10C2, 0x10C2, 0x10C2, 0x10C2, 0x10C2,
  0x10C2, 0x18C2, 0x18C2, 0x10C2, 0x10C2, 0x10C2, 0x10C2, 0x10C2, 0x10C2, 0x10C2, 0x10C2, 0x10C2,
  0x10C2, 0x10C2, 0x10C2, 0x10C2, 0x10C2, 0x10C2, 0x10C2, 0x10C2, 0x10C2, 0x10C2, 0x10C2, 0x10C2,
  0x10C2, 0x10C2, 0x10C2, 0x10C2, 0x10C2, 0x10C2, 0x10C2, 0x10C2, 0x10C2, 0x10C2, 0x10C2, 0x10C2,
  0x10C2, 0x10C2, 0x18C2, 0x10C2, 0x10C2, 0x10C2, 0x10C2, 0x10C2, 0x10C2, 0x10C2, 0x10C2, 0x10C2,
  0x10C2, 0x10C2, 0x10C2, 0x10C2, 0x10C2, 0x10C2, 0x10C2, 0x10C2, 0x10C2, 0x10C2, 0x10C2, 0x10C2,
  0x10C2, 0x10C2, 0x10C2, 0x10C2, 0x10C2, 0x10C2, 0x10C2, 0x10C2, 0x10C2, 0x10C2, 0x10C2, 0x10C2,
  0x10C2, 0x10C2, 0x10C2, 0x10C2, 0x10C2, 0x10C2, 0x10C2, 0x10C2, 0x10C2, 0x10C2, 0x10C2, 0x10C2,
  0x10C2, 0x10C2, 0x10C2, 0x10C2, 0x10C2, 0x10C2, 0x18C2, 0x08A2, 0x7962, 0xD201, 0xC1E1, 0xC9E1,
  0xCA01, 0xCA01, 0xC9E1, 0xC9E1, 0xC9E1, 0xC9E1, 0xC9E1, 0xC9E1, 0xC9E1, 0xC9E1, 0xC9E1, 0xC9E1,
  0xCA01, 0xC9E1, 0xCA02, 0xCA01, 0xC9E1, 0xC9E1, 0xC9E1, 0xC9E1, 0xC9E1, 0xCA01, 0xC9E1, 0xCA01,
  0xB9E2, 0x28C2, 0x10A2, 0x10A2, 0x28C1, 0xB1C2, 0xD201, 0xC9E1, 0xCA01, 0xC9E1, 0xC9E1, 0xC9E1,
  0xCA01, 0xC9E1, 0xC9E1, 0xC9E1, 0xC1E1, 0xD201, 0x5122, 0x08A2, 0x18C2, 0x10A2, 0x10A2, 0x10A2,
  0x10A2, 0x1082, 0x0020, 0x0000, 0x0000, 0x0000, 0x0000, 0x0000, 0x0000, 0x0000, 0x0000, 0x0000,
  0x0000, 0x0000, 0x0000, 0x0000, 0x0000, 0x0000, 0x0000, 0x0000, 0x0000, 0x0000, 0x0841, 0x10A2,
  0x10A2, 0x10A2, 0x10C2, 0x10C2, 0x10C2, 0x10C2, 0x10A2, 0x10C2, 0x10C2, 0x10C2, 0x10C2, 0x10C2,
  0x10C2, 0x10C2, 0x10C2, 0x10C2, 0x10C2, 0x10A2, 0x10A2, 0x10C2, 0x10C2, 0x10C2, 0x10C2, 0x10C2,
  0x10C2, 0x10C2, 0x10A2, 0x10A2, 0x10A2, 0x10A2, 0x10A2, 0x10A2, 0x10C2, 0x10C2, 0x10C2, 0x10C2,
  0x10C2, 0x10C2, 0x10C2, 0x10C2, 0x10C2, 0x10C2, 0x10C2, 0x10C2, 0x10C2, 0x10C2, 0x10C2, 0x10C2,
  0x10C2, 0x10C2, 0x10C2, 0x10C2, 0x10C2, 0x10C2, 0x10C2, 0x10C2, 0x10C2, 0x10C2, 0x10C2, 0x10C2,
  0x10C2, 0x10C2, 0x10C2, 0x10C2, 0x10C2, 0x10C2, 0x10C2, 0x10C2, 0x10C2, 0x10C2, 0x10C2, 0x10C2,
  0x10C2, 0x10C2, 0x10C2, 0x10C2, 0x10C2, 0x10C2, 0x10C2, 0x10C2, 0x10C2, 0x10C2, 0x10C2, 0x10C2,
  0x10C2, 0x10C2, 0x10C2, 0x10C2, 0x10C2, 0x10C2, 0x10C2, 0x10C2, 0x10C2, 0x10C2, 0x10C2, 0x10C2,
  0x10C2, 0x10C2, 0x10C2, 0x10C2, 0x10C2, 0x10C2, 0x10C2, 0x10C2, 0x10C2, 0x10C2, 0x10C2, 0x10C2,
  0x10C2, 0x10C2, 0x10C2, 0x10C2, 0x10C2, 0x10C2, 0x10C2, 0x10C2, 0x10C2, 0x10C2, 0x10C2, 0x10C2,
  0x10C2, 0x10C2, 0x10C2, 0x10C2, 0x10C2, 0x10C2, 0x10C2, 0x10C2, 0x10C2, 0x10C2, 0x10C2, 0x10C2,
  0x10C2, 0x10C2, 0x10C2, 0x10C2, 0x10C2, 0x10C2, 0x10C2, 0x10C2, 0x10C2, 0x10C2, 0x10C2, 0x10C2,
  0x10C2, 0x10C2, 0x10C2, 0x10C2, 0x10C2, 0x10C2, 0x10C2, 0x10C2, 0x10C2, 0x10C2, 0x10C2, 0x10C2,
  0x10C2, 0x10C2, 0x10C2, 0x10C2, 0x10C2, 0x10C2, 0x18C2, 0x08A2, 0x7162, 0xD201, 0xC1E1, 0xC9E1,
  0xC9E1, 0xC9E1, 0xC1E2, 0xCA01, 0xCA01, 0xC9E1, 0xC9E1, 0xC9E1, 0xC9E1, 0xC9E1, 0xC9E1, 0xC9E1,
  0xC9E1, 0xC9E1, 0xC9E1, 0xC9E1, 0xC9E1, 0xC9E1, 0xC9E1, 0xC9E1, 0xC9E1, 0xB9E1, 0xC9E1, 0xCA02,
  0xA9C2, 0x18C2, 0x08A2, 0x20C2, 0xA9C1, 0xD201, 0xC9E1, 0xC1E1, 0xB9E1, 0xCA01, 0xC9E1, 0xC1E1,
  0xA9A1, 0xCA01, 0xC9E1, 0xC1E1, 0xDA01, 0x9181, 0x10A2, 0x10A2, 0x10A2, 0x10A2, 0x10A2, 0x10A2,
  0x10A2, 0x0841, 0x0000, 0x0000, 0x0000, 0x0000, 0x0000, 0x0000, 0x0000, 0x0000, 0x0000, 0x0000,
  0x0000, 0x0000, 0x0000, 0x0000, 0x0000, 0x0000, 0x0000, 0x0000, 0x0000, 0x0000, 0x0000, 0x1081,
  0x10C2, 0x10A2, 0x10A2, 0x10A2, 0x10A2, 0x10C2, 0x10C2, 0x10C2, 0x10C2, 0x10C2, 0x10C2, 0x10C2,
  0x10A2, 0x10A2, 0x10A2, 0x10A2, 0x10A2, 0x10A2, 0x10C2, 0x10C2, 0x10C2, 0x10C2, 0x10C2, 0x10C2,
  0x10C2, 0x10C2, 0x10C2, 0x10C2, 0x10A2, 0x10A2, 0x10C2, 0x10C2, 0x10C2, 0x10C2, 0x10C2, 0x10C2,
  0x10C2, 0x10C2, 0x10C2, 0x10C2, 0x10C2, 0x10C2, 0x10C2, 0x10C2, 0x10C2, 0x10C2, 0x10C2, 0x10C2,
  0x10C2, 0x10C2, 0x10C2, 0x10C2, 0x10C2, 0x10C2, 0x10C2, 0x10C2, 0x10C2, 0x10C2, 0x10C2, 0x10C2,
  0x18C2, 0x10C2, 0x10C2, 0x10C2, 0x10C2, 0x10C2, 0x10C2, 0x10C2, 0x10C2, 0x10C2, 0x10C2, 0x10C2,
  0x10C2, 0x10C2, 0x10C2, 0x18C2, 0x10C2, 0x10C2, 0x10C2, 0x10C2, 0x10C2, 0x10C2, 0x10C2, 0x10C2,
  0x10C2, 0x10C2, 0x10C2, 0x10C2, 0x10C2, 0x10C2, 0x10C2, 0x10C2, 0x10C2, 0x10C2, 0x10C2, 0x10C2,
  0x10C2, 0x10C2, 0x10C2, 0x10C2, 0x10C2, 0x10C2, 0x10C2, 0x10C2, 0x10C2, 0x10C2, 0x10C2, 0x10C2,
  0x10C2, 0x10C2, 0x10C2, 0x10C2, 0x10C2, 0x10C2, 0x10C2, 0x10C2, 0x10C2, 0x10C2, 0x10A2, 0x10C2,
  0x10C2, 0x10C2, 0x10A2, 0x10A2, 0x10A2, 0x10A2, 0x10C2, 0x10C2, 0x10C2, 0x10C2, 0x10C2, 0x10C2,
  0x10C2, 0x10C2, 0x10C2, 0x10C2, 0x10C2, 0x10C2, 0x10C2, 0x10C2, 0x10C2, 0x10C2, 0x10C2, 0x10C2,
  0x10C2, 0x10C2, 0x10C2, 0x10C2, 0x10C2, 0x10C2, 0x10C2, 0x10C2, 0x10C2, 0x10C2, 0x10C2, 0x10C2,
  0x10C2, 0x10C2, 0x10C2, 0x10C2, 0x10C2, 0x10C2, 0x18C2, 0x08A2, 0x6942, 0xD201, 0xC1E1, 0xC9E1,
  0xD201, 0xA181, 0x68E0, 0xC1E1, 0xC9E1, 0xC9E1, 0xC9E1, 0xC9E1, 0xC9E1, 0xC9E1, 0xC9E1, 0xC9E1,
  0xC9E1, 0xC9E1, 0xCA01, 0xCA01, 0xC9E1, 0xC9E1, 0xC9E1, 0xCA01, 0xC1E1, 0x8121, 0xC1E2, 0xD201,
  0x99A1, 0x08A2, 0x20C1, 0xA1A2, 0xD201, 0xC1E1, 0xCA01, 0xB1A1, 0xA9A1, 0xCA01, 0xC9E1, 0xCA01,
  0xC1E1, 0xC9E1, 0xC9E1, 0xD201, 0x9181, 0x18A1, 0x10A2, 0x10A2, 0x10A2, 0x10A2, 0x10A2, 0x10C2,
  0x1081, 0x0000, 0x0000, 0x0000, 0x0000, 0x0000, 0x0000, 0x0000, 0x0000, 0x0000, 0x0000, 0x0000,
  0x0000, 0x0000, 0x0000, 0x0000, 0x0000, 0x0000, 0x0000, 0x0000, 0x0000, 0x0000, 0x0000, 0x1081,
  0x10C2, 0x10A2, 0x10C2, 0x10C2, 0x10A2, 0x10A2, 0x10C2, 0x10C2, 0x10C2, 0x10A2, 0x10A2, 0x10A2,
  0x10C2, 0x10A2, 0x10A2, 0x10A2, 0x10A2, 0x10A2, 0x10A2, 0x10C2, 0x10C2, 0x10C2, 0x10C2, 0x10C2,
  0x10C2, 0x10C2, 0x10C2, 0x10C2, 0x10C2, 0x10C2, 0x10C2, 0x10C2, 0x10C2, 0x10C2, 0x10C2, 0x10C2,
  0x10C2, 0x10C2, 0x10C2, 0x10C2, 0x10C2, 0x10C2, 0x10C2, 0x10C2, 0x10C2, 0x10C2, 0x10C2, 0x10C2,
  0x10C2, 0x10C2, 0x10C2, 0x10C2, 0x10C2, 0x10C2, 0x10C2, 0x10C2, 0x10C2, 0x10C2, 0x10C2, 0x10C2,
  0x10C2, 0x10C2, 0x10C2, 0x10C2, 0x10C2, 0x10C2, 0x10C2, 0x10C2, 0x10C2, 0x10C2, 0x10C2, 0x10C2,
  0x10C2, 0x10C2, 0x10C2, 0x10C2, 0x10C2, 0x10C2, 0x10C2, 0x10C2, 0x10C2, 0x10C2, 0x10C2, 0x10C2,
  0x10C2, 0x10C2, 0x10C2, 0x10C2, 0x10C2, 0x10C2, 0x10C2, 0x10C2, 0x10C2, 0x10C2, 0x10C2, 0x10C2,
  0x10C2, 0x10C2, 0x10C2, 0x10C2, 0x10C2, 0x10C2, 0x10C2, 0x10C2, 0x10C2, 0x10C2, 0x10C2, 0x10C2,
  0x10C2, 0x10C2, 0x10C2, 0x10C2, 0x10C2, 0x10C2, 0x10C2, 0x10C2, 0x10C2, 0x10C2, 0x10C2, 0x10C2,
  0x10C2, 0x10C2, 0x10C2, 0x10C2, 0x10C2, 0x10C2, 0x10C2, 0x10C2, 0x10C2, 0x10C2, 0x10C2, 0x10C2,
  0x10C2, 0x10C2, 0x10C2, 0x10C2, 0x10C2, 0x10C2, 0x10C2, 0x10C2, 0x10C2, 0x10C2, 0x10C2, 0x10C2,
  0x10C2, 0x10C2, 0x10C2, 0x10C2, 0x10C2, 0x10C2, 0x10C2, 0x10C2, 0x10C2, 0x10C2, 0x10C2, 0x10C2,
  0x10C2, 0x10C2, 0x10C2, 0x10C2, 0x10A2, 0x10C2, 0x18C2, 0x08A2, 0x5922, 0xD201, 0xC1E1, 0xC9E1,
  0xCA01, 0xB9C1, 0x9961, 0xC9E1, 0xC9E1, 0xC9E1, 0xC9E1, 0xC9E1, 0xC9E1, 0xC9E1, 0xC9E1, 0xC9E1,
  0xC9E1, 0xCA01, 0xA181, 0xA181, 0xCA01, 0xC9E1, 0xC9E1, 0xC9E1, 0xC9E1, 0xC1E1, 0xC1E1, 0xD201,
  0x8162, 0x10A2, 0xA1A2, 0xD201, 0xC1E1, 0xC9E1, 0xC9E1, 0xCA01, 0xCA01, 0xC9E1, 0xC9E1, 0xC9E1,
  0xC9E1, 0xD201, 0xC1E1, 0x6941, 0x10A2, 0x10A2, 0x10A2, 0x10A2, 0x10A2, 0x10A2, 0x10A2, 0x10C2,
  0x0861, 0x0000, 0x0000, 0x0000, 0x0000, 0x0000, 0x0000, 0x0000, 0x0000, 0x0000, 0x0000, 0x0000,
  0x0000, 0x0000, 0x0000, 0x0000, 0x0000, 0x0000, 0x0000, 0x0000, 0x0000, 0x0000, 0x0000, 0x0861,
  0x10C2, 0x10A2, 0x10C2, 0x10A2, 0x10C2, 0x10C2, 0x10A2, 0x10A2, 0x10C2, 0x10A2, 0x10A2, 0x10A2,
  0x10A2, 0x18C2, 0x18C2, 0x1082, 0x1082, 0x10A2, 0x10C2, 0x10C2, 0x10C2, 0x10C2, 0x10C2, 0x10C2,
  0x10C2, 0x10C2, 0x10C2, 0x10C2, 0x10C2, 0x10C2, 0x10C2, 0x10C2, 0x10C2, 0x10C2, 0x10C2, 0x10C2,
  0x10C2, 0x10C2, 0x10C2, 0x10C2, 0x10C2, 0x10C2, 0x10C2, 0x10C2, 0x10C2, 0x10C2, 0x10C2, 0x10C2,
  0x10C2, 0x10C2, 0x10C2, 0x10C2, 0x10C2, 0x10C2, 0x10C2, 0x10C2, 0x10C2, 0x10C2, 0x10C2, 0x10C2,
  0x10C2, 0x18C2, 0x10C2, 0x10C2, 0x10C2, 0x10C2, 0x10C2, 0x10C2, 0x10C2, 0x10C2, 0x10C2, 0x10C2,
  0x10C2, 0x10C2, 0x10C2, 0x10C2, 0x10C2, 0x10C2, 0x10C2, 0x10C2, 0x10C2, 0x10C2, 0x10C2, 0x10C2,
  0x10C2, 0x10C2, 0x10C2, 0x10C2, 0x10C2, 0x10C2, 0x10C2, 0x10C2, 0x10C2, 0x10C2, 0x10C2, 0x10C2,
  0x10C2, 0x10C2, 0x10C2, 0x10C2, 0x10C2, 0x10C2, 0x10C2, 0x10C2, 0x10C2, 0x10C2, 0x10C2, 0x10C2,
  0x10C2, 0x10C2, 0x10C2, 0x10C2, 0x10C2, 0x10C2, 0x10C2, 0x10C2, 0x10C2, 0x10C2, 0x10C2, 0x10C2,
  0x10C2, 0x10C2, 0x10C2, 0x10C2, 0x10C2, 0x10C2, 0x10C2, 0x10C2, 0x10C2, 0x10C2, 0x10C2, 0x10C2,
  0x10C2, 0x10C2, 0x10C2, 0x10C2, 0x10C2, 0x10C2, 0x10C2, 0x10C2, 0x10C2, 0x10C2, 0x10C2, 0x10C2,
  0x10C2, 0x10C2, 0x18C2, 0x10C2, 0x10C2, 0x10C2, 0x10C2, 0x10C2, 0x10C2, 0x10C2, 0x10C2, 0x10C2,
  0x10C2, 0x10C2, 0x10C2, 0x10C2, 0x10A2, 0x10C2, 0x18C2, 0x08A2, 0x5921, 0xD201, 0xC1E1, 0xC9E1,
  0xCA01, 0xCA01, 0xCA01, 0xCA01, 0xCA01, 0xC9E1, 0xC9E1, 0xC9E1, 0xC9E1, 0xC9E1, 0xC9E1, 0xC9E1,
  0xC9E1, 0xD202, 0x9961, 0x9961, 0xCA01, 0xC9E1, 0xC9E1, 0xC9E1, 0xC9E1, 0xC9E1, 0xC1E1, 0xD201,
  0x9181, 0x8982, 0xD201, 0xC1E1, 0xC9E1, 0xC9E1, 0xC9E1, 0xC9E1, 0xC9E1, 0xC9E1, 0xC1E1, 0xC9E1,
  0xD201, 0x99A1, 0x30E2, 0x08A2, 0x10C2, 0x18A2, 0x10A2, 0x10A2, 0x10A2, 0x10A2, 0x10A2, 0x10C2,
  0x0861, 0x0000, 0x0000, 0x0000, 0x0000, 0x0000, 0x0000, 0x0000, 0x0000, 0x0000, 0x0000, 0x0000,
  0x0000, 0x0000, 0x0000, 0x0000, 0x0000, 0x0000, 0x0000, 0x0000, 0x0000, 0x0000, 0x0000, 0x0040,
  0x10A2, 0x10A2, 0x10A2, 0x10A2, 0x10C2, 0x10C2, 0x10A2, 0x10C2, 0x10A2, 0x10A2, 0x10A1, 0x18C2,
  0x2923, 0x3164, 0x3164, 0x2924, 0x2103, 0x18E3, 0x10A2, 0x10A2, 0x10C2, 0x10C2, 0x10C2, 0x10C2,
  0x10C2, 0x10C2, 0x10C2, 0x10C2, 0x10C2, 0x10C2, 0x10C2, 0x10C2, 0x10C2, 0x10C2, 0x10C2, 0x10C2,
  0x10C2, 0x10C2, 0x10C2, 0x10C2, 0x10C2, 0x10C2, 0x10C2, 0x10C2, 0x10C2, 0x10C2, 0x10C2, 0x10C2,
  0x10C2, 0x10C2, 0x10C2, 0x10C2, 0x10C2, 0x10C2, 0x10C2, 0x10C2, 0x10C2, 0x10C2, 0x10C2, 0x10C2,
  0x10C2, 0x18C2, 0x10C2, 0x10C2, 0x10C2, 0x10C2, 0x18C2, 0x10C2, 0x10C2, 0x10C2, 0x10C2, 0x10C2,
  0x10C2, 0x10C2, 0x10C2, 0x10C2, 0x10C2, 0x10C2, 0x10C2, 0x10C2, 0x10C2, 0x10C2, 0x10C2, 0x10C2,
  0x10C2, 0x10C2, 0x10C2, 0x10C2, 0x10C2, 0x10C2, 0x10C2, 0x10C2, 0x10C2, 0x10C2, 0x10C2, 0x10C2,
  0x10C2, 0x10C2, 0x10C2, 0x10C2, 0x10C2, 0x10C2, 0x10C2, 0x10C2, 0x10C2, 0x10C2, 0x10C2, 0x10C2,
  0x10C2, 0x10C2, 0x10C2, 0x10C2, 0x10C2, 0x10C2, 0x10C2, 0x10C2, 0x10C2, 0x10C2, 0x10C2, 0x10C2,
  0x10C2, 0x10C2, 0x10C2, 0x10C2, 0x10C2, 0x10C2, 0x10C2, 0x10C2, 0x10C2, 0x10C2, 0x10C2, 0x10C2,
  0x18C2, 0x10C2, 0x10C2, 0x10C2, 0x10C2, 0x10C2, 0x10C2, 0x10C2, 0x10C2, 0x10C2, 0x10C2, 0x10C2,
  0x10C2, 0x10C2, 0x18C2, 0x10C2, 0x10C2, 0x10C2, 0x10C2, 0x10C2, 0x10C2, 0x10C2, 0x10C2, 0x10C2,
  0x10C2, 0x10C2, 0x10C2, 0x10C2, 0x10C2, 0x10C2, 0x18C2, 0x08A2, 0x5921, 0xD201, 0xC1E1, 0xC9E1,
  0xC9E1, 0xC1E1, 0xCA01, 0xB9C2, 0xB1A1, 0xCA01, 0xC9E1, 0xC9E1, 0xC9E1, 0xC9E1, 0xCA01, 0xC9E1,
  0xC9E1, 0xC9E1, 0xCA02, 0xCA01, 0xC9E1, 0xC9E1, 0xC9E1, 0xC9E1, 0xC9E1, 0xC9E1, 0xC9E1, 0xC9E1,
  0xCA01, 0xD201, 0xC9E1, 0xC9E1, 0xC9E1, 0xC9E1, 0xCA01, 0xCA01, 0xC1E1, 0xC9E1, 0xD201, 0xB9E1,
  0x5921, 0x10A2, 0x08A2, 0x10C2, 0x10A2, 0x10A2, 0x10A2, 0x10A2, 0x10A2, 0x10A2, 0x10A2, 0x10C2,
  0x0040, 0x0000, 0x0000, 0x0000, 0x0000, 0x0000, 0x0000, 0x0000, 0x0000, 0x0000, 0x0000, 0x0000,
  0x0000, 0x0000, 0x0000, 0x0000, 0x0000, 0x0000, 0x0000, 0x0000, 0x0000, 0x0020, 0x0841, 0x0861,
  0x10A2, 0x10A2, 0x10A2, 0x10C2, 0x10C2, 0x10A2, 0x10A2, 0x10A2, 0x10A2, 0x18C2, 0x2103, 0x2964,
  0x3185, 0x3164, 0x3164, 0x3164, 0x3184, 0x3164, 0x2103, 0x18C2, 0x10A2, 0x10C2, 0x10C2, 0x10C2,
  0x10C2, 0x10C2, 0x10C2, 0x10C2, 0x10C2, 0x10C2, 0x10C2, 0x10C2, 0x10C2, 0x10C2, 0x10C2, 0x10C2,
  0x10C2, 0x10C2, 0x10C2, 0x10C2, 0x10C2, 0x10C2, 0x10C2, 0x10C2, 0x10C2, 0x10C2, 0x10C2, 0x10C2,
  0x10C2, 0x10C2, 0x10C2, 0x10C2, 0x10C2, 0x10C2, 0x10C2, 0x10C2, 0x10C2, 0x10C2, 0x10C2, 0x10C2,
  0x10C2, 0x10C2, 0x10C2, 0x10C2, 0x10C2, 0x10C2, 0x10C2, 0x10C2, 0x10C2, 0x10C2, 0x10C2, 0x10C2,
  0x10C2, 0x10C2, 0x10C2, 0x10C2, 0x10C2, 0x10C2, 0x10C2, 0x10C2, 0x10C2, 0x10C2, 0x10C2, 0x10C2,
  0x10C2, 0x10C2, 0x18C2, 0x10C2, 0x10C2, 0x10C2, 0x10C2, 0x10C2, 0x10C2, 0x10C2, 0x18C2, 0x10C2,
  0x10C2, 0x10C2, 0x10C2, 0x10C2, 0x10C2, 0x10C2, 0x10C2, 0x10C2, 0x10C2, 0x10C2, 0x10C2, 0x10C2,
  0x10C2, 0x10C2, 0x10C2, 0x10C2, 0x10C2, 0x10C2, 0x10C2, 0x10C2, 0x10C2, 0x10C2, 0x10C2, 0x10C2,
  0x10C2, 0x10C2, 0x10C2, 0x10C2, 0x10C2, 0x10C2, 0x10C2, 0x10C2, 0x10C2, 0x10C2, 0x10C2, 0x10C2,
  0x10C2, 0x10C2, 0x10C2, 0x10C2, 0x10C2, 0x10C2, 0x10C2, 0x10C2, 0x10C2, 0x10C2, 0x10C2, 0x10C2,
  0x10C2, 0x10C2, 0x10C2, 0x10C2, 0x10C2, 0x10C2, 0x10C2, 0x10C2, 0x10C2, 0x10C2, 0x10C2, 0x10C2,
  0x10C2, 0x10C2, 0x10C2, 0x10C2, 0x10C2, 0x10C2, 0x18C2, 0x08A2, 0x5921, 0xD201, 0xC1E1, 0xC9E1,
  0xC9E1, 0xC9E1, 0xC9E1, 0xC1E1, 0xB9E1, 0xCA01, 0xC9E1, 0xC9E1, 0xD202, 0xA181, 0x9161, 0xD201,
  0xC9E1, 0xC9E1, 0xC9E1, 0xC9E1, 0xC9E1, 0xC9E1, 0xC9E1, 0xC9E1, 0xC9E1, 0xC9E1, 0xC9E1, 0xC9E1,
  0xC9E1, 0xC1E1, 0xC9E1, 0xCA01, 0xCA01, 0xCA01, 0xB1C2, 0xA9A1, 0xD201, 0xD201, 0x9181, 0x28C1,
  0x08A2, 0x10C2, 0x18C2, 0x10A2, 0x10A2, 0x10A2, 0x10A2, 0x10A2, 0x10A2, 0x10A2, 0x10A2, 0x10A2,
  0x0861, 0x0841, 0x0020, 0x0000, 0x0000, 0x0000, 0x0000, 0x0000, 0x0000, 0x0000, 0x0000, 0x0000,
  0x0000, 0x0000, 0x0000, 0x0000, 0x0000, 0x0000, 0x0000, 0x0000, 0x0000, 0x0020, 0x1082, 0x1081,
  0x1081, 0x10A1, 0x18C2, 0x10C2, 0x10A2, 0x2103, 0x2124, 0x2103, 0x2944, 0x2964, 0x3184, 0x3184,
  0x3164, 0x3164, 0x3164, 0x3164, 0x3164, 0x3164, 0x3164, 0x2964, 0x2123, 0x18A2, 0x10A2, 0x10A2,
  0x10C2, 0x10C2, 0x10C2, 0x10C2, 0x10C2, 0x10C2, 0x10C2, 0x10C2, 0x10C2, 0x10C2, 0x10C2, 0x10C2,
  0x10C2, 0x10C2, 0x10C2, 0x10C2, 0x10C2, 0x10C2, 0x10C2, 0x10C2, 0x10C2, 0x10C2, 0x10C2, 0x10C2,
  0x18C2, 0x10C2, 0x10A2, 0x10A2, 0x10A2, 0x10C2, 0x10C2, 0x10C2, 0x10C2, 0x10C2, 0x10C2, 0x10C2,
  0x10C2, 0x10C2, 0x10C2, 0x10C2, 0x10C2, 0x10C2, 0x10C2, 0x10C2, 0x10C2, 0x10C2, 0x10C2, 0x10C2,
  0x10C2, 0x10C2, 0x10C2, 0x10C2, 0x10C2, 0x10C2, 0x10C2, 0x10C2, 0x10C2, 0x10C2, 0x10C2, 0x10C2,
  0x10C2, 0x10C2, 0x10C2, 0x10C2, 0x10C2, 0x10C2, 0x10C2, 0x18C2, 0x18C2, 0x10C2, 0x10C2, 0x10C2,
  0x10C2, 0x10C2, 0x10C2, 0x10C2, 0x10A2, 0x10C2, 0x10C2, 0x10C2, 0x10C2, 0x10C2, 0x10C2, 0x10A2,
  0x10C2, 0x10C2, 0x10C2, 0x10C2, 0x10C2, 0x10C2, 0x10C2, 0x10C2, 0x10C2, 0x10C2, 0x10C2, 0x10C2,
  0x10C2, 0x10C2, 0x10C2, 0x10C2, 0x10C2, 0x10C2, 0x10C2, 0x10C2, 0x10C2, 0x10C2, 0x10C2, 0x10C2,
  0x10C2, 0x10C2, 0x10C2, 0x10C2, 0x10A2, 0x10C2, 0x10C2, 0x10C2, 0x10C2, 0x10C2, 0x10C2, 0x10C2,
  0x10C2, 0x10C2, 0x10C2, 0x10C2, 0x10C2, 0x10C2, 0x10C2, 0x10C2, 0x10C2, 0x10C2, 0x10C2, 0x10C2,
  0x10C2, 0x10C2, 0x10C2, 0x10C2, 0x10C2, 0x10C2, 0x18C2, 0x08A2, 0x6942, 0xD201, 0xC1E1, 0xC9E1,
  0xC9E1, 0xC9E1, 0xC9E1, 0xCA01, 0xCA01, 0xC9E1, 0xC9E1, 0xC9E1, 0xC9E1, 0xB9E1, 0xB9C1, 0xCA01,
  0xC9E1, 0xC9E1, 0xC9E1, 0xC9E1, 0xC9E1, 0xC9E1, 0xC9E1, 0xC9E1, 0xCA01, 0xCA01, 0xC9E1, 0xC9E1,
  0xC9E1, 0xC9E1, 0xC9E1, 0xC1E2, 0xB9E1, 0xD201, 0xA181, 0xA181, 0xB9E2, 0x5101, 0x0882, 0x08A2,
  0x10A2, 0x10A2, 0x10A2, 0x10A1, 0x10A2, 0x10A2, 0x10A2, 0x10A2, 0x10A2, 0x10A2, 0x10A2, 0x10A2,
  0x0861, 0x1082, 0x0020, 0x0000, 0x0000, 0x0000, 0x0000, 0x0000, 0x0000, 0x0000, 0x0000, 0x0000,
  0x0000, 0x0000, 0x0000, 0x0000, 0x0000, 0x0000, 0x0000, 0x0000, 0x0000, 0x0020, 0x0861, 0x0861,
  0x18E3, 0x2123, 0x3164, 0x2944, 0x2944, 0x3164, 0x3184, 0x3184, 0x3184, 0x3164, 0x3164, 0x3164,
  0x3164, 0x3164, 0x3164, 0x3164, 0x3164, 0x3164, 0x3164, 0x3164, 0x3164, 0x2944, 0x18E3, 0x18C2,
  0x10A2, 0x10A2, 0x10C2, 0x10C2, 0x10C2, 0x10C2, 0x10C2, 0x10C2, 0x10C2, 0x10C2, 0x10C2, 0x10C2,
  0x10C2, 0x10C2, 0x10C2, 0x10C2, 0x10C2, 0x10C2, 0x10C2, 0x10C2, 0x10C2, 0x10C2, 0x10C2, 0x10C2,
  0x10C2, 0x10C2, 0x10C2, 0x10C2, 0x10C2, 0x10C2, 0x10C2, 0x10C2, 0x10C2, 0x10C2, 0x10C2, 0x10C2,
  0x10C2, 0x10C2, 0x10C2, 0x10C2, 0x10C2, 0x10C2, 0x10C2, 0x10C2, 0x10C2, 0x10C2, 0x10C2, 0x10C2,
  0x10C2, 0x10C2, 0x10C2, 0x10C2, 0x10C2, 0x10C2, 0x10C2, 0x10C2, 0x10C2, 0x10C2, 0x10C2, 0x10C2,
  0x10C2, 0x10C2, 0x10C2, 0x10C2, 0x10C2, 0x10C2, 0x10C2, 0x10C2, 0x18C2, 0x10C2, 0x10C2, 0x10C2,
  0x18C2, 0x10C2, 0x10C2, 0x10C2, 0x10C2, 0x10C2, 0x10C2, 0x10C2, 0x10C2, 0x10C2, 0x10C2, 0x10C2,
  0x10C2, 0x10C2, 0x10A2, 0x10A2, 0x10C2, 0x10C2, 0x10C2, 0x10C2, 0x10C2, 0x10C2, 0x10C2, 0x10C2,
  0x10C2, 0x10C2, 0x10C2, 0x10C2, 0x10C2, 0x10C2, 0x10C2, 0x10C2, 0x10C2, 0x10C2, 0x10C2, 0x10C2,
  0x10C2, 0x10C2, 0x10C2, 0x10C2, 0x10C2, 0x10C2, 0x10C2, 0x10C2, 0x10C2, 0x10C2, 0x10C2, 0x10C2,
  0x10C2, 0x10C2, 0x18C2, 0x10C2, 0x10C2, 0x10C2, 0x10C2, 0x10C2, 0x10C2, 0x10C2, 0x10C2, 0x10C2,
  0x10C2, 0x10C2, 0x10C2, 0x10C2, 0x10C2, 0x10C2, 0x18C2, 0x08A2, 0x7982, 0xD201, 0xC1E1, 0xC9E1,
  0xC9E1, 0xC9E1, 0xC9E1, 0xC9E1, 0xC9E1, 0xC9E1, 0xC1E1, 0xC9E1, 0xC9E1, 0xC9E1, 0xCA01, 0xC9E1,
  0xC9E1, 0xC9E1, 0xC9E1, 0xC9E1, 0xC9E1, 0xC9E1, 0xC9E1, 0xCA01, 0xA9A1, 0xB9E1, 0xCA01, 0xC9E1,
  0xC9E1, 0xC9E1, 0xCA02, 0xB9C1, 0xB1C1, 0xD201, 0xD201, 0x8981, 0x20A1, 0x08A2, 0x18C2, 0x20E2,
  0x2924, 0x2944, 0x2103, 0x2103, 0x2944, 0x2123, 0x18C2, 0x10A2, 0x10A2, 0x10A2, 0x10A2, 0x10A2,
  0x0861, 0x0861, 0x0020, 0x0000, 0x0000, 0x0000, 0x0000, 0x0000, 0x0000, 0x0000, 0x0000, 0x0000,
  0x0000, 0x0000, 0x0000, 0x0000, 0x0000, 0x0000, 0x0000, 0x0000, 0x0000, 0x0020, 0x0861, 0x0861,
  0x2103, 0x3185, 0x3164, 0x3164, 0x3164, 0x3164, 0x3164, 0x3164, 0x3164, 0x3164, 0x3164, 0x3164,
  0x3164, 0x3184, 0x3184, 0x3164, 0x3164, 0x3164, 0x3164, 0x3164, 0x2964, 0x2964, 0x3164, 0x3164,
  0x2103, 0x10A1, 0x10A2, 0x10A2, 0x10A2, 0x10C2, 0x10C2, 0x10C2, 0x10C2, 0x10C2, 0x10C2, 0x10C2,
  0x10C2, 0x10C2, 0x10C2, 0x10C2, 0x10C2, 0x10C2, 0x10C2, 0x10C2, 0x10C2, 0x10C2, 0x10C2, 0x10C2,
  0x10C2, 0x10C2, 0x10C2, 0x10C2, 0x10C2, 0x10C2, 0x10C2, 0x10C2, 0x10C2, 0x10C2, 0x10C2, 0x10C2,
  0x10C2, 0x10C2, 0x10C2, 0x10C2, 0x10C2, 0x10C2, 0x10C2, 0x10C2, 0x10C2, 0x10C2, 0x10C2, 0x10C2,
  0x10C2, 0x10C2, 0x10A2, 0x10A2, 0x10C2, 0x10C2, 0x10C2, 0x10C2, 0x10C2, 0x10C2, 0x10C2, 0x10C2,
  0x10C2, 0x10C2, 0x10C2, 0x10C2, 0x10C2, 0x10C2, 0x10C2, 0x10C2, 0x10C2, 0x10C2, 0x10C2, 0x10C2,
  0x10C2, 0x10C2, 0x10C2, 0x10C2, 0x10C2, 0x10C2, 0x10C2, 0x10C2, 0x10A2, 0x10A2, 0x10A2, 0x10A2,
  0x10A2, 0x10A2, 0x10A2, 0x10A2, 0x10C2, 0x10C2, 0x10C2, 0x10C2, 0x10C2, 0x10C2, 0x10C2, 0x10C2,
  0x10C2, 0x10C2, 0x10C2, 0x10C2, 0x10C2, 0x10C2, 0x10C2, 0x10C2, 0x10C2, 0x10C2, 0x10C2, 0x10C2,
  0x10C2, 0x10C2, 0x10C2, 0x10C2, 0x10C2, 0x10C2, 0x10C2, 0x10C2, 0x10C2, 0x10C2, 0x10C2, 0x10C2,
  0x10C2, 0x10C2, 0x10C2, 0x10C2, 0x10C2, 0x10C2, 0x10C2, 0x10C2, 0x10A2, 0x10A2, 0x10C2, 0x10C2,
  0x10C2, 0x10C2, 0x10C2, 0x10C2, 0x10C2, 0x10C2, 0x18C2, 0x10A2, 0x9181, 0xD201, 0xC1E1, 0xC9E1,
  0xC9E1, 0xC9E1, 0xC9E1, 0xC9E1, 0xC9E1, 0xC9E1, 0xB1A1, 0xC1E1, 0xC9E1, 0xC9E1, 0xC9E1, 0xC9E1,
  0xC1E1, 0xCA01, 0xC9E1, 0xC9E1, 0xC9E1, 0xC9E1, 0xC9E1, 0xCA01, 0x7101, 0xA981, 0xCA01, 0xC9E1,
  0xC9E1, 0xC9E1, 0xC1E1, 0xCA01, 0xD221, 0xA9C1, 0x5142, 0x2144, 0x2944, 0x3184, 0x3184, 0x3184,
  0x3185, 0x3184, 0x3184, 0x31A5, 0x3184, 0x3185, 0x3164, 0x2944, 0x2123, 0x2103, 0x18C2, 0x1081,
  0x0861, 0x0861, 0x0020, 0x0000, 0x0000, 0x0000, 0x0000, 0x0000, 0x0000, 0x0000, 0x0000, 0x0000,
  0x0000, 0x0000, 0x0000, 0x0000, 0x0000, 0x0000, 0x0000, 0x0000, 0x0000, 0x0020, 0x0861, 0x0861,
  0x10A2, 0x2944, 0x2943, 0x2944, 0x2964, 0x2964, 0x3164, 0x3164, 0x3164, 0x3164, 0x3164, 0x3164,
  0x3164, 0x3164, 0x3164, 0x3164, 0x3164, 0x3164, 0x3164, 0x3164, 0x3164, 0x3164, 0x2964, 0x2964,
  0x2964, 0x2123, 0x18E2, 0x10A2, 0x10A2, 0x10C2, 0x10C2, 0x10C2, 0x10A2, 0x10C2, 0x10C2, 0x10C2,
  0x10C2, 0x10C2, 0x10C2, 0x10C2, 0x10C2, 0x10C2, 0x10C2, 0x10C2, 0x10C2, 0x10C2, 0x10C2, 0x10C2,
  0x10C2, 0x10C2, 0x10C2, 0x10C2, 0x10C2, 0x10C2, 0x10C2, 0x10C2, 0x10C2, 0x10C2, 0x10C2, 0x10C2,
  0x10C2, 0x10C2, 0x10C2, 0x10C2, 0x10C2, 0x10C2, 0x10C2, 0x10C2, 0x10C2, 0x10C2, 0x10C2, 0x10C2,
  0x10C2, 0x10C2, 0x10A2, 0x10A2, 0x10C2, 0x10C2, 0x10C2, 0x10C2, 0x10C2, 0x10C2, 0x10C2, 0x10C2,
  0x10C2, 0x10C2, 0x10C2, 0x10C2, 0x10C2, 0x10C2, 0x10C2, 0x10C2, 0x10C2, 0x10C2, 0x10C2, 0x10C2,
  0x10C2, 0x10C2, 0x10C2, 0x10C2, 0x10C2, 0x10C2, 0x10A2, 0x10C2, 0x10A2, 0x10A2, 0x10A2, 0x10C2,
  0x10A2, 0x10A2, 0x10A2, 0x10A2, 0x10C2, 0x10C2, 0x18A2, 0x10C2, 0x10C2, 0x10C2, 0x10C2, 0x10C2,
  0x10C2, 0x10C2, 0x10C2, 0x10C2, 0x10C2, 0x10C2, 0x10C2, 0x10C2, 0x10C2, 0x10C2, 0x10C2, 0x10C2,
  0x10C2, 0x10C2, 0x10A2, 0x10A2, 0x10C2, 0x10C2, 0x10C2, 0x10C2, 0x10C2, 0x10C2, 0x10C2, 0x10C2,
  0x10C2, 0x10C2, 0x10C2, 0x10C2, 0x10C2, 0x10C2, 0x10C2, 0x10C2, 0x10A2, 0x10A2, 0x10C2, 0x10C2,
  0x10C2, 0x10C2, 0x10C2, 0x10C2, 0x10C2, 0x10C2, 0x10C2, 0x10A1, 0xA1A2, 0xD201, 0xC1E1, 0xC9E1,
  0xC9E1, 0xC9E1, 0xC9E1, 0xC9E1, 0xC9E1, 0xCA01, 0xC9E1, 0xC9E1, 0xC9E1, 0xC9E1, 0xC9E1, 0xC9E1,
  0x70E0, 0xA9A1, 0xCA01, 0xC9E1, 0xC9E1, 0xC9E1, 0xC9E1, 0xC9E1, 0xC1E1, 0xC9E1, 0xC9E1, 0xC9E1,
  0xC9E1, 0xC1E1, 0xD201, 0xCA02, 0x7962, 0x28E2, 0x2985, 0x39A5, 0x39A5, 0x3185, 0x3185, 0x3184,
  0x3184, 0x3184, 0x3164, 0x3184, 0x3184, 0x3164, 0x3164, 0x3164, 0x3184, 0x3184, 0x3164, 0x18A2,
  0x0841, 0x0861, 0x0020, 0x0000, 0x0000, 0x0000, 0x0000, 0x0000, 0x0000, 0x0000, 0x0000, 0x0000,
  0x0000, 0x0000, 0x0000, 0x0000, 0x0000, 0x0000, 0x0000, 0x0000, 0x0000, 0x0000, 0x0020, 0x0020,
  0x0840, 0x2123, 0x2943, 0x2944, 0x2964, 0x2964, 0x3164, 0x3164, 0x3164, 0x3164, 0x3164, 0x3164,
  0x3164, 0x3164, 0x3164, 0x3164, 0x3164, 0x3164, 0x3164, 0x3164, 0x3164, 0x3164, 0x3164, 0x3164,
  0x3164, 0x3184, 0x3184, 0x2103, 0x10A1, 0x10A2, 0x10A2, 0x10A2, 0x10A2, 0x10C2, 0x10C2, 0x10C2,
  0x10C2, 0x10C2, 0x10C2, 0x10C2, 0x10C2, 0x10C2, 0x10C2, 0x10C2, 0x10C2, 0x10C2, 0x10C2, 0x10C2,
  0x10C2, 0x10C2, 0x10C2, 0x10C2, 0x10C2, 0x10C2, 0x10C2, 0x10C2, 0x10C2, 0x10C2, 0x10C2, 0x10C2,
  0x10C2, 0x10C2, 0x10C2, 0x10C2, 0x10C2, 0x10C2, 0x10C2, 0x10C2, 0x10C2, 0x10C2, 0x10C2, 0x10C2,
  0x10C2, 0x10C2, 0x10C2, 0x10C2, 0x10C2, 0x10C2, 0x10C2, 0x10C2, 0x10C2, 0x10C2, 0x10C2, 0x10C2,
  0x10C2, 0x10C2, 0x10C2, 0x10C2, 0x10C2, 0x10C2, 0x10C2, 0x10C2, 0x10C2, 0x10C2, 0x10C2, 0x10C2,
  0x10C2, 0x10C2, 0x10C2, 0x10C2, 0x10C2, 0x10C2, 0x10A2, 0x10C2, 0x10C2, 0x10A1, 0x10A1, 0x10A0,
  0x10A1, 0x10A1, 0x10A1, 0x10A1, 0x10A1, 0x10A1, 0x10C2, 0x10C2, 0x10C2, 0x10C2, 0x10C2, 0x10C2,
  0x10C2, 0x10C2, 0x10C2, 0x10C2, 0x10C2, 0x10C2, 0x10C2, 0x10C2, 0x10C2, 0x10C2, 0x10C2, 0x10C2,
  0x10C2, 0x10C2, 0x10A2, 0x10A2, 0x10C2, 0x10C2, 0x10C2, 0x10C2, 0x10C2, 0x10C2, 0x10C2, 0x10C2,
  0x10C2, 0x10C2, 0x10C2, 0x10C2, 0x10C2, 0x10C2, 0x10C2, 0x10C2, 0x10C2, 0x10C2, 0x10C2, 0x10C2,
  0x10C2, 0x10C2, 0x10C2, 0x10C2, 0x10C2, 0x18C2, 0x10C2, 0x18C2, 0xB1C2, 0xCA01, 0xC9E1, 0xC9E1,
  0xC9E1, 0xC9E1, 0xC9E1, 0xC9E1, 0xC9E1, 0xC1E1, 0xB1A1, 0xCA01, 0xC9E1, 0xC9E1, 0xC9E1, 0xC9E1,
  0xB1A1, 0xC1E1, 0xCA01, 0xC9E1, 0xC9E1, 0xC9E1, 0xC9E1, 0xC9E1, 0xC9E1, 0xC9E1, 0xC9E1, 0xC9E1,
  0xC9E1, 0xD201, 0xA1A1, 0x5163, 0x2124, 0x3164, 0x39A5, 0x3185, 0x3185, 0x3185, 0x39A5, 0x3185,
  0x3185, 0x3184, 0x3184, 0x3184, 0x3184, 0x3164, 0x3164, 0x3164, 0x2964, 0x3164, 0x2964, 0x0841,
  0x0000, 0x0020, 0x0000, 0x0000, 0x0000, 0x0000, 0x0000, 0x0000, 0x0000, 0x0000, 0x0000, 0x0000,
  0x0000, 0x0000, 0x0000, 0x0000, 0x0000, 0x0000, 0x0000, 0x0000, 0x0000, 0x0000, 0x0000, 0x0000,
  0x0000, 0x18E2, 0x3164, 0x2944, 0x2964, 0x3164, 0x3164, 0x3164, 0x3164, 0x3164, 0x3164, 0x3164,
  0x3164, 0x3164, 0x3164, 0x3164, 0x3164, 0x3164, 0x3164, 0x3164, 0x3164, 0x3164, 0x3164, 0x3164,
  0x3164, 0x3164, 0x3164, 0x3164, 0x2123, 0x10A2, 0x10A2, 0x10A2, 0x10A2, 0x10A2, 0x10A2, 0x10A2,
  0x10A2, 0x10C2, 0x10C2, 0x10C2, 0x10C2, 0x10C2, 0x10C2, 0x10C2, 0x10C2, 0x10C2, 0x10C2, 0x10C2,
  0x10C2, 0x10C2, 0x10C2, 0x10C2, 0x10C2, 0x10C2, 0x10C2, 0x10C2, 0x10C2, 0x10C2, 0x10C2, 0x10C2,
  0x10C2, 0x10C2, 0x10C2, 0x10C2, 0x10C2, 0x10C2, 0x10C2, 0x10C2, 0x10C2, 0x10C2, 0x10C2, 0x10C2,
  0x10C2, 0x10C2, 0x10C2, 0x10C2, 0x10C2, 0x10C2, 0x10C2, 0x10C2, 0x10C2, 0x10C2, 0x10C2, 0x10C2,
  0x10C2, 0x10C2, 0x10C2, 0x10C2, 0x10C2, 0x10C2, 0x10C2, 0x10C2, 0x10C2, 0x10C2, 0x10C2, 0x10C2,
  0x10C2, 0x10C2, 0x10C2, 0x10C2, 0x10C2, 0x10C2, 0x10C2, 0x10A1, 0x10A1, 0x10C5, 0x10EB, 0x0931,
  0x0954, 0x0955, 0x0954, 0x0910, 0x08CA, 0x10C4, 0x18A0, 0x18A2, 0x10C2, 0x10A2, 0x10A2, 0x10A2,
  0x10C2, 0x10C2, 0x10C2, 0x10C2, 0x10C2, 0x10C2, 0x10C2, 0x10C2, 0x10C2, 0x10C2, 0x10C2, 0x10C2,
  0x10C2, 0x10C2, 0x10C2, 0x10C2, 0x10C2, 0x10C2, 0x10C2, 0x10C2, 0x10C2, 0x10C2, 0x10C2, 0x10C2,
  0x10C2, 0x10C2, 0x10C2, 0x10C2, 0x10C2, 0x10C2, 0x10C2, 0x10C2, 0x10C2, 0x10C2, 0x10C2, 0x10C2,
  0x10C2, 0x10C2, 0x10C2, 0x10C2, 0x10C2, 0x18C2, 0x10A2, 0x28C2, 0xB9E1, 0xC9E1, 0xC1E1, 0xC1E1,
  0xC1E1, 0xC1E1, 0xC1E1, 0xC1E1, 0xC1E1, 0xC1E1, 0xC9E1, 0xC1E1, 0xC1E1, 0xC1E1, 0xC1E1, 0xC1E1,
  0xCA01, 0xCA01, 0xC1E1, 0xC1E1, 0xC1E1, 0xC1E1, 0xC1E1, 0xC1E1, 0xC1E1, 0xC1E1, 0xC1E1, 0xC9E1,
  0xC1E1, 0x6941, 0x2103, 0x2964, 0x3144, 0x3184, 0x39A5, 0x3185, 0x3185, 0x39A5, 0x39A5, 0x39A5,
  0x3185, 0x3184, 0x3184, 0x3184, 0x3164, 0x3164, 0x3164, 0x3164, 0x2964, 0x3164, 0x2923, 0x0000,
  0x0000, 0x0000, 0x0000, 0x0000, 0x0000, 0x0000, 0x0000, 0x0000, 0x0000, 0x0000, 0x0000, 0x0000,
  0x0000, 0x0000, 0x0000, 0x0000, 0x0000, 0x0000, 0x0000, 0x0000, 0x0000, 0x0000, 0x0000, 0x0000,
  0x0000, 0x10A1, 0x3164, 0x2964, 0x2964, 0x3164, 0x3164, 0x3164, 0x3164, 0x3164, 0x3164, 0x2964,
  0x3164, 0x3164, 0x3164, 0x3164, 0x3164, 0x3164, 0x3164, 0x3164, 0x3164, 0x3164, 0x3164, 0x3164,
  0x3164, 0x3164, 0x3164, 0x2964, 0x3164, 0x2944, 0x2123, 0x18C2, 0x10A1, 0x10A2, 0x10A2, 0x10A2,
  0x10A2, 0x10A2, 0x10A2, 0x10A2, 0x10A2, 0x10A2, 0x10A2, 0x10A2, 0x10A2, 0x10C2, 0x10C2, 0x10A2,
  0x10C2, 0x10C2, 0x10C2, 0x10C2, 0x10C2, 0x10A2, 0x10C2, 0x10C2, 0x10C2, 0x10C2, 0x10C2, 0x10C2,
  0x10C2, 0x10C2, 0x10C2, 0x10C2, 0x10C2, 0x10C2, 0x10C2, 0x10C2, 0x10A2, 0x10A2, 0x10C2, 0x10C2,
  0x10C2, 0x10C2, 0x10C2, 0x10C2, 0x10C2, 0x10C2, 0x10C2, 0x10C2, 0x10C2, 0x18C2, 0x10C2, 0x10C2,
  0x10C2, 0x10C2, 0x10C2, 0x10C2, 0x10C2, 0x10C2, 0x10C2, 0x10C2, 0x10C2, 0x10C2, 0x10C2, 0x10C2,
  0x10C2, 0x10C2, 0x10C2, 0x10C2, 0x10A2, 0x18C2, 0x18A1, 0x10C4, 0x0930, 0x019A, 0x01BE, 0x01BE,
  0x01DE, 0x01DF, 0x01BF, 0x01BE, 0x01BD, 0x09B9, 0x096E, 0x10A2, 0x10A1, 0x10A2, 0x10A2, 0x10A2,
  0x10C2, 0x10C2, 0x10C2, 0x10C2, 0x10C2, 0x10C2, 0x10C2, 0x10C2, 0x10C2, 0x10C2, 0x10C2, 0x10C2,
  0x10C2, 0x10C2, 0x10C2, 0x10C2, 0x10C2, 0x10C2, 0x10C2, 0x10C2, 0x10C2, 0x10C2, 0x10C2, 0x10C2,
  0x10C2, 0x10C2, 0x10C2, 0x10C2, 0x10C2, 0x10C2, 0x10C2, 0x10C2, 0x10C2, 0x10C2, 0x10C2, 0x10C2,
  0x10C2, 0x10C2, 0x10C2, 0x10C2, 0x10C2, 0x18C2, 0x10A2, 0x38E1, 0xCA02, 0xD201, 0xD201, 0xD201,
  0xD201, 0xD201, 0xD201, 0xD201, 0xD201, 0xD201, 0xD201, 0xD201, 0xD201, 0xD201, 0xD201, 0xD201,
  0xD201, 0xD201, 0xD201, 0xD201, 0xD201, 0xD201, 0xD201, 0xD201, 0xD201, 0xD201, 0xCA02, 0xDA01,
  0x99A1, 0x1903, 0x3164, 0x3164, 0x3164, 0x39A5, 0x39A5, 0x39A5, 0x39A5, 0x39A5, 0x39A5, 0x3185,
  0x3185, 0x3185, 0x3185, 0x3184, 0x3164, 0x3164, 0x3164, 0x3164, 0x3164, 0x3164, 0x18A2, 0x0000,
  0x0000, 0x0000, 0x0000, 0x0000, 0x0000, 0x0000, 0x0000, 0x0000, 0x0000, 0x0000, 0x0000, 0x0000,
  0x0000, 0x0000, 0x0000, 0x0000, 0x0000, 0x0000, 0x0000, 0x0000, 0x0000, 0x0000, 0x0000, 0x0000,
  0x0000, 0x0841, 0x2944, 0x2944, 0x2944, 0x2964, 0x2964, 0x3164, 0x3164, 0x2964, 0x2964, 0x2944,
  0x3164, 0x3164, 0x3164, 0x3164, 0x3164, 0x3164, 0x3164, 0x3164, 0x3164, 0x3164, 0x3164, 0x3164,
  0x3164, 0x3164, 0x3164, 0x3164, 0x2964, 0x2964, 0x2964, 0x2944, 0x18C2, 0x1081, 0x10A2, 0x10A2,
  0x10A2, 0x10A2, 0x10A2, 0x10A2, 0x10A2, 0x10A2, 0x10A2, 0x10A2, 0x10A2, 0x10A2, 0x10A2, 0x10A2,
  0x10C2, 0x10A2, 0x10A2, 0x10A2, 0x10A2, 0x10C2, 0x10C2, 0x10C2, 0x10C2, 0x10C2, 0x10C2, 0x10C2,
  0x10C2, 0x10C2, 0x10C2, 0x10C2, 0x10C2, 0x10C2, 0x10C2, 0x10C2, 0x10C2, 0x10C2, 0x10C2, 0x10C2,
  0x10C2, 0x10C2, 0x10C2, 0x10C2, 0x10C2, 0x10C2, 0x10C2, 0x10C2, 0x10C2, 0x10C2, 0x10C2, 0x10C2,
  0x10C2, 0x18C2, 0x18C2, 0x18C2, 0x10C2, 0x10C2, 0x18C2, 0x10C2, 0x10C2, 0x10C2, 0x10C2, 0x10C2,
  0x10C2, 0x10C2, 0x10C2, 0x10C2, 0x10A2, 0x10A1, 0x10E8, 0x0199, 0x01DF, 0x01DD, 0x01DD, 0x01FD,
  0x01FD, 0x01FD, 0x021D, 0x021D, 0x023D, 0x023E, 0x023E, 0x09F6, 0x1107, 0x10A1, 0x10C2, 0x10A2,
  0x10A2, 0x10A2, 0x10C2, 0x10C2, 0x10C2, 0x10C2, 0x10C2, 0x10C2, 0x10C2, 0x10C2, 0x10C2, 0x10C2,
  0x10C2, 0x10C2, 0x10C2, 0x10C2, 0x10C2, 0x10C2, 0x10C2, 0x10C2, 0x10C2, 0x10C2, 0x10C2, 0x10C2,
  0x10C2, 0x10C2, 0x10C2, 0x10C2, 0x10C2, 0x10C2, 0x10C2, 0x10C2, 0x10C2, 0x10C2, 0x10C2, 0x10C2,
  0x10C2, 0x10C2, 0x10C2, 0x10C2, 0x10C2, 0x18C2, 0x10A2, 0x20C2, 0x5122, 0x5121, 0x5121, 0x5101,
  0x5101, 0x5101, 0x5101, 0x5101, 0x5101, 0x5101, 0x5121, 0x5121, 0x5121, 0x5121, 0x5122, 0x5122,
  0x5122, 0x5122, 0x5121, 0x5101, 0x5101, 0x5102, 0x5102, 0x5101, 0x5121, 0x5101, 0x5101, 0x5962,
  0x4983, 0x3164, 0x3164, 0x3184, 0x31A5, 0x39A5, 0x39A5, 0x39A5, 0x39A5, 0x3185, 0x3185, 0x3185,
  0x3185, 0x3185, 0x3185, 0x3164, 0x3164, 0x3164, 0x2964, 0x3164, 0x3164, 0x3164, 0x0841, 0x0000,
  0x0000, 0x0000, 0x0000, 0x0000, 0x0000, 0x0000, 0x0000, 0x0000, 0x0000, 0x0000, 0x0000, 0x0000,
  0x0000, 0x0000, 0x0000, 0x0000, 0x0000, 0x0000, 0x0000, 0x0000, 0x0000, 0x0000, 0x0000, 0x0000,
  0x0000, 0x0000, 0x2103, 0x2964, 0x2944, 0x2944, 0x2944, 0x2944, 0x2944, 0x2944, 0x2944, 0x2944,
  0x2944, 0x2944, 0x2964, 0x3164, 0x3164, 0x3164, 0x3164, 0x3164, 0x3164, 0x3164, 0x3164, 0x3164,
  0x3164, 0x3164, 0x3164, 0x3164, 0x3164, 0x2964, 0x2964, 0x2964, 0x3164, 0x2103, 0x1081, 0x10A1,
  0x10A2, 0x10A2, 0x10A2, 0x10A2, 0x10A2, 0x10A2, 0x10A2, 0x10A2, 0x10A2, 0x10A2, 0x10A2, 0x10A2,
  0x10A2, 0x10A2, 0x10A2, 0x10A2, 0x10A2, 0x10C2, 0x10C2, 0x10C2, 0x10C2, 0x10C2, 0x10C2, 0x10C2,
  0x10C2, 0x10C2, 0x10C2, 0x10C2, 0x10C2, 0x10C2, 0x10C2, 0x10C2, 0x10C2, 0x10C2, 0x10C2, 0x10C2,
  0x10C2, 0x10C2, 0x10C2, 0x10C2, 0x10C2, 0x10C2, 0x10C2, 0x10C2, 0x10C2, 0x10C2, 0x10C2, 0x10C2,
  0x10C2, 0x10C2, 0x10C2, 0x10C2, 0x10C2, 0x18C2, 0x18C2, 0x10C2, 0x10C2, 0x10C2, 0x10C2, 0x10C2,
  0x10C2, 0x10A2, 0x10A2, 0x10C2, 0x10A1, 0x090A, 0x01FB, 0x01FD, 0x01FD, 0x01FD, 0x021D, 0x021D,
  0x021D, 0x023D, 0x023D, 0x025D, 0x027D, 0x025C, 0x025C, 0x027E, 0x027A, 0x0907, 0x1081, 0x10C2,
  0x10A2, 0x10A2, 0x10A2, 0x10A2, 0x10A2, 0x10A2, 0x10A2, 0x10C2, 0x10C2, 0x10C2, 0x10C2, 0x10C2,
  0x10C2, 0x10C2, 0x10C2, 0x10C2, 0x10C2, 0x10C2, 0x10C2, 0x10C2, 0x10C2, 0x10C2, 0x10C2, 0x10C2,
  0x10C2, 0x10C2, 0x10C2, 0x10C2, 0x10C2, 0x10C2, 0x10C2, 0x10C2, 0x10C2, 0x10C2, 0x10C2, 0x10C2,
  0x10C2, 0x10C2, 0x10C2, 0x10C2, 0x10C2, 0x10C2, 0x10C2, 0x10C2, 0x08A2, 0x08A2, 0x08A2, 0x08A2,
  0x08A2, 0x08A2, 0x08A2, 0x08A2, 0x08A2, 0x08A2, 0x08A2, 0x08A2, 0x08A2, 0x08A2, 0x08A2, 0x08A2,
  0x08A2, 0x08A2, 0x08A2, 0x08A2, 0x08A2, 0x08A2, 0x08A2, 0x08A2, 0x0882, 0x0882, 0x18E3, 0x2144,
  0x2964, 0x3164, 0x3164, 0x31A5, 0x39A5, 0x39A5, 0x39A5, 0x39A5, 0x3185, 0x3185, 0x3185, 0x3185,
  0x3185, 0x3185, 0x3184, 0x3164, 0x3164, 0x3164, 0x2944, 0x2964, 0x3164, 0x2944, 0x0000, 0x0000,
  0x0000, 0x0000, 0x0000, 0x0000, 0x0000, 0x0000, 0x0000, 0x0000, 0x0000, 0x0000, 0x0000, 0x0000,
  0x0000, 0x0000, 0x0000, 0x0000, 0x0000, 0x0000, 0x0000, 0x0000, 0x0000, 0x0000, 0x0841, 0x0841,
  0x0841, 0x0020, 0x18C2, 0x2944, 0x2943, 0x2943, 0x2943, 0x2943, 0x2943, 0x2944, 0x2944, 0x2944,
  0x2944, 0x2944, 0x2944, 0x2944, 0x2944, 0x2964, 0x3164, 0x3164, 0x2964, 0x2964, 0x3164, 0x3164,
  0x3164, 0x3164, 0x2964, 0x2964, 0x2964, 0x3164, 0x3164, 0x3164, 0x3164, 0x3164, 0x2123, 0x10A2,
  0x10A1, 0x10C2, 0x10A2, 0x10A1, 0x10A2, 0x10A2, 0x10A2, 0x10A2, 0x10A2, 0x10A2, 0x10A2, 0x10A2,
  0x10A2, 0x10A2, 0x10A2, 0x10A2, 0x10A2, 0x10C2, 0x10C2, 0x10C2, 0x10C2, 0x10C2, 0x10C2, 0x10C2,
  0x10A2, 0x10C2, 0x10C2, 0x10C2, 0x10C2, 0x10C2, 0x10C2, 0x10C2, 0x10C2, 0x10C2, 0x10C2, 0x10C2,
  0x10C2, 0x10C2, 0x10C2, 0x10C2, 0x10C2, 0x10C2, 0x10C2, 0x10C2, 0x10C2, 0x10C2, 0x10C2, 0x10C2,
  0x10C2, 0x10C2, 0x10C2, 0x10C2, 0x10C2, 0x18C2, 0x18C2, 0x10C2, 0x10C2, 0x10C2, 0x10C2, 0x10C2,
  0x10C2, 0x10A2, 0x10A2, 0x10A1, 0x1107, 0x021A, 0x023C, 0x023C, 0x023C, 0x023D, 0x023D, 0x023D,
  0x023D, 0x025D, 0x025D, 0x025D, 0x027C, 0x029C, 0x02BD, 0x02BC, 0x02BD, 0x0A58, 0x10E5, 0x10A1,
  0x10C2, 0x10A2, 0x10A2, 0x10A2, 0x10A2, 0x10A2, 0x10A2, 0x10C2, 0x10C2, 0x10C2, 0x10C2, 0x10C2,
  0x10C2, 0x10C2, 0x10C2, 0x10C2, 0x10C2, 0x10C2, 0x10C2, 0x10C2, 0x10C2, 0x10C2, 0x10C2, 0x10C2,
  0x10C2, 0x10C2, 0x10C2, 0x10C2, 0x10C2, 0x10C2, 0x10C2, 0x10C2, 0x10C2, 0x10C2, 0x10C2, 0x10C2,
  0x10C2, 0x10C2, 0x10C2, 0x10C2, 0x10C2, 0x10C2, 0x10C2, 0x18C2, 0x18C2, 0x18C2, 0x18C2, 0x18C2,
  0x18C2, 0x18C2, 0x18C2, 0x18C2, 0x18C2, 0x18C2, 0x18C2, 0x18C2, 0x18C2, 0x18C2, 0x18C2, 0x18C2,
  0x18C2, 0x18C2, 0x18C2, 0x18C2, 0x18C2, 0x18C2, 0x18C2, 0x10A2, 0x20E2, 0x2943, 0x3184, 0x3164,
  0x3164, 0x3164, 0x39A5, 0x39A5, 0x39A5, 0x39A5, 0x39A5, 0x39A5, 0x39A5, 0x3185, 0x3185, 0x3185,
  0x3184, 0x3164, 0x3164, 0x3164, 0x3164, 0x2964, 0x2944, 0x2943, 0x3164, 0x20E3, 0x0020, 0x0841,
  0x0841, 0x0841, 0x0000, 0x0000, 0x0000, 0x0000, 0x0000, 0x0000, 0x0000, 0x0000, 0x0000, 0x0000,
  0x0000, 0x0000, 0x0000, 0x0000, 0x0000, 0x0000, 0x0000, 0x0000, 0x0000, 0x0020, 0x0861, 0x0861,
  0x0861, 0x0861, 0x1081, 0x2123, 0x2123, 0x2923, 0x2923, 0x2923, 0x2923, 0x2923, 0x2923, 0x2923,
  0x2943, 0x2943, 0x2943, 0x2943, 0x2944, 0x2944, 0x2944, 0x2944, 0x2964, 0x2964, 0x2944, 0x3164,
  0x3164, 0x3164, 0x2964, 0x2964, 0x2964, 0x3164, 0x3164, 0x3164, 0x3164, 0x3164, 0x3164, 0x2944,
  0x2943, 0x2964, 0x2944, 0x18E3, 0x18C2, 0x10A1, 0x10A2, 0x10A2, 0x10A2, 0x10A2, 0x10A2, 0x10A2,
  0x10A2, 0x18C2, 0x18C2, 0x10A2, 0x10A2, 0x10A1, 0x10A2, 0x10A2, 0x10A2, 0x10A2, 0x10A2, 0x10A2,
  0x10A2, 0x10C2, 0x10C2, 0x10C2, 0x10C2, 0x10C2, 0x10C2, 0x10C2, 0x10C2, 0x10C2, 0x10C2, 0x10C2,
  0x10C2, 0x10C2, 0x10C2, 0x10C2, 0x10C2, 0x10C2, 0x10C2, 0x10C2, 0x10C2, 0x10C2, 0x10C2, 0x10C2,
  0x10C2, 0x10C2, 0x10C2, 0x10C2, 0x18C2, 0x18C2, 0x18C2, 0x10C2, 0x10C2, 0x18C2, 0x10C2, 0x10C2,
  0x10C2, 0x10A2, 0x10A2, 0x10A2, 0x0A55, 0x02DD, 0x029B, 0x029C, 0x027C, 0x025D, 0x025D, 0x025D,
  0x025D, 0x025D, 0x027D, 0x027C, 0x029C, 0x02BC, 0x02BC, 0x02BD, 0x02BB, 0x02FD, 0x0A74, 0x10A2,
  0x10A2, 0x10A2, 0x10A2, 0x10A2, 0x10A2, 0x10A2, 0x10C2, 0x10C2, 0x10C2, 0x10C2, 0x10C2, 0x10C2,
  0x10C2, 0x10C2, 0x10C2, 0x10C2, 0x10C2, 0x10C2, 0x10C2, 0x10C2, 0x10C2, 0x10C2, 0x10C2, 0x10C2,
  0x10C2, 0x10C2, 0x10C2, 0x10C2, 0x10C2, 0x10C2, 0x10C2, 0x10C2, 0x10C2, 0x10C2, 0x10C2, 0x10C2,
  0x10C2, 0x10C2, 0x10C2, 0x10C2, 0x10C2, 0x10C2, 0x10C2, 0x10C2, 0x10C2, 0x10C2, 0x10C2, 0x10C2,
  0x10C2, 0x10C2, 0x10C2, 0x10C2, 0x10C2, 0x10A2, 0x10A2, 0x10A2, 0x10A2, 0x10C2, 0x10C2, 0x10C2,
  0x10C2, 0x10C2, 0x10A2, 0x10A2, 0x10A2, 0x10A2, 0x10A2, 0x2123, 0x3184, 0x3164, 0x3164, 0x2964,
  0x3164, 0x39A5, 0x39A5, 0x39A5, 0x39A5, 0x39A5, 0x39A5, 0x39A5, 0x3185, 0x3185, 0x3185, 0x3185,
  0x3164, 0x3164, 0x3164, 0x3164, 0x2964, 0x2944, 0x2944, 0x2943, 0x2944, 0x1081, 0x0861, 0x0861,
  0x0861, 0x0861, 0x0020, 0x0000, 0x0000, 0x0000, 0x0000, 0x0000, 0x0000, 0x0000, 0x0000, 0x0000,
  0x0000, 0x0000, 0x0000, 0x0000, 0x0000, 0x0000, 0x0000, 0x0000, 0x0000, 0x0020, 0x0861, 0x0861,
  0x0861, 0x0861, 0x0841, 0x18E2, 0x2123, 0x2123, 0x2123, 0x2123, 0x2123, 0x2123, 0x2923, 0x2923,
  0x2923, 0x2923, 0x2923, 0x2923, 0x2943, 0x2943, 0x2943, 0x2943, 0x2944, 0x2944, 0x2944, 0x2944,
  0x2944, 0x2964, 0x2964, 0x2964, 0x2964, 0x3164, 0x3164, 0x3164, 0x3164, 0x3164, 0x3164, 0x3164,
  0x3164, 0x3164, 0x3164, 0x3164, 0x3164, 0x2123, 0x18A1, 0x1081, 0x18C2, 0x18C2, 0x10A1, 0x18C2,
  0x2123, 0x2944, 0x2964, 0x2943, 0x2103, 0x18E3, 0x10A1, 0x18E2, 0x2944, 0x2103, 0x18E2, 0x10A2,
  0x10A2, 0x10A2, 0x10A2, 0x10A2, 0x10C2, 0x10C2, 0x10C2, 0x10C2, 0x10C2, 0x10C2, 0x10C2, 0x10C2,
  0x10C2, 0x10C2, 0x10C2, 0x10C2, 0x10A2, 0x10C2, 0x10C2, 0x10C2, 0x10C2, 0x10C2, 0x10C2, 0x10C2,
  0x10C2, 0x10C2, 0x10C2, 0x10C2, 0x10C2, 0x10C2, 0x10C2, 0x10C2, 0x10C2, 0x10C2, 0x10C2, 0x10A2,
  0x10A2, 0x10A2, 0x10A1, 0x094B, 0x02DC, 0x031B, 0x031C, 0x02DC, 0x029C, 0x027C, 0x025D, 0x025D,
  0x025D, 0x025D, 0x025D, 0x029D, 0x029C, 0x029C, 0x029C, 0x029C, 0x02DC, 0x031C, 0x031C, 0x094A,
  0x1081, 0x10A2, 0x10A2, 0x10A2, 0x10C2, 0x10A2, 0x10C2, 0x10C2, 0x10C2, 0x10C2, 0x10C2, 0x10C2,
  0x10C2, 0x10C2, 0x10C2, 0x10C2, 0x10C2, 0x10C2, 0x10C2, 0x10C2, 0x10C2, 0x10C2, 0x10C2, 0x10C2,
  0x18C2, 0x18C2, 0x10C2, 0x10C2, 0x10C2, 0x10C2, 0x10C2, 0x10C2, 0x10C2, 0x10C2, 0x10C2, 0x10C2,
  0x10C2, 0x10C2, 0x10C2, 0x10C2, 0x10C2, 0x10C2, 0x10C2, 0x10C2, 0x10C2, 0x10C2, 0x10C2, 0x10C2,
  0x10C2, 0x10C2, 0x10C2, 0x10C2, 0x10A2, 0x10A2, 0x10A2, 0x10A2, 0x10A2, 0x10A2, 0x10A2, 0x10A2,
  0x10A2, 0x10A2, 0x10A2, 0x10A2, 0x18A2, 0x18C2, 0x2944, 0x3184, 0x3164, 0x3164, 0x3164, 0x3184,
  0x39A5, 0x39A5, 0x31A5, 0x3185, 0x39A5, 0x3184, 0x3184, 0x3184, 0x3164, 0x3184, 0x3184, 0x3164,
  0x3164, 0x3164, 0x3164, 0x3164, 0x2964, 0x2944, 0x2944, 0x3164, 0x2123, 0x0841, 0x0861, 0x0861,
  0x0861, 0x0861, 0x0020, 0x0000, 0x0000, 0x0000, 0x0000, 0x0000, 0x0000, 0x0000, 0x0000, 0x0000,
  0x0000, 0x0000, 0x0000, 0x0000, 0x0000, 0x0000, 0x0000, 0x0000, 0x0000, 0x0020, 0x0861, 0x0861,
  0x0861, 0x0861, 0x0020, 0x1081, 0x2124, 0x2103, 0x2103, 0x2123, 0x2123, 0x2123, 0x2103, 0x2123,
  0x2923, 0x2923, 0x2923, 0x2923, 0x2923, 0x2923, 0x2923, 0x2923, 0x2943, 0x2943, 0x2944, 0x2944,
  0x2944, 0x2944, 0x2944, 0x2944, 0x2944, 0x2944, 0x3164, 0x2964, 0x2964, 0x2964, 0x3164, 0x3164,
  0x3164, 0x3164, 0x3164, 0x3164, 0x3164, 0x3164, 0x2944, 0x2123, 0x2944, 0x2944, 0x2923, 0x2944,
  0x2964, 0x2964, 0x2964, 0x3164, 0x2964, 0x2964, 0x2944, 0x2964, 0x3184, 0x3185, 0x3184, 0x2943,
  0x2103, 0x18E2, 0x10A2, 0x10A2, 0x10A2, 0x10A2, 0x10A2, 0x10C2, 0x10C2, 0x10C2, 0x10C2, 0x10C2,
  0x18C2, 0x10C2, 0x10C2, 0x10C2, 0x10C2, 0x10C2, 0x10C2, 0x10C2, 0x10C2, 0x10C2, 0x18C2, 0x10C2,
  0x10C2, 0x10C2, 0x10C2, 0x10C2, 0x10C2, 0x10C2, 0x10C2, 0x10C2, 0x10C2, 0x10C2, 0x10A2, 0x10A2,
  0x10A2, 0x10A2, 0x10C2, 0x0A16, 0x027D, 0x02BB, 0x031C, 0x02FC, 0x02DC, 0x029C, 0x027C, 0x027C,
  0x027D, 0x025C, 0x027C, 0x027C, 0x027D, 0x027D, 0x027C, 0x029A, 0x029B, 0x029C, 0x025D, 0x0153,
  0x1082, 0x10A1, 0x10A2, 0x10A2, 0x10C2, 0x10C2, 0x10C2, 0x10C2, 0x10C2, 0x10C2, 0x10C2, 0x10C2,
  0x10C2, 0x10C2, 0x10C2, 0x10C2, 0x10C2, 0x10C2, 0x10C2, 0x10C2, 0x10C2, 0x10C2, 0x10C2, 0x10C2,
  0x10C2, 0x10C2, 0x10C2, 0x10C2, 0x10C2, 0x10C2, 0x10C2, 0x10C2, 0x10C2, 0x10C2, 0x10C2, 0x10C2,
  0x10C2, 0x10C2, 0x10C2, 0x10C2, 0x10C2, 0x10C2, 0x10C2, 0x10C2, 0x10C2, 0x10C2, 0x10C2, 0x10C2,
  0x10A2, 0x10C2, 0x10C2, 0x10A2, 0x10A2, 0x10A2, 0x10A2, 0x10A2, 0x10A2, 0x10A2, 0x10A2, 0x10A2,
  0x10A2, 0x18C2, 0x10A2, 0x18C2, 0x2944, 0x3184, 0x3164, 0x3164, 0x3164, 0x3164, 0x3985, 0x39A5,
  0x39C5, 0x3185, 0x3184, 0x3184, 0x3184, 0x3184, 0x3184, 0x3164, 0x3164, 0x3164, 0x3164, 0x3164,
  0x3164, 0x3164, 0x3164, 0x2964, 0x2964, 0x2944, 0x2943, 0x3164, 0x18C2, 0x0020, 0x0861, 0x0861,
  0x0861, 0x0861, 0x0020, 0x0000, 0x0000, 0x0000, 0x0000, 0x0000, 0x0000, 0x0000, 0x0000, 0x0000,
  0x0000, 0x0000, 0x0000, 0x0000, 0x0000, 0x0000, 0x0000, 0x0000, 0x0000, 0x0020, 0x0861, 0x0861,
  0x0861, 0x0861, 0x0020, 0x0020, 0x2103, 0x2103, 0x2103, 0x2123, 0x2103, 0x2103, 0x2103, 0x2103,
  0x2103, 0x2123, 0x2123, 0x2123, 0x2123, 0x2923, 0x2923, 0x2924, 0x2923, 0x2923, 0x2923, 0x2923,
  0x2944, 0x2944, 0x2943, 0x2943, 0x2943, 0x2944, 0x2944, 0x2944, 0x2944, 0x2964, 0x3164, 0x3164,
  0x3164, 0x3164, 0x3164, 0x3164, 0x3164, 0x3164, 0x3164, 0x3164, 0x2944, 0x2944, 0x3164, 0x2964,
  0x3164, 0x3164, 0x3164, 0x3164, 0x2944, 0x2944, 0x3164, 0x3164, 0x3164, 0x3164, 0x3164, 0x3184,
  0x3184, 0x3184, 0x2944, 0x18C2, 0x10A1, 0x10A2, 0x10A2, 0x10A2, 0x10C2, 0x10C2, 0x10C2, 0x10C2,
  0x18C2, 0x18C2, 0x10C2, 0x10C2, 0x10C2, 0x10C2, 0x10C2, 0x10C2, 0x10C2, 0x10C2, 0x10C2, 0x10C2,
  0x10C2, 0x10C2, 0x10C2, 0x10C2, 0x10C2, 0x10C2, 0x10C2, 0x10C2, 0x10C2, 0x10C2, 0x10C2, 0x10C2,
  0x10C2, 0x10A1, 0x10E7, 0x025B, 0x029C, 0x027C, 0x02BC, 0x02FC, 0x02DC, 0x029C, 0x029C, 0x029C,
  0x027C, 0x027C, 0x027C, 0x025C, 0x025C, 0x027C, 0x0AB9, 0x1AD6, 0x12D8, 0x027B, 0x01FB, 0x01D9,
  0x10C6, 0x10A1, 0x10C2, 0x10A2, 0x10A2, 0x10C2, 0x10C2, 0x10C2, 0x10C2, 0x10C2, 0x10C2, 0x10C2,
  0x10C2, 0x10C2, 0x10C2, 0x10C2, 0x10C2, 0x10C2, 0x10C2, 0x10C2, 0x10C2, 0x10C2, 0x10C2, 0x10C2,
  0x10C2, 0x10C2, 0x10C2, 0x10C2, 0x10C2, 0x10C2, 0x10C2, 0x10C2, 0x10C2, 0x10C2, 0x10C2, 0x10C2,
  0x10C2, 0x10C2, 0x10C2, 0x10C2, 0x10C2, 0x10C2, 0x10C2, 0x10C2, 0x10C2, 0x10C2, 0x10C2, 0x10C2,
  0x10C2, 0x10C2, 0x10C2, 0x18C2, 0x10A2, 0x18E2, 0x18C2, 0x10A1, 0x10A2, 0x10A2, 0x10A1, 0x10A1,
  0x2103, 0x3164, 0x2944, 0x3164, 0x3164, 0x3164, 0x3164, 0x3144, 0x3164, 0x39A5, 0x39A5, 0x39A5,
  0x39A5, 0x3185, 0x3184, 0x3164, 0x3164, 0x3184, 0x3164, 0x3164, 0x3164, 0x3164, 0x2964, 0x3164,
  0x3164, 0x3164, 0x2944, 0x2944, 0x2944, 0x2944, 0x2943, 0x2944, 0x0841, 0x0020, 0x0861, 0x0861,
  0x0861, 0x0861, 0x0020, 0x0000, 0x0000, 0x0000, 0x0000, 0x0000, 0x0000, 0x0000, 0x0000, 0x0000,
  0x0000, 0x0000, 0x0000, 0x0000, 0x0000, 0x0000, 0x0000, 0x0000, 0x0000, 0x0020, 0x0861, 0x0841,
  0x0861, 0x0861, 0x0020, 0x0000, 0x18C2, 0x2103, 0x2103, 0x2123, 0x2103, 0x2103, 0x2103, 0x2103,
  0x2103, 0x2103, 0x2123, 0x2123, 0x2123, 0x2103, 0x2103, 0x2123, 0x2123, 0x2923, 0x2923, 0x2923,
  0x2923, 0x2923, 0x2923, 0x2923, 0x2923, 0x2923, 0x2943, 0x2923, 0x2943, 0x2944, 0x2944, 0x2944,
  0x2964, 0x3164, 0x3164, 0x3164, 0x3164, 0x3164, 0x2964, 0x3164, 0x3164, 0x3164, 0x3164, 0x3164,
  0x3164, 0x3184, 0x3184, 0x3184, 0x3164, 0x3164, 0x3164, 0x3184, 0x3164, 0x3164, 0x2964, 0x3164,
  0x3184, 0x3164, 0x3184, 0x2944, 0x18E3, 0x10C2, 0x10A1, 0x10A2, 0x10A2, 0x10A2, 0x10A2, 0x10A2,
  0x10A2, 0x10C2, 0x10A2, 0x10C2, 0x10C2, 0x10C2, 0x10C2, 0x10C2, 0x10C2, 0x10C2, 0x10C2, 0x10C2,
  0x10C2, 0x10C2, 0x10C2, 0x10C2, 0x10C2, 0x10C2, 0x10C2, 0x10C2, 0x10C2, 0x10C2, 0x10C2, 0x10A2,
  0x10C2, 0x1080, 0x094C, 0x02FC, 0x033C, 0x02DC, 0x029C, 0x029C, 0x029C, 0x029C, 0x029C, 0x029C,
  0x029C, 0x029C, 0x029C, 0x027D, 0x029C, 0x0AB8, 0x1317, 0x1318, 0x0AB9, 0x025A, 0x027A, 0x027B,
  0x094C, 0x1880, 0x10A2, 0x10A2, 0x10A2, 0x10A2, 0x10A2, 0x10C2, 0x10C2, 0x10C2, 0x10C2, 0x10A2,
  0x10C2, 0x10C2, 0x10C2, 0x10C2, 0x10C2, 0x10C2, 0x10C2, 0x10C2, 0x10C2, 0x10C2, 0x10C2, 0x10C2,
  0x10C2, 0x10C2, 0x10C2, 0x10C2, 0x10C2, 0x10C2, 0x10C2, 0x10C2, 0x10C2, 0x10C2, 0x10C2, 0x10C2,
  0x10C2, 0x10C2, 0x10C2, 0x10C2, 0x10C2, 0x10C2, 0x10C2, 0x10C2, 0x10C2, 0x10C2, 0x10A2, 0x10A2,
  0x10C2, 0x10A2, 0x10A2, 0x10A1, 0x2103, 0x2964, 0x2944, 0x2123, 0x2103, 0x18E2, 0x2123, 0x2944,
  0x3184, 0x3164, 0x3184, 0x3164, 0x2944, 0x3164, 0x3164, 0x3185, 0x39A5, 0x39A5, 0x39A5, 0x39A5,
  0x3185, 0x3184, 0x3185, 0x3184, 0x3164, 0x3164, 0x3164, 0x3164, 0x3164, 0x2964, 0x2964, 0x2944,
  0x2944, 0x2944, 0x2944, 0x2944, 0x2943, 0x2923, 0x2923, 0x2103, 0x0000, 0x0041, 0x0861, 0x0861,
  0x0861, 0x0861, 0x0020, 0x0000, 0x0000, 0x0000, 0x0000, 0x0000, 0x0000, 0x0000, 0x0000, 0x0000,
  0x0000, 0x0000, 0x0000, 0x0000, 0x0000, 0x0000, 0x0000, 0x0000, 0x0000, 0x0000, 0x0000, 0x0000,
  0x0000, 0x0000, 0x0841, 0x0861, 0x10A2, 0x2103, 0x20E3, 0x2103, 0x2103, 0x2103, 0x2103, 0x2103,
  0x2103, 0x2103, 0x2103, 0x2103, 0x2103, 0x2103, 0x2103, 0x2103, 0x2103, 0x2123, 0x2123, 0x2923,
  0x2923, 0x2923, 0x2923, 0x2943, 0x2923, 0x2923, 0x2923, 0x2923, 0x2923, 0x2943, 0x2943, 0x2943,
  0x2943, 0x2944, 0x2944, 0x2944, 0x2944, 0x2944, 0x2964, 0x3164, 0x3164, 0x3164, 0x3164, 0x3164,
  0x3164, 0x3164, 0x3184, 0x3184, 0x3184, 0x3185, 0x3185, 0x3185, 0x3185, 0x3184, 0x3184, 0x3164,
  0x2964, 0x3164, 0x3164, 0x3164, 0x3164, 0x3164, 0x2123, 0x18C2, 0x10A2, 0x18C2, 0x2103, 0x2944,
  0x18C2, 0x10A1, 0x18C2, 0x10A2, 0x10A2, 0x10C2, 0x10C2, 0x10C2, 0x10C2, 0x10C2, 0x10C2, 0x10C2,
  0x10C2, 0x10C2, 0x10C2, 0x10C2, 0x10C2, 0x10C2, 0x10C2, 0x10C2, 0x10A2, 0x10A2, 0x10C2, 0x10A2,
  0x10C2, 0x1080, 0x09F0, 0x035D, 0x037B, 0x037C, 0x02DC, 0x029C, 0x029C, 0x029C, 0x029C, 0x02BC,
  0x02DB, 0x02FC, 0x02BB, 0x09F4, 0x0A54, 0x0B19, 0x0A72, 0x0928, 0x0A15, 0x02BB, 0x0299, 0x02BC,
  0x098E, 0x1080, 0x10A2, 0x10A2, 0x10A2, 0x10A2, 0x10A2, 0x10A2, 0x10C2, 0x10C2, 0x10C2, 0x10A2,
  0x10C2, 0x10C2, 0x10C2, 0x10C2, 0x10C2, 0x10C2, 0x10C2, 0x10C2, 0x10C2, 0x10C2, 0x10C2, 0x10C2,
  0x10C2, 0x10C2, 0x10C2, 0x10C2, 0x10C2, 0x10C2, 0x10C2, 0x10C2, 0x10C2, 0x10C2, 0x10C2, 0x10C2,
  0x10C2, 0x10C2, 0x10C2, 0x10C2, 0x10C2, 0x10C2, 0x10C2, 0x10C2, 0x10C2, 0x10C2, 0x10A2, 0x10A2,
  0x10A2, 0x10A1, 0x10A1, 0x2103, 0x2964, 0x2944, 0x2964, 0x3164, 0x3164, 0x3184, 0x3185, 0x3164,
  0x3164, 0x3164, 0x3164, 0x3164, 0x3184, 0x3164, 0x3164, 0x39A5, 0x39A5, 0x39A5, 0x39A5, 0x3185,
  0x3164, 0x3164, 0x3184, 0x3184, 0x3164, 0x3164, 0x3164, 0x2964, 0x2964, 0x2944, 0x2944, 0x2944,
  0x2943, 0x2944, 0x2944, 0x2944, 0x2943, 0x2923, 0x2943, 0x18C2, 0x0861, 0x0041, 0x0000, 0x0000,
  0x0000, 0x0000, 0x0000, 0x0000, 0x0000, 0x0000, 0x0000, 0x0000, 0x0000, 0x0000, 0x0000, 0x0000,
  0x0000, 0x0000, 0x0000, 0x0000, 0x0000, 0x0000, 0x0000, 0x0000, 0x0000, 0x0000, 0x0000, 0x0000,
  0x0000, 0x0000, 0x0841, 0x0861, 0x0861, 0x20E3, 0x2103, 0x2103, 0x2103, 0x2103, 0x2103, 0x20E3,
  0x2103, 0x20E3, 0x20E3, 0x2103, 0x2103, 0x2103, 0x2103, 0x2103, 0x2103, 0x2103, 0x2103, 0x2103,
  0x2123, 0x2923, 0x2923, 0x2923, 0x2923, 0x2923, 0x2923, 0x2923, 0x2923, 0x2923, 0x2943, 0x2943,
  0x2943, 0x2943, 0x2944, 0x2944, 0x2944, 0x2964, 0x3164, 0x3164, 0x3164, 0x3164, 0x3164, 0x2964,
  0x3164, 0x3164, 0x3184, 0x3184, 0x3184, 0x3185, 0x3185, 0x3185, 0x3184, 0x3185, 0x3185, 0x3185,
  0x3164, 0x3164, 0x3164, 0x3164, 0x3164, 0x3164, 0x3164, 0x2964, 0x2123, 0x2964, 0x3184, 0x3184,
  0x2964, 0x2943, 0x3185, 0x2103, 0x10A2, 0x10A2, 0x10A2, 0x10C2, 0x10C2, 0x10C2, 0x10C2, 0x10C2,
  0x10C2, 0x10C2, 0x10C2, 0x10C2, 0x10C2, 0x10C2, 0x10C2, 0x10A2, 0x10A2, 0x10A2, 0x10C2, 0x10A2,
  0x10A2, 0x10A1, 0x09F2, 0x02FD, 0x02FC, 0x02FC, 0x02BC, 0x029C, 0x029C, 0x029C, 0x029B, 0x02DB,
  0x02FB, 0x0A77, 0x096B, 0x0861, 0x0841, 0x09EF, 0x118B, 0x1020, 0x08E6, 0x02D9, 0x02D9, 0x0277,
  0x09AD, 0x1081, 0x10A2, 0x10A2, 0x10A2, 0x10A2, 0x10A2, 0x10A2, 0x10C2, 0x10C2, 0x10A2, 0x10A2,
  0x10C2, 0x10C2, 0x10C2, 0x10C2, 0x10C2, 0x10C2, 0x10C2, 0x10C2, 0x10C2, 0x10C2, 0x10C2, 0x10C2,
  0x10C2, 0x10C2, 0x10C2, 0x10C2, 0x10C2, 0x10C2, 0x10C2, 0x10C2, 0x10C2, 0x10C2, 0x10C2, 0x10C2,
  0x10C2, 0x10C2, 0x10C2, 0x10C2, 0x10C2, 0x10C2, 0x10C2, 0x10C2, 0x10A2, 0x10A2, 0x10C2, 0x10A2,
  0x18C2, 0x2103, 0x2923, 0x3164, 0x2964, 0x2964, 0x2944, 0x2944, 0x3164, 0x3164, 0x3164, 0x3164,
  0x3164, 0x2944, 0x3164, 0x3184, 0x39A5, 0x39A5, 0x39A5, 0x39A5, 0x39A5, 0x31A5, 0x3185, 0x3164,
  0x3164, 0x3164, 0x3164, 0x2944, 0x2944, 0x2944, 0x2944, 0x2944, 0x2944, 0x2944, 0x2943, 0x2944,
  0x2943, 0x2944, 0x2944, 0x2943, 0x2943, 0x2943, 0x2943, 0x10A2, 0x0861, 0x0820, 0x0000, 0x0000,
  0x0000, 0x0000, 0x0000, 0x0000, 0x0000, 0x0000, 0x0000, 0x0000, 0x0000, 0x0000, 0x0000, 0x0000,
  0x0000, 0x0000, 0x0000, 0x0000, 0x0000, 0x0000, 0x0000, 0x0000, 0x0000, 0x0000, 0x0000, 0x0000,
  0x0000, 0x0000, 0x0841, 0x0861, 0x0861, 0x18C2, 0x2103, 0x20E3, 0x20E3, 0x20E3, 0x20E3, 0x18E3,
  0x18E3, 0x18E3, 0x20E3, 0x2103, 0x2103, 0x2103, 0x2103, 0x2103, 0x2103, 0x2103, 0x2103, 0x2103,
  0x2103, 0x2103, 0x2103, 0x2103, 0x2103, 0x2123, 0x2923, 0x2923, 0x2923, 0x2923, 0x2923, 0x2923,
  0x2923, 0x2943, 0x2944, 0x2944, 0x2944, 0x2964, 0x3164, 0x2964, 0x2964, 0x2964, 0x2964, 0x2964,
  0x2964, 0x3164, 0x3164, 0x3164, 0x3184, 0x3185, 0x3185, 0x39A5, 0x3185, 0x3185, 0x3185, 0x3185,
  0x3184, 0x3185, 0x3184, 0x2964, 0x3164, 0x3164, 0x3164, 0x3164, 0x3184, 0x2964, 0x2964, 0x2964,
  0x3184, 0x3184, 0x3184, 0x3184, 0x3164, 0x2123, 0x10A1, 0x10A2, 0x10A2, 0x10A2, 0x10A2, 0x10A2,
  0x10A2, 0x10C2, 0x10C2, 0x10C2, 0x10C2, 0x10C2, 0x10C2, 0x10C2, 0x10C2, 0x10C2, 0x10A2, 0x10A2,
  0x10C2, 0x18A1, 0x0991, 0x023D, 0x023C, 0x027C, 0x02BB, 0x02FC, 0x02DB, 0x02BA, 0x02B9, 0x02D9,
  0x0AB7, 0x08A4, 0x1060, 0x1081, 0x0861, 0x0882, 0x1147, 0x1081, 0x1081, 0x1148, 0x1149, 0x08A3,
  0x10E4, 0x20E2, 0x18C2, 0x10A1, 0x10A2, 0x10A2, 0x10A2, 0x10A2, 0x10A2, 0x10A2, 0x10A2, 0x10A2,
  0x10A2, 0x10C2, 0x18C2, 0x10C2, 0x10A2, 0x10C2, 0x10A2, 0x10A2, 0x10C2, 0x10C2, 0x10C2, 0x10C2,
  0x10C2, 0x10C2, 0x10C2, 0x10C2, 0x10A2, 0x10C2, 0x10C2, 0x10C2, 0x10C2, 0x10C2, 0x10A2, 0x10A2,
  0x10C2, 0x10C2, 0x10C2, 0x10C2, 0x10C2, 0x10A2, 0x10A2, 0x10A2, 0x10A2, 0x10A2, 0x10A1, 0x18E3,
  0x2944, 0x3164, 0x2964, 0x2944, 0x2944, 0x2944, 0x2964, 0x3164, 0x3164, 0x3164, 0x3164, 0x3164,
  0x2944, 0x3164, 0x3185, 0x3185, 0x3185, 0x39A5, 0x39A5, 0x3185, 0x3185, 0x3184, 0x3185, 0x3164,
  0x3164, 0x3164, 0x2944, 0x2944, 0x2943, 0x2943, 0x2923, 0x2923, 0x2923, 0x2923, 0x2923, 0x2943,
  0x2943, 0x2943, 0x2943, 0x2943, 0x2923, 0x2944, 0x2103, 0x0861, 0x0861, 0x0020, 0x0000, 0x0000,
  0x0000, 0x0000, 0x0000, 0x0000, 0x0000, 0x0000, 0x0000, 0x0000, 0x0000, 0x0000, 0x0000, 0x0000,
  0x0000, 0x0000, 0x0000, 0x0000, 0x0000, 0x0000, 0x0000, 0x0000, 0x0000, 0x0000, 0x0000, 0x0000,
  0x0000, 0x0000, 0x0841, 0x0861, 0x0861, 0x1082, 0x18E3, 0x18E3, 0x20E3, 0x20E3, 0x18E3, 0x18E3,
  0x18E3, 0x18E3, 0x18E3, 0x20E3, 0x2103, 0x2103, 0x2103, 0x2103, 0x2103, 0x2103, 0x2103, 0x2103,
  0x2103, 0x2103, 0x2103, 0x2103, 0x2103, 0x2103, 0x2103, 0x2123, 0x2923, 0x2923, 0x2923, 0x2923,
  0x2923, 0x2943, 0x2943, 0x2944, 0x2944, 0x2944, 0x2944, 0x2944, 0x2944, 0x2944, 0x2944, 0x2944,
  0x2964, 0x2964, 0x3164, 0x3164, 0x3164, 0x3164, 0x3184, 0x3185, 0x3185, 0x3185, 0x3185, 0x3185,
  0x3185, 0x3185, 0x3185, 0x3164, 0x3164, 0x3164, 0x3164, 0x3164, 0x2964, 0x3164, 0x3164, 0x3164,
  0x3164, 0x3164, 0x3164, 0x3164, 0x3184, 0x3185, 0x2943, 0x18A1, 0x10A2, 0x10A2, 0x10A2, 0x10A2,
  0x10C2, 0x10C2, 0x10C2, 0x10C2, 0x10A2, 0x10A2, 0x10C2, 0x10C2, 0x10A2, 0x10A2, 0x10C2, 0x10A2,
  0x10C2, 0x18A1, 0x094E, 0x023C, 0x029B, 0x033B, 0x03DC, 0x0BDC, 0x033C, 0x02FB, 0x0296, 0x12F6,
  0x1316, 0x08C4, 0x0861, 0x1081, 0x1081, 0x1081, 0x1081, 0x10A2, 0x10A2, 0x1081, 0x1060, 0x1081,
  0x1081, 0x18C2, 0x2103, 0x18C2, 0x18C2, 0x10A2, 0x10A2, 0x10A2, 0x10A1, 0x18C2, 0x18C2, 0x18E2,
  0x18C2, 0x18A2, 0x10A2, 0x10A2, 0x18E2, 0x18C2, 0x18E3, 0x18E2, 0x10A2, 0x10A2, 0x10A2, 0x10A2,
  0x10A2, 0x10A2, 0x10A2, 0x10A2, 0x10A2, 0x10A2, 0x10A2, 0x10A2, 0x10A2, 0x10A2, 0x10A2, 0x10C2,
  0x10C2, 0x10C2, 0x10C2, 0x10C2, 0x10C2, 0x10C2, 0x10A2, 0x10A2, 0x10A2, 0x10A2, 0x18E3, 0x2964,
  0x2964, 0x2964, 0x2964, 0x2964, 0x2944, 0x2944, 0x2964, 0x2944, 0x2944, 0x2944, 0x2943, 0x2943,
  0x3164, 0x39A5, 0x3164, 0x3184, 0x39A5, 0x39A5, 0x39A5, 0x3185, 0x3185, 0x3185, 0x3185, 0x3184,
  0x3164, 0x2944, 0x2944, 0x2944, 0x2923, 0x2923, 0x2923, 0x2923, 0x2923, 0x2923, 0x2923, 0x2923,
  0x2923, 0x2923, 0x2923, 0x2923, 0x2923, 0x2943, 0x10C2, 0x0861, 0x1082, 0x0841, 0x0000, 0x0000,
  0x0000, 0x0000, 0x0000, 0x0000, 0x0000, 0x0000, 0x0000, 0x0000, 0x0000, 0x0000, 0x0000, 0x0000,
  0x0000, 0x0000, 0x0000, 0x0000, 0x0000, 0x0000, 0x0000, 0x0000, 0x0000, 0x0000, 0x0000, 0x0000,
  0x0000, 0x0000, 0x0841, 0x0861, 0x0861, 0x0841, 0x10C2, 0x18E3, 0x18E3, 0x18E3, 0x18E3, 0x18E3,
  0x18E3, 0x18E3, 0x18E3, 0x18E3, 0x18E3, 0x18E3, 0x2103, 0x2103, 0x2103, 0x2103, 0x2103, 0x2103,
  0x2103, 0x2103, 0x2103, 0x2103, 0x2103, 0x2123, 0x2123, 0x2123, 0x2923, 0x2923, 0x2123, 0x2923,
  0x2923, 0x2923, 0x2923, 0x2923, 0x2923, 0x2943, 0x2944, 0x2943, 0x2923, 0x2923, 0x2923, 0x2943,
  0x2944, 0x2944, 0x2944, 0x2944, 0x2964, 0x2964, 0x3164, 0x3164, 0x3164, 0x3184, 0x3185, 0x3185,
  0x3185, 0x3185, 0x3185, 0x3185, 0x3185, 0x3185, 0x3185, 0x3164, 0x2964, 0x2944, 0x2964, 0x3164,
  0x2964, 0x2964, 0x2964, 0x3164, 0x3164, 0x2964, 0x3184, 0x2944, 0x18A2, 0x10A2, 0x10A2, 0x10A2,
  0x10A2, 0x10A2, 0x10A2, 0x10A2, 0x10A2, 0x10C2, 0x10C2, 0x10C2, 0x10C2, 0x10C2, 0x10A2, 0x10A2,
  0x10A2, 0x1880, 0x094A, 0x031B, 0x0B7A, 0x0BDA, 0x0B76, 0x11EC, 0x09AC, 0x0B19, 0x02B6, 0x0A52,
  0x12D4, 0x0948, 0x0860, 0x1081, 0x10A2, 0x10A2, 0x10A1, 0x1081, 0x10A2, 0x10C2, 0x10C2, 0x10A2,
  0x10C2, 0x18C2, 0x2923, 0x2923, 0x2923, 0x2123, 0x18C2, 0x18C2, 0x18E2, 0x20E2, 0x20E2, 0x20E2,
  0x18E2, 0x18C2, 0x18E2, 0x2123, 0x2943, 0x2943, 0x3164, 0x3164, 0x2103, 0x10A1, 0x10A2, 0x10A2,
  0x10A2, 0x10A2, 0x10A2, 0x10A2, 0x10A1, 0x10A2, 0x10A1, 0x10A2, 0x10A2, 0x10A2, 0x10A2, 0x10C2,
  0x10C2, 0x10C2, 0x10A2, 0x10A2, 0x10A2, 0x10A2, 0x10A2, 0x10A2, 0x2103, 0x2123, 0x2944, 0x2964,
  0x2944, 0x2944, 0x2964, 0x2964, 0x2944, 0x2944, 0x2964, 0x3164, 0x2944, 0x2944, 0x3164, 0x3184,
  0x39A5, 0x3184, 0x39A5, 0x39A5, 0x39A5, 0x3185, 0x3184, 0x3185, 0x3185, 0x3185, 0x3164, 0x3164,
  0x2944, 0x2944, 0x2943, 0x2923, 0x2923, 0x2923, 0x2923, 0x2923, 0x2923, 0x2923, 0x2923, 0x2923,
  0x2923, 0x2923, 0x2923, 0x2923, 0x2923, 0x2103, 0x0861, 0x0861, 0x0861, 0x0841, 0x0000, 0x0000,
  0x0000, 0x0000, 0x0000, 0x0000, 0x0000, 0x0000, 0x0000, 0x0000, 0x0000, 0x0000, 0x0000, 0x0000,
  0x0000, 0x0000, 0x0000, 0x0000, 0x0000, 0x0000, 0x0000, 0x0000, 0x0000, 0x0020, 0x0861, 0x0861,
  0x0861, 0x0861, 0x0020, 0x0000, 0x0000, 0x0000, 0x0861, 0x18E3, 0x18C2, 0x18C2, 0x18C2, 0x18E2,
  0x18E2, 0x18E2, 0x18E3, 0x18E3, 0x18E3, 0x18E3, 0x20E3, 0x20E3, 0x18E3, 0x18E3, 0x18E3, 0x18E3,
  0x2103, 0x2103, 0x18E2, 0x20E2, 0x2103, 0x2103, 0x2123, 0x2923, 0x2923, 0x2923, 0x2923, 0x2923,
  0x2923, 0x2923, 0x2123, 0x2123, 0x2923, 0x2923, 0x2923, 0x2923, 0x2923, 0x2923, 0x2923, 0x2923,
  0x2923, 0x2923, 0x2923, 0x2923, 0x2944, 0x2944, 0x2964, 0x3164, 0x3164, 0x3164, 0x3164, 0x3164,
  0x3164, 0x3164, 0x3184, 0x3185, 0x3185, 0x3185, 0x3185, 0x3185, 0x3185, 0x3184, 0x3184, 0x2964,
  0x2944, 0x2944, 0x2964, 0x2964, 0x2964, 0x2964, 0x2944, 0x2964, 0x2944, 0x18C2, 0x10A1, 0x10A1,
  0x10A1, 0x10A2, 0x10A2, 0x10A2, 0x10A2, 0x10A2, 0x10A2, 0x10A2, 0x10A2, 0x10A2, 0x10A2, 0x10A2,
  0x10A2, 0x18A1, 0x2166, 0x1398, 0x0A0D, 0x0989, 0x08C4, 0x1040, 0x1081, 0x1125, 0x08E5, 0x08A3,
  0x0881, 0x0881, 0x1081, 0x10A2, 0x18E3, 0x18E2, 0x10A2, 0x10A1, 0x1081, 0x10A2, 0x18E3, 0x2103,
  0x2103, 0x2103, 0x2123, 0x2123, 0x2123, 0x2103, 0x20E2, 0x18E2, 0x18E2, 0x18E2, 0x18C2, 0x18C2,
  0x2103, 0x2944, 0x3164, 0x3164, 0x2964, 0x3164, 0x2944, 0x2944, 0x2964, 0x2123, 0x18E2, 0x10A1,
  0x10A1, 0x18C2, 0x1903, 0x2123, 0x18C2, 0x10A1, 0x18E2, 0x10A2, 0x10A1, 0x10A2, 0x10A2, 0x10C2,
  0x10C2, 0x10A2, 0x10A2, 0x10A2, 0x10A2, 0x10A2, 0x10C2, 0x2103, 0x2944, 0x2944, 0x2944, 0x2944,
  0x2944, 0x2944, 0x2944, 0x2944, 0x2944, 0x2964, 0x3164, 0x2964, 0x2944, 0x3185, 0x39A5, 0x3185,
  0x3185, 0x39A5, 0x39A5, 0x39A5, 0x39A5, 0x3185, 0x3184, 0x3185, 0x3184, 0x3164, 0x2964, 0x2944,
  0x2944, 0x2923, 0x2923, 0x2923, 0x2923, 0x2923, 0x2923, 0x2123, 0x2103, 0x2123, 0x2123, 0x2123,
  0x2123, 0x2123, 0x2123, 0x2103, 0x2123, 0x1082, 0x0000, 0x0000, 0x0000, 0x0020, 0x0861, 0x0861,
  0x0861, 0x0861, 0x0020, 0x0000, 0x0000, 0x0000, 0x0000, 0x0000, 0x0000, 0x0000, 0x0000, 0x0000,
  0x0000, 0x0000, 0x0000, 0x0000, 0x0000, 0x0000, 0x0000, 0x0000, 0x0000, 0x0020, 0x0861, 0x0861,
  0x0861, 0x0861, 0x0020, 0x0000, 0x0000, 0x0000, 0x0000, 0x10A2, 0x10A2, 0x18C2, 0x18C2, 0x18C2,
  0x18E2, 0x18E2, 0x18E3, 0x18E3, 0x18E3, 0x18E3, 0x18E3, 0x18E3, 0x18E3, 0x18E3, 0x18E3, 0x18E3,
  0x10C2, 0x2103, 0x3164, 0x2964, 0x2943, 0x3185, 0x2923, 0x2123, 0x2923, 0x2923, 0x2923, 0x2923,
  0x2923, 0x2923, 0x2923, 0x2923, 0x2923, 0x2123, 0x2123, 0x2923, 0x2123, 0x2123, 0x2923, 0x2923,
  0x2923, 0x2923, 0x2923, 0x2923, 0x2923, 0x2943, 0x2944, 0x2944, 0x2944, 0x2944, 0x2964, 0x3164,
  0x3164, 0x3164, 0x3164, 0x3164, 0x3164, 0x3164, 0x3185, 0x3185, 0x3185, 0x3185, 0x3185, 0x3184,
  0x3164, 0x2964, 0x2944, 0x2944, 0x2944, 0x2944, 0x2944, 0x2944, 0x2944, 0x2964, 0x2103, 0x18C2,
  0x18C2, 0x10A2, 0x10A2, 0x10A2, 0x10A2, 0x10A2, 0x10A2, 0x10A2, 0x10A2, 0x10A2, 0x1081, 0x18E2,
  0x2123, 0x2923, 0x3185, 0x21C8, 0x0841, 0x0840, 0x1081, 0x1082, 0x1081, 0x1061, 0x1081, 0x1081,
  0x1081, 0x1081, 0x10A2, 0x10C2, 0x18C2, 0x18C2, 0x10C2, 0x10A1, 0x10A1, 0x0881, 0x18E3, 0x2124,
  0x2123, 0x2123, 0x2103, 0x2103, 0x18E2, 0x18C2, 0x18C2, 0x18C2, 0x18C2, 0x18E2, 0x2103, 0x2944,
  0x3164, 0x3164, 0x2964, 0x2964, 0x2964, 0x2944, 0x2944, 0x2944, 0x2944, 0x2944, 0x2964, 0x2123,
  0x2103, 0x2964, 0x2964, 0x2944, 0x2943, 0x2123, 0x2944, 0x2944, 0x2123, 0x2103, 0x10A2, 0x10A2,
  0x10C2, 0x10C2, 0x10A2, 0x10A2, 0x2103, 0x2923, 0x2943, 0x2944, 0x2944, 0x2944, 0x2944, 0x2944,
  0x2943, 0x2944, 0x2944, 0x2944, 0x2944, 0x2944, 0x2944, 0x2944, 0x3164, 0x3985, 0x3185, 0x3185,
  0x3185, 0x3185, 0x3185, 0x3185, 0x3185, 0x3164, 0x3164, 0x3164, 0x2964, 0x2944, 0x2944, 0x2943,
  0x2923, 0x2923, 0x2923, 0x2923, 0x2923, 0x2123, 0x2103, 0x2103, 0x2103, 0x2123, 0x2123, 0x2123,
  0x2103, 0x2103, 0x2103, 0x2103, 0x2103, 0x0020, 0x0000, 0x0000, 0x0000, 0x0020, 0x0861, 0x0861,
  0x0861, 0x0861, 0x0020, 0x0000, 0x0000, 0x0000, 0x0000, 0x0000, 0x0000, 0x0000, 0x0000, 0x0000,
  0x0000, 0x0000, 0x0000, 0x0000, 0x0000, 0x0000, 0x0000, 0x0000, 0x0000, 0x0020, 0x0861, 0x0861,
  0x0861, 0x0861, 0x0020, 0x0000, 0x0000, 0x0000, 0x0000, 0x18E3, 0x3185, 0x18C2, 0x10A2, 0x18C2,
  0x18E3, 0x18C2, 0x18E2, 0x18E2, 0x18C2, 0x18C2, 0x18C2, 0x18E3, 0x18E3, 0x18E3, 0x18C2, 0x10A2,
  0x3184, 0x6B4B, 0x83ED, 0x7BAC, 0x6B0A, 0x7BAD, 0x4A47, 0x18C2, 0x2923, 0x2123, 0x2923, 0x2123,
  0x2923, 0x2123, 0x2123, 0x2123, 0x2923, 0x2123, 0x2123, 0x2123, 0x2123, 0x2123, 0x2923, 0x2923,
  0x2923, 0x2923, 0x2923, 0x2923, 0x2923, 0x2923, 0x2923, 0x2923, 0x2944, 0x2944, 0x2944, 0x2944,
  0x2944, 0x2944, 0x2944, 0x2964, 0x2944, 0x2964, 0x3164, 0x3164, 0x3184, 0x3164, 0x3164, 0x3164,
  0x3184, 0x3185, 0x3184, 0x3164, 0x2944, 0x2943, 0x2944, 0x2944, 0x2944, 0x2944, 0x2964, 0x2944,
  0x2944, 0x2103, 0x10A1, 0x10A2, 0x10A2, 0x10A2, 0x10A2, 0x10A2, 0x10A2, 0x18A2, 0x2103, 0x3184,
  0x3164, 0x2923, 0x2944, 0x1081, 0x1081, 0x10A1, 0x1081, 0x1081, 0x1081, 0x1081, 0x1081, 0x10A2,
  0x10A1, 0x10A2, 0x18C2, 0x18E3, 0x18E3, 0x18E2, 0x10A2, 0x10A2, 0x1081, 0x1081, 0x10A1, 0x10A1,
  0x10A2, 0x10A2, 0x10A1, 0x2103, 0x18E2, 0x2103, 0x2943, 0x2123, 0x2103, 0x2944, 0x3164, 0x3164,
  0x2964, 0x2964, 0x2964, 0x2964, 0x2964, 0x2944, 0x2944, 0x2944, 0x2944, 0x2944, 0x2944, 0x2944,
  0x2944, 0x2943, 0x2943, 0x2943, 0x2943, 0x2943, 0x2943, 0x2944, 0x2944, 0x2944, 0x2123, 0x2103,
  0x2123, 0x2124, 0x20E3, 0x2923, 0x2944, 0x2944, 0x2944, 0x2923, 0x2923, 0x2923, 0x2943, 0x2923,
  0x2943, 0x2944, 0x2944, 0x2944, 0x2943, 0x2944, 0x3164, 0x3164, 0x3185, 0x3985, 0x3185, 0x3185,
  0x3184, 0x3164, 0x3164, 0x3164, 0x3164, 0x3164, 0x3164, 0x2964, 0x2944, 0x2943, 0x2923, 0x2923,
  0x2923, 0x2123, 0x2123, 0x2923, 0x2123, 0x2103, 0x2103, 0x2103, 0x2103, 0x2103, 0x2123, 0x2103,
  0x2103, 0x2103, 0x2103, 0x2103, 0x10A2, 0x0000, 0x0000, 0x0000, 0x0000, 0x0020, 0x0861, 0x0861,
  0x0861, 0x0861, 0x0020, 0x0000, 0x0000, 0x0000, 0x0000, 0x0000, 0x0000, 0x0000, 0x0000, 0x0000,
  0x0000, 0x0000, 0x0000, 0x0000, 0x0000, 0x0000, 0x0000, 0x0000, 0x0000, 0x0020, 0x0861, 0x0861,
  0x0861, 0x0861, 0x0020, 0x0000, 0x0000, 0x0000, 0x0000, 0x10A2, 0x6B2B, 0x62EA, 0x5268, 0x2923,
  0x18C2, 0x18E2, 0x18C2, 0x18E2, 0x18E2, 0x18E2, 0x18C2, 0x18A2, 0x10A2, 0x18A2, 0x2923, 0x5288,
  0x83ED, 0x83ED, 0x83CD, 0x8C0D, 0x736B, 0x6B2B, 0x734B, 0x39A5, 0x2103, 0x2103, 0x2123, 0x2103,
  0x2103, 0x2103, 0x2103, 0x2103, 0x2103, 0x2103, 0x2103, 0x2103, 0x2123, 0x2123, 0x2123, 0x2123,
  0x2123, 0x2923, 0x2923, 0x2923, 0x2923, 0x2923, 0x2923, 0x2923, 0x2923, 0x2923, 0x2943, 0x2943,
  0x2943, 0x2943, 0x2944, 0x2944, 0x2944, 0x2943, 0x2944, 0x2944, 0x2944, 0x2944, 0x3164, 0x2944,
  0x3164, 0x3164, 0x3164, 0x3164, 0x3164, 0x2964, 0x2944, 0x2943, 0x2944, 0x2944, 0x2943, 0x2944,
  0x2943, 0x2944, 0x2103, 0x10A1, 0x10A1, 0x1081, 0x10A1, 0x10A2, 0x10A2, 0x2944, 0x2103, 0x2944,
  0x18C2, 0x1081, 0x18C2, 0x1081, 0x10A1, 0x10A2, 0x10A2, 0x1081, 0x1081, 0x1081, 0x1081, 0x10A1,
  0x10C2, 0x18C2, 0x18E3, 0x2103, 0x2103, 0x2103, 0x18E3, 0x10C2, 0x1081, 0x1081, 0x1081, 0x1081,
  0x0881, 0x1081, 0x18C2, 0x2944, 0x2923, 0x2944, 0x2964, 0x2964, 0x2944, 0x2944, 0x2944, 0x2944,
  0x2964, 0x2964, 0x2964, 0x2964, 0x2944, 0x2944, 0x2944, 0x2944, 0x2944, 0x2944, 0x2944, 0x2944,
  0x2944, 0x2943, 0x2923, 0x2943, 0x2923, 0x2923, 0x2943, 0x2923, 0x2923, 0x2923, 0x2923, 0x2923,
  0x2923, 0x2944, 0x2944, 0x2944, 0x2943, 0x2943, 0x2923, 0x2923, 0x2923, 0x2923, 0x2923, 0x2944,
  0x2944, 0x2944, 0x2944, 0x2923, 0x2944, 0x3184, 0x3184, 0x3184, 0x3185, 0x3185, 0x3185, 0x3184,
  0x3164, 0x3164, 0x2964, 0x2964, 0x2944, 0x2964, 0x2944, 0x2944, 0x2943, 0x2923, 0x2923, 0x2923,
  0x2123, 0x2103, 0x2103, 0x2103, 0x2103, 0x2103, 0x2103, 0x2103, 0x2103, 0x2103, 0x2103, 0x2103,
  0x2103, 0x2103, 0x2103, 0x2103, 0x0861, 0x0000, 0x0000, 0x0000, 0x0000, 0x0020, 0x1082, 0x0861,
  0x0861, 0x1082, 0x0020, 0x0000, 0x0000, 0x0000, 0x0000, 0x0000, 0x0000, 0x0000, 0x0000, 0x0000,
  0x0000, 0x0000, 0x0000, 0x0000, 0x0000, 0x0000, 0x0000, 0x0000, 0x0000, 0x0020, 0x0861, 0x0841,
  0x0841, 0x0841, 0x0020, 0x0020, 0x0020, 0x0020, 0x0020, 0x0020, 0x41C6, 0x736C, 0x736C, 0x736C,
  0x39A5, 0x10A1, 0x18A2, 0x10A2, 0x18C2, 0x18C2, 0x18C2, 0x3164, 0x4A27, 0x62C9, 0x7BAC, 0x83ED,
  0x7BAC, 0x83CD, 0x83CD, 0x8C0E, 0x83ED, 0x62C9, 0x6B2B, 0x736C, 0x6B0A, 0x2943, 0x18E3, 0x2103,
  0x2103, 0x2103, 0x2103, 0x2103, 0x2103, 0x2103, 0x2103, 0x2103, 0x2103, 0x2103, 0x2103, 0x2123,
  0x2103, 0x2103, 0x2123, 0x2123, 0x2123, 0x2123, 0x2923, 0x2923, 0x2923, 0x2923, 0x2923, 0x2923,
  0x2923, 0x2923, 0x2943, 0x2943, 0x2944, 0x2943, 0x2923, 0x2943, 0x2943, 0x2944, 0x2944, 0x2944,
  0x2944, 0x2964, 0x2944, 0x3164, 0x3164, 0x3164, 0x3164, 0x2964, 0x2944, 0x2923, 0x2923, 0x2943,
  0x2923, 0x2943, 0x2944, 0x2103, 0x18E2, 0x2944, 0x18C2, 0x10A2, 0x2923, 0x2943, 0x0881, 0x1081,
  0x1081, 0x10A1, 0x10A1, 0x18C2, 0x18C2, 0x18C2, 0x10A2, 0x10A2, 0x1081, 0x1081, 0x10A2, 0x18C2,
  0x18E3, 0x2103, 0x2103, 0x2144, 0x2944, 0x2124, 0x1903, 0x18C2, 0x10C2, 0x18E2, 0x10A1, 0x1081,
  0x1081, 0x10A2, 0x2964, 0x3185, 0x3164, 0x2944, 0x2923, 0x2923, 0x2923, 0x2923, 0x2923, 0x2943,
  0x2944, 0x2944, 0x2944, 0x2944, 0x2944, 0x2944, 0x2944, 0x2944, 0x2944, 0x2944, 0x2944, 0x2944,
  0x2944, 0x2943, 0x2923, 0x2923, 0x2923, 0x2923, 0x2923, 0x2923, 0x2923, 0x2923, 0x2923, 0x2923,
  0x2944, 0x2944, 0x2944, 0x2944, 0x2943, 0x2923, 0x2923, 0x2923, 0x2923, 0x2944, 0x2944, 0x2944,
  0x2944, 0x2943, 0x2944, 0x2964, 0x3185, 0x3184, 0x3184, 0x3184, 0x3184, 0x3184, 0x3164, 0x3164,
  0x3164, 0x3164, 0x2944, 0x2944, 0x2944, 0x2944, 0x2944, 0x2923, 0x2923, 0x2923, 0x2923, 0x2123,
  0x2103, 0x2103, 0x2103, 0x2103, 0x2103, 0x2103, 0x2103, 0x2103, 0x2103, 0x2103, 0x2103, 0x2103,
  0x2103, 0x2103, 0x2103, 0x18C2, 0x0841, 0x0020, 0x0020, 0x0000, 0x0020, 0x0841, 0x0841, 0x0841,
  0x0841, 0x0861, 0x0020, 0x0000, 0x0000, 0x0000, 0x0000, 0x0000, 0x0000, 0x0000, 0x0000, 0x0000,
  0x0000, 0x0000, 0x0000, 0x0000, 0x0000, 0x0000, 0x0000, 0x0000, 0x0000, 0x0000, 0x0000, 0x0000,
  0x0000, 0x0000, 0x0841, 0x1082, 0x0861, 0x0861, 0x1082, 0x0000, 0x0841, 0x6B0B, 0x7B6B, 0x7B8C,
  0x736C, 0x5AC9, 0x62C9, 0x5AA8, 0x62EA, 0x62EA, 0x6B0A, 0x83CD, 0x83CD, 0x7B6C, 0x7B8C, 0x944F,
  0x8C0E, 0x83ED, 0x944F, 0x9CB0, 0xA4F1, 0x8C0E, 0x736B, 0x7B8C, 0x83CD, 0x62E9, 0x18C1, 0x2103,
  0x2103, 0x2103, 0x2103, 0x2103, 0x2103, 0x2103, 0x2103, 0x2103, 0x2103, 0x2103, 0x2103, 0x2103,
  0x2103, 0x2123, 0x2123, 0x2123, 0x2123, 0x2103, 0x2103, 0x2123, 0x2923, 0x2923, 0x2123, 0x2923,
  0x2923, 0x2923, 0x2923, 0x2923, 0x2943, 0x2923, 0x2923, 0x2923, 0x2943, 0x2944, 0x2944, 0x2944,
  0x2944, 0x2944, 0x3164, 0x3185, 0x39A5, 0x3185, 0x3164, 0x3164, 0x3164, 0x2964, 0x2944, 0x2943,
  0x2923, 0x2944, 0x2944, 0x2944, 0x3185, 0x39A5, 0x3185, 0x3185, 0x39C5, 0x2964, 0x10A2, 0x1081,
  0x1081, 0x18C2, 0x2103, 0x18E3, 0x18C2, 0x10A1, 0x1081, 0x1081, 0x10A2, 0x18C2, 0x18E3, 0x2103,
  0x2123, 0x2123, 0x2123, 0x2944, 0x2944, 0x2103, 0x18E3, 0x18C2, 0x2944, 0x2944, 0x18C2, 0x18C2,
  0x18C2, 0x2123, 0x3185, 0x39A5, 0x3184, 0x3164, 0x2944, 0x2923, 0x2923, 0x2923, 0x2923, 0x2923,
  0x2923, 0x2943, 0x2943, 0x2943, 0x2943, 0x2943, 0x2943, 0x2943, 0x2944, 0x2943, 0x2923, 0x2943,
  0x2923, 0x2923, 0x2923, 0x2923, 0x2923, 0x2923, 0x2923, 0x2923, 0x2923, 0x2923, 0x2943, 0x2944,
  0x2943, 0x2943, 0x2943, 0x2943, 0x2943, 0x2943, 0x2943, 0x2923, 0x2944, 0x2944, 0x2944, 0x2943,
  0x2923, 0x2944, 0x3164, 0x3164, 0x3184, 0x3164, 0x3164, 0x3164, 0x3164, 0x3164, 0x3164, 0x2964,
  0x2944, 0x2944, 0x2944, 0x2944, 0x2943, 0x2923, 0x2923, 0x2923, 0x2923, 0x2923, 0x2123, 0x2103,
  0x2103, 0x2103, 0x2103, 0x2103, 0x2103, 0x2103, 0x2103, 0x2103, 0x20E3, 0x20E3, 0x20E3, 0x20E3,
  0x20E3, 0x18E3, 0x18E3, 0x0020, 0x0020, 0x0861, 0x0861, 0x0861, 0x0861, 0x0020, 0x0000, 0x0000,
  0x0000, 0x0000, 0x0000, 0x0000, 0x0000, 0x0000, 0x0000, 0x0000, 0x0000, 0x0000, 0x0000, 0x0000,
  0x0000, 0x0000, 0x0000, 0x0000, 0x0000, 0x0000, 0x0000, 0x0000, 0x0000, 0x0000, 0x0000, 0x0000,
  0x0000, 0x0000, 0x0841, 0x0861, 0x0861, 0x0861, 0x0861, 0x0020, 0x0000, 0x4207, 0x8C2E, 0x7BAD,
  0x7BAC, 0x83AD, 0x83CD, 0x83ED, 0x83CD, 0x83AD, 0x83AC, 0x7B8C, 0x83ED, 0x942F, 0xA4B1, 0xAD12,
  0xAD12, 0xA4F1, 0xA4F2, 0xA4F1, 0xAD12, 0xB573, 0xAD32, 0x942F, 0x7B8C, 0x7B8C, 0x4A06, 0x1081,
  0x20E3, 0x2103, 0x2103, 0x20E3, 0x2103, 0x2103, 0x2103, 0x2103, 0x2103, 0x2103, 0x2103, 0x2103,
  0x2103, 0x2123, 0x2103, 0x2103, 0x2103, 0x2103, 0x2103, 0x2103, 0x2103, 0x2103, 0x2103, 0x2103,
  0x2123, 0x2123, 0x2123, 0x2923, 0x2923, 0x2923, 0x2923, 0x2923, 0x2943, 0x2944, 0x2944, 0x2943,
  0x2943, 0x2964, 0x3164, 0x3184, 0x3184, 0x3185, 0x3185, 0x3164, 0x2944, 0x2944, 0x3164, 0x3164,
  0x3164, 0x3985, 0x39A5, 0x39A5, 0x39A5, 0x39C5, 0x31A5, 0x2944, 0x3185, 0x4206, 0x2103, 0x1081,
  0x18C2, 0x2103, 0x18E2, 0x10A2, 0x1081, 0x1081, 0x10A1, 0x10A2, 0x18C2, 0x18E3, 0x2944, 0x2964,
  0x3185, 0x3165, 0x2944, 0x2944, 0x2944, 0x2124, 0x2123, 0x2944, 0x31A6, 0x2964, 0x2123, 0x2103,
  0x18E2, 0x18E2, 0x10A1, 0x2103, 0x3185, 0x3184, 0x3164, 0x3164, 0x3164, 0x2964, 0x2944, 0x2944,
  0x2923, 0x2923, 0x2923, 0x2923, 0x2923, 0x2923, 0x2923, 0x2923, 0x2923, 0x2923, 0x2923, 0x2923,
  0x2923, 0x2923, 0x2923, 0x2923, 0x2923, 0x2923, 0x2123, 0x2123, 0x2923, 0x2943, 0x2944, 0x2943,
  0x2923, 0x2923, 0x2923, 0x2943, 0x2944, 0x2944, 0x2944, 0x2944, 0x2943, 0x2943, 0x2923, 0x2123,
  0x2944, 0x3184, 0x3164, 0x3164, 0x3164, 0x3164, 0x3164, 0x3164, 0x3164, 0x2944, 0x2944, 0x2944,
  0x2944, 0x2944, 0x2944, 0x2943, 0x2923, 0x2923, 0x2923, 0x2923, 0x2923, 0x2123, 0x2103, 0x2103,
  0x2103, 0x2103, 0x2103, 0x2103, 0x2103, 0x2103, 0x2103, 0x20E3, 0x20E3, 0x18E3, 0x18E3, 0x20E3,
  0x18E3, 0x2103, 0x10A2, 0x0000, 0x0020, 0x0861, 0x0861, 0x0861, 0x0861, 0x0020, 0x0000, 0x0000,
  0x0000, 0x0000, 0x0000, 0x0000, 0x0000, 0x0000, 0x0000, 0x0000, 0x0000, 0x0000, 0x0000, 0x0000,
  0x0000, 0x0000, 0x0000, 0x0000, 0x0000, 0x0000, 0x0000, 0x0000, 0x0000, 0x0000, 0x0000, 0x0000,
  0x0000, 0x0000, 0x0841, 0x0861, 0x0861, 0x0861, 0x0861, 0x0020, 0x0000, 0x0861, 0x736C, 0x7B8C,
  0x736C, 0x7B8C, 0x7BAC, 0x7B8C, 0x7B6C, 0x7BAD, 0x8C0E, 0x9C70, 0xA4F1, 0xAD12, 0xA4F1, 0xA4F1,
  0xAD12, 0xAD12, 0xAD12, 0xAD12, 0xAD32, 0xB553, 0xB573, 0xB553, 0x9C90, 0x7B8C, 0x7B8C, 0x5268,
  0x20E2, 0x18C2, 0x18E3, 0x2103, 0x2102, 0x2103, 0x2103, 0x2103, 0x2103, 0x20E3, 0x2103, 0x2103,
  0x2103, 0x2103, 0x2103, 0x2103, 0x2103, 0x2103, 0x2103, 0x2103, 0x2103, 0x2103, 0x2103, 0x2103,
  0x2103, 0x2103, 0x2103, 0x2103, 0x2923, 0x2123, 0x2923, 0x2923, 0x2923, 0x2943, 0x2943, 0x2923,
  0x2944, 0x2964, 0x3164, 0x3164, 0x3164, 0x3164, 0x3164, 0x3164, 0x3164, 0x2944, 0x2944, 0x3164,
  0x39A5, 0x39A5, 0x3164, 0x3185, 0x39A5, 0x2103, 0x18A2, 0x1081, 0x10A2, 0x2103, 0x10A1, 0x2103,
  0x2103, 0x18C2, 0x18E2, 0x2103, 0x18E2, 0x18E2, 0x20E2, 0x20E2, 0x20E2, 0x20E2, 0x2123, 0x2964,
  0x3184, 0x39A5, 0x3185, 0x3164, 0x3164, 0x3184, 0x3185, 0x39C6, 0x31A5, 0x3164, 0x2944, 0x2943,
  0x2103, 0x18C2, 0x10A1, 0x1081, 0x2944, 0x2103, 0x18C2, 0x2964, 0x2964, 0x2944, 0x3164, 0x3164,
  0x2944, 0x2923, 0x2923, 0x2923, 0x2923, 0x2923, 0x2923, 0x2923, 0x2923, 0x2923, 0x2923, 0x2923,
  0x2923, 0x2923, 0x2923, 0x2923, 0x2923, 0x2923, 0x2123, 0x2123, 0x2923, 0x2923, 0x2923, 0x2923,
  0x2923, 0x2923, 0x2923, 0x2943, 0x2944, 0x2944, 0x2923, 0x2923, 0x2923, 0x2103, 0x2103, 0x2923,
  0x3164, 0x3164, 0x2944, 0x2944, 0x2944, 0x2944, 0x2944, 0x2944, 0x2944, 0x2944, 0x2943, 0x2923,
  0x2923, 0x2923, 0x2923, 0x2923, 0x2923, 0x2923, 0x2123, 0x2123, 0x2123, 0x2103, 0x2103, 0x2103,
  0x2103, 0x2103, 0x2103, 0x2103, 0x2103, 0x2103, 0x2103, 0x2103, 0x20E3, 0x18E3, 0x18E3, 0x20E3,
  0x18E3, 0x18E3, 0x0820, 0x0000, 0x0020, 0x0861, 0x0861, 0x0861, 0x0861, 0x0020, 0x0000, 0x0000,
  0x0000, 0x0000, 0x0000, 0x0000, 0x0000, 0x0000, 0x0000, 0x0000, 0x0000, 0x0000, 0x0000, 0x0000,
  0x0000, 0x0000, 0x0000, 0x0000, 0x0000, 0x0000, 0x0000, 0x0000, 0x0000, 0x0000, 0x0000, 0x0000,
  0x0000, 0x0000, 0x0020, 0x0861, 0x0861, 0x0861, 0x0861, 0x0020, 0x0000, 0x0000, 0x3185, 0x736C,
  0x732B, 0x7B8C, 0x83CD, 0x8C0E, 0x944F, 0x9CB0, 0xA4F1, 0xA4D1, 0xA4B1, 0x9CB0, 0xA4D1, 0xA4F1,
  0xAD12, 0xAD32, 0xAD32, 0xAD32, 0xAD32, 0xAD32, 0xB533, 0xAD32, 0xAD12, 0xAD12, 0x946F, 0x8BED,
  0x736B, 0x62C9, 0x18C2, 0x18C2, 0x2103, 0x18E2, 0x2103, 0x2103, 0x20E3, 0x18E3, 0x18E3, 0x20E3,
  0x20E3, 0x2103, 0x2103, 0x2103, 0x2103, 0x2103, 0x2103, 0x2103, 0x2103, 0x2103, 0x2103, 0x2103,
  0x2103, 0x2103, 0x2103, 0x2103, 0x2103, 0x2103, 0x2123, 0x2923, 0x2923, 0x2923, 0x2923, 0x2923,
  0x2943, 0x2944, 0x2944, 0x2944, 0x2944, 0x2944, 0x2964, 0x3164, 0x3164, 0x3164, 0x3164, 0x3164,
  0x3184, 0x2944, 0x18C2, 0x2943, 0x2923, 0x1081, 0x10A2, 0x18C2, 0x18A2, 0x10A2, 0x20E2, 0x2943,
  0x2923, 0x2103, 0x2944, 0x2944, 0x2123, 0x2103, 0x2923, 0x2923, 0x2103, 0x2102, 0x2103, 0x2923,
  0x3164, 0x39A5, 0x39A5, 0x3184, 0x3184, 0x39A5, 0x39A5, 0x39A5, 0x3184, 0x3164, 0x3184, 0x3185,
  0x2944, 0x2102, 0x18C2, 0x18E2, 0x2944, 0x18E2, 0x2123, 0x2964, 0x2944, 0x2944, 0x2944, 0x2944,
  0x2944, 0x2944, 0x2943, 0x2923, 0x2943, 0x2943, 0x2923, 0x2923, 0x2923, 0x2923, 0x2923, 0x2123,
  0x2923, 0x2923, 0x2923, 0x2944, 0x2923, 0x2923, 0x2923, 0x2923, 0x2123, 0x2923, 0x2123, 0x2123,
  0x2923, 0x2923, 0x2923, 0x2943, 0x2944, 0x2923, 0x2103, 0x2103, 0x2102, 0x2123, 0x2944, 0x2964,
  0x2944, 0x2944, 0x2943, 0x2944, 0x2944, 0x2943, 0x2943, 0x2923, 0x2923, 0x2923, 0x2123, 0x2123,
  0x2103, 0x2103, 0x2103, 0x2103, 0x2103, 0x2103, 0x2123, 0x2103, 0x2103, 0x2103, 0x2103, 0x2103,
  0x2103, 0x2103, 0x2103, 0x2103, 0x2103, 0x2103, 0x2103, 0x2103, 0x2102, 0x18E2, 0x18E3, 0x18E3,
  0x20E3, 0x1082, 0x0000, 0x0000, 0x0020, 0x1082, 0x0861, 0x0861, 0x0861, 0x0020, 0x0000, 0x0000,
  0x0000, 0x0000, 0x0000, 0x0000, 0x0000, 0x0000, 0x0000, 0x0000, 0x0000, 0x0000, 0x0000, 0x0000,
  0x0000, 0x0000, 0x0000, 0x0000, 0x0000, 0x0000, 0x0000, 0x0000, 0x0000, 0x0000, 0x0020, 0x0020,
  0x0020, 0x0020, 0x0841, 0x0841, 0x0841, 0x0841, 0x0841, 0x0020, 0x0020, 0x0020, 0x0820, 0x6B2B,
  0x942F, 0x946F, 0x9C90, 0x9CB0, 0x9CB0, 0x9CB0, 0x9CB0, 0x9CB0, 0x9CB0, 0xA4D1, 0xA4F1, 0xAD12,
  0xAD32, 0xAD32, 0xB533, 0xAD32, 0xAD32, 0xAD32, 0xAD12, 0xAD32, 0xAD32, 0xB553, 0xB553, 0x9C90,
  0x83AD, 0x83ED, 0x5AC9, 0x18E2, 0x10A1, 0x18C2, 0x18C2, 0x18E3, 0x18E3, 0x18E3, 0x18E3, 0x18E3,
  0x18E3, 0x18E3, 0x20E3, 0x2103, 0x2103, 0x2103, 0x2103, 0x2103, 0x2103, 0x2103, 0x2103, 0x2103,
  0x2103, 0x2103, 0x2103, 0x2103, 0x2103, 0x2103, 0x2103, 0x2123, 0x2123, 0x2923, 0x2923, 0x2923,
  0x2923, 0x2943, 0x2943, 0x2943, 0x2943, 0x2944, 0x2944, 0x2944, 0x2944, 0x3164, 0x3164, 0x2944,
  0x3164, 0x2923, 0x2103, 0x3184, 0x3164, 0x3164, 0x3184, 0x2943, 0x18E2, 0x18E2, 0x20E2, 0x2923,
  0x3984, 0x39A5, 0x3144, 0x2944, 0x2944, 0x2944, 0x2944, 0x2944, 0x2923, 0x2923, 0x2923, 0x2944,
  0x2103, 0x18C2, 0x3164, 0x39A5, 0x39A5, 0x39A5, 0x3184, 0x3184, 0x3184, 0x3185, 0x3185, 0x3164,
  0x2923, 0x18C2, 0x2103, 0x2964, 0x3184, 0x3164, 0x3164, 0x2944, 0x2943, 0x2944, 0x2944, 0x2943,
  0x2944, 0x2944, 0x2944, 0x2944, 0x2964, 0x2964, 0x2944, 0x2943, 0x2123, 0x2923, 0x2123, 0x2103,
  0x2923, 0x2923, 0x2923, 0x2923, 0x2923, 0x2923, 0x2123, 0x2123, 0x2923, 0x3164, 0x3164, 0x2923,
  0x2923, 0x2944, 0x2944, 0x2923, 0x2123, 0x2103, 0x2103, 0x2123, 0x2944, 0x3164, 0x2944, 0x2944,
  0x2923, 0x2923, 0x2923, 0x2923, 0x2923, 0x2923, 0x2123, 0x2103, 0x2103, 0x2103, 0x2103, 0x2103,
  0x2103, 0x2103, 0x2103, 0x2103, 0x2123, 0x2103, 0x2103, 0x2103, 0x20E3, 0x2103, 0x2103, 0x2103,
  0x20E3, 0x20E3, 0x2103, 0x2103, 0x18E2, 0x18E2, 0x18E2, 0x18E2, 0x18E2, 0x18E2, 0x18E3, 0x18E3,
  0x18E2, 0x0841, 0x0020, 0x0020, 0x0020, 0x0841, 0x0841, 0x0841, 0x0841, 0x0841, 0x0020, 0x0020,
  0x0020, 0x0020, 0x0000, 0x0000, 0x0000, 0x0000, 0x0000, 0x0000, 0x0000, 0x0000, 0x0000, 0x0000,
  0x0000, 0x0000, 0x0000, 0x0000, 0x0000, 0x0000, 0x0000, 0x0000, 0x0000, 0x0020, 0x0861, 0x0861,
  0x0861, 0x0861, 0x0020, 0x0000, 0x0000, 0x0000, 0x0000, 0x0841, 0x1082, 0x0862, 0x0000, 0x4A27,
  0xACF2, 0x944F, 0x8C2F, 0x944F, 0x9C90, 0x9C90, 0x9C90, 0xA4B1, 0xACF2, 0xA4D1, 0xA4F1, 0xAD12,
  0xAD12, 0xAD32, 0xB553, 0xB553, 0xAD32, 0xAD12, 0xACF2, 0xAD32, 0xB573, 0xB553, 0xAD12, 0xACF2,
  0x9CB0, 0x83CD, 0x7BCD, 0x734B, 0x4A47, 0x39A5, 0x2924, 0x18C2, 0x18E2, 0x18E2, 0x18E3, 0x18E2,
  0x18E3, 0x18E3, 0x18E2, 0x18E3, 0x18E3, 0x20E3, 0x20E3, 0x2103, 0x2103, 0x2103, 0x2103, 0x2103,
  0x2103, 0x2103, 0x2103, 0x2103, 0x2103, 0x2103, 0x2103, 0x2103, 0x2103, 0x2103, 0x2103, 0x2923,
  0x2923, 0x2923, 0x2923, 0x2923, 0x2923, 0x2923, 0x2923, 0x2943, 0x2944, 0x2964, 0x2944, 0x2944,
  0x3164, 0x3164, 0x3164, 0x3164, 0x3185, 0x3184, 0x3184, 0x3185, 0x3184, 0x39A5, 0x3164, 0x3164,
  0x3164, 0x39A5, 0x39A5, 0x3164, 0x3184, 0x39A5, 0x3984, 0x3164, 0x3164, 0x3164, 0x2964, 0x2923,
  0x18E2, 0x20E2, 0x3164, 0x3185, 0x3185, 0x3985, 0x3184, 0x3184, 0x3184, 0x3184, 0x2944, 0x2102,
  0x2102, 0x3164, 0x39A5, 0x3164, 0x2943, 0x2944, 0x2943, 0x2944, 0x2944, 0x2964, 0x3164, 0x2944,
  0x2944, 0x2943, 0x2943, 0x2944, 0x2944, 0x2943, 0x2944, 0x2964, 0x2923, 0x2103, 0x2103, 0x2923,
  0x2923, 0x2923, 0x2923, 0x2123, 0x2103, 0x2923, 0x2923, 0x2944, 0x3164, 0x3185, 0x3185, 0x3184,
  0x3164, 0x3164, 0x3164, 0x2944, 0x2123, 0x2923, 0x3164, 0x3164, 0x3164, 0x2944, 0x2923, 0x2923,
  0x2923, 0x2923, 0x2923, 0x2923, 0x2103, 0x2103, 0x2103, 0x2103, 0x2103, 0x2103, 0x2103, 0x20E2,
  0x18E2, 0x18C2, 0x18E2, 0x18E2, 0x20E2, 0x20E2, 0x2102, 0x20E2, 0x2103, 0x2103, 0x18E2, 0x18E2,
  0x2103, 0x2103, 0x2103, 0x2103, 0x18E2, 0x18E3, 0x18E3, 0x18E3, 0x18E3, 0x18E3, 0x18E2, 0x18E3,
  0x10A2, 0x0861, 0x0861, 0x1082, 0x0841, 0x0000, 0x0000, 0x0000, 0x0000, 0x0841, 0x1082, 0x0861,
  0x0861, 0x0861, 0x0020, 0x0000, 0x0000, 0x0000, 0x0000, 0x0000, 0x0000, 0x0000, 0x0000, 0x0000,
  0x0000, 0x0000, 0x0000, 0x0000, 0x0000, 0x0000, 0x0000, 0x0000, 0x0000, 0x0020, 0x0861, 0x0861,
  0x0861, 0x0861, 0x0020, 0x0000, 0x0000, 0x0000, 0x0000, 0x0841, 0x0861, 0x0861, 0x0862, 0x1081,
  0x6B2B, 0x83CD, 0x8BEE, 0x8C2E, 0x946F, 0x9C90, 0xA4D1, 0xACF2, 0xAD12, 0xA4F1, 0xAD12, 0xAD12,
  0xAD32, 0xB533, 0xAD32, 0xAD12, 0xA4D1, 0xA4D1, 0xA4B1, 0xAD12, 0xB553, 0xAD12, 0xAD12, 0xAD12,
  0xA4F1, 0x9CB0, 0x7B8C, 0x83CD, 0x8C2E, 0x8BED, 0x736C, 0x2103, 0x18A2, 0x18E3, 0x18E2, 0x18E2,
  0x18E2, 0x18C2, 0x18E3, 0x18E3, 0x18E3, 0x18E3, 0x18E3, 0x20E3, 0x20E3, 0x2103, 0x2103, 0x2103,
  0x2103, 0x2103, 0x2103, 0x2103, 0x2103, 0x2103, 0x2103, 0x2103, 0x2103, 0x2103, 0x2103, 0x2103,
  0x2103, 0x2123, 0x2923, 0x2923, 0x2923, 0x2923, 0x2923, 0x2943, 0x2944, 0x2943, 0x2943, 0x2943,
  0x2944, 0x2944, 0x2944, 0x2944, 0x3164, 0x3164, 0x3164, 0x3164, 0x3184, 0x39C5, 0x41E6, 0x4A06,
  0x41E6, 0x41C6, 0x4206, 0x4A26, 0x4A06, 0x4A06, 0x41E6, 0x39A5, 0x3164, 0x2944, 0x2923, 0x2923,
  0x3164, 0x3184, 0x3164, 0x2923, 0x2943, 0x3164, 0x41E6, 0x39A5, 0x2944, 0x2923, 0x2103, 0x2944,
  0x39C5, 0x4A47, 0x4A07, 0x39C5, 0x3185, 0x39C6, 0x39C6, 0x39A5, 0x39C5, 0x39A5, 0x39A5, 0x3185,
  0x3185, 0x3164, 0x2923, 0x2923, 0x2923, 0x2923, 0x2944, 0x2944, 0x2943, 0x2923, 0x2123, 0x2123,
  0x2923, 0x2123, 0x2103, 0x2123, 0x2944, 0x2964, 0x3164, 0x3164, 0x3164, 0x3184, 0x3164, 0x3164,
  0x3164, 0x3164, 0x2944, 0x2944, 0x2944, 0x2964, 0x3164, 0x2964, 0x2944, 0x2944, 0x2923, 0x2923,
  0x2923, 0x2923, 0x2923, 0x2103, 0x2103, 0x2103, 0x2103, 0x2103, 0x2103, 0x18E2, 0x20E2, 0x2123,
  0x3164, 0x3185, 0x39E6, 0x4207, 0x3184, 0x2103, 0x18E2, 0x18E2, 0x18E2, 0x2103, 0x18E2, 0x18E2,
  0x18E2, 0x18E2, 0x18E2, 0x18E2, 0x18E2, 0x18E2, 0x18E2, 0x18E3, 0x18E3, 0x18E3, 0x18E2, 0x18C2,
  0x1082, 0x0861, 0x0861, 0x0861, 0x0841, 0x0000, 0x0000, 0x0000, 0x0000, 0x0020, 0x0861, 0x0861,
  0x0861, 0x0861, 0x0020, 0x0000, 0x0000, 0x0000, 0x0000, 0x0000, 0x0000, 0x0000, 0x0000, 0x0000,
  0x0000, 0x0000, 0x0000, 0x0000, 0x0000, 0x0000, 0x0000, 0x0000, 0x0000, 0x0020, 0x0861, 0x0861,
  0x0861, 0x0861, 0x0020, 0x0000, 0x0000, 0x0000, 0x0000, 0x0841, 0x0861, 0x0861, 0x0862, 0x0841,
  0x2103, 0x738C, 0x83CD, 0x8C2E, 0x946F, 0x9C70, 0xA4B1, 0xAD12, 0xACF1, 0xA4F1, 0xAD12, 0xAD12,
  0xAD32, 0xB553, 0xAD12, 0xA4B1, 0x9CB0, 0x9CB0, 0xA4D1, 0xA4F1, 0xA4D1, 0xAD12, 0xAD12, 0xAD12,
  0xAD12, 0xA4D1, 0x946F, 0x7B8C, 0x7BAC, 0x7BAC, 0x83CD, 0x5268, 0x18E2, 0x18E2, 0x18E2, 0x18C2,
  0x18C2, 0x18C2, 0x18E2, 0x18E2, 0x18E3, 0x18E3, 0x18E3, 0x18E3, 0x18E3, 0x18E3, 0x18E2, 0x2103,
  0x20E3, 0x20E3, 0x2103, 0x2103, 0x2103, 0x2103, 0x2103, 0x20E3, 0x2103, 0x2103, 0x2103, 0x2103,
  0x2103, 0x2103, 0x2923, 0x2923, 0x2923, 0x2923, 0x2923, 0x2923, 0x2923, 0x2923, 0x2923, 0x2923,
  0x2923, 0x2943, 0x2943, 0x2943, 0x2944, 0x2944, 0x2944, 0x2964, 0x3184, 0x39A5, 0x41E6, 0x41E6,
  0x41E6, 0x41E6, 0x4A06, 0x4A27, 0x4A27, 0x4206, 0x4A27, 0x5268, 0x41E6, 0x41C6, 0x3185, 0x3164,
  0x3184, 0x31A5, 0x2923, 0x2102, 0x2944, 0x4A06, 0x5268, 0x5247, 0x4206, 0x3164, 0x39C5, 0x5268,
  0x5247, 0x4A27, 0x4206, 0x41E6, 0x41E6, 0x41E6, 0x41E6, 0x39C5, 0x39A5, 0x39A5, 0x3185, 0x3185,
  0x3184, 0x3164, 0x3164, 0x2923, 0x2923, 0x2944, 0x2923, 0x2923, 0x2944, 0x3164, 0x2943, 0x2103,
  0x2103, 0x2103, 0x2103, 0x2944, 0x3164, 0x2964, 0x2944, 0x2944, 0x2944, 0x3164, 0x3164, 0x3164,
  0x3164, 0x2944, 0x2944, 0x2944, 0x2944, 0x2944, 0x2943, 0x2943, 0x2943, 0x2943, 0x2923, 0x2923,
  0x2923, 0x2923, 0x2103, 0x2103, 0x2103, 0x20E3, 0x20E3, 0x18E3, 0x20E3, 0x3164, 0x5247, 0x5288,
  0x62C9, 0x62EA, 0x62EA, 0x62EA, 0x62C9, 0x5AA9, 0x5267, 0x4A47, 0x2943, 0x18C2, 0x18C2, 0x18E2,
  0x18C2, 0x18A2, 0x10A2, 0x18C2, 0x18E2, 0x18E2, 0x18E3, 0x18E3, 0x18C2, 0x18C2, 0x18C2, 0x1081,
  0x0861, 0x0861, 0x0861, 0x0861, 0x0841, 0x0000, 0x0000, 0x0000, 0x0000, 0x0841, 0x0861, 0x0861,
  0x0861, 0x0861, 0x0020, 0x0000, 0x0000, 0x0000, 0x0000, 0x0000, 0x0000, 0x0000, 0x0000, 0x0000,
  0x0000, 0x0000, 0x0000, 0x0000, 0x0000, 0x0000, 0x0000, 0x0000, 0x0000, 0x0020, 0x0861, 0x0861,
  0x0861, 0x0861, 0x0020, 0x0000, 0x0000, 0x0000, 0x0000, 0x0841, 0x1082, 0x1082, 0x0861, 0x0862,
  0x0000, 0x4A47, 0x8C2E, 0x8C0E, 0x944F, 0x944F, 0x9C90, 0xA4F1, 0xA4D0, 0xA4D0, 0xACF1, 0xAD12,
  0xAD12, 0xAD12, 0xAD12, 0xAD12, 0xA4F1, 0xA4D1, 0xA4D1, 0x9CB1, 0x9CB0, 0xA4D1, 0xAD12, 0xAD12,
  0xAD12, 0x946F, 0x9C90, 0x942E, 0x7B8C, 0x7B8C, 0x7BAC, 0x7B8C, 0x736B, 0x3164, 0x10A2, 0x18E3,
  0x18C2, 0x18C2, 0x18E2, 0x18E2, 0x18E3, 0x18E3, 0x18E3, 0x18E3, 0x18E3, 0x18E2, 0x18E2, 0x2102,
  0x18E3, 0x18E3, 0x18E3, 0x20E2, 0x20E2, 0x20E2, 0x18E2, 0x2943, 0x20E2, 0x18E2, 0x2103, 0x2103,
  0x2103, 0x2103, 0x2123, 0x2923, 0x2923, 0x2923, 0x2923, 0x2923, 0x2923, 0x2923, 0x2923, 0x2923,
  0x2923, 0x2923, 0x2944, 0x2944, 0x2944, 0x2944, 0x2944, 0x2944, 0x3164, 0x31A5, 0x39A5, 0x39C5,
  0x41C5, 0x41C6, 0x41E6, 0x4206, 0x4A06, 0x4A06, 0x4A27, 0x4A47, 0x5247, 0x5247, 0x5268, 0x4206,
  0x41C6, 0x4A27, 0x41E6, 0x41E6, 0x5267, 0x5247, 0x4A27, 0x4A47, 0x5247, 0x4A47, 0x4A27, 0x4A06,
  0x4206, 0x41E6, 0x39C5, 0x39A5, 0x3184, 0x3184, 0x3185, 0x3184, 0x3184, 0x3185, 0x3184, 0x3164,
  0x2964, 0x2944, 0x2944, 0x2943, 0x2923, 0x2923, 0x2923, 0x2943, 0x2944, 0x2944, 0x2944, 0x2944,
  0x2923, 0x2103, 0x2923, 0x2943, 0x2923, 0x2923, 0x2923, 0x2923, 0x2944, 0x2944, 0x2944, 0x2944,
  0x2944, 0x2943, 0x2923, 0x2923, 0x2923, 0x2923, 0x2923, 0x2923, 0x2923, 0x2923, 0x2923, 0x2923,
  0x2123, 0x2123, 0x2103, 0x20E2, 0x2102, 0x2944, 0x2103, 0x3185, 0x5268, 0x5AA9, 0x5AA8, 0x5AA8,
  0x62C9, 0x62C9, 0x62C9, 0x5AA9, 0x5AA9, 0x62E9, 0x62EA, 0x62E9, 0x5AC9, 0x41E6, 0x2123, 0x2103,
  0x20E2, 0x2944, 0x39C6, 0x2944, 0x18E2, 0x20E3, 0x18E2, 0x18E2, 0x39A5, 0x41E6, 0x20E3, 0x0020,
  0x0862, 0x0861, 0x0861, 0x0861, 0x0841, 0x0000, 0x0000, 0x0000, 0x0000, 0x0020, 0x0861, 0x0861,
  0x0861, 0x1082, 0x0020, 0x0000, 0x0000, 0x0000, 0x0000, 0x0000, 0x0000, 0x0000, 0x0000, 0x0000,
  0x0000, 0x0000, 0x0000, 0x0000, 0x0000, 0x0000, 0x0000, 0x0000, 0x0000, 0x0000, 0x0841, 0x0020,
  0x0841, 0x0841, 0x0020, 0x0020, 0x0020, 0x0020, 0x0020, 0x0841, 0x0841, 0x0841, 0x0841, 0x0841,
  0x0020, 0x10A2, 0x83EE, 0x8C0E, 0x8C0E, 0x8C2E, 0x944F, 0xA4B0, 0xA4B0, 0x9CB0, 0xA4D0, 0xA4F1,
  0xA4F1, 0xA4B1, 0xA4F1, 0xACF2, 0xAD12, 0xA4D1, 0x9CB0, 0x9CB0, 0xA4B1, 0xA4B1, 0xA4D1, 0xACF2,
  0xAD12, 0xA4F1, 0x9CB0, 0xA4D1, 0xA4B1, 0x7B8C, 0x7B6C, 0x7BAC, 0x7BAC, 0x630A, 0x18E2, 0x10A2,
  0x18E2, 0x18C2, 0x18E2, 0x18E2, 0x18E2, 0x18E3, 0x18E3, 0x18E3, 0x18E3, 0x18E2, 0x18E2, 0x18E2,
  0x18E3, 0x18E2, 0x18C2, 0x18E2, 0x3184, 0x2923, 0x41E6, 0x62EA, 0x39C5, 0x3164, 0x2102, 0x18E2,
  0x2103, 0x2103, 0x2103, 0x2923, 0x2923, 0x2923, 0x2923, 0x2923, 0x2923, 0x2923, 0x2923, 0x2923,
  0x2923, 0x2944, 0x2944, 0x2944, 0x2944, 0x2943, 0x2944, 0x2944, 0x2944, 0x3164, 0x3164, 0x3184,
  0x3985, 0x39C5, 0x41C6, 0x41C6, 0x41E6, 0x4206, 0x4206, 0x4A06, 0x4A06, 0x4A27, 0x5247, 0x5247,
  0x4A47, 0x5247, 0x5267, 0x5268, 0x5247, 0x4A27, 0x4A27, 0x4A27, 0x4A06, 0x4A27, 0x4A07, 0x41C5,
  0x39A5, 0x39A5, 0x3185, 0x3184, 0x3164, 0x2964, 0x2944, 0x2943, 0x2943, 0x2923, 0x2123, 0x2123,
  0x2923, 0x2923, 0x2103, 0x2103, 0x2103, 0x2103, 0x2123, 0x2923, 0x2923, 0x2923, 0x2923, 0x2123,
  0x2123, 0x2123, 0x2123, 0x2103, 0x2103, 0x2103, 0x2923, 0x2944, 0x2944, 0x2943, 0x2943, 0x2923,
  0x2923, 0x2923, 0x2923, 0x2123, 0x2123, 0x2123, 0x2123, 0x2123, 0x2123, 0x2123, 0x2103, 0x2103,
  0x2103, 0x2103, 0x20E2, 0x2943, 0x41E6, 0x4A27, 0x5268, 0x5AA9, 0x5AA9, 0x5A88, 0x5288, 0x5AA9,
  0x5AA9, 0x5AA9, 0x5AA9, 0x5AA9, 0x5AA9, 0x5AC9, 0x5AC9, 0x5AA9, 0x5AA9, 0x5AC9, 0x5A88, 0x5268,
  0x5247, 0x5288, 0x5A88, 0x5268, 0x4A27, 0x4A47, 0x4206, 0x4A27, 0x5268, 0x5289, 0x20E3, 0x0020,
  0x0841, 0x0841, 0x0841, 0x0841, 0x0020, 0x0020, 0x0020, 0x0020, 0x0020, 0x0020, 0x0841, 0x0841,
  0x0841, 0x0841, 0x0020, 0x0000, 0x0000, 0x0000, 0x0000, 0x0000, 0x0000, 0x0000, 0x0000, 0x0000,
  0x0000, 0x0000, 0x0000, 0x0000, 0x0000, 0x0000, 0x0000, 0x0000, 0x0000, 0x0000, 0x0000, 0x0000,
  0x0000, 0x0000, 0x0841, 0x0861, 0x0861, 0x0861, 0x1082, 0x0020, 0x0000, 0x0000, 0x0000, 0x0000,
  0x0861, 0x0041, 0x4207, 0x8C0E, 0x83CD, 0x8C0E, 0x944F, 0x9C90, 0xA4B0, 0x9CB0, 0x9CB0, 0xA4D0,
  0xA4D1, 0x9CB0, 0xA4F1, 0xACF2, 0xA4F1, 0xA4D0, 0x9CB0, 0x9CB0, 0xA4B1, 0xA4D1, 0xA4D1, 0xA4D1,
  0xAD12, 0xACF2, 0xAD32, 0xA4D1, 0xA4D1, 0xA4D1, 0x9CB0, 0x83ED, 0x736C, 0x734B, 0x62EA, 0x2123,
  0x18A2, 0x18C2, 0x18C2, 0x18C2, 0x18E2, 0x18E2, 0x18E2, 0x18E3, 0x18E3, 0x18E2, 0x18E2, 0x18E3,
  0x18C2, 0x2103, 0x39C6, 0x4207, 0x5AA9, 0x5AA9, 0x62EA, 0x62EA, 0x62EA, 0x62EA, 0x5288, 0x3985,
  0x20E2, 0x2103, 0x2103, 0x2923, 0x2923, 0x2923, 0x2923, 0x2923, 0x2923, 0x2923, 0x2923, 0x2923,
  0x2923, 0x2923, 0x2923, 0x2923, 0x2923, 0x2923, 0x2923, 0x2923, 0x2923, 0x2943, 0x2944, 0x3164,
  0x3185, 0x39A5, 0x39A5, 0x39A5, 0x39C5, 0x39C5, 0x39C5, 0x41C5, 0x41C6, 0x41E6, 0x4206, 0x4A06,
  0x4A06, 0x4A27, 0x4A27, 0x4A07, 0x41E6, 0x41E6, 0x4206, 0x41E6, 0x41E6, 0x41E6, 0x41E6, 0x39C5,
  0x3185, 0x3185, 0x3164, 0x2964, 0x2944, 0x2943, 0x2923, 0x2923, 0x2103, 0x2103, 0x2103, 0x20E3,
  0x2103, 0x2103, 0x2103, 0x2103, 0x2103, 0x2103, 0x2103, 0x20E3, 0x20E3, 0x20E3, 0x20E3, 0x20E3,
  0x20E3, 0x20E3, 0x2103, 0x2103, 0x2103, 0x2923, 0x2943, 0x2923, 0x2923, 0x2923, 0x2123, 0x2123,
  0x2103, 0x2103, 0x2103, 0x2103, 0x2103, 0x2103, 0x2103, 0x2103, 0x2103, 0x2103, 0x2103, 0x20E2,
  0x20E3, 0x2103, 0x39C5, 0x5267, 0x5268, 0x5268, 0x5288, 0x5AA9, 0x5AA9, 0x5A88, 0x5AA8, 0x5A88,
  0x5AA8, 0x5AA9, 0x5AA9, 0x5AA9, 0x5AA9, 0x5AA9, 0x5AA9, 0x5AA9, 0x5A88, 0x5288, 0x5A88, 0x5288,
  0x5288, 0x5288, 0x5268, 0x5268, 0x5268, 0x5268, 0x5268, 0x4A47, 0x5268, 0x39A5, 0x0841, 0x0861,
  0x0000, 0x0000, 0x0000, 0x0000, 0x0020, 0x1082, 0x0861, 0x0861, 0x1082, 0x0020, 0x0000, 0x0000,
  0x0000, 0x0000, 0x0000, 0x0000, 0x0000, 0x0000, 0x0000, 0x0000, 0x0000, 0x0000, 0x0000, 0x0000,
  0x0000, 0x0000, 0x0000, 0x0000, 0x0000, 0x0000, 0x0000, 0x0000, 0x0000, 0x0000, 0x0000, 0x0000,
  0x0000, 0x0000, 0x0841, 0x0861, 0x0861, 0x0861, 0x0861, 0x0020, 0x0000, 0x0000, 0x0000, 0x0000,
  0x0861, 0x0861, 0x0861, 0x630A, 0x83ED, 0x83CD, 0x8C2E, 0x9C90, 0x9CB0, 0x9CB0, 0x9CB0, 0xA4D1,
  0x9CB0, 0x9C90, 0xA4D1, 0xA4D1, 0xA4B1, 0xA4D0, 0xA4B0, 0xA4B1, 0xA4D1, 0xA4D1, 0xA4D1, 0xA4F1,
  0xACF2, 0xA4F1, 0xACF2, 0x9C90, 0x8C2E, 0x9C90, 0xAD12, 0x9C90, 0x736B, 0x732B, 0x736B, 0x6B2A,
  0x2103, 0x20E2, 0x2123, 0x18E3, 0x18C2, 0x18C2, 0x18C2, 0x18C2, 0x18C2, 0x18E3, 0x18E3, 0x18A2,
  0x2103, 0x4A47, 0x5AA9, 0x5AA9, 0x5AA9, 0x5AA9, 0x62C9, 0x62C9, 0x62C9, 0x62C9, 0x62EA, 0x62EA,
  0x41E6, 0x20E2, 0x20E3, 0x2123, 0x2123, 0x2123, 0x2123, 0x2923, 0x2923, 0x2923, 0x2123, 0x2123,
  0x2123, 0x2123, 0x2123, 0x2123, 0x2123, 0x2123, 0x2103, 0x2123, 0x2923, 0x2923, 0x2944, 0x3164,
  0x3185, 0x3185, 0x3185, 0x39A5, 0x39A5, 0x3184, 0x3184, 0x3985, 0x3985, 0x39A5, 0x39A5, 0x39C5,
  0x41C5, 0x41C6, 0x41C5, 0x39A5, 0x39A5, 0x39A5, 0x39A5, 0x39A5, 0x39A5, 0x39C5, 0x39A5, 0x3185,
  0x3184, 0x2964, 0x2944, 0x2923, 0x2923, 0x2123, 0x2123, 0x2123, 0x2103, 0x2103, 0x20E3, 0x2103,
  0x2103, 0x2103, 0x2103, 0x2103, 0x2103, 0x2103, 0x18E2, 0x18E2, 0x18E2, 0x18E2, 0x18E2, 0x18E3,
  0x18E3, 0x20E3, 0x20E3, 0x2103, 0x2123, 0x2123, 0x2123, 0x2103, 0x2103, 0x2103, 0x2103, 0x2103,
  0x2102, 0x2102, 0x2103, 0x2103, 0x2103, 0x2103, 0x2103, 0x2103, 0x18E2, 0x18C2, 0x2123, 0x2944,
  0x2944, 0x41E6, 0x5A88, 0x5288, 0x5268, 0x5268, 0x5268, 0x5A89, 0x5A88, 0x5288, 0x5A88, 0x5288,
  0x5288, 0x5A88, 0x5AA9, 0x5AA9, 0x5AA9, 0x5A88, 0x5A88, 0x5A88, 0x5A88, 0x5A88, 0x5268, 0x5268,
  0x5288, 0x5288, 0x5268, 0x5268, 0x5268, 0x5268, 0x4A27, 0x5247, 0x4A27, 0x10A2, 0x0861, 0x0841,
  0x0000, 0x0000, 0x0000, 0x0000, 0x0020, 0x0861, 0x0861, 0x0861, 0x0861, 0x0841, 0x0000, 0x0000,
  0x0000, 0x0000, 0x0000, 0x0000, 0x0000, 0x0000, 0x0000, 0x0000, 0x0000, 0x0000, 0x0000, 0x0000,
  0x0000, 0x0000, 0x0000, 0x0000, 0x0000, 0x0000, 0x0000, 0x0000, 0x0000, 0x0000, 0x0000, 0x0000,
  0x0000, 0x0000, 0x0841, 0x0861, 0x0861, 0x0861, 0x0861, 0x0020, 0x0000, 0x0000, 0x0000, 0x0000,
  0x0861, 0x1082, 0x0841, 0x2124, 0x83CD, 0x83CD, 0x8C0E, 0x9CB0, 0x9CB0, 0x9CB0, 0x9CB0, 0xA4B0,
  0x9CB0, 0x9C90, 0xA4B0, 0xA4B0, 0x9CB0, 0x9CB0, 0x9CB0, 0xA4D1, 0xA4D1, 0xA4D1, 0xA4B1, 0xA4D1,
  0xA4D1, 0x9CB0, 0xA4D1, 0x946F, 0x8C2E, 0x9C70, 0x9C90, 0xA4D1, 0x8C2E, 0x734B, 0x732A, 0x736B,
  0x5AA9, 0x3184, 0x39A5, 0x39C5, 0x3185, 0x3164, 0x2923, 0x2923, 0x2944, 0x41E6, 0x4206, 0x39A5,
  0x4A27, 0x5A88, 0x5288, 0x5288, 0x5AA9, 0x5AA9, 0x5AC9, 0x62C9, 0x62C9, 0x62C9, 0x5AA9, 0x5AA8,
  0x62C9, 0x5247, 0x3164, 0x20E2, 0x20E3, 0x2103, 0x2103, 0x2103, 0x2123, 0x2123, 0x2103, 0x2103,
  0x2103, 0x2123, 0x2123, 0x2103, 0x2103, 0x2103, 0x2103, 0x2103, 0x2123, 0x2923, 0x2944, 0x2944,
  0x2944, 0x3164, 0x3164, 0x3184, 0x3184, 0x3164, 0x3164, 0x3164, 0x3184, 0x3184, 0x3185, 0x3185,
  0x3185, 0x3185, 0x3184, 0x3184, 0x3185, 0x3184, 0x3164, 0x3164, 0x3184, 0x3184, 0x3164, 0x2964,
  0x2944, 0x2943, 0x2123, 0x2103, 0x2103, 0x2103, 0x2103, 0x2103, 0x2103, 0x2103, 0x20E3, 0x20E3,
  0x2103, 0x2103, 0x2103, 0x2103, 0x2103, 0x18E3, 0x18E3, 0x18E2, 0x18E2, 0x18E2, 0x18E3, 0x18E3,
  0x2103, 0x2103, 0x2103, 0x2103, 0x2103, 0x2103, 0x2103, 0x2103, 0x2103, 0x2103, 0x2103, 0x2103,
  0x2103, 0x2103, 0x20E3, 0x20E3, 0x20E3, 0x1903, 0x18E2, 0x18C2, 0x20E2, 0x3985, 0x5268, 0x5AA9,
  0x5288, 0x5288, 0x5268, 0x5288, 0x5268, 0x5247, 0x5268, 0x5A88, 0x5288, 0x5288, 0x5268, 0x5268,
  0x5288, 0x5A88, 0x5A88, 0x5AA9, 0x5A88, 0x5288, 0x5288, 0x5268, 0x5288, 0x5288, 0x5248, 0x5248,
  0x5268, 0x5268, 0x5268, 0x5248, 0x5248, 0x5248, 0x4A27, 0x5247, 0x2924, 0x0841, 0x0861, 0x0841,
  0x0000, 0x0000, 0x0000, 0x0000, 0x0020, 0x0861, 0x0861, 0x0861, 0x0861, 0x0841, 0x0000, 0x0000,
  0x0000, 0x0000, 0x0000, 0x0000, 0x0000, 0x0000, 0x0000, 0x0000, 0x0000, 0x0000, 0x0000, 0x0000,
  0x0000, 0x0000, 0x0000, 0x0000, 0x0000, 0x0000, 0x0000, 0x0000, 0x0000, 0x0000, 0x0000, 0x0000,
  0x0000, 0x0000, 0x0841, 0x0861, 0x0861, 0x0861, 0x1082, 0x0020, 0x0000, 0x0000, 0x0000, 0x0000,
  0x0861, 0x0861, 0x1082, 0x0041, 0x4A27, 0x83EE, 0x83CD, 0x9C6F, 0x9CB0, 0x9CB0, 0x9CB0, 0x9CB0,
  0x9CB0, 0x9C90, 0x9C90, 0x9C90, 0x9CB0, 0x9CB0, 0x9CB1, 0xA4D1, 0xA4B1, 0xA4B1, 0xA4B1, 0xA4D1,
  0xA4B0, 0x9CB0, 0xA4D0, 0x9C8F, 0x8C0E, 0x946F, 0x944F, 0x8C2E, 0x9C90, 0x942E, 0x6B2A, 0x6AEA,
  0x732B, 0x5268, 0x3164, 0x39A5, 0x39C5, 0x41E6, 0x41E6, 0x41E6, 0x4A06, 0x4A07, 0x4A27, 0x4A27,
  0x4A27, 0x5247, 0x5268, 0x5268, 0x5268, 0x5A88, 0x5AA9, 0x5A88, 0x5AA9, 0x5AA9, 0x5AA9, 0x5268,
  0x5A88, 0x62EA, 0x62EA, 0x5A88, 0x3164, 0x18C2, 0x20E2, 0x20E3, 0x2103, 0x2103, 0x2103, 0x2103,
  0x2103, 0x2103, 0x2103, 0x2103, 0x2103, 0x2103, 0x2103, 0x2103, 0x2103, 0x2923, 0x2923, 0x2923,
  0x2123, 0x2923, 0x2944, 0x2944, 0x2964, 0x3164, 0x3164, 0x3164, 0x3164, 0x3164, 0x3164, 0x3164,
  0x3164, 0x3164, 0x2944, 0x2944, 0x2964, 0x2944, 0x2944, 0x2944, 0x2944, 0x2943, 0x2923, 0x2923,
  0x2923, 0x2923, 0x2103, 0x18E3, 0x18E3, 0x2103, 0x2103, 0x2103, 0x1902, 0x1903, 0x18E3, 0x18E3,
  0x1902, 0x2103, 0x18E2, 0x18E2, 0x18E2, 0x18E3, 0x18E2, 0x18E2, 0x18E3, 0x18E3, 0x20E3, 0x20E3,
  0x18E3, 0x18E3, 0x18E3, 0x18E2, 0x2103, 0x2103, 0x2103, 0x2103, 0x2103, 0x2103, 0x2103, 0x2103,
  0x20E3, 0x18E3, 0x18E3, 0x18E2, 0x18C2, 0x18C2, 0x18E2, 0x39A5, 0x5268, 0x5AA9, 0x5A88, 0x5288,
  0x5288, 0x5268, 0x5268, 0x5268, 0x5268, 0x5268, 0x5A88, 0x5A88, 0x5288, 0x5268, 0x5268, 0x5268,
  0x5268, 0x5288, 0x5288, 0x5288, 0x5288, 0x5268, 0x5268, 0x5268, 0x5268, 0x5247, 0x4A27, 0x4A27,
  0x4A27, 0x4A27, 0x4A27, 0x4A27, 0x4A27, 0x4A27, 0x5247, 0x3185, 0x0861, 0x0861, 0x0861, 0x0841,
  0x0000, 0x0000, 0x0000, 0x0000, 0x0020, 0x1082, 0x0861, 0x0861, 0x1082, 0x0841, 0x0000, 0x0000,
  0x0000, 0x0000, 0x0000, 0x0000, 0x0000, 0x0000, 0x0000, 0x0000, 0x0000, 0x0000, 0x0000, 0x0000,
  0x0000, 0x0000, 0x0000, 0x0000, 0x0000, 0x0000, 0x0000, 0x0000, 0x0000, 0x0020, 0x0841, 0x0841,
  0x0841, 0x0841, 0x0841, 0x0020, 0x0020, 0x0020, 0x0020, 0x0841, 0x0841, 0x0841, 0x0841, 0x0841,
  0x0841, 0x0840, 0x0021, 0x0021, 0x0840, 0x6B2B, 0x8BEE, 0x8BED, 0x942E, 0x9C8F, 0x9CB0, 0x9CB0,
  0x9C90, 0x9C90, 0x9C90, 0x9C6F, 0x9C90, 0x9C90, 0x9CB0, 0x9CB0, 0x9CB0, 0x9CB0, 0x9CB0, 0x9CB0,
  0x9C90, 0x9CB0, 0x9CB0, 0x9C6F, 0x8C0E, 0x946F, 0x946F, 0x8C2E, 0x944F, 0x9C70, 0x83EE, 0x6B0A,
  0x6AEA, 0x6B0A, 0x39A5, 0x2944, 0x3164, 0x3184, 0x39C6, 0x41E6, 0x41C6, 0x41E6, 0x4206, 0x4206,
  0x4206, 0x4206, 0x4A27, 0x4A27, 0x4A47, 0x5268, 0x5288, 0x5A88, 0x5AA9, 0x62C9, 0x62EA, 0x62C9,
  0x62A9, 0x62C9, 0x62EA, 0x6B0A, 0x5AA9, 0x39C5, 0x3164, 0x3164, 0x2923, 0x20E2, 0x18E3, 0x2103,
  0x18E2, 0x2103, 0x2103, 0x2103, 0x2103, 0x2103, 0x2103, 0x2103, 0x2103, 0x2103, 0x2102, 0x2102,
  0x2103, 0x2103, 0x2123, 0x2923, 0x2943, 0x2943, 0x2944, 0x2944, 0x2944, 0x2944, 0x2944, 0x2944,
  0x2944, 0x2944, 0x2923, 0x2943, 0x3164, 0x3164, 0x2923, 0x2103, 0x2103, 0x2103, 0x2103, 0x2923,
  0x2103, 0x2103, 0x20E3, 0x18E3, 0x18E3, 0x18E3, 0x20E3, 0x18E2, 0x18E2, 0x18E3, 0x18E3, 0x18E3,
  0x18E2, 0x18E2, 0x18E2, 0x18E2, 0x18E2, 0x18E2, 0x2103, 0x2103, 0x2103, 0x2123, 0x2103, 0x18E2,
  0x18E2, 0x20E3, 0x2103, 0x18E3, 0x18E3, 0x18E2, 0x18E3, 0x18E3, 0x18E2, 0x18E2, 0x18E2, 0x18E3,
  0x18E3, 0x18E3, 0x18C2, 0x2944, 0x39A5, 0x2943, 0x4A27, 0x62C9, 0x5AC9, 0x5A88, 0x5288, 0x5268,
  0x5268, 0x5268, 0x5268, 0x5268, 0x5288, 0x5AA9, 0x5288, 0x5288, 0x5288, 0x5268, 0x5268, 0x5268,
  0x5268, 0x5268, 0x5268, 0x5268, 0x5268, 0x5247, 0x5247, 0x5247, 0x5247, 0x4A27, 0x4A27, 0x4A07,
  0x4A06, 0x4A06, 0x4A06, 0x4A06, 0x4A06, 0x4A27, 0x41E6, 0x0841, 0x0020, 0x0020, 0x0020, 0x0020,
  0x0841, 0x0841, 0x0841, 0x0841, 0x0841, 0x0020, 0x0020, 0x0020, 0x0020, 0x0020, 0x0841, 0x0841,
  0x0841, 0x0841, 0x0000, 0x0000, 0x0000, 0x0000, 0x0000, 0x0000, 0x0000, 0x0000, 0x0000, 0x0000,
  0x0000, 0x0000, 0x0000, 0x0000, 0x0000, 0x0000, 0x0000, 0x0000, 0x0000, 0x0020, 0x1082, 0x0861,
  0x0861, 0x1082, 0x0020, 0x0000, 0x0000, 0x0000, 0x0000, 0x0841, 0x1082, 0x0861, 0x0861, 0x0861,
  0x0000, 0x0000, 0x0000, 0x0000, 0x0000, 0x2124, 0x83CD, 0x83ED, 0x83ED, 0x8C2E, 0x9C90, 0x9CB0,
  0x9C90, 0x9C8F, 0x9C90, 0x9C8F, 0x9C90, 0x9C90, 0x9C90, 0x9C90, 0x9CB0, 0x9CB0, 0x9CB0, 0x9C90,
  0x944F, 0x944F, 0x9C90, 0x9C90, 0x9C90, 0xA4D1, 0x9C90, 0x83ED, 0x8C0E, 0x8BEE, 0x8C0E, 0x8BEE,
  0x734B, 0x6AEA, 0x5268, 0x4A47, 0x4A27, 0x4A06, 0x6B0A, 0x736C, 0x62EA, 0x39A5, 0x41E6, 0x41E6,
  0x41E6, 0x41E6, 0x4206, 0x4A27, 0x5247, 0x5268, 0x5A88, 0x5AA8, 0x5AA9, 0x62EA, 0x6B0A, 0x6B0A,
  0x6B0A, 0x62EA, 0x5A88, 0x5AA9, 0x62C9, 0x62EA, 0x5248, 0x41C6, 0x41E6, 0x39A5, 0x2103, 0x18C2,
  0x18E2, 0x18E2, 0x18E2, 0x18E2, 0x18E2, 0x20E2, 0x20E3, 0x2103, 0x1903, 0x18E3, 0x18C2, 0x18C2,
  0x18E2, 0x18E2, 0x18E3, 0x2103, 0x2103, 0x2123, 0x2123, 0x2123, 0x2103, 0x2103, 0x2123, 0x2923,
  0x2923, 0x2943, 0x3184, 0x39A5, 0x39C5, 0x39C5, 0x39A5, 0x3185, 0x3185, 0x2944, 0x3164, 0x39A5,
  0x3164, 0x2103, 0x18E2, 0x18E3, 0x18E2, 0x18E3, 0x18E3, 0x18E3, 0x18E3, 0x18E3, 0x18E3, 0x18E3,
  0x18E3, 0x18E3, 0x18E2, 0x18E2, 0x18E2, 0x2103, 0x2123, 0x2923, 0x2923, 0x2123, 0x2123, 0x2123,
  0x2103, 0x2123, 0x2123, 0x2103, 0x2103, 0x20E3, 0x18E2, 0x18E2, 0x18E2, 0x18E3, 0x18E3, 0x18E3,
  0x18C2, 0x18E2, 0x3164, 0x5288, 0x5AC9, 0x5AA9, 0x5AA8, 0x5288, 0x5288, 0x5288, 0x5268, 0x5268,
  0x5268, 0x5268, 0x5268, 0x5268, 0x5A88, 0x5288, 0x5268, 0x5268, 0x5268, 0x5247, 0x5247, 0x5268,
  0x5268, 0x5247, 0x5247, 0x4A47, 0x4A47, 0x4A47, 0x5247, 0x4A47, 0x4A27, 0x4A27, 0x4206, 0x4206,
  0x41E6, 0x41E6, 0x41E6, 0x41E6, 0x41E6, 0x4A27, 0x20E3, 0x0000, 0x0000, 0x0000, 0x0000, 0x0020,
  0x1082, 0x0861, 0x0861, 0x1082, 0x0841, 0x0000, 0x0000, 0x0000, 0x0000, 0x0020, 0x1082, 0x0861,
  0x0861, 0x0861, 0x0020, 0x0000, 0x0000, 0x0000, 0x0000, 0x0000, 0x0000, 0x0000, 0x0000, 0x0000,
  0x0000, 0x0000, 0x0000, 0x0000, 0x0000, 0x0000, 0x0000, 0x0000, 0x0000, 0x0020, 0x0861, 0x0861,
  0x0861, 0x0861, 0x0020, 0x0000, 0x0000, 0x0000, 0x0000, 0x0841, 0x0861, 0x0861, 0x0861, 0x0861,
  0x0000, 0x0000, 0x0000, 0x0000, 0x0020, 0x0021, 0x41E6, 0x83ED, 0x7BAC, 0x83ED, 0x944F, 0x9CB0,
  0x9CB0, 0x9C90, 0x9C90, 0x9C90, 0x9C8F, 0x9C90, 0x9C8F, 0x9C90, 0x9C90, 0x9CB0, 0x9CB0, 0x9C90,
  0x946F, 0x946F, 0x9C90, 0x9CB0, 0xA4D1, 0xA4D1, 0xA4D1, 0x944F, 0x9CB0, 0x8C2E, 0x83AD, 0x83CD,
  0x83EE, 0x6B2B, 0x6B2B, 0x736B, 0x736C, 0x7B8C, 0x736B, 0x7B8C, 0x7B8C, 0x4A07, 0x3185, 0x39C6,
  0x39C5, 0x39C6, 0x4206, 0x4A27, 0x4A47, 0x5268, 0x5288, 0x5A88, 0x5A88, 0x5AA9, 0x62E9, 0x62EA,
  0x62EA, 0x62EA, 0x62C9, 0x5268, 0x5AC9, 0x62C9, 0x62C9, 0x4A47, 0x41C5, 0x4206, 0x41E6, 0x2944,
  0x18C2, 0x18C2, 0x18E2, 0x18C2, 0x18C2, 0x18E2, 0x18C2, 0x18E2, 0x18E2, 0x18C2, 0x18E2, 0x2944,
  0x3184, 0x2123, 0x18C2, 0x18C2, 0x20E3, 0x18E2, 0x18E2, 0x20E2, 0x2923, 0x2943, 0x3164, 0x3184,
  0x3164, 0x3185, 0x39A5, 0x39A5, 0x39A5, 0x39A5, 0x39A5, 0x39C5, 0x39A5, 0x39A5, 0x39C5, 0x39A5,
  0x39A5, 0x3184, 0x2944, 0x2943, 0x18E2, 0x18E2, 0x18C2, 0x18C2, 0x18C2, 0x18E3, 0x18E3, 0x2103,
  0x2103, 0x2103, 0x2103, 0x2103, 0x2123, 0x2123, 0x2123, 0x2103, 0x2103, 0x2103, 0x2103, 0x2123,
  0x2123, 0x2103, 0x2103, 0x2103, 0x2123, 0x2923, 0x2103, 0x2103, 0x2103, 0x18E3, 0x18C2, 0x10A2,
  0x39C5, 0x5268, 0x5A88, 0x5AA8, 0x5A88, 0x5AA8, 0x5288, 0x5288, 0x5268, 0x5268, 0x5268, 0x5268,
  0x5268, 0x5268, 0x5268, 0x5268, 0x5268, 0x5268, 0x5247, 0x5268, 0x5247, 0x4A47, 0x4A27, 0x4A27,
  0x4A27, 0x4A27, 0x4A27, 0x4A27, 0x4A27, 0x4A27, 0x4A27, 0x4A27, 0x4A27, 0x4A06, 0x4206, 0x41E6,
  0x41E6, 0x41E6, 0x41E6, 0x41E6, 0x4A06, 0x3165, 0x0841, 0x0000, 0x0000, 0x0000, 0x0000, 0x0020,
  0x0861, 0x0861, 0x0861, 0x0861, 0x0841, 0x0000, 0x0000, 0x0000, 0x0000, 0x0020, 0x0861, 0x0861,
  0x0861, 0x0861, 0x0020, 0x0000, 0x0000, 0x0000, 0x0000, 0x0000, 0x0000, 0x0000, 0x0000, 0x0000,
  0x0000, 0x0000, 0x0000, 0x0000, 0x0000, 0x0000, 0x0000, 0x0000, 0x0000, 0x0020, 0x0861, 0x0861,
  0x0861, 0x0861, 0x0020, 0x0000, 0x0000, 0x0000, 0x0000, 0x0841, 0x0861, 0x0861, 0x0861, 0x0861,
  0x0000, 0x0000, 0x0000, 0x0000, 0x0020, 0x1082, 0x0861, 0x5ACA, 0x8C0E, 0x83ED, 0x8C2E, 0x9C70,
  0x9C90, 0x9C90, 0x9C90, 0x9C90, 0x9C6F, 0x946F, 0x942E, 0x946F, 0x9C8F, 0x9C90, 0x9C90, 0x9C90,
  0x9C90, 0x9C90, 0x9CB0, 0x9CB0, 0x9CB0, 0xA4D1, 0x9CB0, 0x9CB0, 0xACF2, 0xA4B1, 0x83CD, 0x7BAC,
  0x736B, 0x7B6C, 0x7BAC, 0x7B8C, 0x734B, 0x736B, 0x736B, 0x736B, 0x736B, 0x732B, 0x41E6, 0x3985,
  0x39A5, 0x39C5, 0x41E6, 0x4A07, 0x4A07, 0x4A27, 0x5247, 0x5248, 0x5268, 0x5A88, 0x5A88, 0x5AA9,
  0x5AA9, 0x5AA9, 0x62C9, 0x62C9, 0x5A88, 0x5AA9, 0x62C9, 0x62C9, 0x4A27, 0x39C5, 0x39C5, 0x41E6,
  0x3164, 0x18C2, 0x18C2, 0x18E2, 0x18E2, 0x20E3, 0x2103, 0x2944, 0x2944, 0x2944, 0x3184, 0x39A5,
  0x39A5, 0x39A5, 0x3164, 0x2944, 0x3185, 0x3184, 0x2103, 0x2923, 0x3184, 0x3184, 0x3184, 0x3184,
  0x3185, 0x3184, 0x3185, 0x3185, 0x3185, 0x39A5, 0x3185, 0x3185, 0x3185, 0x3185, 0x3185, 0x3185,
  0x3164, 0x2964, 0x2944, 0x2944, 0x2943, 0x2103, 0x2103, 0x2123, 0x18C2, 0x18E2, 0x2103, 0x2103,
  0x2103, 0x2103, 0x2103, 0x2103, 0x2103, 0x2103, 0x2103, 0x2103, 0x2103, 0x2103, 0x2103, 0x2924,
  0x2923, 0x2923, 0x2923, 0x2923, 0x2923, 0x2923, 0x2123, 0x2103, 0x20E3, 0x2103, 0x20E2, 0x41E6,
  0x6B0A, 0x62C9, 0x5AA8, 0x5A88, 0x5A88, 0x5A88, 0x5A88, 0x5288, 0x5268, 0x5268, 0x5268, 0x5268,
  0x4A47, 0x5247, 0x5268, 0x5247, 0x5247, 0x4A27, 0x41E6, 0x4A27, 0x4A07, 0x41E6, 0x41E6, 0x4A06,
  0x4206, 0x4206, 0x4206, 0x4A06, 0x4A06, 0x4206, 0x4206, 0x4A06, 0x4A06, 0x41E6, 0x41E6, 0x41E6,
  0x41E6, 0x41E6, 0x41E6, 0x4206, 0x39C6, 0x1082, 0x0861, 0x0000, 0x0000, 0x0000, 0x0000, 0x0020,
  0x0861, 0x0861, 0x0861, 0x0861, 0x0841, 0x0000, 0x0000, 0x0000, 0x0000, 0x0020, 0x0861, 0x0861,
  0x0861, 0x0861, 0x0020, 0x0000, 0x0000, 0x0000, 0x0000, 0x0000, 0x0000, 0x0000, 0x0000, 0x0000,
  0x0000, 0x0000, 0x0000, 0x0000, 0x0000, 0x0000, 0x0000, 0x0000, 0x0000, 0x0020, 0x1082, 0x0861,
  0x0861, 0x0861, 0x0020, 0x0000, 0x0000, 0x0000, 0x0000, 0x0841, 0x1082, 0x0861, 0x0861, 0x0861,
  0x0000, 0x0000, 0x0000, 0x0000, 0x0000, 0x0861, 0x0861, 0x18A2, 0x7BAD, 0x942F, 0x8C2E, 0x944F,
  0x946F, 0x9C90, 0x9C8F, 0x944E, 0x944E, 0x946F, 0x9C8F, 0x9C8F, 0x946F, 0x9C6F, 0x9C70, 0x946F,
  0x946F, 0x9C90, 0x9CB0, 0x9C90, 0x9C90, 0x9CB0, 0x946F, 0x946F, 0x9CB0, 0xA4B1, 0x8BEE, 0x8C2E,
  0x944F, 0x7B8C, 0x736B, 0x7B8C, 0x7B8C, 0x734B, 0x734B, 0x734B, 0x736B, 0x7B8C, 0x736B, 0x5268,
  0x3185, 0x39C5, 0x39C5, 0x39C6, 0x39E6, 0x41E6, 0x4A07, 0x4A47, 0x5268, 0x5288, 0x5A88, 0x5A88,
  0x5AA8, 0x5AA9, 0x62C9, 0x62C9, 0x5AA9, 0x5268, 0x5A88, 0x5AA9, 0x5AC9, 0x5268, 0x41C5, 0x3985,
  0x41E6, 0x39A5, 0x2944, 0x2944, 0x2923, 0x2943, 0x2944, 0x2944, 0x2944, 0x3164, 0x3164, 0x3184,
  0x3185, 0x3185, 0x3185, 0x3185, 0x3185, 0x3185, 0x3185, 0x3185, 0x3164, 0x3164, 0x2964, 0x2964,
  0x2944, 0x2964, 0x3164, 0x3164, 0x3185, 0x3184, 0x3184, 0x3164, 0x3164, 0x3184, 0x3164, 0x3164,
  0x3164, 0x2944, 0x2944, 0x2943, 0x2923, 0x2943, 0x2943, 0x2944, 0x2143, 0x2123, 0x2923, 0x2123,
  0x2102, 0x20E2, 0x20E2, 0x20E3, 0x20E3, 0x20E3, 0x2103, 0x2103, 0x2103, 0x2103, 0x2123, 0x2923,
  0x2923, 0x2123, 0x2103, 0x2103, 0x2103, 0x2103, 0x20E2, 0x2103, 0x41E6, 0x5268, 0x5A88, 0x6AE9,
  0x62C9, 0x5AA9, 0x5A88, 0x5A88, 0x5A88, 0x5A88, 0x5A88, 0x5268, 0x5268, 0x5268, 0x5268, 0x5247,
  0x4A27, 0x4A47, 0x4A47, 0x4A27, 0x4A06, 0x41E6, 0x41C5, 0x41E6, 0x41C6, 0x39A5, 0x41C6, 0x41E6,
  0x41E6, 0x41E6, 0x41E6, 0x41E6, 0x41E6, 0x41E6, 0x41E6, 0x41E6, 0x41C6, 0x41E6, 0x41E6, 0x41E6,
  0x41E6, 0x41E6, 0x4206, 0x41E6, 0x10A2, 0x0861, 0x0861, 0x0000, 0x0000, 0x0000, 0x0000, 0x0020,
  0x0861, 0x0861, 0x0861, 0x1082, 0x0841, 0x0000, 0x0000, 0x0000, 0x0000, 0x0020, 0x0861, 0x0861,
  0x0861, 0x0861, 0x0020, 0x0000, 0x0000, 0x0000, 0x0000, 0x0000, 0x0000, 0x0000, 0x0000, 0x0000,
  0x0000, 0x0000, 0x0000, 0x0000, 0x0000, 0x0000, 0x0000, 0x0000, 0x0000, 0x0000, 0x0020, 0x0020,
  0x0020, 0x0020, 0x0020, 0x0841, 0x0841, 0x0841, 0x0841, 0x0841, 0x0020, 0x0020, 0x0020, 0x0020,
  0x0841, 0x0841, 0x0841, 0x0841, 0x0841, 0x0020, 0x0020, 0x0000, 0x2924, 0x8C0E, 0x8BED, 0x83ED,
  0x8C2E, 0x8C0E, 0x8C0E, 0x8BED, 0x8C2E, 0x946F, 0x9C90, 0x9C90, 0x946F, 0x944F, 0x946F, 0x946F,
  0x946F, 0x9CB0, 0x9CB0, 0x946F, 0x946F, 0x9C6F, 0x944F, 0x9C90, 0xA4D1, 0x9CB0, 0x944F, 0x8C2E,
  0xAD12, 0xA4B1, 0x83CD, 0x734B, 0x7B8C, 0x83CD, 0x8C0E, 0x8C0E, 0x944F, 0x8C2E, 0x7B8C, 0x734B,
  0x4A06, 0x3184, 0x39C5, 0x39C5, 0x39A5, 0x39C5, 0x41E6, 0x4206, 0x4A27, 0x5248, 0x5A88, 0x5A88,
  0x5A88, 0x5AA9, 0x5AC9, 0x5AC9, 0x62C9, 0x5A88, 0x5247, 0x5268, 0x5A88, 0x62C9, 0x5AA9, 0x5247,
  0x4A06, 0x39C5, 0x41E6, 0x4A27, 0x3184, 0x2103, 0x2923, 0x2943, 0x2943, 0x2944, 0x2944, 0x2944,
  0x2944, 0x3164, 0x3164, 0x3164, 0x3164, 0x3184, 0x3184, 0x3184, 0x3185, 0x3184, 0x3164, 0x2944,
  0x2944, 0x2944, 0x2944, 0x3164, 0x3164, 0x3164, 0x2944, 0x2944, 0x2944, 0x3164, 0x3164, 0x3164,
  0x3164, 0x3164, 0x2944, 0x2923, 0x2123, 0x2123, 0x2923, 0x2923, 0x2923, 0x2123, 0x2923, 0x2943,
  0x2923, 0x2103, 0x20E2, 0x18E2, 0x18E2, 0x18E3, 0x20E3, 0x2103, 0x2103, 0x2103, 0x2103, 0x2103,
  0x2103, 0x20E2, 0x20E3, 0x18E2, 0x18C2, 0x18C2, 0x2123, 0x5288, 0x6B0A, 0x5AC9, 0x5AA9, 0x62C9,
  0x62C9, 0x5AA9, 0x5A88, 0x5A88, 0x5A88, 0x5A88, 0x5268, 0x5268, 0x5248, 0x5248, 0x5247, 0x4A47,
  0x4A27, 0x4A27, 0x4A07, 0x4206, 0x41E6, 0x41C6, 0x39C5, 0x39C5, 0x39C5, 0x39A5, 0x39C5, 0x41E6,
  0x41E6, 0x41E6, 0x41E6, 0x41E6, 0x41E6, 0x41C6, 0x39C6, 0x39C5, 0x41C6, 0x39C6, 0x39C6, 0x41E6,
  0x39C6, 0x39C5, 0x4206, 0x18C2, 0x0000, 0x0020, 0x0020, 0x0841, 0x0841, 0x0841, 0x0841, 0x0841,
  0x0020, 0x0020, 0x0020, 0x0020, 0x0020, 0x0841, 0x0841, 0x0841, 0x0841, 0x0841, 0x0020, 0x0020,
  0x0020, 0x0020, 0x0000, 0x0000, 0x0000, 0x0000, 0x0000, 0x0000, 0x0000, 0x0000, 0x0000, 0x0000,
  0x0000, 0x0000, 0x0000, 0x0000, 0x0000, 0x0000, 0x0000, 0x0000, 0x0000, 0x0000, 0x0000, 0x0000,
  0x0000, 0x0000, 0x0841, 0x1082, 0x0861, 0x0861, 0x1082, 0x0020, 0x0000, 0x0000, 0x0000, 0x0000,
  0x0861, 0x0861, 0x0861, 0x0861, 0x0861, 0x0000, 0x0000, 0x0000, 0x0000, 0x3185, 0x83EE, 0x7B8C,
  0x7BAC, 0x83CD, 0x83CD, 0x8C2E, 0x944F, 0x944F, 0x9470, 0x9C90, 0x9C70, 0x942F, 0x942E, 0x9C6F,
  0x9C90, 0xA4B0, 0x9C90, 0x8C2E, 0x946F, 0x9C90, 0x9CB0, 0xA4D1, 0xA4F1, 0xA4D1, 0x946F, 0x8C2E,
  0x9C70, 0xA4D1, 0xA4B1, 0x942F, 0x7BAC, 0x946F, 0x9C90, 0x9C8F, 0x9C8F, 0x9C6F, 0x83CD, 0x7B6C,
  0x734B, 0x41E6, 0x3184, 0x3185, 0x39A5, 0x39A5, 0x39C6, 0x41E6, 0x4206, 0x4A27, 0x5268, 0x5288,
  0x5A88, 0x5A88, 0x5AA8, 0x5AA9, 0x5AA8, 0x5AA9, 0x5A88, 0x5268, 0x5A89, 0x5A88, 0x62C9, 0x6B0A,
  0x62EA, 0x5268, 0x4A47, 0x5288, 0x5267, 0x39A5, 0x3164, 0x2103, 0x2123, 0x2923, 0x2923, 0x2943,
  0x2923, 0x2944, 0x2944, 0x2964, 0x2964, 0x2964, 0x3164, 0x3164, 0x3164, 0x3184, 0x3184, 0x3164,
  0x3164, 0x3164, 0x2944, 0x2944, 0x2944, 0x2944, 0x2944, 0x2944, 0x2944, 0x2944, 0x2944, 0x3164,
  0x3164, 0x3164, 0x2944, 0x2944, 0x2923, 0x2123, 0x2923, 0x2123, 0x2923, 0x2123, 0x2123, 0x2923,
  0x2923, 0x2923, 0x2103, 0x18E2, 0x18E2, 0x18E3, 0x18E3, 0x2103, 0x2103, 0x2103, 0x20E3, 0x18E3,
  0x18C2, 0x20E2, 0x18C2, 0x3184, 0x39A5, 0x39A5, 0x5A88, 0x62EA, 0x5AC9, 0x5AA8, 0x5AA8, 0x5AC9,
  0x5AA9, 0x5AA8, 0x5A88, 0x5A88, 0x5268, 0x5268, 0x5247, 0x4A47, 0x4A27, 0x4A27, 0x4A07, 0x4A07,
  0x4206, 0x4206, 0x41E6, 0x41E6, 0x41C6, 0x39C5, 0x39A5, 0x39C5, 0x39A5, 0x39A5, 0x39A5, 0x41E6,
  0x41E6, 0x41E6, 0x39C6, 0x39C5, 0x39C5, 0x39C5, 0x39C5, 0x39C5, 0x39C5, 0x39C5, 0x39C6, 0x39C5,
  0x39A5, 0x41E6, 0x2123, 0x0000, 0x0000, 0x0000, 0x0000, 0x0861, 0x0861, 0x0861, 0x0861, 0x0841,
  0x0000, 0x0000, 0x0000, 0x0000, 0x0020, 0x1082, 0x0861, 0x0861, 0x1082, 0x0020, 0x0000, 0x0000,
  0x0000, 0x0000, 0x0000, 0x0000, 0x0000, 0x0000, 0x0000, 0x0000, 0x0000, 0x0000, 0x0000, 0x0000,
  0x0000, 0x0000, 0x0000, 0x0000, 0x0000, 0x0000, 0x0000, 0x0000, 0x0000, 0x0000, 0x0000, 0x0000,
  0x0000, 0x0000, 0x0841, 0x0861, 0x0861, 0x0861, 0x0861, 0x0020, 0x0000, 0x0000, 0x0000, 0x0000,
  0x0861, 0x0861, 0x0861, 0x0861, 0x0841, 0x0000, 0x0000, 0x0000, 0x0000, 0x0000, 0x4A68, 0x7BAC,
  0x736C, 0x7BAC, 0x8C0E, 0x944F, 0x942E, 0x944F, 0x946F, 0x9C70, 0x946F, 0x946F, 0x9C6F, 0x9CB0,
  0x9CB0, 0xA4B0, 0x9C70, 0x944F, 0xA4D1, 0xA4D1, 0x9CB0, 0x9CB0, 0xA4B0, 0x946F, 0x8C2E, 0x946F,
  0xA4D1, 0x944F, 0x944F, 0x9CB0, 0x944F, 0x8BED, 0x944F, 0x944F, 0x946F, 0x946F, 0x8C2E, 0x736C,
  0x736B, 0x6B0A, 0x62EA, 0x4206, 0x3184, 0x39A5, 0x39C5, 0x39C5, 0x41E6, 0x41E6, 0x4A06, 0x4A27,
  0x4A27, 0x5247, 0x5247, 0x5247, 0x5268, 0x5288, 0x5AA9, 0x5AA9, 0x5AA9, 0x5AA9, 0x5A88, 0x5AA9,
  0x62C9, 0x62C9, 0x62E9, 0x6AEA, 0x5AA8, 0x5247, 0x4A47, 0x4206, 0x41E6, 0x41E6, 0x2923, 0x2923,
  0x2923, 0x2923, 0x2943, 0x2943, 0x2943, 0x2943, 0x2944, 0x2944, 0x2964, 0x3164, 0x3164, 0x3164,
  0x3164, 0x3164, 0x3164, 0x3164, 0x3164, 0x2944, 0x2944, 0x2944, 0x2944, 0x2943, 0x2943, 0x2944,
  0x2944, 0x2944, 0x2923, 0x2123, 0x2123, 0x2123, 0x2123, 0x2103, 0x2103, 0x2123, 0x2103, 0x2123,
  0x2123, 0x2103, 0x2123, 0x2123, 0x2103, 0x18E3, 0x18E3, 0x18E2, 0x18E2, 0x18E3, 0x18E2, 0x2103,
  0x2944, 0x18C1, 0x3184, 0x62C9, 0x62C9, 0x62C9, 0x62C9, 0x62C9, 0x62C9, 0x5AA8, 0x5A88, 0x5A88,
  0x5288, 0x5288, 0x5288, 0x5268, 0x5268, 0x5268, 0x5247, 0x4A27, 0x4A27, 0x4A07, 0x4A06, 0x41E6,
  0x41E6, 0x41E6, 0x41E6, 0x41E6, 0x41C6, 0x39C5, 0x39A5, 0x39A5, 0x39A5, 0x3184, 0x39A5, 0x39C6,
  0x39C5, 0x39C6, 0x39C6, 0x39C5, 0x39A5, 0x39A5, 0x39C5, 0x39A5, 0x39A5, 0x39A5, 0x39C5, 0x39A5,
  0x39C5, 0x3164, 0x0000, 0x0000, 0x0000, 0x0000, 0x0000, 0x0861, 0x0861, 0x0861, 0x0861, 0x0841,
  0x0000, 0x0000, 0x0000, 0x0000, 0x0020, 0x0861, 0x0861, 0x0861, 0x0861, 0x0020, 0x0000, 0x0000,
  0x0000, 0x0000, 0x0000, 0x0000, 0x0000, 0x0000, 0x0000, 0x0000, 0x0000, 0x0000, 0x0000, 0x0000,
  0x0000, 0x0000, 0x0000, 0x0000, 0x0000, 0x0000, 0x0000, 0x0000, 0x0000, 0x0000, 0x0000, 0x0000,
  0x0000, 0x0000, 0x0841, 0x0861, 0x0861, 0x0861, 0x0861, 0x0020, 0x0000, 0x0000, 0x0000, 0x0000,
  0x0841, 0x0861, 0x0861, 0x0861, 0x0841, 0x0000, 0x0000, 0x0000, 0x0000, 0x0020, 0x1081, 0x5289,
  0x7BAC, 0x83CD, 0x8C2E, 0x944F, 0x8C0E, 0x944F, 0x946F, 0x944F, 0x942F, 0x944F, 0xA4D0, 0xA4D0,
  0x9CB0, 0x9CB0, 0x9C90, 0xA4B1, 0xA4D1, 0x946F, 0x9C70, 0x9C90, 0x9C8F, 0x9C90, 0x9CB0, 0xA4D1,
  0xA4D1, 0x9CB0, 0x8C0E, 0x8C0E, 0x9C70, 0x9C90, 0xA4B1, 0x8C0E, 0x83ED, 0x946F, 0x946F, 0x83ED,
  0x736C, 0x732B, 0x734B, 0x5AA9, 0x3164, 0x3185, 0x3185, 0x39A5, 0x39C5, 0x39C5, 0x41C5, 0x41E6,
  0x4A06, 0x4A27, 0x4A07, 0x4A27, 0x4A27, 0x5247, 0x5288, 0x5AA8, 0x5AA8, 0x5AA9, 0x5288, 0x5268,
  0x5AA8, 0x5AA9, 0x62C9, 0x62C9, 0x62C9, 0x5AA9, 0x5AA9, 0x5A88, 0x5288, 0x5268, 0x41E6, 0x20E2,
  0x2103, 0x2123, 0x2923, 0x2923, 0x2123, 0x2123, 0x2923, 0x2923, 0x2944, 0x2944, 0x2943, 0x2923,
  0x2944, 0x2944, 0x2944, 0x2944, 0x2964, 0x2944, 0x2944, 0x2944, 0x2943, 0x2923, 0x2923, 0x2923,
  0x2943, 0x2923, 0x2923, 0x2943, 0x2944, 0x2944, 0x2943, 0x2923, 0x2103, 0x2103, 0x2103, 0x2103,
  0x2103, 0x2103, 0x2103, 0x2103, 0x2103, 0x2103, 0x2103, 0x2103, 0x2103, 0x18C2, 0x2103, 0x4A47,
  0x5AA9, 0x4A06, 0x5268, 0x5AA8, 0x5A88, 0x5A88, 0x5AA9, 0x62C9, 0x5AA9, 0x5268, 0x5288, 0x5268,
  0x5268, 0x5288, 0x5268, 0x5268, 0x5247, 0x4A27, 0x4A27, 0x4A06, 0x4A27, 0x4A06, 0x41E6, 0x41E6,
  0x41E6, 0x41C6, 0x41C6, 0x39C6, 0x39C5, 0x39A5, 0x3185, 0x3185, 0x3185, 0x3184, 0x39A5, 0x39C6,
  0x39A5, 0x39A5, 0x39A5, 0x39A5, 0x39A5, 0x39A5, 0x39A5, 0x31A5, 0x3185, 0x3185, 0x3184, 0x39A5,
  0x3185, 0x1061, 0x0000, 0x0000, 0x0000, 0x0000, 0x0000, 0x0861, 0x0861, 0x0861, 0x0861, 0x0841,
  0x0000, 0x0000, 0x0000, 0x0000, 0x0020, 0x0861, 0x0861, 0x0861, 0x0861, 0x0020, 0x0000, 0x0000,
  0x0000, 0x0000, 0x0000, 0x0000, 0x0000, 0x0000, 0x0000, 0x0000, 0x0000, 0x0000, 0x0000, 0x0000,
  0x0000, 0x0000, 0x0000, 0x0000, 0x0000, 0x0000, 0x0000, 0x0000, 0x0000, 0x0000, 0x0000, 0x0000,
  0x0000, 0x0000, 0x0841, 0x0861, 0x0861, 0x0861, 0x0861, 0x0020, 0x0000, 0x0000, 0x0000, 0x0000,
  0x0861, 0x0861, 0x0861, 0x0861, 0x0861, 0x0000, 0x0000, 0x0000, 0x0000, 0x0020, 0x0841, 0x1081,
  0x7B8C, 0x944F, 0x8C0E, 0x83ED, 0x83ED, 0x8C0E, 0x8C0E, 0x8C0E, 0x83CD, 0x8C2E, 0x9C90, 0x946F,
  0x9C90, 0x9CB0, 0x9CB0, 0x9C90, 0x944F, 0x946F, 0x9CB0, 0x9C90, 0x9CB0, 0xA4D1, 0xA4D1, 0x9C90,
  0x9C70, 0xA4D1, 0x9CB0, 0x9CB0, 0x9CB0, 0xA4F1, 0xB533, 0xA4B1, 0x83ED, 0x9C70, 0x944F, 0x8C2E,
  0x8C0E, 0x83EE, 0x7B6C, 0x734B, 0x5268, 0x39A5, 0x39C6, 0x3184, 0x39C5, 0x39A5, 0x39A5, 0x41E6,
  0x4A06, 0x4A06, 0x4206, 0x4A06, 0x4A07, 0x5247, 0x5247, 0x5268, 0x5A88, 0x5AA8, 0x5268, 0x5288,
  0x5268, 0x5288, 0x5AA8, 0x5AA9, 0x5A88, 0x62E9, 0x630A, 0x5AC9, 0x5268, 0x5268, 0x5268, 0x39A5,
  0x18E2, 0x20E2, 0x2102, 0x2102, 0x2103, 0x2103, 0x2103, 0x2103, 0x2103, 0x2123, 0x2103, 0x2103,
  0x2123, 0x2923, 0x2923, 0x2923, 0x2923, 0x2943, 0x2944, 0x2943, 0x2923, 0x2923, 0x2923, 0x2923,
  0x2923, 0x2943, 0x2944, 0x2944, 0x2944, 0x2944, 0x2944, 0x2943, 0x2943, 0x2943, 0x2103, 0x2103,
  0x2103, 0x2103, 0x2103, 0x2103, 0x2103, 0x2103, 0x2103, 0x2103, 0x18E2, 0x2964, 0x4A47, 0x5268,
  0x5247, 0x5268, 0x5267, 0x5268, 0x5267, 0x4A47, 0x5267, 0x5288, 0x5268, 0x5268, 0x5268, 0x5268,
  0x5268, 0x5268, 0x5268, 0x4A27, 0x41E6, 0x4A06, 0x4A06, 0x4206, 0x4206, 0x41E6, 0x41E6, 0x41C6,
  0x41E6, 0x41E6, 0x41E6, 0x39C6, 0x39C5, 0x3185, 0x3184, 0x3185, 0x3184, 0x3164, 0x39A5, 0x39C5,
  0x39A5, 0x3185, 0x3185, 0x3185, 0x3185, 0x3185, 0x3185, 0x3164, 0x3164, 0x2964, 0x3164, 0x2964,
  0x10A2, 0x0861, 0x0000, 0x0000, 0x0000, 0x0000, 0x0000, 0x0861, 0x0861, 0x0861, 0x0861, 0x0841,
  0x0000, 0x0000, 0x0000, 0x0000, 0x0020, 0x0861, 0x0861, 0x0861, 0x0861, 0x0020, 0x0000, 0x0000,
  0x0000, 0x0000, 0x0000, 0x0000, 0x0000, 0x0000, 0x0000, 0x0000, 0x0000, 0x0000, 0x0000, 0x0000,
  0x0000, 0x0000, 0x0000, 0x0000, 0x0000, 0x0000, 0x0000, 0x0000, 0x0000, 0x0020, 0x0861, 0x0841,
  0x0841, 0x0861, 0x0020, 0x0000, 0x0000, 0x0020, 0x0000, 0x0841, 0x0861, 0x0861, 0x0841, 0x0841,
  0x0020, 0x0000, 0x0020, 0x0020, 0x0020, 0x0841, 0x0861, 0x0861, 0x0861, 0x0841, 0x0020, 0x0000,
  0x18C3, 0x83CD, 0x8C0E, 0x83ED, 0x7BAC, 0x83AD, 0x83CD, 0x8C0E, 0x8C2E, 0x8C0E, 0x83CD, 0x83ED,
  0x8C0E, 0x9C70, 0x9CB0, 0x944F, 0x8C0E, 0x9CB0, 0xA4D1, 0x9CB0, 0xA4B0, 0xA4D1, 0xA4B1, 0x9C90,
  0xA4D1, 0xAD12, 0xAD12, 0xAD12, 0xA4F1, 0x9C90, 0xA4F1, 0xA4F1, 0xA4D1, 0xA4F1, 0xA4D1, 0x944F,
  0x8C2E, 0x944F, 0x944F, 0x8C2E, 0x8C2F, 0x8C0E, 0x83ED, 0x39A5, 0x2943, 0x3164, 0x3184, 0x39C5,
  0x4206, 0x4A06, 0x4A06, 0x4A06, 0x4A27, 0x4A27, 0x4A27, 0x5247, 0x5268, 0x5268, 0x5288, 0x5A88,
  0x4A47, 0x4A47, 0x5247, 0x5288, 0x5288, 0x5AC9, 0x62C9, 0x5AA9, 0x5247, 0x5247, 0x5A88, 0x62EA,
  0x4206, 0x18C1, 0x2103, 0x2103, 0x18E2, 0x20E3, 0x18E3, 0x18E3, 0x18E3, 0x20E3, 0x2102, 0x2102,
  0x2103, 0x2103, 0x2103, 0x2102, 0x2103, 0x2103, 0x2103, 0x20E2, 0x2123, 0x2103, 0x2123, 0x2923,
  0x2923, 0x2923, 0x2944, 0x2944, 0x2944, 0x2943, 0x2943, 0x2943, 0x2943, 0x2944, 0x2123, 0x2103,
  0x2103, 0x2103, 0x2103, 0x20E3, 0x18E3, 0x20E3, 0x18C2, 0x18E2, 0x39A5, 0x5268, 0x5247, 0x4A27,
  0x4A27, 0x5247, 0x5247, 0x4A27, 0x4A27, 0x4A27, 0x5247, 0x5268, 0x5247, 0x4A47, 0x4A27, 0x4A27,
  0x4A07, 0x4A07, 0x4A27, 0x4A06, 0x4206, 0x4206, 0x41E6, 0x41E6, 0x41E6, 0x41E6, 0x41E6, 0x41E6,
  0x41E6, 0x41E6, 0x41E6, 0x39C5, 0x39C5, 0x39A5, 0x3184, 0x3184, 0x3164, 0x3164, 0x3185, 0x31A5,
  0x31A5, 0x3164, 0x3184, 0x3185, 0x3185, 0x3164, 0x3164, 0x2944, 0x2944, 0x2944, 0x2944, 0x0861,
  0x0000, 0x0020, 0x0841, 0x0841, 0x0841, 0x0841, 0x0841, 0x0020, 0x0020, 0x0020, 0x0000, 0x0020,
  0x0861, 0x0861, 0x0861, 0x0861, 0x0841, 0x0000, 0x0020, 0x0020, 0x0000, 0x0020, 0x0861, 0x0841,
  0x0841, 0x0841, 0x0020, 0x0000, 0x0000, 0x0000, 0x0000, 0x0000, 0x0000, 0x0000, 0x0000, 0x0000,
  0x0000, 0x0000, 0x0000, 0x0000, 0x0000, 0x0000, 0x0000, 0x0000, 0x0000, 0x0020, 0x0861, 0x0861,
  0x0861, 0x0861, 0x0020, 0x0000, 0x0000, 0x0000, 0x0000, 0x0841, 0x1082, 0x0861, 0x0861, 0x0861,
  0x0000, 0x0000, 0x0000, 0x0000, 0x0000, 0x0861, 0x0861, 0x0861, 0x0861, 0x0841, 0x0000, 0x0020,
  0x0000, 0x20E3, 0x83CD, 0x8C0E, 0x83CD, 0x7BAC, 0x83CD, 0x83ED, 0x83CD, 0x7BAC, 0x7BAC, 0x83CD,
  0x83CD, 0x8C0E, 0x946F, 0x8C2E, 0x8C2E, 0xA4D1, 0x9CB0, 0x946F, 0x9CB0, 0xA4D1, 0xA4D1, 0x944F,
  0x9C90, 0xACF2, 0xAD12, 0xAD12, 0xA4D1, 0x946F, 0x9C90, 0x8C2E, 0x8BEE, 0xA4F1, 0xB533, 0xA4F1,
  0x8C0E, 0x9CB0, 0xA4D1, 0x944F, 0x944F, 0x942F, 0x946F, 0x7BAD, 0x5AA9, 0x736B, 0x6B0A, 0x39A5,
  0x39A5, 0x4A06, 0x4A27, 0x4A47, 0x4A27, 0x4A07, 0x4A27, 0x4A27, 0x5247, 0x5247, 0x5268, 0x5A88,
  0x5268, 0x4A06, 0x4A47, 0x5268, 0x5268, 0x5AA9, 0x5AA9, 0x5A88, 0x5268, 0x4A47, 0x5268, 0x5AA8,
  0x5AC9, 0x41E6, 0x2923, 0x2944, 0x20E2, 0x18E3, 0x18E3, 0x18E3, 0x18E2, 0x18E2, 0x2103, 0x2103,
  0x2103, 0x20E3, 0x20E2, 0x2103, 0x2103, 0x18C2, 0x18C2, 0x3164, 0x39C6, 0x3164, 0x2123, 0x2123,
  0x2123, 0x2123, 0x2123, 0x2923, 0x2923, 0x2923, 0x2923, 0x2923, 0x2923, 0x2923, 0x2123, 0x2123,
  0x2123, 0x2103, 0x2103, 0x18C2, 0x18C2, 0x18C2, 0x2923, 0x41E6, 0x4A27, 0x4A07, 0x4A27, 0x4A47,
  0x4A47, 0x4A27, 0x4A27, 0x4A27, 0x4A07, 0x4A27, 0x5248, 0x4A47, 0x4A27, 0x4A07, 0x4A07, 0x41E6,
  0x41C6, 0x41E6, 0x4A07, 0x4A07, 0x4A07, 0x4206, 0x41E6, 0x41E6, 0x41E6, 0x41C6, 0x39C6, 0x39C5,
  0x39C6, 0x39C6, 0x39C5, 0x39A5, 0x39A5, 0x3185, 0x3184, 0x3164, 0x3164, 0x3184, 0x3185, 0x3185,
  0x3185, 0x3164, 0x3164, 0x3164, 0x3164, 0x3164, 0x2944, 0x2944, 0x2943, 0x2944, 0x1081, 0x0000,
  0x0000, 0x0000, 0x0861, 0x0861, 0x0861, 0x0861, 0x0861, 0x0000, 0x0000, 0x0000, 0x0000, 0x0020,
  0x1082, 0x0861, 0x0861, 0x1082, 0x0841, 0x0000, 0x0000, 0x0000, 0x0000, 0x0020, 0x0861, 0x0861,
  0x0861, 0x0861, 0x0020, 0x0000, 0x0000, 0x0000, 0x0000, 0x0000, 0x0000, 0x0000, 0x0000, 0x0000,
  0x0000, 0x0000, 0x0000, 0x0000, 0x0000, 0x0000, 0x0000, 0x0000, 0x0000, 0x0020, 0x0861, 0x0861,
  0x0861, 0x0861, 0x0020, 0x0000, 0x0000, 0x0000, 0x0000, 0x0841, 0x0861, 0x0861, 0x0861, 0x0861,
  0x0000, 0x0000, 0x0000, 0x0000, 0x0000, 0x0861, 0x0861, 0x0861, 0x0861, 0x0841, 0x0000, 0x0000,
  0x0000, 0x0000, 0x3164, 0x83CD, 0x83CD, 0x83EE, 0x8BEE, 0x83AD, 0x7B6C, 0x7B6C, 0x7B8C, 0x7B8C,
  0x7B8C, 0x83AD, 0x83ED, 0x8C0E, 0x9C90, 0x9CB0, 0x9C90, 0x944F, 0xA4D1, 0xA4D1, 0xA4B1, 0x944F,
  0x9C90, 0xA4F1, 0xAD12, 0xAD12, 0xA4D1, 0x9CB0, 0x946F, 0xA4B1, 0x9CB0, 0x944F, 0xA4F1, 0xA4F1,
  0xA4B1, 0xA4D1, 0xA4F1, 0x9C90, 0x942F, 0x8C0E, 0x8C0E, 0x944F, 0x8C0E, 0x8C0E, 0x9CB0, 0x83CD,
  0x5247, 0x41C6, 0x4A27, 0x4A47, 0x4A27, 0x4A27, 0x4A27, 0x4A27, 0x4A27, 0x4A47, 0x5268, 0x5268,
  0x5288, 0x5268, 0x4A27, 0x5247, 0x5268, 0x5268, 0x5268, 0x5AA8, 0x5AA9, 0x62C9, 0x4A27, 0x4A47,
  0x5247, 0x5AA9, 0x4A07, 0x3985, 0x2943, 0x2123, 0x2964, 0x3164, 0x2964, 0x2964, 0x3185, 0x3185,
  0x2944, 0x2923, 0x2944, 0x39A5, 0x39A5, 0x3184, 0x3185, 0x39C5, 0x39C5, 0x39C5, 0x39A5, 0x39A5,
  0x39A5, 0x3164, 0x20E2, 0x20E2, 0x2103, 0x2103, 0x2103, 0x2123, 0x2103, 0x2103, 0x2103, 0x2103,
  0x2103, 0x18E2, 0x18A1, 0x2103, 0x20E3, 0x2943, 0x4A27, 0x4A27, 0x41E6, 0x4206, 0x4A47, 0x5268,
  0x4A27, 0x4206, 0x4A06, 0x4A07, 0x4A07, 0x4A27, 0x4A27, 0x4A07, 0x4A07, 0x4A07, 0x4206, 0x41E6,
  0x41E6, 0x4A07, 0x4A07, 0x4A27, 0x4A07, 0x4A06, 0x41E6, 0x41E6, 0x39C6, 0x39C5, 0x39C5, 0x39C5,
  0x39C5, 0x39C5, 0x39C5, 0x39A5, 0x3185, 0x3164, 0x3164, 0x2964, 0x3164, 0x3184, 0x3184, 0x3184,
  0x3164, 0x3164, 0x2964, 0x2944, 0x2964, 0x2944, 0x2944, 0x2944, 0x2944, 0x10A2, 0x0000, 0x0000,
  0x0000, 0x0000, 0x0861, 0x0861, 0x0861, 0x0861, 0x0861, 0x0000, 0x0000, 0x0000, 0x0000, 0x0020,
  0x0861, 0x0861, 0x0861, 0x0861, 0x0841, 0x0000, 0x0000, 0x0000, 0x0000, 0x0020, 0x0861, 0x0861,
  0x0861, 0x0861, 0x0020, 0x0000, 0x0000, 0x0000, 0x0000, 0x0000, 0x0000, 0x0000, 0x0000, 0x0000,
  0x0000, 0x0000, 0x0000, 0x0000, 0x0000, 0x0000, 0x0000, 0x0000, 0x0000, 0x0020, 0x0861, 0x0861,
  0x0861, 0x0861, 0x0020, 0x0000, 0x0000, 0x0000, 0x0000, 0x0841, 0x0861, 0x0861, 0x0861, 0x0861,
  0x0000, 0x0000, 0x0000, 0x0000, 0x0000, 0x0861, 0x0861, 0x0861, 0x0861, 0x0841, 0x0000, 0x0000,
  0x0000, 0x0000, 0x0000, 0x39C6, 0x83CD, 0x7BAC, 0x83CD, 0x83AD, 0x7BAD, 0x7B6C, 0x7B6C, 0x7B8C,
  0x7BAC, 0x7B8C, 0x83CD, 0x83ED, 0x8C0E, 0x8C2E, 0x8C2E, 0x942F, 0xA4D1, 0xA4D1, 0x9CB0, 0xA4B1,
  0xA4D1, 0xA4F1, 0xAD12, 0xAD12, 0xA4F1, 0xA4B1, 0xA4F1, 0xAD12, 0xAD32, 0xAD12, 0xA4D1, 0x9CB0,
  0x9C90, 0x9CB0, 0xACF2, 0xA4D1, 0x944F, 0x8C2E, 0x8BEE, 0x944E, 0x944F, 0x7B8C, 0x83CD, 0x9CB0,
  0x946F, 0x6B2B, 0x4A27, 0x41E6, 0x4A06, 0x4A27, 0x4A27, 0x4A47, 0x4A47, 0x4A47, 0x4A47, 0x5247,
  0x5268, 0x5288, 0x5247, 0x4A27, 0x4A47, 0x5268, 0x5268, 0x5AA9, 0x62EA, 0x62C9, 0x5A88, 0x4A47,
  0x5247, 0x5288, 0x5AA9, 0x5268, 0x4A27, 0x2943, 0x2943, 0x2944, 0x3164, 0x3164, 0x3164, 0x3185,
  0x3185, 0x39A5, 0x39A5, 0x3185, 0x3184, 0x3985, 0x39A5, 0x39A5, 0x39A5, 0x39A5, 0x39C5, 0x39A5,
  0x39A5, 0x39A5, 0x3185, 0x3185, 0x2944, 0x2123, 0x2103, 0x18E3, 0x18C2, 0x18C2, 0x18C2, 0x18C2,
  0x18C2, 0x20E3, 0x2944, 0x41E6, 0x41E6, 0x4A06, 0x4A27, 0x4A26, 0x4A26, 0x4A47, 0x4A47, 0x4A47,
  0x4A27, 0x41E6, 0x4A06, 0x4A07, 0x4A07, 0x4A07, 0x4A07, 0x4A07, 0x4A07, 0x4A07, 0x4A06, 0x4A06,
  0x4206, 0x4A06, 0x4A06, 0x4A06, 0x4206, 0x41E6, 0x41E6, 0x39C5, 0x39C5, 0x39C5, 0x39C5, 0x39C5,
  0x39C5, 0x39A5, 0x39A5, 0x31A5, 0x3184, 0x3164, 0x2944, 0x2944, 0x3164, 0x3164, 0x3164, 0x3164,
  0x3164, 0x2964, 0x2944, 0x2944, 0x2944, 0x2944, 0x2123, 0x2944, 0x20E3, 0x0000, 0x0000, 0x0000,
  0x0000, 0x0000, 0x0861, 0x0861, 0x0861, 0x0861, 0x0861, 0x0000, 0x0000, 0x0000, 0x0000, 0x0020,
  0x0861, 0x0861, 0x0861, 0x0861, 0x0841, 0x0000, 0x0000, 0x0000, 0x0000, 0x0841, 0x0861, 0x0861,
  0x0861, 0x0861, 0x0020, 0x0000, 0x0000, 0x0000, 0x0000, 0x0000, 0x0000, 0x0000, 0x0000, 0x0000,
  0x0000, 0x0000, 0x0000, 0x0000, 0x0000, 0x0000, 0x0000, 0x0000, 0x0000, 0x0020, 0x0861, 0x0861,
  0x0861, 0x0861, 0x0020, 0x0000, 0x0000, 0x0000, 0x0000, 0x0841, 0x0861, 0x0861, 0x0861, 0x0861,
  0x0000, 0x0000, 0x0000, 0x0000, 0x0020, 0x0861, 0x0861, 0x0861, 0x0861, 0x0841, 0x0000, 0x0000,
  0x0000, 0x0000, 0x0041, 0x0841, 0x41E6, 0x734B, 0x734B, 0x7B8C, 0x7BAD, 0x7B8C, 0x7B8C, 0x7B8C,
  0x7BAC, 0x7BAC, 0x7BAC, 0x7BAC, 0x7BAC, 0x83ED, 0x8C0E, 0x83ED, 0x8C2E, 0x944F, 0x9C90, 0x9CB0,
  0xA4D1, 0xA4D1, 0xA4F1, 0xA4F1, 0xA4F1, 0xA4F1, 0xAD12, 0xACF2, 0xACF2, 0xAD12, 0xA4B1, 0xA4D1,
  0xA4D1, 0x9C90, 0xA4D1, 0x9CB0, 0xA4D1, 0xA4B1, 0x944F, 0x8C0E, 0x8C2E, 0x83EE, 0x7B8C, 0x8C0E,
  0x944F, 0x944F, 0x7BAD, 0x4A06, 0x39A5, 0x41E6, 0x4A27, 0x4A27, 0x4A47, 0x5247, 0x4A47, 0x4A47,
  0x5247, 0x5268, 0x5268, 0x4A47, 0x5268, 0x5268, 0x5288, 0x5288, 0x5288, 0x5267, 0x5AA9, 0x5AC9,
  0x5288, 0x4A47, 0x5268, 0x5268, 0x5A88, 0x4A47, 0x3164, 0x3184, 0x39A5, 0x3184, 0x3164, 0x3164,
  0x3164, 0x3184, 0x3184, 0x3164, 0x2944, 0x3164, 0x3184, 0x3184, 0x3184, 0x39A5, 0x39A5, 0x3185,
  0x3185, 0x3185, 0x3185, 0x31A5, 0x39A5, 0x3185, 0x3164, 0x2923, 0x3185, 0x4206, 0x39A5, 0x2923,
  0x39A5, 0x5268, 0x5A88, 0x5247, 0x5268, 0x5268, 0x5268, 0x5268, 0x5A88, 0x5247, 0x4A27, 0x4A27,
  0x4A27, 0x4206, 0x4206, 0x4A07, 0x4206, 0x4206, 0x4206, 0x4206, 0x4206, 0x41E6, 0x41E6, 0x41E6,
  0x41E6, 0x41E6, 0x41E6, 0x41E6, 0x41E6, 0x41C6, 0x41C5, 0x39C5, 0x39C5, 0x39C5, 0x39A5, 0x39A5,
  0x39C5, 0x39A5, 0x3184, 0x3184, 0x3184, 0x3164, 0x3164, 0x3164, 0x3164, 0x2943, 0x2944, 0x2944,
  0x2944, 0x2943, 0x2923, 0x2923, 0x2103, 0x3164, 0x41E6, 0x2944, 0x0861, 0x0020, 0x0000, 0x0000,
  0x0000, 0x0000, 0x0861, 0x0861, 0x0861, 0x0861, 0x0861, 0x0000, 0x0000, 0x0000, 0x0000, 0x0020,
  0x0861, 0x0861, 0x0861, 0x0861, 0x0841, 0x0000, 0x0000, 0x0000, 0x0000, 0x0841, 0x0861, 0x0861,
  0x0861, 0x0861, 0x0020, 0x0000, 0x0000, 0x0000, 0x0000, 0x0000, 0x0000, 0x0000, 0x0000, 0x0000,
  0x0000, 0x0000, 0x0000, 0x0000, 0x0000, 0x0000, 0x0000, 0x0000, 0x0000, 0x0000, 0x0000, 0x0000,
  0x0000, 0x0000, 0x0841, 0x0861, 0x0861, 0x0861, 0x0861, 0x0020, 0x0000, 0x0000, 0x0000, 0x0000,
  0x0841, 0x0861, 0x0861, 0x0861, 0x0841, 0x0000, 0x0000, 0x0000, 0x0000, 0x0020, 0x0861, 0x0861,
  0x0841, 0x0861, 0x0841, 0x0020, 0x0000, 0x3185, 0x734B, 0x734B, 0x7B8C, 0x83CD, 0x7BAC, 0x7BAC,
  0x7BAC, 0x7BAC, 0x7BAC, 0x83AD, 0x83CD, 0x83AD, 0x83CD, 0x83ED, 0x83AD, 0x83CD, 0x944E, 0x8C2E,
  0x944F, 0x946F, 0x944F, 0x946F, 0x9CB0, 0x9CB0, 0xA4F1, 0xA4F1, 0xAD12, 0xA4D1, 0x9CB0, 0xA4D1,
  0xA4F1, 0xA4F1, 0xA4F1, 0x9CB0, 0xA4D1, 0xACF1, 0xA4D1, 0x9C90, 0x9C90, 0x9CB0, 0x8C0E, 0x7BAC,
  0x8C2E, 0x8C0E, 0x8BEE, 0x83AD, 0x7BAC, 0x5267, 0x39A5, 0x4206, 0x4A27, 0x4A47, 0x5247, 0x4A47,
  0x4A27, 0x4A47, 0x5268, 0x5268, 0x5268, 0x5268, 0x5268, 0x5268, 0x5268, 0x5268, 0x5268, 0x5A88,
  0x5AA9, 0x5288, 0x5247, 0x5288, 0x5247, 0x5268, 0x5247, 0x39C5, 0x41C6, 0x41C6, 0x39C5, 0x39A5,
  0x39A5, 0x3164, 0x3164, 0x3164, 0x3164, 0x3164, 0x3164, 0x3164, 0x3164, 0x3164, 0x3164, 0x3164,
  0x3184, 0x3184, 0x3184, 0x3184, 0x3184, 0x3164, 0x39A5, 0x4206, 0x5247, 0x4A47, 0x4A27, 0x5247,
  0x5268, 0x5247, 0x5267, 0x5267, 0x5268, 0x5268, 0x5268, 0x5247, 0x5247, 0x5247, 0x4A07, 0x4A07,
  0x4A27, 0x4A07, 0x4A06, 0x4206, 0x41E6, 0x41E6, 0x41E6, 0x41E6, 0x41E6, 0x41E6, 0x41E6, 0x41E6,
  0x41E6, 0x41E6, 0x41C6, 0x39C6, 0x39C5, 0x39C5, 0x39C5, 0x39C5, 0x39C5, 0x39A5, 0x39A5, 0x39A5,
  0x31A5, 0x3185, 0x3184, 0x3164, 0x3184, 0x3164, 0x2964, 0x2944, 0x2944, 0x41C6, 0x3185, 0x2923,
  0x2923, 0x2944, 0x41E6, 0x4A47, 0x4206, 0x5AA9, 0x4207, 0x0820, 0x0000, 0x0861, 0x0861, 0x0861,
  0x0861, 0x0861, 0x0020, 0x0000, 0x0000, 0x0000, 0x0020, 0x0861, 0x0861, 0x0861, 0x0861, 0x0841,
  0x0000, 0x0000, 0x0000, 0x0000, 0x0020, 0x0861, 0x0861, 0x0861, 0x0861, 0x0841, 0x0000, 0x0000,
  0x0000, 0x0000, 0x0000, 0x0000, 0x0000, 0x0000, 0x0000, 0x0000, 0x0000, 0x0000, 0x0000, 0x0000,
  0x0000, 0x0000, 0x0000, 0x0000, 0x0000, 0x0000, 0x0000, 0x0000, 0x0000, 0x0000, 0x0000, 0x0000,
  0x0000, 0x0000, 0x0841, 0x0861, 0x0861, 0x0861, 0x0861, 0x0020, 0x0000, 0x0000, 0x0000, 0x0000,
  0x0861, 0x1082, 0x0861, 0x0861, 0x0861, 0x0000, 0x0000, 0x0000, 0x0000, 0x0020, 0x0861, 0x0861,
  0x0861, 0x0861, 0x0841, 0x0000, 0x0000, 0x0000, 0x3185, 0x736C, 0x734B, 0x83CD, 0x7BAC, 0x7B8C,
  0x7BAC, 0x7BAC, 0x7BAC, 0x7BAC, 0x7BAC, 0x7BAC, 0x7B8C, 0x7B8C, 0x7BAC, 0x7B8C, 0x8C0D, 0x944F,
  0x942F, 0x8C0E, 0x8C0E, 0x8C0E, 0x944F, 0x946F, 0xA4D1, 0x9C90, 0x944F, 0x944F, 0xA4D1, 0xACF2,
  0xA4F1, 0xAD12, 0xA4F1, 0xA4F2, 0xA4F1, 0xA4F1, 0xA4D1, 0xA4D1, 0xA4D1, 0xA4F1, 0xA4D1, 0x7BAC,
  0x83AD, 0x8C2E, 0x8C0E, 0x9C90, 0xAD32, 0x83EE, 0x5268, 0x4A06, 0x41E6, 0x4A27, 0x4A27, 0x4A47,
  0x4A47, 0x4A47, 0x4A47, 0x4A47, 0x5268, 0x5268, 0x5268, 0x5247, 0x5268, 0x5268, 0x5268, 0x5247,
  0x5268, 0x5A88, 0x5A88, 0x5268, 0x4A27, 0x4A27, 0x5268, 0x5247, 0x3985, 0x3985, 0x39C5, 0x41E6,
  0x39C6, 0x39A5, 0x3184, 0x3164, 0x3164, 0x2944, 0x2944, 0x2944, 0x2944, 0x2944, 0x2944, 0x2964,
  0x2964, 0x2964, 0x3164, 0x2964, 0x3164, 0x41E6, 0x4A27, 0x4A47, 0x4A27, 0x4A27, 0x4A27, 0x4A47,
  0x5247, 0x4A47, 0x4A26, 0x4A27, 0x4A47, 0x4A47, 0x4A27, 0x4A06, 0x4A06, 0x4A27, 0x4A27, 0x4A07,
  0x4A07, 0x4A07, 0x4A27, 0x4206, 0x4206, 0x41E6, 0x41E6, 0x41E6, 0x41E6, 0x41E6, 0x41E6, 0x41E6,
  0x41C6, 0x41C6, 0x39C5, 0x39C5, 0x39C5, 0x39A5, 0x39C5, 0x39A5, 0x39A5, 0x39A5, 0x3185, 0x3184,
  0x3184, 0x3164, 0x2964, 0x2944, 0x2944, 0x2944, 0x2944, 0x2944, 0x4A27, 0x62EA, 0x5AA9, 0x5268,
  0x4A27, 0x5268, 0x5AA9, 0x5AC9, 0x62EA, 0x39C6, 0x0000, 0x0000, 0x0000, 0x0861, 0x0861, 0x0861,
  0x0861, 0x0861, 0x0000, 0x0000, 0x0000, 0x0000, 0x0000, 0x0861, 0x0861, 0x0861, 0x1082, 0x0841,
  0x0000, 0x0000, 0x0000, 0x0000, 0x0020, 0x0861, 0x0861, 0x0861, 0x0861, 0x0020, 0x0000, 0x0000,
  0x0000, 0x0000, 0x0000, 0x0000, 0x0000, 0x0000, 0x0000, 0x0000, 0x0000, 0x0000, 0x0000, 0x0000,
  0x0000, 0x0000, 0x0000, 0x0000, 0x0000, 0x0000, 0x0000, 0x0000, 0x0000, 0x0000, 0x0000, 0x0000,
  0x0000, 0x0000, 0x0841, 0x0861, 0x0861, 0x0861, 0x0861, 0x0020, 0x0000, 0x0000, 0x0000, 0x0000,
  0x0861, 0x0861, 0x0861, 0x0861, 0x0861, 0x0000, 0x0000, 0x0000, 0x0000, 0x0020, 0x0861, 0x0861,
  0x0861, 0x0861, 0x0841, 0x0000, 0x0000, 0x0000, 0x0000, 0x39A5, 0x7B8C, 0x7BAC, 0x7BAC, 0x7B8C,
  0x7B8C, 0x7BAC, 0x7BAC, 0x7B8C, 0x7B8C, 0x7BAC, 0x7B8C, 0x7B8C, 0x7B8C, 0x736C, 0x736C, 0x8C0E,
  0x83ED, 0x83CD, 0x83ED, 0x8BEE, 0x8C2E, 0x946F, 0x946F, 0x944F, 0x7BAC, 0x83CD, 0x944F, 0x9CB0,
  0xA4D1, 0xA4F1, 0xA4F1, 0xA4F1, 0xA4D1, 0xA4D1, 0xA4B0, 0xA4D1, 0xA4B0, 0xA4B1, 0xA4D1, 0x946F,
  0x736B, 0x8C0E, 0xA4D1, 0xA4F1, 0x946F, 0x944F, 0x9CB0, 0x8C0E, 0x5268, 0x39A5, 0x41E6, 0x4A27,
  0x4A47, 0x4A47, 0x4A27, 0x4A27, 0x4A27, 0x4A47, 0x4A47, 0x4A47, 0x5247, 0x5247, 0x5247, 0x5247,
  0x4A47, 0x5247, 0x5268, 0x5268, 0x5247, 0x5268, 0x4A27, 0x5247, 0x5247, 0x41C6, 0x39A5, 0x39A5,
  0x39C5, 0x39C5, 0x39A5, 0x39C5, 0x39A5, 0x3164, 0x2944, 0x2944, 0x2944, 0x2944, 0x2944, 0x2944,
  0x2964, 0x2944, 0x2943, 0x3164, 0x41E6, 0x4A07, 0x4A06, 0x4A27, 0x4A27, 0x4A27, 0x4A27, 0x4A27,
  0x4A47, 0x4A47, 0x4A47, 0x4A47, 0x4A06, 0x4206, 0x4206, 0x4206, 0x41E6, 0x41E6, 0x4207, 0x4206,
  0x4207, 0x4207, 0x4206, 0x4206, 0x4206, 0x41E6, 0x41E6, 0x41E6, 0x41E6, 0x41E6, 0x41C6, 0x39C5,
  0x39C5, 0x39C5, 0x39A5, 0x39A5, 0x39A5, 0x39A5, 0x39A5, 0x39A5, 0x39A5, 0x31A5, 0x3185, 0x3164,
  0x2944, 0x2944, 0x2944, 0x2923, 0x2943, 0x4A27, 0x5288, 0x5288, 0x5AC9, 0x5AA9, 0x5AA9, 0x5AA9,
  0x5AA9, 0x5A89, 0x5268, 0x5AA9, 0x39C6, 0x0000, 0x0000, 0x0000, 0x0000, 0x0861, 0x0861, 0x0861,
  0x0861, 0x0861, 0x0000, 0x0000, 0x0000, 0x0000, 0x0000, 0x0861, 0x0861, 0x0861, 0x0861, 0x0841,
  0x0000, 0x0000, 0x0000, 0x0000, 0x0020, 0x0861, 0x0861, 0x0861, 0x0861, 0x0020, 0x0000, 0x0000,
  0x0000, 0x0000, 0x0000, 0x0000, 0x0000, 0x0000, 0x0000, 0x0000, 0x0000, 0x0000, 0x0000, 0x0000,
  0x0000, 0x0000, 0x0000, 0x0000, 0x0000, 0x0000, 0x0000, 0x0000, 0x0000, 0x0000, 0x0000, 0x0000,
  0x0000, 0x0000, 0x0841, 0x0861, 0x0861, 0x0861, 0x1082, 0x0020, 0x0000, 0x0000, 0x0000, 0x0000,
  0x0861, 0x0861, 0x0861, 0x0861, 0x0861, 0x0000, 0x0000, 0x0000, 0x0000, 0x0020, 0x0861, 0x0861,
  0x0861, 0x0861, 0x0020, 0x0000, 0x0000, 0x0000, 0x0000, 0x0020, 0x39C6, 0x736C, 0x7BAC, 0x7BAD,
  0x7BAC, 0x736B, 0x736B, 0x734B, 0x736B, 0x736B, 0x7B8C, 0x7B8C, 0x7B8C, 0x7B8C, 0x6B2B, 0x736B,
  0x7BAC, 0x83CD, 0x83CD, 0x83ED, 0x8C0E, 0x944E, 0x944E, 0x8C0E, 0x7BAC, 0x7BAC, 0x83ED, 0x946F,
  0x9C90, 0x9C90, 0x9CB0, 0xA4D0, 0xA4D1, 0xA4D1, 0x9CB0, 0x944F, 0x942F, 0x942F, 0x946F, 0xA4B1,
  0x946F, 0x8C0E, 0x9CB0, 0x8C2E, 0x8C2E, 0x9C90, 0x9C90, 0x9C90, 0x944F, 0x6B4B, 0x5A88, 0x41C5,
  0x4A06, 0x4A47, 0x5268, 0x4A47, 0x4A27, 0x4A27, 0x4A27, 0x4A27, 0x4A47, 0x5247, 0x4A27, 0x4A27,
  0x4A27, 0x4A27, 0x4A27, 0x5248, 0x5A88, 0x5A88, 0x5268, 0x4A27, 0x5288, 0x5AA9, 0x41E6, 0x3164,
  0x39A5, 0x39A5, 0x39A5, 0x39A5, 0x39C5, 0x39A5, 0x39A5, 0x3185, 0x3164, 0x3164, 0x39A5, 0x3185,
  0x3164, 0x2944, 0x3185, 0x41E6, 0x41E6, 0x41E6, 0x4A06, 0x4A27, 0x4A27, 0x4A27, 0x4A27, 0x4A27,
  0x4A27, 0x4A27, 0x4A47, 0x4A27, 0x41E6, 0x41E6, 0x41E6, 0x41E6, 0x41E6, 0x41E6, 0x41E6, 0x41E6,
  0x4206, 0x41E6, 0x41E6, 0x41E6, 0x41E6, 0x41E6, 0x41E6, 0x41E6, 0x41E6, 0x41E6, 0x39C5, 0x39C5,
  0x39A5, 0x39A5, 0x39A5, 0x39A5, 0x39A5, 0x39A5, 0x39A5, 0x39A5, 0x31A5, 0x3184, 0x3184, 0x3164,
  0x2944, 0x2923, 0x2923, 0x3185, 0x5268, 0x62C9, 0x62C9, 0x62C9, 0x5AA9, 0x5AA9, 0x5AA9, 0x5A88,
  0x5A88, 0x5A88, 0x5A89, 0x39A5, 0x0000, 0x0000, 0x0000, 0x0000, 0x0000, 0x0861, 0x0861, 0x0861,
  0x0861, 0x0861, 0x0000, 0x0000, 0x0000, 0x0000, 0x0000, 0x0861, 0x0861, 0x0861, 0x1082, 0x0841,
  0x0000, 0x0000, 0x0000, 0x0000, 0x0020, 0x1082, 0x0861, 0x0861, 0x1082, 0x0841, 0x0000, 0x0000,
  0x0000, 0x0000, 0x0000, 0x0000, 0x0000, 0x0000, 0x0000, 0x0000, 0x0000, 0x0000, 0x0000, 0x0000,
  0x0000, 0x0000, 0x0000, 0x0000, 0x0000, 0x0000, 0x0000, 0x0000, 0x0000, 0x0000, 0x0000, 0x0000,
  0x0000, 0x0000, 0x0841, 0x0841, 0x0861, 0x0861, 0x0861, 0x0020, 0x0000, 0x0020, 0x0020, 0x0020,
  0x0841, 0x0861, 0x0861, 0x0841, 0x0841, 0x0020, 0x0000, 0x0000, 0x0000, 0x0020, 0x0841, 0x0861,
  0x0861, 0x0841, 0x0020, 0x0000, 0x0020, 0x0000, 0x0000, 0x0841, 0x0020, 0x3164, 0x7B8C, 0x83CD,
  0x7BAC, 0x736B, 0x734B, 0x734B, 0x734B, 0x734B, 0x734B, 0x736B, 0x7B8C, 0x7B8C, 0x6B0A, 0x6B2B,
  0x736B, 0x83CD, 0x83CD, 0x83EE, 0x83EE, 0x8C0E, 0x8C0E, 0x83CD, 0x7BAC, 0x83CD, 0x944F, 0x944F,
  0x8C2E, 0x946F, 0x9C90, 0x9CB0, 0xA4D0, 0x9CB0, 0xA4D0, 0x946F, 0x8C0E, 0x83ED, 0x8C0E, 0x9C90,
  0xA4D1, 0xA4D1, 0x9C90, 0x8C0E, 0x944F, 0x9C90, 0x9C90, 0x9C90, 0x9C90, 0xA4B1, 0x9C70, 0x6B0A,
  0x41C5, 0x41C5, 0x4A47, 0x4A47, 0x4A27, 0x4A27, 0x4A27, 0x4A27, 0x4A27, 0x4A27, 0x4A27, 0x4A27,
  0x4A27, 0x4A27, 0x4A27, 0x5268, 0x5268, 0x5268, 0x5268, 0x5268, 0x5268, 0x5268, 0x5268, 0x39C5,
  0x3164, 0x3184, 0x3184, 0x39A5, 0x39A5, 0x39A5, 0x39A5, 0x39A5, 0x39A5, 0x39A5, 0x39C5, 0x39A5,
  0x39A5, 0x39C5, 0x39E6, 0x39C5, 0x41C5, 0x41C6, 0x41E6, 0x4206, 0x4A06, 0x4A06, 0x4A06, 0x4A06,
  0x4A07, 0x4A27, 0x4A06, 0x4206, 0x41E6, 0x39C5, 0x39C5, 0x39C5, 0x39C6, 0x39C6, 0x39C6, 0x41E6,
  0x41E6, 0x39C6, 0x39C6, 0x39C5, 0x39C5, 0x41C5, 0x41C6, 0x41C6, 0x39C5, 0x39C5, 0x39C5, 0x39A5,
  0x39A5, 0x39A5, 0x39A5, 0x39A5, 0x39A5, 0x3185, 0x3184, 0x3184, 0x3184, 0x3164, 0x3164, 0x2943,
  0x2923, 0x3164, 0x4206, 0x5A88, 0x5AA9, 0x5AA8, 0x5AA9, 0x5AA9, 0x5AA9, 0x5AA9, 0x5A88, 0x5268,
  0x5268, 0x5AA9, 0x39A5, 0x0841, 0x0020, 0x0020, 0x0020, 0x0000, 0x0000, 0x0841, 0x0861, 0x0861,
  0x0841, 0x0841, 0x0020, 0x0020, 0x0020, 0x0000, 0x0020, 0x0861, 0x0861, 0x0841, 0x0861, 0x0841,
  0x0000, 0x0020, 0x0020, 0x0000, 0x0020, 0x0861, 0x0841, 0x0861, 0x0861, 0x0841, 0x0000, 0x0020,
  0x0000, 0x0000, 0x0000, 0x0000, 0x0000, 0x0000, 0x0000, 0x0000, 0x0000, 0x0000, 0x0000, 0x0000,
  0x0000, 0x0000, 0x0000, 0x0000, 0x0000, 0x0000, 0x0000, 0x0000, 0x0000, 0x0020, 0x0861, 0x0861,
  0x0861, 0x0861, 0x0020, 0x0000, 0x0000, 0x0000, 0x0000, 0x0841, 0x1082, 0x0861, 0x0861, 0x0861,
  0x0020, 0x0000, 0x0000, 0x0000, 0x0000, 0x0861, 0x0861, 0x0861, 0x0861, 0x0841, 0x0000, 0x0000,
  0x0000, 0x0000, 0x0020, 0x0861, 0x0861, 0x0861, 0x0861, 0x0021, 0x0000, 0x0000, 0x2924, 0x736C,
  0x7BAC, 0x7B8C, 0x7B8C, 0x7B8C, 0x736C, 0x7B6C, 0x734B, 0x6B2B, 0x6B2B, 0x734B, 0x6B2B, 0x6B2B,
  0x6B2B, 0x7B8C, 0x83CD, 0x83CD, 0x83AD, 0x83CD, 0x83CD, 0x7B8C, 0x83AC, 0x83ED, 0x944F, 0x8C0E,
  0x944F, 0x9C90, 0x9C6F, 0x9C90, 0x9C90, 0x944F, 0x946F, 0x9C90, 0x9CB0, 0x942F, 0x8C0E, 0x9C90,
  0x9CB0, 0x9C70, 0x8C2E, 0x9C70, 0x946F, 0x9C90, 0x9C90, 0x9C90, 0x9CB0, 0x9CB0, 0x8C2E, 0x944F,
  0x944F, 0x62C9, 0x4A47, 0x4206, 0x39A5, 0x41C5, 0x41C5, 0x4A06, 0x4206, 0x4A06, 0x4A06, 0x4A27,
  0x4A07, 0x4A07, 0x4A27, 0x5247, 0x4A47, 0x4A47, 0x5247, 0x5268, 0x5247, 0x4A07, 0x4A47, 0x5247,
  0x41E6, 0x39C6, 0x39C5, 0x3184, 0x3184, 0x39A5, 0x3185, 0x3185, 0x3185, 0x3185, 0x3184, 0x3185,
  0x39A5, 0x39C5, 0x39A5, 0x39A5, 0x39A5, 0x39A5, 0x39C5, 0x41C6, 0x41C6, 0x41E6, 0x41E6, 0x41E6,
  0x41E6, 0x41E6, 0x41E6, 0x41C6, 0x41C6, 0x39C5, 0x39A5, 0x39A5, 0x39A5, 0x39C6, 0x39C5, 0x39A5,
  0x39A5, 0x39A5, 0x39A5, 0x39A5, 0x39A5, 0x39A5, 0x39A5, 0x39A5, 0x39A5, 0x39A5, 0x39A5, 0x39A5,
  0x31A5, 0x31A5, 0x3185, 0x3185, 0x3185, 0x3184, 0x3164, 0x3164, 0x3164, 0x2944, 0x3164, 0x39C5,
  0x41E6, 0x5268, 0x5288, 0x5268, 0x5268, 0x5288, 0x5268, 0x5268, 0x5288, 0x5A88, 0x5A88, 0x5288,
  0x5288, 0x2924, 0x0000, 0x0000, 0x0861, 0x0861, 0x0861, 0x0861, 0x0861, 0x0000, 0x0000, 0x0000,
  0x0000, 0x0000, 0x0861, 0x0861, 0x0861, 0x0861, 0x0861, 0x0000, 0x0000, 0x0000, 0x0000, 0x0020,
  0x0861, 0x0861, 0x0861, 0x1082, 0x0841, 0x0000, 0x0000, 0x0000, 0x0000, 0x0020, 0x1082, 0x0861,
  0x0861, 0x0861, 0x0020, 0x0000, 0x0000, 0x0000, 0x0000, 0x0000, 0x0000, 0x0000, 0x0000, 0x0000,
  0x0000, 0x0000, 0x0000, 0x0000, 0x0000, 0x0000, 0x0000, 0x0000, 0x0000, 0x0020, 0x0861, 0x0861,
  0x0861, 0x0861, 0x0020, 0x0000, 0x0000, 0x0000, 0x0000, 0x0841, 0x0861, 0x0861, 0x0861, 0x0861,
  0x0000, 0x0000, 0x0000, 0x0000, 0x0000, 0x0861, 0x0861, 0x0861, 0x0861, 0x0841, 0x0000, 0x0000,
  0x0000, 0x0000, 0x0020, 0x0861, 0x0861, 0x0861, 0x0861, 0x0020, 0x0000, 0x0000, 0x0000, 0x18C2,
  0x6B2B, 0x7B8C, 0x736B, 0x7B6C, 0x7B6C, 0x7B8C, 0x736C, 0x6B0A, 0x6B0A, 0x6B2A, 0x6B2B, 0x6B2A,
  0x6B2B, 0x734B, 0x7B8C, 0x7B8C, 0x7B8C, 0x7B8C, 0x7BAD, 0x7B8C, 0x7BAC, 0x83CD, 0x7BAC, 0x8C2E,
  0x946F, 0x946F, 0x944F, 0x946F, 0x9C8F, 0x944F, 0x944F, 0x944F, 0x9C90, 0xA4F1, 0x9CB0, 0x9C90,
  0x9CB0, 0x946F, 0x8C2E, 0x8C2E, 0x946F, 0x944F, 0x9C70, 0x9C90, 0x9C90, 0x944F, 0x9C6F, 0x946F,
  0xAD12, 0xAD32, 0x9CD1, 0x944F, 0x62EA, 0x5AC9, 0x62EA, 0x41E6, 0x41E6, 0x4A06, 0x4206, 0x4206,
  0x4A07, 0x4A07, 0x4A07, 0x4A27, 0x4206, 0x4206, 0x4A27, 0x4A27, 0x4A27, 0x4A06, 0x4A07, 0x4A07,
  0x4A27, 0x4A27, 0x4A07, 0x39C5, 0x39A5, 0x3184, 0x3164, 0x3164, 0x3164, 0x3164, 0x3184, 0x3184,
  0x39A5, 0x39A5, 0x39A5, 0x3185, 0x3184, 0x3184, 0x39A5, 0x39A5, 0x39A5, 0x39A5, 0x39A5, 0x39A5,
  0x39A5, 0x39C5, 0x39A5, 0x39A5, 0x39A5, 0x39A5, 0x39A5, 0x39A5, 0x39A5, 0x39A5, 0x39A5, 0x3185,
  0x3185, 0x3185, 0x3185, 0x3185, 0x39A5, 0x3185, 0x3185, 0x3185, 0x3185, 0x3184, 0x3184, 0x3184,
  0x3184, 0x3184, 0x3184, 0x3164, 0x3164, 0x3164, 0x3164, 0x2944, 0x2944, 0x2944, 0x4206, 0x5A88,
  0x5288, 0x5268, 0x5268, 0x5248, 0x5247, 0x5268, 0x5247, 0x5247, 0x5247, 0x5247, 0x5268, 0x5268,
  0x20E3, 0x0000, 0x0000, 0x0000, 0x0841, 0x0861, 0x0861, 0x0861, 0x0861, 0x0000, 0x0000, 0x0000,
  0x0000, 0x0000, 0x0861, 0x0861, 0x0861, 0x0861, 0x0841, 0x0000, 0x0000, 0x0000, 0x0000, 0x0020,
  0x0861, 0x0861, 0x0861, 0x0861, 0x0841, 0x0000, 0x0000, 0x0000, 0x0000, 0x0020, 0x0861, 0x0861,
  0x0861, 0x0861, 0x0020, 0x0000, 0x0000, 0x0000, 0x0000, 0x0000, 0x0000, 0x0000, 0x0000, 0x0000,
  0x0000, 0x0000, 0x0000, 0x0000, 0x0000, 0x0000, 0x0000, 0x0000, 0x0000, 0x0020, 0x0861, 0x0861,
  0x0861, 0x0861, 0x0020, 0x0000, 0x0000, 0x0000, 0x0000, 0x0841, 0x0861, 0x0861, 0x0861, 0x0861,
  0x0020, 0x0000, 0x0000, 0x0000, 0x0000, 0x0861, 0x0861, 0x0861, 0x0861, 0x0841, 0x0000, 0x0000,
  0x0000, 0x0000, 0x0020, 0x0861, 0x0861, 0x0861, 0x0861, 0x0020, 0x0000, 0x0000, 0x0000, 0x0000,
  0x18A2, 0x5AA9, 0x734B, 0x734B, 0x6B4B, 0x734B, 0x736C, 0x734B, 0x6B0A, 0x6B0A, 0x6B0A, 0x6B0A,
  0x6B0A, 0x6B0A, 0x734B, 0x7B8C, 0x7B8C, 0x7B8C, 0x7B8C, 0x7B8C, 0x7B8C, 0x7B8C, 0x736B, 0x83CD,
  0x8C2E, 0x8C2E, 0x8C2E, 0x946F, 0x946F, 0x944F, 0x8C2E, 0x944F, 0x944F, 0x9CB0, 0x9CB0, 0x944F,
  0x946F, 0x946F, 0x9C90, 0x8C2E, 0x8C0E, 0x946F, 0x946F, 0x946F, 0x946F, 0x9C90, 0x9C90, 0x9C90,
  0x9C70, 0xA4D1, 0xAD12, 0xAD32, 0xB533, 0xAD32, 0xB553, 0x83EE, 0x41E6, 0x3985, 0x39C5, 0x4206,
  0x4206, 0x4A06, 0x4A07, 0x4206, 0x41E6, 0x4206, 0x4A06, 0x41E6, 0x41E6, 0x4206, 0x4A06, 0x4A07,
  0x41E6, 0x41E6, 0x4A07, 0x4A27, 0x4206, 0x41C6, 0x3164, 0x2944, 0x3164, 0x3164, 0x3164, 0x3164,
  0x3164, 0x3184, 0x3164, 0x3164, 0x3164, 0x3184, 0x3185, 0x3185, 0x3185, 0x3185, 0x3185, 0x3185,
  0x3185, 0x3185, 0x3185, 0x3185, 0x3185, 0x3185, 0x31A5, 0x39A5, 0x3185, 0x3185, 0x3184, 0x3164,
  0x3164, 0x3164, 0x3164, 0x3184, 0x3184, 0x3164, 0x3184, 0x3184, 0x3184, 0x3184, 0x3164, 0x3164,
  0x3164, 0x2964, 0x2964, 0x2944, 0x2944, 0x2944, 0x2923, 0x3184, 0x41E6, 0x4A27, 0x5268, 0x5248,
  0x5248, 0x5248, 0x5248, 0x4A47, 0x4A27, 0x4A47, 0x4A47, 0x4A27, 0x4A47, 0x5247, 0x4A27, 0x18A2,
  0x0000, 0x0000, 0x0000, 0x0000, 0x0841, 0x0861, 0x0861, 0x0861, 0x0861, 0x0000, 0x0000, 0x0000,
  0x0000, 0x0000, 0x0861, 0x0861, 0x0861, 0x0861, 0x0861, 0x0000, 0x0000, 0x0000, 0x0000, 0x0020,
  0x0861, 0x0861, 0x0861, 0x0861, 0x0841, 0x0000, 0x0000, 0x0000, 0x0000, 0x0020, 0x0861, 0x0861,
  0x0861, 0x0861, 0x0020, 0x0000, 0x0000, 0x0000, 0x0000, 0x0000, 0x0000, 0x0000, 0x0000, 0x0000,
  0x0000, 0x0000, 0x0000, 0x0000, 0x0000, 0x0000, 0x0000, 0x0000, 0x0000, 0x0020, 0x1082, 0x0861,
  0x0861, 0x0861, 0x0020, 0x0000, 0x0000, 0x0000, 0x0000, 0x0841, 0x1082, 0x0861, 0x0861, 0x0861,
  0x0000, 0x0000, 0x0000, 0x0000, 0x0000, 0x0861, 0x0861, 0x0861, 0x1082, 0x0841, 0x0000, 0x0000,
  0x0000, 0x0000, 0x0020, 0x0861, 0x0861, 0x0861, 0x0861, 0x0020, 0x0000, 0x0000, 0x0000, 0x0000,
  0x0841, 0x1061, 0x4A07, 0x734C, 0x6B0A, 0x6B0A, 0x6B2B, 0x734B, 0x6B2B, 0x630A, 0x6B0A, 0x6B2A,
  0x6B0A, 0x6B0A, 0x736C, 0x736C, 0x736B, 0x736C, 0x734B, 0x736C, 0x7B6C, 0x736B, 0x732B, 0x7B8C,
  0x83CD, 0x83CD, 0x83CD, 0x942F, 0x8C2E, 0x83EE, 0x83ED, 0x8C2E, 0x944F, 0x944F, 0x944F, 0x83ED,
  0x8C0E, 0x944F, 0x8C0E, 0x944F, 0x8C2E, 0x944E, 0x944F, 0x946F, 0x946F, 0x946F, 0x946F, 0x9C90,
  0x9C70, 0x944F, 0xA4F1, 0xAD12, 0xA4F1, 0xA4F1, 0xA4F1, 0xACF1, 0x83CD, 0x62EA, 0x4A47, 0x39C5,
  0x4A07, 0x4A06, 0x4206, 0x41E6, 0x41C6, 0x41E6, 0x41E6, 0x41E6, 0x41E6, 0x41C6, 0x41C6, 0x41E6,
  0x41C6, 0x41C6, 0x4A06, 0x4A06, 0x41E6, 0x41E6, 0x39C5, 0x3164, 0x39A5, 0x39A5, 0x3164, 0x2944,
  0x2944, 0x2944, 0x2944, 0x3164, 0x3164, 0x3164, 0x3164, 0x3164, 0x3164, 0x3184, 0x3184, 0x3185,
  0x3184, 0x3164, 0x3164, 0x3164, 0x3164, 0x3164, 0x3164, 0x3184, 0x3164, 0x2944, 0x2944, 0x2944,
  0x2944, 0x2944, 0x2944, 0x2964, 0x2964, 0x2964, 0x2964, 0x2964, 0x2944, 0x2944, 0x2944, 0x2944,
  0x2944, 0x2944, 0x2944, 0x2944, 0x2923, 0x2944, 0x39E5, 0x5247, 0x5268, 0x4A47, 0x5247, 0x5248,
  0x4A27, 0x4A27, 0x4A27, 0x4A27, 0x4A27, 0x4A27, 0x4A27, 0x4A27, 0x5268, 0x41E7, 0x18A2, 0x0000,
  0x0000, 0x0000, 0x0000, 0x0000, 0x0841, 0x1082, 0x0861, 0x0861, 0x0861, 0x0000, 0x0000, 0x0000,
  0x0000, 0x0000, 0x0861, 0x0861, 0x0861, 0x0861, 0x0861, 0x0000, 0x0000, 0x0000, 0x0000, 0x0000,
  0x1082, 0x0861, 0x0861, 0x1082, 0x0841, 0x0000, 0x0000, 0x0000, 0x0000, 0x0020, 0x1082, 0x0861,
  0x0861, 0x0861, 0x0020, 0x0000, 0x0000, 0x0000, 0x0000, 0x0000, 0x0000, 0x0000, 0x0000, 0x0000,
  0x0000, 0x0000, 0x0000, 0x0000, 0x0000, 0x0000, 0x0000, 0x0000, 0x0000, 0x0020, 0x0841, 0x0841,
  0x0841, 0x0841, 0x0020, 0x0020, 0x0020, 0x0020, 0x0020, 0x0841, 0x0841, 0x0841, 0x0841, 0x0841,
  0x0020, 0x0020, 0x0020, 0x0020, 0x0020, 0x0841, 0x0841, 0x0841, 0x0841, 0x0841, 0x0020, 0x0020,
  0x0020, 0x0020, 0x0841, 0x0841, 0x0841, 0x0841, 0x0841, 0x0020, 0x0020, 0x0020, 0x0020, 0x0020,
  0x0841, 0x0841, 0x0020, 0x31A5, 0x6B0B, 0x6B2B, 0x6B0A, 0x6B2B, 0x734B, 0x6B0A, 0x6B0A, 0x6B0A,
  0x6B0A, 0x62EA, 0x6B0A, 0x734B, 0x732B, 0x734B, 0x734B, 0x734B, 0x736C, 0x734B, 0x6B2A, 0x734B,
  0x7B8C, 0x7B8C, 0x736C, 0x7BAC, 0x7BAC, 0x7BAC, 0x7BAC, 0x83ED, 0x8C0E, 0x8C0E, 0x8C0E, 0x83ED,
  0x83CD, 0x8C0E, 0x83ED, 0x736B, 0x8C2E, 0x944F, 0x944E, 0x944E, 0x946F, 0x944F, 0x944F, 0x946F,
  0x9C90, 0xA4F1, 0xA4F1, 0x9C90, 0xA4D1, 0xA4D1, 0xA4F1, 0x9CB0, 0x946F, 0xA4F2, 0xA4D1, 0x62EA,
  0x39A5, 0x41E6, 0x41C6, 0x41C5, 0x41C6, 0x39C5, 0x39A5, 0x39A5, 0x39C5, 0x39A5, 0x39A5, 0x39A5,
  0x39A5, 0x39A5, 0x41C6, 0x41C6, 0x39C5, 0x41C6, 0x39A5, 0x39A5, 0x39C5, 0x39A5, 0x3164, 0x2964,
  0x2944, 0x2944, 0x2944, 0x2944, 0x2944, 0x2944, 0x2944, 0x2944, 0x2944, 0x2964, 0x2964, 0x2944,
  0x2943, 0x2923, 0x2923, 0x2943, 0x2943, 0x2923, 0x2943, 0x2944, 0x2944, 0x2943, 0x2943, 0x2943,
  0x2943, 0x2944, 0x2943, 0x2943, 0x2943, 0x2943, 0x2943, 0x2923, 0x2923, 0x2923, 0x2923, 0x2923,
  0x2943, 0x2923, 0x2923, 0x2123, 0x3164, 0x4A27, 0x5268, 0x5247, 0x4A47, 0x4A27, 0x4A27, 0x4A27,
  0x4A07, 0x4A27, 0x4A07, 0x4206, 0x4206, 0x4A06, 0x4A06, 0x4A27, 0x3185, 0x1061, 0x0841, 0x0020,
  0x0020, 0x0020, 0x0020, 0x0020, 0x0841, 0x0841, 0x0841, 0x0841, 0x0841, 0x0020, 0x0020, 0x0020,
  0x0020, 0x0020, 0x0841, 0x0841, 0x0841, 0x0841, 0x0841, 0x0020, 0x0020, 0x0020, 0x0020, 0x0020,
  0x0841, 0x0841, 0x0841, 0x0841, 0x0841, 0x0020, 0x0020, 0x0020, 0x0020, 0x0841, 0x0841, 0x0841,
  0x0841, 0x0841, 0x0020, 0x0000, 0x0000, 0x0000, 0x0000, 0x0000, 0x0000, 0x0000, 0x0000, 0x0000,
  0x0000, 0x0000, 0x0000, 0x0000, 0x0000, 0x0000, 0x0000, 0x0000, 0x0000, 0x0000, 0x0000, 0x0000,
  0x0000, 0x0000, 0x0841, 0x0861, 0x0861, 0x0861, 0x0861, 0x0020, 0x0000, 0x0000, 0x0000, 0x0000,
  0x0861, 0x1082, 0x0861, 0x0861, 0x0861, 0x0000, 0x0000, 0x0000, 0x0000, 0x0020, 0x1082, 0x0861,
  0x0861, 0x0861, 0x0841, 0x0000, 0x0000, 0x0000, 0x0000, 0x0841, 0x1082, 0x0861, 0x0861, 0x0861,
  0x0020, 0x0000, 0x0000, 0x0000, 0x18E3, 0x6B0A, 0x734B, 0x6B0A, 0x7B8C, 0x732B, 0x6AEA, 0x6B0A,
  0x6B0A, 0x62EA, 0x62EA, 0x6B0A, 0x6B0A, 0x6B2B, 0x6B2B, 0x6B4B, 0x734B, 0x6B2B, 0x6B0A, 0x6B2B,
  0x736C, 0x736C, 0x734B, 0x736C, 0x7B8C, 0x7B8C, 0x7B8C, 0x7BAC, 0x83AD, 0x83CD, 0x83EE, 0x840D,
  0x83CD, 0x83ED, 0x83ED, 0x83CD, 0x83CD, 0x8C0E, 0x8C2E, 0x8C2E, 0x8C2E, 0x8C2E, 0x944F, 0x946F,
  0x946F, 0x946F, 0xA4F1, 0x946F, 0x9C90, 0x9CB0, 0xA4D1, 0x9CB0, 0x944F, 0x9C90, 0xA4F1, 0xA4D1,
  0x62E9, 0x3984, 0x39A5, 0x39C5, 0x39A5, 0x3185, 0x39A5, 0x39A5, 0x39A5, 0x3184, 0x3184, 0x3184,
  0x31A5, 0x31A5, 0x39A5, 0x39A5, 0x39A5, 0x39A5, 0x3185, 0x3164, 0x39A5, 0x39A5, 0x3184, 0x2944,
  0x2964, 0x2944, 0x2923, 0x2923, 0x2923, 0x2923, 0x2923, 0x2923, 0x2923, 0x2923, 0x2923, 0x2923,
  0x2123, 0x2923, 0x2923, 0x2923, 0x2123, 0x2123, 0x2923, 0x2923, 0x2923, 0x2923, 0x2923, 0x2923,
  0x2923, 0x2923, 0x2943, 0x2923, 0x2923, 0x2923, 0x2103, 0x2923, 0x2923, 0x2923, 0x2923, 0x2123,
  0x2123, 0x2123, 0x2944, 0x39A5, 0x4A27, 0x4A27, 0x4A27, 0x4A27, 0x4A06, 0x4A27, 0x4A27, 0x4A07,
  0x4206, 0x4A06, 0x41E6, 0x41E6, 0x41C6, 0x41E6, 0x41E6, 0x18E3, 0x0000, 0x0000, 0x0000, 0x0841,
  0x0861, 0x0861, 0x0861, 0x0861, 0x0020, 0x0000, 0x0000, 0x0000, 0x0000, 0x0861, 0x0861, 0x0861,
  0x0861, 0x0861, 0x0000, 0x0000, 0x0000, 0x0000, 0x0000, 0x0861, 0x0861, 0x0861, 0x0861, 0x0841,
  0x0000, 0x0000, 0x0000, 0x0000, 0x0020, 0x1082, 0x0861, 0x0861, 0x1082, 0x0841, 0x0000, 0x0000,
  0x0000, 0x0000, 0x0000, 0x0000, 0x0000, 0x0000, 0x0000, 0x0000, 0x0000, 0x0000, 0x0000, 0x0000,
  0x0000, 0x0000, 0x0000, 0x0000, 0x0000, 0x0000, 0x0000, 0x0000, 0x0000, 0x0000, 0x0000, 0x0000,
  0x0000, 0x0000, 0x0841, 0x0861, 0x0861, 0x0861, 0x0861, 0x0020, 0x0000, 0x0000, 0x0000, 0x0000,
  0x0861, 0x0861, 0x0861, 0x0861, 0x0861, 0x0000, 0x0000, 0x0000, 0x0000, 0x0020, 0x0861, 0x0861,
  0x0861, 0x0861, 0x0841, 0x0000, 0x0000, 0x0000, 0x0000, 0x0841, 0x0861, 0x0861, 0x0861, 0x0861,
  0x0020, 0x0000, 0x0000, 0x0020, 0x0000, 0x18C2, 0x5AA9, 0x7B8C, 0x736B, 0x734B, 0x6B2A, 0x736C,
  0x736C, 0x62C9, 0x62C9, 0x62C9, 0x62EA, 0x6AEA, 0x6B0A, 0x6B0A, 0x6B2B, 0x6B2A, 0x62EA, 0x6B0A,
  0x6B4B, 0x6B2B, 0x6B2B, 0x734B, 0x736C, 0x736C, 0x734B, 0x7B8C, 0x7B8C, 0x7B8C, 0x83CD, 0x83CD,
  0x83CD, 0x83CD, 0x83EE, 0x83ED, 0x83CD, 0x83AD, 0x7B8C, 0x83EE, 0x8BEE, 0x83ED, 0x8C0E, 0x8C0E,
  0x83CD, 0x83ED, 0x8C2E, 0x944F, 0x9CB0, 0x9C90, 0x9CB0, 0x9C90, 0x9C70, 0x9C70, 0x9C90, 0x942F,
  0x944F, 0x736B, 0x41E6, 0x3164, 0x3184, 0x3184, 0x3184, 0x3184, 0x3164, 0x3164, 0x3164, 0x3164,
  0x3184, 0x3184, 0x3184, 0x39A5, 0x3185, 0x3185, 0x39A5, 0x3185, 0x3164, 0x3185, 0x3185, 0x3164,
  0x2943, 0x2943, 0x2923, 0x2923, 0x2103, 0x2103, 0x2103, 0x2103, 0x2103, 0x2103, 0x2103, 0x2103,
  0x2103, 0x2103, 0x2103, 0x2103, 0x2103, 0x2103, 0x2103, 0x2103, 0x2123, 0x2923, 0x2103, 0x2103,
  0x2103, 0x2103, 0x2923, 0x2924, 0x2923, 0x2123, 0x2103, 0x2123, 0x2123, 0x2103, 0x2123, 0x3164,
  0x39A5, 0x39C6, 0x4206, 0x4A07, 0x4A07, 0x4A07, 0x4206, 0x41E6, 0x41E6, 0x4206, 0x4A07, 0x4A06,
  0x4206, 0x41E6, 0x41C6, 0x41C5, 0x41E6, 0x39A5, 0x1082, 0x0000, 0x0000, 0x0000, 0x0000, 0x0841,
  0x0861, 0x0861, 0x0861, 0x0861, 0x0020, 0x0000, 0x0000, 0x0000, 0x0000, 0x0861, 0x0861, 0x0861,
  0x0861, 0x0861, 0x0000, 0x0000, 0x0000, 0x0000, 0x0000, 0x0861, 0x0861, 0x0861, 0x0861, 0x0841,
  0x0000, 0x0000, 0x0000, 0x0000, 0x0020, 0x0861, 0x0861, 0x0861, 0x0861, 0x0841, 0x0000, 0x0000,
  0x0000, 0x0000, 0x0000, 0x0000, 0x0000, 0x0000, 0x0000, 0x0000, 0x0000, 0x0000, 0x0000, 0x0000,
  0x0000, 0x0000, 0x0000, 0x0000, 0x0000, 0x0000, 0x0000, 0x0000, 0x0000, 0x0000, 0x0000, 0x0000,
  0x0000, 0x0000, 0x0841, 0x0861, 0x0861, 0x0861, 0x0861, 0x0020, 0x0000, 0x0000, 0x0000, 0x0000,
  0x0861, 0x0861, 0x0861, 0x0861, 0x0861, 0x0000, 0x0000, 0x0000, 0x0000, 0x0020, 0x0861, 0x0861,
  0x0861, 0x0861, 0x0841, 0x0000, 0x0000, 0x0000, 0x0000, 0x0841, 0x0861, 0x0861, 0x0861, 0x0861,
  0x0020, 0x0000, 0x0000, 0x0000, 0x0000, 0x0841, 0x0861, 0x39C6, 0x734B, 0x736B, 0x734B, 0x734B,
  0x7B6C, 0x6B2B, 0x62EA, 0x5AC9, 0x5AC9, 0x6B0A, 0x62E9, 0x62EA, 0x6B2A, 0x6B0A, 0x62C9, 0x62EA,
  0x6B0A, 0x630A, 0x62EA, 0x6B0A, 0x6B2B, 0x6B2B, 0x734B, 0x6B2B, 0x734B, 0x736B, 0x7BAC, 0x7B8C,
  0x7B6C, 0x83AD, 0x83CD, 0x7B8C, 0x7B8C, 0x7BAD, 0x7B8C, 0x736C, 0x8BEE, 0x83ED, 0x83EE, 0x83CD,
  0x8BEE, 0x944F, 0x83ED, 0x83CD, 0x946F, 0x946F, 0x9C70, 0x946F, 0x944F, 0x946F, 0x9C90, 0x946F,
  0x8C2E, 0x9470, 0x942F, 0x736C, 0x2923, 0x2964, 0x3184, 0x3184, 0x3164, 0x2944, 0x2944, 0x2944,
  0x2944, 0x2944, 0x3164, 0x3185, 0x3185, 0x3184, 0x3185, 0x3185, 0x3164, 0x3164, 0x2964, 0x3164,
  0x2944, 0x2923, 0x2123, 0x2123, 0x2123, 0x2103, 0x2103, 0x2103, 0x2103, 0x2103, 0x2103, 0x2103,
  0x2103, 0x2103, 0x20E3, 0x2103, 0x2123, 0x2103, 0x2123, 0x2944, 0x3184, 0x39A5, 0x3164, 0x3164,
  0x3184, 0x2123, 0x2103, 0x2103, 0x2103, 0x2103, 0x2103, 0x2103, 0x2103, 0x3164, 0x41E6, 0x4207,
  0x4206, 0x4206, 0x41E6, 0x41E6, 0x41E6, 0x41E6, 0x41E6, 0x41E6, 0x41C6, 0x41E6, 0x4206, 0x41E6,
  0x41E6, 0x41E6, 0x39C5, 0x39C6, 0x2944, 0x1082, 0x0020, 0x0000, 0x0000, 0x0000, 0x0000, 0x0841,
  0x0861, 0x0861, 0x0861, 0x0861, 0x0000, 0x0000, 0x0000, 0x0000, 0x0000, 0x0861, 0x0861, 0x0861,
  0x0861, 0x0861, 0x0000, 0x0000, 0x0000, 0x0000, 0x0000, 0x0861, 0x0861, 0x0861, 0x0861, 0x0841,
  0x0000, 0x0000, 0x0000, 0x0000, 0x0020, 0x0861, 0x0861, 0x0861, 0x0861, 0x0841, 0x0000, 0x0000,
  0x0000, 0x0000, 0x0000, 0x0000, 0x0000, 0x0000, 0x0000, 0x0000, 0x0000, 0x0000, 0x0000, 0x0000,
  0x0000, 0x0000, 0x0000, 0x0000, 0x0000, 0x0000, 0x0000, 0x0000, 0x0000, 0x0000, 0x0000, 0x0000,
  0x0000, 0x0000, 0x0841, 0x1082, 0x0861, 0x0861, 0x1082, 0x0020, 0x0000, 0x0000, 0x0000, 0x0000,
  0x0861, 0x0861, 0x0861, 0x0861, 0x0861, 0x0000, 0x0000, 0x0000, 0x0000, 0x0020, 0x0861, 0x0861,
  0x0861, 0x1082, 0x0841, 0x0000, 0x0000, 0x0000, 0x0000, 0x0841, 0x1082, 0x0861, 0x0861, 0x0861,
  0x0000, 0x0000, 0x0000, 0x0000, 0x0000, 0x0861, 0x0861, 0x0841, 0x2924, 0x5AA9, 0x732B, 0x732A,
  0x734B, 0x732B, 0x734B, 0x732B, 0x6B2B, 0x734B, 0x62EA, 0x5AA9, 0x62EA, 0x62C9, 0x5AA9, 0x62C9,
  0x62EA, 0x62CA, 0x62CA, 0x62CA, 0x6B0A, 0x6B2B, 0x734B, 0x6B2A, 0x62EA, 0x6B2B, 0x736B, 0x736B,
  0x6B0A, 0x736B, 0x7BAC, 0x734B, 0x734B, 0x734B, 0x7B8C, 0x734B, 0x7B8C, 0x83CD, 0x83CD, 0x83CD,
  0x8C2E, 0x946F, 0x83ED, 0x83CD, 0x83ED, 0x8C0E, 0x8C0E, 0x83ED, 0x8C0E, 0x944F, 0x944F, 0x944F,
  0x8C0E, 0x8C2F, 0x8C0E, 0x946F, 0x62EA, 0x2944, 0x2923, 0x2923, 0x2944, 0x2943, 0x2944, 0x2943,
  0x2943, 0x2943, 0x2944, 0x2964, 0x3164, 0x3164, 0x3164, 0x2964, 0x3164, 0x3164, 0x2964, 0x2944,
  0x2944, 0x2944, 0x2123, 0x2103, 0x2103, 0x2103, 0x2103, 0x18E2, 0x2103, 0x2103, 0x2103, 0x2103,
  0x2123, 0x2123, 0x2923, 0x3184, 0x3185, 0x3184, 0x3185, 0x39A5, 0x39A5, 0x39A5, 0x39A5, 0x39A5,
  0x39A5, 0x3185, 0x3164, 0x3164, 0x3164, 0x2123, 0x2123, 0x3184, 0x39C6, 0x41E6, 0x41E6, 0x41E6,
  0x41E6, 0x39E6, 0x41E6, 0x39C6, 0x41E6, 0x41E6, 0x39C6, 0x41C6, 0x41E6, 0x41E6, 0x41E6, 0x41C6,
  0x41C6, 0x4206, 0x39C6, 0x18E3, 0x0861, 0x0861, 0x0020, 0x0000, 0x0000, 0x0000, 0x0000, 0x0841,
  0x1082, 0x0861, 0x0861, 0x0861, 0x0000, 0x0000, 0x0000, 0x0000, 0x0000, 0x0861, 0x0861, 0x0861,
  0x0861, 0x0861, 0x0000, 0x0000, 0x0000, 0x0000, 0x0000, 0x0861, 0x0861, 0x0861, 0x1082, 0x0841,
  0x0000, 0x0000, 0x0000, 0x0000, 0x0020, 0x1082, 0x0861, 0x0861, 0x0861, 0x0020, 0x0000, 0x0000,
  0x0000, 0x0000, 0x0000, 0x0000, 0x0000, 0x0000, 0x0000, 0x0000, 0x0000, 0x0000, 0x0000, 0x0000,
  0x0000, 0x0000, 0x0000, 0x0000, 0x0000, 0x0000, 0x0000, 0x0000, 0x0000, 0x0000, 0x0020, 0x0020,
  0x0841, 0x0841, 0x0841, 0x0841, 0x0841, 0x0841, 0x0841, 0x0841, 0x0020, 0x0020, 0x0020, 0x0841,
  0x0841, 0x0841, 0x0841, 0x0841, 0x0841, 0x0020, 0x0020, 0x0841, 0x0020, 0x0841, 0x0841, 0x0020,
  0x0841, 0x0841, 0x0020, 0x0020, 0x0841, 0x0841, 0x0020, 0x0841, 0x0841, 0x0841, 0x0841, 0x0841,
  0x0841, 0x0020, 0x0020, 0x0020, 0x0020, 0x0020, 0x0021, 0x0841, 0x0020, 0x0841, 0x41C6, 0x6B2B,
  0x6B2B, 0x630A, 0x6B0A, 0x6B2A, 0x6B2B, 0x6B2B, 0x6B2A, 0x62EA, 0x5AA9, 0x5A88, 0x5AA9, 0x5AA9,
  0x5AC9, 0x5AC9, 0x5AA9, 0x5AC9, 0x62EA, 0x6B0A, 0x6B2A, 0x6B0A, 0x6B0A, 0x6B4B, 0x6B4B, 0x6B4B,
  0x734B, 0x736C, 0x7B8C, 0x736B, 0x6B2B, 0x6B2A, 0x6B2B, 0x734B, 0x734B, 0x7BAD, 0x7B8C, 0x734B,
  0x7B8C, 0x83ED, 0x7BAC, 0x83CD, 0x83ED, 0x83CD, 0x83CD, 0x83CD, 0x83ED, 0x8C0E, 0x944F, 0x8C2E,
  0x942F, 0x8C2E, 0x83ED, 0x83CD, 0x83EE, 0x83CD, 0x6B4B, 0x3164, 0x18C2, 0x2923, 0x2923, 0x2923,
  0x2943, 0x2943, 0x2943, 0x2944, 0x2964, 0x2944, 0x2944, 0x2944, 0x2944, 0x2944, 0x2944, 0x2943,
  0x2923, 0x2923, 0x2923, 0x2123, 0x2103, 0x2103, 0x18E3, 0x2103, 0x2103, 0x2123, 0x2923, 0x2944,
  0x3164, 0x3164, 0x3164, 0x3185, 0x3185, 0x3185, 0x3184, 0x3185, 0x31A5, 0x3185, 0x39A5, 0x3185,
  0x3185, 0x39A5, 0x39A5, 0x31A5, 0x39A5, 0x39A5, 0x39A5, 0x41E6, 0x39C5, 0x39A5, 0x39C5, 0x39A5,
  0x39C5, 0x41E6, 0x39C5, 0x39C5, 0x41C6, 0x41C6, 0x39C5, 0x41C6, 0x41E6, 0x41C6, 0x41C6, 0x41E6,
  0x41E6, 0x3164, 0x1061, 0x0020, 0x0841, 0x0841, 0x0840, 0x0020, 0x0020, 0x0020, 0x0020, 0x0841,
  0x0841, 0x0020, 0x0020, 0x0841, 0x0020, 0x0020, 0x0841, 0x0841, 0x0841, 0x0841, 0x0841, 0x0020,
  0x0020, 0x0020, 0x0841, 0x0020, 0x0020, 0x0020, 0x0841, 0x0841, 0x0841, 0x0841, 0x0841, 0x0841,
  0x0020, 0x0020, 0x0841, 0x0841, 0x0841, 0x0841, 0x0841, 0x0841, 0x0020, 0x0841, 0x0020, 0x0020,
  0x0020, 0x0020, 0x0000, 0x0000, 0x0000, 0x0000, 0x0000, 0x0000, 0x0000, 0x0000, 0x0000, 0x0000,
  0x0000, 0x0000, 0x0000, 0x0000, 0x0000, 0x0000, 0x0000, 0x0000, 0x0000, 0x0020, 0x1082, 0x0861,
  0x0861, 0x1082, 0x0020, 0x0000, 0x0000, 0x0000, 0x0000, 0x0841, 0x1082, 0x0861, 0x0861, 0x0861,
  0x0000, 0x0000, 0x0000, 0x0000, 0x0000, 0x0861, 0x0861, 0x0861, 0x1082, 0x0861, 0x0000, 0x0000,
  0x0000, 0x0000, 0x0020, 0x1082, 0x0861, 0x0861, 0x1082, 0x0020, 0x0000, 0x0000, 0x0000, 0x0000,
  0x0861, 0x0861, 0x0861, 0x0861, 0x0861, 0x0000, 0x0000, 0x0000, 0x0000, 0x0000, 0x0841, 0x2924,
  0x5268, 0x62EA, 0x62C9, 0x62E9, 0x630A, 0x62EA, 0x62EA, 0x6B2B, 0x6B0A, 0x62C9, 0x5AA9, 0x5A89,
  0x5AA9, 0x5AC9, 0x5AA9, 0x5AA9, 0x62C9, 0x62EA, 0x62EA, 0x62EA, 0x630A, 0x630A, 0x6B2A, 0x6B0A,
  0x6B0A, 0x6B2A, 0x734B, 0x734B, 0x6B2B, 0x734B, 0x6B2B, 0x6B2B, 0x732B, 0x736C, 0x736C, 0x734B,
  0x6B0B, 0x6B2B, 0x732B, 0x734B, 0x7B8C, 0x83CD, 0x83CD, 0x83CD, 0x83ED, 0x8BEE, 0x8C0E, 0x8C0E,
  0x8C2E, 0x8C2E, 0x83AD, 0x7BAD, 0x7B8C, 0x8BEE, 0x9470, 0x8C0E, 0x4A47, 0x2103, 0x2103, 0x20E2,
  0x2103, 0x2123, 0x2143, 0x2943, 0x2944, 0x2944, 0x2944, 0x2964, 0x2964, 0x2943, 0x2943, 0x2943,
  0x2943, 0x2923, 0x2923, 0x2923, 0x2923, 0x2103, 0x2123, 0x2944, 0x2944, 0x2944, 0x2944, 0x2964,
  0x2944, 0x2944, 0x2964, 0x3164, 0x3164, 0x3164, 0x3164, 0x3164, 0x3184, 0x3185, 0x3184, 0x3164,
  0x3164, 0x3185, 0x3184, 0x3164, 0x3184, 0x3164, 0x3164, 0x39A5, 0x3184, 0x39A5, 0x39A5, 0x41C5,
  0x4A27, 0x5248, 0x4A07, 0x41E6, 0x4A06, 0x4A06, 0x41E6, 0x41E6, 0x41C6, 0x39A5, 0x41C6, 0x41C6,
  0x2103, 0x0020, 0x0000, 0x0000, 0x0000, 0x0000, 0x0841, 0x1082, 0x0861, 0x0861, 0x0861, 0x0020,
  0x0000, 0x0000, 0x0000, 0x0000, 0x0861, 0x1082, 0x0861, 0x0861, 0x0861, 0x0000, 0x0000, 0x0000,
  0x0000, 0x0000, 0x0861, 0x0861, 0x0861, 0x0861, 0x0861, 0x0000, 0x0000, 0x0000, 0x0000, 0x0020,
  0x1082, 0x0861, 0x0861, 0x1082, 0x0841, 0x0000, 0x0000, 0x0000, 0x0000, 0x0841, 0x1082, 0x0861,
  0x0861, 0x1082, 0x0020, 0x0000, 0x0000, 0x0000, 0x0000, 0x0000, 0x0000, 0x0000, 0x0000, 0x0000,
  0x0000, 0x0000, 0x0000, 0x0000, 0x0000, 0x0000, 0x0000, 0x0000, 0x0000, 0x0020, 0x0861, 0x0861,
  0x0861, 0x0861, 0x0020, 0x0000, 0x0000, 0x0000, 0x0000, 0x0841, 0x0861, 0x0861, 0x0861, 0x0861,
  0x0020, 0x0000, 0x0000, 0x0000, 0x0000, 0x0861, 0x0861, 0x0861, 0x0861, 0x0841, 0x0000, 0x0000,
  0x0000, 0x0000, 0x0841, 0x0861, 0x0861, 0x0861, 0x0861, 0x0020, 0x0000, 0x0000, 0x0000, 0x0000,
  0x0841, 0x0861, 0x0861, 0x0861, 0x0861, 0x0000, 0x0000, 0x0000, 0x0000, 0x0000, 0x0861, 0x0841,
  0x0861, 0x3185, 0x5A89, 0x5AA8, 0x5A88, 0x5A88, 0x5A88, 0x62EA, 0x6B0A, 0x6B0A, 0x6B0A, 0x62C9,
  0x5AC9, 0x5AA9, 0x5268, 0x5A88, 0x5AA9, 0x5AA9, 0x5A88, 0x5AA9, 0x62E9, 0x62C9, 0x62C9, 0x62E9,
  0x62EA, 0x62E9, 0x62C9, 0x6B0A, 0x6B2B, 0x6B2B, 0x734B, 0x6B2B, 0x6B2B, 0x734B, 0x734B, 0x734B,
  0x734B, 0x732B, 0x6B2B, 0x732B, 0x6B2B, 0x734B, 0x83AD, 0x7BAC, 0x7B8C, 0x83AD, 0x83CD, 0x83ED,
  0x8C0E, 0x8BEE, 0x7B8C, 0x736C, 0x7B8C, 0x7B8C, 0x83EE, 0x944F, 0x8C2F, 0x62EA, 0x6B0A, 0x5AA9,
  0x2944, 0x18E2, 0x18E2, 0x2103, 0x2123, 0x2123, 0x2123, 0x2123, 0x2123, 0x2944, 0x2123, 0x2103,
  0x20E2, 0x20E2, 0x2103, 0x2123, 0x2943, 0x2944, 0x2944, 0x2944, 0x2944, 0x2923, 0x2923, 0x2923,
  0x2944, 0x2943, 0x2944, 0x2964, 0x2964, 0x2944, 0x2944, 0x2944, 0x2944, 0x2944, 0x3144, 0x3144,
  0x2944, 0x3164, 0x39C6, 0x41E6, 0x39A5, 0x39A5, 0x4A07, 0x4A47, 0x41C6, 0x39C5, 0x41E6, 0x4A27,
  0x4A27, 0x4A27, 0x4A27, 0x4A27, 0x4A27, 0x4A27, 0x4A07, 0x4A07, 0x4A07, 0x41E6, 0x2964, 0x18A2,
  0x0861, 0x0841, 0x0000, 0x0000, 0x0000, 0x0000, 0x0841, 0x0861, 0x0861, 0x0861, 0x0861, 0x0020,
  0x0000, 0x0000, 0x0000, 0x0000, 0x0841, 0x0861, 0x0861, 0x0861, 0x0861, 0x0000, 0x0000, 0x0000,
  0x0000, 0x0000, 0x0861, 0x0861, 0x0861, 0x0861, 0x0861, 0x0000, 0x0000, 0x0000, 0x0000, 0x0020,
  0x0861, 0x0861, 0x0861, 0x0861, 0x0841, 0x0000, 0x0000, 0x0000, 0x0000, 0x0841, 0x0861, 0x0861,
  0x0861, 0x0861, 0x0020, 0x0000, 0x0000, 0x0000, 0x0000, 0x0000, 0x0000, 0x0000, 0x0000, 0x0000,
  0x0000, 0x0000, 0x0000, 0x0000, 0x0000, 0x0000, 0x0000, 0x0000, 0x0000, 0x0020, 0x0861, 0x0861,
  0x0861, 0x0861, 0x0020, 0x0000, 0x0000, 0x0000, 0x0000, 0x0841, 0x0861, 0x0861, 0x0861, 0x0861,
  0x0000, 0x0000, 0x0000, 0x0000, 0x0000, 0x0861, 0x0861, 0x0861, 0x0861, 0x0841, 0x0000, 0x0000,
  0x0000, 0x0000, 0x0020, 0x0861, 0x0861, 0x0861, 0x0861, 0x0020, 0x0000, 0x0000, 0x0000, 0x0000,
  0x0841, 0x0861, 0x0861, 0x0861, 0x0861, 0x0000, 0x0000, 0x0000, 0x0000, 0x0000, 0x0861, 0x0861,
  0x0861, 0x0841, 0x18C2, 0x39C6, 0x5268, 0x5268, 0x5268, 0x5A88, 0x5AC9, 0x62EA, 0x62EA, 0x62EA,
  0x630A, 0x5AC9, 0x5268, 0x5268, 0x5A88, 0x5A88, 0x5A88, 0x5AA9, 0x5AA9, 0x5AC9, 0x5AA9, 0x62C9,
  0x62C9, 0x62E9, 0x62C9, 0x62C9, 0x62C9, 0x62C9, 0x62E9, 0x62C9, 0x62C9, 0x6B0A, 0x736B, 0x736B,
  0x734B, 0x734B, 0x6B2A, 0x6B2A, 0x6B2B, 0x734B, 0x736B, 0x62EA, 0x5AA9, 0x736C, 0x7BAC, 0x83ED,
  0x83CD, 0x83CD, 0x7B8C, 0x734B, 0x734B, 0x7B6C, 0x7BAD, 0x7BAD, 0x7B8C, 0x83AD, 0x736B, 0x83CD,
  0x736C, 0x62EA, 0x5AA9, 0x39A5, 0x3164, 0x39C5, 0x41E6, 0x41E6, 0x39A5, 0x2923, 0x3185, 0x4206,
  0x5268, 0x5268, 0x3985, 0x31A5, 0x2944, 0x2103, 0x2123, 0x2103, 0x20E3, 0x18E2, 0x2103, 0x2943,
  0x2943, 0x2943, 0x2944, 0x2943, 0x2943, 0x2923, 0x2923, 0x2923, 0x2923, 0x2923, 0x2923, 0x3144,
  0x39A5, 0x41E6, 0x5268, 0x5268, 0x4A47, 0x5247, 0x5268, 0x4A47, 0x4A27, 0x4A07, 0x41C6, 0x41E6,
  0x41E6, 0x41E6, 0x41E6, 0x41E6, 0x41E6, 0x41E6, 0x4A06, 0x4A27, 0x41C6, 0x20E3, 0x0861, 0x0861,
  0x1082, 0x0841, 0x0000, 0x0000, 0x0000, 0x0000, 0x0841, 0x0861, 0x0861, 0x0861, 0x0861, 0x0020,
  0x0000, 0x0000, 0x0000, 0x0000, 0x0841, 0x0861, 0x0861, 0x0861, 0x0861, 0x0000, 0x0000, 0x0000,
  0x0000, 0x0000, 0x0861, 0x0861, 0x0861, 0x0861, 0x0861, 0x0000, 0x0000, 0x0000, 0x0000, 0x0020,
  0x0861, 0x0861, 0x0861, 0x1082, 0x0841, 0x0000, 0x0000, 0x0000, 0x0000, 0x0841, 0x0861, 0x0861,
  0x0861, 0x0861, 0x0020, 0x0000, 0x0000, 0x0000, 0x0000, 0x0000, 0x0000, 0x0000, 0x0000, 0x0000,
  0x0000, 0x0000, 0x0000, 0x0000, 0x0000, 0x0000, 0x0000, 0x0000, 0x0000, 0x0020, 0x1082, 0x0861,
  0x0861, 0x1082, 0x0020, 0x0000, 0x0000, 0x0000, 0x0000, 0x0841, 0x1082, 0x0861, 0x0861, 0x0861,
  0x0000, 0x0000, 0x0000, 0x0000, 0x0000, 0x0861, 0x0861, 0x1082, 0x1082, 0x0841, 0x0000, 0x0000,
  0x0000, 0x0000, 0x0020, 0x1082, 0x0861, 0x0861, 0x1082, 0x0020, 0x0000, 0x0000, 0x0000, 0x0000,
  0x0841, 0x1082, 0x0861, 0x0861, 0x0861, 0x0000, 0x0000, 0x0000, 0x0000, 0x0000, 0x0861, 0x0861,
  0x0861, 0x1082, 0x0841, 0x0000, 0x18C2, 0x41E6, 0x5A88, 0x5288, 0x5288, 0x62C9, 0x62EA, 0x62EA,
  0x62EA, 0x62C9, 0x5AC9, 0x5A88, 0x5268, 0x5268, 0x5A88, 0x5AA9, 0x5AA9, 0x5AA9, 0x5AA9, 0x5AA9,
  0x5AC9, 0x5AC9, 0x62C9, 0x62C9, 0x62C9, 0x62C9, 0x62C9, 0x62C9, 0x5A88, 0x5A88, 0x62EA, 0x6B2B,
  0x734B, 0x6B2B, 0x6B2B, 0x6B2B, 0x6B2A, 0x6B2B, 0x734B, 0x6B2A, 0x5AA9, 0x6B2A, 0x736B, 0x7B8C,
  0x7BAC, 0x7B8C, 0x736B, 0x6B2B, 0x6B0A, 0x6B2B, 0x734B, 0x7B8C, 0x7B8C, 0x7B8C, 0x736C, 0x734B,
  0x7BAC, 0x7B8C, 0x7BAC, 0x7B8C, 0x736B, 0x7B8C, 0x7B8C, 0x736C, 0x734B, 0x6B0A, 0x7B6C, 0x83CD,
  0x83CD, 0x83CD, 0x7BAC, 0x7BAC, 0x734B, 0x4A27, 0x4206, 0x52A9, 0x39C5, 0x4227, 0x39A5, 0x2103,
  0x2102, 0x20E2, 0x2123, 0x2123, 0x2103, 0x2923, 0x2923, 0x2923, 0x2943, 0x3164, 0x3985, 0x41E6,
  0x4A27, 0x4A27, 0x4A47, 0x5247, 0x4A47, 0x5247, 0x4A27, 0x4A07, 0x4A27, 0x4A27, 0x41E6, 0x41C6,
  0x41C5, 0x41C5, 0x41C6, 0x41C5, 0x39A5, 0x39C6, 0x39A5, 0x18E3, 0x0840, 0x0861, 0x1082, 0x0861,
  0x1082, 0x0841, 0x0000, 0x0000, 0x0000, 0x0000, 0x0841, 0x1082, 0x0861, 0x0861, 0x1082, 0x0020,
  0x0000, 0x0000, 0x0000, 0x0000, 0x0861, 0x1082, 0x0861, 0x0861, 0x0861, 0x0000, 0x0000, 0x0000,
  0x0000, 0x0000, 0x0861, 0x0861, 0x0861, 0x0861, 0x0861, 0x0000, 0x0000, 0x0000, 0x0000, 0x0020,
  0x1082, 0x0861, 0x0861, 0x1082, 0x0841, 0x0000, 0x0000, 0x0000, 0x0000, 0x0841, 0x1082, 0x0861,
  0x0861, 0x0861, 0x0020, 0x0000, 0x0000, 0x0000, 0x0000, 0x0000, 0x0000, 0x0000, 0x0000, 0x0000,
  0x0000, 0x0000, 0x0000, 0x0000, 0x0000, 0x0000, 0x0000, 0x0000, 0x0000, 0x0000, 0x0020, 0x0020,
  0x0020, 0x0020, 0x0841, 0x0841, 0x0841, 0x0841, 0x0841, 0x0020, 0x0020, 0x0020, 0x0020, 0x0020,
  0x0841, 0x0841, 0x0841, 0x0841, 0x0841, 0x0020, 0x0020, 0x0020, 0x0020, 0x0020, 0x0841, 0x0841,
  0x0841, 0x0841, 0x0841, 0x0020, 0x0020, 0x0020, 0x0020, 0x0841, 0x0841, 0x0841, 0x0841, 0x0841,
  0x0020, 0x0020, 0x0020, 0x0020, 0x0020, 0x0841, 0x0841, 0x0841, 0x0841, 0x0841, 0x0020, 0x0020,
  0x0020, 0x0020, 0x0020, 0x0841, 0x0020, 0x1061, 0x2964, 0x4A27, 0x5288, 0x5AA9, 0x62C9, 0x62E9,
  0x62EA, 0x5AC9, 0x5AC9, 0x5AC9, 0x5AC9, 0x5288, 0x5268, 0x5288, 0x5288, 0x5A88, 0x5A88, 0x5A88,
  0x5A88, 0x5AA9, 0x5AA9, 0x5AA9, 0x62C9, 0x5AC9, 0x5AC9, 0x62C9, 0x62E9, 0x62C9, 0x5AA8, 0x5AC9,
  0x6B0A, 0x6B2B, 0x732B, 0x732B, 0x6B2B, 0x6B2B, 0x6B2A, 0x6B2B, 0x6B2B, 0x6B2A, 0x6B2B, 0x6B2B,
  0x734B, 0x732B, 0x7B6C, 0x7B6C, 0x734B, 0x62C9, 0x62EA, 0x734B, 0x7B6C, 0x7B8C, 0x7B8C, 0x7B8C,
  0x7B6C, 0x736C, 0x6B2B, 0x7B8C, 0x7B6C, 0x734B, 0x734B, 0x6B0A, 0x6B2B, 0x7B6C, 0x7BAD, 0x7BAD,
  0x7BAD, 0x7B8C, 0x7B8C, 0x7BAC, 0x83CD, 0x7BAD, 0x7B6C, 0x7B8C, 0x83AD, 0x83ED, 0x7BAC, 0x5A88,
  0x41C6, 0x5268, 0x3985, 0x3164, 0x41E6, 0x41E6, 0x39A5, 0x39A5, 0x41E6, 0x41E6, 0x4A06, 0x4A06,
  0x4206, 0x4A06, 0x4A07, 0x4A27, 0x4A27, 0x4A07, 0x4A06, 0x4A07, 0x4A27, 0x4A07, 0x4A07, 0x4206,
  0x39C5, 0x39A5, 0x39A5, 0x39A5, 0x3185, 0x2123, 0x1081, 0x0020, 0x0841, 0x0020, 0x0020, 0x0020,
  0x0020, 0x0841, 0x0841, 0x0841, 0x0841, 0x0841, 0x0841, 0x0020, 0x0020, 0x0020, 0x0020, 0x0841,
  0x0841, 0x0841, 0x0841, 0x0841, 0x0020, 0x0020, 0x0020, 0x0020, 0x0020, 0x0841, 0x0841, 0x0841,
  0x0841, 0x0841, 0x0020, 0x0020, 0x0020, 0x0020, 0x0020, 0x0841, 0x0841, 0x0841, 0x0841, 0x0841,
  0x0020, 0x0020, 0x0020, 0x0020, 0x0841, 0x0841, 0x0841, 0x0841, 0x0841, 0x0020, 0x0020, 0x0020,
  0x0020, 0x0020, 0x0000, 0x0000, 0x0000, 0x0000, 0x0000, 0x0000, 0x0000, 0x0000, 0x0000, 0x0000,
  0x0000, 0x0000, 0x0000, 0x0000, 0x0000, 0x0000, 0x0000, 0x0000, 0x0000, 0x0000, 0x0000, 0x0000,
  0x0000, 0x0000, 0x0841, 0x1082, 0x0861, 0x0861, 0x1082, 0x0020, 0x0000, 0x0000, 0x0000, 0x0000,
  0x0861, 0x0861, 0x0861, 0x0861, 0x0861, 0x0000, 0x0000, 0x0000, 0x0000, 0x0020, 0x1082, 0x0861,
  0x0861, 0x0861, 0x0841, 0x0000, 0x0000, 0x0000, 0x0000, 0x0841, 0x1082, 0x0861, 0x0861, 0x0861,
  0x0020, 0x0000, 0x0000, 0x0000, 0x0000, 0x0861, 0x0861, 0x0861, 0x0861, 0x0861, 0x0000, 0x0000,
  0x0000, 0x0000, 0x0000, 0x0861, 0x0882, 0x0862, 0x0841, 0x1081, 0x3165, 0x5268, 0x5AA9, 0x5AC9,
  0x5AC9, 0x5AC9, 0x5AA9, 0x5268, 0x5288, 0x5AC9, 0x5AA9, 0x5A88, 0x5268, 0x5268, 0x5288, 0x5A88,
  0x5288, 0x5288, 0x5A88, 0x5A88, 0x5AA9, 0x5AA9, 0x5AA9, 0x5AA9, 0x62E9, 0x62E9, 0x5AC9, 0x5AA8,
  0x62C9, 0x62EA, 0x6B2B, 0x6B0A, 0x6B0A, 0x6B0A, 0x6B0A, 0x6B2B, 0x734B, 0x6B2B, 0x6B0A, 0x6B2A,
  0x734B, 0x734B, 0x732B, 0x7B6C, 0x7B8C, 0x62E9, 0x62C9, 0x6AEA, 0x6B2B, 0x734B, 0x7B6C, 0x7B8C,
  0x736C, 0x734B, 0x734B, 0x734B, 0x7B6C, 0x732B, 0x732B, 0x734B, 0x732B, 0x6B2B, 0x734B, 0x7B8C,
  0x7B8C, 0x736C, 0x6B2A, 0x734B, 0x7B8C, 0x734B, 0x734B, 0x734B, 0x734B, 0x734B, 0x736B, 0x736C,
  0x736C, 0x83CD, 0x734B, 0x62EA, 0x6B2B, 0x62C9, 0x5268, 0x5268, 0x62C9, 0x4A27, 0x39C5, 0x41C6,
  0x41E6, 0x41E6, 0x41E6, 0x41E6, 0x41E6, 0x41E6, 0x41C6, 0x41E6, 0x4206, 0x41E6, 0x41C6, 0x41E6,
  0x41E6, 0x4A07, 0x41E6, 0x2944, 0x10A2, 0x0861, 0x0861, 0x1082, 0x0841, 0x0000, 0x0000, 0x0000,
  0x0000, 0x0841, 0x1082, 0x0861, 0x0861, 0x1082, 0x0020, 0x0000, 0x0000, 0x0000, 0x0000, 0x0841,
  0x1082, 0x0861, 0x0861, 0x1082, 0x0020, 0x0000, 0x0000, 0x0000, 0x0000, 0x0861, 0x0861, 0x0861,
  0x0861, 0x0861, 0x0000, 0x0000, 0x0000, 0x0000, 0x0000, 0x0861, 0x0861, 0x0861, 0x1082, 0x0841,
  0x0000, 0x0000, 0x0000, 0x0000, 0x0020, 0x1082, 0x0861, 0x0861, 0x1082, 0x0841, 0x0000, 0x0000,
  0x0000, 0x0000, 0x0000, 0x0000, 0x0000, 0x0000, 0x0000, 0x0000, 0x0000, 0x0000, 0x0000, 0x0000,
  0x0000, 0x0000, 0x0000, 0x0000, 0x0000, 0x0000, 0x0000, 0x0000, 0x0000, 0x0000, 0x0000, 0x0000,
  0x0000, 0x0000, 0x0841, 0x0861, 0x0861, 0x0861, 0x0861, 0x0020, 0x0000, 0x0000, 0x0000, 0x0000,
  0x0861, 0x0861, 0x0861, 0x0861, 0x0861, 0x0000, 0x0000, 0x0000, 0x0000, 0x0020, 0x0861, 0x0861,
  0x0861, 0x0861, 0x0841, 0x0000, 0x0000, 0x0000, 0x0000, 0x0841, 0x0861, 0x0861, 0x0861, 0x0861,
  0x0020, 0x0000, 0x0000, 0x0000, 0x0000, 0x0861, 0x0861, 0x0861, 0x0861, 0x0861, 0x0000, 0x0000,
  0x0000, 0x0000, 0x0000, 0x0861, 0x0861, 0x0861, 0x1082, 0x0841, 0x0000, 0x0841, 0x3165, 0x5288,
  0x5AA9, 0x5A88, 0x5288, 0x5268, 0x5247, 0x5A88, 0x5AC9, 0x5AC9, 0x5AA9, 0x5268, 0x5268, 0x5268,
  0x5268, 0x5268, 0x5268, 0x5A88, 0x5A88, 0x5AA9, 0x62C9, 0x5AA9, 0x5AA9, 0x62C9, 0x62C9, 0x5AA9,
  0x5AA9, 0x62C9, 0x62EA, 0x62EA, 0x62EA, 0x62C9, 0x62C9, 0x6B0A, 0x734B, 0x6B2B, 0x62EA, 0x62EA,
  0x734B, 0x734B, 0x6B0A, 0x6B0A, 0x734B, 0x734B, 0x62C9, 0x62C9, 0x6AEA, 0x6B0A, 0x732B, 0x734B,
  0x734B, 0x734B, 0x734B, 0x6B0A, 0x736C, 0x6B0A, 0x6AEA, 0x6B2B, 0x732B, 0x734B, 0x6B0A, 0x62EA,
  0x62EA, 0x62EA, 0x6B2A, 0x6B2A, 0x734B, 0x734B, 0x734B, 0x734B, 0x6B2B, 0x6B0A, 0x6B0A, 0x6B0A,
  0x734B, 0x736C, 0x734B, 0x6B2B, 0x62EA, 0x6B0A, 0x6AEA, 0x62EA, 0x6B0A, 0x62E9, 0x4A07, 0x39C5,
  0x41C5, 0x41C6, 0x41C6, 0x39C5, 0x39C5, 0x39C5, 0x39C5, 0x39C5, 0x39C5, 0x39A5, 0x39A5, 0x39A5,
  0x39A5, 0x2944, 0x1061, 0x0020, 0x0861, 0x0861, 0x0861, 0x0861, 0x0841, 0x0000, 0x0000, 0x0000,
  0x0000, 0x0020, 0x0861, 0x0861, 0x0861, 0x0861, 0x0020, 0x0000, 0x0000, 0x0000, 0x0000, 0x0841,
  0x0861, 0x0861, 0x0861, 0x0861, 0x0020, 0x0000, 0x0000, 0x0000, 0x0000, 0x0861, 0x0861, 0x0861,
  0x0861, 0x0861, 0x0000, 0x0000, 0x0000, 0x0000, 0x0000, 0x0861, 0x0861, 0x0861, 0x0861, 0x0841,
  0x0000, 0x0000, 0x0000, 0x0000, 0x0020, 0x0861, 0x0861, 0x0861, 0x0861, 0x0841, 0x0000, 0x0000,
  0x0000, 0x0000, 0x0000, 0x0000, 0x0000, 0x0000, 0x0000, 0x0000, 0x0000, 0x0000, 0x0000, 0x0000,
  0x0000, 0x0000, 0x0000, 0x0000, 0x0000, 0x0000, 0x0000, 0x0000, 0x0000, 0x0000, 0x0000, 0x0000,
  0x0000, 0x0000, 0x0841, 0x0861, 0x0861, 0x0861, 0x0861, 0x0020, 0x0000, 0x0000, 0x0000, 0x0000,
  0x0861, 0x0861, 0x0861, 0x0861, 0x0861, 0x0000, 0x0000, 0x0000, 0x0000, 0x0020, 0x0861, 0x0861,
  0x0861, 0x0861, 0x0841, 0x0000, 0x0000, 0x0000, 0x0000, 0x0841, 0x0861, 0x0861, 0x0861, 0x0861,
  0x0020, 0x0000, 0x0000, 0x0000, 0x0000, 0x0861, 0x0861, 0x0861, 0x0861, 0x0861, 0x0000, 0x0000,
  0x0000, 0x0000, 0x0000, 0x0861, 0x0861, 0x0861, 0x1082, 0x0861, 0x0000, 0x0000, 0x0000, 0x0861,
  0x3164, 0x4A48, 0x5268, 0x4A47, 0x4A27, 0x4A47, 0x5A88, 0x5A89, 0x5A89, 0x5288, 0x5268, 0x5268,
  0x5268, 0x5268, 0x5288, 0x5288, 0x5A88, 0x5A88, 0x5AA9, 0x5AA9, 0x5288, 0x5AA9, 0x5AC9, 0x5AA9,
  0x5AA9, 0x5AA9, 0x5AA9, 0x5AC9, 0x5AC9, 0x5AC9, 0x5AA8, 0x5AA9, 0x62EA, 0x630A, 0x62EA, 0x62E9,
  0x6B2A, 0x6B0A, 0x62EA, 0x62EA, 0x62E9, 0x6B2A, 0x6B2B, 0x6B2B, 0x732B, 0x6AEA, 0x6AEA, 0x6B0A,
  0x6B2B, 0x732B, 0x6B0A, 0x62EA, 0x6B2A, 0x6B0A, 0x62C9, 0x6B0A, 0x6B0A, 0x6B0A, 0x6B0A, 0x62C9,
  0x630A, 0x6B0A, 0x62EA, 0x6B0A, 0x6B0A, 0x6B2A, 0x6B2B, 0x732B, 0x6B0A, 0x6B0A, 0x6B0A, 0x6B0A,
  0x6B2B, 0x6B0A, 0x6B0A, 0x6B2B, 0x736B, 0x734B, 0x6B0A, 0x62C9, 0x5AA8, 0x5AA9, 0x5AA9, 0x4206,
  0x39A5, 0x39A5, 0x39A5, 0x39C5, 0x39A5, 0x39A5, 0x39A5, 0x39A5, 0x39A5, 0x3985, 0x3985, 0x2123,
  0x0861, 0x0000, 0x0000, 0x0020, 0x0861, 0x0861, 0x0861, 0x0861, 0x0841, 0x0000, 0x0000, 0x0000,
  0x0000, 0x0020, 0x0861, 0x0861, 0x0861, 0x0861, 0x0020, 0x0000, 0x0000, 0x0000, 0x0000, 0x0841,
  0x0861, 0x0861, 0x0861, 0x0861, 0x0020, 0x0000, 0x0000, 0x0000, 0x0000, 0x0861, 0x0861, 0x0861,
  0x0861, 0x0861, 0x0000, 0x0000, 0x0000, 0x0000, 0x0000, 0x0861, 0x0861, 0x0861, 0x0861, 0x0841,
  0x0000, 0x0000, 0x0000, 0x0000, 0x0020, 0x0861, 0x0861, 0x0861, 0x0861, 0x0020, 0x0000, 0x0000,
  0x0000, 0x0000, 0x0000, 0x0000, 0x0000, 0x0000, 0x0000, 0x0000, 0x0000, 0x0000, 0x0000, 0x0000,
  0x0000, 0x0000, 0x0000, 0x0000, 0x0000, 0x0000, 0x0000, 0x0000, 0x0000, 0x0000, 0x0000, 0x0000,
  0x0000, 0x0000, 0x0841, 0x0861, 0x0861, 0x0861, 0x0861, 0x0020, 0x0000, 0x0000, 0x0000, 0x0000,
  0x0861, 0x0861, 0x0861, 0x0861, 0x0841, 0x0000, 0x0000, 0x0000, 0x0000, 0x0020, 0x0861, 0x0861,
  0x0861, 0x0861, 0x0841, 0x0000, 0x0000, 0x0000, 0x0000, 0x0841, 0x0861, 0x0861, 0x0861, 0x0861,
  0x0020, 0x0000, 0x0000, 0x0000, 0x0000, 0x0861, 0x0861, 0x0861, 0x0861, 0x0861, 0x0000, 0x0000,
  0x0000, 0x0000, 0x0000, 0x0861, 0x0861, 0x0861, 0x1082, 0x0841, 0x0000, 0x0000, 0x0000, 0x0000,
  0x0000, 0x10A2, 0x2924, 0x39E6, 0x4A27, 0x5247, 0x4A27, 0x4A47, 0x4A47, 0x5247, 0x5268, 0x5268,
  0x5268, 0x5268, 0x5268, 0x5268, 0x5268, 0x5268, 0x5268, 0x5AA9, 0x5288, 0x5288, 0x5AA9, 0x5AA9,
  0x5288, 0x5268, 0x5288, 0x5AA9, 0x5AA9, 0x5AA8, 0x5288, 0x5288, 0x5288, 0x5A88, 0x5A88, 0x62C9,
  0x62EA, 0x62EA, 0x62EA, 0x62C9, 0x62E9, 0x62EA, 0x62EA, 0x6B2B, 0x734B, 0x6B0A, 0x6B2B, 0x6AEA,
  0x6B0A, 0x732B, 0x6B0A, 0x62C9, 0x62A9, 0x6B0A, 0x62EA, 0x62E9, 0x62E9, 0x62C9, 0x62C9, 0x62C9,
  0x62EA, 0x62EA, 0x62C9, 0x62C9, 0x5AA9, 0x62C9, 0x62E9, 0x62EA, 0x62EA, 0x6AEA, 0x6B0A, 0x6AEA,
  0x62EA, 0x62EA, 0x62C9, 0x62EA, 0x734B, 0x734B, 0x6B0A, 0x62EA, 0x62C9, 0x5267, 0x5247, 0x5247,
  0x4A27, 0x4206, 0x39A5, 0x39C5, 0x41E6, 0x4206, 0x4A27, 0x4206, 0x39A5, 0x2123, 0x1082, 0x0000,
  0x0000, 0x0000, 0x0000, 0x0020, 0x0861, 0x0861, 0x0861, 0x0861, 0x0841, 0x0000, 0x0000, 0x0000,
  0x0000, 0x0841, 0x0861, 0x0861, 0x0861, 0x0861, 0x0020, 0x0000, 0x0000, 0x0000, 0x0000, 0x0841,
  0x0861, 0x0861, 0x0861, 0x0861, 0x0000, 0x0000, 0x0000, 0x0000, 0x0000, 0x0861, 0x0861, 0x0861,
  0x0861, 0x0861, 0x0000, 0x0000, 0x0000, 0x0000, 0x0000, 0x0861, 0x0861, 0x0861, 0x0861, 0x0841,
  0x0000, 0x0000, 0x0000, 0x0000, 0x0020, 0x0861, 0x0861, 0x0861, 0x0861, 0x0841, 0x0000, 0x0000,
  0x0000, 0x0000, 0x0000, 0x0000, 0x0000, 0x0000, 0x0000, 0x0000, 0x0000, 0x0000, 0x0000, 0x0000,
  0x0000, 0x0000, 0x0000, 0x0000, 0x0000, 0x0000, 0x0000, 0x0000, 0x0000, 0x0020, 0x0861, 0x0841,
  0x0841, 0x0861, 0x0020, 0x0000, 0x0000, 0x0000, 0x0000, 0x0841, 0x0861, 0x0841, 0x0861, 0x0841,
  0x0020, 0x0000, 0x0000, 0x0000, 0x0020, 0x0841, 0x0861, 0x0841, 0x0861, 0x0841, 0x0000, 0x0000,
  0x0000, 0x0000, 0x0841, 0x0861, 0x0841, 0x0861, 0x0861, 0x0020, 0x0000, 0x0000, 0x0000, 0x0000,
  0x0841, 0x0841, 0x0841, 0x0841, 0x0861, 0x0020, 0x0000, 0x0000, 0x0000, 0x0000, 0x0841, 0x0841,
  0x0841, 0x0841, 0x0841, 0x0020, 0x0000, 0x0000, 0x0000, 0x0020, 0x0841, 0x0841, 0x0841, 0x0861,
  0x0841, 0x0000, 0x0000, 0x0020, 0x18E2, 0x39C6, 0x4A07, 0x4A27, 0x4A27, 0x4A27, 0x5247, 0x5288,
  0x5268, 0x5247, 0x5247, 0x5247, 0x4A47, 0x4A47, 0x4A47, 0x5268, 0x5A88, 0x5268, 0x5248, 0x5268,
  0x5248, 0x4A27, 0x4A47, 0x5288, 0x5288, 0x5268, 0x5268, 0x5268, 0x5268, 0x5268, 0x5268, 0x5A88,
  0x5A88, 0x5AA9, 0x62C9, 0x5AA9, 0x5AA9, 0x62EA, 0x6B0A, 0x62C9, 0x6B0A, 0x6B2A, 0x6B0A, 0x6B0A,
  0x62EA, 0x6B2B, 0x6B2A, 0x6B0A, 0x62C9, 0x62C9, 0x62EA, 0x62C9, 0x5AA9, 0x5AA8, 0x5AA8, 0x5AA9,
  0x62C9, 0x62C9, 0x62C9, 0x5AC9, 0x5AA9, 0x5AA9, 0x5AA9, 0x5AC9, 0x5AC9, 0x62C9, 0x62EA, 0x62EA,
  0x62C9, 0x5AA9, 0x5AA9, 0x62C9, 0x62EA, 0x6B0A, 0x6B0A, 0x5AA9, 0x62C9, 0x5A88, 0x5247, 0x5247,
  0x5247, 0x4A47, 0x4A27, 0x4A06, 0x4A27, 0x4A27, 0x41E6, 0x2103, 0x0841, 0x0000, 0x0020, 0x0861,
  0x0861, 0x0841, 0x0861, 0x0841, 0x0000, 0x0000, 0x0000, 0x0000, 0x0020, 0x0861, 0x0861, 0x0861,
  0x0861, 0x0020, 0x0000, 0x0000, 0x0000, 0x0000, 0x0841, 0x0861, 0x0841, 0x0841, 0x0841, 0x0020,
  0x0000, 0x0020, 0x0000, 0x0000, 0x0841, 0x0861, 0x0861, 0x0841, 0x0841, 0x0020, 0x0000, 0x0000,
  0x0000, 0x0000, 0x0841, 0x0861, 0x0861, 0x0861, 0x0841, 0x0000, 0x0000, 0x0000, 0x0000, 0x0020,
  0x0841, 0x0841, 0x0861, 0x0861, 0x0841, 0x0000, 0x0000, 0x0000, 0x0000, 0x0841, 0x0861, 0x0841,
  0x0841, 0x0861, 0x0020, 0x0000, 0x0000, 0x0000, 0x0000, 0x0000, 0x0000, 0x0000, 0x0000, 0x0000,
  0x0000, 0x0000, 0x0000, 0x0000, 0x0000, 0x0000, 0x0000, 0x0000, 0x0000, 0x0020, 0x0861, 0x0861,
  0x0861, 0x0861, 0x0020, 0x0000, 0x0000, 0x0000, 0x0000, 0x0841, 0x1082, 0x0861, 0x0861, 0x0861,
  0x0000, 0x0000, 0x0000, 0x0000, 0x0000, 0x0861, 0x0861, 0x0861, 0x0861, 0x0841, 0x0000, 0x0000,
  0x0000, 0x0000, 0x0841, 0x0861, 0x0861, 0x0861, 0x0861, 0x0020, 0x0000, 0x0000, 0x0000, 0x0000,
  0x0841, 0x0861, 0x0861, 0x0861, 0x0861, 0x0000, 0x0000, 0x0000, 0x0000, 0x0000, 0x0861, 0x0861,
  0x0861, 0x0861, 0x0841, 0x0000, 0x0000, 0x0000, 0x0000, 0x0020, 0x0861, 0x0861, 0x0861, 0x0861,
  0x0841, 0x0000, 0x0000, 0x0000, 0x0000, 0x0020, 0x18C2, 0x2944, 0x41E6, 0x5247, 0x5268, 0x5288,
  0x5268, 0x5247, 0x4A27, 0x4A27, 0x4A06, 0x4206, 0x4A27, 0x4A27, 0x4A47, 0x4A27, 0x4A07, 0x4A27,
  0x4A27, 0x4A27, 0x4A07, 0x4A27, 0x5247, 0x4A47, 0x5248, 0x5248, 0x5268, 0x5248, 0x5268, 0x5268,
  0x5247, 0x5288, 0x5AA8, 0x5AA9, 0x5AA9, 0x5AA9, 0x62EA, 0x62E9, 0x5AA9, 0x62EA, 0x62EA, 0x6B0A,
  0x6AEA, 0x62C9, 0x62EA, 0x630A, 0x6B0A, 0x62EA, 0x62C9, 0x62C9, 0x5AA9, 0x5A88, 0x5AA8, 0x5A88,
  0x5AA8, 0x5AA8, 0x5AA9, 0x5AA9, 0x5A88, 0x5288, 0x5A88, 0x5A88, 0x5AA9, 0x5AA9, 0x5AC9, 0x5AA9,
  0x5A88, 0x5AA9, 0x5AA9, 0x5AA9, 0x5AA9, 0x5AA8, 0x5AA9, 0x5AA9, 0x5AA9, 0x62C9, 0x5AA9, 0x5A88,
  0x5288, 0x5267, 0x4A47, 0x4206, 0x3185, 0x20E3, 0x0000, 0x0000, 0x0000, 0x0000, 0x0020, 0x0861,
  0x0861, 0x0861, 0x0861, 0x0841, 0x0000, 0x0000, 0x0000, 0x0000, 0x0020, 0x0861, 0x0861, 0x0861,
  0x1082, 0x0841, 0x0000, 0x0000, 0x0000, 0x0000, 0x0841, 0x0861, 0x0861, 0x0861, 0x0861, 0x0020,
  0x0000, 0x0000, 0x0000, 0x0000, 0x0841, 0x0861, 0x0861, 0x0861, 0x0861, 0x0000, 0x0000, 0x0000,
  0x0000, 0x0000, 0x0861, 0x0861, 0x0861, 0x0861, 0x0841, 0x0000, 0x0000, 0x0000, 0x0000, 0x0020,
  0x0861, 0x0861, 0x0861, 0x0861, 0x0841, 0x0000, 0x0000, 0x0000, 0x0000, 0x0020, 0x1082, 0x0861,
  0x0861, 0x1082, 0x0020, 0x0000, 0x0000, 0x0000, 0x0000, 0x0000, 0x0000, 0x0000, 0x0000, 0x0000,
  0x0000, 0x0000, 0x0000, 0x0000, 0x0000, 0x0000, 0x0000, 0x0000, 0x0000, 0x0020, 0x0861, 0x0861,
  0x0861, 0x0861, 0x0020, 0x0000, 0x0000, 0x0000, 0x0000, 0x0841, 0x0861, 0x0861, 0x0861, 0x0861,
  0x0020, 0x0000, 0x0000, 0x0000, 0x0000, 0x0861, 0x0861, 0x0861, 0x0861, 0x0841, 0x0000, 0x0000,
  0x0000, 0x0000, 0x0020, 0x0861, 0x0861, 0x0861, 0x0861, 0x0020, 0x0000, 0x0000, 0x0000, 0x0000,
  0x0841, 0x0861, 0x0861, 0x0861, 0x0861, 0x0000, 0x0000, 0x0000, 0x0000, 0x0000, 0x0861, 0x0861,
  0x0861, 0x0861, 0x0841, 0x0000, 0x0000, 0x0000, 0x0000, 0x0020, 0x0861, 0x0861, 0x0861, 0x0861,
  0x0841, 0x0000, 0x0000, 0x0000, 0x0000, 0x0020, 0x0841, 0x0841, 0x10A2, 0x2924, 0x39A5, 0x4A47,
  0x5268, 0x5247, 0x4A27, 0x4A27, 0x4A07, 0x4A06, 0x4A06, 0x4A27, 0x4A27, 0x4A07, 0x4A07, 0x4206,
  0x4206, 0x4A07, 0x4A07, 0x4206, 0x4A07, 0x4A27, 0x4A27, 0x4A47, 0x5247, 0x5247, 0x4A47, 0x4A47,
  0x4A47, 0x5268, 0x5268, 0x5268, 0x5AA9, 0x5AC9, 0x5AA9, 0x62C9, 0x62C9, 0x62C9, 0x62E9, 0x62E9,
  0x62EA, 0x62C9, 0x5AA9, 0x62C9, 0x62E9, 0x62E9, 0x62E9, 0x5AA8, 0x5A88, 0x5AA8, 0x5A88, 0x5288,
  0x5288, 0x5288, 0x5288, 0x5288, 0x5288, 0x5288, 0x5268, 0x5268, 0x5268, 0x5268, 0x5268, 0x5247,
  0x5247, 0x5A88, 0x5288, 0x5268, 0x5A88, 0x5268, 0x5268, 0x5268, 0x5A88, 0x5AA9, 0x5AA9, 0x5AA9,
  0x5288, 0x4207, 0x2924, 0x10A2, 0x0841, 0x0841, 0x0000, 0x0000, 0x0000, 0x0000, 0x0020, 0x0861,
  0x0861, 0x0861, 0x0861, 0x0841, 0x0000, 0x0000, 0x0000, 0x0000, 0x0020, 0x0861, 0x0861, 0x0861,
  0x0861, 0x0020, 0x0000, 0x0000, 0x0000, 0x0000, 0x0841, 0x0861, 0x0861, 0x0861, 0x0861, 0x0020,
  0x0000, 0x0000, 0x0000, 0x0000, 0x0841, 0x0861, 0x0861, 0x0861, 0x0861, 0x0000, 0x0000, 0x0000,
  0x0000, 0x0000, 0x0861, 0x0861, 0x0861, 0x0861, 0x0841, 0x0000, 0x0000, 0x0000, 0x0000, 0x0020,
  0x0861, 0x0861, 0x0861, 0x0861, 0x0841, 0x0000, 0x0000, 0x0000, 0x0000, 0x0020, 0x0861, 0x0861,
  0x0861, 0x0861, 0x0020, 0x0000, 0x0000, 0x0000, 0x0000, 0x0000, 0x0000, 0x0000, 0x0000, 0x0000,
  0x0000, 0x0000, 0x0000, 0x0000, 0x0000, 0x0000, 0x0000, 0x0000, 0x0000, 0x0020, 0x0861, 0x0861,
  0x0861, 0x0861, 0x0020, 0x0000, 0x0000, 0x0000, 0x0000, 0x0841, 0x0861, 0x0861, 0x0861, 0x0861,
  0x0000, 0x0000, 0x0000, 0x0000, 0x0000, 0x0861, 0x0861, 0x0861, 0x0861, 0x0841, 0x0000, 0x0000,
  0x0000, 0x0000, 0x0020, 0x0861, 0x0861, 0x0861, 0x0861, 0x0020, 0x0000, 0x0000, 0x0000, 0x0000,
  0x0841, 0x0861, 0x0861, 0x0861, 0x0861, 0x0000, 0x0000, 0x0000, 0x0000, 0x0000, 0x0861, 0x0861,
  0x0861, 0x0861, 0x0841, 0x0000, 0x0000, 0x0000, 0x0000, 0x0020, 0x0861, 0x0861, 0x0861, 0x0861,
  0x0841, 0x0000, 0x0000, 0x0000, 0x0000, 0x0020, 0x0861, 0x0861, 0x0861, 0x0861, 0x0841, 0x0841,
  0x20E3, 0x39A5, 0x4A27, 0x4A27, 0x4A27, 0x4A07, 0x4A07, 0x4A07, 0x4A07, 0x4A07, 0x4A07, 0x4A06,
  0x41E6, 0x41E6, 0x41E6, 0x41E6, 0x41E6, 0x4206, 0x4206, 0x4A07, 0x4A07, 0x4A27, 0x4A27, 0x4A27,
  0x4A27, 0x4A27, 0x5247, 0x5247, 0x5AA9, 0x5AA9, 0x5288, 0x5AA9, 0x5AA9, 0x5AC9, 0x5AC9, 0x62C9,
  0x62C9, 0x62E9, 0x5AC9, 0x5A88, 0x5AA9, 0x62C9, 0x62C9, 0x5AA9, 0x5AA8, 0x5AA8, 0x5A88, 0x5268,
  0x5268, 0x5268, 0x5268, 0x5268, 0x5268, 0x5268, 0x5268, 0x5268, 0x5248, 0x4A27, 0x4A27, 0x4A27,
  0x4A27, 0x5268, 0x5A88, 0x5AA9, 0x5AA9, 0x5288, 0x5247, 0x5268, 0x5288, 0x5288, 0x4A27, 0x2964,
  0x1082, 0x0841, 0x0841, 0x0861, 0x0861, 0x0861, 0x0000, 0x0000, 0x0000, 0x0000, 0x0020, 0x0861,
  0x0861, 0x0861, 0x0861, 0x0841, 0x0000, 0x0000, 0x0000, 0x0000, 0x0020, 0x0861, 0x0861, 0x0861,
  0x0861, 0x0020, 0x0000, 0x0000, 0x0000, 0x0000, 0x0841, 0x0861, 0x0861, 0x0861, 0x0861, 0x0020,
  0x0000, 0x0000, 0x0000, 0x0000, 0x0841, 0x0861, 0x0861, 0x0861, 0x0861, 0x0000, 0x0000, 0x0000,
  0x0000, 0x0000, 0x0861, 0x0861, 0x0861, 0x0861, 0x0861, 0x0000, 0x0000, 0x0000, 0x0000, 0x0020,
  0x0861, 0x0861, 0x0861, 0x0861, 0x0841, 0x0000, 0x0000, 0x0000, 0x0000, 0x0020, 0x0861, 0x0861,
  0x0861, 0x0861, 0x0020, 0x0000, 0x0000, 0x0000, 0x0000, 0x0000, 0x0000, 0x0000, 0x0000, 0x0000,
  0x0000, 0x0000, 0x0000, 0x0000, 0x0000, 0x0000, 0x0000, 0x0000, 0x0000, 0x0020, 0x0861, 0x0861,
  0x0861, 0x0861, 0x0020, 0x0000, 0x0000, 0x0000, 0x0000, 0x0841, 0x0861, 0x0861, 0x0861, 0x0861,
  0x0020, 0x0000, 0x0000, 0x0000, 0x0000, 0x0861, 0x0841, 0x0861, 0x0861, 0x0841, 0x0000, 0x0000,
  0x0000, 0x0000, 0x0020, 0x0861, 0x0861, 0x0861, 0x0861, 0x0020, 0x0000, 0x0000, 0x0000, 0x0000,
  0x0841, 0x0861, 0x0861, 0x0861, 0x0861, 0x0000, 0x0000, 0x0000, 0x0000, 0x0000, 0x0861, 0x0861,
  0x0861, 0x0861, 0x0841, 0x0000, 0x0000, 0x0000, 0x0000, 0x0020, 0x0861, 0x0861, 0x0861, 0x0861,
  0x0841, 0x0000, 0x0000, 0x0000, 0x0000, 0x0020, 0x0861, 0x0861, 0x0861, 0x0861, 0x0841, 0x0000,
  0x0000, 0x0000, 0x1061, 0x2103, 0x31A5, 0x39C6, 0x41C6, 0x41E6, 0x39A5, 0x41E6, 0x4206, 0x4206,
  0x4206, 0x41E6, 0x39C6, 0x39C6, 0x39C6, 0x41E6, 0x41E6, 0x41E6, 0x41E6, 0x41E6, 0x4A06, 0x4A27,
  0x4A27, 0x4A27, 0x4A27, 0x5247, 0x5247, 0x5248, 0x5248, 0x5248, 0x5268, 0x5268, 0x5A88, 0x5AA8,
  0x5288, 0x5A88, 0x5AA9, 0x5268, 0x5268, 0x5268, 0x5288, 0x5A88, 0x5AA8, 0x5AA9, 0x5AA8, 0x5288,
  0x5247, 0x4A27, 0x4A47, 0x4A47, 0x4A27, 0x4A27, 0x4A47, 0x4A47, 0x5247, 0x5248, 0x5268, 0x5268,
  0x5248, 0x5288, 0x5A88, 0x5A88, 0x5AC9, 0x62EA, 0x5268, 0x41E6, 0x2944, 0x1082, 0x0020, 0x0000,
  0x0000, 0x0861, 0x0861, 0x0861, 0x0861, 0x0841, 0x0000, 0x0000, 0x0000, 0x0000, 0x0020, 0x0861,
  0x0861, 0x0861, 0x0861, 0x0841, 0x0000, 0x0000, 0x0000, 0x0000, 0x0020, 0x0861, 0x0861, 0x0861,
  0x0861, 0x0020, 0x0000, 0x0000, 0x0000, 0x0000, 0x0841, 0x0861, 0x0861, 0x0841, 0x0861, 0x0020,
  0x0000, 0x0000, 0x0000, 0x0000, 0x0841, 0x0861, 0x0861, 0x0861, 0x0861, 0x0000, 0x0000, 0x0000,
  0x0000, 0x0000, 0x0841, 0x0861, 0x0861, 0x0861, 0x0841, 0x0000, 0x0000, 0x0000, 0x0000, 0x0020,
  0x0861, 0x0861, 0x0861, 0x0861, 0x0841, 0x0000, 0x0000, 0x0000, 0x0000, 0x0020, 0x0861, 0x0861,
  0x0861, 0x0861, 0x0020, 0x0000, 0x0000, 0x0000, 0x0000, 0x0000, 0x0000, 0x0000, 0x0000, 0x0000,
  0x0000, 0x0000, 0x0000, 0x0000, 0x0000, 0x0000, 0x0000, 0x0000, 0x0000, 0x0000, 0x0000, 0x0000,
  0x0000, 0x0000, 0x0841, 0x0861, 0x0861, 0x0861, 0x0861, 0x0020, 0x0000, 0x0000, 0x0000, 0x0000,
  0x0841, 0x0861, 0x0861, 0x0861, 0x0841, 0x0000, 0x0000, 0x0000, 0x0000, 0x0020, 0x0861, 0x0861,
  0x0861, 0x0861, 0x0841, 0x0000, 0x0000, 0x0000, 0x0000, 0x0841, 0x0861, 0x0861, 0x0861, 0x0861,
  0x0020, 0x0000, 0x0000, 0x0000, 0x0000, 0x0841, 0x0861, 0x0861, 0x0861, 0x0861, 0x0000, 0x0000,
  0x0000, 0x0000, 0x0020, 0x0861, 0x0861, 0x0861, 0x0861, 0x0841, 0x0000, 0x0000, 0x0000, 0x0000,
  0x0020, 0x0861, 0x0861, 0x0861, 0x0861, 0x0841, 0x0000, 0x0000, 0x0000, 0x0000, 0x0840, 0x0861,
  0x0861, 0x0861, 0x0841, 0x0020, 0x0000, 0x0841, 0x10A2, 0x18E2, 0x2944, 0x39A5, 0x4206, 0x41E6,
  0x41E6, 0x4206, 0x41E6, 0x39C5, 0x39C5, 0x39C6, 0x39C6, 0x39C6, 0x41E6, 0x41E6, 0x41E6, 0x41E6,
  0x4206, 0x4206, 0x4A07, 0x4A47, 0x4A27, 0x4A27, 0x5247, 0x4A27, 0x4A27, 0x5247, 0x5247, 0x5268,
  0x5247, 0x5247, 0x5268, 0x5247, 0x5247, 0x5247, 0x5247, 0x5268, 0x5268, 0x5288, 0x5AA9, 0x5A88,
  0x5268, 0x5247, 0x4A27, 0x4A27, 0x4A07, 0x4A06, 0x41E6, 0x4206, 0x4A27, 0x5268, 0x5A88, 0x62EA,
  0x62EA, 0x62C9, 0x5AA9, 0x4A27, 0x39A5, 0x2123, 0x0861, 0x0000, 0x0020, 0x0841, 0x0861, 0x0861,
  0x0861, 0x0000, 0x0000, 0x0000, 0x0000, 0x0020, 0x0861, 0x0861, 0x0861, 0x0861, 0x0841, 0x0000,
  0x0000, 0x0000, 0x0000, 0x0020, 0x0861, 0x0861, 0x0861, 0x0861, 0x0841, 0x0000, 0x0000, 0x0000,
  0x0000, 0x0020, 0x0861, 0x0861, 0x0861, 0x0861, 0x0020, 0x0000, 0x0000, 0x0000, 0x0000, 0x0841,
  0x0861, 0x0861, 0x0861, 0x0861, 0x0020, 0x0000, 0x0000, 0x0000, 0x0000, 0x0861, 0x0861, 0x0861,
  0x0861, 0x0861, 0x0000, 0x0000, 0x0000, 0x0000, 0x0020, 0x0861, 0x0861, 0x0861, 0x0861, 0x0841,
  0x0000, 0x0000, 0x0000, 0x0000, 0x0020, 0x0861, 0x0861, 0x0861, 0x0861, 0x0020, 0x0000, 0x0000,
  0x0000, 0x0000, 0x0000, 0x0000, 0x0000, 0x0000, 0x0000, 0x0000, 0x0000, 0x0000, 0x0000, 0x0000,
  0x0000, 0x0000, 0x0000, 0x0000, 0x0000, 0x0000, 0x0000, 0x0000, 0x0000, 0x0000, 0x0000, 0x0000,
  0x0000, 0x0000, 0x0841, 0x0861, 0x0861, 0x0861, 0x0861, 0x0020, 0x0000, 0x0000, 0x0000, 0x0000,
  0x0861, 0x0861, 0x0861, 0x0861, 0x0861, 0x0000, 0x0000, 0x0000, 0x0000, 0x0020, 0x0861, 0x0861,
  0x0861, 0x0861, 0x0841, 0x0000, 0x0000, 0x0000, 0x0000, 0x0841, 0x0861, 0x0861, 0x0861, 0x0861,
  0x0020, 0x0000, 0x0000, 0x0000, 0x0000, 0x0861, 0x0861, 0x0861, 0x0861, 0x0861, 0x0000, 0x0000,
  0x0000, 0x0000, 0x0000, 0x0861, 0x0861, 0x0861, 0x0861, 0x0841, 0x0000, 0x0000, 0x0000, 0x0000,
  0x0020, 0x0861, 0x0861, 0x0861, 0x0861, 0x0841, 0x0000, 0x0000, 0x0000, 0x0000, 0x0020, 0x0861,
  0x0861, 0x0861, 0x1082, 0x0840, 0x0000, 0x0000, 0x0000, 0x0000, 0x0861, 0x18C2, 0x20E3, 0x2924,
  0x3185, 0x41E6, 0x4206, 0x4A27, 0x4207, 0x41E6, 0x39C6, 0x39C5, 0x39C6, 0x39C5, 0x39C5, 0x41E6,
  0x41E6, 0x41E6, 0x41E6, 0x4A06, 0x4A07, 0x4A27, 0x4A27, 0x4A27, 0x4A27, 0x4A27, 0x4A27, 0x4A27,
  0x4A27, 0x4A27, 0x4A47, 0x4A27, 0x5248, 0x4A47, 0x5247, 0x5268, 0x5268, 0x5247, 0x5268, 0x5268,
  0x5268, 0x5268, 0x4A27, 0x4A07, 0x4A27, 0x4A06, 0x4206, 0x4A06, 0x4A27, 0x4A27, 0x4A48, 0x5268,
  0x4207, 0x3165, 0x18E3, 0x0840, 0x0000, 0x0000, 0x0000, 0x0000, 0x0861, 0x0861, 0x0861, 0x0861,
  0x0861, 0x0000, 0x0000, 0x0000, 0x0000, 0x0020, 0x0861, 0x0861, 0x0861, 0x0861, 0x0841, 0x0000,
  0x0000, 0x0000, 0x0000, 0x0020, 0x0861, 0x0861, 0x0861, 0x0861, 0x0841, 0x0000, 0x0000, 0x0000,
  0x0000, 0x0841, 0x0861, 0x0861, 0x0861, 0x0861, 0x0020, 0x0000, 0x0000, 0x0000, 0x0000, 0x0841,
  0x0861, 0x0861, 0x0861, 0x0861, 0x0020, 0x0000, 0x0000, 0x0000, 0x0000, 0x0861, 0x0861, 0x0861,
  0x0861, 0x0861, 0x0000, 0x0000, 0x0000, 0x0000, 0x0000, 0x0861, 0x0861, 0x0861, 0x0861, 0x0841,
  0x0000, 0x0000, 0x0000, 0x0000, 0x0020, 0x0861, 0x0861, 0x0861, 0x0861, 0x0841, 0x0000, 0x0000,
  0x0000, 0x0000, 0x0000, 0x0000, 0x0000, 0x0000, 0x0000, 0x0000, 0x0000, 0x0000, 0x0000, 0x0000,
  0x0000, 0x0000, 0x0000, 0x0000, 0x0000, 0x0000, 0x0000, 0x0000, 0x0000, 0x0000, 0x0000, 0x0000,
  0x0000, 0x0000, 0x0841, 0x0861, 0x0861, 0x0861, 0x0861, 0x0020, 0x0000, 0x0000, 0x0000, 0x0000,
  0x0861, 0x0861, 0x0861, 0x0861, 0x0861, 0x0000, 0x0000, 0x0000, 0x0000, 0x0020, 0x0861, 0x0861,
  0x0861, 0x0861, 0x0841, 0x0000, 0x0000, 0x0000, 0x0000, 0x0841, 0x0861, 0x0861, 0x0861, 0x0861,
  0x0020, 0x0000, 0x0000, 0x0000, 0x0000, 0x0861, 0x0861, 0x0861, 0x0861, 0x0861, 0x0000, 0x0000,
  0x0000, 0x0000, 0x0000, 0x0861, 0x0861, 0x0861, 0x0861, 0x0841, 0x0000, 0x0000, 0x0000, 0x0000,
  0x0020, 0x0861, 0x0861, 0x0861, 0x0861, 0x0841, 0x0000, 0x0000, 0x0000, 0x0000, 0x0020, 0x0861,
  0x0861, 0x0861, 0x0861, 0x0020, 0x0000, 0x0000, 0x0000, 0x0000, 0x0841, 0x0861, 0x0841, 0x0841,
  0x1061, 0x1061, 0x1082, 0x2103, 0x2964, 0x3185, 0x39A5, 0x39C6, 0x39C6, 0x41C6, 0x4206, 0x4206,
  0x41E6, 0x41E6, 0x4206, 0x41E6, 0x4206, 0x4A07, 0x4206, 0x4206, 0x4206, 0x4206, 0x4206, 0x4206,
  0x4206, 0x4206, 0x4206, 0x4A06, 0x4A07, 0x4A07, 0x4A27, 0x4A47, 0x5268, 0x5268, 0x5268, 0x5268,
  0x5268, 0x5288, 0x5268, 0x4A47, 0x4A27, 0x41E6, 0x3985, 0x3164, 0x2103, 0x10A2, 0x1082, 0x1081,
  0x0841, 0x0841, 0x0841, 0x0000, 0x0000, 0x0000, 0x0000, 0x0000, 0x0861, 0x0861, 0x0861, 0x0861,
  0x0861, 0x0000, 0x0000, 0x0000, 0x0000, 0x0000, 0x0861, 0x0861, 0x0861, 0x0861, 0x0841, 0x0000,
  0x0000, 0x0000, 0x0000, 0x0020, 0x0861, 0x0861, 0x0861, 0x0861, 0x0841, 0x0000, 0x0000, 0x0000,
  0x0000, 0x0020, 0x0861, 0x0861, 0x0861, 0x0861, 0x0020, 0x0000, 0x0000, 0x0000, 0x0000, 0x0841,
  0x0861, 0x0861, 0x0861, 0x0861, 0x0020, 0x0000, 0x0000, 0x0000, 0x0000, 0x0861, 0x0861, 0x0861,
  0x0861, 0x0861, 0x0000, 0x0000, 0x0000, 0x0000, 0x0000, 0x0861, 0x0861, 0x0861, 0x0861, 0x0841,
  0x0000, 0x0000, 0x0000, 0x0000, 0x0020, 0x0861, 0x0861, 0x0861, 0x0861, 0x0020, 0x0000, 0x0000,
  0x0000, 0x0000, 0x0000, 0x0000, 0x0000, 0x0000, 0x0000, 0x0000, 0x0000, 0x0000, 0x0000, 0x0000,
  0x0000, 0x0000, 0x0000, 0x0000, 0x0000, 0x0000, 0x0000, 0x0000, 0x0000, 0x0000, 0x0000, 0x0000,
  0x0000, 0x0000, 0x0841, 0x0861, 0x0861, 0x0861, 0x1082, 0x0020, 0x0000, 0x0000, 0x0000, 0x0000,
  0x0861, 0x1082, 0x0861, 0x0861, 0x0861, 0x0000, 0x0000, 0x0000, 0x0000, 0x0020, 0x1082, 0x0861,
  0x0861, 0x1082, 0x0841, 0x0000, 0x0000, 0x0000, 0x0000, 0x0841, 0x1082, 0x0861, 0x0861, 0x0861,
  0x0020, 0x0000, 0x0000, 0x0000, 0x0000, 0x0861, 0x0861, 0x0861, 0x0861, 0x0861, 0x0000, 0x0000,
  0x0000, 0x0000, 0x0020, 0x0861, 0x0861, 0x0861, 0x0861, 0x0861, 0x0000, 0x0000, 0x0000, 0x0000,
  0x0020, 0x1082, 0x0861, 0x0861, 0x1082, 0x0841, 0x0000, 0x0000, 0x0000, 0x0000, 0x0020, 0x1082,
  0x0861, 0x0861, 0x1082, 0x0020, 0x0000, 0x0000, 0x0000, 0x0000, 0x0841, 0x1082, 0x0861, 0x0861,
  0x0862, 0x0020, 0x0000, 0x0000, 0x0000, 0x0000, 0x0861, 0x18C2, 0x18C3, 0x2103, 0x2944, 0x2964,
  0x3164, 0x3185, 0x39A5, 0x39C6, 0x41E6, 0x4206, 0x4206, 0x4207, 0x4A27, 0x4207, 0x4207, 0x4207,
  0x4207, 0x4A27, 0x4A27, 0x4207, 0x4206, 0x4A07, 0x4A07, 0x4A07, 0x4A07, 0x4207, 0x41E6, 0x41C6,
  0x39C6, 0x3165, 0x2944, 0x2103, 0x18C2, 0x0841, 0x0000, 0x0000, 0x0000, 0x0000, 0x0841, 0x1082,
  0x1082, 0x0861, 0x0861, 0x0020, 0x0000, 0x0000, 0x0000, 0x0000, 0x0861, 0x0861, 0x0861, 0x0861,
  0x0861, 0x0000, 0x0000, 0x0000, 0x0000, 0x0000, 0x0861, 0x0861, 0x0861, 0x0861, 0x0861, 0x0000,
  0x0000, 0x0000, 0x0000, 0x0020, 0x1082, 0x0861, 0x0861, 0x0861, 0x0841, 0x0000, 0x0000, 0x0000,
  0x0000, 0x0841, 0x1082, 0x0861, 0x0861, 0x1082, 0x0020, 0x0000, 0x0000, 0x0000, 0x0000, 0x0841,
  0x1082, 0x0861, 0x0861, 0x0861, 0x0020, 0x0000, 0x0000, 0x0000, 0x0000, 0x0861, 0x0861, 0x0861,
  0x0861, 0x0861, 0x0000, 0x0000, 0x0000, 0x0000, 0x0000, 0x0861, 0x0861, 0x0861, 0x0861, 0x0861,
  0x0000, 0x0000, 0x0000, 0x0000, 0x0020, 0x1082, 0x0861, 0x0861, 0x1082, 0x0020, 0x0000, 0x0000,
  0x0000, 0x0000, 0x0000, 0x0000, 0x0000, 0x0000, 0x0000, 0x0000, 0x0000, 0x0000, 0x0000, 0x0000,
  0x0000, 0x0000, 0x0000, 0x0000, 0x0000, 0x0000, 0x0000, 0x0000, 0x0000, 0x0000, 0x0000, 0x0000,
  0x0000, 0x0000, 0x0000, 0x0020, 0x0020, 0x0020, 0x0020, 0x0000, 0x0000, 0x0000, 0x0000, 0x0000,
  0x0020, 0x0020, 0x0020, 0x0020, 0x0020, 0x0000, 0x0000, 0x0000, 0x0000, 0x0000, 0x0020, 0x0020,
  0x0020, 0x0020, 0x0020, 0x0000, 0x0000, 0x0000, 0x0000, 0x0020, 0x0020, 0x0020, 0x0020, 0x0020,
  0x0000, 0x0000, 0x0000, 0x0000, 0x0000, 0x0020, 0x0020, 0x0020, 0x0020, 0x0020, 0x0000, 0x0000,
  0x0000, 0x0000, 0x0000, 0x0020, 0x0020, 0x0020, 0x0020, 0x0020, 0x0000, 0x0000, 0x0000, 0x0000,
  0x0000, 0x0020, 0x0020, 0x0020, 0x0020, 0x0020, 0x0000, 0x0000, 0x0000, 0x0000, 0x0000, 0x0020,
  0x0020, 0x0020, 0x0020, 0x0000, 0x0000, 0x0000, 0x0000, 0x0000, 0x0020, 0x0020, 0x0020, 0x0020,
  0x0020, 0x0000, 0x0000, 0x0000, 0x0000, 0x0000, 0x0000, 0x0020, 0x0000, 0x0000, 0x0000, 0x0000,
  0x0000, 0x0000, 0x0020, 0x0820, 0x0841, 0x0861, 0x1082, 0x18A2, 0x18A2, 0x18A2, 0x18A2, 0x18A2,
  0x18A2, 0x18C2, 0x18A2, 0x10A2, 0x1082, 0x1081, 0x0861, 0x0841, 0x0840, 0x0020, 0x0000, 0x0000,
  0x0000, 0x0000, 0x0000, 0x0000, 0x0000, 0x0000, 0x0000, 0x0000, 0x0000, 0x0000, 0x0020, 0x0020,
  0x0020, 0x0020, 0x0020, 0x0000, 0x0000, 0x0000, 0x0000, 0x0000, 0x0020, 0x0020, 0x0020, 0x0020,
  0x0020, 0x0000, 0x0000, 0x0000, 0x0000, 0x0000, 0x0020, 0x0020, 0x0020, 0x0020, 0x0020, 0x0000,
  0x0000, 0x0000, 0x0000, 0x0000, 0x0020, 0x0020, 0x0020, 0x0020, 0x0000, 0x0000, 0x0000, 0x0000,
  0x0000, 0x0000, 0x0020, 0x0020, 0x0020, 0x0020, 0x0000, 0x0000, 0x0000, 0x0000, 0x0000, 0x0020,
  0x0020, 0x0020, 0x0020, 0x0020, 0x0000, 0x0000, 0x0000, 0x0000, 0x0000, 0x0020, 0x0020, 0x0020,
  0x0020, 0x0020, 0x0000, 0x0000, 0x0000, 0x0000, 0x0000, 0x0020, 0x0020, 0x0020, 0x0020, 0x0020,
  0x0000, 0x0000, 0x0000, 0x0000, 0x0000, 0x0020, 0x0020, 0x0020, 0x0020, 0x0000, 0x0000, 0x0000,
  0x0000, 0x0000, 0x0000, 0x0000, 0x0000, 0x0000, 0x0000, 0x0000, 0x0000, 0x0000, 0x0000, 0x0000,
  0x0000, 0x0000, 0x0000, 0x0000, 0x0000, 0x0000, 0x0000, 0x0000, 0x0000, 0x0000, 0x0000, 0x0000,
  0x0000, 0x0000, 0x0000, 0x0000, 0x0000, 0x0000, 0x0000, 0x0000, 0x0000, 0x0000, 0x0000, 0x0000,
  0x0000, 0x0000, 0x0000, 0x0000, 0x0000, 0x0000, 0x0000, 0x0000, 0x0000, 0x0000, 0x0000, 0x0000,
  0x0000, 0x0000, 0x0000, 0x0000, 0x0000, 0x0000, 0x0000, 0x0000, 0x0000, 0x0000, 0x0000, 0x0000,
  0x0000, 0x0000, 0x0000, 0x0000, 0x0000, 0x0000, 0x0000, 0x0000, 0x0000, 0x0000, 0x0000, 0x0000,
  0x0000, 0x0000, 0x0000, 0x0000, 0x0000, 0x0000, 0x0000, 0x0000, 0x0000, 0x0000, 0x0000, 0x0000,
  0x0000, 0x0000, 0x0000, 0x0000, 0x0000, 0x0000, 0x0000, 0x0000, 0x0000, 0x0000, 0x0000, 0x0000,
  0x0000, 0x0000, 0x0000, 0x0000, 0x0000, 0x0000, 0x0000, 0x0000, 0x0000, 0x0000, 0x0000, 0x0000,
  0x0000, 0x0000, 0x0000, 0x0000, 0x0000, 0x0000, 0x0000, 0x0000, 0x0000, 0x0000, 0x0000, 0x0000,
  0x0000, 0x0000, 0x0000, 0x0000, 0x0000, 0x0000, 0x0000, 0x0000, 0x0000, 0x0000, 0x0000, 0x0000,
  0x0000, 0x0000, 0x0000, 0x0000, 0x0000, 0x0000, 0x0000, 0x0000, 0x0000, 0x0000, 0x0000, 0x0000,
  0x0000, 0x0000, 0x0000, 0x0000, 0x0000, 0x0000, 0x0000, 0x0000, 0x0000, 0x0000, 0x0000, 0x0000,
  0x0000, 0x0000, 0x0000, 0x0000, 0x0000, 0x0000, 0x0000, 0x0000, 0x0000, 0x0000, 0x0000, 0x0000,
  0x0000, 0x0000, 0x0000, 0x0000, 0x0000, 0x0000, 0x0000, 0x0000, 0x0000, 0x0000, 0x0000, 0x0000,
  0x0000, 0x0000, 0x0000, 0x0000, 0x0000, 0x0000, 0x0000, 0x0000, 0x0000, 0x0000, 0x0000, 0x0000,
  0x0000, 0x0000, 0x0000, 0x0000, 0x0000, 0x0000, 0x0000, 0x0000, 0x0000, 0x0000, 0x0000, 0x0000,
  0x0000, 0x0000, 0x0000, 0x0000, 0x0000, 0x0000, 0x0000, 0x0000, 0x0000, 0x0000, 0x0000, 0x0000,
  0x0000, 0x0000, 0x0000, 0x0000, 0x0000, 0x0000, 0x0000, 0x0000, 0x0000, 0x0000, 0x0000, 0x0000,
  0x0000, 0x0000, 0x0000, 0x0000, 0x0000, 0x0000, 0x0000, 0x0000, 0x0000, 0x0000, 0x0000, 0x0000,
  0x0000, 0x0000, 0x0000, 0x0000, 0x0000, 0x0000, 0x0000, 0x0000, 0x0000, 0x0000, 0x0000, 0x0000,
  0x0000, 0x0000, 0x0000, 0x0000, 0x0000, 0x0000, 0x0000, 0x0000, 0x0000, 0x0000, 0x0000, 0x0000,
  0x0000, 0x0000, 0x0000, 0x0000, 0x0000, 0x0000, 0x0000, 0x0000, 0x0000, 0x0000, 0x0000, 0x0000,
  0x0000, 0x0000, 0x0000, 0x0000, 0x0000, 0x0000, 0x0000, 0x0000, 0x0000, 0x0000, 0x0000, 0x0000,
  0x0000, 0x0000, 0x0000, 0x0000, 0x0000, 0x0000, 0x0000, 0x0000, 0x0000, 0x0000, 0x0000, 0x0000,
  0x0000, 0x0000, 0x0000, 0x0000, 0x0000, 0x0000, 0x0000, 0x0000, 0x0000, 0x0000, 0x0000, 0x0000,
  0x0000, 0x0000, 0x0000, 0x0000, 0x0000, 0x0000, 0x0000, 0x0000, 0x0000, 0x0000, 0x0000, 0x0000,
  0x0000, 0x0000, 0x0000, 0x0000, 0x0000, 0x0000, 0x0000, 0x0000, 0x0000, 0x0000, 0x0000, 0x0000,
  0x0000, 0x0000, 0x0000, 0x0000, 0x0000, 0x0000, 0x0000, 0x0000, 0x0000, 0x0000, 0x0000, 0x0000,
  0x0000, 0x0000, 0x0000, 0x0000, 0x0000, 0x0000, 0x0000, 0x0000, 0x0000, 0x0000, 0x0000, 0x0000,
  0x0000, 0x0000, 0x0000, 0x0000, 0x0000, 0x0000, 0x0000, 0x0000, 0x0000, 0x0000, 0x0000, 0x0000,
  0x0000, 0x0000, 0x0000, 0x0000, 0x0000, 0x0000, 0x0000, 0x0000, 0x0000, 0x0000, 0x0000, 0x0000,
  0x0000, 0x0000, 0x0000, 0x0000, 0x0000, 0x0000, 0x0000, 0x0000, 0x0000, 0x0000, 0x0000, 0x0000,
  0x0000, 0x0000, 0x0000, 0x0000, 0x0000, 0x0000, 0x0000, 0x0000, 0x0000, 0x0000, 0x0000, 0x0000,
  0x0000, 0x0000, 0x0000, 0x0000, 0x0000, 0x0000, 0x0000, 0x0000, 0x0000, 0x0000, 0x0000, 0x0000,
  0x0000, 0x0000, 0x0000, 0x0000, 0x0000, 0x0000, 0x0000, 0x0000, 0x0000, 0x0000, 0x0000, 0x0000,
  0x0000, 0x0000, 0x0000, 0x0000, 0x0000, 0x0000, 0x0000, 0x0000, 0x0000, 0x0000, 0x0000, 0x0000,
  0x0000, 0x0000, 0x0000, 0x0000, 0x0000, 0x0000, 0x0000, 0x0000, 0x0000, 0x0000, 0x0000, 0x0000,
  0x0000, 0x0000, 0x0000, 0x0000, 0x0000, 0x0000, 0x0000, 0x0000, 0x0000, 0x0000, 0x0000, 0x0000,
  0x0000, 0x0000, 0x0000, 0x0000, 0x0000, 0x0000, 0x0000, 0x0000, 0x0000, 0x0000, 0x0000, 0x0000,
  0x0000, 0x0000, 0x0000, 0x0000, 0x0000, 0x0000, 0x0000, 0x0000, 0x0000, 0x0000, 0x0000, 0x0000,
  0x0000, 0x0000, 0x0000, 0x0000, 0x0000, 0x0000, 0x0000, 0x0000, 0x0000, 0x0000, 0x0000, 0x0000,
  0x0000, 0x0000, 0x0000, 0x0000, 0x0000, 0x0000, 0x0000, 0x0000, 0x0000, 0x0000, 0x0000, 0x0000,
  0x0000, 0x0000, 0x0000, 0x0000, 0x0000, 0x0000, 0x0000, 0x0000, 0x0000, 0x0000, 0x0000, 0x0000,
  0x0000, 0x0000, 0x0000, 0x0000, 0x0000, 0x0000, 0x0000, 0x0000, 0x0000, 0x0000, 0x0000, 0x0000,
  0x0000, 0x0000, 0x0000, 0x0000, 0x0000, 0x0000, 0x0000, 0x0000, 0x0000, 0x0000, 0x0000, 0x0000,
  0x0000, 0x0000, 0x0000, 0x0000, 0x0000, 0x0000, 0x0000, 0x0000, 0x0000, 0x0000, 0x0000, 0x0000,
  0x0000, 0x0000, 0x0000, 0x0000, 0x0000, 0x0000, 0x0000, 0x0000, 0x0000, 0x0000, 0x0000, 0x0000,
  0x0000, 0x0000, 0x0000, 0x0000, 0x0000, 0x0000, 0x0000, 0x0000, 0x0000, 0x0000, 0x0000, 0x0000,
  0x0000, 0x0000, 0x0000, 0x0000, 0x0000, 0x0000, 0x0000, 0x0000, 0x0000, 0x0000, 0x0000, 0x0000,
  0x0000, 0x0000, 0x0000, 0x0000, 0x0000, 0x0000, 0x0000, 0x0000, 0x0000, 0x0000, 0x0000, 0x0000,
  0x0000, 0x0000, 0x0000, 0x0000, 0x0000, 0x0000, 0x0000, 0x0000, 0x0000, 0x0000, 0x0000, 0x0000,
  0x0000, 0x0000, 0x0000, 0x0000, 0x0000, 0x0000, 0x0000, 0x0000, 0x0000, 0x0000, 0x0000, 0x0000,
  0x0000, 0x0000, 0x0000, 0x0000, 0x0000, 0x0000, 0x0000, 0x0000, 0x0000, 0x0000, 0x0000, 0x0000,
  0x0000, 0x0000, 0x0000, 0x0000, 0x0000, 0x0000, 0x0000, 0x0000, 0x0000, 0x0000, 0x0000, 0x0000,
  0x0000, 0x0000, 0x0000, 0x0000, 0x0000, 0x0000, 0x0000, 0x0000, 0x0000, 0x0000, 0x0000, 0x0000,
  0x0000, 0x0000, 0x0000, 0x0000, 0x0000, 0x0000, 0x0000, 0x0000, 0x0000, 0x0000, 0x0000, 0x0000,
  0x0000, 0x0000, 0x0000, 0x0000, 0x0000, 0x0000, 0x0000, 0x0000, 0x0000, 0x0000, 0x0000, 0x0000,
  0x0000, 0x0000, 0x0000, 0x0000, 0x0000, 0x0000, 0x0000, 0x0000, 0x0000, 0x0000, 0x0000, 0x0000,
  0x0000, 0x0000, 0x0000, 0x0000, 0x0000, 0x0000, 0x0000, 0x0000, 0x0000, 0x0000, 0x0000, 0x0000,
  0x0000, 0x0000, 0x0000, 0x0000, 0x0000, 0x0000, 0x0000, 0x0000, 0x0000, 0x0000, 0x0000, 0x0000,
  0x0000, 0x0000, 0x0000, 0x0000, 0x0000, 0x0000, 0x0000, 0x0000, 0x0000, 0x0000, 0x0000, 0x0000,
  0x0000, 0x0000, 0x0000, 0x0000, 0x0000, 0x0000, 0x0000, 0x0000, 0x0000, 0x0000, 0x0000, 0x0000,
  0x0000, 0x0000, 0x0000, 0x0000, 0x0000, 0x0000, 0x0000, 0x0000, 0x0000, 0x0000, 0x0000, 0x0000,
  0x0000, 0x0000, 0x0000, 0x0000, 0x0000, 0x0000, 0x0000, 0x0000, 0x0000, 0x0000, 0x0000, 0x0000,
  0x0000, 0x0000, 0x0000, 0x0000, 0x0000, 0x0000, 0x0000, 0x0000, 0x0000, 0x0000, 0x0000, 0x0000,
  0x0000, 0x0000, 0x0000, 0x0000, 0x0000, 0x0000, 0x0000, 0x0000, 0x0000, 0x0000, 0x0000, 0x0000,
  0x0000, 0x0000, 0x0000, 0x0000, 0x0000, 0x0000, 0x0000, 0x0000, 0x0000, 0x0000, 0x0000, 0x0000,
  0x0000, 0x0000, 0x0000, 0x0000, 0x0000, 0x0000, 0x0000, 0x0000, 0x0000, 0x0000, 0x0000, 0x0000,
  0x0000, 0x0000, 0x0000, 0x0000, 0x0000, 0x0000, 0x0000, 0x0000, 0x0000, 0x0000, 0x0000, 0x0000,
  0x0000, 0x0000, 0x0000, 0x0000, 0x0000, 0x0000, 0x0000, 0x0000, 0x0000, 0x0000, 0x0000, 0x0000,
  0x0000, 0x0000, 0x0000, 0x0000, 0x0000, 0x0000, 0x0000, 0x0000, 0x0000, 0x0000, 0x0000, 0x0000,
  0x0000, 0x0000, 0x0000, 0x0000, 0x0000, 0x0000, 0x0000, 0x0000, 0x0000, 0x0000, 0x0000, 0x0000,
  0x0000, 0x0000, 0x0000, 0x0000, 0x0000, 0x0000, 0x0000, 0x0000, 0x0000, 0x0000, 0x0000, 0x0000,
  0x0000, 0x0000, 0x0000, 0x0000, 0x0000, 0x0000, 0x0000, 0x0000, 0x0000, 0x0000, 0x0000, 0x0000,
  0x0000, 0x0000, 0x0000, 0x0000, 0x0000, 0x0000, 0x0000, 0x0000, 0x0000, 0x0000, 0x0000, 0x0000,
  0x0000, 0x0000, 0x0000, 0x0000, 0x0000, 0x0000, 0x0000, 0x0000, 0x0000, 0x0000, 0x0000, 0x0000,
  0x0000, 0x0000, 0x0000, 0x0000, 0x0000, 0x0000, 0x0000, 0x0000, 0x0000, 0x0000, 0x0000, 0x0000,
  0x0000, 0x0000, 0x0000, 0x0000, 0x0000, 0x0000, 0x0000, 0x0000, 0x0000, 0x0000, 0x0000, 0x0000,
  0x0000, 0x0000, 0x0000, 0x0000, 0x0000, 0x0000, 0x0000, 0x0000, 0x0000, 0x0000, 0x0000, 0x0000,
  0x0000, 0x0000, 0x0000, 0x0000, 0x0000, 0x0000, 0x0000, 0x0000, 0x0000, 0x0000, 0x0000, 0x0000,
  0x0000, 0x0000, 0x0000, 0x0000, 0x0000, 0x0000, 0x0000, 0x0000, 0x0000, 0x0000, 0x0000, 0x0000,
  0x0000, 0x0000, 0x0000, 0x0000, 0x0000, 0x0000, 0x0000, 0x0000, 0x0000, 0x0000, 0x0000, 0x0000,
  0x0000, 0x0000, 0x0000, 0x0000, 0x0000, 0x0000, 0x0000, 0x0000, 0x0000, 0x0000, 0x0000, 0x0000,
  0x0000, 0x0000, 0x0000, 0x0000, 0x0000, 0x0000, 0x0000, 0x0000, 0x0000, 0x0000, 0x0000, 0x0000,
  0x0000, 0x0000, 0x0000, 0x0000, 0x0000, 0x0000, 0x0000, 0x0000, 0x0000, 0x0000, 0x0000, 0x0000,
  0x0000, 0x0000, 0x0000, 0x0000, 0x0000, 0x0000, 0x0000, 0x0000, 0x0000, 0x0000, 0x0000, 0x0000,
  0x0000, 0x0000, 0x0000, 0x0000, 0x0000, 0x0000, 0x0000, 0x0000, 0x0000, 0x0000, 0x0000, 0x0000,
  0x0000, 0x0000, 0x0000, 0x0000, 0x0000, 0x0000, 0x0000, 0x0000, 0x0000, 0x0000, 0x0000, 0x0000,
  0x0000, 0x0000, 0x0000, 0x0000, 0x0000, 0x0000, 0x0000, 0x0000, 0x0000, 0x0000, 0x0000, 0x0000,
  0x0000, 0x0000, 0x0000, 0x0000, 0x0000, 0x0000, 0x0000, 0x0000, 0x0000, 0x0000, 0x0000, 0x0000,
  0x0000, 0x0000, 0x0000, 0x0000, 0x0000, 0x0000, 0x0000, 0x0000, 0x0000, 0x0000, 0x0000, 0x0000,
  0x0000, 0x0000, 0x0000, 0x0000, 0x0000, 0x0000, 0x0000, 0x0000, 0x0000, 0x0000, 0x0000, 0x0000,
  0x0000, 0x0000, 0x0000, 0x0000, 0x0000, 0x0000, 0x0000, 0x0000, 0x0000, 0x0000, 0x0000, 0x0000,
  0x0000, 0x0000, 0x0000, 0x0000, 0x0000, 0x0000, 0x0000, 0x0000, 0x0000, 0x0000, 0x0000, 0x0000,
  0x0000, 0x0000, 0x0000, 0x0000, 0x0000, 0x0000, 0x0000, 0x0000, 0x0000, 0x0000, 0x0000, 0x0000,
  0x0000, 0x0000, 0x0000, 0x0000, 0x0000, 0x0000, 0x0000, 0x0000, 0x0000, 0x0000, 0x0000, 0x0000,
  0x0000, 0x0000, 0x0000, 0x0000, 0x0000, 0x0000, 0x0000, 0x0000, 0x0000, 0x0000, 0x0000, 0x0000,
  0x0000, 0x0000, 0x0000, 0x0000, 0x0000, 0x0000, 0x0000, 0x0000, 0x0000, 0x0000, 0x0000, 0x0000,
  0x0000, 0x0000, 0x0000, 0x0000, 0x0000, 0x0000, 0x0000, 0x0000, 0x0000, 0x0000, 0x0000, 0x0000,
  0x0000, 0x0000, 0x0000, 0x0000, 0x0000, 0x0000, 0x0000, 0x0000, 0x0000, 0x0000, 0x0000, 0x0000,
  0x0000, 0x0000, 0x0000, 0x0000, 0x0000, 0x0000, 0x0000, 0x0000, 0x0000, 0x0000, 0x0000, 0x0000,
  0x0000, 0x0000, 0x0000, 0x0000, 0x0000, 0x0000, 0x0000, 0x0000, 0x0000, 0x0000, 0x0000, 0x0000,
  0x0000, 0x0000, 0x0000, 0x0000, 0x0000, 0x0000, 0x0000, 0x0000, 0x0000, 0x0000, 0x0000, 0x0000,
  0x0000, 0x0000, 0x0000, 0x0000, 0x0000, 0x0000, 0x0000, 0x0000, 0x0000, 0x0000, 0x0000, 0x0000,
  0x0000, 0x0000, 0x0000, 0x0000, 0x0000, 0x0000, 0x0000, 0x0000, 0x0000, 0x0000, 0x0000, 0x0000,
  0x0000, 0x0000, 0x0000, 0x0000, 0x0000, 0x0000, 0x0000, 0x0000, 0x0000, 0x0000, 0x0000, 0x0000,
  0x0000, 0x0000, 0x0000, 0x0000, 0x0000, 0x0000, 0x0000, 0x0000, 0x0000, 0x0000, 0x0000, 0x0000,
  0x0000, 0x0000, 0x0000, 0x0000, 0x0000, 0x0000, 0x0000, 0x0000, 0x0000, 0x0000, 0x0000, 0x0000,
  0x0000, 0x0000, 0x0000, 0x0000, 0x0000, 0x0000, 0x0000, 0x0000, 0x0000, 0x0000, 0x0000, 0x0000,
  0x0000, 0x0000, 0x0000, 0x0000, 0x0000, 0x0000, 0x0000, 0x0000, 0x0000, 0x0000, 0x0000, 0x0000,
  0x0000, 0x0000, 0x0000, 0x0000, 0x0000, 0x0000, 0x0000, 0x0000, 0x0000, 0x0000, 0x0000, 0x0000,
  0x0000, 0x0000, 0x0000, 0x0000, 0x0000, 0x0000, 0x0000, 0x0000, 0x0000, 0x0000, 0x0000, 0x0000,
  0x0000, 0x0000, 0x0000, 0x0000, 0x0000, 0x0000, 0x0000, 0x0000, 0x0000, 0x0000, 0x0000, 0x0000,
  0x0000, 0x0000, 0x0000, 0x0000, 0x0000, 0x0000, 0x0000, 0x0000, 0x0000, 0x0000, 0x0000, 0x0000,
  0x0000, 0x0000, 0x0000, 0x0000, 0x0000, 0x0000, 0x0000, 0x0000, 0x0000, 0x0000, 0x0000, 0x0000,
  0x0000, 0x0000, 0x0000, 0x0000, 0x0000, 0x0000, 0x0000, 0x0000, 0x0000, 0x0000, 0x0000, 0x0000,
  0x0000, 0x0000, 0x0000, 0x0000, 0x0000, 0x0000, 0x0000, 0x0000, 0x0000, 0x0000, 0x0000, 0x0000,
  0x0000, 0x0000, 0x0000, 0x0000, 0x0000, 0x0000, 0x0000, 0x0000, 0x0000, 0x0000, 0x0000, 0x0000,
  0x0000, 0x0000, 0x0000, 0x0000, 0x0000, 0x0000, 0x0000, 0x0000, 0x0000, 0x0000, 0x0000, 0x0000,
  0x0000, 0x0000, 0x0000, 0x0000, 0x0000, 0x0000, 0x0000, 0x0000, 0x0000, 0x0000, 0x0000, 0x0000,
  0x0000, 0x0000, 0x0000, 0x0000, 0x0000, 0x0000, 0x0000, 0x0000, 0x0000, 0x0000, 0x0000, 0x0000,
  0x0000, 0x0000, 0x0000, 0x0000, 0x0000, 0x0000, 0x0000, 0x0000, 0x0000, 0x0000, 0x0000, 0x0000,
  0x0000, 0x0000, 0x0000, 0x0000, 0x0000, 0x0000, 0x0000, 0x0000, 0x0000, 0x0000, 0x0000, 0x0000,
  0x0000, 0x0000, 0x0000, 0x0000, 0x0000, 0x0000, 0x0000, 0x0000, 0x0000, 0x0000, 0x0000, 0x0000,
  0x0000, 0x0000, 0x0000, 0x0000, 0x0000, 0x0000, 0x0000, 0x0000, 0x0000, 0x0000, 0x0000, 0x0000,
  0x0000, 0x0000, 0x0000, 0x0000, 0x0000, 0x0000, 0x0000, 0x0000, 0x0000, 0x0000, 0x0000, 0x0000,
  0x0000, 0x0000, 0x0000, 0x0000, 0x0000, 0x0000, 0x0000, 0x0000, 0x0000, 0x0000, 0x0000, 0x0000,
  0x0000, 0x0000, 0x0000, 0x0000, 0x0000, 0x0000, 0x0000, 0x0000, 0x0000, 0x0000, 0x0000, 0x0000,
  0x0000, 0x0000, 0x0000, 0x0000, 0x0000, 0x0000, 0x0000, 0x0000, 0x0000, 0x0000, 0x0000, 0x0000,
  0x0000, 0x0000, 0x0000, 0x0000, 0x0000, 0x0000, 0x0000, 0x0000, 0x0000, 0x0000, 0x0000, 0x0000,
  0x0000, 0x0000, 0x0000, 0x0000, 0x0000, 0x0000, 0x0000, 0x0000, 0x0000, 0x0000, 0x0000, 0x0000,
  0x0000, 0x0000, 0x0000, 0x0000, 0x0000, 0x0000, 0x0000, 0x0000, 0x0000, 0x0000, 0x0000, 0x0000,
  0x0000, 0x0000, 0x0000, 0x0000, 0x0000, 0x0000, 0x0000, 0x0000, 0x0000, 0x0000, 0x0000, 0x0000,
  0x0000, 0x0000, 0x0000, 0x0000, 0x0000, 0x0000, 0x0000, 0x0000, 0x0000, 0x0000, 0x0000, 0x0000,
  0x0000, 0x0000, 0x0000, 0x0000, 0x0000, 0x0000, 0x0000, 0x0000, 0x0000, 0x0000, 0x0000, 0x0000,
  0x0000, 0x0000, 0x0000, 0x0000, 0x0000, 0x0000, 0x0000, 0x0000, 0x0000, 0x0000, 0x0000, 0x0000,
  0x0000, 0x0000, 0x0000, 0x0000, 0x0000, 0x0000, 0x0000, 0x0000, 0x0000, 0x0000, 0x0000, 0x0000,
  0x0000, 0x0000, 0x0000, 0x0000, 0x0000, 0x0000, 0x0000, 0x0000, 0x0000, 0x0000, 0x0000, 0x0000,
  0x0000, 0x0000, 0x0000, 0x0000, 0x0000, 0x0000, 0x0000, 0x0000, 0x0000, 0x0000, 0x0000, 0x0000,
  0x0000, 0x0000, 0x0000, 0x0000, 0x0000, 0x0000, 0x0000, 0x0000, 0x0000, 0x0000, 0x0000, 0x0000,
  0x0000, 0x0000, 0x0000, 0x0000, 0x0000, 0x0000, 0x0000, 0x0000, 0x0000, 0x0000, 0x0000, 0x0000,
  0x0000, 0x0000, 0x0000, 0x0000, 0x0000, 0x0000, 0x0000, 0x0000, 0x0000, 0x0000, 0x0000, 0x0000,
  0x0000, 0x0000, 0x0000, 0x0000, 0x0000, 0x0000, 0x0000, 0x0000, 0x0000, 0x0000, 0x0000, 0x0000,
  0x0000, 0x0000, 0x0000, 0x0000, 0x0000, 0x0000, 0x0000, 0x0000, 0x0000, 0x0000, 0x0000, 0x0000,
  0x0000, 0x0000, 0x0000, 0x0000, 0x0000, 0x0000, 0x0000, 0x0000, 0x0000, 0x0000, 0x0000, 0x0000,
  0x0000, 0x0000, 0x0000, 0x0000, 0x0000, 0x0000, 0x0000, 0x0000, 0x0000, 0x0000, 0x0000, 0x0000,
  0x0000, 0x0000, 0x0000, 0x0000, 0x0000, 0x0000, 0x0000, 0x0000, 0x0000, 0x0000, 0x0000, 0x0000,
  0x0000, 0x0000, 0x0000, 0x0000, 0x0000, 0x0000, 0x0000, 0x0000, 0x0000, 0x0000, 0x0000, 0x0000,
  0x0000, 0x0000, 0x0000, 0x0000, 0x0000, 0x0000, 0x0000, 0x0000, 0x0000, 0x0000, 0x0000, 0x0000,
  0x0000, 0x0000, 0x0000, 0x0000, 0x0000, 0x0000, 0x0000, 0x0000, 0x0000, 0x0000, 0x0000, 0x0000,
  0x0000, 0x0000, 0x0000, 0x0000, 0x0000, 0x0000, 0x0000, 0x0000, 0x0000, 0x0000, 0x0000, 0x0000,
  0x0000, 0x0000, 0x0000, 0x0000, 0x0000, 0x0000, 0x0000, 0x0000, 0x0000, 0x0000, 0x0000, 0x0000,
  0x0000, 0x0000, 0x0000, 0x0000, 0x0000, 0x0000, 0x0000, 0x0000, 0x0000, 0x0000, 0x0000, 0x0000,
  0x0000, 0x0000, 0x0000, 0x0000, 0x0000, 0x0000, 0x0000, 0x0000, 0x0000, 0x0000, 0x0000, 0x0000,
  0x0000, 0x0000, 0x0000, 0x0000, 0x0000, 0x0000, 0x0000, 0x0000, 0x0000, 0x0000, 0x0000, 0x0000,
  0x0000, 0x0000, 0x0000, 0x0000, 0x0000, 0x0000, 0x0000, 0x0000, 0x0000, 0x0000, 0x0000, 0x0000,
  0x0000, 0x0000, 0x0000, 0x0000, 0x0000, 0x0000, 0x0000, 0x0000, 0x0000, 0x0000, 0x0000, 0x0000,
  0x0000, 0x0000, 0x0000, 0x0000, 0x0000, 0x0000, 0x0000, 0x0000, 0x0000, 0x0000, 0x0000, 0x0000,
  0x0000, 0x0000, 0x0000, 0x0000, 0x0000, 0x0000, 0x0000, 0x0000, 0x0000, 0x0000, 0x0000, 0x0000,
  0x0000, 0x0000, 0x0000, 0x0000, 0x0000, 0x0000, 0x0000, 0x0000, 0x0000, 0x0000, 0x0000, 0x0000,
  0x0000, 0x0000, 0x0000, 0x0000, 0x0000, 0x0000, 0x0000, 0x0000, 0x0000, 0x0000, 0x0000, 0x0000,
  0x0000, 0x0000, 0x0000, 0x0000, 0x0000, 0x0000, 0x0000, 0x0000, 0x0000, 0x0000, 0x0000, 0x0000,
  0x0000, 0x0000, 0x0000, 0x0000, 0x0000, 0x0000, 0x0000, 0x0000, 0x0000, 0x0000, 0x0000, 0x0000,
  0x0000, 0x0000, 0x0000, 0x0000, 0x0000, 0x0000, 0x0000, 0x0000, 0x0000, 0x0000, 0x0000, 0x0000,
  0x0000, 0x0000, 0x0000, 0x0000, 0x0000, 0x0000, 0x0000, 0x0000, 0x0000, 0x0000, 0x0000, 0x0000,
  0x0000, 0x0000, 0x0000, 0x0000, 0x0000, 0x0000, 0x0000, 0x0000, 0x0000, 0x0000, 0x0000, 0x0000,
  0x0000, 0x0000, 0x0000, 0x0000, 0x0000, 0x0000, 0x0000, 0x0000, 0x0000, 0x0000, 0x0000, 0x0000,
  0x0000, 0x0000, 0x0000, 0x0000, 0x0000, 0x0000, 0x0000, 0x0000, 0x0000, 0x0000, 0x0000, 0x0000,
  0x0000, 0x0000, 0x0000, 0x0000, 0x0000, 0x0000, 0x0000, 0x0000, 0x0000, 0x0000, 0x0000, 0x0000,
  0x0000, 0x0000, 0x0000, 0x0000, 0x0000, 0x0000, 0x0000, 0x0000, 0x0000, 0x0000, 0x0000, 0x0000,
  0x0000, 0x0000, 0x0000, 0x0000, 0x0000, 0x0000, 0x0000, 0x0000, 0x0000, 0x0000, 0x0000, 0x0000,
  0x0000, 0x0000, 0x0000, 0x0000, 0x0000, 0x0000, 0x0000, 0x0000, 0x0000, 0x0000, 0x0000, 0x0000,
  0x0000, 0x0000, 0x0000, 0x0000, 0x0000, 0x0000, 0x0000, 0x0000, 0x0000, 0x0000, 0x0000, 0x0000,
  0x0000, 0x0000, 0x0000, 0x0000, 0x0000, 0x0000, 0x0000, 0x0000, 0x0000, 0x0000, 0x0000, 0x0000,
  0x0000, 0x0000, 0x0000, 0x0000, 0x0000, 0x0000, 0x0000, 0x0000, 0x0000, 0x0000, 0x0000, 0x0000,
  0x0000, 0x0000, 0x0000, 0x0000, 0x0000, 0x0000, 0x0000, 0x0000, 0x0000, 0x0000, 0x0000, 0x0000,
  0x0000, 0x0000, 0x0000, 0x0000, 0x0000, 0x0000, 0x0000, 0x0000, 0x0000, 0x0000, 0x0000, 0x0000,
  0x0000, 0x0000, 0x0000, 0x0000, 0x0000, 0x0000, 0x0000, 0x0000, 0x0000, 0x0000, 0x0000, 0x0000,
  0x0000, 0x0000, 0x0000, 0x0000, 0x0000, 0x0000, 0x0000, 0x0000, 0x0000, 0x0000, 0x0000, 0x0000,
  0x0000, 0x0000, 0x0000, 0x0000, 0x0000, 0x0000, 0x0000, 0x0000, 0x0000, 0x0000, 0x0000, 0x0000,


};

#endif // WALLPAPER1_H
