

#define IMAGE_WIDTH 240
#define IMAGE_HEIGHT 240

const uint16_t image_time_to_stretch_data[IMAGE_WIDTH * IMAGE_HEIGHT] PROGMEM = {
  

  0x0000, 0x0000, 0x0000, 0x0000, 0x0000, 0x0000, 0x0000, 0x0000, 0x0000, 0x0000, 0x0000, 0x0000,
  0x0000, 0x0000, 0x0000, 0x0000, 0x0000, 0x0000, 0x0000, 0x0000, 0x0000, 0x0000, 0x0000, 0x0000,
  0x0000, 0x0000, 0x0000, 0x0000, 0x0000, 0x0000, 0x0000, 0x0000, 0x0000, 0x0000, 0x0000, 0x0000,
  0x0000, 0x0000, 0x0000, 0x0000, 0x0000, 0x0000, 0x0000, 0x0000, 0x0000, 0x0000, 0x0000, 0x0000,
  0x0000, 0x0000, 0x0000, 0x0000, 0x0000, 0x0000, 0x0000, 0x0000, 0x0000, 0x0000, 0x0000, 0x0000,
  0x0000, 0x0000, 0x0000, 0x0000, 0x0000, 0x0000, 0x0000, 0x0000, 0x0000, 0x0000, 0x0000, 0x0000,
  0x0000, 0x0000, 0x0000, 0x0000, 0x0000, 0x0000, 0x0000, 0x0000, 0x0000, 0x0000, 0x0000, 0x0000,
  0x0000, 0x0000, 0x0000, 0x0000, 0x0000, 0x0000, 0x0000, 0x0000, 0x0000, 0x0020, 0x0000, 0x0000,
  0x0000, 0x0000, 0x0000, 0x0000, 0x0000, 0x0862, 0x1126, 0x21EA, 0x2A8E, 0x3353, 0x3BD6, 0x3C59,
  0x449B, 0x44BC, 0x44BC, 0x449B, 0x3C5A, 0x3C39, 0x3C18, 0x3BF7, 0x3BD7, 0x3BD6, 0x3BD6, 0x3BD6,
  0x3BF7, 0x3BF7, 0x3BF7, 0x3BF7, 0x3C18, 0x3C39, 0x3C59, 0x3C7A, 0x44BB, 0x44BC, 0x44DC, 0x449B,
  0x3C38, 0x3BB5, 0x3B31, 0x326D, 0x21A9, 0x10E4, 0x0841, 0x0000, 0x0000, 0x0000, 0x0000, 0x0000,
  0x0000, 0x0000, 0x0000, 0x0000, 0x0000, 0x0000, 0x0000, 0x0000, 0x0000, 0x0000, 0x0000, 0x0000,
  0x0000, 0x0000, 0x0000, 0x0000, 0x0000, 0x0000, 0x0000, 0x0000, 0x0000, 0x0000, 0x0000, 0x0000,
  0x0000, 0x0000, 0x0000, 0x0000, 0x0000, 0x0000, 0x0000, 0x0000, 0x0000, 0x0000, 0x0000, 0x0000,
  0x0000, 0x0000, 0x0000, 0x0000, 0x0000, 0x0000, 0x0000, 0x0000, 0x0000, 0x0000, 0x0000, 0x0000,
  0x0000, 0x0000, 0x0000, 0x0000, 0x0000, 0x0000, 0x0000, 0x0000, 0x0000, 0x0000, 0x0000, 0x0000,
  0x0000, 0x0000, 0x0000, 0x0000, 0x0000, 0x0000, 0x0000, 0x0000, 0x0000, 0x0000, 0x0000, 0x0000,
  0x0000, 0x0000, 0x0000, 0x0000, 0x0000, 0x0000, 0x0000, 0x0000, 0x0000, 0x0000, 0x0000, 0x0000,
  0x0000, 0x0000, 0x0000, 0x0000, 0x0000, 0x0000, 0x0000, 0x0000, 0x0000, 0x0000, 0x0000, 0x0000,
  0x0000, 0x0000, 0x0000, 0x0000, 0x0000, 0x0000, 0x0000, 0x0000, 0x0000, 0x0000, 0x0000, 0x0000,
  0x0000, 0x0000, 0x0000, 0x0000, 0x0000, 0x0000, 0x0000, 0x0000, 0x0000, 0x0000, 0x0000, 0x0000,
  0x0000, 0x0000, 0x0000, 0x0000, 0x0000, 0x0000, 0x0000, 0x0000, 0x0000, 0x0000, 0x0000, 0x0000,
  0x0000, 0x0000, 0x0000, 0x0000, 0x0000, 0x0000, 0x0000, 0x0000, 0x0000, 0x0000, 0x0000, 0x0000,
  0x0000, 0x0000, 0x0000, 0x0000, 0x0000, 0x0000, 0x0000, 0x0000, 0x0000, 0x0000, 0x0000, 0x0000,
  0x0000, 0x0000, 0x0000, 0x0000, 0x0000, 0x0000, 0x0000, 0x0000, 0x0000, 0x0000, 0x0000, 0x0000,
  0x0000, 0x0000, 0x0000, 0x0000, 0x0000, 0x0000, 0x0000, 0x0000, 0x0000, 0x0000, 0x0000, 0x0000,
  0x0000, 0x0000, 0x0000, 0x0000, 0x0000, 0x0020, 0x0000, 0x0000, 0x0000, 0x0000, 0x0000, 0x0020,
  0x10E4, 0x21EA, 0x3AF0, 0x4C16, 0x4C99, 0x54FB, 0x54FC, 0x449A, 0x3C38, 0x33B5, 0x2B11, 0x226E,
  0x19EB, 0x1168, 0x1126, 0x08E5, 0x08A4, 0x0883, 0x0062, 0x0042, 0x0021, 0x0021, 0x0021, 0x0021,
  0x0021, 0x0021, 0x0021, 0x0041, 0x0042, 0x0062, 0x0883, 0x08C4, 0x08E5, 0x1127, 0x1189, 0x1A0C,
  0x22B0, 0x3353, 0x3BF7, 0x4C9A, 0x54DB, 0x5CFC, 0x54DB, 0x4C58, 0x3B73, 0x328D, 0x1967, 0x0882,
  0x0000, 0x0000, 0x0000, 0x0000, 0x0000, 0x0000, 0x0000, 0x0000, 0x0000, 0x0000, 0x0000, 0x0000,
  0x0000, 0x0000, 0x0000, 0x0000, 0x0000, 0x0000, 0x0000, 0x0000, 0x0000, 0x0000, 0x0000, 0x0000,
  0x0000, 0x0000, 0x0000, 0x0000, 0x0000, 0x0000, 0x0000, 0x0000, 0x0000, 0x0000, 0x0000, 0x0000,
  0x0000, 0x0000, 0x0000, 0x0000, 0x0000, 0x0000, 0x0000, 0x0000, 0x0000, 0x0000, 0x0000, 0x0000,
  0x0000, 0x0000, 0x0000, 0x0000, 0x0000, 0x0000, 0x0000, 0x0000, 0x0000, 0x0000, 0x0000, 0x0000,
  0x0000, 0x0000, 0x0000, 0x0000, 0x0000, 0x0000, 0x0000, 0x0000, 0x0000, 0x0000, 0x0000, 0x0000,
  0x0000, 0x0000, 0x0000, 0x0000, 0x0000, 0x0000, 0x0000, 0x0000, 0x0000, 0x0000, 0x0000, 0x0000,
  0x0000, 0x0000, 0x0000, 0x0000, 0x0000, 0x0000, 0x0000, 0x0000, 0x0000, 0x0000, 0x0000, 0x0000,
  0x0000, 0x0000, 0x0000, 0x0000, 0x0000, 0x0000, 0x0000, 0x0000, 0x0000, 0x0000, 0x0000, 0x0000,
  0x0000, 0x0000, 0x0000, 0x0000, 0x0000, 0x0000, 0x0000, 0x0000, 0x0000, 0x0000, 0x0000, 0x0000,
  0x0000, 0x0000, 0x0000, 0x0000, 0x0000, 0x0000, 0x0000, 0x0000, 0x0000, 0x0000, 0x0000, 0x0000,
  0x0000, 0x0000, 0x0000, 0x0000, 0x0000, 0x0000, 0x0000, 0x0000, 0x0000, 0x0000, 0x0000, 0x0000,
  0x0000, 0x0000, 0x0000, 0x0000, 0x0000, 0x0000, 0x0000, 0x0000, 0x0000, 0x0000, 0x0000, 0x0000,
  0x0000, 0x0000, 0x0000, 0x0000, 0x0000, 0x0000, 0x0000, 0x0000, 0x0000, 0x0000, 0x0000, 0x0000,
  0x0000, 0x0000, 0x0000, 0x0000, 0x0000, 0x0000, 0x0000, 0x0000, 0x0000, 0x0000, 0x0000, 0x0000,
  0x0000, 0x0000, 0x0000, 0x0000, 0x0000, 0x0000, 0x0000, 0x0862, 0x2188, 0x3ACF, 0x4C16, 0x5CFB,
  0x5D5D, 0x551C, 0x4C58, 0x3B73, 0x224D, 0x1168, 0x08C4, 0x0021, 0x0000, 0x0000, 0x0000, 0x0000,
  0x0000, 0x0000, 0x0000, 0x0000, 0x0000, 0x0001, 0x0001, 0x0001, 0x0001, 0x0021, 0x0021, 0x0021,
  0x0021, 0x0021, 0x0021, 0x0001, 0x0001, 0x0001, 0x0000, 0x0000, 0x0000, 0x0000, 0x0000, 0x0000,
  0x0000, 0x0000, 0x0000, 0x0000, 0x0042, 0x08E6, 0x11AA, 0x22AF, 0x3395, 0x447A, 0x4CFC, 0x551D,
  0x4CBA, 0x3B73, 0x220B, 0x10E5, 0x0020, 0x0000, 0x0000, 0x0000, 0x0000, 0x0000, 0x0000, 0x0000,
  0x0000, 0x0000, 0x0000, 0x0000, 0x0000, 0x0000, 0x0000, 0x0000, 0x0000, 0x0000, 0x0000, 0x0000,
  0x0000, 0x0000, 0x0000, 0x0000, 0x0000, 0x0000, 0x0000, 0x0000, 0x0000, 0x0000, 0x0000, 0x0000,
  0x0000, 0x0000, 0x0000, 0x0000, 0x0000, 0x0000, 0x0000, 0x0000, 0x0000, 0x0000, 0x0000, 0x0000,
  0x0000, 0x0000, 0x0000, 0x0000, 0x0000, 0x0000, 0x0000, 0x0000, 0x0000, 0x0000, 0x0000, 0x0000,
  0x0000, 0x0000, 0x0000, 0x0000, 0x0000, 0x0000, 0x0000, 0x0000, 0x0000, 0x0000, 0x0000, 0x0000,
  0x0000, 0x0000, 0x0000, 0x0000, 0x0000, 0x0000, 0x0000, 0x0000, 0x0000, 0x0000, 0x0000, 0x0000,
  0x0000, 0x0000, 0x0000, 0x0000, 0x0000, 0x0000, 0x0000, 0x0000, 0x0000, 0x0000, 0x0000, 0x0000,
  0x0000, 0x0000, 0x0000, 0x0000, 0x0000, 0x0000, 0x0000, 0x0000, 0x0000, 0x0000, 0x0000, 0x0000,
  0x0000, 0x0000, 0x0000, 0x0000, 0x0000, 0x0000, 0x0000, 0x0000, 0x0000, 0x0000, 0x0000, 0x0000,
  0x0000, 0x0000, 0x0000, 0x0000, 0x0000, 0x0000, 0x0000, 0x0000, 0x0000, 0x0000, 0x0000, 0x0000,
  0x0000, 0x0000, 0x0000, 0x0000, 0x0000, 0x0000, 0x0000, 0x0000, 0x0000, 0x0000, 0x0000, 0x0000,
  0x0000, 0x0000, 0x0000, 0x0000, 0x0000, 0x0000, 0x0000, 0x0000, 0x0000, 0x0000, 0x0000, 0x0000,
  0x0000, 0x0000, 0x0000, 0x0000, 0x0000, 0x0000, 0x0000, 0x0000, 0x0000, 0x0000, 0x0000, 0x0000,
  0x0000, 0x0000, 0x0000, 0x0000, 0x0000, 0x0000, 0x0000, 0x0000, 0x0000, 0x0000, 0x0000, 0x0000,
  0x0000, 0x0000, 0x0000, 0x0841, 0x1967, 0x32CF, 0x4437, 0x551C, 0x551C, 0x4C78, 0x3352, 0x1A0B,
  0x08E6, 0x0042, 0x0000, 0x0000, 0x0000, 0x0000, 0x0000, 0x0001, 0x0021, 0x0021, 0x0022, 0x0022,
  0x0021, 0x0021, 0x0021, 0x0021, 0x0021, 0x0021, 0x0021, 0x0021, 0x0021, 0x0021, 0x0021, 0x0021,
  0x0021, 0x0021, 0x0021, 0x0021, 0x0021, 0x0021, 0x0021, 0x0021, 0x0021, 0x0021, 0x0021, 0x0021,
  0x0022, 0x0022, 0x0021, 0x0021, 0x0001, 0x0000, 0x0000, 0x0000, 0x0000, 0x0000, 0x0083, 0x1169,
  0x2AAF, 0x33B5, 0x449B, 0x551D, 0x5CBA, 0x43B5, 0x2A2B, 0x08A3, 0x0000, 0x0000, 0x0000, 0x0000,
  0x0000, 0x0000, 0x0000, 0x0000, 0x0000, 0x0000, 0x0000, 0x0000, 0x0000, 0x0000, 0x0000, 0x0000,
  0x0000, 0x0000, 0x0000, 0x0000, 0x0000, 0x0000, 0x0000, 0x0000, 0x0000, 0x0000, 0x0000, 0x0000,
  0x0000, 0x0000, 0x0000, 0x0000, 0x0000, 0x0000, 0x0000, 0x0000, 0x0000, 0x0000, 0x0000, 0x0000,
  0x0000, 0x0000, 0x0000, 0x0000, 0x0000, 0x0000, 0x0000, 0x0000, 0x0000, 0x0000, 0x0000, 0x0000,
  0x0000, 0x0000, 0x0000, 0x0000, 0x0000, 0x0000, 0x0000, 0x0000, 0x0000, 0x0000, 0x0000, 0x0000,
  0x0000, 0x0000, 0x0000, 0x0000, 0x0000, 0x0000, 0x0000, 0x0000, 0x0000, 0x0000, 0x0000, 0x0000,
  0x0000, 0x0000, 0x0000, 0x0000, 0x0000, 0x0000, 0x0000, 0x0000, 0x0000, 0x0000, 0x0000, 0x0000,
  0x0000, 0x0000, 0x0000, 0x0000, 0x0000, 0x0000, 0x0000, 0x0000, 0x0000, 0x0000, 0x0000, 0x0000,
  0x0000, 0x0000, 0x0000, 0x0000, 0x0000, 0x0000, 0x0000, 0x0000, 0x0000, 0x0000, 0x0000, 0x0000,
  0x0000, 0x0000, 0x0000, 0x0000, 0x0000, 0x0000, 0x0000, 0x0000, 0x0000, 0x0000, 0x0000, 0x0000,
  0x0000, 0x0000, 0x0000, 0x0000, 0x0000, 0x0000, 0x0000, 0x0000, 0x0000, 0x0000, 0x0000, 0x0000,
  0x0000, 0x0000, 0x0000, 0x0000, 0x0000, 0x0000, 0x0000, 0x0000, 0x0000, 0x0000, 0x0000, 0x0000,
  0x0000, 0x0000, 0x0000, 0x0000, 0x0000, 0x0000, 0x0000, 0x0000, 0x0000, 0x0000, 0x0000, 0x0000,
  0x0000, 0x0000, 0x0000, 0x0000, 0x0000, 0x0000, 0x0000, 0x0000, 0x0000, 0x0000, 0x0000, 0x0000,
  0x08A3, 0x222C, 0x43D5, 0x54FB, 0x551D, 0x4438, 0x2AF1, 0x1189, 0x0083, 0x0000, 0x0000, 0x0000,
  0x0000, 0x0001, 0x0021, 0x0022, 0x0022, 0x0021, 0x0021, 0x0021, 0x0021, 0x0021, 0x0021, 0x0021,
  0x0021, 0x0021, 0x0021, 0x0021, 0x0021, 0x0021, 0x0021, 0x0021, 0x0021, 0x0021, 0x0021, 0x0021,
  0x0021, 0x0021, 0x0021, 0x0021, 0x0021, 0x0021, 0x0021, 0x0021, 0x0021, 0x0021, 0x0021, 0x0021,
  0x0021, 0x0021, 0x0021, 0x0021, 0x0021, 0x0021, 0x0021, 0x0022, 0x0022, 0x0021, 0x0001, 0x0000,
  0x0000, 0x0000, 0x10C8, 0x4B59, 0x53F8, 0x43D6, 0x4CDB, 0x553D, 0x4C78, 0x2A8E, 0x1105, 0x0000,
  0x0000, 0x0000, 0x0000, 0x0000, 0x0000, 0x0000, 0x0000, 0x0000, 0x0000, 0x0000, 0x0000, 0x0000,
  0x0000, 0x0000, 0x0000, 0x0000, 0x0000, 0x0000, 0x0000, 0x0000, 0x0000, 0x0000, 0x0000, 0x0000,
  0x0000, 0x0000, 0x0000, 0x0000, 0x0000, 0x0000, 0x0000, 0x0000, 0x0000, 0x0000, 0x0000, 0x0000,
  0x0000, 0x0000, 0x0000, 0x0000, 0x0000, 0x0000, 0x0000, 0x0000, 0x0000, 0x0000, 0x0000, 0x0000,
  0x0000, 0x0000, 0x0000, 0x0000, 0x0000, 0x0000, 0x0000, 0x0000, 0x0000, 0x0000, 0x0000, 0x0000,
  0x0000, 0x0000, 0x0000, 0x0000, 0x0000, 0x0000, 0x0000, 0x0000, 0x0000, 0x0000, 0x0000, 0x0000,
  0x0000, 0x0000, 0x0000, 0x0000, 0x0000, 0x0000, 0x0000, 0x0000, 0x0000, 0x0000, 0x0000, 0x0000,
  0x0000, 0x0000, 0x0000, 0x0000, 0x0000, 0x0000, 0x0000, 0x0000, 0x0000, 0x0000, 0x0000, 0x0000,
  0x0000, 0x0000, 0x0000, 0x0000, 0x0000, 0x0000, 0x0000, 0x0000, 0x0000, 0x0000, 0x0000, 0x0000,
  0x0000, 0x0000, 0x0000, 0x0000, 0x0000, 0x0000, 0x0000, 0x0000, 0x0000, 0x0000, 0x0000, 0x0000,
  0x0000, 0x0000, 0x0000, 0x0000, 0x0000, 0x0000, 0x0000, 0x0000, 0x0000, 0x0000, 0x0000, 0x0000,
  0x0000, 0x0000, 0x0000, 0x0000, 0x0000, 0x0000, 0x0000, 0x0000, 0x0000, 0x0000, 0x0000, 0x0000,
  0x0000, 0x0000, 0x0000, 0x0000, 0x0000, 0x0000, 0x0000, 0x0000, 0x0000, 0x0000, 0x0000, 0x0000,
  0x0000, 0x0000, 0x0000, 0x0000, 0x0000, 0x0000, 0x0000, 0x0000, 0x0000, 0x10C4, 0x328D, 0x4C58,
  0x4D1D, 0x44BB, 0x3394, 0x19EB, 0x0083, 0x0000, 0x0000, 0x0000, 0x0000, 0x0021, 0x0021, 0x0021,
  0x0021, 0x0021, 0x0021, 0x0021, 0x0021, 0x0021, 0x0021, 0x0021, 0x0021, 0x0021, 0x0021, 0x0021,
  0x0021, 0x0021, 0x0021, 0x0021, 0x0021, 0x0021, 0x0021, 0x0021, 0x0021, 0x0021, 0x0021, 0x0021,
  0x0021, 0x0021, 0x0021, 0x0021, 0x0021, 0x0021, 0x0021, 0x0021, 0x0021, 0x0021, 0x0021, 0x0021,
  0x0021, 0x0021, 0x0021, 0x0021, 0x0021, 0x0021, 0x0021, 0x0021, 0x0021, 0x0021, 0x0021, 0x0043,
  0x08A6, 0x08A6, 0x214C, 0x31CF, 0x0001, 0x0000, 0x0022, 0x08E6, 0x2AD0, 0x5CFE, 0x657F, 0x549A,
  0x32F0, 0x1947, 0x0020, 0x0000, 0x0000, 0x0000, 0x0000, 0x0000, 0x0000, 0x0000, 0x0000, 0x0000,
  0x0000, 0x0000, 0x0000, 0x0000, 0x0000, 0x0000, 0x0000, 0x0000, 0x0000, 0x0000, 0x0000, 0x0000,
  0x0000, 0x0000, 0x0000, 0x0000, 0x0000, 0x0000, 0x0000, 0x0000, 0x0000, 0x0000, 0x0000, 0x0000,
  0x0000, 0x0000, 0x0000, 0x0000, 0x0000, 0x0000, 0x0000, 0x0000, 0x0000, 0x0000, 0x0000, 0x0000,
  0x0000, 0x0000, 0x0000, 0x0000, 0x0000, 0x0000, 0x0000, 0x0000, 0x0000, 0x0000, 0x0000, 0x0000,
  0x0000, 0x0000, 0x0000, 0x0000, 0x0000, 0x0000, 0x0000, 0x0000, 0x0000, 0x0000, 0x0000, 0x0000,
  0x0000, 0x0000, 0x0000, 0x0000, 0x0000, 0x0000, 0x0000, 0x0000, 0x0000, 0x0000, 0x0000, 0x0000,
  0x0000, 0x0000, 0x0000, 0x0000, 0x0000, 0x0000, 0x0000, 0x0000, 0x0000, 0x0000, 0x0000, 0x0000,
  0x0000, 0x0000, 0x0000, 0x0000, 0x0000, 0x0000, 0x0000, 0x0000, 0x0000, 0x0000, 0x0000, 0x0000,
  0x0000, 0x0000, 0x0000, 0x0000, 0x0000, 0x0000, 0x0000, 0x0000, 0x0000, 0x0000, 0x0000, 0x0000,
  0x0000, 0x0000, 0x0000, 0x0000, 0x0000, 0x0000, 0x0000, 0x0000, 0x0000, 0x0000, 0x0000, 0x0000,
  0x0000, 0x0000, 0x0000, 0x0000, 0x0000, 0x0000, 0x0000, 0x0000, 0x0000, 0x0000, 0x0000, 0x0000,
  0x0000, 0x0000, 0x0000, 0x0000, 0x0000, 0x0000, 0x0000, 0x0000, 0x0000, 0x0000, 0x0000, 0x0000,
  0x0000, 0x0000, 0x0000, 0x0000, 0x0000, 0x0000, 0x0882, 0x2A4C, 0x4417, 0x551C, 0x449A, 0x2B11,
  0x1148, 0x0022, 0x0000, 0x0000, 0x0000, 0x0021, 0x0021, 0x0021, 0x0021, 0x0021, 0x0021, 0x0021,
  0x0021, 0x0021, 0x0021, 0x0021, 0x0021, 0x0021, 0x0021, 0x0021, 0x0021, 0x0021, 0x0021, 0x0021,
  0x0021, 0x0021, 0x0021, 0x0021, 0x0021, 0x0021, 0x0021, 0x0021, 0x0021, 0x0021, 0x0021, 0x0021,
  0x0021, 0x0021, 0x0021, 0x0021, 0x0021, 0x0021, 0x0021, 0x0021, 0x0021, 0x0021, 0x0021, 0x0021,
  0x0021, 0x0021, 0x0021, 0x0021, 0x0021, 0x0021, 0x0021, 0x0021, 0x0021, 0x0021, 0x0022, 0x0865,
  0x0043, 0x0021, 0x0885, 0x0021, 0x0000, 0x0000, 0x0864, 0x2989, 0x5290, 0x6BB7, 0x4B11, 0x328F,
  0x755E, 0x6D9E, 0x64FA, 0x4310, 0x1926, 0x0000, 0x0000, 0x0000, 0x0000, 0x0000, 0x0000, 0x0000,
  0x0000, 0x0000, 0x0000, 0x0000, 0x0000, 0x0000, 0x0000, 0x0000, 0x0000, 0x0000, 0x0000, 0x0000,
  0x0000, 0x0000, 0x0000, 0x0000, 0x0000, 0x0000, 0x0000, 0x0000, 0x0000, 0x0000, 0x0000, 0x0000,
  0x0000, 0x0000, 0x0000, 0x0000, 0x0000, 0x0000, 0x0000, 0x0000, 0x0000, 0x0000, 0x0000, 0x0000,
  0x0000, 0x0000, 0x0000, 0x0000, 0x0000, 0x0000, 0x0000, 0x0000, 0x0000, 0x0000, 0x0000, 0x0000,
  0x0000, 0x0000, 0x0000, 0x0000, 0x0000, 0x0000, 0x0000, 0x0000, 0x0000, 0x0000, 0x0000, 0x0000,
  0x0000, 0x0000, 0x0000, 0x0000, 0x0000, 0x0000, 0x0000, 0x0000, 0x0000, 0x0000, 0x0000, 0x0000,
  0x0000, 0x0000, 0x0000, 0x0000, 0x0000, 0x0000, 0x0000, 0x0000, 0x0000, 0x0000, 0x0000, 0x0000,
  0x0000, 0x0000, 0x0000, 0x0000, 0x0000, 0x0000, 0x0000, 0x0000, 0x0000, 0x0000, 0x0000, 0x0000,
  0x0000, 0x0000, 0x0000, 0x0000, 0x0000, 0x0000, 0x0000, 0x0000, 0x0000, 0x0000, 0x0000, 0x0000,
  0x0000, 0x0000, 0x0000, 0x0000, 0x0000, 0x0000, 0x0000, 0x0000, 0x0000, 0x0000, 0x0000, 0x0000,
  0x0000, 0x0000, 0x0000, 0x0000, 0x0000, 0x0000, 0x0000, 0x0000, 0x0000, 0x0000, 0x0000, 0x0000,
  0x0000, 0x0000, 0x0000, 0x0000, 0x0000, 0x0000, 0x0000, 0x0000, 0x0000, 0x0000, 0x0000, 0x0000,
  0x0000, 0x0000, 0x0000, 0x0000, 0x1988, 0x43B4, 0x553D, 0x4CBB, 0x2B12, 0x1147, 0x0000, 0x0000,
  0x0000, 0x0001, 0x0021, 0x0021, 0x0021, 0x0021, 0x0021, 0x0021, 0x0021, 0x0021, 0x0021, 0x0021,
  0x0021, 0x0021, 0x0021, 0x0021, 0x0021, 0x0021, 0x0021, 0x0021, 0x0021, 0x0021, 0x0021, 0x0021,
  0x0021, 0x0021, 0x0021, 0x0021, 0x0021, 0x0021, 0x0021, 0x0021, 0x0021, 0x0021, 0x0021, 0x0021,
  0x0021, 0x0021, 0x0021, 0x0021, 0x0021, 0x0021, 0x0021, 0x0021, 0x0021, 0x0021, 0x0021, 0x0021,
  0x0021, 0x0021, 0x0021, 0x0021, 0x0021, 0x0021, 0x0021, 0x0021, 0x0021, 0x0021, 0x0022, 0x0021,
  0x0021, 0x0021, 0x0000, 0x0022, 0x18E5, 0x39EB, 0x424D, 0x31C9, 0x1928, 0x0065, 0x0883, 0x6B53,
  0x9499, 0x94FA, 0x855D, 0x6D7F, 0x6D7D, 0x5457, 0x2A4C, 0x0882, 0x0000, 0x0000, 0x0000, 0x0000,
  0x0000, 0x0000, 0x0000, 0x0000, 0x0000, 0x0000, 0x0000, 0x0000, 0x0000, 0x0000, 0x0000, 0x0000,
  0x0000, 0x0000, 0x0000, 0x0000, 0x0000, 0x0000, 0x0000, 0x0000, 0x0000, 0x0000, 0x0000, 0x0000,
  0x0000, 0x0000, 0x0000, 0x0000, 0x0000, 0x0000, 0x0000, 0x0000, 0x0000, 0x0000, 0x0000, 0x0000,
  0x0000, 0x0000, 0x0000, 0x0000, 0x0000, 0x0000, 0x0000, 0x0000, 0x0000, 0x0000, 0x0000, 0x0000,
  0x0000, 0x0000, 0x0000, 0x0000, 0x0000, 0x0000, 0x0000, 0x0000, 0x0000, 0x0000, 0x0000, 0x0000,
  0x0000, 0x0000, 0x0000, 0x0000, 0x0000, 0x0000, 0x0000, 0x0000, 0x0000, 0x0000, 0x0000, 0x0000,
  0x0000, 0x0000, 0x0000, 0x0000, 0x0000, 0x0000, 0x0000, 0x0000, 0x0000, 0x0000, 0x0000, 0x0000,
  0x0000, 0x0000, 0x0000, 0x0000, 0x0000, 0x0000, 0x0000, 0x0000, 0x0000, 0x0000, 0x0000, 0x0000,
  0x0000, 0x0000, 0x0000, 0x0000, 0x0000, 0x0000, 0x0000, 0x0000, 0x0000, 0x0000, 0x0000, 0x0000,
  0x0000, 0x0000, 0x0000, 0x0000, 0x0000, 0x0000, 0x0000, 0x0000, 0x0000, 0x0000, 0x0000, 0x0000,
  0x0000, 0x0000, 0x0000, 0x0000, 0x0000, 0x0000, 0x0000, 0x0000, 0x0000, 0x0000, 0x0000, 0x0000,
  0x0000, 0x0000, 0x0000, 0x0000, 0x0000, 0x0000, 0x0000, 0x0000, 0x0000, 0x0000, 0x0000, 0x0000,
  0x0000, 0x0882, 0x32AE, 0x54DA, 0x555E, 0x3BD6, 0x11AA, 0x0021, 0x0000, 0x0000, 0x0021, 0x0022,
  0x0021, 0x0021, 0x0021, 0x0021, 0x0021, 0x0021, 0x0021, 0x0021, 0x0021, 0x0021, 0x0021, 0x0021,
  0x0021, 0x0021, 0x0021, 0x0021, 0x0021, 0x0021, 0x0021, 0x0021, 0x0021, 0x0021, 0x0021, 0x0021,
  0x0021, 0x0021, 0x0021, 0x0021, 0x0021, 0x0021, 0x0021, 0x0021, 0x0021, 0x0021, 0x0021, 0x0021,
  0x0021, 0x0021, 0x0021, 0x0021, 0x0021, 0x0021, 0x0021, 0x0021, 0x0021, 0x0021, 0x0021, 0x0021,
  0x0021, 0x0021, 0x0021, 0x0021, 0x0021, 0x0021, 0x0021, 0x0021, 0x0021, 0x0021, 0x0021, 0x0001,
  0x0000, 0x0041, 0x2127, 0x31CA, 0x31A9, 0x10C5, 0x0001, 0x0001, 0x08A7, 0x216A, 0x73F7, 0x8C7A,
  0x94B9, 0xA53B, 0xA51A, 0x6B94, 0x320C, 0x7D5D, 0x759F, 0x653C, 0x4B93, 0x1946, 0x0000, 0x0000,
  0x0000, 0x0000, 0x0000, 0x0000, 0x0000, 0x0000, 0x0000, 0x0000, 0x0000, 0x0000, 0x0000, 0x0000,
  0x0000, 0x0000, 0x0000, 0x0000, 0x0000, 0x0000, 0x0000, 0x0000, 0x0000, 0x0000, 0x0000, 0x0000,
  0x0000, 0x0000, 0x0000, 0x0000, 0x0000, 0x0000, 0x0000, 0x0000, 0x0000, 0x0000, 0x0000, 0x0000,
  0x0000, 0x0000, 0x0000, 0x0000, 0x0000, 0x0000, 0x0000, 0x0000, 0x0000, 0x0000, 0x0000, 0x0000,
  0x0000, 0x0000, 0x0000, 0x0000, 0x0000, 0x0000, 0x0000, 0x0000, 0x0000, 0x0000, 0x0000, 0x0000,
  0x0000, 0x0000, 0x0000, 0x0000, 0x0000, 0x0000, 0x0000, 0x0000, 0x0000, 0x0000, 0x0000, 0x0000,
  0x0000, 0x0000, 0x0000, 0x0000, 0x0000, 0x0000, 0x0000, 0x0000, 0x0000, 0x0000, 0x0000, 0x0000,
  0x0000, 0x0000, 0x0000, 0x0000, 0x0000, 0x0000, 0x0000, 0x0000, 0x0000, 0x0000, 0x0000, 0x0000,
  0x0000, 0x0000, 0x0000, 0x0000, 0x0000, 0x0000, 0x0000, 0x0000, 0x0000, 0x0000, 0x0000, 0x0000,
  0x0000, 0x0000, 0x0000, 0x0000, 0x0000, 0x0000, 0x0000, 0x0000, 0x0000, 0x0000, 0x0000, 0x0000,
  0x0000, 0x0000, 0x0000, 0x0000, 0x0000, 0x0000, 0x0000, 0x0000, 0x0000, 0x0000, 0x0000, 0x0000,
  0x0000, 0x0000, 0x0000, 0x0000, 0x0000, 0x0000, 0x0000, 0x0000, 0x0000, 0x0000, 0x0000, 0x1926,
  0x4393, 0x5D3D, 0x4CDB, 0x2AAF, 0x08A4, 0x0000, 0x0000, 0x0001, 0x0021, 0x0021, 0x0021, 0x0021,
  0x0021, 0x0021, 0x0021, 0x0021, 0x0021, 0x0021, 0x0021, 0x0021, 0x0021, 0x0021, 0x0021, 0x0021,
  0x0021, 0x0021, 0x0021, 0x0021, 0x0021, 0x0021, 0x0021, 0x0021, 0x0021, 0x0021, 0x0021, 0x0021,
  0x0021, 0x0021, 0x0021, 0x0021, 0x0021, 0x0021, 0x0021, 0x0021, 0x0021, 0x0021, 0x0021, 0x0021,
  0x0021, 0x0021, 0x0021, 0x0021, 0x0021, 0x0021, 0x0021, 0x0021, 0x0021, 0x0021, 0x0021, 0x0021,
  0x0021, 0x0021, 0x0022, 0x0022, 0x0021, 0x0021, 0x0021, 0x0021, 0x0021, 0x0021, 0x0000, 0x0042,
  0x2967, 0x31A9, 0x2106, 0x0042, 0x0000, 0x0001, 0x0021, 0x0043, 0x298D, 0x73F9, 0x8459, 0x949A,
  0x94BB, 0x94DA, 0x9D1A, 0x94B9, 0x8416, 0xA51A, 0xB57B, 0x957C, 0x6D3D, 0x6DBF, 0x5478, 0x2A0A,
  0x0000, 0x0000, 0x0000, 0x0000, 0x0000, 0x0000, 0x0000, 0x0000, 0x0000, 0x0000, 0x0000, 0x0000,
  0x0000, 0x0000, 0x0000, 0x0000, 0x0000, 0x0000, 0x0000, 0x0000, 0x0000, 0x0000, 0x0000, 0x0000,
  0x0000, 0x0000, 0x0000, 0x0000, 0x0000, 0x0000, 0x0000, 0x0000, 0x0000, 0x0000, 0x0000, 0x0000,
  0x0000, 0x0000, 0x0000, 0x0000, 0x0000, 0x0000, 0x0000, 0x0000, 0x0000, 0x0000, 0x0000, 0x0000,
  0x0000, 0x0000, 0x0000, 0x0000, 0x0000, 0x0000, 0x0000, 0x0000, 0x0000, 0x0000, 0x0000, 0x0000,
  0x0000, 0x0000, 0x0000, 0x0000, 0x0000, 0x0000, 0x0000, 0x0000, 0x0000, 0x0000, 0x0000, 0x0000,
  0x0000, 0x0000, 0x0000, 0x0000, 0x0000, 0x0000, 0x0000, 0x0000, 0x0000, 0x0000, 0x0000, 0x0000,
  0x0000, 0x0000, 0x0000, 0x0000, 0x0000, 0x0000, 0x0000, 0x0000, 0x0000, 0x0000, 0x0000, 0x0000,
  0x0000, 0x0000, 0x0000, 0x0000, 0x0000, 0x0000, 0x0000, 0x0000, 0x0000, 0x0000, 0x0000, 0x0000,
  0x0000, 0x0000, 0x0000, 0x0000, 0x0000, 0x0000, 0x0000, 0x0000, 0x0000, 0x0000, 0x0000, 0x0000,
  0x0000, 0x0000, 0x0000, 0x0000, 0x0000, 0x0000, 0x0000, 0x0000, 0x0000, 0x0000, 0x0000, 0x0000,
  0x0000, 0x0000, 0x0000, 0x0000, 0x0000, 0x0000, 0x0000, 0x0000, 0x0000, 0x1988, 0x4C37, 0x5D7E,
  0x4437, 0x19CA, 0x0021, 0x0000, 0x0000, 0x0021, 0x0021, 0x0021, 0x0021, 0x0021, 0x0021, 0x0021,
  0x0021, 0x0021, 0x0021, 0x0021, 0x0021, 0x0021, 0x0021, 0x0021, 0x0021, 0x0021, 0x0021, 0x0021,
  0x0021, 0x0021, 0x0021, 0x0021, 0x0021, 0x0021, 0x0021, 0x0021, 0x0021, 0x0021, 0x0021, 0x0021,
  0x0021, 0x0021, 0x0021, 0x0021, 0x0021, 0x0021, 0x0021, 0x0021, 0x0021, 0x0021, 0x0021, 0x0021,
  0x0021, 0x0021, 0x0021, 0x0021, 0x0021, 0x0021, 0x0021, 0x0021, 0x0021, 0x0022, 0x0021, 0x0021,
  0x0000, 0x0000, 0x0000, 0x0000, 0x0000, 0x0001, 0x0021, 0x0021, 0x0001, 0x0000, 0x2147, 0x39EB,
  0x2106, 0x0021, 0x0000, 0x0001, 0x0021, 0x0021, 0x0000, 0x1084, 0x5314, 0x6BB6, 0x8C78, 0x94DB,
  0x7C19, 0x8C79, 0x8C99, 0x9D3C, 0xA55C, 0xA53B, 0xAD7B, 0x9CF9, 0x73F9, 0x324F, 0x3311, 0x6D9E,
  0x64FA, 0x2A6D, 0x0841, 0x0000, 0x0000, 0x0000, 0x0000, 0x0000, 0x0000, 0x0000, 0x0000, 0x0000,
  0x0000, 0x0000, 0x0000, 0x0000, 0x0000, 0x0000, 0x0000, 0x0000, 0x0000, 0x0000, 0x0000, 0x0000,
  0x0000, 0x0000, 0x0000, 0x0000, 0x0000, 0x0000, 0x0000, 0x0000, 0x0000, 0x0000, 0x0000, 0x0000,
  0x0000, 0x0000, 0x0000, 0x0000, 0x0000, 0x0000, 0x0000, 0x0000, 0x0000, 0x0000, 0x0000, 0x0000,
  0x0000, 0x0000, 0x0000, 0x0000, 0x0000, 0x0000, 0x0000, 0x0000, 0x0000, 0x0000, 0x0000, 0x0000,
  0x0000, 0x0000, 0x0000, 0x0000, 0x0000, 0x0000, 0x0000, 0x0000, 0x0000, 0x0000, 0x0000, 0x0000,
  0x0000, 0x0000, 0x0000, 0x0000, 0x0000, 0x0000, 0x0000, 0x0000, 0x0000, 0x0000, 0x0000, 0x0000,
  0x0000, 0x0000, 0x0000, 0x0000, 0x0000, 0x0000, 0x0000, 0x0000, 0x0000, 0x0000, 0x0000, 0x0000,
  0x0000, 0x0000, 0x0000, 0x0000, 0x0000, 0x0000, 0x0000, 0x0000, 0x0000, 0x0000, 0x0000, 0x0000,
  0x0000, 0x0000, 0x0000, 0x0000, 0x0000, 0x0000, 0x0000, 0x0000, 0x0000, 0x0000, 0x0000, 0x0000,
  0x0000, 0x0000, 0x0000, 0x0000, 0x0000, 0x0000, 0x0000, 0x0000, 0x0000, 0x0000, 0x0000, 0x0000,
  0x0000, 0x0000, 0x0000, 0x0000, 0x0000, 0x0000, 0x0000, 0x21CA, 0x4C99, 0x553E, 0x3394, 0x1127,
  0x0000, 0x0000, 0x0021, 0x0022, 0x0021, 0x0021, 0x0021, 0x0021, 0x0021, 0x0021, 0x0021, 0x0021,
  0x0021, 0x0021, 0x0021, 0x0021, 0x0021, 0x0021, 0x0021, 0x0021, 0x0021, 0x0021, 0x0021, 0x0021,
  0x0021, 0x0021, 0x0021, 0x0021, 0x0021, 0x0021, 0x0021, 0x0021, 0x0021, 0x0021, 0x0021, 0x0021,
  0x0021, 0x0021, 0x0021, 0x0021, 0x0021, 0x0021, 0x0021, 0x0021, 0x0021, 0x0021, 0x0021, 0x0021,
  0x0021, 0x0021, 0x0021, 0x0021, 0x0021, 0x0021, 0x0021, 0x0022, 0x0001, 0x0000, 0x0000, 0x0842,
  0x18E5, 0x2968, 0x39CA, 0x39EB, 0x2988, 0x10A4, 0x0021, 0x0000, 0x0862, 0x3A0B, 0x2968, 0x0021,
  0x0000, 0x0021, 0x0021, 0x0021, 0x0021, 0x0021, 0x0021, 0x4291, 0x6B96, 0x6B74, 0x73D7, 0x5B35,
  0x5B33, 0x73F7, 0x8C7A, 0x8CBD, 0x94FA, 0x9D1A, 0xA55B, 0x94BB, 0x6355, 0x0001, 0x0000, 0x21AC,
  0x4354, 0x4CBA, 0x54FC, 0x2AAF, 0x0862, 0x0000, 0x0000, 0x0000, 0x0000, 0x0000, 0x0000, 0x0000,
  0x0000, 0x0000, 0x0000, 0x0000, 0x0000, 0x0000, 0x0000, 0x0000, 0x0000, 0x0000, 0x0000, 0x0000,
  0x0000, 0x0000, 0x0000, 0x0000, 0x0000, 0x0000, 0x0000, 0x0000, 0x0000, 0x0000, 0x0000, 0x0000,
  0x0000, 0x0000, 0x0000, 0x0000, 0x0000, 0x0000, 0x0000, 0x0000, 0x0000, 0x0000, 0x0000, 0x0000,
  0x0000, 0x0000, 0x0000, 0x0000, 0x0000, 0x0000, 0x0000, 0x0000, 0x0000, 0x0000, 0x0000, 0x0000,
  0x0000, 0x0000, 0x0000, 0x0000, 0x0000, 0x0000, 0x0000, 0x0000, 0x0000, 0x0000, 0x0000, 0x0000,
  0x0000, 0x0000, 0x0000, 0x0000, 0x0000, 0x0000, 0x0000, 0x0000, 0x0000, 0x0000, 0x0000, 0x0000,
  0x0000, 0x0000, 0x0000, 0x0000, 0x0000, 0x0000, 0x0000, 0x0000, 0x0000, 0x0000, 0x0000, 0x0000,
  0x0000, 0x0000, 0x0000, 0x0000, 0x0000, 0x0000, 0x0000, 0x0000, 0x0000, 0x0000, 0x0000, 0x0000,
  0x0000, 0x0000, 0x0000, 0x0000, 0x0000, 0x0000, 0x0000, 0x0000, 0x0000, 0x0000, 0x0000, 0x0000,
  0x0000, 0x0000, 0x0000, 0x0000, 0x0000, 0x0000, 0x0000, 0x0000, 0x0000, 0x0000, 0x0000, 0x0000,
  0x0000, 0x0000, 0x0000, 0x0000, 0x0000, 0x21EA, 0x4C99, 0x555D, 0x3352, 0x08C5, 0x0000, 0x0000,
  0x0021, 0x0021, 0x0021, 0x0021, 0x0021, 0x0021, 0x0021, 0x0021, 0x0021, 0x0021, 0x0021, 0x0021,
  0x0021, 0x0021, 0x0021, 0x0021, 0x0021, 0x0021, 0x0021, 0x0021, 0x0021, 0x0021, 0x0021, 0x0021,
  0x0021, 0x0021, 0x0021, 0x0021, 0x0021, 0x0021, 0x0021, 0x0021, 0x0021, 0x0021, 0x0021, 0x0021,
  0x0021, 0x0021, 0x0021, 0x0021, 0x0021, 0x0021, 0x0021, 0x0021, 0x0021, 0x0021, 0x0021, 0x0021,
  0x0021, 0x0021, 0x0021, 0x0021, 0x0021, 0x0021, 0x0001, 0x0000, 0x0842, 0x31AB, 0x6334, 0x843A,
  0x94BC, 0xA53E, 0xAD7F, 0xBDBF, 0xC61F, 0xC63F, 0x6B73, 0x3A0D, 0x5B31, 0x10C4, 0x0000, 0x0021,
  0x0021, 0x0021, 0x0021, 0x0021, 0x0021, 0x0000, 0x214A, 0x5B35, 0x6354, 0x5B34, 0x4AB4, 0x194A,
  0x6BB6, 0x7C38, 0x8C7B, 0x7C3D, 0x847A, 0x9D1B, 0xA53B, 0x9D1C, 0x2989, 0x0000, 0x0021, 0x10C6,
  0x1084, 0x0000, 0x1A0C, 0x4CDC, 0x657E, 0x3B10, 0x0882, 0x0000, 0x0000, 0x0000, 0x0000, 0x0000,
  0x0000, 0x0000, 0x0000, 0x0000, 0x0000, 0x0000, 0x0000, 0x0000, 0x0000, 0x0000, 0x0000, 0x0000,
  0x0000, 0x0000, 0x0000, 0x0000, 0x0000, 0x0000, 0x0000, 0x0000, 0x0000, 0x0000, 0x0000, 0x0000,
  0x0000, 0x0000, 0x0000, 0x0000, 0x0000, 0x0000, 0x0000, 0x0000, 0x0000, 0x0000, 0x0000, 0x0000,
  0x0000, 0x0000, 0x0000, 0x0000, 0x0000, 0x0000, 0x0000, 0x0000, 0x0000, 0x0000, 0x0000, 0x0000,
  0x0000, 0x0000, 0x0000, 0x0000, 0x0000, 0x0000, 0x0000, 0x0000, 0x0000, 0x0000, 0x0000, 0x0000,
  0x0000, 0x0000, 0x0000, 0x0000, 0x0000, 0x0000, 0x0000, 0x0000, 0x0000, 0x0000, 0x0000, 0x0000,
  0x0000, 0x0000, 0x0000, 0x0000, 0x0000, 0x0000, 0x0000, 0x0000, 0x0000, 0x0000, 0x0000, 0x0000,
  0x0000, 0x0000, 0x0000, 0x0000, 0x0000, 0x0000, 0x0000, 0x0000, 0x0000, 0x0000, 0x0000, 0x0000,
  0x0000, 0x0000, 0x0000, 0x0000, 0x0000, 0x0000, 0x0000, 0x0000, 0x0000, 0x0000, 0x0000, 0x0000,
  0x0000, 0x0000, 0x0000, 0x0000, 0x0000, 0x0000, 0x0000, 0x0000, 0x0000, 0x0000, 0x0000, 0x0000,
  0x0000, 0x0000, 0x0000, 0x21C9, 0x4C99, 0x4D3D, 0x2B11, 0x08A3, 0x0000, 0x0000, 0x0022, 0x0021,
  0x0021, 0x0021, 0x0021, 0x0021, 0x0021, 0x0021, 0x0021, 0x0021, 0x0021, 0x0021, 0x0021, 0x0021,
  0x0021, 0x0021, 0x0021, 0x0021, 0x0021, 0x0021, 0x0021, 0x0021, 0x0021, 0x0021, 0x0021, 0x0021,
  0x0021, 0x0021, 0x0021, 0x0021, 0x0021, 0x0021, 0x0021, 0x0021, 0x0021, 0x0021, 0x0021, 0x0021,
  0x0021, 0x0021, 0x0021, 0x0021, 0x0021, 0x0021, 0x0021, 0x0021, 0x0021, 0x0021, 0x0021, 0x0021,
  0x0021, 0x0021, 0x0021, 0x0021, 0x0001, 0x0000, 0x0884, 0x422F, 0x73B9, 0x8C5E, 0x94DE, 0xA51E,
  0xAD5D, 0xBD9D, 0xBDDD, 0xBDBD, 0xB59C, 0x6B71, 0x3A0B, 0x4A8E, 0x29AA, 0x0000, 0x0021, 0x0021,
  0x0021, 0x0021, 0x0021, 0x0021, 0x0001, 0x0863, 0x4AB2, 0x5B14, 0x4270, 0x31CD, 0x216D, 0x29AC,
  0x6BB8, 0x73F7, 0x7C5B, 0x73D8, 0x6355, 0x8C9A, 0x9CFA, 0x9D1C, 0x2969, 0x0000, 0x0001, 0x0863,
  0x10C5, 0x0000, 0x0843, 0x29AC, 0x32D0, 0x54BA, 0x54FC, 0x2A6D, 0x0041, 0x0000, 0x0000, 0x0000,
  0x0000, 0x0000, 0x0000, 0x0000, 0x0000, 0x0000, 0x0000, 0x0000, 0x0000, 0x0000, 0x0000, 0x0000,
  0x0000, 0x0000, 0x0000, 0x0000, 0x0000, 0x0000, 0x0000, 0x0000, 0x0000, 0x0000, 0x0000, 0x0000,
  0x0000, 0x0000, 0x0000, 0x0000, 0x0000, 0x0000, 0x0000, 0x0000, 0x0000, 0x0000, 0x0000, 0x0000,
  0x0000, 0x0000, 0x0000, 0x0000, 0x0000, 0x0000, 0x0000, 0x0000, 0x0000, 0x0000, 0x0000, 0x0000,
  0x0000, 0x0000, 0x0000, 0x0000, 0x0000, 0x0000, 0x0000, 0x0000, 0x0000, 0x0000, 0x0000, 0x0000,
  0x0000, 0x0000, 0x0000, 0x0000, 0x0000, 0x0000, 0x0000, 0x0000, 0x0000, 0x0000, 0x0000, 0x0000,
  0x0000, 0x0000, 0x0000, 0x0000, 0x0000, 0x0000, 0x0000, 0x0000, 0x0000, 0x0000, 0x0000, 0x0000,
  0x0000, 0x0000, 0x0000, 0x0000, 0x0000, 0x0000, 0x0000, 0x0000, 0x0000, 0x0000, 0x0000, 0x0000,
  0x0000, 0x0000, 0x0000, 0x0000, 0x0000, 0x0000, 0x0000, 0x0000, 0x0000, 0x0000, 0x0000, 0x0000,
  0x0000, 0x0000, 0x0000, 0x0000, 0x0000, 0x0000, 0x0000, 0x0000, 0x0000, 0x0000, 0x0000, 0x0000,
  0x0000, 0x1967, 0x4C58, 0x553E, 0x2B12, 0x0083, 0x0000, 0x0000, 0x0022, 0x0021, 0x0021, 0x0021,
  0x0021, 0x0021, 0x0021, 0x0021, 0x0021, 0x0021, 0x0021, 0x0021, 0x0021, 0x0021, 0x0021, 0x0021,
  0x0021, 0x0021, 0x0021, 0x0021, 0x0021, 0x0021, 0x0021, 0x0021, 0x0021, 0x0021, 0x0021, 0x0021,
  0x0021, 0x0021, 0x0021, 0x0021, 0x0021, 0x0021, 0x0021, 0x0021, 0x0021, 0x0021, 0x0021, 0x0021,
  0x0021, 0x0021, 0x0021, 0x0021, 0x0021, 0x0021, 0x0021, 0x0021, 0x0021, 0x0021, 0x0021, 0x0021,
  0x0021, 0x0021, 0x0021, 0x0000, 0x0842, 0x31CE, 0x637A, 0x7C1E, 0x843D, 0x949C, 0x9CFC, 0xB57D,
  0xBDDE, 0xB59E, 0xB57E, 0xA4FC, 0x5AD0, 0x2128, 0x2969, 0x2147, 0x8C79, 0x2947, 0x0000, 0x0022,
  0x0021, 0x0021, 0x0021, 0x0021, 0x0000, 0x31AC, 0x5B55, 0x3A4F, 0x0864, 0x10E7, 0x08A6, 0x4291,
  0x6377, 0x5B55, 0x6398, 0x7C3A, 0x6398, 0x7C39, 0x8C79, 0x7C59, 0x18E5, 0x0000, 0x0021, 0x0021,
  0x0063, 0x0864, 0x08A6, 0x0001, 0x0000, 0x29AC, 0x7CFE, 0x6D9F, 0x4CDC, 0x222C, 0x0000, 0x0000,
  0x0000, 0x0000, 0x0000, 0x0000, 0x0000, 0x0000, 0x0000, 0x0000, 0x0000, 0x0000, 0x0000, 0x0000,
  0x0000, 0x0000, 0x0000, 0x0000, 0x0000, 0x0000, 0x0000, 0x0000, 0x0000, 0x0000, 0x0000, 0x0000,
  0x0000, 0x0000, 0x0000, 0x0000, 0x0000, 0x0000, 0x0000, 0x0000, 0x0000, 0x0000, 0x0000, 0x0000,
  0x0000, 0x0000, 0x0000, 0x0000, 0x0000, 0x0000, 0x0000, 0x0000, 0x0000, 0x0000, 0x0000, 0x0000,
  0x0000, 0x0000, 0x0000, 0x0000, 0x0000, 0x0000, 0x0000, 0x0000, 0x0000, 0x0000, 0x0000, 0x0000,
  0x0000, 0x0000, 0x0000, 0x0000, 0x0000, 0x0000, 0x0000, 0x0000, 0x0000, 0x0000, 0x0000, 0x0000,
  0x0000, 0x0000, 0x0000, 0x0000, 0x0000, 0x0000, 0x0000, 0x0000, 0x0000, 0x0000, 0x0000, 0x0000,
  0x0000, 0x0000, 0x0000, 0x0000, 0x0000, 0x0000, 0x0000, 0x0000, 0x0000, 0x0000, 0x0000, 0x0000,
  0x0000, 0x0000, 0x0000, 0x0000, 0x0000, 0x0000, 0x0000, 0x0000, 0x0000, 0x0000, 0x0000, 0x0000,
  0x0000, 0x0000, 0x0000, 0x0000, 0x0000, 0x0000, 0x0000, 0x0000, 0x0000, 0x0000, 0x0000, 0x10E4,
  0x43D5, 0x555E, 0x3394, 0x08C4, 0x0000, 0x0000, 0x0022, 0x0021, 0x0021, 0x0021, 0x0021, 0x0021,
  0x0021, 0x0021, 0x0021, 0x0021, 0x0021, 0x0021, 0x0021, 0x0021, 0x0021, 0x0021, 0x0021, 0x0021,
  0x0021, 0x0021, 0x0021, 0x0021, 0x0021, 0x0021, 0x0021, 0x0021, 0x0021, 0x0021, 0x0021, 0x0021,
  0x0021, 0x0021, 0x0021, 0x0021, 0x0021, 0x0021, 0x0021, 0x0021, 0x0021, 0x0021, 0x0021, 0x0021,
  0x0021, 0x0021, 0x0021, 0x0021, 0x0021, 0x0021, 0x0021, 0x0021, 0x0021, 0x0021, 0x0021, 0x0021,
  0x0021, 0x0021, 0x0000, 0x2129, 0x5B18, 0x6B9D, 0x73DC, 0x8C9C, 0xA51D, 0x9CFD, 0x9CDE, 0x9CFE,
  0x94BB, 0x9D1D, 0xA53D, 0xAD3E, 0x73B7, 0x2989, 0x5AEF, 0x4A6D, 0xB5BF, 0x73B5, 0x0021, 0x0021,
  0x0021, 0x0021, 0x0021, 0x0000, 0x0884, 0x5B35, 0x31CC, 0x0021, 0x0043, 0x08A6, 0x0884, 0x5335,
  0x6376, 0x4AF4, 0x29AC, 0x741A, 0x5B76, 0x73F7, 0x7C39, 0x6355, 0x0842, 0x0000, 0x0021, 0x0021,
  0x0022, 0x0022, 0x0022, 0x216D, 0x198D, 0x4AD3, 0x9D1F, 0x4AB0, 0x1A0C, 0x44DD, 0x3C18, 0x1988,
  0x0000, 0x0000, 0x0000, 0x0000, 0x0000, 0x0000, 0x0000, 0x0000, 0x0000, 0x0000, 0x0000, 0x0000,
  0x0000, 0x0000, 0x0000, 0x0000, 0x0000, 0x0000, 0x0000, 0x0000, 0x0000, 0x0000, 0x0000, 0x0000,
  0x0000, 0x0000, 0x0000, 0x0000, 0x0000, 0x0000, 0x0000, 0x0000, 0x0000, 0x0000, 0x0000, 0x0000,
  0x0000, 0x0000, 0x0000, 0x0000, 0x0000, 0x0000, 0x0000, 0x0000, 0x0000, 0x0000, 0x0000, 0x0000,
  0x0000, 0x0000, 0x0000, 0x0000, 0x0000, 0x0000, 0x0000, 0x0000, 0x0000, 0x0000, 0x0000, 0x0000,
  0x0000, 0x0000, 0x0000, 0x0000, 0x0000, 0x0000, 0x0000, 0x0000, 0x0000, 0x0000, 0x0000, 0x0000,
  0x0000, 0x0000, 0x0000, 0x0000, 0x0000, 0x0000, 0x0000, 0x0000, 0x0000, 0x0000, 0x0000, 0x0000,
  0x0000, 0x0000, 0x0000, 0x0000, 0x0000, 0x0000, 0x0000, 0x0000, 0x0000, 0x0000, 0x0000, 0x0000,
  0x0000, 0x0000, 0x0000, 0x0000, 0x0000, 0x0000, 0x0000, 0x0000, 0x0000, 0x0000, 0x0000, 0x0000,
  0x0000, 0x0000, 0x0000, 0x0000, 0x0000, 0x0000, 0x0000, 0x0000, 0x0000, 0x0041, 0x3310, 0x5D7E,
  0x3C17, 0x1106, 0x0000, 0x0000, 0x0022, 0x0021, 0x0021, 0x0021, 0x0021, 0x0021, 0x0021, 0x0021,
  0x0021, 0x0021, 0x0021, 0x0021, 0x0021, 0x0021, 0x0021, 0x0021, 0x0021, 0x0021, 0x0021, 0x0021,
  0x0021, 0x0021, 0x0021, 0x0021, 0x0021, 0x0021, 0x0021, 0x0021, 0x0021, 0x0021, 0x0021, 0x0021,
  0x0021, 0x0021, 0x0021, 0x0021, 0x0021, 0x0021, 0x0021, 0x0021, 0x0021, 0x0021, 0x0021, 0x0021,
  0x0021, 0x0021, 0x0021, 0x0021, 0x0021, 0x0021, 0x0021, 0x0021, 0x0021, 0x0021, 0x0021, 0x0021,
  0x0000, 0x0021, 0x3A11, 0x637C, 0x6BBC, 0x7C3C, 0x8C9C, 0x8C9D, 0x8C9D, 0x843D, 0x5B17, 0x31CD,
  0x5B34, 0x9CFD, 0xAD5D, 0x8C9C, 0x422E, 0xA519, 0xBDBD, 0x7BF6, 0xA51C, 0x8C7B, 0x18E6, 0x0000,
  0x0021, 0x0021, 0x0021, 0x0000, 0x3A2E, 0x29AB, 0x0000, 0x0001, 0x0063, 0x0000, 0x1929, 0x5335,
  0x5B77, 0x31EE, 0x10C5, 0x5B77, 0x29CC, 0x6BB7, 0x7C39, 0x52D2, 0x0001, 0x0021, 0x0021, 0x0021,
  0x0022, 0x0021, 0x1909, 0x10E8, 0x0884, 0x7C5A, 0x5313, 0x0000, 0x0864, 0x6BD6, 0x85BF, 0x5D7E,
  0x3BB4, 0x10C4, 0x0000, 0x0000, 0x0000, 0x0000, 0x0000, 0x0000, 0x0000, 0x0000, 0x0000, 0x0000,
  0x0000, 0x0000, 0x0000, 0x0000, 0x0000, 0x0000, 0x0000, 0x0000, 0x0000, 0x0000, 0x0000, 0x0000,
  0x0000, 0x0000, 0x0000, 0x0000, 0x0000, 0x0000, 0x0000, 0x0000, 0x0000, 0x0000, 0x0000, 0x0000,
  0x0000, 0x0000, 0x0000, 0x0000, 0x0000, 0x0000, 0x0000, 0x0000, 0x0000, 0x0000, 0x0000, 0x0000,
  0x0000, 0x0000, 0x0000, 0x0000, 0x0000, 0x0000, 0x0000, 0x0000, 0x0000, 0x0000, 0x0000, 0x0000,
  0x0000, 0x0000, 0x0000, 0x0000, 0x0000, 0x0000, 0x0000, 0x0000, 0x0000, 0x0000, 0x0000, 0x0000,
  0x0000, 0x0000, 0x0000, 0x0000, 0x0000, 0x0000, 0x0000, 0x0000, 0x0000, 0x0000, 0x0000, 0x0000,
  0x0000, 0x0000, 0x0000, 0x0000, 0x0000, 0x0000, 0x0000, 0x0000, 0x0000, 0x0000, 0x0000, 0x0000,
  0x0000, 0x0000, 0x0000, 0x0000, 0x0000, 0x0000, 0x0000, 0x0000, 0x0000, 0x0000, 0x0000, 0x0000,
  0x0000, 0x0000, 0x0000, 0x0000, 0x0000, 0x0000, 0x0000, 0x0000, 0x21EA, 0x54FB, 0x4CBB, 0x19AA,
  0x0000, 0x0000, 0x0021, 0x0021, 0x0021, 0x0021, 0x0021, 0x0021, 0x0021, 0x0021, 0x0021, 0x0021,
  0x0021, 0x0021, 0x0021, 0x0021, 0x0021, 0x0021, 0x0021, 0x0021, 0x0021, 0x0021, 0x0021, 0x0021,
  0x0021, 0x0021, 0x0021, 0x0021, 0x0021, 0x0021, 0x0021, 0x0021, 0x0021, 0x0021, 0x0021, 0x0021,
  0x0021, 0x0021, 0x0021, 0x0021, 0x0021, 0x0021, 0x0021, 0x0021, 0x0021, 0x0021, 0x0021, 0x0021,
  0x0021, 0x0021, 0x0021, 0x0021, 0x0021, 0x0021, 0x0021, 0x0021, 0x0021, 0x0021, 0x0021, 0x0000,
  0x0884, 0x4295, 0x639C, 0x73DB, 0x7C3C, 0x7C5D, 0x741D, 0x635A, 0x4273, 0x2149, 0x0863, 0x52B2,
  0x845D, 0x9CBD, 0x94BD, 0x4AB2, 0xA539, 0xD67F, 0xBDDD, 0x949B, 0x8C5A, 0x8C7B, 0x39CB, 0x0000,
  0x0022, 0x0021, 0x0000, 0x10C5, 0x2128, 0x0000, 0x0021, 0x0021, 0x0021, 0x0000, 0x29AC, 0x5335,
  0x4AD4, 0x0864, 0x18E6, 0x4271, 0x10C5, 0x6397, 0x8459, 0x424F, 0x0000, 0x0022, 0x0021, 0x0021,
  0x0001, 0x0023, 0x0043, 0x0000, 0x29AB, 0x849E, 0x4295, 0x3A73, 0x3A72, 0x7C38, 0x9CFD, 0x84BC,
  0x651F, 0x4D1D, 0x32CF, 0x0020, 0x0000, 0x0000, 0x0000, 0x0000, 0x0000, 0x0000, 0x0000, 0x0000,
  0x0000, 0x0000, 0x0000, 0x0000, 0x0000, 0x0000, 0x0000, 0x0000, 0x0000, 0x0000, 0x0000, 0x0000,
  0x0000, 0x0000, 0x0000, 0x0000, 0x0000, 0x0000, 0x0000, 0x0000, 0x0000, 0x0000, 0x0000, 0x0000,
  0x0000, 0x0000, 0x0000, 0x0000, 0x0000, 0x0000, 0x0000, 0x0000, 0x0000, 0x0000, 0x0000, 0x0000,
  0x0000, 0x0000, 0x0000, 0x0000, 0x0000, 0x0000, 0x0000, 0x0000, 0x0000, 0x0000, 0x0000, 0x0000,
  0x0000, 0x0000, 0x0000, 0x0000, 0x0000, 0x0000, 0x0000, 0x0000, 0x0000, 0x0000, 0x0000, 0x0000,
  0x0000, 0x0000, 0x0000, 0x0000, 0x0000, 0x0000, 0x0000, 0x0000, 0x0000, 0x0000, 0x0000, 0x0000,
  0x0000, 0x0000, 0x0000, 0x0000, 0x0000, 0x0000, 0x0000, 0x0000, 0x0000, 0x0000, 0x0000, 0x0000,
  0x0000, 0x0000, 0x0000, 0x0000, 0x0000, 0x0000, 0x0000, 0x0000, 0x0000, 0x0000, 0x0000, 0x0000,
  0x0000, 0x0000, 0x0000, 0x0000, 0x0000, 0x0000, 0x10E5, 0x4C36, 0x555D, 0x22AF, 0x0021, 0x0000,
  0x0021, 0x0021, 0x0021, 0x0021, 0x0021, 0x0021, 0x0021, 0x0021, 0x0021, 0x0021, 0x0021, 0x0021,
  0x0021, 0x0021, 0x0021, 0x0021, 0x0021, 0x0021, 0x0021, 0x0021, 0x0021, 0x0021, 0x0021, 0x0021,
  0x0021, 0x0021, 0x0021, 0x0021, 0x0021, 0x0021, 0x0021, 0x0021, 0x0021, 0x0021, 0x0021, 0x0021,
  0x0021, 0x0021, 0x0021, 0x0021, 0x0021, 0x0021, 0x0021, 0x0021, 0x0021, 0x0021, 0x0021, 0x0021,
  0x0021, 0x0021, 0x0021, 0x0021, 0x0021, 0x0021, 0x0021, 0x0021, 0x0021, 0x0022, 0x0000, 0x10A6,
  0x52F8, 0x6BBC, 0x6BBC, 0x6BDC, 0x639B, 0x4AB5, 0x29AD, 0x10A5, 0x0000, 0x0001, 0x5B15, 0x8C9E,
  0x949C, 0x845D, 0x4A73, 0x6331, 0xC61F, 0xC5FD, 0xBDDE, 0x845B, 0x843A, 0x8C9B, 0x4A8F, 0x0000,
  0x0022, 0x0021, 0x0021, 0x10A5, 0x0000, 0x0021, 0x0021, 0x0021, 0x0021, 0x0000, 0x320E, 0x5336,
  0x1929, 0x0000, 0x1929, 0x29AC, 0x0042, 0x5B75, 0x7C59, 0x298A, 0x0000, 0x0001, 0x0000, 0x0000,
  0x0043, 0x10C6, 0x10E6, 0x18E6, 0x73F9, 0x4AD5, 0x110A, 0x0064, 0x5B10, 0x31EC, 0x6BB9, 0x94FE,
  0x9CFD, 0x7D1D, 0x551D, 0x4C99, 0x1947, 0x0000, 0x0000, 0x0000, 0x0000, 0x0000, 0x0000, 0x0000,
  0x0000, 0x0000, 0x0000, 0x0000, 0x0000, 0x0000, 0x0000, 0x0000, 0x0000, 0x0000, 0x0000, 0x0000,
  0x0000, 0x0000, 0x0000, 0x0000, 0x0000, 0x0000, 0x0000, 0x0000, 0x0000, 0x0000, 0x0000, 0x0000,
  0x0000, 0x0000, 0x0000, 0x0000, 0x0000, 0x0000, 0x0000, 0x0000, 0x0000, 0x0000, 0x0000, 0x0000,
  0x0000, 0x0000, 0x0000, 0x0000, 0x0000, 0x0000, 0x0000, 0x0000, 0x0000, 0x0000, 0x0000, 0x0000,
  0x0000, 0x0000, 0x0000, 0x0000, 0x0000, 0x0000, 0x0000, 0x0000, 0x0000, 0x0000, 0x0000, 0x0000,
  0x0000, 0x0000, 0x0000, 0x0000, 0x0000, 0x0000, 0x0000, 0x0000, 0x0000, 0x0000, 0x0000, 0x0000,
  0x0000, 0x0000, 0x0000, 0x0000, 0x0000, 0x0000, 0x0000, 0x0000, 0x0000, 0x0000, 0x0000, 0x0000,
  0x0000, 0x0000, 0x0000, 0x0000, 0x0000, 0x0000, 0x0000, 0x0000, 0x0000, 0x0000, 0x0000, 0x0000,
  0x0000, 0x0000, 0x0000, 0x0000, 0x0000, 0x32EF, 0x5D7E, 0x3BF6, 0x08C4, 0x0000, 0x0021, 0x0021,
  0x0021, 0x0021, 0x0021, 0x0021, 0x0021, 0x0021, 0x0021, 0x0021, 0x0021, 0x0021, 0x0021, 0x0021,
  0x0021, 0x0021, 0x0021, 0x0021, 0x0021, 0x0021, 0x0021, 0x0021, 0x0021, 0x0021, 0x0021, 0x0021,
  0x0021, 0x0021, 0x0021, 0x0021, 0x0021, 0x0021, 0x0021, 0x0021, 0x0021, 0x0021, 0x0021, 0x0021,
  0x0021, 0x0021, 0x0021, 0x0021, 0x0021, 0x0021, 0x0021, 0x0021, 0x0021, 0x0021, 0x0021, 0x0021,
  0x0021, 0x0021, 0x0021, 0x0021, 0x0021, 0x0021, 0x0021, 0x0021, 0x0021, 0x0000, 0x18E7, 0x639B,
  0x6BDD, 0x5B59, 0x4274, 0x298C, 0x10C6, 0x0001, 0x0000, 0x0000, 0x0021, 0x4AB3, 0x7C3D, 0x8C7C,
  0x8C7C, 0x5B37, 0x1906, 0x94BB, 0xBDBE, 0xC5FE, 0xBDBE, 0x845B, 0x843A, 0x8C9B, 0x52D2, 0x0000,
  0x0021, 0x0021, 0x0022, 0x0021, 0x0021, 0x0021, 0x0021, 0x0021, 0x0021, 0x0001, 0x42B2, 0x3A50,
  0x0000, 0x0000, 0x1928, 0x1907, 0x0000, 0x5313, 0x6BB7, 0x0883, 0x0000, 0x0863, 0x298A, 0x52D2,
  0x6BB7, 0x73FA, 0x7C3B, 0x94BC, 0xA53D, 0x8C58, 0x4A4D, 0x424E, 0x6C19, 0x196C, 0x6BB7, 0x9D3E,
  0x94FE, 0x6B76, 0x0041, 0x43D7, 0x5D7F, 0x32F0, 0x0021, 0x0000, 0x0000, 0x0000, 0x0000, 0x0000,
  0x0000, 0x0000, 0x0000, 0x0000, 0x0000, 0x0000, 0x0000, 0x0000, 0x0000, 0x0000, 0x0000, 0x0000,
  0x0000, 0x0000, 0x0000, 0x0000, 0x0000, 0x0000, 0x0000, 0x0000, 0x0000, 0x0000, 0x0000, 0x0000,
  0x0000, 0x0000, 0x0000, 0x0000, 0x0000, 0x0000, 0x0000, 0x0000, 0x0000, 0x0000, 0x0000, 0x0000,
  0x0000, 0x0000, 0x0000, 0x0000, 0x0000, 0x0000, 0x0000, 0x0000, 0x0000, 0x0000, 0x0000, 0x0000,
  0x0000, 0x0000, 0x0000, 0x0000, 0x0000, 0x0000, 0x0000, 0x0000, 0x0000, 0x0000, 0x0000, 0x0000,
  0x0000, 0x0000, 0x0000, 0x0000, 0x0000, 0x0000, 0x0000, 0x0000, 0x0000, 0x0000, 0x0000, 0x0000,
  0x0000, 0x0000, 0x0000, 0x0000, 0x0000, 0x0000, 0x0000, 0x0000, 0x0000, 0x0000, 0x0000, 0x0000,
  0x0000, 0x0000, 0x0000, 0x0000, 0x0000, 0x0000, 0x0000, 0x0000, 0x0000, 0x0000, 0x0000, 0x0000,
  0x0000, 0x0000, 0x0000, 0x1946, 0x54BA, 0x551C, 0x19CA, 0x0000, 0x0000, 0x0022, 0x0021, 0x0021,
  0x0021, 0x0021, 0x0021, 0x0021, 0x0021, 0x0021, 0x0021, 0x0021, 0x0021, 0x0021, 0x0021, 0x0021,
  0x0021, 0x0021, 0x0021, 0x0021, 0x0021, 0x0021, 0x0021, 0x0021, 0x0021, 0x0021, 0x0021, 0x0021,
  0x0021, 0x0021, 0x0021, 0x0021, 0x0021, 0x0021, 0x0021, 0x0021, 0x0021, 0x0021, 0x0021, 0x0021,
  0x0021, 0x0021, 0x0021, 0x0021, 0x0021, 0x0021, 0x0021, 0x0021, 0x0021, 0x0021, 0x0021, 0x0021,
  0x0021, 0x0021, 0x0021, 0x0021, 0x0021, 0x0021, 0x0021, 0x0021, 0x0000, 0x296A, 0x5B37, 0x4272,
  0x192A, 0x0864, 0x0000, 0x0000, 0x0000, 0x0021, 0x0022, 0x0000, 0x31EE, 0x6B9C, 0x845B, 0x7C1A,
  0x6379, 0x10A6, 0x4A4D, 0xB59F, 0xBD9D, 0xBDFE, 0xB57C, 0x6B76, 0x7BF9, 0x8439, 0x52D2, 0x0000,
  0x0021, 0x0021, 0x0021, 0x0021, 0x0021, 0x0021, 0x0021, 0x0021, 0x0001, 0x0863, 0x4AD3, 0x0884,
  0x0000, 0x0000, 0x10C5, 0x0884, 0x0000, 0x4AB1, 0x6396, 0x1928, 0x4270, 0x6BB9, 0x847D, 0x8CDE,
  0x849D, 0x845C, 0x94BB, 0xA53D, 0xB59F, 0xBDDF, 0xA55F, 0x9519, 0x29EE, 0x3A93, 0x3A2E, 0x8C9E,
  0x94FF, 0x4A8F, 0x10C6, 0x7BFA, 0x955E, 0x657F, 0x3C59, 0x1147, 0x0000, 0x0000, 0x0000, 0x0000,
  0x0000, 0x0000, 0x0000, 0x0000, 0x0000, 0x0000, 0x0000, 0x0000, 0x0000, 0x0000, 0x0000, 0x0000,
  0x0000, 0x0000, 0x0000, 0x0000, 0x0000, 0x0000, 0x0000, 0x0000, 0x0000, 0x0000, 0x0000, 0x0000,
  0x0000, 0x0000, 0x0000, 0x0000, 0x0000, 0x0000, 0x0000, 0x0000, 0x0000, 0x0000, 0x0000, 0x0000,
  0x0000, 0x0000, 0x0000, 0x0000, 0x0000, 0x0000, 0x0000, 0x0000, 0x0000, 0x0000, 0x0000, 0x0000,
  0x0000, 0x0000, 0x0000, 0x0000, 0x0000, 0x0000, 0x0000, 0x0000, 0x0000, 0x0000, 0x0000, 0x0000,
  0x0000, 0x0000, 0x0000, 0x0000, 0x0000, 0x0000, 0x0000, 0x0000, 0x0000, 0x0000, 0x0000, 0x0000,
  0x0000, 0x0000, 0x0000, 0x0000, 0x0000, 0x0000, 0x0000, 0x0000, 0x0000, 0x0000, 0x0000, 0x0000,
  0x0000, 0x0000, 0x0000, 0x0000, 0x0000, 0x0000, 0x0000, 0x0000, 0x0000, 0x0000, 0x0000, 0x0000,
  0x0000, 0x0020, 0x3B10, 0x5D7E, 0x3353, 0x0042, 0x0000, 0x0021, 0x0021, 0x0021, 0x0021, 0x0021,
  0x0021, 0x0021, 0x0021, 0x0021, 0x0021, 0x0021, 0x0021, 0x0021, 0x0021, 0x0021, 0x0021, 0x0021,
  0x0021, 0x0021, 0x0021, 0x0021, 0x0021, 0x0021, 0x0021, 0x0021, 0x0021, 0x0021, 0x0021, 0x0021,
  0x0021, 0x0021, 0x0021, 0x0021, 0x0021, 0x0021, 0x0021, 0x0021, 0x0021, 0x0021, 0x0021, 0x0021,
  0x0021, 0x0021, 0x0021, 0x0021, 0x0021, 0x0021, 0x0021, 0x0021, 0x0021, 0x0021, 0x0021, 0x0021,
  0x0021, 0x0021, 0x0021, 0x0021, 0x0021, 0x0021, 0x0021, 0x0021, 0x1908, 0x298B, 0x0842, 0x0000,
  0x0000, 0x0001, 0x0021, 0x0021, 0x0021, 0x0022, 0x0000, 0x2129, 0x637A, 0x6BBA, 0x73B8, 0x5B37,
  0x192A, 0x0000, 0x8438, 0xAD5E, 0xB59D, 0xB5BF, 0x8C78, 0x3A0E, 0x6B98, 0x73D8, 0x4AB2, 0x0021,
  0x0021, 0x0021, 0x0021, 0x0021, 0x0021, 0x0021, 0x0021, 0x0021, 0x0000, 0x10E6, 0x298B, 0x0000,
  0x0021, 0x0001, 0x0043, 0x0043, 0x0044, 0x42B1, 0x5B33, 0x18E7, 0x2149, 0x2128, 0x2149, 0x29AB,
  0x296A, 0x4AB2, 0x849D, 0x847B, 0x6355, 0x3A10, 0x5334, 0xA55A, 0x94DA, 0x218B, 0x1929, 0x741E,
  0x847E, 0x845A, 0x73F8, 0xA53F, 0xAD3D, 0x9D1C, 0x755E, 0x553E, 0x2ACF, 0x0000, 0x0000, 0x0000,
  0x0000, 0x0000, 0x0000, 0x0000, 0x0000, 0x0000, 0x0000, 0x0000, 0x0000, 0x0000, 0x0000, 0x0000,
  0x0000, 0x0000, 0x0000, 0x0000, 0x0000, 0x0000, 0x0000, 0x0000, 0x0000, 0x0000, 0x0000, 0x0000,
  0x0000, 0x0000, 0x0000, 0x0000, 0x0000, 0x0000, 0x0000, 0x0000, 0x0000, 0x0000, 0x0000, 0x0000,
  0x0000, 0x0000, 0x0000, 0x0000, 0x0000, 0x0000, 0x0000, 0x0000, 0x0000, 0x0000, 0x0000, 0x0000,
  0x0000, 0x0000, 0x0000, 0x0000, 0x0000, 0x0000, 0x0000, 0x0000, 0x0000, 0x0000, 0x0000, 0x0000,
  0x0000, 0x0000, 0x0000, 0x0000, 0x0000, 0x0000, 0x0000, 0x0000, 0x0000, 0x0000, 0x0000, 0x0000,
  0x0000, 0x0000, 0x0000, 0x0000, 0x0000, 0x0000, 0x0000, 0x0000, 0x0000, 0x0000, 0x0000, 0x0000,
  0x0000, 0x0000, 0x0000, 0x0000, 0x0000, 0x0000, 0x0000, 0x0000, 0x0000, 0x0000, 0x0000, 0x0000,
  0x1926, 0x54BA, 0x4CDB, 0x1168, 0x0000, 0x0001, 0x0022, 0x0021, 0x0021, 0x0021, 0x0021, 0x0021,
  0x0021, 0x0021, 0x0021, 0x0021, 0x0021, 0x0021, 0x0021, 0x0021, 0x0021, 0x0021, 0x0021, 0x0021,
  0x0021, 0x0021, 0x0021, 0x0021, 0x0021, 0x0021, 0x0021, 0x0021, 0x0021, 0x0021, 0x0021, 0x0021,
  0x0021, 0x0021, 0x0021, 0x0021, 0x0021, 0x0021, 0x0021, 0x0021, 0x0021, 0x0021, 0x0021, 0x0021,
  0x0021, 0x0021, 0x0021, 0x0021, 0x0021, 0x0021, 0x0021, 0x0021, 0x0021, 0x0021, 0x0021, 0x0021,
  0x0021, 0x0021, 0x0021, 0x0021, 0x0021, 0x0021, 0x0021, 0x0863, 0x0042, 0x0000, 0x0001, 0x0021,
  0x0021, 0x0021, 0x0021, 0x0021, 0x0021, 0x0001, 0x0864, 0x4AD6, 0x6B9A, 0x73D8, 0x52F5, 0x29AC,
  0x0000, 0x2107, 0x94BD, 0xA51D, 0xAD5D, 0xA51F, 0x6313, 0x1907, 0x6398, 0x73B8, 0x4AD3, 0x0021,
  0x0021, 0x0021, 0x0021, 0x0021, 0x0021, 0x0021, 0x0021, 0x0021, 0x0000, 0x10E6, 0x0863, 0x0001,
  0x0021, 0x0021, 0x0022, 0x0042, 0x0022, 0x298A, 0x3A2E, 0x0000, 0x0000, 0x0000, 0x0001, 0x0000,
  0x10E7, 0x42B5, 0x3A52, 0x10C6, 0x0086, 0x29F0, 0x7C37, 0xBDFE, 0xCE3E, 0x9D3B, 0x5B75, 0x8CBE,
  0x6BBD, 0x847E, 0xA55E, 0x7418, 0xA57E, 0xAD5D, 0xB57C, 0x9D7C, 0x65BF, 0x4438, 0x10C4, 0x0000,
  0x0000, 0x0000, 0x0000, 0x0000, 0x0000, 0x0000, 0x0000, 0x0000, 0x0000, 0x0000, 0x0000, 0x0000,
  0x0000, 0x0000, 0x0000, 0x0000, 0x0000, 0x0000, 0x0000, 0x0000, 0x0000, 0x0000, 0x0000, 0x0000,
  0x0000, 0x0000, 0x0000, 0x0000, 0x0000, 0x0000, 0x0000, 0x0000, 0x0000, 0x0000, 0x0000, 0x0000,
  0x0000, 0x0000, 0x0000, 0x0000, 0x0000, 0x0000, 0x0000, 0x0000, 0x0000, 0x0000, 0x0000, 0x0000,
  0x0000, 0x0000, 0x0000, 0x0000, 0x0000, 0x0000, 0x0000, 0x0000, 0x0000, 0x0000, 0x0000, 0x0000,
  0x0000, 0x0000, 0x0000, 0x0000, 0x0000, 0x0000, 0x0000, 0x0000, 0x0000, 0x0000, 0x0000, 0x0000,
  0x0000, 0x0000, 0x0000, 0x0000, 0x0000, 0x0000, 0x0000, 0x0000, 0x0000, 0x0000, 0x0000, 0x0000,
  0x0000, 0x0000, 0x0000, 0x0000, 0x0000, 0x0000, 0x0000, 0x0000, 0x0000, 0x0000, 0x0000, 0x32CE,
  0x5D7E, 0x3353, 0x0021, 0x0000, 0x0022, 0x0021, 0x0021, 0x0021, 0x0021, 0x0021, 0x0021, 0x0021,
  0x0021, 0x0021, 0x0021, 0x0021, 0x0021, 0x0021, 0x0021, 0x0021, 0x0021, 0x0021, 0x0021, 0x0021,
  0x0021, 0x0021, 0x0021, 0x0021, 0x0021, 0x0021, 0x0021, 0x0021, 0x0021, 0x0021, 0x0021, 0x0021,
  0x0021, 0x0021, 0x0021, 0x0021, 0x0021, 0x0021, 0x0021, 0x0021, 0x0021, 0x0021, 0x0021, 0x0021,
  0x0021, 0x0021, 0x0021, 0x0021, 0x0021, 0x0021, 0x0021, 0x0021, 0x0021, 0x0021, 0x0021, 0x0021,
  0x0021, 0x0021, 0x0021, 0x0021, 0x0021, 0x0021, 0x0021, 0x0001, 0x0021, 0x0021, 0x0021, 0x0021,
  0x0021, 0x0021, 0x0021, 0x0021, 0x0021, 0x0000, 0x3211, 0x5B5A, 0x6BB9, 0x5316, 0x29AD, 0x0001,
  0x0000, 0x420E, 0x94BE, 0x9CFC, 0x9CFC, 0x94BE, 0x420D, 0x0864, 0x6357, 0x6BB7, 0x4AB2, 0x0021,
  0x0021, 0x0021, 0x0021, 0x0021, 0x0021, 0x0021, 0x0021, 0x0021, 0x0021, 0x08A4, 0x0021, 0x0021,
  0x0021, 0x0021, 0x0021, 0x0022, 0x0000, 0x2128, 0x29AB, 0x0000, 0x0042, 0x0042, 0x0021, 0x2149,
  0x3A32, 0x0884, 0x110B, 0x21D1, 0x2A13, 0x42B1, 0x52D1, 0xB5DE, 0xC61E, 0xC61D, 0x6374, 0x849D,
  0x94DE, 0x9CFE, 0xA53D, 0x94FC, 0xA55D, 0x5B12, 0xAD7C, 0xB59A, 0x94F9, 0x549B, 0x54FC, 0x21C9,
  0x0000, 0x0000, 0x0000, 0x0000, 0x0000, 0x0000, 0x0000, 0x0000, 0x0000, 0x0000, 0x0000, 0x0000,
  0x0000, 0x0000, 0x0000, 0x0000, 0x0000, 0x0000, 0x0000, 0x0000, 0x0000, 0x0000, 0x0000, 0x0000,
  0x0000, 0x0000, 0x0000, 0x0000, 0x0000, 0x0000, 0x0000, 0x0000, 0x0000, 0x0000, 0x0000, 0x0000,
  0x0000, 0x0000, 0x0000, 0x0000, 0x0000, 0x0000, 0x0000, 0x0000, 0x0000, 0x0000, 0x0000, 0x0000,
  0x0000, 0x0000, 0x0000, 0x0000, 0x0000, 0x0000, 0x0000, 0x0000, 0x0000, 0x0000, 0x0000, 0x0000,
  0x0000, 0x0000, 0x0000, 0x0000, 0x0000, 0x0000, 0x0000, 0x0000, 0x0000, 0x0000, 0x0000, 0x0000,
  0x0000, 0x0000, 0x0000, 0x0000, 0x0000, 0x0000, 0x0000, 0x0000, 0x0000, 0x0000, 0x0000, 0x0000,
  0x0000, 0x0000, 0x0000, 0x0000, 0x0000, 0x0000, 0x0000, 0x0000, 0x0000, 0x10A3, 0x4C57, 0x551C,
  0x19AA, 0x0000, 0x0021, 0x0021, 0x0021, 0x0021, 0x0021, 0x0021, 0x0021, 0x0021, 0x0021, 0x0021,
  0x0021, 0x0021, 0x0021, 0x0021, 0x0021, 0x0021, 0x0021, 0x0021, 0x0021, 0x0021, 0x0021, 0x0021,
  0x0021, 0x0021, 0x0021, 0x0021, 0x0021, 0x0021, 0x0021, 0x0021, 0x0021, 0x0021, 0x0021, 0x0021,
  0x0021, 0x0021, 0x0021, 0x0021, 0x0021, 0x0021, 0x0021, 0x0021, 0x0021, 0x0021, 0x0021, 0x0021,
  0x0021, 0x0021, 0x0021, 0x0021, 0x0021, 0x0021, 0x0021, 0x0021, 0x0021, 0x0021, 0x0021, 0x0021,
  0x0021, 0x0021, 0x0021, 0x0021, 0x0021, 0x0021, 0x0021, 0x0021, 0x0021, 0x0021, 0x0021, 0x0021,
  0x0021, 0x0021, 0x0021, 0x0021, 0x0000, 0x18E8, 0x4AF7, 0x6398, 0x5316, 0x31F0, 0x0021, 0x0021,
  0x0000, 0x5B14, 0x8C9D, 0x9CFC, 0x94BD, 0x8C7C, 0x1907, 0x0021, 0x4AB3, 0x6397, 0x4271, 0x0021,
  0x0021, 0x0021, 0x0021, 0x0021, 0x0021, 0x0021, 0x0021, 0x0021, 0x0021, 0x0021, 0x0021, 0x0021,
  0x0021, 0x0021, 0x0021, 0x0022, 0x0000, 0x10C5, 0x1907, 0x0000, 0x0022, 0x0000, 0x0886, 0x1908,
  0x0000, 0x0886, 0x3AB8, 0x194D, 0x1905, 0x31CA, 0x4AD3, 0xB5DF, 0xC61E, 0xCE5E, 0xB5BE, 0x5B7D,
  0x6BDC, 0x94FD, 0xAD9C, 0xB5BF, 0x5B33, 0x0885, 0x9CFB, 0xA53A, 0x9CD8, 0x5AF1, 0x751E, 0x657F,
  0x3B30, 0x0000, 0x0000, 0x0000, 0x0000, 0x0000, 0x0000, 0x0000, 0x0000, 0x0000, 0x0000, 0x0000,
  0x0000, 0x0000, 0x0000, 0x0000, 0x0000, 0x0000, 0x0000, 0x0000, 0x0000, 0x0000, 0x0000, 0x0000,
  0x0000, 0x0000, 0x0000, 0x0000, 0x0000, 0x0000, 0x0000, 0x0000, 0x0000, 0x0000, 0x0000, 0x0000,
  0x0000, 0x0000, 0x0000, 0x0000, 0x0000, 0x0000, 0x0000, 0x0000, 0x0000, 0x0000, 0x0000, 0x0000,
  0x0000, 0x0000, 0x0000, 0x0000, 0x0000, 0x0000, 0x0000, 0x0000, 0x0000, 0x0000, 0x0000, 0x0000,
  0x0000, 0x0000, 0x0000, 0x0000, 0x0000, 0x0000, 0x0000, 0x0000, 0x0000, 0x0000, 0x0000, 0x0000,
  0x0000, 0x0000, 0x0000, 0x0000, 0x0000, 0x0000, 0x0000, 0x0000, 0x0000, 0x0000, 0x0000, 0x0000,
  0x0000, 0x0000, 0x0000, 0x0000, 0x0000, 0x0000, 0x0000, 0x0000, 0x29E9, 0x659D, 0x3C16, 0x0083,
  0x0000, 0x0021, 0x0021, 0x0021, 0x0021, 0x0021, 0x0021, 0x0021, 0x0021, 0x0021, 0x0021, 0x0021,
  0x0021, 0x0021, 0x0021, 0x0021, 0x0021, 0x0021, 0x0021, 0x0021, 0x0021, 0x0021, 0x0021, 0x0021,
  0x0021, 0x0021, 0x0021, 0x0021, 0x0021, 0x0021, 0x0021, 0x0021, 0x0021, 0x0021, 0x0021, 0x0021,
  0x0021, 0x0021, 0x0021, 0x0021, 0x0021, 0x0021, 0x0021, 0x0021, 0x0021, 0x0021, 0x0021, 0x0021,
  0x0021, 0x0021, 0x0021, 0x0021, 0x0021, 0x0021, 0x0021, 0x0021, 0x0021, 0x0021, 0x0021, 0x0021,
  0x0021, 0x0021, 0x0021, 0x0021, 0x0021, 0x0021, 0x0021, 0x0021, 0x0021, 0x0021, 0x0021, 0x0021,
  0x0021, 0x0021, 0x0021, 0x0021, 0x0021, 0x3211, 0x5B37, 0x5B36, 0x31F0, 0x0863, 0x0001, 0x0021,
  0x0842, 0x6B98, 0x845C, 0x94BC, 0x847D, 0x6357, 0x0021, 0x0000, 0x29AC, 0x6377, 0x4250, 0x0000,
  0x0021, 0x0021, 0x0021, 0x0021, 0x0021, 0x0021, 0x0021, 0x0021, 0x0021, 0x0021, 0x0021, 0x0021,
  0x0021, 0x0021, 0x0021, 0x0021, 0x0001, 0x0862, 0x0042, 0x0000, 0x0042, 0x2128, 0x3A2E, 0x31CA,
  0x318A, 0x3A54, 0x110A, 0x0000, 0x426C, 0x216A, 0x29AC, 0xA51B, 0xC5FE, 0xC5FD, 0xCE3E, 0x6BD9,
  0x4B3B, 0x3210, 0x6BF7, 0xB61F, 0x31CB, 0x0000, 0x7C38, 0xA51A, 0xA55A, 0x5B11, 0x845A, 0x7C9D,
  0x6D9F, 0x5C77, 0x0882, 0x0000, 0x0000, 0x0000, 0x0000, 0x0000, 0x0000, 0x0000, 0x0000, 0x0000,
  0x0000, 0x0000, 0x0000, 0x0000, 0x0000, 0x0000, 0x0000, 0x0000, 0x0000, 0x0000, 0x0000, 0x0000,
  0x0000, 0x0000, 0x0000, 0x0000, 0x0000, 0x0000, 0x0000, 0x0000, 0x0000, 0x0000, 0x0000, 0x0000,
  0x0000, 0x0000, 0x0000, 0x0000, 0x0000, 0x0000, 0x0000, 0x0000, 0x0000, 0x0000, 0x0000, 0x0000,
  0x0000, 0x0000, 0x0000, 0x0000, 0x0000, 0x0000, 0x0000, 0x0000, 0x0000, 0x0000, 0x0000, 0x0000,
  0x0000, 0x0000, 0x0000, 0x0000, 0x0000, 0x0000, 0x0000, 0x0000, 0x0000, 0x0000, 0x0000, 0x0000,
  0x0000, 0x0000, 0x0000, 0x0000, 0x0000, 0x0000, 0x0000, 0x0000, 0x0000, 0x0000, 0x0000, 0x0000,
  0x0000, 0x0000, 0x0000, 0x0000, 0x0000, 0x0000, 0x0000, 0x3B30, 0x5DBF, 0x228E, 0x0000, 0x0000,
  0x0022, 0x0021, 0x0021, 0x0021, 0x0021, 0x0021, 0x0021, 0x0021, 0x0021, 0x0021, 0x0021, 0x0021,
  0x0021, 0x0021, 0x0021, 0x0021, 0x0021, 0x0021, 0x0021, 0x0021, 0x0021, 0x0021, 0x0021, 0x0021,
  0x0021, 0x0021, 0x0021, 0x0021, 0x0021, 0x0021, 0x0021, 0x0021, 0x0021, 0x0021, 0x0021, 0x0021,
  0x0021, 0x0021, 0x0021, 0x0021, 0x0021, 0x0021, 0x0021, 0x0021, 0x0021, 0x0021, 0x0021, 0x0021,
  0x0021, 0x0021, 0x0021, 0x0021, 0x0021, 0x0021, 0x0021, 0x0021, 0x0021, 0x0021, 0x0021, 0x0021,
  0x0021, 0x0021, 0x0021, 0x0021, 0x0021, 0x0021, 0x0021, 0x0021, 0x0021, 0x0021, 0x0021, 0x0021,
  0x0021, 0x0021, 0x0021, 0x0000, 0x1909, 0x4AB5, 0x5B36, 0x3A53, 0x0864, 0x0000, 0x0022, 0x0000,
  0x10C5, 0x6BBA, 0x7C3B, 0x845B, 0x73FD, 0x3A0E, 0x0000, 0x0000, 0x18E7, 0x6377, 0x3A2F, 0x0000,
  0x0021, 0x0021, 0x0021, 0x0021, 0x0021, 0x0021, 0x0021, 0x0021, 0x0021, 0x0021, 0x0021, 0x0021,
  0x0021, 0x0021, 0x0021, 0x0021, 0x0000, 0x0021, 0x2969, 0x4A6E, 0x6BB5, 0x9CFB, 0xA53C, 0xAD5D,
  0xAD9F, 0xBDDF, 0x73D4, 0x4AD0, 0x422B, 0x10E9, 0x0043, 0x7BF7, 0xAD9E, 0xBDDD, 0xC5FE, 0x94BB,
  0x535B, 0x218D, 0x537B, 0x5B78, 0x6BB3, 0x3A0B, 0x5B33, 0xA53B, 0xA539, 0x6395, 0x6BDA, 0x8C9D,
  0x196C, 0x547A, 0x54FB, 0x1947, 0x0000, 0x0000, 0x0000, 0x0000, 0x0000, 0x0000, 0x0000, 0x0000,
  0x0000, 0x0000, 0x0000, 0x0000, 0x0000, 0x0000, 0x0000, 0x0000, 0x0000, 0x0000, 0x0000, 0x0000,
  0x0000, 0x0000, 0x0000, 0x0000, 0x0000, 0x0000, 0x0000, 0x0000, 0x0000, 0x0000, 0x0000, 0x0000,
  0x0000, 0x0000, 0x0000, 0x0000, 0x0000, 0x0000, 0x0000, 0x0000, 0x0000, 0x0000, 0x0000, 0x0000,
  0x0000, 0x0000, 0x0000, 0x0000, 0x0000, 0x0000, 0x0000, 0x0000, 0x0000, 0x0000, 0x0000, 0x0000,
  0x0000, 0x0000, 0x0000, 0x0000, 0x0000, 0x0000, 0x0000, 0x0000, 0x0000, 0x0000, 0x0000, 0x0000,
  0x0000, 0x0000, 0x0000, 0x0000, 0x0000, 0x0000, 0x0000, 0x0000, 0x0000, 0x0000, 0x0000, 0x0000,
  0x0000, 0x0000, 0x0000, 0x0000, 0x0000, 0x0862, 0x4C57, 0x551C, 0x1147, 0x0000, 0x0021, 0x0021,
  0x0021, 0x0021, 0x0021, 0x0021, 0x0021, 0x0021, 0x0021, 0x0021, 0x0021, 0x0021, 0x0021, 0x0021,
  0x0021, 0x0021, 0x0021, 0x0021, 0x0021, 0x0021, 0x0021, 0x0021, 0x0021, 0x0021, 0x0021, 0x0021,
  0x0021, 0x0021, 0x0021, 0x0021, 0x0021, 0x0021, 0x0021, 0x0021, 0x0021, 0x0021, 0x0021, 0x0021,
  0x0021, 0x0021, 0x0021, 0x0021, 0x0021, 0x0021, 0x0021, 0x0021, 0x0021, 0x0021, 0x0021, 0x0021,
  0x0021, 0x0021, 0x0021, 0x0021, 0x0021, 0x0021, 0x0021, 0x0021, 0x0021, 0x0021, 0x0021, 0x0021,
  0x0021, 0x0021, 0x0021, 0x0021, 0x0021, 0x0021, 0x0021, 0x0021, 0x0021, 0x0021, 0x0021, 0x0021,
  0x0021, 0x0021, 0x0021, 0x0021, 0x3211, 0x5316, 0x3A53, 0x08A6, 0x0000, 0x0021, 0x0021, 0x0000,
  0x2128, 0x6BBA, 0x7BFA, 0x7BFB, 0x5B5A, 0x10A5, 0x0000, 0x0021, 0x0042, 0x5315, 0x31ED, 0x0000,
  0x0021, 0x0021, 0x0021, 0x0021, 0x0021, 0x0021, 0x0021, 0x0021, 0x0021, 0x0021, 0x0021, 0x0021,
  0x0021, 0x0021, 0x0000, 0x0022, 0x296A, 0x5B33, 0x73D8, 0x8439, 0x8C7A, 0xA51B, 0xAD7D, 0xB59E,
  0xAD5C, 0x6B73, 0x18C4, 0x5310, 0x3A0A, 0x0044, 0x0865, 0x6398, 0xAD7E, 0xB59D, 0xAD5D, 0xA53E,
  0x3232, 0x0023, 0x42D7, 0x3A54, 0x0020, 0x5310, 0x84D9, 0x94D9, 0x94B9, 0x6353, 0x216D, 0x951F,
  0x3A51, 0x116D, 0x6CFC, 0x5D7E, 0x220B, 0x0000, 0x0000, 0x0000, 0x0000, 0x0000, 0x0000, 0x0000,
  0x0000, 0x0000, 0x0000, 0x0000, 0x0000, 0x0000, 0x0000, 0x0000, 0x0000, 0x0000, 0x0000, 0x0000,
  0x0000, 0x0000, 0x0000, 0x0000, 0x0000, 0x0000, 0x0000, 0x0000, 0x0000, 0x0000, 0x0000, 0x0000,
  0x0000, 0x0000, 0x0000, 0x0000, 0x0000, 0x0000, 0x0000, 0x0000, 0x0000, 0x0000, 0x0000, 0x0000,
  0x0000, 0x0000, 0x0000, 0x0000, 0x0000, 0x0000, 0x0000, 0x0000, 0x0000, 0x0000, 0x0000, 0x0000,
  0x0000, 0x0000, 0x0000, 0x0000, 0x0000, 0x0000, 0x0000, 0x0000, 0x0000, 0x0000, 0x0000, 0x0000,
  0x0000, 0x0000, 0x0000, 0x0000, 0x0000, 0x0000, 0x0000, 0x0000, 0x0000, 0x0000, 0x0000, 0x0000,
  0x0000, 0x0000, 0x0020, 0x0000, 0x1925, 0x5D1C, 0x3C37, 0x0062, 0x0000, 0x0042, 0x0021, 0x0021,
  0x0021, 0x0021, 0x0021, 0x0021, 0x0021, 0x0021, 0x0021, 0x0021, 0x0021, 0x0021, 0x0021, 0x0021,
  0x0021, 0x0021, 0x0021, 0x0021, 0x0021, 0x0021, 0x0021, 0x0021, 0x0021, 0x0021, 0x0021, 0x0021,
  0x0021, 0x0021, 0x0021, 0x0021, 0x0021, 0x0021, 0x0021, 0x0021, 0x0021, 0x0021, 0x0021, 0x0021,
  0x0021, 0x0021, 0x0021, 0x0021, 0x0021, 0x0021, 0x0021, 0x0021, 0x0021, 0x0021, 0x0021, 0x0021,
  0x0021, 0x0021, 0x0021, 0x0021, 0x0021, 0x0021, 0x0021, 0x0021, 0x0021, 0x0021, 0x0021, 0x0021,
  0x0021, 0x0021, 0x0021, 0x0021, 0x0021, 0x0021, 0x0021, 0x0021, 0x0021, 0x0021, 0x0021, 0x0021,
  0x0021, 0x0021, 0x0000, 0x10C7, 0x4AF6, 0x42B4, 0x10A6, 0x0000, 0x0021, 0x0021, 0x0021, 0x0000,
  0x298B, 0x6BDB, 0x7BFA, 0x6BBB, 0x4293, 0x0000, 0x0021, 0x0021, 0x0000, 0x3A4F, 0x29AB, 0x0000,
  0x0021, 0x0021, 0x0021, 0x0021, 0x0021, 0x0021, 0x0021, 0x0021, 0x0021, 0x0021, 0x0021, 0x0021,
  0x0021, 0x0000, 0x1907, 0x52D2, 0x73D8, 0x8438, 0x8479, 0x8C9A, 0x94DB, 0x8C9A, 0x73D6, 0x52D1,
  0x2988, 0x0842, 0x31A9, 0x3A0B, 0x8435, 0x31C9, 0x110C, 0x29CE, 0x9CDB, 0xAD5D, 0xAD5D, 0xA55D,
  0x3A50, 0x0067, 0x214A, 0x3A53, 0x0000, 0x0000, 0x31EB, 0x8CBA, 0x8C99, 0x6352, 0x0001, 0x5379,
  0x849B, 0x0066, 0x5B31, 0x95DD, 0x557F, 0x2A8F, 0x0000, 0x0000, 0x0000, 0x0000, 0x0000, 0x0000,
  0x0000, 0x0000, 0x0000, 0x0000, 0x0000, 0x0000, 0x0000, 0x0000, 0x0000, 0x0000, 0x0000, 0x0000,
  0x0000, 0x0000, 0x0000, 0x0000, 0x0000, 0x0000, 0x0000, 0x0000, 0x0000, 0x0000, 0x0000, 0x0000,
  0x0000, 0x0000, 0x0000, 0x0000, 0x0000, 0x0000, 0x0000, 0x0000, 0x0000, 0x0000, 0x0000, 0x0000,
  0x0000, 0x0000, 0x0000, 0x0000, 0x0000, 0x0000, 0x0000, 0x0000, 0x0000, 0x0000, 0x0000, 0x0000,
  0x0000, 0x0000, 0x0000, 0x0000, 0x0000, 0x0000, 0x0000, 0x0000, 0x0000, 0x0000, 0x0000, 0x0000,
  0x0000, 0x0000, 0x0000, 0x0000, 0x0000, 0x0000, 0x0000, 0x0000, 0x0000, 0x0000, 0x0000, 0x0000,
  0x0000, 0x0000, 0x0000, 0x21EA, 0x5D9E, 0x2B32, 0x0000, 0x0000, 0x0022, 0x0021, 0x0021, 0x0021,
  0x0021, 0x0021, 0x0021, 0x0021, 0x0021, 0x0021, 0x0021, 0x0021, 0x0021, 0x0021, 0x0021, 0x0021,
  0x0021, 0x0021, 0x0021, 0x0021, 0x0021, 0x0021, 0x0021, 0x0021, 0x0021, 0x0021, 0x0021, 0x0021,
  0x0021, 0x0021, 0x0021, 0x0021, 0x0021, 0x0021, 0x0021, 0x0021, 0x0021, 0x0021, 0x0021, 0x0021,
  0x0021, 0x0021, 0x0021, 0x0021, 0x0021, 0x0021, 0x0021, 0x0021, 0x0021, 0x0021, 0x0021, 0x0021,
  0x0021, 0x0021, 0x0021, 0x0021, 0x0021, 0x0021, 0x0021, 0x0021, 0x0021, 0x0021, 0x0021, 0x0021,
  0x0021, 0x0021, 0x0021, 0x0021, 0x0021, 0x0021, 0x0021, 0x0021, 0x0021, 0x0021, 0x0021, 0x0021,
  0x0021, 0x0021, 0x0000, 0x31EF, 0x52F6, 0x10C7, 0x0000, 0x0021, 0x0021, 0x0021, 0x0021, 0x0000,
  0x31CD, 0x6BBA, 0x7BF9, 0x63BA, 0x216A, 0x0000, 0x0021, 0x0021, 0x0000, 0x2149, 0x2149, 0x0000,
  0x0021, 0x0021, 0x0021, 0x0021, 0x0021, 0x0021, 0x0021, 0x0021, 0x0021, 0x0021, 0x0021, 0x0000,
  0x0001, 0x31CD, 0x6377, 0x6BB7, 0x7C17, 0x8459, 0x845A, 0x6355, 0x3A2E, 0x424E, 0x6332, 0x8436,
  0xB59D, 0x8436, 0x4A8E, 0x31A9, 0xCE3E, 0xC63E, 0x4AD3, 0x0024, 0x6BB9, 0xA51D, 0xA53D, 0x9D1C,
  0x63B8, 0x0023, 0x0884, 0x29CE, 0x0001, 0x0021, 0x0002, 0x5B96, 0x94BA, 0x7C36, 0x0020, 0x090C,
  0x7CBD, 0x320C, 0x3A91, 0xB59A, 0xB63D, 0x5D7F, 0x2B32, 0x0020, 0x0000, 0x0000, 0x0000, 0x0000,
  0x0000, 0x0000, 0x0000, 0x0000, 0x0000, 0x0000, 0x0000, 0x0000, 0x0000, 0x0000, 0x0000, 0x0000,
  0x0000, 0x0000, 0x0000, 0x0000, 0x0000, 0x0000, 0x0000, 0x0000, 0x0000, 0x0000, 0x0000, 0x0000,
  0x0000, 0x0000, 0x0000, 0x0000, 0x0000, 0x0000, 0x0000, 0x0000, 0x0000, 0x0000, 0x0000, 0x0000,
  0x0000, 0x0000, 0x0000, 0x0000, 0x0000, 0x0000, 0x0000, 0x0000, 0x0000, 0x0000, 0x0000, 0x0000,
  0x0000, 0x0000, 0x0000, 0x0000, 0x0000, 0x0000, 0x0000, 0x0000, 0x0000, 0x0000, 0x0000, 0x0000,
  0x0000, 0x0000, 0x0000, 0x0000, 0x0000, 0x0000, 0x0000, 0x0000, 0x0000, 0x0000, 0x0000, 0x0000,
  0x0000, 0x0000, 0x32AE, 0x557E, 0x222C, 0x0000, 0x0021, 0x0021, 0x0021, 0x0021, 0x0021, 0x0021,
  0x0021, 0x0021, 0x0021, 0x0021, 0x0021, 0x0021, 0x0021, 0x0021, 0x0021, 0x0021, 0x0021, 0x0021,
  0x0021, 0x0021, 0x0021, 0x0021, 0x0021, 0x0021, 0x0021, 0x0021, 0x0021, 0x0021, 0x0021, 0x0021,
  0x0021, 0x0021, 0x0021, 0x0021, 0x0021, 0x0021, 0x0021, 0x0021, 0x0021, 0x0021, 0x0021, 0x0021,
  0x0021, 0x0021, 0x0021, 0x0021, 0x0021, 0x0021, 0x0021, 0x0021, 0x0021, 0x0021, 0x0021, 0x0021,
  0x0021, 0x0021, 0x0021, 0x0021, 0x0021, 0x0021, 0x0021, 0x0021, 0x0021, 0x0021, 0x0021, 0x0021,
  0x0021, 0x0021, 0x0021, 0x0021, 0x0021, 0x0021, 0x0021, 0x0021, 0x0021, 0x0021, 0x0021, 0x0021,
  0x0021, 0x0000, 0x0863, 0x4AD5, 0x1929, 0x0000, 0x0021, 0x0021, 0x0021, 0x0021, 0x0021, 0x0000,
  0x320F, 0x6BDA, 0x73D9, 0x5316, 0x0042, 0x0001, 0x0021, 0x0021, 0x0000, 0x10A4, 0x18E6, 0x0000,
  0x0021, 0x0021, 0x0021, 0x0021, 0x0021, 0x0021, 0x0021, 0x0021, 0x0021, 0x0021, 0x0000, 0x0884,
  0x4AB3, 0x6398, 0x6376, 0x5B55, 0x4AB1, 0x31CB, 0x1084, 0x10C4, 0x5AF0, 0x9CFB, 0xB59E, 0xC63F,
  0x8C58, 0x1906, 0x29A9, 0x420B, 0xCE7F, 0xCE5F, 0xA53B, 0x10C8, 0x4B1B, 0x9CDC, 0xA53D, 0x8CBB,
  0x6BB6, 0x0043, 0x0022, 0x08A5, 0x0022, 0x0000, 0x08C6, 0x4AF4, 0x8458, 0x8498, 0x6BF3, 0x216B,
  0x194C, 0x8CDC, 0x4B16, 0x7C57, 0xD69C, 0xBE5D, 0x5D7F, 0x33B6, 0x0041, 0x0000, 0x0000, 0x0000,
  0x0000, 0x0000, 0x0000, 0x0000, 0x0000, 0x0000, 0x0000, 0x0000, 0x0000, 0x0000, 0x0000, 0x0000,
  0x0000, 0x0000, 0x0000, 0x0000, 0x0000, 0x0000, 0x0000, 0x0000, 0x0000, 0x0000, 0x0000, 0x0000,
  0x0000, 0x0000, 0x0000, 0x0000, 0x0000, 0x0000, 0x0000, 0x0000, 0x0000, 0x0000, 0x0000, 0x0000,
  0x0000, 0x0000, 0x0000, 0x0000, 0x0000, 0x0000, 0x0000, 0x0000, 0x0000, 0x0000, 0x0000, 0x0000,
  0x0000, 0x0000, 0x0000, 0x0000, 0x0000, 0x0000, 0x0000, 0x0000, 0x0000, 0x0000, 0x0000, 0x0000,
  0x0000, 0x0000, 0x0000, 0x0000, 0x0000, 0x0000, 0x0000, 0x0000, 0x0000, 0x0000, 0x0000, 0x0000,
  0x0000, 0x3B72, 0x4D3D, 0x1148, 0x0000, 0x0022, 0x0021, 0x0021, 0x0021, 0x0021, 0x0021, 0x0021,
  0x0021, 0x0021, 0x0021, 0x0021, 0x0021, 0x0021, 0x0021, 0x0021, 0x0021, 0x0021, 0x0021, 0x0021,
  0x0021, 0x0021, 0x0021, 0x0021, 0x0021, 0x0021, 0x0021, 0x0021, 0x0021, 0x0021, 0x0021, 0x0021,
  0x0021, 0x0021, 0x0021, 0x0021, 0x0021, 0x0021, 0x0021, 0x0021, 0x0021, 0x0021, 0x0021, 0x0021,
  0x0021, 0x0021, 0x0021, 0x0021, 0x0021, 0x0021, 0x0021, 0x0021, 0x0021, 0x0021, 0x0021, 0x0021,
  0x0021, 0x0021, 0x0021, 0x0021, 0x0021, 0x0021, 0x0021, 0x0021, 0x0021, 0x0021, 0x0021, 0x0021,
  0x0021, 0x0021, 0x0021, 0x0021, 0x0021, 0x0021, 0x0021, 0x0021, 0x0021, 0x0021, 0x0021, 0x0021,
  0x0021, 0x0000, 0x214A, 0x214A, 0x0000, 0x0021, 0x0021, 0x0021, 0x0021, 0x0021, 0x0021, 0x0000,
  0x3A0F, 0x73F9, 0x73DA, 0x29CD, 0x0000, 0x0021, 0x0021, 0x0021, 0x0001, 0x0862, 0x10A4, 0x0001,
  0x0021, 0x0021, 0x0021, 0x0021, 0x0021, 0x0021, 0x0021, 0x0021, 0x0021, 0x0000, 0x2128, 0x5B35,
  0x4AB2, 0x298A, 0x18E6, 0x0884, 0x0001, 0x0000, 0x2948, 0x7C17, 0xA55D, 0xB59C, 0xB59D, 0x8417,
  0x39EA, 0x4A8E, 0x422C, 0x4A4C, 0xCE5F, 0xC61D, 0xC61F, 0x6374, 0x3279, 0x73FB, 0x94DC, 0x8479,
  0x73F7, 0x10C5, 0x0000, 0x0021, 0x0021, 0x0000, 0x216C, 0x21AE, 0x73F6, 0x5B53, 0x29AA, 0x7C9A,
  0x320B, 0x428F, 0x847B, 0x5BB6, 0xADBB, 0xD67C, 0xBE1C, 0x5D5F, 0x33F8, 0x0062, 0x0000, 0x0000,
  0x0000, 0x0000, 0x0000, 0x0000, 0x0000, 0x0000, 0x0000, 0x0000, 0x0000, 0x0000, 0x0000, 0x0000,
  0x0000, 0x0000, 0x0000, 0x0000, 0x0000, 0x0000, 0x0000, 0x0000, 0x0000, 0x0000, 0x0000, 0x0000,
  0x0000, 0x0000, 0x0000, 0x0000, 0x0000, 0x0000, 0x0000, 0x0000, 0x0000, 0x0000, 0x0000, 0x0000,
  0x0000, 0x0000, 0x0000, 0x0000, 0x0000, 0x0000, 0x0000, 0x0000, 0x0000, 0x0000, 0x0000, 0x0000,
  0x0000, 0x0000, 0x0000, 0x0000, 0x0000, 0x0000, 0x0000, 0x0000, 0x0000, 0x0000, 0x0000, 0x0000,
  0x0000, 0x0000, 0x0000, 0x0000, 0x0000, 0x0000, 0x0000, 0x0000, 0x0000, 0x0000, 0x0000, 0x0020,
  0x43F6, 0x44DB, 0x08A4, 0x0000, 0x0022, 0x0021, 0x0021, 0x0021, 0x0021, 0x0021, 0x0021, 0x0021,
  0x0021, 0x0021, 0x0021, 0x0021, 0x0021, 0x0021, 0x0021, 0x0021, 0x0021, 0x0021, 0x0021, 0x0021,
  0x0021, 0x0021, 0x0021, 0x0021, 0x0021, 0x0021, 0x0021, 0x0021, 0x0021, 0x0021, 0x0021, 0x0021,
  0x0021, 0x0021, 0x0021, 0x0021, 0x0021, 0x0021, 0x0021, 0x0021, 0x0021, 0x0021, 0x0021, 0x0021,
  0x0021, 0x0021, 0x0021, 0x0021, 0x0021, 0x0021, 0x0021, 0x0021, 0x0021, 0x0021, 0x0021, 0x0021,
  0x0021, 0x0021, 0x0021, 0x0021, 0x0021, 0x0021, 0x0021, 0x0021, 0x0021, 0x0021, 0x0021, 0x0021,
  0x0021, 0x0021, 0x0021, 0x0021, 0x0021, 0x0021, 0x0021, 0x0021, 0x0021, 0x0021, 0x0021, 0x0021,
  0x0001, 0x0042, 0x1928, 0x0000, 0x0021, 0x0021, 0x0021, 0x0021, 0x0021, 0x0021, 0x0021, 0x0000,
  0x3A0F, 0x73D9, 0x6357, 0x0863, 0x0000, 0x0021, 0x0021, 0x0021, 0x0021, 0x0021, 0x0042, 0x0021,
  0x0021, 0x0021, 0x0021, 0x0021, 0x0021, 0x0021, 0x0021, 0x0001, 0x0041, 0x1907, 0x216A, 0x10A4,
  0x0001, 0x0000, 0x0000, 0x0000, 0x0042, 0x4A90, 0x8439, 0x8C79, 0xA51B, 0xA53C, 0x8437, 0x8416,
  0xA51A, 0x73F5, 0x8C98, 0x4A6E, 0xC5FF, 0xC61D, 0xC63E, 0xB5BE, 0x3A99, 0x3A9A, 0x6BBA, 0x73F8,
  0x73D8, 0x2169, 0x0000, 0x0021, 0x0021, 0x0000, 0x218E, 0x3231, 0x63B6, 0x63B6, 0x29AA, 0x2A0F,
  0x6C39, 0x7414, 0xA55C, 0x5B96, 0x7498, 0xC61B, 0xE6FE, 0x94B5, 0x2376, 0x3439, 0x0083, 0x0000,
  0x0000, 0x0000, 0x0000, 0x0000, 0x0000, 0x0000, 0x0000, 0x0000, 0x0000, 0x0000, 0x0000, 0x0000,
  0x0000, 0x0000, 0x0000, 0x0000, 0x0000, 0x0000, 0x0000, 0x0000, 0x0000, 0x0000, 0x0000, 0x0000,
  0x0000, 0x0000, 0x0000, 0x0000, 0x0000, 0x0000, 0x0000, 0x0000, 0x0000, 0x0000, 0x0000, 0x0000,
  0x0000, 0x0000, 0x0000, 0x0000, 0x0000, 0x0000, 0x0000, 0x0000, 0x0000, 0x0000, 0x0000, 0x0000,
  0x0000, 0x0000, 0x0000, 0x0000, 0x0000, 0x0000, 0x0000, 0x0000, 0x0000, 0x0000, 0x0000, 0x0000,
  0x0000, 0x0000, 0x0000, 0x0000, 0x0000, 0x0000, 0x0000, 0x0000, 0x0000, 0x0000, 0x0041, 0x4458,
  0x3C59, 0x0062, 0x0000, 0x0042, 0x0021, 0x0021, 0x0021, 0x0021, 0x0021, 0x0021, 0x0021, 0x0021,
  0x0021, 0x0021, 0x0021, 0x0021, 0x0021, 0x0021, 0x0021, 0x0021, 0x0021, 0x0021, 0x0021, 0x0021,
  0x0021, 0x0021, 0x0021, 0x0021, 0x0021, 0x0021, 0x0021, 0x0021, 0x0021, 0x0021, 0x0021, 0x0021,
  0x0021, 0x0021, 0x0021, 0x0021, 0x0021, 0x0021, 0x0021, 0x0021, 0x0021, 0x0021, 0x0021, 0x0021,
  0x0021, 0x0021, 0x0021, 0x0021, 0x0021, 0x0021, 0x0021, 0x0021, 0x0021, 0x0021, 0x0021, 0x0021,
  0x0021, 0x0021, 0x0021, 0x0021, 0x0021, 0x0021, 0x0021, 0x0021, 0x0021, 0x0021, 0x0021, 0x0021,
  0x0021, 0x0021, 0x0021, 0x0021, 0x0021, 0x0021, 0x0021, 0x0021, 0x0021, 0x0021, 0x0021, 0x0021,
  0x0000, 0x0884, 0x0042, 0x0001, 0x0021, 0x0021, 0x0021, 0x0021, 0x0021, 0x0021, 0x0021, 0x0000,
  0x3A0F, 0x73DA, 0x31CD, 0x0000, 0x0021, 0x0021, 0x0021, 0x0021, 0x0021, 0x0021, 0x0021, 0x0021,
  0x0021, 0x0021, 0x0021, 0x0021, 0x0021, 0x0021, 0x0021, 0x0021, 0x0863, 0x0042, 0x0000, 0x0000,
  0x0021, 0x0022, 0x0001, 0x0842, 0x52D2, 0x845A, 0x8C99, 0x94BA, 0x8439, 0x73D7, 0xA51A, 0xC61F,
  0x9CDA, 0x9CFB, 0xA53D, 0x6312, 0xB59E, 0xC5FE, 0xC61E, 0xC61E, 0x639B, 0x3279, 0x29AD, 0x5B35,
  0x6BB8, 0x3A0D, 0x0000, 0x0042, 0x0000, 0x10A5, 0x5337, 0x5B35, 0x3A6F, 0x6396, 0x10A3, 0x218E,
  0x3A96, 0x42B1, 0x9D5B, 0x7436, 0x5352, 0xC5FB, 0xDEFD, 0xC63B, 0x2127, 0x33F9, 0x3459, 0x0883,
  0x0000, 0x0000, 0x0000, 0x0000, 0x0000, 0x0000, 0x0000, 0x0000, 0x0000, 0x0000, 0x0000, 0x0000,
  0x0000, 0x0000, 0x0000, 0x0000, 0x0000, 0x0000, 0x0000, 0x0000, 0x0000, 0x0000, 0x0000, 0x0000,
  0x0000, 0x0000, 0x0000, 0x0000, 0x0000, 0x0000, 0x0000, 0x0000, 0x0000, 0x0000, 0x0000, 0x0000,
  0x0000, 0x0000, 0x0000, 0x0000, 0x0000, 0x0000, 0x0000, 0x0000, 0x0000, 0x0000, 0x0000, 0x0000,
  0x0000, 0x0000, 0x0000, 0x0000, 0x0000, 0x0000, 0x0000, 0x0000, 0x0000, 0x0000, 0x0000, 0x0000,
  0x0000, 0x0000, 0x0000, 0x0000, 0x0000, 0x0000, 0x0000, 0x0000, 0x0000, 0x0862, 0x3C59, 0x33F7,
  0x0021, 0x0000, 0x0021, 0x0021, 0x0021, 0x0021, 0x0021, 0x0021, 0x0021, 0x0021, 0x0021, 0x0021,
  0x0021, 0x0021, 0x0021, 0x0021, 0x0021, 0x0021, 0x0021, 0x0021, 0x0021, 0x0021, 0x0021, 0x0021,
  0x0021, 0x0021, 0x0021, 0x0021, 0x0021, 0x0021, 0x0021, 0x0021, 0x0021, 0x0021, 0x0021, 0x0021,
  0x0021, 0x0021, 0x0021, 0x0021, 0x0021, 0x0021, 0x0021, 0x0021, 0x0021, 0x0021, 0x0021, 0x0021,
  0x0021, 0x0021, 0x0021, 0x0021, 0x0021, 0x0021, 0x0021, 0x0021, 0x0021, 0x0021, 0x0021, 0x0021,
  0x0021, 0x0021, 0x0021, 0x0021, 0x0021, 0x0021, 0x0021, 0x0021, 0x0021, 0x0021, 0x0021, 0x0021,
  0x0021, 0x0021, 0x0021, 0x0021, 0x0021, 0x0021, 0x0021, 0x0021, 0x0021, 0x0021, 0x0021, 0x0021,
  0x0021, 0x0021, 0x0021, 0x0021, 0x0021, 0x0021, 0x0021, 0x0021, 0x0021, 0x0021, 0x0021, 0x0000,
  0x3A2F, 0x6377, 0x0042, 0x0001, 0x0021, 0x0021, 0x0021, 0x0021, 0x0021, 0x0021, 0x0021, 0x0021,
  0x0021, 0x0021, 0x0021, 0x0021, 0x0021, 0x0021, 0x0021, 0x0021, 0x0001, 0x0001, 0x0021, 0x0021,
  0x0021, 0x0001, 0x0863, 0x4AB2, 0x6BB7, 0x8438, 0x94DA, 0x73D7, 0x4A90, 0x94BA, 0xBDDE, 0xB5BD,
  0xA51E, 0xA51E, 0x9CFE, 0x6B74, 0xAD5D, 0xBDDE, 0xBDDE, 0xC5FE, 0x8C9C, 0x3257, 0x0021, 0x298A,
  0x6397, 0x4AB2, 0x0001, 0x0000, 0x1949, 0x4272, 0x29CD, 0x0022, 0x0042, 0x5355, 0x3A0D, 0x3233,
  0x3A74, 0x0000, 0x21AE, 0x8D1C, 0x9D59, 0xA538, 0xC65C, 0xCE9D, 0x84B9, 0x42D6, 0x449D, 0x2C19,
  0x0083, 0x0000, 0x0000, 0x0000, 0x0000, 0x0000, 0x0000, 0x0000, 0x0000, 0x0000, 0x0000, 0x0000,
  0x0000, 0x0000, 0x0000, 0x0000, 0x0000, 0x0000, 0x0000, 0x0000, 0x0000, 0x0000, 0x0000, 0x0000,
  0x0000, 0x0000, 0x0000, 0x0000, 0x0000, 0x0000, 0x0000, 0x0000, 0x0000, 0x0000, 0x0000, 0x0000,
  0x0000, 0x0000, 0x0000, 0x0000, 0x0000, 0x0000, 0x0000, 0x0000, 0x0000, 0x0000, 0x0000, 0x0000,
  0x0000, 0x0000, 0x0000, 0x0000, 0x0000, 0x0000, 0x0000, 0x0000, 0x0000, 0x0000, 0x0000, 0x0000,
  0x0000, 0x0000, 0x0000, 0x0000, 0x0000, 0x0000, 0x0000, 0x0000, 0x0062, 0x3C7A, 0x33D6, 0x0000,
  0x0001, 0x0021, 0x0021, 0x0021, 0x0021, 0x0021, 0x0021, 0x0021, 0x0021, 0x0021, 0x0021, 0x0021,
  0x0021, 0x0021, 0x0021, 0x0021, 0x0021, 0x0021, 0x0021, 0x0021, 0x0021, 0x0021, 0x0021, 0x0021,
  0x0021, 0x0021, 0x0021, 0x0021, 0x0021, 0x0021, 0x0021, 0x0021, 0x0021, 0x0021, 0x0021, 0x0021,
  0x0021, 0x0021, 0x0021, 0x0021, 0x0021, 0x0021, 0x0021, 0x0021, 0x0021, 0x0021, 0x0021, 0x0021,
  0x0021, 0x0021, 0x0021, 0x0021, 0x0021, 0x0021, 0x0021, 0x0021, 0x0021, 0x0021, 0x0021, 0x0021,
  0x0021, 0x0021, 0x0021, 0x0021, 0x0021, 0x0021, 0x0021, 0x0021, 0x0021, 0x0021, 0x0021, 0x0021,
  0x0021, 0x0021, 0x0021, 0x0021, 0x0021, 0x0021, 0x0021, 0x0021, 0x0021, 0x0021, 0x0021, 0x0021,
  0x0021, 0x0021, 0x0021, 0x0021, 0x0021, 0x0021, 0x0021, 0x0021, 0x0021, 0x0021, 0x0021, 0x0000,
  0x3A2E, 0x31CC, 0x0000, 0x0021, 0x0021, 0x0021, 0x0021, 0x0021, 0x0021, 0x0021, 0x0021, 0x0021,
  0x0021, 0x0021, 0x0021, 0x0021, 0x0021, 0x0021, 0x0021, 0x0021, 0x0021, 0x0021, 0x0021, 0x0021,
  0x0001, 0x0022, 0x4AB1, 0x73D7, 0x73D6, 0x73F8, 0x5B14, 0x29AA, 0x8417, 0xA53D, 0xB59D, 0xA53D,
  0x94BD, 0x9CDD, 0xA53E, 0x6374, 0x9CFB, 0xB5BE, 0xBDDD, 0xB5BE, 0xA53E, 0x29F3, 0x0000, 0x0000,
  0x4291, 0x6397, 0x0043, 0x1929, 0x29AC, 0x0022, 0x0000, 0x0042, 0x0000, 0x4270, 0x6BD8, 0x3234,
  0x196C, 0x0000, 0x194B, 0x21B0, 0x5B94, 0x8D3A, 0xB5FB, 0xD6BD, 0xB5DB, 0x214A, 0x3A51, 0x3C3A,
  0x2C39, 0x0083, 0x0000, 0x0000, 0x0000, 0x0000, 0x0000, 0x0000, 0x0000, 0x0000, 0x0000, 0x0000,
  0x0000, 0x0000, 0x0000, 0x0000, 0x0000, 0x0000, 0x0000, 0x0000, 0x0000, 0x0000, 0x0000, 0x0000,
  0x0000, 0x0000, 0x0000, 0x0000, 0x0000, 0x0000, 0x0000, 0x0000, 0x0000, 0x0000, 0x0000, 0x0000,
  0x0000, 0x0000, 0x0000, 0x0000, 0x0000, 0x0000, 0x0000, 0x0000, 0x0000, 0x0000, 0x0000, 0x0000,
  0x0000, 0x0000, 0x0000, 0x0000, 0x0000, 0x0000, 0x0000, 0x0000, 0x0000, 0x0000, 0x0000, 0x0000,
  0x0000, 0x0000, 0x0000, 0x0000, 0x0000, 0x0000, 0x0000, 0x0041, 0x3C79, 0x33B6, 0x0000, 0x0021,
  0x0021, 0x0021, 0x0021, 0x0021, 0x0021, 0x0021, 0x0021, 0x0021, 0x0021, 0x0021, 0x0021, 0x0021,
  0x0021, 0x0021, 0x0021, 0x0021, 0x0021, 0x0021, 0x0021, 0x0021, 0x0021, 0x0021, 0x0021, 0x0021,
  0x0021, 0x0021, 0x0021, 0x0021, 0x0021, 0x0021, 0x0021, 0x0021, 0x0021, 0x0021, 0x0021, 0x0021,
  0x0021, 0x0021, 0x0021, 0x0021, 0x0021, 0x0021, 0x0021, 0x0021, 0x0021, 0x0021, 0x0021, 0x0021,
  0x0021, 0x0021, 0x0021, 0x0021, 0x0021, 0x0021, 0x0021, 0x0021, 0x0021, 0x0021, 0x0021, 0x0021,
  0x0021, 0x0021, 0x0021, 0x0021, 0x0021, 0x0021, 0x0021, 0x0021, 0x0021, 0x0021, 0x0021, 0x0021,
  0x0021, 0x0021, 0x0021, 0x0021, 0x0021, 0x0021, 0x0021, 0x0021, 0x0021, 0x0021, 0x0021, 0x0021,
  0x0021, 0x0021, 0x0021, 0x0021, 0x0021, 0x0021, 0x0021, 0x0021, 0x0021, 0x0021, 0x0021, 0x0000,
  0x298B, 0x1084, 0x0000, 0x0021, 0x0021, 0x0021, 0x0021, 0x0021, 0x0021, 0x0021, 0x0021, 0x0021,
  0x0021, 0x0021, 0x0021, 0x0021, 0x0021, 0x0021, 0x0021, 0x0021, 0x0021, 0x0021, 0x0021, 0x0021,
  0x0000, 0x3A0E, 0x6BB6, 0x7BF6, 0x73B7, 0x3A0E, 0x0022, 0x5B12, 0x9CFC, 0xA55C, 0x9CDC, 0x8C7D,
  0x8C9D, 0xA51D, 0xA53F, 0x52D1, 0x7BF7, 0xAD7F, 0xBDDD, 0xB57D, 0xA53E, 0x31CF, 0x0000, 0x0001,
  0x08A5, 0x6BB7, 0x31EE, 0x08A5, 0x0000, 0x0021, 0x0021, 0x0021, 0x0000, 0x2149, 0x849B, 0x3233,
  0x08A6, 0x0000, 0x08A6, 0x21D1, 0x2A12, 0x7459, 0xB5BA, 0xD69D, 0xD6DD, 0x4AAE, 0x00A9, 0x5336,
  0x4CBD, 0x3438, 0x0862, 0x0000, 0x0000, 0x0000, 0x0000, 0x0000, 0x0000, 0x0000, 0x0000, 0x0000,
  0x0000, 0x0000, 0x0000, 0x0000, 0x0000, 0x0000, 0x0000, 0x0000, 0x0000, 0x0000, 0x0000, 0x0000,
  0x0000, 0x0000, 0x0000, 0x0000, 0x0000, 0x0000, 0x0000, 0x0000, 0x0000, 0x0000, 0x0000, 0x0000,
  0x0000, 0x0000, 0x0000, 0x0000, 0x0000, 0x0000, 0x0000, 0x0000, 0x0000, 0x0000, 0x0000, 0x0000,
  0x0000, 0x0000, 0x0000, 0x0000, 0x0000, 0x0000, 0x0000, 0x0000, 0x0000, 0x0000, 0x0000, 0x0000,
  0x0000, 0x0000, 0x0000, 0x0000, 0x0000, 0x0000, 0x0041, 0x3C38, 0x33D6, 0x0000, 0x0021, 0x0021,
  0x0021, 0x0021, 0x0021, 0x0021, 0x0021, 0x0021, 0x0021, 0x0021, 0x0021, 0x0021, 0x0021, 0x0021,
  0x0021, 0x0021, 0x0021, 0x0021, 0x0021, 0x0021, 0x0021, 0x0021, 0x0021, 0x0021, 0x0021, 0x0021,
  0x0021, 0x0021, 0x0021, 0x0021, 0x0021, 0x0021, 0x0021, 0x0021, 0x0021, 0x0021, 0x0021, 0x0021,
  0x0021, 0x0021, 0x0021, 0x0021, 0x0021, 0x0021, 0x0021, 0x0021, 0x0021, 0x0021, 0x0021, 0x0021,
  0x0021, 0x0021, 0x0021, 0x0021, 0x0021, 0x0021, 0x0021, 0x0021, 0x0021, 0x0021, 0x0021, 0x0021,
  0x0021, 0x0021, 0x0021, 0x0021, 0x0021, 0x0021, 0x0021, 0x0021, 0x0021, 0x0021, 0x0021, 0x0021,
  0x0021, 0x0021, 0x0021, 0x0021, 0x0021, 0x0021, 0x0021, 0x0021, 0x0021, 0x0021, 0x0021, 0x0021,
  0x0021, 0x0021, 0x0021, 0x0021, 0x0021, 0x0021, 0x0021, 0x0021, 0x0021, 0x0021, 0x0021, 0x0021,
  0x1907, 0x0021, 0x0001, 0x0021, 0x0021, 0x0021, 0x0021, 0x0021, 0x0021, 0x0021, 0x0021, 0x0021,
  0x0021, 0x0021, 0x0021, 0x0021, 0x0021, 0x0021, 0x0021, 0x0021, 0x0021, 0x0021, 0x0021, 0x0000,
  0x216A, 0x6356, 0x6B96, 0x5B13, 0x296A, 0x0000, 0x31AB, 0x7C19, 0x94BA, 0xA53D, 0x845B, 0x741B,
  0x847D, 0xA55D, 0x94FF, 0x3A0E, 0x52B1, 0xA55F, 0xB59C, 0xAD7D, 0xA51E, 0x39EC, 0x0000, 0x0042,
  0x0000, 0x3A0D, 0x4AD1, 0x0000, 0x0042, 0x0021, 0x0021, 0x0022, 0x0000, 0x08A7, 0x6BF9, 0x3A50,
  0x0001, 0x0001, 0x0044, 0x21B0, 0x3A54, 0x3295, 0x8CB7, 0xCE3C, 0xDEDE, 0x8C75, 0x0024, 0x5335,
  0x847B, 0x54DE, 0x33F8, 0x0041, 0x0000, 0x0000, 0x0000, 0x0000, 0x0000, 0x0000, 0x0000, 0x0000,
  0x0000, 0x0000, 0x0000, 0x0000, 0x0000, 0x0000, 0x0000, 0x0000, 0x0000, 0x0000, 0x0000, 0x0000,
  0x0000, 0x0000, 0x0000, 0x0000, 0x0000, 0x0000, 0x0000, 0x0000, 0x0000, 0x0000, 0x0000, 0x0000,
  0x0000, 0x0000, 0x0000, 0x0000, 0x0000, 0x0000, 0x0000, 0x0000, 0x0000, 0x0000, 0x0000, 0x0000,
  0x0000, 0x0000, 0x0000, 0x0000, 0x0000, 0x0000, 0x0000, 0x0000, 0x0000, 0x0000, 0x0000, 0x0000,
  0x0000, 0x0000, 0x0000, 0x0000, 0x0000, 0x0000, 0x3C17, 0x33F7, 0x0000, 0x0021, 0x0021, 0x0021,
  0x0021, 0x0021, 0x0021, 0x0021, 0x0021, 0x0021, 0x0021, 0x0021, 0x0021, 0x0021, 0x0021, 0x0021,
  0x0021, 0x0021, 0x0021, 0x0021, 0x0021, 0x0021, 0x0021, 0x0021, 0x0021, 0x0021, 0x0021, 0x0021,
  0x0021, 0x0021, 0x0021, 0x0021, 0x0021, 0x0021, 0x0021, 0x0021, 0x0021, 0x0021, 0x0021, 0x0021,
  0x0021, 0x0021, 0x0021, 0x0021, 0x0021, 0x0021, 0x0021, 0x0021, 0x0021, 0x0021, 0x0021, 0x0021,
  0x0021, 0x0021, 0x0021, 0x0021, 0x0021, 0x0021, 0x0021, 0x0021, 0x0021, 0x0021, 0x0021, 0x0021,
  0x0021, 0x0021, 0x0021, 0x0021, 0x0021, 0x0021, 0x0021, 0x0021, 0x0021, 0x0021, 0x0021, 0x0021,
  0x0021, 0x0021, 0x0021, 0x0021, 0x0021, 0x0021, 0x0021, 0x0021, 0x0021, 0x0021, 0x0021, 0x0021,
  0x0021, 0x0021, 0x0021, 0x0021, 0x0021, 0x0021, 0x0021, 0x0021, 0x0021, 0x0021, 0x0021, 0x0021,
  0x0883, 0x0001, 0x0021, 0x0021, 0x0021, 0x0021, 0x0021, 0x0021, 0x0021, 0x0021, 0x0021, 0x0021,
  0x0021, 0x0021, 0x0021, 0x0021, 0x0021, 0x0021, 0x0021, 0x0021, 0x0021, 0x0021, 0x0000, 0x10A5,
  0x5B55, 0x6376, 0x3A0E, 0x0863, 0x0000, 0x10C5, 0x6B96, 0x7C18, 0x9CFB, 0x94BD, 0x6356, 0x5B36,
  0x847E, 0x94BD, 0x847E, 0x31AC, 0x29AA, 0x9D1F, 0xA53C, 0xA51D, 0x94DE, 0x52D1, 0x0000, 0x0022,
  0x0022, 0x10E8, 0x31CB, 0x0042, 0x0001, 0x0021, 0x0021, 0x0021, 0x0000, 0x192A, 0x4B16, 0x426E,
  0x0000, 0x0022, 0x0021, 0x112A, 0x3A75, 0x29F2, 0x5332, 0xC5FB, 0xCE7D, 0xB5BB, 0x0862, 0x320E,
  0x94FE, 0x6BF9, 0x54FE, 0x2B95, 0x0020, 0x0000, 0x0000, 0x0000, 0x0000, 0x0000, 0x0000, 0x0000,
  0x0000, 0x0000, 0x0000, 0x0000, 0x0000, 0x0000, 0x0000, 0x0000, 0x0000, 0x0000, 0x0000, 0x0000,
  0x0000, 0x0000, 0x0000, 0x0000, 0x0000, 0x0000, 0x0000, 0x0000, 0x0000, 0x0000, 0x0000, 0x0000,
  0x0000, 0x0000, 0x0000, 0x0000, 0x0000, 0x0000, 0x0000, 0x0000, 0x0000, 0x0000, 0x0000, 0x0000,
  0x0000, 0x0000, 0x0000, 0x0000, 0x0000, 0x0000, 0x0000, 0x0000, 0x0000, 0x0000, 0x0000, 0x0000,
  0x0000, 0x0000, 0x0000, 0x0000, 0x0000, 0x33B5, 0x3439, 0x0021, 0x0001, 0x0021, 0x0021, 0x0021,
  0x0021, 0x0021, 0x0021, 0x0021, 0x0021, 0x0021, 0x0021, 0x0021, 0x0021, 0x0021, 0x0021, 0x0021,
  0x0021, 0x0021, 0x0021, 0x0021, 0x0021, 0x0021, 0x0021, 0x0021, 0x0021, 0x0021, 0x0021, 0x0021,
  0x0021, 0x0021, 0x0021, 0x0021, 0x0021, 0x0021, 0x0021, 0x0021, 0x0021, 0x0021, 0x0021, 0x0021,
  0x0021, 0x0021, 0x0021, 0x0021, 0x0021, 0x0021, 0x0021, 0x0021, 0x0021, 0x0021, 0x0021, 0x0021,
  0x0021, 0x0021, 0x0021, 0x0021, 0x0021, 0x0021, 0x0021, 0x0021, 0x0021, 0x0021, 0x0021, 0x0021,
  0x0021, 0x0021, 0x0021, 0x0021, 0x0021, 0x0021, 0x0021, 0x0021, 0x0021, 0x0021, 0x0021, 0x0021,
  0x0021, 0x0021, 0x0021, 0x0021, 0x0021, 0x0021, 0x0021, 0x0021, 0x0021, 0x0021, 0x0021, 0x0021,
  0x0021, 0x0021, 0x0021, 0x0021, 0x0021, 0x0021, 0x0021, 0x0021, 0x0021, 0x0021, 0x0021, 0x0021,
  0x0021, 0x0021, 0x0021, 0x0021, 0x0021, 0x0021, 0x0021, 0x0021, 0x0021, 0x0021, 0x0021, 0x0021,
  0x0021, 0x0021, 0x0021, 0x0021, 0x0021, 0x0021, 0x0021, 0x0021, 0x0021, 0x0021, 0x0001, 0x4AB2,
  0x5B13, 0x2148, 0x0001, 0x0001, 0x0000, 0x4A90, 0x7BF8, 0x8C99, 0x8C9C, 0x73DB, 0x214A, 0x5B37,
  0x7C3D, 0x847C, 0x7C3D, 0x298B, 0x0883, 0x847C, 0x94DD, 0x9CFC, 0x8C9E, 0x6355, 0x0001, 0x0021,
  0x0863, 0x0864, 0x0862, 0x10A4, 0x0000, 0x0021, 0x0021, 0x0021, 0x0000, 0x29CF, 0x218C, 0x426E,
  0x0021, 0x0021, 0x0000, 0x196C, 0x42D7, 0x218D, 0x1107, 0x9D19, 0xC61B, 0xD6BE, 0x6372, 0x112C,
  0x7C5C, 0x7C3B, 0x743A, 0x4D3F, 0x2333, 0x0000, 0x0000, 0x0000, 0x0000, 0x0000, 0x0000, 0x0000,
  0x0000, 0x0000, 0x0000, 0x0000, 0x0000, 0x0000, 0x0000, 0x0000, 0x0000, 0x0000, 0x0000, 0x0000,
  0x0000, 0x0000, 0x0000, 0x0000, 0x0000, 0x0000, 0x0000, 0x0000, 0x0000, 0x0000, 0x0000, 0x0000,
  0x0000, 0x0000, 0x0000, 0x0000, 0x0000, 0x0000, 0x0000, 0x0000, 0x0000, 0x0000, 0x0000, 0x0000,
  0x0000, 0x0000, 0x0000, 0x0000, 0x0000, 0x0000, 0x0000, 0x0000, 0x0000, 0x0000, 0x0000, 0x0000,
  0x0000, 0x0000, 0x0000, 0x0000, 0x3353, 0x44BB, 0x0062, 0x0000, 0x0021, 0x0021, 0x0021, 0x0021,
  0x0021, 0x0021, 0x0021, 0x0021, 0x0021, 0x0021, 0x0021, 0x0021, 0x0021, 0x0021, 0x0021, 0x0021,
  0x0021, 0x0021, 0x0021, 0x0021, 0x0021, 0x0021, 0x0021, 0x0021, 0x0021, 0x0021, 0x0021, 0x0021,
  0x0021, 0x0021, 0x0021, 0x0021, 0x0021, 0x0021, 0x0021, 0x0021, 0x0021, 0x0021, 0x0021, 0x0021,
  0x0021, 0x0021, 0x0021, 0x0021, 0x0021, 0x0021, 0x0021, 0x0021, 0x0021, 0x0021, 0x0021, 0x0021,
  0x0021, 0x0021, 0x0021, 0x0021, 0x0021, 0x0021, 0x0021, 0x0021, 0x0021, 0x0021, 0x0021, 0x0021,
  0x0021, 0x0021, 0x0021, 0x0021, 0x0021, 0x0021, 0x0021, 0x0021, 0x0021, 0x0021, 0x0021, 0x0021,
  0x0021, 0x0021, 0x0021, 0x0021, 0x0021, 0x0021, 0x0021, 0x0021, 0x0021, 0x0021, 0x0021, 0x0021,
  0x0021, 0x0021, 0x0021, 0x0021, 0x0021, 0x0021, 0x0021, 0x0021, 0x0021, 0x0021, 0x0021, 0x0021,
  0x0021, 0x0021, 0x0021, 0x0021, 0x0021, 0x0021, 0x0021, 0x0021, 0x0021, 0x0021, 0x0021, 0x0021,
  0x0021, 0x0021, 0x0021, 0x0021, 0x0021, 0x0021, 0x0021, 0x0021, 0x0021, 0x0000, 0x31EC, 0x426F,
  0x0842, 0x0000, 0x0042, 0x0001, 0x1907, 0x6377, 0x73D7, 0x845A, 0x73DC, 0x3A30, 0x0884, 0x639B,
  0x7C1C, 0x845C, 0x6BDC, 0x1928, 0x0000, 0x5B36, 0x847D, 0x94BC, 0x8CBD, 0x6B98, 0x0042, 0x0021,
  0x0042, 0x0021, 0x0021, 0x0042, 0x0021, 0x0021, 0x0021, 0x0021, 0x0000, 0x29AE, 0x0884, 0x31CA,
  0x1906, 0x0000, 0x0022, 0x29CF, 0x3210, 0x194A, 0x0000, 0x6393, 0xBDFB, 0xDEFE, 0xADBA, 0x0886,
  0x6BDA, 0x94FC, 0x7C1B, 0x322E, 0x2C9C, 0x1AB0, 0x0000, 0x0000, 0x0000, 0x0000, 0x0000, 0x0000,
  0x0000, 0x0000, 0x0000, 0x0000, 0x0000, 0x0000, 0x0000, 0x0000, 0x0000, 0x0000, 0x0000, 0x0000,
  0x0000, 0x0000, 0x0000, 0x0000, 0x0000, 0x0000, 0x0000, 0x0000, 0x0000, 0x0000, 0x0000, 0x0000,
  0x0000, 0x0000, 0x0000, 0x0000, 0x0000, 0x0000, 0x0000, 0x0000, 0x0000, 0x0000, 0x0000, 0x0000,
  0x0000, 0x0000, 0x0000, 0x0000, 0x0000, 0x0000, 0x0000, 0x0000, 0x0000, 0x0000, 0x0000, 0x0000,
  0x0000, 0x0020, 0x0000, 0x2AAF, 0x451D, 0x08A4, 0x0000, 0x0022, 0x0021, 0x0021, 0x0021, 0x0021,
  0x0021, 0x0021, 0x0021, 0x0021, 0x0021, 0x0021, 0x0021, 0x0021, 0x0021, 0x0021, 0x0021, 0x0021,
  0x0021, 0x0021, 0x0021, 0x0021, 0x0021, 0x0021, 0x0021, 0x0021, 0x0021, 0x0021, 0x0021, 0x0021,
  0x0021, 0x0021, 0x0021, 0x0021, 0x0021, 0x0021, 0x0021, 0x0021, 0x0021, 0x0021, 0x0021, 0x0021,
  0x0021, 0x0021, 0x0021, 0x0021, 0x0021, 0x0021, 0x0021, 0x0021, 0x0021, 0x0021, 0x0021, 0x0021,
  0x0021, 0x0021, 0x0021, 0x0021, 0x0021, 0x0021, 0x0021, 0x0021, 0x0021, 0x0021, 0x0021, 0x0021,
  0x0021, 0x0021, 0x0021, 0x0021, 0x0021, 0x0021, 0x0021, 0x0021, 0x0021, 0x0021, 0x0021, 0x0021,
  0x0021, 0x0021, 0x0021, 0x0021, 0x0021, 0x0021, 0x0021, 0x0021, 0x0021, 0x0021, 0x0021, 0x0021,
  0x0021, 0x0021, 0x0021, 0x0021, 0x0021, 0x0021, 0x0021, 0x0021, 0x0021, 0x0021, 0x0021, 0x0021,
  0x0021, 0x0021, 0x0021, 0x0021, 0x0021, 0x0021, 0x0021, 0x0021, 0x0021, 0x0021, 0x0021, 0x0021,
  0x0021, 0x0021, 0x0021, 0x0021, 0x0021, 0x0021, 0x0021, 0x0021, 0x0000, 0x18E6, 0x298A, 0x0000,
  0x0000, 0x0021, 0x0021, 0x0021, 0x4A91, 0x6B97, 0x7C18, 0x73DA, 0x5B37, 0x0842, 0x18E8, 0x63BC,
  0x7C1C, 0x73FC, 0x5B3A, 0x10A4, 0x0000, 0x31ED, 0x7C3D, 0x8C9C, 0x8C9D, 0x6BDA, 0x0863, 0x0001,
  0x0022, 0x0021, 0x0021, 0x0021, 0x0021, 0x0021, 0x0021, 0x0021, 0x0000, 0x214A, 0x0043, 0x10C5,
  0x320C, 0x0000, 0x0022, 0x216C, 0x10E7, 0x1108, 0x0000, 0x320D, 0xAD7A, 0xCE5C, 0xDEDE, 0x3A2C,
  0x4B18, 0xAD7E, 0x6BB9, 0x0001, 0x11AB, 0x3CDE, 0x120C, 0x0000, 0x0000, 0x0000, 0x0000, 0x0000,
  0x0000, 0x0000, 0x0000, 0x0000, 0x0000, 0x0000, 0x0000, 0x0000, 0x0000, 0x0000, 0x0000, 0x0000,
  0x0000, 0x0000, 0x0000, 0x0000, 0x0000, 0x0000, 0x0000, 0x0000, 0x0000, 0x0000, 0x0000, 0x0000,
  0x0000, 0x0000, 0x0000, 0x0000, 0x0000, 0x0000, 0x0000, 0x0000, 0x0000, 0x0000, 0x0000, 0x0000,
  0x0000, 0x0000, 0x0000, 0x0000, 0x0000, 0x0000, 0x0000, 0x0000, 0x0000, 0x0000, 0x0000, 0x0000,
  0x0000, 0x0000, 0x19CA, 0x453E, 0x1127, 0x0000, 0x0022, 0x0021, 0x0021, 0x0021, 0x0021, 0x0021,
  0x0021, 0x0021, 0x0021, 0x0021, 0x0021, 0x0021, 0x0021, 0x0021, 0x0021, 0x0021, 0x0021, 0x0021,
  0x0021, 0x0021, 0x0021, 0x0021, 0x0021, 0x0021, 0x0021, 0x0021, 0x0021, 0x0021, 0x0021, 0x0021,
  0x0021, 0x0021, 0x0021, 0x0021, 0x0021, 0x0021, 0x0021, 0x0021, 0x0021, 0x0021, 0x0021, 0x0021,
  0x0021, 0x0021, 0x0021, 0x0021, 0x0021, 0x0021, 0x0021, 0x0021, 0x0021, 0x0021, 0x0021, 0x0021,
  0x0021, 0x0021, 0x0021, 0x0021, 0x0021, 0x0021, 0x0021, 0x0021, 0x0021, 0x0021, 0x0021, 0x0021,
  0x0021, 0x0021, 0x0021, 0x0021, 0x0021, 0x0021, 0x0021, 0x0021, 0x0021, 0x0021, 0x0021, 0x0021,
  0x0021, 0x0021, 0x0021, 0x0021, 0x0021, 0x0021, 0x0021, 0x0021, 0x0021, 0x0021, 0x0021, 0x0021,
  0x0021, 0x0021, 0x0021, 0x0021, 0x0021, 0x0021, 0x0021, 0x0021, 0x0021, 0x0021, 0x0021, 0x0021,
  0x0021, 0x0021, 0x0021, 0x0021, 0x0021, 0x0021, 0x0021, 0x0021, 0x0021, 0x0021, 0x0021, 0x0021,
  0x0021, 0x0021, 0x0021, 0x0021, 0x0021, 0x0021, 0x0021, 0x0001, 0x0042, 0x10A5, 0x0000, 0x0021,
  0x0021, 0x0021, 0x0000, 0x18E6, 0x5B35, 0x73D6, 0x7BF8, 0x6399, 0x216A, 0x0000, 0x214A, 0x5B5B,
  0x6BBB, 0x639C, 0x4AB7, 0x0042, 0x0000, 0x10A5, 0x73FB, 0x741B, 0x7C3C, 0x6BBA, 0x10A5, 0x0000,
  0x0021, 0x0021, 0x0021, 0x0021, 0x0021, 0x0021, 0x0021, 0x0021, 0x0000, 0x1908, 0x0884, 0x0001,
  0x3A0C, 0x0041, 0x0001, 0x10E8, 0x0063, 0x08A6, 0x0001, 0x21AD, 0x73F6, 0xBDBA, 0xE6FF, 0x8C96,
  0x3A96, 0x8CFE, 0x6354, 0x0000, 0x0000, 0x222E, 0x453E, 0x1168, 0x0000, 0x0000, 0x0000, 0x0000,
  0x0000, 0x0000, 0x0000, 0x0000, 0x0000, 0x0000, 0x0000, 0x0000, 0x0000, 0x0000, 0x0000, 0x0000,
  0x0000, 0x0000, 0x0000, 0x0000, 0x0000, 0x0000, 0x0000, 0x0000, 0x0000, 0x0000, 0x0000, 0x0000,
  0x0000, 0x0000, 0x0000, 0x0000, 0x0000, 0x0000, 0x0000, 0x0000, 0x0000, 0x0000, 0x0000, 0x0000,
  0x0000, 0x0000, 0x0000, 0x0000, 0x0000, 0x0000, 0x0000, 0x0000, 0x0000, 0x0000, 0x0000, 0x0000,
  0x0000, 0x1106, 0x4D5E, 0x19EB, 0x0000, 0x0022, 0x0021, 0x0021, 0x0021, 0x0021, 0x0021, 0x0021,
  0x0021, 0x0021, 0x0021, 0x0021, 0x0021, 0x0021, 0x0021, 0x0021, 0x0021, 0x0021, 0x0021, 0x0021,
  0x0021, 0x0021, 0x0021, 0x0021, 0x0021, 0x0021, 0x0021, 0x0021, 0x0021, 0x0021, 0x0021, 0x0021,
  0x0021, 0x0021, 0x0021, 0x0021, 0x0021, 0x0021, 0x0021, 0x0021, 0x0021, 0x0021, 0x0021, 0x0021,
  0x0021, 0x0021, 0x0021, 0x0021, 0x0021, 0x0021, 0x0021, 0x0021, 0x0021, 0x0021, 0x0021, 0x0021,
  0x0021, 0x0021, 0x0021, 0x0021, 0x0021, 0x0021, 0x0021, 0x0021, 0x0021, 0x0021, 0x0021, 0x0021,
  0x0021, 0x0021, 0x0021, 0x0021, 0x0021, 0x0021, 0x0021, 0x0021, 0x0021, 0x0021, 0x0021, 0x0021,
  0x0021, 0x0021, 0x0021, 0x0021, 0x0021, 0x0021, 0x0021, 0x0021, 0x0021, 0x0021, 0x0021, 0x0021,
  0x0021, 0x0021, 0x0021, 0x0021, 0x0021, 0x0021, 0x0021, 0x0021, 0x0021, 0x0021, 0x0021, 0x0021,
  0x0021, 0x0021, 0x0021, 0x0021, 0x0021, 0x0021, 0x0021, 0x0021, 0x0021, 0x0021, 0x0021, 0x0021,
  0x0021, 0x0021, 0x0021, 0x0021, 0x0021, 0x0021, 0x0021, 0x0021, 0x0021, 0x0001, 0x0021, 0x0021,
  0x0021, 0x0021, 0x0000, 0x31ED, 0x5B55, 0x73D7, 0x6BB8, 0x3A50, 0x0001, 0x0000, 0x214B, 0x531B,
  0x639B, 0x5B5B, 0x3A54, 0x0001, 0x0022, 0x0001, 0x4AD4, 0x6BFC, 0x741B, 0x5B5A, 0x10A6, 0x0000,
  0x0021, 0x0021, 0x0021, 0x0021, 0x0021, 0x0021, 0x0021, 0x0021, 0x0000, 0x08A5, 0x0864, 0x0000,
  0x2148, 0x2127, 0x0000, 0x0885, 0x0022, 0x0022, 0x0042, 0x3252, 0x42D3, 0xAD59, 0xD69D, 0xC61D,
  0x42F6, 0x3A71, 0x6BB7, 0x0883, 0x426F, 0x4AD3, 0x4C3A, 0x451D, 0x08E5, 0x0000, 0x0000, 0x0000,
  0x0000, 0x0000, 0x0000, 0x0000, 0x0000, 0x0000, 0x0000, 0x0000, 0x0000, 0x0000, 0x0000, 0x0000,
  0x0000, 0x0000, 0x0000, 0x0000, 0x0000, 0x0000, 0x0000, 0x0000, 0x0000, 0x0000, 0x0000, 0x0000,
  0x0000, 0x0000, 0x0000, 0x0000, 0x0000, 0x0000, 0x0000, 0x0000, 0x0000, 0x0000, 0x0000, 0x0000,
  0x0000, 0x0000, 0x0000, 0x0000, 0x0000, 0x0000, 0x0000, 0x0000, 0x0000, 0x0000, 0x0000, 0x0000,
  0x0062, 0x44DC, 0x22D1, 0x0000, 0x0022, 0x0021, 0x0021, 0x0021, 0x0021, 0x0021, 0x0021, 0x0021,
  0x0021, 0x0021, 0x0021, 0x0021, 0x0021, 0x0021, 0x0021, 0x0021, 0x0021, 0x0021, 0x0021, 0x0021,
  0x0021, 0x0021, 0x0021, 0x0021, 0x0021, 0x0021, 0x0021, 0x0021, 0x0021, 0x0021, 0x0021, 0x0021,
  0x0021, 0x0021, 0x0021, 0x0021, 0x0021, 0x0021, 0x0021, 0x0021, 0x0021, 0x0021, 0x0021, 0x0021,
  0x0021, 0x0021, 0x0021, 0x0021, 0x0021, 0x0021, 0x0021, 0x0021, 0x0021, 0x0021, 0x0021, 0x0021,
  0x0021, 0x0021, 0x0021, 0x0021, 0x0021, 0x0021, 0x0021, 0x0021, 0x0021, 0x0021, 0x0021, 0x0021,
  0x0021, 0x0021, 0x0021, 0x0021, 0x0021, 0x0021, 0x0021, 0x0021, 0x0021, 0x0021, 0x0021, 0x0021,
  0x0021, 0x0021, 0x0021, 0x0021, 0x0021, 0x0021, 0x0021, 0x0021, 0x0021, 0x0021, 0x0021, 0x0021,
  0x0021, 0x0021, 0x0021, 0x0021, 0x0021, 0x0021, 0x0021, 0x0021, 0x0021, 0x0021, 0x0021, 0x0021,
  0x0021, 0x0021, 0x0021, 0x0021, 0x0021, 0x0021, 0x0021, 0x0021, 0x0021, 0x0021, 0x0021, 0x0021,
  0x0021, 0x0021, 0x0021, 0x0021, 0x0021, 0x0021, 0x0021, 0x0021, 0x0021, 0x0021, 0x0021, 0x0021,
  0x0021, 0x0001, 0x0863, 0x4A92, 0x6375, 0x6377, 0x4AB4, 0x0863, 0x0021, 0x0000, 0x216C, 0x533B,
  0x6BBA, 0x5B7C, 0x29CF, 0x0000, 0x0022, 0x0000, 0x1908, 0x63BB, 0x73FA, 0x637A, 0x10C6, 0x0000,
  0x0021, 0x0021, 0x0021, 0x0021, 0x0021, 0x0021, 0x0021, 0x0021, 0x0001, 0x0063, 0x0062, 0x0000,
  0x0863, 0x320D, 0x0000, 0x0022, 0x0001, 0x0000, 0x0884, 0x3232, 0x1949, 0x94D9, 0xCE3C, 0xDEDF,
  0x7C36, 0x1929, 0x745B, 0x63D7, 0x2168, 0x10C5, 0x6377, 0x653F, 0x3C9A, 0x0042, 0x0000, 0x0000,
  0x0000, 0x0000, 0x0000, 0x0000, 0x0000, 0x0000, 0x0000, 0x0000, 0x0000, 0x0000, 0x0000, 0x0000,
  0x0000, 0x0000, 0x0000, 0x0000, 0x0000, 0x0000, 0x0000, 0x0000, 0x0000, 0x0000, 0x0000, 0x0000,
  0x0000, 0x0000, 0x0000, 0x0000, 0x0000, 0x0000, 0x0000, 0x0000, 0x0000, 0x0000, 0x0000, 0x0000,
  0x0000, 0x0000, 0x0000, 0x0000, 0x0000, 0x0000, 0x0000, 0x0000, 0x0000, 0x0000, 0x0000, 0x0000,
  0x33F6, 0x33D6, 0x0000, 0x0021, 0x0021, 0x0021, 0x0021, 0x0021, 0x0021, 0x0021, 0x0021, 0x0021,
  0x0021, 0x0021, 0x0021, 0x0021, 0x0021, 0x0021, 0x0021, 0x0021, 0x0021, 0x0021, 0x0021, 0x0021,
  0x0021, 0x0021, 0x0021, 0x0021, 0x0021, 0x0021, 0x0021, 0x0021, 0x0021, 0x0021, 0x0021, 0x0021,
  0x0021, 0x0021, 0x0021, 0x0021, 0x0021, 0x0021, 0x0021, 0x0021, 0x0021, 0x0021, 0x0021, 0x0021,
  0x0021, 0x0021, 0x0021, 0x0021, 0x0021, 0x0021, 0x0021, 0x0021, 0x0021, 0x0021, 0x0021, 0x0021,
  0x0021, 0x0021, 0x0021, 0x0021, 0x0021, 0x0021, 0x0021, 0x0021, 0x0021, 0x0021, 0x0021, 0x0021,
  0x0021, 0x0021, 0x0021, 0x0021, 0x0021, 0x0021, 0x0021, 0x0021, 0x0021, 0x0021, 0x0021, 0x0021,
  0x0021, 0x0021, 0x0021, 0x0021, 0x0021, 0x0021, 0x0021, 0x0021, 0x0021, 0x0021, 0x0021, 0x0021,
  0x0021, 0x0021, 0x0021, 0x0021, 0x0021, 0x0021, 0x0021, 0x0021, 0x0021, 0x0021, 0x0021, 0x0021,
  0x0021, 0x0021, 0x0021, 0x0021, 0x0021, 0x0021, 0x0021, 0x0021, 0x0021, 0x0021, 0x0021, 0x0021,
  0x0021, 0x0021, 0x0021, 0x0021, 0x0021, 0x0021, 0x0021, 0x0021, 0x0021, 0x0021, 0x0021, 0x0021,
  0x0021, 0x0000, 0x2149, 0x5B14, 0x6355, 0x5336, 0x1907, 0x0000, 0x0022, 0x0000, 0x216C, 0x535B,
  0x639A, 0x533B, 0x192A, 0x0000, 0x0021, 0x0021, 0x0000, 0x4274, 0x6BDB, 0x639A, 0x10C7, 0x0000,
  0x0021, 0x0021, 0x0021, 0x0021, 0x0021, 0x0021, 0x0021, 0x0021, 0x0021, 0x0021, 0x0001, 0x0000,
  0x0000, 0x29AC, 0x216A, 0x10A5, 0x10E6, 0x0021, 0x0863, 0x218D, 0x0022, 0x6BB5, 0xBE1B, 0xD6DE,
  0xBE5C, 0x29CA, 0x3A72, 0x42B1, 0x10C5, 0x2128, 0x94FE, 0x7C19, 0x44BC, 0x33D6, 0x0000, 0x0000,
  0x0000, 0x0000, 0x0000, 0x0000, 0x0000, 0x0000, 0x0000, 0x0000, 0x0000, 0x0000, 0x0000, 0x0000,
  0x0000, 0x0000, 0x0000, 0x0000, 0x0000, 0x0000, 0x0000, 0x0000, 0x0000, 0x0000, 0x0000, 0x0000,
  0x0000, 0x0000, 0x0000, 0x0000, 0x0000, 0x0000, 0x0000, 0x0000, 0x0000, 0x0000, 0x0000, 0x0000,
  0x0000, 0x0000, 0x0000, 0x0000, 0x0000, 0x0000, 0x0000, 0x0000, 0x0000, 0x0000, 0x0000, 0x22AF,
  0x3CDC, 0x0042, 0x0001, 0x0021, 0x0021, 0x0021, 0x0021, 0x0021, 0x0021, 0x0021, 0x0021, 0x0021,
  0x0021, 0x0021, 0x0021, 0x0021, 0x0021, 0x0021, 0x0021, 0x0021, 0x0021, 0x0021, 0x0021, 0x0021,
  0x0021, 0x0021, 0x0021, 0x0021, 0x0021, 0x0021, 0x0021, 0x0021, 0x0021, 0x0021, 0x0021, 0x0021,
  0x0021, 0x0021, 0x0021, 0x0021, 0x0021, 0x0021, 0x0021, 0x0021, 0x0021, 0x0021, 0x0021, 0x0021,
  0x0021, 0x0021, 0x0021, 0x0021, 0x0021, 0x0021, 0x0021, 0x0021, 0x0021, 0x0021, 0x0021, 0x0021,
  0x0021, 0x0021, 0x0021, 0x0021, 0x0021, 0x0021, 0x0021, 0x0021, 0x0021, 0x0021, 0x0021, 0x0021,
  0x0021, 0x0021, 0x0021, 0x0021, 0x0021, 0x0021, 0x0021, 0x0021, 0x0021, 0x0021, 0x0021, 0x0021,
  0x0021, 0x0021, 0x0021, 0x0021, 0x0021, 0x0021, 0x0021, 0x0021, 0x0021, 0x0021, 0x0021, 0x0021,
  0x0021, 0x0021, 0x0021, 0x0021, 0x0021, 0x0021, 0x0021, 0x0021, 0x0021, 0x0021, 0x0021, 0x0021,
  0x0021, 0x0021, 0x0021, 0x0021, 0x0021, 0x0021, 0x0021, 0x0021, 0x0021, 0x0021, 0x0021, 0x0021,
  0x0021, 0x0021, 0x0021, 0x0021, 0x0021, 0x0021, 0x0021, 0x0021, 0x0021, 0x0021, 0x0021, 0x0021,
  0x0021, 0x0000, 0x31EE, 0x6355, 0x6376, 0x29CC, 0x0000, 0x0021, 0x0021, 0x0000, 0x194B, 0x4B1A,
  0x5B5A, 0x42B8, 0x0885, 0x0000, 0x0021, 0x0021, 0x0000, 0x1908, 0x5B7A, 0x5B7A, 0x10E7, 0x0000,
  0x0021, 0x0021, 0x0021, 0x0021, 0x0021, 0x0021, 0x0021, 0x0001, 0x0001, 0x0863, 0x1929, 0x31CD,
  0x4AD4, 0x6398, 0x741C, 0x73FA, 0x7C1A, 0x6377, 0x4AB3, 0x214B, 0x0000, 0x42F2, 0xAE1C, 0xD6BD,
  0xDEFF, 0x31C8, 0x216C, 0x0863, 0x3A6F, 0x6BB7, 0x9D1E, 0x6B75, 0x42B2, 0x4D3F, 0x2AD0, 0x0000,
  0x0000, 0x0000, 0x0000, 0x0000, 0x0000, 0x0000, 0x0000, 0x0000, 0x0000, 0x0000, 0x0000, 0x0000,
  0x0000, 0x0000, 0x0000, 0x0000, 0x0000, 0x0000, 0x0000, 0x0000, 0x0000, 0x0000, 0x0000, 0x0000,
  0x0000, 0x0000, 0x0000, 0x0000, 0x0000, 0x0000, 0x0000, 0x0000, 0x0000, 0x0000, 0x0000, 0x0000,
  0x0000, 0x0000, 0x0000, 0x0000, 0x0000, 0x0000, 0x0000, 0x0000, 0x0000, 0x0000, 0x1148, 0x4D5E,
  0x1127, 0x0000, 0x0021, 0x0021, 0x0021, 0x0021, 0x0021, 0x0021, 0x0021, 0x0021, 0x0021, 0x0021,
  0x0021, 0x0021, 0x0021, 0x0021, 0x0021, 0x0021, 0x0021, 0x0021, 0x0021, 0x0021, 0x0021, 0x0021,
  0x0021, 0x0021, 0x0021, 0x0021, 0x0021, 0x0021, 0x0021, 0x0021, 0x0021, 0x0021, 0x0021, 0x0021,
  0x0021, 0x0021, 0x0021, 0x0021, 0x0021, 0x0021, 0x0021, 0x0021, 0x0021, 0x0021, 0x0021, 0x0021,
  0x0021, 0x0021, 0x0021, 0x0021, 0x0021, 0x0021, 0x0021, 0x0021, 0x0021, 0x0021, 0x0021, 0x0021,
  0x0021, 0x0021, 0x0021, 0x0021, 0x0021, 0x0021, 0x0021, 0x0021, 0x0021, 0x0021, 0x0021, 0x0021,
  0x0021, 0x0021, 0x0021, 0x0021, 0x0021, 0x0021, 0x0021, 0x0021, 0x0021, 0x0021, 0x0021, 0x0021,
  0x0021, 0x0021, 0x0021, 0x0021, 0x0021, 0x0021, 0x0021, 0x0021, 0x0021, 0x0021, 0x0021, 0x0021,
  0x0021, 0x0021, 0x0021, 0x0021, 0x0021, 0x0021, 0x0021, 0x0021, 0x0021, 0x0021, 0x0021, 0x0021,
  0x0021, 0x0021, 0x0021, 0x0021, 0x0021, 0x0021, 0x0021, 0x0021, 0x0021, 0x0021, 0x0021, 0x0021,
  0x0021, 0x0021, 0x0021, 0x0021, 0x0021, 0x0021, 0x0021, 0x0021, 0x0021, 0x0021, 0x0021, 0x0021,
  0x0001, 0x0042, 0x4291, 0x6376, 0x3A50, 0x0021, 0x0021, 0x0021, 0x0021, 0x0000, 0x192A, 0x4B19,
  0x533A, 0x3213, 0x0021, 0x0021, 0x0021, 0x0021, 0x0021, 0x0001, 0x4293, 0x63BB, 0x10C7, 0x0000,
  0x0021, 0x0021, 0x0021, 0x0021, 0x0021, 0x0021, 0x0021, 0x0062, 0x10E6, 0x298B, 0x3A30, 0x3A72,
  0x52F5, 0x63B8, 0x743B, 0x7C7D, 0x8CBD, 0x94DE, 0xAD9F, 0x8438, 0x2189, 0x4B53, 0x9D39, 0xC63B,
  0xD6DF, 0x7BF2, 0x216A, 0x08A6, 0x29AB, 0x9D5E, 0x8CBC, 0x7C5B, 0x6377, 0x53B6, 0x5DBF, 0x19A9,
  0x0000, 0x0000, 0x0000, 0x0000, 0x0000, 0x0000, 0x0000, 0x0000, 0x0000, 0x0000, 0x0000, 0x0000,
  0x0000, 0x0000, 0x0000, 0x0000, 0x0000, 0x0000, 0x0000, 0x0000, 0x0000, 0x0000, 0x0000, 0x0000,
  0x0000, 0x0000, 0x0000, 0x0000, 0x0000, 0x0000, 0x0000, 0x0000, 0x0000, 0x0000, 0x0000, 0x0000,
  0x0000, 0x0000, 0x0000, 0x0000, 0x0000, 0x0000, 0x0000, 0x0000, 0x0000, 0x0062, 0x44FD, 0x228F,
  0x0000, 0x0022, 0x0021, 0x0021, 0x0021, 0x0021, 0x0021, 0x0021, 0x0021, 0x0021, 0x0021, 0x0021,
  0x0021, 0x0021, 0x0021, 0x0021, 0x0021, 0x0021, 0x0021, 0x0021, 0x0021, 0x0021, 0x0021, 0x0021,
  0x0021, 0x0021, 0x0021, 0x0021, 0x0021, 0x0021, 0x0021, 0x0021, 0x0021, 0x0021, 0x0021, 0x0021,
  0x0021, 0x0021, 0x0021, 0x0021, 0x0021, 0x0021, 0x0021, 0x0021, 0x0021, 0x0021, 0x0021, 0x0021,
  0x0021, 0x0021, 0x0021, 0x0021, 0x0021, 0x0021, 0x0021, 0x0021, 0x0021, 0x0021, 0x0021, 0x0021,
  0x0021, 0x0021, 0x0021, 0x0021, 0x0021, 0x0021, 0x0021, 0x0021, 0x0021, 0x0021, 0x0021, 0x0021,
  0x0021, 0x0021, 0x0021, 0x0021, 0x0021, 0x0021, 0x0021, 0x0021, 0x0021, 0x0021, 0x0021, 0x0021,
  0x0021, 0x0021, 0x0021, 0x0021, 0x0021, 0x0021, 0x0021, 0x0021, 0x0021, 0x0021, 0x0021, 0x0021,
  0x0021, 0x0021, 0x0021, 0x0021, 0x0021, 0x0021, 0x0021, 0x0021, 0x0021, 0x0021, 0x0021, 0x0021,
  0x0021, 0x0021, 0x0021, 0x0021, 0x0021, 0x0021, 0x0021, 0x0021, 0x0021, 0x0021, 0x0021, 0x0021,
  0x0021, 0x0021, 0x0021, 0x0021, 0x0021, 0x0021, 0x0021, 0x0021, 0x0021, 0x0021, 0x0021, 0x0021,
  0x0000, 0x10A5, 0x5B14, 0x4A91, 0x0843, 0x0001, 0x0021, 0x0021, 0x0021, 0x0000, 0x10E8, 0x4AF8,
  0x5319, 0x216D, 0x0000, 0x0021, 0x0021, 0x0021, 0x0021, 0x0000, 0x10C7, 0x6BDB, 0x18E7, 0x0000,
  0x0021, 0x0021, 0x0021, 0x0021, 0x0021, 0x0021, 0x0021, 0x0042, 0x0021, 0x0000, 0x0000, 0x0000,
  0x0000, 0x0064, 0x0884, 0x3210, 0x320F, 0x3A0E, 0x320D, 0x4AD4, 0x7437, 0x0884, 0x5311, 0xB5BA,
  0xC65D, 0xB5DB, 0x3A6F, 0x0884, 0x320F, 0x9D3E, 0x8CDC, 0x8CBD, 0x5B78, 0x5B34, 0x7D7C, 0x4CFC,
  0x08A3, 0x0000, 0x0000, 0x0000, 0x0000, 0x0000, 0x0000, 0x0000, 0x0000, 0x0000, 0x0000, 0x0000,
  0x0000, 0x0000, 0x0000, 0x0000, 0x0000, 0x0000, 0x0000, 0x0000, 0x0000, 0x0000, 0x0000, 0x0000,
  0x0000, 0x0000, 0x0000, 0x0000, 0x0000, 0x0000, 0x0000, 0x0000, 0x0000, 0x0000, 0x0000, 0x0000,
  0x0000, 0x0000, 0x0000, 0x0000, 0x0000, 0x0000, 0x0000, 0x0000, 0x0000, 0x33B5, 0x3C17, 0x0000,
  0x0021, 0x0021, 0x0021, 0x0021, 0x0021, 0x0021, 0x0021, 0x0021, 0x0021, 0x0021, 0x0021, 0x0021,
  0x0021, 0x0021, 0x0021, 0x0021, 0x0021, 0x0021, 0x0021, 0x0021, 0x0021, 0x0021, 0x0021, 0x0021,
  0x0021, 0x0021, 0x0021, 0x0021, 0x0021, 0x0021, 0x0021, 0x0021, 0x0021, 0x0021, 0x0021, 0x0021,
  0x0021, 0x0021, 0x0021, 0x0021, 0x0021, 0x0021, 0x0021, 0x0021, 0x0021, 0x0021, 0x0021, 0x0021,
  0x0021, 0x0021, 0x0021, 0x0021, 0x0021, 0x0021, 0x0021, 0x0021, 0x0021, 0x0021, 0x0021, 0x0021,
  0x0021, 0x0021, 0x0021, 0x0021, 0x0021, 0x0021, 0x0021, 0x0021, 0x0021, 0x0021, 0x0021, 0x0021,
  0x0021, 0x0021, 0x0021, 0x0021, 0x0021, 0x0021, 0x0021, 0x0021, 0x0021, 0x0021, 0x0021, 0x0021,
  0x0021, 0x0021, 0x0021, 0x0021, 0x0021, 0x0021, 0x0021, 0x0021, 0x0021, 0x0021, 0x0021, 0x0021,
  0x0021, 0x0021, 0x0021, 0x0021, 0x0021, 0x0021, 0x0021, 0x0021, 0x0021, 0x0021, 0x0021, 0x0021,
  0x0021, 0x0021, 0x0021, 0x0021, 0x0021, 0x0021, 0x0021, 0x0021, 0x0021, 0x0021, 0x0021, 0x0021,
  0x0021, 0x0021, 0x0021, 0x0021, 0x0021, 0x0021, 0x0021, 0x0021, 0x0021, 0x0021, 0x0021, 0x0021,
  0x0000, 0x2149, 0x5314, 0x1084, 0x0000, 0x0021, 0x0021, 0x0021, 0x0021, 0x0000, 0x08A6, 0x4AF7,
  0x4AD8, 0x08A7, 0x0000, 0x0021, 0x0021, 0x0021, 0x0021, 0x0021, 0x0000, 0x4271, 0x2128, 0x0000,
  0x0021, 0x0021, 0x0021, 0x0021, 0x0021, 0x0021, 0x0021, 0x0001, 0x0021, 0x0021, 0x0022, 0x0022,
  0x0000, 0x0001, 0x10A5, 0x4AB0, 0x73D5, 0x7BF5, 0x4A8E, 0x4AD3, 0x320C, 0x320E, 0x216A, 0x9CF8,
  0xBDFB, 0xD6BE, 0x7C57, 0x2A10, 0x4AF6, 0x6BDA, 0x9D1E, 0x847B, 0x5B78, 0x4AF4, 0x94B7, 0x759F,
  0x43D6, 0x0000, 0x0000, 0x0000, 0x0000, 0x0000, 0x0000, 0x0000, 0x0000, 0x0000, 0x0000, 0x0000,
  0x0000, 0x0000, 0x0000, 0x0000, 0x0000, 0x0000, 0x0000, 0x0000, 0x0000, 0x0000, 0x0000, 0x0000,
  0x0000, 0x0000, 0x0000, 0x0000, 0x0000, 0x0000, 0x0000, 0x0000, 0x0000, 0x0000, 0x0000, 0x0000,
  0x0000, 0x0000, 0x0000, 0x0000, 0x0000, 0x0000, 0x0000, 0x0000, 0x1A0B, 0x4D1D, 0x08A4, 0x0000,
  0x0021, 0x0021, 0x0021, 0x0021, 0x0021, 0x0021, 0x0021, 0x0021, 0x0021, 0x0021, 0x0021, 0x0021,
  0x0021, 0x0021, 0x0021, 0x0021, 0x0021, 0x0021, 0x0021, 0x0021, 0x0021, 0x0021, 0x0021, 0x0021,
  0x0021, 0x0021, 0x0021, 0x0021, 0x0021, 0x0021, 0x0021, 0x0021, 0x0021, 0x0021, 0x0021, 0x0021,
  0x0021, 0x0021, 0x0021, 0x0021, 0x0021, 0x0021, 0x0021, 0x0021, 0x0021, 0x0021, 0x0021, 0x0021,
  0x0021, 0x0021, 0x0021, 0x0021, 0x0021, 0x0021, 0x0021, 0x0021, 0x0021, 0x0021, 0x0021, 0x0021,
  0x0021, 0x0021, 0x0021, 0x0021, 0x0021, 0x0021, 0x0021, 0x0021, 0x0021, 0x0021, 0x0021, 0x0021,
  0x0021, 0x0021, 0x0021, 0x0021, 0x0021, 0x0021, 0x0021, 0x0021, 0x0021, 0x0021, 0x0021, 0x0021,
  0x0021, 0x0021, 0x0021, 0x0021, 0x0021, 0x0021, 0x0021, 0x0021, 0x0021, 0x0021, 0x0021, 0x0021,
  0x0021, 0x0021, 0x0021, 0x0021, 0x0021, 0x0021, 0x0021, 0x0021, 0x0021, 0x0021, 0x0021, 0x0021,
  0x0021, 0x0021, 0x0021, 0x0021, 0x0021, 0x0021, 0x0021, 0x0021, 0x0021, 0x0021, 0x0021, 0x0021,
  0x0021, 0x0021, 0x0021, 0x0021, 0x0021, 0x0021, 0x0021, 0x0021, 0x0021, 0x0021, 0x0021, 0x0021,
  0x0000, 0x3A2F, 0x1907, 0x0000, 0x0021, 0x0021, 0x0021, 0x0021, 0x0021, 0x0000, 0x0864, 0x4B18,
  0x3A75, 0x0021, 0x0021, 0x0021, 0x0021, 0x0021, 0x0021, 0x0021, 0x0000, 0x1907, 0x2148, 0x0000,
  0x0021, 0x0021, 0x0021, 0x0021, 0x0021, 0x0021, 0x0021, 0x0021, 0x0021, 0x0021, 0x0001, 0x0000,
  0x2128, 0x6355, 0x94BD, 0xAD7E, 0xCE5F, 0xA51B, 0x3A0C, 0x52F1, 0x424D, 0x29AB, 0x3272, 0x6BB3,
  0xBDFB, 0xD69D, 0xBE3D, 0x5358, 0x192A, 0x5359, 0x84BE, 0x73D7, 0x4AD5, 0x3AB4, 0x7C15, 0xADBA,
  0x65BF, 0x224D, 0x0000, 0x0000, 0x0000, 0x0000, 0x0000, 0x0000, 0x0000, 0x0000, 0x0000, 0x0000,
  0x0000, 0x0000, 0x0000, 0x0000, 0x0000, 0x0000, 0x0000, 0x0000, 0x0000, 0x0000, 0x0000, 0x0000,
  0x0000, 0x0000, 0x0000, 0x0000, 0x0000, 0x0000, 0x0000, 0x0000, 0x0000, 0x0000, 0x0000, 0x0000,
  0x0000, 0x0000, 0x0000, 0x0000, 0x0000, 0x0000, 0x0000, 0x08A3, 0x4D3E, 0x1A0C, 0x0000, 0x0021,
  0x0021, 0x0021, 0x0021, 0x0021, 0x0021, 0x0021, 0x0021, 0x0021, 0x0021, 0x0021, 0x0021, 0x0021,
  0x0021, 0x0021, 0x0021, 0x0021, 0x0021, 0x0021, 0x0021, 0x0021, 0x0021, 0x0021, 0x0021, 0x0021,
  0x0021, 0x0021, 0x0021, 0x0021, 0x0021, 0x0021, 0x0021, 0x0021, 0x0021, 0x0021, 0x0021, 0x0021,
  0x0021, 0x0021, 0x0021, 0x0021, 0x0021, 0x0021, 0x0021, 0x0021, 0x0021, 0x0021, 0x0021, 0x0021,
  0x0021, 0x0021, 0x0021, 0x0021, 0x0021, 0x0021, 0x0021, 0x0021, 0x0021, 0x0021, 0x0021, 0x0021,
  0x0021, 0x0021, 0x0021, 0x0021, 0x0021, 0x0021, 0x0021, 0x0021, 0x0021, 0x0021, 0x0021, 0x0021,
  0x0021, 0x0021, 0x0021, 0x0021, 0x0021, 0x0021, 0x0021, 0x0021, 0x0021, 0x0021, 0x0021, 0x0021,
  0x0021, 0x0021, 0x0021, 0x0021, 0x0021, 0x0021, 0x0021, 0x0021, 0x0021, 0x0021, 0x0021, 0x0021,
  0x0021, 0x0021, 0x0021, 0x0021, 0x0021, 0x0021, 0x0021, 0x0021, 0x0021, 0x0021, 0x0021, 0x0021,
  0x0021, 0x0021, 0x0021, 0x0021, 0x0021, 0x0021, 0x0021, 0x0021, 0x0021, 0x0021, 0x0021, 0x0021,
  0x0021, 0x0021, 0x0021, 0x0021, 0x0021, 0x0021, 0x0021, 0x0021, 0x0021, 0x0021, 0x0021, 0x0001,
  0x0863, 0x298A, 0x0000, 0x0021, 0x0021, 0x0021, 0x0021, 0x0021, 0x0021, 0x0001, 0x0022, 0x4AF7,
  0x29AE, 0x0000, 0x0021, 0x0021, 0x0021, 0x0021, 0x0021, 0x0021, 0x0001, 0x0042, 0x1907, 0x0000,
  0x0021, 0x0021, 0x0021, 0x0021, 0x0021, 0x0021, 0x0021, 0x0021, 0x0021, 0x0000, 0x0884, 0x4AB3,
  0x845D, 0x9CFE, 0xAD7E, 0xB59E, 0x94DB, 0x5B10, 0x29AA, 0x424E, 0x9D1E, 0x2948, 0x21AC, 0x63D7,
  0xAD79, 0xCE7C, 0xDEFF, 0x4A8D, 0x0887, 0x63DC, 0x63BB, 0x8CDB, 0x63B7, 0x08C7, 0x6BD5, 0xC5FA,
  0xA61D, 0x553D, 0x10E5, 0x0000, 0x0000, 0x0000, 0x0000, 0x0000, 0x0000, 0x0000, 0x0000, 0x0000,
  0x0000, 0x0000, 0x0000, 0x0000, 0x0000, 0x0000, 0x0000, 0x0000, 0x0000, 0x0000, 0x0000, 0x0000,
  0x0000, 0x0000, 0x0000, 0x0000, 0x0000, 0x0000, 0x0000, 0x0000, 0x0000, 0x0000, 0x0000, 0x0000,
  0x0000, 0x0000, 0x0000, 0x0000, 0x0000, 0x0000, 0x0000, 0x4416, 0x3BF6, 0x0000, 0x0021, 0x0021,
  0x0021, 0x0021, 0x0021, 0x0021, 0x0021, 0x0021, 0x0021, 0x0021, 0x0021, 0x0021, 0x0021, 0x0021,
  0x0021, 0x0021, 0x0021, 0x0021, 0x0021, 0x0021, 0x0021, 0x0021, 0x0021, 0x0021, 0x0021, 0x0021,
  0x0021, 0x0021, 0x0021, 0x0021, 0x0021, 0x0021, 0x0021, 0x0021, 0x0021, 0x0021, 0x0021, 0x0021,
  0x0021, 0x0021, 0x0021, 0x0021, 0x0021, 0x0021, 0x0021, 0x0021, 0x0021, 0x0021, 0x0021, 0x0021,
  0x0021, 0x0021, 0x0021, 0x0021, 0x0021, 0x0021, 0x0021, 0x0021, 0x0021, 0x0021, 0x0021, 0x0021,
  0x0021, 0x0021, 0x0021, 0x0021, 0x0021, 0x0021, 0x0021, 0x0021, 0x0021, 0x0021, 0x0021, 0x0021,
  0x0021, 0x0021, 0x0021, 0x0021, 0x0021, 0x0021, 0x0021, 0x0021, 0x0021, 0x0021, 0x0021, 0x0021,
  0x0021, 0x0021, 0x0021, 0x0021, 0x0021, 0x0021, 0x0021, 0x0021, 0x0021, 0x0021, 0x0021, 0x0021,
  0x0021, 0x0021, 0x0021, 0x0021, 0x0021, 0x0021, 0x0021, 0x0021, 0x0021, 0x0021, 0x0021, 0x0021,
  0x0021, 0x0021, 0x0021, 0x0021, 0x0021, 0x0021, 0x0021, 0x0021, 0x0021, 0x0021, 0x0021, 0x0021,
  0x0021, 0x0021, 0x0021, 0x0021, 0x0021, 0x0021, 0x0021, 0x0021, 0x0021, 0x0021, 0x0021, 0x0000,
  0x10A4, 0x0862, 0x0001, 0x0021, 0x0021, 0x0021, 0x0021, 0x0021, 0x0021, 0x0021, 0x0000, 0x4293,
  0x10C6, 0x0000, 0x0021, 0x0021, 0x0021, 0x0021, 0x0021, 0x0021, 0x0021, 0x0021, 0x0042, 0x0021,
  0x0021, 0x0021, 0x0021, 0x0021, 0x0021, 0x0021, 0x0021, 0x0021, 0x0000, 0x1929, 0x5B39, 0x73FC,
  0x845C, 0xA51E, 0x9D1D, 0x9D1C, 0xB59D, 0x9D1A, 0x7C16, 0x73D7, 0x8C9C, 0x6375, 0x0000, 0x320F,
  0x94D8, 0xC5FB, 0xDF1F, 0x73AF, 0x112B, 0x5B9C, 0x3253, 0x52F1, 0x7C38, 0x0001, 0x4AF1, 0xB59A,
  0xCE5C, 0x85FF, 0x4438, 0x0020, 0x0000, 0x0000, 0x0000, 0x0000, 0x0000, 0x0000, 0x0000, 0x0000,
  0x0000, 0x0000, 0x0000, 0x0000, 0x0000, 0x0000, 0x0000, 0x0000, 0x0000, 0x0000, 0x0000, 0x0000,
  0x0000, 0x0000, 0x0000, 0x0000, 0x0000, 0x0000, 0x0000, 0x0000, 0x0000, 0x0000, 0x0000, 0x0000,
  0x0000, 0x0000, 0x0000, 0x0000, 0x0000, 0x0000, 0x2A2B, 0x5D7E, 0x0883, 0x0000, 0x0021, 0x0021,
  0x0021, 0x0021, 0x0021, 0x0021, 0x0021, 0x0021, 0x0021, 0x0021, 0x0021, 0x0021, 0x0021, 0x0021,
  0x0021, 0x0021, 0x0021, 0x0021, 0x0021, 0x0021, 0x0021, 0x0021, 0x0021, 0x0021, 0x0021, 0x0021,
  0x0021, 0x0021, 0x0021, 0x0021, 0x0021, 0x0021, 0x0021, 0x0021, 0x0021, 0x0021, 0x0021, 0x0021,
  0x0021, 0x0021, 0x0021, 0x0021, 0x0021, 0x0021, 0x0021, 0x0021, 0x0021, 0x0021, 0x0021, 0x0021,
  0x0021, 0x0021, 0x0021, 0x0021, 0x0021, 0x0021, 0x0021, 0x0021, 0x0021, 0x0021, 0x0021, 0x0021,
  0x0021, 0x0021, 0x0021, 0x0021, 0x0021, 0x0021, 0x0021, 0x0021, 0x0021, 0x0021, 0x0021, 0x0021,
  0x0021, 0x0021, 0x0021, 0x0021, 0x0021, 0x0021, 0x0021, 0x0021, 0x0021, 0x0021, 0x0021, 0x0021,
  0x0021, 0x0021, 0x0021, 0x0021, 0x0021, 0x0021, 0x0021, 0x0021, 0x0021, 0x0021, 0x0021, 0x0021,
  0x0021, 0x0021, 0x0021, 0x0021, 0x0021, 0x0021, 0x0021, 0x0021, 0x0021, 0x0021, 0x0021, 0x0021,
  0x0021, 0x0021, 0x0021, 0x0021, 0x0021, 0x0021, 0x0021, 0x0021, 0x0021, 0x0021, 0x0021, 0x0021,
  0x0021, 0x0021, 0x0021, 0x0021, 0x0021, 0x0021, 0x0021, 0x0021, 0x0021, 0x0021, 0x0021, 0x0021,
  0x0042, 0x0021, 0x0021, 0x0021, 0x0021, 0x0021, 0x0021, 0x0021, 0x0021, 0x0021, 0x0000, 0x29AC,
  0x0863, 0x0001, 0x0021, 0x0021, 0x0021, 0x0021, 0x0021, 0x0021, 0x0021, 0x0021, 0x0021, 0x0021,
  0x0021, 0x0021, 0x0021, 0x0021, 0x0021, 0x0021, 0x0021, 0x0000, 0x29AD, 0x639B, 0x73FB, 0x7C1B,
  0x845E, 0x5B37, 0x4AB2, 0xA53D, 0xB59E, 0x9CFC, 0xB59E, 0xA53D, 0x847B, 0x847B, 0x10C5, 0x0065,
  0x6BF6, 0xAD79, 0xCE9E, 0xB5B9, 0x29CF, 0x5359, 0x29AE, 0x0841, 0x7C79, 0x0863, 0x21AB, 0x9D19,
  0xCE1B, 0xC65D, 0x6DBF, 0x2A8E, 0x0000, 0x0000, 0x0000, 0x0000, 0x0000, 0x0000, 0x0000, 0x0000,
  0x0000, 0x0000, 0x0000, 0x0000, 0x0000, 0x0000, 0x0000, 0x0000, 0x0000, 0x0000, 0x0000, 0x0000,
  0x0000, 0x0000, 0x0000, 0x0000, 0x0000, 0x0000, 0x0000, 0x0000, 0x0000, 0x0000, 0x0000, 0x0000,
  0x0000, 0x0000, 0x0000, 0x0000, 0x0000, 0x0882, 0x655D, 0x2A4D, 0x0000, 0x0022, 0x0021, 0x0021,
  0x0021, 0x0021, 0x0021, 0x0021, 0x0021, 0x0001, 0x0001, 0x0001, 0x0001, 0x0001, 0x0001, 0x0001,
  0x0001, 0x0001, 0x0001, 0x0001, 0x0001, 0x0001, 0x0001, 0x0021, 0x0021, 0x0021, 0x0001, 0x0001,
  0x0001, 0x0001, 0x0001, 0x0001, 0x0001, 0x0021, 0x0021, 0x0021, 0x0001, 0x0001, 0x0001, 0x0001,
  0x0001, 0x0021, 0x0021, 0x0021, 0x0021, 0x0021, 0x0021, 0x0021, 0x0021, 0x0021, 0x0021, 0x0001,
  0x0001, 0x0001, 0x0001, 0x0001, 0x0001, 0x0021, 0x0021, 0x0001, 0x0001, 0x0001, 0x0001, 0x0001,
  0x0001, 0x0001, 0x0001, 0x0001, 0x0001, 0x0001, 0x0001, 0x0001, 0x0021, 0x0021, 0x0021, 0x0021,
  0x0021, 0x0021, 0x0021, 0x0021, 0x0021, 0x0021, 0x0001, 0x0001, 0x0001, 0x0001, 0x0001, 0x0001,
  0x0001, 0x0001, 0x0001, 0x0001, 0x0001, 0x0001, 0x0001, 0x0001, 0x0021, 0x0021, 0x0021, 0x0021,
  0x0021, 0x0021, 0x0021, 0x0021, 0x0000, 0x0000, 0x0000, 0x0000, 0x0000, 0x0001, 0x0022, 0x0021,
  0x0021, 0x0021, 0x0021, 0x0021, 0x0021, 0x0021, 0x0021, 0x0021, 0x0021, 0x0021, 0x0021, 0x0021,
  0x0021, 0x0021, 0x0021, 0x0021, 0x0021, 0x0021, 0x0021, 0x0021, 0x0021, 0x0021, 0x0021, 0x0021,
  0x0021, 0x0021, 0x0021, 0x0021, 0x0021, 0x0021, 0x0021, 0x0021, 0x0021, 0x0021, 0x0021, 0x1928,
  0x0022, 0x0021, 0x0021, 0x0021, 0x0021, 0x0021, 0x0021, 0x0021, 0x0021, 0x0021, 0x0021, 0x0021,
  0x0021, 0x0021, 0x0021, 0x0021, 0x0021, 0x0021, 0x0000, 0x218E, 0x5B5B, 0x6BDA, 0x7C3C, 0x7C3C,
  0x3A0F, 0x0884, 0x7C19, 0xAD7E, 0xA53D, 0xA51D, 0xB59E, 0xA55D, 0x7C19, 0x845B, 0x31EE, 0x08EA,
  0x3AB3, 0x9CF8, 0xC61C, 0xD6DE, 0x63B6, 0x3A95, 0x194A, 0x0022, 0x5BB6, 0x4ACF, 0x0085, 0x8CD9,
  0xC61B, 0xDEBC, 0x959B, 0x5D1E, 0x10E4, 0x0000, 0x0000, 0x0000, 0x0000, 0x0000, 0x0000, 0x0000,
  0x0000, 0x0000, 0x0000, 0x0000, 0x0000, 0x0000, 0x0000, 0x0000, 0x0000, 0x0000, 0x0000, 0x0000,
  0x0000, 0x0000, 0x0000, 0x0000, 0x0000, 0x0000, 0x0000, 0x0000, 0x0000, 0x0000, 0x0000, 0x0000,
  0x0000, 0x0000, 0x0000, 0x0000, 0x0000, 0x4BB4, 0x5458, 0x0000, 0x0021, 0x0021, 0x0021, 0x0021,
  0x0021, 0x0021, 0x0021, 0x0001, 0x0000, 0x0862, 0x0841, 0x0841, 0x0841, 0x0841, 0x0862, 0x0861,
  0x0862, 0x0862, 0x0841, 0x0841, 0x0862, 0x0862, 0x0842, 0x0000, 0x0001, 0x0021, 0x0841, 0x0862,
  0x0862, 0x0862, 0x0862, 0x0841, 0x0041, 0x0021, 0x0021, 0x0041, 0x0841, 0x0841, 0x0862, 0x0862,
  0x0862, 0x0000, 0x0001, 0x0021, 0x0021, 0x0021, 0x0021, 0x0021, 0x0021, 0x0001, 0x0021, 0x0862,
  0x0842, 0x0862, 0x0842, 0x0841, 0x0041, 0x0001, 0x0021, 0x0021, 0x0861, 0x0862, 0x0862, 0x0862,
  0x0862, 0x0841, 0x0841, 0x0841, 0x0841, 0x0841, 0x0862, 0x0862, 0x0001, 0x0021, 0x0021, 0x0021,
  0x0021, 0x0021, 0x0021, 0x0021, 0x0001, 0x0000, 0x0862, 0x0862, 0x0841, 0x0842, 0x0862, 0x0862,
  0x0862, 0x0862, 0x0862, 0x0841, 0x0841, 0x0841, 0x0861, 0x0841, 0x0001, 0x0021, 0x0021, 0x0021,
  0x0021, 0x0021, 0x0000, 0x0000, 0x10A3, 0x3186, 0x4209, 0x39C8, 0x2105, 0x0021, 0x0000, 0x0001,
  0x0021, 0x0021, 0x0021, 0x0021, 0x0021, 0x0021, 0x0021, 0x0021, 0x0021, 0x0021, 0x0021, 0x0021,
  0x0021, 0x0021, 0x0021, 0x0021, 0x0021, 0x0021, 0x0021, 0x0021, 0x0021, 0x0021, 0x0021, 0x0021,
  0x0021, 0x0021, 0x0021, 0x0021, 0x0021, 0x0021, 0x0021, 0x0021, 0x0021, 0x0021, 0x0021, 0x0884,
  0x0021, 0x0021, 0x0021, 0x0021, 0x0021, 0x0021, 0x0021, 0x0021, 0x0021, 0x0021, 0x0021, 0x0021,
  0x0021, 0x0021, 0x0021, 0x0021, 0x0021, 0x0000, 0x216C, 0x533A, 0x5B5A, 0x5B7A, 0x3A72, 0x10E7,
  0x0000, 0x52F3, 0x9CFE, 0xA53D, 0xA55D, 0xA53D, 0xAD7E, 0x9CDC, 0x63B8, 0x741B, 0x4273, 0x0088,
  0x10E8, 0x8497, 0xC61B, 0xDF1E, 0xA59A, 0x3275, 0x1109, 0x0042, 0x08A4, 0x63B5, 0x21AB, 0x6BF5,
  0xC61A, 0xD6BD, 0xAD78, 0x5459, 0x5457, 0x0000, 0x0000, 0x0000, 0x0000, 0x0000, 0x0000, 0x0000,
  0x0000, 0x0000, 0x0000, 0x0000, 0x0000, 0x0000, 0x0000, 0x0000, 0x0000, 0x0000, 0x0000, 0x0000,
  0x0000, 0x0000, 0x0000, 0x0000, 0x0000, 0x0000, 0x0000, 0x0000, 0x0000, 0x0000, 0x0000, 0x0000,
  0x0000, 0x0000, 0x0000, 0x0000, 0x1967, 0x659E, 0x1105, 0x0000, 0x0021, 0x0021, 0x0021, 0x0021,
  0x0021, 0x0021, 0x0021, 0x0000, 0x8C32, 0xD63A, 0xBDB8, 0xCE1A, 0xDE9B, 0xD67B, 0xC5F9, 0xC5D9,
  0xC5D9, 0xC5F9, 0xD67B, 0xDE9B, 0xD63A, 0xBDB8, 0xCE1A, 0x83D0, 0x0000, 0x422A, 0xD65B, 0xC5D9,
  0xCE1A, 0xCE1A, 0xC5F9, 0xD63A, 0xA515, 0x0042, 0x0000, 0x8C32, 0xD65B, 0xC5B8, 0xCDF9, 0xC5F9,
  0xCDF9, 0xAD15, 0x0862, 0x0001, 0x0021, 0x0021, 0x0021, 0x0021, 0x0000, 0x10C3, 0xB557, 0xC5D9,
  0xC5F9, 0xCE1A, 0xC5D9, 0xD65B, 0x8C32, 0x0000, 0x0000, 0x83F1, 0xDE7B, 0xC5F9, 0xCDF9, 0xC5D9,
  0xC5D9, 0xD65A, 0xDE9B, 0xD67B, 0xD65B, 0xCE1A, 0xC5F9, 0xD65B, 0x8411, 0x0000, 0x0021, 0x0021,
  0x0021, 0x0021, 0x0021, 0x0021, 0x0021, 0x9473, 0xCE3A, 0xCDF9, 0xCE3A, 0xD65B, 0xD67B, 0xCDF9,
  0xC5D9, 0xCDF9, 0xCE1A, 0xD67B, 0xD65B, 0xCE1A, 0xC5D8, 0xD65A, 0x630D, 0x0000, 0x0021, 0x0021,
  0x0001, 0x0000, 0x39C7, 0xA4D4, 0xDE7B, 0xF77F, 0xFF7F, 0xF73F, 0xDEBC, 0xC5D9, 0x7BAF, 0x1082,
  0x0000, 0x0021, 0x0021, 0x0021, 0x0021, 0x0021, 0x0021, 0x0021, 0x0021, 0x0021, 0x0021, 0x0021,
  0x0021, 0x0021, 0x0021, 0x0021, 0x0021, 0x0021, 0x0021, 0x0021, 0x0021, 0x0021, 0x0021, 0x0021,
  0x0021, 0x0021, 0x0021, 0x0021, 0x0021, 0x0021, 0x0021, 0x0021, 0x0021, 0x0021, 0x0021, 0x0021,
  0x0021, 0x0021, 0x0021, 0x0021, 0x0021, 0x0021, 0x0021, 0x0021, 0x0021, 0x0021, 0x0021, 0x0021,
  0x0021, 0x0021, 0x0021, 0x0021, 0x0000, 0x18E8, 0x5B9B, 0x5B7A, 0x3A53, 0x10E7, 0x0000, 0x0000,
  0x298B, 0x7C1C, 0x8C9C, 0x9CFD, 0x843A, 0x9D1C, 0xAD7E, 0x7C3A, 0x4294, 0x6BBA, 0x42B5, 0x0044,
  0x0001, 0x63B3, 0xB61B, 0xCEBD, 0xCEBD, 0x4B57, 0x0064, 0x0000, 0x0000, 0x29AB, 0x4AF2, 0x6394,
  0xB579, 0xC65C, 0xC65C, 0x4B11, 0x5D7F, 0x2A2B, 0x0000, 0x0000, 0x0000, 0x0000, 0x0000, 0x0000,
  0x0000, 0x0000, 0x0000, 0x0000, 0x0000, 0x0000, 0x0000, 0x0000, 0x0000, 0x0000, 0x0000, 0x0000,
  0x0000, 0x0000, 0x0000, 0x0000, 0x0000, 0x0000, 0x0000, 0x0000, 0x0000, 0x0000, 0x0000, 0x0000,
  0x0000, 0x0000, 0x0000, 0x0000, 0x54DA, 0x3311, 0x0000, 0x0021, 0x0021, 0x0021, 0x0021, 0x0021,
  0x0021, 0x0021, 0x0001, 0x0862, 0xD63A, 0xF73E, 0xF73F, 0xC5D9, 0x9CD4, 0xB557, 0xEF1E, 0xE6FD,
  0xE6FD, 0xEEFD, 0xAD36, 0xA4F5, 0xCDF9, 0xEEFE, 0xEF1E, 0xC5B8, 0x0021, 0x0862, 0x62EC, 0xE6DD,
  0xE6DD, 0xE6FD, 0xF75F, 0xBDB8, 0x2945, 0x0021, 0x0021, 0x18E3, 0x9473, 0xEF3E, 0xE6FD, 0xE6DD,
  0xE6DD, 0xFF7F, 0x528B, 0x0000, 0x0021, 0x0021, 0x0021, 0x0021, 0x0000, 0x62EC, 0xF75F, 0xE6BD,
  0xE6FD, 0xE6FD, 0xF75F, 0x9C93, 0x18C3, 0x0021, 0x0021, 0x18C3, 0x9493, 0xF73F, 0xE6DD, 0xE6DD,
  0xEEFE, 0xBDB8, 0x9CB3, 0x9C93, 0x9C93, 0xBD98, 0xEF1E, 0xEF1E, 0xBDB8, 0x0021, 0x0021, 0x0021,
  0x0021, 0x0021, 0x0021, 0x0000, 0x10A3, 0xDE7B, 0xEF1E, 0xF75F, 0xC5D9, 0x9C93, 0xBD97, 0xEF1E,
  0xE6DD, 0xE6FD, 0xE6FD, 0xA4F5, 0x9CB4, 0xD63A, 0xF75F, 0xF73F, 0x9CB4, 0x0000, 0x0021, 0x0021,
  0x0021, 0x8C11, 0xE6DD, 0xEEFE, 0xEF1E, 0x9CD4, 0x5AAB, 0x6B4E, 0xD67B, 0xF75F, 0xEF1E, 0xCE1A,
  0x41E8, 0x0000, 0x0021, 0x0021, 0x0021, 0x0021, 0x0021, 0x0021, 0x0021, 0x0021, 0x0021, 0x0021,
  0x0021, 0x0021, 0x0021, 0x0021, 0x0021, 0x0021, 0x0021, 0x0021, 0x0021, 0x0021, 0x0021, 0x0021,
  0x0021, 0x0021, 0x0021, 0x0021, 0x0021, 0x0021, 0x0021, 0x0021, 0x0021, 0x0021, 0x0021, 0x0021,
  0x0021, 0x0021, 0x0021, 0x0021, 0x0021, 0x0021, 0x0021, 0x0021, 0x0021, 0x0021, 0x0021, 0x0021,
  0x0021, 0x0021, 0x0021, 0x0000, 0x10C6, 0x5B59, 0x3A73, 0x1909, 0x0021, 0x0000, 0x0021, 0x0042,
  0x5B17, 0x843C, 0x8C9C, 0x73FA, 0x4AB2, 0x94FD, 0xA53E, 0x73D8, 0x216C, 0x4B19, 0x4295, 0x0021,
  0x0043, 0x6416, 0xB5FB, 0xCE5C, 0xDEDD, 0x7417, 0x08A6, 0x1107, 0x1128, 0x29CB, 0x324F, 0x5394,
  0x9539, 0xBE3C, 0xD6FE, 0x8C99, 0x541C, 0x653C, 0x0862, 0x0000, 0x0000, 0x0000, 0x0000, 0x0000,
  0x0000, 0x0000, 0x0000, 0x0000, 0x0000, 0x0000, 0x0000, 0x0000, 0x0000, 0x0000, 0x0000, 0x0000,
  0x0000, 0x0000, 0x0000, 0x0000, 0x0000, 0x0000, 0x0000, 0x0000, 0x0000, 0x0000, 0x0000, 0x0000,
  0x0000, 0x0000, 0x0000, 0x2A4C, 0x551C, 0x0042, 0x0001, 0x0021, 0x0021, 0x0021, 0x0021, 0x0021,
  0x0021, 0x0021, 0x0000, 0x10A3, 0xCE1A, 0xE6DD, 0x630D, 0x0021, 0x0000, 0x3186, 0xEEFE, 0xDEBC,
  0xE6DD, 0xE6DD, 0x2104, 0x0000, 0x0021, 0x6B2E, 0xEF3E, 0xBDB8, 0x0841, 0x0001, 0x0021, 0xCE1A,
  0xE6DD, 0xDE9C, 0xF73F, 0x6B2D, 0x0000, 0x0021, 0x0021, 0x0000, 0x3187, 0xEF1E, 0xDE9C, 0xE6BC,
  0xDEBC, 0xEF1E, 0xA4D4, 0x0000, 0x0021, 0x0021, 0x0021, 0x0021, 0x0000, 0xAD36, 0xEEFE, 0xDE9C,
  0xDEBC, 0xDE9C, 0xEF1E, 0x31A7, 0x0000, 0x0021, 0x0021, 0x0000, 0x39E8, 0xEEFE, 0xDE9C, 0xDEBC,
  0xF73F, 0x4A4A, 0x0000, 0x0000, 0x0000, 0x0000, 0x4A29, 0xDE9C, 0xC5F9, 0x0841, 0x0001, 0x0021,
  0x0021, 0x0021, 0x0021, 0x0000, 0x18C3, 0xD67B, 0xDE9C, 0x526A, 0x0021, 0x0000, 0x4A29, 0xEF1E,
  0xDE9C, 0xE6DD, 0xD65B, 0x0841, 0x0000, 0x0862, 0x83F1, 0xF73F, 0xA4D4, 0x0000, 0x0021, 0x0000,
  0x9CB4, 0xFF7F, 0xDE9C, 0xE6FD, 0x6B2D, 0x0000, 0x0000, 0x0000, 0x2946, 0xD63B, 0xDE9C, 0xEEFD,
  0xEF1E, 0x4208, 0x0000, 0x0021, 0x0021, 0x0021, 0x0021, 0x0021, 0x0021, 0x0021, 0x0021, 0x0021,
  0x0021, 0x0021, 0x0021, 0x0021, 0x0021, 0x0021, 0x0021, 0x0021, 0x0021, 0x0021, 0x0021, 0x0021,
  0x0021, 0x0021, 0x0021, 0x0021, 0x0021, 0x0021, 0x0021, 0x0021, 0x0021, 0x0021, 0x0021, 0x0021,
  0x0021, 0x0021, 0x0021, 0x0021, 0x0021, 0x0021, 0x0021, 0x0021, 0x0021, 0x0021, 0x0021, 0x0021,
  0x0021, 0x0021, 0x0000, 0x0883, 0x3A30, 0x1929, 0x0000, 0x0000, 0x0021, 0x0022, 0x0000, 0x216B,
  0x6BDC, 0x845B, 0x7C3D, 0x31CF, 0x3A2F, 0x94DE, 0x9D1D, 0x6B97, 0x08A5, 0x42D6, 0x4295, 0x0000,
  0x18E6, 0x4B13, 0x8C96, 0xBDDA, 0xD69D, 0x94F8, 0x0042, 0x0043, 0x0022, 0x0063, 0x5355, 0x63F7,
  0x9D59, 0xC63C, 0xDEFE, 0xADBB, 0x6BDA, 0x759F, 0x4330, 0x0000, 0x0000, 0x0000, 0x0000, 0x0000,
  0x0000, 0x0000, 0x0000, 0x0000, 0x0000, 0x0000, 0x0000, 0x0000, 0x0000, 0x0000, 0x0000, 0x0000,
  0x0000, 0x0000, 0x0000, 0x0000, 0x0000, 0x0000, 0x0000, 0x0000, 0x0000, 0x0000, 0x0000, 0x0000,
  0x0000, 0x0000, 0x0841, 0x54FC, 0x222C, 0x0000, 0x0022, 0x0021, 0x0021, 0x0021, 0x0021, 0x0021,
  0x0021, 0x0021, 0x0000, 0x2104, 0xEF1E, 0x736F, 0x0000, 0x0042, 0x0000, 0x39C8, 0xEEFE, 0xE6BD,
  0xE6DD, 0xE6DD, 0x2945, 0x0000, 0x0021, 0x0000, 0x9C93, 0xDEBC, 0x0841, 0x0000, 0x1083, 0xCE3A,
  0xE6FD, 0xDE9C, 0xF73F, 0x6B2D, 0x0000, 0x0021, 0x0021, 0x0000, 0x4209, 0xEF1E, 0xDEBC, 0xE6DD,
  0xE6BD, 0xE6DD, 0xDE9C, 0x18E4, 0x0000, 0x0021, 0x0021, 0x0000, 0x2125, 0xE6BD, 0xE6DD, 0xE6DD,
  0xE6BD, 0xDEBC, 0xEEFE, 0x4208, 0x0000, 0x0021, 0x0021, 0x0000, 0x4209, 0xEEFE, 0xE6BD, 0xDEBC,
  0xF73F, 0x528B, 0x0000, 0x0042, 0x0042, 0x0042, 0x0000, 0x6B4E, 0xEF1E, 0x1082, 0x0000, 0x0021,
  0x0021, 0x0021, 0x0021, 0x0000, 0x2945, 0xF75F, 0x6B2E, 0x0000, 0x0042, 0x0000, 0x528B, 0xEF1E,
  0xDEBC, 0xE6DD, 0xD63B, 0x18C3, 0x0001, 0x0001, 0x0000, 0xB556, 0xCE19, 0x0021, 0x0000, 0x6B2D,
  0xF71F, 0xDE9C, 0xEF3E, 0xBD97, 0x0000, 0x0021, 0x0041, 0x0862, 0x0000, 0x62EC, 0xF73E, 0xDEBC,
  0xEEFD, 0xD65B, 0x18C3, 0x0000, 0x0021, 0x0021, 0x0021, 0x0021, 0x0021, 0x0021, 0x0021, 0x0021,
  0x0021, 0x0021, 0x0021, 0x0021, 0x0021, 0x0021, 0x0021, 0x0021, 0x0021, 0x0000, 0x0000, 0x0000,
  0x0021, 0x0000, 0x0021, 0x0021, 0x0021, 0x0021, 0x0021, 0x0021, 0x0021, 0x0021, 0x0021, 0x0021,
  0x0021, 0x0021, 0x0021, 0x0021, 0x0021, 0x0021, 0x0021, 0x0021, 0x0021, 0x0021, 0x0021, 0x0021,
  0x0021, 0x0021, 0x0042, 0x18E7, 0x0021, 0x0000, 0x0021, 0x0021, 0x0021, 0x0021, 0x0021, 0x4295,
  0x741C, 0x7C1B, 0x5B39, 0x0842, 0x3A10, 0x847D, 0x8CBC, 0x52F5, 0x0000, 0x3232, 0x4AF6, 0x0022,
  0x2149, 0x0864, 0x4ACF, 0xAD79, 0xC63B, 0xC65D, 0x2988, 0x0001, 0x0001, 0x1909, 0x7C39, 0x5B97,
  0x7C56, 0xBDFB, 0xD6BD, 0xBDFC, 0x6378, 0x5BD8, 0x75BE, 0x10E4, 0x0000, 0x0000, 0x0000, 0x0000,
  0x0000, 0x0000, 0x0000, 0x0000, 0x0000, 0x0000, 0x0000, 0x0000, 0x0000, 0x0000, 0x0000, 0x0000,
  0x0000, 0x0000, 0x0000, 0x0000, 0x0000, 0x0000, 0x0000, 0x0000, 0x0000, 0x0000, 0x0000, 0x0000,
  0x0000, 0x0000, 0x2ACF, 0x4479, 0x0000, 0x0021, 0x0021, 0x0021, 0x0021, 0x0021, 0x0021, 0x0021,
  0x0021, 0x0021, 0x0000, 0x2925, 0xC5D8, 0x1082, 0x0000, 0x0042, 0x0000, 0x39C8, 0xEEFE, 0xE6BD,
  0xE6DD, 0xE6DD, 0x2945, 0x0000, 0x0042, 0x0000, 0x2946, 0xBDB8, 0x0882, 0x0000, 0x0862, 0xCE3A,
  0xE6FD, 0xDEBC, 0xF73F, 0x6B2D, 0x0000, 0x0021, 0x0021, 0x0000, 0x4A29, 0xEF3E, 0xE6BC, 0xE6BD,
  0xE6BD, 0xDEBC, 0xEF1E, 0x630D, 0x0000, 0x0042, 0x0021, 0x0000, 0x738F, 0xF75F, 0xDE9C, 0xE6BC,
  0xE6DD, 0xE6BC, 0xEF1E, 0x4A49, 0x0000, 0x0021, 0x0021, 0x0000, 0x4209, 0xEF1E, 0xE6BD, 0xDEBC,
  0xEF1E, 0x526B, 0x0000, 0x0041, 0x0021, 0x0021, 0x0021, 0x1083, 0x738F, 0x0862, 0x0001, 0x0021,
  0x0021, 0x0021, 0x0021, 0x0000, 0x3186, 0xBD97, 0x0842, 0x0021, 0x0041, 0x0000, 0x528B, 0xEF1E,
  0xDE9C, 0xE6DD, 0xD65B, 0x10A3, 0x0000, 0x0041, 0x0000, 0x4209, 0xB557, 0x0000, 0x2105, 0xDE9C,
  0xE6BD, 0xDE9C, 0xF73E, 0x5ACC, 0x0000, 0x0021, 0x0021, 0x0021, 0x0000, 0x18C3, 0xDE9C, 0xE6FD,
  0xDE9C, 0xF73F, 0x8C32, 0x0000, 0x0021, 0x0021, 0x0021, 0x0021, 0x0021, 0x0021, 0x0021, 0x0021,
  0x0021, 0x0021, 0x0021, 0x0021, 0x0021, 0x0021, 0x0021, 0x0021, 0x0021, 0x10C4, 0x29A8, 0x10C4,
  0x0000, 0x2167, 0x2167, 0x0883, 0x0001, 0x0021, 0x0021, 0x0021, 0x0021, 0x0021, 0x0021, 0x0021,
  0x0021, 0x0021, 0x0021, 0x0021, 0x0021, 0x0021, 0x0021, 0x0021, 0x0021, 0x0021, 0x0021, 0x0021,
  0x0021, 0x0021, 0x0022, 0x0001, 0x0001, 0x0021, 0x0021, 0x0021, 0x0021, 0x0000, 0x10E7, 0x533A,
  0x6BDA, 0x6BDC, 0x216C, 0x0000, 0x3A53, 0x73FB, 0x7C3C, 0x4293, 0x0000, 0x192A, 0x5338, 0x0864,
  0x10E7, 0x0000, 0x1106, 0x8C97, 0xBDFB, 0xD6DE, 0x6370, 0x0000, 0x08A6, 0x21CE, 0x6B97, 0x4AF6,
  0x5374, 0xBDDA, 0xD69D, 0xCE9D, 0x6BD8, 0x3210, 0x5CBB, 0x4BF5, 0x0000, 0x0000, 0x0000, 0x0000,
  0x0000, 0x0000, 0x0000, 0x0000, 0x0000, 0x0000, 0x0000, 0x0000, 0x0000, 0x0000, 0x0000, 0x0000,
  0x0000, 0x0000, 0x0000, 0x0000, 0x0000, 0x0000, 0x0000, 0x0000, 0x0000, 0x0000, 0x0000, 0x0000,
  0x0000, 0x0862, 0x44DC, 0x1169, 0x0000, 0x0021, 0x0021, 0x0021, 0x0021, 0x0021, 0x0021, 0x0021,
  0x0021, 0x0021, 0x0021, 0x0021, 0x0862, 0x0001, 0x0021, 0x0021, 0x0000, 0x39C8, 0xEF1E, 0xE6BD,
  0xE6DD, 0xE6DD, 0x2945, 0x0000, 0x0021, 0x0021, 0x0001, 0x0862, 0x0021, 0x0001, 0x0862, 0xCE1A,
  0xE6FD, 0xDE9C, 0xF73F, 0x6B2D, 0x0000, 0x0042, 0x0021, 0x0000, 0x4A4A, 0xF77F, 0x9CB4, 0xD65B,
  0xE6BD, 0xDEBC, 0xEEFE, 0xB577, 0x0021, 0x0021, 0x0021, 0x0021, 0xBDB8, 0xFF7F, 0x9473, 0xCE1A,
  0xE6DD, 0xDEBC, 0xEF3E, 0x528A, 0x0000, 0x0021, 0x0021, 0x0000, 0x4209, 0xEF1E, 0xDEBC, 0xDEBC,
  0xEF1E, 0x526A, 0x0000, 0x0041, 0x0021, 0x0000, 0x0000, 0x0021, 0x0000, 0x0001, 0x0021, 0x0021,
  0x0021, 0x0021, 0x0021, 0x0001, 0x0021, 0x0841, 0x0000, 0x0021, 0x0021, 0x0000, 0x528B, 0xEF1E,
  0xDE9C, 0xE6DD, 0xD65B, 0x10A3, 0x0000, 0x0021, 0x0021, 0x0021, 0x0861, 0x0000, 0x7BF0, 0xF77F,
  0xDEBC, 0xE6BD, 0xDE7C, 0x2104, 0x0000, 0x0021, 0x0021, 0x0021, 0x0021, 0x0000, 0xAD15, 0xEF1E,
  0xDEBC, 0xE6DD, 0xDE9C, 0x18E4, 0x0000, 0x0021, 0x0021, 0x0021, 0x0021, 0x0021, 0x0021, 0x0021,
  0x0021, 0x0021, 0x0021, 0x0021, 0x0021, 0x0021, 0x0021, 0x0021, 0x0021, 0x0862, 0x10C4, 0x3A4B,
  0x4B0F, 0x1926, 0x0021, 0x0021, 0x0021, 0x0021, 0x0021, 0x0021, 0x0021, 0x0021, 0x0021, 0x0021,
  0x0021, 0x0021, 0x0021, 0x0021, 0x0021, 0x0021, 0x0021, 0x0021, 0x0021, 0x0021, 0x0021, 0x0021,
  0x0021, 0x0021, 0x0001, 0x0021, 0x0021, 0x0021, 0x0021, 0x0021, 0x0021, 0x0000, 0x29AE, 0x5B59,
  0x639A, 0x4294, 0x0022, 0x0000, 0x3211, 0x639A, 0x63BB, 0x31CE, 0x0000, 0x0064, 0x4AD5, 0x10A5,
  0x0000, 0x0021, 0x0022, 0x73F5, 0xBDFB, 0xD69D, 0x8CB5, 0x0021, 0x0064, 0x10E7, 0x5B57, 0x3AB6,
  0x3A92, 0xAD79, 0xCE5C, 0xDEFE, 0x6BD3, 0x110A, 0x4315, 0x65BF, 0x1968, 0x0000, 0x0000, 0x0000,
  0x0000, 0x0000, 0x0000, 0x0000, 0x0000, 0x0000, 0x0000, 0x0000, 0x0000, 0x0000, 0x0000, 0x0000,
  0x0000, 0x0000, 0x0000, 0x0000, 0x0000, 0x0000, 0x0000, 0x0000, 0x0000, 0x0000, 0x0000, 0x0000,
  0x0000, 0x22F1, 0x2BF7, 0x0000, 0x0021, 0x0021, 0x0021, 0x0021, 0x0021, 0x0021, 0x0021, 0x0021,
  0x0021, 0x0021, 0x0021, 0x0021, 0x0001, 0x0021, 0x0021, 0x0021, 0x0000, 0x39C8, 0xEEFE, 0xE6BD,
  0xE6DD, 0xE6BD, 0x2945, 0x0000, 0x0021, 0x0021, 0x0021, 0x0001, 0x0021, 0x0001, 0x0862, 0xCE1A,
  0xE6FD, 0xDE9C, 0xF73F, 0x6B2D, 0x0000, 0x0021, 0x0021, 0x0000, 0x5AAB, 0xFF9F, 0x5AAB, 0xA4D5,
  0xEF1E, 0xDEBC, 0xE6DD, 0xEF1E, 0x3187, 0x0000, 0x0000, 0x39A7, 0xEEFE, 0xDE7C, 0x39C8, 0xCE1A,
  0xE6DD, 0xDE9C, 0xF73F, 0x5ACC, 0x0000, 0x0021, 0x0021, 0x0000, 0x4209, 0xEF1E, 0xDEBC, 0xDE9C,
  0xEF1E, 0x528B, 0x0000, 0x0862, 0x0000, 0x2966, 0x2105, 0x0000, 0x0041, 0x0021, 0x0021, 0x0021,
  0x0021, 0x0021, 0x0021, 0x0021, 0x0021, 0x0001, 0x0021, 0x0021, 0x0021, 0x0000, 0x528B, 0xEF1E,
  0xDE9C, 0xE6DD, 0xD65B, 0x10A3, 0x0000, 0x0021, 0x0021, 0x0021, 0x0000, 0x0020, 0xBDB8, 0xEF1E,
  0xE6BC, 0xEEFD, 0xCDF9, 0x0841, 0x0001, 0x0021, 0x0021, 0x0021, 0x0041, 0x0000, 0x738F, 0xF73E,
  0xDEBC, 0xDEBC, 0xF73F, 0x5ACC, 0x0000, 0x0041, 0x0021, 0x0021, 0x0021, 0x0021, 0x0021, 0x0021,
  0x0021, 0x0021, 0x0021, 0x0021, 0x0021, 0x0021, 0x0021, 0x0021, 0x0021, 0x0001, 0x0000, 0x08A3,
  0x320A, 0x0000, 0x0001, 0x0021, 0x0021, 0x0021, 0x0021, 0x0021, 0x0021, 0x0021, 0x0021, 0x0021,
  0x0021, 0x0021, 0x0021, 0x0021, 0x0021, 0x0021, 0x0021, 0x0021, 0x0021, 0x0021, 0x0021, 0x0021,
  0x0021, 0x0021, 0x0021, 0x0021, 0x0021, 0x0021, 0x0021, 0x0021, 0x0021, 0x0021, 0x3A53, 0x5B59,
  0x4AF8, 0x08A6, 0x0001, 0x0021, 0x31F0, 0x5B59, 0x5B5A, 0x1929, 0x0000, 0x0001, 0x29CD, 0x10C5,
  0x0000, 0x0042, 0x0000, 0x42AF, 0xB5BA, 0xCE3C, 0xBDFB, 0x2168, 0x0002, 0x10E8, 0x5316, 0x3A94,
  0x116B, 0x8CB8, 0xBDFA, 0xD6BE, 0x73B1, 0x0043, 0x5B56, 0x753E, 0x5478, 0x0000, 0x0000, 0x0000,
  0x0000, 0x0000, 0x0000, 0x0000, 0x0000, 0x0000, 0x0000, 0x0000, 0x0000, 0x0000, 0x0000, 0x0000,
  0x0000, 0x0000, 0x0000, 0x0000, 0x0000, 0x0000, 0x0000, 0x0000, 0x0000, 0x0000, 0x0000, 0x0000,
  0x08A3, 0x3D1D, 0x0948, 0x0000, 0x0021, 0x0021, 0x0021, 0x0021, 0x0021, 0x0021, 0x0021, 0x0021,
  0x0021, 0x0021, 0x0021, 0x0021, 0x0021, 0x0021, 0x0021, 0x0021, 0x0000, 0x39C8, 0xEEFE, 0xE6BD,
  0xE6DD, 0xE6BD, 0x2945, 0x0000, 0x0021, 0x0021, 0x0021, 0x0021, 0x0021, 0x0001, 0x0862, 0xCE1A,
  0xE6FD, 0xDE9C, 0xF73F, 0x6B0D, 0x0000, 0x0042, 0x0021, 0x0000, 0x62EC, 0xFF9F, 0x4A09, 0x528B,
  0xF73F, 0xDEBC, 0xDEBC, 0xF75F, 0x83F0, 0x0000, 0x0000, 0x7BD0, 0xFF7F, 0x9C94, 0x0841, 0xD65B,
  0xE6DD, 0xDEBC, 0xF75F, 0x630D, 0x0000, 0x0021, 0x0021, 0x0000, 0x4209, 0xEF1E, 0xDEBC, 0xDE9C,
  0xF73F, 0x4A2A, 0x0000, 0x0000, 0x0841, 0xD67B, 0x630D, 0x0000, 0x0021, 0x0021, 0x0021, 0x0021,
  0x0021, 0x0021, 0x0021, 0x0021, 0x0021, 0x0021, 0x0021, 0x0021, 0x0021, 0x0000, 0x528B, 0xEF1E,
  0xDE9C, 0xE6DD, 0xD65B, 0x10A3, 0x0000, 0x0021, 0x0021, 0x0021, 0x0001, 0x18E4, 0xDE7B, 0xE6BD,
  0xDEBC, 0xEF1E, 0xBD98, 0x0001, 0x0021, 0x0021, 0x0021, 0x0021, 0x0041, 0x0000, 0x5ACC, 0xF73F,
  0xDEBC, 0xDEBC, 0xF73F, 0x83F1, 0x0000, 0x0041, 0x0021, 0x0021, 0x0021, 0x0021, 0x0021, 0x0021,
  0x0021, 0x0021, 0x0021, 0x0021, 0x0021, 0x0021, 0x0021, 0x0021, 0x0021, 0x0021, 0x0021, 0x0001,
  0x0000, 0x0021, 0x0021, 0x0021, 0x0021, 0x0021, 0x0021, 0x0021, 0x0021, 0x0001, 0x0021, 0x0021,
  0x0021, 0x0021, 0x0021, 0x0021, 0x0021, 0x0021, 0x0021, 0x0021, 0x0021, 0x0021, 0x0021, 0x0021,
  0x0021, 0x0021, 0x0021, 0x0021, 0x0021, 0x0021, 0x0021, 0x0021, 0x0000, 0x0885, 0x4AF7, 0x5339,
  0x194B, 0x0000, 0x0042, 0x0001, 0x29CF, 0x5B58, 0x4AF8, 0x08A6, 0x0021, 0x0001, 0x10C5, 0x10A5,
  0x0000, 0x0021, 0x0000, 0x1927, 0x9D19, 0xC5FB, 0xD6BE, 0x6B91, 0x0001, 0x08A5, 0x42D5, 0x3A93,
  0x00A6, 0x6BD5, 0xB599, 0xCE9D, 0x9D18, 0x0000, 0x3A91, 0x84BB, 0x6DDF, 0x21C9, 0x0000, 0x0000,
  0x0000, 0x0000, 0x0000, 0x0000, 0x0000, 0x0000, 0x0000, 0x0000, 0x0000, 0x0000, 0x0000, 0x0000,
  0x0000, 0x0000, 0x0000, 0x0000, 0x0000, 0x0000, 0x0000, 0x0000, 0x0000, 0x0000, 0x0000, 0x0000,
  0x2312, 0x2BF7, 0x0000, 0x0021, 0x0021, 0x0021, 0x0021, 0x0021, 0x0021, 0x0021, 0x0021, 0x0021,
  0x0021, 0x0021, 0x0021, 0x0021, 0x0021, 0x0021, 0x0021, 0x0021, 0x0000, 0x39C8, 0xEEFE, 0xE6BC,
  0xE6DD, 0xE6BD, 0x2945, 0x0000, 0x0021, 0x0021, 0x0021, 0x0021, 0x0021, 0x0001, 0x0862, 0xCE1A,
  0xE6FD, 0xDE9C, 0xF73F, 0x6B0D, 0x0000, 0x0021, 0x0021, 0x0000, 0x630D, 0xFF7F, 0x4209, 0x0862,
  0xDE9C, 0xE6FD, 0xE6BD, 0xEEFE, 0xC5F9, 0x0041, 0x0841, 0xC5D9, 0xF75F, 0x4A4A, 0x0000, 0xD63A,
  0xEEFE, 0xDEBC, 0xF75F, 0x736E, 0x0000, 0x0021, 0x0021, 0x0000, 0x4209, 0xEF1E, 0xDE9C, 0xDEBC,
  0xE6DD, 0xA4D4, 0x738F, 0x7BD0, 0xB577, 0xF73F, 0x528B, 0x0000, 0x0021, 0x0021, 0x0021, 0x0021,
  0x0001, 0x0021, 0x0021, 0x0001, 0x0021, 0x0021, 0x0021, 0x0021, 0x0021, 0x0000, 0x528B, 0xEF1E,
  0xDE9C, 0xE6DD, 0xD67B, 0x10A3, 0x0000, 0x0021, 0x0021, 0x0021, 0x0000, 0x31A7, 0xE6DD, 0xDEBC,
  0xDEBC, 0xEF1E, 0xAD36, 0x0000, 0x0021, 0x0021, 0x0021, 0x0021, 0x0021, 0x0000, 0x4A4A, 0xEF1E,
  0xE6BC, 0xE6BD, 0xEF3E, 0x9CD4, 0x0000, 0x0021, 0x0021, 0x0021, 0x0021, 0x0021, 0x0021, 0x0021,
  0x0021, 0x0021, 0x0021, 0x0021, 0x0021, 0x0021, 0x0021, 0x0021, 0x0021, 0x0021, 0x0021, 0x0021,
  0x0021, 0x0021, 0x0021, 0x0021, 0x0021, 0x0021, 0x0021, 0x0001, 0x0001, 0x0042, 0x0021, 0x0021,
  0x0021, 0x0021, 0x0021, 0x0021, 0x0021, 0x0021, 0x0021, 0x0021, 0x0021, 0x0021, 0x0021, 0x0021,
  0x0021, 0x0021, 0x0021, 0x0021, 0x0021, 0x0021, 0x0021, 0x0022, 0x0000, 0x1929, 0x5B7A, 0x31F0,
  0x0000, 0x0021, 0x0022, 0x0000, 0x218D, 0x5B7A, 0x4275, 0x0022, 0x0021, 0x0021, 0x0042, 0x0884,
  0x0001, 0x0021, 0x0021, 0x0022, 0x6BD4, 0xBDBA, 0xCE7D, 0x9D18, 0x0020, 0x0884, 0x3210, 0x320F,
  0x0001, 0x4AF2, 0xAD79, 0xCE5C, 0xBE3C, 0x10C3, 0x2A0E, 0x84BB, 0x5C9A, 0x4438, 0x0000, 0x0000,
  0x0000, 0x0000, 0x0000, 0x0000, 0x0000, 0x0000, 0x0000, 0x0000, 0x0000, 0x0000, 0x0000, 0x0000,
  0x0000, 0x0000, 0x0000, 0x0000, 0x0000, 0x0000, 0x0000, 0x0000, 0x0000, 0x0000, 0x0000, 0x0083,
  0x34BC, 0x1148, 0x0000, 0x0021, 0x0021, 0x0021, 0x0021, 0x0021, 0x0021, 0x0021, 0x0021, 0x0021,
  0x0021, 0x0021, 0x0021, 0x0021, 0x0021, 0x0021, 0x0021, 0x0021, 0x0000, 0x39C8, 0xEEFE, 0xDEBC,
  0xE6BD, 0xE6BD, 0x2945, 0x0000, 0x0021, 0x0021, 0x0021, 0x0021, 0x0021, 0x0001, 0x0862, 0xCE1A,
  0xE6DD, 0xDE9C, 0xF73F, 0x630D, 0x0000, 0x0021, 0x0021, 0x0000, 0x734E, 0xF75F, 0x39E8, 0x0000,
  0xA4D4, 0xF73F, 0xDE9C, 0xDEBC, 0xEEFE, 0x3187, 0x39E8, 0xF75F, 0xCE1A, 0x0882, 0x0041, 0xC5F9,
  0xEEFE, 0xDE9C, 0xF73F, 0x7BB0, 0x0000, 0x0041, 0x0021, 0x0000, 0x4209, 0xEF1E, 0xDE9C, 0xDEBD,
  0xDE9C, 0xE6DD, 0xEF1E, 0xF75F, 0xF75F, 0xEEFE, 0x528B, 0x0000, 0x0021, 0x0021, 0x0021, 0x0021,
  0x0021, 0x0021, 0x0021, 0x0021, 0x0021, 0x0021, 0x0021, 0x0021, 0x0021, 0x0000, 0x528B, 0xEF1E,
  0xDE9C, 0xE6DD, 0xD67B, 0x10A3, 0x0000, 0x0021, 0x0021, 0x0021, 0x0000, 0x41E8, 0xEF1E, 0xE6BC,
  0xDEBC, 0xEF1E, 0xA4F5, 0x0000, 0x0021, 0x0021, 0x0021, 0x0021, 0x0021, 0x0000, 0x4229, 0xEF1E,
  0xE6BC, 0xE6BD, 0xEF3E, 0xAD36, 0x0000, 0x0021, 0x0021, 0x0021, 0x0021, 0x0021, 0x0021, 0x0021,
  0x0021, 0x0021, 0x0021, 0x0021, 0x0021, 0x0021, 0x0021, 0x0021, 0x0021, 0x0021, 0x0021, 0x0021,
  0x0021, 0x0021, 0x0021, 0x0021, 0x0021, 0x08A3, 0x2188, 0x1926, 0x1905, 0x1947, 0x0883, 0x0021,
  0x0021, 0x0021, 0x0021, 0x0021, 0x0021, 0x0022, 0x0021, 0x0021, 0x0022, 0x0021, 0x0021, 0x0021,
  0x0021, 0x0021, 0x0021, 0x0021, 0x0021, 0x0021, 0x0021, 0x0022, 0x0000, 0x320F, 0x4AF6, 0x0042,
  0x0001, 0x0021, 0x0021, 0x0000, 0x192A, 0x5B7A, 0x31F0, 0x0000, 0x0021, 0x0021, 0x0021, 0x0022,
  0x0021, 0x0021, 0x0042, 0x0000, 0x3A6E, 0xAD59, 0xC61C, 0xBE1C, 0x2946, 0x0043, 0x1929, 0x218B,
  0x0000, 0x2A0D, 0x9D39, 0xC61B, 0xD6BE, 0x31E9, 0x218C, 0x7C7B, 0x3A6F, 0x4D3E, 0x19EA, 0x0000,
  0x0020, 0x0000, 0x0000, 0x0000, 0x0000, 0x0000, 0x0000, 0x0000, 0x0000, 0x0000, 0x0000, 0x0000,
  0x0000, 0x0000, 0x0000, 0x0000, 0x0000, 0x0000, 0x0000, 0x0000, 0x0000, 0x0000, 0x0000, 0x22D0,
  0x2BF7, 0x0000, 0x0021, 0x0021, 0x0021, 0x0021, 0x0021, 0x0021, 0x0021, 0x0021, 0x0021, 0x0021,
  0x0021, 0x0021, 0x0021, 0x0021, 0x0021, 0x0021, 0x0021, 0x0021, 0x0000, 0x39C8, 0xEEFE, 0xDEBC,
  0xE6BD, 0xE6BD, 0x2945, 0x0000, 0x0021, 0x0021, 0x0021, 0x0021, 0x0021, 0x0001, 0x0862, 0xCE3A,
  0xE6FD, 0xDE9C, 0xF73F, 0x6B2D, 0x0000, 0x0021, 0x0021, 0x0000, 0x7BD0, 0xF75F, 0x39C7, 0x0000,
  0x4A4A, 0xEF3E, 0xDEBC, 0xDE9C, 0xEF1E, 0x8C32, 0x8C32, 0xFFBF, 0x83F1, 0x0000, 0x0841, 0xBDB8,
  0xEF1E, 0xDE9C, 0xF73F, 0x8411, 0x0000, 0x0021, 0x0021, 0x0000, 0x4208, 0xEF1E, 0xDE9C, 0xDE9C,
  0xEF1E, 0x62ED, 0x18C3, 0x2125, 0x6B2D, 0xF77F, 0x5AAB, 0x0000, 0x0021, 0x0021, 0x0021, 0x0021,
  0x0021, 0x0021, 0x0021, 0x0021, 0x0021, 0x0021, 0x0021, 0x0021, 0x0021, 0x0000, 0x528B, 0xEF1E,
  0xDE9C, 0xE6DD, 0xD67B, 0x18A3, 0x0000, 0x0021, 0x0021, 0x0021, 0x0000, 0x39C8, 0xEF1E, 0xE6BC,
  0xDEBC, 0xEF1E, 0xAD15, 0x0000, 0x0021, 0x0021, 0x0021, 0x0021, 0x0021, 0x0000, 0x4A6A, 0xEF1E,
  0xDEBC, 0xE6BC, 0xEF1E, 0x9CB4, 0x0000, 0x0021, 0x0021, 0x0021, 0x0021, 0x0021, 0x0021, 0x0021,
  0x0021, 0x0021, 0x0021, 0x0021, 0x0021, 0x0021, 0x0021, 0x0021, 0x0021, 0x0021, 0x0021, 0x0021,
  0x0021, 0x0021, 0x0021, 0x0021, 0x0021, 0x0021, 0x0000, 0x324B, 0x2A0A, 0x0000, 0x0022, 0x0021,
  0x0021, 0x0021, 0x0022, 0x0021, 0x0022, 0x0022, 0x0021, 0x0022, 0x0022, 0x0022, 0x0022, 0x0022,
  0x0022, 0x0022, 0x0021, 0x0021, 0x0021, 0x0021, 0x0021, 0x0022, 0x0001, 0x4272, 0x10E7, 0x0000,
  0x0022, 0x0021, 0x0021, 0x0000, 0x10E7, 0x535A, 0x1929, 0x0000, 0x0022, 0x0021, 0x0021, 0x0021,
  0x0021, 0x0021, 0x0021, 0x0021, 0x1128, 0x8C97, 0xBDDA, 0xCE9E, 0x634F, 0x0043, 0x10C6, 0x216A,
  0x0022, 0x1128, 0x8C97, 0xBDDA, 0xD6BF, 0x5B0E, 0x1108, 0x747C, 0x5B13, 0x2B54, 0x4479, 0x0000,
  0x0000, 0x0000, 0x0000, 0x0000, 0x0000, 0x0000, 0x0000, 0x0000, 0x0000, 0x0000, 0x0000, 0x0000,
  0x0000, 0x0000, 0x0000, 0x0000, 0x0000, 0x0000, 0x0000, 0x0000, 0x0000, 0x0000, 0x0041, 0x34BC,
  0x11AA, 0x0000, 0x0021, 0x0021, 0x0021, 0x0021, 0x0021, 0x0021, 0x0021, 0x0021, 0x0021, 0x0021,
  0x0021, 0x0021, 0x0021, 0x0021, 0x0021, 0x0021, 0x0021, 0x0021, 0x0000, 0x39C8, 0xEEFE, 0xDEBC,
  0xE6BD, 0xE6BD, 0x2945, 0x0000, 0x0021, 0x0021, 0x0021, 0x0021, 0x0021, 0x0001, 0x0862, 0xCE1A,
  0xE6DD, 0xDE9C, 0xF73F, 0x6B2D, 0x0000, 0x0021, 0x0021, 0x0000, 0x8C11, 0xF73F, 0x3166, 0x0000,
  0x0862, 0xC5F9, 0xEEFD, 0xDEBC, 0xE6DD, 0xDE9C, 0xDE9C, 0xEF1E, 0x3187, 0x0000, 0x0000, 0xB556,
  0xEF1E, 0xDE9C, 0xF73F, 0x9452, 0x0000, 0x0021, 0x0021, 0x0000, 0x4208, 0xEF1E, 0xDEBC, 0xDE9C,
  0xF73F, 0x4A6A, 0x0000, 0x0001, 0x0000, 0x9CB4, 0x5ACC, 0x0000, 0x0021, 0x0021, 0x0021, 0x0001,
  0x0021, 0x0021, 0x0021, 0x0021, 0x0021, 0x0021, 0x0021, 0x0021, 0x0021, 0x0000, 0x528B, 0xEF3E,
  0xDE9C, 0xE6DD, 0xD65B, 0x10A3, 0x0000, 0x0021, 0x0021, 0x0021, 0x0000, 0x2125, 0xE6BC, 0xE6BD,
  0xDE9C, 0xEF1E, 0xBD98, 0x0000, 0x0021, 0x0021, 0x0021, 0x0021, 0x0021, 0x0000, 0x5ACC, 0xF73F,
  0xDEBC, 0xE6BC, 0xF73F, 0x7BD0, 0x0000, 0x0041, 0x0021, 0x0021, 0x0021, 0x0021, 0x0021, 0x0021,
  0x0021, 0x0021, 0x0021, 0x0021, 0x0021, 0x0021, 0x0021, 0x0021, 0x0021, 0x0021, 0x0021, 0x0021,
  0x0021, 0x0021, 0x0021, 0x0021, 0x0021, 0x0021, 0x0021, 0x0021, 0x0021, 0x0021, 0x0021, 0x0021,
  0x0021, 0x0022, 0x0022, 0x0022, 0x0022, 0x0021, 0x0022, 0x0022, 0x0022, 0x0022, 0x0022, 0x0022,
  0x0022, 0x0022, 0x0022, 0x0022, 0x0022, 0x0021, 0x0022, 0x0001, 0x0884, 0x214A, 0x0000, 0x0022,
  0x0021, 0x0021, 0x0021, 0x0001, 0x0864, 0x4AD6, 0x0884, 0x0001, 0x0021, 0x0021, 0x0021, 0x0021,
  0x0021, 0x0021, 0x0022, 0x0043, 0x0021, 0x6373, 0xB59A, 0xCE7D, 0x9D18, 0x08A5, 0x0084, 0x1928,
  0x0863, 0x0063, 0x6BF5, 0xB599, 0xD69E, 0x8C74, 0x196A, 0x5B76, 0x5B54, 0x08E7, 0x4D1E, 0x19C9,
  0x0000, 0x0000, 0x0000, 0x0000, 0x0000, 0x0000, 0x0000, 0x0000, 0x0000, 0x0000, 0x0000, 0x0000,
  0x0000, 0x0000, 0x0000, 0x0000, 0x0000, 0x0000, 0x0000, 0x0000, 0x0000, 0x0000, 0x1A2D, 0x345A,
  0x0021, 0x0021, 0x0021, 0x0021, 0x0021, 0x0021, 0x0021, 0x0021, 0x0021, 0x0021, 0x0021, 0x0021,
  0x0021, 0x0021, 0x0021, 0x0021, 0x0021, 0x0021, 0x0021, 0x0021, 0x0000, 0x39C8, 0xEEFE, 0xDEBC,
  0xE6BD, 0xE6BD, 0x2945, 0x0000, 0x0021, 0x0021, 0x0021, 0x0021, 0x0021, 0x0001, 0x0862, 0xCE1A,
  0xE6DD, 0xDE9C, 0xF73F, 0x6B2D, 0x0000, 0x0021, 0x0021, 0x0000, 0x9473, 0xEF1E, 0x2105, 0x0001,
  0x0000, 0x7B8F, 0xEF1E, 0xDE9C, 0xE6BD, 0xE6BC, 0xEF3E, 0xBD97, 0x0021, 0x0021, 0x0000, 0xAD16,
  0xEF1E, 0xDE9C, 0xEF3E, 0x9CB4, 0x0000, 0x0021, 0x0021, 0x0000, 0x4209, 0xEF1E, 0xDEBC, 0xDE9C,
  0xEF1E, 0x528B, 0x0000, 0x0041, 0x0021, 0x0862, 0x0862, 0x0021, 0x0021, 0x0021, 0x0021, 0x0021,
  0x0021, 0x0021, 0x0021, 0x0021, 0x0021, 0x0021, 0x0021, 0x0021, 0x0021, 0x0000, 0x52AB, 0xEF3E,
  0xDE9C, 0xE6DD, 0xD65B, 0x10A3, 0x0000, 0x0021, 0x0021, 0x0021, 0x0001, 0x0841, 0xC5D9, 0xE6DD,
  0xDEBC, 0xEEFD, 0xCE3A, 0x0862, 0x0001, 0x0021, 0x0021, 0x0021, 0x0041, 0x0000, 0x738F, 0xF75F,
  0xDEBC, 0xE6BC, 0xF73E, 0x4A6A, 0x0000, 0x0021, 0x0021, 0x0021, 0x0021, 0x0021, 0x0021, 0x0021,
  0x0021, 0x0021, 0x0021, 0x0021, 0x0021, 0x0021, 0x0021, 0x0021, 0x0021, 0x0021, 0x0021, 0x0021,
  0x0021, 0x0021, 0x0021, 0x0021, 0x0021, 0x0021, 0x0021, 0x0021, 0x0021, 0x0021, 0x0021, 0x0022,
  0x0022, 0x0022, 0x0022, 0x0022, 0x0022, 0x0042, 0x0022, 0x0001, 0x0042, 0x0022, 0x0022, 0x0022,
  0x0022, 0x0022, 0x0022, 0x0022, 0x0022, 0x0022, 0x0022, 0x0001, 0x10A5, 0x0863, 0x0001, 0x0021,
  0x0021, 0x0021, 0x0021, 0x0021, 0x0022, 0x29EE, 0x0021, 0x0021, 0x0021, 0x0021, 0x0021, 0x0021,
  0x0021, 0x0021, 0x0042, 0x0063, 0x0000, 0x320D, 0x9D19, 0xC63C, 0xC63C, 0x29A9, 0x0002, 0x10C5,
  0x10C5, 0x0000, 0x5332, 0xB599, 0xD69D, 0xB5DA, 0x3A6F, 0x320D, 0x3A4E, 0x1084, 0x33B6, 0x4C58,
  0x0000, 0x0000, 0x0000, 0x0000, 0x0000, 0x0000, 0x0000, 0x0000, 0x0000, 0x0000, 0x0000, 0x0000,
  0x0000, 0x0000, 0x0000, 0x0000, 0x0000, 0x0000, 0x0000, 0x0000, 0x0000, 0x0000, 0x2C5A, 0x122D,
  0x0000, 0x0021, 0x0021, 0x0021, 0x0021, 0x0021, 0x0021, 0x0021, 0x0021, 0x0021, 0x0021, 0x0021,
  0x0021, 0x0021, 0x0021, 0x0021, 0x0021, 0x0021, 0x0021, 0x0021, 0x0000, 0x39C8, 0xEEFE, 0xDEBC,
  0xE6BD, 0xE6BD, 0x2945, 0x0000, 0x0021, 0x0021, 0x0021, 0x0001, 0x0021, 0x0001, 0x0862, 0xCE1A,
  0xE6FD, 0xDE9C, 0xF73F, 0x6B0D, 0x0000, 0x0042, 0x0021, 0x0000, 0xA4F5, 0xEEFE, 0x18E4, 0x0000,
  0x0000, 0x2966, 0xE6BD, 0xE6BD, 0xE6BD, 0xDE9C, 0xEF1E, 0x630D, 0x0000, 0x0042, 0x0000, 0xA4F5,
  0xEF3E, 0xDE9C, 0xEF1E, 0xA4F5, 0x0000, 0x0021, 0x0041, 0x0000, 0x4209, 0xEF1E, 0xDEBC, 0xDE9C,
  0xEF1E, 0x526B, 0x0000, 0x0042, 0x0021, 0x0000, 0x0000, 0x0021, 0x0000, 0x0000, 0x0021, 0x0021,
  0x0021, 0x0021, 0x0021, 0x0021, 0x0021, 0x0021, 0x0021, 0x0021, 0x0021, 0x0000, 0x528B, 0xEF1E,
  0xDE9C, 0xE6DD, 0xD65B, 0x10A3, 0x0000, 0x0021, 0x0021, 0x0021, 0x0021, 0x0000, 0x8C32, 0xF73F,
  0xDEBC, 0xE6DD, 0xE6DD, 0x2945, 0x0000, 0x0021, 0x0021, 0x0021, 0x0021, 0x0000, 0xA4F5, 0xEF1E,
  0xDEBC, 0xE6FD, 0xD65B, 0x10A3, 0x0000, 0x0021, 0x0021, 0x0021, 0x0021, 0x0021, 0x0021, 0x0021,
  0x0021, 0x0021, 0x0021, 0x0021, 0x0021, 0x0021, 0x0021, 0x0021, 0x0021, 0x0021, 0x0021, 0x0021,
  0x0021, 0x0021, 0x0021, 0x0021, 0x0021, 0x0021, 0x0021, 0x0022, 0x0022, 0x0021, 0x0022, 0x0022,
  0x0022, 0x0022, 0x0022, 0x0022, 0x0022, 0x0063, 0x10E5, 0x10E5, 0x0863, 0x0022, 0x0022, 0x0022,
  0x0022, 0x0022, 0x0022, 0x0022, 0x0022, 0x0022, 0x0022, 0x0021, 0x0042, 0x0021, 0x0021, 0x0021,
  0x0021, 0x0021, 0x0021, 0x0021, 0x0022, 0x1929, 0x0021, 0x0021, 0x0021, 0x0021, 0x0021, 0x0021,
  0x0021, 0x0021, 0x0042, 0x0022, 0x0001, 0x08E7, 0x8477, 0xC5FB, 0xD6BE, 0x6B91, 0x0002, 0x0883,
  0x1948, 0x0000, 0x3A6E, 0xAD79, 0xCE5C, 0xD6BD, 0x5B53, 0x216A, 0x2169, 0x1928, 0x220E, 0x65BF,
  0x1126, 0x0000, 0x0000, 0x0000, 0x0000, 0x0000, 0x0000, 0x0000, 0x0000, 0x0000, 0x0000, 0x0000,
  0x0000, 0x0000, 0x0000, 0x0000, 0x0000, 0x0000, 0x0000, 0x0000, 0x0000, 0x1189, 0x349B, 0x0042,
  0x0001, 0x0021, 0x0021, 0x0021, 0x0021, 0x0021, 0x0021, 0x0021, 0x0021, 0x0021, 0x0021, 0x0021,
  0x0021, 0x0021, 0x0021, 0x0021, 0x0021, 0x0021, 0x0021, 0x0021, 0x0000, 0x39C8, 0xEEFE, 0xDEBC,
  0xE6BD, 0xE6BD, 0x2945, 0x0000, 0x0021, 0x0021, 0x0021, 0x0021, 0x0021, 0x0001, 0x0862, 0xCE1A,
  0xE6DD, 0xDE9C, 0xF73F, 0x6B0D, 0x0000, 0x0042, 0x0021, 0x0000, 0xB556, 0xE6DD, 0x18C4, 0x0000,
  0x0021, 0x0000, 0xB556, 0xEF1E, 0xE6BC, 0xE6DD, 0xDE7B, 0x18C3, 0x0000, 0x0042, 0x0000, 0x9CB4,
  0xF73E, 0xDE9C, 0xEF1E, 0xAD36, 0x0000, 0x0021, 0x0021, 0x0000, 0x4209, 0xEF1E, 0xDE9C, 0xDE9C,
  0xEF1E, 0x526B, 0x0000, 0x0042, 0x0021, 0x0021, 0x0042, 0x0000, 0x39C7, 0x6B4E, 0x0000, 0x0021,
  0x0021, 0x0021, 0x0021, 0x0021, 0x0021, 0x0021, 0x0021, 0x0021, 0x0021, 0x0000, 0x528B, 0xEF1E,
  0xDE9C, 0xE6DD, 0xD65B, 0x10A3, 0x0000, 0x0021, 0x0021, 0x0021, 0x0021, 0x0000, 0x2966, 0xE6DD,
  0xDEBC, 0xDE9C, 0xEF1E, 0x62ED, 0x0000, 0x0042, 0x0021, 0x0021, 0x0000, 0x10A3, 0xDE7B, 0xE6DD,
  0xDE9C, 0xF73F, 0x7BB0, 0x0000, 0x0021, 0x0021, 0x0021, 0x0021, 0x0021, 0x0021, 0x0021, 0x0021,
  0x0021, 0x0021, 0x0021, 0x0021, 0x0021, 0x0021, 0x0021, 0x0021, 0x0021, 0x0021, 0x0021, 0x0021,
  0x0021, 0x0021, 0x0021, 0x0021, 0x0021, 0x0022, 0x0022, 0x0022, 0x0022, 0x0022, 0x0022, 0x0022,
  0x0022, 0x0022, 0x0022, 0x0022, 0x0022, 0x0001, 0x0063, 0x0884, 0x0022, 0x0022, 0x0022, 0x0022,
  0x0022, 0x0022, 0x0022, 0x0022, 0x0021, 0x0021, 0x0022, 0x0021, 0x0021, 0x0021, 0x0021, 0x0021,
  0x0021, 0x0021, 0x0021, 0x0021, 0x0021, 0x08A5, 0x0022, 0x0022, 0x0022, 0x0022, 0x0021, 0x0021,
  0x0021, 0x0022, 0x0042, 0x0022, 0x0022, 0x0022, 0x5B94, 0xB5BA, 0xD69D, 0xAD9A, 0x08A4, 0x0021,
  0x1948, 0x0000, 0x2169, 0x9D18, 0xCE1B, 0xD6BD, 0x8478, 0x196B, 0x10A4, 0x29CB, 0x196A, 0x657F,
  0x3373, 0x0000, 0x0000, 0x0000, 0x0000, 0x0000, 0x0000, 0x0000, 0x0000, 0x0000, 0x0000, 0x0000,
  0x0000, 0x0000, 0x0000, 0x0000, 0x0000, 0x0000, 0x0000, 0x0000, 0x0000, 0x2BB6, 0x1AF2, 0x0000,
  0x0021, 0x0021, 0x0021, 0x0021, 0x0021, 0x0021, 0x0021, 0x0021, 0x0021, 0x0021, 0x0021, 0x0021,
  0x0021, 0x0021, 0x0021, 0x0021, 0x0021, 0x0021, 0x0021, 0x0021, 0x0000, 0x39C8, 0xEEFE, 0xE6BC,
  0xE6BD, 0xE6BD, 0x2945, 0x0000, 0x0021, 0x0021, 0x0021, 0x0021, 0x0021, 0x0001, 0x0862, 0xCE1A,
  0xE6DD, 0xDE9C, 0xEF1E, 0x6B2D, 0x0000, 0x0041, 0x0021, 0x0021, 0xB577, 0xDE7B, 0x10A3, 0x0001,
  0x0041, 0x0000, 0x62EC, 0xF73F, 0xDE9C, 0xF75F, 0x9CD4, 0x0000, 0x0021, 0x0021, 0x0000, 0x9453,
  0xEF1E, 0xDE9C, 0xEEFE, 0xB577, 0x0021, 0x0021, 0x0021, 0x0000, 0x4209, 0xEEFE, 0xDEBC, 0xDE9C,
  0xEF1E, 0x4A4A, 0x0000, 0x0041, 0x0021, 0x0042, 0x0000, 0x0841, 0xCE3A, 0x9CB3, 0x0000, 0x0021,
  0x0021, 0x0021, 0x0021, 0x0021, 0x0021, 0x0021, 0x0021, 0x0021, 0x0021, 0x0000, 0x528B, 0xEF1E,
  0xDE9C, 0xE6DD, 0xD65B, 0x18C3, 0x0001, 0x0021, 0x0021, 0x0021, 0x0021, 0x0021, 0x0000, 0x83D0,
  0xF75F, 0xDE9C, 0xE6DD, 0xBDB8, 0x0021, 0x0021, 0x0042, 0x0042, 0x0000, 0x630D, 0xF75F, 0xDE9C,
  0xEEFE, 0xCDF9, 0x1082, 0x0021, 0x0021, 0x0021, 0x0021, 0x0021, 0x0021, 0x0021, 0x0021, 0x0021,
  0x0021, 0x0021, 0x0021, 0x0021, 0x0021, 0x0021, 0x0021, 0x0021, 0x0021, 0x0021, 0x0021, 0x0021,
  0x0021, 0x0021, 0x0021, 0x0021, 0x0022, 0x0022, 0x0022, 0x0022, 0x0022, 0x0022, 0x0022, 0x0021,
  0x0022, 0x0021, 0x0022, 0x0042, 0x0042, 0x0042, 0x0022, 0x0021, 0x0022, 0x0022, 0x0022, 0x0022,
  0x0022, 0x0001, 0x0001, 0x0022, 0x0022, 0x0022, 0x0001, 0x0001, 0x0021, 0x0022, 0x0021, 0x0021,
  0x0021, 0x0022, 0x0022, 0x0022, 0x0022, 0x0022, 0x0022, 0x0022, 0x0022, 0x0022, 0x0022, 0x0022,
  0x0042, 0x0021, 0x0001, 0x0000, 0x0000, 0x0000, 0x322E, 0xAD7A, 0xC61B, 0xC67D, 0x424B, 0x0000,
  0x10E5, 0x0863, 0x08E7, 0x84B7, 0xBE1B, 0xBE7D, 0xA5DD, 0x29CC, 0x0000, 0x3A4E, 0x1929, 0x749A,
  0x4CFD, 0x08A4, 0x0000, 0x0000, 0x0000, 0x0000, 0x0000, 0x0000, 0x0000, 0x0000, 0x0000, 0x0000,
  0x0000, 0x0000, 0x0000, 0x0000, 0x0000, 0x0000, 0x0000, 0x0000, 0x08C4, 0x34DD, 0x08E5, 0x0000,
  0x0021, 0x0021, 0x0021, 0x0021, 0x0021, 0x0021, 0x0021, 0x0021, 0x0021, 0x0021, 0x0021, 0x0021,
  0x0021, 0x0021, 0x0021, 0x0021, 0x0021, 0x0021, 0x0021, 0x0021, 0x0000, 0x39A7, 0xEEFE, 0xDE9C,
  0xDEBC, 0xE6DD, 0x2104, 0x0000, 0x0021, 0x0021, 0x0021, 0x0021, 0x0021, 0x0000, 0x0021, 0xCE1A,
  0xE6DD, 0xDE7C, 0xEF1E, 0x630D, 0x0000, 0x0041, 0x0001, 0x0000, 0xC5F9, 0xD63B, 0x0021, 0x0000,
  0x0021, 0x0000, 0x18E4, 0xDE7C, 0xDE9C, 0xEF1E, 0x4A4A, 0x0000, 0x0021, 0x0021, 0x0000, 0x83F1,
  0xEF1E, 0xDE7C, 0xE6FD, 0xC5D9, 0x0000, 0x0000, 0x0021, 0x0000, 0x39E8, 0xEEFE, 0xDE9C, 0xDE9C,
  0xEF3E, 0x5ACC, 0x0000, 0x0000, 0x0000, 0x0000, 0x2125, 0xAD15, 0xF75F, 0x630D, 0x0000, 0x0021,
  0x0021, 0x0021, 0x0021, 0x0021, 0x0021, 0x0021, 0x0021, 0x0021, 0x0021, 0x0000, 0x528B, 0xEF1E,
  0xDE7C, 0xE6BD, 0xD67B, 0x1082, 0x0000, 0x0021, 0x0021, 0x0021, 0x0021, 0x0021, 0x0021, 0x0041,
  0xAD15, 0xF75F, 0xDE7C, 0xEEFD, 0x8411, 0x0000, 0x0000, 0x0000, 0x2946, 0xCE1A, 0xDEBC, 0xEF1E,
  0xDE7B, 0x2966, 0x0000, 0x0021, 0x0021, 0x0021, 0x0021, 0x0021, 0x0021, 0x0021, 0x0021, 0x0021,
  0x0021, 0x0021, 0x0021, 0x0021, 0x0021, 0x0021, 0x0021, 0x0021, 0x0021, 0x0021, 0x0021, 0x0021,
  0x0021, 0x0021, 0x0022, 0x0022, 0x0022, 0x0022, 0x0022, 0x0022, 0x0022, 0x0022, 0x0043, 0x10C5,
  0x0063, 0x0883, 0x0063, 0x0022, 0x0042, 0x0042, 0x0022, 0x0022, 0x0022, 0x0021, 0x0022, 0x0022,
  0x0022, 0x0064, 0x00C7, 0x00E8, 0x00E8, 0x00E8, 0x00C7, 0x0084, 0x0022, 0x0021, 0x0022, 0x0022,
  0x0022, 0x0022, 0x0022, 0x0022, 0x0022, 0x0022, 0x0022, 0x0022, 0x0022, 0x0022, 0x0042, 0x0021,
  0x0000, 0x0021, 0x10E6, 0x31CC, 0x426F, 0x31CB, 0x29CC, 0x955A, 0xB61B, 0xBE7D, 0x7C75, 0x0063,
  0x1106, 0x10C6, 0x1107, 0x957B, 0xC65C, 0xCE9D, 0xC65D, 0x42D1, 0x0042, 0x320D, 0x196B, 0x7C36,
  0x6D9F, 0x2AAF, 0x0000, 0x0000, 0x0000, 0x0000, 0x0000, 0x0000, 0x0000, 0x0000, 0x0000, 0x0000,
  0x0000, 0x0000, 0x0000, 0x0000, 0x0000, 0x0000, 0x0000, 0x0000, 0x1AD1, 0x2BD7, 0x0000, 0x0021,
  0x0021, 0x0021, 0x0021, 0x0021, 0x0021, 0x0021, 0x0021, 0x0021, 0x0021, 0x0021, 0x0021, 0x0021,
  0x0021, 0x0021, 0x0021, 0x0021, 0x0021, 0x0021, 0x0021, 0x0021, 0x2104, 0xA4D5, 0xF71F, 0xE6DD,
  0xE6DD, 0xF73F, 0x8C52, 0x18C3, 0x0021, 0x0021, 0x0021, 0x0021, 0x0021, 0x0841, 0x630D, 0xEEFE,
  0xEEFE, 0xEEFD, 0xF73F, 0xBD98, 0x2945, 0x0020, 0x0841, 0x6B0D, 0xEF1E, 0xEF1E, 0x6B4E, 0x0861,
  0x0021, 0x0042, 0x0000, 0x9CB4, 0xFF9F, 0xC5D9, 0x0841, 0x0001, 0x0021, 0x0021, 0x31A7, 0xCE1A,
  0xEF3E, 0xEEFE, 0xEEFE, 0xEEFE, 0x6B2D, 0x0862, 0x0022, 0x2104, 0xA4D4, 0xEF1E, 0xE6DD, 0xE6FD,
  0xEEFE, 0xD65B, 0xA4D4, 0x9CB4, 0x9CB4, 0xB556, 0xE6BD, 0xF73E, 0xF75F, 0x4A4A, 0x0000, 0x0021,
  0x0021, 0x0021, 0x0021, 0x0021, 0x0021, 0x0021, 0x0021, 0x0021, 0x0021, 0x2104, 0xB556, 0xF75F,
  0xE6FD, 0xE6DD, 0xEF1E, 0x7BB0, 0x1082, 0x0021, 0x0021, 0x0021, 0x0021, 0x0021, 0x0021, 0x0001,
  0x0841, 0x8C31, 0xE6DD, 0xEF3E, 0xF75F, 0xAD36, 0x62ED, 0x7BB0, 0xDE9C, 0xEF1E, 0xEF1E, 0xBDB8,
  0x2945, 0x0000, 0x0021, 0x0021, 0x0021, 0x0021, 0x0021, 0x0021, 0x0021, 0x0021, 0x0021, 0x0021,
  0x0021, 0x0021, 0x0021, 0x0021, 0x0021, 0x0021, 0x0021, 0x0021, 0x0021, 0x0021, 0x0021, 0x0021,
  0x0021, 0x0022, 0x0022, 0x0022, 0x0022, 0x0022, 0x0022, 0x0022, 0x0022, 0x0042, 0x0022, 0x0883,
  0x21A9, 0x08C4, 0x0043, 0x0022, 0x0042, 0x0022, 0x0022, 0x0022, 0x0022, 0x0022, 0x0001, 0x0043,
  0x00E8, 0x0109, 0x0109, 0x0109, 0x0109, 0x0109, 0x0109, 0x0129, 0x00E8, 0x0043, 0x0021, 0x0022,
  0x0022, 0x0022, 0x0022, 0x0022, 0x0022, 0x0042, 0x0022, 0x0022, 0x0022, 0x0022, 0x0000, 0x0884,
  0x31EE, 0x5B56, 0x6378, 0x5B36, 0x6397, 0x4A8F, 0x2A2D, 0x957B, 0xC65C, 0xD6DE, 0xA599, 0x0063,
  0x10E7, 0x2A0C, 0x1128, 0x7C99, 0xBDBA, 0xCE5C, 0xC65D, 0x4AD0, 0x0043, 0x29EC, 0x19AB, 0x7415,
  0x857C, 0x4CBA, 0x0041, 0x0000, 0x0000, 0x0000, 0x0000, 0x0000, 0x0000, 0x0000, 0x0000, 0x0000,
  0x0000, 0x0000, 0x0000, 0x0000, 0x0000, 0x0000, 0x0000, 0x0021, 0x349B, 0x11CB, 0x0000, 0x0021,
  0x0021, 0x0021, 0x0021, 0x0021, 0x0021, 0x0021, 0x0021, 0x0021, 0x0021, 0x0021, 0x0021, 0x0021,
  0x0021, 0x0021, 0x0021, 0x0021, 0x0021, 0x0021, 0x0021, 0x0000, 0x8C11, 0xCE3A, 0xBD98, 0xBD98,
  0xBD97, 0xBD97, 0xCE3A, 0x736E, 0x0000, 0x0021, 0x0021, 0x0021, 0x0000, 0x41E8, 0xC5D9, 0xBD98,
  0xBDD8, 0xBDB8, 0xBD97, 0xC5D9, 0x9C93, 0x0000, 0x39C8, 0xC5D9, 0xBD98, 0xBDB8, 0xCDF9, 0x4A29,
  0x0000, 0x0042, 0x0000, 0x3187, 0xB576, 0x528B, 0x0000, 0x0021, 0x0001, 0x10A3, 0xAD36, 0xC5D8,
  0xBDB8, 0xBDB8, 0xBD98, 0xB577, 0xC5D9, 0x39E8, 0x0000, 0x8411, 0xCE1A, 0xBD98, 0xBD98, 0xB577,
  0xB577, 0xBDB8, 0xCE19, 0xC5F9, 0xCE19, 0xC5F9, 0xBD98, 0xBDB8, 0xAD15, 0x10A3, 0x0000, 0x0021,
  0x0021, 0x0021, 0x0021, 0x0021, 0x0021, 0x0021, 0x0021, 0x0021, 0x0000, 0x9452, 0xCE19, 0xBDB8,
  0xC5D8, 0xBD98, 0xB577, 0xCE1A, 0x4A4A, 0x0000, 0x0021, 0x0021, 0x0021, 0x0021, 0x0021, 0x0021,
  0x0001, 0x0000, 0x39A7, 0x9CB4, 0xCE3A, 0xE6DD, 0xEF1F, 0xF75F, 0xDEBC, 0xB556, 0x5ACC, 0x0021,
  0x0000, 0x0021, 0x0021, 0x0021, 0x0021, 0x0021, 0x0021, 0x0021, 0x0021, 0x0021, 0x0021, 0x0021,
  0x0021, 0x0021, 0x0021, 0x0021, 0x0021, 0x0021, 0x0021, 0x0021, 0x0021, 0x0021, 0x0021, 0x0021,
  0x0021, 0x0022, 0x0022, 0x0022, 0x0022, 0x0022, 0x0022, 0x0022, 0x0022, 0x0042, 0x0042, 0x0022,
  0x0063, 0x0022, 0x0022, 0x0042, 0x0042, 0x0042, 0x0022, 0x0022, 0x0022, 0x0021, 0x0043, 0x0109,
  0x0109, 0x0109, 0x0109, 0x0109, 0x0109, 0x0109, 0x0109, 0x0109, 0x0109, 0x0109, 0x0063, 0x0021,
  0x0022, 0x0022, 0x0022, 0x0042, 0x0042, 0x0022, 0x0022, 0x0042, 0x0021, 0x0042, 0x216B, 0x42B3,
  0x42B3, 0x29AC, 0x29CC, 0x5B54, 0x8CBA, 0x4A8F, 0x3A4F, 0x7457, 0xB59A, 0xCE5C, 0xBE3C, 0x2147,
  0x0001, 0x1128, 0x322D, 0x4B34, 0x9CF8, 0xC63C, 0xCE7D, 0x530F, 0x0000, 0x2169, 0x2A0E, 0x63D5,
  0xADBB, 0x6DDF, 0x19EA, 0x0000, 0x0000, 0x0000, 0x0000, 0x0000, 0x0000, 0x0000, 0x0000, 0x0000,
  0x0000, 0x0000, 0x0000, 0x0000, 0x0000, 0x0000, 0x0000, 0x1189, 0x34BC, 0x0042, 0x0001, 0x0021,
  0x0021, 0x0021, 0x0001, 0x0021, 0x0021, 0x0021, 0x0021, 0x0021, 0x0021, 0x0001, 0x0021, 0x0021,
  0x0021, 0x0021, 0x0021, 0x0021, 0x0021, 0x0021, 0x0021, 0x0021, 0x0001, 0x0021, 0x0021, 0x0021,
  0x0021, 0x0021, 0x0020, 0x0000, 0x0021, 0x0021, 0x0021, 0x0021, 0x0021, 0x0001, 0x0000, 0x0021,
  0x0021, 0x0021, 0x0021, 0x0020, 0x0021, 0x0021, 0x0000, 0x0000, 0x0021, 0x0021, 0x0000, 0x0001,
  0x0021, 0x0021, 0x0021, 0x0000, 0x0000, 0x0000, 0x0021, 0x0021, 0x0021, 0x0001, 0x0000, 0x0020,
  0x0021, 0x0021, 0x0021, 0x0021, 0x0000, 0x0000, 0x0021, 0x0021, 0x0021, 0x0021, 0x0021, 0x0021,
  0x0021, 0x0021, 0x0000, 0x0000, 0x0000, 0x0020, 0x0021, 0x0021, 0x0000, 0x0000, 0x0021, 0x0021,
  0x0021, 0x0021, 0x0021, 0x0001, 0x0021, 0x0021, 0x0021, 0x0021, 0x0001, 0x0021, 0x0021, 0x0021,
  0x0021, 0x0021, 0x0021, 0x0021, 0x0000, 0x0021, 0x0021, 0x0021, 0x0021, 0x0001, 0x0021, 0x0021,
  0x0021, 0x0021, 0x0000, 0x0000, 0x0882, 0x2125, 0x3186, 0x3186, 0x18C4, 0x0000, 0x0000, 0x0001,
  0x0021, 0x0021, 0x0021, 0x0021, 0x0021, 0x0021, 0x0021, 0x0021, 0x0021, 0x0021, 0x0021, 0x0021,
  0x0021, 0x0021, 0x0021, 0x0021, 0x0021, 0x0021, 0x0021, 0x0021, 0x0021, 0x0021, 0x0021, 0x0021,
  0x0022, 0x0022, 0x0022, 0x0022, 0x0022, 0x0042, 0x0042, 0x0042, 0x0042, 0x0042, 0x0042, 0x0042,
  0x0022, 0x0042, 0x0042, 0x0042, 0x0042, 0x0042, 0x0042, 0x0022, 0x0022, 0x0022, 0x00E8, 0x0109,
  0x0109, 0x0109, 0x00E9, 0x00E9, 0x00E9, 0x00E9, 0x0109, 0x0109, 0x00E9, 0x0109, 0x00E8, 0x0043,
  0x0022, 0x0022, 0x0042, 0x0042, 0x0042, 0x0022, 0x0042, 0x0022, 0x0884, 0x1949, 0x1908, 0x0862,
  0x0000, 0x1928, 0x7C39, 0xAD7E, 0x8C79, 0x52F3, 0x73D6, 0x322E, 0x94F9, 0xBDBA, 0xCE7D, 0x4AAD,
  0x0000, 0x0064, 0x2168, 0x5374, 0x8457, 0xC61B, 0xD6BD, 0x73D3, 0x0000, 0x0883, 0x42F3, 0x7438,
  0xC5DA, 0x8E1F, 0x43F6, 0x0000, 0x0000, 0x0000, 0x0000, 0x0000, 0x0000, 0x0000, 0x0000, 0x0000,
  0x0000, 0x0000, 0x0000, 0x0000, 0x0000, 0x0000, 0x0000, 0x2395, 0x2333, 0x0000, 0x0021, 0x0021,
  0x0021, 0x0021, 0x0021, 0x0021, 0x0021, 0x0021, 0x0021, 0x0021, 0x0021, 0x0021, 0x0021, 0x0021,
  0x0021, 0x0021, 0x0021, 0x0021, 0x0021, 0x0021, 0x0021, 0x0021, 0x0021, 0x0001, 0x0001, 0x0021,
  0x0021, 0x0001, 0x0001, 0x0021, 0x0021, 0x0021, 0x0021, 0x0021, 0x0021, 0x0021, 0x0021, 0x0001,
  0x0001, 0x0021, 0x0021, 0x0001, 0x0021, 0x0021, 0x0021, 0x0021, 0x0021, 0x0001, 0x0001, 0x0021,
  0x0021, 0x0021, 0x0021, 0x0021, 0x0021, 0x0021, 0x0021, 0x0021, 0x0021, 0x0021, 0x0001, 0x0001,
  0x0001, 0x0001, 0x0001, 0x0001, 0x0021, 0x0021, 0x0001, 0x0021, 0x0001, 0x0001, 0x0001, 0x0021,
  0x0001, 0x0001, 0x0001, 0x0001, 0x0001, 0x0001, 0x0001, 0x0001, 0x0021, 0x0021, 0x0021, 0x0021,
  0x0021, 0x0021, 0x0021, 0x0001, 0x0021, 0x0021, 0x0021, 0x0021, 0x0021, 0x0021, 0x0021, 0x0001,
  0x0001, 0x0021, 0x0021, 0x0001, 0x0021, 0x0021, 0x0021, 0x0021, 0x0021, 0x0021, 0x0021, 0x0021,
  0x0021, 0x0021, 0x0021, 0x0021, 0x0000, 0x0000, 0x0000, 0x0000, 0x0000, 0x0021, 0x0021, 0x0021,
  0x0021, 0x0021, 0x0021, 0x0021, 0x0021, 0x0021, 0x0021, 0x0021, 0x0021, 0x0021, 0x0021, 0x0021,
  0x0021, 0x0021, 0x0021, 0x0021, 0x0021, 0x0021, 0x0021, 0x0021, 0x0021, 0x0021, 0x0021, 0x0022,
  0x0022, 0x0022, 0x0022, 0x0022, 0x0042, 0x0042, 0x0042, 0x0042, 0x0042, 0x0042, 0x0042, 0x0042,
  0x0042, 0x0042, 0x0042, 0x0042, 0x0042, 0x0042, 0x0042, 0x0022, 0x0021, 0x00A6, 0x0109, 0x00E9,
  0x00E9, 0x00E9, 0x00E9, 0x00E9, 0x00E9, 0x00E9, 0x00E9, 0x00E9, 0x00E9, 0x00E9, 0x0109, 0x00A6,
  0x0021, 0x0022, 0x0042, 0x0042, 0x0042, 0x0042, 0x0042, 0x0043, 0x0884, 0x0042, 0x0001, 0x0000,
  0x214A, 0x73FB, 0x94FD, 0x8459, 0x7C38, 0x8CBB, 0x7C38, 0x10E6, 0x7436, 0xB59A, 0xD69D, 0x8475,
  0x0001, 0x0042, 0x1949, 0x5334, 0x7416, 0xC5FB, 0xD69D, 0x8CB6, 0x0021, 0x0000, 0x42D2, 0x5BD7,
  0xAD79, 0xADDC, 0x5D5E, 0x10C4, 0x0000, 0x0000, 0x0000, 0x0000, 0x0000, 0x0000, 0x0000, 0x0000,
  0x0000, 0x0000, 0x0000, 0x0000, 0x0000, 0x0000, 0x0062, 0x349C, 0x0948, 0x0000, 0x0021, 0x0021,
  0x0021, 0x0021, 0x0021, 0x0021, 0x0021, 0x0021, 0x0021, 0x0021, 0x0021, 0x0021, 0x0021, 0x0021,
  0x0021, 0x0021, 0x0021, 0x0021, 0x0021, 0x0021, 0x0021, 0x0021, 0x0021, 0x0021, 0x0021, 0x0021,
  0x0021, 0x0021, 0x0021, 0x0021, 0x0021, 0x0021, 0x0021, 0x0021, 0x0021, 0x0021, 0x0021, 0x0021,
  0x0021, 0x0021, 0x0021, 0x0021, 0x0021, 0x0021, 0x0021, 0x0021, 0x0021, 0x0001, 0x0021, 0x0021,
  0x0021, 0x0021, 0x0021, 0x0021, 0x0021, 0x0021, 0x0021, 0x0021, 0x0021, 0x0021, 0x0021, 0x0021,
  0x0021, 0x0021, 0x0021, 0x0021, 0x0021, 0x0021, 0x0021, 0x0021, 0x0021, 0x0021, 0x0021, 0x0021,
  0x0021, 0x0021, 0x0021, 0x0021, 0x0021, 0x0021, 0x0021, 0x0021, 0x0021, 0x0021, 0x0021, 0x0021,
  0x0021, 0x0001, 0x0021, 0x0021, 0x0021, 0x0021, 0x0021, 0x0021, 0x0021, 0x0021, 0x0021, 0x0021,
  0x0021, 0x0021, 0x0021, 0x0021, 0x0021, 0x0021, 0x0021, 0x0021, 0x0021, 0x0021, 0x0021, 0x0021,
  0x0021, 0x0021, 0x0021, 0x0021, 0x0021, 0x0021, 0x0021, 0x0021, 0x0021, 0x0021, 0x0021, 0x0021,
  0x0021, 0x0021, 0x0021, 0x0021, 0x0021, 0x0021, 0x0021, 0x0021, 0x0021, 0x0021, 0x0021, 0x0021,
  0x0021, 0x0021, 0x0021, 0x0021, 0x0021, 0x0021, 0x0021, 0x0021, 0x0021, 0x0021, 0x0022, 0x0022,
  0x0022, 0x0022, 0x0022, 0x0042, 0x0042, 0x0042, 0x0042, 0x0042, 0x0042, 0x0042, 0x0042, 0x0042,
  0x0042, 0x0042, 0x0042, 0x0042, 0x0042, 0x0042, 0x0042, 0x0022, 0x0022, 0x00E8, 0x00E9, 0x00E9,
  0x00E9, 0x00E9, 0x00C9, 0x00C8, 0x00C8, 0x00C9, 0x00E9, 0x00E9, 0x00E9, 0x00E9, 0x00E9, 0x00E9,
  0x0043, 0x0022, 0x0042, 0x0042, 0x0042, 0x0042, 0x0042, 0x0042, 0x0022, 0x0043, 0x0022, 0x1949,
  0x63BA, 0x7C1B, 0x5B35, 0x424F, 0x7C39, 0x9D1B, 0x7C38, 0x0021, 0x4B11, 0xB59A, 0xCE5C, 0xB5DB,
  0x18E4, 0x0000, 0x1108, 0x5B75, 0x6394, 0xBDBA, 0xCE7D, 0xAD9A, 0x0882, 0x0043, 0x6BD8, 0x5BB6,
  0xA539, 0xC5FA, 0x75DF, 0x2A8E, 0x0000, 0x0000, 0x0000, 0x0000, 0x0000, 0x0000, 0x0000, 0x0000,
  0x0000, 0x0000, 0x0000, 0x0000, 0x0000, 0x0000, 0x11EB, 0x2C3A, 0x0001, 0x0021, 0x0021, 0x0021,
  0x0021, 0x0021, 0x0021, 0x0021, 0x0021, 0x0021, 0x0021, 0x0021, 0x0021, 0x0021, 0x0021, 0x0021,
  0x0021, 0x0021, 0x0021, 0x0021, 0x0021, 0x0021, 0x0021, 0x0021, 0x0021, 0x0021, 0x0021, 0x0021,
  0x0021, 0x0021, 0x0021, 0x0021, 0x0021, 0x0021, 0x0021, 0x0021, 0x0021, 0x0021, 0x0021, 0x0021,
  0x0021, 0x0021, 0x0021, 0x0021, 0x0021, 0x0021, 0x0021, 0x0021, 0x0021, 0x0021, 0x0021, 0x0021,
  0x0021, 0x0021, 0x0021, 0x0021, 0x0021, 0x0021, 0x0021, 0x0021, 0x0021, 0x0021, 0x0021, 0x0021,
  0x0021, 0x0021, 0x0021, 0x0021, 0x0021, 0x0021, 0x0001, 0x0021, 0x0021, 0x0021, 0x0021, 0x0021,
  0x0021, 0x0021, 0x0001, 0x0001, 0x0021, 0x0021, 0x0021, 0x0021, 0x0021, 0x0021, 0x0021, 0x0021,
  0x0021, 0x0021, 0x0021, 0x0021, 0x0021, 0x0021, 0x0021, 0x0021, 0x0021, 0x0021, 0x0021, 0x0021,
  0x0021, 0x0021, 0x0021, 0x0021, 0x0021, 0x0021, 0x0021, 0x0021, 0x0021, 0x0021, 0x0021, 0x0021,
  0x0021, 0x0021, 0x0021, 0x0021, 0x0021, 0x0021, 0x0021, 0x0021, 0x0021, 0x0021, 0x0021, 0x0021,
  0x0021, 0x0021, 0x0021, 0x0021, 0x0021, 0x0021, 0x0021, 0x0021, 0x0021, 0x0021, 0x0021, 0x0021,
  0x0021, 0x0021, 0x0021, 0x0021, 0x0021, 0x0021, 0x0021, 0x0021, 0x0021, 0x0021, 0x0022, 0x0022,
  0x0022, 0x0022, 0x0042, 0x0042, 0x0042, 0x0042, 0x0042, 0x0042, 0x0042, 0x0042, 0x0042, 0x0042,
  0x0042, 0x0042, 0x0042, 0x0042, 0x0042, 0x0042, 0x0042, 0x0022, 0x0064, 0x00E9, 0x00E9, 0x00E9,
  0x00C8, 0x00C8, 0x00C8, 0x00C8, 0x00C8, 0x00C8, 0x00C8, 0x00C9, 0x00E9, 0x00E9, 0x00E9, 0x00E9,
  0x0064, 0x0022, 0x0042, 0x0042, 0x0042, 0x0042, 0x0042, 0x0022, 0x0042, 0x0021, 0x0885, 0x5B57,
  0x7C3B, 0x5316, 0x0884, 0x4291, 0x73F8, 0x9D1C, 0x6BD6, 0x0000, 0x29EC, 0xAD5A, 0xBDDA, 0xBE5D,
  0x4AAD, 0x0000, 0x0884, 0x63B5, 0x4B13, 0xA538, 0xC63C, 0xC63D, 0x2189, 0x196D, 0x6BFA, 0x42F4,
  0x94B8, 0xCDFA, 0x9E3E, 0x3C38, 0x0020, 0x0000, 0x0000, 0x0000, 0x0000, 0x0000, 0x0000, 0x0000,
  0x0000, 0x0000, 0x0000, 0x0000, 0x0000, 0x0000, 0x2BB6, 0x1AD1, 0x0000, 0x0021, 0x0021, 0x0021,
  0x0021, 0x0021, 0x0021, 0x0021, 0x0021, 0x0001, 0x0000, 0x0000, 0x0000, 0x0000, 0x0001, 0x0021,
  0x0021, 0x0021, 0x0021, 0x0021, 0x0021, 0x0021, 0x0021, 0x0021, 0x0021, 0x0021, 0x0021, 0x0021,
  0x0021, 0x0021, 0x0021, 0x0021, 0x0021, 0x0021, 0x0021, 0x0021, 0x0021, 0x0021, 0x0021, 0x0021,
  0x0021, 0x0021, 0x0021, 0x0021, 0x0021, 0x0021, 0x0021, 0x0021, 0x0021, 0x0021, 0x0021, 0x0021,
  0x0021, 0x0021, 0x0021, 0x0021, 0x0021, 0x0021, 0x0021, 0x0021, 0x0021, 0x0021, 0x0021, 0x0021,
  0x0021, 0x0021, 0x0021, 0x0021, 0x0021, 0x0021, 0x0021, 0x0021, 0x0021, 0x0021, 0x0021, 0x0021,
  0x0021, 0x0021, 0x0021, 0x0021, 0x0021, 0x0021, 0x0021, 0x0021, 0x0021, 0x0021, 0x0021, 0x0021,
  0x0021, 0x0021, 0x0021, 0x0021, 0x0021, 0x0021, 0x0021, 0x0021, 0x0021, 0x0021, 0x0021, 0x0021,
  0x0021, 0x0021, 0x0021, 0x0021, 0x0021, 0x0021, 0x0021, 0x0021, 0x0001, 0x0021, 0x0021, 0x0021,
  0x0021, 0x0001, 0x0000, 0x0000, 0x0000, 0x0000, 0x0000, 0x0021, 0x0021, 0x0021, 0x0021, 0x0021,
  0x0021, 0x0021, 0x0021, 0x0021, 0x0021, 0x0021, 0x0021, 0x0021, 0x0021, 0x0021, 0x0021, 0x0021,
  0x0021, 0x0021, 0x0021, 0x0041, 0x0042, 0x0042, 0x0042, 0x0042, 0x0042, 0x0042, 0x0042, 0x0042,
  0x0022, 0x0042, 0x0042, 0x0042, 0x0022, 0x0001, 0x0001, 0x0042, 0x0043, 0x0042, 0x0042, 0x0042,
  0x0042, 0x0042, 0x0042, 0x0042, 0x0042, 0x0042, 0x0042, 0x0022, 0x0085, 0x00E9, 0x00C9, 0x00C8,
  0x00C8, 0x00C8, 0x00A8, 0x00A8, 0x00A8, 0x00A8, 0x00C8, 0x00C8, 0x00C8, 0x00C9, 0x00C9, 0x00E9,
  0x0085, 0x0022, 0x0042, 0x0042, 0x0042, 0x0042, 0x0042, 0x0042, 0x0042, 0x0001, 0x3210, 0x6BDB,
  0x4AF5, 0x0864, 0x10C6, 0x5336, 0x5B55, 0x849C, 0x52F3, 0x0000, 0x10E7, 0x84B8, 0xADFB, 0xBE9E,
  0x8CF8, 0x0042, 0x0022, 0x5B74, 0x4AF2, 0x8456, 0xC5FB, 0xD6BE, 0x52CE, 0x3251, 0x5B98, 0x3AB3,
  0x7C16, 0xBDDA, 0xBE5D, 0x5D5E, 0x1106, 0x0000, 0x0000, 0x0000, 0x0000, 0x0000, 0x0000, 0x0000,
  0x0000, 0x0000, 0x0000, 0x0000, 0x0000, 0x0062, 0x34BC, 0x0927, 0x0000, 0x0021, 0x0021, 0x0021,
  0x0021, 0x0021, 0x0021, 0x0000, 0x0000, 0x0841, 0x2104, 0x3165, 0x3165, 0x2924, 0x1082, 0x0000,
  0x0000, 0x0000, 0x0021, 0x0021, 0x0021, 0x0001, 0x0000, 0x0000, 0x0000, 0x0000, 0x0000, 0x0000,
  0x0000, 0x0000, 0x0000, 0x0000, 0x0000, 0x0000, 0x0000, 0x0000, 0x0000, 0x0000, 0x0000, 0x0000,
  0x0000, 0x0021, 0x0000, 0x0000, 0x0000, 0x0000, 0x0000, 0x0000, 0x0000, 0x0000, 0x0000, 0x0000,
  0x0000, 0x0000, 0x0000, 0x0000, 0x0000, 0x0000, 0x0001, 0x0021, 0x0021, 0x0021, 0x0021, 0x0021,
  0x0021, 0x0001, 0x0000, 0x0000, 0x0000, 0x0000, 0x0000, 0x0000, 0x0000, 0x0000, 0x0000, 0x0000,
  0x0000, 0x0000, 0x0000, 0x0000, 0x0000, 0x0000, 0x0000, 0x0021, 0x0000, 0x0000, 0x0000, 0x0000,
  0x0000, 0x0000, 0x0000, 0x0000, 0x0000, 0x0000, 0x0000, 0x0000, 0x0000, 0x0000, 0x0000, 0x0000,
  0x0000, 0x0000, 0x0000, 0x0000, 0x0021, 0x0021, 0x0021, 0x0021, 0x0021, 0x0021, 0x0001, 0x0000,
  0x0000, 0x0841, 0x20E3, 0x3165, 0x3166, 0x2924, 0x18A2, 0x0000, 0x0000, 0x0000, 0x0000, 0x0021,
  0x0021, 0x0001, 0x0000, 0x0000, 0x0000, 0x0000, 0x0000, 0x0000, 0x0000, 0x0000, 0x0000, 0x0001,
  0x0021, 0x0021, 0x0001, 0x0000, 0x0000, 0x0000, 0x0000, 0x0000, 0x0001, 0x0001, 0x0000, 0x0000,
  0x0022, 0x0042, 0x0042, 0x0001, 0x0042, 0x39C7, 0x41E8, 0x0862, 0x0002, 0x0042, 0x0042, 0x0042,
  0x0042, 0x0042, 0x0042, 0x0042, 0x0042, 0x0042, 0x0043, 0x0022, 0x0085, 0x00C9, 0x00C8, 0x00A8,
  0x00A8, 0x00A8, 0x00A7, 0x00A7, 0x00A7, 0x00A7, 0x00A8, 0x00A8, 0x00C8, 0x00C8, 0x00C8, 0x00C9,
  0x0085, 0x0022, 0x0042, 0x0042, 0x0042, 0x0042, 0x0042, 0x0043, 0x0001, 0x1109, 0x5B9A, 0x3A31,
  0x0043, 0x0001, 0x31EE, 0x5B56, 0x320E, 0x6C1A, 0x4270, 0x0000, 0x0084, 0x7497, 0xBDFC, 0xD69D,
  0xB5FB, 0x10E5, 0x0000, 0x42D1, 0x4AF2, 0x6BB4, 0xC5FB, 0xD6DE, 0x7C35, 0x3251, 0x4AF3, 0x29EE,
  0x63B5, 0xB59B, 0xCE3C, 0x75DF, 0x22AF, 0x0000, 0x0000, 0x0000, 0x0000, 0x0000, 0x0000, 0x0000,
  0x0000, 0x0000, 0x0000, 0x0000, 0x0000, 0x19EB, 0x345A, 0x0000, 0x0021, 0x0021, 0x0021, 0x0021,
  0x0021, 0x0021, 0x0000, 0x3165, 0x942E, 0xD5B3, 0xEE96, 0xFF18, 0xFF38, 0xFED7, 0xDE15, 0xBD11,
  0x7B8C, 0x3185, 0x0021, 0x0021, 0x0000, 0x1082, 0x8BCD, 0xACD0, 0xAC8F, 0xA48F, 0xACB0, 0xACB0,
  0xA490, 0xA48F, 0xACB0, 0xACB0, 0xACB0, 0xAC90, 0xA490, 0xA490, 0xA490, 0xA490, 0xACB0, 0xACB0,
  0x62C9, 0x0000, 0x1082, 0x9C6F, 0xACD0, 0xACB0, 0xACB0, 0xACB0, 0xACB0, 0xACB0, 0xACB0, 0xACB0,
  0xACB0, 0xA48F, 0x9C4E, 0x8BCC, 0x6AC9, 0x39A6, 0x0041, 0x0000, 0x0021, 0x0021, 0x0021, 0x0021,
  0x0001, 0x0841, 0x940E, 0xACB0, 0xA48F, 0xACB0, 0xACB0, 0xACB0, 0xACB0, 0xACB0, 0xA4B0, 0xA48F,
  0xA48F, 0xA490, 0xA490, 0xA46F, 0xA46F, 0xA490, 0x31A6, 0x0000, 0x1082, 0x8BCD, 0xACD0, 0xACB0,
  0xAC90, 0xACB0, 0xACB0, 0xACB0, 0xACB0, 0xACB0, 0xACB0, 0xACB0, 0xACB0, 0xACB0, 0xACB0, 0xA490,
  0xA48F, 0xA46F, 0xA490, 0x4A28, 0x0000, 0x0021, 0x0001, 0x0021, 0x0021, 0x0000, 0x0021, 0x4A27,
  0x9C4E, 0xD5B3, 0xEE76, 0xFEF8, 0xFF18, 0xFEB6, 0xE635, 0xCD93, 0x9C6F, 0x5248, 0x1082, 0x0001,
  0x0001, 0x18C3, 0xA48F, 0xACB0, 0xACD1, 0xACB0, 0xACB0, 0xACB0, 0xA490, 0xACD0, 0x8BED, 0x0021,
  0x0021, 0x0001, 0x18E3, 0xAC90, 0xACB0, 0xACB0, 0xACB0, 0xACB0, 0xACB0, 0xACB0, 0xB4F1, 0x8BCD,
  0x0021, 0x0042, 0x0022, 0x2104, 0xC572, 0xFF18, 0xFEF8, 0xCD93, 0x2924, 0x0022, 0x0042, 0x0042,
  0x0042, 0x0042, 0x0043, 0x0043, 0x0043, 0x0043, 0x0043, 0x0042, 0x0064, 0x00C8, 0x00A8, 0x00A8,
  0x00A8, 0x00A7, 0x0087, 0x0087, 0x0087, 0x0087, 0x0087, 0x00A7, 0x00A8, 0x00A8, 0x00A8, 0x00C9,
  0x0065, 0x0022, 0x0043, 0x0042, 0x0043, 0x0043, 0x0042, 0x0042, 0x0022, 0x4AD4, 0x3A51, 0x0022,
  0x0021, 0x0043, 0x4293, 0x4AD3, 0x1929, 0x6BFB, 0x31CC, 0x0001, 0x0001, 0x428F, 0xAD7A, 0xCE5C,
  0xCE9D, 0x31E9, 0x0000, 0x3A4E, 0x5353, 0x5332, 0xBDDA, 0xD67D, 0xAD9C, 0x218C, 0x2149, 0x2A10,
  0x5B75, 0xB59B, 0xCE3C, 0x95FE, 0x3418, 0x0020, 0x0000, 0x0000, 0x0000, 0x0000, 0x0000, 0x0000,
  0x0000, 0x0000, 0x0000, 0x0000, 0x0000, 0x2BB6, 0x22F2, 0x0000, 0x0021, 0x0021, 0x0021, 0x0021,
  0x0001, 0x0020, 0x8BED, 0xFEF8, 0xFF18, 0xFF18, 0xFED7, 0xD5F4, 0xC593, 0xE635, 0xFF38, 0xFF38,
  0xFF38, 0xFF59, 0x6AEA, 0x0000, 0x0000, 0x5A68, 0xFF99, 0xFEF8, 0xFEF7, 0xFF58, 0xFF79, 0xFF7A,
  0xFF59, 0xFF18, 0xFF18, 0xFF18, 0xFF18, 0xFF18, 0xFF79, 0xFF79, 0xFF79, 0xFF59, 0xFF18, 0xFF38,
  0xF696, 0x1082, 0x0861, 0xA490, 0xFF18, 0xFF38, 0xFF18, 0xFF18, 0xFF38, 0xFF18, 0xFF79, 0xFF7A,
  0xFF38, 0xFF58, 0xFF59, 0xFEF7, 0xFF17, 0xFEF8, 0xD5D4, 0x62A9, 0x0000, 0x0001, 0x0021, 0x0021,
  0x0001, 0x0861, 0x9C6F, 0xFEF7, 0xFF17, 0xFF18, 0xFF38, 0xFF18, 0xFF17, 0xFF59, 0xFF7A, 0xFF59,
  0xFF59, 0xFF59, 0xFF79, 0xFF38, 0xFEF7, 0xFFBA, 0xA48F, 0x0000, 0x6AEA, 0xFFDB, 0xFF18, 0xFEF7,
  0xFF79, 0xFFBA, 0xFF79, 0xFF38, 0xFF18, 0xFF18, 0xFF18, 0xFF18, 0xFF18, 0xFF7A, 0xFF7A, 0xFF79,
  0xFF38, 0xFEF7, 0xFF7A, 0xD5F4, 0x0020, 0x0021, 0x0021, 0x0021, 0x0000, 0x4A07, 0xCDB3, 0xFF18,
  0xFF17, 0xFEF7, 0xFF18, 0xEE56, 0xD5B3, 0xDE14, 0xFF39, 0xFF79, 0xFF18, 0xFEF7, 0xE656, 0x39C7,
  0x0000, 0x18A2, 0xB4F1, 0xFF39, 0xFF18, 0xFF18, 0xFF18, 0xFF18, 0xFF39, 0xFEF8, 0x8BED, 0x0021,
  0x0022, 0x0001, 0x18E3, 0xBD52, 0xFF38, 0xFF17, 0xFF18, 0xFF18, 0xFF18, 0xFF18, 0xFF18, 0x8BEE,
  0x0021, 0x0042, 0x0001, 0xA4B0, 0xFF59, 0xF696, 0xF696, 0xFF38, 0xB4F1, 0x0001, 0x0043, 0x0042,
  0x0042, 0x0042, 0x0043, 0x0043, 0x0043, 0x0043, 0x0043, 0x0043, 0x0043, 0x00A7, 0x00A8, 0x00A8,
  0x0087, 0x0087, 0x0087, 0x0086, 0x0086, 0x0086, 0x0087, 0x0087, 0x00A7, 0x00A8, 0x00A8, 0x00A8,
  0x0043, 0x0022, 0x0043, 0x0043, 0x0043, 0x0043, 0x0043, 0x0001, 0x214A, 0x31EE, 0x0021, 0x0043,
  0x0022, 0x0864, 0x4AF5, 0x21AC, 0x10E7, 0x6BFA, 0x1907, 0x0001, 0x0000, 0x1949, 0x9D19, 0xC61B,
  0xD6BE, 0x6350, 0x0000, 0x29CC, 0x63D5, 0x42B0, 0xA538, 0xCE5C, 0xBE3D, 0x1926, 0x10C6, 0x21AD,
  0x4B13, 0xAD7A, 0xC63C, 0xBE3D, 0x555E, 0x1106, 0x0000, 0x0000, 0x0000, 0x0000, 0x0000, 0x0000,
  0x0000, 0x0000, 0x0000, 0x0000, 0x0062, 0x3CBC, 0x1168, 0x0000, 0x0021, 0x0021, 0x0021, 0x0021,
  0x0020, 0xACB0, 0xFF38, 0xF6B7, 0xFEF8, 0xD5D4, 0x39C6, 0x0841, 0x0000, 0x1082, 0x62A9, 0xE676,
  0xF6D7, 0xFF17, 0x9C0E, 0x0000, 0x0000, 0x730A, 0xFEF7, 0xF697, 0xFEF8, 0xA48F, 0x5A88, 0x39A6,
  0x8BCD, 0xFEF8, 0xEE76, 0xF696, 0xF696, 0xF697, 0x62A9, 0x41E6, 0x6AC9, 0xBD52, 0xFEF8, 0xEE76,
  0xEE76, 0x2124, 0x0000, 0x0000, 0x62A9, 0xFEF7, 0xEE96, 0xF6B7, 0xF697, 0xFEF8, 0xA490, 0x39A5,
  0x41C6, 0x62A9, 0xBCF1, 0xFED7, 0xEE96, 0xF6B6, 0xFED7, 0xFF18, 0xA48F, 0x0841, 0x0021, 0x0021,
  0x0021, 0x0021, 0x0000, 0x5248, 0xFED7, 0xEE96, 0xF696, 0xF696, 0xFED7, 0xBD31, 0x39A6, 0x41C6,
  0x41E7, 0x4A07, 0x6AEA, 0xC573, 0xFEF8, 0xFED7, 0xACB0, 0x0000, 0x83AD, 0xFF39, 0xF6B7, 0xF6D7,
  0xA48F, 0x62C9, 0x39A6, 0x9C2E, 0xFED7, 0xEE96, 0xF697, 0xF6B7, 0xEE56, 0x5248, 0x41E6, 0x6AE9,
  0xC572, 0xFF18, 0xF6B6, 0xDDD3, 0x0862, 0x0001, 0x0021, 0x0000, 0x838C, 0xFED7, 0xFEF7, 0xF696,
  0xFEF8, 0xE676, 0x62C9, 0x18C2, 0x0021, 0x1082, 0x41E7, 0xB511, 0xFED7, 0xEE76, 0xFF7A, 0x6B0B,
  0x0000, 0x0021, 0x0000, 0x83AC, 0xFEF7, 0xEE96, 0xF6B7, 0xF697, 0xFEF8, 0x5228, 0x0000, 0x0021,
  0x0021, 0x0021, 0x0001, 0x0000, 0x9C2E, 0xFEF8, 0xEE96, 0xF6B7, 0xF696, 0xFED7, 0x5228, 0x0000,
  0x0042, 0x0021, 0x0042, 0xD5D4, 0xFEF8, 0xF696, 0xF6B7, 0xFED8, 0xDE15, 0x0882, 0x0042, 0x0042,
  0x0042, 0x0043, 0x0043, 0x0043, 0x0043, 0x0043, 0x0043, 0x0043, 0x0042, 0x0086, 0x00A8, 0x0087,
  0x0087, 0x0087, 0x0066, 0x0066, 0x0066, 0x0066, 0x0086, 0x0087, 0x0087, 0x0087, 0x00A8, 0x0086,
  0x0022, 0x0043, 0x0043, 0x0043, 0x0043, 0x0043, 0x0042, 0x0064, 0x1949, 0x0021, 0x0042, 0x0043,
  0x0022, 0x1108, 0x42B4, 0x0064, 0x1108, 0x63B7, 0x0883, 0x0001, 0x0021, 0x00A5, 0x8477, 0xBDFB,
  0xD69E, 0x94F8, 0x0022, 0x194A, 0x6BF5, 0x322E, 0x9496, 0xC61B, 0xCEBE, 0x3A09, 0x08A6, 0x196B,
  0x3250, 0xA519, 0xC63C, 0xD69C, 0x6DDF, 0x226E, 0x0000, 0x0000, 0x0000, 0x0000, 0x0000, 0x0000,
  0x0000, 0x0000, 0x0000, 0x0000, 0x11A9, 0x3CBC, 0x0041, 0x0001, 0x0021, 0x0021, 0x0021, 0x0000,
  0x7B6C, 0xFF59, 0xEE76, 0xF6B7, 0xF6B7, 0x2944, 0x0000, 0x0001, 0x0001, 0x0001, 0x0000, 0x2944,
  0xE635, 0xFF18, 0xA46F, 0x0001, 0x0000, 0x83AC, 0xFF17, 0xF696, 0x5268, 0x0000, 0x0000, 0x0000,
  0x5269, 0xFF39, 0xF696, 0xF696, 0xF6B7, 0xF697, 0x18A2, 0x0000, 0x0000, 0x0000, 0x838C, 0xFED7,
  0xF6D7, 0x3186, 0x0001, 0x0000, 0x3165, 0xFED7, 0xF6B7, 0xF6B7, 0xF6B7, 0xFF59, 0x6AEA, 0x0000,
  0x0000, 0x0000, 0x0000, 0x942E, 0xFF18, 0xF696, 0xF696, 0xEE96, 0xFF79, 0x8BCD, 0x0000, 0x0021,
  0x0021, 0x0021, 0x0000, 0x2103, 0xF6B6, 0xF6B7, 0xF6B6, 0xF696, 0xFF59, 0x83AD, 0x0000, 0x0000,
  0x0000, 0x0000, 0x0000, 0x0021, 0xA46F, 0xFF58, 0xBD31, 0x0000, 0x942E, 0xFF38, 0xEE97, 0x4A07,
  0x0000, 0x0000, 0x0000, 0x734B, 0xFF18, 0xF696, 0xF6B7, 0xFED7, 0xE655, 0x0841, 0x0000, 0x0000,
  0x0021, 0x9C4F, 0xFF17, 0xE614, 0x10A2, 0x0001, 0x0000, 0x8BEE, 0xFF59, 0xF696, 0xF696, 0xF6B7,
  0xE656, 0x2945, 0x0000, 0x0000, 0x0001, 0x0001, 0x0000, 0x0000, 0xA46F, 0xFF18, 0xFEF8, 0x732B,
  0x0000, 0x0862, 0x0000, 0x4A27, 0xFF18, 0xF6B7, 0xF6B7, 0xF6D7, 0xF6B7, 0x2104, 0x0001, 0x0021,
  0x0021, 0x0021, 0x0042, 0x0000, 0x62EA, 0xFF39, 0xF696, 0xF6B7, 0xFED7, 0xEE96, 0x18E3, 0x0001,
  0x0042, 0x0042, 0x0041, 0xCDB3, 0xFEF8, 0xF6B7, 0xF6B7, 0xFEF8, 0xDDF4, 0x0862, 0x0042, 0x0043,
  0x0043, 0x0043, 0x0043, 0x0043, 0x0043, 0x0043, 0x0043, 0x0043, 0x0042, 0x0043, 0x0087, 0x0087,
  0x0087, 0x0066, 0x0066, 0x0066, 0x0066, 0x0066, 0x0066, 0x0086, 0x0087, 0x0087, 0x0087, 0x0043,
  0x0042, 0x0043, 0x0043, 0x0043, 0x0043, 0x0043, 0x0042, 0x08A5, 0x0063, 0x0042, 0x0042, 0x0042,
  0x0001, 0x29AD, 0x29EE, 0x0000, 0x10E7, 0x5314, 0x0042, 0x0021, 0x0042, 0x0022, 0x5B52, 0xB5BA,
  0xCE7D, 0xC65D, 0x1926, 0x0086, 0x6395, 0x29CB, 0x7C77, 0xB5FB, 0xD6FF, 0x7412, 0x0885, 0x194A,
  0x2A2E, 0x8D19, 0xB63B, 0xCE9C, 0x8DFF, 0x33D7, 0x0000, 0x0000, 0x0000, 0x0000, 0x0000, 0x0000,
  0x0000, 0x0000, 0x0000, 0x0000, 0x2B53, 0x2B95, 0x0000, 0x0021, 0x0021, 0x0021, 0x0000, 0x10A2,
  0xEE56, 0xFED7, 0xF697, 0xFF18, 0xBD11, 0x0000, 0x0021, 0x0021, 0x0021, 0x0021, 0x0842, 0x0000,
  0x5A68, 0xFF79, 0xACD1, 0x0000, 0x0000, 0x940E, 0xFF7A, 0x6AC9, 0x0000, 0x0042, 0x0842, 0x0000,
  0x5AA9, 0xFF18, 0xF696, 0xF6B7, 0xF6B7, 0xEE96, 0x2104, 0x0001, 0x0042, 0x0021, 0x0000, 0xACB0,
  0xFF59, 0x39C6, 0x0000, 0x0000, 0x3185, 0xFED7, 0xF6B7, 0xF6B7, 0xF696, 0xFF39, 0x732B, 0x0000,
  0x0041, 0x0041, 0x0001, 0x0841, 0xDDF4, 0xFED7, 0xF696, 0xF6B7, 0xF6B7, 0xF696, 0x18E3, 0x0000,
  0x0021, 0x0021, 0x0000, 0x2103, 0xF696, 0xF6B7, 0xF6B6, 0xF696, 0xFF38, 0x8BED, 0x0000, 0x0041,
  0x0021, 0x0021, 0x0042, 0x0000, 0x0841, 0xE656, 0xD5F5, 0x0000, 0x9C4E, 0xFF58, 0x5A89, 0x0000,
  0x0041, 0x0841, 0x0000, 0x7B8C, 0xFF38, 0xF696, 0xF6B7, 0xFED7, 0xE635, 0x18A2, 0x0001, 0x0042,
  0x0001, 0x0000, 0xCD93, 0xF6D7, 0x20E3, 0x0000, 0x62A9, 0xFF59, 0xF6B7, 0xF6B7, 0xF6B7, 0xFED7,
  0x5227, 0x0000, 0x0842, 0x0021, 0x0021, 0x0021, 0x0041, 0x0001, 0x0841, 0xCD93, 0xFF38, 0x7B6C,
  0x0000, 0x0042, 0x0000, 0x5268, 0xFF38, 0xF6B7, 0xF6B7, 0xF6B7, 0xF6B7, 0x2924, 0x0000, 0x0021,
  0x0021, 0x0021, 0x0042, 0x0000, 0x6AEA, 0xFF38, 0xF696, 0xF6B7, 0xFED7, 0xEE76, 0x20E3, 0x0001,
  0x0042, 0x0042, 0x0001, 0xBD11, 0xFF18, 0xF6B7, 0xF6B7, 0xFEF7, 0xC552, 0x0022, 0x0043, 0x0043,
  0x0043, 0x0043, 0x0043, 0x0043, 0x0063, 0x0063, 0x0063, 0x0043, 0x0043, 0x0042, 0x0044, 0x0087,
  0x0086, 0x0066, 0x0066, 0x0066, 0x0065, 0x0066, 0x0066, 0x0066, 0x0087, 0x0087, 0x0044, 0x0022,
  0x0043, 0x0043, 0x0043, 0x0043, 0x0043, 0x0043, 0x0043, 0x0043, 0x0043, 0x0043, 0x0042, 0x0042,
  0x0021, 0x29EF, 0x08E7, 0x0021, 0x08A5, 0x3A70, 0x0022, 0x0042, 0x0042, 0x0001, 0x320D, 0xAD7A,
  0xCE5C, 0xD6FF, 0x4A8C, 0x0001, 0x5313, 0x42F2, 0x957B, 0xC65C, 0xD6DE, 0x9517, 0x10C5, 0x1108,
  0x3290, 0xA57B, 0xC61C, 0xD69D, 0xB65E, 0x44FD, 0x08A3, 0x0000, 0x0000, 0x0000, 0x0000, 0x0000,
  0x0000, 0x0000, 0x0000, 0x0000, 0x347A, 0x1A0C, 0x0000, 0x0021, 0x0021, 0x0021, 0x0000, 0x5268,
  0xFF18, 0xF696, 0xF697, 0xFF18, 0xB4F1, 0x0000, 0x0021, 0x0021, 0x0021, 0x0021, 0x0021, 0x0021,
  0x0020, 0xE656, 0xCDB4, 0x0000, 0x0000, 0xBD32, 0xEE97, 0x0020, 0x0021, 0x0021, 0x0041, 0x0000,
  0x5AA9, 0xFF18, 0xF696, 0xF6B7, 0xF6B7, 0xEE96, 0x20E3, 0x0000, 0x0021, 0x0021, 0x0000, 0x3185,
  0xFF9A, 0x5248, 0x0000, 0x0000, 0x3185, 0xFEF7, 0xF6B7, 0xF6B7, 0xF696, 0xFF38, 0x730A, 0x0000,
  0x0021, 0x0021, 0x0042, 0x0000, 0x8BCD, 0xFF18, 0xF697, 0xF6B7, 0xF696, 0xFEF8, 0x5268, 0x0000,
  0x0021, 0x0021, 0x0000, 0x2103, 0xF696, 0xF6B7, 0xF6B7, 0xF696, 0xFF18, 0x8BED, 0x0000, 0x0021,
  0x0001, 0x0021, 0x0021, 0x0021, 0x0000, 0x7B8D, 0xDE56, 0x0000, 0xC573, 0xD5F4, 0x0000, 0x0021,
  0x0021, 0x0021, 0x0000, 0x7B8C, 0xFF38, 0xF696, 0xF6B7, 0xFED7, 0xE635, 0x1082, 0x0000, 0x0021,
  0x0021, 0x0000, 0x5248, 0xFF59, 0x20E3, 0x1061, 0xE655, 0xFED7, 0xF6B7, 0xF6B7, 0xFF18, 0xC552,
  0x0000, 0x0021, 0x0021, 0x0021, 0x0021, 0x0021, 0x0021, 0x0041, 0x0000, 0x4A27, 0xFF79, 0x83AD,
  0x0000, 0x0841, 0x0000, 0x5268, 0xFF38, 0xF6B7, 0xF6B7, 0xF6B7, 0xF6B7, 0x2924, 0x0000, 0x0021,
  0x0021, 0x0021, 0x0042, 0x0000, 0x6AEA, 0xFF38, 0xF6B6, 0xF6B7, 0xFED7, 0xEE76, 0x18E3, 0x0001,
  0x0042, 0x0042, 0x0001, 0x9C2F, 0xFF18, 0xF697, 0xF6B7, 0xFF18, 0xA46F, 0x0001, 0x0063, 0x0043,
  0x0043, 0x0043, 0x0043, 0x0063, 0x0063, 0x0063, 0x0063, 0x0063, 0x0043, 0x0043, 0x0042, 0x0044,
  0x0066, 0x0066, 0x0066, 0x0066, 0x0066, 0x0066, 0x0066, 0x0087, 0x0066, 0x0044, 0x0022, 0x0043,
  0x0043, 0x0043, 0x0043, 0x0043, 0x0043, 0x0043, 0x0043, 0x0043, 0x0043, 0x0043, 0x0043, 0x0042,
  0x0063, 0x216A, 0x0042, 0x0042, 0x08A5, 0x29AB, 0x0021, 0x0042, 0x0042, 0x0001, 0x1128, 0x94F8,
  0xC61B, 0xD6BF, 0x73F3, 0x0000, 0x5334, 0x324F, 0x8CB8, 0xCE3B, 0xD6BE, 0x9D18, 0x0863, 0x10E7,
  0x220F, 0x8498, 0xBDDB, 0xCE9D, 0xCE9D, 0x659F, 0x19CA, 0x0000, 0x0000, 0x0000, 0x0000, 0x0000,
  0x0000, 0x0000, 0x0000, 0x08C4, 0x34DC, 0x08C5, 0x0000, 0x0021, 0x0021, 0x0021, 0x0000, 0x7B4B,
  0xFF39, 0xF696, 0xF6B7, 0xFEB7, 0xEE76, 0x20E3, 0x0000, 0x0041, 0x0021, 0x0021, 0x0021, 0x0021,
  0x0000, 0x5A89, 0x6B0B, 0x0000, 0x0000, 0x5A89, 0x5248, 0x0000, 0x0021, 0x0021, 0x0021, 0x0000,
  0x5AA9, 0xFF18, 0xF696, 0xF6B7, 0xF6B7, 0xEE96, 0x20E3, 0x0000, 0x0021, 0x0021, 0x0021, 0x0021,
  0x730A, 0x2104, 0x0000, 0x0000, 0x3185, 0xFED7, 0xF6B7, 0xF6B7, 0xF696, 0xFF38, 0x730A, 0x0000,
  0x0021, 0x0021, 0x0021, 0x0000, 0x6AEA, 0xFF38, 0xF697, 0xF6B7, 0xF696, 0xFF18, 0x730B, 0x0000,
  0x0041, 0x0021, 0x0000, 0x2103, 0xEE96, 0xF6B7, 0xF6B7, 0xF696, 0xFF38, 0x8BED, 0x0000, 0x0021,
  0x0021, 0x0021, 0x0021, 0x0021, 0x0021, 0x0862, 0x2924, 0x0000, 0x5AAA, 0x41E7, 0x0000, 0x0021,
  0x0021, 0x0021, 0x0000, 0x7B8C, 0xFF38, 0xF696, 0xF6B7, 0xFED7, 0xE635, 0x1082, 0x0001, 0x0021,
  0x0021, 0x0021, 0x0841, 0x6B0A, 0x0021, 0x7B8C, 0xFF38, 0xF696, 0xF6B7, 0xF696, 0xFF39, 0x6AEA,
  0x0000, 0x0021, 0x0021, 0x0021, 0x0021, 0x0021, 0x0021, 0x0021, 0x0001, 0x0020, 0xEE76, 0x940E,
  0x0000, 0x0042, 0x0000, 0x5248, 0xFF38, 0xF6B7, 0xF6B7, 0xF6D7, 0xF6B7, 0x2924, 0x0000, 0x0021,
  0x0021, 0x0021, 0x0042, 0x0000, 0x6AEA, 0xFF38, 0xF6B7, 0xF6B7, 0xFED7, 0xEE76, 0x18E3, 0x0001,
  0x0042, 0x0062, 0x0001, 0x6B0B, 0xFF18, 0xF696, 0xF696, 0xFF38, 0x7B6C, 0x0001, 0x0063, 0x0043,
  0x0043, 0x0043, 0x0063, 0x0063, 0x0063, 0x0063, 0x0063, 0x0063, 0x0043, 0x0043, 0x0043, 0x0022,
  0x0043, 0x0044, 0x0065, 0x0066, 0x0066, 0x0066, 0x0065, 0x0044, 0x0023, 0x0022, 0x0043, 0x0043,
  0x0043, 0x0043, 0x0043, 0x0043, 0x0043, 0x0043, 0x0043, 0x0043, 0x0043, 0x0043, 0x0043, 0x0042,
  0x0884, 0x08A5, 0x0022, 0x0043, 0x0884, 0x1907, 0x0021, 0x0042, 0x0042, 0x0021, 0x0064, 0x7415,
  0xBDBA, 0xCE7D, 0xA57A, 0x08A5, 0x5355, 0x21AA, 0x5B73, 0xBDFB, 0xD69D, 0xB5BB, 0x10A3, 0x10E7,
  0x21EF, 0x6BD6, 0xBDBA, 0xCE7D, 0xDEBD, 0x85FF, 0x2B32, 0x0000, 0x0000, 0x0000, 0x0000, 0x0000,
  0x0000, 0x0000, 0x0000, 0x120C, 0x2C19, 0x0000, 0x0021, 0x0021, 0x0021, 0x0021, 0x0000, 0x7B4B,
  0xFF38, 0xF6B7, 0xF6B7, 0xF6B6, 0xFEF8, 0xCD93, 0x18E3, 0x0000, 0x0001, 0x0021, 0x0021, 0x0021,
  0x0021, 0x0000, 0x0000, 0x0021, 0x0021, 0x0000, 0x0000, 0x0021, 0x0021, 0x0021, 0x0021, 0x0000,
  0x5AA9, 0xFF18, 0xF696, 0xF6B7, 0xF6B7, 0xF696, 0x20E3, 0x0000, 0x0021, 0x0021, 0x0021, 0x0021,
  0x0000, 0x0000, 0x0021, 0x0000, 0x3185, 0xFED7, 0xF6B7, 0xF6B7, 0xF697, 0xFF39, 0x730A, 0x0000,
  0x0041, 0x0021, 0x0041, 0x0000, 0x62CA, 0xFF18, 0xF696, 0xF6B7, 0xF696, 0xFF18, 0x62CA, 0x0000,
  0x0021, 0x0021, 0x0000, 0x2103, 0xF696, 0xF6B7, 0xF6B7, 0xF696, 0xFF38, 0x8BED, 0x0000, 0x0021,
  0x0021, 0x0021, 0x0000, 0x0000, 0x0021, 0x0001, 0x0000, 0x0021, 0x0000, 0x0000, 0x0021, 0x0001,
  0x0021, 0x0021, 0x0000, 0x7B8C, 0xFF38, 0xF696, 0xF6B7, 0xFED7, 0xE635, 0x1082, 0x0001, 0x0021,
  0x0021, 0x0021, 0x0021, 0x0000, 0x0861, 0xE635, 0xFED7, 0xF696, 0xF6B7, 0xF6B7, 0xF697, 0x2924,
  0x0000, 0x0021, 0x0021, 0x0021, 0x0021, 0x0021, 0x0021, 0x0001, 0x0021, 0x0001, 0x3185, 0x2103,
  0x0001, 0x0041, 0x0000, 0x5248, 0xFF18, 0xF6B7, 0xF6B7, 0xF6D7, 0xF6B7, 0x2924, 0x0000, 0x0021,
  0x0021, 0x0021, 0x0042, 0x0000, 0x6AEA, 0xFF38, 0xF696, 0xF6B7, 0xFED7, 0xEE76, 0x18E3, 0x0001,
  0x0042, 0x0042, 0x0001, 0x4207, 0xFEF8, 0xF696, 0xF696, 0xFF18, 0x5269, 0x0001, 0x0063, 0x0043,
  0x0043, 0x0043, 0x0063, 0x0063, 0x0063, 0x0063, 0x0063, 0x0063, 0x0043, 0x0043, 0x0043, 0x0043,
  0x0043, 0x0022, 0x0022, 0x0023, 0x0023, 0x0023, 0x0022, 0x0022, 0x0023, 0x0043, 0x0043, 0x0043,
  0x0043, 0x0043, 0x0043, 0x0043, 0x0063, 0x0063, 0x0043, 0x0043, 0x0043, 0x0043, 0x0043, 0x0043,
  0x0064, 0x0063, 0x0042, 0x0042, 0x0063, 0x10E6, 0x0022, 0x0042, 0x0042, 0x0042, 0x0022, 0x5354,
  0xA55A, 0xC63C, 0xC67E, 0x2146, 0x42B1, 0x29CB, 0x3A8F, 0xAD7A, 0xCE3C, 0xBE3D, 0x2967, 0x1108,
  0x2A30, 0x5B95, 0xB59A, 0xC65D, 0xDE9D, 0x95FE, 0x447A, 0x0020, 0x0000, 0x0000, 0x0000, 0x0000,
  0x0000, 0x0000, 0x0000, 0x2374, 0x1B12, 0x0000, 0x0021, 0x0021, 0x0021, 0x0021, 0x0000, 0x5248,
  0xFF18, 0xF6B7, 0xF6B7, 0xF6B7, 0xF6B7, 0xFEF8, 0xE655, 0x6AEA, 0x0841, 0x0000, 0x0001, 0x0021,
  0x0021, 0x0021, 0x0021, 0x0021, 0x0021, 0x0021, 0x0021, 0x0021, 0x0021, 0x0021, 0x0021, 0x0000,
  0x5AA9, 0xFF18, 0xF696, 0xF6B7, 0xF6B7, 0xEE96, 0x20E3, 0x0000, 0x0021, 0x0021, 0x0021, 0x0021,
  0x0021, 0x0021, 0x0021, 0x0000, 0x3985, 0xFEF7, 0xF6B7, 0xF6B7, 0xF697, 0xFF39, 0x730A, 0x0000,
  0x0021, 0x0001, 0x0041, 0x0000, 0x83AD, 0xFF18, 0xF696, 0xF6B7, 0xF6B7, 0xFEF8, 0x39A6, 0x0000,
  0x0021, 0x0021, 0x0000, 0x2103, 0xF696, 0xF6B7, 0xF6B7, 0xF696, 0xFF38, 0x93ED, 0x0000, 0x0041,
  0x0021, 0x0021, 0x0842, 0x3185, 0x0021, 0x0021, 0x0021, 0x0021, 0x0021, 0x0021, 0x0001, 0x0021,
  0x0021, 0x0021, 0x0000, 0x7B8C, 0xFF38, 0xF696, 0xF6B7, 0xFED7, 0xE635, 0x1082, 0x0000, 0x0021,
  0x0021, 0x0001, 0x0021, 0x0000, 0x4A07, 0xFEF7, 0xF697, 0xF6B7, 0xF6B7, 0xFED7, 0xD5D4, 0x0841,
  0x0001, 0x0021, 0x0021, 0x0021, 0x0021, 0x0021, 0x0021, 0x0021, 0x0021, 0x0021, 0x0000, 0x0000,
  0x0021, 0x0021, 0x0000, 0x5248, 0xFF18, 0xF6B7, 0xF6B7, 0xF6B7, 0xF6B7, 0x2945, 0x0001, 0x0042,
  0x0042, 0x0042, 0x0862, 0x0000, 0x6B0A, 0xFF38, 0xF696, 0xF6B7, 0xFED7, 0xEE76, 0x18E4, 0x0001,
  0x0042, 0x0042, 0x0001, 0x2124, 0xF696, 0xF6B7, 0xF6B7, 0xFED7, 0x2966, 0x0002, 0x0063, 0x0043,
  0x0043, 0x0063, 0x0063, 0x0063, 0x0063, 0x0063, 0x0063, 0x0063, 0x0063, 0x0063, 0x0043, 0x0043,
  0x0043, 0x0043, 0x0043, 0x0043, 0x0023, 0x0043, 0x0043, 0x0043, 0x0043, 0x0043, 0x0043, 0x0043,
  0x0043, 0x0063, 0x0084, 0x0063, 0x0043, 0x0063, 0x0043, 0x0043, 0x0043, 0x0043, 0x0043, 0x0043,
  0x0043, 0x0043, 0x0042, 0x0042, 0x0063, 0x08A5, 0x0042, 0x0042, 0x0042, 0x0042, 0x1928, 0x322E,
  0x94D8, 0xC61B, 0xD6DF, 0x4A8C, 0x322F, 0x29AB, 0x198B, 0x9D19, 0xC61B, 0xCE9F, 0x4A6C, 0x08C7,
  0x2A30, 0x5355, 0xAD5A, 0xC63D, 0xD6BE, 0xADFD, 0x553E, 0x1105, 0x0000, 0x0000, 0x0000, 0x0000,
  0x0000, 0x0000, 0x0020, 0x2C5A, 0x11CB, 0x0000, 0x0021, 0x0021, 0x0021, 0x0021, 0x0000, 0x10A2,
  0xE656, 0xFED7, 0xF6B7, 0xF6D7, 0xF6D7, 0xF6B7, 0xFED7, 0xFF38, 0xD5D4, 0x62C9, 0x0841, 0x0000,
  0x0021, 0x0021, 0x0001, 0x0021, 0x0021, 0x0021, 0x0021, 0x0021, 0x0021, 0x0021, 0x0021, 0x0000,
  0x62A9, 0xFF18, 0xF696, 0xF6B7, 0xF6B7, 0xEE96, 0x20E3, 0x0000, 0x0021, 0x0021, 0x0021, 0x0021,
  0x0021, 0x0021, 0x0021, 0x0000, 0x3985, 0xFEF7, 0xF6B7, 0xF6B7, 0xF696, 0xFF38, 0x732B, 0x0000,
  0x0041, 0x0021, 0x0021, 0x0000, 0xCD93, 0xFEF7, 0xF696, 0xF696, 0xFF18, 0xCDB4, 0x0841, 0x0021,
  0x0021, 0x0021, 0x0000, 0x2103, 0xF696, 0xF6B7, 0xF6B7, 0xF696, 0xFF38, 0x93ED, 0x0000, 0x0042,
  0x0022, 0x0000, 0x5A89, 0xEE96, 0x0861, 0x0001, 0x0021, 0x0021, 0x0021, 0x0021, 0x0021, 0x0021,
  0x0021, 0x0021, 0x0000, 0x7B8C, 0xFF38, 0xF696, 0xF6B7, 0xFED7, 0xE635, 0x10A2, 0x0000, 0x0021,
  0x0021, 0x0021, 0x0021, 0x0000, 0x83AC, 0xFF18, 0xF696, 0xF6B7, 0xF696, 0xFF18, 0xBD11, 0x0000,
  0x0021, 0x0021, 0x0021, 0x0021, 0x0021, 0x0021, 0x0021, 0x0021, 0x0021, 0x0021, 0x0021, 0x0021,
  0x0021, 0x0021, 0x0000, 0x5248, 0xFF18, 0xF6B7, 0xF6B7, 0xF6D7, 0xF697, 0x18C3, 0x0000, 0x0000,
  0x0000, 0x0000, 0x0000, 0x0000, 0x62CA, 0xFF38, 0xF696, 0xF6B7, 0xFED7, 0xEE76, 0x18E4, 0x0001,
  0x0042, 0x0042, 0x0022, 0x0062, 0xD5F4, 0xFEF7, 0xFED7, 0xE635, 0x10A3, 0x0042, 0x0063, 0x0043,
  0x0043, 0x0043, 0x0043, 0x0043, 0x0063, 0x0063, 0x0063, 0x0063, 0x0063, 0x0063, 0x0063, 0x0063,
  0x0043, 0x0043, 0x0043, 0x0043, 0x0043, 0x0043, 0x0043, 0x0043, 0x0043, 0x0043, 0x0043, 0x0043,
  0x0084, 0x0906, 0x1126, 0x08E6, 0x08A5, 0x0063, 0x0063, 0x0043, 0x0043, 0x0043, 0x0043, 0x0043,
  0x0043, 0x0043, 0x0043, 0x0042, 0x0043, 0x0884, 0x0042, 0x0042, 0x0022, 0x08A5, 0x1907, 0x0085,
  0x7416, 0xBDDA, 0xDEDF, 0x7BF2, 0x29EE, 0x31EC, 0x08E7, 0x8CB9, 0xC5FB, 0xD6DF, 0x6370, 0x08A7,
  0x3251, 0x4314, 0x9CF9, 0xC63D, 0xD6BE, 0xBE1C, 0x657F, 0x2A4C, 0x0000, 0x0000, 0x0000, 0x0000,
  0x0000, 0x0000, 0x08C5, 0x34BC, 0x08A4, 0x0000, 0x0021, 0x0021, 0x0021, 0x0021, 0x0021, 0x0000,
  0x7B4B, 0xFF59, 0xF696, 0xF6B7, 0xF6D7, 0xF6B7, 0xF6B7, 0xF696, 0xFEF7, 0xFF38, 0xD5D4, 0x5A88,
  0x0000, 0x0000, 0x0021, 0x0001, 0x0021, 0x0001, 0x0001, 0x0001, 0x0001, 0x0021, 0x0021, 0x0000,
  0x5AA9, 0xFF18, 0xF696, 0xF6B7, 0xF6B7, 0xEE96, 0x20E3, 0x0000, 0x0021, 0x0021, 0x0021, 0x0021,
  0x0021, 0x0021, 0x0021, 0x0000, 0x3185, 0xFEF7, 0xF6B7, 0xF6B7, 0xF697, 0xFF38, 0x6AEA, 0x0000,
  0x0000, 0x0000, 0x0000, 0x732B, 0xFF18, 0xF696, 0xF696, 0xFEF7, 0xFEF8, 0x41C6, 0x0000, 0x0021,
  0x0021, 0x0021, 0x0000, 0x2103, 0xF696, 0xF6B7, 0xF6B7, 0xF696, 0xFF18, 0x93ED, 0x0000, 0x0021,
  0x0021, 0x39A6, 0xE614, 0xE635, 0x1082, 0x0001, 0x0021, 0x0021, 0x0021, 0x0021, 0x0021, 0x0021,
  0x0021, 0x0041, 0x0000, 0x7B6C, 0xFF38, 0xF696, 0xF6B7, 0xFED7, 0xE635, 0x10A2, 0x0001, 0x0021,
  0x0021, 0x0021, 0x0021, 0x0000, 0xACB0, 0xFF18, 0xF696, 0xF6B7, 0xF696, 0xFF18, 0xA46F, 0x0000,
  0x0021, 0x0021, 0x0021, 0x0021, 0x0021, 0x0021, 0x0021, 0x0021, 0x0021, 0x0021, 0x0021, 0x0021,
  0x0021, 0x0021, 0x0000, 0x5248, 0xFF18, 0xF6B7, 0xF6B7, 0xF6B7, 0xF696, 0x8BCC, 0x7B4B, 0x838D,
  0x7B6C, 0x7B4B, 0x7B6C, 0x7B6C, 0xB4F1, 0xFEF7, 0xF6B6, 0xF6B7, 0xFED7, 0xEE76, 0x20E4, 0x0001,
  0x0042, 0x0042, 0x0042, 0x0001, 0xB511, 0xFF18, 0xFEF8, 0xC573, 0x0022, 0x0063, 0x0043, 0x0043,
  0x0043, 0x0063, 0x0063, 0x0063, 0x0063, 0x0063, 0x0063, 0x0063, 0x0063, 0x0063, 0x0063, 0x0063,
  0x0063, 0x0043, 0x0043, 0x0043, 0x0043, 0x0043, 0x0043, 0x0063, 0x0043, 0x0063, 0x0043, 0x00A5,
  0x1127, 0x1127, 0x1126, 0x1126, 0x1126, 0x08A4, 0x0043, 0x0063, 0x0043, 0x0043, 0x0043, 0x0043,
  0x0043, 0x0043, 0x0043, 0x0043, 0x0043, 0x0063, 0x0042, 0x0042, 0x0022, 0x08C5, 0x0884, 0x0022,
  0x5B53, 0xBDBA, 0xD69E, 0xA538, 0x322E, 0x320D, 0x0064, 0x7C37, 0xC5FB, 0xD6DF, 0x8454, 0x0909,
  0x3AB3, 0x42D2, 0x9498, 0xC63C, 0xD6BE, 0xC61C, 0x757E, 0x4393, 0x0000, 0x0000, 0x0000, 0x0000,
  0x0020, 0x0000, 0x1A0B, 0x3459, 0x0000, 0x0021, 0x0021, 0x0021, 0x0021, 0x0021, 0x0021, 0x0021,
  0x0020, 0xACB0, 0xFF59, 0xF6B7, 0xF6B7, 0xF6B7, 0xF6B7, 0xF6B7, 0xF6B7, 0xF6B7, 0xFEF8, 0xFF18,
  0xACD0, 0x18C2, 0x0000, 0x0021, 0x0001, 0x0021, 0x0021, 0x0021, 0x0021, 0x0021, 0x0021, 0x0000,
  0x5AA9, 0xFF18, 0xF696, 0xF6B7, 0xF6B7, 0xEE96, 0x20E3, 0x0000, 0x0021, 0x0021, 0x0021, 0x0021,
  0x0021, 0x0001, 0x0021, 0x0000, 0x3185, 0xFED7, 0xF6B7, 0xF6B7, 0xF6B7, 0xFF18, 0x8BCD, 0x20E3,
  0x2924, 0x41E7, 0xA46F, 0xFED7, 0xF6B7, 0xFEF8, 0xFF38, 0xE635, 0x4A07, 0x0000, 0x0021, 0x0001,
  0x0001, 0x0021, 0x0000, 0x2103, 0xF696, 0xF6B7, 0xF6B7, 0xF6B7, 0xF6B7, 0xDE14, 0xC532, 0xBD31,
  0xCD92, 0xF6B7, 0xFF18, 0xDE15, 0x1082, 0x0001, 0x0021, 0x0021, 0x0021, 0x0021, 0x0021, 0x0021,
  0x0021, 0x0041, 0x0000, 0x7B6C, 0xFF38, 0xF696, 0xF6B7, 0xFED7, 0xE635, 0x1082, 0x0000, 0x0021,
  0x0021, 0x0021, 0x0021, 0x0000, 0xBD32, 0xFEF8, 0xF6B6, 0xF6B7, 0xF696, 0xFF38, 0x942E, 0x0000,
  0x0021, 0x0021, 0x0021, 0x0021, 0x0021, 0x0021, 0x0021, 0x0021, 0x0021, 0x0021, 0x0021, 0x0021,
  0x0021, 0x0021, 0x0000, 0x5248, 0xFF18, 0xF697, 0xF6B7, 0xF6B7, 0xF6B7, 0xFF58, 0xFF79, 0xFF9A,
  0xFF79, 0xFF79, 0xFF9A, 0xFF9A, 0xFF17, 0xF696, 0xF6B7, 0xF6B7, 0xFED7, 0xEE76, 0x20E4, 0x0001,
  0x0042, 0x0042, 0x0042, 0x0001, 0x8BEE, 0xFF18, 0xFF18, 0x9C4F, 0x0001, 0x0063, 0x0043, 0x0043,
  0x0043, 0x0063, 0x0063, 0x0063, 0x0063, 0x0063, 0x0063, 0x0063, 0x0063, 0x0063, 0x0063, 0x0043,
  0x0063, 0x0063, 0x0043, 0x0043, 0x0043, 0x0043, 0x0043, 0x0043, 0x0043, 0x0043, 0x0084, 0x0907,
  0x0927, 0x1127, 0x1127, 0x1126, 0x1106, 0x1106, 0x0084, 0x0043, 0x0063, 0x0063, 0x0043, 0x0043,
  0x0043, 0x0043, 0x0043, 0x0043, 0x0043, 0x0043, 0x0043, 0x0042, 0x0043, 0x0084, 0x0043, 0x0001,
  0x3A4E, 0xAD7A, 0xC63C, 0xB5FC, 0x5353, 0x29CC, 0x0022, 0x63B5, 0xBDBB, 0xD6BE, 0xA579, 0x1108,
  0x2A2F, 0x42D3, 0x8C77, 0xBE1C, 0xD6BE, 0xCE5C, 0x855C, 0x5499, 0x0020, 0x0000, 0x0000, 0x0000,
  0x0020, 0x0000, 0x2B32, 0x2B74, 0x0000, 0x0021, 0x0021, 0x0021, 0x0021, 0x0001, 0x0021, 0x0021,
  0x0021, 0x0020, 0x942E, 0xFF18, 0xFEF8, 0xF696, 0xF6B7, 0xF6B7, 0xF6B7, 0xF6B7, 0xF6B7, 0xF696,
  0xFF38, 0xDE15, 0x20E3, 0x0000, 0x0021, 0x0021, 0x0021, 0x0021, 0x0021, 0x0021, 0x0021, 0x0000,
  0x5AA9, 0xFF18, 0xF696, 0xF6B7, 0xF6B7, 0xEE76, 0x20E3, 0x0000, 0x0021, 0x0021, 0x0021, 0x0021,
  0x0001, 0x0021, 0x0021, 0x0000, 0x3185, 0xFED7, 0xF6B7, 0xF6B7, 0xF6B7, 0xF6B7, 0xFED7, 0xFE96,
  0xF676, 0xFF18, 0xFF18, 0xF696, 0xF6D7, 0xD5F5, 0x83AC, 0x18A2, 0x0000, 0x0021, 0x0021, 0x0021,
  0x0001, 0x0021, 0x0000, 0x2103, 0xF696, 0xF6B7, 0xF6B7, 0xF6B7, 0xF6B7, 0xFED7, 0xFF18, 0xFEF7,
  0xFF18, 0xFF18, 0xFED7, 0xDE35, 0x1082, 0x0001, 0x0021, 0x0021, 0x0021, 0x0021, 0x0021, 0x0001,
  0x0021, 0x0021, 0x0000, 0x7B8C, 0xFF38, 0xF696, 0xF6B7, 0xFED7, 0xE635, 0x1082, 0x0000, 0x0021,
  0x0021, 0x0021, 0x0021, 0x0000, 0xCD93, 0xFEF7, 0xF6B6, 0xF6B7, 0xF696, 0xFF38, 0x940E, 0x0000,
  0x0021, 0x0021, 0x0021, 0x0021, 0x0021, 0x0021, 0x0021, 0x0021, 0x0021, 0x0021, 0x0021, 0x0021,
  0x0021, 0x0021, 0x0000, 0x5248, 0xFF18, 0xF6B7, 0xF6B7, 0xF6B7, 0xF6D8, 0xA490, 0x8BCD, 0x8BED,
  0x8BCD, 0x93ED, 0x942E, 0x8BCD, 0xBCF0, 0xFED7, 0xF6B7, 0xF6B7, 0xFED7, 0xEE76, 0x20E4, 0x0001,
  0x0042, 0x0042, 0x0043, 0x0001, 0x62CA, 0xFF18, 0xFF18, 0x6B0B, 0x0001, 0x0063, 0x0043, 0x0043,
  0x0043, 0x0063, 0x0063, 0x0063, 0x0063, 0x0063, 0x0063, 0x0063, 0x0063, 0x0063, 0x0063, 0x0063,
  0x0063, 0x0063, 0x0063, 0x0043, 0x0043, 0x0043, 0x0043, 0x0085, 0x00C5, 0x00C5, 0x0907, 0x1127,
  0x1127, 0x1127, 0x1127, 0x1126, 0x1106, 0x1106, 0x0906, 0x0063, 0x0043, 0x0043, 0x0043, 0x0043,
  0x0063, 0x0043, 0x0043, 0x0043, 0x0043, 0x0043, 0x0043, 0x0043, 0x0063, 0x0043, 0x0043, 0x0001,
  0x21CC, 0x955A, 0xBE5C, 0xCEDE, 0x7CBA, 0x29CD, 0x0001, 0x4B13, 0xB59A, 0xCE9D, 0xBE1C, 0x1949,
  0x21ED, 0x42F4, 0x8457, 0xC5FC, 0xD6BE, 0xCE9D, 0x8D3B, 0x5D5D, 0x10E4, 0x0000, 0x0000, 0x0000,
  0x0000, 0x0000, 0x3C38, 0x1A6E, 0x0000, 0x0021, 0x0021, 0x0021, 0x0001, 0x0021, 0x0021, 0x0021,
  0x0021, 0x0021, 0x0000, 0x4A27, 0xD5D4, 0xFF38, 0xFEF7, 0xF696, 0xF6B7, 0xF6B7, 0xF6B7, 0xF6B7,
  0xF696, 0xFF39, 0xC572, 0x0841, 0x0021, 0x0021, 0x0021, 0x0021, 0x0021, 0x0001, 0x0021, 0x0000,
  0x5AA9, 0xFF18, 0xF696, 0xF6B7, 0xF6B7, 0xEE96, 0x20E3, 0x0000, 0x0021, 0x0021, 0x0021, 0x0021,
  0x0021, 0x0021, 0x0021, 0x0000, 0x3185, 0xFED7, 0xF6B7, 0xF6B7, 0xF6B7, 0xFED7, 0xE635, 0xD5B3,
  0xFED7, 0xF6B7, 0xF696, 0xF696, 0xFF18, 0xB4F1, 0x0000, 0x0001, 0x0021, 0x0021, 0x0001, 0x0021,
  0x0021, 0x0021, 0x0000, 0x2103, 0xF696, 0xF6B7, 0xF6B7, 0xF696, 0xFF18, 0xA4B0, 0x2944, 0x3165,
  0x39A5, 0x83AC, 0xFEB7, 0xDDF4, 0x1082, 0x0001, 0x0021, 0x0021, 0x0021, 0x0021, 0x0021, 0x0021,
  0x0021, 0x0041, 0x0000, 0x7B8C, 0xFF38, 0xF696, 0xF6B7, 0xFED7, 0xE635, 0x1082, 0x0001, 0x0021,
  0x0021, 0x0021, 0x0021, 0x0000, 0xC552, 0xFEF7, 0xF696, 0xF6B7, 0xF696, 0xFF38, 0x9C2E, 0x0000,
  0x0021, 0x0021, 0x0021, 0x0021, 0x0021, 0x0021, 0x0021, 0x0021, 0x0021, 0x0021, 0x0021, 0x0021,
  0x0021, 0x0041, 0x0000, 0x5248, 0xFF18, 0xF6B7, 0xF6B7, 0xF6B7, 0xF6B7, 0x18E3, 0x0000, 0x0000,
  0x0000, 0x0000, 0x0000, 0x0000, 0x62A9, 0xFF38, 0xF696, 0xF6B7, 0xFED7, 0xEE76, 0x20E4, 0x0001,
  0x0042, 0x0042, 0x0042, 0x0001, 0x39A6, 0xFED7, 0xFEF8, 0x4208, 0x0002, 0x0063, 0x0043, 0x0043,
  0x0063, 0x0063, 0x0063, 0x0063, 0x0063, 0x0063, 0x0063, 0x0063, 0x0064, 0x0063, 0x0063, 0x0043,
  0x0063, 0x0063, 0x0063, 0x0043, 0x0043, 0x0043, 0x08C6, 0x1127, 0x1147, 0x1127, 0x0927, 0x1127,
  0x1127, 0x1127, 0x1127, 0x1127, 0x1126, 0x1106, 0x1106, 0x08C5, 0x0043, 0x0043, 0x0043, 0x0043,
  0x0043, 0x0043, 0x0043, 0x0043, 0x0043, 0x0043, 0x0043, 0x0043, 0x0043, 0x0043, 0x0063, 0x0002,
  0x21ED, 0xA5BC, 0xC63C, 0xD6BE, 0x953B, 0x324F, 0x0000, 0x3A90, 0xAD9A, 0xCE5D, 0xCE9E, 0x320C,
  0x21CD, 0x4B35, 0x73F6, 0xC5FB, 0xD69E, 0xD6BD, 0x953A, 0x6D9F, 0x21EA, 0x0000, 0x0000, 0x0000,
  0x0000, 0x0041, 0x3CBB, 0x1148, 0x0000, 0x0021, 0x0021, 0x0021, 0x0021, 0x0021, 0x0021, 0x0021,
  0x0021, 0x0021, 0x0021, 0x0000, 0x0841, 0x62CA, 0xD5F4, 0xFF38, 0xFED7, 0xF6B7, 0xF6B7, 0xF6B7,
  0xF6B7, 0xF696, 0xFF18, 0x5A88, 0x0000, 0x0021, 0x0021, 0x0021, 0x0021, 0x0021, 0x0021, 0x0000,
  0x5AA9, 0xFF18, 0xF696, 0xF6B7, 0xF6B7, 0xEE96, 0x20E3, 0x0000, 0x0021, 0x0021, 0x0021, 0x0021,
  0x0021, 0x0021, 0x0021, 0x0000, 0x3185, 0xFED7, 0xF6B7, 0xF6B7, 0xF696, 0xFF38, 0x734B, 0x0020,
  0x93ED, 0xFF18, 0xF696, 0xF6B7, 0xF6B7, 0xFF59, 0x732B, 0x0000, 0x0021, 0x0021, 0x0021, 0x0021,
  0x0021, 0x0021, 0x0000, 0x2103, 0xF696, 0xF6B7, 0xF6B7, 0xF696, 0xFF38, 0x8BCD, 0x0000, 0x0000,
  0x0000, 0x0000, 0x8BCD, 0xFEB7, 0x0861, 0x0001, 0x0021, 0x0021, 0x0021, 0x0021, 0x0021, 0x0021,
  0x0021, 0x0021, 0x0000, 0x7B6C, 0xFF38, 0xF696, 0xF6B7, 0xFED7, 0xE635, 0x1082, 0x0000, 0x0021,
  0x0001, 0x0021, 0x0021, 0x0000, 0xB4D0, 0xFEF7, 0xF696, 0xF6B7, 0xF696, 0xFF18, 0xACB0, 0x0000,
  0x0021, 0x0021, 0x0021, 0x0021, 0x0021, 0x0021, 0x0021, 0x0021, 0x0021, 0x0021, 0x0021, 0x0021,
  0x0021, 0x0021, 0x0000, 0x5268, 0xFF18, 0xF6B7, 0xF6B7, 0xF6B7, 0xF697, 0x2945, 0x0001, 0x0042,
  0x0022, 0x0042, 0x0062, 0x0000, 0x6B0A, 0xFF38, 0xF696, 0xF6B7, 0xFED7, 0xEE76, 0x18E4, 0x0001,
  0x0042, 0x0042, 0x0042, 0x0022, 0x10C4, 0xE635, 0xF676, 0x2105, 0x0022, 0x0063, 0x0043, 0x0043,
  0x0063, 0x0063, 0x0063, 0x0063, 0x0063, 0x0063, 0x0064, 0x0064, 0x0064, 0x0064, 0x0064, 0x0064,
  0x0043, 0x0043, 0x0043, 0x0043, 0x0043, 0x00C6, 0x0928, 0x1127, 0x1127, 0x1127, 0x1127, 0x1127,
  0x1147, 0x1147, 0x1147, 0x1127, 0x1127, 0x1126, 0x1106, 0x1106, 0x08C5, 0x0063, 0x00A4, 0x08E5,
  0x0084, 0x0043, 0x0043, 0x0043, 0x0043, 0x0043, 0x0043, 0x0043, 0x0043, 0x0043, 0x0043, 0x0022,
  0x08A6, 0x7C58, 0xB59B, 0xCE5D, 0xADDD, 0x42B1, 0x0001, 0x29ED, 0xA55A, 0xC63C, 0xD6BF, 0x4AAD,
  0x198C, 0x5376, 0x6395, 0xBDDB, 0xCE9E, 0xD6BE, 0x9D1A, 0x759F, 0x32F0, 0x0000, 0x0000, 0x0000,
  0x0000, 0x1106, 0x3CDC, 0x0083, 0x0000, 0x0021, 0x0021, 0x0021, 0x0021, 0x0021, 0x0021, 0x0021,
  0x0021, 0x0021, 0x0001, 0x0021, 0x0001, 0x0000, 0x0861, 0x734B, 0xEE76, 0xFEF8, 0xF696, 0xF6B7,
  0xF6B7, 0xF696, 0xFF18, 0xACB0, 0x0000, 0x0021, 0x0021, 0x0021, 0x0021, 0x0021, 0x0021, 0x0000,
  0x5AA9, 0xFF18, 0xF696, 0xF6B7, 0xF6B7, 0xF696, 0x20E3, 0x0000, 0x0021, 0x0021, 0x0021, 0x0021,
  0x0021, 0x0021, 0x0021, 0x0000, 0x3185, 0xFED7, 0xF6B7, 0xF6B7, 0xF696, 0xFF39, 0x732B, 0x0000,
  0x10A2, 0xE635, 0xFED7, 0xF6B7, 0xF6B7, 0xFED7, 0xEE96, 0x18C3, 0x0000, 0x0021, 0x0021, 0x0001,
  0x0021, 0x0021, 0x0000, 0x2103, 0xF696, 0xF6B7, 0xF6B7, 0xF696, 0xFF38, 0x93ED, 0x0000, 0x0041,
  0x0041, 0x0001, 0x18E3, 0x93ED, 0x0041, 0x0001, 0x0021, 0x0021, 0x0021, 0x0021, 0x0021, 0x0021,
  0x0021, 0x0021, 0x0000, 0x7B6C, 0xFF38, 0xF696, 0xF6B7, 0xFED7, 0xE635, 0x1082, 0x0001, 0x0021,
  0x0021, 0x0021, 0x0021, 0x0000, 0x940D, 0xFF18, 0xF696, 0xF6B7, 0xF697, 0xFEF8, 0xC552, 0x0000,
  0x0021, 0x0021, 0x0021, 0x0021, 0x0021, 0x0021, 0x0021, 0x0021, 0x0021, 0x0021, 0x0021, 0x0021,
  0x0021, 0x0021, 0x0000, 0x5268, 0xFF18, 0xF6B7, 0xF6B7, 0xF6B7, 0xF6B7, 0x2924, 0x0001, 0x0022,
  0x0021, 0x0022, 0x0042, 0x0000, 0x6AEA, 0xFF38, 0xF696, 0xF6B7, 0xFED7, 0xEE76, 0x18E4, 0x0002,
  0x0042, 0x0042, 0x0042, 0x0043, 0x0022, 0xDE15, 0xEE96, 0x0863, 0x0043, 0x0063, 0x0043, 0x0063,
  0x0063, 0x0063, 0x0063, 0x0063, 0x0063, 0x0064, 0x0064, 0x0064, 0x0064, 0x0064, 0x0064, 0x0044,
  0x0043, 0x0043, 0x0043, 0x0043, 0x0064, 0x0907, 0x0927, 0x1127, 0x1127, 0x1127, 0x1127, 0x1147,
  0x1147, 0x1147, 0x1147, 0x1127, 0x1127, 0x1126, 0x1126, 0x1106, 0x1106, 0x1106, 0x1106, 0x1106,
  0x1106, 0x0084, 0x0043, 0x0063, 0x0043, 0x0043, 0x0043, 0x0043, 0x0043, 0x0043, 0x0042, 0x0043,
  0x0023, 0x4B13, 0xAD7A, 0xC61C, 0xBE3D, 0x5333, 0x0002, 0x196B, 0x9CF9, 0xC5FB, 0xD6BF, 0x73B2,
  0x116B, 0x5BB6, 0x5354, 0xB5BA, 0xCE7E, 0xD6DE, 0xA55A, 0x753D, 0x43F6, 0x0000, 0x0000, 0x0000,
  0x0000, 0x1A2C, 0x3C7A, 0x0000, 0x0021, 0x0021, 0x0021, 0x0001, 0x0001, 0x0001, 0x0021, 0x0000,
  0x0000, 0x0021, 0x0021, 0x0021, 0x0021, 0x0021, 0x0001, 0x0000, 0x20E3, 0xC552, 0xFEF7, 0xF6B7,
  0xF6D7, 0xF6B7, 0xFEF8, 0xCDB3, 0x0020, 0x0001, 0x0021, 0x0001, 0x0001, 0x0021, 0x0021, 0x0000,
  0x5A89, 0xFF18, 0xF696, 0xF6B7, 0xF6B7, 0xF696, 0x20E3, 0x0000, 0x0021, 0x0021, 0x0021, 0x0021,
  0x0021, 0x0021, 0x0021, 0x0000, 0x3185, 0xFED7, 0xF6B7, 0xF6B7, 0xF697, 0xFF39, 0x732A, 0x0000,
  0x0000, 0x732B, 0xFF38, 0xF696, 0xF6B6, 0xF696, 0xFF18, 0x9C2E, 0x0000, 0x0021, 0x0021, 0x0021,
  0x0021, 0x0021, 0x0000, 0x2103, 0xF696, 0xF6B7, 0xF6B7, 0xF696, 0xFF38, 0x8BED, 0x0000, 0x0021,
  0x0021, 0x0021, 0x0001, 0x0000, 0x0001, 0x0021, 0x0021, 0x0021, 0x0021, 0x0021, 0x0021, 0x0021,
  0x0021, 0x0021, 0x0000, 0x7B8C, 0xFF38, 0xF696, 0xF6B7, 0xFED7, 0xE635, 0x1082, 0x0000, 0x0021,
  0x0021, 0x0021, 0x0021, 0x0000, 0x5A68, 0xFF18, 0xF696, 0xF6B7, 0xF6B7, 0xFED7, 0xE656, 0x10A3,
  0x0000, 0x0021, 0x0021, 0x0021, 0x0021, 0x0021, 0x0021, 0x0021, 0x0021, 0x0021, 0x0000, 0x0000,
  0x0021, 0x0021, 0x0000, 0x5248, 0xFF18, 0xF6B7, 0xF6B7, 0xF6B7, 0xF6B7, 0x2924, 0x0001, 0x0022,
  0x0021, 0x0021, 0x0042, 0x0000, 0x6AEA, 0xFF38, 0xF696, 0xF6B7, 0xF6D7, 0xEE76, 0x18E4, 0x0002,
  0x0042, 0x0042, 0x0042, 0x0043, 0x0001, 0x62CB, 0x6B2C, 0x0022, 0x0063, 0x0043, 0x0043, 0x0063,
  0x0043, 0x0043, 0x0043, 0x0063, 0x0064, 0x0064, 0x0064, 0x0064, 0x0064, 0x0064, 0x0043, 0x0044,
  0x0044, 0x0044, 0x0043, 0x0043, 0x00C6, 0x0927, 0x0927, 0x1147, 0x1147, 0x1127, 0x1147, 0x1147,
  0x1147, 0x1147, 0x1147, 0x1147, 0x1127, 0x1127, 0x1127, 0x1126, 0x1106, 0x1106, 0x1126, 0x0906,
  0x1106, 0x08E5, 0x0063, 0x0043, 0x0043, 0x0043, 0x0043, 0x0043, 0x0043, 0x0043, 0x0042, 0x0064,
  0x0002, 0x322E, 0xA55A, 0xC61C, 0xCE9E, 0x7416, 0x0001, 0x1108, 0x8498, 0xB5DB, 0xC67E, 0x9D38,
  0x29ED, 0x63B7, 0x5334, 0xB59A, 0xCE7D, 0xDEDE, 0xB5BB, 0x7D1C, 0x54DB, 0x0020, 0x0000, 0x0000,
  0x0000, 0x2312, 0x2BB6, 0x0000, 0x0021, 0x0021, 0x0021, 0x0021, 0x0021, 0x0021, 0x0000, 0x838C,
  0x7B4B, 0x0000, 0x0021, 0x0021, 0x0021, 0x0021, 0x0021, 0x0041, 0x0000, 0x1082, 0xDE15, 0xFEF8,
  0xF6B7, 0xF6B7, 0xFEF8, 0xD5B3, 0x0021, 0x0001, 0x0021, 0x0021, 0x0021, 0x0021, 0x0021, 0x0000,
  0x5A89, 0xFF18, 0xF696, 0xF6B7, 0xF6B7, 0xF696, 0x20E3, 0x0000, 0x0021, 0x0021, 0x0021, 0x0021,
  0x0021, 0x0021, 0x0021, 0x0000, 0x3185, 0xFEF7, 0xF6B7, 0xF6B7, 0xF697, 0xFF38, 0x730A, 0x0000,
  0x0021, 0x0861, 0xDDF4, 0xFEF7, 0xF6B6, 0xF6B7, 0xF6B7, 0xFED7, 0x39A6, 0x0000, 0x0021, 0x0021,
  0x0001, 0x0021, 0x0000, 0x2103, 0xF696, 0xF6B7, 0xF6B7, 0xF696, 0xFF38, 0x8BED, 0x0000, 0x0021,
  0x0021, 0x0021, 0x0021, 0x0021, 0x0021, 0x0021, 0x0000, 0x0000, 0x0021, 0x0021, 0x0021, 0x0021,
  0x0021, 0x0021, 0x0000, 0x7B6C, 0xFF38, 0xF696, 0xF6B7, 0xFED7, 0xE635, 0x1082, 0x0001, 0x0021,
  0x0021, 0x0021, 0x0021, 0x0000, 0x18A2, 0xEE55, 0xFEB7, 0xF6B6, 0xF6B7, 0xF696, 0xFEF8, 0x41E7,
  0x0000, 0x0021, 0x0021, 0x0021, 0x0021, 0x0021, 0x0021, 0x0021, 0x0021, 0x0000, 0x2124, 0x7B4C,
  0x0041, 0x0021, 0x0000, 0x5268, 0xFF18, 0xF6B7, 0xF6B7, 0xF6B7, 0xF6B7, 0x2924, 0x0001, 0x0022,
  0x0022, 0x0022, 0x0042, 0x0000, 0x6AEA, 0xFF38, 0xF696, 0xF6B7, 0xF6D7, 0xEE76, 0x18E4, 0x0002,
  0x0042, 0x0042, 0x0042, 0x0042, 0x0042, 0x0001, 0x0002, 0x0063, 0x0043, 0x0043, 0x0043, 0x0043,
  0x0043, 0x0063, 0x0043, 0x0064, 0x0064, 0x0064, 0x0064, 0x0064, 0x0064, 0x0064, 0x0064, 0x0044,
  0x0044, 0x0064, 0x0043, 0x00A5, 0x0928, 0x0927, 0x0928, 0x1148, 0x1147, 0x1147, 0x1147, 0x1147,
  0x1147, 0x1147, 0x1147, 0x1147, 0x1147, 0x1127, 0x1126, 0x1126, 0x1106, 0x1106, 0x1106, 0x1106,
  0x0906, 0x0906, 0x08C5, 0x0043, 0x0043, 0x0043, 0x0043, 0x0043, 0x0043, 0x0043, 0x0043, 0x0063,
  0x0022, 0x114A, 0x94D9, 0xBDFB, 0xD69E, 0x8477, 0x0001, 0x08E7, 0x6C78, 0xAE1C, 0xCEBE, 0xBE3C,
  0x3250, 0x5375, 0x4B14, 0xAD79, 0xC63D, 0xDEDE, 0xBE1C, 0x84DB, 0x655E, 0x10C4, 0x0000, 0x0000,
  0x0000, 0x2BD6, 0x22D0, 0x0000, 0x0021, 0x0021, 0x0021, 0x0021, 0x0021, 0x0021, 0x0000, 0xBD11,
  0xF6B7, 0x0861, 0x0001, 0x0021, 0x0001, 0x0001, 0x0021, 0x0021, 0x0042, 0x0000, 0x736C, 0xFF39,
  0xF696, 0xF696, 0xFEF8, 0xBD31, 0x0000, 0x0021, 0x0021, 0x0021, 0x0021, 0x0021, 0x0021, 0x0000,
  0x5AA9, 0xFF18, 0xF696, 0xF6B7, 0xF6B7, 0xEE96, 0x20E3, 0x0000, 0x0021, 0x0021, 0x0021, 0x0021,
  0x0021, 0x0001, 0x0021, 0x0000, 0x3985, 0xFEF8, 0xF6B7, 0xF6B7, 0xF6B7, 0xFF38, 0x730A, 0x0000,
  0x0841, 0x0000, 0x62A9, 0xFF38, 0xF696, 0xF6B7, 0xF696, 0xFF18, 0xC552, 0x0020, 0x0021, 0x0021,
  0x0021, 0x0021, 0x0000, 0x2103, 0xF696, 0xF6B7, 0xF6B7, 0xF696, 0xFF38, 0x8BED, 0x0000, 0x0021,
  0x0021, 0x0021, 0x0001, 0x0021, 0x0021, 0x0000, 0x20E3, 0x5248, 0x0000, 0x0021, 0x0021, 0x0021,
  0x0021, 0x0021, 0x0000, 0x7B6C, 0xFF38, 0xF696, 0xF6B7, 0xFED7, 0xE635, 0x1082, 0x0001, 0x0021,
  0x0021, 0x0021, 0x0021, 0x0021, 0x0000, 0x940E, 0xFF18, 0xF696, 0xF6B7, 0xF696, 0xFF18, 0x93ED,
  0x0000, 0x0021, 0x0021, 0x0021, 0x0021, 0x0021, 0x0021, 0x0021, 0x0022, 0x0000, 0x9C2E, 0xFEF7,
  0x1082, 0x0021, 0x0000, 0x5268, 0xFF18, 0xF6B7, 0xF6B7, 0xF6B7, 0xF6B7, 0x2924, 0x0001, 0x0022,
  0x0022, 0x0022, 0x0042, 0x0000, 0x6AEA, 0xFF38, 0xF696, 0xF6B7, 0xF6D7, 0xEE76, 0x18E4, 0x0002,
  0x0042, 0x0022, 0x0042, 0x0022, 0x0001, 0x1905, 0x2105, 0x0001, 0x0023, 0x0043, 0x0043, 0x0043,
  0x0043, 0x0043, 0x0043, 0x0063, 0x0064, 0x0064, 0x0064, 0x0064, 0x0064, 0x0064, 0x0044, 0x0064,
  0x08E6, 0x0906, 0x08E6, 0x0928, 0x0928, 0x0928, 0x1148, 0x1148, 0x1147, 0x1147, 0x1147, 0x1147,
  0x1147, 0x1147, 0x1147, 0x1147, 0x1127, 0x1127, 0x1126, 0x1126, 0x1106, 0x1106, 0x1106, 0x0906,
  0x0906, 0x08E5, 0x08E5, 0x08A4, 0x0043, 0x0043, 0x0063, 0x0084, 0x0084, 0x0043, 0x0043, 0x0043,
  0x0022, 0x0085, 0x7437, 0xBDBA, 0xD69E, 0x9D3A, 0x0043, 0x08A5, 0x7C98, 0xBDDB, 0xDEDE, 0xCE9D,
  0x3250, 0x4B35, 0x3AB2, 0xA518, 0xC61B, 0xD6DE, 0xC65C, 0x8499, 0x657F, 0x1988, 0x0000, 0x0000,
  0x0000, 0x3459, 0x11CB, 0x0000, 0x0021, 0x0021, 0x0021, 0x0021, 0x0021, 0x0021, 0x0000, 0x940D,
  0xFF9A, 0x732A, 0x0000, 0x0041, 0x0021, 0x0001, 0x0021, 0x0021, 0x0021, 0x0000, 0x5268, 0xFF17,
  0xF696, 0xF696, 0xFF39, 0x8BCD, 0x0000, 0x0021, 0x0021, 0x0021, 0x0021, 0x0021, 0x0021, 0x0000,
  0x5AA9, 0xFF18, 0xF696, 0xF6B7, 0xF6B7, 0xEE76, 0x20E3, 0x0000, 0x0021, 0x0021, 0x0021, 0x0021,
  0x0021, 0x0021, 0x0021, 0x0000, 0x3185, 0xFEF7, 0xF6B7, 0xF6B7, 0xF696, 0xFF38, 0x6B0A, 0x0000,
  0x0021, 0x0001, 0x0021, 0xCD93, 0xFEF8, 0xF696, 0xF6B7, 0xF696, 0xFF38, 0x62A9, 0x0000, 0x0021,
  0x0021, 0x0021, 0x0000, 0x2103, 0xF696, 0xF6B7, 0xF6B7, 0xF696, 0xFF38, 0x93ED, 0x0000, 0x0021,
  0x0021, 0x0021, 0x0021, 0x0021, 0x0021, 0x0000, 0xBD31, 0xDDF4, 0x0000, 0x0021, 0x0021, 0x0021,
  0x0021, 0x0041, 0x0000, 0x7B6C, 0xFF38, 0xF696, 0xF6B7, 0xFED7, 0xE635, 0x1082, 0x0000, 0x0021,
  0x0021, 0x0021, 0x0021, 0x0021, 0x0000, 0x20E3, 0xEE96, 0xF6D7, 0xF6B7, 0xF6B7, 0xFED7, 0xEE76,
  0x18C3, 0x0000, 0x0021, 0x0021, 0x0021, 0x0021, 0x0021, 0x0041, 0x0000, 0x3165, 0xFEF8, 0xCD72,
  0x0000, 0x0042, 0x0000, 0x5268, 0xFF18, 0xF6B7, 0xF6B7, 0xF6B7, 0xF6B7, 0x2924, 0x0001, 0x0042,
  0x0022, 0x0022, 0x0042, 0x0000, 0x6B0A, 0xFF38, 0xF696, 0xF6B7, 0xFED7, 0xEE76, 0x18E4, 0x0002,
  0x0042, 0x0042, 0x0022, 0x0863, 0x9C4F, 0xEE55, 0xEE55, 0xA490, 0x10A4, 0x0043, 0x0063, 0x0063,
  0x0043, 0x0063, 0x0043, 0x0063, 0x0063, 0x0064, 0x0064, 0x0064, 0x0064, 0x0044, 0x0064, 0x0906,
  0x1148, 0x1127, 0x0928, 0x0948, 0x1148, 0x1148, 0x1148, 0x1148, 0x1148, 0x1148, 0x1148, 0x1147,
  0x1147, 0x1147, 0x1147, 0x1147, 0x1127, 0x1127, 0x1127, 0x1106, 0x1106, 0x1106, 0x1106, 0x08E6,
  0x08E6, 0x08E5, 0x08E5, 0x08E5, 0x08C5, 0x00A5, 0x08C5, 0x08C5, 0x08C5, 0x0084, 0x0043, 0x0043,
  0x0042, 0x0023, 0x5B95, 0xB5BA, 0xD69D, 0xB5FC, 0x1106, 0x0022, 0x5B53, 0xAD59, 0xCE7D, 0xCEBD,
  0x3A70, 0x4314, 0x4333, 0x84F8, 0xBE7C, 0xCEDD, 0xC6BD, 0x8CB9, 0x657F, 0x2A2C, 0x0000, 0x0000,
  0x0083, 0x347B, 0x0906, 0x0000, 0x0021, 0x0021, 0x0021, 0x0021, 0x0021, 0x0021, 0x0000, 0x8BCD,
  0xFF18, 0xEE75, 0x3985, 0x0000, 0x0041, 0x0041, 0x0021, 0x0021, 0x0041, 0x0000, 0x8BED, 0xFF38,
  0xF696, 0xF6B7, 0xF6D8, 0x2924, 0x0000, 0x0021, 0x0021, 0x0021, 0x0021, 0x0021, 0x0021, 0x0000,
  0x5AA9, 0xFF18, 0xF696, 0xF6B6, 0xF6B7, 0xEE76, 0x20E3, 0x0000, 0x0021, 0x0021, 0x0021, 0x0021,
  0x0021, 0x0021, 0x0021, 0x0000, 0x3185, 0xFEF7, 0xF6B7, 0xF6B7, 0xF696, 0xFF38, 0x6B0A, 0x0000,
  0x0021, 0x0021, 0x0000, 0x5248, 0xFF18, 0xF696, 0xF6B7, 0xF6B7, 0xFEF7, 0xE635, 0x1082, 0x0001,
  0x0021, 0x0021, 0x0000, 0x2104, 0xF696, 0xF6B7, 0xF6B6, 0xF696, 0xFF38, 0x8BED, 0x0000, 0x0841,
  0x0021, 0x0021, 0x0021, 0x0001, 0x0000, 0x732B, 0xFF7A, 0x9C2E, 0x0000, 0x0021, 0x0021, 0x0021,
  0x0021, 0x0041, 0x0000, 0x7B6C, 0xFF18, 0xF696, 0xF6B6, 0xFED7, 0xE635, 0x1082, 0x0001, 0x0021,
  0x0021, 0x0021, 0x0021, 0x0021, 0x0021, 0x0000, 0x62A9, 0xFF38, 0xF6B7, 0xF6B7, 0xF696, 0xFF18,
  0xAC8F, 0x0000, 0x0001, 0x0021, 0x0021, 0x0021, 0x0021, 0x0000, 0x1081, 0xCD93, 0xFF7A, 0xB511,
  0x0000, 0x0041, 0x0000, 0x5268, 0xFF18, 0xF6B7, 0xF6B7, 0xF6D7, 0xF6B7, 0x2944, 0x0001, 0x0022,
  0x0021, 0x0022, 0x0042, 0x0000, 0x6B0A, 0xFF18, 0xF696, 0xF6B7, 0xFED7, 0xEE56, 0x18E4, 0x0022,
  0x0043, 0x0063, 0x0001, 0x7B6C, 0xFF58, 0xF696, 0xF6B6, 0xFF9A, 0x8BEE, 0x0002, 0x0064, 0x0064,
  0x0064, 0x0064, 0x0064, 0x0064, 0x0064, 0x0063, 0x0043, 0x0044, 0x0043, 0x0043, 0x08E6, 0x1127,
  0x1127, 0x0927, 0x1128, 0x1128, 0x1148, 0x1148, 0x1148, 0x1148, 0x1148, 0x1148, 0x1147, 0x1147,
  0x1147, 0x1147, 0x1147, 0x1127, 0x1127, 0x1127, 0x1106, 0x1106, 0x1106, 0x1106, 0x08E6, 0x08E5,
  0x08E5, 0x08E5, 0x08E5, 0x08E5, 0x08E5, 0x08C5, 0x00A5, 0x08A5, 0x08A4, 0x08A4, 0x0084, 0x0043,
  0x0043, 0x0002, 0x42D1, 0xAD9A, 0xC61C, 0xBE3E, 0x320A, 0x0000, 0x4290, 0xA519, 0xC61C, 0xDEDE,
  0x5312, 0x3AD4, 0x6437, 0xADBB, 0xD6DE, 0xE71E, 0xDF1F, 0x9D1A, 0x757F, 0x3311, 0x0000, 0x0000,
  0x0947, 0x347B, 0x0083, 0x0000, 0x0021, 0x0021, 0x0021, 0x0021, 0x0021, 0x0021, 0x0000, 0x734B,
  0xFEF7, 0xF6B7, 0xE676, 0x4A07, 0x0000, 0x0000, 0x0000, 0x0000, 0x0000, 0x39A6, 0xF6B7, 0xF6D7,
  0xF696, 0xFF59, 0x7B6C, 0x0000, 0x0021, 0x0021, 0x0001, 0x0021, 0x0021, 0x0021, 0x0021, 0x0000,
  0x62A9, 0xFF38, 0xF696, 0xF6B6, 0xF6B6, 0xF6B7, 0x20E3, 0x0000, 0x0021, 0x0021, 0x0021, 0x0021,
  0x0021, 0x0021, 0x0021, 0x0000, 0x3185, 0xFEF7, 0xF6B7, 0xF6B7, 0xF696, 0xFF38, 0x730A, 0x0000,
  0x0021, 0x0021, 0x0021, 0x0000, 0xB4F0, 0xFF18, 0xEE96, 0xF6B7, 0xF696, 0xFF18, 0x9C2E, 0x0000,
  0x0001, 0x0021, 0x0000, 0x2104, 0xF6B6, 0xF6B6, 0xF6B6, 0xF696, 0xFF18, 0xA46F, 0x0000, 0x0000,
  0x0000, 0x0000, 0x0000, 0x1081, 0x838C, 0xFED6, 0xFF39, 0x734C, 0x0000, 0x0021, 0x0021, 0x0021,
  0x0001, 0x0021, 0x0000, 0x7B8C, 0xFF38, 0xF696, 0xF696, 0xF6B7, 0xEE55, 0x1082, 0x0000, 0x0021,
  0x0021, 0x0021, 0x0021, 0x0021, 0x0021, 0x0021, 0x0000, 0x838C, 0xFF59, 0xF6B7, 0xF696, 0xF696,
  0xFF18, 0x9C4F, 0x1062, 0x0000, 0x0000, 0x0000, 0x0000, 0x2944, 0xCD93, 0xFED7, 0xFF18, 0x9C4F,
  0x0000, 0x0842, 0x0000, 0x5269, 0xFF38, 0xF697, 0xF6B7, 0xF6B7, 0xF6B7, 0x2104, 0x0001, 0x0042,
  0x0021, 0x0022, 0x0042, 0x0000, 0x6AEA, 0xFF38, 0xF696, 0xF6B7, 0xF6B7, 0xEE96, 0x18C4, 0x0001,
  0x0063, 0x0043, 0x0021, 0xC552, 0xFED7, 0xF696, 0xF696, 0xFED7, 0xCD73, 0x0042, 0x0064, 0x0064,
  0x0044, 0x0043, 0x0043, 0x0064, 0x0064, 0x0043, 0x0043, 0x0044, 0x0023, 0x00A5, 0x0927, 0x0907,
  0x0927, 0x1148, 0x1148, 0x1127, 0x1148, 0x1148, 0x1148, 0x0927, 0x1147, 0x1147, 0x1147, 0x1147,
  0x1147, 0x1147, 0x1127, 0x1127, 0x1126, 0x1127, 0x1106, 0x1106, 0x1106, 0x08E5, 0x08E5, 0x08C5,
  0x08E5, 0x08C5, 0x08C5, 0x08C5, 0x08C5, 0x08C5, 0x08C5, 0x00A5, 0x00A4, 0x08A4, 0x08A4, 0x00A4,
  0x0084, 0x0022, 0x21CD, 0xA519, 0xB59A, 0xC69E, 0x6392, 0x0000, 0x2A0D, 0x9CF8, 0xBDDB, 0xDEDF,
  0x63B5, 0x3AB4, 0x5BB7, 0x9D19, 0xCE7D, 0xD6BE, 0xD6DE, 0x8CB9, 0x857E, 0x43D5, 0x0000, 0x0000,
  0x11EB, 0x2C39, 0x0001, 0x0001, 0x0021, 0x0021, 0x0021, 0x0021, 0x0021, 0x0021, 0x0000, 0x62C9,
  0xFFBA, 0xFED7, 0xFED7, 0xF6D7, 0xA48F, 0x5AA9, 0x39C6, 0x49E6, 0x838C, 0xEE76, 0xF6D7, 0xFEF7,
  0xFF38, 0x93ED, 0x0000, 0x0021, 0x0021, 0x0021, 0x0021, 0x0021, 0x0021, 0x0021, 0x0021, 0x18C2,
  0xBD10, 0xFED7, 0xEE96, 0xF696, 0xEE76, 0xFED7, 0x8BCD, 0x0861, 0x0021, 0x0021, 0x0021, 0x0021,
  0x0021, 0x0001, 0x0021, 0x0861, 0x9C2E, 0xFED7, 0xF696, 0xF696, 0xF696, 0xFED7, 0xC573, 0x20E3,
  0x0000, 0x0021, 0x0021, 0x0000, 0x2103, 0xEE96, 0xFF39, 0xF6B6, 0xF696, 0xF696, 0xFEF7, 0x83AD,
  0x1082, 0x0020, 0x0841, 0x8BAC, 0xFEF7, 0xEE96, 0xF696, 0xF696, 0xF696, 0xEE75, 0xA48F, 0x93ED,
  0x940D, 0x942E, 0xACD0, 0xDE15, 0xFEF7, 0xEE75, 0xFF18, 0x5248, 0x0000, 0x0021, 0x0021, 0x0021,
  0x0021, 0x0000, 0x20E3, 0xCDB3, 0xFED7, 0xF696, 0xF696, 0xEE76, 0xFED8, 0x734B, 0x0020, 0x0021,
  0x0021, 0x0021, 0x0021, 0x0021, 0x0021, 0x0021, 0x0021, 0x0000, 0x6AEA, 0xF6B7, 0xFF18, 0xF6B7,
  0xF696, 0xFEF7, 0xDDF4, 0x8BED, 0x62C9, 0x730A, 0xA4B0, 0xEE76, 0xFEF7, 0xFEF8, 0xFF38, 0x5A68,
  0x0000, 0x0042, 0x1061, 0xACD0, 0xFF18, 0xF696, 0xF696, 0xEE96, 0xFEB7, 0x7B6B, 0x0841, 0x0042,
  0x0022, 0x0022, 0x0001, 0x1082, 0xBD32, 0xFEF8, 0xF696, 0xF696, 0xEE96, 0xFEF7, 0x7B6C, 0x0821,
  0x0042, 0x0043, 0x0001, 0xC552, 0xFF18, 0xEE76, 0xEE76, 0xFEF8, 0xC552, 0x0022, 0x0064, 0x0044,
  0x0043, 0x0043, 0x0043, 0x0043, 0x0043, 0x0022, 0x0023, 0x0043, 0x0043, 0x0907, 0x0907, 0x0907,
  0x0927, 0x1148, 0x1148, 0x1148, 0x1148, 0x1148, 0x0927, 0x0927, 0x1147, 0x1147, 0x1147, 0x1147,
  0x1147, 0x1147, 0x1127, 0x1127, 0x1106, 0x1106, 0x1106, 0x1106, 0x08E6, 0x08E5, 0x08E6, 0x1106,
  0x08C5, 0x08C5, 0x08C5, 0x08C5, 0x08C5, 0x08C5, 0x08C5, 0x08A5, 0x08A4, 0x08A4, 0x08A4, 0x00A4,
  0x00A4, 0x0063, 0x196A, 0x7C98, 0x9D9A, 0xC6DE, 0x9539, 0x0021, 0x1149, 0x8C97, 0xBDBA, 0xD6BE,
  0x7C78, 0x4B15, 0x5B96, 0x8CB8, 0xC63C, 0xD6BE, 0xD6BE, 0x8CB9, 0x8D5D, 0x5458, 0x0000, 0x0000,
  0x1A90, 0x23B7, 0x0000, 0x0021, 0x0021, 0x0021, 0x0021, 0x0021, 0x0021, 0x0021, 0x0001, 0x10A2,
  0x8BED, 0xD5F4, 0xFED8, 0xFF18, 0xFF79, 0xFF7A, 0xFF38, 0xFF38, 0xFF7A, 0xFF59, 0xFEF8, 0xD5B3,
  0x5A68, 0x0000, 0x0021, 0x0021, 0x0021, 0x0021, 0x0021, 0x0021, 0x0021, 0x0000, 0x5AA9, 0xFF38,
  0xFF18, 0xFED7, 0xFF18, 0xFF18, 0xFEF7, 0xFEF7, 0xFF59, 0xDE14, 0x10A2, 0x0000, 0x0021, 0x0021,
  0x0021, 0x0000, 0x18E3, 0xE635, 0xFF59, 0xFEF8, 0xFEF8, 0xFEF8, 0xFEF7, 0xFEF8, 0xFF39, 0xFF18,
  0x5248, 0x0000, 0x0021, 0x0021, 0x0000, 0x3165, 0xBD31, 0xF696, 0xFEF8, 0xFF39, 0xFF19, 0xFF79,
  0xCD93, 0x2124, 0xDDF4, 0xFF38, 0xFF18, 0xFF18, 0xFF18, 0xFEF7, 0xFEF7, 0xFF18, 0xFF7A, 0xFF79,
  0xFF58, 0xFF79, 0xFF7A, 0xFF39, 0xFED7, 0xFF18, 0xE635, 0x18C3, 0x0000, 0x0021, 0x0021, 0x0021,
  0x0000, 0x5248, 0xFEF7, 0xFF18, 0xFF18, 0xFEF8, 0xFEF7, 0xFEF8, 0xFEF8, 0xFF59, 0xC552, 0x0021,
  0x0021, 0x0021, 0x0021, 0x0021, 0x0021, 0x0021, 0x0021, 0x0021, 0x0000, 0x2924, 0xA44F, 0xEE76,
  0xFF39, 0xFF18, 0xFF39, 0xFF58, 0xFF58, 0xFF79, 0xFFBA, 0xFF39, 0xEE76, 0xBD11, 0x5248, 0x0021,
  0x0000, 0x2104, 0xEE76, 0xFF39, 0xFF18, 0xFF18, 0xFF18, 0xFF18, 0xFEF7, 0xFF58, 0xBD52, 0x0021,
  0x0042, 0x0001, 0x2924, 0xEE76, 0xFF38, 0xFF18, 0xFF18, 0xFEF8, 0xFEF7, 0xFED7, 0xFF59, 0xC552,
  0x0042, 0x0043, 0x0002, 0x5AAA, 0xFF38, 0xFF18, 0xFEF8, 0xFF18, 0x5A8A, 0x0002, 0x0063, 0x0044,
  0x0043, 0x0023, 0x0043, 0x0043, 0x0023, 0x0023, 0x0022, 0x0002, 0x00A5, 0x0907, 0x0907, 0x0927,
  0x1127, 0x1127, 0x1147, 0x1148, 0x1147, 0x0927, 0x0927, 0x1127, 0x1147, 0x1127, 0x1127, 0x1127,
  0x1127, 0x1127, 0x1127, 0x1106, 0x1106, 0x1106, 0x0906, 0x08E6, 0x08E5, 0x1147, 0x21A9, 0x29C9,
  0x2188, 0x10E5, 0x00A5, 0x08C5, 0x08C5, 0x08A5, 0x08A5, 0x08A4, 0x08A4, 0x08A4, 0x08A4, 0x08A4,
  0x08A4, 0x0063, 0x1148, 0x7CD9, 0xBE1C, 0xDEDE, 0xBE3D, 0x10C4, 0x00A5, 0x7C36, 0xBDBA, 0xD6DE,
  0x953A, 0x4B36, 0x5B96, 0x8457, 0xC5FB, 0xD69E, 0xD6DE, 0x951A, 0x957C, 0x5CFB, 0x0841, 0x0000,
  0x2354, 0x2354, 0x0000, 0x0021, 0x0021, 0x0021, 0x0021, 0x0021, 0x0021, 0x0021, 0x0021, 0x0001,
  0x0000, 0x0841, 0x39A6, 0x6B0A, 0x940E, 0xACD0, 0xBD11, 0xBD11, 0xACB0, 0x83AC, 0x4207, 0x0021,
  0x0000, 0x0021, 0x0021, 0x0021, 0x0021, 0x0021, 0x0021, 0x0021, 0x0021, 0x0000, 0x18C3, 0x5268,
  0x5248, 0x5247, 0x5247, 0x5247, 0x5247, 0x5247, 0x5247, 0x41E6, 0x0021, 0x0001, 0x0021, 0x0021,
  0x0021, 0x0001, 0x0841, 0x4A07, 0x5247, 0x5247, 0x5227, 0x5227, 0x5227, 0x5247, 0x4A27, 0x5247,
  0x18C3, 0x0000, 0x0021, 0x0021, 0x0021, 0x0000, 0x0000, 0x2924, 0x4A27, 0x5248, 0x5227, 0x4A07,
  0x3165, 0x0841, 0x4A07, 0x4A27, 0x5227, 0x5227, 0x5247, 0x5227, 0x5227, 0x5227, 0x4A27, 0x4A27,
  0x4A27, 0x4A07, 0x4A27, 0x4A27, 0x5227, 0x5248, 0x2924, 0x0000, 0x0021, 0x0021, 0x0021, 0x0021,
  0x0001, 0x18C3, 0x5248, 0x4A27, 0x5248, 0x5227, 0x5227, 0x5227, 0x5227, 0x5247, 0x39C6, 0x0021,
  0x0021, 0x0021, 0x0021, 0x0021, 0x0021, 0x0021, 0x0021, 0x0021, 0x0021, 0x0000, 0x0000, 0x18E3,
  0x5AA9, 0x8C0E, 0xACB0, 0xB4D0, 0xB4F1, 0xACB0, 0x83CD, 0x5A89, 0x2104, 0x0000, 0x0000, 0x0021,
  0x0021, 0x0862, 0x4A27, 0x5248, 0x5248, 0x5248, 0x5248, 0x5248, 0x5228, 0x4A27, 0x3185, 0x0021,
  0x0022, 0x0022, 0x0883, 0x4A28, 0x5248, 0x5248, 0x5248, 0x5248, 0x4A28, 0x4A28, 0x4A28, 0x39A6,
  0x0043, 0x0043, 0x0043, 0x0001, 0x5248, 0xB4F1, 0xB4F1, 0x5269, 0x0002, 0x0043, 0x0084, 0x08C5,
  0x08C5, 0x08C5, 0x0064, 0x0043, 0x0043, 0x0023, 0x0064, 0x00A5, 0x0907, 0x0907, 0x0927, 0x1127,
  0x1127, 0x1127, 0x1147, 0x1147, 0x1127, 0x1127, 0x1127, 0x1127, 0x1127, 0x1107, 0x1106, 0x1106,
  0x1106, 0x1106, 0x1106, 0x1106, 0x1106, 0x08E6, 0x08E5, 0x1947, 0x2188, 0x21C9, 0x29C9, 0x29C9,
  0x29C9, 0x29A8, 0x1106, 0x00A4, 0x00A4, 0x00A4, 0x08A4, 0x00A4, 0x08A4, 0x08A4, 0x08A4, 0x08A4,
  0x08A4, 0x0884, 0x08A5, 0x7C57, 0xBDDC, 0xCE7D, 0xBE3D, 0x2147, 0x0043, 0x6BD5, 0xBDBA, 0xD6BE,
  0xADBB, 0x4B36, 0x5B75, 0x6BF5, 0xBDDB, 0xCE7E, 0xD6DE, 0x9D3A, 0x9D7C, 0x657E, 0x08A4, 0x0000,
  0x2BD7, 0x1AB0, 0x0000, 0x0021, 0x0021, 0x0001, 0x0001, 0x0021, 0x0021, 0x0021, 0x0021, 0x0021,
  0x0021, 0x0001, 0x0000, 0x0000, 0x0000, 0x0000, 0x0000, 0x0000, 0x0000, 0x0000, 0x0000, 0x0001,
  0x0021, 0x0021, 0x0021, 0x0021, 0x0021, 0x0021, 0x0021, 0x0021, 0x0021, 0x0021, 0x0000, 0x0000,
  0x0000, 0x0000, 0x0000, 0x0000, 0x0000, 0x0000, 0x0000, 0x0000, 0x0001, 0x0021, 0x0021, 0x0021,
  0x0021, 0x0021, 0x0001, 0x0000, 0x0000, 0x0000, 0x0000, 0x0000, 0x0000, 0x0000, 0x0000, 0x0000,
  0x0000, 0x0021, 0x0021, 0x0021, 0x0021, 0x0021, 0x0021, 0x0000, 0x0000, 0x0000, 0x0000, 0x0000,
  0x0000, 0x0001, 0x0000, 0x0000, 0x0000, 0x0000, 0x0000, 0x0000, 0x0000, 0x0000, 0x0000, 0x0000,
  0x0000, 0x0000, 0x0000, 0x0000, 0x0000, 0x0000, 0x0000, 0x0021, 0x0021, 0x0021, 0x0021, 0x0021,
  0x0021, 0x0000, 0x0000, 0x0000, 0x0000, 0x0000, 0x0000, 0x0000, 0x0000, 0x0000, 0x0000, 0x0021,
  0x0021, 0x0021, 0x0021, 0x0021, 0x0021, 0x0021, 0x0021, 0x0021, 0x0021, 0x0021, 0x0021, 0x0000,
  0x0000, 0x0000, 0x0000, 0x0000, 0x0000, 0x0000, 0x0000, 0x0000, 0x0000, 0x0021, 0x0021, 0x0021,
  0x0021, 0x0001, 0x0000, 0x0000, 0x0000, 0x0000, 0x0000, 0x0000, 0x0000, 0x0000, 0x0001, 0x0022,
  0x0022, 0x0022, 0x0022, 0x0001, 0x0001, 0x0001, 0x0001, 0x0001, 0x0001, 0x0001, 0x0001, 0x0001,
  0x0043, 0x0043, 0x0043, 0x0043, 0x0001, 0x0001, 0x0002, 0x0002, 0x0043, 0x0084, 0x08E6, 0x08E6,
  0x08E6, 0x08E6, 0x08E6, 0x08C5, 0x0044, 0x0064, 0x0907, 0x1127, 0x0927, 0x0907, 0x0907, 0x0907,
  0x0927, 0x1147, 0x1147, 0x1147, 0x1127, 0x1127, 0x0907, 0x0907, 0x0906, 0x08E6, 0x08E6, 0x08E6,
  0x0906, 0x0906, 0x0906, 0x0906, 0x08E6, 0x08E6, 0x1968, 0x29C9, 0x29CA, 0x29C9, 0x29C9, 0x29C9,
  0x29C9, 0x29A8, 0x21A8, 0x1106, 0x08C5, 0x1926, 0x2167, 0x1106, 0x0084, 0x08A4, 0x00A4, 0x00A4,
  0x0084, 0x08A4, 0x0043, 0x4B13, 0xAD9B, 0xC63D, 0xC67F, 0x3A4C, 0x0002, 0x6394, 0xBDBA, 0xD6BE,
  0xBE3D, 0x5356, 0x5334, 0x5B94, 0xBDBB, 0xCE7E, 0xD6DE, 0xA57B, 0x9D5B, 0x6DBF, 0x1126, 0x0000,
  0x2C39, 0x122D, 0x0000, 0x0021, 0x0021, 0x0021, 0x0001, 0x0021, 0x0021, 0x0021, 0x0021, 0x0021,
  0x0021, 0x0021, 0x0021, 0x0021, 0x0021, 0x0021, 0x0021, 0x0021, 0x0021, 0x0021, 0x0021, 0x0021,
  0x0021, 0x0021, 0x0021, 0x0021, 0x0021, 0x0021, 0x0021, 0x0001, 0x0021, 0x0021, 0x0021, 0x0021,
  0x0021, 0x0021, 0x0021, 0x0021, 0x0021, 0x0021, 0x0021, 0x0021, 0x0021, 0x0001, 0x0021, 0x0021,
  0x0021, 0x0021, 0x0021, 0x0021, 0x0021, 0x0021, 0x0021, 0x0021, 0x0021, 0x0021, 0x0021, 0x0021,
  0x0021, 0x0021, 0x0021, 0x0021, 0x0021, 0x0021, 0x0021, 0x0021, 0x0021, 0x0021, 0x0021, 0x0021,
  0x0021, 0x0021, 0x0021, 0x0021, 0x0021, 0x0021, 0x0021, 0x0021, 0x0021, 0x0021, 0x0021, 0x0021,
  0x0021, 0x0021, 0x0021, 0x0021, 0x0021, 0x0021, 0x0021, 0x0021, 0x0021, 0x0021, 0x0021, 0x0021,
  0x0021, 0x0021, 0x0021, 0x0021, 0x0021, 0x0021, 0x0021, 0x0021, 0x0021, 0x0021, 0x0021, 0x0021,
  0x0021, 0x0021, 0x0021, 0x0021, 0x0021, 0x0021, 0x0021, 0x0021, 0x0021, 0x0021, 0x0021, 0x0021,
  0x0021, 0x0021, 0x0021, 0x0021, 0x0021, 0x0021, 0x0041, 0x0041, 0x0021, 0x0021, 0x0021, 0x0021,
  0x0021, 0x0021, 0x0042, 0x0022, 0x0042, 0x0042, 0x0042, 0x0042, 0x0042, 0x0042, 0x0042, 0x0022,
  0x0022, 0x0022, 0x0042, 0x0042, 0x0043, 0x0043, 0x0043, 0x0043, 0x0043, 0x0043, 0x0063, 0x0043,
  0x0043, 0x0043, 0x0043, 0x0043, 0x0063, 0x0043, 0x0043, 0x0064, 0x00A5, 0x08E6, 0x08E6, 0x08E6,
  0x08E6, 0x08E6, 0x0906, 0x08E6, 0x08E6, 0x0907, 0x1127, 0x1127, 0x0927, 0x0907, 0x0907, 0x0907,
  0x1127, 0x1147, 0x1147, 0x1127, 0x0907, 0x0906, 0x0906, 0x08E6, 0x08C6, 0x08E6, 0x08E6, 0x08E6,
  0x08E6, 0x08E6, 0x08E5, 0x08C5, 0x08C5, 0x1107, 0x21A9, 0x29C9, 0x29C9, 0x29C9, 0x29C9, 0x29A8,
  0x29A8, 0x2188, 0x2188, 0x2188, 0x2167, 0x2167, 0x2167, 0x2167, 0x08C5, 0x0084, 0x0084, 0x0084,
  0x0083, 0x0084, 0x0063, 0x322E, 0xA55B, 0xC61C, 0xCEBF, 0x6372, 0x0001, 0x4B12, 0xB5BA, 0xD69E,
  0xCE7E, 0x5B97, 0x5355, 0x5333, 0xB5BA, 0xCE7D, 0xDEFF, 0xADBC, 0x9D3B, 0x75BF, 0x1968, 0x0000,
  0x349B, 0x11AB, 0x0000, 0x0021, 0x0021, 0x0021, 0x0021, 0x0021, 0x0021, 0x0021, 0x0021, 0x0021,
  0x0021, 0x0021, 0x0021, 0x0021, 0x0021, 0x0021, 0x0021, 0x0021, 0x0021, 0x0021, 0x0021, 0x0021,
  0x0021, 0x0021, 0x0021, 0x0021, 0x0021, 0x0021, 0x0021, 0x0021, 0x0021, 0x0021, 0x0021, 0x0021,
  0x0001, 0x0021, 0x0021, 0x0001, 0x0021, 0x0021, 0x0021, 0x0021, 0x0021, 0x0021, 0x0021, 0x0021,
  0x0021, 0x0001, 0x0021, 0x0021, 0x0021, 0x0021, 0x0021, 0x0021, 0x0021, 0x0021, 0x0021, 0x0021,
  0x0021, 0x0021, 0x0021, 0x0021, 0x0021, 0x0021, 0x0021, 0x0021, 0x0021, 0x0021, 0x0021, 0x0021,
  0x0021, 0x0021, 0x0021, 0x0021, 0x0021, 0x0021, 0x0021, 0x0021, 0x0021, 0x0021, 0x0021, 0x0021,
  0x0021, 0x0021, 0x0021, 0x0021, 0x0021, 0x0021, 0x0021, 0x0021, 0x0021, 0x0021, 0x0021, 0x0021,
  0x0021, 0x0021, 0x0021, 0x0021, 0x0021, 0x0021, 0x0021, 0x0021, 0x0021, 0x0021, 0x0021, 0x0021,
  0x0021, 0x0021, 0x0021, 0x0021, 0x0021, 0x0021, 0x0021, 0x0021, 0x0021, 0x0021, 0x0021, 0x0021,
  0x0021, 0x0021, 0x0021, 0x0021, 0x0001, 0x0021, 0x0021, 0x0021, 0x0021, 0x0021, 0x0021, 0x0021,
  0x0021, 0x0021, 0x0021, 0x0021, 0x0021, 0x0021, 0x0022, 0x0022, 0x0022, 0x0022, 0x0022, 0x0022,
  0x0042, 0x0022, 0x0022, 0x0042, 0x0042, 0x0042, 0x0042, 0x0043, 0x0043, 0x0043, 0x0043, 0x0043,
  0x0043, 0x0043, 0x0043, 0x0043, 0x0043, 0x0043, 0x0063, 0x00C5, 0x08E6, 0x08E6, 0x08E6, 0x08E6,
  0x08E6, 0x0906, 0x08E6, 0x08E6, 0x1127, 0x1127, 0x1127, 0x0907, 0x0907, 0x0907, 0x0907, 0x0907,
  0x0927, 0x1127, 0x1127, 0x0907, 0x0907, 0x1107, 0x08E6, 0x08E6, 0x08E6, 0x08E6, 0x08E6, 0x08E6,
  0x08E5, 0x08E5, 0x1106, 0x1106, 0x10E6, 0x1969, 0x29C9, 0x29C9, 0x21A9, 0x29C9, 0x29A9, 0x29A8,
  0x2988, 0x2188, 0x2167, 0x2167, 0x1947, 0x1947, 0x1947, 0x1926, 0x1926, 0x08C5, 0x0084, 0x08A4,
  0x08A4, 0x00A4, 0x0063, 0x116A, 0x8CB9, 0xBDFB, 0xD6DF, 0x8CB7, 0x0002, 0x3AB1, 0xAD7A, 0xCE5D,
  0xCE7E, 0x63D8, 0x5B55, 0x4B13, 0xB59A, 0xCE7E, 0xDEFE, 0xB5FC, 0xA53B, 0x75BF, 0x19EB, 0x0000,
  0x3CFD, 0x1148, 0x0000, 0x0021, 0x0021, 0x0021, 0x0021, 0x0021, 0x0021, 0x0021, 0x0021, 0x0021,
  0x0001, 0x0001, 0x0021, 0x0021, 0x0021, 0x0021, 0x0021, 0x0021, 0x0021, 0x0021, 0x0021, 0x0021,
  0x0021, 0x0021, 0x0021, 0x0021, 0x0021, 0x0021, 0x0021, 0x0021, 0x0021, 0x0021, 0x0021, 0x0021,
  0x0021, 0x0021, 0x0021, 0x0021, 0x0021, 0x0021, 0x0021, 0x0021, 0x0001, 0x0021, 0x0021, 0x0021,
  0x0021, 0x0001, 0x0021, 0x0021, 0x0021, 0x0021, 0x0021, 0x0021, 0x0021, 0x0021, 0x0021, 0x0021,
  0x0021, 0x0021, 0x0021, 0x0021, 0x0021, 0x0021, 0x0021, 0x0021, 0x0021, 0x0021, 0x0021, 0x0021,
  0x0021, 0x0021, 0x0021, 0x0021, 0x0021, 0x0021, 0x0021, 0x0021, 0x0021, 0x0021, 0x0021, 0x0021,
  0x0021, 0x0021, 0x0021, 0x0021, 0x0021, 0x0021, 0x0021, 0x0021, 0x0021, 0x0001, 0x0021, 0x0021,
  0x0021, 0x0021, 0x0021, 0x0021, 0x0021, 0x0021, 0x0021, 0x0021, 0x0021, 0x0021, 0x0021, 0x0021,
  0x0021, 0x0021, 0x0021, 0x0021, 0x0021, 0x0021, 0x0021, 0x0021, 0x0021, 0x0021, 0x0021, 0x0021,
  0x0021, 0x0021, 0x0021, 0x0021, 0x0021, 0x0021, 0x0021, 0x0021, 0x0021, 0x0021, 0x0021, 0x0021,
  0x0021, 0x0021, 0x0021, 0x0022, 0x0022, 0x0022, 0x0022, 0x0022, 0x0022, 0x0022, 0x0022, 0x0022,
  0x0042, 0x0042, 0x0042, 0x0042, 0x0042, 0x0043, 0x0043, 0x0043, 0x0043, 0x0043, 0x0043, 0x0043,
  0x0043, 0x0064, 0x0064, 0x0043, 0x0023, 0x0084, 0x08C5, 0x08C6, 0x08E6, 0x08E6, 0x08E6, 0x0906,
  0x0906, 0x08E6, 0x08E6, 0x0907, 0x1127, 0x1127, 0x1127, 0x1127, 0x0927, 0x0907, 0x0907, 0x0927,
  0x0907, 0x0907, 0x0907, 0x0906, 0x0906, 0x08E6, 0x08E6, 0x08E6, 0x00C5, 0x08C5, 0x08C5, 0x08C5,
  0x00A5, 0x1106, 0x29A9, 0x29A9, 0x1989, 0x21A9, 0x29A9, 0x2188, 0x2188, 0x29A8, 0x2988, 0x2188,
  0x2167, 0x2167, 0x2167, 0x1947, 0x1926, 0x1926, 0x1926, 0x1926, 0x1926, 0x1926, 0x1105, 0x10E5,
  0x10E5, 0x10E5, 0x08A4, 0x00C6, 0x7C58, 0xC5FB, 0xD6BE, 0xADDB, 0x0884, 0x2A0E, 0x9D19, 0xCE3C,
  0xD69F, 0x7439, 0x5B96, 0x5334, 0xAD7A, 0xCE7D, 0xDEFE, 0xBE1D, 0x9D1A, 0x7DDF, 0x224D, 0x0000,
  0x3CDD, 0x0906, 0x0000, 0x0021, 0x0021, 0x0021, 0x0021, 0x0021, 0x0021, 0x0021, 0x0021, 0x0021,
  0x0021, 0x0021, 0x0021, 0x0021, 0x0021, 0x0021, 0x0021, 0x0021, 0x0021, 0x0021, 0x0021, 0x0021,
  0x0021, 0x0021, 0x0021, 0x0021, 0x0021, 0x0021, 0x0021, 0x0021, 0x0021, 0x0021, 0x0021, 0x0021,
  0x0021, 0x0021, 0x0021, 0x0021, 0x0021, 0x0021, 0x0021, 0x0021, 0x0021, 0x0021, 0x0021, 0x0021,
  0x0021, 0x0021, 0x0021, 0x0021, 0x0021, 0x0021, 0x0021, 0x0021, 0x0021, 0x0021, 0x0021, 0x0021,
  0x0021, 0x0021, 0x0021, 0x0021, 0x0021, 0x0021, 0x0021, 0x0021, 0x0021, 0x0021, 0x0021, 0x0021,
  0x0021, 0x0021, 0x0021, 0x0021, 0x0021, 0x0021, 0x0021, 0x0021, 0x0021, 0x0021, 0x0021, 0x0021,
  0x0021, 0x0021, 0x0021, 0x0021, 0x0021, 0x0021, 0x0021, 0x0021, 0x0021, 0x0021, 0x0021, 0x0021,
  0x0021, 0x0021, 0x0021, 0x0021, 0x0021, 0x0021, 0x0021, 0x0021, 0x0021, 0x0021, 0x0021, 0x0021,
  0x0021, 0x0021, 0x0021, 0x0021, 0x0021, 0x0021, 0x0021, 0x0021, 0x0021, 0x0021, 0x0021, 0x0021,
  0x0021, 0x0021, 0x0021, 0x0021, 0x0021, 0x0021, 0x0021, 0x0021, 0x0021, 0x0021, 0x0021, 0x0021,
  0x0021, 0x0021, 0x0022, 0x0022, 0x0022, 0x0022, 0x0022, 0x0022, 0x0022, 0x0022, 0x0042, 0x0042,
  0x0042, 0x0042, 0x0042, 0x0042, 0x0043, 0x0043, 0x0043, 0x0043, 0x0043, 0x0043, 0x0043, 0x0043,
  0x0084, 0x08C5, 0x08C5, 0x00A5, 0x0084, 0x08C5, 0x08E6, 0x08E6, 0x08E6, 0x08E6, 0x08E6, 0x08E6,
  0x08E6, 0x08E6, 0x0907, 0x1127, 0x1127, 0x1127, 0x1127, 0x1127, 0x1127, 0x1127, 0x1107, 0x0906,
  0x0906, 0x0906, 0x08E6, 0x08E6, 0x08E6, 0x08E6, 0x08C5, 0x08C5, 0x08C5, 0x00C5, 0x00A5, 0x00A5,
  0x08C5, 0x1968, 0x29A8, 0x2188, 0x1968, 0x2188, 0x2188, 0x2188, 0x2188, 0x2167, 0x2167, 0x2167,
  0x2167, 0x1947, 0x1946, 0x2167, 0x1906, 0x1106, 0x1106, 0x1106, 0x1106, 0x1106, 0x1105, 0x10E5,
  0x10E5, 0x10E5, 0x10E5, 0x0884, 0x63B5, 0xC5FC, 0xCE7D, 0xC67E, 0x2189, 0x118C, 0x94D9, 0xC61C,
  0xD6BF, 0x8499, 0x6BD6, 0x5354, 0xA559, 0xCE5D, 0xD6BE, 0xBE3D, 0xA53A, 0x7DDF, 0x2AD0, 0x0000,
  0x3C9B, 0x08C4, 0x0000, 0x0021, 0x0021, 0x0021, 0x0021, 0x0021, 0x0021, 0x0021, 0x0021, 0x0021,
  0x0021, 0x0021, 0x0021, 0x0021, 0x0021, 0x0021, 0x0021, 0x0021, 0x0021, 0x0021, 0x0021, 0x0021,
  0x0021, 0x0021, 0x0021, 0x0021, 0x0021, 0x0021, 0x0021, 0x0021, 0x0021, 0x0021, 0x0021, 0x0021,
  0x0021, 0x0021, 0x0021, 0x0021, 0x0021, 0x0021, 0x0021, 0x0021, 0x0021, 0x0021, 0x0021, 0x0021,
  0x0021, 0x0021, 0x0021, 0x0021, 0x0021, 0x0021, 0x0021, 0x0021, 0x0021, 0x0021, 0x0021, 0x0021,
  0x0021, 0x0021, 0x0021, 0x0021, 0x0021, 0x0021, 0x0021, 0x0021, 0x0021, 0x0021, 0x0021, 0x0021,
  0x0021, 0x0021, 0x0021, 0x0021, 0x0021, 0x0021, 0x0021, 0x0021, 0x0021, 0x0021, 0x0001, 0x0021,
  0x0021, 0x0001, 0x0021, 0x0021, 0x0021, 0x0021, 0x0021, 0x0021, 0x0021, 0x0021, 0x0021, 0x0021,
  0x0021, 0x0021, 0x0021, 0x0021, 0x0021, 0x0001, 0x0021, 0x0021, 0x0021, 0x0021, 0x0021, 0x0021,
  0x0021, 0x0021, 0x0021, 0x0021, 0x0021, 0x0021, 0x0021, 0x0021, 0x0021, 0x0021, 0x0021, 0x0021,
  0x0021, 0x0021, 0x0021, 0x0021, 0x0021, 0x0021, 0x0021, 0x0021, 0x0021, 0x0021, 0x0021, 0x0021,
  0x0021, 0x0022, 0x0022, 0x0022, 0x0022, 0x0022, 0x0022, 0x0022, 0x0022, 0x0022, 0x0042, 0x0042,
  0x0042, 0x0042, 0x0042, 0x0042, 0x0043, 0x0043, 0x0043, 0x0043, 0x0043, 0x0043, 0x0084, 0x08C5,
  0x08E6, 0x08E6, 0x08E6, 0x08E6, 0x08E6, 0x08E6, 0x08E6, 0x08E6, 0x08E6, 0x08E6, 0x08E6, 0x08E6,
  0x08E6, 0x0906, 0x1127, 0x1127, 0x0907, 0x0907, 0x0927, 0x1127, 0x1127, 0x1127, 0x0906, 0x08E6,
  0x08E6, 0x08E6, 0x08E6, 0x08C6, 0x08C6, 0x08C6, 0x00C5, 0x00A4, 0x00A5, 0x00A5, 0x00A5, 0x00A5,
  0x1127, 0x2168, 0x2168, 0x1947, 0x1947, 0x1968, 0x1968, 0x2168, 0x2167, 0x1947, 0x1947, 0x1947,
  0x1926, 0x1926, 0x1906, 0x322A, 0x1906, 0x10E5, 0x10E5, 0x10E5, 0x1105, 0x10E5, 0x10E5, 0x10E5,
  0x10E5, 0x10E5, 0x10E5, 0x0883, 0x4AF1, 0xB5BB, 0xCE5C, 0xD6BF, 0x4ACF, 0x118F, 0x8477, 0xBDDB,
  0xD6BF, 0x94FA, 0x73F7, 0x4B34, 0xA539, 0xC65D, 0xD6BE, 0xBE1D, 0xA51A, 0x8DFF, 0x3B52, 0x0000,
  0x3C7A, 0x0883, 0x0000, 0x0021, 0x0021, 0x0021, 0x0021, 0x0021, 0x0021, 0x0021, 0x0021, 0x0021,
  0x0021, 0x0021, 0x0021, 0x0021, 0x0021, 0x0021, 0x0021, 0x0021, 0x0021, 0x0021, 0x0021, 0x0021,
  0x0021, 0x0021, 0x0021, 0x0021, 0x0021, 0x0021, 0x0021, 0x0021, 0x0021, 0x0021, 0x0021, 0x0021,
  0x0021, 0x0021, 0x0021, 0x0021, 0x0021, 0x0021, 0x0021, 0x0021, 0x0021, 0x0021, 0x0021, 0x0001,
  0x0021, 0x0021, 0x0021, 0x0021, 0x0021, 0x0021, 0x0021, 0x0021, 0x0021, 0x0021, 0x0021, 0x0021,
  0x0021, 0x0021, 0x0021, 0x0021, 0x0021, 0x0021, 0x0021, 0x0021, 0x0021, 0x0021, 0x0021, 0x0021,
  0x0021, 0x0021, 0x0021, 0x0021, 0x0021, 0x0021, 0x0021, 0x0021, 0x0021, 0x0021, 0x0021, 0x0001,
  0x0021, 0x0001, 0x0021, 0x0021, 0x0021, 0x0021, 0x0021, 0x0021, 0x0021, 0x0021, 0x0021, 0x0021,
  0x0021, 0x0021, 0x0021, 0x0021, 0x0021, 0x0021, 0x0001, 0x0021, 0x0021, 0x0021, 0x0021, 0x0021,
  0x0021, 0x0021, 0x0021, 0x0021, 0x0021, 0x0021, 0x0021, 0x0021, 0x0021, 0x0021, 0x0021, 0x0021,
  0x0001, 0x0021, 0x0021, 0x0021, 0x0021, 0x0021, 0x0021, 0x0021, 0x0021, 0x0021, 0x0021, 0x0021,
  0x0022, 0x0022, 0x0022, 0x0022, 0x0022, 0x0022, 0x0022, 0x0022, 0x0042, 0x0042, 0x0042, 0x0042,
  0x0042, 0x0042, 0x0043, 0x0043, 0x0042, 0x0043, 0x0043, 0x0043, 0x0043, 0x0084, 0x08E6, 0x08E6,
  0x08E6, 0x08E6, 0x08E6, 0x08E6, 0x08E6, 0x08E6, 0x08C6, 0x08C6, 0x08E6, 0x08E6, 0x08E6, 0x08E6,
  0x0906, 0x1107, 0x1107, 0x0907, 0x0907, 0x0906, 0x0906, 0x1107, 0x1107, 0x0907, 0x08E6, 0x08E6,
  0x08C5, 0x08C5, 0x08C5, 0x08C5, 0x00C5, 0x00A5, 0x00A5, 0x08E6, 0x08C5, 0x00A5, 0x00A5, 0x1106,
  0x1947, 0x1927, 0x1927, 0x1947, 0x1947, 0x1947, 0x1947, 0x1947, 0x1947, 0x1927, 0x1926, 0x1106,
  0x1106, 0x1906, 0x1126, 0x532E, 0x1906, 0x10E5, 0x10E5, 0x10C5, 0x10E5, 0x10E5, 0x10E5, 0x10E5,
  0x10E5, 0x10C5, 0x10C5, 0x0883, 0x320D, 0xA55B, 0xC63C, 0xD6DF, 0x7416, 0x1190, 0x7416, 0xBDDB,
  0xD6BF, 0xA59B, 0x7C37, 0x4B13, 0x9CF9, 0xC63D, 0xD69E, 0xBE3D, 0x9CFA, 0x961F, 0x3B94, 0x0000,
  0x3C59, 0x0062, 0x0001, 0x0021, 0x0021, 0x0021, 0x0021, 0x0021, 0x0021, 0x0021, 0x0021, 0x0021,
  0x0021, 0x0001, 0x0021, 0x0021, 0x0021, 0x0021, 0x0021, 0x0021, 0x0021, 0x0021, 0x0021, 0x0021,
  0x0021, 0x0021, 0x0021, 0x0021, 0x0021, 0x0021, 0x0021, 0x0021, 0x0001, 0x0021, 0x0021, 0x0021,
  0x0021, 0x0021, 0x0021, 0x0021, 0x0021, 0x0021, 0x0021, 0x0021, 0x0021, 0x0001, 0x0021, 0x0001,
  0x0021, 0x0021, 0x0021, 0x0021, 0x0021, 0x0021, 0x0021, 0x0021, 0x0021, 0x0021, 0x0021, 0x0021,
  0x0021, 0x0021, 0x0021, 0x0021, 0x0021, 0x0021, 0x0021, 0x0021, 0x0021, 0x0021, 0x0021, 0x0021,
  0x0021, 0x0021, 0x0021, 0x0021, 0x0021, 0x0021, 0x0021, 0x0021, 0x0021, 0x0021, 0x0021, 0x0021,
  0x0021, 0x0021, 0x0021, 0x0021, 0x0021, 0x0021, 0x0021, 0x0021, 0x0021, 0x0021, 0x0021, 0x0021,
  0x0021, 0x0021, 0x0001, 0x0021, 0x0021, 0x0021, 0x0021, 0x0021, 0x0021, 0x0021, 0x0021, 0x0021,
  0x0021, 0x0021, 0x0021, 0x0021, 0x0021, 0x0021, 0x0021, 0x0021, 0x0021, 0x0021, 0x0021, 0x0021,
  0x0021, 0x0021, 0x0021, 0x0021, 0x0021, 0x0021, 0x0021, 0x0021, 0x0021, 0x0021, 0x0021, 0x0021,
  0x0022, 0x0022, 0x0022, 0x0022, 0x0022, 0x0022, 0x0022, 0x0022, 0x0042, 0x0042, 0x0042, 0x0022,
  0x0043, 0x0084, 0x08A4, 0x00A4, 0x0064, 0x0043, 0x0023, 0x0043, 0x0084, 0x08E5, 0x08E6, 0x08E6,
  0x08E6, 0x08E6, 0x08E6, 0x08C6, 0x00C6, 0x00A5, 0x00C5, 0x08E6, 0x08E6, 0x08E6, 0x08E6, 0x08E6,
  0x0906, 0x0906, 0x0906, 0x0906, 0x08E6, 0x08E6, 0x08E6, 0x08E6, 0x08E6, 0x08E6, 0x08E6, 0x08C5,
  0x08C5, 0x00A5, 0x00A5, 0x00A5, 0x0084, 0x1128, 0x21CB, 0x3A4C, 0x3A4C, 0x1948, 0x1106, 0x1106,
  0x1106, 0x1106, 0x1106, 0x1127, 0x1926, 0x1926, 0x1926, 0x1926, 0x1106, 0x1106, 0x1106, 0x1106,
  0x1105, 0x08C5, 0x29EA, 0x7412, 0x424A, 0x0083, 0x10E5, 0x08C5, 0x08C5, 0x08C5, 0x08C5, 0x08C5,
  0x08C4, 0x08A4, 0x08A3, 0x08A5, 0x196B, 0x94DA, 0xC63C, 0xDEFF, 0xA57B, 0x19D1, 0x6BD6, 0xBDDB,
  0xDEDE, 0xBE3D, 0x8478, 0x4B13, 0x8CB8, 0xC61C, 0xCE9E, 0xC65D, 0xA53A, 0x961F, 0x43D5, 0x0000,
  0x3418, 0x0042, 0x0001, 0x0021, 0x0021, 0x0021, 0x0021, 0x0021, 0x0021, 0x0021, 0x0021, 0x0021,
  0x0021, 0x0021, 0x0021, 0x0021, 0x0021, 0x0021, 0x0021, 0x0021, 0x0021, 0x0021, 0x0021, 0x0021,
  0x0021, 0x0021, 0x0021, 0x0021, 0x0021, 0x0021, 0x0021, 0x0021, 0x0021, 0x0021, 0x0021, 0x0021,
  0x0021, 0x0021, 0x0021, 0x0021, 0x0021, 0x0021, 0x0021, 0x0021, 0x0021, 0x0021, 0x0021, 0x0021,
  0x0021, 0x0021, 0x0021, 0x0021, 0x0021, 0x0021, 0x0021, 0x0021, 0x0021, 0x0021, 0x0021, 0x0021,
  0x0021, 0x0021, 0x0021, 0x0021, 0x0021, 0x0021, 0x0021, 0x0021, 0x0021, 0x0021, 0x0021, 0x0021,
  0x0021, 0x0021, 0x0021, 0x0021, 0x0021, 0x0021, 0x0021, 0x0001, 0x0021, 0x0021, 0x0001, 0x0021,
  0x0021, 0x0021, 0x0021, 0x0021, 0x0021, 0x0021, 0x0021, 0x0021, 0x0021, 0x0021, 0x0021, 0x0021,
  0x0021, 0x0021, 0x0021, 0x0021, 0x0021, 0x0021, 0x0021, 0x0021, 0x0021, 0x0021, 0x0021, 0x0021,
  0x0021, 0x0021, 0x0021, 0x0021, 0x0021, 0x0021, 0x0021, 0x0021, 0x0021, 0x0021, 0x0021, 0x0021,
  0x0021, 0x0021, 0x0021, 0x0021, 0x0021, 0x0021, 0x0021, 0x0021, 0x0021, 0x0021, 0x0021, 0x0022,
  0x0022, 0x0022, 0x0022, 0x0022, 0x0022, 0x0022, 0x0022, 0x0042, 0x0042, 0x0042, 0x0022, 0x0063,
  0x08A4, 0x08A4, 0x08A4, 0x08A4, 0x08C5, 0x00A4, 0x0084, 0x08A5, 0x08E5, 0x08C5, 0x08C5, 0x08C6,
  0x08C6, 0x08C5, 0x00C5, 0x00A5, 0x00A5, 0x00A5, 0x08C5, 0x08C6, 0x08C6, 0x08C6, 0x08C6, 0x08E6,
  0x08E6, 0x08E6, 0x08E6, 0x08E6, 0x08C6, 0x08C6, 0x08C6, 0x08C6, 0x08C5, 0x08C5, 0x08C5, 0x00C5,
  0x00A5, 0x00A5, 0x0084, 0x0084, 0x1149, 0x2A0C, 0x3A4D, 0x426C, 0x428C, 0x426C, 0x3A4B, 0x1947,
  0x1106, 0x1106, 0x1106, 0x1106, 0x1106, 0x1106, 0x1106, 0x1106, 0x10E5, 0x10E5, 0x10E5, 0x10E5,
  0x08C4, 0x31E9, 0x4AEE, 0x73D0, 0x8452, 0x426B, 0x08A4, 0x08C4, 0x10C4, 0x08C4, 0x08C5, 0x08C4,
  0x08A4, 0x08A5, 0x1129, 0x19AE, 0x19CF, 0x7C57, 0xC61C, 0xDEDE, 0xC65D, 0x2A32, 0x5B74, 0xBDDB,
  0xCE9D, 0xC69D, 0x94D9, 0x4B34, 0x8478, 0xBDFC, 0xD6BE, 0xCE7E, 0xA55A, 0x95FF, 0x43F6, 0x0000,
  0x33F8, 0x0021, 0x0001, 0x0021, 0x0021, 0x0021, 0x0021, 0x0021, 0x0021, 0x0021, 0x0021, 0x0001,
  0x0021, 0x0021, 0x0021, 0x0021, 0x0021, 0x0021, 0x0021, 0x0021, 0x0021, 0x0021, 0x0021, 0x0021,
  0x0021, 0x0021, 0x0021, 0x0021, 0x0021, 0x0021, 0x0021, 0x0021, 0x0021, 0x0021, 0x0021, 0x0021,
  0x0021, 0x0021, 0x0021, 0x0021, 0x0021, 0x0021, 0x0021, 0x0021, 0x0021, 0x0021, 0x0021, 0x0021,
  0x0021, 0x0021, 0x0021, 0x0021, 0x0021, 0x0021, 0x0021, 0x0021, 0x0021, 0x0021, 0x0021, 0x0021,
  0x0021, 0x0021, 0x0021, 0x0021, 0x0021, 0x0021, 0x0021, 0x0021, 0x0021, 0x0021, 0x0021, 0x0021,
  0x0021, 0x0001, 0x0021, 0x0021, 0x0021, 0x0021, 0x0021, 0x0021, 0x0021, 0x0021, 0x0001, 0x0021,
  0x0021, 0x0021, 0x0021, 0x0021, 0x0021, 0x0021, 0x0021, 0x0021, 0x0021, 0x0021, 0x0021, 0x0021,
  0x0021, 0x0021, 0x0021, 0x0021, 0x0021, 0x0021, 0x0021, 0x0021, 0x0021, 0x0021, 0x0021, 0x0021,
  0x0021, 0x0021, 0x0021, 0x0021, 0x0021, 0x0021, 0x0021, 0x0021, 0x0021, 0x0021, 0x0021, 0x0021,
  0x0021, 0x0021, 0x0021, 0x0021, 0x0021, 0x0021, 0x0021, 0x0021, 0x0021, 0x0021, 0x0021, 0x0022,
  0x0022, 0x0022, 0x0022, 0x0022, 0x0022, 0x0022, 0x0042, 0x0042, 0x0042, 0x0042, 0x0063, 0x08A4,
  0x08A4, 0x08A4, 0x08A4, 0x08C5, 0x08C5, 0x08E5, 0x08E6, 0x0906, 0x08E6, 0x08C5, 0x00C5, 0x00C5,
  0x00C5, 0x00C5, 0x00C5, 0x00A5, 0x00A5, 0x00C5, 0x08C5, 0x00C5, 0x00A5, 0x00A5, 0x08C5, 0x08C5,
  0x08C6, 0x00C5, 0x00C5, 0x1106, 0x1106, 0x08E6, 0x00A5, 0x00A5, 0x00A5, 0x00A4, 0x0084, 0x00A5,
  0x00A5, 0x0085, 0x1948, 0x1969, 0x2A0C, 0x3A4C, 0x3A6C, 0x426C, 0x426C, 0x426C, 0x426C, 0x424B,
  0x29CA, 0x10E6, 0x10E5, 0x10E5, 0x10E5, 0x10E5, 0x10E5, 0x10E5, 0x10E5, 0x10C5, 0x08A4, 0x08C4,
  0x3A4B, 0x4B0F, 0x532E, 0x7C31, 0x73F0, 0x7C31, 0x5B0D, 0x10E5, 0x0063, 0x0884, 0x08A4, 0x08A4,
  0x08A5, 0x1129, 0x2A0F, 0x29EE, 0x19AD, 0x6BD6, 0xC61B, 0xD69D, 0xCE9E, 0x42F4, 0x53B4, 0xAE1B,
  0xC69D, 0xBE7D, 0x951A, 0x42D4, 0x8478, 0xBDDA, 0xCE7D, 0xD69D, 0xAD7A, 0x8DBE, 0x3C17, 0x0000,
  0x2BD7, 0x0021, 0x0021, 0x0021, 0x0021, 0x0021, 0x0021, 0x0021, 0x0021, 0x0021, 0x0021, 0x0021,
  0x0021, 0x0021, 0x0021, 0x0021, 0x0021, 0x0001, 0x0021, 0x0021, 0x0021, 0x0021, 0x0021, 0x0021,
  0x0021, 0x0021, 0x0021, 0x0021, 0x0021, 0x0021, 0x0001, 0x0021, 0x0021, 0x0021, 0x0021, 0x0021,
  0x0021, 0x0021, 0x0021, 0x0021, 0x0021, 0x0021, 0x0021, 0x0021, 0x0021, 0x0021, 0x0021, 0x0021,
  0x0021, 0x0021, 0x0021, 0x0021, 0x0021, 0x0021, 0x0021, 0x0021, 0x0021, 0x0021, 0x0021, 0x0021,
  0x0021, 0x0021, 0x0021, 0x0021, 0x0021, 0x0021, 0x0021, 0x0021, 0x0021, 0x0021, 0x0021, 0x0021,
  0x0021, 0x0021, 0x0021, 0x0021, 0x0021, 0x0021, 0x0021, 0x0021, 0x0021, 0x0021, 0x0021, 0x0021,
  0x0021, 0x0021, 0x0021, 0x0021, 0x0021, 0x0021, 0x0021, 0x0021, 0x0021, 0x0021, 0x0021, 0x0021,
  0x0021, 0x0021, 0x0021, 0x0021, 0x0021, 0x0021, 0x0021, 0x0021, 0x0021, 0x0021, 0x0021, 0x0021,
  0x0021, 0x0021, 0x0021, 0x0021, 0x0021, 0x0021, 0x0021, 0x0021, 0x0021, 0x0021, 0x0021, 0x0021,
  0x0021, 0x0021, 0x0021, 0x0021, 0x0021, 0x0021, 0x0021, 0x0021, 0x0021, 0x0021, 0x0022, 0x0022,
  0x0022, 0x0022, 0x0042, 0x0042, 0x0022, 0x0022, 0x0042, 0x0042, 0x0042, 0x0063, 0x08A4, 0x08A4,
  0x08A4, 0x08A4, 0x08A4, 0x08C5, 0x08E5, 0x08E6, 0x08E6, 0x08E6, 0x08E5, 0x08E6, 0x08C5, 0x00C5,
  0x00C5, 0x00C5, 0x00A5, 0x00A5, 0x00A5, 0x00A5, 0x00A5, 0x00A5, 0x00A4, 0x00A5, 0x00A5, 0x00A5,
  0x00A5, 0x00A5, 0x0906, 0x1947, 0x1947, 0x1947, 0x08E6, 0x00A5, 0x08C5, 0x1106, 0x00A5, 0x0084,
  0x0064, 0x1127, 0x3A4C, 0x322C, 0x322C, 0x3A2C, 0x426C, 0x4A8C, 0x426C, 0x426C, 0x424B, 0x424B,
  0x3A4B, 0x1106, 0x08C4, 0x08C5, 0x08C5, 0x08A4, 0x10E5, 0x08C5, 0x0884, 0x08A4, 0x29A8, 0x42AD,
  0x3AAD, 0x42CE, 0x8452, 0x73D0, 0x6B8F, 0x636E, 0x73CF, 0x634E, 0x31C8, 0x1927, 0x10C5, 0x1106,
  0x08C5, 0x198C, 0x21AC, 0x198A, 0x1129, 0x5B74, 0xBDDB, 0xCE7D, 0xCE9E, 0x6418, 0x7C98, 0xC65D,
  0xD6BE, 0xD6DE, 0x951A, 0x3AB2, 0x7457, 0xB5FB, 0xCE9D, 0xCEBD, 0xB5DB, 0x857E, 0x3BF6, 0x0000,
  0x2BB6, 0x0021, 0x0001, 0x0021, 0x0021, 0x0021, 0x0021, 0x0021, 0x0021, 0x0021, 0x0021, 0x0021,
  0x0021, 0x0021, 0x0021, 0x0021, 0x0021, 0x0021, 0x0021, 0x0021, 0x0021, 0x0021, 0x0021, 0x0021,
  0x0021, 0x0001, 0x0021, 0x0021, 0x0021, 0x0021, 0x0021, 0x0021, 0x0021, 0x0021, 0x0021, 0x0021,
  0x0021, 0x0001, 0x0021, 0x0021, 0x0021, 0x0021, 0x0021, 0x0021, 0x0021, 0x0021, 0x0021, 0x0021,
  0x0021, 0x0021, 0x0021, 0x0021, 0x0021, 0x0021, 0x0021, 0x0021, 0x0021, 0x0021, 0x0021, 0x0021,
  0x0021, 0x0021, 0x0021, 0x0021, 0x0021, 0x0021, 0x0021, 0x0021, 0x0021, 0x0021, 0x0021, 0x0021,
  0x0021, 0x0021, 0x0021, 0x0021, 0x0021, 0x0021, 0x0021, 0x0021, 0x0021, 0x0021, 0x0021, 0x0021,
  0x0021, 0x0021, 0x0021, 0x0021, 0x0021, 0x0021, 0x0021, 0x0021, 0x0021, 0x0021, 0x0021, 0x0021,
  0x0021, 0x0021, 0x0021, 0x0021, 0x0001, 0x0021, 0x0021, 0x0021, 0x0021, 0x0021, 0x0021, 0x0021,
  0x0021, 0x0021, 0x0021, 0x0021, 0x0021, 0x0021, 0x0021, 0x0021, 0x0021, 0x0021, 0x0021, 0x0021,
  0x0021, 0x0021, 0x0021, 0x0021, 0x0021, 0x0021, 0x0021, 0x0021, 0x0021, 0x0022, 0x0022, 0x0022,
  0x0022, 0x0022, 0x0022, 0x0022, 0x0022, 0x0042, 0x0063, 0x0042, 0x0063, 0x0084, 0x08A4, 0x08A4,
  0x08A4, 0x08A4, 0x08C5, 0x08C5, 0x08C5, 0x08E5, 0x08E5, 0x08E5, 0x08C5, 0x08C5, 0x08C5, 0x08C5,
  0x08C5, 0x00A5, 0x00A5, 0x00A5, 0x0085, 0x00C5, 0x00A5, 0x0084, 0x0084, 0x0084, 0x0084, 0x0084,
  0x08C5, 0x08C5, 0x1106, 0x1947, 0x1927, 0x1126, 0x1106, 0x1106, 0x1126, 0x1106, 0x1106, 0x08A4,
  0x0084, 0x21AA, 0x3A4C, 0x322C, 0x3A2C, 0x3A4C, 0x426C, 0x426C, 0x426B, 0x424B, 0x3A4B, 0x3A4B,
  0x424B, 0x29A9, 0x08A5, 0x1947, 0x21A9, 0x1947, 0x08C5, 0x3A4B, 0x3A4B, 0x3A6C, 0x3A8D, 0x3AAE,
  0x430F, 0x6413, 0x7C73, 0x7C52, 0x7411, 0x73F1, 0x6BD0, 0x6B8F, 0x73F0, 0x73F1, 0x6390, 0x29A8,
  0x08C6, 0x21AC, 0x1969, 0x1948, 0x08C6, 0x4B74, 0xADFC, 0xC67D, 0xD71F, 0x851A, 0x5B76, 0xB59B,
  0xCE5D, 0xD6DE, 0x9D5A, 0x4374, 0x7D19, 0xB61C, 0xD6DE, 0xDF3F, 0xC65C, 0x859D, 0x3C16, 0x0000,
  0x2BB6, 0x0021, 0x0021, 0x0021, 0x0021, 0x0021, 0x0021, 0x0021, 0x0021, 0x0021, 0x0001, 0x0021,
  0x0021, 0x0021, 0x0021, 0x0021, 0x0021, 0x0021, 0x0021, 0x0021, 0x0021, 0x0021, 0x0021, 0x0021,
  0x0021, 0x0021, 0x0021, 0x0021, 0x0021, 0x0021, 0x0021, 0x0021, 0x0021, 0x0001, 0x0021, 0x0021,
  0x0021, 0x0021, 0x0021, 0x0021, 0x0021, 0x0021, 0x0021, 0x0021, 0x0021, 0x0021, 0x0021, 0x0021,
  0x0021, 0x0021, 0x0021, 0x0021, 0x0021, 0x0021, 0x0021, 0x0021, 0x0021, 0x0021, 0x0021, 0x0021,
  0x0021, 0x0021, 0x0021, 0x0021, 0x0021, 0x0021, 0x0021, 0x0021, 0x0021, 0x0021, 0x0021, 0x0021,
  0x0021, 0x0021, 0x0021, 0x0021, 0x0021, 0x0021, 0x0021, 0x0021, 0x0021, 0x0021, 0x0021, 0x0021,
  0x0021, 0x0021, 0x0021, 0x0021, 0x0021, 0x0021, 0x0021, 0x0021, 0x0021, 0x0021, 0x0021, 0x0021,
  0x0021, 0x0021, 0x0021, 0x0021, 0x0021, 0x0021, 0x0021, 0x0021, 0x0021, 0x0021, 0x0021, 0x0021,
  0x0021, 0x0021, 0x0021, 0x0021, 0x0021, 0x0021, 0x0021, 0x0021, 0x0021, 0x0021, 0x0021, 0x0021,
  0x0021, 0x0021, 0x0021, 0x0021, 0x0021, 0x0021, 0x0021, 0x0021, 0x0021, 0x0022, 0x0022, 0x0022,
  0x0022, 0x0022, 0x0022, 0x0022, 0x0042, 0x0063, 0x0083, 0x0083, 0x0083, 0x0084, 0x0084, 0x0084,
  0x00A4, 0x08A4, 0x08A5, 0x08C5, 0x08C5, 0x08C5, 0x08C5, 0x08C5, 0x08C5, 0x08C5, 0x08A5, 0x00A5,
  0x00A5, 0x00A5, 0x0085, 0x00A5, 0x1106, 0x1967, 0x1947, 0x08E5, 0x0064, 0x0084, 0x0084, 0x00A5,
  0x08E6, 0x08E6, 0x1127, 0x1127, 0x1126, 0x1106, 0x10E6, 0x08E6, 0x08E6, 0x08E6, 0x08E5, 0x2188,
  0x21AA, 0x29EB, 0x3A2C, 0x322C, 0x322C, 0x3A4C, 0x424B, 0x426B, 0x426B, 0x424B, 0x3A2B, 0x3A2B,
  0x3A2B, 0x3A0A, 0x21A9, 0x29CA, 0x3A0A, 0x320B, 0x1927, 0x2168, 0x4AEE, 0x5BD2, 0x6C53, 0x7474,
  0x7CB5, 0x6433, 0x6433, 0x6C33, 0x7474, 0x7CB5, 0x7CB4, 0x7C74, 0x7C73, 0x532E, 0x2167, 0x0884,
  0x1128, 0x1949, 0x1107, 0x10E6, 0x08A4, 0x4B52, 0xB61D, 0xCE5D, 0xDF1F, 0x8CD8, 0x3271, 0xA53A,
  0xC63D, 0xD6DF, 0x9D5B, 0x6C18, 0xAD7B, 0xC61C, 0xD6BE, 0xDEFE, 0xC63C, 0x859D, 0x4436, 0x0000,
  0x2BD7, 0x0021, 0x0001, 0x0021, 0x0021, 0x0021, 0x0021, 0x0021, 0x0021, 0x0021, 0x0001, 0x0021,
  0x0021, 0x0021, 0x0021, 0x0021, 0x0021, 0x0021, 0x0021, 0x0021, 0x0021, 0x0021, 0x0021, 0x0021,
  0x0021, 0x0021, 0x0021, 0x0021, 0x0021, 0x0021, 0x0021, 0x0021, 0x0021, 0x0021, 0x0021, 0x0021,
  0x0021, 0x0021, 0x0021, 0x0021, 0x0021, 0x0021, 0x0021, 0x0021, 0x0021, 0x0021, 0x0021, 0x0021,
  0x0021, 0x0021, 0x0021, 0x0021, 0x0021, 0x0021, 0x0021, 0x0021, 0x0021, 0x0021, 0x0021, 0x0021,
  0x0021, 0x0021, 0x0021, 0x0021, 0x0021, 0x0021, 0x0021, 0x0021, 0x0021, 0x0021, 0x0021, 0x0021,
  0x0021, 0x0021, 0x0021, 0x0021, 0x0021, 0x0021, 0x0021, 0x0021, 0x0021, 0x0021, 0x0021, 0x0021,
  0x0021, 0x0021, 0x0021, 0x0021, 0x0021, 0x0021, 0x0021, 0x0021, 0x0001, 0x0021, 0x0021, 0x0021,
  0x0021, 0x0021, 0x0021, 0x0021, 0x0021, 0x0021, 0x0021, 0x0021, 0x0021, 0x0021, 0x0021, 0x0021,
  0x0021, 0x0021, 0x0021, 0x0021, 0x0021, 0x0021, 0x0021, 0x0021, 0x0021, 0x0021, 0x0021, 0x0021,
  0x0021, 0x0021, 0x0021, 0x0021, 0x0021, 0x0021, 0x0022, 0x0021, 0x0022, 0x0042, 0x0042, 0x0042,
  0x0042, 0x0022, 0x0022, 0x0042, 0x0063, 0x0063, 0x0063, 0x0063, 0x0063, 0x0083, 0x0084, 0x0084,
  0x00A4, 0x08A4, 0x08A4, 0x08A4, 0x08A5, 0x00A5, 0x00A5, 0x00A5, 0x00A5, 0x00A5, 0x00A5, 0x0084,
  0x0084, 0x0084, 0x00A5, 0x1126, 0x1947, 0x1947, 0x1947, 0x1947, 0x1106, 0x08C5, 0x08C6, 0x08E6,
  0x08E6, 0x1106, 0x1106, 0x1106, 0x1106, 0x1106, 0x08E5, 0x08C5, 0x08E5, 0x08C5, 0x1107, 0x322C,
  0x322C, 0x320B, 0x322B, 0x3A4C, 0x322B, 0x3A4B, 0x426B, 0x424B, 0x424B, 0x3A2A, 0x3A2A, 0x320A,
  0x31EA, 0x31E9, 0x29C9, 0x31EA, 0x31EA, 0x29C9, 0x31C9, 0x1926, 0x10E5, 0x21A8, 0x5B91, 0x53B2,
  0x5392, 0x4330, 0x4B2F, 0x4B30, 0x5391, 0x6413, 0x5BD3, 0x5370, 0x324C, 0x08A4, 0x08A4, 0x1107,
  0x1949, 0x1107, 0x08A4, 0x1107, 0x08C6, 0x21CD, 0x94FB, 0xBDFC, 0xC65F, 0x9539, 0x2A2F, 0x9D19,
  0xC61C, 0xD6BF, 0xADBC, 0x6C18, 0x8CD9, 0xC61B, 0xCE7E, 0xD6BE, 0xBDFC, 0x8DDE, 0x4437, 0x0000,
  0x2BD7, 0x0021, 0x0001, 0x0021, 0x0021, 0x0021, 0x0021, 0x0021, 0x0021, 0x0021, 0x0021, 0x0021,
  0x0021, 0x0021, 0x0021, 0x0021, 0x0021, 0x0021, 0x0021, 0x0021, 0x0021, 0x0021, 0x0021, 0x0021,
  0x0021, 0x0021, 0x0021, 0x0021, 0x0021, 0x0021, 0x0021, 0x0021, 0x0021, 0x0021, 0x0021, 0x0021,
  0x0021, 0x0001, 0x0021, 0x0021, 0x0021, 0x0021, 0x0021, 0x0021, 0x0021, 0x0021, 0x0021, 0x0021,
  0x0021, 0x0021, 0x0021, 0x0021, 0x0021, 0x0021, 0x0021, 0x0021, 0x0021, 0x0021, 0x0021, 0x0021,
  0x0021, 0x0021, 0x0021, 0x0021, 0x0021, 0x0021, 0x0021, 0x0021, 0x0021, 0x0021, 0x0021, 0x0021,
  0x0021, 0x0001, 0x0021, 0x0021, 0x0021, 0x0021, 0x0021, 0x0021, 0x0021, 0x0021, 0x0021, 0x0021,
  0x0021, 0x0021, 0x0021, 0x0021, 0x0021, 0x0021, 0x0021, 0x0021, 0x0021, 0x0021, 0x0021, 0x0021,
  0x0021, 0x0021, 0x0021, 0x0021, 0x0021, 0x0021, 0x0021, 0x0021, 0x0021, 0x0021, 0x0021, 0x0021,
  0x0021, 0x0021, 0x0021, 0x0021, 0x0021, 0x0021, 0x0021, 0x0021, 0x0021, 0x0021, 0x0021, 0x0021,
  0x0021, 0x0021, 0x0021, 0x0021, 0x0021, 0x0021, 0x0022, 0x0042, 0x0042, 0x0042, 0x0042, 0x0042,
  0x0042, 0x0042, 0x0042, 0x0062, 0x0063, 0x0063, 0x0063, 0x0063, 0x0083, 0x0083, 0x0084, 0x0084,
  0x08A4, 0x08A4, 0x00A4, 0x0084, 0x0084, 0x0084, 0x0084, 0x0084, 0x0084, 0x0084, 0x0084, 0x0084,
  0x0084, 0x00A5, 0x1106, 0x1126, 0x1926, 0x1926, 0x1926, 0x1926, 0x1126, 0x0906, 0x08E6, 0x08C5,
  0x08E5, 0x10E6, 0x10E6, 0x08E5, 0x08C5, 0x08C5, 0x08E6, 0x1126, 0x08C5, 0x00A5, 0x2189, 0x322B,
  0x3A4B, 0x3A2B, 0x322B, 0x3A4B, 0x29EB, 0x3A2B, 0x424B, 0x3A2A, 0x320A, 0x31EA, 0x3A0A, 0x31EA,
  0x31E9, 0x31E9, 0x29C9, 0x29C9, 0x29A9, 0x29A8, 0x29A8, 0x29A9, 0x29A9, 0x1106, 0x19AA, 0x1A4D,
  0x3B0F, 0x3AEF, 0x5350, 0x5B90, 0x5391, 0x5371, 0x4B50, 0x324B, 0x21A9, 0x08A5, 0x10C5, 0x10E6,
  0x08E6, 0x08C5, 0x1949, 0x4AD1, 0x42B1, 0x2A30, 0x7C59, 0xBDDC, 0xBE5E, 0xB5FC, 0x2A50, 0x8C97,
  0xBDDB, 0xD6BF, 0xBE1D, 0x7438, 0x7417, 0xC5FB, 0xCE9E, 0xD6BE, 0xBDDC, 0x8DBE, 0x4437, 0x0000,
  0x2BD8, 0x0041, 0x0001, 0x0021, 0x0021, 0x0021, 0x0021, 0x0021, 0x0021, 0x0021, 0x0021, 0x0021,
  0x0021, 0x0021, 0x0021, 0x0021, 0x0021, 0x0021, 0x0021, 0x0021, 0x0021, 0x0001, 0x0021, 0x0021,
  0x0021, 0x0021, 0x0021, 0x0021, 0x0021, 0x0001, 0x0001, 0x0001, 0x0001, 0x0021, 0x0021, 0x0021,
  0x0021, 0x0021, 0x0021, 0x0021, 0x0021, 0x0021, 0x0021, 0x0021, 0x0021, 0x0021, 0x0021, 0x0021,
  0x0021, 0x0021, 0x0021, 0x0021, 0x0021, 0x0021, 0x0021, 0x0021, 0x0021, 0x0021, 0x0021, 0x0021,
  0x0021, 0x0021, 0x0021, 0x0021, 0x0021, 0x0021, 0x0021, 0x0021, 0x0021, 0x0021, 0x0021, 0x0021,
  0x0021, 0x0021, 0x0021, 0x0021, 0x0021, 0x0021, 0x0021, 0x0021, 0x0021, 0x0021, 0x0021, 0x0021,
  0x0021, 0x0021, 0x0021, 0x0021, 0x0021, 0x0021, 0x0021, 0x0021, 0x0021, 0x0021, 0x0021, 0x0021,
  0x0021, 0x0021, 0x0001, 0x0021, 0x0021, 0x0021, 0x0021, 0x0021, 0x0021, 0x0021, 0x0021, 0x0021,
  0x0021, 0x0021, 0x0021, 0x0021, 0x0021, 0x0021, 0x0021, 0x0021, 0x0021, 0x0021, 0x0021, 0x0021,
  0x0021, 0x0021, 0x0021, 0x0021, 0x0021, 0x0021, 0x0042, 0x0042, 0x0042, 0x0042, 0x0042, 0x0042,
  0x0042, 0x0042, 0x0042, 0x0062, 0x0063, 0x0063, 0x0063, 0x0063, 0x0063, 0x0083, 0x0083, 0x0084,
  0x0084, 0x0084, 0x0084, 0x0084, 0x0084, 0x0084, 0x0063, 0x0084, 0x0084, 0x0063, 0x08A4, 0x1926,
  0x1106, 0x1106, 0x1106, 0x1106, 0x1126, 0x1106, 0x1106, 0x1126, 0x1106, 0x1106, 0x10E5, 0x08E5,
  0x08E5, 0x08E6, 0x08C5, 0x08C5, 0x08A5, 0x1106, 0x29CA, 0x31EA, 0x1947, 0x1127, 0x29EA, 0x3A2A,
  0x320A, 0x21CA, 0x320A, 0x29EA, 0x29CA, 0x3A0A, 0x3A0A, 0x3A0A, 0x31E9, 0x31C9, 0x29C9, 0x31C9,
  0x29A8, 0x29A8, 0x29A9, 0x29A8, 0x2188, 0x2188, 0x2168, 0x2168, 0x2168, 0x320A, 0x3A8D, 0x42EE,
  0x42EE, 0x4B50, 0x7C32, 0x7C31, 0x7C32, 0x7C11, 0x73F0, 0x6BB0, 0x6BB0, 0x3209, 0x1106, 0x1106,
  0x1126, 0x08E8, 0x4AF2, 0x5B52, 0x52D0, 0x3A4E, 0x63D7, 0xBDFC, 0xC67E, 0xC67D, 0x3A91, 0x73F5,
  0xBDBB, 0xCE9F, 0xC63E, 0x84B9, 0x5B95, 0xB59A, 0xCE7E, 0xDEDF, 0xBDFC, 0x7D7D, 0x4416, 0x0000,
  0x23F8, 0x0042, 0x0001, 0x0021, 0x0021, 0x0021, 0x0021, 0x0021, 0x0021, 0x0021, 0x0021, 0x0021,
  0x0021, 0x0021, 0x0021, 0x0021, 0x0021, 0x0021, 0x0021, 0x0021, 0x0021, 0x0021, 0x0021, 0x0021,
  0x0021, 0x0000, 0x0000, 0x0000, 0x0000, 0x0020, 0x0041, 0x0842, 0x0021, 0x0000, 0x0000, 0x0000,
  0x0000, 0x0001, 0x0021, 0x0021, 0x0021, 0x0021, 0x0021, 0x0021, 0x0021, 0x0021, 0x0021, 0x0021,
  0x0021, 0x0021, 0x0021, 0x0021, 0x0021, 0x0021, 0x0021, 0x0021, 0x0021, 0x0021, 0x0021, 0x0021,
  0x0021, 0x0021, 0x0021, 0x0021, 0x0021, 0x0021, 0x0021, 0x0021, 0x0021, 0x0021, 0x0021, 0x0021,
  0x0021, 0x0021, 0x0021, 0x0021, 0x0021, 0x0021, 0x0021, 0x0021, 0x0021, 0x0021, 0x0021, 0x0021,
  0x0021, 0x0021, 0x0021, 0x0021, 0x0021, 0x0021, 0x0021, 0x0021, 0x0021, 0x0021, 0x0021, 0x0021,
  0x0021, 0x0021, 0x0021, 0x0021, 0x0021, 0x0021, 0x0021, 0x0021, 0x0021, 0x0021, 0x0021, 0x0021,
  0x0021, 0x0021, 0x0021, 0x0021, 0x0021, 0x0021, 0x0021, 0x0021, 0x0021, 0x0021, 0x0021, 0x0021,
  0x0021, 0x0021, 0x0021, 0x0021, 0x0021, 0x0042, 0x0042, 0x0042, 0x0042, 0x0042, 0x0042, 0x0042,
  0x0042, 0x0042, 0x0042, 0x0062, 0x0063, 0x0063, 0x0063, 0x0063, 0x0063, 0x0063, 0x0063, 0x0083,
  0x0083, 0x0083, 0x0063, 0x0084, 0x08C5, 0x10E5, 0x08C4, 0x0084, 0x0064, 0x00A4, 0x1105, 0x1106,
  0x1106, 0x10E6, 0x10E5, 0x1106, 0x1106, 0x1106, 0x1106, 0x1106, 0x1106, 0x10E5, 0x10E5, 0x08E5,
  0x08C5, 0x08C5, 0x08C5, 0x08C5, 0x08C5, 0x2189, 0x320A, 0x31EA, 0x21AA, 0x21CA, 0x29EA, 0x31EA,
  0x21AA, 0x29C9, 0x31EA, 0x21A9, 0x31E9, 0x39E9, 0x31E9, 0x29A8, 0x29A8, 0x29A8, 0x29A8, 0x2987,
  0x2987, 0x2167, 0x2167, 0x2167, 0x2167, 0x2167, 0x428C, 0x42AD, 0x3A8D, 0x42EE, 0x3A8D, 0x3AAD,
  0x4B2F, 0x7453, 0x84B4, 0x7C52, 0x7C32, 0x7411, 0x6BD0, 0x6BD0, 0x73F1, 0x73F1, 0x6BD0, 0x73F1,
  0x322A, 0x08C6, 0x3A70, 0x4AAF, 0x3A4D, 0x2A2E, 0x4B35, 0xB5BB, 0xCE7D, 0xCEBE, 0x5332, 0x6394,
  0xBDBB, 0xCE9E, 0xC65E, 0x951A, 0x5B75, 0xAD59, 0xCE5D, 0xDEDF, 0xC61C, 0x753D, 0x3BD5, 0x0000,
  0x2419, 0x0062, 0x0001, 0x0021, 0x0021, 0x0021, 0x0021, 0x0021, 0x0021, 0x0021, 0x0021, 0x0021,
  0x0021, 0x0021, 0x0021, 0x0021, 0x0021, 0x0021, 0x0021, 0x0021, 0x0021, 0x0021, 0x0021, 0x0000,
  0x0000, 0x18C4, 0x5AAB, 0x8C52, 0xB577, 0xCE19, 0xCE1A, 0xCE3A, 0xCE1A, 0xC5D9, 0xAD36, 0x7BB0,
  0x39C8, 0x0041, 0x0000, 0x0000, 0x0021, 0x0021, 0x0021, 0x0021, 0x0021, 0x0021, 0x0021, 0x0021,
  0x0021, 0x0021, 0x0021, 0x0021, 0x0021, 0x0021, 0x0021, 0x0021, 0x0021, 0x0021, 0x0021, 0x0021,
  0x0021, 0x0021, 0x0021, 0x0021, 0x0021, 0x0021, 0x0021, 0x0001, 0x0021, 0x0021, 0x0021, 0x0021,
  0x0021, 0x0021, 0x0021, 0x0021, 0x0021, 0x0021, 0x0021, 0x0021, 0x0021, 0x0021, 0x0021, 0x0021,
  0x0021, 0x0021, 0x0021, 0x0021, 0x0021, 0x0021, 0x0021, 0x0001, 0x0021, 0x0021, 0x0021, 0x0021,
  0x0021, 0x0021, 0x0021, 0x0021, 0x0021, 0x0021, 0x0021, 0x0021, 0x0021, 0x0021, 0x0021, 0x0021,
  0x0021, 0x0021, 0x0021, 0x0021, 0x0021, 0x0021, 0x0021, 0x0021, 0x0021, 0x0021, 0x0021, 0x0021,
  0x0021, 0x0021, 0x0021, 0x0021, 0x0022, 0x0042, 0x0042, 0x0042, 0x0042, 0x0042, 0x0042, 0x0042,
  0x0042, 0x0042, 0x0042, 0x0042, 0x0042, 0x0062, 0x0062, 0x0063, 0x0063, 0x0063, 0x0063, 0x0063,
  0x0063, 0x0063, 0x0083, 0x10C4, 0x10E5, 0x10E5, 0x10E5, 0x10E5, 0x08C5, 0x10E5, 0x08E5, 0x08E5,
  0x08E5, 0x08E5, 0x08E5, 0x10E5, 0x10E5, 0x1105, 0x10E5, 0x10E5, 0x08E5, 0x08C5, 0x08C5, 0x08C5,
  0x08C5, 0x00A4, 0x1106, 0x10E6, 0x1127, 0x29C9, 0x29C9, 0x21A9, 0x21AA, 0x29CA, 0x31C9, 0x21A9,
  0x29C9, 0x31E9, 0x2188, 0x21A9, 0x31C9, 0x31C9, 0x29A8, 0x2988, 0x2988, 0x2987, 0x2166, 0x2168,
  0x21AA, 0x21AB, 0x2169, 0x1946, 0x1946, 0x1926, 0x320A, 0x4B0F, 0x5391, 0x5391, 0x5BD2, 0x6413,
  0x6433, 0x6413, 0x6C33, 0x7453, 0x6C12, 0x6C12, 0x7433, 0x7453, 0x7453, 0x7452, 0x532F, 0x320B,
  0x116A, 0x114A, 0x29ED, 0x5311, 0x4AF1, 0x3A6F, 0x3AB3, 0xA53A, 0xC61C, 0xCE9E, 0x6BF5, 0x5B53,
  0xBDBA, 0xCE9E, 0xCE7E, 0x953B, 0x5355, 0xA539, 0xC63D, 0xD6DE, 0xC61C, 0x755D, 0x3B94, 0x0000,
  0x243A, 0x0083, 0x0000, 0x0021, 0x0001, 0x0021, 0x0021, 0x0021, 0x0021, 0x0021, 0x0021, 0x0021,
  0x0021, 0x0021, 0x0021, 0x0021, 0x0021, 0x0021, 0x0021, 0x0021, 0x0021, 0x0000, 0x0000, 0x4A4A,
  0xB556, 0xDEBC, 0xC5F9, 0x9CB4, 0x736E, 0x528B, 0x4209, 0x41E8, 0x4A4A, 0x630D, 0x8C31, 0xB577,
  0xD65B, 0xCE3A, 0x8411, 0x2104, 0x0000, 0x0000, 0x0021, 0x0021, 0x0021, 0x0021, 0x0021, 0x0021,
  0x0021, 0x0021, 0x0021, 0x0021, 0x0021, 0x0021, 0x0021, 0x0021, 0x0021, 0x0021, 0x0021, 0x0021,
  0x0021, 0x0001, 0x0021, 0x0021, 0x0021, 0x0021, 0x0021, 0x0001, 0x0021, 0x0021, 0x0021, 0x0021,
  0x0021, 0x0021, 0x0021, 0x0021, 0x0021, 0x0021, 0x0021, 0x0021, 0x0021, 0x0021, 0x0021, 0x0021,
  0x0021, 0x0021, 0x0021, 0x0021, 0x0021, 0x0021, 0x0021, 0x0021, 0x0021, 0x0021, 0x0021, 0x0021,
  0x0021, 0x0021, 0x0021, 0x0021, 0x0021, 0x0021, 0x0021, 0x0021, 0x0021, 0x0021, 0x0021, 0x0021,
  0x0021, 0x0021, 0x0021, 0x0021, 0x0021, 0x0021, 0x0021, 0x0021, 0x0021, 0x0021, 0x0021, 0x0021,
  0x0021, 0x0021, 0x0021, 0x0022, 0x0022, 0x0042, 0x0042, 0x0042, 0x0042, 0x0042, 0x0042, 0x0042,
  0x0042, 0x0042, 0x0042, 0x0042, 0x0042, 0x0042, 0x0042, 0x0063, 0x0063, 0x0063, 0x0063, 0x0063,
  0x0063, 0x0083, 0x08A4, 0x10C4, 0x10E5, 0x10E5, 0x10E5, 0x10E5, 0x10E5, 0x10E5, 0x08C5, 0x08C5,
  0x08C5, 0x08C5, 0x08C5, 0x08E5, 0x08E5, 0x10E5, 0x08E5, 0x08C5, 0x08C5, 0x08C5, 0x08C5, 0x08A5,
  0x08C5, 0x08E5, 0x2188, 0x2188, 0x1968, 0x21A9, 0x2188, 0x21A9, 0x21A9, 0x29C9, 0x21A9, 0x21A9,
  0x29A9, 0x2188, 0x1968, 0x29A8, 0x29A8, 0x29A8, 0x2167, 0x2167, 0x2146, 0x2168, 0x21AC, 0x2A0F,
  0x42B2, 0x42D2, 0x3A4E, 0x1927, 0x21AA, 0x1947, 0x10E5, 0x10E5, 0x2188, 0x4B50, 0x4B92, 0x4BB3,
  0x53D2, 0x4B91, 0x5BB1, 0x63D1, 0x63D1, 0x6C12, 0x6C12, 0x63F2, 0x5BB1, 0x42EE, 0x0084, 0x196B,
  0x4AF1, 0x5B32, 0x52F1, 0x42B1, 0x3A70, 0x3A6F, 0x3251, 0x8CB9, 0xC5FC, 0xD6BE, 0x8498, 0x4AF2,
  0xB59A, 0xD69E, 0xCE9E, 0x9D5B, 0x5355, 0xA519, 0xC63D, 0xD6BE, 0xC61C, 0x759E, 0x3B53, 0x0000,
  0x2C5B, 0x08A4, 0x0000, 0x0021, 0x0021, 0x0021, 0x0021, 0x0021, 0x0021, 0x0021, 0x0021, 0x0021,
  0x0021, 0x0021, 0x0021, 0x0001, 0x0021, 0x0021, 0x0021, 0x0001, 0x0000, 0x4209, 0xC5F9, 0xDE9C,
  0x9452, 0x31A7, 0x0000, 0x0000, 0x0000, 0x0000, 0x0000, 0x0000, 0x0000, 0x0000, 0x0000, 0x0000,
  0x10A3, 0x5AAC, 0xC5D8, 0xEF1E, 0x8C52, 0x1082, 0x0000, 0x0021, 0x0021, 0x0021, 0x0021, 0x0021,
  0x0021, 0x0021, 0x0021, 0x0021, 0x0021, 0x0021, 0x0001, 0x0021, 0x0021, 0x0021, 0x0021, 0x0021,
  0x0021, 0x0021, 0x0001, 0x0001, 0x0021, 0x0021, 0x0021, 0x0021, 0x0021, 0x0021, 0x0021, 0x0021,
  0x0021, 0x0021, 0x0021, 0x0021, 0x0021, 0x0021, 0x0021, 0x0021, 0x0001, 0x0021, 0x0021, 0x0021,
  0x0021, 0x0021, 0x0021, 0x0021, 0x0021, 0x0021, 0x0021, 0x0021, 0x0021, 0x0021, 0x0021, 0x0021,
  0x0001, 0x0021, 0x0021, 0x0021, 0x0021, 0x0001, 0x0021, 0x0021, 0x0021, 0x0021, 0x0021, 0x0021,
  0x0021, 0x0021, 0x0021, 0x0021, 0x0021, 0x0021, 0x0021, 0x0021, 0x0021, 0x0021, 0x0021, 0x0021,
  0x0021, 0x0021, 0x0021, 0x0021, 0x0022, 0x0022, 0x0022, 0x0042, 0x0022, 0x0022, 0x0042, 0x0042,
  0x0042, 0x0042, 0x0042, 0x0042, 0x0042, 0x0042, 0x0042, 0x0042, 0x0042, 0x0042, 0x0042, 0x0063,
  0x0883, 0x08A4, 0x08A4, 0x08C4, 0x08C4, 0x10C4, 0x10C4, 0x10C5, 0x10E5, 0x10E5, 0x08C5, 0x08A4,
  0x08A4, 0x08A4, 0x08E5, 0x08E5, 0x08C5, 0x1106, 0x1106, 0x08C5, 0x08C5, 0x08A4, 0x00A5, 0x08C5,
  0x1947, 0x1968, 0x1968, 0x1947, 0x1948, 0x1968, 0x1968, 0x2188, 0x2188, 0x2188, 0x1968, 0x2188,
  0x1968, 0x1968, 0x2188, 0x2188, 0x2167, 0x2167, 0x2147, 0x1947, 0x1926, 0x218A, 0x2A31, 0x42D2,
  0x6372, 0x6B71, 0x5B0F, 0x4AAF, 0x6393, 0x320A, 0x10E5, 0x10E6, 0x10E5, 0x21EA, 0x222C, 0x2A6D,
  0x4B92, 0x5391, 0x328D, 0x21EB, 0x430F, 0x3ACE, 0x4330, 0x328F, 0x32AE, 0x326E, 0x114A, 0x21CD,
  0x52F0, 0x6B70, 0x42AF, 0x428F, 0x5310, 0x6350, 0x4290, 0x7C58, 0xC61B, 0xD6BE, 0x8CF9, 0x42B2,
  0xB57A, 0xCE9E, 0xCE9E, 0xAD9C, 0x5B75, 0x9CF8, 0xC61C, 0xD69E, 0xC63C, 0x759F, 0x3311, 0x0000,
  0x2C7C, 0x08E6, 0x0000, 0x0021, 0x0021, 0x0021, 0x0021, 0x0021, 0x0021, 0x0021, 0x0021, 0x0021,
  0x0021, 0x0021, 0x0021, 0x0021, 0x0021, 0x0021, 0x0000, 0x0862, 0xA4D4, 0xEF1E, 0x83F1, 0x10A3,
  0x0000, 0x0000, 0x0001, 0x0021, 0x0021, 0x0021, 0x0021, 0x0041, 0x0041, 0x0000, 0x0000, 0x0001,
  0x0021, 0x0000, 0x0000, 0x4209, 0xC5D8, 0xD67C, 0x4A29, 0x0000, 0x0021, 0x0021, 0x0021, 0x0021,
  0x0021, 0x0021, 0x0001, 0x0021, 0x0021, 0x0021, 0x0021, 0x0021, 0x0001, 0x0021, 0x0021, 0x0021,
  0x0021, 0x0021, 0x0001, 0x0021, 0x0021, 0x0021, 0x0021, 0x0021, 0x0001, 0x0021, 0x0021, 0x0021,
  0x0001, 0x0021, 0x0021, 0x0021, 0x0021, 0x0021, 0x0001, 0x0021, 0x0021, 0x0021, 0x0021, 0x0021,
  0x0021, 0x0021, 0x0021, 0x0021, 0x0021, 0x0021, 0x0021, 0x0021, 0x0021, 0x0021, 0x0021, 0x0021,
  0x0021, 0x0021, 0x0021, 0x0021, 0x0021, 0x0021, 0x0021, 0x0021, 0x0021, 0x0021, 0x0021, 0x0021,
  0x0021, 0x0021, 0x0021, 0x0021, 0x0001, 0x0021, 0x0021, 0x0021, 0x0021, 0x0021, 0x0021, 0x0021,
  0x0021, 0x0021, 0x0021, 0x0021, 0x0021, 0x0021, 0x0021, 0x0022, 0x0042, 0x0022, 0x0042, 0x0042,
  0x0042, 0x0042, 0x0042, 0x0042, 0x0042, 0x0042, 0x0042, 0x0042, 0x0042, 0x0042, 0x0063, 0x0883,
  0x08A3, 0x08A3, 0x08A4, 0x08A4, 0x08A4, 0x08A4, 0x08C4, 0x08C4, 0x08C4, 0x08C4, 0x08C5, 0x08C5,
  0x10E5, 0x10E5, 0x1926, 0x1926, 0x1106, 0x1926, 0x1926, 0x10E6, 0x08C5, 0x08C5, 0x1106, 0x1927,
  0x1926, 0x1927, 0x1947, 0x1927, 0x1927, 0x1927, 0x1947, 0x1947, 0x1947, 0x1127, 0x1947, 0x1947,
  0x1127, 0x1947, 0x1947, 0x2147, 0x2147, 0x1946, 0x1906, 0x1905, 0x1948, 0x2A30, 0x42B0, 0x52EF,
  0x5310, 0x4AF0, 0x5310, 0x5B31, 0x6350, 0x2189, 0x216A, 0x3A6F, 0x3A6E, 0x21CA, 0x11CB, 0x220C,
  0x2A8E, 0x32AE, 0x42CE, 0x2A4C, 0x3ACE, 0x326D, 0x430F, 0x3ACF, 0x42EF, 0x4B30, 0x6371, 0x52CF,
  0x6350, 0x6B70, 0x4ACF, 0x6B70, 0x6B90, 0x7BF1, 0x4AD0, 0x7458, 0xC5FC, 0xCE9F, 0x9D7B, 0x42D3,
  0xA518, 0xCE7D, 0xD6BE, 0xB5FD, 0x5B76, 0x94B8, 0xC5FC, 0xCE9E, 0xCE5D, 0x759F, 0x2AAF, 0x0000,
  0x247C, 0x0948, 0x0000, 0x0021, 0x0021, 0x0021, 0x0021, 0x0021, 0x0021, 0x0021, 0x0021, 0x0021,
  0x0021, 0x0021, 0x0021, 0x0021, 0x0021, 0x0000, 0x2104, 0xD65A, 0xC5F9, 0x2945, 0x0000, 0x0000,
  0x0021, 0x0021, 0x0021, 0x0021, 0x0021, 0x0021, 0x0021, 0x0000, 0x0000, 0x2945, 0x6B4E, 0xAD36,
  0xD65A, 0xC5F9, 0x2105, 0x0000, 0x0000, 0x736E, 0xEF3E, 0x7BAF, 0x0000, 0x0021, 0x0021, 0x0021,
  0x0021, 0x0021, 0x0021, 0x0021, 0x0021, 0x0021, 0x0000, 0x0001, 0x0021, 0x0021, 0x0021, 0x0021,
  0x0021, 0x0021, 0x0021, 0x0021, 0x0021, 0x0021, 0x0021, 0x0021, 0x0021, 0x0021, 0x0021, 0x0001,
  0x0021, 0x0021, 0x0021, 0x0021, 0x0021, 0x0021, 0x0021, 0x0021, 0x0021, 0x0021, 0x0021, 0x0021,
  0x0021, 0x0021, 0x0021, 0x0021, 0x0021, 0x0021, 0x0021, 0x0021, 0x0021, 0x0001, 0x0021, 0x0021,
  0x0021, 0x0021, 0x0021, 0x0021, 0x0021, 0x0021, 0x0021, 0x0021, 0x0021, 0x0021, 0x0021, 0x0021,
  0x0021, 0x0021, 0x0021, 0x0021, 0x0021, 0x0021, 0x0021, 0x0021, 0x0021, 0x0021, 0x0021, 0x0021,
  0x0021, 0x0021, 0x0021, 0x0021, 0x0021, 0x0021, 0x0021, 0x0022, 0x0042, 0x0042, 0x0042, 0x0042,
  0x0042, 0x0042, 0x0042, 0x0042, 0x0042, 0x0042, 0x0062, 0x0063, 0x0062, 0x0063, 0x0883, 0x0883,
  0x0883, 0x0883, 0x0883, 0x08A4, 0x08A4, 0x08A4, 0x08A4, 0x08A4, 0x08C4, 0x08C5, 0x1105, 0x1926,
  0x1926, 0x1926, 0x1926, 0x1926, 0x1926, 0x1126, 0x1106, 0x1106, 0x08E5, 0x1106, 0x1126, 0x1106,
  0x1127, 0x1127, 0x1127, 0x1126, 0x1106, 0x1926, 0x1926, 0x1126, 0x1127, 0x1126, 0x1926, 0x1106,
  0x1927, 0x1927, 0x1926, 0x1926, 0x1926, 0x1906, 0x1907, 0x1948, 0x1106, 0x218A, 0x29EC, 0x322E,
  0x4AD0, 0x5B31, 0x52EF, 0x5B10, 0x530F, 0x4A8D, 0x428F, 0x6351, 0x5330, 0x224D, 0x220C, 0x2A4C,
  0x324B, 0x328D, 0x63B1, 0x5B6F, 0x5B6F, 0x6390, 0x5B4F, 0x5B6F, 0x5B90, 0x63B1, 0x8431, 0x7390,
  0x6B90, 0x5B0F, 0x5B2F, 0x6B90, 0x6B90, 0x6B70, 0x4AAF, 0x6BD7, 0xBDFC, 0xCE9E, 0xADDC, 0x42D2,
  0x9CD7, 0xCE7E, 0xD6BE, 0xB61D, 0x5376, 0x94B8, 0xBDFC, 0xCE9E, 0xCE7D, 0x6D9F, 0x222C, 0x0000,
  0x243B, 0x098A, 0x0000, 0x0021, 0x0021, 0x0021, 0x0021, 0x0021, 0x0021, 0x0021, 0x0021, 0x0021,
  0x0021, 0x0021, 0x0021, 0x0021, 0x0000, 0x2945, 0xE6BD, 0x9CB4, 0x0000, 0x0000, 0x0041, 0x0021,
  0x0021, 0x0021, 0x0021, 0x0021, 0x0001, 0x0021, 0x0000, 0x2105, 0x9CB4, 0xE6DD, 0xFF7F, 0xEEFE,
  0xD65B, 0xB556, 0x18E4, 0x0020, 0x0021, 0x0000, 0x39C7, 0xEEFD, 0x8C52, 0x0000, 0x0021, 0x0021,
  0x0021, 0x0021, 0x0021, 0x0021, 0x0021, 0x0001, 0x1082, 0x0862, 0x0001, 0x0021, 0x0021, 0x0021,
  0x0021, 0x0041, 0x0021, 0x0021, 0x0021, 0x0021, 0x0041, 0x0041, 0x0021, 0x0021, 0x0021, 0x0021,
  0x0041, 0x0021, 0x0021, 0x0021, 0x0041, 0x0021, 0x0021, 0x0021, 0x0021, 0x0021, 0x0021, 0x0021,
  0x0021, 0x0021, 0x0021, 0x0021, 0x0021, 0x0021, 0x0021, 0x0021, 0x0021, 0x0021, 0x0021, 0x0021,
  0x0041, 0x0021, 0x0021, 0x0021, 0x0041, 0x0021, 0x0021, 0x0021, 0x0021, 0x0041, 0x0021, 0x0021,
  0x0021, 0x0021, 0x0021, 0x0021, 0x0021, 0x0021, 0x0041, 0x0021, 0x0021, 0x0021, 0x0021, 0x0022,
  0x0042, 0x0042, 0x0021, 0x0021, 0x0021, 0x0042, 0x0042, 0x0042, 0x0042, 0x0042, 0x0042, 0x0062,
  0x0042, 0x0042, 0x0042, 0x0042, 0x0063, 0x0863, 0x0062, 0x0062, 0x0062, 0x0063, 0x0883, 0x0883,
  0x0883, 0x0883, 0x0883, 0x0883, 0x0883, 0x0883, 0x0884, 0x08A4, 0x10E5, 0x10E5, 0x10E5, 0x1105,
  0x1106, 0x1106, 0x1106, 0x1106, 0x1106, 0x10E5, 0x10E5, 0x1105, 0x10E6, 0x1106, 0x1107, 0x19AD,
  0x3291, 0x42B0, 0x322D, 0x10E6, 0x1106, 0x1106, 0x1106, 0x10E6, 0x1106, 0x1106, 0x10E6, 0x1106,
  0x1926, 0x1106, 0x1106, 0x1105, 0x10E5, 0x10E5, 0x320E, 0x4AD1, 0x21CE, 0x29EF, 0x3A90, 0x5B31,
  0x6B91, 0x73B1, 0x73B1, 0x73B0, 0x73D1, 0x73B1, 0x4B0F, 0x6390, 0x4B2F, 0x3ACF, 0x3AAD, 0x326B,
  0x3A8D, 0x42EE, 0x6BD1, 0x63B0, 0x6BB0, 0x6BB0, 0x6BB0, 0x5B50, 0x5351, 0x5B71, 0x73D1, 0x4ACF,
  0x52EF, 0x6B70, 0x6B90, 0x7BD0, 0x73B1, 0x6370, 0x530F, 0x5B75, 0xBDBB, 0xCE7E, 0xBE3D, 0x42D3,
  0x94B7, 0xCE5D, 0xD6DF, 0xB5FD, 0x5356, 0x9498, 0xC61C, 0xD69D, 0xCE7D, 0x659F, 0x19CA, 0x0000,
  0x23F9, 0x122E, 0x0000, 0x0021, 0x0021, 0x0021, 0x0021, 0x0021, 0x0021, 0x0021, 0x0021, 0x0021,
  0x0021, 0x0021, 0x0021, 0x0000, 0x2104, 0xE6FD, 0x8C32, 0x0000, 0x0021, 0x0021, 0x0021, 0x0021,
  0x0021, 0x0021, 0x0021, 0x0001, 0x0021, 0x0000, 0x39A7, 0xD65B, 0xFF9F, 0xD65B, 0x6B4E, 0x2945,
  0x0861, 0x0000, 0x0001, 0x0021, 0x0021, 0x0042, 0x0000, 0x2125, 0xE6DD, 0x83F1, 0x0000, 0x0021,
  0x0021, 0x0021, 0x0021, 0x0021, 0x0021, 0x0000, 0x83D0, 0x5ACC, 0x0000, 0x0021, 0x0021, 0x0021,
  0x0000, 0x0000, 0x0001, 0x0021, 0x0021, 0x0001, 0x0000, 0x0000, 0x0000, 0x0000, 0x0000, 0x0000,
  0x0000, 0x0000, 0x0000, 0x0000, 0x0000, 0x0000, 0x0000, 0x0000, 0x0021, 0x0000, 0x0000, 0x0000,
  0x0000, 0x0000, 0x0021, 0x0021, 0x0021, 0x0021, 0x0000, 0x0000, 0x0000, 0x0000, 0x0001, 0x0000,
  0x0000, 0x0000, 0x0000, 0x0000, 0x0000, 0x0000, 0x0000, 0x0000, 0x0000, 0x0000, 0x0000, 0x0000,
  0x0021, 0x0000, 0x0000, 0x0000, 0x0000, 0x0000, 0x0000, 0x0000, 0x0000, 0x0000, 0x0000, 0x0000,
  0x0000, 0x0000, 0x0000, 0x0021, 0x0021, 0x0000, 0x0000, 0x0000, 0x0000, 0x0021, 0x0022, 0x0000,
  0x0001, 0x0042, 0x0042, 0x0042, 0x0000, 0x0001, 0x0063, 0x0062, 0x0062, 0x0063, 0x0063, 0x0063,
  0x0063, 0x0883, 0x0083, 0x0083, 0x0083, 0x0883, 0x08A4, 0x08C4, 0x10C4, 0x10C5, 0x08C5, 0x10E5,
  0x10E5, 0x10E5, 0x10E5, 0x10E5, 0x10E5, 0x10E5, 0x10E5, 0x10E5, 0x10E5, 0x196A, 0x3271, 0x42D1,
  0x5310, 0x6351, 0x5B30, 0x4AAF, 0x322C, 0x08C5, 0x10E6, 0x08E5, 0x10E5, 0x08E5, 0x08E6, 0x1106,
  0x10E6, 0x1106, 0x1106, 0x10E6, 0x1106, 0x10E5, 0x29AA, 0x426E, 0x324F, 0x4AF1, 0x5B30, 0x5B0F,
  0x5B0F, 0x5B0F, 0x6B70, 0x73B1, 0x73B0, 0x7BF1, 0x5351, 0x4B10, 0x3AB1, 0x3AB1, 0x42AF, 0x4AEE,
  0x4AEF, 0x3A8F, 0x5310, 0x6350, 0x6370, 0x6B90, 0x5B30, 0x52F0, 0x5B30, 0x5B50, 0x6391, 0x5310,
  0x5B30, 0x73B0, 0x7BF0, 0x6B92, 0x3AB2, 0x3A92, 0x2231, 0x4B15, 0xB59B, 0xCE5E, 0xCE7E, 0x5354,
  0x8CB7, 0xC63C, 0xD6BF, 0xBE1E, 0x5356, 0x8C98, 0xC61C, 0xD69E, 0xC65D, 0x5D7F, 0x1167, 0x0000,
  0x1B97, 0x12B1, 0x0000, 0x0021, 0x0021, 0x0021, 0x0021, 0x0021, 0x0021, 0x0021, 0x0021, 0x0021,
  0x0021, 0x0021, 0x0021, 0x0841, 0xCE3A, 0xA4F5, 0x0000, 0x0021, 0x0021, 0x0021, 0x0021, 0x0021,
  0x0021, 0x0001, 0x0021, 0x0021, 0x0000, 0x2104, 0xD65B, 0xF73F, 0x9CB4, 0x0841, 0x0000, 0x0000,
  0x0000, 0x0021, 0x0021, 0x0021, 0x0021, 0x0021, 0x0041, 0x0000, 0x2966, 0xEF1E, 0x5ACC, 0x0000,
  0x0021, 0x0021, 0x0021, 0x0021, 0x0041, 0x0000, 0x8C11, 0x630D, 0x0000, 0x0041, 0x0021, 0x0000,
  0x39E8, 0x6B4E, 0x1082, 0x0000, 0x0001, 0x0862, 0x630D, 0x6B4E, 0x734E, 0x738F, 0x5ACC, 0x31A7,
  0x734E, 0x6B2D, 0x734E, 0x736E, 0x7BAF, 0x39E8, 0x52AB, 0x6B4E, 0x0000, 0x2945, 0x83F1, 0x9452,
  0x526B, 0x0862, 0x0021, 0x0021, 0x0021, 0x0000, 0x4A29, 0x8C31, 0x8411, 0x4209, 0x0021, 0x526A,
  0x736F, 0x6B4E, 0x6B4E, 0x6B2E, 0x738F, 0x4209, 0x2946, 0x7BAF, 0x736E, 0x738F, 0x5ACC, 0x18C3,
  0x0000, 0x0841, 0x5ACC, 0x736F, 0x736F, 0x6B2E, 0x6B4E, 0x2104, 0x528B, 0x738F, 0x736E, 0x734E,
  0x736F, 0x7BAF, 0x39E8, 0x0000, 0x0041, 0x526B, 0x8C32, 0x8C32, 0x4A29, 0x0021, 0x18E5, 0x73B0,
  0x41E9, 0x0021, 0x0021, 0x10A3, 0x736F, 0x4A6B, 0x0042, 0x0063, 0x0062, 0x0062, 0x0062, 0x0063,
  0x0063, 0x0083, 0x0083, 0x0083, 0x0083, 0x08A4, 0x08A4, 0x08A4, 0x08C4, 0x08A4, 0x08C4, 0x08C5,
  0x08C5, 0x08C5, 0x08C5, 0x08C5, 0x08C5, 0x08C5, 0x08C5, 0x08E5, 0x08A4, 0x21AB, 0x42B0, 0x42AF,
  0x4AEF, 0x530F, 0x5B0F, 0x6371, 0x5310, 0x29A9, 0x08C5, 0x08C5, 0x08C5, 0x08C5, 0x10E5, 0x10E6,
  0x10E5, 0x10E5, 0x10E5, 0x10E6, 0x10E6, 0x08E6, 0x08E7, 0x196A, 0x3A6E, 0x5331, 0x428D, 0x31EB,
  0x428E, 0x5B0F, 0x5B0F, 0x6BB0, 0x7BF1, 0x6371, 0x42D2, 0x5311, 0x5311, 0x5B31, 0x73B1, 0x6370,
  0x3270, 0x4AD1, 0x6350, 0x73B1, 0x73B1, 0x6371, 0x5331, 0x6B91, 0x73B1, 0x7BD1, 0x6371, 0x5B50,
  0x6370, 0x5332, 0x6B92, 0x5B52, 0x2214, 0x2A33, 0x2A32, 0x42D4, 0xAD9B, 0xC63C, 0xD6DE, 0x5BB5,
  0x8477, 0xC61C, 0xCE9E, 0xBE1E, 0x5356, 0x8C78, 0xC5FC, 0xCE7D, 0xBE5E, 0x551D, 0x10E5, 0x0000,
  0x1AF3, 0x1B34, 0x0000, 0x0021, 0x0021, 0x0021, 0x0021, 0x0021, 0x0021, 0x0021, 0x0021, 0x0021,
  0x0021, 0x0021, 0x0000, 0x9452, 0xCE3A, 0x0021, 0x0021, 0x0021, 0x0021, 0x0021, 0x0021, 0x0021,
  0x0021, 0x0021, 0x0021, 0x0021, 0x0000, 0xA4D5, 0xFF9F, 0x9CD4, 0x0000, 0x7B8F, 0xD65B, 0xBDD8,
  0x39C7, 0x0000, 0x0021, 0x0021, 0x0021, 0x0021, 0x0021, 0x0041, 0x0000, 0x528B, 0xEF1E, 0x2925,
  0x0000, 0x0021, 0x0021, 0x0021, 0x0041, 0x0000, 0x83D0, 0x62EC, 0x0000, 0x0041, 0x0021, 0x0000,
  0x9473, 0xFFBF, 0x2966, 0x0000, 0x0000, 0x18E4, 0xEF3E, 0xFF7F, 0xEF3E, 0xF73F, 0xC5F9, 0x83F1,
  0xFF9F, 0xEEFE, 0xF75F, 0xF75F, 0xFFBF, 0x8C32, 0xA4F5, 0xC5B9, 0x2966, 0xE6BD, 0xEF1E, 0xE6DD,
  0xFFDF, 0x630D, 0x0000, 0x0042, 0x0000, 0x6B4E, 0xF75F, 0xEEFD, 0xEF3E, 0xFFBF, 0x41E8, 0xAD36,
  0xFF9F, 0xEEFE, 0xEF1E, 0xEEFE, 0xFF9F, 0x9473, 0x6B2D, 0xFFFF, 0xEF1E, 0xEEFD, 0xF75F, 0xCE3A,
  0x2925, 0x0841, 0xDEBC, 0xFF9F, 0xF75F, 0xEF1E, 0xF73F, 0x4A4A, 0xC5D8, 0xFFBF, 0xF75F, 0xEF3E,
  0xE6DD, 0xFFBF, 0x8C52, 0x0841, 0xAD36, 0xFF5F, 0xEF3E, 0xEF3E, 0xFFFF, 0x736E, 0x2966, 0xFFDF,
  0x8C32, 0x0000, 0x0042, 0x2966, 0xFF7F, 0xAD36, 0x0001, 0x0063, 0x0062, 0x0062, 0x0062, 0x0063,
  0x0063, 0x0063, 0x0063, 0x0063, 0x0883, 0x08A4, 0x08A4, 0x08A4, 0x08A4, 0x08A4, 0x08A4, 0x08A4,
  0x08A4, 0x08A4, 0x08A4, 0x08A4, 0x08A4, 0x08C5, 0x08C5, 0x1107, 0x21AB, 0x21CD, 0x3A6F, 0x428E,
  0x52CE, 0x5B2F, 0x6370, 0x5B2F, 0x428D, 0x1947, 0x0084, 0x1128, 0x21CC, 0x1969, 0x1106, 0x10E5,
  0x10E5, 0x10E5, 0x10E5, 0x10E5, 0x1107, 0x2A0E, 0x42AF, 0x4AF0, 0x4AF0, 0x320B, 0x3A4C, 0x426D,
  0x6350, 0x7BD1, 0x6370, 0x5B30, 0x5310, 0x42B1, 0x6351, 0x7BF1, 0x73B1, 0x73B1, 0x73B1, 0x42B1,
  0x4AD1, 0x6B91, 0x6B91, 0x5B30, 0x52F0, 0x5310, 0x6B91, 0x73B1, 0x7BD1, 0x7BF1, 0x7BF1, 0x6B90,
  0x5311, 0x2A54, 0x2A54, 0x3AB3, 0x4AF4, 0x6BB4, 0x5B52, 0x3A92, 0xA53B, 0xCE3C, 0xDEFF, 0x6BF6,
  0x7C16, 0xC5FB, 0xCE7E, 0xBDFD, 0x5355, 0x8C98, 0xBDFC, 0xCE3D, 0xB65E, 0x4CDC, 0x0882, 0x0000,
  0x126F, 0x1BB8, 0x0000, 0x0021, 0x0021, 0x0021, 0x0021, 0x0021, 0x0021, 0x0021, 0x0021, 0x0021,
  0x0021, 0x0000, 0x39C7, 0xEEFE, 0x2966, 0x0000, 0x0021, 0x0021, 0x0021, 0x0021, 0x0021, 0x0021,
  0x0021, 0x0021, 0x0021, 0x0000, 0x4A4A, 0xF73F, 0xD65B, 0x1082, 0x6B2D, 0xFF7F, 0xE6BD, 0xEF3E,
  0xD65B, 0x10A3, 0x0000, 0x0021, 0x0021, 0x0021, 0x0021, 0x0021, 0x0021, 0x0000, 0x9CB4, 0xB577,
  0x0000, 0x0021, 0x0021, 0x0021, 0x0021, 0x0000, 0x83D0, 0x62EC, 0x0000, 0x0021, 0x0021, 0x0000,
  0x83F1, 0xEF1E, 0x2966, 0x0000, 0x0000, 0x18C3, 0xE6DD, 0xAD16, 0x1062, 0x10A3, 0x1083, 0x10C4,
  0x2104, 0x5AAC, 0xF73F, 0x7BB0, 0x20E4, 0x0861, 0x9C94, 0x5AAB, 0x7BD0, 0xFFBF, 0x4209, 0x0000,
  0x5ACC, 0x2104, 0x0000, 0x0021, 0x0842, 0xCE1A, 0xD65B, 0x10A3, 0x1083, 0x6B2E, 0x10A3, 0x18E4,
  0x2104, 0x734E, 0xEF1E, 0x6B2D, 0x2104, 0x1062, 0x62EC, 0xF75F, 0x6B4E, 0x18A3, 0x6B2E, 0xFF7F,
  0x8C52, 0x0020, 0xD65B, 0xC5D9, 0x18C3, 0x10A2, 0x18C3, 0x0841, 0x18E4, 0x2104, 0x9473, 0xF75F,
  0x526A, 0x2104, 0x1082, 0x8C52, 0xFF7F, 0x8C32, 0x18E4, 0x1904, 0x8411, 0x2966, 0x2966, 0xF73F,
  0x7BD0, 0x0000, 0x0000, 0x2125, 0xEEFE, 0x9CB4, 0x0000, 0x0063, 0x0062, 0x0062, 0x0062, 0x0062,
  0x0063, 0x0063, 0x0063, 0x0063, 0x0883, 0x0883, 0x0884, 0x08A4, 0x08A4, 0x08A4, 0x00A4, 0x08A4,
  0x08A4, 0x08A4, 0x08A4, 0x08A4, 0x08A4, 0x08A4, 0x0084, 0x1969, 0x5332, 0x6371, 0x4AAE, 0x21CA,
  0x426D, 0x4ACE, 0x52EE, 0x6B90, 0x632F, 0x29C9, 0x198B, 0x2A0F, 0x4AD0, 0x52F0, 0x320C, 0x08C5,
  0x10E5, 0x08C5, 0x08E5, 0x08C5, 0x1128, 0x42B0, 0x4AAF, 0x3A6F, 0x29A9, 0x21A9, 0x3A4C, 0x5B0F,
  0x6350, 0x73B1, 0x6350, 0x3A90, 0x3250, 0x42B1, 0x5B31, 0x6B92, 0x7C12, 0x7BF2, 0x6371, 0x5B31,
  0x5B31, 0x5310, 0x42B0, 0x52F0, 0x6350, 0x73B1, 0x7BD1, 0x7BD1, 0x7BD1, 0x8411, 0x73D1, 0x7BF1,
  0x6392, 0x3A94, 0x3A93, 0x42B2, 0x5314, 0x5335, 0x4B14, 0x3272, 0x8CB9, 0xC61C, 0xDEFF, 0x6C16,
  0x73F5, 0xC5FB, 0xCE9E, 0xCE7E, 0x5B96, 0x7C38, 0xBDDC, 0xC61C, 0xAE5F, 0x4479, 0x0020, 0x0000,
  0x11CB, 0x243A, 0x0021, 0x0001, 0x0021, 0x0021, 0x0021, 0x0021, 0x0021, 0x0021, 0x0021, 0x0021,
  0x0021, 0x0000, 0xC5B8, 0x8C32, 0x0000, 0x0021, 0x0021, 0x0021, 0x0021, 0x0021, 0x0021, 0x0021,
  0x0021, 0x0021, 0x0021, 0x0841, 0xBDB8, 0xF75F, 0x736F, 0x0000, 0xBD97, 0xEEFE, 0xDE9C, 0xDE7C,
  0xEF1E, 0x4208, 0x0000, 0x0021, 0x0021, 0x0021, 0x0021, 0x0021, 0x0021, 0x0000, 0x10A3, 0xE6DD,
  0x4A4A, 0x0000, 0x0021, 0x0001, 0x0021, 0x0000, 0x83F1, 0x62EC, 0x0000, 0x0041, 0x0021, 0x0000,
  0x8411, 0xEEFE, 0x2946, 0x0000, 0x0001, 0x18C3, 0xDE9C, 0xAD36, 0x3187, 0x39E8, 0x18E4, 0x0001,
  0x0000, 0x39C8, 0xF77F, 0x6B2E, 0x0000, 0x0021, 0x4A29, 0x0000, 0x738F, 0xFF9F, 0x9CB4, 0x39C8,
  0x0000, 0x0000, 0x0021, 0x0021, 0x0021, 0xBD98, 0xEF3E, 0x8411, 0x2966, 0x0000, 0x0001, 0x0021,
  0x0000, 0x5ACC, 0xFF7F, 0x528B, 0x0000, 0x0000, 0x62EC, 0xFF5F, 0x528B, 0x0000, 0x4209, 0xFF9F,
  0x9CD4, 0x0020, 0xD63B, 0xC5D9, 0x3187, 0x39A7, 0x2945, 0x0001, 0x0021, 0x0000, 0x83F1, 0xF75F,
  0x3187, 0x0000, 0x10A3, 0xE6DC, 0xD65B, 0x0862, 0x0001, 0x0000, 0x0000, 0x0000, 0x39C8, 0xF75F,
  0xAD15, 0x4A2A, 0x422A, 0x630D, 0xF75F, 0xA4D5, 0x0000, 0x0063, 0x0062, 0x0062, 0x0062, 0x0062,
  0x0063, 0x0063, 0x0063, 0x0063, 0x0083, 0x0083, 0x0083, 0x0083, 0x0084, 0x0084, 0x0084, 0x0084,
  0x0084, 0x0084, 0x00A4, 0x00A4, 0x0084, 0x00A4, 0x0084, 0x1127, 0x29EB, 0x320B, 0x196A, 0x324F,
  0x5B31, 0x6B91, 0x426C, 0x4ACD, 0x6BB0, 0x7C12, 0x3A91, 0x3A6E, 0x52EF, 0x5B30, 0x4ACF, 0x2189,
  0x08A5, 0x08C5, 0x08C5, 0x08C5, 0x1969, 0x2A2D, 0x218A, 0x1948, 0x1127, 0x3A90, 0x4AD0, 0x4AAF,
  0x632F, 0x52F0, 0x3A90, 0x3251, 0x4AF1, 0x5311, 0x5B31, 0x6371, 0x73D2, 0x7BF2, 0x7BF1, 0x6BB1,
  0x5310, 0x428E, 0x42AF, 0x6371, 0x73D1, 0x7BF1, 0x7BD1, 0x73D1, 0x7BD1, 0x73B1, 0x3A93, 0x3AB3,
  0x42F4, 0x3AB3, 0x6372, 0x6372, 0x6B94, 0x5B74, 0x5B54, 0x3251, 0x8479, 0xC5DB, 0xDEDF, 0x63D5,
  0x6BB4, 0xCE1B, 0xCE7D, 0xD6FF, 0x4B34, 0x6BB6, 0xA57A, 0xBDDB, 0x961F, 0x3BB6, 0x0000, 0x0000,
  0x0907, 0x247C, 0x00A4, 0x0000, 0x0021, 0x0021, 0x0021, 0x0021, 0x0021, 0x0021, 0x0021, 0x0021,
  0x0000, 0x4209, 0xE6DD, 0x18C3, 0x0000, 0x0021, 0x0021, 0x0021, 0x0021, 0x0021, 0x0021, 0x0021,
  0x0001, 0x0021, 0x0000, 0x62ED, 0xEF1E, 0xE6BD, 0xB577, 0x10A3, 0x83F0, 0xFF7F, 0xDE9C, 0xEEFE,
  0xDE7C, 0x18E4, 0x0000, 0x0021, 0x0021, 0x0021, 0x0021, 0x0021, 0x0021, 0x0021, 0x0000, 0x8411,
  0xC5D9, 0x0000, 0x0021, 0x0021, 0x0021, 0x0000, 0x83F1, 0x62EC, 0x0000, 0x0021, 0x0021, 0x0000,
  0x8C11, 0xEF1E, 0x2945, 0x0000, 0x0001, 0x18E4, 0xD65B, 0xE6DD, 0xFF7F, 0xFFFF, 0x8C52, 0x0000,
  0x0000, 0x41E8, 0xF77F, 0x6B4E, 0x0000, 0x0042, 0x0000, 0x0000, 0x10A3, 0xA4F5, 0xF75F, 0xFF7F,
  0xBD98, 0x2966, 0x0000, 0x0042, 0x0000, 0x39C8, 0xD67B, 0xFFDF, 0xF75F, 0xAD36, 0x18E4, 0x0021,
  0x0000, 0x630D, 0xFFDF, 0x5ACC, 0x0000, 0x0000, 0x6B2D, 0xF73F, 0xBDB8, 0xACF5, 0xD63B, 0xF73E,
  0x4A4A, 0x0841, 0xCE1A, 0xE6DD, 0xF73F, 0xFFBF, 0xC5F9, 0x0001, 0x0042, 0x0000, 0x83D0, 0xF73F,
  0x39A7, 0x0000, 0x3166, 0xF75F, 0xAD36, 0x0001, 0x0042, 0x0042, 0x0863, 0x0001, 0x39A7, 0xE6FD,
  0xEF3E, 0xFF9F, 0xF73F, 0xEF3F, 0xEF3E, 0x9CD4, 0x0000, 0x0063, 0x0062, 0x0042, 0x0062, 0x0062,
  0x0063, 0x0063, 0x0063, 0x0063, 0x0063, 0x0083, 0x0083, 0x0083, 0x0083, 0x0084, 0x0084, 0x0063,
  0x0063, 0x0083, 0x0083, 0x0083, 0x00A4, 0x00A4, 0x0084, 0x0042, 0x0043, 0x114A, 0x4290, 0x5330,
  0x5B50, 0x52EF, 0x428D, 0x6370, 0x4AAD, 0x322C, 0x2A0E, 0x4ACF, 0x530F, 0x428D, 0x4ACE, 0x320B,
  0x0084, 0x08C5, 0x08C5, 0x08C5, 0x08C5, 0x08A5, 0x1128, 0x1149, 0x21CC, 0x5312, 0x4AF1, 0x4AD0,
  0x3A8F, 0x42B1, 0x3A90, 0x4AF0, 0x6371, 0x6BB1, 0x73D1, 0x6BB1, 0x73D1, 0x8411, 0x6B91, 0x42AF,
  0x52EF, 0x5B30, 0x6350, 0x6B90, 0x73B0, 0x6370, 0x5B30, 0x6B70, 0x6351, 0x3291, 0x2212, 0x3A92,
  0x42D4, 0x5333, 0x5312, 0x5353, 0x8433, 0x8433, 0x8433, 0x3A90, 0x6C18, 0xBDFB, 0xCE9E, 0x5BB5,
  0x6C57, 0xC67C, 0xCEDE, 0xD6FF, 0x4B74, 0x4395, 0x7D39, 0xBE5C, 0x861F, 0x2B12, 0x0000, 0x0000,
  0x0062, 0x245B, 0x0928, 0x0000, 0x0021, 0x0021, 0x0021, 0x0021, 0x0021, 0x0021, 0x0021, 0x0021,
  0x0000, 0xAD15, 0x9CB4, 0x0000, 0x0021, 0x0021, 0x0021, 0x0021, 0x0021, 0x0021, 0x0021, 0x0021,
  0x0021, 0x0001, 0x1082, 0xCE3A, 0xE6DD, 0xDE9C, 0xF73E, 0xC5F9, 0x2104, 0xA4B4, 0xDEBC, 0xCE3A,
  0x4A29, 0x0000, 0x0021, 0x0021, 0x0001, 0x0021, 0x0021, 0x0001, 0x0021, 0x0021, 0x0000, 0x18E4,
  0xE6BC, 0x3186, 0x0000, 0x0021, 0x0021, 0x0000, 0x83F0, 0x62EC, 0x0000, 0x0021, 0x0021, 0x0000,
  0x8C31, 0xF73F, 0x2945, 0x0000, 0x0000, 0x18E4, 0xE6DD, 0xBD97, 0x4209, 0x528A, 0x2146, 0x0021,
  0x0000, 0x4208, 0xF75F, 0x6B0D, 0x0000, 0x0042, 0x0021, 0x0021, 0x0000, 0x0000, 0x31A7, 0x8411,
  0xEF1F, 0xB557, 0x0021, 0x0021, 0x0021, 0x0000, 0x0042, 0x4A4A, 0x9CB4, 0xFF7F, 0x9493, 0x0000,
  0x0000, 0x630D, 0xFFBF, 0x5AAB, 0x0000, 0x0000, 0x6B4E, 0xF79F, 0xC5D9, 0xD65B, 0xF75F, 0x62ED,
  0x0000, 0x10A3, 0xD63A, 0xCE1A, 0x4A29, 0x4A49, 0x31A7, 0x0021, 0x0042, 0x0000, 0x83D0, 0xF77F,
  0x39A7, 0x0000, 0x2126, 0xEEFD, 0xC5B9, 0x0000, 0x0000, 0x0022, 0x0001, 0x0000, 0x39C7, 0xF75F,
  0xA515, 0x4A29, 0x4229, 0x62EC, 0xEEFE, 0x9CB5, 0x0001, 0x0883, 0x0883, 0x0062, 0x0062, 0x0062,
  0x0062, 0x0063, 0x0063, 0x0063, 0x0063, 0x0083, 0x0083, 0x0063, 0x0063, 0x0063, 0x0063, 0x1108,
  0x21CC, 0x21CB, 0x08C6, 0x08E7, 0x0064, 0x0063, 0x08A5, 0x196A, 0x21CC, 0x42B0, 0x3A4C, 0x3A4D,
  0x424C, 0x42AE, 0x530F, 0x7BD1, 0x6B70, 0x322C, 0x3A4E, 0x4AEF, 0x5B30, 0x21AA, 0x2189, 0x10E6,
  0x00A5, 0x08A5, 0x08A5, 0x00A4, 0x0084, 0x0084, 0x19AD, 0x3AB1, 0x42D0, 0x4290, 0x4290, 0x42B0,
  0x42B2, 0x5B52, 0x6B71, 0x5B30, 0x6371, 0x73D1, 0x7BF1, 0x73B1, 0x73D1, 0x7C11, 0x6370, 0x530F,
  0x634F, 0x5B4F, 0x5B2F, 0x52EF, 0x52EE, 0x42AF, 0x4AEF, 0x632F, 0x634F, 0x4AEF, 0x3A91, 0x42F2,
  0x5B73, 0x73D2, 0x5B73, 0x6BB4, 0x73D3, 0x6B92, 0x6393, 0x3AB0, 0x6C78, 0xBE1C, 0xBE7E, 0x7CBA,
  0x94D9, 0xCE7D, 0xDEFF, 0xDEFF, 0x7499, 0x951B, 0xC63D, 0xDEBE, 0x863F, 0x224D, 0x0000, 0x0000,
  0x0000, 0x2419, 0x11EC, 0x0000, 0x0021, 0x0021, 0x0021, 0x0021, 0x0021, 0x0021, 0x0021, 0x0000,
  0x10A3, 0xDE9C, 0x39E8, 0x0000, 0x0021, 0x0021, 0x0021, 0x0021, 0x0021, 0x0021, 0x0021, 0x0021,
  0x0021, 0x0000, 0x738F, 0xF73F, 0xDE9C, 0xE6DD, 0xDE9C, 0xEF1F, 0x9C94, 0x0000, 0x2105, 0x0862,
  0x0000, 0x0021, 0x0021, 0x0021, 0x0021, 0x0021, 0x0001, 0x0001, 0x0021, 0x0021, 0x0021, 0x0000,
  0xAD16, 0x8411, 0x0000, 0x0041, 0x0021, 0x0000, 0x83D0, 0x62EC, 0x0000, 0x0021, 0x0021, 0x0000,
  0x8C11, 0xEF3E, 0x3166, 0x0020, 0x0020, 0x18C3, 0xEF1D, 0xA515, 0x0000, 0x0000, 0x0021, 0x0042,
  0x0000, 0x4209, 0xF75F, 0x62ED, 0x0000, 0x0041, 0x0021, 0x0000, 0x39C8, 0x526B, 0x0000, 0x0021,
  0xDE9B, 0xCE3A, 0x0021, 0x0000, 0x0000, 0x630D, 0x39C8, 0x0000, 0x2125, 0xEF1E, 0xB536, 0x0000,
  0x0000, 0x62CC, 0xF75F, 0x5AAB, 0x0000, 0x0000, 0x630D, 0xFFBF, 0x4A6A, 0x3187, 0xFF9F, 0xA515,
  0x0000, 0x0861, 0xD65B, 0xBDB8, 0x0000, 0x0000, 0x0001, 0x0021, 0x0021, 0x0000, 0x83D0, 0xF75F,
  0x39A7, 0x0000, 0x0021, 0xAD36, 0xF75F, 0x736F, 0x0841, 0x0862, 0x736F, 0x3186, 0x2966, 0xF77F,
  0x7BD0, 0x0000, 0x0000, 0x18E4, 0xE6DD, 0xA4D5, 0x0042, 0x10C4, 0x10C4, 0x0883, 0x0062, 0x0062,
  0x0062, 0x0063, 0x0063, 0x0063, 0x0063, 0x0063, 0x0083, 0x0063, 0x0063, 0x00A5, 0x00A5, 0x21CC,
  0x428F, 0x3A6E, 0x3A6F, 0x3A8F, 0x21AA, 0x0883, 0x1129, 0x42B0, 0x5310, 0x5B30, 0x29EB, 0x3A8F,
  0x5B30, 0x6350, 0x5B2F, 0x6B70, 0x73B0, 0x73B0, 0x5310, 0x5B30, 0x6350, 0x5B30, 0x5B0F, 0x428E,
  0x29CA, 0x0084, 0x00A4, 0x1107, 0x21EC, 0x198A, 0x19AE, 0x42D1, 0x5310, 0x42B0, 0x42B0, 0x3A91,
  0x6372, 0x6B91, 0x6371, 0x6B71, 0x6B91, 0x7BD1, 0x6BB1, 0x5330, 0x6370, 0x6370, 0x530F, 0x42AE,
  0x428D, 0x4ACE, 0x530E, 0x52EE, 0x52CE, 0x52EE, 0x5B0E, 0x5B2E, 0x5B2F, 0x52F0, 0x2A72, 0x5B53,
  0x73D2, 0x6BB1, 0x5311, 0x63B5, 0x63B4, 0x42D2, 0x6BB3, 0x5B73, 0x84B9, 0xBDFC, 0xD6BF, 0x951A,
  0x6BB5, 0xBDDB, 0xCE9E, 0xD6DF, 0x63F7, 0x8499, 0xC61D, 0xCE7D, 0x6DDF, 0x1989, 0x0000, 0x0000,
  0x0000, 0x2375, 0x1AD2, 0x0000, 0x0021, 0x0001, 0x0021, 0x0021, 0x0021, 0x0021, 0x0021, 0x0000,
  0x528B, 0xD63A, 0x0021, 0x0001, 0x0021, 0x0021, 0x0021, 0x0021, 0x0021, 0x0021, 0x0021, 0x0021,
  0x0000, 0x18C4, 0xDE7C, 0xE6DD, 0xE6BC, 0xE6BD, 0xE6BD, 0xDE7C, 0xEF1E, 0x4A6B, 0x0000, 0x0021,
  0x0021, 0x0021, 0x0021, 0x0021, 0x0021, 0x0001, 0x0001, 0x0021, 0x0001, 0x0021, 0x0021, 0x0000,
  0x630D, 0xCE1A, 0x0020, 0x0001, 0x0041, 0x0000, 0x83F0, 0x62EC, 0x0000, 0x0041, 0x0021, 0x0000,
  0x9452, 0xFF7F, 0xD65B, 0xD65B, 0xD65B, 0x528B, 0xE6FD, 0xF75F, 0xD65B, 0xD67C, 0xCE3A, 0x18E4,
  0x0000, 0x4A2A, 0xFFFF, 0x734E, 0x0000, 0x0042, 0x0021, 0x0000, 0x9473, 0xFFBF, 0xCE1A, 0xCE1A,
  0xFF9F, 0x7BAF, 0x0000, 0x0001, 0x10A2, 0xE6DD, 0xF77F, 0xC5D9, 0xDEBC, 0xFF7F, 0x5AAB, 0x0000,
  0x0000, 0x6B2D, 0xFFFF, 0x62ED, 0x0000, 0x0000, 0x6B2D, 0xFFDF, 0x630D, 0x0000, 0x9C94, 0xFFFF,
  0x7B8F, 0x0841, 0xE6FD, 0xF75F, 0xD65B, 0xD65B, 0xE6FD, 0x4A4A, 0x0000, 0x0000, 0x8C32, 0xFFDF,
  0x39E8, 0x0000, 0x0000, 0x2966, 0xD65B, 0xFF9F, 0xD67B, 0xD65B, 0xFFFF, 0x8411, 0x3166, 0xFFBF,
  0x8C32, 0x0000, 0x0042, 0x2987, 0xFF9F, 0xAD57, 0x0042, 0x10C4, 0x10C4, 0x10C4, 0x0883, 0x0062,
  0x0062, 0x0063, 0x0063, 0x0063, 0x0063, 0x0063, 0x0063, 0x0063, 0x00A5, 0x2A0E, 0x2A2E, 0x3A4D,
  0x4A8D, 0x5B0F, 0x6370, 0x5B0F, 0x428D, 0x0084, 0x218B, 0x3A6E, 0x4AAE, 0x324E, 0x428F, 0x5B30,
  0x6B90, 0x6370, 0x634F, 0x634F, 0x6B6F, 0x6B90, 0x6B90, 0x634F, 0x6370, 0x5B30, 0x6350, 0x5B0F,
  0x428D, 0x08C5, 0x0063, 0x21AB, 0x4AF1, 0x5331, 0x324F, 0x3250, 0x42D1, 0x4AF0, 0x3AB1, 0x5331,
  0x6BB1, 0x6B91, 0x73D1, 0x73B1, 0x73B0, 0x6B90, 0x5B70, 0x5330, 0x5B4F, 0x5B2F, 0x4AEE, 0x42AE,
  0x42CE, 0x52EE, 0x52EE, 0x52EE, 0x52EE, 0x52CE, 0x52CE, 0x52EE, 0x3250, 0x2A31, 0x42B0, 0x5B30,
  0x52EF, 0x4AB0, 0x3A92, 0x63B4, 0x6BD5, 0x6BB1, 0x73F3, 0x5352, 0x6C18, 0xB5BC, 0xCE7E, 0x9D5B,
  0x6374, 0xB59B, 0xCE7E, 0xD6DF, 0x7C79, 0x8CDA, 0xCE1C, 0xBE5E, 0x553E, 0x10E4, 0x0000, 0x0000,
  0x0000, 0x126F, 0x1B97, 0x0000, 0x0021, 0x0021, 0x0021, 0x0021, 0x0021, 0x0021, 0x0041, 0x0000,
  0x9452, 0xA4F5, 0x0000, 0x0021, 0x0021, 0x0021, 0x0021, 0x0021, 0x0021, 0x0001, 0x0021, 0x0021,
  0x0000, 0x83F1, 0xF73F, 0xDE9C, 0xE6BD, 0xE6BD, 0xDEBC, 0xE6FD, 0xEF1E, 0xC5D8, 0x0841, 0x0021,
  0x0021, 0x0001, 0x0021, 0x0021, 0x0021, 0x0021, 0x0021, 0x0021, 0x0001, 0x0021, 0x0021, 0x0000,
  0x2966, 0xDE9C, 0x2104, 0x0000, 0x0042, 0x0000, 0x83F1, 0x62EC, 0x0000, 0x0021, 0x0021, 0x0000,
  0x4A4A, 0x9452, 0x8C32, 0x9473, 0x9452, 0x3187, 0x83F1, 0x9473, 0x8C32, 0x9473, 0x8C11, 0x1082,
  0x0000, 0x2946, 0x9CD3, 0x4209, 0x0000, 0x0021, 0x0021, 0x0001, 0x10A3, 0x6B4E, 0xAD35, 0xA4F5,
  0x5ACC, 0x0021, 0x0021, 0x0021, 0x0021, 0x2967, 0x83F1, 0xAD16, 0xA4F5, 0x526A, 0x0000, 0x0021,
  0x0000, 0x39E8, 0x9CF4, 0x31A7, 0x0000, 0x0000, 0x39C7, 0x9C93, 0x39A7, 0x0000, 0x18C4, 0x8C32,
  0x83F1, 0x18C3, 0x83D0, 0x9473, 0x9452, 0x9452, 0x9CB3, 0x3187, 0x0001, 0x0000, 0x526B, 0x9CB3,
  0x2105, 0x0001, 0x0042, 0x0000, 0x18C4, 0x7B8F, 0xAD15, 0x9CB4, 0x5AAC, 0x0842, 0x18E4, 0x9473,
  0x526A, 0x0001, 0x0042, 0x18E4, 0x9473, 0x62ED, 0x0062, 0x10C4, 0x10C4, 0x10C4, 0x08A3, 0x0042,
  0x0042, 0x0063, 0x0063, 0x0042, 0x0063, 0x0063, 0x0063, 0x0063, 0x08E7, 0x29EC, 0x3A6D, 0x3A4E,
  0x52EF, 0x52EE, 0x5B0F, 0x52EE, 0x322C, 0x21CB, 0x1128, 0x08C6, 0x21CC, 0x2A0E, 0x4AAE, 0x634F,
  0x6B6F, 0x636F, 0x636F, 0x6B6F, 0x6B8F, 0x7390, 0x73B0, 0x52EE, 0x426C, 0x3A8D, 0x428D, 0x530F,
  0x3A4C, 0x08E6, 0x00A5, 0x198B, 0x5310, 0x5B30, 0x2A10, 0x3250, 0x5B51, 0x6371, 0x5B51, 0x73B1,
  0x6B91, 0x6B90, 0x73B1, 0x73D1, 0x5B50, 0x4AEF, 0x5330, 0x5330, 0x530F, 0x4AEE, 0x4AEE, 0x42AE,
  0x3A4C, 0x322B, 0x322B, 0x322B, 0x322B, 0x3A4C, 0x3A2B, 0x324E, 0x3250, 0x4AAF, 0x52EE, 0x4AAF,
  0x4ACF, 0x5310, 0x6B91, 0x6373, 0x6372, 0x73B1, 0x73D2, 0x5331, 0x5355, 0xA55A, 0xC65E, 0xADBC,
  0x5B94, 0xB59A, 0xC63D, 0xD6DF, 0x953A, 0x84BA, 0xCE3C, 0xAE5E, 0x44BB, 0x0021, 0x0000, 0x0000,
  0x0000, 0x098A, 0x241A, 0x0021, 0x0001, 0x0021, 0x0021, 0x0021, 0x0021, 0x0021, 0x0021, 0x0000,
  0xBD77, 0x738F, 0x0000, 0x0021, 0x0021, 0x0021, 0x0021, 0x0021, 0x0021, 0x0021, 0x0021, 0x0000,
  0x18C3, 0xD65B, 0xE6DD, 0xE6BD, 0xE6BD, 0xDEBC, 0xEEFE, 0x9473, 0xD65B, 0xF73F, 0x4A6A, 0x0000,
  0x0021, 0x0021, 0x0021, 0x0001, 0x0021, 0x0021, 0x0021, 0x0021, 0x0021, 0x0021, 0x0021, 0x0001,
  0x0862, 0xD63A, 0x4209, 0x0000, 0x0042, 0x0000, 0x83F1, 0x62EC, 0x0000, 0x0021, 0x0021, 0x0021,
  0x0000, 0x0000, 0x0000, 0x0000, 0x0000, 0x0000, 0x0000, 0x0000, 0x0000, 0x0000, 0x0000, 0x0000,
  0x0021, 0x0021, 0x0000, 0x0001, 0x0021, 0x0021, 0x0021, 0x0021, 0x0000, 0x0000, 0x0000, 0x0000,
  0x0000, 0x0021, 0x0001, 0x0001, 0x0022, 0x0001, 0x0000, 0x0000, 0x0000, 0x0000, 0x0021, 0x0021,
  0x0042, 0x0021, 0x0000, 0x0000, 0x0021, 0x0000, 0x0000, 0x0000, 0x0000, 0x0021, 0x0021, 0x0000,
  0x0000, 0x0021, 0x0000, 0x0000, 0x0000, 0x0000, 0x0000, 0x0001, 0x0041, 0x0041, 0x0001, 0x0000,
  0x0001, 0x0021, 0x0041, 0x0042, 0x0021, 0x0000, 0x0000, 0x0000, 0x0000, 0x0022, 0x0001, 0x0000,
  0x0001, 0x0042, 0x0042, 0x0022, 0x0000, 0x0021, 0x10A3, 0x10A4, 0x10C4, 0x10C4, 0x10C4, 0x0062,
  0x0084, 0x1947, 0x2148, 0x08A4, 0x0063, 0x0063, 0x0063, 0x0063, 0x0084, 0x08E7, 0x21AC, 0x3A8F,
  0x52EE, 0x5B2F, 0x5B2F, 0x5B0E, 0x5B2F, 0x6350, 0x31EB, 0x116B, 0x324F, 0x4ACE, 0x632F, 0x634F,
  0x5B0E, 0x634F, 0x634F, 0x636F, 0x632F, 0x6B6F, 0x6B70, 0x6B6F, 0x428D, 0x322B, 0x2168, 0x29A9,
  0x2188, 0x2188, 0x29A9, 0x29ED, 0x42B0, 0x3A91, 0x2A51, 0x4AF1, 0x6371, 0x6371, 0x6BB1, 0x73B1,
  0x6B70, 0x7390, 0x73B0, 0x7390, 0x5B2F, 0x5330, 0x5330, 0x4AEF, 0x4B0F, 0x3A4B, 0x1947, 0x08E6,
  0x1148, 0x21EA, 0x324B, 0x3A6B, 0x428C, 0x42AC, 0x4AED, 0x532F, 0x530F, 0x428D, 0x426E, 0x52EF,
  0x632F, 0x634F, 0x5B31, 0x5B51, 0x6B70, 0x5B32, 0x6370, 0x5B0F, 0x42D3, 0x9CF9, 0xCE7E, 0xBE3D,
  0x5B95, 0xAD9B, 0xCE5D, 0xD6BF, 0x9D5C, 0x849A, 0xCDFC, 0x961F, 0x3BF7, 0x0000, 0x0000, 0x0000,
  0x0000, 0x08A4, 0x247C, 0x08C5, 0x0000, 0x0021, 0x0021, 0x0021, 0x0021, 0x0021, 0x0001, 0x0020,
  0xCE1A, 0x528B, 0x0000, 0x0021, 0x0021, 0x0021, 0x0021, 0x0021, 0x0021, 0x0021, 0x0041, 0x0000,
  0x62ED, 0xEF3E, 0xDE9C, 0xE6BD, 0xDEBC, 0xEEFE, 0xBD98, 0x0000, 0x7BB0, 0xF71F, 0xA4F5, 0x0020,
  0x0021, 0x0021, 0x0021, 0x0021, 0x0021, 0x0021, 0x0021, 0x0021, 0x0021, 0x0021, 0x0021, 0x0021,
  0x0000, 0xC5D9, 0x630D, 0x0000, 0x0842, 0x0000, 0x83F1, 0x62EC, 0x0000, 0x0021, 0x0021, 0x0021,
  0x0021, 0x0001, 0x0001, 0x0000, 0x0000, 0x0021, 0x0021, 0x0021, 0x0021, 0x0021, 0x0021, 0x0000,
  0x0000, 0x0000, 0x0001, 0x0000, 0x0001, 0x0001, 0x0021, 0x0021, 0x0021, 0x0042, 0x0022, 0x0000,
  0x0000, 0x0020, 0x0861, 0x0841, 0x0000, 0x0000, 0x0000, 0x0042, 0x0042, 0x0021, 0x0021, 0x0001,
  0x0000, 0x0000, 0x0000, 0x0000, 0x0000, 0x0021, 0x0021, 0x0042, 0x0021, 0x0000, 0x0000, 0x0001,
  0x0001, 0x0000, 0x0021, 0x0021, 0x0021, 0x0042, 0x0022, 0x0000, 0x0000, 0x0000, 0x0001, 0x0001,
  0x0021, 0x0000, 0x0000, 0x0001, 0x0001, 0x0021, 0x0042, 0x0042, 0x0042, 0x0021, 0x0042, 0x0062,
  0x0062, 0x0042, 0x0042, 0x0042, 0x0863, 0x10A4, 0x10A4, 0x10C4, 0x10C4, 0x10C4, 0x08A4, 0x08A4,
  0x1947, 0x29A9, 0x29A8, 0x1968, 0x08E6, 0x0063, 0x0063, 0x1949, 0x29EC, 0x2A2E, 0x326F, 0x5B2F,
  0x52ED, 0x5B0E, 0x5B0E, 0x632E, 0x632F, 0x632F, 0x428E, 0x324D, 0x4AAE, 0x634E, 0x5B0F, 0x4ACE,
  0x52CE, 0x5B2E, 0x634F, 0x6B4E, 0x4AAE, 0x3A6F, 0x42D1, 0x4AF0, 0x4ACF, 0x52CD, 0x3A4C, 0x2189,
  0x21AB, 0x21CC, 0x21AC, 0x21EF, 0x4AD0, 0x3AB0, 0x4AF1, 0x5330, 0x6370, 0x73D1, 0x6BB1, 0x73B1,
  0x73D1, 0x7390, 0x73B0, 0x73B0, 0x5330, 0x4B0F, 0x4AEF, 0x42EF, 0x2189, 0x0001, 0x0043, 0x1148,
  0x2A2B, 0x4AEE, 0x532E, 0x6BB0, 0x8C72, 0x94D3, 0xA535, 0xAD76, 0xA534, 0x8C72, 0x6370, 0x52EE,
  0x52EE, 0x428E, 0x4AAF, 0x634F, 0x6350, 0x5311, 0x6350, 0x5B0F, 0x3AB2, 0x94F9, 0xCE7E, 0xCE7D,
  0x5B96, 0xA57B, 0xCE5D, 0xCE9E, 0xADBC, 0x84BA, 0xC5DB, 0x85FF, 0x32F1, 0x0000, 0x0020, 0x0000,
  0x0000, 0x0000, 0x243B, 0x09AA, 0x0000, 0x0021, 0x0021, 0x0021, 0x0021, 0x0021, 0x0001, 0x0841,
  0xCE3A, 0x4208, 0x0000, 0x0021, 0x0021, 0x0021, 0x0021, 0x0021, 0x0021, 0x0021, 0x0021, 0x0000,
  0xB557, 0xEEFE, 0xDEBC, 0xE6BD, 0xDEBC, 0xE6DD, 0x3187, 0x0020, 0x9473, 0xF75F, 0xC5D9, 0x0041,
  0x0001, 0x0021, 0x0001, 0x0021, 0x0001, 0x0021, 0x0021, 0x0021, 0x0021, 0x0021, 0x0021, 0x0021,
  0x0000, 0xB557, 0x738F, 0x0000, 0x0842, 0x0000, 0x83F1, 0x62EC, 0x0000, 0x0021, 0x0021, 0x0001,
  0x10A3, 0x8BEE, 0x9C2E, 0x940D, 0x7B8C, 0x0842, 0x0021, 0x0021, 0x0021, 0x0021, 0x0000, 0x2104,
  0x942F, 0x940E, 0x9C4E, 0x5248, 0x0000, 0x0021, 0x0001, 0x0021, 0x0021, 0x0000, 0x0841, 0x5A89,
  0xA46F, 0xCD93, 0xDE15, 0xD5F4, 0xBD32, 0x83AC, 0x3185, 0x0000, 0x0001, 0x0021, 0x0000, 0x0841,
  0x7B6C, 0x940D, 0x93ED, 0x9C4F, 0x41E7, 0x0001, 0x0021, 0x0021, 0x0021, 0x0000, 0x62C9, 0x9C2E,
  0x942F, 0x3165, 0x0001, 0x0021, 0x0021, 0x0001, 0x0841, 0x838C, 0x9C0E, 0x940E, 0x944F, 0x2945,
  0x0000, 0x39A6, 0x9C6F, 0x9C2E, 0x942E, 0x2124, 0x0021, 0x0042, 0x0042, 0x0042, 0x0042, 0x0042,
  0x0042, 0x0042, 0x0042, 0x0042, 0x0042, 0x08A3, 0x10A4, 0x08A4, 0x10C4, 0x10E5, 0x10C5, 0x10E6,
  0x1947, 0x2168, 0x1947, 0x1948, 0x1127, 0x08A5, 0x00A5, 0x21AB, 0x426D, 0x428E, 0x52EE, 0x4AAC,
  0x4AAD, 0x52ED, 0x5AEE, 0x5AED, 0x5B0E, 0x52CD, 0x3A4C, 0x4A8C, 0x4AAE, 0x4ACF, 0x324F, 0x3A6E,
  0x52EF, 0x634E, 0x5B0F, 0x3A6F, 0x220F, 0x3A91, 0x5312, 0x5B31, 0x4AD0, 0x4AF0, 0x4AB0, 0x21CD,
  0x21CC, 0x29CB, 0x21ED, 0x3270, 0x4AF0, 0x3AB1, 0x6350, 0x6B70, 0x6B90, 0x73D1, 0x6B90, 0x6370,
  0x6350, 0x6B70, 0x73B0, 0x6370, 0x4B10, 0x530F, 0x530F, 0x29CA, 0x00A6, 0x19A9, 0x324C, 0x73F1,
  0x8452, 0x94D3, 0x94D3, 0xA534, 0xAD76, 0xB5D7, 0xC639, 0xC659, 0xC639, 0xBDF8, 0xB5D7, 0x6350,
  0x426D, 0x426D, 0x52EE, 0x632E, 0x632F, 0x52EF, 0x5312, 0x5310, 0x3271, 0x94D8, 0xCE5D, 0xCE7E,
  0x5396, 0x9D3A, 0xCE5D, 0xCE9F, 0xB61D, 0x84BA, 0xBDBB, 0x7DDF, 0x21EB, 0x0000, 0x0000, 0x0000,
  0x0000, 0x0000, 0x2375, 0x1AB1, 0x0000, 0x0021, 0x0021, 0x0021, 0x0021, 0x0021, 0x0001, 0x0862,
  0xD63A, 0x39C7, 0x0000, 0x0021, 0x0021, 0x0021, 0x0001, 0x0021, 0x0021, 0x0021, 0x0000, 0x2946,
  0xE6DD, 0xE6BD, 0xDEBC, 0xDE9C, 0xEF1E, 0x9473, 0x0841, 0xAD16, 0xFFBF, 0xDE9B, 0x41E8, 0x0000,
  0x0021, 0x0021, 0x0021, 0x0001, 0x0021, 0x0021, 0x0021, 0x0021, 0x0021, 0x0021, 0x0021, 0x0021,
  0x0000, 0xB556, 0x83D0, 0x0000, 0x0842, 0x0000, 0x83F1, 0x62EC, 0x0000, 0x0021, 0x0021, 0x0000,
  0x5248, 0xFF9A, 0xFF18, 0xFEF7, 0xFF79, 0x942E, 0x0000, 0x0021, 0x0021, 0x0041, 0x0000, 0x62A9,
  0xFFBA, 0xFEF7, 0xFF79, 0xBD31, 0x0000, 0x0021, 0x0021, 0x0021, 0x0000, 0x41E6, 0xD5D3, 0xFF18,
  0xFF18, 0xFEF8, 0xFEF8, 0xFEF7, 0xFEF7, 0xFF17, 0xFEF8, 0xA46F, 0x1061, 0x0000, 0x0001, 0x10A2,
  0xF697, 0xFF38, 0xFED7, 0xFF9A, 0xB511, 0x0000, 0x0021, 0x0021, 0x0000, 0x20E3, 0xFED7, 0xFF18,
  0xFF9A, 0xACB0, 0x0000, 0x0041, 0x0021, 0x0000, 0x39A6, 0xFF38, 0xFF18, 0xFF18, 0xFF9A, 0x4A48,
  0x0000, 0xA490, 0xFFDB, 0xFED7, 0xFF99, 0x7B6C, 0x0000, 0x0062, 0x0042, 0x0042, 0x0042, 0x0042,
  0x0862, 0x0062, 0x0042, 0x0042, 0x0042, 0x0063, 0x0883, 0x0883, 0x10C4, 0x10C4, 0x10E5, 0x1926,
  0x2167, 0x2988, 0x29A8, 0x21A9, 0x29CA, 0x2168, 0x1149, 0x322E, 0x426C, 0x424C, 0x426C, 0x320A,
  0x426B, 0x4AAD, 0x428C, 0x4A8C, 0x5AED, 0x3A4C, 0x3A2B, 0x3A2D, 0x322E, 0x326F, 0x4AAF, 0x52EF,
  0x52EE, 0x6B6F, 0x3A90, 0x3251, 0x4AF1, 0x5B51, 0x6351, 0x6371, 0x6351, 0x5B31, 0x6330, 0x3A4E,
  0x29EB, 0x320B, 0x3A4D, 0x324F, 0x3A6F, 0x4AEF, 0x5B0F, 0x5B0E, 0x5B2F, 0x6350, 0x4ACF, 0x5B2F,
  0x6370, 0x634F, 0x5310, 0x42D0, 0x42CF, 0x42AE, 0x4ACE, 0x21AA, 0x42CE, 0x7C53, 0x8CD4, 0xAD76,
  0xB5B7, 0xB5B7, 0xB5D7, 0xBDF8, 0xC639, 0xBE39, 0xC67B, 0xC67B, 0xCE9C, 0xC67C, 0xCEBC, 0x8474,
  0x3A2C, 0x52EE, 0x52CE, 0x4AF0, 0x4AD0, 0x3A91, 0x42B2, 0x4AAF, 0x2A50, 0x8477, 0xC5FC, 0xC65E,
  0x53B7, 0x94F9, 0xCE5C, 0xD6BF, 0xBE1D, 0x849A, 0xADBC, 0x657E, 0x1105, 0x0000, 0x0000, 0x0000,
  0x0000, 0x0000, 0x1A6F, 0x23D8, 0x0000, 0x0021, 0x0021, 0x0021, 0x0021, 0x0021, 0x0001, 0x0861,
  0xCE3A, 0x41E8, 0x0000, 0x0021, 0x0021, 0x0021, 0x0021, 0x0021, 0x0021, 0x0021, 0x0000, 0x6B2E,
  0xF73F, 0xDE9C, 0xDE9C, 0xDE9C, 0xF75F, 0x8C32, 0x9CB4, 0xFFFF, 0xAD16, 0x18E4, 0x0000, 0x0021,
  0x0021, 0x0021, 0x0021, 0x0021, 0x0021, 0x0021, 0x0021, 0x0021, 0x0021, 0x0021, 0x0021, 0x0021,
  0x0000, 0xB597, 0x7B8F, 0x0000, 0x0842, 0x0000, 0x83F1, 0x62EC, 0x0000, 0x0041, 0x0021, 0x0000,
  0x5248, 0xFEF7, 0xEE76, 0xF696, 0xF697, 0xFF38, 0x4A27, 0x0000, 0x0021, 0x0021, 0x0000, 0x5A89,
  0xFEF8, 0xEE76, 0xFEF7, 0xB4D0, 0x0000, 0x0021, 0x0021, 0x0000, 0x62A9, 0xFF18, 0xFEF7, 0xF6B7,
  0xEE96, 0xFEB7, 0xFEF8, 0xFED7, 0xF696, 0xEE76, 0xF6B7, 0xFF38, 0xCD92, 0x10A3, 0x0021, 0x0000,
  0xACD0, 0xFEF7, 0xEE76, 0xF6B6, 0xD5D3, 0x0841, 0x0000, 0x0021, 0x0000, 0x62CA, 0xFF38, 0xEE76,
  0xF6B7, 0xDDF4, 0x0862, 0x0001, 0x0041, 0x0000, 0x732B, 0xFF18, 0xEE76, 0xF6B6, 0xDDF4, 0x1082,
  0x0000, 0x942E, 0xFF38, 0xEE56, 0xFEF8, 0x6B0B, 0x0000, 0x0862, 0x0042, 0x0042, 0x0062, 0x0062,
  0x0862, 0x0863, 0x0062, 0x0042, 0x0062, 0x0063, 0x0063, 0x0063, 0x08A4, 0x10C5, 0x18E5, 0x1926,
  0x2167, 0x2987, 0x31A8, 0x31C9, 0x29A9, 0x2167, 0x2168, 0x320B, 0x29CA, 0x29EB, 0x2168, 0x21A9,
  0x31E9, 0x4AAD, 0x3A2B, 0x424C, 0x3A6D, 0x2A0D, 0x2A0E, 0x322E, 0x4AAE, 0x52EE, 0x5AEE, 0x5B0E,
  0x52EF, 0x5310, 0x3250, 0x3A6F, 0x3A90, 0x4AF0, 0x5B30, 0x6350, 0x6B70, 0x6350, 0x5B10, 0x5B10,
  0x426D, 0x424B, 0x426C, 0x322C, 0x3A4C, 0x4A8D, 0x4A8D, 0x4A8C, 0x3A6E, 0x42CF, 0x4ACE, 0x5B2F,
  0x634F, 0x428F, 0x3A6F, 0x42AF, 0x52EE, 0x52EE, 0x4ACD, 0x4B30, 0x8CF6, 0xA598, 0xADD8, 0xB5F9,
  0xBE3A, 0xBE3A, 0xBE5A, 0xC65B, 0xC67B, 0xC67B, 0xC69C, 0xC67C, 0xBE7C, 0xC67C, 0xD6FE, 0x73D2,
  0x320B, 0x4AAD, 0x324F, 0x3A70, 0x2A0E, 0x322F, 0x3A6E, 0x3250, 0x2A4F, 0x7C36, 0xBDBB, 0xCE7E,
  0x5BB7, 0x94F9, 0xCE7D, 0xCE9E, 0xBE3D, 0x8479, 0x959D, 0x54BA, 0x0021, 0x0000, 0x0000, 0x0000,
  0x0000, 0x0000, 0x0948, 0x2C7B, 0x0062, 0x0000, 0x0021, 0x0021, 0x0021, 0x0021, 0x0001, 0x0000,
  0xC5F9, 0x528B, 0x0000, 0x0021, 0x0021, 0x0021, 0x0021, 0x0021, 0x0021, 0x0021, 0x0000, 0xAD16,
  0xEF1E, 0xDEBC, 0xE6DD, 0xE6BD, 0xEEFD, 0xCE3A, 0x630D, 0x736F, 0x0021, 0x0000, 0x0021, 0x0021,
  0x0021, 0x0001, 0x0021, 0x0021, 0x0001, 0x0021, 0x0021, 0x0021, 0x0021, 0x0021, 0x0021, 0x0021,
  0x0000, 0xC5B8, 0x62EC, 0x0000, 0x0042, 0x0000, 0x83F1, 0x62EC, 0x0000, 0x0021, 0x0021, 0x0000,
  0x5248, 0xFF18, 0xF696, 0xF6B7, 0xF6B7, 0xFED7, 0xE656, 0x18C3, 0x0001, 0x0041, 0x0000, 0x5A88,
  0xFF18, 0xEE96, 0xFF18, 0xB4D0, 0x0000, 0x0041, 0x0000, 0x39C6, 0xFF18, 0xF6D7, 0xF6B7, 0xF6D7,
  0xFF38, 0xE635, 0xC552, 0xCDB3, 0xFEB6, 0xFEF7, 0xF6B7, 0xEE96, 0xFF39, 0xB532, 0x0021, 0x0000,
  0x62C9, 0xFEF7, 0xF696, 0xF6B6, 0xFEB7, 0x3165, 0x0000, 0x0042, 0x0000, 0xACB0, 0xFF38, 0xF696,
  0xF6B7, 0xFED7, 0x39A6, 0x0000, 0x0042, 0x0000, 0xACB0, 0xFF18, 0xEE96, 0xFF18, 0xA46F, 0x0000,
  0x0000, 0x838C, 0xFF38, 0xEE76, 0xFF18, 0x62AA, 0x0000, 0x0862, 0x0042, 0x0042, 0x0862, 0x0883,
  0x0883, 0x0863, 0x0062, 0x0063, 0x0884, 0x08A4, 0x08A4, 0x0884, 0x10C4, 0x10E4, 0x1905, 0x2125,
  0x2146, 0x2147, 0x2167, 0x2987, 0x2167, 0x2147, 0x2146, 0x1926, 0x1948, 0x1947, 0x1948, 0x21AB,
  0x218A, 0x426C, 0x424B, 0x21CC, 0x21ED, 0x320D, 0x322D, 0x426D, 0x4AAD, 0x52CD, 0x5AEE, 0x5AED,
  0x42AE, 0x3A6F, 0x2A2F, 0x3A4E, 0x52CF, 0x6330, 0x5B0F, 0x6350, 0x6370, 0x634F, 0x4AAF, 0x4ACF,
  0x3A4C, 0x424B, 0x4A8C, 0x4A6B, 0x424B, 0x424B, 0x424B, 0x21CD, 0x222F, 0x42CF, 0x4AAE, 0x5B0E,
  0x4ACF, 0x2A4E, 0x428E, 0x4AEE, 0x52EE, 0x4ACD, 0x4ACD, 0x42AD, 0x6C14, 0x9D99, 0xADFA, 0xADFA,
  0xB61A, 0xC67B, 0xC69B, 0xCEBC, 0xCEDC, 0xD6DC, 0xD6DD, 0xD71E, 0xDF3E, 0xDF3F, 0x9517, 0x31EA,
  0x320A, 0x320C, 0x2A0E, 0x3A4C, 0x29EE, 0x3A4D, 0x3A4E, 0x426F, 0x2A0F, 0x7C36, 0xBDBB, 0xCE7E,
  0x63F8, 0x94D9, 0xCE5C, 0xCE9E, 0xC65E, 0x8479, 0x85BE, 0x43B5, 0x0000, 0x0000, 0x0000, 0x0000,
  0x0000, 0x0000, 0x0042, 0x2C7B, 0x0948, 0x0000, 0x0021, 0x0021, 0x0001, 0x0021, 0x0021, 0x0000,
  0xB557, 0x738F, 0x0000, 0x0021, 0x0021, 0x0021, 0x0021, 0x0021, 0x0021, 0x0000, 0x10A3, 0xD67B,
  0xE6DD, 0xEEFD, 0x738F, 0xCE1A, 0xE6BD, 0xEEFE, 0x4209, 0x0000, 0x0021, 0x0021, 0x0021, 0x0021,
  0x0021, 0x0021, 0x0021, 0x0021, 0x0021, 0x0021, 0x0021, 0x0001, 0x0001, 0x0021, 0x0021, 0x0001,
  0x0862, 0xD63A, 0x41E8, 0x0000, 0x0042, 0x0000, 0x83F0, 0x62EC, 0x0000, 0x0021, 0x0021, 0x0000,
  0x5248, 0xFF18, 0xF696, 0xF6B7, 0xF6B7, 0xF696, 0xFF18, 0xACD0, 0x0000, 0x0041, 0x0000, 0x5A88,
  0xFF18, 0xF696, 0xFF18, 0xB4D0, 0x0000, 0x0021, 0x0021, 0xCD93, 0xFF18, 0xF696, 0xF6B7, 0xFEF8,
  0x838C, 0x1082, 0x0021, 0x0021, 0x39A5, 0xD5F4, 0xFEF8, 0xF696, 0xF696, 0xFF18, 0x5A89, 0x0000,
  0x2944, 0xF6B7, 0xF6D7, 0xF697, 0xFF39, 0x6B0A, 0x0000, 0x0021, 0x1082, 0xE615, 0xFED7, 0xF6B7,
  0xF696, 0xFF38, 0x838C, 0x0000, 0x0021, 0x0862, 0xDDF4, 0xFEF7, 0xF696, 0xFF38, 0x62CA, 0x0000,
  0x0000, 0x732B, 0xFF38, 0xEE96, 0xFF18, 0x5248, 0x0000, 0x0862, 0x0042, 0x0862, 0x0021, 0x0000,
  0x0000, 0x0022, 0x0863, 0x0042, 0x0001, 0x0022, 0x0863, 0x10A4, 0x08A4, 0x10C4, 0x10C4, 0x10E5,
  0x1905, 0x1905, 0x1906, 0x1106, 0x1926, 0x1926, 0x1926, 0x1969, 0x29CC, 0x29EC, 0x21AC, 0x3A4D,
  0x322C, 0x322C, 0x3A4C, 0x21CC, 0x3A4D, 0x428C, 0x426C, 0x3A4C, 0x426C, 0x4AAC, 0x4AAD, 0x2A0D,
  0x2A0D, 0x324E, 0x428E, 0x4AAE, 0x530E, 0x632F, 0x632F, 0x5B2F, 0x5B2F, 0x5B2F, 0x52EE, 0x4AAE,
  0x320C, 0x21CA, 0x29EA, 0x31EA, 0x3A0A, 0x320A, 0x21AB, 0x19AC, 0x3A6E, 0x428E, 0x324E, 0x428D,
  0x324D, 0x324D, 0x428D, 0x42AD, 0x3A6C, 0x2A2C, 0x322B, 0x31EA, 0x322A, 0x4B0F, 0x6C33, 0xA598,
  0xCEDD, 0xE75E, 0xEF7E, 0xF7BF, 0xF7BF, 0xEF7E, 0xE75E, 0xCEBC, 0x9537, 0x5B70, 0x29A9, 0x21A9,
  0x21CA, 0x21EE, 0x322D, 0x322C, 0x322E, 0x3A4E, 0x3A8F, 0x4AD1, 0x21EF, 0x63D6, 0xA57A, 0xBE7D,
  0x6C38, 0x8C98, 0xCE3C, 0xCE9E, 0xBE5E, 0x7C59, 0x7DBF, 0x328E, 0x0000, 0x0000, 0x0000, 0x0000,
  0x0000, 0x0000, 0x0000, 0x23B7, 0x1290, 0x0000, 0x0021, 0x0001, 0x0021, 0x0021, 0x0021, 0x0000,
  0x8C32, 0xA4D4, 0x0000, 0x0021, 0x0021, 0x0021, 0x0021, 0x0021, 0x0021, 0x0000, 0x4229, 0xEEFE,
  0xE6DD, 0xCE3A, 0x0020, 0x8C11, 0xEF1E, 0xE6DE, 0xA4F5, 0x0020, 0x0021, 0x0021, 0x0021, 0x0021,
  0x0021, 0x0021, 0x0021, 0x0021, 0x0021, 0x0021, 0x0021, 0x0021, 0x0021, 0x0021, 0x0021, 0x0000,
  0x3166, 0xDE9C, 0x18C4, 0x0000, 0x0042, 0x0000, 0x83D0, 0x5ACC, 0x0000, 0x0021, 0x0021, 0x0000,
  0x5248, 0xFF18, 0xF6B7, 0xF6B7, 0xF6B6, 0xF6B6, 0xF696, 0xFF38, 0x6AEA, 0x0000, 0x0000, 0x5A68,
  0xFF18, 0xF696, 0xFF18, 0xB4D0, 0x0000, 0x0000, 0x4A07, 0xFF18, 0xF6B7, 0xF697, 0xFF18, 0x83AD,
  0x0000, 0x0001, 0x0021, 0x0021, 0x0000, 0x2124, 0xEE55, 0xF6B6, 0xF696, 0xFEF7, 0xC552, 0x0020,
  0x0041, 0xCDB4, 0xFF18, 0xF696, 0xFF38, 0xA46F, 0x0000, 0x0000, 0x41E6, 0xFEF7, 0xF696, 0xF6B7,
  0xF6B7, 0xFEF8, 0xC552, 0x0021, 0x0000, 0x3165, 0xFEB7, 0xF6B7, 0xF6B7, 0xF6B7, 0x2924, 0x0001,
  0x0000, 0x5A89, 0xFF18, 0xF696, 0xFEF8, 0x39A6, 0x0001, 0x0042, 0x0042, 0x0001, 0x2925, 0x7B90,
  0x6B4E, 0x10C4, 0x0001, 0x2126, 0x736F, 0x7BB0, 0x2987, 0x0062, 0x08A3, 0x10A3, 0x10A4, 0x08A4,
  0x08C4, 0x10C4, 0x10C5, 0x08C5, 0x10C5, 0x10E5, 0x1107, 0x21AA, 0x3A2B, 0x424C, 0x21CC, 0x3A2B,
  0x3A2B, 0x31EB, 0x31EB, 0x21AB, 0x3A4B, 0x426C, 0x3A2B, 0x3A2A, 0x320A, 0x29CA, 0x29CB, 0x21CC,
  0x320C, 0x3A6D, 0x4AAD, 0x4AAD, 0x5B0E, 0x5B0E, 0x52ED, 0x42AD, 0x4AAD, 0x4AAD, 0x428C, 0x428C,
  0x426C, 0x320A, 0x21A9, 0x2189, 0x1968, 0x116A, 0x19AB, 0x322C, 0x4A8C, 0x4AAD, 0x3A6D, 0x2A0C,
  0x322C, 0x3A2B, 0x322B, 0x3A4B, 0x320B, 0x2A0B, 0x29EA, 0x2188, 0x1948, 0x2A2B, 0x7432, 0xA577,
  0xC67A, 0xDEFC, 0xDF1C, 0xE73D, 0xE73D, 0xE73D, 0xE73D, 0xC65A, 0x94F5, 0x5B4F, 0x320A, 0x2189,
  0x198A, 0x29EE, 0x29CB, 0x21AA, 0x29EB, 0x3A70, 0x4290, 0x3A6F, 0x2A30, 0x7459, 0xBE1D, 0xE73F,
  0x7C78, 0x8477, 0xC61C, 0xCE7E, 0xC65E, 0x749A, 0x6D7E, 0x1946, 0x0000, 0x0000, 0x0000, 0x0000,
  0x0000, 0x0000, 0x0000, 0x126F, 0x1BB7, 0x0000, 0x0021, 0x0021, 0x0001, 0x0001, 0x0021, 0x0000,
  0x526A, 0xD63A, 0x0041, 0x0001, 0x0021, 0x0021, 0x0021, 0x0021, 0x0021, 0x0000, 0x83D0, 0xEF1E,
  0xEF1E, 0x8411, 0x0000, 0x3187, 0xE6FD, 0xE6BD, 0xDE9C, 0x2105, 0x0000, 0x0021, 0x0021, 0x0021,
  0x0021, 0x0021, 0x0021, 0x0021, 0x0021, 0x0001, 0x0021, 0x0021, 0x0021, 0x0021, 0x0021, 0x0000,
  0x6B4E, 0xBDB8, 0x0000, 0x0021, 0x0041, 0x0000, 0x83D0, 0x5ACC, 0x0000, 0x0021, 0x0021, 0x0000,
  0x5248, 0xFF18, 0xF6B7, 0xF6B7, 0xFED7, 0xF6B7, 0xF6B7, 0xF6B7, 0xF696, 0x2944, 0x0000, 0x5AA9,
  0xFF38, 0xF696, 0xFF18, 0xB4D0, 0x0000, 0x0000, 0x93ED, 0xFF38, 0xF697, 0xFED7, 0xEE56, 0x1082,
  0x0001, 0x0021, 0x0021, 0x0021, 0x0042, 0x0000, 0x8BCD, 0xFF18, 0xF697, 0xF6B7, 0xF6B7, 0x2924,
  0x0000, 0x93ED, 0xFF18, 0xEE96, 0xFEF7, 0xD5B3, 0x0841, 0x0000, 0x8BCD, 0xFF18, 0xF6B7, 0xF6B7,
  0xF6B7, 0xFED7, 0xF6B7, 0x2924, 0x0000, 0x62CA, 0xFF18, 0xEE96, 0xFEF8, 0xCD73, 0x0020, 0x0021,
  0x0000, 0x41E6, 0xFEF7, 0xF6B7, 0xF696, 0x2124, 0x0001, 0x0062, 0x0001, 0x3187, 0xDE9C, 0xEF1E,
  0xF75F, 0xBDB8, 0x39E9, 0xD65A, 0xF73F, 0xEF1E, 0xDEBC, 0x31A8, 0x0042, 0x0883, 0x0883, 0x0883,
  0x08A4, 0x08A4, 0x08A4, 0x08A4, 0x08A4, 0x08A4, 0x1107, 0x1948, 0x2188, 0x21A9, 0x29CA, 0x3A0A,
  0x3A0A, 0x3A0A, 0x3A09, 0x29C9, 0x29EA, 0x29C9, 0x2189, 0x29A9, 0x1948, 0x1149, 0x21AA, 0x29A9,
  0x29EA, 0x3A2B, 0x426C, 0x426C, 0x4AAC, 0x4AAC, 0x426C, 0x426C, 0x3A4C, 0x3A4B, 0x31EA, 0x29EA,
  0x31EA, 0x1968, 0x1127, 0x1128, 0x0928, 0x1969, 0x29EA, 0x3A2B, 0x3A4B, 0x424B, 0x320A, 0x29CA,
  0x320B, 0x320A, 0x29EA, 0x29EA, 0x29C9, 0x1947, 0x08C5, 0x08E7, 0x0928, 0x1A0C, 0x63F3, 0x8CB4,
  0x94B3, 0x9CD3, 0xA535, 0xAD55, 0xAD76, 0xBDD7, 0xC639, 0xCE59, 0xCE7A, 0xC619, 0xA514, 0x7C11,
  0x52CD, 0x218A, 0x1949, 0x196A, 0x21CE, 0x3250, 0x31EB, 0x31A9, 0x29CD, 0x6C18, 0xADBC, 0xE71F,
  0x7C98, 0x8457, 0xC61C, 0xCE7E, 0xC65D, 0x7D3C, 0x64FA, 0x0841, 0x0000, 0x0000, 0x0000, 0x0000,
  0x0000, 0x0000, 0x0000, 0x0906, 0x245C, 0x0063, 0x0000, 0x0021, 0x0021, 0x0021, 0x0021, 0x0000,
  0x10A3, 0xDE9C, 0x39E8, 0x0000, 0x0021, 0x0021, 0x0021, 0x0021, 0x0001, 0x0000, 0xB577, 0xEEFE,
  0xE6DD, 0x3187, 0x0000, 0x0000, 0x9CB4, 0xEF1E, 0xEF1E, 0x736E, 0x0000, 0x0021, 0x0001, 0x0021,
  0x0021, 0x0021, 0x0021, 0x0021, 0x0021, 0x0021, 0x0021, 0x0021, 0x0001, 0x0021, 0x0021, 0x0000,
  0xB577, 0x7BB0, 0x0000, 0x0021, 0x0021, 0x0000, 0x83D0, 0x5ACC, 0x0000, 0x0021, 0x0021, 0x0000,
  0x5248, 0xFF18, 0xF697, 0xFED7, 0xDDF4, 0xEE55, 0xFED7, 0xF696, 0xFF18, 0xCDB4, 0x0000, 0x5A89,
  0xFF18, 0xEE96, 0xFF18, 0xB4F0, 0x0000, 0x0000, 0xBD11, 0xFEF7, 0xEE96, 0xFF18, 0xBD32, 0x0000,
  0x0021, 0x0021, 0x0021, 0x0021, 0x0021, 0x0000, 0x4A07, 0xFF18, 0xF697, 0xF6B7, 0xFEF8, 0x41E7,
  0x0000, 0x4A07, 0xFEF7, 0xF696, 0xF6B7, 0xF6D7, 0x2965, 0x0000, 0xCDB4, 0xFEF8, 0xF6B7, 0xFED7,
  0xF6B7, 0xF6B7, 0xFF59, 0x6AEA, 0x0000, 0xA46F, 0xFF18, 0xEE96, 0xFF39, 0x83AD, 0x0000, 0x0042,
  0x0000, 0x3165, 0xF6B6, 0xFED7, 0xE656, 0x18A3, 0x0001, 0x0042, 0x0000, 0x9CB3, 0xF75F, 0xDE7C,
  0xDEBC, 0xE6FD, 0xDE9C, 0xE6DD, 0xDEBC, 0xDE9C, 0xF73F, 0x8C32, 0x0000, 0x0863, 0x0063, 0x0883,
  0x0883, 0x0883, 0x08A4, 0x08C5, 0x08C5, 0x08C5, 0x10E6, 0x1927, 0x1927, 0x1967, 0x2188, 0x2188,
  0x2988, 0x29A8, 0x29A8, 0x2188, 0x1947, 0x1947, 0x1947, 0x1127, 0x1107, 0x1947, 0x1968, 0x1948,
  0x29A9, 0x320A, 0x3A2A, 0x3A2A, 0x3A2B, 0x320A, 0x29C9, 0x320A, 0x320A, 0x320A, 0x31E9, 0x29A8,
  0x2188, 0x1127, 0x0907, 0x1107, 0x1128, 0x2189, 0x29A9, 0x29A9, 0x29C9, 0x29C9, 0x21A8, 0x2189,
  0x21C9, 0x29C9, 0x2188, 0x2188, 0x10E5, 0x0043, 0x00A6, 0x0949, 0x19AA, 0x2A2C, 0x326D, 0x3AAE,
  0x534F, 0x73F1, 0x9492, 0x9492, 0x94B2, 0xA514, 0xB596, 0xB596, 0xAD76, 0xAD55, 0xAD76, 0xB596,
  0xAD55, 0x73B0, 0x1948, 0x2169, 0x21AC, 0x3A2F, 0x2169, 0x29EF, 0x2211, 0x6C18, 0xADBC, 0xDEFF,
  0x7C98, 0x7C36, 0xC5FC, 0xCE7E, 0xBDFD, 0x85DF, 0x4BD4, 0x0000, 0x0000, 0x0000, 0x0000, 0x0000,
  0x0000, 0x0000, 0x0000, 0x0021, 0x243A, 0x098A, 0x0000, 0x0021, 0x0021, 0x0021, 0x0021, 0x0021,
  0x0000, 0xA4F5, 0x9CD4, 0x0000, 0x0021, 0x0021, 0x0021, 0x0021, 0x0000, 0x2104, 0xDE7C, 0xEEFE,
  0xB577, 0x0020, 0x0021, 0x0000, 0x31A7, 0xE6FD, 0xE6FD, 0xBD98, 0x0021, 0x0001, 0x0021, 0x0021,
  0x0021, 0x0001, 0x0021, 0x0001, 0x0021, 0x0021, 0x0001, 0x0021, 0x0021, 0x0021, 0x0000, 0x2125,
  0xE6BC, 0x2946, 0x0000, 0x0021, 0x0041, 0x0000, 0x83D0, 0x5ACC, 0x0000, 0x0021, 0x0021, 0x0000,
  0x5248, 0xFF18, 0xEE96, 0xFF38, 0xA48F, 0x62C9, 0xFF38, 0xF6B7, 0xF6B7, 0xFF7A, 0x7B6C, 0x41E6,
  0xFF17, 0xEE96, 0xFF18, 0xB4F0, 0x0000, 0x0021, 0xCD93, 0xFEF7, 0xEE96, 0xFF18, 0xA46F, 0x0000,
  0x0021, 0x0021, 0x0021, 0x0021, 0x0021, 0x0000, 0x3985, 0xFED7, 0xF696, 0xF696, 0xFEF8, 0x5248,
  0x0000, 0x10A2, 0xE656, 0xFEF8, 0xF697, 0xFF39, 0x5A89, 0x18E3, 0xFED7, 0xF6B7, 0xFEB7, 0xCDB4,
  0xF696, 0xF6B7, 0xFF38, 0xACB0, 0x0000, 0xD5D4, 0xFEF8, 0xF6B7, 0xFEF8, 0x41E6, 0x0000, 0x0041,
  0x0000, 0x18E3, 0xEE76, 0xFEF7, 0xD5D4, 0x0862, 0x0021, 0x0021, 0x0000, 0xAD36, 0xEF1E, 0xE6BC,
  0xE6DD, 0xE6BC, 0xE6BD, 0xE6BC, 0xE6DD, 0xDEBC, 0xEEFE, 0x9C94, 0x0000, 0x0062, 0x0042, 0x0062,
  0x0063, 0x0883, 0x08A4, 0x08A4, 0x08A4, 0x08C5, 0x10E5, 0x1105, 0x1106, 0x1106, 0x10E5, 0x1106,
  0x1926, 0x1946, 0x1946, 0x1926, 0x10E5, 0x08C5, 0x08C5, 0x08C5, 0x1106, 0x1926, 0x1126, 0x1947,
  0x2187, 0x2188, 0x2188, 0x29A8, 0x21A8, 0x2168, 0x1967, 0x2188, 0x2188, 0x2188, 0x1967, 0x1946,
  0x1926, 0x1947, 0x1126, 0x1126, 0x1947, 0x2168, 0x1947, 0x1947, 0x2188, 0x2188, 0x1967, 0x1947,
  0x1947, 0x1926, 0x1126, 0x1106, 0x08E7, 0x21EB, 0x326D, 0x430F, 0x6BF1, 0x4B0E, 0x4B0E, 0x7C52,
  0x94F4, 0x8CB3, 0x8C92, 0x94B3, 0xAD55, 0xA535, 0xB5B7, 0xBDF8, 0xBDF8, 0xBDD8, 0xC639, 0xC65A,
  0xBE3A, 0xBE19, 0x6390, 0x114A, 0x29F0, 0x322F, 0x2A0F, 0x3230, 0x218B, 0x63D7, 0xB5BC, 0xD6BE,
  0x84B9, 0x6BF6, 0xB5BC, 0xCE7E, 0xB5FD, 0x75BF, 0x2A4C, 0x0000, 0x0000, 0x0000, 0x0000, 0x0000,
  0x0000, 0x0000, 0x0000, 0x0000, 0x1B13, 0x1B13, 0x0000, 0x0021, 0x0021, 0x0021, 0x0001, 0x0021,
  0x0000, 0x39E8, 0xE6FD, 0x18E4, 0x0000, 0x0021, 0x0021, 0x0021, 0x0000, 0x528B, 0xEEFE, 0xEF1E,
  0x736E, 0x0000, 0x0021, 0x0021, 0x0000, 0xAD16, 0xEEFE, 0xE6DD, 0x39A7, 0x0000, 0x0021, 0x0021,
  0x0021, 0x0021, 0x0021, 0x0001, 0x0001, 0x0021, 0x0021, 0x0021, 0x0021, 0x0021, 0x0000, 0x9452,
  0xB577, 0x0000, 0x0021, 0x0021, 0x0041, 0x0000, 0x83D0, 0x5ACC, 0x0000, 0x0021, 0x0021, 0x0000,
  0x5248, 0xFF18, 0xEE96, 0xFF18, 0xB4F1, 0x0000, 0xB4F1, 0xFF39, 0xF6B7, 0xF6B7, 0xEE76, 0x9C4E,
  0xFEB7, 0xF696, 0xFF18, 0xB4D0, 0x0000, 0x0020, 0xCD93, 0xFEF8, 0xEE96, 0xFEF8, 0xA46F, 0x0000,
  0x0021, 0x0021, 0x0021, 0x0021, 0x0021, 0x0000, 0x39A6, 0xFED7, 0xF6B7, 0xF696, 0xFF18, 0x5248,
  0x0000, 0x0000, 0xACD1, 0xFF18, 0xEE96, 0xFF38, 0x8BCD, 0x5A89, 0xFF38, 0xF697, 0xFEF8, 0x5248,
  0xD5D4, 0xFEF8, 0xFED7, 0xDDD4, 0x3185, 0xF6B7, 0xF6D7, 0xFED8, 0xE635, 0x1082, 0x0001, 0x0021,
  0x0001, 0x0862, 0xD5F4, 0xFF18, 0xBD11, 0x0000, 0x0021, 0x0042, 0x0000, 0x83D0, 0xF73F, 0xDEBC,
  0xE6BD, 0xE6BD, 0xE6BD, 0xE6BD, 0xE6DD, 0xDE9C, 0xF75F, 0x736F, 0x0000, 0x0062, 0x0042, 0x0062,
  0x0062, 0x0063, 0x0063, 0x0063, 0x0883, 0x10C4, 0x10C4, 0x10C4, 0x08A4, 0x08A4, 0x08A4, 0x08C4,
  0x10C5, 0x10E5, 0x10E5, 0x08C5, 0x08C4, 0x08A4, 0x08A4, 0x08C5, 0x10E5, 0x10E5, 0x10E5, 0x1105,
  0x1105, 0x1106, 0x1946, 0x1946, 0x1926, 0x1926, 0x1926, 0x1906, 0x1105, 0x1105, 0x1926, 0x1106,
  0x1906, 0x1926, 0x1106, 0x1106, 0x1106, 0x1106, 0x10E5, 0x1106, 0x1926, 0x1947, 0x1926, 0x1105,
  0x10E5, 0x10E5, 0x10C5, 0x0906, 0x226E, 0x5BB1, 0x7453, 0x8CF5, 0x94D4, 0x8473, 0x9D15, 0xAD76,
  0xB5B7, 0xB5B7, 0xAD96, 0xB5D7, 0xBE18, 0xBDD8, 0xBDF8, 0xBE19, 0xC67B, 0xCEBC, 0xCE9C, 0xC69C,
  0xC67B, 0xC67B, 0x9D57, 0x1948, 0x198B, 0x42B4, 0x218B, 0x1949, 0x196B, 0x5376, 0xA57B, 0xD69E,
  0x8CF9, 0x8498, 0xBE3C, 0xD6BD, 0xBE9E, 0x6D5E, 0x10E4, 0x0000, 0x0000, 0x0000, 0x0000, 0x0000,
  0x0000, 0x0000, 0x0000, 0x0000, 0x09AA, 0x241A, 0x0021, 0x0001, 0x0021, 0x0021, 0x0021, 0x0021,
  0x0021, 0x0000, 0xBDB8, 0x9473, 0x0000, 0x0021, 0x0021, 0x0021, 0x0000, 0x8C52, 0xEF1E, 0xDEBC,
  0x2966, 0x0000, 0x0021, 0x0021, 0x0000, 0x4209, 0xE6DD, 0xEF3E, 0x8C11, 0x0000, 0x0021, 0x0021,
  0x0021, 0x0021, 0x0021, 0x0021, 0x0021, 0x0021, 0x0021, 0x0021, 0x0021, 0x0000, 0x2104, 0xEEFD,
  0x41E8, 0x0000, 0x0021, 0x0021, 0x0021, 0x0000, 0x83F0, 0x5ACC, 0x0000, 0x0021, 0x0021, 0x0000,
  0x4A48, 0xFF18, 0xEE96, 0xFF18, 0xB4F1, 0x0000, 0x18E3, 0xE656, 0xFED7, 0xF696, 0xF6B6, 0xFED7,
  0xF6B7, 0xF6B7, 0xFF18, 0xB4D0, 0x0000, 0x0000, 0xB4F1, 0xFF18, 0xEE96, 0xFEF8, 0xC573, 0x0000,
  0x0021, 0x0021, 0x0021, 0x0021, 0x0021, 0x0000, 0x5A89, 0xFF38, 0xF697, 0xF6B7, 0xFEF8, 0x39A6,
  0x0000, 0x0000, 0x6B0A, 0xFF18, 0xEE96, 0xFEF8, 0xC572, 0xB511, 0xFF18, 0xFED8, 0xE656, 0x0021,
  0x9C6F, 0xFF39, 0xF696, 0xEE96, 0x9C4F, 0xFED7, 0xF697, 0xFF39, 0xACD0, 0x0000, 0x0021, 0x0021,
  0x0021, 0x0000, 0xC552, 0xFFDB, 0xA48F, 0x0000, 0x0021, 0x0021, 0x0000, 0x2104, 0xDEBC, 0xE6DD,
  0xDE9C, 0xE6BD, 0xE6DD, 0xE6DD, 0xDE9C, 0xEEFE, 0xCE1A, 0x10A3, 0x0021, 0x0041, 0x0021, 0x0041,
  0x0042, 0x0042, 0x0042, 0x0042, 0x0042, 0x0063, 0x0063, 0x0062, 0x0063, 0x0063, 0x0063, 0x0063,
  0x0883, 0x0883, 0x0063, 0x0063, 0x0063, 0x0063, 0x0063, 0x0063, 0x0063, 0x0063, 0x0883, 0x0883,
  0x08A4, 0x08A4, 0x08A4, 0x08A4, 0x0884, 0x08A4, 0x08A4, 0x0883, 0x0883, 0x0883, 0x0883, 0x08A4,
  0x0883, 0x0883, 0x0063, 0x0063, 0x0063, 0x0083, 0x0883, 0x0084, 0x08A4, 0x08A4, 0x0884, 0x0883,
  0x0063, 0x0063, 0x0062, 0x08C5, 0x5392, 0x84D5, 0x9536, 0x9516, 0xADD8, 0xBE39, 0xBE3A, 0xBE19,
  0xBE19, 0xC65A, 0xBE19, 0xBE3A, 0xBE19, 0xBE3A, 0xBE3A, 0xB63B, 0xC67C, 0xC69C, 0xBE7C, 0xBE7C,
  0xBE7C, 0xCEDE, 0xADFC, 0x2A11, 0x08C6, 0x322F, 0x196A, 0x21AD, 0x2212, 0x4315, 0x9D3C, 0xD67E,
  0x84BA, 0x7C78, 0xA53C, 0xA55C, 0x95FF, 0x5478, 0x0000, 0x0000, 0x0000, 0x0000, 0x0000, 0x0000,
  0x0000, 0x0000, 0x0000, 0x0000, 0x0062, 0x245C, 0x0928, 0x0000, 0x0021, 0x0021, 0x0021, 0x0021,
  0x0021, 0x0000, 0x31A7, 0xEF1E, 0x3187, 0x0000, 0x0041, 0x0001, 0x0041, 0xC5B8, 0xF73F, 0xB556,
  0x0000, 0x0021, 0x0021, 0x0021, 0x0021, 0x0000, 0xB557, 0xF75F, 0xCE1A, 0x1082, 0x0000, 0x0021,
  0x0021, 0x0021, 0x0021, 0x0021, 0x0021, 0x0021, 0x0001, 0x0021, 0x0021, 0x0000, 0xB536, 0xAD15,
  0x0000, 0x0021, 0x0021, 0x0021, 0x0041, 0x0000, 0x83F0, 0x5AEC, 0x0000, 0x0021, 0x0021, 0x0000,
  0x5248, 0xFF18, 0xEE96, 0xFF18, 0xB4F1, 0x0000, 0x0000, 0x5227, 0xFED7, 0xF696, 0xF6B7, 0xF6B7,
  0xF6B7, 0xF6B7, 0xFF18, 0xB4D0, 0x0000, 0x0000, 0x83AC, 0xFF18, 0xF696, 0xF6B7, 0xF6F8, 0x3165,
  0x0000, 0x0041, 0x0021, 0x0021, 0x0021, 0x0000, 0xACD0, 0xFF38, 0xF696, 0xFED7, 0xE635, 0x1082,
  0x0001, 0x0000, 0x2944, 0xF6B6, 0xF6B7, 0xF6B7, 0xF6B7, 0xF6B7, 0xF6B7, 0xFF18, 0xA46F, 0x0000,
  0x5A89, 0xFEF7, 0xF696, 0xF6B7, 0xF6B7, 0xF6B7, 0xF696, 0xFF18, 0x6AEA, 0x0000, 0x0042, 0x0021,
  0x0021, 0x0000, 0x3985, 0x734B, 0x3165, 0x0021, 0x0021, 0x0021, 0x0021, 0x0000, 0x4209, 0xE6BD,
  0xE6DD, 0xDEBC, 0xE6DD, 0xDEBC, 0xEF1E, 0xDE7B, 0x2966, 0x0000, 0x0042, 0x0041, 0x0042, 0x0042,
  0x0042, 0x0042, 0x0042, 0x0042, 0x0042, 0x0062, 0x0883, 0x0883, 0x0083, 0x0883, 0x0883, 0x08A4,
  0x08A4, 0x08A4, 0x08A3, 0x08A3, 0x0883, 0x0083, 0x0083, 0x0083, 0x0883, 0x0883, 0x08A4, 0x10C4,
  0x10C5, 0x10C5, 0x10E5, 0x10C4, 0x10E5, 0x10E5, 0x10E5, 0x10E5, 0x10C4, 0x10C4, 0x08C4, 0x08C4,
  0x08A4, 0x0083, 0x0063, 0x0063, 0x0083, 0x0883, 0x08A4, 0x08A4, 0x08A4, 0x08A4, 0x08A4, 0x08A4,
  0x08A4, 0x08A4, 0x08A4, 0x0083, 0x3AAD, 0x84F7, 0x8D37, 0x8D17, 0x9D78, 0xBE5A, 0xCE9C, 0xBE3A,
  0xBE3A, 0xC67B, 0xC65A, 0xC67B, 0xC67B, 0xCEBC, 0xCEBC, 0xCEBC, 0xD6FD, 0xD6FD, 0xC69D, 0xC69D,
  0xCEDD, 0xD71E, 0x5B51, 0x29CF, 0x3A55, 0x5337, 0x21CC, 0x3255, 0x21AF, 0x3AD3, 0xA55D, 0x7C5D,
  0x539A, 0x7C59, 0xB5DD, 0xC61D, 0x7DBF, 0x32AF, 0x0000, 0x0000, 0x0000, 0x0000, 0x0000, 0x0000,
  0x0000, 0x0000, 0x0000, 0x0000, 0x0000, 0x1B76, 0x12B1, 0x0000, 0x0021, 0x0021, 0x0021, 0x0021,
  0x0021, 0x0021, 0x0000, 0x8411, 0xD65B, 0x0841, 0x0021, 0x0000, 0x2946, 0xDE9C, 0xF73F, 0x6B0D,
  0x0000, 0x0021, 0x0021, 0x0021, 0x0021, 0x0000, 0x526A, 0xEF1E, 0xEEFE, 0x528B, 0x0000, 0x0021,
  0x0021, 0x0001, 0x0021, 0x0021, 0x0021, 0x0021, 0x0021, 0x0021, 0x0000, 0x630D, 0xE6DD, 0x18C3,
  0x0000, 0x0021, 0x0021, 0x0021, 0x0021, 0x0000, 0x83D0, 0x5ACC, 0x0000, 0x0021, 0x0021, 0x0000,
  0x5248, 0xFF18, 0xEE96, 0xFF18, 0xB511, 0x0000, 0x0041, 0x0000, 0x940D, 0xFF39, 0xF6B7, 0xF6B7,
  0xF6B7, 0xF696, 0xFF18, 0xB4D0, 0x0000, 0x0001, 0x3985, 0xFED7, 0xF6B7, 0xF6B7, 0xFEF8, 0xC532,
  0x0861, 0x0000, 0x0000, 0x0000, 0x0000, 0x5A89, 0xFED7, 0xF6B7, 0xF697, 0xFF18, 0x9C4F, 0x0000,
  0x0021, 0x0001, 0x0020, 0xD5B3, 0xFF18, 0xF6B7, 0xF6D7, 0xF6D7, 0xF6B7, 0xFEF8, 0x5248, 0x0000,
  0x18C3, 0xEE55, 0xFED7, 0xF6B7, 0xF6B7, 0xF6B7, 0xF6B7, 0xF6B7, 0x2944, 0x0000, 0x0021, 0x0021,
  0x0021, 0x0001, 0x0000, 0x0000, 0x0000, 0x0021, 0x0021, 0x0021, 0x0021, 0x0042, 0x0000, 0x4209,
  0xE6DD, 0xE6FD, 0xDE7C, 0xEEFE, 0xD63A, 0x2946, 0x0000, 0x0062, 0x0042, 0x0042, 0x0042, 0x0042,
  0x0042, 0x0042, 0x0042, 0x0042, 0x0042, 0x0042, 0x0883, 0x08A4, 0x08A4, 0x08A4, 0x08A4, 0x10C5,
  0x10E5, 0x10E5, 0x10E5, 0x10E5, 0x08C4, 0x08A4, 0x08C4, 0x10C5, 0x10C5, 0x10E5, 0x10E5, 0x1926,
  0x1926, 0x1946, 0x2167, 0x2147, 0x2167, 0x2147, 0x1947, 0x2147, 0x1947, 0x1947, 0x1926, 0x1106,
  0x10E5, 0x08C5, 0x08A4, 0x08C4, 0x08C5, 0x08C5, 0x10E5, 0x10E5, 0x1106, 0x1106, 0x10E5, 0x10E5,
  0x10E5, 0x1105, 0x10E5, 0x10C5, 0x08C4, 0x324C, 0x63F3, 0x7CB6, 0x9578, 0xBE5B, 0xC67B, 0xC69B,
  0xCE9B, 0xCEBC, 0xD6DC, 0xD6FD, 0xDEFD, 0xDF1D, 0xDF3E, 0xE73E, 0xDF3E, 0xDF5F, 0xDF5F, 0xDF1E,
  0xBE3C, 0x63B7, 0x194E, 0x196C, 0x3210, 0x743C, 0x5316, 0x29F3, 0x21AF, 0x3AB4, 0x535C, 0x84BD,
  0xAD9B, 0x7417, 0xD67D, 0xC67E, 0x6D7E, 0x1106, 0x0000, 0x0000, 0x0000, 0x0000, 0x0000, 0x0000,
  0x0000, 0x0000, 0x0000, 0x0000, 0x0000, 0x11EC, 0x241A, 0x0021, 0x0001, 0x0021, 0x0021, 0x0021,
  0x0021, 0x0021, 0x0021, 0x0020, 0xBDB8, 0xAD16, 0x0000, 0x0000, 0x62ED, 0xEF1E, 0xDEBC, 0x2105,
  0x0000, 0x0021, 0x0021, 0x0021, 0x0021, 0x0021, 0x0021, 0xB577, 0xF73F, 0xA4F5, 0x0000, 0x0021,
  0x0021, 0x0021, 0x0021, 0x0021, 0x0021, 0x0021, 0x0042, 0x0000, 0x41E8, 0xF73F, 0x4A49, 0x0000,
  0x0021, 0x0021, 0x0021, 0x0021, 0x0021, 0x0000, 0x83F0, 0x5ACC, 0x0000, 0x0021, 0x0021, 0x0000,
  0x5248, 0xFF18, 0xF696, 0xFF18, 0xB4F1, 0x0000, 0x0021, 0x0021, 0x0861, 0xD5F4, 0xFF18, 0xF696,
  0xF6B7, 0xF696, 0xFF18, 0xB4D0, 0x0000, 0x0021, 0x0000, 0xB4F1, 0xFF59, 0xF696, 0xF696, 0xFEF8,
  0xD5F5, 0x6AEA, 0x3165, 0x41C6, 0x942E, 0xFEF8, 0xF6B7, 0xF696, 0xF6D7, 0xF6D7, 0x2944, 0x0000,
  0x0021, 0x0021, 0x0000, 0x940E, 0xFF59, 0xF6B7, 0xF6B7, 0xF6B7, 0xFED8, 0xEE76, 0x18A2, 0x0000,
  0x0000, 0xB511, 0xFF39, 0xF696, 0xF6B6, 0xF6B6, 0xFF18, 0xCDB4, 0x0021, 0x0021, 0x0021, 0x0021,
  0x0021, 0x1082, 0xA46F, 0xD5F4, 0x83AD, 0x0021, 0x0021, 0x0021, 0x0021, 0x0021, 0x0042, 0x0000,
  0x31A7, 0xD67B, 0xF75F, 0xC5F9, 0x2105, 0x0000, 0x0862, 0x0042, 0x0062, 0x0062, 0x0062, 0x0062,
  0x0062, 0x0062, 0x0062, 0x0062, 0x0062, 0x0063, 0x0884, 0x08A4, 0x10C5, 0x10E5, 0x10C5, 0x10E5,
  0x10E5, 0x1906, 0x1106, 0x10E5, 0x08C5, 0x08C5, 0x10E5, 0x1106, 0x1106, 0x1926, 0x1926, 0x1947,
  0x2167, 0x2167, 0x29A8, 0x29A8, 0x2988, 0x2167, 0x1967, 0x2188, 0x2168, 0x2167, 0x2147, 0x1927,
  0x1106, 0x1106, 0x10E5, 0x10E6, 0x1106, 0x1106, 0x1106, 0x1106, 0x1947, 0x2147, 0x1926, 0x1926,
  0x1926, 0x1926, 0x1946, 0x1947, 0x1926, 0x10E5, 0x1127, 0x322B, 0x6BF1, 0xADF9, 0xE73E, 0xEF9E,
  0xF79F, 0xEF7E, 0xEF7E, 0xF79F, 0xF7BF, 0xF7BF, 0xF7BF, 0xF7BF, 0xE73E, 0xAD98, 0x73F2, 0x3A6C,
  0x1970, 0x1151, 0x19B1, 0x2A56, 0x2A35, 0x4AF8, 0x73FE, 0x29D0, 0x21F3, 0x3AB9, 0x639C, 0xD6BF,
  0xCE7D, 0x7418, 0xAD7B, 0x9DFF, 0x5CDA, 0x0020, 0x0000, 0x0000, 0x0000, 0x0000, 0x0000, 0x0000,
  0x0000, 0x0000, 0x0000, 0x0000, 0x0000, 0x0063, 0x247C, 0x0927, 0x0000, 0x0021, 0x0021, 0x0021,
  0x0021, 0x0021, 0x0021, 0x0000, 0x10A3, 0xD65B, 0x9C94, 0x0000, 0x52AB, 0xFFBF, 0x9CB4, 0x0000,
  0x0021, 0x0021, 0x0021, 0x0021, 0x0021, 0x0021, 0x0000, 0x528B, 0xFFBF, 0xDEBC, 0x1082, 0x0000,
  0x0021, 0x0021, 0x0021, 0x0021, 0x0021, 0x0021, 0x0000, 0x39A7, 0xEF1E, 0x734E, 0x0000, 0x0021,
  0x0021, 0x0021, 0x0021, 0x0021, 0x0021, 0x0000, 0x83D0, 0x5ACC, 0x0000, 0x0021, 0x0021, 0x0000,
  0x5248, 0xFF18, 0xEE96, 0xFF18, 0xB4F0, 0x0000, 0x0021, 0x0021, 0x0000, 0x3985, 0xF6D7, 0xF6B6,
  0xF6B7, 0xF696, 0xFF18, 0xB4D0, 0x0000, 0x0041, 0x0001, 0x2104, 0xE656, 0xFEF7, 0xF696, 0xF6B7,
  0xFF18, 0xFF18, 0xFEB6, 0xFED7, 0xFF38, 0xF6D7, 0xF6B7, 0xF6B6, 0xFF39, 0x730A, 0x0000, 0x0021,
  0x0021, 0x0021, 0x0000, 0x4A27, 0xFF18, 0xF696, 0xF6B7, 0xF696, 0xFF18, 0xB4F1, 0x0000, 0x0041,
  0x0000, 0x6B0A, 0xFF18, 0xF696, 0xF6B7, 0xF696, 0xFF59, 0x8BEE, 0x0000, 0x0042, 0x0021, 0x0021,
  0x0000, 0x8BCD, 0xFF79, 0xF6D7, 0xFF59, 0x62CA, 0x0000, 0x0042, 0x0022, 0x0022, 0x0042, 0x0042,
  0x0000, 0x31A8, 0xB577, 0x1905, 0x0001, 0x0862, 0x0042, 0x0062, 0x0062, 0x0062, 0x0063, 0x0863,
  0x0863, 0x0863, 0x0063, 0x0063, 0x0063, 0x0083, 0x0084, 0x08A4, 0x10E5, 0x10E5, 0x08E5, 0x10E5,
  0x10E5, 0x1926, 0x1926, 0x1106, 0x10E6, 0x10E5, 0x1106, 0x1126, 0x1927, 0x1927, 0x1947, 0x2168,
  0x2188, 0x2188, 0x29C9, 0x29A9, 0x29C9, 0x29A9, 0x2189, 0x29A9, 0x29A9, 0x29A8, 0x2168, 0x1927,
  0x10E6, 0x10E6, 0x1106, 0x1127, 0x1927, 0x1107, 0x1127, 0x1127, 0x1948, 0x2188, 0x2168, 0x2168,
  0x2167, 0x2167, 0x2167, 0x1947, 0x1147, 0x1149, 0x328E, 0x84D5, 0xADD8, 0xB61A, 0xC67B, 0xD6DC,
  0xDF1C, 0xE71D, 0xDF1D, 0xE73D, 0xEF7E, 0xF79E, 0xF79F, 0xEF7E, 0xE75E, 0xDEFC, 0xC65A, 0x94F5,
  0x5B52, 0x320C, 0x198C, 0x198D, 0x216B, 0x21AE, 0x5B7A, 0x639B, 0x21F4, 0x42DA, 0x94FD, 0xBDFE,
  0x849C, 0x7C3A, 0xAD5B, 0x7DFF, 0x3B11, 0x0000, 0x0000, 0x0000, 0x0000, 0x0000, 0x0000, 0x0000,
  0x0000, 0x0000, 0x0000, 0x0000, 0x0000, 0x0000, 0x1B76, 0x12D2, 0x0000, 0x0022, 0x0021, 0x0021,
  0x0021, 0x0021, 0x0021, 0x0021, 0x0000, 0x18E4, 0xD69B, 0xAD36, 0x0861, 0x2966, 0x10A3, 0x0021,
  0x0021, 0x0021, 0x0021, 0x0021, 0x0021, 0x0021, 0x0001, 0x0041, 0x8C11, 0x736F, 0x0020, 0x0021,
  0x0021, 0x0021, 0x0021, 0x0021, 0x0001, 0x0000, 0x4A4A, 0xF73E, 0x7BAF, 0x0000, 0x0021, 0x0021,
  0x0021, 0x0021, 0x0021, 0x0021, 0x0021, 0x0000, 0x83F0, 0x62EC, 0x0000, 0x0021, 0x0021, 0x0000,
  0x5248, 0xFF18, 0xEE76, 0xFEF8, 0xB4F0, 0x0000, 0x0021, 0x0021, 0x0021, 0x0000, 0x732B, 0xFF38,
  0xF697, 0xF696, 0xFEF8, 0xB4F1, 0x0000, 0x0021, 0x0042, 0x0000, 0x2944, 0xDDF4, 0xFF59, 0xFED7,
  0xF696, 0xEE76, 0xF696, 0xEE96, 0xEE76, 0xF6B7, 0xFF39, 0xFF18, 0x734B, 0x0000, 0x0021, 0x0021,
  0x0021, 0x0021, 0x0000, 0x10A2, 0xEE55, 0xFED7, 0xF6B7, 0xF6B7, 0xFF38, 0x6ACA, 0x0000, 0x0042,
  0x0000, 0x2903, 0xF696, 0xF6B7, 0xF6B7, 0xF6B6, 0xFEF7, 0x49E7, 0x0000, 0x0021, 0x0021, 0x0021,
  0x0000, 0xB4F1, 0xFEF8, 0xE635, 0xFF38, 0x940E, 0x0000, 0x0042, 0x0022, 0x0042, 0x0042, 0x0042,
  0x0062, 0x0021, 0x0021, 0x0022, 0x0063, 0x0062, 0x0063, 0x0063, 0x0063, 0x0863, 0x0883, 0x0883,
  0x0883, 0x0883, 0x0883, 0x0883, 0x0884, 0x0884, 0x0884, 0x08A5, 0x10E6, 0x1106, 0x08E6, 0x1106,
  0x1927, 0x1947, 0x1926, 0x1906, 0x1106, 0x1106, 0x1107, 0x1927, 0x1947, 0x1948, 0x1948, 0x1968,
  0x2189, 0x2189, 0x21A9, 0x21A9, 0x21AA, 0x29AA, 0x21AA, 0x21A9, 0x29A9, 0x29A9, 0x1968, 0x1948,
  0x1107, 0x1106, 0x1107, 0x1127, 0x1948, 0x1107, 0x1127, 0x1948, 0x1968, 0x2988, 0x2188, 0x2188,
  0x2188, 0x10E5, 0x0084, 0x00C6, 0x0948, 0x1169, 0x19AA, 0x4B51, 0x8CD5, 0x9D15, 0xA535, 0xA555,
  0xAD55, 0xB596, 0xB596, 0xB5D7, 0xC619, 0xCE9A, 0xD6BB, 0xCE9B, 0xCE7A, 0xD6DC, 0xDEFC, 0xD6BB,
  0xBDF8, 0xA535, 0x8451, 0x4ACE, 0x3254, 0x3256, 0x4AD7, 0x7C3D, 0x639A, 0x4B3A, 0x7C5C, 0x4B3C,
  0x6C1C, 0x8CBA, 0xB5FC, 0x6D9F, 0x1926, 0x0000, 0x0000, 0x0000, 0x0000, 0x0000, 0x0000, 0x0000,
  0x0000, 0x0000, 0x0000, 0x0000, 0x0000, 0x0000, 0x11CB, 0x245B, 0x0022, 0x0022, 0x0063, 0x0063,
  0x0042, 0x0021, 0x0021, 0x0021, 0x0021, 0x0000, 0x10A3, 0xBDB8, 0xD63B, 0x2946, 0x0000, 0x0001,
  0x0022, 0x0021, 0x0021, 0x0021, 0x0021, 0x0021, 0x0021, 0x0021, 0x0000, 0x0000, 0x0021, 0x0021,
  0x0021, 0x0021, 0x0021, 0x0000, 0x0841, 0x8C32, 0xEF3E, 0x5AEC, 0x0000, 0x0021, 0x0021, 0x0021,
  0x0021, 0x0021, 0x0021, 0x0021, 0x0021, 0x0000, 0x83F1, 0x62EC, 0x0000, 0x0021, 0x0021, 0x0000,
  0x4A07, 0xFF18, 0xF696, 0xFF18, 0xACD0, 0x0000, 0x0021, 0x0021, 0x0021, 0x0021, 0x0020, 0xB4F1,
  0xFF18, 0xF6B7, 0xFF38, 0xA46F, 0x0000, 0x0021, 0x0021, 0x0021, 0x0000, 0x1082, 0x8BEE, 0xE635,
  0xFEF7, 0xFF18, 0xFF39, 0xFF39, 0xFF18, 0xF6B6, 0xBD32, 0x39C6, 0x0000, 0x0021, 0x0021, 0x0021,
  0x0021, 0x0021, 0x0021, 0x0000, 0xACD0, 0xFF38, 0xF6D8, 0xFEF8, 0xEE55, 0x18C3, 0x0000, 0x0021,
  0x0021, 0x0000, 0xBD31, 0xFF18, 0xF6B7, 0xFEF8, 0xDDF4, 0x1061, 0x0000, 0x0021, 0x0021, 0x0021,
  0x0000, 0x5268, 0xFEF7, 0xFF18, 0xF697, 0x39A6, 0x0001, 0x0042, 0x0022, 0x0042, 0x0042, 0x0042,
  0x0042, 0x0042, 0x0062, 0x0063, 0x0063, 0x0063, 0x0863, 0x0063, 0x0863, 0x0883, 0x0883, 0x0883,
  0x08A3, 0x0883, 0x0883, 0x08A4, 0x0083, 0x0063, 0x0063, 0x0084, 0x10E6, 0x10E6, 0x08E6, 0x1106,
  0x1927, 0x1947, 0x1106, 0x1906, 0x1927, 0x1927, 0x1106, 0x1927, 0x1947, 0x1948, 0x1968, 0x2168,
  0x2189, 0x29A9, 0x2189, 0x2189, 0x21A9, 0x29AA, 0x21AA, 0x21AA, 0x218A, 0x21A9, 0x1948, 0x1127,
  0x1106, 0x08E6, 0x08E6, 0x1106, 0x1127, 0x1107, 0x1128, 0x1948, 0x2168, 0x29A9, 0x29A9, 0x2189,
  0x08C5, 0x0085, 0x00E6, 0x08E6, 0x0907, 0x1989, 0x42CE, 0x3A8C, 0x326D, 0x5350, 0x7C32, 0x9492,
  0x8C51, 0x94B2, 0xA534, 0xAD35, 0xAD55, 0xB596, 0xBDD7, 0xBDD7, 0xC639, 0xC659, 0xBDF8, 0xB596,
  0xAD76, 0xB5B7, 0xB5B7, 0xA534, 0x8497, 0x4294, 0x2A13, 0x6BDB, 0x7C3D, 0x63BB, 0x7C7C, 0x8CFC,
  0xD6BE, 0x8C7A, 0x8DBE, 0x5478, 0x0000, 0x0000, 0x0000, 0x0000, 0x0000, 0x0000, 0x0000, 0x0000,
  0x0000, 0x0000, 0x0000, 0x0000, 0x0000, 0x0000, 0x0041, 0x2C9C, 0x11AB, 0x0842, 0x10E6, 0x08A4,
  0x0042, 0x0021, 0x0021, 0x0021, 0x0021, 0x0021, 0x0000, 0x0000, 0x7BD0, 0xEEFE, 0x9CB4, 0x2105,
  0x0000, 0x0000, 0x0000, 0x0021, 0x0021, 0x0021, 0x0041, 0x0042, 0x0041, 0x0041, 0x0021, 0x0021,
  0x0000, 0x0000, 0x0000, 0x528B, 0xD65B, 0xCE1A, 0x3187, 0x0000, 0x0021, 0x0021, 0x0021, 0x0021,
  0x0021, 0x0021, 0x0021, 0x0021, 0x0021, 0x0000, 0x8C32, 0x630D, 0x0000, 0x0021, 0x0021, 0x0001,
  0x0021, 0x3165, 0x3165, 0x3185, 0x18C3, 0x0001, 0x0021, 0x0021, 0x0021, 0x0021, 0x0001, 0x0861,
  0x3185, 0x3165, 0x3186, 0x1082, 0x0001, 0x0021, 0x0021, 0x0021, 0x0021, 0x0001, 0x0000, 0x10A2,
  0x4A27, 0x732B, 0x83AD, 0x7B8C, 0x62A9, 0x2924, 0x0000, 0x0000, 0x0021, 0x0021, 0x0021, 0x0021,
  0x0021, 0x0021, 0x0021, 0x0001, 0x10A2, 0x3185, 0x3165, 0x3185, 0x2104, 0x0001, 0x0021, 0x0021,
  0x0021, 0x0001, 0x10A3, 0x3165, 0x3165, 0x3186, 0x18E3, 0x0000, 0x0021, 0x0021, 0x0021, 0x0021,
  0x0021, 0x0000, 0x39A6, 0x6B0A, 0x2945, 0x0000, 0x0022, 0x0022, 0x0042, 0x0042, 0x0042, 0x0042,
  0x0042, 0x0042, 0x0042, 0x0042, 0x0062, 0x0063, 0x0063, 0x0063, 0x0063, 0x0883, 0x0083, 0x0083,
  0x08A4, 0x08A4, 0x0884, 0x0884, 0x0063, 0x0063, 0x0063, 0x0084, 0x08E6, 0x10E6, 0x1106, 0x1927,
  0x1927, 0x2147, 0x1947, 0x1927, 0x1927, 0x1106, 0x1106, 0x1927, 0x1948, 0x2168, 0x2168, 0x2168,
  0x2188, 0x29A8, 0x2188, 0x2189, 0x2189, 0x21AA, 0x218A, 0x2189, 0x1969, 0x1969, 0x0907, 0x10E6,
  0x08C6, 0x08C5, 0x08C5, 0x08E6, 0x1927, 0x1107, 0x1948, 0x2168, 0x2168, 0x29A9, 0x29A9, 0x1148,
  0x1148, 0x19CB, 0x118A, 0x1989, 0x324C, 0x32AE, 0x2A4C, 0x2A4C, 0x3ACE, 0x5BB1, 0x7452, 0x7C32,
  0x7C10, 0x9492, 0x9D14, 0xAD55, 0xAD75, 0xA534, 0xAD55, 0xB596, 0xBDF8, 0xC639, 0xC65A, 0xC639,
  0xC639, 0xC619, 0xC619, 0xAD97, 0xB5B7, 0x8C94, 0x6377, 0x6BDA, 0x741D, 0x63BB, 0x9D3C, 0xD6BE,
  0x9D3D, 0x6379, 0x657F, 0x328E, 0x0000, 0x0000, 0x0000, 0x0000, 0x0000, 0x0000, 0x0000, 0x0000,
  0x0000, 0x0000, 0x0000, 0x0000, 0x0000, 0x0000, 0x0000, 0x1B33, 0x23D7, 0x18C6, 0x1928, 0x0884,
  0x0042, 0x0021, 0x0021, 0x0021, 0x0021, 0x0021, 0x0021, 0x0021, 0x0000, 0x3166, 0xB577, 0xE6BC,
  0x9CB4, 0x4209, 0x0862, 0x0000, 0x0000, 0x0000, 0x0000, 0x0000, 0x0000, 0x0000, 0x0000, 0x0000,
  0x2125, 0x736F, 0xCE1A, 0xDE9C, 0x736E, 0x0021, 0x0000, 0x0021, 0x0021, 0x0021, 0x0021, 0x0021,
  0x0021, 0x0021, 0x0021, 0x0021, 0x0021, 0x0000, 0x39C7, 0x2946, 0x0000, 0x0021, 0x0021, 0x0021,
  0x0001, 0x0000, 0x0000, 0x0000, 0x0000, 0x0021, 0x0021, 0x0021, 0x0021, 0x0021, 0x0021, 0x0001,
  0x0000, 0x0000, 0x0000, 0x0001, 0x0021, 0x0021, 0x0021, 0x0021, 0x0021, 0x0021, 0x0021, 0x0001,
  0x0000, 0x0000, 0x0000, 0x0000, 0x0000, 0x0000, 0x0021, 0x0021, 0x0021, 0x0021, 0x0021, 0x0021,
  0x0021, 0x0021, 0x0021, 0x0021, 0x0001, 0x0000, 0x0000, 0x0000, 0x0000, 0x0021, 0x0021, 0x0021,
  0x0021, 0x0021, 0x0001, 0x0000, 0x0000, 0x0000, 0x0000, 0x0021, 0x0021, 0x0021, 0x0021, 0x0021,
  0x0021, 0x0021, 0x0000, 0x0000, 0x0001, 0x0042, 0x0021, 0x0022, 0x0042, 0x0042, 0x0042, 0x0042,
  0x0042, 0x0042, 0x0042, 0x0042, 0x0042, 0x0042, 0x0062, 0x0063, 0x0063, 0x0083, 0x0063, 0x0063,
  0x0883, 0x0884, 0x0084, 0x0063, 0x0063, 0x0063, 0x0063, 0x0064, 0x08A5, 0x08C5, 0x10E6, 0x1927,
  0x1927, 0x1947, 0x2147, 0x1947, 0x1106, 0x08C5, 0x08C6, 0x1107, 0x1927, 0x2168, 0x2168, 0x2168,
  0x2988, 0x2988, 0x2988, 0x2988, 0x2189, 0x2988, 0x2188, 0x2189, 0x2168, 0x2168, 0x1127, 0x1127,
  0x08C5, 0x00A5, 0x00A5, 0x08C5, 0x1127, 0x10E7, 0x1107, 0x1948, 0x1968, 0x2188, 0x2168, 0x1169,
  0x328E, 0x4B51, 0x5BB1, 0x6C12, 0x63B1, 0x430F, 0x5BB1, 0x7412, 0x8CB3, 0x94F4, 0x8CB3, 0x8CB3,
  0x9D35, 0xA534, 0x9CF4, 0xA534, 0xAD55, 0xB5B7, 0xBDD8, 0xC65A, 0xCE7A, 0xC639, 0xC65A, 0xCEBB,
  0xD6DC, 0xCE9B, 0xBE1A, 0xBE1A, 0xBE19, 0xBE1A, 0x94FC, 0xA53E, 0x73F8, 0x5358, 0x84BC, 0x8CDC,
  0x7C3B, 0x5C1A, 0x5D5E, 0x10A3, 0x0000, 0x0000, 0x0000, 0x0000, 0x0000, 0x0000, 0x0000, 0x0000,
  0x0000, 0x0000, 0x0000, 0x0000, 0x0000, 0x0000, 0x0000, 0x0906, 0x2CBD, 0x29EE, 0x10E7, 0x0063,
  0x0021, 0x0021, 0x0021, 0x0021, 0x0021, 0x0021, 0x0021, 0x0021, 0x0042, 0x0000, 0x0000, 0x3186,
  0x9473, 0xD65B, 0xD67B, 0xB556, 0x8411, 0x6B2E, 0x5AAB, 0x52AB, 0x62EC, 0x738F, 0x9C93, 0xBDB8,
  0xDE7C, 0xBDB8, 0x6B2D, 0x0882, 0x0000, 0x0001, 0x0021, 0x0021, 0x0021, 0x0021, 0x0021, 0x0021,
  0x0021, 0x0021, 0x0021, 0x0021, 0x0021, 0x0021, 0x0000, 0x0000, 0x0021, 0x0021, 0x0021, 0x0021,
  0x0021, 0x0021, 0x0021, 0x0021, 0x0021, 0x0021, 0x0021, 0x0021, 0x0021, 0x0021, 0x0021, 0x0021,
  0x0021, 0x0021, 0x0021, 0x0021, 0x0021, 0x0021, 0x0021, 0x0021, 0x0021, 0x0021, 0x0021, 0x0021,
  0x0021, 0x0021, 0x0021, 0x0021, 0x0021, 0x0021, 0x0021, 0x0021, 0x0021, 0x0021, 0x0021, 0x0021,
  0x0021, 0x0021, 0x0021, 0x0021, 0x0021, 0x0021, 0x0021, 0x0021, 0x0021, 0x0021, 0x0021, 0x0021,
  0x0021, 0x0021, 0x0021, 0x0021, 0x0021, 0x0021, 0x0021, 0x0021, 0x0021, 0x0021, 0x0021, 0x0021,
  0x0021, 0x0021, 0x0042, 0x0042, 0x0042, 0x0022, 0x0022, 0x0022, 0x0022, 0x0042, 0x0042, 0x0042,
  0x0042, 0x0042, 0x0042, 0x0042, 0x0042, 0x0042, 0x0042, 0x0042, 0x0063, 0x0063, 0x0063, 0x0063,
  0x0063, 0x0063, 0x0063, 0x0063, 0x0063, 0x0043, 0x0043, 0x0063, 0x00A5, 0x08C5, 0x08C6, 0x1107,
  0x1126, 0x1106, 0x1106, 0x10E6, 0x10E6, 0x08A5, 0x08A5, 0x08E6, 0x1107, 0x1927, 0x1947, 0x2147,
  0x2168, 0x2988, 0x2988, 0x2988, 0x2988, 0x2987, 0x2167, 0x2147, 0x1927, 0x1927, 0x10E6, 0x10E6,
  0x00A4, 0x0064, 0x0084, 0x08A4, 0x10E6, 0x08C6, 0x08E6, 0x1127, 0x1928, 0x2168, 0x2147, 0x2A2C,
  0x5392, 0x84B5, 0x9D36, 0x9516, 0x7473, 0x8CB4, 0xB5D7, 0xC639, 0xB5B6, 0xA534, 0xA535, 0xBDD7,
  0xCE59, 0xB5B7, 0xAD76, 0xAD96, 0xB5D8, 0xBE39, 0xCE9B, 0xCE9B, 0xCE9B, 0xCE9B, 0xCEBC, 0xD6DC,
  0xD6DD, 0xCEDD, 0xC6BD, 0xC69C, 0xC69C, 0xC67B, 0x6393, 0x5318, 0x7C7C, 0x84BB, 0x741A, 0xAD7C,
  0xB59A, 0x759E, 0x4BF6, 0x0000, 0x0000, 0x0000, 0x0000, 0x0000, 0x0000, 0x0000, 0x0000, 0x0000,
  0x0000, 0x0000, 0x0000, 0x0000, 0x0000, 0x0000, 0x0000, 0x0000, 0x23F9, 0x2B35, 0x0864, 0x0042,
  0x0021, 0x0021, 0x0021, 0x0021, 0x0021, 0x0021, 0x0021, 0x0021, 0x0021, 0x0021, 0x0021, 0x0000,
  0x0000, 0x0882, 0x4209, 0x7BAF, 0xA4F5, 0xBD98, 0xC5D9, 0xC5F9, 0xC5F9, 0xB577, 0x9452, 0x62EC,
  0x2925, 0x0000, 0x0000, 0x0001, 0x0041, 0x0021, 0x0021, 0x0021, 0x0021, 0x0021, 0x0021, 0x0021,
  0x0021, 0x0021, 0x0021, 0x0021, 0x0021, 0x0021, 0x0021, 0x0021, 0x0021, 0x0021, 0x0021, 0x0021,
  0x0021, 0x0021, 0x0021, 0x0021, 0x0021, 0x0021, 0x0021, 0x0021, 0x0021, 0x0021, 0x0021, 0x0021,
  0x0021, 0x0021, 0x0021, 0x0021, 0x0021, 0x0021, 0x0021, 0x0021, 0x0021, 0x0021, 0x0021, 0x0021,
  0x0021, 0x0021, 0x0021, 0x0021, 0x0021, 0x0021, 0x0021, 0x0021, 0x0021, 0x0021, 0x0021, 0x0021,
  0x0021, 0x0021, 0x0021, 0x0021, 0x0021, 0x0021, 0x0021, 0x0021, 0x0021, 0x0021, 0x0021, 0x0021,
  0x0021, 0x0021, 0x0021, 0x0021, 0x0021, 0x0021, 0x0021, 0x0021, 0x0021, 0x0021, 0x0021, 0x0021,
  0x0021, 0x0021, 0x0021, 0x0021, 0x0021, 0x0021, 0x0022, 0x0022, 0x0022, 0x0022, 0x0042, 0x0022,
  0x0022, 0x0042, 0x0042, 0x0042, 0x0042, 0x0042, 0x0042, 0x0043, 0x0063, 0x0063, 0x0042, 0x0043,
  0x0063, 0x0063, 0x0063, 0x0063, 0x0043, 0x0043, 0x0043, 0x0043, 0x0084, 0x08A5, 0x08C5, 0x1106,
  0x1106, 0x1107, 0x1106, 0x10E6, 0x08C5, 0x00A5, 0x08A5, 0x08E6, 0x1106, 0x1927, 0x1947, 0x2167,
  0x2188, 0x2987, 0x2167, 0x2167, 0x2147, 0x2147, 0x1927, 0x1926, 0x1906, 0x1926, 0x1106, 0x08C5,
  0x0084, 0x0063, 0x0063, 0x0084, 0x08C5, 0x08A5, 0x08C6, 0x08E6, 0x10E6, 0x1947, 0x1907, 0x42CF,
  0x84F6, 0x8D16, 0x8CF5, 0x9516, 0x94F5, 0xB5B7, 0xC65A, 0xC65A, 0xBE19, 0xB5D7, 0xBE39, 0xC65A,
  0xC639, 0xC618, 0xC639, 0xBE19, 0xBE5A, 0xCE9B, 0xCE9C, 0xC69C, 0xC69C, 0xD6FD, 0xD6FD, 0xCEBD,
  0xCEDD, 0xCEDD, 0xCEBD, 0xCEDD, 0xCEDD, 0xBE7C, 0x743A, 0x5B7A, 0xB5BD, 0xAD9D, 0x9D5C, 0xBDFD,
  0xAD9C, 0x6DDF, 0x21C9, 0x0000, 0x0000, 0x0000, 0x0000, 0x0000, 0x0000, 0x0000, 0x0000, 0x0000,
  0x0000, 0x0000, 0x0000, 0x0000, 0x0000, 0x0000, 0x0000, 0x0000, 0x120D, 0x2C7C, 0x0063, 0x0001,
  0x0021, 0x0021, 0x0021, 0x0021, 0x0021, 0x0021, 0x0021, 0x0021, 0x0021, 0x0021, 0x0021, 0x0021,
  0x0022, 0x0001, 0x0000, 0x0000, 0x0000, 0x0000, 0x0000, 0x0000, 0x0000, 0x0000, 0x0000, 0x0000,
  0x0000, 0x0021, 0x0021, 0x0021, 0x0021, 0x0021, 0x0021, 0x0021, 0x0021, 0x0021, 0x0021, 0x0021,
  0x0021, 0x0021, 0x0021, 0x0021, 0x0021, 0x0021, 0x0021, 0x0021, 0x0021, 0x0021, 0x0021, 0x0021,
  0x0021, 0x0021, 0x0021, 0x0021, 0x0021, 0x0021, 0x0021, 0x0021, 0x0021, 0x0021, 0x0021, 0x0021,
  0x0021, 0x0021, 0x0021, 0x0021, 0x0021, 0x0021, 0x0021, 0x0021, 0x0021, 0x0021, 0x0021, 0x0021,
  0x0021, 0x0021, 0x0021, 0x0021, 0x0021, 0x0021, 0x0021, 0x0021, 0x0021, 0x0021, 0x0021, 0x0021,
  0x0021, 0x0021, 0x0021, 0x0021, 0x0021, 0x0021, 0x0021, 0x0021, 0x0021, 0x0021, 0x0021, 0x0021,
  0x0021, 0x0021, 0x0021, 0x0021, 0x0021, 0x0021, 0x0021, 0x0021, 0x0021, 0x0021, 0x0021, 0x0021,
  0x0021, 0x0021, 0x0021, 0x0022, 0x0022, 0x0021, 0x0022, 0x0022, 0x0022, 0x0022, 0x0022, 0x0022,
  0x0022, 0x0022, 0x0042, 0x0042, 0x0042, 0x0042, 0x0043, 0x0043, 0x0063, 0x0063, 0x0042, 0x0042,
  0x0063, 0x0043, 0x0043, 0x0043, 0x0043, 0x0043, 0x0043, 0x0043, 0x0064, 0x0084, 0x08A5, 0x08C5,
  0x1106, 0x1107, 0x08E6, 0x08C5, 0x08C5, 0x0084, 0x0084, 0x08A5, 0x08E6, 0x1927, 0x1927, 0x1927,
  0x2147, 0x2147, 0x1926, 0x2146, 0x2167, 0x2168, 0x1927, 0x1926, 0x1906, 0x1106, 0x10E5, 0x08C5,
  0x0084, 0x0043, 0x0043, 0x0063, 0x08A4, 0x08A5, 0x08C5, 0x08C6, 0x10E6, 0x1927, 0x1906, 0x2189,
  0x7C95, 0x84F6, 0x8CF6, 0xADB8, 0xADB8, 0xB5F9, 0xBE5A, 0xBE5A, 0xC67B, 0xBE5A, 0xC65A, 0xBE3A,
  0xADB8, 0xB619, 0xBE5A, 0xCE9B, 0xCEBC, 0xC67C, 0xC69C, 0xC69C, 0xCEDD, 0xD6FE, 0xCEBD, 0xCEBD,
  0xD6FE, 0xD71E, 0xD6FE, 0xCEBD, 0xD6FE, 0xADDC, 0x4295, 0x73FA, 0xAD9F, 0x9D9C, 0x959B, 0xC63D,
  0x9E1F, 0x4C9A, 0x0020, 0x0000, 0x0000, 0x0000, 0x0000, 0x0000, 0x0000, 0x0000, 0x0000, 0x0000,
  0x0000, 0x0000, 0x0000, 0x0000, 0x0000, 0x0000, 0x0000, 0x0000, 0x0042, 0x2C7C, 0x11AA, 0x0000,
  0x0022, 0x0022, 0x0043, 0x0063, 0x0884, 0x08A4, 0x08A5, 0x0884, 0x0883, 0x0043, 0x0022, 0x0021,
  0x0021, 0x0021, 0x0021, 0x0021, 0x0021, 0x0021, 0x0021, 0x0021, 0x0021, 0x0021, 0x0021, 0x0021,
  0x0021, 0x0021, 0x0021, 0x0021, 0x0021, 0x0021, 0x0021, 0x0021, 0x0021, 0x0021, 0x0021, 0x0021,
  0x0021, 0x0021, 0x0021, 0x0021, 0x0021, 0x0021, 0x0021, 0x0021, 0x0021, 0x0021, 0x0021, 0x0021,
  0x0021, 0x0021, 0x0021, 0x0021, 0x0021, 0x0021, 0x0021, 0x0021, 0x0021, 0x0021, 0x0021, 0x0021,
  0x0021, 0x0021, 0x0021, 0x0021, 0x0021, 0x0021, 0x0021, 0x0021, 0x0021, 0x0021, 0x0021, 0x0021,
  0x0021, 0x0021, 0x0021, 0x0021, 0x0021, 0x0021, 0x0021, 0x0021, 0x0021, 0x0021, 0x0021, 0x0021,
  0x0021, 0x0021, 0x0021, 0x0021, 0x0021, 0x0021, 0x0021, 0x0021, 0x0021, 0x0021, 0x0021, 0x0021,
  0x0021, 0x0021, 0x0021, 0x0021, 0x0021, 0x0021, 0x0021, 0x0021, 0x0021, 0x0021, 0x0021, 0x0021,
  0x0021, 0x0021, 0x0022, 0x0022, 0x0022, 0x0022, 0x0022, 0x0022, 0x0022, 0x0022, 0x0022, 0x0022,
  0x0022, 0x0042, 0x0042, 0x0042, 0x0042, 0x0042, 0x0043, 0x0063, 0x0063, 0x0063, 0x0043, 0x0043,
  0x0043, 0x0043, 0x0063, 0x0043, 0x0043, 0x0043, 0x0043, 0x0063, 0x0064, 0x0084, 0x0084, 0x08A5,
  0x08E6, 0x08C6, 0x08C6, 0x08C5, 0x00A5, 0x0084, 0x0084, 0x08A5, 0x08E6, 0x1106, 0x1106, 0x1926,
  0x1926, 0x1926, 0x1926, 0x1926, 0x1928, 0x1106, 0x1106, 0x10E5, 0x10E5, 0x08C5, 0x1107, 0x1129,
  0x0043, 0x0043, 0x0043, 0x0063, 0x0884, 0x08A4, 0x08C5, 0x08C5, 0x10E5, 0x1106, 0x1905, 0x10C4,
  0x29C9, 0x7475, 0x9579, 0x9DB9, 0xA5B9, 0xADD9, 0xADD9, 0xBE3A, 0xBE5A, 0xC67B, 0xBE5B, 0xBE3A,
  0xBE5B, 0xC69C, 0xCEBC, 0xD6DC, 0xCEDC, 0xCEDD, 0xCEDD, 0xD6FD, 0xDF3E, 0xDF1E, 0xD6FE, 0xD6FE,
  0xCEDD, 0xD6FE, 0xCEFE, 0xCEFE, 0xC6BE, 0x741A, 0x8C9C, 0x94DE, 0x320F, 0x84FC, 0xADDD, 0xAD9D,
  0x75DF, 0x2A8E, 0x0000, 0x0020, 0x0000, 0x0000, 0x0000, 0x0000, 0x0000, 0x0000, 0x0000, 0x0000,
  0x0000, 0x0000, 0x0000, 0x0000, 0x0000, 0x0000, 0x0000, 0x0000, 0x0000, 0x1AD1, 0x23B7, 0x0001,
  0x08A5, 0x10E7, 0x2149, 0x29AB, 0x31CD, 0x31EE, 0x31ED, 0x29AC, 0x2169, 0x1907, 0x10C5, 0x0884,
  0x0063, 0x0022, 0x0021, 0x0021, 0x0021, 0x0021, 0x0021, 0x0021, 0x0021, 0x0021, 0x0021, 0x0021,
  0x0021, 0x0021, 0x0021, 0x0021, 0x0021, 0x0021, 0x0021, 0x0021, 0x0021, 0x0021, 0x0021, 0x0021,
  0x0021, 0x0021, 0x0021, 0x0021, 0x0021, 0x0021, 0x0021, 0x0021, 0x0021, 0x0021, 0x0021, 0x0021,
  0x0021, 0x0021, 0x0021, 0x0021, 0x0021, 0x0021, 0x0021, 0x0021, 0x0021, 0x0021, 0x0021, 0x0021,
  0x0021, 0x0021, 0x0021, 0x0021, 0x0021, 0x0021, 0x0021, 0x0021, 0x0021, 0x0021, 0x0021, 0x0021,
  0x0021, 0x0021, 0x0021, 0x0021, 0x0021, 0x0021, 0x0021, 0x0021, 0x0021, 0x0021, 0x0021, 0x0021,
  0x0021, 0x0021, 0x0021, 0x0021, 0x0021, 0x0021, 0x0021, 0x0021, 0x0021, 0x0021, 0x0021, 0x0021,
  0x0021, 0x0021, 0x0021, 0x0021, 0x0021, 0x0021, 0x0021, 0x0021, 0x0021, 0x0021, 0x0021, 0x0021,
  0x0021, 0x0021, 0x0021, 0x0022, 0x0022, 0x0022, 0x0022, 0x0022, 0x0022, 0x0022, 0x0022, 0x0022,
  0x0022, 0x0042, 0x0042, 0x0042, 0x0042, 0x0042, 0x0042, 0x0042, 0x0043, 0x0043, 0x0043, 0x0042,
  0x0042, 0x0042, 0x0043, 0x0042, 0x0042, 0x0042, 0x0043, 0x0043, 0x0063, 0x0064, 0x0084, 0x0084,
  0x08A4, 0x08A4, 0x0084, 0x0084, 0x0064, 0x0063, 0x0063, 0x0084, 0x08A5, 0x10E6, 0x1106, 0x1926,
  0x2147, 0x2167, 0x2147, 0x1925, 0x216A, 0x218C, 0x08C3, 0x10E5, 0x10E5, 0x08C4, 0x3211, 0x08C6,
  0x0042, 0x0063, 0x0063, 0x0063, 0x0083, 0x08A4, 0x08C5, 0x08A5, 0x08C5, 0x10E5, 0x10E5, 0x10E5,
  0x10C4, 0x10E5, 0x3A6C, 0x63F3, 0x8517, 0xADFA, 0xB63A, 0xBE5A, 0xBE5B, 0xC69B, 0xCEBC, 0xCEDC,
  0xD6FD, 0xD6FD, 0xD6FD, 0xDF1D, 0xDF3E, 0xDF3E, 0xDF3E, 0xE75E, 0xE75E, 0xE75E, 0xDF3E, 0xE75F,
  0xE79F, 0xEF9F, 0xCEDD, 0x9539, 0x5B7A, 0x5B7A, 0x84BD, 0x741C, 0x1109, 0x63F9, 0xA53D, 0x959E,
  0x5D3D, 0x0883, 0x0000, 0x0000, 0x0000, 0x0000, 0x0000, 0x0000, 0x0000, 0x0000, 0x0000, 0x0000,
  0x0000, 0x0000, 0x0000, 0x0000, 0x0000, 0x0000, 0x0000, 0x0000, 0x0000, 0x08C5, 0x34BD, 0x2A2E,
  0x3A0E, 0x52F4, 0x6336, 0x6357, 0x6B77, 0x6356, 0x5B15, 0x52D3, 0x4271, 0x31ED, 0x218A, 0x1928,
  0x10E6, 0x0884, 0x0063, 0x0022, 0x0021, 0x0021, 0x0021, 0x0021, 0x0001, 0x0021, 0x0021, 0x0021,
  0x0021, 0x0021, 0x0021, 0x0021, 0x0021, 0x0021, 0x0021, 0x0021, 0x0021, 0x0021, 0x0021, 0x0021,
  0x0021, 0x0021, 0x0021, 0x0021, 0x0021, 0x0021, 0x0021, 0x0021, 0x0021, 0x0021, 0x0021, 0x0021,
  0x0021, 0x0021, 0x0021, 0x0021, 0x0021, 0x0021, 0x0021, 0x0021, 0x0021, 0x0021, 0x0021, 0x0021,
  0x0021, 0x0021, 0x0021, 0x0021, 0x0021, 0x0021, 0x0021, 0x0021, 0x0021, 0x0021, 0x0021, 0x0021,
  0x0021, 0x0021, 0x0021, 0x0021, 0x0021, 0x0021, 0x0021, 0x0021, 0x0021, 0x0021, 0x0021, 0x0021,
  0x0021, 0x0021, 0x0021, 0x0021, 0x0021, 0x0021, 0x0021, 0x0021, 0x0021, 0x0021, 0x0021, 0x0021,
  0x0021, 0x0021, 0x0021, 0x0021, 0x0021, 0x0021, 0x0021, 0x0021, 0x0021, 0x0021, 0x0021, 0x0021,
  0x0021, 0x0022, 0x0022, 0x0022, 0x0022, 0x0022, 0x0022, 0x0022, 0x0022, 0x0022, 0x0022, 0x0022,
  0x0042, 0x0022, 0x0022, 0x0042, 0x0022, 0x0022, 0x0042, 0x0042, 0x0042, 0x0042, 0x0042, 0x0042,
  0x0042, 0x0042, 0x0042, 0x0042, 0x0042, 0x0042, 0x0043, 0x0043, 0x0063, 0x0084, 0x0084, 0x0084,
  0x0884, 0x0084, 0x0064, 0x0084, 0x0084, 0x0084, 0x0064, 0x00A5, 0x08C5, 0x1106, 0x1906, 0x1906,
  0x2147, 0x1926, 0x1906, 0x10E5, 0x10E6, 0x4AD9, 0x29CF, 0x08C4, 0x08C4, 0x21AD, 0x3A33, 0x0000,
  0x0063, 0x0042, 0x0021, 0x0085, 0x08A5, 0x0884, 0x08A4, 0x08A4, 0x08C5, 0x10E5, 0x10E5, 0x10C5,
  0x10E5, 0x10C4, 0x0883, 0x08C5, 0x21EA, 0x6C13, 0xC69C, 0xE77E, 0xE75E, 0xDF3E, 0xDF3E, 0xE75E,
  0xE75E, 0xE75E, 0xE75E, 0xE75E, 0xE75E, 0xE75E, 0xE77E, 0xEF7E, 0xE77F, 0xE77F, 0xEF7F, 0xD6DD,
  0x9D57, 0x73F6, 0x5B58, 0x29F1, 0x5B9C, 0x6C1C, 0x9D5D, 0xB5DE, 0x42D4, 0x8CBB, 0xBDFE, 0x8E5F,
  0x4372, 0x0000, 0x0000, 0x0000, 0x0000, 0x0000, 0x0000, 0x0000, 0x0000, 0x0000, 0x0000, 0x0000,
  0x0000, 0x0000, 0x0000, 0x0000, 0x0000, 0x0000, 0x0000, 0x0000, 0x0000, 0x0000, 0x2374, 0x4C9D,
  0x7BDA, 0x843C, 0x7BFB, 0x73DB, 0x73B9, 0x6B97, 0x5B15, 0x4A91, 0x3A0E, 0x298B, 0x1949, 0x1907,
  0x10E6, 0x10C5, 0x08A4, 0x0063, 0x0021, 0x0021, 0x0021, 0x0021, 0x0021, 0x0021, 0x0021, 0x0021,
  0x0021, 0x0021, 0x0021, 0x0021, 0x0021, 0x0021, 0x0021, 0x0021, 0x0021, 0x0021, 0x0021, 0x0021,
  0x0021, 0x0021, 0x0021, 0x0021, 0x0021, 0x0021, 0x0021, 0x0021, 0x0021, 0x0021, 0x0021, 0x0021,
  0x0021, 0x0021, 0x0021, 0x0021, 0x0021, 0x0021, 0x0021, 0x0021, 0x0021, 0x0021, 0x0021, 0x0021,
  0x0021, 0x0021, 0x0021, 0x0021, 0x0021, 0x0021, 0x0021, 0x0021, 0x0021, 0x0021, 0x0021, 0x0021,
  0x0021, 0x0021, 0x0021, 0x0021, 0x0021, 0x0021, 0x0021, 0x0021, 0x0021, 0x0021, 0x0021, 0x0021,
  0x0021, 0x0021, 0x0021, 0x0021, 0x0021, 0x0021, 0x0021, 0x0021, 0x0021, 0x0021, 0x0021, 0x0021,
  0x0021, 0x0021, 0x0021, 0x0021, 0x0021, 0x0021, 0x0021, 0x0021, 0x0021, 0x0022, 0x0022, 0x0022,
  0x0022, 0x0021, 0x0022, 0x0022, 0x0022, 0x0022, 0x0022, 0x0022, 0x0022, 0x0022, 0x0042, 0x0042,
  0x0042, 0x0042, 0x0042, 0x0042, 0x0042, 0x0042, 0x0042, 0x0043, 0x0043, 0x0043, 0x0043, 0x0043,
  0x0043, 0x0043, 0x0043, 0x0043, 0x0043, 0x0042, 0x0043, 0x0043, 0x0043, 0x0064, 0x0064, 0x0084,
  0x0084, 0x0084, 0x0063, 0x0063, 0x0064, 0x0064, 0x0064, 0x0064, 0x08A5, 0x10E6, 0x10E5, 0x1905,
  0x1906, 0x1906, 0x1906, 0x1906, 0x1905, 0x4AF8, 0x533E, 0x194C, 0x0083, 0x4AD8, 0x29D0, 0x0021,
  0x0042, 0x0043, 0x216C, 0x1109, 0x0084, 0x08A4, 0x08A4, 0x0884, 0x08A4, 0x0883, 0x08A3, 0x1106,
  0x1148, 0x0908, 0x118B, 0x3B31, 0x8D37, 0xB63A, 0xD6FD, 0xEF7E, 0xEF9F, 0xF7BF, 0xFFDF, 0xFFDF,
  0xF7DF, 0xF7DF, 0xF7BF, 0xF7DF, 0xF7DF, 0xFFDF, 0xFFDF, 0xFFDF, 0xF7DF, 0xF7DF, 0xFFDF, 0xE73D,
  0xADB9, 0x8475, 0x7417, 0x5B97, 0x3A93, 0x63F9, 0x5356, 0x5B9A, 0x849D, 0xA55D, 0x957D, 0x657E,
  0x1905, 0x0000, 0x0000, 0x0000, 0x0000, 0x0000, 0x0000, 0x0000, 0x0000, 0x0000, 0x0000, 0x0000,
  0x0000, 0x0000, 0x0000, 0x0000, 0x0000, 0x0000, 0x0000, 0x0000, 0x0000, 0x0000, 0x0927, 0x34DE,
  0x847E, 0x8C3D, 0x7BFB, 0x73DA, 0x6B78, 0x4AB2, 0x31CD, 0x1929, 0x08C6, 0x0884, 0x0063, 0x0063,
  0x0063, 0x0884, 0x08A4, 0x0883, 0x0022, 0x0021, 0x0021, 0x0021, 0x0021, 0x0021, 0x0021, 0x0021,
  0x0021, 0x0021, 0x0021, 0x0021, 0x0021, 0x0021, 0x0021, 0x0021, 0x0021, 0x0021, 0x0021, 0x0021,
  0x0021, 0x0021, 0x0021, 0x0021, 0x0021, 0x0021, 0x0021, 0x0021, 0x0021, 0x0021, 0x0021, 0x0021,
  0x0021, 0x0021, 0x0021, 0x0021, 0x0021, 0x0021, 0x0021, 0x0021, 0x0021, 0x0021, 0x0021, 0x0021,
  0x0021, 0x0021, 0x0021, 0x0021, 0x0021, 0x0021, 0x0021, 0x0021, 0x0021, 0x0021, 0x0021, 0x0021,
  0x0021, 0x0021, 0x0021, 0x0021, 0x0021, 0x0021, 0x0021, 0x0021, 0x0021, 0x0021, 0x0021, 0x0021,
  0x0021, 0x0021, 0x0021, 0x0021, 0x0021, 0x0021, 0x0021, 0x0021, 0x0021, 0x0021, 0x0021, 0x0021,
  0x0021, 0x0021, 0x0021, 0x0021, 0x0021, 0x0021, 0x0021, 0x0021, 0x0021, 0x0021, 0x0022, 0x0022,
  0x0022, 0x0022, 0x0022, 0x0022, 0x0022, 0x0022, 0x0022, 0x0022, 0x0022, 0x0022, 0x0022, 0x0022,
  0x0022, 0x0022, 0x0022, 0x0022, 0x0022, 0x0042, 0x0042, 0x0042, 0x0022, 0x0042, 0x0042, 0x0043,
  0x0043, 0x0043, 0x0043, 0x0043, 0x0043, 0x0043, 0x0043, 0x0043, 0x0043, 0x0043, 0x0043, 0x0043,
  0x0043, 0x0043, 0x0043, 0x0043, 0x0043, 0x0043, 0x0043, 0x0043, 0x0064, 0x08A4, 0x08A4, 0x08A4,
  0x10E5, 0x10C5, 0x10C4, 0x10E6, 0x10A4, 0x3A32, 0x639F, 0x4298, 0x10E9, 0x533D, 0x216D, 0x0001,
  0x08A7, 0x4AD7, 0x29AD, 0x0021, 0x0063, 0x08A4, 0x08A4, 0x0883, 0x0884, 0x1126, 0x21CA, 0x1989,
  0x0949, 0x0949, 0x224E, 0x8D37, 0xADD9, 0xADB8, 0xADD8, 0xBE3A, 0xC65A, 0xD6DC, 0xDF1D, 0xE73D,
  0xE75E, 0xE75E, 0xEF7E, 0xEF7E, 0xEF7E, 0xEF9F, 0xEF9F, 0xEF9F, 0xEF7E, 0xEF7E, 0xEF7E, 0xEF7F,
  0xE77F, 0xE75F, 0xCEDC, 0xADB8, 0x7433, 0x4B31, 0x3AF3, 0x7C5B, 0x8CBE, 0x9D3D, 0x75BF, 0x4394,
  0x0000, 0x0000, 0x0000, 0x0000, 0x0000, 0x0000, 0x0000, 0x0000, 0x0000, 0x0000, 0x0000, 0x0000,
  0x0000, 0x0000, 0x0000, 0x0000, 0x0000, 0x0000, 0x0000, 0x0000, 0x0000, 0x0000, 0x0000, 0x23B6,
  0x5CFF, 0x8C1D, 0x7BFC, 0x6B99, 0x4AB2, 0x218B, 0x08C6, 0x0063, 0x0022, 0x0021, 0x0021, 0x0021,
  0x0021, 0x0022, 0x0042, 0x0063, 0x0042, 0x0021, 0x0021, 0x0021, 0x0021, 0x0021, 0x0021, 0x0021,
  0x0021, 0x0021, 0x0021, 0x0021, 0x0021, 0x0021, 0x0021, 0x0021, 0x0021, 0x0021, 0x0021, 0x0021,
  0x0021, 0x0021, 0x0021, 0x0021, 0x0021, 0x0021, 0x0021, 0x0021, 0x0021, 0x0021, 0x0021, 0x0021,
  0x0021, 0x0021, 0x0021, 0x0021, 0x0021, 0x0021, 0x0021, 0x0021, 0x0021, 0x0021, 0x0021, 0x0021,
  0x0021, 0x0021, 0x0021, 0x0021, 0x0021, 0x0021, 0x0021, 0x0021, 0x0021, 0x0021, 0x0021, 0x0021,
  0x0021, 0x0021, 0x0021, 0x0021, 0x0021, 0x0021, 0x0021, 0x0021, 0x0021, 0x0021, 0x0021, 0x0021,
  0x0021, 0x0021, 0x0021, 0x0021, 0x0021, 0x0021, 0x0021, 0x0021, 0x0021, 0x0021, 0x0021, 0x0021,
  0x0021, 0x0021, 0x0021, 0x0021, 0x0022, 0x0022, 0x0022, 0x0022, 0x0022, 0x0022, 0x0022, 0x0022,
  0x0022, 0x0022, 0x0022, 0x0022, 0x0022, 0x0022, 0x0022, 0x0022, 0x0022, 0x0042, 0x0042, 0x0042,
  0x0042, 0x0042, 0x0042, 0x0043, 0x0043, 0x0043, 0x0043, 0x0043, 0x0043, 0x0043, 0x0043, 0x0043,
  0x0043, 0x0063, 0x0043, 0x0043, 0x0043, 0x0043, 0x0063, 0x0063, 0x0064, 0x0063, 0x0063, 0x0064,
  0x0064, 0x0084, 0x0064, 0x0084, 0x0064, 0x0064, 0x0063, 0x0064, 0x00A5, 0x08E5, 0x10E5, 0x10E6,
  0x1927, 0x1906, 0x10E5, 0x10C5, 0x08A3, 0x216B, 0x6BDE, 0x639C, 0x42B6, 0x6BBE, 0x1929, 0x0066,
  0x4AFA, 0x4AB5, 0x0000, 0x0043, 0x0063, 0x0084, 0x08A4, 0x0907, 0x2A2C, 0x32AE, 0x328D, 0x2A0B,
  0x2A0B, 0x220C, 0x2A8E, 0x430F, 0x9536, 0x9516, 0x7C73, 0x94F5, 0xAD97, 0xBDF8, 0xC65A, 0xD6BB,
  0xD6BB, 0xCEBB, 0xCE7B, 0xCEBB, 0xD6BC, 0xD6BC, 0xD6FC, 0xDEFD, 0xDF1D, 0xDF1D, 0xE73E, 0xDF1D,
  0xD6DD, 0xCE9C, 0xC67B, 0xD6DC, 0xCEBB, 0xA597, 0x84B4, 0x8CD5, 0x7459, 0x7CFC, 0x75DF, 0x1926,
  0x0000, 0x0000, 0x0000, 0x0000, 0x0000, 0x0000, 0x0000, 0x0000, 0x0000, 0x0000, 0x0000, 0x0000,
  0x0000, 0x0000, 0x0000, 0x0000, 0x0000, 0x0000, 0x0000, 0x0000, 0x0000, 0x0000, 0x0000, 0x1189,
  0x3CFE, 0x741C, 0x7BFC, 0x6B98, 0x4292, 0x196A, 0x08A6, 0x0063, 0x0042, 0x0022, 0x0021, 0x0021,
  0x0021, 0x0021, 0x0021, 0x0022, 0x0021, 0x0021, 0x0021, 0x0021, 0x0021, 0x0021, 0x0021, 0x0021,
  0x0021, 0x0021, 0x0021, 0x0021, 0x0021, 0x0021, 0x0021, 0x0021, 0x0021, 0x0021, 0x0021, 0x0021,
  0x0021, 0x0021, 0x0021, 0x0021, 0x0021, 0x0021, 0x0021, 0x0021, 0x0021, 0x0021, 0x0021, 0x0021,
  0x0021, 0x0021, 0x0021, 0x0021, 0x0021, 0x0021, 0x0021, 0x0021, 0x0022, 0x0021, 0x0021, 0x0021,
  0x0021, 0x0021, 0x0021, 0x0021, 0x0021, 0x0021, 0x0021, 0x0021, 0x0021, 0x0021, 0x0021, 0x0021,
  0x0021, 0x0021, 0x0021, 0x0021, 0x0021, 0x0021, 0x0021, 0x0021, 0x0021, 0x0021, 0x0021, 0x0021,
  0x0021, 0x0021, 0x0021, 0x0021, 0x0021, 0x0021, 0x0021, 0x0021, 0x0021, 0x0021, 0x0021, 0x0021,
  0x0022, 0x0021, 0x0022, 0x0022, 0x0022, 0x0022, 0x0022, 0x0022, 0x0022, 0x0022, 0x0022, 0x0022,
  0x0022, 0x0022, 0x0022, 0x0022, 0x0022, 0x0022, 0x0022, 0x0022, 0x0022, 0x0022, 0x0022, 0x0022,
  0x0022, 0x0042, 0x0042, 0x0042, 0x0042, 0x0042, 0x0042, 0x0042, 0x0042, 0x0042, 0x0042, 0x0043,
  0x0043, 0x0043, 0x0043, 0x0043, 0x0043, 0x0043, 0x0043, 0x0043, 0x0043, 0x0043, 0x0042, 0x0042,
  0x0042, 0x0043, 0x0043, 0x0043, 0x0043, 0x0043, 0x0043, 0x0043, 0x0043, 0x08A4, 0x08C5, 0x10E6,
  0x1106, 0x0883, 0x0862, 0x0884, 0x0063, 0x0021, 0x4AB6, 0x7C1E, 0x7C3D, 0x847D, 0x112B, 0x42B7,
  0x741E, 0x1108, 0x0021, 0x0022, 0x0042, 0x0064, 0x0928, 0x2A2C, 0x42EF, 0x3AEF, 0x2A4C, 0x328D,
  0x2A2B, 0x2A4D, 0x3ACF, 0x63D2, 0x7453, 0x63B1, 0x7C32, 0x94B3, 0xA535, 0xAD76, 0xBDF8, 0xC639,
  0xBE18, 0xBDF8, 0xBE18, 0xC65A, 0xCE9B, 0xD6BC, 0xD6DC, 0xD6DC, 0xDEFD, 0xE73D, 0xE73D, 0xDF1D,
  0xDEFD, 0xCE9B, 0xBE3A, 0xBE19, 0xBE19, 0xB5F9, 0xB5D9, 0xB5D8, 0x9CF4, 0x6D7D, 0x4C16, 0x0000,
  0x0000, 0x0000, 0x0000, 0x0000, 0x0000, 0x0000, 0x0000, 0x0000, 0x0000, 0x0000, 0x0000, 0x0000,
  0x0000, 0x0000, 0x0000, 0x0000, 0x0000, 0x0000, 0x0000, 0x0000, 0x0000, 0x0000, 0x0000, 0x0000,
  0x2BD7, 0x5C9E, 0x841B, 0x73DA, 0x5315, 0x4270, 0x31CD, 0x216A, 0x1908, 0x08A5, 0x0063, 0x0022,
  0x0021, 0x0021, 0x0021, 0x0021, 0x0021, 0x0021, 0x0021, 0x0021, 0x0021, 0x0021, 0x0021, 0x0021,
  0x0021, 0x0021, 0x0021, 0x0021, 0x0021, 0x0021, 0x0021, 0x0021, 0x0021, 0x0021, 0x0021, 0x0021,
  0x0021, 0x0021, 0x0021, 0x0021, 0x0021, 0x0021, 0x0021, 0x0021, 0x0021, 0x0021, 0x0021, 0x0021,
  0x0021, 0x0021, 0x0021, 0x0021, 0x0021, 0x0021, 0x0021, 0x0021, 0x0021, 0x0021, 0x0022, 0x0021,
  0x0021, 0x0021, 0x0021, 0x0021, 0x0021, 0x0021, 0x0021, 0x0021, 0x0021, 0x0021, 0x0021, 0x0021,
  0x0021, 0x0021, 0x0021, 0x0021, 0x0021, 0x0021, 0x0021, 0x0021, 0x0021, 0x0021, 0x0021, 0x0021,
  0x0021, 0x0021, 0x0021, 0x0021, 0x0021, 0x0021, 0x0021, 0x0021, 0x0021, 0x0021, 0x0021, 0x0022,
  0x0022, 0x0022, 0x0022, 0x0022, 0x0022, 0x0022, 0x0022, 0x0022, 0x0022, 0x0022, 0x0022, 0x0022,
  0x0022, 0x0022, 0x0022, 0x0042, 0x0022, 0x0022, 0x0022, 0x0022, 0x0022, 0x0022, 0x0022, 0x0022,
  0x0022, 0x0022, 0x0022, 0x0022, 0x0022, 0x0042, 0x0042, 0x0042, 0x0042, 0x0042, 0x0042, 0x0042,
  0x0042, 0x0042, 0x0043, 0x0042, 0x0042, 0x0042, 0x0042, 0x0043, 0x0043, 0x0043, 0x0043, 0x0043,
  0x0043, 0x0043, 0x0043, 0x0043, 0x0043, 0x0043, 0x0043, 0x0043, 0x0043, 0x0063, 0x08A4, 0x0083,
  0x1128, 0x3212, 0x42B8, 0x533A, 0x5B39, 0x3A0F, 0x1929, 0x637B, 0x8C7E, 0x73D8, 0x29CE, 0x94FF,
  0x5B37, 0x0022, 0x0063, 0x08A6, 0x0063, 0x0907, 0x11AA, 0x21EA, 0x2A4C, 0x19CA, 0x19AA, 0x220B,
  0x21CA, 0x326D, 0x63D1, 0x5370, 0x42EF, 0x63B1, 0x94F5, 0xAD97, 0xB5B7, 0xA556, 0xA556, 0xA536,
  0xB5B7, 0xC639, 0xCE7A, 0xC63A, 0xC639, 0xC65A, 0xC619, 0xBE19, 0xC67A, 0xC639, 0xBDF8, 0xC65A,
  0xCE7A, 0xC639, 0xBDF8, 0xBDF9, 0xBE3A, 0xBE3A, 0xB5FA, 0xBE3A, 0xA5B9, 0x5D9F, 0x1967, 0x0000,
  0x0020, 0x0000, 0x0000, 0x0000, 0x0000, 0x0000, 0x0000, 0x0000, 0x0000, 0x0000, 0x0000, 0x0000,
  0x0000, 0x0000, 0x0000, 0x0000, 0x0000, 0x0000, 0x0000, 0x0000, 0x0000, 0x0000, 0x0000, 0x0000,
  0x1169, 0x3CFF, 0x6BD9, 0x5B15, 0x3A30, 0x31EE, 0x31EE, 0x31CD, 0x29AC, 0x216A, 0x1908, 0x08A5,
  0x0063, 0x0042, 0x0021, 0x0022, 0x0022, 0x0022, 0x0022, 0x0022, 0x0022, 0x0022, 0x0022, 0x0021,
  0x0021, 0x0021, 0x0021, 0x0021, 0x0021, 0x0021, 0x0021, 0x0021, 0x0021, 0x0021, 0x0021, 0x0021,
  0x0021, 0x0021, 0x0021, 0x0021, 0x0021, 0x0021, 0x0021, 0x0021, 0x0021, 0x0021, 0x0021, 0x0021,
  0x0021, 0x0021, 0x0021, 0x0022, 0x0022, 0x0021, 0x0022, 0x0021, 0x0021, 0x0021, 0x0021, 0x0021,
  0x0021, 0x0021, 0x0021, 0x0021, 0x0021, 0x0021, 0x0021, 0x0021, 0x0022, 0x0022, 0x0022, 0x0022,
  0x0022, 0x0022, 0x0022, 0x0022, 0x0022, 0x0022, 0x0022, 0x0022, 0x0021, 0x0022, 0x0022, 0x0022,
  0x0021, 0x0021, 0x0021, 0x0021, 0x0021, 0x0022, 0x0022, 0x0022, 0x0022, 0x0022, 0x0022, 0x0022,
  0x0022, 0x0022, 0x0022, 0x0022, 0x0022, 0x0022, 0x0022, 0x0022, 0x0022, 0x0022, 0x0022, 0x0022,
  0x0022, 0x0022, 0x0022, 0x0022, 0x0022, 0x0022, 0x0022, 0x0022, 0x0042, 0x0042, 0x0022, 0x0042,
  0x0042, 0x0042, 0x0042, 0x0042, 0x0042, 0x0042, 0x0042, 0x0043, 0x0043, 0x0043, 0x0043, 0x0063,
  0x0063, 0x0063, 0x0063, 0x0063, 0x0063, 0x0063, 0x0063, 0x0063, 0x0063, 0x0063, 0x0063, 0x0064,
  0x0064, 0x0064, 0x0063, 0x0063, 0x0043, 0x0063, 0x0043, 0x0043, 0x0063, 0x0064, 0x0063, 0x194B,
  0x4297, 0x42B7, 0x4AB7, 0x637A, 0x845E, 0x9D1F, 0x6397, 0x31EC, 0x5B14, 0x4AB2, 0x3A50, 0x8CBF,
  0x1929, 0x10E9, 0x4297, 0x214C, 0x19CA, 0x4B51, 0x6BF2, 0x21EB, 0x2A2B, 0x21CA, 0x326D, 0x326C,
  0x21EA, 0x3ACE, 0x5B91, 0x63D1, 0x84B4, 0x9516, 0x5350, 0x6C12, 0x9D36, 0xA577, 0x94F5, 0x9515,
  0xBDF8, 0xBE19, 0xC639, 0xC65A, 0xC639, 0xBE18, 0xBE19, 0xC639, 0xC639, 0xBE19, 0xB5D8, 0xB5D8,
  0xBDF8, 0xC639, 0xC65A, 0xBE3A, 0xCEBC, 0xD6DC, 0xC67B, 0xBE1A, 0x7DFF, 0x3BD5, 0x0000, 0x0000,
  0x0000, 0x0000, 0x0000, 0x0000, 0x0000, 0x0000, 0x0000, 0x0000, 0x0000, 0x0000, 0x0000, 0x0000,
  0x0000, 0x0000, 0x0000, 0x0000, 0x0000, 0x0000, 0x0000, 0x0000, 0x0000, 0x0000, 0x0000, 0x0000,
  0x0000, 0x2BF7, 0x3BD8, 0x10E7, 0x08A6, 0x0084, 0x0085, 0x08A5, 0x08C6, 0x10E7, 0x1108, 0x10E7,
  0x08C5, 0x0884, 0x0042, 0x0022, 0x0022, 0x0022, 0x0021, 0x0021, 0x0021, 0x0021, 0x0021, 0x0021,
  0x0021, 0x0021, 0x0021, 0x0022, 0x0042, 0x0043, 0x0063, 0x0063, 0x0084, 0x0083, 0x0063, 0x0042,
  0x0022, 0x0021, 0x0021, 0x0021, 0x0021, 0x0021, 0x0021, 0x0021, 0x0021, 0x0021, 0x0021, 0x0021,
  0x0021, 0x0021, 0x0021, 0x0021, 0x0001, 0x0021, 0x0021, 0x0021, 0x0021, 0x0021, 0x0021, 0x0021,
  0x0022, 0x0022, 0x0021, 0x0021, 0x0021, 0x0021, 0x0022, 0x0022, 0x0022, 0x0022, 0x0021, 0x0022,
  0x0022, 0x0022, 0x0022, 0x0022, 0x0022, 0x0022, 0x0022, 0x0022, 0x0022, 0x0022, 0x0022, 0x0022,
  0x0022, 0x0022, 0x0022, 0x0022, 0x0022, 0x0022, 0x0022, 0x0022, 0x0022, 0x0022, 0x0022, 0x0022,
  0x0022, 0x0022, 0x0022, 0x0022, 0x0022, 0x0022, 0x0022, 0x0042, 0x0022, 0x0022, 0x0042, 0x0042,
  0x0042, 0x0042, 0x0042, 0x0042, 0x0042, 0x0042, 0x0042, 0x0042, 0x0042, 0x0042, 0x0042, 0x0042,
  0x0042, 0x0042, 0x0042, 0x0042, 0x0042, 0x0042, 0x0042, 0x0043, 0x0042, 0x0042, 0x0043, 0x0063,
  0x0063, 0x0063, 0x0063, 0x0063, 0x0063, 0x0063, 0x0063, 0x0063, 0x0063, 0x0043, 0x0043, 0x0063,
  0x0063, 0x0063, 0x0063, 0x0043, 0x0043, 0x0043, 0x0043, 0x0043, 0x0043, 0x0042, 0x10E7, 0x214B,
  0x0885, 0x0021, 0x0042, 0x0085, 0x08C7, 0x1929, 0x1928, 0x0884, 0x4AD0, 0x3A70, 0x73D8, 0x3A2E,
  0x21AE, 0x533C, 0x29B0, 0x0928, 0x4310, 0x5391, 0x7CB5, 0x8CD5, 0x7C73, 0x9516, 0x7C94, 0x3ACE,
  0x42CE, 0x94D4, 0xC618, 0x8CB4, 0x4B2F, 0x42EF, 0x5B70, 0x8CF5, 0x9D36, 0x9D36, 0xA576, 0xAD97,
  0xB5B7, 0xA556, 0xAD96, 0xB596, 0xAD96, 0xAD76, 0xAD97, 0xBE18, 0xB5F8, 0xBE19, 0xC65A, 0xCE9B,
  0xBE19, 0xBE19, 0xB5F9, 0xB5F9, 0xC65A, 0xD6DC, 0xD6DC, 0xAE3C, 0x5D7F, 0x1946, 0x0000, 0x0000,
  0x0000, 0x0000, 0x0000, 0x0000, 0x0000, 0x0000, 0x0000, 0x0000, 0x0000, 0x0000, 0x0000, 0x0000,
  0x0000, 0x0000, 0x0000, 0x0000, 0x0000, 0x0000, 0x0000, 0x0000, 0x0000, 0x0000, 0x0000, 0x0000,
  0x0000, 0x1168, 0x3CDD, 0x08C6, 0x0001, 0x0022, 0x0001, 0x0021, 0x0022, 0x0022, 0x0043, 0x0063,
  0x0064, 0x0064, 0x0063, 0x0063, 0x0042, 0x0042, 0x0022, 0x0022, 0x0022, 0x0022, 0x0021, 0x0021,
  0x0021, 0x0042, 0x0063, 0x08A5, 0x10E6, 0x1908, 0x1928, 0x1928, 0x1107, 0x10C6, 0x08A4, 0x0083,
  0x0042, 0x0022, 0x0022, 0x0022, 0x0022, 0x0022, 0x0022, 0x0022, 0x0022, 0x0022, 0x0022, 0x0022,
  0x0042, 0x0042, 0x0042, 0x0042, 0x0062, 0x0042, 0x0042, 0x0062, 0x0063, 0x0062, 0x0063, 0x0062,
  0x0042, 0x0042, 0x0042, 0x0022, 0x0042, 0x0042, 0x0042, 0x0042, 0x0042, 0x0022, 0x0022, 0x0042,
  0x0042, 0x0042, 0x0022, 0x0042, 0x0042, 0x0042, 0x0042, 0x0022, 0x0022, 0x0022, 0x0022, 0x0022,
  0x0022, 0x0022, 0x0022, 0x0022, 0x0022, 0x0022, 0x0022, 0x0022, 0x0022, 0x0022, 0x0022, 0x0022,
  0x0022, 0x0022, 0x0042, 0x0042, 0x0042, 0x0042, 0x0042, 0x0042, 0x0042, 0x0042, 0x0062, 0x0062,
  0x0062, 0x0062, 0x0062, 0x0062, 0x0062, 0x0062, 0x0042, 0x0062, 0x0062, 0x0042, 0x0062, 0x0062,
  0x0062, 0x0062, 0x0062, 0x0062, 0x0043, 0x0043, 0x0042, 0x0042, 0x0042, 0x0042, 0x0063, 0x0063,
  0x0063, 0x0063, 0x0043, 0x0063, 0x0063, 0x0063, 0x0043, 0x0022, 0x0022, 0x0042, 0x0063, 0x0043,
  0x0023, 0x0023, 0x0043, 0x0043, 0x0043, 0x0063, 0x0063, 0x0063, 0x0043, 0x0063, 0x0064, 0x0021,
  0x0042, 0x0043, 0x0043, 0x0043, 0x192A, 0x3A73, 0x6376, 0x52F4, 0x3A2E, 0x3A4E, 0x3A50, 0x29CE,
  0x6BFF, 0x29AE, 0x0022, 0x2A6F, 0x4330, 0x4310, 0x8D17, 0xB5F9, 0x9D57, 0x8CB5, 0x63D2, 0x4B50,
  0x94F5, 0xBDF8, 0xA556, 0x4B2F, 0x42EF, 0x6C12, 0xB5D8, 0xA576, 0xAD77, 0x9D35, 0xA556, 0xB5D7,
  0xAD76, 0xA576, 0xA556, 0xA535, 0xAD76, 0xA576, 0xAD76, 0xBE19, 0xBE3A, 0xBE39, 0xB5D8, 0xB5F8,
  0xC67A, 0xCEBC, 0xCE7B, 0xB5F9, 0xADD8, 0xC67B, 0xC65B, 0x75DF, 0x3B93, 0x0000, 0x0000, 0x0000,
  0x0000, 0x0000, 0x0000, 0x0000, 0x0000, 0x0000, 0x0000, 0x0000, 0x0000, 0x0000, 0x0000, 0x0000,
  0x0000, 0x0000, 0x0000, 0x0000, 0x0000, 0x0000, 0x0000, 0x0000, 0x0000, 0x0000, 0x0000, 0x0000,
  0x0000, 0x0000, 0x33F7, 0x2B95, 0x0022, 0x0084, 0x0064, 0x0084, 0x0084, 0x0064, 0x0043, 0x0022,
  0x0022, 0x0022, 0x0063, 0x0084, 0x0063, 0x0042, 0x0022, 0x0021, 0x0022, 0x0021, 0x0022, 0x0043,
  0x0885, 0x1108, 0x218A, 0x31EC, 0x424E, 0x424F, 0x29CC, 0x1128, 0x08C6, 0x0084, 0x0063, 0x0043,
  0x0022, 0x0022, 0x0022, 0x0022, 0x0022, 0x0022, 0x0022, 0x0042, 0x0042, 0x0042, 0x0042, 0x0042,
  0x0042, 0x0042, 0x0042, 0x0062, 0x0063, 0x0043, 0x0043, 0x0062, 0x0042, 0x0042, 0x0063, 0x0042,
  0x0042, 0x0042, 0x0042, 0x0042, 0x0042, 0x0042, 0x0042, 0x0042, 0x0042, 0x0042, 0x0042, 0x0042,
  0x0042, 0x0042, 0x0042, 0x0042, 0x0042, 0x0042, 0x0042, 0x0042, 0x0042, 0x0042, 0x0042, 0x0042,
  0x0042, 0x0042, 0x0042, 0x0042, 0x0042, 0x0042, 0x0042, 0x0042, 0x0042, 0x0042, 0x0042, 0x0042,
  0x0042, 0x0042, 0x0042, 0x0042, 0x0042, 0x0042, 0x0042, 0x0042, 0x0042, 0x0042, 0x0042, 0x0042,
  0x0042, 0x0042, 0x0042, 0x0042, 0x0042, 0x0042, 0x0042, 0x0042, 0x0042, 0x0042, 0x0042, 0x0042,
  0x0042, 0x0042, 0x0042, 0x0042, 0x0042, 0x0042, 0x0042, 0x0042, 0x0042, 0x0043, 0x0043, 0x0043,
  0x0063, 0x0063, 0x0063, 0x0063, 0x0043, 0x0043, 0x10C4, 0x39C7, 0x4A28, 0x4A27, 0x4A27, 0x41E7,
  0x2966, 0x1904, 0x10A3, 0x0863, 0x0022, 0x0022, 0x0002, 0x0022, 0x0022, 0x0022, 0x0042, 0x0063,
  0x0063, 0x0043, 0x0042, 0x3A53, 0x63BE, 0x63BE, 0x8C7F, 0x5B36, 0x29EF, 0x5314, 0x4AD4, 0x639B,
  0x639A, 0x192B, 0x2A53, 0x6435, 0x5BF3, 0x7CB6, 0xADF9, 0x9D78, 0x7495, 0x63F2, 0x5BB2, 0x9536,
  0xD6BB, 0xCE7A, 0x9D36, 0x7432, 0x84B4, 0xCE7A, 0xCE9A, 0xB5D7, 0xADB7, 0x9515, 0xADB8, 0xC639,
  0xBE19, 0xAD97, 0x9D35, 0x9D35, 0x9D36, 0xA577, 0xB5B8, 0xB5D8, 0xBE3A, 0xC67B, 0xCEBB, 0xBE19,
  0xB5F9, 0xCEBC, 0xDEFD, 0xC67B, 0xA59A, 0xAD99, 0x9E1B, 0x553D, 0x10C4, 0x0000, 0x0000, 0x0000,
  0x0000, 0x0000, 0x0000, 0x0000, 0x0000, 0x0000, 0x0000, 0x0000, 0x0000, 0x0000, 0x0000, 0x0000,
  0x0000, 0x0000, 0x0000, 0x0000, 0x0000, 0x0000, 0x0000, 0x0000, 0x0000, 0x0000, 0x0000, 0x0000,
  0x0000, 0x0000, 0x0906, 0x451E, 0x222E, 0x216B, 0x29AC, 0x29AC, 0x29AC, 0x218B, 0x1949, 0x08C6,
  0x0063, 0x0063, 0x08C6, 0x1107, 0x0084, 0x0022, 0x0022, 0x0022, 0x0022, 0x0042, 0x08A5, 0x1949,
  0x320D, 0x52D2, 0x6B75, 0x73B6, 0x6354, 0x3A4F, 0x1928, 0x0084, 0x0042, 0x0022, 0x0022, 0x0022,
  0x0022, 0x0042, 0x0042, 0x0022, 0x0022, 0x0022, 0x0022, 0x0022, 0x0022, 0x0022, 0x0022, 0x0022,
  0x0022, 0x0022, 0x0022, 0x0022, 0x0022, 0x0022, 0x0022, 0x0022, 0x0022, 0x0022, 0x0022, 0x0022,
  0x0022, 0x0022, 0x0022, 0x0022, 0x0022, 0x0022, 0x0022, 0x0042, 0x0042, 0x0042, 0x0042, 0x0042,
  0x0042, 0x0042, 0x0042, 0x0042, 0x0042, 0x0042, 0x0042, 0x0042, 0x0042, 0x0042, 0x0042, 0x0042,
  0x0042, 0x0042, 0x0042, 0x0042, 0x0042, 0x0042, 0x0042, 0x0042, 0x0042, 0x0042, 0x0042, 0x0042,
  0x0042, 0x0042, 0x0042, 0x0042, 0x0042, 0x0062, 0x0062, 0x0042, 0x0042, 0x0042, 0x0062, 0x0062,
  0x0062, 0x0063, 0x0062, 0x0062, 0x0062, 0x0062, 0x0062, 0x0062, 0x0062, 0x0062, 0x0062, 0x0062,
  0x0042, 0x0042, 0x0042, 0x0062, 0x0062, 0x0062, 0x0062, 0x0062, 0x0042, 0x0063, 0x0063, 0x0063,
  0x0063, 0x0063, 0x0063, 0x0022, 0x10E5, 0x4249, 0x5ACA, 0x630B, 0x6B4C, 0x630A, 0x5AAA, 0x5AA9,
  0x5A89, 0x5AA9, 0x5A89, 0x4A48, 0x4A27, 0x39C6, 0x2965, 0x2104, 0x10C3, 0x0883, 0x0063, 0x0043,
  0x0043, 0x0022, 0x29B1, 0x3A55, 0x216D, 0x192A, 0x194C, 0x198F, 0x3252, 0x5334, 0x8CBB, 0x322E,
  0x5B76, 0x21AD, 0x21ED, 0x4352, 0x7CD7, 0x6476, 0xADFA, 0x7CD7, 0x6C54, 0x63F3, 0x6C34, 0xB5F9,
  0xCE9B, 0xB5F8, 0x8CB4, 0x9515, 0xC63A, 0xCE7A, 0xBDF8, 0xAD97, 0xB5D8, 0xC639, 0xCE7A, 0xBE39,
  0xC639, 0xBE19, 0xAD97, 0xB5D8, 0xADD9, 0xADD9, 0xC67B, 0xCE9B, 0xCEBC, 0xD6DC, 0xDF3E, 0xC69B,
  0xBE5A, 0xCEBC, 0xDF1E, 0xDF1D, 0xAD9C, 0x8CB8, 0x65DF, 0x3311, 0x0000, 0x0000, 0x0000, 0x0000,
  0x0000, 0x0000, 0x0000, 0x0000, 0x0000, 0x0000, 0x0000, 0x0000, 0x0000, 0x0000, 0x0000, 0x0000,
  0x0000, 0x0000, 0x0000, 0x0000, 0x0000, 0x0000, 0x0000, 0x0000, 0x0000, 0x0000, 0x0000, 0x0000,
  0x0000, 0x0000, 0x0000, 0x3353, 0x4CBC, 0x29AD, 0x29CD, 0x29CD, 0x29CD, 0x31EE, 0x3A2F, 0x29EE,
  0x196A, 0x196A, 0x3A4E, 0x3A2D, 0x08A5, 0x0022, 0x0022, 0x0022, 0x0043, 0x08E6, 0x29CC, 0x52F3,
  0x73B7, 0x8419, 0x8439, 0x6B96, 0x3A2F, 0x1108, 0x0063, 0x0022, 0x0021, 0x0022, 0x0022, 0x0022,
  0x0022, 0x0022, 0x0022, 0x0022, 0x0022, 0x0022, 0x0022, 0x0022, 0x0022, 0x0022, 0x0022, 0x0042,
  0x0022, 0x0042, 0x0042, 0x0042, 0x0022, 0x0022, 0x0022, 0x0022, 0x0022, 0x0022, 0x0022, 0x0022,
  0x0022, 0x0022, 0x0022, 0x0022, 0x0022, 0x0042, 0x0022, 0x0022, 0x0042, 0x0022, 0x0042, 0x0022,
  0x0022, 0x0022, 0x0022, 0x0022, 0x0022, 0x0042, 0x0042, 0x0042, 0x0042, 0x0042, 0x0042, 0x0042,
  0x0042, 0x0042, 0x0042, 0x0042, 0x0042, 0x0042, 0x0042, 0x0042, 0x0042, 0x0042, 0x0042, 0x0042,
  0x0042, 0x0042, 0x0042, 0x0042, 0x0042, 0x0042, 0x0042, 0x0042, 0x0042, 0x0042, 0x0042, 0x0042,
  0x0062, 0x0062, 0x0062, 0x0062, 0x0062, 0x0062, 0x0062, 0x0042, 0x0042, 0x0042, 0x0062, 0x0042,
  0x0042, 0x0042, 0x0062, 0x0062, 0x0062, 0x0062, 0x0062, 0x0062, 0x0062, 0x0063, 0x0063, 0x0043,
  0x0063, 0x0063, 0x0022, 0x39C6, 0x83CD, 0x83EE, 0x7B8D, 0x6B4C, 0x736C, 0x738C, 0x6B2B, 0x6B0B,
  0x6B0A, 0x6B2B, 0x6B2B, 0x732B, 0x6B4B, 0x6B0A, 0x6B0A, 0x62C9, 0x5A88, 0x5268, 0x4A47, 0x5248,
  0x41C6, 0x39C8, 0x420C, 0x10A2, 0x0840, 0x0020, 0x0023, 0x0045, 0x21AF, 0x4293, 0x6394, 0x29A9,
  0x320F, 0x4AF6, 0x2A4E, 0x3B32, 0x53F5, 0x6476, 0x8518, 0x6456, 0x7496, 0x53D3, 0x7475, 0x9578,
  0xBE3A, 0x94D4, 0x9515, 0xBE39, 0xB5F8, 0xC639, 0xB5B7, 0xBDF8, 0xC639, 0xC619, 0xC639, 0xB5B8,
  0xAD76, 0xA555, 0xB5F8, 0xBE3A, 0xBE3A, 0xC67B, 0xBE5B, 0xAE1B, 0xCEBC, 0xD6FD, 0xD6FD, 0xD6DD,
  0xBE5B, 0xCE9B, 0xCEBC, 0xDF3E, 0xD67D, 0x7D7E, 0x44DC, 0x0882, 0x0000, 0x0000, 0x0000, 0x0000,
  0x0000, 0x0000, 0x0000, 0x0000, 0x0000, 0x0000, 0x0000, 0x0000, 0x0000, 0x0000, 0x0000, 0x0000,
  0x0000, 0x0000, 0x0000, 0x0000, 0x0000, 0x0000, 0x0000, 0x0000, 0x0000, 0x0000, 0x0000, 0x0000,
  0x0000, 0x0000, 0x0000, 0x0883, 0x4D1E, 0x226F, 0x0043, 0x08A5, 0x0885, 0x08C6, 0x194A, 0x320F,
  0x4AF2, 0x6374, 0x8416, 0x6352, 0x1929, 0x0063, 0x0022, 0x0043, 0x1108, 0x4270, 0x73B7, 0x843A,
  0x841A, 0x8419, 0x6B76, 0x3A2F, 0x1108, 0x0043, 0x0022, 0x0022, 0x0022, 0x0022, 0x0022, 0x0042,
  0x0042, 0x0042, 0x0042, 0x0042, 0x0042, 0x0042, 0x0042, 0x0043, 0x0063, 0x0063, 0x0063, 0x0063,
  0x0043, 0x0043, 0x0063, 0x0063, 0x0063, 0x0063, 0x0042, 0x0042, 0x0043, 0x0063, 0x0063, 0x0042,
  0x0042, 0x0042, 0x0042, 0x0042, 0x0042, 0x0042, 0x0042, 0x0042, 0x0042, 0x0042, 0x0042, 0x0042,
  0x0042, 0x0042, 0x0042, 0x0042, 0x0042, 0x0042, 0x0042, 0x0042, 0x0042, 0x0042, 0x0042, 0x0042,
  0x0042, 0x0042, 0x0042, 0x0042, 0x0042, 0x0042, 0x0042, 0x0042, 0x0042, 0x0042, 0x0042, 0x0042,
  0x0042, 0x0042, 0x0042, 0x0042, 0x0042, 0x0042, 0x0042, 0x0042, 0x0042, 0x0042, 0x0062, 0x0042,
  0x0062, 0x0042, 0x0063, 0x0063, 0x0063, 0x0042, 0x0042, 0x0042, 0x0042, 0x0042, 0x0042, 0x0042,
  0x0042, 0x0042, 0x0042, 0x0042, 0x0062, 0x0062, 0x0042, 0x0042, 0x0062, 0x0063, 0x0063, 0x0043,
  0x0063, 0x0022, 0x4A48, 0x9C6F, 0x944E, 0x940E, 0x942E, 0x8BEE, 0x83EE, 0x83ED, 0x83CD, 0x8BED,
  0x83AD, 0x7B8C, 0x7BAC, 0x83AC, 0x7B8C, 0x7B8C, 0x734B, 0x732A, 0x734B, 0x732A, 0x732A, 0x734A,
  0x730A, 0x734A, 0x836A, 0x7B4A, 0x62A9, 0x62A9, 0x7B6C, 0x7B6C, 0x6B0C, 0x528B, 0x52EF, 0x6BF6,
  0x52F6, 0x4AF9, 0x1A50, 0x4BB5, 0x6CB8, 0x5C56, 0x53F5, 0x6456, 0x6455, 0x6C75, 0xA5D9, 0xADFA,
  0xBE5A, 0xA577, 0xC65A, 0xC67A, 0xB5F9, 0xADB7, 0xBDF8, 0xC639, 0xBDF8, 0xADB7, 0xAD76, 0xA556,
  0xAD97, 0xB5F9, 0xB5F9, 0xB61A, 0xC67B, 0xCEDC, 0xB61A, 0xADFA, 0xC65B, 0xC69C, 0xC67B, 0xD6DC,
  0xBE3C, 0xBE3B, 0xC67B, 0xBE1C, 0xBE5D, 0x65DF, 0x2A4C, 0x0000, 0x0020, 0x0000, 0x0000, 0x0000,
  0x0000, 0x0000, 0x0000, 0x0000, 0x0000, 0x0000, 0x0000, 0x0000, 0x0000, 0x0000, 0x0000, 0x0000,
  0x0000, 0x0000, 0x0000, 0x0000, 0x0000, 0x0000, 0x0000, 0x0000, 0x0000, 0x0000, 0x0000, 0x0000,
  0x0000, 0x0000, 0x0000, 0x0000, 0x226E, 0x44FD, 0x0084, 0x0002, 0x0022, 0x0022, 0x0064, 0x218B,
  0x6354, 0x9498, 0x9498, 0x7BD6, 0x3A2E, 0x08C6, 0x0084, 0x1108, 0x4291, 0x7BF9, 0x8C7B, 0x8C5A,
  0x843A, 0x6B76, 0x3A2F, 0x1108, 0x0063, 0x0022, 0x0022, 0x0022, 0x0022, 0x0022, 0x0022, 0x0022,
  0x0022, 0x0022, 0x0042, 0x0022, 0x0022, 0x0022, 0x0022, 0x0022, 0x0022, 0x0022, 0x0022, 0x0022,
  0x0042, 0x0042, 0x0042, 0x0042, 0x0042, 0x0043, 0x0042, 0x0063, 0x0063, 0x0063, 0x0063, 0x0043,
  0x0042, 0x0063, 0x0042, 0x0043, 0x0042, 0x0042, 0x0042, 0x0042, 0x0042, 0x0042, 0x0042, 0x0042,
  0x0042, 0x0042, 0x0042, 0x0042, 0x0042, 0x0042, 0x0042, 0x0042, 0x0042, 0x0042, 0x0042, 0x0042,
  0x0042, 0x0042, 0x0042, 0x0042, 0x0042, 0x0042, 0x0042, 0x0042, 0x0042, 0x0042, 0x0042, 0x0042,
  0x0042, 0x0042, 0x0042, 0x0042, 0x0042, 0x0042, 0x0042, 0x0042, 0x0042, 0x0042, 0x0042, 0x0062,
  0x0063, 0x0063, 0x0063, 0x0863, 0x0863, 0x0863, 0x0863, 0x0063, 0x0062, 0x0062, 0x0062, 0x0062,
  0x0062, 0x0062, 0x0062, 0x0063, 0x0062, 0x0062, 0x0063, 0x0063, 0x0063, 0x0883, 0x0883, 0x0883,
  0x0022, 0x39C7, 0xBD52, 0xACF1, 0xACB0, 0xACD0, 0xACF1, 0x9C6F, 0x9C4F, 0x9C6F, 0x9C90, 0xA490,
  0x9C4F, 0x9C6F, 0x8C0E, 0x8BED, 0x8BCD, 0x8BCD, 0x83CD, 0x8BCD, 0x8BED, 0x83AC, 0x8BCD, 0x838C,
  0x7B6C, 0x7B6B, 0x62CA, 0x5289, 0x83AD, 0x9C4F, 0x83AD, 0x7B8C, 0x732A, 0x5A88, 0x5247, 0x5269,
  0x5AAB, 0x528B, 0x324B, 0x4AEE, 0x63F2, 0x4B92, 0x4BB4, 0x7496, 0x9579, 0xA5DA, 0xAE1B, 0x9599,
  0xBE7B, 0xB61A, 0xBE3A, 0xC65A, 0xB61A, 0x9D77, 0xA576, 0xB5F8, 0xADB8, 0xA577, 0x9516, 0x9D37,
  0xA5B9, 0xB61A, 0xC67B, 0xBE5A, 0xC69B, 0xC69B, 0xBE5B, 0xBE3A, 0xC67B, 0xCE9C, 0xC67B, 0xD6DD,
  0xD6DD, 0xB5DC, 0x94DB, 0x8419, 0x657F, 0x3C58, 0x0020, 0x0000, 0x0000, 0x0000, 0x0000, 0x0000,
  0x0000, 0x0000, 0x0000, 0x0000, 0x0000, 0x0000, 0x0000, 0x0000, 0x0000, 0x0000, 0x0000, 0x0000,
  0x0000, 0x0000, 0x0000, 0x0000, 0x0000, 0x0000, 0x0000, 0x0000, 0x0000, 0x0000, 0x0000, 0x0000,
  0x0000, 0x0000, 0x0000, 0x0000, 0x0000, 0x447A, 0x33B6, 0x0043, 0x0042, 0x0022, 0x08A5, 0x426F,
  0x9477, 0xA4D9, 0x9478, 0x8C37, 0x5B12, 0x218B, 0x196B, 0x4AD3, 0x7C1B, 0x8C3D, 0x8C3C, 0x8C5B,
  0x73B8, 0x3A4F, 0x1107, 0x0043, 0x0021, 0x0022, 0x0022, 0x0022, 0x0022, 0x0022, 0x0022, 0x0022,
  0x0022, 0x0022, 0x0022, 0x0022, 0x0022, 0x0022, 0x0022, 0x0022, 0x0042, 0x0042, 0x0042, 0x0042,
  0x0042, 0x0042, 0x0042, 0x0042, 0x0042, 0x0042, 0x0042, 0x0043, 0x0043, 0x0063, 0x0043, 0x0043,
  0x0042, 0x0063, 0x0063, 0x0043, 0x0063, 0x0062, 0x0042, 0x0063, 0x0063, 0x0063, 0x0063, 0x0062,
  0x0063, 0x0062, 0x0063, 0x0063, 0x0063, 0x0063, 0x0063, 0x0062, 0x0062, 0x0042, 0x0042, 0x0042,
  0x0042, 0x0042, 0x0042, 0x0042, 0x0042, 0x0042, 0x0062, 0x0062, 0x0062, 0x0062, 0x0062, 0x0062,
  0x0063, 0x0063, 0x0863, 0x0862, 0x0883, 0x0863, 0x0883, 0x0883, 0x0883, 0x0883, 0x0862, 0x0063,
  0x0883, 0x0883, 0x0883, 0x0883, 0x0883, 0x0883, 0x0883, 0x0883, 0x0883, 0x0883, 0x0883, 0x0883,
  0x0883, 0x0883, 0x0883, 0x0883, 0x0883, 0x0883, 0x0883, 0x0883, 0x0883, 0x0883, 0x0883, 0x0862,
  0x0883, 0xACB0, 0xC573, 0xCD73, 0xB511, 0xB511, 0xB532, 0xB4F1, 0xACD0, 0xA4B0, 0xACD0, 0xACD0,
  0xACD0, 0xA4B0, 0xA48F, 0x9C6F, 0x9C6F, 0x940E, 0x942E, 0xA48F, 0x9C6F, 0x9C6F, 0x942E, 0x8BCD,
  0x62CA, 0x4A27, 0x5AC9, 0x8C0E, 0x83CD, 0x62CA, 0x5AA9, 0x62C9, 0x5AA9, 0x62C9, 0x62EA, 0x62C9,
  0x6B09, 0x7329, 0x6B09, 0x5A67, 0x5247, 0x5A88, 0x5AA9, 0x62EB, 0x738E, 0x8C72, 0x8473, 0x8CD4,
  0xA597, 0xB5F9, 0xC69B, 0xBE5B, 0xB63B, 0xADB9, 0xADB8, 0xADF9, 0xADFA, 0xBE5B, 0xB61A, 0xB61A,
  0xBE5B, 0xB61A, 0xC67B, 0xCEBC, 0xB5FA, 0xADFA, 0xBE5B, 0xBE5B, 0xBE7C, 0xCEDD, 0xD6FC, 0xDF1D,
  0xDF3E, 0xC67D, 0x8439, 0x7459, 0x4D5F, 0x1147, 0x0000, 0x0000, 0x0000, 0x0000, 0x0000, 0x0000,
  0x0000, 0x0000, 0x0000, 0x0000, 0x0000, 0x0000, 0x0000, 0x0000, 0x0000, 0x0000, 0x0000, 0x0000,
  0x0000, 0x0000, 0x0000, 0x0000, 0x0000, 0x0000, 0x0000, 0x0000, 0x0000, 0x0000, 0x0000, 0x0000,
  0x0000, 0x0000, 0x0000, 0x0000, 0x0000, 0x1127, 0x4D5F, 0x2A4F, 0x0884, 0x00A5, 0x29CB, 0x8416,
  0xAD1A, 0xA4D9, 0x9478, 0x9478, 0x7BF7, 0x5B15, 0x5B36, 0x7C1C, 0x8C5E, 0x8C3D, 0x843D, 0x73B9,
  0x4271, 0x1108, 0x0063, 0x0022, 0x0022, 0x0022, 0x0022, 0x0022, 0x0022, 0x0022, 0x0042, 0x0042,
  0x0043, 0x0043, 0x0043, 0x0042, 0x0042, 0x0042, 0x0042, 0x0063, 0x0083, 0x0883, 0x0883, 0x0883,
  0x0883, 0x0883, 0x08A3, 0x08A4, 0x08A4, 0x10C4, 0x10E5, 0x10E5, 0x18E5, 0x10E5, 0x10C4, 0x10A4,
  0x08A4, 0x08A3, 0x0883, 0x0883, 0x0883, 0x0883, 0x0883, 0x0063, 0x0083, 0x0083, 0x0063, 0x0063,
  0x0062, 0x0062, 0x0063, 0x0063, 0x0063, 0x0042, 0x0042, 0x0042, 0x0042, 0x0042, 0x0062, 0x0063,
  0x0063, 0x0062, 0x0042, 0x0042, 0x0042, 0x0042, 0x0042, 0x0042, 0x0042, 0x0042, 0x0062, 0x0062,
  0x0062, 0x0042, 0x0042, 0x0042, 0x0042, 0x0062, 0x0063, 0x0063, 0x0062, 0x0063, 0x0063, 0x0063,
  0x0063, 0x0063, 0x0063, 0x0063, 0x0063, 0x0063, 0x0062, 0x0062, 0x0062, 0x0062, 0x0062, 0x0062,
  0x0062, 0x0062, 0x0062, 0x0062, 0x0063, 0x0063, 0x0063, 0x0062, 0x0063, 0x0063, 0x0883, 0x0001,
  0x5AAA, 0xE635, 0xCD93, 0xCD93, 0xC593, 0xD5D4, 0xC572, 0xC552, 0xBD32, 0xBD32, 0xB4F1, 0xACD0,
  0xB4F1, 0xBD52, 0xBD52, 0xA4B0, 0xA48F, 0x9C6F, 0xACB0, 0xB4F0, 0xA48F, 0x9C4E, 0x942E, 0x7B6B,
  0x5AC9, 0x734B, 0xA4D1, 0x7B8C, 0x5ACA, 0x7B8C, 0x942E, 0x732B, 0x734B, 0x83CD, 0x7B6C, 0x7B6B,
  0x83AC, 0x83AC, 0x7B6B, 0x734B, 0x734B, 0x6B0A, 0x62C9, 0x62C9, 0x6AC8, 0x62A8, 0x62A8, 0x6287,
  0x62A8, 0x6AE9, 0x7B6C, 0x7BAD, 0x8C30, 0x8C72, 0x94B3, 0x9D15, 0xA598, 0xBE3B, 0xC69C, 0xD6FD,
  0xC69C, 0xBE5C, 0xBE3B, 0xBE7B, 0xBE5B, 0xBE5B, 0xBE7B, 0x9D7A, 0x6397, 0x7C19, 0xA57B, 0xCEBD,
  0xEF9F, 0xBE1D, 0x8C59, 0x659F, 0x3331, 0x0000, 0x0000, 0x0000, 0x0000, 0x0000, 0x0000, 0x0000,
  0x0000, 0x0000, 0x0000, 0x0000, 0x0000, 0x0000, 0x0000, 0x0000, 0x0000, 0x0000, 0x0000, 0x0000,
  0x0000, 0x0000, 0x0000, 0x0000, 0x0000, 0x0000, 0x0000, 0x0000, 0x0000, 0x0000, 0x0000, 0x0000,
  0x0000, 0x0000, 0x0000, 0x0000, 0x0000, 0x0000, 0x2B12, 0x4CDE, 0x218B, 0x218B, 0x5B33, 0xA4D9,
  0xA4FA, 0xA4D9, 0x9478, 0x9478, 0x947A, 0x8C5C, 0x845D, 0x843E, 0x843E, 0x8C5E, 0x7BFB, 0x4271,
  0x1128, 0x0064, 0x0022, 0x0022, 0x0022, 0x0043, 0x0064, 0x0085, 0x08C5, 0x08C6, 0x08C6, 0x10E7,
  0x10E7, 0x08C6, 0x08C5, 0x08A5, 0x0884, 0x0084, 0x0063, 0x0043, 0x0042, 0x0042, 0x0042, 0x0042,
  0x0042, 0x0043, 0x0063, 0x0063, 0x0043, 0x0063, 0x0863, 0x0063, 0x0063, 0x0063, 0x0063, 0x0043,
  0x0043, 0x0042, 0x0042, 0x0042, 0x0042, 0x0063, 0x0063, 0x0063, 0x0063, 0x0063, 0x0063, 0x0043,
  0x0062, 0x0063, 0x0063, 0x0063, 0x0063, 0x0863, 0x0062, 0x0063, 0x0863, 0x0063, 0x0063, 0x0883,
  0x0883, 0x0883, 0x0883, 0x0063, 0x0063, 0x0863, 0x0863, 0x0062, 0x0062, 0x0062, 0x0063, 0x0863,
  0x0863, 0x0883, 0x0883, 0x0883, 0x0883, 0x0883, 0x0883, 0x0883, 0x0883, 0x0883, 0x0883, 0x0883,
  0x0883, 0x0883, 0x0883, 0x0883, 0x0883, 0x0883, 0x0883, 0x0883, 0x0883, 0x0883, 0x0883, 0x0862,
  0x0863, 0x0883, 0x0883, 0x0862, 0x0062, 0x0862, 0x0883, 0x0883, 0x0862, 0x0883, 0x08A3, 0x0062,
  0xACB0, 0xEE76, 0xD5B3, 0xDE15, 0xEE76, 0xD5F4, 0xCD93, 0xCDB3, 0xDE35, 0xCDB3, 0xC593, 0xCDB4,
  0xD5D4, 0xBD32, 0xB511, 0xBD32, 0xB4F1, 0xB511, 0xB511, 0xACB0, 0xACD0, 0xACD0, 0xA46F, 0x940D,
  0x940C, 0xBD72, 0x946F, 0x83ED, 0x9C6F, 0x9C4F, 0x9C4E, 0x8BED, 0x940E, 0x8BED, 0x8C0E, 0x9C6F,
  0x944E, 0x8BED, 0x83AC, 0x83AC, 0x838C, 0x734B, 0x7B8B, 0x7B6B, 0x838C, 0x7B6B, 0x6B0A, 0x6AE9,
  0x6AE9, 0x6AC8, 0x6AC8, 0x6AC8, 0x6AC8, 0x62A7, 0x6AC8, 0x5A87, 0x62A8, 0x62A9, 0x734B, 0x9450,
  0xAD55, 0xBDD7, 0xBDF8, 0xB5F9, 0xBE5B, 0xBE7C, 0xBE5C, 0xADFA, 0xADB9, 0x8499, 0x841A, 0x9CDB,
  0xD6BE, 0xDEBE, 0x7D9E, 0x44BB, 0x0861, 0x0000, 0x0000, 0x0000, 0x0000, 0x0000, 0x0000, 0x0000,
  0x0000, 0x0000, 0x0000, 0x0000, 0x0000, 0x0000, 0x0000, 0x0000, 0x0000, 0x0000, 0x0000, 0x0000,
  0x0000, 0x0000, 0x0000, 0x0000, 0x0000, 0x0000, 0x0000, 0x0000, 0x0000, 0x0000, 0x0000, 0x0000,
  0x0000, 0x0000, 0x0000, 0x0000, 0x0000, 0x0000, 0x0041, 0x3CBC, 0x3B96, 0x422F, 0x8438, 0xACFA,
  0xA4FA, 0x9CB9, 0x9478, 0x947A, 0x94BD, 0x9CBE, 0x8C7E, 0x8C5E, 0x8C5E, 0x841C, 0x52D4, 0x1929,
  0x0043, 0x0022, 0x0043, 0x0084, 0x08C6, 0x1108, 0x216A, 0x29ED, 0x3A2E, 0x3A4F, 0x4250, 0x4250,
  0x3A2F, 0x29CD, 0x218B, 0x1949, 0x1108, 0x10E7, 0x08E6, 0x0084, 0x0043, 0x0042, 0x0022, 0x0022,
  0x0022, 0x0022, 0x0022, 0x0022, 0x0022, 0x0022, 0x0022, 0x0022, 0x0042, 0x0042, 0x0043, 0x0043,
  0x0063, 0x0042, 0x0042, 0x0042, 0x0043, 0x0043, 0x0063, 0x0883, 0x08A3, 0x08A3, 0x08A3, 0x08A3,
  0x10C4, 0x10A4, 0x10A3, 0x08A3, 0x08A3, 0x08A3, 0x10A3, 0x08A3, 0x0883, 0x0883, 0x0883, 0x0883,
  0x0883, 0x0883, 0x0883, 0x0883, 0x0883, 0x0883, 0x08A3, 0x10A3, 0x08A3, 0x08A3, 0x10A3, 0x10A3,
  0x10C3, 0x10A3, 0x0883, 0x0883, 0x0883, 0x0883, 0x0863, 0x0883, 0x0883, 0x0883, 0x0883, 0x0883,
  0x0883, 0x0883, 0x0883, 0x08A3, 0x10A3, 0x10A3, 0x08A3, 0x0883, 0x0883, 0x0883, 0x0883, 0x0883,
  0x0882, 0x0862, 0x0062, 0x08A4, 0x10E5, 0x10E4, 0x0062, 0x0062, 0x0883, 0x0882, 0x0041, 0x10A3,
  0xCD93, 0xE655, 0xE655, 0xE656, 0xE656, 0xDE35, 0xE635, 0xEE96, 0xDE14, 0xD5F4, 0xE676, 0xDE15,
  0xCD72, 0xCD72, 0xCD92, 0xCD93, 0xD5B4, 0xBD52, 0xCDB4, 0xBD52, 0xC552, 0xBD31, 0xC531, 0xCD0F,
  0xCD51, 0xC593, 0xACD0, 0xA4B0, 0x944F, 0x9C4F, 0xACB0, 0x9C8F, 0x9C8F, 0xBD32, 0xACB0, 0x942E,
  0x942E, 0x9C4E, 0x9C4F, 0x8BED, 0x8BED, 0x940E, 0x8BCC, 0x8BCD, 0x83AC, 0x7B6B, 0x7B4A, 0x7B4A,
  0x734A, 0x734B, 0x62C9, 0x6B0A, 0x6AE9, 0x62C9, 0x730A, 0x5A88, 0x5247, 0x8BAD, 0xC5B4, 0xE6D9,
  0xF75C, 0xF77C, 0xF73B, 0xE6B9, 0xCE59, 0xC65B, 0xC6BC, 0xD6FD, 0xCEBD, 0xBE3C, 0x8438, 0x73B8,
  0xA51B, 0xAE1D, 0x557F, 0x21A9, 0x0000, 0x0000, 0x0000, 0x0000, 0x0000, 0x0000, 0x0000, 0x0000,
  0x0000, 0x0000, 0x0000, 0x0000, 0x0000, 0x0000, 0x0000, 0x0000, 0x0000, 0x0000, 0x0000, 0x0000,
  0x0000, 0x0000, 0x0000, 0x0000, 0x0000, 0x0000, 0x0000, 0x0000, 0x0000, 0x0000, 0x0000, 0x0000,
  0x0000, 0x0000, 0x0000, 0x0000, 0x0000, 0x0000, 0x0000, 0x1189, 0x455F, 0x5BB7, 0xA4DA, 0xAD3B,
  0xACFA, 0x9CB9, 0x9499, 0x9CBC, 0xA4FE, 0x9CBE, 0x8C7E, 0x8C7E, 0x8C7E, 0x6357, 0x218C, 0x0085,
  0x0043, 0x0085, 0x1108, 0x29CC, 0x3A71, 0x5315, 0x6377, 0x73B9, 0x73DA, 0x73BA, 0x6B99, 0x6356,
  0x4AB3, 0x3A0F, 0x218B, 0x1949, 0x1928, 0x1907, 0x1907, 0x1106, 0x08A4, 0x0883, 0x08A3, 0x10A3,
  0x10C4, 0x10C4, 0x18E4, 0x10C4, 0x10C4, 0x18E4, 0x18E4, 0x18E4, 0x1905, 0x1905, 0x1905, 0x1905,
  0x1105, 0x10E5, 0x10E4, 0x10C4, 0x10C4, 0x10E4, 0x10C4, 0x10C4, 0x08A4, 0x0883, 0x0083, 0x0883,
  0x0883, 0x08A3, 0x0883, 0x0883, 0x0883, 0x0883, 0x0883, 0x0883, 0x0062, 0x0063, 0x0063, 0x0063,
  0x0063, 0x0063, 0x0063, 0x0063, 0x0063, 0x0063, 0x0063, 0x0883, 0x0063, 0x0063, 0x0063, 0x0063,
  0x0083, 0x0063, 0x0863, 0x0883, 0x0883, 0x0883, 0x0883, 0x0883, 0x0883, 0x0883, 0x0883, 0x0883,
  0x0883, 0x0863, 0x0863, 0x0863, 0x0863, 0x0863, 0x0863, 0x0863, 0x0862, 0x0862, 0x0883, 0x0863,
  0x0062, 0x1926, 0x42CD, 0x5B90, 0x5B90, 0x7C52, 0x638F, 0x10C4, 0x0861, 0x08A3, 0x1949, 0x426C,
  0xDE35, 0xEE97, 0xEE97, 0xE697, 0xEE97, 0xE676, 0xEEB7, 0xE676, 0xE656, 0xEE97, 0xDE35, 0xDDF4,
  0xE656, 0xDDD4, 0xDDD4, 0xDDF4, 0xD5F4, 0xDE35, 0xD5B3, 0xCD92, 0xCD93, 0xD5D3, 0xEE14, 0xE592,
  0xD5F5, 0xB4F1, 0xB4F1, 0xACD0, 0xA48F, 0xACD0, 0xA46F, 0xB511, 0xB511, 0xA48F, 0xA490, 0xB4F0,
  0xA46F, 0x9C4E, 0x944E, 0x8BED, 0x9C4E, 0x9C4E, 0x940D, 0x83AC, 0x83AC, 0x838C, 0x8BCC, 0x8BCC,
  0x7B8B, 0x7B6B, 0x732A, 0x6AE9, 0x6AE9, 0x6B0A, 0x62A8, 0x83AC, 0xDE78, 0xFFBD, 0xFFBE, 0xFF9D,
  0xFF9D, 0xFF9D, 0xFF9D, 0xFFBE, 0xFFBE, 0xF75C, 0xCE9B, 0xA57D, 0xCEBE, 0xF79F, 0xD6FE, 0xA57A,
  0xA55B, 0x657F, 0x3353, 0x0000, 0x0000, 0x0000, 0x0000, 0x0000, 0x0000, 0x0000, 0x0000, 0x0000,
  0x0000, 0x0000, 0x0000, 0x0000, 0x0000, 0x0000, 0x0000, 0x0000, 0x0000, 0x0000, 0x0000, 0x0000,
  0x0000, 0x0000, 0x0000, 0x0000, 0x0000, 0x0000, 0x0000, 0x0000, 0x0000, 0x0000, 0x0000, 0x0000,
  0x0000, 0x0000, 0x0000, 0x0000, 0x0000, 0x0000, 0x0000, 0x0000, 0x2311, 0x4D3F, 0xAD3B, 0xBD7C,
  0xAD3B, 0xA4DA, 0x9CBB, 0xA4FD, 0xA51E, 0x9CDE, 0x947E, 0x8C7E, 0x6B99, 0x3230, 0x114A, 0x08E7,
  0x1929, 0x31EE, 0x52F4, 0x73B9, 0x843C, 0x8C5D, 0x8C5E, 0x843E, 0x7BFC, 0x6378, 0x4AB3, 0x3A2F,
  0x29AB, 0x1107, 0x08A5, 0x0884, 0x0884, 0x0884, 0x08C4, 0x10E5, 0x10C4, 0x0883, 0x0883, 0x08A4,
  0x08A3, 0x08A4, 0x10A4, 0x10A3, 0x10A4, 0x10C4, 0x10C4, 0x10E4, 0x10E4, 0x10E5, 0x10E5, 0x18E5,
  0x1905, 0x18E4, 0x10C4, 0x10C4, 0x10C4, 0x10A4, 0x08A3, 0x0883, 0x08A3, 0x08A4, 0x10C4, 0x10C3,
  0x10A3, 0x10A3, 0x10A3, 0x10A3, 0x08A3, 0x10A3, 0x08A3, 0x08A3, 0x08A3, 0x10A3, 0x10A3, 0x10A3,
  0x10C4, 0x18E4, 0x10C4, 0x10C3, 0x10C3, 0x10A3, 0x10A3, 0x10A3, 0x10A3, 0x10C4, 0x10C4, 0x10C3,
  0x10C3, 0x10C3, 0x10C4, 0x10C3, 0x18C4, 0x18E4, 0x18E4, 0x18E4, 0x10C3, 0x10C3, 0x10C3, 0x10C3,
  0x10A3, 0x10A3, 0x10A3, 0x08A3, 0x08A3, 0x0883, 0x0883, 0x0883, 0x0883, 0x0862, 0x0883, 0x08A4,
  0x3AAD, 0x63D1, 0x7432, 0x7C52, 0x9516, 0x8CF5, 0x8CF6, 0x63B0, 0x08C6, 0x19AF, 0x4317, 0x6BD7,
  0xDE77, 0xE698, 0xE6B8, 0xEEB8, 0xE697, 0xEEB8, 0xEE97, 0xEEB7, 0xEEB8, 0xE676, 0xE635, 0xEE77,
  0xDE35, 0xDE36, 0xE656, 0xDE15, 0xEE76, 0xDE15, 0xDDF4, 0xDE15, 0xCDB3, 0xEE14, 0xFE54, 0xEE14,
  0xC593, 0xC572, 0xC572, 0xCD72, 0xBD31, 0xBD11, 0xCD93, 0xC573, 0xB4F0, 0xBD31, 0xCDB3, 0xACB0,
  0x9C6E, 0x9C4E, 0x9C6F, 0xB511, 0xA48F, 0x9C4E, 0xA48F, 0xA48F, 0x942E, 0x942E, 0x940E, 0x93ED,
  0x940D, 0x83AC, 0x83AC, 0x838C, 0x6AEA, 0x62A8, 0xA46F, 0xF75C, 0xFFBE, 0xF75C, 0xF75C, 0xF77C,
  0xF75C, 0xF75C, 0xF77C, 0xF77C, 0xF77D, 0xFFFF, 0xEF3C, 0xD69D, 0xEF7F, 0xD6DE, 0xDF3F, 0xEF1E,
  0x7DDE, 0x44BB, 0x0862, 0x0000, 0x0000, 0x0000, 0x0000, 0x0000, 0x0000, 0x0000, 0x0000, 0x0000,
  0x0000, 0x0000, 0x0000, 0x0000, 0x0000, 0x0000, 0x0000, 0x0000, 0x0000, 0x0000, 0x0000, 0x0000,
  0x0000, 0x0000, 0x0000, 0x0000, 0x0000, 0x0000, 0x0000, 0x0000, 0x0000, 0x0000, 0x0000, 0x0000,
  0x0000, 0x0000, 0x0000, 0x0000, 0x0000, 0x0000, 0x0000, 0x0000, 0x0041, 0x2C19, 0x753E, 0xC57C,
  0xAD5B, 0xA4FB, 0xA4FD, 0xAD3E, 0xAD3E, 0x9CDE, 0x9CBE, 0x7BFB, 0x3A51, 0x19AC, 0x21AC, 0x3A50,
  0x5B36, 0x7BFB, 0x843D, 0x8C5E, 0x8C5E, 0x8C5E, 0x843D, 0x6B99, 0x4AB3, 0x31EE, 0x1929, 0x10E6,
  0x10E5, 0x08A4, 0x0063, 0x0063, 0x0063, 0x0063, 0x0883, 0x08A4, 0x08A4, 0x0883, 0x0063, 0x0063,
  0x0063, 0x0063, 0x0063, 0x0043, 0x0043, 0x0063, 0x0063, 0x0083, 0x0883, 0x0883, 0x08A3, 0x10A3,
  0x10C4, 0x10C4, 0x10C4, 0x10C4, 0x08A4, 0x08A3, 0x08A3, 0x0883, 0x10A3, 0x10C4, 0x10C4, 0x08A3,
  0x10A3, 0x08A3, 0x10A3, 0x10A3, 0x10C3, 0x10C3, 0x18C4, 0x18C4, 0x18C4, 0x18E4, 0x18E4, 0x18E4,
  0x18E4, 0x18E4, 0x18C4, 0x10C4, 0x10C3, 0x10C3, 0x10C4, 0x10C4, 0x18C4, 0x10C4, 0x10C4, 0x10C3,
  0x10C3, 0x10C3, 0x10C3, 0x10A3, 0x08A3, 0x0883, 0x0883, 0x0863, 0x0863, 0x0863, 0x0863, 0x0863,
  0x0883, 0x0883, 0x0863, 0x0042, 0x0021, 0x0021, 0x0882, 0x0883, 0x0883, 0x10A4, 0x0021, 0x3A6C,
  0x8D17, 0x8494, 0x7453, 0x8D16, 0x8D17, 0x84B6, 0x7C96, 0x7497, 0x6C57, 0x7C98, 0x4334, 0x4B33,
  0xCE17, 0xE698, 0xDE98, 0xDE77, 0xE6B8, 0xE6B8, 0xE6B8, 0xE6B8, 0xE697, 0xE697, 0xEE97, 0xE656,
  0xE676, 0xEEB8, 0xDE56, 0xE677, 0xDE15, 0xE656, 0xDE15, 0xD5D4, 0xDE35, 0xFE76, 0xFE95, 0xEE97,
  0xCD72, 0xCD93, 0xD5D3, 0xD5B3, 0xDE15, 0xE656, 0xDE15, 0xCDD4, 0xE635, 0xEE76, 0xCD93, 0xB4F0,
  0xACB0, 0xBD52, 0xC551, 0xBD11, 0xB511, 0xB511, 0xACD0, 0xACB0, 0x9C4E, 0x9C6F, 0x9C6F, 0x942E,
  0x8BED, 0x940D, 0xA46F, 0x8BCD, 0x5AA8, 0xA4B0, 0xFF9D, 0xFF7D, 0xF75C, 0xFF7C, 0xFF7D, 0xF77D,
  0xF77C, 0xF77C, 0xF77C, 0xF77C, 0xF77C, 0xF77C, 0xFFFF, 0xEF5D, 0x951A, 0x8CB9, 0xAD19, 0x74BA,
  0x351F, 0x1989, 0x0000, 0x0000, 0x0000, 0x0000, 0x0000, 0x0000, 0x0000, 0x0000, 0x0000, 0x0000,
  0x0000, 0x0000, 0x0000, 0x0000, 0x0000, 0x0000, 0x0000, 0x0000, 0x0000, 0x0000, 0x0000, 0x0000,
  0x0000, 0x0000, 0x0000, 0x0000, 0x0000, 0x0000, 0x0000, 0x0000, 0x0000, 0x0000, 0x0000, 0x0000,
  0x0000, 0x0000, 0x0000, 0x0000, 0x0000, 0x0000, 0x0000, 0x0000, 0x0000, 0x1126, 0x3CDE, 0x953C,
  0xBD5B, 0xA51C, 0xA51D, 0xAD5E, 0xAD3E, 0x9CDE, 0x949D, 0x6378, 0x3230, 0x21CD, 0x4292, 0x7BFA,
  0x8C7E, 0x8C7E, 0x8C5E, 0x8C3E, 0x843E, 0x7BFC, 0x5316, 0x320F, 0x194A, 0x08C6, 0x0084, 0x0083,
  0x08C5, 0x10E5, 0x08A4, 0x0063, 0x0063, 0x0063, 0x0063, 0x0063, 0x0063, 0x0063, 0x0063, 0x0063,
  0x0063, 0x0043, 0x0063, 0x0063, 0x0063, 0x0063, 0x0063, 0x0083, 0x0883, 0x0883, 0x0883, 0x08A3,
  0x0883, 0x0883, 0x08A3, 0x10A3, 0x10C4, 0x10C4, 0x10A4, 0x10A3, 0x10A4, 0x10A4, 0x10C4, 0x10C4,
  0x10E4, 0x10C4, 0x10A4, 0x10C4, 0x10C4, 0x08A3, 0x08A3, 0x0883, 0x0883, 0x0883, 0x0883, 0x08A3,
  0x08A3, 0x0883, 0x0883, 0x0883, 0x0883, 0x0883, 0x0883, 0x0883, 0x0883, 0x0063, 0x0062, 0x0062,
  0x0063, 0x0063, 0x0063, 0x0883, 0x08A3, 0x10A3, 0x10A3, 0x10C3, 0x10C3, 0x10C3, 0x10A3, 0x0883,
  0x0862, 0x0882, 0x10C4, 0x29C9, 0x42CE, 0x428C, 0x08C4, 0x0063, 0x1968, 0x5350, 0x29C9, 0x3A6C,
  0x5BD3, 0x5BF4, 0x5BD5, 0x5BD5, 0x63F4, 0x7454, 0x6C35, 0x6C35, 0x5371, 0x4B51, 0x328E, 0x19EC,
  0xAD55, 0xDEB9, 0xD678, 0xDE78, 0xDE99, 0xE6B9, 0xE698, 0xE698, 0xE698, 0xE698, 0xE697, 0xE698,
  0xEED8, 0xE677, 0xE677, 0xE677, 0xE697, 0xE656, 0xE656, 0xEE97, 0xEE97, 0xFEB7, 0xFED8, 0xE676,
  0xDE15, 0xE656, 0xDDF3, 0xDE15, 0xE677, 0xD5D4, 0xCD93, 0xEE56, 0xF6B7, 0xE614, 0xC572, 0xC593,
  0xD5D3, 0xD5B3, 0xCDB4, 0xD5D4, 0xC572, 0xACB0, 0xBD31, 0xB511, 0xB4F0, 0xA48F, 0xA4AF, 0xA48F,
  0x9C4E, 0xA46F, 0xA46F, 0x838C, 0xACD0, 0xFF9D, 0xFF7C, 0xF77C, 0xFF7C, 0xF77C, 0xF77C, 0xFF7C,
  0xF77D, 0xF77C, 0xF75C, 0xF77C, 0xF77C, 0xF75C, 0xF79D, 0xFFDE, 0x9CD7, 0x8C58, 0xAD9B, 0x4D7F,
  0x1AD1, 0x0000, 0x0000, 0x0000, 0x0000, 0x0000, 0x0000, 0x0000, 0x0000, 0x0000, 0x0000, 0x0000,
  0x0000, 0x0000, 0x0000, 0x0000, 0x0000, 0x0000, 0x0000, 0x0000, 0x0000, 0x0000, 0x0000, 0x0000,
  0x0000, 0x0000, 0x0000, 0x0000, 0x0000, 0x0000, 0x0000, 0x0000, 0x0000, 0x0000, 0x0000, 0x0000,
  0x0000, 0x0000, 0x0000, 0x0000, 0x0000, 0x0000, 0x0000, 0x0000, 0x0000, 0x0000, 0x1A4D, 0x453F,
  0xA53C, 0xAD3D, 0xAD5E, 0xB57E, 0xAD5E, 0x9CDE, 0x843C, 0x6399, 0x52F5, 0x5B16, 0x7BFB, 0x8C7E,
  0x949E, 0x947E, 0x8C7E, 0x841E, 0x6379, 0x4292, 0x21AC, 0x08E7, 0x0085, 0x0064, 0x0043, 0x0063,
  0x1106, 0x1968, 0x10E5, 0x0063, 0x0063, 0x0063, 0x0063, 0x0083, 0x0083, 0x0883, 0x0883, 0x0883,
  0x0883, 0x0883, 0x08A4, 0x10C4, 0x10C4, 0x08A4, 0x0883, 0x0883, 0x08A4, 0x08A3, 0x08A3, 0x08A4,
  0x0883, 0x0063, 0x0063, 0x0083, 0x0063, 0x0062, 0x0063, 0x0084, 0x0083, 0x0083, 0x0084, 0x0884,
  0x0884, 0x08A4, 0x08A4, 0x08A4, 0x08A4, 0x08A4, 0x08A3, 0x0884, 0x08A4, 0x08A3, 0x0883, 0x0883,
  0x08A4, 0x0883, 0x08A3, 0x08A4, 0x08A4, 0x08A4, 0x08A4, 0x08A3, 0x08A3, 0x08A3, 0x08A3, 0x10A3,
  0x10A3, 0x10A3, 0x10A3, 0x10C3, 0x18E4, 0x18E4, 0x10C3, 0x10A3, 0x0883, 0x0883, 0x0063, 0x10C4,
  0x2147, 0x10C4, 0x1947, 0x430F, 0x6BF2, 0x7453, 0x324B, 0x324C, 0x29C9, 0x10E5, 0x10E5, 0x1927,
  0x326C, 0x328E, 0x326E, 0x3ACE, 0x4B50, 0x430E, 0x2A4C, 0x00A6, 0x0023, 0x0085, 0x00E7, 0x0085,
  0x5B4E, 0xDEB9, 0xCE58, 0xD699, 0xD699, 0xDE99, 0xDE99, 0xDE98, 0xE698, 0xDE98, 0xE6B9, 0xE6B9,
  0xE6B8, 0xDE98, 0xE6B8, 0xE697, 0xE698, 0xE677, 0xEEB8, 0xE6B8, 0xEE97, 0xFED7, 0xF6D8, 0xEEB7,
  0xEE96, 0xE635, 0xEE76, 0xEEB7, 0xD615, 0xDE15, 0xEE96, 0xF696, 0xE614, 0xCD72, 0xD5F5, 0xEE97,
  0xE635, 0xE656, 0xDE36, 0xC573, 0xCDB3, 0xDDF4, 0xCD92, 0xC552, 0xB4D0, 0xC531, 0xBD11, 0xACAF,
  0xACAF, 0xB4F1, 0xBD32, 0xB4D0, 0xF73B, 0xFF9D, 0xF75C, 0xFF7C, 0xF75C, 0xF75C, 0xF77C, 0xF77C,
  0xF77D, 0xF77D, 0xF77D, 0xF77C, 0xF77D, 0xF77C, 0xF75C, 0xFFDE, 0xE6FC, 0xCE3B, 0x7E1F, 0x3418,
  0x0021, 0x0000, 0x0000, 0x0000, 0x0000, 0x0000, 0x0000, 0x0000, 0x0000, 0x0000, 0x0000, 0x0000,
  0x0000, 0x0000, 0x0000, 0x0000, 0x0000, 0x0000, 0x0000, 0x0000, 0x0000, 0x0000, 0x0000, 0x0000,
  0x0000, 0x0000, 0x0000, 0x0000, 0x0000, 0x0000, 0x0000, 0x0000, 0x0000, 0x0000, 0x0000, 0x0000,
  0x0000, 0x0000, 0x0000, 0x0000, 0x0000, 0x0000, 0x0000, 0x0000, 0x0000, 0x0000, 0x0000, 0x2374,
  0x5D5F, 0xAD1C, 0xAD5E, 0xB59E, 0xAD5E, 0x8C9D, 0x7C1B, 0x73FB, 0x7C1C, 0x949D, 0x949E, 0x949E,
  0x949E, 0x8C5E, 0x841D, 0x6B99, 0x4AB4, 0x31EF, 0x198B, 0x1128, 0x1928, 0x1969, 0x218A, 0x2169,
  0x31EB, 0x426E, 0x29A9, 0x10C5, 0x0083, 0x0063, 0x0043, 0x0043, 0x0063, 0x0063, 0x0063, 0x0083,
  0x0883, 0x08A4, 0x0883, 0x0083, 0x0083, 0x08A3, 0x10E5, 0x1928, 0x0863, 0x0884, 0x10A4, 0x0882,
  0x10A3, 0x10C4, 0x1905, 0x1905, 0x10C3, 0x2147, 0x2126, 0x1905, 0x18E4, 0x18E4, 0x1904, 0x18E4,
  0x1904, 0x2125, 0x2125, 0x1904, 0x1905, 0x2125, 0x2125, 0x2125, 0x2146, 0x2966, 0x2966, 0x3187,
  0x31A7, 0x2986, 0x2986, 0x2986, 0x2966, 0x2965, 0x2945, 0x2945, 0x2125, 0x2125, 0x2125, 0x2124,
  0x2104, 0x2104, 0x18E4, 0x18E4, 0x18E4, 0x10C3, 0x10A3, 0x0883, 0x0883, 0x0883, 0x0862, 0x10A3,
  0x1905, 0x10C4, 0x08A3, 0x08A4, 0x10E5, 0x1126, 0x0906, 0x0906, 0x08C5, 0x00A5, 0x00C7, 0x00C6,
  0x0084, 0x00C6, 0x08E6, 0x08E6, 0x08E6, 0x00C6, 0x0085, 0x00A5, 0x00A5, 0x00C6, 0x0907, 0x00E7,
  0x08A5, 0xA535, 0xD699, 0xC638, 0xCE58, 0xD699, 0xD699, 0xD699, 0xDE99, 0xDE99, 0xDEB9, 0xDEB9,
  0xE6B9, 0xE6B9, 0xE6B9, 0xE698, 0xE6B8, 0xE698, 0xE6B8, 0xE6B8, 0xEEB8, 0xFEB7, 0xF6D8, 0xEE97,
  0xE656, 0xEE97, 0xEEB8, 0xE656, 0xEE97, 0xF6D9, 0xEEB7, 0xDDF4, 0xE655, 0xEE97, 0xEE97, 0xEE76,
  0xE656, 0xD5F4, 0xDE15, 0xEE76, 0xDDF4, 0xC551, 0xCD93, 0xDE14, 0xCD93, 0xC592, 0xCDB3, 0xC572,
  0xC551, 0xBD31, 0xA46F, 0xCDD5, 0xFFBD, 0xF75C, 0xF75C, 0xF75B, 0xF75C, 0xF75C, 0xF73B, 0xF73B,
  0xF75C, 0xF77D, 0xF77D, 0xFF7D, 0xFF9D, 0xF77C, 0xF75C, 0xF77D, 0xFF9D, 0x85BC, 0x34BD, 0x08E5,
  0x0000, 0x0000, 0x0000, 0x0000, 0x0000, 0x0000, 0x0000, 0x0000, 0x0000, 0x0000, 0x0000, 0x0000,
  0x0000, 0x0000, 0x0000, 0x0000, 0x0000, 0x0000, 0x0000, 0x0000, 0x0000, 0x0000, 0x0000, 0x0000,
  0x0000, 0x0000, 0x0000, 0x0000, 0x0000, 0x0000, 0x0000, 0x0000, 0x0000, 0x0000, 0x0000, 0x0000,
  0x0000, 0x0000, 0x0000, 0x0000, 0x0000, 0x0000, 0x0000, 0x0000, 0x0000, 0x0000, 0x0000, 0x0062,
  0x2C5A, 0x64FE, 0xACFD, 0xB59E, 0x9CDC, 0x7C1A, 0x73FB, 0x8C7D, 0x9CDE, 0x9CDE, 0x9CFE, 0x9CBE,
  0x8C7E, 0x841D, 0x6BBA, 0x6356, 0x5314, 0x4AB2, 0x4AD1, 0x5B13, 0x6354, 0x73B6, 0x7BF7, 0x73B6,
  0x6B96, 0x73D7, 0x6333, 0x3A2D, 0x1949, 0x1107, 0x10E6, 0x08C4, 0x0884, 0x08A4, 0x08A3, 0x08A4,
  0x08A4, 0x0062, 0x29AA, 0x5B33, 0x4AD2, 0x4AF4, 0x29EE, 0x42F6, 0x3A93, 0x42B3, 0x5B57, 0x5B75,
  0x424E, 0x18E4, 0x10C3, 0x18E4, 0x2148, 0x3A0D, 0x6377, 0x5B33, 0x4ACF, 0x31A8, 0x10C3, 0x18E4,
  0x18E4, 0x1904, 0x1904, 0x1905, 0x1905, 0x1905, 0x2125, 0x2145, 0x2145, 0x2946, 0x2146, 0x2146,
  0x2146, 0x2125, 0x2125, 0x2125, 0x1904, 0x18E4, 0x18E4, 0x10C4, 0x10C4, 0x10C4, 0x10A3, 0x10A3,
  0x10A3, 0x08A3, 0x0883, 0x0883, 0x10A3, 0x08A3, 0x10A3, 0x10A3, 0x10A3, 0x10A3, 0x10A3, 0x1082,
  0x1082, 0x1083, 0x0883, 0x08A4, 0x00A5, 0x00C6, 0x00C6, 0x00C6, 0x00A5, 0x08E7, 0x0907, 0x00E6,
  0x08E6, 0x0907, 0x00E7, 0x00C6, 0x00E6, 0x00C6, 0x00C6, 0x00C6, 0x00C6, 0x00C6, 0x00E7, 0x00E6,
  0x0064, 0x1968, 0xA576, 0xCE9A, 0xD699, 0xDEBA, 0xDEBA, 0xDEB9, 0xDEB9, 0xDEB9, 0xDEB9, 0xE6B9,
  0xE6D9, 0xE6B9, 0xE6B9, 0xE6B9, 0xE6B9, 0xE6B9, 0xE6D9, 0xE6B9, 0xEED9, 0xF6D8, 0xF6F9, 0xEEB8,
  0xEEB8, 0xEEB8, 0xE697, 0xEE97, 0xEED9, 0xEED8, 0xE656, 0xEE96, 0xF6F9, 0xF6D8, 0xEEB7, 0xEED8,
  0xDE56, 0xEE97, 0xEE97, 0xDDF4, 0xDDF4, 0xE635, 0xE635, 0xD5B3, 0xD5D4, 0xE635, 0xDE15, 0xCDB3,
  0xBD32, 0xC552, 0xBD52, 0xFF7C, 0xFF7C, 0xF75C, 0xF75C, 0xFF5B, 0xF75B, 0xF73B, 0xFF7D, 0xFFDE,
  0xFFDE, 0xFF9D, 0xF77C, 0xFF7D, 0xFF9D, 0xF77C, 0xF75C, 0xFF9D, 0xC6FD, 0x351F, 0x11AA, 0x0000,
  0x0000, 0x0000, 0x0000, 0x0000, 0x0000, 0x0000, 0x0000, 0x0000, 0x0000, 0x0000, 0x0000, 0x0000,
  0x0000, 0x0000, 0x0000, 0x0000, 0x0000, 0x0000, 0x0000, 0x0000, 0x0000, 0x0000, 0x0000, 0x0000,
  0x0000, 0x0000, 0x0000, 0x0000, 0x0000, 0x0000, 0x0000, 0x0000, 0x0000, 0x0000, 0x0000, 0x0000,
  0x0000, 0x0000, 0x0000, 0x0000, 0x0000, 0x0000, 0x0000, 0x0000, 0x0000, 0x0000, 0x0000, 0x0000,
  0x0927, 0x2CDD, 0x74FD, 0xAD3C, 0x7C59, 0x6BD8, 0x7C3B, 0x9CDE, 0xA51E, 0xA51E, 0x9CFE, 0x949E,
  0x8C5E, 0x841C, 0x73D9, 0x73D8, 0x7C18, 0x8C59, 0x94BB, 0x9CDD, 0x9CFE, 0x9CFE, 0x9CFE, 0x9CBE,
  0x949D, 0x94BD, 0x94BA, 0x8438, 0x6354, 0x4AD1, 0x3A4D, 0x218A, 0x1107, 0x08C5, 0x0084, 0x0063,
  0x08A4, 0x29CB, 0x4290, 0x6BD7, 0x9D3D, 0x6BFD, 0x6BD9, 0x9D1A, 0xA59D, 0x9D3C, 0x849A, 0x7416,
  0x4270, 0x216B, 0x216B, 0x10E5, 0x1906, 0x52F2, 0x6BB6, 0x6374, 0x3A0C, 0x320C, 0x2147, 0x10C4,
  0x10E4, 0x10E4, 0x10E4, 0x10C4, 0x10C4, 0x10E4, 0x18E5, 0x10E4, 0x10C4, 0x10C4, 0x10C4, 0x10A4,
  0x08A3, 0x0883, 0x0883, 0x0883, 0x0883, 0x0883, 0x0883, 0x0883, 0x0883, 0x0883, 0x0883, 0x0883,
  0x0883, 0x0883, 0x0883, 0x0883, 0x0883, 0x0883, 0x0883, 0x0862, 0x0862, 0x0883, 0x0883, 0x0084,
  0x00A5, 0x00A5, 0x00A6, 0x00C7, 0x00E7, 0x00E6, 0x00E7, 0x00E7, 0x00E7, 0x00E6, 0x00C6, 0x00C6,
  0x00C5, 0x0907, 0x08E7, 0x00E7, 0x00E7, 0x00C6, 0x00C6, 0x00C6, 0x00E6, 0x00C6, 0x00C6, 0x00A5,
  0x00C6, 0x0086, 0x1169, 0x63B1, 0xA576, 0xD6BA, 0xE71B, 0xE6FB, 0xE6FA, 0xE6FA, 0xE6DA, 0xE6DA,
  0xE6DA, 0xE6DA, 0xE6DA, 0xE6D9, 0xE6DA, 0xE6DA, 0xE6D9, 0xE6D9, 0xE6D9, 0xF6D8, 0xF719, 0xEEF9,
  0xE6D9, 0xE6D9, 0xE6B9, 0xEED9, 0xEED9, 0xE697, 0xEE97, 0xEED8, 0xEEB8, 0xEED8, 0xEEB8, 0xEEB8,
  0xF6F9, 0xEEB8, 0xE635, 0xF6B7, 0xF6D8, 0xE635, 0xE635, 0xEEB7, 0xEE55, 0xDDD3, 0xDE15, 0xDDF4,
  0xD5D4, 0xD5B3, 0xDE57, 0xFFBE, 0xFF7C, 0xFF7C, 0xFF5C, 0xFF5C, 0xF73B, 0xFF9D, 0xFFFF, 0xFFFF,
  0xFFFF, 0xFFFF, 0xFF9D, 0xF77C, 0xFF7D, 0xF75C, 0xFF7C, 0xE71C, 0x4D7F, 0x1AB0, 0x0000, 0x0000,
  0x0000, 0x0000, 0x0000, 0x0000, 0x0000, 0x0000, 0x0000, 0x0000, 0x0000, 0x0000, 0x0000, 0x0000,
  0x0000, 0x0000, 0x0000, 0x0000, 0x0000, 0x0000, 0x0000, 0x0000, 0x0000, 0x0000, 0x0000, 0x0000,
  0x0000, 0x0000, 0x0000, 0x0000, 0x0000, 0x0000, 0x0000, 0x0000, 0x0000, 0x0000, 0x0000, 0x0000,
  0x0000, 0x0000, 0x0000, 0x0000, 0x0000, 0x0000, 0x0000, 0x0000, 0x0000, 0x0000, 0x0000, 0x0000,
  0x0000, 0x11EC, 0x3D1F, 0x6C79, 0x6BB6, 0x63D8, 0x8C9D, 0xA53E, 0xAD3E, 0xA51E, 0x94BE, 0x94BD,
  0x94BD, 0x949C, 0x94BA, 0x9CDB, 0xA53D, 0xAD3E, 0xAD3E, 0xA51E, 0xA4FE, 0x9CDE, 0x9CDE, 0x949D,
  0x947D, 0x94BC, 0x9CDB, 0x94BB, 0x8C5B, 0x841B, 0x7BF8, 0x5B33, 0x3A2D, 0x2989, 0x1926, 0x10E5,
  0x5312, 0x5B53, 0x4AAF, 0x7C78, 0x6BD3, 0x7C56, 0x8CD8, 0x9D39, 0xAD99, 0xB5BB, 0x94D9, 0x7C58,
  0x7C7C, 0x6BFA, 0x849D, 0x5B78, 0x31CC, 0x3A2D, 0x29A9, 0x3A0C, 0x2989, 0x1906, 0x2168, 0x10A3,
  0x10C4, 0x10A4, 0x10A4, 0x10C4, 0x10C4, 0x10C4, 0x10C4, 0x08A4, 0x08A3, 0x10C4, 0x10C4, 0x10C4,
  0x10C4, 0x18E4, 0x18E4, 0x18E4, 0x18E4, 0x1904, 0x1904, 0x18E4, 0x18E4, 0x18E4, 0x18E4, 0x1904,
  0x18E4, 0x18E4, 0x18E4, 0x18E4, 0x18C4, 0x10C4, 0x10C4, 0x10E5, 0x1107, 0x0907, 0x0928, 0x00E7,
  0x0928, 0x00E7, 0x00C6, 0x08E7, 0x00C6, 0x00C6, 0x08E6, 0x00E6, 0x0907, 0x0908, 0x00E6, 0x0907,
  0x08E7, 0x0908, 0x0948, 0x0928, 0x0907, 0x0907, 0x00E7, 0x0908, 0x0908, 0x00E7, 0x00C6, 0x00E7,
  0x0108, 0x0129, 0x012A, 0x0109, 0x32AF, 0x9D99, 0xEF5E, 0xF79E, 0xF79D, 0xF77C, 0xEF3B, 0xEF1B,
  0xEEFA, 0xEF1B, 0xEF1B, 0xEEFA, 0xE6FA, 0xE6DA, 0xE6D9, 0xE6FA, 0xE6DA, 0xF6F9, 0xF71A, 0xEEFA,
  0xE6B9, 0xE6D9, 0xE6D9, 0xE6D9, 0xE6B9, 0xE6B8, 0xE6D9, 0xE6B9, 0xE6B8, 0xE6D9, 0xEEB8, 0xEED9,
  0xEE97, 0xEE76, 0xF6B7, 0xF6B7, 0xEE97, 0xEE97, 0xF6F9, 0xEEB7, 0xE635, 0xEE96, 0xEE55, 0xE614,
  0xE614, 0xCD72, 0xEF1A, 0xFF9D, 0xF75C, 0xF77C, 0xFF7C, 0xF75B, 0xF77C, 0xFFFF, 0xFFFF, 0xFFFF,
  0xFFDF, 0xFFDF, 0xFF9D, 0xF77C, 0xF77C, 0xF77C, 0xF75B, 0x5D9F, 0x1B96, 0x0020, 0x0000, 0x0000,
  0x0000, 0x0000, 0x0000, 0x0000, 0x0000, 0x0000, 0x0000, 0x0000, 0x0000, 0x0000, 0x0000, 0x0000,
  0x0000, 0x0000, 0x0000, 0x0000, 0x0000, 0x0000, 0x0000, 0x0000, 0x0000, 0x0000, 0x0000, 0x0000,
  0x0000, 0x0000, 0x0000, 0x0000, 0x0000, 0x0000, 0x0000, 0x0000, 0x0000, 0x0000, 0x0000, 0x0000,
  0x0000, 0x0000, 0x0000, 0x0000, 0x0000, 0x0000, 0x0000, 0x0000, 0x0000, 0x0000, 0x0000, 0x0000,
  0x0000, 0x0000, 0x1AF2, 0x34FE, 0x4B34, 0x6BD8, 0x9CFE, 0xAD5E, 0xAD3E, 0x9CFE, 0x9CFE, 0xA51E,
  0xA51D, 0xA51C, 0xA51B, 0x9CDB, 0x94BB, 0x8C7A, 0x8459, 0x7C19, 0x7BF9, 0x73D8, 0x6BB8, 0x6397,
  0x6377, 0x8439, 0x9CDA, 0x94BA, 0x7BF8, 0x6B77, 0x73B7, 0x73B7, 0x5B34, 0x4AB0, 0x3A2D, 0x3A4D,
  0x29A9, 0x08A4, 0x320B, 0x4AF0, 0x322C, 0x6BF4, 0x73F4, 0x5B30, 0x7C13, 0x8456, 0x8476, 0xB5FE,
  0xA59B, 0x8CD9, 0x9D3B, 0xA59E, 0x9D7F, 0x52F1, 0x1905, 0x10E4, 0x0883, 0x08A3, 0x08A3, 0x10C4,
  0x10C4, 0x10A4, 0x10C3, 0x10A3, 0x10A3, 0x10C4, 0x0882, 0x0883, 0x0883, 0x0883, 0x10A3, 0x08A3,
  0x08A3, 0x08A3, 0x08A4, 0x10A3, 0x10A3, 0x10A3, 0x08A3, 0x08A3, 0x08A3, 0x10A3, 0x10A3, 0x10A3,
  0x10A3, 0x10C4, 0x10C4, 0x08C4, 0x08E6, 0x08C6, 0x00C6, 0x00E7, 0x0907, 0x08E6, 0x00C6, 0x00C6,
  0x00C6, 0x00A5, 0x00A5, 0x00C6, 0x00C6, 0x00C6, 0x08E7, 0x00E7, 0x00E6, 0x08E7, 0x00C6, 0x08E7,
  0x00E7, 0x00E6, 0x0907, 0x00E6, 0x00C5, 0x00E6, 0x08E7, 0x0907, 0x0907, 0x08E7, 0x08E7, 0x0908,
  0x094A, 0x096A, 0x32AE, 0x63F2, 0x84F6, 0x9D78, 0xA5D9, 0xC67C, 0xD71D, 0xE73E, 0xEF9E, 0xF79E,
  0xF77D, 0xF77D, 0xF75C, 0xEF3B, 0xEF1B, 0xEEFB, 0xE6FA, 0xE6FA, 0xE6FA, 0xEEFA, 0xF71A, 0xEF1B,
  0xE6D9, 0xE6DA, 0xE6DA, 0xE6D9, 0xE6D9, 0xE6DA, 0xE6D9, 0xE6D9, 0xE6D9, 0xEED9, 0xEED9, 0xEEB9,
  0xE6B8, 0xEED9, 0xEEB8, 0xEEB7, 0xEED8, 0xEEB8, 0xEE97, 0xEE97, 0xF6D8, 0xEE97, 0xF6B7, 0xEE76,
  0xDE14, 0xE614, 0xFF7C, 0xFF9D, 0xF75C, 0xF75C, 0xFF5C, 0xF75B, 0xFFBE, 0xFFFF, 0xFFFF, 0xFFFF,
  0xFFDF, 0xFFDE, 0xFF9D, 0xF77C, 0xF77D, 0xFF7C, 0x7DDE, 0x241A, 0x0883, 0x0000, 0x0000, 0x0000,
  0x0000, 0x0000, 0x0000, 0x0000, 0x0000, 0x0000, 0x0000, 0x0000, 0x0000, 0x0000, 0x0000, 0x0000,
  0x0000, 0x0000, 0x0000, 0x0000, 0x0000, 0x0000, 0x0000, 0x0000, 0x0000, 0x0000, 0x0000, 0x0000,
  0x0000, 0x0000, 0x0000, 0x0000, 0x0000, 0x0000, 0x0000, 0x0000, 0x0000, 0x0000, 0x0000, 0x0000,
  0x0000, 0x0000, 0x0000, 0x0000, 0x0000, 0x0000, 0x0000, 0x0000, 0x0000, 0x0000, 0x0000, 0x0000,
  0x0000, 0x0000, 0x0000, 0x23B7, 0x3C9C, 0x7C18, 0xAD5E, 0xAD3E, 0x94DE, 0x949C, 0x94BB, 0x94BB,
  0x8C99, 0x7C37, 0x5B74, 0x4291, 0x3A2F, 0x320E, 0x29ED, 0x21CD, 0x21AB, 0x198A, 0x196A, 0x198A,
  0x21CD, 0x4AF2, 0x8458, 0x8C58, 0x5312, 0x29ED, 0x218B, 0x29ED, 0x3A2E, 0x4270, 0x4A90, 0x31EC,
  0x1127, 0x08E6, 0x0084, 0x0084, 0x1106, 0x1927, 0x3A2C, 0x63B3, 0x6BD3, 0x31EA, 0x7C33, 0xA57A,
  0xBE3D, 0x9D59, 0x5B30, 0x7C55, 0x5B0F, 0x2168, 0x2147, 0x1926, 0x10C4, 0x18E4, 0x1905, 0x18E4,
  0x10C4, 0x10A3, 0x0062, 0x2168, 0x31EC, 0x1906, 0x426D, 0x3A2B, 0x2126, 0x18E4, 0x18E4, 0x18E4,
  0x10E4, 0x18E4, 0x10C4, 0x10A3, 0x08A3, 0x0883, 0x0883, 0x0883, 0x0883, 0x0083, 0x0084, 0x0084,
  0x00C6, 0x00C6, 0x00C6, 0x00A5, 0x00A5, 0x00C5, 0x00C5, 0x00C6, 0x08E6, 0x00C6, 0x00C6, 0x00C6,
  0x00E6, 0x08E7, 0x0928, 0x00E7, 0x00E7, 0x00E7, 0x08E7, 0x0908, 0x0928, 0x08E7, 0x08E7, 0x0928,
  0x0928, 0x0928, 0x0907, 0x0907, 0x1148, 0x0907, 0x0948, 0x0928, 0x1169, 0x0949, 0x0908, 0x096A,
  0x11AB, 0x11CB, 0x4B0F, 0x63B1, 0x6BF2, 0x6BF2, 0x6C33, 0x7C95, 0x8D16, 0x9D98, 0xADFA, 0xC69C,
  0xD71D, 0xE75E, 0xEF9E, 0xF79E, 0xF79D, 0xF77D, 0xF73C, 0xEF3B, 0xEF1B, 0xEF1B, 0xF73B, 0xF73B,
  0xEF1A, 0xE6DA, 0xE6FA, 0xE6DA, 0xE6DA, 0xE6DA, 0xE6DA, 0xE6DA, 0xE6FA, 0xEEFA, 0xE6D9, 0xE6D9,
  0xEED9, 0xEED9, 0xEEB8, 0xEED9, 0xEED9, 0xEEB8, 0xEE97, 0xEEB8, 0xEE97, 0xF6B7, 0xEE97, 0xEE97,
  0xEE76, 0xEE76, 0xFF9D, 0xFF7C, 0xF75C, 0xF75C, 0xF75C, 0xFF5C, 0xFFDF, 0xFFFF, 0xFFFF, 0xFFDF,
  0xFFBE, 0xFFBD, 0xFF5B, 0xF77C, 0xFF9C, 0x9E3D, 0x2CBD, 0x0905, 0x0000, 0x0000, 0x0000, 0x0000,
  0x0000, 0x0000, 0x0000, 0x0000, 0x0000, 0x0000, 0x0000, 0x0000, 0x0000, 0x0000, 0x0000, 0x0000,
  0x0000, 0x0000, 0x0000, 0x0000, 0x0000, 0x0000, 0x0000, 0x0000, 0x0000, 0x0000, 0x0000, 0x0000,
  0x0000, 0x0000, 0x0000, 0x0000, 0x0000, 0x0000, 0x0000, 0x0000, 0x0000, 0x0000, 0x0000, 0x0000,
  0x0000, 0x0000, 0x0000, 0x0000, 0x0000, 0x0000, 0x0000, 0x0000, 0x0000, 0x0000, 0x0000, 0x0000,
  0x0000, 0x0000, 0x0000, 0x0062, 0x2439, 0x5D3E, 0xB55D, 0x847B, 0x63B7, 0x5B75, 0x6395, 0x73F7,
  0x73F6, 0x5333, 0x2A2F, 0x0909, 0x0085, 0x0064, 0x0063, 0x0063, 0x0043, 0x0043, 0x0043, 0x0043,
  0x00A6, 0x2A0D, 0x7BF6, 0x8C58, 0x4AD0, 0x1949, 0x08A5, 0x08C6, 0x1107, 0x1107, 0x21AC, 0x324F,
  0x29EC, 0x1128, 0x0083, 0x08C6, 0x1949, 0x08A4, 0x3A0C, 0x4AAE, 0x8475, 0x422A, 0x3A0A, 0x2146,
  0x8496, 0x8CB8, 0x6393, 0x320C, 0x298A, 0x73F7, 0x6376, 0x6BB6, 0x5B33, 0x2105, 0x18E4, 0x10C4,
  0x2146, 0x52ED, 0x530D, 0x5B6F, 0x4ACD, 0x428E, 0x52D0, 0x29AA, 0x18E5, 0x0883, 0x10C4, 0x10C4,
  0x10C4, 0x18E4, 0x1904, 0x1904, 0x1905, 0x1105, 0x1147, 0x1148, 0x1148, 0x0907, 0x08E7, 0x00E7,
  0x00E6, 0x00A5, 0x00C6, 0x00C5, 0x00C5, 0x00C6, 0x08E6, 0x00E6, 0x00E6, 0x00C6, 0x00C6, 0x0907,
  0x08E7, 0x0907, 0x08E7, 0x0907, 0x08E7, 0x0907, 0x0907, 0x0928, 0x0928, 0x0907, 0x0949, 0x1149,
  0x116A, 0x1149, 0x0949, 0x0949, 0x1169, 0x1169, 0x118A, 0x116A, 0x096A, 0x0928, 0x0949, 0x118A,
  0x11AB, 0x118A, 0x11AA, 0x326D, 0x4B2F, 0x534F, 0x5B70, 0x5B70, 0x5BB1, 0x6BF2, 0x7C74, 0x8CF6,
  0x9537, 0x9D99, 0xADFA, 0xBE7C, 0xD71D, 0xE77E, 0xF7BF, 0xF7BE, 0xF79E, 0xF77D, 0xF75C, 0xF75B,
  0xF73B, 0xEF1B, 0xEF1B, 0xE6FB, 0xE6FA, 0xE6FA, 0xE6FA, 0xE6DA, 0xE6FA, 0xEEFA, 0xE6D9, 0xE6D9,
  0xE6D9, 0xE6D9, 0xEED9, 0xEED9, 0xEED9, 0xE6B8, 0xEEB8, 0xEEB8, 0xEED8, 0xEEB7, 0xEEB8, 0xEE97,
  0xE656, 0xEE76, 0xFF9D, 0xFF7C, 0xF75C, 0xF75C, 0xF75C, 0xFF7C, 0xFFDF, 0xFFFF, 0xFFDF, 0xFFDE,
  0xFFBD, 0xFF7B, 0xF73B, 0xFF9C, 0xB67D, 0x351E, 0x19CA, 0x0000, 0x0000, 0x0000, 0x0000, 0x0000,
  0x0000, 0x0000, 0x0000, 0x0000, 0x0000, 0x0000, 0x0000, 0x0000, 0x0000, 0x0000, 0x0000, 0x0000,
  0x0000, 0x0000, 0x0000, 0x0000, 0x0000, 0x0000, 0x0000, 0x0000, 0x0000, 0x0000, 0x0000, 0x0000,
  0x0000, 0x0000, 0x0000, 0x0000, 0x0000, 0x0000, 0x0000, 0x0000, 0x0000, 0x0000, 0x0000, 0x0000,
  0x0000, 0x0000, 0x0000, 0x0000, 0x0000, 0x0000, 0x0000, 0x0000, 0x0000, 0x0000, 0x0000, 0x0000,
  0x0000, 0x0000, 0x0000, 0x0000, 0x08E5, 0x34DC, 0x64FC, 0x6374, 0x4AF2, 0x4B13, 0x6395, 0x7C17,
  0x7C17, 0x5B74, 0x3A90, 0x21AC, 0x1128, 0x00C6, 0x0084, 0x0064, 0x0043, 0x0043, 0x0063, 0x0043,
  0x08C5, 0x428F, 0x8C58, 0x9CB9, 0x7C15, 0x322D, 0x08C5, 0x0063, 0x0063, 0x0043, 0x0084, 0x0908,
  0x1129, 0x1928, 0x218C, 0x4AF4, 0x6BFC, 0x63BA, 0x4AF4, 0x320B, 0x6370, 0x31C9, 0x29CA, 0x5B95,
  0x63F6, 0x5B54, 0x7437, 0x8CD9, 0xA57C, 0x8499, 0x7418, 0x9D5C, 0x84BB, 0x5B75, 0x0883, 0x1904,
  0x636F, 0x9D56, 0x94F5, 0xA597, 0x9D56, 0x8CF6, 0x7C32, 0x3A08, 0x3A2A, 0x31E9, 0x10A3, 0x10C4,
  0x1926, 0x1127, 0x08E6, 0x00C6, 0x00E6, 0x00E7, 0x0907, 0x00E7, 0x00C6, 0x00A5, 0x00A5, 0x00A5,
  0x00C6, 0x00C6, 0x08E6, 0x08E6, 0x00C6, 0x00E7, 0x08E7, 0x08E7, 0x0907, 0x1148, 0x1148, 0x1148,
  0x0907, 0x1149, 0x0948, 0x0928, 0x08E7, 0x0928, 0x1169, 0x0969, 0x0949, 0x118A, 0x0969, 0x0969,
  0x0969, 0x0948, 0x0928, 0x0928, 0x0928, 0x0928, 0x0928, 0x0907, 0x00E7, 0x0107, 0x0907, 0x0908,
  0x0928, 0x0907, 0x0948, 0x098A, 0x19EC, 0x2A2C, 0x3AAD, 0x42CE, 0x4B0E, 0x5B90, 0x63D1, 0x63D2,
  0x6BF2, 0x7433, 0x7474, 0x84B5, 0x9557, 0xA5B9, 0xB63B, 0xC6BC, 0xD6FD, 0xDF3E, 0xEF7E, 0xF79E,
  0xFF9D, 0xFF9D, 0xF75C, 0xEF3B, 0xEF1B, 0xEF1B, 0xEF1B, 0xEF1B, 0xEF1B, 0xEEFA, 0xE6FA, 0xE6FA,
  0xE6DA, 0xEEFA, 0xEEDA, 0xE6D9, 0xE6D9, 0xE6D9, 0xE6D9, 0xE6B9, 0xEED9, 0xEED9, 0xEEB8, 0xEEB8,
  0xEE97, 0xEE77, 0xFF9D, 0xFF7C, 0xF77C, 0xF75C, 0xF75C, 0xF75C, 0xFF9D, 0xFFDE, 0xFFBD, 0xFF7C,
  0xFF5B, 0xF73B, 0xFF9C, 0xC69C, 0x3D3F, 0x1A4E, 0x0000, 0x0000, 0x0000, 0x0000, 0x0000, 0x0000,
  0x0000, 0x0000, 0x0000, 0x0000, 0x0000, 0x0000, 0x0000, 0x0000, 0x0000, 0x0000, 0x0000, 0x0000,
  0x0000, 0x0000, 0x0000, 0x0000, 0x0000, 0x0000, 0x0000, 0x0000, 0x0000, 0x0000, 0x0000, 0x0000,
  0x0000, 0x0000, 0x0000, 0x0000, 0x0000, 0x0000, 0x0000, 0x0000, 0x0000, 0x0000, 0x0000, 0x0000,
  0x0000, 0x0000, 0x0000, 0x0000, 0x0000, 0x0000, 0x0000, 0x0000, 0x0000, 0x0000, 0x0000, 0x0000,
  0x0000, 0x0000, 0x0000, 0x0000, 0x0000, 0x1168, 0x351E, 0x4C19, 0x6B94, 0x7C37, 0x94B9, 0x9D1B,
  0x9CFB, 0x94BA, 0x8C7A, 0x7C39, 0x63B6, 0x42F2, 0x2A0D, 0x1128, 0x0085, 0x0043, 0x0043, 0x0063,
  0x1108, 0x6332, 0x9CB9, 0x9CB9, 0x9C98, 0x5B11, 0x1948, 0x0084, 0x0064, 0x0063, 0x0063, 0x0063,
  0x1107, 0x5B77, 0x6C1B, 0x84BD, 0x745A, 0x6C1B, 0x29ED, 0x196A, 0x7457, 0x4AD0, 0x5B74, 0x7C58,
  0x6BD5, 0x6BD4, 0x94F7, 0xBE3B, 0xADDA, 0x8474, 0x6371, 0x42AD, 0x29A9, 0x5352, 0x322D, 0x3AAE,
  0x5B71, 0x4AEF, 0x94D5, 0xA576, 0x9515, 0x8CF5, 0x6BF2, 0x4ACD, 0x324C, 0x21CA, 0x00C6, 0x00C6,
  0x0908, 0x00E7, 0x00E6, 0x00A5, 0x00C6, 0x00A5, 0x00A5, 0x00A5, 0x08E6, 0x0928, 0x0928, 0x118A,
  0x1189, 0x1169, 0x0948, 0x0928, 0x0928, 0x0928, 0x0948, 0x0928, 0x0927, 0x1128, 0x0928, 0x0928,
  0x0948, 0x0928, 0x0928, 0x0907, 0x0928, 0x0928, 0x0908, 0x00E7, 0x00A5, 0x00C6, 0x00C6, 0x00C6,
  0x00A5, 0x00C6, 0x08E6, 0x08E6, 0x0907, 0x0928, 0x0928, 0x0928, 0x0948, 0x0949, 0x0948, 0x1189,
  0x0928, 0x1169, 0x118A, 0x118A, 0x0949, 0x0949, 0x0949, 0x19CB, 0x220C, 0x2A4C, 0x3AAD, 0x4B0E,
  0x534F, 0x5B70, 0x63B1, 0x6C12, 0x7C74, 0x84B5, 0x84D6, 0x8D16, 0x9D78, 0xA5B9, 0xB65B, 0xCEDD,
  0xDF3E, 0xE77E, 0xF7BF, 0xF79E, 0xF79E, 0xF77D, 0xF75C, 0xEF3C, 0xEF3B, 0xEF3B, 0xEF1B, 0xEEFA,
  0xEF1B, 0xEF1B, 0xEEFA, 0xEEFA, 0xE6DA, 0xEEDA, 0xE6D9, 0xEEFA, 0xEEFA, 0xEED9, 0xEED9, 0xEED9,
  0xE698, 0xEE97, 0xFF9D, 0xFF7D, 0xF77C, 0xF75C, 0xF75C, 0xF77C, 0xF75C, 0xF75B, 0xF73B, 0xFF3B,
  0xF75C, 0xFF9C, 0xD6DC, 0x455F, 0x1AB0, 0x0000, 0x0000, 0x0000, 0x0000, 0x0000, 0x0000, 0x0000,
  0x0000, 0x0000, 0x0000, 0x0000, 0x0000, 0x0000, 0x0000, 0x0000, 0x0000, 0x0000, 0x0000, 0x0000,
  0x0000, 0x0000, 0x0000, 0x0000, 0x0000, 0x0000, 0x0000, 0x0000, 0x0000, 0x0000, 0x0000, 0x0000,
  0x0000, 0x0000, 0x0000, 0x0000, 0x0000, 0x0000, 0x0000, 0x0000, 0x0000, 0x0000, 0x0000, 0x0000,
  0x0000, 0x0000, 0x0000, 0x0000, 0x0000, 0x0000, 0x0000, 0x0000, 0x0000, 0x0000, 0x0000, 0x0000,
  0x0000, 0x0000, 0x0000, 0x0000, 0x0000, 0x0000, 0x11AA, 0x3D3F, 0x7CFB, 0xAD3B, 0xAD5D, 0xAD5D,
  0xAD5E, 0xAD5E, 0xAD5E, 0xAD3E, 0xA51D, 0x94BB, 0x73D7, 0x42B1, 0x198A, 0x08C6, 0x0063, 0x0084,
  0x218A, 0x73B4, 0xA4D9, 0x9CB9, 0x9CB9, 0x73B4, 0x2A0C, 0x0907, 0x08E6, 0x08C5, 0x00C5, 0x00A4,
  0x324F, 0x320E, 0x29EC, 0x2A0C, 0x1968, 0x42B1, 0x6C19, 0x7439, 0x7C38, 0x7C59, 0x6394, 0x6BB3,
  0x73D4, 0x8496, 0xADB9, 0xB5D8, 0x94F5, 0x6BF1, 0x31E8, 0x4AAB, 0x4AAC, 0x1925, 0x320A, 0x3A8D,
  0x4310, 0x21CB, 0x3A6C, 0x29EA, 0x1989, 0x1169, 0x00A6, 0x0085, 0x00C6, 0x00A6, 0x00C5, 0x00C6,
  0x00C6, 0x08E7, 0x00C6, 0x00E7, 0x1169, 0x1189, 0x1169, 0x1169, 0x1148, 0x0928, 0x0949, 0x0907,
  0x00C5, 0x08E6, 0x0906, 0x0907, 0x0907, 0x0907, 0x0928, 0x0928, 0x0928, 0x0969, 0x118A, 0x0949,
  0x0969, 0x0928, 0x0907, 0x08E7, 0x0907, 0x0948, 0x0907, 0x0948, 0x1189, 0x118A, 0x11AA, 0x1189,
  0x1989, 0x19AA, 0x1189, 0x1189, 0x19AA, 0x19AA, 0x19CA, 0x19AA, 0x1189, 0x118A, 0x11AA, 0x198A,
  0x1148, 0x1189, 0x11AA, 0x19AB, 0x19AA, 0x11AA, 0x11CB, 0x11CC, 0x09AC, 0x098B, 0x098A, 0x19CA,
  0x326D, 0x42EE, 0x5370, 0x5B90, 0x5B90, 0x63D1, 0x6C12, 0x7453, 0x7C74, 0x84B5, 0x8CF6, 0x8D16,
  0x9557, 0xA5D9, 0xB65B, 0xC6BD, 0xDF3E, 0xEF9F, 0xF79E, 0xF79E, 0xF79E, 0xF77D, 0xF75C, 0xEF3C,
  0xEF3B, 0xEF1B, 0xEF1B, 0xEF1B, 0xEF1B, 0xEEFA, 0xEEFA, 0xEEFA, 0xEEFA, 0xEEFA, 0xE6D9, 0xE6D9,
  0xE6B9, 0xE6B8, 0xFF9D, 0xFF9D, 0xFF7C, 0xF77C, 0xF75C, 0xF75C, 0xF77C, 0xF77C, 0xF75C, 0xF75C,
  0xFF9C, 0xE71C, 0x557F, 0x2313, 0x0000, 0x0000, 0x0000, 0x0000, 0x0000, 0x0000, 0x0000, 0x0000,
  0x0000, 0x0000, 0x0000, 0x0000, 0x0000, 0x0000, 0x0000, 0x0000, 0x0000, 0x0000, 0x0000, 0x0000,
  0x0000, 0x0000, 0x0000, 0x0000, 0x0000, 0x0000, 0x0000, 0x0000, 0x0000, 0x0000, 0x0000, 0x0000,
  0x0000, 0x0000, 0x0000, 0x0000, 0x0000, 0x0000, 0x0000, 0x0000, 0x0000, 0x0000, 0x0000, 0x0000,
  0x0000, 0x0000, 0x0000, 0x0000, 0x0000, 0x0000, 0x0000, 0x0000, 0x0000, 0x0000, 0x0000, 0x0000,
  0x0000, 0x0000, 0x0000, 0x0000, 0x0000, 0x0000, 0x0000, 0x1A4D, 0x4D9F, 0x84FC, 0x9CBB, 0x8C9A,
  0x8479, 0x94DB, 0x9CFC, 0x9CFD, 0xA51E, 0xA51E, 0xA51E, 0x8C7B, 0x5B54, 0x21ED, 0x08E7, 0x00A5,
  0x218A, 0x73B5, 0xA4D9, 0xA4D9, 0xA4D9, 0x8C57, 0x3A4E, 0x08A5, 0x0063, 0x0084, 0x00A5, 0x0907,
  0x1149, 0x1128, 0x0908, 0x08E7, 0x19AB, 0x5B96, 0x849A, 0xA53B, 0xA53A, 0x9CF9, 0x9497, 0x7C15,
  0x6BF5, 0x7C98, 0x84F8, 0x9D58, 0x9D57, 0x94F6, 0x636F, 0x3A4B, 0x6BF2, 0x1947, 0x0084, 0x00C5,
  0x0928, 0x1149, 0x00E7, 0x00E6, 0x0928, 0x0908, 0x08E7, 0x08E6, 0x08C6, 0x08E6, 0x08E6, 0x0927,
  0x0948, 0x1169, 0x1169, 0x11AB, 0x19AB, 0x1148, 0x0907, 0x08E6, 0x08E6, 0x0928, 0x1169, 0x1148,
  0x0907, 0x08E6, 0x08E6, 0x0948, 0x0949, 0x0928, 0x0907, 0x0907, 0x00E7, 0x08E6, 0x08E6, 0x0907,
  0x1148, 0x1169, 0x1189, 0x11AA, 0x11CB, 0x19EC, 0x118A, 0x1169, 0x1169, 0x0928, 0x08E7, 0x08C6,
  0x08E6, 0x0907, 0x0927, 0x1127, 0x0907, 0x0907, 0x0907, 0x0907, 0x0927, 0x1169, 0x1169, 0x0948,
  0x0948, 0x116A, 0x118A, 0x0928, 0x0948, 0x1189, 0x118A, 0x1189, 0x11AA, 0x19CB, 0x11AA, 0x11AB,
  0x19CB, 0x222D, 0x2A4D, 0x328D, 0x4B2F, 0x5350, 0x532F, 0x5370, 0x5B91, 0x5B70, 0x63B1, 0x6C12,
  0x7453, 0x84B5, 0x9537, 0x9578, 0xA5B9, 0xADFA, 0xBE5B, 0xC6BC, 0xD71E, 0xE77E, 0xF79F, 0xF79E,
  0xF79D, 0xF77D, 0xF75C, 0xEF3C, 0xEF3B, 0xEF3B, 0xEF1B, 0xEF1B, 0xEEFA, 0xEEFA, 0xEEFA, 0xE6DA,
  0xE6DA, 0xE6B9, 0xF73B, 0xFFBE, 0xF77C, 0xF77C, 0xF77C, 0xF77C, 0xF77C, 0xF77C, 0xF75C, 0xFF9C,
  0xE71C, 0x557F, 0x2354, 0x0020, 0x0000, 0x0000, 0x0000, 0x0000, 0x0000, 0x0000, 0x0000, 0x0000,
  0x0000, 0x0000, 0x0000, 0x0000, 0x0000, 0x0000, 0x0000, 0x0000, 0x0000, 0x0000, 0x0000, 0x0000,
  0x0000, 0x0000, 0x0000, 0x0000, 0x0000, 0x0000, 0x0000, 0x0000, 0x0000, 0x0000, 0x0000, 0x0000,
  0x0000, 0x0000, 0x0000, 0x0000, 0x0000, 0x0000, 0x0000, 0x0000, 0x0000, 0x0000, 0x0000, 0x0000,
  0x0000, 0x0000, 0x0000, 0x0000, 0x0000, 0x0000, 0x0000, 0x0000, 0x0000, 0x0000, 0x0000, 0x0000,
  0x0000, 0x0000, 0x0000, 0x0000, 0x0000, 0x0000, 0x0000, 0x0000, 0x226E, 0x455F, 0x645A, 0x73F7,
  0x5375, 0x4AF3, 0x5314, 0x6375, 0x73D7, 0x845A, 0x9CFC, 0xA51D, 0x949C, 0x5B55, 0x21CC, 0x08E7,
  0x21AB, 0x7BD5, 0xA4FA, 0xA4FA, 0xA4FA, 0x9CB9, 0x5332, 0x21EB, 0x0948, 0x198B, 0x2A0E, 0x4AB2,
  0x5313, 0x3A92, 0x2A31, 0x3A92, 0x5353, 0x8477, 0xAD5B, 0xB57B, 0xB57B, 0xAD3A, 0x94B7, 0x7C56,
  0x63F5, 0x84D7, 0xBE5C, 0x9559, 0x5BB2, 0x5B91, 0x326D, 0x118A, 0x0928, 0x0907, 0x0969, 0x118A,
  0x116A, 0x0928, 0x08E7, 0x08C6, 0x08E6, 0x08E6, 0x00C6, 0x0928, 0x0908, 0x0928, 0x0948, 0x11AA,
  0x1189, 0x1148, 0x0907, 0x0907, 0x0907, 0x0948, 0x1148, 0x1189, 0x118A, 0x1169, 0x1148, 0x0949,
  0x0949, 0x0907, 0x0948, 0x0949, 0x0907, 0x00C6, 0x00C6, 0x1148, 0x118A, 0x19AA, 0x19AA, 0x1189,
  0x19EB, 0x19AB, 0x118A, 0x1149, 0x08E7, 0x00A5, 0x00C6, 0x0907, 0x19AA, 0x19AB, 0x19AA, 0x19AA,
  0x19CA, 0x11AA, 0x19CB, 0x118A, 0x1189, 0x1189, 0x19CB, 0x19CB, 0x118A, 0x118A, 0x19AA, 0x118A,
  0x118A, 0x11AA, 0x19AA, 0x1169, 0x11AA, 0x19CB, 0x19AA, 0x198A, 0x1989, 0x118A, 0x11AA, 0x11AB,
  0x1169, 0x1148, 0x1169, 0x11AB, 0x19CB, 0x21CA, 0x324C, 0x3A8D, 0x42AD, 0x4B0F, 0x5391, 0x5BB1,
  0x63D2, 0x6BF2, 0x6BF2, 0x7433, 0x84B5, 0x8D37, 0x9558, 0x9D99, 0xA5DA, 0xB63B, 0xC69C, 0xD71E,
  0xE77F, 0xF7BF, 0xF7BF, 0xF7BE, 0xF79D, 0xF77D, 0xF75C, 0xEF3C, 0xEF3B, 0xEF1B, 0xEF1B, 0xEF1B,
  0xEEFA, 0xE6DA, 0xE6D9, 0xFFBE, 0xFF9D, 0xF77C, 0xFF7D, 0xFF7D, 0xFF7C, 0xF77C, 0xFF9D, 0xEF3C,
  0x5D7F, 0x2375, 0x0021, 0x0000, 0x0000, 0x0000, 0x0000, 0x0000, 0x0000, 0x0000, 0x0000, 0x0000,
  0x0000, 0x0000, 0x0000, 0x0000, 0x0000, 0x0000, 0x0000, 0x0000, 0x0000, 0x0000, 0x0000, 0x0000,
  0x0000, 0x0000, 0x0000, 0x0000, 0x0000, 0x0000, 0x0000, 0x0000, 0x0000, 0x0000, 0x0000, 0x0000,
  0x0000, 0x0000, 0x0000, 0x0000, 0x0000, 0x0000, 0x0000, 0x0000, 0x0000, 0x0000, 0x0000, 0x0000,
  0x0000, 0x0000, 0x0000, 0x0000, 0x0000, 0x0000, 0x0000, 0x0000, 0x0000, 0x0000, 0x0000, 0x0000,
  0x0000, 0x0000, 0x0000, 0x0000, 0x0000, 0x0000, 0x0000, 0x0000, 0x0000, 0x228F, 0x457F, 0x53F8,
  0x2A0E, 0x094A, 0x112A, 0x19AC, 0x2A0F, 0x42F3, 0x63B6, 0x73F8, 0x845B, 0x8C7B, 0x5354, 0x2A0E,
  0x3A70, 0x7C16, 0xA4FA, 0xA4FA, 0xA4FA, 0xA4D9, 0x7C37, 0x4B34, 0x3A93, 0x5B57, 0x73D9, 0x73B8,
  0x4B14, 0x3272, 0x3AD4, 0x6BD7, 0x9CD9, 0xB57B, 0xB59C, 0xB57B, 0xAD3A, 0xA4F8, 0x8C97, 0x6C15,
  0x5BB2, 0x3AAE, 0x2A2C, 0x19AA, 0x0927, 0x0108, 0x118A, 0x19EC, 0x0907, 0x0907, 0x0928, 0x00E7,
  0x00C6, 0x00C6, 0x0907, 0x0928, 0x08E6, 0x0907, 0x1169, 0x19CB, 0x116A, 0x0907, 0x0928, 0x08E7,
  0x08E6, 0x0907, 0x1128, 0x198A, 0x19AA, 0x19AA, 0x1169, 0x1169, 0x0969, 0x0907, 0x0907, 0x08E6,
  0x0928, 0x0108, 0x00C6, 0x0907, 0x0928, 0x1169, 0x19AA, 0x21EB, 0x19CA, 0x1189, 0x0927, 0x08E7,
  0x00A5, 0x00C6, 0x0907, 0x1189, 0x19AA, 0x19AA, 0x19EC, 0x224D, 0x19AA, 0x1127, 0x0907, 0x1127,
  0x1148, 0x0928, 0x0948, 0x0928, 0x0927, 0x1148, 0x1169, 0x1169, 0x1148, 0x0948, 0x1148, 0x1169,
  0x0949, 0x0928, 0x0927, 0x08E7, 0x0907, 0x0907, 0x0928, 0x0927, 0x08E6, 0x0928, 0x1169, 0x118A,
  0x1169, 0x0928, 0x1149, 0x118A, 0x11AB, 0x098B, 0x118B, 0x11AA, 0x19CB, 0x2A4D, 0x3ACE, 0x4B2F,
  0x4B2F, 0x5B70, 0x5BB1, 0x63D1, 0x6C12, 0x84B5, 0x84D6, 0x7CB6, 0x7CB6, 0x8CF7, 0x9558, 0x9538,
  0xAE1A, 0xBE9C, 0xC6BD, 0xD71E, 0xE75E, 0xEF7E, 0xEF9E, 0xF79E, 0xF79D, 0xF77D, 0xF75C, 0xEF1B,
  0xEF1B, 0xEF1B, 0xE6DA, 0xF75C, 0xFFDF, 0xFF7D, 0xF77C, 0xFF7C, 0xF77D, 0xFF9D, 0xE73C, 0x5D9F,
  0x2B96, 0x0041, 0x0000, 0x0000, 0x0000, 0x0000, 0x0000, 0x0000, 0x0000, 0x0000, 0x0000, 0x0000,
  0x0000, 0x0000, 0x0000, 0x0000, 0x0000, 0x0000, 0x0000, 0x0000, 0x0000, 0x0000, 0x0000, 0x0000,
  0x0000, 0x0000, 0x0000, 0x0000, 0x0000, 0x0000, 0x0000, 0x0000, 0x0000, 0x0000, 0x0000, 0x0000,
  0x0000, 0x0000, 0x0000, 0x0000, 0x0000, 0x0000, 0x0000, 0x0000, 0x0000, 0x0000, 0x0000, 0x0000,
  0x0000, 0x0000, 0x0000, 0x0000, 0x0000, 0x0000, 0x0000, 0x0000, 0x0000, 0x0000, 0x0000, 0x0000,
  0x0000, 0x0000, 0x0000, 0x0000, 0x0000, 0x0000, 0x0000, 0x0000, 0x0000, 0x0000, 0x22AF, 0x455F,
  0x2291, 0x00C6, 0x00E6, 0x08E7, 0x116A, 0x19CD, 0x19CD, 0x2A2F, 0x42F3, 0x73F8, 0x6BD8, 0x4B15,
  0x5355, 0x8437, 0xA4D9, 0xA4FA, 0xACFA, 0xA4FA, 0x9CBA, 0x7C19, 0x6BBA, 0x7BDB, 0x7399, 0x42B2,
  0x2A30, 0x2A71, 0x5BB6, 0xA51A, 0xB57C, 0xBD9C, 0xBD9C, 0xB55B, 0xA4F9, 0x9CB7, 0x6393, 0x19AB,
  0x0085, 0x00E6, 0x0907, 0x0907, 0x0928, 0x0928, 0x0907, 0x08E6, 0x08C6, 0x0907, 0x0107, 0x00E7,
  0x08E6, 0x0907, 0x1149, 0x1169, 0x118A, 0x1169, 0x1127, 0x08E6, 0x00A5, 0x00C5, 0x0907, 0x1169,
  0x19EB, 0x19EB, 0x1169, 0x08E6, 0x00C5, 0x00A5, 0x0907, 0x0907, 0x0928, 0x0927, 0x0928, 0x00C6,
  0x08E7, 0x19CB, 0x19EB, 0x1169, 0x19AA, 0x198A, 0x1148, 0x08C6, 0x0907, 0x0907, 0x0928, 0x0949,
  0x19AA, 0x19CB, 0x19EB, 0x19CB, 0x19AA, 0x1169, 0x0928, 0x1169, 0x19AA, 0x1189, 0x19EC, 0x19EC,
  0x1169, 0x08E6, 0x0927, 0x118A, 0x19CB, 0x19CB, 0x11AA, 0x1189, 0x1148, 0x1148, 0x1989, 0x21EB,
  0x19CB, 0x19AA, 0x1189, 0x19CB, 0x11AA, 0x1169, 0x1189, 0x11AA, 0x118A, 0x118A, 0x0948, 0x0948,
  0x0949, 0x11AB, 0x11AA, 0x0948, 0x0948, 0x11AB, 0x19EC, 0x19EC, 0x1A0C, 0x224E, 0x1A2D, 0x220C,
  0x222C, 0x328D, 0x4B0F, 0x5B91, 0x63D2, 0x63D1, 0x63B1, 0x63B1, 0x6C13, 0x7453, 0x84D6, 0x84F7,
  0x5BB8, 0x84B7, 0x9D98, 0xADFA, 0xB63B, 0xBE5B, 0xCEDD, 0xDF3E, 0xF7DF, 0xEF9F, 0xC65C, 0xF77D,
  0xF75C, 0xF75C, 0xEF3B, 0xEF1B, 0xF77D, 0xFFDE, 0xFF7D, 0xF75C, 0xFF9D, 0xE73C, 0x5D9F, 0x2BB6,
  0x0841, 0x0000, 0x0000, 0x0000, 0x0000, 0x0000, 0x0000, 0x0000, 0x0000, 0x0000, 0x0000, 0x0000,
  0x0000, 0x0000, 0x0000, 0x0000, 0x0000, 0x0000, 0x0000, 0x0000, 0x0000, 0x0000, 0x0000, 0x0000,
  0x0000, 0x0000, 0x0000, 0x0000, 0x0000, 0x0000, 0x0000, 0x0000, 0x0000, 0x0000, 0x0000, 0x0000,
  0x0000, 0x0000, 0x0000, 0x0000, 0x0000, 0x0000, 0x0000, 0x0000, 0x0000, 0x0000, 0x0000, 0x0000,
  0x0000, 0x0000, 0x0000, 0x0000, 0x0000, 0x0000, 0x0000, 0x0000, 0x0000, 0x0000, 0x0000, 0x0000,
  0x0000, 0x0000, 0x0000, 0x0000, 0x0000, 0x0000, 0x0000, 0x0000, 0x0000, 0x0000, 0x0000, 0x228F,
  0x457F, 0x1A4E, 0x0084, 0x00E7, 0x0908, 0x0928, 0x0908, 0x11AC, 0x3AF2, 0x5396, 0x5B97, 0x5B76,
  0x73F8, 0x8C7A, 0x9CDA, 0xAD1B, 0xAD1B, 0xAD1A, 0xA4FA, 0x843A, 0x7BFB, 0x73DA, 0x4AD4, 0x29EE,
  0x29EE, 0x4AF2, 0x94B8, 0xBD9C, 0xB59C, 0xBD9C, 0xB57B, 0xAD3A, 0xA4F9, 0x9477, 0x4AF1, 0x118A,
  0x0948, 0x0948, 0x0907, 0x0907, 0x0908, 0x0928, 0x08E7, 0x00C6, 0x0907, 0x00C6, 0x08E6, 0x0948,
  0x118A, 0x11AA, 0x1169, 0x1148, 0x08C5, 0x0084, 0x0064, 0x08C5, 0x1148, 0x19CB, 0x19CB, 0x1169,
  0x0928, 0x08E7, 0x00E7, 0x00E7, 0x0948, 0x0948, 0x0928, 0x0928, 0x0907, 0x08E6, 0x08E6, 0x1169,
  0x220C, 0x2A6D, 0x118A, 0x0907, 0x0927, 0x1169, 0x0948, 0x08E6, 0x00A4, 0x08E6, 0x11AA, 0x1A0C,
  0x19CB, 0x1148, 0x00A5, 0x0084, 0x0928, 0x19EC, 0x224D, 0x21EB, 0x19AA, 0x118A, 0x118A, 0x118A,
  0x118A, 0x0928, 0x0907, 0x0928, 0x0907, 0x00C5, 0x00A4, 0x00C5, 0x0906, 0x1989, 0x21CA, 0x21A9,
  0x21A9, 0x21A8, 0x21C9, 0x21CA, 0x21CA, 0x1169, 0x1169, 0x19CB, 0x11AB, 0x118A, 0x118A, 0x19AA,
  0x11AB, 0x118A, 0x118A, 0x19CB, 0x19CB, 0x11AB, 0x0949, 0x0108, 0x0949, 0x11AB, 0x1A0C, 0x2A8E,
  0x328E, 0x224D, 0x19EC, 0x222C, 0x3AAE, 0x5370, 0x63B1, 0x5B91, 0x63D1, 0x63D2, 0x6C33, 0x84D5,
  0x5BB7, 0x4AFA, 0x63F6, 0x84D5, 0x9537, 0x9D98, 0xA5B9, 0xB63A, 0xB63C, 0x63B8, 0xBE3C, 0xEF9F,
  0xF79F, 0xF79F, 0xF79E, 0xF77D, 0xF73C, 0xF75C, 0xF77D, 0xFF9C, 0xDF1C, 0x5D9F, 0x2BB6, 0x0841,
  0x0000, 0x0000, 0x0000, 0x0000, 0x0000, 0x0000, 0x0000, 0x0000, 0x0000, 0x0000, 0x0000, 0x0000,
  0x0000, 0x0000, 0x0000, 0x0000, 0x0000, 0x0000, 0x0000, 0x0000, 0x0000, 0x0000, 0x0000, 0x0000,
  0x0000, 0x0000, 0x0000, 0x0000, 0x0000, 0x0000, 0x0000, 0x0000, 0x0000, 0x0000, 0x0000, 0x0000,
  0x0000, 0x0000, 0x0000, 0x0000, 0x0000, 0x0000, 0x0000, 0x0000, 0x0000, 0x0000, 0x0000, 0x0000,
  0x0000, 0x0000, 0x0000, 0x0000, 0x0000, 0x0000, 0x0000, 0x0000, 0x0000, 0x0000, 0x0000, 0x0000,
  0x0000, 0x0000, 0x0000, 0x0000, 0x0000, 0x0000, 0x0000, 0x0000, 0x0000, 0x0000, 0x0000, 0x0000,
  0x226E, 0x4D7F, 0x32F1, 0x31EB, 0x324D, 0x324D, 0x3A8F, 0x4311, 0x4312, 0x42D2, 0x4B14, 0x5335,
  0x6397, 0x8C7B, 0xA51C, 0xAD3B, 0xB55B, 0xAD3B, 0xA4FA, 0x8C7B, 0x7BFA, 0x6398, 0x4315, 0x2A71,
  0x42B2, 0x8C78, 0xB59C, 0xB59C, 0xBD9C, 0xB59C, 0xAD5B, 0xA519, 0xA4F9, 0x8C77, 0x3A8F, 0x0907,
  0x00C5, 0x00E6, 0x00E6, 0x0907, 0x0928, 0x00E7, 0x00A5, 0x08E7, 0x0969, 0x11AA, 0x1169, 0x0948,
  0x0948, 0x08E7, 0x00A5, 0x0063, 0x00C5, 0x1169, 0x19CB, 0x118A, 0x1168, 0x0928, 0x0907, 0x0907,
  0x0928, 0x0948, 0x0949, 0x1169, 0x1169, 0x0948, 0x0928, 0x00C5, 0x0084, 0x0927, 0x224D, 0x2A6E,
  0x1169, 0x0084, 0x0907, 0x19AA, 0x118A, 0x08E6, 0x00A5, 0x0907, 0x1189, 0x19AA, 0x1169, 0x08C6,
  0x00A5, 0x1128, 0x19A9, 0x1A0C, 0x224E, 0x19CA, 0x0927, 0x1128, 0x19AA, 0x222D, 0x1A0C, 0x1189,
  0x1169, 0x19AA, 0x1169, 0x00C5, 0x0021, 0x0022, 0x00A4, 0x1127, 0x1989, 0x19A9, 0x21CA, 0x21A9,
  0x21A9, 0x21EA, 0x2A2B, 0x42AC, 0x4AED, 0x42EE, 0x2A4C, 0x1A0C, 0x1A0C, 0x11AB, 0x0948, 0x0948,
  0x11CB, 0x11CC, 0x096A, 0x0949, 0x1169, 0x19AA, 0x19CB, 0x11CB, 0x098A, 0x0108, 0x0108, 0x118A,
  0x2A6D, 0x4330, 0x32AF, 0x11AB, 0x0928, 0x19AA, 0x42EE, 0x63F2, 0x63D2, 0x5BB1, 0x5BB1, 0x5BB1,
  0x5392, 0x535B, 0x4AFB, 0x5B95, 0x84B4, 0x8D16, 0x9537, 0x7CB8, 0x42B7, 0x5B36, 0xBE7B, 0xBE7C,
  0xCEBC, 0xCEDD, 0xDF5E, 0xE77F, 0xEF7E, 0xEF7E, 0xFF9D, 0xD6DC, 0x557F, 0x2375, 0x0021, 0x0000,
  0x0000, 0x0000, 0x0000, 0x0000, 0x0000, 0x0000, 0x0000, 0x0000, 0x0000, 0x0000, 0x0000, 0x0000,
  0x0000, 0x0000, 0x0000, 0x0000, 0x0000, 0x0000, 0x0000, 0x0000, 0x0000, 0x0000, 0x0000, 0x0000,
  0x0000, 0x0000, 0x0000, 0x0000, 0x0000, 0x0000, 0x0000, 0x0000, 0x0000, 0x0000, 0x0000, 0x0000,
  0x0000, 0x0000, 0x0000, 0x0000, 0x0000, 0x0000, 0x0000, 0x0000, 0x0000, 0x0000, 0x0000, 0x0000,
  0x0000, 0x0000, 0x0000, 0x0000, 0x0000, 0x0000, 0x0000, 0x0000, 0x0000, 0x0000, 0x0000, 0x0000,
  0x0000, 0x0000, 0x0000, 0x0000, 0x0000, 0x0000, 0x0000, 0x0000, 0x0000, 0x0000, 0x0000, 0x0000,
  0x0000, 0x224D, 0x55BF, 0x6478, 0x7BD2, 0x7BF3, 0x8434, 0x8434, 0x6BB3, 0x4B11, 0x5332, 0x5B95,
  0x6BD7, 0x847A, 0xA51C, 0xB57C, 0xB57C, 0xB55B, 0xA51B, 0x949B, 0x6BB9, 0x5398, 0x5C19, 0x6438,
  0x8479, 0xB57C, 0xBD9D, 0xBD9D, 0xB59C, 0xB57C, 0xAD3A, 0xA4F9, 0xA4F9, 0x73F5, 0x220D, 0x0907,
  0x00C5, 0x00C6, 0x00C6, 0x00A5, 0x00C6, 0x0907, 0x1169, 0x118A, 0x11AA, 0x1169, 0x08E6, 0x00A4,
  0x0084, 0x0064, 0x0907, 0x118A, 0x220C, 0x19CB, 0x1148, 0x08E6, 0x00C6, 0x0907, 0x0928, 0x1169,
  0x0927, 0x0949, 0x0948, 0x0928, 0x1169, 0x0948, 0x00A5, 0x00A5, 0x1148, 0x19EB, 0x1148, 0x00C6,
  0x00A6, 0x1128, 0x19AA, 0x1169, 0x0084, 0x0085, 0x1148, 0x19CB, 0x19AB, 0x1127, 0x0043, 0x08C5,
  0x1189, 0x19CB, 0x222D, 0x19CB, 0x08E6, 0x00C5, 0x19AA, 0x220C, 0x220B, 0x1169, 0x0928, 0x1169,
  0x19CB, 0x220C, 0x19AB, 0x00E6, 0x08C5, 0x0063, 0x0042, 0x0063, 0x0084, 0x1147, 0x2A0B, 0x324B,
  0x3A8C, 0x42CE, 0x4B0E, 0x530E, 0x534F, 0x7412, 0x7C74, 0x19AA, 0x0928, 0x118A, 0x19AA, 0x118A,
  0x0908, 0x0927, 0x11AA, 0x1A0D, 0x0969, 0x00A5, 0x0928, 0x1A0C, 0x11CC, 0x0969, 0x0928, 0x00E7,
  0x0108, 0x19EC, 0x328E, 0x224D, 0x19CB, 0x0949, 0x098A, 0x2A6D, 0x4B4F, 0x5390, 0x4B2E, 0x4B2F,
  0x534F, 0x4B17, 0x5B7E, 0x4B1B, 0x63F4, 0x7453, 0x6C34, 0x4B39, 0x3A57, 0x6BF5, 0x9557, 0x9D98,
  0xA5B9, 0xA5BA, 0xA59B, 0xA5BB, 0xB61B, 0xB61A, 0xA61B, 0x4D7F, 0x2354, 0x0020, 0x0000, 0x0000,
  0x0000, 0x0000, 0x0000, 0x0000, 0x0000, 0x0000, 0x0000, 0x0000, 0x0000, 0x0000, 0x0000, 0x0000,
  0x0000, 0x0000, 0x0000, 0x0000, 0x0000, 0x0000, 0x0000, 0x0000, 0x0000, 0x0000, 0x0000, 0x0000,
  0x0000, 0x0000, 0x0000, 0x0000, 0x0000, 0x0000, 0x0000, 0x0000, 0x0000, 0x0000, 0x0000, 0x0000,
  0x0000, 0x0000, 0x0000, 0x0000, 0x0000, 0x0000, 0x0000, 0x0000, 0x0000, 0x0000, 0x0000, 0x0000,
  0x0000, 0x0000, 0x0000, 0x0000, 0x0000, 0x0000, 0x0000, 0x0000, 0x0000, 0x0000, 0x0000, 0x0000,
  0x0000, 0x0000, 0x0000, 0x0000, 0x0000, 0x0000, 0x0000, 0x0000, 0x0000, 0x0000, 0x0000, 0x0000,
  0x0000, 0x0000, 0x220B, 0x4D7F, 0x6CBA, 0x9434, 0x9495, 0x9CD6, 0xA4D6, 0x9CB6, 0x94B6, 0x8C97,
  0x8C98, 0x94BA, 0xA51C, 0xB57D, 0xBD9D, 0xBD7C, 0xAD3C, 0x8C7B, 0x5B77, 0x4315, 0x6C18, 0x9D1B,
  0xBDBD, 0xBDBD, 0xBD9D, 0xBD9D, 0xB57C, 0xAD5B, 0xA51A, 0xA4FA, 0x9498, 0x4B33, 0x19AB, 0x08E7,
  0x00A5, 0x0084, 0x00C6, 0x0949, 0x1189, 0x19AA, 0x19EB, 0x118A, 0x08E6, 0x0084, 0x0084, 0x0084,
  0x00A5, 0x1169, 0x1A0C, 0x19CB, 0x19AA, 0x00C6, 0x00A5, 0x00C6, 0x0928, 0x0928, 0x08E6, 0x08E6,
  0x1189, 0x0949, 0x08E7, 0x0948, 0x0907, 0x0085, 0x00E7, 0x11AB, 0x19EB, 0x08E6, 0x0064, 0x08E6,
  0x1169, 0x19CA, 0x08E6, 0x0043, 0x08C6, 0x1149, 0x1989, 0x1148, 0x00C6, 0x0084, 0x0907, 0x19AA,
  0x1127, 0x19CB, 0x0907, 0x00C6, 0x1149, 0x222C, 0x19CA, 0x0928, 0x00C5, 0x08E7, 0x1A0C, 0x224D,
  0x1189, 0x00C6, 0x19AA, 0x2A6D, 0x328D, 0x2A4C, 0x2A0A, 0x29C9, 0x2A0A, 0x322B, 0x42AC, 0x5B6F,
  0x6BD0, 0x7C32, 0x7C32, 0x7C52, 0x9515, 0x9D98, 0x9DBA, 0x3ACF, 0x0085, 0x08E6, 0x0928, 0x118A,
  0x19EB, 0x0948, 0x00E7, 0x0928, 0x096A, 0x0928, 0x00A5, 0x0928, 0x11AA, 0x118A, 0x0949, 0x0107,
  0x0108, 0x0108, 0x19CB, 0x2A6E, 0x2A6E, 0x11AA, 0x11AB, 0x21EF, 0x4B15, 0x5B96, 0x5334, 0x42AF,
  0x3A8C, 0x3AB1, 0x741E, 0x73FE, 0x4B37, 0x5390, 0x5357, 0x533C, 0x42B7, 0x6C14, 0x7474, 0x7494,
  0x7476, 0x7438, 0x84B8, 0x9558, 0xA577, 0x7D18, 0x3D3F, 0x2333, 0x0000, 0x0000, 0x0000, 0x0000,
  0x0000, 0x0000, 0x0000, 0x0000, 0x0000, 0x0000, 0x0000, 0x0000, 0x0000, 0x0000, 0x0000, 0x0000,
  0x0000, 0x0000, 0x0000, 0x0000, 0x0000, 0x0000, 0x0000, 0x0000, 0x0000, 0x0000, 0x0000, 0x0000,
  0x0000, 0x0000, 0x0000, 0x0000, 0x0000, 0x0000, 0x0000, 0x0000, 0x0000, 0x0000, 0x0000, 0x0000,
  0x0000, 0x0000, 0x0000, 0x0000, 0x0000, 0x0000, 0x0000, 0x0000, 0x0000, 0x0000, 0x0000, 0x0000,
  0x0000, 0x0000, 0x0000, 0x0000, 0x0000, 0x0000, 0x0000, 0x0000, 0x0000, 0x0000, 0x0000, 0x0000,
  0x0000, 0x0000, 0x0000, 0x0000, 0x0000, 0x0000, 0x0000, 0x0000, 0x0000, 0x0000, 0x0000, 0x0000,
  0x0000, 0x0000, 0x0000, 0x1188, 0x453E, 0x651B, 0x8C33, 0x9495, 0xA4F7, 0xB558, 0xBD99, 0xBDBA,
  0xB57A, 0xAD5B, 0xAD3D, 0xB55E, 0xBDBD, 0xBDBD, 0xA53C, 0x5B75, 0x19CC, 0x094A, 0x42F2, 0xA55B,
  0xC5FE, 0xBDDE, 0xBDBE, 0xBD9D, 0xAD5C, 0xA53B, 0xA51A, 0xA51A, 0x73F6, 0x220D, 0x0907, 0x00A5,
  0x00C6, 0x1127, 0x19AA, 0x11AA, 0x0948, 0x1169, 0x0949, 0x00C6, 0x0064, 0x0084, 0x00C6, 0x1148,
  0x19AA, 0x1169, 0x0906, 0x08E6, 0x08E7, 0x00E7, 0x0907, 0x08E7, 0x0928, 0x08E6, 0x0907, 0x1189,
  0x1189, 0x0928, 0x0948, 0x00C5, 0x00C6, 0x0907, 0x1148, 0x19CB, 0x08C6, 0x00C6, 0x0948, 0x0928,
  0x1169, 0x08C5, 0x0063, 0x0084, 0x1128, 0x1189, 0x1169, 0x00A5, 0x00A5, 0x00A5, 0x1169, 0x0907,
  0x19AA, 0x0907, 0x0064, 0x1149, 0x224D, 0x19EB, 0x00A5, 0x0084, 0x00C6, 0x19CB, 0x19AA, 0x00C6,
  0x00C6, 0x00C6, 0x220C, 0x53B3, 0x5392, 0x6413, 0x7453, 0x7C52, 0x7C52, 0x8493, 0x8CF5, 0x9515,
  0x9D56, 0x9515, 0x9516, 0x9558, 0x9579, 0x8538, 0x7CF8, 0x2A4D, 0x00C7, 0x0907, 0x0907, 0x0085,
  0x118A, 0x11EC, 0x098A, 0x00C6, 0x00E6, 0x0969, 0x0908, 0x00A5, 0x0948, 0x118A, 0x096A, 0x0928,
  0x0107, 0x00E7, 0x0969, 0x224D, 0x32B0, 0x2A30, 0x21AD, 0x2A0F, 0x5336, 0x6BBC, 0x73DE, 0x6BBC,
  0x5B77, 0x3A90, 0x63B9, 0x94DF, 0x4B1A, 0x328F, 0x533B, 0x639D, 0x5357, 0x53B1, 0x7456, 0x7C1B,
  0x63B9, 0x7455, 0x84D6, 0x8CF6, 0x7539, 0x455F, 0x22B0, 0x0000, 0x0000, 0x0000, 0x0000, 0x0000,
  0x0000, 0x0000, 0x0000, 0x0000, 0x0000, 0x0000, 0x0000, 0x0000, 0x0000, 0x0000, 0x0000, 0x0000,
  0x0000, 0x0000, 0x0000, 0x0000, 0x0000, 0x0000, 0x0000, 0x0000, 0x0000, 0x0000, 0x0000, 0x0000,
  0x0000, 0x0000, 0x0000, 0x0000, 0x0000, 0x0000, 0x0000, 0x0000, 0x0000, 0x0000, 0x0000, 0x0000,
  0x0000, 0x0000, 0x0000, 0x0000, 0x0000, 0x0000, 0x0000, 0x0000, 0x0000, 0x0000, 0x0000, 0x0000,
  0x0000, 0x0000, 0x0000, 0x0000, 0x0000, 0x0000, 0x0000, 0x0000, 0x0000, 0x0000, 0x0000, 0x0000,
  0x0000, 0x0000, 0x0000, 0x0000, 0x0000, 0x0000, 0x0000, 0x0000, 0x0000, 0x0000, 0x0000, 0x0000,
  0x0000, 0x0000, 0x0000, 0x0000, 0x1126, 0x44FC, 0x5D1C, 0x9455, 0xA4D6, 0xAD38, 0xBD99, 0xCDFB,
  0xCE1C, 0xBDDD, 0xAD5D, 0xAD3E, 0xBD9E, 0xC5FE, 0x94D9, 0x2A2D, 0x0107, 0x11AB, 0x63B5, 0xBDBD,
  0xC5FE, 0xC5DE, 0xC5DE, 0xB59D, 0xAD5C, 0xAD1B, 0xAD5B, 0x9CFA, 0x4B13, 0x0928, 0x00C6, 0x0949,
  0x11AB, 0x11AA, 0x0928, 0x00E7, 0x0928, 0x00C5, 0x00A5, 0x08C6, 0x08E6, 0x1148, 0x19AA, 0x19CB,
  0x0907, 0x0063, 0x00A5, 0x0907, 0x00C6, 0x00E7, 0x0949, 0x1149, 0x08E6, 0x00C6, 0x0948, 0x1189,
  0x08E6, 0x0948, 0x0907, 0x08E6, 0x0907, 0x1169, 0x222C, 0x0928, 0x0085, 0x0948, 0x19AA, 0x19AA,
  0x08E5, 0x0084, 0x0084, 0x08C6, 0x0907, 0x1148, 0x08E7, 0x00C6, 0x0084, 0x08C5, 0x0927, 0x1148,
  0x1169, 0x00A5, 0x00A5, 0x0907, 0x19CB, 0x08E6, 0x00A5, 0x08C5, 0x0928, 0x0969, 0x08E6, 0x00A5,
  0x00E6, 0x0108, 0x11AB, 0x53D4, 0x53F4, 0x6C75, 0x84D6, 0x84F6, 0x8CF6, 0x8D17, 0x9D99, 0x9579,
  0x9579, 0x8518, 0x8D39, 0x8D59, 0x8539, 0x8539, 0x8518, 0x2A6E, 0x0929, 0x0908, 0x00E7, 0x00A5,
  0x198A, 0x226E, 0x11CB, 0x0907, 0x00C6, 0x118A, 0x098A, 0x00C6, 0x118A, 0x19CC, 0x096A, 0x0908,
  0x00E7, 0x00E6, 0x0928, 0x32AF, 0x4B33, 0x19AC, 0x0927, 0x0969, 0x220F, 0x19EE, 0x3251, 0x5B5A,
  0x7C1E, 0x7C3C, 0x5B79, 0x845E, 0x639C, 0x3A95, 0x63BC, 0x639D, 0x3292, 0x84B9, 0xBD9F, 0x6BF8,
  0x63F3, 0x7433, 0x7433, 0x5CD9, 0x453F, 0x1A4D, 0x0000, 0x0000, 0x0000, 0x0000, 0x0000, 0x0000,
  0x0000, 0x0000, 0x0000, 0x0000, 0x0000, 0x0000, 0x0000, 0x0000, 0x0000, 0x0000, 0x0000, 0x0000,
  0x0000, 0x0000, 0x0000, 0x0000, 0x0000, 0x0000, 0x0000, 0x0000, 0x0000, 0x0000, 0x0000, 0x0000,
  0x0000, 0x0000, 0x0000, 0x0000, 0x0000, 0x0000, 0x0000, 0x0000, 0x0000, 0x0000, 0x0000, 0x0000,
  0x0000, 0x0000, 0x0000, 0x0000, 0x0000, 0x0000, 0x0000, 0x0000, 0x0000, 0x0000, 0x0000, 0x0000,
  0x0000, 0x0000, 0x0000, 0x0000, 0x0000, 0x0000, 0x0000, 0x0000, 0x0000, 0x0000, 0x0000, 0x0000,
  0x0000, 0x0000, 0x0000, 0x0000, 0x0000, 0x0000, 0x0000, 0x0000, 0x0000, 0x0000, 0x0000, 0x0000,
  0x0000, 0x0000, 0x0000, 0x0000, 0x0000, 0x08A4, 0x3459, 0x5D5E, 0x9CD7, 0xB537, 0xB599, 0xC5FB,
  0xD63C, 0xCE1D, 0xB59D, 0xA53D, 0xB57D, 0xBDBE, 0x7437, 0x19AB, 0x00E7, 0x2A4E, 0x8CB9, 0xC5FE,
  0xC5FE, 0xC5FE, 0xBDDE, 0xB59D, 0xAD5C, 0xAD5C, 0xAD3C, 0x7C37, 0x2A90, 0x1169, 0x1169, 0x1169,
  0x0948, 0x0907, 0x0928, 0x08E7, 0x00A5, 0x0084, 0x00A4, 0x1169, 0x3A8E, 0x3A8E, 0x19CB, 0x00C6,
  0x0064, 0x00A5, 0x0907, 0x0907, 0x0907, 0x00E7, 0x0927, 0x0907, 0x08E6, 0x08E6, 0x0949, 0x0948,
  0x1169, 0x0928, 0x08E6, 0x08E6, 0x08E6, 0x1169, 0x19CB, 0x0907, 0x08E7, 0x1168, 0x1989, 0x0907,
  0x00A5, 0x00A4, 0x0084, 0x00C6, 0x0907, 0x08C5, 0x0907, 0x08E7, 0x00A4, 0x0084, 0x0906, 0x0948,
  0x0928, 0x00C6, 0x00C5, 0x00A5, 0x1148, 0x0907, 0x0928, 0x0928, 0x1168, 0x1169, 0x0927, 0x00C6,
  0x00C5, 0x0908, 0x118A, 0x6C96, 0x95BA, 0x8D79, 0x8D38, 0x8518, 0x8538, 0x9579, 0x959A, 0x959A,
  0x959A, 0x95BA, 0xA5FB, 0xAE3C, 0xB67C, 0xBE9D, 0xA61B, 0x7CD6, 0x2A4D, 0x0108, 0x0108, 0x0948,
  0x2A8E, 0x32AE, 0x11CB, 0x00A5, 0x08E6, 0x19EC, 0x0928, 0x0928, 0x19EC, 0x42F2, 0x21CB, 0x00C6,
  0x0108, 0x0928, 0x1A0C, 0x328F, 0x220D, 0x0128, 0x118A, 0x42D5, 0x3273, 0x1169, 0x1147, 0x19AA,
  0x5337, 0x94DE, 0x843D, 0x73DC, 0x7C3D, 0x639B, 0x845E, 0x5B7A, 0x4B37, 0xC61F, 0x7C38, 0x3AF0,
  0x4B51, 0x5372, 0x447A, 0x34BD, 0x19A9, 0x0000, 0x0000, 0x0000, 0x0000, 0x0000, 0x0000, 0x0000,
  0x0000, 0x0000, 0x0000, 0x0000, 0x0000, 0x0000, 0x0000, 0x0000, 0x0000, 0x0000, 0x0000, 0x0000,
  0x0000, 0x0000, 0x0000, 0x0000, 0x0000, 0x0000, 0x0000, 0x0000, 0x0000, 0x0000, 0x0000, 0x0000,
  0x0000, 0x0000, 0x0000, 0x0000, 0x0000, 0x0000, 0x0000, 0x0000, 0x0000, 0x0000, 0x0000, 0x0000,
  0x0000, 0x0000, 0x0000, 0x0000, 0x0000, 0x0000, 0x0000, 0x0000, 0x0000, 0x0000, 0x0000, 0x0000,
  0x0000, 0x0000, 0x0000, 0x0000, 0x0000, 0x0000, 0x0000, 0x0000, 0x0000, 0x0000, 0x0000, 0x0000,
  0x0000, 0x0000, 0x0000, 0x0000, 0x0000, 0x0000, 0x0000, 0x0000, 0x0000, 0x0000, 0x0000, 0x0000,
  0x0000, 0x0000, 0x0000, 0x0000, 0x0000, 0x0000, 0x0041, 0x3395, 0x557F, 0x9D7A, 0xCDDA, 0xCE1C,
  0xD65D, 0xD65D, 0xC5FD, 0xAD9D, 0xAD7D, 0xAD7C, 0x6C16, 0x220C, 0x116A, 0x42F0, 0xAD7B, 0xCE3E,
  0xCE1E, 0xC5FE, 0xBDDE, 0xBD9D, 0xB59D, 0xB57D, 0x8C99, 0x4B74, 0x224E, 0x0969, 0x118A, 0x08E6,
  0x0107, 0x0969, 0x0949, 0x0929, 0x0907, 0x00E7, 0x1149, 0x3AAF, 0x7C35, 0x6392, 0x220C, 0x00C6,
  0x00A5, 0x0928, 0x0907, 0x0928, 0x0928, 0x0107, 0x00C5, 0x08E6, 0x0907, 0x1149, 0x0928, 0x0928,
  0x0928, 0x0928, 0x0907, 0x00A5, 0x0907, 0x0927, 0x1169, 0x0907, 0x00C6, 0x0927, 0x08E6, 0x1128,
  0x00C5, 0x00A5, 0x0084, 0x00A5, 0x0907, 0x08E6, 0x08C5, 0x08E6, 0x08C5, 0x00C5, 0x00A4, 0x08E7,
  0x08E7, 0x0907, 0x08E6, 0x00A5, 0x00C6, 0x00E6, 0x0948, 0x1169, 0x0907, 0x1148, 0x1189, 0x0948,
  0x08E6, 0x00C6, 0x00E7, 0x2A2C, 0x6C13, 0x8D17, 0xA5DA, 0xAE1B, 0xBE7C, 0xC69D, 0xC6DD, 0xC6BD,
  0xC6BD, 0xD71E, 0xCEFE, 0xC6BD, 0xAE1B, 0x8D37, 0x7454, 0x63D1, 0x21EB, 0x00C6, 0x19AB, 0x32AF,
  0x328E, 0x1989, 0x00C5, 0x00C7, 0x0107, 0x0928, 0x1148, 0x224E, 0x1A0D, 0x6B98, 0x29CD, 0x0084,
  0x00E7, 0x11AB, 0x32B1, 0x4313, 0x19CB, 0x00E6, 0x3A74, 0x42D6, 0x0928, 0x0908, 0x116B, 0x21F3,
  0x42B9, 0x42D6, 0x6B98, 0x741C, 0x9D1D, 0x7C5C, 0x94FE, 0x6399, 0xAD7E, 0x9D1B, 0x32B0, 0x5352,
  0x53D5, 0x44DD, 0x2C5B, 0x0906, 0x0000, 0x0000, 0x0000, 0x0000, 0x0000, 0x0000, 0x0000, 0x0000,
  0x0000, 0x0000, 0x0000, 0x0000, 0x0000, 0x0000, 0x0000, 0x0000, 0x0000, 0x0000, 0x0000, 0x0000,
  0x0000, 0x0000, 0x0000, 0x0000, 0x0000, 0x0000, 0x0000, 0x0000, 0x0000, 0x0000, 0x0000, 0x0000,
  0x0000, 0x0000, 0x0000, 0x0000, 0x0000, 0x0000, 0x0000, 0x0000, 0x0000, 0x0000, 0x0000, 0x0000,
  0x0000, 0x0000, 0x0000, 0x0000, 0x0000, 0x0000, 0x0000, 0x0000, 0x0000, 0x0000, 0x0000, 0x0000,
  0x0000, 0x0000, 0x0000, 0x0000, 0x0000, 0x0000, 0x0000, 0x0000, 0x0000, 0x0000, 0x0000, 0x0000,
  0x0000, 0x0000, 0x0000, 0x0000, 0x0000, 0x0000, 0x0000, 0x0000, 0x0000, 0x0000, 0x0000, 0x0000,
  0x0000, 0x0000, 0x0000, 0x0000, 0x0000, 0x0000, 0x0000, 0x0000, 0x2AF1, 0x455F, 0x8D9D, 0xDE3C,
  0xD65D, 0xD67D, 0xC61D, 0xAD9C, 0xAD9D, 0xAD9C, 0x84D8, 0x4B72, 0x3B11, 0x6BF5, 0xBDBC, 0xCE3E,
  0xCE3E, 0xC61E, 0xBDDE, 0xBDBE, 0xBDDE, 0xAD5B, 0x5373, 0x19AB, 0x0928, 0x0948, 0x0949, 0x116A,
  0x220D, 0x2A6F, 0x326F, 0x3290, 0x2A4F, 0x324F, 0x4B32, 0x8456, 0xAD39, 0x8C96, 0x42F0, 0x118A,
  0x116A, 0x118A, 0x0949, 0x08E6, 0x00A5, 0x0927, 0x08E6, 0x08E6, 0x0907, 0x0928, 0x0906, 0x0928,
  0x0907, 0x0927, 0x0907, 0x00E6, 0x08E6, 0x0907, 0x1169, 0x08C5, 0x0084, 0x00C6, 0x08C5, 0x0906,
  0x0907, 0x00C5, 0x00A4, 0x00A4, 0x00C5, 0x08E6, 0x0906, 0x08A4, 0x08E6, 0x0907, 0x0907, 0x00A5,
  0x00C6, 0x0907, 0x0907, 0x0927, 0x0927, 0x00C5, 0x00E6, 0x0948, 0x0948, 0x08E7, 0x08E6, 0x0927,
  0x1168, 0x1989, 0x1189, 0x1169, 0x0927, 0x1168, 0x324B, 0x4ACE, 0x6BD2, 0x7C94, 0x84B4, 0x84B5,
  0x8CD5, 0x8CD5, 0x7453, 0x5B90, 0x4B2F, 0x4AEE, 0x3A8D, 0x220C, 0x222D, 0x2A8E, 0x32AE, 0x2A6E,
  0x1189, 0x0084, 0x00C6, 0x19CC, 0x21ED, 0x21CB, 0x2A8E, 0x1A0C, 0x0949, 0x6BBB, 0x21AC, 0x0084,
  0x0949, 0x222F, 0x4B37, 0x32B2, 0x0129, 0x0929, 0x4B34, 0x4310, 0x222B, 0x32AE, 0x7C75, 0x8CD8,
  0x63D3, 0x7457, 0x63D9, 0x5B7A, 0x845C, 0x847B, 0xA57D, 0xBDFE, 0xC63D, 0x224E, 0x3AAE, 0x3B53,
  0x3CFE, 0x2BB6, 0x0882, 0x0000, 0x0000, 0x0000, 0x0000, 0x0000, 0x0000, 0x0000, 0x0000, 0x0000,
  0x0000, 0x0000, 0x0000, 0x0000, 0x0000, 0x0000, 0x0000, 0x0000, 0x0000, 0x0000, 0x0000, 0x0000,
  0x0000, 0x0000, 0x0000, 0x0000, 0x0000, 0x0000, 0x0000, 0x0000, 0x0000, 0x0000, 0x0000, 0x0000,
  0x0000, 0x0000, 0x0000, 0x0000, 0x0000, 0x0000, 0x0000, 0x0000, 0x0000, 0x0000, 0x0000, 0x0000,
  0x0000, 0x0000, 0x0000, 0x0000, 0x0000, 0x0000, 0x0000, 0x0000, 0x0000, 0x0000, 0x0000, 0x0000,
  0x0000, 0x0000, 0x0000, 0x0000, 0x0000, 0x0000, 0x0000, 0x0000, 0x0000, 0x0000, 0x0000, 0x0000,
  0x0000, 0x0000, 0x0000, 0x0000, 0x0000, 0x0000, 0x0000, 0x0000, 0x0000, 0x0000, 0x0000, 0x0000,
  0x0000, 0x0000, 0x0000, 0x0000, 0x0000, 0x0000, 0x0000, 0x0000, 0x0000, 0x1A0C, 0x3CFE, 0x7DBE,
  0xD65D, 0xBDDC, 0x9D3A, 0x8CD9, 0xA55B, 0xBDFD, 0xAD9B, 0x8CD8, 0x7C97, 0x9D1A, 0xC5FD, 0xCE3E,
  0xCE3E, 0xC5FE, 0xBDBE, 0xBDDE, 0xBDBD, 0x7C16, 0x220C, 0x00A5, 0x00A5, 0x1169, 0x220D, 0x3AD1,
  0x63B5, 0x7417, 0x7C38, 0x7418, 0x73D6, 0x7C16, 0x94D8, 0xB55A, 0xB57A, 0xA4F8, 0x73D4, 0x42B0,
  0x2A2E, 0x220D, 0x220D, 0x116A, 0x0928, 0x08E6, 0x00C6, 0x08C5, 0x0907, 0x1169, 0x1148, 0x1148,
  0x1189, 0x1148, 0x1148, 0x1148, 0x0907, 0x0907, 0x0907, 0x08E6, 0x0084, 0x00A5, 0x0907, 0x1128,
  0x0907, 0x1168, 0x1128, 0x0906, 0x0084, 0x0084, 0x08C5, 0x0906, 0x08E6, 0x0907, 0x1169, 0x0927,
  0x00A5, 0x0084, 0x08C5, 0x1148, 0x1189, 0x1169, 0x1127, 0x08C5, 0x0907, 0x0928, 0x1148, 0x1148,
  0x08E6, 0x1127, 0x19AA, 0x220B, 0x21EA, 0x21EB, 0x21EB, 0x220B, 0x324C, 0x324B, 0x2A0A, 0x322B,
  0x3A8C, 0x3A8C, 0x3A8C, 0x42AD, 0x42CD, 0x3A8D, 0x328D, 0x328E, 0x32AE, 0x2A4D, 0x1989, 0x0907,
  0x1169, 0x220C, 0x328E, 0x4330, 0x63F7, 0x7C5B, 0x5B75, 0x0928, 0x114A, 0x845E, 0x21AC, 0x0128,
  0x3251, 0x3A94, 0x3295, 0x11ED, 0x224D, 0x6413, 0x7C94, 0x5391, 0x3AEF, 0x8D16, 0xD6DC, 0xE75D,
  0xDF1D, 0xCEBC, 0xCEBF, 0x849B, 0x63BB, 0x94FD, 0xA57D, 0xA5BC, 0x4B52, 0x63D2, 0x757C, 0x3D1F,
  0x22D1, 0x0000, 0x0000, 0x0000, 0x0000, 0x0000, 0x0000, 0x0000, 0x0000, 0x0000, 0x0000, 0x0000,
  0x0000, 0x0000, 0x0000, 0x0000, 0x0000, 0x0000, 0x0000, 0x0000, 0x0000, 0x0000, 0x0000, 0x0000,
  0x0000, 0x0000, 0x0000, 0x0000, 0x0000, 0x0000, 0x0000, 0x0000, 0x0000, 0x0000, 0x0000, 0x0000,
  0x0000, 0x0000, 0x0000, 0x0000, 0x0000, 0x0000, 0x0000, 0x0000, 0x0000, 0x0000, 0x0000, 0x0000,
  0x0000, 0x0000, 0x0000, 0x0000, 0x0000, 0x0000, 0x0000, 0x0000, 0x0000, 0x0000, 0x0000, 0x0000,
  0x0000, 0x0000, 0x0000, 0x0000, 0x0000, 0x0000, 0x0000, 0x0000, 0x0000, 0x0000, 0x0000, 0x0000,
  0x0000, 0x0000, 0x0000, 0x0000, 0x0000, 0x0000, 0x0000, 0x0000, 0x0000, 0x0000, 0x0000, 0x0000,
  0x0000, 0x0000, 0x0000, 0x0000, 0x0000, 0x0000, 0x0000, 0x0000, 0x0000, 0x0000, 0x1126, 0x347A,
  0x5D9F, 0x7C99, 0x5332, 0x5353, 0x8498, 0xBE1D, 0xBE1D, 0xA57B, 0xA53B, 0xB59C, 0xC5FE, 0xD65E,
  0xCE3E, 0xC5DE, 0xBDBE, 0xBDBE, 0x94B9, 0x3AB0, 0x0929, 0x0907, 0x19CB, 0x3AD0, 0x5B74, 0x7C38,
  0x94BA, 0x949A, 0x8439, 0x8418, 0x8438, 0x94B8, 0xB57A, 0xC5BB, 0xB59B, 0xAD39, 0x9476, 0x6373,
  0x426F, 0x3A4E, 0x322D, 0x29EC, 0x21EC, 0x1149, 0x08E6, 0x08E6, 0x08C6, 0x08C5, 0x0907, 0x1148,
  0x1148, 0x1127, 0x1148, 0x0927, 0x08E6, 0x08E6, 0x00A5, 0x08C5, 0x00A5, 0x0063, 0x08C6, 0x0927,
  0x0907, 0x1168, 0x19AA, 0x1148, 0x0907, 0x00A5, 0x0084, 0x0084, 0x0907, 0x1168, 0x0927, 0x1189,
  0x19A9, 0x1148, 0x08E6, 0x08E6, 0x0927, 0x19CA, 0x21EB, 0x1168, 0x1148, 0x08C5, 0x08C5, 0x0928,
  0x1169, 0x1148, 0x1168, 0x0906, 0x08E6, 0x1168, 0x1968, 0x21CA, 0x2A0B, 0x2A0A, 0x3A6C, 0x3A8D,
  0x3AAD, 0x3A8D, 0x326C, 0x324C, 0x322B, 0x1989, 0x1148, 0x1148, 0x1148, 0x19EB, 0x19EB, 0x2A4D,
  0x32AF, 0x3AEF, 0x326D, 0x21C9, 0x0106, 0x42F2, 0xAD5F, 0x6B98, 0x29CE, 0x845D, 0x2A2E, 0x6BF8,
  0x951E, 0x847D, 0x3291, 0x32CF, 0x84D6, 0x84D5, 0x5391, 0x3B10, 0x4B51, 0x7C94, 0xB5F9, 0x9D78,
  0x7454, 0x7454, 0xADD9, 0xCEBC, 0x7C79, 0xADDF, 0xBE3F, 0x8498, 0x63F5, 0x75FF, 0x2CBD, 0x11CA,
  0x0000, 0x0000, 0x0000, 0x0000, 0x0000, 0x0000, 0x0000, 0x0000, 0x0000, 0x0000, 0x0000, 0x0000,
  0x0000, 0x0000, 0x0000, 0x0000, 0x0000, 0x0000, 0x0000, 0x0000, 0x0000, 0x0000, 0x0000, 0x0000,
  0x0000, 0x0000, 0x0000, 0x0000, 0x0000, 0x0000, 0x0000, 0x0000, 0x0000, 0x0000, 0x0000, 0x0000,
  0x0000, 0x0000, 0x0000, 0x0000, 0x0000, 0x0000, 0x0000, 0x0000, 0x0000, 0x0000, 0x0000, 0x0000,
  0x0000, 0x0000, 0x0000, 0x0000, 0x0000, 0x0000, 0x0000, 0x0000, 0x0000, 0x0000, 0x0000, 0x0000,
  0x0000, 0x0000, 0x0000, 0x0000, 0x0000, 0x0000, 0x0000, 0x0000, 0x0000, 0x0000, 0x0000, 0x0000,
  0x0000, 0x0000, 0x0000, 0x0000, 0x0000, 0x0000, 0x0000, 0x0000, 0x0000, 0x0000, 0x0000, 0x0000,
  0x0000, 0x0000, 0x0000, 0x0000, 0x0000, 0x0000, 0x0000, 0x0000, 0x0000, 0x0000, 0x0000, 0x0862,
  0x2374, 0x3D3F, 0x3354, 0x324E, 0x7415, 0xBDFC, 0xCE5E, 0xB5BD, 0xA55C, 0xAD5C, 0xBDDD, 0xCE3E,
  0xC61E, 0xC5DE, 0xBDDE, 0xB59D, 0x8477, 0x42B0, 0x198B, 0x19CC, 0x4B53, 0x7C58, 0x94BB, 0x9CDB,
  0x94BB, 0x8C7A, 0x8439, 0x8419, 0x8C59, 0xA4F9, 0xBD9A, 0xC5DB, 0xBD9B, 0xB55A, 0x9CD8, 0x6B93,
  0x428F, 0x3A4E, 0x3A4E, 0x4AB0, 0x4B11, 0x326E, 0x19CB, 0x1149, 0x00C6, 0x00A5, 0x08E6, 0x0906,
  0x0907, 0x0907, 0x1127, 0x0927, 0x0907, 0x08E5, 0x1147, 0x1127, 0x08C5, 0x0084, 0x0063, 0x00A4,
  0x08E7, 0x0927, 0x1127, 0x0927, 0x0906, 0x0906, 0x08E6, 0x00A4, 0x00A4, 0x08C6, 0x0927, 0x1148,
  0x1168, 0x19CA, 0x19CA, 0x19AA, 0x1148, 0x0948, 0x0906, 0x0906, 0x1127, 0x1989, 0x19CA, 0x19AA,
  0x1168, 0x1189, 0x19A9, 0x19AA, 0x21EA, 0x19CA, 0x1168, 0x0927, 0x1169, 0x1168, 0x1107, 0x1148,
  0x1169, 0x1148, 0x1989, 0x19CA, 0x19AA, 0x19CB, 0x19CB, 0x220C, 0x220C, 0x2A6D, 0x2A4D, 0x19CA,
  0x1128, 0x08E6, 0x0084, 0x0084, 0x00A5, 0x00A5, 0x42B0, 0xA51E, 0x6378, 0x6BB9, 0x7C58, 0xAD7F,
  0x4290, 0x3A90, 0x326D, 0x6C33, 0x84B5, 0x5BD2, 0x6C33, 0x7474, 0x7C95, 0x9536, 0x8D16, 0x8D16,
  0x7C74, 0xADB8, 0xBE5B, 0xB61A, 0x222F, 0x4313, 0xADBC, 0x5C59, 0x451F, 0x23D8, 0x08C4, 0x0000,
  0x0000, 0x0000, 0x0000, 0x0000, 0x0000, 0x0000, 0x0000, 0x0000, 0x0000, 0x0000, 0x0000, 0x0000,
  0x0000, 0x0000, 0x0000, 0x0000, 0x0000, 0x0000, 0x0000, 0x0000, 0x0000, 0x0000, 0x0000, 0x0000,
  0x0000, 0x0000, 0x0000, 0x0000, 0x0000, 0x0000, 0x0000, 0x0000, 0x0000, 0x0000, 0x0000, 0x0000,
  0x0000, 0x0000, 0x0000, 0x0000, 0x0000, 0x0000, 0x0000, 0x0000, 0x0000, 0x0000, 0x0000, 0x0000,
  0x0000, 0x0000, 0x0000, 0x0000, 0x0000, 0x0000, 0x0000, 0x0000, 0x0000, 0x0000, 0x0000, 0x0000,
  0x0000, 0x0000, 0x0000, 0x0000, 0x0000, 0x0000, 0x0000, 0x0000, 0x0000, 0x0000, 0x0000, 0x0000,
  0x0000, 0x0000, 0x0000, 0x0000, 0x0000, 0x0000, 0x0000, 0x0000, 0x0000, 0x0000, 0x0000, 0x0000,
  0x0000, 0x0000, 0x0000, 0x0000, 0x0000, 0x0000, 0x0000, 0x0000, 0x0000, 0x0000, 0x0000, 0x0000,
  0x0000, 0x1A4D, 0x3D3E, 0x3C5A, 0x63B5, 0xB59B, 0xCE7E, 0xBE1D, 0xAD9C, 0xAD5C, 0xB59C, 0xBDBD,
  0xBDBE, 0xBDBE, 0xAD5B, 0x9CD9, 0x94B7, 0x6BD4, 0x4B11, 0x5B53, 0x8C98, 0xA53C, 0xA4FD, 0x9CFC,
  0x9CFC, 0x94BB, 0x7C3A, 0x843A, 0x94BA, 0xAD5A, 0xBD9B, 0xC5BB, 0xBD9B, 0xB57B, 0xA519, 0x6394,
  0x324E, 0x21ED, 0x324F, 0x4AF1, 0x5332, 0x5352, 0x42D0, 0x2A4D, 0x1169, 0x00A5, 0x08E6, 0x0927,
  0x08E6, 0x08C5, 0x0906, 0x0907, 0x08E6, 0x1127, 0x1148, 0x1168, 0x1168, 0x0906, 0x00A4, 0x0084,
  0x00A5, 0x08E6, 0x0928, 0x1169, 0x1127, 0x1127, 0x1127, 0x1127, 0x1148, 0x0907, 0x08E6, 0x0063,
  0x08C5, 0x1148, 0x1168, 0x1989, 0x19AA, 0x19AA, 0x1148, 0x08E6, 0x08A4, 0x08E5, 0x1106, 0x1168,
  0x21CA, 0x21EB, 0x19CA, 0x1968, 0x0906, 0x0928, 0x1189, 0x19CA, 0x21CA, 0x19CA, 0x220B, 0x19EB,
  0x21CA, 0x19A9, 0x21EA, 0x21EB, 0x1989, 0x1968, 0x1148, 0x1148, 0x0907, 0x0907, 0x1148, 0x1189,
  0x1169, 0x19AA, 0x326F, 0x5B54, 0x5B74, 0x42B0, 0x196A, 0x322D, 0x7C3A, 0x6BDA, 0x8C9B, 0x3A91,
  0x1A2C, 0x19EB, 0x32CE, 0x6C54, 0x84D6, 0x5BD2, 0x63F2, 0x6C12, 0x7C94, 0x7474, 0x6C13, 0xB5F9,
  0xC67B, 0xCEBC, 0xC67B, 0xC69C, 0xADFA, 0x84F9, 0x651D, 0x3D3F, 0x22D1, 0x0020, 0x0000, 0x0000,
  0x0000, 0x0000, 0x0000, 0x0000, 0x0000, 0x0000, 0x0000, 0x0000, 0x0000, 0x0000, 0x0000, 0x0000,
  0x0000, 0x0000, 0x0000, 0x0000, 0x0000, 0x0000, 0x0000, 0x0000, 0x0000, 0x0000, 0x0000, 0x0000,
  0x0000, 0x0000, 0x0000, 0x0000, 0x0000, 0x0000, 0x0000, 0x0000, 0x0000, 0x0000, 0x0000, 0x0000,
  0x0000, 0x0000, 0x0000, 0x0000, 0x0000, 0x0000, 0x0000, 0x0000, 0x0000, 0x0000, 0x0000, 0x0000,
  0x0000, 0x0000, 0x0000, 0x0000, 0x0000, 0x0000, 0x0000, 0x0000, 0x0000, 0x0000, 0x0000, 0x0000,
  0x0000, 0x0000, 0x0000, 0x0000, 0x0000, 0x0000, 0x0000, 0x0000, 0x0000, 0x0000, 0x0000, 0x0000,
  0x0000, 0x0000, 0x0000, 0x0000, 0x0000, 0x0000, 0x0000, 0x0000, 0x0000, 0x0000, 0x0000, 0x0000,
  0x0000, 0x0000, 0x0000, 0x0000, 0x0000, 0x0000, 0x0000, 0x0000, 0x0000, 0x0000, 0x0000, 0x0000,
  0x0000, 0x0000, 0x08E6, 0x3459, 0x453F, 0x8D5C, 0xDE7D, 0xD67E, 0xBDDD, 0xAD7C, 0xAD7C, 0xAD5D,
  0xA51C, 0x8478, 0x63B4, 0x5B73, 0x7C56, 0x8CB7, 0x7C36, 0x8457, 0x94B9, 0x8478, 0x7C38, 0x8499,
  0x8499, 0x6C18, 0x5377, 0x63B8, 0x8C99, 0xB57A, 0xBD9B, 0xBDBB, 0xBD9B, 0xB57B, 0xA519, 0x4AF1,
  0x116A, 0x0928, 0x19ED, 0x2A6F, 0x3290, 0x42D1, 0x4B32, 0x3AAF, 0x21EB, 0x0907, 0x00A5, 0x08E6,
  0x08E6, 0x08E6, 0x0906, 0x08C5, 0x00A4, 0x08C6, 0x0906, 0x0906, 0x1127, 0x1127, 0x08E5, 0x00C5,
  0x00C5, 0x00A4, 0x00A4, 0x08C5, 0x08E6, 0x1127, 0x0907, 0x1168, 0x19A9, 0x1989, 0x1128, 0x0927,
  0x08C6, 0x0084, 0x08C5, 0x08E6, 0x1127, 0x1148, 0x1169, 0x1189, 0x1989, 0x19AA, 0x19AA, 0x1168,
  0x1147, 0x1147, 0x1127, 0x1126, 0x0906, 0x0927, 0x00C5, 0x00A5, 0x08C5, 0x00A5, 0x08C5, 0x08E6,
  0x08C6, 0x08E6, 0x0907, 0x0928, 0x1148, 0x1169, 0x21EB, 0x19CB, 0x19CB, 0x220C, 0x222D, 0x2A8F,
  0x3AF3, 0x63B9, 0x7C7D, 0x8CBC, 0x9D3D, 0xA57E, 0xB5BF, 0x7416, 0x3A4D, 0x7C3A, 0x6C17, 0x2A6D,
  0x3B31, 0x53D2, 0x5BF3, 0x9D77, 0x9536, 0x7474, 0x7C94, 0x63F2, 0x63F2, 0x7474, 0x9D57, 0xDEFC,
  0xDF1D, 0xCEBC, 0xCEBC, 0xDEDC, 0xB67D, 0x5D7F, 0x2C5A, 0x1189, 0x0000, 0x0000, 0x0000, 0x0000,
  0x0000, 0x0000, 0x0000, 0x0000, 0x0000, 0x0000, 0x0000, 0x0000, 0x0000, 0x0000, 0x0000, 0x0000,
  0x0000, 0x0000, 0x0000, 0x0000, 0x0000, 0x0000, 0x0000, 0x0000, 0x0000, 0x0000, 0x0000, 0x0000,
  0x0000, 0x0000, 0x0000, 0x0000, 0x0000, 0x0000, 0x0000, 0x0000, 0x0000, 0x0000, 0x0000, 0x0000,
  0x0000, 0x0000, 0x0000, 0x0000, 0x0000, 0x0000, 0x0000, 0x0000, 0x0000, 0x0000, 0x0000, 0x0000,
  0x0000, 0x0000, 0x0000, 0x0000, 0x0000, 0x0000, 0x0000, 0x0000, 0x0000, 0x0000, 0x0000, 0x0000,
  0x0000, 0x0000, 0x0000, 0x0000, 0x0000, 0x0000, 0x0000, 0x0000, 0x0000, 0x0000, 0x0000, 0x0000,
  0x0000, 0x0000, 0x0000, 0x0000, 0x0000, 0x0000, 0x0000, 0x0000, 0x0000, 0x0000, 0x0000, 0x0000,
  0x0000, 0x0000, 0x0000, 0x0000, 0x0000, 0x0000, 0x0000, 0x0000, 0x0000, 0x0000, 0x0000, 0x0000,
  0x0000, 0x0000, 0x0000, 0x0020, 0x22D0, 0x3D1E, 0x7DDE, 0xCE7D, 0xCE1D, 0xAD5C, 0xA51B, 0x9CDB,
  0x6BD6, 0x3270, 0x220E, 0x326F, 0x6BD5, 0x8CB8, 0x73F6, 0x6374, 0x4AF2, 0x324F, 0x2A2E, 0x3290,
  0x32B0, 0x4353, 0x3B33, 0x5374, 0x8CB7, 0xBDDB, 0xBDBB, 0xBD9B, 0xB57B, 0xB57B, 0xAD3A, 0x42D0,
  0x0908, 0x00C6, 0x08E7, 0x0907, 0x0949, 0x118A, 0x2A6F, 0x2A4D, 0x1989, 0x0927, 0x00C5, 0x08C6,
  0x08E6, 0x08E6, 0x0927, 0x1147, 0x0927, 0x08E6, 0x08C5, 0x08E6, 0x0907, 0x1169, 0x1989, 0x1989,
  0x1969, 0x1149, 0x0928, 0x0907, 0x0907, 0x00A4, 0x0084, 0x08E6, 0x1147, 0x1968, 0x19A9, 0x220B,
  0x19CA, 0x19CA, 0x19AA, 0x1168, 0x1127, 0x08C5, 0x08C5, 0x08E6, 0x0907, 0x0927, 0x1189, 0x1989,
  0x19A9, 0x19CA, 0x19CA, 0x21EA, 0x222C, 0x220B, 0x21EB, 0x19CA, 0x21EB, 0x19EB, 0x1A0C, 0x224D,
  0x19EC, 0x19EB, 0x222C, 0x19CB, 0x19CB, 0x224D, 0x222D, 0x1A0C, 0x19CB, 0x19AA, 0x1989, 0x2A0E,
  0x21CE, 0x21EE, 0x19CD, 0x4B54, 0x9D3D, 0x94FC, 0x847A, 0x6C17, 0x6BF6, 0x951B, 0x84F8, 0x8517,
  0x5BF3, 0x6434, 0x7CB5, 0xB5F9, 0x9537, 0x6C33, 0x6C12, 0x7C94, 0xB619, 0xCE9B, 0xCEBC, 0xCEBC,
  0xC67B, 0xC65A, 0xC67B, 0x85DD, 0x34DE, 0x12D2, 0x0062, 0x0000, 0x0000, 0x0000, 0x0000, 0x0000,
  0x0000, 0x0000, 0x0000, 0x0000, 0x0000, 0x0000, 0x0000, 0x0000, 0x0000, 0x0000, 0x0000, 0x0000,
  0x0000, 0x0000, 0x0000, 0x0000, 0x0000, 0x0000, 0x0000, 0x0000, 0x0000, 0x0000, 0x0000, 0x0000,
  0x0000, 0x0000, 0x0000, 0x0000, 0x0000, 0x0000, 0x0000, 0x0000, 0x0000, 0x0000, 0x0000, 0x0000,
  0x0000, 0x0000, 0x0000, 0x0000, 0x0000, 0x0000, 0x0000, 0x0000, 0x0000, 0x0000, 0x0000, 0x0000,
  0x0000, 0x0000, 0x0000, 0x0000, 0x0000, 0x0000, 0x0000, 0x0000, 0x0000, 0x0000, 0x0000, 0x0000,
  0x0000, 0x0000, 0x0000, 0x0000, 0x0000, 0x0000, 0x0000, 0x0000, 0x0000, 0x0000, 0x0000, 0x0000,
  0x0000, 0x0000, 0x0000, 0x0000, 0x0000, 0x0000, 0x0000, 0x0000, 0x0000, 0x0000, 0x0000, 0x0000,
  0x0000, 0x0000, 0x0000, 0x0000, 0x0000, 0x0000, 0x0000, 0x0000, 0x0000, 0x0000, 0x0000, 0x0000,
  0x0000, 0x0000, 0x0000, 0x0000, 0x0000, 0x1127, 0x2BF8, 0x5D9F, 0x9DBE, 0xAD3B, 0xA51B, 0x8479,
  0x42D1, 0x19CD, 0x220D, 0x42F1, 0x6C16, 0x6C16, 0x4B33, 0x326F, 0x19CC, 0x08E7, 0x00C6, 0x00C7,
  0x00E7, 0x116A, 0x2A8F, 0x6C77, 0xB5BB, 0xCE3D, 0xC5FC, 0xBDBB, 0xB59B, 0xBD9B, 0xAD5B, 0x5B74,
  0x0949, 0x00A5, 0x0084, 0x08E6, 0x08E6, 0x00C5, 0x0949, 0x118A, 0x118A, 0x1169, 0x0928, 0x0084,
  0x00A5, 0x0907, 0x00E6, 0x00A5, 0x0928, 0x118A, 0x1169, 0x1169, 0x21CB, 0x2A0D, 0x3A6F, 0x3A6F,
  0x2A2D, 0x2A0E, 0x220E, 0x19ED, 0x11AB, 0x0928, 0x08E6, 0x00C5, 0x0084, 0x0063, 0x08A4, 0x1106,
  0x1127, 0x1168, 0x19CA, 0x222C, 0x220B, 0x21EA, 0x1989, 0x1168, 0x1128, 0x00C6, 0x00A5, 0x0083,
  0x0083, 0x00A4, 0x08C5, 0x08C6, 0x1128, 0x0907, 0x1127, 0x0906, 0x1148, 0x1168, 0x1189, 0x1127,
  0x1127, 0x1148, 0x0907, 0x08E6, 0x08E6, 0x0908, 0x00E6, 0x0907, 0x0907, 0x08E6, 0x08E6, 0x0907,
  0x0949, 0x098A, 0x2A50, 0x7C3B, 0x5335, 0x42D2, 0x3AF1, 0x4B73, 0x851A, 0xA5BB, 0xB63B, 0xADFA,
  0x9D99, 0x9578, 0x9558, 0x84B5, 0x63F2, 0x7453, 0xA598, 0xC65B, 0xD6DC, 0xC69B, 0xB61A, 0xCEBC,
  0xC67A, 0x9DDB, 0x557F, 0x2C5A, 0x11AA, 0x0000, 0x0000, 0x0000, 0x0000, 0x0000, 0x0000, 0x0000,
  0x0000, 0x0000, 0x0000, 0x0000, 0x0000, 0x0000, 0x0000, 0x0000, 0x0000, 0x0000, 0x0000, 0x0000,
  0x0000, 0x0000, 0x0000, 0x0000, 0x0000, 0x0000, 0x0000, 0x0000, 0x0000, 0x0000, 0x0000, 0x0000,
  0x0000, 0x0000, 0x0000, 0x0000, 0x0000, 0x0000, 0x0000, 0x0000, 0x0000, 0x0000, 0x0000, 0x0000,
  0x0000, 0x0000, 0x0000, 0x0000, 0x0000, 0x0000, 0x0000, 0x0000, 0x0000, 0x0000, 0x0000, 0x0000,
  0x0000, 0x0000, 0x0000, 0x0000, 0x0000, 0x0000, 0x0000, 0x0000, 0x0000, 0x0000, 0x0000, 0x0000,
  0x0000, 0x0000, 0x0000, 0x0000, 0x0000, 0x0000, 0x0000, 0x0000, 0x0000, 0x0000, 0x0000, 0x0000,
  0x0000, 0x0000, 0x0000, 0x0000, 0x0000, 0x0000, 0x0000, 0x0000, 0x0000, 0x0000, 0x0000, 0x0000,
  0x0000, 0x0000, 0x0000, 0x0000, 0x0000, 0x0000, 0x0000, 0x0000, 0x0000, 0x0000, 0x0000, 0x0000,
  0x0000, 0x0000, 0x0000, 0x0000, 0x0000, 0x0000, 0x0020, 0x228F, 0x44FD, 0x6D7F, 0x953B, 0x8477,
  0x4B53, 0x32B1, 0x4312, 0x5BB5, 0x63D5, 0x4B32, 0x3290, 0x224F, 0x0949, 0x00C5, 0x00A5, 0x0084,
  0x00A5, 0x00A5, 0x09AC, 0x53B5, 0xB5BC, 0xCE3E, 0xCE1D, 0xC5DC, 0xBDBC, 0xBDBC, 0xB57B, 0x5BB4,
  0x1A0D, 0x00E6, 0x00A5, 0x19AA, 0x118A, 0x0928, 0x0949, 0x0948, 0x08E6, 0x0907, 0x00C6, 0x00A4,
  0x0084, 0x0084, 0x00A5, 0x1148, 0x21EC, 0x2A4E, 0x326F, 0x42D1, 0x5B33, 0x6374, 0x6374, 0x5312,
  0x324F, 0x21CC, 0x19AB, 0x19CB, 0x19AA, 0x1169, 0x1148, 0x1148, 0x1147, 0x08E6, 0x00A5, 0x08C5,
  0x00A4, 0x0063, 0x0085, 0x08C5, 0x08C6, 0x0907, 0x1127, 0x1989, 0x19AA, 0x19CA, 0x19CA, 0x1989,
  0x1989, 0x1189, 0x1148, 0x1127, 0x0906, 0x08E6, 0x08C5, 0x0906, 0x0928, 0x0907, 0x0907, 0x0907,
  0x0907, 0x0907, 0x0927, 0x0907, 0x0928, 0x11AB, 0x11AA, 0x19EB, 0x19EC, 0x224D, 0x222D, 0x220C,
  0x19EC, 0x2A71, 0x4B17, 0x3A91, 0x11CB, 0x2A8E, 0x2A6D, 0x5392, 0x8D59, 0xBE5D, 0xCEDE, 0xBE5B,
  0xADFA, 0xA5DA, 0xA5DA, 0x8D16, 0x9537, 0xADF9, 0xBE5B, 0xBE5B, 0xC69C, 0xC69C, 0xCE7B, 0xBE5B,
  0x75DE, 0x34FE, 0x1AF3, 0x0862, 0x0000, 0x0000, 0x0000, 0x0000, 0x0000, 0x0000, 0x0000, 0x0000,
  0x0000, 0x0000, 0x0000, 0x0000, 0x0000, 0x0000, 0x0000, 0x0000, 0x0000, 0x0000, 0x0000, 0x0000,
  0x0000, 0x0000, 0x0000, 0x0000, 0x0000, 0x0000, 0x0000, 0x0000, 0x0000, 0x0000, 0x0000, 0x0000,
  0x0000, 0x0000, 0x0000, 0x0000, 0x0000, 0x0000, 0x0000, 0x0000, 0x0000, 0x0000, 0x0000, 0x0000,
  0x0000, 0x0000, 0x0000, 0x0000, 0x0000, 0x0000, 0x0000, 0x0000, 0x0000, 0x0000, 0x0000, 0x0000,
  0x0000, 0x0000, 0x0000, 0x0000, 0x0000, 0x0000, 0x0000, 0x0000, 0x0000, 0x0000, 0x0000, 0x0000,
  0x0000, 0x0000, 0x0000, 0x0000, 0x0000, 0x0000, 0x0000, 0x0000, 0x0000, 0x0000, 0x0000, 0x0000,
  0x0000, 0x0000, 0x0000, 0x0000, 0x0000, 0x0000, 0x0000, 0x0000, 0x0000, 0x0000, 0x0000, 0x0000,
  0x0000, 0x0000, 0x0000, 0x0000, 0x0000, 0x0000, 0x0000, 0x0000, 0x0000, 0x0000, 0x0000, 0x0000,
  0x0000, 0x0000, 0x0000, 0x0000, 0x0000, 0x0000, 0x0000, 0x0000, 0x10E5, 0x33B6, 0x557F, 0x651C,
  0x63F6, 0x4B53, 0x5373, 0x5B94, 0x63D5, 0x5B73, 0x5373, 0x5393, 0x3AD0, 0x326E, 0x118A, 0x08C6,
  0x0907, 0x0928, 0x0109, 0x32B0, 0xA53A, 0xD63E, 0xCE3E, 0xC5FD, 0xBDDD, 0xC5DD, 0xAD7B, 0x5BD5,
  0x11CC, 0x0928, 0x11AB, 0x0928, 0x0906, 0x00C6, 0x0108, 0x0928, 0x0969, 0x0969, 0x08E6, 0x08E6,
  0x00C5, 0x08E7, 0x0907, 0x198A, 0x42B0, 0x6394, 0x73F6, 0x8438, 0x8C78, 0x8437, 0x5B54, 0x322E,
  0x194A, 0x08C6, 0x08E6, 0x00C5, 0x00A5, 0x0906, 0x1106, 0x1106, 0x1148, 0x1148, 0x19A9, 0x1989,
  0x1169, 0x1128, 0x0927, 0x0906, 0x08E6, 0x0084, 0x00A5, 0x08E6, 0x0906, 0x1147, 0x1968, 0x1168,
  0x19CA, 0x220B, 0x19A9, 0x21EB, 0x220B, 0x21EB, 0x220B, 0x220C, 0x220C, 0x19CB, 0x220C, 0x220C,
  0x222D, 0x2A6E, 0x2A6D, 0x220C, 0x222D, 0x220C, 0x1989, 0x1989, 0x198A, 0x11AB, 0x0969, 0x0108,
  0x118A, 0x5BF7, 0x4353, 0x3B72, 0x5C15, 0x8518, 0x7CB6, 0x9559, 0x9DBB, 0xAE1D, 0xB63D, 0xB63C,
  0x9D78, 0x9D99, 0xB65B, 0x9DB9, 0xA5D9, 0xBE5B, 0xC69C, 0xC69C, 0xCEBC, 0xD6FD, 0x9E3D, 0x4D5F,
  0x2C19, 0x1169, 0x0000, 0x0000, 0x0000, 0x0000, 0x0000, 0x0000, 0x0000, 0x0000, 0x0000, 0x0000,
  0x0000, 0x0000, 0x0000, 0x0000, 0x0000, 0x0000, 0x0000, 0x0000, 0x0000, 0x0000, 0x0000, 0x0000,
  0x0000, 0x0000, 0x0000, 0x0000, 0x0000, 0x0000, 0x0000, 0x0000, 0x0000, 0x0000, 0x0000, 0x0000,
  0x0000, 0x0000, 0x0000, 0x0000, 0x0000, 0x0000, 0x0000, 0x0000, 0x0000, 0x0000, 0x0000, 0x0000,
  0x0000, 0x0000, 0x0000, 0x0000, 0x0000, 0x0000, 0x0000, 0x0000, 0x0000, 0x0000, 0x0000, 0x0000,
  0x0000, 0x0000, 0x0000, 0x0000, 0x0000, 0x0000, 0x0000, 0x0000, 0x0000, 0x0000, 0x0000, 0x0000,
  0x0000, 0x0000, 0x0000, 0x0000, 0x0000, 0x0000, 0x0000, 0x0000, 0x0000, 0x0000, 0x0000, 0x0000,
  0x0000, 0x0000, 0x0000, 0x0000, 0x0000, 0x0000, 0x0000, 0x0000, 0x0000, 0x0000, 0x0000, 0x0000,
  0x0000, 0x0000, 0x0000, 0x0000, 0x0000, 0x0000, 0x0000, 0x0000, 0x0000, 0x0000, 0x0000, 0x0000,
  0x0000, 0x0000, 0x0000, 0x0000, 0x0000, 0x0000, 0x0000, 0x0000, 0x0000, 0x0000, 0x19CA, 0x3C9B,
  0x557F, 0x5438, 0x5B73, 0x8456, 0x9D39, 0xA53A, 0xAD9B, 0xAD9B, 0x94D8, 0x7435, 0x4B10, 0x2A0C,
  0x2A0B, 0x2A6E, 0x1A0E, 0x4332, 0x9D19, 0xD65E, 0xCE3E, 0xCE1E, 0xC5DD, 0xC5FD, 0x9D1A, 0x3B11,
  0x096A, 0x00E7, 0x096A, 0x11CC, 0x0969, 0x11AB, 0x1169, 0x19EC, 0x32F1, 0x2A6E, 0x0969, 0x00A4,
  0x0928, 0x19CB, 0x2A2E, 0x5312, 0x7C17, 0x8C58, 0x8C58, 0x9479, 0x8417, 0x5B33, 0x324F, 0x19AB,
  0x0906, 0x00A5, 0x00A4, 0x0084, 0x0083, 0x0084, 0x0084, 0x00C6, 0x08C6, 0x0907, 0x1168, 0x1148,
  0x1148, 0x1969, 0x19A9, 0x19A9, 0x21CA, 0x19AA, 0x19A9, 0x1168, 0x08E6, 0x08E6, 0x0084, 0x0084,
  0x08C5, 0x00A4, 0x08A5, 0x0906, 0x08E6, 0x1127, 0x1148, 0x1169, 0x1989, 0x1968, 0x1968, 0x1189,
  0x19AA, 0x19EB, 0x1169, 0x1127, 0x1169, 0x1967, 0x1987, 0x3A6B, 0x5B2E, 0x532E, 0x0907, 0x226F,
  0x2AD1, 0x3B32, 0x4372, 0x6C96, 0x8D7A, 0xAE1C, 0xA5DC, 0x8D5B, 0x7D1B, 0x855B, 0x6456, 0x1A0C,
  0x096A, 0x4333, 0x955A, 0xADFB, 0xA5DB, 0xC6BD, 0xDF3E, 0xE73D, 0xB69D, 0x6DBF, 0x3CBC, 0x1A6E,
  0x0021, 0x0000, 0x0000, 0x0000, 0x0000, 0x0000, 0x0000, 0x0000, 0x0000, 0x0000, 0x0000, 0x0000,
  0x0000, 0x0000, 0x0000, 0x0000, 0x0000, 0x0000, 0x0000, 0x0000, 0x0000, 0x0000, 0x0000, 0x0000,
  0x0000, 0x0000, 0x0000, 0x0000, 0x0000, 0x0000, 0x0000, 0x0000, 0x0000, 0x0000, 0x0000, 0x0000,
  0x0000, 0x0000, 0x0000, 0x0000, 0x0000, 0x0000, 0x0000, 0x0000, 0x0000, 0x0000, 0x0000, 0x0000,
  0x0000, 0x0000, 0x0000, 0x0000, 0x0000, 0x0000, 0x0000, 0x0000, 0x0000, 0x0000, 0x0000, 0x0000,
  0x0000, 0x0000, 0x0000, 0x0000, 0x0000, 0x0000, 0x0000, 0x0000, 0x0000, 0x0000, 0x0000, 0x0000,
  0x0000, 0x0000, 0x0000, 0x0000, 0x0000, 0x0000, 0x0000, 0x0000, 0x0000, 0x0000, 0x0000, 0x0000,
  0x0000, 0x0000, 0x0000, 0x0000, 0x0000, 0x0000, 0x0000, 0x0000, 0x0000, 0x0000, 0x0000, 0x0000,
  0x0000, 0x0000, 0x0000, 0x0000, 0x0000, 0x0000, 0x0000, 0x0000, 0x0000, 0x0000, 0x0000, 0x0000,
  0x0000, 0x0000, 0x0000, 0x0000, 0x0000, 0x0000, 0x0000, 0x0000, 0x0000, 0x0000, 0x0000, 0x0041,
  0x2ACF, 0x4D1D, 0x5D7E, 0x9D9C, 0xCE3D, 0xD65E, 0xCE5E, 0xCE3E, 0xBDDD, 0xA519, 0x7C34, 0x6BB2,
  0x7414, 0x7414, 0x4B72, 0x63D4, 0x9D3A, 0xCE3E, 0xCE5E, 0xCE3E, 0xC5FE, 0xBDBD, 0x8477, 0x2A4E,
  0x00E7, 0x00E7, 0x0128, 0x094A, 0x11AC, 0x226F, 0x3B12, 0x5394, 0x7C98, 0x5BD5, 0x222D, 0x0969,
  0x19EC, 0x3AB0, 0x6374, 0x8438, 0x8C58, 0x8C59, 0x8C58, 0x73D6, 0x4AF2, 0x21EC, 0x1149, 0x1148,
  0x0927, 0x0927, 0x08E6, 0x00C5, 0x0084, 0x0063, 0x0084, 0x0064, 0x0043, 0x0084, 0x00A5, 0x00C5,
  0x08E6, 0x1148, 0x1148, 0x1989, 0x1989, 0x1989, 0x19A9, 0x1989, 0x1989, 0x19CA, 0x1168, 0x19A9,
  0x19AA, 0x1189, 0x1148, 0x0907, 0x0907, 0x00C5, 0x00C5, 0x08C5, 0x0084, 0x0084, 0x0906, 0x0907,
  0x00C6, 0x00C6, 0x00A5, 0x19CA, 0x4B50, 0x42AC, 0x532E, 0x7411, 0x84B4, 0x9D77, 0x6C55, 0x3B33,
  0x4B94, 0x7CD6, 0x9D98, 0xAE1B, 0x9DBB, 0x959A, 0x7D18, 0x6CB8, 0x6498, 0x5436, 0x4394, 0x4BB4,
  0x6459, 0x84FD, 0x955D, 0x7CBA, 0x5BD6, 0x7477, 0x855A, 0x7DFF, 0x4D3E, 0x2333, 0x08C4, 0x0000,
  0x0000, 0x0000, 0x0000, 0x0000, 0x0000, 0x0000, 0x0000, 0x0000, 0x0000, 0x0000, 0x0000, 0x0000,
  0x0000, 0x0000, 0x0000, 0x0000, 0x0000, 0x0000, 0x0000, 0x0000, 0x0000, 0x0000, 0x0000, 0x0000,
  0x0000, 0x0000, 0x0000, 0x0000, 0x0000, 0x0000, 0x0000, 0x0000, 0x0000, 0x0000, 0x0000, 0x0000,
  0x0000, 0x0000, 0x0000, 0x0000, 0x0000, 0x0000, 0x0000, 0x0000, 0x0000, 0x0000, 0x0000, 0x0000,
  0x0000, 0x0000, 0x0000, 0x0000, 0x0000, 0x0000, 0x0000, 0x0000, 0x0000, 0x0000, 0x0000, 0x0000,
  0x0000, 0x0000, 0x0000, 0x0000, 0x0000, 0x0000, 0x0000, 0x0000, 0x0000, 0x0000, 0x0000, 0x0000,
  0x0000, 0x0000, 0x0000, 0x0000, 0x0000, 0x0000, 0x0000, 0x0000, 0x0000, 0x0000, 0x0000, 0x0000,
  0x0000, 0x0000, 0x0000, 0x0000, 0x0000, 0x0000, 0x0000, 0x0000, 0x0000, 0x0000, 0x0000, 0x0000,
  0x0000, 0x0000, 0x0000, 0x0000, 0x0000, 0x0000, 0x0000, 0x0000, 0x0000, 0x0000, 0x0000, 0x0000,
  0x0000, 0x0000, 0x0000, 0x0000, 0x0000, 0x0000, 0x0000, 0x0000, 0x0000, 0x0000, 0x0000, 0x0000,
  0x0000, 0x08A3, 0x3353, 0x4D1E, 0x75BF, 0xB5FE, 0xCDFD, 0xC5DD, 0xBDBD, 0xAD5A, 0x9CD7, 0x94B6,
  0x9CD6, 0x9CD6, 0x8455, 0x8C97, 0xAD5A, 0xCE1D, 0xCE3E, 0xCE3E, 0xCE1E, 0xB59C, 0x63D5, 0x19EC,
  0x00E7, 0x0908, 0x118A, 0x226F, 0x3AD0, 0x42F1, 0x63D4, 0x94F9, 0xAD9C, 0x8CF9, 0x53B5, 0x4333,
  0x5BB5, 0x8437, 0x8C58, 0x8C58, 0x8C58, 0x8C79, 0x73F7, 0x4AD2, 0x21CC, 0x08E6, 0x0063, 0x00A5,
  0x0927, 0x1169, 0x1168, 0x1127, 0x0906, 0x0906, 0x0906, 0x08E6, 0x08E6, 0x00A5, 0x0084, 0x0084,
  0x0063, 0x0063, 0x0063, 0x08C5, 0x08E6, 0x08C5, 0x0906, 0x1148, 0x1127, 0x0907, 0x1988, 0x1127,
  0x1127, 0x1127, 0x1148, 0x1168, 0x1189, 0x1148, 0x1989, 0x19A9, 0x11AA, 0x1169, 0x19CB, 0x118A,
  0x2A6E, 0x11CB, 0x118A, 0x5C55, 0x7CF7, 0x7CD6, 0x84F6, 0x9557, 0x9558, 0xA61B, 0xA5FB, 0x2AD2,
  0x2AB1, 0x5BF4, 0x6C96, 0x5C35, 0x4BB4, 0x2AB1, 0x2AF2, 0x122F, 0x120E, 0x4B93, 0xA5FC, 0x959C,
  0x63F9, 0x2A92, 0x19CC, 0x118B, 0x3311, 0x54DB, 0x453F, 0x3BF7, 0x1968, 0x0000, 0x0000, 0x0000,
  0x0000, 0x0000, 0x0000, 0x0000, 0x0000, 0x0000, 0x0000, 0x0000, 0x0000, 0x0000, 0x0000, 0x0000,
  0x0000, 0x0000, 0x0000, 0x0000, 0x0000, 0x0000, 0x0000, 0x0000, 0x0000, 0x0000, 0x0000, 0x0000,
  0x0000, 0x0000, 0x0000, 0x0000, 0x0000, 0x0000, 0x0000, 0x0000, 0x0000, 0x0000, 0x0000, 0x0000,
  0x0000, 0x0000, 0x0000, 0x0000, 0x0000, 0x0000, 0x0000, 0x0000, 0x0000, 0x0000, 0x0000, 0x0000,
  0x0000, 0x0000, 0x0000, 0x0000, 0x0000, 0x0000, 0x0000, 0x0000, 0x0000, 0x0000, 0x0000, 0x0000,
  0x0000, 0x0000, 0x0000, 0x0000, 0x0000, 0x0000, 0x0000, 0x0000, 0x0000, 0x0000, 0x0000, 0x0000,
  0x0000, 0x0000, 0x0000, 0x0000, 0x0000, 0x0000, 0x0000, 0x0000, 0x0000, 0x0000, 0x0000, 0x0000,
  0x0000, 0x0000, 0x0000, 0x0000, 0x0000, 0x0000, 0x0000, 0x0000, 0x0000, 0x0000, 0x0000, 0x0000,
  0x0000, 0x0000, 0x0000, 0x0000, 0x0000, 0x0000, 0x0000, 0x0000, 0x0000, 0x0000, 0x0000, 0x0000,
  0x0000, 0x0000, 0x0000, 0x0000, 0x0000, 0x0000, 0x0000, 0x0000, 0x0000, 0x0000, 0x0000, 0x0000,
  0x0020, 0x0000, 0x0000, 0x1106, 0x2B74, 0x555E, 0x75BF, 0x953B, 0xAD19, 0xAD18, 0x9CD7, 0x94B6,
  0x9CD6, 0xA4F7, 0x9CD7, 0xA4F7, 0xB59A, 0xC61D, 0xCE3E, 0xCE3E, 0xCE3E, 0x9D3A, 0x4312, 0x118B,
  0x11AB, 0x224E, 0x4332, 0x7456, 0x8CD7, 0x94D7, 0x8CB8, 0x9D1A, 0xB59C, 0xAD7D, 0x94DB, 0x8CBB,
  0x94BB, 0x9499, 0x8C58, 0x8C58, 0x8C58, 0x73D6, 0x42B0, 0x1169, 0x08E6, 0x0084, 0x00A5, 0x00A5,
  0x0084, 0x0064, 0x08C5, 0x0906, 0x1127, 0x1189, 0x19CA, 0x1189, 0x1168, 0x1148, 0x1148, 0x0927,
  0x08C5, 0x0927, 0x0906, 0x00A4, 0x00A4, 0x0063, 0x0063, 0x0063, 0x0084, 0x00A4, 0x08C5, 0x08E6,
  0x08E6, 0x08C5, 0x08E5, 0x0906, 0x08C5, 0x08E6, 0x08C6, 0x00E7, 0x0928, 0x0928, 0x11CC, 0x0949,
  0x19AA, 0x0949, 0x094A, 0x32F0, 0x7CF7, 0x8D59, 0x8D38, 0x9558, 0x9558, 0x7CB5, 0x6C34, 0x2A90,
  0x11AA, 0x11A9, 0x326D, 0x5371, 0x4373, 0x1A70, 0x2AF3, 0x3312, 0x8D79, 0xA61C, 0x8D5A, 0x6C56,
  0x3AD0, 0x220B, 0x11CB, 0x33B6, 0x5D9F, 0x4479, 0x19CA, 0x0000, 0x0000, 0x0000, 0x0000, 0x0000,
  0x0000, 0x0000, 0x0000, 0x0000, 0x0000, 0x0000, 0x0000, 0x0000, 0x0000, 0x0000, 0x0000, 0x0000,
  0x0000, 0x0000, 0x0000, 0x0000, 0x0000, 0x0000, 0x0000, 0x0000, 0x0000, 0x0000, 0x0000, 0x0000,
  0x0000, 0x0000, 0x0000, 0x0000, 0x0000, 0x0000, 0x0000, 0x0000, 0x0000, 0x0000, 0x0000, 0x0000,
  0x0000, 0x0000, 0x0000, 0x0000, 0x0000, 0x0000, 0x0000, 0x0000, 0x0000, 0x0000, 0x0000, 0x0000,
  0x0000, 0x0000, 0x0000, 0x0000, 0x0000, 0x0000, 0x0000, 0x0000, 0x0000, 0x0000, 0x0000, 0x0000,
  0x0000, 0x0000, 0x0000, 0x0000, 0x0000, 0x0000, 0x0000, 0x0000, 0x0000, 0x0000, 0x0000, 0x0000,
  0x0000, 0x0000, 0x0000, 0x0000, 0x0000, 0x0000, 0x0000, 0x0000, 0x0000, 0x0000, 0x0000, 0x0000,
  0x0000, 0x0000, 0x0000, 0x0000, 0x0000, 0x0000, 0x0000, 0x0000, 0x0000, 0x0000, 0x0000, 0x0000,
  0x0000, 0x0000, 0x0000, 0x0000, 0x0000, 0x0000, 0x0000, 0x0000, 0x0000, 0x0000, 0x0000, 0x0000,
  0x0000, 0x0000, 0x0000, 0x0000, 0x0000, 0x0000, 0x0000, 0x0000, 0x0000, 0x0000, 0x0000, 0x0000,
  0x0000, 0x0000, 0x0000, 0x0000, 0x0000, 0x1147, 0x33B5, 0x4D5E, 0x6D7E, 0x8CF8, 0x9C95, 0x9474,
  0x9475, 0x9495, 0x9CB6, 0xA4F6, 0xAD38, 0xBDDB, 0xCE3E, 0xCE3E, 0xC5FD, 0x8497, 0x3290, 0x19EC,
  0x3AF1, 0x7477, 0xA57A, 0xBDDC, 0xBDBC, 0x9CF8, 0x8456, 0x8C97, 0xA53B, 0xAD5D, 0xA51D, 0x9CFD,
  0x9CDB, 0x9479, 0x8C79, 0x8C58, 0x73D6, 0x42D1, 0x19AA, 0x00C6, 0x0084, 0x0084, 0x00A4, 0x00C5,
  0x00C5, 0x00C5, 0x0063, 0x0064, 0x0084, 0x00A4, 0x0907, 0x1189, 0x1127, 0x08E6, 0x1148, 0x1127,
  0x1148, 0x1169, 0x1189, 0x1148, 0x0906, 0x0906, 0x1148, 0x1127, 0x0927, 0x118A, 0x08E6, 0x00C5,
  0x00A5, 0x0083, 0x0083, 0x00A5, 0x0085, 0x00A5, 0x08E6, 0x00C6, 0x0084, 0x00A5, 0x00A5, 0x00C6,
  0x00A6, 0x0907, 0x098A, 0x09AB, 0x2A4D, 0x4B30, 0x63D2, 0x4352, 0x3B52, 0x1A2E, 0x018B, 0x3AEF,
  0x5B6F, 0x6BF1, 0x8493, 0xA576, 0xADD9, 0x32F1, 0x09ED, 0x2AD1, 0x5415, 0x53F6, 0x5C15, 0x8517,
  0x8D79, 0x653C, 0x4D5F, 0x44BB, 0x222C, 0x0000, 0x0000, 0x0000, 0x0000, 0x0000, 0x0000, 0x0000,
  0x0000, 0x0000, 0x0000, 0x0000, 0x0000, 0x0000, 0x0000, 0x0000, 0x0000, 0x0000, 0x0000, 0x0000,
  0x0000, 0x0000, 0x0000, 0x0000, 0x0000, 0x0000, 0x0000, 0x0000, 0x0000, 0x0000, 0x0000, 0x0000,
  0x0000, 0x0000, 0x0000, 0x0000, 0x0000, 0x0000, 0x0000, 0x0000, 0x0000, 0x0000, 0x0000, 0x0000,
  0x0000, 0x0000, 0x0000, 0x0000, 0x0000, 0x0000, 0x0000, 0x0000, 0x0000, 0x0000, 0x0000, 0x0000,
  0x0000, 0x0000, 0x0000, 0x0000, 0x0000, 0x0000, 0x0000, 0x0000, 0x0000, 0x0000, 0x0000, 0x0000,
  0x0000, 0x0000, 0x0000, 0x0000, 0x0000, 0x0000, 0x0000, 0x0000, 0x0000, 0x0000, 0x0000, 0x0000,
  0x0000, 0x0000, 0x0000, 0x0000, 0x0000, 0x0000, 0x0000, 0x0000, 0x0000, 0x0000, 0x0000, 0x0000,
  0x0000, 0x0000, 0x0000, 0x0000, 0x0000, 0x0000, 0x0000, 0x0000, 0x0000, 0x0000, 0x0000, 0x0000,
  0x0000, 0x0000, 0x0000, 0x0000, 0x0000, 0x0000, 0x0000, 0x0000, 0x0000, 0x0000, 0x0000, 0x0000,
  0x0000, 0x0000, 0x0000, 0x0000, 0x0000, 0x0000, 0x0000, 0x0000, 0x0000, 0x0000, 0x0000, 0x0000,
  0x0000, 0x0000, 0x0000, 0x0000, 0x0000, 0x0000, 0x0000, 0x1147, 0x33B5, 0x4D3E, 0x653D, 0x7C97,
  0x8C54, 0x9454, 0x8C54, 0x7C14, 0x7C14, 0x94D7, 0xC5FC, 0xCE1E, 0xA55A, 0x6C16, 0x4B33, 0x4B53,
  0x84B8, 0xC5FD, 0xD67E, 0xCE3E, 0xB59B, 0x8C77, 0x73D4, 0x7C36, 0x94DB, 0xA51D, 0x9CDD, 0x9CBC,
  0x94BB, 0x947A, 0x8C59, 0x6BB5, 0x3A6F, 0x198A, 0x0906, 0x0907, 0x0969, 0x0928, 0x08E7, 0x00C5,
  0x08E7, 0x0907, 0x0928, 0x1169, 0x0949, 0x0907, 0x00E6, 0x00C5, 0x0083, 0x0063, 0x0083, 0x08E6,
  0x1168, 0x1148, 0x1148, 0x1168, 0x1127, 0x0906, 0x0927, 0x0907, 0x0928, 0x19AA, 0x1989, 0x1189,
  0x1169, 0x1148, 0x1127, 0x1127, 0x11AA, 0x19AA, 0x19AA, 0x1169, 0x1149, 0x1169, 0x11AA, 0x11AB,
  0x19ED, 0x19EC, 0x118A, 0x11AB, 0x09AC, 0x09AB, 0x118A, 0x094A, 0x096A, 0x00C7, 0x116A, 0x84F6,
  0xADD9, 0xAE1A, 0xAE1A, 0xAE1B, 0xC6BC, 0x7475, 0x22D1, 0x124F, 0x1250, 0x122F, 0x1A6F, 0x44BB,
  0x4D5F, 0x3C39, 0x21EB, 0x0000, 0x0000, 0x0000, 0x0000, 0x0000, 0x0000, 0x0000, 0x0000, 0x0000,
  0x0000, 0x0000, 0x0000, 0x0000, 0x0000, 0x0000, 0x0000, 0x0000, 0x0000, 0x0000, 0x0000, 0x0000,
  0x0000, 0x0000, 0x0000, 0x0000, 0x0000, 0x0000, 0x0000, 0x0000, 0x0000, 0x0000, 0x0000, 0x0000,
  0x0000, 0x0000, 0x0000, 0x0000, 0x0000, 0x0000, 0x0000, 0x0000, 0x0000, 0x0000, 0x0000, 0x0000,
  0x0000, 0x0000, 0x0000, 0x0000, 0x0000, 0x0000, 0x0000, 0x0000, 0x0000, 0x0000, 0x0000, 0x0000,
  0x0000, 0x0000, 0x0000, 0x0000, 0x0000, 0x0000, 0x0000, 0x0000, 0x0000, 0x0000, 0x0000, 0x0000,
  0x0000, 0x0000, 0x0000, 0x0000, 0x0000, 0x0000, 0x0000, 0x0000, 0x0000, 0x0000, 0x0000, 0x0000,
  0x0000, 0x0000, 0x0000, 0x0000, 0x0000, 0x0000, 0x0000, 0x0000, 0x0000, 0x0000, 0x0000, 0x0000,
  0x0000, 0x0000, 0x0000, 0x0000, 0x0000, 0x0000, 0x0000, 0x0000, 0x0000, 0x0000, 0x0000, 0x0000,
  0x0000, 0x0000, 0x0000, 0x0000, 0x0000, 0x0000, 0x0000, 0x0000, 0x0000, 0x0000, 0x0000, 0x0000,
  0x0000, 0x0000, 0x0000, 0x0000, 0x0000, 0x0000, 0x0000, 0x0000, 0x0000, 0x0000, 0x0000, 0x0000,
  0x0000, 0x0000, 0x0000, 0x0000, 0x0000, 0x0000, 0x0000, 0x0000, 0x0000, 0x1106, 0x2B33, 0x451D,
  0x5D7E, 0x74FA, 0x7C14, 0x4ACF, 0x3A6E, 0x6393, 0xA57A, 0xBDFC, 0x84B8, 0x63D5, 0x6BF5, 0x8CD9,
  0xBDFD, 0xD65E, 0xD65E, 0xCE3D, 0xAD5A, 0x8436, 0x73F5, 0x8478, 0x9CFD, 0xA4FE, 0x9CFD, 0x9CDC,
  0x9C9B, 0x8C79, 0x73D6, 0x42D1, 0x19AB, 0x00C6, 0x00A5, 0x1128, 0x19EC, 0x220D, 0x2A0D, 0x2A2E,
  0x2A2E, 0x324F, 0x324F, 0x2A4E, 0x2A4E, 0x222E, 0x19EC, 0x19EC, 0x19CB, 0x1169, 0x1148, 0x0928,
  0x08E6, 0x08C6, 0x0084, 0x0063, 0x0084, 0x0084, 0x0083, 0x00A5, 0x0084, 0x00A4, 0x08E5, 0x0906,
  0x08E6, 0x0907, 0x1169, 0x1169, 0x19A9, 0x1169, 0x1169, 0x1169, 0x1169, 0x11AB, 0x118A, 0x118A,
  0x118A, 0x0949, 0x0928, 0x0928, 0x0929, 0x00E8, 0x0064, 0x0084, 0x0928, 0x0108, 0x0129, 0x53B3,
  0x8D38, 0xA5B9, 0xA598, 0x9536, 0x84B5, 0x7413, 0x3AAE, 0x226F, 0x2B75, 0x3C7B, 0x4D5F, 0x33D7,
  0x1189, 0x0000, 0x0000, 0x0000, 0x0000, 0x0000, 0x0000, 0x0000, 0x0000, 0x0000, 0x0000, 0x0000,
  0x0000, 0x0000, 0x0000, 0x0000, 0x0000, 0x0000, 0x0000, 0x0000, 0x0000, 0x0000, 0x0000, 0x0000,
  0x0000, 0x0000, 0x0000, 0x0000, 0x0000, 0x0000, 0x0000, 0x0000, 0x0000, 0x0000, 0x0000, 0x0000,
  0x0000, 0x0000, 0x0000, 0x0000, 0x0000, 0x0000, 0x0000, 0x0000, 0x0000, 0x0000, 0x0000, 0x0000,
  0x0000, 0x0000, 0x0000, 0x0000, 0x0000, 0x0000, 0x0000, 0x0000, 0x0000, 0x0000, 0x0000, 0x0000,
  0x0000, 0x0000, 0x0000, 0x0000, 0x0000, 0x0000, 0x0000, 0x0000, 0x0000, 0x0000, 0x0000, 0x0000,
  0x0000, 0x0000, 0x0000, 0x0000, 0x0000, 0x0000, 0x0000, 0x0000, 0x0000, 0x0000, 0x0000, 0x0000,
  0x0000, 0x0000, 0x0000, 0x0000, 0x0000, 0x0000, 0x0000, 0x0000, 0x0000, 0x0000, 0x0000, 0x0000,
  0x0000, 0x0000, 0x0000, 0x0000, 0x0000, 0x0000, 0x0000, 0x0000, 0x0000, 0x0000, 0x0000, 0x0000,
  0x0000, 0x0000, 0x0000, 0x0000, 0x0000, 0x0000, 0x0000, 0x0000, 0x0000, 0x0000, 0x0000, 0x0000,
  0x0000, 0x0000, 0x0000, 0x0000, 0x0000, 0x0000, 0x0000, 0x0000, 0x0000, 0x0000, 0x0000, 0x0000,
  0x0000, 0x0000, 0x0000, 0x0000, 0x0000, 0x0000, 0x0000, 0x0000, 0x0000, 0x0000, 0x0000, 0x08C4,
  0x2AD0, 0x44DB, 0x555F, 0x4459, 0x2A90, 0x3AAF, 0x8476, 0xA57A, 0x84D8, 0x7456, 0x7C77, 0xA55A,
  0xCE3D, 0xCE3E, 0xCE3E, 0xC5FD, 0xAD3A, 0x8C78, 0x8458, 0x9CDC, 0xA53E, 0xA53E, 0xA51E, 0xA4FC,
  0x9CBA, 0x73F7, 0x4B13, 0x3290, 0x2A6F, 0x222E, 0x2A4F, 0x4AF2, 0x5B54, 0x63B6, 0x73F7, 0x73F8,
  0x73D7, 0x6BD7, 0x6BD7, 0x6395, 0x5B54, 0x42B1, 0x2A0D, 0x21AB, 0x198A, 0x1169, 0x1149, 0x0928,
  0x0949, 0x1148, 0x0927, 0x0906, 0x1127, 0x08E6, 0x00C5, 0x00A4, 0x0063, 0x0042, 0x0042, 0x0063,
  0x0063, 0x00A5, 0x00C5, 0x00C5, 0x00A5, 0x00A5, 0x0084, 0x00C6, 0x00C6, 0x00E7, 0x00A6, 0x0085,
  0x0064, 0x0064, 0x0064, 0x0085, 0x0129, 0x098B, 0x098B, 0x11AB, 0x3B31, 0x224F, 0x09AC, 0x098B,
  0x016A, 0x226E, 0x430F, 0x42CE, 0x3A6D, 0x2A6D, 0x2B74, 0x44DD, 0x4D1D, 0x3B94, 0x1968, 0x0000,
  0x0000, 0x0000, 0x0000, 0x0000, 0x0000, 0x0000, 0x0000, 0x0000, 0x0000, 0x0000, 0x0000, 0x0000,
  0x0000, 0x0000, 0x0000, 0x0000, 0x0000, 0x0000, 0x0000, 0x0000, 0x0000, 0x0000, 0x0000, 0x0000,
  0x0000, 0x0000, 0x0000, 0x0000, 0x0000, 0x0000, 0x0000, 0x0000, 0x0000, 0x0000, 0x0000, 0x0000,
  0x0000, 0x0000, 0x0000, 0x0000, 0x0000, 0x0000, 0x0000, 0x0000, 0x0000, 0x0000, 0x0000, 0x0000,
  0x0000, 0x0000, 0x0000, 0x0000, 0x0000, 0x0000, 0x0000, 0x0000, 0x0000, 0x0000, 0x0000, 0x0000,
  0x0000, 0x0000, 0x0000, 0x0000, 0x0000, 0x0000, 0x0000, 0x0000, 0x0000, 0x0000, 0x0000, 0x0000,
  0x0000, 0x0000, 0x0000, 0x0000, 0x0000, 0x0000, 0x0000, 0x0000, 0x0000, 0x0000, 0x0000, 0x0000,
  0x0000, 0x0000, 0x0000, 0x0000, 0x0000, 0x0000, 0x0000, 0x0000, 0x0000, 0x0000, 0x0000, 0x0000,
  0x0000, 0x0000, 0x0000, 0x0000, 0x0000, 0x0000, 0x0000, 0x0000, 0x0000, 0x0000, 0x0000, 0x0000,
  0x0000, 0x0000, 0x0000, 0x0000, 0x0000, 0x0000, 0x0000, 0x0000, 0x0000, 0x0000, 0x0000, 0x0000,
  0x0000, 0x0000, 0x0000, 0x0000, 0x0000, 0x0000, 0x0000, 0x0000, 0x0000, 0x0000, 0x0000, 0x0000,
  0x0000, 0x0000, 0x0000, 0x0000, 0x0000, 0x0000, 0x0000, 0x0000, 0x0000, 0x0000, 0x0000, 0x0000,
  0x0000, 0x0041, 0x19EB, 0x33F7, 0x44FD, 0x3C9C, 0x5C9A, 0x9D5A, 0xAD9A, 0x8CD8, 0x6BF5, 0x7437,
  0x9D1A, 0xC5FD, 0xCE1D, 0xBDDC, 0xAD7B, 0x9CFA, 0x9CFC, 0xA53E, 0xAD5E, 0xB57E, 0xAD5E, 0xA51C,
  0x8438, 0x5334, 0x3AD1, 0x32D1, 0x5373, 0x63D6, 0x7C39, 0x8CBB, 0x9D1D, 0xA53E, 0xA51E, 0xA53E,
  0xA51E, 0x94BD, 0x847B, 0x7C39, 0x6396, 0x4291, 0x29ED, 0x218B, 0x1149, 0x0907, 0x00A5, 0x0063,
  0x0083, 0x0084, 0x0906, 0x1169, 0x1189, 0x19CB, 0x19CB, 0x1169, 0x1127, 0x1148, 0x08E6, 0x0907,
  0x0927, 0x00E7, 0x00A5, 0x0085, 0x0063, 0x00A5, 0x00A5, 0x08E7, 0x0908, 0x0107, 0x0908, 0x0928,
  0x1189, 0x098A, 0x0949, 0x116A, 0x220C, 0x11AB, 0x11CC, 0x0949, 0x0928, 0x0929, 0x098B, 0x11CD,
  0x09AC, 0x096A, 0x11AB, 0x22B0, 0x3C39, 0x451E, 0x3C7A, 0x2AAF, 0x08C4, 0x0000, 0x0000, 0x0000,
  0x0000, 0x0000, 0x0000, 0x0000, 0x0000, 0x0000, 0x0000, 0x0000, 0x0000, 0x0000, 0x0000, 0x0000,
  0x0000, 0x0000, 0x0000, 0x0000, 0x0000, 0x0000, 0x0000, 0x0000, 0x0000, 0x0000, 0x0000, 0x0000,
  0x0000, 0x0000, 0x0000, 0x0000, 0x0000, 0x0000, 0x0000, 0x0000, 0x0000, 0x0000, 0x0000, 0x0000,
  0x0000, 0x0000, 0x0000, 0x0000, 0x0000, 0x0000, 0x0000, 0x0000, 0x0000, 0x0000, 0x0000, 0x0000,
  0x0000, 0x0000, 0x0000, 0x0000, 0x0000, 0x0000, 0x0000, 0x0000, 0x0000, 0x0000, 0x0000, 0x0000,
  0x0000, 0x0000, 0x0000, 0x0000, 0x0000, 0x0000, 0x0000, 0x0000, 0x0000, 0x0000, 0x0000, 0x0000,
  0x0000, 0x0000, 0x0000, 0x0000, 0x0000, 0x0000, 0x0000, 0x0000, 0x0000, 0x0000, 0x0000, 0x0000,
  0x0000, 0x0000, 0x0000, 0x0000, 0x0000, 0x0000, 0x0000, 0x0000, 0x0000, 0x0000, 0x0000, 0x0000,
  0x0000, 0x0000, 0x0000, 0x0000, 0x0000, 0x0000, 0x0000, 0x0000, 0x0000, 0x0000, 0x0000, 0x0000,
  0x0000, 0x0000, 0x0000, 0x0000, 0x0000, 0x0000, 0x0000, 0x0000, 0x0000, 0x0000, 0x0000, 0x0000,
  0x0000, 0x0000, 0x0000, 0x0000, 0x0000, 0x0000, 0x0000, 0x0000, 0x0000, 0x0000, 0x0000, 0x0000,
  0x0000, 0x0000, 0x0000, 0x0000, 0x0000, 0x0000, 0x0000, 0x0000, 0x0000, 0x0000, 0x0000, 0x0000,
  0x0000, 0x0000, 0x0000, 0x0000, 0x08E5, 0x22B0, 0x347A, 0x557F, 0x75DF, 0x751B, 0x4B53, 0x324F,
  0x6394, 0xB57B, 0xC5DD, 0xBDBD, 0xB59D, 0xAD3D, 0xA53E, 0xB57E, 0xB59E, 0xB59E, 0xAD7D, 0x94BA,
  0x6BB6, 0x5314, 0x4B13, 0x6BF6, 0x94DA, 0xA51D, 0xAD3E, 0xAD5E, 0xAD5E, 0xAD5E, 0xA53E, 0x9CDD,
  0x845A, 0x6BD7, 0x5B75, 0x4B13, 0x42F3, 0x3270, 0x21AC, 0x196A, 0x21AC, 0x21CD, 0x114A, 0x08E6,
  0x00A5, 0x0084, 0x0042, 0x0084, 0x0927, 0x0907, 0x0907, 0x0927, 0x1147, 0x1968, 0x1148, 0x1989,
  0x1989, 0x11AA, 0x11AB, 0x11AA, 0x1189, 0x1147, 0x0948, 0x118A, 0x11AA, 0x11AA, 0x1169, 0x1189,
  0x1A0C, 0x11EC, 0x098B, 0x19EC, 0x118A, 0x0108, 0x0108, 0x0929, 0x0129, 0x0108, 0x00E7, 0x096A,
  0x1A70, 0x2B76, 0x3C9C, 0x44DD, 0x3BB5, 0x1989, 0x0020, 0x0000, 0x0000, 0x0000, 0x0000, 0x0000,
  0x0000, 0x0000, 0x0000, 0x0000, 0x0000, 0x0000, 0x0000, 0x0000, 0x0000, 0x0000, 0x0000, 0x0000,
  0x0000, 0x0000, 0x0000, 0x0000, 0x0000, 0x0000, 0x0000, 0x0000, 0x0000, 0x0000, 0x0000, 0x0000,
  0x0000, 0x0000, 0x0000, 0x0000, 0x0000, 0x0000, 0x0000, 0x0000, 0x0000, 0x0000, 0x0000, 0x0000,
  0x0000, 0x0000, 0x0000, 0x0000, 0x0000, 0x0000, 0x0000, 0x0000, 0x0000, 0x0000, 0x0000, 0x0000,
  0x0000, 0x0000, 0x0000, 0x0000, 0x0000, 0x0000, 0x0000, 0x0000, 0x0000, 0x0000, 0x0000, 0x0000,
  0x0000, 0x0000, 0x0000, 0x0000, 0x0000, 0x0000, 0x0000, 0x0000, 0x0000, 0x0000, 0x0000, 0x0000,
  0x0000, 0x0000, 0x0000, 0x0000, 0x0000, 0x0000, 0x0000, 0x0000, 0x0000, 0x0000, 0x0000, 0x0000,
  0x0000, 0x0000, 0x0000, 0x0000, 0x0000, 0x0000, 0x0000, 0x0000, 0x0000, 0x0000, 0x0000, 0x0000,
  0x0000, 0x0000, 0x0000, 0x0000, 0x0000, 0x0000, 0x0000, 0x0000, 0x0000, 0x0000, 0x0000, 0x0000,
  0x0000, 0x0000, 0x0000, 0x0000, 0x0000, 0x0000, 0x0000, 0x0000, 0x0000, 0x0000, 0x0000, 0x0000,
  0x0000, 0x0000, 0x0000, 0x0000, 0x0000, 0x0000, 0x0000, 0x0000, 0x0000, 0x0000, 0x0000, 0x0000,
  0x0000, 0x0000, 0x0000, 0x0000, 0x0000, 0x0000, 0x0000, 0x0000, 0x0000, 0x0000, 0x0000, 0x0000,
  0x0000, 0x0000, 0x0000, 0x0000, 0x0000, 0x0000, 0x0021, 0x1189, 0x2333, 0x34BC, 0x453F, 0x3C5A,
  0x43D7, 0x9D3B, 0xC5DC, 0xC5DD, 0xBD9D, 0xAD5E, 0xAD5E, 0xB57E, 0xBDBE, 0xBDBE, 0xA53C, 0x8479,
  0x73F7, 0x73F7, 0x8479, 0xA53C, 0xB57E, 0xAD5E, 0xAD5E, 0xAD7E, 0xA53E, 0x9CDD, 0x7C5A, 0x5B75,
  0x3A90, 0x2A2E, 0x21ED, 0x21EC, 0x3290, 0x42F2, 0x3A90, 0x324E, 0x3A90, 0x4B33, 0x4B12, 0x3290,
  0x220D, 0x198A, 0x1148, 0x0927, 0x00C6, 0x0063, 0x0064, 0x0084, 0x0063, 0x0063, 0x08C5, 0x08E6,
  0x0906, 0x1968, 0x19A9, 0x1989, 0x21EA, 0x21EA, 0x1189, 0x19AA, 0x1169, 0x1148, 0x1127, 0x1189,
  0x0928, 0x0949, 0x0949, 0x0907, 0x0108, 0x0908, 0x00C6, 0x00C7, 0x0129, 0x120E, 0x2355, 0x347B,
  0x44BD, 0x3BF7, 0x224D, 0x0883, 0x0000, 0x0000, 0x0000, 0x0000, 0x0000, 0x0000, 0x0000, 0x0000,
  0x0000, 0x0000, 0x0000, 0x0000, 0x0000, 0x0000, 0x0000, 0x0000, 0x0000, 0x0000, 0x0000, 0x0000,
  0x0000, 0x0000, 0x0000, 0x0000, 0x0000, 0x0000, 0x0000, 0x0000, 0x0000, 0x0000, 0x0000, 0x0000,
  0x0000, 0x0000, 0x0000, 0x0000, 0x0000, 0x0000, 0x0000, 0x0000, 0x0000, 0x0000, 0x0000, 0x0000,
  0x0000, 0x0000, 0x0000, 0x0000, 0x0000, 0x0000, 0x0000, 0x0000, 0x0000, 0x0000, 0x0000, 0x0000,
  0x0000, 0x0000, 0x0000, 0x0000, 0x0000, 0x0000, 0x0000, 0x0000, 0x0000, 0x0000, 0x0000, 0x0000,
  0x0000, 0x0000, 0x0000, 0x0000, 0x0000, 0x0000, 0x0000, 0x0000, 0x0000, 0x0000, 0x0000, 0x0000,
  0x0000, 0x0000, 0x0000, 0x0000, 0x0000, 0x0000, 0x0000, 0x0000, 0x0000, 0x0000, 0x0000, 0x0000,
  0x0000, 0x0000, 0x0000, 0x0000, 0x0000, 0x0000, 0x0000, 0x0000, 0x0000, 0x0000, 0x0000, 0x0000,
  0x0000, 0x0000, 0x0000, 0x0000, 0x0000, 0x0000, 0x0000, 0x0000, 0x0000, 0x0000, 0x0000, 0x0000,
  0x0000, 0x0000, 0x0000, 0x0000, 0x0000, 0x0000, 0x0000, 0x0000, 0x0000, 0x0000, 0x0000, 0x0000,
  0x0000, 0x0000, 0x0000, 0x0000, 0x0000, 0x0000, 0x0000, 0x0000, 0x0000, 0x0000, 0x0000, 0x0000,
  0x0000, 0x0000, 0x0000, 0x0000, 0x0000, 0x0000, 0x0000, 0x0000, 0x0000, 0x0000, 0x0000, 0x0000,
  0x0000, 0x0000, 0x0000, 0x0000, 0x0000, 0x0000, 0x0000, 0x0000, 0x0000, 0x0062, 0x11A9, 0x2333,
  0x345A, 0x451E, 0x657F, 0x859E, 0x955D, 0xA51D, 0xAD1C, 0xB53D, 0xBD9E, 0xB57D, 0x9D1C, 0x8CBA,
  0x8CBA, 0x9D1C, 0xAD5E, 0xB57E, 0xB57E, 0xAD5E, 0xAD5E, 0x9D1D, 0x845A, 0x5B35, 0x3A90, 0x220D,
  0x0949, 0x0908, 0x0949, 0x21EC, 0x3AB0, 0x63D5, 0x8498, 0x8478, 0x8478, 0x8CB8, 0x94D9, 0x8478,
  0x5B74, 0x42B0, 0x21CB, 0x00C5, 0x0042, 0x0063, 0x0084, 0x0063, 0x00A4, 0x00A4, 0x0043, 0x0042,
  0x0063, 0x00A4, 0x0084, 0x0084, 0x08C5, 0x00A5, 0x00A5, 0x00C5, 0x00A5, 0x00C5, 0x00C5, 0x00E7,
  0x00E7, 0x00E7, 0x00A6, 0x00C6, 0x0908, 0x098A, 0x1A70, 0x23B6, 0x349C, 0x3CBD, 0x33F7, 0x224E,
  0x08C4, 0x0000, 0x0000, 0x0000, 0x0000, 0x0000, 0x0000, 0x0000, 0x0000, 0x0000, 0x0000, 0x0000,
  0x0000, 0x0000, 0x0000, 0x0000, 0x0000, 0x0000, 0x0000, 0x0000, 0x0000, 0x0000, 0x0000, 0x0000,
  0x0000, 0x0000, 0x0000, 0x0000, 0x0000, 0x0000, 0x0000, 0x0000, 0x0000, 0x0000, 0x0000, 0x0000,
  0x0000, 0x0000, 0x0000, 0x0000, 0x0000, 0x0000, 0x0000, 0x0000, 0x0000, 0x0000, 0x0000, 0x0000,
  0x0000, 0x0000, 0x0000, 0x0000, 0x0000, 0x0000, 0x0000, 0x0000, 0x0000, 0x0000, 0x0000, 0x0000,
  0x0000, 0x0000, 0x0000, 0x0000, 0x0000, 0x0000, 0x0000, 0x0000, 0x0000, 0x0000, 0x0000, 0x0000,
  0x0000, 0x0000, 0x0000, 0x0000, 0x0000, 0x0000, 0x0000, 0x0000, 0x0000, 0x0000, 0x0000, 0x0000,
  0x0000, 0x0000, 0x0000, 0x0000, 0x0000, 0x0000, 0x0000, 0x0000, 0x0000, 0x0000, 0x0000, 0x0000,
  0x0000, 0x0000, 0x0000, 0x0000, 0x0000, 0x0000, 0x0000, 0x0000, 0x0000, 0x0000, 0x0000, 0x0000,
  0x0000, 0x0000, 0x0000, 0x0000, 0x0000, 0x0000, 0x0000, 0x0000, 0x0000, 0x0000, 0x0000, 0x0000,
  0x0000, 0x0000, 0x0000, 0x0000, 0x0000, 0x0000, 0x0000, 0x0000, 0x0000, 0x0000, 0x0000, 0x0000,
  0x0000, 0x0000, 0x0000, 0x0000, 0x0000, 0x0000, 0x0000, 0x0000, 0x0000, 0x0000, 0x0000, 0x0000,
  0x0000, 0x0000, 0x0000, 0x0000, 0x0000, 0x0000, 0x0000, 0x0000, 0x0000, 0x0000, 0x0000, 0x0000,
  0x0000, 0x0000, 0x0000, 0x0000, 0x0000, 0x0000, 0x0000, 0x0000, 0x0000, 0x0000, 0x0000, 0x0000,
  0x0041, 0x0947, 0x1AB0, 0x2BF7, 0x3CDD, 0x4D3F, 0x655F, 0x7D3E, 0x953D, 0x8CDB, 0x8C99, 0x9CDA,
  0xAD3D, 0xB59E, 0xB57E, 0xB57E, 0xAD5E, 0xA53E, 0x94DC, 0x7C39, 0x5354, 0x326F, 0x1169, 0x00C6,
  0x0907, 0x118A, 0x328E, 0x5B72, 0x7C36, 0xA51A, 0xB59C, 0xB57C, 0xAD5C, 0xAD3B, 0x9CFA, 0x8458,
  0x6BD6, 0x6395, 0x3AB0, 0x1107, 0x0063, 0x0063, 0x0083, 0x0043, 0x1106, 0x1168, 0x0907, 0x08E6,
  0x00C5, 0x00A5, 0x00A4, 0x0906, 0x0927, 0x0907, 0x0928, 0x1127, 0x1127, 0x0928, 0x0928, 0x0949,
  0x0928, 0x118A, 0x120D, 0x2314, 0x2C3A, 0x34BC, 0x347B, 0x2375, 0x19EC, 0x08A3, 0x0000, 0x0000,
  0x0000, 0x0000, 0x0000, 0x0000, 0x0000, 0x0000, 0x0000, 0x0000, 0x0000, 0x0000, 0x0000, 0x0000,
  0x0000, 0x0000, 0x0000, 0x0000, 0x0000, 0x0000, 0x0000, 0x0000, 0x0000, 0x0000, 0x0000, 0x0000,
  0x0000, 0x0000, 0x0000, 0x0000, 0x0000, 0x0000, 0x0000, 0x0000, 0x0000, 0x0000, 0x0000, 0x0000,
  0x0000, 0x0000, 0x0000, 0x0000, 0x0000, 0x0000, 0x0000, 0x0000, 0x0000, 0x0000, 0x0000, 0x0000,
  0x0000, 0x0000, 0x0000, 0x0000, 0x0000, 0x0000, 0x0000, 0x0000, 0x0000, 0x0000, 0x0000, 0x0000,
  0x0000, 0x0000, 0x0000, 0x0000, 0x0000, 0x0000, 0x0000, 0x0000, 0x0000, 0x0000, 0x0000, 0x0000,
  0x0000, 0x0000, 0x0000, 0x0000, 0x0000, 0x0000, 0x0000, 0x0000, 0x0000, 0x0000, 0x0000, 0x0000,
  0x0000, 0x0000, 0x0000, 0x0000, 0x0000, 0x0000, 0x0000, 0x0000, 0x0000, 0x0000, 0x0000, 0x0000,
  0x0000, 0x0000, 0x0000, 0x0000, 0x0000, 0x0000, 0x0000, 0x0000, 0x0000, 0x0000, 0x0000, 0x0000,
  0x0000, 0x0000, 0x0000, 0x0000, 0x0000, 0x0000, 0x0000, 0x0000, 0x0000, 0x0000, 0x0000, 0x0000,
  0x0000, 0x0000, 0x0000, 0x0000, 0x0000, 0x0000, 0x0000, 0x0000, 0x0000, 0x0000, 0x0000, 0x0000,
  0x0000, 0x0000, 0x0000, 0x0000, 0x0000, 0x0000, 0x0000, 0x0000, 0x0000, 0x0000, 0x0000, 0x0000,
  0x0000, 0x0000, 0x0000, 0x0000, 0x0000, 0x0000, 0x0000, 0x0000, 0x0000, 0x0000, 0x0000, 0x0000,
  0x0000, 0x0000, 0x0000, 0x0000, 0x0000, 0x0000, 0x0000, 0x0000, 0x0000, 0x0000, 0x0000, 0x0000,
  0x0000, 0x0000, 0x0000, 0x0000, 0x08C4, 0x19EB, 0x2332, 0x3439, 0x3CFD, 0x4D3F, 0x553E, 0x6D5E,
  0x8D7E, 0xA57E, 0xA53D, 0xAD3D, 0xAD1D, 0x9CBC, 0x8458, 0x6BB5, 0x42F1, 0x2A2D, 0x19AB, 0x0928,
  0x19AB, 0x42D0, 0x7C56, 0xAD5B, 0xB59C, 0xB59D, 0xB59C, 0xB59C, 0xA51B, 0x7C17, 0x5B33, 0x3A6F,
  0x2A0E, 0x3A91, 0x42D2, 0x29EC, 0x1127, 0x00A4, 0x0084, 0x00A4, 0x0084, 0x0084, 0x00A4, 0x00A4,
  0x00A5, 0x0084, 0x0042, 0x0063, 0x0063, 0x0043, 0x0063, 0x0063, 0x00A4, 0x0969, 0x1A6F, 0x2376,
  0x2C19, 0x2C9C, 0x2C9C, 0x2BD7, 0x22B0, 0x1148, 0x0041, 0x0000, 0x0000, 0x0000, 0x0000, 0x0000,
  0x0000, 0x0000, 0x0000, 0x0000, 0x0000, 0x0000, 0x0000, 0x0000, 0x0000, 0x0000, 0x0000, 0x0000,
  0x0000, 0x0000, 0x0000, 0x0000, 0x0000, 0x0000, 0x0000, 0x0000, 0x0000, 0x0000, 0x0000, 0x0000,
  0x0000, 0x0000, 0x0000, 0x0000, 0x0000, 0x0000, 0x0000, 0x0000, 0x0000, 0x0000, 0x0000, 0x0000,
  0x0000, 0x0000, 0x0000, 0x0000, 0x0000, 0x0000, 0x0000, 0x0000, 0x0000, 0x0000, 0x0000, 0x0000,
  0x0000, 0x0000, 0x0000, 0x0000, 0x0000, 0x0000, 0x0000, 0x0000, 0x0000, 0x0000, 0x0000, 0x0000,
  0x0000, 0x0000, 0x0000, 0x0000, 0x0000, 0x0000, 0x0000, 0x0000, 0x0000, 0x0000, 0x0000, 0x0000,
  0x0000, 0x0000, 0x0000, 0x0000, 0x0000, 0x0000, 0x0000, 0x0000, 0x0000, 0x0000, 0x0000, 0x0000,
  0x0000, 0x0000, 0x0000, 0x0000, 0x0000, 0x0000, 0x0000, 0x0000, 0x0000, 0x0000, 0x0000, 0x0000,
  0x0000, 0x0000, 0x0000, 0x0000, 0x0000, 0x0000, 0x0000, 0x0000, 0x0000, 0x0000, 0x0000, 0x0000,
  0x0000, 0x0000, 0x0000, 0x0000, 0x0000, 0x0000, 0x0000, 0x0000, 0x0000, 0x0000, 0x0000, 0x0000,
  0x0000, 0x0000, 0x0000, 0x0000, 0x0000, 0x0000, 0x0000, 0x0000, 0x0000, 0x0000, 0x0000, 0x0000,
  0x0000, 0x0000, 0x0000, 0x0000, 0x0000, 0x0000, 0x0000, 0x0000, 0x0000, 0x0000, 0x0000, 0x0000,
  0x0000, 0x0000, 0x0000, 0x0000, 0x0000, 0x0000, 0x0000, 0x0000, 0x0000, 0x0000, 0x0000, 0x0000,
  0x0000, 0x0000, 0x0000, 0x0000, 0x0000, 0x0000, 0x0000, 0x0000, 0x0000, 0x0000, 0x0000, 0x0000,
  0x0000, 0x0000, 0x0000, 0x0000, 0x0000, 0x0000, 0x0000, 0x0000, 0x08C4, 0x11A9, 0x22D0, 0x2BD6,
  0x349A, 0x3CDD, 0x451F, 0x5D5F, 0x6D5F, 0x751D, 0x74BA, 0x63F7, 0x5373, 0x5352, 0x5352, 0x4B11,
  0x63B3, 0x9497, 0xBD9C, 0xC5DD, 0xBD9C, 0xB55C, 0xB55C, 0xA51A, 0x6BD5, 0x3A6E, 0x1969, 0x08E6,
  0x00A5, 0x08C6, 0x196A, 0x29EC, 0x218B, 0x0907, 0x0063, 0x0084, 0x00A4, 0x08C5, 0x0084, 0x08A4,
  0x08C5, 0x00A4, 0x0907, 0x1169, 0x11CC, 0x1A90, 0x2354, 0x2BF8, 0x2C5B, 0x349C, 0x2C3A, 0x2355,
  0x1A6F, 0x1168, 0x0062, 0x0000, 0x0000, 0x0000, 0x0000, 0x0000, 0x0000, 0x0000, 0x0000, 0x0000,
  0x0000, 0x0000, 0x0000, 0x0000, 0x0000, 0x0000, 0x0000, 0x0000, 0x0000, 0x0000, 0x0000, 0x0000,
  0x0000, 0x0000, 0x0000, 0x0000, 0x0000, 0x0000, 0x0000, 0x0000, 0x0000, 0x0000, 0x0000, 0x0000,
  0x0000, 0x0000, 0x0000, 0x0000, 0x0000, 0x0000, 0x0000, 0x0000, 0x0000, 0x0000, 0x0000, 0x0000,
  0x0000, 0x0000, 0x0000, 0x0000, 0x0000, 0x0000, 0x0000, 0x0000, 0x0000, 0x0000, 0x0000, 0x0000,
  0x0000, 0x0000, 0x0000, 0x0000, 0x0000, 0x0000, 0x0000, 0x0000, 0x0000, 0x0000, 0x0000, 0x0000,
  0x0000, 0x0000, 0x0000, 0x0000, 0x0000, 0x0000, 0x0000, 0x0000, 0x0000, 0x0000, 0x0000, 0x0000,
  0x0000, 0x0000, 0x0000, 0x0000, 0x0000, 0x0000, 0x0000, 0x0000, 0x0000, 0x0000, 0x0000, 0x0000,
  0x0000, 0x0000, 0x0000, 0x0000, 0x0000, 0x0000, 0x0000, 0x0000, 0x0000, 0x0000, 0x0000, 0x0000,
  0x0000, 0x0000, 0x0000, 0x0000, 0x0000, 0x0000, 0x0000, 0x0000, 0x0000, 0x0000, 0x0000, 0x0000,
  0x0000, 0x0000, 0x0000, 0x0000, 0x0000, 0x0000, 0x0000, 0x0000, 0x0000, 0x0000, 0x0000, 0x0000,
  0x0000, 0x0000, 0x0000, 0x0000, 0x0000, 0x0000, 0x0000, 0x0000, 0x0000, 0x0000, 0x0000, 0x0000,
  0x0000, 0x0000, 0x0000, 0x0000, 0x0000, 0x0000, 0x0000, 0x0000, 0x0000, 0x0000, 0x0000, 0x0000,
  0x0000, 0x0000, 0x0000, 0x0000, 0x0000, 0x0000, 0x0000, 0x0000, 0x0000, 0x0000, 0x0000, 0x0000,
  0x0000, 0x0000, 0x0000, 0x0000, 0x0000, 0x0000, 0x0000, 0x0000, 0x0000, 0x0000, 0x0000, 0x0000,
  0x0000, 0x0000, 0x0000, 0x0000, 0x0000, 0x0000, 0x0000, 0x0000, 0x0000, 0x0000, 0x0000, 0x0000,
  0x0041, 0x08E5, 0x11AA, 0x1A8F, 0x2B54, 0x3C18, 0x4CBB, 0x4D1D, 0x555E, 0x5D7F, 0x655E, 0x653E,
  0x7D9E, 0x8DDE, 0x95BE, 0x9DBE, 0x9D9D, 0x953C, 0x84BA, 0x63F6, 0x3AB0, 0x1169, 0x08E6, 0x00E6,
  0x00C5, 0x00A4, 0x08E7, 0x21CC, 0x2A2F, 0x19CC, 0x11AA, 0x11EC, 0x1A8F, 0x22F2, 0x2B75, 0x33F8,
  0x3439, 0x3C7B, 0x3CDD, 0x3CBD, 0x3C9B, 0x3439, 0x2B74, 0x1A6F, 0x1189, 0x08A4, 0x0020, 0x0000,
  0x0000, 0x0000, 0x0000, 0x0000, 0x0000, 0x0000, 0x0000, 0x0000, 0x0000, 0x0000, 0x0000, 0x0000,
  0x0000, 0x0000, 0x0000, 0x0000, 0x0000, 0x0000, 0x0000, 0x0000, 0x0000, 0x0000, 0x0000, 0x0000,
  0x0000, 0x0000, 0x0000, 0x0000, 0x0000, 0x0000, 0x0000, 0x0000, 0x0000, 0x0000, 0x0000, 0x0000,
  0x0000, 0x0000, 0x0000, 0x0000, 0x0000, 0x0000, 0x0000, 0x0000, 0x0000, 0x0000, 0x0000, 0x0000,
  0x0000, 0x0000, 0x0000, 0x0000, 0x0000, 0x0000, 0x0000, 0x0000, 0x0000, 0x0000, 0x0000, 0x0000,
  0x0000, 0x0000, 0x0000, 0x0000, 0x0000, 0x0000, 0x0000, 0x0000, 0x0000, 0x0000, 0x0000, 0x0000,
  0x0000, 0x0000, 0x0000, 0x0000, 0x0000, 0x0000, 0x0000, 0x0000, 0x0000, 0x0000, 0x0000, 0x0000,
  0x0000, 0x0000, 0x0000, 0x0000, 0x0000, 0x0000, 0x0000, 0x0000, 0x0000, 0x0000, 0x0000, 0x0000,
  0x0000, 0x0000, 0x0000, 0x0000, 0x0000, 0x0000, 0x0000, 0x0000, 0x0000, 0x0000, 0x0000, 0x0000,
  0x0000, 0x0000, 0x0000, 0x0000, 0x0000, 0x0000, 0x0000, 0x0000, 0x0000, 0x0000, 0x0000, 0x0000,
  0x0000, 0x0000, 0x0000, 0x0000, 0x0000, 0x0000, 0x0000, 0x0000, 0x0000, 0x0000, 0x0000, 0x0000,
  0x0000, 0x0000, 0x0000, 0x0000, 0x0000, 0x0000, 0x0000, 0x0000, 0x0000, 0x0000, 0x0000, 0x0000,
  0x0000, 0x0000, 0x0000, 0x0000, 0x0000, 0x0000, 0x0000, 0x0000, 0x0000, 0x0000, 0x0000, 0x0000,
  0x0000, 0x0000, 0x0000, 0x0000, 0x0000, 0x0000, 0x0000, 0x0000, 0x0000, 0x0000, 0x0000, 0x0000,
  0x0000, 0x0000, 0x0000, 0x0000, 0x0000, 0x0000, 0x0000, 0x0000, 0x0000, 0x0000, 0x0000, 0x0000,
  0x0000, 0x0000, 0x0000, 0x0000, 0x0000, 0x0000, 0x0000, 0x0000, 0x0000, 0x0000, 0x0000, 0x0000,
  0x0000, 0x0000, 0x0000, 0x0000, 0x0000, 0x0000, 0x0041, 0x08C4, 0x1968, 0x19EB, 0x226F, 0x2B33,
  0x3BD6, 0x3C38, 0x3C79, 0x3C9B, 0x4CFD, 0x4D1D, 0x44FD, 0x451D, 0x4D3E, 0x4D1D, 0x4CFD, 0x4D1D,
  0x4D1D, 0x44FD, 0x44FD, 0x4CFD, 0x4CFD, 0x44FD, 0x44DC, 0x3CBC, 0x3C7B, 0x3439, 0x33D6, 0x2B53,
  0x22B0, 0x1A0C, 0x1189, 0x08C5, 0x0041, 0x0000, 0x0000, 0x0000, 0x0000, 0x0000, 0x0000, 0x0000,
  0x0000, 0x0000, 0x0000, 0x0000, 0x0000, 0x0000, 0x0000, 0x0000, 0x0000, 0x0000, 0x0000, 0x0000,
  0x0000, 0x0000, 0x0000, 0x0000, 0x0000, 0x0000, 0x0000, 0x0000, 0x0000, 0x0000, 0x0000, 0x0000,
  0x0000, 0x0000, 0x0000, 0x0000, 0x0000, 0x0000, 0x0000, 0x0000, 0x0000, 0x0000, 0x0000, 0x0000,
  0x0000, 0x0000, 0x0000, 0x0000, 0x0000, 0x0000, 0x0000, 0x0000, 0x0000, 0x0000, 0x0000, 0x0000,
  0x0000, 0x0000, 0x0000, 0x0000, 0x0000, 0x0000, 0x0000, 0x0000, 0x0000, 0x0000, 0x0000, 0x0000,
  0x0000, 0x0000, 0x0000, 0x0000, 0x0000, 0x0000, 0x0000, 0x0000, 0x0000, 0x0000, 0x0000, 0x0000,
  0x0000, 0x0000, 0x0000, 0x0000, 0x0000, 0x0000, 0x0000, 0x0000, 0x0000, 0x0000, 0x0000, 0x0000,
  0x0000, 0x0000, 0x0000, 0x0000, 0x0000, 0x0000, 0x0000, 0x0000, 0x0000, 0x0000, 0x0000, 0x0000,
  0x0000, 0x0000, 0x0000, 0x0000, 0x0000, 0x0000, 0x0000, 0x0000, 0x0000, 0x0000, 0x0000, 0x0000,
  0x0000, 0x0000, 0x0000, 0x0000, 0x0000, 0x0000, 0x0000, 0x0000, 0x0000, 0x0000, 0x0000, 0x0000,
  0x0000, 0x0000, 0x0000, 0x0000, 0x0000, 0x0000, 0x0000, 0x0000, 0x0000, 0x0000, 0x0000, 0x0000,
  0x0000, 0x0000, 0x0000, 0x0000, 0x0000, 0x0000, 0x0000, 0x0000, 0x0000, 0x0000, 0x0000, 0x0000,
  0x0000, 0x0000, 0x0000, 0x0000, 0x0000, 0x0000, 0x0000, 0x0000, 0x0000, 0x0000, 0x0000, 0x0000,
  0x0000, 0x0000, 0x0000, 0x0000, 0x0000, 0x0000, 0x0000, 0x0000, 0x0000, 0x0000, 0x0000, 0x0000,
  0x0000, 0x0000, 0x0000, 0x0000, 0x0000, 0x0000, 0x0000, 0x0000, 0x0000, 0x0000, 0x0000, 0x0000,
  0x0000, 0x0000, 0x0000, 0x0000, 0x0000, 0x0000, 0x0000, 0x0000, 0x0000, 0x0000, 0x0000, 0x0000,
  0x0000, 0x0000, 0x0000, 0x0020, 0x0000, 0x0000, 0x0000, 0x0000, 0x0000, 0x0000, 0x0000, 0x0000,
  0x0000, 0x0000, 0x0000, 0x0041, 0x0883, 0x08C4, 0x10E5, 0x1106, 0x1147, 0x1988, 0x1989, 0x19A9,
  0x1989, 0x1988, 0x1168, 0x1126, 0x1105, 0x08C4, 0x0883, 0x0041, 0x0000, 0x0000, 0x0000, 0x0000,
  0x0000, 0x0000, 0x0000, 0x0000, 0x0000, 0x0000, 0x0000, 0x0000, 0x0000, 0x0000, 0x0000, 0x0000,
  0x0000, 0x0000, 0x0000, 0x0000, 0x0000, 0x0000, 0x0000, 0x0000, 0x0000, 0x0000, 0x0000, 0x0000,
  0x0000, 0x0000, 0x0000, 0x0000, 0x0000, 0x0000, 0x0000, 0x0000, 0x0000, 0x0000, 0x0000, 0x0000,
  0x0000, 0x0000, 0x0000, 0x0000, 0x0000, 0x0000, 0x0000, 0x0000, 0x0000, 0x0000, 0x0000, 0x0000,
  0x0000, 0x0000, 0x0000, 0x0000, 0x0000, 0x0000, 0x0000, 0x0000, 0x0000, 0x0000, 0x0000, 0x0000,
  0x0000, 0x0000, 0x0000, 0x0000, 0x0000, 0x0000, 0x0000, 0x0000, 0x0000, 0x0000, 0x0000, 0x0000,
  0x0000, 0x0000, 0x0000, 0x0000, 0x0000, 0x0000, 0x0000, 0x0000, 0x0000, 0x0000, 0x0000, 0x0000,
  0x0000, 0x0000, 0x0000, 0x0000, 0x0000, 0x0000, 0x0000, 0x0000, 0x0000, 0x0000, 0x0000, 0x0000,
  0x0000, 0x0000, 0x0000, 0x0000, 0x0000, 0x0000, 0x0000, 0x0000, 0x0000, 0x0000, 0x0000, 0x0000,
  0x0000, 0x0000, 0x0000, 0x0000, 0x0000, 0x0000, 0x0000, 0x0000, 0x0000, 0x0000, 0x0000, 0x0000,
  0x0000, 0x0000, 0x0000, 0x0000, 0x0000, 0x0000, 0x0000, 0x0000, 0x0000, 0x0000, 0x0000, 0x0000,
  0x0000, 0x0000, 0x0000, 0x0000, 0x0000, 0x0000, 0x0000, 0x0000, 0x0000, 0x0000, 0x0000, 0x0000,
  0x0000, 0x0000, 0x0000, 0x0000, 0x0000, 0x0000, 0x0000, 0x0000, 0x0000, 0x0000, 0x0000, 0x0000,
  0x0000, 0x0000, 0x0000, 0x0000, 0x0000, 0x0000, 0x0000, 0x0000, 0x0000, 0x0000, 0x0000, 0x0000,
  0x0000, 0x0000, 0x0000, 0x0000, 0x0000, 0x0000, 0x0000, 0x0000, 0x0000, 0x0000, 0x0000, 0x0000,
  0x0000, 0x0000, 0x0000, 0x0000, 0x0000, 0x0000, 0x0000, 0x0000, 0x0000, 0x0000, 0x0000, 0x0000,
  0x0000, 0x0000, 0x0000, 0x0000, 0x0000, 0x0000, 0x0000, 0x0000, 0x0000, 0x0000, 0x0000, 0x0000,
  0x0000, 0x0000, 0x0000, 0x0000, 0x0000, 0x0000, 0x0000, 0x0000, 0x0000, 0x0000, 0x0020, 0x0000,
  0x0000, 0x0000, 0x0000, 0x0000, 0x0000, 0x0000, 0x0000, 0x0000, 0x0000, 0x0000, 0x0000, 0x0000,
  0x0000, 0x0000, 0x0000, 0x0000, 0x0000, 0x0000, 0x0000, 0x0000, 0x0000, 0x0000, 0x0000, 0x0000,
  0x0000, 0x0000, 0x0000, 0x0000, 0x0000, 0x0000, 0x0000, 0x0000, 0x0000, 0x0000, 0x0000, 0x0000,
  0x0000, 0x0000, 0x0000, 0x0000, 0x0000, 0x0000, 0x0000, 0x0000, 0x0000, 0x0000, 0x0000, 0x0000,
  0x0000, 0x0000, 0x0000, 0x0000, 0x0000, 0x0000, 0x0000, 0x0000, 0x0000, 0x0000, 0x0000, 0x0000,
  0x0000, 0x0000, 0x0000, 0x0000, 0x0000, 0x0000, 0x0000, 0x0000, 0x0000, 0x0000, 0x0000, 0x0000,
  0x0000, 0x0000, 0x0000, 0x0000, 0x0000, 0x0000, 0x0000, 0x0000, 0x0000, 0x0000, 0x0000, 0x0000,
  0x0000, 0x0000, 0x0000, 0x0000, 0x0000, 0x0000, 0x0000, 0x0000, 0x0000, 0x0000, 0x0000, 0x0000,
  0x0000, 0x0000, 0x0000, 0x0000, 0x0000, 0x0000, 0x0000, 0x0000, 0x0000, 0x0000, 0x0000, 0x0000,
  0x0000, 0x0000, 0x0000, 0x0000, 0x0000, 0x0000, 0x0000, 0x0000, 0x0000, 0x0000, 0x0000, 0x0000,
  0x0000, 0x0000, 0x0000, 0x0000, 0x0000, 0x0000, 0x0000, 0x0000, 0x0000, 0x0000, 0x0000, 0x0000,
  0x0000, 0x0000, 0x0000, 0x0000, 0x0000, 0x0000, 0x0000, 0x0000, 0x0000, 0x0000, 0x0000, 0x0000,
  0x0000, 0x0000, 0x0000, 0x0000, 0x0000, 0x0000, 0x0000, 0x0000, 0x0000, 0x0000, 0x0000, 0x0000,
  0x0000, 0x0000, 0x0000, 0x0000, 0x0000, 0x0000, 0x0000, 0x0000, 0x0000, 0x0000, 0x0000, 0x0000,
  0x0000, 0x0000, 0x0000, 0x0000, 0x0000, 0x0000, 0x0000, 0x0000, 0x0000, 0x0000, 0x0000, 0x0000,
  0x0000, 0x0000, 0x0000, 0x0000, 0x0000, 0x0000, 0x0000, 0x0000, 0x0000, 0x0000, 0x0000, 0x0000,
  0x0000, 0x0000, 0x0000, 0x0000, 0x0000, 0x0000, 0x0000, 0x0000, 0x0000, 0x0000, 0x0000, 0x0000,
  0x0000, 0x0000, 0x0000, 0x0000, 0x0000, 0x0000, 0x0000, 0x0000, 0x0000, 0x0000, 0x0000, 0x0000,
  0x0000, 0x0000, 0x0000, 0x0000, 0x0000, 0x0000, 0x0000, 0x0000, 0x0000, 0x0000, 0x0000, 0x0000,
  0x0000, 0x0000, 0x0000, 0x0000, 0x0000, 0x0000, 0x0000, 0x0000, 0x0000, 0x0000, 0x0000, 0x0000,
  0x0000, 0x0000, 0x0000, 0x0000, 0x0000, 0x0000, 0x0000, 0x0000, 0x0000, 0x0000, 0x0000, 0x0000,
  0x0000, 0x0000, 0x0000, 0x0000, 0x0000, 0x0000, 0x0000, 0x0000, 0x0000, 0x0000, 0x0000, 0x0000,
  0x0000, 0x0000, 0x0000, 0x0000, 0x0000, 0x0000, 0x0000, 0x0000, 0x0000, 0x0000, 0x0000, 0x0000,
  0x0000, 0x0000, 0x0000, 0x0000, 0x0000, 0x0000, 0x0000, 0x0000, 0x0000, 0x0000, 0x0000, 0x0000,
  0x0000, 0x0000, 0x0000, 0x0000, 0x0000, 0x0000, 0x0000, 0x0000, 0x0000, 0x0000, 0x0000, 0x0000,
  0x0000, 0x0000, 0x0000, 0x0000, 0x0000, 0x0000, 0x0000, 0x0000, 0x0000, 0x0000, 0x0000, 0x0000,
  0x0000, 0x0000, 0x0000, 0x0000, 0x0000, 0x0000, 0x0000, 0x0000, 0x0000, 0x0000, 0x0000, 0x0000,
  0x0000, 0x0000, 0x0000, 0x0000, 0x0000, 0x0000, 0x0000, 0x0000, 0x0000, 0x0000, 0x0000, 0x0000,
  0x0000, 0x0000, 0x0000, 0x0000, 0x0000, 0x0000, 0x0000, 0x0000, 0x0000, 0x0000, 0x0000, 0x0000,
  0x0000, 0x0000, 0x0000, 0x0000, 0x0000, 0x0000, 0x0000, 0x0000, 0x0000, 0x0000, 0x0000, 0x0000,
  0x0000, 0x0000, 0x0000, 0x0000, 0x0000, 0x0000, 0x0000, 0x0000, 0x0000, 0x0000, 0x0000, 0x0000,

    
};
