

#define IMAGE_WIDTH 240
#define IMAGE_HEIGHT 240

const uint16_t medication_background_data[IMAGE_WIDTH * IMAGE_HEIGHT] PROGMEM = {

  0x0000, 0x0000, 0x0000, 0x0000, 0x0000, 0x0000, 0x0000, 0x0000, 0x0000, 0x0000, 0x0000, 0x0000,
  0x0000, 0x0000, 0x0000, 0x0000, 0x0000, 0x0000, 0x0000, 0x0000, 0x0000, 0x0000, 0x0000, 0x0000,
  0x0000, 0x0000, 0x0000, 0x0000, 0x0000, 0x0000, 0x0000, 0x0000, 0x0000, 0x0000, 0x0000, 0x0000,
  0x0000, 0x0000, 0x0000, 0x0000, 0x0000, 0x0000, 0x0000, 0x0000, 0x0000, 0x0000, 0x0000, 0x0000,
  0x0000, 0x0000, 0x0000, 0x0000, 0x0000, 0x0000, 0x0000, 0x0000, 0x0000, 0x0000, 0x0000, 0x0000,
  0x0000, 0x0000, 0x0000, 0x0000, 0x0000, 0x0000, 0x0000, 0x0000, 0x0000, 0x0000, 0x0000, 0x0000,
  0x0000, 0x0000, 0x0000, 0x0000, 0x0000, 0x0000, 0x0000, 0x0000, 0x0000, 0x0000, 0x0000, 0x0000,
  0x0000, 0x0000, 0x0000, 0x0000, 0x0000, 0x0000, 0x0020, 0x0000, 0x0000, 0x0000, 0x0000, 0x0000,
  0x0000, 0x0883, 0x1168, 0x224D, 0x2B12, 0x33B7, 0x3C5B, 0x44BD, 0x449C, 0x3C3A, 0x33D7, 0x2B34,
  0x2290, 0x224E, 0x220D, 0x222E, 0x2A2D, 0x322D, 0x3A4E, 0x29CC, 0x218B, 0x0084, 0x0022, 0x10E6,
  0x4A8F, 0x1928, 0x00A5, 0x4AB0, 0x9C9B, 0x52F3, 0x00A4, 0x29EF, 0x4B37, 0x2A4F, 0x4B97, 0x53FA,
  0x3BFA, 0x341A, 0x345B, 0x44DE, 0x445A, 0x2B96, 0x2B12, 0x1A2D, 0x0906, 0x0042, 0x0000, 0x0000,
  0x0000, 0x0000, 0x0000, 0x0000, 0x0000, 0x0000, 0x0000, 0x0000, 0x0000, 0x0000, 0x0000, 0x0000,
  0x0000, 0x0000, 0x0000, 0x0000, 0x0000, 0x0000, 0x0000, 0x0000, 0x0000, 0x0000, 0x0000, 0x0000,
  0x0000, 0x0000, 0x0000, 0x0000, 0x0000, 0x0000, 0x0000, 0x0000, 0x0000, 0x0000, 0x0000, 0x0000,
  0x0000, 0x0000, 0x0000, 0x0000, 0x0000, 0x0000, 0x0000, 0x0000, 0x0000, 0x0000, 0x0000, 0x0000,
  0x0000, 0x0000, 0x0000, 0x0000, 0x0000, 0x0000, 0x0000, 0x0000, 0x0000, 0x0000, 0x0000, 0x0000,
  0x0000, 0x0000, 0x0000, 0x0000, 0x0000, 0x0000, 0x0000, 0x0000, 0x0000, 0x0000, 0x0000, 0x0000,
  0x0000, 0x0000, 0x0000, 0x0000, 0x0000, 0x0000, 0x0000, 0x0000, 0x0000, 0x0000, 0x0000, 0x0000,
  0x0000, 0x0000, 0x0000, 0x0000, 0x0000, 0x0000, 0x0000, 0x0000, 0x0000, 0x0000, 0x0000, 0x0000,
  0x0000, 0x0000, 0x0000, 0x0000, 0x0000, 0x0000, 0x0000, 0x0000, 0x0000, 0x0000, 0x0000, 0x0000,
  0x0000, 0x0000, 0x0000, 0x0000, 0x0000, 0x0000, 0x0000, 0x0000, 0x0000, 0x0000, 0x0000, 0x0000,
  0x0000, 0x0000, 0x0000, 0x0000, 0x0000, 0x0000, 0x0000, 0x0000, 0x0000, 0x0000, 0x0000, 0x0000,
  0x0000, 0x0000, 0x0000, 0x0000, 0x0000, 0x0000, 0x0000, 0x0000, 0x0000, 0x0000, 0x0000, 0x0000,
  0x0000, 0x0000, 0x0000, 0x0000, 0x0000, 0x0000, 0x0000, 0x0000, 0x0000, 0x0000, 0x0000, 0x0000,
  0x0000, 0x0000, 0x0000, 0x0000, 0x0000, 0x0000, 0x0000, 0x0000, 0x0000, 0x0000, 0x0000, 0x0000,
  0x0000, 0x0000, 0x0000, 0x0000, 0x0000, 0x0000, 0x0000, 0x0000, 0x0000, 0x0000, 0x0000, 0x0000,
  0x0000, 0x0000, 0x0000, 0x0000, 0x0000, 0x0000, 0x0000, 0x0000, 0x0062, 0x1148, 0x226F, 0x3375,
  0x3C38, 0x3C5A, 0x3C5A, 0x3BF8, 0x3375, 0x2AF2, 0x224E, 0x19AA, 0x1148, 0x1107, 0x08C6, 0x08A5,
  0x0084, 0x0084, 0x10E6, 0x1948, 0x1107, 0x08A5, 0x0042, 0x0022, 0x0022, 0x0063, 0x31CB, 0x6B52,
  0x3A2D, 0x1107, 0x2169, 0x422E, 0x8C3B, 0x6B78, 0x10E8, 0x110A, 0x31F2, 0x18E8, 0x10A4, 0x10C6,
  0x10E7, 0x18E6, 0x6331, 0xA57C, 0xA5BE, 0x4BD9, 0x2B56, 0x54DD, 0x4CFF, 0x345B, 0x33F8, 0x2B53,
  0x1A2D, 0x0906, 0x0041, 0x0000, 0x0000, 0x0000, 0x0000, 0x0000, 0x0020, 0x0000, 0x0000, 0x0000,
  0x0000, 0x0000, 0x0000, 0x0000, 0x0000, 0x0000, 0x0000, 0x0000, 0x0000, 0x0000, 0x0000, 0x0000,
  0x0000, 0x0000, 0x0000, 0x0000, 0x0000, 0x0000, 0x0000, 0x0000, 0x0000, 0x0000, 0x0000, 0x0000,
  0x0000, 0x0000, 0x0000, 0x0000, 0x0000, 0x0000, 0x0000, 0x0000, 0x0000, 0x0000, 0x0000, 0x0000,
  0x0000, 0x0000, 0x0000, 0x0000, 0x0000, 0x0000, 0x0000, 0x0000, 0x0000, 0x0000, 0x0000, 0x0000,
  0x0000, 0x0000, 0x0000, 0x0000, 0x0000, 0x0000, 0x0000, 0x0000, 0x0000, 0x0000, 0x0000, 0x0000,
  0x0000, 0x0000, 0x0000, 0x0000, 0x0000, 0x0000, 0x0000, 0x0000, 0x0000, 0x0000, 0x0000, 0x0000,
  0x0000, 0x0000, 0x0000, 0x0000, 0x0000, 0x0000, 0x0000, 0x0000, 0x0000, 0x0000, 0x0000, 0x0000,
  0x0000, 0x0000, 0x0000, 0x0000, 0x0000, 0x0000, 0x0000, 0x0000, 0x0000, 0x0000, 0x0000, 0x0000,
  0x0000, 0x0000, 0x0000, 0x0000, 0x0000, 0x0000, 0x0000, 0x0000, 0x0000, 0x0000, 0x0000, 0x0000,
  0x0000, 0x0000, 0x0000, 0x0000, 0x0000, 0x0000, 0x0000, 0x0000, 0x0000, 0x0000, 0x0000, 0x0000,
  0x0000, 0x0000, 0x0000, 0x0000, 0x0000, 0x0000, 0x0000, 0x0000, 0x0000, 0x0000, 0x0000, 0x0000,
  0x0000, 0x0000, 0x0000, 0x0000, 0x0000, 0x0000, 0x0000, 0x0000, 0x0000, 0x0000, 0x0000, 0x0000,
  0x0000, 0x0000, 0x0000, 0x0000, 0x0000, 0x0000, 0x0000, 0x0000, 0x0000, 0x0000, 0x0000, 0x0000,
  0x0000, 0x0000, 0x0000, 0x0000, 0x0000, 0x0000, 0x0000, 0x0000, 0x0000, 0x0000, 0x0000, 0x0000,
  0x0000, 0x0000, 0x0000, 0x0000, 0x0063, 0x1189, 0x22D1, 0x33F8, 0x449B, 0x3C7B, 0x3BB7, 0x2AF2,
  0x1A0D, 0x1149, 0x1127, 0x1107, 0x1106, 0x1106, 0x08E6, 0x08E6, 0x10E6, 0x1107, 0x1127, 0x08E6,
  0x08A5, 0x08C6, 0x1128, 0x1148, 0x00A5, 0x0042, 0x0021, 0x0042, 0x2969, 0x6B54, 0x9CBA, 0x9498,
  0x3A2E, 0x428F, 0x8C37, 0x6334, 0x6B59, 0x739A, 0x4293, 0x112A, 0x08A5, 0x0000, 0x0000, 0x0001,
  0x39EB, 0x9457, 0xBD5C, 0xB53B, 0x528E, 0x218B, 0x7BB2, 0xA4D8, 0xB53C, 0xA55D, 0x4358, 0x3357,
  0x3BD8, 0x4CDE, 0x447C, 0x33B7, 0x2290, 0x0947, 0x0042, 0x0000, 0x0000, 0x0000, 0x0000, 0x0000,
  0x0000, 0x0000, 0x0000, 0x0000, 0x0000, 0x0000, 0x0000, 0x0000, 0x0000, 0x0000, 0x0000, 0x0000,
  0x0000, 0x0000, 0x0000, 0x0000, 0x0000, 0x0000, 0x0000, 0x0000, 0x0000, 0x0000, 0x0000, 0x0000,
  0x0000, 0x0000, 0x0000, 0x0000, 0x0000, 0x0000, 0x0000, 0x0000, 0x0000, 0x0000, 0x0000, 0x0000,
  0x0000, 0x0000, 0x0000, 0x0000, 0x0000, 0x0000, 0x0000, 0x0000, 0x0000, 0x0000, 0x0000, 0x0000,
  0x0000, 0x0000, 0x0000, 0x0000, 0x0000, 0x0000, 0x0000, 0x0000, 0x0000, 0x0000, 0x0000, 0x0000,
  0x0000, 0x0000, 0x0000, 0x0000, 0x0000, 0x0000, 0x0000, 0x0000, 0x0000, 0x0000, 0x0000, 0x0000,
  0x0000, 0x0000, 0x0000, 0x0000, 0x0000, 0x0000, 0x0000, 0x0000, 0x0000, 0x0000, 0x0000, 0x0000,
  0x0000, 0x0000, 0x0000, 0x0000, 0x0000, 0x0000, 0x0000, 0x0000, 0x0000, 0x0000, 0x0000, 0x0000,
  0x0000, 0x0000, 0x0000, 0x0000, 0x0000, 0x0000, 0x0000, 0x0000, 0x0000, 0x0000, 0x0000, 0x0000,
  0x0000, 0x0000, 0x0000, 0x0000, 0x0000, 0x0000, 0x0000, 0x0000, 0x0000, 0x0000, 0x0000, 0x0000,
  0x0000, 0x0000, 0x0000, 0x0000, 0x0000, 0x0000, 0x0000, 0x0000, 0x0000, 0x0000, 0x0000, 0x0000,
  0x0000, 0x0000, 0x0000, 0x0000, 0x0000, 0x0000, 0x0000, 0x0000, 0x0000, 0x0000, 0x0000, 0x0000,
  0x0000, 0x0000, 0x0000, 0x0000, 0x0000, 0x0000, 0x0000, 0x0000, 0x0000, 0x0000, 0x0000, 0x0000,
  0x0000, 0x0000, 0x0000, 0x0000, 0x0000, 0x0000, 0x0000, 0x0000, 0x0000, 0x0000, 0x0000, 0x0000,
  0x0000, 0x0926, 0x1A6F, 0x2BB7, 0x3C7B, 0x3C5B, 0x3BB7, 0x2AF1, 0x220C, 0x2189, 0x1106, 0x08A5,
  0x0084, 0x08C6, 0x1128, 0x1969, 0x1989, 0x1948, 0x1107, 0x08E6, 0x08E6, 0x1107, 0x1128, 0x08E6,
  0x00A4, 0x08C5, 0x1127, 0x1128, 0x00A5, 0x0022, 0x08A5, 0x4A90, 0x73D7, 0x6355, 0x83F7, 0x9CD9,
  0x73B3, 0x8C37, 0xA4FC, 0x31EC, 0x29CE, 0x633A, 0x6358, 0x10E6, 0x0000, 0x0000, 0x0000, 0x52CF,
  0xA4DB, 0xA4DC, 0xAD1C, 0x8416, 0x52CE, 0x52F0, 0xD65C, 0xCDFC, 0xB51A, 0xACFC, 0x4232, 0x0023,
  0x0864, 0x7BF9, 0x9D1D, 0x4375, 0x3377, 0x4CFF, 0x449C, 0x2BB6, 0x124E, 0x08E5, 0x0000, 0x0000,
  0x0000, 0x0000, 0x0000, 0x0000, 0x0000, 0x0000, 0x0000, 0x0000, 0x0000, 0x0000, 0x0000, 0x0000,
  0x0000, 0x0000, 0x0000, 0x0000, 0x0000, 0x0000, 0x0000, 0x0000, 0x0000, 0x0000, 0x0000, 0x0000,
  0x0000, 0x0000, 0x0000, 0x0000, 0x0000, 0x0000, 0x0000, 0x0000, 0x0000, 0x0000, 0x0000, 0x0000,
  0x0000, 0x0000, 0x0000, 0x0000, 0x0000, 0x0000, 0x0000, 0x0000, 0x0000, 0x0000, 0x0000, 0x0000,
  0x0000, 0x0000, 0x0000, 0x0000, 0x0000, 0x0000, 0x0000, 0x0000, 0x0000, 0x0000, 0x0000, 0x0000,
  0x0000, 0x0000, 0x0000, 0x0000, 0x0000, 0x0000, 0x0000, 0x0000, 0x0000, 0x0000, 0x0000, 0x0000,
  0x0000, 0x0000, 0x0000, 0x0000, 0x0000, 0x0000, 0x0000, 0x0000, 0x0000, 0x0000, 0x0000, 0x0000,
  0x0000, 0x0000, 0x0000, 0x0000, 0x0000, 0x0000, 0x0000, 0x0000, 0x0000, 0x0000, 0x0000, 0x0000,
  0x0000, 0x0000, 0x0000, 0x0000, 0x0000, 0x0000, 0x0000, 0x0000, 0x0000, 0x0000, 0x0000, 0x0000,
  0x0000, 0x0000, 0x0000, 0x0000, 0x0000, 0x0000, 0x0000, 0x0000, 0x0000, 0x0000, 0x0000, 0x0000,
  0x0000, 0x0000, 0x0000, 0x0000, 0x0000, 0x0000, 0x0000, 0x0000, 0x0000, 0x0000, 0x0000, 0x0000,
  0x0000, 0x0000, 0x0000, 0x0000, 0x0000, 0x0000, 0x0000, 0x0000, 0x0000, 0x0000, 0x0000, 0x0000,
  0x0000, 0x0000, 0x0000, 0x0000, 0x0000, 0x0000, 0x0000, 0x0000, 0x0000, 0x0000, 0x0000, 0x0000,
  0x0000, 0x0000, 0x0000, 0x0000, 0x0000, 0x0000, 0x0000, 0x0000, 0x0000, 0x0021, 0x0948, 0x22D1,
  0x3C5A, 0x4CFD, 0x4C9C, 0x4BD6, 0x3A8F, 0x21CA, 0x1968, 0x1968, 0x2189, 0x21AA, 0x1989, 0x1148,
  0x08E7, 0x08E7, 0x1128, 0x1969, 0x1989, 0x1948, 0x0906, 0x08C5, 0x08C6, 0x1107, 0x1127, 0x08E6,
  0x0084, 0x00A5, 0x1107, 0x1107, 0x0084, 0x1928, 0x4AB1, 0x4AB1, 0x216A, 0x426E, 0x9CB9, 0xAD1B,
  0x9479, 0x9C9B, 0x8C39, 0x10E6, 0x0022, 0x3A32, 0x5B1A, 0x1909, 0x0000, 0x0021, 0x52B0, 0xA4DB,
  0x947B, 0xA4DC, 0x6311, 0x7BD3, 0xBD9D, 0xA4F9, 0xCDFB, 0xC5DB, 0xB53B, 0x9CDD, 0x4273, 0x0000,
  0x216B, 0x8C5C, 0x7BF6, 0x4A50, 0x52B6, 0x7C1C, 0x951D, 0x8D7E, 0x6D5F, 0x551F, 0x3439, 0x1AB1,
  0x0927, 0x0020, 0x0000, 0x0000, 0x0000, 0x0000, 0x0000, 0x0000, 0x0000, 0x0000, 0x0000, 0x0000,
  0x0000, 0x0000, 0x0000, 0x0000, 0x0000, 0x0000, 0x0000, 0x0000, 0x0000, 0x0000, 0x0000, 0x0000,
  0x0000, 0x0000, 0x0000, 0x0000, 0x0000, 0x0000, 0x0000, 0x0000, 0x0000, 0x0000, 0x0000, 0x0000,
  0x0000, 0x0000, 0x0000, 0x0000, 0x0000, 0x0000, 0x0000, 0x0000, 0x0000, 0x0000, 0x0000, 0x0000,
  0x0000, 0x0000, 0x0000, 0x0000, 0x0000, 0x0000, 0x0000, 0x0000, 0x0000, 0x0000, 0x0000, 0x0000,
  0x0000, 0x0000, 0x0000, 0x0000, 0x0000, 0x0000, 0x0000, 0x0000, 0x0000, 0x0000, 0x0000, 0x0000,
  0x0000, 0x0000, 0x0000, 0x0000, 0x0000, 0x0000, 0x0000, 0x0000, 0x0000, 0x0000, 0x0000, 0x0000,
  0x0000, 0x0000, 0x0000, 0x0000, 0x0000, 0x0000, 0x0000, 0x0000, 0x0000, 0x0000, 0x0000, 0x0000,
  0x0000, 0x0000, 0x0000, 0x0000, 0x0000, 0x0000, 0x0000, 0x0000, 0x0000, 0x0000, 0x0000, 0x0000,
  0x0000, 0x0000, 0x0000, 0x0000, 0x0000, 0x0000, 0x0000, 0x0000, 0x0000, 0x0000, 0x0000, 0x0000,
  0x0000, 0x0000, 0x0000, 0x0000, 0x0000, 0x0000, 0x0000, 0x0000, 0x0000, 0x0000, 0x0000, 0x0000,
  0x0000, 0x0000, 0x0000, 0x0000, 0x0000, 0x0000, 0x0000, 0x0000, 0x0000, 0x0000, 0x0000, 0x0000,
  0x0000, 0x0000, 0x0000, 0x0000, 0x0000, 0x0000, 0x0000, 0x0000, 0x0000, 0x0000, 0x0000, 0x0000,
  0x0000, 0x0000, 0x0000, 0x0000, 0x0000, 0x0000, 0x0000, 0x0948, 0x22F2, 0x3C5A, 0x54FE, 0x64DD,
  0x6417, 0x5312, 0x4ACF, 0x428E, 0x2A0C, 0x21CA, 0x21AA, 0x21AA, 0x19AA, 0x21AA, 0x21AA, 0x1969,
  0x1127, 0x1127, 0x1148, 0x1969, 0x2189, 0x1948, 0x08C6, 0x0084, 0x00A5, 0x1107, 0x1128, 0x08C6,
  0x0063, 0x0084, 0x1107, 0x1107, 0x218B, 0x3A2F, 0x216A, 0x0043, 0x2168, 0x8C58, 0xACFC, 0x7396,
  0x5B14, 0x945B, 0x6B57, 0x0884, 0x0000, 0x0884, 0x4276, 0x216D, 0x0021, 0x52B0, 0x947B, 0x7BDA,
  0x841B, 0x4A6E, 0x3188, 0xB53A, 0xA4BB, 0xB55B, 0xC5DC, 0xC59B, 0xB53B, 0x9CBC, 0x52F5, 0x0021,
  0x5AF3, 0x73D8, 0x73B6, 0x5317, 0x3A56, 0x4273, 0x6355, 0xACFB, 0xB51C, 0x6355, 0x2250, 0x64FD,
  0x551F, 0x341A, 0x1AD1, 0x0947, 0x0000, 0x0000, 0x0000, 0x0000, 0x0000, 0x0000, 0x0000, 0x0000,
  0x0000, 0x0000, 0x0000, 0x0000, 0x0000, 0x0000, 0x0000, 0x0000, 0x0000, 0x0000, 0x0000, 0x0000,
  0x0000, 0x0000, 0x0000, 0x0000, 0x0000, 0x0000, 0x0000, 0x0000, 0x0000, 0x0000, 0x0000, 0x0000,
  0x0000, 0x0000, 0x0000, 0x0000, 0x0000, 0x0000, 0x0000, 0x0000, 0x0000, 0x0000, 0x0000, 0x0000,
  0x0000, 0x0000, 0x0000, 0x0000, 0x0000, 0x0000, 0x0000, 0x0000, 0x0000, 0x0000, 0x0000, 0x0000,
  0x0000, 0x0000, 0x0000, 0x0000, 0x0000, 0x0000, 0x0000, 0x0000, 0x0000, 0x0000, 0x0000, 0x0000,
  0x0000, 0x0000, 0x0000, 0x0000, 0x0000, 0x0000, 0x0000, 0x0000, 0x0000, 0x0000, 0x0000, 0x0000,
  0x0000, 0x0000, 0x0000, 0x0000, 0x0000, 0x0000, 0x0000, 0x0000, 0x0000, 0x0000, 0x0000, 0x0000,
  0x0000, 0x0000, 0x0000, 0x0000, 0x0000, 0x0000, 0x0000, 0x0000, 0x0000, 0x0000, 0x0000, 0x0000,
  0x0000, 0x0000, 0x0000, 0x0000, 0x0000, 0x0000, 0x0000, 0x0000, 0x0000, 0x0000, 0x0000, 0x0000,
  0x0000, 0x0000, 0x0000, 0x0000, 0x0000, 0x0000, 0x0000, 0x0000, 0x0000, 0x0000, 0x0000, 0x0000,
  0x0000, 0x0000, 0x0000, 0x0000, 0x0000, 0x0000, 0x0000, 0x0000, 0x0000, 0x0000, 0x0000, 0x0000,
  0x0000, 0x0000, 0x0000, 0x0000, 0x0000, 0x0000, 0x0000, 0x0000, 0x0000, 0x0000, 0x0000, 0x0000,
  0x0000, 0x0000, 0x0000, 0x0000, 0x08E5, 0x22B0, 0x3C5A, 0x4CFE, 0x64BC, 0x7459, 0x73D5, 0x6B73,
  0x6B73, 0x6353, 0x4B11, 0x3A8E, 0x2A0B, 0x21CA, 0x21AA, 0x21AA, 0x21AA, 0x21AA, 0x21AA, 0x2189,
  0x1969, 0x1948, 0x1148, 0x1969, 0x1989, 0x1128, 0x00A5, 0x0063, 0x0084, 0x0907, 0x1127, 0x00A5,
  0x0063, 0x00A5, 0x1127, 0x218B, 0x196A, 0x08C5, 0x0043, 0x10E6, 0x6B75, 0x9C7B, 0x8C3A, 0x31EC,
  0x4A90, 0x83FC, 0x4A95, 0x0042, 0x0000, 0x0000, 0x1907, 0x3A31, 0x426F, 0x841A, 0x841B, 0x6BBA,
  0x298B, 0x0000, 0x8C35, 0xB57C, 0x9C9A, 0xB55B, 0xBD9B, 0xBD5B, 0xAD1B, 0x6B9B, 0x52D6, 0x29AB,
  0x52F3, 0x0863, 0x31CD, 0x214B, 0x0000, 0x08C6, 0x73D7, 0x9CDC, 0x52D2, 0x0085, 0x114A, 0x6352,
  0xA4FB, 0x953E, 0x6D1F, 0x44DE, 0x3459, 0x1A8F, 0x08C4, 0x0000, 0x0000, 0x0000, 0x0000, 0x0000,
  0x0000, 0x0000, 0x0000, 0x0000, 0x0000, 0x0000, 0x0000, 0x0000, 0x0000, 0x0000, 0x0000, 0x0000,
  0x0000, 0x0000, 0x0000, 0x0000, 0x0000, 0x0000, 0x0000, 0x0000, 0x0000, 0x0000, 0x0000, 0x0000,
  0x0000, 0x0000, 0x0000, 0x0000, 0x0000, 0x0000, 0x0000, 0x0000, 0x0000, 0x0000, 0x0000, 0x0000,
  0x0000, 0x0000, 0x0000, 0x0000, 0x0000, 0x0000, 0x0000, 0x0000, 0x0000, 0x0000, 0x0000, 0x0000,
  0x0000, 0x0000, 0x0000, 0x0000, 0x0000, 0x0000, 0x0000, 0x0000, 0x0000, 0x0000, 0x0000, 0x0000,
  0x0000, 0x0000, 0x0000, 0x0000, 0x0000, 0x0000, 0x0000, 0x0000, 0x0000, 0x0000, 0x0000, 0x0000,
  0x0000, 0x0000, 0x0000, 0x0000, 0x0000, 0x0000, 0x0000, 0x0000, 0x0000, 0x0000, 0x0000, 0x0000,
  0x0000, 0x0000, 0x0000, 0x0000, 0x0000, 0x0000, 0x0000, 0x0000, 0x0000, 0x0000, 0x0000, 0x0000,
  0x0000, 0x0000, 0x0000, 0x0000, 0x0000, 0x0000, 0x0000, 0x0000, 0x0000, 0x0000, 0x0000, 0x0000,
  0x0000, 0x0000, 0x0000, 0x0000, 0x0000, 0x0000, 0x0000, 0x0000, 0x0000, 0x0000, 0x0000, 0x0000,
  0x0000, 0x0000, 0x0000, 0x0000, 0x0000, 0x0000, 0x0000, 0x0000, 0x0000, 0x0000, 0x0000, 0x0000,
  0x0000, 0x0000, 0x0000, 0x0000, 0x0000, 0x0000, 0x0000, 0x0000, 0x0000, 0x0000, 0x0000, 0x0000,
  0x0000, 0x0021, 0x19CB, 0x33F7, 0x44FD, 0x4C9A, 0x5BF6, 0x6374, 0x6B73, 0x73B4, 0x5331, 0x42CF,
  0x5331, 0x6353, 0x5B53, 0x4AF1, 0x3A6D, 0x29EB, 0x21CA, 0x21CA, 0x21CA, 0x21CA, 0x21CA, 0x21AA,
  0x2189, 0x1989, 0x1969, 0x1989, 0x1989, 0x1127, 0x00A5, 0x0063, 0x0084, 0x08E6, 0x08E6, 0x0084,
  0x0084, 0x1107, 0x1949, 0x1107, 0x00A4, 0x0084, 0x08A5, 0x4A91, 0x83FA, 0x83FB, 0x52F3, 0x00A4,
  0x3A30, 0x635C, 0x3A11, 0x0021, 0x0000, 0x0021, 0x08C6, 0x3A2F, 0x7397, 0x841B, 0x73B9, 0x2169,
  0x0000, 0x39CA, 0xA4FC, 0x9CBA, 0x949B, 0xA4FB, 0xA4FB, 0xA4DB, 0x8C3B, 0x4AD9, 0x5B19, 0x52D3,
  0x0884, 0x0000, 0x10C7, 0x1108, 0x0022, 0x5B56, 0xB55D, 0x9CD9, 0x31EA, 0x198B, 0x322E, 0x52B0,
  0x9CBC, 0x73D6, 0x7398, 0x4294, 0x32F5, 0x54DF, 0x44FE, 0x33D7, 0x11CA, 0x0041, 0x0000, 0x0000,
  0x0000, 0x0000, 0x0000, 0x0000, 0x0000, 0x0000, 0x0000, 0x0000, 0x0000, 0x0000, 0x0000, 0x0000,
  0x0000, 0x0000, 0x0000, 0x0000, 0x0000, 0x0000, 0x0000, 0x0000, 0x0000, 0x0000, 0x0000, 0x0000,
  0x0000, 0x0000, 0x0000, 0x0000, 0x0000, 0x0000, 0x0000, 0x0000, 0x0000, 0x0000, 0x0000, 0x0000,
  0x0000, 0x0000, 0x0000, 0x0000, 0x0000, 0x0000, 0x0000, 0x0000, 0x0000, 0x0000, 0x0000, 0x0000,
  0x0000, 0x0000, 0x0000, 0x0000, 0x0000, 0x0000, 0x0000, 0x0000, 0x0000, 0x0000, 0x0000, 0x0000,
  0x0000, 0x0000, 0x0000, 0x0000, 0x0000, 0x0000, 0x0000, 0x0000, 0x0000, 0x0000, 0x0000, 0x0000,
  0x0000, 0x0000, 0x0000, 0x0000, 0x0000, 0x0000, 0x0000, 0x0000, 0x0000, 0x0000, 0x0000, 0x0000,
  0x0000, 0x0000, 0x0000, 0x0000, 0x0000, 0x0000, 0x0000, 0x0000, 0x0000, 0x0000, 0x0000, 0x0000,
  0x0000, 0x0000, 0x0000, 0x0000, 0x0000, 0x0000, 0x0000, 0x0000, 0x0000, 0x0000, 0x0000, 0x0000,
  0x0000, 0x0000, 0x0000, 0x0000, 0x0000, 0x0000, 0x0000, 0x0000, 0x0000, 0x0000, 0x0000, 0x0000,
  0x0000, 0x0000, 0x0000, 0x0000, 0x0000, 0x0000, 0x0000, 0x0000, 0x0000, 0x0000, 0x0000, 0x0000,
  0x0000, 0x0000, 0x0000, 0x0000, 0x0000, 0x0000, 0x0000, 0x0000, 0x0000, 0x0000, 0x0000, 0x08A4,
  0x22D0, 0x449B, 0x4CDD, 0x4BF6, 0x42F0, 0x428D, 0x5B11, 0x5B32, 0x5B53, 0x5B53, 0x3A8E, 0x324C,
  0x3A6D, 0x42AF, 0x5311, 0x5B32, 0x4AF0, 0x3A4D, 0x2A0B, 0x29EB, 0x21CA, 0x21CA, 0x21CA, 0x21AA,
  0x21A9, 0x21A9, 0x1989, 0x1968, 0x1969, 0x1127, 0x08C5, 0x0084, 0x00A5, 0x08E6, 0x0907, 0x08A5,
  0x08C6, 0x1107, 0x1107, 0x08C6, 0x08C5, 0x0084, 0x218A, 0x6B79, 0x739A, 0x6338, 0x1928, 0x0042,
  0x31CF, 0x52DA, 0x214B, 0x0000, 0x0021, 0x0043, 0x0000, 0x318A, 0x841C, 0x73BA, 0x218B, 0x0000,
  0x0841, 0x7375, 0x945A, 0x949B, 0x7395, 0x6B54, 0x9CBC, 0x8C3A, 0x6B7A, 0x52FA, 0x6B9B, 0x29AC,
  0x0000, 0x0021, 0x0001, 0x218B, 0x6355, 0x9CBC, 0xBD7C, 0xB57B, 0x3AB0, 0x29EC, 0xAD39, 0xA51A,
  0x8C5C, 0x31ED, 0x198D, 0x4AD7, 0x4A75, 0x83DB, 0x5B56, 0x2B14, 0x551F, 0x3C9B, 0x22D1, 0x08C4,
  0x0000, 0x0000, 0x0000, 0x0000, 0x0000, 0x0000, 0x0000, 0x0000, 0x0000, 0x0000, 0x0000, 0x0000,
  0x0000, 0x0000, 0x0000, 0x0000, 0x0000, 0x0000, 0x0000, 0x0000, 0x0000, 0x0000, 0x0000, 0x0000,
  0x0000, 0x0000, 0x0000, 0x0000, 0x0000, 0x0000, 0x0000, 0x0000, 0x0000, 0x0000, 0x0000, 0x0000,
  0x0000, 0x0000, 0x0000, 0x0000, 0x0000, 0x0000, 0x0000, 0x0000, 0x0000, 0x0000, 0x0000, 0x0000,
  0x0000, 0x0000, 0x0000, 0x0000, 0x0000, 0x0000, 0x0000, 0x0000, 0x0000, 0x0000, 0x0000, 0x0000,
  0x0000, 0x0000, 0x0000, 0x0000, 0x0000, 0x0000, 0x0000, 0x0000, 0x0000, 0x0000, 0x0000, 0x0000,
  0x0000, 0x0000, 0x0000, 0x0000, 0x0000, 0x0000, 0x0000, 0x0000, 0x0000, 0x0000, 0x0000, 0x0000,
  0x0000, 0x0000, 0x0000, 0x0000, 0x0000, 0x0000, 0x0000, 0x0000, 0x0000, 0x0000, 0x0000, 0x0000,
  0x0000, 0x0000, 0x0000, 0x0000, 0x0000, 0x0000, 0x0000, 0x0000, 0x0000, 0x0000, 0x0000, 0x0000,
  0x0000, 0x0000, 0x0000, 0x0000, 0x0000, 0x0000, 0x0000, 0x0000, 0x0000, 0x0000, 0x0000, 0x0000,
  0x0000, 0x0000, 0x0000, 0x0000, 0x0000, 0x0000, 0x0000, 0x0000, 0x0000, 0x0000, 0x0000, 0x0000,
  0x0000, 0x0000, 0x0000, 0x0000, 0x0000, 0x0000, 0x0000, 0x0000, 0x0000, 0x1127, 0x3374, 0x44DD,
  0x4CBB, 0x53D5, 0x4AEF, 0x4AEF, 0x6BD2, 0x63B3, 0x5B32, 0x4AF1, 0x5B32, 0x4AF1, 0x324D, 0x322C,
  0x322C, 0x324C, 0x3A6D, 0x42AF, 0x4AF0, 0x42AE, 0x322C, 0x29EB, 0x29EA, 0x29CA, 0x29CA, 0x21CA,
  0x21AA, 0x21A9, 0x2189, 0x1989, 0x1989, 0x1148, 0x0907, 0x0907, 0x0907, 0x1127, 0x1127, 0x0907,
  0x1107, 0x1127, 0x1107, 0x08E6, 0x08A5, 0x08A5, 0x4273, 0x635B, 0x635A, 0x31EF, 0x0083, 0x0063,
  0x29AE, 0x4AB8, 0x0885, 0x0000, 0x0001, 0x0000, 0x0021, 0x6B57, 0x5293, 0x1109, 0x0085, 0x0000,
  0x2968, 0x8C3A, 0x8C19, 0x8C3B, 0x39EB, 0x528F, 0x947C, 0x841B, 0x4AD5, 0x3A12, 0x5B3C, 0x214B,
  0x0000, 0x0000, 0x2129, 0x73D9, 0x949C, 0x9CDB, 0xBD9D, 0x4AD2, 0x3230, 0x6B93, 0xC5FB, 0xCE1D,
  0x949B, 0x218A, 0x0022, 0x3211, 0x6B9B, 0x6BB9, 0x196B, 0x1148, 0x7399, 0x539A, 0x33B8, 0x3CBC,
  0x33B5, 0x1168, 0x0000, 0x0000, 0x0000, 0x0000, 0x0000, 0x0000, 0x0000, 0x0000, 0x0000, 0x0000,
  0x0000, 0x0000, 0x0000, 0x0000, 0x0000, 0x0000, 0x0000, 0x0000, 0x0000, 0x0000, 0x0000, 0x0000,
  0x0000, 0x0000, 0x0000, 0x0000, 0x0000, 0x0000, 0x0000, 0x0000, 0x0000, 0x0000, 0x0000, 0x0000,
  0x0000, 0x0000, 0x0000, 0x0000, 0x0000, 0x0000, 0x0000, 0x0000, 0x0000, 0x0000, 0x0000, 0x0000,
  0x0000, 0x0000, 0x0000, 0x0000, 0x0000, 0x0000, 0x0000, 0x0000, 0x0000, 0x0000, 0x0000, 0x0000,
  0x0000, 0x0000, 0x0000, 0x0000, 0x0000, 0x0000, 0x0000, 0x0000, 0x0000, 0x0000, 0x0000, 0x0000,
  0x0000, 0x0000, 0x0000, 0x0000, 0x0000, 0x0000, 0x0000, 0x0000, 0x0000, 0x0000, 0x0000, 0x0000,
  0x0000, 0x0000, 0x0000, 0x0000, 0x0000, 0x0000, 0x0000, 0x0000, 0x0000, 0x0000, 0x0000, 0x0000,
  0x0000, 0x0000, 0x0000, 0x0000, 0x0000, 0x0000, 0x0000, 0x0000, 0x0000, 0x0000, 0x0000, 0x0000,
  0x0000, 0x0000, 0x0000, 0x0000, 0x0000, 0x0000, 0x0000, 0x0000, 0x0000, 0x0000, 0x0000, 0x0000,
  0x0000, 0x0000, 0x0000, 0x0000, 0x0000, 0x0000, 0x0000, 0x0000, 0x0000, 0x0000, 0x0000, 0x0000,
  0x0000, 0x0000, 0x0000, 0x0000, 0x0000, 0x0000, 0x0000, 0x1168, 0x33F7, 0x4D3D, 0x4438, 0x3AD0,
  0x4ACE, 0x5330, 0x5371, 0x7434, 0xADBA, 0x8CF8, 0x4B11, 0x42AF, 0x5311, 0x4AD0, 0x324D, 0x322C,
  0x322C, 0x322C, 0x322C, 0x324C, 0x3A8E, 0x428E, 0x324D, 0x29EB, 0x29CA, 0x29CA, 0x21CA, 0x21AA,
  0x21A9, 0x1969, 0x1969, 0x21A9, 0x21A9, 0x1969, 0x1948, 0x1148, 0x1148, 0x1148, 0x1128, 0x1107,
  0x1107, 0x1107, 0x08E6, 0x08E6, 0x08A4, 0x194A, 0x52F8, 0x633B, 0x4294, 0x10E7, 0x08A4, 0x0063,
  0x216B, 0x4253, 0x0021, 0x0000, 0x0001, 0x0000, 0x422E, 0x4A92, 0x0000, 0x0043, 0x08A5, 0x0000,
  0x5AD1, 0x8C5B, 0x73BA, 0x6B99, 0x0862, 0x3A0D, 0x73DB, 0x73DB, 0x4273, 0x0022, 0x4AB7, 0x31AD,
  0x0000, 0x29AC, 0x6379, 0x52D5, 0x4A90, 0x9CFB, 0x5B32, 0x00C9, 0x7BF8, 0xAD3B, 0xBD7B, 0xC5FC,
  0x9CDA, 0x1108, 0x0042, 0x1109, 0x6BBA, 0x3A53, 0x0108, 0x198A, 0x5B16, 0x4A96, 0x1129, 0x19CC,
  0x2B54, 0x44BB, 0x33D7, 0x1189, 0x0000, 0x0000, 0x0000, 0x0000, 0x0000, 0x0000, 0x0000, 0x0000,
  0x0000, 0x0000, 0x0000, 0x0000, 0x0000, 0x0000, 0x0000, 0x0000, 0x0000, 0x0000, 0x0000, 0x0000,
  0x0000, 0x0000, 0x0000, 0x0000, 0x0000, 0x0000, 0x0000, 0x0000, 0x0000, 0x0000, 0x0000, 0x0000,
  0x0000, 0x0000, 0x0000, 0x0000, 0x0000, 0x0000, 0x0000, 0x0000, 0x0000, 0x0000, 0x0000, 0x0000,
  0x0000, 0x0000, 0x0000, 0x0000, 0x0000, 0x0000, 0x0000, 0x0000, 0x0000, 0x0000, 0x0000, 0x0000,
  0x0000, 0x0000, 0x0000, 0x0000, 0x0000, 0x0000, 0x0000, 0x0000, 0x0000, 0x0000, 0x0000, 0x0000,
  0x0000, 0x0000, 0x0000, 0x0000, 0x0000, 0x0000, 0x0000, 0x0000, 0x0000, 0x0000, 0x0000, 0x0000,
  0x0000, 0x0000, 0x0000, 0x0000, 0x0000, 0x0000, 0x0000, 0x0000, 0x0000, 0x0000, 0x0000, 0x0000,
  0x0000, 0x0000, 0x0000, 0x0000, 0x0000, 0x0000, 0x0000, 0x0000, 0x0000, 0x0000, 0x0000, 0x0000,
  0x0000, 0x0000, 0x0000, 0x0000, 0x0000, 0x0000, 0x0000, 0x0000, 0x0000, 0x0000, 0x0000, 0x0000,
  0x0000, 0x0000, 0x0000, 0x0000, 0x0000, 0x0000, 0x0000, 0x0000, 0x0000, 0x0000, 0x0000, 0x0000,
  0x0000, 0x0000, 0x0000, 0x0000, 0x0000, 0x1189, 0x33D7, 0x4CFD, 0x3BB6, 0x2A2E, 0x29EB, 0x326D,
  0x4B30, 0x5B71, 0x6C14, 0x84B6, 0x9538, 0x7C96, 0x4B52, 0x42CF, 0x4B10, 0x42CF, 0x324D, 0x322C,
  0x322C, 0x322C, 0x320C, 0x320C, 0x322C, 0x3A4D, 0x324D, 0x2A0B, 0x29EA, 0x29CA, 0x21AA, 0x1989,
  0x1148, 0x0907, 0x1127, 0x1989, 0x21AA, 0x2189, 0x1948, 0x1148, 0x1948, 0x1948, 0x1127, 0x08E6,
  0x08C6, 0x08C5, 0x08C5, 0x08C6, 0x08C5, 0x3A30, 0x633B, 0x52D7, 0x196A, 0x08C5, 0x08C6, 0x0063,
  0x10E8, 0x298B, 0x0000, 0x0000, 0x0000, 0x18C5, 0x424F, 0x0000, 0x0000, 0x0043, 0x0042, 0x0862,
  0x73B8, 0x7C1A, 0x6B9B, 0x4251, 0x0000, 0x2149, 0x5B5B, 0x635A, 0x4295, 0x0000, 0x1929, 0x4272,
  0x298B, 0x3210, 0x10E7, 0x0042, 0x52D1, 0x6B98, 0x1129, 0x1949, 0x94B9, 0xAD3B, 0xAD3B, 0xBD9C,
  0x9478, 0x08C5, 0x0063, 0x114A, 0x42B6, 0x29F3, 0x1149, 0x1148, 0x4272, 0x4295, 0x19AC, 0x116A,
  0x0043, 0x08A5, 0x5458, 0x555F, 0x2BD7, 0x0969, 0x0000, 0x0000, 0x0000, 0x0000, 0x0000, 0x0000,
  0x0000, 0x0000, 0x0000, 0x0000, 0x0000, 0x0000, 0x0000, 0x0000, 0x0000, 0x0000, 0x0000, 0x0000,
  0x0000, 0x0000, 0x0000, 0x0000, 0x0000, 0x0000, 0x0000, 0x0000, 0x0000, 0x0000, 0x0000, 0x0000,
  0x0000, 0x0000, 0x0000, 0x0000, 0x0000, 0x0000, 0x0000, 0x0000, 0x0000, 0x0000, 0x0000, 0x0000,
  0x0000, 0x0000, 0x0000, 0x0000, 0x0000, 0x0000, 0x0000, 0x0000, 0x0000, 0x0000, 0x0000, 0x0000,
  0x0000, 0x0000, 0x0000, 0x0000, 0x0000, 0x0000, 0x0000, 0x0000, 0x0000, 0x0000, 0x0000, 0x0000,
  0x0000, 0x0000, 0x0000, 0x0000, 0x0000, 0x0000, 0x0000, 0x0000, 0x0000, 0x0000, 0x0000, 0x0000,
  0x0000, 0x0000, 0x0000, 0x0000, 0x0000, 0x0000, 0x0000, 0x0000, 0x0000, 0x0000, 0x0000, 0x0000,
  0x0000, 0x0000, 0x0000, 0x0000, 0x0000, 0x0000, 0x0000, 0x0000, 0x0000, 0x0000, 0x0000, 0x0000,
  0x0000, 0x0000, 0x0000, 0x0000, 0x0000, 0x0000, 0x0000, 0x0000, 0x0000, 0x0000, 0x0000, 0x0000,
  0x0000, 0x0000, 0x0000, 0x0000, 0x0000, 0x0000, 0x0000, 0x0000, 0x0000, 0x0000, 0x0000, 0x0000,
  0x0000, 0x0000, 0x0000, 0x1189, 0x3C18, 0x44BC, 0x43D6, 0x42CF, 0x324D, 0x220D, 0x324E, 0x3AAE,
  0x5B71, 0x7455, 0x6C34, 0x5B92, 0x5B92, 0x5B73, 0x5352, 0x5392, 0x5351, 0x42AF, 0x324D, 0x322C,
  0x322C, 0x2A0B, 0x2A0C, 0x2A0B, 0x2A0B, 0x322C, 0x324C, 0x2A0B, 0x29EA, 0x29CA, 0x21AA, 0x1968,
  0x08E6, 0x0084, 0x00A5, 0x1148, 0x21AA, 0x21A9, 0x1969, 0x1969, 0x1989, 0x1968, 0x0907, 0x0084,
  0x0063, 0x0063, 0x0084, 0x00A5, 0x1127, 0x5B16, 0x6339, 0x29AB, 0x08E6, 0x08E6, 0x08A5, 0x0022,
  0x0884, 0x08A5, 0x0000, 0x0000, 0x0000, 0x2107, 0x0021, 0x0000, 0x0021, 0x0021, 0x0000, 0x2107,
  0x73BB, 0x6BBA, 0x637A, 0x10C6, 0x0000, 0x10C5, 0x52F9, 0x5B3B, 0x4AB5, 0x0021, 0x0884, 0x4271,
  0x18E7, 0x0000, 0x0000, 0x296A, 0x73BA, 0x6B98, 0x3A2D, 0x1907, 0x9CBA, 0x9C9B, 0xA4DB, 0xA4FB,
  0x8C7A, 0x1949, 0x0042, 0x194A, 0x116B, 0x196E, 0x114A, 0x1148, 0x2A0F, 0x3A52, 0x196A, 0x0929,
  0x198A, 0x5BB2, 0x84D6, 0x8D38, 0x8DDD, 0x553F, 0x2BB7, 0x1169, 0x0000, 0x0000, 0x0000, 0x0000,
  0x0000, 0x0000, 0x0000, 0x0000, 0x0000, 0x0000, 0x0000, 0x0000, 0x0000, 0x0000, 0x0000, 0x0000,
  0x0000, 0x0000, 0x0000, 0x0000, 0x0000, 0x0000, 0x0000, 0x0000, 0x0000, 0x0000, 0x0000, 0x0000,
  0x0000, 0x0000, 0x0000, 0x0000, 0x0000, 0x0000, 0x0000, 0x0000, 0x0000, 0x0000, 0x0000, 0x0000,
  0x0000, 0x0000, 0x0000, 0x0000, 0x0000, 0x0000, 0x0000, 0x0000, 0x0000, 0x0000, 0x0000, 0x0000,
  0x0000, 0x0000, 0x0000, 0x0000, 0x0000, 0x0000, 0x0000, 0x0000, 0x0000, 0x0000, 0x0000, 0x0000,
  0x0000, 0x0000, 0x0000, 0x0000, 0x0000, 0x0000, 0x0000, 0x0000, 0x0000, 0x0000, 0x0000, 0x0000,
  0x0000, 0x0000, 0x0000, 0x0000, 0x0000, 0x0000, 0x0000, 0x0000, 0x0000, 0x0000, 0x0000, 0x0000,
  0x0000, 0x0000, 0x0000, 0x0000, 0x0000, 0x0000, 0x0000, 0x0000, 0x0000, 0x0000, 0x0000, 0x0000,
  0x0000, 0x0000, 0x0000, 0x0000, 0x0000, 0x0000, 0x0000, 0x0000, 0x0000, 0x0000, 0x0000, 0x0000,
  0x0000, 0x0000, 0x0000, 0x0000, 0x0000, 0x0000, 0x0000, 0x0000, 0x0000, 0x0000, 0x0000, 0x0000,
  0x0000, 0x1147, 0x2BD6, 0x4D1E, 0x3B79, 0x29EF, 0x3A4D, 0x42CE, 0x42CF, 0x42CF, 0x42D0, 0x5371,
  0x6C55, 0x6414, 0x4B30, 0x42F0, 0x4AF0, 0x4AF0, 0x4AF0, 0x5B92, 0x6C14, 0x4B10, 0x324D, 0x324C,
  0x322C, 0x2A0C, 0x2A0B, 0x2A0B, 0x2A0B, 0x2A0B, 0x2A0B, 0x2A0B, 0x29EB, 0x29EA, 0x21A9, 0x1128,
  0x00A5, 0x0063, 0x0064, 0x0907, 0x1989, 0x21A9, 0x21A9, 0x21A9, 0x21A9, 0x1948, 0x00A5, 0x0042,
  0x0022, 0x0022, 0x0063, 0x00A5, 0x31EC, 0x7399, 0x320E, 0x1106, 0x1107, 0x08C5, 0x0063, 0x0001,
  0x0022, 0x0042, 0x0000, 0x0000, 0x0021, 0x0021, 0x0000, 0x0001, 0x0001, 0x0021, 0x0000, 0x31AD,
  0x6B9B, 0x637B, 0x3A32, 0x0000, 0x0000, 0x0020, 0x3A54, 0x5B3C, 0x4274, 0x0042, 0x0884, 0x0063,
  0x0042, 0x0000, 0x0042, 0x52D5, 0x6B9B, 0x6B76, 0x6352, 0x426E, 0x949B, 0x73B9, 0x6B95, 0x8C5A,
  0x843C, 0x320E, 0x0064, 0x1129, 0x08E6, 0x112A, 0x1149, 0x1169, 0x21CD, 0x29F0, 0x1149, 0x328E,
  0x7475, 0x8D38, 0x9D99, 0xADFA, 0xADD9, 0x9D98, 0x7D9D, 0x4D1F, 0x2BB7, 0x0927, 0x0000, 0x0000,
  0x0000, 0x0000, 0x0000, 0x0000, 0x0000, 0x0000, 0x0000, 0x0000, 0x0000, 0x0000, 0x0000, 0x0000,
  0x0000, 0x0000, 0x0000, 0x0000, 0x0000, 0x0000, 0x0000, 0x0000, 0x0000, 0x0000, 0x0000, 0x0000,
  0x0000, 0x0000, 0x0000, 0x0000, 0x0000, 0x0000, 0x0000, 0x0000, 0x0000, 0x0000, 0x0000, 0x0000,
  0x0000, 0x0000, 0x0000, 0x0000, 0x0000, 0x0000, 0x0000, 0x0000, 0x0000, 0x0000, 0x0000, 0x0000,
  0x0000, 0x0000, 0x0000, 0x0000, 0x0000, 0x0000, 0x0000, 0x0000, 0x0000, 0x0000, 0x0000, 0x0000,
  0x0000, 0x0000, 0x0000, 0x0000, 0x0000, 0x0000, 0x0000, 0x0000, 0x0000, 0x0000, 0x0000, 0x0000,
  0x0000, 0x0000, 0x0000, 0x0000, 0x0000, 0x0000, 0x0000, 0x0000, 0x0000, 0x0000, 0x0000, 0x0000,
  0x0000, 0x0000, 0x0000, 0x0000, 0x0000, 0x0000, 0x0000, 0x0000, 0x0000, 0x0000, 0x0000, 0x0000,
  0x0000, 0x0000, 0x0000, 0x0000, 0x0000, 0x0000, 0x0000, 0x0000, 0x0000, 0x0000, 0x0000, 0x0000,
  0x0000, 0x0000, 0x0000, 0x0000, 0x0000, 0x0000, 0x0000, 0x0000, 0x0000, 0x0000, 0x0000, 0x08C4,
  0x2B95, 0x4CFE, 0x5C7B, 0x6355, 0x29F1, 0x2A11, 0x3231, 0x3A8F, 0x42CF, 0x4B10, 0x5BB3, 0x6415,
  0x5372, 0x42EF, 0x42CF, 0x42CF, 0x42D0, 0x42CF, 0x42AF, 0x4B10, 0x63D3, 0x63D3, 0x3AAE, 0x324C,
  0x324C, 0x2A2C, 0x2A0B, 0x2A0B, 0x2A0B, 0x2A0B, 0x29EB, 0x29EB, 0x2A0B, 0x29EB, 0x21AA, 0x0907,
  0x00A5, 0x0064, 0x00A5, 0x1127, 0x1989, 0x21A9, 0x21A9, 0x21A9, 0x2189, 0x1127, 0x0063, 0x0021,
  0x0001, 0x0022, 0x0084, 0x08E6, 0x52D1, 0x4A91, 0x1127, 0x1127, 0x08E6, 0x0063, 0x0021, 0x0000,
  0x0001, 0x0000, 0x0000, 0x0000, 0x0000, 0x0000, 0x0021, 0x0021, 0x0021, 0x0022, 0x0000, 0x4231,
  0x635B, 0x52F9, 0x0885, 0x0000, 0x0021, 0x0000, 0x216D, 0x635C, 0x4253, 0x0000, 0x0000, 0x0001,
  0x0022, 0x0000, 0x31EF, 0x73DD, 0x31EF, 0x52B0, 0x843A, 0x73B7, 0x8C5B, 0x6358, 0x218A, 0x5B37,
  0x739C, 0x3A73, 0x00A5, 0x08E7, 0x08E6, 0x1128, 0x1149, 0x1169, 0x19AB, 0x21CE, 0x4B10, 0x84D7,
  0x8517, 0x9D99, 0xB61A, 0xA5D9, 0x9D99, 0x9D79, 0x8D17, 0x7CD7, 0x6D1C, 0x4CFE, 0x2313, 0x0083,
  0x0000, 0x0000, 0x0000, 0x0000, 0x0000, 0x0000, 0x0000, 0x0000, 0x0000, 0x0000, 0x0000, 0x0000,
  0x0000, 0x0000, 0x0000, 0x0000, 0x0000, 0x0000, 0x0000, 0x0000, 0x0000, 0x0000, 0x0000, 0x0000,
  0x0000, 0x0000, 0x0000, 0x0000, 0x0000, 0x0000, 0x0000, 0x0000, 0x0000, 0x0000, 0x0000, 0x0000,
  0x0000, 0x0000, 0x0000, 0x0000, 0x0000, 0x0000, 0x0000, 0x0000, 0x0000, 0x0000, 0x0000, 0x0000,
  0x0000, 0x0000, 0x0000, 0x0000, 0x0000, 0x0000, 0x0000, 0x0000, 0x0000, 0x0000, 0x0000, 0x0000,
  0x0000, 0x0000, 0x0000, 0x0000, 0x0000, 0x0000, 0x0000, 0x0000, 0x0000, 0x0000, 0x0000, 0x0000,
  0x0000, 0x0000, 0x0000, 0x0000, 0x0000, 0x0000, 0x0000, 0x0000, 0x0000, 0x0000, 0x0000, 0x0000,
  0x0000, 0x0000, 0x0000, 0x0000, 0x0000, 0x0000, 0x0000, 0x0000, 0x0000, 0x0000, 0x0000, 0x0000,
  0x0000, 0x0000, 0x0000, 0x0000, 0x0000, 0x0000, 0x0000, 0x0000, 0x0000, 0x0000, 0x0000, 0x0000,
  0x0000, 0x0000, 0x0000, 0x0000, 0x0000, 0x0000, 0x0000, 0x0000, 0x0000, 0x0041, 0x22B0, 0x4CFD,
  0x4438, 0x3AAF, 0x52F1, 0x6375, 0x3A92, 0x328F, 0x3A90, 0x3251, 0x42D0, 0x63F3, 0x6C35, 0x4311,
  0x3AAF, 0x3AAE, 0x3A8E, 0x3AAE, 0x42CF, 0x42AF, 0x3A8E, 0x3AAE, 0x5331, 0x5392, 0x5BB2, 0x42EF,
  0x324C, 0x2A2C, 0x2A0B, 0x2A0B, 0x2A0B, 0x2A0B, 0x29EB, 0x29EB, 0x29EB, 0x29EB, 0x21AA, 0x1128,
  0x08E6, 0x08E6, 0x1107, 0x1128, 0x1969, 0x21A9, 0x21A9, 0x21A9, 0x1989, 0x08C6, 0x0042, 0x0021,
  0x0001, 0x0043, 0x08E6, 0x2189, 0x4A8F, 0x1969, 0x1148, 0x1107, 0x0084, 0x0021, 0x0000, 0x0000,
  0x0000, 0x0000, 0x0000, 0x0001, 0x0021, 0x0021, 0x0021, 0x0021, 0x0021, 0x0001, 0x0021, 0x4A94,
  0x635C, 0x298E, 0x0000, 0x0001, 0x0001, 0x0000, 0x10C6, 0x73DC, 0x4A51, 0x0000, 0x0021, 0x0021,
  0x0000, 0x1909, 0x6B9B, 0x31CF, 0x1106, 0x83FA, 0x5AF5, 0x52F4, 0x843B, 0x5B37, 0x08C5, 0x29D1,
  0x531B, 0x4275, 0x00C6, 0x08E6, 0x1127, 0x1128, 0x1149, 0x1169, 0x198A, 0x5B94, 0x8518, 0x84F7,
  0x9578, 0xAE1A, 0xA5D9, 0xA5B9, 0x9558, 0x84F7, 0x8518, 0x6BF2, 0x41E8, 0x8418, 0x64DE, 0x3C9D,
  0x22B0, 0x0000, 0x0000, 0x0000, 0x0000, 0x0000, 0x0000, 0x0000, 0x0000, 0x0000, 0x0000, 0x0000,
  0x0000, 0x0000, 0x0000, 0x0000, 0x0000, 0x0000, 0x0000, 0x0000, 0x0000, 0x0000, 0x0000, 0x0000,
  0x0000, 0x0000, 0x0000, 0x0000, 0x0000, 0x0000, 0x0000, 0x0000, 0x0000, 0x0000, 0x0000, 0x0000,
  0x0000, 0x0000, 0x0000, 0x0000, 0x0000, 0x0000, 0x0000, 0x0000, 0x0000, 0x0000, 0x0000, 0x0000,
  0x0000, 0x0000, 0x0000, 0x0000, 0x0000, 0x0000, 0x0000, 0x0000, 0x0000, 0x0000, 0x0000, 0x0000,
  0x0000, 0x0000, 0x0000, 0x0000, 0x0000, 0x0000, 0x0000, 0x0000, 0x0000, 0x0000, 0x0000, 0x0000,
  0x0000, 0x0000, 0x0000, 0x0000, 0x0000, 0x0000, 0x0000, 0x0000, 0x0000, 0x0000, 0x0000, 0x0000,
  0x0000, 0x0000, 0x0000, 0x0000, 0x0000, 0x0000, 0x0000, 0x0000, 0x0000, 0x0000, 0x0000, 0x0000,
  0x0000, 0x0000, 0x0000, 0x0000, 0x0000, 0x0000, 0x0000, 0x0000, 0x0000, 0x0000, 0x0000, 0x0000,
  0x0000, 0x0000, 0x0000, 0x0000, 0x0000, 0x0020, 0x0000, 0x0000, 0x19EB, 0x44BB, 0x655E, 0x4B52,
  0x3A4B, 0x3A8D, 0x3AAF, 0x42B1, 0x3A52, 0x3AAF, 0x42EF, 0x4AF2, 0x5355, 0x5B93, 0x42F0, 0x3AAE,
  0x3A8E, 0x328E, 0x326D, 0x3A8D, 0x3A8E, 0x3A8E, 0x326D, 0x326D, 0x3AAE, 0x4B10, 0x5371, 0x5BB2,
  0x3AAE, 0x320B, 0x320B, 0x2A0B, 0x2A0B, 0x29EB, 0x29EA, 0x29CA, 0x29EB, 0x29EB, 0x21CA, 0x1969,
  0x1148, 0x1968, 0x1148, 0x1107, 0x1127, 0x1969, 0x21A9, 0x21A9, 0x1948, 0x00A5, 0x0042, 0x0021,
  0x0022, 0x08C5, 0x1968, 0x29EB, 0x29CA, 0x1948, 0x1128, 0x08A5, 0x0042, 0x0000, 0x0000, 0x0000,
  0x0000, 0x0001, 0x0021, 0x0042, 0x0043, 0x0042, 0x0021, 0x0001, 0x0001, 0x0000, 0x0042, 0x5B38,
  0x52F8, 0x0063, 0x0000, 0x0000, 0x0000, 0x0021, 0x0043, 0x6376, 0x4A4F, 0x0000, 0x0021, 0x0021,
  0x0884, 0x4AD6, 0x298D, 0x0000, 0x4271, 0x7C1C, 0x29AD, 0x3A10, 0x6B9C, 0x4296, 0x00A5, 0x112A,
  0x42B9, 0x4276, 0x08E6, 0x1107, 0x1148, 0x1148, 0x1149, 0x1169, 0x5351, 0x84F8, 0x7CD7, 0x9558,
  0xADFA, 0xA5B9, 0xA5B9, 0x9578, 0x84D7, 0x8D37, 0x63D1, 0x10A2, 0x1061, 0x7BB6, 0x9439, 0x320C,
  0x33F7, 0x3C7A, 0x1168, 0x0000, 0x0000, 0x0000, 0x0000, 0x0000, 0x0000, 0x0000, 0x0000, 0x0000,
  0x0000, 0x0000, 0x0000, 0x0000, 0x0000, 0x0000, 0x0000, 0x0000, 0x0000, 0x0000, 0x0000, 0x0000,
  0x0000, 0x0000, 0x0000, 0x0000, 0x0000, 0x0000, 0x0000, 0x0000, 0x0000, 0x0000, 0x0000, 0x0000,
  0x0000, 0x0000, 0x0000, 0x0000, 0x0000, 0x0000, 0x0000, 0x0000, 0x0000, 0x0000, 0x0000, 0x0000,
  0x0000, 0x0000, 0x0000, 0x0000, 0x0000, 0x0000, 0x0000, 0x0000, 0x0000, 0x0000, 0x0000, 0x0000,
  0x0000, 0x0000, 0x0000, 0x0000, 0x0000, 0x0000, 0x0000, 0x0000, 0x0000, 0x0000, 0x0000, 0x0000,
  0x0000, 0x0000, 0x0000, 0x0000, 0x0000, 0x0000, 0x0000, 0x0000, 0x0000, 0x0000, 0x0000, 0x0000,
  0x0000, 0x0000, 0x0000, 0x0000, 0x0000, 0x0000, 0x0000, 0x0000, 0x0000, 0x0000, 0x0000, 0x0000,
  0x0000, 0x0000, 0x0000, 0x0000, 0x0000, 0x0000, 0x0000, 0x0000, 0x0000, 0x0000, 0x0000, 0x0000,
  0x0000, 0x0000, 0x0000, 0x0000, 0x0000, 0x0000, 0x00A3, 0x2B95, 0x4CFD, 0x53D5, 0x6352, 0x3A8D,
  0x3A8D, 0x3A8E, 0x3AAE, 0x3AAE, 0x3231, 0x3A91, 0x5BB2, 0x6C14, 0x5333, 0x4AD2, 0x3AAF, 0x3A8E,
  0x326E, 0x326D, 0x324D, 0x324D, 0x3A8E, 0x3A6E, 0x324D, 0x324D, 0x326D, 0x3A8E, 0x42EF, 0x4B30,
  0x5372, 0x3AAE, 0x29EB, 0x2A0C, 0x2A0B, 0x29EB, 0x29CA, 0x29CA, 0x29EB, 0x29CA, 0x21AA, 0x2189,
  0x1989, 0x1968, 0x1148, 0x1127, 0x1127, 0x1968, 0x21A9, 0x21A9, 0x1128, 0x08C6, 0x0084, 0x0063,
  0x00A5, 0x1948, 0x2189, 0x21AA, 0x1969, 0x1948, 0x08C6, 0x0043, 0x0001, 0x0001, 0x0001, 0x0021,
  0x0042, 0x0063, 0x0084, 0x0064, 0x0043, 0x0021, 0x0001, 0x0000, 0x0000, 0x0000, 0x0863, 0x739A,
  0x216C, 0x0022, 0x0022, 0x0000, 0x0000, 0x0043, 0x0043, 0x31ED, 0x39EC, 0x0000, 0x0043, 0x0042,
  0x29CE, 0x192A, 0x0000, 0x0864, 0x52F7, 0x5B3A, 0x10C7, 0x29D0, 0x4ADB, 0x29F3, 0x00A4, 0x00C5,
  0x3253, 0x4AB8, 0x1128, 0x1127, 0x1148, 0x1148, 0x1149, 0x4331, 0x7CD7, 0x7CB7, 0x8D38, 0xADFA,
  0xA5B9, 0x9D99, 0x9578, 0x84D6, 0x8D17, 0x63D1, 0x1082, 0x0841, 0x0840, 0x5AD0, 0x947B, 0x2105,
  0x0000, 0x220C, 0x44DC, 0x2B53, 0x0041, 0x0000, 0x0000, 0x0000, 0x0000, 0x0000, 0x0000, 0x0000,
  0x0000, 0x0000, 0x0000, 0x0000, 0x0000, 0x0000, 0x0000, 0x0000, 0x0000, 0x0000, 0x0000, 0x0000,
  0x0000, 0x0000, 0x0000, 0x0000, 0x0000, 0x0000, 0x0000, 0x0000, 0x0000, 0x0000, 0x0000, 0x0000,
  0x0000, 0x0000, 0x0000, 0x0000, 0x0000, 0x0000, 0x0000, 0x0000, 0x0000, 0x0000, 0x0000, 0x0000,
  0x0000, 0x0000, 0x0000, 0x0000, 0x0000, 0x0000, 0x0000, 0x0000, 0x0000, 0x0000, 0x0000, 0x0000,
  0x0000, 0x0000, 0x0000, 0x0000, 0x0000, 0x0000, 0x0000, 0x0000, 0x0000, 0x0000, 0x0000, 0x0000,
  0x0000, 0x0000, 0x0000, 0x0000, 0x0000, 0x0000, 0x0000, 0x0000, 0x0000, 0x0000, 0x0000, 0x0000,
  0x0000, 0x0000, 0x0000, 0x0000, 0x0000, 0x0000, 0x0000, 0x0000, 0x0000, 0x0000, 0x0000, 0x0000,
  0x0000, 0x0000, 0x0000, 0x0000, 0x0000, 0x0000, 0x0000, 0x0000, 0x0000, 0x0000, 0x0000, 0x0000,
  0x0000, 0x0000, 0x0000, 0x0000, 0x0000, 0x1A4E, 0x44DD, 0x6CFE, 0x5B13, 0x428E, 0x42AF, 0x3A8D,
  0x3A8D, 0x3AAE, 0x42CF, 0x42CF, 0x42D0, 0x5B95, 0x6C15, 0x4B10, 0x42CF, 0x4AF2, 0x3A90, 0x3A6E,
  0x326D, 0x326D, 0x326D, 0x326D, 0x3A8E, 0x326D, 0x324D, 0x324D, 0x324D, 0x326D, 0x326D, 0x42CF,
  0x4B30, 0x5392, 0x3ACF, 0x2A2C, 0x2A0B, 0x29EB, 0x29EA, 0x21CA, 0x21CA, 0x21AA, 0x1989, 0x1989,
  0x1989, 0x1968, 0x1968, 0x1968, 0x1968, 0x2189, 0x21A9, 0x2189, 0x1948, 0x1128, 0x1107, 0x0906,
  0x1127, 0x1989, 0x2189, 0x1989, 0x1969, 0x1107, 0x0084, 0x0022, 0x0021, 0x0042, 0x0063, 0x0084,
  0x00A5, 0x00A5, 0x0084, 0x0042, 0x0021, 0x0001, 0x0000, 0x0000, 0x0001, 0x0000, 0x20E6, 0x5AF4,
  0x0042, 0x00A5, 0x0043, 0x0001, 0x0021, 0x0084, 0x0063, 0x08A5, 0x2129, 0x0042, 0x0084, 0x08C6,
  0x10C6, 0x0000, 0x0000, 0x190A, 0x4AFB, 0x29F2, 0x0000, 0x29D1, 0x42BB, 0x2190, 0x00A4, 0x00C5,
  0x198A, 0x5318, 0x196A, 0x1107, 0x1127, 0x08E7, 0x3AAF, 0x74B7, 0x6C75, 0x7CD7, 0xA5DA, 0x9DB9,
  0x9D99, 0x9558, 0x7CD6, 0x8D17, 0x6BD1, 0x1082, 0x0840, 0x1061, 0x0820, 0x2967, 0x7BB7, 0x18E4,
  0x0840, 0x0800, 0x18E4, 0x33B5, 0x347B, 0x1189, 0x0000, 0x0000, 0x0000, 0x0000, 0x0000, 0x0000,
  0x0000, 0x0000, 0x0000, 0x0000, 0x0000, 0x0000, 0x0000, 0x0000, 0x0000, 0x0000, 0x0000, 0x0000,
  0x0000, 0x0000, 0x0000, 0x0000, 0x0000, 0x0000, 0x0000, 0x0000, 0x0000, 0x0000, 0x0000, 0x0000,
  0x0000, 0x0000, 0x0000, 0x0000, 0x0000, 0x0000, 0x0000, 0x0000, 0x0000, 0x0000, 0x0000, 0x0000,
  0x0000, 0x0000, 0x0000, 0x0000, 0x0000, 0x0000, 0x0000, 0x0000, 0x0000, 0x0000, 0x0000, 0x0000,
  0x0000, 0x0000, 0x0000, 0x0000, 0x0000, 0x0000, 0x0000, 0x0000, 0x0000, 0x0000, 0x0000, 0x0000,
  0x0000, 0x0000, 0x0000, 0x0000, 0x0000, 0x0000, 0x0000, 0x0000, 0x0000, 0x0000, 0x0000, 0x0000,
  0x0000, 0x0000, 0x0000, 0x0000, 0x0000, 0x0000, 0x0000, 0x0000, 0x0000, 0x0000, 0x0000, 0x0000,
  0x0000, 0x0000, 0x0000, 0x0000, 0x0000, 0x0000, 0x0000, 0x0000, 0x0000, 0x0000, 0x0000, 0x0000,
  0x0000, 0x0000, 0x0000, 0x08E5, 0x3C38, 0x4CFD, 0x5BB5, 0x8C19, 0x5B34, 0x3A8E, 0x3A8D, 0x3A8E,
  0x42AE, 0x42CE, 0x42CE, 0x4B10, 0x7455, 0x6C16, 0x42D0, 0x3AAE, 0x42CF, 0x42D0, 0x4290, 0x3A6F,
  0x3A6E, 0x326D, 0x326D, 0x3A8E, 0x3A8E, 0x3A6D, 0x324D, 0x326D, 0x326D, 0x326D, 0x324C, 0x3A6D,
  0x4AEF, 0x4B30, 0x5392, 0x42EF, 0x2A0B, 0x2A0B, 0x29EA, 0x29CA, 0x21CA, 0x21AA, 0x2189, 0x2189,
  0x1989, 0x1968, 0x1989, 0x2189, 0x21A9, 0x21A9, 0x21A9, 0x21A9, 0x21A9, 0x2189, 0x1989, 0x1968,
  0x1148, 0x1968, 0x1989, 0x1989, 0x1148, 0x08C6, 0x0084, 0x0084, 0x0084, 0x08C6, 0x08E6, 0x08E6,
  0x00A5, 0x0063, 0x0022, 0x0001, 0x0000, 0x0000, 0x0000, 0x0000, 0x0021, 0x0000, 0x2969, 0x2148,
  0x0001, 0x00A4, 0x0043, 0x0021, 0x0042, 0x0084, 0x0063, 0x0043, 0x10C6, 0x0084, 0x0063, 0x0042,
  0x0000, 0x0001, 0x0000, 0x29F2, 0x42DB, 0x08C8, 0x0000, 0x218F, 0x42BB, 0x196E, 0x00A4, 0x08E6,
  0x0907, 0x4291, 0x21AC, 0x08E6, 0x00A5, 0x21EB, 0x6C35, 0x6C34, 0x6C75, 0x9D79, 0x9DB9, 0x9D99,
  0x9578, 0x7CD6, 0x8D16, 0x7432, 0x10A2, 0x0840, 0x0861, 0x0861, 0x0841, 0x0861, 0x62F1, 0x18E4,
  0x0820, 0x0862, 0x0840, 0x0800, 0x19CA, 0x3CBC, 0x2312, 0x0000, 0x0000, 0x0000, 0x0000, 0x0000,
  0x0000, 0x0000, 0x0000, 0x0000, 0x0000, 0x0000, 0x0000, 0x0000, 0x0000, 0x0000, 0x0000, 0x0000,
  0x0000, 0x0000, 0x0000, 0x0000, 0x0000, 0x0000, 0x0000, 0x0000, 0x0000, 0x0000, 0x0000, 0x0000,
  0x0000, 0x0000, 0x0000, 0x0000, 0x0000, 0x0000, 0x0000, 0x0000, 0x0000, 0x0000, 0x0000, 0x0000,
  0x0000, 0x0000, 0x0000, 0x0000, 0x0000, 0x0000, 0x0000, 0x0000, 0x0000, 0x0000, 0x0000, 0x0000,
  0x0000, 0x0000, 0x0000, 0x0000, 0x0000, 0x0000, 0x0000, 0x0000, 0x0000, 0x0000, 0x0000, 0x0000,
  0x0000, 0x0000, 0x0000, 0x0000, 0x0000, 0x0000, 0x0000, 0x0000, 0x0000, 0x0000, 0x0000, 0x0000,
  0x0000, 0x0000, 0x0000, 0x0000, 0x0000, 0x0000, 0x0000, 0x0000, 0x0000, 0x0000, 0x0000, 0x0000,
  0x0000, 0x0000, 0x0000, 0x0000, 0x0000, 0x0000, 0x0000, 0x0000, 0x0000, 0x0000, 0x0000, 0x0000,
  0x0000, 0x0000, 0x1A4E, 0x44DD, 0x43F7, 0x322C, 0x3A4D, 0x6BB6, 0x6356, 0x3A6E, 0x3A8D, 0x42AE,
  0x4B10, 0x4B30, 0x5B92, 0x84D6, 0x6C34, 0x4B10, 0x4AD0, 0x42EF, 0x4B0F, 0x4B10, 0x4AF0, 0x42B0,
  0x428F, 0x42AE, 0x42AE, 0x42CF, 0x42CF, 0x3A8E, 0x3A8E, 0x3A8D, 0x3A8E, 0x3A8D, 0x3A6D, 0x3A6D,
  0x42AE, 0x5330, 0x5330, 0x5BD2, 0x5351, 0x29EB, 0x29EB, 0x29CA, 0x29CA, 0x21AA, 0x21A9, 0x21A9,
  0x2189, 0x1989, 0x1989, 0x2189, 0x2189, 0x21AA, 0x21CA, 0x21AA, 0x21AA, 0x2189, 0x1969, 0x1148,
  0x1148, 0x1968, 0x1989, 0x1968, 0x1107, 0x08E6, 0x08E6, 0x1107, 0x1127, 0x1127, 0x08E6, 0x0084,
  0x0042, 0x0021, 0x0001, 0x0000, 0x0000, 0x0000, 0x0000, 0x0001, 0x0021, 0x0021, 0x1927, 0x0021,
  0x0022, 0x0084, 0x0043, 0x0021, 0x0063, 0x0084, 0x0042, 0x0043, 0x0063, 0x0042, 0x0001, 0x0000,
  0x0001, 0x0001, 0x0063, 0x3A78, 0x29F3, 0x0021, 0x0021, 0x190B, 0x3A9A, 0x112B, 0x08C5, 0x0907,
  0x0907, 0x196A, 0x21AC, 0x00C5, 0x1969, 0x5BD3, 0x6414, 0x6434, 0x8D38, 0xA5DA, 0x9D78, 0x9D99,
  0x84F7, 0x84D6, 0x7C94, 0x2104, 0x0820, 0x1061, 0x0861, 0x0861, 0x0861, 0x0820, 0x39AA, 0x18C4,
  0x0820, 0x0861, 0x0861, 0x0861, 0x0800, 0x10A3, 0x33D7, 0x345A, 0x08E5, 0x0000, 0x0000, 0x0000,
  0x0000, 0x0000, 0x0000, 0x0000, 0x0000, 0x0000, 0x0000, 0x0000, 0x0000, 0x0000, 0x0000, 0x0000,
  0x0000, 0x0000, 0x0000, 0x0000, 0x0000, 0x0000, 0x0000, 0x0000, 0x0000, 0x0000, 0x0000, 0x0000,
  0x0000, 0x0000, 0x0000, 0x0000, 0x0000, 0x0000, 0x0000, 0x0000, 0x0000, 0x0000, 0x0000, 0x0000,
  0x0000, 0x0000, 0x0000, 0x0000, 0x0000, 0x0000, 0x0000, 0x0000, 0x0000, 0x0000, 0x0000, 0x0000,
  0x0000, 0x0000, 0x0000, 0x0000, 0x0000, 0x0000, 0x0000, 0x0000, 0x0000, 0x0000, 0x0000, 0x0000,
  0x0000, 0x0000, 0x0000, 0x0000, 0x0000, 0x0000, 0x0000, 0x0000, 0x0000, 0x0000, 0x0000, 0x0000,
  0x0000, 0x0000, 0x0000, 0x0000, 0x0000, 0x0000, 0x0000, 0x0000, 0x0000, 0x0000, 0x0000, 0x0000,
  0x0000, 0x0000, 0x0000, 0x0000, 0x0000, 0x0000, 0x0000, 0x0000, 0x0000, 0x0000, 0x0000, 0x0000,
  0x0883, 0x33D6, 0x44DD, 0x3B11, 0x322B, 0x324C, 0x2A2C, 0x3A8F, 0x5314, 0x42AF, 0x4AEE, 0x7454,
  0x9579, 0x9D78, 0x8D18, 0x7496, 0x63F3, 0x5BD3, 0x63D4, 0x63F4, 0x6414, 0x5BD4, 0x5B74, 0x6394,
  0x5353, 0x4B52, 0x5372, 0x5392, 0x5BB2, 0x5392, 0x5371, 0x4B30, 0x4B30, 0x5371, 0x5371, 0x5351,
  0x5350, 0x5330, 0x63B2, 0x63D2, 0x7C96, 0x5371, 0x3A8D, 0x3A8D, 0x29CA, 0x21A9, 0x21A9, 0x21A9,
  0x1989, 0x1989, 0x1989, 0x2189, 0x21A9, 0x21CA, 0x21AA, 0x21A9, 0x2189, 0x1948, 0x1127, 0x0907,
  0x1148, 0x1989, 0x1989, 0x1968, 0x1127, 0x1148, 0x1968, 0x1969, 0x1127, 0x08C6, 0x0063, 0x0022,
  0x0021, 0x0001, 0x0000, 0x0000, 0x0001, 0x0001, 0x0000, 0x0001, 0x0021, 0x0022, 0x0042, 0x0021,
  0x0043, 0x00A5, 0x0063, 0x0021, 0x0063, 0x0063, 0x0022, 0x0042, 0x0042, 0x0022, 0x0042, 0x0042,
  0x0063, 0x0042, 0x10E8, 0x3A99, 0x08A7, 0x0021, 0x0021, 0x10A7, 0x3A77, 0x08E8, 0x00A5, 0x08C6,
  0x0907, 0x0907, 0x1128, 0x1128, 0x5392, 0x6414, 0x63F4, 0x7CB6, 0xA5DA, 0x9D99, 0x9D99, 0x8D17,
  0x84D5, 0x84B5, 0x29A7, 0x0020, 0x0861, 0x0841, 0x0861, 0x0861, 0x0861, 0x0840, 0x18E4, 0x18A3,
  0x0841, 0x0861, 0x0861, 0x0861, 0x0862, 0x0840, 0x0800, 0x226F, 0x44DD, 0x1A2C, 0x0000, 0x0000,
  0x0000, 0x0000, 0x0000, 0x0000, 0x0000, 0x0000, 0x0000, 0x0000, 0x0000, 0x0000, 0x0000, 0x0000,
  0x0000, 0x0000, 0x0000, 0x0000, 0x0000, 0x0000, 0x0000, 0x0000, 0x0000, 0x0000, 0x0000, 0x0000,
  0x0000, 0x0000, 0x0000, 0x0000, 0x0000, 0x0000, 0x0000, 0x0000, 0x0000, 0x0000, 0x0000, 0x0000,
  0x0000, 0x0000, 0x0000, 0x0000, 0x0000, 0x0000, 0x0000, 0x0000, 0x0000, 0x0000, 0x0000, 0x0000,
  0x0000, 0x0000, 0x0000, 0x0000, 0x0000, 0x0000, 0x0000, 0x0000, 0x0000, 0x0000, 0x0000, 0x0000,
  0x0000, 0x0000, 0x0000, 0x0000, 0x0000, 0x0000, 0x0000, 0x0000, 0x0000, 0x0000, 0x0000, 0x0000,
  0x0000, 0x0000, 0x0000, 0x0000, 0x0000, 0x0000, 0x0000, 0x0000, 0x0000, 0x0000, 0x0000, 0x0000,
  0x0000, 0x0000, 0x0000, 0x0000, 0x0000, 0x0000, 0x0000, 0x0000, 0x0000, 0x0000, 0x0000, 0x11AA,
  0x44DD, 0x443A, 0x3A8E, 0x3A6D, 0x326D, 0x326D, 0x326D, 0x324D, 0x42B0, 0x5312, 0x6BF3, 0xA5B9,
  0xB69D, 0xC6DD, 0x9579, 0x6C76, 0x6C96, 0x6C76, 0x74D7, 0x7CD8, 0x6C97, 0x6416, 0x5BD6, 0x6437,
  0x5BF6, 0x4B95, 0x4B94, 0x4BB4, 0x5C15, 0x5C15, 0x53D5, 0x3B32, 0x3B32, 0x4B94, 0x5BF5, 0x53D4,
  0x4352, 0x3B11, 0x4B73, 0x4B73, 0x4B73, 0x6435, 0x9DB9, 0x7CF8, 0x2A0C, 0x21A9, 0x21A9, 0x2189,
  0x2189, 0x2189, 0x2189, 0x2189, 0x21A9, 0x21CA, 0x1989, 0x1969, 0x1968, 0x1127, 0x1107, 0x1128,
  0x1969, 0x2189, 0x1989, 0x1969, 0x1968, 0x1968, 0x1969, 0x1128, 0x08C5, 0x0063, 0x0021, 0x0001,
  0x0000, 0x0000, 0x0001, 0x0001, 0x0021, 0x0001, 0x0000, 0x0001, 0x0001, 0x0021, 0x0042, 0x0043,
  0x0084, 0x00A4, 0x0042, 0x0042, 0x0084, 0x0063, 0x0063, 0x0063, 0x0063, 0x0084, 0x0084, 0x0084,
  0x0084, 0x0021, 0x216D, 0x29F2, 0x0000, 0x0022, 0x0000, 0x0863, 0x3212, 0x0064, 0x0043, 0x00A5,
  0x0907, 0x08E6, 0x08E6, 0x42EF, 0x6435, 0x6414, 0x6C55, 0x9D99, 0x9599, 0x9599, 0x8D58, 0x84D5,
  0x8D16, 0x426B, 0x0000, 0x0861, 0x0841, 0x0841, 0x0841, 0x0841, 0x0841, 0x0861, 0x0861, 0x0861,
  0x0841, 0x0841, 0x0861, 0x0861, 0x0861, 0x0861, 0x0862, 0x0000, 0x1948, 0x4D1D, 0x3395, 0x0020,
  0x0000, 0x0000, 0x0000, 0x0000, 0x0000, 0x0000, 0x0000, 0x0000, 0x0000, 0x0000, 0x0000, 0x0000,
  0x0000, 0x0000, 0x0000, 0x0000, 0x0000, 0x0000, 0x0000, 0x0000, 0x0000, 0x0000, 0x0000, 0x0000,
  0x0000, 0x0000, 0x0000, 0x0000, 0x0000, 0x0000, 0x0000, 0x0000, 0x0000, 0x0000, 0x0000, 0x0000,
  0x0000, 0x0000, 0x0000, 0x0000, 0x0000, 0x0000, 0x0000, 0x0000, 0x0000, 0x0000, 0x0000, 0x0000,
  0x0000, 0x0000, 0x0000, 0x0000, 0x0000, 0x0000, 0x0000, 0x0000, 0x0000, 0x0000, 0x0000, 0x0000,
  0x0000, 0x0000, 0x0000, 0x0000, 0x0000, 0x0000, 0x0000, 0x0000, 0x0000, 0x0000, 0x0000, 0x0000,
  0x0000, 0x0000, 0x0000, 0x0000, 0x0000, 0x0000, 0x0000, 0x0000, 0x0000, 0x0000, 0x0000, 0x0000,
  0x0000, 0x0000, 0x0000, 0x0000, 0x0000, 0x0000, 0x0000, 0x0000, 0x0000, 0x0000, 0x22D0, 0x4D1E,
  0x4354, 0x3A2F, 0x4291, 0x3AAF, 0x3A6D, 0x3A8D, 0x3A8E, 0x3AAE, 0x4B10, 0x5353, 0x6BF4, 0x8D17,
  0xB63B, 0xCEDD, 0xB63C, 0x95BA, 0x957A, 0x95BA, 0xA5FB, 0x9DDB, 0x8D7A, 0x7D19, 0x7D19, 0x8559,
  0x853A, 0x7D19, 0x74D8, 0x74D8, 0x8519, 0x8539, 0x74F9, 0x6477, 0x6477, 0x6CB7, 0x7CF8, 0x74D8,
  0x6477, 0x6436, 0x6476, 0x6C76, 0x6C76, 0x8518, 0xCEFD, 0xA63C, 0x324C, 0x2189, 0x21A9, 0x2189,
  0x2189, 0x1989, 0x1948, 0x1127, 0x1968, 0x1989, 0x1968, 0x1968, 0x1148, 0x1127, 0x1948, 0x1969,
  0x1989, 0x1989, 0x1969, 0x1969, 0x1968, 0x1968, 0x1127, 0x00A5, 0x0043, 0x0021, 0x0001, 0x0000,
  0x0000, 0x0001, 0x0001, 0x0001, 0x0021, 0x0001, 0x0000, 0x0001, 0x0021, 0x0021, 0x0022, 0x0043,
  0x0063, 0x0084, 0x0063, 0x0084, 0x08A4, 0x08A4, 0x08A5, 0x08A5, 0x08A4, 0x00A4, 0x0063, 0x0063,
  0x0042, 0x0000, 0x31AD, 0x08A5, 0x0000, 0x0001, 0x0000, 0x0021, 0x216B, 0x0042, 0x0063, 0x08C6,
  0x0928, 0x0084, 0x21CA, 0x63F4, 0x63F4, 0x6414, 0x8D17, 0x9D99, 0x9558, 0x9578, 0x84D6, 0x8D16,
  0x5B90, 0x0841, 0x0861, 0x0861, 0x0861, 0x0861, 0x0861, 0x0861, 0x0861, 0x0861, 0x0861, 0x0861,
  0x0841, 0x0861, 0x0861, 0x0861, 0x0861, 0x0861, 0x0861, 0x0862, 0x0841, 0x10E5, 0x3396, 0x3419,
  0x00A4, 0x0000, 0x0000, 0x0000, 0x0000, 0x0000, 0x0000, 0x0000, 0x0000, 0x0000, 0x0000, 0x0000,
  0x0000, 0x0000, 0x0000, 0x0000, 0x0000, 0x0000, 0x0000, 0x0000, 0x0000, 0x0000, 0x0000, 0x0000,
  0x0000, 0x0000, 0x0000, 0x0000, 0x0000, 0x0000, 0x0000, 0x0000, 0x0000, 0x0000, 0x0000, 0x0000,
  0x0000, 0x0000, 0x0000, 0x0000, 0x0000, 0x0000, 0x0000, 0x0000, 0x0000, 0x0000, 0x0000, 0x0000,
  0x0000, 0x0000, 0x0000, 0x0000, 0x0000, 0x0000, 0x0000, 0x0000, 0x0000, 0x0000, 0x0000, 0x0000,
  0x0000, 0x0000, 0x0000, 0x0000, 0x0000, 0x0000, 0x0000, 0x0000, 0x0000, 0x0000, 0x0000, 0x0000,
  0x0000, 0x0000, 0x0000, 0x0000, 0x0000, 0x0000, 0x0000, 0x0000, 0x0000, 0x0000, 0x0000, 0x0000,
  0x0000, 0x0000, 0x0000, 0x0000, 0x0000, 0x0000, 0x0000, 0x0000, 0x0062, 0x33D6, 0x655F, 0x5B73,
  0x3A4C, 0x324F, 0x3A51, 0x3A70, 0x3AAE, 0x42AE, 0x42CE, 0x42EF, 0x4B10, 0x4B31, 0x5B93, 0x5BD3,
  0x7455, 0xA599, 0x7CD7, 0x6436, 0x6436, 0x7497, 0x7CD8, 0x74B7, 0x6C77, 0x6456, 0x6C97, 0x7CD8,
  0x74B8, 0x6C97, 0x6C97, 0x6CB8, 0x7D19, 0x7D19, 0x74D8, 0x6CB8, 0x74D8, 0x7D19, 0x7D19, 0x7D39,
  0x7D19, 0x74F9, 0x7D19, 0x8559, 0x8D7A, 0x9579, 0x8D17, 0x63D2, 0x29CA, 0x21AA, 0x2189, 0x2189,
  0x1968, 0x1127, 0x08C6, 0x08C6, 0x1127, 0x1989, 0x1968, 0x1127, 0x1148, 0x1968, 0x1989, 0x2189,
  0x2189, 0x1968, 0x1989, 0x1968, 0x1148, 0x0906, 0x00A5, 0x0043, 0x0021, 0x0001, 0x0000, 0x0000,
  0x0000, 0x0001, 0x0001, 0x0001, 0x0001, 0x0001, 0x0021, 0x0042, 0x0043, 0x0063, 0x0063, 0x0063,
  0x0084, 0x08A4, 0x08A4, 0x08A5, 0x08A5, 0x08A5, 0x0084, 0x0884, 0x08A4, 0x08A4, 0x0083, 0x0042,
  0x0021, 0x0042, 0x2128, 0x0000, 0x0000, 0x0000, 0x0000, 0x0021, 0x10E7, 0x0064, 0x0064, 0x00A5,
  0x00A5, 0x08E6, 0x4B51, 0x5BD3, 0x5BD3, 0x7495, 0x9D99, 0x8D58, 0x9579, 0x8D37, 0x8CF5, 0x7C74,
  0x18E4, 0x0840, 0x0861, 0x0841, 0x0861, 0x0861, 0x0861, 0x0861, 0x0861, 0x0861, 0x0861, 0x0861,
  0x0841, 0x0841, 0x0861, 0x0841, 0x0861, 0x0841, 0x0841, 0x0841, 0x0841, 0x0862, 0x18C6, 0x4397,
  0x3CBD, 0x1169, 0x0000, 0x0000, 0x0000, 0x0000, 0x0000, 0x0000, 0x0000, 0x0000, 0x0000, 0x0000,
  0x0000, 0x0000, 0x0000, 0x0000, 0x0000, 0x0000, 0x0000, 0x0000, 0x0000, 0x0000, 0x0000, 0x0000,
  0x0000, 0x0000, 0x0000, 0x0000, 0x0000, 0x0000, 0x0000, 0x0000, 0x0000, 0x0000, 0x0000, 0x0000,
  0x0000, 0x0000, 0x0000, 0x0000, 0x0000, 0x0000, 0x0000, 0x0000, 0x0000, 0x0000, 0x0000, 0x0000,
  0x0000, 0x0000, 0x0000, 0x0000, 0x0000, 0x0000, 0x0000, 0x0000, 0x0000, 0x0000, 0x0000, 0x0000,
  0x0000, 0x0000, 0x0000, 0x0000, 0x0000, 0x0000, 0x0000, 0x0000, 0x0000, 0x0000, 0x0000, 0x0000,
  0x0000, 0x0000, 0x0000, 0x0000, 0x0000, 0x0000, 0x0000, 0x0000, 0x0000, 0x0000, 0x0000, 0x0000,
  0x0000, 0x0000, 0x0000, 0x0000, 0x0000, 0x0000, 0x0000, 0x1126, 0x3CDC, 0x6D3E, 0x9C9A, 0x6BB4,
  0x3A8D, 0x326D, 0x324E, 0x322F, 0x3A6F, 0x42CF, 0x42CF, 0x42CF, 0x42CF, 0x42EF, 0x4B10, 0x4B30,
  0x63B2, 0x8CD6, 0x5C15, 0x4353, 0x4B72, 0x53B3, 0x5BD4, 0x53B3, 0x4B72, 0x4352, 0x4B93, 0x53D4,
  0x53B4, 0x4B93, 0x4B73, 0x53D4, 0x5C15, 0x53B4, 0x4373, 0x4373, 0x4373, 0x53D4, 0x53D4, 0x53B4,
  0x4B93, 0x53B4, 0x5C15, 0x53D4, 0x5BF5, 0x5393, 0x324C, 0x21AA, 0x21CA, 0x21CA, 0x21A9, 0x1969,
  0x08E7, 0x0085, 0x0064, 0x00A5, 0x1128, 0x1989, 0x1127, 0x0907, 0x1968, 0x2189, 0x2189, 0x2189,
  0x2189, 0x2189, 0x1148, 0x08E6, 0x0084, 0x0063, 0x0043, 0x0022, 0x0021, 0x0001, 0x0001, 0x0001,
  0x0000, 0x0001, 0x0001, 0x0001, 0x0021, 0x0022, 0x0063, 0x08A5, 0x08C5, 0x08C5, 0x08C5, 0x08C5,
  0x08A5, 0x08C5, 0x08C5, 0x08C5, 0x08A5, 0x0063, 0x0022, 0x0022, 0x0063, 0x0884, 0x08A5, 0x0084,
  0x0042, 0x0063, 0x0863, 0x0000, 0x0000, 0x0000, 0x0000, 0x0021, 0x0063, 0x0063, 0x0042, 0x0043,
  0x0084, 0x3ACF, 0x5BD3, 0x5BB2, 0x63F3, 0x9558, 0x9579, 0x9579, 0x9D78, 0x84D5, 0x8CF6, 0x3209,
  0x0000, 0x0861, 0x0841, 0x0841, 0x0861, 0x0861, 0x0861, 0x0861, 0x0861, 0x0861, 0x0861, 0x0861,
  0x0841, 0x0841, 0x0861, 0x0841, 0x0841, 0x0841, 0x0841, 0x0841, 0x0841, 0x0862, 0x1907, 0x422F,
  0x5BB8, 0x44DF, 0x1A6E, 0x0000, 0x0000, 0x0000, 0x0000, 0x0000, 0x0000, 0x0000, 0x0000, 0x0000,
  0x0000, 0x0000, 0x0000, 0x0000, 0x0000, 0x0000, 0x0000, 0x0000, 0x0000, 0x0000, 0x0000, 0x0000,
  0x0000, 0x0000, 0x0000, 0x0000, 0x0000, 0x0000, 0x0000, 0x0000, 0x0000, 0x0000, 0x0000, 0x0000,
  0x0000, 0x0000, 0x0000, 0x0000, 0x0000, 0x0000, 0x0000, 0x0000, 0x0000, 0x0000, 0x0000, 0x0000,
  0x0000, 0x0000, 0x0000, 0x0000, 0x0000, 0x0000, 0x0000, 0x0000, 0x0000, 0x0000, 0x0000, 0x0000,
  0x0000, 0x0000, 0x0000, 0x0000, 0x0000, 0x0000, 0x0000, 0x0000, 0x0000, 0x0000, 0x0000, 0x0000,
  0x0000, 0x0000, 0x0000, 0x0000, 0x0000, 0x0000, 0x0000, 0x0000, 0x0000, 0x0000, 0x0000, 0x0000,
  0x0000, 0x0000, 0x0000, 0x0000, 0x0000, 0x0000, 0x19EB, 0x451E, 0x43D6, 0x52F1, 0x8419, 0x7BF8,
  0x42AF, 0x3A8D, 0x3A8E, 0x3A6E, 0x322F, 0x324F, 0x42AE, 0x42AE, 0x3AAE, 0x42AE, 0x42CF, 0x4AEF,
  0x5B92, 0x7C96, 0x5BF5, 0x4353, 0x4B52, 0x4B52, 0x5393, 0x4B93, 0x4352, 0x4311, 0x4B52, 0x5393,
  0x4B93, 0x4B73, 0x4B73, 0x53B4, 0x5BF5, 0x4B73, 0x3B11, 0x3B11, 0x4332, 0x4B93, 0x5393, 0x4331,
  0x3ACF, 0x4331, 0x5393, 0x4B72, 0x4B93, 0x3AD0, 0x29EA, 0x29CA, 0x21CA, 0x21AA, 0x1969, 0x0907,
  0x0084, 0x0043, 0x0043, 0x00A5, 0x1148, 0x1968, 0x1127, 0x1968, 0x2189, 0x2189, 0x2189, 0x2189,
  0x2189, 0x1128, 0x00A5, 0x0042, 0x0042, 0x0022, 0x0022, 0x0022, 0x0021, 0x0001, 0x0001, 0x0001,
  0x0001, 0x0001, 0x0021, 0x0022, 0x0043, 0x0084, 0x08C5, 0x08C6, 0x08C6, 0x08A5, 0x08C5, 0x08C5,
  0x08C5, 0x08A5, 0x08A4, 0x08A5, 0x0084, 0x0022, 0x0000, 0x0001, 0x0022, 0x0084, 0x08A5, 0x08A5,
  0x0084, 0x0042, 0x0021, 0x0001, 0x0001, 0x0001, 0x0000, 0x0021, 0x0043, 0x0063, 0x0042, 0x0001,
  0x21CA, 0x5BD4, 0x5BB3, 0x5BD3, 0x7CB6, 0x9599, 0x8D58, 0x9D99, 0x8CF6, 0x8D16, 0x5B90, 0x0840,
  0x0861, 0x0841, 0x0841, 0x0841, 0x0841, 0x0861, 0x0841, 0x0861, 0x0861, 0x0861, 0x0841, 0x0861,
  0x0841, 0x0841, 0x0841, 0x0841, 0x0841, 0x0841, 0x0841, 0x0841, 0x0000, 0x0020, 0x18C4, 0x424F,
  0x62F5, 0x63B8, 0x555F, 0x2333, 0x0000, 0x0000, 0x0000, 0x0000, 0x0000, 0x0000, 0x0000, 0x0000,
  0x0000, 0x0000, 0x0000, 0x0000, 0x0000, 0x0000, 0x0000, 0x0000, 0x0000, 0x0000, 0x0000, 0x0000,
  0x0000, 0x0000, 0x0000, 0x0000, 0x0000, 0x0000, 0x0000, 0x0000, 0x0000, 0x0000, 0x0000, 0x0000,
  0x0000, 0x0000, 0x0000, 0x0000, 0x0000, 0x0000, 0x0000, 0x0000, 0x0000, 0x0000, 0x0000, 0x0000,
  0x0000, 0x0000, 0x0000, 0x0000, 0x0000, 0x0000, 0x0000, 0x0000, 0x0000, 0x0000, 0x0000, 0x0000,
  0x0000, 0x0000, 0x0000, 0x0000, 0x0000, 0x0000, 0x0000, 0x0000, 0x0000, 0x0000, 0x0000, 0x0000,
  0x0000, 0x0000, 0x0000, 0x0000, 0x0000, 0x0000, 0x0000, 0x0000, 0x0000, 0x0000, 0x0000, 0x0000,
  0x0000, 0x0000, 0x0000, 0x0000, 0x0000, 0x22B0, 0x4D5F, 0x53D7, 0x3A6E, 0x3A8E, 0x5312, 0x73B7,
  0x5B53, 0x3AAE, 0x3A8D, 0x3A8E, 0x3A6E, 0x324E, 0x3A8E, 0x3AAE, 0x3AAE, 0x42AE, 0x42CE, 0x4AEF,
  0x5B92, 0x7455, 0x53D4, 0x4373, 0x4B72, 0x4B52, 0x4B73, 0x4B93, 0x4B73, 0x4311, 0x4311, 0x4B73,
  0x4B93, 0x4B93, 0x4B93, 0x53D4, 0x53D4, 0x4B73, 0x3B11, 0x3B11, 0x4332, 0x4B73, 0x4B72, 0x4310,
  0x3AD0, 0x4B31, 0x4B72, 0x53B3, 0x4B93, 0x3AAF, 0x21A9, 0x21AA, 0x21A9, 0x1989, 0x1128, 0x08C6,
  0x0064, 0x0063, 0x0084, 0x1107, 0x1989, 0x1989, 0x1968, 0x2189, 0x2189, 0x2189, 0x2189, 0x2189,
  0x1148, 0x0084, 0x0022, 0x0001, 0x0021, 0x0001, 0x0022, 0x0022, 0x0021, 0x0001, 0x0001, 0x0021,
  0x0021, 0x0022, 0x0022, 0x0042, 0x0084, 0x08A4, 0x08C5, 0x08A5, 0x0084, 0x00A4, 0x08C5, 0x08C5,
  0x08A5, 0x0063, 0x0063, 0x00A5, 0x0084, 0x0021, 0x0000, 0x0000, 0x0022, 0x0084, 0x0084, 0x08A5,
  0x0084, 0x0084, 0x0042, 0x0001, 0x0000, 0x0001, 0x0000, 0x0021, 0x0063, 0x0043, 0x0001, 0x0084,
  0x4B51, 0x5BB3, 0x5BD3, 0x6C34, 0x9579, 0x8D38, 0x9578, 0x8D37, 0x8CF5, 0x7CB5, 0x1925, 0x0820,
  0x0861, 0x0841, 0x0841, 0x0841, 0x0841, 0x0841, 0x0841, 0x0841, 0x0841, 0x0841, 0x0841, 0x0841,
  0x0841, 0x0841, 0x0841, 0x0841, 0x0841, 0x0841, 0x0020, 0x0841, 0x2149, 0x4272, 0x5B18, 0x52F6,
  0x52D4, 0x6312, 0x94B9, 0x657F, 0x2BD7, 0x0062, 0x0000, 0x0000, 0x0000, 0x0000, 0x0000, 0x0000,
  0x0000, 0x0000, 0x0000, 0x0000, 0x0000, 0x0000, 0x0000, 0x0000, 0x0000, 0x0000, 0x0000, 0x0000,
  0x0000, 0x0000, 0x0000, 0x0000, 0x0000, 0x0000, 0x0000, 0x0000, 0x0000, 0x0000, 0x0000, 0x0000,
  0x0000, 0x0000, 0x0000, 0x0000, 0x0000, 0x0000, 0x0000, 0x0000, 0x0000, 0x0000, 0x0000, 0x0000,
  0x0000, 0x0000, 0x0000, 0x0000, 0x0000, 0x0000, 0x0000, 0x0000, 0x0000, 0x0000, 0x0000, 0x0000,
  0x0000, 0x0000, 0x0000, 0x0000, 0x0000, 0x0000, 0x0000, 0x0000, 0x0000, 0x0000, 0x0000, 0x0000,
  0x0000, 0x0000, 0x0000, 0x0000, 0x0000, 0x0000, 0x0000, 0x0000, 0x0000, 0x0000, 0x0000, 0x0000,
  0x0000, 0x0000, 0x0000, 0x0000, 0x2354, 0x4D3F, 0x63D6, 0x5313, 0x42F0, 0x42CF, 0x42AF, 0x4AF1,
  0x5B33, 0x4AD0, 0x3A8E, 0x3AAE, 0x3AAE, 0x3AAE, 0x3AAE, 0x42AE, 0x42AE, 0x42AE, 0x42AE, 0x42CF,
  0x5B92, 0x7455, 0x53D4, 0x4B93, 0x4B93, 0x5393, 0x4B93, 0x5393, 0x4B93, 0x4B73, 0x4352, 0x4B93,
  0x4B93, 0x4B93, 0x4B93, 0x53D4, 0x53D5, 0x53D4, 0x4B73, 0x4352, 0x4B93, 0x5393, 0x4B73, 0x4352,
  0x4B52, 0x4B73, 0x4B93, 0x4B72, 0x4B93, 0x3ACF, 0x1968, 0x1968, 0x1948, 0x1148, 0x0907, 0x00A5,
  0x00A5, 0x08C6, 0x1127, 0x1969, 0x2189, 0x1969, 0x1968, 0x1968, 0x2189, 0x2189, 0x2189, 0x1968,
  0x00A5, 0x0022, 0x0001, 0x0001, 0x0001, 0x0021, 0x0022, 0x0042, 0x0022, 0x0022, 0x0042, 0x0043,
  0x0042, 0x0022, 0x0022, 0x0043, 0x0084, 0x08A4, 0x0084, 0x0043, 0x0042, 0x0084, 0x08E6, 0x08C5,
  0x0063, 0x0022, 0x0043, 0x0084, 0x0084, 0x0021, 0x0000, 0x0000, 0x0022, 0x0042, 0x0043, 0x0084,
  0x0063, 0x0084, 0x0063, 0x0021, 0x0001, 0x0001, 0x0001, 0x0042, 0x0043, 0x0021, 0x0000, 0x2A2C,
  0x5BB3, 0x5BB2, 0x5BD3, 0x8517, 0x9579, 0x8D38, 0x9558, 0x84D5, 0x9537, 0x4ACD, 0x0020, 0x0861,
  0x0861, 0x0841, 0x0841, 0x0841, 0x0841, 0x0841, 0x0841, 0x0841, 0x0841, 0x0841, 0x0841, 0x0841,
  0x0841, 0x0841, 0x0841, 0x0841, 0x0841, 0x0841, 0x10C5, 0x29AC, 0x3210, 0x29AD, 0x10E7, 0x2127,
  0x7BD7, 0x8438, 0x9CD9, 0x83F5, 0x5C9C, 0x347B, 0x08A4, 0x0000, 0x0000, 0x0000, 0x0000, 0x0000,
  0x0000, 0x0000, 0x0000, 0x0000, 0x0000, 0x0000, 0x0000, 0x0000, 0x0000, 0x0000, 0x0000, 0x0000,
  0x0000, 0x0000, 0x0000, 0x0000, 0x0000, 0x0000, 0x0000, 0x0000, 0x0000, 0x0000, 0x0000, 0x0000,
  0x0000, 0x0000, 0x0000, 0x0000, 0x0000, 0x0000, 0x0000, 0x0000, 0x0000, 0x0000, 0x0000, 0x0000,
  0x0000, 0x0000, 0x0000, 0x0000, 0x0000, 0x0000, 0x0000, 0x0000, 0x0000, 0x0000, 0x0000, 0x0000,
  0x0000, 0x0000, 0x0000, 0x0000, 0x0000, 0x0000, 0x0000, 0x0000, 0x0000, 0x0000, 0x0000, 0x0000,
  0x0000, 0x0000, 0x0000, 0x0000, 0x0000, 0x0000, 0x0000, 0x0000, 0x0000, 0x0000, 0x0000, 0x0000,
  0x0000, 0x0000, 0x0041, 0x2BB7, 0x5D5F, 0x73F7, 0x52F2, 0x42D0, 0x42EF, 0x42CF, 0x42D0, 0x42B0,
  0x42AF, 0x42AF, 0x3A8E, 0x3AAE, 0x3AAE, 0x3AAE, 0x3AAE, 0x3AAE, 0x3AAE, 0x3AAE, 0x3A8E, 0x42CF,
  0x5B92, 0x7455, 0x5BF4, 0x53B3, 0x53B3, 0x53B4, 0x53B3, 0x53B3, 0x5393, 0x4B93, 0x4B93, 0x53D4,
  0x53B4, 0x4B93, 0x4B93, 0x53D4, 0x53D4, 0x53D4, 0x4B73, 0x4373, 0x53B4, 0x53B4, 0x4B93, 0x4B93,
  0x4B93, 0x4B93, 0x5393, 0x4B73, 0x4B93, 0x328F, 0x0928, 0x0907, 0x1127, 0x1148, 0x0907, 0x0907,
  0x1127, 0x1968, 0x1969, 0x1969, 0x1968, 0x1968, 0x1968, 0x1968, 0x1969, 0x1989, 0x1968, 0x08C6,
  0x0043, 0x0021, 0x0001, 0x0001, 0x0001, 0x0021, 0x0042, 0x0063, 0x0084, 0x0084, 0x0084, 0x0043,
  0x0022, 0x0021, 0x0042, 0x0084, 0x0084, 0x0063, 0x0022, 0x0021, 0x0042, 0x08C5, 0x08E6, 0x00A4,
  0x0022, 0x0021, 0x0042, 0x0084, 0x0084, 0x0021, 0x0000, 0x0021, 0x0022, 0x0021, 0x0042, 0x0063,
  0x0042, 0x0063, 0x0063, 0x0042, 0x0021, 0x0021, 0x0021, 0x0042, 0x0063, 0x0000, 0x08C5, 0x4B51,
  0x5392, 0x5BB2, 0x6C34, 0x9578, 0x8518, 0x9578, 0x8D17, 0x84D5, 0x7453, 0x10C3, 0x0841, 0x0861,
  0x0861, 0x0841, 0x0841, 0x0841, 0x0841, 0x0841, 0x0841, 0x0841, 0x0841, 0x0841, 0x0841, 0x0841,
  0x0841, 0x0841, 0x0841, 0x0841, 0x0841, 0x10A4, 0x18E5, 0x0862, 0x0000, 0x0000, 0x0862, 0x7397,
  0x6B77, 0x73B4, 0x8457, 0x18E6, 0x8C37, 0x859F, 0x349C, 0x0927, 0x0000, 0x0020, 0x0000, 0x0000,
  0x0000, 0x0000, 0x0000, 0x0000, 0x0000, 0x0000, 0x0000, 0x0000, 0x0000, 0x0000, 0x0000, 0x0000,
  0x0000, 0x0000, 0x0000, 0x0000, 0x0000, 0x0000, 0x0000, 0x0000, 0x0000, 0x0000, 0x0000, 0x0000,
  0x0000, 0x0000, 0x0000, 0x0000, 0x0000, 0x0000, 0x0000, 0x0000, 0x0000, 0x0000, 0x0000, 0x0000,
  0x0000, 0x0000, 0x0000, 0x0000, 0x0000, 0x0000, 0x0000, 0x0000, 0x0000, 0x0000, 0x0000, 0x0000,
  0x0000, 0x0000, 0x0000, 0x0000, 0x0000, 0x0000, 0x0000, 0x0000, 0x0000, 0x0000, 0x0000, 0x0000,
  0x0000, 0x0000, 0x0000, 0x0000, 0x0000, 0x0000, 0x0000, 0x0000, 0x0000, 0x0000, 0x0000, 0x0000,
  0x0000, 0x0862, 0x3419, 0x5D1E, 0x9498, 0x6355, 0x3AB0, 0x42CF, 0x42CF, 0x42CF, 0x42EF, 0x4AF1,
  0x42CF, 0x42CF, 0x42CF, 0x42AF, 0x3AAE, 0x3AAE, 0x3AAE, 0x3A8E, 0x3A8E, 0x3AAE, 0x3AAE, 0x42CF,
  0x5B92, 0x7475, 0x6414, 0x5BD4, 0x5BF4, 0x53D4, 0x53B4, 0x53B3, 0x53B3, 0x53B3, 0x4B73, 0x53B3,
  0x4B73, 0x4B52, 0x4B93, 0x53D4, 0x53D4, 0x4B94, 0x4352, 0x4353, 0x4BB4, 0x4B94, 0x4B93, 0x4B93,
  0x4B73, 0x4B73, 0x53B4, 0x53B4, 0x4B73, 0x222D, 0x08E7, 0x0927, 0x1148, 0x1969, 0x1969, 0x1969,
  0x1989, 0x1968, 0x1127, 0x1127, 0x1948, 0x1968, 0x1968, 0x1969, 0x1989, 0x1968, 0x08E7, 0x0063,
  0x0022, 0x0001, 0x0001, 0x0001, 0x0022, 0x0063, 0x00C5, 0x08E6, 0x08C6, 0x00A5, 0x0043, 0x0021,
  0x0021, 0x0042, 0x0063, 0x0063, 0x0042, 0x0021, 0x0001, 0x0021, 0x0084, 0x08E6, 0x08C5, 0x0042,
  0x0001, 0x0021, 0x0063, 0x08A5, 0x0084, 0x0022, 0x0001, 0x0022, 0x0021, 0x0021, 0x0042, 0x0042,
  0x0021, 0x0022, 0x0042, 0x0021, 0x0021, 0x0001, 0x0021, 0x0043, 0x0064, 0x0022, 0x324C, 0x5351,
  0x5392, 0x5BB2, 0x84F7, 0x8D38, 0x8D18, 0x9D78, 0x84D5, 0x84F6, 0x3A6B, 0x0000, 0x0861, 0x0841,
  0x0841, 0x0841, 0x0841, 0x0841, 0x0841, 0x0841, 0x0841, 0x0841, 0x0841, 0x0841, 0x0841, 0x0841,
  0x0841, 0x0841, 0x0841, 0x0841, 0x0841, 0x0841, 0x0020, 0x0041, 0x0841, 0x0020, 0x5293, 0x52D3,
  0x10C5, 0x73D5, 0x2127, 0x31CB, 0x9CFB, 0x9C99, 0x5C3A, 0x44FE, 0x1168, 0x0000, 0x0020, 0x0000,
  0x0000, 0x0000, 0x0000, 0x0000, 0x0000, 0x0000, 0x0000, 0x0000, 0x0000, 0x0000, 0x0000, 0x0000,
  0x0000, 0x0000, 0x0000, 0x0000, 0x0000, 0x0000, 0x0000, 0x0000, 0x0000, 0x0000, 0x0000, 0x0000,
  0x0000, 0x0000, 0x0000, 0x0000, 0x0000, 0x0000, 0x0000, 0x0000, 0x0000, 0x0000, 0x0000, 0x0000,
  0x0000, 0x0000, 0x0000, 0x0000, 0x0000, 0x0000, 0x0000, 0x0000, 0x0000, 0x0000, 0x0000, 0x0000,
  0x0000, 0x0000, 0x0000, 0x0000, 0x0000, 0x0000, 0x0000, 0x0000, 0x0000, 0x0000, 0x0000, 0x0000,
  0x0000, 0x0000, 0x0000, 0x0000, 0x0000, 0x0000, 0x0000, 0x0000, 0x0000, 0x0000, 0x0000, 0x0000,
  0x08A4, 0x3C7B, 0x64DD, 0x8C56, 0x8437, 0x42D3, 0x3A91, 0x3AAE, 0x42CF, 0x5B72, 0x7C15, 0x8C78,
  0x8C98, 0x7C16, 0x5B53, 0x42D0, 0x42D0, 0x42AF, 0x3A8E, 0x3A8D, 0x3A8D, 0x3A8E, 0x42AE, 0x42CF,
  0x5BB2, 0x7475, 0x6414, 0x5BF4, 0x53B3, 0x4B72, 0x5393, 0x4B72, 0x4B52, 0x4331, 0x4311, 0x4331,
  0x4331, 0x4311, 0x4331, 0x4B72, 0x4B72, 0x4311, 0x32AF, 0x3AD0, 0x4352, 0x4B52, 0x4B52, 0x4331,
  0x3AF0, 0x3AF0, 0x4B72, 0x5BF5, 0x4B94, 0x222D, 0x0907, 0x1148, 0x1989, 0x2189, 0x2189, 0x1989,
  0x1968, 0x1127, 0x1127, 0x1948, 0x1968, 0x1969, 0x1969, 0x1968, 0x1969, 0x1128, 0x00A5, 0x0042,
  0x0021, 0x0021, 0x0022, 0x0063, 0x00A5, 0x08E6, 0x08E7, 0x08E6, 0x0084, 0x0042, 0x0021, 0x0021,
  0x0021, 0x0022, 0x0022, 0x0021, 0x0001, 0x0001, 0x0001, 0x0042, 0x08A5, 0x08C6, 0x0063, 0x0021,
  0x0000, 0x0021, 0x0084, 0x08C5, 0x08A5, 0x0063, 0x0042, 0x0042, 0x0001, 0x0021, 0x0022, 0x0022,
  0x0021, 0x0021, 0x0021, 0x0021, 0x0001, 0x0021, 0x0022, 0x0063, 0x0043, 0x1128, 0x4B10, 0x4B30,
  0x5371, 0x63F3, 0x9579, 0x8518, 0x9558, 0x8CF6, 0x84D5, 0x6C13, 0x1082, 0x0841, 0x0861, 0x0841,
  0x0841, 0x0841, 0x0841, 0x0841, 0x0841, 0x0841, 0x0841, 0x0841, 0x0841, 0x0841, 0x0841, 0x0841,
  0x0841, 0x0841, 0x0841, 0x0841, 0x0841, 0x0841, 0x0041, 0x0841, 0x0000, 0x2149, 0x39EE, 0x0000,
  0x2127, 0x4A90, 0x0021, 0x7BB5, 0x73B5, 0x5B76, 0x9479, 0x84DC, 0x451F, 0x11AA, 0x0000, 0x0000,
  0x0000, 0x0000, 0x0000, 0x0000, 0x0000, 0x0000, 0x0000, 0x0000, 0x0000, 0x0000, 0x0000, 0x0000,
  0x0000, 0x0000, 0x0000, 0x0000, 0x0000, 0x0000, 0x0000, 0x0000, 0x0000, 0x0000, 0x0000, 0x0000,
  0x0000, 0x0000, 0x0000, 0x0000, 0x0000, 0x0000, 0x0000, 0x0000, 0x0000, 0x0000, 0x0000, 0x0000,
  0x0000, 0x0000, 0x0000, 0x0000, 0x0000, 0x0000, 0x0000, 0x0000, 0x0000, 0x0000, 0x0000, 0x0000,
  0x0000, 0x0000, 0x0000, 0x0000, 0x0000, 0x0000, 0x0000, 0x0000, 0x0000, 0x0000, 0x0000, 0x0000,
  0x0000, 0x0000, 0x0000, 0x0000, 0x0000, 0x0000, 0x0000, 0x0000, 0x0000, 0x0000, 0x0000, 0x08C4,
  0x3C9B, 0x857E, 0xA4D9, 0x8C98, 0x5312, 0x3A8F, 0x3A92, 0x4B11, 0x8435, 0x9CBA, 0xACFB, 0xAD1C,
  0x8C78, 0x5B53, 0x3AAE, 0x3A8E, 0x3A8E, 0x3AAE, 0x3A8E, 0x326D, 0x3A8D, 0x3A8E, 0x3AAE, 0x42EF,
  0x5BB2, 0x7475, 0x5BF4, 0x5BF4, 0x5393, 0x4331, 0x5393, 0x5393, 0x4B52, 0x4B31, 0x4310, 0x4331,
  0x4311, 0x3AF0, 0x3AF0, 0x4311, 0x4311, 0x3AF0, 0x32AF, 0x3ACF, 0x4331, 0x4331, 0x4331, 0x4331,
  0x3AF0, 0x4311, 0x4331, 0x53B4, 0x53B4, 0x2A4E, 0x1128, 0x1989, 0x2189, 0x1989, 0x1969, 0x1968,
  0x1948, 0x1948, 0x1948, 0x1968, 0x1968, 0x1968, 0x1969, 0x1968, 0x1148, 0x08E7, 0x0084, 0x0022,
  0x0043, 0x0064, 0x00A5, 0x08E6, 0x08E7, 0x08E7, 0x08C6, 0x0084, 0x0042, 0x0021, 0x0001, 0x0001,
  0x0001, 0x0021, 0x0001, 0x0021, 0x0042, 0x0021, 0x0021, 0x0063, 0x08C5, 0x0084, 0x0022, 0x0001,
  0x0001, 0x0021, 0x0084, 0x08C5, 0x08C5, 0x08A5, 0x0084, 0x0042, 0x0001, 0x0021, 0x0021, 0x0021,
  0x0021, 0x0021, 0x0021, 0x0021, 0x0001, 0x0021, 0x0042, 0x0063, 0x0043, 0x326D, 0x4B10, 0x5351,
  0x4B51, 0x7CB6, 0x8D58, 0x8D38, 0x9558, 0x8494, 0x84D6, 0x322B, 0x0020, 0x0861, 0x0861, 0x0841,
  0x0841, 0x0841, 0x0841, 0x0841, 0x0841, 0x0841, 0x0841, 0x0841, 0x0841, 0x0841, 0x0041, 0x0841,
  0x0841, 0x0041, 0x0041, 0x0041, 0x0041, 0x0041, 0x0041, 0x0042, 0x10C5, 0x424F, 0x2147, 0x2106,
  0x424E, 0x0043, 0x2989, 0x3A2F, 0x3A0D, 0x8499, 0x8C99, 0x6355, 0x32B5, 0x44FF, 0x11EB, 0x0000,
  0x0000, 0x0000, 0x0000, 0x0000, 0x0000, 0x0000, 0x0000, 0x0000, 0x0000, 0x0000, 0x0000, 0x0000,
  0x0000, 0x0000, 0x0000, 0x0000, 0x0000, 0x0000, 0x0000, 0x0000, 0x0000, 0x0000, 0x0000, 0x0000,
  0x0000, 0x0000, 0x0000, 0x0000, 0x0000, 0x0000, 0x0000, 0x0000, 0x0000, 0x0000, 0x0000, 0x0000,
  0x0000, 0x0000, 0x0000, 0x0000, 0x0000, 0x0000, 0x0000, 0x0000, 0x0000, 0x0000, 0x0000, 0x0000,
  0x0000, 0x0000, 0x0000, 0x0000, 0x0000, 0x0000, 0x0000, 0x0000, 0x0000, 0x0000, 0x0000, 0x0000,
  0x0000, 0x0000, 0x0000, 0x0000, 0x0000, 0x0000, 0x0000, 0x0000, 0x0000, 0x0000, 0x08E5, 0x3CBC,
  0x7D3E, 0xB51A, 0xA51B, 0x7C37, 0x5B53, 0x42D0, 0x42D0, 0x8C97, 0xC5DC, 0xB55C, 0x9499, 0x6B94,
  0x42AF, 0x326D, 0x3A8E, 0x3A8E, 0x3A6D, 0x324D, 0x2A2D, 0x324D, 0x3A8D, 0x3A8E, 0x3AAE, 0x42EF,
  0x5B92, 0x7475, 0x63F4, 0x5BF4, 0x53B3, 0x4331, 0x4B72, 0x4B92, 0x4B72, 0x4B52, 0x4310, 0x42F0,
  0x3AD0, 0x3AD0, 0x3AD0, 0x3AD0, 0x3AD0, 0x32AF, 0x32AF, 0x3AF0, 0x4311, 0x4311, 0x4332, 0x4331,
  0x4352, 0x4331, 0x4311, 0x5393, 0x53D4, 0x328E, 0x1948, 0x1989, 0x1989, 0x1989, 0x1968, 0x1968,
  0x1968, 0x1948, 0x1147, 0x1968, 0x1968, 0x1968, 0x1968, 0x1968, 0x1127, 0x08C6, 0x0085, 0x0085,
  0x08E6, 0x08E6, 0x08E6, 0x08E6, 0x08E6, 0x08C6, 0x0084, 0x0042, 0x0021, 0x0001, 0x0001, 0x0000,
  0x0001, 0x0021, 0x0042, 0x0063, 0x0042, 0x0021, 0x0022, 0x0084, 0x08A5, 0x0042, 0x0001, 0x0000,
  0x0000, 0x0042, 0x08A5, 0x08C6, 0x08A5, 0x08A5, 0x00A5, 0x0042, 0x0021, 0x0021, 0x0001, 0x0021,
  0x0021, 0x0001, 0x0021, 0x0021, 0x0021, 0x0021, 0x0043, 0x0043, 0x1148, 0x4B30, 0x4AEF, 0x5371,
  0x5BB3, 0x8D38, 0x8517, 0x8D58, 0x84D6, 0x84B5, 0x7454, 0x10C4, 0x0841, 0x0861, 0x0861, 0x0841,
  0x0841, 0x0841, 0x0841, 0x0841, 0x0841, 0x0841, 0x0841, 0x0841, 0x0841, 0x0841, 0x0841, 0x0841,
  0x0841, 0x0041, 0x0041, 0x0041, 0x0042, 0x0042, 0x0021, 0x0862, 0x2969, 0x4A6F, 0x7BD7, 0x9CBB,
  0xB57B, 0x8C14, 0x424F, 0x194D, 0x73F6, 0x94D8, 0x3A0E, 0x2191, 0x3212, 0x8D1C, 0x559F, 0x11EC,
  0x0000, 0x0000, 0x0000, 0x0000, 0x0000, 0x0000, 0x0000, 0x0000, 0x0000, 0x0000, 0x0000, 0x0000,
  0x0000, 0x0000, 0x0000, 0x0000, 0x0000, 0x0000, 0x0000, 0x0000, 0x0000, 0x0000, 0x0000, 0x0000,
  0x0000, 0x0000, 0x0000, 0x0000, 0x0000, 0x0000, 0x0000, 0x0000, 0x0000, 0x0000, 0x0000, 0x0000,
  0x0000, 0x0000, 0x0000, 0x0000, 0x0000, 0x0000, 0x0000, 0x0000, 0x0000, 0x0000, 0x0000, 0x0000,
  0x0000, 0x0000, 0x0000, 0x0000, 0x0000, 0x0000, 0x0000, 0x0000, 0x0000, 0x0000, 0x0000, 0x0000,
  0x0000, 0x0000, 0x0000, 0x0000, 0x0000, 0x0000, 0x0000, 0x0000, 0x0000, 0x08E5, 0x44DD, 0x5C7C,
  0x6B96, 0x63B6, 0x7C37, 0x9CD9, 0x7C37, 0x5333, 0x5B73, 0x9CD9, 0xAD5B, 0x94B8, 0x5B53, 0x42B0,
  0x3A6D, 0x326D, 0x326D, 0x324D, 0x2A0C, 0x21EB, 0x220C, 0x326D, 0x3A8E, 0x3AAE, 0x42AE, 0x42EF,
  0x5B92, 0x7455, 0x5BD4, 0x5BD4, 0x53B3, 0x4311, 0x4331, 0x4B52, 0x4B72, 0x4B72, 0x4311, 0x3AF0,
  0x32AF, 0x328F, 0x32AF, 0x3AD0, 0x3AD0, 0x328E, 0x32AF, 0x4311, 0x4331, 0x4332, 0x4331, 0x4352,
  0x4332, 0x3AF0, 0x42F0, 0x5393, 0x53D4, 0x3AAF, 0x1968, 0x1989, 0x1969, 0x1989, 0x1968, 0x1968,
  0x1968, 0x1948, 0x1948, 0x1968, 0x1968, 0x1968, 0x1968, 0x1148, 0x0907, 0x0907, 0x0907, 0x1128,
  0x1148, 0x1107, 0x08E6, 0x08E6, 0x08C5, 0x0063, 0x0022, 0x0001, 0x0001, 0x0001, 0x0001, 0x0001,
  0x0021, 0x0043, 0x0084, 0x0063, 0x0021, 0x0001, 0x0042, 0x0084, 0x0063, 0x0021, 0x0001, 0x0000,
  0x0000, 0x0043, 0x08C5, 0x08C5, 0x08A5, 0x08A5, 0x08A5, 0x0063, 0x0022, 0x0021, 0x0001, 0x0001,
  0x0021, 0x0021, 0x0021, 0x0021, 0x0021, 0x0021, 0x0022, 0x0043, 0x328E, 0x4B10, 0x4B30, 0x4B51,
  0x7475, 0x8D38, 0x84F7, 0x8D37, 0x84B5, 0x8D16, 0x4ACD, 0x0000, 0x0862, 0x0861, 0x0861, 0x0861,
  0x0841, 0x0841, 0x0861, 0x0841, 0x0841, 0x0841, 0x0841, 0x0841, 0x0841, 0x0841, 0x0041, 0x0041,
  0x0041, 0x0041, 0x0041, 0x0021, 0x0000, 0x0020, 0x0883, 0x18E6, 0x298A, 0x39EC, 0x6B53, 0xA4FB,
  0xC5FD, 0xC5FD, 0x6B94, 0x3A0D, 0x6BD6, 0xAD7A, 0x8C56, 0x3A34, 0x7BF9, 0x8C34, 0x42D3, 0x3CFF,
  0x11EC, 0x0000, 0x0000, 0x0000, 0x0000, 0x0000, 0x0000, 0x0000, 0x0000, 0x0000, 0x0000, 0x0000,
  0x0000, 0x0000, 0x0000, 0x0000, 0x0000, 0x0000, 0x0000, 0x0000, 0x0000, 0x0000, 0x0000, 0x0000,
  0x0000, 0x0000, 0x0000, 0x0000, 0x0000, 0x0000, 0x0000, 0x0000, 0x0000, 0x0000, 0x0000, 0x0000,
  0x0000, 0x0000, 0x0000, 0x0000, 0x0000, 0x0000, 0x0000, 0x0000, 0x0000, 0x0000, 0x0000, 0x0000,
  0x0000, 0x0000, 0x0000, 0x0000, 0x0000, 0x0000, 0x0000, 0x0000, 0x0000, 0x0000, 0x0000, 0x0000,
  0x0000, 0x0000, 0x0000, 0x0000, 0x0000, 0x0000, 0x0000, 0x0000, 0x08C4, 0x3CBC, 0x7D1E, 0x6377,
  0x4313, 0x5B93, 0x94B8, 0xB55B, 0x8457, 0x4311, 0x6BF5, 0x8C7A, 0x8458, 0x5B72, 0x4AF1, 0x5B34,
  0x4AF1, 0x42CF, 0x3A8E, 0x2A0C, 0x19AA, 0x21CB, 0x324D, 0x3A8E, 0x3AAE, 0x3AAE, 0x3AAE, 0x42EF,
  0x5BB2, 0x7455, 0x5BD4, 0x5BD4, 0x53D3, 0x3AF0, 0x3AF0, 0x4311, 0x4331, 0x4B52, 0x4331, 0x4311,
  0x328F, 0x2A6E, 0x328F, 0x3AD0, 0x32D0, 0x32AF, 0x3AD0, 0x3AF0, 0x4352, 0x4B72, 0x4331, 0x3ACF,
  0x3AAF, 0x3ACF, 0x42F0, 0x5393, 0x4BB4, 0x3AAF, 0x1968, 0x1989, 0x1989, 0x1989, 0x1989, 0x1968,
  0x1148, 0x1127, 0x1127, 0x1948, 0x1969, 0x1968, 0x1148, 0x1107, 0x1127, 0x1148, 0x1968, 0x1948,
  0x1148, 0x1107, 0x08E7, 0x00A5, 0x0043, 0x0021, 0x0001, 0x0001, 0x0000, 0x0000, 0x0001, 0x0021,
  0x0043, 0x0084, 0x0063, 0x0021, 0x0000, 0x0001, 0x0043, 0x0084, 0x0042, 0x0001, 0x0001, 0x0001,
  0x0022, 0x0084, 0x08A5, 0x08A5, 0x08A5, 0x08A5, 0x00A4, 0x0043, 0x0022, 0x0021, 0x0021, 0x0021,
  0x0021, 0x0021, 0x0021, 0x0021, 0x0021, 0x0021, 0x0022, 0x0907, 0x4B31, 0x42EF, 0x4B31, 0x5392,
  0x8D17, 0x8518, 0x8D38, 0x8CF6, 0x84B5, 0x7C95, 0x1925, 0x0020, 0x0862, 0x0841, 0x0861, 0x0861,
  0x0841, 0x0841, 0x0841, 0x0841, 0x0841, 0x0841, 0x0841, 0x0841, 0x0841, 0x0041, 0x0041, 0x0041,
  0x0041, 0x0021, 0x0020, 0x0883, 0x298A, 0x4251, 0x5317, 0x73DA, 0x8C5B, 0xAD3C, 0xC5DC, 0xAD19,
  0x8C55, 0x7C16, 0x2989, 0xA4F7, 0x5B32, 0x8434, 0xD67E, 0x9479, 0x73B5, 0x1108, 0x31EF, 0x7CBB,
  0x4D5F, 0x11EC, 0x0000, 0x0000, 0x0000, 0x0000, 0x0000, 0x0000, 0x0000, 0x0000, 0x0000, 0x0000,
  0x0000, 0x0000, 0x0000, 0x0000, 0x0000, 0x0000, 0x0000, 0x0000, 0x0000, 0x0000, 0x0000, 0x0000,
  0x0000, 0x0000, 0x0000, 0x0000, 0x0000, 0x0000, 0x0000, 0x0000, 0x0000, 0x0000, 0x0000, 0x0000,
  0x0000, 0x0000, 0x0000, 0x0000, 0x0000, 0x0000, 0x0000, 0x0000, 0x0000, 0x0000, 0x0000, 0x0000,
  0x0000, 0x0000, 0x0000, 0x0000, 0x0000, 0x0000, 0x0000, 0x0000, 0x0000, 0x0000, 0x0000, 0x0000,
  0x0000, 0x0000, 0x0000, 0x0000, 0x0000, 0x0000, 0x0000, 0x08A4, 0x3C9B, 0x8D7E, 0x8419, 0x4B14,
  0x5BB3, 0xA519, 0xBD9C, 0xB55B, 0xA518, 0x8496, 0xAD59, 0xA4FB, 0x7C1A, 0x5332, 0x42AF, 0x5333,
  0x7C16, 0x9CB8, 0x8C57, 0x5B55, 0x3A70, 0x3A6E, 0x3A6D, 0x3A8E, 0x42AE, 0x42AE, 0x3A8E, 0x42CF,
  0x5BB2, 0x7475, 0x5BF4, 0x53D4, 0x53D4, 0x4311, 0x4311, 0x4311, 0x4331, 0x4B52, 0x4331, 0x4311,
  0x32AF, 0x32AF, 0x3ACF, 0x3AF0, 0x3AD0, 0x3AD0, 0x3AD0, 0x3AD0, 0x4311, 0x4332, 0x3AF0, 0x328E,
  0x328E, 0x3AF0, 0x4B51, 0x53D4, 0x53B4, 0x3A8F, 0x1968, 0x1989, 0x1989, 0x1989, 0x1989, 0x1968,
  0x0907, 0x08C6, 0x1127, 0x1969, 0x1989, 0x1969, 0x1148, 0x1128, 0x1948, 0x1948, 0x1948, 0x1948,
  0x1148, 0x0907, 0x00A5, 0x0042, 0x0001, 0x0000, 0x0000, 0x0000, 0x0001, 0x0001, 0x0021, 0x0042,
  0x0084, 0x0063, 0x0022, 0x0021, 0x0001, 0x0021, 0x0042, 0x0043, 0x0021, 0x0001, 0x0021, 0x0042,
  0x0084, 0x08C5, 0x08A4, 0x08A5, 0x08A5, 0x08A5, 0x0084, 0x0042, 0x0021, 0x0021, 0x0021, 0x0021,
  0x0001, 0x0021, 0x0021, 0x0021, 0x0021, 0x0021, 0x0043, 0x2A2C, 0x4AEF, 0x4B10, 0x4B51, 0x6C34,
  0x8D58, 0x84F7, 0x8D38, 0x84B5, 0x84D5, 0x5350, 0x0021, 0x0861, 0x0841, 0x0841, 0x0841, 0x0841,
  0x0841, 0x0841, 0x0841, 0x0841, 0x0841, 0x0841, 0x0841, 0x0041, 0x0041, 0x0041, 0x0041, 0x0041,
  0x0042, 0x10A4, 0x318A, 0x4A92, 0x52D5, 0x4AF8, 0x5338, 0x7397, 0x949A, 0xBDBC, 0xC5FC, 0x6B94,
  0x52D1, 0x94B9, 0xB57A, 0xD69D, 0xAD18, 0xBDBA, 0xC5FD, 0xB57B, 0x08A6, 0x3A53, 0x52F6, 0x8C35,
  0xADFD, 0x4D5F, 0x11CB, 0x0000, 0x0000, 0x0000, 0x0000, 0x0000, 0x0000, 0x0000, 0x0000, 0x0000,
  0x0000, 0x0000, 0x0000, 0x0000, 0x0000, 0x0000, 0x0000, 0x0000, 0x0000, 0x0000, 0x0000, 0x0000,
  0x0000, 0x0000, 0x0000, 0x0000, 0x0000, 0x0000, 0x0000, 0x0000, 0x0000, 0x0000, 0x0000, 0x0000,
  0x0000, 0x0000, 0x0000, 0x0000, 0x0000, 0x0000, 0x0000, 0x0000, 0x0000, 0x0000, 0x0000, 0x0000,
  0x0000, 0x0000, 0x0000, 0x0000, 0x0000, 0x0000, 0x0000, 0x0000, 0x0000, 0x0000, 0x0000, 0x0000,
  0x0000, 0x0000, 0x0000, 0x0000, 0x0000, 0x0000, 0x0883, 0x347B, 0x8DBE, 0xA4DA, 0x5B76, 0x4B31,
  0x9CF8, 0xC5DC, 0xBDBC, 0xBDBB, 0xC5DC, 0xC5FB, 0xD65D, 0xB57B, 0x6BB9, 0x5335, 0x3A8E, 0x3AB1,
  0x4B12, 0x73F5, 0x9479, 0x7BF9, 0x73B9, 0x73B8, 0x5B54, 0x4ACF, 0x3A8E, 0x3A8E, 0x3AAE, 0x42EF,
  0x5BB2, 0x7C95, 0x5BD4, 0x53D4, 0x4B72, 0x3ACF, 0x4311, 0x4B52, 0x4B72, 0x4B72, 0x4B52, 0x4331,
  0x4311, 0x4311, 0x3B11, 0x3B11, 0x3AD0, 0x3AD0, 0x3AAF, 0x32AF, 0x3AF1, 0x4311, 0x3B11, 0x328E,
  0x3AAF, 0x4310, 0x4B52, 0x5BF4, 0x53D4, 0x3AAF, 0x1968, 0x1989, 0x1969, 0x1968, 0x1148, 0x1127,
  0x0907, 0x1128, 0x1969, 0x1989, 0x1969, 0x1968, 0x1948, 0x1968, 0x1968, 0x1948, 0x1948, 0x1968,
  0x1107, 0x0084, 0x0022, 0x0001, 0x0000, 0x0000, 0x0000, 0x0000, 0x0001, 0x0021, 0x0042, 0x0084,
  0x0083, 0x0042, 0x0021, 0x0021, 0x0021, 0x0021, 0x0021, 0x0021, 0x0021, 0x0021, 0x0022, 0x0063,
  0x08A5, 0x00A5, 0x0084, 0x0084, 0x0084, 0x08A5, 0x00A4, 0x0042, 0x0001, 0x0021, 0x0021, 0x0021,
  0x0021, 0x0021, 0x0021, 0x0021, 0x0022, 0x0001, 0x0063, 0x3AAF, 0x42EF, 0x4B51, 0x5371, 0x84D7,
  0x8538, 0x8518, 0x8D17, 0x84D5, 0x7CD6, 0x29C9, 0x0000, 0x0862, 0x0841, 0x0841, 0x0841, 0x0841,
  0x0041, 0x0041, 0x0041, 0x0841, 0x0841, 0x0041, 0x0041, 0x0041, 0x0041, 0x0041, 0x0041, 0x0041,
  0x0042, 0x1083, 0x0883, 0x0062, 0x0041, 0x0041, 0x0863, 0x52D0, 0xAD5C, 0x9498, 0x39EC, 0x42D4,
  0x8C78, 0xAD1B, 0xC5FC, 0xCE1C, 0xD67D, 0xD65C, 0xBDBC, 0xAD3B, 0x52F3, 0x5319, 0x29CE, 0x8436,
  0xBDBA, 0x9D5C, 0x4D1F, 0x1189, 0x0000, 0x0000, 0x0000, 0x0000, 0x0000, 0x0000, 0x0000, 0x0000,
  0x0000, 0x0000, 0x0000, 0x0000, 0x0000, 0x0000, 0x0000, 0x0000, 0x0000, 0x0000, 0x0000, 0x0000,
  0x0000, 0x0000, 0x0000, 0x0000, 0x0000, 0x0000, 0x0000, 0x0000, 0x0000, 0x0000, 0x0000, 0x0000,
  0x0000, 0x0000, 0x0000, 0x0000, 0x0000, 0x0000, 0x0000, 0x0000, 0x0000, 0x0000, 0x0000, 0x0000,
  0x0000, 0x0000, 0x0000, 0x0000, 0x0000, 0x0000, 0x0000, 0x0000, 0x0000, 0x0000, 0x0000, 0x0000,
  0x0000, 0x0000, 0x0000, 0x0000, 0x0000, 0x0042, 0x3439, 0x859F, 0xA4FA, 0x741A, 0x5B95, 0x8C97,
  0xBD9C, 0xC5BC, 0xC5BC, 0xBDBC, 0xA51A, 0xB57B, 0xD63D, 0xC5DC, 0x6BB8, 0x4AD6, 0x4AF1, 0x2A2F,
  0x19AE, 0x6394, 0x9CD9, 0x6BB4, 0x5B34, 0x6376, 0x6398, 0x6376, 0x5311, 0x3A8D, 0x3A8D, 0x42EF,
  0x63D3, 0x7C96, 0x5BD4, 0x53D4, 0x4B72, 0x32AF, 0x3ACF, 0x4310, 0x4B51, 0x4B52, 0x4331, 0x4332,
  0x4352, 0x4B52, 0x4331, 0x3AF0, 0x32AF, 0x32AF, 0x32AF, 0x32AF, 0x3AD0, 0x3B11, 0x3AF0, 0x32AF,
  0x3AD0, 0x42F0, 0x4331, 0x53D4, 0x53F5, 0x328F, 0x1948, 0x1969, 0x1968, 0x1948, 0x1948, 0x1128,
  0x1148, 0x1989, 0x1989, 0x1989, 0x1969, 0x1968, 0x1969, 0x1969, 0x1968, 0x1148, 0x1148, 0x1127,
  0x0084, 0x0021, 0x0000, 0x0000, 0x0000, 0x0001, 0x0001, 0x0001, 0x0021, 0x0042, 0x0084, 0x0064,
  0x0002, 0x0000, 0x0000, 0x0001, 0x0022, 0x0021, 0x0021, 0x0021, 0x0021, 0x0022, 0x0063, 0x08A4,
  0x08A5, 0x0084, 0x0042, 0x0042, 0x0064, 0x08C5, 0x00A5, 0x0042, 0x0021, 0x0021, 0x0021, 0x0021,
  0x0021, 0x0021, 0x0021, 0x0022, 0x0021, 0x0000, 0x1927, 0x4310, 0x4B10, 0x4B51, 0x5BB2, 0x8D38,
  0x8518, 0x9558, 0x8D16, 0x8CF6, 0x63F3, 0x0883, 0x0041, 0x0841, 0x0841, 0x0841, 0x0041, 0x0041,
  0x0041, 0x0041, 0x0041, 0x0041, 0x0041, 0x0042, 0x0042, 0x0042, 0x0041, 0x0041, 0x0041, 0x0041,
  0x0041, 0x0021, 0x0021, 0x0041, 0x0000, 0x0842, 0x5AF2, 0x947A, 0x6311, 0x10C4, 0x29CD, 0x2189,
  0x8C77, 0x9CDB, 0xB57A, 0xC5FC, 0xD65C, 0xCE3C, 0x9CB8, 0x7C18, 0x8C7B, 0x21B0, 0x29AB, 0x94DA,
  0x9CF8, 0x9CBA, 0x541B, 0x3CDE, 0x0927, 0x0000, 0x0000, 0x0000, 0x0000, 0x0000, 0x0000, 0x0000,
  0x0000, 0x0000, 0x0000, 0x0000, 0x0000, 0x0000, 0x0000, 0x0000, 0x0000, 0x0000, 0x0000, 0x0000,
  0x0000, 0x0000, 0x0000, 0x0000, 0x0000, 0x0000, 0x0000, 0x0000, 0x0000, 0x0000, 0x0000, 0x0000,
  0x0000, 0x0000, 0x0000, 0x0000, 0x0000, 0x0000, 0x0000, 0x0000, 0x0000, 0x0000, 0x0000, 0x0000,
  0x0000, 0x0000, 0x0000, 0x0000, 0x0000, 0x0000, 0x0000, 0x0000, 0x0000, 0x0000, 0x0000, 0x0000,
  0x0000, 0x0000, 0x0000, 0x0000, 0x0021, 0x3418, 0x757F, 0xA4DA, 0x843B, 0x73F9, 0x7436, 0xAD5A,
  0xBD7C, 0xBD7C, 0xC5DC, 0xAD5B, 0x73F6, 0xA519, 0xCE1C, 0xC5FB, 0x6BB6, 0x4295, 0x5B34, 0x3A6F,
  0x2A11, 0x5B35, 0xA51A, 0xAD39, 0x6392, 0x3A8E, 0x3A8F, 0x42B1, 0x5B13, 0x4AB0, 0x3A8E, 0x4B0F,
  0x63D3, 0x7CB6, 0x53D4, 0x53B4, 0x4B51, 0x32AF, 0x3AF0, 0x4310, 0x4B51, 0x4B52, 0x4B52, 0x4B52,
  0x4B52, 0x4352, 0x4331, 0x3B11, 0x32AF, 0x32AF, 0x328F, 0x3AF1, 0x3AD0, 0x3AF0, 0x3AF0, 0x3ACF,
  0x3AF0, 0x3AF0, 0x4310, 0x4B93, 0x53F5, 0x326E, 0x1107, 0x1128, 0x1128, 0x1148, 0x1968, 0x1128,
  0x1968, 0x1989, 0x1989, 0x1989, 0x1969, 0x1969, 0x1968, 0x1128, 0x08E6, 0x1107, 0x1128, 0x00A5,
  0x0021, 0x0000, 0x0000, 0x0001, 0x0001, 0x0001, 0x0021, 0x0001, 0x0000, 0x0001, 0x0064, 0x10E5,
  0x2167, 0x2987, 0x2125, 0x0882, 0x0000, 0x0000, 0x0001, 0x0042, 0x0022, 0x0042, 0x0084, 0x08A5,
  0x00A4, 0x0042, 0x0021, 0x0021, 0x0043, 0x08A5, 0x08A5, 0x0063, 0x0021, 0x0001, 0x0021, 0x0001,
  0x0021, 0x0021, 0x0001, 0x0022, 0x0022, 0x0000, 0x2A0C, 0x42EF, 0x4B30, 0x4B31, 0x6C34, 0x8D58,
  0x8D38, 0x9558, 0x8CD5, 0x84D6, 0x4AED, 0x0000, 0x0862, 0x0841, 0x0041, 0x0041, 0x0041, 0x0041,
  0x0041, 0x0041, 0x0041, 0x0041, 0x0042, 0x0042, 0x0042, 0x0042, 0x0041, 0x0041, 0x0041, 0x0041,
  0x0041, 0x0041, 0x0042, 0x0042, 0x2127, 0x6B76, 0x7BFA, 0x73B7, 0x6311, 0x29EC, 0x6B93, 0x52AF,
  0x9CDB, 0x9CFC, 0xAD3A, 0xBDBC, 0xC5FC, 0xC5DC, 0x9CF9, 0x29AB, 0x73B7, 0x0842, 0x4A8F, 0x8459,
  0x8C58, 0x8C9B, 0x29AE, 0x11CC, 0x3CBE, 0x08A4, 0x0000, 0x0000, 0x0000, 0x0000, 0x0000, 0x0000,
  0x0000, 0x0000, 0x0000, 0x0000, 0x0000, 0x0000, 0x0000, 0x0000, 0x0000, 0x0000, 0x0000, 0x0000,
  0x0000, 0x0000, 0x0000, 0x0000, 0x0000, 0x0000, 0x0000, 0x0000, 0x0000, 0x0000, 0x0000, 0x0000,
  0x0000, 0x0000, 0x0000, 0x0000, 0x0000, 0x0000, 0x0000, 0x0000, 0x0000, 0x0000, 0x0000, 0x0000,
  0x0000, 0x0000, 0x0000, 0x0000, 0x0000, 0x0000, 0x0000, 0x0000, 0x0000, 0x0000, 0x0000, 0x0000,
  0x0000, 0x0000, 0x0000, 0x0000, 0x33D6, 0x551D, 0x8457, 0x741A, 0x6BDA, 0x7C58, 0x9CF9, 0xBD7C,
  0xB57C, 0xB57B, 0xB55C, 0x949A, 0x5B94, 0x9CD8, 0xBD7B, 0xB55B, 0x6BD6, 0x4AD5, 0x73B8, 0x6374,
  0x73D7, 0x6375, 0x6394, 0xA4FA, 0x9498, 0x4AEF, 0x324C, 0x324C, 0x3A4D, 0x3A8F, 0x42B0, 0x4B10,
  0x63D3, 0x7CB6, 0x53D4, 0x53B3, 0x4B72, 0x3ACF, 0x3ACF, 0x3AF0, 0x4B52, 0x4B52, 0x4B52, 0x4B52,
  0x4B52, 0x4331, 0x4331, 0x3AF0, 0x32AF, 0x328E, 0x5331, 0x5372, 0x32AF, 0x3B11, 0x3AF1, 0x3AF0,
  0x3AD0, 0x32AF, 0x3AF0, 0x3B12, 0x3B33, 0x220D, 0x08E6, 0x1127, 0x1148, 0x1969, 0x1969, 0x1968,
  0x1968, 0x1969, 0x1969, 0x1968, 0x1128, 0x1107, 0x1128, 0x1127, 0x08E6, 0x1127, 0x08E6, 0x0043,
  0x0001, 0x0001, 0x0001, 0x0021, 0x0022, 0x0042, 0x0000, 0x0021, 0x39E9, 0x7C11, 0x9D57, 0xB5FA,
  0xBE7C, 0xC69C, 0xBE5B, 0x9D99, 0x7C74, 0x4AAC, 0x0883, 0x0000, 0x0042, 0x0084, 0x00A4, 0x00A4,
  0x0063, 0x0021, 0x0001, 0x0001, 0x0043, 0x0084, 0x0084, 0x0063, 0x0021, 0x0001, 0x0001, 0x0021,
  0x0021, 0x0021, 0x0001, 0x0042, 0x0022, 0x0063, 0x3A8D, 0x42AE, 0x4B31, 0x4B51, 0x84D6, 0x8D38,
  0x8D58, 0x8D37, 0x7C95, 0x7C95, 0x2187, 0x0000, 0x0842, 0x0041, 0x0041, 0x0041, 0x0042, 0x0042,
  0x0042, 0x0041, 0x0041, 0x0042, 0x0042, 0x0042, 0x0042, 0x0042, 0x0042, 0x0042, 0x0041, 0x0041,
  0x0041, 0x0062, 0x0863, 0x29AB, 0x6BBA, 0x73DA, 0x949B, 0x9CB9, 0x6B93, 0x424D, 0x9477, 0x94BA,
  0x8C7B, 0x5B13, 0x9499, 0xB55C, 0x9CDB, 0xA4FB, 0xAD3C, 0x1906, 0x10A4, 0x31AA, 0x4AB2, 0x19AE,
  0x73F8, 0x843A, 0x1929, 0x0000, 0x22D3, 0x3C7C, 0x0042, 0x0000, 0x0000, 0x0000, 0x0000, 0x0000,
  0x0000, 0x0000, 0x0000, 0x0000, 0x0000, 0x0000, 0x0000, 0x0000, 0x0000, 0x0000, 0x0000, 0x0000,
  0x0000, 0x0000, 0x0000, 0x0000, 0x0000, 0x0000, 0x0000, 0x0000, 0x0000, 0x0000, 0x0000, 0x0000,
  0x0000, 0x0000, 0x0000, 0x0000, 0x0000, 0x0000, 0x0000, 0x0000, 0x0000, 0x0000, 0x0000, 0x0000,
  0x0000, 0x0000, 0x0000, 0x0000, 0x0000, 0x0000, 0x0000, 0x0000, 0x0000, 0x0000, 0x0000, 0x0000,
  0x0000, 0x0000, 0x0000, 0x2AF2, 0x4CFD, 0x4311, 0x6BD8, 0x63BA, 0x8459, 0x8497, 0xA53A, 0xBD9C,
  0xAD5B, 0x7C36, 0x8438, 0x7C18, 0x4B11, 0x7C36, 0x9CDA, 0xAD5B, 0x94D9, 0x5332, 0x6BB8, 0x73F8,
  0x9479, 0x7BF7, 0x3A8F, 0x6353, 0x8C39, 0x73B5, 0x3A8E, 0x3A6D, 0x3A6D, 0x3A8D, 0x42AF, 0x42F1,
  0x63B3, 0x7CB6, 0x53B3, 0x5393, 0x4B72, 0x3ACF, 0x3ACF, 0x3AD0, 0x4331, 0x4331, 0x4B51, 0x4B51,
  0x4352, 0x4311, 0x4311, 0x3AD0, 0x4B31, 0x5B74, 0x6BF6, 0x42D0, 0x32CF, 0x4311, 0x4331, 0x32AF,
  0x222D, 0x222D, 0x2A6F, 0x32F2, 0x224F, 0x118B, 0x0907, 0x1148, 0x1969, 0x1989, 0x1989, 0x1969,
  0x1968, 0x1969, 0x1148, 0x08E7, 0x00A5, 0x00A5, 0x1107, 0x1127, 0x1107, 0x1107, 0x0084, 0x0022,
  0x0022, 0x0042, 0x0043, 0x0063, 0x0022, 0x0001, 0x4229, 0xA556, 0xD6DD, 0xD6FD, 0xC6BD, 0xBE7C,
  0xBE7C, 0xBE9C, 0xC69C, 0xAE3C, 0x9DFB, 0xAE5C, 0xA5B9, 0x52ED, 0x0042, 0x0023, 0x08A5, 0x0084,
  0x0042, 0x0021, 0x0000, 0x0021, 0x0042, 0x0063, 0x0063, 0x0043, 0x0021, 0x0001, 0x0021, 0x0021,
  0x0021, 0x0001, 0x0001, 0x0043, 0x0022, 0x1127, 0x42AE, 0x42CE, 0x4B31, 0x5B92, 0x8D38, 0x8518,
  0x8D58, 0x84D6, 0x84B5, 0x63F3, 0x0883, 0x0041, 0x0041, 0x0041, 0x0042, 0x0042, 0x0042, 0x0042,
  0x0042, 0x0042, 0x0042, 0x0042, 0x0042, 0x0042, 0x0042, 0x0042, 0x0042, 0x0042, 0x0042, 0x0042,
  0x0042, 0x0021, 0x10C5, 0x42B5, 0x5B39, 0x7C3B, 0x6B95, 0x52AF, 0x8438, 0x7C17, 0xA4FA, 0x843B,
  0x5B37, 0x2149, 0x947A, 0x9CDB, 0x845A, 0x7C1A, 0x949B, 0x3A0C, 0x0000, 0x194A, 0x10E7, 0x114B,
  0x4292, 0x7BF9, 0x1929, 0x0000, 0x0001, 0x2B34, 0x33F8, 0x0000, 0x0000, 0x0000, 0x0000, 0x0000,
  0x0000, 0x0000, 0x0000, 0x0000, 0x0000, 0x0000, 0x0000, 0x0000, 0x0000, 0x0000, 0x0000, 0x0000,
  0x0000, 0x0000, 0x0000, 0x0000, 0x0000, 0x0000, 0x0000, 0x0000, 0x0000, 0x0000, 0x0000, 0x0000,
  0x0000, 0x0000, 0x0000, 0x0000, 0x0000, 0x0000, 0x0000, 0x0000, 0x0000, 0x0000, 0x0000, 0x0000,
  0x0000, 0x0000, 0x0000, 0x0000, 0x0000, 0x0000, 0x0000, 0x0000, 0x0000, 0x0000, 0x0000, 0x0000,
  0x0000, 0x0000, 0x1A0D, 0x555F, 0x4B32, 0x4332, 0x5B99, 0x7C1A, 0x9CF9, 0xA539, 0xBD7C, 0x9CF9,
  0x63B3, 0x42CF, 0x73F6, 0x6BB6, 0x3AAE, 0x7415, 0xA51B, 0xB57C, 0xA51A, 0x4B31, 0x42F2, 0x5B57,
  0x83F8, 0x8C39, 0x42D0, 0x3A6D, 0x6354, 0x73B8, 0x4AD1, 0x3A6D, 0x3A8E, 0x3A8E, 0x42AE, 0x4AF0,
  0x63D3, 0x7476, 0x53B3, 0x53B4, 0x4B93, 0x3AF0, 0x3AD0, 0x3AAF, 0x4311, 0x4311, 0x4331, 0x4331,
  0x4B72, 0x4B52, 0x4311, 0x63B4, 0x6BD6, 0x42F4, 0x5355, 0x4312, 0x32D0, 0x4311, 0x3AF0, 0x220D,
  0x19CB, 0x19EC, 0x220D, 0x2AB0, 0x32D1, 0x21EC, 0x1148, 0x1969, 0x1969, 0x1969, 0x1989, 0x1969,
  0x1969, 0x1148, 0x08C6, 0x0084, 0x0063, 0x00A5, 0x0907, 0x08E6, 0x1107, 0x08C6, 0x0063, 0x0063,
  0x0084, 0x08C5, 0x00A5, 0x0042, 0x0862, 0x7C52, 0xBE7C, 0xC69C, 0xBE5B, 0xC67C, 0xC6BC, 0xCEBC,
  0xC69C, 0xBE9C, 0xC69C, 0xBE7C, 0xB63B, 0xA5FB, 0xAE3C, 0xBE9D, 0x9D57, 0x29A8, 0x0022, 0x0084,
  0x0022, 0x0000, 0x0000, 0x0021, 0x0063, 0x0063, 0x0042, 0x0042, 0x0021, 0x0021, 0x0021, 0x0021,
  0x0021, 0x0021, 0x0021, 0x0043, 0x0043, 0x21AA, 0x3A8D, 0x42EF, 0x4B51, 0x6C14, 0x8D58, 0x8538,
  0x8D38, 0x7C94, 0x8CF6, 0x42CE, 0x0021, 0x0862, 0x0042, 0x0042, 0x0042, 0x0042, 0x0042, 0x0042,
  0x0042, 0x0042, 0x0042, 0x0042, 0x0042, 0x0042, 0x0042, 0x0042, 0x0042, 0x0042, 0x0021, 0x0042,
  0x0000, 0x10C5, 0x4AF7, 0x4AFA, 0x4AD6, 0x31CC, 0x2106, 0x7BF7, 0x73D9, 0x8419, 0x8419, 0x73DB,
  0x29AF, 0x18E5, 0x94BB, 0x845A, 0x7C1A, 0x42D7, 0x7C1B, 0x52B1, 0x0001, 0x0064, 0x0022, 0x08E8,
  0x0884, 0x73B7, 0x1928, 0x0000, 0x0021, 0x0000, 0x33B7, 0x2334, 0x0000, 0x0000, 0x0000, 0x0000,
  0x0000, 0x0000, 0x0000, 0x0000, 0x0000, 0x0000, 0x0000, 0x0000, 0x0000, 0x0000, 0x0000, 0x0000,
  0x0000, 0x0000, 0x0000, 0x0000, 0x0000, 0x0000, 0x0000, 0x0000, 0x0000, 0x0000, 0x0000, 0x0000,
  0x0000, 0x0000, 0x0000, 0x0000, 0x0000, 0x0000, 0x0000, 0x0000, 0x0000, 0x0000, 0x0000, 0x0000,
  0x0000, 0x0000, 0x0000, 0x0000, 0x0000, 0x0000, 0x0000, 0x0000, 0x0000, 0x0000, 0x0000, 0x0000,
  0x0000, 0x1189, 0x4D3F, 0x7478, 0x5B93, 0x4B94, 0x63B8, 0x949A, 0xA519, 0xBD9B, 0xAD3B, 0x6395,
  0x3A8E, 0x3A8E, 0x73F5, 0x5B73, 0x3AAE, 0x6BB4, 0xAD1B, 0xB55C, 0x9CB9, 0x42CF, 0x326D, 0x3AB1,
  0x6B76, 0x8C59, 0x5311, 0x324C, 0x3A6E, 0x5B35, 0x5B35, 0x3A8E, 0x3A8D, 0x3A8E, 0x3AAE, 0x4AEF,
  0x63D3, 0x7475, 0x53B4, 0x53D4, 0x4B72, 0x4311, 0x3AF0, 0x3AAF, 0x42F0, 0x4311, 0x4351, 0x4331,
  0x4B72, 0x4352, 0x5BB3, 0x7C37, 0x4AF4, 0x4B14, 0x6BF7, 0x63D5, 0x2AAF, 0x32B0, 0x2A4E, 0x19EC,
  0x19CB, 0x21EC, 0x2A6E, 0x3B11, 0x4353, 0x2A4D, 0x1948, 0x1969, 0x1968, 0x1969, 0x1969, 0x1969,
  0x1107, 0x00A5, 0x0063, 0x0043, 0x0064, 0x00C6, 0x08E6, 0x1106, 0x1107, 0x08C6, 0x08C6, 0x08C6,
  0x08C6, 0x08C6, 0x0063, 0x0862, 0x94D5, 0xBE9D, 0xA5FA, 0xB63B, 0xBE7C, 0xC69C, 0xCEBD, 0xCEBD,
  0xC6BD, 0xC6BD, 0xBE9D, 0xBE7C, 0xB65C, 0xAE3C, 0xA61B, 0x95BA, 0xA61C, 0xAE3C, 0x4AAD, 0x0001,
  0x0021, 0x0001, 0x0021, 0x0022, 0x0063, 0x0063, 0x0022, 0x0021, 0x0021, 0x0021, 0x0021, 0x0021,
  0x0021, 0x0021, 0x0042, 0x0042, 0x0064, 0x2A0B, 0x3A6D, 0x4B10, 0x4B51, 0x7C96, 0x8D38, 0x8D58,
  0x84F7, 0x7C94, 0x7CB5, 0x29A8, 0x0001, 0x0062, 0x0042, 0x0042, 0x0042, 0x0042, 0x0042, 0x0042,
  0x0042, 0x0042, 0x0042, 0x0042, 0x0042, 0x0042, 0x0042, 0x0042, 0x0042, 0x0042, 0x0042, 0x0000,
  0x10C5, 0x5318, 0x3A76, 0x216E, 0x0884, 0x0000, 0x5AF3, 0x7C1B, 0x6356, 0x52F5, 0x7399, 0x5B59,
  0x08C8, 0x2127, 0x6BB6, 0x5317, 0x63BB, 0x216D, 0x52B2, 0x6334, 0x0000, 0x0022, 0x0021, 0x0063,
  0x0000, 0x52D1, 0x1907, 0x0000, 0x0042, 0x0001, 0x1108, 0x3CBE, 0x1A2E, 0x0000, 0x0000, 0x0000,
  0x0000, 0x0000, 0x0000, 0x0000, 0x0000, 0x0000, 0x0000, 0x0000, 0x0000, 0x0000, 0x0000, 0x0000,
  0x0000, 0x0000, 0x0000, 0x0000, 0x0000, 0x0000, 0x0000, 0x0000, 0x0000, 0x0000, 0x0000, 0x0000,
  0x0000, 0x0000, 0x0000, 0x0000, 0x0000, 0x0000, 0x0000, 0x0000, 0x0000, 0x0000, 0x0000, 0x0000,
  0x0000, 0x0000, 0x0000, 0x0000, 0x0000, 0x0000, 0x0000, 0x0000, 0x0000, 0x0000, 0x0000, 0x0000,
  0x08C4, 0x44FE, 0x4BB5, 0x73F5, 0x5BD5, 0x63F6, 0x8CBA, 0xA51A, 0xAD3A, 0x9CF9, 0x6BD6, 0x5B36,
  0x42D1, 0x3A8E, 0x6393, 0x4B11, 0x3AAE, 0x5331, 0x9CBA, 0xB55C, 0x9498, 0x3A8E, 0x326D, 0x326D,
  0x4B13, 0x73B8, 0x4AD1, 0x324C, 0x324C, 0x428F, 0x6B96, 0x52F1, 0x3A6D, 0x3A8E, 0x3AAE, 0x4AEF,
  0x63D3, 0x7475, 0x53B4, 0x53B4, 0x4B52, 0x4311, 0x4310, 0x3AD0, 0x4311, 0x4311, 0x4331, 0x4331,
  0x4331, 0x5372, 0x8C97, 0x63B5, 0x4AF3, 0x7437, 0xA539, 0x5B93, 0x1A0D, 0x19ED, 0x220D, 0x19EC,
  0x222D, 0x326E, 0x3AF0, 0x4352, 0x4353, 0x2A4D, 0x1948, 0x1969, 0x1968, 0x1968, 0x1969, 0x0927,
  0x0084, 0x0042, 0x0022, 0x0042, 0x0084, 0x08E6, 0x1127, 0x1127, 0x1107, 0x08C5, 0x08C6, 0x08A5,
  0x0084, 0x0043, 0x0001, 0x8473, 0xBE9D, 0xA5FA, 0xAE3B, 0xB67C, 0xBE7C, 0xBE9C, 0xBE7C, 0xBE9C,
  0xBE9C, 0xBE7C, 0xB67C, 0xB65C, 0xB65C, 0xB65C, 0xB65C, 0xAE3B, 0x95BA, 0x8D79, 0xAE3C, 0x52ED,
  0x0000, 0x0021, 0x0021, 0x0021, 0x0022, 0x0043, 0x0042, 0x0021, 0x0022, 0x0021, 0x0021, 0x0021,
  0x0021, 0x0042, 0x0063, 0x0042, 0x08C5, 0x324C, 0x3A6D, 0x4B0F, 0x5372, 0x84F7, 0x8518, 0x8D58,
  0x7C95, 0x7C94, 0x6C13, 0x10C4, 0x0041, 0x0042, 0x0042, 0x0042, 0x0042, 0x0042, 0x0042, 0x0042,
  0x0042, 0x0042, 0x0042, 0x0042, 0x0042, 0x0042, 0x0042, 0x0042, 0x0042, 0x0042, 0x0021, 0x10A4,
  0x4A93, 0x218D, 0x0043, 0x0020, 0x0000, 0x298B, 0x6379, 0x6379, 0x3A0E, 0x4271, 0x6B9A, 0x42B6,
  0x0023, 0x2148, 0x29AA, 0x3233, 0x639C, 0x218D, 0x10C5, 0x6B76, 0x0021, 0x0021, 0x0021, 0x0022,
  0x0000, 0x2149, 0x10A5, 0x0000, 0x0021, 0x0043, 0x0064, 0x00A4, 0x349D, 0x1148, 0x0000, 0x0000,
  0x0000, 0x0000, 0x0000, 0x0000, 0x0000, 0x0000, 0x0000, 0x0000, 0x0000, 0x0000, 0x0000, 0x0000,
  0x0000, 0x0000, 0x0000, 0x0000, 0x0000, 0x0000, 0x0000, 0x0000, 0x0000, 0x0000, 0x0000, 0x0000,
  0x0000, 0x0000, 0x0000, 0x0000, 0x0000, 0x0000, 0x0000, 0x0000, 0x0000, 0x0000, 0x0000, 0x0000,
  0x0000, 0x0000, 0x0000, 0x0000, 0x0000, 0x0000, 0x0000, 0x0000, 0x0000, 0x0000, 0x0000, 0x0021,
  0x3C5A, 0x3BF7, 0x42AF, 0x7416, 0x53B3, 0x9518, 0xBDFB, 0xB59B, 0x8CB8, 0x5352, 0x42F1, 0x5335,
  0x42D2, 0x42D0, 0x5B73, 0x42CF, 0x3AAE, 0x42CF, 0x8C77, 0xBD7D, 0x8C77, 0x3A6D, 0x326D, 0x324C,
  0x3A8F, 0x6377, 0x4AD1, 0x324C, 0x324D, 0x322C, 0x4AD0, 0x6374, 0x3A8E, 0x3A8E, 0x3AAE, 0x4B0F,
  0x63D3, 0x7C96, 0x53B3, 0x4B93, 0x4B52, 0x4310, 0x4331, 0x4331, 0x3AF0, 0x4310, 0x4331, 0x4B31,
  0x3AD0, 0x7C56, 0x8C98, 0x5354, 0x6BF5, 0xB59A, 0x8456, 0x3AB0, 0x19EC, 0x19EC, 0x2A4E, 0x2A6E,
  0x328F, 0x32AF, 0x4310, 0x53B3, 0x4B93, 0x2A4D, 0x1948, 0x1968, 0x1948, 0x1148, 0x1128, 0x00A5,
  0x0042, 0x0021, 0x0021, 0x0063, 0x08C6, 0x1127, 0x1148, 0x1127, 0x08C5, 0x0064, 0x0063, 0x0042,
  0x0042, 0x0000, 0x4A6A, 0xC6BD, 0xA5FA, 0xA61B, 0xAE3C, 0xB65C, 0xB67C, 0xB67C, 0xB65C, 0xB65C,
  0xB65C, 0xAE5C, 0xAE3C, 0xB63B, 0xB65C, 0xB65C, 0xB65C, 0xB63B, 0x9DBA, 0x7CB6, 0x74B6, 0x9DBA,
  0x3A2A, 0x0000, 0x0022, 0x0021, 0x0022, 0x0042, 0x0042, 0x0021, 0x0021, 0x0021, 0x0021, 0x0021,
  0x0021, 0x0043, 0x0063, 0x0022, 0x1128, 0x3A8D, 0x428D, 0x4B0F, 0x5BD3, 0x8D38, 0x84F8, 0x8D38,
  0x7474, 0x7C94, 0x5350, 0x0042, 0x0042, 0x0042, 0x0042, 0x0042, 0x0042, 0x0042, 0x0042, 0x0042,
  0x0042, 0x0042, 0x0042, 0x0042, 0x0042, 0x0042, 0x0042, 0x0042, 0x0042, 0x0022, 0x08A4, 0x296A,
  0x0863, 0x0000, 0x0021, 0x0042, 0x0863, 0x4295, 0x5339, 0x4295, 0x0842, 0x3A33, 0x5319, 0x218E,
  0x0000, 0x1927, 0x08A4, 0x3231, 0x6BDC, 0x29CE, 0x0000, 0x426F, 0x10A4, 0x0001, 0x0021, 0x0022,
  0x0021, 0x0864, 0x0063, 0x0000, 0x0021, 0x0063, 0x1108, 0x318B, 0x4B98, 0x2C3C, 0x0083, 0x0000,
  0x0000, 0x0000, 0x0000, 0x0000, 0x0000, 0x0000, 0x0000, 0x0000, 0x0000, 0x0000, 0x0000, 0x0000,
  0x0000, 0x0000, 0x0000, 0x0000, 0x0000, 0x0000, 0x0000, 0x0000, 0x0000, 0x0000, 0x0000, 0x0000,
  0x0000, 0x0000, 0x0000, 0x0000, 0x0000, 0x0000, 0x0000, 0x0000, 0x0000, 0x0000, 0x0000, 0x0000,
  0x0000, 0x0000, 0x0000, 0x0000, 0x0000, 0x0000, 0x0000, 0x0000, 0x0000, 0x0000, 0x0000, 0x2B74,
  0x4CDD, 0x326E, 0x5B92, 0x7C77, 0x5BD4, 0xAD9A, 0xC5FC, 0x9CF9, 0x5372, 0x3AAF, 0x42D1, 0x4AF3,
  0x42D0, 0x4AF1, 0x5332, 0x3AAE, 0x3AAE, 0x3A8E, 0x73F4, 0xBD9D, 0x7C15, 0x326D, 0x326D, 0x326D,
  0x324D, 0x5B54, 0x4AD1, 0x324C, 0x324C, 0x324C, 0x322C, 0x52F1, 0x42CF, 0x3A8D, 0x3AAE, 0x4AEF,
  0x63D3, 0x7C96, 0x53B4, 0x4B73, 0x4331, 0x3AF0, 0x3AD0, 0x63B3, 0x63B3, 0x3ACF, 0x4331, 0x4B31,
  0x4310, 0x9CF8, 0x7416, 0x4B13, 0x94D8, 0x7415, 0x5353, 0x7415, 0x2A4E, 0x328F, 0x3AF0, 0x3AF0,
  0x3AD0, 0x32AF, 0x3AD0, 0x4B73, 0x4353, 0x2A0C, 0x1127, 0x1148, 0x1127, 0x0907, 0x00C6, 0x0064,
  0x0022, 0x0022, 0x0043, 0x08C5, 0x1127, 0x1127, 0x1127, 0x08C6, 0x0063, 0x0022, 0x0001, 0x0001,
  0x0001, 0x0841, 0x9D57, 0xAE3C, 0x9DDA, 0x9DDB, 0xA61B, 0xA61B, 0xAE3B, 0xAE1B, 0xA61B, 0xA61B,
  0xA61B, 0xA61B, 0xA61B, 0xAE1B, 0xAE3B, 0xAE3B, 0xAE3B, 0xB63B, 0xA5FA, 0x84F7, 0x5BB1, 0x5371,
  0x7CD7, 0x1905, 0x0000, 0x0021, 0x0021, 0x0022, 0x0022, 0x0021, 0x0021, 0x0021, 0x0001, 0x0021,
  0x0022, 0x0063, 0x0042, 0x0022, 0x2189, 0x3A8D, 0x428D, 0x4B10, 0x6C34, 0x8D38, 0x84F8, 0x84F7,
  0x7454, 0x7474, 0x322B, 0x0001, 0x0042, 0x0042, 0x0042, 0x0042, 0x0042, 0x0042, 0x0042, 0x0042,
  0x0042, 0x0042, 0x0042, 0x0042, 0x0042, 0x0042, 0x0042, 0x0042, 0x0042, 0x0042, 0x0863, 0x0021,
  0x0021, 0x0042, 0x0042, 0x0000, 0x192A, 0x42D9, 0x42D9, 0x192B, 0x0000, 0x29F3, 0x3A98, 0x0885,
  0x0000, 0x1928, 0x0021, 0x216C, 0x6BBC, 0x216C, 0x0000, 0x10C5, 0x10C5, 0x0001, 0x0022, 0x0021,
  0x0022, 0x0021, 0x0022, 0x0064, 0x0043, 0x10E7, 0x52F6, 0x5B58, 0x318B, 0x4BF9, 0x3C18, 0x0000,
  0x0000, 0x0000, 0x0000, 0x0000, 0x0000, 0x0000, 0x0000, 0x0000, 0x0000, 0x0000, 0x0000, 0x0000,
  0x0000, 0x0000, 0x0000, 0x0000, 0x0000, 0x0000, 0x0000, 0x0000, 0x0000, 0x0000, 0x0000, 0x0000,
  0x0000, 0x0000, 0x0000, 0x0000, 0x0000, 0x0000, 0x0000, 0x0000, 0x0000, 0x0000, 0x0000, 0x0000,
  0x0000, 0x0000, 0x0000, 0x0000, 0x0000, 0x0000, 0x0000, 0x0000, 0x0000, 0x0000, 0x1A2C, 0x557F,
  0x4B32, 0x32AF, 0x7435, 0x8D18, 0x7C76, 0xAD7A, 0xA51A, 0x6BD5, 0x3AAE, 0x3AAE, 0x42D0, 0x42D2,
  0x42B0, 0x4B12, 0x4AF1, 0x3A8E, 0x3A8E, 0x326D, 0x5351, 0xB57B, 0x6BB3, 0x326D, 0x326D, 0x326D,
  0x324C, 0x4AD0, 0x42AF, 0x322C, 0x324C, 0x324C, 0x322C, 0x3A6D, 0x42AF, 0x3A8D, 0x3A8E, 0x4AEF,
  0x63D3, 0x7475, 0x4B93, 0x4352, 0x3B11, 0x3AD0, 0x32AF, 0x5B72, 0xA539, 0x7C56, 0x5393, 0x4310,
  0x4B31, 0x94D8, 0x6395, 0x5333, 0x7C77, 0x6BF5, 0xA539, 0x8476, 0x2A8F, 0x3AD0, 0x3AF0, 0x3AD0,
  0x32AF, 0x328F, 0x32AF, 0x3B11, 0x4332, 0x220C, 0x1107, 0x1107, 0x08E6, 0x08E6, 0x08C6, 0x0064,
  0x0042, 0x0063, 0x00A5, 0x1107, 0x1127, 0x1107, 0x08E6, 0x0064, 0x0021, 0x0001, 0x0000, 0x0021,
  0x0000, 0x31C7, 0xB65C, 0x95BA, 0x95BB, 0x95DB, 0x9DDB, 0x9DDB, 0xA61B, 0xA61B, 0x9DFB, 0x9DDB,
  0x95DB, 0x9DDB, 0x9DDB, 0x9DDB, 0xA5FB, 0xA5FA, 0xA5FA, 0xA5FB, 0xA5DA, 0x8D58, 0x5371, 0x29EA,
  0x3AF0, 0x4330, 0x0000, 0x0021, 0x0021, 0x0022, 0x0042, 0x0022, 0x0021, 0x0021, 0x0021, 0x0001,
  0x0042, 0x0064, 0x0063, 0x0084, 0x29EB, 0x3A4C, 0x428D, 0x4B30, 0x7475, 0x8518, 0x84F7, 0x7CB6,
  0x7433, 0x63F3, 0x1968, 0x0001, 0x0042, 0x0042, 0x0042, 0x0042, 0x0042, 0x0042, 0x0042, 0x0042,
  0x0042, 0x0042, 0x0042, 0x0042, 0x0042, 0x0042, 0x0042, 0x0042, 0x0042, 0x0042, 0x0021, 0x0042,
  0x0042, 0x0021, 0x0022, 0x0021, 0x29D1, 0x3ABA, 0x21B1, 0x0021, 0x0001, 0x3213, 0x3255, 0x0022,
  0x0022, 0x08A5, 0x0000, 0x08A5, 0x639A, 0x1928, 0x0000, 0x0022, 0x0022, 0x0021, 0x0022, 0x0022,
  0x0022, 0x0021, 0x0043, 0x0022, 0x0864, 0x3232, 0x3233, 0x08A6, 0x4A8E, 0x949A, 0x5D3F, 0x22D0,
  0x0000, 0x0000, 0x0000, 0x0000, 0x0000, 0x0000, 0x0000, 0x0000, 0x0000, 0x0000, 0x0000, 0x0000,
  0x0000, 0x0000, 0x0000, 0x0000, 0x0000, 0x0000, 0x0000, 0x0000, 0x0000, 0x0000, 0x0000, 0x0000,
  0x0000, 0x0000, 0x0000, 0x0000, 0x0000, 0x0000, 0x0000, 0x0000, 0x0000, 0x0000, 0x0000, 0x0000,
  0x0000, 0x0000, 0x0000, 0x0000, 0x0000, 0x0000, 0x0000, 0x0000, 0x0000, 0x0906, 0x4D3F, 0x7C7A,
  0x4AD0, 0x3AF0, 0x84D7, 0x84B7, 0x8496, 0xB57A, 0x7C38, 0x4AF2, 0x3AAE, 0x3AAE, 0x3AAE, 0x42D1,
  0x42B0, 0x4AF1, 0x42CF, 0x3A8E, 0x3A8E, 0x326D, 0x42AF, 0x94B8, 0x5330, 0x324D, 0x324D, 0x324C,
  0x324C, 0x3A8E, 0x3A8E, 0x322C, 0x322C, 0x324C, 0x324C, 0x324D, 0x3A8E, 0x3A8D, 0x3A8E, 0x4AEF,
  0x63D3, 0x7455, 0x4332, 0x4332, 0x3AF0, 0x3AF0, 0x3AD0, 0x63D4, 0xA4F9, 0x94B8, 0x7C57, 0x4311,
  0x42F0, 0x8477, 0x4B13, 0x73F6, 0x9CF9, 0xA518, 0xAD59, 0x5B93, 0x328F, 0x328F, 0x328F, 0x2A6E,
  0x328F, 0x326E, 0x328F, 0x3B32, 0x3B12, 0x19AB, 0x08E7, 0x0907, 0x0907, 0x1148, 0x0907, 0x0084,
  0x0084, 0x08C6, 0x1106, 0x1107, 0x1106, 0x08E6, 0x0084, 0x0021, 0x0001, 0x0000, 0x0000, 0x0021,
  0x0000, 0x6B6F, 0xAE5C, 0x95BA, 0x95DB, 0x95BA, 0x95BA, 0x9DDA, 0x9DDA, 0xA5FB, 0x9DDA, 0x8D9A,
  0x857A, 0x8D9A, 0x857A, 0x857A, 0x8D9A, 0x959A, 0x9599, 0x9579, 0x8D59, 0x8538, 0x5392, 0x1988,
  0x08E6, 0x222D, 0x10E4, 0x0000, 0x0022, 0x0022, 0x0042, 0x0022, 0x0021, 0x0021, 0x0021, 0x0021,
  0x0064, 0x00A5, 0x08A5, 0x0907, 0x320B, 0x322B, 0x42AE, 0x4B30, 0x7CB6, 0x7CF7, 0x8518, 0x7475,
  0x7454, 0x4B71, 0x08C4, 0x0021, 0x0042, 0x0042, 0x0042, 0x0042, 0x0042, 0x0042, 0x0042, 0x0042,
  0x0042, 0x0042, 0x0042, 0x0042, 0x0022, 0x0022, 0x0022, 0x0022, 0x0022, 0x0022, 0x0022, 0x0022,
  0x0022, 0x0022, 0x0021, 0x0864, 0x3257, 0x21F4, 0x0043, 0x0021, 0x0000, 0x3212, 0x21B0, 0x0000,
  0x0042, 0x0022, 0x0021, 0x0021, 0x5B35, 0x18E7, 0x0000, 0x0022, 0x0021, 0x0022, 0x0022, 0x0022,
  0x0021, 0x0022, 0x0001, 0x0863, 0x3A73, 0x29CF, 0x0022, 0x1906, 0x7C18, 0x7BD8, 0x29CD, 0x3C9C,
  0x1169, 0x0000, 0x0000, 0x0000, 0x0000, 0x0000, 0x0000, 0x0000, 0x0000, 0x0000, 0x0000, 0x0000,
  0x0000, 0x0000, 0x0000, 0x0000, 0x0000, 0x0000, 0x0000, 0x0000, 0x0000, 0x0000, 0x0000, 0x0000,
  0x0000, 0x0000, 0x0000, 0x0000, 0x0000, 0x0000, 0x0000, 0x0000, 0x0000, 0x0000, 0x0000, 0x0000,
  0x0000, 0x0000, 0x0000, 0x0000, 0x0000, 0x0000, 0x0000, 0x0000, 0x0021, 0x3419, 0x649B, 0x8C59,
  0x4B32, 0x5BF4, 0x7476, 0x5371, 0x94B6, 0xA51A, 0x42F5, 0x3270, 0x3AAE, 0x3A8E, 0x3AAE, 0x3AAF,
  0x42B0, 0x42AF, 0x3A8E, 0x3A6E, 0x3A6D, 0x326D, 0x3A8E, 0x6BB3, 0x42AF, 0x324C, 0x324D, 0x324C,
  0x322C, 0x3A6D, 0x3A4D, 0x322C, 0x322C, 0x322C, 0x322C, 0x324C, 0x3A6D, 0x3A8E, 0x3A8E, 0x42CF,
  0x5BB2, 0x6C55, 0x3B11, 0x3AF1, 0x32D0, 0x3AF0, 0x3AF0, 0x5B73, 0x73F6, 0x8C78, 0x73F6, 0x5353,
  0x42F0, 0x8CB7, 0x63B5, 0x94F9, 0xAD39, 0xA4F9, 0x8476, 0x2A6F, 0x32AF, 0x3AAF, 0x42F0, 0x4B31,
  0x326E, 0x2A4E, 0x32AF, 0x4353, 0x32F2, 0x116A, 0x0907, 0x1148, 0x1968, 0x1148, 0x08E6, 0x00A5,
  0x0907, 0x1127, 0x1106, 0x1106, 0x1107, 0x08A5, 0x0022, 0x0001, 0x0001, 0x0001, 0x0001, 0x0021,
  0x0000, 0x8CB4, 0xAE3C, 0x95BA, 0x95BA, 0x959A, 0x959A, 0x959A, 0x959A, 0x95BA, 0x8D9A, 0x855A,
  0x751A, 0x6D19, 0x6CF9, 0x6CF9, 0x6CF9, 0x6D19, 0x6CF9, 0x5CB8, 0x5C97, 0x6497, 0x3B52, 0x08E6,
  0x0021, 0x0063, 0x1107, 0x0000, 0x0022, 0x0022, 0x0021, 0x0021, 0x0021, 0x0021, 0x0001, 0x0022,
  0x0084, 0x08C6, 0x08C6, 0x1127, 0x320B, 0x322B, 0x3A8E, 0x5351, 0x7CB6, 0x74D7, 0x8517, 0x7454,
  0x6C34, 0x3AF0, 0x0063, 0x0042, 0x0042, 0x0042, 0x0042, 0x0042, 0x0042, 0x0042, 0x0042, 0x0042,
  0x0042, 0x0042, 0x0022, 0x0022, 0x0022, 0x0022, 0x0022, 0x0022, 0x0022, 0x0022, 0x0022, 0x0022,
  0x0022, 0x0042, 0x0000, 0x192B, 0x3277, 0x0065, 0x0001, 0x0042, 0x0000, 0x29CF, 0x1909, 0x0000,
  0x0022, 0x0022, 0x0022, 0x0000, 0x3A0D, 0x10C5, 0x0001, 0x0022, 0x0022, 0x0022, 0x0022, 0x0022,
  0x0022, 0x0021, 0x0863, 0x29AD, 0x10C7, 0x0000, 0x0001, 0x5B35, 0x5B34, 0x29AD, 0x29CF, 0x5BF8,
  0x44BD, 0x0042, 0x0000, 0x0000, 0x0000, 0x0000, 0x0000, 0x0000, 0x0000, 0x0000, 0x0000, 0x0000,
  0x0000, 0x0000, 0x0000, 0x0000, 0x0000, 0x0000, 0x0000, 0x0000, 0x0000, 0x0000, 0x0000, 0x0000,
  0x0000, 0x0000, 0x0000, 0x0000, 0x0000, 0x0000, 0x0000, 0x0000, 0x0000, 0x0000, 0x0000, 0x0000,
  0x0000, 0x0000, 0x0000, 0x0000, 0x0000, 0x0000, 0x0000, 0x0000, 0x22F2, 0x54FE, 0x73B6, 0x8C7A,
  0x6BF5, 0x74B7, 0x5372, 0x5371, 0xA538, 0x7C18, 0x2212, 0x324E, 0x42AE, 0x3AAE, 0x3AAE, 0x3A8E,
  0x3A8F, 0x3AAF, 0x3A6D, 0x326D, 0x326D, 0x324D, 0x3A6D, 0x5310, 0x3A6D, 0x324D, 0x324D, 0x324C,
  0x324D, 0x324C, 0x322C, 0x322C, 0x322C, 0x322C, 0x322C, 0x324C, 0x3A6D, 0x3A8D, 0x3A8E, 0x42CF,
  0x5B92, 0x6C34, 0x3B11, 0x32D1, 0x328F, 0x32AF, 0x4310, 0x6394, 0x3A91, 0x7C36, 0x8477, 0x5B94,
  0x5B73, 0x7C35, 0x8CB7, 0xA539, 0xB5BA, 0xA539, 0x3AAF, 0x5331, 0x8CB7, 0x9CF8, 0xA539, 0x5B72,
  0x2A4E, 0x328E, 0x32AF, 0x3B32, 0x32F2, 0x11AB, 0x1148, 0x1968, 0x1968, 0x1148, 0x1107, 0x1127,
  0x1128, 0x1107, 0x10E6, 0x10E6, 0x08E6, 0x0064, 0x0022, 0x0021, 0x0021, 0x0001, 0x0021, 0x0022,
  0x0042, 0xA577, 0xAE3C, 0x95BA, 0x95BA, 0x959A, 0x8D9A, 0x8D7A, 0x8579, 0x8559, 0x8559, 0x7519,
  0x64D8, 0x5498, 0x5498, 0x5478, 0x5498, 0x54B8, 0x5498, 0x4C57, 0x4416, 0x43F5, 0x3332, 0x11AB,
  0x0063, 0x0000, 0x0907, 0x0021, 0x0021, 0x0021, 0x0021, 0x0001, 0x0021, 0x0022, 0x0021, 0x0042,
  0x08A5, 0x08C6, 0x08C5, 0x1107, 0x31EA, 0x320B, 0x3A8D, 0x5392, 0x7CD7, 0x74B6, 0x7CD6, 0x7454,
  0x5BD3, 0x222D, 0x0042, 0x0042, 0x0042, 0x0042, 0x0042, 0x0062, 0x0062, 0x0042, 0x0042, 0x0042,
  0x0042, 0x0042, 0x0042, 0x0042, 0x0042, 0x0042, 0x0042, 0x0042, 0x0042, 0x0042, 0x0022, 0x0022,
  0x0022, 0x0022, 0x0001, 0x3211, 0x10E8, 0x0000, 0x0042, 0x0022, 0x0001, 0x216B, 0x0885, 0x0001,
  0x0022, 0x0022, 0x0022, 0x0001, 0x1907, 0x0884, 0x0001, 0x0022, 0x0021, 0x0021, 0x0021, 0x0022,
  0x0022, 0x0022, 0x08C6, 0x0042, 0x0000, 0x0000, 0x216B, 0x5B79, 0x0884, 0x10C6, 0x5B57, 0x4AB2,
  0x3396, 0x2B95, 0x0000, 0x0000, 0x0000, 0x0000, 0x0000, 0x0000, 0x0000, 0x0000, 0x0000, 0x0000,
  0x0000, 0x0000, 0x0000, 0x0000, 0x0000, 0x0000, 0x0000, 0x0000, 0x0000, 0x0000, 0x0000, 0x0000,
  0x0000, 0x0000, 0x0000, 0x0000, 0x0000, 0x0000, 0x0000, 0x0000, 0x0000, 0x0000, 0x0000, 0x0000,
  0x0000, 0x0000, 0x0000, 0x0000, 0x0000, 0x0000, 0x0000, 0x1168, 0x5D7F, 0x94D9, 0x9CD9, 0xA4FB,
  0x8CF9, 0x6435, 0x3ACF, 0x7413, 0xB57A, 0x6377, 0x2211, 0x326E, 0x3AAE, 0x3AAE, 0x3A8E, 0x3A8E,
  0x3A8E, 0x3A8E, 0x3A6D, 0x326D, 0x326D, 0x326D, 0x326D, 0x3A6D, 0x324C, 0x324C, 0x324C, 0x324C,
  0x324D, 0x324C, 0x322C, 0x322C, 0x322C, 0x322C, 0x322C, 0x324C, 0x3A6D, 0x3A8D, 0x3A8E, 0x42CE,
  0x5B71, 0x6C34, 0x4B73, 0x4352, 0x3AF0, 0x3AD0, 0x4310, 0x8CD7, 0x5333, 0x3AB1, 0x7C57, 0x73F6,
  0x5B94, 0x4B31, 0x8C97, 0xB59B, 0xA538, 0x5351, 0x7414, 0x9CF9, 0xA539, 0xB59A, 0xA539, 0x3AAF,
  0x326E, 0x326E, 0x328F, 0x3B12, 0x2A91, 0x198A, 0x1968, 0x1968, 0x1968, 0x1968, 0x1948, 0x1948,
  0x1127, 0x10E6, 0x10E6, 0x10E6, 0x08C6, 0x0085, 0x0063, 0x0042, 0x0021, 0x0021, 0x0022, 0x0022,
  0x0883, 0xADB9, 0xA61B, 0x8D9A, 0x959A, 0x8D9A, 0x857A, 0x8559, 0x7D39, 0x7D18, 0x7D39, 0x74F8,
  0x5CB8, 0x5477, 0x4C77, 0x4C57, 0x4C57, 0x4C57, 0x4C78, 0x4C37, 0x43D5, 0x3B94, 0x3374, 0x22B0,
  0x0969, 0x0063, 0x0929, 0x0062, 0x0001, 0x0021, 0x0021, 0x0001, 0x0022, 0x0042, 0x0022, 0x0063,
  0x08C6, 0x08C5, 0x08C5, 0x1927, 0x29EA, 0x320A, 0x3A6D, 0x5BD3, 0x7CD7, 0x74B6, 0x7C95, 0x63D2,
  0x4B72, 0x21CB, 0x0021, 0x0062, 0x0042, 0x0062, 0x0062, 0x0062, 0x0063, 0x0063, 0x0063, 0x0063,
  0x0063, 0x0043, 0x0043, 0x0042, 0x0042, 0x0042, 0x0042, 0x0042, 0x0022, 0x0042, 0x0022, 0x0042,
  0x0042, 0x0001, 0x10A5, 0x216B, 0x0000, 0x0042, 0x0022, 0x0022, 0x0021, 0x10C7, 0x0042, 0x0022,
  0x0022, 0x0022, 0x0022, 0x0021, 0x0063, 0x0042, 0x0021, 0x0022, 0x0022, 0x0022, 0x0022, 0x0022,
  0x0022, 0x0022, 0x0001, 0x0021, 0x0021, 0x0022, 0x3A52, 0x10C6, 0x0000, 0x216A, 0x5379, 0x196C,
  0x0021, 0x3C7C, 0x19CB, 0x0000, 0x0000, 0x0000, 0x0000, 0x0000, 0x0000, 0x0000, 0x0000, 0x0000,
  0x0000, 0x0000, 0x0000, 0x0000, 0x0000, 0x0000, 0x0000, 0x0000, 0x0000, 0x0000, 0x0000, 0x0000,
  0x0000, 0x0000, 0x0000, 0x0000, 0x0000, 0x0000, 0x0000, 0x0000, 0x0000, 0x0000, 0x0000, 0x0000,
  0x0000, 0x0000, 0x0000, 0x0000, 0x0000, 0x0000, 0x0041, 0x3C9B, 0x5C37, 0x6B92, 0x94B8, 0xAD5C,
  0x7CB8, 0x4310, 0x328D, 0x8C96, 0xAD5A, 0x4B16, 0x2A51, 0x3A6D, 0x3A8D, 0x3A8E, 0x3A8E, 0x3A6E,
  0x326D, 0x3A8E, 0x3A6D, 0x326D, 0x326D, 0x326D, 0x324D, 0x322C, 0x322C, 0x324C, 0x324C, 0x324C,
  0x324C, 0x324C, 0x322C, 0x322C, 0x2A2C, 0x322C, 0x322C, 0x322C, 0x326D, 0x3A8D, 0x3A8E, 0x42CE,
  0x5371, 0x6C14, 0x4B93, 0x53D4, 0x4331, 0x3ACF, 0x32AF, 0x94F7, 0xAD7A, 0x63B4, 0x6BD5, 0x7C57,
  0x5B95, 0x328F, 0x7415, 0x8456, 0x3AAF, 0x8C76, 0x9CD8, 0x8477, 0x9CF9, 0xA539, 0x94D7, 0x32AF,
  0x2A6E, 0x21EC, 0x19CC, 0x2A90, 0x2AB1, 0x21EC, 0x1948, 0x1948, 0x1948, 0x1968, 0x1128, 0x08E6,
  0x08C5, 0x10E6, 0x1107, 0x1107, 0x08E6, 0x0084, 0x0043, 0x0022, 0x0022, 0x0021, 0x0021, 0x0022,
  0x08C5, 0xA5B9, 0x9DDB, 0x8D7A, 0x857A, 0x855A, 0x7D39, 0x7D39, 0x7D19, 0x74F8, 0x74F8, 0x74F8,
  0x64B8, 0x4C77, 0x4C57, 0x4C37, 0x4437, 0x4416, 0x4437, 0x4437, 0x3BD5, 0x3B94, 0x3395, 0x2B33,
  0x1A90, 0x096B, 0x014A, 0x0062, 0x0001, 0x0021, 0x0021, 0x0021, 0x0042, 0x0063, 0x0063, 0x08C5,
  0x08E6, 0x08C5, 0x08C5, 0x1948, 0x29C9, 0x29EA, 0x3A6D, 0x63F3, 0x74B6, 0x7CD7, 0x7475, 0x32CF,
  0x32F1, 0x1989, 0x0042, 0x0063, 0x0063, 0x0063, 0x0063, 0x0063, 0x0063, 0x0063, 0x0063, 0x0063,
  0x0063, 0x0063, 0x0063, 0x0063, 0x0063, 0x0063, 0x0043, 0x0043, 0x0043, 0x0043, 0x0043, 0x0043,
  0x0043, 0x0022, 0x08A6, 0x0063, 0x0022, 0x0022, 0x0022, 0x0022, 0x0022, 0x0043, 0x0022, 0x0022,
  0x0022, 0x0022, 0x0022, 0x0022, 0x0022, 0x0022, 0x0022, 0x0022, 0x0022, 0x0022, 0x0022, 0x0022,
  0x0022, 0x0022, 0x0021, 0x0021, 0x0000, 0x10E7, 0x10E7, 0x0000, 0x0042, 0x0085, 0x42B3, 0x1929,
  0x0001, 0x6C3A, 0x44DE, 0x0083, 0x0000, 0x0000, 0x0000, 0x0000, 0x0000, 0x0000, 0x0000, 0x0000,
  0x0000, 0x0000, 0x0000, 0x0000, 0x0000, 0x0000, 0x0000, 0x0000, 0x0000, 0x0000, 0x0000, 0x0000,
  0x0000, 0x0000, 0x0000, 0x0000, 0x0000, 0x0000, 0x0000, 0x0000, 0x0000, 0x0000, 0x0000, 0x0000,
  0x0000, 0x0000, 0x0000, 0x0000, 0x0000, 0x0000, 0x2B12, 0x4C9B, 0x42AE, 0x4311, 0x8C97, 0xA55B,
  0x7457, 0x6393, 0x6392, 0xA519, 0xA4FA, 0x5356, 0x4312, 0x5331, 0x4AF1, 0x42D0, 0x42AF, 0x326E,
  0x326D, 0x3A8E, 0x326D, 0x324D, 0x326D, 0x326D, 0x324D, 0x324C, 0x324C, 0x324C, 0x322C, 0x324C,
  0x324C, 0x324C, 0x322C, 0x2A0C, 0x2A0C, 0x2A2C, 0x322C, 0x322C, 0x324C, 0x3A8D, 0x3A8D, 0x42CF,
  0x5B92, 0x6C14, 0x4B73, 0x53B4, 0x3AF0, 0x3AAF, 0x328F, 0x5B92, 0xA539, 0xA519, 0xAD79, 0x8CB8,
  0x8457, 0x4AF1, 0x5372, 0x2A8F, 0x7C55, 0xA539, 0x8C97, 0x9CF9, 0x8C98, 0x8457, 0x63B4, 0x32AF,
  0x328F, 0x21EC, 0x19AC, 0x2270, 0x2AB1, 0x21CB, 0x1127, 0x1128, 0x1948, 0x1127, 0x08C5, 0x0084,
  0x08A5, 0x1106, 0x1107, 0x08E6, 0x0064, 0x0042, 0x0042, 0x0042, 0x0042, 0x0021, 0x0022, 0x0043,
  0x0883, 0x9537, 0x9DDB, 0x857A, 0x855A, 0x8559, 0x7D39, 0x7519, 0x7519, 0x74F9, 0x74F8, 0x6CD8,
  0x64B8, 0x4C78, 0x4437, 0x4437, 0x4437, 0x4437, 0x4437, 0x4417, 0x3BF7, 0x3BD6, 0x3BB5, 0x3374,
  0x2313, 0x09CE, 0x012A, 0x0042, 0x0001, 0x0021, 0x0021, 0x0022, 0x0064, 0x00A5, 0x08A5, 0x08C5,
  0x08C5, 0x08C5, 0x08A5, 0x1106, 0x29C9, 0x29EA, 0x3A8D, 0x63F3, 0x6C55, 0x7CD6, 0x5BD3, 0x224E,
  0x32AF, 0x08E6, 0x0042, 0x0063, 0x0063, 0x0063, 0x0063, 0x0063, 0x0063, 0x0063, 0x0063, 0x0063,
  0x0063, 0x0063, 0x0063, 0x0063, 0x0063, 0x0063, 0x0063, 0x0063, 0x0063, 0x0063, 0x0043, 0x0043,
  0x0043, 0x0043, 0x0043, 0x0043, 0x0043, 0x0042, 0x0042, 0x0042, 0x0022, 0x0022, 0x0022, 0x0022,
  0x0022, 0x0022, 0x0022, 0x0022, 0x0022, 0x0022, 0x0022, 0x0022, 0x0022, 0x0022, 0x0022, 0x0022,
  0x0022, 0x0021, 0x0021, 0x0021, 0x0021, 0x0064, 0x0001, 0x0021, 0x0021, 0x0000, 0x29AC, 0x1108,
  0x4A90, 0x7BD7, 0x3BD8, 0x2B75, 0x0000, 0x0000, 0x0000, 0x0000, 0x0000, 0x0000, 0x0000, 0x0000,
  0x0000, 0x0000, 0x0000, 0x0000, 0x0000, 0x0000, 0x0000, 0x0000, 0x0000, 0x0000, 0x0000, 0x0000,
  0x0000, 0x0000, 0x0000, 0x0000, 0x0000, 0x0000, 0x0000, 0x0000, 0x0000, 0x0000, 0x0000, 0x0000,
  0x0000, 0x0000, 0x0000, 0x0000, 0x0000, 0x1147, 0x4CFE, 0x4310, 0x4B10, 0x3AAE, 0x63B2, 0xA55A,
  0x8CB9, 0xA51A, 0xBDBB, 0xBD9C, 0xA4FB, 0x949A, 0x94B9, 0x7C17, 0x5333, 0x4AD1, 0x3AAF, 0x326E,
  0x326D, 0x3A8E, 0x3A8E, 0x324D, 0x324D, 0x324D, 0x324C, 0x322C, 0x324C, 0x324C, 0x322C, 0x322C,
  0x324C, 0x324C, 0x2A2C, 0x2A0B, 0x2A0B, 0x2A0B, 0x322C, 0x2A2C, 0x324C, 0x3A6D, 0x3A8D, 0x42CF,
  0x5BB2, 0x6C14, 0x4B73, 0x4BB4, 0x3AF0, 0x32AF, 0x32AF, 0x3AAF, 0x7415, 0x8C98, 0xA519, 0x9CF8,
  0x9CD9, 0x5B73, 0x4B31, 0x5352, 0xB59A, 0x94D7, 0xA539, 0xAD39, 0x9CF8, 0xA4F8, 0x42F0, 0x328F,
  0x328F, 0x220D, 0x1A0D, 0x32F1, 0x32D1, 0x19AA, 0x08E6, 0x0907, 0x1127, 0x0907, 0x00A5, 0x00A5,
  0x08E6, 0x1107, 0x1106, 0x00A4, 0x0063, 0x0063, 0x0063, 0x0043, 0x0042, 0x0042, 0x0063, 0x0084,
  0x0042, 0x7C54, 0x959A, 0x8559, 0x855A, 0x7D39, 0x7D19, 0x7519, 0x74F9, 0x6CD9, 0x6CD8, 0x64D8,
  0x5C98, 0x4C78, 0x4C57, 0x4437, 0x4437, 0x4417, 0x4417, 0x3C17, 0x3BF6, 0x33B5, 0x33B5, 0x3395,
  0x22B2, 0x0929, 0x0108, 0x0043, 0x0001, 0x0021, 0x0022, 0x0043, 0x00A5, 0x08A5, 0x08A5, 0x08A5,
  0x08C5, 0x08C5, 0x0042, 0x10C5, 0x29A9, 0x29C9, 0x3A8D, 0x63F3, 0x6435, 0x7CB6, 0x4331, 0x326E,
  0x2A6E, 0x00A5, 0x0022, 0x0043, 0x0043, 0x0043, 0x0043, 0x0043, 0x0043, 0x0063, 0x0063, 0x0043,
  0x0043, 0x0043, 0x0063, 0x0063, 0x0063, 0x0063, 0x0064, 0x0064, 0x0064, 0x0063, 0x0043, 0x0043,
  0x0043, 0x0043, 0x0043, 0x0043, 0x0043, 0x0042, 0x0042, 0x0042, 0x0042, 0x0042, 0x0042, 0x0042,
  0x0022, 0x0022, 0x0022, 0x0022, 0x0022, 0x0022, 0x0022, 0x0022, 0x0022, 0x0022, 0x0022, 0x0022,
  0x0022, 0x0022, 0x0022, 0x0001, 0x0022, 0x0022, 0x0022, 0x0000, 0x0022, 0x0001, 0x194A, 0x7C59,
  0x9D1B, 0x3A2E, 0x3A6F, 0x555F, 0x0969, 0x0000, 0x0000, 0x0000, 0x0000, 0x0000, 0x0000, 0x0000,
  0x0000, 0x0000, 0x0000, 0x0000, 0x0000, 0x0000, 0x0000, 0x0000, 0x0000, 0x0000, 0x0000, 0x0000,
  0x0000, 0x0000, 0x0000, 0x0000, 0x0000, 0x0000, 0x0000, 0x0000, 0x0000, 0x0000, 0x0000, 0x0000,
  0x0000, 0x0000, 0x0000, 0x0000, 0x0020, 0x447A, 0x4C18, 0x42AF, 0x3AAF, 0x3A8E, 0x7434, 0x9519,
  0x5B73, 0x6BD4, 0xB55B, 0xCDFD, 0xBD9D, 0x9CDA, 0x6BB5, 0x3AB1, 0x3A8E, 0x3A6D, 0x3A6E, 0x3A8F,
  0x3A8E, 0x3A6D, 0x328D, 0x324D, 0x324C, 0x3A6D, 0x324D, 0x3A6D, 0x324D, 0x322C, 0x322C, 0x322C,
  0x322C, 0x322C, 0x2A2C, 0x2A0C, 0x2A0B, 0x2A0C, 0x322C, 0x2A0C, 0x2A2C, 0x326D, 0x3A6D, 0x42AE,
  0x5B92, 0x6C34, 0x4B72, 0x4B73, 0x3AD0, 0x32AF, 0x3AD0, 0x32AF, 0x4311, 0x9CF8, 0xA539, 0xA519,
  0xAD7A, 0x5BB3, 0x4B31, 0x7C35, 0xAD5A, 0x9D18, 0xAD59, 0x94D8, 0x94D8, 0x5B72, 0x2A2D, 0x32AF,
  0x2A6E, 0x2A4E, 0x2A6F, 0x32D1, 0x32F2, 0x118A, 0x00A5, 0x08E6, 0x1127, 0x08E6, 0x08C5, 0x08E6,
  0x1107, 0x1107, 0x08E6, 0x08C6, 0x08E6, 0x08C5, 0x0084, 0x0063, 0x0042, 0x0064, 0x00A5, 0x08C5,
  0x0023, 0x5B2F, 0x95BB, 0x8D9A, 0x857A, 0x7519, 0x7519, 0x74F9, 0x6CF9, 0x64D9, 0x5498, 0x4C78,
  0x4C78, 0x4C78, 0x4C78, 0x4437, 0x43F6, 0x3BF6, 0x4416, 0x3BF6, 0x3BB6, 0x2B53, 0x2B53, 0x3375,
  0x22B2, 0x012A, 0x0086, 0x0884, 0x0021, 0x0042, 0x0063, 0x0084, 0x08A5, 0x08A4, 0x08A4, 0x08A5,
  0x0084, 0x0042, 0x0001, 0x10E5, 0x29A9, 0x29A9, 0x3A6D, 0x63F4, 0x5BD3, 0x6C55, 0x4311, 0x2A4D,
  0x19EC, 0x0085, 0x0043, 0x0043, 0x0043, 0x0042, 0x0042, 0x0043, 0x0043, 0x0043, 0x0043, 0x0043,
  0x0043, 0x0043, 0x0043, 0x0043, 0x0043, 0x0043, 0x0043, 0x0043, 0x0043, 0x0043, 0x0043, 0x0043,
  0x0043, 0x0043, 0x0043, 0x0043, 0x0043, 0x0043, 0x0043, 0x0043, 0x0043, 0x0043, 0x0043, 0x0043,
  0x0042, 0x0042, 0x0022, 0x0022, 0x0022, 0x0022, 0x0022, 0x0022, 0x0022, 0x0022, 0x0022, 0x0022,
  0x0022, 0x0001, 0x0001, 0x0065, 0x116E, 0x2A32, 0x42B4, 0x1107, 0x0064, 0x090A, 0x73F8, 0xAD7D,
  0x5B53, 0x3A70, 0x426F, 0x7D1C, 0x345B, 0x0041, 0x0000, 0x0000, 0x0000, 0x0000, 0x0000, 0x0000,
  0x0000, 0x0000, 0x0000, 0x0000, 0x0000, 0x0000, 0x0000, 0x0000, 0x0000, 0x0000, 0x0000, 0x0000,
  0x0000, 0x0000, 0x0000, 0x0000, 0x0000, 0x0000, 0x0000, 0x0000, 0x0000, 0x0000, 0x0000, 0x0000,
  0x0000, 0x0000, 0x0000, 0x0000, 0x1A6E, 0x5D3F, 0x4AF1, 0x3ACF, 0x3A8E, 0x4AF0, 0x84B7, 0x6435,
  0x3AAF, 0x4B10, 0x94B8, 0xB57C, 0xBDBD, 0xA4FB, 0x5B73, 0x3250, 0x324F, 0x3A6D, 0x326D, 0x324E,
  0x3A8E, 0x42CF, 0x4B11, 0x5333, 0x6375, 0x4AD1, 0x3A8F, 0x3A8F, 0x3A6E, 0x324D, 0x322C, 0x322C,
  0x322C, 0x322C, 0x322C, 0x2A0C, 0x2A0C, 0x2A0C, 0x2A0B, 0x19AA, 0x21CB, 0x324D, 0x3A6D, 0x3AAE,
  0x5B92, 0x6C34, 0x4332, 0x3B11, 0x328F, 0x3AAF, 0x4311, 0x3AF0, 0x32AF, 0x42F0, 0x7415, 0x94B7,
  0x8CB7, 0x4B31, 0x42F0, 0x94D7, 0xA519, 0xAD59, 0xAD79, 0xB5BA, 0x7C55, 0x2A2D, 0x2A4D, 0x2A6E,
  0x222D, 0x2A6E, 0x32B0, 0x3B11, 0x3312, 0x0928, 0x0043, 0x08C6, 0x1127, 0x08E6, 0x08E6, 0x1107,
  0x1107, 0x1107, 0x1107, 0x08E7, 0x08E6, 0x0084, 0x0063, 0x0042, 0x0043, 0x00A5, 0x08C5, 0x08C5,
  0x0022, 0x2A0A, 0x6D3A, 0x7D9A, 0x95FC, 0x753A, 0x7519, 0x74F9, 0x6CD9, 0x5498, 0x4C78, 0x4C78,
  0x4C58, 0x4C58, 0x4C57, 0x4C37, 0x5436, 0x5456, 0x5436, 0x43F6, 0x33B6, 0x3395, 0x3374, 0x2B75,
  0x2B34, 0x4B93, 0x6C55, 0x29EB, 0x0001, 0x0084, 0x0084, 0x00A4, 0x00A5, 0x0084, 0x08A5, 0x0084,
  0x0042, 0x0021, 0x0001, 0x10E5, 0x2188, 0x2188, 0x3A6D, 0x5BF4, 0x5392, 0x63F4, 0x32AF, 0x222D,
  0x19EC, 0x0064, 0x0042, 0x0043, 0x0043, 0x0043, 0x0022, 0x0042, 0x0042, 0x0022, 0x0042, 0x0043,
  0x0043, 0x0043, 0x0043, 0x0043, 0x0022, 0x0022, 0x0043, 0x0043, 0x0043, 0x0043, 0x0043, 0x0043,
  0x0022, 0x0084, 0x0043, 0x0043, 0x0043, 0x0043, 0x0043, 0x0043, 0x0043, 0x0042, 0x0022, 0x0022,
  0x0022, 0x0022, 0x0022, 0x0022, 0x0022, 0x0022, 0x0022, 0x0022, 0x0022, 0x0022, 0x0042, 0x0022,
  0x0022, 0x08A6, 0x118F, 0x11D4, 0x2A33, 0x2A74, 0x3272, 0x198C, 0x00C7, 0x31EC, 0x5B34, 0x63DA,
  0x3A6F, 0x5314, 0x7C3A, 0x9CF8, 0x75DF, 0x1A90, 0x0000, 0x0000, 0x0000, 0x0000, 0x0000, 0x0000,
  0x0000, 0x0000, 0x0000, 0x0000, 0x0000, 0x0000, 0x0000, 0x0000, 0x0000, 0x0000, 0x0000, 0x0000,
  0x0000, 0x0000, 0x0000, 0x0000, 0x0000, 0x0000, 0x0000, 0x0000, 0x0000, 0x0000, 0x0000, 0x0000,
  0x0000, 0x0000, 0x0000, 0x0883, 0x44FD, 0x747A, 0x42F1, 0x3ACF, 0x42CF, 0x6BF4, 0x94F9, 0x5BD4,
  0x3AD0, 0x6BD3, 0xAD5B, 0x8C7B, 0x6BD8, 0x949A, 0x8C59, 0x5312, 0x2A30, 0x2A2F, 0x324D, 0x42CF,
  0x6BB5, 0x8418, 0x7BFB, 0x7BDB, 0x5B14, 0x3A6D, 0x324D, 0x324C, 0x324C, 0x324C, 0x322C, 0x322C,
  0x322C, 0x2A2C, 0x2A0C, 0x21CA, 0x21AA, 0x2A0C, 0x21CB, 0x19AA, 0x21CB, 0x324D, 0x3A6D, 0x3AAE,
  0x5B92, 0x6C35, 0x3B11, 0x3AF1, 0x326E, 0x326E, 0x4311, 0x3AD0, 0x2A8E, 0x2A4E, 0x2A4D, 0x328F,
  0x328F, 0x5B92, 0x4B10, 0x9D18, 0xBDDB, 0xB57A, 0xA4F8, 0x7414, 0x3ACF, 0x3AAF, 0x324E, 0x2A4E,
  0x2A2D, 0x2A6E, 0x3AD0, 0x4353, 0x2A90, 0x00C6, 0x0042, 0x08C6, 0x1107, 0x0906, 0x1107, 0x1127,
  0x1127, 0x08E6, 0x00C5, 0x00C5, 0x0084, 0x0042, 0x0022, 0x0022, 0x0063, 0x08C5, 0x08C5, 0x0063,
  0x0043, 0x4436, 0x659B, 0x4CD9, 0x54FA, 0x64F9, 0x7519, 0x6CF9, 0x64B9, 0x4C78, 0x4C78, 0x4C78,
  0x4C57, 0x4C57, 0x5C98, 0x7D39, 0x95BA, 0xAE1B, 0xA61B, 0x95DB, 0x7519, 0x4437, 0x33B6, 0x3395,
  0x64D8, 0x8DBA, 0x4BF5, 0x00A5, 0x0043, 0x08A5, 0x00A5, 0x0084, 0x0063, 0x0064, 0x0084, 0x0042,
  0x0001, 0x0021, 0x0000, 0x10E5, 0x2188, 0x2188, 0x3A6D, 0x5BF4, 0x53B3, 0x6414, 0x224D, 0x226E,
  0x222D, 0x0043, 0x0042, 0x0042, 0x0043, 0x0043, 0x0043, 0x0043, 0x0043, 0x0043, 0x0043, 0x0043,
  0x0043, 0x0043, 0x0043, 0x0043, 0x0043, 0x0043, 0x0043, 0x0043, 0x0043, 0x0023, 0x0023, 0x0022,
  0x1968, 0x1148, 0x0043, 0x0022, 0x0022, 0x0022, 0x0022, 0x0023, 0x0042, 0x0022, 0x0022, 0x0022,
  0x0022, 0x0022, 0x0022, 0x0022, 0x0022, 0x0022, 0x0022, 0x0022, 0x0022, 0x0022, 0x0022, 0x0043,
  0x0086, 0x08C7, 0x08A7, 0x0044, 0x08A7, 0x3253, 0x092B, 0x0043, 0x116D, 0x2A0E, 0x3A71, 0x849A,
  0x9D1A, 0x6B98, 0x73F9, 0x9519, 0xB5FC, 0x4CFE, 0x00A4, 0x0000, 0x0000, 0x0000, 0x0000, 0x0000,
  0x0000, 0x0000, 0x0000, 0x0000, 0x0000, 0x0000, 0x0000, 0x0000, 0x0000, 0x0000, 0x0000, 0x0000,
  0x0000, 0x0000, 0x0000, 0x0000, 0x0000, 0x0000, 0x0000, 0x0000, 0x0000, 0x0000, 0x0000, 0x0000,
  0x0000, 0x0000, 0x0000, 0x2B33, 0x7DBF, 0x7C17, 0x3AF1, 0x42EF, 0x4B51, 0x94F8, 0xB5BC, 0x8CD9,
  0x8456, 0xA539, 0xBD9C, 0x94BB, 0x6BF8, 0x9CB9, 0xAD1B, 0x6BB5, 0x322F, 0x29EF, 0x4AF0, 0x9CB8,
  0xAD1D, 0x9C7D, 0x841A, 0x5313, 0x322C, 0x322C, 0x324C, 0x322C, 0x322C, 0x322C, 0x322C, 0x322C,
  0x2A2C, 0x2A0B, 0x2A0C, 0x2A0B, 0x1969, 0x21CA, 0x21EB, 0x21CA, 0x21CA, 0x324C, 0x3A6D, 0x42AE,
  0x5BB2, 0x6C35, 0x3AF1, 0x3B11, 0x32AF, 0x328E, 0x3AD0, 0x5351, 0x5B72, 0x5B72, 0x42F0, 0x328F,
  0x328F, 0x5352, 0x5B93, 0x8CB6, 0x94D7, 0x7414, 0x6BF3, 0x7C15, 0x94B8, 0x9CF8, 0x8C97, 0x5B52,
  0x2A2D, 0x2A6E, 0x32AF, 0x3B32, 0x2A91, 0x08C7, 0x0064, 0x0907, 0x1128, 0x1127, 0x1127, 0x1127,
  0x0907, 0x0084, 0x0043, 0x0063, 0x0042, 0x0021, 0x0021, 0x0042, 0x0084, 0x08C6, 0x0084, 0x0000,
  0x1126, 0x65BC, 0x4CD9, 0x54FA, 0x4CDA, 0x4478, 0x5CD9, 0x6CF9, 0x64D9, 0x4C98, 0x4458, 0x4458,
  0x4457, 0x4437, 0x4416, 0x4436, 0x4C57, 0x4C57, 0x5478, 0x64FA, 0x64FA, 0x4C58, 0x33B6, 0x33B5,
  0x5CD9, 0x33B6, 0x0109, 0x0063, 0x08A4, 0x08A4, 0x0063, 0x0043, 0x0022, 0x0063, 0x0063, 0x0001,
  0x0000, 0x0001, 0x0001, 0x10E6, 0x2188, 0x2188, 0x3A8D, 0x5BF4, 0x53B3, 0x63F3, 0x222D, 0x224E,
  0x11AB, 0x0022, 0x0022, 0x0042, 0x0043, 0x0042, 0x0042, 0x0043, 0x0043, 0x0043, 0x0043, 0x0043,
  0x0043, 0x0043, 0x0043, 0x0043, 0x0043, 0x0043, 0x0043, 0x0043, 0x0043, 0x08E6, 0x1107, 0x21A9,
  0x1106, 0x0022, 0x0023, 0x0042, 0x0022, 0x0022, 0x0023, 0x0043, 0x0022, 0x0023, 0x0023, 0x0022,
  0x0023, 0x0043, 0x0022, 0x0022, 0x0022, 0x0022, 0x0022, 0x0022, 0x0022, 0x0022, 0x0022, 0x0022,
  0x0022, 0x0001, 0x0000, 0x08C7, 0x3276, 0x21AF, 0x2A50, 0x21CD, 0x3272, 0x6395, 0x7419, 0x8478,
  0xA53B, 0x5B57, 0x5B57, 0x84DA, 0xC5DA, 0x8DDF, 0x1B35, 0x0000, 0x0000, 0x0000, 0x0000, 0x0000,
  0x0000, 0x0000, 0x0000, 0x0000, 0x0000, 0x0000, 0x0000, 0x0000, 0x0000, 0x0000, 0x0000, 0x0000,
  0x0000, 0x0000, 0x0000, 0x0000, 0x0000, 0x0000, 0x0000, 0x0000, 0x0000, 0x0000, 0x0000, 0x0000,
  0x0000, 0x0000, 0x0927, 0x555F, 0xB59B, 0x73F8, 0x4B33, 0x5372, 0x5B92, 0x9518, 0xB5DC, 0xBDDD,
  0xC5BD, 0xC5BD, 0xBDBD, 0xBD7D, 0xBD9C, 0xC5DC, 0xBD7C, 0x6BB6, 0x3A6F, 0x3A90, 0x8437, 0xBD7D,
  0xAD1C, 0x7C17, 0x42AF, 0x2A2C, 0x324C, 0x324C, 0x322C, 0x322C, 0x322C, 0x322C, 0x2A0C, 0x2A0B,
  0x21CA, 0x198A, 0x21CB, 0x322C, 0x21EB, 0x21CA, 0x2A0C, 0x29EB, 0x2A0B, 0x324C, 0x3A6D, 0x42CE,
  0x5BB2, 0x6C14, 0x3B11, 0x4B73, 0x4311, 0x328E, 0x326E, 0x7C55, 0xB57A, 0x94D8, 0x8CD8, 0x7C55,
  0x328F, 0x3ACF, 0x7C35, 0x3ACF, 0x224D, 0x7C35, 0x9D19, 0x94B8, 0x8C98, 0x8C98, 0x8457, 0x326E,
  0x222D, 0x2A4E, 0x2A4D, 0x3B32, 0x3B53, 0x1149, 0x08C6, 0x1148, 0x1948, 0x1148, 0x1148, 0x1128,
  0x00A5, 0x0022, 0x0022, 0x0043, 0x0022, 0x0021, 0x0021, 0x0022, 0x00A5, 0x08A5, 0x0043, 0x0000,
  0x1126, 0x659C, 0x3C78, 0x551A, 0x7DDC, 0x4CB9, 0x4C78, 0x64FA, 0x5CD9, 0x4C99, 0x4479, 0x3C38,
  0x3BF7, 0x3C17, 0x4458, 0x33F7, 0x33D6, 0x33D6, 0x33B5, 0x4CB9, 0x4479, 0x3C17, 0x2B34, 0x4437,
  0x54DA, 0x33D6, 0x0949, 0x0063, 0x08A4, 0x0084, 0x0063, 0x0043, 0x0022, 0x0042, 0x0021, 0x0000,
  0x0000, 0x0022, 0x0042, 0x1106, 0x2167, 0x2188, 0x42AE, 0x5BD3, 0x4B72, 0x5BD3, 0x32AF, 0x2A8F,
  0x118A, 0x0001, 0x0022, 0x0022, 0x0022, 0x0022, 0x0022, 0x0022, 0x0022, 0x0022, 0x0022, 0x0022,
  0x0042, 0x0043, 0x0043, 0x0043, 0x0022, 0x0043, 0x0023, 0x0023, 0x0063, 0x0885, 0x21CA, 0x29EB,
  0x0044, 0x0043, 0x0043, 0x0043, 0x0043, 0x0043, 0x0043, 0x0022, 0x0043, 0x0043, 0x0043, 0x0043,
  0x0043, 0x0043, 0x0043, 0x0043, 0x0043, 0x0022, 0x0022, 0x0022, 0x0022, 0x0022, 0x0022, 0x0022,
  0x0022, 0x0001, 0x0086, 0x2235, 0x114D, 0x198C, 0x6BD9, 0x2A31, 0x5356, 0x7C5C, 0x3230, 0x73F7,
  0x94BC, 0x42D5, 0x116C, 0x84B9, 0xC61B, 0xBDFB, 0x553F, 0x0948, 0x0000, 0x0000, 0x0000, 0x0000,
  0x0000, 0x0000, 0x0000, 0x0000, 0x0000, 0x0000, 0x0000, 0x0000, 0x0000, 0x0000, 0x0000, 0x0000,
  0x0000, 0x0000, 0x0000, 0x0000, 0x0000, 0x0000, 0x0000, 0x0000, 0x0000, 0x0000, 0x0000, 0x0000,
  0x0000, 0x0000, 0x2BD7, 0x95DF, 0xCDDB, 0x9CFA, 0x7C37, 0x7C56, 0x94D8, 0xAD9B, 0x7476, 0x8C97,
  0xB57B, 0xC5BD, 0xAD1C, 0x843A, 0x7C36, 0xA519, 0xB55C, 0x6BD5, 0x5B74, 0x5B74, 0x6BB7, 0x841A,
  0x6395, 0x5311, 0x4AF0, 0x42AE, 0x42AF, 0x3A6D, 0x2A0B, 0x322C, 0x322C, 0x2A0C, 0x21CB, 0x21CA,
  0x1989, 0x1969, 0x198A, 0x29EB, 0x2A0C, 0x2A0C, 0x2A0B, 0x320C, 0x324C, 0x3A6D, 0x3A6D, 0x42AE,
  0x5BB2, 0x6C14, 0x3AF1, 0x3B11, 0x32B0, 0x328F, 0x328E, 0x4B11, 0x9D19, 0x9CD8, 0x94B8, 0x9CF9,
  0x5B73, 0x3A8F, 0x73F4, 0x220C, 0x6BB3, 0xA539, 0x8477, 0x9CF9, 0x8C98, 0x7C37, 0x5352, 0x2A4E,
  0x2A4D, 0x2A4D, 0x32AF, 0x4353, 0x4353, 0x198A, 0x1107, 0x1948, 0x1948, 0x1968, 0x1148, 0x08E7,
  0x0063, 0x0021, 0x0021, 0x0042, 0x0022, 0x0021, 0x0021, 0x0043, 0x00C5, 0x0084, 0x0022, 0x0021,
  0x0043, 0x4C77, 0x551B, 0x5D19, 0x6D9B, 0x54D9, 0x3C17, 0x54B9, 0x4C99, 0x4479, 0x4479, 0x3C17,
  0x33D6, 0x4437, 0x653A, 0x755A, 0x4C77, 0x4437, 0x6D19, 0x6D3A, 0x4417, 0x3BF6, 0x1AB1, 0x753A,
  0xAE7D, 0x6476, 0x1969, 0x0064, 0x0084, 0x0063, 0x0064, 0x0063, 0x0021, 0x0021, 0x0001, 0x0001,
  0x0021, 0x0063, 0x0063, 0x10E5, 0x2167, 0x2188, 0x3A8D, 0x53B3, 0x4B72, 0x63F3, 0x32AF, 0x2A8F,
  0x1169, 0x0001, 0x0022, 0x0022, 0x0022, 0x0022, 0x0022, 0x0022, 0x0022, 0x0022, 0x0022, 0x0042,
  0x0042, 0x0043, 0x0043, 0x0043, 0x0042, 0x0022, 0x0022, 0x0023, 0x0022, 0x0022, 0x0022, 0x0022,
  0x0043, 0x0043, 0x0043, 0x0043, 0x0023, 0x0022, 0x0002, 0x08E7, 0x0907, 0x0064, 0x0043, 0x0043,
  0x0043, 0x0043, 0x0043, 0x0043, 0x0043, 0x0022, 0x0022, 0x0022, 0x0022, 0x0022, 0x0022, 0x0022,
  0x0021, 0x0044, 0x11B3, 0x00CA, 0x0021, 0x3AB5, 0x5B9A, 0x196E, 0x3A94, 0x3252, 0x10C7, 0x6BF9,
  0x741B, 0x4B18, 0x0044, 0x63D4, 0xB5FC, 0xCE1A, 0x95DE, 0x2BF8, 0x0000, 0x0000, 0x0000, 0x0000,
  0x0000, 0x0000, 0x0000, 0x0000, 0x0000, 0x0000, 0x0000, 0x0000, 0x0000, 0x0000, 0x0000, 0x0000,
  0x0000, 0x0000, 0x0000, 0x0000, 0x0000, 0x0000, 0x0000, 0x0000, 0x0000, 0x0000, 0x0000, 0x0000,
  0x0000, 0x11AA, 0x5D7F, 0xAD5A, 0xBDBC, 0xA55A, 0xAD5A, 0xB57B, 0xBDBC, 0x9D3A, 0x5373, 0x4B11,
  0x8CB7, 0xB55B, 0x6379, 0x3294, 0x4B32, 0x6393, 0x9499, 0xA4F9, 0x7C36, 0x5B53, 0x8458, 0x6B99,
  0x42D3, 0x5B54, 0x8C58, 0x9479, 0x8439, 0x6B76, 0x4AD2, 0x3A6E, 0x322C, 0x29EB, 0x29EB, 0x29EB,
  0x21CA, 0x21CB, 0x21EB, 0x29EB, 0x2A0B, 0x322C, 0x322C, 0x322C, 0x324D, 0x3A6D, 0x3A6D, 0x42AE,
  0x5B92, 0x6C14, 0x3B12, 0x4311, 0x328F, 0x328F, 0x3AAF, 0x328F, 0x6BD4, 0x8CB8, 0x7416, 0x7417,
  0x8478, 0x5372, 0x5351, 0x328E, 0x8C97, 0x7C57, 0x9CD8, 0x94D8, 0x94F9, 0x7415, 0x2A6E, 0x328F,
  0x2A4E, 0x2A4D, 0x32AF, 0x4352, 0x3AF2, 0x198A, 0x1127, 0x1968, 0x1968, 0x1948, 0x08E7, 0x0084,
  0x0042, 0x0021, 0x0021, 0x0022, 0x0021, 0x0021, 0x0022, 0x0084, 0x00C5, 0x0042, 0x0021, 0x0022,
  0x0000, 0x2AAE, 0x5D7C, 0x5D3A, 0x75DC, 0x5CD9, 0x3C17, 0x4C79, 0x4479, 0x3C59, 0x3C59, 0x3C38,
  0x33F7, 0x3C17, 0x4C98, 0x85BB, 0xA65C, 0xA65C, 0x95DB, 0x5477, 0x43F6, 0x4458, 0x1AB0, 0x2AF1,
  0x5477, 0x1A2D, 0x0085, 0x00A5, 0x0063, 0x0063, 0x0084, 0x0063, 0x0021, 0x0001, 0x0001, 0x0021,
  0x0043, 0x0063, 0x0021, 0x10C4, 0x2167, 0x21A8, 0x3A6D, 0x5BD3, 0x5BF4, 0x63F4, 0x224D, 0x222D,
  0x116A, 0x0022, 0x0022, 0x0022, 0x0042, 0x0022, 0x0022, 0x0022, 0x0022, 0x0022, 0x0042, 0x0043,
  0x0043, 0x0043, 0x0043, 0x0043, 0x0043, 0x0043, 0x0023, 0x0043, 0x0043, 0x0043, 0x0043, 0x0043,
  0x0043, 0x0043, 0x0043, 0x0043, 0x08C6, 0x1128, 0x19AA, 0x1169, 0x0043, 0x0043, 0x0043, 0x0043,
  0x0043, 0x0043, 0x0043, 0x0043, 0x0043, 0x0043, 0x0022, 0x0001, 0x0022, 0x0022, 0x0022, 0x0022,
  0x0001, 0x092E, 0x08EB, 0x0000, 0x1129, 0x2A76, 0x2235, 0x19D2, 0x3297, 0x0065, 0x1928, 0x6BFB,
  0x42D5, 0x3AB6, 0x0023, 0x3ACF, 0xADDC, 0xC63B, 0xBDDB, 0x5D7F, 0x11CB, 0x0000, 0x0000, 0x0000,
  0x0000, 0x0000, 0x0000, 0x0000, 0x0000, 0x0000, 0x0000, 0x0000, 0x0000, 0x0000, 0x0000, 0x0000,
  0x0000, 0x0000, 0x0000, 0x0000, 0x0000, 0x0000, 0x0000, 0x0000, 0x0000, 0x0000, 0x0000, 0x0000,
  0x0020, 0x3C7A, 0x4BF6, 0x8C77, 0x9D3C, 0x8CD9, 0xBDBB, 0xD63D, 0xC5FC, 0xA53B, 0x94D8, 0x8C97,
  0xA559, 0x94DB, 0x3A97, 0x32B3, 0x5351, 0x3A8E, 0x8457, 0xD63D, 0xAD59, 0x9498, 0xB57C, 0x6BB8,
  0x3AB4, 0x4AF4, 0x5B34, 0x7C17, 0x7BF9, 0x739B, 0x633A, 0x4AD7, 0x3A71, 0x322C, 0x2A2C, 0x2A2C,
  0x2A0C, 0x2A0B, 0x29EB, 0x2A0B, 0x322C, 0x322C, 0x322C, 0x322C, 0x324D, 0x326D, 0x326D, 0x42AE,
  0x5B92, 0x63F4, 0x4352, 0x4B72, 0x3AD0, 0x2A4D, 0x326E, 0x32AF, 0x328E, 0x63B4, 0x7C37, 0x8457,
  0xAD5A, 0x6BF4, 0x4B11, 0x5331, 0xAD59, 0xA519, 0xA519, 0xA519, 0x6BF4, 0x32AF, 0x328F, 0x328F,
  0x328F, 0x2A8F, 0x328F, 0x32F1, 0x32D1, 0x198A, 0x1948, 0x1948, 0x1948, 0x0907, 0x0084, 0x0022,
  0x0021, 0x0021, 0x0021, 0x0021, 0x0021, 0x0021, 0x0043, 0x00A5, 0x0084, 0x0021, 0x0001, 0x0021,
  0x0042, 0x08C6, 0x4C98, 0x5D7B, 0x54D9, 0x759B, 0x4458, 0x4458, 0x4499, 0x4479, 0x3C59, 0x3C59,
  0x3418, 0x33F7, 0x33F7, 0x3C17, 0x5498, 0x5CB9, 0x4416, 0x3BF6, 0x4416, 0x4437, 0x2B12, 0x0023,
  0x09AC, 0x12B2, 0x016B, 0x0084, 0x0043, 0x0063, 0x0084, 0x0042, 0x0021, 0x0001, 0x0001, 0x0042,
  0x0043, 0x0021, 0x0000, 0x10E5, 0x2188, 0x21A9, 0x3A8D, 0x5BD3, 0x5BF4, 0x53B3, 0x222D, 0x222D,
  0x118B, 0x0022, 0x0022, 0x0022, 0x0043, 0x0043, 0x0043, 0x0043, 0x0043, 0x0043, 0x0043, 0x0043,
  0x0043, 0x0043, 0x0043, 0x0043, 0x0043, 0x0043, 0x0043, 0x0043, 0x0043, 0x0043, 0x0043, 0x0043,
  0x0043, 0x0043, 0x0043, 0x0043, 0x0064, 0x08A5, 0x1989, 0x0085, 0x0023, 0x0043, 0x0043, 0x0043,
  0x0023, 0x0043, 0x0043, 0x0043, 0x0043, 0x0043, 0x08E7, 0x0908, 0x00C6, 0x0064, 0x0043, 0x0022,
  0x00A8, 0x00A8, 0x0021, 0x0022, 0x21F2, 0x114E, 0x116F, 0x2A76, 0x08C8, 0x0001, 0x192A, 0x5B9B,
  0x114B, 0x3231, 0x0044, 0x2A2C, 0xADDC, 0xC63C, 0xC61B, 0x6C9B, 0x341A, 0x0021, 0x0000, 0x0000,
  0x0000, 0x0000, 0x0000, 0x0000, 0x0000, 0x0000, 0x0000, 0x0000, 0x0000, 0x0000, 0x0000, 0x0000,
  0x0000, 0x0000, 0x0000, 0x0000, 0x0000, 0x0000, 0x0000, 0x0000, 0x0000, 0x0000, 0x0000, 0x0000,
  0x1A2C, 0x4CFC, 0x326D, 0x7C79, 0xA55C, 0xA53B, 0xC5DC, 0xCE3D, 0xC61D, 0xB59C, 0xBD7B, 0xBD7B,
  0xB59C, 0x9CFC, 0x5377, 0x3AF3, 0x5332, 0x6394, 0xA519, 0xD63D, 0xCE1C, 0xBD7C, 0xBD7C, 0x94B9,
  0x3A90, 0x2A0F, 0x4AD5, 0x73B8, 0x6353, 0x4AB1, 0x4AD5, 0x3A78, 0x3A58, 0x4274, 0x324E, 0x2A2C,
  0x2A0B, 0x2A0B, 0x2A0B, 0x322C, 0x322C, 0x322C, 0x2A0B, 0x322C, 0x324C, 0x324C, 0x324C, 0x42AE,
  0x5B92, 0x5BD3, 0x32F1, 0x4352, 0x3AD0, 0x2A4E, 0x2A6E, 0x328F, 0x328F, 0x328F, 0x5352, 0x7C55,
  0x7C55, 0x5B93, 0x5352, 0x5B72, 0x63B2, 0x6BD3, 0x5B72, 0x42F0, 0x2A4E, 0x328F, 0x32AF, 0x2A6E,
  0x2A4E, 0x2A4E, 0x2A6E, 0x32F1, 0x2AD2, 0x19AB, 0x1148, 0x1148, 0x0907, 0x0084, 0x0042, 0x0021,
  0x0021, 0x0021, 0x0021, 0x0021, 0x0021, 0x0021, 0x0064, 0x00A5, 0x0042, 0x0001, 0x0001, 0x0042,
  0x00A5, 0x00A5, 0x1127, 0x4C77, 0x4CB9, 0x4479, 0x4C79, 0x4C58, 0x4C79, 0x4499, 0x3C79, 0x3C59,
  0x3438, 0x2BF7, 0x3418, 0x33F7, 0x2B95, 0x33B5, 0x3BD6, 0x4437, 0x4416, 0x4437, 0x3374, 0x0928,
  0x09ED, 0x0A50, 0x016B, 0x0043, 0x0043, 0x0063, 0x0063, 0x0042, 0x0021, 0x0001, 0x0022, 0x0043,
  0x0021, 0x0001, 0x0001, 0x10E5, 0x2188, 0x21A9, 0x3A8D, 0x5BF4, 0x53D3, 0x5392, 0x222D, 0x222D,
  0x118A, 0x0022, 0x0042, 0x0043, 0x0043, 0x0043, 0x0043, 0x0043, 0x0043, 0x0063, 0x0064, 0x0043,
  0x0043, 0x0043, 0x0043, 0x0043, 0x0043, 0x0043, 0x0043, 0x0043, 0x0043, 0x0043, 0x0043, 0x0043,
  0x0043, 0x0043, 0x0043, 0x0043, 0x0043, 0x0023, 0x0002, 0x0043, 0x0043, 0x0043, 0x0022, 0x0001,
  0x0000, 0x0000, 0x0021, 0x0043, 0x0043, 0x0043, 0x0043, 0x0907, 0x0085, 0x0043, 0x0023, 0x0064,
  0x00A7, 0x0022, 0x0022, 0x0065, 0x2214, 0x0044, 0x19D1, 0x198F, 0x0001, 0x0021, 0x0909, 0x3B19,
  0x0044, 0x29CE, 0x112A, 0x198A, 0xA59B, 0xC61B, 0xC63C, 0x6374, 0x2BB8, 0x1A4E, 0x0000, 0x0000,
  0x0000, 0x0000, 0x0000, 0x0000, 0x0000, 0x0000, 0x0000, 0x0000, 0x0000, 0x0000, 0x0000, 0x0000,
  0x0000, 0x0000, 0x0000, 0x0000, 0x0000, 0x0000, 0x0000, 0x0000, 0x0000, 0x0000, 0x0000, 0x0021,
  0x447B, 0x3B53, 0x42EF, 0x9D1A, 0xBDBD, 0xB57B, 0xBDBC, 0xCE1D, 0xC5FD, 0xA55A, 0xAD39, 0xB57B,
  0xA51C, 0xAD7C, 0xA57B, 0x63F6, 0x7C18, 0xAD1C, 0xC5DC, 0xCE1C, 0xC5DC, 0xAD3C, 0xA4DC, 0x9C9B,
  0x4AD2, 0x19AB, 0x2A32, 0x6339, 0x6B78, 0x3A6E, 0x322C, 0x2A2E, 0x3231, 0x4A95, 0x4AB4, 0x320D,
  0x2A0B, 0x322C, 0x2A0B, 0x320C, 0x322C, 0x2A0C, 0x322C, 0x324C, 0x322C, 0x322C, 0x322C, 0x3A8E,
  0x5371, 0x63D3, 0x32D0, 0x32D1, 0x2A8F, 0x326E, 0x328F, 0x328F, 0x32AF, 0x326E, 0x220D, 0x2A6E,
  0x2A6E, 0x326E, 0x7415, 0x3AAF, 0x19EC, 0x220C, 0x19EC, 0x2A4E, 0x328E, 0x328F, 0x326E, 0x2A4D,
  0x220D, 0x220D, 0x2A6F, 0x2A90, 0x1A2F, 0x198B, 0x1128, 0x08E6, 0x0084, 0x0043, 0x0022, 0x0021,
  0x0021, 0x0021, 0x0021, 0x0021, 0x0021, 0x0022, 0x0084, 0x0063, 0x0021, 0x0001, 0x0042, 0x0084,
  0x08C6, 0x00A5, 0x0001, 0x1126, 0x3C37, 0x4499, 0x5CFA, 0x4C58, 0x4458, 0x4479, 0x4479, 0x3C59,
  0x3459, 0x3438, 0x3438, 0x3417, 0x2BB5, 0x2B74, 0x3BF6, 0x4C78, 0x54B8, 0x4C57, 0x3BD6, 0x120C,
  0x1AD1, 0x0A30, 0x0108, 0x0043, 0x0063, 0x0063, 0x0042, 0x0021, 0x0001, 0x0021, 0x0063, 0x0042,
  0x0001, 0x0001, 0x0001, 0x10C5, 0x2168, 0x29A9, 0x3A8D, 0x6414, 0x5BD3, 0x5BF4, 0x222D, 0x19CC,
  0x116A, 0x0022, 0x0022, 0x0022, 0x0023, 0x0043, 0x0043, 0x0043, 0x0043, 0x0043, 0x0043, 0x0043,
  0x0043, 0x0043, 0x0043, 0x0043, 0x0043, 0x0043, 0x0043, 0x0043, 0x0043, 0x0043, 0x0043, 0x0043,
  0x0043, 0x0043, 0x0044, 0x0044, 0x0044, 0x0043, 0x0044, 0x0043, 0x0022, 0x0000, 0x0000, 0x0000,
  0x0000, 0x0000, 0x0000, 0x0000, 0x0022, 0x0043, 0x0023, 0x0022, 0x0023, 0x0043, 0x0043, 0x0043,
  0x0043, 0x0044, 0x0022, 0x08EA, 0x08EA, 0x0001, 0x19B1, 0x08EA, 0x0021, 0x0001, 0x196C, 0x3295,
  0x0002, 0x194B, 0x198E, 0x114A, 0x955A, 0xBDFB, 0xC61C, 0x73D6, 0x32D3, 0x44DC, 0x0041, 0x0000,
  0x0000, 0x0000, 0x0000, 0x0000, 0x0000, 0x0000, 0x0000, 0x0000, 0x0000, 0x0000, 0x0000, 0x0000,
  0x0000, 0x0000, 0x0000, 0x0000, 0x0000, 0x0000, 0x0000, 0x0000, 0x0000, 0x0000, 0x0000, 0x1A0C,
  0x44BC, 0x3A6D, 0x7415, 0xBDDB, 0xBDBC, 0xA51A, 0xA51A, 0x9D19, 0xAD7B, 0xA519, 0xB57B, 0xC5FD,
  0xBDDC, 0xBDDC, 0xC5FD, 0xA53B, 0x94BB, 0x949B, 0xB57B, 0xBD7C, 0xA4FB, 0x8479, 0x845B, 0x8C1C,
  0x6B78, 0x5313, 0x3A70, 0x3234, 0x4AB7, 0x3A31, 0x2A0B, 0x2A0B, 0x2A0B, 0x322C, 0x3A6F, 0x3230,
  0x2A0C, 0x322C, 0x2A0B, 0x29EB, 0x2A0B, 0x29CA, 0x2A0B, 0x2A0B, 0x2A0B, 0x322C, 0x322C, 0x3A8D,
  0x5351, 0x5BD3, 0x2AB0, 0x2AB0, 0x222D, 0x2A4D, 0x3AAF, 0x328F, 0x2A2D, 0x19AB, 0x21EC, 0x2A6E,
  0x32AF, 0x2A2D, 0x5B72, 0x3AAF, 0x2A2D, 0x2A4D, 0x220C, 0x326E, 0x32AF, 0x32AF, 0x326E, 0x2A2D,
  0x19CB, 0x19AB, 0x220E, 0x1A50, 0x11CE, 0x0929, 0x00C6, 0x0064, 0x0042, 0x0042, 0x0022, 0x0021,
  0x0021, 0x0022, 0x0021, 0x0021, 0x0022, 0x0084, 0x00A5, 0x0042, 0x0021, 0x0042, 0x0064, 0x00C5,
  0x00C5, 0x0063, 0x0042, 0x0001, 0x0883, 0x5477, 0x6D5B, 0x4C37, 0x3C38, 0x3C38, 0x3C59, 0x3C59,
  0x3C79, 0x3438, 0x3417, 0x2C17, 0x2BD6, 0x2BD6, 0x4458, 0x54D9, 0x4458, 0x4437, 0x4458, 0x2B54,
  0x2354, 0x1291, 0x0084, 0x0063, 0x0063, 0x0042, 0x0001, 0x0001, 0x0021, 0x0043, 0x0063, 0x0021,
  0x0000, 0x0021, 0x0022, 0x08E6, 0x2188, 0x29C9, 0x3A8D, 0x6414, 0x5BF4, 0x5BF4, 0x220C, 0x19CC,
  0x116A, 0x0023, 0x0022, 0x0022, 0x0023, 0x0023, 0x0043, 0x0023, 0x0043, 0x0043, 0x0043, 0x0023,
  0x0044, 0x0044, 0x0043, 0x0043, 0x0043, 0x0043, 0x0043, 0x0043, 0x0043, 0x0043, 0x0043, 0x0043,
  0x0044, 0x0044, 0x0043, 0x0043, 0x0043, 0x0043, 0x0044, 0x0022, 0x0000, 0x0000, 0x0000, 0x0000,
  0x0000, 0x0000, 0x0000, 0x0000, 0x0000, 0x0022, 0x0043, 0x0043, 0x0043, 0x0043, 0x0043, 0x0043,
  0x0043, 0x0043, 0x0043, 0x08EA, 0x0064, 0x0022, 0x092C, 0x0086, 0x0022, 0x0001, 0x112A, 0x196D,
  0x0001, 0x0066, 0x3AB4, 0x4335, 0x9519, 0xC5FB, 0xC5FB, 0x8479, 0x4AF2, 0x75DF, 0x1A2D, 0x0000,
  0x0000, 0x0000, 0x0000, 0x0000, 0x0000, 0x0000, 0x0000, 0x0000, 0x0000, 0x0000, 0x0000, 0x0000,
  0x0000, 0x0000, 0x0000, 0x0000, 0x0000, 0x0000, 0x0000, 0x0000, 0x0000, 0x0000, 0x0020, 0x3C5A,
  0x6C7A, 0x5B73, 0x7C76, 0xBDFB, 0xC5DC, 0x8498, 0x4B32, 0x5372, 0x9D19, 0xB59B, 0xB59C, 0xBDBC,
  0xC5FD, 0xAD7C, 0xAD5C, 0xBD9C, 0x8459, 0x6395, 0xA4FA, 0x9C9C, 0x8C5A, 0x4B33, 0x6377, 0x73BB,
  0x635A, 0x6396, 0x6B94, 0x4292, 0x21F4, 0x116F, 0x21CC, 0x322C, 0x2A0C, 0x322C, 0x2A0B, 0x320C,
  0x322E, 0x322C, 0x322C, 0x322C, 0x2A0B, 0x21A9, 0x2168, 0x29CA, 0x21A9, 0x29CA, 0x322C, 0x3A6D,
  0x5351, 0x5BB3, 0x3B12, 0x4353, 0x32AF, 0x2A4D, 0x328F, 0x2A2D, 0x19AA, 0x116A, 0x19EC, 0x2A6E,
  0x32AF, 0x2A6E, 0x5351, 0x42F0, 0x222D, 0x2A2D, 0x220C, 0x2A6E, 0x32AF, 0x32AF, 0x2A6E, 0x220D,
  0x118B, 0x0949, 0x116A, 0x11EE, 0x11EE, 0x08E7, 0x0043, 0x0042, 0x0042, 0x0042, 0x0022, 0x0022,
  0x0042, 0x0042, 0x0022, 0x0042, 0x0084, 0x00C6, 0x0084, 0x0042, 0x0042, 0x0063, 0x0084, 0x00A5,
  0x0084, 0x0042, 0x0021, 0x0000, 0x0002, 0x4BF4, 0x651A, 0x5498, 0x4417, 0x3C17, 0x3C18, 0x3418,
  0x3C38, 0x3438, 0x3417, 0x33F7, 0x3417, 0x3C38, 0x4437, 0x4C78, 0x4CB9, 0x655B, 0x4C37, 0x120E,
  0x2355, 0x11CC, 0x0001, 0x0042, 0x0001, 0x0000, 0x0000, 0x0001, 0x0021, 0x0063, 0x0042, 0x0001,
  0x0001, 0x0042, 0x0064, 0x10E6, 0x2168, 0x29CA, 0x3A6D, 0x6414, 0x6435, 0x5BF4, 0x220C, 0x19EC,
  0x116A, 0x0043, 0x0043, 0x0083, 0x0083, 0x0043, 0x0022, 0x0022, 0x0043, 0x0023, 0x0043, 0x08C5,
  0x1946, 0x1126, 0x00A5, 0x08C5, 0x08C5, 0x0044, 0x0023, 0x0043, 0x0043, 0x0043, 0x0043, 0x0043,
  0x0043, 0x0043, 0x0043, 0x0043, 0x0044, 0x0044, 0x0043, 0x0000, 0x0000, 0x0000, 0x0000, 0x0000,
  0x0000, 0x0000, 0x0000, 0x0000, 0x0000, 0x0000, 0x0043, 0x0043, 0x0043, 0x0043, 0x0043, 0x0043,
  0x0043, 0x0043, 0x0065, 0x00A7, 0x0044, 0x0043, 0x0086, 0x0044, 0x0043, 0x0002, 0x1109, 0x10E8,
  0x0066, 0x11D0, 0x63B8, 0x63D9, 0x8CF9, 0xC5FB, 0xC5FB, 0xAD7B, 0x5B95, 0x957D, 0x345B, 0x0021,
  0x0000, 0x0000, 0x0000, 0x0000, 0x0000, 0x0000, 0x0000, 0x0000, 0x0000, 0x0000, 0x0000, 0x0000,
  0x0000, 0x0000, 0x0000, 0x0000, 0x0000, 0x0000, 0x0000, 0x0000, 0x0000, 0x0000, 0x11CB, 0x551E,
  0x8C38, 0x63B5, 0x6BF3, 0xC61B, 0xB5BB, 0x53B5, 0x222E, 0x5B72, 0xB55B, 0xAD3B, 0x7C16, 0x94B8,
  0xB57C, 0x7C1A, 0x73D7, 0xA51B, 0x5B73, 0x5B72, 0xAD1B, 0x8C5C, 0x6B97, 0x322D, 0x4291, 0x52F9,
  0x4AD8, 0x3A70, 0x4AD0, 0x4AD0, 0x2A12, 0x19D4, 0x29F0, 0x320C, 0x322C, 0x322C, 0x2A0C, 0x2A0B,
  0x322C, 0x322C, 0x322C, 0x322C, 0x322C, 0x2A0B, 0x1968, 0x2168, 0x29CA, 0x2168, 0x2A0B, 0x3A8D,
  0x5351, 0x5BB3, 0x4332, 0x53B4, 0x4331, 0x328F, 0x2A4E, 0x19AB, 0x118A, 0x19AB, 0x2A2D, 0x328F,
  0x328F, 0x2A4D, 0x42D0, 0x4B11, 0x220C, 0x2A2D, 0x222D, 0x2A6E, 0x32AF, 0x32AF, 0x2A4D, 0x19AB,
  0x118A, 0x118A, 0x19AB, 0x1A2F, 0x1A51, 0x08E7, 0x0021, 0x0042, 0x0022, 0x0042, 0x0022, 0x0042,
  0x0042, 0x0042, 0x0042, 0x0084, 0x08C6, 0x08C5, 0x0064, 0x0063, 0x0042, 0x0064, 0x0085, 0x0063,
  0x0042, 0x0042, 0x0000, 0x1169, 0x6CFA, 0x6D19, 0x4C58, 0x5CD9, 0x4C57, 0x3C17, 0x3BF7, 0x33F7,
  0x3417, 0x3418, 0x33F7, 0x33F7, 0x3C38, 0x3C37, 0x3BF6, 0x4416, 0x4C58, 0x4C57, 0x22B1, 0x00A8,
  0x0A0F, 0x0063, 0x0043, 0x0883, 0x1147, 0x08E7, 0x0043, 0x0021, 0x0022, 0x0042, 0x0021, 0x0001,
  0x0042, 0x0084, 0x0084, 0x08E5, 0x2167, 0x29C9, 0x324D, 0x63F4, 0x6435, 0x5C15, 0x222D, 0x19EC,
  0x11AB, 0x0084, 0x0883, 0x08A3, 0x08A3, 0x0883, 0x0043, 0x0043, 0x0023, 0x0064, 0x1946, 0x29A6,
  0x31A6, 0x31C7, 0x1167, 0x1926, 0x1926, 0x0906, 0x0064, 0x0043, 0x0043, 0x0043, 0x0043, 0x0043,
  0x0043, 0x0043, 0x0043, 0x0043, 0x0043, 0x0043, 0x0022, 0x0000, 0x0000, 0x0000, 0x0000, 0x0000,
  0x0000, 0x0000, 0x0000, 0x0000, 0x0000, 0x0000, 0x0022, 0x0044, 0x0044, 0x0044, 0x0044, 0x0044,
  0x0044, 0x0044, 0x0044, 0x0064, 0x0044, 0x0044, 0x0044, 0x0044, 0x0044, 0x0043, 0x090A, 0x08EA,
  0x00CA, 0x4B37, 0x4B15, 0x4B37, 0x8CFA, 0xB61C, 0xB61C, 0xBE3C, 0x5BB6, 0x9CF9, 0x659F, 0x11CC,
  0x0000, 0x0020, 0x0000, 0x0000, 0x0000, 0x0000, 0x0000, 0x0000, 0x0000, 0x0000, 0x0000, 0x0000,
  0x0000, 0x0000, 0x0000, 0x0000, 0x0000, 0x0000, 0x0000, 0x0000, 0x0000, 0x0000, 0x3439, 0x6CBA,
  0x8437, 0x8477, 0x7C76, 0xB5DB, 0x8D1A, 0x3B34, 0x2A6F, 0x7415, 0xB59C, 0x8457, 0x42F1, 0x8C97,
  0xA51B, 0x5356, 0x3A8F, 0x7C15, 0x7C15, 0x8476, 0xAD1C, 0x7BDB, 0x4AD3, 0x2A0B, 0x324E, 0x42B7,
  0x4298, 0x3A92, 0x322C, 0x322C, 0x324E, 0x3A75, 0x3A76, 0x324D, 0x322C, 0x322C, 0x2A0B, 0x322C,
  0x322C, 0x322C, 0x322C, 0x322C, 0x29EA, 0x29EA, 0x1967, 0x1106, 0x29CA, 0x2188, 0x29CA, 0x3A8D,
  0x5371, 0x5BB3, 0x4352, 0x53B4, 0x4311, 0x328F, 0x222D, 0x19CB, 0x19EC, 0x220D, 0x326E, 0x3AB0,
  0x328F, 0x2A4D, 0x326E, 0x42CF, 0x220C, 0x220D, 0x222D, 0x2A4E, 0x328E, 0x328F, 0x19CC, 0x0928,
  0x116A, 0x220D, 0x19AB, 0x098C, 0x09CE, 0x00A6, 0x0022, 0x0042, 0x0042, 0x0042, 0x0042, 0x0042,
  0x0042, 0x0022, 0x0084, 0x08C6, 0x08C6, 0x08C6, 0x0064, 0x0043, 0x0063, 0x00A5, 0x0064, 0x0021,
  0x0022, 0x0001, 0x1948, 0x75BE, 0xBEFF, 0x7539, 0x4C38, 0x54B9, 0x64D9, 0x4C58, 0x3C17, 0x33F7,
  0x33F7, 0x33F7, 0x33F7, 0x33F7, 0x33F7, 0x4438, 0x4C58, 0x4C58, 0x54B9, 0x4C97, 0x4457, 0x3B94,
  0x19CB, 0x21A9, 0x3C36, 0x3C16, 0x44B9, 0x4478, 0x33B5, 0x2B73, 0x2332, 0x0064, 0x0001, 0x0042,
  0x0084, 0x00A5, 0x0085, 0x08E6, 0x1967, 0x29CA, 0x324D, 0x63F3, 0x6435, 0x6435, 0x2A8E, 0x19ED,
  0x19EC, 0x08A4, 0x0882, 0x0883, 0x08A3, 0x08A3, 0x0083, 0x0063, 0x08C5, 0x2166, 0x31A7, 0x31C7,
  0x31C7, 0x31C7, 0x2187, 0x1127, 0x1126, 0x1946, 0x0906, 0x0044, 0x0043, 0x0043, 0x0043, 0x0043,
  0x0043, 0x0043, 0x0043, 0x0023, 0x0023, 0x0043, 0x0021, 0x0000, 0x0000, 0x0000, 0x0000, 0x0000,
  0x0000, 0x0000, 0x0000, 0x0000, 0x0000, 0x0000, 0x0021, 0x0044, 0x0044, 0x0044, 0x0044, 0x0064,
  0x0065, 0x0065, 0x0064, 0x0064, 0x0064, 0x0064, 0x0064, 0x0065, 0x0064, 0x0064, 0x00A8, 0x0087,
  0x08EB, 0x4B38, 0x2A53, 0x5BD8, 0x9D9B, 0xBE1C, 0xC67C, 0xC65C, 0x5396, 0x9CF9, 0xA61E, 0x3419,
  0x0000, 0x0000, 0x0000, 0x0000, 0x0000, 0x0000, 0x0000, 0x0000, 0x0000, 0x0000, 0x0000, 0x0000,
  0x0000, 0x0000, 0x0000, 0x0000, 0x0000, 0x0000, 0x0000, 0x0000, 0x0000, 0x1148, 0x5D7F, 0xA51A,
  0xAD5B, 0xBDBC, 0x9D3A, 0xA57B, 0x84BA, 0x3AD3, 0x326E, 0x7C76, 0xAD5B, 0x5373, 0x3AF0, 0x9CF8,
  0x94DA, 0x5335, 0x328E, 0x5351, 0x9CD8, 0xB57B, 0xAD3C, 0x73B9, 0x326F, 0x2A0B, 0x324C, 0x3A73,
  0x4299, 0x4292, 0x322C, 0x322C, 0x322C, 0x3A4E, 0x52F6, 0x4291, 0x322C, 0x322C, 0x2A0C, 0x322C,
  0x322C, 0x320B, 0x2A0B, 0x29EA, 0x1947, 0x1947, 0x10C4, 0x10C5, 0x2188, 0x21C9, 0x29C9, 0x3A6D,
  0x5372, 0x5BD3, 0x4B73, 0x53B4, 0x3AD0, 0x21EC, 0x19CC, 0x19AB, 0x21EC, 0x2A2D, 0x328F, 0x32B0,
  0x328F, 0x2A4D, 0x2A2D, 0x222D, 0x2A2D, 0x2A2D, 0x2A4E, 0x2A4E, 0x2A4E, 0x2A4E, 0x1149, 0x00C7,
  0x1149, 0x220D, 0x116B, 0x014B, 0x09AD, 0x00C7, 0x0042, 0x0042, 0x0042, 0x0042, 0x0042, 0x0043,
  0x0042, 0x0084, 0x08E7, 0x0907, 0x08E6, 0x00A5, 0x0084, 0x0064, 0x00A5, 0x00A5, 0x0022, 0x0021,
  0x0022, 0x0001, 0x5C77, 0xA6BF, 0xBEBD, 0x64F9, 0x5498, 0x5478, 0x5CD9, 0x64FA, 0x4C78, 0x3C38,
  0x3C17, 0x3417, 0x3417, 0x33F7, 0x3BF7, 0x5CDA, 0x75BB, 0x75BB, 0x75FB, 0x6E1C, 0x3BB3, 0x2AD1,
  0x42EF, 0x6414, 0x64B7, 0x4477, 0x3393, 0x43D3, 0x5D1A, 0x3BF6, 0x1A90, 0x09CC, 0x0022, 0x0063,
  0x00A5, 0x00A5, 0x0063, 0x0084, 0x1947, 0x29CA, 0x324C, 0x5BB3, 0x6455, 0x5C15, 0x3AF0, 0x19EC,
  0x11CC, 0x00A4, 0x0042, 0x0062, 0x0063, 0x0883, 0x10E4, 0x2145, 0x29A6, 0x31A7, 0x31C7, 0x39E7,
  0x39E8, 0x39E7, 0x31C7, 0x1988, 0x1147, 0x1926, 0x1946, 0x08E6, 0x0043, 0x0023, 0x0023, 0x0023,
  0x0043, 0x0043, 0x0043, 0x0043, 0x0043, 0x0044, 0x0022, 0x0000, 0x0000, 0x0000, 0x0000, 0x0000,
  0x0000, 0x0000, 0x0000, 0x0000, 0x0000, 0x0000, 0x0022, 0x0065, 0x0064, 0x0064, 0x0064, 0x0064,
  0x0064, 0x0064, 0x0064, 0x0044, 0x0044, 0x0044, 0x0044, 0x0064, 0x0044, 0x0044, 0x0044, 0x0043,
  0x090B, 0x19F1, 0x11D1, 0x4B56, 0x8CF9, 0xC61B, 0xCE3C, 0xBDFC, 0x5BD7, 0x8CD9, 0xCE3C, 0x657F,
  0x0969, 0x0000, 0x0000, 0x0000, 0x0000, 0x0000, 0x0000, 0x0000, 0x0000, 0x0000, 0x0000, 0x0000,
  0x0000, 0x0000, 0x0000, 0x0000, 0x0000, 0x0000, 0x0000, 0x0000, 0x0000, 0x2B96, 0x64DB, 0x9477,
  0xB59B, 0xC5DC, 0x9CF9, 0xA55A, 0x7439, 0x42F4, 0x63B3, 0x9D39, 0x8CB9, 0x3290, 0x4B31, 0xA51A,
  0x8C7A, 0x42F3, 0x42F0, 0x42F0, 0x6BD3, 0xB57B, 0xBDBC, 0x8C7A, 0x3A8F, 0x322C, 0x324C, 0x322E,
  0x3255, 0x3A52, 0x322C, 0x322C, 0x322C, 0x322C, 0x3A8F, 0x4AB2, 0x322C, 0x322C, 0x322C, 0x322C,
  0x322C, 0x2A0B, 0x21A9, 0x1947, 0x10C4, 0x08A4, 0x08A3, 0x08A4, 0x1967, 0x29C9, 0x2188, 0x3A8D,
  0x5372, 0x63F4, 0x4352, 0x4B73, 0x3AF0, 0x2A2D, 0x21EC, 0x19CB, 0x19AB, 0x21EB, 0x2A4E, 0x32AF,
  0x32AF, 0x328F, 0x328F, 0x2A4E, 0x2A4E, 0x222D, 0x222D, 0x21EC, 0x19EC, 0x19ED, 0x0908, 0x00A6,
  0x094A, 0x1A0D, 0x224F, 0x1A2F, 0x1A0E, 0x08C6, 0x0022, 0x0043, 0x0042, 0x0022, 0x0043, 0x0063,
  0x0084, 0x08C6, 0x08E6, 0x08A5, 0x00A5, 0x00A5, 0x08A5, 0x00A5, 0x0084, 0x0064, 0x0022, 0x0022,
  0x0000, 0x322C, 0x85FE, 0xB6DE, 0xB69D, 0x6D1A, 0x5CB9, 0x5498, 0x54B9, 0x651A, 0x6D3B, 0x5CDA,
  0x4478, 0x4458, 0x4458, 0x4438, 0x4438, 0x4438, 0x4C78, 0x54F9, 0x553A, 0x557B, 0x2374, 0x0064,
  0x21A8, 0x5CFA, 0x5CD8, 0x4C76, 0x0000, 0x21A8, 0x4C98, 0x4416, 0x2B53, 0x122E, 0x00A6, 0x0063,
  0x0085, 0x0063, 0x0022, 0x0063, 0x1947, 0x29C9, 0x322C, 0x5372, 0x6455, 0x6455, 0x4331, 0x11AB,
  0x19CC, 0x00C5, 0x0042, 0x0883, 0x10C4, 0x2125, 0x3186, 0x31A6, 0x31A6, 0x31A7, 0x31C7, 0x39E7,
  0x39E7, 0x39E7, 0x2187, 0x1947, 0x1967, 0x1926, 0x1946, 0x1946, 0x1126, 0x00A5, 0x00A5, 0x00A5,
  0x0043, 0x0043, 0x0043, 0x0043, 0x0043, 0x0044, 0x0023, 0x0001, 0x0000, 0x0000, 0x0000, 0x0000,
  0x0000, 0x0000, 0x0000, 0x0001, 0x0021, 0x0001, 0x0043, 0x0064, 0x0044, 0x0064, 0x0064, 0x0064,
  0x0064, 0x0064, 0x0044, 0x0044, 0x0044, 0x0044, 0x0044, 0x0044, 0x0044, 0x0044, 0x0044, 0x0065,
  0x0064, 0x012C, 0x112B, 0x21F1, 0x5373, 0xBE1C, 0xBDFB, 0xB5BB, 0x5B75, 0x8CB8, 0xD67C, 0x9E3F,
  0x2396, 0x0000, 0x0000, 0x0000, 0x0000, 0x0000, 0x0000, 0x0000, 0x0000, 0x0000, 0x0000, 0x0000,
  0x0000, 0x0000, 0x0000, 0x0000, 0x0000, 0x0000, 0x0000, 0x0000, 0x08A4, 0x44DD, 0x7C57, 0xB55A,
  0xBD9C, 0xAD5B, 0xB57A, 0xB59B, 0x63F7, 0x4B35, 0x9D19, 0xAD9B, 0x8CB9, 0x6BB6, 0x6BB6, 0x8C79,
  0x63B8, 0x3A90, 0x3A8E, 0x3A4F, 0x5351, 0xA51A, 0xB57B, 0x949A, 0x5B34, 0x3A6D, 0x324C, 0x2A0B,
  0x2A10, 0x3A73, 0x322C, 0x322C, 0x322C, 0x322C, 0x322C, 0x428F, 0x324E, 0x2A2C, 0x322C, 0x2A2C,
  0x2A0C, 0x21CA, 0x1968, 0x1947, 0x0883, 0x08A3, 0x1926, 0x2167, 0x2189, 0x29A9, 0x2A0B, 0x3A8D,
  0x5372, 0x63F4, 0x4332, 0x4332, 0x328F, 0x32AF, 0x3AD0, 0x2A4E, 0x19CB, 0x19CB, 0x220C, 0x326E,
  0x2A6E, 0x2A6E, 0x326E, 0x2A2D, 0x222D, 0x21EC, 0x198A, 0x116A, 0x19CC, 0x19CC, 0x0908, 0x00C6,
  0x0949, 0x19CC, 0x2A8F, 0x32F1, 0x32D1, 0x0907, 0x0021, 0x0043, 0x0042, 0x0043, 0x0084, 0x0085,
  0x0084, 0x0084, 0x0064, 0x0063, 0x0085, 0x08C5, 0x08C5, 0x0084, 0x0043, 0x0063, 0x0042, 0x0000,
  0x2A2B, 0x9E7F, 0x8E1E, 0x9E7E, 0xAE7D, 0x6D3A, 0x54B9, 0x5478, 0x54B9, 0x5CDA, 0x651A, 0x757C,
  0x655B, 0x54BA, 0x4479, 0x4459, 0x4438, 0x4438, 0x4458, 0x54B9, 0x5CD9, 0x3395, 0x11AB, 0x0000,
  0x0021, 0x3BD4, 0x44B9, 0x5D9C, 0x3B92, 0x43F4, 0x5D1A, 0x3BB4, 0x2AD1, 0x2B74, 0x11CC, 0x00A5,
  0x0043, 0x0042, 0x0021, 0x0064, 0x1947, 0x21A9, 0x2A0B, 0x4B51, 0x6C76, 0x6455, 0x53B2, 0x118A,
  0x11AB, 0x0906, 0x1904, 0x2145, 0x2965, 0x3186, 0x3186, 0x31A6, 0x31A6, 0x31A6, 0x39C7, 0x39C7,
  0x39C7, 0x39C7, 0x31C7, 0x1967, 0x1967, 0x2167, 0x2146, 0x2166, 0x2187, 0x2187, 0x2187, 0x1967,
  0x00C6, 0x0043, 0x0023, 0x0043, 0x0023, 0x0043, 0x0023, 0x0021, 0x0001, 0x0001, 0x0001, 0x0001,
  0x0021, 0x0021, 0x0021, 0x0021, 0x0021, 0x0022, 0x0044, 0x0064, 0x0065, 0x0065, 0x0065, 0x0065,
  0x0064, 0x0064, 0x0044, 0x0044, 0x0044, 0x0044, 0x0044, 0x0044, 0x0043, 0x0043, 0x0043, 0x0043,
  0x0044, 0x0087, 0x08C7, 0x092B, 0x2A4E, 0xA57B, 0xC5FB, 0xAD3A, 0x7C79, 0x9D7A, 0xCE5C, 0xCE7D,
  0x555F, 0x08E6, 0x0000, 0x0000, 0x0000, 0x0000, 0x0000, 0x0000, 0x0000, 0x0000, 0x0000, 0x0000,
  0x0000, 0x0000, 0x0000, 0x0000, 0x0000, 0x0000, 0x0000, 0x0000, 0x1AB0, 0x653E, 0xACFA, 0xBD9C,
  0x8CB8, 0x7C36, 0xBDBB, 0xBDDC, 0x7438, 0x5B74, 0xB57A, 0xBDDC, 0x8458, 0x9499, 0x9CDB, 0x7C3A,
  0x5356, 0x324E, 0x4AEF, 0x4250, 0x4272, 0x9CF9, 0xA55A, 0x7C37, 0x5B56, 0x52F3, 0x322C, 0x2A0B,
  0x2A0D, 0x3231, 0x324D, 0x322C, 0x322C, 0x322C, 0x2A0C, 0x322D, 0x322D, 0x2A0C, 0x2A0C, 0x2A0C,
  0x29EB, 0x1948, 0x1947, 0x1947, 0x0062, 0x1105, 0x29CA, 0x320B, 0x320B, 0x322C, 0x324C, 0x3AAE,
  0x5B92, 0x6414, 0x4352, 0x4332, 0x2A4E, 0x328E, 0x3AF0, 0x328F, 0x220D, 0x21EC, 0x21EC, 0x2A2D,
  0x2A4E, 0x2A6E, 0x2A6E, 0x222D, 0x220C, 0x116A, 0x0908, 0x0908, 0x118A, 0x19CC, 0x0929, 0x0908,
  0x19AB, 0x21EC, 0x2A4E, 0x2A70, 0x2AD2, 0x0908, 0x0022, 0x0063, 0x0064, 0x0084, 0x0084, 0x0064,
  0x0063, 0x0043, 0x0043, 0x0084, 0x08C5, 0x08C6, 0x0084, 0x0043, 0x0021, 0x0001, 0x0045, 0x1989,
  0x757C, 0x9E7F, 0x963E, 0x965F, 0xAE9E, 0x7D7B, 0x5CB9, 0x5478, 0x5478, 0x54B9, 0x54B9, 0x5CFA,
  0x6D7C, 0x759C, 0x651B, 0x4C79, 0x4438, 0x3C17, 0x4438, 0x4C58, 0x4C58, 0x1A50, 0x0042, 0x0021,
  0x0000, 0x1126, 0x4CD9, 0x5D5A, 0x75FD, 0x5D1A, 0x5CD9, 0x4C78, 0x22F2, 0x1A4E, 0x2B32, 0x11ED,
  0x00A6, 0x0001, 0x0021, 0x0043, 0x1927, 0x21A9, 0x2A0B, 0x4B30, 0x6C76, 0x6435, 0x5BD3, 0x11AA,
  0x096A, 0x1128, 0x2945, 0x2945, 0x2945, 0x2965, 0x2986, 0x2986, 0x2966, 0x31A6, 0x31C7, 0x31C7,
  0x39C7, 0x39E7, 0x39E7, 0x29A7, 0x1147, 0x1967, 0x1967, 0x2966, 0x2986, 0x2986, 0x2986, 0x2187,
  0x1147, 0x0906, 0x00C5, 0x0043, 0x0043, 0x0043, 0x0043, 0x0043, 0x0022, 0x0022, 0x0022, 0x0022,
  0x0022, 0x0022, 0x0022, 0x0022, 0x0022, 0x0043, 0x0044, 0x0044, 0x0044, 0x0044, 0x0044, 0x0044,
  0x0044, 0x0044, 0x0064, 0x0044, 0x0044, 0x0044, 0x0044, 0x0064, 0x0044, 0x0023, 0x0022, 0x0023,
  0x0043, 0x0022, 0x08C8, 0x00C8, 0x220D, 0x9D5A, 0xBDFB, 0xAD5B, 0x9D1C, 0x84DA, 0xB5FB, 0xD67C,
  0x85FF, 0x1AD2, 0x0000, 0x0000, 0x0000, 0x0000, 0x0000, 0x0000, 0x0000, 0x0000, 0x0000, 0x0000,
  0x0000, 0x0000, 0x0000, 0x0000, 0x0000, 0x0000, 0x0000, 0x0021, 0x3C7B, 0x953C, 0xAD1B, 0x8458,
  0x6394, 0x5373, 0xA519, 0xBDBC, 0x8C9A, 0x8C78, 0xBDBB, 0xB57C, 0x8438, 0x9499, 0xAD3B, 0xA4FB,
  0x7C38, 0x4AF0, 0x7414, 0x4AAF, 0x086A, 0x52D5, 0x9D19, 0x5B72, 0x3A6E, 0x52D4, 0x42B1, 0x322C,
  0x2A2C, 0x19AE, 0x2A0D, 0x324C, 0x2A0C, 0x2A0B, 0x2A0B, 0x2A0C, 0x2A0C, 0x29EB, 0x29EB, 0x21CB,
  0x1989, 0x1106, 0x10E5, 0x1926, 0x0062, 0x1947, 0x322C, 0x320B, 0x320B, 0x322C, 0x324C, 0x42CF,
  0x5392, 0x63F4, 0x3AF1, 0x3B11, 0x32B0, 0x32AF, 0x4311, 0x3AF0, 0x326E, 0x2A6E, 0x2A4E, 0x2A6F,
  0x328F, 0x32B0, 0x328F, 0x220D, 0x19EC, 0x116A, 0x0908, 0x0908, 0x19CC, 0x19ED, 0x094A, 0x116A,
  0x1A0D, 0x21EC, 0x2A4E, 0x2270, 0x2270, 0x0907, 0x0064, 0x00C7, 0x00A5, 0x0084, 0x0063, 0x0063,
  0x0064, 0x0063, 0x0084, 0x08C6, 0x08C6, 0x00A5, 0x0064, 0x0001, 0x0043, 0x3AF1, 0x7D5B, 0x8E1E,
  0x965E, 0xAE9E, 0xAE9F, 0x8E3E, 0xA69F, 0x9E1C, 0x64DA, 0x5499, 0x5498, 0x5498, 0x5499, 0x54B9,
  0x5CFA, 0x6D7C, 0x75DD, 0x75BC, 0x5499, 0x4C78, 0x4C78, 0x54B9, 0x54DA, 0x33D7, 0x0085, 0x0000,
  0x0021, 0x0000, 0x3310, 0x553B, 0x6D7B, 0x54B9, 0x6D5A, 0x5477, 0x3BF5, 0x33D5, 0x1A6F, 0x1A4F,
  0x122F, 0x0107, 0x0000, 0x0022, 0x1127, 0x29CA, 0x2A0B, 0x42EF, 0x6C55, 0x5C14, 0x5C14, 0x19EB,
  0x0949, 0x0949, 0x2124, 0x2945, 0x2945, 0x2965, 0x2965, 0x2945, 0x2965, 0x31A6, 0x31A6, 0x31A6,
  0x31C7, 0x31C7, 0x31C7, 0x31C7, 0x1967, 0x1947, 0x1967, 0x1966, 0x2966, 0x2986, 0x2986, 0x2986,
  0x1947, 0x1126, 0x1146, 0x00C6, 0x0023, 0x0023, 0x0043, 0x0043, 0x0023, 0x0022, 0x0001, 0x0001,
  0x0001, 0x0022, 0x0022, 0x0022, 0x0043, 0x0044, 0x0044, 0x0044, 0x0044, 0x0044, 0x0044, 0x0044,
  0x0044, 0x0044, 0x0908, 0x0044, 0x0044, 0x00A5, 0x08E6, 0x0906, 0x08E5, 0x00A5, 0x0043, 0x0022,
  0x0022, 0x0023, 0x0064, 0x198E, 0x2A50, 0xAD9A, 0xB5BC, 0xB59D, 0x8CBB, 0x7C9A, 0xB5DB, 0xD67C,
  0xB63D, 0x3CBC, 0x0062, 0x0000, 0x0000, 0x0000, 0x0000, 0x0000, 0x0000, 0x0000, 0x0000, 0x0000,
  0x0000, 0x0000, 0x0000, 0x0000, 0x0000, 0x0000, 0x0000, 0x11A9, 0x659F, 0xAD1A, 0x8478, 0x42F1,
  0x5B73, 0x5352, 0x8476, 0xA53B, 0x7C59, 0xAD7A, 0xCE3C, 0xB57B, 0x9CDA, 0xA51A, 0xAD1B, 0xA4FB,
  0x8C59, 0x73F7, 0x8476, 0x29CA, 0x0043, 0x10CB, 0x4AD4, 0x42CF, 0x2A0B, 0x3A6E, 0x52F4, 0x42B0,
  0x322C, 0x2A0E, 0x322D, 0x2A0C, 0x2A0C, 0x2A0B, 0x2A0C, 0x2A2C, 0x2A0C, 0x29EB, 0x21CA, 0x19AA,
  0x1969, 0x1948, 0x1106, 0x1947, 0x0883, 0x10E5, 0x29EA, 0x320B, 0x322B, 0x322C, 0x324C, 0x42CF,
  0x5392, 0x5BB3, 0x222D, 0x2A6F, 0x32D0, 0x3B11, 0x4352, 0x4B73, 0x4352, 0x4332, 0x3B12, 0x3B32,
  0x4332, 0x3B32, 0x32D1, 0x222E, 0x19ED, 0x11CD, 0x11CD, 0x11CD, 0x2A90, 0x2A90, 0x1A2F, 0x226F,
  0x32D1, 0x32D1, 0x2A90, 0x2290, 0x226F, 0x0928, 0x00C6, 0x00C6, 0x0084, 0x0042, 0x0043, 0x0084,
  0x0084, 0x0084, 0x08C6, 0x08E6, 0x08A5, 0x0022, 0x0001, 0x1127, 0x5CBA, 0x9E9F, 0x963E, 0x9E7E,
  0x9E7E, 0xA6BF, 0xAEBF, 0x965F, 0x965F, 0xA67E, 0x755A, 0x5CB9, 0x5498, 0x54B9, 0x54B9, 0x54B9,
  0x5CDA, 0x653B, 0x759C, 0x653B, 0x1251, 0x7519, 0x651C, 0x54DA, 0x3C7B, 0x2B99, 0x343B, 0x0088,
  0x0021, 0x0000, 0x10E5, 0x54B8, 0x653A, 0x54D9, 0x4C78, 0x3C16, 0x2AF1, 0x3B72, 0x4437, 0x1AB1,
  0x098B, 0x11AA, 0x0000, 0x0063, 0x1147, 0x29CA, 0x2A0B, 0x3AAE, 0x6414, 0x6414, 0x6434, 0x2A4D,
  0x0949, 0x0949, 0x1905, 0x2944, 0x2145, 0x2944, 0x2945, 0x2945, 0x2965, 0x2965, 0x2965, 0x3186,
  0x2986, 0x3186, 0x31A6, 0x31A6, 0x2166, 0x1946, 0x2987, 0x1967, 0x1946, 0x2166, 0x2966, 0x2166,
  0x1946, 0x1126, 0x1126, 0x1947, 0x08C6, 0x0043, 0x0023, 0x0022, 0x0022, 0x0022, 0x0022, 0x0022,
  0x0021, 0x0001, 0x0001, 0x0022, 0x0043, 0x0043, 0x0043, 0x0043, 0x0043, 0x0023, 0x0043, 0x0043,
  0x0023, 0x0064, 0x222D, 0x0085, 0x08E5, 0x1105, 0x1105, 0x10E5, 0x10E5, 0x1105, 0x08E5, 0x00A5,
  0x0064, 0x0043, 0x0001, 0x08E9, 0x63B6, 0xBE1B, 0xADBD, 0xC61D, 0x94DA, 0x6C18, 0xB5BB, 0xCE7C,
  0xCE3B, 0x6DBF, 0x11EC, 0x0000, 0x0000, 0x0000, 0x0000, 0x0000, 0x0000, 0x0000, 0x0000, 0x0000,
  0x0000, 0x0000, 0x0000, 0x0000, 0x0000, 0x0000, 0x0000, 0x33B5, 0x859E, 0x8457, 0x4B14, 0x3A90,
  0x4B13, 0x3AB0, 0x7C35, 0x9D3B, 0x5BB5, 0x94D7, 0xD65D, 0xC5FC, 0xAD7B, 0x7C58, 0x8C99, 0xAD1B,
  0x947A, 0x7BD9, 0x7BF8, 0x10E6, 0x0022, 0x08C6, 0x10CC, 0x29CC, 0x2A0B, 0x322C, 0x4290, 0x4AF3,
  0x324E, 0x324D, 0x324D, 0x2A0B, 0x2A0B, 0x2A0C, 0x2A2C, 0x322C, 0x2A0B, 0x29EB, 0x21CA, 0x21CA,
  0x21A9, 0x21A9, 0x29EA, 0x29CA, 0x2188, 0x1947, 0x1947, 0x2188, 0x29EA, 0x322C, 0x324C, 0x42CF,
  0x5392, 0x5BB3, 0x220D, 0x2A4E, 0x328F, 0x32B0, 0x3B11, 0x3B11, 0x3B12, 0x3B12, 0x3AF1, 0x3B11,
  0x3B11, 0x32F1, 0x222E, 0x118B, 0x096B, 0x096A, 0x118C, 0x19ED, 0x2270, 0x224F, 0x224F, 0x2AB0,
  0x32D1, 0x2AB1, 0x2A90, 0x2A91, 0x2271, 0x0928, 0x0063, 0x0042, 0x0022, 0x0042, 0x0063, 0x0063,
  0x0064, 0x08C6, 0x08E6, 0x0084, 0x0023, 0x1989, 0x4BD5, 0x757D, 0x965F, 0xA67E, 0x963E, 0xAE9F,
  0x9E7F, 0x9E9F, 0xAEBF, 0x9E9F, 0x8E3F, 0x9E7F, 0x9E1C, 0x64D9, 0x5498, 0x5498, 0x54B9, 0x54B9,
  0x54B9, 0x653B, 0x6D7C, 0x2B96, 0x1AB2, 0xAE7D, 0x33FA, 0x43F9, 0x7E3F, 0x0277, 0x54FD, 0x135A,
  0x12D6, 0x010B, 0x0022, 0x43B3, 0x6D9B, 0x5498, 0x6519, 0x5CFA, 0x33D6, 0x22D1, 0x1A4F, 0x11EC,
  0x122E, 0x08E6, 0x0042, 0x0084, 0x0906, 0x29C9, 0x2A0B, 0x3A8E, 0x5BB3, 0x6435, 0x6435, 0x3ACF,
  0x0949, 0x0929, 0x10E5, 0x2124, 0x31C9, 0x29A8, 0x2125, 0x2945, 0x2945, 0x2945, 0x2945, 0x2965,
  0x2965, 0x2966, 0x2986, 0x2986, 0x2166, 0x1926, 0x2986, 0x31C7, 0x1947, 0x1126, 0x1946, 0x2166,
  0x2166, 0x1946, 0x1946, 0x1966, 0x1967, 0x0906, 0x00A5, 0x0084, 0x0043, 0x0022, 0x0022, 0x0022,
  0x0022, 0x0021, 0x0022, 0x0023, 0x0043, 0x0043, 0x0043, 0x0043, 0x0043, 0x0064, 0x0044, 0x0043,
  0x0043, 0x08E6, 0x3AEF, 0x1126, 0x1104, 0x10E5, 0x1105, 0x1105, 0x08C4, 0x10C4, 0x10E4, 0x1105,
  0x1105, 0x08C5, 0x08E6, 0x3212, 0x94DB, 0xADDC, 0xADDC, 0xBDDC, 0x9D3A, 0x5BD7, 0xAD9B, 0xCE5C,
  0xCE3B, 0x9DFE, 0x2BB7, 0x0000, 0x0000, 0x0000, 0x0000, 0x0000, 0x0000, 0x0000, 0x0000, 0x0000,
  0x0000, 0x0000, 0x0000, 0x0000, 0x0000, 0x0000, 0x0883, 0x4CFD, 0x6C15, 0x42F1, 0x3AD2, 0x42D2,
  0x5334, 0x42D0, 0x8476, 0xB5BB, 0x6C15, 0x8476, 0xCE3C, 0xC5DC, 0x8499, 0x4334, 0x6395, 0x8459,
  0x9CBA, 0x8419, 0x5B15, 0x0864, 0x0000, 0x10E6, 0x0043, 0x0885, 0x2A0B, 0x322C, 0x324D, 0x42B0,
  0x3A8F, 0x322C, 0x322C, 0x320C, 0x2A0B, 0x21EB, 0x21EB, 0x21CB, 0x21CA, 0x21AA, 0x21AA, 0x21AA,
  0x21AA, 0x29EB, 0x2A0B, 0x2A0B, 0x29EB, 0x29EB, 0x29CA, 0x1947, 0x21A9, 0x29EA, 0x324D, 0x42CF,
  0x5372, 0x5BD3, 0x224E, 0x2A6F, 0x32AF, 0x32D0, 0x3AF0, 0x3AF0, 0x4311, 0x3AF1, 0x32D0, 0x32B0,
  0x32D0, 0x224E, 0x116B, 0x0929, 0x0108, 0x0929, 0x11AC, 0x11CD, 0x1A2F, 0x1A2E, 0x2A6F, 0x32D1,
  0x32D0, 0x2A90, 0x224F, 0x224F, 0x1A50, 0x00C7, 0x0021, 0x0022, 0x0042, 0x0063, 0x0043, 0x0063,
  0x08C6, 0x08A5, 0x00A5, 0x198A, 0x3354, 0x75BD, 0x9E7F, 0x963E, 0xA67E, 0xA69F, 0x9E5F, 0xA69F,
  0xA69F, 0x9E7F, 0xAEBF, 0x9E9F, 0x965F, 0x965F, 0xA69E, 0x8DBB, 0x64D9, 0x5499, 0x5CB9, 0x5CB9,
  0x5CD9, 0x6D5B, 0x5CFA, 0x3BD7, 0x753A, 0xBF1F, 0x1B59, 0x4C5B, 0xBF5F, 0x1B9A, 0x3BF9, 0x5D5E,
  0x239B, 0x2C1C, 0x0192, 0x3B95, 0x5D39, 0x5519, 0x75DC, 0x967D, 0x4CB8, 0x3C16, 0x33D6, 0x09CC,
  0x122E, 0x00C6, 0x0063, 0x0043, 0x0084, 0x21A9, 0x320B, 0x326D, 0x5372, 0x6C55, 0x6434, 0x4B51,
  0x0949, 0x0949, 0x08E5, 0x31A8, 0x4A6D, 0x324D, 0x2146, 0x2145, 0x2145, 0x2125, 0x2125, 0x2124,
  0x2145, 0x2145, 0x2145, 0x2145, 0x2166, 0x2166, 0x2986, 0x31A7, 0x2987, 0x2167, 0x1947, 0x2145,
  0x2145, 0x2146, 0x2146, 0x1966, 0x2166, 0x1946, 0x1126, 0x0906, 0x08E5, 0x0043, 0x0002, 0x0022,
  0x0022, 0x0022, 0x0022, 0x0022, 0x0023, 0x0023, 0x0023, 0x0043, 0x08C5, 0x1126, 0x0905, 0x0905,
  0x08E5, 0x29A7, 0x5B90, 0x1126, 0x10E4, 0x10E4, 0x1104, 0x1105, 0x08E5, 0x08C4, 0x10C4, 0x10E4,
  0x1104, 0x1105, 0x3A92, 0x5B5A, 0x849C, 0xB5FC, 0xB5DC, 0xBDDB, 0xA57B, 0x6419, 0xAD9B, 0xCE7C,
  0xCE5C, 0xB5DC, 0x4CFE, 0x08C5, 0x0000, 0x0000, 0x0000, 0x0000, 0x0000, 0x0000, 0x0000, 0x0000,
  0x0000, 0x0000, 0x0000, 0x0000, 0x0020, 0x0000, 0x1A2D, 0x653F, 0x6B94, 0x42F2, 0x5354, 0x4B33,
  0x42F1, 0x42D0, 0x8CB6, 0xB5DB, 0x7C97, 0xA519, 0xC5DC, 0xB55B, 0x5B98, 0x32D1, 0x5B94, 0x63B6,
  0x7C37, 0x9CBA, 0x5AF4, 0x0064, 0x0000, 0x1907, 0x10A6, 0x0022, 0x21A9, 0x324C, 0x322C, 0x326D,
  0x3A6E, 0x322C, 0x2A0B, 0x2A0B, 0x29EB, 0x428E, 0x6351, 0x5B31, 0x4AAF, 0x4AAF, 0x52F0, 0x52F0,
  0x426D, 0x29EC, 0x2A0B, 0x2A0B, 0x29EB, 0x2A0B, 0x2A0B, 0x2168, 0x29EA, 0x21A9, 0x322B, 0x42EF,
  0x5B92, 0x5BB3, 0x2A8F, 0x2A8F, 0x32AF, 0x32B0, 0x3AF1, 0x3AD0, 0x3AD0, 0x32AF, 0x2A8F, 0x224E,
  0x226F, 0x1A0E, 0x094A, 0x0109, 0x00E8, 0x0108, 0x096B, 0x11AC, 0x224F, 0x2A90, 0x2A90, 0x2A8F,
  0x2A8F, 0x1A2E, 0x1A2E, 0x19CD, 0x11EE, 0x0085, 0x0021, 0x0043, 0x0043, 0x0043, 0x0063, 0x0084,
  0x0907, 0x220C, 0x3B95, 0x54FC, 0x6D9E, 0x8DFD, 0x963E, 0x8E3E, 0xAEBF, 0xAE9F, 0x965F, 0xA69F,
  0xB6DF, 0xA69F, 0x9E7F, 0x9E9F, 0xA69F, 0x9E7F, 0x9E7F, 0xA67E, 0x859B, 0x64D9, 0x5CD9, 0x5CD9,
  0x64FA, 0x651A, 0x64FA, 0x859B, 0xBEDE, 0xAEDF, 0x1339, 0x54BC, 0xBF5F, 0x4CDD, 0x0A97, 0x865F,
  0x2359, 0x5D5D, 0x0AB9, 0x2357, 0x54B8, 0x54F9, 0x75BB, 0x8E3D, 0x5CF9, 0x3BF6, 0x4C77, 0x2355,
  0x09CD, 0x0064, 0x0042, 0x0022, 0x0084, 0x21A9, 0x320B, 0x326D, 0x4310, 0x6C55, 0x6435, 0x53B3,
  0x0928, 0x0107, 0x08E6, 0x4A6B, 0x5AEF, 0x426E, 0x39EA, 0x320C, 0x2167, 0x2124, 0x2124, 0x2104,
  0x18E3, 0x2104, 0x2125, 0x2145, 0x2145, 0x2145, 0x2145, 0x2966, 0x2966, 0x1946, 0x2146, 0x2146,
  0x2145, 0x2145, 0x2146, 0x2166, 0x2166, 0x1946, 0x1926, 0x1105, 0x08E5, 0x08E5, 0x0084, 0x0043,
  0x0022, 0x0022, 0x0022, 0x0022, 0x0022, 0x0022, 0x0043, 0x08C5, 0x1125, 0x1926, 0x1105, 0x1925,
  0x10E4, 0x3209, 0x63D1, 0x1106, 0x10C4, 0x10E4, 0x1904, 0x1925, 0x1905, 0x08E5, 0x08C4, 0x08C4,
  0x08A2, 0x29CC, 0x3A72, 0x4292, 0x5311, 0xAD9A, 0xBDDB, 0xBDFC, 0xA55A, 0x5396, 0xA59A, 0xCE5C,
  0xCE7D, 0xBDBA, 0x653F, 0x1A90, 0x0000, 0x0000, 0x0000, 0x0000, 0x0000, 0x0000, 0x0000, 0x0000,
  0x0000, 0x0000, 0x0000, 0x0000, 0x0000, 0x0000, 0x33D7, 0x8D7E, 0x9CBA, 0xA4DB, 0xAD1B, 0xA51A,
  0x8C77, 0x73D4, 0x94B7, 0xA53B, 0x8499, 0xAD5A, 0xB57A, 0xA53B, 0x5396, 0x3AD1, 0x7416, 0x4B34,
  0x3AB0, 0x8437, 0x6B56, 0x00A8, 0x0022, 0x298B, 0x218C, 0x0021, 0x1105, 0x324D, 0x322C, 0x2A2C,
  0x2A2C, 0x3A8E, 0x4ACF, 0x52EF, 0x9476, 0xB55B, 0xBD5B, 0xA4DA, 0xA4DA, 0xB53C, 0xAD1C, 0x6B73,
  0x3A4D, 0x320C, 0x2A0B, 0x2A0B, 0x2A0B, 0x2A0C, 0x21CA, 0x1947, 0x29EA, 0x2168, 0x2A0B, 0x42EF,
  0x5B92, 0x63F4, 0x3B11, 0x3AF1, 0x328F, 0x3AF1, 0x3B11, 0x3AD0, 0x3AF0, 0x3AD0, 0x2A90, 0x1A2F,
  0x224F, 0x222E, 0x11AC, 0x094A, 0x092A, 0x0129, 0x096B, 0x19ED, 0x2A90, 0x32B0, 0x328F, 0x224E,
  0x118B, 0x094A, 0x19ED, 0x19ED, 0x19EE, 0x00A5, 0x0022, 0x0064, 0x0043, 0x0001, 0x0043, 0x220D,
  0x5416, 0x759D, 0x861E, 0x85FD, 0x7DBD, 0x7DDD, 0x8E1E, 0x8E3F, 0xAEBF, 0xAEBF, 0x9E7F, 0xA69F,
  0xB6DF, 0xAEBF, 0x9E9F, 0xA6BF, 0xAEBF, 0xA69F, 0x9E9F, 0x9E7F, 0x9E5D, 0x7D7A, 0x6D19, 0x6D1A,
  0x6D3A, 0x757B, 0x85BB, 0xA63C, 0xCF3F, 0x7DDE, 0x0B39, 0x4CFD, 0xBF1F, 0x6DDF, 0x0278, 0x759D,
  0x449C, 0x4C9B, 0x3C9D, 0x2339, 0x5CD8, 0x4C77, 0x6D3A, 0x759B, 0x4457, 0x3BF6, 0x4C57, 0x2313,
  0x094B, 0x0042, 0x0042, 0x0063, 0x0085, 0x1968, 0x2A0A, 0x324C, 0x3A8E, 0x6434, 0x6435, 0x6414,
  0x19AA, 0x00E7, 0x08E7, 0x31C9, 0x5AEE, 0x6350, 0x4AAF, 0x3A2D, 0x2147, 0x18E3, 0x1904, 0x2967,
  0x29CC, 0x1949, 0x1904, 0x2104, 0x1904, 0x1904, 0x2125, 0x2145, 0x2145, 0x1926, 0x1106, 0x1926,
  0x1925, 0x2145, 0x1925, 0x1925, 0x1925, 0x2146, 0x1945, 0x1105, 0x10E5, 0x08E5, 0x08E5, 0x08E5,
  0x08C5, 0x0064, 0x0043, 0x0022, 0x0022, 0x0063, 0x08C4, 0x10E4, 0x1105, 0x1105, 0x1105, 0x1905,
  0x08C4, 0x4AAB, 0x63F2, 0x1148, 0x10C3, 0x1104, 0x1905, 0x1925, 0x2145, 0x1946, 0x1105, 0x08C4,
  0x10C5, 0x29CD, 0x10E5, 0x320C, 0x10E5, 0x84B7, 0xBDFC, 0xB5DB, 0x9D19, 0x4333, 0x9D5A, 0xCE5C,
  0xCE7C, 0xBDBB, 0x645B, 0x2C19, 0x0020, 0x0000, 0x0000, 0x0000, 0x0000, 0x0000, 0x0000, 0x0000,
  0x0000, 0x0000, 0x0000, 0x0000, 0x0000, 0x08C4, 0x551E, 0xAD5B, 0x7C57, 0x73D6, 0xACDC, 0xBD7C,
  0xC5DD, 0xC5BD, 0xB53C, 0x841B, 0x83FA, 0xACDB, 0xB53B, 0xAD1B, 0x63D6, 0x5352, 0x7C38, 0x3A93,
  0x2A2E, 0x5331, 0x6354, 0x110A, 0x0023, 0x31CE, 0x3210, 0x0000, 0x1928, 0x324C, 0x322C, 0x52F0,
  0x8416, 0xAD1B, 0xB55A, 0xB55A, 0xB55B, 0xBD7B, 0xB53A, 0xACFB, 0xA4DC, 0xA4DC, 0x5B12, 0x21CA,
  0x29EA, 0x2A0B, 0x2A0B, 0x29EB, 0x29CA, 0x21AA, 0x1927, 0x1947, 0x2188, 0x2188, 0x324C, 0x42EF,
  0x63D3, 0x6C35, 0x3AF1, 0x32D1, 0x2A6F, 0x32B0, 0x32B0, 0x32B0, 0x3B11, 0x32F1, 0x1A2F, 0x120F,
  0x224F, 0x19ED, 0x11CC, 0x11ED, 0x11AC, 0x11AD, 0x222F, 0x32D0, 0x4332, 0x3B32, 0x2A90, 0x1A0E,
  0x094A, 0x096B, 0x11AC, 0x1A2F, 0x1A50, 0x08C6, 0x0022, 0x0063, 0x0000, 0x1107, 0x5416, 0x6D9D,
  0x7DDD, 0x7DBD, 0x85DD, 0x8E1E, 0x965E, 0x963E, 0x861E, 0x861F, 0xAEBF, 0xAEBF, 0x9E9F, 0x9E9F,
  0xA69F, 0xAEBF, 0xA69F, 0xA69F, 0xA69F, 0xAEBF, 0x967F, 0x967F, 0x9E7F, 0x8DDC, 0x753A, 0x7D7A,
  0x85BB, 0x8DDC, 0x8DBC, 0xAE7D, 0xBF1F, 0x449D, 0x135A, 0x5D3E, 0xC73F, 0x969F, 0x0AF9, 0x549B,
  0x65BF, 0x2BB9, 0x6DBF, 0x1B3A, 0x5CB8, 0x5477, 0x6D19, 0x5CF9, 0x33D6, 0x43D5, 0x43F6, 0x1A91,
  0x00E8, 0x0022, 0x0064, 0x0084, 0x0063, 0x08E6, 0x29EA, 0x322B, 0x324D, 0x5BD3, 0x6455, 0x6455,
  0x3A8E, 0x00C7, 0x00E7, 0x29A8, 0x630E, 0x7390, 0x52CF, 0x29AA, 0x1905, 0x2146, 0x3A2D, 0x424D,
  0x5314, 0x21AE, 0x196B, 0x196A, 0x18E4, 0x1904, 0x2125, 0x2145, 0x2125, 0x2145, 0x1925, 0x1106,
  0x1926, 0x1105, 0x1925, 0x1925, 0x1105, 0x1905, 0x1905, 0x1925, 0x1105, 0x08C4, 0x10E4, 0x10E5,
  0x10E4, 0x08E4, 0x08C5, 0x08C5, 0x08E5, 0x08E4, 0x08C4, 0x10C4, 0x10E4, 0x10E4, 0x10E4, 0x08C3,
  0x10E4, 0x8431, 0x7453, 0x3A8C, 0x08A3, 0x10E4, 0x1904, 0x1904, 0x18E4, 0x1904, 0x1904, 0x10C3,
  0x1927, 0x08C4, 0x10A3, 0x29A9, 0x1126, 0x7C76, 0xC63C, 0xB5DB, 0x8CB8, 0x4312, 0x9D5A, 0xCE5C,
  0xCE7C, 0xC5FC, 0x6396, 0x3C7C, 0x1127, 0x0000, 0x0000, 0x0000, 0x0000, 0x0000, 0x0000, 0x0000,
  0x0000, 0x0000, 0x0000, 0x0000, 0x0000, 0x1A4E, 0x757F, 0xAD1A, 0x8458, 0x42F1, 0x8418, 0xACFC,
  0xC5DD, 0xC5DD, 0xBD5C, 0xACFC, 0x83F9, 0x7398, 0xA4DB, 0xC59D, 0xB55C, 0x9CB9, 0x8C59, 0x3252,
  0x2A2D, 0x42CF, 0x3A8E, 0x08C6, 0x0023, 0x31EE, 0x31F0, 0x10C9, 0x08E7, 0x4ACF, 0x9CD9, 0xBD7E,
  0xBD5D, 0xBD5B, 0xBD5A, 0xC5BC, 0xBD9C, 0xC5DC, 0xC5BC, 0xACFC, 0x8C18, 0x4AAF, 0x21EB, 0x322C,
  0x29EB, 0x29EB, 0x29EB, 0x1968, 0x2188, 0x1947, 0x1906, 0x21A9, 0x29EA, 0x322B, 0x324C, 0x4B30,
  0x7455, 0x84D7, 0x32D1, 0x2A90, 0x224E, 0x2A6E, 0x2A8F, 0x2A8F, 0x2AB0, 0x19EE, 0x0129, 0x094A,
  0x094A, 0x0108, 0x00E8, 0x098C, 0x096B, 0x0129, 0x19EC, 0x32B0, 0x3AF1, 0x2A8F, 0x11AC, 0x0929,
  0x00C7, 0x0929, 0x00E7, 0x094A, 0x11AC, 0x00C6, 0x0085, 0x0044, 0x2A4D, 0x7DBD, 0x8E3F, 0x8DFD,
  0x85FD, 0x8E1E, 0x7DDE, 0x7DFE, 0x861E, 0x9E7F, 0x965F, 0x8E3F, 0xA69F, 0xAEBF, 0x9E9F, 0x967F,
  0x965F, 0xAEBF, 0xA6BF, 0x9E7F, 0x9E9F, 0xA6BF, 0x967F, 0x9E7F, 0x9E9F, 0x85FE, 0x6D19, 0x7D7A,
  0x8DBB, 0x8DBB, 0x8DDB, 0xB6BE, 0x7E1F, 0x23DC, 0x1BBB, 0x75BE, 0xD77F, 0x969F, 0x1339, 0x3BDA,
  0x8E9F, 0x239A, 0x75DE, 0x23BB, 0x4C59, 0x5497, 0x6D19, 0x4C98, 0x3BF6, 0x43D5, 0x3B94, 0x09EE,
  0x0085, 0x0043, 0x0084, 0x0063, 0x0021, 0x0063, 0x21A9, 0x320A, 0x324C, 0x5351, 0x6C55, 0x6C55,
  0x53B2, 0x00C6, 0x00C6, 0x1106, 0x632F, 0x52CF, 0x426D, 0x2A0F, 0x196A, 0x39E8, 0x6B70, 0x6B92,
  0x6B72, 0x42B2, 0x3252, 0x19AE, 0x18E4, 0x18E3, 0x1904, 0x1904, 0x2125, 0x2125, 0x2125, 0x2146,
  0x2166, 0x1926, 0x1925, 0x2145, 0x1925, 0x1105, 0x10E5, 0x10E5, 0x10E4, 0x10E4, 0x10C4, 0x10C4,
  0x10E4, 0x10E5, 0x1946, 0x2166, 0x2166, 0x1925, 0x1105, 0x10E4, 0x10C4, 0x08A3, 0x0882, 0x10C4,
  0x634E, 0x9CF3, 0x7411, 0x5B4F, 0x3A09, 0x10E4, 0x10E4, 0x10C4, 0x08A3, 0x08A3, 0x08A3, 0x10C4,
  0x1947, 0x1926, 0x2148, 0x3A70, 0x2A0D, 0x7436, 0xC63C, 0xBDFC, 0x8C98, 0x4AF2, 0x9D5A, 0xCE5C,
  0xD67D, 0xCE3C, 0x6BB5, 0x33DA, 0x22F1, 0x0000, 0x0000, 0x0000, 0x0000, 0x0000, 0x0000, 0x0000,
  0x0000, 0x0000, 0x0000, 0x0000, 0x0000, 0x33D7, 0x7CDC, 0x9499, 0x7C39, 0x3AB1, 0x7BF5, 0xACFC,
  0x947A, 0xB53C, 0xBD5C, 0xACFB, 0xA4DA, 0x73B7, 0x4A94, 0x7375, 0xA4FB, 0xA49B, 0x9C7A, 0xA4D9,
  0x6393, 0x3A8E, 0x3AAE, 0x10E6, 0x0001, 0x29AD, 0x52D7, 0x320F, 0x422F, 0xA4BD, 0xC57F, 0xBD5D,
  0xC59C, 0xBD9B, 0xC5BC, 0xCDFD, 0xC5DD, 0xCDDD, 0x9478, 0x4AAF, 0x2A0B, 0x2A0B, 0x2A0C, 0x2A0B,
  0x29EB, 0x29EB, 0x2189, 0x1968, 0x1947, 0x0883, 0x1968, 0x2A0B, 0x2A0B, 0x322C, 0x3A8D, 0x7476,
  0x74D8, 0x9DDA, 0x4B72, 0x2A4E, 0x328E, 0x2A6E, 0x2A6E, 0x11CC, 0x0109, 0x0109, 0x00A6, 0x0086,
  0x00A7, 0x00E8, 0x096B, 0x0129, 0x0109, 0x116A, 0x21EC, 0x2A4E, 0x2A4D, 0x116A, 0x00C7, 0x00C7,
  0x00C7, 0x0085, 0x0064, 0x00A6, 0x0066, 0x19CC, 0x3B74, 0x4BF6, 0x85FE, 0x8E1E, 0x963E, 0x963E,
  0x8E1E, 0x8E1E, 0x8E3E, 0x7DFE, 0x861E, 0x965E, 0x9E7F, 0x8E3F, 0x965F, 0xAEBF, 0x9E7F, 0x8E5F,
  0x965F, 0x9E9F, 0xAEBF, 0x965F, 0x8E5F, 0x965F, 0x9E9F, 0x9E7F, 0x9E9F, 0x8E5F, 0x54DB, 0x6D19,
  0x859B, 0x857A, 0x95DB, 0x9E7E, 0x65BF, 0x23DB, 0x2C3C, 0x861E, 0xD77F, 0x8E5F, 0x23DB, 0x449D,
  0xA6DF, 0x343C, 0x5D3D, 0x44DD, 0x343B, 0x5CF9, 0x5CD9, 0x4457, 0x3BF6, 0x43D5, 0x3374, 0x09CD,
  0x016C, 0x0064, 0x0043, 0x0022, 0x0021, 0x0021, 0x1968, 0x29EA, 0x322C, 0x42CF, 0x6C75, 0x6C75,
  0x6C75, 0x1148, 0x00A6, 0x00C6, 0x4A8E, 0x4A90, 0x4A8F, 0x5B12, 0x3A50, 0x320B, 0x630E, 0x7BD1,
  0x6B92, 0x5334, 0x3252, 0x1129, 0x1106, 0x1907, 0x18E4, 0x18E4, 0x18E4, 0x18E4, 0x1904, 0x2125,
  0x2145, 0x2145, 0x1905, 0x1905, 0x2125, 0x2145, 0x1925, 0x08E5, 0x08C4, 0x10C4, 0x10C4, 0x10E4,
  0x1925, 0x2145, 0x2146, 0x2146, 0x2145, 0x1905, 0x1904, 0x10E4, 0x08A3, 0x0883, 0x2146, 0x73AF,
  0x8C72, 0x73F0, 0x8431, 0x3A8C, 0x636F, 0x5B4E, 0x1905, 0x0042, 0x0862, 0x0862, 0x08A3, 0x2188,
  0x3A8E, 0x3A90, 0x3A70, 0x42B1, 0x42B2, 0x6BF6, 0xBDFB, 0xC61C, 0x9CF9, 0x5313, 0xA55A, 0xCE5C,
  0xD69D, 0xD65D, 0x8457, 0x3316, 0x3C5A, 0x0000, 0x0000, 0x0000, 0x0000, 0x0000, 0x0000, 0x0000,
  0x0000, 0x0000, 0x0000, 0x0000, 0x08C4, 0x44BD, 0x6BF7, 0x94BA, 0x7C59, 0x32B1, 0x4ACF, 0xA4DB,
  0x8C1A, 0x83B9, 0xB53C, 0xC5BC, 0x7BB4, 0x7373, 0x5AF4, 0x298D, 0x3A0D, 0x8418, 0x8C19, 0x9C98,
  0xC59C, 0x7C15, 0x324C, 0x29CA, 0x0043, 0x4230, 0x7399, 0x83F7, 0xACDF, 0xB4FF, 0xB51E, 0xC57D,
  0xCDFC, 0xCDDC, 0xCDFD, 0xC5DD, 0xCDDE, 0xA4DA, 0x3A4D, 0x2A0B, 0x322C, 0x322C, 0x2A0C, 0x29EB,
  0x29EB, 0x29EB, 0x2189, 0x1106, 0x08A3, 0x0883, 0x21A9, 0x29EB, 0x2A0B, 0x3A8D, 0x4B0F, 0x7CD7,
  0x9DDB, 0xB67C, 0x7CD7, 0x6435, 0x6436, 0x6436, 0x5C15, 0x4B94, 0x4353, 0x4373, 0x4353, 0x4373,
  0x4394, 0x4BB4, 0x53F6, 0x53F6, 0x53D5, 0x5415, 0x5C36, 0x5C15, 0x53D5, 0x4BB4, 0x4374, 0x4394,
  0x4374, 0x3B33, 0x3B32, 0x4374, 0x4374, 0x6456, 0x8DDC, 0x7DDE, 0x8E1E, 0x963E, 0x963E, 0x8E3E,
  0x8E3E, 0x861E, 0x861E, 0x8E3F, 0x861F, 0x8E3F, 0x965F, 0x965F, 0x8E3F, 0xA69F, 0xA69F, 0x8E3F,
  0x9E7F, 0x9E7F, 0xA6BF, 0x967F, 0x965F, 0x965F, 0x861F, 0x8E3F, 0x9E7F, 0x965F, 0x75BE, 0x6D1A,
  0x7D5A, 0x7D7A, 0x961C, 0x967F, 0x6DBE, 0x3C9D, 0x555E, 0x8E5F, 0xBF1F, 0x967F, 0x4CDD, 0x5D3E,
  0xA6DF, 0x44FE, 0x447B, 0x6DBE, 0x44BD, 0x6D7C, 0x4499, 0x3C37, 0x3BF6, 0x43F5, 0x3395, 0x09EE,
  0x0AB7, 0x014C, 0x0000, 0x0021, 0x0021, 0x0022, 0x1128, 0x29EA, 0x320B, 0x326D, 0x6414, 0x6C75,
  0x7496, 0x326D, 0x00A6, 0x00E7, 0x29CA, 0x7390, 0x7BD1, 0x7BF2, 0x5B11, 0x4270, 0x5B31, 0x8C33,
  0x8C33, 0x6B93, 0x3A92, 0x21CE, 0x21D0, 0x198E, 0x10E4, 0x10C3, 0x10C3, 0x10C3, 0x10E4, 0x18E4,
  0x1904, 0x1904, 0x10E4, 0x10C4, 0x10E4, 0x18E4, 0x1925, 0x2125, 0x1105, 0x10E5, 0x1105, 0x1105,
  0x10E4, 0x1904, 0x1904, 0x1904, 0x1925, 0x1925, 0x10C4, 0x2146, 0x29A7, 0x5B0C, 0x7BEF, 0x73CF,
  0x4AED, 0x52ED, 0x8410, 0x7C11, 0x5B70, 0x4B0E, 0x530E, 0x424B, 0x2167, 0x10C4, 0x2146, 0x2167,
  0x29CA, 0x5313, 0x6394, 0x73D4, 0x73B3, 0x6BD5, 0xB5BB, 0xCE3D, 0xAD7B, 0x5B74, 0x9D39, 0xCE5C,
  0xDEBD, 0xD67D, 0x9D1A, 0x3A93, 0x44DD, 0x0906, 0x0000, 0x0000, 0x0000, 0x0000, 0x0000, 0x0000,
  0x0000, 0x0000, 0x0000, 0x0000, 0x1A2D, 0x4C9B, 0x5B33, 0x8C7A, 0x7418, 0x3AD3, 0x2A0C, 0x6B74,
  0xA4BB, 0x83F8, 0x83F7, 0xC5DD, 0x9457, 0x31AB, 0x7393, 0x7376, 0x214C, 0x1907, 0x5AF2, 0x83F6,
  0x6B52, 0xA4F9, 0x6B93, 0x3A6E, 0x52D0, 0x4A93, 0x9C9D, 0xC57F, 0xBD5F, 0xBD1E, 0xB51E, 0xC5BD,
  0xD63D, 0xCDFD, 0xCE1D, 0xD61E, 0x9457, 0x29EB, 0x2A0B, 0x2A2C, 0x2A0B, 0x2A0B, 0x2A0B, 0x29EA,
  0x29EB, 0x2A0B, 0x21CA, 0x1126, 0x0883, 0x10C4, 0x21A9, 0x2A0B, 0x3A8E, 0x42CF, 0x42EF, 0x5BB3,
  0x7C96, 0x7CD7, 0x6C76, 0x6456, 0x6C97, 0x6C97, 0x6477, 0x6477, 0x6477, 0x6457, 0x6477, 0x6CB8,
  0x74D8, 0x74B8, 0x6C97, 0x6477, 0x6477, 0x6477, 0x6477, 0x5C37, 0x5C36, 0x5C36, 0x5C36, 0x5C16,
  0x53F6, 0x4BD5, 0x5416, 0x4BB4, 0x222E, 0x3AD0, 0x7DBD, 0x85DD, 0x963E, 0x8E3E, 0x8E3E, 0x8E1E,
  0x861E, 0x861E, 0x8E3F, 0x965F, 0x863F, 0x7E1F, 0x8E3F, 0x9E7F, 0x8E3F, 0x9E9F, 0xA69F, 0x9E9F,
  0x8E5F, 0x9E9F, 0x8E3F, 0x9E9F, 0x9E7F, 0x967F, 0x8E3F, 0x863F, 0x8E5F, 0x9E7F, 0x9E9F, 0x8E1E,
  0x857A, 0x8DDB, 0x965F, 0x8E5F, 0x5D5E, 0x5D5E, 0x75DE, 0x8E5F, 0xB6FF, 0x9EBF, 0x6DDF, 0x5D5E,
  0x969F, 0x65BF, 0x447C, 0x7E1E, 0x551D, 0x75FE, 0x4478, 0x3C37, 0x4437, 0x4417, 0x3BD6, 0x09CD,
  0x12B5, 0x0A55, 0x0021, 0x0000, 0x0021, 0x0063, 0x08E6, 0x21C9, 0x322B, 0x324D, 0x5392, 0x6C75,
  0x6C55, 0x5BB2, 0x00E7, 0x00E8, 0x10E5, 0x6B4F, 0x8C32, 0x9473, 0x8412, 0x6B93, 0x6373, 0x73D2,
  0x8412, 0x7391, 0x5B31, 0x73D4, 0x52D2, 0x21F0, 0x10C5, 0x0882, 0x0883, 0x10A3, 0x10A3, 0x10A3,
  0x10A3, 0x10C3, 0x18E4, 0x10C4, 0x10C4, 0x10E4, 0x10E4, 0x1925, 0x2145, 0x2146, 0x2146, 0x1905,
  0x10E4, 0x10A3, 0x10A3, 0x10A3, 0x08A3, 0x4AAC, 0x6B8E, 0x6B8E, 0x6B6E, 0x73AF, 0x5B4E, 0x3A4A,
  0x29E9, 0x428B, 0x73CF, 0x9CF4, 0x7412, 0x2A2B, 0x324C, 0x532F, 0x636F, 0x6BAF, 0x636F, 0x1904,
  0x29CA, 0x5310, 0x73D2, 0x7C12, 0x8432, 0x73F4, 0xB59B, 0xC63D, 0xB5BB, 0x5B96, 0x9D5A, 0xD69D,
  0xD6DD, 0xC67D, 0xADBC, 0x4AF3, 0x4C7C, 0x1A8F, 0x0000, 0x0020, 0x0000, 0x0000, 0x0000, 0x0000,
  0x0000, 0x0000, 0x0000, 0x0000, 0x33D6, 0x43D6, 0x52F1, 0x7C38, 0x7C18, 0x4B35, 0x3A70, 0x42B1,
  0x8C59, 0xA4DB, 0x8C18, 0xA4B9, 0xC5DD, 0x83F5, 0x7BD4, 0xC5BC, 0x6B56, 0x190A, 0x0043, 0x4A6E,
  0x52AF, 0x6311, 0xB55B, 0x8435, 0xB55A, 0x945B, 0xBD5F, 0xCDBF, 0xC59F, 0xC55E, 0xC5BD, 0xCDFD,
  0xCDFD, 0xC59D, 0xBD7C, 0x8415, 0x3A6E, 0x428E, 0x4ACF, 0x5331, 0x4ACF, 0x3A4C, 0x29EB, 0x29EA,
  0x2A0B, 0x2A0B, 0x29EB, 0x21CA, 0x21A9, 0x1947, 0x1967, 0x2189, 0x322C, 0x3A8E, 0x42EF, 0x42EF,
  0x4310, 0x4310, 0x4310, 0x4310, 0x4B31, 0x4B51, 0x4B51, 0x4B31, 0x4B31, 0x4B31, 0x4B51, 0x4B52,
  0x4B52, 0x4B52, 0x4B52, 0x4B51, 0x4B52, 0x4B51, 0x4331, 0x4310, 0x4311, 0x4311, 0x4311, 0x3AD0,
  0x3AAF, 0x3AAF, 0x3AD0, 0x324D, 0x0885, 0x53F5, 0x861F, 0x963E, 0x9E5E, 0x8E3E, 0x861E, 0x85FE,
  0x8E3F, 0x7DFE, 0x7E1E, 0x8E5F, 0x965F, 0x75DF, 0x7DFF, 0x8E5F, 0x8E3F, 0x9E7F, 0x9E7F, 0xA6BF,
  0x863F, 0x9E9F, 0x8E5F, 0x967F, 0x967F, 0x965F, 0x967F, 0x967F, 0x863F, 0x967F, 0xA69F, 0xA69F,
  0xB6BE, 0xA67E, 0x8E5F, 0x7DFF, 0x553E, 0x659E, 0x7DFE, 0x967F, 0xC71F, 0x967F, 0x7E1F, 0x659E,
  0x967F, 0x865F, 0x551D, 0x75FE, 0x5D3E, 0x7E3F, 0x4CFA, 0x3437, 0x4458, 0x4416, 0x3BD6, 0x09AC,
  0x11EE, 0x1B3A, 0x016E, 0x0001, 0x0042, 0x0084, 0x0063, 0x1947, 0x322C, 0x324D, 0x4310, 0x6C55,
  0x6435, 0x6C76, 0x198A, 0x00C6, 0x0064, 0x52CC, 0x9493, 0x9493, 0x9493, 0x83F2, 0x7BD2, 0x634F,
  0x7BD1, 0x6371, 0x52EF, 0x428D, 0x428F, 0x114A, 0x08A5, 0x0041, 0x0062, 0x0862, 0x0883, 0x0882,
  0x08A3, 0x10C3, 0x18E4, 0x10E4, 0x08A3, 0x10C3, 0x10C4, 0x10C4, 0x1904, 0x1904, 0x1925, 0x2125,
  0x1925, 0x10E4, 0x08A3, 0x0883, 0x0062, 0x2166, 0x73F0, 0x7C11, 0x8452, 0x94D3, 0x8CB4, 0x8452,
  0x8452, 0x94D4, 0xA535, 0x9D35, 0xA536, 0x8CB3, 0x7C32, 0x7412, 0x7412, 0x6BD0, 0x3A29, 0x2146,
  0x3A2C, 0x6371, 0x7BF2, 0x8452, 0x8C73, 0x7C77, 0xA59B, 0xBE5D, 0xB5BC, 0x7458, 0xADDC, 0xD6DD,
  0xD6DD, 0xC65C, 0xB5FC, 0x6BB6, 0x53F9, 0x33F8, 0x0000, 0x0000, 0x0000, 0x0000, 0x0000, 0x0000,
  0x0000, 0x0000, 0x0000, 0x0062, 0x44BC, 0x3B11, 0x5B51, 0x94B8, 0x8478, 0x4B35, 0x3A71, 0x52F4,
  0x52F2, 0x9459, 0xB51C, 0xBD7C, 0xCE1D, 0xD63D, 0xBDBB, 0xCDFC, 0xCE1D, 0x8419, 0x39EF, 0x0065,
  0x52B0, 0xA4D9, 0xC5BC, 0xC5DC, 0xB57B, 0xBD7E, 0xBD3F, 0xD5FE, 0xCDDF, 0xCDDE, 0xD63D, 0xCE1E,
  0xCDFE, 0xBD7E, 0x9C9C, 0x9499, 0xBD9D, 0xB53E, 0xA4BB, 0x7BF5, 0x5330, 0x42AF, 0x29EC, 0x29EB,
  0x2A0B, 0x2A0B, 0x2A0B, 0x2A0B, 0x2A2C, 0x322C, 0x2A0B, 0x2188, 0x2189, 0x320B, 0x326D, 0x3A6D,
  0x3A8E, 0x3A8D, 0x3A6D, 0x3A6D, 0x326D, 0x326E, 0x326D, 0x324D, 0x324D, 0x324C, 0x322C, 0x2A2C,
  0x2A2C, 0x2A2D, 0x2A4D, 0x2A2D, 0x2A2C, 0x2A2C, 0x2A0C, 0x2A0C, 0x2A0C, 0x2A0C, 0x2A0C, 0x29EB,
  0x2A0B, 0x2A0C, 0x29EB, 0x1948, 0x324D, 0x7DFF, 0x85FE, 0x8E3E, 0x965E, 0x965F, 0x861E, 0x863F,
  0x967F, 0x861F, 0x7DFF, 0x863F, 0x9E7F, 0x8E3F, 0x75BE, 0x861E, 0x965F, 0x9E7F, 0x965F, 0x967F,
  0x863F, 0x965F, 0xA69F, 0x863F, 0x8E3F, 0x8E5F, 0x967F, 0x965F, 0x965F, 0x863F, 0x9E7F, 0xAEBF,
  0xBEFF, 0x9E7F, 0x8E3F, 0x75DE, 0x6DDF, 0x659F, 0x8E5F, 0x9E9F, 0xC71F, 0x8E3F, 0x7E1F, 0x6D9E,
  0xA69F, 0x9E9F, 0x5D5E, 0x6DBE, 0x5D5E, 0x8E5F, 0x4CDC, 0x54D9, 0x4478, 0x4417, 0x43F6, 0x1A90,
  0x00A4, 0x12B5, 0x131A, 0x010A, 0x0043, 0x0085, 0x0021, 0x08C5, 0x2A0B, 0x324C, 0x3A8E, 0x6414,
  0x6C75, 0x6C76, 0x3ACF, 0x0064, 0x00A5, 0x29A8, 0x7BD0, 0x6B6F, 0x7BD0, 0x9473, 0x8413, 0x7BF3,
  0x6B93, 0x5B32, 0x4AD2, 0x198B, 0x1969, 0x08C5, 0x0862, 0x0882, 0x10E4, 0x2146, 0x2987, 0x10E4,
  0x0883, 0x08A3, 0x08A3, 0x08A3, 0x0883, 0x0862, 0x0883, 0x0883, 0x0883, 0x10C4, 0x18E4, 0x1925,
  0x2125, 0x2125, 0x10E4, 0x10C3, 0x08A3, 0x08A3, 0x10A3, 0x2145, 0x6BAF, 0x9D15, 0x9515, 0x9D35,
  0xA556, 0x9D36, 0x8CD5, 0x84B4, 0x8CB4, 0x9515, 0x9515, 0x7411, 0x3A09, 0x2987, 0x2145, 0x426E,
  0x73F6, 0x8C53, 0x8412, 0x8432, 0x8452, 0x84B7, 0xA59C, 0xCE7D, 0xBDFC, 0x7439, 0x9519, 0xD69D,
  0xDEBD, 0xCE5C, 0xBDBB, 0x6396, 0x5375, 0x44DD, 0x0083, 0x0000, 0x0000, 0x0000, 0x0000, 0x0000,
  0x0000, 0x0000, 0x0000, 0x1189, 0x44DC, 0x3AAE, 0x5B72, 0x8C98, 0x6BD6, 0x2A73, 0x3AB2, 0x5B54,
  0x3A8F, 0x5311, 0xAD3B, 0xBD9C, 0xCE1D, 0xD65D, 0xDE7E, 0xD63D, 0xDE7D, 0xC5DD, 0xA4DE, 0x7379,
  0x3A11, 0x7BF5, 0xD61C, 0xCDFC, 0xC59C, 0xCDFF, 0xCDBF, 0xD61E, 0xDE7F, 0xD61E, 0xC5BE, 0xBD7E,
  0xBD9F, 0xC5BF, 0xB55E, 0xBD7F, 0xAD3E, 0x7BF8, 0x324D, 0x21CA, 0x21EB, 0x2A0B, 0x2A0B, 0x29EB,
  0x2A0B, 0x2A0B, 0x2A0B, 0x322C, 0x322C, 0x322C, 0x322C, 0x2168, 0x21A9, 0x29CA, 0x29EB, 0x322C,
  0x324C, 0x324C, 0x324D, 0x324C, 0x320C, 0x2A0C, 0x2A0B, 0x2A0B, 0x2A0B, 0x29EB, 0x29EB, 0x29EB,
  0x29EB, 0x29EB, 0x29EB, 0x29EB, 0x29EB, 0x29EB, 0x29EB, 0x29EB, 0x29EB, 0x29EB, 0x21CA, 0x29EB,
  0x1989, 0x08E7, 0x1107, 0x0084, 0x6477, 0x861F, 0x8E1E, 0x8E3E, 0x9E7F, 0x965F, 0x965F, 0x8E3F,
  0x965F, 0x863F, 0x75DF, 0x861F, 0x9E7F, 0xAEBF, 0x7DFE, 0x75DE, 0x965F, 0x965F, 0x965F, 0x965F,
  0x8E5F, 0x863F, 0xA69F, 0x8E5F, 0x7DFF, 0x8E5F, 0x967F, 0x9E9F, 0xA69F, 0xA69F, 0x9E7F, 0xAEDF,
  0x8E5F, 0x863F, 0x863F, 0x8E5F, 0x6DBE, 0x75FF, 0x863F, 0x965F, 0xB6FF, 0x861F, 0x863F, 0x657E,
  0xAEBF, 0x9EBF, 0x6DBE, 0x6DBE, 0x75DE, 0x9EBF, 0x343C, 0x5499, 0x4C78, 0x4416, 0x43F6, 0x3BD6,
  0x11AB, 0x014D, 0x2BDC, 0x1295, 0x0044, 0x0063, 0x0021, 0x0084, 0x21A9, 0x320B, 0x324C, 0x5372,
  0x7496, 0x6C55, 0x6414, 0x08E7, 0x00C7, 0x00C6, 0x422B, 0x4AAC, 0x5AEE, 0x7BD3, 0x8C54, 0x8414,
  0x6B93, 0x52D2, 0x3A52, 0x2A11, 0x21AD, 0x198C, 0x2146, 0x31A7, 0x31C8, 0x4208, 0x4208, 0x31C8,
  0x1925, 0x0882, 0x0042, 0x0062, 0x0042, 0x0042, 0x0062, 0x0862, 0x08A3, 0x10E4, 0x18E4, 0x10E4,
  0x10E4, 0x10E4, 0x10C4, 0x10C4, 0x08A3, 0x0882, 0x0862, 0x0042, 0x1946, 0x426B, 0x5B90, 0x8CD4,
  0x9D14, 0x8CB4, 0x6C32, 0x6C12, 0x4B74, 0x5BD4, 0x5BB1, 0x1947, 0x1904, 0x2966, 0x31A8, 0x4A6D,
  0x6B6F, 0x6B4E, 0x5B2E, 0x5332, 0x7BF2, 0x7435, 0xADBC, 0xD67D, 0xBDFC, 0x7418, 0x8478, 0xCE5C,
  0xD6BD, 0xCE3C, 0xBDBB, 0x5B96, 0x5355, 0x5D5F, 0x11AA, 0x0000, 0x0000, 0x0000, 0x0000, 0x0000,
  0x0000, 0x0000, 0x0000, 0x22D1, 0x4438, 0x3A6C, 0x4B11, 0x8457, 0x7418, 0x2A73, 0x3AB1, 0x6BD6,
  0x5332, 0x5351, 0xA539, 0xB57C, 0xCDFD, 0xD67E, 0xDE9E, 0xDE9E, 0xDE9E, 0xDE9E, 0xCDFE, 0xCDDF,
  0x8C3E, 0x5AF9, 0x7BD9, 0x9479, 0xCDDD, 0xCE1F, 0xCDFE, 0xDE7E, 0xE6BF, 0xCDFE, 0xC5BE, 0xC59F,
  0xCDFF, 0xCDFE, 0xC5DF, 0x8418, 0x426E, 0x2A0B, 0x2A0B, 0x320B, 0x2A0B, 0x2A0B, 0x2A0B, 0x29EB,
  0x29EB, 0x2A0B, 0x320C, 0x2A0C, 0x29EB, 0x21A9, 0x2189, 0x2188, 0x29EA, 0x29EA, 0x322C, 0x322C,
  0x322C, 0x324D, 0x324D, 0x324D, 0x322C, 0x29EB, 0x29EA, 0x29EB, 0x2A0B, 0x29EB, 0x29CA, 0x29EB,
  0x29EB, 0x21CA, 0x21CA, 0x21CA, 0x21CA, 0x21CA, 0x21CA, 0x29CB, 0x21CA, 0x21AA, 0x29CA, 0x1968,
  0x0064, 0x00C6, 0x00A6, 0x21CA, 0x85DD, 0x85FE, 0x8E1E, 0x8E3F, 0x9E7F, 0x9E5F, 0x965F, 0x8E5F,
  0x7E1F, 0x967F, 0x75DF, 0x7DFF, 0x965F, 0xBEFF, 0x965F, 0x657E, 0x861F, 0x863F, 0x8E5F, 0x967F,
  0x965F, 0x75FF, 0x8E5F, 0x9E7F, 0x863F, 0x8E5F, 0x965E, 0x861E, 0x963E, 0xAE9E, 0xB6DE, 0x8E1E,
  0x75BE, 0x7DDE, 0x8E3E, 0x861F, 0x863F, 0x8E5F, 0x75FF, 0x8E3F, 0xB6DF, 0x861F, 0x75FF, 0x6DBE,
  0xB6DF, 0x9E9F, 0x8E5F, 0x659E, 0x7DFF, 0x9EBF, 0x3C5C, 0x54BA, 0x4C37, 0x3BD6, 0x43F6, 0x4C37,
  0x33D6, 0x014B, 0x445B, 0x1B39, 0x010B, 0x0000, 0x0042, 0x0063, 0x1948, 0x320B, 0x322C, 0x42CF,
  0x6C55, 0x6C54, 0x7496, 0x328E, 0x0085, 0x0085, 0x2147, 0x6B50, 0x6331, 0x6B72, 0x8C33, 0x8C33,
  0x73D3, 0x5B33, 0x5312, 0x3A71, 0x2A12, 0x3231, 0x322F, 0x322E, 0x322F, 0x31CA, 0x39C7, 0x31C8,
  0x31A7, 0x2125, 0x0042, 0x0062, 0x08A3, 0x0883, 0x08A3, 0x10C4, 0x1905, 0x1904, 0x10C3, 0x0883,
  0x0062, 0x0862, 0x0862, 0x0862, 0x0862, 0x0041, 0x0021, 0x0063, 0x530E, 0x5B90, 0x7412, 0x7C73,
  0x8473, 0x7C73, 0x8493, 0x7433, 0x5392, 0x5371, 0x4B50, 0x42EE, 0x31C8, 0x2987, 0x3A09, 0x424A,
  0x3A2B, 0x3A6D, 0x3A6E, 0x42D4, 0x6BB4, 0x7436, 0x9D3A, 0xCE5C, 0xC61C, 0x8C99, 0x7438, 0xC61C,
  0xD69D, 0xC63C, 0xB59B, 0x6C17, 0x63B5, 0x7D7E, 0x2313, 0x0000, 0x0000, 0x0000, 0x0000, 0x0000,
  0x0000, 0x0000, 0x0000, 0x33D8, 0x4374, 0x3A6D, 0x3ACF, 0x6BD5, 0x7C38, 0x3AF4, 0x4B54, 0xA53A,
  0x7418, 0x5B95, 0x9D19, 0x8CBA, 0xC5DD, 0xD65E, 0xDE9E, 0xE6BE, 0xE6DE, 0xE6FE, 0xDEBE, 0xD63E,
  0xBD7F, 0x83FF, 0x7BBE, 0x737C, 0x8C3B, 0xC5DE, 0xDE5F, 0xDE9E, 0xD65F, 0xDE7F, 0xDE5F, 0xD61F,
  0xCDFF, 0xCDFF, 0xAD1D, 0x29EB, 0x29CA, 0x322C, 0x322C, 0x2A0C, 0x2A0B, 0x2A0B, 0x29EB, 0x29EB,
  0x29EB, 0x2A0B, 0x29EB, 0x1968, 0x1105, 0x10E5, 0x2188, 0x2A0B, 0x322C, 0x322C, 0x322C, 0x322C,
  0x324C, 0x322C, 0x322C, 0x324D, 0x322C, 0x29EB, 0x29EB, 0x29EB, 0x29EB, 0x21CA, 0x21CA, 0x21CB,
  0x21CA, 0x21AA, 0x21AA, 0x21CA, 0x21CA, 0x21AA, 0x21AA, 0x21AA, 0x21CA, 0x21CA, 0x1948, 0x0042,
  0x0063, 0x08C6, 0x0064, 0x4B72, 0x861F, 0x85FE, 0x8E1E, 0x8E5F, 0x9E7F, 0x965F, 0x965F, 0x8E3F,
  0x6DBF, 0x9E9F, 0x8E3F, 0x75DE, 0x8E3E, 0xBEFF, 0xA69F, 0x5D5E, 0x75DE, 0x7DFE, 0x8E3F, 0x965F,
  0x967F, 0x8E5F, 0x861F, 0xA6BF, 0x8DFC, 0x6CB7, 0x753A, 0x7D9B, 0x6D3A, 0x95DA, 0x8DFC, 0x759D,
  0x759C, 0x6D3B, 0x64B7, 0x7D9B, 0x8579, 0x8E1E, 0x75FF, 0x8E3F, 0xB6FF, 0x8E5F, 0x6DDF, 0x75BE,
  0xBF1F, 0x9EBF, 0x967F, 0x553E, 0x7DFE, 0x9EBF, 0x4CBD, 0x6D9D, 0x5478, 0x3BD6, 0x43D5, 0x4C16,
  0x4458, 0x096B, 0x4C16, 0x1B5A, 0x12F8, 0x0085, 0x0021, 0x0022, 0x08C6, 0x2A0B, 0x324C, 0x3A8E,
  0x5BB3, 0x6C75, 0x6C75, 0x63F4, 0x00C6, 0x00A5, 0x08A4, 0x632F, 0x7BD1, 0x73B0, 0x6B4E, 0x8433,
  0x8414, 0x73D4, 0x8C33, 0x6332, 0x3211, 0x5B33, 0x73D4, 0x6B93, 0x4AF3, 0x2A30, 0x31C8, 0x31A7,
  0x2987, 0x2987, 0x2146, 0x2966, 0x31A8, 0x2146, 0x10C4, 0x10A3, 0x10A3, 0x08A3, 0x0882, 0x0883,
  0x1949, 0x114A, 0x0063, 0x08A3, 0x0083, 0x0083, 0x1926, 0x426A, 0x8451, 0x94B3, 0x9CF4, 0xA514,
  0x94B3, 0x8C52, 0x9CD3, 0x8C93, 0x7C52, 0x7411, 0x73F1, 0x7C32, 0x4ACD, 0x3A4B, 0x424A, 0x3A6D,
  0x3AB3, 0x5B96, 0x4B35, 0x6BD6, 0x9496, 0x7C15, 0x8498, 0xC5FC, 0xBDFC, 0x8479, 0x63F7, 0xC5FC,
  0xD67D, 0xCE3C, 0xB5BB, 0x8497, 0x8455, 0x8D5C, 0x3C7A, 0x0020, 0x0000, 0x0000, 0x0000, 0x0000,
  0x0000, 0x0000, 0x0083, 0x449C, 0x3AF0, 0x326D, 0x42EF, 0x7C36, 0xA51A, 0x9D1A, 0xAD7B, 0xCDFC,
  0x9CFA, 0x8458, 0xAD7B, 0x5B96, 0x7C17, 0xCDFD, 0xD65E, 0xE6DE, 0xEF1F, 0xEF1F, 0xEF3F, 0xD65E,
  0xCDDF, 0xACFF, 0x9C9F, 0x9C7F, 0x8BDF, 0x9C9E, 0xEEDF, 0xDE7F, 0xD63F, 0xD63F, 0xDE7F, 0xDE5F,
  0xC5BF, 0x9C9C, 0x4AAF, 0x428E, 0x3A6D, 0x21CA, 0x21CA, 0x29EA, 0x21CA, 0x29EB, 0x2A0B, 0x2A0B,
  0x2A0B, 0x2A0B, 0x21AA, 0x10E6, 0x0883, 0x08C4, 0x21A9, 0x29EB, 0x322C, 0x2A0B, 0x2A0B, 0x2A0B,
  0x2A0B, 0x29EB, 0x21CA, 0x1989, 0x1148, 0x1107, 0x1127, 0x1969, 0x1989, 0x1149, 0x1169, 0x1148,
  0x08E7, 0x1148, 0x2189, 0x21AA, 0x21AA, 0x1149, 0x08C6, 0x0084, 0x08C6, 0x0908, 0x0084, 0x0022,
  0x0042, 0x0021, 0x0884, 0x753B, 0x861F, 0x8E1E, 0x8E3E, 0x8E5F, 0x967F, 0x8E3F, 0x965F, 0x965F,
  0x75DF, 0x965F, 0xA6BF, 0x75DE, 0x861F, 0xAEBF, 0xAEDF, 0x657E, 0x6DBE, 0x7DFF, 0x75FF, 0x8E3F,
  0x967F, 0x9E7F, 0x7E1E, 0x967F, 0x859A, 0x53D3, 0x64D9, 0x6CD8, 0x6CB7, 0x74D7, 0x64D9, 0x755B,
  0x64B8, 0x5C77, 0x53F4, 0x4330, 0x4310, 0x85FD, 0x7E3F, 0x9E7F, 0xB6FF, 0x967F, 0x75FF, 0x861E,
  0xB6FF, 0x9E9F, 0x863F, 0x44BD, 0x965F, 0x9EBF, 0x655E, 0x7E1F, 0x5CFA, 0x43D6, 0x3BB5, 0x43F6,
  0x4458, 0x122F, 0x19AB, 0x0B1A, 0x3C9D, 0x2357, 0x0001, 0x0021, 0x0084, 0x21A9, 0x320B, 0x3AAE,
  0x4B31, 0x6C76, 0x6C55, 0x6C76, 0x2A0B, 0x0064, 0x00A6, 0x2168, 0x7391, 0x7BD0, 0x73B0, 0x9494,
  0x8C74, 0x9CB4, 0x9474, 0x5B13, 0x4AB3, 0x6374, 0x8C54, 0x73D4, 0x42B2, 0x320C, 0x31A6, 0x31A6,
  0x31C7, 0x31C8, 0x29A8, 0x31C7, 0x31A7, 0x31C8, 0x2146, 0x10C4, 0x0882, 0x0062, 0x0021, 0x2167,
  0x5B11, 0x3230, 0x00A6, 0x29A7, 0x6B8F, 0x634E, 0x73AF, 0x7BCF, 0x73AE, 0x8430, 0x9492, 0x73D0,
  0x42AC, 0x42AC, 0x73CF, 0x9CD3, 0x8473, 0x42CD, 0x3A8D, 0x324C, 0x42CD, 0x534F, 0x5B6F, 0x4B10,
  0x4AF3, 0x7C16, 0x8456, 0x9CD6, 0xA4F6, 0x94B5, 0x7C78, 0xAD9B, 0xBDBB, 0x7C58, 0x5BB6, 0xBDDB,
  0xD67D, 0xCE5C, 0xBDDB, 0x8CB9, 0x8457, 0x951A, 0x553F, 0x00C5, 0x0000, 0x0000, 0x0000, 0x0000,
  0x0000, 0x0000, 0x1189, 0x4CBC, 0x6BB2, 0x9496, 0xAD39, 0xBD9B, 0xCDDD, 0xCDFD, 0xD63D, 0xD65D,
  0xD61D, 0xCDDD, 0xD63E, 0xA53A, 0x5332, 0xA51A, 0xD65E, 0xE6DE, 0xE6FE, 0xEF1F, 0xEF1F, 0xDEBE,
  0xCDFE, 0xD61F, 0xC5BF, 0xB53F, 0xB51F, 0xA4BF, 0xC5BF, 0xDE9F, 0xDE5F, 0xD61F, 0xE69F, 0xCE1F,
  0x9CBA, 0x8C76, 0xA518, 0xCDFC, 0x9CB8, 0x7394, 0x83F7, 0x8C37, 0x7393, 0x3A4D, 0x324C, 0x2A0B,
  0x2A0B, 0x2A0B, 0x29EB, 0x2189, 0x1947, 0x1927, 0x1968, 0x1967, 0x21A9, 0x29EB, 0x29EB, 0x29EB,
  0x29EB, 0x21CB, 0x1989, 0x0907, 0x00A5, 0x00A5, 0x08E7, 0x1989, 0x21AA, 0x198A, 0x1148, 0x00C6,
  0x0907, 0x1989, 0x21AA, 0x21AA, 0x1148, 0x00A5, 0x0042, 0x0042, 0x0084, 0x00C6, 0x0063, 0x0022,
  0x0042, 0x0000, 0x326D, 0x8E7F, 0x8E3E, 0x8E3E, 0x863F, 0x8E3F, 0x965F, 0x965F, 0x965F, 0x9E7F,
  0x7DFF, 0x861F, 0xB6FF, 0x863F, 0x7DFF, 0x9E7F, 0xAEBF, 0x659F, 0x6DBF, 0x7E1F, 0x75DE, 0x863F,
  0x8E5F, 0x8E5F, 0x7DFF, 0x7E3F, 0x8DFC, 0x4BD4, 0x64FA, 0x5C77, 0x6455, 0x5416, 0x5CB8, 0x757B,
  0x43B4, 0x5436, 0x6497, 0x2A6E, 0x4373, 0x7DDE, 0x7E1F, 0xA6BF, 0xC71F, 0x965F, 0x659E, 0x9E7F,
  0xAEDF, 0x9E9F, 0x863F, 0x3CBD, 0x9E7F, 0x9EBF, 0x657E, 0x7E1F, 0x655C, 0x4416, 0x3BB5, 0x3BD5,
  0x43F6, 0x2334, 0x00A6, 0x1AD4, 0x555F, 0x553F, 0x00EB, 0x0021, 0x0085, 0x08C5, 0x29C9, 0x3A8D,
  0x42F0, 0x6414, 0x7496, 0x6C75, 0x5BD3, 0x00A5, 0x0085, 0x0063, 0x630E, 0x73B0, 0x8411, 0x94B4,
  0x634E, 0x8412, 0x9494, 0x8414, 0x7BF4, 0x7C14, 0x7BF4, 0x4AB3, 0x3231, 0x29CC, 0x21AC, 0x29A8,
  0x39C7, 0x31C8, 0x2188, 0x31C8, 0x31C7, 0x31A7, 0x2987, 0x2166, 0x2146, 0x1926, 0x2148, 0x31EA,
  0x6B50, 0x3A70, 0x092B, 0x21ED, 0x6391, 0x8451, 0x8C92, 0x8410, 0x8C51, 0x9492, 0x8C72, 0x73F1,
  0x73F1, 0x8452, 0x94D4, 0x94F5, 0x8CD5, 0x8CB4, 0x6BB1, 0x4AF0, 0x4ACF, 0x4B31, 0x63D2, 0x4AF1,
  0x3A73, 0x4B15, 0x8C55, 0x8C75, 0x94D6, 0x9CF6, 0x7C57, 0xAD7B, 0xBDDC, 0x8C99, 0x5BB6, 0xAD9B,
  0xD69D, 0xD67D, 0xBDDC, 0x94DA, 0x7C58, 0x9CF9, 0x75DF, 0x11EC, 0x0000, 0x0000, 0x0000, 0x0000,
  0x0020, 0x0000, 0x1AB0, 0x6D3D, 0x9455, 0x8476, 0x94B7, 0xBD9B, 0xC5DD, 0xC5BC, 0xC5DC, 0xD63D,
  0xD65E, 0xD61D, 0xD61E, 0xEEDF, 0xE6FE, 0xCE7C, 0xAD5C, 0xD63E, 0xEEFF, 0xE6FF, 0xEEFF, 0xE6FE,
  0xD65E, 0xDE9F, 0xDE9F, 0xCE1F, 0xCDFF, 0xCDDF, 0xBD7F, 0xDE7F, 0xDE5F, 0xC5BE, 0x9457, 0x7372,
  0xCE3C, 0xDE7E, 0xD61D, 0xC5BB, 0xAD1A, 0x9C79, 0x8C38, 0x9C99, 0x8C18, 0x5293, 0x218A, 0x29CA,
  0x2A0B, 0x2A0B, 0x29EB, 0x2A0B, 0x2A0B, 0x2A2C, 0x29EB, 0x1927, 0x1927, 0x1927, 0x29EB, 0x29EB,
  0x29EB, 0x21AA, 0x1148, 0x08C6, 0x00A5, 0x08C6, 0x0928, 0x1989, 0x21CA, 0x1989, 0x0907, 0x0928,
  0x1989, 0x21AA, 0x21AA, 0x1969, 0x00C5, 0x0043, 0x0043, 0x0064, 0x00C6, 0x00A5, 0x0043, 0x0042,
  0x0063, 0x0063, 0x64B9, 0x8E5F, 0x9E5E, 0x861E, 0x7E1F, 0x965F, 0x965F, 0xA67F, 0x965F, 0xAE9F,
  0x7DFF, 0x7DFF, 0xB6DF, 0x8E3F, 0x861F, 0x9E9F, 0xA69F, 0x6DDF, 0x75DF, 0x7E1E, 0x7DFE, 0x8E3F,
  0x8E3F, 0x8E3F, 0x863F, 0x75FF, 0x759C, 0x53D4, 0x64D9, 0x5C56, 0x5415, 0x5C98, 0x6D5B, 0x5D3C,
  0x43B4, 0x5C97, 0x6455, 0x326E, 0x4393, 0x7DFE, 0x863F, 0xA6BF, 0xC71F, 0x8E3F, 0x659E, 0x9E9F,
  0xAEDF, 0x969F, 0x8E7F, 0x4CFE, 0x9E7F, 0x8E5F, 0x655E, 0x8E5F, 0x8E3E, 0x5478, 0x3BD5, 0x3BD5,
  0x3BB5, 0x3395, 0x0129, 0x19AA, 0x5CFC, 0x657E, 0x0235, 0x0085, 0x0063, 0x0043, 0x1968, 0x324C,
  0x3ACF, 0x4B31, 0x6C96, 0x6C75, 0x74B6, 0x326D, 0x0043, 0x0063, 0x1906, 0x632E, 0x6B8F, 0x8C52,
  0x738F, 0x8C32, 0x9CD4, 0x7BF2, 0x9CB4, 0x94B5, 0x8C54, 0x6B93, 0x52F2, 0x4AB2, 0x3210, 0x29A9,
  0x3186, 0x31A7, 0x2987, 0x29A8, 0x31C8, 0x31C8, 0x31C8, 0x31A7, 0x2986, 0x29A7, 0x630F, 0x6B6F,
  0x7BB1, 0x5B11, 0x4AD2, 0x4B14, 0x29CC, 0x424A, 0x73D1, 0x94D4, 0x94F5, 0x9D15, 0x8CB4, 0x8CD5,
  0x9D36, 0xA576, 0x9515, 0x8CB5, 0x8494, 0x9D36, 0x8CF5, 0x7434, 0x7C34, 0x5B50, 0x4ACE, 0x4291,
  0x5315, 0x5B55, 0x73D4, 0x8454, 0x94B6, 0x8496, 0x6C16, 0xA55A, 0xBDFC, 0x9CFA, 0x53B6, 0xA57A,
  0xD69D, 0xD67D, 0xBDDC, 0x9CD9, 0x9519, 0xA53A, 0x95FF, 0x2334, 0x0000, 0x0000, 0x0000, 0x0000,
  0x0000, 0x0000, 0x33D7, 0x4BF7, 0x3A8E, 0x3ACF, 0x42EF, 0x7C55, 0xBD9C, 0xBD9C, 0xBD9C, 0xC5DD,
  0xCE3D, 0xDE7E, 0xD65E, 0xDEBE, 0xEEFE, 0xFF7F, 0xA57C, 0x63DA, 0x94BA, 0xDE7E, 0xE6FF, 0xF75F,
  0x94D6, 0xDE9D, 0xEEFF, 0xCE3F, 0xDE7F, 0xBDBE, 0x9CB9, 0xBDBD, 0x947A, 0x83FB, 0x5AF6, 0x83F8,
  0xDE9F, 0xD65D, 0xC5DD, 0xB53D, 0x9C9C, 0x7BB7, 0x5AF3, 0x4A71, 0x4250, 0x29AD, 0x0865, 0x10C6,
  0x2A0B, 0x322C, 0x2A0B, 0x29EB, 0x29EB, 0x29EB, 0x29CA, 0x10E6, 0x10E5, 0x1106, 0x21CA, 0x2A0B,
  0x21CA, 0x1169, 0x08E7, 0x00A5, 0x00C5, 0x00C6, 0x0928, 0x19AA, 0x21AA, 0x1169, 0x1148, 0x198A,
  0x21CA, 0x21AA, 0x1989, 0x08E6, 0x0043, 0x0043, 0x0063, 0x0084, 0x00A5, 0x0085, 0x0084, 0x0084,
  0x0043, 0x2A0C, 0x861F, 0x85FE, 0x9E7F, 0x8E3F, 0x7E1F, 0x9E7F, 0x967F, 0x9E9F, 0x9E7F, 0xAEBF,
  0x8E3F, 0x75DF, 0xAEBF, 0x967F, 0x861F, 0xA69F, 0xAEBF, 0x7DFF, 0x75DF, 0x7DFF, 0x6DBE, 0x75FF,
  0x967F, 0x9E7F, 0x8E5F, 0x7DFF, 0x85FD, 0x5C36, 0x5C99, 0x5C97, 0x6497, 0x653C, 0x6D7D, 0x75BC,
  0x5435, 0x6D1A, 0x6456, 0x32AF, 0x4BB4, 0x863F, 0x8E5F, 0xB6DF, 0xB6DF, 0x75FF, 0x7DFF, 0xAEDF,
  0xB6FF, 0x9EBF, 0x8E5F, 0x4CFD, 0xA69F, 0x8E7F, 0x6D7E, 0xAEDF, 0x863F, 0x54B9, 0x43F6, 0x43F6,
  0x3BB5, 0x33B5, 0x1250, 0x1989, 0x4C39, 0x2B79, 0x0AFA, 0x098C, 0x0000, 0x0043, 0x0907, 0x320B,
  0x3A8D, 0x3AAF, 0x5BF4, 0x6C96, 0x6455, 0x6435, 0x1106, 0x0064, 0x0064, 0x52AC, 0x8C73, 0x8432,
  0x8C52, 0x8431, 0x8C32, 0x6B6F, 0x8411, 0x9493, 0x9494, 0x8414, 0x5B13, 0x52F3, 0x320C, 0x2987,
  0x31A8, 0x29A8, 0x31A7, 0x2986, 0x2166, 0x2987, 0x31A7, 0x31C7, 0x31A7, 0x2987, 0x3A09, 0x632E,
  0x8C32, 0x8412, 0x5B53, 0x5B33, 0x4AB0, 0x526B, 0x5AEC, 0x7C53, 0x7C53, 0x8CD5, 0x7C53, 0x8494,
  0x8CD4, 0x84B4, 0x8493, 0x7C53, 0x7C74, 0x7C94, 0x63F4, 0x42D3, 0x5352, 0x5B0F, 0x6B4F, 0x5B32,
  0x73D4, 0x94B5, 0x9CF6, 0xA4F6, 0x8477, 0x745A, 0x63F7, 0xA53A, 0xBDDC, 0xA55B, 0x6418, 0xA55A,
  0xCE5D, 0xCE7D, 0xBDDB, 0x9CFA, 0xAD7A, 0xA55B, 0xADFE, 0x343A, 0x0000, 0x0000, 0x0000, 0x0000,
  0x0000, 0x0042, 0x449B, 0x4352, 0x42CF, 0x4B11, 0x5B93, 0x5B94, 0x8478, 0xAD3B, 0xBD7C, 0xBD9C,
  0xC5DC, 0xD65D, 0xDE7E, 0xDE9E, 0xE6DE, 0xEEFF, 0xEEFF, 0xC61D, 0x7439, 0xBDFC, 0xEF1F, 0xCE7C,
  0x6BB1, 0x9CF6, 0xF71F, 0xD63F, 0xC5DD, 0xC5BE, 0xB53D, 0x9C9F, 0x945E, 0xA4DE, 0x9C9F, 0x83FF,
  0x7BDD, 0x9CDF, 0x8C3B, 0x8C1B, 0x8C1E, 0x8C3F, 0x83FC, 0x6B79, 0x6357, 0x52D2, 0x1128, 0x10E7,
  0x4A8F, 0x3A6E, 0x2A0B, 0x2A0B, 0x29EB, 0x2188, 0x0883, 0x08A4, 0x2189, 0x21A9, 0x2A0B, 0x29EB,
  0x198A, 0x1128, 0x0907, 0x00C6, 0x00C6, 0x08E7, 0x1969, 0x21CB, 0x21AA, 0x1989, 0x21AA, 0x21CA,
  0x21AA, 0x198A, 0x0907, 0x0064, 0x0042, 0x0063, 0x0063, 0x0063, 0x00A5, 0x08E6, 0x08C6, 0x0084,
  0x0022, 0x6456, 0x8E7F, 0x963E, 0x967F, 0x965F, 0x7E1F, 0x965F, 0x9E7F, 0x967F, 0xA69F, 0xAEBF,
  0x965F, 0x7DFF, 0xA69F, 0xA6BF, 0x75FF, 0xA6BF, 0xAEDF, 0x863F, 0x7E1F, 0x863F, 0x7DFF, 0x75FF,
  0x863F, 0x8E3F, 0x8E5F, 0x8E5F, 0x9E5E, 0x4B72, 0x4393, 0x4B51, 0x3AEF, 0x4BD5, 0x6CD8, 0x6497,
  0x3AEF, 0x4330, 0x3A6C, 0x21CA, 0x5415, 0x967F, 0x8E5F, 0xBEFF, 0xAEBF, 0x6DBF, 0x861F, 0xAEDF,
  0xB6FF, 0x9E9F, 0x967F, 0x657E, 0xAEBF, 0x969F, 0x6D7E, 0xB6FF, 0x6DDF, 0x4CBB, 0x4C37, 0x43F6,
  0x43D6, 0x3B95, 0x2313, 0x224E, 0x6D3C, 0x01D5, 0x1B19, 0x1B16, 0x0000, 0x0063, 0x0043, 0x1968,
  0x3A6D, 0x3A8E, 0x4B31, 0x6C76, 0x6434, 0x6455, 0x4B71, 0x0063, 0x0085, 0x0884, 0x630F, 0x73B2,
  0x73B0, 0x8C52, 0x7390, 0x6B4F, 0x736F, 0x8C32, 0x7BD1, 0x7BD1, 0x6B92, 0x52D0, 0x4290, 0x4A6B,
  0x5AEF, 0x428F, 0x29CB, 0x2966, 0x2966, 0x2166, 0x2125, 0x2966, 0x52AC, 0x630F, 0x630E, 0x7BD0,
  0x8412, 0x8C53, 0x8413, 0x8C54, 0x6B92, 0x7390, 0x73D0, 0x73F2, 0x6B90, 0x7C53, 0x94D4, 0xA555,
  0xA535, 0x8493, 0x73D0, 0x7412, 0x5B91, 0x63B1, 0x73F2, 0x4AF1, 0x4B53, 0x73D3, 0x8413, 0x8414,
  0x8C54, 0x9CF6, 0x9493, 0x6BD5, 0x6C19, 0x9CD9, 0x8497, 0x9D5A, 0xC61C, 0xBDBB, 0x7458, 0x9519,
  0xCE3C, 0xCE5D, 0xBDDB, 0xA53A, 0xA55A, 0x9D3A, 0xC61D, 0x4CFE, 0x00C4, 0x0000, 0x0000, 0x0000,
  0x0000, 0x0927, 0x44DD, 0x42F0, 0x42F0, 0x5332, 0x73F8, 0x847A, 0x8C9A, 0x6BF6, 0x63B4, 0x94B8,
  0xAD3A, 0xC5DC, 0xD65D, 0xD65E, 0xDE9E, 0xEF1F, 0xF73F, 0xDE9E, 0xAD9C, 0xD69E, 0xE6FF, 0x7C16,
  0x73D4, 0x9CD7, 0xEEFF, 0x9CB8, 0x7393, 0xC5BF, 0xBD7F, 0xB51F, 0xC59F, 0xB57F, 0xCDFE, 0xD65F,
  0xCE3F, 0x7C39, 0x6B5A, 0x7BBB, 0x949B, 0x6376, 0x6356, 0x42B0, 0x7C16, 0xB55E, 0x6354, 0x1989,
  0x320B, 0x4AAF, 0x29EB, 0x322C, 0x29EB, 0x1106, 0x0063, 0x1927, 0x29EB, 0x29EA, 0x29EB, 0x21CB,
  0x198A, 0x1149, 0x0928, 0x08E6, 0x1128, 0x1989, 0x21CA, 0x29EB, 0x21EB, 0x21CA, 0x21CA, 0x21AA,
  0x21AA, 0x0907, 0x0084, 0x0043, 0x0043, 0x0043, 0x0063, 0x00A5, 0x0928, 0x0907, 0x08C6, 0x00A5,
  0x1969, 0x85DE, 0x863F, 0x9E7F, 0x9E7F, 0x965F, 0x7DFE, 0x861F, 0xA69F, 0x9E7F, 0x9E9F, 0xB6DF,
  0x9E7F, 0x861F, 0xB6DF, 0xB6DF, 0x8E5F, 0xB6DF, 0xA69F, 0x863F, 0x861F, 0x8E3F, 0x7DFF, 0x7DFF,
  0x8E3F, 0x8E3F, 0x965F, 0x9E9F, 0x7DBD, 0x3AD0, 0x222C, 0x2A2C, 0x2A2C, 0x5BF4, 0x6456, 0x53D5,
  0x3A8D, 0x42AD, 0x29C9, 0x2187, 0x6C96, 0x8E7F, 0x9E7F, 0xC71F, 0x967F, 0x6DBF, 0x967F, 0xAEDF,
  0xB6FF, 0x9E9F, 0x9E9F, 0x7DFE, 0xAEDF, 0x8E5F, 0x6D7E, 0xB6FF, 0x6DDF, 0x6D9C, 0x5478, 0x43F6,
  0x43F6, 0x3B95, 0x2B33, 0x3B73, 0x85DD, 0x0AB8, 0x0A55, 0x1B7A, 0x016D, 0x0021, 0x0021, 0x08A5,
  0x2A0B, 0x3A6C, 0x3A8E, 0x53B3, 0x6C55, 0x5BF4, 0x6C96, 0x2A2C, 0x0023, 0x0084, 0x1927, 0x6B72,
  0x7BF2, 0x6B93, 0x4AD2, 0x6331, 0x83F3, 0x6371, 0x630D, 0x6B2D, 0x6B4F, 0x52AB, 0x52AC, 0x632F,
  0x7B91, 0x5AF0, 0x29AB, 0x2145, 0x2166, 0x2167, 0x1926, 0x1926, 0x5ACD, 0x83F2, 0x8412, 0x8C52,
  0x8411, 0x94B3, 0x94B3, 0x9494, 0x9474, 0x7BD2, 0x73D1, 0x73F1, 0x6B6F, 0x6BD1, 0x8CB4, 0x9CF4,
  0x8C93, 0x7432, 0x530E, 0x5B70, 0x42CE, 0x4B0F, 0x4B52, 0x3AD1, 0x5B52, 0x7BF4, 0x7BF5, 0x8C75,
  0x9CD5, 0x9CF5, 0x9CD5, 0x8CB7, 0x9CF8, 0x9CD7, 0x7C57, 0xA57A, 0xD65C, 0xC5FC, 0x8498, 0x9D19,
  0xCE3C, 0xD67D, 0xB5DB, 0x9D1A, 0x9D39, 0x9D3B, 0xCE3C, 0x6D9F, 0x098A, 0x0000, 0x0000, 0x0000,
  0x0000, 0x1A0D, 0x4CBC, 0x42CE, 0x42EF, 0x5331, 0x73F8, 0x8C7A, 0x94DB, 0x94D9, 0x8C97, 0x9CF9,
  0x8476, 0x8456, 0xAD5B, 0xD67E, 0xDEBF, 0xE6FF, 0xE6BF, 0xEEFF, 0xA55A, 0x9D1A, 0xDEBE, 0x7416,
  0xC5DE, 0xD61E, 0xA519, 0xA4FB, 0xB57E, 0xBD9F, 0xBD9F, 0xC5BF, 0xC5DF, 0xC61F, 0xE6DF, 0xD63E,
  0x7C34, 0x2A2C, 0x21CB, 0x324D, 0x322C, 0x21EA, 0x2A0A, 0x2A0B, 0x2A0B, 0x3A6D, 0x6353, 0x3A4D,
  0x29EA, 0x2A0B, 0x2A0B, 0x2A2C, 0x1968, 0x0883, 0x08C4, 0x1968, 0x21CA, 0x1947, 0x21AA, 0x19AA,
  0x198A, 0x1169, 0x1169, 0x1149, 0x19AA, 0x21CA, 0x29EB, 0x29EB, 0x21CA, 0x29CA, 0x21CA, 0x21CA,
  0x1969, 0x00A6, 0x0063, 0x0043, 0x0043, 0x0064, 0x00C6, 0x1149, 0x1148, 0x0907, 0x1128, 0x0907,
  0x4352, 0x861F, 0x861E, 0xA69F, 0xA69F, 0x965F, 0x7DFF, 0x861F, 0xA69F, 0x9E7F, 0x967F, 0xAEDF,
  0x9E7F, 0x7E1F, 0xA6BF, 0xAEDF, 0xAEDF, 0xC71F, 0xA6BF, 0x965F, 0x965F, 0x8E5F, 0x75DF, 0x6DDF,
  0x7DFF, 0x8E3F, 0x967F, 0x7D9C, 0x4C98, 0x4437, 0x4437, 0x3BF6, 0x4416, 0x5C77, 0x7D5A, 0x961D,
  0x7D5A, 0x95FC, 0x6C13, 0x4AEE, 0x7519, 0x969F, 0xA69F, 0xBF1F, 0x7E1F, 0x7E1F, 0x9E9F, 0xB6FF,
  0xB6FF, 0x9E9F, 0x967F, 0x7E1F, 0xA6BF, 0x8E5F, 0x85FE, 0xB6FF, 0x863F, 0x75BD, 0x4C78, 0x4416,
  0x43F6, 0x3BB5, 0x3374, 0x5477, 0x9E5E, 0x23DB, 0x0215, 0x12B7, 0x0AF9, 0x0043, 0x0021, 0x0064,
  0x1106, 0x322B, 0x3A6D, 0x42CF, 0x63F4, 0x6414, 0x5BF4, 0x6414, 0x1107, 0x0064, 0x0043, 0x422A,
  0x8C74, 0x7BF3, 0x73D3, 0x7BD3, 0x8434, 0x7BD3, 0x5AF0, 0x630D, 0x6B4D, 0x6B4D, 0x6B4E, 0x7BB0,
  0x7BB1, 0x5B10, 0x29ED, 0x29A9, 0x4229, 0x3A09, 0x31C8, 0x2167, 0x29CA, 0x6B4F, 0x8C53, 0x8C72,
  0x8C72, 0x9CB3, 0x8431, 0x738F, 0x7BF1, 0x52F0, 0x5B30, 0x73F1, 0x6B70, 0x5B70, 0x7C73, 0x8452,
  0x7C11, 0x6BD1, 0x5350, 0x4B2F, 0x42AE, 0x5311, 0x5B74, 0x3A93, 0x3272, 0x5B53, 0x73D4, 0x9495,
  0x9CD5, 0xA536, 0xAD57, 0xAD57, 0xA538, 0x8CB8, 0x8477, 0x9D3A, 0xC65D, 0xCE3D, 0xA55A, 0x9D3A,
  0xCE3C, 0xD67D, 0xBDDB, 0xA53A, 0x9D39, 0xA59C, 0xCE3C, 0x8E1F, 0x1A90, 0x0000, 0x0000, 0x0000,
  0x0000, 0x2B12, 0x4C7A, 0x428E, 0x3AAF, 0x5352, 0x8459, 0x9CDB, 0xAD5B, 0xC5DC, 0xCDFD, 0xCDFD,
  0xC5DD, 0xCE1D, 0xD65E, 0xE69E, 0xEF3F, 0xF77F, 0xB59C, 0xCE1D, 0xC61B, 0xBDFB, 0xE6DE, 0xB5BB,
  0xD65F, 0xC5DD, 0x7BF4, 0xBD9C, 0xC5DF, 0xC5DF, 0xCDFF, 0xD65F, 0xB59D, 0xA539, 0x94B7, 0x5310,
  0x21AA, 0x52EF, 0x8454, 0xAD59, 0x8C76, 0x5331, 0x322C, 0x21CA, 0x2A0B, 0x2A0B, 0x29EB, 0x3A8E,
  0x2A2C, 0x2A0C, 0x2A0B, 0x2A0C, 0x1948, 0x08A4, 0x08C4, 0x1106, 0x1968, 0x1126, 0x21CB, 0x19AA,
  0x19AA, 0x21CB, 0x19CB, 0x21CA, 0x21AA, 0x29EB, 0x29EB, 0x29EA, 0x29CA, 0x29EB, 0x29EB, 0x21CB,
  0x0907, 0x0064, 0x0043, 0x0043, 0x0063, 0x08E6, 0x1169, 0x1989, 0x1148, 0x1128, 0x0907, 0x00C6,
  0x5C57, 0x8E5F, 0x965F, 0x9E9F, 0xA69F, 0x9E7F, 0x8E3F, 0x7E1F, 0x9E7F, 0xA69F, 0x967F, 0xA69F,
  0xA69F, 0x7DFF, 0x9E7F, 0xAEBF, 0xBEFF, 0xC71F, 0x9E7F, 0xAEBF, 0xA69F, 0x8E3F, 0x75FF, 0x7E1F,
  0x7E1F, 0x75BD, 0x5CD9, 0x4C57, 0x4C57, 0x4457, 0x3C16, 0x33F6, 0x4457, 0x3C57, 0x1AF1, 0x5414,
  0x8DDC, 0x95FC, 0x6C12, 0x4AEE, 0x7D5A, 0x969F, 0xAEBF, 0xB6FF, 0x861F, 0x967F, 0x9E9F, 0xB6FF,
  0xAEBF, 0x8E5F, 0x863F, 0x8E3F, 0xA6BF, 0x967F, 0x9E7F, 0xBF1F, 0x965F, 0x75BE, 0x64F9, 0x4C37,
  0x4416, 0x43F6, 0x3BB5, 0x64B8, 0x9E7E, 0x3CBD, 0x0AF9, 0x0A77, 0x33FB, 0x1274, 0x0003, 0x0021,
  0x0042, 0x2189, 0x3A6C, 0x3A8E, 0x4B31, 0x6435, 0x6414, 0x5C14, 0x5392, 0x0084, 0x0064, 0x0063,
  0x6B4F, 0x8C53, 0x6B51, 0x7392, 0x9474, 0x7BD3, 0x4292, 0x2A10, 0x3A2F, 0x5B0F, 0x6B6F, 0x7BB0,
  0x83F1, 0x7391, 0x3250, 0x2A0E, 0x528B, 0x528A, 0x4A6A, 0x4A6B, 0x426B, 0x6B4F, 0x7BAF, 0x632D,
  0x630D, 0x8C52, 0x8432, 0x530E, 0x5B0E, 0x7390, 0x7C11, 0x63B1, 0x5350, 0x5370, 0x73F2, 0x73F1,
  0x5B50, 0x5350, 0x4B11, 0x4B30, 0x532F, 0x8414, 0x9475, 0x73B4, 0x6374, 0x7BF5, 0x9CB5, 0x94B4,
  0x9494, 0xB577, 0xA537, 0x8478, 0x8499, 0xAD39, 0x9CF7, 0xA55C, 0xC63D, 0xCE9E, 0x9D3C, 0x953B,
  0xC63C, 0xCE7D, 0xBE1C, 0xADBC, 0x9519, 0xADBB, 0xCE3C, 0x9E1F, 0x2B76, 0x0000, 0x0000, 0x0000,
  0x0000, 0x33F7, 0x4BD6, 0x3A8E, 0x5351, 0x8477, 0xA51B, 0xB55B, 0xBD9C, 0xC5BD, 0xBD9D, 0xBD9C,
  0xC5BD, 0xD61E, 0xDE5E, 0xDE5E, 0xDEBE, 0xEF1F, 0xDEDE, 0xDEBE, 0xEF3F, 0xEF3F, 0xF75F, 0xDE9F,
  0xD63F, 0xD65F, 0xB59B, 0xCE1D, 0xC5DF, 0xCDDF, 0xCE3F, 0xD65E, 0x7393, 0x94B7, 0x73F5, 0x322C,
  0x8C95, 0xE6DE, 0xEF1F, 0xDE9F, 0xDE5F, 0xC5DF, 0x947A, 0x6353, 0x428D, 0x29EB, 0x322C, 0x3A8E,
  0x322C, 0x2A0B, 0x2A0B, 0x2A0B, 0x21A9, 0x1968, 0x1127, 0x0883, 0x1968, 0x21CB, 0x21CA, 0x19AA,
  0x21CB, 0x2A0C, 0x21EB, 0x21AA, 0x21AA, 0x29EB, 0x29EB, 0x29EB, 0x29CA, 0x29EB, 0x21CB, 0x1149,
  0x0085, 0x0043, 0x0063, 0x0064, 0x08E7, 0x1989, 0x198A, 0x1969, 0x1128, 0x08C6, 0x0063, 0x1127,
  0x7DBD, 0x9E7F, 0x9E9F, 0x9E9F, 0xA69F, 0x9E9F, 0x8E5F, 0x861F, 0x8E5F, 0x9E9F, 0x967F, 0x965F,
  0xA69F, 0x8E5F, 0xA69F, 0xAEDF, 0xC71F, 0xBEFF, 0x967F, 0xB6DF, 0xAEBF, 0x8E5F, 0x863F, 0x863F,
  0x651A, 0x4C57, 0x4416, 0x4C58, 0x5D3B, 0x54FA, 0x64F9, 0x64F9, 0x6519, 0x655A, 0x4CD9, 0x5497,
  0x7D5A, 0x74F9, 0x3AAE, 0x3A8D, 0x757B, 0x969F, 0xBEFF, 0xAEDF, 0x967F, 0x965F, 0xA69F, 0xB6DF,
  0x9E7F, 0x7E1F, 0x965F, 0xA69F, 0xAEDF, 0x9E9F, 0xAEDF, 0xBEFF, 0xA69F, 0xB6FF, 0x7D9B, 0x5458,
  0x4C16, 0x43F6, 0x43D5, 0x6CF9, 0x963E, 0x553E, 0x2BFB, 0x0AD9, 0x2359, 0x4CFE, 0x2378, 0x00A6,
  0x0000, 0x08E6, 0x2A0B, 0x3A6D, 0x3AAE, 0x5392, 0x6C76, 0x5C14, 0x6C75, 0x4310, 0x0022, 0x0064,
  0x10C5, 0x6350, 0x52B1, 0x4A90, 0x8413, 0x9494, 0x73B2, 0x3A70, 0x21AF, 0x320F, 0x5B0E, 0x632E,
  0x7BD0, 0x6B70, 0x52D0, 0x3A50, 0x4AAE, 0x630C, 0x5AEC, 0x630D, 0x62EC, 0x62EC, 0x52CC, 0x5AED,
  0x736E, 0x8432, 0x7C13, 0x6BB2, 0x5B50, 0x6BB0, 0x6BB0, 0x4B2F, 0x5350, 0x534F, 0x530E, 0x4B0E,
  0x3A8D, 0x3AAE, 0x324E, 0x326F, 0x3ACF, 0x8C54, 0x9CD5, 0x8C54, 0x94B5, 0x9CD6, 0xA515, 0xA515,
  0xAD56, 0xAD56, 0x9CD6, 0x63B4, 0x7416, 0x9CF8, 0x94D9, 0xA59C, 0xBE1C, 0xCE7D, 0xADBC, 0x9D7C,
  0xC63D, 0xD6BD, 0xC65C, 0xB5FC, 0x9D5A, 0xA59B, 0xC63D, 0xB61E, 0x3C5B, 0x0020, 0x0000, 0x0000,
  0x0041, 0x3C7A, 0x4B53, 0x5351, 0x8497, 0xA53A, 0x8CB8, 0x8C78, 0x8438, 0x8C78, 0x94BA, 0xAD3B,
  0xC5DD, 0xCDBD, 0xC5DD, 0xCE1E, 0xE6DE, 0xDEBE, 0xDEBF, 0xF75F, 0xE6FF, 0xE6DF, 0xEF1F, 0xE6DF,
  0xD65F, 0xE6DF, 0xD65E, 0xCE1F, 0xB57D, 0xBDBD, 0xC5DE, 0x8437, 0x8C35, 0xD65F, 0xCE3F, 0xC5DE,
  0xBD7F, 0xBD9F, 0xD65E, 0xDE9F, 0xD63F, 0xCDFF, 0xCDFF, 0xCDBF, 0xACFD, 0x3A4E, 0x2A0B, 0x322C,
  0x2A0B, 0x29EB, 0x2A0B, 0x29EB, 0x29EB, 0x1968, 0x1948, 0x0884, 0x1127, 0x21CB, 0x21CA, 0x21CB,
  0x21EB, 0x29EB, 0x19AA, 0x198A, 0x21CA, 0x29EB, 0x29EA, 0x29CA, 0x21CA, 0x21CA, 0x198A, 0x0908,
  0x0084, 0x0063, 0x0084, 0x0907, 0x1989, 0x21AA, 0x1969, 0x0908, 0x00A5, 0x0063, 0x0000, 0x3B31,
  0x865F, 0x965E, 0x9E7F, 0x9E9F, 0x9E9F, 0xA69F, 0x967F, 0x863F, 0x7E1F, 0x9E9F, 0x8E5F, 0x967F,
  0xA6BF, 0x965F, 0xA6BF, 0xB6DF, 0xD75F, 0xAEDF, 0xA6BF, 0xBEFF, 0xA69F, 0x965F, 0x9E9F, 0x8E1E,
  0x5478, 0x5CB8, 0x6D3A, 0x759B, 0x6D5A, 0x54B9, 0x5498, 0x5456, 0x64B8, 0x4C79, 0x4438, 0x4C79,
  0x4C79, 0x33D6, 0x120D, 0x09AB, 0x651A, 0x9EBF, 0xB6FF, 0xAEBF, 0x967F, 0x967F, 0xA6BF, 0xAEDF,
  0x8E5F, 0x863F, 0x967F, 0xAEDF, 0xAEBF, 0x967F, 0xBEFF, 0xC71F, 0xAEDF, 0xAEDF, 0x8DFC, 0x4C78,
  0x4C16, 0x43F6, 0x43F6, 0x753A, 0x9E7E, 0x5D5E, 0x551E, 0x1B9B, 0x2BDB, 0x2BDB, 0x4D1E, 0x1B7A,
  0x00E9, 0x0063, 0x08E6, 0x320B, 0x3A8D, 0x42CF, 0x63F4, 0x6455, 0x6414, 0x6C55, 0x2A0B, 0x0022,
  0x0064, 0x10C5, 0x52D0, 0x5B12, 0x6B71, 0x9473, 0x8413, 0x52F0, 0x52D1, 0x3230, 0x426F, 0x73B0,
  0x7BD0, 0x6B4F, 0x83D1, 0x6351, 0x426F, 0x4A6B, 0x52AC, 0x52AC, 0x4A6B, 0x52CE, 0x6371, 0x6351,
  0x7391, 0x7BF3, 0x7392, 0x83F3, 0x73B1, 0x634F, 0x5B2E, 0x636E, 0x73D0, 0x5B4F, 0x322A, 0x2A0A,
  0x52EF, 0x6B70, 0x4AD0, 0x29F1, 0x3A92, 0x9495, 0x9CB5, 0x9CB5, 0x9CB5, 0x8C73, 0xA4F5, 0xA535,
  0xAD56, 0x9CF5, 0x73F4, 0x6BB4, 0x8C98, 0x9CD9, 0x84BA, 0x9D3A, 0xBDFC, 0xCE5D, 0xB59B, 0x94DA,
  0xBDFB, 0xD69D, 0xCE5C, 0xAD7B, 0x9CD8, 0x94F9, 0xADDC, 0xBE3D, 0x553E, 0x08C4, 0x0000, 0x0000,
  0x1106, 0x44DC, 0x5352, 0x6393, 0x6BD4, 0x5B92, 0x5352, 0x5B75, 0x4AF3, 0x3AB1, 0x6BF6, 0x94B8,
  0xBD7C, 0xC5BD, 0xCE1D, 0xD65E, 0xDE9E, 0xE6DF, 0xE69E, 0xEEFF, 0xBDDC, 0xB5BA, 0xF75F, 0xE6FF,
  0xE6DF, 0xDE9E, 0xC5FE, 0xC5BF, 0x94B9, 0x9CD8, 0xC5FE, 0xB55B, 0xC5FC, 0xCE1D, 0xE6BF, 0xE6DF,
  0xC5DF, 0x947F, 0x8C7D, 0xA4DC, 0xA4BC, 0xB53E, 0xCDFF, 0xC5BE, 0xBD5F, 0x8C1A, 0x322C, 0x2A2C,
  0x2A0C, 0x2A0B, 0x2A0B, 0x322C, 0x29CA, 0x1105, 0x1126, 0x0085, 0x08E6, 0x21CA, 0x19AA, 0x21CA,
  0x21CB, 0x21CA, 0x21AA, 0x21CA, 0x29EB, 0x29EA, 0x29EB, 0x29EB, 0x21CA, 0x1989, 0x1169, 0x08E7,
  0x0085, 0x00A5, 0x0907, 0x1989, 0x21AA, 0x1969, 0x08E6, 0x0084, 0x0063, 0x0063, 0x08C5, 0x6D5B,
  0x863F, 0x8E3E, 0x9E7E, 0x9E9F, 0x8E5F, 0x9E7F, 0x9E9F, 0x9E7F, 0x7E1F, 0x9E7F, 0x967F, 0x8E5F,
  0xAEBF, 0x8E5F, 0x9E7F, 0xBEFF, 0xDF7F, 0xB6DF, 0xBEFF, 0xB6DF, 0xA6BF, 0x9E9F, 0x967F, 0x759C,
  0x5CB8, 0x5CB8, 0x5CB8, 0x5477, 0x4416, 0x4457, 0x3BF6, 0x3BD5, 0x33B5, 0x2B74, 0x2B94, 0x2B12,
  0x4C36, 0x54B9, 0x22AF, 0x1290, 0x5CF9, 0xA6DF, 0xBEFF, 0xA69F, 0x863F, 0x967F, 0xAEBF, 0xB6DF,
  0x8E5F, 0x967F, 0x967F, 0xB6FF, 0x9E9F, 0x9E9F, 0xBEFF, 0xC71F, 0x9E9F, 0xA6BF, 0x9E3C, 0x5478,
  0x4C37, 0x4C16, 0x4C37, 0x7D5A, 0x9E7F, 0x551D, 0x657E, 0x3C7D, 0x655E, 0x449C, 0x33FA, 0x6DFF,
  0x341A, 0x0086, 0x0042, 0x10E6, 0x324C, 0x3AAE, 0x4B10, 0x6435, 0x6435, 0x6434, 0x5C14, 0x21AA,
  0x0044, 0x0064, 0x1906, 0x7BF2, 0x8C53, 0x8432, 0x8412, 0x8C32, 0x83F2, 0x5AF1, 0x3230, 0x5B11,
  0x7BD1, 0x6330, 0x7390, 0x8411, 0x6330, 0x3A4D, 0x31EA, 0x29C9, 0x29EA, 0x6B91, 0x8C32, 0x8C13,
  0x73B2, 0x8413, 0x9CB4, 0x9494, 0x8433, 0x4AD0, 0x52F0, 0x6B6F, 0x5B2F, 0x3A6C, 0x29EA, 0x3A6C,
  0x6B71, 0x9473, 0x7BD3, 0x6B73, 0x6353, 0x6B94, 0x7C14, 0x9CD5, 0x9474, 0x73D1, 0xA4F5, 0xAD35,
  0x94B4, 0x73F3, 0x73F6, 0x8C79, 0x9CF8, 0xA519, 0x9CF8, 0x8CB9, 0xC5DB, 0xC5FC, 0xAD7A, 0x8CB9,
  0xB5BB, 0xCE7D, 0xCE5D, 0x94DB, 0x7C38, 0x9519, 0x9DBC, 0xBE1C, 0x659F, 0x0968, 0x0000, 0x0000,
  0x19A9, 0x4CFC, 0x4AF0, 0x42CF, 0x3A8E, 0x3AAE, 0x42D0, 0x4AF3, 0x3AB1, 0x328F, 0x4B13, 0x5374,
  0xAD5A, 0xCDDD, 0xCE1D, 0xD63D, 0xD63E, 0xCDFE, 0xC5FE, 0xD69E, 0xDEDD, 0xBDBA, 0xEF3F, 0xE6FF,
  0xBDFC, 0xCE5E, 0xC61E, 0xBD7E, 0x9CF8, 0xCE1E, 0xCE1E, 0xD63F, 0x8434, 0xB57B, 0xC5BF, 0xBDBE,
  0xAD5C, 0x5311, 0x5B54, 0x52F4, 0x4231, 0x18E9, 0x841A, 0xC59F, 0xBD5F, 0xA4BF, 0x4AB1, 0x2A0B,
  0x322C, 0x322C, 0x2A2C, 0x2A0C, 0x1989, 0x08C4, 0x29C9, 0x7C95, 0x1948, 0x1989, 0x21CB, 0x21EB,
  0x21EB, 0x29CA, 0x21CA, 0x21CA, 0x21CA, 0x29EA, 0x29EB, 0x21CA, 0x19A9, 0x1969, 0x1189, 0x1148,
  0x0928, 0x1148, 0x1989, 0x21AA, 0x198A, 0x08E6, 0x0063, 0x0084, 0x08E6, 0x08C6, 0x32B0, 0x861F,
  0x85FE, 0x963E, 0x9E5E, 0xA69F, 0x965F, 0x8E5F, 0x9E7F, 0xA69F, 0x861F, 0x8E3F, 0x9E9F, 0x8E5F,
  0xAEBF, 0x9E7F, 0xA69F, 0xCF3F, 0xDF7F, 0xC71F, 0xC71F, 0xB6DF, 0x9E9F, 0x7DFF, 0x7DFF, 0x4CB8,
  0x3C16, 0x4437, 0x4416, 0x3BF6, 0x4417, 0x4C78, 0x4CB8, 0x4C78, 0x3C16, 0x4437, 0x4C99, 0x2BB5,
  0x128F, 0x22D0, 0x228F, 0x2B53, 0x8E3D, 0xBF1F, 0xC71F, 0x9E7F, 0x7E3F, 0x9E9F, 0xAEBF, 0xBEFF,
  0x863F, 0x8E5F, 0x967F, 0xBF1F, 0x9E9F, 0xA6BF, 0xCF3F, 0xBEFF, 0x9E7F, 0xA69F, 0xAE9E, 0x64D9,
  0x5478, 0x4C37, 0x5477, 0x7D5A, 0x8E3E, 0x5D5E, 0x655D, 0x44BD, 0x75DF, 0x54DC, 0x3C5C, 0x3BD9,
  0x4D1E, 0x014B, 0x0021, 0x0022, 0x1968, 0x3A8D, 0x42AE, 0x5371, 0x6C76, 0x6C55, 0x7475, 0x6C76,
  0x21A9, 0x0043, 0x0043, 0x2987, 0x7BD1, 0x738F, 0x6B6F, 0x8411, 0x7BF1, 0x6B71, 0x6351, 0x42D0,
  0x5B2F, 0x5B0E, 0x52ED, 0x634F, 0x634F, 0x4A8D, 0x29C9, 0x21A8, 0x632E, 0x9493, 0x8C52, 0x7BF1,
  0x8C52, 0x9493, 0x9CD4, 0x7BD3, 0x6332, 0x73B3, 0x6353, 0x6B72, 0x73D2, 0x6351, 0x6B71, 0x7391,
  0x8412, 0x9474, 0x8C54, 0x9495, 0x8413, 0x73D2, 0x9474, 0x9CD5, 0x9CB4, 0x94B4, 0x9CD5, 0xA4F6,
  0x7C14, 0x8434, 0x8438, 0x94B7, 0x8477, 0x9CF7, 0x9495, 0x7C58, 0xB59B, 0xBDFB, 0xBDBB, 0x8CB9,
  0xB59B, 0xC63D, 0xCE3C, 0x8C9B, 0x6C38, 0x84F8, 0x9DBC, 0xD67C, 0x7DFF, 0x11EC, 0x0000, 0x0000,
  0x226E, 0x54BB, 0x42AF, 0x3A8E, 0x326D, 0x328E, 0x3A91, 0x3AB3, 0x3AB1, 0x4AF2, 0x6BB5, 0x8457,
  0xBD9B, 0xC5BC, 0xC5DC, 0xCDFD, 0xCDFD, 0xC5DD, 0xCE5E, 0xDEDE, 0xEF3F, 0xEF1F, 0xEF3F, 0xEF3F,
  0xB59A, 0xD69E, 0xEF3F, 0xB57C, 0x9496, 0xD65F, 0xCDFE, 0xBDBD, 0xB57A, 0x73D6, 0x5313, 0xCE3E,
  0xCE3C, 0x7C14, 0x320B, 0x324C, 0x324D, 0x08C5, 0x190B, 0x4A31, 0x5272, 0x4A73, 0x31EF, 0x2A0B,
  0x322C, 0x2A2C, 0x21CB, 0x1989, 0x1148, 0x08E5, 0x530E, 0xA578, 0x1127, 0x1988, 0x29EB, 0x29EB,
  0x29EB, 0x29EB, 0x29EB, 0x21EB, 0x21CB, 0x29EB, 0x21CA, 0x21A9, 0x1989, 0x21AA, 0x21CB, 0x198A,
  0x1969, 0x1969, 0x1989, 0x1989, 0x0928, 0x00C6, 0x08C6, 0x0928, 0x1128, 0x08E7, 0x5457, 0x863F,
  0x85FE, 0x85FE, 0x965E, 0x9E7F, 0x9E7F, 0x8E5F, 0x9E7F, 0xA69F, 0x965F, 0x7DFF, 0x9E9F, 0x967F,
  0xAEBF, 0xAEBF, 0xAEBF, 0xD75F, 0xE79F, 0xC71F, 0xAEBF, 0xA69F, 0x967F, 0x967F, 0x8E1E, 0x4C98,
  0x4437, 0x4C37, 0x5CD9, 0x757B, 0x757B, 0x6D7A, 0x653A, 0x7D7A, 0x7DBB, 0x85FC, 0x85FC, 0x655B,
  0x4499, 0x2B73, 0x32EF, 0x6414, 0x9E5E, 0xC71F, 0xBF1F, 0x8E5F, 0x863F, 0xA6BF, 0xB6DF, 0xB6FF,
  0x967F, 0x965F, 0x9E9F, 0xBEFF, 0x9E9F, 0xBEFF, 0xD75F, 0xBF1F, 0xAEBF, 0xA69F, 0xB6DF, 0x753A,
  0x5478, 0x4C57, 0x5478, 0x7D5A, 0x8E1E, 0x6D9E, 0x861F, 0x655E, 0x863F, 0x5D1D, 0x5D3D, 0x239A,
  0x3C5D, 0x0A32, 0x0000, 0x0042, 0x0084, 0x2188, 0x3A6D, 0x42AE, 0x5BB3, 0x74B6, 0x6C55, 0x6C75,
  0x6434, 0x1988, 0x0022, 0x0044, 0x1926, 0x6B4E, 0x7390, 0x7BD0, 0x7BF1, 0x5310, 0x5B30, 0x52EE,
  0x632E, 0x6B4E, 0x6B2E, 0x5AED, 0x52AC, 0x39C8, 0x2146, 0x5ACC, 0x8C32, 0x8C32, 0x7BD0, 0x7BF1,
  0x8C52, 0x8431, 0x8432, 0x8433, 0x8413, 0x9494, 0x8C34, 0x73D3, 0x6BB1, 0x6B90, 0x6BB0, 0x7C12,
  0x8C34, 0x8C34, 0x9CB5, 0x94B4, 0x8C53, 0x9493, 0x9CD4, 0x9CD5, 0x8C53, 0x94B4, 0x94B4, 0x8C74,
  0x7BF5, 0x8C55, 0x8457, 0xAD36, 0x8C97, 0x9CF6, 0x94B4, 0x7C77, 0xB59B, 0xC61C, 0xB59A, 0x7437,
  0x951A, 0xB5BC, 0xCE3C, 0x94DA, 0x53D7, 0x74B8, 0x9DBC, 0xCE3C, 0x8DFF, 0x1AB2, 0x0000, 0x0000,
  0x2B33, 0x4C79, 0x4ACE, 0x42CF, 0x42AF, 0x42D0, 0x5334, 0x4B13, 0x4B13, 0x6B96, 0x8438, 0x9498,
  0xB53B, 0xB55B, 0xBD5C, 0xB59C, 0xC61C, 0xD67D, 0xE6DE, 0xEF3F, 0xEF3F, 0xEF3F, 0xEF1F, 0xE6FF,
  0xE6DF, 0xE6FF, 0xE6FF, 0xAD3B, 0x9CF7, 0xD67F, 0xCE1F, 0xD67F, 0xDEBF, 0xB59C, 0x9CDA, 0xAD5D,
  0xCDFF, 0xE69F, 0x7BF6, 0x2A2C, 0x3A8E, 0x3A8E, 0x29CB, 0x1928, 0x08C7, 0x7396, 0x73B6, 0x21EB,
  0x322C, 0x19AA, 0x1148, 0x1149, 0x21A9, 0x08E6, 0x8473, 0x84B5, 0x08E6, 0x2189, 0x29EB, 0x29CA,
  0x29EB, 0x2A0B, 0x21EB, 0x1989, 0x1989, 0x29EB, 0x29EB, 0x21CA, 0x21CA, 0x21CA, 0x19AA, 0x1969,
  0x1969, 0x1989, 0x1989, 0x1969, 0x1148, 0x1149, 0x198A, 0x1148, 0x08C6, 0x1169, 0x85DD, 0x8E3E,
  0x861E, 0x861E, 0x9E5E, 0x965E, 0x965E, 0x9E9F, 0xA6BF, 0x9E9F, 0xA69F, 0x8E3F, 0x861F, 0xA6BF,
  0xAEBF, 0xB6DF, 0xA69F, 0xCF3F, 0xCF3F, 0xAEBF, 0xAEBF, 0xB6DF, 0xAEBF, 0x9E9F, 0x7DBC, 0x5CB9,
  0x4C57, 0x4C57, 0x5498, 0x5CB8, 0x4C57, 0x54B8, 0x4457, 0x33B5, 0x43B4, 0x5456, 0x6519, 0x6D3A,
  0x7519, 0x9DDB, 0x63B1, 0x7434, 0xA67F, 0xB6DF, 0xB6FF, 0x865F, 0x9E9F, 0xA6BF, 0xB6FF, 0xAEDF,
  0x967F, 0x967F, 0xB6FF, 0xBF1F, 0x9E9F, 0xBEFF, 0xBF1F, 0xC71F, 0xB6DF, 0xA69F, 0xB6DF, 0x85BB,
  0x5478, 0x5478, 0x5C98, 0x859A, 0x963E, 0x6D9E, 0x7DFE, 0x7DFF, 0x863F, 0x6D9E, 0x5D1D, 0x4CBD,
  0x3C1A, 0x6DFF, 0x1250, 0x0002, 0x00A4, 0x0042, 0x1947, 0x3A6C, 0x42CE, 0x6414, 0x7496, 0x6414,
  0x6414, 0x5C14, 0x2A0B, 0x0064, 0x0043, 0x10E5, 0x632F, 0x73D1, 0x73B1, 0x5310, 0x632F, 0x5AEE,
  0x5ACF, 0x6B10, 0x6330, 0x424E, 0x31C8, 0x39C8, 0x31C7, 0x3A09, 0x52AC, 0x738F, 0x736F, 0x83F0,
  0x8C52, 0x8411, 0x8432, 0x7BF1, 0x8432, 0x9493, 0x8C53, 0x6B90, 0x636F, 0x5B4E, 0x6B90, 0x7C12,
  0x8453, 0x8C72, 0x8452, 0x7C11, 0x8C52, 0x9493, 0x8432, 0x7C13, 0x9494, 0x9493, 0x8C53, 0x8C73,
  0x9CB4, 0x94B5, 0xA4D5, 0x9CF6, 0x8C98, 0x9CB6, 0x8CB8, 0x8498, 0xAD9B, 0xCE3C, 0x9CF9, 0x4315,
  0x6C59, 0xAD9C, 0xCE5C, 0xA51A, 0x5BD7, 0x5437, 0x8D7B, 0xC61C, 0x95DF, 0x2B96, 0x0000, 0x0000,
  0x33D7, 0x5418, 0x530F, 0x5331, 0x5B52, 0x6BB6, 0x6BB7, 0x5B53, 0x5333, 0x6356, 0x7BF7, 0x9CD9,
  0xAD1A, 0xA4FA, 0x9499, 0x7C37, 0x9D3A, 0xC5FD, 0xDE9E, 0xEF1F, 0xEF1F, 0xC5FC, 0xC5DD, 0xE6BF,
  0xDEDE, 0xE6FF, 0xD65F, 0xC5FD, 0xCE5E, 0xD67F, 0xCE5E, 0xC5FD, 0xAD5A, 0xBDBC, 0xCDFF, 0xAD1F,
  0x9C9E, 0xA4FF, 0x9C9F, 0x3A6E, 0x326D, 0x326D, 0x324D, 0x3A6D, 0x29EB, 0x6B74, 0x8418, 0x21EB,
  0x21CB, 0x1148, 0x1148, 0x19AA, 0x2A0C, 0x1989, 0xA577, 0x63B1, 0x1107, 0x21CA, 0x29EB, 0x29CB,
  0x29EB, 0x2A0B, 0x21CB, 0x1989, 0x21AA, 0x29EB, 0x21EB, 0x198A, 0x1989, 0x1989, 0x1989, 0x1989,
  0x21AA, 0x21AA, 0x198A, 0x1989, 0x1969, 0x19AB, 0x19AA, 0x0907, 0x0023, 0x4331, 0x969F, 0x8E3E,
  0x863F, 0x8E1E, 0x965E, 0x8E3E, 0x963E, 0x8E3F, 0x965F, 0xA69F, 0xA69F, 0x9E7F, 0x75DE, 0x967F,
  0xB6DF, 0xAEBF, 0x967F, 0xD75F, 0xD75F, 0xC71F, 0xBEFF, 0xB6DF, 0xA69F, 0x965F, 0x755A, 0x5CB8,
  0x33B5, 0x3BD5, 0x3BD5, 0x33B5, 0x33B5, 0x4416, 0x4457, 0x3C16, 0x33B5, 0x3395, 0x2BB5, 0x2394,
  0x128F, 0x6C96, 0x63D2, 0x6C34, 0x967F, 0xB6FF, 0x9E9F, 0x8E5F, 0xAEDF, 0xAEBF, 0xC71F, 0xAEDF,
  0x8E5F, 0x967F, 0xBEFF, 0xBF1F, 0xA6BF, 0xC71F, 0xB6DF, 0xC73F, 0xAEBF, 0x967F, 0xA69F, 0xA65D,
  0x64D9, 0x5C98, 0x64D8, 0x8DBB, 0x85FE, 0x5D7E, 0x75DE, 0x863F, 0x8E3F, 0x863F, 0x447B, 0x5D7F,
  0x1339, 0x4CBB, 0x763F, 0x22D3, 0x0044, 0x0083, 0x0001, 0x1947, 0x3A6D, 0x42EF, 0x6414, 0x6C76,
  0x6414, 0x6434, 0x6C76, 0x2A0B, 0x0883, 0x0063, 0x0883, 0x2105, 0x18C4, 0x10C3, 0x18E4, 0x2125,
  0x3188, 0x422B, 0x52B0, 0x3A2E, 0x29A8, 0x31A7, 0x31A7, 0x31A7, 0x29A7, 0x4A8B, 0x630E, 0x6B6F,
  0x8411, 0x83F1, 0x83F1, 0x7BD1, 0x7BD1, 0x8412, 0x73D1, 0x5B4F, 0x5B0D, 0x530E, 0x5B2E, 0x73D1,
  0x8C52, 0x8452, 0x8432, 0x8412, 0x8432, 0x9472, 0x8C52, 0x9473, 0x8C56, 0x7BF5, 0x9492, 0x9493,
  0x9CB4, 0x9494, 0x8434, 0x73F6, 0x83F2, 0x8414, 0x8479, 0x84B8, 0xAD9B, 0xC61C, 0xA53B, 0x4B77,
  0x53B8, 0xAD7B, 0xD67D, 0xAD5B, 0x6C38, 0x2AF2, 0x957B, 0xBE1D, 0xA5DF, 0x343A, 0x0000, 0x0000,
  0x3C5A, 0x5BF7, 0x6352, 0x6BB4, 0x73F5, 0x8438, 0x7C18, 0x6394, 0x4B12, 0x4AF2, 0x73D7, 0x9CD9,
  0x9499, 0x7C16, 0x63D4, 0x7417, 0xA51A, 0xBD9C, 0x94F9, 0xA559, 0xB5BA, 0x8CD6, 0x8CB7, 0xE6BF,
  0xCE5B, 0xDEBE, 0xD63F, 0xD63F, 0xDE9F, 0xD65F, 0x94B6, 0xB59D, 0x6352, 0x9CF9, 0x7415, 0x6B95,
  0x73D9, 0x4AB6, 0x52F9, 0x324F, 0x324C, 0x324D, 0x324D, 0x322C, 0x322C, 0x322C, 0x5310, 0x21AA,
  0x1169, 0x1149, 0x19AA, 0x2A0C, 0x2A0C, 0x320B, 0xA598, 0x324C, 0x21AA, 0x29EB, 0x29EB, 0x21CA,
  0x29EB, 0x29EB, 0x21CA, 0x21AA, 0x21CA, 0x21AA, 0x1169, 0x1128, 0x1969, 0x1989, 0x2189, 0x21AA,
  0x21CB, 0x21CA, 0x1969, 0x0907, 0x1128, 0x19AA, 0x1169, 0x08E6, 0x08C6, 0x755B, 0x965F, 0x8E1E,
  0x8E3E, 0x963E, 0x9E7F, 0x965F, 0x965F, 0x8E3F, 0x863F, 0x965F, 0x965F, 0x863F, 0x861F, 0x861F,
  0xBEFF, 0xB6DF, 0xA69F, 0xE77F, 0xDF7F, 0xC71F, 0xB6DF, 0x9E7F, 0x9E9F, 0x7DBC, 0x64F9, 0x5CF9,
  0x3C17, 0x4437, 0x5498, 0x5CF9, 0x54FA, 0x54D9, 0x7518, 0x8DDA, 0x85BB, 0x7DBB, 0x6D5A, 0x6D7B,
  0x6D3A, 0x6CD8, 0x5371, 0x6477, 0xA6BF, 0xAEDF, 0x863F, 0x8E5F, 0xB6FF, 0xB6DF, 0xCF3F, 0xAEBF,
  0x967F, 0x965F, 0xBEFF, 0xB6FF, 0xA6BF, 0xCF3F, 0xBF1F, 0xD75F, 0xA69F, 0x8E5F, 0x967F, 0xBEDE,
  0x7D5A, 0x64D9, 0x6CF9, 0x8DBB, 0x7DDE, 0x5D3E, 0x7E1F, 0x965F, 0x8E3F, 0x969F, 0x447C, 0x345C,
  0x23DB, 0x3C5B, 0x4CDC, 0x341B, 0x00A7, 0x0063, 0x0084, 0x0022, 0x1106, 0x324C, 0x42CF, 0x63D3,
  0x7496, 0x6C55, 0x6434, 0x5391, 0x42AE, 0x42EE, 0x42AD, 0x3A4C, 0x3A6C, 0x4AAC, 0x42AC, 0x426B,
  0x320A, 0x2187, 0x2988, 0x1906, 0x10E5, 0x10C4, 0x10C4, 0x08A3, 0x0062, 0x08A4, 0x1906, 0x1926,
  0x31A8, 0x31C8, 0x29A8, 0x2167, 0x1947, 0x2988, 0x29A8, 0x3A09, 0x424A, 0x428B, 0x426B, 0x52CC,
  0x6B6E, 0x634F, 0x6B90, 0x73D1, 0x5B14, 0x7BD1, 0x8C31, 0x8C32, 0x8C33, 0x5AF8, 0x6334, 0x8C30,
  0x8C31, 0x8C30, 0x73B3, 0x7BF3, 0x8C31, 0x8453, 0x7BF3, 0x84B9, 0xAD9C, 0xB5BC, 0xAD9C, 0x5BD7,
  0x8CFA, 0xADBC, 0xBE3D, 0x955D, 0x53B7, 0x11ED, 0x957B, 0xBE3C, 0xB61E, 0x44BC, 0x0062, 0x0000,
  0x44BD, 0x6C16, 0x73B4, 0x73D6, 0x7C17, 0x7BF8, 0x6BB6, 0x5332, 0x3AAF, 0x3A8F, 0x6374, 0x73D6,
  0x73D5, 0x6393, 0x5B93, 0x7C17, 0x8C79, 0x7C19, 0x4B14, 0x326E, 0x7C55, 0x94D6, 0xA579, 0xB5DC,
  0xE6DF, 0xE6DE, 0xC5DD, 0xD65F, 0xDEBF, 0xA51B, 0x94B7, 0xAD7C, 0x8C77, 0x4AEF, 0x2A0B, 0x326D,
  0x326D, 0x2A0C, 0x114C, 0x3210, 0x324C, 0x324D, 0x324D, 0x324D, 0x324D, 0x2A0C, 0x2A0B, 0x1989,
  0x1169, 0x21CA, 0x2A0B, 0x322C, 0x29EB, 0x428D, 0x8D38, 0x220C, 0x2A0B, 0x29EB, 0x29EB, 0x21CA,
  0x21CA, 0x21AA, 0x1989, 0x21CA, 0x21CA, 0x1989, 0x1148, 0x1969, 0x198A, 0x21AA, 0x21AA, 0x21CA,
  0x21AA, 0x1169, 0x0907, 0x00C6, 0x0907, 0x198A, 0x1128, 0x0085, 0x328E, 0x969F, 0x963F, 0x8E1E,
  0x963E, 0x965E, 0x963F, 0x861F, 0x861F, 0x8E5F, 0x861F, 0x7DFF, 0x75DF, 0x7E1F, 0x965F, 0x8E3F,
  0xAEDF, 0xBF1F, 0xAEDF, 0xD75F, 0xCF3F, 0xBEFF, 0xB6DF, 0xA69F, 0x7DBB, 0x64F9, 0x5CB9, 0x5CD9,
  0x5478, 0x5477, 0x5CD9, 0x5CD8, 0x5498, 0x54D8, 0x5497, 0x5497, 0x5CB8, 0x4477, 0x33B4, 0x8DBB,
  0xA65D, 0x5415, 0x32AF, 0x74D8, 0xCF5F, 0xA6BF, 0x861F, 0xA69F, 0xB6DF, 0xBF1F, 0xCF3F, 0xA6BF,
  0x967F, 0x967F, 0xC71F, 0xAEDF, 0x9E9F, 0xCF3F, 0xCF3F, 0xDF7F, 0xA69F, 0x965F, 0x8E5F, 0xCF3F,
  0x95DC, 0x6CF9, 0x753A, 0x8DDB, 0x7DDE, 0x5D5E, 0x861F, 0x8E5F, 0x8E3F, 0x8E7F, 0x5D1D, 0x4CBC,
  0x3C7C, 0x54FD, 0x6DDF, 0x1B9B, 0x00E9, 0x0042, 0x00A5, 0x00A5, 0x0001, 0x10C5, 0x320B, 0x3AAE,
  0x5B92, 0x7476, 0x6435, 0x7CB6, 0x9D58, 0x84D6, 0x7C74, 0x7C75, 0x8CF7, 0x9537, 0x9516, 0x7412,
  0x426C, 0x2167, 0x52AF, 0x426E, 0x3A2D, 0x29A8, 0x2966, 0x1905, 0x1905, 0x2987, 0x3A0A, 0x3A0A,
  0x39E9, 0x3A09, 0x31E9, 0x1947, 0x08C5, 0x08A4, 0x08A4, 0x1105, 0x2187, 0x2187, 0x2167, 0x2987,
  0x3A08, 0x424B, 0x424C, 0x4AAB, 0x52B1, 0x52B9, 0x5ACD, 0x6B2C, 0x6B4E, 0x52BC, 0x427C, 0x6B50,
  0x83CD, 0x6B54, 0x6337, 0x83EF, 0x8412, 0x83F1, 0x6B4F, 0x7457, 0xAD7B, 0xBDDB, 0x9D5C, 0x53B6,
  0xADDB, 0xADFD, 0xADDD, 0xBE1D, 0x6C17, 0x11ED, 0x957B, 0xC65D, 0xC65D, 0x4CFE, 0x00A4, 0x0000,
  0x4CDE, 0x7C37, 0x8416, 0x8417, 0x7BF7, 0x6BB6, 0x5314, 0x42D1, 0x3AAF, 0x3A6F, 0x52F2, 0x5B13,
  0x5B33, 0x5352, 0x5351, 0x7C16, 0x8C78, 0x73F8, 0x5354, 0x42EF, 0x6C13, 0xBDFA, 0xD6BC, 0xC65C,
  0xE6DF, 0xE6DF, 0xCE5D, 0xDE9F, 0xDE9F, 0xC61E, 0xD69E, 0xD67F, 0xB5FB, 0x7454, 0x63B2, 0x3A8E,
  0x326D, 0x326C, 0x3A8F, 0x6334, 0x322C, 0x324D, 0x324C, 0x322C, 0x2A0C, 0x21EB, 0x19AA, 0x19AA,
  0x21CA, 0x2A0B, 0x2A2C, 0x322C, 0x21CA, 0x6390, 0x8D38, 0x21CB, 0x2A0B, 0x29EB, 0x29EB, 0x29EA,
  0x21CA, 0x1989, 0x21AA, 0x21CA, 0x21CA, 0x198A, 0x1989, 0x1989, 0x21AA, 0x21AA, 0x21AA, 0x21AA,
  0x1149, 0x08E6, 0x00A5, 0x00A5, 0x1148, 0x1149, 0x08E6, 0x0085, 0x6477, 0xA6DF, 0x8E1E, 0x8E1E,
  0x963E, 0x965F, 0x965F, 0x863F, 0xA6BF, 0xD75F, 0xCF3F, 0xBEFF, 0xA6BF, 0x9E7F, 0xAEBF, 0xA6BF,
  0x965F, 0xC73F, 0xCF3F, 0xDF7F, 0xAEBF, 0x963F, 0x8DDC, 0x7D7A, 0x6CF9, 0x64D9, 0x5C98, 0x5CB8,
  0x4C78, 0x3C16, 0x4416, 0x3BF6, 0x4416, 0x4458, 0x4458, 0x4458, 0x4C78, 0x4C78, 0x5CD8, 0x857A,
  0x8559, 0x53F4, 0x3AAF, 0x8518, 0xCF7F, 0x965F, 0x8E5F, 0xAEBF, 0xAEDF, 0xC71F, 0xC71F, 0xA69F,
  0x9E9F, 0xA6BF, 0xCF3F, 0xA6BF, 0xB6FF, 0xCF5F, 0xC71F, 0xCF3F, 0x9E9F, 0x9E9F, 0x8E5F, 0xCF5F,
  0xAE7D, 0x7D5A, 0x7D7A, 0x95FC, 0x85FE, 0x5D5E, 0x75DE, 0x861F, 0x8E5F, 0x8E5F, 0x5D3E, 0x5D3E,
  0x75DF, 0x5D3D, 0x657D, 0x5D9F, 0x00EA, 0x0021, 0x0084, 0x0085, 0x0043, 0x0000, 0x0863, 0x21A9,
  0x3A6D, 0x5371, 0x7476, 0x9579, 0xE77F, 0xD71D, 0xBE7B, 0xCEBC, 0xE75E, 0xDF1D, 0xCEBC, 0x9CF5,
  0x73B0, 0x6B70, 0x6311, 0x4AB0, 0x4AAE, 0x3A0A, 0x2986, 0x2986, 0x3187, 0x52AD, 0x5B0F, 0x426B,
  0x6B4E, 0x7BD1, 0x6BB1, 0x5B50, 0x5AEF, 0x52AD, 0x52AC, 0x4ACD, 0x426B, 0x428C, 0x426B, 0x4A8B,
  0x5AEC, 0x52CD, 0x4AAD, 0x3A2A, 0x5AF0, 0x83FF, 0x4A77, 0x422C, 0x4249, 0x5ADA, 0x631F, 0x6314,
  0x5AB6, 0x425F, 0x4AB8, 0x6330, 0x632F, 0x5B0E, 0x5B91, 0x6C36, 0xAD5B, 0x84DB, 0xADBC, 0xBDDC,
  0xA55B, 0xBE1C, 0xBE1C, 0xC61C, 0x8478, 0x1A91, 0x9D9C, 0xCE7D, 0xD67D, 0x5D5F, 0x0906, 0x0000,
  0x54DE, 0x8C78, 0x9498, 0x9498, 0x8C58, 0x73D6, 0x5333, 0x4B11, 0x4AD1, 0x42B1, 0x52D2, 0x52D2,
  0x4290, 0x322D, 0x326E, 0x6BB4, 0x8458, 0x6376, 0x6C15, 0x9558, 0xB63B, 0xDF1E, 0xDF1E, 0xDEFD,
  0xDEFE, 0xE73F, 0xEF3F, 0xDE9E, 0xBDDD, 0xBE1D, 0xB5DC, 0xA57A, 0xAD98, 0x94F6, 0x4B30, 0x21EB,
  0x324D, 0x326D, 0x326D, 0x5331, 0x3A6E, 0x326D, 0x322C, 0x2A0C, 0x2A0C, 0x21EC, 0x21EC, 0x21EB,
  0x2A0C, 0x2A2C, 0x322C, 0x324C, 0x21CB, 0x84B5, 0x84B6, 0x198A, 0x2A0B, 0x29EB, 0x29EB, 0x21EB,
  0x21CA, 0x21AA, 0x21AA, 0x1989, 0x1969, 0x1989, 0x19AA, 0x21CA, 0x21CA, 0x21AA, 0x1989, 0x1169,
  0x1128, 0x08C6, 0x00A5, 0x08E7, 0x1149, 0x0907, 0x0085, 0x0907, 0x85BC, 0x965F, 0x963E, 0x8E3F,
  0x8E5F, 0x9E9F, 0xA69F, 0xA6BF, 0xA69F, 0xA69F, 0xC71F, 0xCF3F, 0xCF3F, 0xD73F, 0xCF3F, 0xC71F,
  0xA69F, 0xBEFF, 0xC6FF, 0x9E7F, 0x7DFF, 0x753A, 0x64F9, 0x7539, 0x6CF9, 0x64D9, 0x5498, 0x5478,
  0x4C99, 0x3C37, 0x4436, 0x4457, 0x5CFA, 0x85FC, 0x4B10, 0x42CF, 0x42EF, 0x6414, 0x7496, 0x6456,
  0x4B71, 0x320A, 0x320A, 0x9D78, 0xB71F, 0x8E3F, 0xA69F, 0xAEDF, 0xB6DF, 0xC71F, 0xBEFF, 0x9E7F,
  0x9E9F, 0xAEBF, 0xCF3F, 0xA6BF, 0xC71F, 0xD77F, 0xC71F, 0xBF1F, 0x9E9F, 0x965F, 0x863F, 0xC73F,
  0xC6FE, 0x95FC, 0x859B, 0x961C, 0x8E3F, 0x44DD, 0x5D7E, 0x7E1F, 0x965F, 0x8E5F, 0x5D5E, 0x4CFE,
  0x863F, 0x75BE, 0x4CDC, 0x761F, 0x01AF, 0x0001, 0x0084, 0x0063, 0x0043, 0x0064, 0x0063, 0x0042,
  0x1968, 0x3A6D, 0x5B91, 0x7496, 0xAE9D, 0xD75F, 0xC69C, 0xD71D, 0xE79F, 0xDF5F, 0xE77F, 0xD6FD,
  0xC69C, 0x7414, 0x6310, 0x52AD, 0x31C7, 0x2966, 0x2146, 0x2125, 0x2146, 0x424B, 0x4A6C, 0x4A8C,
  0x632E, 0x6B6F, 0x6350, 0x5B10, 0x6311, 0x5AF0, 0x5B2F, 0x5B4F, 0x52CD, 0x532E, 0x5B4F, 0x6B90,
  0x73D1, 0x6B8E, 0x6B6E, 0x52CD, 0x4270, 0x83FC, 0x6318, 0x31D4, 0x3A16, 0x7359, 0x83FD, 0x7BBC,
  0x425F, 0x6B5E, 0x8C1C, 0x6B37, 0x426B, 0x5BB2, 0x63F2, 0x7C76, 0x84BA, 0x74BA, 0xC61C, 0x8CF9,
  0x8499, 0xC61C, 0xCE7D, 0xC61C, 0x8CBA, 0x5C5B, 0x9D9C, 0xC63D, 0xD67D, 0x657F, 0x0969, 0x0000,
  0x54BD, 0x8C58, 0x9C98, 0xA4D9, 0x9CB9, 0x8437, 0x6BB4, 0x6393, 0x6B73, 0x6374, 0x6B75, 0x5313,
  0x324E, 0x1989, 0x198A, 0x52F1, 0x73D6, 0x5334, 0x5BB3, 0x9579, 0xADDA, 0xADDA, 0x9D79, 0x8D18,
  0x9D9A, 0xB61B, 0xB63B, 0xA5BA, 0x8D39, 0x7CB7, 0x6C56, 0x53B4, 0x4311, 0x2A6E, 0x11AC, 0x2A4D,
  0x326D, 0x326D, 0x324D, 0x326D, 0x326E, 0x326D, 0x2A0C, 0x2A0B, 0x2A0C, 0x2A2C, 0x2A2C, 0x2A2C,
  0x322C, 0x322C, 0x322C, 0x322C, 0x29EB, 0x9D78, 0x5372, 0x21AA, 0x2A0B, 0x29EB, 0x2A0B, 0x21EB,
  0x21CA, 0x198A, 0x1169, 0x1148, 0x1989, 0x21CB, 0x21CA, 0x21CA, 0x21CA, 0x1989, 0x1128, 0x0928,
  0x1128, 0x08E6, 0x00A5, 0x08C6, 0x08E7, 0x08E6, 0x00A5, 0x21EC, 0x7DFF, 0x965F, 0xA69F, 0xB6DF,
  0xC71F, 0xC71F, 0xCF3F, 0xDF7F, 0xCF5F, 0xC73F, 0xC73F, 0xB6DF, 0xB6DF, 0xCF3F, 0xBEFF, 0xAEBF,
  0x861F, 0x75DF, 0x8E3F, 0x8E3F, 0x8DDC, 0x5CB8, 0x6D19, 0x6D19, 0x64D9, 0x5C98, 0x4C78, 0x4C78,
  0x4C78, 0x4C78, 0x4458, 0x4479, 0x967E, 0xAEDF, 0x6413, 0x4AEE, 0x2168, 0x4B51, 0x6C75, 0x6C75,
  0x4B30, 0x5B71, 0x7C95, 0xAE3B, 0x969F, 0x965F, 0xAEDF, 0xB6DF, 0xBEFF, 0xBF1F, 0xB6DF, 0x9E7F,
  0xA69F, 0xB6FF, 0xD75F, 0xAEBF, 0xC73F, 0xDF9F, 0xBF1F, 0xC71F, 0x9E9F, 0x967F, 0x7DFF, 0xB6FF,
  0xC71F, 0xAE7D, 0x8DDC, 0x9E1C, 0x8E5F, 0x44DD, 0x44FE, 0x75FF, 0x863F, 0x8E5F, 0x75FF, 0x44DD,
  0x863F, 0x865F, 0x54DC, 0x761F, 0x2316, 0x0001, 0x0063, 0x0042, 0x0043, 0x00A5, 0x00C6, 0x0043,
  0x0022, 0x1106, 0x29EA, 0x4B30, 0xB69D, 0xD75F, 0xC6BC, 0xCEFD, 0xCF5F, 0xBEDE, 0xD75F, 0xC6BC,
  0xC6BC, 0x2188, 0x10C4, 0x31A8, 0x2966, 0x2145, 0x2125, 0x1925, 0x2125, 0x2167, 0x31E9, 0x5AEE,
  0x632F, 0x632F, 0x4AAF, 0x3A6F, 0x52AF, 0x4A8D, 0x52AD, 0x52EE, 0x52CC, 0x636F, 0x5B70, 0x73D3,
  0x8439, 0x7BB9, 0x6352, 0x52CD, 0x6332, 0x631D, 0x4A57, 0x5AF5, 0x7BBD, 0x31F8, 0x8C1B, 0x7BBD,
  0x5ABF, 0x8C1C, 0x943B, 0x4251, 0x320E, 0x5371, 0x4AEF, 0x3AD0, 0x6C79, 0x9D5A, 0xCE3C, 0x6C36,
  0x6C38, 0xBDDC, 0xD67D, 0xCE3D, 0x9D1B, 0xADBC, 0x9D7C, 0xC63D, 0xCE3C, 0x6D9F, 0x11CC, 0x0000,
  0x5CBC, 0x8C37, 0x9498, 0xAD1A, 0xACFA, 0x9CB9, 0x8C57, 0x8436, 0x8C57, 0x8437, 0x83F7, 0x6354,
  0x42AF, 0x21CB, 0x198A, 0x5311, 0x73D5, 0x5B53, 0x6C14, 0x9D79, 0xADDA, 0x9D99, 0x9D79, 0x9D99,
  0xA5DA, 0xB63B, 0xBE7C, 0xB63C, 0xB65C, 0xB63B, 0x9579, 0x7476, 0x5352, 0x326E, 0x1128, 0x1969,
  0x3A8E, 0x324D, 0x324D, 0x2A2C, 0x2A2C, 0x2A0C, 0x2A0C, 0x2A2C, 0x2A2C, 0x322C, 0x322C, 0x322C,
  0x322C, 0x322C, 0x322C, 0x324D, 0x324C, 0xA5B9, 0x3A6E, 0x21CA, 0x29EB, 0x21CB, 0x21EB, 0x21CB,
  0x198A, 0x1169, 0x1169, 0x198A, 0x21CA, 0x29EB, 0x29EB, 0x29EB, 0x19AA, 0x1128, 0x08E6, 0x00E6,
  0x0928, 0x08E7, 0x00A5, 0x00C5, 0x08E6, 0x0907, 0x1149, 0x6CB8, 0x967F, 0xA6BF, 0xCF3F, 0xD75F,
  0xCF3F, 0xCF3F, 0xCF3F, 0xCF5F, 0xCF3F, 0xBEFF, 0xB6DF, 0xA69F, 0x8E5F, 0x7DFF, 0x75DF, 0x7DFE,
  0x8E3F, 0x965F, 0x965F, 0x9E7F, 0x7539, 0x5CB8, 0x64D9, 0x5498, 0x4C77, 0x5478, 0x5478, 0x4C37,
  0x4C37, 0x4C78, 0x2BB7, 0x8DFD, 0x9E9F, 0x8E5F, 0x9E9F, 0x859B, 0x74D6, 0x8D58, 0x8DBA, 0x8D9A,
  0x7D18, 0x9DDA, 0xD73E, 0xA6BF, 0x863F, 0x9E7F, 0xB6DF, 0xB6DF, 0xBEFF, 0xBF1F, 0xAEDF, 0x9E7F,
  0x9E9F, 0xC71F, 0xDF7F, 0xAEBF, 0xBF1F, 0xE79F, 0xB6FF, 0xC71F, 0xAEBF, 0x9E9F, 0x863F, 0xAEBF,
  0xC71F, 0xC6FE, 0xA65C, 0xA65D, 0x8E5F, 0x553E, 0x2C5D, 0x555E, 0x7DFF, 0x967F, 0x8E3F, 0x4CBC,
  0x863F, 0x865F, 0x4D1E, 0x4CFD, 0x3C9C, 0x0065, 0x0042, 0x0043, 0x0064, 0x00A5, 0x0084, 0x0043,
  0x0043, 0x0000, 0x42AD, 0xB63B, 0xDF3E, 0xDF5F, 0xE79F, 0xE79F, 0xD75F, 0xD75F, 0xBEBD, 0x7494,
  0x534F, 0x532F, 0x320A, 0x0064, 0x08A5, 0x18E4, 0x18E4, 0x18E4, 0x10C4, 0x08A4, 0x1906, 0x29A9,
  0x52AE, 0x52D0, 0x31ED, 0x21CB, 0x29CB, 0x2988, 0x31C8, 0x3A6C, 0x426B, 0x636F, 0x6B8F, 0x6B8F,
  0x6B70, 0x7BBB, 0x8C1F, 0x7399, 0x6B73, 0xB55C, 0x737D, 0x737C, 0x6319, 0x6B3F, 0x945F, 0xACFE,
  0xACDE, 0xA4DD, 0x9CBF, 0x6338, 0x42AF, 0x5394, 0x198F, 0x21CD, 0x84FA, 0xA55A, 0xBDBC, 0x7437,
  0x63F7, 0xB59B, 0xCE5D, 0xCE5D, 0x84BA, 0xADDC, 0xA59C, 0xC63D, 0xCE1C, 0x759F, 0x1A4E, 0x0000,
  0x5C9C, 0x8C37, 0x9CB9, 0xAD1B, 0xAD1B, 0xA4FA, 0x9CB9, 0x9CB9, 0x9CB9, 0x9499, 0x8C58, 0x73B5,
  0x5B52, 0x42CF, 0x4ACF, 0x73D5, 0x8477, 0x8476, 0x9CF8, 0xAD79, 0xB5FA, 0xADBA, 0xA599, 0xB5FA,
  0xB61B, 0xBE3B, 0xB5FA, 0xADD9, 0x8D38, 0x63F4, 0x53B3, 0x328E, 0x1149, 0x08E7, 0x08E6, 0x00A5,
  0x21AA, 0x326E, 0x2A0C, 0x21EB, 0x21EB, 0x21EB, 0x220C, 0x2A2C, 0x322C, 0x322C, 0x322C, 0x322C,
  0x322C, 0x322C, 0x324D, 0x2A2C, 0x4AEE, 0x9579, 0x21CB, 0x21CA, 0x19AA, 0x19AA, 0x21CA, 0x198A,
  0x1169, 0x1169, 0x21AA, 0x21CB, 0x21CA, 0x21EB, 0x29EB, 0x21CB, 0x1169, 0x08C6, 0x00A5, 0x00A5,
  0x0928, 0x1128, 0x00C5, 0x00C6, 0x0907, 0x0908, 0x6497, 0xAEFF, 0xB6DF, 0xCF3F, 0xBEFF, 0xA6BF,
  0xAEBF, 0xB6FF, 0xB6DF, 0xA69F, 0x9E7F, 0x9E9F, 0x9E9F, 0x863F, 0x7DFF, 0x8E3F, 0x8E5F, 0x9E9F,
  0x9E7F, 0x8E5F, 0x8E5F, 0x961D, 0x5C98, 0x5498, 0x4C78, 0x3BF6, 0x4437, 0x5478, 0x5CB8, 0x4C57,
  0x5498, 0x4C99, 0x4C99, 0x967F, 0x8E5F, 0x967F, 0xA69F, 0xAEDF, 0xBF3F, 0xA6DF, 0x9E9F, 0xA6BF,
  0xAEDF, 0xD77F, 0xCF5F, 0x8E5F, 0x863F, 0xA6BF, 0xB6DF, 0xB6FF, 0xB6FF, 0xC73F, 0xAEDF, 0x9E7F,
  0xA69F, 0xCF3F, 0xD75F, 0xAEBF, 0xBF1F, 0xDF7F, 0xAEDF, 0xC71F, 0xAEDF, 0x9EBF, 0x8E5F, 0x9E9F,
  0xC71F, 0xCF3F, 0xC6DD, 0xAE7D, 0x863F, 0x6DBF, 0x345C, 0x349D, 0x75DF, 0x8E5F, 0x8E5F, 0x54DD,
  0x8E3F, 0x865F, 0x5D9F, 0x1B7A, 0x1B7A, 0x00E9, 0x0042, 0x0084, 0x0084, 0x0042, 0x0043, 0x0042,
  0x0001, 0x1926, 0xB6BD, 0xB6DF, 0xBF1F, 0xC71F, 0xAEBF, 0xAEBF, 0xAEBF, 0xAE9D, 0x95DB, 0x8558,
  0x3AAD, 0x63F3, 0xAE7D, 0x428D, 0x0044, 0x0043, 0x0042, 0x0883, 0x0883, 0x10C4, 0x2147, 0x29AA,
  0x422D, 0x424E, 0x196A, 0x1106, 0x1927, 0x18E5, 0x2987, 0x4A8B, 0x3A0A, 0x632D, 0x632E, 0x632E,
  0x632D, 0x5B2F, 0x6B5A, 0x83FF, 0x945A, 0xC5DA, 0xCE1E, 0x9C7F, 0xACFF, 0xC5DF, 0x9C9B, 0x7BBC,
  0xCDDF, 0xB53E, 0x5AB4, 0x7C38, 0x4310, 0x00E8, 0x00A7, 0x29ED, 0x7CDA, 0xAD9A, 0xAD5C, 0x6BD8,
  0x5396, 0xA55B, 0xB61D, 0xA5BD, 0x5C19, 0x957B, 0x957B, 0xC63D, 0xCE1C, 0x759F, 0x1AB1, 0x0000,
  0x649A, 0x8C17, 0x9478, 0x9CBA, 0xA4DA, 0xA4FA, 0xA4F9, 0xAD1A, 0xA4F9, 0xA4D9, 0x9CB9, 0x8C77,
  0x8C76, 0x8C77, 0x9CB8, 0xA4DA, 0xA4FA, 0xAD3A, 0xAD3A, 0xB57A, 0xAD7A, 0xAD7A, 0xAD9A, 0xB5BA,
  0xB61A, 0xADDA, 0xA599, 0x9D78, 0x8D17, 0x6415, 0x4B52, 0x3AF0, 0x1148, 0x0021, 0x0083, 0x08C6,
  0x08C6, 0x21EB, 0x21EB, 0x21CB, 0x21CA, 0x19AA, 0x21EB, 0x324D, 0x324D, 0x324D, 0x324C, 0x322C,
  0x322C, 0x2A2C, 0x2A2C, 0x19AA, 0x63B1, 0x8D38, 0x1969, 0x1969, 0x1169, 0x1969, 0x1969, 0x1169,
  0x1169, 0x21AA, 0x21CA, 0x21CA, 0x21EB, 0x29EB, 0x21EB, 0x198A, 0x0907, 0x00A5, 0x0085, 0x00A5,
  0x0928, 0x1169, 0x08E7, 0x0928, 0x1127, 0x4310, 0xA6DF, 0xBEFF, 0xD75F, 0xCF3F, 0x9E9F, 0x967F,
  0x9E7F, 0xBEFF, 0xA6BF, 0xA6BF, 0xC73F, 0xA69F, 0x75FF, 0x8E5F, 0x9E7F, 0x8E3F, 0x967F, 0x967F,
  0x8E3F, 0x8E3F, 0x965F, 0x7D7B, 0x4C37, 0x4C57, 0x4437, 0x3C37, 0x4478, 0x5498, 0x64F9, 0x6D3A,
  0x653A, 0x6D7C, 0x967F, 0x967F, 0x967F, 0xA69F, 0xAEDF, 0xC71F, 0x9E7F, 0x8E5F, 0xA6BF, 0xAEBF,
  0xC71F, 0xD75F, 0xA6BF, 0x8E5F, 0x967F, 0xAEBF, 0xAEDF, 0xBEFF, 0xB6FF, 0xCF3F, 0xAEBF, 0xA6BF,
  0xAEDF, 0xCF3F, 0xC71F, 0xAEBF, 0xBF1F, 0xDF7F, 0xAEDF, 0xC71F, 0xAEBF, 0x9E9F, 0x967F, 0x863F,
  0xBEFF, 0xC71F, 0xD73F, 0xAE9E, 0x863F, 0x7E1F, 0x3CBD, 0x347D, 0x6DBF, 0x8E5F, 0x7E1F, 0x4CDE,
  0x75BE, 0x8E5F, 0x75FF, 0x345D, 0x0AB8, 0x00C6, 0x0063, 0x0085, 0x0063, 0x0042, 0x0022, 0x0042,
  0x0001, 0x31E9, 0xCF7F, 0x9EBF, 0x9E5D, 0x9599, 0xA67E, 0xB71F, 0xC71F, 0xA67D, 0xA6BF, 0xAEFF,
  0xC73F, 0xA67D, 0xC75F, 0x9579, 0x4B51, 0x29EB, 0x00A5, 0x0022, 0x0022, 0x0063, 0x08C4, 0x1106,
  0x298A, 0x29CB, 0x196A, 0x10E6, 0x10C4, 0x2988, 0x422A, 0x5AED, 0x52CC, 0x630D, 0x5AEC, 0x4AAC,
  0x4A8C, 0x4A6A, 0x422C, 0x83F9, 0xD65F, 0xE6FF, 0xEF3F, 0xBD7F, 0xC5BF, 0xB55E, 0x6ADC, 0x943E,
  0xA4DE, 0x39F9, 0x6333, 0x9CF8, 0x7395, 0x6B55, 0x4274, 0x4AB8, 0x4ADB, 0x52F9, 0x7C59, 0x8CDA,
  0x6C7A, 0x953C, 0xBE1D, 0xBDDD, 0x4BB9, 0x64BA, 0x953B, 0xC61D, 0xCE1C, 0x7D7F, 0x22F3, 0x0000,
  0x647A, 0x83F6, 0x8417, 0x8437, 0x9478, 0xA4F9, 0xB55A, 0xBD7B, 0xBD7B, 0xB55B, 0xB55B, 0xBD7B,
  0xBD7B, 0xBD9C, 0xBD9C, 0xBD7C, 0xBD7C, 0xBD7B, 0xBD9C, 0xBD7B, 0xB55B, 0xB59B, 0xB57B, 0xAD9A,
  0xADDA, 0xA599, 0x9537, 0x8CF6, 0x84D6, 0x84F7, 0x5392, 0x328F, 0x1128, 0x0000, 0x0042, 0x08C6,
  0x00A5, 0x1148, 0x21CB, 0x19AA, 0x19AA, 0x21CB, 0x2A0C, 0x324D, 0x324D, 0x324D, 0x324D, 0x322C,
  0x322C, 0x2A0C, 0x21CB, 0x1148, 0x7C74, 0x7454, 0x1128, 0x1948, 0x1128, 0x1169, 0x1149, 0x1969,
  0x198A, 0x21AA, 0x21AA, 0x21CA, 0x29EB, 0x2A0C, 0x21CA, 0x1148, 0x08E6, 0x00A5, 0x0084, 0x00C6,
  0x1149, 0x1148, 0x0907, 0x1169, 0x1989, 0x7D39, 0xA6DF, 0xAEBF, 0xB6DF, 0xA6BF, 0x9E7F, 0xAE9F,
  0xBF1F, 0x9E7F, 0xA69F, 0xB6FF, 0x9E9F, 0x8E3F, 0x965F, 0xA69F, 0x8E5F, 0x967F, 0x967F, 0x965F,
  0x8E5F, 0x8E5F, 0x965F, 0x6CF9, 0x4C37, 0x4C57, 0x4C98, 0x54B9, 0x64F9, 0x64D9, 0x7D9B, 0xAEBE,
  0xAEBE, 0xAEDF, 0x9E9F, 0x9E9F, 0xAEBF, 0xB6DF, 0xC71F, 0xAEBF, 0x967F, 0xA6BF, 0xB6DF, 0xC71F,
  0xD75F, 0xB6FF, 0x8E3F, 0x967F, 0xA6BF, 0xAEBF, 0xB6FF, 0xB6DF, 0xBEFF, 0xC71F, 0xA6BF, 0xA6BF,
  0xB6DF, 0xCF3F, 0xBEFF, 0xA69F, 0xBF1F, 0xDF7F, 0xB6FF, 0xBEFF, 0xAEDF, 0x9E9F, 0x967F, 0x7E1F,
  0xBEFF, 0xC71F, 0xCF3F, 0xBEFE, 0x861F, 0x8E5F, 0x553E, 0x3CBD, 0x553E, 0x861F, 0x7E3F, 0x347D,
  0x4CDD, 0x8E9F, 0x6DDF, 0x555F, 0x343B, 0x0085, 0x0063, 0x0084, 0x0043, 0x0022, 0x0022, 0x0042,
  0x0001, 0x29CA, 0x8D7A, 0x85BB, 0x8D7A, 0x8D58, 0xA65C, 0xB6BE, 0xC71F, 0xA69F, 0xA69F, 0xBEDE,
  0xB67C, 0x959A, 0x7C95, 0x5B70, 0x7496, 0x6C75, 0x63F3, 0x42CE, 0x21CA, 0x08C6, 0x0043, 0x0023,
  0x08A5, 0x10E6, 0x08A5, 0x08A4, 0x10E4, 0x31A7, 0x4A6A, 0x632E, 0x632E, 0x630D, 0x632E, 0x7372,
  0x7373, 0x5AEF, 0x424B, 0x4A8E, 0xA4FA, 0xA4FB, 0xDE9F, 0xFF7F, 0xDE9F, 0xBD7F, 0xC5BF, 0xD63F,
  0xB53F, 0x947E, 0xCDFF, 0xC5BF, 0xCE1F, 0x845F, 0x5B3F, 0x5B1E, 0x5B3C, 0x951C, 0xBDFC, 0xA57B,
  0x84FA, 0x9D5C, 0xBDFD, 0xC5FD, 0x7C5B, 0x649B, 0x9D3B, 0xCE3D, 0xCE3C, 0x7D7F, 0x2333, 0x0000,
  0x6479, 0x7BD5, 0x73D5, 0x73D5, 0x8C37, 0xAD1A, 0xC5BB, 0xCDDC, 0xCDDC, 0xCDDC, 0xCDDC, 0xCDDC,
  0xCDDD, 0xC5BD, 0xC5BC, 0xC5BC, 0xC59C, 0xC59C, 0xBDBC, 0xBD7B, 0xB55B, 0xB57B, 0xAD3A, 0xAD5A,
  0xAD9A, 0xADB9, 0xA599, 0x7C96, 0x84B6, 0x7CB6, 0x5BB3, 0x5392, 0x3AD0, 0x1128, 0x0063, 0x00A5,
  0x08C6, 0x0907, 0x21CA, 0x198A, 0x19AA, 0x2A0C, 0x324D, 0x324D, 0x324D, 0x324D, 0x322C, 0x2A2C,
  0x2A0B, 0x21AA, 0x198A, 0x1169, 0x8D17, 0x42EF, 0x1107, 0x1128, 0x0928, 0x1148, 0x1989, 0x21AA,
  0x21AA, 0x21AA, 0x21CA, 0x21CB, 0x21CB, 0x21EB, 0x19AA, 0x1148, 0x08E7, 0x00A5, 0x00A5, 0x0907,
  0x116A, 0x1128, 0x1128, 0x1989, 0x21EB, 0x95FD, 0x9E9F, 0x965F, 0xA69F, 0x9E7F, 0xAEBF, 0xD75F,
  0xA69F, 0x8E3F, 0xB6DF, 0x9E7F, 0x7E1F, 0x965F, 0xAEBF, 0x9E7F, 0x8E5F, 0x967F, 0x9E7F, 0x965F,
  0x965F, 0x8E3F, 0x965F, 0x6CD9, 0x4C57, 0x54B8, 0x5CD9, 0x5C98, 0x4C78, 0x85BC, 0xB6FF, 0xBEFF,
  0xB6FF, 0xAEDF, 0xAEDF, 0xBEFF, 0xC71F, 0xC71F, 0xA69F, 0x9E7F, 0xA6BF, 0xAEDF, 0xBF1F, 0xD75F,
  0xC71F, 0x8E5F, 0x8E3F, 0x9E9F, 0xB6DF, 0xAEDF, 0xB6FF, 0xA6BF, 0xBF1F, 0xBEFF, 0x9E9F, 0xA6BF,
  0xBEFF, 0xDF7F, 0xAEDF, 0x9E9F, 0xC73F, 0xD77F, 0xBEFF, 0xBEFF, 0xB6DF, 0x9E9F, 0xA69F, 0x7E1F,
  0xB6DF, 0xCF3F, 0xCF3F, 0xCF3F, 0x8E5F, 0x965F, 0x7DFE, 0x4CFD, 0x3CBD, 0x7DFE, 0x6DBF, 0x2C5D,
  0x449C, 0x7E3F, 0x5D7F, 0x557F, 0x2377, 0x0064, 0x0084, 0x0085, 0x0063, 0x0021, 0x0022, 0x0042,
  0x0001, 0x21AA, 0x4394, 0x3B12, 0x3B12, 0x32D1, 0x3B11, 0x4352, 0x53D4, 0x53D4, 0x5BD4, 0x4B72,
  0x3AF0, 0x19AB, 0x0001, 0x29E9, 0x6C96, 0x6434, 0x7CD6, 0x84F7, 0x7CD7, 0x6C35, 0x4B30, 0x326D,
  0x1989, 0x00C5, 0x0063, 0x0043, 0x0064, 0x0063, 0x10E5, 0x39E9, 0x3A09, 0x4A8D, 0x947B, 0xB4FF,
  0xA4DF, 0xCDFF, 0xA517, 0x6B70, 0x9CDA, 0xB55D, 0x7395, 0x7BF6, 0xA4FA, 0xCDFE, 0xDE9F, 0xE6BF,
  0xD65E, 0xDE9F, 0xEEFF, 0xB55D, 0x94BB, 0x741C, 0x5B77, 0x6BF8, 0x9D7B, 0xB5FB, 0xCE5D, 0xBDFC,
  0x953A, 0xAD9D, 0xC5FE, 0xBDDD, 0xAD1D, 0x84FB, 0x9D7B, 0xCE5D, 0xCE5D, 0x859F, 0x2B75, 0x0000,
  0x6C79, 0x7BD5, 0x6BB5, 0x73D5, 0x9478, 0xB55B, 0xCDFC, 0xD61D, 0xD61D, 0xD5FD, 0xCDFD, 0xCDDD,
  0xCDDD, 0xCDDD, 0xC5BC, 0xBD9C, 0xBD7C, 0xB57B, 0xB57B, 0xAD5A, 0xA53A, 0x9CF9, 0x94B8, 0x9CF9,
  0xA599, 0xADFA, 0xA5DA, 0x84D7, 0x8CF7, 0x8CF7, 0x6C34, 0x5372, 0x32AF, 0x21EC, 0x0907, 0x08E6,
  0x00A6, 0x08C6, 0x19AA, 0x19AA, 0x21EB, 0x21EB, 0x2A0C, 0x324C, 0x324D, 0x324C, 0x322C, 0x2A2C,
  0x21EB, 0x198A, 0x1169, 0x21AA, 0x9557, 0x21CB, 0x1127, 0x0907, 0x0928, 0x198A, 0x19AA, 0x21CA,
  0x21AA, 0x21AA, 0x21CA, 0x21CA, 0x21AA, 0x19AA, 0x1989, 0x118A, 0x0908, 0x08E7, 0x0908, 0x1149,
  0x19AA, 0x1169, 0x1149, 0x1148, 0x21EB, 0x8DFD, 0xAEBF, 0xB6DF, 0x9E7F, 0xAEBF, 0xD75F, 0xB6FF,
  0x8E5F, 0xA69F, 0x967F, 0x863F, 0x8E5F, 0x967F, 0xAEBF, 0x8E5F, 0x967F, 0x9E9F, 0x9E7F, 0x967F,
  0x967F, 0x8E5F, 0x9E5E, 0x753A, 0x5CB9, 0x5C98, 0x5CB8, 0x5499, 0x757C, 0xA69F, 0xBEFF, 0xB6DF,
  0xBEFF, 0xC71F, 0xC71F, 0xBF1F, 0xC71F, 0xAEBF, 0x8E5F, 0xA6BF, 0xB6DF, 0xC71F, 0xC71F, 0xCF3F,
  0xA6BF, 0x8E3F, 0x9E7F, 0xAEDF, 0xAEDF, 0xB6FF, 0xB6DF, 0xA69F, 0xC71F, 0xA6BF, 0x967F, 0xAEDF,
  0xCF5F, 0xD75F, 0xA6BF, 0xA69F, 0xCF3F, 0xCF5F, 0xCF3F, 0xBEDF, 0xAEDF, 0x967F, 0xA6BF, 0x863F,
  0x967F, 0xCF3F, 0xD75F, 0xC71F, 0x8E5F, 0x9E7F, 0x863F, 0x553E, 0x4D1E, 0x65BF, 0x4D1E, 0x1BDB,
  0x447C, 0x6DBF, 0x5D7E, 0x453F, 0x1230, 0x0043, 0x0085, 0x0084, 0x0064, 0x0042, 0x0022, 0x0042,
  0x0001, 0x29EB, 0x4BF5, 0x3B53, 0x3B12, 0x2AB0, 0x32D0, 0x3B11, 0x3B12, 0x4373, 0x4B73, 0x4332,
  0x328F, 0x1169, 0x0022, 0x320A, 0x6C96, 0x6C76, 0x74B6, 0x7CB6, 0x74B6, 0x7CD7, 0x7CF8, 0x7CF8,
  0x74B7, 0x6C55, 0x53B2, 0x4B10, 0x3AAF, 0x2A6E, 0x19CB, 0x1169, 0x1169, 0x0947, 0x1989, 0x6B75,
  0xBD7D, 0x9496, 0xB59A, 0xC61D, 0xBDBC, 0xEF1F, 0x8438, 0x3177, 0x7339, 0xC5DD, 0xEF3F, 0xE6DF,
  0xBD5D, 0x6B54, 0x73B5, 0xB59E, 0x9CBA, 0x9439, 0x8419, 0x845B, 0x7C78, 0xADBB, 0xCE3D, 0xC61C,
  0xA59C, 0xC5BE, 0xC5DE, 0xCE3D, 0xA51D, 0xA57D, 0xAD9D, 0xCE3E, 0xC5FD, 0x8D9F, 0x2BB6, 0x0000,
  0x74BA, 0x9457, 0x8417, 0x8C58, 0xA4FA, 0xC5BC, 0xD61D, 0xD63D, 0xD63D, 0xD61D, 0xD5FD, 0xCDFD,
  0xCDDD, 0xC59C, 0xB53B, 0xA4FA, 0xAD5A, 0xA559, 0x9D39, 0x9D59, 0x9D59, 0x9518, 0x8CD7, 0x9538,
  0xA5BA, 0xB63B, 0xA5DA, 0x8D18, 0x8D18, 0x9538, 0x7495, 0x5BD3, 0x4B31, 0x3AF0, 0x19AB, 0x08C6,
  0x00A5, 0x1128, 0x19AA, 0x19AA, 0x19AA, 0x21CB, 0x2A2C, 0x324D, 0x324D, 0x324D, 0x322C, 0x2A0C,
  0x21CB, 0x19AA, 0x1149, 0x322B, 0x7CB5, 0x1148, 0x1969, 0x1128, 0x1969, 0x21CA, 0x21CB, 0x21CA,
  0x21AA, 0x21AA, 0x21AA, 0x21AA, 0x1989, 0x1148, 0x1148, 0x19AA, 0x1169, 0x1149, 0x118A, 0x19AA,
  0x19AA, 0x1969, 0x1148, 0x1969, 0x21EB, 0x7DBD, 0xAEBF, 0x9E7F, 0x9E9F, 0xD75F, 0xCF3F, 0x967F,
  0x8E5F, 0xA69F, 0x8E3F, 0x8E3F, 0x967F, 0xAEDF, 0x9E9F, 0x8E5F, 0x9E9F, 0xA69F, 0x9E9F, 0x967F,
  0x9E7F, 0x965F, 0x9E5E, 0x7D7A, 0x64D9, 0x64D9, 0x5CD9, 0x9E3C, 0xB6FF, 0xA69F, 0xD75F, 0xCF3F,
  0xD75F, 0xCF3F, 0xCF3F, 0xCF3F, 0xAEBF, 0x9E7F, 0xA69F, 0xB6DF, 0xCF3F, 0xC71F, 0xC71F, 0xAEDF,
  0x967F, 0x9E9F, 0x9E7F, 0xAEBF, 0xB6FF, 0xB6FF, 0xA6BF, 0xB6DF, 0xB6FF, 0x967F, 0x9E7F, 0xA6BF,
  0xD75F, 0xCF3F, 0xAEDF, 0xA69F, 0xCF3F, 0xCF3F, 0xDF7F, 0xC71F, 0xAEDF, 0x967F, 0xAEDF, 0x965F,
  0x8E5F, 0xBEFF, 0xD75F, 0xBEFF, 0x863F, 0x967F, 0x863F, 0x451E, 0x5D7E, 0x6DDF, 0x553E, 0x23DC,
  0x2C1B, 0x5D3D, 0x5D7F, 0x347D, 0x00E8, 0x0063, 0x0084, 0x00A5, 0x0085, 0x0043, 0x0022, 0x0063,
  0x0043, 0x21CA, 0x4BD5, 0x3B53, 0x32F1, 0x2AB0, 0x32F1, 0x3B11, 0x5BB4, 0x4B73, 0x4B73, 0x4332,
  0x2A6F, 0x0928, 0x0022, 0x1926, 0x42F0, 0x63F4, 0x7496, 0x74B7, 0x7CD7, 0x7CD7, 0x74B7, 0x7496,
  0x7496, 0x7CD7, 0x7CF7, 0x7CF7, 0x7CF7, 0x8518, 0x7CF8, 0x6C97, 0x6436, 0x5395, 0x5B56, 0x8C59,
  0xBDBD, 0xAD59, 0xCE5C, 0xBDDC, 0xBDDC, 0xDEBE, 0xDEBF, 0xC59F, 0xE6BF, 0xF79F, 0xEF5F, 0xCDFF,
  0xBD1F, 0xACFD, 0x9497, 0xCE3E, 0xC5BD, 0x8C37, 0x8C5C, 0x7BFC, 0x4255, 0x63B5, 0xD69E, 0xC61C,
  0x9D3B, 0xBD7E, 0xD67E, 0xDE9D, 0xAD3C, 0xB59D, 0xB59E, 0xBDDE, 0xC61D, 0x855F, 0x2BD7, 0x0000,
  0x7CBA, 0x9C98, 0x9499, 0xA4DA, 0xB55C, 0xCDFD, 0xD63D, 0xDE3E, 0xDE3E, 0xD63D, 0xD5FD, 0xCDDD,
  0xC59C, 0xAD1B, 0x7C38, 0x7416, 0x9518, 0x8D38, 0x9558, 0x8D38, 0x7CB6, 0x8D17, 0x9D79, 0x9D79,
  0xADDA, 0xADFA, 0x9D99, 0x9558, 0x9558, 0x9558, 0x84F7, 0x6C55, 0x4B31, 0x2A4E, 0x220C, 0x1128,
  0x08C6, 0x1128, 0x21EB, 0x21EB, 0x21EC, 0x2A0C, 0x324D, 0x324D, 0x324D, 0x326D, 0x326D, 0x29EB,
  0x198A, 0x198A, 0x0908, 0x42EF, 0x53B2, 0x00A6, 0x0908, 0x0928, 0x1149, 0x1989, 0x21AA, 0x21CA,
  0x21AA, 0x21AA, 0x21AA, 0x198A, 0x1148, 0x0907, 0x0928, 0x19AA, 0x198A, 0x1169, 0x1989, 0x198A,
  0x198A, 0x1969, 0x1989, 0x21CB, 0x21EC, 0x85BC, 0xA6BF, 0x9E7F, 0xC71F, 0xCF3F, 0xA69F, 0x8E5F,
  0xA6BF, 0xA69F, 0x8E3F, 0x965F, 0x9E9F, 0xB6FF, 0x967F, 0x9E9F, 0x9E9F, 0xAEBF, 0xA6BF, 0x967F,
  0x9E9F, 0x9E7F, 0x9E3D, 0x7D7B, 0x6D1A, 0x753A, 0xAE7D, 0xD77F, 0xAEBF, 0xAEBF, 0xD75F, 0xC71F,
  0xC71F, 0xC71F, 0xC71F, 0xB6DF, 0x9E7F, 0xAEBF, 0xBEFF, 0xCF3F, 0xC71F, 0xC71F, 0xB6DF, 0x8E5F,
  0x965F, 0x9E9F, 0x9E9F, 0xB6DF, 0xBEFF, 0xAEBF, 0xA6BF, 0xBEFF, 0xAEDF, 0x967F, 0x9E9F, 0xB6DF,
  0xDF7F, 0xCF3F, 0xAEBF, 0xA6BF, 0xCF3F, 0xBEFF, 0xE79F, 0xCF5F, 0xB6DF, 0x9E9F, 0xB6DF, 0x967F,
  0x8E5F, 0xAEDF, 0xDF7F, 0xBEFF, 0x7E1F, 0x863F, 0x863F, 0x4D3E, 0x5D9E, 0x7E1F, 0x6DBF, 0x3CBD,
  0x341C, 0x3C3B, 0x557F, 0x1B57, 0x0043, 0x0084, 0x00A5, 0x08E6, 0x0085, 0x0043, 0x0043, 0x00A5,
  0x0043, 0x21CA, 0x4BD5, 0x3B53, 0x3B12, 0x32D0, 0x3AF1, 0x5393, 0xB5BA, 0x63D4, 0x3B11, 0x4332,
  0x2A2D, 0x0908, 0x0021, 0x1926, 0x326D, 0x3A8E, 0x4311, 0x53B3, 0x6C76, 0x74B7, 0x7CF8, 0x7CF7,
  0x7CF7, 0x7CF7, 0x84F7, 0x84F7, 0x7CD7, 0x7CD7, 0x7CD7, 0x6C97, 0x6C18, 0x73DA, 0x94DB, 0x8D1A,
  0x953A, 0xD65E, 0xDEBE, 0xDE9E, 0xE6FF, 0xDEDE, 0xDEBE, 0xDE7F, 0xEF1F, 0xDEBE, 0xE6BF, 0xDE9E,
  0xD63E, 0xD61F, 0xEF3F, 0xB57C, 0x949B, 0xBDBE, 0xAD5D, 0x6375, 0x5B35, 0x3213, 0x9CF9, 0xCE3D,
  0x9D3B, 0xC5DD, 0xD67E, 0xDE9E, 0xC5DD, 0xC5DD, 0xC5DE, 0xB5DE, 0xCE1D, 0x959F, 0x2BD7, 0x0000,
  0x7C99, 0x9478, 0x9CB9, 0xA4FA, 0xBD7C, 0xCDDD, 0xD61D, 0xDE3E, 0xD63E, 0xD61D, 0xC5DC, 0xBD9C,
  0xB55C, 0x8C5A, 0x42F4, 0x42F1, 0x7CD6, 0x8518, 0x8D38, 0x84F7, 0x7C96, 0x8D17, 0x9D99, 0x9D99,
  0xA5DA, 0x9D99, 0x9558, 0x9558, 0x9D99, 0x9558, 0x84D7, 0x6414, 0x4311, 0x328F, 0x21EB, 0x19CB,
  0x0929, 0x1989, 0x322C, 0x322C, 0x324D, 0x2A0B, 0x2A2C, 0x3A8E, 0x4B10, 0x3A6D, 0x42AE, 0x530F,
  0x7413, 0x8CD6, 0x9D16, 0x9579, 0x8D39, 0x8CB5, 0x7C54, 0x7433, 0x6391, 0x3A8D, 0x2A0B, 0x198A,
  0x1989, 0x1989, 0x1989, 0x1169, 0x1148, 0x1148, 0x1148, 0x1969, 0x1148, 0x08E7, 0x0907, 0x1169,
  0x1989, 0x198A, 0x21CA, 0x21AA, 0x1169, 0x753A, 0xA6DF, 0xB6FF, 0xD75F, 0xAEBF, 0x863F, 0x9E9F,
  0xAEDF, 0x9E9F, 0x967F, 0xA69F, 0xBEFF, 0xAEDF, 0x8E5F, 0x9E9F, 0xAEBF, 0xAEDF, 0x9E9F, 0x967F,
  0x9E9F, 0x8E1E, 0x961C, 0x859B, 0x85BB, 0xBEDE, 0xDF7F, 0xC71F, 0x967F, 0xAEDF, 0xCF3F, 0xC71F,
  0xCF3F, 0xC71F, 0xA6BF, 0x9E9F, 0xB6DF, 0xC71F, 0xC71F, 0xBEFF, 0xBF1F, 0xBF1F, 0x965F, 0x861F,
  0x965F, 0xA6BF, 0xAEDF, 0xBEFF, 0xAEDF, 0xA69F, 0xAEBF, 0xBEFF, 0xA6BF, 0x9E9F, 0xA69F, 0xBF1F,
  0xD75F, 0xCF3F, 0x965F, 0xA6BF, 0xCF5F, 0xAEDF, 0xDF7F, 0xD75F, 0xB6FF, 0x9E9F, 0xAEDF, 0x8E5F,
  0x8E5F, 0xA69F, 0xC73F, 0xB6FF, 0x6DDF, 0x6DDF, 0x7E3F, 0x5D9F, 0x5D9F, 0x863F, 0x75FF, 0x65BF,
  0x44BD, 0x1318, 0x3CDF, 0x1230, 0x0022, 0x00A5, 0x08C6, 0x00A5, 0x00A5, 0x0084, 0x0084, 0x0064,
  0x0022, 0x2A0B, 0x4BD5, 0x3B32, 0x3B32, 0x4B73, 0x53B4, 0x63F5, 0xB5BB, 0x6C15, 0x7C76, 0x5373,
  0x220D, 0x0907, 0x0022, 0x1927, 0x326D, 0x3A8D, 0x3ACF, 0x4310, 0x4B93, 0x53D4, 0x6435, 0x7497,
  0x8518, 0x74B7, 0x74B7, 0x7CF7, 0x8D38, 0x8D38, 0x8518, 0x6C97, 0x6476, 0x6C97, 0x6CB6, 0x8D39,
  0xCE1F, 0xB57D, 0x94DA, 0xC65C, 0xE73E, 0xEF7F, 0xEF7F, 0xD63E, 0xE6DF, 0xDE9E, 0xBD5D, 0xC59D,
  0xEF3E, 0xDEFE, 0xDEDE, 0xD6DE, 0x8CF7, 0x5B94, 0x849B, 0x7C3A, 0x9D5A, 0x94D9, 0x6396, 0xBDFC,
  0xCE3D, 0xD67E, 0xDEDE, 0xDEFE, 0xCE3D, 0xC5BD, 0xB59C, 0xC61D, 0xCE1D, 0x9DBF, 0x2BD7, 0x0000,
  0x7499, 0x9457, 0x9498, 0xA4FA, 0xBD7B, 0xCDDD, 0xD5FD, 0xD61E, 0xCDDD, 0xB57C, 0x9D1A, 0x9D19,
  0x94B9, 0x6BB8, 0x2A52, 0x328F, 0x7CB6, 0x8D59, 0x9559, 0x8D18, 0x84F7, 0x9558, 0xA5B9, 0x9D99,
  0xA5BA, 0xA5DA, 0x9579, 0x9579, 0x9D99, 0x8D58, 0x7496, 0x6435, 0x4331, 0x2A4E, 0x19CB, 0x1169,
  0x116A, 0x21EB, 0x324D, 0x324D, 0x2A2C, 0x4B0F, 0x5371, 0x4AEF, 0x5BB3, 0x21CB, 0x320B, 0x5350,
  0x9D57, 0xC67B, 0xDEFD, 0xAE3D, 0xBE7D, 0xDF3E, 0xDF3E, 0xE75F, 0xE75F, 0xD6DD, 0x7CB5, 0x4AEE,
  0x1969, 0x1989, 0x1969, 0x1148, 0x1148, 0x1149, 0x1128, 0x0928, 0x08E6, 0x08E7, 0x1128, 0x1969,
  0x21AA, 0x19AA, 0x1149, 0x1148, 0x0907, 0x5C57, 0xAEFF, 0xC71F, 0xC71F, 0x967F, 0x9E7F, 0xAEBF,
  0xAEBF, 0x967F, 0x9E9F, 0xB6DF, 0xC73F, 0xAEBF, 0x967F, 0xA6BF, 0xAEDF, 0xA6BF, 0x967F, 0xA6BF,
  0xA69F, 0x8E1E, 0x9E1C, 0xA63C, 0xD73E, 0xD77F, 0xBEFF, 0xBF1F, 0x965F, 0xC6FF, 0xE79F, 0xD75F,
  0xCF3F, 0xB6DF, 0xB6FF, 0xBEFF, 0xC71F, 0xC71F, 0xB6FF, 0xC71F, 0xC71F, 0x967F, 0x863F, 0x967F,
  0xA69F, 0xAEDF, 0xBEFF, 0xB6DF, 0x9E9F, 0xAEBF, 0xBEDF, 0xBEFF, 0x9E9F, 0x9E9F, 0xBEFF, 0xBF1F,
  0xCF3F, 0xC71F, 0x967F, 0xAEBF, 0xCF3F, 0xA6BF, 0xCF3F, 0xDF7F, 0xCF3F, 0xA6BF, 0xAEBF, 0x8E5F,
  0x967F, 0xA6BF, 0xBEFF, 0xAEDF, 0x75FF, 0x75FF, 0x7E1F, 0x75FF, 0x6DDF, 0x7E1F, 0x7E1F, 0x75FF,
  0x5D5F, 0x0AD8, 0x1B7A, 0x00E7, 0x0043, 0x0084, 0x00C6, 0x08E7, 0x08E7, 0x00C6, 0x0064, 0x0084,
  0x0064, 0x2A2D, 0x4BD5, 0x3B32, 0x32F1, 0x7C76, 0xA57A, 0x7C76, 0x8496, 0x9D19, 0xA539, 0x3AF1,
  0x2A4E, 0x0908, 0x0022, 0x1926, 0x326D, 0x3A8E, 0x42F0, 0x42F0, 0x4B52, 0x4B93, 0x5393, 0x5BF4,
  0x6436, 0x4B94, 0x4332, 0x4332, 0x53D4, 0x5C15, 0x5BF4, 0x5BF5, 0x53F5, 0x6437, 0x7478, 0xBDDC,
  0xAD7C, 0x7458, 0x6C55, 0xADFB, 0xB61C, 0xADFB, 0xB61B, 0xC5FD, 0xBE3C, 0xBE1C, 0xBD5D, 0xBD9C,
  0xBE1B, 0xADDA, 0x8CF7, 0x8CF7, 0x9559, 0x5BD4, 0x7436, 0x7C57, 0x9D5B, 0xD6BE, 0xCE7D, 0xC63D,
  0xCE7E, 0xCE7E, 0xDEFE, 0xCE9E, 0x957C, 0x84BA, 0x63F7, 0xC5FD, 0xCE1C, 0x959E, 0x2BD7, 0x0000,
  0x7C99, 0x9C78, 0x9CD9, 0xB53A, 0xBD9C, 0xC5BD, 0xC5DD, 0xBD7C, 0xA4FA, 0x8C98, 0x6C36, 0x7455,
  0x8477, 0x6377, 0x3274, 0x4B33, 0x8CD8, 0xA57A, 0x9D7A, 0x9539, 0x8D18, 0x9D59, 0xA59A, 0x9D99,
  0x9D79, 0x9579, 0x9579, 0x9D9A, 0x9579, 0x8518, 0x7CD7, 0x6C55, 0x4B72, 0x3ACF, 0x220C, 0x116A,
  0x116A, 0x2A2C, 0x324D, 0x324C, 0x322C, 0x9537, 0xC65B, 0xB5FA, 0xB5FA, 0x9517, 0x7413, 0x6C13,
  0x84B5, 0xA5B9, 0xA5B9, 0x959A, 0x8D17, 0xA598, 0x9D37, 0x7433, 0x6370, 0x42AD, 0x2A0B, 0x5350,
  0x3A8D, 0x1148, 0x1169, 0x1149, 0x1128, 0x0907, 0x0907, 0x0907, 0x0928, 0x1148, 0x1969, 0x1989,
  0x19AA, 0x1148, 0x08C6, 0x0907, 0x19AB, 0x85BC, 0xBEFF, 0xBEFF, 0xA6BF, 0x967F, 0xAEBF, 0xB6DF,
  0xAEBF, 0x967F, 0xA6BF, 0xBEFF, 0xCF3F, 0x9E9F, 0xAEBF, 0xB6DF, 0xAEDF, 0x9E7F, 0x9E9F, 0xAEDF,
  0x8E5F, 0x8E1E, 0xBE9D, 0xE77F, 0xEF9F, 0xBEFF, 0xBEFF, 0xC71F, 0x9E9F, 0xCF3F, 0xDF5F, 0xC71F,
  0xB6FF, 0xBEFF, 0xC71F, 0xC71F, 0xBEFF, 0xBEFF, 0xCF5F, 0xC71F, 0x9E9F, 0x8E5F, 0x967F, 0xA6BF,
  0xAEDF, 0xB6DF, 0xB6DF, 0xA69F, 0xA6BF, 0xBEFF, 0xBEFF, 0xAEBF, 0xA69F, 0xB6DF, 0xC73F, 0xBEFF,
  0xCF3F, 0xBF1F, 0xA6BF, 0xB6FF, 0xC71F, 0x9E9F, 0xCF3F, 0xD75F, 0xE79F, 0xAEBF, 0xA69F, 0xA69F,
  0x967F, 0xAEBF, 0xBEFF, 0xBEFF, 0x8E3F, 0x863F, 0x967F, 0x8E5F, 0x8E5F, 0x6DFF, 0x65DF, 0x6DFF,
  0x65BF, 0x23DC, 0x0213, 0x0063, 0x0064, 0x0084, 0x08E6, 0x0928, 0x08E6, 0x00A5, 0x0064, 0x00A5,
  0x00A5, 0x2A4D, 0x4BD5, 0x3B32, 0x32F1, 0x4B73, 0x7456, 0x94F8, 0x84B7, 0x8CD8, 0x63F5, 0x5393,
  0x2A6F, 0x0908, 0x0043, 0x1968, 0x326D, 0x3ACF, 0x42F0, 0x42F0, 0x4B52, 0x5393, 0x4B93, 0x53D3,
  0x5BF4, 0x4B52, 0x3AD0, 0x328F, 0x328F, 0x2A8F, 0x2A4E, 0x2A4E, 0x326E, 0x5334, 0x5333, 0x63D4,
  0x32AF, 0x4311, 0x8D17, 0x9D7A, 0x9D7A, 0x9D79, 0xADDA, 0xBE1C, 0xADDB, 0xA5BA, 0xAD7B, 0xB5BC,
  0xA5B9, 0x8CF7, 0x5351, 0x6BF3, 0x5BD4, 0x4B32, 0xA53A, 0xBDBC, 0xADDC, 0xCE7D, 0xE6FE, 0xE6FE,
  0xBE5D, 0xCE9E, 0xCE7E, 0xDEDE, 0xCE5E, 0x7C59, 0x53B5, 0xCE3D, 0xCE3C, 0x95BF, 0x2BB6, 0x0000,
  0x84FA, 0xACD9, 0xAD3B, 0xBD9C, 0xC5BC, 0xC5BC, 0xB55B, 0x94B8, 0x73F6, 0x63D5, 0x5394, 0x6C14,
  0x94B7, 0x8458, 0x73D8, 0x8458, 0x9CF9, 0xAD7C, 0xAD5B, 0xA51B, 0x9CFA, 0x9D1A, 0x9D3A, 0x9D5A,
  0x9559, 0x8D59, 0x8D59, 0x8D59, 0x8539, 0x8518, 0x7CD7, 0x6435, 0x4B51, 0x4331, 0x328F, 0x19EC,
  0x19CC, 0x324D, 0x324C, 0x322C, 0x3AAE, 0xADDA, 0xCEBC, 0xBE7C, 0xD6FD, 0xE73E, 0xE73E, 0xD6FD,
  0xDEFC, 0xCE9B, 0xC67B, 0xC63A, 0x9D57, 0x7433, 0x7413, 0x530E, 0x2188, 0x21A9, 0x4B10, 0x6C55,
  0x4B31, 0x1148, 0x1169, 0x1128, 0x0907, 0x08E7, 0x0907, 0x1128, 0x1148, 0x1148, 0x1969, 0x198A,
  0x1169, 0x08E7, 0x00C6, 0x00C6, 0x4BB3, 0xAEDF, 0xAEBF, 0xAEDF, 0x9E7F, 0xA6BF, 0xBEFF, 0xC71F,
  0xAEBF, 0x9E9F, 0xAEDF, 0xC71F, 0xBEFF, 0xA6BF, 0xB6DF, 0xB6DF, 0x9E9F, 0x967F, 0x9E9F, 0xA6BF,
  0x8E3F, 0xAE9E, 0xE77F, 0xEF9F, 0xD75F, 0xBEFF, 0xCF3F, 0xBEFF, 0x9E9F, 0xCF1F, 0xCF5F, 0xCF3F,
  0xCF3F, 0xCF3F, 0xCF1F, 0xC71F, 0xCF3F, 0xCF3F, 0xC71F, 0x9E9F, 0x967F, 0x9E9F, 0xA6BF, 0xAEDF,
  0xB6DF, 0xAEBF, 0xA6BF, 0xA6BF, 0xB6FF, 0xBEFF, 0xB6DF, 0x9E9F, 0xAEBF, 0xCF3F, 0xBF1F, 0xB6FF,
  0xCF5F, 0xBF1F, 0x969F, 0xBF1F, 0xC71F, 0x9E7F, 0xC73F, 0xC73F, 0xE79F, 0xB6FF, 0x9E9F, 0xB6DF,
  0xA6BF, 0x9E9F, 0xA6BF, 0xB6DF, 0x9E7F, 0x967F, 0x967F, 0x8E5F, 0x967F, 0x65BF, 0x4D7F, 0x65BF,
  0x6DFF, 0x3CBE, 0x0277, 0x0085, 0x0084, 0x00A5, 0x00E6, 0x00C6, 0x0084, 0x0064, 0x0084, 0x08C6,
  0x00C6, 0x2A4E, 0x4BD6, 0x3B32, 0x3311, 0x7456, 0x9CF9, 0x7C57, 0x63F5, 0x6C15, 0x9D39, 0x7C77,
  0x2A6F, 0x08E7, 0x0063, 0x2189, 0x3AAE, 0x42CF, 0x42F0, 0x4310, 0x4331, 0x4B52, 0x4B72, 0x53D4,
  0x53D4, 0x4331, 0x3AF0, 0x3AD0, 0x32AF, 0x328E, 0x324D, 0x2A4D, 0x328F, 0x3AB0, 0x2A4D, 0x2A2D,
  0x2A2D, 0x5392, 0x84F7, 0x7CD7, 0x8D38, 0xADDA, 0xA599, 0xA59A, 0x9D38, 0x84B6, 0x9538, 0x9D39,
  0x84D6, 0x5371, 0x42AE, 0x5372, 0x2A0C, 0x326E, 0x8478, 0xAD7C, 0xADDC, 0xCE5D, 0xE6FE, 0xDEDE,
  0xBE3D, 0xC61E, 0xD69E, 0xD67E, 0xDE7E, 0x9D1C, 0x53D8, 0xC63C, 0xD63C, 0x9E1F, 0x2B96, 0x0000,
  0x8D3C, 0xBD3B, 0xBD7C, 0xC5BD, 0xC5BC, 0xBD7C, 0xA4FA, 0x7C57, 0x5B94, 0x63D5, 0x6C17, 0x8CB8,
  0xAD3A, 0xB55C, 0xB53C, 0xB55C, 0xB57C, 0xBD7D, 0xB55C, 0xAD3C, 0xA53B, 0x9D1A, 0x951A, 0x8D1A,
  0x8539, 0x8D59, 0x8D59, 0x8539, 0x8539, 0x8539, 0x74B7, 0x7476, 0x5BF4, 0x53B3, 0x3B31, 0x224E,
  0x2A2D, 0x2A0B, 0x29EB, 0x2A0B, 0x2A0C, 0x9D78, 0xBE9C, 0x9DBA, 0x8D5A, 0xAE1B, 0xCE9C, 0xCEBC,
  0xCEBC, 0xC67B, 0xC63A, 0xC65A, 0xBE19, 0x9D37, 0xAD98, 0xBE1A, 0x8CF7, 0x7455, 0x7476, 0x7CD7,
  0x3ACF, 0x1169, 0x1149, 0x0928, 0x0907, 0x0907, 0x1128, 0x1169, 0x1148, 0x1969, 0x1989, 0x1989,
  0x1128, 0x08E6, 0x0907, 0x1128, 0x6CD8, 0xAEDF, 0xA6BF, 0xA69F, 0xA69F, 0xB6DF, 0xBEFF, 0xBEFF,
  0xAEBF, 0xA6BF, 0xBEFF, 0xC71F, 0xB6DF, 0xB6DF, 0xAEDF, 0xAEBF, 0xA69F, 0x9E9F, 0xA6BF, 0x9E9F,
  0x965F, 0xDF5F, 0xEF9F, 0xDF7F, 0xC71F, 0xB6FF, 0xCF5F, 0xAEBF, 0x8E3F, 0xCF1F, 0xC71F, 0xC6FF,
  0xBEFF, 0xC71F, 0xCF1F, 0xCF3F, 0xCF3F, 0xB6DF, 0x9E7F, 0xA69F, 0x9E9F, 0xAEBF, 0xB6DF, 0xBEFF,
  0xAEBF, 0xA69F, 0xA69F, 0xB6DF, 0xC71F, 0xBEFF, 0xA69F, 0xA69F, 0xCF3F, 0xCF3F, 0xAEBF, 0xAEBF,
  0xC73F, 0xB6DF, 0x9EBF, 0xC73F, 0xB6FF, 0x965F, 0xCF3F, 0xB6FF, 0xCF5F, 0xC71F, 0x9E9F, 0xB6DF,
  0xAEDF, 0x967F, 0x8E7F, 0xA6BF, 0xAEBF, 0xA69F, 0x9E7F, 0x965F, 0x8E5F, 0x7E1F, 0x557F, 0x557F,
  0x65BF, 0x659E, 0x2C3D, 0x012A, 0x0043, 0x00A5, 0x00C6, 0x0085, 0x0064, 0x00A5, 0x08C6, 0x0907,
  0x08C6, 0x328E, 0x4BD5, 0x3B33, 0x3B32, 0x3B32, 0x7C56, 0x8477, 0x6C15, 0x9D39, 0x84D7, 0x4353,
  0x2A6F, 0x0928, 0x0085, 0x2168, 0x3ACF, 0x326D, 0x3A8E, 0x4B30, 0x5BB2, 0x4B72, 0x222E, 0x2A0C,
  0x6414, 0x63F4, 0x4331, 0x32AF, 0x2A6E, 0x2A2D, 0x2A2D, 0x326E, 0x2A4D, 0x2A6D, 0x326E, 0x324D,
  0x2A2D, 0x63F4, 0x74B7, 0x6C55, 0x8D38, 0xA5B9, 0x9D79, 0x9558, 0x84D6, 0x7C75, 0x8495, 0x7C54,
  0x7C95, 0x6C13, 0x6C34, 0x5BD3, 0x2A2D, 0x21EB, 0x6BD5, 0xC5DC, 0x9D7C, 0xBE1D, 0xDEFE, 0xD6BE,
  0x953B, 0xC5FD, 0xDEDE, 0xE6FE, 0xD69E, 0xB5DC, 0x7CBA, 0xADDC, 0xDE7C, 0xA65F, 0x2375, 0x0000,
  0x8D5C, 0xC57C, 0xC5BC, 0xC5BD, 0xC5BD, 0xBD7C, 0xA51B, 0x94BA, 0x7C79, 0x8CBA, 0xA51B, 0xB57C,
  0xC5BD, 0xC5BE, 0xC5BE, 0xC59E, 0xC59E, 0xBD7D, 0xB57C, 0xAD7C, 0xA57B, 0x9D7A, 0x953A, 0x8D39,
  0x8539, 0x8559, 0x8D7A, 0x8559, 0x7D19, 0x7D19, 0x74D8, 0x6C97, 0x6C76, 0x5BF4, 0x5393, 0x53F5,
  0x7CD8, 0x7496, 0x7CB6, 0x6C55, 0x5392, 0x84F7, 0xCEDD, 0xC69C, 0xBE5C, 0xCEDD, 0xD6FD, 0xCEDD,
  0xD6DD, 0xCEBC, 0xD6BC, 0xD6FC, 0xD6DC, 0xC67B, 0xBE3B, 0xBE5B, 0x9D79, 0x9558, 0x9D99, 0x9558,
  0x2A0B, 0x1969, 0x1148, 0x0907, 0x08E7, 0x0907, 0x1128, 0x1127, 0x1148, 0x1148, 0x1148, 0x1128,
  0x08E7, 0x00C6, 0x08E7, 0x08E7, 0x4B93, 0x9EBF, 0x9E9F, 0xAEDF, 0xAEDF, 0xBEFF, 0xBEFF, 0xB6DF,
  0xB6FF, 0xAEDF, 0xC71F, 0xC71F, 0xBEFF, 0xB6FF, 0xAEDF, 0xB6FF, 0xAEDF, 0xAEDF, 0xB6DF, 0xAEDF,
  0xAEBF, 0xEFBF, 0xE79F, 0xDF7F, 0xC71F, 0xBF1F, 0xC73F, 0xAEDF, 0x9E7F, 0xE77F, 0xDF7F, 0xCF3F,
  0xCF3F, 0xD77F, 0xCF3F, 0xC71F, 0xB6FF, 0xAEBF, 0xAEDF, 0xAEDF, 0xB6FF, 0xBF1F, 0xBF1F, 0xBF1F,
  0xAEDF, 0xAEDF, 0xC73F, 0xCF5F, 0xCF3F, 0xBEFF, 0xAEDF, 0xCF3F, 0xCF5F, 0xB6DF, 0x9E9F, 0xB6FF,
  0xAEDF, 0xAEFF, 0xBF1F, 0xD75F, 0xA69F, 0x965F, 0xDF7F, 0xAEDF, 0xC71F, 0xDF5F, 0xB6DF, 0xBEFF,
  0xB6DF, 0x9E9F, 0x967F, 0xAEBF, 0xBEFF, 0xA69F, 0xAEBF, 0xA69F, 0x965F, 0x9E7F, 0x8E5F, 0x761F,
  0x65FF, 0x5DBF, 0x3CFF, 0x1252, 0x0043, 0x00A5, 0x0084, 0x0064, 0x0084, 0x08E6, 0x08E6, 0x0907,
  0x08C6, 0x2A4D, 0x4BD5, 0x3B53, 0x4353, 0x4332, 0x3B32, 0x4332, 0x6435, 0x4B94, 0x53B4, 0x4B93,
  0x328F, 0x19CB, 0x08C6, 0x1927, 0x42CE, 0x7C53, 0xA577, 0x9D36, 0x63D3, 0x3AD1, 0x3B34, 0x3AF2,
  0x4B31, 0x6391, 0xB5FA, 0xADFA, 0x9558, 0x7454, 0x4B30, 0x2A4D, 0x328E, 0x326E, 0x326E, 0x326D,
  0x3A8E, 0x6C56, 0x7CD7, 0x6C56, 0x9538, 0x9538, 0x9558, 0x8CF7, 0x84D6, 0x8CD6, 0x84B6, 0x7C75,
  0x7475, 0x7C96, 0x6C35, 0x5372, 0x3AAF, 0x21EC, 0x7C35, 0xA559, 0x6C57, 0xB61D, 0xD69D, 0xDEDE,
  0xAD9B, 0xC61C, 0xE6FE, 0xE6FE, 0xDEBD, 0xCE3C, 0xBDFC, 0x9D7B, 0xD67C, 0x9E5F, 0x2313, 0x0000,
  0x855D, 0xCDBC, 0xC5DD, 0xC5BD, 0xBD9C, 0xB55C, 0xAD3C, 0xAD3C, 0xB57C, 0xBD9D, 0xC5BD, 0xCDFE,
  0xD5FE, 0xCDFE, 0xCDDE, 0xC5BE, 0xBD9D, 0xAD5C, 0xADBC, 0xB61C, 0xADFB, 0xA5DB, 0x9DBA, 0x9D9A,
  0x959A, 0x959A, 0x8D7A, 0x8539, 0x7D19, 0x6CD8, 0x6497, 0x6CB7, 0x74B7, 0x74B7, 0x6436, 0x3313,
  0x3354, 0x5437, 0x855A, 0xA63C, 0xBEBD, 0xBE9D, 0xC6DD, 0xD71E, 0xCEFD, 0xBE9D, 0xCEDD, 0xD71E,
  0xCEFD, 0xD71E, 0xDF1E, 0xD71E, 0xD6FD, 0xD6FD, 0xC6BD, 0xB65C, 0xAE1B, 0xBE7C, 0x9DBA, 0x32D1,
  0x098D, 0x1A0E, 0x1A0E, 0x19ED, 0x224E, 0x2AAF, 0x32D0, 0x2A8F, 0x2A8F, 0x3AF0, 0x4B30, 0x4310,
  0x42EF, 0x42CF, 0x42EF, 0x3AAE, 0x5392, 0x859C, 0x8DBB, 0xA63C, 0xA63C, 0xA63D, 0x9E1D, 0xA65D,
  0xA67D, 0xA65D, 0xB69E, 0xB6BE, 0xB69D, 0xA63D, 0xA63D, 0xAE5D, 0xA65D, 0xA67E, 0xA67D, 0x961D,
  0x961D, 0xBEBD, 0xB69D, 0xAE7D, 0xA65E, 0xAE7E, 0xA67E, 0x963E, 0x9E3E, 0xBE9D, 0xAE5D, 0xA65D,
  0xA63D, 0x9E1D, 0x961D, 0x95FD, 0x8DFD, 0x961D, 0x8DFD, 0x8DFD, 0x9E1D, 0x95FD, 0x8DDD, 0x85DC,
  0x8DFC, 0x9E1D, 0x9E1D, 0x961D, 0x8DFD, 0x8DFD, 0x9E3D, 0xB67D, 0x9E3D, 0x7DDD, 0x7DBD, 0x9E3D,
  0x85DD, 0x961D, 0xA65D, 0xAE7D, 0x85DD, 0x8DFD, 0xBEBE, 0x961E, 0x9E5D, 0xBEDE, 0xAE7E, 0xA67E,
  0x9E5D, 0x963D, 0x9E5E, 0x9E5E, 0xAE9E, 0x9E5E, 0xA67E, 0xA67E, 0x9E5E, 0x9E3D, 0x95DC, 0x8DBB,
  0x6D1A, 0x3C19, 0x2378, 0x1252, 0x00C7, 0x00C6, 0x00A6, 0x00E7, 0x0908, 0x0949, 0x0929, 0x0929,
  0x00E7, 0x2A4E, 0x43B5, 0x3B53, 0x4353, 0x4353, 0x4373, 0x4B93, 0x53B4, 0x53D4, 0x5BD4, 0x5393,
  0x4331, 0x096A, 0x5B70, 0x7434, 0x63F3, 0x7CB5, 0x4B73, 0x224F, 0x096C, 0x2270, 0x3B33, 0x3B33,
  0x11EE, 0x1A50, 0x328F, 0x42CF, 0xADD9, 0xCEBC, 0x9D36, 0x42CE, 0x29EC, 0x2A0B, 0x2A0C, 0x2A0C,
  0x328E, 0x6456, 0x74D7, 0x7CF8, 0x84D7, 0x84D6, 0x84B6, 0x84D6, 0x84F7, 0x9538, 0x8CF7, 0x84F7,
  0x7475, 0x6C54, 0x6C35, 0x63F4, 0x4310, 0x3AAF, 0x4B10, 0x328E, 0x5393, 0xD67D, 0xE6DE, 0xE71E,
  0xCE7D, 0xCE3D, 0xDEBD, 0xDEFD, 0xCE5C, 0xB59B, 0xB59B, 0xA5BB, 0xDE7C, 0x9E5F, 0x1AD2, 0x0000,
  0x7D5D, 0xCDBD, 0xC5BD, 0xBD7C, 0xAD1B, 0x9CDB, 0xA51B, 0xB57C, 0xC5DD, 0xCE1E, 0xD61E, 0xD61E,
  0xD61E, 0xCDFE, 0xCDFD, 0xC5FD, 0xBDDD, 0xB5FC, 0xB61B, 0xCEBD, 0xCEBC, 0xBE7C, 0xB63B, 0xAE1B,
  0xA5FB, 0x9DBA, 0x959A, 0x853A, 0x7519, 0x6CD8, 0x6CD8, 0x74F9, 0x7D19, 0x8539, 0x6C97, 0x53D4,
  0x6456, 0x7CF8, 0x9D9A, 0xADFB, 0xA5FA, 0xA5FB, 0xB63B, 0xB65B, 0x9DBA, 0x74D8, 0x6C76, 0xCEDD,
  0xD6FD, 0xCEDD, 0xD6FD, 0xCEFD, 0xCEDD, 0xC6BD, 0xC69C, 0xB65C, 0xA5FB, 0x8D5A, 0x4BD6, 0x2AF3,
  0x3334, 0x3B75, 0x43D6, 0x5457, 0x5437, 0x5436, 0x5C37, 0x5436, 0x5416, 0x6456, 0x6C97, 0x6C97,
  0x6C96, 0x7CB7, 0x7496, 0x7496, 0x8D39, 0x8559, 0x8D59, 0x8D7A, 0x959A, 0x8D7A, 0x8539, 0x7D19,
  0x855A, 0x8D7A, 0x8D7A, 0x7D19, 0x74D8, 0x6CB8, 0x6CB8, 0x6CB8, 0x6CD8, 0x74F9, 0x74F9, 0x74F9,
  0x74F9, 0x751A, 0x7D3A, 0x7D3A, 0x7D3A, 0x751A, 0x5CB9, 0x5C99, 0x5C99, 0x5458, 0x4C38, 0x4C38,
  0x3BD7, 0x3BD8, 0x4418, 0x4C38, 0x4C39, 0x4438, 0x3BF8, 0x3BD8, 0x33B7, 0x33B7, 0x33B7, 0x33B7,
  0x4418, 0x4438, 0x3BF8, 0x3BF8, 0x4C39, 0x5479, 0x5C99, 0x5CBA, 0x5CBA, 0x5C9A, 0x5459, 0x4C59,
  0x5C99, 0x64B9, 0x64B9, 0x5CB9, 0x64D9, 0x6CD9, 0x5C98, 0x5C99, 0x64B9, 0x6CF9, 0x64FA, 0x64D9,
  0x64D9, 0x64B9, 0x5C78, 0x5417, 0x4BD6, 0x3B74, 0x2AF3, 0x22B2, 0x2271, 0x120F, 0x09CF, 0x098E,
  0x016D, 0x012B, 0x012A, 0x012A, 0x012A, 0x0129, 0x0109, 0x0109, 0x092A, 0x094B, 0x094B, 0x0929,
  0x00C8, 0x3AF1, 0x74F9, 0x53F5, 0x4353, 0x4353, 0x4373, 0x4373, 0x4B93, 0x53B4, 0x53D4, 0x5BF4,
  0x5393, 0x2A2D, 0x8D17, 0xD73F, 0xBE7C, 0x9DBA, 0x8539, 0x9579, 0x8D18, 0x8D38, 0x7CB7, 0x7476,
  0x6C14, 0x7C96, 0x6C55, 0x63D2, 0x8494, 0xA598, 0xCEDC, 0x6BF3, 0x0066, 0x08E7, 0x00E7, 0x0929,
  0x098B, 0x6456, 0x7D18, 0x74D7, 0x7CF8, 0x7CB7, 0x7CD7, 0x84F7, 0x8D18, 0x8D38, 0x8D18, 0x84F7,
  0x84D7, 0x7CB6, 0x7455, 0x63F4, 0x5BD3, 0x5BB3, 0x4B72, 0x5BF4, 0x7496, 0x9559, 0xA5BA, 0xA5DB,
  0xADDB, 0xC63C, 0xC61C, 0xDEDD, 0xC61C, 0xAD3B, 0xC61C, 0xC63D, 0xE69C, 0x8E3F, 0x1290, 0x0000,
  0x755E, 0xCD9D, 0xB57C, 0xAD3B, 0x9CBB, 0x949A, 0xA4FB, 0xBD9D, 0xCDFE, 0xD63E, 0xD63E, 0xD63E,
  0xCE1E, 0xCDFD, 0xC5FD, 0xB5FC, 0xB5FC, 0xB61B, 0xBE7C, 0xCEDD, 0xCEDD, 0xC69C, 0xC67C, 0xC69C,
  0xC69C, 0xB63C, 0xA5FB, 0x95BB, 0x855A, 0x7D19, 0x74D9, 0x74D8, 0x74D8, 0x5437, 0x6498, 0x7D19,
  0x8539, 0x8539, 0x7D18, 0x8518, 0x7CF8, 0x74B7, 0x6CB7, 0x6CD8, 0x74F8, 0x7D39, 0xA61B, 0xEF7E,
  0xE73E, 0xDF1E, 0xDF1E, 0xDF3E, 0xD6FD, 0xC69C, 0xBE9C, 0xC6BD, 0x959A, 0x1AB2, 0x1271, 0x1A91,
  0x1A4F, 0x1A2F, 0x1A30, 0x1A2F, 0x1A30, 0x1A2F, 0x224E, 0x2A90, 0x3AF1, 0x3B12, 0x53B3, 0x5BF4,
  0x5BD4, 0x5BF4, 0x5C15, 0x5C15, 0x74B7, 0x8D79, 0x8539, 0x7CF8, 0x74F8, 0x74F8, 0x74D8, 0x74D8,
  0x7D19, 0x8539, 0x8539, 0x7D19, 0x7D19, 0x7519, 0x7D19, 0x74F9, 0x7D19, 0x74F9, 0x6498, 0x5C78,
  0x5458, 0x5438, 0x5438, 0x4C18, 0x4C18, 0x3BD7, 0x43D7, 0x43D7, 0x4C59, 0x4C59, 0x4438, 0x3BD7,
  0x3396, 0x3355, 0x2B14, 0x2B15, 0x2B36, 0x2B36, 0x3397, 0x43F8, 0x43F8, 0x4418, 0x4C38, 0x4C18,
  0x4C38, 0x5438, 0x5458, 0x4C38, 0x5458, 0x5C99, 0x5C99, 0x5458, 0x5437, 0x5437, 0x5417, 0x4BF6,
  0x4C17, 0x5437, 0x5C57, 0x5437, 0x5437, 0x5437, 0x4BF7, 0x43D6, 0x4BF7, 0x3B96, 0x2AF3, 0x2292,
  0x1A50, 0x11CE, 0x096C, 0x010A, 0x010A, 0x00E9, 0x00EA, 0x010B, 0x010B, 0x012B, 0x012B, 0x012A,
  0x012A, 0x00E8, 0x00C8, 0x00A7, 0x00C7, 0x00C7, 0x00E8, 0x0108, 0x00E8, 0x0108, 0x0929, 0x0929,
  0x00C7, 0x2A90, 0xA69F, 0xA69E, 0x7DDD, 0x8DBB, 0xAE3C, 0xAE3C, 0xB65C, 0xA63C, 0xB67C, 0xBE9D,
  0xA65D, 0xB6DE, 0xC6FE, 0xCEFE, 0xC6DD, 0xBE9D, 0xBE7C, 0xCEDD, 0xCEDD, 0xD6FE, 0xD71E, 0xD71E,
  0xD6FE, 0xD6DD, 0xDF1D, 0xDF1E, 0xD6FE, 0xD71E, 0xD71E, 0x2A6F, 0x014B, 0x0129, 0x0109, 0x09AC,
  0x09AC, 0x4B94, 0x8539, 0x8539, 0x8D59, 0x9D99, 0x9D79, 0x9558, 0x9D79, 0xA5B9, 0x9559, 0x8D38,
  0x8D18, 0x84D6, 0x7475, 0x6C55, 0x7C96, 0x7496, 0x5C15, 0x6455, 0x7496, 0x6C76, 0x6C97, 0x6C97,
  0x74F8, 0x8D59, 0x8D59, 0x8519, 0x7478, 0x6C17, 0x9D5A, 0xADBB, 0xC61B, 0x75DF, 0x122E, 0x0000,
  0x6D3E, 0xC57C, 0xB55B, 0xA51B, 0x9CDB, 0xA4FB, 0xAD3C, 0xC5BD, 0xD61E, 0xD61E, 0xCE1E, 0xC5DD,
  0xC5DD, 0xC63D, 0xC67D, 0xBE7C, 0xBE7C, 0xBE7C, 0xBE9D, 0xBE7C, 0xAE3C, 0xA61C, 0xA5FB, 0x95BB,
  0x8D9A, 0x855A, 0x7D5A, 0x857A, 0x8559, 0x7D19, 0x7D19, 0x855A, 0x8D7A, 0x8D7A, 0x95BB, 0x9DDB,
  0xA63C, 0xAE5C, 0xA63C, 0xA61C, 0xA63C, 0x9E1C, 0x95DC, 0x8DBC, 0x95DC, 0xA63C, 0xC6BD, 0xD6FD,
  0xCEDD, 0xBE9C, 0xBE7C, 0xBE5C, 0xADFB, 0x957A, 0x7CF9, 0x6457, 0x4395, 0x22D3, 0x1A50, 0x11EE,
  0x1A0E, 0x2270, 0x32F1, 0x3B53, 0x4B94, 0x53D5, 0x4BB4, 0x4BB4, 0x53D4, 0x53D4, 0x4B93, 0x4B93,
  0x4B93, 0x4B73, 0x4B93, 0x4B93, 0x6435, 0x8518, 0x8539, 0x7D18, 0x74D8, 0x74D8, 0x7CD8, 0x7CF8,
  0x7CF8, 0x74F8, 0x7CF8, 0x7D18, 0x6CB7, 0x6C97, 0x6C98, 0x5C57, 0x5416, 0x4BD6, 0x43D6, 0x3B95,
  0x3375, 0x2B14, 0x3B75, 0x3BD6, 0x3B96, 0x3375, 0x3396, 0x3355, 0x3354, 0x3B75, 0x3375, 0x2AF3,
  0x2B13, 0x3314, 0x3354, 0x3B75, 0x43D6, 0x5417, 0x5416, 0x5416, 0x4BF6, 0x4BD5, 0x5416, 0x5437,
  0x5416, 0x4BF6, 0x5416, 0x4BF6, 0x4BF6, 0x5416, 0x5416, 0x5416, 0x5436, 0x5416, 0x53F6, 0x5437,
  0x4C17, 0x4BF6, 0x43B5, 0x3B54, 0x2AF2, 0x2270, 0x1A0E, 0x11CD, 0x096C, 0x012A, 0x00E9, 0x0109,
  0x010A, 0x012A, 0x012A, 0x094B, 0x094B, 0x096B, 0x096C, 0x094A, 0x092A, 0x094B, 0x0109, 0x0108,
  0x00E8, 0x00E9, 0x0109, 0x00E8, 0x00C7, 0x00A7, 0x00A7, 0x00E9, 0x00E8, 0x00C7, 0x00C7, 0x0109,
  0x00E8, 0x328F, 0xC6FF, 0xD73E, 0xBEFF, 0xAEDF, 0xC71F, 0xCF3F, 0xCF3F, 0xBF3F, 0xB6FF, 0xAEFF,
  0x9E9F, 0xA6BF, 0x8DBB, 0x8538, 0xD73F, 0xCEDD, 0xD6FD, 0xD6FD, 0xCEFD, 0xCEDD, 0xCEDD, 0xCEDD,
  0xCEBD, 0xCEDD, 0xD6FD, 0xD6FD, 0xD6FD, 0xE77F, 0x7434, 0x0046, 0x198B, 0x5312, 0x4AF1, 0x096B,
  0x00E8, 0x220D, 0x9DBB, 0xA5BA, 0x9DBA, 0xADFA, 0xB61B, 0xA5DA, 0xA5DA, 0x9DBA, 0x9D9A, 0x9579,
  0x8D58, 0x8D38, 0x8D18, 0x8518, 0x8518, 0x6C76, 0x5BF4, 0x6415, 0x6C76, 0x6C76, 0x6C76, 0x5C35,
  0x4B93, 0x3B12, 0x2290, 0x11EE, 0x09EE, 0x1A70, 0x2B12, 0x4394, 0x4B73, 0x3CBD, 0x11CC, 0x0000,
  0x64FE, 0xB55B, 0xAD1B, 0xAD1B, 0xAD1B, 0xAD3B, 0xB55C, 0xC5BD, 0xCDFD, 0xC5DD, 0xBDBC, 0xAD7C,
  0xAD7B, 0xB5FC, 0xC69D, 0xCEFD, 0xD6FD, 0xD6FD, 0xD6FD, 0xCEFD, 0xC6BD, 0xBE9D, 0xB69D, 0xB67C,
  0xA63C, 0x9E1C, 0xAE5D, 0xAE7D, 0xAE5D, 0xB67D, 0xBE9D, 0xB69D, 0xBE9D, 0xBEBE, 0xBEBD, 0xBEBD,
  0xBE9D, 0xBE9D, 0xB67D, 0xA63C, 0x9DFC, 0x9DFC, 0x8DBB, 0x857B, 0x6CD9, 0x6CB8, 0x6CB8, 0x6498,
  0x5C37, 0x4C16, 0x5437, 0x4BF6, 0x4BF6, 0x4BF6, 0x43D6, 0x43B5, 0x4BD5, 0x5436, 0x5416, 0x53F5,
  0x5416, 0x5C56, 0x6477, 0x5C36, 0x5415, 0x4BD4, 0x53D4, 0x53B4, 0x53B4, 0x53D4, 0x53D4, 0x53B3,
  0x4B73, 0x4B93, 0x53D4, 0x4B93, 0x74B7, 0x9DBA, 0x7D18, 0x74D8, 0x74B7, 0x74B7, 0x6C97, 0x6477,
  0x6477, 0x6477, 0x5C36, 0x5416, 0x5416, 0x5436, 0x5416, 0x4BF6, 0x43B5, 0x3B95, 0x3B74, 0x43D6,
  0x4BF6, 0x43F7, 0x43F7, 0x43D7, 0x3BD7, 0x3376, 0x3376, 0x3376, 0x3375, 0x3B74, 0x3B75, 0x3B95,
  0x3354, 0x3375, 0x3B96, 0x3B96, 0x3B95, 0x4BD6, 0x4BD6, 0x43B5, 0x43B5, 0x43B5, 0x4BD6, 0x43D6,
  0x4395, 0x4395, 0x3B95, 0x43B5, 0x4395, 0x3B74, 0x3B74, 0x3B74, 0x3333, 0x2AF2, 0x22B2, 0x2271,
  0x1A30, 0x09CE, 0x09AE, 0x09AD, 0x018D, 0x016C, 0x016C, 0x018D, 0x016C, 0x014B, 0x094B, 0x016C,
  0x016C, 0x012A, 0x0109, 0x010A, 0x010A, 0x010A, 0x010A, 0x010A, 0x012A, 0x0109, 0x0109, 0x0109,
  0x0109, 0x0109, 0x00E9, 0x00C8, 0x00C7, 0x00C8, 0x08E8, 0x1149, 0x19CB, 0x2A6E, 0x3AF0, 0x5372,
  0x6C35, 0x84F7, 0xD71D, 0xEF9F, 0xEF9F, 0xE79F, 0xE77F, 0xDF1E, 0xCEDE, 0xCEDE, 0xBEDE, 0xBEDF,
  0xBEDF, 0xB6BE, 0x4BB4, 0x012A, 0x84F7, 0xE75F, 0xE75E, 0xE75E, 0xE75E, 0xE75E, 0xE75E, 0xDF3E,
  0xDF3E, 0xDF3E, 0xDF3E, 0xDF5E, 0xE77F, 0x9559, 0x092A, 0x52B0, 0x9CBA, 0xD63F, 0xBDDD, 0x42F1,
  0x5353, 0x19AB, 0x5392, 0xB65C, 0xB63B, 0xBE5B, 0xBE5B, 0xBE7C, 0xB63B, 0xAE1B, 0xADFB, 0xA5BA,
  0x9D99, 0x9579, 0x8D59, 0x8539, 0x6C77, 0x5BF4, 0x6456, 0x5C15, 0x4B93, 0x32D0, 0x11CC, 0x096B,
  0x010B, 0x010B, 0x014C, 0x098D, 0x1A30, 0x2AD2, 0x4394, 0x5C16, 0x5BF5, 0x44FE, 0x1189, 0x0000,
  0x54DE, 0xA51A, 0x9CFA, 0xA51B, 0xAD3B, 0xB55C, 0xBD9C, 0xBDBC, 0xBDDC, 0xBDDC, 0xB5BC, 0xAD9B,
  0xA57B, 0xADDB, 0xC67C, 0xD6FD, 0xDF1D, 0xE73E, 0xE75E, 0xDF3E, 0xD71E, 0xCEDD, 0xBEBD, 0xBE9D,
  0xB67D, 0xAE5D, 0xBE9D, 0xBE9D, 0xBE9D, 0xBE9D, 0xBEBD, 0xB69D, 0xB67D, 0xB69D, 0xB69D, 0xB69D,
  0xB67D, 0xAE5D, 0xA61D, 0x95DC, 0x8D9B, 0x8D9B, 0x857B, 0x959B, 0x6CD8, 0x5C57, 0x6477, 0x6457,
  0x5C57, 0x5C57, 0x6CB8, 0x74F8, 0x6498, 0x6CB8, 0x6CB8, 0x6497, 0x6477, 0x6497, 0x6C97, 0x6C97,
  0x5C36, 0x53F5, 0x53F5, 0x4BD4, 0x4BB4, 0x4394, 0x4374, 0x3B32, 0x2AD1, 0x2AD1, 0x2AF2, 0x2270,
  0x11EE, 0x11EE, 0x1A0E, 0x1A0E, 0x2AB1, 0x3B54, 0x3B53, 0x3B74, 0x3B74, 0x43B5, 0x5416, 0x4BF6,
  0x53F5, 0x53F6, 0x5416, 0x5416, 0x6477, 0x6498, 0x6C98, 0x6CB8, 0x6497, 0x5C57, 0x4BF6, 0x4BF6,
  0x3B95, 0x3334, 0x2AF3, 0x2B14, 0x3334, 0x3334, 0x3334, 0x3B75, 0x3B75, 0x3333, 0x3333, 0x3B74,
  0x43B5, 0x43D5, 0x3B75, 0x3B75, 0x3B94, 0x3333, 0x3354, 0x3333, 0x3B74, 0x43B5, 0x4395, 0x4BD5,
  0x43B5, 0x3B54, 0x3B54, 0x3B54, 0x3313, 0x2AD2, 0x2AB1, 0x2270, 0x1A50, 0x2270, 0x1A50, 0x1A2F,
  0x19EE, 0x11ED, 0x096B, 0x098B, 0x096C, 0x096B, 0x096C, 0x11AD, 0x11AC, 0x11AD, 0x11EE, 0x1A0F,
  0x11EE, 0x11EE, 0x1A2F, 0x1A50, 0x2271, 0x2291, 0x22B1, 0x2AF3, 0x2270, 0x11EE, 0x11CE, 0x09AD,
  0x098C, 0x11EE, 0x2270, 0x32F2, 0x3AF0, 0x4311, 0x4B31, 0x5392, 0x5BF4, 0x6C76, 0x7496, 0x7CD7,
  0x84F7, 0x8D38, 0xAE3C, 0xC6BD, 0xD71E, 0xE77F, 0xE77F, 0xE77F, 0xE75F, 0xD6FE, 0xC69C, 0xB61A,
  0x84F7, 0x53B4, 0x1A0F, 0x11AC, 0x19CC, 0x6C14, 0xD6DC, 0xF79F, 0xEF9F, 0xEF9F, 0xEF9F, 0xEF7E,
  0xE75E, 0xDF3E, 0xDF1E, 0xADFB, 0x5BF4, 0x118C, 0x8456, 0xD65F, 0xBDBD, 0x9D3A, 0xA57A, 0xC61D,
  0xD65F, 0x9D1A, 0x4B52, 0xA5DA, 0xDF5E, 0xD6FD, 0xD6FD, 0xD6FD, 0xCEBD, 0xC69C, 0xC69C, 0xBE7C,
  0xB63B, 0xB63B, 0xBE7C, 0x8519, 0x4373, 0x3B12, 0x2A90, 0x19CD, 0x19CC, 0x19ED, 0x11EE, 0x1A2F,
  0x3B12, 0x4353, 0x4B73, 0x5BF5, 0x6C76, 0x7CD8, 0x7CD8, 0x7497, 0x6C97, 0x553E, 0x1127, 0x0000,
  0x4CDF, 0x951A, 0x9CFA, 0xAD3B, 0xB57C, 0xBDBC, 0xBDBC, 0xB59C, 0xAD9B, 0xA59B, 0xADBB, 0xADBB,
  0xB5BB, 0xB5DC, 0xBE1C, 0xC67C, 0xCEBD, 0xD6FD, 0xDF1E, 0xDF3E, 0xE73E, 0xDF1E, 0xD6FD, 0xCEDD,
  0xC6BD, 0xBE9D, 0xC6BD, 0xC6BE, 0xCEDE, 0xCEDD, 0xC6DE, 0xC6DE, 0xC6DE, 0xBE9D, 0xB65D, 0xAE5D,
  0xA63C, 0x9DFC, 0x8D9B, 0x7D5A, 0x6CD9, 0x6499, 0x6498, 0x6CD9, 0x7519, 0x5C57, 0x4BF5, 0x3333,
  0x2AB1, 0x2AB1, 0x22B1, 0x2291, 0x1A50, 0x1A50, 0x2271, 0x2AF2, 0x3333, 0x3313, 0x3B74, 0x4394,
  0x43B4, 0x4394, 0x3B53, 0x32F2, 0x3B32, 0x3313, 0x2AF2, 0x2AD2, 0x2AD2, 0x32F2, 0x3312, 0x2AD1,
  0x2AF2, 0x32F2, 0x3B12, 0x32D1, 0x2A90, 0x2AB1, 0x2270, 0x2291, 0x22B2, 0x2291, 0x2291, 0x22B1,
  0x1A71, 0x1A50, 0x1A70, 0x1A91, 0x1A91, 0x1A92, 0x22B2, 0x22D2, 0x22D2, 0x2AD2, 0x2B13, 0x3313,
  0x3B54, 0x3B74, 0x3B74, 0x4394, 0x4BF6, 0x4BF6, 0x43D5, 0x43B5, 0x43B5, 0x4395, 0x4394, 0x43B5,
  0x43B5, 0x43D5, 0x4394, 0x3B54, 0x3333, 0x3333, 0x3B75, 0x3B95, 0x43B5, 0x43B5, 0x3B94, 0x3B54,
  0x2AF2, 0x22B1, 0x1A50, 0x1A4F, 0x122F, 0x11EE, 0x098C, 0x09AD, 0x09AD, 0x09AD, 0x09AD, 0x09AD,
  0x098C, 0x098C, 0x098C, 0x098C, 0x098C, 0x098D, 0x098D, 0x11CE, 0x11AD, 0x11CD, 0x11EE, 0x120F,
  0x11EE, 0x11EE, 0x120F, 0x09EE, 0x09CE, 0x09CF, 0x09AE, 0x09AD, 0x09CE, 0x120F, 0x1A50, 0x22B1,
  0x3333, 0x4394, 0x4BF6, 0x5416, 0x4B72, 0x4B51, 0x4B31, 0x4B30, 0x4B51, 0x5372, 0x5BB3, 0x63D3,
  0x5BD3, 0x6C96, 0x855A, 0x857A, 0x7D39, 0x74D8, 0x6457, 0x4BB4, 0x4353, 0x2A90, 0x2270, 0x3B32,
  0x53F5, 0x6C76, 0x7CF8, 0x7495, 0x7C95, 0x84D6, 0xBE7B, 0xEF9F, 0xEF7E, 0xEF7E, 0xEF7E, 0xEF7E,
  0xEF7E, 0xEF9F, 0xEF9F, 0x7475, 0x19EC, 0x222C, 0x94D7, 0xBDDC, 0xBDDC, 0xA559, 0xADB9, 0xCE3D,
  0xB57B, 0xBDDC, 0x9D59, 0xB63B, 0xD6FE, 0xDF3E, 0xDF3E, 0xD71E, 0xD6FD, 0xD6FD, 0xD6FD, 0xD6FD,
  0xCEDD, 0xC69D, 0xAE1C, 0x6C98, 0x1A30, 0x096B, 0x014B, 0x014B, 0x094A, 0x1A0E, 0x32F2, 0x4394,
  0x5415, 0x53F6, 0x4BD5, 0x5C36, 0x5C36, 0x6457, 0x6477, 0x6456, 0x5C57, 0x44DD, 0x08A4, 0x0000,
  0x449D, 0x953B, 0xA51A, 0xAD5B, 0xBD9C, 0xBDBD, 0xB59C, 0xA55B, 0x8D19, 0x8519, 0x9559, 0xA59A,
  0xADBB, 0xB5DC, 0xB5DC, 0xB5DB, 0xADFB, 0xAE1B, 0xAE1B, 0xB63B, 0xB63B, 0xB63B, 0xB63B, 0xBE3B,
  0xC67C, 0xBE7D, 0xBE7D, 0xC67D, 0xBE7D, 0xBE5D, 0xAE3C, 0xA5FC, 0x95BB, 0x8D7A, 0x857A, 0x7D3A,
  0x7519, 0x7519, 0x74F9, 0x7519, 0x6CF9, 0x74F9, 0x64B9, 0x5C78, 0x5C57, 0x43F6, 0x2B34, 0x22B2,
  0x1A51, 0x1250, 0x1230, 0x09EE, 0x120F, 0x1230, 0x1A51, 0x22B2, 0x22D2, 0x22D2, 0x2AD2, 0x22B2,
  0x1A71, 0x1250, 0x122F, 0x122F, 0x1A70, 0x2290, 0x2AD1, 0x3B53, 0x4BD5, 0x53F5, 0x4B94, 0x4B93,
  0x4BB4, 0x4B93, 0x4373, 0x4352, 0x4373, 0x53F5, 0x4373, 0x3B74, 0x3B54, 0x3313, 0x2AF2, 0x3312,
  0x3333, 0x3312, 0x32F2, 0x3313, 0x2AF2, 0x3333, 0x3B54, 0x3B33, 0x3312, 0x3333, 0x3B53, 0x3B53,
  0x4394, 0x43B5, 0x43B5, 0x43B4, 0x4BD5, 0x4BD5, 0x4394, 0x3B54, 0x3333, 0x3333, 0x3333, 0x3B33,
  0x3B74, 0x4394, 0x3B74, 0x3313, 0x2AF2, 0x2AF3, 0x22D2, 0x22F3, 0x2B14, 0x22D3, 0x22B2, 0x2291,
  0x2AD2, 0x22D2, 0x1A70, 0x1A70, 0x1A50, 0x11EE, 0x11EE, 0x096C, 0x096B, 0x096C, 0x012B, 0x012A,
  0x012B, 0x012A, 0x016C, 0x09CE, 0x11EF, 0x1230, 0x1A71, 0x22B2, 0x22D2, 0x2B13, 0x3334, 0x3334,
  0x2AD2, 0x22B2, 0x2291, 0x1A50, 0x1A50, 0x2271, 0x2291, 0x2291, 0x2AD2, 0x32F2, 0x3312, 0x3B53,
  0x4374, 0x3B53, 0x32F1, 0x32D1, 0x32AF, 0x328E, 0x3AAF, 0x3ACF, 0x42F0, 0x4310, 0x4310, 0x4310,
  0x42EF, 0x4B93, 0x53F5, 0x4373, 0x2AD1, 0x2270, 0x1A50, 0x120F, 0x09CE, 0x2AB1, 0x6477, 0x7D19,
  0x8D79, 0x8D79, 0x7CF7, 0x63F3, 0x7C96, 0xA5FB, 0xBE7C, 0xB67C, 0xBE7C, 0xC69D, 0xCEDD, 0xC6BD,
  0xBE7C, 0xA5FB, 0x8539, 0x857A, 0x5C14, 0x19EB, 0x5BB2, 0xB63C, 0xCEBD, 0x8CF7, 0x6C13, 0xA5BB,
  0xBE1C, 0xA59A, 0x8D18, 0xA5BB, 0x9DBB, 0xA5FB, 0xA61B, 0x9DDB, 0x9DDB, 0x9DDB, 0x8D7A, 0x7D19,
  0x5C37, 0x2AF3, 0x1251, 0x2292, 0x2AB1, 0x2290, 0x3312, 0x4394, 0x53F5, 0x5C36, 0x6477, 0x6477,
  0x5416, 0x4BD5, 0x4395, 0x3B54, 0x3B54, 0x3B74, 0x4394, 0x43B4, 0x4C17, 0x3C7B, 0x0021, 0x0000,
  0x33FA, 0x8D3C, 0xAD3A, 0xB57C, 0xBD9C, 0xB5BC, 0xADBC, 0x955A, 0x7CF8, 0x7CF8, 0x8518, 0x9D7A,
  0xA59A, 0xA59B, 0xAD9B, 0x9D3B, 0x84D9, 0x74B8, 0x6457, 0x5C57, 0x5C57, 0x5C36, 0x6477, 0x7CD9,
  0x953A, 0x9D5B, 0x9D7B, 0xA59C, 0xA59C, 0x9D7B, 0x8D3B, 0x7D1A, 0x6CF9, 0x6CF9, 0x751A, 0x751A,
  0x751A, 0x751A, 0x74FA, 0x74FA, 0x6CD9, 0x64B9, 0x5C78, 0x4C17, 0x43D6, 0x43B5, 0x43B5, 0x43B5,
  0x4BF6, 0x43B5, 0x43B5, 0x4BF6, 0x5416, 0x5C57, 0x5416, 0x43B5, 0x4395, 0x4BD5, 0x4BF6, 0x53F6,
  0x43B5, 0x4BD5, 0x4BF5, 0x5C36, 0x5C56, 0x5C15, 0x53F5, 0x53F5, 0x4BD4, 0x4393, 0x3B53, 0x3B33,
  0x3312, 0x2AD1, 0x2290, 0x2290, 0x3332, 0x5436, 0x5416, 0x4BF6, 0x4BF6, 0x4BD6, 0x3B74, 0x3313,
  0x3333, 0x3B74, 0x3B74, 0x4394, 0x4BD5, 0x43B5, 0x4BD5, 0x4BD5, 0x43B5, 0x4BD5, 0x43B5, 0x4394,
  0x4BD5, 0x5436, 0x5436, 0x5417, 0x5457, 0x5C78, 0x5C78, 0x4C37, 0x43F7, 0x43D7, 0x3396, 0x3355,
  0x2AF4, 0x22D3, 0x1AB3, 0x22D3, 0x22D3, 0x22F3, 0x22F4, 0x2B14, 0x2B34, 0x2B35, 0x2B14, 0x22D3,
  0x22D3, 0x22D3, 0x22D3, 0x1250, 0x1A71, 0x1A50, 0x1230, 0x1230, 0x1A30, 0x1230, 0x1230, 0x1A50,
  0x22B2, 0x2AD3, 0x2B14, 0x3355, 0x3375, 0x3B95, 0x3354, 0x3354, 0x43B6, 0x3B96, 0x2B34, 0x2AF3,
  0x22D3, 0x1AB2, 0x1A92, 0x1A92, 0x2292, 0x2292, 0x22B2, 0x2292, 0x1A91, 0x2291, 0x2291, 0x2AB2,
  0x2AF2, 0x3313, 0x3312, 0x32D1, 0x2A6E, 0x328E, 0x32AF, 0x328F, 0x224E, 0x21EC, 0x11AB, 0x11AB,
  0x11CC, 0x2270, 0x3313, 0x3B33, 0x3B74, 0x43B5, 0x43B5, 0x43B5, 0x43B5, 0x3B95, 0x3B74, 0x4394,
  0x4394, 0x4BB4, 0x4B94, 0x4352, 0x74D8, 0x855A, 0x855A, 0x7D3A, 0x7D3A, 0x7D3A, 0x6CB9, 0x5437,
  0x43D6, 0x43D7, 0x5C79, 0x6CFA, 0x7D5B, 0x3B32, 0x32AF, 0x4B93, 0x74B8, 0x8DBC, 0x6C97, 0x4373,
  0x4BB4, 0x6477, 0x853A, 0x8D7B, 0x8D9B, 0x857B, 0x753A, 0x6CD9, 0x5458, 0x4C17, 0x43F7, 0x3BD7,
  0x4C18, 0x6498, 0x6CD9, 0x753A, 0x753A, 0x64B9, 0x6498, 0x6498, 0x5C78, 0x5C78, 0x5438, 0x4C17,
  0x4C17, 0x43F7, 0x43D6, 0x43B6, 0x3BB5, 0x4395, 0x4395, 0x4BD6, 0x549B, 0x3BF8, 0x0000, 0x0000,
  0x2376, 0x6C9B, 0x9C77, 0x9CB8, 0x9457, 0x83F5, 0x6B92, 0x52EF, 0x322B, 0x29C9, 0x29CA, 0x3A2B,
  0x428D, 0x52EF, 0x5B11, 0x6352, 0x5311, 0x3A6E, 0x2A0C, 0x29EB, 0x29EB, 0x320B, 0x3A6D, 0x52F0,
  0x5B31, 0x6372, 0x6B72, 0x6B73, 0x6B72, 0x5B31, 0x52CF, 0x428D, 0x322C, 0x29CA, 0x21A9, 0x21A9,
  0x21A9, 0x2189, 0x1968, 0x1148, 0x1168, 0x1148, 0x1148, 0x1148, 0x1968, 0x1968, 0x1989, 0x21A9,
  0x21A9, 0x1988, 0x21A9, 0x29EA, 0x31E9, 0x31E9, 0x29C9, 0x2188, 0x1988, 0x21A9, 0x29C9, 0x21A8,
  0x21A8, 0x29E9, 0x2189, 0x21A9, 0x2188, 0x1968, 0x1948, 0x1127, 0x1107, 0x1107, 0x1127, 0x1107,
  0x0906, 0x08E6, 0x08E6, 0x08E6, 0x0907, 0x1148, 0x1948, 0x1147, 0x1948, 0x1988, 0x1968, 0x1948,
  0x1948, 0x1989, 0x1989, 0x21A9, 0x21A9, 0x21A9, 0x1989, 0x1988, 0x1988, 0x1968, 0x1948, 0x1948,
  0x1968, 0x1968, 0x1989, 0x1968, 0x1989, 0x19A9, 0x21AA, 0x21CA, 0x21AA, 0x19AA, 0x198A, 0x1989,
  0x1148, 0x0928, 0x0908, 0x1169, 0x1169, 0x1169, 0x1169, 0x1148, 0x1149, 0x1148, 0x1149, 0x1169,
  0x1169, 0x198A, 0x19CA, 0x1148, 0x1169, 0x1169, 0x1169, 0x19AA, 0x19AA, 0x1169, 0x1989, 0x1989,
  0x19AA, 0x21CA, 0x19AA, 0x19AA, 0x1989, 0x1148, 0x1148, 0x1169, 0x19A9, 0x1169, 0x0928, 0x0928,
  0x0928, 0x1148, 0x1149, 0x1149, 0x1169, 0x1128, 0x1148, 0x1149, 0x0928, 0x0928, 0x1128, 0x1128,
  0x0908, 0x1128, 0x1148, 0x1127, 0x1106, 0x1947, 0x1947, 0x1107, 0x08C6, 0x00A5, 0x0085, 0x0085,
  0x00C6, 0x0907, 0x1128, 0x1148, 0x1169, 0x1989, 0x1969, 0x1969, 0x198A, 0x19AA, 0x1169, 0x1128,
  0x0907, 0x08E7, 0x1128, 0x19AA, 0x324C, 0x324C, 0x2A2B, 0x21EB, 0x21CB, 0x118A, 0x0929, 0x1149,
  0x21CB, 0x2A4C, 0x3A6D, 0x324C, 0x3A6D, 0x2A0C, 0x1148, 0x1148, 0x21AA, 0x322C, 0x29EB, 0x1127,
  0x1148, 0x2A0B, 0x3A6D, 0x42AD, 0x42CE, 0x2A2D, 0x19CB, 0x19EC, 0x222D, 0x2A6E, 0x3AAE, 0x42EF,
  0x5330, 0x4B0F, 0x42EF, 0x42CF, 0x42EF, 0x3A8E, 0x2A4D, 0x2A4D, 0x2A4E, 0x2A6E, 0x326E, 0x2A2D,
  0x2A4D, 0x2A4D, 0x2A6E, 0x326E, 0x326E, 0x326E, 0x3AAF, 0x3A8D, 0x4418, 0x2B75, 0x0000, 0x0000,
  0x2313, 0x64BB, 0x8C15, 0x8416, 0x7372, 0x52AE, 0x39EA, 0x2147, 0x08A4, 0x0042, 0x0042, 0x0883,
  0x10C5, 0x2127, 0x29A9, 0x422C, 0x4A6E, 0x424D, 0x3A0B, 0x31CA, 0x2989, 0x2989, 0x31A9, 0x31CA,
  0x31EA, 0x39EB, 0x39EB, 0x39EB, 0x39EA, 0x31CA, 0x2989, 0x2127, 0x18E5, 0x10A4, 0x0862, 0x0042,
  0x0042, 0x0042, 0x0042, 0x0042, 0x0042, 0x0042, 0x0042, 0x0042, 0x0042, 0x0042, 0x0042, 0x0021,
  0x0021, 0x0021, 0x0042, 0x0021, 0x0021, 0x0021, 0x0021, 0x0042, 0x0042, 0x0022, 0x0021, 0x0021,
  0x0021, 0x0021, 0x0022, 0x0041, 0x0021, 0x0042, 0x0042, 0x0042, 0x0042, 0x0042, 0x0042, 0x0042,
  0x0842, 0x0842, 0x0842, 0x0842, 0x0842, 0x0041, 0x0041, 0x0041, 0x0021, 0x0021, 0x0021, 0x0021,
  0x0021, 0x0021, 0x0021, 0x0021, 0x0021, 0x0021, 0x0021, 0x0021, 0x0021, 0x0021, 0x0021, 0x0021,
  0x0021, 0x0021, 0x0021, 0x0021, 0x0021, 0x0001, 0x0001, 0x0001, 0x0001, 0x0021, 0x0021, 0x0021,
  0x0021, 0x0021, 0x0021, 0x0021, 0x0021, 0x0021, 0x0021, 0x0021, 0x0021, 0x0021, 0x0021, 0x0021,
  0x0021, 0x0001, 0x0001, 0x0021, 0x0001, 0x0001, 0x0021, 0x0001, 0x0001, 0x0021, 0x0001, 0x0001,
  0x0001, 0x0001, 0x0001, 0x0001, 0x0021, 0x0021, 0x0021, 0x0021, 0x0001, 0x0021, 0x0021, 0x0021,
  0x0021, 0x0021, 0x0021, 0x0021, 0x0021, 0x0021, 0x0021, 0x0021, 0x0021, 0x0021, 0x0021, 0x0021,
  0x0021, 0x0001, 0x0000, 0x0001, 0x0001, 0x0000, 0x0000, 0x0000, 0x0021, 0x0021, 0x0021, 0x0042,
  0x0042, 0x0042, 0x0042, 0x0042, 0x0862, 0x0863, 0x0862, 0x0862, 0x0062, 0x0062, 0x0062, 0x0862,
  0x0862, 0x0863, 0x0863, 0x0063, 0x0042, 0x0042, 0x0022, 0x0042, 0x0042, 0x0062, 0x0883, 0x08A3,
  0x08A4, 0x08A4, 0x0884, 0x08A4, 0x08A4, 0x10C4, 0x10E5, 0x10C4, 0x0883, 0x0042, 0x0042, 0x0883,
  0x08A4, 0x08A4, 0x08A4, 0x08A4, 0x08A4, 0x08A4, 0x10C4, 0x10E5, 0x10E5, 0x10E5, 0x10E5, 0x1105,
  0x1106, 0x1906, 0x1906, 0x1906, 0x1926, 0x1926, 0x1926, 0x1946, 0x2146, 0x2147, 0x2147, 0x2147,
  0x2147, 0x2167, 0x2167, 0x2188, 0x2188, 0x2188, 0x2188, 0x2146, 0x3BD7, 0x22B1, 0x0000, 0x0000,
  0x1A6E, 0x651D, 0x9416, 0x7BF5, 0x6331, 0x4A6D, 0x31A9, 0x1906, 0x10C4, 0x08A4, 0x08A4, 0x10C5,
  0x1906, 0x2147, 0x31C9, 0x422C, 0x52AF, 0x5AF0, 0x5AF0, 0x52AF, 0x424D, 0x3A0C, 0x31EA, 0x2989,
  0x2167, 0x2147, 0x2147, 0x2147, 0x2147, 0x2147, 0x2147, 0x1926, 0x1906, 0x10C5, 0x08A4, 0x0883,
  0x0883, 0x0883, 0x0883, 0x0883, 0x0883, 0x0863, 0x0883, 0x0883, 0x0883, 0x0883, 0x0883, 0x0883,
  0x0883, 0x0883, 0x0883, 0x0883, 0x0883, 0x0883, 0x0883, 0x0883, 0x0883, 0x0883, 0x0883, 0x0883,
  0x0883, 0x0883, 0x0883, 0x0883, 0x0883, 0x0863, 0x0883, 0x0883, 0x0863, 0x0863, 0x0863, 0x0863,
  0x0863, 0x0863, 0x0863, 0x0863, 0x0863, 0x0863, 0x0862, 0x0863, 0x0862, 0x0862, 0x0862, 0x0862,
  0x0862, 0x0862, 0x0862, 0x0862, 0x0862, 0x0862, 0x0862, 0x0062, 0x0062, 0x0862, 0x0062, 0x0062,
  0x0062, 0x0062, 0x0062, 0x0062, 0x0063, 0x0062, 0x0062, 0x0063, 0x0063, 0x0062, 0x0062, 0x0062,
  0x0062, 0x0062, 0x0062, 0x0063, 0x0062, 0x0062, 0x0062, 0x0062, 0x0062, 0x0062, 0x0062, 0x0042,
  0x0062, 0x0062, 0x0062, 0x0042, 0x0062, 0x0062, 0x0042, 0x0042, 0x0062, 0x0042, 0x0062, 0x0062,
  0x0062, 0x0062, 0x0062, 0x0062, 0x0063, 0x0063, 0x0063, 0x0063, 0x0063, 0x0062, 0x0062, 0x0042,
  0x0062, 0x0062, 0x0062, 0x0062, 0x0063, 0x0063, 0x0062, 0x0062, 0x0042, 0x0042, 0x0042, 0x0042,
  0x0042, 0x0042, 0x0042, 0x0042, 0x0042, 0x0042, 0x0042, 0x0042, 0x0042, 0x0042, 0x0062, 0x0063,
  0x0063, 0x0883, 0x0884, 0x08A4, 0x08A4, 0x08A4, 0x08A4, 0x08A4, 0x0883, 0x0883, 0x0883, 0x0883,
  0x0883, 0x0883, 0x0883, 0x0883, 0x0883, 0x0063, 0x0063, 0x0063, 0x0063, 0x0884, 0x08A4, 0x10C5,
  0x10E5, 0x10E5, 0x10E5, 0x10E5, 0x10E5, 0x10E5, 0x10C5, 0x10C5, 0x10C5, 0x08C4, 0x08C4, 0x10E5,
  0x1106, 0x1906, 0x1926, 0x1106, 0x10E5, 0x1106, 0x1126, 0x1126, 0x1126, 0x1927, 0x1947, 0x1947,
  0x1947, 0x2167, 0x2167, 0x2167, 0x2167, 0x2167, 0x2167, 0x2168, 0x2168, 0x2188, 0x2188, 0x2188,
  0x2188, 0x2188, 0x21A9, 0x21A9, 0x29A9, 0x29C9, 0x29C9, 0x2988, 0x3C3A, 0x19EB, 0x0000, 0x0000,
  0x11A9, 0x54FE, 0x8C16, 0x7BB4, 0x5AF0, 0x4A6D, 0x39EB, 0x2989, 0x2148, 0x2147, 0x2168, 0x29A9,
  0x31CA, 0x3A0B, 0x4A6D, 0x52AE, 0x5AF0, 0x6331, 0x6332, 0x5AF0, 0x528E, 0x422C, 0x31AA, 0x2147,
  0x10E5, 0x10C4, 0x10A4, 0x08A4, 0x10A4, 0x10A4, 0x10C4, 0x10C4, 0x10A4, 0x08A4, 0x0883, 0x0863,
  0x0863, 0x0863, 0x0863, 0x0863, 0x0863, 0x0863, 0x0863, 0x0863, 0x0863, 0x0863, 0x0863, 0x0863,
  0x0863, 0x0863, 0x0863, 0x0863, 0x0863, 0x0863, 0x0863, 0x0863, 0x0863, 0x0863, 0x0863, 0x0863,
  0x0863, 0x0863, 0x0862, 0x0863, 0x0862, 0x0863, 0x0862, 0x0862, 0x0862, 0x0862, 0x0862, 0x0862,
  0x0862, 0x0862, 0x0862, 0x0862, 0x0862, 0x0862, 0x0862, 0x0862, 0x0862, 0x0862, 0x0862, 0x0862,
  0x0862, 0x0062, 0x0062, 0x0062, 0x0062, 0x0042, 0x0042, 0x0042, 0x0042, 0x0042, 0x0042, 0x0042,
  0x0042, 0x0062, 0x0042, 0x0042, 0x0042, 0x0042, 0x0062, 0x0062, 0x0042, 0x0062, 0x0042, 0x0042,
  0x0042, 0x0042, 0x0042, 0x0042, 0x0042, 0x0042, 0x0042, 0x0042, 0x0042, 0x0042, 0x0042, 0x0042,
  0x0042, 0x0042, 0x0042, 0x0042, 0x0042, 0x0042, 0x0042, 0x0042, 0x0042, 0x0042, 0x0042, 0x0042,
  0x0042, 0x0042, 0x0042, 0x0042, 0x0042, 0x0042, 0x0042, 0x0042, 0x0042, 0x0042, 0x0042, 0x0042,
  0x0042, 0x0042, 0x0042, 0x0042, 0x0042, 0x0042, 0x0042, 0x0042, 0x0042, 0x0042, 0x0042, 0x0042,
  0x0042, 0x0022, 0x0021, 0x0022, 0x0022, 0x0042, 0x0042, 0x0042, 0x0062, 0x0063, 0x0063, 0x0883,
  0x0883, 0x0883, 0x0884, 0x0884, 0x0883, 0x0883, 0x0883, 0x0883, 0x0883, 0x0863, 0x0063, 0x0063,
  0x0863, 0x0863, 0x0063, 0x0042, 0x0042, 0x0042, 0x0042, 0x0063, 0x0883, 0x08A4, 0x10C5, 0x10E5,
  0x10E5, 0x10E5, 0x10E5, 0x10E5, 0x10E5, 0x10C4, 0x08C4, 0x08C4, 0x10C5, 0x10C5, 0x10E5, 0x1106,
  0x1906, 0x1926, 0x1106, 0x10E5, 0x10E5, 0x1106, 0x1106, 0x1106, 0x1926, 0x1926, 0x1947, 0x1947,
  0x1947, 0x1947, 0x1947, 0x2147, 0x2147, 0x2167, 0x2167, 0x2167, 0x2167, 0x2167, 0x2188, 0x2188,
  0x2188, 0x2188, 0x21A8, 0x29A9, 0x29A9, 0x29A9, 0x29A9, 0x29A9, 0x3C5B, 0x0907, 0x0000, 0x0000,
  0x08E5, 0x4CFD, 0x8C37, 0x7BD4, 0x6B52, 0x6312, 0x5AF1, 0x52D0, 0x4A8E, 0x4A8D, 0x52AE, 0x5AEF,
  0x6310, 0x6331, 0x6351, 0x6331, 0x5B10, 0x5AD0, 0x52AF, 0x4A6D, 0x422C, 0x39EB, 0x2988, 0x1926,
  0x10C5, 0x08A3, 0x0883, 0x0863, 0x0863, 0x0883, 0x0883, 0x0883, 0x0883, 0x0883, 0x0883, 0x0863,
  0x0863, 0x0863, 0x0863, 0x0863, 0x0863, 0x0863, 0x0862, 0x0862, 0x0862, 0x0863, 0x0863, 0x0862,
  0x0862, 0x0863, 0x0863, 0x0863, 0x0863, 0x0863, 0x0863, 0x0863, 0x0863, 0x0863, 0x0863, 0x0863,
  0x0863, 0x0862, 0x0862, 0x0862, 0x0862, 0x0862, 0x0862, 0x0862, 0x0862, 0x0862, 0x0862, 0x0862,
  0x0862, 0x0862, 0x0862, 0x0862, 0x0862, 0x0862, 0x0862, 0x0862, 0x0862, 0x0862, 0x0862, 0x0862,
  0x0062, 0x0062, 0x0042, 0x0042, 0x0062, 0x0062, 0x0042, 0x0042, 0x0042, 0x0042, 0x0042, 0x0042,
  0x0042, 0x0042, 0x0042, 0x0042, 0x0042, 0x0042, 0x0042, 0x0042, 0x0062, 0x0062, 0x0042, 0x0042,
  0x0062, 0x0042, 0x0062, 0x0042, 0x0042, 0x0042, 0x0042, 0x0062, 0x0042, 0x0042, 0x0042, 0x0042,
  0x0042, 0x0042, 0x0042, 0x0042, 0x0042, 0x0042, 0x0042, 0x0042, 0x0042, 0x0042, 0x0042, 0x0042,
  0x0042, 0x0042, 0x0042, 0x0042, 0x0042, 0x0042, 0x0042, 0x0042, 0x0042, 0x0042, 0x0042, 0x0042,
  0x0042, 0x0042, 0x0042, 0x0042, 0x0042, 0x0042, 0x0042, 0x0042, 0x0042, 0x0042, 0x0042, 0x0042,
  0x0042, 0x0042, 0x0042, 0x0042, 0x0042, 0x0042, 0x0062, 0x0063, 0x0883, 0x0883, 0x0883, 0x0883,
  0x0883, 0x0883, 0x0883, 0x0883, 0x0883, 0x0883, 0x0863, 0x0883, 0x0863, 0x0883, 0x0063, 0x0063,
  0x0062, 0x0042, 0x0042, 0x0042, 0x0042, 0x0042, 0x0042, 0x0883, 0x08A4, 0x10C5, 0x10E5, 0x10E5,
  0x10E5, 0x10E5, 0x10E5, 0x10C5, 0x08C4, 0x08A4, 0x08A4, 0x08A4, 0x10C5, 0x10E5, 0x1106, 0x1926,
  0x1926, 0x1106, 0x1105, 0x1106, 0x1906, 0x1926, 0x1926, 0x1926, 0x1926, 0x1946, 0x1947, 0x1947,
  0x1947, 0x1947, 0x1947, 0x2147, 0x2147, 0x2147, 0x2167, 0x2167, 0x2167, 0x2167, 0x2167, 0x2188,
  0x2188, 0x2188, 0x2188, 0x29A8, 0x29A8, 0x29A9, 0x29A8, 0x2A2C, 0x345B, 0x0062, 0x0000, 0x0000,
  0x0041, 0x44BB, 0x94D9, 0x9456, 0x8C37, 0x8C17, 0x8C18, 0x8417, 0x7BF6, 0x7BD4, 0x7BF4, 0x83F5,
  0x83F5, 0x7BD4, 0x6B72, 0x5B10, 0x4A8E, 0x3A0B, 0x31AA, 0x2988, 0x2968, 0x2168, 0x2127, 0x1906,
  0x10C4, 0x08A4, 0x0883, 0x0863, 0x0863, 0x0863, 0x0863, 0x0863, 0x0863, 0x0863, 0x0863, 0x0863,
  0x0863, 0x0863, 0x0863, 0x0863, 0x0863, 0x0862, 0x0862, 0x0862, 0x0862, 0x0863, 0x0863, 0x0863,
  0x0863, 0x0863, 0x0863, 0x0863, 0x0863, 0x0863, 0x0863, 0x0863, 0x0863, 0x0862, 0x0862, 0x0862,
  0x0862, 0x0862, 0x0862, 0x0862, 0x0862, 0x0862, 0x0862, 0x0862, 0x0862, 0x0862, 0x0862, 0x0862,
  0x0862, 0x0862, 0x0862, 0x0862, 0x0862, 0x0862, 0x0862, 0x0862, 0x0062, 0x0062, 0x0862, 0x0862,
  0x0062, 0x0042, 0x0042, 0x0062, 0x0042, 0x0042, 0x0042, 0x0042, 0x0042, 0x0042, 0x0042, 0x0042,
  0x0042, 0x0042, 0x0042, 0x0042, 0x0042, 0x0042, 0x0042, 0x0042, 0x0062, 0x0042, 0x0042, 0x0042,
  0x0042, 0x0062, 0x0062, 0x0062, 0x0042, 0x0042, 0x0042, 0x0062, 0x0042, 0x0042, 0x0042, 0x0042,
  0x0042, 0x0042, 0x0042, 0x0042, 0x0042, 0x0042, 0x0042, 0x0042, 0x0042, 0x0042, 0x0042, 0x0042,
  0x0042, 0x0042, 0x0042, 0x0042, 0x0042, 0x0042, 0x0042, 0x0042, 0x0042, 0x0042, 0x0042, 0x0042,
  0x0042, 0x0042, 0x0042, 0x0042, 0x0042, 0x0042, 0x0042, 0x0042, 0x0042, 0x0042, 0x0042, 0x0042,
  0x0042, 0x0042, 0x0042, 0x0042, 0x0062, 0x0063, 0x0863, 0x0883, 0x0883, 0x0883, 0x0883, 0x0883,
  0x0883, 0x0883, 0x0883, 0x0883, 0x0883, 0x0883, 0x0883, 0x0883, 0x0883, 0x0883, 0x0063, 0x0042,
  0x0042, 0x0042, 0x0042, 0x0042, 0x0042, 0x0042, 0x0883, 0x08C4, 0x10C5, 0x10E5, 0x10E5, 0x10E5,
  0x10E5, 0x10E5, 0x10C5, 0x08A4, 0x08A4, 0x0883, 0x0883, 0x08A4, 0x10C5, 0x10E5, 0x1926, 0x1926,
  0x1926, 0x1906, 0x1906, 0x1926, 0x1926, 0x1926, 0x1926, 0x1926, 0x1926, 0x1926, 0x1926, 0x1926,
  0x1946, 0x1927, 0x1947, 0x1947, 0x1947, 0x2147, 0x2167, 0x2167, 0x2167, 0x2167, 0x2167, 0x2188,
  0x2188, 0x2188, 0x2188, 0x2188, 0x2188, 0x29A9, 0x2167, 0x32AF, 0x3419, 0x0000, 0x0000, 0x0000,
  0x0000, 0x33D7, 0x955D, 0xACF9, 0xACFA, 0xACFA, 0xACFB, 0xACFB, 0xA4DA, 0x9CB9, 0x9478, 0x8C57,
  0x7BD4, 0x6B52, 0x52CF, 0x422C, 0x31A9, 0x2147, 0x18E5, 0x10C5, 0x10C4, 0x10C5, 0x10C5, 0x10C5,
  0x10C4, 0x08A4, 0x0883, 0x0863, 0x0863, 0x0863, 0x0863, 0x0863, 0x0863, 0x0863, 0x0863, 0x0863,
  0x0862, 0x0862, 0x0862, 0x0862, 0x0862, 0x0863, 0x0863, 0x0863, 0x0863, 0x0863, 0x0863, 0x0863,
  0x0863, 0x0863, 0x0863, 0x0863, 0x0863, 0x0863, 0x0863, 0x0863, 0x0862, 0x0863, 0x0863, 0x0863,
  0x0863, 0x0862, 0x0862, 0x0862, 0x0862, 0x0862, 0x0862, 0x0862, 0x0862, 0x0862, 0x0862, 0x0862,
  0x0862, 0x0862, 0x0862, 0x0862, 0x0862, 0x0862, 0x0862, 0x0062, 0x0062, 0x0062, 0x0062, 0x0062,
  0x0042, 0x0042, 0x0042, 0x0042, 0x0042, 0x0042, 0x0042, 0x0042, 0x0042, 0x0042, 0x0042, 0x0042,
  0x0042, 0x0042, 0x0042, 0x0042, 0x0042, 0x0042, 0x0042, 0x0042, 0x0042, 0x0042, 0x0042, 0x0042,
  0x0042, 0x0042, 0x0062, 0x0062, 0x0042, 0x0042, 0x0042, 0x0042, 0x0042, 0x0042, 0x0042, 0x0042,
  0x0042, 0x0042, 0x0042, 0x0042, 0x0042, 0x0042, 0x0042, 0x0042, 0x0042, 0x0042, 0x0042, 0x0042,
  0x0042, 0x0042, 0x0042, 0x0042, 0x0042, 0x0042, 0x0042, 0x0042, 0x0042, 0x0042, 0x0042, 0x0042,
  0x0042, 0x0042, 0x0042, 0x0042, 0x0042, 0x0042, 0x0042, 0x0042, 0x0042, 0x0042, 0x0042, 0x0062,
  0x0062, 0x0063, 0x0063, 0x0063, 0x0863, 0x0863, 0x0883, 0x0883, 0x0883, 0x0883, 0x0883, 0x0063,
  0x0063, 0x0863, 0x0883, 0x0883, 0x0883, 0x0883, 0x0883, 0x0883, 0x0863, 0x0063, 0x0042, 0x0042,
  0x0042, 0x0042, 0x0042, 0x0042, 0x0042, 0x0863, 0x08A4, 0x10C5, 0x10E5, 0x10E5, 0x10E5, 0x10E5,
  0x10E5, 0x10C5, 0x08A4, 0x0884, 0x0883, 0x0883, 0x0883, 0x08A4, 0x08C4, 0x1105, 0x1926, 0x1926,
  0x1926, 0x1926, 0x1926, 0x1926, 0x1926, 0x1926, 0x1926, 0x1926, 0x1926, 0x1926, 0x1926, 0x1926,
  0x1926, 0x1946, 0x1926, 0x1947, 0x1947, 0x2147, 0x2167, 0x2167, 0x2167, 0x2167, 0x2167, 0x2188,
  0x2188, 0x2188, 0x2188, 0x2188, 0x2188, 0x21A9, 0x2146, 0x3374, 0x2B55, 0x0000, 0x0000, 0x0000,
  0x0000, 0x1AD2, 0x8DBF, 0xC57B, 0xBD7C, 0xBD7C, 0xBD7C, 0xB55C, 0xAD1A, 0x9C99, 0x8C36, 0x7BB3,
  0x5AF0, 0x424C, 0x31C9, 0x2147, 0x10E5, 0x10A4, 0x0883, 0x0883, 0x0883, 0x0883, 0x0883, 0x08A4,
  0x08A4, 0x0883, 0x0883, 0x0863, 0x0863, 0x0863, 0x0883, 0x0863, 0x0863, 0x0863, 0x0863, 0x0862,
  0x0863, 0x0863, 0x0863, 0x0863, 0x0863, 0x0863, 0x0863, 0x0863, 0x0863, 0x0863, 0x0863, 0x0863,
  0x0863, 0x0863, 0x0863, 0x0863, 0x0863, 0x0863, 0x0863, 0x0863, 0x0863, 0x0863, 0x0863, 0x0863,
  0x0862, 0x0862, 0x0862, 0x0862, 0x0862, 0x0862, 0x0862, 0x0862, 0x0862, 0x0862, 0x0862, 0x0862,
  0x0862, 0x0862, 0x0862, 0x0862, 0x0862, 0x0862, 0x0862, 0x0062, 0x0062, 0x0862, 0x0062, 0x0062,
  0x0062, 0x0042, 0x0042, 0x0042, 0x0042, 0x0062, 0x0042, 0x0042, 0x0042, 0x0042, 0x0042, 0x0042,
  0x0042, 0x0042, 0x0042, 0x0042, 0x0042, 0x0042, 0x0042, 0x0042, 0x0042, 0x0042, 0x0042, 0x0042,
  0x0042, 0x0042, 0x0042, 0x0042, 0x0062, 0x0042, 0x0042, 0x0062, 0x0062, 0x0042, 0x0042, 0x0042,
  0x0042, 0x0042, 0x0042, 0x0042, 0x0042, 0x0042, 0x0042, 0x0042, 0x0042, 0x0042, 0x0042, 0x0042,
  0x0042, 0x0042, 0x0042, 0x0042, 0x0042, 0x0042, 0x0042, 0x0042, 0x0042, 0x0042, 0x0042, 0x0042,
  0x0042, 0x0042, 0x0042, 0x0042, 0x0042, 0x0042, 0x0062, 0x0062, 0x0062, 0x0063, 0x0063, 0x0863,
  0x0863, 0x0863, 0x0863, 0x0863, 0x0863, 0x0863, 0x0863, 0x0883, 0x0063, 0x0063, 0x0063, 0x0063,
  0x0063, 0x0883, 0x0883, 0x0883, 0x0883, 0x0883, 0x0883, 0x0063, 0x0062, 0x0042, 0x0042, 0x0042,
  0x0042, 0x0042, 0x0042, 0x0042, 0x0883, 0x08A4, 0x10C5, 0x10E5, 0x10E5, 0x10E5, 0x10E5, 0x10E5,
  0x10C5, 0x08A4, 0x08A4, 0x0883, 0x0883, 0x0883, 0x0884, 0x08C4, 0x10E5, 0x1906, 0x1926, 0x1926,
  0x1926, 0x1926, 0x1926, 0x1926, 0x1926, 0x1926, 0x1926, 0x1926, 0x1926, 0x1106, 0x1106, 0x1106,
  0x1926, 0x1926, 0x1947, 0x1947, 0x1947, 0x2147, 0x2167, 0x2167, 0x2167, 0x2167, 0x2167, 0x2168,
  0x2188, 0x2188, 0x2188, 0x2188, 0x2188, 0x21A8, 0x2146, 0x3C39, 0x1A6E, 0x0000, 0x0000, 0x0000,
  0x0000, 0x11EC, 0x7DBF, 0xCDDC, 0xC5BD, 0xC5BD, 0xBD7B, 0xAD19, 0x9C97, 0x7BD4, 0x6331, 0x4A8D,
  0x39EA, 0x2167, 0x18E5, 0x08A4, 0x0883, 0x0863, 0x0863, 0x0862, 0x0862, 0x0863, 0x0863, 0x0883,
  0x0883, 0x0883, 0x0883, 0x0883, 0x0883, 0x0863, 0x0883, 0x0883, 0x0863, 0x0863, 0x0863, 0x0863,
  0x0863, 0x0863, 0x0863, 0x0863, 0x0863, 0x0863, 0x0863, 0x0863, 0x0863, 0x0863, 0x0863, 0x0863,
  0x0863, 0x0863, 0x0863, 0x0863, 0x0863, 0x0863, 0x0863, 0x0863, 0x0863, 0x0863, 0x0863, 0x0863,
  0x0862, 0x0862, 0x0862, 0x0862, 0x0862, 0x0862, 0x0862, 0x0862, 0x0862, 0x0862, 0x0862, 0x0862,
  0x0862, 0x0062, 0x0062, 0x0862, 0x0062, 0x0062, 0x0062, 0x0062, 0x0062, 0x0062, 0x0062, 0x0062,
  0x0062, 0x0042, 0x0042, 0x0042, 0x0042, 0x0062, 0x0062, 0x0042, 0x0042, 0x0042, 0x0042, 0x0042,
  0x0042, 0x0042, 0x0042, 0x0042, 0x0042, 0x0042, 0x0042, 0x0042, 0x0042, 0x0042, 0x0042, 0x0042,
  0x0042, 0x0042, 0x0062, 0x0042, 0x0042, 0x0042, 0x0042, 0x0042, 0x0042, 0x0042, 0x0042, 0x0042,
  0x0042, 0x0042, 0x0042, 0x0042, 0x0042, 0x0042, 0x0042, 0x0042, 0x0042, 0x0042, 0x0042, 0x0042,
  0x0042, 0x0042, 0x0042, 0x0042, 0x0042, 0x0042, 0x0042, 0x0042, 0x0042, 0x0042, 0x0042, 0x0042,
  0x0042, 0x0042, 0x0042, 0x0042, 0x0062, 0x0062, 0x0062, 0x0063, 0x0863, 0x0883, 0x0883, 0x0883,
  0x0883, 0x0883, 0x0883, 0x0883, 0x0883, 0x0863, 0x0063, 0x0062, 0x0062, 0x0042, 0x0042, 0x0062,
  0x0063, 0x0863, 0x0883, 0x0883, 0x0883, 0x0883, 0x0063, 0x0062, 0x0042, 0x0042, 0x0042, 0x0042,
  0x0042, 0x0042, 0x0042, 0x0883, 0x08A4, 0x10E5, 0x10E5, 0x10E5, 0x10E5, 0x10E5, 0x10E5, 0x10E5,
  0x08C4, 0x08A4, 0x08A4, 0x08A4, 0x08A4, 0x08A4, 0x08C4, 0x10E5, 0x1105, 0x1906, 0x1926, 0x1926,
  0x1926, 0x1926, 0x1926, 0x1926, 0x1926, 0x1926, 0x1926, 0x1926, 0x1106, 0x10E5, 0x10E5, 0x1106,
  0x1926, 0x1926, 0x1947, 0x1947, 0x1926, 0x1947, 0x2147, 0x2167, 0x2167, 0x2167, 0x2167, 0x2188,
  0x2188, 0x2188, 0x2188, 0x2188, 0x2188, 0x2188, 0x2188, 0x3C9C, 0x1148, 0x0000, 0x0000, 0x0000,
  0x0000, 0x0906, 0x5D5F, 0xCDDD, 0xCDDD, 0xC59B, 0xAD18, 0x8C35, 0x6B71, 0x52AE, 0x3A0B, 0x2968,
  0x1906, 0x10C4, 0x0883, 0x0863, 0x0862, 0x0862, 0x0862, 0x0862, 0x0863, 0x0863, 0x0883, 0x0883,
  0x0883, 0x10A4, 0x10A4, 0x10A4, 0x10A4, 0x08A4, 0x08A4, 0x08A3, 0x0883, 0x0883, 0x0883, 0x0883,
  0x0883, 0x0863, 0x0863, 0x0863, 0x0863, 0x0863, 0x0863, 0x0863, 0x0863, 0x0863, 0x0863, 0x0863,
  0x0863, 0x0862, 0x0863, 0x0863, 0x0863, 0x0863, 0x0863, 0x0863, 0x0863, 0x0863, 0x0863, 0x0863,
  0x0862, 0x0862, 0x0862, 0x0862, 0x0862, 0x0862, 0x0862, 0x0862, 0x0862, 0x0862, 0x0862, 0x0862,
  0x0862, 0x0062, 0x0062, 0x0062, 0x0862, 0x0862, 0x0062, 0x0062, 0x0062, 0x0062, 0x0062, 0x0062,
  0x0062, 0x0062, 0x0062, 0x0062, 0x0062, 0x0062, 0x0042, 0x0042, 0x0042, 0x0042, 0x0042, 0x0042,
  0x0042, 0x0042, 0x0042, 0x0042, 0x0042, 0x0042, 0x0042, 0x0042, 0x0042, 0x0042, 0x0042, 0x0042,
  0x0042, 0x0042, 0x0042, 0x0042, 0x0042, 0x0042, 0x0062, 0x0042, 0x0062, 0x0042, 0x0042, 0x0042,
  0x0042, 0x0042, 0x0042, 0x0042, 0x0042, 0x0042, 0x0042, 0x0042, 0x0042, 0x0042, 0x0042, 0x0042,
  0x0042, 0x0042, 0x0042, 0x0042, 0x0042, 0x0042, 0x0042, 0x0042, 0x0042, 0x0042, 0x0042, 0x0042,
  0x0042, 0x0042, 0x0062, 0x0062, 0x0062, 0x0063, 0x0863, 0x0883, 0x0883, 0x0883, 0x0883, 0x0883,
  0x0883, 0x0883, 0x0883, 0x0883, 0x0063, 0x0062, 0x0062, 0x0042, 0x0042, 0x0042, 0x0042, 0x0062,
  0x0063, 0x0863, 0x0883, 0x0883, 0x0883, 0x0063, 0x0042, 0x0042, 0x0042, 0x0042, 0x0042, 0x0042,
  0x0042, 0x0042, 0x0883, 0x08A4, 0x10C5, 0x10E5, 0x10E5, 0x10E5, 0x10E5, 0x10E5, 0x10E5, 0x10C5,
  0x08C4, 0x08A4, 0x08C4, 0x08C4, 0x10C4, 0x10C5, 0x10E5, 0x10E5, 0x1905, 0x1906, 0x1906, 0x1926,
  0x1926, 0x1926, 0x1926, 0x1926, 0x1926, 0x1926, 0x1926, 0x1106, 0x10E5, 0x10E5, 0x10E5, 0x1106,
  0x1926, 0x1926, 0x1926, 0x1926, 0x1926, 0x1947, 0x2147, 0x2167, 0x2167, 0x2167, 0x2167, 0x2188,
  0x2188, 0x2188, 0x2188, 0x2188, 0x2188, 0x2167, 0x2A2C, 0x3C7B, 0x0062, 0x0000, 0x0000, 0x0000,
  0x0000, 0x0041, 0x44BC, 0xB5BD, 0xBD5A, 0xA4D8, 0x8414, 0x630F, 0x422B, 0x2988, 0x1906, 0x10C4,
  0x0883, 0x0863, 0x0863, 0x0863, 0x0862, 0x0862, 0x0863, 0x0883, 0x0883, 0x10A4, 0x10C4, 0x18E5,
  0x1906, 0x1926, 0x2126, 0x2126, 0x2126, 0x1906, 0x1906, 0x1906, 0x18E5, 0x18E5, 0x10E5, 0x10C5,
  0x10C4, 0x10A4, 0x08A4, 0x08A4, 0x08A3, 0x0883, 0x0883, 0x0883, 0x0883, 0x0863, 0x0863, 0x0863,
  0x0863, 0x0863, 0x0863, 0x0863, 0x0863, 0x0863, 0x0863, 0x0863, 0x0863, 0x0883, 0x0863, 0x0862,
  0x0862, 0x0862, 0x0862, 0x0862, 0x0862, 0x0862, 0x0862, 0x0862, 0x0862, 0x0862, 0x0862, 0x0862,
  0x0062, 0x0862, 0x0062, 0x0062, 0x0862, 0x0862, 0x0062, 0x0062, 0x0062, 0x0062, 0x0062, 0x0062,
  0x0062, 0x0862, 0x0862, 0x0062, 0x0062, 0x0062, 0x0062, 0x0042, 0x0042, 0x0042, 0x0042, 0x0042,
  0x0042, 0x0042, 0x0042, 0x0042, 0x0042, 0x0042, 0x0042, 0x0042, 0x0042, 0x0042, 0x0042, 0x0042,
  0x0042, 0x0042, 0x0042, 0x0042, 0x0042, 0x0042, 0x0042, 0x0042, 0x0042, 0x0042, 0x0042, 0x0042,
  0x0042, 0x0042, 0x0042, 0x0042, 0x0042, 0x0042, 0x0042, 0x0042, 0x0042, 0x0042, 0x0042, 0x0042,
  0x0042, 0x0042, 0x0042, 0x0042, 0x0042, 0x0042, 0x0042, 0x0042, 0x0042, 0x0042, 0x0042, 0x0042,
  0x0042, 0x0042, 0x0062, 0x0063, 0x0883, 0x0883, 0x0883, 0x0883, 0x0883, 0x0883, 0x0883, 0x0883,
  0x0883, 0x0883, 0x0063, 0x0063, 0x0062, 0x0042, 0x0042, 0x0042, 0x0042, 0x0042, 0x0062, 0x0863,
  0x0863, 0x0883, 0x0883, 0x0063, 0x0063, 0x0042, 0x0042, 0x0042, 0x0042, 0x0042, 0x0042, 0x0042,
  0x0063, 0x0883, 0x08A4, 0x10C5, 0x10E5, 0x10E5, 0x10E5, 0x10E5, 0x10E5, 0x10E5, 0x10E5, 0x10E5,
  0x10C5, 0x10C5, 0x10E5, 0x10E5, 0x10E5, 0x10E5, 0x1105, 0x1906, 0x1906, 0x1906, 0x1906, 0x1906,
  0x1926, 0x1926, 0x1926, 0x1926, 0x1926, 0x1926, 0x1106, 0x10E5, 0x10E5, 0x10E5, 0x10E5, 0x1906,
  0x1926, 0x1926, 0x1926, 0x1926, 0x1926, 0x1947, 0x2147, 0x2147, 0x2167, 0x2167, 0x2167, 0x2168,
  0x2188, 0x2188, 0x2188, 0x2188, 0x2188, 0x2146, 0x32F1, 0x33F8, 0x0000, 0x0000, 0x0000, 0x0000,
  0x0000, 0x0000, 0x2BD7, 0x8D3C, 0x9455, 0x73B3, 0x52CE, 0x39EA, 0x2147, 0x10C5, 0x0883, 0x0863,
  0x0863, 0x0862, 0x0862, 0x0863, 0x0883, 0x08A3, 0x10C4, 0x18E5, 0x1906, 0x2147, 0x2968, 0x31A9,
  0x31CA, 0x39EA, 0x3A0B, 0x420B, 0x3A0B, 0x3A0B, 0x39EB, 0x39CA, 0x31CA, 0x31A9, 0x2989, 0x2968,
  0x2147, 0x2147, 0x2127, 0x1926, 0x1906, 0x10E5, 0x10C5, 0x10A4, 0x08A4, 0x08A3, 0x0883, 0x0883,
  0x0863, 0x0863, 0x0863, 0x0863, 0x0863, 0x0863, 0x0863, 0x0863, 0x0863, 0x0863, 0x0863, 0x0862,
  0x0862, 0x0862, 0x0863, 0x0862, 0x0862, 0x0862, 0x0862, 0x0862, 0x0862, 0x0862, 0x0862, 0x0862,
  0x0862, 0x0862, 0x0862, 0x0862, 0x0862, 0x0062, 0x0062, 0x0062, 0x0042, 0x0062, 0x0062, 0x0062,
  0x0062, 0x0062, 0x0042, 0x0042, 0x0042, 0x0042, 0x0062, 0x0042, 0x0042, 0x0042, 0x0042, 0x0042,
  0x0042, 0x0042, 0x0042, 0x0042, 0x0042, 0x0042, 0x0042, 0x0042, 0x0042, 0x0042, 0x0042, 0x0042,
  0x0042, 0x0042, 0x0042, 0x0042, 0x0042, 0x0042, 0x0042, 0x0042, 0x0042, 0x0042, 0x0042, 0x0042,
  0x0042, 0x0042, 0x0042, 0x0042, 0x0042, 0x0042, 0x0042, 0x0042, 0x0042, 0x0042, 0x0042, 0x0042,
  0x0042, 0x0042, 0x0042, 0x0042, 0x0042, 0x0042, 0x0042, 0x0062, 0x0062, 0x0062, 0x0042, 0x0062,
  0x0063, 0x0863, 0x0863, 0x0883, 0x0883, 0x0883, 0x0883, 0x0883, 0x0883, 0x0883, 0x0883, 0x0883,
  0x0063, 0x0063, 0x0062, 0x0042, 0x0042, 0x0042, 0x0042, 0x0042, 0x0042, 0x0062, 0x0063, 0x0063,
  0x0863, 0x0863, 0x0063, 0x0063, 0x0062, 0x0042, 0x0042, 0x0042, 0x0042, 0x0042, 0x0042, 0x0063,
  0x08A4, 0x10C4, 0x10E5, 0x10E5, 0x10E5, 0x10E5, 0x10E5, 0x10E5, 0x10E5, 0x10E5, 0x10E5, 0x10E5,
  0x10E5, 0x10E5, 0x10E5, 0x1105, 0x1105, 0x1905, 0x1905, 0x1906, 0x1906, 0x1906, 0x1926, 0x1906,
  0x1906, 0x1906, 0x1926, 0x1926, 0x1926, 0x1926, 0x1106, 0x10E5, 0x10E5, 0x10E5, 0x10E5, 0x1906,
  0x1926, 0x1926, 0x1926, 0x1926, 0x1926, 0x1947, 0x2147, 0x2147, 0x2167, 0x2167, 0x2167, 0x2167,
  0x2167, 0x2188, 0x2168, 0x2188, 0x2188, 0x1925, 0x3BD7, 0x22F1, 0x0000, 0x0020, 0x0000, 0x0000,
  0x0020, 0x0000, 0x1AD0, 0x64DB, 0x6B30, 0x4A8E, 0x39EA, 0x2147, 0x10E5, 0x08A4, 0x0883, 0x0863,
  0x0863, 0x0863, 0x0883, 0x08A4, 0x10E5, 0x1926, 0x2968, 0x31A9, 0x3A0B, 0x4A4C, 0x528D, 0x5ACF,
  0x62F0, 0x6330, 0x6B51, 0x6B51, 0x6B52, 0x6B31, 0x6331, 0x5AF0, 0x5ACF, 0x52AF, 0x4A8E, 0x4A6D,
  0x424D, 0x3A2C, 0x3A0B, 0x31EA, 0x31A9, 0x2988, 0x2147, 0x1926, 0x1906, 0x10E5, 0x10C4, 0x08A4,
  0x0883, 0x0883, 0x0883, 0x0863, 0x0863, 0x0863, 0x0863, 0x0863, 0x0863, 0x0863, 0x0862, 0x0862,
  0x0862, 0x0862, 0x0862, 0x0862, 0x0862, 0x0862, 0x0862, 0x0862, 0x0862, 0x0862, 0x0862, 0x0062,
  0x0062, 0x0862, 0x0862, 0x0862, 0x0862, 0x0062, 0x0062, 0x0062, 0x0062, 0x0062, 0x0062, 0x0062,
  0x0062, 0x0062, 0x0062, 0x0042, 0x0042, 0x0042, 0x0062, 0x0042, 0x0042, 0x0042, 0x0042, 0x0042,
  0x0042, 0x0042, 0x0042, 0x0042, 0x0042, 0x0042, 0x0042, 0x0042, 0x0042, 0x0042, 0x0042, 0x0042,
  0x0042, 0x0042, 0x0042, 0x0042, 0x0042, 0x0042, 0x0042, 0x0042, 0x0042, 0x0042, 0x0042, 0x0042,
  0x0042, 0x0042, 0x0042, 0x0042, 0x0042, 0x0042, 0x0042, 0x0042, 0x0042, 0x0042, 0x0042, 0x0042,
  0x0042, 0x0042, 0x0042, 0x0042, 0x0042, 0x0042, 0x0042, 0x0062, 0x0062, 0x0062, 0x0063, 0x0863,
  0x0883, 0x0883, 0x0883, 0x0883, 0x0883, 0x0883, 0x0883, 0x0883, 0x0883, 0x0883, 0x0863, 0x0063,
  0x0062, 0x0062, 0x0042, 0x0042, 0x0042, 0x0042, 0x0042, 0x0042, 0x0042, 0x0062, 0x0063, 0x0063,
  0x0063, 0x0063, 0x0063, 0x0062, 0x0042, 0x0042, 0x0042, 0x0042, 0x0042, 0x0063, 0x0863, 0x08A4,
  0x10C4, 0x10C5, 0x10E5, 0x10E5, 0x10E5, 0x10E5, 0x10E5, 0x10E5, 0x10E5, 0x10E5, 0x10E5, 0x10E5,
  0x10E5, 0x10E5, 0x10E5, 0x1105, 0x1905, 0x1906, 0x1906, 0x1906, 0x1906, 0x1906, 0x1906, 0x1906,
  0x1906, 0x1906, 0x1926, 0x1926, 0x1926, 0x1906, 0x1106, 0x1105, 0x1106, 0x10E5, 0x1106, 0x1926,
  0x1906, 0x1926, 0x1926, 0x1926, 0x1926, 0x1947, 0x2147, 0x2147, 0x2167, 0x2167, 0x2167, 0x2167,
  0x2167, 0x2167, 0x2167, 0x1947, 0x1947, 0x1926, 0x3C9B, 0x11A9, 0x0000, 0x0000, 0x0000, 0x0000,
  0x0000, 0x0000, 0x1189, 0x4CBD, 0x52AE, 0x3A2C, 0x31A9, 0x2168, 0x1926, 0x1905, 0x10C5, 0x10A4,
  0x0883, 0x08A4, 0x10C5, 0x1926, 0x2988, 0x3A0B, 0x4A6D, 0x5ACF, 0x6B51, 0x7392, 0x7BD4, 0x83F5,
  0x8C15, 0x8C36, 0x8C37, 0x8C37, 0x8C37, 0x8C16, 0x83F6, 0x83F5, 0x7BB5, 0x7394, 0x7393, 0x6B73,
  0x6332, 0x5B11, 0x5AD0, 0x52AF, 0x4A6D, 0x422C, 0x39EB, 0x31A9, 0x2968, 0x2147, 0x1906, 0x10C5,
  0x10A4, 0x08A4, 0x0883, 0x0883, 0x0883, 0x0863, 0x0863, 0x0863, 0x0863, 0x0862, 0x0862, 0x0862,
  0x0862, 0x0862, 0x0862, 0x0862, 0x0862, 0x0862, 0x0862, 0x0862, 0x0862, 0x0862, 0x0062, 0x0862,
  0x0862, 0x0062, 0x0862, 0x0062, 0x0062, 0x0062, 0x0862, 0x0862, 0x0062, 0x0062, 0x0042, 0x0042,
  0x0042, 0x0062, 0x0062, 0x0062, 0x0062, 0x0062, 0x0062, 0x0042, 0x0042, 0x0042, 0x0042, 0x0042,
  0x0042, 0x0042, 0x0042, 0x0042, 0x0042, 0x0042, 0x0042, 0x0042, 0x0042, 0x0042, 0x0042, 0x0042,
  0x0042, 0x0042, 0x0042, 0x0042, 0x0042, 0x0042, 0x0042, 0x0042, 0x0042, 0x0042, 0x0042, 0x0042,
  0x0042, 0x0042, 0x0042, 0x0042, 0x0042, 0x0062, 0x0042, 0x0042, 0x0042, 0x0042, 0x0042, 0x0042,
  0x0042, 0x0042, 0x0042, 0x0042, 0x0062, 0x0062, 0x0062, 0x0062, 0x0062, 0x0063, 0x0063, 0x0883,
  0x0883, 0x0883, 0x0883, 0x0883, 0x0883, 0x0883, 0x0883, 0x0883, 0x0863, 0x0863, 0x0063, 0x0062,
  0x0062, 0x0042, 0x0042, 0x0042, 0x0042, 0x0042, 0x0042, 0x0042, 0x0062, 0x0063, 0x0063, 0x0063,
  0x0063, 0x0063, 0x0063, 0x0062, 0x0062, 0x0062, 0x0063, 0x0062, 0x0063, 0x0883, 0x08A4, 0x10C4,
  0x10E5, 0x10E5, 0x10E5, 0x10E5, 0x10E5, 0x10E5, 0x10E5, 0x10E5, 0x10E5, 0x10E5, 0x10E5, 0x10E5,
  0x10E5, 0x10E5, 0x10E5, 0x10E5, 0x1105, 0x1906, 0x1906, 0x1906, 0x1906, 0x1906, 0x1906, 0x1906,
  0x1906, 0x1926, 0x1926, 0x1926, 0x1926, 0x1906, 0x1906, 0x1906, 0x1906, 0x1106, 0x1106, 0x1106,
  0x1106, 0x1906, 0x1926, 0x1926, 0x1947, 0x1947, 0x2147, 0x2147, 0x2167, 0x2167, 0x2167, 0x2167,
  0x2167, 0x2167, 0x1947, 0x1926, 0x1905, 0x21CA, 0x3C9C, 0x0062, 0x0000, 0x0000, 0x0000, 0x0000,
  0x0000, 0x0000, 0x0063, 0x3C9C, 0x52F0, 0x4A6C, 0x424C, 0x422B, 0x420B, 0x39EA, 0x29A9, 0x2167,
  0x1926, 0x1926, 0x2168, 0x39EA, 0x4A8D, 0x6310, 0x7392, 0x83F4, 0x8C35, 0x9477, 0x9C98, 0x9C98,
  0xA4B9, 0x9C99, 0x9C99, 0x9C79, 0x9478, 0x9458, 0x8C38, 0x8C38, 0x8C17, 0x83F6, 0x7BD6, 0x7BB5,
  0x7394, 0x6B53, 0x6332, 0x5AF0, 0x52AF, 0x4A6E, 0x422C, 0x31EB, 0x29A9, 0x2968, 0x2127, 0x1906,
  0x10C5, 0x10C4, 0x08A4, 0x0883, 0x0883, 0x0863, 0x0863, 0x0863, 0x0863, 0x0862, 0x0862, 0x0862,
  0x0862, 0x0862, 0x0862, 0x0862, 0x0862, 0x0862, 0x0862, 0x0862, 0x0862, 0x0862, 0x0062, 0x0862,
  0x0062, 0x0062, 0x0862, 0x0062, 0x0062, 0x0042, 0x0042, 0x0042, 0x0062, 0x0062, 0x0042, 0x0042,
  0x0042, 0x0062, 0x0062, 0x0062, 0x0062, 0x0062, 0x0062, 0x0042, 0x0042, 0x0042, 0x0042, 0x0042,
  0x0042, 0x0042, 0x0042, 0x0042, 0x0042, 0x0042, 0x0042, 0x0042, 0x0042, 0x0042, 0x0042, 0x0042,
  0x0042, 0x0042, 0x0042, 0x0042, 0x0042, 0x0042, 0x0042, 0x0042, 0x0042, 0x0042, 0x0042, 0x0042,
  0x0042, 0x0042, 0x0042, 0x0042, 0x0042, 0x0042, 0x0042, 0x0042, 0x0042, 0x0042, 0x0042, 0x0042,
  0x0042, 0x0042, 0x0042, 0x0062, 0x0042, 0x0062, 0x0062, 0x0063, 0x0063, 0x0883, 0x0883, 0x0883,
  0x0883, 0x0883, 0x0883, 0x0883, 0x0883, 0x0883, 0x0863, 0x0863, 0x0063, 0x0062, 0x0062, 0x0042,
  0x0042, 0x0042, 0x0042, 0x0042, 0x0042, 0x0042, 0x0042, 0x0062, 0x0063, 0x0063, 0x0063, 0x0063,
  0x0063, 0x0063, 0x0063, 0x0063, 0x0063, 0x0863, 0x0883, 0x0883, 0x0883, 0x08A4, 0x10E5, 0x10E5,
  0x10E5, 0x10E5, 0x10E5, 0x10E5, 0x10E5, 0x10E5, 0x10E5, 0x10E5, 0x10E5, 0x10E5, 0x10E5, 0x10E5,
  0x10E5, 0x10E5, 0x10E5, 0x10E5, 0x1105, 0x1906, 0x1906, 0x1906, 0x1906, 0x1906, 0x1906, 0x1105,
  0x1906, 0x1926, 0x1926, 0x1906, 0x1906, 0x1906, 0x1906, 0x1906, 0x1926, 0x1106, 0x1106, 0x1106,
  0x1906, 0x1926, 0x1926, 0x1926, 0x1946, 0x1947, 0x1947, 0x2147, 0x2167, 0x2167, 0x2167, 0x2167,
  0x2167, 0x2147, 0x1947, 0x1927, 0x10C4, 0x2AD1, 0x33D8, 0x0000, 0x0000, 0x0000, 0x0000, 0x0000,
  0x0000, 0x0000, 0x0000, 0x2BD8, 0x5BF6, 0x6B30, 0x7392, 0x7391, 0x6B71, 0x6330, 0x5ACE, 0x4A6D,
  0x3A0B, 0x3A0B, 0x422C, 0x4A8E, 0x6310, 0x7392, 0x83D4, 0x8C15, 0x8C36, 0x9436, 0x9456, 0x9436,
  0x9437, 0x8C36, 0x8C16, 0x8416, 0x83F6, 0x83D6, 0x7BD5, 0x7BB5, 0x7394, 0x7373, 0x6B52, 0x6331,
  0x5AF1, 0x52D0, 0x52AF, 0x4A6E, 0x424D, 0x3A0C, 0x31CA, 0x2989, 0x2168, 0x2147, 0x1926, 0x18E5,
  0x10C5, 0x10C4, 0x08A4, 0x0883, 0x0883, 0x0883, 0x0863, 0x0862, 0x0863, 0x0862, 0x0862, 0x0862,
  0x0862, 0x0862, 0x0862, 0x0862, 0x0862, 0x0862, 0x0862, 0x0862, 0x0862, 0x0062, 0x0862, 0x0862,
  0x0062, 0x0062, 0x0062, 0x0062, 0x0062, 0x0062, 0x0062, 0x0042, 0x0042, 0x0042, 0x0042, 0x0042,
  0x0042, 0x0042, 0x0062, 0x0042, 0x0062, 0x0062, 0x0062, 0x0042, 0x0042, 0x0042, 0x0042, 0x0042,
  0x0042, 0x0042, 0x0042, 0x0042, 0x0042, 0x0042, 0x0042, 0x0042, 0x0042, 0x0042, 0x0042, 0x0042,
  0x0042, 0x0042, 0x0042, 0x0042, 0x0042, 0x0042, 0x0042, 0x0042, 0x0042, 0x0042, 0x0042, 0x0042,
  0x0042, 0x0042, 0x0042, 0x0042, 0x0062, 0x0062, 0x0042, 0x0042, 0x0042, 0x0042, 0x0042, 0x0042,
  0x0042, 0x0042, 0x0042, 0x0062, 0x0062, 0x0062, 0x0063, 0x0863, 0x0883, 0x0883, 0x0883, 0x0883,
  0x0883, 0x0883, 0x0883, 0x0863, 0x0863, 0x0063, 0x0063, 0x0062, 0x0062, 0x0042, 0x0042, 0x0042,
  0x0042, 0x0042, 0x0042, 0x0042, 0x0042, 0x0042, 0x0042, 0x0062, 0x0063, 0x0063, 0x0863, 0x0063,
  0x0063, 0x0863, 0x0063, 0x0883, 0x0883, 0x0883, 0x08A4, 0x08A4, 0x08A4, 0x10C4, 0x10E5, 0x10E5,
  0x10C5, 0x10C4, 0x10C4, 0x10E5, 0x10E5, 0x10E5, 0x10E5, 0x10E5, 0x10E5, 0x10E5, 0x10E5, 0x10E5,
  0x10E5, 0x10E5, 0x10E5, 0x10E5, 0x1105, 0x1906, 0x1905, 0x1906, 0x1106, 0x1105, 0x1105, 0x1105,
  0x1906, 0x1906, 0x1906, 0x1906, 0x1906, 0x1906, 0x1906, 0x1906, 0x1906, 0x1105, 0x1106, 0x1906,
  0x1906, 0x1926, 0x1926, 0x1926, 0x1946, 0x1947, 0x1947, 0x2147, 0x2147, 0x2167, 0x2167, 0x2167,
  0x2147, 0x1947, 0x1927, 0x1947, 0x10C4, 0x33F8, 0x228F, 0x0000, 0x0020, 0x0000, 0x0000, 0x0000,
  0x0000, 0x0000, 0x0000, 0x1A90, 0x64FC, 0x9434, 0x9CB7, 0x9CB7, 0x9C96, 0x9455, 0x8C14, 0x7392,
  0x6330, 0x6310, 0x5B10, 0x5AF0, 0x5AF0, 0x6310, 0x6310, 0x6330, 0x6331, 0x6331, 0x6331, 0x6311,
  0x6310, 0x6310, 0x6310, 0x62F0, 0x5AF0, 0x5AD0, 0x5ACF, 0x528E, 0x4A8E, 0x4A6D, 0x422C, 0x3A0B,
  0x39EB, 0x31CA, 0x29A9, 0x2988, 0x2168, 0x2147, 0x1926, 0x1906, 0x18E5, 0x10E5, 0x10C5, 0x10C4,
  0x10C4, 0x08A4, 0x08A4, 0x0883, 0x0883, 0x0883, 0x0863, 0x0863, 0x0863, 0x0862, 0x0863, 0x0862,
  0x0862, 0x0862, 0x0862, 0x0862, 0x0862, 0x0862, 0x0862, 0x0862, 0x0862, 0x0862, 0x0062, 0x0062,
  0x0062, 0x0062, 0x0062, 0x0062, 0x0062, 0x0042, 0x0042, 0x0042, 0x0042, 0x0042, 0x0042, 0x0042,
  0x0042, 0x0062, 0x0042, 0x0062, 0x0062, 0x0062, 0x0062, 0x0042, 0x0042, 0x0042, 0x0042, 0x0042,
  0x0042, 0x0042, 0x0042, 0x0042, 0x0042, 0x0042, 0x0042, 0x0042, 0x0042, 0x0042, 0x0042, 0x0042,
  0x0042, 0x0042, 0x0042, 0x0042, 0x0042, 0x0042, 0x0042, 0x0042, 0x0042, 0x0042, 0x0042, 0x0042,
  0x0042, 0x0042, 0x0042, 0x0042, 0x0042, 0x0062, 0x0062, 0x0042, 0x0042, 0x0042, 0x0042, 0x0062,
  0x0062, 0x0062, 0x0062, 0x0062, 0x0063, 0x0063, 0x0863, 0x0883, 0x0883, 0x0883, 0x0883, 0x0883,
  0x0883, 0x0883, 0x0863, 0x0863, 0x0063, 0x0063, 0x0062, 0x0042, 0x0042, 0x0042, 0x0042, 0x0042,
  0x0042, 0x0042, 0x0042, 0x0042, 0x0062, 0x0042, 0x0062, 0x0063, 0x0063, 0x0863, 0x0863, 0x0863,
  0x0883, 0x0883, 0x0883, 0x0883, 0x08A4, 0x08A4, 0x08A4, 0x10C4, 0x10C4, 0x10C4, 0x10C4, 0x10C5,
  0x10C4, 0x10C4, 0x10C4, 0x10C5, 0x10E5, 0x10C4, 0x10C4, 0x10C5, 0x10C5, 0x10E5, 0x10E5, 0x10E5,
  0x10E5, 0x10E5, 0x10E5, 0x10E5, 0x1105, 0x1105, 0x10E5, 0x10E5, 0x10E5, 0x10E5, 0x10E5, 0x1906,
  0x1906, 0x1906, 0x1106, 0x10E5, 0x10E5, 0x1105, 0x1906, 0x1906, 0x1106, 0x1105, 0x1106, 0x1906,
  0x1926, 0x1926, 0x1926, 0x1926, 0x1946, 0x1947, 0x2147, 0x2147, 0x2147, 0x2147, 0x2147, 0x1947,
  0x1926, 0x1906, 0x1906, 0x1926, 0x1947, 0x3C9C, 0x0906, 0x0000, 0x0000, 0x0000, 0x0000, 0x0000,
  0x0000, 0x0000, 0x0000, 0x0927, 0x553E, 0xA4D8, 0xACF9, 0xAD19, 0xB519, 0xACF9, 0xA4D8, 0x9C97,
  0x8C36, 0x83F4, 0x7393, 0x6311, 0x528E, 0x422C, 0x39EA, 0x39CA, 0x39CA, 0x39EA, 0x39EA, 0x39EA,
  0x39EA, 0x39EA, 0x39CA, 0x31EA, 0x31CA, 0x31CA, 0x31A9, 0x29A9, 0x2988, 0x2968, 0x2147, 0x2126,
  0x1906, 0x18E5, 0x10E5, 0x10C5, 0x10C4, 0x10A4, 0x10A4, 0x08A4, 0x08A4, 0x08A3, 0x0883, 0x0883,
  0x0883, 0x0883, 0x0883, 0x0883, 0x0883, 0x0883, 0x0863, 0x0863, 0x0862, 0x0862, 0x0862, 0x0862,
  0x0862, 0x0862, 0x0862, 0x0862, 0x0862, 0x0862, 0x0862, 0x0862, 0x0862, 0x0862, 0x0062, 0x0062,
  0x0062, 0x0062, 0x0062, 0x0062, 0x0042, 0x0042, 0x0042, 0x0042, 0x0042, 0x0042, 0x0042, 0x0062,
  0x0062, 0x0062, 0x0062, 0x0062, 0x0062, 0x0062, 0x0062, 0x0042, 0x0042, 0x0042, 0x0042, 0x0042,
  0x0042, 0x0042, 0x0042, 0x0042, 0x0042, 0x0042, 0x0042, 0x0042, 0x0042, 0x0042, 0x0042, 0x0042,
  0x0042, 0x0042, 0x0042, 0x0042, 0x0042, 0x0042, 0x0042, 0x0042, 0x0042, 0x0042, 0x0042, 0x0042,
  0x0042, 0x0042, 0x0042, 0x0042, 0x0062, 0x0062, 0x0062, 0x0062, 0x0062, 0x0062, 0x0062, 0x0062,
  0x0062, 0x0062, 0x0063, 0x0063, 0x0063, 0x0863, 0x0883, 0x0883, 0x0883, 0x0883, 0x0883, 0x0883,
  0x0883, 0x0863, 0x0063, 0x0063, 0x0062, 0x0062, 0x0062, 0x0062, 0x0062, 0x0042, 0x0042, 0x0042,
  0x0042, 0x0042, 0x0042, 0x0042, 0x0062, 0x0062, 0x0062, 0x0063, 0x0063, 0x0883, 0x0883, 0x0883,
  0x0883, 0x0883, 0x08A4, 0x08A4, 0x08A4, 0x08A4, 0x08A4, 0x10C4, 0x10C4, 0x10C4, 0x10C4, 0x10C4,
  0x10C4, 0x10C4, 0x10C4, 0x10C5, 0x10C5, 0x10C4, 0x10C4, 0x10C4, 0x10C5, 0x10E5, 0x10E5, 0x10E5,
  0x10E5, 0x10E5, 0x10E5, 0x10E5, 0x10E5, 0x10E5, 0x10E5, 0x08C4, 0x08A4, 0x10C4, 0x10E5, 0x1906,
  0x1906, 0x1105, 0x10E5, 0x08C4, 0x08C4, 0x10E5, 0x1105, 0x1906, 0x1105, 0x1105, 0x1906, 0x1926,
  0x1926, 0x1926, 0x1926, 0x1926, 0x1946, 0x1946, 0x1946, 0x1946, 0x1947, 0x1946, 0x1926, 0x1926,
  0x1105, 0x10E5, 0x10E5, 0x10C4, 0x224E, 0x343A, 0x0000, 0x0000, 0x0000, 0x0000, 0x0000, 0x0000,
  0x0000, 0x0000, 0x0000, 0x0021, 0x3C7B, 0x84B9, 0x9C76, 0xA4B8, 0xACF9, 0xB53A, 0xB53A, 0xB519,
  0xACF9, 0x9C77, 0x83F5, 0x6B51, 0x4A6D, 0x31CA, 0x2147, 0x1906, 0x18E5, 0x18E5, 0x1905, 0x1906,
  0x1906, 0x1906, 0x1906, 0x1906, 0x1905, 0x18E5, 0x18E5, 0x10E5, 0x10C5, 0x10C4, 0x10A4, 0x10A4,
  0x08A4, 0x0883, 0x0883, 0x0883, 0x0883, 0x0883, 0x0883, 0x0883, 0x0883, 0x0863, 0x0863, 0x0883,
  0x0863, 0x0863, 0x0863, 0x0863, 0x0863, 0x0863, 0x0862, 0x0862, 0x0862, 0x0862, 0x0862, 0x0862,
  0x0862, 0x0862, 0x0862, 0x0862, 0x0862, 0x0062, 0x0862, 0x0862, 0x0862, 0x0862, 0x0862, 0x0862,
  0x0862, 0x0062, 0x0062, 0x0062, 0x0042, 0x0042, 0x0042, 0x0042, 0x0062, 0x0042, 0x0062, 0x0062,
  0x0062, 0x0062, 0x0062, 0x0062, 0x0062, 0x0062, 0x0062, 0x0042, 0x0042, 0x0042, 0x0042, 0x0042,
  0x0042, 0x0042, 0x0042, 0x0042, 0x0042, 0x0042, 0x0042, 0x0042, 0x0042, 0x0042, 0x0042, 0x0042,
  0x0042, 0x0042, 0x0042, 0x0042, 0x0042, 0x0042, 0x0042, 0x0042, 0x0042, 0x0042, 0x0042, 0x0042,
  0x0042, 0x0042, 0x0042, 0x0062, 0x0062, 0x0062, 0x0062, 0x0062, 0x0062, 0x0062, 0x0062, 0x0062,
  0x0063, 0x0863, 0x0863, 0x0863, 0x0863, 0x0863, 0x0863, 0x0883, 0x0883, 0x0883, 0x0883, 0x0883,
  0x0863, 0x0063, 0x0062, 0x0062, 0x0062, 0x0062, 0x0062, 0x0062, 0x0042, 0x0042, 0x0042, 0x0042,
  0x0042, 0x0042, 0x0042, 0x0042, 0x0062, 0x0062, 0x0063, 0x0863, 0x0863, 0x0883, 0x0883, 0x0883,
  0x08A3, 0x08A4, 0x08A4, 0x08A4, 0x08A4, 0x08A4, 0x08A4, 0x10C4, 0x10C4, 0x10C4, 0x10C4, 0x10C4,
  0x10C4, 0x10C4, 0x10C4, 0x10C4, 0x10C4, 0x10C4, 0x10C4, 0x10C5, 0x10E5, 0x10E5, 0x10E5, 0x10E5,
  0x10E5, 0x10E5, 0x10E5, 0x10E5, 0x10E5, 0x10C4, 0x08A4, 0x0883, 0x08A4, 0x08C4, 0x10E5, 0x1105,
  0x10E5, 0x10C4, 0x08A4, 0x08A4, 0x08A4, 0x10E5, 0x1105, 0x1906, 0x1105, 0x1906, 0x1906, 0x1906,
  0x1926, 0x1926, 0x1926, 0x1926, 0x1926, 0x1946, 0x1946, 0x1946, 0x1926, 0x1906, 0x1906, 0x10E5,
  0x10C4, 0x08A4, 0x10C5, 0x10A3, 0x33B6, 0x2B12, 0x0000, 0x0000, 0x0000, 0x0000, 0x0000, 0x0000,
  0x0000, 0x0000, 0x0000, 0x0000, 0x2333, 0x5C79, 0x7351, 0x7BD4, 0x9436, 0xA4B8, 0xAD19, 0xB53A,
  0xB51A, 0xACF9, 0x9477, 0x7BB3, 0x5ACF, 0x3A0B, 0x2147, 0x10E5, 0x08A4, 0x0883, 0x0883, 0x0883,
  0x0883, 0x0883, 0x0883, 0x0883, 0x0883, 0x0883, 0x0883, 0x0883, 0x0883, 0x0883, 0x0883, 0x0883,
  0x0883, 0x0883, 0x0863, 0x0863, 0x0863, 0x0863, 0x0863, 0x0863, 0x0863, 0x0863, 0x0863, 0x0863,
  0x0863, 0x0863, 0x0862, 0x0863, 0x0863, 0x0862, 0x0862, 0x0863, 0x0862, 0x0862, 0x0863, 0x0863,
  0x0862, 0x0862, 0x0862, 0x0862, 0x0862, 0x0862, 0x0862, 0x0862, 0x0862, 0x0862, 0x0862, 0x0062,
  0x0862, 0x0862, 0x0062, 0x0042, 0x0042, 0x0042, 0x0062, 0x0042, 0x0062, 0x0062, 0x0062, 0x0062,
  0x0062, 0x0062, 0x0062, 0x0062, 0x0062, 0x0062, 0x0062, 0x0042, 0x0042, 0x0042, 0x0042, 0x0042,
  0x0042, 0x0042, 0x0042, 0x0042, 0x0042, 0x0042, 0x0042, 0x0042, 0x0042, 0x0042, 0x0042, 0x0042,
  0x0042, 0x0042, 0x0042, 0x0042, 0x0062, 0x0062, 0x0062, 0x0062, 0x0042, 0x0062, 0x0042, 0x0042,
  0x0042, 0x0042, 0x0042, 0x0062, 0x0062, 0x0062, 0x0062, 0x0862, 0x0062, 0x0062, 0x0063, 0x0863,
  0x0863, 0x0863, 0x0863, 0x0863, 0x0063, 0x0063, 0x0863, 0x0863, 0x0863, 0x0863, 0x0063, 0x0063,
  0x0063, 0x0062, 0x0062, 0x0062, 0x0062, 0x0062, 0x0062, 0x0042, 0x0042, 0x0042, 0x0042, 0x0042,
  0x0042, 0x0042, 0x0042, 0x0062, 0x0062, 0x0063, 0x0863, 0x0863, 0x0883, 0x0883, 0x0883, 0x08A3,
  0x08A3, 0x0883, 0x0883, 0x0883, 0x0883, 0x08A4, 0x08A4, 0x08A4, 0x10C4, 0x10C4, 0x10C4, 0x10C4,
  0x10C4, 0x10C4, 0x10C4, 0x10C4, 0x10C4, 0x10C4, 0x10C4, 0x10C4, 0x10C4, 0x10E5, 0x10E5, 0x10E5,
  0x10E5, 0x10E5, 0x10E5, 0x10C5, 0x08A4, 0x0883, 0x0883, 0x0883, 0x08A4, 0x10C5, 0x10E5, 0x10E5,
  0x10C4, 0x08A3, 0x0883, 0x0883, 0x08C4, 0x10E5, 0x1905, 0x1906, 0x1906, 0x1106, 0x1905, 0x1906,
  0x1926, 0x1926, 0x1926, 0x1926, 0x1926, 0x1926, 0x1926, 0x1926, 0x1105, 0x10E5, 0x10E5, 0x08C4,
  0x08A4, 0x0884, 0x08A4, 0x10E5, 0x3C9C, 0x1168, 0x0000, 0x0000, 0x0000, 0x0000, 0x0000, 0x0000,
  0x0000, 0x0000, 0x0000, 0x0000, 0x11AA, 0x449C, 0x4A6C, 0x52CF, 0x6B51, 0x83F5, 0x9C97, 0xA4D9,
  0xACF9, 0xAD19, 0xA4D9, 0x9457, 0x7BB3, 0x5ACF, 0x39EA, 0x2126, 0x10A4, 0x0883, 0x0863, 0x0863,
  0x0863, 0x0863, 0x0863, 0x0863, 0x0863, 0x0863, 0x0863, 0x0883, 0x0883, 0x0883, 0x0883, 0x0883,
  0x0883, 0x0883, 0x0883, 0x0883, 0x0883, 0x0883, 0x0883, 0x0883, 0x0863, 0x0863, 0x0863, 0x0863,
  0x0863, 0x0863, 0x0863, 0x0863, 0x0863, 0x0862, 0x0862, 0x0863, 0x0863, 0x0863, 0x0863, 0x0862,
  0x0862, 0x0862, 0x0862, 0x0862, 0x0862, 0x0862, 0x0862, 0x0862, 0x0062, 0x0862, 0x0862, 0x0862,
  0x0062, 0x0862, 0x0862, 0x0062, 0x0042, 0x0042, 0x0042, 0x0042, 0x0042, 0x0862, 0x0062, 0x0062,
  0x0062, 0x0062, 0x0062, 0x0062, 0x0062, 0x0062, 0x0062, 0x0062, 0x0062, 0x0042, 0x0062, 0x0062,
  0x0062, 0x0062, 0x0062, 0x0062, 0x0062, 0x0042, 0x0062, 0x0042, 0x0042, 0x0042, 0x0042, 0x0042,
  0x0042, 0x0042, 0x0042, 0x0042, 0x0042, 0x0062, 0x0042, 0x0042, 0x0042, 0x0042, 0x0042, 0x0042,
  0x0042, 0x0042, 0x0042, 0x0042, 0x0042, 0x0062, 0x0062, 0x0062, 0x0062, 0x0062, 0x0063, 0x0863,
  0x0863, 0x0863, 0x0863, 0x0863, 0x0863, 0x0863, 0x0863, 0x0863, 0x0863, 0x0063, 0x0063, 0x0063,
  0x0062, 0x0062, 0x0062, 0x0062, 0x0042, 0x0062, 0x0062, 0x0062, 0x0042, 0x0042, 0x0042, 0x0042,
  0x0042, 0x0062, 0x0062, 0x0062, 0x0063, 0x0863, 0x0883, 0x0883, 0x0883, 0x0883, 0x0883, 0x0883,
  0x0883, 0x0883, 0x0883, 0x0883, 0x0883, 0x0883, 0x08A4, 0x10C4, 0x10C4, 0x10C4, 0x10C4, 0x10C4,
  0x10C4, 0x08A4, 0x08C4, 0x08C4, 0x10C4, 0x10C4, 0x10C4, 0x10C4, 0x10C4, 0x10C4, 0x10E5, 0x10E5,
  0x10E5, 0x10E5, 0x10C4, 0x08A4, 0x0883, 0x0063, 0x0062, 0x0883, 0x08A4, 0x10E5, 0x10E5, 0x10C4,
  0x08A4, 0x0863, 0x0063, 0x0883, 0x08C4, 0x10E5, 0x1906, 0x1906, 0x1906, 0x1906, 0x1105, 0x1906,
  0x1906, 0x1926, 0x1926, 0x1926, 0x1926, 0x1926, 0x1906, 0x10E5, 0x10C4, 0x08A4, 0x08A4, 0x0883,
  0x0883, 0x0883, 0x0862, 0x21EC, 0x3C7B, 0x0021, 0x0000, 0x0000, 0x0000, 0x0000, 0x0000, 0x0000,
  0x0000, 0x0000, 0x0000, 0x0000, 0x0062, 0x3C7C, 0x322C, 0x2989, 0x422C, 0x62F0, 0x7BD4, 0x9457,
  0x9C98, 0xA4B9, 0xA4D9, 0xA4B8, 0x9436, 0x7393, 0x52AE, 0x31CA, 0x1906, 0x10A4, 0x0883, 0x0863,
  0x0863, 0x0863, 0x0863, 0x0863, 0x0863, 0x0863, 0x0863, 0x0883, 0x0883, 0x0883, 0x0883, 0x0883,
  0x0883, 0x0883, 0x0883, 0x0883, 0x0883, 0x0883, 0x0883, 0x0883, 0x0883, 0x0863, 0x0862, 0x0863,
  0x0863, 0x0863, 0x0862, 0x0862, 0x0862, 0x0862, 0x0862, 0x0862, 0x0863, 0x0863, 0x0862, 0x0863,
  0x0862, 0x0862, 0x0862, 0x0862, 0x0862, 0x0862, 0x0862, 0x0862, 0x0062, 0x0862, 0x0862, 0x0862,
  0x0862, 0x0062, 0x0862, 0x0062, 0x0042, 0x0042, 0x0042, 0x0042, 0x0042, 0x0062, 0x0062, 0x0842,
  0x0862, 0x0062, 0x0062, 0x0062, 0x0062, 0x0062, 0x0042, 0x0062, 0x0062, 0x0042, 0x0062, 0x0062,
  0x0062, 0x0042, 0x0062, 0x0062, 0x0062, 0x0042, 0x0062, 0x0042, 0x0042, 0x0042, 0x0042, 0x0042,
  0x0042, 0x0042, 0x0042, 0x0042, 0x0042, 0x0042, 0x0042, 0x0042, 0x0042, 0x0042, 0x0042, 0x0042,
  0x0042, 0x0042, 0x0042, 0x0042, 0x0042, 0x0042, 0x0062, 0x0062, 0x0062, 0x0062, 0x0063, 0x0863,
  0x0863, 0x0863, 0x0063, 0x0063, 0x0063, 0x0063, 0x0063, 0x0863, 0x0863, 0x0862, 0x0062, 0x0062,
  0x0062, 0x0062, 0x0062, 0x0062, 0x0062, 0x0062, 0x0062, 0x0062, 0x0062, 0x0062, 0x0062, 0x0062,
  0x0062, 0x0062, 0x0062, 0x0863, 0x0863, 0x0863, 0x0883, 0x0883, 0x0883, 0x0883, 0x0883, 0x0883,
  0x0863, 0x0863, 0x0863, 0x0883, 0x0883, 0x0883, 0x08A4, 0x08A4, 0x08A4, 0x10C4, 0x08C4, 0x08C4,
  0x08C4, 0x08A4, 0x08A4, 0x08A4, 0x08A4, 0x08A4, 0x10A4, 0x10C4, 0x10C4, 0x10C4, 0x10C4, 0x10E5,
  0x10E5, 0x10C4, 0x0883, 0x0063, 0x0062, 0x0042, 0x0062, 0x0883, 0x10C4, 0x10C5, 0x08A4, 0x0883,
  0x0863, 0x0063, 0x0863, 0x0883, 0x10C4, 0x1105, 0x1905, 0x1905, 0x1105, 0x1105, 0x1105, 0x1105,
  0x1906, 0x1906, 0x1906, 0x1926, 0x1926, 0x1105, 0x10C5, 0x08A4, 0x0883, 0x0883, 0x0883, 0x0863,
  0x0063, 0x08A4, 0x0841, 0x2B75, 0x2313, 0x0000, 0x0000, 0x0000, 0x0000, 0x0000, 0x0000, 0x0000,
  0x0000, 0x0000, 0x0000, 0x0000, 0x0000, 0x2B76, 0x2AD1, 0x1083, 0x2168, 0x422C, 0x6311, 0x7BD4,
  0x8C36, 0x9457, 0x9C78, 0x9C78, 0x9458, 0x8C16, 0x6B52, 0x4A6D, 0x31A9, 0x18E5, 0x08A4, 0x0883,
  0x0863, 0x0863, 0x0883, 0x0863, 0x0863, 0x0863, 0x0863, 0x0883, 0x0883, 0x0863, 0x0863, 0x0863,
  0x0883, 0x0883, 0x0883, 0x0863, 0x0883, 0x0883, 0x0883, 0x0863, 0x0863, 0x0863, 0x0863, 0x0863,
  0x0863, 0x0862, 0x0862, 0x0862, 0x0062, 0x0862, 0x0862, 0x0862, 0x0862, 0x0862, 0x0862, 0x0862,
  0x0862, 0x0862, 0x0062, 0x0062, 0x0062, 0x0862, 0x0862, 0x0862, 0x0862, 0x0862, 0x0062, 0x0062,
  0x0062, 0x0062, 0x0862, 0x0042, 0x0042, 0x0062, 0x0062, 0x0862, 0x0062, 0x0862, 0x0042, 0x0062,
  0x0062, 0x0062, 0x0062, 0x0062, 0x0062, 0x0042, 0x0062, 0x0062, 0x0862, 0x0062, 0x0042, 0x0062,
  0x0062, 0x0042, 0x0062, 0x0062, 0x0062, 0x0062, 0x0042, 0x0042, 0x0042, 0x0042, 0x0042, 0x0042,
  0x0042, 0x0042, 0x0042, 0x0042, 0x0042, 0x0042, 0x0042, 0x0042, 0x0042, 0x0042, 0x0042, 0x0042,
  0x0042, 0x0042, 0x0042, 0x0042, 0x0042, 0x0062, 0x0062, 0x0062, 0x0062, 0x0062, 0x0062, 0x0062,
  0x0062, 0x0062, 0x0063, 0x0063, 0x0062, 0x0062, 0x0863, 0x0863, 0x0863, 0x0062, 0x0062, 0x0062,
  0x0062, 0x0062, 0x0062, 0x0062, 0x0062, 0x0062, 0x0062, 0x0042, 0x0062, 0x0062, 0x0062, 0x0062,
  0x0062, 0x0062, 0x0063, 0x0063, 0x0063, 0x0063, 0x0863, 0x0883, 0x0883, 0x0863, 0x0063, 0x0863,
  0x0062, 0x0062, 0x0063, 0x0863, 0x0883, 0x0883, 0x08A4, 0x08A4, 0x08A4, 0x08A4, 0x08A4, 0x08A4,
  0x08A4, 0x08A3, 0x0883, 0x0883, 0x0883, 0x08A4, 0x08A4, 0x10C4, 0x10C4, 0x10C4, 0x10C5, 0x10C4,
  0x10C4, 0x0883, 0x0063, 0x0042, 0x0042, 0x0062, 0x0863, 0x08A4, 0x08A4, 0x08A4, 0x0883, 0x0063,
  0x0062, 0x0063, 0x0883, 0x08A4, 0x10C4, 0x10E5, 0x1105, 0x10E5, 0x10E5, 0x10E5, 0x1105, 0x1905,
  0x1906, 0x1906, 0x1906, 0x1905, 0x10E5, 0x10C4, 0x08A4, 0x0883, 0x0063, 0x0062, 0x0062, 0x0063,
  0x0063, 0x0883, 0x08A4, 0x3C9C, 0x1148, 0x0000, 0x0000, 0x0000, 0x0000, 0x0000, 0x0000, 0x0000,
  0x0000, 0x0000, 0x0000, 0x0000, 0x0000, 0x19EB, 0x33F8, 0x0842, 0x1906, 0x31A9, 0x4A8E, 0x6B52,
  0x83D5, 0x8C16, 0x8C37, 0x8C37, 0x9437, 0x8C37, 0x7BB5, 0x5AF0, 0x420C, 0x2968, 0x10E5, 0x0883,
  0x0883, 0x0863, 0x0863, 0x0862, 0x0863, 0x0863, 0x0863, 0x0863, 0x0863, 0x0863, 0x0863, 0x0863,
  0x0863, 0x0883, 0x0883, 0x0883, 0x0883, 0x0863, 0x0863, 0x0863, 0x0863, 0x0863, 0x0863, 0x0863,
  0x0862, 0x0062, 0x0062, 0x0862, 0x0862, 0x0862, 0x0862, 0x0862, 0x0862, 0x0862, 0x0862, 0x0862,
  0x0862, 0x0062, 0x0062, 0x0062, 0x0062, 0x0862, 0x0862, 0x0862, 0x0062, 0x0062, 0x0062, 0x0862,
  0x0062, 0x0062, 0x0062, 0x0062, 0x0042, 0x0042, 0x0062, 0x0062, 0x0062, 0x0042, 0x0042, 0x0042,
  0x0062, 0x0062, 0x0062, 0x0062, 0x0062, 0x0062, 0x0062, 0x0062, 0x0062, 0x0062, 0x0042, 0x0042,
  0x0042, 0x0062, 0x0062, 0x0062, 0x0062, 0x0042, 0x0042, 0x0042, 0x0042, 0x0042, 0x0042, 0x0042,
  0x0042, 0x0042, 0x0042, 0x0042, 0x0062, 0x0062, 0x0062, 0x0042, 0x0042, 0x0042, 0x0062, 0x0062,
  0x0042, 0x0042, 0x0042, 0x0042, 0x0062, 0x0062, 0x0062, 0x0062, 0x0062, 0x0062, 0x0062, 0x0062,
  0x0062, 0x0062, 0x0062, 0x0062, 0x0062, 0x0062, 0x0062, 0x0062, 0x0063, 0x0062, 0x0062, 0x0062,
  0x0042, 0x0062, 0x0062, 0x0062, 0x0062, 0x0062, 0x0062, 0x0042, 0x0042, 0x0062, 0x0062, 0x0062,
  0x0063, 0x0063, 0x0863, 0x0863, 0x0863, 0x0063, 0x0063, 0x0063, 0x0062, 0x0062, 0x0062, 0x0062,
  0x0062, 0x0062, 0x0062, 0x0863, 0x0883, 0x08A3, 0x08A4, 0x08A4, 0x08A4, 0x08A4, 0x08A3, 0x0883,
  0x0883, 0x0883, 0x0863, 0x0863, 0x0883, 0x08A4, 0x08A4, 0x10C4, 0x10C4, 0x10C4, 0x10C4, 0x08A4,
  0x0883, 0x0063, 0x0042, 0x0042, 0x0042, 0x0063, 0x0883, 0x08A4, 0x08A3, 0x0883, 0x0863, 0x0062,
  0x0062, 0x0863, 0x0883, 0x10C4, 0x10E5, 0x10E5, 0x10E5, 0x10E5, 0x10E5, 0x10E5, 0x1105, 0x1905,
  0x1905, 0x1906, 0x1905, 0x10E5, 0x10C4, 0x0883, 0x0863, 0x0062, 0x0042, 0x0042, 0x0042, 0x0062,
  0x0883, 0x0042, 0x19EC, 0x3C7B, 0x0020, 0x0000, 0x0000, 0x0000, 0x0000, 0x0000, 0x0000, 0x0000,
  0x0000, 0x0000, 0x0000, 0x0000, 0x0000, 0x0062, 0x3C5B, 0x1969, 0x1906, 0x31CA, 0x4A6D, 0x6311,
  0x7BB4, 0x83F5, 0x83F6, 0x83F6, 0x83F7, 0x83F7, 0x7BD6, 0x6B53, 0x528F, 0x31CA, 0x1926, 0x10A4,
  0x0883, 0x0863, 0x0863, 0x0863, 0x0863, 0x0863, 0x0863, 0x0863, 0x0863, 0x0863, 0x0863, 0x0863,
  0x0863, 0x0863, 0x0863, 0x0863, 0x0863, 0x0863, 0x0862, 0x0863, 0x0863, 0x0862, 0x0862, 0x0862,
  0x0862, 0x0862, 0x0062, 0x0862, 0x0862, 0x0862, 0x0862, 0x0062, 0x0862, 0x0062, 0x0862, 0x0862,
  0x0862, 0x0062, 0x0062, 0x0862, 0x0862, 0x0862, 0x0862, 0x0042, 0x0062, 0x0062, 0x0862, 0x0862,
  0x0862, 0x0862, 0x0062, 0x0062, 0x0062, 0x0062, 0x0062, 0x0062, 0x0062, 0x0042, 0x0042, 0x0042,
  0x0042, 0x0062, 0x0062, 0x0062, 0x0062, 0x0062, 0x0062, 0x0062, 0x0062, 0x0042, 0x0042, 0x0062,
  0x0062, 0x0062, 0x0062, 0x0062, 0x0062, 0x0062, 0x0042, 0x0042, 0x0042, 0x0042, 0x0042, 0x0042,
  0x0042, 0x0042, 0x0042, 0x0062, 0x0062, 0x0062, 0x0062, 0x0062, 0x0062, 0x0062, 0x0042, 0x0062,
  0x0062, 0x0042, 0x0062, 0x0062, 0x0062, 0x0062, 0x0062, 0x0062, 0x0062, 0x0062, 0x0062, 0x0062,
  0x0062, 0x0062, 0x0062, 0x0062, 0x0062, 0x0062, 0x0062, 0x0062, 0x0062, 0x0062, 0x0062, 0x0062,
  0x0062, 0x0062, 0x0062, 0x0062, 0x0062, 0x0062, 0x0062, 0x0062, 0x0062, 0x0062, 0x0062, 0x0062,
  0x0063, 0x0063, 0x0063, 0x0062, 0x0063, 0x0063, 0x0062, 0x0042, 0x0042, 0x0042, 0x0042, 0x0042,
  0x0042, 0x0062, 0x0063, 0x0883, 0x0883, 0x0883, 0x08A3, 0x08A3, 0x08A3, 0x08A3, 0x0883, 0x0863,
  0x0863, 0x0863, 0x0863, 0x0863, 0x0883, 0x08A3, 0x08A4, 0x10C4, 0x10C4, 0x10C4, 0x08A4, 0x0883,
  0x0063, 0x0042, 0x0042, 0x0042, 0x0062, 0x0063, 0x0883, 0x0883, 0x0883, 0x0063, 0x0062, 0x0062,
  0x0062, 0x0863, 0x08A4, 0x10C4, 0x10E5, 0x10E5, 0x10E5, 0x10C4, 0x10E5, 0x10E5, 0x10E5, 0x1905,
  0x1905, 0x1905, 0x10E5, 0x10C4, 0x0883, 0x0063, 0x0062, 0x0042, 0x0042, 0x0042, 0x0062, 0x0062,
  0x0083, 0x0021, 0x33B6, 0x22F1, 0x0000, 0x0000, 0x0000, 0x0000, 0x0000, 0x0000, 0x0000, 0x0000,
  0x0000, 0x0000, 0x0000, 0x0000, 0x0000, 0x0000, 0x2B54, 0x3B95, 0x3189, 0x4A6D, 0x5AEF, 0x6331,
  0x6B32, 0x6B52, 0x6B52, 0x7373, 0x7395, 0x7BB5, 0x7BB6, 0x7394, 0x5AF1, 0x422D, 0x2968, 0x10C5,
  0x0883, 0x0863, 0x0863, 0x0863, 0x0862, 0x0862, 0x0862, 0x0863, 0x0862, 0x0863, 0x0863, 0x0863,
  0x0862, 0x0862, 0x0863, 0x0863, 0x0863, 0x0863, 0x0863, 0x0862, 0x0862, 0x0062, 0x0862, 0x0862,
  0x0862, 0x0862, 0x0062, 0x0062, 0x0062, 0x0062, 0x0062, 0x0062, 0x0062, 0x0862, 0x0862, 0x0862,
  0x0862, 0x0862, 0x0862, 0x0862, 0x0862, 0x0062, 0x0062, 0x0862, 0x0862, 0x0862, 0x0062, 0x0062,
  0x0862, 0x0862, 0x0062, 0x0062, 0x0062, 0x0062, 0x0062, 0x0042, 0x0042, 0x0042, 0x0062, 0x0062,
  0x0042, 0x0062, 0x0062, 0x0062, 0x0062, 0x0042, 0x0062, 0x0062, 0x0862, 0x0062, 0x0062, 0x0062,
  0x0862, 0x0062, 0x0062, 0x0062, 0x0062, 0x0862, 0x0062, 0x0042, 0x0042, 0x0042, 0x0042, 0x0042,
  0x0042, 0x0042, 0x0062, 0x0062, 0x0062, 0x0062, 0x0062, 0x0062, 0x0062, 0x0042, 0x0042, 0x0062,
  0x0062, 0x0062, 0x0042, 0x0062, 0x0062, 0x0062, 0x0062, 0x0062, 0x0062, 0x0062, 0x0062, 0x0062,
  0x0062, 0x0062, 0x0062, 0x0062, 0x0062, 0x0062, 0x0062, 0x0062, 0x0062, 0x0062, 0x0062, 0x0062,
  0x0042, 0x0062, 0x0062, 0x0062, 0x0062, 0x0062, 0x0062, 0x0062, 0x0862, 0x0063, 0x0062, 0x0063,
  0x0063, 0x0063, 0x0062, 0x0062, 0x0062, 0x0062, 0x0042, 0x0042, 0x0042, 0x0042, 0x0042, 0x0042,
  0x0062, 0x0063, 0x0863, 0x0883, 0x0883, 0x0883, 0x0883, 0x08A3, 0x0883, 0x0883, 0x0863, 0x0863,
  0x0062, 0x0062, 0x0863, 0x0883, 0x0883, 0x08A3, 0x08A4, 0x08A4, 0x10A4, 0x08A4, 0x0883, 0x0863,
  0x0062, 0x0042, 0x0042, 0x0042, 0x0062, 0x0863, 0x0883, 0x0883, 0x0863, 0x0062, 0x0042, 0x0042,
  0x0063, 0x0883, 0x08A4, 0x10C4, 0x10E5, 0x10C5, 0x10C5, 0x10E5, 0x10E5, 0x10E5, 0x10E5, 0x1105,
  0x1105, 0x10E5, 0x10C4, 0x08A3, 0x0863, 0x0042, 0x0042, 0x0042, 0x0042, 0x0042, 0x0042, 0x0062,
  0x0042, 0x08C5, 0x3C9C, 0x08E5, 0x0000, 0x0000, 0x0000, 0x0000, 0x0000, 0x0000, 0x0000, 0x0000,
  0x0000, 0x0000, 0x0000, 0x0000, 0x0000, 0x0000, 0x1169, 0x4CDD, 0x5ACF, 0x6B51, 0x6B72, 0x6311,
  0x52AE, 0x4A4D, 0x424C, 0x4A8E, 0x5AF1, 0x6B53, 0x7395, 0x73B5, 0x6B53, 0x4A8E, 0x31AA, 0x1906,
  0x08A4, 0x0863, 0x0863, 0x0862, 0x0862, 0x0862, 0x0862, 0x0863, 0x0862, 0x0863, 0x0863, 0x0863,
  0x0862, 0x0862, 0x0863, 0x0863, 0x0862, 0x0862, 0x0862, 0x0863, 0x0862, 0x0862, 0x0862, 0x0862,
  0x0862, 0x0062, 0x0062, 0x0062, 0x0062, 0x0062, 0x0062, 0x0062, 0x0062, 0x0062, 0x0062, 0x0862,
  0x0062, 0x0862, 0x0862, 0x0062, 0x0863, 0x0062, 0x0062, 0x0062, 0x0062, 0x0062, 0x0062, 0x0042,
  0x0062, 0x0062, 0x0862, 0x0062, 0x0062, 0x0862, 0x0862, 0x0062, 0x0042, 0x0062, 0x0062, 0x0062,
  0x0062, 0x0062, 0x0042, 0x0042, 0x0042, 0x0042, 0x0042, 0x0042, 0x0062, 0x0062, 0x0062, 0x0062,
  0x0062, 0x0062, 0x0062, 0x0062, 0x0062, 0x0062, 0x0062, 0x0042, 0x0042, 0x0042, 0x0042, 0x0042,
  0x0042, 0x0042, 0x0042, 0x0042, 0x0042, 0x0042, 0x0062, 0x0042, 0x0042, 0x0042, 0x0042, 0x0042,
  0x0042, 0x0042, 0x0042, 0x0042, 0x0042, 0x0062, 0x0062, 0x0062, 0x0062, 0x0062, 0x0062, 0x0062,
  0x0062, 0x0062, 0x0062, 0x0062, 0x0062, 0x0062, 0x0062, 0x0062, 0x0062, 0x0062, 0x0062, 0x0062,
  0x0062, 0x0062, 0x0062, 0x0062, 0x0062, 0x0062, 0x0062, 0x0063, 0x0062, 0x0063, 0x0063, 0x0063,
  0x0063, 0x0062, 0x0062, 0x0062, 0x0062, 0x0042, 0x0042, 0x0042, 0x0042, 0x0042, 0x0042, 0x0042,
  0x0062, 0x0863, 0x0863, 0x0883, 0x0883, 0x0883, 0x0883, 0x0883, 0x0883, 0x0863, 0x0062, 0x0062,
  0x0062, 0x0062, 0x0863, 0x0883, 0x0883, 0x08A4, 0x08A4, 0x08A4, 0x08A4, 0x0883, 0x0883, 0x0062,
  0x0042, 0x0042, 0x0042, 0x0042, 0x0062, 0x0063, 0x0063, 0x0063, 0x0062, 0x0042, 0x0042, 0x0062,
  0x0863, 0x08A4, 0x10C4, 0x10C4, 0x10C4, 0x10C4, 0x10C4, 0x10C5, 0x10C5, 0x10E5, 0x10E5, 0x10E5,
  0x10E5, 0x10C5, 0x08A4, 0x0883, 0x0042, 0x0042, 0x0042, 0x0042, 0x0042, 0x0042, 0x0062, 0x0863,
  0x0000, 0x226F, 0x33F8, 0x0000, 0x0000, 0x0000, 0x0000, 0x0000, 0x0000, 0x0000, 0x0000, 0x0000,
  0x0000, 0x0000, 0x0000, 0x0000, 0x0000, 0x0000, 0x0020, 0x3C5A, 0x7458, 0x83B4, 0x7393, 0x5ACF,
  0x3A0B, 0x2968, 0x2147, 0x2988, 0x420C, 0x52B0, 0x6B53, 0x7395, 0x6B74, 0x5AD0, 0x3A0B, 0x2147,
  0x10C4, 0x0883, 0x0862, 0x0862, 0x0862, 0x0862, 0x0862, 0x0862, 0x0862, 0x0863, 0x0863, 0x0863,
  0x0863, 0x0862, 0x0863, 0x0863, 0x0863, 0x0863, 0x0862, 0x0862, 0x0862, 0x0862, 0x0062, 0x0862,
  0x0062, 0x0062, 0x0062, 0x0042, 0x0042, 0x0062, 0x0042, 0x0042, 0x0062, 0x0042, 0x0042, 0x0042,
  0x0062, 0x0062, 0x0062, 0x0062, 0x0862, 0x0062, 0x0062, 0x0042, 0x0062, 0x0062, 0x0042, 0x0042,
  0x0042, 0x0042, 0x0062, 0x0042, 0x0062, 0x0062, 0x0062, 0x0042, 0x0062, 0x0062, 0x0062, 0x0062,
  0x0062, 0x0062, 0x0062, 0x0042, 0x0062, 0x0042, 0x0042, 0x0042, 0x0042, 0x0042, 0x0042, 0x0042,
  0x0042, 0x0062, 0x0062, 0x0062, 0x0062, 0x0042, 0x0042, 0x0042, 0x0042, 0x0042, 0x0042, 0x0062,
  0x0042, 0x0062, 0x0062, 0x0042, 0x0062, 0x0042, 0x0042, 0x0042, 0x0042, 0x0042, 0x0042, 0x0042,
  0x0042, 0x0042, 0x0042, 0x0042, 0x0042, 0x0062, 0x0062, 0x0062, 0x0062, 0x0062, 0x0062, 0x0062,
  0x0062, 0x0062, 0x0062, 0x0062, 0x0062, 0x0062, 0x0062, 0x0062, 0x0062, 0x0062, 0x0062, 0x0062,
  0x0062, 0x0062, 0x0062, 0x0062, 0x0062, 0x0062, 0x0062, 0x0062, 0x0062, 0x0863, 0x0863, 0x0063,
  0x0062, 0x0062, 0x0062, 0x0062, 0x0042, 0x0042, 0x0042, 0x0042, 0x0042, 0x0042, 0x0042, 0x0062,
  0x0062, 0x0863, 0x0863, 0x0883, 0x0883, 0x0883, 0x0863, 0x0862, 0x0062, 0x0062, 0x0062, 0x0062,
  0x0062, 0x0062, 0x0863, 0x0883, 0x0883, 0x08A4, 0x08A4, 0x08A4, 0x08A3, 0x0883, 0x0863, 0x0062,
  0x0042, 0x0042, 0x0042, 0x0042, 0x0062, 0x0062, 0x0042, 0x0042, 0x0042, 0x0042, 0x0062, 0x0062,
  0x0883, 0x08A4, 0x10C4, 0x10C4, 0x10C4, 0x10C4, 0x10C4, 0x10C5, 0x10C5, 0x10E5, 0x10E5, 0x10E5,
  0x10E5, 0x08A4, 0x0883, 0x0062, 0x0042, 0x0042, 0x0042, 0x0042, 0x0042, 0x0042, 0x0062, 0x0063,
  0x0021, 0x3C3A, 0x19EC, 0x0000, 0x0000, 0x0000, 0x0000, 0x0000, 0x0000, 0x0000, 0x0000, 0x0000,
  0x0000, 0x0000, 0x0000, 0x0000, 0x0000, 0x0000, 0x0000, 0x1A6F, 0x651E, 0x83B4, 0x6331, 0x4A4D,
  0x2989, 0x1906, 0x10E5, 0x1906, 0x2989, 0x422D, 0x5AF1, 0x6B53, 0x7374, 0x6332, 0x4A6E, 0x29A9,
  0x1906, 0x08A4, 0x0883, 0x0883, 0x0883, 0x0863, 0x0863, 0x0862, 0x0862, 0x0862, 0x0862, 0x0862,
  0x0862, 0x0862, 0x0862, 0x0862, 0x0863, 0x0862, 0x0863, 0x0862, 0x0062, 0x0862, 0x0062, 0x0062,
  0x0062, 0x0042, 0x0042, 0x0042, 0x0042, 0x0042, 0x0042, 0x0042, 0x0042, 0x0062, 0x0042, 0x0042,
  0x0062, 0x0062, 0x0062, 0x0062, 0x0042, 0x0042, 0x0042, 0x0042, 0x0042, 0x0042, 0x0042, 0x0042,
  0x0042, 0x0042, 0x0042, 0x0062, 0x0062, 0x0042, 0x0042, 0x0042, 0x0042, 0x0042, 0x0042, 0x0042,
  0x0042, 0x0042, 0x0042, 0x0042, 0x0042, 0x0042, 0x0042, 0x0042, 0x0062, 0x0062, 0x0042, 0x0042,
  0x0042, 0x0042, 0x0042, 0x0042, 0x0042, 0x0042, 0x0042, 0x0042, 0x0042, 0x0042, 0x0042, 0x0062,
  0x0042, 0x0062, 0x0042, 0x0062, 0x0062, 0x0062, 0x0042, 0x0042, 0x0062, 0x0062, 0x0062, 0x0062,
  0x0042, 0x0042, 0x0042, 0x0042, 0x0062, 0x0062, 0x0062, 0x0062, 0x0062, 0x0062, 0x0062, 0x0062,
  0x0062, 0x0062, 0x0062, 0x0062, 0x0062, 0x0062, 0x0062, 0x0062, 0x0062, 0x0062, 0x0062, 0x0062,
  0x0062, 0x0062, 0x0042, 0x0042, 0x0062, 0x0062, 0x0062, 0x0062, 0x0062, 0x0063, 0x0062, 0x0062,
  0x0042, 0x0042, 0x0042, 0x0042, 0x0042, 0x0042, 0x0042, 0x0042, 0x0042, 0x0042, 0x0062, 0x0062,
  0x0062, 0x0863, 0x0863, 0x0863, 0x0863, 0x0063, 0x0062, 0x0062, 0x0042, 0x0042, 0x0042, 0x0062,
  0x0062, 0x0063, 0x0863, 0x0883, 0x0883, 0x0883, 0x0883, 0x0883, 0x0883, 0x0863, 0x0862, 0x0062,
  0x0062, 0x0062, 0x0062, 0x0862, 0x0062, 0x0062, 0x0062, 0x0042, 0x0042, 0x0042, 0x0062, 0x0863,
  0x08A3, 0x08C4, 0x10C4, 0x10C4, 0x10C4, 0x10C4, 0x10C4, 0x10C4, 0x10C5, 0x10E5, 0x10E5, 0x10E5,
  0x10C4, 0x08A4, 0x0883, 0x0062, 0x0042, 0x0042, 0x0042, 0x0042, 0x0042, 0x0042, 0x0062, 0x0021,
  0x1189, 0x3CBC, 0x0041, 0x0000, 0x0000, 0x0000, 0x0000, 0x0000, 0x0000, 0x0000, 0x0000, 0x0000,
  0x0000, 0x0000, 0x0000, 0x0000, 0x0000, 0x0000, 0x0000, 0x08A4, 0x44DE, 0x73D5, 0x5ACF, 0x422B,
  0x2988, 0x2127, 0x2126, 0x2147, 0x31C9, 0x4A4D, 0x62F1, 0x7374, 0x7BB5, 0x7395, 0x5AF1, 0x422C,
  0x2989, 0x1926, 0x18E5, 0x10E5, 0x10C4, 0x10A4, 0x0883, 0x0883, 0x0863, 0x0863, 0x0862, 0x0863,
  0x0862, 0x0862, 0x0862, 0x0862, 0x0862, 0x0862, 0x0862, 0x0863, 0x0863, 0x0862, 0x0862, 0x0062,
  0x0042, 0x0042, 0x0042, 0x0042, 0x0042, 0x0042, 0x0042, 0x0042, 0x0062, 0x0062, 0x0862, 0x0062,
  0x0062, 0x0062, 0x0062, 0x0042, 0x0062, 0x0042, 0x0042, 0x0042, 0x0042, 0x0042, 0x0042, 0x0042,
  0x0042, 0x0042, 0x0042, 0x0062, 0x0042, 0x0042, 0x0042, 0x0042, 0x0042, 0x0042, 0x0042, 0x0062,
  0x0062, 0x0062, 0x0062, 0x0042, 0x0042, 0x0042, 0x0062, 0x0062, 0x0042, 0x0042, 0x0062, 0x0042,
  0x0042, 0x0042, 0x0062, 0x0042, 0x0042, 0x0042, 0x0042, 0x0042, 0x0042, 0x0042, 0x0042, 0x0042,
  0x0042, 0x0062, 0x0042, 0x0062, 0x0062, 0x0062, 0x0042, 0x0042, 0x0062, 0x0062, 0x0042, 0x0042,
  0x0042, 0x0042, 0x0042, 0x0062, 0x0062, 0x0062, 0x0062, 0x0062, 0x0062, 0x0062, 0x0062, 0x0062,
  0x0062, 0x0062, 0x0062, 0x0062, 0x0062, 0x0062, 0x0062, 0x0062, 0x0062, 0x0062, 0x0062, 0x0062,
  0x0062, 0x0042, 0x0042, 0x0042, 0x0042, 0x0062, 0x0062, 0x0062, 0x0062, 0x0062, 0x0062, 0x0062,
  0x0042, 0x0042, 0x0042, 0x0042, 0x0042, 0x0042, 0x0042, 0x0042, 0x0042, 0x0062, 0x0062, 0x0862,
  0x0063, 0x0063, 0x0863, 0x0863, 0x0062, 0x0062, 0x0042, 0x0042, 0x0042, 0x0042, 0x0042, 0x0062,
  0x0062, 0x0863, 0x0883, 0x0883, 0x0883, 0x0883, 0x0883, 0x0883, 0x0883, 0x0062, 0x0062, 0x0062,
  0x0062, 0x0062, 0x0062, 0x0062, 0x0062, 0x0042, 0x0042, 0x0042, 0x0062, 0x0062, 0x0863, 0x0883,
  0x08A4, 0x10C4, 0x10C4, 0x10C4, 0x10C4, 0x10C4, 0x10C4, 0x10C4, 0x10C4, 0x10C5, 0x10E5, 0x10E5,
  0x10C4, 0x08A4, 0x0863, 0x0062, 0x0042, 0x0042, 0x0042, 0x0042, 0x0042, 0x0042, 0x0063, 0x0000,
  0x2B96, 0x22F1, 0x0000, 0x0000, 0x0000, 0x0000, 0x0000, 0x0000, 0x0000, 0x0000, 0x0000, 0x0000,
  0x0000, 0x0000, 0x0000, 0x0000, 0x0000, 0x0000, 0x0000, 0x0000, 0x2B75, 0x649A, 0x62EF, 0x4A8D,
  0x422B, 0x420B, 0x422C, 0x4A6D, 0x52AE, 0x6310, 0x7393, 0x83F6, 0x8C37, 0x8417, 0x7394, 0x5AF0,
  0x4A4D, 0x3A0B, 0x31CA, 0x31A9, 0x2968, 0x2147, 0x1906, 0x10E5, 0x10C4, 0x08A4, 0x0883, 0x0863,
  0x0863, 0x0862, 0x0862, 0x0862, 0x0862, 0x0862, 0x0862, 0x0863, 0x0863, 0x0863, 0x0862, 0x0862,
  0x0062, 0x0062, 0x0862, 0x0062, 0x0062, 0x0862, 0x0062, 0x0062, 0x0062, 0x0862, 0x0862, 0x0062,
  0x0862, 0x0862, 0x0062, 0x0062, 0x0062, 0x0062, 0x0042, 0x0062, 0x0042, 0x0062, 0x0062, 0x0062,
  0x0042, 0x0062, 0x0042, 0x0062, 0x0062, 0x0042, 0x0062, 0x0062, 0x0062, 0x0062, 0x0062, 0x0042,
  0x0062, 0x0062, 0x0042, 0x0062, 0x0042, 0x0062, 0x0062, 0x0062, 0x0062, 0x0062, 0x0062, 0x0062,
  0x0042, 0x0062, 0x0042, 0x0062, 0x0062, 0x0042, 0x0042, 0x0042, 0x0042, 0x0042, 0x0042, 0x0042,
  0x0042, 0x0062, 0x0062, 0x0062, 0x0062, 0x0042, 0x0062, 0x0062, 0x0062, 0x0062, 0x0042, 0x0042,
  0x0062, 0x0062, 0x0062, 0x0062, 0x0062, 0x0042, 0x0062, 0x0062, 0x0062, 0x0062, 0x0062, 0x0062,
  0x0042, 0x0042, 0x0062, 0x0062, 0x0062, 0x0062, 0x0062, 0x0062, 0x0062, 0x0062, 0x0062, 0x0062,
  0x0062, 0x0062, 0x0062, 0x0062, 0x0062, 0x0062, 0x0062, 0x0062, 0x0062, 0x0062, 0x0062, 0x0062,
  0x0062, 0x0042, 0x0042, 0x0042, 0x0042, 0x0042, 0x0042, 0x0062, 0x0062, 0x0062, 0x0062, 0x0062,
  0x0862, 0x0063, 0x0062, 0x0062, 0x0062, 0x0062, 0x0042, 0x0042, 0x0042, 0x0042, 0x0062, 0x0062,
  0x0863, 0x0863, 0x0883, 0x0883, 0x0883, 0x0883, 0x0883, 0x0863, 0x0862, 0x0062, 0x0042, 0x0042,
  0x0042, 0x0042, 0x0042, 0x0042, 0x0042, 0x0042, 0x0042, 0x0042, 0x0062, 0x0863, 0x0883, 0x08A3,
  0x08A4, 0x10C4, 0x10C4, 0x10C4, 0x10C4, 0x08C4, 0x08A4, 0x08A4, 0x10C4, 0x10C4, 0x10C4, 0x10C4,
  0x10C4, 0x08A3, 0x0863, 0x0062, 0x0042, 0x0042, 0x0042, 0x0042, 0x0042, 0x0062, 0x0042, 0x08E6,
  0x349C, 0x08A4, 0x0000, 0x0000, 0x0000, 0x0000, 0x0000, 0x0000, 0x0000, 0x0000, 0x0000, 0x0000,
  0x0000, 0x0000, 0x0000, 0x0000, 0x0000, 0x0000, 0x0000, 0x0000, 0x1148, 0x4CFE, 0x7392, 0x6B51,
  0x6B51, 0x6B71, 0x7392, 0x7BD3, 0x83F4, 0x8C36, 0x9477, 0x9C98, 0x9C99, 0x9479, 0x8417, 0x7BB5,
  0x6B73, 0x6332, 0x5AF0, 0x52AF, 0x4A6D, 0x422C, 0x39EB, 0x2989, 0x2147, 0x18E6, 0x10C4, 0x08A3,
  0x0883, 0x0863, 0x0863, 0x0863, 0x0863, 0x0063, 0x0863, 0x0863, 0x0863, 0x0863, 0x0863, 0x0863,
  0x0863, 0x0863, 0x0863, 0x0862, 0x0862, 0x0862, 0x0862, 0x0862, 0x0862, 0x0862, 0x0862, 0x0062,
  0x0862, 0x0862, 0x0062, 0x0862, 0x0062, 0x0062, 0x0862, 0x0062, 0x0862, 0x0062, 0x0062, 0x0062,
  0x0062, 0x0062, 0x0042, 0x0062, 0x0062, 0x0042, 0x0862, 0x0062, 0x0042, 0x0062, 0x0862, 0x0042,
  0x0062, 0x0062, 0x0062, 0x0042, 0x0042, 0x0062, 0x0062, 0x0062, 0x0062, 0x0062, 0x0042, 0x0062,
  0x0062, 0x0042, 0x0062, 0x0042, 0x0062, 0x0042, 0x0042, 0x0042, 0x0042, 0x0062, 0x0062, 0x0042,
  0x0042, 0x0062, 0x0062, 0x0062, 0x0062, 0x0062, 0x0062, 0x0042, 0x0042, 0x0062, 0x0042, 0x0042,
  0x0042, 0x0062, 0x0062, 0x0062, 0x0042, 0x0062, 0x0062, 0x0062, 0x0062, 0x0062, 0x0062, 0x0062,
  0x0062, 0x0042, 0x0042, 0x0062, 0x0062, 0x0062, 0x0062, 0x0062, 0x0062, 0x0062, 0x0062, 0x0062,
  0x0062, 0x0062, 0x0062, 0x0062, 0x0062, 0x0062, 0x0062, 0x0062, 0x0062, 0x0062, 0x0062, 0x0062,
  0x0062, 0x0042, 0x0042, 0x0042, 0x0042, 0x0042, 0x0042, 0x0042, 0x0042, 0x0062, 0x0042, 0x0062,
  0x0062, 0x0062, 0x0062, 0x0062, 0x0062, 0x0062, 0x0042, 0x0042, 0x0042, 0x0042, 0x0062, 0x0062,
  0x0863, 0x0863, 0x0863, 0x0883, 0x0883, 0x0883, 0x0863, 0x0862, 0x0062, 0x0062, 0x0042, 0x0042,
  0x0042, 0x0042, 0x0042, 0x0042, 0x0042, 0x0042, 0x0042, 0x0042, 0x0062, 0x0863, 0x0883, 0x08A4,
  0x08A4, 0x10C4, 0x10C4, 0x10A4, 0x10A4, 0x08A4, 0x08A3, 0x08A4, 0x08A4, 0x10C4, 0x10C4, 0x10C4,
  0x08A4, 0x0883, 0x0062, 0x0042, 0x0042, 0x0042, 0x0042, 0x0042, 0x0042, 0x0063, 0x0000, 0x22F2,
  0x2B75, 0x0000, 0x0000, 0x0000, 0x0000, 0x0000, 0x0000, 0x0000, 0x0000, 0x0000, 0x0000, 0x0000,
  0x0000, 0x0000, 0x0000, 0x0000, 0x0000, 0x0000, 0x0000, 0x0000, 0x0000, 0x3419, 0x749A, 0x8C14,
  0x9476, 0x9C97, 0xA4B8, 0xA4D8, 0xACF9, 0xACFA, 0xACFA, 0xA4DA, 0xA4DA, 0x9CB9, 0x9479, 0x9458,
  0x8C37, 0x8C17, 0x83F6, 0x7BB5, 0x7373, 0x6332, 0x5AD0, 0x4A6E, 0x3A0B, 0x2989, 0x2147, 0x18E5,
  0x10A4, 0x0883, 0x0863, 0x0863, 0x0863, 0x0062, 0x0862, 0x0862, 0x0862, 0x0062, 0x0062, 0x0062,
  0x0862, 0x0062, 0x0062, 0x0862, 0x0062, 0x0062, 0x0062, 0x0062, 0x0862, 0x0062, 0x0062, 0x0062,
  0x0862, 0x0062, 0x0862, 0x0862, 0x0062, 0x0862, 0x0862, 0x0062, 0x0062, 0x0862, 0x0862, 0x0062,
  0x0862, 0x0062, 0x0062, 0x0062, 0x0862, 0x0062, 0x0062, 0x0062, 0x0062, 0x0062, 0x0062, 0x0062,
  0x0062, 0x0862, 0x0062, 0x0062, 0x0062, 0x0062, 0x0062, 0x0062, 0x0862, 0x0862, 0x0062, 0x0062,
  0x0062, 0x0862, 0x0062, 0x0062, 0x0062, 0x0042, 0x0042, 0x0042, 0x0042, 0x0042, 0x0042, 0x0062,
  0x0042, 0x0062, 0x0062, 0x0062, 0x0062, 0x0042, 0x0042, 0x0062, 0x0062, 0x0042, 0x0062, 0x0062,
  0x0062, 0x0062, 0x0042, 0x0042, 0x0062, 0x0062, 0x0062, 0x0062, 0x0062, 0x0062, 0x0062, 0x0062,
  0x0062, 0x0062, 0x0062, 0x0062, 0x0062, 0x0062, 0x0062, 0x0062, 0x0062, 0x0062, 0x0062, 0x0062,
  0x0062, 0x0062, 0x0062, 0x0062, 0x0062, 0x0062, 0x0062, 0x0062, 0x0042, 0x0042, 0x0042, 0x0062,
  0x0062, 0x0042, 0x0042, 0x0042, 0x0042, 0x0042, 0x0042, 0x0042, 0x0042, 0x0042, 0x0042, 0x0042,
  0x0062, 0x0042, 0x0042, 0x0062, 0x0042, 0x0042, 0x0042, 0x0042, 0x0042, 0x0042, 0x0062, 0x0862,
  0x0063, 0x0863, 0x0863, 0x0863, 0x0863, 0x0863, 0x0863, 0x0062, 0x0062, 0x0062, 0x0062, 0x0042,
  0x0042, 0x0042, 0x0042, 0x0042, 0x0042, 0x0042, 0x0042, 0x0042, 0x0062, 0x0883, 0x0883, 0x08A4,
  0x08A4, 0x08C4, 0x08A4, 0x08A4, 0x08A4, 0x0883, 0x0883, 0x0883, 0x08A3, 0x08A4, 0x08A4, 0x08A4,
  0x0883, 0x0863, 0x0062, 0x0042, 0x0062, 0x0042, 0x0042, 0x0042, 0x0062, 0x0042, 0x0883, 0x3C9C,
  0x0927, 0x0000, 0x0000, 0x0000, 0x0000, 0x0000, 0x0000, 0x0000, 0x0000, 0x0000, 0x0000, 0x0000,
  0x0000, 0x0000, 0x0000, 0x0000, 0x0000, 0x0000, 0x0000, 0x0020, 0x0000, 0x120C, 0x5D5F, 0xA4B7,
  0xAD19, 0xB53A, 0xB53A, 0xB53B, 0xB53B, 0xB51B, 0xAD1B, 0xACFA, 0xA4DA, 0xA4BA, 0x9C99, 0x9C99,
  0x9479, 0x9479, 0x9479, 0x9458, 0x8C37, 0x7BF6, 0x7394, 0x6B53, 0x5AD0, 0x4A6E, 0x39EB, 0x2968,
  0x1906, 0x10C5, 0x0883, 0x0863, 0x0863, 0x0862, 0x0062, 0x0862, 0x0862, 0x0862, 0x0062, 0x0862,
  0x0862, 0x0062, 0x0062, 0x0062, 0x0042, 0x0062, 0x0062, 0x0062, 0x0062, 0x0062, 0x0062, 0x0062,
  0x0062, 0x0062, 0x0062, 0x0062, 0x0862, 0x0062, 0x0862, 0x0062, 0x0062, 0x0862, 0x0862, 0x0062,
  0x0862, 0x0862, 0x0862, 0x0862, 0x0862, 0x0862, 0x0862, 0x0062, 0x0062, 0x0062, 0x0062, 0x0062,
  0x0062, 0x0862, 0x0062, 0x0062, 0x0062, 0x0062, 0x0062, 0x0862, 0x0062, 0x0062, 0x0062, 0x0062,
  0x0062, 0x0062, 0x0062, 0x0062, 0x0062, 0x0042, 0x0062, 0x0062, 0x0042, 0x0042, 0x0042, 0x0042,
  0x0042, 0x0042, 0x0042, 0x0062, 0x0062, 0x0062, 0x0042, 0x0042, 0x0062, 0x0042, 0x0062, 0x0062,
  0x0062, 0x0062, 0x0062, 0x0062, 0x0062, 0x0062, 0x0062, 0x0062, 0x0062, 0x0062, 0x0062, 0x0062,
  0x0062, 0x0062, 0x0062, 0x0062, 0x0062, 0x0062, 0x0062, 0x0062, 0x0062, 0x0062, 0x0062, 0x0062,
  0x0062, 0x0062, 0x0062, 0x0062, 0x0062, 0x0042, 0x0062, 0x0062, 0x0042, 0x0042, 0x0042, 0x0062,
  0x0042, 0x0042, 0x0042, 0x0042, 0x0042, 0x0042, 0x0042, 0x0042, 0x0042, 0x0042, 0x0042, 0x0042,
  0x0042, 0x0042, 0x0042, 0x0042, 0x0042, 0x0042, 0x0042, 0x0042, 0x0042, 0x0062, 0x0062, 0x0863,
  0x0863, 0x0063, 0x0863, 0x0863, 0x0062, 0x0062, 0x0062, 0x0062, 0x0062, 0x0042, 0x0062, 0x0042,
  0x0042, 0x0042, 0x0042, 0x0042, 0x0042, 0x0042, 0x0042, 0x0062, 0x0863, 0x0883, 0x0883, 0x08A4,
  0x08A4, 0x08A4, 0x08A4, 0x08A4, 0x0883, 0x0883, 0x0863, 0x0863, 0x0883, 0x08A3, 0x08A4, 0x08A3,
  0x0883, 0x0863, 0x0062, 0x0042, 0x0042, 0x0042, 0x0042, 0x0042, 0x0863, 0x0000, 0x228F, 0x3418,
  0x0000, 0x0000, 0x0000, 0x0000, 0x0000, 0x0000, 0x0000, 0x0000, 0x0000, 0x0000, 0x0000, 0x0000,
  0x0000, 0x0000, 0x0000, 0x0000, 0x0000, 0x0000, 0x0000, 0x0000, 0x0000, 0x0041, 0x347B, 0x8CDA,
  0xA497, 0x9CB8, 0x9CB8, 0xA4B8, 0xA4D8, 0xA4B8, 0xA4B8, 0x9C98, 0x9C98, 0x9478, 0x9458, 0x8C57,
  0x8C37, 0x8C17, 0x8C17, 0x8417, 0x83F7, 0x83F7, 0x7BD6, 0x7395, 0x6B74, 0x6312, 0x52B0, 0x424D,
  0x31AA, 0x2147, 0x10E5, 0x08A4, 0x0863, 0x0863, 0x0862, 0x0862, 0x0062, 0x0862, 0x0862, 0x0862,
  0x0862, 0x0862, 0x0862, 0x0862, 0x0862, 0x0062, 0x0862, 0x0062, 0x0862, 0x0862, 0x0862, 0x0862,
  0x0062, 0x0062, 0x0062, 0x0062, 0x0862, 0x0862, 0x0862, 0x0862, 0x0862, 0x0062, 0x0062, 0x0862,
  0x0862, 0x0862, 0x0862, 0x0862, 0x0862, 0x0862, 0x0862, 0x0062, 0x0062, 0x0062, 0x0062, 0x0062,
  0x0862, 0x0862, 0x0862, 0x0062, 0x0062, 0x0062, 0x0062, 0x0062, 0x0062, 0x0862, 0x0062, 0x0062,
  0x0062, 0x0062, 0x0062, 0x0062, 0x0062, 0x0062, 0x0062, 0x0062, 0x0042, 0x0042, 0x0042, 0x0042,
  0x0062, 0x0062, 0x0062, 0x0062, 0x0062, 0x0042, 0x0042, 0x0042, 0x0042, 0x0042, 0x0062, 0x0042,
  0x0042, 0x0042, 0x0042, 0x0062, 0x0062, 0x0062, 0x0062, 0x0062, 0x0062, 0x0062, 0x0062, 0x0062,
  0x0062, 0x0062, 0x0062, 0x0062, 0x0062, 0x0062, 0x0062, 0x0062, 0x0062, 0x0062, 0x0062, 0x0062,
  0x0062, 0x0062, 0x0062, 0x0062, 0x0062, 0x0062, 0x0062, 0x0042, 0x0042, 0x0042, 0x0042, 0x0042,
  0x0042, 0x0042, 0x0042, 0x0042, 0x0042, 0x0042, 0x0042, 0x0042, 0x0042, 0x0042, 0x0042, 0x0042,
  0x0042, 0x0042, 0x0042, 0x0042, 0x0042, 0x0042, 0x0042, 0x0042, 0x0042, 0x0062, 0x0062, 0x0863,
  0x0863, 0x0862, 0x0062, 0x0062, 0x0062, 0x0062, 0x0062, 0x0042, 0x0042, 0x0062, 0x0042, 0x0042,
  0x0042, 0x0042, 0x0042, 0x0042, 0x0042, 0x0042, 0x0062, 0x0062, 0x0863, 0x0883, 0x08A3, 0x08A4,
  0x08A4, 0x08A4, 0x08A3, 0x0883, 0x0883, 0x0863, 0x0063, 0x0863, 0x0883, 0x0883, 0x0883, 0x0883,
  0x0883, 0x0062, 0x0042, 0x0042, 0x0042, 0x0042, 0x0042, 0x0062, 0x0062, 0x0042, 0x3CBC, 0x11CA,
  0x0000, 0x0000, 0x0000, 0x0000, 0x0000, 0x0000, 0x0000, 0x0000, 0x0000, 0x0000, 0x0000, 0x0000,
  0x0000, 0x0000, 0x0000, 0x0000, 0x0000, 0x0000, 0x0000, 0x0000, 0x0000, 0x0000, 0x1A6F, 0x5CFE,
  0x7BB3, 0x73B3, 0x7392, 0x7393, 0x7BB3, 0x7393, 0x7393, 0x7393, 0x7393, 0x7372, 0x6B72, 0x6B52,
  0x6B52, 0x6B32, 0x6332, 0x6332, 0x6332, 0x6332, 0x6332, 0x6333, 0x6333, 0x6333, 0x5B12, 0x52D0,
  0x4A6E, 0x39EB, 0x2968, 0x1906, 0x10A4, 0x0883, 0x0863, 0x0862, 0x0862, 0x0862, 0x0862, 0x0862,
  0x0062, 0x0062, 0x0062, 0x0862, 0x0862, 0x0862, 0x0862, 0x0062, 0x0062, 0x0862, 0x0062, 0x0862,
  0x0862, 0x0062, 0x0862, 0x0862, 0x0862, 0x0862, 0x0862, 0x0862, 0x0862, 0x0862, 0x0862, 0x0862,
  0x0862, 0x0862, 0x0862, 0x0862, 0x0862, 0x0862, 0x0862, 0x0862, 0x0862, 0x0862, 0x0062, 0x0062,
  0x0062, 0x0062, 0x0062, 0x0062, 0x0042, 0x0062, 0x0062, 0x0062, 0x0862, 0x0862, 0x0062, 0x0062,
  0x0062, 0x0062, 0x0062, 0x0062, 0x0062, 0x0062, 0x0062, 0x0062, 0x0062, 0x0062, 0x0042, 0x0062,
  0x0062, 0x0062, 0x0062, 0x0042, 0x0042, 0x0042, 0x0042, 0x0042, 0x0042, 0x0042, 0x0042, 0x0042,
  0x0042, 0x0042, 0x0042, 0x0062, 0x0062, 0x0062, 0x0062, 0x0062, 0x0042, 0x0042, 0x0062, 0x0062,
  0x0062, 0x0062, 0x0062, 0x0062, 0x0062, 0x0062, 0x0062, 0x0062, 0x0062, 0x0062, 0x0062, 0x0062,
  0x0062, 0x0062, 0x0062, 0x0062, 0x0062, 0x0062, 0x0042, 0x0042, 0x0042, 0x0042, 0x0042, 0x0042,
  0x0042, 0x0042, 0x0042, 0x0042, 0x0042, 0x0042, 0x0042, 0x0042, 0x0042, 0x0042, 0x0042, 0x0042,
  0x0042, 0x0042, 0x0042, 0x0042, 0x0042, 0x0042, 0x0042, 0x0042, 0x0062, 0x0062, 0x0862, 0x0062,
  0x0062, 0x0062, 0x0042, 0x0042, 0x0042, 0x0042, 0x0042, 0x0042, 0x0042, 0x0042, 0x0042, 0x0042,
  0x0042, 0x0062, 0x0042, 0x0042, 0x0042, 0x0062, 0x0062, 0x0863, 0x0883, 0x0883, 0x0883, 0x08A4,
  0x08A3, 0x08A3, 0x0883, 0x0883, 0x0863, 0x0062, 0x0062, 0x0062, 0x0863, 0x0883, 0x0883, 0x0883,
  0x0863, 0x0062, 0x0042, 0x0042, 0x0042, 0x0042, 0x0062, 0x0863, 0x0000, 0x1A4E, 0x3C5A, 0x0000,
  0x0000, 0x0000, 0x0000, 0x0000, 0x0000, 0x0000, 0x0000, 0x0000, 0x0000, 0x0000, 0x0000, 0x0000,
  0x0000, 0x0000, 0x0000, 0x0000, 0x0000, 0x0000, 0x0000, 0x0000, 0x0000, 0x0000, 0x0062, 0x3CBD,
  0x5B94, 0x5AAE, 0x528E, 0x4A6D, 0x4A4D, 0x424C, 0x424C, 0x424C, 0x424C, 0x422C, 0x420B, 0x3A0B,
  0x3A0B, 0x3A0B, 0x3A0B, 0x3A0B, 0x3A0C, 0x3A0C, 0x422D, 0x424D, 0x4A6E, 0x4A8F, 0x52AF, 0x52AF,
  0x528F, 0x4A4D, 0x39EB, 0x2988, 0x1906, 0x10C4, 0x0883, 0x0863, 0x0862, 0x0862, 0x0862, 0x0862,
  0x0862, 0x0862, 0x0862, 0x0862, 0x0862, 0x0862, 0x0862, 0x0862, 0x0062, 0x0862, 0x0062, 0x0862,
  0x0862, 0x0862, 0x0862, 0x0862, 0x0862, 0x0862, 0x0862, 0x0862, 0x0862, 0x0862, 0x0862, 0x0862,
  0x0862, 0x0863, 0x0862, 0x0862, 0x0862, 0x0862, 0x0862, 0x0862, 0x0862, 0x0062, 0x0862, 0x0862,
  0x0062, 0x0062, 0x0062, 0x0042, 0x0042, 0x0042, 0x0062, 0x0062, 0x0062, 0x0062, 0x0062, 0x0062,
  0x0062, 0x0062, 0x0062, 0x0062, 0x0062, 0x0042, 0x0042, 0x0042, 0x0062, 0x0042, 0x0062, 0x0042,
  0x0042, 0x0042, 0x0042, 0x0042, 0x0042, 0x0042, 0x0042, 0x0042, 0x0042, 0x0062, 0x0042, 0x0062,
  0x0062, 0x0062, 0x0042, 0x0062, 0x0062, 0x0042, 0x0062, 0x0062, 0x0042, 0x0042, 0x0062, 0x0062,
  0x0062, 0x0062, 0x0062, 0x0062, 0x0062, 0x0062, 0x0062, 0x0062, 0x0062, 0x0062, 0x0062, 0x0062,
  0x0062, 0x0062, 0x0062, 0x0062, 0x0062, 0x0062, 0x0062, 0x0062, 0x0042, 0x0042, 0x0042, 0x0042,
  0x0042, 0x0042, 0x0042, 0x0042, 0x0042, 0x0042, 0x0042, 0x0042, 0x0042, 0x0042, 0x0042, 0x0042,
  0x0042, 0x0042, 0x0042, 0x0042, 0x0042, 0x0042, 0x0042, 0x0042, 0x0042, 0x0062, 0x0862, 0x0062,
  0x0062, 0x0042, 0x0042, 0x0042, 0x0042, 0x0042, 0x0042, 0x0042, 0x0042, 0x0042, 0x0042, 0x0042,
  0x0042, 0x0042, 0x0042, 0x0042, 0x0042, 0x0062, 0x0062, 0x0863, 0x0883, 0x0883, 0x0883, 0x08A3,
  0x08A3, 0x0883, 0x0863, 0x0862, 0x0062, 0x0042, 0x0062, 0x0062, 0x0863, 0x0883, 0x0883, 0x0863,
  0x0862, 0x0062, 0x0042, 0x0042, 0x0042, 0x0042, 0x0062, 0x0062, 0x0042, 0x3C9B, 0x11AA, 0x0000,
  0x0000, 0x0000, 0x0000, 0x0000, 0x0000, 0x0000, 0x0000, 0x0000, 0x0000, 0x0000, 0x0000, 0x0000,
  0x0000, 0x0000, 0x0000, 0x0000, 0x0000, 0x0000, 0x0000, 0x0000, 0x0000, 0x0000, 0x0000, 0x22D1,
  0x4C7B, 0x4A2C, 0x422C, 0x31CA, 0x2988, 0x2147, 0x2147, 0x2126, 0x2126, 0x2126, 0x1926, 0x1906,
  0x1906, 0x1906, 0x1906, 0x1906, 0x1906, 0x2126, 0x2127, 0x2147, 0x2968, 0x2989, 0x31CA, 0x3A0B,
  0x422C, 0x422D, 0x420C, 0x31CA, 0x2968, 0x1906, 0x10C4, 0x0883, 0x0863, 0x0862, 0x0862, 0x0862,
  0x0862, 0x0862, 0x0862, 0x0862, 0x0862, 0x0862, 0x0862, 0x0862, 0x0862, 0x0862, 0x0862, 0x0862,
  0x0862, 0x0862, 0x0862, 0x0862, 0x0862, 0x0862, 0x0862, 0x0862, 0x0862, 0x0862, 0x0862, 0x0862,
  0x0862, 0x0862, 0x0862, 0x0862, 0x0862, 0x0862, 0x0862, 0x0862, 0x0862, 0x0862, 0x0862, 0x0862,
  0x0062, 0x0062, 0x0062, 0x0042, 0x0042, 0x0062, 0x0062, 0x0062, 0x0042, 0x0042, 0x0042, 0x0062,
  0x0062, 0x0062, 0x0042, 0x0042, 0x0042, 0x0062, 0x0062, 0x0062, 0x0062, 0x0062, 0x0062, 0x0062,
  0x0062, 0x0062, 0x0062, 0x0042, 0x0062, 0x0062, 0x0042, 0x0062, 0x0062, 0x0062, 0x0062, 0x0042,
  0x0062, 0x0062, 0x0042, 0x0062, 0x0062, 0x0062, 0x0062, 0x0062, 0x0062, 0x0042, 0x0042, 0x0062,
  0x0062, 0x0062, 0x0062, 0x0062, 0x0062, 0x0062, 0x0062, 0x0062, 0x0062, 0x0062, 0x0062, 0x0062,
  0x0062, 0x0062, 0x0062, 0x0062, 0x0062, 0x0062, 0x0062, 0x0062, 0x0042, 0x0042, 0x0042, 0x0042,
  0x0042, 0x0042, 0x0042, 0x0042, 0x0042, 0x0042, 0x0042, 0x0042, 0x0042, 0x0042, 0x0042, 0x0042,
  0x0042, 0x0042, 0x0042, 0x0042, 0x0042, 0x0042, 0x0042, 0x0062, 0x0062, 0x0062, 0x0062, 0x0062,
  0x0062, 0x0042, 0x0042, 0x0042, 0x0042, 0x0042, 0x0042, 0x0042, 0x0042, 0x0042, 0x0042, 0x0042,
  0x0042, 0x0042, 0x0042, 0x0042, 0x0042, 0x0062, 0x0863, 0x0863, 0x0883, 0x0883, 0x0883, 0x0883,
  0x0883, 0x0883, 0x0863, 0x0062, 0x0062, 0x0042, 0x0042, 0x0062, 0x0063, 0x0863, 0x0863, 0x0063,
  0x0062, 0x0042, 0x0042, 0x0042, 0x0042, 0x0062, 0x0863, 0x0000, 0x224E, 0x3C5A, 0x0000, 0x0000,
  0x0000, 0x0000, 0x0000, 0x0000, 0x0000, 0x0000, 0x0000, 0x0000, 0x0000, 0x0000, 0x0000, 0x0000,
  0x0000, 0x0000, 0x0000, 0x0000, 0x0000, 0x0000, 0x0000, 0x0000, 0x0000, 0x0000, 0x0000, 0x0883,
  0x3CBD, 0x5311, 0x422C, 0x31CA, 0x2968, 0x1926, 0x10E5, 0x10C4, 0x10A4, 0x08A4, 0x0883, 0x0883,
  0x0883, 0x0883, 0x0883, 0x0883, 0x0883, 0x08A3, 0x10A4, 0x10A4, 0x10C5, 0x18E5, 0x1906, 0x2147,
  0x2968, 0x31A9, 0x31CA, 0x31AA, 0x2968, 0x2127, 0x18E5, 0x10A4, 0x0883, 0x0863, 0x0862, 0x0862,
  0x0862, 0x0862, 0x0862, 0x0862, 0x0862, 0x0862, 0x0862, 0x0862, 0x0862, 0x0862, 0x0862, 0x0862,
  0x0862, 0x0862, 0x0862, 0x0862, 0x0862, 0x0862, 0x0862, 0x0862, 0x0862, 0x0862, 0x0862, 0x0862,
  0x0862, 0x0862, 0x0862, 0x0862, 0x0862, 0x0862, 0x0862, 0x0862, 0x0862, 0x0862, 0x0862, 0x0862,
  0x0062, 0x0062, 0x0062, 0x0062, 0x0042, 0x0062, 0x0062, 0x0062, 0x0042, 0x0042, 0x0042, 0x0042,
  0x0062, 0x0062, 0x0062, 0x0042, 0x0042, 0x0042, 0x0062, 0x0062, 0x0042, 0x0042, 0x0062, 0x0062,
  0x0062, 0x0062, 0x0062, 0x0062, 0x0062, 0x0062, 0x0062, 0x0062, 0x0062, 0x0062, 0x0062, 0x0042,
  0x0062, 0x0042, 0x0042, 0x0062, 0x0062, 0x0062, 0x0042, 0x0042, 0x0042, 0x0042, 0x0042, 0x0062,
  0x0062, 0x0062, 0x0062, 0x0062, 0x0062, 0x0062, 0x0062, 0x0062, 0x0062, 0x0062, 0x0062, 0x0062,
  0x0062, 0x0062, 0x0062, 0x0062, 0x0062, 0x0062, 0x0062, 0x0062, 0x0042, 0x0042, 0x0042, 0x0042,
  0x0042, 0x0042, 0x0042, 0x0042, 0x0042, 0x0042, 0x0042, 0x0042, 0x0042, 0x0042, 0x0042, 0x0042,
  0x0042, 0x0042, 0x0042, 0x0042, 0x0042, 0x0042, 0x0042, 0x0042, 0x0062, 0x0062, 0x0062, 0x0062,
  0x0042, 0x0042, 0x0042, 0x0042, 0x0042, 0x0042, 0x0042, 0x0042, 0x0042, 0x0042, 0x0042, 0x0042,
  0x0042, 0x0042, 0x0042, 0x0042, 0x0062, 0x0062, 0x0863, 0x0883, 0x0883, 0x0883, 0x0883, 0x0883,
  0x0883, 0x0863, 0x0862, 0x0062, 0x0042, 0x0042, 0x0042, 0x0042, 0x0062, 0x0863, 0x0062, 0x0062,
  0x0062, 0x0042, 0x0042, 0x0042, 0x0062, 0x0062, 0x0062, 0x0842, 0x3C7C, 0x11AA, 0x0000, 0x0000,
  0x0000, 0x0000, 0x0000, 0x0000, 0x0000, 0x0000, 0x0000, 0x0000, 0x0000, 0x0000, 0x0000, 0x0000,
  0x0000, 0x0000, 0x0000, 0x0000, 0x0000, 0x0000, 0x0000, 0x0000, 0x0000, 0x0000, 0x0000, 0x0000,
  0x22D1, 0x54BC, 0x5AAE, 0x4A6D, 0x39EB, 0x2989, 0x2126, 0x10E5, 0x10A4, 0x0883, 0x0883, 0x0863,
  0x0863, 0x0862, 0x0863, 0x0862, 0x0862, 0x0863, 0x0863, 0x0883, 0x0883, 0x0883, 0x10A4, 0x10C4,
  0x18E5, 0x1906, 0x2127, 0x2147, 0x2147, 0x2126, 0x18E5, 0x10C4, 0x0883, 0x0883, 0x0863, 0x0862,
  0x0862, 0x0862, 0x0862, 0x0862, 0x0862, 0x0862, 0x0862, 0x0862, 0x0862, 0x0862, 0x0862, 0x0862,
  0x0862, 0x0862, 0x0862, 0x0862, 0x0863, 0x0862, 0x0862, 0x0862, 0x0862, 0x0862, 0x0862, 0x0862,
  0x0862, 0x0862, 0x0862, 0x0862, 0x0862, 0x0862, 0x0862, 0x0862, 0x0862, 0x0862, 0x0862, 0x0862,
  0x0862, 0x0062, 0x0062, 0x0062, 0x0062, 0x0062, 0x0062, 0x0042, 0x0062, 0x0062, 0x0042, 0x0062,
  0x0062, 0x0062, 0x0062, 0x0042, 0x0042, 0x0042, 0x0062, 0x0062, 0x0062, 0x0062, 0x0062, 0x0062,
  0x0042, 0x0042, 0x0042, 0x0042, 0x0062, 0x0062, 0x0062, 0x0062, 0x0062, 0x0062, 0x0062, 0x0062,
  0x0042, 0x0042, 0x0042, 0x0042, 0x0042, 0x0042, 0x0042, 0x0042, 0x0042, 0x0042, 0x0062, 0x0062,
  0x0062, 0x0062, 0x0062, 0x0062, 0x0062, 0x0062, 0x0062, 0x0062, 0x0062, 0x0062, 0x0062, 0x0062,
  0x0042, 0x0062, 0x0042, 0x0062, 0x0062, 0x0062, 0x0062, 0x0062, 0x0042, 0x0042, 0x0042, 0x0042,
  0x0062, 0x0042, 0x0042, 0x0042, 0x0042, 0x0042, 0x0042, 0x0042, 0x0042, 0x0042, 0x0042, 0x0042,
  0x0042, 0x0042, 0x0042, 0x0042, 0x0042, 0x0062, 0x0062, 0x0062, 0x0062, 0x0062, 0x0042, 0x0042,
  0x0042, 0x0042, 0x0042, 0x0042, 0x0042, 0x0042, 0x0042, 0x0042, 0x0042, 0x0042, 0x0042, 0x0042,
  0x0042, 0x0042, 0x0042, 0x0042, 0x0062, 0x0862, 0x0863, 0x0883, 0x0883, 0x0883, 0x0883, 0x0883,
  0x0863, 0x0062, 0x0062, 0x0042, 0x0042, 0x0042, 0x0042, 0x0042, 0x0062, 0x0062, 0x0062, 0x0062,
  0x0042, 0x0042, 0x0042, 0x0042, 0x0042, 0x0863, 0x0000, 0x226F, 0x2BF9, 0x0000, 0x0000, 0x0000,
  0x0000, 0x0000, 0x0000, 0x0000, 0x0000, 0x0000, 0x0000, 0x0000, 0x0000, 0x0000, 0x0000, 0x0000,
  0x0000, 0x0000, 0x0000, 0x0000, 0x0000, 0x0000, 0x0000, 0x0000, 0x0000, 0x0000, 0x0000, 0x0000,
  0x0062, 0x3CBD, 0x6395, 0x62F0, 0x52AF, 0x422C, 0x31A9, 0x2147, 0x18E5, 0x10A4, 0x0883, 0x0863,
  0x0863, 0x0863, 0x0863, 0x0862, 0x0862, 0x0862, 0x0862, 0x0862, 0x0862, 0x0863, 0x0863, 0x0883,
  0x0883, 0x10A4, 0x10C4, 0x10C5, 0x18E5, 0x18E5, 0x10C5, 0x10C4, 0x08A3, 0x0883, 0x0863, 0x0862,
  0x0862, 0x0862, 0x0862, 0x0862, 0x0862, 0x0862, 0x0862, 0x0862, 0x0862, 0x0862, 0x0863, 0x0862,
  0x0862, 0x0862, 0x0862, 0x0863, 0x0862, 0x0863, 0x0862, 0x0862, 0x0862, 0x0862, 0x0862, 0x0862,
  0x0862, 0x0862, 0x0862, 0x0862, 0x0862, 0x0862, 0x0862, 0x0862, 0x0862, 0x0862, 0x0862, 0x0862,
  0x0862, 0x0862, 0x0062, 0x0062, 0x0862, 0x0862, 0x0062, 0x0062, 0x0042, 0x0062, 0x0062, 0x0062,
  0x0062, 0x0062, 0x0062, 0x0062, 0x0062, 0x0042, 0x0062, 0x0062, 0x0062, 0x0062, 0x0062, 0x0062,
  0x0062, 0x0042, 0x0042, 0x0042, 0x0042, 0x0042, 0x0062, 0x0062, 0x0062, 0x0042, 0x0042, 0x0042,
  0x0042, 0x0042, 0x0042, 0x0042, 0x0042, 0x0042, 0x0042, 0x0042, 0x0042, 0x0062, 0x0042, 0x0062,
  0x0062, 0x0062, 0x0062, 0x0062, 0x0062, 0x0062, 0x0062, 0x0062, 0x0062, 0x0062, 0x0042, 0x0062,
  0x0062, 0x0062, 0x0042, 0x0062, 0x0062, 0x0062, 0x0062, 0x0062, 0x0042, 0x0042, 0x0062, 0x0042,
  0x0062, 0x0062, 0x0042, 0x0042, 0x0042, 0x0042, 0x0042, 0x0042, 0x0042, 0x0042, 0x0042, 0x0042,
  0x0042, 0x0042, 0x0042, 0x0042, 0x0042, 0x0042, 0x0062, 0x0062, 0x0062, 0x0042, 0x0042, 0x0042,
  0x0042, 0x0042, 0x0042, 0x0042, 0x0042, 0x0042, 0x0042, 0x0042, 0x0042, 0x0042, 0x0042, 0x0042,
  0x0042, 0x0042, 0x0042, 0x0042, 0x0062, 0x0862, 0x0863, 0x0883, 0x0883, 0x0883, 0x0883, 0x0863,
  0x0062, 0x0062, 0x0042, 0x0042, 0x0042, 0x0042, 0x0042, 0x0042, 0x0042, 0x0062, 0x0062, 0x0042,
  0x0042, 0x0042, 0x0042, 0x0062, 0x0062, 0x0042, 0x0884, 0x3CDD, 0x1148, 0x0000, 0x0000, 0x0000,
  0x0000, 0x0000, 0x0000, 0x0000, 0x0000, 0x0000, 0x0000, 0x0000, 0x0000, 0x0000, 0x0000, 0x0000,
  0x0000, 0x0000, 0x0000, 0x0000, 0x0000, 0x0000, 0x0000, 0x0000, 0x0000, 0x0000, 0x0000, 0x0000,
  0x0000, 0x1A8F, 0x54BD, 0x62CF, 0x5AD0, 0x4A6E, 0x3A0C, 0x31CA, 0x2148, 0x18E5, 0x10A4, 0x0883,
  0x0883, 0x0863, 0x0862, 0x0862, 0x0862, 0x0862, 0x0862, 0x0862, 0x0863, 0x0862, 0x0863, 0x0863,
  0x0863, 0x0863, 0x0883, 0x0883, 0x10A4, 0x10A4, 0x10A4, 0x08A4, 0x0883, 0x0883, 0x0863, 0x0863,
  0x0862, 0x0863, 0x0862, 0x0862, 0x0862, 0x0862, 0x0862, 0x0862, 0x0862, 0x0862, 0x0862, 0x0862,
  0x0863, 0x0863, 0x0863, 0x0863, 0x0862, 0x0862, 0x0862, 0x0862, 0x0862, 0x0862, 0x0862, 0x0862,
  0x0862, 0x0862, 0x0862, 0x0862, 0x0862, 0x0862, 0x0862, 0x0862, 0x0862, 0x0862, 0x0862, 0x0862,
  0x0862, 0x0862, 0x0862, 0x0062, 0x0062, 0x0862, 0x0062, 0x0042, 0x0042, 0x0062, 0x0062, 0x0062,
  0x0062, 0x0062, 0x0062, 0x0862, 0x0062, 0x0062, 0x0062, 0x0062, 0x0062, 0x0062, 0x0062, 0x0062,
  0x0062, 0x0042, 0x0042, 0x0042, 0x0042, 0x0042, 0x0042, 0x0042, 0x0062, 0x0042, 0x0042, 0x0062,
  0x0042, 0x0042, 0x0042, 0x0042, 0x0042, 0x0042, 0x0042, 0x0042, 0x0042, 0x0062, 0x0062, 0x0062,
  0x0862, 0x0062, 0x0062, 0x0062, 0x0062, 0x0062, 0x0062, 0x0062, 0x0062, 0x0062, 0x0062, 0x0042,
  0x0042, 0x0062, 0x0042, 0x0042, 0x0062, 0x0042, 0x0062, 0x0062, 0x0042, 0x0042, 0x0062, 0x0042,
  0x0042, 0x0042, 0x0062, 0x0042, 0x0042, 0x0042, 0x0042, 0x0042, 0x0042, 0x0042, 0x0042, 0x0042,
  0x0042, 0x0042, 0x0042, 0x0042, 0x0042, 0x0062, 0x0042, 0x0042, 0x0062, 0x0042, 0x0042, 0x0042,
  0x0042, 0x0042, 0x0042, 0x0042, 0x0042, 0x0042, 0x0042, 0x0042, 0x0042, 0x0042, 0x0042, 0x0042,
  0x0042, 0x0042, 0x0042, 0x0042, 0x0062, 0x0862, 0x0863, 0x0883, 0x0883, 0x0863, 0x0863, 0x0863,
  0x0062, 0x0042, 0x0042, 0x0042, 0x0042, 0x0042, 0x0042, 0x0042, 0x0042, 0x0042, 0x0042, 0x0042,
  0x0042, 0x0042, 0x0042, 0x0042, 0x0863, 0x0000, 0x2B33, 0x33D7, 0x0000, 0x0000, 0x0000, 0x0000,
  0x0000, 0x0000, 0x0000, 0x0000, 0x0000, 0x0000, 0x0000, 0x0000, 0x0000, 0x0000, 0x0000, 0x0000,
  0x0000, 0x0000, 0x0000, 0x0000, 0x0000, 0x0000, 0x0000, 0x0000, 0x0000, 0x0000, 0x0000, 0x0000,
  0x0000, 0x0042, 0x3CBC, 0x4B12, 0x41EB, 0x422C, 0x39EB, 0x31CA, 0x2988, 0x2126, 0x18E5, 0x10A4,
  0x0883, 0x0883, 0x0863, 0x0863, 0x0863, 0x0863, 0x0862, 0x0862, 0x0863, 0x0863, 0x0863, 0x0863,
  0x0863, 0x0863, 0x0863, 0x0863, 0x0863, 0x0883, 0x0883, 0x0883, 0x0883, 0x0883, 0x0883, 0x0863,
  0x0862, 0x0862, 0x0862, 0x0862, 0x0862, 0x0862, 0x0862, 0x0862, 0x0862, 0x0862, 0x0862, 0x0862,
  0x0863, 0x0862, 0x0863, 0x0863, 0x0862, 0x0862, 0x0862, 0x0862, 0x0862, 0x0862, 0x0863, 0x0862,
  0x0862, 0x0862, 0x0862, 0x0862, 0x0862, 0x0862, 0x0862, 0x0862, 0x0862, 0x0862, 0x0862, 0x0862,
  0x0862, 0x0862, 0x0862, 0x0062, 0x0062, 0x0062, 0x0042, 0x0042, 0x0062, 0x0062, 0x0062, 0x0062,
  0x0062, 0x0062, 0x0862, 0x0062, 0x0062, 0x0062, 0x0062, 0x0062, 0x0062, 0x0062, 0x0062, 0x0062,
  0x0062, 0x0042, 0x0042, 0x0042, 0x0062, 0x0062, 0x0042, 0x0062, 0x0042, 0x0042, 0x0042, 0x0042,
  0x0042, 0x0042, 0x0042, 0x0042, 0x0062, 0x0042, 0x0042, 0x0042, 0x0042, 0x0042, 0x0062, 0x0062,
  0x0862, 0x0862, 0x0062, 0x0062, 0x0062, 0x0062, 0x0062, 0x0862, 0x0062, 0x0062, 0x0062, 0x0042,
  0x0062, 0x0042, 0x0042, 0x0042, 0x0062, 0x0042, 0x0062, 0x0062, 0x0062, 0x0062, 0x0042, 0x0042,
  0x0042, 0x0042, 0x0042, 0x0042, 0x0042, 0x0042, 0x0042, 0x0042, 0x0042, 0x0042, 0x0042, 0x0042,
  0x0042, 0x0042, 0x0042, 0x0042, 0x0042, 0x0042, 0x0042, 0x0042, 0x0062, 0x0042, 0x0042, 0x0042,
  0x0042, 0x0042, 0x0042, 0x0042, 0x0042, 0x0042, 0x0042, 0x0042, 0x0042, 0x0042, 0x0042, 0x0042,
  0x0042, 0x0042, 0x0042, 0x0062, 0x0062, 0x0862, 0x0863, 0x0863, 0x0863, 0x0863, 0x0863, 0x0062,
  0x0062, 0x0042, 0x0042, 0x0042, 0x0042, 0x0042, 0x0042, 0x0042, 0x0042, 0x0042, 0x0042, 0x0042,
  0x0042, 0x0042, 0x0042, 0x0062, 0x0021, 0x1106, 0x3CFD, 0x08C4, 0x0000, 0x0000, 0x0000, 0x0000,
  0x0000, 0x0000, 0x0000, 0x0000, 0x0000, 0x0000, 0x0000, 0x0000, 0x0000, 0x0000, 0x0000, 0x0000,
  0x0000, 0x0000, 0x0000, 0x0000, 0x0000, 0x0000, 0x0000, 0x0000, 0x0000, 0x0000, 0x0000, 0x0000,
  0x0000, 0x0000, 0x1A2D, 0x447B, 0x2106, 0x2168, 0x2968, 0x2968, 0x2147, 0x1926, 0x18E5, 0x10C4,
  0x10A4, 0x0883, 0x0883, 0x0863, 0x0863, 0x0863, 0x0863, 0x0863, 0x0863, 0x0863, 0x0863, 0x0863,
  0x0863, 0x0883, 0x0863, 0x0863, 0x0863, 0x0883, 0x0863, 0x0883, 0x0883, 0x0883, 0x0863, 0x0862,
  0x0862, 0x0862, 0x0862, 0x0862, 0x0862, 0x0862, 0x0862, 0x0862, 0x0862, 0x0863, 0x0862, 0x0862,
  0x0862, 0x0863, 0x0863, 0x0863, 0x0862, 0x0862, 0x0862, 0x0862, 0x0862, 0x0862, 0x0862, 0x0862,
  0x0862, 0x0862, 0x0862, 0x0862, 0x0862, 0x0862, 0x0862, 0x0862, 0x0862, 0x0862, 0x0862, 0x0862,
  0x0862, 0x0062, 0x0862, 0x0062, 0x0062, 0x0062, 0x0062, 0x0062, 0x0062, 0x0062, 0x0062, 0x0042,
  0x0062, 0x0062, 0x0862, 0x0062, 0x0062, 0x0062, 0x0062, 0x0062, 0x0862, 0x0062, 0x0062, 0x0062,
  0x0062, 0x0062, 0x0062, 0x0042, 0x0042, 0x0042, 0x0042, 0x0042, 0x0042, 0x0042, 0x0042, 0x0042,
  0x0042, 0x0042, 0x0042, 0x0062, 0x0062, 0x0062, 0x0062, 0x0042, 0x0062, 0x0062, 0x0062, 0x0062,
  0x0062, 0x0062, 0x0062, 0x0062, 0x0062, 0x0062, 0x0062, 0x0062, 0x0062, 0x0062, 0x0062, 0x0042,
  0x0062, 0x0062, 0x0062, 0x0042, 0x0062, 0x0062, 0x0042, 0x0042, 0x0042, 0x0042, 0x0042, 0x0042,
  0x0042, 0x0042, 0x0042, 0x0042, 0x0042, 0x0042, 0x0042, 0x0042, 0x0042, 0x0042, 0x0042, 0x0042,
  0x0042, 0x0042, 0x0062, 0x0042, 0x0042, 0x0042, 0x0042, 0x0042, 0x0042, 0x0042, 0x0042, 0x0042,
  0x0042, 0x0042, 0x0042, 0x0042, 0x0042, 0x0042, 0x0042, 0x0042, 0x0042, 0x0042, 0x0042, 0x0042,
  0x0042, 0x0042, 0x0042, 0x0062, 0x0062, 0x0862, 0x0863, 0x0863, 0x0863, 0x0863, 0x0862, 0x0062,
  0x0042, 0x0042, 0x0042, 0x0042, 0x0042, 0x0042, 0x0042, 0x0042, 0x0042, 0x0042, 0x0042, 0x0042,
  0x0042, 0x0042, 0x0042, 0x0062, 0x0000, 0x33D7, 0x22F2, 0x0000, 0x0000, 0x0000, 0x0000, 0x0000,
  0x0000, 0x0000, 0x0000, 0x0000, 0x0000, 0x0000, 0x0000, 0x0000, 0x0000, 0x0000, 0x0000, 0x0000,
  0x0000, 0x0000, 0x0000, 0x0000, 0x0000, 0x0000, 0x0000, 0x0000, 0x0000, 0x0000, 0x0000, 0x0000,
  0x0000, 0x0000, 0x0000, 0x343A, 0x224E, 0x0862, 0x10E5, 0x18E5, 0x18E5, 0x18E5, 0x10E5, 0x10C4,
  0x10A4, 0x0883, 0x0883, 0x0883, 0x0862, 0x0863, 0x0863, 0x0863, 0x0883, 0x0863, 0x0863, 0x0883,
  0x0863, 0x0883, 0x0883, 0x0863, 0x0883, 0x0863, 0x0863, 0x0863, 0x0862, 0x0863, 0x0863, 0x0862,
  0x0862, 0x0862, 0x0862, 0x0862, 0x0862, 0x0862, 0x0862, 0x0862, 0x0862, 0x0863, 0x0862, 0x0862,
  0x0862, 0x0863, 0x0862, 0x0862, 0x0862, 0x0862, 0x0862, 0x0862, 0x0862, 0x0862, 0x0862, 0x0862,
  0x0862, 0x0862, 0x0862, 0x0862, 0x0862, 0x0862, 0x0862, 0x0862, 0x0862, 0x0862, 0x0862, 0x0062,
  0x0862, 0x0062, 0x0062, 0x0062, 0x0042, 0x0062, 0x0062, 0x0062, 0x0062, 0x0062, 0x0062, 0x0062,
  0x0062, 0x0062, 0x0062, 0x0062, 0x0062, 0x0062, 0x0062, 0x0062, 0x0062, 0x0062, 0x0062, 0x0062,
  0x0062, 0x0062, 0x0062, 0x0042, 0x0042, 0x0042, 0x0042, 0x0042, 0x0042, 0x0042, 0x0042, 0x0062,
  0x0042, 0x0042, 0x0042, 0x0062, 0x0062, 0x0062, 0x0062, 0x0062, 0x0062, 0x0042, 0x0062, 0x0062,
  0x0062, 0x0062, 0x0062, 0x0062, 0x0062, 0x0062, 0x0062, 0x0062, 0x0062, 0x0062, 0x0062, 0x0062,
  0x0062, 0x0062, 0x0062, 0x0062, 0x0062, 0x0062, 0x0062, 0x0042, 0x0042, 0x0062, 0x0062, 0x0042,
  0x0042, 0x0042, 0x0062, 0x0042, 0x0042, 0x0042, 0x0042, 0x0042, 0x0042, 0x0042, 0x0042, 0x0062,
  0x0062, 0x0062, 0x0062, 0x0042, 0x0042, 0x0042, 0x0042, 0x0042, 0x0042, 0x0042, 0x0042, 0x0042,
  0x0042, 0x0042, 0x0042, 0x0042, 0x0042, 0x0042, 0x0042, 0x0042, 0x0042, 0x0042, 0x0042, 0x0042,
  0x0042, 0x0042, 0x0042, 0x0062, 0x0062, 0x0862, 0x0862, 0x0862, 0x0862, 0x0862, 0x0062, 0x0042,
  0x0042, 0x0042, 0x0042, 0x0042, 0x0042, 0x0042, 0x0042, 0x0042, 0x0042, 0x0042, 0x0042, 0x0042,
  0x0042, 0x0042, 0x0062, 0x0000, 0x11AA, 0x349C, 0x0042, 0x0000, 0x0000, 0x0000, 0x0000, 0x0000,
  0x0000, 0x0000, 0x0000, 0x0000, 0x0000, 0x0000, 0x0000, 0x0000, 0x0000, 0x0000, 0x0000, 0x0000,
  0x0000, 0x0000, 0x0000, 0x0000, 0x0000, 0x0000, 0x0000, 0x0000, 0x0000, 0x0000, 0x0000, 0x0000,
  0x0000, 0x0000, 0x0000, 0x1189, 0x3CBD, 0x0883, 0x0863, 0x0883, 0x08A3, 0x10A4, 0x10A4, 0x10A4,
  0x08A4, 0x0883, 0x0883, 0x0883, 0x0863, 0x0863, 0x0863, 0x0863, 0x0883, 0x0863, 0x0863, 0x0863,
  0x0863, 0x0863, 0x0863, 0x0883, 0x0863, 0x0863, 0x0862, 0x0862, 0x0862, 0x0863, 0x0862, 0x0862,
  0x0862, 0x0862, 0x0862, 0x0862, 0x0862, 0x0862, 0x0863, 0x0863, 0x0863, 0x0863, 0x0862, 0x0862,
  0x0862, 0x0863, 0x0862, 0x0862, 0x0862, 0x0862, 0x0862, 0x0862, 0x0862, 0x0862, 0x0862, 0x0862,
  0x0862, 0x0862, 0x0862, 0x0862, 0x0862, 0x0862, 0x0862, 0x0862, 0x0062, 0x0862, 0x0862, 0x0062,
  0x0062, 0x0062, 0x0062, 0x0062, 0x0062, 0x0062, 0x0062, 0x0062, 0x0062, 0x0062, 0x0062, 0x0862,
  0x0062, 0x0062, 0x0062, 0x0062, 0x0062, 0x0062, 0x0042, 0x0862, 0x0862, 0x0062, 0x0062, 0x0062,
  0x0062, 0x0062, 0x0062, 0x0042, 0x0042, 0x0042, 0x0042, 0x0042, 0x0042, 0x0042, 0x0062, 0x0062,
  0x0042, 0x0042, 0x0042, 0x0042, 0x0062, 0x0062, 0x0062, 0x0062, 0x0062, 0x0862, 0x0062, 0x0062,
  0x0062, 0x0062, 0x0062, 0x0062, 0x0062, 0x0062, 0x0062, 0x0062, 0x0062, 0x0062, 0x0062, 0x0062,
  0x0062, 0x0062, 0x0062, 0x0062, 0x0062, 0x0042, 0x0062, 0x0062, 0x0062, 0x0062, 0x0062, 0x0062,
  0x0062, 0x0062, 0x0042, 0x0042, 0x0042, 0x0042, 0x0042, 0x0042, 0x0042, 0x0042, 0x0042, 0x0062,
  0x0062, 0x0062, 0x0062, 0x0062, 0x0042, 0x0042, 0x0042, 0x0042, 0x0042, 0x0042, 0x0042, 0x0042,
  0x0042, 0x0042, 0x0042, 0x0042, 0x0042, 0x0042, 0x0042, 0x0042, 0x0042, 0x0042, 0x0042, 0x0042,
  0x0042, 0x0042, 0x0042, 0x0062, 0x0062, 0x0062, 0x0063, 0x0862, 0x0062, 0x0042, 0x0062, 0x0042,
  0x0062, 0x0042, 0x0042, 0x0042, 0x0042, 0x0042, 0x0042, 0x0042, 0x0042, 0x0042, 0x0042, 0x0042,
  0x0042, 0x0042, 0x0042, 0x0042, 0x3C9C, 0x1A0C, 0x0000, 0x0000, 0x0000, 0x0000, 0x0000, 0x0000,
  0x0000, 0x0000, 0x0000, 0x0000, 0x0000, 0x0000, 0x0000, 0x0000, 0x0000, 0x0000, 0x0000, 0x0000,
  0x0000, 0x0000, 0x0000, 0x0000, 0x0000, 0x0000, 0x0000, 0x0000, 0x0000, 0x0000, 0x0000, 0x0000,
  0x0000, 0x0000, 0x0000, 0x0000, 0x33B7, 0x2B33, 0x0000, 0x0883, 0x0862, 0x0883, 0x0883, 0x0883,
  0x0883, 0x0883, 0x0883, 0x0863, 0x0863, 0x0863, 0x0863, 0x0862, 0x0863, 0x0863, 0x0863, 0x0863,
  0x0863, 0x0863, 0x0883, 0x0863, 0x0863, 0x0863, 0x0863, 0x0863, 0x0863, 0x0863, 0x0863, 0x0863,
  0x0862, 0x0862, 0x0863, 0x0863, 0x0883, 0x0883, 0x0883, 0x0883, 0x0883, 0x0863, 0x0883, 0x0863,
  0x0862, 0x0862, 0x0863, 0x0863, 0x0862, 0x0862, 0x0862, 0x0862, 0x0862, 0x0862, 0x0862, 0x0862,
  0x0863, 0x0863, 0x0862, 0x0862, 0x0862, 0x0862, 0x0862, 0x0862, 0x0862, 0x0862, 0x0862, 0x0862,
  0x0062, 0x0062, 0x0042, 0x0042, 0x0042, 0x0062, 0x0062, 0x0042, 0x0062, 0x0062, 0x0062, 0x0062,
  0x0062, 0x0062, 0x0062, 0x0062, 0x0062, 0x0062, 0x0062, 0x0862, 0x0062, 0x0062, 0x0062, 0x0062,
  0x0062, 0x0062, 0x0042, 0x0062, 0x0062, 0x0042, 0x0042, 0x0042, 0x0042, 0x0042, 0x0042, 0x0042,
  0x0042, 0x0042, 0x0042, 0x0062, 0x0042, 0x0062, 0x0062, 0x0062, 0x0062, 0x0062, 0x0042, 0x0062,
  0x0062, 0x0042, 0x0062, 0x0062, 0x0062, 0x0062, 0x0062, 0x0062, 0x0062, 0x0062, 0x0862, 0x0062,
  0x0062, 0x0062, 0x0062, 0x0062, 0x0063, 0x0062, 0x0062, 0x0062, 0x0062, 0x0062, 0x0062, 0x0062,
  0x0062, 0x0062, 0x0062, 0x0042, 0x0042, 0x0042, 0x0062, 0x0062, 0x0062, 0x0062, 0x0062, 0x0042,
  0x0062, 0x0062, 0x0042, 0x0042, 0x0042, 0x0042, 0x0042, 0x0062, 0x0042, 0x0042, 0x0042, 0x0042,
  0x0042, 0x0042, 0x0042, 0x0042, 0x0042, 0x0042, 0x0042, 0x0042, 0x0042, 0x0042, 0x0042, 0x0042,
  0x0042, 0x0042, 0x0042, 0x0062, 0x0062, 0x0062, 0x0062, 0x0062, 0x0062, 0x0042, 0x0042, 0x0042,
  0x0042, 0x0042, 0x0042, 0x0042, 0x0042, 0x0042, 0x0042, 0x0042, 0x0042, 0x0042, 0x0042, 0x0042,
  0x0042, 0x0863, 0x0000, 0x22F2, 0x3439, 0x0000, 0x0000, 0x0000, 0x0000, 0x0000, 0x0000, 0x0000,
  0x0000, 0x0000, 0x0000, 0x0000, 0x0000, 0x0000, 0x0000, 0x0000, 0x0000, 0x0000, 0x0000, 0x0000,
  0x0000, 0x0000, 0x0000, 0x0000, 0x0000, 0x0000, 0x0000, 0x0000, 0x0000, 0x0000, 0x0000, 0x0000,
  0x0000, 0x0000, 0x0000, 0x0000, 0x08A4, 0x44FE, 0x1148, 0x0021, 0x0863, 0x0862, 0x0863, 0x0883,
  0x0883, 0x0883, 0x0883, 0x0883, 0x0863, 0x0863, 0x0863, 0x0863, 0x0863, 0x0863, 0x0863, 0x0862,
  0x0862, 0x0863, 0x0863, 0x0863, 0x0862, 0x0863, 0x0863, 0x0863, 0x0883, 0x0883, 0x0883, 0x0883,
  0x0883, 0x0883, 0x0883, 0x10A4, 0x10A4, 0x10A4, 0x08A4, 0x0883, 0x0883, 0x0883, 0x0883, 0x0863,
  0x0863, 0x0862, 0x0862, 0x0862, 0x0862, 0x0862, 0x0862, 0x0862, 0x0862, 0x0862, 0x0862, 0x0862,
  0x0862, 0x0863, 0x0862, 0x0862, 0x0862, 0x0862, 0x0062, 0x0862, 0x0862, 0x0862, 0x0862, 0x0862,
  0x0862, 0x0062, 0x0062, 0x0042, 0x0042, 0x0062, 0x0042, 0x0062, 0x0062, 0x0062, 0x0062, 0x0062,
  0x0062, 0x0062, 0x0062, 0x0862, 0x0862, 0x0062, 0x0862, 0x0862, 0x0062, 0x0062, 0x0062, 0x0062,
  0x0062, 0x0062, 0x0062, 0x0062, 0x0042, 0x0042, 0x0042, 0x0042, 0x0042, 0x0042, 0x0042, 0x0042,
  0x0042, 0x0042, 0x0042, 0x0042, 0x0042, 0x0062, 0x0062, 0x0062, 0x0062, 0x0062, 0x0062, 0x0062,
  0x0062, 0x0062, 0x0062, 0x0062, 0x0062, 0x0062, 0x0062, 0x0862, 0x0863, 0x0062, 0x0062, 0x0062,
  0x0062, 0x0863, 0x0863, 0x0863, 0x0863, 0x0062, 0x0062, 0x0062, 0x0062, 0x0862, 0x0062, 0x0062,
  0x0062, 0x0062, 0x0062, 0x0042, 0x0062, 0x0062, 0x0062, 0x0042, 0x0062, 0x0042, 0x0062, 0x0042,
  0x0042, 0x0042, 0x0042, 0x0062, 0x0062, 0x0062, 0x0062, 0x0062, 0x0042, 0x0042, 0x0042, 0x0042,
  0x0042, 0x0042, 0x0042, 0x0042, 0x0042, 0x0042, 0x0042, 0x0042, 0x0042, 0x0042, 0x0042, 0x0042,
  0x0042, 0x0042, 0x0042, 0x0062, 0x0062, 0x0062, 0x0062, 0x0062, 0x0042, 0x0042, 0x0042, 0x0042,
  0x0042, 0x0042, 0x0042, 0x0042, 0x0042, 0x0042, 0x0062, 0x0042, 0x0042, 0x0042, 0x0042, 0x0042,
  0x0062, 0x0021, 0x1127, 0x451E, 0x08E5, 0x0000, 0x0000, 0x0000, 0x0000, 0x0000, 0x0000, 0x0000,
  0x0000, 0x0000, 0x0000, 0x0000, 0x0000, 0x0000, 0x0000, 0x0000, 0x0000, 0x0000, 0x0000, 0x0000,
  0x0000, 0x0000, 0x0000, 0x0000, 0x0000, 0x0000, 0x0000, 0x0000, 0x0000, 0x0000, 0x0000, 0x0000,
  0x0000, 0x0000, 0x0000, 0x0000, 0x0000, 0x228F, 0x3439, 0x0021, 0x0863, 0x0863, 0x0863, 0x0883,
  0x0863, 0x0863, 0x0863, 0x0863, 0x0863, 0x0863, 0x0863, 0x0863, 0x0863, 0x0862, 0x0862, 0x0863,
  0x0862, 0x0863, 0x0863, 0x0883, 0x0883, 0x0883, 0x0883, 0x08A3, 0x10A4, 0x10A4, 0x10A4, 0x10C4,
  0x10E5, 0x10E5, 0x10E5, 0x10E5, 0x10E5, 0x10C5, 0x10C4, 0x10A4, 0x08A4, 0x0883, 0x0883, 0x0883,
  0x0863, 0x0862, 0x0862, 0x0862, 0x0862, 0x0862, 0x0862, 0x0862, 0x0862, 0x0862, 0x0862, 0x0862,
  0x0862, 0x0862, 0x0862, 0x0862, 0x0862, 0x0862, 0x0862, 0x0862, 0x0862, 0x0862, 0x0862, 0x0062,
  0x0862, 0x0062, 0x0062, 0x0062, 0x0062, 0x0042, 0x0062, 0x0062, 0x0062, 0x0062, 0x0062, 0x0062,
  0x0062, 0x0862, 0x0062, 0x0862, 0x0862, 0x0862, 0x0062, 0x0062, 0x0062, 0x0062, 0x0062, 0x0062,
  0x0062, 0x0062, 0x0062, 0x0042, 0x0042, 0x0042, 0x0042, 0x0042, 0x0042, 0x0042, 0x0042, 0x0042,
  0x0042, 0x0042, 0x0042, 0x0042, 0x0042, 0x0062, 0x0062, 0x0062, 0x0062, 0x0062, 0x0062, 0x0062,
  0x0062, 0x0062, 0x0062, 0x0062, 0x0862, 0x0062, 0x0062, 0x0062, 0x0062, 0x0862, 0x0862, 0x0862,
  0x0062, 0x0862, 0x0862, 0x0062, 0x0062, 0x0062, 0x0062, 0x0062, 0x0062, 0x0062, 0x0863, 0x0063,
  0x0062, 0x0062, 0x0062, 0x0062, 0x0062, 0x0062, 0x0062, 0x0042, 0x0062, 0x0042, 0x0042, 0x0062,
  0x0042, 0x0062, 0x0042, 0x0042, 0x0062, 0x0062, 0x0062, 0x0062, 0x0042, 0x0062, 0x0042, 0x0042,
  0x0062, 0x0042, 0x0042, 0x0042, 0x0042, 0x0042, 0x0042, 0x0042, 0x0042, 0x0042, 0x0042, 0x0042,
  0x0042, 0x0042, 0x0042, 0x0062, 0x0062, 0x0062, 0x0062, 0x0062, 0x0042, 0x0042, 0x0042, 0x0042,
  0x0042, 0x0042, 0x0042, 0x0042, 0x0042, 0x0042, 0x0042, 0x0042, 0x0042, 0x0042, 0x0042, 0x0042,
  0x0062, 0x0001, 0x345A, 0x22D0, 0x0000, 0x0000, 0x0000, 0x0000, 0x0000, 0x0000, 0x0000, 0x0000,
  0x0000, 0x0000, 0x0000, 0x0000, 0x0000, 0x0000, 0x0000, 0x0000, 0x0000, 0x0000, 0x0000, 0x0000,
  0x0000, 0x0000, 0x0000, 0x0000, 0x0000, 0x0000, 0x0000, 0x0000, 0x0000, 0x0000, 0x0000, 0x0000,
  0x0000, 0x0000, 0x0000, 0x0000, 0x0000, 0x0000, 0x343A, 0x226F, 0x0000, 0x0883, 0x0883, 0x0883,
  0x0863, 0x0863, 0x0863, 0x0863, 0x0863, 0x0883, 0x0883, 0x0863, 0x0863, 0x0863, 0x0863, 0x0883,
  0x0883, 0x0883, 0x0883, 0x10A4, 0x10A4, 0x10C4, 0x10E5, 0x18E6, 0x1906, 0x1926, 0x2127, 0x2147,
  0x2147, 0x2147, 0x2147, 0x2127, 0x1926, 0x18E6, 0x10C5, 0x10C4, 0x10A4, 0x0883, 0x0883, 0x0863,
  0x0863, 0x0862, 0x0862, 0x0862, 0x0862, 0x0862, 0x0862, 0x0862, 0x0862, 0x0862, 0x0862, 0x0862,
  0x0862, 0x0862, 0x0862, 0x0862, 0x0862, 0x0862, 0x0862, 0x0862, 0x0862, 0x0062, 0x0062, 0x0862,
  0x0862, 0x0862, 0x0062, 0x0042, 0x0042, 0x0042, 0x0042, 0x0042, 0x0042, 0x0042, 0x0062, 0x0062,
  0x0062, 0x0062, 0x0062, 0x0062, 0x0062, 0x0062, 0x0062, 0x0062, 0x0062, 0x0062, 0x0062, 0x0062,
  0x0042, 0x0042, 0x0042, 0x0042, 0x0042, 0x0042, 0x0042, 0x0042, 0x0042, 0x0042, 0x0042, 0x0042,
  0x0042, 0x0042, 0x0042, 0x0062, 0x0042, 0x0062, 0x0062, 0x0042, 0x0042, 0x0042, 0x0062, 0x0042,
  0x0042, 0x0062, 0x0062, 0x0062, 0x0042, 0x0062, 0x0062, 0x0062, 0x0062, 0x0062, 0x0062, 0x0062,
  0x0062, 0x0062, 0x0062, 0x0062, 0x0062, 0x0062, 0x0862, 0x0862, 0x0862, 0x0862, 0x0062, 0x0863,
  0x0862, 0x0062, 0x0062, 0x0062, 0x0062, 0x0062, 0x0062, 0x0062, 0x0062, 0x0062, 0x0062, 0x0062,
  0x0062, 0x0062, 0x0062, 0x0042, 0x0042, 0x0062, 0x0062, 0x0062, 0x0042, 0x0042, 0x0042, 0x0042,
  0x0062, 0x0042, 0x0042, 0x0042, 0x0042, 0x0042, 0x0042, 0x0042, 0x0042, 0x0042, 0x0042, 0x0042,
  0x0042, 0x0042, 0x0042, 0x0062, 0x0062, 0x0062, 0x0042, 0x0062, 0x0042, 0x0062, 0x0042, 0x0042,
  0x0042, 0x0042, 0x0042, 0x0042, 0x0042, 0x0042, 0x0042, 0x0042, 0x0042, 0x0042, 0x0042, 0x0063,
  0x0000, 0x22B0, 0x3C7B, 0x0000, 0x0000, 0x0000, 0x0000, 0x0000, 0x0000, 0x0000, 0x0000, 0x0000,
  0x0000, 0x0000, 0x0000, 0x0000, 0x0000, 0x0000, 0x0000, 0x0000, 0x0000, 0x0000, 0x0000, 0x0000,
  0x0000, 0x0000, 0x0000, 0x0000, 0x0000, 0x0000, 0x0000, 0x0000, 0x0000, 0x0000, 0x0000, 0x0000,
  0x0000, 0x0000, 0x0000, 0x0000, 0x0000, 0x0000, 0x0907, 0x3CFE, 0x10E6, 0x0862, 0x0883, 0x0883,
  0x0883, 0x0863, 0x0863, 0x0863, 0x0863, 0x0883, 0x0883, 0x0883, 0x0883, 0x0883, 0x10A4, 0x10C4,
  0x10C5, 0x18E5, 0x18E5, 0x1906, 0x2127, 0x2168, 0x2989, 0x31A9, 0x31CA, 0x39EA, 0x39EB, 0x3A0B,
  0x39EB, 0x31CA, 0x29A9, 0x2968, 0x2127, 0x1906, 0x10C5, 0x10A4, 0x0883, 0x0883, 0x0883, 0x0863,
  0x0863, 0x0862, 0x0862, 0x0862, 0x0862, 0x0862, 0x0862, 0x0862, 0x0862, 0x0862, 0x0862, 0x0862,
  0x0862, 0x0862, 0x0862, 0x0862, 0x0862, 0x0862, 0x0062, 0x0862, 0x0062, 0x0062, 0x0862, 0x0862,
  0x0862, 0x0862, 0x0062, 0x0062, 0x0062, 0x0042, 0x0042, 0x0042, 0x0062, 0x0062, 0x0062, 0x0062,
  0x0062, 0x0042, 0x0062, 0x0062, 0x0062, 0x0062, 0x0042, 0x0062, 0x0062, 0x0862, 0x0062, 0x0062,
  0x0042, 0x0042, 0x0042, 0x0042, 0x0042, 0x0042, 0x0042, 0x0042, 0x0042, 0x0042, 0x0042, 0x0042,
  0x0042, 0x0042, 0x0042, 0x0042, 0x0042, 0x0042, 0x0042, 0x0042, 0x0042, 0x0042, 0x0042, 0x0062,
  0x0062, 0x0042, 0x0062, 0x0062, 0x0062, 0x0062, 0x0062, 0x0062, 0x0062, 0x0062, 0x0062, 0x0062,
  0x0062, 0x0063, 0x0063, 0x0063, 0x0062, 0x0062, 0x0062, 0x0862, 0x0862, 0x0062, 0x0062, 0x0062,
  0x0062, 0x0062, 0x0062, 0x0062, 0x0062, 0x0062, 0x0062, 0x0062, 0x0062, 0x0062, 0x0062, 0x0062,
  0x0062, 0x0062, 0x0062, 0x0062, 0x0042, 0x0062, 0x0042, 0x0062, 0x0062, 0x0062, 0x0062, 0x0062,
  0x0042, 0x0062, 0x0062, 0x0062, 0x0042, 0x0062, 0x0042, 0x0042, 0x0042, 0x0042, 0x0042, 0x0042,
  0x0042, 0x0042, 0x0042, 0x0042, 0x0042, 0x0042, 0x0062, 0x0062, 0x0042, 0x0042, 0x0042, 0x0042,
  0x0042, 0x0042, 0x0042, 0x0042, 0x0042, 0x0042, 0x0042, 0x0042, 0x0042, 0x0042, 0x0062, 0x0021,
  0x0907, 0x453E, 0x1126, 0x0000, 0x0000, 0x0000, 0x0000, 0x0000, 0x0000, 0x0000, 0x0000, 0x0000,
  0x0000, 0x0000, 0x0000, 0x0000, 0x0000, 0x0000, 0x0000, 0x0000, 0x0000, 0x0000, 0x0000, 0x0000,
  0x0000, 0x0000, 0x0000, 0x0000, 0x0000, 0x0000, 0x0000, 0x0000, 0x0000, 0x0000, 0x0000, 0x0000,
  0x0000, 0x0000, 0x0000, 0x0000, 0x0000, 0x0000, 0x0000, 0x22D1, 0x3C39, 0x0821, 0x0883, 0x0883,
  0x0863, 0x0863, 0x0863, 0x0863, 0x0883, 0x0883, 0x0883, 0x08A3, 0x10C4, 0x18E5, 0x1906, 0x2127,
  0x2147, 0x2968, 0x31A9, 0x39CA, 0x3A0C, 0x424D, 0x4A6E, 0x528E, 0x52AF, 0x5AD0, 0x52AF, 0x528F,
  0x4A6E, 0x3A0C, 0x31CA, 0x2968, 0x1926, 0x18E5, 0x10C4, 0x0884, 0x0883, 0x0883, 0x0883, 0x0863,
  0x0862, 0x0862, 0x0863, 0x0862, 0x0862, 0x0862, 0x0862, 0x0862, 0x0862, 0x0862, 0x0862, 0x0862,
  0x0862, 0x0862, 0x0862, 0x0862, 0x0862, 0x0862, 0x0862, 0x0062, 0x0862, 0x0862, 0x0862, 0x0862,
  0x0862, 0x0062, 0x0062, 0x0042, 0x0862, 0x0862, 0x0062, 0x0042, 0x0042, 0x0062, 0x0062, 0x0042,
  0x0042, 0x0042, 0x0042, 0x0062, 0x0062, 0x0042, 0x0062, 0x0062, 0x0062, 0x0062, 0x0062, 0x0062,
  0x0042, 0x0042, 0x0042, 0x0042, 0x0042, 0x0042, 0x0042, 0x0042, 0x0042, 0x0042, 0x0062, 0x0042,
  0x0042, 0x0042, 0x0042, 0x0042, 0x0042, 0x0042, 0x0042, 0x0042, 0x0042, 0x0042, 0x0042, 0x0042,
  0x0042, 0x0042, 0x0042, 0x0042, 0x0042, 0x0042, 0x0042, 0x0062, 0x0062, 0x0062, 0x0062, 0x0062,
  0x0062, 0x0062, 0x0062, 0x0062, 0x0062, 0x0062, 0x0062, 0x0062, 0x0062, 0x0062, 0x0062, 0x0062,
  0x0062, 0x0062, 0x0062, 0x0042, 0x0042, 0x0042, 0x0042, 0x0042, 0x0042, 0x0042, 0x0062, 0x0062,
  0x0062, 0x0042, 0x0042, 0x0042, 0x0062, 0x0062, 0x0062, 0x0062, 0x0062, 0x0062, 0x0062, 0x0062,
  0x0062, 0x0062, 0x0062, 0x0062, 0x0042, 0x0042, 0x0062, 0x0062, 0x0062, 0x0062, 0x0042, 0x0042,
  0x0042, 0x0042, 0x0042, 0x0042, 0x0042, 0x0042, 0x0062, 0x0042, 0x0042, 0x0042, 0x0062, 0x0042,
  0x0042, 0x0042, 0x0042, 0x0042, 0x0042, 0x0042, 0x0042, 0x0042, 0x0042, 0x0042, 0x0042, 0x0021,
  0x3C9B, 0x22B0, 0x0000, 0x0000, 0x0000, 0x0000, 0x0000, 0x0000, 0x0000, 0x0000, 0x0000, 0x0000,
  0x0000, 0x0000, 0x0000, 0x0000, 0x0000, 0x0000, 0x0000, 0x0000, 0x0000, 0x0000, 0x0000, 0x0000,
  0x0000, 0x0000, 0x0000, 0x0000, 0x0000, 0x0000, 0x0000, 0x0000, 0x0000, 0x0000, 0x0000, 0x0000,
  0x0000, 0x0000, 0x0000, 0x0000, 0x0000, 0x0000, 0x0000, 0x0000, 0x3C5A, 0x2290, 0x0000, 0x0883,
  0x0883, 0x0863, 0x0883, 0x0883, 0x08A3, 0x10A4, 0x10C4, 0x18E5, 0x2127, 0x2989, 0x31CA, 0x39EB,
  0x39EC, 0x422D, 0x4A6E, 0x52B0, 0x6311, 0x6B52, 0x7373, 0x7374, 0x7394, 0x6B73, 0x6312, 0x5AD0,
  0x4A6E, 0x39EB, 0x2968, 0x1926, 0x10C5, 0x10A4, 0x0883, 0x0883, 0x0863, 0x0863, 0x0862, 0x0862,
  0x0862, 0x0863, 0x0862, 0x0862, 0x0862, 0x0862, 0x0862, 0x0862, 0x0862, 0x0862, 0x0862, 0x0862,
  0x0862, 0x0862, 0x0862, 0x0862, 0x0862, 0x0862, 0x0062, 0x0062, 0x0862, 0x0862, 0x0862, 0x0862,
  0x0842, 0x0062, 0x0862, 0x0862, 0x0862, 0x0862, 0x0062, 0x0062, 0x0062, 0x0062, 0x0062, 0x0062,
  0x0062, 0x0862, 0x0062, 0x0062, 0x0062, 0x0062, 0x0862, 0x0062, 0x0062, 0x0062, 0x0062, 0x0062,
  0x0062, 0x0062, 0x0062, 0x0062, 0x0062, 0x0062, 0x0062, 0x0042, 0x0042, 0x0042, 0x0042, 0x0062,
  0x0042, 0x0042, 0x0042, 0x0042, 0x0042, 0x0042, 0x0042, 0x0042, 0x0042, 0x0042, 0x0042, 0x0042,
  0x0042, 0x0042, 0x0042, 0x0042, 0x0042, 0x0042, 0x0042, 0x0042, 0x0042, 0x0062, 0x0042, 0x0062,
  0x0062, 0x0042, 0x0062, 0x0062, 0x0062, 0x0062, 0x0062, 0x0062, 0x0062, 0x0062, 0x0062, 0x0062,
  0x0062, 0x0042, 0x0042, 0x0042, 0x0042, 0x0042, 0x0042, 0x0042, 0x0042, 0x0042, 0x0042, 0x0042,
  0x0042, 0x0042, 0x0042, 0x0062, 0x0042, 0x0062, 0x0062, 0x0062, 0x0062, 0x0062, 0x0062, 0x0062,
  0x0062, 0x0062, 0x0062, 0x0062, 0x0062, 0x0062, 0x0062, 0x0062, 0x0062, 0x0062, 0x0062, 0x0062,
  0x0062, 0x0062, 0x0042, 0x0042, 0x0042, 0x0042, 0x0042, 0x0042, 0x0042, 0x0042, 0x0042, 0x0042,
  0x0042, 0x0042, 0x0042, 0x0042, 0x0042, 0x0042, 0x0042, 0x0042, 0x0042, 0x0063, 0x0000, 0x2B12,
  0x3C59, 0x0000, 0x0000, 0x0000, 0x0000, 0x0000, 0x0000, 0x0000, 0x0000, 0x0000, 0x0000, 0x0000,
  0x0000, 0x0000, 0x0000, 0x0000, 0x0000, 0x0000, 0x0000, 0x0000, 0x0000, 0x0000, 0x0000, 0x0000,
  0x0000, 0x0000, 0x0000, 0x0000, 0x0000, 0x0000, 0x0000, 0x0000, 0x0000, 0x0000, 0x0000, 0x0000,
  0x0000, 0x0000, 0x0000, 0x0000, 0x0000, 0x0000, 0x0000, 0x0000, 0x08E6, 0x3CBD, 0x1106, 0x0841,
  0x0883, 0x0883, 0x10A4, 0x10C4, 0x18E5, 0x1926, 0x2147, 0x2989, 0x39EB, 0x424E, 0x4A8F, 0x52B0,
  0x52D1, 0x5AF2, 0x6B33, 0x7394, 0x7BB5, 0x83F6, 0x83F7, 0x83F6, 0x7BD5, 0x6B73, 0x5AF0, 0x4A6E,
  0x39EB, 0x2168, 0x1906, 0x10C4, 0x0883, 0x0883, 0x0863, 0x0862, 0x0862, 0x0862, 0x0862, 0x0862,
  0x0862, 0x0862, 0x0862, 0x0862, 0x0862, 0x0862, 0x0862, 0x0862, 0x0862, 0x0862, 0x0862, 0x0862,
  0x0862, 0x0862, 0x0862, 0x0862, 0x0862, 0x0862, 0x0862, 0x0862, 0x0862, 0x0862, 0x0862, 0x0862,
  0x0062, 0x0862, 0x0862, 0x0862, 0x0862, 0x0862, 0x0862, 0x0062, 0x0062, 0x0062, 0x0062, 0x0042,
  0x0042, 0x0062, 0x0042, 0x0062, 0x0062, 0x0862, 0x0862, 0x0862, 0x0862, 0x0862, 0x0862, 0x0062,
  0x0862, 0x0862, 0x0862, 0x0062, 0x0062, 0x0862, 0x0062, 0x0062, 0x0062, 0x0042, 0x0062, 0x0062,
  0x0042, 0x0042, 0x0042, 0x0042, 0x0042, 0x0042, 0x0042, 0x0042, 0x0042, 0x0042, 0x0042, 0x0042,
  0x0042, 0x0042, 0x0042, 0x0042, 0x0042, 0x0042, 0x0062, 0x0062, 0x0062, 0x0062, 0x0042, 0x0062,
  0x0062, 0x0062, 0x0062, 0x0062, 0x0062, 0x0062, 0x0062, 0x0062, 0x0042, 0x0062, 0x0062, 0x0062,
  0x0062, 0x0042, 0x0042, 0x0042, 0x0042, 0x0042, 0x0042, 0x0042, 0x0042, 0x0042, 0x0042, 0x0042,
  0x0042, 0x0042, 0x0062, 0x0062, 0x0862, 0x0862, 0x0062, 0x0062, 0x0062, 0x0042, 0x0042, 0x0062,
  0x0062, 0x0062, 0x0062, 0x0042, 0x0062, 0x0062, 0x0042, 0x0062, 0x0062, 0x0062, 0x0042, 0x0042,
  0x0062, 0x0042, 0x0042, 0x0042, 0x0042, 0x0042, 0x0042, 0x0042, 0x0042, 0x0042, 0x0042, 0x0042,
  0x0042, 0x0042, 0x0042, 0x0042, 0x0042, 0x0042, 0x0042, 0x0042, 0x0063, 0x0000, 0x1169, 0x3CFE,
  0x08C4, 0x0000, 0x0000, 0x0000, 0x0000, 0x0000, 0x0000, 0x0000, 0x0000, 0x0000, 0x0000, 0x0000,
  0x0000, 0x0000, 0x0000, 0x0000, 0x0000, 0x0000, 0x0000, 0x0000, 0x0000, 0x0000, 0x0000, 0x0000,
  0x0000, 0x0000, 0x0000, 0x0000, 0x0000, 0x0000, 0x0000, 0x0000, 0x0000, 0x0000, 0x0000, 0x0000,
  0x0000, 0x0000, 0x0000, 0x0000, 0x0000, 0x0000, 0x0000, 0x0000, 0x0000, 0x1A6F, 0x343A, 0x0841,
  0x0883, 0x10C4, 0x1905, 0x2147, 0x2989, 0x31CA, 0x3A0C, 0x4A6E, 0x52B0, 0x6312, 0x6333, 0x6B54,
  0x6B75, 0x7395, 0x7BB6, 0x83F7, 0x8417, 0x8417, 0x83F7, 0x7BD5, 0x6B53, 0x5AD0, 0x422C, 0x31A9,
  0x2127, 0x10E5, 0x10A4, 0x0883, 0x0863, 0x0862, 0x0862, 0x0862, 0x0862, 0x0862, 0x0862, 0x0862,
  0x0862, 0x0862, 0x0862, 0x0862, 0x0862, 0x0862, 0x0862, 0x0862, 0x0862, 0x0862, 0x0862, 0x0862,
  0x0862, 0x0862, 0x0862, 0x0862, 0x0862, 0x0862, 0x0862, 0x0862, 0x0862, 0x0862, 0x0862, 0x0862,
  0x0062, 0x0062, 0x0862, 0x0062, 0x0862, 0x0862, 0x0062, 0x0062, 0x0062, 0x0062, 0x0062, 0x0042,
  0x0062, 0x0862, 0x0062, 0x0062, 0x0062, 0x0862, 0x0862, 0x0062, 0x0062, 0x0062, 0x0062, 0x0062,
  0x0062, 0x0042, 0x0042, 0x0062, 0x0062, 0x0062, 0x0042, 0x0042, 0x0042, 0x0042, 0x0042, 0x0042,
  0x0062, 0x0042, 0x0042, 0x0042, 0x0042, 0x0042, 0x0042, 0x0042, 0x0042, 0x0042, 0x0042, 0x0042,
  0x0042, 0x0042, 0x0042, 0x0042, 0x0042, 0x0042, 0x0062, 0x0042, 0x0042, 0x0062, 0x0062, 0x0062,
  0x0062, 0x0062, 0x0062, 0x0062, 0x0062, 0x0062, 0x0062, 0x0062, 0x0062, 0x0062, 0x0062, 0x0062,
  0x0042, 0x0042, 0x0042, 0x0042, 0x0042, 0x0042, 0x0042, 0x0042, 0x0042, 0x0042, 0x0042, 0x0062,
  0x0042, 0x0042, 0x0062, 0x0042, 0x0042, 0x0042, 0x0042, 0x0042, 0x0042, 0x0042, 0x0042, 0x0042,
  0x0042, 0x0042, 0x0042, 0x0042, 0x0042, 0x0062, 0x0062, 0x0042, 0x0042, 0x0042, 0x0042, 0x0042,
  0x0042, 0x0042, 0x0042, 0x0042, 0x0042, 0x0042, 0x0042, 0x0042, 0x0042, 0x0042, 0x0042, 0x0042,
  0x0042, 0x0042, 0x0042, 0x0042, 0x0042, 0x0042, 0x0042, 0x0062, 0x0042, 0x0063, 0x3C9D, 0x19EC,
  0x0000, 0x0000, 0x0000, 0x0000, 0x0000, 0x0000, 0x0000, 0x0000, 0x0000, 0x0000, 0x0000, 0x0000,
  0x0000, 0x0000, 0x0000, 0x0000, 0x0000, 0x0000, 0x0000, 0x0000, 0x0000, 0x0000, 0x0000, 0x0000,
  0x0000, 0x0000, 0x0000, 0x0000, 0x0000, 0x0000, 0x0000, 0x0000, 0x0000, 0x0000, 0x0000, 0x0000,
  0x0000, 0x0000, 0x0000, 0x0000, 0x0000, 0x0000, 0x0000, 0x0000, 0x0000, 0x0000, 0x33F8, 0x2B13,
  0x1062, 0x2147, 0x2989, 0x3A0B, 0x4A8E, 0x52AF, 0x5AF1, 0x6332, 0x6B74, 0x7395, 0x7396, 0x73B6,
  0x7BB6, 0x7BD7, 0x83F7, 0x83F7, 0x83F7, 0x83D6, 0x7394, 0x6332, 0x528F, 0x39EB, 0x2968, 0x1906,
  0x10A4, 0x0883, 0x0863, 0x0862, 0x0862, 0x0862, 0x0862, 0x0862, 0x0862, 0x0862, 0x0863, 0x0862,
  0x0862, 0x0862, 0x0862, 0x0862, 0x0862, 0x0862, 0x0862, 0x0862, 0x0862, 0x0862, 0x0862, 0x0862,
  0x0862, 0x0862, 0x0862, 0x0862, 0x0862, 0x0862, 0x0862, 0x0862, 0x0862, 0x0862, 0x0862, 0x0862,
  0x0862, 0x0862, 0x0862, 0x0862, 0x0862, 0x0062, 0x0062, 0x0062, 0x0862, 0x0062, 0x0062, 0x0062,
  0x0062, 0x0042, 0x0062, 0x0062, 0x0062, 0x0862, 0x0862, 0x0862, 0x0062, 0x0062, 0x0062, 0x0062,
  0x0042, 0x0042, 0x0042, 0x0042, 0x0042, 0x0042, 0x0042, 0x0042, 0x0042, 0x0042, 0x0042, 0x0042,
  0x0042, 0x0042, 0x0042, 0x0042, 0x0042, 0x0042, 0x0042, 0x0042, 0x0042, 0x0042, 0x0042, 0x0042,
  0x0042, 0x0042, 0x0042, 0x0042, 0x0042, 0x0062, 0x0042, 0x0042, 0x0042, 0x0062, 0x0062, 0x0062,
  0x0062, 0x0062, 0x0062, 0x0062, 0x0062, 0x0062, 0x0062, 0x0062, 0x0062, 0x0062, 0x0062, 0x0062,
  0x0042, 0x0042, 0x0042, 0x0042, 0x0042, 0x0042, 0x0042, 0x0042, 0x0042, 0x0042, 0x0042, 0x0042,
  0x0042, 0x0062, 0x0062, 0x0062, 0x0062, 0x0062, 0x0062, 0x0062, 0x0062, 0x0062, 0x0062, 0x0062,
  0x0042, 0x0042, 0x0042, 0x0042, 0x0042, 0x0042, 0x0042, 0x0042, 0x0042, 0x0042, 0x0042, 0x0042,
  0x0042, 0x0042, 0x0042, 0x0042, 0x0042, 0x0042, 0x0042, 0x0042, 0x0042, 0x0042, 0x0042, 0x0042,
  0x0042, 0x0042, 0x0042, 0x0042, 0x0042, 0x0042, 0x0042, 0x0062, 0x0000, 0x2BB7, 0x2B75, 0x0000,
  0x0000, 0x0000, 0x0000, 0x0000, 0x0000, 0x0000, 0x0000, 0x0000, 0x0000, 0x0000, 0x0000, 0x0000,
  0x0000, 0x0000, 0x0000, 0x0000, 0x0000, 0x0000, 0x0000, 0x0000, 0x0000, 0x0000, 0x0000, 0x0000,
  0x0000, 0x0000, 0x0000, 0x0000, 0x0000, 0x0000, 0x0000, 0x0000, 0x0000, 0x0000, 0x0000, 0x0000,
  0x0000, 0x0000, 0x0000, 0x0000, 0x0000, 0x0000, 0x0000, 0x0000, 0x0000, 0x0000, 0x0883, 0x3CBD,
  0x326F, 0x31A9, 0x4A6E, 0x5AF1, 0x6B73, 0x7374, 0x7395, 0x73B5, 0x7BB6, 0x7BB6, 0x73B6, 0x7BD7,
  0x7BD7, 0x83F7, 0x83F7, 0x7BD6, 0x73B5, 0x6B53, 0x5AF0, 0x4A4D, 0x31CA, 0x2147, 0x10E5, 0x10A4,
  0x0883, 0x0862, 0x0862, 0x0862, 0x0862, 0x0862, 0x0862, 0x0862, 0x0862, 0x0862, 0x0862, 0x0862,
  0x0862, 0x0862, 0x0862, 0x0862, 0x0862, 0x0862, 0x0862, 0x0862, 0x0862, 0x0862, 0x0862, 0x0862,
  0x0862, 0x0862, 0x0862, 0x0862, 0x0862, 0x0862, 0x0862, 0x0862, 0x0862, 0x0862, 0x0862, 0x0862,
  0x0862, 0x0862, 0x0862, 0x0062, 0x0062, 0x0062, 0x0862, 0x0862, 0x0862, 0x0862, 0x0862, 0x0062,
  0x0062, 0x0062, 0x0062, 0x0062, 0x0062, 0x0062, 0x0862, 0x0862, 0x0862, 0x0862, 0x0862, 0x0062,
  0x0062, 0x0062, 0x0862, 0x0862, 0x0062, 0x0062, 0x0042, 0x0042, 0x0042, 0x0042, 0x0042, 0x0042,
  0x0042, 0x0042, 0x0042, 0x0042, 0x0042, 0x0042, 0x0042, 0x0042, 0x0042, 0x0042, 0x0042, 0x0042,
  0x0062, 0x0062, 0x0062, 0x0042, 0x0042, 0x0062, 0x0062, 0x0042, 0x0062, 0x0062, 0x0062, 0x0062,
  0x0062, 0x0062, 0x0062, 0x0062, 0x0062, 0x0062, 0x0062, 0x0062, 0x0062, 0x0062, 0x0062, 0x0062,
  0x0062, 0x0042, 0x0042, 0x0042, 0x0042, 0x0042, 0x0062, 0x0062, 0x0042, 0x0062, 0x0062, 0x0062,
  0x0042, 0x0062, 0x0062, 0x0062, 0x0062, 0x0062, 0x0062, 0x0862, 0x0062, 0x0862, 0x0862, 0x0862,
  0x0862, 0x0062, 0x0062, 0x0042, 0x0042, 0x0042, 0x0042, 0x0042, 0x0042, 0x0042, 0x0042, 0x0042,
  0x0042, 0x0042, 0x0062, 0x0062, 0x0062, 0x0062, 0x0062, 0x0062, 0x0062, 0x0062, 0x0062, 0x0042,
  0x0042, 0x0062, 0x0042, 0x0042, 0x0042, 0x0042, 0x0063, 0x0000, 0x2290, 0x3C9C, 0x0041, 0x0000,
  0x0000, 0x0000, 0x0000, 0x0000, 0x0000, 0x0000, 0x0000, 0x0000, 0x0000, 0x0000, 0x0000, 0x0000,
  0x0000, 0x0000, 0x0000, 0x0000, 0x0000, 0x0000, 0x0000, 0x0000, 0x0000, 0x0000, 0x0000, 0x0000,
  0x0000, 0x0000, 0x0000, 0x0000, 0x0000, 0x0000, 0x0000, 0x0000, 0x0000, 0x0000, 0x0000, 0x0000,
  0x0000, 0x0000, 0x0000, 0x0000, 0x0000, 0x0000, 0x0000, 0x0000, 0x0000, 0x0000, 0x0000, 0x1189,
  0x44FE, 0x52D0, 0x6B32, 0x7BD5, 0x8417, 0x83F7, 0x83F7, 0x83F7, 0x7BD7, 0x7BD7, 0x7BD7, 0x7BF7,
  0x83F7, 0x83F7, 0x7BD6, 0x7395, 0x6332, 0x52AF, 0x422C, 0x2989, 0x2127, 0x10C5, 0x0883, 0x0883,
  0x0862, 0x0862, 0x0862, 0x0862, 0x0862, 0x0862, 0x0862, 0x0862, 0x0862, 0x0862, 0x0862, 0x0862,
  0x0862, 0x0862, 0x0862, 0x0862, 0x0862, 0x0862, 0x0862, 0x0862, 0x0862, 0x0862, 0x0862, 0x0862,
  0x0862, 0x0862, 0x0862, 0x0862, 0x0862, 0x0862, 0x0862, 0x0862, 0x0862, 0x0862, 0x0862, 0x0862,
  0x0862, 0x0862, 0x0862, 0x0062, 0x0062, 0x0062, 0x0062, 0x0062, 0x0062, 0x0062, 0x0062, 0x0042,
  0x0062, 0x0062, 0x0862, 0x0062, 0x0062, 0x0862, 0x0862, 0x0862, 0x0862, 0x0862, 0x0862, 0x0862,
  0x0862, 0x0862, 0x0862, 0x0862, 0x0862, 0x0862, 0x0862, 0x0862, 0x0862, 0x0062, 0x0062, 0x0062,
  0x0062, 0x0042, 0x0042, 0x0062, 0x0042, 0x0042, 0x0042, 0x0042, 0x0042, 0x0062, 0x0062, 0x0862,
  0x0862, 0x0062, 0x0062, 0x0062, 0x0062, 0x0062, 0x0062, 0x0062, 0x0862, 0x0062, 0x0062, 0x0062,
  0x0062, 0x0062, 0x0062, 0x0062, 0x0062, 0x0062, 0x0062, 0x0862, 0x0862, 0x0862, 0x0062, 0x0062,
  0x0062, 0x0862, 0x0062, 0x0062, 0x0062, 0x0062, 0x0062, 0x0062, 0x0062, 0x0062, 0x0062, 0x0062,
  0x0062, 0x0042, 0x0062, 0x0062, 0x0062, 0x0062, 0x0062, 0x0062, 0x0062, 0x0062, 0x0062, 0x0062,
  0x0062, 0x0062, 0x0062, 0x0062, 0x0042, 0x0042, 0x0062, 0x0062, 0x0042, 0x0042, 0x0042, 0x0042,
  0x0062, 0x0062, 0x0062, 0x0062, 0x0062, 0x0062, 0x0062, 0x0062, 0x0062, 0x0062, 0x0062, 0x0062,
  0x0062, 0x0062, 0x0042, 0x0062, 0x0042, 0x0063, 0x0000, 0x1169, 0x3D1F, 0x08E6, 0x0000, 0x0000,
  0x0000, 0x0000, 0x0000, 0x0000, 0x0000, 0x0000, 0x0000, 0x0000, 0x0000, 0x0000, 0x0000, 0x0000,
  0x0000, 0x0000, 0x0000, 0x0000, 0x0000, 0x0000, 0x0000, 0x0000, 0x0000, 0x0000, 0x0000, 0x0000,
  0x0000, 0x0000, 0x0000, 0x0000, 0x0000, 0x0000, 0x0000, 0x0000, 0x0000, 0x0000, 0x0000, 0x0000,
  0x0000, 0x0000, 0x0000, 0x0000, 0x0000, 0x0000, 0x0000, 0x0000, 0x0000, 0x0000, 0x0020, 0x0000,
  0x1AB0, 0x54FE, 0x83D5, 0x8C38, 0x8C38, 0x8C18, 0x8418, 0x83F7, 0x83F7, 0x83F7, 0x8417, 0x8417,
  0x8417, 0x83F7, 0x7BD5, 0x6B53, 0x52D0, 0x422C, 0x31AA, 0x2147, 0x18E5, 0x10A4, 0x0883, 0x0883,
  0x0863, 0x0863, 0x0863, 0x0863, 0x0862, 0x0862, 0x0862, 0x0862, 0x0862, 0x0862, 0x0862, 0x0862,
  0x0862, 0x0862, 0x0862, 0x0862, 0x0862, 0x0862, 0x0862, 0x0862, 0x0862, 0x0862, 0x0862, 0x0862,
  0x0862, 0x0862, 0x0862, 0x0862, 0x0862, 0x0863, 0x0862, 0x0862, 0x0862, 0x0862, 0x0862, 0x0862,
  0x0862, 0x0862, 0x0862, 0x0862, 0x0862, 0x0862, 0x0862, 0x0862, 0x0862, 0x0862, 0x0862, 0x0862,
  0x0062, 0x0862, 0x0862, 0x0862, 0x0862, 0x0862, 0x0862, 0x0862, 0x0862, 0x0862, 0x0862, 0x0862,
  0x0862, 0x0862, 0x0862, 0x0862, 0x0862, 0x0862, 0x0062, 0x0862, 0x0862, 0x0862, 0x0862, 0x0862,
  0x0862, 0x0862, 0x0062, 0x0062, 0x0062, 0x0062, 0x0062, 0x0062, 0x0062, 0x0062, 0x0062, 0x0862,
  0x0862, 0x0062, 0x0062, 0x0862, 0x0862, 0x0862, 0x0862, 0x0862, 0x0862, 0x0862, 0x0062, 0x0062,
  0x0062, 0x0062, 0x0862, 0x0862, 0x0062, 0x0062, 0x0062, 0x0062, 0x0062, 0x0862, 0x0862, 0x0062,
  0x0062, 0x0062, 0x0062, 0x0062, 0x0062, 0x0062, 0x0062, 0x0062, 0x0062, 0x0062, 0x0062, 0x0062,
  0x0062, 0x0062, 0x0042, 0x0062, 0x0062, 0x0862, 0x0862, 0x0062, 0x0062, 0x0062, 0x0862, 0x0062,
  0x0062, 0x0062, 0x0062, 0x0042, 0x0042, 0x0062, 0x0062, 0x0062, 0x0042, 0x0042, 0x0042, 0x0042,
  0x0062, 0x0062, 0x0062, 0x0062, 0x0062, 0x0062, 0x0062, 0x0062, 0x0062, 0x0062, 0x0062, 0x0062,
  0x0062, 0x0042, 0x0062, 0x0062, 0x0863, 0x0021, 0x08A4, 0x44FE, 0x19EC, 0x0000, 0x0000, 0x0000,
  0x0000, 0x0000, 0x0000, 0x0000, 0x0000, 0x0000, 0x0000, 0x0000, 0x0000, 0x0000, 0x0000, 0x0000,
  0x0000, 0x0000, 0x0000, 0x0000, 0x0000, 0x0000, 0x0000, 0x0000, 0x0000, 0x0000, 0x0000, 0x0000,
  0x0000, 0x0000, 0x0000, 0x0000, 0x0000, 0x0000, 0x0000, 0x0000, 0x0000, 0x0000, 0x0000, 0x0000,
  0x0000, 0x0000, 0x0000, 0x0000, 0x0000, 0x0000, 0x0000, 0x0000, 0x0000, 0x0000, 0x0000, 0x0000,
  0x0000, 0x2BD7, 0x6D1E, 0x9438, 0x8C59, 0x8C38, 0x8C18, 0x8C18, 0x8C38, 0x8C38, 0x8C38, 0x8C38,
  0x8C38, 0x83F7, 0x73B5, 0x6332, 0x528F, 0x3A0C, 0x31A9, 0x2147, 0x1906, 0x10E5, 0x10A4, 0x08A3,
  0x0883, 0x0883, 0x0863, 0x0863, 0x0862, 0x0862, 0x0862, 0x0862, 0x0862, 0x0862, 0x0863, 0x0862,
  0x0862, 0x0862, 0x0862, 0x0862, 0x0862, 0x0862, 0x0862, 0x0862, 0x0862, 0x0862, 0x0862, 0x0862,
  0x0862, 0x0862, 0x0862, 0x0862, 0x0862, 0x0862, 0x0862, 0x0862, 0x0862, 0x0862, 0x0862, 0x0862,
  0x0862, 0x0862, 0x0862, 0x0862, 0x0862, 0x0862, 0x0862, 0x0862, 0x0862, 0x0862, 0x0862, 0x0862,
  0x0862, 0x0862, 0x0862, 0x0862, 0x0862, 0x0062, 0x0862, 0x0062, 0x0062, 0x0062, 0x0862, 0x0862,
  0x0062, 0x0062, 0x0862, 0x0862, 0x0862, 0x0062, 0x0062, 0x0862, 0x0062, 0x0062, 0x0062, 0x0062,
  0x0062, 0x0862, 0x0862, 0x0862, 0x0862, 0x0862, 0x0062, 0x0062, 0x0862, 0x0862, 0x0062, 0x0862,
  0x0862, 0x0862, 0x0862, 0x0862, 0x0862, 0x0862, 0x0862, 0x0862, 0x0862, 0x0062, 0x0062, 0x0062,
  0x0062, 0x0862, 0x0862, 0x0062, 0x0062, 0x0062, 0x0062, 0x0062, 0x0042, 0x0062, 0x0062, 0x0062,
  0x0062, 0x0042, 0x0042, 0x0042, 0x0042, 0x0062, 0x0062, 0x0062, 0x0862, 0x0062, 0x0062, 0x0062,
  0x0062, 0x0062, 0x0062, 0x0862, 0x0862, 0x0862, 0x0862, 0x0862, 0x0862, 0x0062, 0x0862, 0x0062,
  0x0042, 0x0062, 0x0042, 0x0042, 0x0042, 0x0042, 0x0042, 0x0042, 0x0042, 0x0042, 0x0042, 0x0042,
  0x0062, 0x0062, 0x0062, 0x0062, 0x0062, 0x0062, 0x0062, 0x0042, 0x0062, 0x0062, 0x0062, 0x0042,
  0x0042, 0x0042, 0x0042, 0x0062, 0x0062, 0x0021, 0x343A, 0x2B33, 0x0000, 0x0020, 0x0000, 0x0000,
  0x0000, 0x0000, 0x0000, 0x0000, 0x0000, 0x0000, 0x0000, 0x0000, 0x0000, 0x0000, 0x0000, 0x0000,
  0x0000, 0x0000, 0x0000, 0x0000, 0x0000, 0x0000, 0x0000, 0x0000, 0x0000, 0x0000, 0x0000, 0x0000,
  0x0000, 0x0000, 0x0000, 0x0000, 0x0000, 0x0000, 0x0000, 0x0000, 0x0000, 0x0000, 0x0000, 0x0000,
  0x0000, 0x0000, 0x0000, 0x0000, 0x0000, 0x0000, 0x0000, 0x0000, 0x0000, 0x0000, 0x0000, 0x0000,
  0x0000, 0x0062, 0x349C, 0x74DC, 0x9438, 0x8C59, 0x8C58, 0x9458, 0x9459, 0x9479, 0x9479, 0x9459,
  0x8C38, 0x83F6, 0x7394, 0x6332, 0x528F, 0x422C, 0x31CA, 0x2968, 0x2147, 0x1906, 0x10E5, 0x10C4,
  0x08A4, 0x0883, 0x0883, 0x0863, 0x0862, 0x0862, 0x0862, 0x0862, 0x0862, 0x0862, 0x0863, 0x0863,
  0x0862, 0x0862, 0x0862, 0x0862, 0x0862, 0x0862, 0x0862, 0x0862, 0x0862, 0x0862, 0x0862, 0x0862,
  0x0862, 0x0862, 0x0862, 0x0862, 0x0862, 0x0862, 0x0862, 0x0862, 0x0862, 0x0862, 0x0862, 0x0862,
  0x0862, 0x0862, 0x0862, 0x0862, 0x0862, 0x0862, 0x0862, 0x0862, 0x0863, 0x0862, 0x0862, 0x0862,
  0x0862, 0x0862, 0x0862, 0x0062, 0x0062, 0x0862, 0x0862, 0x0862, 0x0862, 0x0862, 0x0062, 0x0062,
  0x0062, 0x0062, 0x0862, 0x0862, 0x0862, 0x0862, 0x0862, 0x0862, 0x0862, 0x0862, 0x0062, 0x0062,
  0x0862, 0x0862, 0x0862, 0x0862, 0x0862, 0x0862, 0x0862, 0x0862, 0x0862, 0x0862, 0x0862, 0x0862,
  0x0862, 0x0862, 0x0862, 0x0862, 0x0862, 0x0862, 0x0862, 0x0862, 0x0863, 0x0862, 0x0062, 0x0062,
  0x0062, 0x0862, 0x0062, 0x0062, 0x0862, 0x0862, 0x0862, 0x0862, 0x0062, 0x0062, 0x0862, 0x0862,
  0x0862, 0x0062, 0x0042, 0x0062, 0x0042, 0x0062, 0x0062, 0x0062, 0x0062, 0x0062, 0x0062, 0x0062,
  0x0062, 0x0062, 0x0062, 0x0062, 0x0062, 0x0062, 0x0062, 0x0062, 0x0062, 0x0062, 0x0062, 0x0062,
  0x0062, 0x0062, 0x0042, 0x0042, 0x0042, 0x0062, 0x0042, 0x0042, 0x0042, 0x0042, 0x0042, 0x0042,
  0x0042, 0x0042, 0x0042, 0x0042, 0x0042, 0x0042, 0x0042, 0x0042, 0x0062, 0x0062, 0x0062, 0x0062,
  0x0042, 0x0042, 0x0042, 0x0062, 0x0000, 0x2B96, 0x33F8, 0x0000, 0x0000, 0x0000, 0x0000, 0x0000,
  0x0000, 0x0000, 0x0000, 0x0000, 0x0000, 0x0000, 0x0000, 0x0000, 0x0000, 0x0000, 0x0000, 0x0000,
  0x0000, 0x0000, 0x0000, 0x0000, 0x0000, 0x0000, 0x0000, 0x0000, 0x0000, 0x0000, 0x0000, 0x0000,
  0x0000, 0x0000, 0x0000, 0x0000, 0x0000, 0x0000, 0x0000, 0x0000, 0x0000, 0x0000, 0x0000, 0x0000,
  0x0000, 0x0000, 0x0000, 0x0000, 0x0000, 0x0000, 0x0000, 0x0000, 0x0000, 0x0000, 0x0000, 0x0000,
  0x0000, 0x0000, 0x0906, 0x44FE, 0x849B, 0x9C58, 0x9479, 0x9C79, 0x9C79, 0x9C99, 0x9C99, 0x9479,
  0x8C37, 0x83F6, 0x7373, 0x6311, 0x4A8E, 0x420C, 0x31CA, 0x2989, 0x2147, 0x1926, 0x18E5, 0x10C4,
  0x10A4, 0x0883, 0x0883, 0x0883, 0x0863, 0x0862, 0x0862, 0x0862, 0x0862, 0x0862, 0x0862, 0x0862,
  0x0862, 0x0862, 0x0862, 0x0862, 0x0862, 0x0862, 0x0862, 0x0862, 0x0862, 0x0862, 0x0862, 0x0863,
  0x0862, 0x0862, 0x0862, 0x0862, 0x0862, 0x0862, 0x0862, 0x0862, 0x0862, 0x0862, 0x0862, 0x0862,
  0x0862, 0x0862, 0x0862, 0x0862, 0x0862, 0x0862, 0x0862, 0x0862, 0x0863, 0x0863, 0x0863, 0x0862,
  0x0863, 0x0862, 0x0862, 0x0862, 0x0862, 0x0862, 0x0862, 0x0862, 0x0862, 0x0862, 0x0862, 0x0862,
  0x0862, 0x0862, 0x0862, 0x0862, 0x0862, 0x0862, 0x0862, 0x0862, 0x0862, 0x0862, 0x0862, 0x0862,
  0x0862, 0x0862, 0x0862, 0x0862, 0x0862, 0x0862, 0x0862, 0x0062, 0x0862, 0x0862, 0x0862, 0x0862,
  0x0862, 0x0862, 0x0862, 0x0862, 0x0862, 0x0862, 0x0863, 0x0863, 0x0863, 0x0862, 0x0862, 0x0862,
  0x0862, 0x0862, 0x0862, 0x0862, 0x0862, 0x0862, 0x0862, 0x0862, 0x0062, 0x0862, 0x0862, 0x0062,
  0x0062, 0x0062, 0x0062, 0x0062, 0x0062, 0x0062, 0x0062, 0x0062, 0x0862, 0x0062, 0x0062, 0x0062,
  0x0062, 0x0062, 0x0062, 0x0062, 0x0062, 0x0062, 0x0062, 0x0062, 0x0062, 0x0062, 0x0062, 0x0062,
  0x0062, 0x0042, 0x0062, 0x0062, 0x0042, 0x0062, 0x0042, 0x0042, 0x0042, 0x0042, 0x0042, 0x0042,
  0x0042, 0x0042, 0x0042, 0x0042, 0x0042, 0x0042, 0x0042, 0x0042, 0x0062, 0x0062, 0x0062, 0x0062,
  0x0042, 0x0042, 0x0063, 0x0000, 0x22B1, 0x3C9C, 0x0042, 0x0000, 0x0000, 0x0000, 0x0000, 0x0000,
  0x0000, 0x0000, 0x0000, 0x0000, 0x0000, 0x0000, 0x0000, 0x0000, 0x0000, 0x0000, 0x0000, 0x0000,
  0x0000, 0x0000, 0x0000, 0x0000, 0x0000, 0x0000, 0x0000, 0x0000, 0x0000, 0x0000, 0x0000, 0x0000,
  0x0000, 0x0000, 0x0000, 0x0000, 0x0000, 0x0000, 0x0000, 0x0000, 0x0000, 0x0000, 0x0000, 0x0000,
  0x0000, 0x0000, 0x0000, 0x0000, 0x0000, 0x0000, 0x0000, 0x0000, 0x0000, 0x0000, 0x0000, 0x0000,
  0x0000, 0x0000, 0x0000, 0x11AA, 0x453F, 0x8C7A, 0x9C79, 0x9C9A, 0x9C99, 0x9C79, 0x9458, 0x8C37,
  0x7BD5, 0x6B73, 0x6310, 0x528E, 0x422C, 0x31CA, 0x2989, 0x2147, 0x1926, 0x18E5, 0x10C5, 0x10A4,
  0x0883, 0x0883, 0x0883, 0x0863, 0x0863, 0x0862, 0x0862, 0x0862, 0x0862, 0x0862, 0x0862, 0x0862,
  0x0862, 0x0862, 0x0862, 0x0863, 0x0883, 0x0883, 0x0883, 0x0883, 0x0862, 0x0862, 0x0863, 0x0862,
  0x0862, 0x0862, 0x0862, 0x0862, 0x0862, 0x0862, 0x0862, 0x0862, 0x0862, 0x0862, 0x0862, 0x0862,
  0x0862, 0x0862, 0x0862, 0x0862, 0x0862, 0x0862, 0x0862, 0x0862, 0x0862, 0x0863, 0x0862, 0x0862,
  0x0863, 0x0862, 0x0862, 0x0862, 0x0862, 0x0862, 0x0862, 0x0862, 0x0862, 0x0862, 0x0862, 0x0862,
  0x0862, 0x0862, 0x0862, 0x0862, 0x0862, 0x0862, 0x0862, 0x0862, 0x0862, 0x0862, 0x0862, 0x0862,
  0x0862, 0x0862, 0x0862, 0x0862, 0x0862, 0x0862, 0x0862, 0x0862, 0x0862, 0x0862, 0x0862, 0x0862,
  0x0862, 0x0862, 0x0863, 0x0863, 0x0862, 0x0862, 0x0862, 0x0862, 0x0862, 0x0862, 0x0862, 0x0862,
  0x0862, 0x0862, 0x0862, 0x0862, 0x0863, 0x0862, 0x0862, 0x0862, 0x0862, 0x0862, 0x0862, 0x0862,
  0x0862, 0x0862, 0x0062, 0x0062, 0x0862, 0x0862, 0x0862, 0x0062, 0x0062, 0x0062, 0x0862, 0x0862,
  0x0862, 0x0062, 0x0062, 0x0062, 0x0062, 0x0062, 0x0062, 0x0862, 0x0062, 0x0062, 0x0062, 0x0062,
  0x0062, 0x0062, 0x0062, 0x0062, 0x0042, 0x0062, 0x0062, 0x0062, 0x0062, 0x0042, 0x0042, 0x0042,
  0x0042, 0x0042, 0x0042, 0x0042, 0x0042, 0x0042, 0x0042, 0x0042, 0x0042, 0x0042, 0x0042, 0x0042,
  0x0042, 0x0063, 0x0000, 0x19EC, 0x451E, 0x08C4, 0x0000, 0x0000, 0x0000, 0x0000, 0x0000, 0x0000,
  0x0000, 0x0000, 0x0000, 0x0000, 0x0000, 0x0000, 0x0000, 0x0000, 0x0000, 0x0000, 0x0000, 0x0000,
  0x0000, 0x0000, 0x0000, 0x0000, 0x0000, 0x0000, 0x0000, 0x0000, 0x0000, 0x0000, 0x0000, 0x0000,
  0x0000, 0x0000, 0x0000, 0x0000, 0x0000, 0x0000, 0x0000, 0x0000, 0x0000, 0x0000, 0x0000, 0x0000,
  0x0000, 0x0000, 0x0000, 0x0000, 0x0000, 0x0000, 0x0000, 0x0000, 0x0000, 0x0000, 0x0000, 0x0000,
  0x0000, 0x0000, 0x0000, 0x0000, 0x1A6F, 0x4D5F, 0x9479, 0x9458, 0x8C37, 0x83F6, 0x7BB4, 0x7372,
  0x6310, 0x52AE, 0x422C, 0x39EA, 0x2989, 0x2147, 0x1926, 0x18E5, 0x10C5, 0x10A4, 0x08A3, 0x0883,
  0x0883, 0x0863, 0x0863, 0x0863, 0x0862, 0x0862, 0x0862, 0x0862, 0x0862, 0x0862, 0x0862, 0x0862,
  0x0862, 0x0883, 0x0883, 0x0883, 0x08A4, 0x10A4, 0x08A3, 0x0883, 0x0883, 0x0863, 0x0862, 0x0862,
  0x0862, 0x0862, 0x0862, 0x0862, 0x0862, 0x0862, 0x0862, 0x0862, 0x0862, 0x0862, 0x0862, 0x0862,
  0x0863, 0x0863, 0x0863, 0x0863, 0x0862, 0x0862, 0x0863, 0x0863, 0x0863, 0x0863, 0x0863, 0x0863,
  0x0863, 0x0863, 0x0863, 0x0862, 0x0862, 0x0862, 0x0862, 0x0862, 0x0862, 0x0862, 0x0862, 0x0862,
  0x0862, 0x0862, 0x0862, 0x0862, 0x0862, 0x0862, 0x0862, 0x0862, 0x0862, 0x0862, 0x0862, 0x0862,
  0x0862, 0x0862, 0x0862, 0x0862, 0x0862, 0x0862, 0x0862, 0x0862, 0x0862, 0x0862, 0x0862, 0x0862,
  0x0862, 0x0862, 0x0862, 0x0862, 0x0862, 0x0862, 0x0862, 0x0862, 0x0862, 0x0862, 0x0862, 0x0862,
  0x0862, 0x0862, 0x0862, 0x0862, 0x0862, 0x0862, 0x0862, 0x0862, 0x0862, 0x0862, 0x0862, 0x0862,
  0x0862, 0x0862, 0x0862, 0x0062, 0x0062, 0x0862, 0x0862, 0x0862, 0x0062, 0x0062, 0x0062, 0x0062,
  0x0062, 0x0862, 0x0062, 0x0062, 0x0062, 0x0062, 0x0062, 0x0062, 0x0062, 0x0062, 0x0042, 0x0062,
  0x0062, 0x0062, 0x0862, 0x0062, 0x0062, 0x0062, 0x0062, 0x0062, 0x0042, 0x0042, 0x0042, 0x0042,
  0x0042, 0x0042, 0x0042, 0x0042, 0x0042, 0x0042, 0x0042, 0x0042, 0x0042, 0x0042, 0x0042, 0x0042,
  0x0863, 0x0000, 0x1189, 0x453F, 0x1148, 0x0000, 0x0000, 0x0000, 0x0000, 0x0000, 0x0000, 0x0000,
  0x0000, 0x0000, 0x0000, 0x0000, 0x0000, 0x0000, 0x0000, 0x0000, 0x0000, 0x0000, 0x0000, 0x0000,
  0x0000, 0x0000, 0x0000, 0x0000, 0x0000, 0x0000, 0x0000, 0x0000, 0x0000, 0x0000, 0x0000, 0x0000,
  0x0000, 0x0000, 0x0000, 0x0000, 0x0000, 0x0000, 0x0000, 0x0000, 0x0000, 0x0000, 0x0000, 0x0000,
  0x0000, 0x0000, 0x0000, 0x0000, 0x0000, 0x0000, 0x0000, 0x0000, 0x0000, 0x0000, 0x0000, 0x0000,
  0x0000, 0x0000, 0x0000, 0x0000, 0x0000, 0x2313, 0x551F, 0x7B94, 0x7373, 0x6B32, 0x5ACF, 0x4A6D,
  0x420B, 0x31CA, 0x2968, 0x2127, 0x18E5, 0x10C5, 0x10A4, 0x08A3, 0x0883, 0x0883, 0x0883, 0x0863,
  0x0862, 0x0862, 0x0862, 0x0862, 0x0862, 0x0862, 0x0862, 0x0862, 0x0862, 0x0862, 0x0862, 0x0863,
  0x0883, 0x10A4, 0x10C4, 0x10C4, 0x10C5, 0x10C4, 0x10C4, 0x08A3, 0x0883, 0x0863, 0x0862, 0x0862,
  0x0862, 0x0862, 0x0862, 0x0862, 0x0862, 0x0862, 0x0862, 0x0862, 0x0862, 0x0862, 0x0862, 0x0863,
  0x0862, 0x0863, 0x0863, 0x0863, 0x0863, 0x0862, 0x0863, 0x0863, 0x0863, 0x0863, 0x0863, 0x0863,
  0x0863, 0x0863, 0x0863, 0x0863, 0x0862, 0x0863, 0x0862, 0x0862, 0x0862, 0x0862, 0x0862, 0x0862,
  0x0862, 0x0862, 0x0862, 0x0863, 0x0862, 0x0862, 0x0862, 0x0862, 0x0862, 0x0862, 0x0862, 0x0862,
  0x0862, 0x0862, 0x0862, 0x0862, 0x0862, 0x0862, 0x0862, 0x0862, 0x0862, 0x0862, 0x0862, 0x0862,
  0x0862, 0x0862, 0x0862, 0x0862, 0x0862, 0x0862, 0x0862, 0x0862, 0x0862, 0x0862, 0x0862, 0x0862,
  0x0862, 0x0862, 0x0862, 0x0862, 0x0862, 0x0862, 0x0862, 0x0862, 0x0862, 0x0862, 0x0862, 0x0862,
  0x0862, 0x0862, 0x0862, 0x0062, 0x0862, 0x0862, 0x0862, 0x0862, 0x0862, 0x0862, 0x0062, 0x0062,
  0x0062, 0x0862, 0x0862, 0x0862, 0x0862, 0x0062, 0x0062, 0x0062, 0x0042, 0x0042, 0x0062, 0x0062,
  0x0062, 0x0062, 0x0062, 0x0062, 0x0042, 0x0042, 0x0042, 0x0042, 0x0042, 0x0042, 0x0042, 0x0042,
  0x0042, 0x0042, 0x0042, 0x0042, 0x0042, 0x0062, 0x0042, 0x0042, 0x0042, 0x0042, 0x0042, 0x0063,
  0x0000, 0x0907, 0x453F, 0x19EB, 0x0000, 0x0020, 0x0000, 0x0000, 0x0000, 0x0000, 0x0000, 0x0000,
  0x0000, 0x0000, 0x0000, 0x0000, 0x0000, 0x0000, 0x0000, 0x0000, 0x0000, 0x0000, 0x0000, 0x0000,
  0x0000, 0x0000, 0x0000, 0x0000, 0x0000, 0x0000, 0x0000, 0x0000, 0x0000, 0x0000, 0x0000, 0x0000,
  0x0000, 0x0000, 0x0000, 0x0000, 0x0000, 0x0000, 0x0000, 0x0000, 0x0000, 0x0000, 0x0000, 0x0000,
  0x0000, 0x0000, 0x0000, 0x0000, 0x0000, 0x0000, 0x0000, 0x0000, 0x0000, 0x0000, 0x0000, 0x0000,
  0x0000, 0x0000, 0x0000, 0x0000, 0x0000, 0x0000, 0x2B96, 0x4C9C, 0x526D, 0x4A4D, 0x39EB, 0x31A9,
  0x2147, 0x1906, 0x18E5, 0x10C4, 0x08A3, 0x0883, 0x0863, 0x0862, 0x0862, 0x0862, 0x0862, 0x0862,
  0x0862, 0x0862, 0x0862, 0x0862, 0x0862, 0x0862, 0x0862, 0x0862, 0x0862, 0x0863, 0x0883, 0x08A3,
  0x10C4, 0x18E5, 0x1906, 0x1926, 0x1906, 0x18E5, 0x10C4, 0x10A4, 0x0883, 0x0863, 0x0862, 0x0862,
  0x0862, 0x0862, 0x0862, 0x0862, 0x0862, 0x0862, 0x0862, 0x0862, 0x0862, 0x0862, 0x0862, 0x0862,
  0x0863, 0x0863, 0x0863, 0x0863, 0x0863, 0x0863, 0x0863, 0x0863, 0x0863, 0x0863, 0x0863, 0x0863,
  0x0863, 0x0863, 0x0863, 0x0863, 0x0863, 0x0863, 0x0863, 0x0863, 0x0863, 0x0863, 0x0862, 0x0862,
  0x0862, 0x0862, 0x0862, 0x0862, 0x0862, 0x0862, 0x0862, 0x0862, 0x0862, 0x0862, 0x0862, 0x0862,
  0x0862, 0x0862, 0x0862, 0x0862, 0x0862, 0x0863, 0x0862, 0x0862, 0x0863, 0x0862, 0x0862, 0x0862,
  0x0862, 0x0862, 0x0862, 0x0862, 0x0863, 0x0863, 0x0862, 0x0862, 0x0862, 0x0863, 0x0862, 0x0862,
  0x0862, 0x0862, 0x0862, 0x0862, 0x0862, 0x0862, 0x0862, 0x0862, 0x0862, 0x0862, 0x0862, 0x0862,
  0x0862, 0x0062, 0x0862, 0x0862, 0x0862, 0x0862, 0x0862, 0x0862, 0x0062, 0x0062, 0x0862, 0x0862,
  0x0862, 0x0062, 0x0062, 0x0062, 0x0862, 0x0062, 0x0862, 0x0062, 0x0042, 0x0042, 0x0042, 0x0042,
  0x0042, 0x0062, 0x0062, 0x0062, 0x0062, 0x0042, 0x0042, 0x0042, 0x0042, 0x0042, 0x0062, 0x0042,
  0x0042, 0x0042, 0x0042, 0x0042, 0x0042, 0x0042, 0x0042, 0x0042, 0x0042, 0x0042, 0x0062, 0x0001,
  0x08C5, 0x44FE, 0x1A2D, 0x0000, 0x0000, 0x0000, 0x0000, 0x0000, 0x0000, 0x0000, 0x0000, 0x0000,
  0x0000, 0x0000, 0x0000, 0x0000, 0x0000, 0x0000, 0x0000, 0x0000, 0x0000, 0x0000, 0x0000, 0x0000,
  0x0000, 0x0000, 0x0000, 0x0000, 0x0000, 0x0000, 0x0000, 0x0000, 0x0000, 0x0000, 0x0000, 0x0000,
  0x0000, 0x0000, 0x0000, 0x0000, 0x0000, 0x0000, 0x0000, 0x0000, 0x0000, 0x0000, 0x0000, 0x0000,
  0x0000, 0x0000, 0x0000, 0x0000, 0x0000, 0x0000, 0x0000, 0x0000, 0x0000, 0x0000, 0x0000, 0x0000,
  0x0000, 0x0000, 0x0000, 0x0000, 0x0000, 0x0000, 0x0021, 0x2BF8, 0x4419, 0x3168, 0x2968, 0x2147,
  0x1906, 0x18E5, 0x10C5, 0x10C4, 0x10A4, 0x0883, 0x0883, 0x0883, 0x0863, 0x0862, 0x0863, 0x0862,
  0x0862, 0x0862, 0x0862, 0x0862, 0x0862, 0x0862, 0x0862, 0x0862, 0x0883, 0x0883, 0x10A4, 0x18E5,
  0x2127, 0x2168, 0x2968, 0x2968, 0x2147, 0x1905, 0x10C4, 0x0883, 0x0883, 0x0863, 0x0862, 0x0862,
  0x0862, 0x0862, 0x0862, 0x0862, 0x0862, 0x0862, 0x0862, 0x0862, 0x0862, 0x0862, 0x0862, 0x0862,
  0x0862, 0x0863, 0x0863, 0x0863, 0x0862, 0x0862, 0x0862, 0x0863, 0x0863, 0x0863, 0x0863, 0x0863,
  0x0863, 0x0863, 0x0863, 0x0863, 0x0863, 0x0863, 0x0863, 0x0863, 0x0863, 0x0863, 0x0863, 0x0883,
  0x0863, 0x0863, 0x0863, 0x0863, 0x0883, 0x0863, 0x0863, 0x0862, 0x0862, 0x0863, 0x0862, 0x0862,
  0x0862, 0x0862, 0x0863, 0x0863, 0x0863, 0x0862, 0x0863, 0x0863, 0x0863, 0x0863, 0x0863, 0x0883,
  0x0883, 0x0883, 0x0883, 0x0863, 0x0863, 0x0863, 0x0863, 0x0862, 0x0863, 0x0863, 0x0862, 0x0862,
  0x0862, 0x0862, 0x0862, 0x0862, 0x0862, 0x0862, 0x0862, 0x0862, 0x0862, 0x0862, 0x0862, 0x0862,
  0x0862, 0x0862, 0x0862, 0x0862, 0x0862, 0x0062, 0x0062, 0x0062, 0x0862, 0x0062, 0x0862, 0x0862,
  0x0862, 0x0862, 0x0862, 0x0862, 0x0862, 0x0862, 0x0062, 0x0062, 0x0062, 0x0062, 0x0062, 0x0062,
  0x0062, 0x0862, 0x0862, 0x0062, 0x0062, 0x0062, 0x0062, 0x0062, 0x0062, 0x0042, 0x0062, 0x0042,
  0x0042, 0x0042, 0x0042, 0x0042, 0x0042, 0x0042, 0x0042, 0x0042, 0x0042, 0x0062, 0x0021, 0x08A4,
  0x44DD, 0x228F, 0x0000, 0x0020, 0x0000, 0x0000, 0x0000, 0x0000, 0x0000, 0x0000, 0x0000, 0x0000,
  0x0000, 0x0000, 0x0000, 0x0000, 0x0000, 0x0000, 0x0000, 0x0000, 0x0000, 0x0000, 0x0000, 0x0000,
  0x0000, 0x0000, 0x0000, 0x0000, 0x0000, 0x0000, 0x0000, 0x0000, 0x0000, 0x0000, 0x0000, 0x0000,
  0x0000, 0x0000, 0x0000, 0x0000, 0x0000, 0x0000, 0x0000, 0x0000, 0x0000, 0x0000, 0x0000, 0x0000,
  0x0000, 0x0000, 0x0000, 0x0000, 0x0000, 0x0000, 0x0000, 0x0000, 0x0000, 0x0000, 0x0000, 0x0000,
  0x0000, 0x0000, 0x0000, 0x0000, 0x0000, 0x0000, 0x0000, 0x0041, 0x343A, 0x3BB7, 0x2947, 0x2988,
  0x2968, 0x2968, 0x2147, 0x2127, 0x1906, 0x1906, 0x18E5, 0x10C5, 0x10A4, 0x08A3, 0x0883, 0x0883,
  0x0863, 0x0862, 0x0862, 0x0862, 0x0862, 0x0862, 0x0863, 0x0883, 0x10A4, 0x10E5, 0x1926, 0x2968,
  0x31CA, 0x39EB, 0x31CA, 0x2989, 0x2147, 0x10E5, 0x10A4, 0x0883, 0x0862, 0x0862, 0x0862, 0x0862,
  0x0862, 0x0862, 0x0862, 0x0862, 0x0862, 0x0862, 0x0862, 0x0862, 0x0862, 0x0862, 0x0862, 0x0862,
  0x0863, 0x0862, 0x0863, 0x0863, 0x0862, 0x0863, 0x0862, 0x0863, 0x0863, 0x0863, 0x0883, 0x0863,
  0x0863, 0x0883, 0x0863, 0x0863, 0x0863, 0x0863, 0x0863, 0x0863, 0x0863, 0x0863, 0x0883, 0x0883,
  0x0863, 0x0883, 0x0883, 0x0883, 0x0883, 0x0863, 0x0863, 0x0862, 0x0862, 0x0863, 0x0862, 0x0862,
  0x0862, 0x0863, 0x0863, 0x0863, 0x0863, 0x0863, 0x0883, 0x0883, 0x0863, 0x0863, 0x0863, 0x0883,
  0x0883, 0x0883, 0x0863, 0x0883, 0x0863, 0x0863, 0x0863, 0x0863, 0x0863, 0x0863, 0x0863, 0x0863,
  0x0863, 0x0862, 0x0862, 0x0863, 0x0863, 0x0862, 0x0863, 0x0862, 0x0862, 0x0862, 0x0862, 0x0862,
  0x0862, 0x0862, 0x0862, 0x0862, 0x0862, 0x0862, 0x0862, 0x0862, 0x0862, 0x0862, 0x0862, 0x0862,
  0x0862, 0x0862, 0x0862, 0x0862, 0x0862, 0x0862, 0x0862, 0x0862, 0x0862, 0x0862, 0x0862, 0x0862,
  0x0862, 0x0862, 0x0862, 0x0862, 0x0862, 0x0062, 0x0862, 0x0062, 0x0062, 0x0062, 0x0062, 0x0042,
  0x0042, 0x0042, 0x0062, 0x0042, 0x0042, 0x0042, 0x0042, 0x0042, 0x0062, 0x0021, 0x0884, 0x3CDD,
  0x22D1, 0x0000, 0x0020, 0x0000, 0x0000, 0x0000, 0x0000, 0x0000, 0x0000, 0x0000, 0x0000, 0x0000,
  0x0000, 0x0000, 0x0000, 0x0000, 0x0000, 0x0000, 0x0000, 0x0000, 0x0000, 0x0000, 0x0000, 0x0000,
  0x0000, 0x0000, 0x0000, 0x0000, 0x0000, 0x0000, 0x0000, 0x0000, 0x0000, 0x0000, 0x0000, 0x0000,
  0x0000, 0x0000, 0x0000, 0x0000, 0x0000, 0x0000, 0x0000, 0x0000, 0x0000, 0x0000, 0x0000, 0x0000,
  0x0000, 0x0000, 0x0000, 0x0000, 0x0000, 0x0000, 0x0000, 0x0000, 0x0000, 0x0000, 0x0000, 0x0000,
  0x0000, 0x0000, 0x0000, 0x0000, 0x0000, 0x0000, 0x0000, 0x0000, 0x0062, 0x345B, 0x43D7, 0x4A0B,
  0x424D, 0x422C, 0x422C, 0x3A0B, 0x39EA, 0x31AA, 0x2989, 0x2968, 0x2127, 0x1906, 0x10E5, 0x10A4,
  0x0883, 0x0863, 0x0862, 0x0862, 0x0862, 0x0883, 0x10A4, 0x10C5, 0x1906, 0x2968, 0x31CA, 0x422C,
  0x4A6D, 0x424D, 0x39EB, 0x2989, 0x1906, 0x10C4, 0x0883, 0x0862, 0x0862, 0x0862, 0x0862, 0x0862,
  0x0862, 0x0862, 0x0862, 0x0862, 0x0862, 0x0862, 0x0062, 0x0862, 0x0862, 0x0862, 0x0862, 0x0862,
  0x0862, 0x0862, 0x0863, 0x0862, 0x0862, 0x0863, 0x0863, 0x0863, 0x0863, 0x0863, 0x0863, 0x0863,
  0x0863, 0x0863, 0x0863, 0x0863, 0x0863, 0x0863, 0x0863, 0x0863, 0x0863, 0x0863, 0x0863, 0x0863,
  0x0863, 0x0863, 0x0883, 0x0883, 0x0863, 0x0863, 0x0863, 0x0862, 0x0862, 0x0862, 0x0862, 0x0862,
  0x0863, 0x0863, 0x0863, 0x0863, 0x0863, 0x0863, 0x0883, 0x0883, 0x0883, 0x0863, 0x0883, 0x0883,
  0x0883, 0x0883, 0x0863, 0x0863, 0x0863, 0x0863, 0x0863, 0x0863, 0x0883, 0x0863, 0x0863, 0x0863,
  0x0863, 0x0862, 0x0862, 0x0862, 0x0862, 0x0862, 0x0863, 0x0863, 0x0863, 0x0862, 0x0863, 0x0862,
  0x0862, 0x0862, 0x0862, 0x0862, 0x0862, 0x0862, 0x0862, 0x0862, 0x0862, 0x0862, 0x0862, 0x0862,
  0x0862, 0x0862, 0x0862, 0x0862, 0x0862, 0x0862, 0x0862, 0x0862, 0x0862, 0x0862, 0x0862, 0x0862,
  0x0062, 0x0862, 0x0862, 0x0862, 0x0862, 0x0862, 0x0862, 0x0862, 0x0862, 0x0062, 0x0862, 0x0062,
  0x0062, 0x0862, 0x0062, 0x0062, 0x0062, 0x0062, 0x0042, 0x0862, 0x0021, 0x0083, 0x3CBC, 0x22F2,
  0x0000, 0x0000, 0x0000, 0x0000, 0x0000, 0x0000, 0x0000, 0x0000, 0x0000, 0x0000, 0x0000, 0x0000,
  0x0000, 0x0000, 0x0000, 0x0000, 0x0000, 0x0000, 0x0000, 0x0000, 0x0000, 0x0000, 0x0000, 0x0000,
  0x0000, 0x0000, 0x0000, 0x0000, 0x0000, 0x0000, 0x0000, 0x0000, 0x0000, 0x0000, 0x0000, 0x0000,
  0x0000, 0x0000, 0x0000, 0x0000, 0x0000, 0x0000, 0x0000, 0x0000, 0x0000, 0x0000, 0x0000, 0x0000,
  0x0000, 0x0000, 0x0000, 0x0000, 0x0000, 0x0000, 0x0000, 0x0000, 0x0000, 0x0000, 0x0000, 0x0000,
  0x0000, 0x0000, 0x0000, 0x0000, 0x0000, 0x0000, 0x0000, 0x0000, 0x0000, 0x0063, 0x345B, 0x545A,
  0x6B11, 0x6331, 0x6331, 0x6310, 0x5AD0, 0x52AE, 0x4A6D, 0x422C, 0x39EB, 0x31A9, 0x2147, 0x1906,
  0x10E5, 0x08A4, 0x0883, 0x0883, 0x0883, 0x10C4, 0x1906, 0x2968, 0x31CA, 0x422C, 0x52AF, 0x5AF0,
  0x52D0, 0x4A6E, 0x31CA, 0x2127, 0x10C4, 0x0883, 0x0862, 0x0062, 0x0062, 0x0862, 0x0862, 0x0862,
  0x0862, 0x0862, 0x0862, 0x0862, 0x0862, 0x0862, 0x0862, 0x0862, 0x0862, 0x0862, 0x0862, 0x0862,
  0x0862, 0x0862, 0x0862, 0x0862, 0x0862, 0x0863, 0x0863, 0x0863, 0x0863, 0x0863, 0x0863, 0x0863,
  0x0863, 0x0863, 0x0863, 0x0863, 0x0863, 0x0863, 0x0863, 0x0863, 0x0863, 0x0863, 0x0863, 0x0863,
  0x0863, 0x0863, 0x0863, 0x0863, 0x0863, 0x0863, 0x0863, 0x0863, 0x0863, 0x0862, 0x0862, 0x0863,
  0x0863, 0x0863, 0x0863, 0x0863, 0x0883, 0x0883, 0x0883, 0x0883, 0x0883, 0x0883, 0x0883, 0x0883,
  0x0883, 0x0863, 0x0863, 0x0863, 0x0863, 0x0863, 0x0863, 0x0863, 0x0863, 0x0863, 0x0863, 0x0863,
  0x0863, 0x0863, 0x0863, 0x0863, 0x0862, 0x0863, 0x0863, 0x0863, 0x0862, 0x0862, 0x0863, 0x0862,
  0x0862, 0x0862, 0x0862, 0x0862, 0x0862, 0x0862, 0x0862, 0x0862, 0x0862, 0x0862, 0x0862, 0x0862,
  0x0862, 0x0862, 0x0862, 0x0862, 0x0862, 0x0862, 0x0862, 0x0862, 0x0862, 0x0862, 0x0862, 0x0862,
  0x0862, 0x0862, 0x0862, 0x0862, 0x0862, 0x0862, 0x0862, 0x0862, 0x0062, 0x0062, 0x0062, 0x0062,
  0x0062, 0x0042, 0x0042, 0x0042, 0x0042, 0x0042, 0x0863, 0x0021, 0x08A4, 0x3CBC, 0x22F2, 0x0000,
  0x0000, 0x0000, 0x0000, 0x0000, 0x0000, 0x0000, 0x0000, 0x0000, 0x0000, 0x0000, 0x0000, 0x0000,
  0x0000, 0x0000, 0x0000, 0x0000, 0x0000, 0x0000, 0x0000, 0x0000, 0x0000, 0x0000, 0x0000, 0x0000,
  0x0000, 0x0000, 0x0000, 0x0000, 0x0000, 0x0000, 0x0000, 0x0000, 0x0000, 0x0000, 0x0000, 0x0000,
  0x0000, 0x0000, 0x0000, 0x0000, 0x0000, 0x0000, 0x0000, 0x0000, 0x0000, 0x0000, 0x0000, 0x0000,
  0x0000, 0x0000, 0x0000, 0x0000, 0x0000, 0x0000, 0x0000, 0x0000, 0x0000, 0x0000, 0x0000, 0x0000,
  0x0000, 0x0000, 0x0000, 0x0000, 0x0000, 0x0000, 0x0000, 0x0000, 0x0000, 0x0000, 0x0083, 0x345B,
  0x5CBC, 0x8BD5, 0x83F6, 0x7BD5, 0x7BB4, 0x6B73, 0x6311, 0x52AF, 0x4A6E, 0x422C, 0x31CA, 0x2968,
  0x2127, 0x18E5, 0x10E5, 0x18E5, 0x1906, 0x2147, 0x31A9, 0x422C, 0x52AF, 0x6311, 0x6B53, 0x6332,
  0x52D0, 0x422C, 0x2968, 0x10E5, 0x0883, 0x0862, 0x0062, 0x0062, 0x0862, 0x0862, 0x0862, 0x0862,
  0x0862, 0x0862, 0x0862, 0x0862, 0x0862, 0x0862, 0x0862, 0x0862, 0x0862, 0x0863, 0x0862, 0x0863,
  0x0863, 0x0863, 0x0863, 0x0862, 0x0862, 0x0862, 0x0863, 0x0863, 0x0863, 0x0863, 0x0863, 0x0863,
  0x0863, 0x0863, 0x0863, 0x0863, 0x0883, 0x0863, 0x0863, 0x0863, 0x0863, 0x0883, 0x0863, 0x0863,
  0x0863, 0x0863, 0x0863, 0x0863, 0x0863, 0x0863, 0x0862, 0x0863, 0x0863, 0x0863, 0x0863, 0x0863,
  0x0863, 0x0883, 0x0883, 0x0863, 0x0883, 0x0883, 0x0863, 0x0863, 0x0883, 0x0883, 0x0883, 0x0883,
  0x0883, 0x0883, 0x0883, 0x0883, 0x0863, 0x0883, 0x0863, 0x0863, 0x0863, 0x0863, 0x0863, 0x0863,
  0x0863, 0x0863, 0x0863, 0x0862, 0x0862, 0x0863, 0x0862, 0x0863, 0x0862, 0x0862, 0x0863, 0x0862,
  0x0862, 0x0862, 0x0862, 0x0862, 0x0862, 0x0862, 0x0862, 0x0862, 0x0862, 0x0862, 0x0862, 0x0862,
  0x0862, 0x0862, 0x0862, 0x0862, 0x0862, 0x0862, 0x0862, 0x0862, 0x0862, 0x0062, 0x0862, 0x0862,
  0x0862, 0x0862, 0x0862, 0x0862, 0x0062, 0x0062, 0x0062, 0x0062, 0x0062, 0x0062, 0x0062, 0x0042,
  0x0062, 0x0042, 0x0042, 0x0042, 0x0042, 0x0863, 0x0000, 0x08A5, 0x44FD, 0x2B11, 0x0000, 0x0000,
  0x0000, 0x0000, 0x0000, 0x0000, 0x0000, 0x0000, 0x0000, 0x0000, 0x0000, 0x0000, 0x0000, 0x0000,
  0x0000, 0x0000, 0x0000, 0x0000, 0x0000, 0x0000, 0x0000, 0x0000, 0x0000, 0x0000, 0x0000, 0x0000,
  0x0000, 0x0000, 0x0000, 0x0000, 0x0000, 0x0000, 0x0000, 0x0000, 0x0000, 0x0000, 0x0000, 0x0000,
  0x0000, 0x0000, 0x0000, 0x0000, 0x0000, 0x0000, 0x0000, 0x0000, 0x0000, 0x0000, 0x0000, 0x0000,
  0x0000, 0x0000, 0x0000, 0x0000, 0x0000, 0x0000, 0x0000, 0x0000, 0x0000, 0x0000, 0x0000, 0x0000,
  0x0000, 0x0000, 0x0000, 0x0000, 0x0000, 0x0000, 0x0000, 0x0000, 0x0000, 0x0000, 0x0000, 0x0062,
  0x2C3A, 0x64FE, 0x8C16, 0x83F6, 0x7BD5, 0x7373, 0x6311, 0x52AF, 0x4A6E, 0x422C, 0x31CA, 0x2989,
  0x2968, 0x2168, 0x2968, 0x2989, 0x31A9, 0x3A0B, 0x4A8E, 0x5B11, 0x6B74, 0x73B5, 0x7395, 0x6332,
  0x4A6E, 0x31A9, 0x1906, 0x10A4, 0x0863, 0x0862, 0x0862, 0x0862, 0x0862, 0x0862, 0x0862, 0x0862,
  0x0862, 0x0862, 0x0862, 0x0862, 0x0862, 0x0062, 0x0862, 0x0862, 0x0862, 0x0862, 0x0862, 0x0863,
  0x0863, 0x0863, 0x0863, 0x0863, 0x0863, 0x0863, 0x0863, 0x0863, 0x0863, 0x0883, 0x0863, 0x0863,
  0x0863, 0x0863, 0x0863, 0x0863, 0x0883, 0x0863, 0x0883, 0x0883, 0x0863, 0x0863, 0x0863, 0x0863,
  0x0883, 0x0863, 0x0863, 0x0883, 0x0883, 0x0863, 0x0863, 0x0863, 0x0863, 0x0863, 0x0863, 0x0863,
  0x0863, 0x0883, 0x0883, 0x0883, 0x0883, 0x0883, 0x0863, 0x0863, 0x0883, 0x0883, 0x0883, 0x0883,
  0x0883, 0x0883, 0x0883, 0x0883, 0x0863, 0x0863, 0x0862, 0x0863, 0x0863, 0x0863, 0x0883, 0x0863,
  0x0863, 0x0863, 0x0862, 0x0862, 0x0862, 0x0863, 0x0862, 0x0863, 0x0863, 0x0863, 0x0863, 0x0862,
  0x0862, 0x0862, 0x0862, 0x0862, 0x0862, 0x0862, 0x0862, 0x0862, 0x0862, 0x0862, 0x0862, 0x0862,
  0x0862, 0x0862, 0x0862, 0x0862, 0x0862, 0x0862, 0x0862, 0x0862, 0x0862, 0x0862, 0x0862, 0x0862,
  0x0862, 0x0862, 0x0862, 0x0062, 0x0062, 0x0062, 0x0062, 0x0062, 0x0062, 0x0042, 0x0042, 0x0042,
  0x0062, 0x0042, 0x0042, 0x0042, 0x0063, 0x0000, 0x08E6, 0x44FD, 0x22B0, 0x0000, 0x0000, 0x0000,
  0x0000, 0x0000, 0x0000, 0x0000, 0x0000, 0x0000, 0x0000, 0x0000, 0x0000, 0x0000, 0x0000, 0x0000,
  0x0000, 0x0000, 0x0000, 0x0000, 0x0000, 0x0000, 0x0000, 0x0000, 0x0000, 0x0000, 0x0000, 0x0000,
  0x0000, 0x0000, 0x0000, 0x0000, 0x0000, 0x0000, 0x0000, 0x0000, 0x0000, 0x0000, 0x0000, 0x0000,
  0x0000, 0x0000, 0x0000, 0x0000, 0x0000, 0x0000, 0x0000, 0x0000, 0x0000, 0x0000, 0x0000, 0x0000,
  0x0000, 0x0000, 0x0000, 0x0000, 0x0000, 0x0000, 0x0000, 0x0000, 0x0000, 0x0000, 0x0000, 0x0000,
  0x0000, 0x0000, 0x0000, 0x0000, 0x0000, 0x0000, 0x0000, 0x0000, 0x0000, 0x0000, 0x0000, 0x0000,
  0x0062, 0x2BF9, 0x54BE, 0x6B12, 0x6310, 0x52CF, 0x4A6D, 0x422C, 0x39EB, 0x31A9, 0x2989, 0x2989,
  0x31A9, 0x31CA, 0x3A0C, 0x424D, 0x4A8E, 0x5AD0, 0x6B53, 0x73B5, 0x83F7, 0x7BF6, 0x7374, 0x52D0,
  0x39EB, 0x2147, 0x10C4, 0x0883, 0x0862, 0x0862, 0x0862, 0x0862, 0x0862, 0x0862, 0x0862, 0x0862,
  0x0862, 0x0862, 0x0862, 0x0862, 0x0862, 0x0862, 0x0862, 0x0062, 0x0862, 0x0862, 0x0863, 0x0863,
  0x0863, 0x0863, 0x0863, 0x0863, 0x0863, 0x0883, 0x0863, 0x0883, 0x0883, 0x0883, 0x0883, 0x0863,
  0x0863, 0x0863, 0x0883, 0x0863, 0x0883, 0x0863, 0x0863, 0x0863, 0x0863, 0x0863, 0x0863, 0x0863,
  0x0883, 0x0863, 0x0863, 0x0863, 0x0863, 0x0863, 0x0863, 0x0863, 0x0863, 0x0863, 0x0863, 0x0863,
  0x0863, 0x0883, 0x0883, 0x0883, 0x0883, 0x0883, 0x0883, 0x0883, 0x0883, 0x0883, 0x0883, 0x0883,
  0x0883, 0x0883, 0x0883, 0x0883, 0x0863, 0x0863, 0x0862, 0x0862, 0x0863, 0x0883, 0x0883, 0x0863,
  0x0883, 0x0863, 0x0863, 0x0863, 0x0863, 0x0863, 0x0863, 0x0863, 0x0863, 0x0862, 0x0862, 0x0862,
  0x0862, 0x0862, 0x0862, 0x0862, 0x0862, 0x0862, 0x0862, 0x0862, 0x0862, 0x0862, 0x0862, 0x0862,
  0x0862, 0x0862, 0x0862, 0x0862, 0x0862, 0x0862, 0x0862, 0x0862, 0x0862, 0x0862, 0x0862, 0x0862,
  0x0862, 0x0862, 0x0862, 0x0062, 0x0062, 0x0062, 0x0042, 0x0042, 0x0042, 0x0042, 0x0042, 0x0042,
  0x0062, 0x0062, 0x0042, 0x0063, 0x0000, 0x1148, 0x44FE, 0x224E, 0x0000, 0x0000, 0x0000, 0x0000,
  0x0000, 0x0000, 0x0000, 0x0000, 0x0000, 0x0000, 0x0000, 0x0000, 0x0000, 0x0000, 0x0000, 0x0000,
  0x0000, 0x0000, 0x0000, 0x0000, 0x0000, 0x0000, 0x0000, 0x0000, 0x0000, 0x0000, 0x0000, 0x0000,
  0x0000, 0x0000, 0x0000, 0x0000, 0x0000, 0x0000, 0x0000, 0x0000, 0x0000, 0x0000, 0x0000, 0x0000,
  0x0000, 0x0000, 0x0000, 0x0000, 0x0000, 0x0000, 0x0000, 0x0000, 0x0000, 0x0000, 0x0000, 0x0000,
  0x0000, 0x0000, 0x0000, 0x0000, 0x0000, 0x0000, 0x0000, 0x0000, 0x0000, 0x0000, 0x0000, 0x0000,
  0x0000, 0x0000, 0x0000, 0x0000, 0x0000, 0x0000, 0x0000, 0x0000, 0x0000, 0x0000, 0x0000, 0x0000,
  0x0000, 0x0041, 0x2BB7, 0x4C9C, 0x39EB, 0x3189, 0x2989, 0x2148, 0x2127, 0x1906, 0x2127, 0x2968,
  0x39EB, 0x4A4D, 0x52D0, 0x6311, 0x6353, 0x7394, 0x7BD6, 0x8418, 0x8418, 0x7BD6, 0x6332, 0x424D,
  0x2988, 0x18E5, 0x0883, 0x0862, 0x0062, 0x0062, 0x0863, 0x0863, 0x0863, 0x0863, 0x0863, 0x0862,
  0x0862, 0x0862, 0x0862, 0x0862, 0x0862, 0x0862, 0x0862, 0x0862, 0x0862, 0x0862, 0x0863, 0x0863,
  0x0862, 0x0863, 0x0863, 0x0883, 0x0883, 0x0883, 0x0883, 0x0883, 0x0883, 0x0883, 0x0883, 0x0883,
  0x0883, 0x0883, 0x0883, 0x0883, 0x0883, 0x0883, 0x0863, 0x0863, 0x0862, 0x0862, 0x0863, 0x0863,
  0x0863, 0x0863, 0x0863, 0x0863, 0x0863, 0x0863, 0x0883, 0x0883, 0x0883, 0x0863, 0x0863, 0x0863,
  0x0863, 0x0883, 0x0883, 0x0883, 0x0883, 0x0883, 0x0883, 0x0883, 0x0883, 0x0883, 0x0883, 0x0883,
  0x0883, 0x0863, 0x0883, 0x0863, 0x0883, 0x0863, 0x0863, 0x0883, 0x0863, 0x0883, 0x0883, 0x0883,
  0x0883, 0x0883, 0x0863, 0x0863, 0x0863, 0x0862, 0x0863, 0x0862, 0x0862, 0x0862, 0x0862, 0x0863,
  0x0863, 0x0862, 0x0862, 0x0862, 0x0862, 0x0862, 0x0862, 0x0862, 0x0862, 0x0862, 0x0862, 0x0862,
  0x0862, 0x0862, 0x0862, 0x0862, 0x0862, 0x0862, 0x0062, 0x0862, 0x0862, 0x0862, 0x0862, 0x0862,
  0x0062, 0x0862, 0x0862, 0x0862, 0x0062, 0x0042, 0x0042, 0x0042, 0x0042, 0x0042, 0x0042, 0x0042,
  0x0062, 0x0062, 0x0062, 0x0000, 0x11AB, 0x453E, 0x19EB, 0x0000, 0x0020, 0x0000, 0x0000, 0x0000,
  0x0000, 0x0000, 0x0000, 0x0000, 0x0000, 0x0000, 0x0000, 0x0000, 0x0000, 0x0000, 0x0000, 0x0000,
  0x0000, 0x0000, 0x0000, 0x0000, 0x0000, 0x0000, 0x0000, 0x0000, 0x0000, 0x0000, 0x0000, 0x0000,
  0x0000, 0x0000, 0x0000, 0x0000, 0x0000, 0x0000, 0x0000, 0x0000, 0x0000, 0x0000, 0x0000, 0x0000,
  0x0000, 0x0000, 0x0000, 0x0000, 0x0000, 0x0000, 0x0000, 0x0000, 0x0000, 0x0000, 0x0000, 0x0000,
  0x0000, 0x0000, 0x0000, 0x0000, 0x0000, 0x0000, 0x0000, 0x0000, 0x0000, 0x0000, 0x0000, 0x0000,
  0x0000, 0x0000, 0x0000, 0x0000, 0x0000, 0x0000, 0x0000, 0x0000, 0x0000, 0x0000, 0x0000, 0x0000,
  0x0000, 0x0000, 0x0000, 0x2B95, 0x3C7C, 0x1927, 0x10A4, 0x10C5, 0x10A4, 0x10C5, 0x1926, 0x31A9,
  0x424D, 0x5AD0, 0x6B73, 0x7BB5, 0x7BF6, 0x8418, 0x8C38, 0x8C38, 0x83F7, 0x7394, 0x52B0, 0x31CA,
  0x2126, 0x10A4, 0x0863, 0x0862, 0x0862, 0x0863, 0x0883, 0x0883, 0x08A4, 0x0883, 0x0883, 0x0863,
  0x0862, 0x0862, 0x0862, 0x0862, 0x0862, 0x0862, 0x0862, 0x0862, 0x0862, 0x0862, 0x0863, 0x0863,
  0x0863, 0x0863, 0x0863, 0x0863, 0x0863, 0x0883, 0x0883, 0x0883, 0x0883, 0x0883, 0x0883, 0x0883,
  0x0883, 0x0883, 0x0883, 0x0863, 0x0883, 0x0863, 0x0883, 0x0883, 0x0863, 0x0863, 0x0863, 0x0863,
  0x0863, 0x0863, 0x0863, 0x0883, 0x0883, 0x0883, 0x0883, 0x0883, 0x0883, 0x0883, 0x0863, 0x0883,
  0x0883, 0x0883, 0x0883, 0x0883, 0x0883, 0x0883, 0x0883, 0x0883, 0x0883, 0x0883, 0x0883, 0x0883,
  0x0883, 0x0883, 0x0863, 0x0883, 0x0883, 0x0863, 0x0863, 0x0863, 0x0863, 0x0883, 0x0863, 0x0883,
  0x0883, 0x0883, 0x0863, 0x0863, 0x0863, 0x0863, 0x0863, 0x0862, 0x0862, 0x0862, 0x0862, 0x0863,
  0x0863, 0x0862, 0x0862, 0x0862, 0x0862, 0x0862, 0x0862, 0x0862, 0x0862, 0x0862, 0x0862, 0x0862,
  0x0862, 0x0862, 0x0862, 0x0862, 0x0062, 0x0862, 0x0862, 0x0862, 0x0862, 0x0862, 0x0862, 0x0862,
  0x0862, 0x0862, 0x0862, 0x0062, 0x0042, 0x0042, 0x0042, 0x0042, 0x0042, 0x0042, 0x0062, 0x0042,
  0x0062, 0x0062, 0x0000, 0x226F, 0x451E, 0x1169, 0x0000, 0x0020, 0x0000, 0x0000, 0x0000, 0x0000,
  0x0000, 0x0000, 0x0000, 0x0000, 0x0000, 0x0000, 0x0000, 0x0000, 0x0000, 0x0000, 0x0000, 0x0000,
  0x0000, 0x0000, 0x0000, 0x0000, 0x0000, 0x0000, 0x0000, 0x0000, 0x0000, 0x0000, 0x0000, 0x0000,
  0x0000, 0x0000, 0x0000, 0x0000, 0x0000, 0x0000, 0x0000, 0x0000, 0x0000, 0x0000, 0x0000, 0x0000,
  0x0000, 0x0000, 0x0000, 0x0000, 0x0000, 0x0000, 0x0000, 0x0000, 0x0000, 0x0000, 0x0000, 0x0000,
  0x0000, 0x0000, 0x0000, 0x0000, 0x0000, 0x0000, 0x0000, 0x0000, 0x0000, 0x0000, 0x0000, 0x0000,
  0x0000, 0x0000, 0x0000, 0x0000, 0x0000, 0x0000, 0x0000, 0x0000, 0x0000, 0x0000, 0x0000, 0x0000,
  0x0000, 0x0000, 0x0000, 0x0000, 0x22F2, 0x3CBD, 0x1127, 0x0020, 0x10C4, 0x1906, 0x2988, 0x422C,
  0x5AF0, 0x6B74, 0x7BD6, 0x8418, 0x8C38, 0x8C38, 0x8C38, 0x8418, 0x7BB5, 0x6311, 0x424D, 0x2968,
  0x10E5, 0x0883, 0x0863, 0x0862, 0x0863, 0x0883, 0x10C4, 0x10E5, 0x10E5, 0x10C5, 0x10A4, 0x0883,
  0x0863, 0x0862, 0x0862, 0x0862, 0x0862, 0x0862, 0x0862, 0x0862, 0x0862, 0x0862, 0x0862, 0x0862,
  0x0863, 0x0863, 0x0863, 0x0863, 0x0883, 0x0883, 0x0883, 0x0883, 0x0883, 0x0883, 0x0883, 0x0883,
  0x0883, 0x0883, 0x0883, 0x0863, 0x0863, 0x0863, 0x0883, 0x0883, 0x0863, 0x0863, 0x0883, 0x0883,
  0x0883, 0x0883, 0x0883, 0x0883, 0x0883, 0x0883, 0x0883, 0x0883, 0x0883, 0x0883, 0x0863, 0x0883,
  0x0883, 0x0883, 0x0883, 0x0883, 0x0883, 0x0883, 0x0883, 0x0883, 0x0883, 0x0883, 0x0883, 0x0883,
  0x0883, 0x0883, 0x0863, 0x0883, 0x0883, 0x0863, 0x0883, 0x0883, 0x0863, 0x0863, 0x0883, 0x0883,
  0x0883, 0x0883, 0x0883, 0x0863, 0x0883, 0x0863, 0x0863, 0x0863, 0x0862, 0x0862, 0x0862, 0x0863,
  0x0863, 0x0862, 0x0862, 0x0862, 0x0862, 0x0862, 0x0862, 0x0862, 0x0862, 0x0862, 0x0862, 0x0862,
  0x0862, 0x0862, 0x0862, 0x0862, 0x0862, 0x0862, 0x0862, 0x0062, 0x0062, 0x0862, 0x0862, 0x0862,
  0x0062, 0x0062, 0x0042, 0x0042, 0x0042, 0x0042, 0x0042, 0x0042, 0x0042, 0x0042, 0x0042, 0x0062,
  0x0042, 0x0000, 0x2B33, 0x44FD, 0x0906, 0x0000, 0x0000, 0x0000, 0x0000, 0x0000, 0x0000, 0x0000,
  0x0000, 0x0000, 0x0000, 0x0000, 0x0000, 0x0000, 0x0000, 0x0000, 0x0000, 0x0000, 0x0000, 0x0000,
  0x0000, 0x0000, 0x0000, 0x0000, 0x0000, 0x0000, 0x0000, 0x0000, 0x0000, 0x0000, 0x0000, 0x0000,
  0x0000, 0x0000, 0x0000, 0x0000, 0x0000, 0x0000, 0x0000, 0x0000, 0x0000, 0x0000, 0x0000, 0x0000,
  0x0000, 0x0000, 0x0000, 0x0000, 0x0000, 0x0000, 0x0000, 0x0000, 0x0000, 0x0000, 0x0000, 0x0000,
  0x0000, 0x0000, 0x0000, 0x0000, 0x0000, 0x0000, 0x0000, 0x0000, 0x0000, 0x0000, 0x0000, 0x0000,
  0x0000, 0x0000, 0x0000, 0x0000, 0x0000, 0x0000, 0x0000, 0x0000, 0x0000, 0x0000, 0x0000, 0x0000,
  0x0000, 0x0000, 0x0000, 0x0000, 0x0000, 0x226E, 0x3CFE, 0x19CB, 0x10A4, 0x2989, 0x420C, 0x5AF0,
  0x7394, 0x83F7, 0x8438, 0x8C38, 0x8C38, 0x8C38, 0x8C38, 0x83F6, 0x6B53, 0x528E, 0x31CA, 0x1926,
  0x10A4, 0x0863, 0x0862, 0x0863, 0x0883, 0x10C5, 0x1926, 0x2147, 0x2147, 0x1906, 0x10C4, 0x0883,
  0x0863, 0x0862, 0x0862, 0x0862, 0x0862, 0x0862, 0x0863, 0x0862, 0x0862, 0x0862, 0x0862, 0x0863,
  0x0863, 0x0863, 0x0863, 0x0863, 0x0883, 0x0883, 0x0883, 0x0883, 0x0883, 0x0883, 0x0883, 0x0883,
  0x0883, 0x0883, 0x0883, 0x0883, 0x0883, 0x0883, 0x0883, 0x0883, 0x0883, 0x0863, 0x0883, 0x0883,
  0x0883, 0x0883, 0x0883, 0x0883, 0x0883, 0x0883, 0x0883, 0x0883, 0x0883, 0x0863, 0x0883, 0x0883,
  0x0863, 0x0883, 0x0883, 0x0883, 0x0883, 0x0883, 0x0883, 0x0883, 0x0883, 0x0883, 0x0883, 0x0863,
  0x0883, 0x0863, 0x0883, 0x0863, 0x0863, 0x0863, 0x0883, 0x0883, 0x0883, 0x0863, 0x0883, 0x0883,
  0x0863, 0x0863, 0x0863, 0x0863, 0x0883, 0x0883, 0x0883, 0x0863, 0x0862, 0x0862, 0x0863, 0x0862,
  0x0863, 0x0863, 0x0862, 0x0862, 0x0862, 0x0862, 0x0862, 0x0862, 0x0862, 0x0862, 0x0862, 0x0862,
  0x0862, 0x0862, 0x0862, 0x0862, 0x0862, 0x0862, 0x0862, 0x0862, 0x0862, 0x0862, 0x0862, 0x0062,
  0x0042, 0x0042, 0x0042, 0x0042, 0x0062, 0x0042, 0x0042, 0x0042, 0x0042, 0x0042, 0x0063, 0x0021,
  0x0042, 0x33F8, 0x3C5A, 0x0083, 0x0000, 0x0000, 0x0000, 0x0000, 0x0000, 0x0000, 0x0000, 0x0000,
  0x0000, 0x0000, 0x0000, 0x0000, 0x0000, 0x0000, 0x0000, 0x0000, 0x0000, 0x0000, 0x0000, 0x0000,
  0x0000, 0x0000, 0x0000, 0x0000, 0x0000, 0x0000, 0x0000, 0x0000, 0x0000, 0x0000, 0x0000, 0x0000,
  0x0000, 0x0000, 0x0000, 0x0000, 0x0000, 0x0000, 0x0000, 0x0000, 0x0000, 0x0000, 0x0000, 0x0000,
  0x0000, 0x0000, 0x0000, 0x0000, 0x0000, 0x0000, 0x0000, 0x0000, 0x0000, 0x0000, 0x0000, 0x0000,
  0x0000, 0x0000, 0x0000, 0x0000, 0x0000, 0x0000, 0x0000, 0x0000, 0x0000, 0x0000, 0x0000, 0x0000,
  0x0000, 0x0000, 0x0000, 0x0000, 0x0000, 0x0000, 0x0000, 0x0000, 0x0000, 0x0000, 0x0000, 0x0000,
  0x0000, 0x0000, 0x0000, 0x0000, 0x0020, 0x0000, 0x118A, 0x3CFE, 0x3B54, 0x420B, 0x5AF0, 0x73B5,
  0x8417, 0x8C38, 0x8C38, 0x8C38, 0x8C38, 0x8C38, 0x8417, 0x7394, 0x5AF0, 0x3A0B, 0x2147, 0x10C4,
  0x0883, 0x0863, 0x0883, 0x08A3, 0x10E5, 0x2147, 0x29A9, 0x31CA, 0x31A9, 0x2147, 0x10E5, 0x0883,
  0x0863, 0x0862, 0x0862, 0x0062, 0x0862, 0x0862, 0x0862, 0x0863, 0x0863, 0x0863, 0x0863, 0x0863,
  0x0863, 0x0863, 0x0863, 0x0863, 0x0883, 0x0883, 0x0883, 0x0883, 0x0883, 0x0883, 0x0883, 0x0883,
  0x0883, 0x0883, 0x0883, 0x0883, 0x0883, 0x0863, 0x0883, 0x0883, 0x0883, 0x0883, 0x0883, 0x0883,
  0x0883, 0x0883, 0x0883, 0x0883, 0x0883, 0x0883, 0x0883, 0x0883, 0x0863, 0x0883, 0x0883, 0x0883,
  0x0863, 0x0883, 0x0883, 0x0883, 0x0883, 0x0883, 0x0883, 0x0883, 0x0883, 0x0883, 0x0883, 0x0863,
  0x0863, 0x0863, 0x0863, 0x0883, 0x0863, 0x0863, 0x0863, 0x0863, 0x0883, 0x0883, 0x0883, 0x0883,
  0x0863, 0x0863, 0x0863, 0x0863, 0x0863, 0x0883, 0x0883, 0x0863, 0x0863, 0x0862, 0x0863, 0x0863,
  0x0863, 0x0863, 0x0862, 0x0862, 0x0862, 0x0862, 0x0862, 0x0862, 0x0862, 0x0862, 0x0862, 0x0862,
  0x0862, 0x0862, 0x0862, 0x0862, 0x0062, 0x0062, 0x0062, 0x0062, 0x0062, 0x0062, 0x0062, 0x0042,
  0x0042, 0x0042, 0x0042, 0x0042, 0x0042, 0x0042, 0x0042, 0x0042, 0x0042, 0x0063, 0x0000, 0x08E6,
  0x3C9C, 0x2B75, 0x0000, 0x0000, 0x0000, 0x0000, 0x0000, 0x0000, 0x0000, 0x0000, 0x0000, 0x0000,
  0x0000, 0x0000, 0x0000, 0x0000, 0x0000, 0x0000, 0x0000, 0x0000, 0x0000, 0x0000, 0x0000, 0x0000,
  0x0000, 0x0000, 0x0000, 0x0000, 0x0000, 0x0000, 0x0000, 0x0000, 0x0000, 0x0000, 0x0000, 0x0000,
  0x0000, 0x0000, 0x0000, 0x0000, 0x0000, 0x0000, 0x0000, 0x0000, 0x0000, 0x0000, 0x0000, 0x0000,
  0x0000, 0x0000, 0x0000, 0x0000, 0x0000, 0x0000, 0x0000, 0x0000, 0x0000, 0x0000, 0x0000, 0x0000,
  0x0000, 0x0000, 0x0000, 0x0000, 0x0000, 0x0000, 0x0000, 0x0000, 0x0000, 0x0000, 0x0000, 0x0000,
  0x0000, 0x0000, 0x0000, 0x0000, 0x0000, 0x0000, 0x0000, 0x0000, 0x0000, 0x0000, 0x0000, 0x0000,
  0x0000, 0x0000, 0x0000, 0x0000, 0x0000, 0x0000, 0x0000, 0x08E5, 0x347B, 0x4C9B, 0x7B94, 0x8C17,
  0x8C59, 0x8C38, 0x8C38, 0x8C58, 0x8C58, 0x8C17, 0x7BB5, 0x6311, 0x424D, 0x2989, 0x18E5, 0x0883,
  0x0863, 0x0883, 0x10A4, 0x18E5, 0x2147, 0x31CA, 0x424D, 0x424D, 0x3A0B, 0x2968, 0x10E5, 0x0883,
  0x0862, 0x0862, 0x0062, 0x0062, 0x0062, 0x0862, 0x0862, 0x0862, 0x0862, 0x0862, 0x0863, 0x0863,
  0x0863, 0x0863, 0x0863, 0x0883, 0x0883, 0x0883, 0x0883, 0x0883, 0x0883, 0x0883, 0x0883, 0x0883,
  0x0883, 0x0883, 0x0883, 0x0883, 0x0883, 0x0883, 0x0883, 0x0883, 0x0883, 0x0883, 0x0883, 0x0883,
  0x0883, 0x0883, 0x0883, 0x0883, 0x0883, 0x0883, 0x0883, 0x0883, 0x0883, 0x0883, 0x0883, 0x0883,
  0x0883, 0x0883, 0x0883, 0x0883, 0x0883, 0x0883, 0x0883, 0x0883, 0x0883, 0x0883, 0x0883, 0x0883,
  0x0863, 0x0863, 0x0863, 0x0863, 0x0883, 0x0883, 0x0863, 0x0863, 0x0863, 0x0883, 0x0883, 0x0883,
  0x0883, 0x0863, 0x0863, 0x0863, 0x0863, 0x0863, 0x0863, 0x0863, 0x0863, 0x0863, 0x0863, 0x0863,
  0x0863, 0x0862, 0x0862, 0x0862, 0x0862, 0x0862, 0x0862, 0x0862, 0x0862, 0x0862, 0x0862, 0x0862,
  0x0862, 0x0862, 0x0862, 0x0062, 0x0062, 0x0042, 0x0062, 0x0062, 0x0042, 0x0042, 0x0042, 0x0042,
  0x0042, 0x0042, 0x0042, 0x0042, 0x0042, 0x0042, 0x0042, 0x0062, 0x0042, 0x0000, 0x19EC, 0x3CFE,
  0x1A6F, 0x0000, 0x0000, 0x0000, 0x0000, 0x0000, 0x0000, 0x0000, 0x0000, 0x0000, 0x0000, 0x0000,
  0x0000, 0x0000, 0x0000, 0x0000, 0x0000, 0x0000, 0x0000, 0x0000, 0x0000, 0x0000, 0x0000, 0x0000,
  0x0000, 0x0000, 0x0000, 0x0000, 0x0000, 0x0000, 0x0000, 0x0000, 0x0000, 0x0000, 0x0000, 0x0000,
  0x0000, 0x0000, 0x0000, 0x0000, 0x0000, 0x0000, 0x0000, 0x0000, 0x0000, 0x0000, 0x0000, 0x0000,
  0x0000, 0x0000, 0x0000, 0x0000, 0x0000, 0x0000, 0x0000, 0x0000, 0x0000, 0x0000, 0x0000, 0x0000,
  0x0000, 0x0000, 0x0000, 0x0000, 0x0000, 0x0000, 0x0000, 0x0000, 0x0000, 0x0000, 0x0000, 0x0000,
  0x0000, 0x0000, 0x0000, 0x0000, 0x0000, 0x0000, 0x0000, 0x0000, 0x0000, 0x0000, 0x0000, 0x0000,
  0x0000, 0x0000, 0x0000, 0x0000, 0x0000, 0x0000, 0x0000, 0x0000, 0x0041, 0x2375, 0x551F, 0x8C7A,
  0x9438, 0x8C59, 0x8C59, 0x9459, 0x8C38, 0x7BF6, 0x6B32, 0x4A6D, 0x31A9, 0x1906, 0x10A4, 0x0883,
  0x0883, 0x10A4, 0x18E6, 0x2968, 0x39EB, 0x4A8E, 0x5AD0, 0x52AF, 0x422C, 0x2968, 0x10C5, 0x0883,
  0x0862, 0x0862, 0x0062, 0x0862, 0x0862, 0x0862, 0x0863, 0x0863, 0x0863, 0x0862, 0x0862, 0x0863,
  0x0863, 0x0863, 0x0863, 0x0863, 0x0863, 0x0883, 0x0883, 0x0883, 0x0883, 0x0883, 0x0883, 0x0883,
  0x0883, 0x0883, 0x0883, 0x0883, 0x0883, 0x0883, 0x0883, 0x0883, 0x0883, 0x0883, 0x0883, 0x0883,
  0x0883, 0x0883, 0x0883, 0x0883, 0x0883, 0x0883, 0x0883, 0x0883, 0x0883, 0x0883, 0x0883, 0x0883,
  0x0883, 0x0883, 0x0883, 0x0883, 0x0883, 0x0883, 0x0883, 0x0883, 0x0883, 0x0883, 0x0883, 0x0883,
  0x0883, 0x0883, 0x0863, 0x0863, 0x0883, 0x0863, 0x0883, 0x0883, 0x0883, 0x0883, 0x0883, 0x0883,
  0x0863, 0x0863, 0x0863, 0x0863, 0x0863, 0x0862, 0x0863, 0x0883, 0x0883, 0x0863, 0x0863, 0x0863,
  0x0862, 0x0862, 0x0862, 0x0862, 0x0862, 0x0862, 0x0862, 0x0862, 0x0862, 0x0862, 0x0862, 0x0862,
  0x0862, 0x0862, 0x0062, 0x0062, 0x0862, 0x0862, 0x0862, 0x0042, 0x0042, 0x0042, 0x0042, 0x0042,
  0x0042, 0x0042, 0x0042, 0x0042, 0x0042, 0x0042, 0x0062, 0x0021, 0x0001, 0x22F2, 0x3CBD, 0x1169,
  0x0000, 0x0000, 0x0000, 0x0000, 0x0000, 0x0000, 0x0000, 0x0000, 0x0000, 0x0000, 0x0000, 0x0000,
  0x0000, 0x0000, 0x0000, 0x0000, 0x0000, 0x0000, 0x0000, 0x0000, 0x0000, 0x0000, 0x0000, 0x0000,
  0x0000, 0x0000, 0x0000, 0x0000, 0x0000, 0x0000, 0x0000, 0x0000, 0x0000, 0x0000, 0x0000, 0x0000,
  0x0000, 0x0000, 0x0000, 0x0000, 0x0000, 0x0000, 0x0000, 0x0000, 0x0000, 0x0000, 0x0000, 0x0000,
  0x0000, 0x0000, 0x0000, 0x0000, 0x0000, 0x0000, 0x0000, 0x0000, 0x0000, 0x0000, 0x0000, 0x0000,
  0x0000, 0x0000, 0x0000, 0x0000, 0x0000, 0x0000, 0x0000, 0x0000, 0x0000, 0x0000, 0x0000, 0x0000,
  0x0000, 0x0000, 0x0000, 0x0000, 0x0000, 0x0000, 0x0000, 0x0000, 0x0000, 0x0000, 0x0000, 0x0000,
  0x0000, 0x0000, 0x0000, 0x0000, 0x0000, 0x0000, 0x0000, 0x0000, 0x0000, 0x0000, 0x1A6F, 0x4D3F,
  0x7CBC, 0x9438, 0x9479, 0x9479, 0x8417, 0x7393, 0x52CF, 0x39EB, 0x2127, 0x10C4, 0x0883, 0x08A3,
  0x10C4, 0x1926, 0x29A9, 0x422C, 0x52D0, 0x6B53, 0x6B73, 0x5AF1, 0x422C, 0x2148, 0x10C4, 0x0883,
  0x0862, 0x0862, 0x0862, 0x0862, 0x0863, 0x0863, 0x0863, 0x0863, 0x0863, 0x0863, 0x0863, 0x0863,
  0x0863, 0x0863, 0x0863, 0x0863, 0x0883, 0x0883, 0x0883, 0x0883, 0x0863, 0x0883, 0x0883, 0x0883,
  0x0883, 0x0883, 0x0883, 0x0883, 0x0883, 0x0883, 0x0883, 0x0883, 0x0883, 0x0883, 0x0883, 0x0883,
  0x0883, 0x0883, 0x0883, 0x0883, 0x0883, 0x0883, 0x0883, 0x0883, 0x0883, 0x0883, 0x0883, 0x0883,
  0x0883, 0x0883, 0x0883, 0x0883, 0x0883, 0x0883, 0x0883, 0x0883, 0x0883, 0x0883, 0x0883, 0x0883,
  0x0883, 0x0883, 0x0883, 0x0883, 0x0883, 0x0883, 0x0863, 0x0883, 0x0883, 0x0883, 0x0883, 0x0863,
  0x0863, 0x0863, 0x0863, 0x0863, 0x0862, 0x0882, 0x0863, 0x0863, 0x0863, 0x0863, 0x0863, 0x0862,
  0x0862, 0x0862, 0x0862, 0x0862, 0x0862, 0x0862, 0x0862, 0x0862, 0x0862, 0x0862, 0x0862, 0x0862,
  0x0862, 0x0862, 0x0862, 0x0862, 0x0062, 0x0062, 0x0042, 0x0042, 0x0042, 0x0042, 0x0042, 0x0042,
  0x0042, 0x0042, 0x0042, 0x0042, 0x0062, 0x0062, 0x0000, 0x08C5, 0x3419, 0x3419, 0x0083, 0x0000,
  0x0020, 0x0000, 0x0000, 0x0000, 0x0000, 0x0000, 0x0000, 0x0000, 0x0000, 0x0000, 0x0000, 0x0000,
  0x0000, 0x0000, 0x0000, 0x0000, 0x0000, 0x0000, 0x0000, 0x0000, 0x0000, 0x0000, 0x0000, 0x0000,
  0x0000, 0x0000, 0x0000, 0x0000, 0x0000, 0x0000, 0x0000, 0x0000, 0x0000, 0x0000, 0x0000, 0x0000,
  0x0000, 0x0000, 0x0000, 0x0000, 0x0000, 0x0000, 0x0000, 0x0000, 0x0000, 0x0000, 0x0000, 0x0000,
  0x0000, 0x0000, 0x0000, 0x0000, 0x0000, 0x0000, 0x0000, 0x0000, 0x0000, 0x0000, 0x0000, 0x0000,
  0x0000, 0x0000, 0x0000, 0x0000, 0x0000, 0x0000, 0x0000, 0x0000, 0x0000, 0x0000, 0x0000, 0x0000,
  0x0000, 0x0000, 0x0000, 0x0000, 0x0000, 0x0000, 0x0000, 0x0000, 0x0000, 0x0000, 0x0000, 0x0000,
  0x0000, 0x0000, 0x0000, 0x0000, 0x0000, 0x0000, 0x0000, 0x0000, 0x0000, 0x0000, 0x0000, 0x1168,
  0x347C, 0x64FE, 0x9459, 0x9458, 0x7BD5, 0x6311, 0x422C, 0x2968, 0x10E5, 0x08A4, 0x08A4, 0x10C5,
  0x2147, 0x31CA, 0x4A6E, 0x5B11, 0x7394, 0x7BD6, 0x7BB5, 0x6311, 0x422C, 0x2147, 0x10C4, 0x0883,
  0x0863, 0x0863, 0x0862, 0x0863, 0x0863, 0x0863, 0x0863, 0x0863, 0x0863, 0x0863, 0x0863, 0x0863,
  0x0863, 0x0863, 0x0863, 0x0863, 0x0883, 0x0883, 0x0883, 0x0883, 0x0883, 0x0883, 0x0883, 0x0883,
  0x0883, 0x0883, 0x0883, 0x0883, 0x0883, 0x0883, 0x0883, 0x0883, 0x0883, 0x0883, 0x0883, 0x0883,
  0x0883, 0x0883, 0x0883, 0x0883, 0x0883, 0x0883, 0x0883, 0x0883, 0x0883, 0x0883, 0x0883, 0x0883,
  0x0883, 0x0883, 0x0883, 0x0883, 0x0883, 0x0883, 0x0883, 0x0883, 0x0883, 0x0883, 0x0883, 0x0883,
  0x0883, 0x0883, 0x0883, 0x0883, 0x0883, 0x0883, 0x0883, 0x0883, 0x0883, 0x0883, 0x0883, 0x0883,
  0x0883, 0x0883, 0x0863, 0x0863, 0x0883, 0x0863, 0x0863, 0x0862, 0x0862, 0x0862, 0x0863, 0x0862,
  0x0862, 0x0862, 0x0862, 0x0862, 0x0862, 0x0862, 0x0862, 0x0862, 0x0862, 0x0862, 0x0862, 0x0862,
  0x0062, 0x0062, 0x0062, 0x0062, 0x0062, 0x0062, 0x0042, 0x0042, 0x0042, 0x0042, 0x0042, 0x0042,
  0x0042, 0x0042, 0x0042, 0x0062, 0x0041, 0x0000, 0x1A0C, 0x3CFD, 0x22D1, 0x0000, 0x0000, 0x0000,
  0x0000, 0x0000, 0x0000, 0x0000, 0x0000, 0x0000, 0x0000, 0x0000, 0x0000, 0x0000, 0x0000, 0x0000,
  0x0000, 0x0000, 0x0000, 0x0000, 0x0000, 0x0000, 0x0000, 0x0000, 0x0000, 0x0000, 0x0000, 0x0000,
  0x0000, 0x0000, 0x0000, 0x0000, 0x0000, 0x0000, 0x0000, 0x0000, 0x0000, 0x0000, 0x0000, 0x0000,
  0x0000, 0x0000, 0x0000, 0x0000, 0x0000, 0x0000, 0x0000, 0x0000, 0x0000, 0x0000, 0x0000, 0x0000,
  0x0000, 0x0000, 0x0000, 0x0000, 0x0000, 0x0000, 0x0000, 0x0000, 0x0000, 0x0000, 0x0000, 0x0000,
  0x0000, 0x0000, 0x0000, 0x0000, 0x0000, 0x0000, 0x0000, 0x0000, 0x0000, 0x0000, 0x0000, 0x0000,
  0x0000, 0x0000, 0x0000, 0x0000, 0x0000, 0x0000, 0x0000, 0x0000, 0x0000, 0x0000, 0x0000, 0x0000,
  0x0000, 0x0000, 0x0000, 0x0000, 0x0000, 0x0000, 0x0000, 0x0000, 0x0000, 0x0000, 0x0000, 0x0000,
  0x0062, 0x2375, 0x553F, 0x7C39, 0x7331, 0x52AF, 0x31CA, 0x1906, 0x10A4, 0x08A4, 0x10E5, 0x2147,
  0x39EB, 0x528E, 0x6332, 0x7BB5, 0x8417, 0x8418, 0x7BD5, 0x6311, 0x3A0C, 0x2147, 0x10C4, 0x0883,
  0x0863, 0x0863, 0x0863, 0x0883, 0x0883, 0x0883, 0x0863, 0x0863, 0x0863, 0x0863, 0x0863, 0x0863,
  0x0863, 0x0863, 0x0863, 0x0863, 0x0863, 0x0863, 0x0863, 0x0883, 0x0883, 0x0883, 0x0883, 0x0883,
  0x0883, 0x0883, 0x0883, 0x0883, 0x0883, 0x0883, 0x0883, 0x0883, 0x0883, 0x0883, 0x0883, 0x0883,
  0x0883, 0x0883, 0x0883, 0x0883, 0x0883, 0x0883, 0x0883, 0x0883, 0x0883, 0x0883, 0x0883, 0x0883,
  0x0883, 0x0883, 0x0883, 0x0883, 0x0883, 0x0883, 0x0883, 0x0883, 0x0883, 0x0883, 0x0883, 0x0883,
  0x0883, 0x0883, 0x0883, 0x0883, 0x0883, 0x0883, 0x0883, 0x0883, 0x0883, 0x0883, 0x0883, 0x0883,
  0x0883, 0x0883, 0x0862, 0x0882, 0x0863, 0x0863, 0x0863, 0x0862, 0x0862, 0x0862, 0x0862, 0x0862,
  0x0862, 0x0862, 0x0862, 0x0862, 0x0862, 0x0862, 0x0862, 0x0862, 0x0862, 0x0862, 0x0862, 0x0862,
  0x0862, 0x0862, 0x0062, 0x0062, 0x0062, 0x0042, 0x0042, 0x0042, 0x0042, 0x0042, 0x0042, 0x0042,
  0x0042, 0x0042, 0x0062, 0x0000, 0x0063, 0x2B95, 0x3CBC, 0x1189, 0x0000, 0x0000, 0x0000, 0x0000,
  0x0000, 0x0000, 0x0000, 0x0000, 0x0000, 0x0000, 0x0000, 0x0000, 0x0000, 0x0000, 0x0000, 0x0000,
  0x0000, 0x0000, 0x0000, 0x0000, 0x0000, 0x0000, 0x0000, 0x0000, 0x0000, 0x0000, 0x0000, 0x0000,
  0x0000, 0x0000, 0x0000, 0x0000, 0x0000, 0x0000, 0x0000, 0x0000, 0x0000, 0x0000, 0x0000, 0x0000,
  0x0000, 0x0000, 0x0000, 0x0000, 0x0000, 0x0000, 0x0000, 0x0000, 0x0000, 0x0000, 0x0000, 0x0000,
  0x0000, 0x0000, 0x0000, 0x0000, 0x0000, 0x0000, 0x0000, 0x0000, 0x0000, 0x0000, 0x0000, 0x0000,
  0x0000, 0x0000, 0x0000, 0x0000, 0x0000, 0x0000, 0x0000, 0x0000, 0x0000, 0x0000, 0x0000, 0x0000,
  0x0000, 0x0000, 0x0000, 0x0000, 0x0000, 0x0000, 0x0000, 0x0000, 0x0000, 0x0000, 0x0000, 0x0000,
  0x0000, 0x0000, 0x0000, 0x0000, 0x0000, 0x0000, 0x0000, 0x0000, 0x0000, 0x0000, 0x0000, 0x0000,
  0x0000, 0x0000, 0x1A2D, 0x3CDE, 0x5439, 0x4A4C, 0x3188, 0x1906, 0x10C4, 0x10E5, 0x2147, 0x3A0B,
  0x52AF, 0x6B53, 0x7BD6, 0x8438, 0x8C38, 0x8C38, 0x7BD5, 0x5AF1, 0x3A0B, 0x2126, 0x10A4, 0x0883,
  0x0883, 0x0883, 0x0863, 0x0883, 0x0883, 0x0863, 0x0863, 0x0863, 0x0863, 0x0863, 0x0863, 0x0883,
  0x0883, 0x0883, 0x0883, 0x0883, 0x0883, 0x0883, 0x0883, 0x0883, 0x0883, 0x0883, 0x0883, 0x0883,
  0x0883, 0x0883, 0x0883, 0x0883, 0x0883, 0x0883, 0x0883, 0x0883, 0x0883, 0x0883, 0x0883, 0x0883,
  0x0883, 0x0883, 0x0883, 0x0883, 0x0883, 0x0883, 0x0883, 0x0883, 0x0883, 0x0883, 0x0883, 0x0883,
  0x0883, 0x0883, 0x0883, 0x0883, 0x0883, 0x0883, 0x0883, 0x0883, 0x0883, 0x0883, 0x0883, 0x0883,
  0x0883, 0x0883, 0x0883, 0x0883, 0x0883, 0x0883, 0x0883, 0x0883, 0x0883, 0x0883, 0x0883, 0x0883,
  0x0863, 0x0863, 0x0863, 0x0862, 0x0863, 0x0863, 0x0862, 0x0863, 0x0862, 0x0862, 0x0862, 0x0862,
  0x0862, 0x0862, 0x0862, 0x0862, 0x0862, 0x0862, 0x0862, 0x0062, 0x0062, 0x0862, 0x0862, 0x0862,
  0x0862, 0x0062, 0x0062, 0x0062, 0x0042, 0x0042, 0x0042, 0x0042, 0x0042, 0x0042, 0x0042, 0x0042,
  0x0062, 0x0041, 0x0000, 0x19CB, 0x3CDC, 0x2B95, 0x0062, 0x0000, 0x0000, 0x0000, 0x0000, 0x0000,
  0x0000, 0x0000, 0x0000, 0x0000, 0x0000, 0x0000, 0x0000, 0x0000, 0x0000, 0x0000, 0x0000, 0x0000,
  0x0000, 0x0000, 0x0000, 0x0000, 0x0000, 0x0000, 0x0000, 0x0000, 0x0000, 0x0000, 0x0000, 0x0000,
  0x0000, 0x0000, 0x0000, 0x0000, 0x0000, 0x0000, 0x0000, 0x0000, 0x0000, 0x0000, 0x0000, 0x0000,
  0x0000, 0x0000, 0x0000, 0x0000, 0x0000, 0x0000, 0x0000, 0x0000, 0x0000, 0x0000, 0x0000, 0x0000,
  0x0000, 0x0000, 0x0000, 0x0000, 0x0000, 0x0000, 0x0000, 0x0000, 0x0000, 0x0000, 0x0000, 0x0000,
  0x0000, 0x0000, 0x0000, 0x0000, 0x0000, 0x0000, 0x0000, 0x0000, 0x0000, 0x0000, 0x0000, 0x0000,
  0x0000, 0x0000, 0x0000, 0x0000, 0x0000, 0x0000, 0x0000, 0x0000, 0x0000, 0x0000, 0x0000, 0x0000,
  0x0000, 0x0000, 0x0000, 0x0000, 0x0000, 0x0000, 0x0000, 0x0000, 0x0000, 0x0000, 0x0000, 0x0000,
  0x0000, 0x0000, 0x0000, 0x08E5, 0x33F8, 0x449C, 0x29EB, 0x1083, 0x1906, 0x2168, 0x39EB, 0x52AF,
  0x6B73, 0x83F6, 0x8C18, 0x8C38, 0x8C59, 0x8C38, 0x73B5, 0x5AD0, 0x39EA, 0x1906, 0x08A3, 0x0883,
  0x0883, 0x0883, 0x0883, 0x0883, 0x0863, 0x0863, 0x0863, 0x0883, 0x0883, 0x0883, 0x0883, 0x08A3,
  0x08A3, 0x08A4, 0x08A3, 0x0883, 0x0883, 0x0883, 0x0883, 0x0883, 0x0883, 0x0883, 0x0883, 0x0883,
  0x0883, 0x0883, 0x0883, 0x0883, 0x0883, 0x0883, 0x0883, 0x0883, 0x0883, 0x0883, 0x0883, 0x0883,
  0x0883, 0x0883, 0x0883, 0x0883, 0x0883, 0x0883, 0x0883, 0x0883, 0x0883, 0x0883, 0x0883, 0x0883,
  0x0883, 0x0883, 0x0883, 0x0883, 0x0883, 0x0883, 0x0883, 0x0883, 0x0883, 0x0883, 0x0883, 0x0883,
  0x0883, 0x0883, 0x0883, 0x0883, 0x0883, 0x0883, 0x0883, 0x0883, 0x0883, 0x0883, 0x0883, 0x0883,
  0x0883, 0x0863, 0x0863, 0x0863, 0x0863, 0x0863, 0x0862, 0x0863, 0x0862, 0x0862, 0x0862, 0x0862,
  0x0862, 0x0862, 0x0862, 0x0862, 0x0862, 0x0862, 0x0062, 0x0062, 0x0862, 0x0862, 0x0062, 0x0062,
  0x0062, 0x0062, 0x0062, 0x0042, 0x0042, 0x0042, 0x0042, 0x0042, 0x0042, 0x0042, 0x0062, 0x0062,
  0x0000, 0x0063, 0x2B75, 0x44DD, 0x19EB, 0x0000, 0x0000, 0x0000, 0x0000, 0x0000, 0x0000, 0x0000,
  0x0000, 0x0000, 0x0000, 0x0000, 0x0000, 0x0000, 0x0000, 0x0000, 0x0000, 0x0000, 0x0000, 0x0000,
  0x0000, 0x0000, 0x0000, 0x0000, 0x0000, 0x0000, 0x0000, 0x0000, 0x0000, 0x0000, 0x0000, 0x0000,
  0x0000, 0x0000, 0x0000, 0x0000, 0x0000, 0x0000, 0x0000, 0x0000, 0x0000, 0x0000, 0x0000, 0x0000,
  0x0000, 0x0000, 0x0000, 0x0000, 0x0000, 0x0000, 0x0000, 0x0000, 0x0000, 0x0000, 0x0000, 0x0000,
  0x0000, 0x0000, 0x0000, 0x0000, 0x0000, 0x0000, 0x0000, 0x0000, 0x0000, 0x0000, 0x0000, 0x0000,
  0x0000, 0x0000, 0x0000, 0x0000, 0x0000, 0x0000, 0x0000, 0x0000, 0x0000, 0x0000, 0x0000, 0x0000,
  0x0000, 0x0000, 0x0000, 0x0000, 0x0000, 0x0000, 0x0000, 0x0000, 0x0000, 0x0000, 0x0000, 0x0000,
  0x0000, 0x0000, 0x0000, 0x0000, 0x0000, 0x0000, 0x0000, 0x0000, 0x0000, 0x0000, 0x0000, 0x0000,
  0x0000, 0x0000, 0x0000, 0x0000, 0x0000, 0x1A8F, 0x3CDD, 0x3333, 0x2968, 0x39EA, 0x52AE, 0x6B52,
  0x83F6, 0x8C38, 0x8C39, 0x8C39, 0x8C59, 0x8417, 0x7394, 0x52AF, 0x31A9, 0x18E5, 0x0883, 0x0883,
  0x0883, 0x0883, 0x0883, 0x0883, 0x0883, 0x0883, 0x0883, 0x10A4, 0x10A4, 0x10C4, 0x10C5, 0x10E5,
  0x10E5, 0x10C5, 0x10C4, 0x10C4, 0x10A4, 0x08A3, 0x0883, 0x0883, 0x0883, 0x0883, 0x0883, 0x0883,
  0x0883, 0x0883, 0x0883, 0x0883, 0x0883, 0x0883, 0x0883, 0x0883, 0x0883, 0x0883, 0x0883, 0x0883,
  0x0883, 0x0883, 0x0883, 0x0883, 0x0883, 0x0883, 0x0883, 0x0883, 0x0883, 0x0883, 0x0883, 0x0883,
  0x0883, 0x0883, 0x0883, 0x0883, 0x0883, 0x0883, 0x0883, 0x0883, 0x0883, 0x0883, 0x0883, 0x0883,
  0x0883, 0x0883, 0x0883, 0x0883, 0x0883, 0x0883, 0x0883, 0x0863, 0x0863, 0x0883, 0x0863, 0x0883,
  0x0862, 0x0863, 0x0863, 0x0863, 0x0863, 0x0863, 0x0863, 0x0862, 0x0862, 0x0862, 0x0862, 0x0862,
  0x0862, 0x0862, 0x0862, 0x0062, 0x0062, 0x0062, 0x0042, 0x0862, 0x0862, 0x0062, 0x0062, 0x0062,
  0x0062, 0x0042, 0x0042, 0x0042, 0x0042, 0x0042, 0x0062, 0x0042, 0x0042, 0x0062, 0x0021, 0x0000,
  0x19EC, 0x3CBC, 0x2B95, 0x0062, 0x0000, 0x0000, 0x0000, 0x0000, 0x0000, 0x0000, 0x0000, 0x0000,
  0x0000, 0x0000, 0x0000, 0x0000, 0x0000, 0x0000, 0x0000, 0x0000, 0x0000, 0x0000, 0x0000, 0x0000,
  0x0000, 0x0000, 0x0000, 0x0000, 0x0000, 0x0000, 0x0000, 0x0000, 0x0000, 0x0000, 0x0000, 0x0000,
  0x0000, 0x0000, 0x0000, 0x0000, 0x0000, 0x0000, 0x0000, 0x0000, 0x0000, 0x0000, 0x0000, 0x0000,
  0x0000, 0x0000, 0x0000, 0x0000, 0x0000, 0x0000, 0x0000, 0x0000, 0x0000, 0x0000, 0x0000, 0x0000,
  0x0000, 0x0000, 0x0000, 0x0000, 0x0000, 0x0000, 0x0000, 0x0000, 0x0000, 0x0000, 0x0000, 0x0000,
  0x0000, 0x0000, 0x0000, 0x0000, 0x0000, 0x0000, 0x0000, 0x0000, 0x0000, 0x0000, 0x0000, 0x0000,
  0x0000, 0x0000, 0x0000, 0x0000, 0x0000, 0x0000, 0x0000, 0x0000, 0x0000, 0x0000, 0x0000, 0x0000,
  0x0000, 0x0000, 0x0000, 0x0000, 0x0000, 0x0000, 0x0000, 0x0000, 0x0000, 0x0000, 0x0000, 0x0000,
  0x0000, 0x0000, 0x0000, 0x0000, 0x0000, 0x0000, 0x08E5, 0x3418, 0x44DC, 0x4B53, 0x6B10, 0x83F6,
  0x9479, 0x9479, 0x9459, 0x9459, 0x9459, 0x8417, 0x6B52, 0x4A6D, 0x2988, 0x10C5, 0x0883, 0x0863,
  0x0883, 0x0883, 0x0883, 0x08A4, 0x10A4, 0x10C4, 0x18E5, 0x1906, 0x1906, 0x2127, 0x2127, 0x2127,
  0x1926, 0x1906, 0x18E5, 0x10C5, 0x10A4, 0x08A3, 0x0883, 0x0883, 0x0883, 0x0883, 0x0883, 0x0883,
  0x0883, 0x0883, 0x0883, 0x0883, 0x0883, 0x0883, 0x0883, 0x0883, 0x0883, 0x0883, 0x0883, 0x0883,
  0x0883, 0x0883, 0x0883, 0x0883, 0x0883, 0x0883, 0x0883, 0x0883, 0x0883, 0x0883, 0x0883, 0x0883,
  0x0883, 0x0883, 0x0883, 0x0883, 0x0883, 0x0883, 0x0883, 0x0883, 0x0883, 0x0883, 0x0883, 0x0883,
  0x0883, 0x0883, 0x0883, 0x0883, 0x0883, 0x0883, 0x0883, 0x0863, 0x0883, 0x0863, 0x0863, 0x0863,
  0x0863, 0x0863, 0x0863, 0x0863, 0x0863, 0x0863, 0x0862, 0x0862, 0x0862, 0x0862, 0x0862, 0x0862,
  0x0862, 0x0862, 0x0862, 0x0062, 0x0062, 0x0062, 0x0042, 0x0062, 0x0062, 0x0062, 0x0062, 0x0062,
  0x0042, 0x0042, 0x0042, 0x0042, 0x0062, 0x0062, 0x0042, 0x0062, 0x0042, 0x0000, 0x08E6, 0x33D7,
  0x3CBB, 0x11AA, 0x0000, 0x0000, 0x0000, 0x0000, 0x0000, 0x0000, 0x0000, 0x0000, 0x0000, 0x0000,
  0x0000, 0x0000, 0x0000, 0x0000, 0x0000, 0x0000, 0x0000, 0x0000, 0x0000, 0x0000, 0x0000, 0x0000,
  0x0000, 0x0000, 0x0000, 0x0000, 0x0000, 0x0000, 0x0000, 0x0000, 0x0000, 0x0000, 0x0000, 0x0000,
  0x0000, 0x0000, 0x0000, 0x0000, 0x0000, 0x0000, 0x0000, 0x0000, 0x0000, 0x0000, 0x0000, 0x0000,
  0x0000, 0x0000, 0x0000, 0x0000, 0x0000, 0x0000, 0x0000, 0x0000, 0x0000, 0x0000, 0x0000, 0x0000,
  0x0000, 0x0000, 0x0000, 0x0000, 0x0000, 0x0000, 0x0000, 0x0000, 0x0000, 0x0000, 0x0000, 0x0000,
  0x0000, 0x0000, 0x0000, 0x0000, 0x0000, 0x0000, 0x0000, 0x0000, 0x0000, 0x0000, 0x0000, 0x0000,
  0x0000, 0x0000, 0x0000, 0x0000, 0x0000, 0x0000, 0x0000, 0x0000, 0x0000, 0x0000, 0x0000, 0x0000,
  0x0000, 0x0000, 0x0000, 0x0000, 0x0000, 0x0000, 0x0000, 0x0000, 0x0000, 0x0000, 0x0000, 0x0000,
  0x0000, 0x0000, 0x0000, 0x0000, 0x0000, 0x0000, 0x0000, 0x0000, 0x1A2D, 0x3CBC, 0x5CDD, 0x8C59,
  0xA479, 0x9479, 0x9479, 0x9479, 0x9458, 0x7BD5, 0x6311, 0x422C, 0x2147, 0x10A4, 0x0883, 0x0883,
  0x0883, 0x10A4, 0x10C5, 0x18E5, 0x1926, 0x2147, 0x2968, 0x2989, 0x31A9, 0x31CA, 0x31A9, 0x2989,
  0x2168, 0x2127, 0x1906, 0x10C5, 0x10A4, 0x08A3, 0x0883, 0x0883, 0x0883, 0x0883, 0x0883, 0x0883,
  0x0883, 0x0883, 0x0883, 0x0883, 0x0883, 0x0883, 0x0883, 0x0883, 0x0883, 0x0883, 0x0883, 0x0883,
  0x0883, 0x0883, 0x0883, 0x0883, 0x0883, 0x0883, 0x0883, 0x0883, 0x0883, 0x0883, 0x0883, 0x0883,
  0x0883, 0x0883, 0x0883, 0x0883, 0x0883, 0x0883, 0x0883, 0x0883, 0x0883, 0x0883, 0x0883, 0x0883,
  0x0883, 0x0883, 0x0883, 0x0883, 0x0883, 0x0883, 0x0883, 0x0863, 0x0883, 0x0863, 0x0863, 0x0863,
  0x0863, 0x0863, 0x0863, 0x0863, 0x0863, 0x0862, 0x0862, 0x0862, 0x0862, 0x0862, 0x0862, 0x0862,
  0x0862, 0x0862, 0x0862, 0x0062, 0x0062, 0x0042, 0x0042, 0x0042, 0x0042, 0x0042, 0x0042, 0x0042,
  0x0042, 0x0042, 0x0042, 0x0042, 0x0042, 0x0062, 0x0062, 0x0000, 0x0042, 0x2AF2, 0x3CDD, 0x22F1,
  0x0041, 0x0000, 0x0000, 0x0000, 0x0000, 0x0000, 0x0000, 0x0000, 0x0000, 0x0000, 0x0000, 0x0000,
  0x0000, 0x0000, 0x0000, 0x0000, 0x0000, 0x0000, 0x0000, 0x0000, 0x0000, 0x0000, 0x0000, 0x0000,
  0x0000, 0x0000, 0x0000, 0x0000, 0x0000, 0x0000, 0x0000, 0x0000, 0x0000, 0x0000, 0x0000, 0x0000,
  0x0000, 0x0000, 0x0000, 0x0000, 0x0000, 0x0000, 0x0000, 0x0000, 0x0000, 0x0000, 0x0000, 0x0000,
  0x0000, 0x0000, 0x0000, 0x0000, 0x0000, 0x0000, 0x0000, 0x0000, 0x0000, 0x0000, 0x0000, 0x0000,
  0x0000, 0x0000, 0x0000, 0x0000, 0x0000, 0x0000, 0x0000, 0x0000, 0x0000, 0x0000, 0x0000, 0x0000,
  0x0000, 0x0000, 0x0000, 0x0000, 0x0000, 0x0000, 0x0000, 0x0000, 0x0000, 0x0000, 0x0000, 0x0000,
  0x0000, 0x0000, 0x0000, 0x0000, 0x0000, 0x0000, 0x0000, 0x0000, 0x0000, 0x0000, 0x0000, 0x0000,
  0x0000, 0x0000, 0x0000, 0x0000, 0x0000, 0x0000, 0x0000, 0x0000, 0x0000, 0x0000, 0x0000, 0x0000,
  0x0000, 0x0000, 0x0000, 0x0000, 0x0000, 0x0000, 0x0000, 0x0000, 0x0000, 0x0063, 0x2313, 0x451F,
  0x74FD, 0x9459, 0x9C79, 0x9C99, 0x8C38, 0x7394, 0x52AF, 0x31CA, 0x1906, 0x10A4, 0x08A3, 0x10C4,
  0x18E5, 0x1926, 0x2168, 0x2989, 0x31CA, 0x3A0B, 0x422C, 0x424D, 0x424D, 0x422C, 0x39EB, 0x31A9,
  0x2968, 0x1926, 0x10E5, 0x10C4, 0x10A4, 0x0883, 0x0883, 0x0883, 0x0883, 0x0883, 0x0883, 0x0883,
  0x0883, 0x0883, 0x0883, 0x0883, 0x0883, 0x0883, 0x0883, 0x0883, 0x0883, 0x0883, 0x0883, 0x0883,
  0x0883, 0x0883, 0x0883, 0x0883, 0x0883, 0x0883, 0x0883, 0x0883, 0x0883, 0x0883, 0x0883, 0x0883,
  0x0883, 0x0883, 0x0883, 0x0883, 0x0883, 0x0883, 0x0883, 0x0883, 0x0883, 0x0883, 0x0883, 0x0883,
  0x0883, 0x0883, 0x0883, 0x0883, 0x0883, 0x0883, 0x0883, 0x0863, 0x0863, 0x0863, 0x0863, 0x0863,
  0x0863, 0x0863, 0x0862, 0x0863, 0x0862, 0x0862, 0x0862, 0x0862, 0x0862, 0x0862, 0x0862, 0x0062,
  0x0062, 0x0062, 0x0062, 0x0062, 0x0042, 0x0042, 0x0042, 0x0042, 0x0042, 0x0042, 0x0042, 0x0042,
  0x0042, 0x0042, 0x0042, 0x0042, 0x0042, 0x0000, 0x0000, 0x1A0C, 0x3CBB, 0x33F7, 0x08E5, 0x0000,
  0x0000, 0x0000, 0x0000, 0x0000, 0x0000, 0x0000, 0x0000, 0x0000, 0x0000, 0x0000, 0x0000, 0x0000,
  0x0000, 0x0000, 0x0000, 0x0000, 0x0000, 0x0000, 0x0000, 0x0000, 0x0000, 0x0000, 0x0000, 0x0000,
  0x0000, 0x0000, 0x0000, 0x0000, 0x0000, 0x0000, 0x0000, 0x0000, 0x0000, 0x0000, 0x0000, 0x0000,
  0x0000, 0x0000, 0x0000, 0x0000, 0x0000, 0x0000, 0x0000, 0x0000, 0x0000, 0x0000, 0x0000, 0x0000,
  0x0000, 0x0000, 0x0000, 0x0000, 0x0000, 0x0000, 0x0000, 0x0000, 0x0000, 0x0000, 0x0000, 0x0000,
  0x0000, 0x0000, 0x0000, 0x0000, 0x0000, 0x0000, 0x0000, 0x0000, 0x0000, 0x0000, 0x0000, 0x0000,
  0x0000, 0x0000, 0x0000, 0x0000, 0x0000, 0x0000, 0x0000, 0x0000, 0x0000, 0x0000, 0x0000, 0x0000,
  0x0000, 0x0000, 0x0000, 0x0000, 0x0000, 0x0000, 0x0000, 0x0000, 0x0000, 0x0000, 0x0000, 0x0000,
  0x0000, 0x0000, 0x0000, 0x0000, 0x0000, 0x0000, 0x0000, 0x0000, 0x0000, 0x0000, 0x0000, 0x0000,
  0x0000, 0x0000, 0x0000, 0x0000, 0x0000, 0x0000, 0x0000, 0x0000, 0x0000, 0x0000, 0x0000, 0x0927,
  0x2BB7, 0x4D1F, 0x7CDC, 0x9C79, 0x8BF5, 0x6331, 0x424C, 0x2988, 0x1906, 0x18E5, 0x18E5, 0x2127,
  0x2988, 0x31CA, 0x422C, 0x4A6E, 0x52AF, 0x5AD0, 0x5AD0, 0x52D0, 0x4A8E, 0x422C, 0x31EA, 0x2988,
  0x2127, 0x18E5, 0x10C4, 0x08A4, 0x0883, 0x0883, 0x0883, 0x0883, 0x0883, 0x0883, 0x0883, 0x0883,
  0x0883, 0x0883, 0x0883, 0x0883, 0x0883, 0x0883, 0x0883, 0x0883, 0x0883, 0x0883, 0x0883, 0x0883,
  0x0883, 0x0883, 0x0883, 0x0883, 0x0883, 0x0883, 0x0883, 0x0883, 0x0883, 0x0883, 0x0883, 0x0883,
  0x0883, 0x0883, 0x0883, 0x0883, 0x0883, 0x0883, 0x0883, 0x0883, 0x0883, 0x0883, 0x0883, 0x0883,
  0x0883, 0x0883, 0x0883, 0x0883, 0x0883, 0x0883, 0x0863, 0x0863, 0x0863, 0x0863, 0x0863, 0x0862,
  0x0862, 0x0862, 0x0862, 0x0862, 0x0862, 0x0862, 0x0862, 0x0862, 0x0862, 0x0862, 0x0862, 0x0862,
  0x0062, 0x0062, 0x0042, 0x0042, 0x0042, 0x0042, 0x0042, 0x0042, 0x0042, 0x0042, 0x0042, 0x0042,
  0x0042, 0x0042, 0x0062, 0x0001, 0x0000, 0x1169, 0x3419, 0x3C7A, 0x19CB, 0x0000, 0x0000, 0x0000,
  0x0000, 0x0000, 0x0000, 0x0000, 0x0000, 0x0000, 0x0000, 0x0000, 0x0000, 0x0000, 0x0000, 0x0000,
  0x0000, 0x0000, 0x0000, 0x0000, 0x0000, 0x0000, 0x0000, 0x0000, 0x0000, 0x0000, 0x0000, 0x0000,
  0x0000, 0x0000, 0x0000, 0x0000, 0x0000, 0x0000, 0x0000, 0x0000, 0x0000, 0x0000, 0x0000, 0x0000,
  0x0000, 0x0000, 0x0000, 0x0000, 0x0000, 0x0000, 0x0000, 0x0000, 0x0000, 0x0000, 0x0000, 0x0000,
  0x0000, 0x0000, 0x0000, 0x0000, 0x0000, 0x0000, 0x0000, 0x0000, 0x0000, 0x0000, 0x0000, 0x0000,
  0x0000, 0x0000, 0x0000, 0x0000, 0x0000, 0x0000, 0x0000, 0x0000, 0x0000, 0x0000, 0x0000, 0x0000,
  0x0000, 0x0000, 0x0000, 0x0000, 0x0000, 0x0000, 0x0000, 0x0000, 0x0000, 0x0000, 0x0000, 0x0000,
  0x0000, 0x0000, 0x0000, 0x0000, 0x0000, 0x0000, 0x0000, 0x0000, 0x0000, 0x0000, 0x0000, 0x0000,
  0x0000, 0x0000, 0x0000, 0x0000, 0x0000, 0x0000, 0x0000, 0x0000, 0x0000, 0x0000, 0x0000, 0x0000,
  0x0000, 0x0000, 0x0000, 0x0000, 0x0000, 0x0000, 0x0000, 0x0000, 0x0000, 0x0000, 0x0000, 0x0000,
  0x0000, 0x11AA, 0x343A, 0x5D3F, 0x6BF7, 0x526D, 0x39CA, 0x2989, 0x2147, 0x2147, 0x29A9, 0x3A0B,
  0x4A6D, 0x52AF, 0x6311, 0x6B52, 0x6B73, 0x6B52, 0x6311, 0x52AF, 0x424D, 0x31CA, 0x2968, 0x1926,
  0x10C5, 0x10A4, 0x0883, 0x0883, 0x0883, 0x0883, 0x0883, 0x0883, 0x0883, 0x0883, 0x0883, 0x0883,
  0x0883, 0x0883, 0x0883, 0x0883, 0x0883, 0x0883, 0x0883, 0x0883, 0x0883, 0x0883, 0x0883, 0x0883,
  0x0883, 0x0883, 0x0883, 0x0883, 0x0883, 0x0883, 0x0883, 0x0883, 0x0883, 0x0883, 0x0883, 0x0883,
  0x0883, 0x0883, 0x0883, 0x0883, 0x0883, 0x0883, 0x0883, 0x0883, 0x0883, 0x0883, 0x0883, 0x0883,
  0x0883, 0x0883, 0x0883, 0x0863, 0x0863, 0x0863, 0x0863, 0x0863, 0x0883, 0x0863, 0x0862, 0x0862,
  0x0862, 0x0862, 0x0862, 0x0862, 0x0862, 0x0862, 0x0862, 0x0862, 0x0862, 0x0862, 0x0862, 0x0062,
  0x0062, 0x0042, 0x0042, 0x0042, 0x0042, 0x0042, 0x0042, 0x0042, 0x0042, 0x0042, 0x0042, 0x0042,
  0x0062, 0x0001, 0x0000, 0x1127, 0x33D7, 0x3CBC, 0x226F, 0x0000, 0x0000, 0x0000, 0x0000, 0x0000,
  0x0000, 0x0000, 0x0000, 0x0000, 0x0000, 0x0000, 0x0000, 0x0000, 0x0000, 0x0000, 0x0000, 0x0000,
  0x0000, 0x0000, 0x0000, 0x0000, 0x0000, 0x0000, 0x0000, 0x0000, 0x0000, 0x0000, 0x0000, 0x0000,
  0x0000, 0x0000, 0x0000, 0x0000, 0x0000, 0x0000, 0x0000, 0x0000, 0x0000, 0x0000, 0x0000, 0x0000,
  0x0000, 0x0000, 0x0000, 0x0000, 0x0000, 0x0000, 0x0000, 0x0000, 0x0000, 0x0000, 0x0000, 0x0000,
  0x0000, 0x0000, 0x0000, 0x0000, 0x0000, 0x0000, 0x0000, 0x0000, 0x0000, 0x0000, 0x0000, 0x0000,
  0x0000, 0x0000, 0x0000, 0x0000, 0x0000, 0x0000, 0x0000, 0x0000, 0x0000, 0x0000, 0x0000, 0x0000,
  0x0000, 0x0000, 0x0000, 0x0000, 0x0000, 0x0000, 0x0000, 0x0000, 0x0000, 0x0000, 0x0000, 0x0000,
  0x0000, 0x0000, 0x0000, 0x0000, 0x0000, 0x0000, 0x0000, 0x0000, 0x0000, 0x0000, 0x0000, 0x0000,
  0x0000, 0x0000, 0x0000, 0x0000, 0x0000, 0x0000, 0x0000, 0x0000, 0x0000, 0x0000, 0x0000, 0x0000,
  0x0000, 0x0000, 0x0000, 0x0000, 0x0000, 0x0000, 0x0000, 0x0000, 0x0000, 0x0000, 0x0000, 0x0000,
  0x0000, 0x0000, 0x0021, 0x122D, 0x345B, 0x447B, 0x3AAF, 0x3188, 0x31A9, 0x420B, 0x528E, 0x5AF0,
  0x6B32, 0x7394, 0x7BB5, 0x7BD5, 0x7394, 0x6332, 0x52AF, 0x422C, 0x31A9, 0x2147, 0x18E5, 0x10A4,
  0x0883, 0x0883, 0x0883, 0x0883, 0x0883, 0x0883, 0x0883, 0x0883, 0x0883, 0x0883, 0x0883, 0x0883,
  0x0883, 0x0883, 0x0883, 0x0883, 0x0883, 0x0883, 0x0883, 0x0883, 0x0883, 0x0883, 0x0883, 0x0883,
  0x0883, 0x0883, 0x0883, 0x0883, 0x0883, 0x0883, 0x0883, 0x0883, 0x0883, 0x0883, 0x0883, 0x0883,
  0x0883, 0x0883, 0x0883, 0x0883, 0x0883, 0x0883, 0x0883, 0x0883, 0x0883, 0x0883, 0x0883, 0x0883,
  0x0883, 0x0863, 0x0863, 0x0863, 0x0863, 0x0863, 0x0863, 0x0863, 0x0862, 0x0862, 0x0862, 0x0862,
  0x0863, 0x0863, 0x0862, 0x0862, 0x0862, 0x0862, 0x0862, 0x0862, 0x0862, 0x0062, 0x0062, 0x0062,
  0x0062, 0x0062, 0x0042, 0x0042, 0x0042, 0x0042, 0x0042, 0x0042, 0x0042, 0x0042, 0x0042, 0x0001,
  0x0000, 0x0907, 0x2B95, 0x3CDD, 0x22F1, 0x0062, 0x0000, 0x0000, 0x0000, 0x0000, 0x0000, 0x0000,
  0x0000, 0x0000, 0x0000, 0x0000, 0x0000, 0x0000, 0x0000, 0x0000, 0x0000, 0x0000, 0x0000, 0x0000,
  0x0000, 0x0000, 0x0000, 0x0000, 0x0000, 0x0000, 0x0000, 0x0000, 0x0000, 0x0000, 0x0000, 0x0000,
  0x0000, 0x0000, 0x0000, 0x0000, 0x0000, 0x0000, 0x0000, 0x0000, 0x0000, 0x0000, 0x0000, 0x0000,
  0x0000, 0x0000, 0x0000, 0x0000, 0x0000, 0x0000, 0x0000, 0x0000, 0x0000, 0x0000, 0x0000, 0x0000,
  0x0000, 0x0000, 0x0000, 0x0000, 0x0000, 0x0000, 0x0000, 0x0000, 0x0000, 0x0000, 0x0000, 0x0000,
  0x0000, 0x0000, 0x0000, 0x0000, 0x0000, 0x0000, 0x0000, 0x0000, 0x0000, 0x0000, 0x0000, 0x0000,
  0x0000, 0x0000, 0x0000, 0x0000, 0x0000, 0x0000, 0x0000, 0x0000, 0x0000, 0x0000, 0x0000, 0x0000,
  0x0000, 0x0000, 0x0000, 0x0000, 0x0000, 0x0000, 0x0000, 0x0000, 0x0000, 0x0000, 0x0000, 0x0000,
  0x0000, 0x0000, 0x0000, 0x0000, 0x0000, 0x0000, 0x0000, 0x0000, 0x0000, 0x0000, 0x0000, 0x0000,
  0x0000, 0x0000, 0x0000, 0x0000, 0x0000, 0x0000, 0x0000, 0x0000, 0x0000, 0x0000, 0x0000, 0x0000,
  0x0000, 0x0000, 0x0000, 0x0000, 0x0042, 0x1A6F, 0x3C9B, 0x445A, 0x4B32, 0x62F0, 0x7352, 0x7BB5,
  0x83F6, 0x83F6, 0x83D5, 0x7393, 0x6311, 0x4A6E, 0x39EB, 0x2968, 0x1906, 0x10C5, 0x10A4, 0x0883,
  0x0883, 0x0883, 0x0883, 0x0883, 0x0883, 0x0883, 0x0883, 0x0883, 0x0883, 0x0883, 0x0883, 0x0883,
  0x0883, 0x0883, 0x0883, 0x0883, 0x0883, 0x0883, 0x0883, 0x0883, 0x0883, 0x0883, 0x0883, 0x0883,
  0x0883, 0x0883, 0x0883, 0x0883, 0x0883, 0x0883, 0x0883, 0x0883, 0x0883, 0x0883, 0x0883, 0x0883,
  0x0883, 0x0883, 0x0883, 0x0883, 0x0883, 0x0883, 0x0883, 0x0883, 0x0883, 0x0883, 0x0883, 0x0883,
  0x0883, 0x0863, 0x0863, 0x0863, 0x0863, 0x0863, 0x0863, 0x0862, 0x0862, 0x0862, 0x0862, 0x0862,
  0x0862, 0x0862, 0x0862, 0x0862, 0x0862, 0x0862, 0x0862, 0x0862, 0x0862, 0x0862, 0x0862, 0x0062,
  0x0062, 0x0042, 0x0042, 0x0042, 0x0042, 0x0042, 0x0042, 0x0062, 0x0042, 0x0000, 0x0000, 0x0907,
  0x2B76, 0x3CDD, 0x2B33, 0x08A4, 0x0000, 0x0000, 0x0000, 0x0000, 0x0000, 0x0000, 0x0000, 0x0000,
  0x0000, 0x0000, 0x0000, 0x0000, 0x0000, 0x0000, 0x0000, 0x0000, 0x0000, 0x0000, 0x0000, 0x0000,
  0x0000, 0x0000, 0x0000, 0x0000, 0x0000, 0x0000, 0x0000, 0x0000, 0x0000, 0x0000, 0x0000, 0x0000,
  0x0000, 0x0000, 0x0000, 0x0000, 0x0000, 0x0000, 0x0000, 0x0000, 0x0000, 0x0000, 0x0000, 0x0000,
  0x0000, 0x0000, 0x0000, 0x0000, 0x0000, 0x0000, 0x0000, 0x0000, 0x0000, 0x0000, 0x0000, 0x0000,
  0x0000, 0x0000, 0x0000, 0x0000, 0x0000, 0x0000, 0x0000, 0x0000, 0x0000, 0x0000, 0x0000, 0x0000,
  0x0000, 0x0000, 0x0000, 0x0000, 0x0000, 0x0000, 0x0000, 0x0000, 0x0000, 0x0000, 0x0000, 0x0000,
  0x0000, 0x0000, 0x0000, 0x0000, 0x0000, 0x0000, 0x0000, 0x0000, 0x0000, 0x0000, 0x0000, 0x0000,
  0x0000, 0x0000, 0x0000, 0x0000, 0x0000, 0x0000, 0x0000, 0x0000, 0x0000, 0x0000, 0x0000, 0x0000,
  0x0000, 0x0000, 0x0000, 0x0000, 0x0000, 0x0000, 0x0000, 0x0000, 0x0000, 0x0000, 0x0000, 0x0000,
  0x0000, 0x0000, 0x0000, 0x0000, 0x0000, 0x0000, 0x0000, 0x0000, 0x0000, 0x0000, 0x0000, 0x0000,
  0x0000, 0x0000, 0x0000, 0x0000, 0x0000, 0x0000, 0x0042, 0x1A6E, 0x347B, 0x54FE, 0x749A, 0x8C17,
  0x8BF5, 0x83D5, 0x6B73, 0x5ACF, 0x422C, 0x31A9, 0x2147, 0x18E5, 0x10A4, 0x0883, 0x0883, 0x0883,
  0x0883, 0x0883, 0x0883, 0x0883, 0x0883, 0x0883, 0x0883, 0x0883, 0x0883, 0x0883, 0x0883, 0x0883,
  0x0883, 0x0883, 0x0883, 0x0883, 0x0883, 0x0883, 0x0883, 0x0883, 0x0883, 0x0883, 0x0883, 0x0883,
  0x0883, 0x0883, 0x0883, 0x0883, 0x0883, 0x0883, 0x0883, 0x0883, 0x0883, 0x0883, 0x0883, 0x0883,
  0x0883, 0x0883, 0x0883, 0x0883, 0x0883, 0x0883, 0x0883, 0x0883, 0x0883, 0x0883, 0x0883, 0x0883,
  0x0863, 0x0862, 0x0863, 0x0863, 0x0863, 0x0863, 0x0863, 0x0862, 0x0862, 0x0862, 0x0862, 0x0862,
  0x0862, 0x0862, 0x0862, 0x0862, 0x0862, 0x0862, 0x0862, 0x0862, 0x0862, 0x0062, 0x0062, 0x0042,
  0x0042, 0x0042, 0x0042, 0x0042, 0x0042, 0x0062, 0x0042, 0x0000, 0x0000, 0x1169, 0x2BB6, 0x3C9C,
  0x2312, 0x08A4, 0x0000, 0x0000, 0x0000, 0x0000, 0x0000, 0x0000, 0x0000, 0x0000, 0x0000, 0x0000,
  0x0000, 0x0000, 0x0000, 0x0000, 0x0000, 0x0000, 0x0000, 0x0000, 0x0000, 0x0000, 0x0000, 0x0000,
  0x0000, 0x0000, 0x0000, 0x0000, 0x0000, 0x0000, 0x0000, 0x0000, 0x0000, 0x0000, 0x0000, 0x0000,
  0x0000, 0x0000, 0x0000, 0x0000, 0x0000, 0x0000, 0x0000, 0x0000, 0x0000, 0x0000, 0x0000, 0x0000,
  0x0000, 0x0000, 0x0000, 0x0000, 0x0000, 0x0000, 0x0000, 0x0000, 0x0000, 0x0000, 0x0000, 0x0000,
  0x0000, 0x0000, 0x0000, 0x0000, 0x0000, 0x0000, 0x0000, 0x0000, 0x0000, 0x0000, 0x0000, 0x0000,
  0x0000, 0x0000, 0x0000, 0x0000, 0x0000, 0x0000, 0x0000, 0x0000, 0x0000, 0x0000, 0x0000, 0x0000,
  0x0000, 0x0000, 0x0000, 0x0000, 0x0000, 0x0000, 0x0000, 0x0000, 0x0000, 0x0000, 0x0000, 0x0000,
  0x0000, 0x0000, 0x0000, 0x0000, 0x0000, 0x0000, 0x0000, 0x0000, 0x0000, 0x0000, 0x0000, 0x0000,
  0x0000, 0x0000, 0x0000, 0x0000, 0x0000, 0x0000, 0x0000, 0x0000, 0x0000, 0x0000, 0x0000, 0x0000,
  0x0000, 0x0000, 0x0000, 0x0000, 0x0000, 0x0000, 0x0000, 0x0000, 0x0000, 0x0000, 0x0000, 0x0000,
  0x0000, 0x0000, 0x0000, 0x0000, 0x0000, 0x0000, 0x0000, 0x0000, 0x0021, 0x11EC, 0x2C19, 0x4CFF,
  0x6C9B, 0x6373, 0x4A4C, 0x39C9, 0x2968, 0x1926, 0x10C5, 0x08A3, 0x0883, 0x0883, 0x0883, 0x0883,
  0x0883, 0x0883, 0x0883, 0x0883, 0x0883, 0x0883, 0x0883, 0x0883, 0x0883, 0x0883, 0x0883, 0x0883,
  0x0883, 0x0883, 0x0883, 0x0883, 0x0883, 0x0883, 0x0883, 0x0883, 0x0883, 0x0883, 0x0883, 0x0883,
  0x0883, 0x0883, 0x0883, 0x0883, 0x0883, 0x0883, 0x0883, 0x0883, 0x0883, 0x0883, 0x0883, 0x0883,
  0x0883, 0x0883, 0x0883, 0x0883, 0x0883, 0x0883, 0x0883, 0x0883, 0x0883, 0x0883, 0x0883, 0x0863,
  0x0863, 0x0862, 0x0863, 0x0863, 0x0862, 0x0862, 0x0862, 0x0862, 0x0862, 0x0862, 0x0862, 0x0862,
  0x0862, 0x0862, 0x0862, 0x0862, 0x0862, 0x0862, 0x0862, 0x0862, 0x0862, 0x0062, 0x0042, 0x0042,
  0x0042, 0x0042, 0x0062, 0x0042, 0x0021, 0x0000, 0x0042, 0x1A0C, 0x3419, 0x3C7B, 0x22B0, 0x0063,
  0x0000, 0x0000, 0x0000, 0x0000, 0x0000, 0x0000, 0x0000, 0x0000, 0x0000, 0x0000, 0x0000, 0x0000,
  0x0000, 0x0000, 0x0000, 0x0000, 0x0000, 0x0000, 0x0000, 0x0000, 0x0000, 0x0000, 0x0000, 0x0000,
  0x0000, 0x0000, 0x0000, 0x0000, 0x0000, 0x0000, 0x0000, 0x0000, 0x0000, 0x0000, 0x0000, 0x0000,
  0x0000, 0x0000, 0x0000, 0x0000, 0x0000, 0x0000, 0x0000, 0x0000, 0x0000, 0x0000, 0x0000, 0x0000,
  0x0000, 0x0000, 0x0000, 0x0000, 0x0000, 0x0000, 0x0000, 0x0000, 0x0000, 0x0000, 0x0000, 0x0000,
  0x0000, 0x0000, 0x0000, 0x0000, 0x0000, 0x0000, 0x0000, 0x0000, 0x0000, 0x0000, 0x0000, 0x0000,
  0x0000, 0x0000, 0x0000, 0x0000, 0x0000, 0x0000, 0x0000, 0x0000, 0x0000, 0x0000, 0x0000, 0x0000,
  0x0000, 0x0000, 0x0000, 0x0000, 0x0000, 0x0000, 0x0000, 0x0000, 0x0000, 0x0000, 0x0000, 0x0000,
  0x0000, 0x0000, 0x0000, 0x0000, 0x0000, 0x0000, 0x0000, 0x0000, 0x0000, 0x0000, 0x0000, 0x0000,
  0x0000, 0x0000, 0x0000, 0x0000, 0x0000, 0x0000, 0x0000, 0x0000, 0x0000, 0x0000, 0x0000, 0x0000,
  0x0000, 0x0000, 0x0000, 0x0000, 0x0000, 0x0000, 0x0000, 0x0000, 0x0000, 0x0000, 0x0000, 0x0000,
  0x0000, 0x0000, 0x0000, 0x0000, 0x0000, 0x0000, 0x0000, 0x0000, 0x0000, 0x0000, 0x0000, 0x1169,
  0x2B96, 0x44BD, 0x4419, 0x2A4D, 0x18E5, 0x1062, 0x0883, 0x0883, 0x0883, 0x0883, 0x0883, 0x0883,
  0x0883, 0x0883, 0x0883, 0x0883, 0x0883, 0x0883, 0x0883, 0x0883, 0x0883, 0x0883, 0x0883, 0x0883,
  0x0883, 0x0883, 0x0883, 0x0883, 0x0883, 0x0883, 0x0883, 0x0883, 0x0883, 0x0883, 0x0883, 0x0883,
  0x0883, 0x0883, 0x0883, 0x0883, 0x0883, 0x0883, 0x0883, 0x0883, 0x0883, 0x0883, 0x0883, 0x0883,
  0x0883, 0x0883, 0x0883, 0x0883, 0x0883, 0x0883, 0x0883, 0x0883, 0x0883, 0x0883, 0x0883, 0x0863,
  0x0863, 0x0863, 0x0863, 0x0863, 0x0863, 0x0862, 0x0862, 0x0862, 0x0862, 0x0862, 0x0862, 0x0862,
  0x0862, 0x0862, 0x0862, 0x0862, 0x0062, 0x0862, 0x0062, 0x0062, 0x0042, 0x0042, 0x0042, 0x0062,
  0x0062, 0x0042, 0x0000, 0x0000, 0x08E6, 0x22D2, 0x3C7B, 0x3C39, 0x1A2D, 0x0041, 0x0000, 0x0000,
  0x0000, 0x0000, 0x0000, 0x0000, 0x0000, 0x0000, 0x0000, 0x0000, 0x0000, 0x0000, 0x0000, 0x0000,
  0x0000, 0x0000, 0x0000, 0x0000, 0x0000, 0x0000, 0x0000, 0x0000, 0x0000, 0x0000, 0x0000, 0x0000,
  0x0000, 0x0000, 0x0000, 0x0000, 0x0000, 0x0000, 0x0000, 0x0000, 0x0000, 0x0000, 0x0000, 0x0000,
  0x0000, 0x0000, 0x0000, 0x0000, 0x0000, 0x0000, 0x0000, 0x0000, 0x0000, 0x0000, 0x0000, 0x0000,
  0x0000, 0x0000, 0x0000, 0x0000, 0x0000, 0x0000, 0x0000, 0x0000, 0x0000, 0x0000, 0x0000, 0x0000,
  0x0000, 0x0000, 0x0000, 0x0000, 0x0000, 0x0000, 0x0000, 0x0000, 0x0000, 0x0000, 0x0000, 0x0000,
  0x0000, 0x0000, 0x0000, 0x0000, 0x0000, 0x0000, 0x0000, 0x0000, 0x0000, 0x0000, 0x0000, 0x0000,
  0x0000, 0x0000, 0x0000, 0x0000, 0x0000, 0x0000, 0x0000, 0x0000, 0x0000, 0x0000, 0x0000, 0x0000,
  0x0000, 0x0000, 0x0000, 0x0000, 0x0000, 0x0000, 0x0000, 0x0000, 0x0000, 0x0000, 0x0000, 0x0000,
  0x0000, 0x0000, 0x0000, 0x0000, 0x0000, 0x0000, 0x0000, 0x0000, 0x0000, 0x0000, 0x0000, 0x0000,
  0x0000, 0x0000, 0x0000, 0x0000, 0x0000, 0x0000, 0x0000, 0x0000, 0x0000, 0x0000, 0x0000, 0x0000,
  0x0000, 0x0000, 0x0000, 0x0000, 0x0000, 0x0000, 0x0000, 0x0000, 0x0000, 0x0000, 0x0000, 0x0000,
  0x0000, 0x08C5, 0x22D1, 0x3C9B, 0x3C7A, 0x2AB1, 0x1927, 0x1083, 0x1062, 0x1083, 0x08A4, 0x08A4,
  0x0883, 0x0883, 0x0883, 0x0883, 0x0883, 0x0883, 0x0883, 0x0883, 0x0883, 0x0883, 0x0883, 0x0883,
  0x0883, 0x0883, 0x0883, 0x0883, 0x0883, 0x0883, 0x0883, 0x0883, 0x0883, 0x0883, 0x0883, 0x0883,
  0x0883, 0x0883, 0x0883, 0x0883, 0x0883, 0x0883, 0x0883, 0x0883, 0x0883, 0x0883, 0x0883, 0x0883,
  0x0883, 0x0883, 0x0883, 0x0883, 0x0883, 0x0883, 0x0883, 0x0883, 0x0883, 0x0863, 0x0863, 0x0863,
  0x0863, 0x0863, 0x0863, 0x0863, 0x0862, 0x0862, 0x0862, 0x0862, 0x0862, 0x0862, 0x0862, 0x0862,
  0x0862, 0x0862, 0x0062, 0x0062, 0x0062, 0x0062, 0x0062, 0x0062, 0x0862, 0x0863, 0x0042, 0x0000,
  0x0000, 0x0063, 0x1A0C, 0x33D7, 0x3C9C, 0x2B75, 0x1148, 0x0000, 0x0000, 0x0000, 0x0000, 0x0000,
  0x0000, 0x0000, 0x0000, 0x0000, 0x0000, 0x0000, 0x0000, 0x0000, 0x0000, 0x0000, 0x0000, 0x0000,
  0x0000, 0x0000, 0x0000, 0x0000, 0x0000, 0x0000, 0x0000, 0x0000, 0x0000, 0x0000, 0x0000, 0x0000,
  0x0000, 0x0000, 0x0000, 0x0000, 0x0000, 0x0000, 0x0000, 0x0000, 0x0000, 0x0000, 0x0000, 0x0000,
  0x0000, 0x0000, 0x0000, 0x0000, 0x0000, 0x0000, 0x0000, 0x0000, 0x0000, 0x0000, 0x0000, 0x0000,
  0x0000, 0x0000, 0x0000, 0x0000, 0x0000, 0x0000, 0x0000, 0x0000, 0x0000, 0x0000, 0x0000, 0x0000,
  0x0000, 0x0000, 0x0000, 0x0000, 0x0000, 0x0000, 0x0000, 0x0000, 0x0000, 0x0000, 0x0000, 0x0000,
  0x0000, 0x0000, 0x0000, 0x0000, 0x0000, 0x0000, 0x0000, 0x0000, 0x0000, 0x0000, 0x0000, 0x0000,
  0x0000, 0x0000, 0x0000, 0x0000, 0x0000, 0x0000, 0x0000, 0x0000, 0x0000, 0x0000, 0x0000, 0x0000,
  0x0000, 0x0000, 0x0000, 0x0000, 0x0000, 0x0000, 0x0000, 0x0000, 0x0000, 0x0000, 0x0000, 0x0000,
  0x0000, 0x0000, 0x0000, 0x0000, 0x0000, 0x0000, 0x0000, 0x0000, 0x0000, 0x0000, 0x0000, 0x0000,
  0x0000, 0x0000, 0x0000, 0x0000, 0x0000, 0x0000, 0x0000, 0x0000, 0x0000, 0x0000, 0x0000, 0x0000,
  0x0000, 0x0000, 0x0000, 0x0000, 0x0000, 0x0000, 0x0000, 0x0000, 0x0000, 0x0000, 0x0000, 0x0000,
  0x0000, 0x0000, 0x0000, 0x0021, 0x19CB, 0x2BB6, 0x3CBC, 0x3C39, 0x2AB0, 0x2148, 0x10A3, 0x0862,
  0x0883, 0x08A3, 0x0883, 0x0883, 0x0883, 0x0883, 0x0883, 0x0883, 0x0883, 0x0883, 0x0883, 0x0883,
  0x0883, 0x0883, 0x0883, 0x0883, 0x0883, 0x0883, 0x0883, 0x0883, 0x0883, 0x0883, 0x0883, 0x0883,
  0x0883, 0x0883, 0x0883, 0x0883, 0x0883, 0x0883, 0x0883, 0x0883, 0x0883, 0x0883, 0x0883, 0x0883,
  0x0883, 0x0883, 0x0883, 0x0883, 0x0883, 0x0883, 0x0883, 0x0863, 0x0863, 0x0862, 0x0862, 0x0862,
  0x0862, 0x0862, 0x0862, 0x0862, 0x0862, 0x0862, 0x0862, 0x0862, 0x0862, 0x0862, 0x0862, 0x0862,
  0x0862, 0x0062, 0x0062, 0x0062, 0x0062, 0x0863, 0x0063, 0x0042, 0x0000, 0x0000, 0x0042, 0x118A,
  0x2B34, 0x3C9C, 0x3439, 0x1A4E, 0x0083, 0x0000, 0x0000, 0x0000, 0x0000, 0x0000, 0x0000, 0x0000,
  0x0000, 0x0000, 0x0000, 0x0000, 0x0000, 0x0000, 0x0000, 0x0000, 0x0000, 0x0000, 0x0000, 0x0000,
  0x0000, 0x0000, 0x0000, 0x0000, 0x0000, 0x0000, 0x0000, 0x0000, 0x0000, 0x0000, 0x0000, 0x0000,
  0x0000, 0x0000, 0x0000, 0x0000, 0x0000, 0x0000, 0x0000, 0x0000, 0x0000, 0x0000, 0x0000, 0x0000,
  0x0000, 0x0000, 0x0000, 0x0000, 0x0000, 0x0000, 0x0000, 0x0000, 0x0000, 0x0000, 0x0000, 0x0000,
  0x0000, 0x0000, 0x0000, 0x0000, 0x0000, 0x0000, 0x0000, 0x0000, 0x0000, 0x0000, 0x0000, 0x0000,
  0x0000, 0x0000, 0x0000, 0x0000, 0x0000, 0x0000, 0x0000, 0x0000, 0x0000, 0x0000, 0x0000, 0x0000,
  0x0000, 0x0000, 0x0000, 0x0000, 0x0000, 0x0000, 0x0000, 0x0000, 0x0000, 0x0000, 0x0000, 0x0000,
  0x0000, 0x0000, 0x0000, 0x0000, 0x0000, 0x0000, 0x0000, 0x0000, 0x0000, 0x0000, 0x0000, 0x0000,
  0x0000, 0x0000, 0x0000, 0x0000, 0x0000, 0x0000, 0x0000, 0x0000, 0x0000, 0x0000, 0x0000, 0x0000,
  0x0000, 0x0000, 0x0000, 0x0000, 0x0000, 0x0000, 0x0000, 0x0000, 0x0000, 0x0000, 0x0000, 0x0000,
  0x0000, 0x0000, 0x0000, 0x0000, 0x0000, 0x0000, 0x0000, 0x0000, 0x0000, 0x0000, 0x0000, 0x0000,
  0x0000, 0x0000, 0x0000, 0x0000, 0x0000, 0x0000, 0x0000, 0x0000, 0x0000, 0x0000, 0x0000, 0x0000,
  0x0000, 0x0000, 0x0000, 0x0000, 0x0000, 0x0000, 0x08A4, 0x1A6F, 0x3419, 0x3CBD, 0x3BF8, 0x226F,
  0x1106, 0x0842, 0x0821, 0x0862, 0x0883, 0x0883, 0x0883, 0x0883, 0x0883, 0x0883, 0x0883, 0x0883,
  0x0883, 0x0883, 0x0883, 0x0883, 0x0883, 0x0883, 0x0883, 0x0883, 0x0883, 0x0883, 0x0883, 0x0883,
  0x0883, 0x0883, 0x0883, 0x0883, 0x0883, 0x0883, 0x0883, 0x0883, 0x0883, 0x0883, 0x0883, 0x0883,
  0x0883, 0x0883, 0x0883, 0x0883, 0x0883, 0x0883, 0x0883, 0x0863, 0x0863, 0x0862, 0x0862, 0x0862,
  0x0862, 0x0862, 0x0862, 0x0862, 0x0862, 0x0862, 0x0862, 0x0862, 0x0862, 0x0862, 0x0862, 0x0862,
  0x0862, 0x0862, 0x0863, 0x0062, 0x0021, 0x0000, 0x0000, 0x0063, 0x11AA, 0x2B34, 0x3C5B, 0x343A,
  0x22F2, 0x1127, 0x0000, 0x0000, 0x0000, 0x0000, 0x0000, 0x0000, 0x0000, 0x0000, 0x0000, 0x0000,
  0x0000, 0x0000, 0x0000, 0x0000, 0x0000, 0x0000, 0x0000, 0x0000, 0x0000, 0x0000, 0x0000, 0x0000,
  0x0000, 0x0000, 0x0000, 0x0000, 0x0000, 0x0000, 0x0000, 0x0000, 0x0000, 0x0000, 0x0000, 0x0000,
  0x0000, 0x0000, 0x0000, 0x0000, 0x0000, 0x0000, 0x0000, 0x0000, 0x0000, 0x0000, 0x0000, 0x0000,
  0x0000, 0x0000, 0x0000, 0x0000, 0x0000, 0x0000, 0x0000, 0x0000, 0x0000, 0x0000, 0x0000, 0x0000,
  0x0000, 0x0000, 0x0000, 0x0000, 0x0000, 0x0000, 0x0000, 0x0000, 0x0000, 0x0000, 0x0000, 0x0000,
  0x0000, 0x0000, 0x0000, 0x0000, 0x0000, 0x0000, 0x0000, 0x0000, 0x0000, 0x0000, 0x0000, 0x0000,
  0x0000, 0x0000, 0x0000, 0x0000, 0x0000, 0x0000, 0x0000, 0x0000, 0x0000, 0x0000, 0x0000, 0x0000,
  0x0000, 0x0000, 0x0000, 0x0000, 0x0000, 0x0000, 0x0000, 0x0000, 0x0000, 0x0000, 0x0000, 0x0000,
  0x0000, 0x0000, 0x0000, 0x0000, 0x0000, 0x0000, 0x0000, 0x0000, 0x0000, 0x0000, 0x0000, 0x0000,
  0x0000, 0x0000, 0x0000, 0x0000, 0x0000, 0x0000, 0x0000, 0x0000, 0x0000, 0x0000, 0x0000, 0x0000,
  0x0000, 0x0000, 0x0000, 0x0000, 0x0000, 0x0000, 0x0000, 0x0000, 0x0000, 0x0000, 0x0000, 0x0000,
  0x0000, 0x0000, 0x0000, 0x0000, 0x0000, 0x0000, 0x0000, 0x0000, 0x0000, 0x0000, 0x0000, 0x0000,
  0x0000, 0x0000, 0x0000, 0x0000, 0x0000, 0x0000, 0x0000, 0x0000, 0x0000, 0x08E5, 0x22B0, 0x33F8,
  0x3C7C, 0x33D8, 0x226F, 0x1127, 0x0842, 0x0000, 0x0821, 0x0862, 0x0883, 0x08A3, 0x08A3, 0x0883,
  0x0883, 0x0883, 0x0883, 0x0883, 0x0883, 0x0883, 0x0883, 0x0883, 0x0883, 0x0883, 0x0883, 0x0883,
  0x0883, 0x0883, 0x0883, 0x0883, 0x0883, 0x0883, 0x0883, 0x0883, 0x0883, 0x0883, 0x0883, 0x0883,
  0x0883, 0x0883, 0x0883, 0x0863, 0x0863, 0x0863, 0x0863, 0x0862, 0x0863, 0x0862, 0x0862, 0x0862,
  0x0862, 0x0862, 0x0862, 0x0862, 0x0862, 0x0862, 0x0862, 0x0862, 0x0863, 0x0863, 0x0863, 0x0862,
  0x0041, 0x0000, 0x0000, 0x0021, 0x08C5, 0x1A2D, 0x3396, 0x3C7B, 0x3C5A, 0x2B12, 0x1148, 0x0000,
  0x0000, 0x0000, 0x0000, 0x0000, 0x0000, 0x0000, 0x0000, 0x0000, 0x0000, 0x0000, 0x0000, 0x0000,
  0x0000, 0x0000, 0x0000, 0x0000, 0x0000, 0x0000, 0x0000, 0x0000, 0x0000, 0x0000, 0x0000, 0x0000,
  0x0000, 0x0000, 0x0000, 0x0000, 0x0000, 0x0000, 0x0000, 0x0000, 0x0000, 0x0000, 0x0000, 0x0000,
  0x0000, 0x0000, 0x0000, 0x0000, 0x0000, 0x0000, 0x0000, 0x0000, 0x0000, 0x0000, 0x0000, 0x0000,
  0x0000, 0x0000, 0x0000, 0x0000, 0x0000, 0x0000, 0x0000, 0x0000, 0x0000, 0x0000, 0x0000, 0x0000,
  0x0000, 0x0000, 0x0000, 0x0000, 0x0000, 0x0000, 0x0000, 0x0000, 0x0000, 0x0000, 0x0000, 0x0000,
  0x0000, 0x0000, 0x0000, 0x0000, 0x0000, 0x0000, 0x0000, 0x0000, 0x0000, 0x0000, 0x0000, 0x0000,
  0x0000, 0x0000, 0x0000, 0x0000, 0x0000, 0x0000, 0x0000, 0x0000, 0x0000, 0x0000, 0x0000, 0x0000,
  0x0000, 0x0000, 0x0000, 0x0000, 0x0000, 0x0000, 0x0000, 0x0000, 0x0000, 0x0000, 0x0000, 0x0000,
  0x0000, 0x0000, 0x0000, 0x0000, 0x0000, 0x0000, 0x0000, 0x0000, 0x0000, 0x0000, 0x0000, 0x0000,
  0x0000, 0x0000, 0x0000, 0x0000, 0x0000, 0x0000, 0x0000, 0x0000, 0x0000, 0x0000, 0x0000, 0x0000,
  0x0000, 0x0000, 0x0000, 0x0000, 0x0000, 0x0000, 0x0000, 0x0000, 0x0000, 0x0000, 0x0000, 0x0000,
  0x0000, 0x0000, 0x0000, 0x0000, 0x0000, 0x0000, 0x0000, 0x0000, 0x0000, 0x0000, 0x0000, 0x0000,
  0x0000, 0x0000, 0x0000, 0x0000, 0x0000, 0x0000, 0x0000, 0x0000, 0x0000, 0x0000, 0x0000, 0x0000,
  0x08C5, 0x1A2D, 0x2B96, 0x3C7B, 0x343A, 0x2B34, 0x1A0D, 0x1106, 0x0862, 0x0021, 0x0821, 0x0841,
  0x0862, 0x0883, 0x0883, 0x0883, 0x0883, 0x0883, 0x0883, 0x0883, 0x0883, 0x0883, 0x0883, 0x0883,
  0x0883, 0x0883, 0x0883, 0x0883, 0x0883, 0x0883, 0x0883, 0x0883, 0x0883, 0x0883, 0x0883, 0x0883,
  0x0883, 0x0883, 0x0883, 0x0863, 0x0883, 0x0883, 0x0863, 0x0862, 0x0863, 0x0862, 0x0862, 0x0862,
  0x0862, 0x0862, 0x0862, 0x0863, 0x0863, 0x0863, 0x0863, 0x0842, 0x0021, 0x0000, 0x0000, 0x0021,
  0x08C5, 0x19CB, 0x2B13, 0x3419, 0x449C, 0x3418, 0x22B0, 0x0906, 0x0000, 0x0000, 0x0000, 0x0000,
  0x0000, 0x0000, 0x0000, 0x0000, 0x0000, 0x0000, 0x0000, 0x0000, 0x0000, 0x0000, 0x0000, 0x0000,
  0x0000, 0x0000, 0x0000, 0x0000, 0x0000, 0x0000, 0x0000, 0x0000, 0x0000, 0x0000, 0x0000, 0x0000,
  0x0000, 0x0000, 0x0000, 0x0000, 0x0000, 0x0000, 0x0000, 0x0000, 0x0000, 0x0000, 0x0000, 0x0000,
  0x0000, 0x0000, 0x0000, 0x0000, 0x0000, 0x0000, 0x0000, 0x0000, 0x0000, 0x0000, 0x0000, 0x0000,
  0x0000, 0x0000, 0x0000, 0x0000, 0x0000, 0x0000, 0x0000, 0x0000, 0x0000, 0x0000, 0x0000, 0x0000,
  0x0000, 0x0000, 0x0000, 0x0000, 0x0000, 0x0000, 0x0000, 0x0000, 0x0000, 0x0000, 0x0000, 0x0000,
  0x0000, 0x0000, 0x0000, 0x0000, 0x0000, 0x0000, 0x0000, 0x0000, 0x0000, 0x0000, 0x0000, 0x0000,
  0x0000, 0x0000, 0x0000, 0x0000, 0x0000, 0x0000, 0x0000, 0x0000, 0x0000, 0x0000, 0x0000, 0x0000,
  0x0000, 0x0000, 0x0000, 0x0000, 0x0000, 0x0000, 0x0000, 0x0000, 0x0000, 0x0000, 0x0000, 0x0000,
  0x0000, 0x0000, 0x0000, 0x0000, 0x0000, 0x0000, 0x0000, 0x0000, 0x0000, 0x0000, 0x0000, 0x0000,
  0x0000, 0x0000, 0x0000, 0x0000, 0x0000, 0x0000, 0x0000, 0x0000, 0x0000, 0x0000, 0x0000, 0x0000,
  0x0000, 0x0000, 0x0000, 0x0000, 0x0000, 0x0000, 0x0000, 0x0000, 0x0000, 0x0000, 0x0000, 0x0000,
  0x0000, 0x0000, 0x0000, 0x0000, 0x0000, 0x0000, 0x0000, 0x0000, 0x0000, 0x0000, 0x0000, 0x0000,
  0x0000, 0x0000, 0x0000, 0x0000, 0x0000, 0x0000, 0x0000, 0x0000, 0x0000, 0x0000, 0x0020, 0x0000,
  0x0000, 0x0000, 0x0000, 0x0042, 0x1169, 0x22B1, 0x2BD8, 0x345B, 0x343A, 0x2B75, 0x1A6F, 0x1169,
  0x08C4, 0x0842, 0x0021, 0x0820, 0x0821, 0x0842, 0x0862, 0x0883, 0x0883, 0x0883, 0x0883, 0x0883,
  0x0883, 0x0883, 0x0883, 0x0883, 0x0883, 0x0883, 0x0883, 0x0883, 0x0883, 0x0883, 0x0883, 0x0883,
  0x0883, 0x0883, 0x0883, 0x0863, 0x0863, 0x0883, 0x0883, 0x0863, 0x0883, 0x0863, 0x0863, 0x0863,
  0x0862, 0x0042, 0x0021, 0x0021, 0x0000, 0x0000, 0x0001, 0x0863, 0x1128, 0x1A2E, 0x2B54, 0x3439,
  0x3C9B, 0x3C3A, 0x2B34, 0x19EB, 0x08A3, 0x0000, 0x0000, 0x0000, 0x0000, 0x0000, 0x0000, 0x0000,
  0x0000, 0x0000, 0x0000, 0x0000, 0x0000, 0x0000, 0x0000, 0x0000, 0x0000, 0x0000, 0x0000, 0x0000,
  0x0000, 0x0000, 0x0000, 0x0000, 0x0000, 0x0000, 0x0000, 0x0000, 0x0000, 0x0000, 0x0000, 0x0000,
  0x0000, 0x0000, 0x0000, 0x0000, 0x0000, 0x0000, 0x0000, 0x0000, 0x0000, 0x0000, 0x0000, 0x0000,
  0x0000, 0x0000, 0x0000, 0x0000, 0x0000, 0x0000, 0x0000, 0x0000, 0x0000, 0x0000, 0x0000, 0x0000,
  0x0000, 0x0000, 0x0000, 0x0000, 0x0000, 0x0000, 0x0000, 0x0000, 0x0000, 0x0000, 0x0000, 0x0000,
  0x0000, 0x0000, 0x0000, 0x0000, 0x0000, 0x0000, 0x0000, 0x0000, 0x0000, 0x0000, 0x0000, 0x0000,
  0x0000, 0x0000, 0x0000, 0x0000, 0x0000, 0x0000, 0x0000, 0x0000, 0x0000, 0x0000, 0x0000, 0x0000,
  0x0000, 0x0000, 0x0000, 0x0000, 0x0000, 0x0000, 0x0000, 0x0000, 0x0000, 0x0000, 0x0000, 0x0000,
  0x0000, 0x0000, 0x0000, 0x0000, 0x0000, 0x0000, 0x0000, 0x0000, 0x0000, 0x0000, 0x0000, 0x0000,
  0x0000, 0x0000, 0x0000, 0x0000, 0x0000, 0x0000, 0x0000, 0x0000, 0x0000, 0x0000, 0x0000, 0x0000,
  0x0000, 0x0000, 0x0000, 0x0000, 0x0000, 0x0000, 0x0000, 0x0000, 0x0000, 0x0000, 0x0000, 0x0000,
  0x0000, 0x0000, 0x0000, 0x0000, 0x0000, 0x0000, 0x0000, 0x0000, 0x0000, 0x0000, 0x0000, 0x0000,
  0x0000, 0x0000, 0x0000, 0x0000, 0x0000, 0x0000, 0x0000, 0x0000, 0x0000, 0x0000, 0x0000, 0x0000,
  0x0000, 0x0000, 0x0000, 0x0000, 0x0000, 0x0000, 0x0000, 0x0000, 0x0000, 0x0000, 0x0000, 0x0000,
  0x0000, 0x0000, 0x0000, 0x0000, 0x0000, 0x0000, 0x0000, 0x0062, 0x1169, 0x22B0, 0x2BB6, 0x343A,
  0x345B, 0x3419, 0x2B75, 0x22B0, 0x19EC, 0x1127, 0x08A4, 0x0862, 0x0021, 0x0020, 0x0020, 0x0821,
  0x0821, 0x0841, 0x0842, 0x0862, 0x0862, 0x0863, 0x0883, 0x0883, 0x0883, 0x0883, 0x0883, 0x0883,
  0x0883, 0x0863, 0x0862, 0x0862, 0x0842, 0x0042, 0x0021, 0x0021, 0x0000, 0x0000, 0x0000, 0x0000,
  0x0021, 0x0883, 0x1106, 0x118A, 0x226F, 0x3354, 0x3BF8, 0x3C5B, 0x3C7B, 0x33F8, 0x2AF2, 0x11CB,
  0x08A4, 0x0000, 0x0000, 0x0000, 0x0000, 0x0000, 0x0000, 0x0000, 0x0000, 0x0000, 0x0000, 0x0000,
  0x0000, 0x0000, 0x0000, 0x0000, 0x0000, 0x0000, 0x0000, 0x0000, 0x0000, 0x0000, 0x0000, 0x0000,
  0x0000, 0x0000, 0x0000, 0x0000, 0x0000, 0x0000, 0x0000, 0x0000, 0x0000, 0x0000, 0x0000, 0x0000,
  0x0000, 0x0000, 0x0000, 0x0000, 0x0000, 0x0000, 0x0000, 0x0000, 0x0000, 0x0000, 0x0000, 0x0000,
  0x0000, 0x0000, 0x0000, 0x0000, 0x0000, 0x0000, 0x0000, 0x0000, 0x0000, 0x0000, 0x0000, 0x0000,
  0x0000, 0x0000, 0x0000, 0x0000, 0x0000, 0x0000, 0x0000, 0x0000, 0x0000, 0x0000, 0x0000, 0x0000,
  0x0000, 0x0000, 0x0000, 0x0000, 0x0000, 0x0000, 0x0000, 0x0000, 0x0000, 0x0000, 0x0000, 0x0000,
  0x0000, 0x0000, 0x0000, 0x0000, 0x0000, 0x0000, 0x0000, 0x0000, 0x0000, 0x0000, 0x0000, 0x0000,
  0x0000, 0x0000, 0x0000, 0x0000, 0x0000, 0x0000, 0x0000, 0x0000, 0x0000, 0x0000, 0x0000, 0x0000,
  0x0000, 0x0000, 0x0000, 0x0000, 0x0000, 0x0000, 0x0000, 0x0000, 0x0000, 0x0000, 0x0000, 0x0000,
  0x0000, 0x0000, 0x0000, 0x0000, 0x0000, 0x0000, 0x0000, 0x0000, 0x0000, 0x0000, 0x0000, 0x0000,
  0x0000, 0x0000, 0x0000, 0x0000, 0x0000, 0x0000, 0x0000, 0x0000, 0x0000, 0x0000, 0x0000, 0x0000,
  0x0000, 0x0000, 0x0000, 0x0000, 0x0000, 0x0000, 0x0000, 0x0000, 0x0000, 0x0000, 0x0000, 0x0000,
  0x0000, 0x0000, 0x0000, 0x0000, 0x0000, 0x0000, 0x0000, 0x0000, 0x0000, 0x0000, 0x0000, 0x0000,
  0x0000, 0x0000, 0x0000, 0x0000, 0x0000, 0x0000, 0x0000, 0x0000, 0x0000, 0x0000, 0x0000, 0x0000,
  0x0000, 0x0000, 0x0000, 0x0000, 0x0000, 0x0000, 0x0000, 0x0000, 0x0000, 0x0000, 0x0000, 0x0020,
  0x08C5, 0x11AA, 0x228F, 0x2B55, 0x3418, 0x3C7A, 0x345B, 0x3439, 0x33D7, 0x2B55, 0x22D2, 0x224E,
  0x19EC, 0x1989, 0x1148, 0x1106, 0x08C5, 0x08A4, 0x0883, 0x0883, 0x0862, 0x0862, 0x0862, 0x0863,
  0x0863, 0x0883, 0x08A4, 0x08A4, 0x08E6, 0x1127, 0x1169, 0x19CB, 0x222D, 0x22B1, 0x2B34, 0x3396,
  0x3419, 0x3C7B, 0x3C7B, 0x3C39, 0x2B96, 0x2AF1, 0x1A0C, 0x0906, 0x0041, 0x0000, 0x0000, 0x0000,
  0x0000, 0x0000, 0x0000, 0x0000, 0x0000, 0x0000, 0x0000, 0x0000, 0x0000, 0x0000, 0x0000, 0x0000,
  0x0000, 0x0000, 0x0000, 0x0000, 0x0000, 0x0000, 0x0000, 0x0000, 0x0000, 0x0000, 0x0000, 0x0000,
  0x0000, 0x0000, 0x0000, 0x0000, 0x0000, 0x0000, 0x0000, 0x0000, 0x0000, 0x0000, 0x0000, 0x0000,
  0x0000, 0x0000, 0x0000, 0x0000, 0x0000, 0x0000, 0x0000, 0x0000, 0x0000, 0x0000, 0x0000, 0x0000,
  0x0000, 0x0000, 0x0000, 0x0000, 0x0000, 0x0000, 0x0000, 0x0000, 0x0000, 0x0000, 0x0000, 0x0000,
  0x0000, 0x0000, 0x0000, 0x0000, 0x0000, 0x0000, 0x0000, 0x0000, 0x0000, 0x0000, 0x0000, 0x0000,
  0x0000, 0x0000, 0x0000, 0x0000, 0x0000, 0x0000, 0x0000, 0x0000, 0x0000, 0x0000, 0x0000, 0x0000,
  0x0000, 0x0000, 0x0000, 0x0000, 0x0000, 0x0000, 0x0000, 0x0000, 0x0000, 0x0000, 0x0000, 0x0000,
  0x0000, 0x0000, 0x0000, 0x0000, 0x0000, 0x0000, 0x0000, 0x0000, 0x0000, 0x0000, 0x0000, 0x0000,
  0x0000, 0x0000, 0x0000, 0x0000, 0x0000, 0x0000, 0x0000, 0x0000, 0x0000, 0x0000, 0x0000, 0x0000,
  0x0000, 0x0000, 0x0000, 0x0000, 0x0000, 0x0000, 0x0000, 0x0000, 0x0000, 0x0000, 0x0000, 0x0000,
  0x0000, 0x0000, 0x0000, 0x0000, 0x0000, 0x0000, 0x0000, 0x0000, 0x0000, 0x0000, 0x0000, 0x0000,
  0x0000, 0x0000, 0x0000, 0x0000, 0x0000, 0x0000, 0x0000, 0x0000, 0x0000, 0x0000, 0x0000, 0x0000,
  0x0000, 0x0000, 0x0000, 0x0000, 0x0000, 0x0000, 0x0000, 0x0000, 0x0000, 0x0000, 0x0000, 0x0000,
  0x0000, 0x0000, 0x0000, 0x0000, 0x0000, 0x0000, 0x0000, 0x0000, 0x0000, 0x0000, 0x0000, 0x0000,
  0x0000, 0x0000, 0x0000, 0x0000, 0x0000, 0x0000, 0x0000, 0x0000, 0x0000, 0x0000, 0x0000, 0x0000,
  0x0000, 0x0000, 0x0000, 0x0000, 0x0000, 0x0041, 0x08C5, 0x1169, 0x1A0C, 0x22B0, 0x2B34, 0x2BB6,
  0x33F8, 0x3C39, 0x3C5A, 0x3C7B, 0x345B, 0x343B, 0x343B, 0x343B, 0x343A, 0x3C3A, 0x3C3A, 0x3C3A,
  0x341A, 0x343A, 0x345B, 0x343B, 0x345B, 0x3C5B, 0x3C3A, 0x3C19, 0x33D7, 0x2B55, 0x22D1, 0x1A2D,
  0x118A, 0x08E6, 0x0062, 0x0000, 0x0000, 0x0000, 0x0000, 0x0000, 0x0000, 0x0000, 0x0000, 0x0000,
  0x0000, 0x0000, 0x0000, 0x0000, 0x0000, 0x0000, 0x0000, 0x0000, 0x0000, 0x0000, 0x0000, 0x0000,
  0x0000, 0x0000, 0x0000, 0x0000, 0x0000, 0x0000, 0x0000, 0x0000, 0x0000, 0x0000, 0x0000, 0x0000,
  0x0000, 0x0000, 0x0000, 0x0000, 0x0000, 0x0000, 0x0000, 0x0000, 0x0000, 0x0000, 0x0000, 0x0000,
  0x0000, 0x0000, 0x0000, 0x0000, 0x0000, 0x0000, 0x0000, 0x0000, 0x0000, 0x0000, 0x0000, 0x0000,
  0x0000, 0x0000, 0x0000, 0x0000, 0x0000, 0x0000, 0x0000, 0x0000, 0x0000, 0x0000, 0x0000, 0x0000,
  0x0000, 0x0000, 0x0000, 0x0000, 0x0000, 0x0000, 0x0000, 0x0000, 0x0000, 0x0000, 0x0000, 0x0000,
  0x0000, 0x0000, 0x0000, 0x0000, 0x0000, 0x0000, 0x0000, 0x0000, 0x0000, 0x0000, 0x0000, 0x0000,
  0x0000, 0x0000, 0x0000, 0x0000, 0x0000, 0x0000, 0x0000, 0x0000, 0x0000, 0x0000, 0x0000, 0x0000,
  0x0000, 0x0000, 0x0000, 0x0000, 0x0000, 0x0000, 0x0000, 0x0000, 0x0000, 0x0000, 0x0000, 0x0000,
  0x0000, 0x0000, 0x0000, 0x0000, 0x0000, 0x0000, 0x0000, 0x0000, 0x0000, 0x0000, 0x0000, 0x0000,
  0x0000, 0x0000, 0x0000, 0x0000, 0x0000, 0x0000, 0x0000, 0x0000, 0x0000, 0x0000, 0x0000, 0x0000,
  0x0000, 0x0000, 0x0000, 0x0000, 0x0000, 0x0000, 0x0000, 0x0000, 0x0000, 0x0000, 0x0000, 0x0000,
  0x0000, 0x0000, 0x0000, 0x0000, 0x0000, 0x0000, 0x0000, 0x0000, 0x0000, 0x0000, 0x0000, 0x0000,
  0x0000, 0x0000, 0x0000, 0x0000, 0x0000, 0x0000, 0x0000, 0x0000, 0x0000, 0x0000, 0x0000, 0x0000,
  0x0000, 0x0000, 0x0000, 0x0000, 0x0000, 0x0000, 0x0000, 0x0000, 0x0000, 0x0000, 0x0000, 0x0000,
  0x0000, 0x0000, 0x0000, 0x0000, 0x0000, 0x0000, 0x0000, 0x0000, 0x0000, 0x0000, 0x0000, 0x0000,
  0x0000, 0x0000, 0x0000, 0x0000, 0x0000, 0x0000, 0x0000, 0x0000, 0x0000, 0x0000, 0x0000, 0x0000,
  0x0000, 0x0000, 0x0021, 0x0062, 0x08A4, 0x08E5, 0x0906, 0x0927, 0x1148, 0x1168, 0x1168, 0x1148,
  0x1127, 0x0906, 0x08E5, 0x08A4, 0x0083, 0x0041, 0x0000, 0x0000, 0x0000, 0x0000, 0x0000, 0x0000,
  0x0000, 0x0000, 0x0000, 0x0000, 0x0000, 0x0020, 0x0000, 0x0000, 0x0000, 0x0000, 0x0000, 0x0000,
  0x0000, 0x0000, 0x0000, 0x0000, 0x0000, 0x0000, 0x0000, 0x0000, 0x0000, 0x0000, 0x0000, 0x0000,
  0x0000, 0x0000, 0x0000, 0x0000, 0x0000, 0x0000, 0x0000, 0x0000, 0x0000, 0x0000, 0x0000, 0x0000,
  0x0000, 0x0000, 0x0000, 0x0000, 0x0000, 0x0000, 0x0000, 0x0000, 0x0000, 0x0000, 0x0000, 0x0000,
  0x0000, 0x0000, 0x0000, 0x0000, 0x0000, 0x0000, 0x0000, 0x0000, 0x0000, 0x0000, 0x0000, 0x0000,
  0x0000, 0x0000, 0x0000, 0x0000, 0x0000, 0x0000, 0x0000, 0x0000, 0x0000, 0x0000, 0x0000, 0x0000,
  0x0000, 0x0000, 0x0000, 0x0000, 0x0000, 0x0000, 0x0000, 0x0000, 0x0000, 0x0000, 0x0000, 0x0000,
  0x0000, 0x0000, 0x0000, 0x0000, 0x0000, 0x0000, 0x0000, 0x0000, 0x0000, 0x0000, 0x0000, 0x0000,
  0x0000, 0x0000, 0x0000, 0x0000, 0x0000, 0x0000, 0x0000, 0x0000, 0x0000, 0x0000, 0x0000, 0x0000,
  0x0000, 0x0000, 0x0000, 0x0000, 0x0000, 0x0000, 0x0000, 0x0000, 0x0000, 0x0000, 0x0000, 0x0000,
  0x0000, 0x0000, 0x0000, 0x0000, 0x0000, 0x0000, 0x0000, 0x0000, 0x0000, 0x0000, 0x0000, 0x0000,
  0x0000, 0x0000, 0x0000, 0x0000, 0x0000, 0x0000, 0x0000, 0x0000, 0x0000, 0x0000, 0x0000, 0x0000,
  0x0000, 0x0000, 0x0000, 0x0000, 0x0000, 0x0000, 0x0000, 0x0000, 0x0000, 0x0000, 0x0000, 0x0000,
  0x0000, 0x0000, 0x0000, 0x0000, 0x0000, 0x0000, 0x0000, 0x0000, 0x0000, 0x0000, 0x0000, 0x0000,
  0x0000, 0x0000, 0x0000, 0x0000, 0x0000, 0x0000, 0x0000, 0x0000, 0x0000, 0x0000, 0x0000, 0x0000,
  0x0000, 0x0000, 0x0000, 0x0000, 0x0000, 0x0000, 0x0000, 0x0000, 0x0000, 0x0000, 0x0000, 0x0000,
  0x0000, 0x0000, 0x0000, 0x0000, 0x0000, 0x0000, 0x0000, 0x0000, 0x0000, 0x0000, 0x0000, 0x0000,
  0x0000, 0x0000, 0x0000, 0x0000, 0x0000, 0x0000, 0x0000, 0x0000, 0x0000, 0x0000, 0x0000, 0x0000,
  0x0000, 0x0000, 0x0000, 0x0000, 0x0000, 0x0000, 0x0000, 0x0000, 0x0000, 0x0000, 0x0000, 0x0000,
  0x0000, 0x0000, 0x0000, 0x0000, 0x0000, 0x0000, 0x0000, 0x0000, 0x0000, 0x0000, 0x0000, 0x0000,
  0x0000, 0x0000, 0x0000, 0x0000, 0x0000, 0x0000, 0x0000, 0x0000, 0x0000, 0x0000, 0x0000, 0x0000,
  0x0000, 0x0000, 0x0000, 0x0000, 0x0000, 0x0000, 0x0000, 0x0000, 0x0000, 0x0000, 0x0000, 0x0000,
  0x0000, 0x0000, 0x0000, 0x0000, 0x0000, 0x0000, 0x0000, 0x0000, 0x0000, 0x0000, 0x0000, 0x0000,
  0x0000, 0x0000, 0x0000, 0x0000, 0x0000, 0x0000, 0x0000, 0x0000, 0x0000, 0x0000, 0x0000, 0x0000,
  0x0000, 0x0000, 0x0000, 0x0000, 0x0000, 0x0000, 0x0000, 0x0000, 0x0000, 0x0000, 0x0000, 0x0000,
  0x0000, 0x0000, 0x0000, 0x0000, 0x0000, 0x0000, 0x0000, 0x0000, 0x0000, 0x0000, 0x0000, 0x0000,
  0x0000, 0x0000, 0x0000, 0x0000, 0x0000, 0x0000, 0x0000, 0x0000, 0x0000, 0x0000, 0x0000, 0x0000,
  0x0000, 0x0000, 0x0000, 0x0000, 0x0000, 0x0000, 0x0000, 0x0000, 0x0000, 0x0000, 0x0000, 0x0000,
  0x0000, 0x0000, 0x0000, 0x0000, 0x0000, 0x0000, 0x0000, 0x0000, 0x0000, 0x0000, 0x0000, 0x0000,
  0x0000, 0x0000, 0x0000, 0x0000, 0x0000, 0x0000, 0x0000, 0x0000, 0x0000, 0x0000, 0x0000, 0x0000,
  0x0000, 0x0000, 0x0000, 0x0000, 0x0000, 0x0000, 0x0000, 0x0000, 0x0000, 0x0000, 0x0000, 0x0000,
  0x0000, 0x0000, 0x0000, 0x0000, 0x0000, 0x0000, 0x0000, 0x0000, 0x0000, 0x0000, 0x0000, 0x0000,
  0x0000, 0x0000, 0x0000, 0x0000, 0x0000, 0x0000, 0x0000, 0x0000, 0x0000, 0x0000, 0x0000, 0x0000,
  0x0000, 0x0000, 0x0000, 0x0000, 0x0000, 0x0000, 0x0000, 0x0000, 0x0000, 0x0000, 0x0000, 0x0000,
  0x0000, 0x0000, 0x0000, 0x0000, 0x0000, 0x0000, 0x0000, 0x0000, 0x0000, 0x0000, 0x0000, 0x0000,
  0x0000, 0x0000, 0x0000, 0x0000, 0x0000, 0x0000, 0x0000, 0x0000, 0x0000, 0x0000, 0x0000, 0x0000,
  0x0000, 0x0000, 0x0000, 0x0000, 0x0000, 0x0000, 0x0000, 0x0000, 0x0000, 0x0000, 0x0000, 0x0000,
  0x0000, 0x0000, 0x0000, 0x0000, 0x0000, 0x0000, 0x0000, 0x0000, 0x0000, 0x0000, 0x0000, 0x0000,
  0x0000, 0x0000, 0x0000, 0x0000, 0x0000, 0x0000, 0x0000, 0x0000, 0x0000, 0x0000, 0x0000, 0x0000,
  0x0000, 0x0000, 0x0000, 0x0000, 0x0000, 0x0000, 0x0000, 0x0000, 0x0000, 0x0000, 0x0000, 0x0000,
  0x0000, 0x0000, 0x0000, 0x0000, 0x0000, 0x0000, 0x0000, 0x0000, 0x0000, 0x0000, 0x0000, 0x0000,
  0x0000, 0x0000, 0x0000, 0x0000, 0x0000, 0x0000, 0x0000, 0x0000, 0x0000, 0x0000, 0x0000, 0x0000,
  0x0000, 0x0000, 0x0000, 0x0000, 0x0000, 0x0000, 0x0000, 0x0000, 0x0000, 0x0000, 0x0000, 0x0000,
  0x0000, 0x0000, 0x0000, 0x0000, 0x0000, 0x0000, 0x0000, 0x0000, 0x0000, 0x0000, 0x0000, 0x0000,
  0x0000, 0x0000, 0x0000, 0x0000, 0x0000, 0x0000, 0x0000, 0x0000, 0x0000, 0x0000, 0x0000, 0x0000,
  0x0000, 0x0000, 0x0000, 0x0000, 0x0000, 0x0000, 0x0000, 0x0000, 0x0000, 0x0000, 0x0000, 0x0000,
  0x0000, 0x0000, 0x0000, 0x0000, 0x0000, 0x0000, 0x0000, 0x0000, 0x0000, 0x0000, 0x0000, 0x0000,
  0x0000, 0x0000, 0x0000, 0x0000, 0x0000, 0x0000, 0x0000, 0x0000, 0x0000, 0x0000, 0x0000, 0x0000,
  0x0000, 0x0000, 0x0000, 0x0000, 0x0000, 0x0000, 0x0000, 0x0000, 0x0000, 0x0000, 0x0000, 0x0000,



};
