

#define IMAGE_WIDTH 240
#define IMAGE_HEIGHT 240
const uint16_t meditation_data[IMAGE_WIDTH * IMAGE_HEIGHT] PROGMEM = {

  0x0000, 0x0000, 0x0000, 0x0000, 0x0000, 0x0000, 0x0000, 0x0000, 0x0000, 0x0000, 0x0000, 0x0000,
  0x0000, 0x0000, 0x0000, 0x0000, 0x0000, 0x0000, 0x0000, 0x0000, 0x0000, 0x0000, 0x0000, 0x0000,
  0x0000, 0x0000, 0x0000, 0x0000, 0x0000, 0x0000, 0x0000, 0x0000, 0x0000, 0x0000, 0x0000, 0x0000,
  0x0000, 0x0000, 0x0000, 0x0000, 0x0000, 0x0000, 0x0000, 0x0000, 0x0000, 0x0000, 0x0000, 0x0000,
  0x0000, 0x0000, 0x0000, 0x0000, 0x0000, 0x0000, 0x0000, 0x0000, 0x0000, 0x0000, 0x0000, 0x0000,
  0x0000, 0x0000, 0x0000, 0x0000, 0x0000, 0x0000, 0x0000, 0x0000, 0x0000, 0x0000, 0x0000, 0x0000,
  0x0000, 0x0000, 0x0000, 0x0000, 0x0000, 0x0000, 0x0000, 0x0000, 0x0000, 0x0000, 0x0000, 0x0000,
  0x0000, 0x0000, 0x0000, 0x0000, 0x0000, 0x0020, 0x0000, 0x0000, 0x0000, 0x0000, 0x0000, 0x0000,
  0x08C5, 0x19EB, 0x22F1, 0x2BD6, 0x3479, 0x34DC, 0x34DC, 0x3459, 0x2BB5, 0x2312, 0x1A2C, 0x2A6F,
  0x641B, 0x745C, 0x218B, 0x2149, 0x7C3D, 0x2129, 0x0084, 0x1A0C, 0x43D3, 0x5C96, 0xA63E, 0x95BC,
  0x4C15, 0x22CF, 0x00A5, 0x0021, 0x08A4, 0x0063, 0x0063, 0x0000, 0x10C5, 0x5B76, 0x745D, 0x853D,
  0x859D, 0x85FE, 0x759F, 0x44FE, 0x455F, 0x3CBC, 0x2C38, 0x1B33, 0x124C, 0x0947, 0x0062, 0x0000,
  0x0000, 0x0000, 0x0000, 0x0000, 0x0000, 0x0020, 0x0000, 0x0000, 0x0000, 0x0000, 0x0000, 0x0000,
  0x0000, 0x0000, 0x0000, 0x0000, 0x0000, 0x0000, 0x0000, 0x0000, 0x0000, 0x0000, 0x0000, 0x0000,
  0x0000, 0x0000, 0x0000, 0x0000, 0x0000, 0x0000, 0x0000, 0x0000, 0x0000, 0x0000, 0x0000, 0x0000,
  0x0000, 0x0000, 0x0000, 0x0000, 0x0000, 0x0000, 0x0000, 0x0000, 0x0000, 0x0000, 0x0000, 0x0000,
  0x0000, 0x0000, 0x0000, 0x0000, 0x0000, 0x0000, 0x0000, 0x0000, 0x0000, 0x0000, 0x0000, 0x0000,
  0x0000, 0x0000, 0x0000, 0x0000, 0x0000, 0x0000, 0x0000, 0x0000, 0x0000, 0x0000, 0x0000, 0x0000,
  0x0000, 0x0000, 0x0000, 0x0000, 0x0000, 0x0000, 0x0000, 0x0000, 0x0000, 0x0000, 0x0000, 0x0000,
  0x0000, 0x0000, 0x0000, 0x0000, 0x0000, 0x0000, 0x0000, 0x0000, 0x0000, 0x0000, 0x0000, 0x0000,
  0x0000, 0x0000, 0x0000, 0x0000, 0x0000, 0x0000, 0x0000, 0x0000, 0x0000, 0x0000, 0x0000, 0x0000,
  0x0000, 0x0000, 0x0000, 0x0000, 0x0000, 0x0000, 0x0000, 0x0000, 0x0000, 0x0000, 0x0000, 0x0000,
  0x0000, 0x0000, 0x0000, 0x0000, 0x0000, 0x0000, 0x0000, 0x0000, 0x0000, 0x0000, 0x0000, 0x0000,
  0x0000, 0x0000, 0x0000, 0x0000, 0x0000, 0x0000, 0x0000, 0x0000, 0x0000, 0x0000, 0x0000, 0x0000,
  0x0000, 0x0000, 0x0000, 0x0000, 0x0000, 0x0000, 0x0000, 0x0000, 0x0000, 0x0000, 0x0000, 0x0000,
  0x0000, 0x0000, 0x0000, 0x0000, 0x0000, 0x0000, 0x0000, 0x0000, 0x0000, 0x0000, 0x0000, 0x0000,
  0x0000, 0x0000, 0x0000, 0x0000, 0x0000, 0x0000, 0x0000, 0x0000, 0x0000, 0x0000, 0x0000, 0x0000,
  0x0000, 0x0000, 0x0000, 0x0000, 0x0000, 0x0000, 0x0000, 0x0062, 0x1188, 0x22D0, 0x2BF6, 0x3C99,
  0x34BA, 0x3437, 0x2B94, 0x22F1, 0x11EB, 0x0926, 0x0883, 0x0021, 0x0000, 0x0000, 0x0000, 0x4230,
  0x7C1B, 0x52F4, 0x0000, 0x31CC, 0x6BBA, 0x0863, 0x0000, 0x0021, 0x0042, 0x0022, 0x7C3A, 0x4A90,
  0x0000, 0x0000, 0x0001, 0x0063, 0x0021, 0x0000, 0x0063, 0x2148, 0x5B34, 0x94DB, 0xAD9C, 0xAD7B,
  0xB5BC, 0xAD7B, 0x73D7, 0xA57E, 0x5B72, 0x5395, 0xAE7F, 0x8DFF, 0x655F, 0x553D, 0x44BB, 0x23D7,
  0x12D1, 0x11EB, 0x08E5, 0x0020, 0x0000, 0x0000, 0x0000, 0x0000, 0x0020, 0x0000, 0x0000, 0x0000,
  0x0000, 0x0000, 0x0000, 0x0000, 0x0000, 0x0000, 0x0000, 0x0000, 0x0000, 0x0000, 0x0000, 0x0000,
  0x0000, 0x0000, 0x0000, 0x0000, 0x0000, 0x0000, 0x0000, 0x0000, 0x0000, 0x0000, 0x0000, 0x0000,
  0x0000, 0x0000, 0x0000, 0x0000, 0x0000, 0x0000, 0x0000, 0x0000, 0x0000, 0x0000, 0x0000, 0x0000,
  0x0000, 0x0000, 0x0000, 0x0000, 0x0000, 0x0000, 0x0000, 0x0000, 0x0000, 0x0000, 0x0000, 0x0000,
  0x0000, 0x0000, 0x0000, 0x0000, 0x0000, 0x0000, 0x0000, 0x0000, 0x0000, 0x0000, 0x0000, 0x0000,
  0x0000, 0x0000, 0x0000, 0x0000, 0x0000, 0x0000, 0x0000, 0x0000, 0x0000, 0x0000, 0x0000, 0x0000,
  0x0000, 0x0000, 0x0000, 0x0000, 0x0000, 0x0000, 0x0000, 0x0000, 0x0000, 0x0000, 0x0000, 0x0000,
  0x0000, 0x0000, 0x0000, 0x0000, 0x0000, 0x0000, 0x0000, 0x0000, 0x0000, 0x0000, 0x0000, 0x0000,
  0x0000, 0x0000, 0x0000, 0x0000, 0x0000, 0x0000, 0x0000, 0x0000, 0x0000, 0x0000, 0x0000, 0x0000,
  0x0000, 0x0000, 0x0000, 0x0000, 0x0000, 0x0000, 0x0000, 0x0000, 0x0000, 0x0000, 0x0000, 0x0000,
  0x0000, 0x0000, 0x0000, 0x0000, 0x0000, 0x0000, 0x0000, 0x0000, 0x0000, 0x0000, 0x0000, 0x0000,
  0x0000, 0x0000, 0x0000, 0x0000, 0x0000, 0x0000, 0x0000, 0x0000, 0x0000, 0x0000, 0x0000, 0x0000,
  0x0000, 0x0000, 0x0000, 0x0000, 0x0000, 0x0000, 0x0000, 0x0000, 0x0000, 0x0000, 0x0000, 0x0000,
  0x0000, 0x0000, 0x0000, 0x0000, 0x0000, 0x0000, 0x0000, 0x0000, 0x0000, 0x0000, 0x0020, 0x0000,
  0x0000, 0x0000, 0x0000, 0x0042, 0x0988, 0x2311, 0x3458, 0x3CFB, 0x3CBA, 0x2BB4, 0x1A6D, 0x1147,
  0x0083, 0x0000, 0x0000, 0x0000, 0x0000, 0x0000, 0x0021, 0x0021, 0x0042, 0x0021, 0x10A5, 0x6BD9,
  0x6398, 0x10A5, 0x0000, 0x3A2F, 0x4A92, 0x0000, 0x0042, 0x0041, 0x0021, 0x0000, 0x6334, 0x2969,
  0x0000, 0x0062, 0x0042, 0x0042, 0x0884, 0x298A, 0x5B14, 0x6BD8, 0x5B35, 0xA57C, 0xBE3D, 0x94FB,
  0x94DD, 0x4251, 0x4AB1, 0xB5DF, 0x31A9, 0x8415, 0xCE3E, 0xA51C, 0x8CDB, 0x7C56, 0x2168, 0x7CFB,
  0x8E3F, 0x75FF, 0x4D3D, 0x3479, 0x1B74, 0x0A0B, 0x00C4, 0x0000, 0x0000, 0x0000, 0x0000, 0x0000,
  0x0000, 0x0000, 0x0000, 0x0000, 0x0000, 0x0000, 0x0000, 0x0000, 0x0000, 0x0000, 0x0000, 0x0000,
  0x0000, 0x0000, 0x0000, 0x0000, 0x0000, 0x0000, 0x0000, 0x0000, 0x0000, 0x0000, 0x0000, 0x0000,
  0x0000, 0x0000, 0x0000, 0x0000, 0x0000, 0x0000, 0x0000, 0x0000, 0x0000, 0x0000, 0x0000, 0x0000,
  0x0000, 0x0000, 0x0000, 0x0000, 0x0000, 0x0000, 0x0000, 0x0000, 0x0000, 0x0000, 0x0000, 0x0000,
  0x0000, 0x0000, 0x0000, 0x0000, 0x0000, 0x0000, 0x0000, 0x0000, 0x0000, 0x0000, 0x0000, 0x0000,
  0x0000, 0x0000, 0x0000, 0x0000, 0x0000, 0x0000, 0x0000, 0x0000, 0x0000, 0x0000, 0x0000, 0x0000,
  0x0000, 0x0000, 0x0000, 0x0000, 0x0000, 0x0000, 0x0000, 0x0000, 0x0000, 0x0000, 0x0000, 0x0000,
  0x0000, 0x0000, 0x0000, 0x0000, 0x0000, 0x0000, 0x0000, 0x0000, 0x0000, 0x0000, 0x0000, 0x0000,
  0x0000, 0x0000, 0x0000, 0x0000, 0x0000, 0x0000, 0x0000, 0x0000, 0x0000, 0x0000, 0x0000, 0x0000,
  0x0000, 0x0000, 0x0000, 0x0000, 0x0000, 0x0000, 0x0000, 0x0000, 0x0000, 0x0000, 0x0000, 0x0000,
  0x0000, 0x0000, 0x0000, 0x0000, 0x0000, 0x0000, 0x0000, 0x0000, 0x0000, 0x0000, 0x0000, 0x0000,
  0x0000, 0x0000, 0x0000, 0x0000, 0x0000, 0x0000, 0x0000, 0x0000, 0x0000, 0x0000, 0x0000, 0x0000,
  0x0000, 0x0000, 0x0000, 0x0000, 0x0000, 0x0000, 0x0000, 0x0000, 0x0000, 0x0000, 0x0000, 0x0000,
  0x0000, 0x0000, 0x0000, 0x0000, 0x0000, 0x0000, 0x0000, 0x0020, 0x0000, 0x0000, 0x0000, 0x0000,
  0x08C4, 0x1A6D, 0x2BF6, 0x349B, 0x3459, 0x2B74, 0x226E, 0x1988, 0x0883, 0x0000, 0x0000, 0x0000,
  0x0021, 0x0042, 0x0042, 0x0042, 0x0042, 0x0042, 0x0022, 0x0021, 0x0042, 0x0000, 0x29AC, 0x741C,
  0x298B, 0x0000, 0x0000, 0x3A0D, 0x296A, 0x0000, 0x0042, 0x0021, 0x0021, 0x0000, 0x31CC, 0x10C5,
  0x0000, 0x0021, 0x0001, 0x0884, 0x29AB, 0x29AB, 0x10A4, 0x0863, 0x530F, 0x4AD0, 0x426F, 0x8CBD,
  0x6356, 0x1949, 0x9CFC, 0x8439, 0x4270, 0x9D1D, 0x849A, 0x6BD5, 0x8CF8, 0x73F6, 0x6B75, 0x9CDA,
  0xBDDB, 0xB5DE, 0x6393, 0x5395, 0x6D1F, 0x65BF, 0x4D5E, 0x3C99, 0x2BB4, 0x11EB, 0x0062, 0x0000,
  0x0000, 0x0000, 0x0000, 0x0020, 0x0000, 0x0000, 0x0000, 0x0000, 0x0000, 0x0000, 0x0000, 0x0000,
  0x0000, 0x0000, 0x0000, 0x0000, 0x0000, 0x0000, 0x0000, 0x0000, 0x0000, 0x0000, 0x0000, 0x0000,
  0x0000, 0x0000, 0x0000, 0x0000, 0x0000, 0x0000, 0x0000, 0x0000, 0x0000, 0x0000, 0x0000, 0x0000,
  0x0000, 0x0000, 0x0000, 0x0000, 0x0000, 0x0000, 0x0000, 0x0000, 0x0000, 0x0000, 0x0000, 0x0000,
  0x0000, 0x0000, 0x0000, 0x0000, 0x0000, 0x0000, 0x0000, 0x0000, 0x0000, 0x0000, 0x0000, 0x0000,
  0x0000, 0x0000, 0x0000, 0x0000, 0x0000, 0x0000, 0x0000, 0x0000, 0x0000, 0x0000, 0x0000, 0x0000,
  0x0000, 0x0000, 0x0000, 0x0000, 0x0000, 0x0000, 0x0000, 0x0000, 0x0000, 0x0000, 0x0000, 0x0000,
  0x0000, 0x0000, 0x0000, 0x0000, 0x0000, 0x0000, 0x0000, 0x0000, 0x0000, 0x0000, 0x0000, 0x0000,
  0x0000, 0x0000, 0x0000, 0x0000, 0x0000, 0x0000, 0x0000, 0x0000, 0x0000, 0x0000, 0x0000, 0x0000,
  0x0000, 0x0000, 0x0000, 0x0000, 0x0000, 0x0000, 0x0000, 0x0000, 0x0000, 0x0000, 0x0000, 0x0000,
  0x0000, 0x0000, 0x0000, 0x0000, 0x0000, 0x0000, 0x0000, 0x0000, 0x0000, 0x0000, 0x0000, 0x0000,
  0x0000, 0x0000, 0x0000, 0x0000, 0x0000, 0x0000, 0x0000, 0x0000, 0x0000, 0x0000, 0x0000, 0x0000,
  0x0000, 0x0000, 0x0000, 0x0000, 0x0000, 0x0000, 0x0000, 0x0000, 0x0000, 0x0000, 0x0000, 0x0000,
  0x0000, 0x0000, 0x0000, 0x0000, 0x0020, 0x0000, 0x0000, 0x0000, 0x0000, 0x0906, 0x1ACF, 0x3458,
  0x453D, 0x3CBA, 0x22D0, 0x0906, 0x0001, 0x0000, 0x0021, 0x0042, 0x0042, 0x0042, 0x0042, 0x0042,
  0x0041, 0x0021, 0x0021, 0x0021, 0x0021, 0x0021, 0x0021, 0x0021, 0x0042, 0x0000, 0x5B36, 0x4251,
  0x0000, 0x0042, 0x0000, 0x2168, 0x08A4, 0x0000, 0x0021, 0x0021, 0x0021, 0x0000, 0x0883, 0x0063,
  0x0062, 0x10A4, 0x18E5, 0x18E5, 0x0042, 0x0000, 0x0882, 0x426B, 0x2988, 0x0000, 0x5AF5, 0x73FB,
  0x0864, 0x31CB, 0xA53F, 0x6B96, 0x6355, 0xAD7D, 0xBDFC, 0x7C55, 0x94D6, 0x94FC, 0x7C5C, 0x84BB,
  0x94FB, 0xAD9D, 0x94B8, 0x6BB8, 0x5B37, 0xA53B, 0xA57D, 0x53F9, 0x2B10, 0x3499, 0x3CFD, 0x2BF6,
  0x124C, 0x0083, 0x0000, 0x0000, 0x0000, 0x0000, 0x0000, 0x0000, 0x0000, 0x0000, 0x0000, 0x0000,
  0x0000, 0x0000, 0x0000, 0x0000, 0x0000, 0x0000, 0x0000, 0x0000, 0x0000, 0x0000, 0x0000, 0x0000,
  0x0000, 0x0000, 0x0000, 0x0000, 0x0000, 0x0000, 0x0000, 0x0000, 0x0000, 0x0000, 0x0000, 0x0000,
  0x0000, 0x0000, 0x0000, 0x0000, 0x0000, 0x0000, 0x0000, 0x0000, 0x0000, 0x0000, 0x0000, 0x0000,
  0x0000, 0x0000, 0x0000, 0x0000, 0x0000, 0x0000, 0x0000, 0x0000, 0x0000, 0x0000, 0x0000, 0x0000,
  0x0000, 0x0000, 0x0000, 0x0000, 0x0000, 0x0000, 0x0000, 0x0000, 0x0000, 0x0000, 0x0000, 0x0000,
  0x0000, 0x0000, 0x0000, 0x0000, 0x0000, 0x0000, 0x0000, 0x0000, 0x0000, 0x0000, 0x0000, 0x0000,
  0x0000, 0x0000, 0x0000, 0x0000, 0x0000, 0x0000, 0x0000, 0x0000, 0x0000, 0x0000, 0x0000, 0x0000,
  0x0000, 0x0000, 0x0000, 0x0000, 0x0000, 0x0000, 0x0000, 0x0000, 0x0000, 0x0000, 0x0000, 0x0000,
  0x0000, 0x0000, 0x0000, 0x0000, 0x0000, 0x0000, 0x0000, 0x0000, 0x0000, 0x0000, 0x0000, 0x0000,
  0x0000, 0x0000, 0x0000, 0x0000, 0x0000, 0x0000, 0x0000, 0x0000, 0x0000, 0x0000, 0x0000, 0x0000,
  0x0000, 0x0000, 0x0000, 0x0000, 0x0000, 0x0000, 0x0000, 0x0000, 0x0000, 0x0000, 0x0000, 0x0000,
  0x0000, 0x0000, 0x0000, 0x0000, 0x0000, 0x0000, 0x0000, 0x0000, 0x0000, 0x0000, 0x0000, 0x0000,
  0x0000, 0x0000, 0x0000, 0x0000, 0x0000, 0x0000, 0x08C4, 0x1AAF, 0x3499, 0x3D1C, 0x44DB, 0x751D,
  0x7C59, 0x422D, 0x10A4, 0x0021, 0x0021, 0x0042, 0x0042, 0x0042, 0x0041, 0x0041, 0x0021, 0x0021,
  0x0021, 0x0041, 0x0021, 0x0021, 0x0021, 0x0021, 0x0041, 0x0042, 0x0021, 0x10A4, 0x52D3, 0x0021,
  0x0021, 0x0021, 0x0021, 0x10C5, 0x0042, 0x0021, 0x0000, 0x0000, 0x0021, 0x1907, 0x3A0E, 0x6334,
  0x7BF7, 0x845A, 0xA53D, 0xAD7B, 0x39E9, 0x29C8, 0x4AED, 0x1926, 0x0000, 0x31CC, 0x6BDB, 0x10C7,
  0x0863, 0x5B35, 0xAD7D, 0xB59C, 0xBDDC, 0xBDDC, 0x94DA, 0x8458, 0xBDBB, 0xBDFB, 0x73D5, 0x94FC,
  0xA55C, 0xB59C, 0x94FC, 0x5B78, 0x4296, 0x7C3A, 0x9D1C, 0x6357, 0x0000, 0x2129, 0x5BBB, 0x1A6E,
  0x3CBA, 0x4D5D, 0x23B5, 0x11EB, 0x0082, 0x0000, 0x0000, 0x0000, 0x0000, 0x0000, 0x0000, 0x0000,
  0x0000, 0x0000, 0x0000, 0x0000, 0x0000, 0x0000, 0x0000, 0x0000, 0x0000, 0x0000, 0x0000, 0x0000,
  0x0000, 0x0000, 0x0000, 0x0000, 0x0000, 0x0000, 0x0000, 0x0000, 0x0000, 0x0000, 0x0000, 0x0000,
  0x0000, 0x0000, 0x0000, 0x0000, 0x0000, 0x0000, 0x0000, 0x0000, 0x0000, 0x0000, 0x0000, 0x0000,
  0x0000, 0x0000, 0x0000, 0x0000, 0x0000, 0x0000, 0x0000, 0x0000, 0x0000, 0x0000, 0x0000, 0x0000,
  0x0000, 0x0000, 0x0000, 0x0000, 0x0000, 0x0000, 0x0000, 0x0000, 0x0000, 0x0000, 0x0000, 0x0000,
  0x0000, 0x0000, 0x0000, 0x0000, 0x0000, 0x0000, 0x0000, 0x0000, 0x0000, 0x0000, 0x0000, 0x0000,
  0x0000, 0x0000, 0x0000, 0x0000, 0x0000, 0x0000, 0x0000, 0x0000, 0x0000, 0x0000, 0x0000, 0x0000,
  0x0000, 0x0000, 0x0000, 0x0000, 0x0000, 0x0000, 0x0000, 0x0000, 0x0000, 0x0000, 0x0000, 0x0000,
  0x0000, 0x0000, 0x0000, 0x0000, 0x0000, 0x0000, 0x0000, 0x0000, 0x0000, 0x0000, 0x0000, 0x0000,
  0x0000, 0x0000, 0x0000, 0x0000, 0x0000, 0x0000, 0x0000, 0x0000, 0x0000, 0x0000, 0x0000, 0x0000,
  0x0000, 0x0000, 0x0000, 0x0000, 0x0000, 0x0000, 0x0000, 0x0000, 0x0000, 0x0000, 0x0000, 0x0000,
  0x0000, 0x0000, 0x0000, 0x0000, 0x0000, 0x0000, 0x0000, 0x0000, 0x0000, 0x0000, 0x0000, 0x0000,
  0x0000, 0x0000, 0x0000, 0x0041, 0x120C, 0x2BF7, 0x3CFC, 0x3417, 0x120C, 0x08C5, 0x2968, 0x5B11,
  0x7C38, 0x6BD6, 0x322C, 0x08A4, 0x0042, 0x0021, 0x0021, 0x0021, 0x0021, 0x0021, 0x0021, 0x0021,
  0x0021, 0x0042, 0x0021, 0x0021, 0x0042, 0x0021, 0x0021, 0x0042, 0x0000, 0x2148, 0x10C5, 0x0000,
  0x0042, 0x0021, 0x0021, 0x0042, 0x0021, 0x0042, 0x10C5, 0x3A0D, 0x6B75, 0x73F9, 0x73FA, 0x845A,
  0x845A, 0x6354, 0x424E, 0x2967, 0x29A8, 0x21A7, 0x4A8D, 0x5B10, 0x0000, 0x6398, 0x31EE, 0x296A,
  0x6399, 0x7C39, 0x845A, 0x9CF9, 0xC61D, 0x94DB, 0x73FA, 0x8C9B, 0xAD7C, 0xCE7C, 0x9CFB, 0x5B36,
  0x4A6D, 0x9D1C, 0x9D1B, 0x5B37, 0x214C, 0x6B76, 0x4A90, 0x63B8, 0x52F0, 0x7C58, 0x6BB7, 0x6B31,
  0x8C58, 0x9D5D, 0x961F, 0x657E, 0x347A, 0x23B5, 0x09CA, 0x0021, 0x0000, 0x0000, 0x0000, 0x0000,
  0x0000, 0x0000, 0x0000, 0x0000, 0x0000, 0x0000, 0x0000, 0x0000, 0x0000, 0x0000, 0x0000, 0x0000,
  0x0000, 0x0000, 0x0000, 0x0000, 0x0000, 0x0000, 0x0000, 0x0000, 0x0000, 0x0000, 0x0000, 0x0000,
  0x0000, 0x0000, 0x0000, 0x0000, 0x0000, 0x0000, 0x0000, 0x0000, 0x0000, 0x0000, 0x0000, 0x0000,
  0x0000, 0x0000, 0x0000, 0x0000, 0x0000, 0x0000, 0x0000, 0x0000, 0x0000, 0x0000, 0x0000, 0x0000,
  0x0000, 0x0000, 0x0000, 0x0000, 0x0000, 0x0000, 0x0000, 0x0000, 0x0000, 0x0000, 0x0000, 0x0000,
  0x0000, 0x0000, 0x0000, 0x0000, 0x0000, 0x0000, 0x0000, 0x0000, 0x0000, 0x0000, 0x0000, 0x0000,
  0x0000, 0x0000, 0x0000, 0x0000, 0x0000, 0x0000, 0x0000, 0x0000, 0x0000, 0x0000, 0x0000, 0x0000,
  0x0000, 0x0000, 0x0000, 0x0000, 0x0000, 0x0000, 0x0000, 0x0000, 0x0000, 0x0000, 0x0000, 0x0000,
  0x0000, 0x0000, 0x0000, 0x0000, 0x0000, 0x0000, 0x0000, 0x0000, 0x0000, 0x0000, 0x0000, 0x0000,
  0x0000, 0x0000, 0x0000, 0x0000, 0x0000, 0x0000, 0x0000, 0x0000, 0x0000, 0x0000, 0x0000, 0x0000,
  0x0000, 0x0000, 0x0000, 0x0000, 0x0000, 0x0000, 0x0000, 0x0000, 0x0000, 0x0000, 0x0000, 0x0000,
  0x0000, 0x0000, 0x0000, 0x0000, 0x0000, 0x0000, 0x0000, 0x0000, 0x0000, 0x0000, 0x0000, 0x0000,
  0x0000, 0x0905, 0x2332, 0x34DB, 0x349A, 0x3332, 0x2189, 0x0021, 0x0000, 0x0021, 0x08A4, 0x2189,
  0x5311, 0x7C17, 0x5331, 0x2147, 0x0063, 0x0042, 0x0021, 0x0021, 0x0021, 0x0021, 0x0021, 0x0021,
  0x0041, 0x0021, 0x0022, 0x0042, 0x0022, 0x0022, 0x0041, 0x0021, 0x0042, 0x1906, 0x0021, 0x0021,
  0x0021, 0x0021, 0x0021, 0x0021, 0x0042, 0x10C5, 0x2127, 0x2989, 0x2149, 0x18E6, 0x1907, 0x10C6,
  0x0883, 0x31C9, 0x5B0E, 0x29C8, 0x5B2F, 0x18E4, 0x52B0, 0x94BA, 0x3A0E, 0x52F5, 0x216A, 0x29AB,
  0x10C5, 0x5B15, 0x741B, 0xAD7C, 0xB5BD, 0x52F2, 0x73B8, 0x847B, 0x7C18, 0xBDDC, 0x94BB, 0x1085,
  0x1929, 0x94FD, 0xCE5F, 0x6334, 0x0000, 0x5B35, 0x08A4, 0x29AA, 0x7479, 0x84BA, 0x7C38, 0x9D3C,
  0xB59E, 0x8458, 0x7C14, 0x73F6, 0x7479, 0x85FF, 0x5DBF, 0x34BA, 0x12D0, 0x08E5, 0x0000, 0x0000,
  0x0000, 0x0000, 0x0000, 0x0000, 0x0000, 0x0000, 0x0000, 0x0000, 0x0000, 0x0000, 0x0000, 0x0000,
  0x0000, 0x0000, 0x0000, 0x0000, 0x0000, 0x0000, 0x0000, 0x0000, 0x0000, 0x0000, 0x0000, 0x0000,
  0x0000, 0x0000, 0x0000, 0x0000, 0x0000, 0x0000, 0x0000, 0x0000, 0x0000, 0x0000, 0x0000, 0x0000,
  0x0000, 0x0000, 0x0000, 0x0000, 0x0000, 0x0000, 0x0000, 0x0000, 0x0000, 0x0000, 0x0000, 0x0000,
  0x0000, 0x0000, 0x0000, 0x0000, 0x0000, 0x0000, 0x0000, 0x0000, 0x0000, 0x0000, 0x0000, 0x0000,
  0x0000, 0x0000, 0x0000, 0x0000, 0x0000, 0x0000, 0x0000, 0x0000, 0x0000, 0x0000, 0x0000, 0x0000,
  0x0000, 0x0000, 0x0000, 0x0000, 0x0000, 0x0000, 0x0000, 0x0000, 0x0000, 0x0000, 0x0000, 0x0000,
  0x0000, 0x0000, 0x0000, 0x0000, 0x0000, 0x0000, 0x0000, 0x0000, 0x0000, 0x0000, 0x0000, 0x0000,
  0x0000, 0x0000, 0x0000, 0x0000, 0x0000, 0x0000, 0x0000, 0x0000, 0x0000, 0x0000, 0x0000, 0x0000,
  0x0000, 0x0000, 0x0000, 0x0000, 0x0000, 0x0000, 0x0000, 0x0000, 0x0000, 0x0000, 0x0000, 0x0000,
  0x0000, 0x0000, 0x0000, 0x0000, 0x0000, 0x0000, 0x0000, 0x0000, 0x0000, 0x0000, 0x0000, 0x0000,
  0x0000, 0x0000, 0x0000, 0x0000, 0x0000, 0x0000, 0x0000, 0x0000, 0x0000, 0x0000, 0x0000, 0x11A9,
  0x2C37, 0x34FB, 0x2373, 0x0947, 0x0021, 0x0862, 0x0863, 0x0062, 0x0042, 0x0021, 0x0021, 0x08A4,
  0x29A9, 0x52F0, 0x6373, 0x3A2C, 0x10E5, 0x0042, 0x0021, 0x0021, 0x0022, 0x0042, 0x0042, 0x0042,
  0x0041, 0x0042, 0x0042, 0x0042, 0x0042, 0x0042, 0x0021, 0x0021, 0x0042, 0x0021, 0x0021, 0x0021,
  0x0021, 0x0021, 0x0021, 0x0021, 0x0021, 0x0021, 0x0000, 0x0000, 0x0000, 0x0001, 0x0000, 0x1905,
  0x7BF3, 0xD69E, 0x8454, 0x31E9, 0x73D4, 0x5ACF, 0x422C, 0xB5BE, 0x6375, 0x0843, 0x0042, 0x0000,
  0x10A5, 0x639A, 0x843A, 0x8CBC, 0x94DB, 0x3A2E, 0x845B, 0x5B36, 0x4A6E, 0xAD7D, 0x8457, 0x0883,
  0x5B56, 0x5B54, 0x8C9B, 0x52D1, 0x0000, 0x3A2F, 0x0000, 0x10C4, 0x5B54, 0x7C19, 0xA53A, 0xBDFB,
  0xCE5D, 0x8CB7, 0x5332, 0x4AF0, 0x4A8D, 0x73D5, 0x9D1C, 0x955D, 0x6DBF, 0x3D3D, 0x23B5, 0x0988,
  0x0000, 0x0000, 0x0000, 0x0000, 0x0000, 0x0000, 0x0000, 0x0000, 0x0000, 0x0000, 0x0000, 0x0000,
  0x0000, 0x0000, 0x0000, 0x0000, 0x0000, 0x0000, 0x0000, 0x0000, 0x0000, 0x0000, 0x0000, 0x0000,
  0x0000, 0x0000, 0x0000, 0x0000, 0x0000, 0x0000, 0x0000, 0x0000, 0x0000, 0x0000, 0x0000, 0x0000,
  0x0000, 0x0000, 0x0000, 0x0000, 0x0000, 0x0000, 0x0000, 0x0000, 0x0000, 0x0000, 0x0000, 0x0000,
  0x0000, 0x0000, 0x0000, 0x0000, 0x0000, 0x0000, 0x0000, 0x0000, 0x0000, 0x0000, 0x0000, 0x0000,
  0x0000, 0x0000, 0x0000, 0x0000, 0x0000, 0x0000, 0x0000, 0x0000, 0x0000, 0x0000, 0x0000, 0x0000,
  0x0000, 0x0000, 0x0000, 0x0000, 0x0000, 0x0000, 0x0000, 0x0000, 0x0000, 0x0000, 0x0000, 0x0000,
  0x0000, 0x0000, 0x0000, 0x0000, 0x0000, 0x0000, 0x0000, 0x0000, 0x0000, 0x0000, 0x0000, 0x0000,
  0x0000, 0x0000, 0x0000, 0x0000, 0x0000, 0x0000, 0x0000, 0x0000, 0x0000, 0x0000, 0x0000, 0x0000,
  0x0000, 0x0000, 0x0000, 0x0000, 0x0000, 0x0000, 0x0000, 0x0000, 0x0000, 0x0000, 0x0000, 0x0000,
  0x0000, 0x0000, 0x0000, 0x0000, 0x0000, 0x0000, 0x0000, 0x0000, 0x0000, 0x0000, 0x0000, 0x0000,
  0x0000, 0x0000, 0x0000, 0x0000, 0x0000, 0x0000, 0x0000, 0x0000, 0x0000, 0x1A2C, 0x3499, 0x349A,
  0x1A8F, 0x0083, 0x0000, 0x0000, 0x0042, 0x0042, 0x0042, 0x0042, 0x0041, 0x0041, 0x0021, 0x0042,
  0x0883, 0x1947, 0x3A4D, 0x426D, 0x2168, 0x0883, 0x0042, 0x0042, 0x0042, 0x0042, 0x0042, 0x0042,
  0x0042, 0x0042, 0x0042, 0x0042, 0x0042, 0x0042, 0x0022, 0x0021, 0x0021, 0x0021, 0x0021, 0x0021,
  0x0021, 0x0021, 0x0021, 0x0021, 0x0021, 0x0021, 0x0021, 0x0042, 0x0021, 0x0001, 0x424C, 0x9CFA,
  0xB5BD, 0x9CFA, 0x5B10, 0xB5DB, 0x9CFB, 0x52B0, 0x2147, 0xAD9E, 0x5B13, 0x0001, 0x0042, 0x0021,
  0x214A, 0x7C1B, 0x6BBA, 0x4AB2, 0x4AB1, 0x298B, 0x7C3C, 0x4AB3, 0x298A, 0xA55C, 0x8C98, 0x4AB1,
  0x4AB2, 0x2149, 0x298A, 0x6356, 0x1927, 0x5B32, 0x6330, 0x8436, 0xA51B, 0xB5BD, 0xAD9C, 0x8CB6,
  0xC61B, 0x8496, 0x84B9, 0x5B50, 0x2169, 0x7C59, 0x94DA, 0xB57C, 0x9D19, 0x7C7A, 0x755F, 0x4D5F,
  0x3458, 0x120C, 0x0021, 0x0000, 0x0000, 0x0000, 0x0000, 0x0000, 0x0000, 0x0000, 0x0000, 0x0000,
  0x0000, 0x0000, 0x0000, 0x0000, 0x0000, 0x0000, 0x0000, 0x0000, 0x0000, 0x0000, 0x0000, 0x0000,
  0x0000, 0x0000, 0x0000, 0x0000, 0x0000, 0x0000, 0x0000, 0x0000, 0x0000, 0x0000, 0x0000, 0x0000,
  0x0000, 0x0000, 0x0000, 0x0000, 0x0000, 0x0000, 0x0000, 0x0000, 0x0000, 0x0000, 0x0000, 0x0000,
  0x0000, 0x0000, 0x0000, 0x0000, 0x0000, 0x0000, 0x0000, 0x0000, 0x0000, 0x0000, 0x0000, 0x0000,
  0x0000, 0x0000, 0x0000, 0x0000, 0x0000, 0x0000, 0x0000, 0x0000, 0x0000, 0x0000, 0x0000, 0x0000,
  0x0000, 0x0000, 0x0000, 0x0000, 0x0000, 0x0000, 0x0000, 0x0000, 0x0000, 0x0000, 0x0000, 0x0000,
  0x0000, 0x0000, 0x0000, 0x0000, 0x0000, 0x0000, 0x0000, 0x0000, 0x0000, 0x0000, 0x0000, 0x0000,
  0x0000, 0x0000, 0x0000, 0x0000, 0x0000, 0x0000, 0x0000, 0x0000, 0x0000, 0x0000, 0x0000, 0x0000,
  0x0000, 0x0000, 0x0000, 0x0000, 0x0000, 0x0000, 0x0000, 0x0000, 0x0000, 0x0000, 0x0000, 0x0000,
  0x0000, 0x0000, 0x0000, 0x0000, 0x0000, 0x0000, 0x0000, 0x0000, 0x0000, 0x0000, 0x0000, 0x0000,
  0x0000, 0x0000, 0x0000, 0x0000, 0x0000, 0x0000, 0x0021, 0x1A4D, 0x34B9, 0x3478, 0x120B, 0x0001,
  0x0000, 0x0021, 0x0042, 0x0042, 0x0021, 0x0021, 0x0021, 0x0021, 0x0042, 0x0042, 0x0042, 0x0021,
  0x0021, 0x0063, 0x1106, 0x29A9, 0x2168, 0x10C4, 0x0042, 0x0042, 0x0042, 0x0042, 0x0042, 0x0042,
  0x0042, 0x0042, 0x0042, 0x0042, 0x0042, 0x0042, 0x0042, 0x0021, 0x0021, 0x0042, 0x0021, 0x0022,
  0x0042, 0x0022, 0x0021, 0x0021, 0x0021, 0x0021, 0x0042, 0x0000, 0x0041, 0x6351, 0xBDDD, 0xA53B,
  0x8C9B, 0x39EB, 0x7C16, 0xCE5D, 0xB5BD, 0x5B13, 0x0883, 0x7C19, 0x5B57, 0x0063, 0x0022, 0x0022,
  0x5B12, 0x8C9C, 0x31CE, 0x10E6, 0x1906, 0x214A, 0x741C, 0x4251, 0x29ED, 0x845A, 0x741A, 0x4AD3,
  0x18E6, 0x18E6, 0x0000, 0x4A90, 0x18E5, 0x1905, 0x6BB6, 0x8CBC, 0x94FC, 0x6374, 0x2148, 0x94D8,
  0xBDFC, 0x63B3, 0x8CD7, 0x8C94, 0x52F2, 0x847B, 0xAD5B, 0xBDDD, 0xA55C, 0x5313, 0x6376, 0x8C9B,
  0x9DFF, 0x65BF, 0x34DB, 0x1ACF, 0x0041, 0x0000, 0x0000, 0x0000, 0x0000, 0x0000, 0x0000, 0x0000,
  0x0000, 0x0000, 0x0000, 0x0000, 0x0000, 0x0000, 0x0000, 0x0000, 0x0000, 0x0000, 0x0000, 0x0000,
  0x0000, 0x0000, 0x0000, 0x0000, 0x0000, 0x0000, 0x0000, 0x0000, 0x0000, 0x0000, 0x0000, 0x0000,
  0x0000, 0x0000, 0x0000, 0x0000, 0x0000, 0x0000, 0x0000, 0x0000, 0x0000, 0x0000, 0x0000, 0x0000,
  0x0000, 0x0000, 0x0000, 0x0000, 0x0000, 0x0000, 0x0000, 0x0000, 0x0000, 0x0000, 0x0000, 0x0000,
  0x0000, 0x0000, 0x0000, 0x0000, 0x0000, 0x0000, 0x0000, 0x0000, 0x0000, 0x0000, 0x0000, 0x0000,
  0x0000, 0x0000, 0x0000, 0x0000, 0x0000, 0x0000, 0x0000, 0x0000, 0x0000, 0x0000, 0x0000, 0x0000,
  0x0000, 0x0000, 0x0000, 0x0000, 0x0000, 0x0000, 0x0000, 0x0000, 0x0000, 0x0000, 0x0000, 0x0000,
  0x0000, 0x0000, 0x0000, 0x0000, 0x0000, 0x0000, 0x0000, 0x0000, 0x0000, 0x0000, 0x0000, 0x0000,
  0x0000, 0x0000, 0x0000, 0x0000, 0x0000, 0x0000, 0x0000, 0x0000, 0x0000, 0x0000, 0x0000, 0x0000,
  0x0000, 0x0000, 0x0000, 0x0000, 0x0000, 0x0000, 0x0000, 0x0000, 0x0000, 0x0000, 0x0000, 0x0000,
  0x0000, 0x0000, 0x0000, 0x0000, 0x0021, 0x124C, 0x349A, 0x44FB, 0x226D, 0x0021, 0x0000, 0x0021,
  0x0042, 0x0022, 0x0021, 0x0021, 0x0041, 0x0021, 0x0021, 0x0022, 0x0021, 0x0042, 0x0042, 0x0042,
  0x0041, 0x0022, 0x0063, 0x10E5, 0x10E5, 0x08A4, 0x0062, 0x0042, 0x0042, 0x0042, 0x0042, 0x0042,
  0x0042, 0x0042, 0x0042, 0x0042, 0x0042, 0x0042, 0x0042, 0x0022, 0x0021, 0x0042, 0x0022, 0x0042,
  0x0042, 0x0042, 0x0021, 0x0021, 0x0021, 0x0042, 0x0000, 0x10C4, 0x6B75, 0x94BB, 0xA51A, 0x9D1D,
  0x5B53, 0x2948, 0x9CDC, 0xBDBB, 0xA53C, 0x6B75, 0x0021, 0x4272, 0x5B5A, 0x10A5, 0x0000, 0x10C5,
  0x9D1C, 0x52F3, 0x0001, 0x10E6, 0x0020, 0x29AC, 0x741C, 0x29AC, 0x298A, 0x4272, 0x73FB, 0x31CB,
  0x0000, 0x0063, 0x0021, 0x18E6, 0x18E5, 0x4AB2, 0x7C3B, 0x5B34, 0x320C, 0x10E6, 0x73B3, 0xCE5E,
  0xA55B, 0x7C55, 0x73D3, 0xC5FC, 0x94DC, 0x94DC, 0xB5BC, 0xA55D, 0xAD5D, 0x6BD5, 0x5B77, 0x8C9C,
  0xA53B, 0x8C9B, 0x5BD8, 0x2394, 0x3CFB, 0x1AAF, 0x0041, 0x0000, 0x0000, 0x0000, 0x0000, 0x0000,
  0x0000, 0x0000, 0x0000, 0x0000, 0x0000, 0x0000, 0x0000, 0x0000, 0x0000, 0x0000, 0x0000, 0x0000,
  0x0000, 0x0000, 0x0000, 0x0000, 0x0000, 0x0000, 0x0000, 0x0000, 0x0000, 0x0000, 0x0000, 0x0000,
  0x0000, 0x0000, 0x0000, 0x0000, 0x0000, 0x0000, 0x0000, 0x0000, 0x0000, 0x0000, 0x0000, 0x0000,
  0x0000, 0x0000, 0x0000, 0x0000, 0x0000, 0x0000, 0x0000, 0x0000, 0x0000, 0x0000, 0x0000, 0x0000,
  0x0000, 0x0000, 0x0000, 0x0000, 0x0000, 0x0000, 0x0000, 0x0000, 0x0000, 0x0000, 0x0000, 0x0000,
  0x0000, 0x0000, 0x0000, 0x0000, 0x0000, 0x0000, 0x0000, 0x0000, 0x0000, 0x0000, 0x0000, 0x0000,
  0x0000, 0x0000, 0x0000, 0x0000, 0x0000, 0x0000, 0x0000, 0x0000, 0x0000, 0x0000, 0x0000, 0x0000,
  0x0000, 0x0000, 0x0000, 0x0000, 0x0000, 0x0000, 0x0000, 0x0000, 0x0000, 0x0000, 0x0000, 0x0000,
  0x0000, 0x0000, 0x0000, 0x0000, 0x0000, 0x0000, 0x0000, 0x0000, 0x0000, 0x0000, 0x0000, 0x0000,
  0x0000, 0x0000, 0x0000, 0x0000, 0x0000, 0x0000, 0x0000, 0x0000, 0x0000, 0x0000, 0x0000, 0x0000,
  0x0000, 0x0000, 0x0000, 0x1A4C, 0x3CDA, 0x65DF, 0x853D, 0x6B53, 0x424D, 0x29CA, 0x10E5, 0x0042,
  0x0021, 0x0021, 0x0021, 0x0021, 0x0021, 0x0021, 0x0022, 0x0042, 0x0042, 0x0042, 0x0021, 0x0042,
  0x0042, 0x0042, 0x0042, 0x0062, 0x0863, 0x0062, 0x0042, 0x0042, 0x0042, 0x0042, 0x0042, 0x0042,
  0x0042, 0x0042, 0x0042, 0x0042, 0x0042, 0x0042, 0x0042, 0x0042, 0x0042, 0x0042, 0x0042, 0x0042,
  0x0042, 0x0042, 0x0021, 0x0021, 0x0042, 0x0000, 0x1907, 0x73D8, 0x8C7B, 0x8C5A, 0x843A, 0x847A,
  0x18E5, 0x52D1, 0x9CFC, 0xB59B, 0x94DC, 0x5B14, 0x0000, 0x1928, 0x6BBB, 0x2149, 0x0000, 0x4A70,
  0x52F4, 0x10E8, 0x0022, 0x0042, 0x0000, 0x31EE, 0x6BDA, 0x18E7, 0x3A0C, 0x10E6, 0x73D9, 0x424F,
  0x0001, 0x0042, 0x0001, 0x1928, 0x6B97, 0x52F3, 0x1907, 0x0000, 0x0000, 0x3A2D, 0xB5DE, 0xBDFD,
  0xA53B, 0xB5BB, 0xAD9C, 0xBDDC, 0x9D1B, 0x7C17, 0x94BB, 0x52F2, 0xA53C, 0xBDFD, 0x6BDA, 0x5337,
  0x7C59, 0x743A, 0x4293, 0x39EB, 0x6C9B, 0x3C59, 0x3CBB, 0x1A4D, 0x0041, 0x0000, 0x0000, 0x0000,
  0x0000, 0x0000, 0x0000, 0x0000, 0x0000, 0x0000, 0x0000, 0x0000, 0x0000, 0x0000, 0x0000, 0x0000,
  0x0000, 0x0000, 0x0000, 0x0000, 0x0000, 0x0000, 0x0000, 0x0000, 0x0000, 0x0000, 0x0000, 0x0000,
  0x0000, 0x0000, 0x0000, 0x0000, 0x0000, 0x0000, 0x0000, 0x0000, 0x0000, 0x0000, 0x0000, 0x0000,
  0x0000, 0x0000, 0x0000, 0x0000, 0x0000, 0x0000, 0x0000, 0x0000, 0x0000, 0x0000, 0x0000, 0x0000,
  0x0000, 0x0000, 0x0000, 0x0000, 0x0000, 0x0000, 0x0000, 0x0000, 0x0000, 0x0000, 0x0000, 0x0000,
  0x0000, 0x0000, 0x0000, 0x0000, 0x0000, 0x0000, 0x0000, 0x0000, 0x0000, 0x0000, 0x0000, 0x0000,
  0x0000, 0x0000, 0x0000, 0x0000, 0x0000, 0x0000, 0x0000, 0x0000, 0x0000, 0x0000, 0x0000, 0x0000,
  0x0000, 0x0000, 0x0000, 0x0000, 0x0000, 0x0000, 0x0000, 0x0000, 0x0000, 0x0000, 0x0000, 0x0000,
  0x0000, 0x0000, 0x0000, 0x0000, 0x0000, 0x0000, 0x0000, 0x0000, 0x0000, 0x0000, 0x0000, 0x0000,
  0x0000, 0x0000, 0x0000, 0x0000, 0x0000, 0x0000, 0x0000, 0x0000, 0x0000, 0x0000, 0x0000, 0x0000,
  0x0000, 0x11EA, 0x3499, 0x4D3C, 0x7CD9, 0xAD5C, 0xB57D, 0x94FC, 0x7418, 0x5311, 0x2189, 0x0883,
  0x0042, 0x0021, 0x0021, 0x0021, 0x0021, 0x0022, 0x0042, 0x0042, 0x0042, 0x0042, 0x0041, 0x0042,
  0x0021, 0x0041, 0x0041, 0x0021, 0x0042, 0x0042, 0x0041, 0x0042, 0x0042, 0x0042, 0x0042, 0x0041,
  0x0042, 0x0042, 0x0042, 0x0022, 0x0042, 0x0042, 0x0022, 0x0042, 0x0042, 0x0022, 0x0042, 0x0042,
  0x0042, 0x0021, 0x0021, 0x0042, 0x0000, 0x2128, 0x73D9, 0x7C1A, 0x8C7B, 0x73D8, 0x4AD1, 0x2147,
  0x0022, 0x73B7, 0x8C9B, 0xA53A, 0x94DC, 0x52D2, 0x0000, 0x0021, 0x6378, 0x29AB, 0x10A4, 0x39EC,
  0x0021, 0x0883, 0x0021, 0x0042, 0x0000, 0x31CD, 0x5B37, 0x0042, 0x08A4, 0x0000, 0x52D2, 0x52D3,
  0x0000, 0x0000, 0x1907, 0x5334, 0x5B33, 0x3A0C, 0x2167, 0x18E5, 0x1925, 0x8437, 0xA55D, 0x6BD8,
  0x8C97, 0xCE7E, 0x9CF8, 0xBDFC, 0xB5BA, 0x6355, 0x5B36, 0x10C6, 0x847B, 0xBDFE, 0x847B, 0x196B,
  0x6BF4, 0x94FA, 0x42B1, 0x4AD2, 0x218D, 0x73B5, 0xADFF, 0x657F, 0x3499, 0x122B, 0x0000, 0x0000,
  0x0000, 0x0000, 0x0000, 0x0000, 0x0000, 0x0000, 0x0000, 0x0000, 0x0000, 0x0000, 0x0000, 0x0000,
  0x0000, 0x0000, 0x0000, 0x0000, 0x0000, 0x0000, 0x0000, 0x0000, 0x0000, 0x0000, 0x0000, 0x0000,
  0x0000, 0x0000, 0x0000, 0x0000, 0x0000, 0x0000, 0x0000, 0x0000, 0x0000, 0x0000, 0x0000, 0x0000,
  0x0000, 0x0000, 0x0000, 0x0000, 0x0000, 0x0000, 0x0000, 0x0000, 0x0000, 0x0000, 0x0000, 0x0000,
  0x0000, 0x0000, 0x0000, 0x0000, 0x0000, 0x0000, 0x0000, 0x0000, 0x0000, 0x0000, 0x0000, 0x0000,
  0x0000, 0x0000, 0x0000, 0x0000, 0x0000, 0x0000, 0x0000, 0x0000, 0x0000, 0x0000, 0x0000, 0x0000,
  0x0000, 0x0000, 0x0000, 0x0000, 0x0000, 0x0000, 0x0000, 0x0000, 0x0000, 0x0000, 0x0000, 0x0000,
  0x0000, 0x0000, 0x0000, 0x0000, 0x0000, 0x0000, 0x0000, 0x0000, 0x0000, 0x0000, 0x0000, 0x0000,
  0x0000, 0x0000, 0x0000, 0x0000, 0x0000, 0x0000, 0x0000, 0x0000, 0x0000, 0x0000, 0x0000, 0x0000,
  0x0000, 0x0000, 0x0000, 0x0000, 0x0000, 0x0000, 0x0000, 0x0000, 0x0000, 0x0000, 0x0000, 0x1168,
  0x3478, 0x65FF, 0x74FA, 0x73D3, 0x8C77, 0xA55C, 0xAD9D, 0x9D1C, 0x7417, 0x42AF, 0x1947, 0x0063,
  0x0022, 0x0021, 0x0021, 0x0021, 0x0021, 0x0022, 0x0042, 0x0022, 0x0042, 0x0041, 0x0021, 0x0021,
  0x0042, 0x0041, 0x0021, 0x0041, 0x0042, 0x0041, 0x0041, 0x0042, 0x0042, 0x0042, 0x0041, 0x0041,
  0x0042, 0x0042, 0x0042, 0x0042, 0x0022, 0x0042, 0x0042, 0x0042, 0x0042, 0x0042, 0x0042, 0x0042,
  0x0041, 0x0021, 0x0042, 0x0000, 0x2128, 0x6BB9, 0x73F9, 0x843B, 0x6B98, 0x2128, 0x10C5, 0x0000,
  0x2128, 0x845A, 0x843A, 0x73F9, 0x7C3B, 0x424F, 0x0000, 0x0000, 0x3A4F, 0x4A90, 0x10C5, 0x0021,
  0x0021, 0x0021, 0x0021, 0x0042, 0x0000, 0x31CD, 0x4A92, 0x0000, 0x0021, 0x0001, 0x2169, 0x4A90,
  0x0841, 0x2168, 0x4AB2, 0x6396, 0x8C9A, 0x94DA, 0x426D, 0x1946, 0x5B92, 0xA55C, 0x7C1B, 0x192A,
  0x94D7, 0xC61D, 0x73D7, 0xB5BB, 0xC63C, 0x849C, 0x3210, 0x298C, 0x639A, 0x6BB8, 0xA53E, 0x4B13,
  0x5B72, 0x52CF, 0x0884, 0x0884, 0x31CC, 0xA57D, 0xAD7C, 0x4250, 0x3B16, 0x5D9F, 0x2C38, 0x0988,
  0x0000, 0x0000, 0x0000, 0x0000, 0x0000, 0x0000, 0x0000, 0x0000, 0x0000, 0x0000, 0x0000, 0x0000,
  0x0000, 0x0000, 0x0000, 0x0000, 0x0000, 0x0000, 0x0000, 0x0000, 0x0000, 0x0000, 0x0000, 0x0000,
  0x0000, 0x0000, 0x0000, 0x0000, 0x0000, 0x0000, 0x0000, 0x0000, 0x0000, 0x0000, 0x0000, 0x0000,
  0x0000, 0x0000, 0x0000, 0x0000, 0x0000, 0x0000, 0x0000, 0x0000, 0x0000, 0x0000, 0x0000, 0x0000,
  0x0000, 0x0000, 0x0000, 0x0000, 0x0000, 0x0000, 0x0000, 0x0000, 0x0000, 0x0000, 0x0000, 0x0000,
  0x0000, 0x0000, 0x0000, 0x0000, 0x0000, 0x0000, 0x0000, 0x0000, 0x0000, 0x0000, 0x0000, 0x0000,
  0x0000, 0x0000, 0x0000, 0x0000, 0x0000, 0x0000, 0x0000, 0x0000, 0x0000, 0x0000, 0x0000, 0x0000,
  0x0000, 0x0000, 0x0000, 0x0000, 0x0000, 0x0000, 0x0000, 0x0000, 0x0000, 0x0000, 0x0000, 0x0000,
  0x0000, 0x0000, 0x0000, 0x0000, 0x0000, 0x0000, 0x0000, 0x0000, 0x0000, 0x0000, 0x0000, 0x0000,
  0x0000, 0x0000, 0x0000, 0x0000, 0x0000, 0x0000, 0x0000, 0x0000, 0x0000, 0x08C4, 0x2BB4, 0x455D,
  0x64D9, 0x9D1A, 0xA51A, 0x94F9, 0xA53B, 0xAD7D, 0xA55D, 0x94DB, 0x6394, 0x29EB, 0x08C5, 0x0042,
  0x0021, 0x0021, 0x0021, 0x0021, 0x0042, 0x0042, 0x0041, 0x0041, 0x0041, 0x0042, 0x0021, 0x0021,
  0x0021, 0x0041, 0x0041, 0x0042, 0x0042, 0x0041, 0x0041, 0x0041, 0x0041, 0x0042, 0x0041, 0x0041,
  0x0042, 0x0041, 0x0042, 0x0042, 0x0041, 0x0042, 0x0042, 0x0042, 0x0042, 0x0042, 0x0042, 0x0021,
  0x0021, 0x0042, 0x0000, 0x1907, 0x6BD9, 0x73D9, 0x73FA, 0x5314, 0x0884, 0x0000, 0x0042, 0x0000,
  0x31EC, 0x8C9C, 0x843A, 0x6378, 0x6B9A, 0x298B, 0x0000, 0x0021, 0x10A5, 0x426F, 0x0021, 0x0021,
  0x0042, 0x0021, 0x0021, 0x0042, 0x0000, 0x298A, 0x216A, 0x0000, 0x0042, 0x0021, 0x0001, 0x2149,
  0x1907, 0x424F, 0x6356, 0x847B, 0x8C7A, 0x5AF1, 0x29A9, 0x42AC, 0x7C77, 0x8CBC, 0x31ED, 0x2106,
  0x9D1C, 0x8439, 0x4AB4, 0x94B9, 0x94FB, 0x73FA, 0x1929, 0x52D4, 0x4AB2, 0x2149, 0x6BDA, 0x6394,
  0x5351, 0x426E, 0x5B34, 0x73D9, 0x73DA, 0x94BB, 0x6BB7, 0x73F6, 0xADBD, 0xBDFD, 0x9E3F, 0x559F,
  0x2B94, 0x00C4, 0x0000, 0x0000, 0x0000, 0x0000, 0x0000, 0x0000, 0x0000, 0x0000, 0x0000, 0x0000,
  0x0000, 0x0000, 0x0000, 0x0000, 0x0000, 0x0000, 0x0000, 0x0000, 0x0000, 0x0000, 0x0000, 0x0000,
  0x0000, 0x0000, 0x0000, 0x0000, 0x0000, 0x0000, 0x0000, 0x0000, 0x0000, 0x0000, 0x0000, 0x0000,
  0x0000, 0x0000, 0x0000, 0x0000, 0x0000, 0x0000, 0x0000, 0x0000, 0x0000, 0x0000, 0x0000, 0x0000,
  0x0000, 0x0000, 0x0000, 0x0000, 0x0000, 0x0000, 0x0000, 0x0000, 0x0000, 0x0000, 0x0000, 0x0000,
  0x0000, 0x0000, 0x0000, 0x0000, 0x0000, 0x0000, 0x0000, 0x0000, 0x0000, 0x0000, 0x0000, 0x0000,
  0x0000, 0x0000, 0x0000, 0x0000, 0x0000, 0x0000, 0x0000, 0x0000, 0x0000, 0x0000, 0x0000, 0x0000,
  0x0000, 0x0000, 0x0000, 0x0000, 0x0000, 0x0000, 0x0000, 0x0000, 0x0000, 0x0000, 0x0000, 0x0000,
  0x0000, 0x0000, 0x0000, 0x0000, 0x0000, 0x0000, 0x0000, 0x0000, 0x0000, 0x0000, 0x0000, 0x0000,
  0x0000, 0x0000, 0x0000, 0x0000, 0x0000, 0x0020, 0x0000, 0x0020, 0x1ACF, 0x455D, 0x3BF6, 0x29CA,
  0x424C, 0x8456, 0xB5BC, 0xB5BD, 0xB5BD, 0xAD9D, 0xA53D, 0x94DC, 0x6BB6, 0x3A4D, 0x1927, 0x0083,
  0x0022, 0x0021, 0x0021, 0x0042, 0x0022, 0x0022, 0x0042, 0x0042, 0x0041, 0x0041, 0x0021, 0x0021,
  0x0021, 0x0021, 0x0042, 0x0022, 0x0021, 0x0042, 0x0021, 0x0041, 0x0022, 0x0042, 0x0021, 0x0041,
  0x0042, 0x0042, 0x0042, 0x0021, 0x0041, 0x0042, 0x0042, 0x0042, 0x0042, 0x0042, 0x0042, 0x0021,
  0x0042, 0x0021, 0x10A5, 0x6378, 0x73FA, 0x73FA, 0x422F, 0x0021, 0x0001, 0x0042, 0x0021, 0x0000,
  0x4A91, 0x847B, 0x843A, 0x4271, 0x6378, 0x2129, 0x0000, 0x0042, 0x0042, 0x1927, 0x0042, 0x0021,
  0x0021, 0x0021, 0x0021, 0x0022, 0x0000, 0x10C5, 0x0884, 0x0001, 0x0021, 0x10C6, 0x424E, 0x6B97,
  0x8C9C, 0xA53D, 0xAD9C, 0xAD9C, 0x8CB8, 0x530F, 0x1926, 0x424B, 0xB5DD, 0x4AF3, 0x0000, 0x4A6D,
  0xAD7D, 0x6BB6, 0x0042, 0x3A2E, 0x7C3C, 0x5315, 0x10C6, 0x6398, 0x2169, 0x0020, 0x52D3, 0x7C57,
  0x0863, 0x0000, 0x10A4, 0x4AB3, 0x845C, 0x9D1B, 0xB59C, 0xC65E, 0xD6BE, 0xCE7E, 0xBDDD, 0xAD7D,
  0x5D1D, 0x455D, 0x1AAF, 0x0000, 0x0000, 0x0000, 0x0000, 0x0000, 0x0000, 0x0000, 0x0000, 0x0000,
  0x0000, 0x0000, 0x0000, 0x0000, 0x0000, 0x0000, 0x0000, 0x0000, 0x0000, 0x0000, 0x0000, 0x0000,
  0x0000, 0x0000, 0x0000, 0x0000, 0x0000, 0x0000, 0x0000, 0x0000, 0x0000, 0x0000, 0x0000, 0x0000,
  0x0000, 0x0000, 0x0000, 0x0000, 0x0000, 0x0000, 0x0000, 0x0000, 0x0000, 0x0000, 0x0000, 0x0000,
  0x0000, 0x0000, 0x0000, 0x0000, 0x0000, 0x0000, 0x0000, 0x0000, 0x0000, 0x0000, 0x0000, 0x0000,
  0x0000, 0x0000, 0x0000, 0x0000, 0x0000, 0x0000, 0x0000, 0x0000, 0x0000, 0x0000, 0x0000, 0x0000,
  0x0000, 0x0000, 0x0000, 0x0000, 0x0000, 0x0000, 0x0000, 0x0000, 0x0000, 0x0000, 0x0000, 0x0000,
  0x0000, 0x0000, 0x0000, 0x0000, 0x0000, 0x0000, 0x0000, 0x0000, 0x0000, 0x0000, 0x0000, 0x0000,
  0x0000, 0x0000, 0x0000, 0x0000, 0x0000, 0x0000, 0x0000, 0x0000, 0x0000, 0x0000, 0x0000, 0x0000,
  0x0000, 0x0000, 0x0000, 0x0000, 0x0000, 0x0000, 0x0967, 0x3499, 0x65BF, 0x4B31, 0x18E5, 0x08A4,
  0x1947, 0x5B51, 0xAD7B, 0xBDDE, 0xB5BD, 0xAD7D, 0xA53D, 0x9CFC, 0x849B, 0x6BB6, 0x42B0, 0x2189,
  0x0084, 0x0042, 0x0042, 0x0021, 0x0021, 0x0021, 0x0041, 0x0042, 0x0042, 0x0042, 0x0021, 0x0021,
  0x0021, 0x0021, 0x0022, 0x0022, 0x0022, 0x0042, 0x0021, 0x0041, 0x0022, 0x0021, 0x0021, 0x0021,
  0x0041, 0x0041, 0x0042, 0x0041, 0x0021, 0x0021, 0x0042, 0x0042, 0x0042, 0x0042, 0x0021, 0x0022,
  0x0021, 0x0021, 0x52F4, 0x7C1C, 0x6378, 0x216A, 0x0000, 0x0021, 0x0022, 0x0021, 0x0021, 0x0021,
  0x5B35, 0x7C1A, 0x73FA, 0x1907, 0x5B14, 0x1908, 0x0000, 0x0042, 0x0021, 0x0863, 0x0042, 0x0021,
  0x0021, 0x0021, 0x0021, 0x0021, 0x0021, 0x0883, 0x0862, 0x10A5, 0x31EC, 0x6334, 0x6B96, 0x5B36,
  0x5B34, 0x5314, 0x9D1B, 0x9CF9, 0x5330, 0x63B2, 0x31EA, 0x5B12, 0xC63E, 0x6330, 0x0000, 0x4AB2,
  0xA53D, 0x52F1, 0x0000, 0x1907, 0x73FB, 0x8458, 0x52F2, 0x4A91, 0x0021, 0x0001, 0x3A2C, 0x428F,
  0x0000, 0x0884, 0x29ED, 0x7C19, 0x9D1B, 0xA57C, 0x94DC, 0x7BF9, 0x9D1B, 0x9CFB, 0x94FB, 0xB5DD,
  0xB5DB, 0x9559, 0x44DB, 0x3499, 0x0947, 0x0000, 0x0000, 0x0020, 0x0000, 0x0000, 0x0000, 0x0000,
  0x0000, 0x0000, 0x0000, 0x0000, 0x0000, 0x0000, 0x0000, 0x0000, 0x0000, 0x0000, 0x0000, 0x0000,
  0x0000, 0x0000, 0x0000, 0x0000, 0x0000, 0x0000, 0x0000, 0x0000, 0x0000, 0x0000, 0x0000, 0x0000,
  0x0000, 0x0000, 0x0000, 0x0000, 0x0000, 0x0000, 0x0000, 0x0000, 0x0000, 0x0000, 0x0000, 0x0000,
  0x0000, 0x0000, 0x0000, 0x0000, 0x0000, 0x0000, 0x0000, 0x0000, 0x0000, 0x0000, 0x0000, 0x0000,
  0x0000, 0x0000, 0x0000, 0x0000, 0x0000, 0x0000, 0x0000, 0x0000, 0x0000, 0x0000, 0x0000, 0x0000,
  0x0000, 0x0000, 0x0000, 0x0000, 0x0000, 0x0000, 0x0000, 0x0000, 0x0000, 0x0000, 0x0000, 0x0000,
  0x0000, 0x0000, 0x0000, 0x0000, 0x0000, 0x0000, 0x0000, 0x0000, 0x0000, 0x0000, 0x0000, 0x0000,
  0x0000, 0x0000, 0x0000, 0x0000, 0x0000, 0x0000, 0x0000, 0x0000, 0x0000, 0x0000, 0x0000, 0x0000,
  0x0000, 0x0000, 0x0000, 0x0000, 0x0041, 0x2372, 0x55BF, 0x8D9F, 0x8436, 0x3A2B, 0x10E5, 0x0042,
  0x08A4, 0x428D, 0x94F9, 0xB5BD, 0xAD9D, 0xAD7D, 0x9D3C, 0x8CBA, 0x849A, 0x8CBC, 0x7C5A, 0x5333,
  0x2A0C, 0x1107, 0x0083, 0x0042, 0x0021, 0x0022, 0x0042, 0x0042, 0x0041, 0x0022, 0x0021, 0x0021,
  0x0042, 0x0041, 0x0041, 0x0042, 0x0042, 0x0041, 0x0041, 0x0042, 0x0021, 0x0021, 0x0021, 0x0042,
  0x0042, 0x0021, 0x0042, 0x0021, 0x0021, 0x0042, 0x0022, 0x0042, 0x0042, 0x0021, 0x0021, 0x0042,
  0x0000, 0x422F, 0x741C, 0x4251, 0x0884, 0x0000, 0x0022, 0x0021, 0x0021, 0x0021, 0x0021, 0x0883,
  0x6398, 0x7C1A, 0x5B57, 0x0021, 0x31EC, 0x10C5, 0x0021, 0x0042, 0x0042, 0x0021, 0x0021, 0x0021,
  0x0021, 0x0021, 0x0021, 0x0021, 0x0021, 0x0021, 0x0042, 0x0884, 0x0884, 0x0063, 0x0000, 0x0863,
  0x3A2D, 0x8436, 0xA53C, 0x6BB3, 0x320B, 0x94B6, 0x8456, 0x5B57, 0xAD7C, 0x9CFA, 0x1906, 0x5314,
  0x8C9C, 0x298A, 0x0000, 0x0021, 0x6376, 0x9D1C, 0x7419, 0x10E6, 0x0000, 0x0001, 0x31EB, 0x3A2C,
  0x422B, 0x7BF5, 0x8435, 0xAD7B, 0xAD5A, 0x94BA, 0x8C7A, 0x8C79, 0x9CF9, 0xAD9C, 0x8CD9, 0xA59A,
  0xCEFF, 0x951A, 0x8457, 0x753D, 0x459F, 0x1B32, 0x0062, 0x0000, 0x0020, 0x0000, 0x0000, 0x0000,
  0x0000, 0x0000, 0x0000, 0x0000, 0x0000, 0x0000, 0x0000, 0x0000, 0x0000, 0x0000, 0x0000, 0x0000,
  0x0000, 0x0000, 0x0000, 0x0000, 0x0000, 0x0000, 0x0000, 0x0000, 0x0000, 0x0000, 0x0000, 0x0000,
  0x0000, 0x0000, 0x0000, 0x0000, 0x0000, 0x0000, 0x0000, 0x0000, 0x0000, 0x0000, 0x0000, 0x0000,
  0x0000, 0x0000, 0x0000, 0x0000, 0x0000, 0x0000, 0x0000, 0x0000, 0x0000, 0x0000, 0x0000, 0x0000,
  0x0000, 0x0000, 0x0000, 0x0000, 0x0000, 0x0000, 0x0000, 0x0000, 0x0000, 0x0000, 0x0000, 0x0000,
  0x0000, 0x0000, 0x0000, 0x0000, 0x0000, 0x0000, 0x0000, 0x0000, 0x0000, 0x0000, 0x0000, 0x0000,
  0x0000, 0x0000, 0x0000, 0x0000, 0x0000, 0x0000, 0x0000, 0x0000, 0x0000, 0x0000, 0x0000, 0x0000,
  0x0000, 0x0000, 0x0000, 0x0000, 0x0000, 0x0000, 0x0000, 0x0000, 0x0000, 0x0000, 0x0000, 0x0000,
  0x0000, 0x0000, 0x0000, 0x11A9, 0x3CFB, 0x6DBE, 0xAD7E, 0xA4DB, 0x5B31, 0x2168, 0x0063, 0x0021,
  0x0883, 0x3A2B, 0x8C98, 0xAD7D, 0xAD7D, 0xAD7D, 0x8C98, 0x6B93, 0x5B73, 0x7C39, 0x94BD, 0x847B,
  0x6BD7, 0x42AF, 0x1927, 0x0883, 0x0022, 0x0022, 0x0022, 0x0022, 0x0022, 0x0041, 0x0021, 0x0021,
  0x0041, 0x0042, 0x0042, 0x0042, 0x0042, 0x0042, 0x0042, 0x0042, 0x0022, 0x0021, 0x0021, 0x0042,
  0x0022, 0x0042, 0x0042, 0x0042, 0x0042, 0x0042, 0x0042, 0x0042, 0x0022, 0x0021, 0x0042, 0x0000,
  0x2149, 0x6378, 0x216A, 0x0000, 0x0021, 0x0042, 0x0021, 0x0021, 0x0021, 0x0021, 0x0000, 0x10A5,
  0x6BB9, 0x7C1B, 0x4272, 0x0000, 0x1906, 0x0883, 0x0021, 0x0042, 0x0041, 0x0021, 0x0021, 0x0021,
  0x0021, 0x0021, 0x0021, 0x0021, 0x0021, 0x0021, 0x0021, 0x0021, 0x0021, 0x0021, 0x31AA, 0x8458,
  0xB5BC, 0xAD5C, 0x52F2, 0x6375, 0x5B13, 0xBDFB, 0x9D1A, 0x5337, 0x94B9, 0x9D1C, 0x4AB2, 0x5B37,
  0x6B98, 0x0863, 0x0000, 0x0000, 0x5B14, 0x73FB, 0x3A4F, 0x18C4, 0x3188, 0x6331, 0x8C98, 0xA53A,
  0xAD7C, 0xAD7B, 0xBDFC, 0xC63C, 0xCE5E, 0xAD5A, 0xA539, 0xB5DD, 0xAD9C, 0xD6BE, 0xB5FB, 0x9D7A,
  0xA59C, 0x951B, 0x6BB6, 0x6B97, 0xADDE, 0x75DF, 0x3D1C, 0x11C9, 0x0000, 0x0000, 0x0000, 0x0000,
  0x0000, 0x0000, 0x0000, 0x0000, 0x0000, 0x0000, 0x0000, 0x0000, 0x0000, 0x0000, 0x0000, 0x0000,
  0x0000, 0x0000, 0x0000, 0x0000, 0x0000, 0x0000, 0x0000, 0x0000, 0x0000, 0x0000, 0x0000, 0x0000,
  0x0000, 0x0000, 0x0000, 0x0000, 0x0000, 0x0000, 0x0000, 0x0000, 0x0000, 0x0000, 0x0000, 0x0000,
  0x0000, 0x0000, 0x0000, 0x0000, 0x0000, 0x0000, 0x0000, 0x0000, 0x0000, 0x0000, 0x0000, 0x0000,
  0x0000, 0x0000, 0x0000, 0x0000, 0x0000, 0x0000, 0x0000, 0x0000, 0x0000, 0x0000, 0x0000, 0x0000,
  0x0000, 0x0000, 0x0000, 0x0000, 0x0000, 0x0000, 0x0000, 0x0000, 0x0000, 0x0000, 0x0000, 0x0000,
  0x0000, 0x0000, 0x0000, 0x0000, 0x0000, 0x0000, 0x0000, 0x0000, 0x0000, 0x0000, 0x0000, 0x0000,
  0x0000, 0x0000, 0x0000, 0x0000, 0x0000, 0x0000, 0x0000, 0x0000, 0x0000, 0x0000, 0x0000, 0x0020,
  0x0000, 0x0020, 0x2B73, 0x3CFC, 0x2AF0, 0x7BD4, 0xB57D, 0x7C36, 0x3A4C, 0x10C4, 0x0021, 0x0021,
  0x0083, 0x3A2C, 0x8C98, 0xA55D, 0xA55D, 0xA55D, 0x73D4, 0x3A4C, 0x322C, 0x5332, 0x845A, 0x94BC,
  0x94BC, 0x73F8, 0x428F, 0x1927, 0x0083, 0x0042, 0x0021, 0x0021, 0x0022, 0x0042, 0x0021, 0x0021,
  0x0021, 0x0042, 0x0042, 0x0042, 0x0042, 0x0041, 0x0042, 0x0042, 0x0042, 0x0041, 0x0041, 0x0041,
  0x0042, 0x0022, 0x0041, 0x0042, 0x0042, 0x0042, 0x0042, 0x0042, 0x0021, 0x0022, 0x0000, 0x10A5,
  0x31AD, 0x0042, 0x0000, 0x0042, 0x0042, 0x0021, 0x0021, 0x0021, 0x0021, 0x0021, 0x0000, 0x18E7,
  0x6BB9, 0x6BDA, 0x2149, 0x0000, 0x0884, 0x0863, 0x0021, 0x0021, 0x0022, 0x0021, 0x0021, 0x0021,
  0x0021, 0x0021, 0x0021, 0x0021, 0x0021, 0x0022, 0x0042, 0x0000, 0x1084, 0x4A92, 0x845B, 0xA53B,
  0x9CFB, 0x4250, 0x52F2, 0x7C1B, 0x73D9, 0xBDDC, 0xAD9C, 0x3A51, 0x4A6E, 0x8C7B, 0x6BB9, 0x639B,
  0x4AB3, 0x0000, 0x0021, 0x0884, 0x4AF4, 0x7C59, 0x6B93, 0x6B71, 0x8415, 0x8C57, 0x8436, 0x94DA,
  0x94B8, 0x9CF9, 0xA51B, 0xA53B, 0x6330, 0x1905, 0x73D3, 0x847A, 0xA53A, 0xCE7D, 0xBE3D, 0xAD9D,
  0xC63D, 0xCE5D, 0xA53B, 0x52F3, 0x9D1D, 0x9CDB, 0x2AB1, 0x3D1D, 0x2311, 0x0020, 0x0000, 0x0020,
  0x0000, 0x0000, 0x0000, 0x0000, 0x0000, 0x0000, 0x0000, 0x0000, 0x0000, 0x0000, 0x0000, 0x0000,
  0x0000, 0x0000, 0x0000, 0x0000, 0x0000, 0x0000, 0x0000, 0x0000, 0x0000, 0x0000, 0x0000, 0x0000,
  0x0000, 0x0000, 0x0000, 0x0000, 0x0000, 0x0000, 0x0000, 0x0000, 0x0000, 0x0000, 0x0000, 0x0000,
  0x0000, 0x0000, 0x0000, 0x0000, 0x0000, 0x0000, 0x0000, 0x0000, 0x0000, 0x0000, 0x0000, 0x0000,
  0x0000, 0x0000, 0x0000, 0x0000, 0x0000, 0x0000, 0x0000, 0x0000, 0x0000, 0x0000, 0x0000, 0x0000,
  0x0000, 0x0000, 0x0000, 0x0000, 0x0000, 0x0000, 0x0000, 0x0000, 0x0000, 0x0000, 0x0000, 0x0000,
  0x0000, 0x0000, 0x0000, 0x0000, 0x0000, 0x0000, 0x0000, 0x0000, 0x0000, 0x0000, 0x0000, 0x0000,
  0x0000, 0x0000, 0x0000, 0x0000, 0x0000, 0x0000, 0x0000, 0x0000, 0x0000, 0x0000, 0x0020, 0x0000,
  0x0927, 0x3CDA, 0x2BD5, 0x0083, 0x1927, 0x6BB4, 0x8C98, 0x5310, 0x1947, 0x0063, 0x0021, 0x0021,
  0x08A4, 0x428E, 0x94DA, 0xA53D, 0xA53D, 0x9D1C, 0x6373, 0x2188, 0x1106, 0x29EB, 0x6374, 0x8C9B,
  0x8CBC, 0x8C9C, 0x6BD8, 0x3A6F, 0x1927, 0x0063, 0x0021, 0x0021, 0x0021, 0x0022, 0x0042, 0x0042,
  0x0021, 0x0042, 0x0022, 0x0042, 0x0042, 0x0041, 0x0042, 0x0042, 0x0042, 0x0042, 0x0042, 0x0041,
  0x0042, 0x0042, 0x0042, 0x0042, 0x0042, 0x0042, 0x0042, 0x0041, 0x0042, 0x0021, 0x0883, 0x10E6,
  0x0000, 0x0021, 0x0042, 0x0021, 0x0021, 0x0021, 0x0021, 0x0021, 0x0021, 0x0022, 0x0000, 0x1928,
  0x73FB, 0x5B36, 0x0042, 0x0021, 0x0022, 0x0042, 0x0041, 0x0021, 0x0021, 0x0021, 0x0022, 0x0021,
  0x0021, 0x0021, 0x0021, 0x0021, 0x0042, 0x0021, 0x0000, 0x298B, 0x6357, 0x73FA, 0x7BF8, 0x7C5B,
  0x31EF, 0x298B, 0x8C9C, 0x5B35, 0x5B13, 0xAD7C, 0x9D1B, 0x214A, 0x10C5, 0x73D9, 0x6BB9, 0x6397,
  0x31CC, 0x0000, 0x0001, 0x1927, 0x216A, 0x424C, 0x422C, 0x0022, 0x0063, 0x0042, 0x0020, 0x216A,
  0x3A2D, 0x7C37, 0x94BC, 0xA51D, 0x6BD3, 0x326B, 0x6BF7, 0x8C9A, 0x94FA, 0xA59C, 0x8D1B, 0x7C5A,
  0xC63D, 0xCE7D, 0xC61C, 0xA53B, 0x7C5A, 0x849A, 0x1909, 0x6396, 0x6DBF, 0x3499, 0x0906, 0x0000,
  0x0000, 0x0000, 0x0000, 0x0000, 0x0000, 0x0000, 0x0000, 0x0000, 0x0000, 0x0000, 0x0000, 0x0000,
  0x0000, 0x0000, 0x0000, 0x0000, 0x0000, 0x0000, 0x0000, 0x0000, 0x0000, 0x0000, 0x0000, 0x0000,
  0x0000, 0x0000, 0x0000, 0x0000, 0x0000, 0x0000, 0x0000, 0x0000, 0x0000, 0x0000, 0x0000, 0x0000,
  0x0000, 0x0000, 0x0000, 0x0000, 0x0000, 0x0000, 0x0000, 0x0000, 0x0000, 0x0000, 0x0000, 0x0000,
  0x0000, 0x0000, 0x0000, 0x0000, 0x0000, 0x0000, 0x0000, 0x0000, 0x0000, 0x0000, 0x0000, 0x0000,
  0x0000, 0x0000, 0x0000, 0x0000, 0x0000, 0x0000, 0x0000, 0x0000, 0x0000, 0x0000, 0x0000, 0x0000,
  0x0000, 0x0000, 0x0000, 0x0000, 0x0000, 0x0000, 0x0000, 0x0000, 0x0000, 0x0000, 0x0000, 0x0000,
  0x0000, 0x0000, 0x0000, 0x0000, 0x0000, 0x0000, 0x0000, 0x0000, 0x0000, 0x0000, 0x0000, 0x228E,
  0x453C, 0x1A2C, 0x0000, 0x0042, 0x1968, 0x5310, 0x5B51, 0x29CA, 0x08A4, 0x0021, 0x0021, 0x0021,
  0x10C5, 0x4ACF, 0x94DB, 0x9D3D, 0xA53D, 0x9CFC, 0x5B31, 0x1947, 0x0063, 0x08C5, 0x320C, 0x6BD7,
  0x849C, 0x847B, 0x845B, 0x6BB7, 0x3A4E, 0x10E6, 0x0042, 0x0021, 0x0021, 0x0041, 0x0021, 0x0041,
  0x0042, 0x0022, 0x0022, 0x0042, 0x0042, 0x0041, 0x0042, 0x0042, 0x0021, 0x0042, 0x0042, 0x0042,
  0x0042, 0x0042, 0x0042, 0x0042, 0x0042, 0x0022, 0x0042, 0x0042, 0x0021, 0x0021, 0x0863, 0x0041,
  0x0022, 0x0042, 0x0021, 0x0021, 0x0021, 0x0021, 0x0021, 0x0021, 0x0021, 0x0021, 0x0000, 0x2128,
  0x741C, 0x31CC, 0x0000, 0x0042, 0x0021, 0x0021, 0x0021, 0x0021, 0x0021, 0x0021, 0x0021, 0x0021,
  0x0021, 0x0021, 0x0021, 0x0042, 0x0021, 0x0042, 0x3A30, 0x73FA, 0x7C3B, 0x6B97, 0x6BDA, 0x3A52,
  0x0043, 0x6356, 0x847C, 0x3A0D, 0x5AF1, 0xAD7C, 0x8C98, 0x08A4, 0x0000, 0x4A93, 0x847B, 0x7C35,
  0x0884, 0x0021, 0x0021, 0x10C4, 0x0021, 0x0862, 0x2127, 0x0000, 0x0022, 0x0042, 0x298A, 0x5B14,
  0x94BB, 0xB59D, 0xB5BC, 0x73D4, 0x42CE, 0x3AB0, 0x8C9A, 0xAD5D, 0xA57D, 0x9D7C, 0xA55C, 0x6B96,
  0x94F9, 0xCE5E, 0xC61D, 0xC63D, 0x94F9, 0x73FA, 0x194A, 0x5314, 0x7418, 0x2AD0, 0x455E, 0x124C,
  0x0000, 0x0000, 0x0000, 0x0000, 0x0000, 0x0000, 0x0000, 0x0000, 0x0000, 0x0000, 0x0000, 0x0000,
  0x0000, 0x0000, 0x0000, 0x0000, 0x0000, 0x0000, 0x0000, 0x0000, 0x0000, 0x0000, 0x0000, 0x0000,
  0x0000, 0x0000, 0x0000, 0x0000, 0x0000, 0x0000, 0x0000, 0x0000, 0x0000, 0x0000, 0x0000, 0x0000,
  0x0000, 0x0000, 0x0000, 0x0000, 0x0000, 0x0000, 0x0000, 0x0000, 0x0000, 0x0000, 0x0000, 0x0000,
  0x0000, 0x0000, 0x0000, 0x0000, 0x0000, 0x0000, 0x0000, 0x0000, 0x0000, 0x0000, 0x0000, 0x0000,
  0x0000, 0x0000, 0x0000, 0x0000, 0x0000, 0x0000, 0x0000, 0x0000, 0x0000, 0x0000, 0x0000, 0x0000,
  0x0000, 0x0000, 0x0000, 0x0000, 0x0000, 0x0000, 0x0000, 0x0000, 0x0000, 0x0000, 0x0000, 0x0000,
  0x0000, 0x0000, 0x0000, 0x0000, 0x0000, 0x0000, 0x0000, 0x0000, 0x0000, 0x0041, 0x2BB5, 0x44FB,
  0x1989, 0x0863, 0x08A5, 0x0884, 0x1947, 0x3A4C, 0x320B, 0x10E5, 0x0042, 0x0021, 0x0001, 0x0021,
  0x10E5, 0x52F0, 0x94BB, 0x9CFC, 0x9D1C, 0x8C9A, 0x4AAF, 0x10E5, 0x0042, 0x0042, 0x1927, 0x4AB0,
  0x73F8, 0x845B, 0x7C3B, 0x7C3B, 0x5B55, 0x29CB, 0x08A4, 0x0042, 0x0021, 0x0022, 0x0042, 0x0042,
  0x0042, 0x0042, 0x0022, 0x0042, 0x0042, 0x0042, 0x0042, 0x0042, 0x0022, 0x0021, 0x0041, 0x0042,
  0x0042, 0x0042, 0x0042, 0x0042, 0x0042, 0x0042, 0x0021, 0x0021, 0x0021, 0x0041, 0x0021, 0x0041,
  0x0042, 0x0021, 0x0021, 0x0042, 0x0021, 0x0021, 0x0021, 0x0021, 0x0021, 0x0022, 0x0000, 0x2149,
  0x6BB8, 0x0863, 0x0021, 0x0021, 0x0021, 0x0021, 0x0021, 0x0021, 0x0021, 0x0021, 0x0021, 0x0021,
  0x0021, 0x0021, 0x0042, 0x0000, 0x0863, 0x4A93, 0x6BBA, 0x73FA, 0x4270, 0x4AB3, 0x52F5, 0x0042,
  0x298B, 0x6BB9, 0x5B57, 0x10A4, 0x52D3, 0xA51C, 0x8C56, 0x0042, 0x0000, 0x1908, 0x9D1C, 0x7417,
  0x0043, 0x0042, 0x0042, 0x0021, 0x0021, 0x0042, 0x0884, 0x0021, 0x298A, 0x6355, 0x7C1A, 0x847B,
  0xA51B, 0x94DA, 0x94FB, 0x31EA, 0x6332, 0x847B, 0x94DC, 0x953B, 0xB63E, 0x84BA, 0xC63C, 0xBDFD,
  0xAD9C, 0xBDFD, 0xB5DD, 0xB5DC, 0xBDFC, 0x94FB, 0x218C, 0x73F9, 0x426E, 0x0000, 0x74BB, 0x4D7E,
  0x2B94, 0x0021, 0x0000, 0x0000, 0x0000, 0x0000, 0x0000, 0x0000, 0x0000, 0x0000, 0x0000, 0x0000,
  0x0000, 0x0000, 0x0000, 0x0000, 0x0000, 0x0000, 0x0000, 0x0000, 0x0000, 0x0000, 0x0000, 0x0000,
  0x0000, 0x0000, 0x0000, 0x0000, 0x0000, 0x0000, 0x0000, 0x0000, 0x0000, 0x0000, 0x0000, 0x0000,
  0x0000, 0x0000, 0x0000, 0x0000, 0x0000, 0x0000, 0x0000, 0x0000, 0x0000, 0x0000, 0x0000, 0x0000,
  0x0000, 0x0000, 0x0000, 0x0000, 0x0000, 0x0000, 0x0000, 0x0000, 0x0000, 0x0000, 0x0000, 0x0000,
  0x0000, 0x0000, 0x0000, 0x0000, 0x0000, 0x0000, 0x0000, 0x0000, 0x0000, 0x0000, 0x0000, 0x0000,
  0x0000, 0x0000, 0x0000, 0x0000, 0x0000, 0x0000, 0x0000, 0x0000, 0x0000, 0x0000, 0x0000, 0x0000,
  0x0000, 0x0000, 0x0000, 0x0000, 0x0000, 0x0000, 0x0000, 0x0000, 0x08E5, 0x3499, 0x655D, 0x5B10,
  0x4AAE, 0x4ACF, 0x322B, 0x29A9, 0x3A2C, 0x3A6D, 0x21A9, 0x0884, 0x0021, 0x0021, 0x0021, 0x0021,
  0x10E5, 0x52F0, 0x8CBB, 0x9CFC, 0x9CFC, 0x7C38, 0x3A2C, 0x08A4, 0x0022, 0x0021, 0x0063, 0x2168,
  0x4AD1, 0x73F9, 0x7C3B, 0x7C3B, 0x73FA, 0x4AD2, 0x1948, 0x0063, 0x0022, 0x0022, 0x0022, 0x0042,
  0x0042, 0x0042, 0x0042, 0x0042, 0x0042, 0x0042, 0x0021, 0x0042, 0x0042, 0x0021, 0x0041, 0x0021,
  0x0021, 0x0042, 0x0021, 0x0022, 0x0022, 0x0042, 0x0041, 0x0042, 0x0021, 0x0021, 0x0021, 0x0021,
  0x0021, 0x0021, 0x0042, 0x0041, 0x0021, 0x0021, 0x0021, 0x0021, 0x0021, 0x0022, 0x0000, 0x2149,
  0x3A2D, 0x0000, 0x0042, 0x0021, 0x0021, 0x0021, 0x0021, 0x0021, 0x0021, 0x0021, 0x0021, 0x0021,
  0x0021, 0x0042, 0x0000, 0x0884, 0x5316, 0x6BBA, 0x4AB4, 0x18E7, 0x2129, 0x4AB4, 0x0863, 0x0021,
  0x4251, 0x5B58, 0x3A0F, 0x0000, 0x6334, 0x94BC, 0x6355, 0x0021, 0x0021, 0x0022, 0x6396, 0x6BDA,
  0x08A5, 0x0001, 0x0042, 0x0021, 0x0021, 0x0000, 0x10A4, 0x4AB1, 0x8439, 0x847A, 0x845A, 0x7C38,
  0x73D5, 0x94DC, 0x6332, 0x4A6D, 0x9D1D, 0x9D1C, 0x9D3B, 0x8D3A, 0x951D, 0x6334, 0xB5BA, 0xCE7D,
  0xC61D, 0x9D1B, 0x73FA, 0xA55C, 0xC63D, 0xB5DB, 0x73D4, 0x63B8, 0x2168, 0x0063, 0x52F3, 0x424F,
  0x2374, 0x3479, 0x08C4, 0x0000, 0x0020, 0x0000, 0x0000, 0x0000, 0x0000, 0x0000, 0x0000, 0x0000,
  0x0000, 0x0000, 0x0000, 0x0000, 0x0000, 0x0000, 0x0000, 0x0000, 0x0000, 0x0000, 0x0000, 0x0000,
  0x0000, 0x0000, 0x0000, 0x0000, 0x0000, 0x0000, 0x0000, 0x0000, 0x0000, 0x0000, 0x0000, 0x0000,
  0x0000, 0x0000, 0x0000, 0x0000, 0x0000, 0x0000, 0x0000, 0x0000, 0x0000, 0x0000, 0x0000, 0x0000,
  0x0000, 0x0000, 0x0000, 0x0000, 0x0000, 0x0000, 0x0000, 0x0000, 0x0000, 0x0000, 0x0000, 0x0000,
  0x0000, 0x0000, 0x0000, 0x0000, 0x0000, 0x0000, 0x0000, 0x0000, 0x0000, 0x0000, 0x0000, 0x0000,
  0x0000, 0x0000, 0x0000, 0x0000, 0x0000, 0x0000, 0x0000, 0x0000, 0x0000, 0x0000, 0x0000, 0x0000,
  0x0000, 0x0000, 0x0000, 0x0000, 0x0000, 0x0000, 0x0000, 0x11CA, 0x4D7D, 0x8DFF, 0xAD3B, 0xA53B,
  0x9CFA, 0x8C98, 0x7415, 0x6BD3, 0x6BD4, 0x5B51, 0x320B, 0x10C5, 0x0063, 0x0042, 0x0021, 0x0022,
  0x10E6, 0x4AD0, 0x8C9A, 0x9CFC, 0x94DC, 0x6B94, 0x29A9, 0x0863, 0x0021, 0x0021, 0x0021, 0x0883,
  0x2189, 0x52F2, 0x73F9, 0x7C3B, 0x7C3B, 0x6397, 0x322E, 0x10E6, 0x0042, 0x0022, 0x0042, 0x0022,
  0x0042, 0x0042, 0x0042, 0x0022, 0x0022, 0x0021, 0x0021, 0x0021, 0x0022, 0x0021, 0x0021, 0x0021,
  0x0021, 0x0022, 0x0021, 0x0021, 0x0021, 0x0042, 0x0022, 0x0042, 0x0021, 0x0021, 0x0021, 0x0021,
  0x0021, 0x0021, 0x0041, 0x0041, 0x0021, 0x0021, 0x0021, 0x0021, 0x0021, 0x0022, 0x0000, 0x1927,
  0x10C5, 0x0000, 0x0042, 0x0021, 0x0022, 0x0021, 0x0021, 0x0021, 0x0021, 0x0021, 0x0021, 0x0021,
  0x0042, 0x0000, 0x10A5, 0x5B57, 0x5B36, 0x298B, 0x0001, 0x0884, 0x4AB4, 0x0863, 0x0000, 0x10A5,
  0x4AD5, 0x52F6, 0x10C6, 0x0000, 0x5B14, 0x7C1B, 0x4272, 0x0000, 0x0021, 0x0063, 0x4AD3, 0x6399,
  0x18C6, 0x0000, 0x0042, 0x0022, 0x0000, 0x2169, 0x6376, 0x7C1A, 0x7C19, 0x6BB6, 0x422E, 0x2969,
  0x7C18, 0x6354, 0x10C5, 0x8C79, 0xA57C, 0xA57B, 0xADBD, 0xB5DD, 0x845A, 0x6376, 0xBDDD, 0xCE3C,
  0xCE3D, 0x6BB7, 0x4AD6, 0x5B56, 0x6B93, 0xAD7B, 0xB5BC, 0x31EC, 0x0883, 0x0000, 0x0884, 0x4AB0,
  0x4A4D, 0x6D3E, 0x3D3D, 0x11C9, 0x0000, 0x0000, 0x0000, 0x0000, 0x0000, 0x0000, 0x0000, 0x0000,
  0x0000, 0x0000, 0x0000, 0x0000, 0x0000, 0x0000, 0x0000, 0x0000, 0x0000, 0x0000, 0x0000, 0x0000,
  0x0000, 0x0000, 0x0000, 0x0000, 0x0000, 0x0000, 0x0000, 0x0000, 0x0000, 0x0000, 0x0000, 0x0000,
  0x0000, 0x0000, 0x0000, 0x0000, 0x0000, 0x0000, 0x0000, 0x0000, 0x0000, 0x0000, 0x0000, 0x0000,
  0x0000, 0x0000, 0x0000, 0x0000, 0x0000, 0x0000, 0x0000, 0x0000, 0x0000, 0x0000, 0x0000, 0x0000,
  0x0000, 0x0000, 0x0000, 0x0000, 0x0000, 0x0000, 0x0000, 0x0000, 0x0000, 0x0000, 0x0000, 0x0000,
  0x0000, 0x0000, 0x0000, 0x0000, 0x0000, 0x0000, 0x0000, 0x0000, 0x0000, 0x0000, 0x0000, 0x0000,
  0x0000, 0x0000, 0x0000, 0x0000, 0x0000, 0x0000, 0x1A8E, 0x55DF, 0xA5FE, 0xC5BD, 0xBDDE, 0xB5BE,
  0xB59D, 0xB59D, 0xA55C, 0xA53B, 0x9CFA, 0x7C57, 0x5311, 0x320B, 0x1947, 0x08A4, 0x0063, 0x0062,
  0x1106, 0x4AAF, 0x847A, 0x9CFD, 0x8C7A, 0x4AD0, 0x1906, 0x0042, 0x0021, 0x0021, 0x0021, 0x0021,
  0x08A4, 0x21AA, 0x52F2, 0x6BD8, 0x7C3B, 0x73FA, 0x52F3, 0x2189, 0x0883, 0x0022, 0x0022, 0x0022,
  0x0042, 0x0042, 0x0042, 0x0042, 0x0042, 0x0021, 0x0022, 0x0021, 0x0041, 0x0021, 0x0022, 0x0021,
  0x0021, 0x0021, 0x0021, 0x0021, 0x0021, 0x0041, 0x0042, 0x0042, 0x0021, 0x0042, 0x0041, 0x0021,
  0x0021, 0x0042, 0x0022, 0x0042, 0x0042, 0x0021, 0x0021, 0x0021, 0x0021, 0x0022, 0x0001, 0x1907,
  0x0863, 0x0021, 0x0021, 0x0021, 0x0021, 0x0021, 0x0021, 0x0021, 0x0021, 0x0021, 0x0021, 0x0042,
  0x0001, 0x0884, 0x4271, 0x29AC, 0x0022, 0x0000, 0x0042, 0x3A30, 0x10C5, 0x0000, 0x0000, 0x218B,
  0x5B58, 0x31EF, 0x0021, 0x0001, 0x4272, 0x6BBB, 0x3A10, 0x0000, 0x0021, 0x0884, 0x10C6, 0x3A2F,
  0x31AB, 0x0000, 0x0021, 0x0042, 0x4A90, 0x7C19, 0x5B36, 0x424F, 0x2169, 0x0842, 0x0001, 0x6B76,
  0x6BB7, 0x0885, 0x8456, 0xBDDD, 0xCE5C, 0x8477, 0x7419, 0xC63E, 0x6BB3, 0x6B74, 0xC5FD, 0xC5FC,
  0xD67E, 0x73B2, 0x29CD, 0x7C5C, 0x29CC, 0x2126, 0x8CDB, 0x73D3, 0x0001, 0x0063, 0x31EC, 0x6BB6,
  0x6BB6, 0x5B55, 0x6C5B, 0x4D7F, 0x126E, 0x0000, 0x0000, 0x0000, 0x0000, 0x0000, 0x0000, 0x0000,
  0x0000, 0x0000, 0x0000, 0x0000, 0x0000, 0x0000, 0x0000, 0x0000, 0x0000, 0x0000, 0x0000, 0x0000,
  0x0000, 0x0000, 0x0000, 0x0000, 0x0000, 0x0000, 0x0000, 0x0000, 0x0000, 0x0000, 0x0000, 0x0000,
  0x0000, 0x0000, 0x0000, 0x0000, 0x0000, 0x0000, 0x0000, 0x0000, 0x0000, 0x0000, 0x0000, 0x0000,
  0x0000, 0x0000, 0x0000, 0x0000, 0x0000, 0x0000, 0x0000, 0x0000, 0x0000, 0x0000, 0x0000, 0x0000,
  0x0000, 0x0000, 0x0000, 0x0000, 0x0000, 0x0000, 0x0000, 0x0000, 0x0000, 0x0000, 0x0000, 0x0000,
  0x0000, 0x0000, 0x0000, 0x0000, 0x0000, 0x0000, 0x0000, 0x0000, 0x0000, 0x0000, 0x0000, 0x0000,
  0x0000, 0x0000, 0x0000, 0x0000, 0x0000, 0x2B73, 0x65FF, 0xADBE, 0xBDBD, 0xB5BE, 0xB5BD, 0xB59D,
  0xB59D, 0xB59D, 0xAD7D, 0xAD7D, 0xA55D, 0x94DB, 0x7C38, 0x5B52, 0x3A2C, 0x2168, 0x10C5, 0x08A4,
  0x1927, 0x4AAF, 0x8479, 0x94DC, 0x73D6, 0x320B, 0x08A4, 0x0021, 0x0021, 0x0021, 0x0021, 0x0021,
  0x0022, 0x08A4, 0x2189, 0x4290, 0x6396, 0x73FA, 0x6398, 0x3A4E, 0x10E5, 0x0042, 0x0021, 0x0022,
  0x0042, 0x0042, 0x0042, 0x0042, 0x0022, 0x0021, 0x0021, 0x0021, 0x0041, 0x0042, 0x0042, 0x0022,
  0x0041, 0x0042, 0x0022, 0x0041, 0x0021, 0x0042, 0x0022, 0x0042, 0x0022, 0x0042, 0x0042, 0x0022,
  0x0022, 0x0042, 0x0042, 0x0022, 0x0022, 0x0021, 0x0022, 0x0021, 0x0021, 0x0021, 0x0021, 0x0883,
  0x0042, 0x0021, 0x0021, 0x0021, 0x0021, 0x0021, 0x0021, 0x0021, 0x0041, 0x0021, 0x0021, 0x0021,
  0x10A5, 0x2149, 0x0862, 0x0000, 0x0021, 0x0021, 0x1928, 0x10C6, 0x0000, 0x0042, 0x0001, 0x3A51,
  0x4AF6, 0x0884, 0x0021, 0x0000, 0x3A0F, 0x6BDB, 0x31CE, 0x0000, 0x0022, 0x0042, 0x0021, 0x10A4,
  0x31CC, 0x0000, 0x0884, 0x3A4F, 0x4AB1, 0x298A, 0x0883, 0x0000, 0x0000, 0x0001, 0x52F4, 0x52F4,
  0x10C7, 0x73B2, 0xC63D, 0xC5FC, 0xAD7A, 0x8C97, 0x4AAE, 0xC61C, 0x9CF6, 0x7C17, 0xA55C, 0xAD7B,
  0xC63D, 0x94D7, 0x31ED, 0x849D, 0x2148, 0x0021, 0x3A92, 0x6330, 0x426C, 0x08A5, 0x1948, 0x10E6,
  0x1929, 0x4270, 0x8458, 0x9D7D, 0x5DFF, 0x2332, 0x0000, 0x0000, 0x0000, 0x0000, 0x0000, 0x0000,
  0x0000, 0x0000, 0x0000, 0x0000, 0x0000, 0x0000, 0x0000, 0x0000, 0x0000, 0x0000, 0x0000, 0x0000,
  0x0000, 0x0000, 0x0000, 0x0000, 0x0000, 0x0000, 0x0000, 0x0000, 0x0000, 0x0000, 0x0000, 0x0000,
  0x0000, 0x0000, 0x0000, 0x0000, 0x0000, 0x0000, 0x0000, 0x0000, 0x0000, 0x0000, 0x0000, 0x0000,
  0x0000, 0x0000, 0x0000, 0x0000, 0x0000, 0x0000, 0x0000, 0x0000, 0x0000, 0x0000, 0x0000, 0x0000,
  0x0000, 0x0000, 0x0000, 0x0000, 0x0000, 0x0000, 0x0000, 0x0000, 0x0000, 0x0000, 0x0000, 0x0000,
  0x0000, 0x0000, 0x0000, 0x0000, 0x0000, 0x0000, 0x0000, 0x0000, 0x0000, 0x0000, 0x0000, 0x0000,
  0x0000, 0x0020, 0x0000, 0x0041, 0x2C17, 0x659E, 0x9CFA, 0xB57D, 0xAD7D, 0xAD5D, 0x9D1C, 0x94B9,
  0x8478, 0x7C37, 0x7C36, 0x7C16, 0x73D5, 0x6B94, 0x5B52, 0x4AAF, 0x320B, 0x1947, 0x10C5, 0x0883,
  0x1106, 0x426E, 0x8458, 0x8C9A, 0x5311, 0x1927, 0x0062, 0x0021, 0x0021, 0x0021, 0x0021, 0x0021,
  0x0021, 0x0022, 0x0063, 0x1927, 0x320D, 0x5334, 0x6BD8, 0x5313, 0x2169, 0x0083, 0x0022, 0x0021,
  0x0022, 0x0022, 0x0042, 0x0042, 0x0042, 0x0042, 0x0021, 0x0021, 0x0042, 0x0042, 0x0021, 0x0022,
  0x0022, 0x0022, 0x0022, 0x0042, 0x0041, 0x0021, 0x0021, 0x0042, 0x0021, 0x0021, 0x0022, 0x0022,
  0x0021, 0x0022, 0x0042, 0x0042, 0x0021, 0x0021, 0x0022, 0x0021, 0x0021, 0x0021, 0x0021, 0x0021,
  0x0021, 0x0021, 0x0021, 0x0021, 0x0042, 0x0041, 0x0021, 0x0021, 0x0021, 0x0021, 0x0021, 0x0863,
  0x10C5, 0x0021, 0x0021, 0x0042, 0x0021, 0x0884, 0x10A4, 0x0001, 0x0042, 0x0021, 0x0043, 0x52F6,
  0x29AD, 0x0000, 0x0042, 0x0000, 0x31EE, 0x73FC, 0x216A, 0x0000, 0x0042, 0x0021, 0x0042, 0x0021,
  0x1906, 0x10C5, 0x1906, 0x0883, 0x0000, 0x0001, 0x0021, 0x0042, 0x0000, 0x3A2F, 0x4251, 0x2149,
  0x8C78, 0xBDDC, 0xBDDB, 0xBDDB, 0x94D8, 0xB59B, 0x8437, 0xCE3C, 0xCE3C, 0x9CFB, 0x6398, 0x8C98,
  0xA55B, 0x8C9A, 0x424F, 0x5317, 0x10A5, 0x08A4, 0x322E, 0x0001, 0x424C, 0x1905, 0x0000, 0x21AC,
  0x7C7B, 0xA57C, 0x8499, 0xA55D, 0x849A, 0x44DC, 0x2BF5, 0x0041, 0x0000, 0x0000, 0x0000, 0x0000,
  0x0000, 0x0000, 0x0000, 0x0000, 0x0000, 0x0000, 0x0000, 0x0000, 0x0000, 0x0000, 0x0000, 0x0000,
  0x0000, 0x0000, 0x0000, 0x0000, 0x0000, 0x0000, 0x0000, 0x0000, 0x0000, 0x0000, 0x0000, 0x0000,
  0x0000, 0x0000, 0x0000, 0x0000, 0x0000, 0x0000, 0x0000, 0x0000, 0x0000, 0x0000, 0x0000, 0x0000,
  0x0000, 0x0000, 0x0000, 0x0000, 0x0000, 0x0000, 0x0000, 0x0000, 0x0000, 0x0000, 0x0000, 0x0000,
  0x0000, 0x0000, 0x0000, 0x0000, 0x0000, 0x0000, 0x0000, 0x0000, 0x0000, 0x0000, 0x0000, 0x0000,
  0x0000, 0x0000, 0x0000, 0x0000, 0x0000, 0x0000, 0x0000, 0x0000, 0x0000, 0x0000, 0x0000, 0x0000,
  0x0020, 0x0000, 0x0082, 0x3479, 0x657D, 0x8C97, 0x9D1B, 0xA55D, 0x9D3D, 0x94DC, 0x7C58, 0x5B72,
  0x428D, 0x320B, 0x320B, 0x31EB, 0x29CA, 0x2188, 0x1947, 0x1926, 0x10E5, 0x08A4, 0x0883, 0x0042,
  0x08A4, 0x31EB, 0x6BD6, 0x6BD6, 0x320B, 0x08A4, 0x0022, 0x0021, 0x0021, 0x0021, 0x0021, 0x0021,
  0x0021, 0x0021, 0x0022, 0x0042, 0x10C5, 0x29CA, 0x4AD1, 0x5313, 0x320D, 0x10E6, 0x0062, 0x0021,
  0x0021, 0x0022, 0x0042, 0x0042, 0x0042, 0x0042, 0x0022, 0x0021, 0x0022, 0x0022, 0x0021, 0x0042,
  0x0022, 0x0041, 0x0042, 0x0042, 0x0042, 0x0041, 0x0021, 0x0021, 0x0021, 0x0021, 0x0021, 0x0021,
  0x0021, 0x0022, 0x0021, 0x0021, 0x0021, 0x0021, 0x0022, 0x0022, 0x0042, 0x0022, 0x0021, 0x0021,
  0x0021, 0x0021, 0x0021, 0x0021, 0x0021, 0x0021, 0x0021, 0x0021, 0x0021, 0x0021, 0x0021, 0x0042,
  0x0021, 0x0042, 0x0042, 0x0021, 0x0021, 0x0042, 0x0021, 0x0042, 0x0042, 0x0000, 0x1907, 0x5316,
  0x0863, 0x0021, 0x0042, 0x0000, 0x29AB, 0x73FB, 0x10C6, 0x0000, 0x0042, 0x0022, 0x0041, 0x0021,
  0x0883, 0x0883, 0x0001, 0x0021, 0x0042, 0x0042, 0x0042, 0x0000, 0x296B, 0x4230, 0x298C, 0x847A,
  0xB57A, 0xAD3A, 0xBDDC, 0x7C17, 0xA539, 0xB59C, 0x94FB, 0xC63C, 0xC61C, 0x94DB, 0x4AF7, 0x6376,
  0x94DB, 0x845A, 0x73D7, 0x4294, 0x0043, 0x08A4, 0x2189, 0x0022, 0x0021, 0x10C4, 0x10C5, 0x5B55,
  0x6BD6, 0x5B74, 0x3231, 0x6BDC, 0x4AB1, 0x422D, 0x5D7F, 0x2C58, 0x0062, 0x0000, 0x0000, 0x0000,
  0x0000, 0x0000, 0x0000, 0x0000, 0x0000, 0x0000, 0x0000, 0x0000, 0x0000, 0x0000, 0x0000, 0x0000,
  0x0000, 0x0000, 0x0000, 0x0000, 0x0000, 0x0000, 0x0000, 0x0000, 0x0000, 0x0000, 0x0000, 0x0000,
  0x0000, 0x0000, 0x0000, 0x0000, 0x0000, 0x0000, 0x0000, 0x0000, 0x0000, 0x0000, 0x0000, 0x0000,
  0x0000, 0x0000, 0x0000, 0x0000, 0x0000, 0x0000, 0x0000, 0x0000, 0x0000, 0x0000, 0x0000, 0x0000,
  0x0000, 0x0000, 0x0000, 0x0000, 0x0000, 0x0000, 0x0000, 0x0000, 0x0000, 0x0000, 0x0000, 0x0000,
  0x0000, 0x0000, 0x0000, 0x0000, 0x0000, 0x0000, 0x0000, 0x0000, 0x0000, 0x0000, 0x0000, 0x0020,
  0x0000, 0x08C4, 0x3CDB, 0x85FF, 0xAD3A, 0xA55C, 0xA55D, 0xA53C, 0x9D1C, 0x8C9A, 0x63B5, 0x3A6E,
  0x1948, 0x08C4, 0x08A4, 0x0883, 0x0883, 0x0063, 0x0062, 0x0042, 0x0042, 0x0042, 0x0022, 0x0021,
  0x0063, 0x2189, 0x4AF1, 0x4AAF, 0x1947, 0x0042, 0x0021, 0x0021, 0x0021, 0x0021, 0x0021, 0x0021,
  0x0021, 0x0021, 0x0021, 0x0021, 0x0042, 0x08A4, 0x1948, 0x322D, 0x322D, 0x1969, 0x08A4, 0x0042,
  0x0022, 0x0022, 0x0022, 0x0042, 0x0042, 0x0022, 0x0022, 0x0042, 0x0042, 0x0022, 0x0021, 0x0042,
  0x0022, 0x0021, 0x0042, 0x0041, 0x0021, 0x0042, 0x0021, 0x0021, 0x0021, 0x0021, 0x0021, 0x0021,
  0x0021, 0x0021, 0x0021, 0x0021, 0x0021, 0x0021, 0x0021, 0x0021, 0x0042, 0x0021, 0x0021, 0x0021,
  0x0021, 0x0021, 0x0021, 0x0022, 0x0022, 0x0022, 0x0021, 0x0021, 0x0021, 0x0021, 0x0021, 0x0021,
  0x0022, 0x0021, 0x0021, 0x0021, 0x0021, 0x0021, 0x0021, 0x0021, 0x0042, 0x0000, 0x298B, 0x298B,
  0x0000, 0x0042, 0x0042, 0x0000, 0x1907, 0x6398, 0x0863, 0x0021, 0x0042, 0x0042, 0x0021, 0x0021,
  0x0021, 0x0021, 0x0042, 0x0022, 0x0021, 0x0021, 0x0001, 0x10C5, 0x31EE, 0x320F, 0x73FA, 0x8C79,
  0x94B9, 0x9CDA, 0x9CDB, 0x8CBA, 0xBDDB, 0x8CBB, 0x8C9A, 0xC5FC, 0xCE5C, 0x8C9A, 0x5339, 0x1929,
  0x6B95, 0x8C7A, 0x849A, 0x7C79, 0x1906, 0x0022, 0x0883, 0x0021, 0x0000, 0x0000, 0x320D, 0x4AD3,
  0x4271, 0x6BF9, 0x8C9B, 0x94BC, 0x3A6F, 0x6B92, 0xBD9C, 0x7DDF, 0x2C9A, 0x08A4, 0x0000, 0x0000,
  0x0000, 0x0000, 0x0000, 0x0000, 0x0000, 0x0000, 0x0000, 0x0000, 0x0000, 0x0000, 0x0000, 0x0000,
  0x0000, 0x0000, 0x0000, 0x0000, 0x0000, 0x0000, 0x0000, 0x0000, 0x0000, 0x0000, 0x0000, 0x0000,
  0x0000, 0x0000, 0x0000, 0x0000, 0x0000, 0x0000, 0x0000, 0x0000, 0x0000, 0x0000, 0x0000, 0x0000,
  0x0000, 0x0000, 0x0000, 0x0000, 0x0000, 0x0000, 0x0000, 0x0000, 0x0000, 0x0000, 0x0000, 0x0000,
  0x0000, 0x0000, 0x0000, 0x0000, 0x0000, 0x0000, 0x0000, 0x0000, 0x0000, 0x0000, 0x0000, 0x0000,
  0x0000, 0x0000, 0x0000, 0x0000, 0x0000, 0x0000, 0x0000, 0x0000, 0x0000, 0x0000, 0x0020, 0x0000,
  0x0905, 0x3D1C, 0x85BD, 0xB57A, 0xBDDC, 0xBDFD, 0xB5BD, 0xAD7D, 0x9D3D, 0x8CBB, 0x63B6, 0x3A4D,
  0x1127, 0x0083, 0x0022, 0x0021, 0x0021, 0x0021, 0x0021, 0x0021, 0x0021, 0x0021, 0x0021, 0x0021,
  0x0062, 0x1927, 0x29EB, 0x21AA, 0x08A4, 0x0041, 0x0021, 0x0021, 0x0021, 0x0021, 0x0021, 0x0021,
  0x0021, 0x0021, 0x0021, 0x0021, 0x0021, 0x0022, 0x0063, 0x1106, 0x2189, 0x1948, 0x10C5, 0x0062,
  0x0042, 0x0021, 0x0021, 0x0022, 0x0021, 0x0021, 0x0021, 0x0021, 0x0042, 0x0022, 0x0021, 0x0021,
  0x0021, 0x0022, 0x0042, 0x0042, 0x0042, 0x0021, 0x0022, 0x0021, 0x0021, 0x0021, 0x0021, 0x0021,
  0x0041, 0x0021, 0x0021, 0x0021, 0x0021, 0x0021, 0x0021, 0x0021, 0x0021, 0x0021, 0x0021, 0x0021,
  0x0021, 0x0021, 0x0022, 0x0021, 0x0021, 0x0021, 0x0021, 0x0021, 0x0021, 0x0021, 0x0021, 0x0021,
  0x0021, 0x0021, 0x0021, 0x0021, 0x0021, 0x0021, 0x0021, 0x0021, 0x0021, 0x0021, 0x2149, 0x0042,
  0x0021, 0x0021, 0x0022, 0x0021, 0x0884, 0x4270, 0x0021, 0x0042, 0x0022, 0x0021, 0x0021, 0x0021,
  0x0021, 0x0021, 0x0021, 0x0021, 0x0021, 0x0021, 0x0022, 0x10E7, 0x4271, 0x73FA, 0x7C19, 0x8439,
  0x7C39, 0x7C18, 0x7419, 0x8458, 0x94DB, 0x6BB9, 0x52D3, 0xAD7B, 0xCE3C, 0x94DB, 0x3231, 0x0000,
  0x298A, 0x8439, 0x847A, 0x8477, 0x6372, 0x0001, 0x0042, 0x0021, 0x1907, 0x52D1, 0x6BD7, 0x7C5A,
  0x849B, 0x8CBA, 0x9CFC, 0x741A, 0x94DA, 0xB59C, 0xB5BD, 0xB59C, 0x8DFF, 0x34BB, 0x0905, 0x0000,
  0x0000, 0x0000, 0x0000, 0x0000, 0x0000, 0x0000, 0x0000, 0x0000, 0x0000, 0x0000, 0x0000, 0x0000,
  0x0000, 0x0000, 0x0000, 0x0000, 0x0000, 0x0000, 0x0000, 0x0000, 0x0000, 0x0000, 0x0000, 0x0000,
  0x0000, 0x0000, 0x0000, 0x0000, 0x0000, 0x0000, 0x0000, 0x0000, 0x0000, 0x0000, 0x0000, 0x0000,
  0x0000, 0x0000, 0x0000, 0x0000, 0x0000, 0x0000, 0x0000, 0x0000, 0x0000, 0x0000, 0x0000, 0x0000,
  0x0000, 0x0000, 0x0000, 0x0000, 0x0000, 0x0000, 0x0000, 0x0000, 0x0000, 0x0000, 0x0000, 0x0000,
  0x0000, 0x0000, 0x0000, 0x0000, 0x0000, 0x0000, 0x0000, 0x0000, 0x0000, 0x0020, 0x0000, 0x0926,
  0x455D, 0x753B, 0x7BF3, 0x73F3, 0x8475, 0xAD9B, 0xC61E, 0xB5BD, 0xA55D, 0x94FC, 0x7C3A, 0x5313,
  0x320C, 0x1107, 0x0883, 0x0042, 0x0021, 0x0021, 0x0021, 0x0021, 0x0021, 0x0021, 0x0021, 0x0021,
  0x0062, 0x10E5, 0x1927, 0x10E5, 0x0062, 0x0021, 0x0021, 0x0021, 0x0021, 0x0021, 0x0021, 0x0021,
  0x0021, 0x0021, 0x0021, 0x0021, 0x0021, 0x0021, 0x0022, 0x0063, 0x08C5, 0x10E5, 0x08A4, 0x0063,
  0x0022, 0x0021, 0x0021, 0x0021, 0x0021, 0x0042, 0x0021, 0x0021, 0x0042, 0x0021, 0x0021, 0x0021,
  0x0021, 0x0042, 0x0041, 0x0042, 0x0042, 0x0021, 0x0021, 0x0041, 0x0021, 0x0021, 0x0021, 0x0021,
  0x0021, 0x0021, 0x0021, 0x0041, 0x0021, 0x0021, 0x0021, 0x0021, 0x0021, 0x0021, 0x0021, 0x0021,
  0x0021, 0x0022, 0x0022, 0x0022, 0x0042, 0x0022, 0x0022, 0x0021, 0x0021, 0x0021, 0x0021, 0x0021,
  0x0021, 0x0021, 0x0021, 0x0021, 0x0021, 0x0021, 0x0021, 0x0021, 0x0021, 0x0042, 0x10C4, 0x0021,
  0x0042, 0x0021, 0x0021, 0x0021, 0x0042, 0x2149, 0x0021, 0x0042, 0x0022, 0x0021, 0x0021, 0x0021,
  0x0021, 0x0021, 0x0021, 0x0021, 0x0021, 0x0021, 0x0042, 0x4271, 0x5B56, 0x6377, 0x73F8, 0x843A,
  0x5B14, 0x4AF3, 0x3A4F, 0x4A91, 0x7C3B, 0x6377, 0x298C, 0x94DA, 0xC61C, 0x9CFC, 0x192A, 0x0000,
  0x0042, 0x73B6, 0xA53C, 0x52F1, 0x424C, 0x2147, 0x0041, 0x1927, 0x31EC, 0x426F, 0x3A4F, 0x3A2D,
  0x4290, 0x5B57, 0x6BBA, 0x94DB, 0xAD9B, 0x847A, 0x8C9B, 0xBDFB, 0xA53A, 0x7DBE, 0x3D3D, 0x08E5,
  0x0000, 0x0020, 0x0000, 0x0000, 0x0000, 0x0000, 0x0000, 0x0000, 0x0000, 0x0000, 0x0000, 0x0000,
  0x0000, 0x0000, 0x0000, 0x0000, 0x0000, 0x0000, 0x0000, 0x0000, 0x0000, 0x0000, 0x0000, 0x0000,
  0x0000, 0x0000, 0x0000, 0x0000, 0x0000, 0x0000, 0x0000, 0x0000, 0x0000, 0x0000, 0x0000, 0x0000,
  0x0000, 0x0000, 0x0000, 0x0000, 0x0000, 0x0000, 0x0000, 0x0000, 0x0000, 0x0000, 0x0000, 0x0000,
  0x0000, 0x0000, 0x0000, 0x0000, 0x0000, 0x0000, 0x0000, 0x0000, 0x0000, 0x0000, 0x0000, 0x0000,
  0x0000, 0x0000, 0x0000, 0x0000, 0x0000, 0x0000, 0x0000, 0x0000, 0x0020, 0x0000, 0x0926, 0x457D,
  0x9E1E, 0x8C75, 0x4AAE, 0x31EA, 0x428C, 0x7C34, 0xB5BB, 0xBDFD, 0xAD7D, 0x9CFC, 0x8C9C, 0x7C39,
  0x5B54, 0x3A4E, 0x2168, 0x08C5, 0x0042, 0x0022, 0x0021, 0x0021, 0x0021, 0x0021, 0x0021, 0x0021,
  0x0042, 0x0883, 0x08A4, 0x0883, 0x0042, 0x0021, 0x0021, 0x0021, 0x0021, 0x0021, 0x0021, 0x0021,
  0x0021, 0x0021, 0x0021, 0x0021, 0x0021, 0x0021, 0x0021, 0x0022, 0x0042, 0x0063, 0x0063, 0x0042,
  0x0021, 0x0021, 0x0021, 0x0021, 0x0021, 0x0021, 0x0021, 0x0021, 0x0021, 0x0021, 0x0021, 0x0021,
  0x0021, 0x0021, 0x0021, 0x0021, 0x0021, 0x0021, 0x0021, 0x0021, 0x0021, 0x0021, 0x0021, 0x0021,
  0x0021, 0x0021, 0x0021, 0x0021, 0x0021, 0x0041, 0x0021, 0x0021, 0x0021, 0x0022, 0x0021, 0x0021,
  0x0021, 0x0022, 0x0022, 0x0022, 0x0042, 0x0042, 0x0021, 0x0021, 0x0021, 0x0021, 0x0021, 0x0021,
  0x0021, 0x0042, 0x0021, 0x0021, 0x0021, 0x0021, 0x0021, 0x0021, 0x0021, 0x0021, 0x0021, 0x0021,
  0x0021, 0x0021, 0x0021, 0x0021, 0x0042, 0x1906, 0x0021, 0x0042, 0x0021, 0x0021, 0x0021, 0x0021,
  0x0021, 0x0021, 0x0021, 0x0021, 0x0021, 0x0021, 0x424F, 0x424F, 0x31CD, 0x6BD8, 0x7C19, 0x5B35,
  0x1907, 0x3A2F, 0x0863, 0x52F4, 0x6BDA, 0x52F4, 0x31EF, 0x7C3A, 0xA53A, 0x7419, 0x08C6, 0x0001,
  0x0042, 0x5B55, 0x94DB, 0x7C17, 0x0021, 0x10A3, 0x0021, 0x0022, 0x0001, 0x0000, 0x0000, 0x08A5,
  0x29CF, 0x5B59, 0x845C, 0x9D1B, 0x42AE, 0x6376, 0x94FB, 0xC63C, 0xBE3D, 0xD69D, 0x6D3C, 0x2CDC,
  0x0906, 0x0000, 0x0000, 0x0000, 0x0000, 0x0000, 0x0000, 0x0000, 0x0000, 0x0000, 0x0000, 0x0000,
  0x0000, 0x0000, 0x0000, 0x0000, 0x0000, 0x0000, 0x0000, 0x0000, 0x0000, 0x0000, 0x0000, 0x0000,
  0x0000, 0x0000, 0x0000, 0x0000, 0x0000, 0x0000, 0x0000, 0x0000, 0x0000, 0x0000, 0x0000, 0x0000,
  0x0000, 0x0000, 0x0000, 0x0000, 0x0000, 0x0000, 0x0000, 0x0000, 0x0000, 0x0000, 0x0000, 0x0000,
  0x0000, 0x0000, 0x0000, 0x0000, 0x0000, 0x0000, 0x0000, 0x0000, 0x0000, 0x0000, 0x0000, 0x0000,
  0x0000, 0x0000, 0x0000, 0x0000, 0x0000, 0x0000, 0x0000, 0x0020, 0x0000, 0x0926, 0x4D7D, 0xA61E,
  0xCDFD, 0x8476, 0x320A, 0x10E5, 0x1926, 0x428D, 0x8475, 0xB59C, 0xAD7D, 0x9D1C, 0x94FC, 0x94BC,
  0x847A, 0x6BB6, 0x4AD0, 0x29CB, 0x10E5, 0x0063, 0x0022, 0x0021, 0x0021, 0x0021, 0x0021, 0x0021,
  0x0042, 0x0042, 0x0062, 0x0042, 0x0022, 0x0021, 0x0021, 0x0021, 0x0021, 0x0021, 0x0021, 0x0021,
  0x0021, 0x0021, 0x0021, 0x0021, 0x0021, 0x0021, 0x0021, 0x0021, 0x0021, 0x0022, 0x0022, 0x0021,
  0x0021, 0x0021, 0x0021, 0x0021, 0x0021, 0x0021, 0x0021, 0x0021, 0x0021, 0x0021, 0x0021, 0x0021,
  0x0021, 0x0021, 0x0021, 0x0021, 0x0021, 0x0021, 0x0021, 0x0021, 0x0021, 0x0021, 0x0021, 0x0021,
  0x0021, 0x0021, 0x0021, 0x0021, 0x0021, 0x0021, 0x0021, 0x0022, 0x0021, 0x0021, 0x0022, 0x0021,
  0x0021, 0x0021, 0x0022, 0x0021, 0x0021, 0x0022, 0x0021, 0x0021, 0x0021, 0x0021, 0x0022, 0x0022,
  0x0021, 0x0041, 0x0021, 0x0021, 0x0021, 0x0021, 0x0021, 0x0021, 0x0021, 0x0021, 0x0021, 0x0021,
  0x0021, 0x0021, 0x0021, 0x0021, 0x0022, 0x0063, 0x0022, 0x0022, 0x0022, 0x0022, 0x0021, 0x0021,
  0x0021, 0x0021, 0x0021, 0x0021, 0x0021, 0x2169, 0x2128, 0x10E6, 0x6377, 0x73D9, 0x5B35, 0x0863,
  0x10E6, 0x08A5, 0x0884, 0x5317, 0x6378, 0x3A30, 0x3230, 0x6399, 0x6BD9, 0x6377, 0x0862, 0x0021,
  0x0063, 0x4AD4, 0x741A, 0x7C19, 0x10A5, 0x0000, 0x0042, 0x0042, 0x0063, 0x0042, 0x0001, 0x0043,
  0x4294, 0x7C1A, 0x3A2F, 0x0042, 0x10C5, 0xA55C, 0x7416, 0x7CD9, 0xC63D, 0xA57C, 0x9CDB, 0x751D,
  0x34FD, 0x0906, 0x0000, 0x0000, 0x0000, 0x0000, 0x0000, 0x0000, 0x0000, 0x0000, 0x0000, 0x0000,
  0x0000, 0x0000, 0x0000, 0x0000, 0x0000, 0x0000, 0x0000, 0x0000, 0x0000, 0x0000, 0x0000, 0x0000,
  0x0000, 0x0000, 0x0000, 0x0000, 0x0000, 0x0000, 0x0000, 0x0000, 0x0000, 0x0000, 0x0000, 0x0000,
  0x0000, 0x0000, 0x0000, 0x0000, 0x0000, 0x0000, 0x0000, 0x0000, 0x0000, 0x0000, 0x0000, 0x0000,
  0x0000, 0x0000, 0x0000, 0x0000, 0x0000, 0x0000, 0x0000, 0x0000, 0x0000, 0x0000, 0x0000, 0x0000,
  0x0000, 0x0000, 0x0000, 0x0000, 0x0000, 0x0000, 0x0000, 0x0000, 0x0926, 0x457D, 0xA61E, 0xCDFD,
  0xBDDD, 0x7C55, 0x320A, 0x08A4, 0x0063, 0x1947, 0x530F, 0x9CF8, 0xAD9C, 0xA55C, 0x9D1C, 0x94FC,
  0x94BC, 0x8C9B, 0x7418, 0x5332, 0x29EB, 0x10E6, 0x0063, 0x0042, 0x0021, 0x0021, 0x0021, 0x0021,
  0x0022, 0x0042, 0x0022, 0x0022, 0x0021, 0x0021, 0x0021, 0x0021, 0x0021, 0x0021, 0x0021, 0x0021,
  0x0021, 0x0022, 0x0021, 0x0021, 0x0021, 0x0021, 0x0021, 0x0021, 0x0021, 0x0021, 0x0021, 0x0021,
  0x0021, 0x0021, 0x0021, 0x0021, 0x0021, 0x0021, 0x0021, 0x0021, 0x0021, 0x0021, 0x0021, 0x0021,
  0x0021, 0x0021, 0x0021, 0x0021, 0x0021, 0x0021, 0x0042, 0x0042, 0x0042, 0x0042, 0x0022, 0x0021,
  0x0022, 0x0042, 0x0042, 0x0042, 0x0042, 0x0042, 0x0042, 0x0042, 0x0042, 0x0042, 0x0042, 0x0021,
  0x0021, 0x0021, 0x0022, 0x0021, 0x0021, 0x0021, 0x0042, 0x0042, 0x0022, 0x0042, 0x0042, 0x0042,
  0x0022, 0x0021, 0x0021, 0x0021, 0x0021, 0x0021, 0x0021, 0x0021, 0x0021, 0x0021, 0x0021, 0x0021,
  0x0021, 0x0021, 0x0021, 0x0021, 0x0022, 0x0021, 0x0022, 0x0022, 0x0042, 0x0021, 0x0021, 0x0021,
  0x0022, 0x0021, 0x0021, 0x0021, 0x0884, 0x0863, 0x0000, 0x52F4, 0x73FA, 0x5315, 0x0884, 0x0021,
  0x10C5, 0x0000, 0x18E7, 0x5317, 0x5B58, 0x29CD, 0x218B, 0x4A93, 0x6BBA, 0x5B36, 0x0884, 0x0021,
  0x0043, 0x52F4, 0x29AB, 0x6BB7, 0x2969, 0x0000, 0x0022, 0x0001, 0x0000, 0x0021, 0x10C5, 0x3A0D,
  0x7C3B, 0x6B93, 0x4A6B, 0x2946, 0x29A9, 0x7C57, 0x7C76, 0x8CFB, 0x8CDC, 0x8C9C, 0xBE1D, 0xAD7B,
  0x8E1F, 0x3D3D, 0x08C5, 0x0000, 0x0000, 0x0000, 0x0000, 0x0000, 0x0000, 0x0000, 0x0000, 0x0000,
  0x0000, 0x0000, 0x0000, 0x0000, 0x0000, 0x0000, 0x0000, 0x0000, 0x0000, 0x0000, 0x0000, 0x0000,
  0x0000, 0x0000, 0x0000, 0x0000, 0x0000, 0x0000, 0x0000, 0x0000, 0x0000, 0x0000, 0x0000, 0x0000,
  0x0000, 0x0000, 0x0000, 0x0000, 0x0000, 0x0000, 0x0000, 0x0000, 0x0000, 0x0000, 0x0000, 0x0000,
  0x0000, 0x0000, 0x0000, 0x0000, 0x0000, 0x0000, 0x0000, 0x0000, 0x0000, 0x0000, 0x0000, 0x0000,
  0x0000, 0x0000, 0x0000, 0x0000, 0x0000, 0x0000, 0x0000, 0x08E5, 0x455D, 0x8DBD, 0xC5DC, 0xC61D,
  0xBDFD, 0x8476, 0x3A2B, 0x08C4, 0x0042, 0x08A4, 0x3A2B, 0x8455, 0xAD7A, 0xA53A, 0x9CFA, 0x94DB,
  0x94DC, 0x8C9C, 0x845A, 0x6BD6, 0x42B0, 0x29AA, 0x10E6, 0x0883, 0x0022, 0x0021, 0x0021, 0x0021,
  0x0021, 0x0021, 0x0022, 0x0021, 0x0021, 0x0021, 0x0021, 0x0021, 0x0022, 0x0042, 0x0021, 0x0022,
  0x0022, 0x0021, 0x0021, 0x0021, 0x0021, 0x0021, 0x0021, 0x0021, 0x0021, 0x0021, 0x0021, 0x0021,
  0x0021, 0x0021, 0x0021, 0x0042, 0x0042, 0x0022, 0x0021, 0x0021, 0x0021, 0x0021, 0x0021, 0x0021,
  0x0021, 0x0021, 0x0021, 0x0021, 0x0021, 0x0021, 0x0001, 0x0000, 0x0000, 0x0000, 0x0001, 0x0022,
  0x0021, 0x0000, 0x0000, 0x0000, 0x0000, 0x0000, 0x0000, 0x0000, 0x0000, 0x0000, 0x0001, 0x0022,
  0x0021, 0x0021, 0x0022, 0x0022, 0x0021, 0x0022, 0x0001, 0x0000, 0x0001, 0x0001, 0x0021, 0x0021,
  0x0021, 0x0042, 0x0042, 0x0042, 0x0042, 0x0042, 0x0021, 0x0021, 0x0021, 0x0021, 0x0021, 0x0042,
  0x0042, 0x0042, 0x0041, 0x0021, 0x0021, 0x0021, 0x0021, 0x0041, 0x0021, 0x0021, 0x0021, 0x0021,
  0x0021, 0x0021, 0x0021, 0x0022, 0x0042, 0x0000, 0x216B, 0x6379, 0x4AD4, 0x08A5, 0x0001, 0x0042,
  0x0042, 0x0000, 0x214A, 0x5B58, 0x5B37, 0x1929, 0x10E6, 0x218C, 0x637A, 0x5B17, 0x08A5, 0x0021,
  0x0063, 0x3A2E, 0x0000, 0x3A0C, 0x426E, 0x0000, 0x10C5, 0x2148, 0x424E, 0x73B5, 0x8CB9, 0xC61D,
  0xB59B, 0xAD5B, 0xCE5F, 0x8C96, 0x6C35, 0x84D8, 0x94F9, 0x94FC, 0x29AB, 0x8C97, 0xD69E, 0xCE7D,
  0xC61D, 0x5C9B, 0x34DB, 0x08A4, 0x0000, 0x0000, 0x0000, 0x0000, 0x0000, 0x0000, 0x0000, 0x0000,
  0x0000, 0x0000, 0x0000, 0x0000, 0x0000, 0x0000, 0x0000, 0x0000, 0x0000, 0x0000, 0x0000, 0x0000,
  0x0000, 0x0000, 0x0000, 0x0000, 0x0000, 0x0000, 0x0000, 0x0000, 0x0000, 0x0000, 0x0000, 0x0000,
  0x0000, 0x0000, 0x0000, 0x0000, 0x0000, 0x0000, 0x0000, 0x0000, 0x0000, 0x0000, 0x0000, 0x0000,
  0x0000, 0x0000, 0x0000, 0x0000, 0x0000, 0x0000, 0x0000, 0x0000, 0x0000, 0x0000, 0x0000, 0x0000,
  0x0000, 0x0000, 0x0000, 0x0000, 0x0000, 0x0000, 0x08A4, 0x453C, 0x8DBE, 0xB57B, 0xBDDD, 0xBDDD,
  0xBDDD, 0x94D8, 0x428D, 0x10C5, 0x0021, 0x0062, 0x2188, 0x6BB2, 0xA519, 0x9CF9, 0x8C97, 0x8478,
  0x8CBA, 0x8C9A, 0x7418, 0x6395, 0x4AF1, 0x320C, 0x2168, 0x10E5, 0x0063, 0x0021, 0x0021, 0x0021,
  0x0021, 0x0022, 0x0042, 0x0041, 0x0022, 0x0021, 0x0021, 0x0022, 0x0022, 0x0021, 0x0021, 0x0022,
  0x0022, 0x0021, 0x0042, 0x0042, 0x0042, 0x0042, 0x0042, 0x0042, 0x0042, 0x0021, 0x0021, 0x0000,
  0x0001, 0x0022, 0x0000, 0x0000, 0x0000, 0x0000, 0x0021, 0x0021, 0x0000, 0x0000, 0x0021, 0x0022,
  0x0001, 0x0021, 0x0021, 0x0021, 0x0021, 0x0001, 0x2104, 0x4209, 0x4208, 0x4A4A, 0x1905, 0x0021,
  0x0841, 0x4A4A, 0x528B, 0x528B, 0x528B, 0x5AAB, 0x5AAC, 0x5AAC, 0x528B, 0x528B, 0x2966, 0x0021,
  0x0042, 0x0021, 0x0021, 0x0021, 0x0042, 0x0021, 0x18C4, 0x2125, 0x18E4, 0x10C3, 0x0883, 0x0042,
  0x0021, 0x0001, 0x0000, 0x0000, 0x0000, 0x0000, 0x0001, 0x0021, 0x0021, 0x0042, 0x0021, 0x0000,
  0x0000, 0x0000, 0x0001, 0x0021, 0x0042, 0x0021, 0x0021, 0x0041, 0x0021, 0x0021, 0x0021, 0x0021,
  0x0021, 0x0022, 0x0022, 0x0022, 0x0021, 0x08A4, 0x6378, 0x4273, 0x0043, 0x0021, 0x0042, 0x0021,
  0x0042, 0x0000, 0x29AD, 0x6379, 0x4A94, 0x0863, 0x0062, 0x10C6, 0x5B38, 0x6378, 0x10C6, 0x0000,
  0x0883, 0x10E5, 0x0001, 0x0863, 0x426E, 0x1927, 0x29AA, 0x3A0D, 0x424E, 0x426E, 0x7C18, 0x73D6,
  0x6398, 0x6BD8, 0x4AB0, 0x29CB, 0x5BB5, 0x8CD7, 0x9CFB, 0x8C98, 0x320D, 0xA57D, 0xBE1D, 0xCE5D,
  0xB5DD, 0x8C9A, 0x757F, 0x34DB, 0x0083, 0x0000, 0x0000, 0x0000, 0x0000, 0x0000, 0x0000, 0x0000,
  0x0000, 0x0000, 0x0000, 0x0000, 0x0000, 0x0000, 0x0000, 0x0000, 0x0000, 0x0000, 0x0000, 0x0000,
  0x0000, 0x0000, 0x0000, 0x0000, 0x0000, 0x0000, 0x0000, 0x0000, 0x0000, 0x0000, 0x0000, 0x0000,
  0x0000, 0x0000, 0x0000, 0x0000, 0x0000, 0x0000, 0x0000, 0x0000, 0x0000, 0x0000, 0x0000, 0x0000,
  0x0000, 0x0000, 0x0000, 0x0000, 0x0000, 0x0000, 0x0000, 0x0000, 0x0000, 0x0000, 0x0000, 0x0000,
  0x0000, 0x0000, 0x0000, 0x0000, 0x0000, 0x0062, 0x3CFA, 0x8E1F, 0xBD9C, 0xB5BD, 0xB5BD, 0xBDBD,
  0xBDDD, 0x9D19, 0x4ACE, 0x10E5, 0x0021, 0x0042, 0x1926, 0x5B30, 0x9CD7, 0x94B7, 0x7C35, 0x73F4,
  0x8457, 0x8C9A, 0x73F6, 0x5332, 0x3A6E, 0x29EB, 0x1968, 0x1106, 0x0884, 0x0042, 0x0022, 0x0021,
  0x0022, 0x0021, 0x0022, 0x0042, 0x0042, 0x0022, 0x0022, 0x0022, 0x0022, 0x0021, 0x0021, 0x0022,
  0x0021, 0x0021, 0x0001, 0x0001, 0x0000, 0x0000, 0x0000, 0x0000, 0x0000, 0x0000, 0x0842, 0x10A3,
  0x0862, 0x0021, 0x2966, 0x52AB, 0x6B2D, 0x39E8, 0x0000, 0x0001, 0x7BB0, 0xB556, 0xB556, 0xCE1A,
  0x4A4A, 0x0000, 0x0021, 0x0021, 0x0021, 0x0000, 0xAD36, 0xF73E, 0xE6FD, 0xFF7F, 0x630D, 0x0000,
  0x18C4, 0xDEBC, 0xEF1E, 0xEF1D, 0xEF1E, 0xEF1E, 0xEF1E, 0xEF1E, 0xEEFD, 0xFF9F, 0x83F0, 0x0000,
  0x0042, 0x0021, 0x0021, 0x0021, 0x0042, 0x0000, 0x83F1, 0xEEFD, 0xCE3A, 0xCE1A, 0xC5F9, 0xBDD8,
  0xB577, 0xAD36, 0xA4D4, 0x9473, 0x8411, 0x73B0, 0x18C4, 0x0001, 0x0042, 0x0000, 0x0000, 0x1904,
  0x39A7, 0x39C8, 0x2125, 0x0021, 0x0000, 0x0021, 0x0042, 0x0021, 0x0021, 0x0021, 0x0021, 0x0021,
  0x0021, 0x0022, 0x0022, 0x0042, 0x0000, 0x4270, 0x4AB2, 0x0021, 0x0021, 0x0042, 0x0021, 0x0022,
  0x0042, 0x0000, 0x31EE, 0x637A, 0x31CF, 0x0021, 0x0042, 0x0042, 0x4AD5, 0x6BB9, 0x10E6, 0x0001,
  0x0042, 0x0042, 0x0021, 0x0001, 0x1906, 0x10E6, 0x0022, 0x0000, 0x0000, 0x298B, 0x3A30, 0x29F0,
  0x7C3A, 0xAD7A, 0x6BD4, 0x8CFB, 0x5B74, 0x9CF7, 0xC61E, 0x31CA, 0x73D7, 0xD69E, 0xC63D, 0x9D1C,
  0xAD9D, 0xA53C, 0x94DC, 0x449C, 0x2C99, 0x0041, 0x0000, 0x0000, 0x0000, 0x0000, 0x0000, 0x0000,
  0x0000, 0x0000, 0x0000, 0x0000, 0x0000, 0x0000, 0x0000, 0x0000, 0x0000, 0x0000, 0x0000, 0x0000,
  0x0000, 0x0000, 0x0000, 0x0000, 0x0000, 0x0000, 0x0000, 0x0000, 0x0000, 0x0000, 0x0000, 0x0000,
  0x0000, 0x0000, 0x0000, 0x0000, 0x0000, 0x0000, 0x0000, 0x0000, 0x0000, 0x0000, 0x0000, 0x0000,
  0x0000, 0x0000, 0x0000, 0x0000, 0x0000, 0x0000, 0x0000, 0x0000, 0x0000, 0x0000, 0x0000, 0x0000,
  0x0000, 0x0000, 0x0000, 0x0000, 0x0021, 0x3478, 0x8E5F, 0xCDFD, 0xBDDD, 0xB5BD, 0xB59D, 0xB59D,
  0xB5BD, 0x9CF9, 0x4ACE, 0x10E5, 0x0022, 0x0021, 0x10C4, 0x428C, 0x8C75, 0x8C96, 0x73D3, 0x6371,
  0x73F4, 0x8C99, 0x7416, 0x4AF0, 0x2A0C, 0x1968, 0x1106, 0x08C5, 0x0883, 0x0042, 0x0022, 0x0022,
  0x0042, 0x0022, 0x0022, 0x0022, 0x0042, 0x0042, 0x0042, 0x0022, 0x0042, 0x0021, 0x0021, 0x0022,
  0x0001, 0x0021, 0x0883, 0x18E4, 0x3187, 0x4A4A, 0x630D, 0x7BD0, 0x9473, 0xAD15, 0xBDB8, 0xDEBC,
  0x4A6A, 0x0000, 0x83F0, 0xFF9F, 0xFF9F, 0x9473, 0x0000, 0x0000, 0xB577, 0xF75F, 0xE6DD, 0xEF3E,
  0xB556, 0x0000, 0x0021, 0x0021, 0x0000, 0x3187, 0xE6DD, 0xDE9C, 0xDE9B, 0xE6FD, 0x6B4E, 0x0000,
  0x18E4, 0xCE3A, 0xDE9C, 0xDE9C, 0xDEBC, 0xDE9C, 0xD67B, 0xDE9C, 0xDEBC, 0xEF3E, 0x7BB0, 0x0000,
  0x0042, 0x0021, 0x0021, 0x0021, 0x0042, 0x0000, 0x9493, 0xFF7F, 0xEEFD, 0xEF1E, 0xEEFD, 0xE6DD,
  0xE6DD, 0xE6FD, 0xEF1E, 0xEF1E, 0xEF1E, 0xEEFD, 0x2966, 0x0000, 0x0000, 0x41E8, 0xAD16, 0xD67B,
  0xE6DC, 0xE6DC, 0xD65B, 0xB577, 0x62EC, 0x0021, 0x0001, 0x0022, 0x0021, 0x0021, 0x0021, 0x0021,
  0x0021, 0x0022, 0x0042, 0x0001, 0x10C6, 0x29AB, 0x0000, 0x0021, 0x0042, 0x0022, 0x0022, 0x0022,
  0x0042, 0x0000, 0x31EE, 0x5B59, 0x10E8, 0x0021, 0x0043, 0x0001, 0x3A2F, 0x6BB9, 0x10C5, 0x0021,
  0x0042, 0x0022, 0x0042, 0x0022, 0x0042, 0x0063, 0x0063, 0x0042, 0x1929, 0x4AB3, 0x52D2, 0x94DB,
  0xC61C, 0x8C96, 0x849B, 0xB5DE, 0x8478, 0xAD9B, 0xBDBC, 0x5B34, 0x7C1A, 0xCE5D, 0xADBD, 0x741B,
  0x94BC, 0x8C7B, 0x8C9B, 0x6376, 0x65BF, 0x2BF6, 0x0000, 0x0000, 0x0000, 0x0000, 0x0000, 0x0000,
  0x0000, 0x0000, 0x0000, 0x0000, 0x0000, 0x0000, 0x0000, 0x0000, 0x0000, 0x0000, 0x0000, 0x0000,
  0x0000, 0x0000, 0x0000, 0x0000, 0x0000, 0x0000, 0x0000, 0x0000, 0x0000, 0x0000, 0x0000, 0x0000,
  0x0000, 0x0000, 0x0000, 0x0000, 0x0000, 0x0000, 0x0000, 0x0000, 0x0000, 0x0000, 0x0000, 0x0000,
  0x0000, 0x0000, 0x0000, 0x0000, 0x0000, 0x0000, 0x0000, 0x0000, 0x0000, 0x0000, 0x0000, 0x0000,
  0x0000, 0x0000, 0x0000, 0x0000, 0x33F5, 0x865F, 0xCE1D, 0xBDFE, 0xB5BD, 0xB59D, 0xB59D, 0xB59D,
  0xB59D, 0x94D9, 0x4AAE, 0x10E5, 0x0042, 0x0021, 0x0063, 0x29A9, 0x73D2, 0x8C96, 0x6B91, 0x52CE,
  0x5B30, 0x7C37, 0x8458, 0x5332, 0x29EB, 0x1106, 0x08A4, 0x0083, 0x0063, 0x0042, 0x0042, 0x0022,
  0x0042, 0x0042, 0x0021, 0x0022, 0x0022, 0x0042, 0x0042, 0x0022, 0x0022, 0x0021, 0x0042, 0x0000,
  0x2966, 0xBD97, 0xC5F9, 0xD65B, 0xDEBC, 0xEEFD, 0xEF1E, 0xEF1E, 0xEF1E, 0xE6FD, 0xE6DD, 0xFF9F,
  0x6B4E, 0x0000, 0x6B2D, 0xEEFD, 0xE6FD, 0x9CD4, 0x0000, 0x0000, 0xA4F5, 0xE6FD, 0xDE9B, 0xDE9C,
  0xE6DD, 0x39C8, 0x0000, 0x0042, 0x0000, 0x83D0, 0xEF1E, 0xDE9C, 0xDE7C, 0xEF1E, 0x7BB0, 0x0000,
  0x18C4, 0xD63A, 0xDEBC, 0xE6DC, 0x528B, 0x2925, 0x2966, 0x3187, 0x3187, 0x31A7, 0x18E4, 0x0021,
  0x0021, 0x0021, 0x0021, 0x0021, 0x0042, 0x0000, 0x62ED, 0xA4D4, 0x9CD4, 0xA4F5, 0xC5D9, 0xDEBC,
  0xDE9C, 0xD65B, 0xCE3A, 0xDE9C, 0xDEBC, 0xDE9C, 0x2125, 0x0000, 0x6B4E, 0xEF1D, 0xE6FD, 0xDEBC,
  0xEF1D, 0xE6FD, 0xE6DD, 0xE6DD, 0xF75F, 0xA4F5, 0x0862, 0x0021, 0x0042, 0x0021, 0x0021, 0x0021,
  0x0022, 0x0022, 0x0021, 0x0042, 0x10E7, 0x0001, 0x0021, 0x0022, 0x0022, 0x0022, 0x0022, 0x0022,
  0x0042, 0x0000, 0x3A30, 0x5316, 0x0042, 0x0022, 0x0042, 0x0001, 0x1908, 0x6BB9, 0x10A5, 0x0021,
  0x0042, 0x0042, 0x0042, 0x0042, 0x0042, 0x0042, 0x0042, 0x0022, 0x4AD1, 0x7C38, 0x8C7B, 0x94DB,
  0xA55B, 0x7416, 0x9D5D, 0x9D3A, 0x8458, 0xC61D, 0xAD5B, 0x94DC, 0x7C3B, 0x847A, 0x8CBB, 0x73F9,
  0x6BB6, 0x8C7C, 0x6378, 0x4AD3, 0x9D3C, 0x559F, 0x2353, 0x0000, 0x0020, 0x0000, 0x0000, 0x0000,
  0x0000, 0x0000, 0x0000, 0x0000, 0x0000, 0x0000, 0x0000, 0x0000, 0x0000, 0x0000, 0x0000, 0x0000,
  0x0000, 0x0000, 0x0000, 0x0000, 0x0000, 0x0000, 0x0000, 0x0000, 0x0000, 0x0000, 0x0000, 0x0000,
  0x0000, 0x0000, 0x0000, 0x0000, 0x0000, 0x0000, 0x0000, 0x0000, 0x0000, 0x0000, 0x0000, 0x0000,
  0x0000, 0x0000, 0x0000, 0x0000, 0x0000, 0x0000, 0x0000, 0x0000, 0x0000, 0x0000, 0x0000, 0x0000,
  0x0000, 0x0020, 0x0000, 0x2311, 0x5DBF, 0xAD7A, 0xC61E, 0xB59D, 0xAD7C, 0xB57D, 0xB59D, 0xB59D,
  0xB59D, 0x8C77, 0x426D, 0x10E5, 0x0042, 0x0021, 0x0042, 0x10E5, 0x52CE, 0x7C14, 0x5B2F, 0x3A0B,
  0x3A2B, 0x6372, 0x8C99, 0x7417, 0x3A4E, 0x1107, 0x0063, 0x0042, 0x0042, 0x0042, 0x0042, 0x0042,
  0x0042, 0x0042, 0x0042, 0x0022, 0x0042, 0x0042, 0x0042, 0x0022, 0x0022, 0x0021, 0x0042, 0x0000,
  0x3187, 0xEF1E, 0xEEFE, 0xEF3E, 0xEF1E, 0xDE9C, 0xD67B, 0xDE9C, 0xDE9B, 0xCE1A, 0xB557, 0xB556,
  0x52AB, 0x0000, 0x62EC, 0xEF1E, 0xE6FD, 0xAD15, 0x0000, 0x0000, 0xA4F5, 0xEEFD, 0xDE9C, 0xDE9C,
  0xEEFD, 0x9C93, 0x0000, 0x0001, 0x0862, 0xC5F9, 0xE6BC, 0xDE9C, 0xDE9B, 0xEF1E, 0x8411, 0x0000,
  0x18C4, 0xD65A, 0xE6BC, 0xDE9C, 0x18C3, 0x0000, 0x0000, 0x0000, 0x0000, 0x0000, 0x0000, 0x0022,
  0x0021, 0x0021, 0x0021, 0x0021, 0x0021, 0x0021, 0x0000, 0x0000, 0x0000, 0x0000, 0x5ACC, 0xEF1E,
  0xE6DD, 0xAD15, 0x10A2, 0x2125, 0x2966, 0x39E8, 0x0021, 0x4A4A, 0xEF1E, 0xDE9C, 0xE6BC, 0xDEDC,
  0x9CB3, 0x8411, 0xBD97, 0xEF1E, 0xDE9B, 0xEF1E, 0x9C93, 0x0000, 0x0022, 0x0021, 0x0021, 0x0021,
  0x0022, 0x0042, 0x0021, 0x0863, 0x0042, 0x0021, 0x0022, 0x0022, 0x0022, 0x0022, 0x0022, 0x0022,
  0x0042, 0x0000, 0x4270, 0x3A0F, 0x0000, 0x0042, 0x0022, 0x0022, 0x0022, 0x4AD3, 0x10A5, 0x0021,
  0x0042, 0x0042, 0x0042, 0x0042, 0x0042, 0x0021, 0x0021, 0x4A8E, 0x94D9, 0x94BB, 0x8CBA, 0xAD9C,
  0xBDFC, 0x9CFA, 0x7C15, 0xB5BB, 0xA519, 0xB5BC, 0xAD7C, 0xC61D, 0x8437, 0x298D, 0x6BDB, 0x4AD3,
  0x2A0D, 0x7C7C, 0x7C3A, 0x5336, 0x73F7, 0x1106, 0x451E, 0x1AB0, 0x0000, 0x0020, 0x0000, 0x0000,
  0x0000, 0x0000, 0x0000, 0x0000, 0x0000, 0x0000, 0x0000, 0x0000, 0x0000, 0x0000, 0x0000, 0x0000,
  0x0000, 0x0000, 0x0000, 0x0000, 0x0000, 0x0000, 0x0000, 0x0000, 0x0000, 0x0000, 0x0000, 0x0000,
  0x0000, 0x0000, 0x0000, 0x0000, 0x0000, 0x0000, 0x0000, 0x0000, 0x0000, 0x0000, 0x0000, 0x0000,
  0x0000, 0x0000, 0x0000, 0x0000, 0x0000, 0x0000, 0x0000, 0x0000, 0x0000, 0x0000, 0x0000, 0x0000,
  0x0020, 0x0000, 0x1A4C, 0x453D, 0x428E, 0x8476, 0xAD7C, 0x9D1A, 0x9CFA, 0xA53C, 0xB57D, 0xB59D,
  0xAD7D, 0x7C36, 0x322B, 0x08C4, 0x0022, 0x0021, 0x0021, 0x0883, 0x2988, 0x52EE, 0x4A8D, 0x2188,
  0x2188, 0x4AAE, 0x7C37, 0x847A, 0x4AF1, 0x1949, 0x0083, 0x0042, 0x0042, 0x0042, 0x0022, 0x0042,
  0x0042, 0x0042, 0x0042, 0x0022, 0x0042, 0x0042, 0x0042, 0x0022, 0x0022, 0x0022, 0x0042, 0x0001,
  0x1904, 0xBDB8, 0xAD36, 0x9493, 0x7BAF, 0xC5D9, 0xDEBC, 0xE6FD, 0x630C, 0x1082, 0x0841, 0x0000,
  0x0001, 0x0000, 0x528B, 0xEF1E, 0xE6DD, 0xB556, 0x0020, 0x0000, 0xA4F4, 0xEEFD, 0xDE9C, 0xDEBC,
  0xDEBC, 0xE6DC, 0x2966, 0x0000, 0x526A, 0xEF1D, 0xDE9C, 0xDE9C, 0xDE9C, 0xEF1E, 0x9472, 0x0000,
  0x10C4, 0xD65A, 0xE6BC, 0xDE9C, 0x8C11, 0x7B8F, 0x83F0, 0x7BAF, 0x7BD0, 0x4A4A, 0x0021, 0x0042,
  0x0021, 0x0021, 0x0021, 0x0021, 0x0021, 0x0021, 0x0042, 0x0042, 0x0062, 0x0000, 0x6B2D, 0xEF1E,
  0xEEFD, 0x9CB4, 0x0000, 0x0000, 0x0000, 0x0000, 0x0841, 0xC5D8, 0xE6DD, 0xDE9C, 0xD65B, 0x39A7,
  0x0000, 0x0000, 0x0021, 0x83F1, 0xE6DD, 0xD65B, 0xEF1E, 0x422A, 0x0000, 0x0042, 0x0021, 0x0021,
  0x0021, 0x0022, 0x0042, 0x0021, 0x0021, 0x0022, 0x0022, 0x0042, 0x0042, 0x0042, 0x0022, 0x0042,
  0x0042, 0x0000, 0x31CB, 0x10C6, 0x0001, 0x0042, 0x0042, 0x0042, 0x0001, 0x298A, 0x08A4, 0x0021,
  0x0042, 0x0042, 0x0042, 0x0042, 0x0021, 0x0022, 0x4A91, 0x7C5B, 0x6377, 0x5315, 0x9D1B, 0xC61D,
  0x94DA, 0x9CF8, 0x94B7, 0xCE3C, 0xCE5E, 0x9D1C, 0xAD7C, 0xD67E, 0x6352, 0x192C, 0x535B, 0x218C,
  0x1148, 0x6BF9, 0xBDFD, 0x743A, 0x214A, 0x0000, 0x53B4, 0x4DDF, 0x09AA, 0x0000, 0x0020, 0x0000,
  0x0000, 0x0000, 0x0000, 0x0000, 0x0000, 0x0000, 0x0000, 0x0000, 0x0000, 0x0000, 0x0000, 0x0000,
  0x0000, 0x0000, 0x0000, 0x0000, 0x0000, 0x0000, 0x0000, 0x0000, 0x0000, 0x0000, 0x0000, 0x0000,
  0x0000, 0x0000, 0x0000, 0x0000, 0x0000, 0x0000, 0x0000, 0x0000, 0x0000, 0x0000, 0x0000, 0x0000,
  0x0000, 0x0000, 0x0000, 0x0000, 0x0000, 0x0000, 0x0000, 0x0000, 0x0000, 0x0000, 0x0000, 0x0000,
  0x0000, 0x0927, 0x457E, 0x1989, 0x2168, 0x5B72, 0x8476, 0x7C36, 0x7C36, 0x94DA, 0xAD7D, 0xB59D,
  0xAD5C, 0x6BB4, 0x29C9, 0x0883, 0x0021, 0x0021, 0x0021, 0x0042, 0x10C5, 0x29C9, 0x29CA, 0x1906,
  0x10E5, 0x29CA, 0x5B52, 0x7C58, 0x5B54, 0x198A, 0x00A5, 0x0042, 0x0042, 0x0022, 0x0022, 0x0022,
  0x0042, 0x0042, 0x0042, 0x0042, 0x0042, 0x0042, 0x0042, 0x0042, 0x0022, 0x0022, 0x0022, 0x0021,
  0x0042, 0x0862, 0x0000, 0x0000, 0x0000, 0xAD15, 0xE6FD, 0xEEFE, 0x5ACC, 0x0000, 0x0021, 0x0021,
  0x0042, 0x0000, 0x4A29, 0xEEFD, 0xE6DD, 0xBDB8, 0x0841, 0x0000, 0xA4D4, 0xEF1E, 0xD67B, 0xC5F9,
  0xDE9C, 0xEF1E, 0x8C11, 0x0000, 0xA4F5, 0xEF1E, 0xDE7B, 0xA515, 0xDE9C, 0xE6FD, 0x9CB4, 0x0000,
  0x10C3, 0xD65A, 0xE6BC, 0xDE9C, 0xEF1E, 0xF75F, 0xF75F, 0xEF1E, 0xFFBF, 0x9CB4, 0x0000, 0x0042,
  0x0022, 0x0021, 0x0021, 0x0021, 0x0021, 0x0021, 0x0021, 0x0021, 0x0042, 0x0000, 0x736F, 0xEF1D,
  0xEEFD, 0x9452, 0x0000, 0x0042, 0x0042, 0x0000, 0x39E8, 0xEF1D, 0xDE9B, 0xEF1E, 0x62EC, 0x0000,
  0x0042, 0x0042, 0x0021, 0x0021, 0xBD98, 0xE6BC, 0xEF1E, 0x9C93, 0x0000, 0x0042, 0x0021, 0x0022,
  0x0022, 0x0022, 0x0022, 0x0042, 0x0042, 0x0042, 0x0042, 0x0042, 0x0042, 0x0042, 0x0042, 0x0042,
  0x0022, 0x0021, 0x1928, 0x0063, 0x0022, 0x0042, 0x0042, 0x0042, 0x0021, 0x1906, 0x10C5, 0x0021,
  0x0042, 0x0042, 0x0042, 0x0021, 0x0022, 0x4AB3, 0x6399, 0x31EF, 0x214A, 0x6377, 0xAD5C, 0x8479,
  0x9D1A, 0xC61D, 0xAD9C, 0xD67D, 0xCE5D, 0x7C19, 0x7C17, 0x94FC, 0x6BB8, 0x52F6, 0x5319, 0x0864,
  0x196A, 0x5335, 0x8CBA, 0x6BD6, 0x5B73, 0x4ACF, 0x7C15, 0xAE9F, 0x455E, 0x08E6, 0x0000, 0x0000,
  0x0000, 0x0000, 0x0000, 0x0000, 0x0000, 0x0000, 0x0000, 0x0000, 0x0000, 0x0000, 0x0000, 0x0000,
  0x0000, 0x0000, 0x0000, 0x0000, 0x0000, 0x0000, 0x0000, 0x0000, 0x0000, 0x0000, 0x0000, 0x0000,
  0x0000, 0x0000, 0x0000, 0x0000, 0x0000, 0x0000, 0x0000, 0x0000, 0x0000, 0x0000, 0x0000, 0x0000,
  0x0000, 0x0000, 0x0000, 0x0000, 0x0000, 0x0000, 0x0000, 0x0000, 0x0000, 0x0000, 0x0000, 0x0000,
  0x0062, 0x3CFC, 0x228E, 0x0021, 0x1127, 0x3A4D, 0x52EF, 0x4AF0, 0x5B51, 0x8C98, 0xAD7D, 0xB59D,
  0x9D1B, 0x5B31, 0x2168, 0x0063, 0x0021, 0x0021, 0x0021, 0x0021, 0x0063, 0x10E5, 0x1106, 0x08A4,
  0x0863, 0x10E6, 0x3A4C, 0x6BB5, 0x5B75, 0x21CC, 0x00A5, 0x0043, 0x0042, 0x0022, 0x0042, 0x0022,
  0x0042, 0x0042, 0x0042, 0x0042, 0x0042, 0x0042, 0x0042, 0x0022, 0x0022, 0x0022, 0x0022, 0x0021,
  0x0021, 0x0021, 0x0021, 0x0042, 0x0000, 0x9C93, 0xE6FD, 0xEEFD, 0x738F, 0x0000, 0x0042, 0x0021,
  0x0021, 0x0000, 0x39C7, 0xE6DD, 0xE6BD, 0xCDF9, 0x0882, 0x0000, 0x9CB4, 0xEF1E, 0xDE9C, 0x738F,
  0xCE3A, 0xE6BD, 0xCDF9, 0x3186, 0xD63A, 0xE6DD, 0xB577, 0x5ACC, 0xE6DD, 0xE6DD, 0xA4F5, 0x0000,
  0x18C3, 0xD63A, 0xE6BC, 0xDEBC, 0xC5F9, 0xBD98, 0xBD98, 0xB577, 0xCE1A, 0x7BB0, 0x0000, 0x0042,
  0x0021, 0x0021, 0x0021, 0x0021, 0x0021, 0x0021, 0x0021, 0x0021, 0x0042, 0x0000, 0x83D0, 0xEF1D,
  0xEEFD, 0x8411, 0x0000, 0x0042, 0x0041, 0x0000, 0x62ED, 0xEF1E, 0xDE9C, 0xD67B, 0x2104, 0x0000,
  0x0021, 0x0021, 0x0042, 0x0000, 0x8C31, 0xEF1E, 0xE6DD, 0xBD97, 0x0021, 0x0021, 0x0022, 0x0021,
  0x0022, 0x0022, 0x0042, 0x0042, 0x0042, 0x0042, 0x0042, 0x0042, 0x0042, 0x0042, 0x0042, 0x0042,
  0x0042, 0x0022, 0x10C5, 0x0042, 0x0022, 0x0042, 0x0022, 0x0042, 0x0022, 0x0883, 0x0884, 0x0022,
  0x0042, 0x0042, 0x0022, 0x0042, 0x4251, 0x4293, 0x08A6, 0x10A4, 0x52F5, 0x94BB, 0x9CFB, 0x6BB8,
  0xB5BA, 0xA53B, 0x8C9B, 0xC61D, 0xC5FB, 0x73D7, 0x6BDA, 0x6BDA, 0x6BD9, 0x6BDB, 0x4AD5, 0x0884,
  0x3230, 0x0884, 0x6395, 0x31CA, 0x1927, 0x4B15, 0x7C5A, 0xD69D, 0x8DFE, 0x2C9B, 0x0062, 0x0000,
  0x0000, 0x0000, 0x0000, 0x0000, 0x0000, 0x0000, 0x0000, 0x0000, 0x0000, 0x0000, 0x0000, 0x0000,
  0x0000, 0x0000, 0x0000, 0x0000, 0x0000, 0x0000, 0x0000, 0x0000, 0x0000, 0x0000, 0x0000, 0x0000,
  0x0000, 0x0000, 0x0000, 0x0000, 0x0000, 0x0000, 0x0000, 0x0000, 0x0000, 0x0000, 0x0000, 0x0000,
  0x0000, 0x0000, 0x0000, 0x0000, 0x0000, 0x0000, 0x0000, 0x0000, 0x0000, 0x0000, 0x0020, 0x0000,
  0x2BF6, 0x3BF6, 0x0862, 0x0063, 0x08A4, 0x1968, 0x2189, 0x29AA, 0x3A6D, 0x7C15, 0xAD7D, 0xB57D,
  0x8CB9, 0x4AAF, 0x1106, 0x0042, 0x0021, 0x0021, 0x0021, 0x0021, 0x0022, 0x0063, 0x0063, 0x0042,
  0x0042, 0x0083, 0x2168, 0x52D0, 0x5B75, 0x2A2E, 0x00C7, 0x0043, 0x0042, 0x0022, 0x0022, 0x0022,
  0x0022, 0x0042, 0x0042, 0x0042, 0x0042, 0x0042, 0x0042, 0x0022, 0x0042, 0x0022, 0x0022, 0x0021,
  0x0021, 0x0022, 0x0021, 0x0042, 0x0000, 0x83F1, 0xEEFD, 0xEEFD, 0x8C32, 0x0000, 0x0041, 0x0021,
  0x0021, 0x0000, 0x3166, 0xDEBC, 0xDEBC, 0xCE3A, 0x10A3, 0x0000, 0x9CB4, 0xEEFD, 0xEF1E, 0x4A29,
  0x9CB3, 0xEF3E, 0xDE9C, 0xC5B8, 0xDE7B, 0xEF3E, 0x736E, 0x41E8, 0xEEFE, 0xE6DD, 0xAD36, 0x0000,
  0x10A3, 0xD65A, 0xE6BC, 0xE6DD, 0x39A7, 0x0841, 0x0862, 0x0862, 0x0883, 0x0883, 0x0042, 0x0021,
  0x0021, 0x0021, 0x0021, 0x0021, 0x0021, 0x0021, 0x0021, 0x0021, 0x0042, 0x0000, 0x8C11, 0xEEFD,
  0xEEFD, 0x7BAF, 0x0000, 0x0042, 0x0042, 0x0000, 0x6B4E, 0xEEFE, 0xDEBC, 0xCE3A, 0x10A3, 0x0000,
  0x0021, 0x0021, 0x0041, 0x0000, 0x83F0, 0xEF1E, 0xE6BC, 0xBDB8, 0x0842, 0x0021, 0x0022, 0x0021,
  0x0022, 0x0022, 0x0042, 0x0042, 0x0042, 0x0042, 0x0042, 0x0042, 0x0042, 0x0042, 0x0042, 0x0042,
  0x0042, 0x0042, 0x0042, 0x0042, 0x0042, 0x0042, 0x0042, 0x0042, 0x0042, 0x0022, 0x0042, 0x0042,
  0x0042, 0x0042, 0x0042, 0x2149, 0x1928, 0x0000, 0x0884, 0x6357, 0x73DA, 0x949A, 0x73DA, 0x7C3B,
  0xAD5B, 0x7C1A, 0x6378, 0xA51B, 0xC5FC, 0x8CBC, 0x4AD3, 0x31EE, 0x73FB, 0x8CBB, 0x218C, 0x1108,
  0x1949, 0x0042, 0x5332, 0x10C4, 0x0864, 0x6375, 0x8C76, 0xAD7B, 0xB57B, 0x75BF, 0x23B5, 0x0000,
  0x0000, 0x0000, 0x0000, 0x0000, 0x0000, 0x0000, 0x0000, 0x0000, 0x0000, 0x0000, 0x0000, 0x0000,
  0x0000, 0x0000, 0x0000, 0x0000, 0x0000, 0x0000, 0x0000, 0x0000, 0x0000, 0x0000, 0x0000, 0x0000,
  0x0000, 0x0000, 0x0000, 0x0000, 0x0000, 0x0000, 0x0000, 0x0000, 0x0000, 0x0000, 0x0000, 0x0000,
  0x0000, 0x0000, 0x0000, 0x0000, 0x0000, 0x0000, 0x0000, 0x0000, 0x0000, 0x0020, 0x0000, 0x1AAF,
  0x4D7E, 0x29A9, 0x0083, 0x0022, 0x0063, 0x08A4, 0x08A4, 0x08C5, 0x2189, 0x6372, 0xA53C, 0xAD7D,
  0x7C57, 0x3A2C, 0x08C5, 0x0042, 0x0021, 0x0021, 0x0021, 0x0021, 0x0021, 0x0022, 0x0042, 0x0022,
  0x0022, 0x0042, 0x08C5, 0x31EB, 0x5312, 0x3A90, 0x0929, 0x0064, 0x0042, 0x0042, 0x0022, 0x0022,
  0x0022, 0x0042, 0x0042, 0x0042, 0x0022, 0x0042, 0x0022, 0x0022, 0x0022, 0x0022, 0x0022, 0x0021,
  0x0021, 0x0021, 0x0021, 0x0042, 0x0000, 0x6B4E, 0xEF1E, 0xE6FD, 0x9CB4, 0x0000, 0x0021, 0x0021,
  0x0021, 0x0000, 0x2104, 0xDE7B, 0xDEBC, 0xD67B, 0x2104, 0x0000, 0x9CB3, 0xEEFD, 0xEF3E, 0x4A29,
  0x39C7, 0xEF3E, 0xDE9C, 0xE6DD, 0xDEBC, 0xE6FD, 0x2945, 0x39C8, 0xE6FD, 0xE6DD, 0xB597, 0x0000,
  0x10A3, 0xD65B, 0xE6BC, 0xDE9C, 0x18E4, 0x0000, 0x0000, 0x0000, 0x0000, 0x0000, 0x0000, 0x0021,
  0x0021, 0x0021, 0x0021, 0x0021, 0x0021, 0x0021, 0x0021, 0x0021, 0x0042, 0x0000, 0x9473, 0xEEFD,
  0xEF1E, 0x734E, 0x0000, 0x0042, 0x0042, 0x0000, 0x62EC, 0xEF1E, 0xDE9C, 0xDE9C, 0x18E4, 0x0000,
  0x0042, 0x0021, 0x0042, 0x0000, 0x9CD4, 0xEEFD, 0xE6DD, 0xB577, 0x0021, 0x0022, 0x0021, 0x0021,
  0x0021, 0x0022, 0x0022, 0x0022, 0x0022, 0x0022, 0x0022, 0x0042, 0x0042, 0x0022, 0x0042, 0x0042,
  0x0042, 0x0042, 0x0042, 0x0042, 0x0042, 0x0042, 0x0042, 0x0042, 0x0042, 0x0042, 0x0042, 0x0042,
  0x0042, 0x0022, 0x08A5, 0x0863, 0x0001, 0x0063, 0x52D4, 0x6B99, 0x6398, 0x7419, 0x5B56, 0x52F5,
  0x73FA, 0x5B38, 0x3A2F, 0x8CBA, 0x94BA, 0x73FB, 0x2169, 0x0001, 0x7C18, 0xAD9C, 0x10E7, 0x0043,
  0x0043, 0x08A6, 0x2189, 0x52EF, 0x7BF5, 0x9CD8, 0xB59B, 0xBDDC, 0xC63D, 0x94D7, 0x5D9E, 0x1ACF,
  0x0000, 0x0000, 0x0000, 0x0000, 0x0000, 0x0000, 0x0000, 0x0000, 0x0000, 0x0000, 0x0000, 0x0000,
  0x0000, 0x0000, 0x0000, 0x0000, 0x0000, 0x0000, 0x0000, 0x0000, 0x0000, 0x0000, 0x0000, 0x0000,
  0x0000, 0x0000, 0x0000, 0x0000, 0x0000, 0x0000, 0x0000, 0x0000, 0x0000, 0x0000, 0x0000, 0x0000,
  0x0000, 0x0000, 0x0000, 0x0000, 0x0000, 0x0000, 0x0000, 0x0000, 0x0000, 0x0000, 0x0947, 0x55DF,
  0x7456, 0x3A2B, 0x10E5, 0x0063, 0x0063, 0x0062, 0x0042, 0x0042, 0x10E6, 0x4AD0, 0x94DA, 0xA53C,
  0x6BB4, 0x29AA, 0x0883, 0x0021, 0x0021, 0x0021, 0x0021, 0x0021, 0x0021, 0x0021, 0x0022, 0x0021,
  0x0021, 0x0022, 0x0063, 0x1927, 0x3A4D, 0x3A6F, 0x198B, 0x00A5, 0x0042, 0x0022, 0x0022, 0x0021,
  0x0022, 0x0042, 0x0042, 0x0042, 0x0022, 0x0022, 0x0042, 0x0022, 0x0022, 0x0022, 0x0022, 0x0021,
  0x0021, 0x0021, 0x0021, 0x0042, 0x0000, 0x5ACC, 0xEF1E, 0xE6DD, 0xB556, 0x0000, 0x0021, 0x0021,
  0x0021, 0x0000, 0x18C3, 0xD65B, 0xDEBC, 0xDEBC, 0x2966, 0x0000, 0x9473, 0xE6FD, 0xE6FD, 0x528A,
  0x0000, 0xB577, 0xE6DD, 0xD67B, 0xE6DD, 0xB556, 0x0000, 0x39C7, 0xE6DD, 0xE6DD, 0xBDB8, 0x0021,
  0x10A3, 0xD65A, 0xE6BC, 0xDE9C, 0x83D0, 0x6B4E, 0x6B4E, 0x6B2D, 0x6B2E, 0x738F, 0x39E8, 0x0000,
  0x0042, 0x0021, 0x0021, 0x0021, 0x0021, 0x0021, 0x0021, 0x0021, 0x0042, 0x0000, 0xA4D4, 0xE6FD,
  0xEF1E, 0x630C, 0x0000, 0x0042, 0x0022, 0x0000, 0x3187, 0xE6DC, 0xD67B, 0xEEFD, 0x62EC, 0x0000,
  0x0022, 0x0021, 0x0000, 0x18E4, 0xD67B, 0xDE9C, 0xEEFD, 0x9452, 0x0000, 0x0042, 0x0021, 0x0021,
  0x0021, 0x0022, 0x0042, 0x0022, 0x0022, 0x0042, 0x0042, 0x0042, 0x0042, 0x0042, 0x0042, 0x0042,
  0x0042, 0x0042, 0x0042, 0x0022, 0x0042, 0x0042, 0x0042, 0x0042, 0x0042, 0x0042, 0x0042, 0x0042,
  0x0042, 0x0042, 0x0022, 0x0042, 0x0021, 0x3A10, 0x6379, 0x5B58, 0x3A31, 0x4AD3, 0x2149, 0x52D5,
  0x73DA, 0x52D5, 0x2989, 0x7C1A, 0x8C7A, 0x5B36, 0x0043, 0x0001, 0x5313, 0xAD9E, 0x29AA, 0x0021,
  0x0001, 0x1926, 0x73D3, 0x9519, 0x9D19, 0x9D1A, 0x6B72, 0x8497, 0xCEBE, 0xD65C, 0xB5FD, 0x459F,
  0x0968, 0x0000, 0x0000, 0x0000, 0x0000, 0x0000, 0x0000, 0x0000, 0x0000, 0x0000, 0x0000, 0x0000,
  0x0000, 0x0000, 0x0000, 0x0000, 0x0000, 0x0000, 0x0000, 0x0000, 0x0000, 0x0000, 0x0000, 0x0000,
  0x0000, 0x0000, 0x0000, 0x0000, 0x0000, 0x0000, 0x0000, 0x0000, 0x0000, 0x0000, 0x0000, 0x0000,
  0x0000, 0x0000, 0x0000, 0x0000, 0x0000, 0x0000, 0x0000, 0x0000, 0x0000, 0x0041, 0x3CFB, 0x95DE,
  0xA519, 0x6BB3, 0x3A6D, 0x2189, 0x10E6, 0x0063, 0x0022, 0x0021, 0x08A4, 0x3A2C, 0x8458, 0x8CB9,
  0x5310, 0x1947, 0x0063, 0x0021, 0x0021, 0x0021, 0x0021, 0x0022, 0x0022, 0x0022, 0x0021, 0x0022,
  0x0022, 0x0022, 0x0042, 0x0884, 0x2168, 0x320C, 0x21AB, 0x08E6, 0x0063, 0x0042, 0x0022, 0x0022,
  0x0022, 0x0022, 0x0022, 0x0022, 0x0022, 0x0022, 0x0042, 0x0042, 0x0022, 0x0022, 0x0022, 0x0021,
  0x0021, 0x0021, 0x0021, 0x0042, 0x0000, 0x4A29, 0xEEFD, 0xE6DD, 0xBDB8, 0x0841, 0x0001, 0x0021,
  0x0021, 0x0000, 0x1082, 0xCE1A, 0xE6BC, 0xE6DD, 0x39A7, 0x0000, 0x9473, 0xE6DD, 0xE6DD, 0x5AAB,
  0x0000, 0x62EC, 0xEF1E, 0xD65B, 0xEEFD, 0x6B2D, 0x0000, 0x31A7, 0xE6BC, 0xE6BC, 0xC5B8, 0x0021,
  0x10A3, 0xCE3A, 0xE6DC, 0xDEBC, 0xEEFE, 0xEF1E, 0xEF1E, 0xEF1E, 0xE6FD, 0xFF7F, 0x8411, 0x0000,
  0x0042, 0x0021, 0x0021, 0x0021, 0x0021, 0x0021, 0x0021, 0x0021, 0x0022, 0x0000, 0xAD15, 0xE6DD,
  0xEEFD, 0x5AAB, 0x0000, 0x0042, 0x0021, 0x0021, 0x0020, 0xAD36, 0xEF1E, 0xDE7B, 0xD67B, 0x5AAB,
  0x0842, 0x0021, 0x2945, 0xB557, 0xE6DD, 0xD67B, 0xEEFD, 0x39E8, 0x0000, 0x0042, 0x0021, 0x0021,
  0x0021, 0x0022, 0x0022, 0x0022, 0x0022, 0x0042, 0x0022, 0x0042, 0x0042, 0x0042, 0x0042, 0x0042,
  0x0042, 0x0042, 0x0042, 0x0042, 0x0042, 0x0042, 0x0042, 0x0042, 0x0042, 0x0042, 0x0042, 0x0042,
  0x0042, 0x0042, 0x0042, 0x0001, 0x192A, 0x5B59, 0x6359, 0x31EF, 0x18E7, 0x214A, 0x10E7, 0x639A,
  0x73FA, 0x4250, 0x08A5, 0x7C39, 0xA53B, 0x4271, 0x0021, 0x0063, 0x3A52, 0x5B54, 0x52F1, 0x0000,
  0x2967, 0x8C76, 0xAD5A, 0x94D8, 0x7C15, 0x29AA, 0x0001, 0x8455, 0xCE7D, 0xBDDC, 0xB57C, 0x751E,
  0x2C7B, 0x0062, 0x0000, 0x0000, 0x0000, 0x0000, 0x0000, 0x0000, 0x0000, 0x0000, 0x0000, 0x0000,
  0x0000, 0x0000, 0x0000, 0x0000, 0x0000, 0x0000, 0x0000, 0x0000, 0x0000, 0x0000, 0x0000, 0x0000,
  0x0000, 0x0000, 0x0000, 0x0000, 0x0000, 0x0000, 0x0000, 0x0000, 0x0000, 0x0000, 0x0000, 0x0000,
  0x0000, 0x0000, 0x0000, 0x0000, 0x0000, 0x0000, 0x0000, 0x0000, 0x0000, 0x2B94, 0x5D1C, 0x9476,
  0xB5BC, 0xAD7B, 0x8497, 0x5B51, 0x320B, 0x1106, 0x0063, 0x0021, 0x0063, 0x2189, 0x6393, 0x73D5,
  0x3A6D, 0x10E6, 0x0042, 0x0021, 0x0021, 0x0022, 0x0022, 0x0022, 0x0042, 0x0022, 0x0022, 0x0022,
  0x0022, 0x0022, 0x0022, 0x0042, 0x08A4, 0x1968, 0x1969, 0x1107, 0x0884, 0x0042, 0x0022, 0x0022,
  0x0022, 0x0022, 0x0022, 0x0022, 0x0022, 0x0042, 0x0022, 0x0022, 0x0021, 0x0022, 0x0022, 0x0021,
  0x0021, 0x0021, 0x0021, 0x0042, 0x0000, 0x3187, 0xDEBC, 0xDEBC, 0xCE1A, 0x10A3, 0x0001, 0x0021,
  0x0021, 0x0001, 0x0841, 0xC5D8, 0xE6DD, 0xEF1E, 0x4A29, 0x0000, 0x9CD4, 0xF75F, 0xF75F, 0x6B2D,
  0x0000, 0x10A3, 0xD65B, 0xEF3E, 0xE6DD, 0x2125, 0x0000, 0x2966, 0xE6DD, 0xDE9C, 0xC5F9, 0x0841,
  0x10A3, 0xD65B, 0xE6DD, 0xDE9C, 0xDE7B, 0xDE9B, 0xDE9B, 0xDE9B, 0xD65B, 0xE6DD, 0x7BAF, 0x0000,
  0x0042, 0x0021, 0x0021, 0x0021, 0x0021, 0x0021, 0x0021, 0x0021, 0x0021, 0x0021, 0xC5D9, 0xEF3E,
  0xF75F, 0x4A4A, 0x0000, 0x0042, 0x0021, 0x0022, 0x0000, 0x2945, 0xDE9C, 0xE6FD, 0xDE9C, 0xEF1D,
  0xC5D8, 0xB557, 0xDEBC, 0xE6DD, 0xD67B, 0xF75F, 0x8C52, 0x0000, 0x0022, 0x0022, 0x0021, 0x0021,
  0x0022, 0x0022, 0x0042, 0x0022, 0x0022, 0x0022, 0x0042, 0x0022, 0x0042, 0x0042, 0x0042, 0x0042,
  0x0042, 0x0042, 0x0042, 0x0042, 0x0042, 0x0042, 0x0042, 0x0042, 0x0042, 0x0042, 0x0042, 0x0042,
  0x0042, 0x0042, 0x0022, 0x0884, 0x52F6, 0x6379, 0x31EF, 0x0001, 0x1907, 0x0022, 0x31EE, 0x6B9A,
  0x6B99, 0x216A, 0x0884, 0x9499, 0x847A, 0x29AD, 0x0000, 0x0063, 0x31EE, 0x0863, 0x424E, 0x4A8D,
  0x8456, 0x6351, 0x3A2C, 0x29EB, 0x5332, 0x0002, 0x6B91, 0xD69E, 0xC5FC, 0xCE5D, 0xA57C, 0x8C9A,
  0x6D7F, 0x2394, 0x0000, 0x0000, 0x0000, 0x0000, 0x0000, 0x0000, 0x0000, 0x0000, 0x0000, 0x0000,
  0x0000, 0x0000, 0x0000, 0x0000, 0x0000, 0x0000, 0x0000, 0x0000, 0x0000, 0x0000, 0x0000, 0x0000,
  0x0000, 0x0000, 0x0000, 0x0000, 0x0000, 0x0000, 0x0000, 0x0000, 0x0000, 0x0000, 0x0000, 0x0000,
  0x0000, 0x0000, 0x0000, 0x0000, 0x0000, 0x0000, 0x0020, 0x0000, 0x120B, 0x3D1D, 0x322C, 0x5B30,
  0x94B8, 0xBDDD, 0xBDDD, 0x94D9, 0x6392, 0x322B, 0x1106, 0x0043, 0x0063, 0x1948, 0x42AF, 0x4AF1,
  0x29CA, 0x08A4, 0x0042, 0x0021, 0x0022, 0x0021, 0x0022, 0x0022, 0x0022, 0x0021, 0x0022, 0x0022,
  0x0022, 0x0022, 0x0021, 0x0022, 0x0042, 0x08C5, 0x1107, 0x10E6, 0x08A4, 0x0042, 0x0022, 0x0022,
  0x0022, 0x0022, 0x0022, 0x0021, 0x0021, 0x0022, 0x0022, 0x0021, 0x0021, 0x0021, 0x0022, 0x0021,
  0x0021, 0x0021, 0x0021, 0x0021, 0x0000, 0x2125, 0xDE9C, 0xE6DD, 0xE6DD, 0x2125, 0x0000, 0x0021,
  0x0021, 0x0021, 0x0021, 0xBD97, 0xDE9C, 0xCE3A, 0x4209, 0x0000, 0x6B6E, 0xA4F5, 0x9493, 0x4208,
  0x0000, 0x0000, 0x39C7, 0x5AAB, 0x39E8, 0x0021, 0x0001, 0x0862, 0x3187, 0x2945, 0x2104, 0x0021,
  0x0042, 0x2125, 0x2945, 0x2125, 0x2125, 0x2945, 0x2125, 0x2125, 0x2945, 0x2966, 0x18C3, 0x0021,
  0x0021, 0x0021, 0x0021, 0x0021, 0x0021, 0x0021, 0x0021, 0x0021, 0x0021, 0x0022, 0x83F1, 0x9CD4,
  0xA4F5, 0x2966, 0x0000, 0x0022, 0x0021, 0x0021, 0x0022, 0x0000, 0x3186, 0xC5D9, 0xF73E, 0xE6FD,
  0xE6DD, 0xE6FD, 0xE6FD, 0xEF1E, 0xEF1E, 0x8C52, 0x0841, 0x0021, 0x0022, 0x0021, 0x0021, 0x0021,
  0x0022, 0x0022, 0x0022, 0x0022, 0x0022, 0x0022, 0x0022, 0x0022, 0x0042, 0x0042, 0x0042, 0x0042,
  0x0042, 0x0042, 0x0042, 0x0042, 0x0042, 0x0042, 0x0042, 0x0042, 0x0042, 0x0042, 0x0042, 0x0042,
  0x0042, 0x0042, 0x0001, 0x3A30, 0x5B79, 0x29AD, 0x0001, 0x0042, 0x0063, 0x0001, 0x3A31, 0x6379,
  0x52F7, 0x0864, 0x0883, 0x6356, 0x639A, 0x298B, 0x0000, 0x08A4, 0x1928, 0x0862, 0x4A8E, 0x52CF,
  0x1905, 0x0022, 0x0001, 0x08C5, 0x3A4F, 0x4AAE, 0xC61C, 0x9D18, 0xB5BB, 0xCE7D, 0x8478, 0x7C79,
  0x9D3B, 0x5DDF, 0x120B, 0x0000, 0x0000, 0x0000, 0x0000, 0x0000, 0x0000, 0x0000, 0x0000, 0x0000,
  0x0000, 0x0000, 0x0000, 0x0000, 0x0000, 0x0000, 0x0000, 0x0000, 0x0000, 0x0000, 0x0000, 0x0000,
  0x0000, 0x0000, 0x0000, 0x0000, 0x0000, 0x0000, 0x0000, 0x0000, 0x0000, 0x0000, 0x0000, 0x0000,
  0x0000, 0x0000, 0x0000, 0x0000, 0x0000, 0x0000, 0x0000, 0x0883, 0x3CFD, 0x224D, 0x10C5, 0x29A9,
  0x5B30, 0x9CF9, 0xC5FE, 0xBDBD, 0x94FA, 0x63B3, 0x320B, 0x10E5, 0x08A4, 0x1927, 0x320C, 0x322C,
  0x1947, 0x0063, 0x0022, 0x0022, 0x0022, 0x0021, 0x0022, 0x0022, 0x0022, 0x0022, 0x0022, 0x0022,
  0x0022, 0x0022, 0x0022, 0x0022, 0x0022, 0x0063, 0x08A4, 0x08A4, 0x0083, 0x0042, 0x0022, 0x0042,
  0x0022, 0x0022, 0x0022, 0x0022, 0x0021, 0x0022, 0x0022, 0x0021, 0x0021, 0x0021, 0x0021, 0x0021,
  0x0021, 0x0021, 0x0021, 0x0021, 0x0001, 0x10A3, 0xC5F9, 0xC5D8, 0xB577, 0x2125, 0x0000, 0x0021,
  0x0021, 0x0021, 0x0021, 0x1904, 0x18E4, 0x1082, 0x0020, 0x0001, 0x0001, 0x0000, 0x0000, 0x0001,
  0x0001, 0x0000, 0x0000, 0x0000, 0x0000, 0x0001, 0x0001, 0x0000, 0x0000, 0x0000, 0x0000, 0x0021,
  0x0022, 0x0000, 0x0000, 0x0000, 0x0000, 0x0000, 0x0000, 0x0000, 0x0001, 0x0001, 0x0001, 0x0021,
  0x0021, 0x0042, 0x0042, 0x0042, 0x0042, 0x0042, 0x0042, 0x0042, 0x0042, 0x0021, 0x0000, 0x0000,
  0x0000, 0x0001, 0x0021, 0x0021, 0x0021, 0x0021, 0x0021, 0x0042, 0x0000, 0x0862, 0x6B2D, 0xA4F5,
  0xBD97, 0xC5D9, 0xBDB8, 0x9493, 0x4209, 0x0000, 0x0021, 0x0022, 0x0021, 0x0022, 0x0022, 0x0022,
  0x0022, 0x0022, 0x0022, 0x0022, 0x0022, 0x0022, 0x0022, 0x0042, 0x0042, 0x0042, 0x0042, 0x0042,
  0x0042, 0x0042, 0x0042, 0x0042, 0x0042, 0x0042, 0x0042, 0x0042, 0x0042, 0x0042, 0x0042, 0x0042,
  0x0042, 0x0001, 0x194A, 0x5B79, 0x214A, 0x0000, 0x0042, 0x0042, 0x0022, 0x0042, 0x4A94, 0x637A,
  0x3A11, 0x0021, 0x0021, 0x4272, 0x73FB, 0x29AC, 0x0001, 0x0884, 0x1907, 0x1906, 0x10E5, 0x10E5,
  0x0000, 0x0042, 0x0063, 0x0001, 0x2189, 0x9D19, 0x8C97, 0x4ACF, 0x7C99, 0xADDD, 0x9D5B, 0x29CC,
  0x6352, 0x9DBE, 0x3D1D, 0x00A4, 0x0000, 0x0000, 0x0000, 0x0000, 0x0000, 0x0000, 0x0000, 0x0000,
  0x0000, 0x0000, 0x0000, 0x0000, 0x0000, 0x0000, 0x0000, 0x0000, 0x0000, 0x0000, 0x0000, 0x0000,
  0x0000, 0x0000, 0x0000, 0x0000, 0x0000, 0x0000, 0x0000, 0x0000, 0x0000, 0x0000, 0x0000, 0x0000,
  0x0000, 0x0000, 0x0000, 0x0000, 0x0000, 0x0000, 0x0000, 0x2BF6, 0x4C99, 0x2127, 0x0884, 0x08A4,
  0x31EA, 0x73D3, 0xAD7C, 0xBDBD, 0xAD7D, 0x94D9, 0x6372, 0x29EA, 0x1127, 0x1927, 0x2189, 0x2169,
  0x10E5, 0x0042, 0x0022, 0x0022, 0x0022, 0x0022, 0x0022, 0x0022, 0x0022, 0x0042, 0x0042, 0x0042,
  0x0022, 0x0022, 0x0022, 0x0022, 0x0022, 0x0022, 0x0063, 0x0063, 0x0063, 0x0042, 0x0022, 0x0022,
  0x0042, 0x0022, 0x0022, 0x0022, 0x0022, 0x0022, 0x0022, 0x0021, 0x0021, 0x0021, 0x0021, 0x0021,
  0x0021, 0x0021, 0x0021, 0x0021, 0x0021, 0x0022, 0x10A4, 0x0862, 0x0000, 0x0000, 0x0021, 0x0021,
  0x0042, 0x0042, 0x0021, 0x0000, 0x0001, 0x0001, 0x0000, 0x0001, 0x0001, 0x0021, 0x0042, 0x0021,
  0x0021, 0x0021, 0x0021, 0x0021, 0x0021, 0x0021, 0x0001, 0x0021, 0x0000, 0x0000, 0x0000, 0x0000,
  0x0000, 0x0000, 0x0000, 0x0000, 0x0000, 0x0000, 0x0000, 0x0000, 0x0000, 0x0000, 0x0000, 0x0000,
  0x0000, 0x0000, 0x0000, 0x0000, 0x0000, 0x0000, 0x0000, 0x0000, 0x0000, 0x0000, 0x0001, 0x0001,
  0x0000, 0x0000, 0x0021, 0x0021, 0x0021, 0x0021, 0x0021, 0x0021, 0x0021, 0x0021, 0x0000, 0x0000,
  0x0862, 0x0883, 0x0041, 0x0000, 0x0000, 0x0021, 0x0022, 0x0021, 0x0021, 0x0022, 0x0022, 0x0022,
  0x0022, 0x0022, 0x0022, 0x0022, 0x0022, 0x0022, 0x0022, 0x0022, 0x0022, 0x0042, 0x0042, 0x0042,
  0x0042, 0x0042, 0x0042, 0x0042, 0x0042, 0x0042, 0x0042, 0x0042, 0x0042, 0x0042, 0x0042, 0x0042,
  0x0022, 0x0063, 0x4271, 0x1908, 0x0000, 0x0042, 0x0042, 0x0042, 0x0021, 0x0884, 0x52F6, 0x5B59,
  0x1929, 0x0021, 0x0021, 0x31EE, 0x7C1B, 0x298B, 0x0001, 0x0063, 0x0063, 0x0022, 0x0022, 0x08A4,
  0x0043, 0x0042, 0x0022, 0x0022, 0x6BB3, 0x8457, 0xA53A, 0x7C99, 0x63D7, 0xBE3E, 0xA558, 0x0021,
  0x6393, 0xAD7C, 0x75DF, 0x23D6, 0x0000, 0x0000, 0x0000, 0x0000, 0x0000, 0x0000, 0x0000, 0x0000,
  0x0000, 0x0000, 0x0000, 0x0000, 0x0000, 0x0000, 0x0000, 0x0000, 0x0000, 0x0000, 0x0000, 0x0000,
  0x0000, 0x0000, 0x0000, 0x0000, 0x0000, 0x0000, 0x0000, 0x0000, 0x0000, 0x0000, 0x0000, 0x0000,
  0x0000, 0x0000, 0x0000, 0x0000, 0x0020, 0x0000, 0x11EB, 0x5DDF, 0x73F5, 0x31EB, 0x0884, 0x0042,
  0x10E5, 0x428D, 0x8456, 0xAD5C, 0xAD5D, 0x9CFB, 0x7416, 0x428E, 0x2189, 0x1968, 0x1968, 0x1106,
  0x08A4, 0x0042, 0x0022, 0x0022, 0x0022, 0x0042, 0x0042, 0x0022, 0x0042, 0x0042, 0x0042, 0x0042,
  0x0042, 0x0022, 0x0022, 0x0021, 0x0022, 0x0022, 0x0042, 0x0042, 0x0042, 0x0042, 0x0022, 0x0022,
  0x0042, 0x0022, 0x0022, 0x0022, 0x0022, 0x0021, 0x0021, 0x0021, 0x0021, 0x0022, 0x0022, 0x0021,
  0x0021, 0x0042, 0x0022, 0x0022, 0x0042, 0x0022, 0x0001, 0x0021, 0x0021, 0x0000, 0x0000, 0x0000,
  0x0000, 0x0000, 0x0000, 0x0000, 0x0000, 0x0000, 0x0041, 0x0842, 0x0841, 0x0021, 0x0000, 0x0000,
  0x0000, 0x0001, 0x0021, 0x0001, 0x0001, 0x0021, 0x0021, 0x0000, 0x630D, 0x9CB3, 0x9472, 0x9473,
  0x9473, 0x9C93, 0x9CB4, 0x9CD4, 0xA4D4, 0xB577, 0x4A6A, 0x2925, 0x9C93, 0x9452, 0x9452, 0x8411,
  0x7BD0, 0x7BAF, 0x736F, 0x6B4E, 0x630D, 0x5AAB, 0x526A, 0x4A29, 0x39E8, 0x3187, 0x2966, 0x2125,
  0x18C3, 0x10A3, 0x0042, 0x0021, 0x0021, 0x0021, 0x0021, 0x0021, 0x0021, 0x0001, 0x0000, 0x0000,
  0x0001, 0x0001, 0x0001, 0x0042, 0x0042, 0x0021, 0x0021, 0x0021, 0x0021, 0x0021, 0x0021, 0x0022,
  0x0022, 0x0022, 0x0022, 0x0022, 0x0022, 0x0022, 0x0022, 0x0022, 0x0022, 0x0022, 0x0022, 0x0022,
  0x0022, 0x0042, 0x0042, 0x0042, 0x0042, 0x0042, 0x0042, 0x0042, 0x0042, 0x0042, 0x0042, 0x0042,
  0x0022, 0x1949, 0x0884, 0x0000, 0x0042, 0x0042, 0x0042, 0x0042, 0x0021, 0x10A6, 0x5B38, 0x4AD6,
  0x0063, 0x0042, 0x0001, 0x1929, 0x73FA, 0x1928, 0x0001, 0x0042, 0x0042, 0x0042, 0x0042, 0x0042,
  0x0042, 0x0022, 0x0000, 0x4A8D, 0x94DA, 0x8CB9, 0x7C36, 0x29AA, 0x3A4D, 0xCE9D, 0xBE1A, 0x4AB0,
  0x94DA, 0xB5DC, 0xAD9B, 0x65DF, 0x120C, 0x0000, 0x0000, 0x0000, 0x0000, 0x0000, 0x0000, 0x0000,
  0x0000, 0x0000, 0x0000, 0x0000, 0x0000, 0x0000, 0x0000, 0x0000, 0x0000, 0x0000, 0x0000, 0x0000,
  0x0000, 0x0000, 0x0000, 0x0000, 0x0000, 0x0000, 0x0000, 0x0000, 0x0000, 0x0000, 0x0000, 0x0000,
  0x0000, 0x0000, 0x0000, 0x0000, 0x0000, 0x0062, 0x3D1C, 0xA5DE, 0x94B8, 0x428D, 0x10C5, 0x0022,
  0x0063, 0x2168, 0x5310, 0x8C99, 0xA51C, 0x8C99, 0x6BB4, 0x42AF, 0x21AA, 0x1968, 0x1948, 0x10E6,
  0x0884, 0x0042, 0x0022, 0x0022, 0x0042, 0x0042, 0x0022, 0x0042, 0x0042, 0x0042, 0x0022, 0x0042,
  0x0042, 0x0022, 0x0022, 0x0042, 0x0022, 0x0022, 0x0042, 0x0042, 0x0042, 0x0042, 0x0022, 0x0022,
  0x0022, 0x0022, 0x0022, 0x0021, 0x0021, 0x0022, 0x0022, 0x0042, 0x0042, 0x0042, 0x0042, 0x0021,
  0x0001, 0x0000, 0x0000, 0x0000, 0x0000, 0x0000, 0x0000, 0x0021, 0x0021, 0x10C4, 0x4209, 0x4A29,
  0x5AAB, 0x6B2E, 0x83D0, 0x9472, 0xA4F5, 0xB556, 0xC619, 0xD65A, 0xC5D9, 0xBD97, 0xAD36, 0x83F0,
  0x4229, 0x0862, 0x0000, 0x0001, 0x0021, 0x0021, 0x0021, 0x0021, 0x2104, 0x9CB4, 0xF75F, 0xE6DD,
  0xE6DD, 0xE6DD, 0xE6FD, 0xE6FD, 0xEF1E, 0x6B4E, 0x0841, 0x528A, 0xF75F, 0xE6DD, 0xE6DD, 0xF75F,
  0xF77F, 0xEF1E, 0xEF1E, 0xEF1D, 0xEEFD, 0xEEFD, 0xEEFD, 0xE6FD, 0xF75F, 0xF75F, 0xDE9C, 0xD65B,
  0xD65B, 0xDEBC, 0x6B2D, 0x0000, 0x0042, 0x0021, 0x0021, 0x0021, 0x0000, 0x2945, 0x4A6A, 0x3166,
  0x2146, 0x10C4, 0x0841, 0x0021, 0x0021, 0x0021, 0x0021, 0x0021, 0x0021, 0x0021, 0x0021, 0x0042,
  0x0042, 0x0042, 0x0042, 0x0042, 0x0022, 0x0022, 0x0022, 0x0022, 0x0022, 0x0022, 0x0022, 0x0022,
  0x0022, 0x0022, 0x0042, 0x0022, 0x0022, 0x0042, 0x0042, 0x0042, 0x0042, 0x0042, 0x0042, 0x0022,
  0x08A4, 0x0884, 0x0021, 0x0042, 0x0042, 0x0042, 0x0042, 0x0042, 0x0001, 0x10E7, 0x637A, 0x3A30,
  0x0001, 0x0043, 0x0022, 0x0884, 0x6B97, 0x10C6, 0x0021, 0x0042, 0x0042, 0x0042, 0x0042, 0x0043,
  0x0022, 0x0063, 0x4A90, 0x849A, 0x6BD8, 0x8459, 0x6BB6, 0x1908, 0x29EC, 0xB5FB, 0xD6BD, 0x847B,
  0x849B, 0xBE1D, 0xCE5D, 0xAE1E, 0x453D, 0x0083, 0x0000, 0x0000, 0x0000, 0x0000, 0x0000, 0x0000,
  0x0000, 0x0000, 0x0000, 0x0000, 0x0000, 0x0000, 0x0000, 0x0000, 0x0000, 0x0000, 0x0000, 0x0000,
  0x0000, 0x0000, 0x0000, 0x0000, 0x0000, 0x0000, 0x0000, 0x0000, 0x0000, 0x0000, 0x0000, 0x0000,
  0x0000, 0x0000, 0x0000, 0x0000, 0x0000, 0x2353, 0x657E, 0xB55C, 0x9D3B, 0x5B30, 0x1947, 0x0042,
  0x0022, 0x08A4, 0x29CA, 0x6373, 0x8C99, 0x7C37, 0x5B52, 0x3A4D, 0x2168, 0x1106, 0x1106, 0x08E5,
  0x08A4, 0x0063, 0x0042, 0x0022, 0x0042, 0x0022, 0x0042, 0x0042, 0x0042, 0x0042, 0x0042, 0x0042,
  0x0022, 0x0022, 0x0022, 0x0022, 0x0022, 0x0022, 0x0022, 0x0022, 0x0022, 0x0022, 0x0022, 0x0022,
  0x0022, 0x0021, 0x0042, 0x0042, 0x0021, 0x0001, 0x0000, 0x0000, 0x0000, 0x0000, 0x0000, 0x0021,
  0x1083, 0x2125, 0x39C8, 0x5AAB, 0x736F, 0x83F1, 0xAD36, 0x7BD0, 0x0000, 0x3187, 0xB556, 0xE6DD,
  0xE6DD, 0xEF1E, 0xEF1E, 0xEF1E, 0xE6FD, 0xEEFD, 0xC5F9, 0xA4F4, 0xBDB8, 0xF73E, 0xE6FD, 0xE6FD,
  0xE6DD, 0xC5F9, 0x630D, 0x0020, 0x0000, 0x0021, 0x0021, 0x0021, 0x0000, 0x18C3, 0xDE7B, 0xDE9B,
  0xDE7B, 0xDE7B, 0xD67B, 0xE6BC, 0xB556, 0x0000, 0x0000, 0x528A, 0xEEFD, 0xD67B, 0xE6DD, 0xB557,
  0x39E8, 0x8C32, 0xEEFD, 0xD67B, 0xDE7B, 0xDE7B, 0xDE7B, 0xE6FD, 0x8C52, 0x7BD0, 0xD65B, 0xE6BC,
  0xDE9C, 0xF75F, 0x6B4E, 0x0000, 0x0042, 0x0021, 0x0021, 0x0021, 0x0000, 0xAD36, 0xF73E, 0xDE9C,
  0xD67B, 0xD67B, 0xA515, 0x0841, 0x0001, 0x0021, 0x0021, 0x0021, 0x0021, 0x0041, 0x0021, 0x0000,
  0x0000, 0x0000, 0x0000, 0x0001, 0x0021, 0x0042, 0x0042, 0x0042, 0x0042, 0x0022, 0x0022, 0x0022,
  0x0022, 0x0022, 0x0022, 0x0022, 0x0022, 0x0042, 0x0042, 0x0042, 0x0042, 0x0042, 0x0042, 0x0022,
  0x0042, 0x0022, 0x0042, 0x0042, 0x0042, 0x0042, 0x0042, 0x0042, 0x0001, 0x1928, 0x6399, 0x10E7,
  0x0021, 0x0042, 0x0042, 0x0022, 0x424E, 0x0884, 0x0022, 0x0042, 0x0042, 0x0042, 0x0042, 0x0022,
  0x0884, 0x5B13, 0x94BB, 0x5314, 0x4AB2, 0x73FA, 0x31ED, 0x218C, 0x2A0E, 0x8CD8, 0x9CF9, 0x73F9,
  0x94FC, 0x9D1A, 0xA55B, 0xBDBC, 0x65BF, 0x2373, 0x0000, 0x0000, 0x0000, 0x0000, 0x0000, 0x0000,
  0x0000, 0x0000, 0x0000, 0x0000, 0x0000, 0x0000, 0x0000, 0x0000, 0x0000, 0x0000, 0x0000, 0x0000,
  0x0000, 0x0000, 0x0000, 0x0000, 0x0000, 0x0000, 0x0000, 0x0000, 0x0000, 0x0000, 0x0000, 0x0000,
  0x0000, 0x0000, 0x0000, 0x0000, 0x1168, 0x3D3D, 0x6BB4, 0xA53C, 0xA55C, 0x6BB3, 0x29C9, 0x0884,
  0x0022, 0x0042, 0x10C5, 0x320C, 0x6BB5, 0x7C37, 0x5332, 0x29EB, 0x1106, 0x08A4, 0x08A4, 0x08A5,
  0x08A4, 0x0063, 0x0042, 0x0042, 0x0022, 0x0042, 0x0042, 0x0042, 0x0022, 0x0042, 0x0022, 0x0022,
  0x0022, 0x0022, 0x0022, 0x0022, 0x0022, 0x0022, 0x0022, 0x0042, 0x0042, 0x0042, 0x0022, 0x0001,
  0x0021, 0x0021, 0x0000, 0x0000, 0x0000, 0x10A3, 0x2945, 0x4209, 0x62EC, 0x83D0, 0xA4D4, 0xC5D8,
  0xDE7B, 0xEEFD, 0xF77F, 0xF75F, 0xE6FD, 0xE6BD, 0xF75F, 0xB577, 0x0000, 0x0000, 0x0000, 0xA4F5,
  0xE6BD, 0xD67B, 0xDE9B, 0xDE9B, 0xD67B, 0xEF1E, 0x6B0D, 0x0000, 0x0841, 0x738E, 0xE6DD, 0xD67B,
  0xDE7B, 0xE6BC, 0xEF1E, 0xA4F5, 0x18C3, 0x0000, 0x0021, 0x0021, 0x0000, 0x20E4, 0xD67B, 0xDEBC,
  0xDE9C, 0xDE9C, 0xDE7B, 0xE6DD, 0xA4D4, 0x0000, 0x0000, 0x528A, 0xE6DD, 0xEEFD, 0xAD35, 0x0841,
  0x0000, 0x83F0, 0xEF1E, 0xDE7B, 0xDE9C, 0xDE9C, 0xDE9B, 0xEF1E, 0x4A4A, 0x0000, 0x39A7, 0xDE9B,
  0xDEBC, 0xEEFD, 0x62EC, 0x0000, 0x0042, 0x0021, 0x0021, 0x0000, 0x2966, 0xE6BC, 0xDE7B, 0xDE7C,
  0xDE9C, 0xE6BC, 0xDEBC, 0x2105, 0x0000, 0x0021, 0x0021, 0x0021, 0x0000, 0x4A49, 0xC5D8, 0x9493,
  0x738F, 0x5AAB, 0x31A7, 0x18E4, 0x0841, 0x0000, 0x0000, 0x0000, 0x0000, 0x0001, 0x0022, 0x0042,
  0x0042, 0x0042, 0x0042, 0x0042, 0x0022, 0x0022, 0x0042, 0x0042, 0x0022, 0x0042, 0x0022, 0x0022,
  0x0022, 0x0022, 0x0042, 0x0042, 0x0042, 0x0042, 0x0042, 0x0042, 0x0000, 0x216A, 0x4292, 0x0001,
  0x0042, 0x0042, 0x0042, 0x0021, 0x1927, 0x0863, 0x0022, 0x0042, 0x0042, 0x0042, 0x0022, 0x0043,
  0x5B14, 0x847B, 0x52D1, 0x216A, 0x73F9, 0x5B15, 0x0884, 0x31EC, 0x08E7, 0x6BB4, 0x7C16, 0x94B9,
  0xA51B, 0x6BD7, 0x94DB, 0xBDFD, 0x7439, 0x3D3E, 0x0947, 0x0000, 0x0000, 0x0000, 0x0000, 0x0000,
  0x0000, 0x0000, 0x0000, 0x0000, 0x0000, 0x0000, 0x0000, 0x0000, 0x0000, 0x0000, 0x0000, 0x0000,
  0x0000, 0x0000, 0x0000, 0x0000, 0x0000, 0x0000, 0x0000, 0x0000, 0x0000, 0x0000, 0x0000, 0x0000,
  0x0000, 0x0000, 0x0000, 0x0000, 0x3499, 0x2AD0, 0x52AF, 0x8CB9, 0x8477, 0x6372, 0x320B, 0x10E5,
  0x0042, 0x0022, 0x0042, 0x1106, 0x428E, 0x6BD5, 0x5B53, 0x29CA, 0x08C5, 0x0063, 0x0063, 0x0084,
  0x0883, 0x0063, 0x0042, 0x0042, 0x0022, 0x0042, 0x0042, 0x0042, 0x0022, 0x0042, 0x0042, 0x0042,
  0x0022, 0x0022, 0x0022, 0x0042, 0x0042, 0x0022, 0x0001, 0x0000, 0x0000, 0x0000, 0x0001, 0x10C4,
  0x0862, 0x0000, 0x4229, 0xAD36, 0xBD97, 0xCDF9, 0xDE9C, 0xE6FD, 0xEF1E, 0xEF1E, 0xEF1E, 0xDEBC,
  0xA4F5, 0x8411, 0x7BAF, 0x9472, 0xD63A, 0xDEBC, 0xDEBC, 0xC5D8, 0x0841, 0x0020, 0x0000, 0x83D0,
  0xEF1E, 0xDE9B, 0xDE9C, 0xDE9C, 0xDE7B, 0xEF1E, 0x7BAF, 0x0000, 0x0021, 0x0000, 0x83D0, 0xE6FD,
  0xDE7B, 0xDE9C, 0xD67B, 0xE6DD, 0xB577, 0x18C3, 0x0000, 0x0021, 0x0000, 0x18E4, 0xD67B, 0xDEBC,
  0xDE9C, 0xDE9C, 0xDE7B, 0xE6FD, 0x9CD4, 0x0000, 0x0000, 0x5AAB, 0xEF1E, 0xC5D8, 0x1082, 0x0001,
  0x0000, 0x8C31, 0xEF1E, 0xDE9B, 0xDE9C, 0xDE9C, 0xDE9C, 0xE6FD, 0x4A49, 0x0000, 0x0000, 0x52AB,
  0xE6DD, 0xE6BD, 0x5AAB, 0x0000, 0x0042, 0x0021, 0x0021, 0x0000, 0x83F0, 0xEF1E, 0xDE7B, 0xDE9C,
  0xDE9C, 0xDE7B, 0xE6DD, 0x4209, 0x0000, 0x0022, 0x0021, 0x0042, 0x0000, 0x736E, 0xF73E, 0xE6FD,
  0xFF7F, 0xF77F, 0xEF3E, 0xD67B, 0xBDB8, 0xA4F5, 0x83F0, 0x5ACC, 0x31A7, 0x18C3, 0x0021, 0x0000,
  0x0000, 0x0000, 0x0001, 0x0022, 0x0042, 0x0042, 0x0042, 0x0042, 0x0022, 0x0042, 0x0022, 0x0022,
  0x0022, 0x0022, 0x0022, 0x0042, 0x0042, 0x0042, 0x0042, 0x0042, 0x0001, 0x2149, 0x1928, 0x0001,
  0x0042, 0x0042, 0x0042, 0x0022, 0x10C5, 0x0063, 0x0042, 0x0042, 0x0042, 0x0022, 0x0042, 0x52F3,
  0x5B35, 0x2129, 0x0043, 0x5B34, 0x845B, 0x2148, 0x0021, 0x214A, 0x5314, 0x8437, 0x8C77, 0xA53A,
  0x8C9A, 0x743B, 0x8CBB, 0xB5DD, 0xA53C, 0x9E5F, 0x2C38, 0x0000, 0x0000, 0x0000, 0x0000, 0x0000,
  0x0000, 0x0000, 0x0000, 0x0000, 0x0000, 0x0000, 0x0000, 0x0000, 0x0000, 0x0000, 0x0000, 0x0000,
  0x0000, 0x0000, 0x0000, 0x0000, 0x0000, 0x0000, 0x0000, 0x0000, 0x0000, 0x0000, 0x0000, 0x0000,
  0x0000, 0x0000, 0x0000, 0x1A6E, 0x3478, 0x0883, 0x426E, 0x6B93, 0x5B31, 0x428E, 0x29CA, 0x1106,
  0x0063, 0x0022, 0x0022, 0x0063, 0x1968, 0x4AAF, 0x5332, 0x322C, 0x10E6, 0x0063, 0x0042, 0x0063,
  0x0063, 0x0063, 0x0042, 0x0042, 0x0022, 0x0042, 0x0042, 0x0022, 0x0022, 0x0042, 0x0022, 0x0022,
  0x0022, 0x0022, 0x0042, 0x0001, 0x0000, 0x0001, 0x10A3, 0x31A7, 0x5AEC, 0x83F1, 0x8C32, 0x6B4F,
  0x10A3, 0x0000, 0x18E4, 0x528A, 0xCDF9, 0xE6DD, 0xDE9C, 0xDE9C, 0xDE7B, 0xD67B, 0xE6DD, 0xB556,
  0x0000, 0x0000, 0x0000, 0x0000, 0x2945, 0xC5D8, 0xE6FD, 0xCDFA, 0x18C3, 0x0000, 0x0000, 0x7B8F,
  0xEF1E, 0xDE9B, 0xDE9C, 0xDE9C, 0xDE9B, 0xEF1E, 0x8C11, 0x0000, 0x0021, 0x0000, 0x1082, 0xCE1A,
  0xE6BC, 0xDE9C, 0xDE9C, 0xD67B, 0xDEBC, 0x9CD4, 0x0021, 0x0021, 0x0000, 0x18E4, 0xD67B, 0xDEBC,
  0xDE9C, 0xDE9C, 0xDE9B, 0xE6FD, 0x9CD4, 0x0000, 0x0000, 0x62ED, 0xF75F, 0x39C7, 0x0000, 0x0042,
  0x0000, 0x9473, 0xEF1E, 0xDE7B, 0xDE9C, 0xDE9C, 0xDE9C, 0xE6DD, 0x41E8, 0x0000, 0x0042, 0x0000,
  0x9C93, 0xF75F, 0x528A, 0x0000, 0x0022, 0x0021, 0x0001, 0x1062, 0xCE1A, 0xE6BC, 0xDE9C, 0xDE9C,
  0xDE9C, 0xD67B, 0xEEFD, 0x736E, 0x0000, 0x0021, 0x0021, 0x0042, 0x0000, 0x9452, 0xE6BD, 0xDE9C,
  0x9473, 0x526A, 0x62EC, 0xD63A, 0xE6FD, 0xE6FD, 0xEF1E, 0xEEFE, 0xE6DD, 0xD67B, 0xBDB8, 0x9452,
  0x736E, 0x4A4A, 0x2125, 0x0862, 0x0021, 0x0001, 0x0000, 0x0001, 0x0022, 0x0042, 0x0042, 0x0042,
  0x0042, 0x0042, 0x0022, 0x0022, 0x0042, 0x0022, 0x0042, 0x0042, 0x0021, 0x1948, 0x0884, 0x0022,
  0x0042, 0x0042, 0x0042, 0x0042, 0x0042, 0x0042, 0x0042, 0x0042, 0x0042, 0x0042, 0x3A4F, 0x3A4F,
  0x0042, 0x0000, 0x216A, 0x741A, 0x5B35, 0x214B, 0x4AB4, 0x6BDA, 0x6BDA, 0x73D7, 0x94B7, 0xA55C,
  0x4AD6, 0x21CC, 0x6394, 0xA55D, 0x9D3C, 0xB5BD, 0x4D3F, 0x124C, 0x0000, 0x0000, 0x0000, 0x0000,
  0x0000, 0x0000, 0x0000, 0x0000, 0x0000, 0x0000, 0x0000, 0x0000, 0x0000, 0x0000, 0x0000, 0x0000,
  0x0000, 0x0000, 0x0000, 0x0000, 0x0000, 0x0000, 0x0000, 0x0000, 0x0000, 0x0000, 0x0000, 0x0000,
  0x0000, 0x0000, 0x0062, 0x34FC, 0x0968, 0x0883, 0x29EB, 0x4AAF, 0x320C, 0x2189, 0x1947, 0x10E5,
  0x0063, 0x0022, 0x0022, 0x0022, 0x0884, 0x2169, 0x3A6E, 0x3A4D, 0x1947, 0x0063, 0x0022, 0x0022,
  0x0042, 0x0042, 0x0042, 0x0042, 0x0022, 0x0042, 0x0042, 0x0022, 0x0022, 0x0022, 0x0022, 0x0022,
  0x0022, 0x0042, 0x0001, 0x2966, 0x8411, 0xAD36, 0xCE3A, 0xE6DD, 0xEF1E, 0xF73F, 0x6B4E, 0x0000,
  0x0022, 0x0021, 0x0001, 0x0000, 0x62EC, 0xEF1E, 0xDE7B, 0xDE9C, 0xDE9C, 0xDE9C, 0xE6DD, 0xC5D8,
  0x0862, 0x0021, 0x0021, 0x0041, 0x0000, 0x18C3, 0xBDB8, 0xE6DD, 0x2946, 0x0000, 0x0000, 0x630D,
  0xEF1E, 0xDE9C, 0xDE9C, 0xDE9C, 0xDE9B, 0xEF1E, 0x9473, 0x0000, 0x0021, 0x0021, 0x0000, 0x83D0,
  0xEF1E, 0xDE7B, 0xDE9C, 0xDE9C, 0xD65B, 0xD67C, 0x4A6A, 0x0000, 0x0000, 0x18E4, 0xD67B, 0xDEBC,
  0xDE9C, 0xDE9C, 0xDE9B, 0xE6FD, 0x9CD4, 0x0000, 0x0000, 0x83F0, 0xA4F4, 0x0000, 0x0021, 0x0021,
  0x0000, 0x9CB3, 0xEF1E, 0xDE7B, 0xDE9C, 0xDE9C, 0xDE9C, 0xE6DD, 0x39C7, 0x0000, 0x0041, 0x0000,
  0x2945, 0xEF3E, 0x526A, 0x0000, 0x0021, 0x0021, 0x0000, 0x526A, 0xEEFD, 0xDE7B, 0xDE9C, 0xDE9C,
  0xDE9C, 0xDE9B, 0xE6FD, 0x9CD4, 0x0000, 0x0021, 0x0021, 0x0021, 0x0001, 0xB577, 0xE6DD, 0x528B,
  0x0000, 0x0000, 0x0861, 0xD63A, 0xDEBC, 0xDE7B, 0xDE7B, 0xDE7B, 0xDEBC, 0xDEBC, 0xC5D9, 0xEF1E,
  0xEF1E, 0xE6DD, 0xD67B, 0xCE3A, 0x526A, 0x3166, 0x5ACC, 0x2104, 0x0042, 0x0000, 0x0000, 0x0000,
  0x0021, 0x0042, 0x0042, 0x0042, 0x0042, 0x0022, 0x0022, 0x0042, 0x0022, 0x10C5, 0x0042, 0x0042,
  0x0022, 0x0042, 0x0042, 0x0042, 0x0042, 0x0042, 0x0042, 0x0042, 0x0042, 0x1928, 0x10E6, 0x0001,
  0x0043, 0x0022, 0x4AB3, 0x5B37, 0x31EF, 0x4B17, 0x63D9, 0x6395, 0x5B59, 0x5B37, 0x8CB9, 0xC69E,
  0x6B97, 0x3A8F, 0x7438, 0x73DA, 0x52F4, 0x6BB6, 0x647A, 0x353D, 0x0062, 0x0000, 0x0000, 0x0000,
  0x0000, 0x0000, 0x0000, 0x0000, 0x0000, 0x0000, 0x0000, 0x0000, 0x0000, 0x0000, 0x0000, 0x0000,
  0x0000, 0x0000, 0x0000, 0x0000, 0x0000, 0x0000, 0x0000, 0x0000, 0x0000, 0x0000, 0x0000, 0x0000,
  0x0000, 0x0000, 0x2332, 0x23B6, 0x0000, 0x08A5, 0x2189, 0x320C, 0x2168, 0x08C5, 0x08A4, 0x0884,
  0x0063, 0x0022, 0x0022, 0x0022, 0x0042, 0x08A4, 0x2189, 0x29EB, 0x1948, 0x0884, 0x0042, 0x0022,
  0x0042, 0x0042, 0x0042, 0x0042, 0x0042, 0x0022, 0x0022, 0x0022, 0x0022, 0x0022, 0x0022, 0x0022,
  0x0042, 0x0042, 0x0000, 0xAD36, 0xF75F, 0xE6DD, 0xDEBC, 0xDE9C, 0xDE7B, 0xE6DD, 0x31A7, 0x0000,
  0x0042, 0x0021, 0x0021, 0x0000, 0x4A29, 0xE6FD, 0xDE9C, 0xDE9C, 0xDE9C, 0xDE9C, 0xDEBC, 0xD65B,
  0x18C3, 0x0000, 0x0021, 0x0021, 0x0042, 0x0000, 0x2124, 0xE6FD, 0x528B, 0x0000, 0x0000, 0x528B,
  0xEF1E, 0xDE9C, 0xDE9C, 0xDE9C, 0xDE9B, 0xEEFD, 0xA4D4, 0x0000, 0x0020, 0x0021, 0x0000, 0x39A7,
  0xE6DD, 0xDE9C, 0xDE9C, 0xDE9C, 0xD67B, 0xD65B, 0x9CB4, 0x0041, 0x0000, 0x18C3, 0xD65B, 0xDEBC,
  0xDE9C, 0xDE9C, 0xDE9B, 0xE6FD, 0x9CD4, 0x0000, 0x0000, 0x39C8, 0x1904, 0x0001, 0x0021, 0x0021,
  0x0000, 0xA4D4, 0xEEFD, 0xDE9C, 0xDE9C, 0xDE9C, 0xDE9C, 0xE6DD, 0x31A7, 0x0000, 0x0021, 0x0021,
  0x0000, 0x9C93, 0x5AAB, 0x0000, 0x0021, 0x0021, 0x0000, 0xAD15, 0xEF1E, 0xDE9C, 0xDE9C, 0xDE9C,
  0xDE9C, 0xDE9C, 0xE6BC, 0xC5D9, 0x0862, 0x0001, 0x0021, 0x0001, 0x0862, 0xCE3A, 0x5ACC, 0x0000,
  0x0041, 0x0000, 0x31A7, 0xE6DD, 0xDE9C, 0xDE9C, 0xDE9C, 0xDE9C, 0xE6DD, 0xC5D8, 0x0021, 0x41E8,
  0xCE1A, 0xDE9C, 0xDE9C, 0xF77F, 0x5ACC, 0x18E4, 0xB556, 0xE6BC, 0xBD98, 0x9493, 0x6B2D, 0x39C8,
  0x10A3, 0x0001, 0x0000, 0x0000, 0x0001, 0x0022, 0x0042, 0x0042, 0x0042, 0x0042, 0x0022, 0x0042,
  0x0022, 0x0042, 0x0042, 0x0042, 0x0042, 0x0042, 0x0042, 0x0042, 0x08A5, 0x0863, 0x0001, 0x0043,
  0x0022, 0x1908, 0x6BB9, 0x29AC, 0x29AC, 0x3A71, 0x1969, 0x6BB4, 0x73FA, 0x5317, 0xADDB, 0xDF1F,
  0x7414, 0x7436, 0x6393, 0x5B36, 0x192A, 0x73F6, 0x94F9, 0x557E, 0x1B31, 0x0000, 0x0000, 0x0000,
  0x0000, 0x0000, 0x0000, 0x0000, 0x0000, 0x0000, 0x0000, 0x0000, 0x0000, 0x0000, 0x0000, 0x0000,
  0x0000, 0x0000, 0x0000, 0x0000, 0x0000, 0x0000, 0x0000, 0x0000, 0x0000, 0x0000, 0x0000, 0x0000,
  0x0000, 0x08C4, 0x3D3D, 0x1989, 0x0884, 0x10E6, 0x2189, 0x2189, 0x1106, 0x0063, 0x0063, 0x0063,
  0x0042, 0x0022, 0x0022, 0x0022, 0x0022, 0x0042, 0x10E5, 0x1968, 0x1927, 0x08C5, 0x0063, 0x0042,
  0x0042, 0x0001, 0x0000, 0x0001, 0x0042, 0x0022, 0x0022, 0x0022, 0x0022, 0x0022, 0x0022, 0x0022,
  0x0042, 0x0000, 0x2105, 0xDE9C, 0xDE7B, 0xDE7B, 0xDE9C, 0xDE9C, 0xDE9C, 0xE6DD, 0x39C7, 0x0000,
  0x0021, 0x0021, 0x0021, 0x0000, 0x3166, 0xE6BC, 0xDE9C, 0xDE9C, 0xDE9C, 0xDE9C, 0xDE9C, 0xDEBC,
  0x2946, 0x0000, 0x0021, 0x0021, 0x0001, 0x0021, 0x0000, 0x5ACC, 0x5AAB, 0x0000, 0x0000, 0x4A29,
  0xEF1D, 0xDE9C, 0xDE9C, 0xDE9C, 0xDE9C, 0xE6FD, 0xAD56, 0x0000, 0x0000, 0x0021, 0x0000, 0x1082,
  0xCE1A, 0xE6BC, 0xDE9C, 0xDE9C, 0xDE9C, 0xD65B, 0xCE1A, 0x39C7, 0x0000, 0x18C3, 0xD65A, 0xE6BC,
  0xDE9C, 0xDE9C, 0xDE9B, 0xE6FD, 0x9CD4, 0x0000, 0x0021, 0x0000, 0x0001, 0x0021, 0x0021, 0x0021,
  0x0000, 0xA4F5, 0xEEFD, 0xDE9C, 0xDE9C, 0xDE9C, 0xDE9C, 0xDEBC, 0x2966, 0x0000, 0x0021, 0x0021,
  0x0021, 0x10A3, 0x10A3, 0x0001, 0x0021, 0x0000, 0x2945, 0xE6BC, 0xD65B, 0xC5F9, 0xDEBC, 0xDE9C,
  0xDE9C, 0xDE9C, 0xDE9C, 0xDE9C, 0x2966, 0x0000, 0x0042, 0x0000, 0x31A7, 0x83F0, 0x0000, 0x0021,
  0x0041, 0x0000, 0x528B, 0xEF1E, 0xDE7B, 0xDE9C, 0xDE9C, 0xDE9C, 0xE6FD, 0xA4D4, 0x0000, 0x0000,
  0x4A6A, 0xEF1E, 0xDE9C, 0xE6FD, 0x39C8, 0x0000, 0x20E4, 0xDE9C, 0xE6DD, 0xEEFD, 0xEF1E, 0xE6FD,
  0xCE1A, 0xAD15, 0x7BD0, 0x4A4A, 0x18E4, 0x0021, 0x0000, 0x0000, 0x0001, 0x0042, 0x0042, 0x0022,
  0x0022, 0x0042, 0x0042, 0x0042, 0x0042, 0x0042, 0x0042, 0x0042, 0x0042, 0x0042, 0x0042, 0x0042,
  0x0000, 0x4250, 0x6377, 0x3230, 0x194A, 0x0000, 0x1929, 0x8C9C, 0x6BD9, 0x326F, 0xADF9, 0xD6DE,
  0x7436, 0x5331, 0x8496, 0xA57D, 0x73F6, 0x7C38, 0x9D7B, 0x8559, 0x3D5E, 0x00C4, 0x0000, 0x0000,
  0x0000, 0x0000, 0x0000, 0x0000, 0x0000, 0x0000, 0x0000, 0x0000, 0x0000, 0x0000, 0x0000, 0x0000,
  0x0000, 0x0000, 0x0000, 0x0000, 0x0000, 0x0000, 0x0000, 0x0000, 0x0000, 0x0000, 0x0000, 0x0000,
  0x0000, 0x2393, 0x54FB, 0x426D, 0x320B, 0x29EB, 0x322C, 0x29CA, 0x10E6, 0x0043, 0x0022, 0x0042,
  0x0042, 0x0022, 0x0022, 0x0022, 0x0022, 0x0022, 0x0063, 0x08C5, 0x10E6, 0x08C5, 0x0883, 0x0022,
  0x0000, 0x18C4, 0x528B, 0x31A7, 0x0000, 0x0042, 0x0021, 0x0021, 0x0022, 0x0022, 0x0022, 0x0021,
  0x0042, 0x0000, 0x528B, 0xEF1E, 0xDE7B, 0xDE9C, 0xDE9C, 0xDE9C, 0xDE9B, 0xE6DD, 0x39C8, 0x0000,
  0x0021, 0x0021, 0x0021, 0x0000, 0x18C4, 0xD65B, 0xDEBC, 0xDE9C, 0xDE9C, 0xDE9C, 0xDE9C, 0xE6FD,
  0x41E8, 0x0000, 0x0021, 0x0001, 0x0001, 0x0862, 0x0042, 0x0001, 0x0000, 0x0021, 0x0000, 0x39C7,
  0xE6FD, 0xDE9C, 0xDE9C, 0xDE9C, 0xDE9C, 0xE6DD, 0xBDB8, 0x0021, 0x0001, 0x0021, 0x0021, 0x0000,
  0xAD36, 0xE6FD, 0xDE9B, 0xDE9C, 0xDE9C, 0xD67B, 0xDE9C, 0x738F, 0x0000, 0x18C3, 0xD65A, 0xE6DC,
  0xDE9C, 0xDE9C, 0xDE9C, 0xE6FD, 0x9CD4, 0x0000, 0x0021, 0x0021, 0x0021, 0x0021, 0x0021, 0x0021,
  0x0000, 0xAD36, 0xEEFD, 0xDE9C, 0xDEBC, 0xDE9C, 0xDEBC, 0xDE9C, 0x2125, 0x0000, 0x0021, 0x0021,
  0x0021, 0x0001, 0x0001, 0x0021, 0x0042, 0x0000, 0x738F, 0xF75F, 0x9473, 0x7BAF, 0xEF1E, 0xDE7B,
  0xDE9C, 0xDE9C, 0xDE7B, 0xEEFE, 0x5AAB, 0x0000, 0x0042, 0x0000, 0x2104, 0x10A3, 0x0001, 0x0021,
  0x0021, 0x0000, 0x7BAF, 0xEF1E, 0xDE7B, 0xDE9C, 0xDE9C, 0xDE7B, 0xEF1E, 0x83F0, 0x0000, 0x0863,
  0x0001, 0xAD36, 0xEF1E, 0xD65B, 0x18E4, 0x0000, 0x3166, 0xDEBC, 0xDE9C, 0xDE7B, 0xDE9B, 0xDE9C,
  0xE6BC, 0xE6DD, 0xF75F, 0xF75F, 0xE6DD, 0xBDB7, 0x8C32, 0x528B, 0x2105, 0x0021, 0x0001, 0x0042,
  0x0022, 0x0042, 0x0042, 0x0042, 0x0042, 0x0042, 0x0042, 0x0042, 0x0042, 0x0042, 0x0042, 0x0022,
  0x0884, 0x4AB2, 0x1908, 0x0063, 0x0023, 0x0001, 0x4272, 0x6BDA, 0x29F0, 0x19CC, 0x8CD8, 0xBE3C,
  0x9D3D, 0x8CBB, 0xBDFB, 0x9D1C, 0xA55D, 0xA53B, 0x84D9, 0x9D78, 0x659E, 0x1B53, 0x0000, 0x0000,
  0x0000, 0x0000, 0x0000, 0x0000, 0x0000, 0x0000, 0x0000, 0x0000, 0x0000, 0x0000, 0x0000, 0x0000,
  0x0000, 0x0000, 0x0000, 0x0000, 0x0000, 0x0000, 0x0000, 0x0000, 0x0000, 0x0000, 0x0000, 0x0000,
  0x08E5, 0x457E, 0x84BA, 0x8457, 0x6BD4, 0x6373, 0x5B52, 0x428E, 0x1948, 0x0063, 0x0022, 0x0022,
  0x0022, 0x0022, 0x0022, 0x0022, 0x0022, 0x0022, 0x0022, 0x0063, 0x08C5, 0x08C4, 0x0001, 0x10A3,
  0x8411, 0xD65B, 0xEF1E, 0xCE3A, 0x18C4, 0x0001, 0x0042, 0x0021, 0x0022, 0x0021, 0x0021, 0x0021,
  0x0042, 0x0000, 0x8C31, 0xEF1E, 0xDE9B, 0xDE9C, 0xDE9C, 0xDE9C, 0xDE9B, 0xE6DD, 0x4229, 0x0000,
  0x0021, 0x0021, 0x0021, 0x0001, 0x0861, 0xC5D9, 0xE6DD, 0xDE9C, 0xDE9C, 0xDE9C, 0xDE7B, 0xEF1E,
  0x5AAB, 0x0000, 0x0042, 0x0000, 0x2125, 0xAD56, 0x0842, 0x0001, 0x0021, 0x0021, 0x0000, 0x2945,
  0xDEBC, 0xDEBC, 0xDE9C, 0xDE9C, 0xDE9C, 0xE6DD, 0xC5F9, 0x0841, 0x0000, 0x0021, 0x0021, 0x0000,
  0x9452, 0xEF1E, 0xDE9B, 0xDE9C, 0xDE9C, 0xDE7C, 0xDE9C, 0x9CD4, 0x0000, 0x10A3, 0xD65A, 0xE6DC,
  0xDE9C, 0xDE9C, 0xDE9C, 0xE6FD, 0x9CD4, 0x0000, 0x0021, 0x0021, 0x0021, 0x0021, 0x0021, 0x0021,
  0x0000, 0xB577, 0xEEFD, 0xDE9C, 0xDEBC, 0xDE9C, 0xDEBC, 0xD67B, 0x18E4, 0x0000, 0x0021, 0x0021,
  0x0021, 0x0021, 0x0021, 0x0021, 0x0001, 0x0862, 0xC5D8, 0xF75F, 0x4A29, 0x526A, 0xEF1E, 0xDE7B,
  0xDE9C, 0xDE9C, 0xDE7B, 0xEEFE, 0x83F0, 0x0000, 0x0042, 0x0021, 0x0000, 0x0001, 0x0021, 0x0021,
  0x0021, 0x0000, 0x9CB4, 0xEEFD, 0xDE9B, 0xDE9C, 0xDE9C, 0xDE7B, 0xEF1E, 0x62EC, 0x0000, 0x0042,
  0x0000, 0x4209, 0xEEFE, 0xBD98, 0x0862, 0x0000, 0x52AB, 0xEF1D, 0xDE9B, 0xDEBC, 0xDE9C, 0xDE9C,
  0xDE9C, 0xDE9C, 0x528A, 0x528A, 0x9CB3, 0xE6FD, 0xF73F, 0xE6BD, 0xD67B, 0xBDB8, 0x632D, 0x0001,
  0x0042, 0x0022, 0x0022, 0x0042, 0x0042, 0x0002, 0x0022, 0x0063, 0x0042, 0x0042, 0x0043, 0x0022,
  0x2149, 0x10C6, 0x0000, 0x0042, 0x0022, 0x10E7, 0x639A, 0x10C8, 0x10E8, 0x63B8, 0xAD7B, 0xBE1C,
  0x9D19, 0x6372, 0xCE5E, 0xBDDC, 0x7C1A, 0x845B, 0xA59C, 0x9578, 0x8D9A, 0x4DBF, 0x00C5, 0x0000,
  0x0000, 0x0000, 0x0000, 0x0000, 0x0000, 0x0000, 0x0000, 0x0000, 0x0000, 0x0000, 0x0000, 0x0000,
  0x0000, 0x0000, 0x0000, 0x0000, 0x0000, 0x0000, 0x0000, 0x0000, 0x0000, 0x0000, 0x0000, 0x0000,
  0x2394, 0x54BB, 0x7BF6, 0x94FB, 0x9D1C, 0x94DB, 0x8479, 0x6373, 0x31EB, 0x08C5, 0x0042, 0x0022,
  0x0022, 0x0022, 0x0022, 0x0022, 0x0022, 0x0022, 0x0042, 0x0042, 0x0022, 0x0063, 0x4A6B, 0xBDB8,
  0xEEFD, 0xDEBC, 0xD67B, 0xE6FD, 0x9CD4, 0x0000, 0x0042, 0x0021, 0x0021, 0x0022, 0x0021, 0x0021,
  0x0022, 0x0021, 0xB577, 0xE6FD, 0xDE9C, 0xDE9C, 0xDE9C, 0xDE9C, 0xDE7B, 0xE6FD, 0x528B, 0x0000,
  0x0021, 0x0021, 0x0021, 0x0021, 0x0000, 0xAD56, 0xE6FD, 0xDE9C, 0xDE9C, 0xDE9C, 0xDE7B, 0xEF1E,
  0x738F, 0x0000, 0x0862, 0x0000, 0x5ACC, 0xE6BC, 0x1082, 0x0000, 0x0021, 0x0021, 0x0000, 0x18E4,
  0xD67B, 0xDEBC, 0xDE9C, 0xDEBC, 0xDE9C, 0xE6BC, 0xCE3A, 0x10A3, 0x0000, 0x0021, 0x0021, 0x0000,
  0x738F, 0xEF1E, 0xDE9B, 0xDE9C, 0xDE9C, 0xDE9C, 0xDE9C, 0xBD98, 0x0841, 0x1082, 0xD65A, 0xE6DC,
  0xDE9C, 0xDE9C, 0xDE9C, 0xE6FD, 0x9CD4, 0x0000, 0x0021, 0x0021, 0x0021, 0x0021, 0x0021, 0x0021,
  0x0001, 0xBD97, 0xE6FD, 0xDE9C, 0xDEBC, 0xDEBC, 0xE6BC, 0xD67B, 0x18C3, 0x0000, 0x0021, 0x0021,
  0x0021, 0x0021, 0x0021, 0x0021, 0x0000, 0x4A29, 0xEF1E, 0xCE3A, 0x0861, 0x31A7, 0xE6FD, 0xDE9C,
  0xDE9C, 0xDE9C, 0xDE9C, 0xEEFD, 0xA4F5, 0x0000, 0x0021, 0x0021, 0x0021, 0x0021, 0x0021, 0x0021,
  0x0021, 0x0021, 0xBD98, 0xE6DD, 0xDE9C, 0xDE9C, 0xDE9C, 0xDE9C, 0xE6DD, 0x39C8, 0x0000, 0x0021,
  0x0021, 0x0021, 0xCDF9, 0xB556, 0x0001, 0x0000, 0x83F0, 0xEF1E, 0xDE7B, 0xDEBC, 0xDE9C, 0xDE9C,
  0xE6BC, 0xCE3A, 0x0841, 0x0000, 0x0000, 0x2125, 0xAD36, 0xE6BC, 0xDE7B, 0xFF7F, 0x9473, 0x0000,
  0x0042, 0x0022, 0x0042, 0x0001, 0x0021, 0x18E5, 0x10C4, 0x0001, 0x0001, 0x0042, 0x0022, 0x0063,
  0x10E6, 0x0022, 0x0043, 0x0042, 0x0000, 0x3A30, 0x3A30, 0x216B, 0x6399, 0x94BB, 0xB5BC, 0xC63C,
  0xC65C, 0x94D9, 0xB5BC, 0xD67E, 0x94F9, 0x3A73, 0x953B, 0x95B9, 0xADD9, 0x96DF, 0x1B53, 0x0000,
  0x0000, 0x0000, 0x0000, 0x0000, 0x0000, 0x0000, 0x0000, 0x0000, 0x0000, 0x0000, 0x0000, 0x0000,
  0x0000, 0x0000, 0x0000, 0x0000, 0x0000, 0x0000, 0x0000, 0x0000, 0x0000, 0x0000, 0x0000, 0x08E5,
  0x2CFC, 0x2A0B, 0x428E, 0x6BB4, 0x8C98, 0x9CFB, 0x9D1C, 0x8479, 0x5311, 0x21A9, 0x08A5, 0x0042,
  0x0022, 0x0022, 0x0022, 0x0022, 0x0022, 0x0022, 0x18C4, 0x18E4, 0x4A8C, 0x9CD5, 0xDEBC, 0xDEBC,
  0xD67B, 0xDE9C, 0xDE9C, 0xD67B, 0xEF1E, 0x5AEC, 0x0000, 0x0042, 0x0021, 0x0021, 0x0021, 0x0022,
  0x0001, 0x18C3, 0xD65A, 0xE6BC, 0xDE9C, 0xDE9C, 0xDE9C, 0xDE9C, 0xD67B, 0xE6FD, 0x630D, 0x0000,
  0x0021, 0x0021, 0x0021, 0x0021, 0x0000, 0x9493, 0xEF1E, 0xDE9B, 0xDE9C, 0xDE9C, 0xDE9B, 0xEF1E,
  0x8C31, 0x0000, 0x0000, 0x0841, 0xBD98, 0xDE9C, 0x18E4, 0x0000, 0x0021, 0x0021, 0x0000, 0x1082,
  0xCE3A, 0xE6DD, 0xDE9C, 0xDE9C, 0xDE9C, 0xDEBC, 0xDE9B, 0x2104, 0x0000, 0x0021, 0x0021, 0x0000,
  0x62EC, 0xEF1E, 0xDE9C, 0xDE9C, 0xDE9C, 0xDE9C, 0xDE9C, 0xCE1A, 0x10C3, 0x0861, 0xCE3A, 0xE6DD,
  0xDE9C, 0xDEBC, 0xDE9C, 0xEEFD, 0x9CD4, 0x0000, 0x0021, 0x0021, 0x0021, 0x0021, 0x0021, 0x0001,
  0x0021, 0xBDB8, 0xE6FD, 0xDE9C, 0xDEBC, 0xDE9C, 0xE6DD, 0xD65A, 0x10A3, 0x0001, 0x0021, 0x0021,
  0x0021, 0x0021, 0x0021, 0x0021, 0x0000, 0x9C93, 0xF75F, 0x83F1, 0x0000, 0x18E3, 0xD65B, 0xE6BC,
  0xDE9C, 0xDE9C, 0xDE9C, 0xE6BC, 0xC5F9, 0x0862, 0x0001, 0x0021, 0x0021, 0x0021, 0x0021, 0x0021,
  0x0000, 0x18C3, 0xD65B, 0xDEBC, 0xDE9C, 0xDE9C, 0xDE9C, 0xDEBC, 0xD65B, 0x18E4, 0x0000, 0x0021,
  0x0042, 0x0000, 0x8C31, 0x9CD4, 0x0000, 0x0001, 0xAD15, 0xE6FD, 0xDE9C, 0xDE9C, 0xDE9C, 0xDE9C,
  0xEEFD, 0xA515, 0x0000, 0x0042, 0x0042, 0x0000, 0x10A3, 0xCE3A, 0xE6DC, 0xEF3E, 0x62ED, 0x0000,
  0x0042, 0x0042, 0x0001, 0x31A8, 0xB577, 0xD65B, 0xCE3A, 0x9473, 0x18E4, 0x0001, 0x0042, 0x0063,
  0x0063, 0x0042, 0x0043, 0x0022, 0x0884, 0x3A10, 0x3210, 0x4292, 0x6B97, 0x94DB, 0xADBB, 0xAD7A,
  0xDEFD, 0xBDFD, 0x9CFC, 0xC61D, 0xB5BD, 0x3A30, 0x5350, 0xAE3C, 0xB65B, 0xD75F, 0x4DBE, 0x08E5,
  0x0000, 0x0000, 0x0000, 0x0000, 0x0000, 0x0000, 0x0000, 0x0000, 0x0000, 0x0000, 0x0000, 0x0000,
  0x0000, 0x0000, 0x0000, 0x0000, 0x0000, 0x0000, 0x0000, 0x0000, 0x0000, 0x0000, 0x0000, 0x2395,
  0x1B33, 0x0043, 0x1968, 0x3A4D, 0x5B51, 0x73D4, 0x7C37, 0x8479, 0x73F6, 0x4AAF, 0x2189, 0x08C5,
  0x0063, 0x0022, 0x0022, 0x0022, 0x0022, 0x0022, 0x0022, 0x0000, 0x52AC, 0xE6FD, 0xD67B, 0xDE7B,
  0xDE9C, 0xDE9C, 0xDE9C, 0xDE9C, 0xDEBC, 0xDE7B, 0x2105, 0x0001, 0x0042, 0x0021, 0x0021, 0x0042,
  0x0000, 0x31A7, 0xE6DD, 0xDE9C, 0xDE9C, 0xDE9C, 0xDE9C, 0xDE9C, 0xD67B, 0xE6FD, 0x7BD1, 0x0000,
  0x0021, 0x0021, 0x0021, 0x0042, 0x0000, 0x7BAF, 0xEF1E, 0xDE7B, 0xDE9C, 0xDE9C, 0xDE9C, 0xE6FD,
  0xA4F5, 0x18E4, 0x4208, 0xAD36, 0xE6FD, 0xE6DC, 0x3187, 0x0000, 0x0021, 0x0021, 0x0001, 0x0841,
  0xC5F9, 0xE6DD, 0xDE9C, 0xDEBC, 0xDE9C, 0xDEBC, 0xDEBC, 0x2945, 0x0000, 0x0021, 0x0021, 0x0000,
  0x5ACB, 0xEF1E, 0xDE9C, 0xDE9C, 0xDE9C, 0xDE9C, 0xDEBC, 0xCE3A, 0x10A3, 0x0841, 0xCE3A, 0xE6DD,
  0xDE9C, 0xDEBC, 0xDE9C, 0xEEFD, 0x9CD4, 0x0000, 0x0021, 0x0021, 0x0021, 0x0021, 0x0021, 0x0001,
  0x0862, 0xC5F9, 0xE6DD, 0xDE9C, 0xDEBC, 0xDE9C, 0xE6DD, 0xCE1A, 0x0882, 0x0001, 0x0021, 0x0021,
  0x0021, 0x0021, 0x0021, 0x0000, 0x2105, 0xD67B, 0xE6BC, 0x39A7, 0x0000, 0x0841, 0xBD97, 0xE6DD,
  0xDE9C, 0xDE9C, 0xDE9C, 0xDEBC, 0xDE9C, 0x2125, 0x0000, 0x0021, 0x0021, 0x0021, 0x0021, 0x0021,
  0x0000, 0x31A7, 0xE6DD, 0xDE9C, 0xDE9C, 0xDE9C, 0xDE9C, 0xE6DD, 0xBDB8, 0x0041, 0x0021, 0x0021,
  0x0021, 0x0021, 0x18C4, 0x2125, 0x0000, 0x1082, 0xCE19, 0xE6BC, 0xDE9C, 0xDE9C, 0xDE9C, 0xDE9B,
  0xEF1E, 0x7BD0, 0x0000, 0x0042, 0x0021, 0x0042, 0x0000, 0x5ACC, 0xEF1E, 0xE6DD, 0x39C8, 0x0000,
  0x0042, 0x0001, 0x18C4, 0xD65B, 0xEF1E, 0xDEBC, 0xDEBC, 0xEF3E, 0xC5F9, 0x18C4, 0x0021, 0x0042,
  0x0042, 0x0042, 0x0043, 0x0021, 0x31EE, 0x4272, 0x10C6, 0x3A2E, 0x741A, 0x94DB, 0x9D1B, 0x8C99,
  0xD69D, 0xBDFD, 0x73D9, 0x9D1B, 0xA55D, 0x4AB2, 0x53B4, 0xA61B, 0xAE1B, 0xD71E, 0x869F, 0x2353,
  0x0000, 0x0000, 0x0000, 0x0000, 0x0000, 0x0000, 0x0000, 0x0000, 0x0000, 0x0000, 0x0000, 0x0000,
  0x0000, 0x0000, 0x0000, 0x0000, 0x0000, 0x0000, 0x0000, 0x0000, 0x0000, 0x0000, 0x08E5, 0x34FC,
  0x08E6, 0x0083, 0x1106, 0x21A9, 0x320B, 0x3A4D, 0x428E, 0x4AF0, 0x5B52, 0x52F1, 0x322C, 0x1948,
  0x08A4, 0x0042, 0x0022, 0x0022, 0x0022, 0x0022, 0x0042, 0x0001, 0x0883, 0xCE1A, 0xDEBC, 0xDE9C,
  0xDE9C, 0xDE9C, 0xDE9C, 0xDE9C, 0xDE9B, 0xEEFD, 0xA4F5, 0x0000, 0x0042, 0x0021, 0x0021, 0x0042,
  0x0000, 0x5AAB, 0xEF1E, 0xDE9C, 0xDEBC, 0xDE9C, 0xDE9C, 0xDE9C, 0xDE7B, 0xE6BD, 0x9CD4, 0x0000,
  0x0021, 0x0021, 0x0021, 0x0042, 0x0000, 0x5ACB, 0xEF1E, 0xDE9B, 0xDE9C, 0xDE9C, 0xDE9C, 0xDEBC,
  0xDEBC, 0xE6BC, 0xF73F, 0xF75E, 0xDE9B, 0xEF3E, 0x4A29, 0x0000, 0x0021, 0x0021, 0x0001, 0x0001,
  0xBD97, 0xE6FD, 0xDE9C, 0xDEBC, 0xDEBC, 0xDE9C, 0xE6DD, 0x39C7, 0x0000, 0x0021, 0x0021, 0x0000,
  0x5ACB, 0xEF1E, 0xDE9C, 0xDE9C, 0xDE9C, 0xDE9C, 0xDEBC, 0xC5F9, 0x0882, 0x0862, 0xCE3A, 0xE6DD,
  0xDE9C, 0xDE9C, 0xDE9C, 0xEEFD, 0xA4D4, 0x0000, 0x0021, 0x0021, 0x0021, 0x0021, 0x0021, 0x0001,
  0x1082, 0xCE1A, 0xE6DD, 0xDEBC, 0xDEBC, 0xDE9C, 0xE6DD, 0xC5F9, 0x0862, 0x0001, 0x0021, 0x0021,
  0x0021, 0x0021, 0x0022, 0x0000, 0x6B4E, 0xF75F, 0xB556, 0x0841, 0x0042, 0x0000, 0xA4D4, 0xEF1E,
  0xDE9C, 0xDE9C, 0xDE9C, 0xDE9C, 0xE6FD, 0x4209, 0x0000, 0x0021, 0x0021, 0x0021, 0x0021, 0x0041,
  0x0000, 0x5AAB, 0xEF1E, 0xDE9C, 0xDE9C, 0xDE9C, 0xDE9C, 0xEEFD, 0x9CD4, 0x0000, 0x0042, 0x0021,
  0x0021, 0x0021, 0x0001, 0x0001, 0x0000, 0x3166, 0xE6DC, 0xDE9C, 0xDE9C, 0xDE9C, 0xDE9C, 0xDE9C,
  0xEF1E, 0x528B, 0x0000, 0x0042, 0x0021, 0x0022, 0x0021, 0x0862, 0xC5D9, 0xD65B, 0x18E4, 0x0001,
  0x0042, 0x0000, 0x62EC, 0xEF3E, 0xDE9B, 0xDEBC, 0xDE9C, 0xD67B, 0xF75F, 0x736F, 0x0000, 0x0043,
  0x0042, 0x0042, 0x0022, 0x10C6, 0x29AC, 0x0023, 0x194A, 0x73FA, 0x6BD9, 0xA55C, 0x73D8, 0x5B54,
  0xC61C, 0xBDFC, 0x6399, 0x6B97, 0x845A, 0x6BBB, 0x4357, 0x7D18, 0x9DB9, 0xC6DE, 0xBEFE, 0x4D7E,
  0x00A3, 0x0000, 0x0000, 0x0000, 0x0000, 0x0000, 0x0000, 0x0000, 0x0000, 0x0000, 0x0000, 0x0000,
  0x0000, 0x0000, 0x0000, 0x0000, 0x0000, 0x0000, 0x0000, 0x0000, 0x0000, 0x0000, 0x2373, 0x3417,
  0x1906, 0x1948, 0x1968, 0x2189, 0x2168, 0x1927, 0x1927, 0x1948, 0x21AA, 0x320C, 0x29EB, 0x1968,
  0x10C5, 0x0063, 0x0042, 0x0022, 0x0022, 0x0022, 0x0021, 0x0022, 0x0021, 0xB556, 0xE6DD, 0xDE9C,
  0xDE9C, 0xDE9C, 0xDE9C, 0xDE9C, 0xDE9C, 0xDE7B, 0xEEFD, 0x528B, 0x0000, 0x0042, 0x0021, 0x0042,
  0x0000, 0x7BD0, 0xF73E, 0xD65B, 0xD65B, 0xDEBC, 0xDE9C, 0xDE9C, 0xDE9C, 0xDEBC, 0xBD98, 0x0862,
  0x0001, 0x0021, 0x0021, 0x0021, 0x0000, 0x39E8, 0xE6DD, 0xDE9C, 0xDE9C, 0xDE9C, 0xDE9C, 0xDEBC,
  0xDEBC, 0xA515, 0x83F1, 0xAD35, 0xE6BC, 0xEF1E, 0x5ACC, 0x0000, 0x0021, 0x0021, 0x0021, 0x0000,
  0xAD15, 0xEEFD, 0xDE9C, 0xDE9C, 0xDEBC, 0xDE9C, 0xEEFD, 0x4A29, 0x0000, 0x0021, 0x0021, 0x0000,
  0x62EC, 0xEF1E, 0xDE9C, 0xDE9C, 0xDE9C, 0xDE9C, 0xE6DD, 0xB557, 0x0000, 0x1082, 0xCE1A, 0xE6DD,
  0xDE9C, 0xDEBC, 0xDE9C, 0xEEFD, 0xA4D4, 0x0000, 0x0021, 0x0021, 0x0021, 0x0021, 0x0021, 0x0001,
  0x1082, 0xCE3A, 0xE6DC, 0xDE9C, 0xDE9C, 0xDE9C, 0xE6DD, 0xBDB8, 0x0041, 0x0021, 0x0021, 0x0021,
  0x0021, 0x0021, 0x0001, 0x0841, 0xBD97, 0xF73F, 0x5AAB, 0x0000, 0x0000, 0x0000, 0x736E, 0xEF3E,
  0xDE9B, 0xDE9C, 0xDE9C, 0xDE7B, 0xEF1E, 0x6B2D, 0x0000, 0x0021, 0x0021, 0x0021, 0x0021, 0x0021,
  0x0000, 0x7BD0, 0xEF3E, 0xDE9C, 0xDEBC, 0xDE9C, 0xDE9B, 0xEF1E, 0x7BB0, 0x0000, 0x0042, 0x0021,
  0x0021, 0x0021, 0x0022, 0x0042, 0x0000, 0x5AAB, 0xEF1E, 0xDE9C, 0xDE9C, 0xDE9C, 0xDE9C, 0xDEBC,
  0xE6BC, 0x2966, 0x0000, 0x0021, 0x0021, 0x0022, 0x0042, 0x0000, 0x8411, 0xCDF9, 0x0022, 0x0042,
  0x0062, 0x0000, 0x83F1, 0xEF1E, 0xDE9C, 0xDEBC, 0xDEBC, 0xDE9C, 0xEF1E, 0x8C52, 0x0000, 0x0043,
  0x0042, 0x0042, 0x0042, 0x08A5, 0x0021, 0x08A6, 0x6399, 0x4AD6, 0x6378, 0x9CFB, 0x6BBA, 0x6BD7,
  0xB59B, 0xCE3D, 0x6BF8, 0x31EF, 0x7C5B, 0x7C1B, 0x5397, 0x4B96, 0x9579, 0xCF1E, 0xDF3E, 0x869F,
  0x12D1, 0x0000, 0x0000, 0x0000, 0x0000, 0x0000, 0x0000, 0x0000, 0x0000, 0x0000, 0x0000, 0x0000,
  0x0000, 0x0000, 0x0000, 0x0000, 0x0000, 0x0000, 0x0000, 0x0000, 0x0000, 0x0083, 0x351C, 0x5393,
  0x4AAF, 0x3A6E, 0x3A6D, 0x3A2C, 0x29A9, 0x1106, 0x08A4, 0x0063, 0x0884, 0x10E6, 0x1107, 0x10E6,
  0x08A5, 0x0063, 0x0042, 0x0022, 0x0022, 0x0022, 0x0022, 0x0042, 0x0000, 0x8411, 0xEEFD, 0xDE7B,
  0xDE9C, 0xDE9C, 0xDE9C, 0xDE9C, 0xDE9C, 0xDE9C, 0xDEBC, 0xD65A, 0x18C3, 0x0001, 0x0022, 0x0042,
  0x0000, 0x9CB4, 0xF75F, 0xAD16, 0xA4D4, 0xEEFD, 0xDE9C, 0xDE9C, 0xDE9C, 0xDE9C, 0xD67B, 0x2966,
  0x0000, 0x0021, 0x0021, 0x0021, 0x0000, 0x2925, 0xDE9C, 0xDEBC, 0xDE9C, 0xDE9C, 0xDE9C, 0xDE9C,
  0xDE9C, 0x2104, 0x0000, 0x0000, 0x62EC, 0xF73F, 0x6B4D, 0x0000, 0x0021, 0x0021, 0x0021, 0x0000,
  0x9CB3, 0xEF1E, 0xDE9C, 0xDEBC, 0xDEBC, 0xDE9C, 0xEF1E, 0x528B, 0x0000, 0x0021, 0x0021, 0x0000,
  0x736E, 0xEF1E, 0xDE9C, 0xDE9C, 0xDE9C, 0xDE9B, 0xEEFD, 0x83F1, 0x0000, 0x1082, 0xCE19, 0xE6DD,
  0xDE9C, 0xDEBC, 0xDE9C, 0xEEFD, 0x9CD4, 0x0000, 0x0021, 0x0021, 0x0021, 0x0021, 0x0021, 0x0001,
  0x10A3, 0xD65A, 0xE6DC, 0xDE9C, 0xDE9C, 0xDE9C, 0xE6DD, 0xBD77, 0x0021, 0x0021, 0x0021, 0x0021,
  0x0021, 0x0021, 0x0000, 0x4209, 0xEEFD, 0xDEBC, 0x83D0, 0x526A, 0x4A29, 0x2945, 0x630D, 0xEEFD,
  0xDE9C, 0xDE9C, 0xDE9C, 0xDE9B, 0xEF1E, 0x8C32, 0x0000, 0x0022, 0x0021, 0x0021, 0x0021, 0x0021,
  0x0000, 0xA4D4, 0xEF1E, 0xDE9C, 0xDEBC, 0xDEBC, 0xDE9C, 0xEF1E, 0x5AAB, 0x0000, 0x0042, 0x0021,
  0x0021, 0x0022, 0x0021, 0x0042, 0x0000, 0x8411, 0xEF1E, 0xDE9B, 0xDE9C, 0xDE9C, 0xDE9C, 0xE6DD,
  0xCDF9, 0x0862, 0x0001, 0x0021, 0x0021, 0x0000, 0x0041, 0x0000, 0x4A4A, 0xA4D4, 0x0000, 0x0042,
  0x0042, 0x0000, 0x9473, 0xEF1E, 0xDE9C, 0xDEBC, 0xDEBC, 0xDE9C, 0xEF1E, 0x5AEC, 0x0000, 0x0043,
  0x0042, 0x0042, 0x0042, 0x0042, 0x0001, 0x4AB3, 0x5B57, 0x194C, 0x73FA, 0x845A, 0x6BD9, 0x3A0C,
  0x9D19, 0xCE5D, 0x7417, 0x21AF, 0x6396, 0x8CBD, 0x5BB6, 0x32D4, 0x7CB7, 0xCF3E, 0xCEFE, 0xAEBE,
  0x351D, 0x0062, 0x0000, 0x0000, 0x0000, 0x0000, 0x0000, 0x0000, 0x0000, 0x0000, 0x0000, 0x0000,
  0x0000, 0x0000, 0x0000, 0x0000, 0x0000, 0x0000, 0x0000, 0x0020, 0x0000, 0x1AAF, 0x659F, 0x8C98,
  0x7C57, 0x7415, 0x6BD3, 0x6372, 0x4ACF, 0x29CA, 0x10E6, 0x0063, 0x0042, 0x0043, 0x0063, 0x0084,
  0x0083, 0x0063, 0x0042, 0x0022, 0x0022, 0x0022, 0x0022, 0x0042, 0x0000, 0x5AAB, 0xEEFD, 0xDE9B,
  0xDEBC, 0xDE9C, 0xDE9C, 0xDE9C, 0xDE9C, 0xDE9C, 0xDE7B, 0xEF1E, 0x9473, 0x0000, 0x0022, 0x0021,
  0x0021, 0xB557, 0xF75F, 0x8C11, 0x736E, 0xEF3E, 0xDE9C, 0xDE9C, 0xDE9C, 0xD67B, 0xDEBC, 0x5ACC,
  0x0000, 0x0021, 0x0021, 0x0021, 0x0000, 0x10A3, 0xCE3A, 0xE6BC, 0xDE9C, 0xDE9C, 0xDE9C, 0xDE9C,
  0xE6DD, 0x39E8, 0x0000, 0x0021, 0x0000, 0xAD36, 0x9CB4, 0x0000, 0x0021, 0x0021, 0x0021, 0x0000,
  0x8C52, 0xEF1E, 0xDE9C, 0xDEBC, 0xDEBC, 0xDE9C, 0xEF1E, 0x630D, 0x0000, 0x0021, 0x0021, 0x0000,
  0x9452, 0xEF1E, 0xDE9C, 0xDE9C, 0xDEBC, 0xDE9B, 0xE6DD, 0x39E8, 0x0000, 0x1082, 0xCE19, 0xE6DD,
  0xDE9C, 0xDEBC, 0xDE9C, 0xEEFD, 0x9CD4, 0x0000, 0x0021, 0x0021, 0x0021, 0x0021, 0x0021, 0x0000,
  0x18E4, 0xD67B, 0xDEBC, 0xDE9C, 0xDE9C, 0xDE9C, 0xE6FD, 0xB556, 0x0000, 0x0021, 0x0021, 0x0021,
  0x0021, 0x0021, 0x0000, 0x9C93, 0xEF1E, 0xE6FD, 0xFF9F, 0xF77F, 0xF73F, 0xEEFE, 0xDEBC, 0xDEBC,
  0xDE9C, 0xDE9C, 0xDE9C, 0xDE9C, 0xE6FD, 0xAD36, 0x0000, 0x0021, 0x0021, 0x0021, 0x0021, 0x0021,
  0x0021, 0xBDB8, 0xE6DD, 0xDE9C, 0xDEBC, 0xDEBC, 0xDE9C, 0xE6DD, 0x31A7, 0x0000, 0x0042, 0x0021,
  0x0022, 0x0022, 0x0022, 0x0022, 0x0001, 0xAD56, 0xE6FD, 0xDE9C, 0xDE9C, 0xDE9C, 0xDE9C, 0xEEFD,
  0xA4F5, 0x0000, 0x0042, 0x0042, 0x0000, 0x83D0, 0x4229, 0x0000, 0x0883, 0x18C4, 0x0021, 0x0022,
  0x0042, 0x0000, 0xA4D4, 0xEF1E, 0xDE9C, 0xDEBC, 0xDEBC, 0xE6DD, 0xCE1A, 0x1083, 0x0022, 0x0042,
  0x0042, 0x0042, 0x0043, 0x0001, 0x1949, 0x5315, 0x0864, 0x3A31, 0x7C1A, 0x6397, 0x4AB1, 0x0863,
  0x8436, 0xC61D, 0x6BB4, 0x0022, 0x2189, 0x847D, 0x4B54, 0x22B2, 0x53D6, 0xBEDD, 0xC6FE, 0xCEFD,
  0x767F, 0x124D, 0x0000, 0x0020, 0x0000, 0x0000, 0x0000, 0x0000, 0x0000, 0x0000, 0x0000, 0x0000,
  0x0000, 0x0000, 0x0000, 0x0000, 0x0000, 0x0000, 0x0000, 0x0000, 0x0021, 0x3CDB, 0xA5DE, 0xAD5C,
  0x9D1B, 0x8CD9, 0x8CB8, 0x8CB8, 0x7C36, 0x5310, 0x29EB, 0x10E6, 0x0084, 0x0043, 0x0022, 0x0042,
  0x0042, 0x0042, 0x0042, 0x0022, 0x0022, 0x0022, 0x0022, 0x0042, 0x0000, 0x2966, 0xDEBC, 0xDE9C,
  0xDEBC, 0xE6BC, 0xDE9C, 0xDE9C, 0xDE9C, 0xDE9C, 0xDE9C, 0xDE9C, 0xEEFD, 0x4A4A, 0x0000, 0x0001,
  0x10A3, 0xCE3A, 0xF77F, 0x738F, 0x4209, 0xEF3E, 0xDE9C, 0xDE9C, 0xDE9C, 0xD67B, 0xDE9C, 0x9453,
  0x0000, 0x0021, 0x0021, 0x0021, 0x0021, 0x0021, 0xBD97, 0xE6DD, 0xDE9C, 0xDEBC, 0xDE9C, 0xDE9C,
  0xEF1E, 0x528B, 0x0000, 0x0042, 0x0000, 0x31A7, 0x6B2D, 0x0000, 0x0021, 0x0842, 0x0862, 0x0000,
  0x7BD0, 0xEF3E, 0xDE9C, 0xDE9C, 0xDEBC, 0xDE9C, 0xEF1E, 0x736E, 0x0000, 0x0021, 0x0001, 0x0000,
  0xB577, 0xE6FD, 0xDE9C, 0xDEBC, 0xDE9C, 0xE6DD, 0xB557, 0x0021, 0x0001, 0x0862, 0xCE19, 0xE6DD,
  0xDE9C, 0xDE9C, 0xDE9C, 0xEEFD, 0x9CD4, 0x0000, 0x0022, 0x0021, 0x0021, 0x0021, 0x0021, 0x0000,
  0x2104, 0xDE9B, 0xDEBC, 0xDE9C, 0xDE9C, 0xDE9C, 0xEEFD, 0xAD15, 0x0000, 0x0021, 0x0021, 0x0021,
  0x0021, 0x0000, 0x18E4, 0xD65B, 0xE6DD, 0x7BAF, 0x62EC, 0x7BAF, 0x8C11, 0x9CB4, 0xBDB8, 0xDEBC,
  0xDEBC, 0xDE9C, 0xDE9C, 0xDE9C, 0xE6BC, 0xCE1A, 0x1082, 0x0001, 0x0021, 0x0021, 0x0021, 0x0000,
  0x18C4, 0xD65B, 0xE6BC, 0xDEBC, 0xDEBC, 0xDEBC, 0xE6BC, 0xD65B, 0x18C3, 0x0001, 0x0022, 0x0021,
  0x0022, 0x0022, 0x0022, 0x0001, 0x10A3, 0xCE3A, 0xE6BC, 0xDE9C, 0xDE9C, 0xDE9C, 0xDE9B, 0xEF1E,
  0x630D, 0x0000, 0x0001, 0x0000, 0x5ACC, 0xEF3E, 0x3186, 0x0001, 0x0042, 0x0001, 0x0022, 0x0022,
  0x0042, 0x0001, 0xAD36, 0xEEFD, 0xDE9C, 0xDEBC, 0xDE9C, 0xEF1E, 0x6B2E, 0x0000, 0x0042, 0x0022,
  0x0042, 0x0042, 0x0022, 0x0863, 0x4271, 0x0884, 0x0064, 0x5337, 0x5316, 0x31EE, 0x1928, 0x0001,
  0x6373, 0xB5BC, 0x6B93, 0x0000, 0x08A5, 0x5B59, 0x63F7, 0x3331, 0x4353, 0xBEDE, 0xCEFE, 0xCEFE,
  0xBF1F, 0x34BA, 0x0021, 0x0000, 0x0000, 0x0000, 0x0000, 0x0000, 0x0000, 0x0000, 0x0000, 0x0000,
  0x0000, 0x0000, 0x0000, 0x0000, 0x0000, 0x0000, 0x0020, 0x0000, 0x11EB, 0x65DF, 0xB59C, 0xA55B,
  0x8477, 0x7436, 0x8477, 0x94DA, 0x9D1B, 0x8478, 0x5B32, 0x320C, 0x1948, 0x08C5, 0x0063, 0x0042,
  0x0022, 0x0022, 0x0022, 0x0022, 0x0042, 0x0022, 0x0022, 0x0022, 0x0001, 0x0862, 0xC5F9, 0xEF1E,
  0xAD36, 0xBD97, 0xE6FD, 0xDE9C, 0xDEBC, 0xDE9C, 0xDE9C, 0xDE9C, 0xE6DD, 0xCE19, 0x10A3, 0x0001,
  0x2967, 0xDEBC, 0xEF3E, 0x52AB, 0x18C3, 0xDEBC, 0xDEBC, 0xDE9C, 0xDE9C, 0xDE9C, 0xD67B, 0xCE3A,
  0x39A8, 0x0000, 0x0021, 0x0021, 0x0021, 0x0000, 0xA4F5, 0xEEFD, 0xDE9C, 0xDE9C, 0xDEBC, 0xDE9C,
  0xEF3E, 0x6B4E, 0x0000, 0x0021, 0x0001, 0x0000, 0x0000, 0x0021, 0x0000, 0x8C32, 0x5ACC, 0x0000,
  0x736F, 0xEF1E, 0xDE9C, 0xDEBC, 0xDE9C, 0xDE9C, 0xEF1E, 0x7BD0, 0x0000, 0x0042, 0x0000, 0x2104,
  0xDE9C, 0xDEBC, 0xDEBC, 0xDE9C, 0xDE9C, 0xE6FD, 0x41E8, 0x0000, 0x0021, 0x0862, 0xC5F9, 0xE6DD,
  0xDE9C, 0xDEBC, 0xDE9C, 0xEEFD, 0x9CD4, 0x0000, 0x0022, 0x0021, 0x0021, 0x0021, 0x0022, 0x0000,
  0x2945, 0xDE9C, 0xDEBC, 0xDE9C, 0xDE9C, 0xDE9C, 0xEEFD, 0xA4F5, 0x0000, 0x0022, 0x0021, 0x0021,
  0x0042, 0x0000, 0x6B2D, 0xEF3E, 0xC5D9, 0x0021, 0x0000, 0x0000, 0x0000, 0x0000, 0x0021, 0xB577,
  0xE6DD, 0xDE9C, 0xDE9C, 0xDE9C, 0xDE9C, 0xDEBC, 0x2945, 0x0000, 0x0021, 0x0021, 0x0021, 0x0000,
  0x31A7, 0xE6DD, 0xDE9C, 0xDEBC, 0xDEBC, 0xDE9C, 0xE6FD, 0xBDB8, 0x0021, 0x0021, 0x0021, 0x0021,
  0x0022, 0x0022, 0x0042, 0x0000, 0x31A7, 0xE6DD, 0xDE9C, 0xDE9C, 0xDE9C, 0xDE9C, 0xDE9C, 0xE6DD,
  0xA4F5, 0x526A, 0x4A4A, 0x9472, 0xE6DD, 0xC5D9, 0x0862, 0x0001, 0x0022, 0x0042, 0x0022, 0x0022,
  0x0022, 0x0021, 0xBD97, 0xE6FD, 0xDE9C, 0xDE9C, 0xE6DD, 0xCE3A, 0x10A3, 0x0021, 0x0042, 0x0042,
  0x0042, 0x0042, 0x0022, 0x1929, 0x10A6, 0x0000, 0x214B, 0x5B59, 0x4272, 0x08A5, 0x0064, 0x0002,
  0x52D1, 0xAD7B, 0x73F6, 0x0000, 0x3A70, 0x5B79, 0x5BB5, 0x4BB2, 0x53D4, 0xB69D, 0xBEBD, 0xC6DE,
  0xD71E, 0x6E5F, 0x09A9, 0x0000, 0x0000, 0x0000, 0x0000, 0x0000, 0x0000, 0x0000, 0x0000, 0x0000,
  0x0000, 0x0000, 0x0000, 0x0000, 0x0000, 0x0000, 0x0000, 0x0000, 0x2C37, 0x751B, 0xA4FA, 0x8CB8,
  0x6392, 0x5310, 0x5B72, 0x7C36, 0x9D1B, 0xA53C, 0x8479, 0x6394, 0x42B0, 0x29CB, 0x1127, 0x08A5,
  0x0043, 0x0042, 0x0042, 0x0042, 0x0042, 0x0022, 0x0022, 0x0022, 0x0042, 0x0000, 0xA4F5, 0xF75F,
  0xBD97, 0x41E8, 0xE6DD, 0xDEBC, 0xDE9C, 0xDEBC, 0xDE9C, 0xDE9C, 0xDE7B, 0xEF1E, 0x8C52, 0x0000,
  0x4229, 0xE6DD, 0xE6BC, 0x39C8, 0x0000, 0xC5D9, 0xE6DD, 0xDE9C, 0xDE9C, 0xDE9C, 0xD67B, 0xE6BD,
  0x9CD4, 0x0000, 0x0021, 0x0021, 0x0021, 0x0000, 0x8C32, 0xEF1E, 0xDE9B, 0xDE9C, 0xDE9C, 0xDE9C,
  0xEF1E, 0x83F1, 0x0000, 0x0021, 0x0001, 0x0021, 0x0042, 0x0000, 0x18E4, 0xEF1E, 0x630D, 0x0000,
  0x62ED, 0xEF1E, 0xDE9C, 0xDEBC, 0xDEBC, 0xDE9C, 0xEF1E, 0x8C52, 0x0000, 0x0862, 0x0000, 0x6B4E,
  0xEF1E, 0xDE9C, 0xDE9C, 0xDE7B, 0xF73E, 0x7BAF, 0x0000, 0x0042, 0x0001, 0x0862, 0xCDF9, 0xE6DD,
  0xDE9C, 0xDEBC, 0xDE9C, 0xEEFD, 0x9CD4, 0x0000, 0x0022, 0x0021, 0x0021, 0x0021, 0x0022, 0x0000,
  0x3166, 0xE6BC, 0xDE9C, 0xDE9C, 0xDE9C, 0xDE9C, 0xEF1E, 0x9CB4, 0x0000, 0x0022, 0x0021, 0x0021,
  0x0021, 0x0021, 0xB577, 0xF75F, 0x7BD0, 0x0000, 0x0842, 0x0022, 0x0022, 0x0042, 0x0000, 0x9452,
  0xEEFD, 0xDE9B, 0xDE9C, 0xDE9C, 0xDE9C, 0xEEFD, 0x4A29, 0x0000, 0x0022, 0x0021, 0x0042, 0x0000,
  0x5AAB, 0xEF1E, 0xDE9C, 0xDEBC, 0xDEBC, 0xDE9C, 0xEF1E, 0x9CB4, 0x0000, 0x0022, 0x0021, 0x0022,
  0x0021, 0x0022, 0x0042, 0x0000, 0x62EC, 0xEF1E, 0xDE9C, 0xDE9C, 0xDE9C, 0xDE9C, 0xDE9C, 0xDE9C,
  0xEF1E, 0xF75F, 0xEEFD, 0xEEFD, 0xEEFD, 0xA4D4, 0x0000, 0x0042, 0x0022, 0x0022, 0x0022, 0x0022,
  0x0022, 0x0862, 0xC5D9, 0xE6DD, 0xDEBC, 0xDE9C, 0xEF3E, 0x738F, 0x0000, 0x0042, 0x0042, 0x0042,
  0x0042, 0x0042, 0x0064, 0x0885, 0x0022, 0x0022, 0x3210, 0x5B59, 0x216B, 0x0001, 0x0043, 0x0044,
  0x5B34, 0x9CFA, 0x94F9, 0x29AA, 0x3A73, 0x322E, 0x4B92, 0x53F3, 0x5BF3, 0xB67D, 0xB67C, 0xBEBD,
  0xDF3E, 0xA6FF, 0x23B6, 0x0000, 0x0000, 0x0000, 0x0000, 0x0000, 0x0000, 0x0000, 0x0000, 0x0000,
  0x0000, 0x0000, 0x0000, 0x0000, 0x0000, 0x0000, 0x0000, 0x0947, 0x3D3C, 0x5B73, 0x8C98, 0x7415,
  0x4ACF, 0x322C, 0x428E, 0x63B3, 0x8CB9, 0xA55C, 0xA53C, 0x94BB, 0x7C38, 0x5B53, 0x3A4E, 0x2189,
  0x08C5, 0x0043, 0x0042, 0x0022, 0x0022, 0x0042, 0x0022, 0x0022, 0x0042, 0x0000, 0x738F, 0xEF1E,
  0xDEBC, 0x18E3, 0x6B4E, 0xF75F, 0xDE9B, 0xDEBC, 0xDEBC, 0xDEBC, 0xDE9C, 0xDE9C, 0xEEFD, 0x2966,
  0x528B, 0xEF1E, 0xD65B, 0x2146, 0x0000, 0xA4D4, 0xEF1E, 0xDE9B, 0xDE9C, 0xDE9C, 0xDE9C, 0xDE9C,
  0xCE1A, 0x10A3, 0x0000, 0x0021, 0x0042, 0x0000, 0x736E, 0xEF1E, 0xDE9B, 0xDE9C, 0xDE9C, 0xDE9C,
  0xEF1E, 0x9CB4, 0x0000, 0x0021, 0x0021, 0x0021, 0x0042, 0x0000, 0x8C32, 0xFF9F, 0x6B2E, 0x0000,
  0x528B, 0xEEFD, 0xDE9C, 0xDE9C, 0xDE9C, 0xDE9C, 0xEF1E, 0x9CD4, 0x0000, 0x0000, 0x2104, 0xD65B,
  0xE6BC, 0xDE9B, 0xDEBC, 0xEF1E, 0x8C31, 0x0000, 0x0022, 0x0021, 0x0021, 0x0862, 0xC5F9, 0xE6DD,
  0xDE9C, 0xDEBC, 0xDE9C, 0xEEFD, 0xA4D4, 0x0000, 0x0042, 0x0021, 0x0021, 0x0021, 0x0042, 0x0000,
  0x3186, 0xE6DD, 0xDE9C, 0xDEBC, 0xDEBC, 0xDE9C, 0xEF1E, 0x9472, 0x0000, 0x0021, 0x0021, 0x0042,
  0x0000, 0x39E8, 0xE6FD, 0xE6DD, 0x39C7, 0x0000, 0x0021, 0x0021, 0x0021, 0x0042, 0x0000, 0x734E,
  0xEF1E, 0xDE9C, 0xDEBC, 0xDEBC, 0xDE9C, 0xEF1E, 0x6B2D, 0x0000, 0x0042, 0x0021, 0x0042, 0x0000,
  0x7BAF, 0xEF1E, 0xDE9C, 0xDEBC, 0xDEBC, 0xDE9C, 0xEF3E, 0x738F, 0x0000, 0x0042, 0x0022, 0x0022,
  0x0022, 0x0022, 0x0042, 0x0000, 0x8C32, 0xEF1E, 0xDE9C, 0xDEBC, 0xDE9C, 0xDE9C, 0xE6FD, 0xB556,
  0x3187, 0x7BAF, 0xD65A, 0xDEBC, 0xEF3E, 0x7BAF, 0x0000, 0x0042, 0x0022, 0x0022, 0x0022, 0x0042,
  0x0021, 0x1083, 0xCE3A, 0xE6DD, 0xDEBC, 0xE6DC, 0xD65A, 0x10C4, 0x0021, 0x0042, 0x0042, 0x0042,
  0x0042, 0x0042, 0x0043, 0x0042, 0x0042, 0x0064, 0x4AF6, 0x4AD5, 0x0064, 0x0042, 0x0042, 0x0064,
  0x5B35, 0x7418, 0xA57A, 0x5B74, 0x1109, 0x08C6, 0x3AF0, 0x5BF3, 0x6434, 0xB67C, 0xB67C, 0xBEBD,
  0xCF1E, 0xCF1F, 0x4D7E, 0x00C4, 0x0000, 0x0000, 0x0000, 0x0000, 0x0000, 0x0000, 0x0000, 0x0000,
  0x0000, 0x0000, 0x0000, 0x0000, 0x0000, 0x0000, 0x0000, 0x2393, 0x33F6, 0x424D, 0x7415, 0x6BB3,
  0x428E, 0x29EB, 0x3A4D, 0x5B51, 0x8478, 0xA53C, 0xA53C, 0x9D1C, 0x94FC, 0x847A, 0x6395, 0x42B0,
  0x218A, 0x08A5, 0x0063, 0x0042, 0x0022, 0x0022, 0x0022, 0x0022, 0x0042, 0x0000, 0x4229, 0xE6DD,
  0xEEFD, 0x5AAB, 0x0000, 0xB556, 0xE6FD, 0xDE9C, 0xDE9C, 0xDE9C, 0xDE9C, 0xDE9C, 0xE6DD, 0xAD36,
  0x8C31, 0xF73E, 0xCE3A, 0x10A3, 0x0000, 0x736E, 0xEF1E, 0xDE7B, 0xDE9C, 0xDE9C, 0xDE9C, 0xDE9C,
  0xE6DD, 0x39C7, 0x0000, 0x0021, 0x0042, 0x0000, 0x528B, 0xEEFD, 0xDE9B, 0xDE9C, 0xDE9C, 0xDE9C,
  0xE6FD, 0xB577, 0x0021, 0x0021, 0x0042, 0x0041, 0x0000, 0x4A6A, 0xE6DD, 0xEEFD, 0x6B4E, 0x0000,
  0x4A6A, 0xE6FD, 0xDE9C, 0xDE9C, 0xDE9C, 0xDE9C, 0xE6FD, 0xA515, 0x0020, 0x39C7, 0xC5F9, 0xE6FD,
  0xDEBC, 0xEF3E, 0xDE9C, 0x6B2D, 0x0000, 0x0021, 0x0021, 0x0022, 0x0000, 0x18E4, 0xDE7B, 0xDEBC,
  0xDE9C, 0xDE9C, 0xDE9C, 0xE6BC, 0xD63A, 0x2104, 0x0000, 0x0022, 0x0022, 0x0022, 0x0022, 0x0000,
  0x526A, 0xE6FD, 0xDE7B, 0xDE9B, 0xDE9C, 0xD67B, 0xE6FD, 0x8C31, 0x0000, 0x0022, 0x0021, 0x0000,
  0x0000, 0x9CD4, 0xEF3E, 0xC5D8, 0x0862, 0x0021, 0x0021, 0x0021, 0x0021, 0x0021, 0x0000, 0x528A,
  0xEF1E, 0xDE9C, 0xDE9C, 0xDEBC, 0xDE9C, 0xEF1E, 0x8C32, 0x0000, 0x0042, 0x0021, 0x0021, 0x0000,
  0x9CB4, 0xEF1E, 0xDE9C, 0xDEBC, 0xDEBC, 0xDE9C, 0xEF1E, 0x4A6A, 0x0000, 0x0042, 0x0022, 0x0022,
  0x0022, 0x0022, 0x0022, 0x0021, 0xB577, 0xE6FD, 0xDE9C, 0xDEBC, 0xDEBC, 0xDE9B, 0xEF1E, 0x83F1,
  0x0000, 0x0000, 0x39E8, 0xDE9C, 0xEF1D, 0x4A4A, 0x0000, 0x0042, 0x0022, 0x0022, 0x0022, 0x0042,
  0x0001, 0x18C4, 0xD65B, 0xE6DC, 0xDE9C, 0xEF1E, 0x736F, 0x0000, 0x0043, 0x0042, 0x0042, 0x0042,
  0x0042, 0x0042, 0x0042, 0x0043, 0x0021, 0x1908, 0x5B59, 0x1909, 0x0001, 0x0043, 0x0022, 0x0863,
  0x322E, 0x5376, 0xADFC, 0x73F4, 0x0044, 0x0001, 0x21EA, 0x5C14, 0x74B6, 0xB67C, 0xB67C, 0xBEBD,
  0xCEFE, 0xD6FE, 0x767F, 0x128F, 0x0000, 0x0020, 0x0000, 0x0000, 0x0000, 0x0000, 0x0000, 0x0000,
  0x0000, 0x0000, 0x0000, 0x0000, 0x0000, 0x0000, 0x0042, 0x34DB, 0x19CB, 0x322C, 0x6393, 0x6BB3,
  0x5310, 0x3A6D, 0x4AAE, 0x6BB3, 0x8CB9, 0xA53C, 0xA53C, 0x9D1C, 0x94FC, 0x8C9B, 0x7C39, 0x6395,
  0x428F, 0x2169, 0x08C5, 0x0063, 0x0042, 0x0022, 0x0022, 0x0022, 0x0042, 0x0001, 0x18E4, 0xD65B,
  0xEF1E, 0x8C32, 0x0000, 0x2125, 0xDE7B, 0xDEBC, 0xDE9C, 0xDE9C, 0xDE9C, 0xDEBC, 0xDE9C, 0xDEBC,
  0xDE9B, 0xE6FD, 0xBD97, 0x0021, 0x0000, 0x4A29, 0xEEFD, 0xDE9C, 0xDE9C, 0xDE9C, 0xDE9C, 0xDE9B,
  0xEF1E, 0x630D, 0x0000, 0x0042, 0x0022, 0x0000, 0x39C8, 0xE6DD, 0xDE9C, 0xDE9C, 0xDE9C, 0xDE9C,
  0xE6BC, 0xC5F9, 0x0841, 0x0000, 0x0000, 0x0000, 0x41E8, 0xDE7B, 0xDE9C, 0xE6FD, 0x736F, 0x0000,
  0x4209, 0xEF1D, 0xDE7B, 0xDE9C, 0xDE9C, 0xDEBC, 0xE6DD, 0xDE7B, 0xCDF9, 0xF73E, 0xF77F, 0xEF1E,
  0xD65B, 0x8C52, 0x2125, 0x0000, 0x0042, 0x0022, 0x0042, 0x0001, 0x526B, 0xCE19, 0xEEFD, 0xE6BC,
  0xDEBC, 0xDEBC, 0xDEBC, 0xDE9C, 0xE6FD, 0xD65A, 0x5AAB, 0x0001, 0x0042, 0x0021, 0x1083, 0x83F1,
  0xDE9C, 0xEF1E, 0xEEFD, 0xEF1E, 0xEF1E, 0xEF1E, 0xEF1E, 0xDE9C, 0x52AB, 0x0863, 0x0021, 0x18C3,
  0x8411, 0xEF1E, 0xDEBC, 0xCE1A, 0x10A3, 0x0000, 0x0022, 0x0021, 0x0021, 0x0022, 0x0000, 0x2945,
  0xE6DC, 0xDE9C, 0xDE9C, 0xDE9C, 0xDE9C, 0xEEFD, 0xAD15, 0x0000, 0x0022, 0x0021, 0x0021, 0x0021,
  0xBD97, 0xE6FD, 0xDE9C, 0xDEBC, 0xDEBC, 0xDEBC, 0xE6DC, 0x2966, 0x0000, 0x0042, 0x0022, 0x0022,
  0x0022, 0x0042, 0x0001, 0x18C4, 0xD65B, 0xDEBC, 0xDE9C, 0xDE9C, 0xDE9C, 0xDE9B, 0xEF1E, 0x5AAB,
  0x0000, 0x0862, 0x0000, 0x9C93, 0xDEBC, 0x18E4, 0x0001, 0x0042, 0x0022, 0x0022, 0x0022, 0x0042,
  0x0001, 0x2125, 0xDE9C, 0xDEBC, 0xE6DC, 0xD65A, 0x10C4, 0x0021, 0x0042, 0x0042, 0x0042, 0x0042,
  0x0042, 0x0043, 0x0042, 0x0043, 0x0001, 0x31EE, 0x4273, 0x0001, 0x0042, 0x0042, 0x0022, 0x0863,
  0x10E7, 0x5B93, 0xD6FE, 0x8453, 0x0001, 0x0001, 0x21CA, 0x5C34, 0x74B6, 0xB67C, 0xB65C, 0xBE9D,
  0xCEFE, 0xD6FE, 0xA6DF, 0x2C9A, 0x0020, 0x0000, 0x0000, 0x0000, 0x0000, 0x0000, 0x0000, 0x0000,
  0x0000, 0x0000, 0x0000, 0x0000, 0x0020, 0x0000, 0x1A2C, 0x2C58, 0x10C5, 0x324D, 0x5B51, 0x73F4,
  0x6BB3, 0x5B51, 0x6392, 0x8456, 0xA53B, 0xAD7D, 0xAD5D, 0x9D1C, 0x8CBB, 0x7C39, 0x6BD6, 0x5B74,
  0x4AF2, 0x324E, 0x1969, 0x08A5, 0x0043, 0x0042, 0x0042, 0x0022, 0x0022, 0x0022, 0x0041, 0xBD97,
  0xEF1E, 0xAD36, 0x0021, 0x0000, 0x5ACC, 0xEF1E, 0xDE7B, 0xDE9C, 0xDE9C, 0xDE9C, 0xDEBC, 0xDE9C,
  0xDE9B, 0xE6FD, 0x9CB4, 0x0000, 0x0001, 0x2105, 0xDE9B, 0xDEBC, 0xDE9C, 0xDE9C, 0xDE9C, 0xDE9B,
  0xEEFE, 0x8C52, 0x0000, 0x0042, 0x0021, 0x0000, 0x2945, 0xDE9C, 0xDE9C, 0xDE9C, 0xDEBC, 0xDE9C,
  0xDE9C, 0xD65B, 0x3186, 0x2945, 0x528B, 0x9473, 0xDEBC, 0xE6BC, 0xDEBC, 0xFF9F, 0x8C31, 0x2925,
  0xC5D9, 0xF75F, 0xE6FD, 0xE6BC, 0xDE9C, 0xD65B, 0xC5F9, 0xBD98, 0xB557, 0x9C93, 0x7BAF, 0x4A6A,
  0x10A3, 0x0000, 0x0001, 0x0042, 0x0022, 0x0022, 0x0022, 0x0021, 0x3187, 0x39E8, 0x3187, 0x3187,
  0x2966, 0x2966, 0x2966, 0x2966, 0x2966, 0x31A7, 0x2146, 0x0021, 0x0042, 0x0022, 0x0883, 0x4A4A,
  0x4209, 0x422A, 0x528B, 0x5ACC, 0x630D, 0x6B4E, 0x7BB0, 0x8C32, 0x9CB3, 0x2105, 0x0862, 0x9CB4,
  0xCE3A, 0xCE3A, 0xD65B, 0xE6DD, 0xC5F9, 0x4208, 0x0001, 0x0042, 0x0021, 0x0042, 0x10A3, 0x7BAF,
  0xEEFD, 0xDE9C, 0xDE9C, 0xDE9B, 0xDE9B, 0xE6BC, 0xC5F9, 0x0021, 0x0001, 0x0042, 0x0021, 0x1082,
  0xCE3A, 0xE6DC, 0xDEBC, 0xDEBC, 0xDE9C, 0xE6DD, 0xD63A, 0x10A3, 0x0001, 0x0022, 0x0022, 0x0022,
  0x0022, 0x0042, 0x0000, 0x39C8, 0xE6FD, 0xDE9C, 0xDE9C, 0xDE9C, 0xDE9C, 0xDE9C, 0xE6BC, 0x2966,
  0x0000, 0x0042, 0x0000, 0x738F, 0xD63A, 0x0001, 0x0022, 0x0022, 0x0022, 0x0022, 0x0022, 0x0042,
  0x0001, 0x2967, 0xE6DC, 0xDE9C, 0xEF3E, 0x738F, 0x0000, 0x0043, 0x0042, 0x0042, 0x0042, 0x0042,
  0x0043, 0x0042, 0x0042, 0x0043, 0x0022, 0x3A0F, 0x10C6, 0x0021, 0x0042, 0x0043, 0x0022, 0x0884,
  0x0064, 0x4ACE, 0xCEBE, 0x94F6, 0x0863, 0x0022, 0x2A0A, 0x6455, 0x6C75, 0xB65C, 0xAE3C, 0xBE9D,
  0xC6FE, 0xCF1E, 0xBE9D, 0x55DF, 0x0948, 0x0000, 0x0000, 0x0000, 0x0000, 0x0000, 0x0000, 0x0000,
  0x0000, 0x0000, 0x0000, 0x0000, 0x0000, 0x0000, 0x2BF6, 0x22D0, 0x1907, 0x324D, 0x52F0, 0x6BD4,
  0x7C35, 0x7C35, 0x8C76, 0x9D19, 0xAD7C, 0xB59D, 0xAD7D, 0xA53C, 0x8CBA, 0x73F7, 0x5B33, 0x42B0,
  0x3A4E, 0x322D, 0x21AA, 0x1107, 0x0084, 0x0043, 0x0042, 0x0022, 0x0042, 0x0042, 0x0000, 0x9C93,
  0xEF1E, 0xCE1A, 0x18C4, 0x0001, 0x0000, 0x9CD4, 0xEEFD, 0xDE7B, 0xDE9C, 0xDE9C, 0xDE9C, 0xDE9C,
  0xDE7B, 0xEEFD, 0x83F1, 0x0000, 0x0042, 0x0042, 0xBDB8, 0xE6DD, 0xDE9C, 0xDE9C, 0xDE9C, 0xDE9C,
  0xE6DD, 0xB577, 0x0001, 0x0022, 0x0042, 0x0000, 0x0862, 0xCE3A, 0xDE9C, 0xDE9B, 0xDEBC, 0xE6BC,
  0xE6FD, 0xEF1E, 0xE6DD, 0xEF3E, 0xFF7F, 0xF73E, 0xDEBC, 0xCE1A, 0xB577, 0xB577, 0x5ACC, 0x4A4A,
  0x736E, 0x526A, 0x4209, 0x3187, 0x2125, 0x18C3, 0x0862, 0x0022, 0x0001, 0x0000, 0x0000, 0x0000,
  0x0001, 0x0042, 0x0042, 0x0022, 0x0022, 0x0022, 0x0022, 0x0022, 0x0001, 0x0000, 0x0001, 0x0001,
  0x0001, 0x0001, 0x0001, 0x0001, 0x0001, 0x0001, 0x0001, 0x0042, 0x0022, 0x0042, 0x0022, 0x0000,
  0x0000, 0x0001, 0x0001, 0x0000, 0x0000, 0x0000, 0x0000, 0x0000, 0x0000, 0x0001, 0x0022, 0x0042,
  0x0042, 0x10A3, 0x2104, 0x2966, 0x4A4A, 0x3187, 0x0021, 0x0042, 0x0021, 0x0862, 0x9473, 0xCE3A,
  0xD63A, 0xDEBC, 0xE6FD, 0xEF1E, 0xEF1E, 0xEF1E, 0xF73F, 0x630D, 0x0000, 0x0022, 0x0000, 0x3186,
  0xDE9C, 0xDE9C, 0xDE9C, 0xDE9C, 0xDE9C, 0xEEFD, 0xB577, 0x0021, 0x0022, 0x0022, 0x0022, 0x0022,
  0x0022, 0x0042, 0x0000, 0x6B2D, 0xEF1E, 0xDE9C, 0xDEBC, 0xDEBC, 0xDE9C, 0xE6DD, 0xCDF9, 0x0882,
  0x0001, 0x0042, 0x0000, 0x39E9, 0x7BB0, 0x0000, 0x0042, 0x0042, 0x0022, 0x0022, 0x0022, 0x0042,
  0x0000, 0x39C8, 0xE6DD, 0xE6BC, 0xD65B, 0x10C4, 0x0022, 0x0042, 0x0042, 0x0042, 0x0042, 0x0042,
  0x0043, 0x0043, 0x0043, 0x0022, 0x0884, 0x1928, 0x0021, 0x0043, 0x0043, 0x0043, 0x0042, 0x0043,
  0x0002, 0x2A0C, 0xB61C, 0xB5BA, 0x29AD, 0x4252, 0x5BB5, 0x6434, 0x5BF3, 0xA63B, 0xAE3B, 0xBE9D,
  0xCF1E, 0xCEFE, 0xC67C, 0x763F, 0x1B12, 0x0000, 0x0020, 0x0000, 0x0000, 0x0000, 0x0000, 0x0000,
  0x0000, 0x0000, 0x0000, 0x0000, 0x0000, 0x08A3, 0x3CDB, 0x21CB, 0x1968, 0x21CA, 0x3A6D, 0x6392,
  0x94B8, 0x9D19, 0xA53A, 0xA55B, 0xA55B, 0xAD7C, 0xAD7D, 0xA55D, 0x94DB, 0x73F6, 0x4AF1, 0x2A0C,
  0x198A, 0x1969, 0x1949, 0x1106, 0x0884, 0x0063, 0x0042, 0x0022, 0x0022, 0x0042, 0x0000, 0x6B2E,
  0xEEFD, 0xE6DD, 0x39E8, 0x0000, 0x0021, 0x18C4, 0xD65A, 0xE6BC, 0xDE9C, 0xDE9C, 0xDE9C, 0xDE9C,
  0xDE7B, 0xEF1E, 0x734E, 0x0000, 0x0063, 0x0000, 0x9493, 0xEEFD, 0xDE7B, 0xDE9C, 0xDE9C, 0xDE9C,
  0xDE9C, 0xDEBC, 0x31A7, 0x0000, 0x0021, 0x0862, 0x6B4E, 0xF75F, 0xEF1E, 0xE6FD, 0xDE9C, 0xCE1A,
  0xBD98, 0xA4F5, 0x8C11, 0x6B4E, 0x4A4A, 0x31A7, 0x2126, 0x10A4, 0x0022, 0x0000, 0x0001, 0x0001,
  0x0000, 0x0000, 0x0000, 0x0000, 0x0001, 0x0001, 0x0001, 0x0022, 0x0022, 0x0042, 0x0042, 0x0042,
  0x0042, 0x0042, 0x0022, 0x0022, 0x0022, 0x0042, 0x0042, 0x0022, 0x0042, 0x0042, 0x0042, 0x0042,
  0x0042, 0x0042, 0x0042, 0x0042, 0x0042, 0x0042, 0x0042, 0x0042, 0x0042, 0x0042, 0x0042, 0x0042,
  0x0042, 0x0043, 0x0043, 0x0043, 0x0043, 0x0043, 0x0042, 0x0042, 0x0042, 0x0022, 0x0022, 0x0022,
  0x0022, 0x0001, 0x0001, 0x0001, 0x0000, 0x0001, 0x0042, 0x0022, 0x0022, 0x0022, 0x0022, 0x0042,
  0x18C3, 0x2946, 0x39E9, 0x52AB, 0x6B4E, 0x8C11, 0xA4F5, 0xC5F9, 0x4209, 0x1083, 0x7BD0, 0xD65A,
  0xEF1E, 0xE6DD, 0xE6DD, 0xDEBC, 0xDE9B, 0xEEFD, 0x9452, 0x0000, 0x0042, 0x0022, 0x0022, 0x0022,
  0x0022, 0x0042, 0x0000, 0x9452, 0xEF1E, 0xDE9C, 0xDE9C, 0xDEBC, 0xDE9C, 0xEEFD, 0xA4D5, 0x0000,
  0x0022, 0x0022, 0x0022, 0x0001, 0x0001, 0x0042, 0x0022, 0x0000, 0x0022, 0x0022, 0x0042, 0x0042,
  0x0000, 0x4A29, 0xE6BC, 0xEEFD, 0x7BB0, 0x0000, 0x0043, 0x0042, 0x0042, 0x0042, 0x0042, 0x0043,
  0x0043, 0x0043, 0x0043, 0x0022, 0x08A5, 0x0884, 0x0022, 0x0043, 0x0022, 0x0022, 0x0022, 0x0042,
  0x0023, 0x08E7, 0x9D59, 0xC67D, 0x31CA, 0x3210, 0x5396, 0x53D3, 0x53B2, 0xA61B, 0xAE3B, 0xB67C,
  0xCEFD, 0xCEFE, 0xC69C, 0xA65E, 0x2CBB, 0x0021, 0x0000, 0x0000, 0x0000, 0x0000, 0x0000, 0x0000,
  0x0000, 0x0000, 0x0000, 0x0000, 0x0000, 0x1A6D, 0x44BB, 0x2189, 0x1127, 0x1107, 0x29CA, 0x5B51,
  0x9D19, 0xB59C, 0xAD7B, 0x9D1A, 0x94B9, 0x94D9, 0xA53B, 0xAD7D, 0xA53C, 0x7C58, 0x4AF1, 0x21CB,
  0x1107, 0x08C6, 0x08C5, 0x08A5, 0x0084, 0x0063, 0x0042, 0x0022, 0x0022, 0x0042, 0x0001, 0x39E8,
  0xE6BC, 0xEF1E, 0x6B2E, 0x0000, 0x0062, 0x0000, 0x4A4A, 0xEEFD, 0xDE9B, 0xDE9C, 0xDE9C, 0xDE9C,
  0xDE9B, 0xEF1E, 0x528B, 0x0000, 0x0062, 0x0000, 0x62EC, 0xEF1E, 0xD67B, 0xDE7B, 0xDE9C, 0xDEBC,
  0xE6DD, 0xEF1E, 0xDEBC, 0xA4D4, 0x2125, 0x5ACC, 0xB556, 0x83F1, 0x630D, 0x4229, 0x2946, 0x10A3,
  0x0042, 0x0001, 0x0000, 0x0000, 0x0000, 0x0001, 0x0001, 0x0022, 0x0022, 0x0042, 0x0042, 0x0042,
  0x0042, 0x0042, 0x0042, 0x0042, 0x0042, 0x0042, 0x0022, 0x0022, 0x0022, 0x0022, 0x0022, 0x0042,
  0x0042, 0x0042, 0x0042, 0x0042, 0x0042, 0x0042, 0x0042, 0x0042, 0x0042, 0x0042, 0x0042, 0x0022,
  0x0042, 0x0042, 0x0042, 0x0042, 0x0042, 0x0042, 0x0042, 0x0042, 0x0042, 0x0042, 0x0022, 0x0042,
  0x0042, 0x0042, 0x0042, 0x0042, 0x0042, 0x0042, 0x0042, 0x0022, 0x0022, 0x0022, 0x0022, 0x0022,
  0x0042, 0x0042, 0x0042, 0x0042, 0x0042, 0x0042, 0x0022, 0x0022, 0x0022, 0x0022, 0x0022, 0x0022,
  0x0001, 0x0001, 0x0001, 0x0000, 0x0000, 0x0000, 0x0001, 0x0042, 0x0862, 0x0883, 0x4A6A, 0x6B4E,
  0x8C32, 0xAD15, 0xCDF9, 0xDEBC, 0xE6FD, 0xF73E, 0xD65B, 0x2946, 0x0021, 0x0042, 0x0022, 0x0022,
  0x0022, 0x0022, 0x0000, 0xB577, 0xE6DD, 0xDE9C, 0xDE9C, 0xDE9C, 0xDE9C, 0xEF1E, 0x738F, 0x0000,
  0x0042, 0x0022, 0x0022, 0x0022, 0x0043, 0x0001, 0x0042, 0x528B, 0x0042, 0x0022, 0x0022, 0x0042,
  0x0000, 0x630D, 0xFF9F, 0xD67B, 0x18E4, 0x0021, 0x0043, 0x0042, 0x0043, 0x0043, 0x0043, 0x0043,
  0x0043, 0x0043, 0x0043, 0x0042, 0x0063, 0x0043, 0x0043, 0x0063, 0x08A4, 0x08A5, 0x0884, 0x0064,
  0x08A7, 0x1129, 0x8496, 0xDF1F, 0x63B2, 0x194A, 0x118A, 0x3311, 0x4BB2, 0xAE3B, 0xAE5C, 0xB67C,
  0xC6DD, 0xC6DD, 0xBEBD, 0xC69C, 0x5DFF, 0x0968, 0x0000, 0x0000, 0x0000, 0x0000, 0x0000, 0x0000,
  0x0000, 0x0000, 0x0000, 0x0000, 0x0000, 0x3417, 0x4BF6, 0x2168, 0x00A5, 0x0084, 0x1968, 0x5B51,
  0x9D1A, 0xB5BC, 0xAD7B, 0x8C97, 0x73F5, 0x73F5, 0x8C98, 0xA55C, 0xAD7D, 0x94DB, 0x6373, 0x320C,
  0x1107, 0x0084, 0x0063, 0x0064, 0x0063, 0x0043, 0x0042, 0x0022, 0x0022, 0x0042, 0x0001, 0x18E4,
  0xD63A, 0xEEFE, 0x9473, 0x0000, 0x0042, 0x0042, 0x0000, 0x8C32, 0xEF1E, 0xDE7B, 0xDE9C, 0xDE9C,
  0xDE7B, 0xE6DD, 0x39C8, 0x0000, 0x0042, 0x0000, 0x7BD0, 0xF75E, 0xE6FD, 0xEF1E, 0xE6DD, 0xD65B,
  0xB577, 0x8C32, 0x6B2D, 0x4A6A, 0x10A4, 0x0042, 0x0000, 0x0000, 0x0000, 0x0000, 0x0001, 0x0022,
  0x0022, 0x0042, 0x0042, 0x0042, 0x0042, 0x0042, 0x0042, 0x0042, 0x0042, 0x0042, 0x0022, 0x0022,
  0x0022, 0x0022, 0x0022, 0x0042, 0x0042, 0x0042, 0x0042, 0x0042, 0x0042, 0x0042, 0x0042, 0x0042,
  0x0042, 0x0042, 0x0042, 0x0042, 0x0042, 0x0042, 0x0042, 0x0042, 0x0042, 0x0042, 0x0042, 0x0042,
  0x0042, 0x0042, 0x0042, 0x0042, 0x0042, 0x0042, 0x0042, 0x0042, 0x0042, 0x0042, 0x0042, 0x0042,
  0x0042, 0x0042, 0x0042, 0x0042, 0x0042, 0x0042, 0x0042, 0x0042, 0x0042, 0x0042, 0x0022, 0x0022,
  0x0042, 0x0042, 0x0022, 0x0022, 0x0022, 0x0042, 0x0022, 0x0022, 0x0022, 0x0022, 0x0022, 0x0042,
  0x0042, 0x0042, 0x0042, 0x0042, 0x0043, 0x0042, 0x0042, 0x0022, 0x0022, 0x0022, 0x0000, 0x0000,
  0x0000, 0x0001, 0x0882, 0x2126, 0x4229, 0x6B2D, 0x9CB4, 0xA515, 0x10C4, 0x0001, 0x0042, 0x0022,
  0x0042, 0x0000, 0x4209, 0xDEBC, 0xDE9C, 0xDE9C, 0xDE9C, 0xDEBC, 0xDE9C, 0xEEFD, 0x4A4A, 0x0000,
  0x0042, 0x0042, 0x0042, 0x0042, 0x0001, 0x0842, 0xA4D5, 0xBD98, 0x0001, 0x0042, 0x0022, 0x0043,
  0x0021, 0x2966, 0xA4F5, 0x736F, 0x0001, 0x0043, 0x0042, 0x0043, 0x0043, 0x0043, 0x0043, 0x0043,
  0x0043, 0x0043, 0x0043, 0x0043, 0x0043, 0x0043, 0x0043, 0x0043, 0x10C5, 0x31ED, 0x5B34, 0x6BB8,
  0x3A2F, 0x10C6, 0x7476, 0xCEFF, 0x9D57, 0x0021, 0x08E6, 0x2ACF, 0x4BB3, 0xAE5C, 0xAE5C, 0xB65C,
  0xC6DD, 0xBEBD, 0xBE9D, 0xC67C, 0x7E7F, 0x1B32, 0x0000, 0x0000, 0x0000, 0x0000, 0x0000, 0x0000,
  0x0000, 0x0000, 0x0000, 0x0000, 0x08A3, 0x4D3D, 0x5331, 0x1948, 0x0064, 0x0084, 0x1969, 0x5B51,
  0x9CF9, 0xB5BC, 0xAD5B, 0x7C35, 0x5B31, 0x5310, 0x6BB4, 0x94DA, 0xAD5D, 0xA53D, 0x8459, 0x4AF1,
  0x1969, 0x0084, 0x0043, 0x0043, 0x0043, 0x0043, 0x0042, 0x0042, 0x0042, 0x0042, 0x0042, 0x0022,
  0xB577, 0xEEFD, 0xBD98, 0x0862, 0x0022, 0x0042, 0x0021, 0x1083, 0xC5D9, 0xE6DD, 0xDE7B, 0xDE9B,
  0xDE7B, 0xDE7B, 0x2946, 0x0001, 0x0021, 0x7BB0, 0xDE9C, 0xC5D8, 0x9493, 0x6B2D, 0x39E8, 0x18C4,
  0x0021, 0x0000, 0x0000, 0x0000, 0x0022, 0x0022, 0x0042, 0x0043, 0x0043, 0x0043, 0x0042, 0x0042,
  0x0042, 0x0022, 0x0022, 0x0022, 0x0022, 0x0042, 0x0042, 0x0042, 0x0042, 0x0042, 0x0042, 0x0022,
  0x0022, 0x0042, 0x0042, 0x0042, 0x0042, 0x0042, 0x0042, 0x0042, 0x0042, 0x0042, 0x0042, 0x0042,
  0x0042, 0x0042, 0x0042, 0x0042, 0x0042, 0x0042, 0x0042, 0x0042, 0x0042, 0x0042, 0x0042, 0x0042,
  0x0042, 0x0042, 0x0042, 0x0042, 0x0043, 0x0043, 0x0042, 0x0042, 0x0042, 0x0042, 0x0042, 0x0042,
  0x0042, 0x0042, 0x0042, 0x0042, 0x0042, 0x0042, 0x0042, 0x0042, 0x0042, 0x0042, 0x0042, 0x0042,
  0x0042, 0x0042, 0x0042, 0x0042, 0x0042, 0x0022, 0x0042, 0x0042, 0x0022, 0x0042, 0x0022, 0x0042,
  0x0042, 0x0022, 0x0022, 0x0042, 0x0042, 0x0042, 0x0022, 0x0042, 0x0022, 0x0042, 0x0043, 0x0043,
  0x0043, 0x0042, 0x0022, 0x0001, 0x0000, 0x0000, 0x0000, 0x0042, 0x0042, 0x0022, 0x0042, 0x0002,
  0x18E5, 0xA4D5, 0xE6BC, 0xF73E, 0xE6FD, 0xE6BC, 0xDE9C, 0xDE7B, 0xDE9C, 0xD67B, 0x10A3, 0x0000,
  0x0001, 0x0022, 0x0002, 0x0000, 0x2926, 0xB577, 0xFF9F, 0x6B2E, 0x0000, 0x0043, 0x0043, 0x0001,
  0x0000, 0x0000, 0x0000, 0x0022, 0x0043, 0x0042, 0x0043, 0x0043, 0x0043, 0x0043, 0x0043, 0x0043,
  0x0043, 0x0043, 0x0043, 0x0022, 0x0001, 0x0001, 0x0001, 0x0001, 0x0002, 0x1929, 0x3A50, 0x5314,
  0x426F, 0x1967, 0x7477, 0xB63D, 0xADDB, 0x29CA, 0x21CB, 0x3310, 0x53D3, 0xA61B, 0xAE3B, 0xB67C,
  0xCEFD, 0xC6BD, 0xB67C, 0xBE7C, 0x9E7E, 0x34BB, 0x0021, 0x0000, 0x0000, 0x0000, 0x0000, 0x0000,
  0x0000, 0x0000, 0x0000, 0x0000, 0x1A2C, 0x65BF, 0x6B72, 0x29EB, 0x08E6, 0x08C5, 0x21AA, 0x6372,
  0x9D1A, 0xB59D, 0xA53A, 0x6BB3, 0x3A4D, 0x29EC, 0x428F, 0x7416, 0x9D1C, 0xA53D, 0x9CFC, 0x6BD6,
  0x320C, 0x08C6, 0x0043, 0x0042, 0x0042, 0x0042, 0x0042, 0x0042, 0x0042, 0x0042, 0x0043, 0x0000,
  0x8C32, 0xEEFD, 0xDE9C, 0x2966, 0x0001, 0x0043, 0x0043, 0x0001, 0x39C8, 0xE6DD, 0xE6BC, 0xEF1D,
  0xEF3E, 0xD65B, 0x10C3, 0x0002, 0x0063, 0x422A, 0x2126, 0x0042, 0x0001, 0x0000, 0x0001, 0x0002,
  0x0042, 0x0043, 0x0043, 0x0043, 0x0042, 0x0042, 0x0042, 0x0042, 0x0042, 0x0042, 0x0042, 0x0042,
  0x0042, 0x0042, 0x0042, 0x0042, 0x0022, 0x0022, 0x0042, 0x0042, 0x0042, 0x0042, 0x0042, 0x0042,
  0x0042, 0x0042, 0x0042, 0x0042, 0x0042, 0x0042, 0x0042, 0x0042, 0x0042, 0x0043, 0x0042, 0x0043,
  0x0043, 0x0043, 0x0043, 0x0043, 0x0043, 0x0043, 0x0042, 0x0043, 0x0042, 0x0043, 0x0043, 0x0043,
  0x0043, 0x0042, 0x0043, 0x0043, 0x0043, 0x0043, 0x0043, 0x0043, 0x0043, 0x0043, 0x0043, 0x0043,
  0x0043, 0x0043, 0x0043, 0x0043, 0x0043, 0x0043, 0x0043, 0x0043, 0x0043, 0x0043, 0x0042, 0x0042,
  0x0042, 0x0042, 0x0042, 0x0042, 0x0042, 0x0042, 0x0042, 0x0042, 0x0042, 0x0042, 0x0042, 0x0042,
  0x0042, 0x0042, 0x0042, 0x0042, 0x0042, 0x0042, 0x0042, 0x0042, 0x0042, 0x0042, 0x0042, 0x0042,
  0x0042, 0x0042, 0x0042, 0x0042, 0x0043, 0x0043, 0x0043, 0x0022, 0x0022, 0x0022, 0x0042, 0x0022,
  0x0043, 0x1905, 0x39E9, 0x6B4E, 0x9C94, 0xC5D9, 0xE6DD, 0xEF1E, 0xEF1E, 0xDE9C, 0x738F, 0x39E8,
  0x18C4, 0x0863, 0x2947, 0x7BB0, 0xD67B, 0xE6DD, 0xE6DD, 0x39C8, 0x0001, 0x0042, 0x0001, 0x4A4A,
  0xA4D4, 0xAD15, 0x5ACD, 0x0001, 0x0042, 0x0043, 0x0043, 0x0043, 0x0043, 0x0043, 0x0043, 0x0043,
  0x0043, 0x0043, 0x0064, 0x10C6, 0x216A, 0x29AC, 0x29CD, 0x3A0E, 0x4AD3, 0x3A2F, 0x29AC, 0x5B55,
  0x6394, 0x5331, 0x2A0D, 0xAD9B, 0xADDB, 0x218A, 0x42F1, 0x53F4, 0x6434, 0x95BA, 0xA5FB, 0xB67C,
  0xC6DD, 0xC6DD, 0xBE7C, 0xBE7C, 0xB65C, 0x4DBF, 0x0127, 0x0000, 0x0000, 0x0000, 0x0000, 0x0000,
  0x0000, 0x0000, 0x0000, 0x0000, 0x2BF5, 0x8DFF, 0x9477, 0x5311, 0x29CA, 0x1969, 0x322C, 0x73D4,
  0xA53B, 0xB5BD, 0x9CF9, 0x5B31, 0x2189, 0x1107, 0x218A, 0x5332, 0x8C9A, 0xA53D, 0x9D1D, 0x8459,
  0x42D0, 0x1148, 0x0064, 0x0043, 0x0043, 0x0043, 0x0042, 0x0042, 0x0042, 0x0042, 0x0063, 0x0000,
  0x5AEC, 0xEF1D, 0xEF1D, 0x7BD0, 0x0000, 0x0000, 0x0022, 0x0042, 0x0000, 0x7BB0, 0xD65B, 0x9CB4,
  0x6B4E, 0x31A7, 0x0042, 0x0042, 0x0022, 0x0001, 0x0001, 0x0022, 0x0043, 0x0043, 0x0043, 0x0043,
  0x0042, 0x0042, 0x0042, 0x0042, 0x0042, 0x0042, 0x0042, 0x0042, 0x0042, 0x0042, 0x0042, 0x0042,
  0x0042, 0x0042, 0x0042, 0x0042, 0x0042, 0x0042, 0x0042, 0x0042, 0x0042, 0x0042, 0x0042, 0x0042,
  0x0042, 0x0043, 0x0043, 0x0042, 0x0043, 0x0043, 0x0043, 0x0043, 0x0043, 0x0043, 0x0043, 0x0043,
  0x0043, 0x0043, 0x0043, 0x0043, 0x0043, 0x0043, 0x0043, 0x0043, 0x0043, 0x0043, 0x0043, 0x0043,
  0x0043, 0x0043, 0x0043, 0x0043, 0x0043, 0x0043, 0x0043, 0x0043, 0x0043, 0x0043, 0x0043, 0x0043,
  0x0043, 0x0043, 0x0043, 0x0043, 0x0043, 0x0043, 0x0043, 0x0043, 0x0043, 0x0043, 0x0043, 0x0043,
  0x0042, 0x0042, 0x0042, 0x0042, 0x0042, 0x0042, 0x0042, 0x0042, 0x0042, 0x0042, 0x0043, 0x0043,
  0x0043, 0x0043, 0x0043, 0x0043, 0x0042, 0x0042, 0x0042, 0x0042, 0x0042, 0x0042, 0x0042, 0x0042,
  0x0042, 0x0042, 0x0042, 0x0042, 0x0042, 0x0042, 0x0042, 0x0042, 0x0042, 0x0042, 0x0042, 0x0042,
  0x0022, 0x0002, 0x0001, 0x0000, 0x0001, 0x0883, 0x31A8, 0x6B2E, 0x9C94, 0xC5F9, 0xF75E, 0xFF7F,
  0xDEBC, 0xC5F9, 0xDE7B, 0xEF1E, 0xDEBC, 0xDEBC, 0xCDF9, 0x0883, 0x0042, 0x0000, 0x5AAB, 0xF73E,
  0xEEFD, 0xEF1D, 0xF75E, 0x7BB0, 0x0001, 0x0043, 0x0043, 0x0043, 0x0043, 0x0043, 0x0043, 0x0043,
  0x0043, 0x0043, 0x0084, 0x10E8, 0x218C, 0x31EE, 0x4AD4, 0x8C9A, 0x7C37, 0x10C4, 0x3A2D, 0x63B6,
  0x73F5, 0x8C78, 0x1949, 0x8CB8, 0xC63D, 0x4290, 0x42F2, 0x6C96, 0x5C34, 0x9599, 0xA5FB, 0xB65C,
  0xC6BD, 0xBE9D, 0xBE9C, 0xBEBD, 0xBE5B, 0x5D9F, 0x12B0, 0x0000, 0x0020, 0x0000, 0x0000, 0x0000,
  0x0000, 0x0000, 0x0000, 0x0062, 0x455C, 0xB5FE, 0xB57C, 0x7C36, 0x4AF0, 0x428E, 0x5310, 0x8457,
  0xAD7C, 0xB59D, 0x94D9, 0x52F0, 0x1148, 0x0085, 0x08E7, 0x3A4E, 0x73F7, 0x94DC, 0x9CFC, 0x8CBB,
  0x5B54, 0x21CB, 0x08A5, 0x0043, 0x0043, 0x0043, 0x0043, 0x0043, 0x0043, 0x0042, 0x0063, 0x0001,
  0x4A4A, 0xE6DD, 0xDE7B, 0xE6DD, 0x9C93, 0x5ACC, 0x0862, 0x0022, 0x0022, 0x0042, 0x10A3, 0x0000,
  0x0000, 0x0001, 0x0042, 0x0042, 0x0042, 0x0043, 0x0043, 0x0042, 0x0042, 0x0042, 0x0042, 0x0042,
  0x0042, 0x0043, 0x0043, 0x0042, 0x0042, 0x0042, 0x0042, 0x0043, 0x0042, 0x0042, 0x0042, 0x0043,
  0x0043, 0x0043, 0x0043, 0x0043, 0x0043, 0x0043, 0x0043, 0x0043, 0x0043, 0x0043, 0x0043, 0x0043,
  0x0043, 0x0043, 0x0043, 0x0043, 0x0043, 0x0043, 0x0043, 0x0043, 0x0043, 0x0043, 0x0043, 0x0043,
  0x0043, 0x0043, 0x0043, 0x0043, 0x0043, 0x0043, 0x0043, 0x0043, 0x0043, 0x0043, 0x0043, 0x0043,
  0x0043, 0x0043, 0x0043, 0x0043, 0x0043, 0x0043, 0x0043, 0x0043, 0x0043, 0x0043, 0x0043, 0x0043,
  0x0043, 0x0043, 0x0043, 0x0043, 0x0043, 0x0043, 0x0043, 0x0043, 0x0043, 0x0043, 0x0043, 0x0043,
  0x0043, 0x0043, 0x0043, 0x0043, 0x0043, 0x0043, 0x0043, 0x0043, 0x0043, 0x0043, 0x0043, 0x0043,
  0x0043, 0x0043, 0x0043, 0x0043, 0x0043, 0x0043, 0x0043, 0x0043, 0x0043, 0x0043, 0x0043, 0x0043,
  0x0043, 0x0043, 0x0043, 0x0043, 0x0043, 0x0043, 0x0043, 0x0042, 0x0043, 0x0042, 0x0042, 0x0042,
  0x0042, 0x0043, 0x0043, 0x0063, 0x0043, 0x0022, 0x0001, 0x0000, 0x0001, 0x0883, 0x31A8, 0x6B2E,
  0xAD15, 0xD65B, 0xE6DD, 0xEF1E, 0xE6DD, 0xEF1E, 0x9453, 0x0001, 0x0042, 0x0042, 0xC5D8, 0xEEFD,
  0xDE9C, 0xDE9C, 0xDE9C, 0xE6DD, 0x2967, 0x0002, 0x0063, 0x0043, 0x0043, 0x0043, 0x0043, 0x0043,
  0x0043, 0x0043, 0x0021, 0x0022, 0x08C7, 0x320D, 0x5B34, 0x7C18, 0x31EB, 0x3A8E, 0x6BF7, 0x6BD6,
  0x5B54, 0x6BB6, 0x322D, 0x7C77, 0xBE3C, 0x94FB, 0x6C19, 0x6434, 0x53D3, 0x95BA, 0xA61B, 0xAE5C,
  0xBEBD, 0xBE9D, 0xBE9D, 0xC6BD, 0xC69C, 0x85DE, 0x2418, 0x0000, 0x0000, 0x0000, 0x0000, 0x0000,
  0x0000, 0x0000, 0x0000, 0x0968, 0x6E1F, 0xC5FD, 0xB5BD, 0x94FA, 0x73F6, 0x6BB4, 0x7416, 0x94D9,
  0xAD7C, 0xAD7D, 0x8CB9, 0x5311, 0x1969, 0x0084, 0x0085, 0x196A, 0x5312, 0x8459, 0x94DC, 0x94DC,
  0x6BD7, 0x324E, 0x1107, 0x0064, 0x0043, 0x0043, 0x0043, 0x0043, 0x0043, 0x0043, 0x0043, 0x0022,
  0xA4F5, 0xF71E, 0xDE9C, 0xCE1A, 0xA4F5, 0x5ACD, 0x0063, 0x0042, 0x0043, 0x0022, 0x0022, 0x0043,
  0x0063, 0x0043, 0x0043, 0x0042, 0x0043, 0x0043, 0x0043, 0x0043, 0x0043, 0x0043, 0x0043, 0x0043,
  0x0043, 0x0043, 0x0043, 0x0043, 0x0043, 0x0043, 0x0043, 0x0043, 0x0043, 0x0043, 0x0043, 0x0043,
  0x0043, 0x0043, 0x0043, 0x0043, 0x0043, 0x0043, 0x0043, 0x0043, 0x0043, 0x0043, 0x0043, 0x0043,
  0x0043, 0x0043, 0x0043, 0x0043, 0x0043, 0x0043, 0x0043, 0x0043, 0x0043, 0x0043, 0x0043, 0x0043,
  0x0043, 0x0043, 0x0043, 0x0043, 0x0043, 0x0043, 0x0043, 0x0043, 0x0043, 0x0043, 0x0043, 0x0043,
  0x0043, 0x0043, 0x0043, 0x0043, 0x0043, 0x0043, 0x0043, 0x0043, 0x0043, 0x0043, 0x0043, 0x0043,
  0x0043, 0x0043, 0x0043, 0x0043, 0x0043, 0x0043, 0x0043, 0x0043, 0x0043, 0x0043, 0x0043, 0x0043,
  0x0043, 0x0043, 0x0043, 0x0043, 0x0043, 0x0043, 0x0043, 0x0043, 0x0043, 0x0043, 0x0043, 0x0043,
  0x0043, 0x0043, 0x0043, 0x0043, 0x0043, 0x0043, 0x0043, 0x0043, 0x0043, 0x0043, 0x0043, 0x0043,
  0x0043, 0x0043, 0x0043, 0x0043, 0x0043, 0x0043, 0x0043, 0x0043, 0x0043, 0x0043, 0x0043, 0x0043,
  0x0043, 0x0043, 0x0043, 0x0043, 0x0043, 0x0043, 0x0043, 0x0063, 0x0043, 0x0022, 0x0001, 0x0001,
  0x0001, 0x10C4, 0x422A, 0x83D1, 0xB577, 0xEEFD, 0x528B, 0x0001, 0x0022, 0x18E5, 0xD67B, 0xDEBC,
  0xDEBC, 0xDEBC, 0xDE9C, 0xEF1E, 0x528B, 0x0001, 0x0063, 0x0043, 0x0063, 0x0043, 0x0043, 0x0043,
  0x0043, 0x0043, 0x1928, 0x3A51, 0x63B8, 0x6BB7, 0x7419, 0x320E, 0x08E6, 0x5374, 0x428F, 0x7C37,
  0x6BB7, 0x218C, 0x0023, 0x6BF4, 0xCE7D, 0x9D3B, 0x6C18, 0x5BF3, 0x4BB2, 0x9599, 0xA61B, 0xB67C,
  0xBEBD, 0xBEBD, 0xBE9C, 0xC6BD, 0xBE9C, 0xADFC, 0x455E, 0x00A4, 0x0000, 0x0000, 0x0000, 0x0000,
  0x0000, 0x0020, 0x0000, 0x1AF0, 0x8E5F, 0xBD9C, 0xA55C, 0xA53C, 0x94DA, 0x8C99, 0x94DA, 0x9D1B,
  0xA55C, 0xA53C, 0x94DA, 0x5B73, 0x21AB, 0x00A5, 0x0043, 0x08C6, 0x2A0C, 0x6395, 0x8C9B, 0x94DC,
  0x7C59, 0x4AD1, 0x1969, 0x0085, 0x0043, 0x0043, 0x0043, 0x0043, 0x0043, 0x0043, 0x0001, 0x8411,
  0xBDD8, 0x736F, 0x39C8, 0x0883, 0x0001, 0x0001, 0x0043, 0x0043, 0x0043, 0x0043, 0x0043, 0x0043,
  0x0043, 0x0043, 0x0043, 0x0043, 0x0043, 0x0043, 0x0043, 0x0043, 0x0043, 0x0043, 0x0043, 0x0043,
  0x0043, 0x0043, 0x0043, 0x0043, 0x0043, 0x0043, 0x0043, 0x0043, 0x0043, 0x0043, 0x0043, 0x0043,
  0x0043, 0x0043, 0x0043, 0x0043, 0x0043, 0x0043, 0x0043, 0x0043, 0x0043, 0x0043, 0x0043, 0x0043,
  0x0043, 0x0043, 0x0043, 0x0043, 0x0043, 0x0043, 0x0043, 0x0043, 0x0043, 0x0043, 0x0043, 0x0043,
  0x0043, 0x0043, 0x0043, 0x0043, 0x0043, 0x0043, 0x0043, 0x0043, 0x0043, 0x0043, 0x0043, 0x0043,
  0x0043, 0x0043, 0x0043, 0x0043, 0x0043, 0x0043, 0x0043, 0x0043, 0x0043, 0x0043, 0x0043, 0x0043,
  0x0043, 0x0043, 0x0043, 0x0043, 0x0043, 0x0043, 0x0043, 0x0043, 0x0043, 0x0043, 0x0043, 0x0043,
  0x0043, 0x0043, 0x0043, 0x0043, 0x0043, 0x0043, 0x0043, 0x0043, 0x0043, 0x0043, 0x0043, 0x0043,
  0x0043, 0x0043, 0x0043, 0x0043, 0x0043, 0x0043, 0x0043, 0x0043, 0x0043, 0x0043, 0x0043, 0x0043,
  0x0043, 0x0043, 0x0043, 0x0043, 0x0043, 0x0043, 0x0043, 0x0043, 0x0043, 0x0043, 0x0043, 0x0043,
  0x0043, 0x0043, 0x0043, 0x0043, 0x0043, 0x0043, 0x0043, 0x0043, 0x0043, 0x0043, 0x0043, 0x0063,
  0x0043, 0x0023, 0x0002, 0x0001, 0x0022, 0x2967, 0x08A4, 0x0022, 0x0043, 0x0043, 0xBD97, 0xE6DD,
  0xD67B, 0xDE9C, 0xDEBC, 0xE6DD, 0x2987, 0x0002, 0x0063, 0x0043, 0x0043, 0x0043, 0x0063, 0x0063,
  0x08A6, 0x320F, 0x4271, 0x29CD, 0x1907, 0x29EE, 0x4AB3, 0x31CA, 0x426D, 0x428F, 0x847A, 0x741A,
  0x5B56, 0x08A7, 0x0066, 0x4AF1, 0xA59C, 0xA59B, 0x7437, 0x7475, 0x53B2, 0x8D79, 0xA61B, 0xAE3C,
  0xC6DD, 0xC6DD, 0xBE9D, 0xBE9C, 0xBE9C, 0xA57A, 0x65BF, 0x09EB, 0x0000, 0x0000, 0x0000, 0x0000,
  0x0000, 0x0000, 0x0000, 0x3458, 0x9DDE, 0x9CF9, 0x8CB9, 0x94DA, 0xA53C, 0xA53C, 0xA53C, 0xA53C,
  0x94FA, 0x8C99, 0x8479, 0x6395, 0x2A0D, 0x08C6, 0x0043, 0x0064, 0x1128, 0x4290, 0x7418, 0x94DC,
  0x8C9B, 0x5B54, 0x21CB, 0x08C6, 0x0043, 0x0043, 0x0043, 0x0043, 0x0043, 0x0043, 0x0043, 0x18E5,
  0x0022, 0x0001, 0x0001, 0x0022, 0x0063, 0x0063, 0x0043, 0x0043, 0x0043, 0x0043, 0x0043, 0x0043,
  0x0043, 0x0043, 0x0043, 0x0043, 0x0043, 0x0043, 0x0043, 0x0043, 0x0043, 0x0043, 0x0043, 0x0043,
  0x0043, 0x0043, 0x0043, 0x0043, 0x0043, 0x0043, 0x0043, 0x0043, 0x0043, 0x0043, 0x0043, 0x0043,
  0x0043, 0x0043, 0x0043, 0x0043, 0x0043, 0x0043, 0x0043, 0x0043, 0x0043, 0x0043, 0x0043, 0x0043,
  0x0043, 0x0063, 0x0043, 0x0043, 0x0043, 0x0043, 0x0043, 0x0043, 0x0063, 0x0043, 0x0043, 0x0043,
  0x0043, 0x0043, 0x0043, 0x0043, 0x0043, 0x0043, 0x0043, 0x0043, 0x0043, 0x0043, 0x0043, 0x0043,
  0x0043, 0x0043, 0x0043, 0x0043, 0x0043, 0x0043, 0x0043, 0x0043, 0x0043, 0x0043, 0x0043, 0x0043,
  0x0043, 0x0043, 0x0043, 0x0043, 0x0043, 0x0043, 0x0043, 0x0043, 0x0043, 0x0043, 0x0043, 0x0043,
  0x0043, 0x0043, 0x0043, 0x0043, 0x0043, 0x0043, 0x0043, 0x0043, 0x0043, 0x0043, 0x0043, 0x0043,
  0x0043, 0x0043, 0x0043, 0x0043, 0x0043, 0x0043, 0x0043, 0x0043, 0x0063, 0x0043, 0x0043, 0x0043,
  0x0043, 0x0043, 0x0043, 0x0043, 0x0063, 0x0043, 0x0043, 0x0043, 0x0043, 0x0043, 0x0043, 0x0043,
  0x0043, 0x0043, 0x0043, 0x0043, 0x0043, 0x0043, 0x0043, 0x0043, 0x0043, 0x0043, 0x0043, 0x0043,
  0x0043, 0x0043, 0x0063, 0x0064, 0x0043, 0x0002, 0x0023, 0x0043, 0x0063, 0x0002, 0x420A, 0xE6BC,
  0xEF1E, 0xEF1D, 0xF75F, 0x8C12, 0x0002, 0x0063, 0x0063, 0x0043, 0x0063, 0x0063, 0x0063, 0x0084,
  0x08A6, 0x0885, 0x0043, 0x0001, 0x08A7, 0x3210, 0x6BB3, 0x94F9, 0x8497, 0x7C17, 0x845B, 0x3A51,
  0x5337, 0x0885, 0x0001, 0x322F, 0xADBC, 0xB5FC, 0x4B56, 0x5BF3, 0x53B2, 0x9579, 0xAE3B, 0xAE5B,
  0xBE9D, 0xC6DD, 0xBE9D, 0xBE7C, 0xB67C, 0x9D3A, 0x6D5F, 0x1B53, 0x0000, 0x0000, 0x0000, 0x0000,
  0x0000, 0x0000, 0x0083, 0x555D, 0x9D1B, 0x7C16, 0x6BD4, 0x7416, 0x94DA, 0xA55D, 0xA53C, 0x8CB9,
  0x7416, 0x63B4, 0x6395, 0x6395, 0x3A6F, 0x1128, 0x0064, 0x0043, 0x00A5, 0x21AB, 0x5333, 0x7C59,
  0x8C9C, 0x6BB7, 0x322E, 0x0907, 0x0064, 0x0043, 0x0043, 0x0043, 0x0043, 0x0043, 0x0043, 0x0022,
  0x0043, 0x0063, 0x0063, 0x0043, 0x0043, 0x0043, 0x0043, 0x0043, 0x0043, 0x0043, 0x0043, 0x0043,
  0x0043, 0x0043, 0x0043, 0x0043, 0x0043, 0x0043, 0x0043, 0x0043, 0x0043, 0x0043, 0x0043, 0x0043,
  0x0043, 0x0043, 0x0043, 0x0043, 0x0043, 0x0043, 0x0043, 0x0043, 0x0043, 0x0043, 0x0043, 0x0063,
  0x0063, 0x0063, 0x0063, 0x0063, 0x0063, 0x0043, 0x0043, 0x0043, 0x0043, 0x0063, 0x0063, 0x0063,
  0x0063, 0x0063, 0x0043, 0x0043, 0x0043, 0x0043, 0x0043, 0x0043, 0x0063, 0x0043, 0x0043, 0x0043,
  0x0063, 0x0043, 0x0043, 0x0043, 0x0043, 0x0043, 0x0043, 0x0043, 0x0043, 0x0043, 0x0043, 0x0043,
  0x0043, 0x0043, 0x0043, 0x0043, 0x0043, 0x0043, 0x0043, 0x0043, 0x0043, 0x0043, 0x0043, 0x0043,
  0x0043, 0x0043, 0x0043, 0x0043, 0x0064, 0x0063, 0x0063, 0x0063, 0x0043, 0x0043, 0x0043, 0x0043,
  0x0043, 0x0063, 0x0043, 0x0043, 0x0043, 0x0043, 0x0043, 0x0043, 0x0043, 0x0043, 0x0043, 0x0063,
  0x0063, 0x0043, 0x0043, 0x0043, 0x0043, 0x0043, 0x0063, 0x0063, 0x0043, 0x0063, 0x0063, 0x0063,
  0x0043, 0x0043, 0x08A5, 0x0064, 0x0022, 0x0084, 0x0063, 0x0043, 0x0043, 0x0043, 0x0043, 0x0043,
  0x0063, 0x0043, 0x0043, 0x0043, 0x0043, 0x0043, 0x0043, 0x0043, 0x0043, 0x0043, 0x0043, 0x0043,
  0x0043, 0x0043, 0x0043, 0x0043, 0x0043, 0x0063, 0x0043, 0x0043, 0x0043, 0x0063, 0x0002, 0x2988,
  0x8412, 0x9494, 0x5AED, 0x0043, 0x0043, 0x0063, 0x0063, 0x0063, 0x0064, 0x0064, 0x0064, 0x0063,
  0x0043, 0x0043, 0x0064, 0x08C7, 0x3210, 0x5B55, 0xA55C, 0x6BD8, 0xA53A, 0x8C99, 0x5B5A, 0x08A5,
  0x29AC, 0x1908, 0x10E8, 0x5B96, 0xA55B, 0xADBE, 0x6C57, 0x2AAF, 0x4B72, 0x9DBA, 0xAE5C, 0xAE5B,
  0xBEBD, 0xBEBD, 0xBE9C, 0xBE9C, 0xB67C, 0x7C59, 0x8D5E, 0x34BB, 0x0021, 0x0000, 0x0000, 0x0000,
  0x0000, 0x0000, 0x09A9, 0x65BF, 0x8C77, 0x5B52, 0x4AF1, 0x5B52, 0x8458, 0x9D3C, 0x94FB, 0x73F5,
  0x4AF0, 0x3A8F, 0x42D1, 0x5B54, 0x42D1, 0x196A, 0x0085, 0x0043, 0x0043, 0x08E7, 0x2A0D, 0x5B54,
  0x7C5A, 0x7419, 0x42B1, 0x1149, 0x0084, 0x0043, 0x0043, 0x0043, 0x0043, 0x0043, 0x0043, 0x0043,
  0x0043, 0x0043, 0x0043, 0x0043, 0x0043, 0x0043, 0x0043, 0x0043, 0x0043, 0x0043, 0x0043, 0x0043,
  0x0043, 0x0043, 0x0043, 0x0043, 0x0043, 0x0043, 0x0043, 0x0043, 0x0043, 0x0043, 0x0043, 0x0043,
  0x0043, 0x0063, 0x0063, 0x0043, 0x0063, 0x0063, 0x0063, 0x0063, 0x0063, 0x0063, 0x0064, 0x0064,
  0x0064, 0x0064, 0x0064, 0x0064, 0x0064, 0x0064, 0x0064, 0x0064, 0x0064, 0x0064, 0x0064, 0x0064,
  0x0064, 0x0064, 0x0064, 0x0064, 0x0043, 0x0064, 0x0063, 0x0043, 0x0064, 0x0064, 0x0064, 0x0064,
  0x0064, 0x0064, 0x0064, 0x0064, 0x0044, 0x0063, 0x0063, 0x0043, 0x0043, 0x0044, 0x0043, 0x0044,
  0x0044, 0x0043, 0x0044, 0x0063, 0x0064, 0x0064, 0x0064, 0x0064, 0x0064, 0x0064, 0x0043, 0x0064,
  0x0044, 0x0043, 0x0064, 0x0064, 0x0064, 0x0064, 0x0064, 0x0064, 0x0064, 0x0064, 0x0063, 0x0043,
  0x0043, 0x0043, 0x0043, 0x0043, 0x0043, 0x0043, 0x0043, 0x0043, 0x0064, 0x0064, 0x0043, 0x0043,
  0x0043, 0x0043, 0x0063, 0x0043, 0x0064, 0x0064, 0x0064, 0x0064, 0x0064, 0x0064, 0x0064, 0x0044,
  0x0064, 0x0043, 0x10E6, 0x4AEE, 0x3A4B, 0x08C5, 0x0043, 0x0044, 0x0044, 0x0064, 0x0064, 0x0064,
  0x0044, 0x0044, 0x0044, 0x0044, 0x0064, 0x0064, 0x0064, 0x0064, 0x0044, 0x0044, 0x0044, 0x0044,
  0x0044, 0x0044, 0x0044, 0x0044, 0x0044, 0x0044, 0x0043, 0x0043, 0x0043, 0x0043, 0x0064, 0x0002,
  0x0002, 0x0002, 0x0002, 0x0064, 0x0064, 0x0064, 0x0064, 0x0064, 0x0064, 0x0064, 0x0064, 0x0064,
  0x0064, 0x0064, 0x0022, 0x21AD, 0x6398, 0x845A, 0x7C3B, 0x21AE, 0x8457, 0x8CBA, 0x4AF7, 0x0086,
  0x08A6, 0x29CD, 0x194A, 0x3A71, 0x741A, 0xB5FD, 0x7CB6, 0x122D, 0x3331, 0x9599, 0xAE3C, 0xAE3B,
  0xBE9D, 0xBE9D, 0xBE9C, 0xBE9C, 0xBEBE, 0x5310, 0x6373, 0x4D7F, 0x0106, 0x0000, 0x0000, 0x0000,
  0x0020, 0x0000, 0x1AF0, 0x7DBF, 0x7BD5, 0x428F, 0x320C, 0x428F, 0x73F6, 0x94DB, 0x7C58, 0x4AF0,
  0x29EB, 0x198A, 0x2A0D, 0x4B12, 0x4AF2, 0x21AB, 0x00A5, 0x0043, 0x0043, 0x0064, 0x1128, 0x324F,
  0x6396, 0x743A, 0x5334, 0x21AB, 0x00A5, 0x0043, 0x0043, 0x0043, 0x0063, 0x0063, 0x0043, 0x0063,
  0x0063, 0x0063, 0x0043, 0x0063, 0x0043, 0x0063, 0x0043, 0x0063, 0x0063, 0x0063, 0x0043, 0x0063,
  0x0063, 0x0063, 0x0043, 0x0063, 0x0063, 0x0063, 0x0063, 0x0063, 0x0063, 0x0063, 0x0063, 0x0064,
  0x0064, 0x0064, 0x0064, 0x0064, 0x0064, 0x0064, 0x0064, 0x0064, 0x0064, 0x0064, 0x0064, 0x0064,
  0x0064, 0x0064, 0x0064, 0x0064, 0x0064, 0x0064, 0x0064, 0x0064, 0x0064, 0x0064, 0x0064, 0x0064,
  0x0064, 0x0064, 0x0064, 0x0064, 0x0064, 0x0064, 0x0064, 0x0064, 0x0064, 0x0064, 0x0064, 0x0064,
  0x0064, 0x0064, 0x0064, 0x0064, 0x0064, 0x0064, 0x0044, 0x0064, 0x0044, 0x0044, 0x0044, 0x0064,
  0x0064, 0x0064, 0x0064, 0x0064, 0x0064, 0x0064, 0x0064, 0x0064, 0x0064, 0x0064, 0x0064, 0x0064,
  0x0064, 0x0064, 0x0064, 0x0064, 0x0064, 0x0064, 0x0064, 0x0064, 0x0064, 0x0064, 0x0064, 0x0044,
  0x0064, 0x0043, 0x0043, 0x0043, 0x0043, 0x0044, 0x0084, 0x08C5, 0x10E5, 0x08E5, 0x08C5, 0x00A4,
  0x0064, 0x0044, 0x0064, 0x0064, 0x0064, 0x0064, 0x0064, 0x0064, 0x0064, 0x0064, 0x0064, 0x0064,
  0x0064, 0x0064, 0x0043, 0x1968, 0x322B, 0x0044, 0x0044, 0x0064, 0x0064, 0x0023, 0x0023, 0x0064,
  0x0044, 0x0064, 0x0064, 0x0064, 0x0064, 0x0064, 0x0064, 0x0064, 0x0064, 0x0064, 0x0064, 0x0044,
  0x0064, 0x0044, 0x0044, 0x0044, 0x0064, 0x0064, 0x0044, 0x0044, 0x0044, 0x0044, 0x0044, 0x0064,
  0x0064, 0x0064, 0x0064, 0x0064, 0x0064, 0x0064, 0x0064, 0x0064, 0x0064, 0x0064, 0x0064, 0x0064,
  0x0064, 0x0022, 0x21AD, 0x5316, 0x4AF5, 0x6BDA, 0x5315, 0x10E8, 0x8C9A, 0x7C39, 0x4274, 0x0044,
  0x00A7, 0x1129, 0x0043, 0x42B6, 0x7439, 0xC65C, 0x7CB7, 0x01CD, 0x22D1, 0x8D79, 0xAE3C, 0xA61B,
  0xB65C, 0xBEBD, 0xBE9D, 0xBE7C, 0xBE9D, 0x5BD5, 0x4A8F, 0x6DFF, 0x124D, 0x0000, 0x0020, 0x0000,
  0x0000, 0x0000, 0x3457, 0x8D7D, 0x6373, 0x29EC, 0x1969, 0x29EC, 0x5B73, 0x7C59, 0x6395, 0x2A0D,
  0x0908, 0x08C6, 0x1969, 0x3A90, 0x4AF2, 0x21EC, 0x08C6, 0x0043, 0x0043, 0x0043, 0x00A5, 0x196A,
  0x42B1, 0x63B7, 0x5B55, 0x29ED, 0x08C6, 0x0064, 0x0043, 0x0043, 0x0063, 0x0063, 0x0063, 0x0063,
  0x0063, 0x0063, 0x0063, 0x0063, 0x0063, 0x0063, 0x0063, 0x0063, 0x0063, 0x0063, 0x0063, 0x0063,
  0x0063, 0x0063, 0x0063, 0x0063, 0x0064, 0x0064, 0x0064, 0x0064, 0x0064, 0x0064, 0x0064, 0x0064,
  0x0064, 0x0064, 0x0064, 0x0064, 0x0064, 0x0064, 0x0064, 0x0064, 0x0064, 0x0064, 0x0064, 0x0064,
  0x0064, 0x0064, 0x0064, 0x0064, 0x0064, 0x0064, 0x0064, 0x0064, 0x0064, 0x0064, 0x0064, 0x0064,
  0x0064, 0x0064, 0x0064, 0x0064, 0x0064, 0x0064, 0x0064, 0x0064, 0x0064, 0x0064, 0x0064, 0x0064,
  0x0064, 0x0064, 0x0064, 0x0064, 0x0064, 0x0064, 0x0064, 0x0064, 0x0064, 0x0064, 0x0064, 0x0064,
  0x0064, 0x0064, 0x0064, 0x0064, 0x0064, 0x0064, 0x0064, 0x0064, 0x0064, 0x0064, 0x0064, 0x0064,
  0x0064, 0x0064, 0x0064, 0x0064, 0x0064, 0x0064, 0x0064, 0x0064, 0x0064, 0x0064, 0x0064, 0x0064,
  0x0064, 0x0064, 0x0064, 0x0044, 0x0064, 0x08C5, 0x1105, 0x1105, 0x1105, 0x10E5, 0x1105, 0x1105,
  0x08E5, 0x00A5, 0x0064, 0x0064, 0x0064, 0x0064, 0x0064, 0x0064, 0x0064, 0x0064, 0x0064, 0x0064,
  0x0064, 0x0064, 0x0064, 0x0043, 0x0023, 0x0064, 0x0064, 0x0044, 0x1127, 0x320A, 0x2189, 0x08E6,
  0x0064, 0x0044, 0x0064, 0x0064, 0x0064, 0x0064, 0x0064, 0x0064, 0x0064, 0x0064, 0x0044, 0x0044,
  0x0044, 0x0044, 0x0044, 0x0044, 0x0064, 0x0064, 0x0064, 0x0064, 0x0064, 0x0064, 0x0064, 0x0064,
  0x0064, 0x0064, 0x0064, 0x0064, 0x0064, 0x0064, 0x0064, 0x0064, 0x0064, 0x0064, 0x0064, 0x0064,
  0x0043, 0x192A, 0x31EF, 0x21AD, 0x5B58, 0x4B17, 0x10E7, 0x10E8, 0x73FA, 0x3A72, 0x216C, 0x0022,
  0x0064, 0x0022, 0x192A, 0x5B7A, 0x6C16, 0xC65C, 0x7CD7, 0x016C, 0x120E, 0x8D79, 0xA61B, 0xA5FB,
  0xAE5C, 0xC6DD, 0xC6DD, 0xC6BD, 0xBEBD, 0x7458, 0x8458, 0x8E3F, 0x1B75, 0x0000, 0x0000, 0x0000,
  0x0000, 0x0062, 0x4D5D, 0x8CFA, 0x52F1, 0x1969, 0x08E7, 0x196A, 0x4AD1, 0x63B6, 0x4B12, 0x198B,
  0x00A5, 0x0064, 0x08E7, 0x2A0E, 0x3AB1, 0x2A0D, 0x08E7, 0x0064, 0x0043, 0x0043, 0x0064, 0x00C6,
  0x21AB, 0x42D2, 0x4B34, 0x324E, 0x0908, 0x0084, 0x0043, 0x0043, 0x0063, 0x0063, 0x0064, 0x0064,
  0x0064, 0x0064, 0x0064, 0x0064, 0x0064, 0x0064, 0x0064, 0x0064, 0x0064, 0x0064, 0x0064, 0x0064,
  0x0064, 0x0064, 0x0064, 0x0064, 0x0064, 0x0064, 0x0064, 0x0064, 0x0064, 0x0064, 0x0064, 0x0064,
  0x0064, 0x0064, 0x0064, 0x0064, 0x0064, 0x0064, 0x0064, 0x0064, 0x0064, 0x0064, 0x0064, 0x0064,
  0x0064, 0x0064, 0x0064, 0x0064, 0x0064, 0x0064, 0x0064, 0x0064, 0x0064, 0x0064, 0x0064, 0x0064,
  0x0064, 0x0064, 0x0064, 0x0064, 0x0064, 0x0064, 0x0064, 0x0064, 0x0064, 0x0064, 0x0064, 0x0064,
  0x0064, 0x0064, 0x0064, 0x0064, 0x0064, 0x0064, 0x0064, 0x0064, 0x0064, 0x0064, 0x0064, 0x0064,
  0x0064, 0x0064, 0x0064, 0x0064, 0x0064, 0x0064, 0x0064, 0x0064, 0x0064, 0x0064, 0x0064, 0x0064,
  0x0064, 0x0064, 0x0064, 0x0064, 0x0064, 0x0064, 0x0064, 0x0064, 0x0064, 0x0064, 0x0064, 0x0064,
  0x0064, 0x0044, 0x0064, 0x0064, 0x08C5, 0x10E5, 0x10E5, 0x1105, 0x1105, 0x1105, 0x1105, 0x1105,
  0x08E5, 0x08E5, 0x00A5, 0x0064, 0x0064, 0x0064, 0x0064, 0x0064, 0x0064, 0x0064, 0x0064, 0x0064,
  0x0064, 0x0064, 0x0064, 0x0064, 0x0064, 0x0064, 0x0064, 0x0064, 0x0065, 0x3A4C, 0x320A, 0x0044,
  0x0064, 0x0064, 0x0064, 0x0023, 0x0064, 0x0064, 0x0064, 0x0064, 0x0044, 0x0044, 0x0044, 0x0044,
  0x0044, 0x0044, 0x0044, 0x0044, 0x0044, 0x0044, 0x0064, 0x0064, 0x0064, 0x0064, 0x0064, 0x0064,
  0x0064, 0x0064, 0x0064, 0x0064, 0x0064, 0x0064, 0x0084, 0x0064, 0x0064, 0x0064, 0x0064, 0x0064,
  0x0085, 0x08A6, 0x0064, 0x5316, 0x3A72, 0x112A, 0x0022, 0x08C7, 0x5B59, 0x214B, 0x10C7, 0x0043,
  0x0064, 0x0023, 0x3A51, 0x4293, 0x2A0C, 0xB61C, 0x7C97, 0x016C, 0x120E, 0x8538, 0xA61B, 0xA61B,
  0xB67C, 0xCEFE, 0xBEBD, 0xC6BD, 0xC6BD, 0x955A, 0xA53B, 0x8D9E, 0x2C9B, 0x0021, 0x0000, 0x0000,
  0x0000, 0x0967, 0x5DDF, 0x8477, 0x3A8F, 0x1128, 0x00A5, 0x1128, 0x3A6F, 0x5354, 0x3A90, 0x1129,
  0x0064, 0x0043, 0x00A6, 0x19AB, 0x324E, 0x21EC, 0x0908, 0x0064, 0x0043, 0x0043, 0x0043, 0x0064,
  0x08E7, 0x21CC, 0x3A90, 0x324F, 0x1149, 0x00A5, 0x0064, 0x0064, 0x0064, 0x0064, 0x0064, 0x0064,
  0x0064, 0x0064, 0x0064, 0x0064, 0x0064, 0x0064, 0x0064, 0x0064, 0x0064, 0x0064, 0x0064, 0x0064,
  0x0064, 0x0064, 0x0064, 0x0064, 0x0064, 0x0064, 0x0064, 0x0064, 0x0064, 0x0064, 0x0064, 0x0064,
  0x0064, 0x0064, 0x0064, 0x0064, 0x0064, 0x0064, 0x0064, 0x0064, 0x0064, 0x0064, 0x0064, 0x0064,
  0x0064, 0x0064, 0x0064, 0x0064, 0x0064, 0x0064, 0x0064, 0x0064, 0x0064, 0x0064, 0x0064, 0x0064,
  0x0064, 0x0064, 0x0064, 0x0064, 0x0064, 0x0064, 0x0064, 0x0064, 0x0064, 0x0064, 0x0064, 0x0064,
  0x0064, 0x0064, 0x0064, 0x0064, 0x0064, 0x0064, 0x0064, 0x0064, 0x0064, 0x0064, 0x0064, 0x0064,
  0x0064, 0x0064, 0x0064, 0x0064, 0x0064, 0x0064, 0x0064, 0x0084, 0x0064, 0x0064, 0x0064, 0x0064,
  0x0064, 0x0064, 0x0064, 0x0064, 0x0064, 0x0064, 0x0064, 0x0064, 0x0064, 0x0064, 0x0064, 0x0084,
  0x0085, 0x0084, 0x00A5, 0x00C5, 0x08E5, 0x08C5, 0x08E5, 0x10E5, 0x1105, 0x10E5, 0x08E5, 0x08E5,
  0x08C5, 0x00C5, 0x00C5, 0x00A5, 0x0064, 0x0044, 0x0064, 0x0064, 0x0064, 0x0064, 0x0044, 0x0023,
  0x0023, 0x0044, 0x0064, 0x0064, 0x0064, 0x0064, 0x0064, 0x0064, 0x0064, 0x0023, 0x0044, 0x0064,
  0x0064, 0x0885, 0x324C, 0x324C, 0x08C6, 0x0044, 0x0064, 0x0064, 0x0044, 0x0044, 0x0044, 0x0044,
  0x0024, 0x0024, 0x0024, 0x0044, 0x0044, 0x0044, 0x0044, 0x0064, 0x0064, 0x0064, 0x0064, 0x0064,
  0x0064, 0x0064, 0x0064, 0x0064, 0x0064, 0x0084, 0x0084, 0x0064, 0x0064, 0x0064, 0x0064, 0x0064,
  0x0064, 0x0002, 0x3A52, 0x3231, 0x0085, 0x00A6, 0x0022, 0x10C7, 0x5318, 0x10E8, 0x00A6, 0x0064,
  0x0064, 0x0085, 0x4293, 0x0865, 0x1107, 0x9D7A, 0x7496, 0x01CD, 0x1A6F, 0x8D59, 0xAE3C, 0xA63B,
  0xB65C, 0xBEBD, 0xB65C, 0xC6BD, 0xBE9D, 0xADDB, 0x8459, 0x4AD2, 0x351E, 0x0905, 0x0000, 0x0000,
  0x0000, 0x1A6D, 0x75DF, 0x73B4, 0x2A0C, 0x08C6, 0x0084, 0x08E7, 0x2A0D, 0x42F2, 0x326F, 0x0928,
  0x0064, 0x0043, 0x0085, 0x0928, 0x21CC, 0x19AB, 0x0908, 0x0084, 0x0043, 0x0043, 0x0043, 0x0043,
  0x0085, 0x0908, 0x21ED, 0x29ED, 0x116A, 0x00C6, 0x0064, 0x0064, 0x0064, 0x0064, 0x0064, 0x0064,
  0x0064, 0x0064, 0x0064, 0x0064, 0x0064, 0x0064, 0x0064, 0x0064, 0x0064, 0x0064, 0x0064, 0x0064,
  0x0064, 0x0064, 0x0064, 0x0064, 0x0064, 0x0064, 0x0064, 0x0064, 0x0064, 0x0064, 0x0064, 0x0064,
  0x0064, 0x0064, 0x0064, 0x0064, 0x0064, 0x0064, 0x0064, 0x0064, 0x0064, 0x0064, 0x0064, 0x0064,
  0x0064, 0x0064, 0x0064, 0x0064, 0x0064, 0x0064, 0x0064, 0x0064, 0x0064, 0x0064, 0x0064, 0x0064,
  0x0064, 0x0064, 0x0065, 0x0065, 0x0064, 0x0064, 0x0064, 0x0064, 0x0065, 0x0064, 0x0064, 0x0064,
  0x0064, 0x0064, 0x0064, 0x0065, 0x0065, 0x0064, 0x0065, 0x0065, 0x0064, 0x0064, 0x0064, 0x0064,
  0x0064, 0x0064, 0x0064, 0x0064, 0x0064, 0x0065, 0x0065, 0x0084, 0x0064, 0x0064, 0x0065, 0x0064,
  0x0064, 0x0064, 0x0064, 0x0064, 0x0085, 0x0085, 0x00A5, 0x0084, 0x0064, 0x0064, 0x0064, 0x0064,
  0x0064, 0x0085, 0x00A5, 0x08E5, 0x08E5, 0x08E5, 0x08E5, 0x08E5, 0x08E5, 0x08E5, 0x08E5, 0x08C5,
  0x00A5, 0x00A5, 0x00A5, 0x0085, 0x0064, 0x0064, 0x0044, 0x0044, 0x0064, 0x0044, 0x2188, 0x320A,
  0x2188, 0x08C6, 0x0044, 0x0064, 0x0064, 0x0064, 0x0064, 0x0064, 0x0064, 0x0064, 0x0064, 0x0064,
  0x0064, 0x0064, 0x1148, 0x21AA, 0x0044, 0x0064, 0x0064, 0x0044, 0x0044, 0x0044, 0x0044, 0x0023,
  0x0002, 0x0001, 0x0001, 0x0022, 0x0024, 0x0044, 0x0044, 0x0064, 0x0064, 0x0065, 0x0065, 0x0065,
  0x0065, 0x0085, 0x0065, 0x0064, 0x0064, 0x0085, 0x0085, 0x0084, 0x0064, 0x0064, 0x0064, 0x0064,
  0x0043, 0x1109, 0x29EF, 0x0043, 0x0064, 0x0064, 0x0043, 0x10E8, 0x4AD5, 0x0085, 0x0064, 0x0064,
  0x0023, 0x10E8, 0x194A, 0x0002, 0x08C6, 0x9538, 0x8D18, 0x124F, 0x1A6F, 0x8559, 0xA61B, 0xB65C,
  0xB67C, 0xC6DD, 0xB67C, 0xBE7C, 0xAE3C, 0x9D7A, 0x743A, 0x7C39, 0x559F, 0x11EB, 0x0000, 0x0020,
  0x0000, 0x2393, 0x757E, 0x5B11, 0x198A, 0x00A5, 0x0064, 0x00A6, 0x198B, 0x324F, 0x2A2E, 0x0928,
  0x0084, 0x0043, 0x0064, 0x00C6, 0x1149, 0x1149, 0x0907, 0x0085, 0x0044, 0x0044, 0x0043, 0x0044,
  0x0064, 0x00A5, 0x1129, 0x198A, 0x1149, 0x00C6, 0x0064, 0x0064, 0x0064, 0x0064, 0x0064, 0x0064,
  0x0064, 0x0064, 0x0064, 0x0064, 0x0064, 0x0064, 0x0064, 0x0064, 0x0064, 0x0064, 0x0064, 0x0064,
  0x0064, 0x0064, 0x0064, 0x0064, 0x0064, 0x0064, 0x0064, 0x0064, 0x0064, 0x0064, 0x0064, 0x0064,
  0x0064, 0x0064, 0x0064, 0x0064, 0x0064, 0x0064, 0x0064, 0x0064, 0x0064, 0x0064, 0x0064, 0x0064,
  0x0064, 0x0064, 0x0065, 0x0065, 0x0064, 0x0065, 0x0065, 0x0065, 0x0064, 0x0065, 0x0065, 0x0065,
  0x0065, 0x0065, 0x0065, 0x0065, 0x0065, 0x0065, 0x0065, 0x0065, 0x0065, 0x0065, 0x0065, 0x0065,
  0x0065, 0x0065, 0x0065, 0x0065, 0x0065, 0x0065, 0x0065, 0x0065, 0x0064, 0x0064, 0x0064, 0x0064,
  0x0064, 0x0064, 0x0064, 0x0064, 0x0064, 0x0065, 0x0065, 0x0065, 0x0065, 0x0065, 0x0064, 0x0064,
  0x0064, 0x0064, 0x0085, 0x08E5, 0x1106, 0x1106, 0x1106, 0x1106, 0x00A5, 0x0064, 0x0064, 0x0064,
  0x0064, 0x0085, 0x00C5, 0x08C5, 0x08E5, 0x08E5, 0x08E5, 0x08E5, 0x08E5, 0x08E5, 0x08C5, 0x08C5,
  0x00A5, 0x00A5, 0x00A5, 0x0084, 0x0064, 0x0064, 0x0044, 0x0044, 0x0064, 0x0064, 0x0085, 0x5B91,
  0x42CD, 0x0064, 0x0064, 0x0064, 0x0064, 0x0064, 0x0064, 0x0064, 0x0064, 0x0064, 0x0064, 0x0064,
  0x0064, 0x0064, 0x0044, 0x0024, 0x0064, 0x0064, 0x0064, 0x0044, 0x0044, 0x0024, 0x0023, 0x0000,
  0x0000, 0x0000, 0x0000, 0x0000, 0x0001, 0x0024, 0x0044, 0x0044, 0x0064, 0x0065, 0x0065, 0x0065,
  0x0065, 0x0065, 0x0065, 0x0065, 0x0065, 0x0065, 0x0065, 0x0064, 0x0064, 0x0064, 0x0064, 0x0064,
  0x0065, 0x112A, 0x0064, 0x0064, 0x0064, 0x0064, 0x0043, 0x08C6, 0x29EF, 0x0023, 0x0064, 0x0044,
  0x0043, 0x08C7, 0x0065, 0x0044, 0x0065, 0x8CD7, 0x8D38, 0x22B0, 0x2A8F, 0x7CF7, 0xAE3C, 0xC6DD,
  0xBE9D, 0xCEFD, 0xBEBD, 0xB65C, 0xAE3B, 0x7457, 0x7C7B, 0x73F8, 0x5D5E, 0x1B32, 0x0000, 0x0020,
  0x0000, 0x3499, 0x6CBA, 0x426E, 0x1128, 0x0064, 0x0043, 0x0085, 0x0928, 0x19AB, 0x19AB, 0x0908,
  0x0085, 0x0064, 0x0064, 0x0085, 0x08E7, 0x0908, 0x08E7, 0x0085, 0x0044, 0x0064, 0x0064, 0x0064,
  0x0064, 0x0064, 0x00A6, 0x0907, 0x0907, 0x00C6, 0x0085, 0x0064, 0x0064, 0x0064, 0x0064, 0x0064,
  0x0084, 0x0064, 0x0064, 0x0064, 0x0084, 0x0084, 0x0084, 0x0084, 0x0084, 0x0084, 0x0064, 0x0064,
  0x0064, 0x0064, 0x0064, 0x0064, 0x0064, 0x0064, 0x0084, 0x0064, 0x0064, 0x0084, 0x0064, 0x0064,
  0x0064, 0x0064, 0x0064, 0x0064, 0x0064, 0x0064, 0x0064, 0x0064, 0x0064, 0x0064, 0x0065, 0x0065,
  0x0065, 0x0065, 0x0065, 0x0065, 0x0065, 0x0065, 0x0065, 0x0065, 0x0065, 0x0065, 0x0065, 0x0065,
  0x0065, 0x0065, 0x0065, 0x0065, 0x0065, 0x0065, 0x0065, 0x0065, 0x0065, 0x0065, 0x0065, 0x0065,
  0x0065, 0x0065, 0x0065, 0x0065, 0x0065, 0x0065, 0x0085, 0x0085, 0x0065, 0x0065, 0x0065, 0x0065,
  0x0064, 0x0064, 0x0065, 0x0065, 0x0085, 0x0085, 0x0085, 0x00A5, 0x0085, 0x0085, 0x0085, 0x0065,
  0x0064, 0x0085, 0x0906, 0x0906, 0x1106, 0x1106, 0x1106, 0x1106, 0x1106, 0x08E5, 0x08C5, 0x08C5,
  0x08E5, 0x08E5, 0x08E5, 0x08E5, 0x08E5, 0x08E5, 0x08E5, 0x08C5, 0x00C5, 0x08C5, 0x08C5, 0x00C5,
  0x00A5, 0x00C5, 0x00A5, 0x0064, 0x0064, 0x0064, 0x0044, 0x0044, 0x0044, 0x0044, 0x0064, 0x0044,
  0x0044, 0x0044, 0x0044, 0x0044, 0x0044, 0x0044, 0x0044, 0x0064, 0x0064, 0x0064, 0x0064, 0x0064,
  0x0064, 0x0064, 0x0065, 0x0065, 0x0064, 0x0044, 0x0044, 0x0044, 0x0024, 0x0023, 0x0000, 0x0000,
  0x0000, 0x0000, 0x0000, 0x0000, 0x0000, 0x0002, 0x0024, 0x0044, 0x0044, 0x0065, 0x0065, 0x0065,
  0x0065, 0x0065, 0x0065, 0x0065, 0x0065, 0x0065, 0x0065, 0x0065, 0x0065, 0x0064, 0x0064, 0x0064,
  0x0085, 0x0064, 0x0064, 0x0064, 0x0064, 0x0064, 0x0044, 0x0085, 0x10E8, 0x0043, 0x0064, 0x0044,
  0x0064, 0x0065, 0x0064, 0x0065, 0x0024, 0x63D3, 0x8D18, 0x2AAF, 0x224E, 0x7D18, 0xA61B, 0xBEBD,
  0xBEBD, 0xCEFE, 0xBE9D, 0xAE5C, 0xB65C, 0xA59B, 0xA57D, 0x6BB6, 0x5CDC, 0x3458, 0x0000, 0x0000,
  0x0062, 0x3CFC, 0x5394, 0x29CC, 0x08E6, 0x0064, 0x0043, 0x0064, 0x00C6, 0x0928, 0x0928, 0x00E7,
  0x0085, 0x0064, 0x0064, 0x0064, 0x00A6, 0x00C6, 0x00C6, 0x0085, 0x0064, 0x0064, 0x0064, 0x0064,
  0x0064, 0x0064, 0x0085, 0x00A6, 0x00C6, 0x00A6, 0x0085, 0x0064, 0x0064, 0x0084, 0x0084, 0x0084,
  0x0084, 0x0084, 0x0084, 0x0084, 0x0084, 0x0084, 0x0084, 0x0084, 0x0084, 0x0084, 0x0084, 0x0084,
  0x0084, 0x0084, 0x0084, 0x0084, 0x0084, 0x0084, 0x0084, 0x0084, 0x0084, 0x0084, 0x0084, 0x0084,
  0x0064, 0x0064, 0x0064, 0x0064, 0x0065, 0x0065, 0x0065, 0x0065, 0x0065, 0x0065, 0x0065, 0x0065,
  0x0065, 0x0065, 0x0065, 0x0065, 0x0065, 0x0065, 0x0065, 0x0065, 0x0065, 0x0065, 0x0065, 0x0065,
  0x0065, 0x0065, 0x0065, 0x0065, 0x0065, 0x0065, 0x0065, 0x0065, 0x0065, 0x0065, 0x0065, 0x0065,
  0x0065, 0x0065, 0x0086, 0x00A6, 0x00A6, 0x00A6, 0x00C6, 0x00A6, 0x00A6, 0x00A6, 0x0065, 0x0065,
  0x0065, 0x0086, 0x00A6, 0x00A6, 0x00A5, 0x00A5, 0x00A5, 0x00A5, 0x0085, 0x0085, 0x0085, 0x0085,
  0x00A5, 0x08E6, 0x08E6, 0x08E6, 0x1106, 0x1106, 0x1106, 0x1106, 0x1106, 0x1105, 0x1105, 0x10E5,
  0x08E5, 0x08E5, 0x08E5, 0x08E5, 0x08C5, 0x08C5, 0x00A5, 0x00A4, 0x00A4, 0x00A4, 0x00A5, 0x0084,
  0x00A4, 0x00A4, 0x0084, 0x08E6, 0x1967, 0x1126, 0x0085, 0x0064, 0x0044, 0x0044, 0x0044, 0x0044,
  0x0044, 0x0044, 0x0044, 0x0044, 0x0044, 0x0044, 0x0044, 0x0044, 0x0044, 0x0044, 0x0044, 0x0044,
  0x0064, 0x0064, 0x0064, 0x0065, 0x0065, 0x0044, 0x0044, 0x0044, 0x0024, 0x0022, 0x0000, 0x0000,
  0x0000, 0x0000, 0x0000, 0x0000, 0x0000, 0x0000, 0x0023, 0x0044, 0x0044, 0x0065, 0x0065, 0x0065,
  0x0065, 0x0065, 0x0065, 0x0065, 0x0065, 0x0065, 0x0065, 0x0065, 0x0065, 0x0065, 0x0064, 0x0064,
  0x0064, 0x0064, 0x0064, 0x0064, 0x0064, 0x0064, 0x0064, 0x0085, 0x0085, 0x0044, 0x0064, 0x0064,
  0x0064, 0x0064, 0x0064, 0x0065, 0x0023, 0x4B11, 0x84F8, 0x2AD0, 0x228F, 0x7D17, 0xA5FA, 0xB67C,
  0xC6BD, 0xC6DD, 0xB69D, 0xBE7C, 0xC69C, 0x9D7A, 0x9D1C, 0x94DA, 0x53D5, 0x3D1D, 0x0041, 0x0000,
  0x0947, 0x34FC, 0x324E, 0x1169, 0x00A5, 0x0044, 0x0044, 0x0064, 0x00A5, 0x00C6, 0x00C6, 0x00A6,
  0x0064, 0x0064, 0x0064, 0x0064, 0x0085, 0x00A5, 0x00A5, 0x0085, 0x0064, 0x0064, 0x0064, 0x0064,
  0x0064, 0x0064, 0x0064, 0x0085, 0x0085, 0x0085, 0x0085, 0x0064, 0x0064, 0x0084, 0x0084, 0x0084,
  0x0084, 0x0084, 0x0084, 0x0084, 0x0084, 0x0084, 0x0084, 0x0084, 0x0084, 0x0084, 0x0084, 0x0084,
  0x0084, 0x0084, 0x0085, 0x0085, 0x0085, 0x0085, 0x0085, 0x0085, 0x0085, 0x0085, 0x0085, 0x0085,
  0x0085, 0x0085, 0x0085, 0x0065, 0x0085, 0x0065, 0x0065, 0x0065, 0x0065, 0x0065, 0x0065, 0x0065,
  0x0065, 0x0065, 0x0065, 0x0065, 0x0065, 0x0065, 0x0065, 0x0065, 0x0065, 0x0065, 0x0065, 0x0065,
  0x0065, 0x0065, 0x0065, 0x0065, 0x0065, 0x0065, 0x0065, 0x0065, 0x0065, 0x0065, 0x0065, 0x0065,
  0x0065, 0x0065, 0x0086, 0x0086, 0x0086, 0x00A6, 0x00A6, 0x00A6, 0x0086, 0x0085, 0x0065, 0x0065,
  0x0065, 0x0086, 0x0086, 0x0086, 0x0085, 0x0086, 0x0085, 0x0085, 0x0085, 0x0085, 0x0085, 0x00A5,
  0x00E6, 0x08E6, 0x08E6, 0x08E6, 0x08E6, 0x0906, 0x0906, 0x1106, 0x08E5, 0x08E5, 0x08E5, 0x08E5,
  0x08E5, 0x08E5, 0x08E5, 0x08C5, 0x08C5, 0x00A5, 0x00A4, 0x0084, 0x0084, 0x0084, 0x0064, 0x0064,
  0x0084, 0x08E5, 0x1946, 0x2187, 0x2187, 0x1967, 0x1967, 0x1106, 0x0085, 0x0044, 0x0044, 0x0044,
  0x0044, 0x0043, 0x0044, 0x0044, 0x0043, 0x0044, 0x0044, 0x0044, 0x0044, 0x0044, 0x0044, 0x0044,
  0x0064, 0x0064, 0x0064, 0x0065, 0x0064, 0x0044, 0x0044, 0x0044, 0x0024, 0x0001, 0x0000, 0x0000,
  0x0000, 0x0000, 0x0000, 0x0000, 0x0000, 0x0000, 0x0023, 0x0044, 0x0044, 0x0065, 0x0065, 0x0065,
  0x0065, 0x0065, 0x0065, 0x0065, 0x0065, 0x0065, 0x0085, 0x0065, 0x0065, 0x0065, 0x0065, 0x0064,
  0x0064, 0x0064, 0x0064, 0x0064, 0x0064, 0x0064, 0x0064, 0x0064, 0x0064, 0x0064, 0x0064, 0x0064,
  0x0064, 0x0064, 0x0064, 0x0064, 0x0086, 0x3A6F, 0x84D7, 0x2AD0, 0x32F0, 0x9579, 0xB67C, 0xBE9D,
  0xC6DD, 0xCEFE, 0xB67D, 0xBE9C, 0xC6BD, 0x7C96, 0x5B55, 0x8C9B, 0x4B12, 0x353E, 0x0905, 0x0000,
  0x1A2B, 0x3479, 0x1129, 0x0908, 0x0085, 0x0064, 0x0064, 0x0064, 0x0085, 0x0085, 0x0085, 0x0085,
  0x0064, 0x0064, 0x0064, 0x0064, 0x0064, 0x0085, 0x0085, 0x0085, 0x0064, 0x0064, 0x0064, 0x0064,
  0x0064, 0x0064, 0x0064, 0x0064, 0x0085, 0x0085, 0x0084, 0x0084, 0x0084, 0x0084, 0x0084, 0x0084,
  0x0084, 0x0084, 0x0084, 0x0085, 0x0085, 0x0085, 0x0084, 0x0084, 0x0084, 0x0085, 0x0085, 0x0085,
  0x0085, 0x0085, 0x0085, 0x0085, 0x0085, 0x0085, 0x0085, 0x0085, 0x0085, 0x0085, 0x0085, 0x0085,
  0x0085, 0x0085, 0x0085, 0x0085, 0x0085, 0x0085, 0x0085, 0x0085, 0x0085, 0x0085, 0x0065, 0x0065,
  0x0065, 0x0065, 0x0065, 0x0065, 0x0085, 0x0065, 0x0065, 0x0065, 0x0065, 0x0065, 0x0065, 0x0065,
  0x0065, 0x0065, 0x0065, 0x0065, 0x0065, 0x0065, 0x0065, 0x0065, 0x0065, 0x0065, 0x0065, 0x0065,
  0x0065, 0x0065, 0x0065, 0x0065, 0x0065, 0x0065, 0x0065, 0x0065, 0x0065, 0x0065, 0x0065, 0x0065,
  0x0065, 0x0065, 0x0065, 0x0065, 0x0065, 0x0085, 0x0085, 0x0085, 0x0085, 0x0085, 0x00A6, 0x00C6,
  0x00C6, 0x00C6, 0x00C6, 0x08E6, 0x08E6, 0x08E6, 0x08E6, 0x08E5, 0x08E5, 0x08E5, 0x08E5, 0x08E5,
  0x08E5, 0x08E5, 0x08E5, 0x08E5, 0x08C5, 0x00A5, 0x00A5, 0x00A4, 0x0084, 0x0084, 0x08E5, 0x1126,
  0x1967, 0x29A8, 0x29A7, 0x2187, 0x2187, 0x2167, 0x2167, 0x21A7, 0x1947, 0x0064, 0x0044, 0x0044,
  0x0043, 0x0043, 0x0044, 0x0044, 0x0084, 0x08E5, 0x1126, 0x1126, 0x00A5, 0x0044, 0x0044, 0x0044,
  0x0044, 0x0064, 0x0064, 0x0065, 0x0044, 0x0044, 0x0044, 0x0044, 0x0024, 0x0002, 0x0000, 0x0000,
  0x0000, 0x0000, 0x0000, 0x0000, 0x0000, 0x0000, 0x0023, 0x0044, 0x0045, 0x0065, 0x0065, 0x0065,
  0x0065, 0x0065, 0x0085, 0x0085, 0x0065, 0x0085, 0x0085, 0x0085, 0x0065, 0x0065, 0x0065, 0x0064,
  0x0064, 0x0064, 0x0064, 0x0064, 0x0064, 0x0064, 0x0064, 0x0064, 0x0064, 0x0064, 0x0064, 0x0064,
  0x0064, 0x0043, 0x0022, 0x0085, 0x216B, 0x4291, 0x7456, 0x3310, 0x3311, 0x8D58, 0xAE3B, 0xB67C,
  0xCEFE, 0xCEFE, 0xB67D, 0xB65C, 0xC6BD, 0x6C13, 0x21AC, 0x849E, 0x73F8, 0x451D, 0x11CA, 0x0000,
  0x1B10, 0x23B5, 0x0085, 0x00C6, 0x0064, 0x0064, 0x0064, 0x0064, 0x0064, 0x0064, 0x0064, 0x0064,
  0x0064, 0x0064, 0x0064, 0x0064, 0x0064, 0x0064, 0x0085, 0x0064, 0x0064, 0x0064, 0x0064, 0x0064,
  0x0064, 0x0064, 0x0064, 0x0064, 0x0064, 0x0064, 0x0084, 0x0084, 0x0085, 0x0085, 0x0085, 0x0084,
  0x0085, 0x0085, 0x0085, 0x0085, 0x0085, 0x0085, 0x0085, 0x0085, 0x0085, 0x0085, 0x0085, 0x0085,
  0x0085, 0x0085, 0x0085, 0x0085, 0x0085, 0x0085, 0x0085, 0x0085, 0x0085, 0x0085, 0x0085, 0x0085,
  0x0085, 0x0085, 0x0085, 0x0085, 0x0085, 0x0085, 0x0085, 0x0085, 0x0085, 0x0085, 0x0085, 0x0085,
  0x0085, 0x0085, 0x0085, 0x0085, 0x0085, 0x0065, 0x0065, 0x0065, 0x0065, 0x0065, 0x0065, 0x0065,
  0x0065, 0x0065, 0x0065, 0x0065, 0x0065, 0x0065, 0x0065, 0x0065, 0x0065, 0x0086, 0x0085, 0x0085,
  0x0085, 0x0085, 0x0085, 0x0065, 0x0065, 0x0065, 0x0065, 0x0065, 0x0065, 0x0065, 0x0065, 0x0065,
  0x0065, 0x0065, 0x0065, 0x0065, 0x0065, 0x0065, 0x0065, 0x0065, 0x0065, 0x0085, 0x00A5, 0x00A5,
  0x00A5, 0x00C5, 0x00C5, 0x00C5, 0x00C5, 0x08E5, 0x08E5, 0x08E5, 0x08C5, 0x08C5, 0x08C5, 0x08E5,
  0x08C5, 0x08C5, 0x08C5, 0x08C5, 0x08C5, 0x00C5, 0x00A4, 0x00A4, 0x00A4, 0x1126, 0x2187, 0x2187,
  0x29A8, 0x21A7, 0x2187, 0x21A7, 0x2187, 0x2187, 0x2187, 0x2187, 0x2187, 0x1127, 0x0085, 0x0023,
  0x0043, 0x0023, 0x0044, 0x00A5, 0x1946, 0x2167, 0x2167, 0x2188, 0x1968, 0x0907, 0x00A5, 0x0044,
  0x0044, 0x0044, 0x0064, 0x0044, 0x0044, 0x0044, 0x0044, 0x0044, 0x0044, 0x0023, 0x0000, 0x0000,
  0x0000, 0x0000, 0x0000, 0x0000, 0x0000, 0x0001, 0x0024, 0x0044, 0x0065, 0x0065, 0x0065, 0x0065,
  0x0065, 0x0065, 0x0065, 0x0085, 0x0085, 0x0085, 0x0065, 0x0065, 0x0065, 0x0065, 0x0065, 0x0064,
  0x0064, 0x0064, 0x0064, 0x0064, 0x0065, 0x0064, 0x0064, 0x0064, 0x0064, 0x0064, 0x0064, 0x0064,
  0x0064, 0x08A6, 0x21AD, 0x42B5, 0x4AF5, 0x52F5, 0x6415, 0x3B31, 0x3311, 0x8D59, 0xAE3B, 0xB67C,
  0xC6DD, 0xC6DE, 0xBE9D, 0xBE7C, 0xC6DD, 0x6C13, 0x1107, 0x7459, 0x8CBB, 0x5DBF, 0x1AAF, 0x0000,
  0x23D5, 0x12D1, 0x0023, 0x00A5, 0x0064, 0x0064, 0x0064, 0x0064, 0x0064, 0x0064, 0x0064, 0x0064,
  0x0064, 0x0064, 0x0064, 0x0064, 0x0064, 0x0064, 0x0064, 0x0064, 0x0064, 0x0064, 0x0064, 0x0064,
  0x0064, 0x0064, 0x0064, 0x0064, 0x0064, 0x0084, 0x0084, 0x0085, 0x0085, 0x0085, 0x0085, 0x0085,
  0x0085, 0x0085, 0x0085, 0x0085, 0x0085, 0x0085, 0x0085, 0x0085, 0x0085, 0x0085, 0x0085, 0x0085,
  0x0085, 0x0085, 0x0085, 0x0085, 0x0085, 0x0085, 0x0085, 0x0085, 0x0085, 0x0085, 0x0085, 0x0085,
  0x0085, 0x0085, 0x0085, 0x0085, 0x0085, 0x0085, 0x0085, 0x0085, 0x0085, 0x0085, 0x0085, 0x0085,
  0x0085, 0x0085, 0x0085, 0x0086, 0x0085, 0x0065, 0x0065, 0x0065, 0x0065, 0x0065, 0x0065, 0x0065,
  0x0065, 0x0086, 0x0086, 0x0086, 0x0086, 0x0086, 0x0086, 0x0086, 0x0086, 0x0086, 0x0085, 0x0086,
  0x0085, 0x0086, 0x0086, 0x0085, 0x0065, 0x0065, 0x0065, 0x0065, 0x0065, 0x0065, 0x0065, 0x0065,
  0x0065, 0x0065, 0x0065, 0x0065, 0x0065, 0x0085, 0x0085, 0x0065, 0x0085, 0x0085, 0x0085, 0x0085,
  0x0085, 0x00A5, 0x00A5, 0x00A5, 0x00C5, 0x00C5, 0x00C5, 0x00C5, 0x00C5, 0x08C5, 0x08E5, 0x08C5,
  0x00C5, 0x00C5, 0x08C5, 0x00C5, 0x00C5, 0x00C5, 0x08C5, 0x00A4, 0x00C5, 0x1967, 0x1967, 0x1967,
  0x2187, 0x29A7, 0x29A7, 0x29A7, 0x29A7, 0x2187, 0x2187, 0x1967, 0x1967, 0x1967, 0x1127, 0x08E6,
  0x08E6, 0x00A5, 0x1106, 0x1967, 0x2167, 0x1967, 0x1967, 0x1967, 0x1968, 0x1967, 0x1167, 0x0085,
  0x0044, 0x0044, 0x0044, 0x0044, 0x0044, 0x0045, 0x0065, 0x0044, 0x0044, 0x0024, 0x0002, 0x0000,
  0x0000, 0x0000, 0x0000, 0x0000, 0x0001, 0x0023, 0x0044, 0x0045, 0x0045, 0x0065, 0x0065, 0x0065,
  0x0065, 0x0065, 0x0065, 0x0065, 0x0065, 0x0065, 0x0065, 0x0065, 0x0065, 0x0065, 0x0064, 0x0065,
  0x0906, 0x1127, 0x00C6, 0x0044, 0x0065, 0x0065, 0x0064, 0x0064, 0x0064, 0x0064, 0x0064, 0x0064,
  0x08C7, 0x194B, 0x194A, 0x0885, 0x29CE, 0x3A73, 0x5394, 0x4392, 0x3B72, 0x8D59, 0xA61B, 0xAE3C,
  0xBE9C, 0xC6DD, 0xBE9D, 0xB65C, 0xC6DD, 0x7C76, 0x2A10, 0x8CDB, 0x94DB, 0x759F, 0x2394, 0x0000,
  0x2C58, 0x120D, 0x0003, 0x0085, 0x0064, 0x0064, 0x0065, 0x0064, 0x0064, 0x0064, 0x0064, 0x0064,
  0x0064, 0x0064, 0x0064, 0x0064, 0x0064, 0x0064, 0x0064, 0x0064, 0x0064, 0x0064, 0x0064, 0x0064,
  0x0064, 0x0085, 0x0065, 0x0065, 0x0085, 0x0084, 0x0085, 0x0085, 0x0085, 0x0085, 0x0085, 0x0085,
  0x0085, 0x0085, 0x0085, 0x0085, 0x0085, 0x0085, 0x0085, 0x0085, 0x0085, 0x0085, 0x0085, 0x0085,
  0x0085, 0x0085, 0x0085, 0x0085, 0x00A5, 0x00A5, 0x00A5, 0x0085, 0x0085, 0x0085, 0x0085, 0x0085,
  0x0085, 0x0085, 0x0085, 0x0085, 0x0085, 0x0085, 0x0085, 0x0085, 0x0065, 0x0065, 0x0065, 0x0065,
  0x0065, 0x0065, 0x0065, 0x0086, 0x0086, 0x0066, 0x0065, 0x0066, 0x0066, 0x0066, 0x0066, 0x0066,
  0x0066, 0x0066, 0x0066, 0x0045, 0x0045, 0x0065, 0x0045, 0x0045, 0x0065, 0x0066, 0x0065, 0x0045,
  0x0065, 0x0066, 0x0066, 0x0065, 0x0065, 0x0066, 0x0086, 0x0086, 0x0086, 0x0086, 0x0086, 0x0086,
  0x0085, 0x0085, 0x0085, 0x0085, 0x0065, 0x0065, 0x0065, 0x0085, 0x0085, 0x0085, 0x0085, 0x0085,
  0x0085, 0x00A5, 0x00A5, 0x00A5, 0x00A5, 0x00C5, 0x00C5, 0x00C5, 0x00C5, 0x00C5, 0x00C5, 0x00A5,
  0x00A5, 0x00A5, 0x00A5, 0x00A4, 0x0084, 0x00C5, 0x1967, 0x1126, 0x1967, 0x2187, 0x2187, 0x29A7,
  0x29A7, 0x29A7, 0x29A7, 0x29A8, 0x29A7, 0x29A7, 0x29A7, 0x21A7, 0x2187, 0x1967, 0x1127, 0x1147,
  0x1967, 0x2187, 0x2167, 0x2167, 0x1967, 0x2187, 0x1967, 0x1967, 0x1967, 0x1967, 0x1967, 0x0927,
  0x00A5, 0x0065, 0x0085, 0x0044, 0x0044, 0x0065, 0x0065, 0x0045, 0x0044, 0x0044, 0x0024, 0x0023,
  0x0001, 0x0000, 0x0001, 0x0002, 0x0023, 0x0044, 0x0045, 0x0045, 0x0065, 0x0065, 0x0065, 0x0065,
  0x0065, 0x0065, 0x0065, 0x0065, 0x0065, 0x0065, 0x0065, 0x0065, 0x0065, 0x0064, 0x0085, 0x1127,
  0x21A8, 0x21A8, 0x2187, 0x08E6, 0x0065, 0x0064, 0x0065, 0x0064, 0x0064, 0x0064, 0x0064, 0x0064,
  0x0065, 0x0044, 0x0001, 0x10E9, 0x5B59, 0x3A53, 0x5376, 0x43B3, 0x4372, 0x8D79, 0xA61B, 0xAE5C,
  0xBE9C, 0xD71E, 0xBE9D, 0xB65C, 0xBE7C, 0x955B, 0x5B59, 0x9D5C, 0xBDDC, 0x755D, 0x2437, 0x0000,
  0x2C7A, 0x096A, 0x0023, 0x0085, 0x0084, 0x0085, 0x0085, 0x0085, 0x0064, 0x0064, 0x0064, 0x0064,
  0x0064, 0x0064, 0x0064, 0x0064, 0x0044, 0x0064, 0x0084, 0x0085, 0x1106, 0x2187, 0x1967, 0x08C6,
  0x00A5, 0x0065, 0x0064, 0x0065, 0x0065, 0x0085, 0x0085, 0x0085, 0x0085, 0x0085, 0x0085, 0x0085,
  0x0085, 0x0085, 0x0085, 0x0085, 0x0085, 0x0085, 0x0085, 0x0085, 0x0085, 0x0085, 0x0065, 0x0065,
  0x0085, 0x0085, 0x0085, 0x0085, 0x0085, 0x0085, 0x0085, 0x0085, 0x00A5, 0x00A5, 0x0085, 0x0085,
  0x0086, 0x0086, 0x0086, 0x00A6, 0x0086, 0x0086, 0x0066, 0x0066, 0x0086, 0x0086, 0x0086, 0x0065,
  0x0045, 0x0045, 0x0065, 0x0066, 0x0065, 0x0045, 0x0024, 0x0044, 0x0024, 0x0024, 0x0024, 0x0023,
  0x0024, 0x0024, 0x0024, 0x0024, 0x0045, 0x0045, 0x0045, 0x0045, 0x0066, 0x0086, 0x0087, 0x00A7,
  0x00C7, 0x00C7, 0x00A6, 0x00A6, 0x00A6, 0x00C6, 0x00C7, 0x00C6, 0x00C6, 0x00C7, 0x00C6, 0x00C6,
  0x00A6, 0x00A6, 0x00A6, 0x00A6, 0x0086, 0x0085, 0x00A5, 0x00A6, 0x00A6, 0x00A6, 0x00A6, 0x00A6,
  0x00A5, 0x00A5, 0x00A5, 0x00A5, 0x00A5, 0x00C5, 0x00C5, 0x00A5, 0x00A5, 0x00A5, 0x00A5, 0x00A5,
  0x0084, 0x0084, 0x0084, 0x00C5, 0x00A5, 0x1106, 0x2187, 0x2167, 0x2187, 0x21A8, 0x29C8, 0x31C8,
  0x29C8, 0x29A8, 0x31C8, 0x29C8, 0x29A8, 0x29A7, 0x29A7, 0x29A7, 0x2187, 0x2167, 0x1947, 0x1947,
  0x2187, 0x2187, 0x2167, 0x1967, 0x1967, 0x2187, 0x1967, 0x1967, 0x1967, 0x1147, 0x1167, 0x1147,
  0x1147, 0x0927, 0x0927, 0x0086, 0x0065, 0x0045, 0x0044, 0x0044, 0x0045, 0x0045, 0x0044, 0x0024,
  0x0023, 0x0023, 0x0023, 0x0024, 0x0024, 0x0044, 0x0045, 0x0065, 0x0065, 0x0065, 0x0065, 0x0065,
  0x0065, 0x0065, 0x0065, 0x0044, 0x0064, 0x0064, 0x0065, 0x0064, 0x0064, 0x0085, 0x1147, 0x21A8,
  0x21A8, 0x21A8, 0x21A8, 0x21A8, 0x08E6, 0x0044, 0x0064, 0x0064, 0x0064, 0x0064, 0x0064, 0x0064,
  0x0064, 0x0044, 0x0065, 0x4AF7, 0x3A52, 0x21AF, 0x220D, 0x43B3, 0x3310, 0x8538, 0xAE3C, 0xAE5C,
  0xBEBD, 0xCF1E, 0xBE9D, 0xB65C, 0xB65C, 0x953A, 0x5B76, 0x9519, 0xC63C, 0x8D7D, 0x2C9B, 0x0041,
  0x2CBC, 0x00E7, 0x0043, 0x0085, 0x0085, 0x0085, 0x00A5, 0x00A5, 0x0085, 0x0064, 0x0064, 0x0064,
  0x0064, 0x0064, 0x0064, 0x00A5, 0x08C5, 0x00A5, 0x2167, 0x21A7, 0x39E8, 0x3A08, 0x3A08, 0x29C8,
  0x21A8, 0x00C6, 0x0085, 0x0065, 0x0065, 0x0065, 0x0065, 0x0085, 0x0085, 0x0085, 0x0085, 0x0085,
  0x0085, 0x0085, 0x0085, 0x0085, 0x0085, 0x0085, 0x0085, 0x0085, 0x0085, 0x0065, 0x0085, 0x0065,
  0x0085, 0x0085, 0x0085, 0x0065, 0x0085, 0x0085, 0x0086, 0x0086, 0x00A6, 0x00A6, 0x0086, 0x0086,
  0x0086, 0x00A6, 0x00A7, 0x00A7, 0x00A7, 0x00A6, 0x0086, 0x0086, 0x0086, 0x0086, 0x0066, 0x0066,
  0x0065, 0x0065, 0x0086, 0x0066, 0x0066, 0x0066, 0x0066, 0x0045, 0x0045, 0x0045, 0x0045, 0x0045,
  0x0044, 0x0045, 0x0045, 0x0045, 0x0045, 0x0045, 0x0066, 0x0045, 0x0066, 0x0066, 0x0086, 0x0086,
  0x0086, 0x00A7, 0x00C7, 0x00C7, 0x00C7, 0x00C7, 0x00C7, 0x00C7, 0x00C6, 0x00C6, 0x00C6, 0x00A6,
  0x00A6, 0x00A6, 0x00A6, 0x0086, 0x00A6, 0x00A6, 0x0085, 0x00A6, 0x00C6, 0x00C6, 0x00A6, 0x00A6,
  0x0085, 0x00A5, 0x00A5, 0x00A5, 0x00C5, 0x00C5, 0x00C5, 0x00A5, 0x00A5, 0x00A5, 0x0085, 0x0084,
  0x0084, 0x00A5, 0x1106, 0x1967, 0x1147, 0x2167, 0x2187, 0x1967, 0x2167, 0x29A8, 0x31C8, 0x31C8,
  0x29C8, 0x29C8, 0x31C8, 0x29C8, 0x29A7, 0x29A8, 0x29A7, 0x2167, 0x1126, 0x1126, 0x1967, 0x2187,
  0x2187, 0x2187, 0x2167, 0x1967, 0x1967, 0x1967, 0x1967, 0x1967, 0x1947, 0x1147, 0x1988, 0x1147,
  0x0907, 0x1127, 0x0927, 0x0927, 0x0907, 0x00A6, 0x0086, 0x0065, 0x0044, 0x0044, 0x0044, 0x0024,
  0x0024, 0x0024, 0x0024, 0x0044, 0x0044, 0x0044, 0x0045, 0x0065, 0x0065, 0x0065, 0x0065, 0x0065,
  0x0065, 0x00C6, 0x0907, 0x08E6, 0x0085, 0x0064, 0x0044, 0x0064, 0x00A5, 0x1967, 0x21A8, 0x2188,
  0x21A8, 0x21A8, 0x21A8, 0x21A7, 0x2187, 0x08E6, 0x0085, 0x0044, 0x0064, 0x0064, 0x0044, 0x0044,
  0x0064, 0x0023, 0x3211, 0x3232, 0x1108, 0x08C7, 0x1127, 0x3B52, 0x32CF, 0x8538, 0xA61B, 0xB65C,
  0xC6DD, 0xC6DD, 0xB69D, 0xB65C, 0xB67C, 0x955A, 0x951D, 0x7C55, 0x9519, 0xA5DE, 0x34FD, 0x08A3,
  0x2CBC, 0x00A6, 0x0065, 0x0065, 0x0064, 0x0064, 0x0084, 0x0085, 0x0085, 0x0085, 0x0064, 0x0064,
  0x0044, 0x0085, 0x0085, 0x2167, 0x29C7, 0x31C7, 0x3A08, 0x3A08, 0x39E8, 0x3A08, 0x31E8, 0x31E8,
  0x31E8, 0x29C8, 0x1988, 0x0086, 0x0065, 0x0064, 0x0065, 0x0065, 0x0085, 0x0085, 0x0085, 0x0085,
  0x0085, 0x0085, 0x0085, 0x00A5, 0x00A5, 0x0086, 0x00A6, 0x00A5, 0x0085, 0x0085, 0x0085, 0x0085,
  0x00A6, 0x00C6, 0x00A6, 0x00A6, 0x00C6, 0x00C6, 0x00C6, 0x00C6, 0x00C6, 0x00C6, 0x00C6, 0x00A6,
  0x0086, 0x0086, 0x00A6, 0x00A7, 0x00C7, 0x00C7, 0x0087, 0x00A7, 0x0086, 0x0066, 0x0066, 0x0066,
  0x0066, 0x0066, 0x0086, 0x0086, 0x0086, 0x0087, 0x0087, 0x0086, 0x0086, 0x0087, 0x0087, 0x0087,
  0x0087, 0x0087, 0x0087, 0x0087, 0x0087, 0x0087, 0x0086, 0x0086, 0x0086, 0x0086, 0x0066, 0x0066,
  0x0066, 0x0066, 0x0086, 0x0086, 0x0086, 0x0086, 0x0086, 0x0086, 0x00A6, 0x0086, 0x0086, 0x0086,
  0x0086, 0x0086, 0x0085, 0x0085, 0x0085, 0x0085, 0x00C6, 0x0906, 0x1126, 0x1126, 0x1126, 0x0906,
  0x00C6, 0x0085, 0x0085, 0x0085, 0x00A5, 0x00A5, 0x00A5, 0x00A5, 0x0085, 0x0084, 0x0084, 0x0064,
  0x0064, 0x08E6, 0x1967, 0x29A8, 0x29C8, 0x29C8, 0x29C8, 0x29C8, 0x29A8, 0x29C8, 0x31C8, 0x29C8,
  0x29C8, 0x29C8, 0x29C8, 0x29A7, 0x2187, 0x2167, 0x2167, 0x1126, 0x1126, 0x1947, 0x2167, 0x2187,
  0x2167, 0x2187, 0x1967, 0x1947, 0x1946, 0x1947, 0x1947, 0x1947, 0x1147, 0x1147, 0x1127, 0x0906,
  0x00E6, 0x0927, 0x1147, 0x1147, 0x1968, 0x1148, 0x0948, 0x00E7, 0x00C7, 0x00A6, 0x0024, 0x0024,
  0x0024, 0x0024, 0x0044, 0x0044, 0x0044, 0x0044, 0x0044, 0x0065, 0x0065, 0x0044, 0x0044, 0x0065,
  0x0906, 0x1967, 0x1967, 0x1988, 0x1147, 0x0906, 0x08C6, 0x1106, 0x1967, 0x2187, 0x2187, 0x2188,
  0x21A8, 0x21A8, 0x21A8, 0x21A7, 0x2187, 0x2187, 0x1967, 0x08E6, 0x0064, 0x0044, 0x0085, 0x08C5,
  0x08C4, 0x1949, 0x3210, 0x00A5, 0x00C6, 0x0023, 0x1969, 0x3B31, 0x32EF, 0x8D58, 0xA61B, 0xB67C,
  0xC6BD, 0xBEBD, 0xB65C, 0xAE3B, 0xB65C, 0xB61C, 0xB5BD, 0x8498, 0x849A, 0xA59D, 0x455E, 0x0906,
  0x2C7A, 0x00C6, 0x00A5, 0x00A5, 0x0085, 0x0064, 0x0064, 0x0064, 0x0064, 0x0064, 0x0064, 0x0064,
  0x1106, 0x29A7, 0x2187, 0x39E8, 0x4208, 0x4208, 0x3A08, 0x3A08, 0x3A08, 0x3A08, 0x3A08, 0x3A08,
  0x31E8, 0x3A09, 0x3A09, 0x29C9, 0x1147, 0x0085, 0x00A5, 0x0065, 0x0065, 0x0085, 0x0085, 0x0085,
  0x0085, 0x0085, 0x0085, 0x0085, 0x0085, 0x00C6, 0x0906, 0x08E6, 0x00C6, 0x0085, 0x0085, 0x0086,
  0x0086, 0x0086, 0x00A6, 0x00A6, 0x00A6, 0x00C6, 0x00C6, 0x00C6, 0x00C6, 0x00C6, 0x00C6, 0x00C6,
  0x00C6, 0x00C7, 0x00A6, 0x0086, 0x0086, 0x0086, 0x0086, 0x0086, 0x00A7, 0x00A7, 0x00A7, 0x00A7,
  0x0087, 0x0086, 0x0066, 0x0066, 0x0066, 0x0066, 0x0045, 0x0066, 0x0066, 0x0065, 0x0066, 0x0066,
  0x0066, 0x0066, 0x0066, 0x0087, 0x0086, 0x0087, 0x00A7, 0x0087, 0x00A7, 0x00A7, 0x00A7, 0x00A7,
  0x00A7, 0x00A6, 0x0086, 0x0086, 0x0086, 0x0066, 0x0066, 0x0066, 0x0066, 0x0066, 0x0065, 0x0065,
  0x0086, 0x0086, 0x0086, 0x0086, 0x0085, 0x00E6, 0x1126, 0x1126, 0x1126, 0x1126, 0x1126, 0x1126,
  0x0926, 0x00C6, 0x0085, 0x0085, 0x00C5, 0x08E6, 0x08E5, 0x00C5, 0x00A5, 0x0084, 0x0064, 0x0084,
  0x00A5, 0x1147, 0x2187, 0x29C8, 0x29C8, 0x29C8, 0x29C8, 0x31C8, 0x31C8, 0x31C8, 0x29C8, 0x29A8,
  0x29A8, 0x29C8, 0x29A8, 0x2187, 0x2167, 0x1967, 0x1946, 0x1946, 0x1947, 0x1947, 0x1967, 0x2167,
  0x1967, 0x1946, 0x1946, 0x1126, 0x1126, 0x1946, 0x1106, 0x0906, 0x1106, 0x1106, 0x1126, 0x0906,
  0x1127, 0x1147, 0x1147, 0x1127, 0x1127, 0x0927, 0x0927, 0x0927, 0x0928, 0x0928, 0x00C7, 0x0065,
  0x0024, 0x0024, 0x0044, 0x0044, 0x0044, 0x0044, 0x0065, 0x00C6, 0x08E6, 0x00C6, 0x00A6, 0x0907,
  0x1147, 0x1147, 0x1147, 0x1967, 0x1947, 0x1967, 0x1967, 0x1967, 0x1987, 0x1967, 0x1967, 0x2187,
  0x2187, 0x2188, 0x2187, 0x1967, 0x1967, 0x1947, 0x1967, 0x2187, 0x1106, 0x08C5, 0x0906, 0x1105,
  0x1106, 0x196A, 0x1106, 0x1105, 0x1106, 0x10E6, 0x324F, 0x4B92, 0x3B31, 0x9599, 0xA61B, 0xB65C,
  0xBE9D, 0xBEBD, 0xAE5C, 0xAE3B, 0xBE9C, 0xB63C, 0xA55B, 0x8CDA, 0x743A, 0x9D3C, 0x5DDF, 0x0989,
  0x2C38, 0x0906, 0x00A5, 0x00A5, 0x00A5, 0x0085, 0x0064, 0x0044, 0x0044, 0x00A5, 0x1105, 0x1966,
  0x39E8, 0x3A08, 0x4208, 0x4208, 0x4208, 0x4208, 0x4208, 0x4228, 0x4228, 0x4208, 0x3A28, 0x3A09,
  0x3209, 0x31E8, 0x3A09, 0x3A09, 0x3208, 0x29C8, 0x1988, 0x00A6, 0x00A5, 0x0085, 0x0085, 0x0085,
  0x0085, 0x0085, 0x0085, 0x0085, 0x00C5, 0x1106, 0x0906, 0x1106, 0x0906, 0x00C6, 0x0085, 0x0065,
  0x0065, 0x0065, 0x0085, 0x0085, 0x0086, 0x0086, 0x0086, 0x0086, 0x0086, 0x0086, 0x0086, 0x00A6,
  0x00A6, 0x00C7, 0x00C7, 0x00A6, 0x00A6, 0x00C7, 0x00C7, 0x00C7, 0x00C7, 0x00C7, 0x00A7, 0x0087,
  0x00A7, 0x0086, 0x0066, 0x0066, 0x0066, 0x0045, 0x0044, 0x0045, 0x0045, 0x0024, 0x0024, 0x0025,
  0x0025, 0x0045, 0x0045, 0x0045, 0x0046, 0x0046, 0x0066, 0x0066, 0x0066, 0x0066, 0x0066, 0x0066,
  0x0086, 0x0066, 0x0086, 0x0086, 0x0086, 0x0086, 0x0086, 0x0086, 0x0086, 0x0086, 0x0086, 0x0086,
  0x0086, 0x00E6, 0x00C6, 0x00A6, 0x08E6, 0x1126, 0x1126, 0x1126, 0x1126, 0x1126, 0x1126, 0x1106,
  0x0906, 0x0906, 0x00E6, 0x00E6, 0x08E6, 0x08E5, 0x08C5, 0x00C5, 0x00C5, 0x00A5, 0x00A5, 0x1126,
  0x1967, 0x2187, 0x29A8, 0x29A8, 0x29C8, 0x29A7, 0x21A7, 0x29A8, 0x29A7, 0x29A7, 0x29A8, 0x29A7,
  0x2187, 0x2167, 0x2167, 0x1967, 0x1967, 0x2187, 0x2187, 0x2167, 0x1946, 0x1946, 0x1946, 0x2167,
  0x2167, 0x1926, 0x1106, 0x1106, 0x1926, 0x1126, 0x08E5, 0x08E5, 0x0906, 0x08E5, 0x08E5, 0x00C5,
  0x08E5, 0x0906, 0x08E5, 0x0906, 0x0927, 0x0927, 0x0907, 0x00E6, 0x00C6, 0x0107, 0x0928, 0x0108,
  0x0086, 0x0044, 0x0024, 0x0024, 0x0065, 0x00A6, 0x00E6, 0x0906, 0x0907, 0x0907, 0x0907, 0x1127,
  0x1127, 0x1127, 0x1147, 0x1147, 0x1147, 0x1147, 0x1147, 0x1967, 0x21E9, 0x1967, 0x1947, 0x1967,
  0x1967, 0x1987, 0x1967, 0x1947, 0x1947, 0x1947, 0x1947, 0x1947, 0x1967, 0x1946, 0x1126, 0x08E5,
  0x08E5, 0x08C5, 0x08E5, 0x10E5, 0x10E5, 0x216A, 0x21CC, 0x4B92, 0x3B31, 0x9DBA, 0xAE5C, 0xA5FB,
  0xAE5C, 0xBEBD, 0xAE5C, 0xAE3B, 0xC6BD, 0xBE5C, 0x9D3A, 0x8CD8, 0x3AF5, 0x849B, 0x6E1F, 0x120C,
  0x33F7, 0x1946, 0x0906, 0x00A5, 0x00A5, 0x1946, 0x2166, 0x08E5, 0x1106, 0x29A7, 0x39E7, 0x39E7,
  0x39E7, 0x3A08, 0x4208, 0x4208, 0x4228, 0x4228, 0x4228, 0x4208, 0x4228, 0x4228, 0x4229, 0x3A29,
  0x3A09, 0x29E9, 0x3209, 0x31E9, 0x3209, 0x3A29, 0x3209, 0x29C8, 0x1988, 0x0085, 0x0065, 0x0065,
  0x0085, 0x00A5, 0x08E5, 0x08E5, 0x0905, 0x0905, 0x0905, 0x08E5, 0x08E5, 0x1146, 0x1127, 0x0906,
  0x00C6, 0x0085, 0x0065, 0x0085, 0x0085, 0x0085, 0x0086, 0x0086, 0x00A6, 0x0086, 0x00A6, 0x0086,
  0x00A6, 0x0086, 0x0086, 0x0086, 0x0086, 0x0086, 0x0087, 0x0086, 0x0086, 0x0086, 0x0086, 0x0087,
  0x00A7, 0x00A7, 0x00A7, 0x00A7, 0x0087, 0x0066, 0x0045, 0x0045, 0x0045, 0x0045, 0x0024, 0x0023,
  0x0023, 0x0024, 0x0024, 0x0024, 0x0045, 0x0066, 0x0067, 0x0087, 0x0087, 0x0087, 0x00A7, 0x00A7,
  0x0087, 0x00A7, 0x00C7, 0x00C7, 0x00C7, 0x00C7, 0x00C7, 0x00C6, 0x00C6, 0x00C6, 0x00C6, 0x00C6,
  0x08E7, 0x1147, 0x0926, 0x0906, 0x1126, 0x1126, 0x1126, 0x1126, 0x1126, 0x1126, 0x1126, 0x1106,
  0x0906, 0x08E6, 0x00E6, 0x00C5, 0x00C5, 0x00C5, 0x00A5, 0x00A4, 0x00A5, 0x08E5, 0x1126, 0x1967,
  0x2187, 0x29A7, 0x29A8, 0x29A7, 0x29C8, 0x29A8, 0x21A7, 0x2187, 0x2187, 0x2187, 0x2187, 0x2187,
  0x2187, 0x1946, 0x1946, 0x1967, 0x1967, 0x1967, 0x1947, 0x1126, 0x1126, 0x1946, 0x1947, 0x1947,
  0x1946, 0x1946, 0x1105, 0x08C5, 0x08E5, 0x1106, 0x1106, 0x08A4, 0x0906, 0x21C9, 0x220B, 0x328D,
  0x3AEE, 0x2A4C, 0x1989, 0x00E6, 0x00A5, 0x0906, 0x0906, 0x0906, 0x0907, 0x0107, 0x00E7, 0x00E7,
  0x00C7, 0x0086, 0x00A6, 0x0085, 0x00A6, 0x00C6, 0x00E6, 0x00E6, 0x00E6, 0x00E6, 0x0906, 0x0906,
  0x0926, 0x1126, 0x1127, 0x1147, 0x1147, 0x1147, 0x1126, 0x1147, 0x3A6C, 0x1947, 0x1126, 0x1146,
  0x1146, 0x1146, 0x1146, 0x1146, 0x1947, 0x1947, 0x1946, 0x1926, 0x1126, 0x1946, 0x1946, 0x1106,
  0x08C5, 0x08C5, 0x08C5, 0x08C5, 0x08C5, 0x1928, 0x1988, 0x4392, 0x4B92, 0x9599, 0xA61B, 0x9DDA,
  0xAE3C, 0xBEBD, 0xB65C, 0xBE9C, 0xC6BD, 0xBE5C, 0xA55A, 0x94F9, 0x3B16, 0x7419, 0x5D9F, 0x1AB0,
  0x2B94, 0x1105, 0x0906, 0x0906, 0x2166, 0x31C7, 0x31C7, 0x31C7, 0x31C7, 0x39C7, 0x39E7, 0x39E7,
  0x3A08, 0x4208, 0x4208, 0x4208, 0x4208, 0x4228, 0x4208, 0x4208, 0x4229, 0x4229, 0x4229, 0x4229,
  0x3A29, 0x3A09, 0x3209, 0x3209, 0x3209, 0x3209, 0x3A29, 0x3A29, 0x3209, 0x21C9, 0x1988, 0x08E6,
  0x08C5, 0x08E5, 0x0905, 0x08E5, 0x08E5, 0x08E5, 0x08E5, 0x1126, 0x2187, 0x29A7, 0x29A7, 0x21A7,
  0x21A8, 0x0927, 0x0085, 0x0065, 0x0085, 0x0085, 0x0085, 0x0086, 0x0086, 0x0086, 0x0086, 0x0086,
  0x0086, 0x0086, 0x0066, 0x0066, 0x0066, 0x0066, 0x0066, 0x0086, 0x0086, 0x0087, 0x00A7, 0x00A7,
  0x00A7, 0x00A7, 0x00A7, 0x0087, 0x0087, 0x0087, 0x0067, 0x0066, 0x0066, 0x0046, 0x0022, 0x0000,
  0x0000, 0x0002, 0x0025, 0x0046, 0x0066, 0x0067, 0x00A7, 0x00A7, 0x0087, 0x00C8, 0x00E8, 0x00E8,
  0x00C7, 0x00C7, 0x00C7, 0x00C7, 0x00C7, 0x00C7, 0x00C7, 0x00C6, 0x00C6, 0x00A6, 0x00A6, 0x00E6,
  0x1127, 0x1126, 0x1126, 0x1126, 0x1126, 0x1126, 0x1126, 0x1126, 0x1126, 0x1126, 0x1106, 0x0906,
  0x08E6, 0x08E5, 0x08E5, 0x00C5, 0x00A5, 0x00A5, 0x00A5, 0x00A5, 0x08E6, 0x1126, 0x1147, 0x1947,
  0x1967, 0x2187, 0x29A8, 0x29A7, 0x29A7, 0x21A7, 0x21A7, 0x2187, 0x2187, 0x1947, 0x1947, 0x1967,
  0x2187, 0x2167, 0x1967, 0x2167, 0x1946, 0x1106, 0x00C5, 0x0906, 0x1967, 0x2187, 0x2167, 0x1126,
  0x0906, 0x1105, 0x10E5, 0x08C5, 0x00A4, 0x0063, 0x08C5, 0x3A6C, 0x6C54, 0x84F7, 0x84F6, 0x9DB9,
  0xA5D9, 0x9599, 0x9579, 0x84F6, 0x430F, 0x00E6, 0x00C5, 0x0907, 0x0927, 0x0907, 0x00E6, 0x00E6,
  0x00C6, 0x00A6, 0x00E7, 0x0107, 0x00C6, 0x00C6, 0x00C6, 0x00E6, 0x00E6, 0x0906, 0x0906, 0x0906,
  0x0906, 0x0926, 0x0926, 0x1126, 0x1126, 0x1126, 0x0906, 0x1126, 0x42CD, 0x1967, 0x1126, 0x0906,
  0x0906, 0x0906, 0x1126, 0x1126, 0x1126, 0x1126, 0x1926, 0x1946, 0x1946, 0x1926, 0x1926, 0x1926,
  0x1106, 0x10E5, 0x08C5, 0x08A4, 0x08A4, 0x00A3, 0x1168, 0x3B51, 0x4BD3, 0x95BA, 0x9E1B, 0x95BA,
  0xAE3B, 0xBEBD, 0xB67C, 0xBE9C, 0xC6DD, 0xB61C, 0x7C37, 0x8478, 0x743A, 0x8C9A, 0x5D7F, 0x2353,
  0x2B73, 0x1105, 0x1946, 0x2986, 0x31A6, 0x3186, 0x31A7, 0x31C7, 0x39E8, 0x3A08, 0x3A08, 0x3A08,
  0x3A08, 0x3A08, 0x4208, 0x4228, 0x4228, 0x4208, 0x3A28, 0x4228, 0x4229, 0x4229, 0x4229, 0x4229,
  0x4249, 0x4229, 0x3A29, 0x31E9, 0x3A09, 0x3209, 0x3A29, 0x3A29, 0x3A29, 0x3A29, 0x3229, 0x29C8,
  0x21A8, 0x0905, 0x08E5, 0x08E5, 0x0905, 0x1126, 0x1946, 0x21A7, 0x29A7, 0x29A7, 0x21A7, 0x21A7,
  0x2187, 0x1987, 0x1147, 0x00C6, 0x00A6, 0x0086, 0x0065, 0x0085, 0x0086, 0x0086, 0x0086, 0x0086,
  0x0086, 0x0086, 0x0086, 0x0086, 0x0086, 0x0086, 0x0086, 0x0086, 0x0066, 0x0066, 0x0066, 0x0066,
  0x0066, 0x0066, 0x0066, 0x0066, 0x0046, 0x0045, 0x0046, 0x0045, 0x0025, 0x0001, 0x0000, 0x0000,
  0x0000, 0x0000, 0x0001, 0x0045, 0x0046, 0x0066, 0x0045, 0x0045, 0x0046, 0x0066, 0x0066, 0x0066,
  0x0086, 0x0087, 0x00A7, 0x00A7, 0x00A7, 0x00A7, 0x00A6, 0x00A6, 0x0086, 0x0086, 0x00C6, 0x0906,
  0x0906, 0x0926, 0x1126, 0x1126, 0x1126, 0x1126, 0x1126, 0x1106, 0x0906, 0x0906, 0x0905, 0x08E5,
  0x08C5, 0x00C5, 0x00C5, 0x00C5, 0x00A5, 0x00A5, 0x00C5, 0x1106, 0x1126, 0x1126, 0x1146, 0x1146,
  0x1967, 0x2167, 0x2167, 0x1967, 0x2167, 0x1967, 0x2167, 0x1967, 0x1947, 0x1126, 0x1106, 0x1126,
  0x1947, 0x1947, 0x1146, 0x1126, 0x1106, 0x08E5, 0x0906, 0x1967, 0x2167, 0x2187, 0x2187, 0x2187,
  0x1106, 0x00C5, 0x08C5, 0x08C5, 0x0042, 0x1967, 0x6413, 0x9578, 0xA5D9, 0xAE1A, 0xB65B, 0xB65B,
  0xAE3B, 0xAE1A, 0xAE1A, 0xAE3B, 0xAE3B, 0x8517, 0x19AA, 0x00C5, 0x0927, 0x0906, 0x00E6, 0x00E6,
  0x00C6, 0x00A6, 0x00E7, 0x0927, 0x00E7, 0x00E6, 0x00E6, 0x00E6, 0x00E6, 0x0906, 0x0906, 0x0906,
  0x0906, 0x0906, 0x0906, 0x0906, 0x08E6, 0x0906, 0x0906, 0x1168, 0x5BB0, 0x1988, 0x08E5, 0x08E6,
  0x08E6, 0x08E5, 0x08E5, 0x0906, 0x0906, 0x1106, 0x1105, 0x1126, 0x1126, 0x1126, 0x1106, 0x1105,
  0x1105, 0x1105, 0x08C5, 0x08C5, 0x08A4, 0x1128, 0x220D, 0x3B31, 0x4372, 0x95BA, 0xA63C, 0x95BA,
  0xA61A, 0xC6BD, 0xBE7C, 0xB65C, 0xC6BD, 0xB63C, 0x7437, 0x5B75, 0x7419, 0x8C7A, 0x6D9F, 0x2395,
  0x3351, 0x2945, 0x2986, 0x2966, 0x2966, 0x31A7, 0x39E8, 0x424A, 0x426B, 0x426A, 0x4229, 0x39E8,
  0x39E8, 0x3A08, 0x3A08, 0x3A08, 0x4208, 0x4208, 0x4229, 0x4229, 0x4229, 0x4229, 0x4229, 0x4249,
  0x4249, 0x4229, 0x3A29, 0x3A09, 0x3209, 0x3209, 0x3209, 0x3A29, 0x3A29, 0x3A29, 0x3209, 0x3209,
  0x3209, 0x1988, 0x1946, 0x1946, 0x1966, 0x2187, 0x21A7, 0x29A7, 0x29A7, 0x29A7, 0x21A7, 0x21A7,
  0x2187, 0x1987, 0x1987, 0x1967, 0x1167, 0x08E6, 0x0086, 0x0085, 0x0085, 0x0085, 0x0086, 0x0086,
  0x0086, 0x0086, 0x0086, 0x0086, 0x0086, 0x0086, 0x0086, 0x0086, 0x0086, 0x0086, 0x0086, 0x0086,
  0x0086, 0x0086, 0x0086, 0x0066, 0x0066, 0x0066, 0x0046, 0x0046, 0x0023, 0x0000, 0x0000, 0x0000,
  0x0000, 0x0000, 0x0000, 0x0023, 0x0045, 0x0045, 0x0045, 0x0066, 0x0066, 0x0046, 0x0066, 0x0066,
  0x0066, 0x0086, 0x0086, 0x0086, 0x0086, 0x0086, 0x0066, 0x0086, 0x00C6, 0x00C6, 0x00E6, 0x00E6,
  0x08E6, 0x0906, 0x0906, 0x0906, 0x0906, 0x0906, 0x0906, 0x0906, 0x08E5, 0x08E5, 0x08E5, 0x08C5,
  0x00A4, 0x00A4, 0x00C5, 0x00C5, 0x08E5, 0x0906, 0x1106, 0x1126, 0x1127, 0x1146, 0x1126, 0x1126,
  0x1946, 0x1946, 0x1146, 0x1947, 0x1946, 0x1946, 0x1126, 0x1126, 0x1126, 0x1126, 0x1126, 0x0906,
  0x1106, 0x08E5, 0x08E5, 0x08E5, 0x08E5, 0x1106, 0x1126, 0x1946, 0x1947, 0x1946, 0x1946, 0x1946,
  0x1126, 0x08E5, 0x08C5, 0x0084, 0x322B, 0x7474, 0x7CB4, 0x9D78, 0xAE1A, 0xAE1B, 0xB63B, 0xB63B,
  0xB65B, 0xB65B, 0xB63B, 0xA5D9, 0x9D98, 0xA5FA, 0x9558, 0x1968, 0x00A5, 0x00C6, 0x00C6, 0x00E6,
  0x00E6, 0x00A6, 0x00E6, 0x0927, 0x0907, 0x00C6, 0x00E6, 0x0106, 0x0906, 0x0906, 0x0906, 0x0906,
  0x0906, 0x0906, 0x00C5, 0x00C5, 0x08E5, 0x08E5, 0x00C5, 0x2A2B, 0x7C73, 0x3A6B, 0x00A4, 0x08E5,
  0x08E5, 0x08E5, 0x08E5, 0x08E5, 0x1106, 0x08E5, 0x08E5, 0x08E5, 0x08E5, 0x08E5, 0x08E5, 0x08E5,
  0x1106, 0x10E5, 0x1948, 0x3A6F, 0x322D, 0x324F, 0x3291, 0x3B51, 0x3B31, 0x8559, 0xA63C, 0x9DDA,
  0xAE3B, 0xC6DD, 0xBE9D, 0xBE7C, 0xBE9C, 0xC69D, 0x951A, 0x63B4, 0x5BB8, 0xA51A, 0x965F, 0x23B6,
  0x2AEF, 0x2944, 0x2986, 0x2966, 0x31C7, 0x422A, 0x4AAC, 0x52EE, 0x52ED, 0x4AAB, 0x424A, 0x3A08,
  0x39C7, 0x39E7, 0x3A08, 0x3A08, 0x4228, 0x4228, 0x4228, 0x4229, 0x4249, 0x4229, 0x4229, 0x4249,
  0x4249, 0x4229, 0x3A29, 0x3A29, 0x3A29, 0x3209, 0x29E9, 0x29E9, 0x3209, 0x31E8, 0x31E9, 0x29E9,
  0x29E8, 0x29E8, 0x31E9, 0x21C8, 0x2187, 0x2166, 0x2186, 0x2187, 0x2187, 0x2187, 0x2187, 0x2187,
  0x2187, 0x2187, 0x1967, 0x1967, 0x1947, 0x1147, 0x0927, 0x0107, 0x00A6, 0x0085, 0x0065, 0x0065,
  0x0086, 0x0086, 0x0086, 0x0086, 0x0086, 0x0066, 0x0066, 0x0086, 0x0086, 0x0086, 0x0086, 0x0086,
  0x0086, 0x0087, 0x0086, 0x0087, 0x0087, 0x0066, 0x0066, 0x0046, 0x0023, 0x0000, 0x0000, 0x0000,
  0x0000, 0x0000, 0x0000, 0x0002, 0x0046, 0x0046, 0x0066, 0x0087, 0x0066, 0x0066, 0x0066, 0x0086,
  0x0066, 0x0066, 0x0066, 0x0066, 0x0066, 0x0065, 0x00A6, 0x00C6, 0x00E6, 0x0906, 0x00E6, 0x00E6,
  0x00E6, 0x00E6, 0x00E6, 0x08E5, 0x08E5, 0x0906, 0x0905, 0x08E5, 0x08E5, 0x00C5, 0x00C5, 0x00C5,
  0x00A5, 0x00A4, 0x00C5, 0x08E5, 0x1126, 0x1947, 0x1147, 0x21A8, 0x29C8, 0x2188, 0x1126, 0x1126,
  0x1126, 0x1967, 0x1967, 0x1926, 0x1126, 0x1126, 0x0906, 0x08E5, 0x1106, 0x1126, 0x1126, 0x0906,
  0x08E5, 0x08E5, 0x08E5, 0x08E5, 0x1106, 0x1126, 0x1126, 0x1106, 0x0906, 0x08E5, 0x08E5, 0x08E5,
  0x1105, 0x1105, 0x0084, 0x3A8C, 0x8517, 0x7C73, 0x9577, 0xAE1A, 0xAE3B, 0xAE1A, 0xAE1A, 0xAE1A,
  0xB63B, 0xB65B, 0xB63B, 0xADFA, 0xA5FA, 0xA5D9, 0xA5F9, 0x5BD2, 0x0064, 0x00C5, 0x00C6, 0x00E6,
  0x00E6, 0x00C6, 0x0106, 0x1127, 0x0927, 0x00C6, 0x00C6, 0x00E6, 0x08E6, 0x00E6, 0x00C6, 0x00E6,
  0x0906, 0x0906, 0x08C5, 0x00C5, 0x00C5, 0x00C5, 0x21C9, 0x5B90, 0x6BD0, 0x73F0, 0x322A, 0x00C5,
  0x00C5, 0x08E5, 0x08E5, 0x08E5, 0x08E5, 0x08C5, 0x08C5, 0x08C5, 0x08C5, 0x00A4, 0x00A4, 0x00C5,
  0x1169, 0x1127, 0x1969, 0x324D, 0x42D3, 0x3AB2, 0x324E, 0x3B31, 0x32F0, 0x8559, 0xA63C, 0x9DFA,
  0xB67C, 0xCF1E, 0xC6DD, 0xB65C, 0xB67C, 0xBE7C, 0xA57A, 0x6BD4, 0x5BB8, 0xAD39, 0x8E1F, 0x3458,
  0x22AD, 0x2104, 0x2966, 0x39E8, 0x4AAC, 0x5B2F, 0x6BB2, 0x6BB2, 0x5B2F, 0x4AAC, 0x3A29, 0x31C7,
  0x31C7, 0x39E7, 0x39E7, 0x3A08, 0x4208, 0x3A08, 0x3A08, 0x4229, 0x4228, 0x4228, 0x4249, 0x4249,
  0x4229, 0x4229, 0x4229, 0x3A29, 0x3A29, 0x3A09, 0x3209, 0x29E9, 0x29E9, 0x29E9, 0x29C8, 0x21A8,
  0x21C8, 0x21A8, 0x21A8, 0x21A8, 0x29C8, 0x21A8, 0x2187, 0x2187, 0x2166, 0x2186, 0x2187, 0x2187,
  0x1967, 0x1987, 0x1967, 0x1967, 0x1147, 0x1147, 0x1147, 0x0926, 0x0927, 0x00E6, 0x0906, 0x00C7,
  0x0086, 0x1168, 0x1189, 0x00A7, 0x0928, 0x1189, 0x0908, 0x0086, 0x0066, 0x0086, 0x0086, 0x0086,
  0x0086, 0x0086, 0x0086, 0x0086, 0x0086, 0x0066, 0x0066, 0x0046, 0x0023, 0x0000, 0x0000, 0x0000,
  0x0000, 0x0000, 0x0000, 0x0022, 0x0046, 0x0066, 0x0066, 0x0087, 0x0066, 0x0066, 0x0066, 0x0086,
  0x0066, 0x0066, 0x0066, 0x0086, 0x0066, 0x0085, 0x00C6, 0x00E6, 0x00E6, 0x08E6, 0x00E6, 0x00E6,
  0x00C6, 0x00C5, 0x00C6, 0x00E5, 0x08E5, 0x08E5, 0x00C5, 0x00C5, 0x00C5, 0x00A4, 0x00A4, 0x00A4,
  0x00A5, 0x0906, 0x08E6, 0x08E5, 0x1147, 0x21C8, 0x29C8, 0x31C8, 0x31E8, 0x29C8, 0x21A8, 0x1967,
  0x1967, 0x2187, 0x2187, 0x1967, 0x1126, 0x1126, 0x1126, 0x08E5, 0x08E5, 0x08E5, 0x08E5, 0x08E5,
  0x1106, 0x08C5, 0x08C5, 0x08E5, 0x08E5, 0x08E5, 0x08E5, 0x08E5, 0x08E5, 0x08C5, 0x00A5, 0x08C5,
  0x08C5, 0x08A4, 0x1168, 0x74B5, 0x8D16, 0x9DB9, 0xA5FA, 0xA5FA, 0xAE3B, 0xAE1B, 0xA5FA, 0xA5FA,
  0xAE1B, 0xB65B, 0xB65B, 0xAE3B, 0xAE3B, 0xA61B, 0xA5DA, 0x9599, 0x21EA, 0x0084, 0x08E6, 0x08E6,
  0x00E6, 0x00C6, 0x00C6, 0x0906, 0x0906, 0x08E6, 0x00C6, 0x00C5, 0x00A5, 0x00C5, 0x00A5, 0x00A5,
  0x00A5, 0x00C5, 0x00C5, 0x0084, 0x1168, 0x32AD, 0x5B90, 0x5B6F, 0x536F, 0x73F0, 0x7411, 0x4B0D,
  0x21C9, 0x00E6, 0x08E6, 0x00C5, 0x00A5, 0x00A4, 0x00A4, 0x00A4, 0x00A4, 0x00C5, 0x21AA, 0x21CB,
  0x1969, 0x1169, 0x3A8D, 0x42F2, 0x4B14, 0x4B12, 0x2A53, 0x32CF, 0x32F0, 0x8D99, 0xAE5C, 0xA61B,
  0xB65B, 0xC6DD, 0xBE9D, 0xAE3B, 0xB67C, 0xBE5C, 0xA55A, 0x6BD4, 0x6BF7, 0x8438, 0x6D3E, 0x349A,
  0x2AAD, 0x2124, 0x31E8, 0x52CC, 0x6BB2, 0x8456, 0x8477, 0x73F4, 0x5B2F, 0x422A, 0x31A7, 0x31A7,
  0x31C7, 0x39E7, 0x39E7, 0x39E8, 0x3A08, 0x3A08, 0x3A08, 0x3A08, 0x3A08, 0x3A08, 0x4229, 0x4229,
  0x3A29, 0x3A29, 0x4229, 0x4229, 0x3A29, 0x3209, 0x3209, 0x3A29, 0x3A29, 0x29C9, 0x1967, 0x1967,
  0x29E9, 0x21C9, 0x1988, 0x1988, 0x1987, 0x21A8, 0x29C8, 0x1988, 0x1967, 0x1966, 0x1946, 0x1946,
  0x1966, 0x1966, 0x1967, 0x1967, 0x1146, 0x1126, 0x0926, 0x1147, 0x0927, 0x1988, 0x3229, 0x21C9,
  0x21C9, 0x3209, 0x29E9, 0x21C9, 0x220A, 0x2A0A, 0x19CA, 0x0108, 0x00E7, 0x0066, 0x0086, 0x0086,
  0x0086, 0x0086, 0x0086, 0x0086, 0x0066, 0x0066, 0x0066, 0x0045, 0x0045, 0x0001, 0x0000, 0x0000,
  0x0000, 0x0000, 0x0000, 0x0024, 0x0046, 0x0066, 0x0066, 0x0066, 0x0066, 0x0086, 0x00C7, 0x00C7,
  0x00C7, 0x00C7, 0x00E7, 0x00E7, 0x00C6, 0x00C6, 0x00C6, 0x00C6, 0x00E6, 0x08E6, 0x00E6, 0x00E6,
  0x00E6, 0x00C5, 0x00C5, 0x00C5, 0x00C5, 0x00A5, 0x00A5, 0x00A5, 0x00A5, 0x0084, 0x00A4, 0x08E5,
  0x1967, 0x21A8, 0x1147, 0x1967, 0x21A8, 0x29C8, 0x29C8, 0x29C8, 0x29C8, 0x29C8, 0x29C8, 0x29C8,
  0x2188, 0x2188, 0x29A8, 0x29A8, 0x1967, 0x1126, 0x1106, 0x08E5, 0x08C5, 0x00C5, 0x00C5, 0x29C8,
  0x322A, 0x29C9, 0x21A8, 0x1106, 0x00C5, 0x00C4, 0x08C4, 0x08C5, 0x08C5, 0x00A4, 0x08C5, 0x00A4,
  0x0084, 0x0063, 0x2A6D, 0x84F6, 0x9557, 0xA5FA, 0xAE1A, 0xA5FA, 0xA5FA, 0x9DDA, 0x9DDA, 0x9DDA,
  0xA61B, 0xAE3B, 0xAE3B, 0xB65B, 0xAE3B, 0xAE3B, 0xAE3B, 0xAE3B, 0x5BB1, 0x0085, 0x08E6, 0x00C5,
  0x00C5, 0x00C5, 0x00C5, 0x00C6, 0x00E6, 0x08E6, 0x00C5, 0x00A5, 0x00A5, 0x00A5, 0x0084, 0x0084,
  0x00A5, 0x0084, 0x1988, 0x42CD, 0x5390, 0x6C32, 0x63B0, 0x5BB0, 0x6C32, 0x6C11, 0x6BF0, 0x7C52,
  0x7C52, 0x63B0, 0x21C9, 0x0084, 0x0084, 0x0084, 0x00A4, 0x00A4, 0x00A4, 0x198A, 0x6391, 0x6392,
  0x5B51, 0x5B0F, 0x5B51, 0x5354, 0x5B30, 0x3AD5, 0x4AF1, 0x4350, 0x32F0, 0x8D58, 0xB67D, 0xB67C,
  0x9D9A, 0xAE3C, 0xC6DD, 0xB67C, 0xBE9C, 0xB65C, 0xAD9C, 0x7417, 0x7415, 0x8437, 0x6D3D, 0x34BB,
  0x2ACE, 0x39C8, 0x52CD, 0x73D2, 0x94D8, 0xA53C, 0x94B9, 0x73D3, 0x4ACD, 0x31E8, 0x31C7, 0x3A08,
  0x39E8, 0x39E8, 0x39E8, 0x39E8, 0x3A08, 0x39E8, 0x3A08, 0x3A08, 0x39E8, 0x3A08, 0x3A28, 0x4249,
  0x4229, 0x4229, 0x4249, 0x3A29, 0x3A09, 0x3A09, 0x3209, 0x3A29, 0x3A29, 0x29E8, 0x1967, 0x1126,
  0x1987, 0x21A8, 0x21C9, 0x21A8, 0x1147, 0x1147, 0x1147, 0x1967, 0x21A8, 0x1987, 0x1126, 0x1126,
  0x1126, 0x1126, 0x1126, 0x1146, 0x1967, 0x0926, 0x1126, 0x29E9, 0x29C9, 0x3209, 0x3A4A, 0x3A4A,
  0x322A, 0x3209, 0x3209, 0x3209, 0x2A09, 0x2A0A, 0x21EA, 0x19CA, 0x11AA, 0x0087, 0x0066, 0x0086,
  0x0086, 0x0066, 0x0086, 0x0066, 0x0066, 0x0066, 0x0066, 0x0046, 0x0045, 0x0025, 0x0001, 0x0000,
  0x0000, 0x0001, 0x0024, 0x0045, 0x0066, 0x0066, 0x0066, 0x0066, 0x0086, 0x00C7, 0x00E7, 0x00C7,
  0x00E7, 0x0107, 0x0927, 0x0907, 0x00E6, 0x00C6, 0x00A6, 0x00A6, 0x00C6, 0x00E6, 0x00E6, 0x00E6,
  0x00E6, 0x00E6, 0x0906, 0x1967, 0x1147, 0x0906, 0x00A5, 0x00A5, 0x0084, 0x08E6, 0x1147, 0x1967,
  0x29C8, 0x29C8, 0x29C8, 0x29C8, 0x29C8, 0x29C8, 0x29C8, 0x29C8, 0x29C8, 0x29C8, 0x29A8, 0x29C8,
  0x2188, 0x1967, 0x1967, 0x1967, 0x1967, 0x1126, 0x0906, 0x08E5, 0x08E5, 0x08E5, 0x2188, 0x3A4A,
  0x3A4A, 0x3A4A, 0x3A4A, 0x320A, 0x21A8, 0x00C5, 0x0084, 0x0084, 0x0084, 0x00A4, 0x00A4, 0x0084,
  0x0063, 0x0043, 0x21EB, 0x7494, 0x8D37, 0x8D78, 0x9599, 0x8D99, 0x8D79, 0x8D79, 0x8579, 0x8579,
  0x9DDA, 0xAE1B, 0xA61B, 0xAE3B, 0xAE3B, 0xAE5C, 0xB65C, 0xB67C, 0x8D17, 0x00C5, 0x00A5, 0x00A5,
  0x00A5, 0x00A5, 0x00C5, 0x00C5, 0x00A5, 0x00A5, 0x00A5, 0x0085, 0x00A5, 0x0084, 0x0084, 0x0084,
  0x00A5, 0x0084, 0x00A4, 0x2A0A, 0x534F, 0x7452, 0x7C53, 0x7452, 0x7C52, 0x7C73, 0x7C72, 0x7C52,
  0x63B0, 0x324B, 0x00A5, 0x0084, 0x08C5, 0x0084, 0x0084, 0x0084, 0x0085, 0x2A2D, 0x6391, 0x6BB1,
  0x5B50, 0x5B71, 0x5353, 0x6351, 0x4B14, 0x6394, 0x6392, 0x4B72, 0x32F0, 0x8538, 0xB67D, 0xBE9C,
  0x951B, 0x9D7D, 0xBEBD, 0xB65C, 0xC6DD, 0xAE1C, 0xADBD, 0x8499, 0x6BF5, 0x7418, 0x8D9D, 0x34DC,
  0x4351, 0x5AED, 0x7C14, 0x9CFA, 0xAD7D, 0xAD7D, 0x94B8, 0x6B92, 0x4ACD, 0x424B, 0x424A, 0x424A,
  0x3A29, 0x3A08, 0x39E8, 0x39E8, 0x39E8, 0x3A08, 0x3A08, 0x39E8, 0x39E8, 0x3A08, 0x3A28, 0x4229,
  0x4229, 0x4229, 0x3A29, 0x3A09, 0x3A29, 0x3A29, 0x3209, 0x29C9, 0x29C9, 0x29C8, 0x1967, 0x0906,
  0x0906, 0x1126, 0x1147, 0x1147, 0x1967, 0x1967, 0x1126, 0x1126, 0x1146, 0x1947, 0x1147, 0x1146,
  0x0906, 0x08E5, 0x08E5, 0x2187, 0x322A, 0x19A8, 0x21A8, 0x3229, 0x3A4A, 0x3A4A, 0x3A4A, 0x324A,
  0x322A, 0x322A, 0x322A, 0x2A09, 0x2A0A, 0x29E9, 0x21EA, 0x21EA, 0x19CA, 0x1169, 0x0129, 0x00A7,
  0x0065, 0x00A7, 0x0066, 0x0066, 0x0066, 0x0066, 0x0066, 0x0066, 0x0066, 0x0045, 0x0045, 0x0044,
  0x0044, 0x0045, 0x0066, 0x0086, 0x0086, 0x0086, 0x0086, 0x00A6, 0x00C6, 0x00C6, 0x00C6, 0x00C6,
  0x00E6, 0x00E6, 0x0106, 0x0906, 0x00E6, 0x00C6, 0x00A6, 0x00A5, 0x00A5, 0x00A5, 0x00C5, 0x00A5,
  0x0927, 0x1988, 0x21A8, 0x29A8, 0x29C8, 0x21A8, 0x1967, 0x1147, 0x08E6, 0x1967, 0x1967, 0x21A8,
  0x29C8, 0x29C8, 0x29C8, 0x31C8, 0x29C8, 0x29C8, 0x29A8, 0x2187, 0x2187, 0x29A8, 0x29A8, 0x21A7,
  0x2187, 0x2167, 0x1946, 0x1106, 0x1126, 0x1926, 0x1926, 0x1126, 0x1106, 0x21A9, 0x3A2B, 0x3A2A,
  0x322A, 0x3209, 0x31E9, 0x31E9, 0x31E9, 0x1947, 0x00C5, 0x08E6, 0x08C5, 0x0084, 0x0063, 0x0043,
  0x0063, 0x0064, 0x1A2B, 0x5C33, 0x6475, 0x6475, 0x6CB6, 0x6CF7, 0x7518, 0x7538, 0x7D38, 0x8559,
  0x95B9, 0xA5FA, 0x9DFA, 0xA5FA, 0xAE3B, 0xAE3C, 0xAE3C, 0xBE9C, 0xA5D9, 0x0906, 0x0063, 0x0084,
  0x0084, 0x00A5, 0x00A5, 0x00A5, 0x00A5, 0x0084, 0x0907, 0x21EA, 0x2A2C, 0x1989, 0x0084, 0x0064,
  0x0084, 0x0084, 0x0084, 0x0044, 0x0064, 0x42EE, 0x63F1, 0x5370, 0x63D0, 0x7411, 0x7411, 0x534F,
  0x00C6, 0x0023, 0x00C5, 0x1947, 0x21A8, 0x1947, 0x1106, 0x1126, 0x08E6, 0x322D, 0x5330, 0x5B50,
  0x5B50, 0x63B1, 0x7C32, 0x5B73, 0x5B74, 0x6BB3, 0x42F4, 0x3B51, 0x3B31, 0x8D79, 0xAE5C, 0xAE1C,
  0x94DB, 0x849C, 0xB69D, 0xAE3C, 0xC6DD, 0x9DBB, 0xADBC, 0x84BA, 0x4336, 0x6BD6, 0x753C, 0x34DC,
  0x5C35, 0x8C35, 0xA53B, 0xB5BD, 0xB5BE, 0xAD7D, 0x94D9, 0x73D4, 0x5B50, 0x52EF, 0x4AAD, 0x428C,
  0x424A, 0x31E8, 0x31C7, 0x39E8, 0x3A08, 0x3A08, 0x39E8, 0x39E8, 0x3A08, 0x39E8, 0x3A08, 0x3A08,
  0x3A08, 0x3A08, 0x3A09, 0x3A09, 0x3A09, 0x3A09, 0x3A09, 0x31E9, 0x21A8, 0x1987, 0x1967, 0x1126,
  0x1147, 0x1967, 0x1126, 0x1126, 0x1967, 0x1146, 0x1126, 0x1126, 0x0906, 0x0906, 0x0906, 0x1167,
  0x1147, 0x0927, 0x0926, 0x3209, 0x3A29, 0x3A4A, 0x3A4A, 0x3A4A, 0x3A4A, 0x3A4A, 0x3A4A, 0x3A2A,
  0x322A, 0x322A, 0x322A, 0x322A, 0x2A0A, 0x2A0A, 0x2A0A, 0x21EA, 0x19C9, 0x19CA, 0x11AA, 0x0149,
  0x0108, 0x0109, 0x0066, 0x0066, 0x0066, 0x0086, 0x0086, 0x0086, 0x0066, 0x0066, 0x0066, 0x0066,
  0x0066, 0x0066, 0x0086, 0x0086, 0x0066, 0x0086, 0x0086, 0x00A6, 0x00A6, 0x00C6, 0x00C6, 0x00C6,
  0x00C6, 0x00E6, 0x00E6, 0x00E6, 0x00E6, 0x00C6, 0x00A5, 0x00A5, 0x00A5, 0x00C5, 0x00A5, 0x0906,
  0x2188, 0x29C8, 0x29C8, 0x29A8, 0x29A8, 0x29C8, 0x21A8, 0x2187, 0x2187, 0x2188, 0x21A8, 0x21A8,
  0x21A8, 0x29C8, 0x29C8, 0x29C8, 0x29C8, 0x29C8, 0x29A8, 0x1967, 0x1947, 0x2187, 0x2187, 0x1967,
  0x1946, 0x1967, 0x1146, 0x1106, 0x1105, 0x10E5, 0x1105, 0x08E5, 0x1106, 0x21A9, 0x29A9, 0x29E9,
  0x31E9, 0x29C8, 0x29C9, 0x21A9, 0x2187, 0x1967, 0x1947, 0x1967, 0x1947, 0x1106, 0x00A4, 0x0043,
  0x0022, 0x0928, 0x43D3, 0x5434, 0x5434, 0x5C54, 0x5C96, 0x6CF7, 0x7538, 0x7518, 0x7539, 0x8579,
  0x95BA, 0x95BA, 0x95DA, 0x9DFA, 0xA61B, 0xA61B, 0xA61B, 0xB63B, 0xAE1A, 0x1968, 0x0043, 0x0063,
  0x0063, 0x0084, 0x0084, 0x0084, 0x0084, 0x0064, 0x1169, 0x324C, 0x324B, 0x29EA, 0x1169, 0x0906,
  0x0063, 0x0084, 0x0064, 0x00A5, 0x21A8, 0x534F, 0x6C12, 0x7452, 0x7432, 0x7C52, 0x7C52, 0x7411,
  0x324B, 0x1127, 0x1967, 0x21A8, 0x2187, 0x2187, 0x2167, 0x1967, 0x1948, 0x4AEF, 0x6370, 0x5B70,
  0x73F2, 0x7C32, 0x6BD3, 0x4B54, 0x73D2, 0x73F4, 0x7434, 0x4371, 0x3B51, 0x8D59, 0xAE7C, 0x955B,
  0x94BA, 0x743B, 0xAE5D, 0xB65C, 0xBE9C, 0x9DBB, 0xA57C, 0x84BA, 0x4B35, 0x6375, 0x751B, 0x2CBC,
  0x7CFA, 0xAD3B, 0xBDBE, 0xBDDE, 0xBDBE, 0xB59D, 0xA51B, 0x8478, 0x6BD4, 0x5B30, 0x4AAD, 0x3A4B,
  0x31E9, 0x31A7, 0x31C7, 0x39E8, 0x31E8, 0x31E7, 0x39E8, 0x31E8, 0x39E8, 0x39E8, 0x39E8, 0x3A08,
  0x3A08, 0x3A08, 0x3A08, 0x3A08, 0x3A08, 0x3A08, 0x31C8, 0x29C8, 0x29C8, 0x29C8, 0x29C8, 0x1967,
  0x1987, 0x2187, 0x2187, 0x2187, 0x21A7, 0x1967, 0x1147, 0x1126, 0x1126, 0x0906, 0x1987, 0x29E9,
  0x21A8, 0x29E9, 0x3229, 0x3A29, 0x3A4A, 0x424A, 0x3A4A, 0x3A4A, 0x3A4A, 0x3A4A, 0x3A4A, 0x3A2A,
  0x322A, 0x322A, 0x322A, 0x322A, 0x322A, 0x2A09, 0x29E9, 0x21EA, 0x21E9, 0x11A9, 0x11A9, 0x0989,
  0x018A, 0x0969, 0x0108, 0x0108, 0x0128, 0x0149, 0x00C7, 0x0086, 0x0086, 0x0086, 0x0066, 0x0065,
  0x0065, 0x0066, 0x0065, 0x0065, 0x0065, 0x0085, 0x0085, 0x00A6, 0x00C6, 0x00C6, 0x00A6, 0x00A6,
  0x00A6, 0x00A5, 0x00A5, 0x00C6, 0x00E6, 0x00C6, 0x00A5, 0x00E6, 0x0927, 0x1147, 0x1147, 0x21A8,
  0x21A8, 0x21A8, 0x29C8, 0x29C8, 0x29A8, 0x21A8, 0x21A8, 0x2187, 0x2187, 0x2187, 0x29C8, 0x2188,
  0x2188, 0x29A8, 0x29C8, 0x21A8, 0x21A8, 0x2187, 0x1967, 0x1126, 0x1126, 0x1947, 0x1946, 0x1126,
  0x1106, 0x1105, 0x1105, 0x1106, 0x1126, 0x1105, 0x08E5, 0x08C5, 0x08E5, 0x0906, 0x1989, 0x320B,
  0x29C9, 0x322C, 0x4AEF, 0x5330, 0x3A8E, 0x21A9, 0x1947, 0x1126, 0x1126, 0x1126, 0x1105, 0x08C5,
  0x0042, 0x1A0B, 0x5497, 0x5456, 0x5456, 0x5476, 0x5C97, 0x64F8, 0x6D18, 0x6D18, 0x7539, 0x8579,
  0x95BA, 0x8D9A, 0x95DA, 0x9DFB, 0xA61B, 0xA61B, 0xA5FB, 0xA5FA, 0xA5D9, 0x21A9, 0x08E6, 0x1127,
  0x0906, 0x0064, 0x0063, 0x0063, 0x0085, 0x08E6, 0x1989, 0x2A0B, 0x21CA, 0x21EA, 0x3A8D, 0x1169,
  0x0044, 0x19A9, 0x42EE, 0x326C, 0x532E, 0x6390, 0x6BF1, 0x7452, 0x8493, 0x8473, 0x7411, 0x73F0,
  0x7C52, 0x73F1, 0x5B4E, 0x320A, 0x1967, 0x1947, 0x1989, 0x1988, 0x1947, 0x3A8D, 0x4B31, 0x4B31,
  0x636F, 0x6BB1, 0x5B71, 0x6371, 0x5374, 0x73F4, 0x7C32, 0x4372, 0x3B30, 0x8538, 0xAE5C, 0x8D1B,
  0x94DB, 0x6BDA, 0xA5DC, 0xBE9C, 0xC6BD, 0x9D79, 0x7437, 0x9D1A, 0x6BF7, 0x8417, 0x6CFC, 0x34BB,
  0x8D9D, 0xC5BE, 0xBDDE, 0xBDDE, 0xBDDE, 0xB59E, 0xA53C, 0x8477, 0x6372, 0x4ACE, 0x3A4B, 0x31E9,
  0x2166, 0x2166, 0x2166, 0x2986, 0x29A7, 0x31A7, 0x31A7, 0x29A7, 0x31C7, 0x31C7, 0x29A7, 0x31E8,
  0x31E8, 0x31E8, 0x31E8, 0x31E8, 0x31E8, 0x29C8, 0x29A7, 0x29C8, 0x31E8, 0x31E8, 0x31E8, 0x2187,
  0x1967, 0x1967, 0x2167, 0x1987, 0x29C8, 0x3209, 0x21A8, 0x21A8, 0x1967, 0x1967, 0x3209, 0x3A29,
  0x3A09, 0x3A29, 0x3A29, 0x3209, 0x3A4A, 0x426A, 0x424A, 0x3A4A, 0x3A4A, 0x3A4A, 0x3A4A, 0x3A4A,
  0x322A, 0x322A, 0x322A, 0x322A, 0x2A0A, 0x2A09, 0x21E9, 0x19C9, 0x21E9, 0x19A9, 0x0969, 0x11A9,
  0x1189, 0x1189, 0x0989, 0x0969, 0x0149, 0x0169, 0x0128, 0x00C7, 0x00A7, 0x0065, 0x0065, 0x0065,
  0x0065, 0x0065, 0x0065, 0x0065, 0x0065, 0x0085, 0x0085, 0x00A6, 0x00C6, 0x00A6, 0x00A5, 0x0085,
  0x0085, 0x0085, 0x0085, 0x00E6, 0x1148, 0x0947, 0x0947, 0x1168, 0x1988, 0x1988, 0x1988, 0x1988,
  0x1988, 0x21A8, 0x21A8, 0x21A8, 0x2188, 0x2187, 0x2188, 0x2187, 0x2188, 0x21A8, 0x21A8, 0x21A8,
  0x2187, 0x21A8, 0x2187, 0x2187, 0x21A8, 0x2167, 0x1946, 0x1126, 0x1126, 0x1105, 0x08E5, 0x08E5,
  0x08E5, 0x08E5, 0x08E5, 0x10E5, 0x08E5, 0x08E5, 0x08C5, 0x1106, 0x324D, 0x4B10, 0x5B93, 0x63B3,
  0x4ACE, 0x4AEF, 0x5B30, 0x6370, 0x5B4F, 0x4ACF, 0x1948, 0x10E5, 0x1105, 0x08E5, 0x08C5, 0x08C5,
  0x08A4, 0x222C, 0x4C35, 0x4C55, 0x4C55, 0x5455, 0x5496, 0x64D7, 0x6CF8, 0x6D18, 0x7539, 0x7D79,
  0x859A, 0x8DBA, 0x95DB, 0x9DFB, 0x9DFB, 0xA61B, 0xA61B, 0x9DDA, 0x9578, 0x21A8, 0x1947, 0x21A8,
  0x1126, 0x0084, 0x08C6, 0x08A6, 0x00C6, 0x19CA, 0x1989, 0x21C9, 0x2A0A, 0x21EA, 0x1989, 0x1148,
  0x1989, 0x1188, 0x326B, 0x534F, 0x6C11, 0x6C32, 0x7C93, 0x84B4, 0x8493, 0x8493, 0x8493, 0x8493,
  0x7C52, 0x6BD0, 0x320A, 0x1947, 0x1967, 0x2A0B, 0x4B10, 0x42D0, 0x220D, 0x3AAF, 0x42F0, 0x5B94,
  0x6BB3, 0x73F0, 0x6390, 0x5B4F, 0x73D1, 0x6394, 0x5352, 0x3B30, 0x4351, 0x8D79, 0x95DB, 0x7C5A,
  0xA57B, 0x7C1A, 0x953D, 0xC6DD, 0xC6DD, 0x9D59, 0x73F7, 0x7419, 0x5356, 0x8417, 0x64DC, 0x347A,
  0x8DDE, 0xC5BE, 0xBDBE, 0xBDDE, 0xB5BE, 0x9D1A, 0x8456, 0x6371, 0x426B, 0x31E8, 0x29A7, 0x2166,
  0x31C8, 0x3A4B, 0x3A6C, 0x31E9, 0x29A8, 0x2966, 0x2166, 0x2166, 0x2166, 0x2166, 0x2166, 0x29A7,
  0x31C7, 0x29C7, 0x31C8, 0x29A7, 0x29A7, 0x2187, 0x2187, 0x29A8, 0x29C8, 0x31E8, 0x31E8, 0x2187,
  0x1946, 0x1967, 0x2187, 0x29C8, 0x3A29, 0x424A, 0x3209, 0x3209, 0x3209, 0x3A29, 0x3A29, 0x3A29,
  0x3A29, 0x3A29, 0x3A4A, 0x424A, 0x424A, 0x424A, 0x424A, 0x424A, 0x3A4A, 0x3A4A, 0x3A4A, 0x3A4A,
  0x324A, 0x322A, 0x2A0A, 0x2A0A, 0x21EA, 0x29E9, 0x21E9, 0x19C9, 0x19C9, 0x19C9, 0x19A9, 0x19C9,
  0x19C9, 0x19C9, 0x11A9, 0x0969, 0x0149, 0x0149, 0x0969, 0x0969, 0x0128, 0x0086, 0x0065, 0x0086,
  0x0065, 0x0065, 0x0085, 0x0086, 0x0086, 0x0085, 0x0085, 0x00A5, 0x00A5, 0x0085, 0x00A5, 0x00C6,
  0x00C6, 0x00A6, 0x00C6, 0x1147, 0x1147, 0x1168, 0x1988, 0x21A8, 0x21A8, 0x21A8, 0x1968, 0x1167,
  0x1967, 0x1988, 0x1987, 0x1987, 0x2187, 0x1967, 0x1967, 0x2187, 0x2188, 0x2188, 0x2187, 0x2187,
  0x1967, 0x1126, 0x1947, 0x1967, 0x2187, 0x1967, 0x1946, 0x1147, 0x19A9, 0x1989, 0x1127, 0x0906,
  0x08C5, 0x08C4, 0x08C4, 0x08A4, 0x00A4, 0x08C5, 0x08E5, 0x2189, 0x5B51, 0x5B30, 0x42AD, 0x3A6C,
  0x322B, 0x4ACE, 0x530F, 0x52EE, 0x3A6D, 0x21AA, 0x1128, 0x08E6, 0x08A4, 0x08E5, 0x1127, 0x1127,
  0x1107, 0x0989, 0x3B51, 0x43F4, 0x43D3, 0x4BF4, 0x4C35, 0x5455, 0x5C96, 0x6CD7, 0x6D19, 0x7539,
  0x7539, 0x7D7A, 0x8DBA, 0x95DB, 0x9DDB, 0xA5FB, 0xA63C, 0x9DFB, 0x84D6, 0x10E5, 0x1106, 0x1947,
  0x19CB, 0x2A2D, 0x3A8E, 0x2A0D, 0x19AC, 0x222F, 0x19CA, 0x2188, 0x29EA, 0x29EA, 0x21A8, 0x21A8,
  0x21C9, 0x1968, 0x00C5, 0x1989, 0x4B70, 0x5BD1, 0x6C32, 0x7452, 0x6C11, 0x7411, 0x7C52, 0x7C52,
  0x5B8F, 0x2188, 0x1126, 0x1947, 0x1968, 0x4AF0, 0x7C12, 0x6BD2, 0x5B71, 0x4AEF, 0x4AEF, 0x6392,
  0x5379, 0x6BB5, 0x6370, 0x6BB0, 0x73F2, 0x63D3, 0x5B76, 0x4312, 0x3B30, 0x8D79, 0x957B, 0x63B8,
  0xA55B, 0x94DB, 0xB5FD, 0xCF1D, 0xA5BA, 0x9D1A, 0x8C9B, 0x6BB7, 0x6395, 0x6BB7, 0x5CDC, 0x2C18,
  0x8DDE, 0xC5DE, 0xBDBE, 0xB5BE, 0xA55C, 0x7C77, 0x5330, 0x3A4A, 0x2987, 0x2145, 0x2145, 0x3A4B,
  0x5B2E, 0x636F, 0x636F, 0x5B4F, 0x3AAE, 0x2167, 0x1946, 0x1946, 0x1946, 0x2166, 0x29A7, 0x29A7,
  0x2187, 0x2187, 0x2187, 0x2187, 0x1966, 0x1946, 0x2167, 0x21A7, 0x21A7, 0x21A7, 0x21A7, 0x2167,
  0x21A7, 0x31E8, 0x31E9, 0x3A29, 0x4229, 0x4249, 0x4229, 0x3209, 0x3209, 0x3A29, 0x3A09, 0x3A29,
  0x424A, 0x424A, 0x426A, 0x426A, 0x424A, 0x424A, 0x424A, 0x426A, 0x3A4A, 0x3A4A, 0x3A4A, 0x3A2A,
  0x3A4A, 0x3A4A, 0x322A, 0x2A09, 0x21E9, 0x19C9, 0x21CA, 0x21E9, 0x19C9, 0x19A9, 0x19A9, 0x21C9,
  0x21E9, 0x19C9, 0x1189, 0x1189, 0x0989, 0x0969, 0x0969, 0x0969, 0x0128, 0x0108, 0x00E8, 0x00E8,
  0x00C7, 0x00A6, 0x00C6, 0x00E6, 0x00E7, 0x0107, 0x00C6, 0x00A5, 0x00C6, 0x00C6, 0x0107, 0x0927,
  0x0927, 0x0927, 0x0927, 0x1147, 0x1167, 0x1167, 0x1968, 0x1988, 0x2188, 0x1988, 0x1967, 0x1147,
  0x1147, 0x1967, 0x1967, 0x1967, 0x1987, 0x1967, 0x1947, 0x1967, 0x1967, 0x1967, 0x1967, 0x1946,
  0x1126, 0x0905, 0x0906, 0x1126, 0x1126, 0x2188, 0x3A8D, 0x4ACE, 0x530F, 0x530F, 0x5330, 0x3A6D,
  0x00C5, 0x0084, 0x08C4, 0x00A4, 0x0084, 0x00C5, 0x00A4, 0x1127, 0x1989, 0x1147, 0x21A9, 0x324D,
  0x3A6D, 0x42CF, 0x4ACE, 0x4AAC, 0x3A6D, 0x4B11, 0x42AF, 0x0907, 0x0083, 0x2188, 0x322B, 0x322B,
  0x21CA, 0x4350, 0x43D3, 0x3BB3, 0x43D4, 0x4C35, 0x64B6, 0x74F7, 0x7D37, 0x7D17, 0x7518, 0x6D18,
  0x6D18, 0x6D18, 0x8559, 0x95BA, 0x95BA, 0x8D9A, 0x85BA, 0x7DDB, 0x5434, 0x0084, 0x1107, 0x1169,
  0x42CF, 0x5330, 0x532F, 0x4AEF, 0x4B10, 0x6392, 0x5B51, 0x29EA, 0x2A0A, 0x21A9, 0x21A9, 0x21A9,
  0x21A9, 0x1967, 0x2188, 0x324C, 0x63D1, 0x63B0, 0x6BD0, 0x6BF0, 0x6BD0, 0x7411, 0x7C31, 0x7C51,
  0x7C51, 0x4ACD, 0x21C9, 0x21C9, 0x1989, 0x42AF, 0x7413, 0x63B2, 0x5B50, 0x6BB1, 0x73D1, 0x7C32,
  0x6BD6, 0x73FC, 0x6BD6, 0x6BD1, 0x7C12, 0x7C32, 0x6392, 0x5357, 0x4313, 0x8D58, 0xAE5D, 0x73F9,
  0x94BB, 0xAD9C, 0xD6DE, 0xC6BD, 0x94F9, 0xAD5C, 0x6BD9, 0x5312, 0x5334, 0x7C39, 0x757E, 0x23D6,
  0x85DE, 0xC5DE, 0xBDDE, 0xA55D, 0x94B9, 0x63D4, 0x322B, 0x2166, 0x29A8, 0x2146, 0x2145, 0x52EC,
  0x634E, 0x4AAC, 0x4AAC, 0x4AEE, 0x4AEE, 0x324C, 0x1946, 0x2166, 0x2146, 0x2166, 0x2987, 0x2187,
  0x2166, 0x1946, 0x1946, 0x1946, 0x1946, 0x1126, 0x1946, 0x2166, 0x2187, 0x21A8, 0x2187, 0x2187,
  0x31E8, 0x3A09, 0x3A29, 0x4229, 0x3A29, 0x3A09, 0x3A09, 0x3209, 0x3A09, 0x4249, 0x4229, 0x4249,
  0x424A, 0x424A, 0x424A, 0x424A, 0x424A, 0x426A, 0x426A, 0x3A4A, 0x3A4A, 0x3A2A, 0x3A2A, 0x322A,
  0x322A, 0x322A, 0x322A, 0x2A09, 0x29E9, 0x21EA, 0x21CA, 0x21CA, 0x29E9, 0x21C9, 0x19C9, 0x21C9,
  0x21C9, 0x19A9, 0x19A9, 0x19C9, 0x19A9, 0x19A9, 0x1189, 0x0148, 0x0128, 0x0948, 0x0128, 0x0108,
  0x0128, 0x0108, 0x0108, 0x0107, 0x0107, 0x0968, 0x0107, 0x00C6, 0x1168, 0x0927, 0x0107, 0x0927,
  0x0906, 0x0906, 0x0926, 0x1127, 0x1147, 0x1147, 0x1147, 0x1167, 0x1147, 0x1147, 0x1147, 0x1127,
  0x1127, 0x1127, 0x1147, 0x1967, 0x1967, 0x1967, 0x1947, 0x1947, 0x1947, 0x1947, 0x1126, 0x1106,
  0x1106, 0x1106, 0x0906, 0x0906, 0x08E5, 0x1968, 0x4AEE, 0x5B4F, 0x4ACD, 0x42AD, 0x4AEE, 0x428C,
  0x322B, 0x1989, 0x00A4, 0x00A4, 0x1968, 0x322C, 0x1127, 0x00C6, 0x19AA, 0x322C, 0x3A8E, 0x5330,
  0x6391, 0x5B30, 0x3A6C, 0x4ACD, 0x322B, 0x29EA, 0x324C, 0x21EB, 0x1968, 0x31EA, 0x3A4B, 0x3A2B,
  0x29EA, 0x6C74, 0x7D79, 0x43F5, 0x43F5, 0x7539, 0xA63B, 0x95DB, 0x7D59, 0x7D59, 0x7538, 0x64D7,
  0x64D7, 0x64D7, 0x7518, 0x8D99, 0x95BA, 0x6D39, 0x6D7B, 0x6D7A, 0x5539, 0x19C9, 0x29CA, 0x324E,
  0x42CF, 0x5B2F, 0x6390, 0x42AD, 0x1989, 0x324C, 0x5331, 0x2A2D, 0x1988, 0x1968, 0x2A0B, 0x426D,
  0x3A6D, 0x322B, 0x32AD, 0x536F, 0x6BF1, 0x63D1, 0x6BD0, 0x63AF, 0x63D0, 0x73F1, 0x73D0, 0x73F0,
  0x7C31, 0x7C11, 0x636F, 0x5330, 0x326F, 0x326F, 0x5B50, 0x5B50, 0x6390, 0x6BD1, 0x7C32, 0x7C12,
  0x73D2, 0x6BDA, 0x741C, 0x7C37, 0x8432, 0x6BD2, 0x42EF, 0x42F3, 0x637B, 0x6C19, 0x9DBC, 0x6BF9,
  0x9CFB, 0xBDDC, 0xCEBD, 0xB5DC, 0xBDFD, 0x9CFC, 0x6395, 0x5B71, 0x5333, 0x6B95, 0x5CFC, 0x2BB5,
  0x7DBE, 0xC5DE, 0xAD9D, 0x94DA, 0x7415, 0x5330, 0x2A0B, 0x1127, 0x3A29, 0x3A4A, 0x424A, 0x4A8B,
  0x426B, 0x4A8B, 0x4AAC, 0x426B, 0x42AD, 0x3A8E, 0x2A2C, 0x1946, 0x1946, 0x1946, 0x1946, 0x1946,
  0x1926, 0x1125, 0x1126, 0x1105, 0x1106, 0x1126, 0x1946, 0x2167, 0x29A8, 0x31E8, 0x29C8, 0x31E8,
  0x31E8, 0x3A08, 0x3A29, 0x3A09, 0x3208, 0x31E8, 0x3A09, 0x3A29, 0x3A29, 0x4249, 0x4249, 0x4229,
  0x3A29, 0x424A, 0x424A, 0x424A, 0x424A, 0x424A, 0x3A4A, 0x3A4A, 0x3A4A, 0x3A4A, 0x3A2A, 0x322A,
  0x3209, 0x3209, 0x3209, 0x21E9, 0x2A09, 0x2A09, 0x2A09, 0x21E9, 0x21C9, 0x19A9, 0x19A9, 0x19A9,
  0x19A9, 0x19A9, 0x19C9, 0x19A9, 0x19A9, 0x19A9, 0x0968, 0x0148, 0x0948, 0x0968, 0x0948, 0x0948,
  0x0968, 0x0128, 0x0128, 0x0968, 0x0968, 0x0948, 0x1168, 0x1189, 0x19A9, 0x1989, 0x19A9, 0x19A9,
  0x1988, 0x0927, 0x0906, 0x0947, 0x0906, 0x0906, 0x0906, 0x0906, 0x0906, 0x1126, 0x1126, 0x1126,
  0x0906, 0x0906, 0x1127, 0x1147, 0x1126, 0x1106, 0x1106, 0x1126, 0x1106, 0x1106, 0x1106, 0x1105,
  0x08E5, 0x08E5, 0x08C5, 0x1127, 0x322C, 0x322B, 0x428C, 0x3A8D, 0x3A6C, 0x324B, 0x29EA, 0x428D,
  0x42AE, 0x1989, 0x0084, 0x1988, 0x42AE, 0x530F, 0x42AE, 0x3A8F, 0x5330, 0x4AF0, 0x5B30, 0x6370,
  0x5B50, 0x530F, 0x324C, 0x3A8D, 0x324C, 0x324D, 0x198A, 0x29EB, 0x324C, 0x322B, 0x322B, 0x320A,
  0x29A9, 0x220B, 0x4C36, 0x5CB8, 0x4415, 0x5CD8, 0x757A, 0x4C76, 0x4415, 0x5CD8, 0x6519, 0x5CB7,
  0x5C96, 0x5CB7, 0x6CD7, 0x8558, 0x7D39, 0x64F9, 0x759B, 0x6539, 0x54D7, 0x2A6E, 0x3A4D, 0x52EE,
  0x52EE, 0x4ACD, 0x42CE, 0x42CE, 0x530F, 0x4AEE, 0x3AAF, 0x220C, 0x19AA, 0x198A, 0x42AD, 0x532E,
  0x4AEE, 0x4B0F, 0x5B90, 0x6C11, 0x7432, 0x7C53, 0x6C11, 0x63D1, 0x7432, 0x7C72, 0x7431, 0x7C31,
  0x7C31, 0x7C51, 0x6BF2, 0x5352, 0x6392, 0x42CF, 0x5331, 0x6BD5, 0x6BB3, 0x7C12, 0x7C11, 0x6BB1,
  0x6390, 0x6BB7, 0x847C, 0x847D, 0x6BD5, 0x6BB1, 0x5B70, 0x3AD0, 0x639B, 0x5B5A, 0x5B59, 0x42D8,
  0xA55C, 0xC61C, 0xA55B, 0xB5BC, 0xB5BD, 0x94DB, 0x63B3, 0x5B52, 0x4B13, 0x6376, 0x655E, 0x2353,
  0x75BF, 0xBD9E, 0x9D1A, 0x7C15, 0x5310, 0x428C, 0x322B, 0x29EA, 0x29C9, 0x428C, 0x42AD, 0x320A,
  0x3A2A, 0x5AED, 0x5B4E, 0x428C, 0x4AAD, 0x5B4F, 0x3AAF, 0x1127, 0x1105, 0x1105, 0x1105, 0x1105,
  0x1105, 0x1126, 0x1926, 0x1126, 0x1946, 0x2167, 0x2187, 0x29A7, 0x31E8, 0x31E8, 0x31E8, 0x3A08,
  0x31E8, 0x39E8, 0x31E8, 0x31E8, 0x31E8, 0x3209, 0x3A09, 0x3A49, 0x424A, 0x424A, 0x3A49, 0x3A09,
  0x3A29, 0x424A, 0x4229, 0x4229, 0x424A, 0x3A29, 0x3A09, 0x3A29, 0x3A2A, 0x3229, 0x3229, 0x3209,
  0x2A09, 0x3209, 0x3209, 0x2A0A, 0x2A0A, 0x3209, 0x320A, 0x2A09, 0x21C9, 0x19A9, 0x19C9, 0x1189,
  0x1189, 0x19C9, 0x19C9, 0x19A9, 0x19A9, 0x1189, 0x0968, 0x0968, 0x1189, 0x1188, 0x0948, 0x0968,
  0x1189, 0x0968, 0x0128, 0x0948, 0x1188, 0x1988, 0x19A8, 0x21C9, 0x21C9, 0x21C9, 0x21C9, 0x29C9,
  0x21C9, 0x19A8, 0x1188, 0x19A8, 0x0927, 0x0906, 0x00E6, 0x00E5, 0x0906, 0x1126, 0x0906, 0x08E6,
  0x00E6, 0x0906, 0x0906, 0x0906, 0x1106, 0x08E6, 0x08E5, 0x1106, 0x08E5, 0x08C5, 0x08E5, 0x1126,
  0x0926, 0x0906, 0x00A4, 0x2188, 0x532F, 0x5B4F, 0x3A4B, 0x2188, 0x3A6B, 0x530E, 0x324C, 0x21CA,
  0x3A6D, 0x322B, 0x29EB, 0x3A6D, 0x42AF, 0x5B2F, 0x4AEE, 0x52EE, 0x42CF, 0x4AF0, 0x5B30, 0x5B50,
  0x4ACE, 0x2A0A, 0x322B, 0x3A6C, 0x42AD, 0x634F, 0x4AEF, 0x21EC, 0x3A2B, 0x3A2A, 0x322B, 0x29EA,
  0x21A8, 0x2188, 0x6475, 0x9E1C, 0x4C14, 0x5CB7, 0x7539, 0x7D79, 0x7539, 0x7D7A, 0x64D7, 0x5455,
  0x5C76, 0x5CB7, 0x64D7, 0x6D18, 0x6CF8, 0x64D8, 0x757A, 0x6519, 0x4C34, 0x322C, 0x428E, 0x530E,
  0x324C, 0x1968, 0x322B, 0x6370, 0x6BB1, 0x7C32, 0x6BB1, 0x5330, 0x42CE, 0x3A4B, 0x52ED, 0x5B4E,
  0x532F, 0x3A6E, 0x42CE, 0x5BB0, 0x63F1, 0x5BB0, 0x5B90, 0x5B90, 0x5B8F, 0x7411, 0x7C31, 0x7C52,
  0x7411, 0x6BD1, 0x5B92, 0x73D2, 0x6BB1, 0x5330, 0x6BD2, 0x6BD5, 0x741A, 0x7C5B, 0x7C19, 0x63B5,
  0x6391, 0x6BB2, 0x8C9C, 0x94DD, 0x7C3C, 0x7C14, 0x4AEE, 0x224D, 0x6BF8, 0x7C1C, 0x5B79, 0x5B59,
  0xAD7C, 0xC63D, 0xB5BC, 0xC61D, 0xBDDD, 0xBDFC, 0x5BB5, 0x5353, 0x7C58, 0xBDDD, 0x761F, 0x12D0,
  0x5D5E, 0x9CFA, 0x7C35, 0x5B51, 0x428C, 0x3A2A, 0x3A6B, 0x426C, 0x3A6D, 0x42AD, 0x4ACD, 0x52ED,
  0x530E, 0x634F, 0x5B4E, 0x42CE, 0x21EA, 0x29C9, 0x19AA, 0x1105, 0x1105, 0x21A9, 0x21A9, 0x1126,
  0x1946, 0x2166, 0x21A8, 0x2187, 0x2167, 0x2986, 0x29A7, 0x29C7, 0x31C8, 0x31C8, 0x31C8, 0x31C8,
  0x31C8, 0x29C8, 0x31C8, 0x31E8, 0x3A09, 0x3A09, 0x3A29, 0x3A29, 0x3A29, 0x3A29, 0x3A29, 0x3209,
  0x31E9, 0x3A09, 0x3209, 0x3A09, 0x3A29, 0x3A29, 0x3209, 0x3209, 0x3209, 0x3229, 0x2A09, 0x2A09,
  0x2A09, 0x3209, 0x3209, 0x2A09, 0x322A, 0x322A, 0x3209, 0x3209, 0x29E9, 0x29E9, 0x29E9, 0x11A9,
  0x19A9, 0x19C9, 0x19A9, 0x21C9, 0x19A8, 0x1168, 0x1168, 0x1188, 0x19A8, 0x1188, 0x0968, 0x0968,
  0x1188, 0x1188, 0x0968, 0x0968, 0x1188, 0x19A9, 0x19A9, 0x21C9, 0x21C8, 0x21C8, 0x21C8, 0x21C9,
  0x29C9, 0x29E9, 0x21C9, 0x21C9, 0x1988, 0x1168, 0x0927, 0x00C5, 0x08E6, 0x08E6, 0x00E5, 0x00C5,
  0x00C5, 0x00C5, 0x08C5, 0x08E5, 0x08E5, 0x08E5, 0x0906, 0x08E5, 0x08C5, 0x00C5, 0x1967, 0x2A0A,
  0x29EA, 0x1147, 0x00C4, 0x1148, 0x2188, 0x21CA, 0x21A9, 0x29E9, 0x4AAC, 0x5B2E, 0x5B2F, 0x4AEF,
  0x42AF, 0x4ACE, 0x4ACE, 0x42AD, 0x42AE, 0x4AEF, 0x4AEF, 0x4AEF, 0x42D0, 0x5310, 0x4AEF, 0x4AEF,
  0x42AF, 0x3A8E, 0x530F, 0x5B70, 0x530F, 0x4ACE, 0x532F, 0x3A8E, 0x2A0C, 0x322C, 0x29EB, 0x29CA,
  0x21A9, 0x1169, 0x3B51, 0x5434, 0x3B92, 0x5C96, 0x5455, 0x5C96, 0x5CB7, 0x4C15, 0x43D4, 0x4C35,
  0x5476, 0x5CB7, 0x64F8, 0x6D19, 0x7518, 0x7D7A, 0x6D18, 0x54D7, 0x3ACE, 0x428C, 0x4ACF, 0x3AAF,
  0x21EC, 0x29EA, 0x4ACE, 0x5B4F, 0x530F, 0x6371, 0x6391, 0x6390, 0x42AE, 0x322C, 0x3A6E, 0x4AF0,
  0x4ACF, 0x42AE, 0x42AD, 0x4B0E, 0x430E, 0x3ACD, 0x638F, 0x7431, 0x532E, 0x6BD0, 0x6BD0, 0x6BD0,
  0x6BD0, 0x636F, 0x5310, 0x63B2, 0x73F2, 0x6BD2, 0x7412, 0x7C11, 0x7C12, 0x7C39, 0x847D, 0x7C5C,
  0x847A, 0x7C36, 0x8C7A, 0x94DD, 0x94BE, 0x7C16, 0x21CA, 0x7C96, 0xA59A, 0x8C9C, 0x639B, 0x741B,
  0x9D1B, 0xA53A, 0xC61D, 0xBDDC, 0xA55A, 0xB5BB, 0x9D3A, 0xAD9C, 0xC63F, 0xC61E, 0x6DFF, 0x1A8E,
  0x4D1E, 0x7C15, 0x5B10, 0x3A6C, 0x322A, 0x322B, 0x42AD, 0x530F, 0x5B50, 0x5B50, 0x6350, 0x6370,
  0x5B4F, 0x5B2E, 0x5B0E, 0x4AEE, 0x2A2D, 0x1189, 0x1968, 0x1127, 0x322A, 0x5B0E, 0x4ACE, 0x29C9,
  0x29A7, 0x4A8C, 0x530F, 0x428C, 0x42AD, 0x324C, 0x29A8, 0x2987, 0x29A7, 0x29C7, 0x29A7, 0x29A7,
  0x29C8, 0x31E8, 0x31E8, 0x31C8, 0x3208, 0x3A08, 0x31E8, 0x3209, 0x3A29, 0x3A29, 0x3A09, 0x3209,
  0x3209, 0x31E8, 0x3209, 0x3A29, 0x3209, 0x3209, 0x3209, 0x3209, 0x3209, 0x29E9, 0x29E9, 0x29E9,
  0x29E9, 0x29E9, 0x3209, 0x29E9, 0x322A, 0x322A, 0x3209, 0x29E9, 0x29E9, 0x21E9, 0x21C9, 0x19A9,
  0x19A9, 0x19A9, 0x19A9, 0x19A9, 0x1988, 0x0968, 0x1168, 0x19A8, 0x19A8, 0x1188, 0x1188, 0x1188,
  0x19A8, 0x19A8, 0x1168, 0x0968, 0x1188, 0x19A8, 0x21A9, 0x21C8, 0x21A8, 0x21A8, 0x21C8, 0x21C8,
  0x21C9, 0x21C9, 0x29C8, 0x29C8, 0x21C8, 0x19A8, 0x1968, 0x1127, 0x1968, 0x0906, 0x00E6, 0x08E6,
  0x00A4, 0x00A4, 0x00C5, 0x00A4, 0x0906, 0x1147, 0x0906, 0x08C5, 0x08C5, 0x1106, 0x29E9, 0x322A,
  0x320A, 0x1105, 0x00C5, 0x08E6, 0x1968, 0x21CA, 0x326D, 0x530F, 0x5B2E, 0x5B2E, 0x5B2F, 0x634F,
  0x530F, 0x3A6E, 0x4AAD, 0x42AD, 0x4ACE, 0x4ACF, 0x4AEF, 0x5B0E, 0x530F, 0x4ACF, 0x42CF, 0x42AF,
  0x42CF, 0x4AF0, 0x5330, 0x6390, 0x530F, 0x42AE, 0x42AE, 0x3A6E, 0x3A4D, 0x3A6D, 0x29EC, 0x19AB,
  0x21AB, 0x220C, 0x3331, 0x2AF0, 0x3B71, 0x5455, 0x4C35, 0x3BD3, 0x3392, 0x3392, 0x3BB3, 0x4435,
  0x5497, 0x5CD8, 0x6D19, 0x6CF8, 0x7519, 0x7559, 0x5CD7, 0x32EF, 0x2988, 0x29CA, 0x3A6D, 0x3A8E,
  0x324E, 0x5B30, 0x6370, 0x73D1, 0x6391, 0x4B10, 0x5B51, 0x5331, 0x3290, 0x2A2F, 0x42CF, 0x6370,
  0x4AF0, 0x428D, 0x42EE, 0x430E, 0x3A8C, 0x3AAC, 0x5B4E, 0x638F, 0x5B6E, 0x638F, 0x5B2D, 0x636E,
  0x636E, 0x5B4E, 0x530F, 0x73F2, 0x8452, 0x7C32, 0x7C12, 0x7C32, 0x7C11, 0x6BB1, 0x7419, 0x94DE,
  0xA53D, 0xA55D, 0xA55D, 0xA55D, 0xB5BE, 0x94FB, 0x73F4, 0x9D39, 0x6BF5, 0x849B, 0x9D1D, 0xA53D,
  0xB5DD, 0xAD7C, 0xBE1D, 0xA53B, 0x8499, 0xA59B, 0xCE5E, 0xDEBF, 0xBDFE, 0x7C5A, 0x4D5F, 0x120B,
  0x4D3E, 0x6392, 0x4AAE, 0x3A6D, 0x3A6D, 0x4AEF, 0x6372, 0x73F4, 0x8435, 0x7C35, 0x7C15, 0x7C14,
  0x73D3, 0x6BB1, 0x6370, 0x4ACE, 0x326E, 0x3A8E, 0x42AE, 0x3A8E, 0x530E, 0x5B2E, 0x42CE, 0x21C9,
  0x3A2A, 0x634F, 0x6B8F, 0x6B6F, 0x636F, 0x5330, 0x29EA, 0x29C9, 0x29EA, 0x2187, 0x29A7, 0x29A7,
  0x29A7, 0x29A7, 0x29A7, 0x29A8, 0x31C8, 0x31E8, 0x29C8, 0x31E9, 0x3A09, 0x3A09, 0x3209, 0x3A09,
  0x3A29, 0x31E9, 0x31E9, 0x3209, 0x3209, 0x29E9, 0x29E9, 0x29C9, 0x29C9, 0x29E9, 0x21C9, 0x3209,
  0x3209, 0x2A09, 0x3209, 0x29E9, 0x29E9, 0x3209, 0x3209, 0x29E9, 0x29E9, 0x29E9, 0x29E9, 0x21C9,
  0x21C9, 0x19A9, 0x19A9, 0x1189, 0x1189, 0x1168, 0x1168, 0x19A8, 0x19A8, 0x1188, 0x1168, 0x1168,
  0x1988, 0x21A8, 0x19A8, 0x1168, 0x1188, 0x19A8, 0x1988, 0x19A8, 0x19A8, 0x21A8, 0x21A8, 0x21A8,
  0x21A8, 0x21C8, 0x21A8, 0x21A8, 0x21A8, 0x2188, 0x1968, 0x1988, 0x1988, 0x1147, 0x1147, 0x1947,
  0x0906, 0x00C5, 0x00E7, 0x2A0A, 0x322B, 0x324B, 0x21CA, 0x08E6, 0x00C5, 0x1127, 0x29E9, 0x3A4B,
  0x3A4C, 0x21AA, 0x1148, 0x2A4E, 0x4AEF, 0x42CE, 0x4AEF, 0x530F, 0x634F, 0x5B4F, 0x634F, 0x5B2F,
  0x42CF, 0x42CE, 0x42AE, 0x4ACE, 0x632E, 0x5B0E, 0x4AEE, 0x5B2E, 0x530F, 0x42AF, 0x530F, 0x4AEF,
  0x530F, 0x5B0E, 0x5B2F, 0x5B0E, 0x52CD, 0x4AAD, 0x42AD, 0x428D, 0x3A4C, 0x322C, 0x2A0C, 0x29EB,
  0x3A4B, 0x322B, 0x22CF, 0x1A6D, 0x3330, 0x4C34, 0x5CB6, 0x4C35, 0x3372, 0x3372, 0x3BD4, 0x4436,
  0x5497, 0x64D8, 0x64F8, 0x6CF8, 0x64B8, 0x6D18, 0x5CB7, 0x19AB, 0x114A, 0x0929, 0x1149, 0x322D,
  0x3A8F, 0x4B0F, 0x6391, 0x63B2, 0x6390, 0x73D1, 0x6B91, 0x5B71, 0x5B51, 0x530F, 0x636F, 0x7BF1,
  0x6391, 0x5330, 0x6BF1, 0x6390, 0x3A8E, 0x42AD, 0x530D, 0x5B2D, 0x5B4E, 0x63AF, 0x5B4E, 0x5B2E,
  0x530E, 0x6B8F, 0x6390, 0x5B92, 0x73F2, 0x7C12, 0x7C32, 0x8432, 0x6BD1, 0x6BD1, 0x7C13, 0x8478,
  0xA57E, 0xAD9E, 0xB59D, 0xBDDE, 0xC65E, 0xD69F, 0xCE7E, 0x8496, 0x63B4, 0x741B, 0xA53D, 0xC63E,
  0xD69E, 0xC63E, 0xB5DE, 0xBE3D, 0xB63B, 0xB61B, 0xADBC, 0x9D3A, 0x7439, 0x5377, 0x3D1D, 0x0947,
  0x455F, 0x6BF4, 0x6371, 0x6372, 0x6BD3, 0x7C35, 0x8CB8, 0x9D1A, 0xA53B, 0xA53B, 0xA51B, 0x94FA,
  0x8C98, 0x8456, 0x73F4, 0x5B51, 0x42CF, 0x42AE, 0x52ED, 0x530E, 0x5B2E, 0x52EE, 0x3A8F, 0x324D,
  0x52ED, 0x6BAF, 0x6BAF, 0x6B6F, 0x532F, 0x3AAE, 0x42AD, 0x530E, 0x532F, 0x2A0B, 0x2167, 0x2187,
  0x2167, 0x2187, 0x2187, 0x29A7, 0x29C8, 0x29C8, 0x29C8, 0x31C8, 0x31E9, 0x3A09, 0x3209, 0x3209,
  0x29C8, 0x29C8, 0x31E8, 0x31E9, 0x3209, 0x29C9, 0x21A8, 0x21A8, 0x21A8, 0x21A8, 0x21C8, 0x29E9,
  0x29E9, 0x29E9, 0x3209, 0x29E9, 0x29C9, 0x29E9, 0x29E9, 0x29E9, 0x29E9, 0x29E9, 0x29E9, 0x21E9,
  0x21C9, 0x21C9, 0x21C9, 0x21C9, 0x0969, 0x1169, 0x1989, 0x19A8, 0x1988, 0x1168, 0x1188, 0x1988,
  0x1988, 0x19A8, 0x19A8, 0x1988, 0x1168, 0x1168, 0x1988, 0x1988, 0x1988, 0x19A8, 0x1988, 0x1988,
  0x1988, 0x21A8, 0x1988, 0x1967, 0x2188, 0x2188, 0x2188, 0x1988, 0x21A8, 0x21A8, 0x1967, 0x1946,
  0x1147, 0x1148, 0x2A0B, 0x42AD, 0x322B, 0x29E9, 0x2A0A, 0x1168, 0x0927, 0x29EA, 0x320A, 0x3A4B,
  0x428C, 0x324D, 0x21EA, 0x322C, 0x326E, 0x42CE, 0x530F, 0x5B2F, 0x5B4F, 0x634F, 0x634F, 0x634E,
  0x52EE, 0x5B0E, 0x5B0E, 0x634E, 0x634E, 0x4ACE, 0x3A8E, 0x42AF, 0x42AF, 0x42AF, 0x52EF, 0x530F,
  0x52EE, 0x4ACE, 0x5B0E, 0x4AAD, 0x426D, 0x4AAD, 0x4AAC, 0x426C, 0x4A8B, 0x322B, 0x29EC, 0x322C,
  0x426B, 0x320A, 0x222C, 0x22D0, 0x3B93, 0x4C56, 0x64F8, 0x5CD7, 0x3393, 0x3393, 0x3BF5, 0x4C56,
  0x5497, 0x5CD8, 0x64D8, 0x64D8, 0x64B7, 0x6CD8, 0x5414, 0x19AC, 0x19AB, 0x21AB, 0x322C, 0x4AAD,
  0x4AEF, 0x530F, 0x6370, 0x6391, 0x6390, 0x6BB0, 0x6BB0, 0x6B90, 0x6BB0, 0x6370, 0x530F, 0x63B0,
  0x7C11, 0x5B91, 0x5331, 0x4AD0, 0x4AF0, 0x530F, 0x42AE, 0x530E, 0x5B4E, 0x532F, 0x3AB0, 0x3270,
  0x3290, 0x5330, 0x5B50, 0x63B2, 0x73F2, 0x73F1, 0x6371, 0x6BB2, 0x6BB1, 0x8432, 0x7C12, 0x6391,
  0x8478, 0x94DC, 0xB59D, 0xD67F, 0xC65E, 0xC65D, 0xDEFF, 0x9518, 0x6C15, 0x94DB, 0x7C3B, 0xD6BF,
  0xE6FF, 0xD67F, 0xA57D, 0xAE3C, 0xBE5B, 0xB5FB, 0x8498, 0x7C78, 0x94FA, 0x953C, 0x34FD, 0x08C4,
  0x34BB, 0x6436, 0x7BF4, 0x8C98, 0x9D1A, 0xA55B, 0xAD9D, 0xB5BD, 0xB59D, 0xAD7D, 0xAD5D, 0xA53C,
  0x9CFB, 0x8CB9, 0x7417, 0x6394, 0x5B51, 0x42D0, 0x4ACF, 0x5B2E, 0x634E, 0x5B2E, 0x5B2F, 0x530F,
  0x5B2F, 0x6B8F, 0x6B6F, 0x636F, 0x636F, 0x532F, 0x5B70, 0x5B6F, 0x530F, 0x322C, 0x1967, 0x1967,
  0x1967, 0x1967, 0x2188, 0x2187, 0x2187, 0x2187, 0x29A8, 0x31C8, 0x31C8, 0x31E8, 0x3209, 0x31E8,
  0x29C8, 0x29C8, 0x31E8, 0x29C8, 0x29A8, 0x21A8, 0x21A8, 0x21A8, 0x21A8, 0x21A8, 0x21A8, 0x21A8,
  0x29C8, 0x29E9, 0x29E9, 0x29C9, 0x29E9, 0x29E9, 0x21A8, 0x21A8, 0x21C8, 0x21C9, 0x29E9, 0x29E9,
  0x21C9, 0x21C9, 0x19A9, 0x19A8, 0x19A9, 0x1189, 0x1989, 0x1188, 0x0948, 0x1168, 0x1988, 0x1988,
  0x1988, 0x1988, 0x1988, 0x1988, 0x1168, 0x1168, 0x1168, 0x1968, 0x1168, 0x1168, 0x1168, 0x1167,
  0x1967, 0x1988, 0x1988, 0x1988, 0x1147, 0x1967, 0x2187, 0x21A8, 0x29EA, 0x29E9, 0x1968, 0x1126,
  0x1147, 0x29EA, 0x428C, 0x428C, 0x428D, 0x2A0B, 0x1968, 0x21AA, 0x2A0C, 0x2A2C, 0x324C, 0x3A4C,
  0x4AAC, 0x4AAC, 0x3A6D, 0x324D, 0x3A8E, 0x42CE, 0x4AEE, 0x5B2F, 0x634F, 0x636F, 0x5B2E, 0x5B0E,
  0x5B0D, 0x52ED, 0x52ED, 0x632E, 0x530E, 0x428E, 0x42AE, 0x4ACE, 0x4ACE, 0x52EE, 0x5B0E, 0x5B0E,
  0x52EE, 0x4AAE, 0x3A6E, 0x4ACE, 0x426D, 0x3A6D, 0x426C, 0x426C, 0x322C, 0x324E, 0x326F, 0x2A0D,
  0x320B, 0x3A0A, 0x2A0A, 0x1A2D, 0x3310, 0x5C96, 0x64D7, 0x5434, 0x3BB3, 0x33B3, 0x43F5, 0x4C56,
  0x5497, 0x5C97, 0x5CD8, 0x64F8, 0x6CF8, 0x7539, 0x4BB3, 0x21AA, 0x322B, 0x428D, 0x52EE, 0x530F,
  0x5B2F, 0x4AEE, 0x530E, 0x6390, 0x6390, 0x6390, 0x6BD1, 0x6BB0, 0x6BB0, 0x6370, 0x42AF, 0x42D0,
  0x5351, 0x5B52, 0x6BB1, 0x5B50, 0x5B50, 0x6370, 0x42AF, 0x42AF, 0x52EE, 0x3A90, 0x3AB2, 0x6392,
  0x5333, 0x42D2, 0x3AB1, 0x5B71, 0x6BB1, 0x42B0, 0x42D1, 0x5B72, 0x5B71, 0x73D1, 0x5B51, 0x530F,
  0x5B2F, 0x5B51, 0x8477, 0xCE7F, 0xD6BE, 0xCE7E, 0xDEFF, 0xC63E, 0x8CB9, 0xA55C, 0x6BF4, 0xBE3C,
  0xEF3F, 0xB5BE, 0x951C, 0x9D9A, 0x955A, 0xBDFC, 0xC63D, 0xD69E, 0xE6DF, 0xBEBF, 0x2CDC, 0x0062,
  0x2C59, 0x6457, 0x8436, 0x9D3B, 0xB5BD, 0xBDDD, 0xB59D, 0xA53B, 0x9CFA, 0x94B8, 0x8C78, 0x8C77,
  0x8457, 0x7C36, 0x73F6, 0x63B4, 0x5B72, 0x5331, 0x4AF0, 0x42CF, 0x530F, 0x6B6E, 0x6B8F, 0x6B8F,
  0x6B6F, 0x636F, 0x5B4F, 0x5B4F, 0x636F, 0x6BB0, 0x5B4F, 0x4AEF, 0x5B4F, 0x3AAF, 0x1989, 0x1946,
  0x1967, 0x29EA, 0x326C, 0x2A0B, 0x1967, 0x2187, 0x29A7, 0x21A8, 0x31E9, 0x3209, 0x29A8, 0x21A7,
  0x29A7, 0x29A7, 0x21A7, 0x2187, 0x2187, 0x1967, 0x1988, 0x2188, 0x21A8, 0x29C8, 0x21A8, 0x29C8,
  0x29C8, 0x21A8, 0x21C8, 0x29C8, 0x29C9, 0x29C8, 0x21A8, 0x21A8, 0x21C8, 0x21C8, 0x21C9, 0x21A9,
  0x19A8, 0x21C9, 0x21C9, 0x21A8, 0x19A8, 0x1168, 0x1988, 0x1188, 0x0948, 0x0948, 0x0948, 0x1147,
  0x19A9, 0x19C9, 0x1988, 0x1168, 0x1167, 0x1147, 0x1147, 0x1168, 0x1167, 0x1147, 0x1147, 0x1148,
  0x1189, 0x2A0B, 0x326C, 0x326C, 0x2A0B, 0x1968, 0x1947, 0x21A8, 0x21C9, 0x2188, 0x21CA, 0x29EB,
  0x1968, 0x19AA, 0x3A6C, 0x4AAD, 0x4ACD, 0x3A6D, 0x220C, 0x2A2D, 0x324D, 0x4AAD, 0x4AAD, 0x4AAE,
  0x428D, 0x42AD, 0x3A8D, 0x3A6D, 0x4ACE, 0x530E, 0x4ACE, 0x530E, 0x5B4E, 0x5B4E, 0x52EE, 0x4ACE,
  0x52CD, 0x4ACD, 0x52ED, 0x632E, 0x52EE, 0x4AAE, 0x4ACE, 0x4ACE, 0x4ACE, 0x52EE, 0x52EE, 0x42AE,
  0x42AE, 0x4AAD, 0x428E, 0x4AEF, 0x428D, 0x3A4C, 0x322C, 0x2A0D, 0x324E, 0x42CF, 0x530F, 0x3A8E,
  0x21ED, 0x19AB, 0x21CB, 0x1A0C, 0x3BB3, 0x5CB6, 0x5C96, 0x5435, 0x4415, 0x3BF5, 0x4415, 0x4C56,
  0x5497, 0x5CB8, 0x64F8, 0x6D39, 0x755A, 0x6D19, 0x5435, 0x3B31, 0x224E, 0x428D, 0x52EE, 0x4AEE,
  0x42CF, 0x4ACE, 0x530E, 0x5B6F, 0x5B70, 0x6390, 0x6BB0, 0x73F1, 0x6390, 0x5B2F, 0x4B10, 0x5B71,
  0x5B71, 0x73D1, 0x73D1, 0x73D1, 0x6BB1, 0x5B51, 0x4B10, 0x4AF0, 0x3270, 0x42B0, 0x6371, 0x73F2,
  0x6393, 0x63B3, 0x5B72, 0x42F1, 0x3AB1, 0x3270, 0x6392, 0x7C34, 0x5B54, 0x6395, 0x6BD5, 0x73F5,
  0x73D3, 0x6B90, 0x73D2, 0xB5BC, 0xDEFF, 0xCE7F, 0xD6BF, 0xDEFF, 0xB5DD, 0xC63E, 0xBE1C, 0xBDFD,
  0xCE7F, 0xA55D, 0x94F9, 0x8CD8, 0xC65D, 0xE71F, 0xCE7E, 0xC63E, 0xCE5F, 0xA65F, 0x2C79, 0x0000,
  0x23B5, 0x6D3B, 0x9498, 0xA55C, 0xBDDD, 0xB5BD, 0xA51B, 0x8477, 0x73D4, 0x5B72, 0x5B51, 0x6370,
  0x6371, 0x5B51, 0x5B52, 0x5B72, 0x5B72, 0x5B71, 0x5B50, 0x5310, 0x4AEF, 0x532F, 0x6B8F, 0x73AF,
  0x6B8F, 0x6B8F, 0x6B8F, 0x6B8F, 0x6BB0, 0x6B90, 0x5B4F, 0x532F, 0x5B2F, 0x3AAF, 0x21EB, 0x2A0A,
  0x2A0B, 0x426C, 0x42AC, 0x2A0B, 0x1967, 0x1946, 0x2187, 0x3A4B, 0x4AAD, 0x42AC, 0x29EA, 0x21C9,
  0x1967, 0x2167, 0x1967, 0x1967, 0x2187, 0x2187, 0x2187, 0x1988, 0x2188, 0x21A8, 0x21A8, 0x29C8,
  0x21A8, 0x21A8, 0x21A8, 0x2188, 0x21A8, 0x21C8, 0x21A8, 0x21C8, 0x21A8, 0x21A8, 0x1988, 0x19A8,
  0x21A8, 0x21A8, 0x1988, 0x1988, 0x1968, 0x1168, 0x0948, 0x0947, 0x0948, 0x0947, 0x0107, 0x1989,
  0x2A2B, 0x324B, 0x2A0B, 0x19CA, 0x1147, 0x1127, 0x1147, 0x1147, 0x1127, 0x0927, 0x1148, 0x2A2C,
  0x322B, 0x322A, 0x3A6B, 0x322B, 0x3A8C, 0x21CA, 0x1147, 0x1988, 0x21A8, 0x1988, 0x324C, 0x326D,
  0x2A2C, 0x324C, 0x428C, 0x428D, 0x4ACD, 0x428D, 0x3A6D, 0x428D, 0x428D, 0x4AAD, 0x4AEE, 0x5B0E,
  0x42AD, 0x3A6D, 0x42AE, 0x52EE, 0x530E, 0x52EE, 0x4AAE, 0x4AEE, 0x530E, 0x52EE, 0x42AD, 0x42AD,
  0x4AAD, 0x52CD, 0x4ACD, 0x4ACE, 0x42AE, 0x4ACE, 0x634E, 0x5B2E, 0x5B2E, 0x4ACF, 0x3A8F, 0x3A6E,
  0x324E, 0x3A4D, 0x42AD, 0x4AEE, 0x3A6D, 0x322C, 0x322C, 0x324C, 0x42AE, 0x52EE, 0x428D, 0x3A6E,
  0x322D, 0x2A0C, 0x3A2B, 0x324C, 0x3B92, 0x5D17, 0x6D58, 0x7559, 0x5CB7, 0x4435, 0x4C56, 0x5497,
  0x5CB8, 0x6519, 0x757A, 0x7D9B, 0x6D1A, 0x6CF9, 0x5C76, 0xAE5C, 0x85BC, 0x42EF, 0x428C, 0x322D,
  0x3A6D, 0x5B2E, 0x5B4F, 0x532F, 0x532F, 0x634F, 0x5B4F, 0x532F, 0x5B2F, 0x42D0, 0x5331, 0x6391,
  0x6BB0, 0x6B90, 0x6B90, 0x6BB0, 0x73B0, 0x6BB1, 0x6BB1, 0x4B11, 0x42F2, 0x5B72, 0x5331, 0x6BD2,
  0x7C33, 0x7C33, 0x6BB2, 0x73D2, 0x6392, 0x5314, 0x8459, 0x94DD, 0x7C3C, 0x73FC, 0x847D, 0xAD7E,
  0xBDFE, 0xA55A, 0x73F2, 0x7C38, 0xA53A, 0xAD7C, 0xBDFE, 0xDF1F, 0xDEDE, 0xD69E, 0xD6BF, 0xC63F,
  0xBDFF, 0x9D3B, 0xAD9B, 0xCE9E, 0xF77F, 0xE71F, 0xCE7E, 0xA59C, 0x8C98, 0x755D, 0x23D5, 0x0000,
  0x1B11, 0x7DDF, 0xB55B, 0xB59D, 0xBDDD, 0xB59C, 0x9CFA, 0x7C16, 0x5B51, 0x42AE, 0x3A6D, 0x428C,
  0x4ACC, 0x52ED, 0x530E, 0x530F, 0x634F, 0x636F, 0x636F, 0x6B6F, 0x5B4F, 0x532F, 0x634F, 0x6B8F,
  0x6B8F, 0x6B8F, 0x6B8F, 0x6B8F, 0x6390, 0x638F, 0x5B4F, 0x5330, 0x42EF, 0x3A8F, 0x328E, 0x42AE,
  0x3A8E, 0x42AE, 0x3A8E, 0x21EB, 0x3A6C, 0x21A9, 0x29A8, 0x426B, 0x4ACD, 0x3A4C, 0x21A8, 0x2A0B,
  0x19A9, 0x1967, 0x2167, 0x2187, 0x21A8, 0x29E9, 0x21A8, 0x1987, 0x1967, 0x1967, 0x1968, 0x1988,
  0x2188, 0x1988, 0x1988, 0x1988, 0x2188, 0x21A8, 0x19A8, 0x21A8, 0x1968, 0x1968, 0x1988, 0x1988,
  0x21A8, 0x1988, 0x1147, 0x1147, 0x1167, 0x1147, 0x0927, 0x0927, 0x1147, 0x1147, 0x19A9, 0x2A0A,
  0x2A0A, 0x2A0A, 0x2A0A, 0x21EA, 0x1189, 0x19A9, 0x1189, 0x1189, 0x0927, 0x0927, 0x0948, 0x19EB,
  0x2A0B, 0x324B, 0x3A6C, 0x3A6C, 0x3A8C, 0x2A2C, 0x19CB, 0x21CA, 0x21CA, 0x19AA, 0x322C, 0x42AD,
  0x324D, 0x2A2C, 0x324D, 0x42AD, 0x52ED, 0x52CD, 0x52CD, 0x42AD, 0x3A6E, 0x3A8E, 0x530E, 0x5B2E,
  0x42AE, 0x3A8E, 0x3A8D, 0x52CD, 0x5B0E, 0x5B0E, 0x530E, 0x42AD, 0x428E, 0x52EE, 0x42AE, 0x3A6E,
  0x326F, 0x326E, 0x326E, 0x3A8E, 0x42AD, 0x52ED, 0x632E, 0x52EE, 0x4ACF, 0x42CF, 0x3A8F, 0x326F,
  0x42AF, 0x3A6F, 0x2A2E, 0x428E, 0x322D, 0x426C, 0x428C, 0x3A6D, 0x4ACD, 0x4A8D, 0x428D, 0x52EE,
  0x428D, 0x4AAD, 0x428C, 0x322B, 0x224D, 0x4414, 0x5497, 0x5497, 0x5497, 0x5497, 0x54B8, 0x5CB8,
  0x6D19, 0x7D9B, 0x85DC, 0x755A, 0x64F9, 0x6D19, 0x64B7, 0xA5FA, 0xCF5F, 0x5C77, 0x3A2B, 0x322C,
  0x3A6C, 0x530E, 0x328E, 0x4B0F, 0x5B2E, 0x5B4F, 0x634F, 0x428E, 0x326F, 0x4B10, 0x5B71, 0x4AF0,
  0x530F, 0x6B90, 0x73B0, 0x73B0, 0x73B0, 0x6BB0, 0x73B0, 0x5331, 0x42F2, 0x7413, 0x7C33, 0x8C73,
  0x8453, 0x7C12, 0x7C12, 0x6BB2, 0x5353, 0x6BB5, 0x6BD6, 0x6396, 0x5B77, 0x6BB6, 0x94DA, 0xAD9E,
  0xBDFE, 0xDEFF, 0xAD9A, 0x6BB5, 0x7C58, 0x63B5, 0x7478, 0xBE5C, 0xF77F, 0xD69F, 0xD6BE, 0xC67E,
  0x953B, 0xBE1D, 0xCE9E, 0xE71F, 0xE73F, 0xE73F, 0xDEFE, 0xA57A, 0x7BF5, 0x553D, 0x1AF1, 0x0000,
  0x122B, 0x75FF, 0xB59C, 0xAD7C, 0xAD9C, 0xAD7C, 0x9D1A, 0x8457, 0x6BB3, 0x4AF0, 0x428D, 0x428C,
  0x428B, 0x52EC, 0x52ED, 0x5B0D, 0x5B2E, 0x5B2E, 0x636E, 0x6B6E, 0x6B6E, 0x636F, 0x636F, 0x6B8F,
  0x636F, 0x636F, 0x636F, 0x636F, 0x636F, 0x6BAF, 0x636F, 0x5B50, 0x532F, 0x328F, 0x3A8E, 0x42AE,
  0x4ACE, 0x42CE, 0x4ACE, 0x42AE, 0x530E, 0x326E, 0x322C, 0x428D, 0x52EE, 0x4AEE, 0x2A2C, 0x1989,
  0x1988, 0x1967, 0x1966, 0x2188, 0x322B, 0x3A6B, 0x324C, 0x21C9, 0x1987, 0x1967, 0x1967, 0x1967,
  0x1988, 0x2188, 0x21A8, 0x21A8, 0x1988, 0x1147, 0x1148, 0x1967, 0x1167, 0x0947, 0x1147, 0x1147,
  0x1167, 0x1147, 0x0927, 0x1147, 0x1147, 0x0948, 0x0948, 0x0927, 0x1127, 0x1148, 0x19A9, 0x21C9,
  0x2A0A, 0x2A2A, 0x21E9, 0x1989, 0x322B, 0x2A2B, 0x19EB, 0x220C, 0x11AA, 0x21EA, 0x19CB, 0x2A2C,
  0x3A8C, 0x3A6C, 0x428C, 0x428C, 0x3A6C, 0x3A6C, 0x3A4C, 0x3A6C, 0x324C, 0x324C, 0x324C, 0x428C,
  0x3A6C, 0x324D, 0x3A6C, 0x4ACD, 0x530D, 0x4ACD, 0x428D, 0x3A8E, 0x52EE, 0x530E, 0x4ACE, 0x4ACE,
  0x52EE, 0x4ACD, 0x3A6D, 0x4ACE, 0x5B2E, 0x634E, 0x5B0E, 0x428D, 0x42AD, 0x4ACD, 0x3AAF, 0x5310,
  0x6371, 0x5B51, 0x3AB0, 0x42B0, 0x42AF, 0x4AAD, 0x52CD, 0x3A8E, 0x4ACF, 0x5B0F, 0x52EE, 0x3A8F,
  0x4AEF, 0x4ACF, 0x3A8E, 0x3A6E, 0x324E, 0x2A2D, 0x428D, 0x428D, 0x3A6D, 0x42AE, 0x52EE, 0x4ACE,
  0x322C, 0x3A4C, 0x428C, 0x3A4C, 0x322C, 0x2AD0, 0x3BD4, 0x43F5, 0x4C36, 0x5476, 0x64D8, 0x6D3A,
  0x7D9B, 0x7DBC, 0x757A, 0x6519, 0x64F9, 0x6D39, 0x7539, 0x9E1C, 0xA69E, 0x85FD, 0x3B53, 0x29EB,
  0x428C, 0x42AD, 0x222E, 0x42CE, 0x5B2E, 0x634E, 0x4AEE, 0x3A8E, 0x5310, 0x4AF0, 0x4ACF, 0x42AF,
  0x634F, 0x6BB0, 0x7BF1, 0x7C11, 0x7BF1, 0x7BF1, 0x6370, 0x42D0, 0x5B51, 0x8C74, 0x8474, 0x7413,
  0x7C33, 0x8452, 0x8453, 0x6BB2, 0x7C12, 0x6BB1, 0x5B71, 0x7BF1, 0x7C11, 0x6BB0, 0x7C12, 0x7C34,
  0x8475, 0x9D3A, 0xC65E, 0xB5BC, 0xC63E, 0xC63D, 0x84B7, 0x7CB6, 0xBE7D, 0xCE9F, 0xC63D, 0x8CD8,
  0x7C99, 0xBE1E, 0xCE7E, 0xCE7E, 0xDEFF, 0xDEFE, 0xCE7D, 0xD6BF, 0xDEBE, 0x5E1F, 0x0A0C, 0x0000,
  0x0967, 0x557E, 0x9CF9, 0x8C97, 0x8C97, 0x9CFA, 0xA53B, 0x9CFB, 0x8C98, 0x73F5, 0x6371, 0x52EE,
  0x42AC, 0x4AAC, 0x52ED, 0x5B2D, 0x634E, 0x530D, 0x5B0D, 0x6B4E, 0x6B8F, 0x6B8F, 0x6B8F, 0x6B8F,
  0x636F, 0x636F, 0x6B6F, 0x6B6F, 0x6B6F, 0x636F, 0x5B2F, 0x4B0F, 0x5B2F, 0x530F, 0x4AEF, 0x4AEF,
  0x530F, 0x3AAF, 0x4ACE, 0x3A8E, 0x3A8E, 0x3AAF, 0x42CF, 0x530F, 0x5B2F, 0x5B4F, 0x42AE, 0x326D,
  0x2A0C, 0x19A9, 0x21EB, 0x21A9, 0x29E9, 0x320A, 0x2A0A, 0x2A2B, 0x1988, 0x1967, 0x1967, 0x1967,
  0x1167, 0x1147, 0x1967, 0x1968, 0x1147, 0x1147, 0x0927, 0x1168, 0x21EA, 0x29EA, 0x19A9, 0x0927,
  0x0906, 0x0927, 0x0927, 0x1126, 0x1167, 0x29EA, 0x21EB, 0x19AA, 0x1189, 0x19AA, 0x19AA, 0x2A0A,
  0x324B, 0x322A, 0x2A0A, 0x2A0A, 0x324B, 0x220B, 0x220C, 0x324C, 0x2A0C, 0x2A0B, 0x324C, 0x324C,
  0x3A6C, 0x42AC, 0x42AC, 0x42AC, 0x3A6C, 0x3A6C, 0x2A2C, 0x324D, 0x324D, 0x324C, 0x3A8C, 0x3A8C,
  0x4ACC, 0x4ACC, 0x42AC, 0x4AAC, 0x4ACD, 0x324D, 0x324D, 0x4ACE, 0x5B0E, 0x5B0E, 0x4ACD, 0x4ACD,
  0x4ACD, 0x42AD, 0x52EE, 0x4ACE, 0x4ACE, 0x5B2E, 0x530E, 0x4AAE, 0x4AAD, 0x3A6E, 0x5310, 0x5B50,
  0x5330, 0x5B51, 0x42D0, 0x530F, 0x52EF, 0x326E, 0x324D, 0x4ACE, 0x634F, 0x5B2F, 0x4ACF, 0x326E,
  0x4ACE, 0x4AAE, 0x428D, 0x4ACE, 0x52EE, 0x3A6E, 0x324E, 0x42AE, 0x3A6E, 0x42AE, 0x52EE, 0x3A6D,
  0x2A0C, 0x3A2C, 0x4AAC, 0x426C, 0x322B, 0x32CF, 0x4415, 0x4415, 0x4C56, 0x64F8, 0x6D5A, 0x6D5B,
  0x6D3A, 0x6D39, 0x64F9, 0x5CD8, 0x64F8, 0x7539, 0x857A, 0x9E7E, 0x9E7F, 0xA69F, 0x85FD, 0x4373,
  0x42AD, 0x4ACD, 0x3A6D, 0x52ED, 0x634E, 0x5B2F, 0x3A8F, 0x4AF0, 0x5B50, 0x4AEF, 0x4AEE, 0x52EE,
  0x5B2F, 0x5B4F, 0x6390, 0x73F1, 0x6BB1, 0x73D0, 0x6BB0, 0x42D1, 0x6392, 0x73F3, 0x6BD3, 0x7C13,
  0x7C33, 0x8453, 0x8453, 0x5B72, 0x6BD2, 0x8C52, 0x7C12, 0x8452, 0x7C12, 0x73D1, 0x7C12, 0x73D1,
  0x5B75, 0x8CBA, 0xAD9C, 0xC63F, 0xCE7F, 0xBE1D, 0xA59A, 0xCEBD, 0xC69E, 0xBE5E, 0xC63D, 0xBE1D,
  0x9D5D, 0xA57C, 0xBE1D, 0xAD7B, 0xADDA, 0xA5DA, 0xD6DF, 0xE71F, 0xDEDF, 0x55DF, 0x0968, 0x0000,
  0x0083, 0x3D1C, 0x7435, 0x5B51, 0x5B52, 0x6BD4, 0x8498, 0x9D1B, 0x9D1C, 0x94DA, 0x7C36, 0x6372,
  0x4AEE, 0x3A4C, 0x3A6C, 0x52ED, 0x5B2D, 0x5B0D, 0x5B0D, 0x632E, 0x6B6E, 0x6B6E, 0x6B8F, 0x636E,
  0x634E, 0x6B6F, 0x6B8F, 0x6B6E, 0x634E, 0x634F, 0x5B2E, 0x52EE, 0x4ACE, 0x4ACF, 0x42CF, 0x4B0F,
  0x5B2F, 0x530F, 0x4AEF, 0x4ACE, 0x42CF, 0x52EF, 0x634F, 0x636F, 0x5B2E, 0x5B2E, 0x4AEE, 0x4AEE,
  0x326D, 0x2A2C, 0x3AAF, 0x2A0C, 0x29EA, 0x326C, 0x2A0B, 0x21CA, 0x1989, 0x1126, 0x1147, 0x21C9,
  0x21C9, 0x1147, 0x1127, 0x1127, 0x0926, 0x1126, 0x1127, 0x21C9, 0x320A, 0x322A, 0x29EA, 0x0948,
  0x0107, 0x1169, 0x1169, 0x1148, 0x19A9, 0x2A0B, 0x324C, 0x322C, 0x21EC, 0x220B, 0x220B, 0x2A2A,
  0x324B, 0x322A, 0x2A2A, 0x220A, 0x19CA, 0x21EB, 0x326C, 0x324C, 0x3A6C, 0x324C, 0x3A6C, 0x324C,
  0x3A6C, 0x3A6C, 0x42AC, 0x42AC, 0x3A6C, 0x3A8D, 0x428D, 0x4ACD, 0x4ACD, 0x3A8D, 0x3A6D, 0x3A4C,
  0x428C, 0x3A6C, 0x3A6D, 0x324D, 0x324D, 0x3A4D, 0x4ACD, 0x5B2E, 0x5B2E, 0x5B0E, 0x52ED, 0x52ED,
  0x42AD, 0x326E, 0x3A8E, 0x42AE, 0x4ACE, 0x632E, 0x530E, 0x52EE, 0x4AAD, 0x3A8F, 0x4AF0, 0x5310,
  0x5330, 0x5B50, 0x5B2F, 0x5B0F, 0x4ACF, 0x326F, 0x2A2E, 0x3A8E, 0x52EE, 0x52EE, 0x42AE, 0x4AAE,
  0x4ACE, 0x4AAD, 0x428D, 0x4AAE, 0x4ACE, 0x322D, 0x324E, 0x3A6E, 0x3A6D, 0x2A0D, 0x3A6D, 0x42AD,
  0x428D, 0x3A4B, 0x426B, 0x3A4B, 0x320B, 0x3A4C, 0x3B72, 0x6D3A, 0x7D7A, 0x3BD5, 0x4C98, 0x54D8,
  0x64D8, 0x64D8, 0x5CB7, 0x5CB7, 0x64F8, 0x7519, 0x961C, 0xA69F, 0xA69F, 0xAEBF, 0xB6DF, 0x961D,
  0x5CB8, 0x43F5, 0x43B4, 0x4330, 0x5B4F, 0x4ACE, 0x42CF, 0x5330, 0x530F, 0x4ACE, 0x5B2E, 0x6B8F,
  0x6390, 0x4AF0, 0x326F, 0x3A90, 0x3A90, 0x42AF, 0x42AF, 0x5352, 0x7C13, 0x6BB2, 0x7BF2, 0x8432,
  0x8452, 0x7412, 0x7413, 0x7413, 0x8453, 0x94B3, 0x94D4, 0x8C93, 0x7C32, 0x7C11, 0x7BF1, 0x73F5,
  0x8CDC, 0x9D1B, 0x6BD4, 0x7439, 0x849B, 0xADBB, 0xD6BE, 0xD6DF, 0xD6BF, 0xBE5E, 0xC67E, 0xD6BF,
  0xC65E, 0xCE9E, 0xDF1F, 0xB61B, 0x84F7, 0xAE3C, 0xADBD, 0xA53B, 0xAE1E, 0x457E, 0x00A3, 0x0000,
  0x0000, 0x3499, 0x53D4, 0x426C, 0x324C, 0x428E, 0x6B93, 0x8457, 0x94FB, 0x9D1C, 0x8CBA, 0x7416,
  0x5B51, 0x4AAD, 0x3A6C, 0x428C, 0x5B0D, 0x632D, 0x632D, 0x632D, 0x5B0E, 0x530E, 0x5B2E, 0x634E,
  0x634E, 0x634E, 0x636E, 0x634E, 0x634E, 0x5B4E, 0x5B2E, 0x5B2E, 0x4AEE, 0x42AE, 0x3AAF, 0x42CF,
  0x636F, 0x634F, 0x5B2F, 0x5B2F, 0x530E, 0x634E, 0x6B6F, 0x634F, 0x5B2F, 0x530F, 0x4AEF, 0x4ACE,
  0x42AE, 0x4AEE, 0x4AEE, 0x326E, 0x324D, 0x3AAD, 0x326D, 0x1968, 0x0906, 0x1106, 0x21A8, 0x29EA,
  0x21A8, 0x1147, 0x0906, 0x0907, 0x1168, 0x1148, 0x1148, 0x19A9, 0x29E9, 0x2A0A, 0x21EA, 0x19CA,
  0x19AA, 0x220B, 0x2A0C, 0x220C, 0x2A0B, 0x2A2B, 0x3A6B, 0x3A6B, 0x2A2C, 0x2A2C, 0x2A4C, 0x2A2B,
  0x2A2B, 0x2A2B, 0x21EB, 0x19CB, 0x11CB, 0x220B, 0x3A8C, 0x3A8C, 0x3A6C, 0x324C, 0x324C, 0x3A6C,
  0x428C, 0x428C, 0x4ACD, 0x4AAC, 0x428C, 0x428C, 0x42AD, 0x52ED, 0x52ED, 0x4ACD, 0x3A8D, 0x3A6C,
  0x324D, 0x3A6D, 0x3A6D, 0x324D, 0x3A6C, 0x4AAD, 0x4ACD, 0x4AAD, 0x52ED, 0x5B0D, 0x52ED, 0x428D,
  0x3A8E, 0x530F, 0x52EF, 0x42AE, 0x52EE, 0x52EE, 0x4AAD, 0x42AE, 0x3A8F, 0x3A8F, 0x42D0, 0x5B50,
  0x6370, 0x6350, 0x5B2F, 0x42AF, 0x5310, 0x42D0, 0x428E, 0x428D, 0x326F, 0x42AE, 0x52EE, 0x4ACE,
  0x4AAE, 0x52EE, 0x5B0E, 0x5B0F, 0x52EE, 0x324D, 0x322D, 0x3A4D, 0x428D, 0x3A4D, 0x322C, 0x42AD,
  0x428D, 0x426C, 0x3A2A, 0x320A, 0x21EC, 0x4BF4, 0x6D19, 0x9E7E, 0xBEDD, 0x3352, 0x3BF5, 0x5497,
  0x5CB7, 0x5C97, 0x5477, 0x5CB7, 0x64F8, 0x857A, 0xA69E, 0xA6BF, 0xB6DF, 0xB6DF, 0xAEDF, 0x9E7E,
  0x963E, 0x8E3D, 0x965E, 0x759C, 0x4C37, 0x2A8F, 0x3A6D, 0x4AAD, 0x42AD, 0x3A6C, 0x5B0E, 0x638F,
  0x6BB0, 0x5B50, 0x42AF, 0x4AF0, 0x4B11, 0x4B10, 0x4AEF, 0x4AF0, 0x6BB2, 0x7BF2, 0x7BF1, 0x6391,
  0x73D2, 0x7C33, 0x73F3, 0x73F3, 0x8C73, 0x8C73, 0x8C93, 0x8452, 0x8452, 0x6BB4, 0x6BB8, 0x847B,
  0xB5BD, 0xBE1E, 0x9D1B, 0x8CD8, 0xADBC, 0xD6DE, 0xDEFF, 0xA5BC, 0xB5FC, 0xAD7A, 0xAD9B, 0xCE9E,
  0xD6DF, 0xDF1F, 0xF79F, 0xE75F, 0xC67E, 0xCE7E, 0xBE3E, 0xAD5B, 0x7D5D, 0x34BA, 0x0000, 0x0000,
  0x0000, 0x2395, 0x5458, 0x3A0B, 0x21A9, 0x29EA, 0x3A6D, 0x5331, 0x73D5, 0x8478, 0x8499, 0x7C37,
  0x6393, 0x530F, 0x4AAC, 0x428C, 0x52CC, 0x630D, 0x5B2D, 0x5B0D, 0x52ED, 0x52ED, 0x5B0D, 0x634E,
  0x634E, 0x5B2D, 0x5B2E, 0x4ACE, 0x4AEF, 0x4B0E, 0x5B2E, 0x5B2E, 0x530D, 0x5B0E, 0x530F, 0x4ACE,
  0x4AEE, 0x634F, 0x5B2E, 0x634E, 0x636F, 0x636F, 0x636E, 0x634F, 0x5B4F, 0x5B2F, 0x634F, 0x4AEF,
  0x4AEE, 0x4AEE, 0x52EE, 0x42AE, 0x326E, 0x4AEE, 0x3A8E, 0x21EC, 0x1169, 0x1148, 0x19CA, 0x2A2D,
  0x1189, 0x0907, 0x0927, 0x21A9, 0x29EA, 0x21CA, 0x21EA, 0x2A0A, 0x29EA, 0x2A0A, 0x322A, 0x322A,
  0x2A0A, 0x2A0B, 0x2A0B, 0x21EB, 0x2A2B, 0x3A4B, 0x3A6B, 0x428C, 0x324C, 0x3A6B, 0x3A6B, 0x2A2B,
  0x2A2C, 0x220B, 0x19EB, 0x220B, 0x2A2B, 0x326C, 0x3A8C, 0x3A6B, 0x2A2C, 0x220C, 0x2A4C, 0x3A6C,
  0x3A6C, 0x42AC, 0x4ACC, 0x4AAC, 0x3A6C, 0x3A6D, 0x52ED, 0x52ED, 0x52CD, 0x4ACD, 0x324D, 0x324D,
  0x42AD, 0x530E, 0x52ED, 0x4AAD, 0x322C, 0x3A4D, 0x4ACD, 0x4ACD, 0x52ED, 0x4ACD, 0x3A6D, 0x42AE,
  0x4AAE, 0x5B2E, 0x530E, 0x4ACE, 0x4AEE, 0x3A6E, 0x3A6D, 0x4ACF, 0x5B51, 0x5B30, 0x5330, 0x5B30,
  0x5B30, 0x6370, 0x5B4F, 0x532F, 0x6B90, 0x4AF0, 0x3A8F, 0x3A6E, 0x3A8F, 0x42AF, 0x52EE, 0x4ACE,
  0x3A6E, 0x4AAE, 0x4ACE, 0x530F, 0x428E, 0x324D, 0x3A6D, 0x428D, 0x4AAD, 0x4AAD, 0x426C, 0x426C,
  0x426C, 0x320B, 0x326D, 0x43D5, 0x4437, 0x965E, 0x6D3A, 0xBF1F, 0xCF3E, 0x4C15, 0x3394, 0x4416,
  0x5476, 0x5456, 0x4C56, 0x5CB7, 0x6D19, 0x95FC, 0xAEBF, 0xB6FF, 0xBEFF, 0xAEBF, 0xAEBF, 0x9E9F,
  0x965E, 0x9E7E, 0x8E1D, 0x653A, 0x653A, 0x7D9B, 0x859A, 0x7454, 0x426C, 0x42AC, 0x52EE, 0x5B2E,
  0x532F, 0x3AAF, 0x5310, 0x6370, 0x5310, 0x73F1, 0x73F1, 0x4AF0, 0x42D0, 0x6BB1, 0x6BD1, 0x5B51,
  0x6BF3, 0x8C93, 0x8453, 0x73F2, 0x73D1, 0x73D1, 0x7C12, 0x8452, 0x6BD4, 0x4AF7, 0x42D7, 0x7C5A,
  0xBDFE, 0x9D5B, 0x8498, 0xBE1E, 0xD6BF, 0xD6DF, 0xCE9E, 0x8D18, 0xA57B, 0xC61D, 0xDEFF, 0xD6FF,
  0xD6BF, 0xCE7E, 0xDEFE, 0xD6DE, 0xCE7E, 0xD6BE, 0xEF5F, 0xDEBE, 0x863F, 0x1B94, 0x0000, 0x0000,
  0x0000, 0x1A8F, 0x54FB, 0x4A8D, 0x29EA, 0x29A8, 0x29C9, 0x3A4B, 0x42AE, 0x5B51, 0x6BB4, 0x6BD5,
  0x6393, 0x5311, 0x42CE, 0x428C, 0x428C, 0x5AEC, 0x5B0D, 0x4AAD, 0x4ACD, 0x530D, 0x530D, 0x5B4E,
  0x636E, 0x530D, 0x52ED, 0x52EE, 0x530F, 0x42CE, 0x530E, 0x5B0E, 0x5B0E, 0x530E, 0x5B0E, 0x5B2E,
  0x530E, 0x42CE, 0x42AE, 0x5B2E, 0x634F, 0x5B2E, 0x5B4E, 0x5B2E, 0x634F, 0x6B8F, 0x634F, 0x42CE,
  0x42CE, 0x530E, 0x530E, 0x42AE, 0x3A8F, 0x3A8E, 0x326E, 0x2A2E, 0x222E, 0x220D, 0x42AE, 0x532F,
  0x3A6D, 0x2A2C, 0x2A2C, 0x21CA, 0x21CA, 0x21CA, 0x322A, 0x320A, 0x29EA, 0x29EA, 0x2A0A, 0x29EA,
  0x29EA, 0x322B, 0x322A, 0x2A0B, 0x324B, 0x3A4B, 0x3A4B, 0x428C, 0x428C, 0x3A6B, 0x3A6B, 0x3A6B,
  0x220B, 0x19EC, 0x222B, 0x2A2B, 0x2A2B, 0x326C, 0x324C, 0x2A2C, 0x2A2C, 0x324C, 0x2A0C, 0x220C,
  0x324C, 0x42AC, 0x426C, 0x428C, 0x428C, 0x4AAD, 0x52ED, 0x4ACD, 0x428D, 0x4ACD, 0x42AD, 0x3A6D,
  0x4AAD, 0x5B2E, 0x52ED, 0x42AD, 0x428D, 0x428D, 0x428D, 0x52ED, 0x4AAD, 0x3A4C, 0x428E, 0x530E,
  0x530E, 0x52EE, 0x5B2E, 0x42AE, 0x3A6E, 0x3A8F, 0x326E, 0x328F, 0x5B30, 0x73B0, 0x6B6F, 0x636F,
  0x6370, 0x5B30, 0x6B8F, 0x6370, 0x5331, 0x6B71, 0x5B30, 0x3A90, 0x42AF, 0x4AAE, 0x4AAE, 0x5AED,
  0x42AE, 0x2A2E, 0x2A0D, 0x324E, 0x2A0D, 0x2A2D, 0x428D, 0x52EE, 0x4ACD, 0x4AAC, 0x426B, 0x320B,
  0x220D, 0x22D2, 0x6D7B, 0x5D3B, 0x965E, 0x8E1C, 0x5D1A, 0xBF1F, 0xBEFE, 0x5C97, 0x3BB4, 0x43F5,
  0x4C36, 0x4C36, 0x5476, 0x64F8, 0x7D7A, 0x9E7E, 0xAEDF, 0xB6DF, 0xAEBF, 0xB6DF, 0xB6FF, 0x9E7F,
  0x9E7E, 0x8E3E, 0x8E3D, 0xAEBF, 0xB6FF, 0x9E9E, 0x965D, 0xA67E, 0x7495, 0x428B, 0x3A6D, 0x4AEE,
  0x3A8D, 0x2A2E, 0x4ACF, 0x428F, 0x3A8E, 0x5330, 0x42F0, 0x3A8F, 0x6350, 0x6BB1, 0x5330, 0x42F1,
  0x73D3, 0x8C93, 0x8453, 0x6BB0, 0x6BB0, 0x8453, 0x8CB3, 0x7C34, 0x42D7, 0x42B6, 0x5313, 0x849A,
  0x94DB, 0x6BD3, 0x5B72, 0x94F9, 0xBDFD, 0x9D5A, 0xC69E, 0x9559, 0x955A, 0xDEFF, 0xE73F, 0xE73F,
  0xE73F, 0xD6BE, 0xC65E, 0xBE1D, 0xCEBD, 0xBE3C, 0xB5FC, 0xD67E, 0x5DFF, 0x128E, 0x0000, 0x0000,
  0x0000, 0x09A9, 0x555E, 0x6352, 0x324C, 0x19A9, 0x21A8, 0x29C9, 0x29EA, 0x3A4C, 0x4ACE, 0x5310,
  0x5331, 0x5310, 0x52EE, 0x4AAD, 0x324C, 0x4ACC, 0x52CC, 0x4A8C, 0x428D, 0x3A8D, 0x3A8E, 0x530E,
  0x530E, 0x4ACE, 0x5B0E, 0x634E, 0x5B2E, 0x4ACE, 0x4AEE, 0x530E, 0x4ACD, 0x52EE, 0x5B2E, 0x5B2E,
  0x530E, 0x42AE, 0x3A8E, 0x4ACE, 0x42AE, 0x530E, 0x5B2E, 0x530E, 0x634E, 0x636F, 0x5B2E, 0x52EE,
  0x4AEF, 0x5B2E, 0x52EE, 0x530E, 0x634F, 0x42CF, 0x2A4E, 0x3A8F, 0x42CF, 0x3A8E, 0x530E, 0x530E,
  0x42CE, 0x3AAF, 0x42AF, 0x220C, 0x19CA, 0x29EA, 0x320A, 0x320A, 0x2A0A, 0x29EA, 0x21EA, 0x21CA,
  0x29EA, 0x320A, 0x2A0A, 0x322B, 0x3A4B, 0x324B, 0x3A4B, 0x3A8C, 0x3A8C, 0x3A6B, 0x324B, 0x324B,
  0x220B, 0x21EB, 0x324B, 0x2A0B, 0x2A0B, 0x324B, 0x220B, 0x2A2C, 0x326C, 0x3A6B, 0x2A0B, 0x21EB,
  0x3A4B, 0x3A8C, 0x3A6C, 0x428C, 0x428C, 0x428C, 0x428C, 0x4AAD, 0x4AAD, 0x42AD, 0x52ED, 0x52ED,
  0x4AAD, 0x530D, 0x5B0D, 0x4AAD, 0x324D, 0x3A6E, 0x3A8F, 0x3A6F, 0x322E, 0x324D, 0x4AAE, 0x4ACE,
  0x530E, 0x530E, 0x5B0E, 0x4ACE, 0x5B0E, 0x634F, 0x5B0F, 0x4ACF, 0x6370, 0x6370, 0x5B2F, 0x634F,
  0x530F, 0x5B30, 0x6B6F, 0x530F, 0x4AF1, 0x5B10, 0x4ACF, 0x4ACF, 0x4ACF, 0x3A8E, 0x428E, 0x428D,
  0x3A6F, 0x42AF, 0x4ACE, 0x42AE, 0x4AAE, 0x428D, 0x426D, 0x426C, 0x426C, 0x3A4B, 0x19AB, 0x01CE,
  0x2355, 0x85FD, 0x85FD, 0x7DBC, 0xCF5F, 0x757B, 0x5D3B, 0xBF1F, 0xBEFE, 0x6D18, 0x43F5, 0x4415,
  0x4C56, 0x4C35, 0x5CB7, 0x7518, 0x95FC, 0xAEDF, 0xA6BF, 0xAEBF, 0xB6FF, 0xB6FF, 0xA69F, 0x9E7E,
  0xA69E, 0x9E7E, 0xBEFF, 0xA69F, 0x85FD, 0x759C, 0x4CB9, 0x2B95, 0x3BF6, 0x4310, 0x4AAD, 0x42AE,
  0x21ED, 0x2A0D, 0x324E, 0x326E, 0x428E, 0x324E, 0x3270, 0x3A6F, 0x42AF, 0x4AF0, 0x4B11, 0x6372,
  0x6BB2, 0x8453, 0x8432, 0x6BB1, 0x5B51, 0x7C12, 0x7C12, 0x42B3, 0x5312, 0x6B90, 0x6BB4, 0x7C3A,
  0x7C13, 0x5B71, 0x6BF3, 0x8473, 0x951A, 0xB5DE, 0xDF3F, 0xC6BD, 0xBE5D, 0xE73F, 0xEF7F, 0xF7BF,
  0xEF7F, 0xEF7F, 0xD6BF, 0xBE5D, 0xCEDC, 0xADFB, 0x6BB6, 0xAD9D, 0x4DDF, 0x0948, 0x0000, 0x0000,
  0x0000, 0x00A3, 0x455E, 0x7C58, 0x42D0, 0x21CB, 0x1168, 0x1988, 0x21A9, 0x29EA, 0x322B, 0x324C,
  0x3A8E, 0x42CF, 0x42AE, 0x428D, 0x324D, 0x3A6D, 0x426C, 0x426C, 0x4AAD, 0x428E, 0x3A6E, 0x42AD,
  0x4ACD, 0x52ED, 0x5B0E, 0x5B0E, 0x52ED, 0x4AAD, 0x4ACD, 0x52ED, 0x4ACD, 0x530E, 0x5B0E, 0x52ED,
  0x52ED, 0x4AEE, 0x4ACE, 0x4AEE, 0x4ACE, 0x5B2E, 0x530E, 0x4AEE, 0x5B4F, 0x5B2E, 0x4ACE, 0x428E,
  0x42AE, 0x42AF, 0x3A8E, 0x5B2E, 0x634F, 0x5B2F, 0x3AAE, 0x530F, 0x5B4F, 0x42CE, 0x42AE, 0x42AE,
  0x326E, 0x42CE, 0x42CF, 0x222D, 0x29EA, 0x320A, 0x2A09, 0x29E9, 0x29EA, 0x29EA, 0x21EA, 0x21EA,
  0x29EA, 0x2A0A, 0x2A0A, 0x322A, 0x324B, 0x322B, 0x324B, 0x3A6B, 0x428C, 0x322B, 0x21EB, 0x2A0B,
  0x2A0B, 0x2A0B, 0x322B, 0x2A0A, 0x2A2B, 0x2A0B, 0x2A0B, 0x326C, 0x3A6C, 0x324B, 0x322B, 0x2A0B,
  0x3A4C, 0x3A6C, 0x3A6C, 0x3A6C, 0x324D, 0x324D, 0x428D, 0x3A6C, 0x3A6D, 0x4ACD, 0x52EE, 0x42AE,
  0x4AAE, 0x4AED, 0x4AAD, 0x3A6D, 0x324E, 0x4ACF, 0x4ACF, 0x42CF, 0x42CF, 0x3A6E, 0x428E, 0x52EE,
  0x52EE, 0x52CD, 0x4ACD, 0x4AAD, 0x530E, 0x5B2E, 0x5B2E, 0x5B2F, 0x6350, 0x5B50, 0x4AF0, 0x42D0,
  0x4AD0, 0x6350, 0x5330, 0x42D0, 0x5B30, 0x6370, 0x634F, 0x634F, 0x634F, 0x5B2F, 0x42AF, 0x428F,
  0x5B30, 0x4ACF, 0x428E, 0x4AAE, 0x4AAD, 0x322C, 0x3A4B, 0x426C, 0x320B, 0x124F, 0x33B5, 0x3BF6,
  0x6D7B, 0x8E3E, 0x85FD, 0x9E5D, 0xDF7F, 0x653A, 0x5D1B, 0xB6DF, 0xB6DE, 0x64D7, 0x3BB3, 0x43D4,
  0x43F4, 0x43D4, 0x64B7, 0x7D5A, 0x9E7E, 0xA6BF, 0xAEDF, 0xB6DF, 0xB6FF, 0xAEDF, 0x9E9F, 0xAEBE,
  0xAEBF, 0xB6FF, 0xA69F, 0x965E, 0x8E3E, 0x85FD, 0x75BC, 0x5CFA, 0x4437, 0x33B6, 0x3AD0, 0x2A0D,
  0x2A2E, 0x3A6E, 0x4ACE, 0x5B2F, 0x5B0E, 0x3A6E, 0x3A70, 0x4AD0, 0x5311, 0x6392, 0x73D2, 0x6BB2,
  0x73F2, 0x8C73, 0x8453, 0x6391, 0x5B52, 0x6392, 0x5331, 0x6370, 0x7BF1, 0x73F2, 0x73F7, 0x73D2,
  0x73F1, 0x6B90, 0x5B70, 0xA598, 0xCEDD, 0xDF1E, 0xF7BF, 0xEF9F, 0xD6FE, 0xE75F, 0xFFFF, 0xFFDF,
  0xE75F, 0xE75F, 0xEF7F, 0xF7BF, 0xEFBE, 0xC69C, 0x6BD6, 0x5BD8, 0x34FC, 0x0042, 0x0000, 0x0000,
  0x0000, 0x0000, 0x3499, 0x7CFB, 0x5332, 0x220D, 0x1169, 0x21A9, 0x21A9, 0x29EA, 0x320A, 0x322A,
  0x322B, 0x3A6C, 0x326D, 0x324D, 0x324D, 0x324D, 0x428C, 0x428C, 0x4ACD, 0x52ED, 0x4ACD, 0x42AD,
  0x428D, 0x4ACD, 0x52CD, 0x52CD, 0x52CD, 0x4ACC, 0x4AAD, 0x3A8D, 0x326D, 0x3A8D, 0x4AEE, 0x4ACD,
  0x428D, 0x3A8D, 0x326D, 0x428D, 0x4ACD, 0x4ACD, 0x4AEE, 0x4AEE, 0x4ACE, 0x42CE, 0x326E, 0x3A8E,
  0x4ACE, 0x530F, 0x326F, 0x3A8E, 0x530F, 0x3A8F, 0x3A8E, 0x530E, 0x5B4E, 0x530E, 0x3ACE, 0x3AAF,
  0x42CE, 0x4B0F, 0x42F0, 0x220D, 0x21CA, 0x29EA, 0x2A0A, 0x29E9, 0x2A0A, 0x29EA, 0x21AA, 0x21CA,
  0x29EA, 0x29EA, 0x2A0A, 0x2A0A, 0x2A0A, 0x2A0B, 0x2A0A, 0x322B, 0x324B, 0x2A0B, 0x19AB, 0x19AB,
  0x11AB, 0x19CB, 0x19CB, 0x11AB, 0x220B, 0x11CB, 0x11CB, 0x21EB, 0x2A2B, 0x21EB, 0x21EB, 0x2A0C,
  0x220C, 0x2A2C, 0x3A4B, 0x324C, 0x42AE, 0x3A6D, 0x3A8D, 0x3A8D, 0x3A8D, 0x4ACD, 0x42AD, 0x2A2D,
  0x324D, 0x3A8D, 0x3A6D, 0x324D, 0x42AE, 0x42AE, 0x4ACE, 0x4ACE, 0x42AE, 0x3A6E, 0x3A8D, 0x52EE,
  0x530E, 0x4ACD, 0x4AAD, 0x428E, 0x530E, 0x634E, 0x4AEF, 0x5B30, 0x5B30, 0x5B50, 0x5B50, 0x5330,
  0x6B91, 0x6371, 0x5330, 0x5B30, 0x6B90, 0x6B90, 0x636F, 0x6B70, 0x636F, 0x5B2F, 0x3A8F, 0x52EF,
  0x52EF, 0x4AAD, 0x428D, 0x428D, 0x4AAD, 0x21EC, 0x21CB, 0x320B, 0x1270, 0x3C37, 0x5D1A, 0x6D7B,
  0x85FD, 0x861D, 0x8E3E, 0xB6FF, 0xB6DE, 0x54F9, 0x5D3C, 0x8E3D, 0x8579, 0x3B92, 0x3B72, 0x43D4,
  0x3B72, 0x3352, 0x6D39, 0x8E3E, 0x9E9F, 0xAEBF, 0xAEDF, 0xAEDF, 0xAEDF, 0x9E9F, 0xA69F, 0xA69F,
  0xB6DF, 0xAEBF, 0x965E, 0x965E, 0x965E, 0x8E3E, 0x8E1D, 0x8E1E, 0x965E, 0x6D5A, 0x2BD7, 0x1A4F,
  0x426D, 0x4AEE, 0x530E, 0x634F, 0x634F, 0x324E, 0x4AD0, 0x5B51, 0x4B11, 0x6391, 0x6B91, 0x6B91,
  0x73F2, 0x7C12, 0x6BB1, 0x42D0, 0x5B30, 0x5B51, 0x5B51, 0x6371, 0x6BB1, 0x6BD2, 0x6B92, 0x636F,
  0x6391, 0x6370, 0x6C55, 0x9598, 0x9578, 0xAE1A, 0xAE1A, 0xA5B9, 0xA5FA, 0xBE9C, 0xCEFD, 0xD6FD,
  0xBE9C, 0xC69D, 0xD6FD, 0xDF3E, 0xDF1E, 0xD73E, 0x8C98, 0x4C3B, 0x23F6, 0x0000, 0x0000, 0x0000,
  0x0020, 0x0000, 0x2393, 0x6D1D, 0x5B32, 0x2A4E, 0x19AA, 0x2188, 0x29A8, 0x29C8, 0x31E9, 0x322A,
  0x322B, 0x2A0B, 0x322B, 0x322B, 0x322B, 0x2A0B, 0x322A, 0x3A2A, 0x3A4B, 0x4A8C, 0x4AAB, 0x428C,
  0x3A4C, 0x2A2C, 0x3A6C, 0x324C, 0x322C, 0x3A6C, 0x428C, 0x428C, 0x42AC, 0x3A6C, 0x326D, 0x326D,
  0x3A8C, 0x324D, 0x428D, 0x2A4D, 0x19ED, 0x222E, 0x3AAE, 0x4AEE, 0x530E, 0x42CE, 0x326E, 0x3A8D,
  0x42CD, 0x326E, 0x326E, 0x42AE, 0x4ACE, 0x3AAF, 0x326E, 0x326E, 0x3A8F, 0x42AE, 0x3A8E, 0x42CF,
  0x42CF, 0x42EF, 0x42EF, 0x328F, 0x326E, 0x19CC, 0x19AA, 0x19AA, 0x21C9, 0x21A9, 0x19A9, 0x19AA,
  0x19AA, 0x19AA, 0x19CA, 0x21EA, 0x21CA, 0x21CA, 0x21EA, 0x21CA, 0x11AB, 0x118B, 0x116B, 0x21CA,
  0x118B, 0x118B, 0x19CB, 0x0129, 0x0108, 0x00C7, 0x00E7, 0x118B, 0x11AB, 0x11AB, 0x220B, 0x19EC,
  0x11AC, 0x11AC, 0x19CB, 0x220C, 0x3A8D, 0x3A6D, 0x326D, 0x326D, 0x3A6D, 0x3A8D, 0x324C, 0x21EC,
  0x2A2C, 0x3A8C, 0x324C, 0x324E, 0x4ACE, 0x4AAE, 0x428D, 0x42AD, 0x3A6D, 0x3A6D, 0x428D, 0x4ACD,
  0x4AAD, 0x4ACD, 0x52EE, 0x4ACE, 0x4ACE, 0x5B2E, 0x5B30, 0x6371, 0x6370, 0x6390, 0x6390, 0x6370,
  0x6BB0, 0x73B0, 0x6370, 0x6370, 0x6BB0, 0x6B90, 0x636F, 0x636F, 0x636F, 0x52EE, 0x4ACE, 0x4ACE,
  0x4ACE, 0x4AAD, 0x4AAD, 0x52CD, 0x5B0D, 0x428D, 0x3A4C, 0x3332, 0x4C78, 0x759B, 0x759C, 0x7DDD,
  0x7DFD, 0x967E, 0x861E, 0xBEFF, 0x9E5E, 0x653A, 0x6D9C, 0x7DFD, 0x8DDA, 0x43B2, 0x3B92, 0x3B72,
  0x2B10, 0x5C97, 0x965E, 0x9E7E, 0xAEBF, 0xAEBF, 0xAEBF, 0xAEDF, 0xAEBF, 0xA69F, 0x9E9F, 0xA69F,
  0xB6DF, 0x967F, 0x965E, 0x965E, 0x965E, 0x967E, 0x965E, 0x8E1D, 0x7DDC, 0x8DDC, 0x9E5D, 0x963D,
  0x74D7, 0x530E, 0x5B2E, 0x634F, 0x530F, 0x2A2F, 0x42AF, 0x6B90, 0x6B91, 0x6391, 0x6371, 0x6BB1,
  0x6BB1, 0x6371, 0x6371, 0x5311, 0x6B91, 0x6BB1, 0x6BB1, 0x73D1, 0x7BF1, 0x6BB1, 0x5B4F, 0x4AF0,
  0x5B51, 0x7C12, 0x6C13, 0x6414, 0x7CD7, 0x9DFA, 0xA5FA, 0x9DDA, 0x9DFB, 0xC6BD, 0xCEFE, 0xC6DE,
  0xBEDE, 0xD71E, 0xD73E, 0xD73E, 0xCEFE, 0xCEDD, 0x6B75, 0x44DD, 0x12AF, 0x0000, 0x0020, 0x0000,
  0x0020, 0x0000, 0x124C, 0x553D, 0x52F0, 0x2A0B, 0x2188, 0x1967, 0x2188, 0x1988, 0x2188, 0x1988,
  0x1989, 0x21A9, 0x29C8, 0x320A, 0x42AE, 0x3AAE, 0x322C, 0x21A9, 0x21A8, 0x29E9, 0x31E9, 0x320A,
  0x320B, 0x2A0C, 0x3A4D, 0x3A6E, 0x3A4E, 0x3A6D, 0x3A8D, 0x428C, 0x428B, 0x428C, 0x3A6C, 0x3A6C,
  0x3A6C, 0x220C, 0x324C, 0x322C, 0x19AC, 0x220D, 0x428D, 0x42AD, 0x4ACD, 0x324C, 0x2A0C, 0x324C,
  0x3A6C, 0x324D, 0x220D, 0x42AE, 0x3AAE, 0x4AEE, 0x4AEE, 0x326E, 0x3A8F, 0x326E, 0x326E, 0x4AEE,
  0x4ACE, 0x42CE, 0x328E, 0x19EB, 0x21EB, 0x11AB, 0x094A, 0x0949, 0x1169, 0x0948, 0x1148, 0x1169,
  0x116A, 0x118A, 0x19CA, 0x19AA, 0x1989, 0x1989, 0x1169, 0x0949, 0x094A, 0x0949, 0x1189, 0x19AA,
  0x1169, 0x0969, 0x0129, 0x00E8, 0x00C8, 0x00A7, 0x0109, 0x11AA, 0x19CB, 0x11AA, 0x21CA, 0x21CA,
  0x118A, 0x19CB, 0x19AB, 0x21EB, 0x322C, 0x2A0B, 0x21CA, 0x21EB, 0x2A0C, 0x322C, 0x2A0C, 0x2A0B,
  0x2A0B, 0x2A0B, 0x29EA, 0x322C, 0x3A8D, 0x3A8D, 0x428D, 0x42AD, 0x428D, 0x324C, 0x322C, 0x3A6C,
  0x21EC, 0x322B, 0x428C, 0x324D, 0x324D, 0x3A6D, 0x42CF, 0x5310, 0x5B70, 0x6BB0, 0x6B90, 0x5B4F,
  0x6370, 0x6B90, 0x634F, 0x636F, 0x6BB0, 0x6390, 0x634F, 0x636F, 0x5B2E, 0x3A6D, 0x4AAE, 0x52EE,
  0x5B2E, 0x428D, 0x3A6C, 0x4AAC, 0x426C, 0x424B, 0x322B, 0x54B9, 0x6D7B, 0x7DDC, 0x861D, 0x861D,
  0x85FD, 0x9E9F, 0x7DFD, 0xBF1F, 0x963D, 0x85DC, 0x85FD, 0x85FD, 0x961D, 0x5C54, 0x3B51, 0x3331,
  0x5CB8, 0x861E, 0x965E, 0xA69E, 0xA69F, 0xA69F, 0xB6DF, 0xB6FF, 0xA69F, 0x9E9F, 0x9E9F, 0xB6FF,
  0xA6BF, 0x967F, 0x965E, 0x967E, 0x967F, 0x967E, 0x963E, 0x8E1D, 0xB6DF, 0xD77F, 0xB6FF, 0xBF1F,
  0xE7FF, 0x84D6, 0x5B0D, 0x636F, 0x5B2F, 0x324F, 0x5B2F, 0x6B90, 0x6BB1, 0x5B51, 0x5B71, 0x73F2,
  0x6391, 0x6350, 0x6350, 0x5B51, 0x73F2, 0x73F1, 0x73F1, 0x7C11, 0x7C12, 0x73D1, 0x5B2F, 0x5330,
  0x73D2, 0x530E, 0x328D, 0x6C33, 0x7CB5, 0xADFA, 0xADFA, 0x9D98, 0xA5D9, 0xB63B, 0xBE7B, 0xC6DD,
  0xCEDD, 0xDF3E, 0xCE9B, 0xCEBC, 0xC69C, 0xC67B, 0x8CD8, 0x353E, 0x0947, 0x0000, 0x0000, 0x0000,
  0x0000, 0x0000, 0x08E5, 0x453D, 0x42AF, 0x198A, 0x1148, 0x1148, 0x1989, 0x19AA, 0x1148, 0x0928,
  0x0906, 0x0906, 0x1106, 0x29EA, 0x530E, 0x4B0E, 0x42AD, 0x1169, 0x1168, 0x1989, 0x21A9, 0x29EB,
  0x322D, 0x3A6F, 0x42D0, 0x4AF1, 0x42D0, 0x428E, 0x3A4D, 0x2A0B, 0x29EA, 0x2A0A, 0x2A0A, 0x322B,
  0x29EB, 0x21EB, 0x2A0B, 0x29EA, 0x29EA, 0x29EB, 0x322B, 0x3A6C, 0x322B, 0x2A0A, 0x2A0B, 0x29EB,
  0x2A0A, 0x322B, 0x220C, 0x2A0C, 0x324C, 0x3A6D, 0x3A8D, 0x324D, 0x3A6D, 0x3A8D, 0x324C, 0x326D,
  0x3A8D, 0x2A2D, 0x222D, 0x11AB, 0x0928, 0x0928, 0x0107, 0x0107, 0x0108, 0x0108, 0x0107, 0x0108,
  0x0928, 0x0948, 0x1148, 0x0928, 0x0928, 0x0107, 0x0107, 0x0107, 0x0108, 0x0108, 0x0948, 0x0928,
  0x00E8, 0x00C8, 0x00E8, 0x0129, 0x0129, 0x0109, 0x0129, 0x094A, 0x0129, 0x0949, 0x1189, 0x1189,
  0x1189, 0x1189, 0x1189, 0x118A, 0x19AA, 0x1989, 0x1168, 0x1189, 0x21CA, 0x19AA, 0x1169, 0x1989,
  0x21CA, 0x1989, 0x1989, 0x21CA, 0x2A2C, 0x324C, 0x3A6C, 0x3A6C, 0x3A6B, 0x322B, 0x29EA, 0x21CA,
  0x19AA, 0x29EA, 0x2A0A, 0x2A2C, 0x3A6C, 0x428C, 0x3A6D, 0x42CF, 0x532F, 0x5B4F, 0x5B2E, 0x530E,
  0x5B4F, 0x634F, 0x5B0E, 0x5B2E, 0x636F, 0x532F, 0x5B2F, 0x636F, 0x530E, 0x4AAD, 0x4ACE, 0x4ACD,
  0x324C, 0x3A4C, 0x428B, 0x29EA, 0x1989, 0x1948, 0x1A90, 0x655B, 0x7DDC, 0x85FD, 0x8E3E, 0x75DD,
  0x965E, 0x965E, 0x75BD, 0xB6FF, 0x8E1D, 0x8DFC, 0x85FD, 0x861E, 0x85FE, 0x6CF7, 0x4391, 0x64F9,
  0x8E3E, 0x963E, 0x9E5E, 0x965E, 0x967F, 0xAEDF, 0xB6FF, 0x9E9F, 0x9E7F, 0x967F, 0xAEBF, 0xAEDF,
  0x967F, 0x967E, 0x967F, 0x967F, 0x9E7E, 0x965E, 0x963E, 0xA6BE, 0xC73F, 0xAEBF, 0x9E7F, 0x8E3E,
  0xBF1F, 0xBEDE, 0x4AEF, 0x4ACE, 0x42AF, 0x4AEF, 0x532F, 0x5B50, 0x5B50, 0x532F, 0x5B50, 0x73F1,
  0x73D1, 0x6B90, 0x6B90, 0x6371, 0x6BD1, 0x7BF1, 0x7C11, 0x8452, 0x7C12, 0x6BB0, 0x5330, 0x3AB1,
  0x2A0C, 0x08C5, 0x2A0B, 0x4B2F, 0x7C95, 0xADFA, 0xA5B8, 0x9536, 0x9D98, 0xA598, 0xADFA, 0xAE1A,
  0xC69C, 0xD6FD, 0xC67B, 0xB619, 0xBE3A, 0xBE19, 0xA63C, 0x2CFB, 0x0021, 0x0000, 0x0000, 0x0000,
  0x0000, 0x0000, 0x0020, 0x349A, 0x53D5, 0x3A4D, 0x21CB, 0x1127, 0x1127, 0x1148, 0x1168, 0x21A9,
  0x2A0B, 0x21AA, 0x1989, 0x21CB, 0x2A2B, 0x322B, 0x320A, 0x1989, 0x21ED, 0x220E, 0x322D, 0x3A8F,
  0x4AF2, 0x4B13, 0x5355, 0x5333, 0x42B0, 0x324D, 0x21EB, 0x198A, 0x1189, 0x1989, 0x21A9, 0x21A9,
  0x1989, 0x1989, 0x21C9, 0x21A9, 0x19A9, 0x21C9, 0x21C9, 0x21C9, 0x21A9, 0x19A9, 0x21C9, 0x1189,
  0x1169, 0x19CA, 0x19AA, 0x118A, 0x19AA, 0x19CA, 0x19CA, 0x11AA, 0x19CB, 0x11AA, 0x19CA, 0x19CA,
  0x19CB, 0x19CB, 0x19AA, 0x19CB, 0x098A, 0x00C7, 0x00A6, 0x00A6, 0x00C6, 0x00C6, 0x00C6, 0x00C6,
  0x00C6, 0x00C6, 0x00E6, 0x00C6, 0x00C6, 0x00C6, 0x00C6, 0x00C6, 0x00C7, 0x00E7, 0x00E7, 0x00C7,
  0x00C7, 0x00A7, 0x00C8, 0x00C8, 0x00A7, 0x00A8, 0x00C8, 0x00E8, 0x00C7, 0x00E8, 0x0128, 0x0128,
  0x0108, 0x0108, 0x0107, 0x0928, 0x0948, 0x0928, 0x0907, 0x0928, 0x1148, 0x0907, 0x08E7, 0x0928,
  0x0928, 0x1128, 0x1969, 0x19AB, 0x21CA, 0x21A9, 0x29EA, 0x21C9, 0x21A9, 0x21A9, 0x1968, 0x1168,
  0x1147, 0x1968, 0x21C9, 0x3A6D, 0x21EC, 0x21EC, 0x2A2C, 0x42AD, 0x4ACD, 0x4AED, 0x530E, 0x5B2F,
  0x52EE, 0x4AAD, 0x324C, 0x2A0D, 0x326E, 0x2A6D, 0x4ACD, 0x5B2E, 0x4ACD, 0x428C, 0x428C, 0x320A,
  0x320A, 0x320A, 0x21C9, 0x1169, 0x1127, 0x19CB, 0x3C37, 0x7DDD, 0x7DFD, 0x861D, 0x8E3E, 0x75DD,
  0xAEBF, 0x8E3E, 0x7DFD, 0xB6DF, 0x85FD, 0x8E3D, 0x861D, 0x8E3E, 0x861E, 0x8DDB, 0x6D19, 0x8E5E,
  0x965E, 0x965E, 0x965E, 0x967E, 0xB6DF, 0xB6FF, 0xAEDF, 0x9E9F, 0x967F, 0x967F, 0xB6FF, 0x9E9F,
  0x967F, 0x967F, 0x967F, 0x967E, 0x967E, 0x965E, 0x9E7E, 0xBF1F, 0xAEDF, 0xA69F, 0xA69F, 0x9E9F,
  0x963E, 0xC75F, 0x5373, 0x198C, 0x2A0E, 0x324E, 0x42CF, 0x5B50, 0x6390, 0x6B90, 0x636F, 0x6BD1,
  0x7411, 0x6BB0, 0x73D0, 0x73D1, 0x6BF1, 0x73D0, 0x7411, 0x7C32, 0x7C11, 0x5330, 0x3A8F, 0x2A4F,
  0x1128, 0x1988, 0x328C, 0x4B2F, 0x8D16, 0x8D16, 0x7C94, 0x7453, 0x8D38, 0x9DB9, 0x9D77, 0x9557,
  0xADF9, 0xBE5B, 0xBE3A, 0xADD9, 0xBE5A, 0xBDF8, 0x7E1D, 0x1B94, 0x0000, 0x0000, 0x0000, 0x0000,
  0x0000, 0x0020, 0x0000, 0x2373, 0x6D5D, 0x6BB3, 0x326D, 0x1168, 0x0906, 0x08E6, 0x19AA, 0x220C,
  0x326E, 0x326F, 0x326F, 0x220D, 0x19CB, 0x0948, 0x1968, 0x19AA, 0x2A4F, 0x3291, 0x42D2, 0x5355,
  0x6397, 0x63B8, 0x63B7, 0x42F3, 0x21EC, 0x1149, 0x00E6, 0x00A5, 0x00A5, 0x00A5, 0x00A5, 0x00C5,
  0x00C5, 0x00A5, 0x00A5, 0x00C5, 0x00C5, 0x00C5, 0x00A5, 0x00A5, 0x00A5, 0x00A5, 0x00C5, 0x00C5,
  0x00C5, 0x00C5, 0x00A5, 0x00A5, 0x00A5, 0x00C6, 0x00A5, 0x00A6, 0x00C6, 0x00C6, 0x00C6, 0x00C6,
  0x00C6, 0x00A6, 0x00C6, 0x00C6, 0x00A6, 0x0044, 0x0043, 0x0044, 0x0044, 0x0064, 0x0044, 0x0044,
  0x0043, 0x0044, 0x0044, 0x0044, 0x0044, 0x0044, 0x0044, 0x0044, 0x0044, 0x0044, 0x0044, 0x0044,
  0x0044, 0x0043, 0x0043, 0x0043, 0x0022, 0x0022, 0x0023, 0x0044, 0x0044, 0x0065, 0x0086, 0x0085,
  0x0085, 0x0085, 0x00A5, 0x00C6, 0x00C6, 0x00C6, 0x00C6, 0x00E7, 0x0907, 0x0927, 0x0928, 0x116A,
  0x118A, 0x1989, 0x118A, 0x19AB, 0x21CB, 0x19A9, 0x19A9, 0x1989, 0x21CA, 0x21CB, 0x19AA, 0x19AB,
  0x1169, 0x19AA, 0x2A0B, 0x3A6C, 0x3A4C, 0x2A0C, 0x322C, 0x428C, 0x426C, 0x3A4C, 0x3AAE, 0x3A8E,
  0x324D, 0x2A0D, 0x2A0D, 0x21ED, 0x29ED, 0x2A0D, 0x322D, 0x320D, 0x21CC, 0x198A, 0x116A, 0x0929,
  0x1128, 0x0928, 0x00C7, 0x00E7, 0x08C6, 0x43F4, 0x54DA, 0x85FD, 0x861E, 0x8E3E, 0x7DDD, 0x8E3D,
  0xB6DF, 0x8E3E, 0x85FD, 0xAEBE, 0x75BD, 0x965E, 0x965E, 0x965E, 0x965E, 0x8E1D, 0x861E, 0x965E,
  0x965E, 0x8E3E, 0x9E7F, 0xBF1F, 0xAEDF, 0xB6FF, 0xAEDF, 0x9E7F, 0x965F, 0xAEDF, 0xAEDF, 0x9E7F,
  0x967F, 0x9E7F, 0x967E, 0x967E, 0x965E, 0x965E, 0xB6FF, 0xB6DF, 0xA6BF, 0xAEBF, 0xA6BF, 0xAEBF,
  0x965E, 0xAEDF, 0x7496, 0x116B, 0x324E, 0x3A6E, 0x3A8F, 0x5B2F, 0x6B90, 0x6BB0, 0x532E, 0x638F,
  0x7C32, 0x6BD0, 0x6390, 0x4AEE, 0x42AE, 0x3A8F, 0x73F1, 0x7C11, 0x63B1, 0x5330, 0x6B91, 0x4ACE,
  0x21CA, 0x4B50, 0x7474, 0x6C33, 0x7CB5, 0x7474, 0x6C53, 0x7CB6, 0x8D58, 0x8D37, 0x8D16, 0x9D98,
  0x9D97, 0x9D77, 0xADD9, 0xB5F9, 0xB619, 0xCE5A, 0x661F, 0x09EB, 0x0000, 0x0020, 0x0000, 0x0000,
  0x0000, 0x0000, 0x0000, 0x120B, 0x5DBF, 0x8C78, 0x5352, 0x21EB, 0x1169, 0x2A0C, 0x42AF, 0x5311,
  0x5331, 0x4B11, 0x42AE, 0x322B, 0x19CA, 0x220C, 0x42B0, 0x4B13, 0x5354, 0x6396, 0x6BF8, 0x7C5B,
  0x7C5B, 0x741A, 0x5B96, 0x3290, 0x19EC, 0x19AB, 0x1169, 0x1128, 0x00C6, 0x08E6, 0x00C5, 0x0084,
  0x0084, 0x00A5, 0x0084, 0x0064, 0x0084, 0x0064, 0x0063, 0x0063, 0x0064, 0x0064, 0x0064, 0x0064,
  0x0084, 0x0064, 0x0064, 0x0064, 0x0064, 0x0064, 0x0064, 0x0064, 0x0085, 0x0085, 0x00A5, 0x00A5,
  0x00C6, 0x00C7, 0x00C7, 0x00C7, 0x00E7, 0x00C7, 0x00C7, 0x00E7, 0x0108, 0x0929, 0x08E7, 0x00E8,
  0x00E8, 0x0949, 0x00E8, 0x00E7, 0x00E7, 0x00C7, 0x00C7, 0x0085, 0x0044, 0x0065, 0x0024, 0x0023,
  0x0001, 0x0001, 0x0000, 0x0000, 0x0000, 0x0000, 0x0000, 0x0000, 0x0001, 0x0002, 0x0023, 0x0023,
  0x0023, 0x0043, 0x0064, 0x0064, 0x0085, 0x0085, 0x00A5, 0x00E6, 0x0907, 0x1127, 0x0928, 0x1128,
  0x1947, 0x1147, 0x1169, 0x1989, 0x1989, 0x1989, 0x1988, 0x21A9, 0x1989, 0x19AA, 0x19AA, 0x21AA,
  0x1969, 0x1989, 0x21C9, 0x21A9, 0x19A9, 0x19AA, 0x198A, 0x1989, 0x19AA, 0x21CB, 0x2A0A, 0x322B,
  0x322B, 0x320B, 0x2A0B, 0x220C, 0x322C, 0x320B, 0x21CB, 0x198B, 0x0928, 0x0929, 0x118B, 0x29EB,
  0x19AB, 0x29EB, 0x19AA, 0x1989, 0x19CB, 0x651A, 0x54FA, 0x7DDD, 0x8E5E, 0x8E3E, 0x7DDD, 0xA69F,
  0xAEBF, 0x861D, 0x85FD, 0xA69E, 0x7DDD, 0x8E3D, 0x967E, 0x967E, 0x861E, 0x861E, 0x8E3E, 0x965E,
  0x963E, 0xA69F, 0xC71F, 0xAEBF, 0xAEDF, 0xB6FF, 0x967F, 0x967F, 0x9E9F, 0xBF1F, 0xA6BF, 0x9E7F,
  0x967F, 0x9E7F, 0x967F, 0x967F, 0x8E5E, 0xA6BF, 0xBF1F, 0xAEBF, 0xAEDF, 0xA6BF, 0xA6BF, 0xA6BF,
  0x965E, 0x9E9F, 0x7D18, 0x322C, 0x52ED, 0x530E, 0x428D, 0x4ACD, 0x5B2E, 0x530E, 0x4ACD, 0x530E,
  0x6B90, 0x5B70, 0x32CE, 0x222D, 0x2A0E, 0x324F, 0x4AF0, 0x3270, 0x2A2F, 0x3250, 0x3A90, 0x4B10,
  0x430F, 0x7CD6, 0x8517, 0x6413, 0x6C95, 0x7495, 0x7495, 0x6C95, 0x7CD6, 0x8517, 0x8D37, 0x9D98,
  0xA5D9, 0x9D97, 0xB61A, 0xC67B, 0xC67B, 0xBE5B, 0x3D5E, 0x00A4, 0x0000, 0x0000, 0x0000, 0x0000,
  0x0000, 0x0000, 0x0000, 0x08A3, 0x3D5D, 0x4B73, 0x3AAE, 0x2A2C, 0x2A2C, 0x42CF, 0x6393, 0x7416,
  0x63B4, 0x4ACF, 0x324C, 0x21C9, 0x29EB, 0x42D0, 0x6395, 0x73F8, 0x7C3A, 0x845B, 0x847C, 0x847C,
  0x7C3B, 0x63B7, 0x42F1, 0x2A0C, 0x19CB, 0x19CA, 0x19A9, 0x1168, 0x0969, 0x1169, 0x1168, 0x0927,
  0x1147, 0x1148, 0x1168, 0x1148, 0x1148, 0x1148, 0x1148, 0x1148, 0x1168, 0x1148, 0x1148, 0x1127,
  0x1127, 0x1148, 0x1148, 0x0928, 0x0927, 0x0927, 0x0927, 0x0907, 0x0907, 0x0907, 0x08E7, 0x00E6,
  0x00E7, 0x00E7, 0x00C6, 0x00A6, 0x00A5, 0x00A5, 0x00A5, 0x00A6, 0x00A5, 0x00A5, 0x00A5, 0x00A6,
  0x00C6, 0x00E7, 0x00C7, 0x00E7, 0x00C7, 0x00C7, 0x00E7, 0x00A7, 0x0066, 0x0086, 0x0044, 0x0044,
  0x0002, 0x0001, 0x0000, 0x0000, 0x0000, 0x0000, 0x0000, 0x0000, 0x0001, 0x0002, 0x0023, 0x0023,
  0x0024, 0x0044, 0x0044, 0x0044, 0x0064, 0x0064, 0x0064, 0x0064, 0x0065, 0x0065, 0x0085, 0x0064,
  0x0064, 0x0084, 0x00A5, 0x0085, 0x0085, 0x00C6, 0x00E6, 0x00E6, 0x00C6, 0x00E6, 0x00C6, 0x08E6,
  0x00A5, 0x00E6, 0x0927, 0x1148, 0x1148, 0x1148, 0x1148, 0x1148, 0x1168, 0x19A9, 0x1988, 0x1988,
  0x1989, 0x1168, 0x1148, 0x118A, 0x19A9, 0x1968, 0x1147, 0x0908, 0x00C6, 0x0906, 0x1168, 0x1968,
  0x1968, 0x1968, 0x1127, 0x08C5, 0x224D, 0x6DBD, 0x653B, 0x8E5E, 0x965E, 0x861E, 0x9E9F, 0xA6BF,
  0x967F, 0x85FD, 0x7DDD, 0xA69F, 0x8E3E, 0x8E1D, 0x965E, 0x7DDD, 0x8E3E, 0x965E, 0x8E3E, 0x8E3E,
  0xAEBF, 0xBF1F, 0xA69F, 0xA69F, 0xBF1F, 0x9E9F, 0x967F, 0x965F, 0xAEDF, 0xAEDF, 0x9E9F, 0x967F,
  0x967F, 0x967F, 0x967F, 0x8E5F, 0x967F, 0xBF1F, 0xB6DF, 0xAEDF, 0xAEDF, 0xA6BF, 0xA6BF, 0xA69F,
  0x963E, 0xAEDF, 0x857A, 0x3A4B, 0x3A4B, 0x2A0B, 0x324C, 0x3A4B, 0x326B, 0x2A8D, 0x42AE, 0x52EE,
  0x4ACE, 0x4ACF, 0x42D0, 0x3A8F, 0x3A8F, 0x3A8E, 0x3A8F, 0x3A6F, 0x324E, 0x326F, 0x3AAF, 0x3ACF,
  0x4B50, 0x8516, 0x84F6, 0x6433, 0x7D17, 0x74B6, 0x6455, 0x6455, 0x6475, 0x7D18, 0x7D17, 0x8D37,
  0x9D98, 0xADF9, 0xBE3A, 0xC69B, 0xCE9B, 0x963D, 0x1BF7, 0x0000, 0x0000, 0x0000, 0x0000, 0x0000,
  0x0000, 0x0000, 0x0000, 0x0000, 0x2C58, 0x22D0, 0x08E6, 0x19AA, 0x3A8E, 0x5B72, 0x7415, 0x63B3,
  0x428E, 0x2188, 0x1106, 0x1947, 0x320C, 0x5312, 0x73F8, 0x845B, 0x847C, 0x847C, 0x847C, 0x845C,
  0x73F9, 0x5333, 0x324D, 0x1989, 0x1988, 0x1988, 0x1968, 0x1968, 0x1989, 0x1988, 0x1988, 0x2188,
  0x1988, 0x1988, 0x1989, 0x19A9, 0x21A9, 0x1989, 0x1169, 0x1989, 0x1989, 0x1968, 0x1148, 0x1168,
  0x1968, 0x1169, 0x1148, 0x1128, 0x1127, 0x1128, 0x0927, 0x0907, 0x08E6, 0x08E6, 0x08C5, 0x00C5,
  0x00C6, 0x00A5, 0x0085, 0x0064, 0x0044, 0x0044, 0x0044, 0x0044, 0x0043, 0x0043, 0x0043, 0x0023,
  0x0043, 0x0044, 0x0044, 0x0044, 0x0044, 0x0044, 0x0044, 0x0044, 0x0065, 0x0024, 0x0023, 0x0023,
  0x0024, 0x0023, 0x0021, 0x0021, 0x0001, 0x0001, 0x0021, 0x0043, 0x0044, 0x0065, 0x0065, 0x00A6,
  0x00A7, 0x00C7, 0x00E7, 0x08E7, 0x0908, 0x0928, 0x0928, 0x0948, 0x1149, 0x1149, 0x1149, 0x0928,
  0x1148, 0x1168, 0x1148, 0x1148, 0x1989, 0x198A, 0x19AA, 0x1989, 0x1989, 0x1969, 0x1168, 0x1968,
  0x1169, 0x1989, 0x19AA, 0x21AA, 0x29EA, 0x21CA, 0x21AA, 0x29CA, 0x29CA, 0x29EA, 0x29EA, 0x21CA,
  0x21CA, 0x21CA, 0x21AA, 0x198A, 0x19AA, 0x21CA, 0x29CA, 0x1989, 0x1989, 0x1169, 0x1169, 0x1969,
  0x1128, 0x0927, 0x00E6, 0x0085, 0x3B93, 0x863E, 0x75BD, 0x967F, 0x8E3E, 0x863E, 0xA69F, 0xA6BF,
  0x8E3E, 0x7DFD, 0x75DD, 0x9E7E, 0xA69E, 0x7DFE, 0x7DDD, 0x85FD, 0x965E, 0x8E3E, 0x8E3E, 0xAEDF,
  0xC71F, 0x9E9F, 0x9E9F, 0xBF1F, 0xA6BF, 0x967F, 0x965F, 0x9E9F, 0xB6FF, 0xA69F, 0x967F, 0x967F,
  0x967F, 0x9E7F, 0x8E5F, 0x8E5F, 0xAEDF, 0xC73F, 0xAEDF, 0xAEDF, 0xA6BF, 0xA6BF, 0xA6BF, 0xA6BF,
  0x965E, 0xA6BF, 0x9E3C, 0x1989, 0x1988, 0x21A9, 0x21C9, 0x21A9, 0x21C9, 0x2A0B, 0x4AAD, 0x4B0E,
  0x326E, 0x2A2E, 0x3A8E, 0x4AEE, 0x4AEE, 0x42CD, 0x530E, 0x42AD, 0x326D, 0x534F, 0x5B70, 0x430F,
  0x4B71, 0x84F7, 0x7495, 0x5BD2, 0x74D6, 0x74F7, 0x5C55, 0x4BF4, 0x53F4, 0x6496, 0x7CF7, 0x9599,
  0x9DB9, 0xB63B, 0xC69C, 0xC69C, 0xC67B, 0x6E1F, 0x0A4E, 0x0000, 0x0020, 0x0000, 0x0000, 0x0000,
  0x0000, 0x0000, 0x0000, 0x0000, 0x1AAF, 0x3C38, 0x2189, 0x3A6D, 0x6393, 0x8498, 0x8477, 0x5B31,
  0x322B, 0x1147, 0x00A4, 0x1127, 0x3A4E, 0x6397, 0x845C, 0x847C, 0x8C7C, 0x8C7C, 0x847C, 0x7C3B,
  0x5334, 0x2A0D, 0x1127, 0x08C5, 0x08C5, 0x08C5, 0x08C5, 0x08E5, 0x08E5, 0x08C5, 0x08C5, 0x08C5,
  0x00C5, 0x00A4, 0x00A4, 0x00A4, 0x00A4, 0x00A4, 0x0084, 0x0084, 0x0084, 0x0084, 0x0084, 0x0084,
  0x0084, 0x0084, 0x0063, 0x0083, 0x0084, 0x0084, 0x0063, 0x0064, 0x0064, 0x0084, 0x0084, 0x00A5,
  0x00A4, 0x00A5, 0x00A5, 0x0085, 0x0085, 0x00A5, 0x00A6, 0x00A6, 0x00C6, 0x00C6, 0x00E7, 0x00E7,
  0x00E7, 0x00E7, 0x00E7, 0x0107, 0x0108, 0x0908, 0x0928, 0x0928, 0x0929, 0x0109, 0x00E8, 0x00E8,
  0x00E9, 0x00E9, 0x00C8, 0x0087, 0x0066, 0x0087, 0x00C9, 0x010A, 0x014A, 0x012A, 0x0949, 0x094A,
  0x116A, 0x198A, 0x118A, 0x19AA, 0x19CA, 0x19AA, 0x19AA, 0x198A, 0x19AA, 0x21CA, 0x21AA, 0x19AA,
  0x21CA, 0x21AA, 0x1989, 0x1989, 0x29EB, 0x21CA, 0x21EA, 0x21CA, 0x21CA, 0x1989, 0x21A9, 0x21C9,
  0x21AA, 0x21AA, 0x21CA, 0x19AA, 0x19AA, 0x1989, 0x19AA, 0x21CA, 0x29EA, 0x2A0B, 0x322B, 0x2A0A,
  0x2A0A, 0x320B, 0x320B, 0x21CB, 0x2A0B, 0x320B, 0x3A2B, 0x3A2A, 0x320A, 0x21CA, 0x21CA, 0x29CA,
  0x1989, 0x1968, 0x1107, 0x11AB, 0x653B, 0x967E, 0x7DFD, 0x967F, 0x8E5F, 0x9E9F, 0x9E9F, 0x9E7F,
  0x861E, 0x7DFD, 0x7DFD, 0x8E3E, 0xAEBF, 0x7DFE, 0x861E, 0x8E1E, 0x861D, 0x861E, 0xAEDF, 0xBEFF,
  0x9E9F, 0x9E9F, 0xBF1F, 0xAEDF, 0x967F, 0x965E, 0x8E5E, 0xAEDF, 0xB6FF, 0x967F, 0x965F, 0x967F,
  0x967F, 0x9E7F, 0x8E3F, 0x967F, 0xC73F, 0xBF1F, 0xAEDF, 0xAEDF, 0xA6BF, 0xA6BF, 0xA6BF, 0xA6BF,
  0x9E7F, 0x965E, 0xB6FF, 0x3ACF, 0x1968, 0x29CA, 0x29EA, 0x31EA, 0x320A, 0x29EA, 0x322B, 0x42AD,
  0x42AD, 0x3A6C, 0x21EB, 0x21EC, 0x2A2C, 0x2A2B, 0x3A6C, 0x2A0B, 0x222C, 0x328D, 0x324C, 0x3AAE,
  0x32AE, 0x53D3, 0x53B2, 0x4B91, 0x6C96, 0x64D7, 0x4BF4, 0x43D4, 0x5C55, 0x6C96, 0x7D17, 0x9DFA,
  0xA61B, 0xB65C, 0xBE9C, 0xC69C, 0xA61B, 0x3D5E, 0x00C4, 0x0000, 0x0000, 0x0000, 0x0000, 0x0000,
  0x0000, 0x0000, 0x0000, 0x0000, 0x0906, 0x455D, 0x6393, 0x6BD5, 0x8C98, 0xA53B, 0xA53B, 0x8CB8,
  0x6BF3, 0x5350, 0x220B, 0x324E, 0x5313, 0x741A, 0x845C, 0x847C, 0x8C9C, 0x847C, 0x845C, 0x6397,
  0x3A6F, 0x1149, 0x00A4, 0x0063, 0x0084, 0x0084, 0x0084, 0x00A4, 0x0084, 0x0084, 0x0084, 0x00A4,
  0x00A4, 0x00A4, 0x00A4, 0x00A4, 0x08A5, 0x08C5, 0x08C5, 0x08C5, 0x08E5, 0x08E5, 0x08E6, 0x1106,
  0x1126, 0x0907, 0x0907, 0x1127, 0x1127, 0x0907, 0x0907, 0x0907, 0x1127, 0x1127, 0x1148, 0x1168,
  0x1148, 0x0928, 0x1147, 0x0928, 0x0928, 0x0928, 0x0948, 0x0948, 0x1148, 0x0948, 0x0948, 0x0948,
  0x0948, 0x0948, 0x0948, 0x0948, 0x0948, 0x0949, 0x0948, 0x0948, 0x0928, 0x0129, 0x0949, 0x0929,
  0x0109, 0x0109, 0x00E8, 0x00A7, 0x0086, 0x00C9, 0x00E9, 0x014A, 0x118A, 0x096A, 0x1169, 0x1169,
  0x118A, 0x19AA, 0x19AA, 0x19CA, 0x19AA, 0x19AA, 0x1989, 0x198A, 0x19AA, 0x21CA, 0x21AA, 0x19AA,
  0x21CA, 0x21CA, 0x19A9, 0x198A, 0x21CB, 0x29EB, 0x29EB, 0x29EB, 0x29EA, 0x21CA, 0x21CA, 0x21CA,
  0x21AA, 0x21AA, 0x21AA, 0x198A, 0x1989, 0x1169, 0x1989, 0x21CA, 0x2A0B, 0x2A0B, 0x322A, 0x322B,
  0x322B, 0x322B, 0x322B, 0x320B, 0x3A4C, 0x3A4B, 0x424B, 0x424B, 0x3A2B, 0x31EA, 0x320A, 0x322A,
  0x29C9, 0x2189, 0x1107, 0x3B53, 0x75DD, 0x967E, 0x75DD, 0x9E9F, 0x9E9F, 0x9E9F, 0x967F, 0x863E,
  0x7E1E, 0x861D, 0x861E, 0x861E, 0x8E3E, 0x8E3E, 0x8E3E, 0x861E, 0x861E, 0xA6BF, 0xAEDF, 0x9E9F,
  0xA69F, 0xBF1F, 0xAEBF, 0x9E9F, 0x965E, 0x8E5E, 0x967F, 0xBF1F, 0xA6BF, 0x967F, 0x967F, 0x8E5F,
  0x967F, 0x965F, 0x863E, 0xAEDF, 0xCF5F, 0xB6FF, 0xA6BF, 0xAEDF, 0xA6BF, 0xAEBF, 0xA6BF, 0xA6BF,
  0x9E9F, 0x8E1E, 0xAEDF, 0x6C76, 0x1969, 0x21AB, 0x29EB, 0x3A4B, 0x4AAC, 0x426C, 0x3A4B, 0x4ACD,
  0x52CD, 0x428C, 0x2A0B, 0x21AB, 0x19CB, 0x2A0C, 0x428D, 0x3A6D, 0x2A0D, 0x2A2D, 0x3A6C, 0x2A2C,
  0x328D, 0x53D3, 0x4BB3, 0x2B32, 0x5436, 0x5C97, 0x5457, 0x64B7, 0x6CD7, 0x7D38, 0x8579, 0x95DA,
  0xA61B, 0xB65B, 0xC6BD, 0xCEBC, 0x965E, 0x1C18, 0x0000, 0x0000, 0x0000, 0x0000, 0x0000, 0x0000,
  0x0000, 0x0000, 0x0000, 0x0000, 0x0000, 0x3479, 0x74BA, 0x9498, 0x9D3C, 0xA55C, 0xB59D, 0xB5DC,
  0x9CF8, 0x73F4, 0x6393, 0x6396, 0x73FA, 0x7C3C, 0x845C, 0x847C, 0x847C, 0x845C, 0x7C3B, 0x6397,
  0x42D1, 0x1149, 0x00A4, 0x00A5, 0x08C5, 0x08C5, 0x08C5, 0x08C5, 0x1105, 0x1106, 0x08E6, 0x08E5,
  0x1106, 0x1106, 0x1126, 0x1126, 0x1147, 0x1947, 0x1947, 0x1947, 0x1947, 0x1947, 0x1147, 0x1968,
  0x1988, 0x1968, 0x1968, 0x1988, 0x1968, 0x1148, 0x1148, 0x1968, 0x1988, 0x1989, 0x1989, 0x1989,
  0x1168, 0x1148, 0x1168, 0x1148, 0x0949, 0x1148, 0x1148, 0x1148, 0x1148, 0x1148, 0x0948, 0x0948,
  0x0948, 0x0948, 0x0928, 0x0928, 0x0948, 0x1169, 0x1169, 0x0928, 0x0928, 0x0949, 0x0949, 0x0949,
  0x0949, 0x0949, 0x012A, 0x00E9, 0x00C7, 0x00C7, 0x00C7, 0x0129, 0x096A, 0x096A, 0x096A, 0x118A,
  0x19AA, 0x21CA, 0x19CA, 0x21CA, 0x21EA, 0x21CA, 0x21CA, 0x19AA, 0x19AA, 0x1989, 0x1989, 0x19AA,
  0x19AA, 0x19AA, 0x19AA, 0x19AA, 0x19AB, 0x21CB, 0x21CA, 0x21CA, 0x2A0B, 0x320B, 0x320B, 0x29EB,
  0x21CA, 0x21CA, 0x21CA, 0x19AA, 0x19AA, 0x1969, 0x19A9, 0x21EA, 0x2A0B, 0x2A0B, 0x320A, 0x320B,
  0x322B, 0x3A4B, 0x322B, 0x322B, 0x3A4B, 0x424B, 0x4A6B, 0x4A8C, 0x424B, 0x320A, 0x3A2B, 0x3A4B,
  0x21A9, 0x1968, 0x198A, 0x54B9, 0x75BC, 0x9E9F, 0x7E1E, 0x967F, 0xAEDF, 0xB6DF, 0x965E, 0x7E1E,
  0x861E, 0x861E, 0x8E3E, 0x861E, 0x861E, 0x8E3E, 0x8E1E, 0x8E3E, 0xA69F, 0xAEDF, 0x9E9F, 0x9E9F,
  0xBF1F, 0xAEDF, 0x9E9F, 0x9E9F, 0x965E, 0x8E5E, 0xA6BF, 0xB6FF, 0x9E9F, 0x967F, 0x965F, 0x8E5F,
  0x9E9F, 0x8E3E, 0x965E, 0xC71F, 0xCF5F, 0xAEDF, 0xA6BF, 0xAEDF, 0xA6BF, 0xAEDF, 0xAEDF, 0xA6BF,
  0x9E9F, 0x8E1E, 0x9E9F, 0x95DB, 0x29EB, 0x21AB, 0x29EB, 0x426C, 0x52CD, 0x428C, 0x424B, 0x52CC,
  0x52AC, 0x4A8C, 0x426C, 0x322B, 0x320B, 0x426C, 0x428C, 0x428D, 0x322C, 0x29EC, 0x424C, 0x326D,
  0x4330, 0x4BB3, 0x3373, 0x01AC, 0x22F2, 0x5436, 0x4C15, 0x64B7, 0x7D39, 0x9E1B, 0x9DFB, 0x95DA,
  0xB67C, 0xC69C, 0xCEDD, 0xDEFD, 0x6E5F, 0x0A6E, 0x0000, 0x0020, 0x0000, 0x0000, 0x0000, 0x0000,
  0x0000, 0x0000, 0x0000, 0x0000, 0x0000, 0x1AD0, 0x657E, 0x9CD9, 0x94DA, 0x8C78, 0x94F9, 0xAD7B,
  0xB5DC, 0xA55C, 0x8CBB, 0x845B, 0x845C, 0x845C, 0x847C, 0x847C, 0x845C, 0x7C3C, 0x6BB8, 0x5313,
  0x4B32, 0x19AA, 0x1968, 0x320C, 0x320C, 0x29EA, 0x21EA, 0x324B, 0x4AED, 0x638F, 0x5B90, 0x42AD,
  0x1147, 0x1947, 0x1126, 0x1126, 0x1126, 0x1947, 0x1947, 0x1947, 0x1947, 0x1947, 0x1147, 0x1147,
  0x1947, 0x1968, 0x1968, 0x1968, 0x1968, 0x1148, 0x1148, 0x1968, 0x1988, 0x1989, 0x1988, 0x1989,
  0x1989, 0x1169, 0x1168, 0x1169, 0x0949, 0x0928, 0x0928, 0x0928, 0x0928, 0x0928, 0x0948, 0x0948,
  0x0948, 0x0948, 0x0948, 0x0928, 0x0128, 0x0928, 0x0928, 0x0928, 0x0108, 0x0108, 0x0108, 0x0108,
  0x0108, 0x00C7, 0x00A7, 0x0024, 0x0000, 0x0000, 0x0001, 0x0086, 0x0109, 0x00E8, 0x00C8, 0x096A,
  0x0949, 0x0949, 0x1149, 0x1149, 0x1189, 0x19AA, 0x19A9, 0x1989, 0x19A9, 0x19AA, 0x19AA, 0x21CA,
  0x19AA, 0x19AA, 0x21A9, 0x21AA, 0x19AA, 0x21AA, 0x19AA, 0x21AA, 0x21CA, 0x29EA, 0x29EA, 0x29EA,
  0x21EA, 0x29EA, 0x1989, 0x1968, 0x1989, 0x1989, 0x1989, 0x19A9, 0x29EA, 0x2A0B, 0x29EB, 0x29EA,
  0x31EA, 0x320B, 0x320A, 0x320B, 0x320B, 0x320B, 0x426C, 0x426B, 0x3A2B, 0x31EA, 0x320A, 0x3A2B,
  0x29CA, 0x2147, 0x2ACF, 0x655B, 0x759C, 0xA6BF, 0x965E, 0x8E5E, 0xB6FF, 0xB6FF, 0x967F, 0x8E5F,
  0x7E1E, 0x861E, 0x863E, 0x861E, 0x861E, 0x861E, 0x8E3E, 0xA6BF, 0xAEDF, 0x9E9F, 0x9E9F, 0xB6FF,
  0xAEDF, 0x9E9F, 0xA6BF, 0x9E9F, 0x967E, 0x967F, 0xB6FF, 0xA6BF, 0x9E9F, 0x967F, 0x967F, 0x967F,
  0x967F, 0x8E3F, 0xB6FF, 0xC73F, 0xC73F, 0xA6BF, 0xAEDF, 0xAEDF, 0xA6BF, 0xAEDF, 0xAEBF, 0x9E9F,
  0x9E9F, 0x965E, 0x8E3E, 0x9E5E, 0x3AAE, 0x21CB, 0x21CB, 0x3A4B, 0x426B, 0x424B, 0x424B, 0x4AAC,
  0x4A8C, 0x4A6C, 0x426C, 0x4A8C, 0x428C, 0x4AAC, 0x52CD, 0x4ACD, 0x3A6C, 0x322C, 0x426C, 0x3A8D,
  0x4BB2, 0x5C34, 0x3BB4, 0x00A5, 0x0A0E, 0x4477, 0x6CD7, 0x7518, 0x7D59, 0x9DDB, 0x9E1B, 0xB67C,
  0xC6DD, 0xC6DD, 0xCEBC, 0xB67C, 0x2D5E, 0x00C4, 0x0000, 0x0000, 0x0000, 0x0000, 0x0000, 0x0000,
  0x0000, 0x0000, 0x0000, 0x0000, 0x0000, 0x0906, 0x4D7F, 0x8478, 0x6B93, 0x5B51, 0x6BD3, 0x8CB7,
  0xA55B, 0xA53D, 0x94DC, 0x8C9C, 0x847C, 0x847C, 0x8C7C, 0x845C, 0x7C3C, 0x7C1B, 0x73FA, 0x63B8,
  0x5334, 0x63B5, 0x7C17, 0x7418, 0x7417, 0x7435, 0x7433, 0x63D1, 0x63D1, 0x8494, 0x7432, 0x63B0,
  0x19CA, 0x432F, 0x224C, 0x21CA, 0x1947, 0x00A4, 0x1106, 0x1106, 0x1127, 0x1127, 0x1127, 0x1147,
  0x1147, 0x1147, 0x1968, 0x1968, 0x1968, 0x1147, 0x1147, 0x1147, 0x1148, 0x1148, 0x1147, 0x1147,
  0x1148, 0x0948, 0x1148, 0x0928, 0x0107, 0x0107, 0x0928, 0x0928, 0x0928, 0x0928, 0x0928, 0x0928,
  0x0907, 0x0908, 0x0108, 0x0108, 0x0108, 0x00E7, 0x00E7, 0x0108, 0x0108, 0x00E8, 0x00E8, 0x0109,
  0x00A8, 0x0087, 0x0066, 0x0023, 0x0000, 0x0000, 0x0022, 0x0086, 0x00C8, 0x00A8, 0x012A, 0x092A,
  0x0929, 0x0949, 0x0949, 0x1169, 0x1189, 0x1989, 0x19AA, 0x21A9, 0x21CA, 0x21CA, 0x21CA, 0x1989,
  0x19AA, 0x21CA, 0x29EA, 0x29EA, 0x21AA, 0x198A, 0x21AA, 0x21CA, 0x21CA, 0x21CA, 0x21CA, 0x21CA,
  0x21CA, 0x21CA, 0x1989, 0x1148, 0x1989, 0x1989, 0x1969, 0x1969, 0x21EA, 0x29EB, 0x21CA, 0x29CA,
  0x29CA, 0x29CA, 0x21A9, 0x29EA, 0x29EB, 0x29CB, 0x320B, 0x320A, 0x29CA, 0x21A9, 0x29EA, 0x320A,
  0x29C9, 0x21A9, 0x5477, 0x6D5B, 0x6D9C, 0xA6DF, 0x9E9F, 0x967E, 0xB6FF, 0xBF1F, 0xA6BF, 0x967F,
  0x861E, 0x861E, 0x861E, 0x863E, 0x861E, 0x965E, 0xAEBF, 0xA6BF, 0x967F, 0x967F, 0xB6FF, 0xAEDF,
  0x9E9F, 0x9E9F, 0xAEDF, 0x967F, 0x967F, 0x9E9F, 0xB6FF, 0x9E9F, 0x967F, 0x967F, 0x965F, 0x9E9F,
  0x8E3F, 0x967F, 0xC73F, 0xC73F, 0xC73F, 0xA6BF, 0xB6FF, 0xA6BF, 0xAEDF, 0xA6BF, 0xA6BF, 0x9E9F,
  0x9E9F, 0x967F, 0x8E1E, 0x9E7E, 0x4310, 0x21CB, 0x29EB, 0x322B, 0x322B, 0x3A2B, 0x3A2B, 0x4A8C,
  0x4A8C, 0x426B, 0x426C, 0x4AAD, 0x4A8D, 0x4AAC, 0x52CD, 0x52CD, 0x428C, 0x324D, 0x4AAD, 0x428D,
  0x4351, 0x19ED, 0x11AD, 0x00C9, 0x014D, 0x11CF, 0x4373, 0x8DBA, 0x9DDB, 0xA61B, 0xB67C, 0xCEFE,
  0xCEDD, 0xC6DD, 0xCEDC, 0x9E9F, 0x2C16, 0x0000, 0x0000, 0x0000, 0x0000, 0x0000, 0x0000, 0x0000,
  0x0000, 0x0000, 0x0000, 0x0000, 0x0000, 0x0000, 0x3479, 0x74DB, 0x73F5, 0x63F4, 0x4AEF, 0x6372,
  0x8CB8, 0x9CFC, 0x94FC, 0x94BC, 0x8C9C, 0x8C9C, 0x8C7C, 0x845C, 0x7C3B, 0x7C1B, 0x7C3B, 0x7C3B,
  0x845A, 0x847A, 0x845A, 0x7C39, 0x7417, 0x8495, 0x8494, 0x8CD5, 0x9516, 0x84B4, 0x73F1, 0x6BF0,
  0x534F, 0x1A0C, 0x5391, 0x5391, 0x7C94, 0x42EE, 0x220B, 0x324C, 0x0906, 0x08E6, 0x08E6, 0x08E6,
  0x08E6, 0x0906, 0x1127, 0x1147, 0x1127, 0x1147, 0x1147, 0x1148, 0x1968, 0x1988, 0x1988, 0x1988,
  0x1989, 0x1969, 0x1168, 0x0928, 0x0907, 0x0928, 0x0928, 0x0948, 0x0948, 0x0948, 0x0948, 0x0928,
  0x0948, 0x1148, 0x0928, 0x0928, 0x0928, 0x0108, 0x0108, 0x0908, 0x0908, 0x00E8, 0x00E8, 0x0109,
  0x0109, 0x00C8, 0x0045, 0x0021, 0x0000, 0x0001, 0x0001, 0x0085, 0x00E9, 0x014A, 0x096A, 0x0949,
  0x0949, 0x19AA, 0x19AA, 0x19AA, 0x21CB, 0x21CA, 0x19AA, 0x19AA, 0x21CA, 0x21EA, 0x19AA, 0x1169,
  0x1989, 0x21EA, 0x2A0B, 0x21CA, 0x19AA, 0x1989, 0x21AA, 0x21EB, 0x21CA, 0x21CA, 0x21AA, 0x21CA,
  0x21AA, 0x21CA, 0x21AA, 0x0948, 0x1148, 0x0927, 0x0928, 0x1169, 0x21CA, 0x21CA, 0x1989, 0x21A9,
  0x29EA, 0x29CA, 0x1989, 0x29CA, 0x21AA, 0x1989, 0x21A9, 0x29C9, 0x1989, 0x1989, 0x21A9, 0x29C9,
  0x2168, 0x2AAF, 0x75DD, 0x653A, 0x657C, 0xA6DF, 0x9E9F, 0x9E9F, 0xBF1F, 0xBF1F, 0xAEDF, 0xA6BF,
  0x8E5E, 0x861E, 0x7DFD, 0x861D, 0x9E7F, 0xAEDF, 0xA69F, 0x965F, 0x967F, 0xAEFF, 0xAEDF, 0xA69F,
  0x9E9F, 0xAEDF, 0x9E9F, 0x967F, 0x967F, 0xA6DF, 0xAEDF, 0x9E9F, 0x967F, 0x8E5E, 0x8E5F, 0x9E7F,
  0x8E5F, 0xB6FF, 0xC73F, 0xC73F, 0xBF1F, 0xAEDF, 0xAEDF, 0xA6BF, 0xA6BF, 0xA6BF, 0x9E9F, 0x9E7F,
  0x9E9F, 0x9E7F, 0x8E3E, 0x9E9F, 0x5371, 0x21AA, 0x29EC, 0x2A0C, 0x29EB, 0x320B, 0x320B, 0x3A6C,
  0x426C, 0x424B, 0x426C, 0x4A8C, 0x428D, 0x4AAC, 0x4AAC, 0x4AAC, 0x426C, 0x3A4C, 0x4AAD, 0x428C,
  0x3A6D, 0x014E, 0x016F, 0x018F, 0x018F, 0x014E, 0x3334, 0x9E1B, 0xA61B, 0x9DFB, 0xB65C, 0xC6BD,
  0xCEDD, 0xD6FD, 0xD6FD, 0x6E3F, 0x1A0B, 0x0000, 0x0020, 0x0000, 0x0000, 0x0000, 0x0000, 0x0000,
  0x0000, 0x0000, 0x0000, 0x0000, 0x0020, 0x0000, 0x1AAF, 0x6D9F, 0x8C79, 0x6C17, 0x4B52, 0x6C13,
  0x8CB8, 0x94DC, 0x9CFD, 0x9CFD, 0x94DC, 0x94DC, 0x8C9C, 0x845B, 0x7C1B, 0x7C3B, 0x7C3B, 0x845B,
  0x7C5A, 0x845A, 0x847A, 0x8479, 0x8CF9, 0x9D37, 0x9D56, 0xADFA, 0x9D78, 0x73F1, 0x73F0, 0x8494,
  0x9536, 0x5B91, 0x220B, 0x4B4F, 0x6C53, 0x7CB5, 0x4B50, 0x53B1, 0x2A6D, 0x00E7, 0x08E6, 0x08E6,
  0x1127, 0x1147, 0x1147, 0x1147, 0x1147, 0x1147, 0x1147, 0x1148, 0x1148, 0x1968, 0x1988, 0x1968,
  0x1988, 0x1989, 0x1168, 0x0928, 0x0907, 0x0907, 0x0907, 0x0928, 0x1149, 0x1168, 0x0927, 0x0907,
  0x0948, 0x1149, 0x1169, 0x1169, 0x1169, 0x1169, 0x1169, 0x1189, 0x118A, 0x096A, 0x0949, 0x0929,
  0x0929, 0x0109, 0x0086, 0x0022, 0x0022, 0x0044, 0x0045, 0x0086, 0x00E9, 0x096A, 0x096A, 0x0929,
  0x1169, 0x19AA, 0x19AA, 0x21CB, 0x21CB, 0x21CA, 0x198A, 0x19AA, 0x21CA, 0x21AA, 0x1969, 0x1168,
  0x1989, 0x19AA, 0x21CA, 0x21A9, 0x1989, 0x19A9, 0x21CA, 0x29EB, 0x2A0B, 0x29EA, 0x21A9, 0x29CA,
  0x29CA, 0x29EA, 0x21AA, 0x0948, 0x0907, 0x08E6, 0x0928, 0x118A, 0x2A0B, 0x21CA, 0x1968, 0x21A9,
  0x320B, 0x29EB, 0x21CA, 0x29CA, 0x198A, 0x0928, 0x1148, 0x1968, 0x1968, 0x2189, 0x21AA, 0x21CA,
  0x1149, 0x43D5, 0x85FD, 0x653A, 0x657C, 0xAEFF, 0x9E9F, 0x967F, 0xBF1F, 0xCF5F, 0xBF1F, 0xA6BF,
  0x965E, 0x861E, 0x7DFD, 0x9E9F, 0xAEDF, 0x9E9F, 0x8E5F, 0x8E5F, 0xAEFF, 0xAEDF, 0xA6BF, 0x9E9F,
  0xA6BF, 0xB6FF, 0x8E5E, 0x9E9F, 0x9E9F, 0xAEDF, 0xA6BF, 0x9E7F, 0x967F, 0x863F, 0x965F, 0x967F,
  0x9E9F, 0xD77F, 0xBF1F, 0xCF5F, 0xBF1F, 0xAEDF, 0xA6BF, 0xAEBF, 0xA6BF, 0x9EBF, 0x9E9F, 0x9E9F,
  0x9E9F, 0x9E7F, 0x8E5E, 0x9E9F, 0x53D3, 0x1948, 0x21CB, 0x21CB, 0x29CB, 0x320B, 0x320B, 0x3A4C,
  0x424B, 0x426C, 0x4A6C, 0x426C, 0x3A4C, 0x426C, 0x4A8C, 0x4A8C, 0x426C, 0x3A6C, 0x4ACD, 0x52EE,
  0x2A6E, 0x01D0, 0x0273, 0x0A73, 0x0AB4, 0x0AB4, 0x4C37, 0x9DFB, 0xA63C, 0xAE3B, 0xAE3B, 0xBE9C,
  0xDF3E, 0xEF7E, 0xCF3F, 0x2CDC, 0x0042, 0x0000, 0x0000, 0x0000, 0x0000, 0x0000, 0x0000, 0x0000,
  0x0000, 0x0000, 0x0000, 0x0000, 0x0000, 0x0000, 0x08E5, 0x4D7E, 0x849C, 0x7C1A, 0x7438, 0x7C77,
  0x849A, 0x94DC, 0x9CFD, 0x9D1D, 0x9D1D, 0x9CFD, 0x8C9C, 0x7C3B, 0x73FA, 0x741A, 0x845B, 0x847B,
  0x847B, 0x845B, 0x847A, 0x8CD9, 0x9D79, 0x9D57, 0xB61A, 0xBE5C, 0x7C74, 0x6BF0, 0x5B4E, 0x4B0E,
  0x32AD, 0x2A2C, 0x0969, 0x63F2, 0x9D98, 0x5BD2, 0x42EF, 0x222C, 0x7453, 0x4B30, 0x328D, 0x21EA,
  0x1106, 0x1126, 0x1947, 0x1947, 0x1968, 0x1968, 0x1947, 0x1147, 0x1147, 0x1988, 0x1988, 0x1989,
  0x1989, 0x1988, 0x1169, 0x0928, 0x0948, 0x0927, 0x0928, 0x0949, 0x1168, 0x1169, 0x0948, 0x0907,
  0x0928, 0x0108, 0x0107, 0x00E7, 0x00E7, 0x0108, 0x0108, 0x0108, 0x0108, 0x0129, 0x00E8, 0x00A7,
  0x0086, 0x0085, 0x0085, 0x0044, 0x0021, 0x0000, 0x0023, 0x0066, 0x00C8, 0x0108, 0x0949, 0x0949,
  0x0928, 0x0929, 0x0929, 0x0949, 0x1169, 0x19AA, 0x11AA, 0x11AB, 0x19CA, 0x19A9, 0x0928, 0x0928,
  0x118A, 0x19AA, 0x1989, 0x21A9, 0x21CA, 0x21EB, 0x29EB, 0x21CA, 0x21CA, 0x21CA, 0x21CA, 0x29EA,
  0x21CA, 0x21A9, 0x1989, 0x1149, 0x1189, 0x1128, 0x0927, 0x1148, 0x29EA, 0x29CA, 0x21A9, 0x1989,
  0x29C9, 0x29EB, 0x29EB, 0x29EA, 0x1968, 0x0907, 0x1127, 0x0907, 0x0907, 0x1948, 0x1948, 0x1969,
  0x19EC, 0x5CFA, 0x7DBC, 0x653A, 0x6D9C, 0xB71F, 0xA6BF, 0x8E5F, 0xA6BF, 0xDF7F, 0xDF7F, 0x9E9F,
  0x861E, 0x861E, 0x9E9F, 0xA6BF, 0x967F, 0x8E5F, 0x8E3E, 0xA6DF, 0xAEFF, 0x9E9F, 0x9E9F, 0x967F,
  0xB6FF, 0xA6BF, 0x8E7F, 0x9E9F, 0xA6BF, 0xAEDF, 0x9E9F, 0x967F, 0x8E5F, 0x863E, 0x8E5F, 0x967F,
  0xBF1F, 0xDF7F, 0xB6DF, 0xD75F, 0xB6FF, 0xA6BF, 0xA6BF, 0xA6DF, 0xA6BF, 0x9E9F, 0x9E9F, 0x9E9F,
  0x9E9F, 0x9E7F, 0x8E1E, 0x967F, 0x6456, 0x29AA, 0x21EB, 0x29CB, 0x29CB, 0x320B, 0x320B, 0x3A0B,
  0x424B, 0x4A6C, 0x424C, 0x320B, 0x2A0C, 0x3A2C, 0x3A4C, 0x428C, 0x426C, 0x2188, 0x42EE, 0x8517,
  0x74B6, 0x0A71, 0x12F4, 0x1B35, 0x2B96, 0x2BD7, 0x5C98, 0x74D7, 0x53F3, 0x7CF6, 0xCEDD, 0xD71E,
  0xDF5E, 0xF7BE, 0x8EDF, 0x0AF2, 0x0000, 0x0020, 0x0000, 0x0000, 0x0000, 0x0000, 0x0000, 0x0000,
  0x0000, 0x0000, 0x0000, 0x0000, 0x0000, 0x0000, 0x0000, 0x2C37, 0x751F, 0x843B, 0x847C, 0x847C,
  0x8C9C, 0x94DC, 0x9D1D, 0xA53D, 0xA53D, 0x9D1D, 0x847B, 0x6BD8, 0x6396, 0x63B7, 0x7C19, 0x847B,
  0x847B, 0x7C3A, 0x7C38, 0x8496, 0x8CD5, 0x8CD4, 0x84B4, 0x6BF1, 0x6BD0, 0x8493, 0x7411, 0x5B6F,
  0x532E, 0x6BD0, 0x536F, 0x32AD, 0x6C33, 0x8CF5, 0x63D2, 0x2A8D, 0x6C33, 0xA597, 0x84B4, 0x4B2F,
  0x1127, 0x08C5, 0x1147, 0x1947, 0x1147, 0x1127, 0x0906, 0x1126, 0x1147, 0x1968, 0x1148, 0x1148,
  0x1147, 0x0907, 0x0907, 0x00E6, 0x00C6, 0x00C6, 0x00C6, 0x00C6, 0x00E6, 0x0907, 0x0908, 0x0928,
  0x1148, 0x0948, 0x0928, 0x0928, 0x0928, 0x1169, 0x118A, 0x1189, 0x098A, 0x11AB, 0x098B, 0x098A,
  0x0129, 0x0109, 0x00C8, 0x0087, 0x0065, 0x0043, 0x0087, 0x010A, 0x012A, 0x0929, 0x0949, 0x118A,
  0x19AA, 0x118A, 0x198A, 0x21CA, 0x21EB, 0x21CB, 0x21EB, 0x19CA, 0x21CA, 0x21AA, 0x1169, 0x1169,
  0x1169, 0x1969, 0x1989, 0x1989, 0x0948, 0x1149, 0x1969, 0x1989, 0x1148, 0x1148, 0x19AA, 0x21EB,
  0x19AA, 0x1969, 0x0907, 0x00E7, 0x0928, 0x00E7, 0x00A5, 0x00A5, 0x21A9, 0x21CA, 0x1169, 0x1148,
  0x1989, 0x21EB, 0x19AA, 0x21CA, 0x2189, 0x08E6, 0x1127, 0x1168, 0x1148, 0x1147, 0x1107, 0x1128,
  0x3BB4, 0x7DBC, 0x759B, 0x653B, 0x75DD, 0xB71F, 0xA6BF, 0x967F, 0x9E9F, 0xCF5F, 0xEFBF, 0x9E9F,
  0x865F, 0x967F, 0xA6BF, 0x967F, 0x965F, 0x8E5F, 0xA6BF, 0xB6FF, 0x9E9F, 0x967F, 0x967F, 0xA6BF,
  0xBF1F, 0x965E, 0x9E9F, 0x9E9F, 0xA6BF, 0xA6BF, 0x9E9F, 0x967F, 0x8E3F, 0x8E3E, 0x967F, 0x9E9F,
  0xD77F, 0xCF5F, 0xB6FF, 0xD77F, 0xAEDF, 0x9E9F, 0xA6DF, 0xA6DF, 0xA6BF, 0x9E9F, 0x9E7F, 0x9E7F,
  0x967F, 0x967F, 0x85FE, 0x969F, 0x6CB8, 0x29EB, 0x29EB, 0x29EA, 0x29EB, 0x3A0B, 0x320B, 0x3A4B,
  0x424B, 0x426B, 0x426C, 0x3A4C, 0x320B, 0x424B, 0x3A6D, 0x428D, 0x4AAD, 0x4B0F, 0x6C13, 0x7CB5,
  0x8D36, 0x8516, 0x8D17, 0x8517, 0x8D58, 0x9DB9, 0xADFA, 0xA5B8, 0x9D98, 0xBE5A, 0xE75E, 0xE77F,
  0xE77F, 0xE79F, 0x45BF, 0x0106, 0x0000, 0x0000, 0x0000, 0x0000, 0x0000, 0x0000, 0x0000, 0x0000,
  0x0000, 0x0000, 0x0000, 0x0000, 0x0000, 0x0000, 0x0000, 0x11EB, 0x5D9F, 0x8C7C, 0x845C, 0x7C3B,
  0x845C, 0x8CBC, 0x9D1D, 0xA53D, 0xA53D, 0x94DC, 0x7C19, 0x5B55, 0x4AF3, 0x5334, 0x6BD7, 0x845A,
  0x847A, 0x8479, 0x84B6, 0x8CB4, 0x8CB5, 0x9517, 0x84B4, 0x9515, 0xA598, 0xB61A, 0xA597, 0x94F5,
  0x8CD4, 0x9535, 0xA597, 0x8494, 0x1189, 0x328D, 0x6C33, 0x5BD2, 0x430F, 0x9D56, 0xA577, 0x8CF5,
  0x4310, 0x19EC, 0x1988, 0x1947, 0x1947, 0x1126, 0x0906, 0x08E6, 0x0906, 0x1168, 0x1989, 0x1148,
  0x1148, 0x1147, 0x1127, 0x0927, 0x0927, 0x08E7, 0x08E7, 0x08E6, 0x0907, 0x0928, 0x0107, 0x0907,
  0x0107, 0x00C6, 0x00C6, 0x00C6, 0x00C7, 0x00E7, 0x08E7, 0x00E7, 0x00E7, 0x00E7, 0x00E8, 0x00C8,
  0x0086, 0x0086, 0x0065, 0x0001, 0x0022, 0x0023, 0x0044, 0x0086, 0x00E8, 0x00C7, 0x0086, 0x00A7,
  0x00C8, 0x00C7, 0x00C7, 0x0928, 0x1169, 0x0948, 0x0928, 0x0948, 0x1969, 0x21AA, 0x19AA, 0x1189,
  0x1148, 0x1148, 0x19A9, 0x19AA, 0x1969, 0x1989, 0x1989, 0x21CA, 0x19AA, 0x1969, 0x1969, 0x1989,
  0x1989, 0x19A9, 0x1128, 0x00A5, 0x00A5, 0x00E6, 0x00E6, 0x00E6, 0x1988, 0x2189, 0x1989, 0x21EB,
  0x21EA, 0x29EA, 0x1968, 0x2188, 0x2189, 0x0928, 0x0928, 0x1128, 0x1168, 0x1168, 0x08E6, 0x118A,
  0x655B, 0x85DC, 0x655B, 0x655B, 0x7DDD, 0xB6FF, 0xB6DF, 0x9E9F, 0x9E9F, 0xBF1F, 0xBF1F, 0xA6DF,
  0xA6BF, 0x9EBF, 0x9E9F, 0x967F, 0x8E3E, 0x9E9F, 0xB6FF, 0x9E9F, 0x967F, 0x967F, 0x9E9F, 0xB71F,
  0xA69F, 0x8E5E, 0x9E9F, 0xA6BF, 0xAEDF, 0x9E9F, 0x967F, 0x8E5F, 0x8E3E, 0x8E5F, 0x967F, 0xB6FF,
  0xDF9F, 0xBF1F, 0xBF1F, 0xDF7F, 0xAEBF, 0x9E9F, 0xAEDF, 0xAEDF, 0x9E9F, 0x967F, 0x967F, 0x965F,
  0x967F, 0x9E9F, 0x8E3E, 0x9EBF, 0x7519, 0x1989, 0x21CA, 0x31EA, 0x29EA, 0x31EA, 0x3A2B, 0x3A4B,
  0x3A2B, 0x31E9, 0x29E9, 0x29CA, 0x29CA, 0x320B, 0x424C, 0x426C, 0x428D, 0x63F2, 0x7CD6, 0x7CD6,
  0x9557, 0xADD8, 0xA5B8, 0xA598, 0xADF9, 0xB63A, 0xBE7B, 0xC67C, 0xCEBC, 0xD71D, 0xE77F, 0xEFBF,
  0xFFDF, 0xB75F, 0x1BF8, 0x0000, 0x0000, 0x0000, 0x0000, 0x0000, 0x0000, 0x0000, 0x0000, 0x0000,
  0x0000, 0x0000, 0x0000, 0x0000, 0x0000, 0x0000, 0x0000, 0x0041, 0x3CFC, 0x84DD, 0x845B, 0x7C3B,
  0x845B, 0x8C9C, 0x9CFD, 0xA53D, 0xA51D, 0x8C9B, 0x73F8, 0x5314, 0x42D2, 0x5333, 0x6BD7, 0x845A,
  0x8C9A, 0x94F9, 0x9518, 0x8CD8, 0x8499, 0x9D39, 0xA599, 0xB61C, 0xB5FB, 0xB61C, 0xB5FA, 0xB63A,
  0xADFA, 0xADD9, 0xADD8, 0xA597, 0x6C12, 0x3ACF, 0x6413, 0x4B70, 0x222C, 0x5370, 0x9536, 0xB619,
  0x9557, 0x224D, 0x0969, 0x10E5, 0x1126, 0x08E6, 0x08E6, 0x0906, 0x0906, 0x1147, 0x1968, 0x1127,
  0x1127, 0x1127, 0x0907, 0x00E7, 0x00E6, 0x00C6, 0x00C6, 0x00C6, 0x00E7, 0x0928, 0x0107, 0x00E7,
  0x0928, 0x0928, 0x0928, 0x0928, 0x0908, 0x0928, 0x0928, 0x0949, 0x0949, 0x0108, 0x00A7, 0x00C7,
  0x00E7, 0x00E8, 0x0086, 0x0023, 0x0021, 0x0000, 0x0022, 0x0044, 0x00E8, 0x0129, 0x0908, 0x0928,
  0x0949, 0x1149, 0x1149, 0x198A, 0x1989, 0x1169, 0x0928, 0x1148, 0x1189, 0x1989, 0x1149, 0x0928,
  0x0948, 0x19AA, 0x21CA, 0x21CA, 0x1989, 0x1969, 0x21A9, 0x2A0B, 0x2A0B, 0x21AA, 0x1989, 0x1989,
  0x1989, 0x19A9, 0x1168, 0x00A5, 0x0084, 0x00A5, 0x0085, 0x00E6, 0x1968, 0x1106, 0x0907, 0x1989,
  0x19AA, 0x1968, 0x08E6, 0x1106, 0x1106, 0x00E7, 0x0928, 0x0907, 0x0907, 0x1107, 0x0884, 0x3332,
  0x6D9C, 0x6D7B, 0x657B, 0x759C, 0x7DDD, 0xAEDF, 0xBF1F, 0xA6BF, 0xA6BF, 0xB71F, 0xBF1F, 0xBF1F,
  0xAEDF, 0xA6DF, 0x9E9F, 0x965F, 0x967F, 0xB6FF, 0xA6BF, 0x967F, 0x9E9F, 0x969F, 0xB6FF, 0xAEDF,
  0x8E3E, 0x967F, 0xA6BF, 0xA6DF, 0xA6BF, 0x9E9F, 0x8E5F, 0x8E5F, 0x8E5E, 0x967F, 0xA6BF, 0xC73F,
  0xD77F, 0xBF1F, 0xC73F, 0xD77F, 0xA6BF, 0xA6BF, 0xAEDF, 0xA6BF, 0x9E9F, 0x9E9F, 0x967F, 0x965F,
  0x967F, 0x9E9F, 0x8E3E, 0x8E5F, 0x755B, 0x1969, 0x21AA, 0x2A0B, 0x29EA, 0x29EA, 0x320B, 0x424C,
  0x424B, 0x3A2B, 0x320A, 0x29EA, 0x29EA, 0x320B, 0x3A2B, 0x3A2B, 0x3A2A, 0x4B50, 0x74D7, 0x8538,
  0x9DB9, 0x9D78, 0xB61A, 0xAE1A, 0xBE7B, 0xBE7B, 0xCEBD, 0xD71E, 0xDF3E, 0xE77F, 0xF7DF, 0xF7FF,
  0xFFFF, 0x667F, 0x09CB, 0x0000, 0x0020, 0x0000, 0x0000, 0x0000, 0x0000, 0x0000, 0x0000, 0x0000,
  0x0000, 0x0000, 0x0000, 0x0000, 0x0000, 0x0000, 0x0020, 0x0000, 0x1B11, 0x6D7F, 0x8C5B, 0x845C,
  0x845C, 0x8C9C, 0x94DC, 0x9D1D, 0x9CFD, 0x8C9B, 0x7C38, 0x63B5, 0x5B54, 0x6396, 0x7419, 0x845A,
  0x849B, 0x951C, 0x8CDB, 0x849B, 0x849B, 0x8CDA, 0xA55C, 0xA57C, 0x9D5A, 0xA59B, 0xB61D, 0xC67D,
  0xCEBD, 0xC69C, 0xBE5B, 0xAE1A, 0xADF9, 0x6413, 0x8D37, 0x8D37, 0x432F, 0x224C, 0x42EE, 0x7C74,
  0x84D6, 0x6C54, 0x5BF3, 0x1968, 0x08E6, 0x08E5, 0x08C5, 0x08C5, 0x00C5, 0x0906, 0x1127, 0x0906,
  0x0906, 0x0906, 0x0907, 0x00C6, 0x00C6, 0x00C6, 0x00C6, 0x00C6, 0x0107, 0x0928, 0x0927, 0x0928,
  0x1148, 0x0928, 0x0908, 0x0907, 0x0907, 0x0928, 0x0928, 0x0949, 0x0969, 0x0949, 0x00E8, 0x00E8,
  0x00C7, 0x00A7, 0x0067, 0x0045, 0x0001, 0x0001, 0x0001, 0x0022, 0x00A6, 0x0108, 0x0108, 0x0108,
  0x0929, 0x0949, 0x0929, 0x1169, 0x19AA, 0x1989, 0x1148, 0x1169, 0x19AA, 0x19A9, 0x0928, 0x08E6,
  0x0908, 0x1169, 0x1189, 0x0928, 0x00C6, 0x00C6, 0x0907, 0x1969, 0x1989, 0x1968, 0x1989, 0x21AA,
  0x1989, 0x1148, 0x1127, 0x00A6, 0x00A5, 0x00A5, 0x00A6, 0x00C6, 0x1968, 0x1989, 0x1189, 0x21AA,
  0x21A9, 0x29CA, 0x1989, 0x2189, 0x1989, 0x0907, 0x0928, 0x1148, 0x1148, 0x1948, 0x19AB, 0x54D9,
  0x653A, 0x655B, 0x759C, 0x7DFD, 0x7DDD, 0x9E7E, 0xBF1F, 0xAEFF, 0xA6BF, 0xB6FF, 0xDF9F, 0xC73F,
  0xA6DF, 0x9E9F, 0x9E9F, 0x969F, 0xAEDF, 0xAEDF, 0x9E9F, 0xA6BF, 0x9E7F, 0xA6BF, 0xAEBF, 0x967F,
  0x863E, 0x9E9F, 0xA6BF, 0xA6BF, 0x9E9F, 0x967F, 0x8E5F, 0x8E5F, 0x8E5F, 0x9E9F, 0xBF1F, 0xC73F,
  0xCF5F, 0xB6FF, 0xCF5F, 0xD75F, 0x9E9F, 0xAEDF, 0xAEDF, 0x9E9F, 0x9E9F, 0x9E9F, 0x967F, 0x967F,
  0x967F, 0x8E5F, 0x8E3F, 0x861E, 0x7DDD, 0x2A2C, 0x29CA, 0x320B, 0x31EB, 0x29CA, 0x31CA, 0x3A0A,
  0x320A, 0x31EA, 0x1968, 0x1148, 0x1989, 0x21CA, 0x21CA, 0x19AB, 0x11CB, 0x11CB, 0x6C96, 0xB67C,
  0xB63B, 0xAE3B, 0xC6BD, 0xC6BC, 0xD71D, 0xDF3E, 0xE75E, 0xEF9F, 0xDF3E, 0xB65C, 0xBE7C, 0xC6BC,
  0xAEDF, 0x24DC, 0x0041, 0x0000, 0x0000, 0x0000, 0x0000, 0x0000, 0x0000, 0x0000, 0x0000, 0x0000,
  0x0000, 0x0000, 0x0000, 0x0000, 0x0000, 0x0000, 0x0000, 0x0000, 0x08E5, 0x4D5E, 0x8CBC, 0x8C7C,
  0x847C, 0x8C9C, 0x94DC, 0x94DC, 0x94DC, 0x8CBB, 0x8C9A, 0x8458, 0x7417, 0x73F8, 0x7C3A, 0x7C5B,
  0x7C5B, 0x845B, 0x7C1B, 0x73FB, 0x741B, 0x7C5B, 0x847C, 0x8CBC, 0x94FC, 0x9D5C, 0xA59C, 0xB61C,
  0xCE9D, 0xCEDD, 0xBE7C, 0xADF9, 0xB63A, 0x6C78, 0x8518, 0xC6BD, 0xC6BD, 0x8D17, 0x2A6E, 0x5BD3,
  0xB63B, 0xA5FA, 0x9579, 0x326D, 0x00A5, 0x08C5, 0x08C5, 0x00C5, 0x00A5, 0x08E6, 0x0906, 0x08E6,
  0x0906, 0x0907, 0x00C6, 0x00A5, 0x0085, 0x0085, 0x0085, 0x0085, 0x00A5, 0x00A5, 0x0085, 0x00A5,
  0x00C6, 0x0086, 0x0065, 0x0064, 0x0064, 0x0086, 0x0065, 0x0065, 0x0085, 0x0086, 0x0086, 0x0044,
  0x0023, 0x0024, 0x0024, 0x0001, 0x0000, 0x0000, 0x0000, 0x0022, 0x0023, 0x0066, 0x0087, 0x0066,
  0x0065, 0x0085, 0x0085, 0x00A6, 0x00E6, 0x00C6, 0x00A6, 0x08E7, 0x0928, 0x0907, 0x00C6, 0x00A5,
  0x00E7, 0x1169, 0x1989, 0x1168, 0x1169, 0x1169, 0x1149, 0x1127, 0x0906, 0x08C6, 0x08E6, 0x0907,
  0x08E7, 0x00A5, 0x0085, 0x0064, 0x0043, 0x0064, 0x0064, 0x00A5, 0x0907, 0x00E6, 0x00A5, 0x00A6,
  0x00A5, 0x08E6, 0x08E6, 0x00A5, 0x0084, 0x0064, 0x0043, 0x0085, 0x00C5, 0x0043, 0x226E, 0x2C17,
  0x4458, 0x655B, 0x75BC, 0x85FD, 0x7DDD, 0x8E3E, 0xBF1F, 0xBF1F, 0xB6FF, 0xBF1F, 0xE79F, 0xE7BF,
  0xB6FF, 0x969F, 0x969F, 0xA6DF, 0xAEDF, 0x9E9F, 0xB6FF, 0xA6BF, 0x9E9F, 0xAEBF, 0x9E9F, 0x965E,
  0x8E5F, 0xA6BF, 0xA6BF, 0x9E9F, 0x9E9F, 0x8E7F, 0x8E5F, 0x967F, 0x967F, 0xA6BF, 0xC73F, 0xC73F,
  0xCF5F, 0xB6FF, 0xD77F, 0xC73F, 0x9EBF, 0xAEDF, 0x9E9F, 0x9E9F, 0xA6BF, 0x967F, 0x965F, 0x967F,
  0x9E7F, 0x967F, 0x8E3E, 0x8E1E, 0x8E3E, 0x3ACF, 0x21A9, 0x31EA, 0x3A4C, 0x3A8D, 0x320B, 0x21A8,
  0x1947, 0x19A9, 0x0927, 0x1147, 0x0948, 0x0948, 0x19CA, 0x11AA, 0x0949, 0x0969, 0x53D2, 0xCEFD,
  0xDF7F, 0xDF5F, 0xD71E, 0xDF3E, 0xFFFF, 0xFFFF, 0xF7DF, 0xFFFF, 0xE79F, 0xB69D, 0xAE3B, 0xA5B9,
  0x4DBF, 0x12B0, 0x0000, 0x0020, 0x0000, 0x0000, 0x0000, 0x0000, 0x0000, 0x0000, 0x0000, 0x0000,
  0x0000, 0x0000, 0x0000, 0x0000, 0x0000, 0x0000, 0x0000, 0x0000, 0x0000, 0x2BD6, 0x7D5F, 0x949B,
  0x8CBC, 0x8CBC, 0x94DC, 0x94DC, 0x94BC, 0x94DC, 0x9CFC, 0x9CFB, 0x8CBA, 0x847A, 0x845B, 0x7C3B,
  0x741B, 0x6BDB, 0x63BB, 0x639B, 0x639B, 0x6BBB, 0x73FB, 0x7C5B, 0x8C9C, 0x951C, 0x9D5B, 0xA5BB,
  0xB61B, 0xAE1B, 0xBE5B, 0xBE3A, 0xC69B, 0x7CBA, 0x6439, 0xC6DD, 0xD71E, 0xCF1E, 0x5C58, 0x74D7,
  0xAE1A, 0x9D98, 0x7CF7, 0x4B71, 0x0084, 0x00C5, 0x00A5, 0x00A5, 0x0084, 0x00A5, 0x08C5, 0x08C5,
  0x0906, 0x08E6, 0x00C5, 0x00A5, 0x0085, 0x0085, 0x00A5, 0x00A5, 0x00E7, 0x0907, 0x08E6, 0x08E7,
  0x0928, 0x0907, 0x00E7, 0x0907, 0x0928, 0x0948, 0x0108, 0x00E7, 0x0928, 0x0948, 0x0108, 0x00C7,
  0x0086, 0x0086, 0x00A7, 0x0066, 0x0044, 0x0022, 0x0044, 0x00A7, 0x00A7, 0x00E8, 0x0108, 0x00E8,
  0x00E7, 0x00E7, 0x08E7, 0x0907, 0x1148, 0x1148, 0x1169, 0x0949, 0x198A, 0x19A9, 0x1147, 0x1148,
  0x1169, 0x1989, 0x1969, 0x1169, 0x1189, 0x1149, 0x1148, 0x21A9, 0x21CA, 0x1169, 0x1148, 0x1988,
  0x1988, 0x1107, 0x0906, 0x00A5, 0x0084, 0x00C6, 0x00A6, 0x00C7, 0x1969, 0x1968, 0x08E6, 0x0907,
  0x1947, 0x2188, 0x1989, 0x1969, 0x1127, 0x0084, 0x0063, 0x00A4, 0x00A5, 0x0023, 0x22F1, 0x4CDA,
  0x3C38, 0x5D1A, 0x7DFD, 0x7DFD, 0x75BD, 0x8E3E, 0xBF1F, 0xC73F, 0xC71F, 0xBF1F, 0xDF9F, 0xE7BF,
  0xB6FF, 0x9EBF, 0xA6BF, 0xAEDF, 0xA6BF, 0xB71F, 0xB6DF, 0x9E9F, 0xAEDF, 0x9E9F, 0x9E9F, 0x8E5E,
  0x967F, 0xA6BF, 0xA6BF, 0x9E9F, 0x9E9F, 0x8E5F, 0x8E5F, 0x967F, 0x967F, 0xB6FF, 0xC73F, 0xBF1F,
  0xCF5F, 0xBEFF, 0xDF7F, 0xAEDF, 0xA6BF, 0xA6DF, 0x9E9F, 0x9E9F, 0x9E7F, 0x8E5E, 0x967F, 0x9E9F,
  0x9E9F, 0x9E9F, 0x9E7F, 0x8E1E, 0x8E5F, 0x4B93, 0x2189, 0x29A9, 0x5BB1, 0x8DBA, 0x8D79, 0x8538,
  0x7CF7, 0x6C95, 0x6434, 0x6C54, 0x6C54, 0x7495, 0x6C54, 0x5BB2, 0x42EF, 0x4B50, 0x6454, 0x8517,
  0x9598, 0x9599, 0x9599, 0x9DB9, 0xAE1A, 0xB65B, 0xB65B, 0xAE3B, 0xA5FA, 0x9DDA, 0x9D99, 0x859A,
  0x2D3E, 0x0083, 0x0000, 0x0000, 0x0000, 0x0000, 0x0000, 0x0000, 0x0000, 0x0000, 0x0000, 0x0000,
  0x0000, 0x0000, 0x0000, 0x0000, 0x0000, 0x0000, 0x0000, 0x0000, 0x0000, 0x0989, 0x559F, 0x94BC,
  0x94FC, 0x9D1C, 0x9D1C, 0x9D1C, 0x9CFC, 0x9CFC, 0xA51C, 0xA53C, 0x9D1C, 0x94BC, 0x847C, 0x7C3B,
  0x73DB, 0x639B, 0x5B5A, 0x5B5A, 0x5B5A, 0x637B, 0x6BDB, 0x847C, 0x951C, 0x9D7C, 0x9D5A, 0x9559,
  0x9D9A, 0xA5FA, 0xBE7C, 0xCEBC, 0xCEDD, 0x6C57, 0x63F9, 0xCEDD, 0xE77F, 0xD6FE, 0x6478, 0x6455,
  0x9D98, 0x9DB9, 0xB65C, 0x7474, 0x0084, 0x00C5, 0x0063, 0x0063, 0x08C6, 0x1128, 0x1149, 0x1148,
  0x0906, 0x0907, 0x00C5, 0x0084, 0x0085, 0x0085, 0x0085, 0x0084, 0x00A5, 0x00C6, 0x00C6, 0x00C6,
  0x00C6, 0x00A5, 0x0084, 0x00A6, 0x00C7, 0x00C7, 0x00C7, 0x00C7, 0x0108, 0x0928, 0x00C7, 0x00C8,
  0x00C8, 0x00C7, 0x0086, 0x0044, 0x0021, 0x0001, 0x0022, 0x0064, 0x0065, 0x00C7, 0x00E8, 0x00E8,
  0x00C7, 0x00C7, 0x0929, 0x0949, 0x19AA, 0x21CA, 0x19AA, 0x1169, 0x0928, 0x0907, 0x00C6, 0x00A6,
  0x0085, 0x0063, 0x0064, 0x00A6, 0x0064, 0x0064, 0x0064, 0x00C6, 0x0907, 0x00C6, 0x00A6, 0x00C6,
  0x00C5, 0x0084, 0x0064, 0x0043, 0x0023, 0x0043, 0x0043, 0x0044, 0x0085, 0x00A5, 0x0084, 0x0084,
  0x0084, 0x08E6, 0x08C6, 0x08C6, 0x00A5, 0x0064, 0x0063, 0x0022, 0x1107, 0x2AF1, 0x5D1A, 0x9E7E,
  0x967E, 0x965E, 0x965E, 0x8E1D, 0x85FD, 0x9E9E, 0xB6FF, 0xCF5F, 0xC73F, 0xC73F, 0xDF7F, 0xDF9F,
  0xB6FF, 0xBF1F, 0xA6DF, 0xB6FF, 0xC73F, 0xBF1F, 0x9E7F, 0xA6BF, 0x9E9F, 0x9E9F, 0x967F, 0x8E5F,
  0x9E9F, 0xA6BF, 0xA6BF, 0xA6BF, 0x9E9F, 0x8E5F, 0x967F, 0x967F, 0xA6BF, 0xCF5F, 0xBF1F, 0xC73F,
  0xCF5F, 0xC73F, 0xD75F, 0xA6BF, 0xAEDF, 0xA6DF, 0x9EBF, 0x9E7F, 0x8E5F, 0x965F, 0x9E7F, 0x9E7F,
  0x9E9F, 0x967F, 0x965F, 0x8E3E, 0x967F, 0x5C77, 0x29CA, 0x29EA, 0x5391, 0x8559, 0x95DA, 0x9E1B,
  0x9E1B, 0x95BA, 0x8559, 0xAE5C, 0xB67C, 0xAE7C, 0xAE7C, 0x95FC, 0x95FB, 0x9E1C, 0x95DB, 0x95DA,
  0x9DFA, 0xA61B, 0xB65C, 0xA5FA, 0x9DB9, 0xAE3B, 0x9DDA, 0x8D79, 0x74F7, 0x6496, 0x7495, 0x3D1C,
  0x1353, 0x0000, 0x0000, 0x0000, 0x0000, 0x0000, 0x0000, 0x0000, 0x0000, 0x0000, 0x0000, 0x0000,
  0x0000, 0x0000, 0x0000, 0x0000, 0x0000, 0x0000, 0x0000, 0x0000, 0x0000, 0x0000, 0x3479, 0x8D7E,
  0xA53C, 0xAD7D, 0xAD7D, 0xAD5D, 0xA55D, 0xA53C, 0xA53C, 0xA53D, 0x9CFD, 0x94BC, 0x845C, 0x73FB,
  0x6BBB, 0x5B5A, 0x5B3A, 0x5B3A, 0x5B5A, 0x637A, 0x73FB, 0x8CBC, 0xADBD, 0xCEDE, 0xAE1B, 0x9DBA,
  0x9579, 0xADFB, 0xC67C, 0xDF3E, 0xDF5E, 0xAE3C, 0x5BF9, 0xB63D, 0xEFDF, 0xD71E, 0x853A, 0x5C17,
  0x7CB7, 0x9D9B, 0xC6DD, 0x63F4, 0x21AD, 0x4291, 0x21AB, 0x218B, 0x21CB, 0x5B75, 0x6BB6, 0x63B5,
  0x4AD1, 0x29EB, 0x00A4, 0x0063, 0x0084, 0x0085, 0x00A6, 0x194A, 0x21ED, 0x196A, 0x00A5, 0x00C5,
  0x00A6, 0x0085, 0x0085, 0x0085, 0x0085, 0x0085, 0x00A6, 0x00A6, 0x00A6, 0x00A6, 0x00A7, 0x0086,
  0x0086, 0x0086, 0x0065, 0x0000, 0x0001, 0x0001, 0x0023, 0x0065, 0x0066, 0x0086, 0x0086, 0x0086,
  0x0085, 0x0085, 0x0085, 0x00A5, 0x00E7, 0x00C6, 0x00A6, 0x00C6, 0x08C6, 0x0907, 0x00E7, 0x00A6,
  0x00A5, 0x08E6, 0x08E6, 0x0907, 0x08E6, 0x00E7, 0x1169, 0x21EA, 0x21A9, 0x1148, 0x1148, 0x1968,
  0x0907, 0x0927, 0x0107, 0x0085, 0x0064, 0x0064, 0x0064, 0x0085, 0x0907, 0x1128, 0x00E6, 0x1127,
  0x1968, 0x1148, 0x1148, 0x1148, 0x1148, 0x00E7, 0x0085, 0x21EB, 0x7DBC, 0x7DFD, 0x9E5D, 0x9E7E,
  0xA6BF, 0xB6FF, 0xAEDF, 0xA69F, 0xA69F, 0xA6DF, 0xAEDF, 0xCF5F, 0xD77F, 0xD77F, 0xDF7F, 0xE7BF,
  0xDF9F, 0xB6FF, 0xB6FF, 0xCF5F, 0xB6FF, 0x967F, 0xA6BF, 0x9E9F, 0x9E9F, 0x9E7F, 0x8E5E, 0x8E7F,
  0x9EBF, 0xA6DF, 0xA6BF, 0xA6BF, 0x967F, 0x965F, 0x967F, 0x967F, 0xBF1F, 0xD77F, 0xB6FF, 0xCF5F,
  0xD77F, 0xCF5F, 0xB6FF, 0xA6BF, 0xAEFF, 0xA69F, 0x967F, 0x965F, 0x965F, 0x8E5F, 0x8E3E, 0x8E5E,
  0x965E, 0x965F, 0x967F, 0x8E3E, 0x9E9F, 0x7D5B, 0x320B, 0x29C9, 0x6413, 0x961C, 0x8D9A, 0x95DA,
  0x9DDA, 0x8D79, 0x95B9, 0xAE3B, 0xCEDD, 0xAE7C, 0x9E1B, 0x95DB, 0x95DB, 0x9DFB, 0x95DB, 0x95DB,
  0x95FB, 0xAE7C, 0xB69D, 0xA63C, 0xB67C, 0xBE9D, 0xAE7D, 0xB69D, 0xAE7C, 0xBE9C, 0xC71F, 0x459E,
  0x00A4, 0x0000, 0x0000, 0x0000, 0x0000, 0x0000, 0x0000, 0x0000, 0x0000, 0x0000, 0x0000, 0x0000,
  0x0000, 0x0000, 0x0000, 0x0000, 0x0000, 0x0000, 0x0000, 0x0000, 0x0020, 0x0000, 0x120C, 0x65DF,
  0xB57D, 0xB5BD, 0xB5BD, 0xB5BD, 0xB59D, 0xAD7D, 0xA55D, 0xA51D, 0x94DC, 0x8C9C, 0x845B, 0x73FB,
  0x639B, 0x5B7A, 0x5B5A, 0x5B5A, 0x5B7A, 0x63BA, 0x7C3B, 0x8CDC, 0x9D5C, 0xADBD, 0xAD9C, 0xA59B,
  0xB63C, 0xC67B, 0xC69C, 0xCEDD, 0xC6BC, 0xA5F9, 0x6437, 0x7C99, 0xBE5A, 0xB61A, 0x9558, 0x53B6,
  0x7497, 0x6419, 0x851A, 0x3AB2, 0x0086, 0x218A, 0x320D, 0x42B0, 0x4AF2, 0x5335, 0x7C37, 0x7C37,
  0x42B1, 0x324F, 0x2A0E, 0x116B, 0x320E, 0x42B2, 0x42B2, 0x6376, 0x6398, 0x5316, 0x3211, 0x3230,
  0x2A2F, 0x0908, 0x0085, 0x0085, 0x0064, 0x0085, 0x0085, 0x0086, 0x00A6, 0x0065, 0x0065, 0x0065,
  0x0065, 0x0045, 0x0043, 0x0000, 0x0021, 0x0022, 0x0043, 0x0044, 0x0044, 0x0065, 0x0065, 0x0044,
  0x0044, 0x0044, 0x0064, 0x00A5, 0x00A6, 0x00A6, 0x0085, 0x0064, 0x00A5, 0x0907, 0x00A6, 0x0085,
  0x0084, 0x0084, 0x00A4, 0x00A4, 0x08A5, 0x08C6, 0x08E7, 0x1148, 0x1168, 0x0907, 0x08E6, 0x08E5,
  0x00A5, 0x00A5, 0x0064, 0x0043, 0x0043, 0x0022, 0x0043, 0x0043, 0x0064, 0x0085, 0x0064, 0x0084,
  0x0084, 0x0063, 0x0063, 0x0063, 0x0064, 0x0043, 0x0001, 0x3B51, 0x5D3B, 0x54DA, 0x7DDC, 0xA69E,
  0x9E7E, 0xA6BF, 0xAEDF, 0xAEDF, 0xAEDF, 0xA6BF, 0xA6BF, 0xBF1F, 0xD77F, 0xDF7F, 0xDF9F, 0xE7BF,
  0xD73E, 0xB6FF, 0xD77F, 0xB6FF, 0x8E5F, 0x9E9F, 0xA6DF, 0xA6BF, 0x9E9F, 0x9E9F, 0x8E7F, 0x9E9F,
  0xA6DF, 0xAEDF, 0xA6BF, 0x9EBF, 0x965F, 0x967F, 0x967F, 0xA6DF, 0xD77F, 0xCF5F, 0xBF1F, 0xD77F,
  0xDF7F, 0xCF5F, 0xAEDF, 0xA6DF, 0x9E9F, 0x967F, 0x967F, 0x967F, 0x965F, 0x965F, 0x8E5F, 0x965E,
  0x965E, 0x965E, 0x967F, 0x965E, 0x9E9F, 0x961D, 0x2A0B, 0x2188, 0x4B0F, 0x7495, 0x6434, 0x6C75,
  0x7475, 0x8D58, 0xA5FA, 0xB65B, 0xCEDD, 0xB69D, 0x95BA, 0x9DFB, 0x9E1B, 0xA65C, 0x9E1C, 0x95DB,
  0x8DDB, 0xD73E, 0xCEDD, 0xA61B, 0xAE5C, 0xAE5C, 0xAE7D, 0xAE5C, 0xAE5C, 0xD6FD, 0x7E9F, 0x0B12,
  0x0000, 0x0020, 0x0000, 0x0000, 0x0000, 0x0000, 0x0000, 0x0000, 0x0000, 0x0000, 0x0000, 0x0000,
  0x0000, 0x0000, 0x0000, 0x0000, 0x0000, 0x0000, 0x0000, 0x0000, 0x0000, 0x0000, 0x0021, 0x34BB,
  0x9DDF, 0xB59D, 0xAD9D, 0xB5BE, 0xBDDE, 0xB59D, 0xAD5D, 0xA53D, 0x9D1D, 0x94BC, 0x847C, 0x7C3C,
  0x73FB, 0x6BDB, 0x6BDB, 0x6BB9, 0x6BB9, 0x7419, 0x8479, 0x8499, 0x8499, 0x7436, 0x5BB3, 0x5B92,
  0x63D3, 0x7453, 0x7453, 0x5370, 0x4B0E, 0x4B2E, 0x42CD, 0x430E, 0x430E, 0x5370, 0x63F2, 0x53B1,
  0x432F, 0x430F, 0x328D, 0x19EC, 0x1147, 0x2A0C, 0x324F, 0x0907, 0x218B, 0x29CE, 0x426E, 0x5310,
  0x4B13, 0x4AD1, 0x4AF1, 0x7436, 0x84B9, 0x63F6, 0x5B95, 0x7C58, 0x7C39, 0x63B7, 0x6BF7, 0x8499,
  0x5353, 0x0949, 0x0085, 0x0085, 0x0085, 0x00C6, 0x0085, 0x00A6, 0x00A6, 0x00A6, 0x00E7, 0x00C8,
  0x00E8, 0x00A6, 0x0065, 0x0065, 0x0021, 0x0000, 0x0001, 0x0022, 0x0044, 0x00A7, 0x0085, 0x0065,
  0x0085, 0x00A6, 0x00A6, 0x08E7, 0x0907, 0x08E7, 0x00C7, 0x00C6, 0x08E6, 0x08E6, 0x08E6, 0x0085,
  0x00A6, 0x0907, 0x08E6, 0x00C6, 0x0084, 0x0064, 0x0084, 0x0085, 0x0085, 0x0064, 0x0085, 0x00A5,
  0x0084, 0x0084, 0x0023, 0x0022, 0x0064, 0x0084, 0x0064, 0x0085, 0x08E6, 0x08C6, 0x0085, 0x00A5,
  0x00A5, 0x08C5, 0x08A5, 0x08C6, 0x0064, 0x0884, 0x1A0D, 0x4C78, 0x54B9, 0x5498, 0x85FD, 0xA69F,
  0xB6DF, 0xA69F, 0x9E9F, 0xBF1F, 0xBF1F, 0xAEDF, 0xA6BF, 0xB6FF, 0xCF5F, 0xD77F, 0xDF9F, 0xCF1E,
  0x7CB6, 0xCF5F, 0xC71F, 0x965F, 0x967F, 0xAEDF, 0xAEDF, 0x9E9F, 0x9E9F, 0x9E9F, 0x967F, 0x9EBF,
  0xAEDF, 0xA6BF, 0xA6BF, 0x967F, 0x8E5F, 0x967F, 0x9E9F, 0xBF1F, 0xE79F, 0xC73F, 0xBF1F, 0xD77F,
  0xDF9F, 0xC73F, 0xA6BF, 0x9E9F, 0x967F, 0x9E9F, 0xA6DF, 0xC73F, 0xC73F, 0xB6FF, 0xB6FF, 0xB6FF,
  0x9E7F, 0x8E1D, 0x8E3E, 0x8E3E, 0x8E3E, 0x967F, 0x328E, 0x1968, 0x29CA, 0x29CA, 0x29CA, 0x320B,
  0x3A2B, 0x8D38, 0xBEDE, 0xC6DE, 0xC6FE, 0xB6BD, 0xBEDE, 0xCF1E, 0xC6FE, 0x9558, 0x8D38, 0x8D79,
  0x8DBB, 0xC6DD, 0xCF1E, 0xA61B, 0xAE3C, 0xAE5C, 0xAE5C, 0xAE7C, 0xB67C, 0xB69D, 0x3D7E, 0x00A4,
  0x0000, 0x0000, 0x0000, 0x0000, 0x0000, 0x0000, 0x0000, 0x0000, 0x0000, 0x0000, 0x0000, 0x0000,
  0x0000, 0x0000, 0x0000, 0x0000, 0x0000, 0x0000, 0x0000, 0x0000, 0x0000, 0x0020, 0x0000, 0x124D,
  0x6DDF, 0xB57C, 0xAD9D, 0xB5BD, 0xB5BE, 0xB59D, 0xAD7D, 0xA55D, 0xA53D, 0xA51D, 0x9CFD, 0x94DC,
  0x8C9C, 0x8C9C, 0x8C9B, 0x8459, 0x7C37, 0x7C37, 0x7C37, 0x73F6, 0x7415, 0x63D3, 0x63B1, 0x5350,
  0x4332, 0x6C33, 0x9536, 0x6BF1, 0x42AD, 0x532E, 0x63B0, 0x5370, 0x63D1, 0x5391, 0x3ACE, 0x1A0B,
  0x19EB, 0x32AD, 0x3ACE, 0x32AD, 0x2A6C, 0x2A6D, 0x224C, 0x220B, 0x220A, 0x19AA, 0x2A0E, 0x4291,
  0x6BB6, 0x1948, 0x5310, 0x63B3, 0x42CF, 0x29CB, 0x320B, 0x5311, 0x5312, 0x42B1, 0x324F, 0x3290,
  0x116A, 0x00A5, 0x0064, 0x0064, 0x0064, 0x0065, 0x0064, 0x0085, 0x0085, 0x0086, 0x0085, 0x0064,
  0x0064, 0x0065, 0x0044, 0x0023, 0x0022, 0x0000, 0x0001, 0x0023, 0x0066, 0x00C7, 0x00A6, 0x0065,
  0x0085, 0x00A6, 0x00A6, 0x00C6, 0x08C6, 0x00A5, 0x00A5, 0x00A5, 0x00C6, 0x00A5, 0x0085, 0x0064,
  0x0085, 0x00A6, 0x08E6, 0x08C6, 0x0085, 0x0084, 0x00A5, 0x08E6, 0x08C5, 0x00C5, 0x0907, 0x0928,
  0x00A5, 0x226D, 0x2B71, 0x08E6, 0x0023, 0x0064, 0x0064, 0x0044, 0x0064, 0x0043, 0x0064, 0x0085,
  0x0085, 0x0085, 0x00A5, 0x0064, 0x0928, 0x4C57, 0x6D5B, 0x85FC, 0x85FD, 0x965E, 0x965E, 0x967E,
  0xB6FF, 0xC73F, 0xA6BF, 0xB6FF, 0xB6FF, 0xAEDF, 0xA6DF, 0xAEFF, 0xC73F, 0xCF5F, 0xCF5F, 0xC73F,
  0xBEDE, 0xB6FF, 0xA6BF, 0xAEDF, 0xB6FF, 0xAEDF, 0xAEDF, 0x9E9F, 0xAEDF, 0x967F, 0x969F, 0xA6BF,
  0xA6DF, 0xA6BF, 0xA6BF, 0x967F, 0x967F, 0x969F, 0xAEFF, 0xD75F, 0xDF9F, 0xBF1F, 0xC73F, 0xD77F,
  0xDF9F, 0xC73F, 0xA6BF, 0xAEBF, 0xBF1F, 0xD77F, 0xE7BF, 0xE7BF, 0xD77F, 0xC73F, 0xCF5F, 0xCF5F,
  0xBF1F, 0xA69F, 0x8E3E, 0x85FD, 0x85FD, 0x969F, 0x5BF4, 0x29A9, 0x29EB, 0x29EA, 0x31EA, 0x320B,
  0x320B, 0x7496, 0x9E3C, 0xB69D, 0xAE7D, 0xA63C, 0xC71F, 0xE79F, 0xCF1F, 0x532F, 0x424C, 0x4A8D,
  0x63F3, 0x8D9A, 0x8DBA, 0x9DFB, 0xA61C, 0xBEDD, 0xD73E, 0xD73E, 0xDF1E, 0x765F, 0x0B33, 0x0000,
  0x0000, 0x0000, 0x0000, 0x0000, 0x0000, 0x0000, 0x0000, 0x0000, 0x0000, 0x0000, 0x0000, 0x0000,
  0x0000, 0x0000, 0x0000, 0x0000, 0x0000, 0x0000, 0x0000, 0x0000, 0x0000, 0x0000, 0x0000, 0x0041,
  0x3CDC, 0xA5DE, 0xB59D, 0xB59D, 0xB59D, 0xAD7D, 0xAD7D, 0xAD7D, 0xAD7D, 0xAD9D, 0xAD7D, 0xAD5D,
  0xAD5D, 0xA53D, 0x9D1C, 0x9CFA, 0x94DA, 0x8CB9, 0x8479, 0x7C38, 0x6BF5, 0x63D4, 0x6C13, 0x6BF2,
  0x6BF1, 0x532E, 0x63B0, 0x8493, 0x94F4, 0x8493, 0x8CD4, 0x7C73, 0x6BF1, 0x6BF1, 0x4B0E, 0x324B,
  0x21EA, 0x2A4C, 0x430F, 0x430F, 0x42EE, 0x4B4F, 0x430E, 0x220B, 0x3ACE, 0x3AEF, 0x5392, 0x42F1,
  0x6BB7, 0x42B2, 0x5333, 0x5355, 0x2A30, 0x29CE, 0x3A70, 0x3A71, 0x092A, 0x00A7, 0x0044, 0x0086,
  0x0044, 0x0043, 0x0064, 0x0064, 0x0064, 0x0064, 0x0064, 0x0085, 0x0065, 0x0065, 0x0065, 0x0044,
  0x0044, 0x0044, 0x0044, 0x0022, 0x0001, 0x0001, 0x0022, 0x0022, 0x0023, 0x0085, 0x0065, 0x0044,
  0x0064, 0x0085, 0x0065, 0x00A6, 0x00C6, 0x0085, 0x0085, 0x00A5, 0x00C6, 0x0085, 0x0043, 0x0043,
  0x0043, 0x0044, 0x0044, 0x0043, 0x0043, 0x0043, 0x0043, 0x0043, 0x0043, 0x0064, 0x0085, 0x0064,
  0x00A5, 0x3330, 0x6559, 0x54B6, 0x19CB, 0x0065, 0x0043, 0x0064, 0x0084, 0x0084, 0x00C5, 0x0927,
  0x00E6, 0x0044, 0x00E8, 0x1AD1, 0x1B13, 0x2BD6, 0x54B9, 0x6D5B, 0x7DDD, 0x965E, 0xAEDF, 0x9E9F,
  0x9E7F, 0xBF1F, 0xCF5F, 0xC73F, 0xC73F, 0xAEDF, 0xA6BF, 0xB6FF, 0xC75F, 0xB71F, 0xB6FF, 0x9E1B,
  0xB71F, 0xAEDF, 0xBF1F, 0xC73F, 0xAEDF, 0xA6BF, 0x9E9F, 0xAEDF, 0xA6BF, 0x967F, 0x9EBF, 0xA6DF,
  0xA6BF, 0xA6BF, 0x9E9F, 0x9E9F, 0x9EBF, 0x9EBF, 0xC73F, 0xD77F, 0xD75F, 0xB6FF, 0xCF5F, 0xD77F,
  0xDF9F, 0xC73F, 0xAEDF, 0xCF3F, 0xE7BF, 0xD77F, 0xBF1F, 0xBF1F, 0xB6FF, 0xAEDF, 0xB6FF, 0xAEDF,
  0xA69F, 0xA6BF, 0xA6BF, 0x965E, 0x8E1E, 0x969F, 0x7D5A, 0x3A0B, 0x320A, 0x31EA, 0x3A0B, 0x3A2B,
  0x3A2B, 0x7475, 0x8579, 0xA61B, 0x9DFB, 0x8D9A, 0xBEBE, 0xD75F, 0xBEBE, 0x532F, 0x424B, 0x426C,
  0x63D2, 0x8579, 0x7D59, 0x7D39, 0x7D59, 0xBE9D, 0xF7DF, 0xF7DF, 0xDF9F, 0x355E, 0x00A4, 0x0000,
  0x0000, 0x0000, 0x0000, 0x0000, 0x0000, 0x0000, 0x0000, 0x0000, 0x0000, 0x0000, 0x0000, 0x0000,
  0x0000, 0x0000, 0x0000, 0x0000, 0x0000, 0x0000, 0x0000, 0x0000, 0x0000, 0x0000, 0x0020, 0x0000,
  0x126E, 0x75FF, 0xBDBD, 0xB5BD, 0xAD9D, 0xAD7D, 0xAD7D, 0xB5BE, 0xBDDE, 0xBDDE, 0xBDDE, 0xBDDE,
  0xB5BE, 0xB59D, 0xA55C, 0xA51B, 0x9CFA, 0x94DA, 0x94BA, 0x8C9A, 0x8479, 0x8478, 0x8CB6, 0x9D37,
  0xA598, 0x9516, 0x7C73, 0x42CD, 0x326C, 0x5B4F, 0x6C11, 0x6BB0, 0x636F, 0x7C52, 0x94F5, 0x8CB3,
  0x8493, 0x5BB1, 0x4B50, 0x430F, 0x430F, 0x6C32, 0x8494, 0x8493, 0x7432, 0x8CF5, 0x8CF5, 0x2A6C,
  0x3AF0, 0x5B77, 0x5B58, 0x6BD8, 0x8459, 0x6BF8, 0x5B77, 0x4B18, 0x3256, 0x19D1, 0x2211, 0x3A92,
  0x3A91, 0x1949, 0x0044, 0x0085, 0x0085, 0x00A5, 0x00A5, 0x08C6, 0x00C6, 0x00A5, 0x0085, 0x0065,
  0x0065, 0x0064, 0x0064, 0x0043, 0x0022, 0x0022, 0x0043, 0x0044, 0x0065, 0x0085, 0x0065, 0x0065,
  0x0064, 0x0064, 0x0065, 0x0064, 0x0085, 0x0064, 0x0084, 0x00A5, 0x00A6, 0x0085, 0x0085, 0x0064,
  0x0085, 0x08C6, 0x08C5, 0x08C6, 0x00A6, 0x00A5, 0x00A5, 0x08C5, 0x08C5, 0x08C6, 0x0948, 0x08E6,
  0x3B2F, 0x5496, 0x3BB3, 0x6539, 0x6539, 0x3B70, 0x0906, 0x0002, 0x0043, 0x0064, 0x0084, 0x00C5,
  0x00A5, 0x4371, 0x755A, 0x64F9, 0x5498, 0x5CF9, 0x7DBC, 0x85FD, 0x8E1D, 0x8E3E, 0x9E7F, 0xB6FF,
  0xAEDF, 0xA6BF, 0xCF5F, 0xCF5F, 0xC73F, 0xD77F, 0xC73F, 0xC73F, 0xC73F, 0xB73F, 0x7D38, 0x322B,
  0xBF5F, 0xBF1F, 0xBF1F, 0xAEDF, 0xA6BF, 0x967F, 0xA69F, 0xC71F, 0x967F, 0x9EBF, 0xA6DF, 0xA6DF,
  0x9EBF, 0xA6BF, 0x967F, 0x9E9F, 0x9E9F, 0xB6DF, 0xCF5F, 0xCF5F, 0xCF3F, 0xB6FF, 0xCF5F, 0xD77F,
  0xE79F, 0xBF1F, 0xBF3F, 0xDF9F, 0xCF3F, 0xB6DF, 0xAEDF, 0xA6BF, 0x9E9F, 0xA69F, 0xC71F, 0xD77F,
  0xC73F, 0xB6FF, 0xAEDF, 0xA6BF, 0x8DFD, 0x8E3F, 0x8E1D, 0x324C, 0x21CA, 0x320A, 0x320B, 0x322B,
  0x322B, 0x6C55, 0x8559, 0x8579, 0x8579, 0x8D99, 0xC6DE, 0xD75F, 0xCF1F, 0x5B70, 0x424C, 0x424B,
  0x63D2, 0x8DBA, 0x8D7A, 0x8519, 0x7519, 0xAE5D, 0xEFBF, 0xF7BF, 0x7E9F, 0x02D1, 0x0000, 0x0000,
  0x0000, 0x0000, 0x0000, 0x0000, 0x0000, 0x0000, 0x0000, 0x0000, 0x0000, 0x0000, 0x0000, 0x0000,
  0x0000, 0x0000, 0x0000, 0x0000, 0x0000, 0x0000, 0x0000, 0x0000, 0x0000, 0x0000, 0x0000, 0x0000,
  0x0041, 0x34DB, 0xA5FF, 0xBDDD, 0xB5BD, 0xB59D, 0xB5BD, 0xBDFE, 0xC61E, 0xC61E, 0xC61E, 0xC5FE,
  0xBDDE, 0xAD7C, 0xA53B, 0x9D1B, 0x9CFB, 0x94DA, 0x94BA, 0x8CBB, 0x8C9A, 0x847A, 0x8479, 0x94FA,
  0xADBA, 0x9D36, 0x7432, 0x7411, 0x42ED, 0x42EE, 0x4B0E, 0x6390, 0x9D36, 0xADF9, 0xB63B, 0xADD8,
  0xBE3A, 0xBE5A, 0x8CD5, 0x4B2F, 0x326C, 0x3ACD, 0x5391, 0xADD9, 0xB63A, 0xBE3A, 0xCEDC, 0x8D37,
  0x434F, 0x53B3, 0x6C17, 0xA57B, 0xA59A, 0x7C78, 0x7C57, 0x7437, 0x4B16, 0x3273, 0x198B, 0x21ED,
  0x19AB, 0x08A5, 0x0043, 0x0064, 0x0064, 0x0064, 0x0085, 0x0085, 0x0065, 0x0064, 0x0064, 0x0064,
  0x0064, 0x0064, 0x0044, 0x0021, 0x0000, 0x0000, 0x0000, 0x0001, 0x0044, 0x0064, 0x0064, 0x0065,
  0x0064, 0x0064, 0x0065, 0x0064, 0x0085, 0x0064, 0x0064, 0x0064, 0x00C6, 0x00C6, 0x00A5, 0x0084,
  0x0084, 0x08C6, 0x0907, 0x08E6, 0x00C6, 0x00A6, 0x00E6, 0x0907, 0x08E6, 0x08E6, 0x4414, 0x4414,
  0x5475, 0x2A2B, 0x0000, 0x3351, 0x6D7A, 0x5C75, 0x4BF3, 0x2AAD, 0x00A5, 0x0023, 0x0023, 0x0002,
  0x08E7, 0x4372, 0x226E, 0x32EF, 0x6CB6, 0x8DBA, 0x8E1D, 0x965E, 0x9E9E, 0x9E9E, 0x9E7F, 0xA6BF,
  0xBF1F, 0xAEFF, 0xBF1F, 0xCF5F, 0xBF1F, 0xD75F, 0xDF9F, 0xCF5F, 0xCF5F, 0xB71F, 0x21CA, 0x0000,
  0x6C95, 0xC77F, 0xB6FF, 0xB6FF, 0xA6BF, 0x9E9F, 0xC73F, 0xB6DF, 0x9E9F, 0xAEDF, 0xAEDF, 0xA6BF,
  0xA6BF, 0xA6BF, 0x9EBF, 0xA6BF, 0x9E9F, 0xC73F, 0xCF5F, 0xCF5F, 0xBF1F, 0xBF1F, 0xD77F, 0xDF9F,
  0xEFBF, 0xCF5F, 0xCF7F, 0xBF1F, 0xBF1F, 0xB6DF, 0x9E7F, 0x9E9F, 0x9E9F, 0x9E9F, 0xA6BF, 0xB6DF,
  0xD75F, 0xDF9F, 0xBF1F, 0xA6BF, 0x965E, 0x85DD, 0x967F, 0x326D, 0x1989, 0x29CA, 0x29EA, 0x2A0B,
  0x320B, 0x6434, 0x8538, 0x8538, 0x7D38, 0x8D9A, 0xC6FE, 0xDF7F, 0xDF5E, 0x9D37, 0x9517, 0x7C77,
  0x8478, 0xA5DB, 0xB5FC, 0x9D1B, 0x957B, 0xAE1D, 0xE73F, 0xD75F, 0x24FD, 0x0063, 0x0000, 0x0000,
  0x0000, 0x0000, 0x0000, 0x0000, 0x0000, 0x0000, 0x0000, 0x0000, 0x0000, 0x0000, 0x0000, 0x0000,
  0x0000, 0x0000, 0x0000, 0x0000, 0x0000, 0x0000, 0x0000, 0x0000, 0x0000, 0x0000, 0x0000, 0x0000,
  0x0000, 0x122D, 0x6DFF, 0xBDBD, 0xB5BD, 0xB5BD, 0xBDDE, 0xC61E, 0xCE3E, 0xC63E, 0xC61E, 0xC5FE,
  0xB5BD, 0xA55C, 0x94FA, 0x8CBA, 0x8CBA, 0x94DA, 0x94DA, 0x8CBA, 0x8CBA, 0x8CBA, 0x8CBA, 0x8499,
  0x8CB8, 0x7C75, 0x6BD1, 0x7C74, 0x8D16, 0x9D78, 0x84B4, 0x8CF5, 0xADB8, 0xB5F9, 0xBE3A, 0xC69C,
  0xC69B, 0xD6FD, 0xCEBC, 0xB5F9, 0x84D5, 0x3A8D, 0x328D, 0x5BB1, 0xADF9, 0xBE5A, 0xC6BC, 0xADFA,
  0x63F2, 0x5BF2, 0x6C12, 0x52EE, 0x6392, 0x6394, 0x42D0, 0x324D, 0x112A, 0x0086, 0x0022, 0x0064,
  0x0023, 0x0023, 0x0064, 0x0064, 0x0043, 0x0043, 0x0064, 0x0085, 0x0064, 0x0043, 0x0044, 0x0024,
  0x0043, 0x0044, 0x0023, 0x0022, 0x0023, 0x0023, 0x0022, 0x0023, 0x0043, 0x0044, 0x0044, 0x0044,
  0x0044, 0x0044, 0x0064, 0x0064, 0x0064, 0x0065, 0x0065, 0x0064, 0x0044, 0x0044, 0x0064, 0x0044,
  0x0043, 0x0043, 0x0064, 0x0064, 0x0043, 0x0043, 0x0064, 0x0085, 0x0063, 0x08E6, 0x4C75, 0x5CD7,
  0x43F3, 0x0001, 0x00A5, 0x4414, 0x6518, 0x5476, 0x5C75, 0x6D17, 0x3B71, 0x0908, 0x0927, 0x0948,
  0x11EB, 0x120C, 0x228E, 0x3B50, 0x4BD2, 0x6455, 0x859A, 0x967F, 0xA6BF, 0xAEBF, 0xA6BF, 0xA6BF,
  0xB6FF, 0xBF3F, 0xC73F, 0xCF5F, 0xCF5F, 0xC73F, 0xCF5F, 0xCF5F, 0xC73F, 0xCF7F, 0x21EA, 0x42EE,
  0x859A, 0xCF5F, 0xCF3F, 0xAEDF, 0x9E9F, 0xBF1F, 0xC73F, 0x9E7F, 0xA6DF, 0xAEDF, 0xA6DF, 0xA6BF,
  0xAEDF, 0xAEDF, 0xB6FF, 0x9E9F, 0xAEDF, 0xD75F, 0xCF5F, 0xCF5F, 0xBF1F, 0xC73F, 0xDF7F, 0xDF9F,
  0xE7BF, 0xDF9F, 0xBF1F, 0xAEDF, 0xAEBF, 0x965E, 0x8E3E, 0x965E, 0x965E, 0x9E9F, 0xAEFF, 0xA6BF,
  0xA6BF, 0xC73F, 0xDF9F, 0xC73F, 0xAEDF, 0x963E, 0x9E7F, 0x63D3, 0x31EA, 0x3A2B, 0x320B, 0x322B,
  0x320A, 0x6413, 0x8559, 0x8D99, 0x8559, 0x8579, 0xC6DE, 0xD75F, 0xBE9D, 0xA5FB, 0xA5DB, 0x9D7D,
  0x94FC, 0xA55B, 0xADDC, 0xA55B, 0x8477, 0xADBB, 0xD69E, 0x663F, 0x0A6E, 0x0000, 0x0000, 0x0000,
  0x0000, 0x0000, 0x0000, 0x0000, 0x0000, 0x0000, 0x0000, 0x0000, 0x0000, 0x0000, 0x0000, 0x0000,
  0x0000, 0x0000, 0x0000, 0x0000, 0x0000, 0x0000, 0x0000, 0x0000, 0x0000, 0x0000, 0x0000, 0x0000,
  0x0000, 0x0021, 0x349A, 0x8D7D, 0xA53B, 0xAD9D, 0xBDFE, 0xC63E, 0xC63E, 0xC61E, 0xC61E, 0xBDDE,
  0xAD5C, 0x94DA, 0x849A, 0x7C5A, 0x847A, 0x8CFA, 0x9519, 0x8CF9, 0x9519, 0x9D5A, 0x9D3A, 0x8C98,
  0x8498, 0x8CB8, 0x8496, 0x9D57, 0xB61A, 0xB63A, 0xA598, 0xADD9, 0xB619, 0xB619, 0xBE5A, 0xC69C,
  0xCEDC, 0xC67B, 0xC67B, 0xCEDC, 0xC69B, 0x9536, 0x6C12, 0x328D, 0x84F6, 0xB61A, 0xB61A, 0x9D78,
  0xA5FA, 0x8D37, 0x7475, 0x1108, 0x0023, 0x0085, 0x0064, 0x1108, 0x1949, 0x218A, 0x29AB, 0x3250,
  0x29CD, 0x1129, 0x0086, 0x0064, 0x10C6, 0x194A, 0x198D, 0x0086, 0x0044, 0x216B, 0x3A71, 0x3A71,
  0x320F, 0x194B, 0x198C, 0x0085, 0x0000, 0x0021, 0x0001, 0x0023, 0x0064, 0x0064, 0x0065, 0x0085,
  0x00A5, 0x0085, 0x0085, 0x00A5, 0x00A5, 0x00A6, 0x00C7, 0x08E6, 0x08C6, 0x08C6, 0x00A5, 0x0064,
  0x0064, 0x0064, 0x0043, 0x0043, 0x0043, 0x0043, 0x0043, 0x0064, 0x0043, 0x1168, 0x4C35, 0x5456,
  0x4C34, 0x22EF, 0x3BF3, 0x6D58, 0x64D7, 0x5496, 0x5496, 0x5C96, 0x4BF3, 0x3310, 0x4371, 0x43B2,
  0x4BF3, 0x5413, 0x5C34, 0x5C55, 0x5C55, 0x5C75, 0x6CB6, 0x963C, 0xAEDF, 0xA6BF, 0xB6FF, 0xBF1F,
  0xBF1F, 0xC73F, 0xCF5F, 0xD77F, 0xDF7F, 0xCF5F, 0xC75F, 0xC71F, 0xC79F, 0x95DB, 0x5C14, 0xD7DF,
  0xBF3F, 0xA6BF, 0x967F, 0x9E9F, 0xBF1F, 0xBF3F, 0x9EBF, 0x9E9F, 0xAEFF, 0xA6DF, 0xA6BF, 0xAEDF,
  0xB71F, 0xC73F, 0xAEDF, 0x967F, 0xCF5F, 0xCF5F, 0xD77F, 0xCF5F, 0xBF1F, 0xD77F, 0xE79F, 0xDF9F,
  0xDF7F, 0xDF7F, 0xCF5F, 0x9E7E, 0x7DFD, 0x861D, 0x85FD, 0x8E1D, 0x8E3D, 0x8E3D, 0x9E5E, 0xA6BF,
  0xAEDF, 0xA6DF, 0xBF1F, 0xD77F, 0xCF5F, 0xB6FF, 0xA6BF, 0x6415, 0x21AA, 0x2A0B, 0x322B, 0x3A2B,
  0x31EA, 0x6413, 0x8559, 0x8D79, 0x8D79, 0x8D79, 0xB69D, 0xD75F, 0xCF1E, 0x7413, 0x6371, 0x7415,
  0x84F9, 0x9DBB, 0x9D9A, 0x9DBA, 0x7496, 0xAE1B, 0xAEFF, 0x24BB, 0x0041, 0x0000, 0x0000, 0x0000,
  0x0000, 0x0000, 0x0000, 0x0000, 0x0000, 0x0000, 0x0000, 0x0000, 0x0000, 0x0000, 0x0000, 0x0000,
  0x0000, 0x0000, 0x0000, 0x0000, 0x0000, 0x0000, 0x0000, 0x0000, 0x0000, 0x0000, 0x0000, 0x0000,
  0x0020, 0x0000, 0x11CA, 0x559F, 0x94D9, 0xA57B, 0xBDFD, 0xC63E, 0xC63E, 0xC61E, 0xBDFE, 0xB59D,
  0x9D1B, 0x8C9A, 0x7C39, 0x741A, 0x847A, 0x951A, 0xADDB, 0xBE7C, 0xA599, 0xADDA, 0x9D58, 0x8CB5,
  0x8CD7, 0x8496, 0x9538, 0xADFA, 0xC6BC, 0xC69B, 0xADD9, 0xA5FA, 0xADF9, 0x9516, 0x84B4, 0x9D98,
  0xC6BC, 0xC67B, 0xBE5B, 0xCEDC, 0xE75E, 0xAE1A, 0x9537, 0x63F2, 0x8D16, 0xAE1A, 0xA5B9, 0x9D98,
  0xBE7B, 0x5BD2, 0x6C95, 0x5BB2, 0x216A, 0x4AD1, 0x218A, 0x29EC, 0x6373, 0x6374, 0x7416, 0x7416,
  0x4AB0, 0x196A, 0x0108, 0x118B, 0x4AF1, 0x5B75, 0x5355, 0x3A71, 0x29CC, 0x6395, 0x7418, 0x7418,
  0x6BD8, 0x5356, 0x3AF6, 0x19D0, 0x092C, 0x19F0, 0x19CE, 0x08E8, 0x0044, 0x0065, 0x0064, 0x0064,
  0x0064, 0x0064, 0x0064, 0x0085, 0x0084, 0x0084, 0x0085, 0x0085, 0x0084, 0x0084, 0x0064, 0x0064,
  0x0084, 0x00A5, 0x08C5, 0x00A5, 0x0084, 0x0064, 0x0085, 0x00C6, 0x00A5, 0x1148, 0x4C35, 0x5C96,
  0x64F8, 0x5CD7, 0x4C34, 0x64B6, 0x5C75, 0x5434, 0x4C14, 0x43B2, 0x3330, 0x3330, 0x5434, 0x6495,
  0x5C75, 0x5C76, 0x5C96, 0x64B6, 0x6CD7, 0x7518, 0x7D59, 0x9E1B, 0xAEDF, 0x9EBF, 0xAEDF, 0xC73F,
  0xD77F, 0xC73F, 0xC73F, 0xD77F, 0xE7BF, 0xDF9F, 0xD77F, 0xBF3F, 0x859A, 0x08A3, 0x4371, 0xC77F,
  0xD75F, 0xCF3F, 0xBF1F, 0xC73F, 0xBF1F, 0xAEDF, 0x9E9F, 0xAEDF, 0xAEDF, 0xA6BF, 0xA6DF, 0xBF1F,
  0xCF5F, 0xBEFF, 0x967F, 0xBF1F, 0xD77F, 0xD77F, 0xDF7F, 0xC71F, 0xCF3F, 0xE79F, 0xE79F, 0xD77F,
  0xCF5F, 0xCF5F, 0xAEBE, 0x8E5E, 0x8E3D, 0x7DFD, 0x861D, 0x861D, 0x963D, 0x965E, 0x965E, 0x965E,
  0xAEDF, 0xBF1F, 0xA6BF, 0xBF1F, 0xCF3F, 0xBF1F, 0xB71F, 0x5C36, 0x1968, 0x29EA, 0x2A0A, 0x320B,
  0x322B, 0x6434, 0x7D38, 0x8D99, 0x8D79, 0x8559, 0xAE7D, 0xCF3F, 0xCF1E, 0x6390, 0x4AAC, 0x52EE,
  0x7CD8, 0xA65C, 0xA65C, 0xC6DE, 0xBEBD, 0xBE9D, 0x45DF, 0x01CB, 0x0000, 0x0000, 0x0000, 0x0000,
  0x0000, 0x0000, 0x0000, 0x0000, 0x0000, 0x0000, 0x0000, 0x0000, 0x0000, 0x0000, 0x0000, 0x0000,
  0x0000, 0x0000, 0x0000, 0x0000, 0x0000, 0x0000, 0x0000, 0x0000, 0x0000, 0x0000, 0x0000, 0x0000,
  0x0000, 0x0000, 0x0000, 0x2C17, 0x7D5D, 0xA51A, 0xB5BD, 0xC61E, 0xC61E, 0xBDFE, 0xB59D, 0xA55D,
  0x94FC, 0x847B, 0x7C1A, 0x741A, 0x849B, 0x9D5B, 0xB61B, 0xCEDC, 0xC69B, 0xADD9, 0x8D16, 0x9D98,
  0xB61A, 0xB61B, 0xAE1B, 0xA5DA, 0xB61A, 0xCEBC, 0xC69C, 0xAE1A, 0x9557, 0x8CF5, 0x7C52, 0x8CD5,
  0xA5D9, 0xBE5B, 0xC6BC, 0xBE5B, 0xC6BE, 0xA5FB, 0x9D99, 0x84B5, 0x5391, 0x6C74, 0xAE1A, 0xC6BC,
  0xD71E, 0x9579, 0x8D78, 0x5BF3, 0x3A8F, 0x426F, 0x218A, 0x1128, 0x218A, 0x29AA, 0x1969, 0x1969,
  0x1107, 0x1948, 0x3A8F, 0x3AF3, 0x42D2, 0x5B95, 0x5335, 0x42D5, 0x5B76, 0x6BF6, 0x7436, 0x5B97,
  0x5357, 0x42F5, 0x42D5, 0x4316, 0x32D6, 0x4335, 0x4314, 0x0907, 0x0023, 0x0065, 0x0085, 0x0064,
  0x0064, 0x0064, 0x0064, 0x0064, 0x0064, 0x0064, 0x0064, 0x0064, 0x0064, 0x0043, 0x0043, 0x0064,
  0x0064, 0x0064, 0x0064, 0x0064, 0x0063, 0x0063, 0x0064, 0x0084, 0x0084, 0x0064, 0x3B51, 0x6D19,
  0x6CF7, 0x5CB6, 0x4414, 0x43F3, 0x4C13, 0x4BD3, 0x3B71, 0x3B71, 0x43D2, 0x5CB6, 0x7559, 0x64F7,
  0x64D7, 0x64F8, 0x7559, 0x859A, 0x8DDB, 0x8DFB, 0xA65D, 0xBEFE, 0xDF7F, 0xBF1F, 0xAEFF, 0xBF1F,
  0xCF5F, 0xCF5F, 0xCF5F, 0xCF5F, 0xE7BF, 0xEFBF, 0xDFBF, 0x4B71, 0x0043, 0x1147, 0x5435, 0xB71F,
  0xCF5F, 0xDF9F, 0xBF1F, 0xAEDF, 0xA6BF, 0x9E9F, 0xAEDF, 0xB6FF, 0xA6DF, 0xAEFF, 0xC73F, 0xCF5F,
  0xBF1F, 0x9E7F, 0xB6FF, 0xEFDF, 0xE7BF, 0xD75F, 0xC73F, 0xD77F, 0xDF7F, 0xD75F, 0xD79F, 0xDF9F,
  0xCF7F, 0x9E9F, 0xAEDF, 0xB69D, 0x64B7, 0x5414, 0x6CF7, 0x963D, 0x965E, 0x967E, 0xA69F, 0x965F,
  0x9E9F, 0xBF3F, 0xB6FF, 0xA69F, 0xBF1F, 0xB6FF, 0xAEDF, 0x8E1E, 0x3A8C, 0x3A0A, 0x320A, 0x320A,
  0x3A2A, 0x6C34, 0x7D38, 0x8D99, 0x8D99, 0x7D38, 0xB69D, 0xC6FE, 0xC6FE, 0x63B2, 0x4ACF, 0x6376,
  0x84F9, 0xA63B, 0xA61C, 0xB69E, 0xCEFE, 0x8E7F, 0x1C18, 0x0000, 0x0000, 0x0000, 0x0000, 0x0000,
  0x0000, 0x0000, 0x0000, 0x0000, 0x0000, 0x0000, 0x0000, 0x0000, 0x0000, 0x0000, 0x0000, 0x0000,
  0x0000, 0x0000, 0x0000, 0x0000, 0x0000, 0x0000, 0x0000, 0x0000, 0x0000, 0x0000, 0x0000, 0x0000,
  0x0000, 0x0000, 0x0000, 0x0947, 0x559F, 0x9D3C, 0xB59D, 0xBDFE, 0xB5FE, 0xB5DD, 0xA57D, 0x9D1D,
  0x8CBC, 0x845B, 0x7C1B, 0x73FB, 0x847B, 0x9D3C, 0xADDB, 0xBE5B, 0xCEDD, 0xBE3B, 0x9DBA, 0xA61B,
  0xBE7C, 0xB63B, 0xADD9, 0x9D98, 0xBE5B, 0xD71E, 0xDF3E, 0xC6BC, 0xA5B8, 0x8CF5, 0x7C73, 0x9516,
  0x9536, 0x8CF5, 0x9D98, 0xA5FB, 0x9DDB, 0x8D58, 0xA5B8, 0x8D16, 0x6C33, 0x2A8D, 0x8D58, 0xD71D,
  0xD6FD, 0xA5FA, 0x74B6, 0x74B6, 0x1127, 0x0000, 0x0022, 0x0085, 0x1128, 0x29EB, 0x3A8F, 0x5311,
  0x08E6, 0x08A5, 0x1968, 0x3A6D, 0x4B10, 0x63B3, 0x5B55, 0x6BB7, 0x8CDA, 0xA59B, 0x7C77, 0x63D7,
  0x42D6, 0x6395, 0x6C17, 0x6C58, 0x3334, 0x3313, 0x32B1, 0x0085, 0x0002, 0x0065, 0x0085, 0x0085,
  0x0085, 0x0085, 0x0085, 0x0085, 0x0084, 0x0064, 0x0063, 0x0064, 0x0064, 0x0043, 0x0043, 0x0043,
  0x0043, 0x0043, 0x0043, 0x0063, 0x0064, 0x0063, 0x0064, 0x0084, 0x0084, 0x0084, 0x00A5, 0x4372,
  0x6519, 0x64F8, 0x5496, 0x4C35, 0x43D2, 0x43B2, 0x4BF3, 0x5454, 0x64D7, 0x85BB, 0x9E7D, 0x961C,
  0x9E3D, 0xAE9E, 0xBEFE, 0xC71E, 0xC71F, 0xCF5F, 0xD75F, 0xE79F, 0xFFFF, 0xEFBF, 0xC73F, 0xD77F,
  0xDF7F, 0xE79F, 0xEFBF, 0xD77F, 0xD77F, 0xEFDF, 0xA5F9, 0x2188, 0x74D7, 0xB71F, 0xBF3F, 0xB6FF,
  0xAEDF, 0xB6FF, 0xBEFF, 0xA6BF, 0x967E, 0xAEDF, 0xB6FF, 0xB6FF, 0xC73F, 0xCF5F, 0xCF5F, 0xB6FF,
  0x9E7F, 0xB6FF, 0xF7DF, 0xEFDF, 0xCF5F, 0xAEDF, 0xC73F, 0xD77F, 0xD77F, 0x8DDA, 0x8598, 0xB65A,
  0x95DA, 0x64D7, 0x7D37, 0x43D3, 0x3B71, 0x3B71, 0x4BB2, 0x74F7, 0xA69E, 0x967E, 0x9E9F, 0xA69F,
  0x9E7F, 0xAEDF, 0xCF7F, 0xAEDF, 0xAEDF, 0xB6FF, 0xAEDF, 0xAEFF, 0x5BD3, 0x21A9, 0x2A0B, 0x320A,
  0x29A9, 0x5391, 0x8D59, 0xA61B, 0x9599, 0x8559, 0xB67D, 0xBEBE, 0xBE9D, 0x5B71, 0x3A6F, 0x4291,
  0x6C34, 0xA61B, 0xA61B, 0xA5FB, 0xA61C, 0x3DBF, 0x0947, 0x0000, 0x0020, 0x0000, 0x0000, 0x0000,
  0x0000, 0x0000, 0x0000, 0x0000, 0x0000, 0x0000, 0x0000, 0x0000, 0x0000, 0x0000, 0x0000, 0x0000,
  0x0000, 0x0000, 0x0000, 0x0000, 0x0000, 0x0000, 0x0000, 0x0000, 0x0000, 0x0000, 0x0000, 0x0000,
  0x0000, 0x0000, 0x0000, 0x0000, 0x2352, 0x7DFF, 0xC5DD, 0xBE1E, 0xBE1E, 0xB61D, 0xA57D, 0x94FC,
  0x8C7C, 0x845B, 0x7C1B, 0x73DB, 0x7C3B, 0x94FC, 0xADDC, 0xD6FE, 0xD71E, 0xD6FD, 0xB63B, 0xA598,
  0x9D57, 0x9536, 0xADD9, 0xC6BC, 0xD71E, 0xD6FE, 0xC6BD, 0xC6DE, 0xA5FB, 0x9D98, 0x9516, 0x9D57,
  0x9D78, 0x84F6, 0x84D6, 0x8D17, 0x9537, 0x84F5, 0x9D56, 0x8CF5, 0x63F2, 0x4B50, 0x74B6, 0xC6BC,
  0xCEDD, 0xADFA, 0x7496, 0x74D7, 0x3AF2, 0x194B, 0x194B, 0x10E8, 0x0043, 0x0883, 0x5B30, 0x6373,
  0x21CC, 0x29EF, 0x21CE, 0x196A, 0x29ED, 0x1968, 0x21AA, 0x4AD0, 0x428D, 0x5B30, 0x6371, 0x5331,
  0x3271, 0x3A8F, 0x2A0C, 0x116A, 0x0064, 0x0086, 0x0045, 0x0044, 0x0064, 0x0064, 0x0064, 0x0064,
  0x0064, 0x0064, 0x0084, 0x0084, 0x00A5, 0x0064, 0x0043, 0x0084, 0x0084, 0x0084, 0x0064, 0x0064,
  0x0043, 0x0043, 0x0063, 0x0064, 0x0064, 0x0043, 0x0043, 0x0063, 0x0064, 0x0064, 0x0043, 0x0064,
  0x19EB, 0x4C14, 0x5C96, 0x6D59, 0x6D18, 0x5CF8, 0x7559, 0x95FB, 0xA67D, 0xB6FF, 0xB6DF, 0x9E7E,
  0x961D, 0x961D, 0xA69E, 0xAEBE, 0xB6DF, 0xBF1F, 0xAEBF, 0xB6FF, 0xC73F, 0xD75F, 0xDF7F, 0xEFBF,
  0xCF5F, 0xC73F, 0xE79F, 0xE79F, 0xCF5F, 0xCF5F, 0xAEBE, 0xAEDF, 0xBF1F, 0xCF3F, 0xCF5F, 0xD77F,
  0xAEFF, 0xA6BF, 0xB6FF, 0xCF5F, 0xC73F, 0xCF5F, 0xD77F, 0xDF7F, 0xD77F, 0xC73F, 0xAEBF, 0xA6BF,
  0xC73F, 0xE7BF, 0xDF7F, 0xBEFF, 0xAEDF, 0xB6FF, 0xA6BF, 0xBF3F, 0xB6DD, 0x3C34, 0x33B3, 0x4C34,
  0x64F7, 0x5C75, 0x4BD3, 0x43B2, 0x3B51, 0x4BD3, 0x5C54, 0x6496, 0x9E3C, 0xB6FF, 0x9E7F, 0xA6BF,
  0xAEDF, 0xA6BF, 0xCF5F, 0xC73F, 0xA6BF, 0x9E9F, 0xA6BF, 0xAEFF, 0x6C75, 0x21A9, 0x320A, 0x3A2B,
  0x320A, 0x4350, 0x8D79, 0xAE3B, 0x8D99, 0x8538, 0xAE5C, 0xBEDE, 0xBEBE, 0x7454, 0x7C36, 0x84D7,
  0x9DDA, 0xBE5C, 0xAE1B, 0xA5BA, 0x5DDF, 0x1B54, 0x0000, 0x0000, 0x0000, 0x0000, 0x0000, 0x0000,
  0x0000, 0x0000, 0x0000, 0x0000, 0x0000, 0x0000, 0x0000, 0x0000, 0x0000, 0x0000, 0x0000, 0x0000,
  0x0000, 0x0000, 0x0000, 0x0000, 0x0000, 0x0000, 0x0000, 0x0000, 0x0000, 0x0000, 0x0000, 0x0000,
  0x0000, 0x0000, 0x0000, 0x0000, 0x0062, 0x3D1C, 0xB65F, 0xCE7E, 0xC65E, 0xC65E, 0xAD7D, 0x94DC,
  0x8C9C, 0x845B, 0x7C1B, 0x73DB, 0x7C3B, 0x9D1C, 0xCE9E, 0xEFBF, 0xEF9F, 0xD6DD, 0xA597, 0xA5B8,
  0xA5D9, 0x9D78, 0x9D98, 0xBE5C, 0xC69C, 0xA598, 0x9D98, 0xAE1A, 0xA5DA, 0xADFB, 0xB63B, 0xD6FD,
  0xB65C, 0x9DDB, 0x9DBA, 0x9D57, 0x9D98, 0xAE1A, 0x9D98, 0x8D38, 0x9599, 0x7CF7, 0x6C76, 0xB63B,
  0xAE3B, 0xB65B, 0xB63B, 0x8D7A, 0x4338, 0x5379, 0x745B, 0x63B8, 0x2A12, 0x42D4, 0x8499, 0x7417,
  0x7438, 0x7438, 0x4AF2, 0x320E, 0x218C, 0x00C7, 0x00A6, 0x196A, 0x198D, 0x08C7, 0x0064, 0x196B,
  0x0929, 0x00A6, 0x0022, 0x0000, 0x0000, 0x0022, 0x0064, 0x0044, 0x0023, 0x0043, 0x0064, 0x0064,
  0x0064, 0x0064, 0x0064, 0x0084, 0x0085, 0x00A5, 0x00A5, 0x08E6, 0x0906, 0x08E6, 0x08E6, 0x00A5,
  0x0085, 0x0084, 0x0084, 0x0064, 0x0064, 0x0063, 0x0043, 0x0043, 0x0063, 0x0064, 0x0064, 0x0063,
  0x0002, 0x0064, 0x4C15, 0xAEBE, 0xAEBE, 0xB6FE, 0xB6DF, 0xB6FF, 0xA6BF, 0x8E3E, 0x8E1E, 0xA69E,
  0xBEFE, 0xAE9D, 0x7DBC, 0x7DDC, 0x8E1D, 0x963D, 0x965E, 0x9E9F, 0xAEFF, 0x967F, 0x9E9F, 0xB6FF,
  0xAEFF, 0xA6BF, 0xAEBF, 0xB6DF, 0xC73F, 0xD77F, 0xBF1F, 0xA69F, 0xBF1F, 0xCF3F, 0xAEBF, 0xC73F,
  0xCF5F, 0xAEDF, 0xBF1F, 0xD75F, 0xDF9F, 0xD77F, 0xCF5F, 0xBF1F, 0xA6BF, 0x9E9F, 0xBF1F, 0xDF9F,
  0xDF9F, 0xCF5F, 0xBF1F, 0xC71F, 0xD75F, 0xEFBF, 0xE7DF, 0x8DB9, 0x5C74, 0x4434, 0x963C, 0x7D9A,
  0x4C97, 0x6559, 0x6D59, 0x5476, 0x43B2, 0x5C34, 0x6CD7, 0x7539, 0x9E3D, 0xDF9F, 0xAEDF, 0xA6BF,
  0xAEDF, 0xA6BF, 0xBF1F, 0xC73F, 0xAEDF, 0x967F, 0x9E9F, 0xA6BF, 0x5370, 0x31C9, 0x3A4B, 0x426B,
  0x4A8C, 0x6C54, 0x8D99, 0x8D79, 0x7D38, 0x74F7, 0xB69D, 0xD73F, 0xAE3C, 0xB65C, 0xC6BE, 0xC6BE,
  0xC6BE, 0xC69D, 0xC65C, 0x8DFD, 0x2D1D, 0x0083, 0x0000, 0x0000, 0x0000, 0x0000, 0x0000, 0x0000,
  0x0000, 0x0000, 0x0000, 0x0000, 0x0000, 0x0000, 0x0000, 0x0000, 0x0000, 0x0000, 0x0000, 0x0000,
  0x0000, 0x0000, 0x0000, 0x0000, 0x0000, 0x0000, 0x0000, 0x0000, 0x0000, 0x0000, 0x0000, 0x0000,
  0x0000, 0x0000, 0x0000, 0x0000, 0x0000, 0x09EB, 0x661F, 0xC63E, 0xBDFD, 0xADBD, 0x9D1D, 0x8CBC,
  0x8C7B, 0x845B, 0x7C1B, 0x73FB, 0x7C3C, 0x9D3D, 0xCE9E, 0xF7DF, 0xFFFF, 0xD6FD, 0xADF9, 0xCEBC,
  0xADFA, 0x9537, 0xADFA, 0xB63B, 0xA5B9, 0x9516, 0x9537, 0x9557, 0xADD9, 0xC67C, 0xDF5F, 0xDF5F,
  0xC6DE, 0xC6DE, 0xCEFE, 0xCEDD, 0xC6BC, 0xBE7C, 0xA5FA, 0x959A, 0xB67C, 0xAE1B, 0x8518, 0xA5DA,
  0xA5FA, 0xAE3B, 0xCEDD, 0xADDD, 0x5359, 0x63B9, 0x7439, 0x6BFA, 0x5B99, 0x5BB9, 0x5354, 0x4AF2,
  0x198A, 0x1149, 0x0063, 0x1928, 0x42B3, 0x4AF6, 0x42B5, 0x6377, 0x5337, 0x5316, 0x5316, 0x5B78,
  0x5357, 0x4B15, 0x114B, 0x1109, 0x1107, 0x0064, 0x0043, 0x0084, 0x00A4, 0x00A5, 0x08C5, 0x08C5,
  0x08E5, 0x08C5, 0x08C5, 0x08C5, 0x08A5, 0x08C5, 0x00A5, 0x08A5, 0x08C5, 0x00C5, 0x00A5, 0x00A5,
  0x0085, 0x00A5, 0x0084, 0x0084, 0x0084, 0x0084, 0x00A5, 0x00A5, 0x0084, 0x0064, 0x0084, 0x0084,
  0x00A6, 0x33B4, 0x8E5E, 0xAEBF, 0xBEFF, 0xAEDF, 0xA69F, 0x9E7F, 0x965E, 0x8E3E, 0x85FD, 0x8E3D,
  0xB6DF, 0xC71F, 0xBF1F, 0x9E9F, 0x9E7E, 0x9E7E, 0x8E3D, 0x861E, 0x9E7F, 0xB6FF, 0x9E9F, 0x8E5E,
  0x9E7E, 0xAEBF, 0xB6DF, 0xA6BF, 0xA6BF, 0xB6FF, 0xC73F, 0xA6BF, 0x9E7F, 0xAEBF, 0x9E9F, 0x9E9F,
  0xD77F, 0xEFDF, 0xC73F, 0xA69F, 0x9E7F, 0xAEBF, 0xA6BF, 0xA6BF, 0xBF1F, 0xDF9F, 0xF7DF, 0xE79F,
  0xCF5F, 0xCF5F, 0xCF5F, 0xCF5F, 0xDF9F, 0xB69C, 0x9E1A, 0x4413, 0x2B71, 0x4434, 0x95FB, 0x5434,
  0x12AF, 0x5D18, 0x6D59, 0x5C96, 0x6496, 0x74F8, 0x7D7A, 0x961C, 0xC71F, 0xFFFF, 0xDF7F, 0x9E9F,
  0xAEDF, 0xA6BF, 0xAEDF, 0xC73F, 0xB6FF, 0x9E9F, 0x9E9F, 0x8DFC, 0x2A0A, 0x29EA, 0x3A4B, 0x426C,
  0x426C, 0x6C54, 0x8559, 0x8D58, 0x74D7, 0x74D7, 0xB67D, 0xDF3E, 0xAE1C, 0xAE5D, 0xB65C, 0xB63C,
  0xADFC, 0xB61D, 0xC65D, 0x561F, 0x0A0C, 0x0000, 0x0020, 0x0000, 0x0000, 0x0000, 0x0000, 0x0000,
  0x0000, 0x0000, 0x0000, 0x0000, 0x0000, 0x0000, 0x0000, 0x0000, 0x0000, 0x0000, 0x0000, 0x0000,
  0x0000, 0x0000, 0x0000, 0x0000, 0x0000, 0x0000, 0x0000, 0x0000, 0x0000, 0x0000, 0x0000, 0x0000,
  0x0000, 0x0000, 0x0000, 0x0000, 0x0000, 0x0000, 0x23D7, 0x85FF, 0xAD3B, 0x94FC, 0x8CBC, 0x8C9C,
  0x8C7C, 0x845B, 0x7C1B, 0x7C1B, 0x8C9C, 0x9D5C, 0xB63C, 0xDF3E, 0xDF3E, 0xC69C, 0xBE5C, 0xBE5B,
  0xC6BC, 0xCEDD, 0xCEDD, 0xB63B, 0x9D99, 0x9538, 0xA5B9, 0xBE5B, 0xC69C, 0xDF3E, 0xEF9F, 0xDF5F,
  0xE75F, 0xE77F, 0xE77F, 0xE75E, 0xD71E, 0xC69D, 0xBE7C, 0xBE9D, 0xCEFE, 0xBE9D, 0x7D19, 0xA5FA,
  0xAE3B, 0xB65C, 0xD71E, 0xA5BD, 0xB61D, 0x951C, 0x84DB, 0x7CBA, 0x84BC, 0x5BB5, 0x1188, 0x2989,
  0x1969, 0x196A, 0x1169, 0x4AF2, 0x6BF7, 0x7438, 0x63B9, 0x4297, 0x5B57, 0x8439, 0x6BB9, 0x4AF7,
  0x3AB6, 0x2A12, 0x2A54, 0x4337, 0x32D5, 0x3293, 0x3271, 0x08C6, 0x0064, 0x0085, 0x0064, 0x0064,
  0x0064, 0x0064, 0x0064, 0x0064, 0x0064, 0x0064, 0x0064, 0x0064, 0x0064, 0x0063, 0x0043, 0x0064,
  0x0064, 0x0084, 0x0084, 0x0064, 0x0063, 0x0064, 0x0064, 0x0064, 0x0084, 0x0084, 0x0083, 0x0064,
  0x1291, 0x759B, 0x965E, 0x967F, 0x9E7F, 0x967F, 0x9E9F, 0x9E9F, 0x9E9F, 0xA6BF, 0xA6BF, 0x9E9E,
  0x9E7E, 0x8E5E, 0x861E, 0x861E, 0x965E, 0xAEBE, 0xAEBF, 0x9E9F, 0xA6BF, 0xA69E, 0xAEDF, 0xA6DF,
  0x9E7E, 0x9E7E, 0xA6BF, 0xAEBF, 0xA6BF, 0xA6BF, 0xAEDF, 0xC73F, 0xAEBF, 0x9E7E, 0x9E7E, 0x9E7F,
  0xA69F, 0xBEFF, 0xBF1F, 0xB6DF, 0xB6DF, 0xC73F, 0xCF5F, 0xD77F, 0xDF9F, 0xDF7F, 0xCF3F, 0xC73F,
  0xC73F, 0xBF1F, 0xBF1F, 0xB6FF, 0xBEFF, 0x5CD7, 0x2BD3, 0x4435, 0x4C35, 0x4C14, 0x4414, 0x1ACF,
  0x1B10, 0x4434, 0x5C75, 0x5C55, 0x7D59, 0x95FB, 0xAE9D, 0xDF7F, 0xFFFF, 0xFFFF, 0xFFFF, 0xAEDF,
  0x9E9F, 0xAEDF, 0xAEBF, 0xBF1F, 0xBF1F, 0xAEDF, 0x967F, 0x53F4, 0x1189, 0x322C, 0x3A4B, 0x29CA,
  0x1127, 0x4B71, 0x8559, 0x8D99, 0x8538, 0x7D17, 0xA61C, 0xC6DE, 0xAE5C, 0x7CB7, 0x9519, 0xA59D,
  0x957D, 0xB63D, 0x761F, 0x1C17, 0x0000, 0x0000, 0x0000, 0x0000, 0x0000, 0x0000, 0x0000, 0x0000,
  0x0000, 0x0000, 0x0000, 0x0000, 0x0000, 0x0000, 0x0000, 0x0000, 0x0000, 0x0000, 0x0000, 0x0000,
  0x0000, 0x0000, 0x0000, 0x0000, 0x0000, 0x0000, 0x0000, 0x0000, 0x0000, 0x0000, 0x0000, 0x0000,
  0x0000, 0x0000, 0x0000, 0x0000, 0x0000, 0x0000, 0x08C4, 0x457E, 0x7CDB, 0x8459, 0x847B, 0x8C9C,
  0x8C9C, 0x845C, 0x7C1B, 0x73F9, 0x7C59, 0x9539, 0xA598, 0xB61B, 0xA59A, 0xAD9B, 0xA59B, 0xA57A,
  0xC67D, 0xD6FE, 0xDF3F, 0xBE5D, 0xA59C, 0xA5BC, 0xB61D, 0xB63C, 0xCEDD, 0xCEDD, 0xE75E, 0xE77F,
  0xE75F, 0xEF7F, 0xDF5E, 0xDF3E, 0xCEDE, 0xCEDE, 0xDF3F, 0xE75F, 0xD71F, 0xBE7D, 0x6CB9, 0x959B,
  0xD6FD, 0xB67C, 0xAE1D, 0xB5FC, 0xE75E, 0xBE3C, 0x9DBA, 0x3B4F, 0xA5BB, 0x22CD, 0x0A6B, 0x330F,
  0x53B3, 0x122C, 0x120B, 0x63F6, 0x2ACF, 0x63F5, 0x7C79, 0x4B36, 0x5B75, 0x6BD6, 0x63B8, 0x63D8,
  0x4B37, 0x63D8, 0x4334, 0x11AE, 0x11AD, 0x3B13, 0x3B33, 0x0063, 0x0022, 0x0064, 0x0064, 0x0044,
  0x0064, 0x0064, 0x0064, 0x0064, 0x0064, 0x0064, 0x0084, 0x0084, 0x0064, 0x0064, 0x0064, 0x0064,
  0x0084, 0x0063, 0x0043, 0x0063, 0x0063, 0x0063, 0x0064, 0x0043, 0x0043, 0x0043, 0x0022, 0x00C7,
  0x3C37, 0x85DC, 0x965E, 0x965E, 0x967F, 0x967F, 0x967F, 0x9E9F, 0xA6BF, 0xAEFF, 0xB6FF, 0xB71F,
  0xB6FF, 0xAEFF, 0xB6FF, 0xAEDF, 0x9E9E, 0x9E7E, 0xA69E, 0x9E9F, 0xBF1F, 0xBF1F, 0x9E9F, 0x9E9F,
  0xAEDF, 0xA69F, 0x965E, 0x967E, 0xA69F, 0xAEDF, 0xAEDF, 0xAEDF, 0xC71F, 0xB6FF, 0xAEDF, 0x9E9F,
  0x9E7E, 0x965E, 0x9E9F, 0xAEDF, 0xC73F, 0xC73F, 0xB6FF, 0xB6FF, 0xB6FF, 0xBF1F, 0xC73F, 0xBF1F,
  0xAEBF, 0x967F, 0xA6BF, 0xAEDF, 0x861E, 0x4C76, 0x4C55, 0x4C55, 0x4C35, 0x43F4, 0x4C34, 0x3BB3,
  0x2310, 0x43D2, 0x4BF3, 0x6CF7, 0xAE7D, 0xD75F, 0xF7DF, 0xFFFF, 0xFFFF, 0xFFFF, 0xFFFF, 0xDF9F,
  0x9E9F, 0xAEBF, 0xAEDF, 0xB6FF, 0xB6FF, 0xAEDF, 0x967F, 0x2A6D, 0x0927, 0x324C, 0x3A8C, 0x2A0A,
  0x1968, 0x5391, 0x7D18, 0x8D79, 0x8579, 0x74D7, 0x9E1B, 0xC6DE, 0xBE9D, 0x5B92, 0x94FA, 0x8C9A,
  0x84FA, 0x9E7F, 0x355E, 0x08E5, 0x0000, 0x0000, 0x0000, 0x0000, 0x0000, 0x0000, 0x0000, 0x0000,
  0x0000, 0x0000, 0x0000, 0x0000, 0x0000, 0x0000, 0x0000, 0x0000, 0x0000, 0x0000, 0x0000, 0x0000,
  0x0000, 0x0000, 0x0000, 0x0000, 0x0000, 0x0000, 0x0000, 0x0000, 0x0000, 0x0000, 0x0000, 0x0000,
  0x0000, 0x0000, 0x0000, 0x0000, 0x0000, 0x0020, 0x0000, 0x1A8E, 0x557F, 0x7BF7, 0x7C5A, 0x8C9B,
  0x8C9C, 0x8C7C, 0x845B, 0x7C1A, 0x8459, 0x8CD8, 0x94D8, 0xA53C, 0x9CFB, 0x94DB, 0x94FC, 0x9D1C,
  0xAD7C, 0xBE1E, 0xC63E, 0xAD9D, 0x9D3C, 0xA57D, 0xB5FD, 0xBE7E, 0xD6FE, 0xCEDD, 0xCEDD, 0xDF1E,
  0xDF3E, 0xE77F, 0xE75F, 0xDF3F, 0xCEFF, 0xCEDF, 0xDF1E, 0xE75F, 0xDF3E, 0xD71E, 0xA5DB, 0x4312,
  0x8CD9, 0x8CFB, 0x8CDC, 0x6BF6, 0x4B51, 0x63F4, 0x5B74, 0x00E5, 0x0988, 0x0126, 0x0167, 0x024A,
  0x026B, 0x0166, 0x0167, 0x22AD, 0x01A8, 0x7C76, 0x63B3, 0x3350, 0x94FA, 0x8498, 0x951A, 0x9D1B,
  0x7439, 0x4B52, 0x2A0C, 0x00C6, 0x0021, 0x0022, 0x0022, 0x0043, 0x0043, 0x0064, 0x0064, 0x0064,
  0x0064, 0x0064, 0x0064, 0x0064, 0x0064, 0x0064, 0x0085, 0x00A5, 0x08A5, 0x00A5, 0x0064, 0x0064,
  0x0064, 0x0043, 0x0043, 0x0043, 0x0043, 0x0043, 0x0043, 0x0043, 0x0043, 0x0064, 0x0002, 0x1A6F,
  0x6D7B, 0x861D, 0x8E5E, 0x8E5E, 0x965E, 0x965E, 0x965E, 0x965E, 0x967E, 0x9E7E, 0x9E7F, 0x9E9F,
  0x9E9F, 0xA6BF, 0xB6FF, 0xC73F, 0xC73F, 0xC73F, 0xC73F, 0xB71F, 0xAEDF, 0xBF3F, 0xBF1F, 0x967F,
  0x9E9F, 0xC73F, 0xAEBF, 0x8E5E, 0x965E, 0x9E9F, 0xA69F, 0xAEDF, 0xC73F, 0xCF5F, 0xCF5F, 0xBF1F,
  0xB6FF, 0xBF1F, 0xBF1F, 0xC73F, 0xD77F, 0xBF1F, 0xA69F, 0xA6BF, 0xAEDF, 0xA6BF, 0xA6BF, 0x965E,
  0x967E, 0xBEFF, 0xBEFE, 0x759C, 0x4CFA, 0x3C15, 0x4C35, 0x5476, 0x4C55, 0x4C56, 0x4C55, 0x64F8,
  0x5C76, 0x4BF3, 0x5455, 0xAE7C, 0xDF9F, 0xCF3F, 0xD77F, 0xDF7F, 0xEFBF, 0xEFDF, 0xEFDF, 0xF7FF,
  0xBF1F, 0x9E9F, 0xA6BF, 0xB6FF, 0xAEDF, 0x9E9F, 0x969F, 0x53D3, 0x1127, 0x21CA, 0x21C9, 0x1967,
  0x10C4, 0x5391, 0x7D18, 0x8559, 0x8579, 0x7D38, 0xA63C, 0xC6FE, 0xBEBD, 0x953A, 0x8478, 0x73F6,
  0x8D3A, 0x561F, 0x128F, 0x0000, 0x0000, 0x0000, 0x0000, 0x0000, 0x0000, 0x0000, 0x0000, 0x0000,
  0x0000, 0x0000, 0x0000, 0x0000, 0x0000, 0x0000, 0x0000, 0x0000, 0x0000, 0x0000, 0x0000, 0x0000,
  0x0000, 0x0000, 0x0000, 0x0000, 0x0000, 0x0000, 0x0000, 0x0000, 0x0000, 0x0000, 0x0000, 0x0000,
  0x0000, 0x0000, 0x0000, 0x0000, 0x0000, 0x0000, 0x0000, 0x0000, 0x2C37, 0x64FD, 0x8439, 0x8CBC,
  0x94DC, 0x94BC, 0x8C9C, 0x8C9B, 0x94DB, 0x94DB, 0x8CBB, 0x8C9B, 0x8C9B, 0x8C9B, 0x8CBC, 0x94DC,
  0x94FC, 0x9D1C, 0x9D1C, 0x94FC, 0x94DB, 0xA55C, 0xB5FD, 0xC69E, 0xD71F, 0xCEDD, 0xC6BD, 0xC6BD,
  0xD6FD, 0xDF5E, 0xCEDE, 0xDF3F, 0xE75F, 0xDF3E, 0xD6FD, 0xE73E, 0xC67D, 0x953B, 0xA57A, 0x7C15,
  0x6397, 0x7419, 0x953A, 0x7C58, 0x1A2E, 0x120C, 0x2A4E, 0x0126, 0x0125, 0x0187, 0x01E8, 0x024A,
  0x024A, 0x01A7, 0x0208, 0x0209, 0x0125, 0x19E9, 0x0187, 0x124C, 0x3A0D, 0x218B, 0x29CC, 0x320E,
  0x21CD, 0x00A6, 0x0044, 0x0000, 0x0000, 0x0000, 0x0000, 0x0064, 0x0064, 0x0063, 0x0064, 0x0044,
  0x0043, 0x0063, 0x0064, 0x0084, 0x08A4, 0x08A4, 0x08A4, 0x08A4, 0x08A4, 0x0084, 0x0084, 0x0064,
  0x0043, 0x0043, 0x0043, 0x0043, 0x0043, 0x0043, 0x0043, 0x0043, 0x0043, 0x0043, 0x0084, 0x4457,
  0x75BC, 0x8E1D, 0x967E, 0x8E5F, 0x965F, 0x965E, 0x965E, 0x965E, 0x965E, 0x965E, 0x965E, 0x965E,
  0x965E, 0x965E, 0x965E, 0x965E, 0x963E, 0x965E, 0xA69E, 0xB6FE, 0xB6FF, 0xBF1F, 0xBF1F, 0xBF1F,
  0xB6FF, 0xBF1F, 0xCF5F, 0xAEFF, 0xA6BF, 0xA69F, 0x9E7E, 0x9E9E, 0xAEBF, 0xC71F, 0xBF1F, 0xCF5F,
  0xC73F, 0xB6FF, 0xBEFF, 0xBEFF, 0xB6FF, 0xA6BF, 0x965E, 0x9E7E, 0x9E7E, 0x965E, 0x9E7E, 0xBF1F,
  0xC73F, 0xA69E, 0x965D, 0x7DBC, 0x6D7B, 0x54B8, 0x4C76, 0x64D7, 0x64F8, 0x64F8, 0x6539, 0x759A,
  0x757A, 0x6D18, 0x859A, 0xBF1F, 0xB6DF, 0xA69F, 0xAEBF, 0xC73F, 0xCF5F, 0xE7BF, 0xEFBF, 0xF7DF,
  0xEFDF, 0xAEDF, 0xA6BF, 0xAEDF, 0xBF1F, 0xA69F, 0xA6BF, 0x7D7A, 0x2A2B, 0x3A6C, 0x428C, 0x322A,
  0x1989, 0x5C13, 0x8559, 0x8D79, 0x8D79, 0x8D99, 0xB69D, 0xC6FE, 0xBEBE, 0x94F9, 0x6BF6, 0x8477,
  0x657E, 0x2438, 0x0020, 0x0000, 0x0000, 0x0000, 0x0000, 0x0000, 0x0000, 0x0000, 0x0000, 0x0000,
  0x0000, 0x0000, 0x0000, 0x0000, 0x0000, 0x0000, 0x0000, 0x0000, 0x0000, 0x0000, 0x0000, 0x0000,
  0x0000, 0x0000, 0x0000, 0x0000, 0x0000, 0x0000, 0x0000, 0x0000, 0x0000, 0x0000, 0x0000, 0x0000,
  0x0000, 0x0000, 0x0000, 0x0000, 0x0000, 0x0000, 0x0000, 0x0000, 0x08E5, 0x455E, 0x849C, 0x9CDC,
  0x9D1C, 0x9CFC, 0x9CFC, 0x9CFC, 0x9CFC, 0x94DC, 0x94BC, 0x8C9C, 0x8C9C, 0x8C7B, 0x8C9B, 0x8C9B,
  0x8C9B, 0x8C9B, 0x8C7B, 0x8C9B, 0x94FC, 0xA55C, 0xBE3D, 0xE75F, 0xE77E, 0xB63B, 0xBE5C, 0xADBC,
  0xADDC, 0xADBD, 0x8CDC, 0xC69D, 0xDF3E, 0xD6FD, 0xCEBC, 0xDF1D, 0xCE9D, 0x8CFA, 0x7C7A, 0x5BB9,
  0x63BA, 0x6BD9, 0x3B53, 0x09EB, 0x220D, 0x1A8D, 0x0187, 0x0167, 0x01C8, 0x026A, 0x028D, 0x12D1,
  0x0A90, 0x0A6D, 0x02AC, 0x028C, 0x01A8, 0x00E5, 0x01C9, 0x09A8, 0x0043, 0x0084, 0x0063, 0x08A4,
  0x1107, 0x08E7, 0x08E7, 0x1949, 0x0085, 0x0085, 0x0085, 0x21ED, 0x322E, 0x29CB, 0x322D, 0x3A6E,
  0x196A, 0x1128, 0x1128, 0x08C5, 0x08C5, 0x08C5, 0x08C5, 0x08C5, 0x08C5, 0x08C5, 0x08C5, 0x08C5,
  0x00A5, 0x08A5, 0x08A5, 0x00A5, 0x00A4, 0x0084, 0x0084, 0x0084, 0x0084, 0x0023, 0x2A2C, 0x6DBC,
  0x6D7C, 0x8E3E, 0x965E, 0x967F, 0x965F, 0x967F, 0x967F, 0x965E, 0x8E3E, 0x8E3E, 0x8E3E, 0x8E3E,
  0x965E, 0x8E3E, 0x8E3E, 0x8E3E, 0x8E1D, 0x8E3E, 0x965E, 0x9E7E, 0xA69F, 0xA6BF, 0x9E7E, 0xAEBE,
  0xBF1F, 0xBF1F, 0xCF5F, 0xD77F, 0xC73F, 0xC73F, 0xCF3F, 0xC71F, 0xAEBF, 0xAEBF, 0xB6FF, 0xAEDF,
  0x9E7E, 0x8E1D, 0x9E7E, 0xA69F, 0x967E, 0x8E3E, 0x965E, 0x9E7E, 0xA69F, 0xA6BF, 0xD77F, 0xE7BF,
  0x9E5E, 0xB6FF, 0xC75F, 0x9E5D, 0x757B, 0x54FA, 0x54DA, 0x759C, 0x8E1C, 0x9E5C, 0x85DB, 0x757A,
  0xA67D, 0xB6DE, 0xB6DF, 0xA69E, 0x9E7E, 0x9E7E, 0x9E5E, 0xA69E, 0xBF1F, 0xD77F, 0xEFDF, 0xEFDF,
  0xF7DF, 0xD77F, 0xA6BF, 0xA69F, 0xB6FF, 0xA69F, 0xA6BF, 0x85DC, 0x29EA, 0x2A0A, 0x1905, 0x0042,
  0x0021, 0x4B50, 0x8D79, 0x95B9, 0x9DDA, 0x95BA, 0xC6FE, 0xCF3F, 0xBEBD, 0x6C14, 0x2A0C, 0x2AD1,
  0x355E, 0x08E5, 0x0000, 0x0000, 0x0000, 0x0000, 0x0000, 0x0000, 0x0000, 0x0000, 0x0000, 0x0000,
  0x0000, 0x0000, 0x0000, 0x0000, 0x0000, 0x0000, 0x0000, 0x0000, 0x0000, 0x0000, 0x0000, 0x0000,
  0x0000, 0x0000, 0x0000, 0x0000, 0x0000, 0x0000, 0x0000, 0x0000, 0x0000, 0x0000, 0x0000, 0x0000,
  0x0000, 0x0000, 0x0000, 0x0000, 0x0000, 0x0000, 0x0000, 0x0020, 0x0000, 0x1A6D, 0x5D9F, 0x9CDC,
  0xA53C, 0xA51C, 0xA53D, 0xA53D, 0xA51D, 0x9CFC, 0x9CFC, 0x94DC, 0x8CBC, 0x8C9C, 0x8C7B, 0x847B,
  0x845A, 0x847B, 0x8C7B, 0x8CBB, 0x9D1C, 0xADBD, 0xCEBE, 0xF7BF, 0xCE9E, 0x743A, 0x8C9B, 0x845A,
  0x7C3A, 0x847B, 0x9D5B, 0xB63B, 0xCEBC, 0xB61B, 0xADDA, 0xCEBC, 0xD6DC, 0xBE5B, 0x9D9A, 0x84D9,
  0xC65C, 0xB5FC, 0x9D9B, 0x126C, 0x0084, 0x0988, 0x0A4A, 0x0147, 0x01E9, 0x0B11, 0x0A92, 0x09ED,
  0x0A71, 0x12D4, 0x1332, 0x020A, 0x01C9, 0x0188, 0x0A4B, 0x0926, 0x08C5, 0x11A9, 0x1A0B, 0x1128,
  0x1989, 0x0907, 0x0084, 0x1106, 0x326E, 0x326E, 0x096A, 0x0929, 0x1149, 0x320D, 0x4AD0, 0x4ACF,
  0x29EC, 0x3A6F, 0x3A6F, 0x08C6, 0x08C6, 0x0064, 0x0064, 0x0064, 0x0084, 0x0084, 0x0063, 0x0084,
  0x0084, 0x00A4, 0x00A4, 0x00A4, 0x00A4, 0x00A4, 0x0084, 0x0084, 0x00A5, 0x0063, 0x4B71, 0x861E,
  0x759C, 0x8E3E, 0x965E, 0x965E, 0x967F, 0x965F, 0x967F, 0x9E9F, 0x967F, 0x965E, 0x8E3E, 0x85FD,
  0x85FD, 0x85FD, 0x8E3D, 0x8E3E, 0x8E3E, 0x8E3E, 0x965E, 0x9E7E, 0x9E5E, 0x861E, 0x861E, 0x965E,
  0x965E, 0x967F, 0xBF1F, 0xD77F, 0xD77F, 0xCF5F, 0xDF7F, 0xDF9F, 0xDF9F, 0xC73F, 0x967E, 0x75BD,
  0x75BD, 0x861D, 0x963E, 0x965E, 0x9E7E, 0xAEDF, 0xC73F, 0xCF5F, 0xC73F, 0xBF1F, 0xC71E, 0x651A,
  0x3C79, 0x5CFA, 0x4458, 0x23B6, 0x1BB6, 0x4C99, 0x759C, 0x6D7C, 0x967E, 0xCF5F, 0xC73F, 0xBEFF,
  0xCF5F, 0xCF5F, 0xB6DF, 0x9E7E, 0x965D, 0x963D, 0x963D, 0x965D, 0xAEBE, 0xB6FF, 0xDF7F, 0xF7DF,
  0xE7BF, 0xEFDF, 0xB6FF, 0x965E, 0xA69F, 0x9E7F, 0x9EBF, 0x7539, 0x1988, 0x29EA, 0x2188, 0x1106,
  0x00A5, 0x4B92, 0x857A, 0x8D9A, 0x8518, 0x8517, 0xADD9, 0xADD8, 0xADF9, 0xADF9, 0x8CF5, 0x3D9E,
  0x124D, 0x0000, 0x0020, 0x0000, 0x0000, 0x0000, 0x0000, 0x0000, 0x0000, 0x0000, 0x0000, 0x0000,
  0x0000, 0x0000, 0x0000, 0x0000, 0x0000, 0x0000, 0x0000, 0x0000, 0x0000, 0x0000, 0x0000, 0x0000,
  0x0000, 0x0000, 0x0000, 0x0000, 0x0000, 0x0000, 0x0000, 0x0000, 0x0000, 0x0000, 0x0000, 0x0000,
  0x0000, 0x0000, 0x0000, 0x0000, 0x0000, 0x0000, 0x0000, 0x0000, 0x0000, 0x0000, 0x2BF6, 0x759F,
  0xA51C, 0xA53D, 0xAD5D, 0xAD7D, 0xA55D, 0xA51D, 0x9CFC, 0x9CFC, 0x94DC, 0x94BC, 0x8CBC, 0x8C7A,
  0x8439, 0x8439, 0x847A, 0x8CBB, 0x9CFB, 0xAD9D, 0xC65D, 0xC67D, 0x849A, 0x6399, 0x6BD9, 0x73FA,
  0x6BDA, 0x73F9, 0x5B95, 0x42F8, 0x63D9, 0x4B18, 0x4B18, 0x7C99, 0xC67B, 0xB5FA, 0x9D9A, 0xB63B,
  0xD6BB, 0x957A, 0x94FB, 0x53B4, 0x0167, 0x00C5, 0x12AC, 0x0A0A, 0x0209, 0x1B31, 0x09AA, 0x0062,
  0x00E5, 0x12CF, 0x0AEE, 0x0126, 0x01A8, 0x0A4B, 0x0A8C, 0x00A5, 0x0126, 0x128C, 0x5BB3, 0x52F1,
  0x08C7, 0x0022, 0x0001, 0x0001, 0x1927, 0x322C, 0x0908, 0x0064, 0x00A5, 0x1108, 0x218A, 0x0884,
  0x0063, 0x00A5, 0x0083, 0x0084, 0x0084, 0x0084, 0x0084, 0x0084, 0x0084, 0x00A4, 0x08A5, 0x00A5,
  0x0064, 0x0043, 0x0043, 0x0043, 0x0023, 0x0023, 0x0043, 0x0043, 0x0084, 0x0002, 0x21A9, 0x7DDD,
  0x85FD, 0x8E5E, 0x967F, 0x8E3E, 0x967F, 0x967F, 0x967F, 0x9E7F, 0x9E9F, 0x9E9F, 0x9E9F, 0x965E,
  0x8E3E, 0x8E3E, 0x85FD, 0x861D, 0x8E3E, 0x8E3E, 0x8E3E, 0x965E, 0x9E7E, 0x967E, 0x863E, 0x9E7E,
  0xAEBF, 0xA6BF, 0xAEDF, 0xA69E, 0x9E9F, 0xAEFF, 0xBF1F, 0xD75F, 0xCF3F, 0x9E9E, 0x8E3E, 0x965E,
  0x9E7E, 0xAEBF, 0xAEDF, 0xBF1F, 0xD75F, 0xEFDF, 0xDF9F, 0xC71F, 0x9E7E, 0x5CFA, 0x3C59, 0x23D7,
  0x4478, 0x5D1A, 0x653B, 0x5D1A, 0x4CD9, 0x6D5B, 0x85DC, 0x85FD, 0x8E5E, 0xA6BF, 0xB6FF, 0xB6FF,
  0xB6DF, 0xAEDF, 0xAEBF, 0xA69E, 0x9E5E, 0x963D, 0x963D, 0x9E5D, 0x9E5E, 0xA69E, 0xBEFF, 0xEFBF,
  0xEFDF, 0xE79F, 0xDF9F, 0xA69F, 0x9E7F, 0xA69F, 0xA6DF, 0x6D19, 0x0906, 0x29C9, 0x428B, 0x21CB,
  0x00EA, 0x3B31, 0x3B10, 0x224C, 0x2A4C, 0x5BD2, 0x84B4, 0x8CD4, 0x8CF6, 0x9D15, 0x661F, 0x23D5,
  0x0000, 0x0000, 0x0000, 0x0000, 0x0000, 0x0000, 0x0000, 0x0000, 0x0000, 0x0000, 0x0000, 0x0000,
  0x0000, 0x0000, 0x0000, 0x0000, 0x0000, 0x0000, 0x0000, 0x0000, 0x0000, 0x0000, 0x0000, 0x0000,
  0x0000, 0x0000, 0x0000, 0x0000, 0x0000, 0x0000, 0x0000, 0x0000, 0x0000, 0x0000, 0x0000, 0x0000,
  0x0000, 0x0000, 0x0000, 0x0000, 0x0000, 0x0000, 0x0000, 0x0000, 0x0000, 0x0000, 0x0083, 0x3D1C,
  0x8D5E, 0xAD3C, 0xAD7D, 0xAD5D, 0xA53D, 0xA53D, 0x9CFC, 0x9CFC, 0x9CFC, 0x9D1C, 0x9D1C, 0x94DA,
  0x7C37, 0x7C18, 0x845A, 0x8C7B, 0x8479, 0x7C16, 0x7437, 0x8CD9, 0x847A, 0x6BD9, 0x6BDA, 0x6BDA,
  0x6399, 0x42F8, 0x19D5, 0x19B4, 0x1196, 0x2A37, 0x3AB7, 0x84D9, 0xADD9, 0xBE3B, 0xADFA, 0xB61A,
  0xB61A, 0xA5B9, 0x953A, 0x8CBA, 0x4371, 0x0229, 0x1B2E, 0x1AED, 0x126B, 0x1B0D, 0x1209, 0x0126,
  0x11C8, 0x1ACC, 0x0AAC, 0x09A8, 0x124A, 0x12CD, 0x0147, 0x0127, 0x12AD, 0x4350, 0x320D, 0x3A6F,
  0x2A0D, 0x29EC, 0x52F1, 0x3A4F, 0x10E8, 0x21CF, 0x196C, 0x0044, 0x21AC, 0x5335, 0x5336, 0x4293,
  0x3210, 0x2A11, 0x194C, 0x194A, 0x08C6, 0x0063, 0x0084, 0x0084, 0x0084, 0x0084, 0x00A4, 0x00A4,
  0x0064, 0x0043, 0x0043, 0x0043, 0x0043, 0x0043, 0x0043, 0x0043, 0x0063, 0x0063, 0x0043, 0x64B8,
  0x8E5E, 0x861D, 0x967F, 0x8E3E, 0x8E5F, 0x9E7F, 0x9E9F, 0x9E9F, 0x9E9F, 0x9E9F, 0x9EBF, 0xA6BF,
  0xA6BF, 0x9E9F, 0x9E9F, 0x9EBF, 0xA6BF, 0xAEDF, 0xAEDF, 0xA6BF, 0xA6BF, 0x965F, 0x8E5F, 0x9E7F,
  0x9E9F, 0x965E, 0x8E3E, 0x965E, 0xA69E, 0xB6FF, 0xBF1F, 0xB6FF, 0x9E9F, 0xB6FF, 0xCF5F, 0xC73F,
  0xC73F, 0xD77F, 0xDF9F, 0xDF9F, 0xFFFF, 0xFFFF, 0xAEDF, 0xA69F, 0x655B, 0x3C58, 0x655B, 0x7DDD,
  0x85FD, 0x759C, 0x4479, 0x2C17, 0x4499, 0x655B, 0x8E3E, 0x8E5E, 0x8E5E, 0x9E7F, 0xA6BF, 0xA6BF,
  0xA6BF, 0xA6BF, 0xA6BF, 0xA69F, 0x9E7E, 0x9E7E, 0x963D, 0x9E7E, 0xA69E, 0x9E7E, 0xAEDF, 0xD77F,
  0xFFFF, 0xDF9F, 0xE7BF, 0xCF5F, 0x9E9F, 0xA6BF, 0xAEFF, 0x7D7A, 0x0907, 0x19A9, 0x2A0A, 0x118A,
  0x118B, 0x4B50, 0x430F, 0x19EA, 0x19CA, 0x2A6C, 0x32AE, 0x4B91, 0x5B90, 0x4CB9, 0x2CFC, 0x0062,
  0x0000, 0x0000, 0x0000, 0x0000, 0x0000, 0x0000, 0x0000, 0x0000, 0x0000, 0x0000, 0x0000, 0x0000,
  0x0000, 0x0000, 0x0000, 0x0000, 0x0000, 0x0000, 0x0000, 0x0000, 0x0000, 0x0000, 0x0000, 0x0000,
  0x0000, 0x0000, 0x0000, 0x0000, 0x0000, 0x0000, 0x0000, 0x0000, 0x0000, 0x0000, 0x0000, 0x0000,
  0x0000, 0x0000, 0x0000, 0x0000, 0x0000, 0x0000, 0x0000, 0x0000, 0x0000, 0x0000, 0x0000, 0x0988,
  0x4D9F, 0x9D1D, 0xA51C, 0x9CFC, 0x9CFC, 0x94DC, 0x94DC, 0x9CFD, 0xAD7E, 0xBE1E, 0xBE3E, 0xA57B,
  0x94DA, 0x8C9A, 0x8C9B, 0x8C9B, 0x8459, 0x6BD6, 0x63B7, 0x6BB9, 0x6BDA, 0x6BDA, 0x6BDA, 0x6BBA,
  0x6399, 0x4B18, 0x2215, 0x19D3, 0x3A95, 0x4B16, 0x7417, 0x8CB9, 0x7C9A, 0xA578, 0xB5FA, 0xA5B9,
  0xB5FB, 0x7495, 0x224B, 0x324B, 0x2A8D, 0x1AED, 0x2B8F, 0x334F, 0x2AED, 0x2B6F, 0x2B0E, 0x22AC,
  0x22CC, 0x2B2E, 0x2B2E, 0x22AC, 0x2B2E, 0x232F, 0x1ACD, 0x12EE, 0x1A0A, 0x2168, 0x10E6, 0x1107,
  0x08C6, 0x4AF0, 0x7C78, 0x5354, 0x5BB6, 0x3AB1, 0x42F5, 0x3230, 0x4AF4, 0x6BF9, 0x6399, 0x6399,
  0x63BA, 0x63BA, 0x6BFB, 0x6BB8, 0x21AB, 0x0063, 0x0084, 0x0064, 0x0084, 0x0064, 0x0064, 0x0043,
  0x0043, 0x0064, 0x0064, 0x0043, 0x0043, 0x0043, 0x0043, 0x0063, 0x0084, 0x00A5, 0x0043, 0x3310,
  0x8E7F, 0x75BD, 0x965E, 0x967F, 0x8E5F, 0x967F, 0x9E9F, 0xA69F, 0x9E9F, 0x9E9F, 0x9EBF, 0xA6DF,
  0xA6BF, 0x9E9F, 0x9EBF, 0xA6BF, 0xA6BF, 0xA6BF, 0x9E9F, 0x9E9F, 0x9E9F, 0xA6BF, 0xA6BF, 0x9E7F,
  0x9E9E, 0xAEDF, 0xB6DF, 0xB6FF, 0xD75F, 0xC73F, 0xA6BF, 0x965E, 0xA69F, 0xCF5F, 0xCF5F, 0xD77F,
  0xE7BF, 0xEFDF, 0xF7FF, 0xDF9F, 0xC71F, 0xB6FF, 0x9E7E, 0x85FC, 0x6D7C, 0x8E3E, 0x9E9F, 0x965E,
  0x6D7C, 0x3C79, 0x3438, 0x54FA, 0x6D7C, 0x8E3E, 0x965E, 0x8E5E, 0x965E, 0x9E9F, 0x9E9F, 0xA6BF,
  0xA6BF, 0xA6BF, 0xA6BF, 0xA6BF, 0xA69F, 0xA69F, 0xA69E, 0x9E5E, 0xAEBF, 0xA6BF, 0xA69F, 0xC73F,
  0xF7FF, 0xE7BF, 0xDF9F, 0xE7BF, 0xBF3F, 0xAEDF, 0xAEBF, 0x7DFD, 0x22D0, 0x19EB, 0x1189, 0x1169,
  0x4B50, 0x8D16, 0x7CD5, 0x7CB5, 0x7CB5, 0x63F2, 0x5390, 0x5B70, 0x43B3, 0x357F, 0x0927, 0x0000,
  0x0000, 0x0000, 0x0000, 0x0000, 0x0000, 0x0000, 0x0000, 0x0000, 0x0000, 0x0000, 0x0000, 0x0000,
  0x0000, 0x0000, 0x0000, 0x0000, 0x0000, 0x0000, 0x0000, 0x0000, 0x0000, 0x0000, 0x0000, 0x0000,
  0x0000, 0x0000, 0x0000, 0x0000, 0x0000, 0x0000, 0x0000, 0x0000, 0x0000, 0x0000, 0x0000, 0x0000,
  0x0000, 0x0000, 0x0000, 0x0000, 0x0000, 0x0000, 0x0000, 0x0000, 0x0000, 0x0000, 0x0020, 0x0000,
  0x1AB0, 0x65BF, 0x9CBB, 0x8C9B, 0x8479, 0x7C38, 0x6BF6, 0x63B5, 0x63D5, 0x6C14, 0x9D38, 0xA53B,
  0x94DB, 0x9CFC, 0x9CFC, 0x94DB, 0x8C9B, 0x845B, 0x7C1A, 0x6BDA, 0x6BBA, 0x6BDA, 0x6BBA, 0x6BB9,
  0x73FA, 0xA59C, 0xBE5C, 0x94F8, 0xA559, 0x8498, 0x8479, 0x7C59, 0x7414, 0x5310, 0x5B51, 0x4AAF,
  0x6351, 0x5B92, 0x19C9, 0x0167, 0x124A, 0x232E, 0x33B0, 0x4411, 0x43D1, 0x4413, 0x43F1, 0x43B1,
  0x3B90, 0x3BD1, 0x3BB0, 0x3370, 0x33F1, 0x2BF1, 0x12CD, 0x0148, 0x0108, 0x0043, 0x0000, 0x0063,
  0x21AC, 0x326F, 0x29CC, 0x3A8F, 0x8499, 0x5B96, 0x5356, 0x6BD4, 0x6BD3, 0x7437, 0x8CBB, 0x8CBB,
  0x5B97, 0x6BD6, 0x8499, 0x5332, 0x08E6, 0x0064, 0x0064, 0x0064, 0x0063, 0x0064, 0x0064, 0x0064,
  0x0064, 0x0043, 0x0043, 0x0043, 0x0043, 0x0063, 0x0064, 0x0064, 0x0063, 0x0064, 0x0002, 0x19AA,
  0x967F, 0x8E3E, 0x863E, 0x9E9F, 0x967F, 0x967F, 0x9E7F, 0x9E9F, 0x9E9F, 0x9E9F, 0x9EBF, 0x9E9F,
  0x9E9F, 0x9E9F, 0x9E9F, 0x9E9F, 0xA6BF, 0xA6BF, 0xAEDF, 0xAEFF, 0xB6FF, 0xB6DF, 0xA69F, 0xA6BF,
  0xC73F, 0xCF5F, 0xAEDF, 0xAEBF, 0xB6DF, 0x9E9F, 0x965E, 0xAEDF, 0xC71F, 0xA69E, 0x9E9F, 0xDF9F,
  0xD75F, 0xA69E, 0x9E7E, 0x861E, 0x8E3E, 0xB6DF, 0x9E7E, 0x9E9E, 0xAEDF, 0x8E3E, 0x75BC, 0x54FA,
  0x2BF7, 0x3C58, 0x75BC, 0x967F, 0x965F, 0x965E, 0x8E3E, 0x8E5E, 0x9E9F, 0x9E9F, 0x9E9F, 0xA6BF,
  0xA6BF, 0xA6BF, 0xA6BF, 0xA6BF, 0xA6BF, 0xA6BF, 0xB6FF, 0xA69E, 0x9E7E, 0xB6FF, 0xA69F, 0xB6FF,
  0xEFDF, 0xF7DF, 0xD77F, 0xE79F, 0xE7BF, 0xCF5F, 0xAEDF, 0x657C, 0x4CDA, 0x1A0C, 0x19CB, 0x1A0C,
  0x3ACF, 0x6454, 0x6434, 0x8D37, 0x6C53, 0x6C54, 0xBE5B, 0xA5FA, 0x4DFF, 0x124D, 0x0000, 0x0020,
  0x0000, 0x0000, 0x0000, 0x0000, 0x0000, 0x0000, 0x0000, 0x0000, 0x0000, 0x0000, 0x0000, 0x0000,
  0x0000, 0x0000, 0x0000, 0x0000, 0x0000, 0x0000, 0x0000, 0x0000, 0x0000, 0x0000, 0x0000, 0x0000,
  0x0000, 0x0000, 0x0000, 0x0000, 0x0000, 0x0000, 0x0000, 0x0000, 0x0000, 0x0000, 0x0000, 0x0000,
  0x0000, 0x0000, 0x0000, 0x0000, 0x0000, 0x0000, 0x0000, 0x0000, 0x0000, 0x0000, 0x0000, 0x0000,
  0x0000, 0x2BF6, 0x6D7F, 0x947A, 0x7C39, 0x63B5, 0x42F0, 0x22CF, 0x2352, 0x1A8E, 0x3A8E, 0x6394,
  0x8479, 0xA51C, 0xA53C, 0x9CFC, 0x94BB, 0x7C3B, 0x73DA, 0x6BBA, 0x6BDA, 0x6BDA, 0x6BBA, 0x5337,
  0x3AF4, 0x4BB3, 0x7477, 0x5314, 0x8CB9, 0xB5BB, 0xA57C, 0x7CBA, 0x19A9, 0x0084, 0x3A2D, 0x2189,
  0x1108, 0x1107, 0x2A2B, 0x5413, 0x5C74, 0x5CF5, 0x54D4, 0x4C73, 0x5494, 0x6D38, 0x7558, 0x64F6,
  0x6CF6, 0x7DBA, 0x5D16, 0x3C73, 0x3432, 0x3412, 0x126B, 0x0147, 0x09EA, 0x334F, 0x6D16, 0x7455,
  0x955C, 0x951B, 0x8498, 0x94FA, 0x6BD8, 0x320F, 0x194A, 0x21AB, 0x320B, 0x2168, 0x4AB0, 0x5B53,
  0x1969, 0x00A5, 0x1148, 0x08C5, 0x08A4, 0x08C5, 0x08E5, 0x10E5, 0x08E5, 0x08E5, 0x08E5, 0x08E5,
  0x08E5, 0x08E5, 0x08C5, 0x00A4, 0x0064, 0x0043, 0x0064, 0x0064, 0x0085, 0x00A5, 0x00A5, 0x0907,
  0x8DFD, 0xAEFF, 0x8E3E, 0x967F, 0xA6BF, 0x9E7F, 0x967F, 0x967F, 0x965F, 0x965E, 0x9E7F, 0x9E9F,
  0x9E9F, 0x9E9F, 0xA69F, 0xA6BF, 0xA6BF, 0xA6BF, 0xA6BF, 0xA6BF, 0xA69F, 0xAEDF, 0xC71F, 0xC73F,
  0xBF1F, 0xA6BF, 0x9E9F, 0xA6BF, 0x9E9F, 0xA6BF, 0xC73F, 0xA6BF, 0xAEDF, 0x8E3E, 0xAEBE, 0xBEFF,
  0xA6BF, 0x85FD, 0x75BD, 0x9E7E, 0xEFBF, 0xF7FF, 0xC73F, 0x9E7E, 0x653B, 0x2BD7, 0x1376, 0x23F7,
  0x5D1B, 0x8E5E, 0xA6BF, 0x967F, 0x8E5F, 0x8E3E, 0x8E3E, 0xA6BF, 0x9E9F, 0x9E9F, 0xA6BF, 0xA6BF,
  0xA6BF, 0xA6BF, 0xA6BF, 0xAEBF, 0xAEDF, 0xA6BF, 0xAEFF, 0xAEDF, 0x967F, 0xC73F, 0xAEBF, 0xB6FF,
  0xE7BF, 0xFFFF, 0xDF7F, 0xDF9F, 0xE7BF, 0xE79F, 0xC73F, 0x85FD, 0x6D7C, 0x4C99, 0x3394, 0x1AB0,
  0x2B32, 0x3394, 0x1A6F, 0x22B0, 0x4BD4, 0x4351, 0x3B31, 0x459F, 0x1B53, 0x0000, 0x0020, 0x0000,
  0x0000, 0x0000, 0x0000, 0x0000, 0x0000, 0x0000, 0x0000, 0x0000, 0x0000, 0x0000, 0x0000, 0x0000,
  0x0000, 0x0000, 0x0000, 0x0000, 0x0000, 0x0000, 0x0000, 0x0000, 0x0000, 0x0000, 0x0000, 0x0000,
  0x0000, 0x0000, 0x0000, 0x0000, 0x0000, 0x0000, 0x0000, 0x0000, 0x0000, 0x0000, 0x0000, 0x0000,
  0x0000, 0x0000, 0x0000, 0x0000, 0x0000, 0x0000, 0x0000, 0x0000, 0x0000, 0x0000, 0x0000, 0x0000,
  0x0000, 0x0062, 0x3CFB, 0x7D3E, 0x8C7A, 0x6BF7, 0x5353, 0x3AB1, 0x4B57, 0x19AD, 0x3292, 0x6BD9,
  0x94FB, 0xA53C, 0xA53C, 0xA51C, 0x94DC, 0x845B, 0x73DB, 0x6BBA, 0x73DA, 0x73DA, 0x5B79, 0x42B5,
  0x3292, 0x32B1, 0x42D6, 0x42B6, 0x8479, 0xC63C, 0xBE1C, 0xCE9D, 0xADB9, 0x5B71, 0x63D5, 0x5334,
  0x7415, 0x6393, 0x6373, 0x4AD0, 0x2A0C, 0x43B0, 0x43D0, 0x4BD0, 0x5C73, 0x7536, 0xBEFC, 0xAE7A,
  0x64B4, 0x7D37, 0x64B5, 0x5C94, 0x85D8, 0x6D15, 0x43F1, 0x334F, 0x432F, 0x8517, 0xADDB, 0x7414,
  0x9D19, 0xADBB, 0xCE7E, 0xB5BD, 0x8CBC, 0x63B8, 0x5315, 0x5B57, 0x42B3, 0x21AB, 0x0083, 0x00A4,
  0x08A4, 0x08C5, 0x08E5, 0x08E5, 0x08E5, 0x08E5, 0x10E5, 0x10E5, 0x1105, 0x10E5, 0x08E5, 0x08E5,
  0x08C5, 0x00A4, 0x00A4, 0x08A4, 0x0084, 0x0064, 0x0043, 0x0043, 0x0043, 0x0043, 0x0084, 0x0043,
  0x6477, 0xB73F, 0xA6BF, 0x8E3E, 0x9E7F, 0xA6BF, 0x9E9F, 0x9E9F, 0x967F, 0x965F, 0x8E5E, 0x965E,
  0x8E5E, 0x965E, 0x965E, 0x965E, 0x965E, 0x8E5E, 0x9E7F, 0xAEDF, 0xBF1F, 0xC75F, 0xC73F, 0xBF1F,
  0xA6BF, 0x9E9F, 0xA6BF, 0x9E7E, 0xB6FF, 0xDF7F, 0xBEFF, 0xA6BF, 0xB6DF, 0x85FD, 0x8E3E, 0x9E9F,
  0xA6BF, 0x7DFD, 0x9E7E, 0xDF9F, 0xB6BE, 0x9E5D, 0x6D5B, 0x4459, 0x1B96, 0x23D6, 0x5D1A, 0x8E3E,
  0x967F, 0x967F, 0x967F, 0x965F, 0x8E5E, 0x861E, 0x9E9F, 0xA6BF, 0x9E9F, 0xA6BF, 0x9E9F, 0xA6BF,
  0xA6BF, 0xA6BF, 0xAEDF, 0xAEDF, 0xAEDF, 0xAEDF, 0xAEDF, 0xB71F, 0x9E9F, 0xC73F, 0xBF1F, 0xB6FF,
  0xE7BF, 0xFFFF, 0xDF9F, 0xCF5F, 0xE79F, 0xE7BF, 0xDF9F, 0xBF3F, 0xBF1F, 0xAEFF, 0x965D, 0x2AD0,
  0x1A4E, 0x2AAF, 0x228F, 0x2AF1, 0x4393, 0x4352, 0x3D5D, 0x2C99, 0x0020, 0x0000, 0x0000, 0x0000,
  0x0000, 0x0000, 0x0000, 0x0000, 0x0000, 0x0000, 0x0000, 0x0000, 0x0000, 0x0000, 0x0000, 0x0000,
  0x0000, 0x0000, 0x0000, 0x0000, 0x0000, 0x0000, 0x0000, 0x0000, 0x0000, 0x0000, 0x0000, 0x0000,
  0x0000, 0x0000, 0x0000, 0x0000, 0x0000, 0x0000, 0x0000, 0x0000, 0x0000, 0x0000, 0x0000, 0x0000,
  0x0000, 0x0000, 0x0000, 0x0000, 0x0000, 0x0000, 0x0000, 0x0000, 0x0000, 0x0000, 0x0000, 0x0000,
  0x0000, 0x0000, 0x0926, 0x457E, 0x7CDC, 0x8438, 0x6BD7, 0x73D6, 0x849B, 0x84B7, 0xADFB, 0x94FB,
  0xA51C, 0xA51C, 0xA53C, 0xA53C, 0x94DC, 0x845B, 0x73FA, 0x73DA, 0x73FB, 0x73DA, 0x6BB9, 0x5B78,
  0x5357, 0x7C39, 0x7C3B, 0x8CBB, 0xA57B, 0xBDFB, 0xB579, 0xAD58, 0xAD58, 0xAD59, 0x9CFA, 0x8CFC,
  0x9D3A, 0xB5DB, 0x5BB3, 0x226C, 0x2A8B, 0x7D57, 0x9E19, 0x95D8, 0xAE7A, 0xE79E, 0xF7BF, 0xCEFE,
  0x7D36, 0x5432, 0x43F0, 0x4C72, 0x857A, 0x851B, 0x6C58, 0x5B95, 0x4B13, 0x4291, 0x5335, 0x6BF8,
  0x5B53, 0x7438, 0x7C36, 0x73F5, 0x5B77, 0x5337, 0x5357, 0x4AF5, 0x3230, 0x322E, 0x00A5, 0x08A5,
  0x00A4, 0x0084, 0x0084, 0x0084, 0x0084, 0x0084, 0x0084, 0x0084, 0x0064, 0x0064, 0x0064, 0x0064,
  0x0064, 0x0043, 0x0043, 0x0043, 0x0023, 0x0043, 0x0043, 0x0043, 0x0043, 0x0063, 0x00A4, 0x00A6,
  0x2B95, 0x967F, 0xB6FF, 0xB6DF, 0x967F, 0x9E9F, 0xA6BF, 0x9E9F, 0x9E9F, 0x9E9F, 0x9E9F, 0x8E5E,
  0x8E3E, 0x8E3E, 0x965E, 0x965E, 0x9E9F, 0xA6BF, 0xB6FF, 0xC73F, 0xBF1F, 0xBF1F, 0xBF1F, 0xAEBF,
  0x967E, 0x967E, 0xA69F, 0xC73F, 0xD77F, 0xC73F, 0x9E9F, 0xCF5F, 0xA69E, 0x861E, 0x9E9F, 0xA6BF,
  0x7DDD, 0x863E, 0xCF5F, 0xDF7F, 0x861E, 0x75BC, 0x7DBC, 0x759C, 0x655B, 0x861D, 0xA6BF, 0x9E9F,
  0x967F, 0x965F, 0x967F, 0x967F, 0x861E, 0x967E, 0xAEFF, 0xA6BF, 0x9E9F, 0xA6BF, 0x9E9F, 0xA6BF,
  0xA6DF, 0xA6BF, 0xAEDF, 0xB6FF, 0xB6FF, 0xAEDF, 0xB6FF, 0xBF1F, 0xAEDF, 0xC73F, 0xCF5F, 0xB6DF,
  0xDF7F, 0xF7FF, 0xEFBF, 0xC73F, 0xD77F, 0xE7BF, 0xEFBF, 0xC73F, 0xBF3F, 0xC73F, 0xCF7F, 0x859A,
  0x2AAF, 0x2A8E, 0x2A8F, 0x3B31, 0x4B72, 0x4D1B, 0x353C, 0x00A4, 0x0000, 0x0000, 0x0000, 0x0000,
  0x0000, 0x0000, 0x0000, 0x0000, 0x0000, 0x0000, 0x0000, 0x0000, 0x0000, 0x0000, 0x0000, 0x0000,
  0x0000, 0x0000, 0x0000, 0x0000, 0x0000, 0x0000, 0x0000, 0x0000, 0x0000, 0x0000, 0x0000, 0x0000,
  0x0000, 0x0000, 0x0000, 0x0000, 0x0000, 0x0000, 0x0000, 0x0000, 0x0000, 0x0000, 0x0000, 0x0000,
  0x0000, 0x0000, 0x0000, 0x0000, 0x0000, 0x0000, 0x0000, 0x0000, 0x0000, 0x0000, 0x0000, 0x0000,
  0x0000, 0x0020, 0x0000, 0x11EA, 0x4D9F, 0x5355, 0x52D2, 0x73F7, 0x7C39, 0x8CF8, 0x9D37, 0x8C97,
  0x8479, 0x9CFC, 0xA53C, 0x9D1C, 0x94BC, 0x843B, 0x73FB, 0x73FB, 0x7C1B, 0x7C1A, 0x7C1A, 0x7C5A,
  0x7C5A, 0x8C9A, 0x8C9A, 0x847A, 0x8CBA, 0x8479, 0x7C38, 0x94D8, 0x8497, 0x6373, 0x3A6F, 0x42B0,
  0x5B31, 0x63B2, 0x3A6D, 0x5C14, 0x8DBB, 0xAE5C, 0xCEFE, 0xCEBE, 0xD6BE, 0xDEFF, 0xD6DE, 0xC67E,
  0xCEBF, 0xB65C, 0xAE7A, 0xCF5E, 0x8D59, 0x4B94, 0x3B32, 0x2AB0, 0x32F2, 0x6437, 0xB61E, 0xC63D,
  0x8496, 0xA57C, 0x6C38, 0x5B51, 0x7C77, 0x84DA, 0x951B, 0x6BF6, 0x2189, 0x08E6, 0x00A5, 0x0084,
  0x0084, 0x0084, 0x0064, 0x0064, 0x0064, 0x0064, 0x0063, 0x0043, 0x0043, 0x0043, 0x0043, 0x0043,
  0x0023, 0x0023, 0x0022, 0x0022, 0x0022, 0x0883, 0x0083, 0x0928, 0x11AA, 0x118A, 0x11CB, 0x3394,
  0x5D1B, 0x965E, 0xAEFF, 0xBF1F, 0xA6BF, 0x9E9F, 0xA6BF, 0x9E9F, 0x9E9F, 0xA69F, 0xA6DF, 0xA6BF,
  0xA6BF, 0xA6BF, 0xB6FF, 0xB6FF, 0xB6FF, 0xBF1F, 0xBF1F, 0xC73F, 0xBF1F, 0xB6DF, 0xA69F, 0x9E9F,
  0x967F, 0xA6DF, 0xCF5F, 0xD77F, 0xBF1F, 0xA6BF, 0xB6FF, 0xD77F, 0xA69F, 0x8E5F, 0x965E, 0x8E1E,
  0x861E, 0xBF1F, 0xBF3F, 0xD77F, 0xA6DF, 0x967F, 0x9E7F, 0x8E3E, 0x965E, 0xA6BF, 0xA6BF, 0x967F,
  0x967F, 0x9E9F, 0x9E9F, 0x8E5E, 0x861E, 0xAEDF, 0xAEDF, 0xA6BF, 0xA6DF, 0xA6BF, 0x9E9F, 0xAEDF,
  0xAEDF, 0xAEDF, 0xAEDF, 0xB6FF, 0xB6FF, 0xB6FF, 0xB6FF, 0xC73F, 0xBEFF, 0xC73F, 0xC73F, 0xB6DF,
  0xD77F, 0xEFBF, 0xFFFF, 0xD77F, 0xBF1F, 0xD77F, 0xEFDF, 0xCF5F, 0xAEFF, 0xB6FF, 0xBF1F, 0xB6DE,
  0x3311, 0x3AF0, 0x32CF, 0x4B92, 0x4CFA, 0x357F, 0x0927, 0x0000, 0x0000, 0x0000, 0x0000, 0x0000,
  0x0000, 0x0000, 0x0000, 0x0000, 0x0000, 0x0000, 0x0000, 0x0000, 0x0000, 0x0000, 0x0000, 0x0000,
  0x0000, 0x0000, 0x0000, 0x0000, 0x0000, 0x0000, 0x0000, 0x0000, 0x0000, 0x0000, 0x0000, 0x0000,
  0x0000, 0x0000, 0x0000, 0x0000, 0x0000, 0x0000, 0x0000, 0x0000, 0x0000, 0x0000, 0x0000, 0x0000,
  0x0000, 0x0000, 0x0000, 0x0000, 0x0000, 0x0000, 0x0000, 0x0000, 0x0000, 0x0000, 0x0000, 0x0000,
  0x0000, 0x0000, 0x0000, 0x0000, 0x1AD0, 0x3D1D, 0x4AB1, 0x6BB6, 0x7C39, 0x73F7, 0x7C37, 0x7C37,
  0x8C79, 0x9CFB, 0x9D1C, 0x9CFC, 0x94BB, 0x847B, 0x845B, 0x847C, 0x847B, 0x847B, 0x847A, 0x8C7A,
  0x8C9A, 0x94BA, 0x8C9A, 0x8C7A, 0x8C79, 0x6BB5, 0x3A6F, 0x5B52, 0x7456, 0x6373, 0x73F5, 0x8478,
  0x5B53, 0x4ACF, 0x7416, 0x8CBA, 0x8CBA, 0x955A, 0x9DD9, 0x9D79, 0xA5BA, 0xC69D, 0xDF1E, 0xBDFD,
  0xA55B, 0xA5DB, 0xAE5B, 0xB69C, 0xA65B, 0x8D98, 0x6CD5, 0x3B2E, 0x0969, 0x42AF, 0x7C35, 0x8CB7,
  0x6BD3, 0x9CFC, 0x7C18, 0x322C, 0x29CA, 0x29ED, 0x5333, 0x320C, 0x1969, 0x08C5, 0x08A5, 0x08A4,
  0x08A5, 0x08A4, 0x0084, 0x0084, 0x00A4, 0x08A4, 0x08A4, 0x00A4, 0x0084, 0x0064, 0x0064, 0x0064,
  0x0064, 0x0084, 0x08E6, 0x08E6, 0x0948, 0x11AA, 0x11CB, 0x1A0C, 0x1A0D, 0x228F, 0x2AAF, 0x8E1D,
  0xC77F, 0xE7BF, 0xCF5F, 0xBF1F, 0xBF1F, 0xA6BF, 0xAEDF, 0xBF1F, 0xC71F, 0xBF1F, 0xB6FF, 0xAEDF,
  0xAEDF, 0xB6FF, 0xC73F, 0xCF5F, 0xCF5F, 0xD77F, 0xCF5F, 0xBF1F, 0xAEDF, 0xA6BF, 0xB6DF, 0xA6BF,
  0xB6DF, 0xCF5F, 0xCF5F, 0xBF1F, 0xB6FF, 0x9E9F, 0xBF3F, 0xC73F, 0x9E9F, 0x8E3E, 0x861D, 0x965E,
  0xBF1F, 0xDF9F, 0x969F, 0xCF3F, 0xC73F, 0xA6BF, 0xA6BF, 0x9E9F, 0xA6BF, 0xA6BF, 0xA6BF, 0x9E9F,
  0x9E9F, 0xA69F, 0x9E7F, 0x7DFD, 0x9E7F, 0xAEDF, 0xA6BF, 0xA6DF, 0xAEDF, 0x9E9F, 0xA6BF, 0xB6FF,
  0xAEDF, 0xAEDF, 0xB6FF, 0xBF1F, 0xB6FF, 0xB6FF, 0xB6FF, 0xC73F, 0xC73F, 0xCF5F, 0xC73F, 0xBF1F,
  0xDF9F, 0xE79F, 0xFFFF, 0xEFDF, 0xBF1F, 0xD77F, 0xFFFF, 0xEFBF, 0xC73F, 0xA69E, 0x963D, 0x9E7E,
  0x3C58, 0x4458, 0x4BB3, 0x2B12, 0x3DDF, 0x11CA, 0x0000, 0x0000, 0x0000, 0x0000, 0x0000, 0x0000,
  0x0000, 0x0000, 0x0000, 0x0000, 0x0000, 0x0000, 0x0000, 0x0000, 0x0000, 0x0000, 0x0000, 0x0000,
  0x0000, 0x0000, 0x0000, 0x0000, 0x0000, 0x0000, 0x0000, 0x0000, 0x0000, 0x0000, 0x0000, 0x0000,
  0x0000, 0x0000, 0x0000, 0x0000, 0x0000, 0x0000, 0x0000, 0x0000, 0x0000, 0x0000, 0x0000, 0x0000,
  0x0000, 0x0000, 0x0000, 0x0000, 0x0000, 0x0000, 0x0000, 0x0000, 0x0000, 0x0000, 0x0000, 0x0000,
  0x0000, 0x0000, 0x0000, 0x0000, 0x0000, 0x2373, 0x553E, 0x7BF8, 0x847A, 0x8C9A, 0x7C37, 0x8C98,
  0x94DA, 0x9CFB, 0x94DB, 0x94DB, 0x94BB, 0x8CBC, 0x94BC, 0x9CFC, 0x9CFC, 0x94DB, 0x94DB, 0x94BA,
  0x94BA, 0x94BA, 0x8C9A, 0x845A, 0x6BF6, 0x2A0C, 0x08E6, 0x21AA, 0x2A0D, 0x3A4E, 0x63B5, 0x7C79,
  0x7C78, 0x5332, 0x5B73, 0x63B4, 0x6C16, 0x84D8, 0x8537, 0x7D16, 0x8D57, 0x9DF9, 0xB63B, 0xA59A,
  0x9D79, 0x8D98, 0x8DB9, 0x9DD9, 0x8557, 0x6CB5, 0x5C74, 0x5C74, 0x4390, 0x0906, 0x0084, 0x29CA,
  0x00C5, 0x4AD0, 0x320D, 0x0043, 0x0022, 0x0002, 0x0084, 0x00A4, 0x00A4, 0x08A5, 0x08A4, 0x08A5,
  0x08C5, 0x08C5, 0x08A4, 0x08A4, 0x0084, 0x0063, 0x0043, 0x0064, 0x00C5, 0x19A9, 0x21EB, 0x19EB,
  0x11AA, 0x0928, 0x0948, 0x11CB, 0x11CB, 0x228F, 0x22AF, 0x32F1, 0x3B52, 0x3B73, 0x2AD1, 0x64D8,
  0xA6DF, 0xAEBF, 0xAEBF, 0xBF1F, 0xD77F, 0xC73F, 0xBF1F, 0xDF9F, 0xE7BF, 0xE7BF, 0xDF9F, 0xD77F,
  0xD77F, 0xCF3F, 0xAEDF, 0xA6BF, 0xB6DF, 0xB6DF, 0xA6BF, 0xA6BF, 0xBF1F, 0xB6FF, 0x9E9F, 0xB6FF,
  0xCF5F, 0xCF5F, 0xBF1F, 0xB6FF, 0xAEDF, 0xA6BF, 0xC73F, 0xAEFF, 0x967F, 0x965E, 0x965E, 0xAEDF,
  0xE79F, 0xF7FF, 0xAEBF, 0x967F, 0xCF5F, 0xB6FF, 0xA6DF, 0xA6BF, 0x9EBF, 0xA6BF, 0xA6BF, 0x9E9F,
  0x9E7F, 0xA69F, 0x963E, 0x8E3E, 0xAEDF, 0xAEDF, 0xAEDF, 0xAEDF, 0xA6BF, 0x9E9F, 0xAEDF, 0xBEFF,
  0xB6DF, 0xAEDF, 0xBF1F, 0xBF1F, 0xBF1F, 0xBF1F, 0xB6FF, 0xC73F, 0xD77F, 0xD75F, 0xC71F, 0xD77F,
  0xEFDF, 0xE7BF, 0xFFFF, 0xF7FF, 0xC73F, 0xDF9F, 0xF7FF, 0xFFFF, 0xF7DF, 0xE7BF, 0xCF7F, 0xC73F,
  0xB6FE, 0xCF3F, 0x963D, 0x357F, 0x1A8F, 0x0000, 0x0000, 0x0000, 0x0000, 0x0000, 0x0000, 0x0000,
  0x0000, 0x0000, 0x0000, 0x0000, 0x0000, 0x0000, 0x0000, 0x0000, 0x0000, 0x0000, 0x0000, 0x0000,
  0x0000, 0x0000, 0x0000, 0x0000, 0x0000, 0x0000, 0x0000, 0x0000, 0x0000, 0x0000, 0x0000, 0x0000,
  0x0000, 0x0000, 0x0000, 0x0000, 0x0000, 0x0000, 0x0000, 0x0000, 0x0000, 0x0000, 0x0000, 0x0000,
  0x0000, 0x0000, 0x0000, 0x0000, 0x0000, 0x0000, 0x0000, 0x0000, 0x0000, 0x0000, 0x0000, 0x0000,
  0x0000, 0x0000, 0x0000, 0x0000, 0x0000, 0x0000, 0x2C17, 0x6D7F, 0x9CBB, 0x94FC, 0x9CFB, 0xA53B,
  0xA55C, 0x9D1B, 0x94DA, 0x8CBA, 0x94DB, 0x9CFC, 0xA53D, 0xAD7D, 0xAD5D, 0xA53C, 0x9CFB, 0x94DA,
  0x94BA, 0x8C9A, 0x7C39, 0x7C5A, 0x8CBA, 0x6393, 0x6373, 0x8C9A, 0x847A, 0x7418, 0x7C59, 0x8CDB,
  0x8CDB, 0x7418, 0x6394, 0x5B32, 0x6C57, 0x74D9, 0x7CF8, 0x6C95, 0x6C74, 0x74D5, 0x7CF5, 0x8516,
  0x84F6, 0x7D16, 0x7D57, 0x74F6, 0x5C74, 0x5C54, 0x330F, 0x2B0F, 0x43F2, 0x3370, 0x08E5, 0x0063,
  0x08E5, 0x08C5, 0x08C4, 0x08C5, 0x00A5, 0x08A5, 0x08E5, 0x1106, 0x1106, 0x08E5, 0x08E5, 0x10E5,
  0x08C5, 0x10E5, 0x1106, 0x1147, 0x21A9, 0x3A8C, 0x42CE, 0x42EF, 0x3AEF, 0x32CF, 0x2AAE, 0x222C,
  0x19EB, 0x222C, 0x0129, 0x3B52, 0x64B7, 0x3352, 0x120D, 0x2AF1, 0x1A2D, 0x11EC, 0x3332, 0x74F7,
  0x859A, 0x85DD, 0xAEDF, 0xD77F, 0xDF9F, 0xD77F, 0xE7BF, 0xE79F, 0xCF5F, 0xCF3F, 0xD77F, 0xE79F,
  0xB6DE, 0x8E3E, 0x8E3E, 0x8E3E, 0x9E7F, 0xA6BF, 0xAEDF, 0xB6FF, 0xA6BF, 0x967E, 0xA6DF, 0xCF5F,
  0xCF5F, 0xBF1F, 0xB6FF, 0xBF1F, 0x9E9F, 0xB6FF, 0xBF1F, 0x9E9F, 0x8E5E, 0x8E3E, 0x967F, 0xCF3F,
  0xDF9F, 0xE7BF, 0xC73F, 0x8E5E, 0xA6BF, 0xAEDF, 0xA6BF, 0xA6BF, 0x9E7F, 0x967F, 0x965F, 0x8E5F,
  0x9E9F, 0xAEBF, 0x965E, 0xA6BF, 0xAEDF, 0xAEDF, 0xAEDF, 0xA6BF, 0x9E7F, 0xA6BF, 0xBF1F, 0xBEFF,
  0xB6FF, 0xAEDF, 0xC73F, 0xBF1F, 0xC73F, 0xCF5F, 0xB6FF, 0xCF3F, 0xE79F, 0xCF5F, 0xBF1F, 0xE7BF,
  0xDF9F, 0xE79F, 0xFFFF, 0xFFFF, 0xD77F, 0xBF1F, 0xCF3F, 0xCF3F, 0xC73F, 0xC73F, 0xC73F, 0xB6FF,
  0xCF5F, 0xDF7F, 0x563F, 0x1AF1, 0x0000, 0x0000, 0x0000, 0x0000, 0x0000, 0x0000, 0x0000, 0x0000,
  0x0000, 0x0000, 0x0000, 0x0000, 0x0000, 0x0000, 0x0000, 0x0000, 0x0000, 0x0000, 0x0000, 0x0000,
  0x0000, 0x0000, 0x0000, 0x0000, 0x0000, 0x0000, 0x0000, 0x0000, 0x0000, 0x0000, 0x0000, 0x0000,
  0x0000, 0x0000, 0x0000, 0x0000, 0x0000, 0x0000, 0x0000, 0x0000, 0x0000, 0x0000, 0x0000, 0x0000,
  0x0000, 0x0000, 0x0000, 0x0000, 0x0000, 0x0000, 0x0000, 0x0000, 0x0000, 0x0000, 0x0000, 0x0000,
  0x0000, 0x0000, 0x0000, 0x0000, 0x0000, 0x0000, 0x0041, 0x3499, 0x7DBF, 0xB55C, 0xB59D, 0xB5BD,
  0xB5BD, 0xA55C, 0x9CFB, 0x94DA, 0x9CFB, 0xA55D, 0xAD7D, 0xB59D, 0xAD7D, 0xA55C, 0x9CFB, 0x94DA,
  0x94BA, 0x847A, 0x73F9, 0x6BF9, 0x8C9A, 0x9CFB, 0x9CFB, 0x94DB, 0x94BB, 0x8CBB, 0x8C9B, 0x8CBB,
  0x7C38, 0x6374, 0x3A4C, 0x4331, 0x6C79, 0x6C38, 0x6C56, 0x6434, 0x5C33, 0x6473, 0x6C73, 0x6C73,
  0x6C53, 0x6C73, 0x6CB5, 0x6494, 0x4C12, 0x4C12, 0x3B4F, 0x0906, 0x1126, 0x2A6C, 0x1147, 0x0063,
  0x0084, 0x0064, 0x0063, 0x0043, 0x0043, 0x0022, 0x0042, 0x0063, 0x0043, 0x0044, 0x00C6, 0x0906,
  0x0907, 0x1168, 0x1169, 0x1189, 0x11AA, 0x19EB, 0x19CA, 0x222C, 0x2A6D, 0x2A4C, 0x2A6D, 0x224D,
  0x4BD3, 0x32F0, 0x222D, 0x3B10, 0x53B2, 0x1A4E, 0x222D, 0x2AAF, 0x3B31, 0x2AD0, 0x224E, 0x4B92,
  0x53F4, 0x7D18, 0x9DDA, 0xB67C, 0xBE9D, 0xB69D, 0xC6FE, 0xC71F, 0xC73F, 0xCF3F, 0xE79F, 0xDF7E,
  0xBEDD, 0x9E5D, 0x861E, 0x963E, 0x9E7E, 0x9E7E, 0x967E, 0x8E3E, 0x8E5E, 0xAEDF, 0xBF1F, 0xC73F,
  0xC73F, 0xBF1F, 0xBF1F, 0xA6BF, 0x9E9F, 0xBF1F, 0xAEDF, 0x8E5E, 0x861E, 0x8E3E, 0xC71F, 0xEFBF,
  0xBF1F, 0xB6FF, 0xAEDF, 0x9E9F, 0x9E7F, 0xA6BF, 0x8E5E, 0x8E3E, 0x861E, 0x861E, 0x8E5F, 0x9E9F,
  0xB6FF, 0x967E, 0x9E9F, 0xA6DF, 0xB6FF, 0xB6FF, 0xAEDF, 0x9E9F, 0x9E9F, 0xB6FF, 0xBF1F, 0xBF1F,
  0xB6FF, 0xB6FF, 0xC75F, 0xBF1F, 0xCF5F, 0xD77F, 0xBF1F, 0xDF9F, 0xF7DF, 0xCF5F, 0xCF5F, 0xDF9F,
  0xC73F, 0xDF9F, 0xFFFF, 0xFFFF, 0xF7DF, 0xD75F, 0xAEBE, 0xAEBF, 0xAEBF, 0xB6DF, 0xB6FF, 0xB6DF,
  0xA6BF, 0x5E3F, 0x2374, 0x0000, 0x0000, 0x0000, 0x0000, 0x0000, 0x0000, 0x0000, 0x0000, 0x0000,
  0x0000, 0x0000, 0x0000, 0x0000, 0x0000, 0x0000, 0x0000, 0x0000, 0x0000, 0x0000, 0x0000, 0x0000,
  0x0000, 0x0000, 0x0000, 0x0000, 0x0000, 0x0000, 0x0000, 0x0000, 0x0000, 0x0000, 0x0000, 0x0000,
  0x0000, 0x0000, 0x0000, 0x0000, 0x0000, 0x0000, 0x0000, 0x0000, 0x0000, 0x0000, 0x0000, 0x0000,
  0x0000, 0x0000, 0x0000, 0x0000, 0x0000, 0x0000, 0x0000, 0x0000, 0x0000, 0x0000, 0x0000, 0x0000,
  0x0000, 0x0000, 0x0000, 0x0000, 0x0000, 0x0000, 0x0000, 0x0083, 0x34BA, 0x8DFF, 0xCDFD, 0xC61E,
  0xBDFE, 0xB59D, 0xA55C, 0xA53C, 0xA55C, 0xAD9D, 0xB59D, 0xB59D, 0xAD7D, 0xA51C, 0x94BB, 0x94DB,
  0x94FB, 0x8CBB, 0x7C59, 0x7C59, 0x8C9A, 0x94BB, 0x94DB, 0x94DB, 0x94DB, 0x94BB, 0x94BC, 0x94BA,
  0x73F5, 0x428E, 0x2A2B, 0x5BF7, 0x6BD8, 0x63B8, 0x63D6, 0x53F3, 0x5433, 0x6494, 0x5C12, 0x5BF2,
  0x53B1, 0x53B1, 0x5C53, 0x5412, 0x4BD1, 0x2AEE, 0x3BB1, 0x1168, 0x0042, 0x08C5, 0x0947, 0x08C5,
  0x08C4, 0x08A4, 0x08A4, 0x08C5, 0x08C5, 0x08C4, 0x08C5, 0x08C5, 0x21A8, 0x19CA, 0x224D, 0x1A0C,
  0x11CA, 0x2A6D, 0x222B, 0x3ACE, 0x328D, 0x2A4B, 0x2A6C, 0x2A6D, 0x11CB, 0x0128, 0x0128, 0x00E7,
  0x6455, 0x9DFC, 0x857A, 0x5C15, 0x3B10, 0x4351, 0x32AF, 0x19AA, 0x32F0, 0x228F, 0x226E, 0x4351,
  0x6CB7, 0x6476, 0x7CF8, 0x74B6, 0x7D17, 0x8539, 0x9DDB, 0xA61C, 0xAE3C, 0xC6DD, 0xE77F, 0xC6FD,
  0x9E3B, 0x9E1B, 0x9E7E, 0x8E1E, 0x861D, 0x8E1D, 0x8E3D, 0x9E9F, 0xBF1F, 0xC73F, 0xC73F, 0xBF3F,
  0xBF1F, 0xB6FF, 0xA6BF, 0x965E, 0xA6BF, 0xAEDF, 0x965E, 0x861D, 0x861E, 0xA69F, 0xE7BF, 0xFFFF,
  0xCF5F, 0x9E9F, 0x967F, 0xA6BF, 0xAEDF, 0xA6BF, 0x965E, 0x861E, 0x863E, 0x9E9F, 0xA6DF, 0xAEFF,
  0x9E7E, 0x965F, 0x9E9F, 0xB6FF, 0xB6FF, 0xAEDF, 0xA6BF, 0x9E9F, 0xA6BF, 0xBF1F, 0xBF1F, 0xBF1F,
  0xB6FF, 0xBF1F, 0xCF5F, 0xC73F, 0xDF7F, 0xD77F, 0xC73F, 0xDF9F, 0xEFDF, 0xDF9F, 0xCF5F, 0xCF5F,
  0xC73F, 0xE79F, 0xFFFF, 0xFFFF, 0xFFFF, 0xFFFF, 0xF7DF, 0xCF3F, 0xCF3F, 0xDF9F, 0xE79F, 0xD75E,
  0x5E3F, 0x1BB6, 0x0020, 0x0000, 0x0000, 0x0000, 0x0000, 0x0000, 0x0000, 0x0000, 0x0000, 0x0000,
  0x0000, 0x0000, 0x0000, 0x0000, 0x0000, 0x0000, 0x0000, 0x0000, 0x0000, 0x0000, 0x0000, 0x0000,
  0x0000, 0x0000, 0x0000, 0x0000, 0x0000, 0x0000, 0x0000, 0x0000, 0x0000, 0x0000, 0x0000, 0x0000,
  0x0000, 0x0000, 0x0000, 0x0000, 0x0000, 0x0000, 0x0000, 0x0000, 0x0000, 0x0000, 0x0000, 0x0000,
  0x0000, 0x0000, 0x0000, 0x0000, 0x0000, 0x0000, 0x0000, 0x0000, 0x0000, 0x0000, 0x0000, 0x0000,
  0x0000, 0x0000, 0x0000, 0x0000, 0x0000, 0x0000, 0x0000, 0x0000, 0x08A3, 0x34DB, 0x961F, 0xD61E,
  0xC61E, 0xBDDE, 0xB59D, 0xAD9D, 0xAD9D, 0xB59D, 0xB59E, 0xA53C, 0x8C98, 0x7416, 0x7C58, 0x94DA,
  0x9D3C, 0x9D1B, 0x94DB, 0x9CFB, 0x9CFC, 0x94DC, 0x94DB, 0x94DB, 0x94BB, 0x94BB, 0x8459, 0x6373,
  0x3A6D, 0x1906, 0x2A2C, 0x42F1, 0x6B96, 0x7C39, 0x5BB5, 0x3B10, 0x3B4F, 0x4390, 0x5412, 0x5412,
  0x43B2, 0x43B2, 0x3B70, 0x2AAD, 0x3B70, 0x1147, 0x1988, 0x21EA, 0x10E5, 0x1105, 0x1105, 0x10E5,
  0x08E5, 0x10E5, 0x1106, 0x1106, 0x08C5, 0x08E6, 0x08E5, 0x2167, 0x7C94, 0x7C94, 0x5B90, 0x42EE,
  0x2A4B, 0x326C, 0x0948, 0x1189, 0x32AE, 0x3B10, 0x1A0C, 0x222C, 0x11AA, 0x098A, 0x00C6, 0x0107,
  0x63B0, 0xADF9, 0xBEBC, 0xAE3C, 0x9DFB, 0x95DB, 0x74D7, 0x53D4, 0x4372, 0x3B11, 0x3310, 0x2A6E,
  0x6455, 0x6435, 0x6C96, 0x6434, 0x6C96, 0x74D7, 0x8D9A, 0x74F8, 0x7D38, 0x95DA, 0xA61B, 0x95FA,
  0x9E3C, 0xBEDE, 0xD77F, 0xB6DF, 0x861E, 0x8E3E, 0xAEDF, 0xBF1F, 0xC71F, 0xB6FF, 0xAEDF, 0xAEBF,
  0xA69E, 0x9E7E, 0x965E, 0x9E9F, 0x9E9F, 0x8E3E, 0x861D, 0x861D, 0xA6BF, 0xD77F, 0xDF9F, 0xEFBF,
  0xEFDF, 0xC73F, 0xB71F, 0xB6FF, 0xB6FF, 0xB6FF, 0xAEDF, 0xA6BF, 0xB71F, 0xBF1F, 0xBF1F, 0x967F,
  0x8E3E, 0x9E9F, 0xB6FF, 0xBF1F, 0xAEDF, 0xA6BF, 0x9E9F, 0xA6BF, 0xB6FF, 0xBF1F, 0xBF1F, 0xBF1F,
  0xB6FF, 0xCF5F, 0xD77F, 0xDF7F, 0xE79F, 0xE7BF, 0xD75F, 0xD77F, 0xEFBF, 0xCF5F, 0xC73F, 0xCF3F,
  0xCF3F, 0xE79F, 0xE79F, 0xDF5F, 0xCF1E, 0xCF1E, 0xDF3E, 0xD73E, 0xAE1B, 0x9DDA, 0x9598, 0x55FF,
  0x1BF7, 0x0021, 0x0000, 0x0000, 0x0000, 0x0000, 0x0000, 0x0000, 0x0000, 0x0000, 0x0000, 0x0000,
  0x0000, 0x0000, 0x0000, 0x0000, 0x0000, 0x0000, 0x0000, 0x0000, 0x0000, 0x0000, 0x0000, 0x0000,
  0x0000, 0x0000, 0x0000, 0x0000, 0x0000, 0x0000, 0x0000, 0x0000, 0x0000, 0x0000, 0x0000, 0x0000,
  0x0000, 0x0000, 0x0000, 0x0000, 0x0000, 0x0000, 0x0000, 0x0000, 0x0000, 0x0000, 0x0000, 0x0000,
  0x0000, 0x0000, 0x0000, 0x0000, 0x0000, 0x0000, 0x0000, 0x0000, 0x0000, 0x0000, 0x0000, 0x0000,
  0x0000, 0x0000, 0x0000, 0x0000, 0x0000, 0x0000, 0x0000, 0x0000, 0x0000, 0x08C4, 0x3CFC, 0x9E3F,
  0xCE1E, 0xC61E, 0xBDFE, 0xBDDE, 0xB5BE, 0xB5BD, 0xA55C, 0x8457, 0x4AEF, 0x29CA, 0x2A2B, 0x5B71,
  0x8CB8, 0xA53C, 0xA53C, 0xA53C, 0x9D1C, 0x9CFC, 0x94DB, 0x94DB, 0x94DB, 0x94BB, 0x7C58, 0x6372,
  0x42CF, 0x2167, 0x2167, 0x52CF, 0x8439, 0x845A, 0x63D7, 0x328F, 0x224B, 0x21C9, 0x3ACD, 0x4B90,
  0x332F, 0x332F, 0x19E9, 0x1147, 0x2A8C, 0x1105, 0x08A4, 0x19A8, 0x1106, 0x08E5, 0x08C4, 0x08C4,
  0x08C5, 0x10E5, 0x1106, 0x1105, 0x08E6, 0x1106, 0x08E5, 0x42AC, 0x8D37, 0x9DB9, 0x9537, 0x84D5,
  0x9D78, 0x9D78, 0x8D16, 0x7432, 0x5BD1, 0x42EE, 0x19EB, 0x1168, 0x0948, 0x098A, 0x11EC, 0x220B,
  0x19CA, 0x328D, 0x430F, 0x6C12, 0x7C94, 0x9D98, 0xC6BD, 0xC6DD, 0xAE3C, 0xAE5D, 0x9DFB, 0x74F8,
  0x5C35, 0x3B52, 0x53F4, 0x5414, 0x5C14, 0x6434, 0x6C96, 0x74D7, 0x6C76, 0x6475, 0x74B7, 0x7CF7,
  0x9599, 0x95DA, 0xA63C, 0xAE5C, 0x9E5D, 0x9E7E, 0x9E7E, 0x965E, 0x965E, 0x8E3E, 0x8E3E, 0x8E3D,
  0x861D, 0x8E3D, 0x965E, 0x9E7E, 0x965E, 0x85FD, 0x7DFD, 0xA6BF, 0xE7BF, 0xFFFF, 0xCF5F, 0xBF1F,
  0xD77F, 0xCF5F, 0xCF5F, 0xC73F, 0xBF1F, 0xBF1F, 0xBF1F, 0xBF3F, 0xC73F, 0xC73F, 0x9E9F, 0x8E3E,
  0xAEBF, 0xBF1F, 0xBF1F, 0xAEDF, 0x9E9F, 0x9E9F, 0xA6BF, 0xAEFF, 0xBF1F, 0xC73F, 0xC73F, 0xBEFF,
  0xBF1F, 0xDF9F, 0xEFBF, 0xEFBF, 0xF7DF, 0xF7DF, 0xD77F, 0xDF7F, 0xF7DF, 0xD77F, 0xCF5F, 0xCF5F,
  0xC6FE, 0xBEBD, 0xB67C, 0xB67C, 0x9DBA, 0x9DDB, 0x95BA, 0x95BA, 0x9579, 0x7CF7, 0x457E, 0x2437,
  0x0041, 0x0000, 0x0000, 0x0000, 0x0000, 0x0000, 0x0000, 0x0000, 0x0000, 0x0000, 0x0000, 0x0000,
  0x0000, 0x0000, 0x0000, 0x0000, 0x0000, 0x0000, 0x0000, 0x0000, 0x0000, 0x0000, 0x0000, 0x0000,
  0x0000, 0x0000, 0x0000, 0x0000, 0x0000, 0x0000, 0x0000, 0x0000, 0x0000, 0x0000, 0x0000, 0x0000,
  0x0000, 0x0000, 0x0000, 0x0000, 0x0000, 0x0000, 0x0000, 0x0000, 0x0000, 0x0000, 0x0000, 0x0000,
  0x0000, 0x0000, 0x0000, 0x0000, 0x0000, 0x0000, 0x0000, 0x0000, 0x0000, 0x0000, 0x0000, 0x0000,
  0x0000, 0x0000, 0x0000, 0x0000, 0x0000, 0x0000, 0x0000, 0x0000, 0x0020, 0x0000, 0x08E5, 0x3D1C,
  0x961F, 0xCDFD, 0xC61E, 0xC5FE, 0xBDFE, 0xB5BE, 0x94F9, 0x63B2, 0x322B, 0x1967, 0x29C9, 0x5B71,
  0x9CF9, 0xB57D, 0xAD7C, 0xA55C, 0xA51C, 0x9CFC, 0x9CDC, 0x94DB, 0x8479, 0x6BB4, 0x5311, 0x426D,
  0x322B, 0x2A4C, 0x428E, 0x73D6, 0x8C9C, 0x8C9C, 0x6BD7, 0x3A6E, 0x2A4B, 0x1168, 0x19C9, 0x330E,
  0x32EE, 0x224B, 0x1126, 0x1126, 0x1A0A, 0x0905, 0x08A4, 0x08C5, 0x08C5, 0x00A4, 0x0064, 0x0084,
  0x00A5, 0x00A5, 0x0064, 0x0001, 0x0001, 0x0042, 0x0064, 0x5371, 0x9579, 0x9558, 0x9D99, 0x9DBA,
  0x9DDA, 0xB63B, 0xB61A, 0x9D56, 0xA5D8, 0x84B4, 0x84B4, 0x7432, 0x534F, 0x534F, 0x4B50, 0x328D,
  0x1189, 0x00A6, 0x0086, 0x0969, 0x19EA, 0x2A4C, 0x5371, 0x6C13, 0x7C94, 0x9D57, 0xB63A, 0xBE9C,
  0xBEBC, 0xA5FB, 0x8D79, 0x8D79, 0x74B6, 0x5C14, 0x53B2, 0x4B71, 0x53F3, 0x5C14, 0x6434, 0x6C54,
  0x7CD6, 0x7D18, 0x5C35, 0x6CB7, 0x8538, 0xAE7C, 0xB6DF, 0xAEBF, 0xA69E, 0x8E3E, 0x85FD, 0x861D,
  0x965D, 0x8E3D, 0x8E3D, 0x8E3E, 0x965E, 0x965E, 0xA6BF, 0xDF7F, 0xF7DF, 0xFFFF, 0xEFBF, 0xA69F,
  0xA6BF, 0xB6DF, 0xB6FF, 0xAEDF, 0xAEDF, 0xB6FF, 0xB71F, 0xB6FF, 0xAEDF, 0x9E7E, 0x965E, 0xB6FF,
  0xCF5F, 0xC73F, 0xAEDF, 0xA6BF, 0x9E9F, 0x9EBF, 0xB6FF, 0xBF3F, 0xC75F, 0xC73F, 0xC73F, 0xC73F,
  0xC73F, 0xF7DF, 0xFFFF, 0xFFFF, 0xF7DF, 0xE7BF, 0xD75F, 0xC73F, 0xEFBF, 0xFFFF, 0xEFDF, 0xD73E,
  0xAE5C, 0x9DDB, 0x9DDB, 0x9DBA, 0xA61B, 0x9579, 0x8518, 0x8D58, 0x959A, 0x55DF, 0x23F7, 0x0041,
  0x0000, 0x0000, 0x0000, 0x0000, 0x0000, 0x0000, 0x0000, 0x0000, 0x0000, 0x0000, 0x0000, 0x0000,
  0x0000, 0x0000, 0x0000, 0x0000, 0x0000, 0x0000, 0x0000, 0x0000, 0x0000, 0x0000, 0x0000, 0x0000,
  0x0000, 0x0000, 0x0000, 0x0000, 0x0000, 0x0000, 0x0000, 0x0000, 0x0000, 0x0000, 0x0000, 0x0000,
  0x0000, 0x0000, 0x0000, 0x0000, 0x0000, 0x0000, 0x0000, 0x0000, 0x0000, 0x0000, 0x0000, 0x0000,
  0x0000, 0x0000, 0x0000, 0x0000, 0x0000, 0x0000, 0x0000, 0x0000, 0x0000, 0x0000, 0x0000, 0x0000,
  0x0000, 0x0000, 0x0000, 0x0000, 0x0000, 0x0000, 0x0000, 0x0000, 0x0000, 0x0000, 0x0000, 0x08C5,
  0x34FC, 0x8DDF, 0xC5DD, 0xC61E, 0xC61E, 0xBDDE, 0x8CB8, 0x4ACF, 0x1947, 0x1106, 0x320A, 0x73D2,
  0xAD5B, 0xB59D, 0xAD7D, 0xAD5C, 0xA53C, 0xA51C, 0x9CFC, 0x8437, 0x5B31, 0x322B, 0x1126, 0x08A4,
  0x10E5, 0x3A4C, 0x6375, 0x845B, 0x8CBC, 0x94BC, 0x7C3A, 0x4B12, 0x3AEE, 0x1988, 0x1167, 0x1988,
  0x1988, 0x1988, 0x19A9, 0x19C9, 0x19A9, 0x00A4, 0x0064, 0x0084, 0x0064, 0x0084, 0x0084, 0x0084,
  0x0084, 0x0084, 0x0084, 0x0084, 0x0084, 0x0084, 0x1947, 0x7CD8, 0x8D5A, 0x84F7, 0x9D37, 0xB61B,
  0x9D98, 0x9D78, 0x8D16, 0xA598, 0xBE9C, 0x7C74, 0x9557, 0xAE1A, 0x9578, 0x8D37, 0xADFA, 0x8D37,
  0x9557, 0x6BF2, 0x4B2F, 0x4B30, 0x328D, 0x0969, 0x0107, 0x0169, 0x1A0B, 0x42EF, 0x63F2, 0x9D98,
  0xADF9, 0xA5B8, 0x9D98, 0xB65B, 0xB65C, 0xA5FB, 0x9DBA, 0x8538, 0x8559, 0x74B6, 0x6C55, 0x5C35,
  0x4BB3, 0x4BB2, 0x53B3, 0x5C14, 0x6435, 0x7CD7, 0x7CF7, 0x9DFA, 0xAE7C, 0xAE9E, 0xA6BF, 0xDF9F,
  0xF7FF, 0xD77F, 0xB6FF, 0xBF1F, 0xD77F, 0xEFDF, 0xF7DF, 0xF7FF, 0xF7FF, 0xF7DF, 0xFFFF, 0xD75F,
  0x9E7F, 0x9E7E, 0x9E9F, 0x9E7F, 0x9E7F, 0x9E9F, 0x9E9F, 0x9E7E, 0x8E1E, 0x967E, 0xB71F, 0xD77F,
  0xEFBF, 0xD75F, 0xBF1F, 0xBF1F, 0xBEFF, 0xB6DE, 0xCF3E, 0xE7BF, 0xD77F, 0xCF5F, 0xD75F, 0xD77F,
  0xD77F, 0xF7DF, 0xFFFF, 0xFFFF, 0xEFDF, 0xDF9F, 0xD77F, 0xC71F, 0xBEFF, 0xD73E, 0xB65C, 0x959A,
  0x95BA, 0x95BA, 0x9DDB, 0x95BA, 0x9DDA, 0x8538, 0x8D38, 0x74F8, 0x459F, 0x1BD6, 0x0021, 0x0000,
  0x0000, 0x0000, 0x0000, 0x0000, 0x0000, 0x0000, 0x0000, 0x0000, 0x0000, 0x0000, 0x0000, 0x0000,
  0x0000, 0x0000, 0x0000, 0x0000, 0x0000, 0x0000, 0x0000, 0x0000, 0x0000, 0x0000, 0x0000, 0x0000,
  0x0000, 0x0000, 0x0000, 0x0000, 0x0000, 0x0000, 0x0000, 0x0000, 0x0000, 0x0000, 0x0000, 0x0000,
  0x0000, 0x0000, 0x0000, 0x0000, 0x0000, 0x0000, 0x0000, 0x0000, 0x0000, 0x0000, 0x0000, 0x0000,
  0x0000, 0x0000, 0x0000, 0x0000, 0x0000, 0x0000, 0x0000, 0x0000, 0x0000, 0x0000, 0x0000, 0x0000,
  0x0000, 0x0000, 0x0000, 0x0000, 0x0000, 0x0000, 0x0000, 0x0000, 0x0000, 0x0000, 0x0000, 0x0000,
  0x08C4, 0x34DB, 0x85FF, 0xCDFE, 0xC63E, 0xBDFE, 0x94FA, 0x6373, 0x3A4D, 0x3A4C, 0x6370, 0x94D8,
  0xB5BD, 0xB59D, 0xB57D, 0xAD7D, 0xAD5C, 0xA51C, 0x8478, 0x5B30, 0x29A9, 0x08A4, 0x0063, 0x0063,
  0x08E6, 0x3A4E, 0x7C19, 0x8C9C, 0x8C9C, 0x8C9C, 0x845B, 0x5B33, 0x2189, 0x08E5, 0x08A4, 0x0063,
  0x00A5, 0x08A4, 0x08E6, 0x08C5, 0x10E5, 0x1106, 0x10E5, 0x08C5, 0x08A4, 0x0884, 0x08C5, 0x10E5,
  0x1106, 0x1926, 0x1946, 0x2146, 0x2146, 0x1925, 0x320A, 0x84D7, 0x7CB6, 0x84D6, 0xB61B, 0xC67D,
  0x9558, 0x8CF5, 0x9537, 0xA5B8, 0xBE5B, 0x8D37, 0x9599, 0x9557, 0x7CB5, 0x9DBA, 0xC6BD, 0xAE1A,
  0xB65B, 0x9D78, 0x9557, 0x9537, 0x8CF6, 0x84D5, 0x7432, 0x6C33, 0x9DB9, 0x84F6, 0x63F2, 0x4350,
  0x5BD1, 0x7432, 0x7453, 0x6C53, 0x7CB5, 0x8D16, 0x9D98, 0xA5B9, 0xAE1A, 0xBE7C, 0xC6DD, 0xAE5C,
  0x8D59, 0x74D7, 0x74D7, 0x6C96, 0x53F4, 0x4B92, 0x53D3, 0x6455, 0x6C75, 0x7CF7, 0x8538, 0x9579,
  0x95BA, 0xA5FB, 0xA61B, 0xAE3B, 0xA5DA, 0xBE7B, 0xBEBC, 0xBE9C, 0xBE9C, 0xB65C, 0xC6DD, 0xCF1E,
  0xBEFF, 0x9E9F, 0x965E, 0x965E, 0x965E, 0x8E3E, 0x8E1E, 0x8E3E, 0xA69F, 0xBF1F, 0xD77F, 0xE7BF,
  0xDF7F, 0xCF5F, 0xD75F, 0xCF3F, 0xBEFE, 0x85B9, 0x8599, 0xBEFE, 0xCF5F, 0xD77F, 0xE79F, 0xF7DF,
  0xEFDF, 0xF7FF, 0xFFFF, 0xFFFF, 0xF7FF, 0xEFDF, 0xE7BF, 0xCF3F, 0xB65C, 0x9DDA, 0x9579, 0x95BA,
  0x8D7A, 0x8559, 0x8D58, 0x7CF7, 0x7D18, 0x8517, 0x7D18, 0x45BF, 0x1B95, 0x0000, 0x0000, 0x0000,
  0x0000, 0x0000, 0x0000, 0x0000, 0x0000, 0x0000, 0x0000, 0x0000, 0x0000, 0x0000, 0x0000, 0x0000,
  0x0000, 0x0000, 0x0000, 0x0000, 0x0000, 0x0000, 0x0000, 0x0000, 0x0000, 0x0000, 0x0000, 0x0000,
  0x0000, 0x0000, 0x0000, 0x0000, 0x0000, 0x0000, 0x0000, 0x0000, 0x0000, 0x0000, 0x0000, 0x0000,
  0x0000, 0x0000, 0x0000, 0x0000, 0x0000, 0x0000, 0x0000, 0x0000, 0x0000, 0x0000, 0x0000, 0x0000,
  0x0000, 0x0000, 0x0000, 0x0000, 0x0000, 0x0000, 0x0000, 0x0000, 0x0000, 0x0000, 0x0000, 0x0000,
  0x0000, 0x0000, 0x0000, 0x0000, 0x0000, 0x0000, 0x0000, 0x0000, 0x0000, 0x0000, 0x0000, 0x0000,
  0x0000, 0x08C4, 0x34BA, 0x8E3F, 0xCE1E, 0xB5DE, 0x9D1C, 0x8477, 0x6BD4, 0x6BD3, 0x8C97, 0xAD7B,
  0xBDBD, 0xB5BD, 0xB59D, 0xAD5C, 0x9D1B, 0x94DA, 0x7C36, 0x5310, 0x29C9, 0x1105, 0x08A4, 0x00A4,
  0x1106, 0x4AB0, 0x847B, 0x8CBC, 0x8CBC, 0x8C9C, 0x845C, 0x6396, 0x324D, 0x1947, 0x1105, 0x1105,
  0x1105, 0x1106, 0x1105, 0x1105, 0x1105, 0x1926, 0x1926, 0x1926, 0x1105, 0x10E5, 0x1105, 0x1105,
  0x1105, 0x1105, 0x1126, 0x1106, 0x1107, 0x0928, 0x1189, 0x532F, 0x63B0, 0x7C73, 0x8CF5, 0x8CF6,
  0x9538, 0xA5D9, 0xBE5B, 0xBE9C, 0xBE5B, 0x953A, 0x955A, 0x9D78, 0xA598, 0xAE1B, 0xA5DA, 0xA5B9,
  0xADD9, 0xA5B9, 0xA5D9, 0x9557, 0x9D98, 0xAE1A, 0xC69C, 0xCEBD, 0xB63B, 0x84D5, 0x6C12, 0x42EE,
  0x5BB1, 0x7473, 0x6C12, 0x5B90, 0x6C12, 0x7494, 0x8D37, 0x9D78, 0x8D16, 0x9516, 0xA5B8, 0x9D77,
  0xA5B8, 0xB63A, 0xBE9C, 0xB65C, 0xB65C, 0x9DDB, 0x9DFB, 0x9579, 0x74D6, 0x6434, 0x4331, 0x32CF,
  0x4371, 0x4371, 0x53D3, 0x53D3, 0x32F0, 0x53F4, 0x7D38, 0x6C76, 0x74B6, 0x6C76, 0x6475, 0x7CF8,
  0x95BA, 0x8579, 0x95FC, 0xBEFF, 0xD77F, 0xC73F, 0xBF1F, 0xBF3F, 0xD79F, 0xF7DF, 0xFFFF, 0xE7BF,
  0xE7BF, 0xF7DF, 0xFFFF, 0xEFBF, 0xDF7F, 0x9E1B, 0x7578, 0x963B, 0x9E5C, 0xB6DE, 0xCF3F, 0xF7DF,
  0xF7DF, 0xEFBF, 0xEF9F, 0xDF5F, 0xDF5F, 0xC6DD, 0xAE5C, 0x95BA, 0x9599, 0x9DB9, 0x9DB9, 0x9599,
  0x8538, 0x8538, 0x8518, 0x74B6, 0x7CF7, 0x7519, 0x3D9F, 0x1B33, 0x0000, 0x0000, 0x0000, 0x0000,
  0x0000, 0x0000, 0x0000, 0x0000, 0x0000, 0x0000, 0x0000, 0x0000, 0x0000, 0x0000, 0x0000, 0x0000,
  0x0000, 0x0000, 0x0000, 0x0000, 0x0000, 0x0000, 0x0000, 0x0000, 0x0000, 0x0000, 0x0000, 0x0000,
  0x0000, 0x0000, 0x0000, 0x0000, 0x0000, 0x0000, 0x0000, 0x0000, 0x0000, 0x0000, 0x0000, 0x0000,
  0x0000, 0x0000, 0x0000, 0x0000, 0x0000, 0x0000, 0x0000, 0x0000, 0x0000, 0x0000, 0x0000, 0x0000,
  0x0000, 0x0000, 0x0000, 0x0000, 0x0000, 0x0000, 0x0000, 0x0000, 0x0000, 0x0000, 0x0000, 0x0000,
  0x0000, 0x0000, 0x0000, 0x0000, 0x0000, 0x0000, 0x0000, 0x0000, 0x0000, 0x0000, 0x0000, 0x0000,
  0x0000, 0x0000, 0x0062, 0x3458, 0x7E3F, 0xAD7C, 0x9D1B, 0x8CB9, 0x8CB8, 0x9D1A, 0xAD7C, 0xB5BD,
  0xB5BD, 0xB5BD, 0xAD7C, 0x8C97, 0x73F4, 0x6372, 0x5310, 0x4ACF, 0x3A6D, 0x320B, 0x29C9, 0x2188,
  0x31EA, 0x5B33, 0x845B, 0x8CBC, 0x8CBC, 0x8C9C, 0x8C7C, 0x7419, 0x52D0, 0x29A8, 0x2146, 0x2146,
  0x1946, 0x1926, 0x10E5, 0x10E5, 0x1105, 0x10E5, 0x1105, 0x1905, 0x1105, 0x1106, 0x1106, 0x1127,
  0x1189, 0x42EE, 0x3ACE, 0x2A8E, 0x226E, 0x19EC, 0x0907, 0x1968, 0x534F, 0x63D1, 0x5BB0, 0x5B8F,
  0x63D1, 0x7453, 0x7473, 0x6C33, 0x6C12, 0x63D3, 0x7455, 0x9557, 0xA5B8, 0xA598, 0x9558, 0x957A,
  0xADFB, 0xCEDD, 0xB65B, 0x8D16, 0xBE5B, 0xC6BC, 0xB61B, 0xBE5D, 0xBE5C, 0xADFA, 0xB63A, 0xB63A,
  0xA5B9, 0x8D17, 0x7C94, 0x6C12, 0x7453, 0x9558, 0x84B4, 0x6C12, 0x63D1, 0x5BB0, 0x63B0, 0x6BF2,
  0x7C73, 0x84B4, 0x84D5, 0x84D5, 0x8D36, 0x9537, 0xADD9, 0xAE1A, 0xAE3B, 0xB65C, 0x9DFB, 0x9DFB,
  0x95BA, 0x6C76, 0x6475, 0x53D3, 0x4B92, 0x53D3, 0x5BF4, 0x4B92, 0x5C34, 0x5C14, 0x4BB2, 0x53D3,
  0x5C55, 0x6C75, 0x74D7, 0x7CF8, 0x8D79, 0x9DB9, 0x9DDA, 0xA61B, 0xBEBC, 0xD71E, 0xDF5E, 0xD75F,
  0xD73F, 0xD75F, 0xE77F, 0xE79F, 0xEF9F, 0xDF7F, 0xA67C, 0x85B9, 0x8DFA, 0xA69C, 0xCF3E, 0xDF7F,
  0xD75F, 0xC6BE, 0xB67D, 0xAE3C, 0xA61C, 0x9DDA, 0x95BA, 0x8539, 0x95BA, 0x9599, 0x8D58, 0x8D58,
  0x9579, 0x8538, 0x74D7, 0x74B6, 0x54B8, 0x357F, 0x1AB0, 0x0000, 0x0000, 0x0000, 0x0000, 0x0000,
  0x0000, 0x0000, 0x0000, 0x0000, 0x0000, 0x0000, 0x0000, 0x0000, 0x0000, 0x0000, 0x0000, 0x0000,
  0x0000, 0x0000, 0x0000, 0x0000, 0x0000, 0x0000, 0x0000, 0x0000, 0x0000, 0x0000, 0x0000, 0x0000,
  0x0000, 0x0000, 0x0000, 0x0000, 0x0000, 0x0000, 0x0000, 0x0000, 0x0000, 0x0000, 0x0000, 0x0000,
  0x0000, 0x0000, 0x0000, 0x0000, 0x0000, 0x0000, 0x0000, 0x0000, 0x0000, 0x0000, 0x0000, 0x0000,
  0x0000, 0x0000, 0x0000, 0x0000, 0x0000, 0x0000, 0x0000, 0x0000, 0x0000, 0x0000, 0x0000, 0x0000,
  0x0000, 0x0000, 0x0000, 0x0000, 0x0000, 0x0000, 0x0000, 0x0000, 0x0000, 0x0000, 0x0000, 0x0000,
  0x0000, 0x0000, 0x0000, 0x0041, 0x2BD5, 0x65DF, 0x8477, 0x7C15, 0x8C98, 0xA55B, 0xB5BD, 0xAD9D,
  0xB59D, 0xAD9D, 0x94F9, 0x73D3, 0x4AAE, 0x3A2B, 0x426D, 0x5B10, 0x73F4, 0x7C15, 0x6B92, 0x5B10,
  0x5B31, 0x6BB7, 0x847C, 0x8C9C, 0x94BC, 0x94BC, 0x94BC, 0x7C3A, 0x4A8F, 0x2167, 0x1905, 0x1926,
  0x1926, 0x1905, 0x1905, 0x1905, 0x1926, 0x1127, 0x08E6, 0x1127, 0x21EB, 0x220B, 0x098A, 0x0108,
  0x0108, 0x09AB, 0x09AB, 0x11AA, 0x19CA, 0x19A9, 0x0927, 0x11AA, 0x53B2, 0x3AF0, 0x1A2D, 0x19EB,
  0x2A4C, 0x19EA, 0x3A8C, 0x4AED, 0x4B0E, 0x532E, 0x63B0, 0x6C12, 0x7432, 0x7453, 0x7453, 0x7CB5,
  0x9537, 0xBE5B, 0xBE5B, 0xC69C, 0xE77F, 0xD6FD, 0xADFA, 0xADDD, 0xB63D, 0xB65C, 0xBE7C, 0xC6BC,
  0xA5D9, 0x84F7, 0x8D17, 0x9578, 0xA5DA, 0xC6BD, 0x84D5, 0x5B90, 0x5BB0, 0x534F, 0x4AED, 0x63B0,
  0x7453, 0x7453, 0x7453, 0x7C94, 0x7433, 0x7453, 0x7C94, 0x7474, 0x84D6, 0x84F6, 0x8D16, 0x9D98,
  0xA5B8, 0xA5B9, 0xB63B, 0xAE3B, 0xAE3B, 0xAE3C, 0x7D18, 0x74F8, 0x6476, 0x53F3, 0x4B92, 0x3B30,
  0x4BB2, 0x53F3, 0x5C14, 0x4B92, 0x53D3, 0x6C75, 0x6455, 0x6455, 0x7D18, 0x6C96, 0x7D18, 0x8559,
  0x8D79, 0x8559, 0x8D79, 0x95BA, 0x8D9A, 0xAE7D, 0xB69D, 0xAE5C, 0xA65C, 0x9E1B, 0xA61C, 0xB65C,
  0xA61B, 0x8D79, 0x8539, 0x8518, 0x8D58, 0x9599, 0x7D18, 0x74D7, 0x74B6, 0x74D7, 0x74D7, 0x74B6,
  0x6455, 0x74B6, 0x7CB6, 0x5D1B, 0x2D5F, 0x120C, 0x0000, 0x0000, 0x0000, 0x0000, 0x0000, 0x0000,
  0x0000, 0x0000, 0x0000, 0x0000, 0x0000, 0x0000, 0x0000, 0x0000, 0x0000, 0x0000, 0x0000, 0x0000,
  0x0000, 0x0000, 0x0000, 0x0000, 0x0000, 0x0000, 0x0000, 0x0000, 0x0000, 0x0000, 0x0000, 0x0000,
  0x0000, 0x0000, 0x0000, 0x0000, 0x0000, 0x0000, 0x0000, 0x0000, 0x0000, 0x0000, 0x0000, 0x0000,
  0x0000, 0x0000, 0x0000, 0x0000, 0x0000, 0x0000, 0x0000, 0x0000, 0x0000, 0x0000, 0x0000, 0x0000,
  0x0000, 0x0000, 0x0000, 0x0000, 0x0000, 0x0000, 0x0000, 0x0000, 0x0000, 0x0000, 0x0000, 0x0000,
  0x0000, 0x0000, 0x0000, 0x0000, 0x0000, 0x0000, 0x0000, 0x0000, 0x0000, 0x0000, 0x0000, 0x0000,
  0x0000, 0x0000, 0x0000, 0x0000, 0x0000, 0x2352, 0x4D7E, 0x63D4, 0x73F4, 0x9D3A, 0xB5BE, 0xB5BD,
  0xB5BD, 0xAD9D, 0x8CB8, 0x5B51, 0x320A, 0x1926, 0x2188, 0x42AE, 0x7415, 0x9CF9, 0x94D9, 0x8437,
  0x7C38, 0x845A, 0x8C9C, 0x8C9C, 0x94DC, 0x94DC, 0x94DD, 0x7C19, 0x3A2D, 0x1106, 0x00A4, 0x00A5,
  0x00A5, 0x1967, 0x29E9, 0x220B, 0x224D, 0x224E, 0x11CC, 0x09AC, 0x224E, 0x3AEF, 0x328D, 0x19EB,
  0x11AB, 0x0149, 0x016A, 0x014A, 0x0108, 0x00E7, 0x0149, 0x0129, 0x0949, 0x0085, 0x00C7, 0x098B,
  0x09AB, 0x098A, 0x32AE, 0x3ACE, 0x11CB, 0x19AA, 0x430F, 0x42EE, 0x3AAD, 0x4B2F, 0x4B0E, 0x534F,
  0x4B0E, 0x63D1, 0x7C73, 0x9516, 0x9D77, 0xA599, 0xA59D, 0xB5DE, 0xB61D, 0xBE3C, 0xBE5C, 0xC67D,
  0xADBB, 0xAE1C, 0x9D99, 0x8CF6, 0xA5B9, 0xE75E, 0xADF9, 0x8D37, 0x7C95, 0x8D17, 0x7C95, 0x84F6,
  0x7CB6, 0x7CB5, 0x8D16, 0x84B4, 0x84D5, 0x5BD1, 0x4B2F, 0x4B4F, 0x5B90, 0x63F1, 0x7C74, 0x84B5,
  0x7C74, 0x6BF1, 0x7453, 0x8CF5, 0xA5D9, 0xBE7B, 0xC6BC, 0xBE7C, 0xAE5B, 0xAE3B, 0xAE3C, 0x95BA,
  0x8D59, 0x8538, 0x7D18, 0x6C75, 0x53D3, 0x4BB3, 0x5C14, 0x5C13, 0x5C14, 0x53F3, 0x53D2, 0x6455,
  0x7CF7, 0x7CD6, 0x7CF7, 0x7CF8, 0x6455, 0x6CB7, 0x7D18, 0x7CF7, 0x74D7, 0x7D18, 0x8518, 0x7CF7,
  0x7CF7, 0x7CF8, 0x74D7, 0x74B7, 0x74D7, 0x6455, 0x6455, 0x74B6, 0x74B6, 0x6C75, 0x6C75, 0x6C76,
  0x6C75, 0x6C34, 0x4D3C, 0x2CFD, 0x0968, 0x0000, 0x0000, 0x0000, 0x0000, 0x0000, 0x0000, 0x0000,
  0x0000, 0x0000, 0x0000, 0x0000, 0x0000, 0x0000, 0x0000, 0x0000, 0x0000, 0x0000, 0x0000, 0x0000,
  0x0000, 0x0000, 0x0000, 0x0000, 0x0000, 0x0000, 0x0000, 0x0000, 0x0000, 0x0000, 0x0000, 0x0000,
  0x0000, 0x0000, 0x0000, 0x0000, 0x0000, 0x0000, 0x0000, 0x0000, 0x0000, 0x0000, 0x0000, 0x0000,
  0x0000, 0x0000, 0x0000, 0x0000, 0x0000, 0x0000, 0x0000, 0x0000, 0x0000, 0x0000, 0x0000, 0x0000,
  0x0000, 0x0000, 0x0000, 0x0000, 0x0000, 0x0000, 0x0000, 0x0000, 0x0000, 0x0000, 0x0000, 0x0000,
  0x0000, 0x0000, 0x0000, 0x0000, 0x0000, 0x0000, 0x0000, 0x0000, 0x0000, 0x0000, 0x0000, 0x0000,
  0x0000, 0x0000, 0x0000, 0x0000, 0x0000, 0x0000, 0x1A6E, 0x3D5E, 0x6478, 0xA53A, 0xB5DE, 0xB5DD,
  0xB5DD, 0xADBD, 0x94D9, 0x5B72, 0x2A2C, 0x2189, 0x29C9, 0x3A4C, 0x5B30, 0x6BB2, 0x7BF4, 0x7C16,
  0x8C9A, 0x94DC, 0x94DC, 0x94DC, 0x9CDD, 0x94DC, 0x94BC, 0x6BD8, 0x3A6F, 0x198A, 0x0107, 0x00E7,
  0x00E7, 0x220B, 0x2A4D, 0x32D0, 0x4332, 0x4B32, 0x4B33, 0x32D1, 0x222E, 0x2A4D, 0x2A4C, 0x11CB,
  0x0107, 0x00C6, 0x0949, 0x1A0D, 0x2A6F, 0x2A8F, 0x11ED, 0x0108, 0x00A6, 0x00A5, 0x0128, 0x11CB,
  0x11AB, 0x0129, 0x00C7, 0x00C7, 0x00E7, 0x0129, 0x32F0, 0x11CC, 0x098A, 0x0969, 0x0948, 0x1168,
  0x1168, 0x220A, 0x4B50, 0x8CF7, 0x9D99, 0x6C15, 0x5BB5, 0x5372, 0x5BB2, 0x6C13, 0x7C95, 0x8CF6,
  0x9518, 0x9558, 0x9559, 0xA59A, 0xBE3C, 0xCE9D, 0x9516, 0x9537, 0x9D99, 0x9D78, 0x9D78, 0xAE1B,
  0x7CF7, 0x84D6, 0xC6BC, 0xC6BC, 0xAE1A, 0x84B5, 0x7453, 0x7C74, 0x6C11, 0x7C93, 0x7C94, 0x63F2,
  0x5B70, 0x6C12, 0x7C94, 0x8CF5, 0x8D16, 0x8CF6, 0x84D5, 0x7C94, 0x6C32, 0x7C53, 0x8CF5, 0x9D77,
  0xA5B9, 0xAE1A, 0xBE9C, 0xB67C, 0xAE5D, 0x9DFC, 0xA5FB, 0x95DA, 0x74F7, 0x6C76, 0x6434, 0x6455,
  0x6414, 0x6434, 0x5C14, 0x53D3, 0x4B92, 0x5C14, 0x6475, 0x6455, 0x6C96, 0x74B6, 0x6C75, 0x6455,
  0x74D7, 0x6C96, 0x5C34, 0x6435, 0x6455, 0x6434, 0x6C96, 0x74B7, 0x74B6, 0x6435, 0x5C14, 0x63F3,
  0x5C56, 0x4D9F, 0x2C9A, 0x08C4, 0x0000, 0x0020, 0x0000, 0x0000, 0x0000, 0x0000, 0x0000, 0x0000,
  0x0000, 0x0000, 0x0000, 0x0000, 0x0000, 0x0000, 0x0000, 0x0000, 0x0000, 0x0000, 0x0000, 0x0000,
  0x0000, 0x0000, 0x0000, 0x0000, 0x0000, 0x0000, 0x0000, 0x0000, 0x0000, 0x0000, 0x0000, 0x0000,
  0x0000, 0x0000, 0x0000, 0x0000, 0x0000, 0x0000, 0x0000, 0x0000, 0x0000, 0x0000, 0x0000, 0x0000,
  0x0000, 0x0000, 0x0000, 0x0000, 0x0000, 0x0000, 0x0000, 0x0000, 0x0000, 0x0000, 0x0000, 0x0000,
  0x0000, 0x0000, 0x0000, 0x0000, 0x0000, 0x0000, 0x0000, 0x0000, 0x0000, 0x0000, 0x0000, 0x0000,
  0x0000, 0x0000, 0x0000, 0x0000, 0x0000, 0x0000, 0x0000, 0x0000, 0x0000, 0x0000, 0x0000, 0x0000,
  0x0000, 0x0000, 0x0000, 0x0000, 0x0000, 0x0000, 0x0000, 0x1189, 0x3D5D, 0x85DF, 0xB57C, 0xB5BD,
  0xB5DE, 0xBDDE, 0xAD9D, 0x8C98, 0x5B73, 0x5331, 0x5310, 0x52EF, 0x428C, 0x3A0A, 0x424B, 0x52EF,
  0x7416, 0x94DC, 0x9D1D, 0x9D1D, 0x9D1D, 0x94DC, 0x8CBC, 0x7419, 0x5375, 0x2AB0, 0x098A, 0x0108,
  0x098A, 0x096A, 0x11ED, 0x3AD1, 0x5354, 0x6BD7, 0x6BF7, 0x5394, 0x2A8F, 0x19CB, 0x0969, 0x098A,
  0x0149, 0x00C6, 0x0128, 0x2A90, 0x4B54, 0x4312, 0x11CC, 0x096A, 0x098A, 0x0108, 0x0149, 0x0129,
  0x00E7, 0x00C6, 0x0128, 0x00C6, 0x00C6, 0x00A6, 0x0129, 0x11AB, 0x11EC, 0x0149, 0x00E6, 0x11AA,
  0x6413, 0x4B93, 0x32B1, 0x328F, 0x2A6E, 0x098B, 0x00E7, 0x0108, 0x0169, 0x098A, 0x0948, 0x11AA,
  0x4B2F, 0x5370, 0x7454, 0x9517, 0xA599, 0xA5BB, 0x8CFA, 0xA59A, 0xBE5B, 0xA5FA, 0xA5B9, 0xB5FB,
  0x84D6, 0x8D37, 0xCEFD, 0xCEFD, 0xADFA, 0x9D57, 0xADFA, 0xBE7C, 0x9D77, 0xA5B8, 0x7CB5, 0x63F3,
  0x7475, 0x9578, 0x8D16, 0x6C12, 0x532E, 0x63D0, 0x7432, 0x7453, 0x6C53, 0x7474, 0x7C95, 0x7C94,
  0x7C73, 0x7473, 0x84F5, 0x9D77, 0xA577, 0x9D77, 0xA5D9, 0xB63A, 0xBE9C, 0xBEBD, 0xC6FE, 0xBEDD,
  0x9DDB, 0x95DB, 0x7CF7, 0x6435, 0x74D6, 0x74B6, 0x5BF3, 0x5BF3, 0x5C34, 0x6434, 0x5C14, 0x53B3,
  0x4371, 0x53D3, 0x6C75, 0x8538, 0x6455, 0x53D3, 0x5BF3, 0x6434, 0x5C14, 0x5C14, 0x6C55, 0x5456,
  0x3D9F, 0x23B5, 0x0041, 0x0000, 0x0000, 0x0000, 0x0000, 0x0000, 0x0000, 0x0000, 0x0000, 0x0000,
  0x0000, 0x0000, 0x0000, 0x0000, 0x0000, 0x0000, 0x0000, 0x0000, 0x0000, 0x0000, 0x0000, 0x0000,
  0x0000, 0x0000, 0x0000, 0x0000, 0x0000, 0x0000, 0x0000, 0x0000, 0x0000, 0x0000, 0x0000, 0x0000,
  0x0000, 0x0000, 0x0000, 0x0000, 0x0000, 0x0000, 0x0000, 0x0000, 0x0000, 0x0000, 0x0000, 0x0000,
  0x0000, 0x0000, 0x0000, 0x0000, 0x0000, 0x0000, 0x0000, 0x0000, 0x0000, 0x0000, 0x0000, 0x0000,
  0x0000, 0x0000, 0x0000, 0x0000, 0x0000, 0x0000, 0x0000, 0x0000, 0x0000, 0x0000, 0x0000, 0x0000,
  0x0000, 0x0000, 0x0000, 0x0000, 0x0000, 0x0000, 0x0000, 0x0000, 0x0000, 0x0000, 0x0000, 0x0000,
  0x0000, 0x0000, 0x0000, 0x0000, 0x0000, 0x0000, 0x0000, 0x0000, 0x08E5, 0x34BA, 0x6DBF, 0xA53B,
  0xBDDD, 0xBDFE, 0xBDFE, 0xB5BE, 0x9D1B, 0x8CB9, 0x8C98, 0x6BD3, 0x3A4C, 0x1968, 0x1968, 0x326E,
  0x63F5, 0x8CDB, 0xA53D, 0xA53D, 0xA53D, 0x9CFD, 0x94BC, 0x7418, 0x4313, 0x1A2E, 0x226D, 0x4310,
  0x4B31, 0x4B52, 0x5373, 0x63B6, 0x7418, 0x847A, 0x7C59, 0x5BB5, 0x32D1, 0x19CB, 0x21EB, 0x11AB,
  0x0129, 0x098A, 0x1A0D, 0x4B33, 0x7418, 0x6BF7, 0x3AF1, 0x098A, 0x0108, 0x0108, 0x00C6, 0x0085,
  0x0085, 0x0928, 0x096A, 0x0129, 0x11AB, 0x1A0D, 0x32B0, 0x32B0, 0x19CC, 0x09AC, 0x094B, 0x2A91,
  0x7C9A, 0x4356, 0x3B31, 0x3AEE, 0x19EB, 0x0907, 0x00E6, 0x00C6, 0x00E8, 0x00E8, 0x00C7, 0x0086,
  0x2A2B, 0x5370, 0x7453, 0x7C94, 0x7CB4, 0x7474, 0x7455, 0x84B5, 0x9536, 0x8D17, 0xADFA, 0xADDB,
  0x8D19, 0xA61B, 0xCEDE, 0xA59A, 0xA599, 0xB5F9, 0xAE1A, 0xB61A, 0xA5B9, 0xADFA, 0x7474, 0x8D17,
  0xCEFE, 0xCEFE, 0xB65C, 0x9557, 0x63D1, 0x7C73, 0x9D57, 0x7453, 0x7432, 0x84B4, 0x7474, 0x84B5,
  0x8D16, 0x84D5, 0x7C94, 0x7C94, 0x84B4, 0x8CD5, 0x84D5, 0x8D15, 0xA5B8, 0xADF9, 0xC67B, 0xCEDC,
  0xBE7B, 0xBE7B, 0xC6BD, 0xB65B, 0xCF1E, 0xDF5F, 0x95BB, 0x8D9B, 0x95DB, 0x8D79, 0x8D59, 0x6C75,
  0x5BF3, 0x6C55, 0x5BF3, 0x53D3, 0x5BF3, 0x6C54, 0x7CB5, 0x6C55, 0x6434, 0x63F3, 0x5D1A, 0x45BF,
  0x1AAF, 0x0000, 0x0000, 0x0000, 0x0000, 0x0000, 0x0000, 0x0000, 0x0000, 0x0000, 0x0000, 0x0000,
  0x0000, 0x0000, 0x0000, 0x0000, 0x0000, 0x0000, 0x0000, 0x0000, 0x0000, 0x0000, 0x0000, 0x0000,
  0x0000, 0x0000, 0x0000, 0x0000, 0x0000, 0x0000, 0x0000, 0x0000, 0x0000, 0x0000, 0x0000, 0x0000,
  0x0000, 0x0000, 0x0000, 0x0000, 0x0000, 0x0000, 0x0000, 0x0000, 0x0000, 0x0000, 0x0000, 0x0000,
  0x0000, 0x0000, 0x0000, 0x0000, 0x0000, 0x0000, 0x0000, 0x0000, 0x0000, 0x0000, 0x0000, 0x0000,
  0x0000, 0x0000, 0x0000, 0x0000, 0x0000, 0x0000, 0x0000, 0x0000, 0x0000, 0x0000, 0x0000, 0x0000,
  0x0000, 0x0000, 0x0000, 0x0000, 0x0000, 0x0000, 0x0000, 0x0000, 0x0000, 0x0000, 0x0000, 0x0000,
  0x0000, 0x0000, 0x0000, 0x0000, 0x0000, 0x0000, 0x0000, 0x0020, 0x0000, 0x0041, 0x2394, 0x5DBF,
  0xADDD, 0xC5FE, 0xBDDE, 0xBDBE, 0xB59D, 0xAD5D, 0xA53C, 0x7458, 0x3AF1, 0x0129, 0x0109, 0x226E,
  0x5373, 0x849A, 0xA55D, 0xAD7D, 0xAD5D, 0x9D1D, 0x94BC, 0x7418, 0x4313, 0x2A70, 0x3AD0, 0x6BF5,
  0x8477, 0x8478, 0x8478, 0x8C99, 0x8CBB, 0x94BC, 0x849B, 0x7418, 0x5B95, 0x5B94, 0x6BF5, 0x3AB0,
  0x2A4F, 0x2A90, 0x32F1, 0x63D6, 0x849B, 0x63D6, 0x3AF1, 0x11CB, 0x120C, 0x1A2D, 0x1A2C, 0x220B,
  0x1148, 0x094A, 0x1A0D, 0x2A6F, 0x3AD1, 0x4B33, 0x4B34, 0x3AD2, 0x3290, 0x4333, 0x3B12, 0x2A6E,
  0x222D, 0x096A, 0x222C, 0x2A6D, 0x21EB, 0x220C, 0x328E, 0x32AE, 0x19CB, 0x11AB, 0x224D, 0x19AA,
  0x3A8E, 0x7474, 0x6C33, 0x7474, 0x6BF2, 0x534F, 0x534F, 0x4B2E, 0x5BB0, 0x5B70, 0x63F1, 0x7453,
  0x63F2, 0x7CB5, 0x8D17, 0x84BA, 0xB61D, 0xDF5E, 0xADDA, 0xBE5C, 0xBE5B, 0x9D99, 0x84D6, 0x9D57,
  0xCEDD, 0xBE5B, 0xA5D9, 0x9557, 0x7CB5, 0xADF9, 0xBE9C, 0x9D77, 0xA5B8, 0xBE5B, 0xA5B8, 0x9D98,
  0x9D77, 0x8D15, 0x6BF1, 0x6BF1, 0x9557, 0xA5D9, 0x9D77, 0x9536, 0x8D16, 0x7C94, 0x7453, 0x7C94,
  0x7C73, 0x84B4, 0x8CF5, 0x9536, 0xADD8, 0xB619, 0xB63B, 0xBE7C, 0xC6DD, 0xCEFE, 0xCEFE, 0xC6DD,
  0xC6DD, 0xBEBE, 0x95BA, 0x7D19, 0x7CF8, 0x7CF7, 0x74B6, 0x6C55, 0x5BF4, 0x451C, 0x2D1C, 0x0968,
  0x0000, 0x0000, 0x0000, 0x0000, 0x0000, 0x0000, 0x0000, 0x0000, 0x0000, 0x0000, 0x0000, 0x0000,
  0x0000, 0x0000, 0x0000, 0x0000, 0x0000, 0x0000, 0x0000, 0x0000, 0x0000, 0x0000, 0x0000, 0x0000,
  0x0000, 0x0000, 0x0000, 0x0000, 0x0000, 0x0000, 0x0000, 0x0000, 0x0000, 0x0000, 0x0000, 0x0000,
  0x0000, 0x0000, 0x0000, 0x0000, 0x0000, 0x0000, 0x0000, 0x0000, 0x0000, 0x0000, 0x0000, 0x0000,
  0x0000, 0x0000, 0x0000, 0x0000, 0x0000, 0x0000, 0x0000, 0x0000, 0x0000, 0x0000, 0x0000, 0x0000,
  0x0000, 0x0000, 0x0000, 0x0000, 0x0000, 0x0000, 0x0000, 0x0000, 0x0000, 0x0000, 0x0000, 0x0000,
  0x0000, 0x0000, 0x0000, 0x0000, 0x0000, 0x0000, 0x0000, 0x0000, 0x0000, 0x0000, 0x0000, 0x0000,
  0x0000, 0x0000, 0x0000, 0x0000, 0x0000, 0x0000, 0x0000, 0x0000, 0x0000, 0x0000, 0x0000, 0x1A6E,
  0x4D9F, 0x95FF, 0xBD9D, 0xB5BD, 0xB59D, 0xB57D, 0xAD5D, 0x8499, 0x4332, 0x0129, 0x0044, 0x0108,
  0x2A8F, 0x7417, 0xA53D, 0xB59E, 0xAD7D, 0xA53D, 0x94FC, 0x847A, 0x6BF7, 0x6BF7, 0x8C98, 0x9CF9,
  0x9CF9, 0x94D9, 0x94DA, 0x94BA, 0x94DC, 0x94DC, 0x8CBC, 0x847B, 0x7C5A, 0x847A, 0x847A, 0x6BF7,
  0x5B95, 0x5374, 0x5375, 0x7C39, 0x8C9C, 0x63B7, 0x224F, 0x00E8, 0x0928, 0x0929, 0x0948, 0x220B,
  0x3B11, 0x3B12, 0x3AF2, 0x4B33, 0x6C18, 0x7439, 0x63D7, 0x32B1, 0x11CC, 0x11CB, 0x222C, 0x11AA,
  0x11EB, 0x1A2C, 0x3AEF, 0x19EB, 0x0928, 0x00E7, 0x0108, 0x19EB, 0x11EC, 0x2A6D, 0x4B50, 0x4313,
  0x63F7, 0x2A6E, 0x0189, 0x3ACE, 0x42CD, 0x532E, 0x5BB1, 0x4B2F, 0x4AED, 0x534F, 0x534F, 0x4B0D,
  0x534F, 0x5B90, 0x6C53, 0x8518, 0x957A, 0x9D98, 0x84D7, 0xA5BA, 0xC69C, 0xA59B, 0xA5BB, 0xA5B9,
  0xB61C, 0x9538, 0x9536, 0x9536, 0xADD9, 0xC6BC, 0x9D98, 0x9557, 0xA5D9, 0xBE7C, 0xCEDD, 0xC6BD,
  0xB61A, 0x8D16, 0x7C94, 0xA5B9, 0x9D78, 0x84D5, 0x84B4, 0x7C94, 0x7453, 0x6C12, 0x6C12, 0x7C74,
  0x7C73, 0x84D4, 0x8D16, 0x8D16, 0x8D16, 0x84F5, 0x84D5, 0x8D16, 0x8CF5, 0x8D15, 0xA598, 0xC69B,
  0xCEBC, 0xCEBC, 0xBE5A, 0xB65B, 0xBE7D, 0xDF5F, 0xD6FD, 0x8DFD, 0x45DF, 0x2417, 0x0083, 0x0000,
  0x0020, 0x0000, 0x0000, 0x0000, 0x0000, 0x0000, 0x0000, 0x0000, 0x0000, 0x0000, 0x0000, 0x0000,
  0x0000, 0x0000, 0x0000, 0x0000, 0x0000, 0x0000, 0x0000, 0x0000, 0x0000, 0x0000, 0x0000, 0x0000,
  0x0000, 0x0000, 0x0000, 0x0000, 0x0000, 0x0000, 0x0000, 0x0000, 0x0000, 0x0000, 0x0000, 0x0000,
  0x0000, 0x0000, 0x0000, 0x0000, 0x0000, 0x0000, 0x0000, 0x0000, 0x0000, 0x0000, 0x0000, 0x0000,
  0x0000, 0x0000, 0x0000, 0x0000, 0x0000, 0x0000, 0x0000, 0x0000, 0x0000, 0x0000, 0x0000, 0x0000,
  0x0000, 0x0000, 0x0000, 0x0000, 0x0000, 0x0000, 0x0000, 0x0000, 0x0000, 0x0000, 0x0000, 0x0000,
  0x0000, 0x0000, 0x0000, 0x0000, 0x0000, 0x0000, 0x0000, 0x0000, 0x0000, 0x0000, 0x0000, 0x0000,
  0x0000, 0x0000, 0x0000, 0x0000, 0x0000, 0x0000, 0x0000, 0x0000, 0x0000, 0x0000, 0x0000, 0x0000,
  0x0947, 0x34DA, 0x75FF, 0xAD9D, 0xBD9D, 0xB5BD, 0xB5BD, 0xA53C, 0x5BB5, 0x09AB, 0x0086, 0x0086,
  0x018B, 0x4B33, 0x94FC, 0xB59E, 0xB5BE, 0xAD7D, 0xA53C, 0x9CFB, 0x94DA, 0x94DA, 0x9CF9, 0x9CFA,
  0x9CD9, 0x94D9, 0x94BA, 0x94BA, 0x94DC, 0x94DC, 0x94DC, 0x94BC, 0x94DC, 0x94DC, 0x94FC, 0x94DC,
  0x8C9B, 0x7C5A, 0x7C5A, 0x847B, 0x8C7C, 0x7419, 0x3AD2, 0x098B, 0x00C7, 0x00C7, 0x00A6, 0x19EC,
  0x4B33, 0x63B7, 0x73F9, 0x847A, 0x8C9B, 0x7C59, 0x63D5, 0x5372, 0x328D, 0x328D, 0x222C, 0x0969,
  0x0948, 0x00C7, 0x0086, 0x00C6, 0x00C6, 0x00A6, 0x0086, 0x0086, 0x0065, 0x0085, 0x0085, 0x0129,
  0x3B11, 0x53D3, 0x53B2, 0x4B50, 0x430E, 0x42ED, 0x534F, 0x5370, 0x536F, 0x6C12, 0x7453, 0x6C13,
  0x7454, 0x7C94, 0x84D5, 0x6C12, 0x6C12, 0x5B90, 0x5B90, 0x7C73, 0x8D16, 0x84F6, 0x84D7, 0x8D17,
  0x8CF8, 0x8CF9, 0xBE5B, 0xBE5A, 0xB65C, 0xBE7C, 0x9D98, 0x8D16, 0xA5B9, 0xBE7B, 0xD6FD, 0xBE5B,
  0x9578, 0x8CF6, 0xA5B9, 0xC69C, 0xADFA, 0xADD9, 0xB63A, 0xB63A, 0x9D78, 0x84D6, 0x9537, 0x8CF5,
  0x6BF1, 0x7432, 0x6BF1, 0x5BB0, 0x6C12, 0x7474, 0x7CB5, 0x8D17, 0x84F5, 0x7C94, 0x7C53, 0x7C73,
  0x7C94, 0x8493, 0x8CF5, 0x9D97, 0xADB8, 0xB5F9, 0x8E7F, 0x3DBF, 0x12AF, 0x0000, 0x0000, 0x0000,
  0x0000, 0x0000, 0x0000, 0x0000, 0x0000, 0x0000, 0x0000, 0x0000, 0x0000, 0x0000, 0x0000, 0x0000,
  0x0000, 0x0000, 0x0000, 0x0000, 0x0000, 0x0000, 0x0000, 0x0000, 0x0000, 0x0000, 0x0000, 0x0000,
  0x0000, 0x0000, 0x0000, 0x0000, 0x0000, 0x0000, 0x0000, 0x0000, 0x0000, 0x0000, 0x0000, 0x0000,
  0x0000, 0x0000, 0x0000, 0x0000, 0x0000, 0x0000, 0x0000, 0x0000, 0x0000, 0x0000, 0x0000, 0x0000,
  0x0000, 0x0000, 0x0000, 0x0000, 0x0000, 0x0000, 0x0000, 0x0000, 0x0000, 0x0000, 0x0000, 0x0000,
  0x0000, 0x0000, 0x0000, 0x0000, 0x0000, 0x0000, 0x0000, 0x0000, 0x0000, 0x0000, 0x0000, 0x0000,
  0x0000, 0x0000, 0x0000, 0x0000, 0x0000, 0x0000, 0x0000, 0x0000, 0x0000, 0x0000, 0x0000, 0x0000,
  0x0000, 0x0000, 0x0000, 0x0000, 0x0000, 0x0000, 0x0000, 0x0000, 0x0000, 0x0000, 0x0000, 0x0000,
  0x0000, 0x0041, 0x2373, 0x5DDF, 0x9D9E, 0xB57D, 0xB5BD, 0xB59E, 0x8CBA, 0x4332, 0x226E, 0x222D,
  0x32AF, 0x63D5, 0x94DB, 0xB5BE, 0xBDDE, 0xB5BE, 0xAD7D, 0xA55C, 0xA51B, 0x9D1A, 0x9CFA, 0x9CF9,
  0x94D9, 0x94BA, 0x94BA, 0x94BB, 0x94DC, 0x94DD, 0x94DD, 0x94DC, 0x9CFC, 0x9CFD, 0x9CFD, 0x9D1D,
  0x94FC, 0x847B, 0x845B, 0x847C, 0x847C, 0x7C5B, 0x7418, 0x5BB4, 0x6C55, 0x4B92, 0x2A8F, 0x5374,
  0x7C59, 0x845B, 0x847B, 0x8C7B, 0x847B, 0x5B95, 0x222E, 0x19EC, 0x2A8E, 0x4B50, 0x5BF2, 0x4B91,
  0x32CE, 0x1189, 0x00E7, 0x00E7, 0x0085, 0x0064, 0x0085, 0x00E7, 0x0064, 0x0084, 0x00A5, 0x0128,
  0x3B0F, 0x84F7, 0x63F8, 0x6418, 0x8518, 0x6C34, 0x53B2, 0x7C95, 0x8D37, 0x9558, 0x6C34, 0x534F,
  0x5BB1, 0x5BB0, 0x6C12, 0x6C33, 0x6C12, 0x63D1, 0x5BB0, 0x6C12, 0x6C12, 0x5370, 0x534F, 0x536F,
  0x5B90, 0x6C12, 0x84B4, 0x84D5, 0x9D58, 0xBE5C, 0xA5BB, 0x9D9A, 0xADFA, 0xBE7B, 0xBE5B, 0xA5B9,
  0x9557, 0x8D16, 0xA5D9, 0xD6FD, 0xADF9, 0xA5B8, 0xB61A, 0xBE7B, 0xADFA, 0xA5BA, 0xADFA, 0xA5B8,
  0xADF9, 0x84F7, 0x8D16, 0x84D4, 0x8CD4, 0x7C52, 0x7431, 0x7C72, 0x84B4, 0x7C73, 0x7453, 0x7CB4,
  0x8D16, 0x7CB5, 0x84D5, 0x9536, 0x8558, 0x459E, 0x2459, 0x0926, 0x0000, 0x0000, 0x0000, 0x0000,
  0x0000, 0x0000, 0x0000, 0x0000, 0x0000, 0x0000, 0x0000, 0x0000, 0x0000, 0x0000, 0x0000, 0x0000,
  0x0000, 0x0000, 0x0000, 0x0000, 0x0000, 0x0000, 0x0000, 0x0000, 0x0000, 0x0000, 0x0000, 0x0000,
  0x0000, 0x0000, 0x0000, 0x0000, 0x0000, 0x0000, 0x0000, 0x0000, 0x0000, 0x0000, 0x0000, 0x0000,
  0x0000, 0x0000, 0x0000, 0x0000, 0x0000, 0x0000, 0x0000, 0x0000, 0x0000, 0x0000, 0x0000, 0x0000,
  0x0000, 0x0000, 0x0000, 0x0000, 0x0000, 0x0000, 0x0000, 0x0000, 0x0000, 0x0000, 0x0000, 0x0000,
  0x0000, 0x0000, 0x0000, 0x0000, 0x0000, 0x0000, 0x0000, 0x0000, 0x0000, 0x0000, 0x0000, 0x0000,
  0x0000, 0x0000, 0x0000, 0x0000, 0x0000, 0x0000, 0x0000, 0x0000, 0x0000, 0x0000, 0x0000, 0x0000,
  0x0000, 0x0000, 0x0000, 0x0000, 0x0000, 0x0000, 0x0000, 0x0000, 0x0000, 0x0000, 0x0000, 0x0000,
  0x0000, 0x0000, 0x0000, 0x11EA, 0x3CFC, 0x7DBF, 0xA55D, 0xB55D, 0xAD7D, 0x8CDB, 0x7C77, 0x63F4,
  0x5393, 0x7456, 0x94FA, 0xB59D, 0xBDDE, 0xBDDE, 0xB5BD, 0xAD9C, 0xAD5B, 0xA53B, 0x9D1A, 0x94D9,
  0x94DA, 0x94BA, 0x94DB, 0x94FC, 0x9CFD, 0x9CFD, 0x9CFD, 0x9CFD, 0x9CFD, 0x9CFD, 0x9D1D, 0x9D1D,
  0x8CBC, 0x7C5A, 0x7439, 0x845B, 0x8C7C, 0x8C9C, 0x8C9C, 0x8CDB, 0xA57B, 0x6C17, 0x5375, 0x7C59,
  0x8C9B, 0x8C9B, 0x8C7B, 0x8C7B, 0x7C39, 0x42F2, 0x096A, 0x0129, 0x11EC, 0x11AA, 0x0948, 0x11AA,
  0x0169, 0x0128, 0x0969, 0x0129, 0x00E7, 0x0107, 0x0948, 0x0928, 0x00C6, 0x0084, 0x1189, 0x5BF3,
  0x8D57, 0x9578, 0x3B11, 0x224E, 0x5370, 0x5370, 0x5391, 0x6C13, 0x7CB5, 0x7495, 0x5B91, 0x4B2F,
  0x6C33, 0x63F2, 0x4B4F, 0x5BB1, 0x63D1, 0x5B90, 0x5BB1, 0x6C12, 0x63D1, 0x5B6F, 0x5B90, 0x63F2,
  0x6C12, 0x63D1, 0x534F, 0x4B0E, 0x7C94, 0xADF9, 0x9D5A, 0x9D3B, 0xA5DB, 0xADFB, 0xA5BA, 0xBE5B,
  0xC69C, 0x9D99, 0xB61A, 0xDF3E, 0xADB9, 0x9537, 0xA5D9, 0xA5B9, 0x9D99, 0xADBA, 0xBE5B, 0xB63A,
  0xADFA, 0x8D79, 0xBE7C, 0xBE7C, 0xCEBC, 0xB65B, 0xADF9, 0x9536, 0x9D77, 0x9D36, 0xA577, 0x8CF5,
  0x84B4, 0x7C52, 0x6BF1, 0x5D5B, 0x3D9F, 0x1AF1, 0x0021, 0x0000, 0x0000, 0x0000, 0x0000, 0x0000,
  0x0000, 0x0000, 0x0000, 0x0000, 0x0000, 0x0000, 0x0000, 0x0000, 0x0000, 0x0000, 0x0000, 0x0000,
  0x0000, 0x0000, 0x0000, 0x0000, 0x0000, 0x0000, 0x0000, 0x0000, 0x0000, 0x0000, 0x0000, 0x0000,
  0x0000, 0x0000, 0x0000, 0x0000, 0x0000, 0x0000, 0x0000, 0x0000, 0x0000, 0x0000, 0x0000, 0x0000,
  0x0000, 0x0000, 0x0000, 0x0000, 0x0000, 0x0000, 0x0000, 0x0000, 0x0000, 0x0000, 0x0000, 0x0000,
  0x0000, 0x0000, 0x0000, 0x0000, 0x0000, 0x0000, 0x0000, 0x0000, 0x0000, 0x0000, 0x0000, 0x0000,
  0x0000, 0x0000, 0x0000, 0x0000, 0x0000, 0x0000, 0x0000, 0x0000, 0x0000, 0x0000, 0x0000, 0x0000,
  0x0000, 0x0000, 0x0000, 0x0000, 0x0000, 0x0000, 0x0000, 0x0000, 0x0000, 0x0000, 0x0000, 0x0000,
  0x0000, 0x0000, 0x0000, 0x0000, 0x0000, 0x0000, 0x0000, 0x0000, 0x0000, 0x0000, 0x0000, 0x0000,
  0x0000, 0x0000, 0x0000, 0x0000, 0x0083, 0x23D5, 0x5DDF, 0x8D5E, 0xAD3C, 0xAD5D, 0x8499, 0x4311,
  0x32AF, 0x5BB3, 0x8CD8, 0xAD9C, 0xBDDE, 0xBDDE, 0xBDFE, 0xB5BD, 0xAD5B, 0x94D9, 0x7C57, 0x7417,
  0x7C59, 0x8CBB, 0x9CFC, 0xA53D, 0xA53D, 0xA53D, 0x9D1D, 0xA51D, 0xA51D, 0x9D1D, 0xA53D, 0xA55D,
  0x9D1C, 0x7C99, 0x7C5A, 0x849B, 0x8C9C, 0x8C9C, 0x7C3B, 0x5B96, 0x6BF6, 0x8C9A, 0x9CFC, 0x9CFC,
  0x94DB, 0x8CBB, 0x8C9B, 0x847B, 0x63B6, 0x2A6F, 0x016A, 0x098B, 0x11CB, 0x0948, 0x0928, 0x11AA,
  0x222C, 0x2A4C, 0x11EB, 0x00C7, 0x00A6, 0x0107, 0x19EB, 0x4B71, 0x32AE, 0x120D, 0x11CB, 0x21EB,
  0x19EC, 0x11CB, 0x1189, 0x09CB, 0x328D, 0x5390, 0x4B2F, 0x42EE, 0x4B0E, 0x42EE, 0x4B0E, 0x5370,
  0x7495, 0x6C13, 0x6413, 0x63F2, 0x63F2, 0x63D1, 0x7432, 0x84B4, 0x7432, 0x6BF2, 0x7453, 0x7CB5,
  0x7433, 0x63D1, 0x63D1, 0x7434, 0xA5FA, 0xAE1B, 0x8CD8, 0xADDA, 0x9558, 0x8D17, 0x7C95, 0x9D58,
  0xB61A, 0xA5BA, 0xB5FC, 0xCEBD, 0xB61A, 0x8CF7, 0xADFA, 0xAE1A, 0xA599, 0xA59A, 0xADDA, 0xADFA,
  0xA5B9, 0xA5B9, 0xC69C, 0xDF3E, 0xCE9C, 0xA5B8, 0x9D98, 0xA598, 0xBE5B, 0xDF3E, 0xC69C, 0xB61A,
  0xCE9B, 0x8D9A, 0x455E, 0x2C99, 0x0947, 0x0000, 0x0000, 0x0000, 0x0000, 0x0000, 0x0000, 0x0000,
  0x0000, 0x0000, 0x0000, 0x0000, 0x0000, 0x0000, 0x0000, 0x0000, 0x0000, 0x0000, 0x0000, 0x0000,
  0x0000, 0x0000, 0x0000, 0x0000, 0x0000, 0x0000, 0x0000, 0x0000, 0x0000, 0x0000, 0x0000, 0x0000,
  0x0000, 0x0000, 0x0000, 0x0000, 0x0000, 0x0000, 0x0000, 0x0000, 0x0000, 0x0000, 0x0000, 0x0000,
  0x0000, 0x0000, 0x0000, 0x0000, 0x0000, 0x0000, 0x0000, 0x0000, 0x0000, 0x0000, 0x0000, 0x0000,
  0x0000, 0x0000, 0x0000, 0x0000, 0x0000, 0x0000, 0x0000, 0x0000, 0x0000, 0x0000, 0x0000, 0x0000,
  0x0000, 0x0000, 0x0000, 0x0000, 0x0000, 0x0000, 0x0000, 0x0000, 0x0000, 0x0000, 0x0000, 0x0000,
  0x0000, 0x0000, 0x0000, 0x0000, 0x0000, 0x0000, 0x0000, 0x0000, 0x0000, 0x0000, 0x0000, 0x0000,
  0x0000, 0x0000, 0x0000, 0x0000, 0x0000, 0x0000, 0x0000, 0x0000, 0x0000, 0x0000, 0x0000, 0x0000,
  0x0000, 0x0000, 0x0000, 0x0020, 0x0000, 0x0000, 0x120B, 0x3CFB, 0x6DBF, 0xA55D, 0x8C78, 0x3AD0,
  0x2A6E, 0x4311, 0x84B8, 0xADBD, 0xB5DE, 0xBDFE, 0xBDDD, 0x9D1A, 0x7415, 0x4311, 0x222E, 0x32B0,
  0x5B94, 0x847A, 0xA53D, 0xAD9D, 0xAD7D, 0xAD5D, 0xA55D, 0xA53D, 0xA53D, 0x9D3D, 0x94FC, 0xA57C,
  0xADDB, 0x953B, 0x8CBB, 0x8CBC, 0x94DC, 0x8CBC, 0x845B, 0x6BD7, 0x6BF6, 0x8499, 0x9D1C, 0x9CFC,
  0x94DC, 0x94DC, 0x8CBB, 0x847A, 0x5B95, 0x224E, 0x096A, 0x0989, 0x1A0B, 0x19CA, 0x11AA, 0x2A8F,
  0x5372, 0x5BB2, 0x32AE, 0x19EB, 0x42EF, 0x3AAE, 0x0907, 0x21EB, 0x2A4C, 0x11CB, 0x0108, 0x0084,
  0x0084, 0x00A5, 0x00C6, 0x0149, 0x11EC, 0x430F, 0x4B0E, 0x3AAD, 0x42CD, 0x42CD, 0x42CD, 0x4B2F,
  0x4B50, 0x430E, 0x5370, 0x5390, 0x5370, 0x5B90, 0x5BB1, 0x5BD2, 0x5B90, 0x63B1, 0x8494, 0x9536,
  0x9537, 0x9D79, 0xA5BA, 0x8CF9, 0x9D99, 0x9536, 0x7C94, 0x8CF6, 0x8494, 0x7C94, 0x7C73, 0x7453,
  0x7C94, 0x84B5, 0x84B5, 0x9516, 0x9517, 0x7455, 0x9518, 0xA579, 0xA5BA, 0xBE1C, 0xCEBD, 0xCEFD,
  0xC69D, 0xADDB, 0xC67B, 0xCEBC, 0xADB8, 0xA597, 0xADB8, 0xA598, 0xBE5B, 0xE77F, 0xDEFD, 0xA61B,
  0x767F, 0x357E, 0x12AF, 0x0000, 0x0000, 0x0020, 0x0000, 0x0000, 0x0000, 0x0000, 0x0000, 0x0000,
  0x0000, 0x0000, 0x0000, 0x0000, 0x0000, 0x0000, 0x0000, 0x0000, 0x0000, 0x0000, 0x0000, 0x0000,
  0x0000, 0x0000, 0x0000, 0x0000, 0x0000, 0x0000, 0x0000, 0x0000, 0x0000, 0x0000, 0x0000, 0x0000,
  0x0000, 0x0000, 0x0000, 0x0000, 0x0000, 0x0000, 0x0000, 0x0000, 0x0000, 0x0000, 0x0000, 0x0000,
  0x0000, 0x0000, 0x0000, 0x0000, 0x0000, 0x0000, 0x0000, 0x0000, 0x0000, 0x0000, 0x0000, 0x0000,
  0x0000, 0x0000, 0x0000, 0x0000, 0x0000, 0x0000, 0x0000, 0x0000, 0x0000, 0x0000, 0x0000, 0x0000,
  0x0000, 0x0000, 0x0000, 0x0000, 0x0000, 0x0000, 0x0000, 0x0000, 0x0000, 0x0000, 0x0000, 0x0000,
  0x0000, 0x0000, 0x0000, 0x0000, 0x0000, 0x0000, 0x0000, 0x0000, 0x0000, 0x0000, 0x0000, 0x0000,
  0x0000, 0x0000, 0x0000, 0x0000, 0x0000, 0x0000, 0x0000, 0x0000, 0x0000, 0x0000, 0x0000, 0x0000,
  0x0000, 0x0000, 0x0000, 0x0000, 0x0000, 0x0000, 0x0000, 0x0062, 0x2352, 0x4D9F, 0x6D1C, 0x5352,
  0x42F0, 0x5BB3, 0x9519, 0xBDFE, 0xB5DE, 0xBDFE, 0xA57C, 0x84B8, 0x4331, 0x098B, 0x016A, 0x1A2D,
  0x4311, 0x8499, 0xB5BE, 0xBDFE, 0xBDDE, 0xB59E, 0xAD7D, 0xAD5D, 0x9D1D, 0x847A, 0x6C17, 0x5BF5,
  0x6415, 0x7C78, 0x8CBC, 0x94BC, 0x94DC, 0x94DC, 0x8C9C, 0x8C7B, 0x94BB, 0x9D3C, 0xA53C, 0x9D1C,
  0x9CFC, 0x94FC, 0x8CBB, 0x7C5A, 0x7459, 0x7C97, 0x7454, 0x5B92, 0x5371, 0x32D0, 0x328F, 0x4B32,
  0x7417, 0x8499, 0x63F5, 0x1A2D, 0x3B11, 0x2A6F, 0x00E8, 0x0149, 0x2A4D, 0x224D, 0x0149, 0x0149,
  0x0948, 0x11EB, 0x098A, 0x0149, 0x014A, 0x120C, 0x42EE, 0x42CD, 0x42CD, 0x3ACD, 0x3ACE, 0x3ACE,
  0x4B50, 0x534F, 0x42EE, 0x430E, 0x42EE, 0x3AAC, 0x42EE, 0x4B2F, 0x5370, 0x7474, 0xA5DA, 0xADDB,
  0x8D3A, 0x9559, 0x8CF6, 0x7453, 0x7453, 0x6BF1, 0x6C12, 0x7453, 0x63D1, 0x6BF2, 0x6C12, 0x6BF1,
  0x7453, 0x7453, 0x7C73, 0x7C73, 0x7453, 0x7C73, 0x7C94, 0x7C95, 0xA5B9, 0xBE5D, 0xC69E, 0xCEFE,
  0xBE3D, 0xA57C, 0xB5FB, 0xB5F9, 0x9D58, 0x9538, 0xADB9, 0x9D78, 0xADD8, 0xD6DD, 0x96BF, 0x3DBF,
  0x1BB5, 0x00C4, 0x0000, 0x0000, 0x0000, 0x0000, 0x0000, 0x0000, 0x0000, 0x0000, 0x0000, 0x0000,
  0x0000, 0x0000, 0x0000, 0x0000, 0x0000, 0x0000, 0x0000, 0x0000, 0x0000, 0x0000, 0x0000, 0x0000,
  0x0000, 0x0000, 0x0000, 0x0000, 0x0000, 0x0000, 0x0000, 0x0000, 0x0000, 0x0000, 0x0000, 0x0000,
  0x0000, 0x0000, 0x0000, 0x0000, 0x0000, 0x0000, 0x0000, 0x0000, 0x0000, 0x0000, 0x0000, 0x0000,
  0x0000, 0x0000, 0x0000, 0x0000, 0x0000, 0x0000, 0x0000, 0x0000, 0x0000, 0x0000, 0x0000, 0x0000,
  0x0000, 0x0000, 0x0000, 0x0000, 0x0000, 0x0000, 0x0000, 0x0000, 0x0000, 0x0000, 0x0000, 0x0000,
  0x0000, 0x0000, 0x0000, 0x0000, 0x0000, 0x0000, 0x0000, 0x0000, 0x0000, 0x0000, 0x0000, 0x0000,
  0x0000, 0x0000, 0x0000, 0x0000, 0x0000, 0x0000, 0x0000, 0x0000, 0x0000, 0x0000, 0x0000, 0x0000,
  0x0000, 0x0000, 0x0000, 0x0000, 0x0000, 0x0000, 0x0000, 0x0000, 0x0000, 0x0000, 0x0000, 0x0000,
  0x0000, 0x0000, 0x0000, 0x0000, 0x0000, 0x0000, 0x0000, 0x0000, 0x0000, 0x0948, 0x2C58, 0x555E,
  0x6478, 0x8456, 0xA55A, 0xBDFE, 0xAD9D, 0xAD9D, 0x951A, 0x84D8, 0x53B3, 0x098B, 0x1A2D, 0x5372,
  0x63F4, 0x9D3A, 0xC63E, 0xC63E, 0xC5FE, 0xBDDE, 0xB59E, 0xA55D, 0x8479, 0x4B33, 0x222E, 0x098A,
  0x19ED, 0x4B33, 0x847A, 0x94DD, 0x94DC, 0x94DC, 0x94BC, 0x94DC, 0x9CFC, 0xA55D, 0xAD5D, 0xA53C,
  0x9D1C, 0x94DB, 0x7C58, 0x5354, 0x2A6F, 0x4352, 0x5BD6, 0x6C38, 0x8CD9, 0x63F7, 0x5B96, 0x7C39,
  0x847B, 0x8C9B, 0x6BD8, 0x42F3, 0x4B34, 0x3AD2, 0x3291, 0x2A6F, 0x220E, 0x11CD, 0x11AC, 0x118A,
  0x0108, 0x1A2C, 0x226D, 0x098A, 0x09AA, 0x11CB, 0x222C, 0x2A6C, 0x3ACE, 0x42EE, 0x328C, 0x328C,
  0x4B2F, 0x532E, 0x3A8C, 0x328D, 0x4B0E, 0x5370, 0x63F2, 0x84D6, 0x9537, 0x9D98, 0x9D9B, 0x7C9A,
  0x747A, 0x84F6, 0x6C32, 0x63D1, 0x6C12, 0x6BF1, 0x6BF1, 0x63B0, 0x5B90, 0x5B90, 0x63F1, 0x7432,
  0x7432, 0x6BF1, 0x6BF1, 0x6BF1, 0x7C93, 0x84F6, 0x7CB6, 0x8D38, 0xA5D9, 0x9558, 0x9537, 0x8CF6,
  0x84D5, 0x9D78, 0x9559, 0xA5BA, 0x94FA, 0xA57C, 0xCE9C, 0xB5F9, 0x8DDC, 0x55FF, 0x2499, 0x09A9,
  0x0000, 0x0000, 0x0000, 0x0000, 0x0000, 0x0000, 0x0000, 0x0000, 0x0000, 0x0000, 0x0000, 0x0000,
  0x0000, 0x0000, 0x0000, 0x0000, 0x0000, 0x0000, 0x0000, 0x0000, 0x0000, 0x0000, 0x0000, 0x0000,
  0x0000, 0x0000, 0x0000, 0x0000, 0x0000, 0x0000, 0x0000, 0x0000, 0x0000, 0x0000, 0x0000, 0x0000,
  0x0000, 0x0000, 0x0000, 0x0000, 0x0000, 0x0000, 0x0000, 0x0000, 0x0000, 0x0000, 0x0000, 0x0000,
  0x0000, 0x0000, 0x0000, 0x0000, 0x0000, 0x0000, 0x0000, 0x0000, 0x0000, 0x0000, 0x0000, 0x0000,
  0x0000, 0x0000, 0x0000, 0x0000, 0x0000, 0x0000, 0x0000, 0x0000, 0x0000, 0x0000, 0x0000, 0x0000,
  0x0000, 0x0000, 0x0000, 0x0000, 0x0000, 0x0000, 0x0000, 0x0000, 0x0000, 0x0000, 0x0000, 0x0000,
  0x0000, 0x0000, 0x0000, 0x0000, 0x0000, 0x0000, 0x0000, 0x0000, 0x0000, 0x0000, 0x0000, 0x0000,
  0x0000, 0x0000, 0x0000, 0x0000, 0x0000, 0x0000, 0x0000, 0x0000, 0x0000, 0x0000, 0x0000, 0x0000,
  0x0000, 0x0000, 0x0000, 0x0000, 0x0000, 0x0000, 0x0000, 0x0000, 0x0020, 0x0000, 0x0000, 0x1A4D,
  0x3CFC, 0x65BF, 0xADDD, 0xBDDD, 0xAD7D, 0xA55D, 0x9D1B, 0x84B8, 0x63F5, 0x4311, 0x4B72, 0x6C35,
  0x8CD9, 0xB5DD, 0xC61E, 0xC61E, 0xC61E, 0xBDDE, 0xB5BE, 0x9D3C, 0x6C17, 0x2A6F, 0x0108, 0x00E7,
  0x098A, 0x2A50, 0x7419, 0x94FD, 0x9D1D, 0x9D1D, 0x9CFC, 0x9CFC, 0xA51D, 0xAD5D, 0xAD7D, 0xAD5D,
  0x9D1C, 0x7C58, 0x4B32, 0x328F, 0x328E, 0x3AD0, 0x4B12, 0x6BD6, 0x8C9A, 0x8C9A, 0x8CBA, 0x8CBB,
  0x8C9B, 0x8C9B, 0x8C9B, 0x847B, 0x845A, 0x7C39, 0x7417, 0x6BF7, 0x5B75, 0x42D2, 0x2A2F, 0x11CD,
  0x016A, 0x0149, 0x11CB, 0x0949, 0x0128, 0x0108, 0x00C7, 0x096A, 0x09CB, 0x224C, 0x42CD, 0x4B0E,
  0x430E, 0x42EE, 0x4AEE, 0x532F, 0x7C74, 0x7475, 0x84D7, 0x9557, 0x7C94, 0x6C33, 0x7C94, 0x6C14,
  0x7455, 0x9578, 0x9D98, 0x7CB5, 0x5BB1, 0x63D2, 0x63D1, 0x63D1, 0x63B0, 0x5B8F, 0x63B0, 0x63D1,
  0x7432, 0x7432, 0x6C12, 0x6C33, 0x7C95, 0x8CF6, 0x7CB5, 0x7C94, 0x7C73, 0x7C94, 0x7C73, 0x84D4,
  0x84D4, 0x8CF5, 0x7CB4, 0x7474, 0x7C74, 0x94F6, 0xA61C, 0x6E3F, 0x2CDC, 0x126E, 0x0021, 0x0000,
  0x0000, 0x0000, 0x0000, 0x0000, 0x0000, 0x0000, 0x0000, 0x0000, 0x0000, 0x0000, 0x0000, 0x0000,
  0x0000, 0x0000, 0x0000, 0x0000, 0x0000, 0x0000, 0x0000, 0x0000, 0x0000, 0x0000, 0x0000, 0x0000,
  0x0000, 0x0000, 0x0000, 0x0000, 0x0000, 0x0000, 0x0000, 0x0000, 0x0000, 0x0000, 0x0000, 0x0000,
  0x0000, 0x0000, 0x0000, 0x0000, 0x0000, 0x0000, 0x0000, 0x0000, 0x0000, 0x0000, 0x0000, 0x0000,
  0x0000, 0x0000, 0x0000, 0x0000, 0x0000, 0x0000, 0x0000, 0x0000, 0x0000, 0x0000, 0x0000, 0x0000,
  0x0000, 0x0000, 0x0000, 0x0000, 0x0000, 0x0000, 0x0000, 0x0000, 0x0000, 0x0000, 0x0000, 0x0000,
  0x0000, 0x0000, 0x0000, 0x0000, 0x0000, 0x0000, 0x0000, 0x0000, 0x0000, 0x0000, 0x0000, 0x0000,
  0x0000, 0x0000, 0x0000, 0x0000, 0x0000, 0x0000, 0x0000, 0x0000, 0x0000, 0x0000, 0x0000, 0x0000,
  0x0000, 0x0000, 0x0000, 0x0000, 0x0000, 0x0000, 0x0000, 0x0000, 0x0000, 0x0000, 0x0000, 0x0000,
  0x0000, 0x0000, 0x0000, 0x0000, 0x0000, 0x0000, 0x0000, 0x0000, 0x0000, 0x0000, 0x0000, 0x0000,
  0x0062, 0x1AF0, 0x453D, 0x7E1F, 0xA5BD, 0xAD5C, 0xA55B, 0x9D3B, 0x9D3A, 0x9D3A, 0xA55B, 0xAD9B,
  0xADBC, 0xB5DD, 0xAD9C, 0xAD9C, 0xB5DE, 0xBDDE, 0xB5BD, 0xAD7C, 0x8498, 0x5353, 0x2A4E, 0x09AB,
  0x11AB, 0x2A4F, 0x7418, 0x94DD, 0x9D1D, 0xA53D, 0xA51D, 0x9D1D, 0xA53D, 0xAD5D, 0xAD7D, 0xA53C,
  0x7437, 0x3290, 0x09AC, 0x11AC, 0x3AB0, 0x73F6, 0x8478, 0x8CBA, 0x94DC, 0x9CFC, 0x94DC, 0x8CBB,
  0x8CBB, 0x8C9B, 0x8C9B, 0x8C9B, 0x8C9B, 0x94BC, 0x8CBB, 0x845A, 0x7C39, 0x5355, 0x2A6F, 0x11AB,
  0x098A, 0x11CB, 0x11EB, 0x11AA, 0x0128, 0x0128, 0x00E8, 0x016A, 0x122D, 0x4B50, 0x5BB1, 0x63D1,
  0x5B90, 0x6C33, 0x6C32, 0x7453, 0x7475, 0x53B2, 0x4B50, 0x4B2F, 0x430E, 0x5370, 0x5BD1, 0x6C32,
  0x63D1, 0x5B90, 0x5B90, 0x5BB0, 0x63D2, 0x7C95, 0x6C33, 0x5390, 0x536F, 0x6C12, 0x7453, 0x7453,
  0x7CB5, 0x84D6, 0x7495, 0x7453, 0x7453, 0x7C73, 0x84B4, 0x7453, 0x7453, 0x7433, 0x5370, 0x63F2,
  0x7453, 0x6C33, 0x63D1, 0x6BD1, 0x6434, 0x4D3C, 0x353D, 0x12D0, 0x0062, 0x0000, 0x0000, 0x0020,
  0x0000, 0x0000, 0x0000, 0x0000, 0x0000, 0x0000, 0x0000, 0x0000, 0x0000, 0x0000, 0x0000, 0x0000,
  0x0000, 0x0000, 0x0000, 0x0000, 0x0000, 0x0000, 0x0000, 0x0000, 0x0000, 0x0000, 0x0000, 0x0000,
  0x0000, 0x0000, 0x0000, 0x0000, 0x0000, 0x0000, 0x0000, 0x0000, 0x0000, 0x0000, 0x0000, 0x0000,
  0x0000, 0x0000, 0x0000, 0x0000, 0x0000, 0x0000, 0x0000, 0x0000, 0x0000, 0x0000, 0x0000, 0x0000,
  0x0000, 0x0000, 0x0000, 0x0000, 0x0000, 0x0000, 0x0000, 0x0000, 0x0000, 0x0000, 0x0000, 0x0000,
  0x0000, 0x0000, 0x0000, 0x0000, 0x0000, 0x0000, 0x0000, 0x0000, 0x0000, 0x0000, 0x0000, 0x0000,
  0x0000, 0x0000, 0x0000, 0x0000, 0x0000, 0x0000, 0x0000, 0x0000, 0x0000, 0x0000, 0x0000, 0x0000,
  0x0000, 0x0000, 0x0000, 0x0000, 0x0000, 0x0000, 0x0000, 0x0000, 0x0000, 0x0000, 0x0000, 0x0000,
  0x0000, 0x0000, 0x0000, 0x0000, 0x0000, 0x0000, 0x0000, 0x0000, 0x0000, 0x0000, 0x0000, 0x0000,
  0x0000, 0x0000, 0x0000, 0x0000, 0x0000, 0x0000, 0x0000, 0x0000, 0x0000, 0x0000, 0x0000, 0x0000,
  0x0000, 0x0000, 0x00A4, 0x1B32, 0x4D7E, 0x7DDF, 0x951A, 0xA519, 0xBDBD, 0xCE5E, 0xCE5E, 0xC61E,
  0xB5DD, 0xA57B, 0x953A, 0x9D3A, 0xAD9D, 0xB5DE, 0xAD9D, 0xAD9C, 0xA55C, 0x8CB9, 0x4B32, 0x11AC,
  0x098B, 0x3290, 0x7438, 0x9CFD, 0xA53D, 0xAD5D, 0xA55D, 0xA51D, 0xA51D, 0xA55D, 0xA53D, 0x8479,
  0x3AF1, 0x0109, 0x0086, 0x012A, 0x3290, 0x7C58, 0x9CFC, 0x9D1C, 0x9D1C, 0x9CFC, 0x94DC, 0x94DB,
  0x94BB, 0x8CBB, 0x94BB, 0x94BB, 0x8CBB, 0x8CBB, 0x7C38, 0x5B75, 0x4B54, 0x3B13, 0x4353, 0x7495,
  0x7CB5, 0x8D17, 0x6434, 0x3B30, 0x2A6C, 0x3AAD, 0x432F, 0x4B70, 0x7C94, 0xA598, 0x6434, 0x4BB2,
  0x5370, 0x5B90, 0x4B2F, 0x4B0E, 0x5370, 0x430F, 0x3A8D, 0x3AAD, 0x3A8C, 0x3ACD, 0x430F, 0x5370,
  0x4B4F, 0x5370, 0x5B90, 0x5B90, 0x6C33, 0x84F6, 0x7495, 0x53B2, 0x6C33, 0x7C74, 0x8D16, 0x7CD6,
  0x7CB6, 0x7474, 0x7453, 0x7432, 0x7C53, 0x7432, 0x84B4, 0x8CF5, 0x84D5, 0x7453, 0x6C33, 0x7474,
  0x6BF2, 0x63B0, 0x6454, 0x551B, 0x353E, 0x1B53, 0x00A4, 0x0000, 0x0000, 0x0000, 0x0000, 0x0000,
  0x0000, 0x0000, 0x0000, 0x0000, 0x0000, 0x0000, 0x0000, 0x0000, 0x0000, 0x0000, 0x0000, 0x0000,
  0x0000, 0x0000, 0x0000, 0x0000, 0x0000, 0x0000, 0x0000, 0x0000, 0x0000, 0x0000, 0x0000, 0x0000,
  0x0000, 0x0000, 0x0000, 0x0000, 0x0000, 0x0000, 0x0000, 0x0000, 0x0000, 0x0000, 0x0000, 0x0000,
  0x0000, 0x0000, 0x0000, 0x0000, 0x0000, 0x0000, 0x0000, 0x0000, 0x0000, 0x0000, 0x0000, 0x0000,
  0x0000, 0x0000, 0x0000, 0x0000, 0x0000, 0x0000, 0x0000, 0x0000, 0x0000, 0x0000, 0x0000, 0x0000,
  0x0000, 0x0000, 0x0000, 0x0000, 0x0000, 0x0000, 0x0000, 0x0000, 0x0000, 0x0000, 0x0000, 0x0000,
  0x0000, 0x0000, 0x0000, 0x0000, 0x0000, 0x0000, 0x0000, 0x0000, 0x0000, 0x0000, 0x0000, 0x0000,
  0x0000, 0x0000, 0x0000, 0x0000, 0x0000, 0x0000, 0x0000, 0x0000, 0x0000, 0x0000, 0x0000, 0x0000,
  0x0000, 0x0000, 0x0000, 0x0000, 0x0000, 0x0000, 0x0000, 0x0000, 0x0000, 0x0000, 0x0000, 0x0000,
  0x0000, 0x0000, 0x0000, 0x0000, 0x0000, 0x0000, 0x0000, 0x0000, 0x0000, 0x0000, 0x0000, 0x0000,
  0x0000, 0x0000, 0x0000, 0x0000, 0x0905, 0x2394, 0x455D, 0x6D9D, 0xB5FD, 0xD65E, 0xD67E, 0xC63E,
  0xB5FD, 0x9D5A, 0x9519, 0x951A, 0xA59C, 0xADBD, 0xA57C, 0x94FA, 0x8CFA, 0x8CDA, 0x63F5, 0x4B52,
  0x3AF1, 0x5353, 0x849A, 0xA55D, 0xAD7D, 0xAD7D, 0xAD5D, 0x9D1C, 0x9CFC, 0x9D1C, 0x94DB, 0x6C16,
  0x3290, 0x0129, 0x00C7, 0x098B, 0x5374, 0x9D3C, 0xA53D, 0xA53D, 0xA53C, 0x9D1C, 0x9CFB, 0x94DB,
  0x94DB, 0x94DB, 0x94BA, 0x8479, 0x7C38, 0x5BB5, 0x4312, 0x222E, 0x096A, 0x016A, 0x0949, 0x1189,
  0x32AE, 0x53B2, 0x3B11, 0x3B32, 0x6415, 0x8CF7, 0xADD9, 0xB63A, 0x84F6, 0x53D3, 0x32F0, 0x328E,
  0x326C, 0x3AAD, 0x32AD, 0x328C, 0x4B0E, 0x4B0E, 0x326B, 0x326C, 0x42CD, 0x4B2F, 0x5370, 0x5B90,
  0x5390, 0x7453, 0x7474, 0x7495, 0x7474, 0x6C53, 0x6412, 0x6C53, 0x7453, 0x6C12, 0x5BB1, 0x5BB1,
  0x5BD1, 0x63F2, 0x7454, 0x7CB5, 0x6C33, 0x7C74, 0x84B5, 0x8494, 0x6C32, 0x63D1, 0x8494, 0x8CB4,
  0x6455, 0x4CFB, 0x353D, 0x2394, 0x08E5, 0x0000, 0x0000, 0x0000, 0x0000, 0x0000, 0x0000, 0x0000,
  0x0000, 0x0000, 0x0000, 0x0000, 0x0000, 0x0000, 0x0000, 0x0000, 0x0000, 0x0000, 0x0000, 0x0000,
  0x0000, 0x0000, 0x0000, 0x0000, 0x0000, 0x0000, 0x0000, 0x0000, 0x0000, 0x0000, 0x0000, 0x0000,
  0x0000, 0x0000, 0x0000, 0x0000, 0x0000, 0x0000, 0x0000, 0x0000, 0x0000, 0x0000, 0x0000, 0x0000,
  0x0000, 0x0000, 0x0000, 0x0000, 0x0000, 0x0000, 0x0000, 0x0000, 0x0000, 0x0000, 0x0000, 0x0000,
  0x0000, 0x0000, 0x0000, 0x0000, 0x0000, 0x0000, 0x0000, 0x0000, 0x0000, 0x0000, 0x0000, 0x0000,
  0x0000, 0x0000, 0x0000, 0x0000, 0x0000, 0x0000, 0x0000, 0x0000, 0x0000, 0x0000, 0x0000, 0x0000,
  0x0000, 0x0000, 0x0000, 0x0000, 0x0000, 0x0000, 0x0000, 0x0000, 0x0000, 0x0000, 0x0000, 0x0000,
  0x0000, 0x0000, 0x0000, 0x0000, 0x0000, 0x0000, 0x0000, 0x0000, 0x0000, 0x0000, 0x0000, 0x0000,
  0x0000, 0x0000, 0x0000, 0x0000, 0x0000, 0x0000, 0x0000, 0x0000, 0x0000, 0x0000, 0x0000, 0x0000,
  0x0000, 0x0000, 0x0000, 0x0000, 0x0000, 0x0000, 0x0000, 0x0000, 0x0000, 0x0000, 0x0000, 0x0000,
  0x0000, 0x0000, 0x0000, 0x0000, 0x0000, 0x0000, 0x0905, 0x2373, 0x4D7E, 0x865F, 0xBE7F, 0xDE7E,
  0xCE3D, 0xADBC, 0x9D5B, 0xA57B, 0xB5DD, 0xA59C, 0x8498, 0x5BD4, 0x4332, 0x3AF1, 0x4B52, 0x6C36,
  0x7C77, 0x8498, 0x9D3C, 0xAD9D, 0xB59D, 0xB5BE, 0xAD7D, 0x9D1C, 0x9D1C, 0x951C, 0x84B9, 0x63D5,
  0x32B0, 0x19ED, 0x222E, 0x4B53, 0x8CDA, 0xAD7D, 0xAD5D, 0xA55D, 0xA53C, 0x9D1C, 0x9CFB, 0x9CFB,
  0x9CDB, 0x9CDA, 0x94BA, 0x7417, 0x42F2, 0x1A0D, 0x096B, 0x00E7, 0x0064, 0x0108, 0x0149, 0x0949,
  0x11CB, 0x0129, 0x0149, 0x2A8E, 0x7476, 0x8CFA, 0x7C99, 0x4BB4, 0x1A2D, 0x222B, 0x326C, 0x324C,
  0x2A4C, 0x328D, 0x2A8D, 0x2A4C, 0x326C, 0x328C, 0x42CE, 0x42CD, 0x534F, 0x5370, 0x5350, 0x5390,
  0x6C33, 0x6C33, 0x5BD2, 0x5391, 0x63F2, 0x5BD1, 0x5BB1, 0x5BB1, 0x5391, 0x5BD1, 0x7474, 0x6C33,
  0x63F2, 0x5BB1, 0x5B90, 0x5BB0, 0x6C53, 0x84D6, 0x8D17, 0x84D7, 0x94F7, 0x9D77, 0x7518, 0x557D,
  0x3D3D, 0x1B52, 0x08E5, 0x0000, 0x0000, 0x0000, 0x0000, 0x0000, 0x0000, 0x0000, 0x0000, 0x0000,
  0x0000, 0x0000, 0x0000, 0x0000, 0x0000, 0x0000, 0x0000, 0x0000, 0x0000, 0x0000, 0x0000, 0x0000,
  0x0000, 0x0000, 0x0000, 0x0000, 0x0000, 0x0000, 0x0000, 0x0000, 0x0000, 0x0000, 0x0000, 0x0000,
  0x0000, 0x0000, 0x0000, 0x0000, 0x0000, 0x0000, 0x0000, 0x0000, 0x0000, 0x0000, 0x0000, 0x0000,
  0x0000, 0x0000, 0x0000, 0x0000, 0x0000, 0x0000, 0x0000, 0x0000, 0x0000, 0x0000, 0x0000, 0x0000,
  0x0000, 0x0000, 0x0000, 0x0000, 0x0000, 0x0000, 0x0000, 0x0000, 0x0000, 0x0000, 0x0000, 0x0000,
  0x0000, 0x0000, 0x0000, 0x0000, 0x0000, 0x0000, 0x0000, 0x0000, 0x0000, 0x0000, 0x0000, 0x0000,
  0x0000, 0x0000, 0x0000, 0x0000, 0x0000, 0x0000, 0x0000, 0x0000, 0x0000, 0x0000, 0x0000, 0x0000,
  0x0000, 0x0000, 0x0000, 0x0000, 0x0000, 0x0000, 0x0000, 0x0000, 0x0000, 0x0000, 0x0000, 0x0000,
  0x0000, 0x0000, 0x0000, 0x0000, 0x0000, 0x0000, 0x0000, 0x0000, 0x0000, 0x0000, 0x0000, 0x0000,
  0x0000, 0x0000, 0x0000, 0x0000, 0x0000, 0x0000, 0x0000, 0x0000, 0x0000, 0x0000, 0x0000, 0x0000,
  0x0000, 0x0000, 0x0000, 0x0000, 0x0000, 0x0020, 0x0000, 0x0000, 0x08C4, 0x1AF1, 0x3D3D, 0x867F,
  0xB67F, 0xBDDD, 0xBDBC, 0xBDFD, 0xBE1E, 0x9D5B, 0x6C15, 0x32AF, 0x098B, 0x0149, 0x11EC, 0x3AF1,
  0x8498, 0xA55B, 0xAD7C, 0xB5BD, 0xBDFE, 0xBDFE, 0xB5BE, 0xA55D, 0x9D3C, 0x9D1C, 0x7C99, 0x5373,
  0x32D1, 0x3AD1, 0x6394, 0x8CDA, 0xA55D, 0xAD7D, 0xAD7D, 0xAD5C, 0xA51C, 0x9CFB, 0x94DB, 0x94DA,
  0x94DA, 0x9CDA, 0x94BA, 0x7417, 0x3AF1, 0x224D, 0x19EB, 0x098A, 0x118A, 0x1A2D, 0x226E, 0x120C,
  0x096A, 0x0108, 0x00E7, 0x0149, 0x222C, 0x4352, 0x6415, 0x6C14, 0x7434, 0x5B90, 0x3AAD, 0x3AEE,
  0x32AE, 0x32AD, 0x328D, 0x2A4C, 0x326C, 0x2A6C, 0x2A2B, 0x324B, 0x3ACE, 0x4B70, 0x4B2F, 0x430E,
  0x4B4F, 0x4B50, 0x430F, 0x3AEE, 0x5391, 0x63F2, 0x5BD1, 0x5BB1, 0x6C33, 0x8D16, 0x7CD5, 0x6C12,
  0x63D1, 0x5BB0, 0x63F2, 0x6C12, 0x7474, 0x6C53, 0x6C12, 0x7455, 0x85DD, 0x6E5F, 0x351C, 0x1AD0,
  0x00A3, 0x0000, 0x0000, 0x0000, 0x0000, 0x0000, 0x0000, 0x0000, 0x0000, 0x0000, 0x0000, 0x0000,
  0x0000, 0x0000, 0x0000, 0x0000, 0x0000, 0x0000, 0x0000, 0x0000, 0x0000, 0x0000, 0x0000, 0x0000,
  0x0000, 0x0000, 0x0000, 0x0000, 0x0000, 0x0000, 0x0000, 0x0000, 0x0000, 0x0000, 0x0000, 0x0000,
  0x0000, 0x0000, 0x0000, 0x0000, 0x0000, 0x0000, 0x0000, 0x0000, 0x0000, 0x0000, 0x0000, 0x0000,
  0x0000, 0x0000, 0x0000, 0x0000, 0x0000, 0x0000, 0x0000, 0x0000, 0x0000, 0x0000, 0x0000, 0x0000,
  0x0000, 0x0000, 0x0000, 0x0000, 0x0000, 0x0000, 0x0000, 0x0000, 0x0000, 0x0000, 0x0000, 0x0000,
  0x0000, 0x0000, 0x0000, 0x0000, 0x0000, 0x0000, 0x0000, 0x0000, 0x0000, 0x0000, 0x0000, 0x0000,
  0x0000, 0x0000, 0x0000, 0x0000, 0x0000, 0x0000, 0x0000, 0x0000, 0x0000, 0x0000, 0x0000, 0x0000,
  0x0000, 0x0000, 0x0000, 0x0000, 0x0000, 0x0000, 0x0000, 0x0000, 0x0000, 0x0000, 0x0000, 0x0000,
  0x0000, 0x0000, 0x0000, 0x0000, 0x0000, 0x0000, 0x0000, 0x0000, 0x0000, 0x0000, 0x0000, 0x0000,
  0x0000, 0x0000, 0x0000, 0x0000, 0x0000, 0x0000, 0x0000, 0x0000, 0x0000, 0x0000, 0x0000, 0x0000,
  0x0000, 0x0000, 0x0000, 0x0000, 0x0000, 0x0000, 0x0000, 0x0000, 0x0000, 0x0000, 0x0083, 0x128E,
  0x34BA, 0x65DF, 0x8DFF, 0xB5FE, 0xCE1D, 0xAD9C, 0x63F4, 0x1A0D, 0x00E8, 0x00A6, 0x00E8, 0x11EC,
  0x63D4, 0xA55B, 0xAD7C, 0xB5BD, 0xC61E, 0xC61E, 0xBDFE, 0xB5BD, 0xAD9D, 0xA55D, 0x8CDA, 0x63D5,
  0x4B53, 0x63B5, 0x8CDA, 0xA55C, 0xA53C, 0xA53C, 0xA53C, 0x8CBA, 0x7437, 0x6BD6, 0x6BF6, 0x6BF6,
  0x73F6, 0x7C58, 0x8C99, 0x8499, 0x6C36, 0x5392, 0x3AF0, 0x1A2D, 0x09AB, 0x096A, 0x120C, 0x09AB,
  0x00E8, 0x00E7, 0x096A, 0x32AE, 0x5370, 0x53B1, 0x63D3, 0x7C76, 0x6BF4, 0x42EF, 0x2A6D, 0x2A6D,
  0x32AE, 0x32AD, 0x3AAD, 0x2A4B, 0x220A, 0x3AAD, 0x3AAD, 0x3A8C, 0x328D, 0x32AD, 0x3ACD, 0x4B0E,
  0x4B4F, 0x4B2F, 0x4B2F, 0x432F, 0x53B2, 0x6413, 0x53B1, 0x5BD2, 0x7C95, 0x7CB5, 0x5BB1, 0x53B1,
  0x5370, 0x5390, 0x5B90, 0x63D1, 0x6C12, 0x74D6, 0x5D5B, 0x3D5E, 0x2C59, 0x122D, 0x0062, 0x0000,
  0x0000, 0x0000, 0x0000, 0x0000, 0x0000, 0x0000, 0x0000, 0x0000, 0x0000, 0x0000, 0x0000, 0x0000,
  0x0000, 0x0000, 0x0000, 0x0000, 0x0000, 0x0000, 0x0000, 0x0000, 0x0000, 0x0000, 0x0000, 0x0000,
  0x0000, 0x0000, 0x0000, 0x0000, 0x0000, 0x0000, 0x0000, 0x0000, 0x0000, 0x0000, 0x0000, 0x0000,
  0x0000, 0x0000, 0x0000, 0x0000, 0x0000, 0x0000, 0x0000, 0x0000, 0x0000, 0x0000, 0x0000, 0x0000,
  0x0000, 0x0000, 0x0000, 0x0000, 0x0000, 0x0000, 0x0000, 0x0000, 0x0000, 0x0000, 0x0000, 0x0000,
  0x0000, 0x0000, 0x0000, 0x0000, 0x0000, 0x0000, 0x0000, 0x0000, 0x0000, 0x0000, 0x0000, 0x0000,
  0x0000, 0x0000, 0x0000, 0x0000, 0x0000, 0x0000, 0x0000, 0x0000, 0x0000, 0x0000, 0x0000, 0x0000,
  0x0000, 0x0000, 0x0000, 0x0000, 0x0000, 0x0000, 0x0000, 0x0000, 0x0000, 0x0000, 0x0000, 0x0000,
  0x0000, 0x0000, 0x0000, 0x0000, 0x0000, 0x0000, 0x0000, 0x0000, 0x0000, 0x0000, 0x0000, 0x0000,
  0x0000, 0x0000, 0x0000, 0x0000, 0x0000, 0x0000, 0x0000, 0x0000, 0x0000, 0x0000, 0x0000, 0x0000,
  0x0000, 0x0000, 0x0000, 0x0000, 0x0000, 0x0000, 0x0000, 0x0000, 0x0000, 0x0000, 0x0000, 0x0000,
  0x0000, 0x0000, 0x0000, 0x0000, 0x0000, 0x0000, 0x0000, 0x0000, 0x0000, 0x0000, 0x0000, 0x0000,
  0x0020, 0x09A9, 0x23D5, 0x453E, 0x75FF, 0x9DFF, 0x84B8, 0x3A8F, 0x0949, 0x00C7, 0x00C7, 0x016A,
  0x3AF0, 0x8CB8, 0xAD7C, 0xB5BD, 0xBE1E, 0xBE1E, 0xBDFE, 0xBDDE, 0xBDFE, 0xBDFE, 0xAD9D, 0x84B9,
  0x6C16, 0x7436, 0x94FA, 0x9D1C, 0x8CFA, 0x8CDA, 0x8CDA, 0x7437, 0x4311, 0x222E, 0x1A2E, 0x1A0E,
  0x2A6F, 0x3AD0, 0x5373, 0x7C58, 0x8498, 0x63B4, 0x42F1, 0x226F, 0x014A, 0x00A6, 0x00E7, 0x096A,
  0x0108, 0x0108, 0x09AB, 0x32F0, 0x63F3, 0x7C55, 0x7C56, 0x7416, 0x5B92, 0x3AAE, 0x2A6D, 0x326D,
  0x2A6C, 0x328C, 0x3A8C, 0x326C, 0x326C, 0x5370, 0x7473, 0x5B91, 0x3ACE, 0x328D, 0x42EE, 0x4B2F,
  0x5370, 0x4B50, 0x430F, 0x5BD2, 0x7CB5, 0x7CB5, 0x7CB5, 0x7474, 0x5BB1, 0x4B50, 0x430F, 0x4B50,
  0x5370, 0x5B90, 0x6413, 0x54B8, 0x451C, 0x351D, 0x1BB5, 0x0989, 0x0000, 0x0000, 0x0000, 0x0000,
  0x0000, 0x0000, 0x0000, 0x0000, 0x0000, 0x0000, 0x0000, 0x0000, 0x0000, 0x0000, 0x0000, 0x0000,
  0x0000, 0x0000, 0x0000, 0x0000, 0x0000, 0x0000, 0x0000, 0x0000, 0x0000, 0x0000, 0x0000, 0x0000,
  0x0000, 0x0000, 0x0000, 0x0000, 0x0000, 0x0000, 0x0000, 0x0000, 0x0000, 0x0000, 0x0000, 0x0000,
  0x0000, 0x0000, 0x0000, 0x0000, 0x0000, 0x0000, 0x0000, 0x0000, 0x0000, 0x0000, 0x0000, 0x0000,
  0x0000, 0x0000, 0x0000, 0x0000, 0x0000, 0x0000, 0x0000, 0x0000, 0x0000, 0x0000, 0x0000, 0x0000,
  0x0000, 0x0000, 0x0000, 0x0000, 0x0000, 0x0000, 0x0000, 0x0000, 0x0000, 0x0000, 0x0000, 0x0000,
  0x0000, 0x0000, 0x0000, 0x0000, 0x0000, 0x0000, 0x0000, 0x0000, 0x0000, 0x0000, 0x0000, 0x0000,
  0x0000, 0x0000, 0x0000, 0x0000, 0x0000, 0x0000, 0x0000, 0x0000, 0x0000, 0x0000, 0x0000, 0x0000,
  0x0000, 0x0000, 0x0000, 0x0000, 0x0000, 0x0000, 0x0000, 0x0000, 0x0000, 0x0000, 0x0000, 0x0000,
  0x0000, 0x0000, 0x0000, 0x0000, 0x0000, 0x0000, 0x0000, 0x0000, 0x0000, 0x0000, 0x0000, 0x0000,
  0x0000, 0x0000, 0x0000, 0x0000, 0x0000, 0x0000, 0x0000, 0x0000, 0x0000, 0x0000, 0x0000, 0x0000,
  0x0000, 0x0000, 0x0000, 0x0000, 0x0000, 0x0000, 0x0000, 0x0000, 0x0000, 0x0000, 0x0000, 0x0020,
  0x0000, 0x0000, 0x0000, 0x00C4, 0x128F, 0x2C7A, 0x559F, 0x5D1C, 0x3B54, 0x19CC, 0x0929, 0x096A,
  0x2A6E, 0x6C15, 0x9D3B, 0xAD9D, 0xBDFE, 0xBDFE, 0xBDFE, 0xC61E, 0xC63E, 0xCE5E, 0xBE1E, 0x8CF9,
  0x6C36, 0x6C35, 0x7457, 0x8CDA, 0x8CDA, 0x84B9, 0x84B9, 0x7436, 0x32AF, 0x0129, 0x00A6, 0x00A6,
  0x0109, 0x016A, 0x224E, 0x5BB4, 0x8CD9, 0x94DA, 0x7437, 0x5373, 0x2A6E, 0x19CA, 0x1189, 0x19EB,
  0x32AE, 0x432F, 0x5BB2, 0x63D4, 0x7436, 0x8477, 0x8C98, 0x847A, 0x84B8, 0x84D5, 0x63D1, 0x4B0E,
  0x3A8C, 0x3A8C, 0x326C, 0x324C, 0x3AAD, 0x42EE, 0x5390, 0x4B50, 0x430F, 0x42EE, 0x4B2F, 0x63D2,
  0x6413, 0x5391, 0x4B50, 0x5BB1, 0x63F2, 0x5391, 0x6413, 0x6C33, 0x53B1, 0x63D1, 0x532F, 0x430F,
  0x43D4, 0x4CFB, 0x3D7F, 0x2C99, 0x128E, 0x00A3, 0x0000, 0x0000, 0x0000, 0x0000, 0x0000, 0x0000,
  0x0000, 0x0000, 0x0000, 0x0000, 0x0000, 0x0000, 0x0000, 0x0000, 0x0000, 0x0000, 0x0000, 0x0000,
  0x0000, 0x0000, 0x0000, 0x0000, 0x0000, 0x0000, 0x0000, 0x0000, 0x0000, 0x0000, 0x0000, 0x0000,
  0x0000, 0x0000, 0x0000, 0x0000, 0x0000, 0x0000, 0x0000, 0x0000, 0x0000, 0x0000, 0x0000, 0x0000,
  0x0000, 0x0000, 0x0000, 0x0000, 0x0000, 0x0000, 0x0000, 0x0000, 0x0000, 0x0000, 0x0000, 0x0000,
  0x0000, 0x0000, 0x0000, 0x0000, 0x0000, 0x0000, 0x0000, 0x0000, 0x0000, 0x0000, 0x0000, 0x0000,
  0x0000, 0x0000, 0x0000, 0x0000, 0x0000, 0x0000, 0x0000, 0x0000, 0x0000, 0x0000, 0x0000, 0x0000,
  0x0000, 0x0000, 0x0000, 0x0000, 0x0000, 0x0000, 0x0000, 0x0000, 0x0000, 0x0000, 0x0000, 0x0000,
  0x0000, 0x0000, 0x0000, 0x0000, 0x0000, 0x0000, 0x0000, 0x0000, 0x0000, 0x0000, 0x0000, 0x0000,
  0x0000, 0x0000, 0x0000, 0x0000, 0x0000, 0x0000, 0x0000, 0x0000, 0x0000, 0x0000, 0x0000, 0x0000,
  0x0000, 0x0000, 0x0000, 0x0000, 0x0000, 0x0000, 0x0000, 0x0000, 0x0000, 0x0000, 0x0000, 0x0000,
  0x0000, 0x0000, 0x0000, 0x0000, 0x0000, 0x0000, 0x0000, 0x0000, 0x0000, 0x0000, 0x0000, 0x0000,
  0x0000, 0x0000, 0x0000, 0x0000, 0x0000, 0x0000, 0x0000, 0x0000, 0x0000, 0x0000, 0x0000, 0x0000,
  0x0000, 0x0000, 0x0000, 0x0000, 0x0000, 0x0000, 0x0947, 0x2332, 0x3CBB, 0x451D, 0x3439, 0x22D1,
  0x328E, 0x6392, 0x94B9, 0xA57D, 0xB5BD, 0xBDFE, 0xBE1E, 0xC63E, 0xCE5E, 0xCE5E, 0xAD9C, 0x7476,
  0x5393, 0x53B3, 0x6C35, 0x8CD9, 0x951B, 0x94FB, 0x8CDA, 0x63D5, 0x224E, 0x014A, 0x00A6, 0x0064,
  0x00C7, 0x11EC, 0x224D, 0x4B31, 0x7C77, 0x9D3B, 0x94FA, 0x7C57, 0x7C76, 0x7475, 0x53B2, 0x6413,
  0x7CB5, 0x84D6, 0x8497, 0x8C97, 0x94B8, 0x94B8, 0x94F9, 0x951A, 0xA5BB, 0xBE5B, 0xAE1A, 0x8D17,
  0x6C14, 0x5BB2, 0x4B2F, 0x3AAD, 0x3AAD, 0x3AAD, 0x430F, 0x5390, 0x5B91, 0x5390, 0x63F2, 0x6C13,
  0x7454, 0x6413, 0x5BB2, 0x5BD2, 0x430F, 0x324C, 0x326C, 0x220B, 0x2A8E, 0x5435, 0x44BA, 0x3D1D,
  0x2CBC, 0x1B74, 0x0968, 0x0000, 0x0000, 0x0000, 0x0000, 0x0000, 0x0000, 0x0000, 0x0000, 0x0000,
  0x0000, 0x0000, 0x0000, 0x0000, 0x0000, 0x0000, 0x0000, 0x0000, 0x0000, 0x0000, 0x0000, 0x0000,
  0x0000, 0x0000, 0x0000, 0x0000, 0x0000, 0x0000, 0x0000, 0x0000, 0x0000, 0x0000, 0x0000, 0x0000,
  0x0000, 0x0000, 0x0000, 0x0000, 0x0000, 0x0000, 0x0000, 0x0000, 0x0000, 0x0000, 0x0000, 0x0000,
  0x0000, 0x0000, 0x0000, 0x0000, 0x0000, 0x0000, 0x0000, 0x0000, 0x0000, 0x0000, 0x0000, 0x0000,
  0x0000, 0x0000, 0x0000, 0x0000, 0x0000, 0x0000, 0x0000, 0x0000, 0x0000, 0x0000, 0x0000, 0x0000,
  0x0000, 0x0000, 0x0000, 0x0000, 0x0000, 0x0000, 0x0000, 0x0000, 0x0000, 0x0000, 0x0000, 0x0000,
  0x0000, 0x0000, 0x0000, 0x0000, 0x0000, 0x0000, 0x0000, 0x0000, 0x0000, 0x0000, 0x0000, 0x0000,
  0x0000, 0x0000, 0x0000, 0x0000, 0x0000, 0x0000, 0x0000, 0x0000, 0x0000, 0x0000, 0x0000, 0x0000,
  0x0000, 0x0000, 0x0000, 0x0000, 0x0000, 0x0000, 0x0000, 0x0000, 0x0000, 0x0000, 0x0000, 0x0000,
  0x0000, 0x0000, 0x0000, 0x0000, 0x0000, 0x0000, 0x0000, 0x0000, 0x0000, 0x0000, 0x0000, 0x0000,
  0x0000, 0x0000, 0x0000, 0x0000, 0x0000, 0x0000, 0x0000, 0x0000, 0x0000, 0x0000, 0x0000, 0x0000,
  0x0000, 0x0000, 0x0000, 0x0000, 0x0000, 0x0000, 0x0000, 0x0000, 0x0000, 0x0000, 0x0000, 0x0000,
  0x0000, 0x0000, 0x0000, 0x0000, 0x0020, 0x0000, 0x0000, 0x0000, 0x0021, 0x1189, 0x2353, 0x34BA,
  0x3D1D, 0x4CFC, 0x7D3D, 0xA59D, 0xB5BD, 0xBDFD, 0xBDFD, 0xC63E, 0xCE5E, 0xC61E, 0x8CF9, 0x53B3,
  0x32CF, 0x32D0, 0x63F4, 0x9D3A, 0xAD9D, 0xAD7D, 0xA55C, 0x8CDA, 0x63D5, 0x32B0, 0x11CC, 0x098A,
  0x1A2C, 0x53B1, 0x7454, 0x7475, 0x9519, 0xA57B, 0xAD5C, 0x9D1B, 0x9D1A, 0x7C77, 0x4B72, 0x4B52,
  0x6C14, 0x8476, 0x8C97, 0x94D8, 0x9CF8, 0x94B8, 0x8496, 0x7455, 0x7475, 0x7C95, 0x8D16, 0x84D9,
  0x749A, 0x8D1A, 0x8CF7, 0x84D6, 0x84D5, 0x6C32, 0x5BB0, 0x5370, 0x4B0F, 0x5370, 0x63F2, 0x5370,
  0x5370, 0x5370, 0x4B2F, 0x5B90, 0x5370, 0x3B30, 0x3BD5, 0x2C38, 0x2CFC, 0x2CBB, 0x1B74, 0x09AA,
  0x0041, 0x0000, 0x0000, 0x0000, 0x0000, 0x0000, 0x0000, 0x0000, 0x0000, 0x0000, 0x0000, 0x0000,
  0x0000, 0x0000, 0x0000, 0x0000, 0x0000, 0x0000, 0x0000, 0x0000, 0x0000, 0x0000, 0x0000, 0x0000,
  0x0000, 0x0000, 0x0000, 0x0000, 0x0000, 0x0000, 0x0000, 0x0000, 0x0000, 0x0000, 0x0000, 0x0000,
  0x0000, 0x0000, 0x0000, 0x0000, 0x0000, 0x0000, 0x0000, 0x0000, 0x0000, 0x0000, 0x0000, 0x0000,
  0x0000, 0x0000, 0x0000, 0x0000, 0x0000, 0x0000, 0x0000, 0x0000, 0x0000, 0x0000, 0x0000, 0x0000,
  0x0000, 0x0000, 0x0000, 0x0000, 0x0000, 0x0000, 0x0000, 0x0000, 0x0000, 0x0000, 0x0000, 0x0000,
  0x0000, 0x0000, 0x0000, 0x0000, 0x0000, 0x0000, 0x0000, 0x0000, 0x0000, 0x0000, 0x0000, 0x0000,
  0x0000, 0x0000, 0x0000, 0x0000, 0x0000, 0x0000, 0x0000, 0x0000, 0x0000, 0x0000, 0x0000, 0x0000,
  0x0000, 0x0000, 0x0000, 0x0000, 0x0000, 0x0000, 0x0000, 0x0000, 0x0000, 0x0000, 0x0000, 0x0000,
  0x0000, 0x0000, 0x0000, 0x0000, 0x0000, 0x0000, 0x0000, 0x0000, 0x0000, 0x0000, 0x0000, 0x0000,
  0x0000, 0x0000, 0x0000, 0x0000, 0x0000, 0x0000, 0x0000, 0x0000, 0x0000, 0x0000, 0x0000, 0x0000,
  0x0000, 0x0000, 0x0000, 0x0000, 0x0000, 0x0000, 0x0000, 0x0000, 0x0000, 0x0000, 0x0000, 0x0000,
  0x0000, 0x0000, 0x0000, 0x0000, 0x0000, 0x0000, 0x0000, 0x0000, 0x0000, 0x0000, 0x0000, 0x0000,
  0x0000, 0x0000, 0x0000, 0x0000, 0x0000, 0x0000, 0x0000, 0x0000, 0x0000, 0x0000, 0x0000, 0x0021,
  0x0947, 0x1AD1, 0x2C38, 0x455E, 0x65DF, 0x7DDF, 0x95DF, 0xB61E, 0xCE3E, 0xC5FD, 0x9CF9, 0x63D4,
  0x4331, 0x4331, 0x7456, 0xAD7B, 0xB5BD, 0xB59D, 0xB59D, 0xB59D, 0xA53C, 0x7C59, 0x63D6, 0x63D5,
  0x5BB3, 0x84D6, 0xBE5B, 0xB63B, 0xADBB, 0xAD9C, 0xB59C, 0xAD7C, 0x94DA, 0x7436, 0x5B94, 0x5352,
  0x6BF5, 0x94D8, 0x9D19, 0x9CF9, 0x9CF8, 0x8496, 0x6BF3, 0x4B30, 0x3ACE, 0x328D, 0x3ACE, 0x4B50,
  0x63F4, 0x8D17, 0xBE5B, 0xBE7C, 0x9D99, 0x9537, 0x84D5, 0x84D5, 0x7C74, 0x8494, 0x84B4, 0x6390,
  0x42EF, 0x3AEF, 0x3B93, 0x4499, 0x453E, 0x3D1D, 0x2C9A, 0x2353, 0x11A9, 0x0042, 0x0000, 0x0000,
  0x0000, 0x0000, 0x0000, 0x0000, 0x0000, 0x0000, 0x0000, 0x0000, 0x0000, 0x0000, 0x0000, 0x0000,
  0x0000, 0x0000, 0x0000, 0x0000, 0x0000, 0x0000, 0x0000, 0x0000, 0x0000, 0x0000, 0x0000, 0x0000,
  0x0000, 0x0000, 0x0000, 0x0000, 0x0000, 0x0000, 0x0000, 0x0000, 0x0000, 0x0000, 0x0000, 0x0000,
  0x0000, 0x0000, 0x0000, 0x0000, 0x0000, 0x0000, 0x0000, 0x0000, 0x0000, 0x0000, 0x0000, 0x0000,
  0x0000, 0x0000, 0x0000, 0x0000, 0x0000, 0x0000, 0x0000, 0x0000, 0x0000, 0x0000, 0x0000, 0x0000,
  0x0000, 0x0000, 0x0000, 0x0000, 0x0000, 0x0000, 0x0000, 0x0000, 0x0000, 0x0000, 0x0000, 0x0000,
  0x0000, 0x0000, 0x0000, 0x0000, 0x0000, 0x0000, 0x0000, 0x0000, 0x0000, 0x0000, 0x0000, 0x0000,
  0x0000, 0x0000, 0x0000, 0x0000, 0x0000, 0x0000, 0x0000, 0x0000, 0x0000, 0x0000, 0x0000, 0x0000,
  0x0000, 0x0000, 0x0000, 0x0000, 0x0000, 0x0000, 0x0000, 0x0000, 0x0000, 0x0000, 0x0000, 0x0000,
  0x0000, 0x0000, 0x0000, 0x0000, 0x0000, 0x0000, 0x0000, 0x0000, 0x0000, 0x0000, 0x0000, 0x0000,
  0x0000, 0x0000, 0x0000, 0x0000, 0x0000, 0x0000, 0x0000, 0x0000, 0x0000, 0x0000, 0x0000, 0x0000,
  0x0000, 0x0000, 0x0000, 0x0000, 0x0000, 0x0000, 0x0000, 0x0000, 0x0000, 0x0000, 0x0000, 0x0000,
  0x0000, 0x0000, 0x0000, 0x0000, 0x0000, 0x0000, 0x0000, 0x0000, 0x0000, 0x0000, 0x0000, 0x0000,
  0x0000, 0x0000, 0x0000, 0x0000, 0x0000, 0x0000, 0x0000, 0x0000, 0x0000, 0x0000, 0x0020, 0x0000,
  0x0000, 0x0000, 0x0000, 0x00A4, 0x09CB, 0x1B32, 0x2C79, 0x4D5E, 0x65DF, 0x7DFF, 0x85BF, 0x851B,
  0x7C97, 0x8CB7, 0xAD5A, 0xBDBC, 0xB57C, 0xAD5C, 0xAD5C, 0xAD7D, 0xAD5D, 0xA53D, 0x9D1D, 0x94FB,
  0x94FB, 0xA57B, 0xADDB, 0x9D59, 0x7C97, 0x8477, 0x9519, 0xA55B, 0x9D1B, 0x8C98, 0x7C57, 0x7C56,
  0x94B8, 0xA539, 0xA55A, 0xA539, 0x8C97, 0x6BF4, 0x4B30, 0x2A4C, 0x2A2B, 0x2A6C, 0x3ACE, 0x5391,
  0x4B2F, 0x4B2F, 0x84B5, 0x9517, 0x7C74, 0x9D36, 0xAD98, 0xB61B, 0xAE5C, 0xA67E, 0x8E5F, 0x5D9E,
  0x455D, 0x3D1C, 0x2C79, 0x2354, 0x120C, 0x08C5, 0x0000, 0x0000, 0x0000, 0x0000, 0x0000, 0x0000,
  0x0000, 0x0000, 0x0000, 0x0000, 0x0000, 0x0000, 0x0000, 0x0000, 0x0000, 0x0000, 0x0000, 0x0000,
  0x0000, 0x0000, 0x0000, 0x0000, 0x0000, 0x0000, 0x0000, 0x0000, 0x0000, 0x0000, 0x0000, 0x0000,
  0x0000, 0x0000, 0x0000, 0x0000, 0x0000, 0x0000, 0x0000, 0x0000, 0x0000, 0x0000, 0x0000, 0x0000,
  0x0000, 0x0000, 0x0000, 0x0000, 0x0000, 0x0000, 0x0000, 0x0000, 0x0000, 0x0000, 0x0000, 0x0000,
  0x0000, 0x0000, 0x0000, 0x0000, 0x0000, 0x0000, 0x0000, 0x0000, 0x0000, 0x0000, 0x0000, 0x0000,
  0x0000, 0x0000, 0x0000, 0x0000, 0x0000, 0x0000, 0x0000, 0x0000, 0x0000, 0x0000, 0x0000, 0x0000,
  0x0000, 0x0000, 0x0000, 0x0000, 0x0000, 0x0000, 0x0000, 0x0000, 0x0000, 0x0000, 0x0000, 0x0000,
  0x0000, 0x0000, 0x0000, 0x0000, 0x0000, 0x0000, 0x0000, 0x0000, 0x0000, 0x0000, 0x0000, 0x0000,
  0x0000, 0x0000, 0x0000, 0x0000, 0x0000, 0x0000, 0x0000, 0x0000, 0x0000, 0x0000, 0x0000, 0x0000,
  0x0000, 0x0000, 0x0000, 0x0000, 0x0000, 0x0000, 0x0000, 0x0000, 0x0000, 0x0000, 0x0000, 0x0000,
  0x0000, 0x0000, 0x0000, 0x0000, 0x0000, 0x0000, 0x0000, 0x0000, 0x0000, 0x0000, 0x0000, 0x0000,
  0x0000, 0x0000, 0x0000, 0x0000, 0x0000, 0x0000, 0x0000, 0x0000, 0x0000, 0x0000, 0x0000, 0x0000,
  0x0000, 0x0000, 0x0000, 0x0000, 0x0000, 0x0000, 0x0000, 0x0000, 0x0000, 0x0000, 0x0000, 0x0000,
  0x0000, 0x0000, 0x0000, 0x0000, 0x0000, 0x0000, 0x0000, 0x0000, 0x0000, 0x0000, 0x0000, 0x0000,
  0x0000, 0x0000, 0x0000, 0x0000, 0x0000, 0x0000, 0x0000, 0x00A4, 0x09AA, 0x12D0, 0x2417, 0x3CFC,
  0x455E, 0x5DBF, 0x7DFF, 0x85DF, 0x855E, 0x84DB, 0x94FB, 0xA53C, 0xAD3C, 0xB55D, 0xAD3D, 0xAD3D,
  0xAD3D, 0x9CFB, 0x8498, 0x7415, 0x5B72, 0x5372, 0x63D4, 0x7C76, 0x9D19, 0x94F9, 0x94D9, 0x9CF9,
  0xA53A, 0xAD5A, 0xAD5A, 0x9CF8, 0x6BF4, 0x42EF, 0x2A4C, 0x2A4C, 0x324B, 0x42AC, 0x4B0E, 0x4AEE,
  0x3ACD, 0x432F, 0x53D3, 0x53F4, 0x43F5, 0x4CB9, 0x5D7E, 0x55BF, 0x3D3D, 0x2C79, 0x1B74, 0x126E,
  0x0988, 0x00A3, 0x0000, 0x0000, 0x0000, 0x0000, 0x0000, 0x0000, 0x0000, 0x0000, 0x0000, 0x0000,
  0x0000, 0x0000, 0x0000, 0x0000, 0x0000, 0x0000, 0x0000, 0x0000, 0x0000, 0x0000, 0x0000, 0x0000,
  0x0000, 0x0000, 0x0000, 0x0000, 0x0000, 0x0000, 0x0000, 0x0000, 0x0000, 0x0000, 0x0000, 0x0000,
  0x0000, 0x0000, 0x0000, 0x0000, 0x0000, 0x0000, 0x0000, 0x0000, 0x0000, 0x0000, 0x0000, 0x0000,
  0x0000, 0x0000, 0x0000, 0x0000, 0x0000, 0x0000, 0x0000, 0x0000, 0x0000, 0x0000, 0x0000, 0x0000,
  0x0000, 0x0000, 0x0000, 0x0000, 0x0000, 0x0000, 0x0000, 0x0000, 0x0000, 0x0000, 0x0000, 0x0000,
  0x0000, 0x0000, 0x0000, 0x0000, 0x0000, 0x0000, 0x0000, 0x0000, 0x0000, 0x0000, 0x0000, 0x0000,
  0x0000, 0x0000, 0x0000, 0x0000, 0x0000, 0x0000, 0x0000, 0x0000, 0x0000, 0x0000, 0x0000, 0x0000,
  0x0000, 0x0000, 0x0000, 0x0000, 0x0000, 0x0000, 0x0000, 0x0000, 0x0000, 0x0000, 0x0000, 0x0000,
  0x0000, 0x0000, 0x0000, 0x0000, 0x0000, 0x0000, 0x0000, 0x0000, 0x0000, 0x0000, 0x0000, 0x0000,
  0x0000, 0x0000, 0x0000, 0x0000, 0x0000, 0x0000, 0x0000, 0x0000, 0x0000, 0x0000, 0x0000, 0x0000,
  0x0000, 0x0000, 0x0000, 0x0000, 0x0000, 0x0000, 0x0000, 0x0000, 0x0000, 0x0000, 0x0000, 0x0000,
  0x0000, 0x0000, 0x0000, 0x0000, 0x0000, 0x0000, 0x0000, 0x0000, 0x0000, 0x0000, 0x0000, 0x0000,
  0x0000, 0x0000, 0x0000, 0x0000, 0x0000, 0x0000, 0x0000, 0x0000, 0x0000, 0x0000, 0x0000, 0x0000,
  0x0000, 0x0000, 0x0000, 0x0000, 0x0000, 0x0000, 0x0000, 0x0000, 0x0000, 0x0000, 0x0000, 0x0000,
  0x0000, 0x0000, 0x0000, 0x0000, 0x0000, 0x0000, 0x0000, 0x0000, 0x0000, 0x0000, 0x0000, 0x0041,
  0x00E5, 0x09CA, 0x128F, 0x1B74, 0x2418, 0x34BB, 0x3D1E, 0x4D5F, 0x5D9F, 0x6DDF, 0x75BF, 0x7D9F,
  0x8D9F, 0x8D5E, 0x7CDB, 0x6C57, 0x5393, 0x3ACF, 0x328F, 0x5352, 0x8476, 0x94D9, 0xA51A, 0xAD7B,
  0xB59B, 0xAD5B, 0xA53A, 0x8497, 0x5BB3, 0x3AF0, 0x2AD0, 0x3B73, 0x3B93, 0x4416, 0x4499, 0x3C9A,
  0x3CDB, 0x3D1D, 0x34FC, 0x349A, 0x2BF7, 0x1B12, 0x122D, 0x0948, 0x0083, 0x0000, 0x0000, 0x0000,
  0x0000, 0x0000, 0x0000, 0x0000, 0x0000, 0x0000, 0x0000, 0x0000, 0x0000, 0x0000, 0x0000, 0x0000,
  0x0000, 0x0000, 0x0000, 0x0000, 0x0000, 0x0000, 0x0000, 0x0000, 0x0000, 0x0000, 0x0000, 0x0000,
  0x0000, 0x0000, 0x0000, 0x0000, 0x0000, 0x0000, 0x0000, 0x0000, 0x0000, 0x0000, 0x0000, 0x0000,
  0x0000, 0x0000, 0x0000, 0x0000, 0x0000, 0x0000, 0x0000, 0x0000, 0x0000, 0x0000, 0x0000, 0x0000,
  0x0000, 0x0000, 0x0000, 0x0000, 0x0000, 0x0000, 0x0000, 0x0000, 0x0000, 0x0000, 0x0000, 0x0000,
  0x0000, 0x0000, 0x0000, 0x0000, 0x0000, 0x0000, 0x0000, 0x0000, 0x0000, 0x0000, 0x0000, 0x0000,
  0x0000, 0x0000, 0x0000, 0x0000, 0x0000, 0x0000, 0x0000, 0x0000, 0x0000, 0x0000, 0x0000, 0x0000,
  0x0000, 0x0000, 0x0000, 0x0000, 0x0000, 0x0000, 0x0000, 0x0000, 0x0000, 0x0000, 0x0000, 0x0000,
  0x0000, 0x0000, 0x0000, 0x0000, 0x0000, 0x0000, 0x0000, 0x0000, 0x0000, 0x0000, 0x0000, 0x0000,
  0x0000, 0x0000, 0x0000, 0x0000, 0x0000, 0x0000, 0x0000, 0x0000, 0x0000, 0x0000, 0x0000, 0x0000,
  0x0000, 0x0000, 0x0000, 0x0000, 0x0000, 0x0000, 0x0000, 0x0000, 0x0000, 0x0000, 0x0000, 0x0000,
  0x0000, 0x0000, 0x0000, 0x0000, 0x0000, 0x0000, 0x0000, 0x0000, 0x0000, 0x0000, 0x0000, 0x0000,
  0x0000, 0x0000, 0x0000, 0x0000, 0x0000, 0x0000, 0x0000, 0x0000, 0x0000, 0x0000, 0x0000, 0x0000,
  0x0000, 0x0000, 0x0000, 0x0000, 0x0000, 0x0000, 0x0000, 0x0000, 0x0000, 0x0000, 0x0000, 0x0000,
  0x0000, 0x0000, 0x0000, 0x0000, 0x0000, 0x0000, 0x0000, 0x0000, 0x0000, 0x0000, 0x0000, 0x0000,
  0x0000, 0x0000, 0x0000, 0x0000, 0x0000, 0x0000, 0x0000, 0x0000, 0x0000, 0x0020, 0x0000, 0x0000,
  0x0000, 0x0000, 0x0000, 0x0000, 0x0000, 0x0041, 0x00C5, 0x0968, 0x0A0C, 0x128F, 0x1333, 0x1BB6,
  0x2438, 0x349A, 0x34BB, 0x34BC, 0x34FC, 0x34DC, 0x34DB, 0x3D1C, 0x4D3D, 0x4D5E, 0x557F, 0x5D9F,
  0x5D9F, 0x557F, 0x4D5E, 0x451D, 0x3CFD, 0x34FC, 0x34BB, 0x34BA, 0x3479, 0x23D6, 0x1B32, 0x1A8F,
  0x11EB, 0x0927, 0x0083, 0x0021, 0x0000, 0x0000, 0x0000, 0x0000, 0x0000, 0x0000, 0x0000, 0x0020,
  0x0000, 0x0000, 0x0000, 0x0000, 0x0000, 0x0000, 0x0000, 0x0000, 0x0000, 0x0000, 0x0000, 0x0000,
  0x0000, 0x0000, 0x0000, 0x0000, 0x0000, 0x0000, 0x0000, 0x0000, 0x0000, 0x0000, 0x0000, 0x0000,
  0x0000, 0x0000, 0x0000, 0x0000, 0x0000, 0x0000, 0x0000, 0x0000, 0x0000, 0x0000, 0x0000, 0x0000,
  0x0000, 0x0000, 0x0000, 0x0000, 0x0000, 0x0000, 0x0000, 0x0000, 0x0000, 0x0000, 0x0000, 0x0000,
  0x0000, 0x0000, 0x0000, 0x0000, 0x0000, 0x0000, 0x0000, 0x0000, 0x0000, 0x0000, 0x0000, 0x0000,
  0x0000, 0x0000, 0x0000, 0x0000, 0x0000, 0x0000, 0x0000, 0x0000, 0x0000, 0x0000, 0x0000, 0x0000,
  0x0000, 0x0000, 0x0000, 0x0000, 0x0000, 0x0000, 0x0000, 0x0000, 0x0000, 0x0000, 0x0000, 0x0000,
  0x0000, 0x0000, 0x0000, 0x0000, 0x0000, 0x0000, 0x0000, 0x0000, 0x0000, 0x0000, 0x0000, 0x0000,
  0x0000, 0x0000, 0x0000, 0x0000, 0x0000, 0x0000, 0x0000, 0x0000, 0x0000, 0x0000, 0x0000, 0x0000,
  0x0000, 0x0000, 0x0000, 0x0000, 0x0000, 0x0000, 0x0000, 0x0000, 0x0000, 0x0000, 0x0000, 0x0000,
  0x0000, 0x0000, 0x0000, 0x0000, 0x0000, 0x0000, 0x0000, 0x0000, 0x0000, 0x0000, 0x0000, 0x0000,
  0x0000, 0x0000, 0x0000, 0x0000, 0x0000, 0x0000, 0x0000, 0x0000, 0x0000, 0x0000, 0x0000, 0x0000,
  0x0000, 0x0000, 0x0000, 0x0000, 0x0000, 0x0000, 0x0000, 0x0000, 0x0000, 0x0000, 0x0000, 0x0000,
  0x0000, 0x0000, 0x0000, 0x0000, 0x0000, 0x0000, 0x0000, 0x0000, 0x0000, 0x0000, 0x0000, 0x0000,
  0x0000, 0x0000, 0x0000, 0x0000, 0x0000, 0x0000, 0x0000, 0x0000, 0x0000, 0x0000, 0x0000, 0x0000,
  0x0000, 0x0000, 0x0000, 0x0000, 0x0000, 0x0000, 0x0000, 0x0000, 0x0000, 0x0000, 0x0000, 0x0000,
  0x0000, 0x0000, 0x0000, 0x0000, 0x0000, 0x0000, 0x0000, 0x0000, 0x0000, 0x0000, 0x0000, 0x0000,
  0x0000, 0x0000, 0x0021, 0x0062, 0x0083, 0x08C4, 0x08E5, 0x0905, 0x0926, 0x0947, 0x0947, 0x0947,
  0x0947, 0x0947, 0x0906, 0x08E5, 0x00C4, 0x0083, 0x0042, 0x0000, 0x0000, 0x0000, 0x0000, 0x0000,
  0x0000, 0x0000, 0x0000, 0x0000, 0x0000, 0x0000, 0x0000, 0x0000, 0x0000, 0x0000, 0x0000, 0x0000,
  0x0000, 0x0000, 0x0000, 0x0000, 0x0000, 0x0000, 0x0000, 0x0000, 0x0000, 0x0000, 0x0000, 0x0000,
  0x0000, 0x0000, 0x0000, 0x0000, 0x0000, 0x0000, 0x0000, 0x0000, 0x0000, 0x0000, 0x0000, 0x0000,
  0x0000, 0x0000, 0x0000, 0x0000, 0x0000, 0x0000, 0x0000, 0x0000, 0x0000, 0x0000, 0x0000, 0x0000,
  0x0000, 0x0000, 0x0000, 0x0000, 0x0000, 0x0000, 0x0000, 0x0000, 0x0000, 0x0000, 0x0000, 0x0000,
  0x0000, 0x0000, 0x0000, 0x0000, 0x0000, 0x0000, 0x0000, 0x0000, 0x0000, 0x0000, 0x0000, 0x0000,
  0x0000, 0x0000, 0x0000, 0x0000, 0x0000, 0x0000, 0x0000, 0x0000, 0x0000, 0x0000, 0x0000, 0x0000,
  0x0000, 0x0000, 0x0000, 0x0000, 0x0000, 0x0000, 0x0000, 0x0000, 0x0000, 0x0000, 0x0000, 0x0000,
  0x0000, 0x0000, 0x0000, 0x0000, 0x0000, 0x0000, 0x0000, 0x0000, 0x0000, 0x0000, 0x0000, 0x0000,
  0x0000, 0x0000, 0x0000, 0x0000, 0x0000, 0x0000, 0x0000, 0x0000, 0x0000, 0x0000, 0x0000, 0x0000,
  0x0000, 0x0000, 0x0000, 0x0000, 0x0000, 0x0000, 0x0000, 0x0000, 0x0000, 0x0000, 0x0000, 0x0000,
  0x0000, 0x0000, 0x0000, 0x0000, 0x0000, 0x0000, 0x0000, 0x0000, 0x0000, 0x0000, 0x0000, 0x0000,
  0x0000, 0x0000, 0x0000, 0x0000, 0x0000, 0x0000, 0x0000, 0x0000, 0x0000, 0x0000, 0x0000, 0x0000,
  0x0000, 0x0000, 0x0000, 0x0000, 0x0000, 0x0000, 0x0000, 0x0000, 0x0000, 0x0000, 0x0000, 0x0000,
  0x0000, 0x0000, 0x0000, 0x0000, 0x0000, 0x0000, 0x0000, 0x0000, 0x0000, 0x0000, 0x0000, 0x0000,
  0x0000, 0x0000, 0x0000, 0x0000, 0x0000, 0x0000, 0x0000, 0x0000, 0x0000, 0x0000, 0x0000, 0x0000,
  0x0000, 0x0000, 0x0000, 0x0000, 0x0000, 0x0000, 0x0000, 0x0000, 0x0000, 0x0000, 0x0000, 0x0000,
  0x0000, 0x0000, 0x0000, 0x0000, 0x0000, 0x0000, 0x0000, 0x0000, 0x0000, 0x0020, 0x0000, 0x0000,
  0x0000, 0x0000, 0x0000, 0x0000, 0x0000, 0x0000, 0x0000, 0x0000, 0x0000, 0x0000, 0x0000, 0x0000,
  0x0000, 0x0000, 0x0000, 0x0000, 0x0000, 0x0000, 0x0000, 0x0000, 0x0000, 0x0000, 0x0000, 0x0020,
  0x0000, 0x0000, 0x0000, 0x0000, 0x0000, 0x0000, 0x0000, 0x0000, 0x0000, 0x0000, 0x0000, 0x0000,
  0x0000, 0x0000, 0x0000, 0x0000, 0x0000, 0x0000, 0x0000, 0x0000, 0x0000, 0x0000, 0x0000, 0x0000,
  0x0000, 0x0000, 0x0000, 0x0000, 0x0000, 0x0000, 0x0000, 0x0000, 0x0000, 0x0000, 0x0000, 0x0000,
  0x0000, 0x0000, 0x0000, 0x0000, 0x0000, 0x0000, 0x0000, 0x0000, 0x0000, 0x0000, 0x0000, 0x0000,
  0x0000, 0x0000, 0x0000, 0x0000, 0x0000, 0x0000, 0x0000, 0x0000, 0x0000, 0x0000, 0x0000, 0x0000,
  0x0000, 0x0000, 0x0000, 0x0000, 0x0000, 0x0000, 0x0000, 0x0000, 0x0000, 0x0000, 0x0000, 0x0000,
  0x0000, 0x0000, 0x0000, 0x0000, 0x0000, 0x0000, 0x0000, 0x0000, 0x0000, 0x0000, 0x0000, 0x0000,
  0x0000, 0x0000, 0x0000, 0x0000, 0x0000, 0x0000, 0x0000, 0x0000, 0x0000, 0x0000, 0x0000, 0x0000,
  0x0000, 0x0000, 0x0000, 0x0000, 0x0000, 0x0000, 0x0000, 0x0000, 0x0000, 0x0000, 0x0000, 0x0000,
  0x0000, 0x0000, 0x0000, 0x0000, 0x0000, 0x0000, 0x0000, 0x0000, 0x0000, 0x0000, 0x0000, 0x0000,
  0x0000, 0x0000, 0x0000, 0x0000, 0x0000, 0x0000, 0x0000, 0x0000, 0x0000, 0x0000, 0x0000, 0x0000,
  0x0000, 0x0000, 0x0000, 0x0000, 0x0000, 0x0000, 0x0000, 0x0000, 0x0000, 0x0000, 0x0000, 0x0000,
  0x0000, 0x0000, 0x0000, 0x0000, 0x0000, 0x0000, 0x0000, 0x0000, 0x0000, 0x0000, 0x0000, 0x0000,
  0x0000, 0x0000, 0x0000, 0x0000, 0x0000, 0x0000, 0x0000, 0x0000, 0x0000, 0x0000, 0x0000, 0x0000,
  0x0000, 0x0000, 0x0000, 0x0000, 0x0000, 0x0000, 0x0000, 0x0000, 0x0000, 0x0000, 0x0000, 0x0000,
  0x0000, 0x0000, 0x0000, 0x0000, 0x0000, 0x0000, 0x0000, 0x0000, 0x0000, 0x0000, 0x0000, 0x0000,
  0x0000, 0x0000, 0x0000, 0x0000, 0x0000, 0x0000, 0x0000, 0x0000, 0x0000, 0x0000, 0x0000, 0x0000,
  0x0000, 0x0000, 0x0000, 0x0000, 0x0000, 0x0000, 0x0000, 0x0000, 0x0000, 0x0000, 0x0000, 0x0000,
  0x0000, 0x0000, 0x0000, 0x0000, 0x0000, 0x0000, 0x0000, 0x0000, 0x0000, 0x0000, 0x0000, 0x0000,
  0x0000, 0x0000, 0x0000, 0x0000, 0x0000, 0x0000, 0x0000, 0x0000, 0x0000, 0x0000, 0x0000, 0x0000,
  0x0000, 0x0000, 0x0000, 0x0000, 0x0000, 0x0000, 0x0000, 0x0000, 0x0000, 0x0000, 0x0000, 0x0000,
  0x0000, 0x0000, 0x0000, 0x0000, 0x0000, 0x0000, 0x0000, 0x0000, 0x0000, 0x0000, 0x0000, 0x0000,
  0x0000, 0x0000, 0x0000, 0x0000, 0x0000, 0x0000, 0x0000, 0x0000, 0x0000, 0x0000, 0x0000, 0x0000,
  0x0000, 0x0000, 0x0000, 0x0000, 0x0000, 0x0000, 0x0000, 0x0000, 0x0000, 0x0000, 0x0000, 0x0000,
  0x0000, 0x0000, 0x0000, 0x0000, 0x0000, 0x0000, 0x0000, 0x0000, 0x0000, 0x0000, 0x0000, 0x0000,
  0x0000, 0x0000, 0x0000, 0x0000, 0x0000, 0x0000, 0x0000, 0x0000, 0x0000, 0x0000, 0x0000, 0x0000,
  0x0000, 0x0000, 0x0000, 0x0000, 0x0000, 0x0000, 0x0000, 0x0000, 0x0000, 0x0000, 0x0000, 0x0000,
  0x0000, 0x0000, 0x0000, 0x0000, 0x0000, 0x0000, 0x0000, 0x0000, 0x0000, 0x0000, 0x0000, 0x0000,
  0x0000, 0x0000, 0x0000, 0x0000, 0x0000, 0x0000, 0x0000, 0x0000, 0x0000, 0x0000, 0x0000, 0x0000,


};
